token_ref	lemma	postag	oga_lemma	glaux_lemma	oga_postag	glaux_postag	notes
1	εἰ	c--------	εἰ	εἰ	c--------	c--------	
2	μέν	g--------	μέν	μέν	d--------	g--------	
3	περί	r--------	περί	περί	r--------	r--------	
4	καινός	a-s---ng-	καινός	καινός	a-s---ng-	a-s---ng-	
5	τις	p-s---ng-	τις	τις	a-s---ng-	p-s---ng-	
6	πρᾶγμα	n-s---ng-	πρᾶγμα	πρᾶγμα	n-s---ng-	n-s---ng-	
7	προτίθημι	v3siim---	προτίθημι	προτίθημι	v3siie---	v3siim---	
8	,	u--------	,	,	u--------	u--------	
9	ὦ	i--------	ὦ	ὦ	i--------	i--------	
10	ἀνήρ	n-p---mv-	ἀνήρ	ἀνήρ	n-p---mv-	n-p---mv-	
11	Ἀθηναῖος	a-p---mv-	ἀθηναῖος	Ἀθηναῖος	a-p---mv-	a-p---mv-	
12	,	u--------	,	,	u--------	u--------	
13	λέγω	v--pna---	λέγω3	λέγω	v--pna---	v--pna---	
14	,	u--------	,	,	u--------	u--------	
15	ἐπέχω	v-sapamn-	ἐπέχω	ἐπέχω	v-sapamn-	v-sapamn-	
16	ἄν	g--------	ἄν	ἄν	d--------	g--------	
17	ἕως	c--------	ἕως	ἕως	c--------	c--------	
18	ὁ	l-p---mn-	ὁ	ὁ	l-p---mn-	l-p---mn-	
19	πολύς	a-p---mns	πολύς	πολύς	a-p---mn-	a-p---mns	
20	ὁ	l-p---mg-	ὁ	ὁ	l-p---mg-	l-p---mg-	
21	εἴωθα	v-prpamg-	ἔθω	εἴωθα	v-prpamg-	v-prpamg-	DISAGREE
22	γνώμη	n-s---fa-	γνώμη	γνώμη	n-s---fa-	n-s---fa-	
23	ἀποφαίνω	v3paim---	ἀποφαίνω	ἀποφαίνω	v3paim---	v3paim---	
24	,	u--------	,	,	u--------	u--------	
25	εἰ	c--------	εἰ	εἰ	c--------	c--------	
26	μέν	g--------	μέν	μέν	d--------	g--------	
27	ἀρέσκω	v3siia---	ἀρέσκω	ἀρέσκω	v3siia---	v3siia---	
28	τίς	p-s---nn-	τίς	τίς	p-s---nn-	p-s---nn-	
29	ἐγώ	p1s---cd-	ἐγώ	ἐγώ	p-s---md-	p1s---cd-	
30	ὁ	l-p---ng-	ὁ	ὁ	l-p---ng-	l-p---ng-	
31	ὑπό	r--------	ὑπό	ὑπό	r--------	r--------	
32	οὗτος	p-p---mg-	οὗτος	οὗτος	p-p---mg-	p-p---mg-	
33	λέγω	v-pappng-	ἐρῶ	λέγω	v-pappng-	v-pappng-	DISAGREE
34	,	u--------	,	,	u--------	u--------	
35	ἡσυχία	n-s---fa-	ἡσυχία	ἡσυχία	n-s---fa-	n-s---fa-	
36	ἄν	g--------	ἄν	ἄν	d--------	g--------	
37	ἄγω	v1siia---	ἄγω	ἄγω	v1siia---	v1siia---	
38	,	u--------	,	,	u--------	u--------	
39	εἰ	c--------	εἰ	εἰ	c--------	c--------	
40	δέ	b--------	δέ	δέ	c--------	b--------	
41	μή	d--------	μή	μή	d--------	d--------	
42	,	u--------	,	,	u--------	u--------	
43	τότε	d--------	τότε	τότε	d--------	d--------	
44	ἄν	g--------	ἄν	ἄν	d--------	g--------	
45	αὐτός	p-s---mn-		αὐτός		p-s---mn-	glaux_only
46	πειράω	v1siim---	πειράω	πειράω	v1siie---	v1siim---	
47	ὅς	p-p---na-	ὅς	ὅς	p-p---na-	p-p---na-	
48	γιγνώσκω	v1spsa---	γιγνώσκω	γιγνώσκω	v1spsa---	v1spsa---	
49	λέγω	v--pna---	λέγω3	λέγω	v--pna---	v--pna---	
50	·	u--------		·		u--------	glaux_only
51	ἐπειδή	c--------	ἐπεί	ἐπειδή	c--------	c--------	DISAGREE
52	δέ	b--------	δέ	δέ	d--------	b--------	
53	ὑπέρ	r--------	ὑπέρ	ὑπέρ	r--------	r--------	
54	ὅς	p-p---ng-	ὅς	ὅς	p-p---ng-	p-p---ng-	
55	πολλάκις	d--------	πολλάκις	πολλάκις	d--------	d--------	
56	λέγω	v3pria---	ἐρῶ	λέγω	v3pria---	v3pria---	DISAGREE
57	οὗτος	p-p---mn-	οὗτος	οὗτος	p-p---mn-	p-p---mn-	
58	πρότερος	d-------c	πρότερος	πρότερος	a-s---na-	d-------c	
59	συμβαίνω	v3spia---	συμβαίνω	συμβαίνω	v3spia---	v3spia---	
60	καί	d--------	καί	καί	d--------	d--------	
61	νυνί	d--------	νυνί	νυνί	d--------	d--------	
62	σκοπέω	v--pna---	σκοπέω	σκοπέω	v--pna---	v--pna---	
63	,	u--------	,	,	u--------	u--------	
64	ἡγέομαι	v1spim---	ἡγέομαι	ἡγέομαι	v1spim---	v1spim---	
65	καί	d--------	καί	καί	d--------	d--------	
66	πρότερος	a-s---mnc	πρῶτος	πρότερος	a-s---mn-	a-s---mnc	DISAGREE
67	ἀνίστημι	v-sapamn-	ἀνίστημι	ἀνίστημι	v-sapamn-	v-sapamn-	
68	ἔοικα	d--------	εἰκότως	ἔοικα	d--------	d--------	DISAGREE
69	ἄν	g--------	ἄν	ἄν	d--------	g--------	
70	συγγνώμη	n-s---fg-	συγγνώμη	συγγνώμη	n-s---fg-	n-s---fg-	
71	τυγχάνω	v--pna---	τυγχάνω	τυγχάνω	v--pna---	v--pna---	
72	.	u--------	.	.	u--------	u--------	
73	εἰ	c--------	εἰ	εἰ	c--------	c--------	
74	γάρ	g--------	γάρ	γάρ	d--------	g--------	
75	ἐκ	r--------	ἐκ	ἐκ	r--------	r--------	
76	ὁ	l-s---mg-	ὁ	ὁ	l-s---mg-	l-s---mg-	
77	παρέρχομαι	v-srpamg-	παρέρχομαι	παρέρχομαι	v-srpamg-	v-srpamg-	
78	χρόνος	n-s---mg-	χρόνος	χρόνος	n-s---mg-	n-s---mg-	
79	ὁ	l-p---na-	ὁ	ὁ	l-p---na-	l-p---na-	
80	δέον	n-p---na-	δέω	δέον	n-p---na-	n-p---na-	DISAGREE
81	οὗτος	p-p---mn-	οὗτος	οὗτος	p-p---mn-	p-p---mn-	
82	συμβουλεύω	v3paia---	συμβουλεύω	συμβουλεύω	v3paia---	v3paia---	
83	,	u--------	,	,	u--------	u--------	
84	οὐδείς	p-s---na-	οὐδείς	οὐδείς	a-s---na-	p-s---na-	
85	ἄν	g--------	ἄν	ἄν	d--------	g--------	
86	σύ	p2p---ca-	σύ	σύ	p-p---ma-	p2p---ca-	
87	νῦν	d--------	νῦν	νῦν	d--------	d--------	
88	δέω	v3siia---	δεῖ	δέω	v3siia---	v3siia---	DISAGREE
89	βουλεύω	v--pnm---	βουλεύω	βουλεύω	v--pne---	v--pnm---	
90	.	u--------	.	.	u--------	u--------	
91	πρότερος	a-s---nac	πρῶτος	πρότερος	a-s---na-	a-s---nac	DISAGREE
92	μέν	g--------	μέν	μέν	d--------	g--------	
93	οὖν	g--------	οὖν	οὖν	d--------	g--------	
94	οὐ	d--------	οὐ	οὐ	d--------	d--------	
95	ἀθυμέω	a-s---nn-	ἀθυμητέον	ἀθυμέω	a-s---nn-	a-s---nn-	DISAGREE
96	,	u--------	,	,	u--------	u--------	
97	ὦ	i--------	ὦ	ὦ	i--------	i--------	
98	ἀνήρ	n-p---mv-	ἀνήρ	ἀνήρ	n-p---mv-	n-p---mv-	
99	Ἀθηναῖος	a-p---mv-	ἀθηναῖος	Ἀθηναῖος	a-p---mv-	a-p---mv-	
100	,	u--------	,	,	u--------	u--------	
101	ὁ	l-p---nd-	ὁ	ὁ	l-p---nd-	l-p---nd-	
102	πάρειμι	v-pppand-	πάρειμι1	πάρειμι	v-pppand-	v-pppand-	
103	πρᾶγμα	n-p---nd-	πρᾶγμα	πρᾶγμα	n-p---nd-	n-p---nd-	
104	,	u--------	,	,	u--------	u--------	
105							unmatched
106	εἰ	c--------	εἰ	εἰ	c--------	c--------	
107	πάνυ	d--------	πάνυ	πάνυ	d--------	d--------	
108	φαῦλος	d--------	φαῦλος	φαῦλος	d--------	d--------	
109	ἔχω	v--pna---	ἔχω	ἔχω	v--pna---	v--pna---	
110	δοκέω	v3spia---	δοκέω	δοκέω	v3spia---	v3spia---	
111	.	u--------	.	.	u--------	u--------	
112	ὅς	p-s---nn-	ὅς	ὅς	p-s---nn-	p-s---nn-	
113	γάρ	g--------	γάρ	γάρ	d--------	g--------	
114	εἰμί	v3spia---	εἰμί	εἰμί	v3spia---	v3spia---	
115	κακός	a-s---nns	χείρων	κακός	a-s---nns	a-s---nns	DISAGREE
116	αὐτός	p-p---ng-	αὐτός	αὐτός	p-p---ng-	p-p---ng-	
117	ἐκ	r--------	ἐκ	ἐκ	r--------	r--------	
118	ὁ	l-s---mg-	ὁ	ὁ	l-s---mg-	l-s---mg-	
119	παρέρχομαι	v-srpamg-	παρέρχομαι	παρέρχομαι	v-srpamg-	v-srpamg-	
120	χρόνος	n-s---mg-	χρόνος	χρόνος	n-s---mg-	n-s---mg-	
121	,	u--------	,	,	u--------	u--------	
122	οὗτος	p-s---nn-	οὗτος	οὗτος	p-s---nn-	p-s---nn-	
123	πρός	r--------	πρός	πρός	r--------	r--------	
124	ὁ	l-p---na-	ὁ	ὁ	l-p---na-	l-p---na-	
125	μέλλω	v-pppana-	μέλλω	μέλλω	v-pppana-	v-pppana-	
126	ἀγαθός	a-s---nns	βέλτιστος	ἀγαθός	a-s---nns	a-s---nns	DISAGREE
127	ὑπάρχω	v3spia---	ὑπάρχω	ὑπάρχω	v3spia---	v3spia---	
128	.	u--------	.	.	u--------	u--------	
129	τίς	p-s---nn-	τίς	τίς	p-s---nn-	p-s---nn-	
130	οὖν	g--------	οὖν	οὖν	d--------	g--------	
131	εἰμί	v3spia---	εἰμί	εἰμί	v3spia---	v3spia---	
132	οὗτος	p-s---nn-	οὗτος	οὗτος	p-s---nn-	p-s---nn-	
133	;	u--------	;	;	u--------	u--------	
134	ὅτι	c--------	ὅτι	ὅτι	c--------	c--------	
135	οὐδείς	p-s---na-	οὐδείς	οὐδείς	p-s---na-	p-s---na-	
136	,	u--------	,	,	u--------	u--------	
137	ὦ	i--------	ὦ	ὦ	i--------	i--------	
138	ἀνήρ	n-p---mv-	ἀνήρ	ἀνήρ	n-p---mv-	n-p---mv-	
139	Ἀθηναῖος	a-p---mv-	ἀθηναῖος	Ἀθηναῖος	a-p---mv-	a-p---mv-	
140	,	u--------	,	,	u--------	u--------	
141	ὁ	l-p---ng-	ὁ	ὁ	l-p---ng-	l-p---ng-	
142	δέω	v-pppang-	δέω	δέω	v-pppang-	v-pppang-	
143	ποιέω	v-pppamg-	ποιέω	ποιέω	v-pppamg-	v-pppamg-	
144	σύ	p2p---cg-	σύ	σύ	p-p---mg-	p2p---cg-	
145	κακός	d--------	κακός	κακός	d--------	d--------	
146	ὁ	l-p---nn-	ὁ	ὁ	l-p---nn-	l-p---nn-	
147	πρᾶγμα	n-p---nn-	πρᾶγμα	πρᾶγμα	n-p---nn-	n-p---nn-	
148	ἔχω	v3spia---	ἔχω	ἔχω	v3spia---	v3spia---	
149	·	u--------		·		u--------	glaux_only
150	ἐπεί	c--------	ἐπεί	ἐπεί	c--------	c--------	
151	τοι	g--------	σύ	τοι	d--------	g--------	DISAGREE
152	,	u--------	,	,	u--------	u--------	
153	εἰ	c--------	εἰ	εἰ	c--------	c--------	
154	πᾶς	a-p---na-	πᾶς	πᾶς	a-p---na-	a-p---na-	
155	ὅς	p-p---nn-	ὅς	ὅς	p-p---nn-	p-p---nn-	
156	προσίημι	v3saia---	προσήκω	προσίημι	v3saia---	v3saia---	DISAGREE
157	πράσσω	v-pppamg-	πράσσω	πράσσω	v-pppamg-	v-pppamg-	
158	οὕτως	d--------	οὕτως	οὕτως	d--------	d--------	
159	ἔχω	v3siia---	ἔχω	ἔχω	v3siia---	v3siia---	
160	,	u--------	,	,	u--------	u--------	
161							unmatched
162	ἄν	g--------	ἄν	ἄν	d--------	g--------	
163	ἐλπίς	n-s---fn-	ἐλπίς	ἐλπίς	n-s---fn-	n-s---fn-	
164	εἰμί	v3siia---	εἰμί	εἰμί	v3siia---	v3siia---	
165	αὐτός	p-p---na-	αὐτός	αὐτός	p-p---na-	p-p---na-	
166	ἀγαθός	a-p---nac	βελτίων	ἀγαθός	a-p---nac	a-p---nac	DISAGREE
167	γίγνομαι	v--anm---	γίγνομαι	γίγνομαι	v--anm---	v--anm---	
168	.	u--------		.		u--------	glaux_only
169	ἔπειτα	d--------	ἔπειτα	ἔπειτα	d--------	d--------	
170	ἐνθυμέομαι	a-s---nn-	ἐνθυμητέον	ἐνθυμέομαι	a-s---nn-	a-s---nn-	DISAGREE
171	καί	b--------	καί	καί	d--------	b--------	
172	παρά	r--------	παρά	παρά	r--------	r--------	
173	ἄλλος	p-p---mg-	ἄλλος	ἄλλος	p-p---mg-	p-p---mg-	
174	ἀκούω	v-pppamd-	ἀκούω	ἀκούω	v-pppamd-	v-pppamd-	
175	καί	b--------	καί	καί	c--------	b--------	
176	ὁ	l-p---md-	ὁ	ὁ	l-p---md-	l-p---md-	
177	οἶδα	v-prpamd-	οἶδα	οἶδα	v-prpamd-	v-prpamd-	
178	αὐτός	p-p---md-	αὐτός	αὐτός	a-p---md-	p-p---md-	
179	ἀναμιμνῄσκω	v-pppmmd-	ἀναμιμνῄσκω	ἀναμιμνῄσκω	v-pppemd-	v-pppmmd-	
180	,	u--------	,	,	u--------	u--------	
181	ἡλίκος	p-s---fa-	ἡλίκος	ἡλίκος	a-s---fa-	p-s---fa-	
182	ποτέ	d--------	ποτέ	ποτέ	d--------	d--------	
183	ἔχω	v-pppamg-	ἔχω	ἔχω	v-pppamg-	v-pppamg-	
184	δύναμις	n-s---fa-	δύναμις	δύναμις	n-s---fa-	n-s---fa-	
185	Λακεδαιμόνιος	a-p---mg-	λακεδαιμόνιος	Λακεδαιμόνιος	n-p---mg-	a-p---mg-	
186	,	u--------	,	,	u--------	u--------	
187	ἐκ	r--------	ἐκ	ἐκ	r--------	r--------	
188	ὅς	p-s---ng-	ὅς	ὅς	p-s---ng-	p-s---ng-	
189	χρόνος	n-s---mn-	χρόνος	χρόνος	n-s---mn-	n-s---mn-	
190	οὐ	d--------	οὐ	οὐ	d--------	d--------	
191	πολύς	a-s---mn-	πολύς	πολύς	a-s---mn-	a-s---mn-	
192	,	u--------	,	,	u--------	u--------	
193	ὡς	c--------	ὡς	ὡς	c--------	c--------	
194	καλός	d--------	καλός	καλός	d--------	d--------	
195	καί	b--------	καί	καί	c--------	b--------	
196	προσηκόντως	d--------	προσηκόντως	προσηκόντως	d--------	d--------	
197	οὐδείς	p-s---na-	οὐδείς	οὐδείς	p-s---na-	p-s---na-	
198	ἀνάξιος	a-s---na-	ἀνάξιος	ἀνάξιος	a-s---na-	a-s---na-	
199	σύ	p2p---cn-	σύ	σύ	p-p---mn-	p2p---cn-	
200	πράσσω	v2paia---	πράσσω	πράσσω	v2paia---	v2paia---	
201	ὁ	l-s---fg-	ὁ	ὁ	l-s---fg-	l-s---fg-	
202	πόλις	n-s---fg-	πόλις	πόλις	n-s---fg-	n-s---fg-	
203	,	u--------	,	,	u--------	u--------	
204	ἀλλά	b--------	ἀλλά	ἀλλά	c--------	b--------	
205	ὑπομένω	v2paia---	ὑπεμένω	ὑπομένω	v2paia---	v2paia---	DISAGREE
206	ὑπέρ	r--------	ὑπέρ	ὑπέρ	r--------	r--------	
207	ὁ	l-p---ng-	ὁ	ὁ	l-p---ng-	l-p---ng-	
208	δίκαιος	a-p---ng-	δίκαιος	δίκαιος	a-p---ng-	a-p---ng-	
209	ὁ	l-s---ma-	ὁ	ὁ	l-s---ma-	l-s---ma-	
210	πρός	r--------	πρός	πρός	r--------	r--------	
211	ἐκεῖνος	p-p---ma-	ἐκεῖνος	ἐκεῖνος	p-p---ma-	p-p---ma-	
212	πόλεμος	n-s---ma-	πόλεμος	πόλεμος	n-s---ma-	n-s---ma-	
213	.	u--------		.		u--------	glaux_only
214	τίς	p-s---cg-	τις	τίς	p-s----g-	p-s---cg-	
215	οὖν	g--------	οὖν	οὖν	d--------	g--------	
216	ἕνεκα	r--------	ἕνεκα	ἕνεκα	r--------	r--------	
217	οὗτος	p-p---na-	οὗτος	οὗτος	p-p---na-	p-p---na-	
218	λέγω	v1spia---	λέγω3	λέγω	v1spia---	v1spia---	
219	;	u--------	;	;	u--------	u--------	
220	ἵνα	c--------	ἵνα	ἵνα	c--------	c--------	
221	ὁράω	v2pasa---	εἶδον	ὁράω	v2pasa---	v2pasa---	DISAGREE
222	,	u--------	,	,	u--------	u--------	
223	ὦ	i--------	ὦ	ὦ	i--------	i--------	
224	ἀνήρ	n-p---mv-	ἀνήρ	ἀνήρ	n-p---mv-	n-p---mv-	
225	Ἀθηναῖος	a-p---mv-	ἀθηναῖος	Ἀθηναῖος	a-p---mv-	a-p---mv-	
226	,	u--------	,	,	u--------	u--------	
227	καί	b--------	καί	καί	c--------	b--------	
228	θεάομαι	v2pasm---	θεάομαι	θεάομαι	v2pasm---	v2pasm---	
229	,	u--------	,	,	u--------	u--------	
230	ὅτι	c--------	ὅτι	ὅτι	c--------	c--------	
231	οὐδείς	p-s---nn-	οὐδείς	οὐδείς	p-s---nn-	p-s---nn-	
232	οὐ	d--------	οὐ	οὐ	d--------	d--------	
233	τε	d--------	τε		d--------		oga_only
234	φυλάσσω	v-pppemd-	φυλάσσω		v-pppemd-		oga_only
235	σύ	p-p---md-	σύ		p-p---md-		oga_only
236	εἰμί	v3spia---	εἰμί		v3spia---		oga_only
237	φοβερός	a-s---nn-	φοβερός		a-s---nn-		oga_only
238	,	u--------	,		u--------		oga_only
239							unmatched
240							unmatched
241	ἐάν	c--------	ἄν	ἐάν	c--------	c--------	DISAGREE
242	ὀλιγωρέω	v2ppsa---	ὀλιγωρέω	ὀλιγωρέω	v2ppsa---	v2ppsa---	
243	,	u--------	,	,	u--------	u--------	
244	τοιοῦτος	p-s---nn-	τοιοῦτος	τοιοῦτος	p-s---nn-	p-s---nn-	
245	οἷος	p-s---nn-	οἷος	οἷος	a-s---nn-	p-s---nn-	
246	ἐάν	c--------	ἄν	ἐάν	c--------	c--------	DISAGREE
247	σύ	p2p---cn-	σύ	σύ	p-p----n-	p2p---cn-	
248	βούλομαι	v2ppom---	βούλομαι	βούλομαι	v2ppoe---	v2ppom---	
249	,	u--------	,	,	u--------	u--------	
250	παράδειγμα	n-p---nd-	παράδειγμα	παράδειγμα	n-p---nd-	n-p---nd-	
251	χράω	v-pppmmn-	χράομαι	χράω	v-pppemn-	v-pppmmn-	DISAGREE
252	ὁ	l-s---fd-	ὁ	ὁ	l-s---fd-	l-s---fd-	
253	τότε	d--------	τότε	τότε	d--------	d--------	
254	ῥώμη	n-s---fd-	ῥώμη	ῥώμη	n-s---fd-	n-s---fd-	
255	ὁ	l-p---mg-	ὁ	ὁ	l-p---mg-	l-p---mg-	
256	Λακεδαιμόνιος	a-p---mg-	λακεδαιμόνιος	Λακεδαιμόνιος	n-p---mg-	a-p---mg-	
257	,	u--------	,	,	u--------	u--------	
258	ὅς	p-s---fg-	ὅς	ὅς	p-s---fg-	p-s---fg-	
259	κρατέω	v2piia---	κρατέω	κρατέω	v2piia---	v2piia---	
260	ἐκ	r--------	ἐκ	ἐκ	r--------	r--------	
261	ὁ	l-s---ng-	ὁ	ὁ	l-s---ng-	l-s---ng-	
262	προσέχω	v--pna---	προσέχω	προσέχω	v--pna---	v--pna---	
263	ὁ	l-p---nd-	ὁ	ὁ	l-p---nd-	l-p---nd-	
264	πρᾶγμα	n-p---nd-	πρᾶγμα	πρᾶγμα	n-p---nd-	n-p---nd-	
265	ὁ	l-s---ma-	ὁ	ὁ	l-s---ma-	l-s---ma-	
266	νόος	n-s---ma-	νόος	νόος	n-s---ma-	n-s---ma-	
267	,	u--------	,	,	u--------	u--------	
268	καί	b--------	καί	καί	c--------	b--------	
269	ὁ	l-s---fd-	ὁ	ὁ	l-s---fd-	l-s---fd-	
270	νῦν	d--------	νῦν	νῦν	d--------	d--------	
271	ὕβρις	n-s---fd-	ὕβρις	ὕβρις	n-s---fd-	n-s---fd-	
272	οὗτος	p-s---mg-	οὗτος	οὗτος	p-s---mg-	p-s---mg-	
273	,	u--------	,	,	u--------	u--------	
274	διά	r--------	διά	διά	r--------	r--------	
275	ὅς	p-s---fa-	ὅς	ὅς	p-s---fa-	p-s---fa-	
276	ταράσσω	v1ppim---	ταράσσω	ταράσσω	v1ppie---	v1ppim---	
277	ἐκ	r--------	ἐκ	ἐκ	r--------	r--------	
278	ὁ	l-s---ng-	ὁ	ὁ	l-s---ng-	l-s---ng-	
279	μηδείς	p-s---na-	μηδείς	μηδείς	p-s---na-	p-s---na-	
280	φροντίζω	v--pna---	φροντίζω	φροντίζω	v--pna---	v--pna---	
281	ὅς	p-p---ng-	ὅς	ὅς	p-p---ng-	p-p---ng-	
282	χρή	v3siia---	χρή	χρή	v3siia---	v3siia---	
283	.	u--------		.		u--------	glaux_only
284	εἰ	c--------	εἰ	εἰ	c--------	c--------	
285	δέ	b--------	δέ	δέ	d--------	b--------	
286	τις	p-s---cn-	τις	τις	p-s---mn-	p-s---cn-	
287	σύ	p2p---cg-	σύ	σύ	p-p---mg-	p2p---cg-	
288	,	u--------	,	,	u--------	u--------	
289	ὦ	i--------	ὦ	ὦ	i--------	i--------	
290	ἀνήρ	n-p---mv-	ἀνήρ	ἀνήρ	n-p---mv-	n-p---mv-	
291	Ἀθηναῖος	a-p---mv-	ἀθηναῖος	Ἀθηναῖος	a-p---mv-	a-p---mv-	
292	,	u--------	,	,	u--------	u--------	
293	δυσπολέμητος	a-s---ma-	δυσπολέμητος	δυσπολέμητος	a-s---ma-	a-s---ma-	
294	οἴομαι	v3spim---	οἴομαι	οἴομαι	v3spie---	v3spim---	
295	ὁ	l-s---ma-	ὁ	ὁ	l-s---ma-	l-s---ma-	
296	Φίλιππος	n-s---ma-	φίλιππος	Φίλιππος	n-s---ma-	n-s---ma-	
297	εἰμί	v--pna---	εἰμί	εἰμί	v--pna---	v--pna---	
298	,	u--------	,	,	u--------	u--------	
299	σκοπέω	v-sppamn-	σκοπέω	σκοπέω	v-sppamn-	v-sppamn-	
300	ὁ	l-s---na-	ὁ	ὁ	l-s---na-	l-s---na-	
301	τε	b--------	τε	τε	d--------	b--------	
302	πλῆθος	n-s---na-	πλῆθος	πλῆθος	n-s---na-	n-s---na-	
303	ὁ	l-s---fg-	ὁ	ὁ	l-s---fg-	l-s---fg-	
304	ὑπάρχω	v-sppafg-	ὑπάρχω	ὑπάρχω	v-sppafg-	v-sppafg-	
305	αὐτός	p-s---md-	αὐτός	αὐτός	p-s---md-	p-s---md-	
306	δύναμις	n-s---fg-	δύναμις	δύναμις	n-s---fg-	n-s---fg-	
307	καί	b--------	καί	καί	c--------	b--------	
308	ὁ	l-s---na-	ὁ	ὁ	l-s---na-	l-s---na-	
309	ὁ	l-p---na-	ὁ	ὁ	l-p---na-	l-p---na-	
310	χωρίον	n-p---na-	χωρίον	χωρίον	n-p---na-	n-p---na-	
311	πᾶς	a-p---na-	πᾶς	πᾶς	a-p---na-	a-p---na-	
312	ἀπόλλυμι	v--rna---	ἀπόλλυμι	ἀπόλλυμι	v--rna---	v--rna---	
313	ὁ	l-s---fd-	ὁ	ὁ	l-s---fd-	l-s---fd-	
314	πόλις	n-s---fd-	πόλις	πόλις	n-s---fd-	n-s---fd-	
315	,	u--------	,	,	u--------	u--------	
316	ὀρθός	d--------	ὀρθός	ὀρθός	d--------	d--------	
317	μέν	g--------	μέν	μέν	d--------	g--------	
318	οἴομαι	v3spim---	οἴομαι	οἴομαι	v3spie---	v3spim---	
319	,	u--------	,	,	u--------	u--------	
320	λογίζομαι	v3samm---	λογίζομαι	λογίζομαι	v3same---	v3samm---	
321	μέντοι	g--------	μέντοι	μέντοι	d--------	g--------	
322	οὗτος	p-s---na-	οὗτος	οὗτος	p-s---na-	p-s---na-	
323	,	u--------	,	,	u--------	u--------	
324	ὅτι	c--------	ὅτι	ὅτι	c--------	c--------	
325	ἔχω	v1piia---	ἔχω	ἔχω	v1piia---	v1piia---	
326	ποτέ	d--------	ποτέ	ποτέ	d--------	d--------	
327	ἐγώ	p1p---cn-	ἐγώ	ἐγώ	p-p---mn-	p1p---cn-	
328	,	u--------	,	,	u--------	u--------	
329	ὦ	i--------	ὦ	ὦ	i--------	i--------	
330	ἀνήρ	n-p---mv-	ἀνήρ	ἀνήρ	n-p---mv-	n-p---mv-	
331	Ἀθηναῖος	a-p---mv-	ἀθηναῖος	Ἀθηναῖος	a-p---mv-	a-p---mv-	
332	,	u--------	,	,	u--------	u--------	
333	Πύδνα	n-s---fa-	πύδνα	Πύδνα	n-s---fa-	n-s---fa-	
334	καί	b--------	καί	καί	d--------	b--------	
335	Ποτείδαια	n-s---fa-	ποτείδαια	Ποτείδαια	n-s---fa-	n-s---fa-	
336	καί	b--------	καί	καί	d--------	b--------	
337	Μεθώνη	n-s---fa-	μεθώνη	Μεθώνη	n-s---fa-	n-s---fa-	
338	καί	b--------	καί	καί	c--------	b--------	
339	πᾶς	a-s---ma-	πᾶς	πᾶς	a-s---ma-	a-s---ma-	
340	ὁ	l-s---ma-	ὁ	ὁ	l-s---ma-	l-s---ma-	
341	τόπος	n-s---ma-	τόπος	τόπος	n-s---ma-	n-s---ma-	
342	οὗτος	p-s---ma-	οὗτος	οὗτος	a-s---ma-	p-s---ma-	
343	οἰκεῖος	a-s---ma-	οἰκεῖος	οἰκεῖος	a-s---ma-	a-s---ma-	
344	κύκλος	n-s---md-	κύκλος	κύκλος	n-s---md-	n-s---md-	
345	,	u--------	,	,	u--------	u--------	
346	καί	b--------	καί	καί	d--------	b--------	
347	πολύς	a-p---nn-	πολύς	πολύς	a-p---nn-	a-p---nn-	
348	ὁ	l-p---ng-	ὁ	ὁ	l-p---ng-	l-p---ng-	
349	μετά	r--------	μετά	μετά	r--------	r--------	
350	ἐκεῖνος	p-s---mg-	ἐκεῖνος	ἐκεῖνος	p-s---mg-	p-s---mg-	
351	νῦν	d--------	νῦν	νῦν	d--------	d--------	
352	εἰμί	v-pppang-	εἰμί	εἰμί	v-pppang-	v-pppang-	
353	ἔθνος	n-p---ng-	ἔθνος	ἔθνος	n-p---ng-	n-p---ng-	
354	αὐτονομέομαι	v-pppmnn-	αὐτονομέομαι	αὐτονομέομαι	v-pppmnn-	v-pppmnn-	
355	καί	d--------	καί		d--------		oga_only
356	ἐλεύθερος	a-p---nn-	ἐλεύθερος		a-p---nn-		oga_only
357	ὑπάρχω	v3siia---	ὑπάρχω		v3siia---		oga_only
358	,	u--------	,		u--------		oga_only
359	καί	c--------	καί		c--------		oga_only
360	μᾶλλον	d--------	μᾶλλον		d--------		oga_only
361	ἐγώ	p-p---md-	ἐγώ		p-p---md-		oga_only
362	βούλομαι	v3siia---	βούλομαι		v3siia---		oga_only
363	ἔχω	v--pna---	ἔχω		v--pna---		oga_only
364	οἰκεῖος	d--------	οἰκεῖος		d--------		oga_only
365	ἤ1	c--------	ἤ1		c--------		oga_only
366	ἐκεῖνος	p-s---md-	ἐκεῖνος		p-s---md-		oga_only
367							unmatched
368	εἰ	c--------	εἰ	εἰ	c--------	c--------	
369	τοίνυν	g--------	τοίνυν	τοίνυν	d--------	g--------	
370	ὁ	l-s---mn-	ὁ	ὁ	l-s---mn-	l-s---mn-	
371	Φίλιππος	n-s---mn-	φίλιππος	Φίλιππος	n-s---mn-	n-s---mn-	
372	τότε	d--------	τότε	τότε	d--------	d--------	
373	οὗτος	p-s---fa-	οὗτος	οὗτος	a-s---fa-	p-s---fa-	
374	ἔχω	v3saia---	ἔχω	ἔχω	v3saia---	v3saia---	
375	ὁ	l-s---fa-	ὁ	ὁ	l-s---fa-	l-s---fa-	
376	γνώμη	n-s---fa-	γνώμη	γνώμη	n-s---fa-	n-s---fa-	
377	,	u--------	,	,	u--------	u--------	
378	ὡς	c--------	ὡς	ὡς	c--------	c--------	
379	χαλεπός	a-s---nn-	χαλεπός	χαλεπός	a-s---nn-	a-s---nn-	
380	πολεμέω	v--pna---	πολεμέω	πολεμέω	v--pna---	v--pna---	
381	εἰμί	v3spia---	εἰμί	εἰμί	v3spia---	v3spia---	
382	Ἀθηναῖος	a-p---md-	ἀθήναιος	Ἀθηναῖος	n-p---md-	a-p---md-	
383	ἔχω	v-pppamd-	ἔχω	ἔχω	v-pppamd-	v-pppamd-	
384	τοσοῦτος	p-p---na-	τοσοῦτος	τοσοῦτος	a-p---na-	p-p---na-	
385	ἐπιτείχισμα	n-p---na-	ἐπιτείχισμα	ἐπιτείχισμα	n-p---na-	n-p---na-	
386	ὁ	l-s---fg-	ὁ	ὁ	l-s---fg-	l-s---fg-	
387	ἑαυτοῦ	p-s---mg-	ἑαυτοῦ	ἑαυτοῦ	p-s---mg-	p-s---mg-	
388	χώρα	n-s---fg-	χώρα	χώρα	n-s---fg-	n-s---fg-	
389	ἐρῆμος	a-s---ma-	ἐρῆμος	ἐρῆμος	a-s---ma-	a-s---ma-	
390	εἰμί	v-sppama-	εἰμί	εἰμί	v-sppama-	v-sppama-	
391	σύμμαχος	a-p---mg-	σύμμαχος	σύμμαχος	n-p---mg-	a-p---mg-	
392	,	u--------	,	,	u--------	u--------	
393	οὐδείς	p-s---na-	οὐδείς	οὐδείς	p-s---na-	p-s---na-	
394	ἄν	g--------	ἄν	ἄν	d--------	g--------	
395	ὅς	p-p---ng-	ὅς	ὅς	p-p---ng-	p-p---ng-	
396	νυνί	d--------	νυνί	νυνί	d--------	d--------	
397	ποιέω	v3sria---	ποιέω	ποιέω	v3sria---	v3sria---	
398	πράσσω	v3saia---	πράσσω	πράσσω	v3saia---	v3saia---	
399	οὐ	d--------	οὐ	οὐ	d--------	d--------	
400	δέ	c--------	δέ		c--------		oga_only
401	τοσοῦτος	a-s---fa-	τοσοῦτος		a-s---fa-		oga_only
402	κτάομαι	v3saim---	κτάομαι		v3saim---		oga_only
403	ἄν	d--------	ἄν		d--------		oga_only
404	δύναμις	n-s---fa-	δύναμις		n-s---fa-		oga_only
405	.	u--------	.		u--------		oga_only
406	ἀλλά	d--------	ἀλλά		d--------		oga_only
407	ὁράω	v3saia---	ὁράω		v3saia---		oga_only
408	,	u--------	,		u--------		oga_only
409	ὦ	i--------	ὦ		i--------		oga_only
410	ἀνήρ	n-p---mv-	ἀνήρ		n-p---mv-		oga_only
411	ἀθηναῖος	a-p---mv-	ἀθηναῖος		a-p---mv-		oga_only
412	,	u--------	,		u--------		oga_only
413	οὗτος	p-s---na-	οὗτος		p-s---na-		oga_only
414	καλός	d--------	καλός		d--------		oga_only
415	ἐκεῖνος	p-s---mn-	ἐκεῖνος		p-s---mn-		oga_only
416	,	u--------	,		u--------		oga_only
417	ὅτι	c--------	ὅτι		c--------		oga_only
418	οὗτος	a-p---nn-	οὗτος		a-p---nn-		oga_only
419	μέν	d--------	μέν		d--------		oga_only
420	εἰμί	v3spia---	εἰμί		v3spia---		oga_only
421	ἅπας	a-p---nn-	ἅπας		a-p---nn-		oga_only
422	ὁ	l-p---nn-	ὁ		l-p---nn-		oga_only
423	χωρίον	n-p---nn-	χωρίον		n-p---nn-		oga_only
424	ἆθλον	n-p---nn-	ἆθλον		n-p---nn-		oga_only
425	ὁ	l-s---mg-	ὁ		l-s---mg-		oga_only
426	πόλεμος	n-s---mg-	πόλεμος		n-s---mg-		oga_only
427	κεῖμαι	v-pppmnn-	κεῖμαι		v-pppmnn-		oga_only
428	ἐν	r--------	ἐν		r--------		oga_only
429	μέσος	a-s---nd-	μέσος		a-s---nd-		oga_only
430	,	u--------	,		u--------		oga_only
431	φύσις	n-s---fd-	φύσις		n-s---fd-		oga_only
432	δέ	c--------	δέ		c--------		oga_only
433	ὑπάρχω	v3spia---	ὑπάρχω		v3spia---		oga_only
434	ὁ	l-p---md-	ὁ		l-p---md-		oga_only
435	πάρειμι1	v-pppamd-	πάρειμι1		v-pppamd-		oga_only
436	ὁ	l-p---nn-	ὁ		l-p---nn-		oga_only
437	ὁ	l-p---mg-	ὁ		l-p---mg-		oga_only
438	ἄπειμι1	v-pppamg-	ἄπειμι1		v-pppamg-		oga_only
439	,	u--------	,		u--------		oga_only
440	καί	b--------	καί	καί	c--------	b--------	
441	ὁ	l-p---md-	ὁ		l-p---md-		oga_only
442	ἐθέλω	v-pppamd-	ἐθέλω		v-pppamd-		oga_only
443	πονέω	v--pna---	πονέω		v--pna---		oga_only
444	καί	c--------	καί		c--------		oga_only
445	κινδυνεύω	v--pna---	κινδυνεύω		v--pna---		oga_only
446	ὁ	l-p---nn-	ὁ		l-p---nn-		oga_only
447	ὁ	l-p---mg-	ὁ		l-p---mg-		oga_only
448	ἀμελέω	v-pppamg-	ἀμελέω		v-pppamg-		oga_only
449							unmatched
450	καί	b--------	καί	καί	d--------	b--------	
451	γάρ	g--------	γάρ	γάρ	d--------	g--------	
452	τοι	g--------	σύ	τοι	d--------	g--------	DISAGREE
453	οὗτος	p-s---fd-	οὗτος	οὗτος	a-s---fd-	p-s---fd-	
454	χράω	v-sapmmn-	χράω2	χράω	v-sapmmn-	v-sapmmn-	
455	ὁ	l-s---fd-	ὁ	ὁ	l-s---fd-	l-s---fd-	
456	γνώμη	n-s---fd-	γνώμη	γνώμη	n-s---fd-	n-s---fd-	
457	πᾶς	a-p---na-	πᾶς	πᾶς	a-p---na-	a-p---na-	
458	καταστρέφω	v3srim---	καταστρέφω	καταστρέφω	v3srie---	v3srim---	
459	καί	b--------	καί	καί	c--------	b--------	
460	ἔχω	v3spia---	ἔχω	ἔχω	v3spia---	v3spia---	
461	,	u--------	,	,	u--------	u--------	
462	ὁ	l-p---na-	ὁ	ὁ	l-p---na-	l-p---na-	
463	μέν	g--------	μέν	μέν	d--------	g--------	
464	ὡς	d--------	ὡς	ὡς	d--------	d--------	
465	ἄν	g--------	ἄν	ἄν	d--------	g--------	
466	αἱρέω	v-sapamn-	αἱρέω	αἱρέω	v-sapamn-	v-sapamn-	
467	τις	p-s---cn-	τις	τις	p-s---mn-	p-s---cn-	
468	ἔχω	v3spoa---	ἔχω	ἔχω	v3spoa---	v3spoa---	
469	πόλεμος	n-s---md-	πόλεμος	πόλεμος	n-s---md-	n-s---md-	
470	,	u--------	,	,	u--------	u--------	
471	ὁ	l-p---na-	ὁ	ὁ	l-p---na-	l-p---na-	
472	δέ	b--------	δέ	δέ	c--------	b--------	
473	σύμμαχος	a-p---na-	σύμμαχος	σύμμαχος	a-p---na-	a-p---na-	
474	καί	b--------	καί	καί	c--------	b--------	
475	φίλος	a-p---na-	φίλος	φίλος	a-p---na-	a-p---na-	
476	ποιέω	v-sapmmn-	ποιέω	ποιέω	v-sapmmn-	v-sapmmn-	
477	·	u--------	·	·	u--------	u--------	
478	καί	b--------	καί	καί	d--------	b--------	
479	γάρ	g--------	γάρ	γάρ	d--------	g--------	
480	συμμαχέω	v--pna---	συμμαχέω	συμμαχέω	v--pna---	v--pna---	
481	καί	b--------	καί	καί	c--------	b--------	
482	προσέχω	v--pna---	προσέχω	προσέχω	v--pna---	v--pna---	
483	ὁ	l-s---ma-	ὁ	ὁ	l-s---ma-	l-s---ma-	
484	νόος	n-s---ma-	νόος	νόος	n-s---ma-	n-s---ma-	
485	οὗτος	p-p---md-	οὗτος	οὗτος	p-p---md-	p-p---md-	
486	ἐθέλω	v3ppia---	ἐθέλω	ἐθέλω	v3ppia---	v3ppia---	
487	ἅπας	a-p---mn-	ἅπας	ἅπας	a-p---mn-	a-p---mn-	
488	,	u--------	,	,	u--------	u--------	
489	ὅς	p-p---ma-	ὅς	ὅς	p-p---ma-	p-p---ma-	
490	ἄν	g--------	ἄν	ἄν	d--------	g--------	
491	ὁράω	v3ppsa---	ὁράω	ὁράω	v3ppsa---	v3ppsa---	
492	παρασκευάζω	v-prpmma-	παρασκευάζω	παρασκευάζω	v-prpema-	v-prpmma-	
493	καί	b--------	καί	καί	c--------	b--------	
494	πράσσω	v--pna---	πράσσω	πράσσω	v--pna---	v--pna---	
495	ἐθέλω	v-pppama-	ἐθέλω	ἐθέλω	v-pppama-	v-pppama-	
496	ὅς	p-p---na-	ὅς	ὅς	p-p---na-	p-p---na-	
497	χρή	v3spia---	χρή	χρή	v3spia---	v3spia---	
498	.	u--------	.	.	u--------	u--------	
499	ἐάν	c--------	ἄν	ἐάν	c--------	c--------	DISAGREE
500	τοίνυν	g--------	τοίνυν	τοίνυν	d--------	g--------	
501	,	u--------	,	,	u--------	u--------	
502	ὦ	i--------	ὦ	ὦ	i--------	i--------	
503	ἀνήρ	n-p---mv-	ἀνήρ	ἀνήρ	n-p---mv-	n-p---mv-	
504	Ἀθηναῖος	a-p---mv-	ἀθηναῖος	Ἀθηναῖος	a-p---mv-	a-p---mv-	
505	,	u--------	,	,	u--------	u--------	
506	καί	b--------	καί	καί	d--------	b--------	
507	σύ	p2p---cn-	σύ	σύ	p-p----n-	p2p---cn-	
508	ἐπί	r--------	ἐπί	ἐπί	r--------	r--------	
509	ὁ	l-s---fg-	ὁ	ὁ	l-s---fg-	l-s---fg-	
510	τοιοῦτος	p-s---fg-	τοιοῦτος	τοιοῦτος	a-s---fg-	p-s---fg-	
511	ἐθέλω	v2pasa---	ἐθέλω	ἐθέλω	v2pasa---	v2pasa---	
512	γίγνομαι	v--anm---	γίγνομαι	γίγνομαι	v--anm---	v--anm---	
513	γνώμη	n-s---fg-	γνώμη	γνώμη	n-s---fg-	n-s---fg-	
514	νῦν	d--------	νῦν	νῦν	d--------	d--------	
515	,	u--------	,	,	u--------	u--------	
516	ἐπειδή	c--------	ἐπεί	ἐπειδή	c--------	c--------	DISAGREE
517	οὐ	d--------	οὐ	οὐ	d--------	d--------	
518	πρότερος	d-------c	πρότερος	πρότερος	a-s---na-	d-------c	
519	,	u--------	,	,	u--------	u--------	
520	καί	b--------	καί	καί	c--------	b--------	
521	ἕκαστος	a-s---mn-	ἕκαστος	ἕκαστος	a-s---mn-	a-s---mn-	
522	σύ	p2p---cg-	σύ	σύ	p-p---mg-	p2p---cg-	
523	,	u--------	,	,	u--------	u--------	
524	οὗ	d--------	ὅς	οὗ	d--------	d--------	DISAGREE
525	δέω	v3spia---	δεῖ	δέω	v3spia---	v3spia---	DISAGREE
526	καί	b--------	καί	καί	c--------	b--------	
527	δύναμαι	v3spom---	δύναμαι	δύναμαι	v3spoe---	v3spom---	
528	ἄν	g--------	ἄν	ἄν	d--------	g--------	
529	παρέχω	v--ana---	παρέχω	παρέχω	v--ana---	v--ana---	
530	ἑαυτοῦ	p-s---ma-	ἑαυτοῦ	ἑαυτοῦ	p-s---ma-	p-s---ma-	
531	χρήσιμος	a-s---ma-	χρήσιμος	χρήσιμος	a-s---ma-	a-s---ma-	
532	ὁ	l-s---fd-	ὁ	ὁ	l-s---fd-	l-s---fd-	
533	πόλις	n-s---fd-	πόλις	πόλις	n-s---fd-	n-s---fd-	
534	,	u--------	,	,	u--------	u--------	
535	πᾶς	a-s---fa-	πᾶς	πᾶς	a-s---fa-	a-s---fa-	
536	ἀφίημι	v-sapamn-	ἀφίημι	ἀφίημι	v-sapamn-	v-sapamn-	
537	ὁ	l-s---fa-	ὁ	ὁ	l-s---fa-	l-s---fa-	
538	εἰρωνεία	n-s---fa-	εἰρωνεία	εἰρωνεία	n-s---fa-	n-s---fa-	
539	ἑτοῖμος	a-s---mn-	ἑτοῖμος	ἑτοῖμος	a-s---mn-	a-s---mn-	
540	πράσσω	v--pna---	πράσσω	πράσσω	v--pna---	v--pna---	
541	ὑπάρχω	v3sasa---	ὑπάρχω	ὑπάρχω	v3sasa---	v3sasa---	
542	,	u--------	,	,	u--------	u--------	
543	ὁ	l-s---mn-	ὁ	ὁ	l-s---mn-	l-s---mn-	
544	μέν	g--------	μέν	μέν	d--------	g--------	
545	χρῆμα	n-p---na-	χρῆμα	χρῆμα	n-p---na-	n-p---na-	
546	ἔχω	v-sppamn-	ἔχω	ἔχω	v-sppamn-	v-sppamn-	
547	εἰσφέρω	v--pna---	εἰσφέρω	εἰσφέρω	v--pna---	v--pna---	
548	,	u--------	,	,	u--------	u--------	
549	ὁ	l-s---mn-	ὁ	ὁ	l-s---mn-	l-s---mn-	
550	δέ	b--------	δέ	δέ	c--------	b--------	
551	ἐν	r--------	ἐν	ἐν	r--------	r--------	
552	ἡλικία	n-s---fd-	ἡλικία	ἡλικία	n-s---fd-	n-s---fd-	
553	στρατεύω	v--pnm---	στρατεύω	στρατεύω	v--pne---	v--pnm---	
554	,	u--------	,	,	u--------	u--------	
555	—	u--------	—	—	u--------	u--------	
556	συναιρέω	v-sapamd-	συναιρέω	συναιρέω	v-sapamd-	v-sapamd-	
557	δέ	b--------	δέ	δέ	c--------	b--------	
558	ἁπλῶς	d--------	ἁπλῶς	ἁπλῶς	d--------	d--------	
559	ἐάν	c--------	ἄν	ἐάν	c--------	c--------	DISAGREE
560	σύ	p2p---cg-	σύ	σύ	p-p---mg-	p2p---cg-	
561	αὐτός	p-p---mg-	αὐτός	αὐτός	a-p---mg-	p-p---mg-	
562	ἐθέλω	v2pasa---	ἐθέλω	ἐθέλω	v2pasa---	v2pasa---	
563	γίγνομαι	v--anm---	γίγνομαι	γίγνομαι	v--anm---	v--anm---	
564	,	u--------	,	,	u--------	u--------	
565	καί	b--------	καί	καί	c--------	b--------	
566	παύω	v2pasa---	παύω	παύω	v2pasa---	v2pasa---	
567	αὐτός	p-s---mn-	αὐτός	αὐτός	p-s---mn-	p-s---mn-	
568	μέν	g--------	μέν	μέν	d--------	g--------	
569	οὐδείς	p-s---na-	οὐδείς	οὐδείς	p-s---na-	p-s---na-	
570	ἕκαστος	a-s---mn-	ἕκαστος	ἕκαστος	a-s---mn-	a-s---mn-	
571	ποιέω	v--fna---	ποιέω	ποιέω	v--fna---	v--fna---	
572	ἐλπίζω	v-sppamn-	ἐλπίζω	ἐλπίζω	v-sppamn-	v-sppamn-	
573	,	u--------	,	,	u--------	u--------	
574	ὁ	l-s---ma-	ὁ	ὁ	l-s---ma-	l-s---ma-	
575	δέ	b--------	δέ	δέ	c--------	b--------	
576	πλησίος	a-s---ma-	πλησίος	πλησίος	a-s---ma-	a-s---ma-	
577	πᾶς	a-p---na-	πᾶς	πᾶς	a-p---na-	a-p---na-	
578	ὑπέρ	r--------	ὑπέρ	ὑπέρ	r--------	r--------	
579	αὐτός	p-s---mg-	αὐτός	αὐτός	p-s---mg-	p-s---mg-	
580	πράσσω	v--fna---	πράσσω	πράσσω	v--fna---	v--fna---	
581	,	u--------	,	,	u--------	u--------	
582	καί	b--------	καί	καί	d--------	b--------	
583	ὁ	l-p---na-	ὁ	ὁ	l-p---na-	l-p---na-	
584	ὑμέτερος	a-p---na-	ὑμέτερος	ὑμέτερος	a-p---na-	a-p---na-	
585	αὐτός	p-p---mg-	αὐτός	αὐτός	p-p---mg-	p-p---mg-	
586	κομίζω	v2pfim---	κομίζω	κομίζω	v2pfim---	v2pfim---	
587	,	u--------	,	,	u--------	u--------	
588	ἐάν	c--------	ἄν	ἐάν	c--------	c--------	DISAGREE
589	θεός	n-s---mn-	θεός	θεός	n-s---mn-	n-s---mn-	
590	ἐθέλω	v3spsa---	ἐθέλω	ἐθέλω	v3spsa---	v3spsa---	
591	,	u--------	,	,	u--------	u--------	
592	καί	b--------	καί	καί	d--------	b--------	
593	ὁ	l-p---na-	ὁ	ὁ	l-p---na-	l-p---na-	
594	καταρραθυμέω	v-prpmna-	καταρρᾳθυμέω	καταρραθυμέω	v-prpena-	v-prpmna-	
595	πάλιν	d--------	πάλιν	πάλιν	d--------	d--------	
596	ἀναλαμβάνω	v2pfim---	ἀναλαμβάνω	ἀναλαμβάνω	v2pfim---	v2pfim---	
597	,	u--------	,	,	u--------	u--------	
598	καί	c--------	καί		c--------		oga_only
599	ἐκεῖνος	p-s---ma-	ἐκεῖνος		p-s---ma-		oga_only
600	τιμωρέω	v2pfim---	τιμωρέω		v2pfim---		oga_only
601							unmatched
602	μή	d--------		μή		d--------	glaux_only
603	γάρ	g--------		γάρ		g--------	glaux_only
604	ὡς	c--------		ὡς		c--------	glaux_only
605	θεός	n-s---md-	θεός	θεός	n-s---md-	n-s---md-	
606	νομίζω	v3spia---	νομίζω	νομίζω	v3spia---	v3spia---	
607	ἐκεῖνος	p-s---md-	ἐκεῖνος	ἐκεῖνος	p-s---md-	p-s---md-	
608	ὁ	l-p---na-	ὁ	ὁ	l-p---na-	l-p---na-	
609	πάρειμι	v-pppana-	πάρειμι1	πάρειμι	v-pppana-	v-pppana-	
610	πήγνυμι	v--rna---	πήγνυμι	πήγνυμι	v--rna---	v--rna---	
611	πρᾶγμα	n-p---na-	πρᾶγμα	πρᾶγμα	n-p---na-	n-p---na-	
612	ἀθάνατος	a-p---na-	ἀθάνατος	ἀθάνατος	a-p---na-	a-p---na-	
613	,	u--------	,	,	u--------	u--------	
614	ἀλλά	b--------	ἀλλά	ἀλλά	c--------	b--------	
615	καί	b--------	καί	καί	d--------	b--------	
616	μισέω	v3spia---	μισέω	μισέω	v3spia---	v3spia---	
617	τις	p-s---cn-	τις	τις	p-s---mn-	p-s---cn-	
618	ἐκεῖνος	p-s---ma-	ἐκεῖνος	ἐκεῖνος	p-s---ma-	p-s---ma-	
619	καί	b--------	καί	καί	d--------	b--------	
620	δείδω	v3sria---	δείδω	δείδω	v3sria---	v3sria---	
621	,	u--------	,	,	u--------	u--------	
622	ὦ	i--------	ὦ	ὦ	i--------	i--------	
623	ἀνήρ	n-p---mv-	ἀνήρ	ἀνήρ	n-p---mv-	n-p---mv-	
624	Ἀθηναῖος	a-p---mv-	ἀθηναῖος	Ἀθηναῖος	a-p---mv-	a-p---mv-	
625	,	u--------	,	,	u--------	u--------	
626	καί	b--------	καί	καί	c--------	b--------	
627	φθονέω	v3spia---	φθονέω	φθονέω	v3spia---	v3spia---	
628	,	u--------	,	,	u--------	u--------	
629	καί	d--------	καί	καί	d--------	d--------	
630	ὁ	l-p---mg-	ὁ	ὁ	l-p---mg-	l-p---mg-	
631	πάνυ	d--------	πάνυ	πάνυ	d--------	d--------	
632	νῦν	d--------	νῦν	νῦν	d--------	d--------	
633	δοκέω	v-pppamg-	δοκέω	δοκέω	v-pppamg-	v-pppamg-	
634	οἰκεῖος	d--------	οἰκεῖος	οἰκεῖος	d--------	d--------	
635	ἔχω	v--pna---	ἔχω	ἔχω	v--pna---	v--pna---	
636	·	u--------		·		u--------	glaux_only
637	καί	b--------	καί	καί	d--------	b--------	
638	ἅπας	a-p---na-	ἅπας	ἅπας	a-p---na-	a-p---na-	
639	ὅσος	p-p---na-	ὅσος	ὅσος	a-p---na-	p-p---na-	
640	περ	d--------	πέρ	περ	d--------	d--------	
641	καί	d--------	καί		d--------		oga_only
642	ἐν	r--------	ἐν		r--------		oga_only
643	ἄλλος	a-p---md-	ἄλλος		a-p---md-		oga_only
644	τις	a-p---md-	τις		a-p---md-		oga_only
645	ἄνθρωπος	n-p---md-	ἄνθρωπος		n-p---md-		oga_only
646	ἐν	v--ana---	ἐν		v--ana---		oga_only
647	,	u--------	,		u--------		oga_only
648	οὗτος	p-p---na-	οὗτος		p-p---na-		oga_only
649	καί	d--------	καί		d--------		oga_only
650	ἐν	r--------	ἐν		r--------		oga_only
651	ὁ	l-p---md-	ὁ		l-p---md-		oga_only
652	μετά	r--------	μετά		r--------		oga_only
653	ἐκεῖνος	p-s---mg-	ἐκεῖνος		p-s---mg-		oga_only
654	χρή	v3spia---	χρή		v3spia---		oga_only
655	νομίζω	v--pna---	νομίζω		v--pna---		oga_only
656	ἔνειμι	v--ana---	ἔνειμι		v--ana---		oga_only
657	.	u--------	.		u--------		oga_only
658	καταπτήσσω	v3sria---	καταπτήσσω		v3sria---		oga_only
659	μέντοι	d--------	μέντοι		d--------		oga_only
660	πᾶς	a-p---nn-	πᾶς		a-p---nn-		oga_only
661	οὗτος	p-p---nn-	οὗτος		p-p---nn-		oga_only
662	νῦν	d--------	νῦν		d--------		oga_only
663	,	u--------	,		u--------		oga_only
664	οὐ	d--------	οὐ		d--------		oga_only
665	ἔχω	v-pppana-	ἔχω		v-pppana-		oga_only
666	ἀποστροφή	n-s---fa-	ἀποστροφή		n-s---fa-		oga_only
667	διά	r--------	διά		r--------		oga_only
668	ὁ	l-s---fa-	ὁ		l-s---fa-		oga_only
669	ὑμέτερος	a-s---fa-	ὑμέτερος		a-s---fa-		oga_only
670	βραδυτής	n-s---fa-	βραδυτής		n-s---fa-		oga_only
671	καί	c--------	καί		c--------		oga_only
672	ῥᾳθυμία	n-s---fa-	ῥᾳθυμία		n-s---fa-		oga_only
673	·	u--------	·		u--------		oga_only
674	ὅς	p-s---fa-	ὅς		p-s---fa-		oga_only
675	ἀποτίθημι	v--ane---	ἀποτίθημι		v--ane---		oga_only
676	φημί	v1spia---	φημί		v1spia---		oga_only
677	δεῖ	v--pna---	δεῖ		v--pna---		oga_only
678	ἤδη	d--------	ἤδη		d--------		oga_only
679	.	u--------	.		u--------		oga_only
680	ὁράω	v2ppma---	ὁράω	ὁράω	v2ppma---	v2ppma---	
681	γάρ	g--------	γάρ	γάρ	d--------	g--------	
682	,	u--------	,	,	u--------	u--------	
683	ὦ	i--------	ὦ	ὦ	i--------	i--------	
684	ἀνήρ	n-p---mv-	ἀνήρ	ἀνήρ	n-p---mv-	n-p---mv-	
685	Ἀθηναῖος	a-p---mv-	ἀθηναῖος	Ἀθηναῖος	a-p---mv-	a-p---mv-	
686	,	u--------	,	,	u--------	u--------	
687	ὁ	l-s---na-	ὁ	ὁ	l-s---na-	l-s---na-	
688	πρᾶγμα	n-s---na-	πρᾶγμα	πρᾶγμα	n-s---na-	n-s---na-	
689	,	u--------	,	,	u--------	u--------	
690	οἷ	d--------	οἷ	οἷ	p-s---nd-	d--------	
691	προέρχομαι	v3sria---	προέρχομαι	προέρχομαι	v3sria---	v3sria---	
692	ἀσέλγεια	n-s---fg-	ἀσέλγεια	ἀσέλγεια	n-s---fg-	n-s---fg-	
693	ἄνθρωπος	n-s---mn-	ἄνθρωπος	ἄνθρωπος	n-s---mn-	n-s---mn-	
694	,	u--------	,	,	u--------	u--------	
695	ὅς	p-s---mn-	ὅς	ὅς	p-s---mn-	p-s---mn-	
696							unmatched
697	αἵρεσις	n-s---fa-	αἵρεσις	αἵρεσις	n-s---fa-	n-s---fa-	
698	σύ	p2p---cd-	σύ	σύ	p-p---md-	p2p---cd-	
699	δίδωμι	v3spia---	δίδωμι	δίδωμι	v3spia---	v3spia---	
700	ὁ	l-s---ng-	ὁ	ὁ	l-s---ng-	l-s---ng-	
701	πράσσω	v--pna---	πράσσω	πράσσω	v--pna---	v--pna---	
702	ἤ	b--------	ἤ1	ἤ	c--------	b--------	
703	ἄγω	v--pna---	ἄγω	ἄγω	v--pna---	v--pna---	
704	ἡσυχία	n-s---fa-	ἡσυχία	ἡσυχία	n-s---fa-	n-s---fa-	
705	,	u--------	,	,	u--------	u--------	
706	ἀλλά	b--------	ἀλλά	ἀλλά	c--------	b--------	
707	ἀπειλέω	v3spia---	ἀπειλέω	ἀπειλέω	v3spia---	v3spia---	
708	καί	b--------	καί	καί	d--------	b--------	
709	λόγος	n-p---ma-	λόγος	λόγος	n-p---ma-	n-p---ma-	
710	ὑπερήφανος	a-p---ma-	ὑπερήφανος	ὑπερήφανος	a-p---ma-	a-p---ma-	
711	,	u--------	,	,	u--------	u--------	
712	ὡς	c--------	ὡς	ὡς	c--------	c--------	
713	φημί	v3ppia---	φημί	φημί	v3ppia---	v3ppia---	
714	,	u--------	,	,	u--------	u--------	
715	λέγω	v3spia---	λέγω3	λέγω	v3spia---	v3spia---	
716	,	u--------	,	,	u--------	u--------	
717	καί	b--------	καί	καί	c--------	b--------	
718	οὐ	d--------	οὐ	οὐ	d--------	d--------	
719	οἷος	p-s---mn-	οἷος	οἷος	a-s---mn-	p-s---mn-	
720	εἰμί	v3spia---	εἰμί	εἰμί	v3spia---	v3spia---	
721	ἔχω	v-sppamn-	ἔχω	ἔχω	v-sppamn-	v-sppamn-	
722	ὅς	p-p---na-	ὅς	ὅς	p-p---na-	p-p---na-	
723	καταστρέφω	v3srim---	καταστρέφω	καταστρέφω	v3srie---	v3srim---	
724	μένω	v--pna---	μένω	μένω	v--pna---	v--pna---	
725	ἐπί	r--------	ἐπί	ἐπί	r--------	r--------	
726	οὗτος	p-p---ng-	οὗτος	οὗτος	p-p---ng-	p-p---ng-	
727	,	u--------	,	,	u--------	u--------	
728	ἀλλά	b--------	ἀλλά	ἀλλά	c--------	b--------	
729	ἀεί	d--------	ἀεί	ἀεί	d--------	d--------	
730	τις	p-s---na-	τις	τις	p-s---na-	p-s---na-	
731	προσπεριβάλλω	v3spim---	προσπεριβάλλω	προσπεριβάλλω	v3spie---	v3spim---	
732	καί	b--------	καί	καί	c--------	b--------	
733	κύκλος	n-s---md-	κύκλος	κύκλος	n-s---md-	n-s---md-	
734	πανταχῇ	d--------	πανταχῆ	πανταχῇ	d--------	d--------	
735	μέλλω	v-pppama-	μέλλω	μέλλω	v-pppama-	v-pppama-	
736	ἐγώ	p1p---ca-	ἐγώ	ἐγώ	p-p---ma-	p1p---ca-	
737	καί	b--------	καί	καί	c--------	b--------	
738	κάθημαι	v-prpmma-	κάθημαι	κάθημαι	v-prpmma-	v-prpmma-	
739	περιστοιχίζω	v3spim---	περιστοιχίζομαι	περιστοιχίζω	v3spie---	v3spim---	DISAGREE
740	.	u--------	.	.	u--------	u--------	
741	πότε	d--------	πότε	πότε	p--------	d--------	
742	οὖν	g--------	οὖν	οὖν	d--------	g--------	
743	,	u--------	,	,	u--------	u--------	
744	ὦ	i--------	ὦ	ὦ	i--------	i--------	
745	ἀνήρ	n-p---mv-	ἀνήρ	ἀνήρ	n-p---mv-	n-p---mv-	
746	Ἀθηναῖος	a-p---mv-	ἀθηναῖος	Ἀθηναῖος	a-p---mv-	a-p---mv-	
747	,	u--------	,	,	u--------	u--------	
748	πότε	d--------	πότε	πότε	d--------	d--------	
749	ὅς	p-p---na-	ὅς	ὅς	p-p---na-	p-p---na-	
750	χρή	v3spia---	χρή	χρή	v3spia---	v3spia---	
751	πράσσω	v2pfia---	πράσσω	πράσσω	v2pfia---	v2pfia---	
752	;	u--------	;	;	u--------	u--------	
753	ἐπειδάν	c--------	ἐπειδάν	ἐπειδάν	c--------	c--------	
754	τίς	p-s---nn-	τίς	τίς	p-s---nn-	p-s---nn-	
755	γίγνομαι	v3sasm---	γίγνομαι	γίγνομαι	v3sasm---	v3sasm---	
756	;	u--------		;		u--------	glaux_only
757	ἐπειδάν	c--------	ἐπειδάν	ἐπειδάν	c--------	c--------	
758	νή	r--------	νή	νή	r--------	r--------	
759	Ζεύς	n-s---ma-	ζεύς	Ζεύς	n-s---ma-	n-s---ma-	
760	ἀνάγκη	n-s---fn-	ἀνάγκη	ἀνάγκη	n-s---fn-	n-s---fn-	
761	τις	p-s---cn-	τις	τις	a-s---fn-	p-s---cn-	
762	εἰμί	v3spsa---	εἰμί	εἰμί	v3spsa---	v3spsa---	
763	.	u--------		.		u--------	glaux_only
764	νῦν	d--------	νῦν	νῦν	d--------	d--------	
765	δέ	b--------	δέ	δέ	d--------	b--------	
766	τίς	p-s---na-	τίς	τίς	p-s---na-	p-s---na-	
767	χρή	v3spia---	χρή	χρή	v3spia---	v3spia---	
768	ὁ	l-p---na-	ὁ	ὁ	l-p---na-	l-p---na-	
769	γίγνομαι	v-pppmna-	γίγνομαι	γίγνομαι	v-pppena-	v-pppmna-	
770	ἡγέομαι	v--pnm---	ἡγέομαι	ἡγέομαι	v--pnm---	v--pnm---	
771	;	u--------	;	;	u--------	u--------	
772	ἐγώ	p1s---cn-	ἐγώ	ἐγώ	p-s---mn-	p1s---cn-	
773	μέν	g--------	μέν	μέν	d--------	g--------	
774	γάρ	g--------	γάρ	γάρ	d--------	g--------	
775	οἴομαι	v1spim---	οἴομαι	οἴομαι	v1spie---	v1spim---	
776	ὁ	l-p---md-	ὁ	ὁ	l-p---md-	l-p---md-	
777	ἐλεύθερος	a-p---md-	ἐλεύθερος	ἐλεύθερος	a-p---md-	a-p---md-	
778	μέγας	a-s---fas	μέγας	μέγας	a-s---fas	a-s---fas	
779	ἀνάγκη	n-s---fa-	ἀνάγκη	ἀνάγκη	n-s---fa-	n-s---fa-	
780	ὁ	l-s---fa-	ὁ	ὁ	l-s---fa-	l-s---fa-	
781	ὑπέρ	r--------	ὑπέρ	ὑπέρ	r--------	r--------	
782	ὁ	l-p---ng-	ὁ	ὁ	l-p---ng-	l-p---ng-	
783	πρᾶγμα	n-p---ng-	πρᾶγμα	πρᾶγμα	n-p---ng-	n-p---ng-	
784	αἰσχύνη	n-s---fa-	αἰσχύνη	αἰσχύνη	n-s---fa-	n-s---fa-	
785	εἰμί	v--pna---	εἰμί	εἰμί	v--pna---	v--pna---	
786	.	u--------	.	.	u--------	u--------	
787	ἤ	b--------	ἤ1	ἤ	d--------	b--------	
788	βούλομαι	v2ppim---	βούλομαι	βούλομαι	v2ppie---	v2ppim---	
789	,	u--------	,	,	u--------	u--------	
790	λέγω	v2sama---	εἶπον	λέγω	v2sama---	v2sama---	DISAGREE
791	ἐγώ	p1s---cd-	ἐγώ	ἐγώ	p-s---md-	p1s---cd-	
792	,	u--------	,	,	u--------	u--------	
793	περιέρχομαι	v-pppamn-	περίειμι1	περιέρχομαι	v-pppamn-	v-pppamn-	DISAGREE
794	ἑαυτοῦ	p-p---mg-	ἑαυτοῦ	ἑαυτοῦ	p-p---mg-	p-p---mg-	
795	πυνθάνομαι	v--pnm---	πυνθάνομαι	πυνθάνομαι	v--pne---	v--pnm---	
796	,	u--------	,	,	u--------	u--------	
797	λέγω	v3spim---	λέγω3	λέγω	v3spie---	v3spim---	
798	τις	p-s---nn-	τις	τις	p-s---nn-	p-s---nn-	
799	καινός	a-s---nn-	καινός	καινός	a-s---nn-	a-s---nn-	
800	;	u--------	;	;	u--------	u--------	
801	γίγνομαι	v3saom---	γίγνομαι	γίγνομαι	v3saom---	v3saom---	
802	γάρ	g--------	γάρ	γάρ	d--------	g--------	
803	ἄν	g--------	ἄν	ἄν	d--------	g--------	
804	τις	p-s---nn-	τις	τις	p-s---nn-	p-s---nn-	
805	καινός	a-s---nnc	καινός	καινός	a-s---nnc	a-s---nnc	
806	ἤ	c--------	ἤ1	ἤ	c--------	c--------	
807	Μακεδών	a-s---mn-	μακεδών	Μακεδών	n-s---mn-	a-s---mn-	
808	ἀνήρ	n-s---mn-	ἀνήρ	ἀνήρ	n-s---mn-	n-s---mn-	
809	Ἀθηναῖος	a-p---ma-	ἀθήναιος	Ἀθηναῖος	n-p---ma-	a-p---ma-	
810	καταπολεμέω	v-sppamn-	καταπολεμέω	καταπολεμέω	v-sppamn-	v-sppamn-	
811	καί	b--------	καί	καί	c--------	b--------	
812	ὁ	l-p---na-	ὁ	ὁ	l-p---na-	l-p---na-	
813	ὁ	l-p---mg-	ὁ	ὁ	l-p---mg-	l-p---mg-	
814	Ἕλλην	n-p---mg-	ἕλλην	Ἕλλην	n-p---mg-	n-p---mg-	
815	διοικέω	v-sppamn-	διοικέω	διοικέω	v-sppamn-	v-sppamn-	
816	;	u--------		;		u--------	glaux_only
817	θνῄσκω	v3sria---	θνήσκω	θνῄσκω	v3sria---	v3sria---	
818	Φίλιππος	n-s---mn-	φίλιππος	Φίλιππος	n-s---mn-	n-s---mn-	
819	;	u--------	;	;	u--------	u--------	
820	οὐ	d--------	οὐ	οὐ	d--------	d--------	
821	μά	r--------	μά	μά	r--------	r--------	
822	Ζεύς	n-s---ma-	ζεύς	Ζεύς	n-s---ma-	n-s---ma-	
823	,	u--------	,	,	u--------	u--------	
824	ἀλλά	b--------	ἀλλά	ἀλλά	c--------	b--------	
825	ἀσθενέω	v3spia---	ἀσθενής	ἀσθενέω	v3spia---	v3spia---	DISAGREE
826	.	u--------		.		u--------	glaux_only
827	τίς	p-s---nn-	τίς	τίς	p-s---nn-	p-s---nn-	
828	δέ	b--------	δέ	δέ	d--------	b--------	
829	σύ	p2p---cd-	σύ	σύ	p-p---md-	p2p---cd-	
830	διαφέρω	v3spia---	διαφέρω	διαφέρω	v3spia---	v3spia---	
831	;	u--------	;	;	u--------	u--------	
832	καί	d--------	καί	καί	d--------	d--------	
833	γάρ	g--------	γάρ	γάρ	d--------	g--------	
834	ἐάν	c--------	ἄν	ἐάν	c--------	c--------	DISAGREE
835	οὗτος	p-s---mn-	οὗτος	οὗτος	p-s---mn-	p-s---mn-	
836	τις	p-s---na-	τις	τις	p-s---na-	p-s---na-	
837	πάσχω	v3sasa---	πάσχω	πάσχω	v3sasa---	v3sasa---	
838	,	u--------	,	,	u--------	u--------	
839	ταχύς	d--------	ταχύς	ταχύς	d--------	d--------	
840	σύ	p2p---cn-	σύ	σύ	p-p---mn-	p2p---cn-	
841	ἕτερος	a-s---ma-	ἕτερος	ἕτερος	a-s---ma-	a-s---ma-	
842	Φίλιππος	n-s---ma-	φίλιππος	Φίλιππος	n-s---ma-	n-s---ma-	
843	ποιέω	v2pfia---	ποιέω	ποιέω	v2pfia---	v2pfia---	
844	,	u--------	,	,	u--------	u--------	
845	ἐάν	c--------	ἐάν	ἐάν	c--------	c--------	
846	οὕτως	d--------	οὕτως	οὕτως	d--------	d--------	
847	προσέχω	v2ppsa---	προσέχω	προσέχω	v2ppsa---	v2ppsa---	
848	ὁ	l-p---nd-	ὁ	ὁ	l-p---nd-	l-p---nd-	
849	πρᾶγμα	n-p---nd-	πρᾶγμα	πρᾶγμα	n-p---nd-	n-p---nd-	
850	ὁ	l-s---ma-	ὁ	ὁ	l-s---ma-	l-s---ma-	
851	νόος	n-s---ma-	νόος	νόος	n-s---ma-	n-s---ma-	
852	·	u--------	·	·	u--------	u--------	
853	οὐ	d--------	οὐ	οὐ	d--------	d--------	
854	δέ	d--------	δέ		d--------		oga_only
855	γάρ	d--------	γάρ		d--------		oga_only
856	οὗτος	p-s---mn-	οὗτος		p-s---mn-		oga_only
857	παρά	r--------	παρά		r--------		oga_only
858	ὁ	l-s---fa-	ὁ		l-s---fa-		oga_only
859	ἑαυτοῦ	p-s---mg-	ἑαυτοῦ		p-s---mg-		oga_only
860	ῥώμη	n-s---fa-	ῥώμη		n-s---fa-		oga_only
861	τοσοῦτος	p-s---ma-	τοσοῦτος		p-s---ma-		oga_only
862	ἐπαυξάνω	v3srie---	ἐπαυξάνω		v3srie---		oga_only
863	ὅσος	a-s---na-	ὅσος		a-s---na-		oga_only
864	παρά	r--------	παρά		r--------		oga_only
865	ὁ	l-s---fa-	ὁ		l-s---fa-		oga_only
866	ἡμέτερος	a-s---fa-	ἡμέτερος		a-s---fa-		oga_only
867	ἀμέλεια	n-s---fa-	ἀμέλεια		n-s---fa-		oga_only
868							unmatched
869	καίτοι	g--------	καίτοι	καίτοι	d--------	g--------	
870	καί	d--------	καί	καί	d--------	d--------	
871	οὗτος	p-s---nn-	οὗτος	οὗτος	p-s---nn-	p-s---nn-	
872	·	u--------		·		u--------	glaux_only
873	εἰ	c--------	εἰ	εἰ	c--------	c--------	
874	τις	p-s---na-	τις	τις	p-s---na-	p-s---na-	
875	πάσχω	v3saoa---	πάσχω	πάσχω	v3saoa---	v3saoa---	
876	καί	b--------	καί	καί	c--------	b--------	
877	ὁ	l-p---nn-	ὁ	ὁ	l-p---nn-	l-p---nn-	
878	ὁ	l-s---fg-	ὁ	ὁ	l-s---fg-	l-s---fg-	
879	τύχη	n-s---fg-	τύχη	τύχη	n-s---fg-	n-s---fg-	
880	ἐγώ	p1p---cd-	ἐγώ	ἐγώ	p-p---md-	p1p---cd-	
881	,	u--------	,	,	u--------	u--------	
882	ὅς	p-s---fn-	ὅς	ὅς	p-s---fn-	p-s---fn-	
883	ἀεί	d--------	ἀεί	ἀεί	d--------	d--------	
884	ἀγαθός	a-s---nac	βελτίων	ἀγαθός	a-s---nac	a-s---nac	DISAGREE
885	ἤ	c--------	ἤ1	ἤ	c--------	c--------	
886	ἐγώ	p1p---cn-	ἐγώ	ἐγώ	p-p---mn-	p1p---cn-	
887	ἐγώ	p1p---cg-	ἐγώ	ἐγώ	p-p---mg-	p1p---cg-	
888	αὐτός	p-p---mg-	αὐτός	αὐτός	a-p---mg-	p-p---mg-	
889	ἐπιμελέομαι	v1ppim---	ἐπιμελέομαι	ἐπιμελέομαι	v1ppie---	v1ppim---	
890	,	u--------	,	,	u--------	u--------	
891	καί	d--------	καί	καί	d--------	d--------	
892	οὗτος	p-p---na-	οὗτος	οὗτος	p-p---na-	p-p---na-	
893	ἐξεργάζομαι	v3saom---	ἐξεργάζομαι	ἐξεργάζομαι	v3saoe---	v3saom---	
894	,	u--------	,	,	u--------	u--------	
895	οἶδα	v2prma---	οἶδα	οἶδα	v2prma---	v2prma---	
896	ὅτι	c--------	ὅτι	ὅτι	c--------	c--------	
897	πλησίον	d--------	πλησίος	πλησίον	d--------	d--------	DISAGREE
898	μέν	g--------	μέν	μέν	d--------	g--------	
899	εἰμί	v-pppamn-	εἰμί	εἰμί	v-pppamn-	v-pppamn-	
900	,	u--------	,	,	u--------	u--------	
901	ἅπας	a-p---nd-	ἅπας	ἅπας	a-p---nd-	a-p---nd-	
902	ἄν	g--------	ἄν	ἄν	d--------	g--------	
903	ὁ	l-p---nd-	ὁ	ὁ	l-p---nd-	l-p---nd-	
904	πρᾶγμα	n-p---nd-	πρᾶγμα	πρᾶγμα	n-p---nd-	n-p---nd-	
905	ταράσσω	v-prpmnd-	ταράσσω	ταράσσω	v-prpend-	v-prpmnd-	
906	ἐφίστημι	v-pppamn-	ἐφίστημι	ἐφίστημι	v-pppamn-	v-pppamn-	
907	ὅπως	c--------	ὅπως	ὅπως	c--------	c--------	
908	βούλομαι	v2ppim---	βούλομαι	βούλομαι	v2ppie---	v2ppim---	
909	διοικέω	v2paom---	διοικέω	διοικέω	v2paom---	v2paom---	
910	,	u--------	,	,	u--------	u--------	
911	ὡς	c--------	ὡς	ὡς	c--------	c--------	
912	δέ	b--------	δέ	δέ	c--------	b--------	
913	νῦν	d--------	νῦν	νῦν	d--------	d--------	
914	ἔχω	v2ppia---	ἔχω	ἔχω	v2ppia---	v2ppia---	
915	,	u--------	,	,	u--------	u--------	
916	οὐ	d--------	οὐ	οὐ	d--------	d--------	
917	δέ	d--------	δέ		d--------		oga_only
918	δίδωμι	v-pppamg-	δίδωμι		v-pppamg-		oga_only
919	ὁ	l-p---mg-	ὁ		l-p---mg-		oga_only
920	καιρός	n-p---mg-	καιρός		n-p---mg-		oga_only
921	ἀμφίπολις	n-s---fa-	ἀμφίπολις		n-s---fa-		oga_only
922	δέχομαι	v--anm---	δέχομαι		v--anm---		oga_only
923	δύναμαι	v2ppoe---	δύναμαι		v2ppoe---		oga_only
924	ἄν	d--------	ἄν		d--------		oga_only
925	,	u--------	,		u--------		oga_only
926	ἀπαρτάω	v-prpemn-	ἀπαρτάω		v-prpemn-		oga_only
927	καί	b--------	καί	καί	d--------	b--------	
928	ὁ	l-p---fd-	ὁ	ὁ	l-p---fd-	l-p---fd-	
929	παρασκευή	n-p---fd-	παρασκευή		n-p---fd-		oga_only
930	καί	c--------	καί		c--------		oga_only
931	ὁ	l-p---fd-	ὁ		l-p---fd-		oga_only
932	γνώμη	n-p---fd-	γνώμη		n-p---fd-		oga_only
933							unmatched
934	ὡς	c--------	ὡς	ὡς	c--------	c--------	
935	μέν	g--------	μέν	μέν	d--------	g--------	
936	οὖν	g--------	οὖν	οὖν	d--------	g--------	
937	δέω	v3spia---	δεῖ	δέω	v3spia---	v3spia---	DISAGREE
938	ὁ	l-p---na-	ὁ	ὁ	l-p---na-	l-p---na-	
939	προσήκω	v-pppana-	προσήκω	προσήκω	v-pppana-	v-pppana-	
940	ποιέω	v--pna---	ποιέω	ποιέω	v--pna---	v--pna---	
941	ἐθέλω	v-pppama-	ἐθέλω	ἐθέλω	v-pppama-	v-pppama-	
942	ὑπάρχω	v--pna---	ὑπάρχω	ὑπάρχω	v--pna---	v--pna---	
943	ἅπας	a-p---ma-	ἅπας	ἅπας	a-p---ma-	a-p---ma-	
944	ἑτοῖμος	d--------	ἑτοῖμος	ἑτοῖμος	d--------	d--------	
945	,	u--------	,	,	u--------	u--------	
946	ὡς	d--------	ὡς	ὡς	d--------	d--------	
947	γιγνώσκω	v-prpamg-	γιγνώσκω	γιγνώσκω	v-prpamg-	v-prpamg-	
948	σύ	p2p---cg-	σύ	σύ	p-p---mg-	p2p---cg-	
949	καί	b--------	καί	καί	c--------	b--------	
950	πείθω	v-prpmmg-	πείθω	πείθω	v-prpemg-	v-prpmmg-	
951	,	u--------	,	,	u--------	u--------	
952	παύω	v1spim---	παύω	παύω	v1spie---	v1spim---	
953	λέγω	v-sppamn-	λέγω3	λέγω	v-sppamn-	v-sppamn-	
954	·	u--------	·	·	u--------	u--------	
955	ὁ	l-s---ma-	ὁ	ὁ	l-s---ma-	l-s---ma-	
956	δέ	b--------	δέ	δέ	d--------	b--------	
957	τρόπος	n-s---ma-	τρόπος	τρόπος	n-s---ma-	n-s---ma-	
958	ὁ	l-s---fg-	ὁ	ὁ	l-s---fg-	l-s---fg-	
959	παρασκευή	n-s---fg-	παρασκευή	παρασκευή	n-s---fg-	n-s---fg-	
960	ὅς	p-s---fa-	ὅς	ὅς	p-s---fa-	p-s---fa-	
961	ἀπαλλάσσω	v--ana---	ἀπαλλαξείω	ἀπαλλάσσω	v--ana---	v--ana---	DISAGREE
962	ἄν	g--------	ἄν	ἄν	d--------	g--------	
963	ὁ	l-p---ng-	ὁ	ὁ	l-p---ng-	l-p---ng-	
964	τοιοῦτος	p-p---ng-	τοιοῦτος	τοιοῦτος	a-p---ng-	p-p---ng-	
965	πρᾶγμα	n-p---ng-	πρᾶγμα	πρᾶγμα	n-p---ng-	n-p---ng-	
966	σύ	p2p---ca-	σύ	σύ	p-p---ma-	p2p---ca-	
967	οἴομαι	v1spim---	οἴομαι	οἴομαι	v1spie---	v1spim---	
968	,	u--------	,	,	u--------	u--------	
969	καί	b--------	καί	καί	d--------	b--------	
970	ὁ	l-s---na-	ὁ	ὁ	l-s---na-	l-s---na-	
971	πλῆθος	n-s---na-	πλῆθος	πλῆθος	n-s---na-	n-s---na-	
972	ὅσος	p-s---na-	ὅσος	ὅσος	a-s---na-	p-s---na-	
973	,	u--------	,	,	u--------	u--------	
974	καί	b--------	καί	καί	d--------	b--------	
975	πόρος	n-p---ma-	πόρος	πόρος	n-p---ma-	n-p---ma-	
976	ὅστις	a-p---ma-	ὅστις	ὅστις	a-p---ma-	a-p---ma-	
977	χρῆμα	n-p---ng-	χρῆμα	χρῆμα	n-p---ng-	n-p---ng-	
978	,	u--------	,	,	u--------	u--------	
979	καί	b--------	καί	καί	c--------	b--------	
980	ὁ	l-p---na-	ὁ		l-p---na-		oga_only
981	ἄλλος	p-p---na-	ἄλλος		p-p---na-		oga_only
982	ὡς	c--------	ὡς		c--------		oga_only
983	ἄν	d--------	ἄν		d--------		oga_only
984	ἐγώ	p-s---md-	ἐγώ		p-s---md-		oga_only
985	βέλτιστος	a-p---nn-	βέλτιστος		a-p---nn-		oga_only
986	καί	c--------	καί		c--------		oga_only
987	ταχύς	a-p---nn-	ταχύς		a-p---nn-		oga_only
988	δοκέω	v3spia---	δοκέω		v3spia---		oga_only
989	παρασκευάζω	v--anp---	παρασκευάζω		v--anp---		oga_only
990	,	u--------	,		u--------		oga_only
991	καί	d--------	καί		d--------		oga_only
992	δή	d--------	δή		d--------		oga_only
993	πειράω	v1sfim---	πειράω		v1sfim---		oga_only
994	λέγω3	v--pna---	λέγω3		v--pna---		oga_only
995	,	u--------	,		u--------		oga_only
996	δέω2	v-sappmn-	δέω2		v-sappmn-		oga_only
997	σύ	p-p---mg-	σύ		p-p---mg-		oga_only
998	,	u--------	,		u--------		oga_only
999	ὦ	i--------	ὦ		i--------		oga_only
1000	ἀνήρ	n-p---mv-	ἀνήρ		n-p---mv-		oga_only
1001	ἀθηναῖος	a-p---mv-	ἀθηναῖος		a-p---mv-		oga_only
1002	,	u--------	,		u--------		oga_only
1003	τοσοῦτος	p-s---ma-	τοσοῦτος		p-s---ma-		oga_only
1004							unmatched
1005	ἐπειδάν	c--------	ἐπειδάν	ἐπειδάν	c--------	c--------	
1006	ἅπας	a-p---na-	ἅπας	ἅπας	a-p---na-	a-p---na-	
1007	ἀκούω	v2pasa---	ἀκούω	ἀκούω	v2pasa---	v2pasa---	
1008	κρίνω	v2pama---	κρίνω	κρίνω	v2pama---	v2pama---	
1009	,	u--------	,	,	u--------	u--------	
1010	μή	d--------	μή	μή	d--------	d--------	
1011	πρότερος	d-------c	πρότερος	πρότερος	a-s---na-	d-------c	
1012	προλαμβάνω	v2ppma---	προλαμβάνω	προλαμβάνω	v2ppma---	v2ppma---	
1013	·	u--------	·	·	u--------	u--------	
1014							unmatched
1015	ἐάν	c--------	ἄν	ἐάν	c--------	c--------	DISAGREE
1016	ἐκ	r--------	ἐκ	ἐκ	r--------	r--------	
1017	ἀρχή	n-s---fg-	ἀρχή	ἀρχή	n-s---fg-	n-s---fg-	
1018	δοκέω	v1spsa---	δοκέω	δοκέω	v1spsa---	v1spsa---	
1019	τις	p-s---cd-	τις	τις	p-s---md-	p-s---cd-	
1020	καινός	a-s---fa-	καινός	καινός	a-s---fa-	a-s---fa-	
1021	παρασκευή	n-s---fa-	παρασκευή	παρασκευή	n-s---fa-	n-s---fa-	
1022	λέγω	v--pna---	λέγω3	λέγω	v--pna---	v--pna---	
1023	,	u--------	,	,	u--------	u--------	
1024	ἀναβάλλω	v--pna---	ἀναβάλλω	ἀναβάλλω	v--pna---	v--pna---	
1025	ἐγώ	p1s---ca-	ἐγώ	ἐγώ	p-s---ma-	p1s---ca-	
1026	ὁ	l-p---na-	ὁ	ὁ	l-p---na-	l-p---na-	
1027	πρᾶγμα	n-p---na-	πρᾶγμα	πρᾶγμα	n-p---na-	n-p---na-	
1028	ἡγέομαι	v3spmm---	ἡγέομαι	ἡγέομαι	v3spmm---	v3spmm---	
1029	.	u--------	.	.	u--------	u--------	
1030	οὐ	d--------	οὐ	οὐ	d--------	d--------	
1031	γάρ	g--------	γάρ	γάρ	d--------	g--------	
1032	ὁ	l-p---mn-	ὁ	ὁ	l-p---mn-	l-p---mn-	
1033	ταχύς	a-s---na-	ταχύς	ταχύς	a-s---na-	a-s---na-	
1034	καί	b--------	καί	καί	c--------	b--------	
1035	σήμερον	d--------	σήμερον	σήμερον	d--------	d--------	
1036	λέγω	v-papamn-	εἶπον	λέγω	v-papamn-	v-papamn-	DISAGREE
1037	μάλα	d-------s	μάλιστα	μάλα	d--------	d-------s	DISAGREE
1038	εἰς	r--------	εἰς	εἰς	r--------	r--------	
1039	δέω	v-sppana-	δεῖ	δέω	v-sppana-	v-sppana-	DISAGREE
1040	λέγω	v3ppia---	λέγω3	λέγω	v3ppia---	v3ppia---	
1041	(	u--------	̔	(	u--------	u--------	DISAGREE
1042	οὐ	d--------	οὐ	οὐ	d--------	d--------	
1043	γάρ	g--------	γάρ	γάρ	d--------	g--------	
1044	ἄν	g--------	ἄν	ἄν	d--------	g--------	
1045	ὁ	l-p---na-	ὁ	ὁ	l-p---na-	l-p---na-	
1046	γε	d--------	γε	γε	d--------	d--------	
1047	ἤδη	d--------	ἤδη	ἤδη	d--------	d--------	
1048	γίγνομαι	v-prpmna-	γίγνομαι	γίγνομαι	v-prpena-	v-prpmna-	
1049	ὁ	l-s---fd-	ὁ	ὁ	l-s---fd-	l-s---fd-	
1050	νυνί	d--------	νυνί	νυνί	d--------	d--------	
1051	βοήθεια	n-s---fd-	βοήθεια	βοήθεια	n-s---fd-	n-s---fd-	
1052	κωλύω	v--ana---	κωλύω	κωλύω	v--ana---	v--ana---	
1053	δύναμαι	v1paop---	δύναμαι	δύναμαι	v1paop---	v1paop---	
1054	)	u--------	)	)	u--------	u--------	
1055	,	u--------	,	,	u--------	u--------	
1056	ἀλλά	b--------	ἀλλά	ἀλλά	c--------	b--------	
1057	ὅς	p-s---mn-	ὅς	ὅς	p-s---mn-	p-s---mn-	
1058	ἄν	g--------	ἄν	ἄν	d--------	g--------	
1059	δείκνυμι	v3sasa---	δείκνυμι	δείκνυμι	v3sasa---	v3sasa---	
1060	τίς	p-s---cn-	τις	τίς	a-s---fn-	p-s---cn-	
1061	πορίζω	v-sappfn-	πορίζω	πορίζω	v-sappfn-	v-sappfn-	
1062	παρασκευή	n-s---fn-	παρασκευή	παρασκευή	n-s---fn-	n-s---fn-	
1063	καί	b--------	καί	καί	d--------	b--------	
1064	πόσος	a-s---fn-	πόσος	πόσος	a-s---fn-	a-s---fn-	
1065	καί	b--------	καί	καί	c--------	b--------	
1066	πόθεν	d--------	πόθεν	πόθεν	d--------	d--------	
1067	διαμένω	v--ana---	διαμένω	διαμένω	v--ana---	v--ana---	
1068	δύναμαι	v3sasm---	δύναμαι	δύναμαι	v3sasm---	v3sasm---	
1069	,	u--------	,	,	u--------	u--------	
1070	ἕως	c--------	ἕως	ἕως	c--------	c--------	
1071	ἄν	g--------	ἄν	ἄν	d--------	g--------	
1072	ἤ	b--------	ἤ1	ἤ	d--------	b--------	
1073	διαλύω	v1pasm---	διαλύω	διαλύω	v1pasm---	v1pasm---	
1074	πείθω	v-pappmn-	πείθω	πείθω	v-pappmn-	v-pappmn-	
1075	ὁ	l-s---ma-	ὁ	ὁ	l-s---ma-	l-s---ma-	
1076	πόλεμος	n-s---ma-	πόλεμος	πόλεμος	n-s---ma-	n-s---ma-	
1077	ἤ	b--------	ἤ1	ἤ	c--------	b--------	
1078	περιγίγνομαι	v1pasm---	περιγίγνομαι	περιγίγνομαι	v1pasm---	v1pasm---	
1079	ὁ	l-p---mg-	ὁ	ὁ	l-p---mg-	l-p---mg-	
1080	ἐχθρός	a-p---mg-	ἐχθρός	ἐχθρός	n-p---mg-	a-p---mg-	
1081	·	u--------	·	·	u--------	u--------	
1082	οὕτως	d--------	οὕτως	οὕτως	d--------	d--------	
1083	γάρ	g--------	γάρ	γάρ	d--------	g--------	
1084	οὐκέτι	d--------	οὐκέτι	οὐκέτι	d--------	d--------	
1085	ὁ	l-s---ng-	ὁ	ὁ	l-s---ng-	l-s---ng-	
1086	λοιπός	a-s---ng-	λοιπός	λοιπός	a-s---ng-	a-s---ng-	
1087	πάσχω	v1ppoa---	πάσχω	πάσχω	v1ppoa---	v1ppoa---	
1088	ἄν	g--------	ἄν	ἄν	d--------	g--------	
1089	κακός	d--------	κακός	κακός	d--------	d--------	
1090	.	u--------	.	.	u--------	u--------	
1091	οἴομαι	v1spim---	οἴομαι	οἴομαι	v1spie---	v1spim---	
1092	τοίνυν	g--------	τοίνυν	τοίνυν	d--------	g--------	
1093	ἐγώ	p1s---cn-	ἐγώ	ἐγώ	p-s---mn-	p1s---cn-	
1094	οὗτος	p-p---na-	οὗτος	οὗτος	p-p---na-	p-p---na-	
1095	λέγω	v--pna---	λέγω3	λέγω	v--pna---	v--pna---	
1096	ἔχω	v--pna---	ἔχω	ἔχω	v--pna---	v--pna---	
1097	,	u--------	,	,	u--------	u--------	
1098	μή	d--------	μή	μή	d--------	d--------	
1099	κωλύω	v-sppamn-	κωλύω	κωλύω	v-sppamn-	v-sppamn-	
1100	εἰ	c--------	εἰ	εἰ	c--------	c--------	
1101	τις	p-s---cn-	τις	τις	p-s---mn-	p-s---cn-	
1102	ἄλλος	p-s---mn-	ἄλλος	ἄλλος	a-s---mn-	p-s---mn-	
1103	ἐπαγγέλλω	v3spim---	ἐπαγγέλλω	ἐπαγγέλλω	v3spie---	v3spim---	
1104	τις	p-s---na-	τις	τις	p-s---na-	p-s---na-	
1105	.	u--------	.	.	u--------	u--------	
1106	ὁ	l-s---fn-	ὁ	ὁ	l-s---fn-	l-s---fn-	
1107	μέν	g--------	μέν	μέν	d--------	g--------	
1108	οὖν	g--------	οὖν	οὖν	d--------	g--------	
1109	ὑπόσχεσις	n-s---fn-	ὑπόσχεσις	ὑπόσχεσις	n-s---fn-	n-s---fn-	
1110	οὕτως	d--------	οὕτως	οὕτως	d--------	d--------	
1111	μέγας	a-s---fn-	μέγας	μέγας	a-s---fn-	a-s---fn-	
1112	,	u--------	,	,	u--------	u--------	
1113	ὁ	l-s---nn-	ὁ	ὁ	l-s---nn-	l-s---nn-	
1114	δέ	b--------	δέ	δέ	c--------	b--------	
1115	πρᾶγμα	n-s---nn-	πρᾶγμα	πρᾶγμα	n-s---nn-	n-s---nn-	
1116	ἤδη	d--------	ἤδη	ἤδη	d--------	d--------	
1117	ὁ	l-s---ma-	ὁ	ὁ	l-s---ma-	l-s---ma-	
1118	ἔλεγχος	n-s---ma-	ἔλεγχος2	ἔλεγχος	n-s---ma-	n-s---ma-	
1119	δίδωμι	v3sfia---	δίδωμι	δίδωμι	v3sfia---	v3sfia---	
1120	·	u--------		·		u--------	glaux_only
1121	κριτής	n-p---mn-	κριτής	κριτής	n-p---mn-	n-p---mn-	
1122	δέ	b--------	δέ	δέ	d--------	b--------	
1123	σύ	p2p---cn-	σύ	σύ	p-p---mn-	p2p---cn-	
1124	εἰμί	v2pfim---	εἰμί	εἰμί	v2pfim---	v2pfim---	
1125	.	u--------	.	.	u--------	u--------	
1126	πρότερος	a-s---nac	πρῶτος	πρότερος	a-s---na-	a-s---nac	DISAGREE
1127	μέν	g--------	μέν	μέν	d--------	g--------	
1128	τοίνυν	g--------	τοίνυν	τοίνυν	d--------	g--------	
1129	,	u--------	,	,	u--------	u--------	
1130	ὦ	i--------	ὦ	ὦ	i--------	i--------	
1131	ἀνήρ	n-p---mv-	ἀνήρ	ἀνήρ	n-p---mv-	n-p---mv-	
1132	Ἀθηναῖος	a-p---mv-	ἀθηναῖος	Ἀθηναῖος	a-p---mv-	a-p---mv-	
1133	,	u--------	,	,	u--------	u--------	
1134	τριήρης	n-p---fa-	τριήρης	τριήρης	n-p---fa-	n-p---fa-	
1135	πεντήκοντα	m--------	πεντήκοντα	πεντήκοντα	a--------	m--------	
1136	παρασκευάζω	v--anm---	παρασκευάζω	παρασκευάζω	v--anm---	v--anm---	
1137	φημί	v1spia---	φημί	φημί	v1spia---	v1spia---	
1138	δέω	v--pna---	δεῖ	δέω	v--pna---	v--pna---	DISAGREE
1139	,	u--------	,	,	u--------	u--------	
1140	εἶτα	b--------	εἶτα	εἶτα	c--------	b--------	
1141	αὐτός	p-p---ma-	αὐτός	αὐτός	p-p---ma-	p-p---ma-	
1142	οὕτως	d--------	οὕτως	οὕτως	d--------	d--------	
1143	ὁ	l-p---fa-	ὁ	ὁ	l-p---fa-	l-p---fa-	
1144	γνώμη	n-p---fa-	γνώμη	γνώμη	n-p---fa-	n-p---fa-	
1145	ἔχω	v--pna---	ἔχω	ἔχω	v--pna---	v--pna---	
1146	ὡς	c--------	ὡς	ὡς	c--------	c--------	
1147	,	u--------	,	,	u--------	u--------	
1148	ἐάν	c--------	ἐάν	ἐάν	c--------	c--------	
1149	τις	p-s---nn-	τις	τις	p-s---nn-	p-s---nn-	
1150	δέω	v3spsa---	δέω	δέω	v3spsa---	v3spsa---	
1151	,	u--------	,	,	u--------	u--------	
1152	πλέω	a-s---nn-	πλευστέος	πλέω	a-s---nn-	a-s---nn-	DISAGREE
1153	εἰς	r--------	εἰς	εἰς	r--------	r--------	
1154	οὗτος	p-p---fa-	οὗτος	οὗτος	p-p---fa-	p-p---fa-	
1155	αὐτός	p-p---md-	αὐτός	αὐτός	p-p---md-	p-p---md-	
1156	ἐμβαίνω	v-papamd-	ἐμβαίνω	ἐμβαίνω	v-papamd-	v-papamd-	
1157	.	u--------	.	.	u--------	u--------	
1158	πρός	r--------	πρός	πρός	r--------	r--------	
1159	δέ	b--------	δέ	δέ	d--------	b--------	
1160	οὗτος	p-p---nd-	οὗτος	οὗτος	a-p---nd-	p-p---nd-	
1161	ὁ	l-p---md-	ὁ	ὁ	l-p---md-	l-p---md-	
1162	ἥμισυς	a-p---nd-	ἥμισυς	ἥμισυς	a-p---nd-	a-p---nd-	
1163	ὁ	l-p---mg-	ὁ	ὁ	l-p---mg-	l-p---mg-	
1164	ἱππεύς	n-p---mg-	ἱππεύς	ἱππεύς	n-p---mg-	n-p---mg-	
1165	ἱππαγωγός	a-p---fa-	ἱππαγωγός	ἱππαγωγός	a-p---fa-	a-p---fa-	
1166	τριήρης	n-p---fa-	τριήρης	τριήρης	n-p---fa-	n-p---fa-	
1167	καί	b--------	καί	καί	c--------	b--------	
1168	πλοῖον	n-p---na-	πλοῖον	πλοῖον	n-p---na-	n-p---na-	
1169	ἱκανός	a-p---na-	ἱκανός	ἱκανός	a-p---na-	a-p---na-	
1170	εὐτρεπίζω	v--ana---	εὐτρεπίζω	εὐτρεπίζω	v--ana---	v--ana---	
1171	κελεύω	v1spia---	κελεύω	κελεύω	v1spia---	v1spia---	
1172	.	u--------	.	.	u--------	u--------	
1173	οὗτος	p-p---na-	οὗτος	οὗτος	p-p---na-	p-p---na-	
1174	μέν	g--------	μέν	μέν	d--------	g--------	
1175	οἴομαι	v1spim---	οἴομαι	οἴομαι	v1spie---	v1spim---	
1176	δέω	v--pna---	δεῖ	δέω	v--pna---	v--pna---	DISAGREE
1177	ὑπάρχω	v--pna---	ὑπάρχω	ὑπάρχω	v--pna---	v--pna---	
1178	ἐπί	r--------	ἐπί	ἐπί	r--------	r--------	
1179	ὁ	l-p---fa-	ὁ	ὁ	l-p---fa-	l-p---fa-	
1180	ἐξαίφνης	d--------	ἐξαίφνης	ἐξαίφνης	d--------	d--------	
1181	οὗτος	p-p---fa-	οὗτος	οὗτος	a-p---fa-	p-p---fa-	
1182	ἀπό	r--------	ἀπό	ἀπό	r--------	r--------	
1183	ὁ	l-s---fg-	ὁ	ὁ	l-s---fg-	l-s---fg-	
1184	οἰκεῖος	a-s---fg-	οἰκεῖος	οἰκεῖος	a-s---fg-	a-s---fg-	
1185	χώρα	n-s---fg-	χώρα	χώρα	n-s---fg-	n-s---fg-	
1186	αὐτός	p-s---mg-	αὐτός	αὐτός	p-s---mg-	p-s---mg-	
1187	στρατεία	n-p---fa-	στρατεία	στρατεία	n-p---fa-	n-p---fa-	
1188	εἰς	r--------	εἰς	εἰς	r--------	r--------	
1189	Πύλης	n-p---ma-	πύλη	Πύλης	n-p---ma-	n-p---ma-	DISAGREE
1190	καί	b--------	καί	καί	d--------	b--------	
1191	Χερσόνησος	n-s---fa-	χερσόνησος	Χερσόνησος	n-s---fa-	n-s---fa-	
1192	καί	b--------	καί	καί	d--------	b--------	
1193	Ὄλυνθος	n-s---ma-	ὄλυνθος	Ὄλυνθος	n-s---ma-	n-s---ma-	
1194	καί	b--------	καί	καί	c--------	b--------	
1195	ὅποι	d--------	ὅποι	ὅποι	d--------	d--------	
1196	βούλομαι	v3spim---	βούλομαι	βούλομαι	v3spie---	v3spim---	
1197	·	u--------	·	·	u--------	u--------	
1198	δέω	v3spia---	δεῖ	δέω	v3spia---	v3spia---	DISAGREE
1199	γάρ	g--------	γάρ	γάρ	d--------	g--------	
1200	ἐκεῖνος	p-s---md-	ἐκεῖνος	ἐκεῖνος	p-s---md-	p-s---md-	
1201	οὗτος	p-p---na-	οὗτος	οὗτος	p-p---na-	p-p---na-	
1202	ἐν	r--------	ἐν	ἐν	r--------	r--------	
1203	ὁ	l-s---fd-	ὁ	ὁ	l-s---fd-	l-s---fd-	
1204	γνώμη	n-s---fd-	γνώμη	γνώμη	n-s---fd-	n-s---fd-	
1205	παρίστημι	v--ana---	παρίστημι	παρίστημι	v--ana---	v--ana---	
1206	,	u--------	,	,	u--------	u--------	
1207	ὡς	c--------	ὡς	ὡς	c--------	c--------	
1208	σύ	p2p---cn-	σύ	σύ	p-p---mn-	p2p---cn-	
1209	ἐκ	r--------	ἐκ	ἐκ	r--------	r--------	
1210	ὁ	l-s---fg-	ὁ	ὁ	l-s---fg-	l-s---fg-	
1211	ἀμέλεια	n-s---fg-	ἀμέλεια	ἀμέλεια	n-s---fg-	n-s---fg-	
1212	οὗτος	p-s---fg-	οὗτος	οὗτος	a-s---fg-	p-s---fg-	
1213	ὁ	l-s---fg-	ὁ	ὁ	l-s---fg-	l-s---fg-	
1214	ἄγαν	d--------	ἄγαν	ἄγαν	d--------	d--------	
1215	,	u--------	,	,	u--------	u--------	
1216	ὥσπερ	c--------	ὥσπερ	ὥσπερ	c--------	c--------	
1217	εἰς	r--------	εἰς	εἰς	r--------	r--------	
1218	Εὔβοια	n-s---fa-	εὔβοια	Εὔβοια	n-s---fa-	n-s---fa-	
1219	καί	b--------	καί	καί	d--------	b--------	
1220	πρότερος	d-------c	πρότερος	πρότερος	d-------c	d-------c	
1221	ποτέ	d--------	ποτέ	ποτέ	d--------	d--------	
1222	φημί	v3spia---	φημί	φημί	v3spia---	v3spia---	
1223	εἰς	r--------	εἰς	εἰς	r--------	r--------	
1224	Ἁλίαρτος	n-s---ma-	ἁλίαρτος	Ἁλίαρτος	n-s---ma-	n-s---ma-	
1225	καί	b--------	καί	καί	c--------	b--------	
1226	ὁ	l-p---na-	ὁ	ὁ	l-p---na-	l-p---na-	
1227	τελευταῖος	a-p---na-	τελευταῖος	τελευταῖος	a-p---na-	a-p---na-	
1228	πρῴην	d--------	πρώην	πρῴην	d--------	d--------	
1229	εἰς	r--------	εἰς	εἰς	r--------	r--------	
1230	Πύλης	n-p---ma-	πύλη	Πύλης	n-p---ma-	n-p---ma-	DISAGREE
1231	,	u--------	,	,	u--------	u--------	
1232	ἴσως	d--------	ἴσως	ἴσως	d--------	d--------	
1233	ἄν	g--------	ἄν	ἄν	d--------	g--------	
1234							unmatched
1235	οὔτοι	d--------	οὔτοι		d--------		oga_only
1236	παντελής	d--------	παντελής		d--------		oga_only
1237	,	u--------	,		u--------		oga_only
1238							unmatched
1239	εἰ	c--------	εἰ		c--------		oga_only
1240	μή	d--------	μή		d--------		oga_only
1241	ποιέω	v3saom---	ποιέω		v3saom---		oga_only
1242	ἄν	d--------	ἄν		d--------		oga_only
1243	οὗτος	p-s---na-	οὗτος		p-s---na-		oga_only
1244	,	u--------	,		u--------		oga_only
1245	ὡς	c--------	ὡς		c--------		oga_only
1246	ἐγώ	p-s---mn-	ἐγώ		p-s---mn-		oga_only
1247	φημί	v1spia---	φημί		v1spia---		oga_only
1248	δεῖ	v--pna---	δεῖ		v--pna---		oga_only
1249	,	u--------	,		u--------		oga_only
1250	εὐκαταφρόνητος	a-s---nn-	εὐκαταφρόνητος		a-s---nn-		oga_only
1251							unmatched
1252	ἤ1	d--------	ἤ1		d--------		oga_only
1253	διά	r--------	διά		r--------		oga_only
1254	ὁ	l-s---ma-	ὁ		l-s---ma-		oga_only
1255	φόβος	n-s---ma-	φόβος		n-s---ma-		oga_only
1256	οἶδα	v-srpamn-	οἶδα		v-srpamn-		oga_only
1257	εὐτρεπής	a-p---ma-	εὐτρεπής		a-p---ma-		oga_only
1258	σύ	p-p---ma-	σύ		p-p---ma-		oga_only
1259	̔	u--------	̔		u--------		oga_only
1260	οἶδα	v3sfim---	οἶδα		v3sfim---		oga_only
1261	γάρ	g--------	γάρ	γάρ	d--------	g--------	
1262	ἀκριβής	d--------	ἀκριβής		d--------		oga_only
1263							unmatched
1264							unmatched
1265							unmatched
1266							unmatched
1267							unmatched
1268							unmatched
1269							unmatched
1270	ἐξαγγέλλω	v-pppamn-	ἐξαγγέλλω		v-pppamn-		oga_only
1271	ἐκεῖνος	p-s---md-	ἐκεῖνος		p-s---md-		oga_only
1272	παρά	r--------	παρά		r--------		oga_only
1273	ἐγώ	p-p---mg-	ἐγώ		p-p---mg-		oga_only
1274	αὐτός	a-p---mg-	αὐτός		a-p---mg-		oga_only
1275	πλείων	a-p---mnc	πλείων		a-p---mnc		oga_only
1276	ὁ	l-s---ng-	ὁ		l-s---ng-		oga_only
1277	δεῖ	v-sppang-	δεῖ		v-sppang-		oga_only
1278	)	u--------	)		u--------		oga_only
1279	ἡσυχία	n-s---fa-	ἡσυχία		n-s---fa-		oga_only
1280	ἔχω	v3spsa---	ἔχω		v3spsa---		oga_only
1281	,	u--------	,		u--------		oga_only
1282	ἤ1	c--------	ἤ1		c--------		oga_only
1283	παρεῖδον	v-sapamn-	παρεῖδον		v-sapamn-		oga_only
1284	οὗτος	p-p---na-	οὗτος		p-p---na-		oga_only
1285	ἀφύλακτος	a-s---mn-	ἀφύλακτος		a-s---mn-		oga_only
1286	λαμβάνω	v3sasp---	λαμβάνω		v3sasp---		oga_only
1287	,	u--------	,		u--------		oga_only
1288	μηδείς	p-s---mg-	μηδείς		p-s---mg-		oga_only
1289	εἰμί	v-sppamg-	εἰμί		v-sppamg-		oga_only
1290	ἐμποδών	d--------	ἐμποδών		d--------		oga_only
1291	πλέω	v--pna---	πλέω		v--pna---		oga_only
1292	ἐπί	r--------	ἐπί		r--------		oga_only
1293	ὁ	l-s---fa-	ὁ		l-s---fa-		oga_only
1294	ἐκεῖνος	p-s---mg-	ἐκεῖνος		p-s---mg-		oga_only
1295	χώρα	n-s---fa-	χώρα		n-s---fa-		oga_only
1296	σύ	p-p---md-	σύ		p-p---md-		oga_only
1297	,	u--------	,		u--------		oga_only
1298	ἄν	c--------	ἄν		c--------		oga_only
1299	ἐνδίδωμι	v3sasa---	ἐνδίδωμι		v3sasa---		oga_only
1300	καιρός	n-s---ma-	καιρός		n-s---ma-		oga_only
1301	.	u--------	.		u--------		oga_only
1302	οὗτος	p-p---nn-	οὗτος	οὗτος	p-p---nn-	p-p---nn-	
1303	μέν	g--------	μέν	μέν	d--------	g--------	
1304	εἰμί	v3spia---	εἰμί	εἰμί	v3spia---	v3spia---	
1305	ὅς	p-p---na-	ὅς	ὅς	p-p---na-	p-p---na-	
1306	πᾶς	a-p---md-	πᾶς	πᾶς	a-p---md-	a-p---md-	
1307	δοκέω	v--rnm---	δοκέω	δοκέω	v--rne---	v--rnm---	
1308	φημί	v1spia---	φημί	φημί	v1spia---	v1spia---	
1309	δέω	v--pna---	δεῖ	δέω	v--pna---	v--pna---	DISAGREE
1310	καί	b--------	καί	καί	c--------	b--------	
1311	παρασκευάζω	v--rnm---	παρασκευάζω	παρασκευάζω	v--rne---	v--rnm---	
1312	προσήκω	v--pna---	προσήκω	προσήκω	v--pna---	v--pna---	
1313	οἴομαι	v1spim---	οἴομαι	οἴομαι	v1spie---	v1spim---	
1314	·	u--------	·	·	u--------	u--------	
1315	πρό	r--------	πρό	πρό	r--------	r--------	
1316	δέ	b--------	δέ	δέ	d--------	b--------	
1317	οὗτος	p-p---ng-	οὗτος	οὗτος	p-p---ng-	p-p---ng-	
1318	δύναμις	n-s---fa-	δύναμις	δύναμις	n-s---fa-	n-s---fa-	
1319	τις	p-s---ca-	τις	τις	a-s---fa-	p-s---ca-	
1320	,	u--------	,	,	u--------	u--------	
1321	ὦ	i--------	ὦ	ὦ	i--------	i--------	
1322	ἀνήρ	n-p---mv-	ἀνήρ	ἀνήρ	n-p---mv-	n-p---mv-	
1323	Ἀθηναῖος	a-p---mv-	ἀθηναῖος	Ἀθηναῖος	a-p---mv-	a-p---mv-	
1324	,	u--------	,	,	u--------	u--------	
1325	φημί	v1spia---	φημί	φημί	v1spia---	v1spia---	
1326	προχειρίζω	v--anm---	προχειρίζω	προχειρίζω	v--anm---	v--anm---	
1327	δέω	v--pna---	δεῖ	δέω	v--pna---	v--pna---	DISAGREE
1328	σύ	p2p---ca-	σύ	σύ	p-p---ma-	p2p---ca-	
1329	,	u--------	,	,	u--------	u--------	
1330	ὅς	p-s---fn-	ὅς	ὅς	p-s---fn-	p-s---fn-	
1331	συνεχής	d--------	συνεχής	συνεχής	d--------	d--------	
1332	πολεμέω	v3sfia---	πολεμέω	πολεμέω	v3sfia---	v3sfia---	
1333	καί	b--------	καί	καί	c--------	b--------	
1334	κακός	d--------	κακός	κακός	d--------	d--------	
1335	ἐκεῖνος	p-s---ma-	ἐκεῖνος	ἐκεῖνος	p-s---ma-	p-s---ma-	
1336	ποιέω	v3sfia---	ποιέω	ποιέω	v3sfia---	v3sfia---	
1337	.	u--------	.	.	u--------	u--------	
1338	μή	d--------	μή	μή	d--------	d--------	
1339	ἐγώ	p1s---cd-	ἐγώ	ἐγώ	p-s---md-	p1s---cd-	
1340	μυρίος	a-p---ma-	μυρίος	μυρίος	a-p---ma-	a-p---ma-	
1341	μή	d--------	μη	μή	d--------	d--------	
1342	δέ	c--------	δέ		c--------		oga_only
1343	δισμύριοι	a-p---ma-	δισμύριοι		a-p---ma-		oga_only
1344	ξένος1	n-p---ma-	ξένος1		n-p---ma-		oga_only
1345	,	u--------	,		u--------		oga_only
1346	μη	d--------	μη		d--------		oga_only
1347	δέ	c--------	δέ		c--------		oga_only
1348	ὁ	l-p---fa-	ὁ		l-p---fa-		oga_only
1349	ἐπιστολιμαῖος	a-p---fa-	ἐπιστολιμαῖος		a-p---fa-		oga_only
1350	οὗτος	a-p---fa-	οὗτος		a-p---fa-		oga_only
1351	δύναμις	n-p---fa-	δύναμις		n-p---fa-		oga_only
1352	,	u--------	,		u--------		oga_only
1353	ἀλλά	c--------	ἀλλά		c--------		oga_only
1354	ὅς	p-p---nn-	ὅς		p-p---nn-		oga_only
1355	ὁ	l-s---fg-	ὁ		l-s---fg-		oga_only
1356	πόλις	n-s---fg-	πόλις		n-s---fg-		oga_only
1357	εἰμί	v3sfim---	εἰμί		v3sfim---		oga_only
1358	,	u--------	,		u--------		oga_only
1359	καί	d--------	καί		d--------		oga_only
1360	ἄν	c--------	ἄν		c--------		oga_only
1361	σύ	p-p---mn-	σύ		p-p---mn-		oga_only
1362	εἷς	n-s---ma-	εἷς		n-s---ma-		oga_only
1363	καί	d--------	καί		d--------		oga_only
1364	ἄν	c--------	ἄν		c--------		oga_only
1365	πλείων	a-p---mac	πλείων		a-p---mac		oga_only
1366	καί	d--------	καί		d--------		oga_only
1367	ἄν	c--------	ἄν		c--------		oga_only
1368	ὁ	l-s---ma-	ὁ		l-s---ma-		oga_only
1369	δεῖνα	n-s---ma-	δεῖνα		n-s---ma-		oga_only
1370	καί	c--------	καί		c--------		oga_only
1371	ἄν	c--------	ἄν		c--------		oga_only
1372	ὅστις	p-s---ma-	ὅστις		p-s---ma-		oga_only
1373	χειροτονέω	v2pasa---	χειροτονέω		v2pasa---		oga_only
1374	στρατηγός	n-s---ma-	στρατηγός		n-s---ma-		oga_only
1375	,	u--------	,		u--------		oga_only
1376	οὗτος	p-s---md-	οὗτος		p-s---md-		oga_only
1377	πάσχω	v3sfim---	πάσχω		v3sfim---		oga_only
1378	καί	c--------	καί		c--------		oga_only
1379	ἀκολουθέω	v3sfia---	ἀκολουθέω		v3sfia---		oga_only
1380							unmatched
1381	καί	b--------	καί	καί	d--------	b--------	
1382	τροφή	n-s---fa-	τροφή	τροφή	n-s---fa-	n-s---fa-	
1383	οὗτος	p-s---fd-	οὗτος	οὗτος	p-s---fd-	p-s---fd-	
1384	πορίζω	v--ana---	πορίζω	πορίζω	v--ana---	v--ana---	
1385	κελεύω	v1spia---	κελεύω	κελεύω	v1spia---	v1spia---	
1386	.	u--------	.	.	u--------	u--------	
1387	εἰμί	v3sfim---	εἰμί	εἰμί	v3sfim---	v3sfim---	
1388	δέ	b--------	δέ	δέ	d--------	b--------	
1389	οὗτος	p-s---fn-	οὗτος	οὗτος	a-s---fn-	p-s---fn-	
1390	τίς	p-s---cn-	τις	τίς	p-s---fn-	p-s---cn-	
1391	ὁ	l-s---fn-	ὁ	ὁ	l-s---fn-	l-s---fn-	
1392	δύναμις	n-s---fn-	δύναμις	δύναμις	n-s---fn-	n-s---fn-	
1393	καί	b--------	καί	καί	c--------	b--------	
1394	πόσος	a-s---fn-	πόσος	πόσος	a-s---fn-	a-s---fn-	
1395	,	u--------	,	,	u--------	u--------	
1396	καί	b--------	καί	καί	d--------	b--------	
1397	πόθεν	d--------	πόθεν	πόθεν	d--------	d--------	
1398	ὁ	l-s---fa-	ὁ	ὁ	l-s---fa-	l-s---fa-	
1399	τροφή	n-s---fa-	τροφή	τροφή	n-s---fa-	n-s---fa-	
1400	ἔχω	v3sfia---	ἔχω	ἔχω	v3sfia---	v3sfia---	
1401	,	u--------	,	,	u--------	u--------	
1402	καί	b--------	καί	καί	c--------	b--------	
1403	πῶς	d--------	πῶς	πῶς	d--------	d--------	
1404	οὗτος	p-p---na-	οὗτος	οὗτος	p-p---na-	p-p---na-	
1405	ἐθέλω	v3sfia---	ἐθέλω	ἐθέλω	v3sfia---	v3sfia---	
1406	ποιέω	v--pna---	ποιέω	ποιέω	v--pna---	v--pna---	
1407	;	u--------	;	;	u--------	u--------	
1408	ἐγώ	p1s---cn-	ἐγώ	ἐγώ	p-s---mn-	p1s---cn-	
1409	φράζω	v1sfia---	φράζω	φράζω	v1sfia---	v1sfia---	
1410	,	u--------	,	,	u--------	u--------	
1411	κατά	r--------	κατά	κατά	r--------	r--------	
1412	ἕκαστος	a-s---na-	ἕκαστος	ἕκαστος	a-s---ma-	a-s---na-	
1413	οὗτος	p-p---ng-	οὗτος	οὗτος	p-p---ng-	p-p---ng-	
1414	διεξέρχομαι	v-sppamn-	διέξειμι	διεξέρχομαι	v-sppamn-	v-sppamn-	DISAGREE
1415	χωρίς	d--------	χωρίς	χωρίς	d--------	d--------	
1416	.	u--------	.	.	u--------	u--------	
1417	ξένος	a-p---ma-	ξένος1	ξένος	n-p---ma-	a-p---ma-	
1418	μέν	g--------	μέν	μέν	d--------	g--------	
1419							unmatched
1420	ὅπως	g--------	ὅπως	ὅπως	d--------	g--------	
1421	μή	d--------	μή	μή	d--------	d--------	
1422	ποιέω	v3sasa---	ποιέω	ποιέω	v3sasa---	v3sasa---	
1423	ὅς	p-s---nn-	ὅς	ὅς	p-s---nn-	p-s---nn-	
1424	πολλάκις	d--------	πολλάκις	πολλάκις	d--------	d--------	
1425	σύ	p2p---ca-	σύ	σύ	p-p---ma-	p2p---ca-	
1426	βλάπτω	v3saia---	βλάπτω	βλάπτω	v3saia---	v3saia---	
1427	·	u--------	·	·	u--------	u--------	
1428	πᾶς	a-p---na-	πᾶς	πᾶς	a-p---na-	a-p---na-	
1429	ἐλαχύς	a-p---nac	ἐλάσσων	ἐλαχύς	a-p---nac	a-p---nac	DISAGREE
1430	νομίζω	v-pppamn-	νομίζω	νομίζω	v-pppamn-	v-pppamn-	
1431	εἰμί	v--pna---	εἰμί	εἰμί	v--pna---	v--pna---	
1432	ὁ	l-s---ng-	ὁ	ὁ	l-s---ng-	l-s---ng-	
1433	δέω	v-sppang-	δεῖ	δέω	v-sppang-	v-sppang-	DISAGREE
1434	,	u--------	,	,	u--------	u--------	
1435	καί	b--------	καί	καί	c--------	b--------	
1436	ὁ	l-p---na-	ὁ	ὁ	l-p---na-	l-p---na-	
1437	μέγας	a-p---nas	μέγας	μέγας	a-p---nas	a-p---nas	
1438	ἐν	r--------	ἐν	ἐν	r--------	r--------	
1439	ὁ	l-p---nd-	ὁ	ὁ	l-p---nd-	l-p---nd-	
1440	ψήφισμα	n-p---nd-	ψήφισμα	ψήφισμα	n-p---nd-	n-p---nd-	
1441	αἱρέω	v-pppmmn-	αἱρέω	αἱρέω	v-pppemn-	v-pppmmn-	
1442	,	u--------	,	,	u--------	u--------	
1443	ἐπί	r--------	ἐπί	ἐπί	r--------	r--------	
1444	ὁ	l-s---nd-	ὁ	ὁ	l-s---nd-	l-s---nd-	
1445	πράσσω	v--pna---	πράσσω	πράσσω	v--pna---	v--pna---	
1446	οὐ	d--------	οὐ	οὐ	d--------	d--------	
1447	δέ	c--------	δέ		c--------		oga_only
1448	ὁ	l-p---na-	ὁ		l-p---na-		oga_only
1449	μικρός	a-p---na-	μικρός		a-p---na-		oga_only
1450	ποιέω	v2ppia---	ποιέω		v2ppia---		oga_only
1451	·	u--------	·		u--------		oga_only
1452	ἀλλά	b--------	ἀλλά	ἀλλά	d--------	b--------	
1453	ὁ	l-p---na-	ὁ	ὁ	l-p---na-	l-p---na-	
1454	μικρός	a-p---na-	μικρός	μικρός	a-p---na-	a-p---na-	
1455	ποιέω	v-papamn-	ποιέω	ποιέω	v-papamn-	v-papamn-	
1456	καί	b--------	καί	καί	c--------	b--------	
1457	πορίζω	v-papamn-	πορίζω	πορίζω	v-papamn-	v-papamn-	
1458	οὗτος	p-p---nd-	οὗτος	οὗτος	p-p---nd-	p-p---nd-	
1459	προστίθημι	v2piia---	προστίθημι	προστίθημι	v2piia---	v2piia---	
1460	,	u--------	,	,	u--------	u--------	
1461	ἐάν	c--------	ἄν	ἐάν	c--------	c--------	DISAGREE
1462	ἐλαχύς	a-p---nnc	ἐλάσσων	ἐλαχύς	a-p---nnc	a-p---nnc	DISAGREE
1463	φαίνω	v3spsm---	φαίνω	φαίνω	v3spse---	v3spsm---	
1464	.	u--------	.	.	u--------	u--------	
1465	λέγω	v1spsa---	λέγω3	λέγω	v1spsa---	v1spsa---	
1466	δή	g--------	δή	δή	d--------	g--------	
1467	ὁ	l-p---ma-	ὁ	ὁ	l-p---ma-	l-p---ma-	
1468	πᾶς	a-p---ma-	πᾶς	πᾶς	a-p---ma-	a-p---ma-	
1469	στρατιώτης	n-p---ma-	στρατιώτης	στρατιώτης	n-p---ma-	n-p---ma-	
1470	δισχίλιοι	m-p---ma-	δισχίλιοι	δισχίλιοι	a-p---ma-	m-p---ma-	
1471	,	u--------	,	,	u--------	u--------	
1472	οὗτος	p-p---mg-	οὗτος	οὗτος	p-p---mg-	p-p---mg-	
1473	δέ	b--------	δέ	δέ	c--------	b--------	
1474	Ἀθηναῖος	a-p---ma-	ἀθήναιος	Ἀθηναῖος	n-p---ma-	a-p---ma-	
1475	φημί	v1spia---	φημί	φημί	v1spia---	v1spia---	
1476	δέω	v--pna---	δεῖ	δέω	v--pna---	v--pna---	DISAGREE
1477	εἰμί	v--pna---	εἰμί	εἰμί	v--pna---	v--pna---	
1478	πεντακόσιοι	m-p---ma-	πεντακόσιοι	πεντακόσιοι	a-p---ma-	m-p---ma-	
1479	,	u--------	,	,	u--------	u--------	
1480	ἐκ	r--------	ἐκ	ἐκ	r--------	r--------	
1481	ὅς	p-s---fg-	ὅς	ὅς	a-s---fg-	p-s---fg-	
1482	ἄν	g--------	ἄν	ἄν	d--------	g--------	
1483	τις	p-s---cg-	τις	τις	a-s---fg-	p-s---cg-	
1484	σύ	p2p---cd-	σύ	σύ	p-p---md-	p2p---cd-	
1485	ἡλικία	n-s---fg-	ἡλικία	ἡλικία	n-s---fg-	n-s---fg-	
1486	καλός	d--------	καλός	καλός	d--------	d--------	
1487	ἔχω	v--pna---	ἔχω	ἔχω	v--pna---	v--pna---	
1488	δοκέω	v3spsa---	δοκέω	δοκέω	v3spsa---	v3spsa---	
1489	,	u--------	,	,	u--------	u--------	
1490	χρόνος	n-s---ma-	χρόνος	χρόνος	n-s---ma-	n-s---ma-	
1491	τακτός	a-s---ma-	τακτός	τακτός	a-s---ma-	a-s---ma-	
1492	στρατεύω	v-pppmma-	στρατεύω	στρατεύω	v-pppema-	v-pppmma-	
1493	,	u--------	,	,	u--------	u--------	
1494	μή	d--------	μή	μή	d--------	d--------	
1495	μακρός	a-s---ma-	μακρός	μακρός	a-s---ma-	a-s---ma-	
1496	οὗτος	p-s---ma-	οὗτος	οὗτος	a-s---ma-	p-s---ma-	
1497	,	u--------	,	,	u--------	u--------	
1498	ἀλλά	b--------	ἀλλά	ἀλλά	c--------	b--------	
1499	ὅσος	p-s---ma-	ὅσος	ὅσος	a-s---ma-	p-s---ma-	
1500	ἄν	g--------	ἄν	ἄν	d--------	g--------	
1501	δοκέω	v3spsa---	δοκέω	δοκέω	v3spsa---	v3spsa---	
1502	καλός	d--------	καλός	καλός	d--------	d--------	
1503	ἔχω	v--pna---	ἔχω	ἔχω	v--pna---	v--pna---	
1504	,	u--------	,	,	u--------	u--------	
1505	ἐκ	r--------	ἐκ	ἐκ	r--------	r--------	
1506	διαδοχή	n-s---fg-	διαδοχή	διαδοχή	n-s---fg-	n-s---fg-	
1507	ἀλλήλων	p-p---md-	ἀλλήλων	ἀλλήλων	p-p---md-	p-p---md-	
1508	·	u--------	·	·	u--------	u--------	
1509	ὁ	l-p---ma-	ὁ	ὁ	l-p---ma-	l-p---ma-	
1510	δέ	b--------	δέ	δέ	d--------	b--------	
1511	ἄλλος	p-p---ma-	ἄλλος	ἄλλος	p-p---ma-	p-p---ma-	
1512	ξένος	a-p---ma-	ξένος1	ξένος	n-p---ma-	a-p---ma-	
1513	εἰμί	v--pna---	εἰμί	εἰμί	v--pna---	v--pna---	
1514	κελεύω	v1spia---	κελεύω	κελεύω	v1spia---	v1spia---	
1515	.	u--------	.	.	u--------	u--------	
1516	καί	b--------	καί	καί	d--------	b--------	
1517	μετά	r--------	μετά	μετά	r--------	r--------	
1518	οὗτος	p-p---mg-	οὗτος	οὗτος	p-p---mg-	p-p---mg-	
1519	ἱππεύς	n-p---ma-	ἱππεύς	ἱππεύς	n-p---ma-	n-p---ma-	
1520	διακόσιοι	m-p---ma-	διακόσιοι	διακόσιοι	a-p---ma-	m-p---ma-	
1521	,	u--------	,	,	u--------	u--------	
1522	καί	b--------	καί	καί	c--------	b--------	
1523	οὗτος	p-p---mg-	οὗτος	οὗτος	p-p---mg-	p-p---mg-	
1524	πεντήκοντα	m--------	πεντήκοντα	πεντήκοντα	a--------	m--------	
1525	Ἀθηναῖος	a-p---ma-	ἀθήναιος	Ἀθηναῖος	n-p---ma-	a-p---ma-	
1526	ὁ	l-s---na-	ὁ		l-s---na-		oga_only
1527	ἐλάχιστος	a-s---nas	ἐλάχιστος		a-s---nas		oga_only
1528	,	u--------	,		u--------		oga_only
1529	ὥσπερ	c--------	ὥσπερ		c--------		oga_only
1530	ὁ	l-p---ma-	ὁ		l-p---ma-		oga_only
1531	πεζός	a-p---ma-	πεζός		a-p---ma-		oga_only
1532	,	u--------	,		u--------		oga_only
1533	ὁ	l-s---ma-	ὁ		l-s---ma-		oga_only
1534	αὐτός	a-s---ma-	αὐτός		a-s---ma-		oga_only
1535	τρόπος	n-s---ma-	τρόπος		n-s---ma-		oga_only
1536	στρατεύω	v-pppema-	στρατεύω		v-pppema-		oga_only
1537							unmatched
1538	καί	b--------		καί		b--------	glaux_only
1539	ἱππαγωγός	a-p---ma-		ἱππαγωγός		a-p---ma-	glaux_only
1540	οὗτος	p-p---md-		οὗτος		p-p---md-	glaux_only
1541	.	u--------		.		u--------	glaux_only
1542	εἰμί	v3ppoa---		εἰμί		v3ppoa---	glaux_only
1543	·	u--------		·		u--------	glaux_only
1544	τίς	p-s---nn-		τίς		p-s---nn-	glaux_only
1545	πρός	r--------		πρός		r--------	glaux_only
1546	οὗτος	p-p---md-		οὗτος		p-p---md-	glaux_only
1547	ἔτι	d--------		ἔτι		d--------	glaux_only
1548	;	u--------		;		u--------	glaux_only
1549	ταχύς	a-p---fa-		ταχύς		a-p---fa-	glaux_only
1550	τριήρης	n-p---fa-		τριήρης		n-p---fa-	glaux_only
1551	δέκα	m--------		δέκα		m--------	glaux_only
1552	·	u--------		·		u--------	glaux_only
1553	δέω	v3spia---		δέω		v3spia---	glaux_only
1554	γάρ	g--------		γάρ		g--------	glaux_only
1555	,	u--------		,		u--------	glaux_only
1556	ἔχω	v-sppamg-		ἔχω		v-sppamg-	glaux_only
1557	ἐκεῖνος	p-s---mg-		ἐκεῖνος		p-s---mg-	glaux_only
1558	ναυτικός	n-s---na-		ναυτικός		n-s---na-	glaux_only
1559	,	u--------		,		u--------	glaux_only
1560	καί	d--------		καί		d--------	glaux_only
1561	ταχύς	a-p---fg-		ταχύς		a-p---fg-	glaux_only
1562	τριήρης	n-p---fg-		τριήρης		n-p---fg-	glaux_only
1563	ἐγώ	p1p---cd-		ἐγώ		p1p---cd-	glaux_only
1564	,	u--------		,		u--------	glaux_only
1565	ὅπως	c--------		ὅπως		c--------	glaux_only
1566	ἀσφαλής	d--------		ἀσφαλής		d--------	glaux_only
1567	ὁ	l-s---fn-		ὁ		l-s---fn-	glaux_only
1568	δύναμις	n-s---fn-		δύναμις		n-s---fn-	glaux_only
1569	πλέω	v3spsa---		πλέω		v3spsa---	glaux_only
1570	.	u--------		.		u--------	glaux_only
1571	πόθεν	d--------		πόθεν		d--------	glaux_only
1572	δή	g--------		δή		g--------	glaux_only
1573	οὗτος	p-p---md-		οὗτος		p-p---md-	glaux_only
1574	ὁ	l-s---fn-	ὁ	ὁ	l-s---fn-	l-s---fn-	
1575	τροφή	n-s---fn-		τροφή		n-s---fn-	glaux_only
1576	γίγνομαι	v3sfim---		γίγνομαι		v3sfim---	glaux_only
1577	;	u--------		;		u--------	glaux_only
1578	ἐγώ	p1s---cn-		ἐγώ		p1s---cn-	glaux_only
1579	καί	b--------		καί		b--------	glaux_only
1580	οὗτος	p-s---na-		οὗτος		p-s---na-	glaux_only
1581	φράζω	v1sfia---		φράζω		v1sfia---	glaux_only
1582	καί	b--------		καί		b--------	glaux_only
1583	δείκνυμι	v1sfia---		δείκνυμι		v1sfia---	glaux_only
1584	,	u--------		,		u--------	glaux_only
1585	ἐπειδάν	c--------		ἐπειδάν		c--------	glaux_only
1586	,	u--------		,		u--------	glaux_only
1587	διότι	c--------		διότι		c--------	glaux_only
1588	τηλικοῦτος	p-s---fa-		τηλικοῦτος		p-s---fa-	glaux_only
1589	ἀποχράω	v--pna---		ἀποχράω		v--pna---	glaux_only
1590	οἴομαι	v1spim---		οἴομαι		v1spim---	glaux_only
1591	ὁ	l-s---fa-		ὁ		l-s---fa-	glaux_only
1592	δύναμις	n-s---fa-		δύναμις		n-s---fa-	glaux_only
1593	καί	b--------		καί		b--------	glaux_only
1594	πολίτης	n-p---ma-		πολίτης		n-p---ma-	glaux_only
1595	ὁ	l-p---ma-		ὁ		l-p---ma-	glaux_only
1596	στρατεύω	v-pppmma-		στρατεύω		v-pppmma-	glaux_only
1597	εἰμί	v--pna---		εἰμί		v--pna---	glaux_only
1598	κελεύω	v1spia---		κελεύω		v1spia---	glaux_only
1599	,	u--------		,		u--------	glaux_only
1600	διδάσκω	v1sfia---		διδάσκω		v1sfia---	glaux_only
1601	.	u--------		.		u--------	glaux_only
1602	τοσοῦτος	p-s---fa-		τοσοῦτος		p-s---fa-	glaux_only
1603	μέν	g--------		μέν		g--------	glaux_only
1604	,	u--------		,		u--------	glaux_only
1605	ὦ	i--------		ὦ		i--------	glaux_only
1606	ἀνήρ	n-p---mv-		ἀνήρ		n-p---mv-	glaux_only
1607	Ἀθηναῖος	a-p---mv-		Ἀθηναῖος		a-p---mv-	glaux_only
1608	,	u--------	,	,	u--------	u--------	
1609	διά	r--------		διά		r--------	glaux_only
1610	οὗτος	p-p---na-		οὗτος		p-p---na-	glaux_only
1611	,	u--------		,		u--------	glaux_only
1612	ὅτι	c--------		ὅτι		c--------	glaux_only
1613	οὐ	d--------		οὐ		d--------	glaux_only
1614	ἐν	r--------		ἐν		r--------	glaux_only
1615	νῦν	d--------		νῦν		d--------	glaux_only
1616	ἐγώ	p1p---cd-		ἐγώ		p1p---cd-	glaux_only
1617	πορίζω	v--anm---		πορίζω		v--anm---	glaux_only
1618	δύναμις	n-s---fa-		δύναμις		n-s---fa-	glaux_only
1619	ὁ	l-s---fa-		ὁ		l-s---fa-	glaux_only
1620	ἐκεῖνος	p-s---md-		ἐκεῖνος		p-s---md-	glaux_only
1621	παρατάσσω	v-sfpmfa-		παρατάσσω		v-sfpmfa-	glaux_only
1622	,	u--------		,		u--------	glaux_only
1623	ἀλλά	b--------		ἀλλά		b--------	glaux_only
1624	λῃστεύω	v--pna---		λῃστεύω		v--pna---	glaux_only
1625	ἀνάγκη	n-s---fn-		ἀνάγκη		n-s---fn-	glaux_only
1626	καί	b--------		καί		b--------	glaux_only
1627	οὗτος	p-s---md-		οὗτος		p-s---md-	glaux_only
1628	ὁ	l-s---md-		ὁ		l-s---md-	glaux_only
1629	τρόπος	n-s---md-		τρόπος		n-s---md-	glaux_only
1630	ὁ	l-s---mg-		ὁ		l-s---mg-	glaux_only
1631	πόλεμος	n-s---mg-		πόλεμος		n-s---mg-	glaux_only
1632	χράω	v--pnm---		χράω		v--pnm---	glaux_only
1633	ὁ	l-s---fa-		ὁ		l-s---fa-	glaux_only
1634	πρότερος	a-s---fac		πρότερος		a-s---fac	glaux_only
1635	·	u--------		·		u--------	glaux_only
1636	οὐ	d--------		οὐ		d--------	glaux_only
1637	τοίνυν	g--------		τοίνυν		g--------	glaux_only
1638	ὑπέρογκος	a-s---fa-		ὑπέρογκος		a-s---fa-	glaux_only
1639	αὐτός	p-s---fa-		αὐτός		p-s---fa-	glaux_only
1640	(	u--------		(		u--------	glaux_only
1641	οὐ	d--------		οὐ		d--------	glaux_only
1642	γάρ	g--------		γάρ		g--------	glaux_only
1643	εἰμί	v3spia---		εἰμί		v3spia---	glaux_only
1644	μισθός	n-s---mn-		μισθός		n-s---mn-	glaux_only
1645	οὐ	d--------	οὐ	οὐ	d--------	d--------	
1646							unmatched
1647							unmatched
1648							unmatched
1649							unmatched
1650	οὐ	d--------	οὐ		d--------		oga_only
1651							unmatched
1652							unmatched
1653							unmatched
1654							unmatched
1655							unmatched
1656							unmatched
1657	πολίτης	n-p---ma-		πολίτης		n-p---ma-	glaux_only
1658	δέ	b--------	δέ	δέ	c--------	b--------	
1659	πάρειμι	v--pna---		πάρειμι		v--pna---	glaux_only
1660	καί	b--------		καί		b--------	glaux_only
1661	συμπλέω	v--pna---		συμπλέω		v--pna---	glaux_only
1662	διά	r--------		διά		r--------	glaux_only
1663	οὗτος	p-p---na-		οὗτος		p-p---na-	glaux_only
1664	κελεύω	v1spia---		κελεύω		v1spia---	glaux_only
1665	,	u--------		,		u--------	glaux_only
1666	ὅτι	c--------		ὅτι		c--------	glaux_only
1667	καί	b--------	καί	καί	c--------	b--------	
1668	πρότερος	d-------c		πρότερος		d-------c	glaux_only
1669	ποτέ	d--------		ποτέ		d--------	glaux_only
1670	ἀκούω	v1spia---		ἀκούω		v1spia---	glaux_only
1671	ξενικός	a-s---na-		ξενικός		a-s---na-	glaux_only
1672	τρέφω	v--pna---		τρέφω		v--pna---	glaux_only
1673	ἐν	r--------		ἐν		r--------	glaux_only
1674	Κόρινθος	n-s---fd-		Κόρινθος		n-s---fd-	glaux_only
1675	ὁ	l-s---fa-		ὁ		l-s---fa-	glaux_only
1676	πόλις	n-s---fa-		πόλις		n-s---fa-	glaux_only
1677	,	u--------		,		u--------	glaux_only
1678	ὅς	p-s---ng-		ὅς		p-s---ng-	glaux_only
1679	Πολύστρατος	n-s---mn-		Πολύστρατος		n-s---mn-	glaux_only
1680	ἡγέομαι	v3siim---		ἡγέομαι		v3siim---	glaux_only
1681	καί	b--------		καί		b--------	glaux_only
1682	Ἰφικράτης	n-s---mn-		Ἰφικράτης		n-s---mn-	glaux_only
1683	καί	b--------		καί		b--------	glaux_only
1684	Χαβρίας	n-s---mn-		Χαβρίας		n-s---mn-	glaux_only
1685	καί	b--------	καί	καί	d--------	b--------	
1686	ἄλλος	p-p---mn-		ἄλλος		p-p---mn-	glaux_only
1687	τις	p-p---cn-		τις		p-p---cn-	glaux_only
1688	,	u--------		,		u--------	glaux_only
1689	καί	b--------	καί	καί	c--------	b--------	
1690	αὐτός	p-p---ma-		αὐτός		p-p---ma-	glaux_only
1691	σύ	p2p---ca-		σύ		p2p---ca-	glaux_only
1692	συστρατεύω	v--pnm---	συστρατεύομαι	συστρατεύω	v--pne---	v--pnm---	DISAGREE
1693	·	u--------	·	·	u--------	u--------	
1694	καί	b--------	καί	καί	d--------	b--------	
1695	οἶδα	v1sria---	οἶδα	οἶδα	v1spia---	v1sria---	
1696	ἀκούω	v-sppamn-	ἀκούω	ἀκούω	v-sppamn-	v-sppamn-	
1697	ὅτι	c--------	ὅτι	ὅτι	c--------	c--------	
1698	Λακεδαιμόνιος	a-p---ma-	λακεδαιμόνιος	Λακεδαιμόνιος	n-p---ma-	a-p---ma-	
1699	παρατάσσω	v-pppmmn-	παρατάσσω	παρατάσσω	v-pppemn-	v-pppmmn-	
1700	μετά	r--------	μετά	μετά	r--------	r--------	
1701	σύ	p2p---cg-	σύ	σύ	p-p---mg-	p2p---cg-	
1702	νικάω	v3piia---	νικάω	νικάω	v3piia---	v3piia---	
1703	οὗτος	p-p---mn-	οὗτος	οὗτος	a-p---mn-	p-p---mn-	
1704	ὁ	l-p---mn-	ὁ	ὁ	l-p---mn-	l-p---mn-	
1705	ξένος	a-p---mn-	ξένος1	ξένος	n-p---mn-	a-p---mn-	
1706	καί	b--------	καί	καί	c--------	b--------	
1707	σύ	p2p---cn-	σύ	σύ	p-p---mn-	p2p---cn-	
1708	μετά	r--------	μετά	μετά	r--------	r--------	
1709	ἐκεῖνος	p-p---mg-	ἐκεῖνος	ἐκεῖνος	p-p---mg-	p-p---mg-	
1710	.	u--------		.		u--------	glaux_only
1711	ἐκ	r--------	ἐκ	ἐκ	r--------	r--------	
1712	ὅς	p-s---ng-	ὅς	ὅς	p-s---ng-	p-s---ng-	
1713	δέ	b--------	δέ	δέ	d--------	b--------	
1714	αὐτός	p-p---nn-	αὐτός	αὐτός	a-p---nn-	p-p---nn-	
1715	κατά	r--------	κατά	κατά	r--------	r--------	
1716	ἑαυτοῦ	p-p---na-	ἑαυτοῦ	ἑαυτοῦ	p-p---na-	p-p---na-	
1717	ὁ	l-p---nn-	ὁ	ὁ	l-p---nn-	l-p---nn-	
1718	ξενικός	a-p---nn-	ξενικός	ξενικός	a-p---nn-	a-p---nn-	
1719	σύ	p2p---cd-	σύ	σύ	p-p---md-	p2p---cd-	
1720	στρατεύω	v3spim---	στρατεύω	στρατεύω	v3spie---	v3spim---	
1721	,	u--------	,	,	u--------	u--------	
1722	ὁ	l-p---ma-	ὁ	ὁ	l-p---ma-	l-p---ma-	
1723	φίλος	a-p---ma-	φίλος	φίλος	n-p---ma-	a-p---ma-	
1724	νικάω	v2spsm---	νικάω	νικάω	v3spia---	v2spsm---	
1725	καί	b--------	καί	καί	c--------	b--------	
1726	ὁ	l-p---ma-	ὁ	ὁ	l-p---ma-	l-p---ma-	
1727	σύμμαχος	a-p---ma-	σύμμαχος	σύμμαχος	n-p---ma-	a-p---ma-	
1728	,	u--------	,	,	u--------	u--------	
1729	ὁ	l-p---mn-	ὁ	ὁ	l-p---mn-	l-p---mn-	
1730	δέ	b--------	δέ	δέ	c--------	b--------	
1731	ἐχθρός	a-p---mn-	ἐχθρός	ἐχθρός	n-p---mn-	a-p---mn-	
1732	μέγας	a-p---mnc	μέγας	μέγας	a-p---mnc	a-p---mnc	
1733	ὁ	p-s---ng-	ὁ	ὁ	l-s---ng-	p-s---ng-	
1734	δέω	v-sppamg-	δεῖ	δέω	v-sppang-	v-sppamg-	DISAGREE
1735	γίγνομαι	v3pria---	γίγνομαι	γίγνομαι	v3pria---	v3pria---	
1736	.	u--------	.	.	u--------	u--------	
1737	καί	b--------	καί	καί	d--------	b--------	
1738	παρακύπτω	v-papann-	παρακύπτω	παρακύπτω	v-papann-	v-papann-	
1739	ἐπί	r--------	ἐπί	ἐπί	r--------	r--------	
1740	ὁ	l-s---ma-	ὁ	ὁ	l-s---ma-	l-s---ma-	
1741	ὁ	l-s---fg-	ὁ	ὁ	l-s---fg-	l-s---fg-	
1742	πόλις	n-s---fg-	πόλις	πόλις	n-s---fg-	n-s---fg-	
1743	πόλεμος	n-s---ma-	πόλεμος	πόλεμος	n-s---ma-	n-s---ma-	
1744	,	u--------	,	,	u--------	u--------	
1745	πρός	r--------	πρός	πρός	r--------	r--------	
1746	Ἀρτάβαζος	n-s---ma-	ἀρτάβαζος	Ἀρτάβαζος	n-s---ma-	n-s---ma-	
1747	καί	b--------	καί	καί	d--------	b--------	
1748	πανταχοῖ	d--------	πανταχοῖ	πανταχοῖ	d--------	d--------	
1749	μάλα	d-------c	μᾶλλον	μάλα	d--------	d-------c	DISAGREE
1750	οἴχομαι	v3spim---	οἴχομαι	οἴχομαι	v3spie---	v3spim---	
1751	πλέω	v-pppann-	πλέω	πλέω	v-pppann-	v-pppann-	
1752	,	u--------	,	,	u--------	u--------	
1753	ὁ	l-s---mn-	ὁ	ὁ	l-s---mn-	l-s---mn-	
1754	δέ	b--------	δέ	δέ	c--------	b--------	
1755	στρατηγός	n-s---mn-	στρατηγός	στρατηγός	n-s---mn-	n-s---mn-	
1756	ἀκολουθέω	v3spia---	ἀκολουθέω	ἀκολουθέω	v3spia---	v3spia---	
1757	,	u--------	,	,	u--------	u--------	
1758	ἔοικα	d--------	εἰκότως	ἔοικα	d--------	d--------	DISAGREE
1759	·	u--------	·	·	u--------	u--------	
1760	οὐ	d--------	οὐ	οὐ	d--------	d--------	
1761	γάρ	g--------	γάρ	γάρ	d--------	g--------	
1762	εἰμί	v3spia---	εἰμί	εἰμί	v3spia---	v3spia---	
1763	ἄρχω	v--pna---	ἄρχω	ἄρχω	v--pna---	v--pna---	
1764	μή	d--------	μή	μή	d--------	d--------	
1765	δίδωμι	v-sppama-	δίδωμι	δίδωμι	v-sppama-	v-sppama-	
1766	μισθός	n-s---ma-	μισθός	μισθός	n-s---ma-	n-s---ma-	
1767	.	u--------	.	.	u--------	u--------	
1768	τίς	p-s---na-	τίς	τίς	p-s---na-	p-s---na-	
1769	οὖν	g--------	οὖν	οὖν	d--------	g--------	
1770	κελεύω	v1spia---	κελεύω	κελεύω	v1spia---	v1spia---	
1771	;	u--------	;	;	u--------	u--------	
1772	ὁ	l-p---fa-	ὁ	ὁ	l-p---fa-	l-p---fa-	
1773	πρόφασις	n-p---fa-	πρόφασις	πρόφασις	n-p---fa-	n-p---fa-	
1774	ἀφαιρέω	v--ana---	ἀφαιρέω	ἀφαιρέω	v--ana---	v--ana---	
1775	καί	b--------	καί	καί	d--------	b--------	
1776	ὁ	l-s---mg-	ὁ	ὁ	l-s---mg-	l-s---mg-	
1777	στρατηγός	n-s---mg-	στρατηγός	στρατηγός	n-s---mg-	n-s---mg-	
1778	καί	b--------	καί	καί	c--------	b--------	
1779	ὁ	l-p---mg-	ὁ	ὁ	l-p---mg-	l-p---mg-	
1780	στρατιώτης	n-p---mg-	στρατιώτης	στρατιώτης	n-p---mg-	n-p---mg-	
1781	,	u--------	,	,	u--------	u--------	
1782	μισθός	n-s---ma-	μισθός	μισθός	n-s---ma-	n-s---ma-	
1783	πορίζω	v-papama-	πορίζω	πορίζω	v-papama-	v-papama-	
1784	καί	b--------	καί	καί	c--------	b--------	
1785	στρατιώτης	n-p---ma-	στρατιώτης	στρατιώτης	n-p---ma-	n-p---ma-	
1786	οἰκεῖος	a-p---ma-	οἰκεῖος	οἰκεῖος	a-p---ma-	a-p---ma-	
1787	ὥσπερ	d--------	ὥσπερ	ὥσπερ	d--------	d--------	
1788	ἐπόπτης	n-p---ma-	ἐπόπτης	ἐπόπτης	n-p---ma-	n-p---ma-	
1789	ὁ	l-p---mg-	ὁ	ὁ	l-p---mg-	l-p---mg-	
1790	στρατηγέω	v-pppmmg-	στρατηγέω	στρατηγέω	v-pppemg-	v-pppmmg-	
1791	παρακαθίστημι	v-papama-	παρακαθίστημι	παρακαθίστημι	v-papama-	v-papama-	
1792	·	u--------		·		u--------	glaux_only
1793	ἐπεί	g--------	ἐπεί	ἐπεί	d--------	g--------	
1794	νῦν	d--------	νῦν	νῦν	d--------	d--------	
1795	γε	d--------	γε	γε	d--------	d--------	
1796	γέλως	n-s---mn-	γέλως	γέλως	n-s---mn-	n-s---mn-	
1797	εἰμί	v3spia---	εἰμί	εἰμί	v3spia---	v3spia---	
1798	ὡς	c--------	ὡς	ὡς	c--------	c--------	
1799	χράω	v1ppim---	χράομαι	χράω	v1ppie---	v1ppim---	DISAGREE
1800	ὁ	l-p---nd-	ὁ	ὁ	l-p---nd-	l-p---nd-	
1801	πρᾶγμα	n-p---nd-	πρᾶγμα	πρᾶγμα	n-p---nd-	n-p---nd-	
1802	.	u--------	.	.	u--------	u--------	
1803	εἰ	c--------	εἰ	εἰ	c--------	c--------	
1804	γάρ	g--------	γάρ	γάρ	d--------	g--------	
1805	ἔρομαι	v3saom---	ἔρομαι	ἔρομαι	v3saom---	v3saom---	
1806	τις	p-s---cn-	τις	τις	p-s---mn-	p-s---cn-	
1807	σύ	p2p---ca-	σύ	σύ	p-p---ma-	p2p---ca-	
1808	,	u--------	,	,	u--------	u--------	
1809	εἰρήνη	n-s---fa-	εἰρήνη	εἰρήνη	n-s---fa-	n-s---fa-	
1810	ἄγω	v2spia---	ἄγε	ἄγω	v2spia---	v2spia---	DISAGREE
1811	,	u--------	,	,	u--------	u--------	
1812	ὦ	i--------	ὦ	ὦ	d--------	i--------	
1813	ἀνήρ	n-p---mv-	ἀνήρ	ἀνήρ	n-p---mv-	n-p---mv-	
1814	Ἀθηναῖος	a-p---mv-	ἀθηναῖος	Ἀθηναῖος	a-p---mv-	a-p---mv-	
1815	;	u--------	;		u--------		oga_only
1816	μά	r--------	μά	μά	r--------	r--------	
1817	Ζεύς	n-s---ma-	ζεύς	Ζεύς	n-s---ma-	n-s---ma-	
1818	οὐ	d--------	οὐ	οὐ	d--------	d--------	
1819	ἐγώ	p1p---cn-	ἐγώ	ἐγώ	p1p---mn-	p1p---cn-	
1820	γε	d--------	γε	γε	d--------	d--------	
1821	,	u--------	,	,	u--------	u--------	
1822	λέγω	v2paoa---	εἶπον	λέγω	v2paoa---	v2paoa---	DISAGREE
1823	ἄν	g--------	ἄν	ἄν	d--------	g--------	
1824	,	u--------	,	,	u--------	u--------	
1825	ἀλλά	b--------	ἀλλά	ἀλλά	c--------	b--------	
1826	Φίλιππος	n-s---md-	φίλιππος	Φίλιππος	n-s---md-	n-s---md-	
1827	πολεμέω	v1ppia---	πολεμέω	πολεμέω	v1ppia---	v1ppia---	
1828	.	u--------	.	.	u--------	u--------	
1829	οὐ	d--------	οὐ	οὐ	d--------	d--------	
1830	χειροτονέω	v2piia---	χειροτονέω	χειροτονέω	v2piia---	v2piia---	
1831	δέ	b--------	δέ	δέ	d--------	b--------	
1832	ἐκ	r--------	ἐκ	ἐκ	r--------	r--------	
1833	σύ	p2p---cg-	σύ	σύ	p-p---mg-	p2p---cg-	
1834	αὐτός	p-p---mg-	αὐτός	αὐτός	a-p---mg-	p-p---mg-	
1835	δέκα	m--------	δέκα	δέκα	a--------	m--------	
1836	ταξίαρχος	n-p---ma-	ταξίαρχος	ταξίαρχος	n-p---ma-	n-p---ma-	
1837	καί	b--------	καί	καί	d--------	b--------	
1838	στρατηγός	n-p---ma-	στρατηγός	στρατηγός	n-p---ma-	n-p---ma-	
1839	καί	b--------	καί	καί	d--------	b--------	
1840	φύλαρχος	n-p---ma-	φύλαρχος	φύλαρχος	n-p---ma-	n-p---ma-	
1841	καί	b--------	καί	καί	c--------	b--------	
1842	Ἵππαρχος	n-p---ma-	ἵππαρχος	Ἵππαρχος	n-p---ma-	n-p---ma-	
1843	δύο	m--------	δύο	δύο	a--------	m--------	
1844	;	u--------	;	;	u--------	u--------	
1845	τίς	p-s---na-	τίς	τίς	p-s---na-	p-s---na-	
1846	οὖν	g--------	οὖν	οὖν	d--------	g--------	
1847	οὗτος	p-p---mn-	οὗτος	οὗτος	p-p---mn-	p-p---mn-	
1848	ποιέω	v3ppia---	ποιέω	ποιέω	v3ppia---	v3ppia---	
1849	;	u--------	;	;	u--------	u--------	
1850	πλήν	r--------	πλήν	πλήν	r--------	r--------	
1851	εἷς	m-s---ng-	εἷς	εἷς	a-s---ng-	m-s---ng-	
1852	ἀνήρ	n-s---mg-	ἀνήρ	ἀνήρ	n-s---mg-	n-s---mg-	
1853	,	u--------	,	,	u--------	u--------	
1854	ὅς	p-s---ma-	ὅς	ὅς	p-s---ma-	p-s---ma-	
1855	ἄν	g--------	ἄν	ἄν	d--------	g--------	
1856	ἐκπέμπω	v2pasa---	ἐκπέμπω	ἐκπέμπω	v2pasa---	v2pasa---	
1857	ἐπί	r--------	ἐπί	ἐπί	r--------	r--------	
1858	ὁ	l-s---ma-	ὁ	ὁ	l-s---ma-	l-s---ma-	
1859	πόλεμος	n-s---ma-	πόλεμος	πόλεμος	n-s---ma-	n-s---ma-	
1860	,	u--------	,	,	u--------	u--------	
1861	ὁ	l-p---mn-	ὁ	ὁ	l-p---mn-	l-p---mn-	
1862	λοιπός	a-p---mn-	λοιπός	λοιπός	a-p---mn-	a-p---mn-	
1863	ὁ	l-p---fa-	ὁ	ὁ	l-p---fa-	l-p---fa-	
1864	πομπή	n-p---fa-	πομπή	πομπή	n-p---fa-	n-p---fa-	
1865	πέμπω	v3ppia---	πέμπω	πέμπω	v3ppia---	v3ppia---	
1866	σύ	p2p---cd-	σύ	σύ	p-p---md-	p2p---cd-	
1867	μετά	r--------	μετά	μετά	r--------	r--------	
1868	ὁ	l-p---mg-	ὁ	ὁ	l-p---mg-	l-p---mg-	
1869	ἱεροποιός	a-p---mg-	ἱεροποιός	ἱεροποιός	n-p---mg-	a-p---mg-	
1870	·	u--------	·	·	u--------	u--------	
1871	ὥσπερ	c--------	ὥσπερ	ὥσπερ	c--------	c--------	
1872	γάρ	g--------	γάρ	γάρ	d--------	g--------	
1873	ὁ	l-p---mn-	ὁ	ὁ	l-p---mn-	l-p---mn-	
1874	πλάσσω	v-pppamn-	πλάσσω	πλάσσω	v-pppamn-	v-pppamn-	
1875	ὁ	l-p---ma-	ὁ	ὁ	l-p---ma-	l-p---ma-	
1876	πήλινος	a-p---ma-	πήλινος	πήλινος	a-p---ma-	a-p---ma-	
1877	,	u--------	,	,	u--------	u--------	
1878	εἰς	r--------	εἰς	εἰς	r--------	r--------	
1879	ὁ	l-s---fa-	ὁ	ὁ	l-s---fa-	l-s---fa-	
1880	ἀγορά	n-s---fa-	ἀγορά	ἀγορά	n-s---fa-	n-s---fa-	
1881	χειροτονέω	v2ppia---	χειροτονέω	χειροτονέω	v2ppia---	v2ppia---	
1882	ὁ	l-p---ma-	ὁ	ὁ	l-p---ma-	l-p---ma-	
1883	ταξίαρχος	n-p---ma-	ταξίαρχος	ταξίαρχος	n-p---ma-	n-p---ma-	
1884	καί	b--------	καί	καί	c--------	b--------	
1885	ὁ	l-p---ma-	ὁ	ὁ	l-p---ma-	l-p---ma-	
1886	φύλαρχος	n-p---ma-	φύλαρχος	φύλαρχος	n-p---ma-	n-p---ma-	
1887	,	u--------	,	,	u--------	u--------	
1888	οὐ	d--------	οὐ	οὐ	d--------	d--------	
1889	ἐπί	r--------	ἐπί	ἐπί	r--------	r--------	
1890	ὁ	l-s---ma-	ὁ	ὁ	l-s---ma-	l-s---ma-	
1891	πόλεμος	n-s---ma-	πόλεμος	πόλεμος	n-s---ma-	n-s---ma-	
1892	.	u--------		.		u--------	glaux_only
1893	οὐ	d--------	οὐ	οὐ	d--------	d--------	
1894	γάρ	g--------	γάρ	γάρ	d--------	g--------	
1895	χρή	v3siia---	χρή	χρή	v3siia---	v3siia---	
1896	,	u--------	,	,	u--------	u--------	
1897	ὦ	i--------	ὦ	ὦ	i--------	i--------	
1898	ἀνήρ	n-p---mv-	ἀνήρ	ἀνήρ	n-p---mv-	n-p---mv-	
1899	Ἀθηναῖος	a-p---mv-	ἀθηναῖος	Ἀθηναῖος	a-p---mv-	a-p---mv-	
1900	,	u--------	,	,	u--------	u--------	
1901	ταξίαρχος	n-p---ma-	ταξίαρχος	ταξίαρχος	n-p---ma-	n-p---ma-	
1902	παρά	r--------	παρά	παρά	r--------	r--------	
1903	σύ	p2p---cg-	σύ	σύ	p-p---mg-	p2p---cg-	
1904	,	u--------	,	,	u--------	u--------	
1905	Ἵππαρχος	n-s---ma-	ἵππαρχος	Ἵππαρχος	n-s---ma-	n-s---ma-	
1906	παρά	r--------	παρά	παρά	r--------	r--------	
1907	σύ	p2p---cg-	σύ	σύ	p-p---mg-	p2p---cg-	
1908	,	u--------	,	,	u--------	u--------	
1909	ἄρχω	v-pppama-	ἄρχων	ἄρχω	n-p---ma-	v-pppama-	DISAGREE
1910	οἰκεῖος	a-p---ma-	οἰκεῖος	οἰκεῖος	a-p---ma-	a-p---ma-	
1911	εἰμί	v--pna---	εἰμί	εἰμί	v--pna---	v--pna---	
1912	,	u--------	,	,	u--------	u--------	
1913	ἵνα	c--------	ἵνα	ἵνα	c--------	c--------	
1914	εἰμί	v3siia---	εἰμί	εἰμί	v3siia---	v3siia---	
1915	ὡς	d--------	ὡς	ὡς	d--------	d--------	
1916	ἀληθής	d--------	ἀληθής	ἀληθής	d--------	d--------	
1917	ὁ	l-s---fg-	ὁ	ὁ	l-s---fg-	l-s---fg-	
1918	πόλις	n-s---fg-	πόλις	πόλις	n-s---fg-	n-s---fg-	
1919	ὁ	l-s---fn-	ὁ	ὁ	l-s---fn-	l-s---fn-	
1920	δύναμις	n-s---fn-	δύναμις	δύναμις	n-s---fn-	n-s---fn-	
1921	;	u--------		;		u--------	glaux_only
1922	ἀλλά	b--------	ἀλλά	ἀλλά	d--------	b--------	
1923	εἰς	r--------	εἰς	εἰς	r--------	r--------	
1924	μέν	g--------	μέν	μέν	d--------	g--------	
1925	Λῆμνος	n-s---fa-	λῆμνος	Λῆμνος	n-s---fa-	n-s---fa-	
1926	ὁ	l-s---ma-	ὁ	ὁ	l-s---ma-	l-s---ma-	
1927	παρά	r--------	παρά	παρά	r--------	r--------	
1928	σύ	p2p---cg-	σύ	σύ	p-p---mg-	p2p---cg-	
1929	Ἵππαρχος	n-s---ma-	ἵππαρχος	Ἵππαρχος	n-s---ma-	n-s---ma-	
1930	δέω	v3spia---	δεῖ	δέω	v3spia---	v3spia---	DISAGREE
1931	πλέω	v--pna---	πλέω	πλέω	v--pna---	v--pna---	
1932	,	u--------	,	,	u--------	u--------	
1933	ὁ	l-p---mg-	ὁ	ὁ	l-p---mg-	l-p---mg-	
1934	δέ	b--------	δέ	δέ	c--------	b--------	
1935	ὑπέρ	r--------	ὑπέρ	ὑπέρ	r--------	r--------	
1936	ὁ	l-p---ng-	ὁ	ὁ	l-p---ng-	l-p---ng-	
1937	ὁ	l-s---fg-	ὁ	ὁ	l-s---fg-	l-s---fg-	
1938	πόλις	n-s---fg-	πόλις	πόλις	n-s---fg-	n-s---fg-	
1939	κτῆμα	n-p---ng-	κτῆμα	κτῆμα	n-p---ng-	n-p---ng-	
1940	ἀγωνίζομαι	v-pppmfg-	ἀγωνίζομαι	ἀγωνίζομαι	v-pppefg-	v-pppmfg-	
1941	Μενέλαος	n-s---ma-	μενέλαος	Μενέλαος	n-s---ma-	n-s---ma-	
1942	ἱππαρχέω	v--pna---	ἱππαρχέω	ἱππαρχέω	v--pna---	v--pna---	
1943	.	u--------	.	.	u--------	u--------	
1944	καί	b--------	καί	καί	d--------	b--------	
1945	οὐ	d--------	οὐ	οὐ	d--------	d--------	
1946	ὁ	l-s---ma-	ὁ	ὁ	l-s---ma-	l-s---ma-	
1947	ἀνήρ	n-s---ma-	ἀνήρ	ἀνήρ	n-s---ma-	n-s---ma-	
1948	μέμφομαι	v-sppmmn-	μέμφομαι	μέμφομαι	v-sppemn-	v-sppmmn-	
1949	οὗτος	p-p---na-	οὗτος	οὗτος	p-p---na-	p-p---na-	
1950	λέγω	v1spia---	λέγω3	λέγω	v1spia---	v1spia---	
1951	,	u--------	,	,	u--------	u--------	
1952	ἀλλά	b--------	ἀλλά	ἀλλά	c--------	b--------	
1953	ὑπό	r--------	ὑπό	ὑπό	r--------	r--------	
1954	σύ	p2p---cg-	σύ	σύ	p-p---mg-	p2p---cg-	
1955	δέω	v3siia---	δεῖ	δέω	v3siia---	v3siia---	DISAGREE
1956	χειροτονέω	v-srpmma-	χειροτονέω	χειροτονέω	v-srpema-	v-srpmma-	
1957	εἰμί	v--pna---	εἰμί	εἰμί	v--pna---	v--pna---	
1958	οὗτος	p-s---ma-	οὗτος	οὗτος	p-s---ma-	p-s---ma-	
1959	,	u--------	,	,	u--------	u--------	
1960	ὅστις	p-s---mn-	ὅστις	ὅστις	p-s---mn-	p-s---mn-	
1961	ἄν	g--------	ἄν	ἄν	d--------	g--------	
1962	εἰμί	v3spsa---	εἰμί	εἰμί	v3spsa---	v3spsa---	
1963	.	u--------	.	.	u--------	u--------	
1964	ἴσως	d--------	ἴσως	ἴσως	d--------	d--------	
1965	δέ	b--------	δέ	δέ	d--------	b--------	
1966	οὗτος	p-p---na-	οὗτος	οὗτος	p-p---na-	p-p---na-	
1967	μέν	g--------	μέν	μέν	d--------	g--------	
1968	ὀρθός	d--------	ὀρθός	ὀρθός	d--------	d--------	
1969	ἡγέομαι	v2ppim---	ἡγέομαι	ἡγέομαι	v2ppim---	v2ppim---	
1970	λέγω	v--pnm---	λέγω3	λέγω	v--pne---	v--pnm---	
1971	,	u--------	,	,	u--------	u--------	
1972	ὁ	l-s---na-	ὁ	ὁ	l-s---na-	l-s---na-	
1973	δέ	b--------	δέ	δέ	c--------	b--------	
1974	ὁ	l-p---ng-	ὁ	ὁ	l-p---ng-	l-p---ng-	
1975	χρῆμα	n-p---ng-	χρῆμα	χρῆμα	n-p---ng-	n-p---ng-	
1976	,	u--------	,	,	u--------	u--------	
1977	πόσος	p-p---nn-	πόσος	πόσος	a-p---nn-	p-p---nn-	
1978	καί	b--------	καί	καί	c--------	b--------	
1979	πόθεν	d--------	πόθεν	πόθεν	d--------	d--------	
1980	εἰμί	v3sfim---	εἰμί	εἰμί	v3sfim---	v3sfim---	
1981	,	u--------	,	,	u--------	u--------	
1982	μάλα	d-------s	μάλιστα	μάλα	d--------	d-------s	DISAGREE
1983	ποθέω	v2ppia---	ποθέω	ποθέω	v2ppia---	v2ppia---	
1984	ἀκούω	v--ana---	ἀκούω	ἀκούω	v--ana---	v--ana---	
1985	.	u--------		.		u--------	glaux_only
1986	οὗτος	p-s---na-	οὗτος	οὗτος	p-s---na-	p-s---na-	
1987	δή	g--------	δή	δή	d--------	g--------	
1988	καί	b--------	καί	καί	d--------	b--------	
1989	περαίνω	v1spia---	περαίνω	περαίνω	v1spia---	v1spia---	
1990	.	u--------	.	.	u--------	u--------	
1991	χρῆμα	n-p---na-	χρῆμα	χρῆμα	n-p---na-	n-p---na-	
1992	τοίνυν	g--------	τοίνυν	τοίνυν	d--------	g--------	
1993	·	u--------		·		u--------	glaux_only
1994	εἰμί	v3spia---	εἰμί	εἰμί	v3spia---	v3spia---	
1995	μέν	g--------	μέν	μέν	d--------	g--------	
1996	ὁ	l-s---fn-	ὁ	ὁ	l-s---fn-	l-s---fn-	
1997	τροφή	n-s---fn-	τροφή	τροφή	n-s---fn-	n-s---fn-	
1998	,	u--------	,	,	u--------	u--------	
1999	σιτηρέσιον	n-s---nn-	σιτηρέσιον	σιτηρέσιον	n-s---nn-	n-s---nn-	
2000	μόνος	d--------	μόνος	μόνος	a-s---nn-	d--------	
2001	,	u--------	,	,	u--------	u--------	
2002	ὁ	l-s---fd-	ὁ	ὁ	l-s---fd-	l-s---fd-	
2003	δύναμις	n-s---fd-	δύναμις	δύναμις	n-s---fd-	n-s---fd-	
2004	οὗτος	p-s---fd-	οὗτος	οὗτος	a-s---fd-	p-s---fd-	
2005	τάλαντον	n-p---nn-	τάλαντον	τάλαντον	n-p---nn-	n-p---nn-	
2006	ἐνενήκοντα	m--------	ἐνενήκοντα	ἐνενήκοντα	a--------	m--------	
2007	καί	b--------	καί	καί	c--------	b--------	
2008	μικρός	a-s---nn-	μικρός	μικρός	a-s---nn-	a-s---nn-	
2009	τις	p-s---nn-	τις	τις	a-s---nn-	p-s---nn-	
2010	πρός	d--------	πρός	πρός	d--------	d--------	
2011	,	u--------	,	,	u--------	u--------	
2012	δέκα	m--------	δέκα	δέκα	a--------	m--------	
2013	μέν	g--------	μέν	μέν	d--------	g--------	
2014	ναῦς	n-p---fd-	ναῦς	ναῦς	n-p---fd-	n-p---fd-	
2015	ταχύς	a-p---fd-	ταχύς	ταχύς	a-p---fd-	a-p---fd-	
2016	τεσσαράκοντα	m--------	τετταράκοντα	τεσσαράκοντα	a--------	m--------	DISAGREE
2017	τάλαντον	n-p---nn-	τάλαντον	τάλαντον	n-p---nn-	n-p---nn-	
2018	,	u--------	,	,	u--------	u--------	
2019	εἴκοσι	m--------	εἴκοσι	εἴκοσι	a--------	m--------	
2020	εἰς	r--------	εἰς	εἰς	r--------	r--------	
2021	ὁ	l-s---fa-	ὁ	ὁ	l-s---fa-	l-s---fa-	
2022	ναῦς	n-s---fa-	ναῦς	ναῦς	n-s---fa-	n-s---fa-	
2023	μνᾶ	n-p---fn-	μνᾶ	μνᾶ	n-p---fn-	n-p---fn-	
2024	ὁ	l-s---mg-	ὁ	ὁ	l-s---mg-	l-s---mg-	
2025	μείς	n-s---mg-	μείς	μείς	n-s---mg-	n-s---mg-	
2026	ἕκαστος	a-s---mg-	ἕκαστος	ἕκαστος	a-s---mg-	a-s---mg-	
2027	,	u--------	,	,	u--------	u--------	
2028	στρατιώτης	n-p---md-	στρατιώτης	στρατιώτης	n-p---md-	n-p---md-	
2029	δέ	b--------	δέ	δέ	d--------	b--------	
2030	δισχίλιοι	m-p---md-	δισχίλιοι	δισχίλιοι	a-p---md-	m-p---md-	
2031	τοσοῦτος	p-p---nn-	τοσοῦτος	τοσοῦτος	a-p---nn-	p-p---nn-	
2032	ἕτερος	a-p---nn-	ἕτερος	ἕτερος	a-p---nn-	a-p---nn-	
2033	,	u--------	,	,	u--------	u--------	
2034	ἵνα	c--------	ἵνα	ἵνα	c--------	c--------	
2035	δέκα	m--------	δέκα	δέκα	a--------	m--------	
2036	ὁ	l-s---mg-	ὁ	ὁ	l-s---mg-	l-s---mg-	
2037	μείς	n-s---mg-	μείς	μείς	n-s---mg-	n-s---mg-	
2038	ὁ	l-s---mn-	ὁ	ὁ	l-s---mn-	l-s---mn-	
2039	στρατιώτης	n-s---mn-	στρατιώτης	στρατιώτης	n-s---mn-	n-s---mn-	
2040	δραχμή	n-p---fa-	δραχμή	δραχμή	n-p---fa-	n-p---fa-	
2041	σιτηρέσιον	n-s---na-	σιτηρέσιον	σιτηρέσιον	n-s---na-	n-s---na-	
2042	λαμβάνω	v2spsm---	λαμβάνω	λαμβάνω	v2spse---	v2spsm---	
2043	,	u--------	,	,	u--------	u--------	
2044	ὁ	l-p---md-	ὁ	ὁ	l-p---md-	l-p---md-	
2045	δέ	b--------	δέ	δέ	c--------	b--------	
2046	ἱππεύς	n-p---md-	ἱππεύς	ἱππεύς	n-p---md-	n-p---md-	
2047	διακόσιοι	m-p---md-	διακόσιοι	διακόσιοι	a-p---md-	m-p---md-	
2048	εἰμί	v-pppamd-	εἰμί	εἰμί	v-pppamd-	v-pppamd-	
2049	,	u--------	,	,	u--------	u--------	
2050	ἐάν	c--------	ἐάν	ἐάν	c--------	c--------	
2051	τριάκοντα	m--------	τριάκοντα	τριάκοντα	a--------	m--------	
2052	δραχμή	n-p---fa-	δραχμή	δραχμή	n-p---fa-	n-p---fa-	
2053	ἕκαστος	a-s---mn-	ἕκαστος	ἕκαστος	a-s---mn-	a-s---mn-	
2054	λαμβάνω	v3spsa---	λαμβάνω	λαμβάνω	v3spsa---	v3spsa---	
2055	ὁ	l-s---mg-	ὁ	ὁ	l-s---mg-	l-s---mg-	
2056	μείς	n-s---mg-	μήν	μείς	n-s---mg-	n-s---mg-	DISAGREE
2057	,	u--------	,	,	u--------	u--------	
2058	δώδεκα	m--------	δώδεκα	δώδεκα	a--------	m--------	
2059	τάλαντον	n-p---nn-	τάλαντον	τάλαντον	n-p---nn-	n-p---nn-	
2060	.	u--------		.		u--------	glaux_only
2061	εἰ	c--------		εἰ		c--------	glaux_only
2062	δέ	b--------		δέ		b--------	glaux_only
2063	τις	p-s---cn-		τις		p-s---cn-	glaux_only
2064	οἴομαι	v3spim---	οἴομαι	οἴομαι	v3spie---	v3spim---	
2065	μικρός	a-s---fa-	μικρός	μικρός	a-s---fa-	a-s---fa-	
2066	ἀφορμή	n-s---fa-	ἀφορμή	ἀφορμή	n-s---fa-	n-s---fa-	
2067	εἰμί	v--pna---	εἰμί	εἰμί	v--pna---	v--pna---	
2068	,	u--------	,	,	u--------	u--------	
2069	σιτηρέσιον	n-s---na-	σιτηρέσιον	σιτηρέσιον	n-s---na-	n-s---na-	
2070	ὁ	l-p---md-	ὁ	ὁ	l-p---md-	l-p---md-	
2071	στρατεύω	v-pppmmd-	στρατεύω	στρατεύω	v-pppemd-	v-pppmmd-	
2072	ὑπάρχω	v--pna---	ὑπάρχω	ὑπάρχω	v--pna---	v--pna---	
2073	,	u--------	,	,	u--------	u--------	
2074	οὐ	d--------	οὐ	οὐ	d--------	d--------	
2075	ὀρθός	d--------	ὀρθός	ὀρθός	d--------	d--------	
2076	γιγνώσκω	v3sria---	γιγνώσκω	γιγνώσκω	v3sria---	v3sria---	
2077	·	u--------	·	·	u--------	u--------	
2078	ἐγώ	p1s---cn-	ἐγώ	ἐγώ	p-s---mn-	p1s---cn-	
2079	γάρ	g--------	γάρ	γάρ	d--------	g--------	
2080	οἶδα	v1sria---	οἶδα	οἶδα	v1sria---	v1sria---	
2081	σαφής	d--------	σαφής	σαφής	d--------	d--------	
2082	ὅτι	c--------	ὅτι	ὅτι	c--------	c--------	
2083	,	u--------	,	,	u--------	u--------	
2084	οὗτος	p-s---nn-	οὗτος	οὗτος	p-s---nn-	p-s---nn-	
2085	ἐάν	c--------	ἄν	ἐάν	c--------	c--------	DISAGREE
2086	γίγνομαι	v3sasm---	γίγνομαι	γίγνομαι	v3sasm---	v3sasm---	
2087	,	u--------	,	,	u--------	u--------	
2088	προσπορίζω	v3sfia---	προσπορίζω	προσπορίζω	v3sfia---	v3sfia---	
2089	ὁ	l-p---na-	ὁ	ὁ	l-p---na-	l-p---na-	
2090	λοιπός	a-p---na-	λοιπός	λοιπός	a-p---na-	a-p---na-	
2091	αὐτός	p-s---nn-	αὐτός	αὐτός	a-s---nn-	p-s---nn-	
2092	ὁ	l-s---nn-	ὁ	ὁ	l-s---nn-	l-s---nn-	
2093	στράτευμα	n-s---nn-	στράτευμα	στράτευμα	n-s---nn-	n-s---nn-	
2094	ἀπό	r--------	ἀπό	ἀπό	r--------	r--------	
2095	ὁ	l-s---mg-	ὁ	ὁ	l-s---mg-	l-s---mg-	
2096	πόλεμος	n-s---mg-	πόλεμος	πόλεμος	n-s---mg-	n-s---mg-	
2097	,	u--------	,	,	u--------	u--------	
2098	οὐδείς	p-s---ma-	οὐδείς	οὐδείς	p-s---ma-	p-s---ma-	
2099	ὁ	l-p---mg-	ὁ	ὁ	l-p---mg-	l-p---mg-	
2100	Ἕλλην	n-p---mg-	ἕλλην	Ἕλλην	n-p---mg-	n-p---mg-	
2101	ἀδικέω	v-sppann-	ἀδικέω	ἀδικέω	v-sppann-	v-sppann-	
2102	οὐ	d--------	οὐ	οὐ	d--------	d--------	
2103	δέ	c--------	δέ		c--------		oga_only
2104	ὁ	l-p---mg-	ὁ		l-p---mg-		oga_only
2105	σύμμαχος	n-p---mg-	σύμμαχος		n-p---mg-		oga_only
2106	,	u--------	,		u--------		oga_only
2107	ὥστε	c--------	ὥστε		c--------		oga_only
2108	ἔχω	v--pna---	ἔχω		v--pna---		oga_only
2109	μισθός	n-s---ma-	μισθός		n-s---ma-		oga_only
2110	ἐντελής	a-s---ma-	ἐντελής		a-s---ma-		oga_only
2111	.	u--------	.		u--------		oga_only
2112	ἐγώ	p-s---mn-	ἐγώ		p-s---mn-		oga_only
2113	συμπλέω	v-sppamn-	συμπλέω		v-sppamn-		oga_only
2114	ἐθελοντής	n-s---mn-	ἐθελοντής		n-s---mn-		oga_only
2115	πάσχω	v--pna---	πάσχω		v--pna---		oga_only
2116	ὁτιοῦν	d--------	ὁτιοῦν		d--------		oga_only
2117	ἑτοῖμος	a-s---mn-	ἑτοῖμος		a-s---mn-		oga_only
2118	,	u--------	,		u--------		oga_only
2119	ἐάν	c--------	ἐάν		c--------		oga_only
2120	μή	d--------	μή		d--------		oga_only
2121	οὗτος	a-p---nn-	οὗτος		a-p---nn-		oga_only
2122	οὕτως	d--------	οὕτως		d--------		oga_only
2123	ἔχω	v3spsa---	ἔχω		v3spsa---		oga_only
2124							unmatched
2125	πόθεν	d--------	πόθεν		d--------		oga_only
2126	οὖν	d--------	οὖν		d--------		oga_only
2127	ὁ	l-s---mn-	ὁ		l-s---mn-		oga_only
2128	πόρος	n-s---mn-	πόρος		n-s---mn-		oga_only
2129	ὁ	l-p---ng-	ὁ		l-p---ng-		oga_only
2130	χρῆμα	n-p---ng-	χρῆμα		n-p---ng-		oga_only
2131	,	u--------	,		u--------		oga_only
2132	ὅς	p-p---na-	ὅς		p-p---na-		oga_only
2133	παρά	r--------	παρά		r--------		oga_only
2134	σύ	p-p---mg-	σύ		p-p---mg-		oga_only
2135	κελεύω	v1spia---	κελεύω		v1spia---		oga_only
2136							unmatched
2137	ἤδη	d--------	ἤδη	ἤδη	d--------	d--------	
2138	λέγω	v1sfia---	λέγω	λέγω	v1sfia---	v1sfia---	
2139	.	u--------	.	.	u--------	u--------	
2140	πόρος	n-s---mg-	πόρος		n-s---mg-		oga_only
2141	αποδείκνυμι	n-s---fn-	αποδείκνυμι		n-s---fn-		oga_only
2142							unmatched
2143	ὅς	p-p---na-	ὅς		p-p---na-		oga_only
2144	μέν	d--------	μέν		d--------		oga_only
2145	ἐγώ	p-p---mn-	ἐγώ		p-p---mn-		oga_only
2146	,	u--------	,		u--------		oga_only
2147	ὦ	i--------	ὦ		i--------		oga_only
2148	ἀνήρ	n-p---mv-	ἀνήρ		n-p---mv-		oga_only
2149	ἀθηναῖος	a-p---mv-	ἀθηναῖος		a-p---mv-		oga_only
2150	,	u--------	,		u--------		oga_only
2151	δύναμαι	v1pria---	δύναμαι		v1pria---		oga_only
2152	εὑρίσκω	v--ana---	εὑρίσκω		v--ana---		oga_only
2153	οὗτος	p-p---nn-	οὗτος		p-p---nn-		oga_only
2154	εἰμί	v3spia---	εἰμί		v3spia---		oga_only
2155	·	u--------	·		u--------		oga_only
2156	ἐπειδάν	c--------	ἐπειδάν		c--------		oga_only
2157	δέ	d--------	δέ		d--------		oga_only
2158	ἐπιχειροτονέω	v2ppia---	ἐπιχειροτονέω		v2ppia---		oga_only
2159	ὁ	l-p---fa-	ὁ		l-p---fa-		oga_only
2160	γνώμη	n-p---fa-	γνώμη		n-p---fa-		oga_only
2161	,	u--------	,		u--------		oga_only
2162	ἄν	c--------	ἄν		c--------		oga_only
2163	σύ	p-p---md-	σύ		p-p---md-		oga_only
2164	ἀρέσκω	v3spsa---	ἀρέσκω		v3spsa---		oga_only
2165	,	u--------	,	,	u--------	u--------	
2166	χειροτονέω	v2pasa---	χειροτονέω		v2pasa---		oga_only
2167	,	u--------	,		u--------		oga_only
2168	ἵνα	c--------	ἵνα		c--------		oga_only
2169	μή	d--------	μή		d--------		oga_only
2170	μόνος	a-s---na-	μόνος		a-s---na-		oga_only
2171	ἐν	r--------	ἐν		r--------		oga_only
2172	ὁ	l-p---nd-	ὁ		l-p---nd-		oga_only
2173	ψήφισμα	n-p---nd-	ψήφισμα		n-p---nd-		oga_only
2174	καί	c--------	καί		c--------		oga_only
2175	ὁ	l-p---fd-	ὁ		l-p---fd-		oga_only
2176	ἐπιστολή	n-p---fd-	ἐπιστολή		n-p---fd-		oga_only
2177	πολεμέω	v2ppsa---	πολεμέω		v2ppsa---		oga_only
2178	φίλιππος	n-s---md-	φίλιππος		n-s---md-		oga_only
2179	,	u--------	,		u--------		oga_only
2180	ἀλλά	c--------	ἀλλά		c--------		oga_only
2181	καί	d--------	καί		d--------		oga_only
2182	ὁ	l-p---nd-	ὁ		l-p---nd-		oga_only
2183	ἔργον	n-p---nd-	ἔργον		n-p---nd-		oga_only
2184	.	u--------	.		u--------		oga_only
2185	δοκέω	v2ppia---	δοκέω	δοκέω	v2ppia---	v2ppia---	
2186	δέ	b--------	δέ	δέ	d--------	b--------	
2187	ἐγώ	p1s---cd-	ἐγώ	ἐγώ	p-s---md-	p1s---cd-	
2188	πολύς	a-s---na-	πολύς	πολύς	a-s---na-	a-s---na-	
2189	ἀγαθός	a-s---nac	βελτίων	ἀγαθός	a-s---nac	a-s---nac	DISAGREE
2190	ἄν	g--------	ἄν	ἄν	d--------	g--------	
2191	περί	r--------	περί	περί	r--------	r--------	
2192	ὁ	l-s---mg-	ὁ	ὁ	l-s---mg-	l-s---mg-	
2193	πόλεμος	n-s---mg-	πόλεμος	πόλεμος	n-s---mg-	n-s---mg-	
2194	καί	b--------	καί	καί	c--------	b--------	
2195	ὅλος	a-s---fg-	ὅλος	ὅλος	a-s---fg-	a-s---fg-	
2196	ὁ	l-s---fg-	ὁ	ὁ	l-s---fg-	l-s---fg-	
2197	παρασκευή	n-s---fg-	παρασκευή	παρασκευή	n-s---fg-	n-s---fg-	
2198	βουλεύω	v--anm---	βουλεύω	βουλεύω	v--anm---	v--anm---	
2199	,	u--------	,	,	u--------	u--------	
2200	εἰ	c--------	εἰ	εἰ	c--------	c--------	
2201	ὁ	l-s---ma-	ὁ	ὁ	l-s---ma-	l-s---ma-	
2202	τόπος	n-s---ma-	τόπος	τόπος	n-s---ma-	n-s---ma-	
2203	,	u--------	,	,	u--------	u--------	
2204	ὦ	i--------	ὦ	ὦ	i--------	i--------	
2205	ἀνήρ	n-p---mv-	ἀνήρ	ἀνήρ	n-p---mv-	n-p---mv-	
2206	Ἀθηναῖος	a-p---mv-	ἀθηναῖος	Ἀθηναῖος	a-p---mv-	a-p---mv-	
2207	,	u--------	,	,	u--------	u--------	
2208	ὁ	l-s---fg-	ὁ	ὁ	l-s---fg-	l-s---fg-	
2209	χώρα	n-s---fg-	χώρα	χώρα	n-s---fg-	n-s---fg-	
2210	,	u--------	,	,	u--------	u--------	
2211	πρός	r--------	πρός	πρός	r--------	r--------	
2212	ὅς	p-s---fa-	ὅς	ὅς	p-s---fa-	p-s---fa-	
2213	πολεμέω	v2ppia---	πολεμέω	πολεμέω	v2ppia---	v2ppia---	
2214	,	u--------	,	,	u--------	u--------	
2215	ἐνθυμέομαι	v2paom---	ἐνθυμέομαι	ἐνθυμέομαι	v2paoe---	v2paom---	
2216	,	u--------	,	,	u--------	u--------	
2217	καί	b--------	καί	καί	c--------	b--------	
2218	λογίζομαι	v2paom---	λογίζομαι	λογίζομαι	v2paoe---	v2paom---	
2219	ὅτι	c--------	ὅτι	ὅτι	c--------	c--------	
2220	ὁ	l-p---nd-	ὁ	ὁ	l-p---nd-	l-p---nd-	
2221	πνεῦμα	n-p---nd-	πνεῦμα	πνεῦμα	n-p---nd-	n-p---nd-	
2222	καί	b--------	καί	καί	c--------	b--------	
2223	ὁ	l-p---fd-	ὁ	ὁ	l-p---fd-	l-p---fd-	
2224	ὥρα	n-p---fd-	ὥρα	ὥρα	n-p---fd-	n-p---fd-	
2225	ὁ	l-s---ng-	ὁ	ὁ	l-s---ng-	l-s---ng-	
2226	ἔτος	n-s---ng-	ἔτος	ἔτος	n-s---ng-	n-s---ng-	
2227	ὁ	l-p---na-	ὁ	ὁ	l-p---na-	l-p---na-	
2228	πολύς	a-p---na-	πολύς	πολύς	a-p---na-	a-p---na-	
2229	προλαμβάνω	v-sppamn-	προλαμβάνω	προλαμβάνω	v-sppamn-	v-sppamn-	
2230	διαπράσσω	v3spim---	διαπράσσω	διαπράσσω	v3spie---	v3spim---	
2231	Φίλιππος	n-s---mn-	φίλιππος	Φίλιππος	n-s---mn-	n-s---mn-	
2232	,	u--------	,	,	u--------	u--------	
2233	καί	b--------	καί	καί	c--------	b--------	
2234	φυλάσσω	v-sapamn-	φυλάσσω	φυλάσσω	v-sapamn-	v-sapamn-	
2235	ὁ	l-p---ma-	ὁ	ὁ	l-p---ma-	l-p---ma-	
2236	ἐτησίαι	n-p---ma-	ἐτησίαι	ἐτησίαι	a-p---ma-	n-p---ma-	
2237	ἤ	b--------	ἤ1	ἤ	c--------	b--------	
2238	ὁ	l-s---ma-	ὁ	ὁ	l-s---ma-	l-s---ma-	
2239	χειμών	n-s---ma-	χειμών	χειμών	n-s---ma-	n-s---ma-	
2240	ἐπιχειρέω	v3spia---	ἐπιχειρέω	ἐπιχειρέω	v3spia---	v3spia---	
2241	,	u--------	,	,	u--------	u--------	
2242	ἡνίκα	c--------	ἡνίκα	ἡνίκα	c--------	c--------	
2243	ἄν	g--------	ἄν	ἄν	d--------	g--------	
2244	ἐγώ	p1p---cn-	ἐγώ	ἐγώ	p-p---mn-	p1p---cn-	
2245	μή	d--------	μή	μή	d--------	d--------	
2246	δύναμαι	v1ppom---	δύνομαι	δύναμαι	v1ppoe---	v1ppom---	DISAGREE
2247	ἐκεῖσε	d--------	ἐκεῖσε	ἐκεῖσε	d--------	d--------	
2248	ἀφικνέομαι	v--anm---	ἀφικνέομαι	ἀφικνέομαι	v--anm---	v--anm---	
2249	.	u--------	.	.	u--------	u--------	
2250	δέω	v3spia---	δεῖ	δέω	v3spia---	v3spia---	DISAGREE
2251	τοίνυν	g--------	τοίνυν	τοίνυν	d--------	g--------	
2252	οὗτος	p-p---na-	οὗτος	οὗτος	p-p---na-	p-p---na-	
2253	ἐνθυμέομαι	v-pppmma-	ἐνθυμέομαι	ἐνθυμέομαι	v-pppema-	v-pppmma-	
2254	μή	d--------	μή	μή	d--------	d--------	
2255	βοήθεια	n-p---fd-	βοήθεια	βοήθεια	n-p---fd-	n-p---fd-	
2256	πολεμέω	v--pna---	πολεμέω	πολεμέω	v--pna---	v--pna---	
2257	(	u--------	̔	(	u--------	u--------	DISAGREE
2258	ὑστερίζω	v1pfia---	ὑστερίζω	ὑστερίζω	v1pfia---	v1pfia---	
2259	γάρ	g--------	γάρ	γάρ	d--------	g--------	
2260	ἅπας	a-p---ng-	ἅπας	ἅπας	a-p---ng-	a-p---ng-	
2261	)	u--------	)	)	u--------	u--------	
2262	,	u--------	,	,	u--------	u--------	
2263	ἀλλά	b--------	ἀλλά	ἀλλά	c--------	b--------	
2264	παρασκευή	n-s---fd-	παρασκευή	παρασκευή	n-s---fd-	n-s---fd-	
2265	συνεχής	a-s---fd-	συνεχής	συνεχής	a-s---fd-	a-s---fd-	
2266	καί	b--------	καί	καί	c--------	b--------	
2267	δύναμις	n-s---fd-	δύναμις	δύναμις	n-s---fd-	n-s---fd-	
2268	.	u--------	.	.	u--------	u--------	
2269	ὑπάρχω	v3spia---	ὑπάρχω	ὑπάρχω	v3spia---	v3spia---	
2270	δέ	b--------	δέ	δέ	d--------	b--------	
2271	σύ	p2p---cd-	σύ	σύ	p-p---md-	p2p---cd-	
2272	χειμάδιον	n-s---nd-	χειμάδιον	χειμάδιον	n-s---nd-	n-s---nd-	
2273	μέν	g--------	μέν	μέν	d--------	g--------	
2274	χράω	v--pnm---	χράω	χράω	v--pne---	v--pnm---	
2275	ὁ	l-s---fd-	ὁ	ὁ	l-s---fd-	l-s---fd-	
2276	δύναμις	n-s---fd-	δύναμις	δύναμις	n-s---fd-	n-s---fd-	
2277	Λῆμνος	n-s---fd-	λῆμνος	Λῆμνος	n-s---fd-	n-s---fd-	
2278	καί	b--------	καί	καί	d--------	b--------	
2279	Θάσος	n-s---md-	θάσος	Θάσος	n-s---md-	n-s---md-	
2280	καί	b--------	καί	καί	d--------	b--------	
2281	Σκίαθος	n-s---md-	σκίαθος	Σκίαθος	n-s---md-	n-s---md-	
2282	καί	b--------	καί	καί	c--------	b--------	
2283	ὁ	l-p---fd-	ὁ	ὁ	l-p---fd-	l-p---fd-	
2284	ἐν	r--------	ἐν	ἐν	r--------	r--------	
2285	οὗτος	p-s---md-	οὗτος	οὗτος	a-s---md-	p-s---md-	
2286	ὁ	l-s---md-	ὁ	ὁ	l-s---md-	l-s---md-	
2287	τόπος	n-s---md-	τόπος	τόπος	n-s---md-	n-s---md-	
2288	νῆσος	n-p---fd-	νῆσος	νῆσος	n-p---fd-	n-p---fd-	
2289	,	u--------	,	,	u--------	u--------	
2290	ἐν	r--------	ἐν	ἐν	r--------	r--------	
2291	ὅς	p-p---fd-	ὅς	ὅς	p-p---fd-	p-p---fd-	
2292	καί	b--------	καί	καί	d--------	b--------	
2293	λιμήν	n-p---mn-	λιμήν	λιμήν	n-p---mn-	n-p---mn-	
2294	καί	b--------	καί	καί	d--------	b--------	
2295	σῖτος	n-s---mn-	σῖτος	σῖτος	n-s---mn-	n-s---mn-	
2296	καί	b--------	καί	καί	c--------	b--------	
2297	ὅς	p-p---nn-	ὅς	ὅς	p-p---nn-	p-p---nn-	
2298	χρή	v3spia---	χρή	χρή	v3spia---	v3spia---	
2299	στράτευμα	n-s---nd-	στράτευμα	στράτευμα	n-s---nd-	n-s---nd-	
2300	πᾶς	a-p---nn-	πᾶς	πᾶς	a-p---nn-	a-p---nn-	
2301	ὑπάρχω	v3spia---	ὑπάρχω	ὑπάρχω	v3spia---	v3spia---	
2302	·	u--------	·	·	u--------	u--------	
2303	ὁ	l-s---fa-	ὁ	ὁ	l-s---fa-	l-s---fa-	
2304	δέ	b--------	δέ	δέ	d--------	b--------	
2305	ὥρα	n-s---fa-	ὥρα	ὥρα	n-s---fa-	n-s---fa-	
2306	ὁ	l-s---ng-	ὁ	ὁ	l-s---ng-	l-s---ng-	
2307	ἔτος	n-s---ng-	ἔτος	ἔτος	n-s---ng-	n-s---ng-	
2308	,	u--------	,	,	u--------	u--------	
2309	ὅτε	c--------	ὅτε	ὅτε	c--------	c--------	
2310	καί	b--------	καί	καί	d--------	b--------	
2311	πρός	r--------	πρός	πρός	r--------	r--------	
2312	ὁ	l-s---fd-	ὁ	ὁ	l-s---fd-	l-s---fd-	
2313	γῆ	n-s---fd-	γῆ	γῆ	n-s---fd-	n-s---fd-	
2314	γίγνομαι	v--anm---	γίγνομαι	γίγνομαι	v--anm---	v--anm---	
2315	ῥᾴδιος	a-s---nn-	ῥᾴδιος	ῥᾴδιος	a-s---nn-	a-s---nn-	
2316	καί	b--------	καί	καί	c--------	b--------	
2317	ὁ	l-s---nn-	ὁ	ὁ	l-s---nn-	l-s---nn-	
2318	ὁ	l-p---ng-	ὁ	ὁ	l-p---ng-	l-p---ng-	
2319	πνεῦμα	n-p---ng-	πνεῦμα	πνεῦμα	n-p---ng-	n-p---ng-	
2320	ἀσφαλής	a-s---nn-	ἀσφαλής	ἀσφαλής	a-s---nn-	a-s---nn-	
2321	,	u--------	,	,	u--------	u--------	
2322	πρός	r--------	πρός	πρός	r--------	r--------	
2323	αὐτός	p-s---fd-	αὐτός	αὐτός	a-s---fd-	p-s---fd-	
2324	ὁ	l-s---fd-	ὁ	ὁ	l-s---fd-	l-s---fd-	
2325	χώρα	n-s---fd-	χώρα	χώρα	n-s---fd-	n-s---fd-	
2326	καί	b--------	καί	καί	c--------	b--------	
2327	πρός	r--------	πρός	πρός	r--------	r--------	
2328	ὁ	l-p---nd-	ὁ	ὁ	l-p---nd-	l-p---nd-	
2329	ὁ	l-p---ng-	ὁ	ὁ	l-p---ng-	l-p---ng-	
2330	ἐμπόριον	n-p---ng-	ἐμπόριον	ἐμπόριον	n-p---ng-	n-p---ng-	
2331	στόμα	n-p---nd-	στόμα	στόμα	n-p---nd-	n-p---nd-	
2332	ῥᾴδιος	d--------	ῥᾴδιος	ῥᾴδιος	d--------	d--------	
2333	εἰμί	v3sfim---	εἰμί	εἰμί	v3sfim---	v3sfim---	
2334							unmatched
2335	ὅς	p-p---na-	ὅς	ὅς	p-p---na-	p-p---na-	
2336	μέν	g--------	μέν	μέν	d--------	g--------	
2337	οὖν	g--------	οὖν	οὖν	d--------	g--------	
2338	χράω	v3sfim---	χράω2	χράω	v3sfim---	v3sfim---	
2339	καί	b--------	καί	καί	c--------	b--------	
2340	πότε	d--------	ποτέ	πότε	d--------	d--------	
2341	ὁ	l-s---fd-	ὁ	ὁ	l-s---fd-	l-s---fd-	
2342	δύναμις	n-s---fd-	δύναμις	δύναμις	n-s---fd-	n-s---fd-	
2343	,	u--------	,	,	u--------	u--------	
2344	παρά	r--------	παρά	παρά	r--------	r--------	
2345	ὁ	l-s---ma-	ὁ	ὁ	l-s---ma-	l-s---ma-	
2346	καιρός	n-s---ma-	καιρός	καιρός	n-s---ma-	n-s---ma-	
2347	ὁ	l-s---mn-	ὁ	ὁ	l-s---mn-	l-s---mn-	
2348	οὗτος	p-p---mg-	οὗτος	οὗτος	p-p---mg-	p-p---mg-	
2349	κύριος	n-s---mn-	κύριος	κύριος	n-s---mn-	n-s---mn-	
2350	καθίστημι	v-sapamn-	καθίστημι	καθίστημι	v-sapamn-	v-sapamn-	
2351	ὑπό	r--------	ὑπό	ὑπό	r--------	r--------	
2352	σύ	p2p---cg-	σύ	σύ	p-p---mg-	p2p---cg-	
2353	βουλεύω	v3sasm---	βουλεύω	βουλεύω	v3sasm---	v3sasm---	
2354	·	u--------	·	·	u--------	u--------	
2355	ὅς	p-p---na-	ὅς	ὅς	p-p---na-	p-p---na-	
2356	δέ	b--------	δέ	δέ	d--------	b--------	
2357	ὑπάρχω	v--ana---	ὑπάρχω	ὑπάρχω	v--ana---	v--ana---	
2358	δέω	v3spia---	δεῖ	δέω	v3spia---	v3spia---	DISAGREE
2359	παρά	r--------	παρά	παρά	r--------	r--------	
2360	σύ	p2p---cg-	σύ	σύ	p-p---mg-	p2p---cg-	
2361	,	u--------	,	,	u--------	u--------	
2362	οὗτος	p-p---nn-	οὗτος	οὗτος	p-p---na-	p-p---nn-	
2363	εἰμί	v3spia---	εἰμί	εἰμί	v3spia---	v3spia---	
2364	ἐγώ	p1s---cn-	ἐγώ	ἐγώ	p1s---mn-	p1s---cn-	
2365	γράφω	v1sria---	γράφω	γράφω	v1sria---	v1sria---	
2366	.	u--------	.	.	u--------	u--------	
2367	ἐάν	c--------	ἄν	ἐάν	c--------	c--------	DISAGREE
2368	οὗτος	p-p---na-	οὗτος	οὗτος	a-p---na-	p-p---na-	
2369	,	u--------	,	,	u--------	u--------	
2370	ὦ	i--------	ὦ	ὦ	i--------	i--------	
2371	ἀνήρ	n-p---mv-	ἀνήρ	ἀνήρ	n-p---mv-	n-p---mv-	
2372	Ἀθηναῖος	a-p---mv-	ἀθηναῖος	Ἀθηναῖος	a-p---mv-	a-p---mv-	
2373	,	u--------	,	,	u--------	u--------	
2374	πορίζω	v2pasa---	πορίζω	πορίζω	v2pasa---	v2pasa---	
2375	,	u--------	,	,	u--------	u--------	
2376	ὁ	l-p---na-	ὁ	ὁ	l-p---na-	l-p---na-	
2377	χρῆμα	n-p---na-	χρῆμα	χρῆμα	n-p---na-	n-p---na-	
2378	πρότερος	a-s---nac	πρῶτος	πρότερος	a-s---na-	a-s---nac	DISAGREE
2379	ὅς	p-p---na-	ὅς	ὅς	p-p---na-	p-p---na-	
2380	λέγω	v1spia---	λέγω3	λέγω	v1spia---	v1spia---	
2381	,	u--------	,	,	u--------	u--------	
2382	εἶτα	d--------	εἶτα	εἶτα	d--------	d--------	
2383	καί	b--------	καί	καί	c--------	b--------	
2384	ὁ	l-p---na-	ὁ		l-p---na-		oga_only
2385	ἄλλος	p-p---na-	ἄλλος		p-p---na-		oga_only
2386	παρασκευάζω	v-papamn-	παρασκευάζω		v-papamn-		oga_only
2387	,	u--------	,		u--------		oga_only
2388	ὁ	l-p---ma-	ὁ		l-p---ma-		oga_only
2389	στρατιώτης	n-p---ma-	στρατιώτης		n-p---ma-		oga_only
2390	,	u--------	,		u--------		oga_only
2391	ὁ	l-p---fa-	ὁ		l-p---fa-		oga_only
2392	τριήρης	n-p---fa-	τριήρης		n-p---fa-		oga_only
2393	,	u--------	,		u--------		oga_only
2394	ὁ	l-p---ma-	ὁ		l-p---ma-		oga_only
2395	ἱππεύς	n-p---ma-	ἱππεύς		n-p---ma-		oga_only
2396	,	u--------	,		u--------		oga_only
2397	ἐντελής	a-s---fa-	ἐντελής		a-s---fa-		oga_only
2398	πᾶς	a-s---fa-	πᾶς		a-s---fa-		oga_only
2399	ὁ	l-s---fa-	ὁ		l-s---fa-		oga_only
2400	δύναμις	n-s---fa-	δύναμις		n-s---fa-		oga_only
2401	νόμος	n-s---md-	νόμος		n-s---md-		oga_only
2402	κατακλείω	v2pasa---	κατακλείω		v2pasa---		oga_only
2403	ἐπί	r--------	ἐπί		r--------		oga_only
2404	ὁ	l-s---md-	ὁ		l-s---md-		oga_only
2405	πόλεμος	n-s---md-	πόλεμος		n-s---md-		oga_only
2406	μένω	v--pna---	μένω		v--pna---		oga_only
2407	,	u--------	,		u--------		oga_only
2408	ὁ	l-p---ng-	ὁ		l-p---ng-		oga_only
2409	μέν	d--------	μέν		d--------		oga_only
2410	χρῆμα	n-p---ng-	χρῆμα		n-p---ng-		oga_only
2411	αὐτός	p-p---mn-	αὐτός		p-p---mn-		oga_only
2412	ταμία	n-p---mn-	ταμία		n-p---mn-		oga_only
2413	καί	c--------	καί		c--------		oga_only
2414	ποριστής	n-p---mn-	ποριστής		n-p---mn-		oga_only
2415	γίγνομαι	v-pppemn-	γίγνομαι		v-pppemn-		oga_only
2416	,	u--------	,		u--------		oga_only
2417	ὁ	l-p---fg-	ὁ		l-p---fg-		oga_only
2418	δέ	c--------	δέ		c--------		oga_only
2419	πρᾶξις	n-p---fg-	πρᾶξις		n-p---fg-		oga_only
2420	παρά	r--------	παρά		r--------		oga_only
2421	ὁ	l-s---mg-	ὁ		l-s---mg-		oga_only
2422	στρατηγός	n-s---mg-	στρατηγός		n-s---mg-		oga_only
2423	ὁ	l-s---ma-	ὁ		l-s---ma-		oga_only
2424	λόγος	n-s---ma-	λόγος		n-s---ma-		oga_only
2425	ζητέω	v-pppamn-	ζητέω		v-pppamn-		oga_only
2426	,	u--------	,		u--------		oga_only
2427	παύω	v2pfim---	παύω		v2pfim---		oga_only
2428	ἀεί	d--------	ἀεί		d--------		oga_only
2429	περί	r--------	περί		r--------		oga_only
2430	ὁ	l-p---ng-	ὁ		l-p---ng-		oga_only
2431	αὐτός	p-p---ng-	αὐτός		p-p---ng-		oga_only
2432	βουλεύω	v-pppemn-	βουλεύω		v-pppemn-		oga_only
2433	καί	c--------	καί		c--------		oga_only
2434	πλέος	a-s---nac	πλέος		a-s---nac		oga_only
2435	οὐδείς	p-s---na-	οὐδείς		p-s---na-		oga_only
2436	ποιέω	v-pppamn-	ποιέω		v-pppamn-		oga_only
2437	,	u--------	,		u--------		oga_only
2438	καί	b--------	καί	καί	c--------	b--------	
2439	ἔτι	d--------	ἔτι	ἔτι	d--------	d--------	
2440	πρός	r--------	πρός	πρός	r--------	r--------	
2441	οὗτος	p-s---nd-	οὗτος	οὗτος	p-s---nd-	p-s---nd-	
2442	πρότερος	a-s---nac	πρῶτος	πρότερος	a-s---na-	a-s---nac	DISAGREE
2443	μέν	g--------	μέν	μέν	d--------	g--------	
2444	,	u--------	,	,	u--------	u--------	
2445	ὦ	i--------	ὦ	ὦ	i--------	i--------	
2446	ἀνήρ	n-p---mv-	ἀνήρ	ἀνήρ	n-p---mv-	n-p---mv-	
2447	Ἀθηναῖος	a-p---mv-	ἀθηναῖος	Ἀθηναῖος	a-p---mv-	a-p---mv-	
2448	,	u--------	,	,	u--------	u--------	
2449	ὁ	l-s---ma-	ὁ	ὁ	l-s---ma-	l-s---ma-	
2450	μέγας	a-s---mas	μέγας	μέγας	a-s---mas	a-s---mas	
2451	ὁ	l-p---mg-	ὁ	ὁ	l-p---mg-	l-p---mg-	
2452	ἐκεῖνος	p-s---mg-	ἐκεῖνος	ἐκεῖνος	p-s---mg-	p-s---mg-	
2453	πόρος	n-p---mg-	πόρος	πόρος	n-p---mg-	n-p---mg-	
2454	ἀφαιρέω	v2pfim---	ἀφαιρέω	ἀφαιρέω	v2pfim---	v2pfim---	
2455	.	u--------	.	.	u--------	u--------	
2456	εἰμί	v3spia---	εἰμί	εἰμί	v3spia---	v3spia---	
2457	δέ	b--------	δέ	δέ	d--------	b--------	
2458	οὗτος	p-s---mn-	οὗτος	οὗτος	p-s---mn-	p-s---mn-	
2459	τίς	p-s---cn-	τις	τίς	p-s---mn-	p-s---cn-	
2460	;	u--------	;	;	u--------	u--------	
2461	ἀπό	r--------	ἀπό	ἀπό	r--------	r--------	
2462	ὁ	l-p---mg-	ὁ	ὁ	l-p---mg-	l-p---mg-	
2463	ὑμέτερος	a-p---mg-	ὑμέτερος	ὑμέτερος	a-p---mg-	a-p---mg-	
2464	σύ	p2p---cd-	σύ	σύ	p-p---md-	p2p---cd-	
2465	πολεμέω	v3spia---	πολεμέω	πολεμέω	v3spia---	v3spia---	
2466	σύμμαχος	a-p---mg-	σύμμαχος	σύμμαχος	n-p---mg-	a-p---mg-	
2467	,	u--------	,	,	u--------	u--------	
2468	ἄγω	v-sppamn-	ἄγω	ἄγω	v-sppamn-	v-sppamn-	
2469	καί	b--------	καί	καί	c--------	b--------	
2470	φέρω	v-sppamn-	φέρω	φέρω	v-sppamn-	v-sppamn-	
2471	ὁ	l-p---ma-	ὁ	ὁ	l-p---ma-	l-p---ma-	
2472	πλέω	v-pppama-	πλέω	πλέω	v-pppama-	v-pppama-	
2473	ὁ	l-s---fa-	ὁ	ὁ	l-s---fa-	l-s---fa-	
2474	θάλασσα	n-s---fa-	θάλασσα	θάλασσα	n-s---fa-	n-s---fa-	
2475	.	u--------	.	.	u--------	u--------	
2476	ἔπειτα	d--------	ἔπειτα	ἔπειτα	d--------	d--------	
2477	τίς	p-s---nn-	τίς	τίς	p-s---nn-	p-s---nn-	
2478	πρός	r--------	πρός	πρός	r--------	r--------	
2479	οὗτος	p-s---nd-	οὗτος	οὗτος	p-s---nd-	p-s---nd-	
2480	;	u--------		;		u--------	glaux_only
2481	ὁ	l-s---ng-	ὁ	ὁ	l-s---ng-	l-s---ng-	
2482	πάσχω	v--pna---	πάσχω	πάσχω	v--pna---	v--pna---	
2483	αὐτός	p-p---mn-	αὐτός	αὐτός	p-p---mn-	p-p---mn-	
2484	κακός	d--------	κακός	κακός	d--------	d--------	
2485	ἔξω	r--------	ἔξω	ἔξω	r--------	r--------	
2486	γίγνομαι	v2pfim---	γίγνομαι	γίγνομαι	v2pfim---	v2pfim---	
2487	,	u--------	,	,	u--------	u--------	
2488	οὐ	d--------	οὐ	οὐ	d--------	d--------	
2489	ὥσπερ	c--------	ὥσπερ	ὥσπερ	c--------	c--------	
2490	ὁ	l-s---ma-	ὁ	ὁ	l-s---ma-	l-s---ma-	
2491	παρέρχομαι	v-sapama-	παρέρχομαι	παρέρχομαι	v-sapama-	v-sapama-	
2492	χρόνος	n-s---ma-	χρόνος	χρόνος	n-s---ma-	n-s---ma-	
2493	εἰς	r--------	εἰς	εἰς	r--------	r--------	
2494	Λῆμνος	n-s---fa-	λῆμνος	Λῆμνος	n-s---fa-	n-s---fa-	
2495	καί	b--------	καί	καί	c--------	b--------	
2496	Ἴμβρος	n-s---ma-	ἴμβρος	Ἴμβρος	n-s---ma-	n-s---ma-	
2497	ἐμβάλλω	v-sapamn-	ἐμβάλλω	ἐμβάλλω	v-sapamn-	v-sapamn-	
2498	αἰχμάλωτος	a-p---ma-	αἰχμάλωτος	αἰχμάλωτος	a-p---ma-	a-p---ma-	
2499	πολίτης	n-p---ma-	πολίτης	πολίτης	n-p---ma-	n-p---ma-	
2500	ὑμέτερος	a-p---ma-	ὑμέτερος	ὑμέτερος	a-p---ma-	a-p---ma-	
2501	οἴχομαι	v3siim---	οἴχομαι	οἴχομαι	v3siim---	v3siim---	
2502	ἔχω	v-sppamn-	ἔχω	ἔχω	v-sppamn-	v-sppamn-	
2503	,	u--------	,	,	u--------	u--------	
2504	πρός	r--------	πρός	πρός	r--------	r--------	
2505	ὁ	l-s---md-	ὁ	ὁ	l-s---md-	l-s---md-	
2506	Γεραιστός	n-s---md-	γεραιστός	Γεραιστός	n-s---md-	n-s---md-	
2507	ὁ	l-p---na-	ὁ	ὁ	l-p---na-	l-p---na-	
2508	πλοῖον	n-p---na-	πλοῖον	πλοῖον	n-p---na-	n-p---na-	
2509	συλλαμβάνω	v-sapamn-	συλλαμβάνω	συλλαμβάνω	v-sapamn-	v-sapamn-	
2510	ἀμύθητος	a-p---na-	ἀμύθητος	ἀμύθητος	a-p---na-	a-p---na-	
2511	χρῆμα	n-p---na-	χρῆμα	χρῆμα	n-p---na-	n-p---na-	
2512	ἐκλέγω	v3saia---	ἐκλέγω	ἐκλέγω	v3saia---	v3saia---	
2513	,	u--------	,	,	u--------	u--------	
2514	ὁ	l-p---na-	ὁ	ὁ	l-p---na-	l-p---na-	
2515	τελευταῖος	a-p---na-	τελευταῖος	τελευταῖος	a-p---na-	a-p---na-	
2516	εἰς	r--------	εἰς	εἰς	r--------	r--------	
2517	Μαραθών	n-s---ma-	μαραθῶν	Μαραθών	n-s---ma-	n-s---ma-	
2518	ἀποβαίνω	v3saia---	ἀποβαίνω	ἀποβαίνω	v3saia---	v3saia---	
2519	καί	b--------	καί	καί	c--------	b--------	
2520	ὁ	l-s---fa-	ὁ	ὁ	l-s---fa-	l-s---fa-	
2521	ἱερός	a-s---fa-	ἱερός	ἱερός	a-s---fa-	a-s---fa-	
2522	ἀπό	r--------	ἀπό	ἀπό	r--------	r--------	
2523	ὁ	l-s---fg-	ὁ	ὁ	l-s---fg-	l-s---fg-	
2524	χώρα	n-s---fg-	χώρα	χώρα	n-s---fg-	n-s---fg-	
2525	οἴχομαι	v3siim---	οἴχομαι	οἴχομαι	v3siim---	v3siim---	
2526	ἔχω	v-sppamn-	ἔχω	ἔχω	v-sppamn-	v-sppamn-	
2527	τριήρης	n-s---fa-	τριήρης	τριήρης	n-s---fa-	n-s---fa-	
2528	,	u--------	,	,	u--------	u--------	
2529	σύ	p2p---cn-	σύ	σύ	p-p---mn-	p2p---cn-	
2530	δέ	b--------	δέ	δέ	c--------	b--------	
2531	οὐ	d--------	οὐ	οὐ	d--------	d--------	
2532	τε	d--------	τε		d--------		oga_only
2533	οὗτος	p-p---na-	οὗτος		p-p---na-		oga_only
2534	δύναμαι	v2ppie---	δύναμαι		v2ppie---		oga_only
2535	κωλύω	v--pna---	κωλύω		v--pna---		oga_only
2536							unmatched
2537	εἰς	r--------	εἰς		r--------		oga_only
2538	ὁ	l-p---ma-	ὁ		l-p---ma-		oga_only
2539	χρόνος	n-p---ma-	χρόνος		n-p---ma-		oga_only
2540	,	u--------	,		u--------		oga_only
2541	ὅς	p-p---ma-	ὅς		p-p---ma-		oga_only
2542	ἄν	d--------	ἄν		d--------		oga_only
2543	προτίθημι	v2pasa---	προτίθημι		v2pasa---		oga_only
2544	,	u--------	,		u--------		oga_only
2545	βοηθέω	v--pna---	βοηθέω		v--pna---		oga_only
2546	.	u--------	.		u--------		oga_only
2547	καίτοι	g--------	καίτοι	καίτοι	d--------	g--------	
2548	τίς	p-s---na-	τίς	τίς	p-s---na-	p-s---na-	
2549	δήποτε	d--------	δήποτε	δήποτε	d--------	d--------	
2550	,	u--------	,	,	u--------	u--------	
2551	ὦ	i--------	ὦ	ὦ	i--------	i--------	
2552	ἀνήρ	n-p---mv-	ἀνήρ	ἀνήρ	n-p---mv-	n-p---mv-	
2553	Ἀθηναῖος	a-p---mv-	ἀθηναῖος	Ἀθηναῖος	a-p---mv-	a-p---mv-	
2554	,	u--------	,	,	u--------	u--------	
2555	νομίζω	v2ppma---	νομίζω	νομίζω	v2ppma---	v2ppma---	
2556	ὁ	l-s---fa-	ὁ	ὁ	l-s---fa-	l-s---fa-	
2557	μέν	g--------	μέν	μέν	d--------	g--------	
2558	ὁ	l-p---ng-	ὁ	ὁ	l-p---ng-	l-p---ng-	
2559	Παναθήναια	a-p---ng-	παναθήναια	Παναθήναια	a-p---ng-	a-p---ng-	
2560	ἑορτή	n-s---fa-	ἑορτή	ἑορτή	n-s---fa-	n-s---fa-	
2561	καί	b--------	καί	καί	c--------	b--------	
2562	ὁ	l-s---fa-	ὁ	ὁ	l-s---fa-	l-s---fa-	
2563	ὁ	l-p---ng-	ὁ	ὁ	l-p---ng-	l-p---ng-	
2564	Διονύσια	n-p---ng-	διονύσια	Διονύσια	n-p---ng-	n-p---ng-	
2565	ἀεί	d--------	ἀεί	ἀεί	d--------	d--------	
2566	ὁ	l-s---mg-	ὁ	ὁ	l-s---mg-	l-s---mg-	
2567	καθήκω	v-sppamg-	καθήκω	καθήκω	v-sppamg-	v-sppamg-	
2568	χρόνος	n-s---mg-	χρόνος	χρόνος	n-s---mg-	n-s---mg-	
2569	γίγνομαι	v--pnm---	γίγνομαι	γίγνομαι	v--pne---	v--pnm---	
2570	,	u--------	,	,	u--------	u--------	
2571	ἐάν	c--------	ἄν	ἐάν	c--------	c--------	DISAGREE
2572	τε	b--------	τε	τε	d--------	b--------	
2573	δεινός	a-p---mn-	δεινός	δεινός	a-p---mn-	a-p---mn-	
2574	λαγχάνω	v3pasa---	λαγχάνω	λαγχάνω	v3pasa---	v3pasa---	
2575	ἐάν	c--------	ἄν	ἐάν	c--------	c--------	DISAGREE
2576	τε	b--------	τε	τε	c--------	b--------	
2577	ἰδιώτης	n-p---mn-	ἰδιώτης	ἰδιώτης	n-p---mn-	n-p---mn-	
2578	ὁ	l-p---mn-	ὁ	ὁ	l-p---mn-	l-p---mn-	
2579	οὗτος	p-p---ng-	οὗτος	οὗτος	p-p---ng-	p-p---ng-	
2580	ἑκάτερος	a-p---ng-	ἑκάτερος	ἑκάτερος	a-p---ng-	a-p---ng-	
2581	ἐπιμελέομαι	v-pppmmn-	ἐπιμελέομαι	ἐπιμελέομαι	v-pppemn-	v-pppmmn-	
2582	,	u--------	,	,	u--------	u--------	
2583	εἰς	r--------	εἰς	εἰς	r--------	r--------	
2584	ὅς	p-p---na-	ὅς	ὅς	p-p---na-	p-p---na-	
2585	τοσοῦτος	p-p---nn-	τοσοῦτος	τοσοῦτος	a-p---nn-	p-p---nn-	
2586	ἀναλίσκω	v3spim---	ἀναλίσκω	ἀναλίσκω	v3spie---	v3spim---	
2587	χρῆμα	n-p---nn-	χρῆμα	χρῆμα	n-p---nn-	n-p---nn-	
2588	,	u--------	,	,	u--------	u--------	
2589	ὅσος	p-p---nn-	ὅσος	ὅσος	a-p---nn-	p-p---nn-	
2590							unmatched
2591	εἰς	r--------	εἰς	εἰς	r--------	r--------	
2592	εἷς	m-s---ma-	εἷς	εἷς	a-s---ma-	m-s---ma-	
2593	ὁ	l-p---mg-	ὁ	ὁ	l-p---mg-	l-p---mg-	
2594	ἀπόστολος	n-p---mg-	ἀπόστολος	ἀπόστολος	n-p---mg-	n-p---mg-	
2595	,	u--------	,	,	u--------	u--------	
2596	καί	b--------	καί	καί	c--------	b--------	
2597	τοσοῦτος	p-s---ma-	τοσοῦτος	τοσοῦτος	a-s---ma-	p-s---ma-	
2598	ὄχλος	n-s---ma-	ὄχλος	ὄχλος	n-s---ma-	n-s---ma-	
2599	καί	b--------	καί	καί	c--------	b--------	
2600	παρασκευή	n-s---fa-	παρασκευή	παρασκευή	n-s---fa-	n-s---fa-	
2601	ὅσος	p-s---fa-	ὅσος	ὅσος	a-s---fa-	p-s---fa-	
2602	οὐ	d--------	οὐ	οὐ	d--------	d--------	
2603	οἶδα	v1sria---	οἶδα	οἶδα	v1spia---	v1sria---	
2604	εἰ	c--------	εἰ	εἰ	c--------	c--------	
2605	τις	p-s---nn-	τις	τις	p-s---nn-	p-s---nn-	
2606	ὁ	l-p---ng-	ὁ	ὁ	l-p---ng-	l-p---ng-	
2607	ἅπας	a-p---ng-	ἅπας	ἅπας	a-p---ng-	a-p---ng-	
2608	ἔχω	v3spia---	ἔχω	ἔχω	v3spia---	v3spia---	
2609	,	u--------	,	,	u--------	u--------	
2610	ὁ	l-p---ma-	ὁ	ὁ	l-p---ma-	l-p---ma-	
2611	δέ	b--------	δέ	δέ	c--------	b--------	
2612	ἀπόστολος	n-p---ma-	ἀπόστολος	ἀπόστολος	n-p---ma-	n-p---ma-	
2613	πᾶς	a-p---ma-	πᾶς	πᾶς	a-p---ma-	a-p---ma-	
2614	σύ	p2p---cd-	σύ	σύ	p-p---md-	p2p---cd-	
2615	ὑστερίζω	v--pna---	ὑστερίζω	ὑστερίζω	v--pna---	v--pna---	
2616	ὁ	l-p---mg-	ὁ	ὁ	l-p---mg-	l-p---mg-	
2617	καιρός	n-p---mg-	καιρός	καιρός	n-p---mg-	n-p---mg-	
2618	,	u--------	,	,	u--------	u--------	
2619	ὁ	l-s---ma-	ὁ	ὁ	l-s---ma-	l-s---ma-	
2620	εἰς	r--------	εἰς	εἰς	r--------	r--------	
2621	Μεθώνη	n-s---fa-	μεθώνη	Μεθώνη	n-s---fa-	n-s---fa-	
2622	,	u--------	,	,	u--------	u--------	
2623	ὁ	l-s---ma-	ὁ	ὁ	l-s---ma-	l-s---ma-	
2624	εἰς	r--------	εἰς	εἰς	r--------	r--------	
2625	Παγασαί	n-p---fa-	παγασαί	Παγασαί	n-p---fa-	n-p---fa-	
2626	,	u--------	,	,	u--------	u--------	
2627	ὁ	l-s---ma-	ὁ	ὁ	l-s---ma-	l-s---ma-	
2628	εἰς	r--------	εἰς	εἰς	r--------	r--------	
2629	Ποτείδαια	n-s---fa-	ποτείδαια	Ποτείδαια	n-s---fa-	n-s---fa-	
2630	;	u--------		;		u--------	glaux_only
2631	ὅτι	g--------		ὅτι		g--------	glaux_only
2632	ἐκεῖνος	p-p---nn-		ἐκεῖνος		p-p---nn-	glaux_only
2633	μέν	g--------		μέν		g--------	glaux_only
2634	ἅπας	a-p---nn-	ἅπας	ἅπας	a-p---nn-	a-p---nn-	
2635	νόμος	n-s---md-	νόμος	νόμος	n-s---md-	n-s---md-	
2636	τάσσω	v3srim---	τάσσω	τάσσω	v3srie---	v3srim---	
2637	,	u--------	,	,	u--------	u--------	
2638	καί	b--------	καί	καί	c--------	b--------	
2639	πρόοιδα	v3sria---	πρόοιδα	πρόοιδα	v3sria---	v3sria---	
2640	ἕκαστος	a-s---mn-	ἕκαστος	ἕκαστος	a-s---mn-	a-s---mn-	
2641	σύ	p2p---cg-	σύ	σύ	p-p---mg-	p2p---cg-	
2642	ἐκ	r--------	ἐκ	ἐκ	r--------	r--------	
2643	πολύς	a-s---ng-	πολύς	πολύς	a-s---ng-	a-s---ng-	
2644	τίς	p-s---cn-	τις	τίς	p-s---mn-	p-s---cn-	
2645	χορηγός	n-s---mn-	χορηγός	χορηγός	n-s---mn-	n-s---mn-	
2646	ἤ	b--------	ἤ1	ἤ	c--------	b--------	
2647	γυμνασιάρχης	n-s---mn-	γυμνασιάρχης	γυμνασιάρχης	n-s---mn-	n-s---mn-	
2648	ὁ	l-s---fg-	ὁ	ὁ	l-s---fg-	l-s---fg-	
2649	φυλή	n-s---fg-	φυλή	φυλή	n-s---fg-	n-s---fg-	
2650	,	u--------	,	,	u--------	u--------	
2651	πότε	d--------	ποτέ	πότε	d--------	d--------	
2652	καί	b--------	καί	καί	d--------	b--------	
2653	παρά	r--------	παρά	παρά	r--------	r--------	
2654	ὁ	p-s---mg-	ὁ	ὁ	p-s---mg-	p-s---mg-	
2655	καί	b--------	καί	καί	c--------	b--------	
2656	τίς	p-s---na-	τίς	τίς	p-s---na-	p-s---na-	
2657	λαμβάνω	v-sapama-	λαμβάνω	λαμβάνω	v-sapama-	v-sapama-	
2658	τίς	p-s---na-	τίς	τίς	p-s---na-	p-s---na-	
2659	δέω	v3spia---	δεῖ	δέω	v3spia---	v3spia---	DISAGREE
2660	ποιέω	v--pna---	ποιέω	ποιέω	v--pna---	v--pna---	
2661	,	u--------	,	,	u--------	u--------	
2662	οὐδείς	p-s---nn-	οὐδείς	οὐδείς	p-s---nn-	p-s---nn-	
2663	ἀνεξέταστος	a-s---nn-	ἀνεξέταστος	ἀνεξέταστος	a-s---nn-	a-s---nn-	
2664							unmatched
2665	ἀόριστος	a-s---nn-	ἀόριστος	ἀόριστος	a-s---nn-	a-s---nn-	
2666	ἐν	r--------	ἐν	ἐν	r--------	r--------	
2667	οὗτος	p-p---nd-	οὗτος	οὗτος	p-p---nd-	p-p---nd-	
2668	ἀμελέω	v3srim---	ἀμελέω	ἀμελέω	v3srie---	v3srim---	
2669	·	u--------		·		u--------	glaux_only
2670	ἐν	r--------	ἐν	ἐν	r--------	r--------	
2671	δέ	b--------	δέ	δέ	d--------	b--------	
2672	ὁ	l-p---nd-	ὁ	ὁ	l-p---nd-	l-p---nd-	
2673	περί	r--------	περί	περί	r--------	r--------	
2674	ὁ	l-s---mg-	ὁ	ὁ	l-s---mg-	l-s---mg-	
2675	πόλεμος	n-s---mg-	πόλεμος	πόλεμος	n-s---mg-	n-s---mg-	
2676	καί	b--------	καί	καί	c--------	b--------	
2677	ὁ	l-s---fd-	ὁ	ὁ	l-s---fd-	l-s---fd-	
2678	οὗτος	p-s---mg-	οὗτος	οὗτος	p-s---mg-	p-s---mg-	
2679	παρασκευή	n-s---fd-	παρασκευή	παρασκευή	n-s---fd-	n-s---fd-	
2680	ἄτακτος	a-p---nn-	ἄτακτος	ἄτακτος	a-p---nn-	a-p---nn-	
2681	,	u--------	,	,	u--------	u--------	
2682	ἀδιόρθωτος	a-p---nn-	ἀδιόρθωτος	ἀδιόρθωτος	a-p---nn-	a-p---nn-	
2683	,	u--------	,	,	u--------	u--------	
2684	ἀόριστος	a-p---nn-	ἀόριστος	ἀόριστος	a-p---nn-	a-p---nn-	
2685	ἅπας	a-p---nn-	ἅπας	ἅπας	a-p---nn-	a-p---nn-	
2686	.	u--------		.		u--------	glaux_only
2687	τοιγαροῦν	g--------	τοιγάρ	τοιγαροῦν	d--------	g--------	DISAGREE
2688	ἅμα	d--------	ἅμα	ἅμα	d--------	d--------	
2689	ἀκούω	v1pria---	ἀκούω	ἀκούω	v1pria---	v1pria---	
2690	τις	p-s---na-	τις	τις	p-s---na-	p-s---na-	
2691	καί	b--------	καί	καί	d--------	b--------	
2692	τριήραρχος	n-p---ma-	τριήραρχος	τριήραρχος	n-p---ma-	n-p---ma-	
2693	καθίστημι	v1ppia---	καθίστημι	καθίστημι	v1ppia---	v1ppia---	
2694	καί	b--------	καί	καί	d--------	b--------	
2695	οὗτος	p-p---md-	οὗτος	οὗτος	p-p---md-	p-p---md-	
2696	ἀντίδοσις	n-p---fa-	ἀντίδοσις	ἀντίδοσις	n-p---fa-	n-p---fa-	
2697	ποιέω	v1ppim---	ποιέω	ποιέω	v1ppie---	v1ppim---	
2698	καί	b--------	καί	καί	c--------	b--------	
2699	περί	r--------	περί	περί	r--------	r--------	
2700	χρῆμα	n-p---ng-	χρῆμα	χρῆμα	n-p---ng-	n-p---ng-	
2701	πόρος	n-s---mg-	πόρος	πόρος	n-s---mg-	n-s---mg-	
2702	σκοπέω	v1ppia---	σκοπέω	σκοπέω	v1ppia---	v1ppia---	
2703	,	u--------	,	,	u--------	u--------	
2704	καί	b--------	καί	καί	c--------	b--------	
2705	μετά	r--------	μετά	μετά	r--------	r--------	
2706	οὗτος	p-p---na-	οὗτος	οὗτος	p-p---na-	p-p---na-	
2707	ἐμβαίνω	v--pna---	ἐμβαίνω	ἐμβαίνω	v--pna---	v--pna---	
2708	ὁ	l-p---ma-	ὁ	ὁ	l-p---ma-	l-p---ma-	
2709	μέτοικος	n-p---ma-	μέτοικος	μέτοικος	n-p---ma-	n-p---ma-	
2710	δοκέω	v3saia---	δοκέω	δοκέω	v3saia---	v3saia---	
2711	καί	b--------	καί	καί	c--------	b--------	
2712	ὁ	l-p---ma-	ὁ	ὁ	l-p---ma-	l-p---ma-	
2713	χωρίς	d--------	χωρίς	χωρίς	d--------	d--------	
2714	οἰκέω	v-pppama-	οἰκέω	οἰκέω	v-pppama-	v-pppama-	
2715	,	u--------	,	,	u--------	u--------	
2716	εἶτα	d--------	εἶτα	εἶτα	d--------	d--------	
2717	αὐτός	p-p---ma-	αὐτός	αὐτός	p-p---ma-	p-p---ma-	
2718	πάλιν	d--------	πάλιν	πάλιν	d--------	d--------	
2719	,	u--------	,	,	u--------	u--------	
2720	εἶτα	d--------	εἶτα	εἶτα	d--------	d--------	
2721	ἀντεμβιβάζω	v--pna---	ἀντεμβιβάζω	ἀντεμβιβάζω	v--pna---	v--pna---	
2722	,	u--------	,	,	u--------	u--------	
2723	εἶτα	d--------	εἶτα	εἶτα	c--------	d--------	
2724	ἐν	r--------	ἐν	ἐν	r--------	r--------	
2725	ὅσος	p-s---nd-	ὅσος	ὅσος	a-s---nd-	p-s---nd-	
2726	οὗτος	p-p---nn-	οὗτος	οὗτος	p-p---nn-	p-p---nn-	
2727	μέλλω	v3spim---	μέλλω	μέλλω	v3spie---	v3spim---	
2728	,	u--------	,	,	u--------	u--------	
2729	προαπόλλυμι	v3sria---	προαπόλλυμαι	προαπόλλυμι	v3sria---	v3sria---	DISAGREE
2730	ὁ	l-s---nn-	ὁ	ὁ	l-s---nn-	l-s---nn-	
2731	ἐπί	r--------	ἐπί	ἐπί	r--------	r--------	
2732	ὅς	p-s---na-	ὅς	ὅς	p-s---na-	p-s---na-	
2733	ἄν	g--------	ἄν	ἄν	d--------	g--------	
2734	ἐκπλέω	v1ppsa---	ἐκπλέω	ἐκπλέω	v1ppsa---	v1ppsa---	
2735	·	u--------		·		u--------	glaux_only
2736	ὁ	l-s---ma-	ὁ	ὁ	l-s---ma-	l-s---ma-	
2737	γάρ	g--------	γάρ	γάρ	d--------	g--------	
2738	ὁ	l-s---mg-	ὁ	ὁ	l-s---mg-	l-s---mg-	
2739	πράσσω	v--pna---	πράσσω	πράσσω	v--pna---	v--pna---	
2740	χρόνος	n-s---ma-	χρόνος	χρόνος	n-s---ma-	n-s---ma-	
2741	εἰς	r--------	εἰς	εἰς	r--------	r--------	
2742	ὁ	l-s---na-	ὁ	ὁ	l-s---na-	l-s---na-	
2743	παρασκευάζω	v--pnm---	παρασκευάζω	παρασκευάζω	v--pne---	v--pnm---	
2744	ἀναλίσκω	v1ppia---	ἀναλίσκω	ἀναλίσκω	v1ppia---	v1ppia---	
2745	,	u--------	,	,	u--------	u--------	
2746	ὁ	l-p---mn-	ὁ	ὁ	l-p---mn-	l-p---mn-	
2747	δέ	b--------	δέ	δέ	c--------	b--------	
2748	ὁ	l-p---ng-	ὁ	ὁ	l-p---ng-	l-p---ng-	
2749	πρᾶγμα	n-p---ng-	πρᾶγμα	πρᾶγμα	n-p---ng-	n-p---ng-	
2750	οὐ	d--------	οὐ	οὐ	d--------	d--------	
2751	μένω	v3ppia---	μένω	μένω	v3ppia---	v3ppia---	
2752	καιρός	n-p---mn-	καιρός	καιρός	n-p---mn-	n-p---mn-	
2753	ὁ	l-s---fa-	ὁ	ὁ	l-s---fa-	l-s---fa-	
2754	ἡμέτερος	a-s---fa-	ἡμέτερος	ἡμέτερος	a-s---fa-	a-s---fa-	
2755	βραδυτής	n-s---fa-	βραδυτής	βραδυτής	n-s---fa-	n-s---fa-	
2756	καί	b--------	καί	καί	c--------	b--------	
2757	εἰρωνεία	n-s---fa-	εἰρωνεία	εἰρωνεία	n-s---fa-	n-s---fa-	
2758	.	u--------	.	.	u--------	u--------	
2759	ὅς	p-p---fa-	ὅς	ὅς	a-p---fa-	p-p---fa-	
2760	δέ	b--------	δέ	δέ	d--------	b--------	
2761	ὁ	l-s---ma-	ὁ	ὁ	l-s---ma-	l-s---ma-	
2762	μεταξύ	d--------	μεταξύ	μεταξύ	d--------	d--------	
2763	χρόνος	n-s---ma-	χρόνος	χρόνος	n-s---ma-	n-s---ma-	
2764	δύναμις	n-p---fa-	δύναμις	δύναμις	n-p---fa-	n-p---fa-	
2765	οἴομαι	v1ppim---	οἴομαι	οἴομαι	v1ppie---	v1ppim---	
2766	ἐγώ	p1p---cd-	ἐγώ	ἐγώ	p-p---md-	p1p---cd-	
2767	ὑπάρχω	v--pna---	ὑπάρχω	ὑπάρχω	v--pna---	v--pna---	
2768	,	u--------	,	,	u--------	u--------	
2769	οὐδείς	p-s---na-	οὐδείς	οὐδείς	p-s---na-	p-s---na-	
2770	οἷος	p-p---fn-	οἷος	οἷος	a-p---fn-	p-p---fn-	
2771	τε	c--------	τε	τε	d--------	c--------	
2772	εἰμί	v-pppafn-	εἰμί	εἰμί	v-pppafn-	v-pppafn-	
2773	ποιέω	v--pna---	ποιέω	ποιέω	v--pna---	v--pna---	
2774	ἐπί	r--------	ἐπί	ἐπί	r--------	r--------	
2775	αὐτός	p-p---mg-	αὐτός	αὐτός	a-p---mg-	p-p---mg-	
2776	ὁ	l-p---mg-	ὁ	ὁ	l-p---mg-	l-p---mg-	
2777	καιρός	n-p---mg-	καιρός	καιρός	n-p---mg-	n-p---mg-	
2778	ἐξελέγχω	v3ppim---	ἐξελέγχω	ἐξελέγχω	v3ppie---	v3ppim---	
2779	.	u--------	.	.	u--------	u--------	
2780	ὁ	l-s---mn-	ὁ	ὁ	l-s---mn-	l-s---mn-	
2781	δέ	b--------	δέ	δέ	d--------	b--------	
2782	εἰς	r--------	εἰς	εἰς	r--------	r--------	
2783	οὗτος	p-s---na-	οὗτος	οὗτος	p-s---na-	p-s---na-	
2784	ὕβρις	n-s---fg-	ὕβρις	ὕβρις	n-s---fg-	n-s---fg-	
2785	ἔρχομαι	v3sria---	ἔρχομαι	ἔρχομαι	v3sria---	v3sria---	
2786	ὥστε	c--------	ὥστε	ὥστε	c--------	c--------	
2787	ἐπιστέλλω	v--pna---	ἐπιστέλλω	ἐπιστέλλω	v--pna---	v--pna---	
2788	Εὐβοεύς	n-p---md-	εὐβοεύς	Εὐβοεύς	n-p---md-	n-p---md-	
2789	ἤδη	d--------	ἤδη	ἤδη	d--------	d--------	
2790	τοιοῦτος	p-p---fa-	τοιοῦτος	τοιοῦτος	a-p---fa-	p-p---fa-	
2791	ἐπιστολή	n-p---fa-	ἐπιστολή	ἐπιστολή	n-p---fa-	n-p---fa-	
2792	.	u--------	.	.	u--------	u--------	
2793	ἐπιστολή	n-s---fn-	ἐπιστολή		n-s---fn-		oga_only
2794	αναγνωσισ	n-s---fn-	αναγνωσισ		n-s---fn-		oga_only
2795							unmatched
2796	οὗτος	p-p---ng-	οὗτος		p-p---ng-		oga_only
2797	,	u--------	,		u--------		oga_only
2798	ὦ	i--------	ὦ		i--------		oga_only
2799	ἀνήρ	n-p---mv-	ἀνήρ		n-p---mv-		oga_only
2800	ἀθηναῖος	a-p---mv-	ἀθηναῖος		a-p---mv-		oga_only
2801	,	u--------	,		u--------		oga_only
2802	ὁ	l-p---ng-	ὁ		l-p---ng-		oga_only
2803	ἀναγιγνώσκω	v-prpeng-	ἀναγιγνώσκω		v-prpeng-		oga_only
2804	ἀληθής	a-p---nn-	ἀληθής		a-p---nn-		oga_only
2805	μέν	d--------	μέν		d--------		oga_only
2806	εἰμί	v3spia---	εἰμί		v3spia---		oga_only
2807	ὁ	l-p---nn-	ὁ		l-p---nn-		oga_only
2808	πολύς	a-p---nn-	πολύς		a-p---nn-		oga_only
2809	,	u--------	,		u--------		oga_only
2810	ὡς	c--------	ὡς		c--------		oga_only
2811	οὐ	d--------	οὐ		d--------		oga_only
2812	δεῖ	v3siia---	δεῖ		v3siia---		oga_only
2813	,	u--------	,		u--------		oga_only
2814	οὐ	d--------	οὐ		d--------		oga_only
2815	μήν	d--------	μήν		d--------		oga_only
2816	ἀλλά	c--------	ἀλλά		c--------		oga_only
2817	ἴσως	d--------	ἴσως		d--------		oga_only
2818	οὐ	d--------	οὐ		d--------		oga_only
2819	ἡδύς	a-p---nn-	ἡδύς		a-p---nn-		oga_only
2820	ἀκούω	v--pna---	ἀκούω		v--pna---		oga_only
2821	.	u--------	.		u--------		oga_only
2822	ἀλλά	d--------	ἀλλά		d--------		oga_only
2823	εἰ	c--------	εἰ		c--------		oga_only
2824	μέν	d--------	μέν		d--------		oga_only
2825	,	u--------	,		u--------		oga_only
2826	ὅσος	a-p---na-	ὅσος		a-p---na-		oga_only
2827	ἄν	d--------	ἄν		d--------		oga_only
2828	τις	p-s---mn-	τις		p-s---mn-		oga_only
2829	ὑπερβαίνω	v3sasa---	ὑπερβαίνω		v3sasa---		oga_only
2830	ὁ	l-s---md-	ὁ		l-s---md-		oga_only
2831	λόγος	n-s---md-	λόγος		n-s---md-		oga_only
2832	,	u--------	,		u--------		oga_only
2833	ἵνα	c--------	ἵνα		c--------		oga_only
2834	μή	d--------	μή		d--------		oga_only
2835	λυπέω	v3sasa---	λυπέω		v3sasa---		oga_only
2836	,	u--------	,		u--------		oga_only
2837	καί	d--------	καί		d--------		oga_only
2838	ὁ	l-p---na-	ὁ		l-p---na-		oga_only
2839	πρᾶγμα	n-p---na-	πρᾶγμα		n-p---na-		oga_only
2840	ὑπερβαίνω	v3sfim---	ὑπερβαίνω		v3sfim---		oga_only
2841	,	u--------	,		u--------		oga_only
2842	δεῖ	v3spia---	δεῖ		v3spia---		oga_only
2843	πρός	r--------	πρός		r--------		oga_only
2844	ἡδονή	n-s---fa-	ἡδονή		n-s---fa-		oga_only
2845	δημηγορέω	v--pna---	δημηγορέω		v--pna---		oga_only
2846	·	u--------	·		u--------		oga_only
2847	εἰ	c--------	εἰ		c--------		oga_only
2848	δέ	d--------	δέ		d--------		oga_only
2849	ὁ	l-s---fn-	ὁ		l-s---fn-		oga_only
2850	ὁ	l-p---mg-	ὁ		l-p---mg-		oga_only
2851	λόγος	n-p---mg-	λόγος		n-p---mg-		oga_only
2852	χάρις	n-s---fn-	χάρις		n-s---fn-		oga_only
2853	,	u--------	,		u--------		oga_only
2854	ἄν	c--------	ἄν		c--------		oga_only
2855	εἰμί	v3spsa---	εἰμί		v3spsa---		oga_only
2856	μή	d--------	μή		d--------		oga_only
2857	προσήκω	v-sppafn-	προσήκω		v-sppafn-		oga_only
2858	,	u--------	,		u--------		oga_only
2859	ἔργον	n-s---nd-	ἔργον		n-s---nd-		oga_only
2860	ζημία	n-s---fn-	ζημία		n-s---fn-		oga_only
2861	γίγνομαι	v3spie---	γίγνομαι		v3spie---		oga_only
2862	,	u--------	,		u--------		oga_only
2863	αἰσχρός	a-s---nn-	αἰσχρός		a-s---nn-		oga_only
2864	εἰμί	v3spia---	εἰμί		v3spia---		oga_only
2865	φενακίζω	v--pna---	φενακίζω		v--pna---		oga_only
2866	ἑαυτοῦ	p-p---ma-	ἑαυτοῦ		p-p---ma-		oga_only
2867	,	u--------	,		u--------		oga_only
2868	καί	c--------	καί		c--------		oga_only
2869	ἅπας	a-p---na-	ἅπας		a-p---na-		oga_only
2870	ἀναβάλλω	v-pppema-	ἀναβάλλω		v-pppema-		oga_only
2871	ἄν	g--------	ὅς	ἄν	p-p---ng-	g--------	DISAGREE
2872	εἰμί	v3spsa---	εἰμί	εἰμί	v3spsa---	v3spsa---	
2873	δυσχερής	a-p---nn-	δυσχερής	δυσχερής	a-p---nn-	a-p---nn-	
2874	πᾶς	a-p---ng-	πᾶς	πᾶς	a-p---ng-	a-p---ng-	
2875	ὑστερέω	v--pna---	ὑστερέω	ὑστερέω	v--pna---	v--pna---	
2876	ὁ	l-p---ng-	ὁ	ὁ	l-p---ng-	l-p---ng-	
2877	ἔργον	n-p---ng-	ἔργον	ἔργον	n-p---ng-	n-p---ng-	
2878	,	u--------	,	,	u--------	u--------	
2879	καί	b--------	καί	καί	c--------	b--------	
2880	μή	d--------	μη	μή	d--------	d--------	
2881	δέ	d--------	δέ		d--------		oga_only
2882	οὗτος	p-s---na-	οὗτος		p-s---na-		oga_only
2883	δύναμαι	v--pne---	δύναμαι		v--pne---		oga_only
2884	μανθάνω	v--ana---	μανθάνω		v--ana---		oga_only
2885	,	u--------	,		u--------		oga_only
2886	ὅτι	c--------	ὅτι		c--------		oga_only
2887	δεῖ	v3spia---	δεῖ		v3spia---		oga_only
2888	ὁ	l-p---ma-	ὁ		l-p---ma-		oga_only
2889	ὀρθός	d--------	ὀρθός		d--------		oga_only
2890	πόλεμος	n-s---md-	πόλεμος		n-s---md-		oga_only
2891	χράομαι	v-pppema-	χράομαι		v-pppema-		oga_only
2892	οὐ	d--------	οὐ		d--------		oga_only
2893	ἀκολουθέω	v--pna---	ἀκολουθέω		v--pna---		oga_only
2894	ὁ	l-p---nd-	ὁ		l-p---nd-		oga_only
2895	πρᾶγμα	n-p---nd-	πρᾶγμα		n-p---nd-		oga_only
2896	,	u--------	,		u--------		oga_only
2897	ἀλλά	c--------	ἀλλά		c--------		oga_only
2898	αὐτός	p-p---ma-	αὐτός		p-p---ma-		oga_only
2899	ἔμπροσθεν	d--------	ἔμπροσθεν		d--------		oga_only
2900	εἰμί	v--pna---	εἰμί		v--pna---		oga_only
2901	ὁ	l-p---ng-	ὁ		l-p---ng-		oga_only
2902	πρᾶγμα	n-p---ng-	πρᾶγμα		n-p---ng-		oga_only
2903	,	u--------	,		u--------		oga_only
2904	καί	c--------	καί		c--------		oga_only
2905	ὁ	l-s---ma-	ὁ		l-s---ma-		oga_only
2906	αὐτός	a-s---ma-	αὐτός		a-s---ma-		oga_only
2907	τρόπος	n-s---ma-	τρόπος		n-s---ma-		oga_only
2908	ὥσπερ	c--------	ὥσπερ		c--------		oga_only
2909	ὁ	l-p---ng-	ὁ		l-p---ng-		oga_only
2910	στράτευμα	n-p---ng-	στράτευμα		n-p---ng-		oga_only
2911	ἀξιόω	v3saoa---	ἀξιόω		v3saoa---		oga_only
2912	τις	p-s---mn-	τις		p-s---mn-		oga_only
2913	ἄν	d--------	ἄν		d--------		oga_only
2914	ὁ	l-s---ma-	ὁ		l-s---ma-		oga_only
2915	στρατηγός	n-s---ma-	στρατηγός		n-s---ma-		oga_only
2916	ἡγέομαι	v--pnm---	ἡγέομαι		v--pnm---		oga_only
2917	,	u--------	,		u--------		oga_only
2918	οὕτως	d--------	οὕτως		d--------		oga_only
2919	καί	d--------	καί		d--------		oga_only
2920	ὁ	l-p---ng-	ὁ		l-p---ng-		oga_only
2921	πρᾶγμα	n-p---ng-	πρᾶγμα		n-p---ng-		oga_only
2922	ὁ	l-p---ma-	ὁ		l-p---ma-		oga_only
2923	βουλεύω	v-pppema-	βουλεύω		v-pppema-		oga_only
2924	,	u--------	,		u--------		oga_only
2925	ἵνα	c--------	ἵνα		c--------		oga_only
2926	ἄν	g--------	ὅς	ἄν	p-p---ng-	g--------	DISAGREE
2927	ἐκεῖνος	p-p---md-	ἐκεῖνος	ἐκεῖνος	p-p---md-	p-p---md-	
2928	δοκέω	v3spsa---	δοκέω	δοκέω	v3spsa---	v3spsa---	
2929	,	u--------	,	,	u--------	u--------	
2930	οὗτος	p-p---na-	οὗτος	οὗτος	p-p---na-	p-p---na-	
2931	πράσσω	v3spsm---	πράσσω	πράσσω	v3spse---	v3spsm---	
2932	καί	b--------	καί	καί	c--------	b--------	
2933	μή	d--------	μή	μή	d--------	d--------	
2934	ὁ	l-p---na-	ὁ	ὁ	l-p---na-	l-p---na-	
2935	συμβαίνω	v-papana-	συμβαίνω	συμβαίνω	v-papana-	v-papana-	
2936	ἀναγκάζω	v3ppsm---	ἀναγκάζω	ἀναγκάζω	v3ppse---	v3ppsm---	
2937	διώκω	v--pna---	διώκω	διώκω	v--pna---	v--pna---	
2938	.	u--------	.	.	u--------	u--------	
2939	σύ	p2p---cn-	σύ	σύ	p-p---mn-	p2p---cn-	
2940	δέ	b--------	δέ	δέ	d--------	b--------	
2941	,	u--------	,	,	u--------	u--------	
2942	ὦ	i--------	ὦ	ὦ	i--------	i--------	
2943	ἀνήρ	n-p---mv-	ἀνήρ	ἀνήρ	n-p---mv-	n-p---mv-	
2944	Ἀθηναῖος	a-p---mv-	ἀθηναῖος	Ἀθηναῖος	a-p---mv-	a-p---mv-	
2945	,	u--------	,	,	u--------	u--------	
2946	πολύς	a-s---fas	πλεῖστος	πολύς	a-s---fa-	a-s---fas	DISAGREE
2947	δύναμις	n-s---fa-	δύναμις	δύναμις	n-s---fa-	n-s---fa-	
2948	ἅπας	a-p---ng-	ἅπας	ἅπας	a-p---ng-	a-p---ng-	
2949	ἔχω	v-pppamn-	ἔχω	ἔχω	v-pppamn-	v-pppamn-	
2950	,	u--------	,	,	u--------	u--------	
2951	τριήρης	n-p---fa-	τριήρης	τριήρης	n-p---fn-	n-p---fa-	
2952	,	u--------	,	,	u--------	u--------	
2953	ὁπλίτης	n-p---ma-	ὁπλίτης	ὁπλίτης	n-p---ma-	n-p---ma-	
2954	,	u--------	,	,	u--------	u--------	
2955	ἱππεύς	n-p---ma-	ἱππεύς	ἱππεύς	n-p---ma-	n-p---ma-	
2956	,	u--------	,	,	u--------	u--------	
2957	χρῆμα	n-p---ng-	χρῆμα	χρῆμα	n-p---ng-	n-p---ng-	
2958	πρόσοδος	n-s---fa-	πρόσοδος	πρόσοδος	n-s---fa-	n-s---fa-	
2959	,	u--------	,	,	u--------	u--------	
2960	οὗτος	p-p---ng-	οὗτος	οὗτος	p-p---ng-	p-p---ng-	
2961	μέν	g--------	μέν	μέν	d--------	g--------	
2962	μέχρι	r--------	μέχρι	μέχρι	r--------	r--------	
2963	ὁ	l-s---fg-	ὁ	ὁ	l-s---fg-	l-s---fg-	
2964	σήμερον	d--------	σήμερον	σήμερον	d--------	d--------	
2965	ἡμέρα	n-s---fg-	ἡμέρα	ἡμέρα	n-s---fg-	n-s---fg-	
2966	οὐδείς	p-s---nd-	οὐδείς	οὐδείς	p-s---nd-	p-s---nd-	
2967	πώποτε	d--------	πώποτε	πώποτε	d--------	d--------	
2968	εἰς	r--------	εἰς	εἰς	r--------	r--------	
2969	δέω	v-sppana-	δεῖ	δέω	v-sppana-	v-sppana-	DISAGREE
2970	τις	p-s---na-	τις	τις	p-s---na-	p-s---na-	
2971	χράω	v2prim---	χράω2	χράω	v2prie---	v2prim---	
2972	,	u--------	,	,	u--------	u--------	
2973	οὐδείς	p-s---na-	οὐδείς	οὐδείς	a-s---na-	p-s---na-	
2974	δέ	b--------	δέ	δέ	c--------	b--------	
2975	ἀπολείπω	v2ppia---	ἀπολιμπάνω	ἀπολείπω	v2ppia---	v2ppia---	DISAGREE
2976	,	u--------	,	,	u--------	u--------	
2977	ὥσπερ	c--------	ὥσπερ	ὥσπερ	c--------	c--------	
2978	ὁ	l-p---mn-	ὁ	ὁ	l-p---mn-	l-p---mn-	
2979	βάρβαρος	a-p---mn-	βάρβαρος	βάρβαρος	n-p---mn-	a-p---mn-	
2980	πυκτεύω	v3ppia---	πυκτεύω	πυκτεύω	v3ppia---	v3ppia---	
2981	,	u--------	,	,	u--------	u--------	
2982	οὕτως	d--------	οὕτως	οὕτως	d--------	d--------	
2983	πολεμέω	v--pna---	πολεμέω	πολεμέω	v--pna---	v--pna---	
2984	Φίλιππος	n-s---md-	φίλιππος	Φίλιππος	n-s---md-	n-s---md-	
2985	.	u--------	.	.	u--------	u--------	
2986	καί	b--------	καί	καί	d--------	b--------	
2987	γάρ	g--------	γάρ	γάρ	d--------	g--------	
2988	ἐκεῖνος	p-p---mg-	ἐκεῖνος	ἐκεῖνος	p-p---mg-	p-p---mg-	
2989	ὁ	l-s---mn-	ὁ	ὁ	l-s---mn-	l-s---mn-	
2990	πλήσσω	v-sappmn-	πλήσσω	πλήσσω	v-sappmn-	v-sappmn-	
2991	ἀεί	d--------	ἀεί	ἀεί	d--------	d--------	
2992	ὁ	l-s---fg-	ὁ	ὁ	l-s---fg-	l-s---fg-	
2993	πληγή	n-s---fg-	πληγή	πληγή	n-s---fg-	n-s---fg-	
2994	ἔχω	v3spim---	ἔχω	ἔχω	v3spie---	v3spim---	
2995	,	u--------	,	,	u--------	u--------	
2996	καί	c--------	καί		c--------		oga_only
2997	ἄν	c--------	ἄν		c--------		oga_only
2998	ἑτέρωσε	d--------	ἑτέρωσε		d--------		oga_only
2999	πατάσσω	v3sasa---	πατάσσω		v3sasa---		oga_only
3000	τις	p-s---mn-	τις		p-s---mn-		oga_only
3001	,	u--------	,		u--------		oga_only
3002	ἐκεῖσε	d--------	ἐκεῖσε		d--------		oga_only
3003	εἰμί	v3ppia---	εἰμί		v3ppia---		oga_only
3004	ὁ	l-p---fn-	ὁ		l-p---fn-		oga_only
3005	χείρ	n-p---fn-	χείρ		n-p---fn-		oga_only
3006	·	u--------	·		u--------		oga_only
3007	προβάλλω	v--pnm---	προβάλλω	προβάλλω	v--pne---	v--pnm---	
3008	δέ	b--------	δέ	δέ	d--------	b--------	
3009	ἤ	b--------	ἤ1	ἤ	c--------	b--------	
3010	βλέπω	v--pna---	βλέπω	βλέπω	v--pna---	v--pna---	
3011	ἐναντίος	a-s---ma-	ἐναντίον	ἐναντίος	a-s---na-	a-s---ma-	DISAGREE
3012							unmatched
3013	οἶδα	v3sria---	οἶδα	οἶδα	v3sria---	v3sria---	
3014							unmatched
3015	ἐθέλω	v3spia---	ἐθέλω	ἐθέλω	v3spia---	v3spia---	
3016	.	u--------	.	.	u--------	u--------	
3017	καί	b--------	καί	καί	d--------	b--------	
3018	σύ	p2p---cn-	σύ	σύ	p-p---mn-	p2p---cn-	
3019	,	u--------	,	,	u--------	u--------	
3020	ἐάν	c--------	ἄν	ἐάν	c--------	c--------	DISAGREE
3021	ἐν	r--------	ἐν	ἐν	r--------	r--------	
3022	Χερσόνησος	n-s---fd-	χερσόνησος	Χερσόνησος	n-s---fd-	n-s---fd-	
3023	πυνθάνομαι	v2pasm---	πυνθάνομαι	πυνθάνομαι	v2pasa---	v2pasm---	
3024	Φίλιππος	n-s---ma-	φίλιππος	Φίλιππος	n-s---ma-	n-s---ma-	
3025	,	u--------	,	,	u--------	u--------	
3026	ἐκεῖσε	d--------	ἐκεῖσε	ἐκεῖσε	d--------	d--------	
3027	βοηθέω	v--pna---	βοηθέω	βοηθέω	v--pna---	v--pna---	
3028	ψηφίζω	v2ppim---	ψηφίζω	ψηφίζω	v2ppie---	v2ppim---	
3029	,	u--------	,	,	u--------	u--------	
3030	ἐάν	c--------	ἄν	ἐάν	c--------	c--------	DISAGREE
3031	ἐν	r--------	ἐν	ἐν	r--------	r--------	
3032	Πύλαι	n-p---fd-	πύλη	Πύλαι	n-p---fd-	n-p---fd-	DISAGREE
3033	,	u--------	,	,	u--------	u--------	
3034	ἐκεῖσε	d--------	ἐκεῖσε	ἐκεῖσε	d--------	d--------	
3035	,	u--------	,	,	u--------	u--------	
3036	ἐάν	c--------	ἄν	ἐάν	c--------	c--------	DISAGREE
3037	ἄλλοθι	d--------	ἄλλοθι	ἄλλοθι	d--------	d--------	
3038	που	d--------	πού	που	d--------	d--------	
3039	,	u--------	,	,	u--------	u--------	
3040	συμπαραθέω	v2ppia---	συμπαραθέω	συμπαραθέω	v2ppia---	v2ppia---	
3041	ἄνω	d--------	ἄνω	ἄνω	d--------	d--------	
3042	κάτω	d--------	κάτω	κάτω	d--------	d--------	
3043	,	u--------	,	,	u--------	u--------	
3044	καί	b--------	καί	καί	c--------	b--------	
3045	στρατηγέω	v2ppim---	στρατηγέω	στρατηγέω	v2ppie---	v2ppim---	
3046	ὑπό	r--------	ὑπό	ὑπό	r--------	r--------	
3047	ἐκεῖνος	p-s---mg-	ἐκεῖνος	ἐκεῖνος	p-s---mg-	p-s---mg-	
3048	,	u--------	,	,	u--------	u--------	
3049	βουλεύω	v2prim---	βουλεύω	βουλεύω	v2prie---	v2prim---	
3050	δέ	b--------	δέ	δέ	d--------	b--------	
3051	οὐδείς	p-s---na-	οὐδείς	οὐδείς	p-s---na-	p-s---na-	
3052	αὐτός	p-p---mn-	αὐτός	αὐτός	p-p---mn-	p-p---mn-	
3053	συμφέρω	v-sppana-	συμφέρω	συμφέρω	v-sppana-	v-sppana-	
3054	περί	r--------	περί	περί	r--------	r--------	
3055	ὁ	l-s---mg-	ὁ	ὁ	l-s---mg-	l-s---mg-	
3056	πόλεμος	n-s---mg-	πόλεμος	πόλεμος	n-s---mg-	n-s---mg-	
3057	,	u--------	,	,	u--------	u--------	
3058	οὐ	d--------	οὐ	οὐ	d--------	d--------	
3059	δέ	c--------	δέ		c--------		oga_only
3060	πρό	r--------	πρό		r--------		oga_only
3061	ὁ	l-p---ng-	ὁ		l-p---ng-		oga_only
3062	πρᾶγμα	n-p---ng-	πρᾶγμα		n-p---ng-		oga_only
3063	προοράω	v2ppia---	προοράω		v2ppia---		oga_only
3064	οὐδείς	p-s---na-	οὐδείς		p-s---na-		oga_only
3065	,	u--------	,		u--------		oga_only
3066	πρίν	c--------	πρίν		c--------		oga_only
3067	ἄν	d--------	ἄν		d--------		oga_only
3068	ἤ	b--------	ἤ1	ἤ	d--------	b--------	
3069	γίγνομαι	v-srpena-	γίγνομαι		v-srpena-		oga_only
3070	ἤ1	c--------	ἤ1		c--------		oga_only
3071	γίγνομαι	v-sppena-	γίγνομαι		v-sppena-		oga_only
3072	τις	p-s---na-	τις		p-s---na-		oga_only
3073	πυνθάνομαι	v2pase---	πυνθάνομαι		v2pase---		oga_only
3074							unmatched
3075							unmatched
3076							unmatched
3077							unmatched
3078	πρότερος	a-s---na-	πρότερος		a-s---na-		oga_only
3079	μέν	d--------	μέν		d--------		oga_only
3080	ἐνεἰμί	v3siia---	ἐνεἰμί		v3siia---		oga_only
3081	·	u--------	·		u--------		oga_only
3082	νῦν	d--------	νῦν		d--------		oga_only
3083	δέ	d--------	δέ		d--------		oga_only
3084	ἐπί	r--------	ἐπί		r--------		oga_only
3085	αὐτός	a-s---fa-	αὐτός		a-s---fa-		oga_only
3086	ἥκω	v3spia---	ἥκω		v3spia---		oga_only
3087	ὁ	l-s---fa-	ὁ		l-s---fa-		oga_only
3088	ἀκμή	n-s---fa-	ἀκμή		n-s---fa-		oga_only
3089	,	u--------	,		u--------		oga_only
3090	ὥστε	c--------	ὥστε		c--------		oga_only
3091	οὐκέτι	d--------	οὐκέτι		d--------		oga_only
3092	ἐγχωρέω	v3spia---	ἐγχωρέω		v3spia---		oga_only
3093	.	u--------	.		u--------		oga_only
3094	δοκέω	v3spia---	δοκέω	δοκέω	v3spia---	v3spia---	
3095	δέ	b--------	δέ	δέ	d--------	b--------	
3096	ἐγώ	p1s---cd-	ἐγώ	ἐγώ	p-s---md-	p1s---cd-	
3097	θεός	n-p---mg-	θεός	θεός	n-p---mg-	n-p---mg-	
3098	τις	p-s---cn-	τις	τις	p-s---mn-	p-s---cn-	
3099	,	u--------	,	,	u--------	u--------	
3100	ὦ	i--------	ὦ	ὦ	i--------	i--------	
3101	ἀνήρ	n-p---mv-	ἀνήρ	ἀνήρ	n-p---mv-	n-p---mv-	
3102	Ἀθηναῖος	a-p---mv-	ἀθηναῖος	Ἀθηναῖος	a-p---mv-	a-p---mv-	
3103	,	u--------	,	,	u--------	u--------	
3104	ὁ	l-p---nd-	ὁ	ὁ	l-p---nd-	l-p---nd-	
3105	γίγνομαι	v-pppmnd-	γίγνομαι	γίγνομαι	v-pppend-	v-pppmnd-	
3106	ὑπέρ	r--------	ὑπέρ	ὑπέρ	r--------	r--------	
3107	ὁ	l-s---fg-	ὁ	ὁ	l-s---fg-	l-s---fg-	
3108	πόλις	n-s---fg-	πόλις	πόλις	n-s---fg-	n-s---fg-	
3109	αἰσχύνω	v-sppmmn-	αἰσχύνω	αἰσχύνω	v-sppemn-	v-sppmmn-	
3110	ὁ	l-s---fa-	ὁ	ὁ	l-s---fa-	l-s---fa-	
3111	φιλοπραγμοσύνη	n-s---fa-	φιλοπραγμοσύνη	φιλοπραγμοσύνη	n-s---fa-	n-s---fa-	
3112	οὗτος	p-s---fa-	οὗτος	οὗτος	a-s---fa-	p-s---fa-	
3113	ἐμβάλλω	v--ana---	ἐμβάλλω	ἐμβάλλω	v--ana---	v--ana---	
3114	Φίλιππος	n-s---md-	φίλιππος	Φίλιππος	n-s---md-	n-s---md-	
3115	.	u--------	.	.	u--------	u--------	
3116	εἰ	c--------	εἰ	εἰ	c--------	c--------	
3117	γάρ	g--------	γάρ	γάρ	d--------	g--------	
3118	ἔχω	v-sppamn-	ἔχω	ἔχω	v-sppamn-	v-sppamn-	
3119	ὅς	p-p---na-	ὅς	ὅς	p-p---na-	p-p---na-	
3120	καταστρέφω	v3srim---	καταστρέφω	καταστρέφω	v3srie---	v3srim---	
3121	καί	b--------	καί	καί	c--------	b--------	
3122	προλαμβάνω	v3sria---	προλαμβάνω	προλαμβάνω	v3sria---	v3sria---	
3123	ἡσυχία	n-s---fa-	ἡσυχία	ἡσυχία	n-s---fa-	n-s---fa-	
3124	ἔχω	v--pna---	ἔχω	ἔχω	v--pna---	v--pna---	
3125	ἐθέλω	v3siia---	ἐθέλω	ἐθέλω	v3siia---	v3siia---	
3126	καί	b--------	καί	καί	c--------	b--------	
3127	μηδείς	p-s---na-	μηδείς	μηδείς	p-s---na-	p-s---na-	
3128	πράσσω	v3siia---	πράσσω	πράσσω	v3siia---	v3siia---	
3129	ἔτι	d--------	ἔτι	ἔτι	d--------	d--------	
3130	,	u--------	,	,	u--------	u--------	
3131	ἀποχράω	v--pna---	ἀποχράω	ἀποχράω	v--pna---	v--pna---	
3132	ἔνιοι	a-p---md-	ἔνιοι	ἔνιοι	a-p---md-	a-p---md-	
3133	σύ	p2p---cg-	σύ	σύ	p-p---mg-	p2p---cg-	
3134	ἄν	g--------	ἄν	ἄν	d--------	g--------	
3135	ἐγώ	p1s---cd-	ἐγώ	ἐγώ	p-s---md-	p1s---cd-	
3136	δοκέω	v3spia---	δοκέω	δοκέω	v3spia---	v3spia---	
3137	,	u--------	,	,	u--------	u--------	
3138	ἐκ	r--------	ἐκ	ἐκ	r--------	r--------	
3139	ὅς	p-p---ng-	ὅς	ὅς	p-p---ng-	p-p---ng-	
3140	αἰσχύνη	n-s---fa-	αἰσχύνη	αἰσχύνη	n-s---fa-	n-s---fa-	
3141	καί	b--------	καί	καί	d--------	b--------	
3142	ἀνανδρία	n-s---fa-	ἀνανδρία	ἀνανδρία	n-s---fa-	n-s---fa-	
3143	καί	b--------	καί	καί	c--------	b--------	
3144	πᾶς	a-p---na-	πᾶς	πᾶς	a-p---na-	a-p---na-	
3145	ὁ	l-p---na-	ὁ	ὁ	l-p---na-	l-p---na-	
3146	αἰσχρός	a-p---nas	αἰσχρός	αἰσχρός	a-p---nas	a-p---nas	
3147	ὀφλισκάνω	v-prpamn-	ὀφλισκάνω	ὀφλισκάνω	v-prpamn-	v-prpamn-	
3148	ἄν	g--------	ἄν	ἄν	d--------	g--------	
3149	εἰμί	v1piia---	εἰμί	εἰμί	v1piia---	v1piia---	
3150	δημοσίᾳ	d--------	δημοσίᾳ	δημοσίᾳ	d--------	d--------	
3151	·	u--------	·	·	u--------	u--------	
3152	νῦν	d--------	νῦν	νῦν	d--------	d--------	
3153	δέ	b--------	δέ	δέ	d--------	b--------	
3154	ἐπιχειρέω	v-sppamn-	ἐπιχειρέω	ἐπιχειρέω	v-sppamn-	v-sppamn-	
3155	ἀεί	d--------	ἀεί	ἀεί	d--------	d--------	
3156	τις	p-s---nd-	τις	τις	p-s---nd-	p-s---nd-	
3157	καί	b--------	καί	καί	c--------	b--------	
3158	ὁ	l-s---ng-	ὁ	ὁ	l-s---ng-	l-s---ng-	
3159	πολύς	a-s---ngc	πλείων	πολύς	a-s---ngc	a-s---ngc	DISAGREE
3160	ὀρέγω	v-sppmmn-	ὀρέγω	ὀρέγω	v-sppemn-	v-sppmmn-	
3161	ἴσως	d--------	ἴσως	ἴσως	d--------	d--------	
3162	ἄν	g--------	ἄν	ἄν	d--------	g--------	
3163	ἐκκαλέω	v3saom---	ἐκκαλέω	ἐκκαλέω	v3saom---	v3saom---	
3164	σύ	p2p---ca-	σύ	σύ	p-p---ma-	p2p---ca-	
3165	,	u--------	,	,	u--------	u--------	
3166	εἴπερ	c--------	εἴπερ	εἴπερ	c--------	c--------	
3167	μή	d--------	μή	μή	d--------	d--------	
3168	παντάπασι	d--------	παντάπασι	παντάπασι	d--------	d--------	
3169	ἀπογιγνώσκω	v2pria---	ἀπογιγνώσκω	ἀπογιγνώσκω	v2pria---	v2pria---	
3170	.	u--------	.	.	u--------	u--------	
3171	θαυμάζω	v1spia---	θαυμάζω	θαυμάζω	v1spia---	v1spia---	
3172	δέ	b--------	δέ	δέ	d--------	b--------	
3173	ἐγώ	p1s---cn-	ἐγώ	ἐγώ	p-s---mn-	p1s---cn-	
3174	,	u--------	,	,	u--------	u--------	
3175	εἰ	c--------	εἰ	εἰ	c--------	c--------	
3176	μηδείς	p-s---mn-	μηδείς	μηδείς	p-s---mn-	p-s---mn-	
3177	σύ	p2p---cg-	σύ	σύ	p-p---mg-	p2p---cg-	
3178							unmatched
3179	ἐνθυμέομαι	v3spim---	ἐνθυμέομαι	ἐνθυμέομαι	v3spie---	v3spim---	
3180							unmatched
3181	ὀργίζω	v3spim---	ὀργίζω	ὀργίζω	v3spie---	v3spim---	
3182	,	u--------	,	,	u--------	u--------	
3183	ὁράω	v-sppamn-	ὁράω	ὁράω	v-sppamn-	v-sppamn-	
3184	,	u--------	,	,	u--------	u--------	
3185	ὦ	i--------	ὦ	ὦ	i--------	i--------	
3186	ἀνήρ	n-p---mv-	ἀνήρ	ἀνήρ	n-p---mv-	n-p---mv-	
3187	Ἀθηναῖος	a-p---mv-	ἀθηναῖος	Ἀθηναῖος	a-p---mv-	a-p---mv-	
3188	,	u--------	,	,	u--------	u--------	
3189	ὁ	l-s---fa-	ὁ	ὁ	l-s---fa-	l-s---fa-	
3190	μέν	g--------	μέν	μέν	d--------	g--------	
3191	ἀρχή	n-s---fa-	ἀρχή	ἀρχή	n-s---fa-	n-s---fa-	
3192	ὁ	l-s---mg-	ὁ	ὁ	l-s---mg-	l-s---mg-	
3193	πόλεμος	n-s---mg-	πόλεμος	πόλεμος	n-s---mg-	n-s---mg-	
3194	γίγνομαι	v-srpmfa-	γίγνομαι	γίγνομαι	v-srpefa-	v-srpmfa-	
3195	περί	r--------	περί	περί	r--------	r--------	
3196	ὁ	l-s---ng-	ὁ	ὁ	l-s---ng-	l-s---ng-	
3197	τιμωρέω	v--anm---	τιμωρέω	τιμωρέω	v--anm---	v--anm---	
3198	Φίλιππος	n-s---ma-	φίλιππος	Φίλιππος	n-s---ma-	n-s---ma-	
3199	,	u--------	,	,	u--------	u--------	
3200	ὁ	l-s---fa-	ὁ	ὁ	l-s---fa-	l-s---fa-	
3201	δέ	b--------	δέ	δέ	c--------	b--------	
3202	τελευτή	n-s---fa-	τελευτή	τελευτή	n-s---fa-	n-s---fa-	
3203	εἰμί	v-sppafa-	εἰμί	εἰμί	v-sppafa-	v-sppafa-	
3204	ἤδη	d--------	ἤδη	ἤδη	d--------	d--------	
3205	ὑπέρ	r--------	ὑπέρ	ὑπέρ	r--------	r--------	
3206	ὁ	l-s---ng-	ὁ	ὁ	l-s---ng-	l-s---ng-	
3207	μή	d--------	μή	μή	d--------	d--------	
3208	πάσχω	v--ana---	πάσχω	πάσχω	v--ana---	v--ana---	
3209	κακός	d--------	κακός	κακός	d--------	d--------	
3210	ὑπό	r--------	ὑπό	ὑπό	r--------	r--------	
3211	Φίλιππος	n-s---mg-	φίλιππος	Φίλιππος	n-s---mg-	n-s---mg-	
3212	.	u--------	.	.	u--------	u--------	
3213	ἀλλά	b--------	ἀλλά	ἀλλά	d--------	b--------	
3214	μήν	d--------	μήν	μήν	d--------	d--------	
3215	ὅτι	c--------	ὅτι	ὅτι	c--------	c--------	
3216	γε	d--------	γε	γε	d--------	d--------	
3217	οὐ	d--------	οὐ	οὐ	d--------	d--------	
3218	ἵστημι	v3sfim---	ἵστημι	ἵστημι	v3sfim---	v3sfim---	
3219	,	u--------	,	,	u--------	u--------	
3220	δῆλος	a-s---nn-	δῆλος	δῆλος	a-s---nn-	a-s---nn-	
3221	,	u--------	,	,	u--------	u--------	
3222	εἰ	c--------	εἰ	εἰ	c--------	c--------	
3223	μή	d--------	μή	μή	d--------	d--------	
3224	τις	p-s---cn-	τις	τις	p-s---mn-	p-s---cn-	
3225	κωλύω	v3sfia---	κωλύω	κωλύω	v3sfia---	v3sfia---	
3226	.	u--------		.		u--------	glaux_only
3227	εἶτα	d--------	εἶτα	εἶτα	d--------	d--------	
3228	οὗτος	p-s---na-	οὗτος	οὗτος	p-s---na-	p-s---na-	
3229	ἀναμένω	v1pfia---	ἀναμένω	ἀναμένω	v1pfia---	v1pfia---	
3230	;	u--------	;	;	u--------	u--------	
3231	καί	b--------	καί	καί	d--------	b--------	
3232	τριήρης	n-p---fa-	τριήρης	τριήρης	n-p---fa-	n-p---fa-	
3233	κενός	a-p---fa-	κενός	κενός	a-p---fa-	a-p---fa-	
3234	καί	b--------	καί	καί	c--------	b--------	
3235	ὁ	l-p---fa-	ὁ	ὁ	l-p---fa-	l-p---fa-	
3236	παρά	r--------	παρά	παρά	r--------	r--------	
3237	ὁ	l-s---mg-	ὁ	ὁ	l-s---mg-	l-s---mg-	
3238	δεῖνα	n-s---mg-	δεῖνα	δεῖνα	p-s---mg-	n-s---mg-	
3239	ἐλπίς	n-p---fa-	ἐλπίς	ἐλπίς	n-p---fa-	n-p---fa-	
3240	ἐάν	c--------	ἄν	ἐάν	c--------	c--------	DISAGREE
3241	ἀποστέλλω	v2pasa---	ἀποστέλλω	ἀποστέλλω	v2pasa---	v2pasa---	
3242	,	u--------	,	,	u--------	u--------	
3243	πᾶς	a-p---na-	πᾶς	πᾶς	a-p---na-	a-p---na-	
3244	ἔχω	v--pna---	ἔχω	ἔχω	v--pna---	v--pna---	
3245	οἴομαι	v2ppim---	οἴομαι	οἴομαι	v2ppie---	v2ppim---	
3246	καλός	d--------	καλός	καλός	d--------	d--------	
3247	;	u--------	;	;	u--------	u--------	
3248	οὐ	d--------	οὐ	οὐ	d--------	d--------	
3249	ἐμβαίνω	v1pfim---	ἐμβαίνω	ἐμβαίνω	v1pfim---	v1pfim---	
3250	;	u--------	;	;	u--------	u--------	
3251	οὐ	d--------	οὐ	οὐ	d--------	d--------	
3252	ἐξέρχομαι	v1ppia---	ἔξειμι2	ἐξέρχομαι	v1ppia---	v1ppia---	DISAGREE
3253	αὐτός	p-p---mn-	αὐτός	αὐτός	p-p---mn-	p-p---mn-	
3254	μέρος	n-s---nd-	μέρος	μέρος	n-s---nd-	n-s---nd-	
3255	γε	d--------	γε	γε	d--------	d--------	
3256	τις	p-s---nd-	τις	τις	a-s---nd-	p-s---nd-	
3257	στρατιώτης	n-p---mg-	στρατιώτης	στρατιώτης	n-p---mg-	n-p---mg-	
3258	οἰκεῖος	a-p---mg-	οἰκεῖος	οἰκεῖος	a-p---mg-	a-p---mg-	
3259	νῦν	d--------	νῦν	νῦν	d--------	d--------	
3260	,	u--------	,	,	u--------	u--------	
3261	εἰ	c--------	εἰ	εἰ	c--------	c--------	
3262	καί	d--------	καί	καί	d--------	d--------	
3263	μή	d--------	μή	μή	d--------	d--------	
3264	πρότερος	d-------c	πρότερος	πρότερος	a-s---na-	d-------c	
3265	;	u--------		;		u--------	glaux_only
3266	οὐ	d--------	οὐ	οὐ	d--------	d--------	
3267	ἐπί	r--------	ἐπί	ἐπί	r--------	r--------	
3268	ὁ	l-s---fa-	ὁ	ὁ	l-s---fa-	l-s---fa-	
3269	ἐκεῖνος	p-s---mg-	ἐκεῖνος	ἐκεῖνος	p-s---mg-	p-s---mg-	
3270	πλέω	v1pfim---	πλέω	πλέω	v1pfim---	v1pfim---	
3271	;	u--------	;	;	u--------	u--------	
3272	ποῖ	d--------	ποῖ	ποῖ	d--------	d--------	
3273	οὖν	g--------	οὖν	οὖν	g--------	g--------	
3274	προσορμίζομαι	v1pfim---	προσορμίζομαι	προσορμίζομαι	v1pfim---	v1pfim---	
3275	;	u--------	;	;	u--------	u--------	
3276	ἔρομαι	v3saim---	ἔρομαι	ἔρομαι	v3saim---	v3saim---	
3277	τις	p-s---cn-	τις	τις	p-s---mn-	p-s---cn-	
3278	.	u--------	.	.	u--------	u--------	
3279	εὑρίσκω	v3sfia---	εὑρίσκω	εὑρίσκω	v3sfia---	v3sfia---	
3280	ὁ	l-p---na-	ὁ	ὁ	l-p---na-	l-p---na-	
3281	σαθρός	a-p---na-	σαθρός	σαθρός	a-p---na-	a-p---na-	
3282	,	u--------	,	,	u--------	u--------	
3283	ὦ	i--------	ὦ	ὦ	i--------	i--------	
3284	ἀνήρ	n-p---mv-	ἀνήρ	ἀνήρ	n-p---mv-	n-p---mv-	
3285	Ἀθηναῖος	a-p---mv-	ἀθηναῖος	Ἀθηναῖος	a-p---mv-	a-p---mv-	
3286	,	u--------	,	,	u--------	u--------	
3287	ὁ	l-p---ng-	ὁ	ὁ	l-p---ng-	l-p---ng-	
3288	ἐκεῖνος	p-s---mg-	ἐκεῖνος	ἐκεῖνος	p-s---mg-	p-s---mg-	
3289	πρᾶγμα	n-p---ng-	πρᾶγμα	πρᾶγμα	n-p---ng-	n-p---ng-	
3290	αὐτός	p-s---mn-	αὐτός	αὐτός	a-s---mn-	p-s---mn-	
3291	ὁ	l-s---mn-	ὁ	ὁ	l-s---mn-	l-s---mn-	
3292	πόλεμος	n-s---mn-	πόλεμος	πόλεμος	n-s---mn-	n-s---mn-	
3293	,	u--------	,	,	u--------	u--------	
3294	ἐάν	c--------	ἄν	ἐάν	c--------	c--------	DISAGREE
3295	ἐπιχειρέω	v1ppsa---	ἐπιχειρέω	ἐπιχειρέω	v1ppsa---	v1ppsa---	
3296	·	u--------	·	·	u--------	u--------	
3297	ἐάν	c--------	ἄν	ἐάν	c--------	c--------	DISAGREE
3298	μέντοι	g--------	μέντοι	μέντοι	d--------	g--------	
3299	κάθημαι	v1ppsm---	κάθημαι	κάθημαι	v1ppsm---	v1ppsm---	
3300	οἴκοι	d--------	οἴκοι	οἴκοι	d--------	d--------	
3301	,	u--------	,	,	u--------	u--------	
3302	λοιδορέω	v-pppmmg-	λοιδορέω	λοιδορέω	v-pppemg-	v-pppmmg-	
3303	ἀκούω	v-pppamn-	ἀκούω	ἀκούω	v-pppamn-	v-pppamn-	
3304	καί	b--------	καί	καί	c--------	b--------	
3305	αἰτιάομαι	v-pppmmg-	αἰτιάομαι	αἰτιάομαι	v-pppemg-	v-pppmmg-	
3306	ἀλλήλων	p-p---ma-	ἀλλήλων	ἀλλήλων	p-p---ma-	p-p---ma-	
3307	ὁ	l-p---mg-	ὁ	ὁ	l-p---mg-	l-p---mg-	
3308	λέγω	v-pppamg-	λέγω3	λέγω	v-pppamg-	v-pppamg-	
3309	,	u--------	,	,	u--------	u--------	
3310	οὐδέποτε	d--------	οὐδέποτε	οὐδέποτε	d--------	d--------	
3311	οὐδείς	p-s---nn-	οὐδείς	οὐδείς	p-s---nn-	p-s---nn-	
3312	ἐγώ	p1p---cd-	ἐγώ	ἐγώ	p-p---md-	p1p---cd-	
3313	μή	d--------	μή	μή	d--------	d--------	
3314	γίγνομαι	v3sasm---	γίγνομαι	γίγνομαι	v3sasm---	v3sasm---	
3315	ὁ	l-p---ng-	ὁ	ὁ	l-p---ng-	l-p---ng-	
3316	δέω	v-pppang-	δέω	δέω	v-pppang-	v-pppang-	
3317	.	u--------	.	.	u--------	u--------	
3318	ὅποι	d--------	ὅποι	ὅποι	d--------	d--------	
3319	μέν	g--------	μέν	μέν	d--------	g--------	
3320	γάρ	g--------	γάρ	γάρ	d--------	g--------	
3321	ἄν	g--------	ἄν	ἄν	d--------	g--------	
3322	,	u--------	,	,	u--------	u--------	
3323	οἴομαι	v1spim---	οἴομαι	οἴομαι	v1spie---	v1spim---	
3324	,	u--------	,	,	u--------	u--------	
3325	μέρος	n-s---nn-	μέρος	μέρος	n-s---nn-	n-s---nn-	
3326	τις	p-s---nn-	τις	τις	a-s---nn-	p-s---nn-	
3327	ὁ	l-s---fg-	ὁ	ὁ	l-s---fg-	l-s---fg-	
3328	πόλις	n-s---fg-	πόλις	πόλις	n-s---fg-	n-s---fg-	
3329	συναποστέλλω	v3sasp---	συναποστέλλω	συναποστέλλω	v3sasp---	v3sasp---	
3330	,	u--------	,	,	u--------	u--------	
3331	καί	d--------	καί		d--------		oga_only
3332	ἄν	c--------	ἄν		c--------		oga_only
3333	μή	d--------	μή		d--------		oga_only
3334	πᾶς	a-s---fn-	πᾶς		a-s---fn-		oga_only
3335	,	u--------	,		u--------		oga_only
3336	καί	d--------	καί		d--------		oga_only
3337	ὁ	l-s---na-	ὁ		l-s---na-		oga_only
3338	ὁ	l-p---mg-	ὁ		l-p---mg-		oga_only
3339	θεός	n-p---mg-	θεός		n-p---mg-		oga_only
3340	εὐμενής	a-s---na-	εὐμενής		a-s---na-		oga_only
3341	καί	c--------	καί		c--------		oga_only
3342	ὁ	l-s---nn-	ὁ		l-s---nn-		oga_only
3343	ὁ	l-s---fg-	ὁ		l-s---fg-		oga_only
3344	τύχη	n-s---fg-	τύχη		n-s---fg-		oga_only
3345	συναγωνίζομαι	v3spie---	συναγωνίζομαι		v3spie---		oga_only
3346							unmatched
3347	ὅποι	d--------	ὅποι	ὅποι	d--------	d--------	
3348	δέ	b--------	δέ	δέ	d--------	b--------	
3349	ἄν	g--------	ἄν	ἄν	d--------	g--------	
3350	στρατηγός	n-s---ma-	στρατηγός	στρατηγός	n-s---ma-	n-s---ma-	
3351	καί	b--------	καί	καί	d--------	b--------	
3352	ψήφισμα	n-s---na-	ψήφισμα	ψήφισμα	n-s---na-	n-s---na-	
3353	κενός	a-s---na-	κενός	κενός	a-s---na-	a-s---na-	
3354	καί	b--------	καί	καί	c--------	b--------	
3355	ὁ	l-p---fa-	ὁ	ὁ	l-p---fa-	l-p---fa-	
3356	ἀπό	r--------	ἀπό	ἀπό	r--------	r--------	
3357	ὁ	l-s---ng-	ὁ	ὁ	l-s---ng-	l-s---ng-	
3358	βῆμα	n-s---ng-	βῆμα	βῆμα	n-s---ng-	n-s---ng-	
3359	ἐλπίς	n-p---fa-	ἐλπίς	ἐλπίς	n-p---fa-	n-p---fa-	
3360	ἐκπέμπω	v2pasa---	ἐκπέμπω	ἐκπέμπω	v2pasa---	v2pasa---	
3361	,	u--------	,	,	u--------	u--------	
3362	οὐδείς	p-s---nn-	οὐδείς	οὐδείς	p-s---nn-	p-s---nn-	
3363	σύ	p2p---cd-	σύ	σύ	p-p---md-	p2p---cd-	
3364	ὁ	l-p---ng-	ὁ	ὁ	l-p---ng-	l-p---ng-	
3365	δέω	v-pppang-	δέω	δέω	v-pppang-	v-pppang-	
3366	γίγνομαι	v3spim---	γίγνομαι	γίγνομαι	v3spie---	v3spim---	
3367	,	u--------	,	,	u--------	u--------	
3368	ἀλλά	b--------	ἀλλά	ἀλλά	c--------	b--------	
3369	ὁ	l-p---mn-	ὁ	ὁ	l-p---mn-	l-p---mn-	
3370	μέν	g--------	μέν	μέν	d--------	g--------	
3371	ἐχθρός	a-p---mn-	ἐχθρός	ἐχθρός	a-p---mn-	a-p---mn-	
3372	καταγελάω	v3ppia---	καταγελάω	καταγελάω	v3ppia---	v3ppia---	
3373	,	u--------	,	,	u--------	u--------	
3374	ὁ	l-p---mn-	ὁ	ὁ	l-p---mn-	l-p---mn-	
3375	δέ	b--------	δέ	δέ	c--------	b--------	
3376	σύμμαχος	a-p---mn-	σύμμαχος	σύμμαχος	n-p---mn-	a-p---mn-	
3377	θνῄσκω	v3pria---	θνήσκω	θνῄσκω	v3pria---	v3pria---	
3378	ὁ	l-s---nd-	ὁ	ὁ	l-s---nd-	l-s---nd-	
3379	δέος	n-s---nd-	δέος	δέος	n-s---nd-	n-s---nd-	
3380	ὁ	l-p---ma-	ὁ	ὁ	l-p---ma-	l-p---ma-	
3381	τοιοῦτος	p-p---ma-	τοιοῦτος	τοιοῦτος	a-p---ma-	p-p---ma-	
3382	ἀπόστολος	n-p---ma-	ἀπόστολος	ἀπόστολος	n-p---ma-	n-p---ma-	
3383	.	u--------	.	.	u--------	u--------	
3384	οὐ	d--------	οὐ	οὐ	d--------	d--------	
3385	γάρ	g--------	γάρ	γάρ	d--------	g--------	
3386	εἰμί	v3spia---	εἰμί	εἰμί	v3spia---	v3spia---	
3387	,	u--------	,	,	u--------	u--------	
3388	οὐ	d--------	οὐ	οὐ	d--------	d--------	
3389	εἰμί	v3spia---	εἰμί	εἰμί	v3spia---	v3spia---	
3390	εἷς	m-s---ma-	εἷς	εἷς	a-s---ma-	m-s---ma-	
3391	ἀνήρ	n-s---ma-	ἀνήρ	ἀνήρ	n-s---ma-	n-s---ma-	
3392	δύναμαι	v--anp---	δύναμαι	δύναμαι	v--anp---	v--anp---	
3393	ποτέ	d--------	ποτέ	ποτέ	d--------	d--------	
3394	οὗτος	p-p---na-	οὗτος	οὗτος	p-p---na-	p-p---na-	
3395	σύ	p2p---cd-	σύ	σύ	p-p---md-	p2p---cd-	
3396	πράσσω	v--ana---	πράσσω	πράσσω	v--ana---	v--ana---	
3397	πᾶς	a-p---na-	πᾶς	πᾶς	a-p---na-	a-p---na-	
3398	ὅσος	p-p---na-	ὅσος	ὅσος	a-p---na-	p-p---na-	
3399	βούλομαι	v2ppim---	βούλομαι	βούλομαι	v2ppie---	v2ppim---	
3400	·	u--------	·	·	u--------	u--------	
3401	ὑπισχνέομαι	v--anm---	ὑπισχνέομαι	ὑπισχνέομαι	v--anm---	v--anm---	
3402	μέντοι	g--------	μέντοι	μέντοι	d--------	g--------	
3403	καί	b--------	καί	καί	d--------	b--------	
3404	φημί	v--ana---	φημί	φημί	v--ana---	v--ana---	
3405	καί	b--------	καί	καί	c--------	b--------	
3406	ὁ	l-s---ma-	ὁ	ὁ	l-s---ma-	l-s---ma-	
3407	δεῖνα	p-s---ma-	δεῖνα	δεῖνα	p--------	p-s---ma-	
3408	αἰτιάομαι	v--anm---	αἰτιάομαι	αἰτιάομαι	v--anm---	v--anm---	
3409	καί	b--------	καί	καί	c--------	b--------	
3410	ὁ	l-s---ma-	ὁ	ὁ	l-s---ma-	l-s---ma-	
3411	δεῖνα	p-s---ma-	δεῖνα	δεῖνα	p--------	p-s---ma-	
3412	εἰμί	v3spia---	εἰμί	εἰμί	v3spia---	v3spia---	
3413	,	u--------	,	,	u--------	u--------	
3414	ὁ	l-p---na-	ὁ	ὁ	l-p---na-	l-p---na-	
3415	δέ	b--------	δέ	δέ	c--------	b--------	
3416	πρᾶγμα	n-p---na-	πρᾶγμα	πρᾶγμα	n-p---na-	n-p---na-	
3417	ἐκ	r--------	ἐκ	ἐκ	r--------	r--------	
3418	οὗτος	p-p---ng-	οὗτος	οὗτος	p-p---ng-	p-p---ng-	
3419	ἀπόλλυμι	v3sria---	ἀπόλλυμι	ἀπόλλυμι	v3sria---	v3sria---	
3420	·	u--------	·	·	u--------	u--------	
3421	ὅταν	c--------	ὅταν	ὅταν	c--------	c--------	
3422	γάρ	g--------	γάρ	γάρ	d--------	g--------	
3423	ἡγέομαι	v3spim---	ἡγέομαι	ἡγέομαι	v3spim---	v3spim---	
3424	μέν	g--------	μέν	μέν	d--------	g--------	
3425	ὁ	l-s---mn-	ὁ	ὁ	l-s---mn-	l-s---mn-	
3426	στρατηγός	n-s---mn-	στρατηγός	στρατηγός	n-s---mn-	n-s---mn-	
3427	ἄθλιος	a-p---mg-	ἄθλιος	ἄθλιος	a-p---mg-	a-p---mg-	
3428	ἀπόμισθος	a-p---mg-	ἀπόμισθος	ἀπόμισθος	a-p---mg-	a-p---mg-	
3429	ξένος	a-p---mg-	ξένος	ξένος	n-p---mg-	a-p---mg-	
3430	,	u--------	,	,	u--------	u--------	
3431	ὁ	l-p---mn-	ὁ	ὁ	l-p---mn-	l-p---mn-	
3432	δέ	b--------	δέ	δέ	d--------	b--------	
3433	ὑπέρ	r--------	ὑπέρ	ὑπέρ	r--------	r--------	
3434	ὅς	p-p---ng-	ὅς	ὅς	p-p---ng-	p-p---ng-	
3435	ἄν	g--------	ἄν	ἄν	d--------	g--------	
3436	ἐκεῖνος	p-s---mn-	ἐκεῖνος	ἐκεῖνος	p-s---mn-	p-s---mn-	
3437	πράσσω	v3sasa---	πράσσω	πράσσω	v3sasa---	v3sasa---	
3438	πρός	r--------	πρός	πρός	r--------	r--------	
3439	σύ	p2p---ca-	σύ	σύ	p-p---ma-	p2p---ca-	
3440	ψεύδω	v-pppmmn-	ψεύδω	ψεύδω	v-pppemn-	v-pppmmn-	
3441	ῥᾴδιος	d--------	ῥᾴδιος	ῥᾴδιος	d--------	d--------	
3442	ἐνθάδε	d--------	ἐνθάδε	ἐνθάδε	d--------	d--------	
3443	εἰμί	v3ppsa---	εἰμί	εἰμί	v3ppsa---	v3ppsa---	
3444	,	u--------	,	,	u--------	u--------	
3445	σύ	p2p---cn-	σύ	σύ	p-p---mn-	p2p---cn-	
3446	δέ	b--------	δέ	δέ	c--------	b--------	
3447	ἐκ	r--------	ἐκ	ἐκ	r--------	r--------	
3448	ὅς	p-p---ng-	ὅς	ὅς	p-p---ng-	p-p---ng-	
3449	ἄν	g--------	ἄν	ἄν	d--------	g--------	
3450	ἀκούω	v2pasa---	ἀκούω	ἀκούω	v2pasa---	v2pasa---	
3451	ὅς	p-s---na-	ὅς	ὅς	p-s---na-	p-s---na-	
3452	τις	p-s---na-	τις	τις	a-s---na-	p-s---na-	
3453	ἄν	g--------	ἄν	ἄν	d--------	g--------	
3454	τυγχάνω	v2pasa---	τυγχάνω	τυγχάνω	v2pasa---	v2pasa---	
3455	ψηφίζω	v2ppsm---	ψηφίζω	ψηφίζω	v2ppse---	v2ppsm---	
3456	,	u--------	,	,	u--------	u--------	
3457	τίς	p-s---na-	τίς	τίς	p-s---na-	p-s---na-	
3458	καί	d--------	καί	καί	d--------	d--------	
3459	χρή	v3spia---	χρή	χρή	v3spia---	v3spia---	
3460	προσδοκάω	v--pna---	προσδοκάω	προσδοκάω	v--pna---	v--pna---	
3461	;	u--------	;	;	u--------	u--------	
3462	πῶς	d--------	πῶς	πῶς	d--------	d--------	
3463	οὖν	g--------	οὖν	οὖν	d--------	g--------	
3464	οὗτος	p-p---na-	οὗτος	οὗτος	p-p---na-	p-p---na-	
3465	παύω	v3sfim---	παύω	παύω	v3sfim---	v3sfim---	
3466	;	u--------	;	;	u--------	u--------	
3467	ὅταν	c--------	ὅταν	ὅταν	c--------	c--------	
3468	σύ	p2p---cn-	σύ	σύ	p-p---mn-	p2p---cn-	
3469	,	u--------	,	,	u--------	u--------	
3470	ὦ	i--------	ὦ	ὦ	i--------	i--------	
3471	ἀνήρ	n-p---mv-	ἀνήρ	ἀνήρ	n-p---mv-	n-p---mv-	
3472	Ἀθηναῖος	a-p---mv-	ἀθηναῖος	Ἀθηναῖος	a-p---mv-	a-p---mv-	
3473	,	u--------	,	,	u--------	u--------	
3474	ὁ	l-p---ma-	ὁ	ὁ	l-p---ma-	l-p---ma-	
3475	αὐτός	p-p---ma-	αὐτός	αὐτός	a-p---ma-	p-p---ma-	
3476	ἀποδείκνυμι	v2pasa---	ἀποδείκνυμι	ἀποδείκνυμι	v2pasa---	v2pasa---	
3477	στρατιώτης	n-p---ma-	στρατιώτης	στρατιώτης	n-p---ma-	n-p---ma-	
3478	καί	b--------	καί	καί	d--------	b--------	
3479	μάρτυς	n-p---ma-	μάρτυς	μάρτυς	n-p---ma-	n-p---ma-	
3480	ὁ	l-p---ng-	ὁ	ὁ	l-p---ng-	l-p---ng-	
3481	στρατηγέω	v-pppmng-	στρατηγέω	στρατηγέω	v-pppeng-	v-pppmng-	
3482	καί	b--------	καί	καί	c--------	b--------	
3483	δικαστής	n-p---ma-	δικαστής	δικαστής	n-p---ma-	n-p---ma-	
3484	οἴκαδε	d--------	οἴκαδε	οἴκαδε	d--------	d--------	
3485	ἔρχομαι	v-papama-	ἔρχομαι	ἔρχομαι	v-papama-	v-papama-	
3486	ὁ	l-p---fg-	ὁ	ὁ	l-p---fg-	l-p---fg-	
3487	εὔθυνα	n-p---fg-	εὔθυνα	εὔθυνα	n-p---fg-	n-p---fg-	
3488	,	u--------	,	,	u--------	u--------	
3489	ὥστε	c--------	ὥστε	ὥστε	c--------	c--------	
3490	μή	d--------	μή	μή	d--------	d--------	
3491	ἀκούω	v--pna---	ἀκούω	ἀκούω	v--pna---	v--pna---	
3492	μόνος	d--------	μόνος	μόνος	a-s---na-	d--------	
3493	σύ	p2p---ca-	σύ	σύ	p-p---ma-	p2p---ca-	
3494	ὁ	l-p---na-	ὁ	ὁ	l-p---na-	l-p---na-	
3495	ὑμέτερος	a-p---na-	ὑμέτερος	ὑμέτερος	a-p---na-	a-p---na-	
3496	αὐτός	p-p---ng-	αὐτός	αὐτός	p-p---ng-	p-p---ng-	
3497	,	u--------	,	,	u--------	u--------	
3498	ἀλλά	b--------	ἀλλά	ἀλλά	c--------	b--------	
3499	καί	d--------	καί	καί	d--------	d--------	
3500	πάρειμι	v-pppama-	πάρειμι1	πάρειμι	v-pppama-	v-pppama-	
3501	ὁράω	v--pna---	ὁράω	ὁράω	v--pna---	v--pna---	
3502	.	u--------		.		u--------	glaux_only
3503	νῦν	d--------	νῦν	νῦν	d--------	d--------	
3504	δέ	b--------	δέ	δέ	d--------	b--------	
3505	εἰς	r--------	εἰς	εἰς	r--------	r--------	
3506	οὗτος	p-s---na-	οὗτος	οὗτος	p-s---na-	p-s---na-	
3507	ἥκω	v3spia---	ἥκω	ἥκω	v3spia---	v3spia---	
3508	ὁ	l-p---nn-	ὁ	ὁ	l-p---nn-	l-p---nn-	
3509	πρᾶγμα	n-p---nn-	πρᾶγμα	πρᾶγμα	n-p---nn-	n-p---nn-	
3510	αἰσχύνη	n-s---fg-	αἰσχύνη	αἰσχύνη	n-s---fg-	n-s---fg-	
3511	ὥστε	c--------	ὥστε	ὥστε	c--------	c--------	
3512	ὁ	l-p---mg-	ὁ	ὁ	l-p---mg-	l-p---mg-	
3513	στρατηγός	n-p---mg-	στρατηγός	στρατηγός	n-p---mg-	n-p---mg-	
3514	ἕκαστος	a-s---mn-	ἕκαστος	ἕκαστος	a-s---mn-	a-s---mn-	
3515	δίς	d--------	δίς	δίς	d--------	d--------	
3516	καί	b--------	καί	καί	c--------	b--------	
3517	τρίς	d--------	τρίς	τρίς	d--------	d--------	
3518	κρίνω	v3spim---	κρίνω	κρίνω	v3spie---	v3spim---	
3519	παρά	r--------	παρά	παρά	r--------	r--------	
3520	σύ	p2p---cd-	σύ	σύ	p-p---md-	p2p---cd-	
3521	περί	r--------	περί	περί	r--------	r--------	
3522	θάνατος	n-s---mg-	θάνατος	θάνατος	n-s---mg-	n-s---mg-	
3523	,	u--------	,	,	u--------	u--------	
3524	πρός	r--------	πρός	πρός	r--------	r--------	
3525	δέ	b--------	δέ	δέ	c--------	b--------	
3526	ὁ	l-p---ma-	ὁ	ὁ	l-p---ma-	l-p---ma-	
3527	ἐχθρός	a-p---ma-	ἐχθρός	ἐχθρός	n-p---ma-	a-p---ma-	
3528	οὐδείς	p-s---mn-	οὐδείς	οὐδείς	p-s---mn-	p-s---mn-	
3529							unmatched
3530	ἅπαξ	d--------	ἅπαξ	ἅπαξ	d--------	d--------	
3531	αὐτός	p-p---mg-	αὐτός	αὐτός	p-p---mg-	p-p---mg-	
3532	ἀγωνίζομαι	v--anm---	ἀγωνίζομαι	ἀγωνίζομαι	v--ane---	v--anm---	
3533	περί	r--------	περί	περί	r--------	r--------	
3534	θάνατος	n-s---mg-	θάνατος	θάνατος	n-s---mg-	n-s---mg-	
3535	τολμάω	v3spia---	τολμάω	τολμάω	v3spia---	v3spia---	
3536	,	u--------	,	,	u--------	u--------	
3537	ἀλλά	b--------	ἀλλά	ἀλλά	c--------	b--------	
3538	ὁ	l-s---ma-	ὁ	ὁ	l-s---ma-	l-s---ma-	
3539	ὁ	l-p---mg-	ὁ	ὁ	l-p---mg-	l-p---mg-	
3540	ἀνδραποδιστής	n-p---mg-	ἀνδραποδιστής	ἀνδραποδιστής	n-p---mg-	n-p---mg-	
3541	καί	b--------	καί	καί	c--------	b--------	
3542	λωποδύτης	n-p---mg-	λωποδύτης	λωποδύτης	n-p---mg-	n-p---mg-	
3543	θάνατος	n-s---ma-	θάνατος	θάνατος	n-s---ma-	n-s---ma-	
3544	μάλα	d-------c	μᾶλλον	μάλα	d--------	d-------c	DISAGREE
3545	αἱρέω	v3ppim---	αἱρέω	αἱρέω	v3ppie---	v3ppim---	
3546	ὁ	l-s---mg-	ὁ	ὁ	l-s---mg-	l-s---mg-	
3547	προσήκω	v-sppamg-	προσήκω	προσήκω	v-sppamg-	v-sppamg-	
3548	·	u--------	·	·	u--------	u--------	
3549	κακοῦργος	a-s---mg-	κακοῦργος	κακοῦργος	a-s---mg-	a-s---mg-	
3550	μέν	g--------	μέν	μέν	d--------	g--------	
3551	γάρ	g--------	γάρ	γάρ	d--------	g--------	
3552	εἰμί	v3spia---	εἰμί	εἰμί	v3spia---	v3spia---	
3553	κρίνω	v-sappma-	κρίνω	κρίνω	v-sappma-	v-sappma-	
3554	ἀποθνῄσκω	v--ana---	ἀποθνήσκω	ἀποθνῄσκω	v--ana---	v--ana---	
3555	,	u--------	,	,	u--------	u--------	
3556	στρατηγός	n-s---mg-	στρατηγός	στρατηγός	n-s---mg-	n-s---mg-	
3557	δέ	b--------	δέ	δέ	c--------	b--------	
3558	μάχομαι	v-sppmma-	μάχομαι	μάχομαι	v-sppema-	v-sppmma-	
3559	ὁ	l-p---md-	ὁ	ὁ	l-p---md-	l-p---md-	
3560	πολέμιος	a-p---md-	πολέμιος	πολέμιος	n-p---md-	a-p---md-	
3561	.	u--------		.		u--------	glaux_only
3562	ἐγώ	p1p---cg-	ἐγώ	ἐγώ	p-p---mg-	p1p---cg-	
3563	δέ	b--------	δέ	δέ	d--------	b--------	
3564	ὁ	l-p---mn-	ὁ	ὁ	l-p---mn-	l-p---mn-	
3565	μέν	g--------	μέν	μέν	d--------	g--------	
3566	περιέρχομαι	v-pppamn-	περίειμι1	περιέρχομαι	v-pppamn-	v-pppamn-	DISAGREE
3567	μετά	r--------	μετά	μετά	r--------	r--------	
3568	Λακεδαιμόνιος	a-p---mg-	λακεδαιμόνιος	Λακεδαιμόνιος	n-p---mg-	a-p---mg-	
3569	φημί	v3ppia---	φημί	φημί	v3ppia---	v3ppia---	
3570	Φίλιππος	n-s---ma-	φίλιππος	Φίλιππος	n-s---ma-	n-s---ma-	
3571	πράσσω	v--pna---	πράσσω	πράσσω	v--pna---	v--pna---	
3572	ὁ	l-s---fa-	ὁ	ὁ	l-s---fa-	l-s---fa-	
3573	Θηβαῖος	a-p---mg-	θηβαῖος	Θηβαῖος	n-p---mg-	a-p---mg-	
3574	κατάλυσις	n-s---fa-	κατάλυσις	κατάλυσις	n-s---fa-	n-s---fa-	
3575	καί	b--------	καί	καί	c--------	b--------	
3576	ὁ	l-p---fa-	ὁ	ὁ	l-p---fa-	l-p---fa-	
3577	πολιτεία	n-p---fa-	πολιτεία	πολιτεία	n-p---fa-	n-p---fa-	
3578	διασπάω	v--pna---	διασπάω	διασπάω	v--pna---	v--pna---	
3579	,	u--------	,	,	u--------	u--------	
3580	ὁ	l-p---mn-	ὁ	ὁ	l-p---mn-	l-p---mn-	
3581	δέ	b--------	δέ	δέ	d--------	b--------	
3582	ὡς	c--------	ὡς	ὡς	c--------	c--------	
3583	πρέσβυς	a-p---ma-	πρέσβυς	πρέσβυς	n-p---ma-	a-p---ma-	
3584	πέμπω	v3sria---	πέμπω	πέμπω	v3sria---	v3sria---	
3585	ὡς	r--------	ὡς	ὡς	r--------	r--------	
3586	βασιλεύς	n-s---ma-	βασιλεύς	βασιλεύς	n-s---ma-	n-s---ma-	
3587	,	u--------	,	,	u--------	u--------	
3588	ὁ	l-p---mn-	ὁ	ὁ	l-p---mn-	l-p---mn-	
3589	δέ	b--------	δέ	δέ	d--------	b--------	
3590	ἐν	r--------	ἐν	ἐν	r--------	r--------	
3591	Ἰλλυριοί	n-p---md-	ἰλλύριος	Ἰλλυριοί	n-p---md-	n-p---md-	DISAGREE
3592	πόλις	n-p---fa-	πόλις	πόλις	n-p---fa-	n-p---fa-	
3593	τειχίζω	v--pna---	τειχίζω	τειχίζω	v--pna---	v--pna---	
3594	,	u--------	,	,	u--------	u--------	
3595	ὁ	l-p---mn-	ὁ	ὁ	l-p---mn-	l-p---mn-	
3596	δέ	b--------	δέ	δέ	c--------	b--------	
3597	λόγος	n-p---ma-	λόγος	λόγος	n-p---ma-	n-p---ma-	
3598	πλάσσω	v-pppamn-	πλάσσω	πλάσσω	v-pppamn-	v-pppamn-	
3599	ἕκαστος	a-s---mn-	ἕκαστος	ἕκαστος	a-s---mn-	a-s---mn-	
3600	περιέρχομαι	v1ppim---	περιέρχομαι	περιέρχομαι	v1ppie---	v1ppim---	
3601	.	u--------		.		u--------	glaux_only
3602	ἐγώ	p1s---cn-		ἐγώ		p1s---cn-	glaux_only
3603	δέ	b--------		δέ		b--------	glaux_only
3604	οἴομαι	v1spim---		οἴομαι		v1spim---	glaux_only
3605	μέν	g--------	μέν	μέν	d--------	g--------	
3606	,	u--------	,	,	u--------	u--------	
3607	ὦ	i--------	ὦ	ὦ	i--------	i--------	
3608	ἀνήρ	n-p---mv-	ἀνήρ	ἀνήρ	n-p---mv-	n-p---mv-	
3609	Ἀθηναῖος	a-p---mv-	ἀθηναῖος	Ἀθηναῖος	a-p---mv-	a-p---mv-	
3610	,	u--------	,	,	u--------	u--------	
3611	νή	r--------	νή	νή	r--------	r--------	
3612	ὁ	l-p---ma-	ὁ	ὁ	l-p---ma-	l-p---ma-	
3613	θεός	n-p---ma-	θεός	θεός	n-p---ma-	n-p---ma-	
3614	ἐκεῖνος	p-s---ma-	ἐκεῖνος	ἐκεῖνος	p-s---ma-	p-s---ma-	
3615	μεθύω	v--pna---	μεθύω	μεθύω	v--pna---	v--pna---	
3616	ὁ	l-s---nd-	ὁ	ὁ	l-s---nd-	l-s---nd-	
3617	μέγεθος	n-s---nd-	μέγεθος	μέγεθος	n-s---nd-	n-s---nd-	
3618	ὁ	l-p---ng-	ὁ	ὁ	l-p---ng-	l-p---ng-	
3619	πράσσω	v-prpmng-	πράσσω	πράσσω	v-prpeng-	v-prpmng-	
3620	καί	b--------	καί	καί	c--------	b--------	
3621	πολύς	a-p---na-	πολύς	πολύς	a-p---na-	a-p---na-	
3622	τοιοῦτος	p-p---na-	τοιοῦτος	τοιοῦτος	p-p---na-	p-p---na-	
3623	ὀνειροπολέω	v--pna---	ὀνειροπολέω	ὀνειροπολέω	v--pna---	v--pna---	
3624	ἐν	r--------	ἐν	ἐν	r--------	r--------	
3625	ὁ	l-s---fd-	ὁ	ὁ	l-s---fd-	l-s---fd-	
3626	γνώμη	n-s---fd-	γνώμη	γνώμη	n-s---fd-	n-s---fd-	
3627	,	u--------	,	,	u--------	u--------	
3628	ὁ	l-s---fa-	ὁ	ὁ	l-s---fa-	l-s---fa-	
3629	τε	b--------	τε	τε	d--------	b--------	
3630	ἐρημία	n-s---fa-	ἐρημία	ἐρημία	n-s---fa-	n-s---fa-	
3631	ὁ	l-p---mg-	ὁ	ὁ	l-p---mg-	l-p---mg-	
3632	κωλύω	v-pfpamg-	κωλύω	κωλύω	v-pfpamg-	v-pfpamg-	
3633	ὁράω	v-sppama-	ὁράω	ὁράω	v-sppama-	v-sppama-	
3634	καί	b--------	καί	καί	c--------	b--------	
3635	ὁ	l-p---nd-	ὁ	ὁ	l-p---nd-	l-p---nd-	
3636	πράσσω	v-prpmnd-	πράσσω	πράσσω	v-prpend-	v-prpmnd-	
3637	ἐπαίρω	v-srpmma-	ἐπαίρω	ἐπαίρω	v-srpema-	v-srpmma-	
3638	,	u--------	,	,	u--------	u--------	
3639	οὐ	d--------	οὐ	οὐ	d--------	d--------	
3640	μέντοι	b--------	μέντοι	μέντοι	c--------	b--------	
3641	μά	r--------	μά	μά	d--------	r--------	
3642	Ζεύς	n-s---ma-	ζεύς	Ζεύς	n-s---ma-	n-s---ma-	
3643	οὕτως	d--------	οὕτως	οὕτως	d--------	d--------	
3644	γε	d--------	γε	γε	d--------	d--------	
3645	προαιρέω	v--pnm---	προαιρέω	προαιρέω	v--pne---	v--pnm---	
3646	πράσσω	v--pna---	πράσσω	πράσσω	v--pna---	v--pna---	
3647	ὥστε	c--------	ὥστε	ὥστε	c--------	c--------	
3648	ὁ	l-p---ma-	ὁ	ὁ	l-p---ma-	l-p---ma-	
3649	ἀνόητος	a-p---mas	ἀνόητος	ἀνόητος	a-p---mas	a-p---mas	
3650	ὁ	l-p---mg-	ὁ	ὁ	l-p---mg-	l-p---mg-	
3651	παρά	r--------	παρά	παρά	r--------	r--------	
3652	ἐγώ	p1p---cd-	ἐγώ	ἐγώ	p-p---md-	p1p---cd-	
3653	οἶδα	v--rna---	οἶδα	οἶδα	v--rna---	v--rna---	
3654	τίς	p-s---na-	τίς	τίς	p-s---na-	p-s---na-	
3655	μέλλω	v3spia---	μέλλω	μέλλω	v3spia---	v3spia---	
3656	ποιέω	v--pna---	ποιέω	ποιέω	v--pna---	v--pna---	
3657	ἐκεῖνος	p-s---mn-	ἐκεῖνος	ἐκεῖνος	p-s---mn-	p-s---mn-	
3658	·	u--------	·	·	u--------	u--------	
3659	ἀνόητος	a-p---mns	ἀνόητος	ἀνόητος	a-p---mns	a-p---mns	
3660	γάρ	g--------	γάρ	γάρ	d--------	g--------	
3661	εἰμί	v3ppia---	εἰμί	εἰμί	v3ppia---	v3ppia---	
3662	ὁ	l-p---mn-	ὁ	ὁ	l-p---mn-	l-p---mn-	
3663	λογοποιέω	v-pppamn-	λογοποιέω	λογοποιέω	v-pppamn-	v-pppamn-	
3664	.	u--------	.	.	u--------	u--------	
3665	ἀλλά	b--------	ἀλλά	ἀλλά	d--------	b--------	
3666	ἄν	g--------	ἄν	ἄν	d--------	g--------	
3667	ἀφίημι	v-papamn-	ἀφίημι	ἀφίημι	v-papamn-	v-papamn-	
3668	οὗτος	p-p---na-	οὗτος	οὗτος	a-p---na-	p-p---na-	
3669	ἐκεῖνος	p-p---na-	ἐκεῖνος	ἐκεῖνος	a-p---na-	p-p---na-	
3670	οἶδα	v1prsa---	οἶδα	οἶδα	v1prsa---	v1prsa---	
3671	,	u--------	,	,	u--------	u--------	
3672	ὅτι	c--------	ὅτι	ὅτι	c--------	c--------	
3673	ἐχθρός	a-s---mn-	ἐχθρός	ἐχθρός	a-s---mn-	a-s---mn-	
3674	ἄνθρωπος	n-s---mn-	ἄνθρωπος	ἄνθρωπος	n-s---mn-	n-s---mn-	
3675	καί	b--------	καί	καί	d--------	b--------	
3676	ὁ	l-p---na-	ὁ	ὁ	l-p---na-	l-p---na-	
3677	ἡμέτερος	a-p---na-	ἡμέτερος	ἡμέτερος	a-p---na-	a-p---na-	
3678	ἐγώ	p1p---ca-	ἐγώ	ἐγώ	p-p---ma-	p1p---ca-	
3679	ἀποστερέω	v3spia---	ἀποστερέω	ἀποστερέω	v3spia---	v3spia---	
3680	καί	b--------	καί	καί	d--------	b--------	
3681	χρόνος	n-s---ma-	χρόνος	χρόνος	n-s---ma-	n-s---ma-	
3682	πολύς	a-s---ma-	πολύς	πολύς	a-s---ma-	a-s---ma-	
3683	ὑβρίζω	v3sria---	ὑβρίζω	ὑβρίζω	v3sria---	v3sria---	
3684	,	u--------	,	,	u--------	u--------	
3685	καί	b--------	καί	καί	d--------	b--------	
3686	ἅπας	a-p---na-	ἅπας	ἅπας	a-p---na-	a-p---na-	
3687	ὅσος	p-p---na-	ὅσος	ὅσος	a-p---na-	p-p---na-	
3688	πώποτε	d--------	πώποτε	πώποτε	d--------	d--------	
3689	ἐλπίζω	v1paia---	ἐλπίζω	ἐλπίζω	v1paia---	v1paia---	
3690	τις	p-p---na-	τις	τις	p-p---na-	p-p---na-	
3691	πράσσω	v--fna---	πράσσω	πράσσω	v--fna---	v--fna---	
3692	ὑπέρ	r--------	ὑπέρ	ὑπέρ	r--------	r--------	
3693	ἐγώ	p1p---cg-	ἐγώ	ἐγώ	p-p---mg-	p1p---cg-	
3694	κατά	r--------	κατά	κατά	r--------	r--------	
3695	ἐγώ	p1p---cg-	ἐγώ	ἐγώ	p-p---mg-	p1p---cg-	
3696	εὑρίσκω	v3srim---	εὑρίσκω	εὑρίσκω	v3srie---	v3srim---	
3697	,	u--------	,	,	u--------	u--------	
3698	καί	b--------	καί	καί	d--------	b--------	
3699	ὁ	l-p---na-	ὁ	ὁ	l-p---na-	l-p---na-	
3700	λοιπός	a-p---nn-	λοιπός	λοιπός	a-p---na-	a-p---nn-	
3701	ἐν	r--------	ἐν	ἐν	r--------	r--------	
3702	αὐτός	p-p---md-	αὐτός	αὐτός	a-p---md-	p-p---md-	
3703	ἐγώ	p1p---cd-	ἐγώ	ἐγώ	p-p---md-	p1p---cd-	
3704	εἰμί	v3spia---	εἰμί	εἰμί	v3spia---	v3spia---	
3705	,	u--------	,	,	u--------	u--------	
3706	καί	d--------	καί		d--------		oga_only
3707	ἄν	c--------	ἄν		c--------		oga_only
3708	μή	d--------	μή		d--------		oga_only
3709	νῦν	d--------	νῦν		d--------		oga_only
3710	ἐθέλω	v1ppsa---	ἐθέλω		v1ppsa---		oga_only
3711	ἐκεῖ	d--------	ἐκεῖ		d--------		oga_only
3712	πολεμέω	v--pna---	πολεμέω		v--pna---		oga_only
3713	αὐτός	p-s---md-	αὐτός		p-s---md-		oga_only
3714	,	u--------	,		u--------		oga_only
3715	ἐνθάδε	d--------	ἐνθάδε		d--------		oga_only
3716	ἴσως	d--------	ἴσως		d--------		oga_only
3717	ἀναγκάζω	v1pfip---	ἀναγκάζω		v1pfip---		oga_only
3718	οὗτος	p-s---na-	οὗτος		p-s---na-		oga_only
3719	ποιέω	v--pna---	ποιέω		v--pna---		oga_only
3720	,	u--------	,		u--------		oga_only
3721	ἄν	c--------	ἄν		c--------		oga_only
3722	οὗτος	p-p---na-	οὗτος		p-p---na-		oga_only
3723	οἶδα	v1prsa---	οἶδα		v1prsa---		oga_only
3724	,	u--------	,		u--------		oga_only
3725	καί	c--------	καί		c--------		oga_only
3726	ὁ	l-p---na-	ὁ		l-p---na-		oga_only
3727	δέω	v-pppana-	δέω		v-pppana-		oga_only
3728	εἰμί	v1pfim---	εἰμί		v1pfim---		oga_only
3729	γιγνώσκω	v-prpamn-	γιγνώσκω		v-prpamn-		oga_only
3730	καί	c--------	καί		c--------		oga_only
3731	λόγος	n-p---mg-	λόγος		n-p---mg-		oga_only
3732	μάταιος	a-p---mg-	μάταιος		a-p---mg-		oga_only
3733	ἀπαλλάσσω	v-prpemn-	ἀπαλλάσσω		v-prpemn-		oga_only
3734	·	u--------	·		u--------		oga_only
3735	οὐ	d--------	οὐ	οὐ	d--------	d--------	
3736	γάρ	g--------	γάρ	γάρ	d--------	g--------	
3737	ὅστις	p-p---nn-	ὅστις	ὅστις	p-p---nn-	p-p---nn-	
3738	ποτέ	d--------	ποτέ	ποτέ	d--------	d--------	
3739	εἰμί	v3sfim---	εἰμί	εἰμί	v3sfim---	v3sfim---	
3740	δέω	v3spia---	δεῖ	δέω	v3spia---	v3spia---	DISAGREE
3741	σκοπέω	v--pna---	σκοπέω	σκοπέω	v--pna---	v--pna---	
3742	,	u--------	,	,	u--------	u--------	
3743	ἀλλά	b--------	ἀλλά	ἀλλά	c--------	b--------	
3744	ὅτι	c--------	ὅτι	ὅτι	c--------	c--------	
3745	φαῦλος	a-p---nn-	φαῦλος	φαῦλος	a-p---nn-	a-p---nn-	
3746	,	u--------	,	,	u--------	u--------	
3747	ἐάν	c--------	ἄν	ἐάν	c--------	c--------	DISAGREE
3748	μή	d--------	μή	μή	d--------	d--------	
3749	προσέχω	v2ppsa---	προσέχω	προσέχω	v2ppsa---	v2ppsa---	
3750	ὁ	l-s---ma-	ὁ	ὁ	l-s---ma-	l-s---ma-	
3751	νόος	n-s---ma-	νόος	νόος	n-s---ma-	n-s---ma-	
3752	καί	b--------	καί	καί	c--------	b--------	
3753	ὁ	l-p---na-	ὁ	ὁ	l-p---na-	l-p---na-	
3754	προσήκω	v-pppana-	προσήκω	προσήκω	v-pppana-	v-pppana-	
3755	ποιέω	v--pna---	ποιέω	ποιέω	v--pna---	v--pna---	
3756	ἐθέλω	v2ppsa---	ἐθέλω	ἐθέλω	v2ppsa---	v2ppsa---	
3757	,	u--------	,	,	u--------	u--------	
3758	εὖ	d--------	εὖ	εὖ	d--------	d--------	
3759	οἶδα	v--rna---	οἶδα	οἶδα	v--rna---	v--rna---	
3760	.	u--------		.		u--------	glaux_only
3761	ἐγώ	p1s---cn-	ἐγώ	ἐγώ	p-s---mn-	p1s---cn-	
3762	μέν	g--------	μέν	μέν	d--------	g--------	
3763	οὖν	g--------	οὖν	οὖν	d--------	g--------	
3764							unmatched
3765	ἄλλοτε	d--------	ἄλλοτε	ἄλλοτε	d--------	d--------	
3766	πώποτε	d--------	πώποτε	πώποτε	d--------	d--------	
3767	πρός	r--------	πρός	πρός	r--------	r--------	
3768	χάρις	n-s---fa-	χάρις	χάρις	n-s---fa-	n-s---fa-	
3769	αἱρέω	v1saim---	αἱρέω	αἱρέω	v1saim---	v1saim---	
3770	λέγω	v--pna---	λέγω3	λέγω	v--pna---	v--pna---	
3771	ὅς	p-s---na-	ὅς	ὅς	p-s---na-	p-s---na-	
3772	τις	p-s---na-	τις	τις	a-s---na-	p-s---na-	
3773	ἐάν	c--------	ἄν	ἐάν	c--------	c--------	DISAGREE
3774	μή	d--------	μή	μή	d--------	d--------	
3775	καί	d--------	καί	καί	d--------	d--------	
3776	συμφέρω	v--fna---	συμφέρω	συμφέρω	v--fna---	v--fna---	
3777	πείθω	v-srpmmn-	πείθω	πείθω	v-srpemn-	v-srpmmn-	
3778	εἰμί	v1spsa---	ὦ	εἰμί	v1spsa---	v1spsa---	DISAGREE
3779	,	u--------	,	,	u--------	u--------	
3780	νῦν	d--------	νῦν	νῦν	d--------	d--------	
3781	τε	b--------	τε	τε	c--------	b--------	
3782	ὅς	p-p---na-	ὅς	ὅς	p-p---na-	p-p---na-	
3783	γιγνώσκω	v1spia---	γιγνώσκω	γιγνώσκω	v1spia---	v1spia---	
3784	πᾶς	a-p---na-	πᾶς	πᾶς	a-p---na-	a-p---na-	
3785	ἁπλῶς	d--------	ἁπλῶς	ἁπλῶς	d--------	d--------	
3786	,	u--------	,	,	u--------	u--------	
3787	οὐδείς	p-s---na-	οὐδείς	οὐδείς	p-s---na-	p-s---na-	
3788	ὑποστέλλω	v-sapmmn-	ὑποστέλλω	ὑποστέλλω	v-sapmmn-	v-sapmmn-	
3789	,	u--------	,	,	u--------	u--------	
3790	παρρησιάζομαι	v1srim---	παρρησιάζομαι	παρρησιάζομαι	v1srie---	v1srim---	
3791	.	u--------	.	.	u--------	u--------	
3792	βούλομαι	v1siim---	βούλομαι	βούλομαι	v1siie---	v1siim---	
3793	δέ	b--------	δέ	δέ	d--------	b--------	
3794	ἄν	g--------	ἄν	ἄν	d--------	g--------	
3795	,	u--------	,	,	u--------	u--------	
3796	ὥσπερ	c--------	ὥσπερ	ὥσπερ	c--------	c--------	
3797	ὅτι	c--------	ὅτι	ὅτι	c--------	c--------	
3798	σύ	p2p---cd-	σύ	σύ	p-p---md-	p2p---cd-	
3799	συμφέρω	v3spia---	συμφέρω	συμφέρω	v3spia---	v3spia---	
3800	ὁ	l-p---na-	ὁ	ὁ	l-p---na-	l-p---na-	
3801	ἀγαθός	a-p---nas	ἀγαθός	ἀγαθός	a-p---nas	a-p---nas	
3802	ἀκούω	v--pna---	ἀκούω	ἀκούω	v--pna---	v--pna---	
3803	οἶδα	v1sria---	οἶδα	οἶδα	v1sria---	v1sria---	
3804	,	u--------	,	,	u--------	u--------	
3805	οὕτως	d--------	οὕτως	οὕτως	d--------	d--------	
3806	οἶδα	v--rna---	οἶδα	οἶδα	v--rna---	v--rna---	
3807	συμφέρω	v-sfpana-	συμφέρω	συμφέρω	v-sfpana-	v-sfpana-	
3808	καί	d--------	καί	καί	d--------	d--------	
3809	ὁ	l-s---md-	ὁ	ὁ	l-s---md-	l-s---md-	
3810	ὁ	l-p---na-	ὁ	ὁ	l-p---na-	l-p---na-	
3811	ἀγαθός	a-p---nas	ἀγαθός	ἀγαθός	a-p---nas	a-p---nas	
3812	λέγω	v-sapamd-	εἶπον	λέγω	v-sapamd-	v-sapamd-	DISAGREE
3813	·	u--------	·	·	u--------	u--------	
3814	πολύς	a-s---nd-	πολύς	πολύς	a-s---nd-	a-s---nd-	
3815	γάρ	g--------	γάρ	γάρ	d--------	g--------	
3816	ἄν	g--------	ἄν	ἄν	d--------	g--------	
3817	ἡδύς	a-s---nac	ἡδύς	ἡδύς	a-s---nac	a-s---nac	
3818	ἔχω	v1siia---	ἔχω	ἔχω	v1siia---	v1siia---	
3819	.	u--------	.	.	u--------	u--------	
3820	νῦν	d--------	νῦν	νῦν	d--------	d--------	
3821	δέ	b--------	δέ	δέ	d--------	b--------	
3822	ἐπί	r--------	ἐπί	ἐπί	r--------	r--------	
3823	ἄδηλος	a-p---nd-	ἄδηλος	ἄδηλος	a-p---nd-	a-p---nd-	
3824	εἰμί	v-pppand-	εἰμί	εἰμί	v-pppand-	v-pppand-	
3825	ὁ	l-p---nd-	ὁ	ὁ	l-p---nd-	l-p---nd-	
3826	ἀπό	r--------	ἀπό	ἀπό	r--------	r--------	
3827	οὗτος	p-p---ng-	οὗτος	οὗτος	p-p---ng-	p-p---ng-	
3828	ἐμαυτοῦ	p-s---md-	ἐμαυτοῦ	ἐμαυτοῦ	p-s---md-	p-s---md-	
3829	γίγνομαι	v-pfpmnd-	γίγνομαι	γίγνομαι	v-pfpmnd-	v-pfpmnd-	
3830	,	u--------	,	,	u--------	u--------	
3831	ὅμως	d--------	ὅμως	ὅμως	c--------	d--------	
3832	ἐπί	r--------	ἐπί	ἐπί	r--------	r--------	
3833	ὁ	l-s---nd-	ὁ	ὁ	l-s---nd-	l-s---nd-	
3834	συμφέρω	v--fna---	συμφέρω	συμφέρω	v--fna---	v--fna---	
3835	σύ	p2p---cd-	σύ	σύ	p-p---md-	p2p---cd-	
3836	,	u--------	,	,	u--------	u--------	
3837	ἐάν	c--------	ἄν	ἐάν	c--------	c--------	DISAGREE
3838	πράσσω	v2pasa---	πράσσω	πράσσω	v2pasa---	v2pasa---	
3839	,	u--------	,	,	u--------	u--------	
3840	οὗτος	p-p---na-	οὗτος	οὗτος	p-p---na-	p-p---na-	
3841	πείθω	v--rnm---	πείθω	πείθω	v--rne---	v--rnm---	
3842	λέγω	v--pna---	λέγω3	λέγω	v--pna---	v--pna---	
3843	αἱρέω	v1spim---	αἱρέω	αἱρέω	v1spie---	v1spim---	
3844	.	u--------	.	.	u--------	u--------	
3845	νικάω	v3spoa---	νικάω	νικάω	v3spoa---	v3spoa---	
3846	δέ	b--------	δέ	δέ	d--------	b--------	
3847	ὅς	p-s---nn-	ὅς	ὅς	p-s---nn-	p-s---nn-	
3848	τις	p-s---nn-	τις	τις	a-s---nn-	p-s---nn-	
3849	πᾶς	a-p---md-	πᾶς	πᾶς	a-p---md-	a-p---md-	
3850	μέλλω	v3spia---	μέλλω	μέλλω	v3spia---	v3spia---	
3851	συμφέρω	v--fna---	συμφέρω	συμφέρω	v--fna---	v--fna---	
3852	.	u--------	.	.	u--------	u--------	
