token_id	text
1	τὴν
2	μὲν
3	ἀσέλγειαν
4	,
5	ὦ
6	ἄνδρες
7	δικασταί
8	,
9	καὶ
10	τὴν
11	ὕβριν
12	,
13	ᾗ
14	πρὸς
15	ἅπαντας
16	ἀεὶ
17	χρῆται
18	Μειδίας
19	,
20	οὐδέν’
21	οὔθ’
22	ὑμῶν
23	οὔ
24	τε
25	τῶν
26	ἄλλων
27	πολιτῶν
28	ἀγνοεῖν
29	οἴομαι
30	.
31	ἐγὼ
32	δ’
33	,
34	ὅπερ
35	ἂν
36	καὶ
37	ὑμῶν
38	ἕκαστος
39	ὑβρισθεὶς
40	προείλετο
41	πρᾶξαι
42	,
43	τοῦτο
44	καὶ
45	αὐτὸς
46	ἐποίησα
47	,
48	καὶ
49	προὐβαλόμην
50	ἀδικεῖν
51	τοῦτον
52	περὶ
53	τὴν
54	ἑορτήν
55	,
56	οὐ
57	μόνον
58	πληγὰς
59	ὑπ’
60	αὐτοῦ
61	λαβὼν
62	τοῖς
63	Διονυσίοις
64	,
65	ἀλλὰ
66	καὶ
67	ἄλλα
68	πολλὰ
69	καὶ
70	βίαια
71	παθὼν
72	παρὰ
73	πᾶσαν
74	τὴν
75	χορηγίαν
76	.
77	ἐπειδὴ
78	δὲ
79	καλῶς
80	καὶ
81	τὰ
82	δίκαια
83	ποιῶν
84	ὁ
85	δῆμος
86	ἅπας
87	οὕτως
88	ὠργίσθη
89	καὶ
90	παρωξύνθη
91	καὶ
92	σφόδρ’
93	ἐσπούδασεν
94	ἐφ’
95	οἷς
96	ἠδικημένῳ
97	μοι
98	συνῄδει
99	,
100	ὥστε
101	πάντα
102	ποιοῦντος
103	τούτου
104	καί
105	τινων
106	ἄλλων
107	ὑπὲρ
108	αὐτοῦ
109	,
110	οὐκ
111	ἐπείσθη
112	οὐδ’
113	ἀπέβλεψεν
114	εἰς
115	τὰς
116	οὐσίας
117	τὰς
118	τούτων
119	οὐ
120	δὲ
121	τὰς
122	ὑποσχέσεις
123	,
124	ἀλλὰ
125	μιᾷ
126	γνώμῃ
127	κατεχειροτόνησεν
128	αὐτοῦ
129	,
130	πολλοί
131	μοι
132	προσιόντες
133	,
134	ὦ
135	ἄνδρες
136	δικασταί
137	,
138	καὶ
139	τῶν
140	ἐν
141	τῷ
142	δικαστηρίῳ
143	νῦν
144	ὄντων
145	ὑμῶν
146	καὶ
147	τῶν
148	ἄλλων
149	πολιτῶν
150	ἠξίουν
151	καὶ
152	παρεκελεύοντ’
153	ἐπεξελθεῖν
154	καὶ
155	παραδοῦναι
156	τοῦτον
157	εἰς
158	ὑμᾶς
159	,
160	ὡς
161	μὲν
162	ἐμοὶ
163	δοκεῖ
164	,
165	δι’
166	ἀμφότερ’
167	,
168	ὦ
169	ἄνδρες
170	Ἀθηναῖοι
171	,
172	νὴ
173	τοὺς
174	θεούς
175	,
176	καὶ
177	δεινὰ
178	πεπονθέναι
179	νομίζοντες
180	ἐμὲ
181	καὶ
182	δίκην
183	ἅμα
184	βουλόμενοι
185	λαβεῖν
186	ὧν
187	ἐπὶ
188	τῶν
189	ἄλλων
190	ἐτεθέαντο
191	θρασὺν
192	ὄντα
193	καὶ
194	βδελυρὸν
195	καὶ
196	οὐ
197	δὲ
198	καθεκτὸν
199	ἔτι
200	.
201	οὕτω
202	δὲ
203	τούτων
204	ἐχόντων
205	,
206	ὅσα
207	μὲν
208	παρ’
209	ἐμοῦ
210	προσῆκε
211	φυλαχθῆναι
212	,
213	πάντα
214	δικαίως
215	ὑμῖν
216	τετήρηται
217	,
218	καὶ
219	κατηγορήσων
220	,
221	ἐπειδή
222	τις
223	εἰσάγει
224	,
225	πάρειμι
226	,
227	ὡς
228	ὁρᾶτε
229	,
230	πολλὰ
231	μέν
232	,
233	ὦ
234	ἄνδρες
235	Ἀθηναῖοι
236	,
237	χρήματα
238	,
239	ἐξόν
240	μοι
241	λαβεῖν
242	ὥστε
243	μὴ
244	κατηγορεῖν
245	,
246	οὐ
247	λαβών
248	,
249	πολλὰς
250	δὲ
251	δεήσεις
252	καὶ
253	χάριτας
254	καὶ
255	νὴ
256	Δί’
257	ἀπειλὰς
258	ὑπομείνας
259	.
260	ἃ
261	δ’
262	ἐν
263	ὑμῖν
264	μετὰ
265	ταῦτ’
266	ἔσθ’
267	ὑπόλοιπα
268	,
269	ὅσῳ
270	πλείοσιν
271	οὗτος
272	ἠνώχληκε
273	καὶ
274	παρήγγελκεν
275	(
276	ἑώρων
277	γὰρ
278	αὐτὸν
279	ἄρτι
280	πρὸ
281	τῶν
282	δικαστηρίων
283	οἷ’
284	ἐποίει
285	)
286	,
287	τοσούτῳ
288	μᾶλλον
289	ἐλπίζω
290	τὸ
291	δίκαιον
292	ἕξειν
293	.
294	οὐ
295	γὰρ
296	ἂν
297	καταγνοίην
298	ὑμῶν
299	οὐδενὸς
300	οὔθ’
301	ὡς
302	περὶ
303	ὧν
304	πρὸς
305	ἔμ’
306	ἐσπουδάσατ’
307	αὐτοί
308	,
309	τούτων
310	ἀμελήσετε
311	,
312	οὔθ’
313	ὡς
314	,
315	ἵνα
316	Μειδίας
317	ἀδεῶς
318	τὸ
319	λοιπὸν
320	ὑβρίζῃ
321	,
322	ψηφιεῖταί
323	τις
324	ὑμῶν
325	ὀμωμοκὼς
326	ἄλλο
327	τι
328	πλὴν
329	ὅ
330	τι
331	ἂν
332	δίκαιον
333	ἡγῆται
334	.
335	εἰ
336	μὲν
337	οὖν
338	,
339	ὦ
340	ἄνδρες
341	Ἀθηναῖοι
342	,
343	παρανόμων
344	ἢ
345	παραπρεσβείας
346	ἤ
347	τινος
348	ἄλλης
349	αἰτίας
350	ἔμελλον
351	αὐτοῦ
352	κατηγορεῖν
353	τοιαύτης
354	,
355	οὐδὲν
356	ἂν
357	ὑμῶν
358	ἠξίουν
359	δεῖσθαι
360	,
361	νομίζων
362	τῷ
363	μὲν
364	κατηγόρῳ
365	περὶ
366	τῶν
367	τοιούτων
368	προσήκειν
369	ἐλέγχειν
370	μόνον
371	,
372	τῷ
373	δὲ
374	φεύγοντι
375	καὶ
376	παραιτεῖσθαι
377	.
378	ἐπειδὴ
379	δὲ
380	τούς
381	τε
382	κριτὰς
383	διαφθείραντος
384	τούτου
385	καὶ
386	διὰ
387	τοῦτο
388	τῆς
389	φυλῆς
390	ἀδίκως
391	ἀφαιρεθείσης
392	τὸν
393	τρίποδα
394	,
395	καὶ
396	αὐτὸς
397	πληγὰς
398	εἰληφὼς
399	καὶ
400	ὑβρισμένος
401	οἷ’
402	οὐκ
403	οἶδ’
404	εἴ
405	τις
406	ἄλλος
407	πώποτε
408	χορηγὸς
409	ὑβρίσθη
410	,
411	ἣν
412	ὑπὲρ
413	τούτων
414	ἀγανακτήσας
415	καὶ
416	συνοργισθεὶς
417	καταχειροτονίαν
418	ὁ
419	δῆμος
420	ἐποιήσατο
421	,
422	ταύτην
423	εἰσέρχομαι
424	,
425	οὐκ
426	ὀκνήσω
427	καὶ
428	δεῖσθαι
429	.
430	εἰ
431	γὰρ
432	οἷόν
433	τε
434	τοῦτ’
435	εἰπεῖν
436	,
437	ἐγὼ
438	νῦν
439	φεύγω
440	,
441	εἴπερ
442	ὑβρισθέντα
443	μηδεμιᾶς
444	δίκης
445	τυχεῖν
446	ἐστί
447	τις
448	συμφορά
449	.
450	δέομαι
451	οὖν
452	ὑμῶν
453	ἁπάντων
454	,
455	ὦ
456	ἄνδρες
457	δικασταί
458	,
459	καὶ
460	ἱκετεύω
461	,
462	πρῶτον
463	μὲν
464	εὐνοϊκῶς
465	ἀκοῦσαί
466	μου
467	λέγοντος
468	,
469	ἔπειτ’
470	,
471	ἐὰν
472	ἐπιδείξω
473	Μειδίαν
474	τουτονὶ
475	μὴ
476	μόνον
477	εἰς
478	ἐμὲ
479	ἀλλὰ
480	καὶ
481	εἰς
482	ὑμᾶς
483	καὶ
484	εἰς
485	τοὺς
486	νόμους
487	καὶ
488	εἰς
489	τοὺς
490	ἄλλους
491	ἅπαντας
492	ὑβρικότα
493	,
494	βοηθῆσαι
495	καὶ
496	ἐμοὶ
497	καὶ
498	ὑμῖν
499	αὐτοῖς
500	.
501	καὶ
502	γὰρ
503	οὕτω
504	πως
505	ἔχει
506	,
507	ὦ
508	ἄνδρες
509	Ἀθηναῖοι
510	·
511	ὕβρισμαι
512	μὲν
513	ἐγὼ
514	καὶ
515	προπεπηλάκισται
516	τὸ
517	σῶμα
518	τ
519	οὐμὸν
520	τότε
521	,
522	ἀγωνιεῖται
523	δὲ
524	καὶ
525	κριθήσεται
526	τὸ
527	πρᾶγμα
528	νυνί
529	,
530	πότερον
531	ἐξεῖναι
532	δεῖ
533	τὰ
534	τοιαῦτα
535	ποιεῖν
536	καὶ
537	εἰς
538	τὸν
539	τυχόνθ’
540	ὑμῶν
541	ἀδεῶς
542	ὑβρίζειν
543	ἢ
544	μή
545	.
546	εἴ
547	τις
548	οὖν
549	ὑμῶν
550	ἄρα
551	καὶ
552	τὸν
553	ἔμπροσθεν
554	χρόνον
555	τῶν
556	ἰδίων
557	τινὸς
558	εἵνεκα
559	γίγνεσθαι
560	τὸν
561	ἀγῶνα
562	τόνδ’
563	ὑπελάμβανεν
564	,
565	ἐνθυμηθεὶς
566	νῦν
567	ὅτι
568	δημοσίᾳ
569	συμφέρει
570	μηδενὶ
571	μηδὲν
572	ἐξεῖναι
573	τοιοῦτο
574	ποιεῖν
575	,
576	ὡς
577	ὑπὲρ
578	κοινοῦ
579	τοῦ
580	πράγματος
581	ὄντος
582	καὶ
583	προσέχων
584	ἀκουσάτω
585	,
586	καὶ
587	τὰ
588	φαινόμεν’
589	αὑτῷ
590	δικαιότερ’
591	εἶναι
592	,
593	ταῦτα
594	ψηφισάσθω
595	.
596	ἀναγνώσεται
597	δὲ
598	πρῶτον
599	μὲν
600	ὑμῖν
601	τὸν
602	νόμον
603	καθ’
604	ὃν
605	εἰσὶν
606	αἱ
607	προβολαί
608	·
609	μετὰ
610	δὲ
611	ταῦτα
612	καὶ
613	περὶ
614	τῶν
615	ἄλλων
616	πειράσομαι
617	διδάσκειν
618	.
619	λέγε
620	τὸν
621	νόμον
622	.
623	ΝΟΜΟΣ
624	Τοὺς
625	πρυτάνεις
626	ποιεῖν
627	ἐκκλησίαν
628	ἐν
629	Διονύσου
630	τῇ
631	ὑστεραίᾳ
632	τῶν
633	Πανδίων
634	.
635	ἐν
636	δὲ
637	ταύτῃ
638	χρηματίζειν
639	πρῶτον
640	μὲν
641	περὶ
642	ἱερῶν
643	,
644	ἔπειτα
645	τὰς
646	προβολὰς
647	παραδιδότωσαν
648	τὰς
649	γεγενημένας
650	ἕνεκα
651	τῆς
652	πομπῆς
653	ἢ
654	τῶν
655	ἀγώνων
656	τῶν
657	ἐν
658	τοῖς
659	Διονυσίοις
660	,
661	ὅσαι
662	ἂν
663	μὴ
664	ἐκτετισμέναι
665	ὦσιν
666	.
667	ὁ
668	μὲν
669	νόμος
670	οὗτός
671	ἐστιν
672	,
673	ὦ
674	ἄνδρες
675	Ἀθηναῖοι
676	,
677	καθ’
678	ὃν
679	αἱ
680	προβολαὶ
681	γίγνονται
682	,
683	λέγων
684	,
685	ὥσπερ
686	ἠκούσατε
687	,
688	ποιεῖν
689	τὴν
690	ἐκκλησίαν
691	ἐν
692	Διονύσου
693	μετὰ
694	τὰ
695	Πάνδια
696	,
697	ἐν
698	δὲ
699	ταύτῃ
700	ἐπειδὰν
701	χρηματίσωσιν
702	οἱ
703	πρόεδροι
704	περὶ
705	ὧν
706	διῴκηκεν
707	ὁ
708	ἄρχων
709	,
710	χρηματίζειν
711	καὶ
712	περὶ
713	ὧν
714	ἄν
715	τις
716	ἠδικηκὼς
717	ᾖ
718	περὶ
719	τὴν
720	ἑορτὴν
721	ἢ
722	παρανενομηκώς
723	,
724	καλῶς
725	,
726	ὦ
727	ἄνδρες
728	Ἀθηναῖοι
729	,
730	καὶ
731	συμφερόντως
732	ἔχων
733	ὁ
734	νόμος
735	,
736	ὡς
737	τὸ
738	πρᾶγμ’
739	αὐτὸ
740	μαρτυρεῖ
741	.
742	ὅπου
743	γὰρ
744	ἐπόντος
745	τοῦ
746	φόβου
747	τούτου
748	φαίνονταί
749	τινες
750	οὐδὲν
751	ἧττον
752	ὑβρισταί
753	,
754	τί
755	χρὴ
756	τοὺς
757	τοιούτους
758	προσδοκᾶν
759	ἂν
760	ποιεῖν
761	,
762	εἰ
763	μηδεὶς
764	ἐπῆν
765	ἀγὼν
766	μη
767	δὲ
768	κίνδυνος
769	;
770	βούλομαι
771	τοίνυν
772	ὑμῖν
773	καὶ
774	τὸν
775	ἑξῆς
776	ἀναγνῶναι
777	νόμον
778	τούτῳ
779	·
780	καὶ
781	γὰρ
782	ἐκ
783	τούτου
784	φανερὰ
785	πᾶσιν
786	ὑμῖν
787	ἥ
788	τε
789	τῶν
790	ἄλλων
791	ὑμῶν
792	εὐλάβεια
793	γενήσεται
794	καὶ
795	τὸ
796	τούτου
797	θράσος
798	.
799	λέγε
800	τὸν
801	νόμον
802	.
803	ΝΟΜΟΣ
804	Εὐήγορος
805	εἶπεν
806	·
807	ὅταν
808	ἡ
809	πομπὴ
810	ᾖ
811	τῷ
812	Διονύσῳ
813	ἐν
814	Πειραιεῖ
815	καὶ
816	οἱ
817	κωμῳδοὶ
818	καὶ
819	οἱ
820	τραγῳδοί
821	,
822	καὶ
823	ἡ
824	ἐπὶ
825	Ληναίῳ
826	πομπὴ
827	καὶ
828	οἱ
829	τραγῳδοὶ
830	καὶ
831	οἱ
832	κωμῳδοί
833	,
834	καὶ
835	τοῖς
836	ἐν
837	ἄστει
838	Διονυσίοις
839	ἡ
840	πομπὴ
841	καὶ
842	οἱ
843	παῖδες
844	καὶ
845	ὁ
846	κῶμος
847	καὶ
848	οἱ
849	κωμῳδοὶ
850	καὶ
851	οἱ
852	τραγῳδοί
853	,
854	καὶ
855	Θαργηλίων
856	τῇ
857	πομπῇ
858	καὶ
859	τῷ
860	ἀγῶνι
861	,
862	μὴ
863	ἐξεῖναι
864	μή
865	τε
866	ἐνεχυράσαι
867	μή
868	τε
869	λαμβάνειν
870	ἕτερον
871	ἑτέρου
872	,
873	μη
874	δὲ
875	τῶν
876	ὑπερημέρων
877	,
878	ἐν
879	ταύταις
880	ταῖς
881	ἡμέραις
882	.
883	ἐὰν
884	δέ
885	τις
886	τούτων
887	τι
888	παραβαίνῃ
889	,
890	ὑπόδικος
891	ἔστω
892	τῷ
893	παθόντι
894	,
895	καὶ
896	προβολαὶ
897	αὐτοῦ
898	ἔστωσαν
899	ἐν
900	τῇ
901	ἐκκλησίᾳ
902	τῇ
903	ἐν
904	Διονύσου
905	ὡς
906	ἀδικοῦντος
907	,
908	καθὰ
909	περὶ
910	τῶν
911	ἄλλων
912	τῶν
913	ἀδικούντων
914	γέγραπται
915	.
916	ἐνθυμεῖσθ’
917	,
918	ὦ
919	ἄνδρες
920	δικασταί
921	,
922	ὅτι
923	ἐν
924	τῷ
925	προτέρῳ
926	νόμῳ
927	κατὰ
928	τῶν
929	περὶ
930	τὴν
931	ἑορτὴν
932	ἀδικούντων
933	οὔσης
934	τῆς
935	προβολῆς
936	,
937	ἐν
938	τούτῳ
939	καὶ
940	κατὰ
941	τῶν
942	τοὺς
943	ὑπερημέρους
944	εἰσπραττόντων
945	ἢ
946	καὶ
947	ἄλλ’
948	ὁτιοῦν
949	τινὸς
950	λαμβανόντων
951	ἢ
952	βιαζομένων
953	ἐποιήσατε
954	τὰς
955	προβολάς
956	.
957	οὐ
958	γὰρ
959	ὅπως
960	τὸ
961	σῶμ’
962	ὑβρίζεσθαί
963	τινος
964	ἐν
965	ταύταις
966	ταῖς
967	ἡμέραις
968	,
969	ἢ
970	τὴν
971	παρασκευὴν
972	ἣν
973	ἂν
974	ἐκ
975	τῶν
976	ἰδίων
977	πορίσαιτό
978	τις
979	εἰς
980	λῃτουργίαν
981	,
982	ᾤεσθε
983	χρῆναι
984	,
985	ἀλλὰ
986	καὶ
987	τὰ
988	δίκῃ
989	καὶ
990	ψήφῳ
991	τῶν
992	ἑλόντων
993	γιγνόμενα
994	τῶν
995	ἑαλωκότων
996	καὶ
997	κεκτημένων
998	ἐξ
999	ἀρχῆς
1000	τὴν
1001	γοῦν
1002	ἑορτὴν
1003	ἀπεδώκατ’
1004	εἶναι
1005	.
1006	ὑμεῖς
1007	μὲν
1008	τοίνυν
1009	,
1010	ὦ
1011	ἄνδρες
1012	Ἀθηναῖοι
1013	,
1014	πάντες
1015	εἰς
1016	τοσοῦτον
1017	ἀφῖχθε
1018	φιλανθρωπίας
1019	καὶ
1020	εὐσεβείας
1021	ὥστε
1022	καὶ
1023	τῶν
1024	πρότερον
1025	γεγενημένων
1026	ἀδικημάτων
1027	τὸ
1028	λαμβάνειν
1029	δίκην
1030	ἐπέσχετε
1031	ταύτας
1032	τὰς
1033	ἡμέρας
1034	·
1035	Μειδίας
1036	δ’
1037	ἐν
1038	αὐταῖς
1039	ταύταις
1040	ταῖς
1041	ἡμέραις
1042	ἄξια
1043	τοῦ
1044	δοῦναι
1045	τὴν
1046	ἐσχάτην
1047	δίκην
1048	ποιῶν
1049	δειχθήσεται
1050	.
1051	βούλομαι
1052	δ’
1053	ἕκαστον
1054	ἀπ’
1055	ἀρχῆς
1056	ὧν
1057	πέπονθ’
1058	ἐπιδείξας
1059	καὶ
1060	περὶ
1061	τῶν
1062	πληγῶν
1063	εἰπεῖν
1064	ἃς
1065	τὸ
1066	τελευταῖον
1067	προσενέτεινέ
1068	μοι
1069	·
1070	ἓν
1071	γὰρ
1072	οὐδέν
1073	ἐστιν
1074	ἐφ’
1075	ᾧ
1076	τῶν
1077	πεπραγμένων
1078	οὐ
1079	δίκαιος
1080	ὢν
1081	ἀπολωλέναι
1082	φανήσεται
1083	.
1084	ἐπειδὴ
1085	γὰρ
1086	οὐ
1087	καθεστηκότος
1088	χορηγοῦ
1089	τῇ
1090	Πανδιονίδι
1091	φυλῇ
1092	,
1093	τρίτον
1094	ἔτος
1095	τουτί
1096	,
1097	παρούσης
1098	δὲ
1099	τῆς
1100	ἐκκλησίας
1101	ἐν
1102	ᾗ
1103	τὸν
1104	ἄρχοντ’
1105	ἐπικληροῦν
1106	ὁ
1107	νόμος
1108	τοῖς
1109	χοροῖς
1110	τοὺς
1111	αὐλητὰς
1112	κελεύει
1113	,
1114	λόγων
1115	καὶ
1116	λοιδορίας
1117	γιγνομένης
1118	,
1119	καὶ
1120	κατηγοροῦντος
1121	τοῦ
1122	μὲν
1123	ἄρχοντος
1124	τῶν
1125	ἐπιμελητῶν
1126	τῆς
1127	φυλῆς
1128	,
1129	τῶν
1130	δ’
1131	ἐπιμελητῶν
1132	τοῦ
1133	ἄρχοντος
1134	,
1135	παρελθὼν
1136	ὑπεσχόμην
1137	ἐγὼ
1138	χορηγήσειν
1139	ἐθελοντής
1140	,
1141	καὶ
1142	κληρουμένων
1143	πρῶτος
1144	αἱρεῖσθαι
1145	τὸν
1146	αὐλητὴν
1147	ἔλαχον
1148	,
1149	ὑμεῖς
1150	μέν
1151	,
1152	ὦ
1153	ἄνδρες
1154	Ἀθηναῖοι
1155	,
1156	πάντες
1157	ἀμφότερ’
1158	ὡς
1159	οἷόν
1160	τε
1161	μάλιστ’
1162	ἀπεδέξασθε
1163	,
1164	τήν
1165	τ’
1166	ἐπαγγελίαν
1167	τὴν
1168	ἐμὴν
1169	καὶ
1170	τὸ
1171	συμβὰν
1172	ἀπὸ
1173	τῆς
1174	τύχης
1175	,
1176	καὶ
1177	θόρυβον
1178	καὶ
1179	κρότον
1180	τοιοῦτον
1181	ὡς
1182	ἂν
1183	ἐπαινοῦντές
1184	τε
1185	καὶ
1186	συνησθέντες
1187	ἐποιήσατε
1188	,
1189	Μειδίας
1190	δ’
1191	οὑτοσὶ
1192	μόνος
1193	τῶν
1194	πάντων
1195	,
1196	ὡς
1197	ἔοικεν
1198	,
1199	ἠχθέσθη
1200	,
1201	καὶ
1202	παρηκολούθησε
1203	παρ’
1204	ὅλην
1205	τὴν
1206	λῃτουργίαν
1207	ἐπηρεάζων
1208	μοι
1209	συνεχῶς
1210	καὶ
1211	μικρὰ
1212	καὶ
1213	μείζω
1214	.
1215	ὅσα
1216	μὲν
1217	οὖν
1218	τοὺς
1219	χορευτὰς
1220	ἐναντιούμενος
1221	ἡμῖν
1222	ἀφεθῆναι
1223	τῆς
1224	στρατείας
1225	ἠνώχλησεν
1226	,
1227	ἢ
1228	προβαλλόμενος
1229	καὶ
1230	κελεύων
1231	ἑαυτὸν
1232	εἰς
1233	Διονύσια
1234	χειροτονεῖν
1235	ἐπιμελητήν
1236	,
1237	ἢ
1238	τ
1239	ἄλλα
1240	πάνθ’
1241	ὅσα
1242	τοιαῦτα
1243	,
1244	ἐάσω
1245	·
1246	οὐ
1247	γὰρ
1248	ἀγνοῶ
1249	τοῦθ’
1250	ὅτι
1251	τῷ
1252	μὲν
1253	ἐπηρεαζομένῳ
1254	τότ’
1255	ἐμοὶ
1256	καὶ
1257	ὑβριζομένῳ
1258	τὴν
1259	αὐτὴν
1260	ὀργὴν
1261	ἕκαστον
1262	τούτων
1263	ἥνπερ
1264	ἄλλ’
1265	ὁτιοῦν
1266	τῶν
1267	δεινοτάτων
1268	παρίστη
1269	,
1270	ὑμῖν
1271	δὲ
1272	τοῖς
1273	ἄλλοις
1274	,
1275	ἔξω
1276	τοῦ
1277	πράγματος
1278	οὖσιν
1279	,
1280	οὐκ
1281	ἂν
1282	ἴσως
1283	ἄξια
1284	ταῦτα
1285	καθ’
1286	αὕτ’
1287	ἀγῶνος
1288	φανείη
1289	·
1290	ἀλλ’
1291	ἃ
1292	πάντες
1293	ὁμοίως
1294	ἀγανακτήσετε
1295	,
1296	ταῦτ’
1297	ἐρῶ
1298	.
1299	ἔστι
1300	δ’
1301	ὑπερβολὴ
1302	τῶν
1303	μετὰ
1304	ταῦτα
1305	,
1306	ἃ
1307	μέλλω
1308	λέγειν
1309	,
1310	καὶ
1311	οὐδ’
1312	ἂν
1313	ἐπεχείρησ’
1314	ἔγωγε
1315	κατηγορεῖν
1316	αὐτοῦ
1317	νῦν
1318	,
1319	εἰ
1320	μὴ
1321	καὶ
1322	τότ’
1323	ἐν
1324	τῷ
1325	δήμῳ
1326	παραχρῆμ’
1327	ἐξήλεγξα
1328	.
1329	τὴν
1330	γὰρ
1331	ἐσθῆτα
1332	τὴν
1333	ἱεράν
1334	(
1335	ἱερὰν
1336	γὰρ
1337	ἔγωγε
1338	νομίζω
1339	πᾶσαν
1340	ὅσην
1341	ἄν
1342	τις
1343	εἵνεκα
1344	τῆς
1345	ἑορτῆς
1346	παρασκευάσηται
1347	,
1348	τέως
1349	ἂν
1350	χρησθῇ
1351	)
1352	καὶ
1353	τοὺς
1354	στεφάνους
1355	τοὺς
1356	χρυσοῦς
1357	,
1358	οὓς
1359	ἐποιησάμην
1360	ἐγὼ
1361	κόσμον
1362	τῷ
1363	χορῷ
1364	,
1365	ἐπεβούλευσεν
1366	,
1367	ὦ
1368	ἄνδρες
1369	Ἀθηναῖοι
1370	,
1371	διαφθεῖραί
1372	μοι
1373	νύκτωρ
1374	ἐλθὼν
1375	ἐπὶ
1376	τὴν
1377	οἰκίαν
1378	τὴν
1379	τοῦ
1380	χρυσοχόου
1381	.
1382	καὶ
1383	διέφθειρεν
1384	,
1385	οὐ
1386	μέντοι
1387	πᾶσάν
1388	γε
1389	·
1390	οὐ
1391	γὰρ
1392	ἐδυνήθη
1393	.
1394	καίτοι
1395	τοῦτό
1396	γ’
1397	οὐδεὶς
1398	πώποτ’
1399	οὐδένα
1400	φησὶν
1401	ἀκηκοέναι
1402	τολμήσαντ’
1403	οὐ
1404	δὲ
1405	ποιήσαντ’
1406	ἐν
1407	τῇ
1408	πόλει
1409	.
1410	οὐκ
1411	ἀπέχρησε
1412	δ’
1413	αὐτῷ
1414	τοῦτο
1415	,
1416	ἀλλὰ
1417	καὶ
1418	τὸν
1419	διδάσκαλον
1420	,
1421	ὦ
1422	ἄνδρες
1423	Ἀθηναῖοι
1424	,
1425	διέφθειρέ
1426	μου
1427	τοῦ
1428	χοροῦ
1429	·
1430	καὶ
1431	εἰ
1432	μὴ
1433	Τηλεφάνης
1434	ὁ
1435	αὐλητὴς
1436	ἀνδρῶν
1437	βέλτιστος
1438	περὶ
1439	ἐμὲ
1440	τότ’
1441	ἐγένετο
1442	,
1443	καὶ
1444	τὸ
1445	πρᾶγμ’
1446	αἰσθόμενος
1447	τὸν
1448	ἄνθρωπον
1449	ἀπελάσας
1450	αὐτὸς
1451	συγκροτεῖν
1452	καὶ
1453	διδάσκειν
1454	ᾤετο
1455	δεῖν
1456	τὸν
1457	χορόν
1458	,
1459	οὐδ’
1460	ἂν
1461	ἠγωνισάμεθ’
1462	,
1463	ὦ
1464	ἄνδρες
1465	Ἀθηναῖοι
1466	,
1467	ἀλλ’
1468	ἀδίδακτος
1469	ἂν
1470	εἰσῆλθεν
1471	ὁ
1472	χορὸς
1473	καὶ
1474	πράγματ’
1475	αἴσχιστ’
1476	ἂν
1477	ἐπάθομεν
1478	.
1479	καὶ
1480	οὐδ’
1481	ἐνταῦθ’
1482	ἔστη
1483	τῆς
1484	ὕβρεως
1485	,
1486	ἀλλὰ
1487	τοσοῦτον
1488	αὐτῷ
1489	περιῆν
1490	ὥστε
1491	τὸν
1492	ἐστεφανωμένον
1493	ἄρχοντα
1494	διέφθειρεν
1495	,
1496	τοὺς
1497	χορηγοὺς
1498	συνῆγεν
1499	ἐπ’
1500	ἐμέ
1501	,
1502	βοῶν
1503	,
1504	ἀπειλῶν
1505	,
1506	ὀμνύουσι
1507	παρεστηκὼς
1508	τοῖς
1509	κριταῖς
1510	,
1511	τὰ
1512	παρασκήνια
1513	φράττων
1514	,
1515	προσηλῶν
1516	,
1517	ἰδιώτης
1518	ὢν
1519	τὰ
1520	δημόσια
1521	,
1522	κακὰ
1523	καὶ
1524	πράγματ’
1525	ἀμύθητά
1526	μοι
1527	παρέχων
1528	διετέλεσεν
1529	.
1530	καὶ
1531	τούτων
1532	,
1533	ὅσα
1534	γ’
1535	ἐν
1536	τῷ
1537	δήμῳ
1538	γέγον’
1539	ἢ
1540	πρὸς
1541	τοῖς
1542	κριταῖς
1543	ἐν
1544	τῷ
1545	θεάτρῳ
1546	,
1547	ὑμεῖς
1548	ἐστέ
1549	μοι
1550	μάρτυρες
1551	πάντες
1552	,
1553	ἄνδρες
1554	δικασταί
1555	.
1556	καίτοι
1557	τῶν
1558	λόγων
1559	τούτους
1560	χρὴ
1561	δικαιοτάτους
1562	ἡγεῖσθαι
1563	,
1564	οὓς
1565	ἂν
1566	οἱ
1567	καθήμενοι
1568	τῷ
1569	λέγοντι
1570	μαρτυρῶσιν
1571	ἀληθεῖς
1572	εἶναι
1573	.
1574	προδιαφθείρας
1575	τοίνυν
1576	τοὺς
1577	κριτὰς
1578	τῷ
1579	ἀγῶνι
1580	τῶν
1581	ἀνδρῶν
1582	,
1583	δύο
1584	ταῦθ’
1585	ὡσπερεὶ
1586	κεφάλαι’
1587	ἐφ’
1588	ἅπασι
1589	τοῖς
1590	ἑαυτῷ
1591	νενεανιευμένοις
1592	ἐπέθηκεν
1593	,
1594	ἐμοῦ
1595	μὲν
1596	ὕβρισεν
1597	τὸ
1598	σῶμα
1599	,
1600	τῇ
1601	φυλῇ
1602	δὲ
1603	κρατούσῃ
1604	τὸν
1605	ἀγῶν’
1606	αἰτιώτατος
1607	τοῦ
1608	μὴ
1609	νικῆσαι
1610	κατέστη
1611	.
1612	τὰ
1613	μὲν
1614	οὖν
1615	εἰς
1616	ἐμὲ
1617	καὶ
1618	τοὺς
1619	φυλέτας
1620	ἠσελγημένα
1621	καὶ
1622	περὶ
1623	τὴν
1624	ἑορτὴν
1625	ἀδικήματα
1626	τούτῳ
1627	πεπραγμένα
1628	,
1629	ἐφ’
1630	οἷς
1631	αὐτὸν
1632	προὐβαλόμην
1633	,
1634	ταῦτ’
1635	ἔστιν
1636	,
1637	ὦ
1638	ἄνδρες
1639	Ἀθηναῖοι
1640	,
1641	καὶ
1642	πόλλ’
1643	ἕτερα
1644	,
1645	ὧν
1646	ὅσ’
1647	ἂν
1648	οἷός
1649	τ’
1650	ὦ
1651	διέξειμι
1652	πρὸς
1653	ὑμᾶς
1654	αὐτίκα
1655	δὴ
1656	μάλα
1657	.
1658	ἔχω
1659	δὲ
1660	λέγειν
1661	καὶ
1662	πονηρίας
1663	ἑτέρας
1664	παμπληθεῖς
1665	αὐτοῦ
1666	καὶ
1667	ὕβρεις
1668	εἰς
1669	πολλοὺς
1670	ὑμῶν
1671	καὶ
1672	τολμήματα
1673	τοῦ
1674	μιαροῦ
1675	τούτου
1676	πολλὰ
1677	καὶ
1678	δεινά
1679	,
1680	ἐφ’
1681	οἷς
1682	τῶν
1683	πεπονθότων
1684	οἱ
1685	μέν
1686	,
1687	ὦ
1688	ἄνδρες
1689	δικασταί
1690	,
1691	καταδείσαντες
1692	τοῦτον
1693	καὶ
1694	τὸ
1695	τούτου
1696	θράσος
1697	καὶ
1698	τοὺς
1699	περὶ
1700	αὐτὸν
1701	ἑταίρους
1702	καὶ
1703	πλοῦτον
1704	καὶ
1705	τ
1706	ἄλλ’
1707	ὅσα
1708	δὴ
1709	πρόσεστι
1710	τούτῳ
1711	,
1712	ἡσυχίαν
1713	ἔσχον
1714	,
1715	οἱ
1716	δ’
1717	ἐπιχειρήσαντες
1718	δίκην
1719	λαμβάνειν
1720	οὐκ
1721	ἐδυνήθησαν
1722	,
1723	εἰσὶ
1724	δ’
1725	οἳ
1726	διελύσαντο
1727	,
1728	ἴσως
1729	λυσιτελεῖν
1730	ἡγούμενοι
1731	.
1732	τὴν
1733	μὲν
1734	οὖν
1735	ὑπὲρ
1736	αὑτῶν
1737	δίκην
1738	ἔχουσιν
1739	οἵ
1740	γε
1741	πεισθέντες
1742	·
1743	τῆς
1744	δ’
1745	ὑπὲρ
1746	τῶν
1747	νόμων
1748	,
1749	οὓς
1750	παραβὰς
1751	οὗτος
1752	κ
1753	ἀκείνους
1754	ἠδίκει
1755	καὶ
1756	νῦν
1757	ἐμὲ
1758	καὶ
1759	πάντας
1760	τοὺς
1761	ἄλλους
1762	,
1763	ὑμεῖς
1764	ἐστὲ
1765	κληρονόμοι
1766	.
1767	πάντων
1768	οὖν
1769	ἁθρόων
1770	ἓν
1771	τίμημα
1772	ποιήσασθε
1773	,
1774	ὅ
1775	τι
1776	ἂν
1777	δίκαιον
1778	ἡγῆσθε
1779	.
1780	ἐξελέγξω
1781	δὲ
1782	πρῶτον
1783	μὲν
1784	ὅσ’
1785	αὐτὸς
1786	ὑβρίσθην
1787	,
1788	ἔπειθ’
1789	ὅσ’
1790	ὑμεῖς
1791	·
1792	μετὰ
1793	ταῦτα
1794	δὲ
1795	καὶ
1796	τὸν
1797	ἄλλον
1798	,
1799	ὦ
1800	ἄνδρες
1801	Ἀθηναῖοι
1802	,
1803	βίον
1804	αὐτοῦ
1805	πάντ’
1806	ἐξετάσω
1807	,
1808	καὶ
1809	δείξω
1810	πολλῶν
1811	θανάτων
1812	,
1813	οὐχ
1814	ἑνὸς
1815	ὄντ’
1816	ἄξιον
1817	.
1818	λέγε
1819	μοι
1820	τὴν
1821	τοῦ
1822	χρυσοχόου
1823	πρώτην
1824	λαβὼν
1825	μαρτυρίαν
1826	.
1827	ΜΑΡΤΥΡΙΑ
1828	Παμμένης
1829	Παμμένους
1830	Ἑρχιεὺς
1831	ἔχω
1832	χρυσοχοεῖον
1833	ἐν
1834	τῇ
1835	ἀγορᾷ
1836	,
1837	ἐν
1838	ᾧ
1839	καταγίγνομαι
1840	καὶ
1841	ἐργάζομαι
1842	τὴν
1843	χρυσοχοϊκὴν
1844	τέχνην
1845	.
1846	ἐκδόντος
1847	δέ
1848	μοι
1849	Δημοσθένους
1850	,
1851	ᾧ
1852	μαρτυρῶ
1853	,
1854	στέφανον
1855	χρυσοῦν
1856	ὥστε
1857	κατασκευάσαι
1858	καὶ
1859	ἱμάτιον
1860	διάχρυσον
1861	ποιῆσαι
1862	,
1863	ὅπως
1864	πομπεύσαι
1865	ἐν
1866	αὐτοῖς
1867	τὴν
1868	τοῦ
1869	Διονύσου
1870	πομπήν
1871	,
1872	καὶ
1873	ἐμοῦ
1874	συντελέσαντος
1875	αὐτὰ
1876	καὶ
1877	ἔχοντος
1878	παρ’
1879	ἐμαυτῷ
1880	ἕτοιμα
1881	,
1882	εἰσπηδήσας
1883	πρός
1884	με
1885	νύκτωρ
1886	Μειδίας
1887	ὁ
1888	κρινόμενος
1889	ὑπὸ
1890	Δημοσθένους
1891	,
1892	ἔχων
1893	μεθ’
1894	ἑαυτοῦ
1895	καὶ
1896	ἄλλους
1897	,
1898	ἐπεχείρησε
1899	διαφθείρειν
1900	τὸν
1901	στέφανον
1902	καὶ
1903	τὸ
1904	ἱμάτιον
1905	,
1906	καὶ
1907	τινὰ
1908	μὲν
1909	αὐτῶν
1910	ἐλυμήνατο
1911	,
1912	οὐ
1913	μέντοι
1914	πάντα
1915	γε
1916	ἠδυνήθη
1917	διὰ
1918	τὸ
1919	ἐπιφανέντα
1920	με
1921	κωλῦσαι
1922	.
1923	πολλὰ
1924	μὲν
1925	τοίνυν
1926	,
1927	ὦ
1928	ἄνδρες
1929	Ἀθηναῖοι
1930	,
1931	καὶ
1932	περὶ
1933	ὧν
1934	τοὺς
1935	ἄλλους
1936	ἠδίκηκεν
1937	ἔχω
1938	λέγειν
1939	,
1940	ὥσπερ
1941	εἶπον
1942	ἐν
1943	ἀρχῇ
1944	τοῦ
1945	λόγου
1946	,
1947	καὶ
1948	συνείλοχ’
1949	ὕβρεις
1950	αὐτοῦ
1951	καὶ
1952	ἀτιμίας
1953	τοσαύτας
1954	ὅσας
1955	ἀκούσεσθ’
1956	αὐτίκα
1957	δὴ
1958	μάλα
1959	.
1960	ἦν
1961	δ’
1962	ἡ
1963	συλλογὴ
1964	ῥᾳδία
1965	·
1966	αὐτοὶ
1967	γὰρ
1968	οἱ
1969	πεπονθότες
1970	προσῇσάν
1971	μοι
1972	.
1973	βούλομαι
1974	δὲ
1975	πρὸ
1976	τούτων
1977	εἰπεῖν
1978	οἷς
1979	ἐπιχειρήσειν
1980	αὐτὸν
1981	ἀκήκο’
1982	ἐξαπατᾶν
1983	ὑμᾶς
1984	·
1985	τοὺς
1986	γὰρ
1987	ὑπὲρ
1988	τούτων
1989	λόγους
1990	ἐμοὶ
1991	μὲν
1992	ἀναγκαιοτάτους
1993	προειπεῖν
1994	ἡγοῦμαι
1995	,
1996	ὑμῖν
1997	δὲ
1998	χρησιμωτάτους
1999	ἀκοῦσαι
2000	.
2001	διὰ
2002	τί
2003	;
2004	ὅτι
2005	τοῦ
2006	δικαίαν
2007	καὶ
2008	εὔορκον
2009	θέσθαι
2010	τὴν
2011	ψῆφον
2012	ὁ
2013	κωλύσας
2014	ἐξαπατηθῆναι
2015	λόγος
2016	ὑμᾶς
2017	οὗτος
2018	αἴτιος
2019	ἔσται
2020	.
2021	πολὺ
2022	δὴ
2023	μάλιστα
2024	πάντων
2025	τούτῳ
2026	τῷ
2027	λόγῳ
2028	προσέχειν
2029	ὑμᾶς
2030	δεῖ
2031	,
2032	καὶ
2033	μνημονεῦσαι
2034	τοῦτον
2035	,
2036	καὶ
2037	πρὸς
2038	ἕκαστον
2039	ἀπαντᾶν
2040	,
2041	ὅταν
2042	οὗτος
2043	λέγῃ
2044	.
2045	ἔστι
2046	δὲ
2047	πρῶτον
2048	μὲν
2049	ἐκεῖν’
2050	οὐκ
2051	ἄδηλος
2052	ἐρῶν
2053	,
2054	ἐξ
2055	ὧν
2056	ἰδίᾳ
2057	πρός
2058	τινας
2059	αὐτὸς
2060	διεξιὼν
2061	ἀπηγγέλλετό
2062	μοι
2063	,
2064	ὡς
2065	εἴπερ
2066	ἀληθῶς
2067	ἐπεπόνθειν
2068	ταῦθ’
2069	ἃ
2070	λέγω
2071	,
2072	δίκας
2073	ἰδίας
2074	μοι
2075	προσῆκεν
2076	αὐτῷ
2077	λαχεῖν
2078	,
2079	τῶν
2080	μὲν
2081	ἱματίων
2082	καὶ
2083	τῶν
2084	χρυσῶν
2085	στεφάνων
2086	τῆς
2087	διαφθορᾶς
2088	καὶ
2089	τῆς
2090	περὶ
2091	τὸν
2092	χορὸν
2093	πάσης
2094	ἐπηρείας
2095	,
2096	βλάβης
2097	,
2098	ὧς
2099	δ’
2100	εἰς
2101	τὸ
2102	σῶμ’
2103	ὑβρίσθαι
2104	φημί
2105	,
2106	ὕβρεως
2107	,
2108	οὐ
2109	μὰ
2110	Δί’
2111	οὐχὶ
2112	δημοσίᾳ
2113	κρίνειν
2114	αὐτὸν
2115	καὶ
2116	τίμημ’
2117	ἐπάγειν
2118	ὅ
2119	τι
2120	χρὴ
2121	παθεῖν
2122	ἢ
2123	ἀποτεῖσαι
2124	.
2125	ἐγὼ
2126	δ’
2127	ἓν
2128	μὲν
2129	ἐκεῖν’
2130	εὖ
2131	οἶδα
2132	,
2133	καὶ
2134	ὑμᾶς
2135	δ’
2136	εἰδέναι
2137	χρή
2138	,
2139	ὅτι
2140	εἰ
2141	μὴ
2142	προὐβαλόμην
2143	αὐτόν
2144	,
2145	ἀλλ’
2146	ἐδικαζόμην
2147	,
2148	οὑναντίος
2149	ἧκεν
2150	ἂν
2151	εὐθύς
2152	μοι
2153	λόγος
2154	,
2155	ὡς
2156	εἴπερ
2157	ἦν
2158	τι
2159	τούτων
2160	ἀληθές
2161	,
2162	προβάλλεσθαί
2163	μ’
2164	ἔδει
2165	καὶ
2166	παρ’
2167	αὐτὰ
2168	τ
2169	ἀδικήματα
2170	τὴν
2171	τιμωρίαν
2172	ποιεῖσθαι
2173	·
2174	ὅ
2175	τε
2176	γὰρ
2177	χορὸς
2178	ἦν
2179	τῆς
2180	πόλεως
2181	,
2182	ἥ
2183	τ’
2184	ἐσθὴς
2185	τῆς
2186	ἑορτῆς
2187	εἵνεκα
2188	πᾶσα
2189	παρεσκευάζετο
2190	,
2191	ἐγώ
2192	θ’
2193	ὁ
2194	πεπονθὼς
2195	ταῦτα
2196	χορηγὸς
2197	ἦν
2198	·
2199	τίς
2200	ἂν
2201	οὖν
2202	ἑτέραν
2203	εἵλετο
2204	τιμωρίαν
2205	ἢ
2206	τὴν
2207	ἐκ
2208	τοῦ
2209	νόμου
2210	κατὰ
2211	τῶν
2212	περὶ
2213	τὴν
2214	ἑορτὴν
2215	ἀδικούντων
2216	οὖσαν
2217	;
2218	ταῦτ’
2219	εὖ
2220	οἶδ’
2221	ὅτι
2222	πάντ’
2223	ἂν
2224	ἔλεγεν
2225	οὗτος
2226	τότε
2227	.
2228	φεύγοντος
2229	μὲν
2230	γάρ
2231	,
2232	οἶμαι
2233	,
2234	καὶ
2235	ἠδικηκότος
2236	ἐστὶ
2237	τὸ
2238	τὸν
2239	παρόντα
2240	τρόπον
2241	τοῦ
2242	δοῦναι
2243	δίκην
2244	διακρουόμενον
2245	τὸν
2246	οὐκ
2247	ὄνθ’
2248	ὡς
2249	ἔδει
2250	γενέσθαι
2251	λέγειν
2252	,
2253	δικαστῶν
2254	δέ
2255	γε
2256	σωφρόνων
2257	τούτοις
2258	τε
2259	μὴ
2260	προσέχειν
2261	καὶ
2262	ὃν
2263	ἂν
2264	λάβωσιν
2265	ἀσελγαίνοντα
2266	κολάζειν
2267	.
2268	μὴ
2269	δὴ
2270	τοῦτο
2271	λέγειν
2272	αὐτὸν
2273	ἐᾶτε
2274	,
2275	ὅτι
2276	καὶ
2277	δίκας
2278	ἰδίας
2279	δίδωσ’
2280	ὁ
2281	νόμος
2282	μοι
2283	καὶ
2284	γραφὴν
2285	ὕβρεως
2286	·
2287	δίδωσι
2288	γάρ
2289	·
2290	ἀλλ’
2291	ὡς
2292	οὐ
2293	πεποίηκεν
2294	ἃ
2295	κατηγόρηκα
2296	,
2297	ἢ
2298	πεποιηκὼς
2299	οὐ
2300	περὶ
2301	τὴν
2302	ἑορτὴν
2303	ἀδικεῖ
2304	,
2305	τοῦτο
2306	δεικνύτω
2307	·
2308	τοῦτο
2309	γὰρ
2310	αὐτὸν
2311	ἐγὼ
2312	προὐβαλόμην
2313	,
2314	καὶ
2315	περὶ
2316	τούτου
2317	τὴν
2318	ψῆφον
2319	οἴσετε
2320	νῦν
2321	ὑμεῖς
2322	.
2323	εἰ
2324	δ’
2325	ἐγὼ
2326	τὴν
2327	ἐπὶ
2328	τῶν
2329	ἰδίων
2330	δικῶν
2331	πλεονεξίαν
2332	ἀφεὶς
2333	τῇ
2334	πόλει
2335	παραχωρῶ
2336	τῆς
2337	τιμωρίας
2338	,
2339	καὶ
2340	τοῦτον
2341	εἱλόμην
2342	τὸν
2343	ἀγῶν’
2344	ἀφ’
2345	οὗ
2346	μηδὲν
2347	ἔστι
2348	λῆμμα
2349	λαβεῖν
2350	ἐμοί
2351	,
2352	χάριν
2353	,
2354	οὐ
2355	βλάβην
2356	δήπου
2357	τοῦτ’
2358	ἂν
2359	εἰκότως
2360	ἐνέγκοι
2361	μοι
2362	παρ’
2363	ὑμῶν
2364	.
2365	οἶδα
2366	τοίνυν
2367	ὅτι
2368	καὶ
2369	τούτῳ
2370	πολλῷ
2371	χρήσεται
2372	τῷ
2373	λόγῳ
2374	μή
2375	με
2376	Δημοσθένει
2377	παραδῶτε
2378	,
2379	μη
2380	δὲ
2381	διὰ
2382	Δημοσθένην
2383	μ’
2384	ἀνέλητε
2385	.
2386	ὅτι
2387	τούτῳ
2388	πολεμῶ
2389	,
2390	διὰ
2391	τοῦτό
2392	μ’
2393	ἀναιρήσετε
2394	;
2395	τὰ
2396	τοιαῦτα
2397	πολλάκις
2398	οἶδ’
2399	ὅτι
2400	φθέγξεται
2401	,
2402	βουλόμενος
2403	φθόνον
2404	τιν’
2405	ἐμοὶ
2406	διὰ
2407	τούτων
2408	τῶν
2409	λόγων
2410	συνάγειν
2411	.
2412	ἔχει
2413	δ’
2414	οὐχ
2415	οὕτω
2416	ταῦτα
2417	,
2418	οὐδ’
2419	ἐγγύς
2420	.
2421	οὐδένα
2422	γὰρ
2423	τῶν
2424	ἀδικούντων
2425	ὑμεῖς
2426	οὐδενὶ
2427	τῶν
2428	κατηγόρων
2429	ἐκδίδοτε
2430	·
2431	οὐ
2432	δὲ
2433	γὰρ
2434	ἐπειδὰν
2435	ἀδικηθῇ
2436	τις
2437	,
2438	ὡς
2439	ἂν
2440	ἕκαστος
2441	ὑμᾶς
2442	ὁ
2443	παθὼν
2444	πείσῃ
2445	,
2446	ποιεῖσθε
2447	τὴν
2448	τιμωρίαν
2449	,
2450	ἀλλὰ
2451	τ
2452	οὐναντίον
2453	νόμους
2454	ἔθεσθε
2455	πρὸ
2456	τῶν
2457	ἀδικημάτων
2458	,
2459	ἐπ’
2460	ἀδήλοις
2461	μὲν
2462	τοῖς
2463	ἀδικήσουσιν
2464	,
2465	ἀδήλοις
2466	δὲ
2467	τοῖς
2468	ἀδικησομένοις
2469	.
2470	οὗτοι
2471	δὲ
2472	τί
2473	ποιοῦσιν
2474	οἱ
2475	νόμοι
2476	;
2477	πᾶσιν
2478	ὑπισχνοῦνται
2479	τοῖς
2480	ἐν
2481	τῇ
2482	πόλει
2483	,
2484	δίκην
2485	,
2486	ἂν
2487	ἀδικηθῇ
2488	τις
2489	,
2490	ἔσεσθαι
2491	δι’
2492	αὐτῶν
2493	λαβεῖν
2494	.
2495	ὅταν
2496	τοίνυν
2497	τῶν
2498	παραβαινόντων
2499	τινὰ
2500	τοὺς
2501	νόμους
2502	κολάζητε
2503	,
2504	οὐ
2505	τοῖς
2506	κατηγόροις
2507	τοῦτον
2508	ἐκδίδοτε
2509	,
2510	ἀλλὰ
2511	τοὺς
2512	νόμους
2513	ὑμῖν
2514	αὐτοῖς
2515	βεβαιοῦτε
2516	.
2517	ἀλλὰ
2518	μὴν
2519	πρός
2520	γε
2521	τὸ
2522	τοιοῦτον
2523	,
2524	ὅτι
2525	Δημοσθένης
2526	φησὶν
2527	ὕβρισται
2528	,
2529	δίκαιος
2530	καὶ
2531	κοινὸς
2532	καὶ
2533	ὑπὲρ
2534	ἁπάντων
2535	ἔσθ’
2536	ὁ
2537	λόγος
2538	.
2539	οὐ
2540	γὰρ
2541	εἰς
2542	Δημοσθένην
2543	ὄντα
2544	μ’
2545	ἠσέλγαινε
2546	μόνον
2547	ταύτην
2548	τὴν
2549	ἡμέραν
2550	,
2551	ἀλλὰ
2552	καὶ
2553	εἰς
2554	χορηγὸν
2555	ὑμέτερον
2556	·
2557	τοῦτο
2558	δ’
2559	ὅσον
2560	δύναται
2561	γνοίητ’
2562	ἂν
2563	ἐκ
2564	τωνδί
2565	.
2566	ἴστε
2567	δήπου
2568	τοῦθ’
2569	ὅτι
2570	τῶν
2571	θεσμοθετῶν
2572	τούτων
2573	οὐδενὶ
2574	θεσμοθέτης
2575	ἔστ’
2576	ὄνομα
2577	,
2578	ἀλλ’
2579	ὁτιδήποθ’
2580	ἑκάστῳ
2581	.
2582	ἂν
2583	μὲν
2584	τοίνυν
2585	ἰδιώτην
2586	ὄντα
2587	τιν’
2588	αὐτῶν
2589	ὑβρίσῃ
2590	τις
2591	ἢ
2592	κακῶς
2593	εἴπῃ
2594	,
2595	γραφὴν
2596	ὕβρεως
2597	καὶ
2598	δίκην
2599	κακηγορίας
2600	ἰδίαν
2601	φεύξεται
2602	,
2603	ἐὰν
2604	δὲ
2605	θεσμοθέτην
2606	,
2607	ἄτιμος
2608	ἔσται
2609	καθάπαξ
2610	.
2611	διὰ
2612	τί
2613	;
2614	ὅτι
2615	τοὺς
2616	νόμους
2617	ἤδη
2618	ὁ
2619	τοῦτο
2620	ποιῶν
2621	προσυβρίζει
2622	καὶ
2623	τὸν
2624	ὑμέτερον
2625	κοινὸν
2626	στέφανον
2627	καὶ
2628	τὸ
2629	τῆς
2630	πόλεως
2631	ὄνομα
2632	·
2633	ὁ
2634	γὰρ
2635	θεσμοθέτης
2636	οὐδενὸς
2637	ἀνθρώπων
2638	ἔστ’
2639	ὄνομα
2640	,
2641	ἀλλὰ
2642	τῆς
2643	πόλεως
2644	.
2645	καὶ
2646	πάλιν
2647	γε
2648	τὸν
2649	ἄρχοντα
2650	,
2651	τ
2652	αὐτὸ
2653	τοῦτο
2654	,
2655	ἐὰν
2656	μὲν
2657	ἐστεφανωμένον
2658	πατάξῃ
2659	τις
2660	ἢ
2661	κακῶς
2662	εἴπῃ
2663	,
2664	ἄτιμος
2665	,
2666	ἐὰν
2667	δ’
2668	ἰδιώτην
2669	,
2670	ἰδίᾳ
2671	ὑπόδικος
2672	.
2673	καὶ
2674	οὐ
2675	μόνον
2676	περὶ
2677	τούτων
2678	οὕτω
2679	ταῦτ’
2680	ἔχει
2681	,
2682	ἀλλὰ
2683	καὶ
2684	περὶ
2685	πάντων
2686	οἷς
2687	ἂν
2688	ἡ
2689	πόλις
2690	τιν’
2691	ἄδειαν
2692	ἢ
2693	στεφανηφορίαν
2694	ἤ
2695	τινα
2696	τιμὴν
2697	δῷ
2698	.
2699	οὕτω
2700	τοίνυν
2701	καὶ
2702	ἐμέ
2703	,
2704	εἰ
2705	μὲν
2706	ἐν
2707	ἄλλαις
2708	τισὶν
2709	ἡμέραις
2710	ἠδίκησέ
2711	τι
2712	τούτων
2713	Μειδίας
2714	ἰδιώτην
2715	ὄντα
2716	,
2717	ἰδίᾳ
2718	καὶ
2719	δίκην
2720	προσῆκεν
2721	αὐτῷ
2722	διδόναι
2723	·
2724	εἰ
2725	δὲ
2726	χορηγὸν
2727	ὄνθ’
2728	ὑμέτερον
2729	ἱερομηνίας
2730	οὔσης
2731	πάνθ’
2732	ὅσ’
2733	ἠδίκηκεν
2734	ὑβρίσας
2735	φαίνεται
2736	,
2737	δημοσίας
2738	ὀργῆς
2739	καὶ
2740	τιμωρίας
2741	δίκαιός
2742	ἐστι
2743	τυγχάνειν
2744	·
2745	ἅμα
2746	γὰρ
2747	τῷ
2748	Δημοσθένει
2749	καὶ
2750	ὁ
2751	χορηγὸς
2752	ὑβρίζετο
2753	,
2754	τοῦτο
2755	δ’
2756	ἐστὶ
2757	τῆς
2758	πόλεως
2759	,
2760	καὶ
2761	τὸ
2762	ταύταις
2763	ταῖς
2764	ἡμέραις
2765	,
2766	αἷς
2767	οὐκ
2768	ἐῶσιν
2769	οἱ
2770	νόμοι
2771	.
2772	χρὴ
2773	δ’
2774	,
2775	ὅταν
2776	μὲν
2777	τιθῆσθε
2778	τοὺς
2779	νόμους
2780	,
2781	ὁποῖοί
2782	τινές
2783	εἰσι
2784	σκοπεῖν
2785	,
2786	ἐπειδὰν
2787	δὲ
2788	θῆσθε
2789	,
2790	φυλάττειν
2791	καὶ
2792	χρῆσθαι
2793	·
2794	καὶ
2795	γὰρ
2796	εὔορκα
2797	ταῦθ’
2798	ὑμῖν
2799	ἐστι
2800	καὶ
2801	ἄλλως
2802	δίκαια
2803	.
2804	ἦν
2805	ὁ
2806	τῆς
2807	βλάβης
2808	ὑμῖν
2809	νόμος
2810	πάλαι
2811	,
2812	ἦν
2813	ὁ
2814	τῆς
2815	αἰκείας
2816	,
2817	ἦν
2818	ὁ
2819	τῆς
2820	ὕβρεως
2821	.
2822	εἰ
2823	τοίνυν
2824	ἀπέχρη
2825	τοὺς
2826	τοῖς
2827	Διονυσίοις
2828	τι
2829	ποιοῦντας
2830	τούτων
2831	κατὰ
2832	τούτους
2833	τοὺς
2834	νόμους
2835	δίκην
2836	διδόναι
2837	,
2838	οὐδὲν
2839	ἂν
2840	προσέδει
2841	τοῦδε
2842	τοῦ
2843	νόμου
2844	.
2845	ἀλλ’
2846	οὐκ
2847	ἀπέχρη
2848	.
2849	σημεῖον
2850	δέ
2851	·
2852	ἔθεσθ’
2853	ἱερὸν
2854	νόμον
2855	αὐτῷ
2856	τῷ
2857	θεῷ
2858	περὶ
2859	τῆς
2860	ἱερομηνίας
2861	.
2862	εἴ
2863	τις
2864	οὖν
2865	κ
2866	ἀκείνοις
2867	τοῖς
2868	προϋπάρχουσι
2869	νόμοις
2870	καὶ
2871	τούτῳ
2872	τῷ
2873	μετ’
2874	ἐκείνους
2875	τεθέντι
2876	καὶ
2877	πᾶσι
2878	τοῖς
2879	λοιποῖς
2880	ἔστ’
2881	ἔνοχος
2882	,
2883	ὁ
2884	τοιοῦτος
2885	πότερα
2886	μὴ
2887	δῷ
2888	διὰ
2889	τοῦτο
2890	δίκην
2891	ἢ
2892	κ
2893	ἂν
2894	μείζω
2895	δοίη
2896	δικαίως
2897	;
2898	ἐγὼ
2899	μὲν
2900	οἴομαι
2901	μέζω
2902	.
2903	ἀπήγγελλε
2904	τοίνυν
2905	τίς
2906	μοι
2907	περιιόντ’
2908	αὐτὸν
2909	συλλέγειν
2910	καὶ
2911	πυνθάνεσθαι
2912	τίσι
2913	πώποτε
2914	συμβέβηκεν
2915	ὑβρισθῆναι
2916	,
2917	καὶ
2918	λέγειν
2919	τούτους
2920	καὶ
2921	διηγεῖσθαι
2922	πρὸς
2923	ὑμᾶς
2924	μέλλειν
2925	,
2926	οἷον
2927	,
2928	ὦ
2929	ἄνδρες
2930	Ἀθηναῖοι
2931	,
2932	τὸν
2933	πρόεδρον
2934	ὅν
2935	ποτέ
2936	φασιν
2937	ἐν
2938	ὑμῖν
2939	ὑπὸ
2940	Πολυζήλου
2941	πληγῆναι
2942	,
2943	καὶ
2944	τὸν
2945	θεσμοθέτην
2946	ὃς
2947	ἔναγχος
2948	ἐπλήγη
2949	τὴν
2950	αὐλητρίδ’
2951	ἀφαιρούμενος
2952	,
2953	καὶ
2954	τοιούτους
2955	τινάς
2956	,
2957	ὡς
2958	,
2959	ἐὰν
2960	πολλοὺς
2961	ἑτέρους
2962	δεινὰ
2963	καὶ
2964	πολλὰ
2965	πεπονθότας
2966	ἐπιδείξῃ
2967	,
2968	ἧττον
2969	ὑμᾶς
2970	ἐφ’
2971	οἷς
2972	ἐγὼ
2973	πέπονθ’
2974	ὀργιουμένους
2975	.
2976	ἐμοὶ
2977	δ’
2978	αὖ
2979	τ
2980	οὐναντίον
2981	,
2982	ὦ
2983	ἄνδρες
2984	Ἀθηναῖοι
2985	,
2986	δοκεῖτε
2987	ποιεῖν
2988	ἂν
2989	εἰκότως
2990	,
2991	εἴπερ
2992	ὑπὲρ
2993	τοῦ
2994	κοινῇ
2995	βελτίστου
2996	δεῖ
2997	μέλειν
2998	ὑμῖν
2999	.
3000	τίς
3001	γὰρ
3002	οὐκ
3003	οἶδεν
3004	ὑμῶν
3005	τοῦ
3006	μὲν
3007	πολλὰ
3008	τοιαῦτα
3009	γίγνεσθαι
3010	τὸ
3011	μὴ
3012	κολάζεσθαι
3013	τοὺς
3014	ἐξαμαρτάνοντας
3015	αἴτιον
3016	ὄν
3017	,
3018	τοῦ
3019	δὲ
3020	μηδέν’
3021	ὑβρίζειν
3022	τὸ
3023	λοιπὸν
3024	τὸ
3025	δίκην
3026	τὸν
3027	ἀεὶ
3028	ληφθένθ’
3029	ἣν
3030	προσήκει
3031	διδόναι
3032	μόνον
3033	αἴτιον
3034	ἂν
3035	γενόμενον
3036	;
3037	εἰ
3038	μὲν
3039	τοίνυν
3040	ἀποτρέψαι
3041	συμφέρει
3042	τοὺς
3043	ἄλλους
3044	,
3045	τοῦτον
3046	καὶ
3047	δι’
3048	ἐκεῖνα
3049	κολαστέον
3050	,
3051	καὶ
3052	μᾶλλόν
3053	γ’
3054	ὅσῳπερ
3055	ἂν
3056	ᾖ
3057	πλείω
3058	καὶ
3059	μείζω
3060	·
3061	εἰ
3062	δὲ
3063	παροξῦναι
3064	καὶ
3065	τοῦτον
3066	καὶ
3067	πάντας
3068	,
3069	ἐατέον
3070	.
3071	ἔτι
3072	τοίνυν
3073	οὐδ’
3074	ὁμοίαν
3075	οὖσαν
3076	τούτῳ
3077	κ
3078	ἀκείνοις
3079	συγγνώμην
3080	εὑρήσομεν
3081	.
3082	πρῶτον
3083	μὲν
3084	γὰρ
3085	ὁ
3086	τὸν
3087	θεσμοθέτην
3088	πατάξας
3089	τρεῖς
3090	εἶχεν
3091	προφάσεις
3092	,
3093	μέθην
3094	,
3095	ἔρωτα
3096	,
3097	ἄγνοιαν
3098	διὰ
3099	τὸ
3100	σκότους
3101	καὶ
3102	νυκτὸς
3103	τὸ
3104	πρᾶγμα
3105	γενέσθαι
3106	.
3107	ἔπειθ’
3108	ὁ
3109	Πολύζηλος
3110	ὀργῇ
3111	καὶ
3112	τρόπου
3113	προπετείᾳ
3114	φθάσας
3115	τὸν
3116	λογισμὸν
3117	ἁμαρτὼν
3118	ἔπαισεν
3119	·
3120	οὐ
3121	γὰρ
3122	ἐχθρός
3123	γ’
3124	ὑπῆρχεν
3125	ὤν
3126	,
3127	οὐδ’
3128	ἐφ’
3129	ὕβρει
3130	τοῦτ’
3131	ἐποίησεν
3132	.
3133	ἀλλ’
3134	οὐ
3135	Μειδίᾳ
3136	τούτων
3137	οὐδὲν
3138	ἔστ’
3139	εἰπεῖν
3140	·
3141	καὶ
3142	γὰρ
3143	ἐχθρὸς
3144	ἦν
3145	,
3146	καὶ
3147	μεθ’
3148	ἡμέραν
3149	εἰδὼς
3150	ὕβριζεν
3151	,
3152	καὶ
3153	οὐκ
3154	ἐπὶ
3155	τούτου
3156	μόνον
3157	,
3158	ἀλλ’
3159	ἐπὶ
3160	πάντων
3161	φαίνεται
3162	προῃρημένος
3163	μ’
3164	ὑβρίζειν
3165	.
3166	καὶ
3167	μὴν
3168	οὐ
3169	δὲ
3170	τῶν
3171	πεπραγμένων
3172	ἐμοὶ
3173	καὶ
3174	τούτοις
3175	οὐδὲν
3176	ὅμοιον
3177	ὁρῶ
3178	.
3179	πρῶτον
3180	μὲν
3181	γὰρ
3182	ὁ
3183	θεσμοθέτης
3184	οὐχ
3185	ὑπὲρ
3186	ὑμῶν
3187	οὐ
3188	δὲ
3189	τῶν
3190	νόμων
3191	φροντίσας
3192	οὐδ’
3193	ἀγανακτήσας
3194	φανήσεται
3195	,
3196	ἀλλ’
3197	ἰδίᾳ
3198	πεισθεὶς
3199	ὁπόσῳ
3200	δήποτ’
3201	ἀργυρίῳ
3202	καθυφεὶς
3203	τὸν
3204	ἀγῶνα
3205	·
3206	ἔπειθ’
3207	ὁ
3208	πληγεὶς
3209	ἐκεῖνος
3210	ὑπὸ
3211	τοῦ
3212	Πολυζήλου
3213	,
3214	τ
3215	αὐτὸ
3216	τοῦτο
3217	,
3218	ἰδίᾳ
3219	διαλυσάμενος
3220	,
3221	ἐρρῶσθαι
3222	πολλὰ
3223	τοῖς
3224	νόμοις
3225	εἰπὼν
3226	καὶ
3227	ὑμῖν
3228	,
3229	οὐδ’
3230	εἰσήγαγε
3231	τὸν
3232	Πολύζηλον
3233	.
3234	εἰ
3235	μὲν
3236	τοίνυν
3237	ἐκείνων
3238	κατηγορεῖν
3239	βούλεταί
3240	τις
3241	ἐν
3242	τῷ
3243	παρόντι
3244	,
3245	δεῖ
3246	λέγειν
3247	ταῦτα
3248	·
3249	εἰ
3250	δ’
3251	ὑπὲρ
3252	ὧν
3253	ἐγὼ
3254	τούτου
3255	κατηγόρηκ’
3256	ἀπολογεῖσθαι
3257	,
3258	πάντα
3259	μᾶλλον
3260	ἢ
3261	ταῦτα
3262	λεκτέα
3263	.
3264	πᾶν
3265	γὰρ
3266	τ
3267	οὐναντίον
3268	ἐκείνοις
3269	αὐτὸς
3270	μὲν
3271	οὔ
3272	τε
3273	λαβὼν
3274	οὐδὲν
3275	οὔτ’
3276	ἐπιχειρήσας
3277	λαβεῖν
3278	φανήσομαι
3279	,
3280	τὴν
3281	δ’
3282	ὑπὲρ
3283	τῶν
3284	νόμων
3285	καὶ
3286	τὴν
3287	ὑπὲρ
3288	τοῦ
3289	θεοῦ
3290	καὶ
3291	τὴν
3292	ὑπὲρ
3293	ὑμῶν
3294	τιμωρίαν
3295	δικαίως
3296	φυλάξας
3297	καὶ
3298	νῦν
3299	ἀποδεδωκὼς
3300	ὑμῖν
3301	.
3302	μὴ
3303	τοίνυν
3304	ἐᾶτε
3305	ταῦτ’
3306	αὐτὸν
3307	λέγειν
3308	,
3309	μηδ’
3310	,
3311	ἂν
3312	βιάζηται
3313	,
3314	πείθεσθ’
3315	ὡς
3316	δίκαιόν
3317	τι
3318	λέγοντι
3319	.
3320	ἂν
3321	γὰρ
3322	ταῦθ’
3323	οὕτως
3324	ἐγνωσμέν’
3325	ὑπάρχῃ
3326	παρ’
3327	ὑμῖν
3328	,
3329	οὐκ
3330	ἐνέσται
3331	αὐτῷ
3332	λόγος
3333	οὐ
3334	δὲ
3335	εἷς
3336	.
3337	ποία
3338	γὰρ
3339	πρόφασις
3340	,
3341	τίς
3342	ἀνθρωπίνη
3343	καὶ
3344	μετρία
3345	σκῆψις
3346	φανεῖται
3347	τῶν
3348	πεπραγμένων
3349	αὐτῷ
3350	;
3351	ὀργὴ
3352	νὴ
3353	Δία
3354	·
3355	καὶ
3356	γὰρ
3357	τοῦτο
3358	τυχὸν
3359	λέξει
3360	.
3361	ἀλλ’
3362	ἃ
3363	μὲν
3364	ἄν
3365	τις
3366	ἄφνω
3367	τὸν
3368	λογισμὸν
3369	φθάσας
3370	ἐξαχθῇ
3371	πρᾶξαι
3372	,
3373	κ
3374	ἂν
3375	ὑβριστικῶς
3376	ποιήσῃ
3377	,
3378	δι’
3379	ὀργήν
3380	γ’
3381	ἔνι
3382	φῆσαι
3383	πεποιηκέναι
3384	·
3385	ἃ
3386	δ’
3387	ἂν
3388	ἐκ
3389	πολλοῦ
3390	συνεχῶς
3391	ἐπὶ
3392	πολλὰς
3393	ἡμέρας
3394	παρὰ
3395	τοὺς
3396	νόμους
3397	πράττων
3398	τις
3399	φωρᾶται
3400	,
3401	οὐ
3402	μόνον
3403	δήπου
3404	τοῦ
3405	μὴ
3406	μετ’
3407	ὀργῆς
3408	ἀπέχει
3409	,
3410	ἀλλὰ
3411	καὶ
3412	βεβουλευμένως
3413	ὁ
3414	τοιοῦτος
3415	ὑβρίζων
3416	ἐστὶν
3417	ἤδη
3418	φανερός
3419	.
3420	ἀλλὰ
3421	μὴν
3422	ὁπηνίκα
3423	καὶ
3424	πεποιηκὼς
3425	ἃ
3426	κατηγορῶ
3427	καὶ
3428	ὕβρει
3429	πεποιηκὼς
3430	φαίνεται
3431	,
3432	τοὺς
3433	νόμους
3434	ἤδη
3435	δεῖ
3436	σκοπεῖν
3437	,
3438	ὦ
3439	ἄνδρες
3440	δικασταί
3441	·
3442	κατὰ
3443	γὰρ
3444	τούτους
3445	δικάσειν
3446	ὀμωμόκατε
3447	.
3448	καὶ
3449	θεωρεῖθ’
3450	ὅσῳ
3451	μείζονος
3452	ὀργῆς
3453	καὶ
3454	ζημίας
3455	ἀξιοῦσι
3456	τοὺς
3457	ἑκουσίως
3458	καὶ
3459	δι’
3460	ὕβριν
3461	πλημμελοῦντας
3462	τῶν
3463	ἄλλως
3464	πως
3465	ἐξαμαρτανόντων
3466	.
3467	πρῶτον
3468	μὲν
3469	τοίνυν
3470	οἱ
3471	περὶ
3472	τῆς
3473	βλάβης
3474	οὗτοι
3475	νόμοι
3476	πάντες
3477	,
3478	ἵν’
3479	ἐκ
3480	τούτων
3481	ἄρξωμαι
3482	,
3483	ἂν
3484	μὲν
3485	ἑκὼν
3486	βλάψῃ
3487	,
3488	διπλοῦν
3489	,
3490	ἂν
3491	δ’
3492	ἄκων
3493	,
3494	ἁπλοῦν
3495	τὸ
3496	βλάβος
3497	κελεύουσιν
3498	ἐκτίνειν
3499	.
3500	εἰκότως
3501	·
3502	ὁ
3503	μὲν
3504	γὰρ
3505	παθὼν
3506	πανταχοῦ
3507	βοηθείας
3508	δίκαιος
3509	τυγχάνειν
3510	,
3511	τῷ
3512	δράσαντι
3513	δ’
3514	οὐκ
3515	ἴσην
3516	τὴν
3517	ὀργήν
3518	,
3519	ἄν
3520	θ’
3521	ἑκὼν
3522	ἄν
3523	τ’
3524	ἄκων
3525	,
3526	ἔταξ’
3527	ὁ
3528	νόμος
3529	.
3530	ἔπειθ’
3531	οἱ
3532	φονικοὶ
3533	τοὺς
3534	μὲν
3535	ἐκ
3536	προνοίας
3537	ἀποκτιννύντας
3538	θανάτῳ
3539	καὶ
3540	ἀειφυγίᾳ
3541	καὶ
3542	δημεύσει
3543	τῶν
3544	ὑπαρχόντων
3545	ζημιοῦσι
3546	,
3547	τοὺς
3548	δ’
3549	ἀκουσίως
3550	αἰδέσεως
3551	καὶ
3552	φιλανθρωπίας
3553	πολλῆς
3554	ἠξίωσαν
3555	.
3556	οὐ
3557	μόνον
3558	δ’
3559	ἐπὶ
3560	τούτων
3561	τοῖς
3562	ἐκ
3563	προαιρέσεως
3564	ὑβρισταῖς
3565	χαλεποὺς
3566	ὄντας
3567	ἰδεῖν
3568	ἔστι
3569	τοὺς
3570	νόμους
3571	,
3572	ἀλλὰ
3573	καὶ
3574	ἐφ’
3575	ἁπάντων
3576	.
3577	τί
3578	γὰρ
3579	δή
3580	ποτ’
3581	,
3582	ἄν
3583	τις
3584	ὀφλὼν
3585	δίκην
3586	μὴ
3587	ἐκτίνῃ
3588	,
3589	οὐκέτ’
3590	ἐποίησ’
3591	ὁ
3592	νόμος
3593	τὴν
3594	ἐξούλην
3595	ἰδίαν
3596	,
3597	ἀλλὰ
3598	προστιμᾶν
3599	ἐπέταξε
3600	τῷ
3601	δημοσίῳ
3602	;
3603	καὶ
3604	πάλιν
3605	τί
3606	δή
3607	ποτ’
3608	,
3609	ἂν
3610	μὲν
3611	ἑκὼν
3612	παρ’
3613	ἑκόντος
3614	τις
3615	λάβῃ
3616	τάλαντον
3617	ἓν
3618	ἢ
3619	δύ’
3620	ἢ
3621	δέκα
3622	καὶ
3623	ταῦτ’
3624	ἀποστερήσῃ
3625	,
3626	οὐδὲν
3627	αὐτῷ
3628	πρὸς
3629	τὴν
3630	πόλιν
3631	ἐστίν
3632	,
3633	ἂν
3634	δὲ
3635	μικροῦ
3636	πάνυ
3637	τιμήματος
3638	ἄξιόν
3639	τις
3640	λάβῃ
3641	,
3642	βίᾳ
3643	δὲ
3644	τοῦτ’
3645	ἀφέληται
3646	,
3647	τὸ
3648	ἴσον
3649	τῷ
3650	δημοσίῳ
3651	προστιμᾶν
3652	οἱ
3653	νόμοι
3654	κελεύουσιν
3655	ὅσον
3656	περ
3657	δὴ
3658	τῷ
3659	ἰδιώτῃ
3660	;
3661	ὅτι
3662	πάνθ’
3663	ὅσα
3664	τις
3665	βιαζόμενος
3666	πράττει
3667	κοίν’
3668	ἀδικήματα
3669	καὶ
3670	κατὰ
3671	τῶν
3672	ἔξω
3673	τοῦ
3674	πράγματος
3675	ὄντων
3676	ἡγεῖθ’
3677	ὁ
3678	νομοθέτης
3679	·
3680	τὴν
3681	μὲν
3682	γὰρ
3683	ἰσχὺν
3684	ὀλίγων
3685	,
3686	τοὺς
3687	δὲ
3688	νόμους
3689	ἁπάντων
3690	εἶναι
3691	,
3692	καὶ
3693	τὸν
3694	μὲν
3695	πεισθέντ’
3696	ἰδίας
3697	,
3698	τὸν
3699	δὲ
3700	βιασθέντα
3701	δημοσίας
3702	δεῖσθαι
3703	βοηθείας
3704	.
3705	διόπερ
3706	καὶ
3707	τῆς
3708	ὕβρεως
3709	αὐτῆς
3710	τὰς
3711	μὲν
3712	γραφὰς
3713	ἔδωκεν
3714	ἅπαντι
3715	τῷ
3716	βουλομένῳ
3717	,
3718	τὸ
3719	δὲ
3720	τίμημ’
3721	ἐποίησεν
3722	ὅλον
3723	δημόσιον
3724	·
3725	τὴν
3726	γὰρ
3727	πόλιν
3728	ἡγεῖτ’
3729	ἀδικεῖν
3730	,
3731	οὐ
3732	τὸν
3733	παθόντα
3734	μόνον
3735	,
3736	τὸν
3737	ὑβρίζειν
3738	ἐπιχειροῦντα
3739	,
3740	καὶ
3741	δίκην
3742	ἱκανὴν
3743	τὴν
3744	τιμωρίαν
3745	εἶναι
3746	τῷ
3747	παθόντι
3748	,
3749	χρήματα
3750	δ’
3751	οὐ
3752	προσήκειν
3753	τῶν
3754	τοιούτων
3755	ἐφ’
3756	ἑαυτῷ
3757	λαμβάνειν
3758	.
3759	καὶ
3760	τοσαύτῃ
3761	γ’
3762	ἐχρήσαθ’
3763	ὑπερβολῇ
3764	,
3765	ὥστε
3766	κ
3767	ἂν
3768	εἰς
3769	δοῦλον
3770	ὑβρίζῃ
3771	τις
3772	,
3773	ὁμοίως
3774	ἔδωκεν
3775	ὑπὲρ
3776	τούτου
3777	γραφήν
3778	.
3779	οὐ
3780	γὰρ
3781	ὅστις
3782	ὁ
3783	πάσχων
3784	ᾤετο
3785	δεῖν
3786	σκοπεῖν
3787	,
3788	ἀλλὰ
3789	τὸ
3790	πρᾶγμ’
3791	ὁποῖόν
3792	τι
3793	τὸ
3794	γιγνόμενον
3795	·
3796	ἐπειδὴ
3797	δ’
3798	εὗρεν
3799	οὐκ
3800	ἐπιτήδειον
3801	,
3802	μή
3803	τε
3804	πρὸς
3805	δοῦλον
3806	μήθ’
3807	ὅλως
3808	ἐξεῖναι
3809	πράττειν
3810	ἐπέτρεψεν
3811	.
3812	οὐ
3813	γὰρ
3814	ἔστιν
3815	,
3816	οὐκ
3817	ἔστιν
3818	,
3819	ὦ
3820	ἄνδρες
3821	Ἀθηναῖοι
3822	,
3823	τῶν
3824	πάντων
3825	οὐδὲν
3826	ὕβρεως
3827	ἀφορητότερον
3828	,
3829	οὐδ’
3830	ἐφ’
3831	ὅτῳ
3832	μᾶλλον
3833	ὑμῖν
3834	ὀργίζεσθαι
3835	προσήκει
3836	.
3837	ἀνάγνωθι
3838	δ’
3839	αὐτόν
3840	μοι
3841	λαβὼν
3842	τὸν
3843	τῆς
3844	ὕβρεως
3845	νόμον
3846	·
3847	οὐδὲν
3848	γὰρ
3849	οἷον
3850	ἀκούειν
3851	αὐτοῦ
3852	τοῦ
3853	νόμου
3854	.
3855	ΝΟΜΟΣ
3856	ἐάν
3857	τις
3858	ὑβρίζῃ
3859	εἴς
3860	τινα
3861	,
3862	ἢ
3863	παῖδα
3864	ἢ
3865	γυναῖκα
3866	ἢ
3867	ἄνδρα
3868	,
3869	τῶν
3870	ἐλευθέρων
3871	ἢ
3872	τῶν
3873	δούλων
3874	,
3875	ἢ
3876	παράνομόν
3877	τι
3878	ποιήσῃ
3879	εἰς
3880	τούτων
3881	τινά
3882	,
3883	γραφέσθω
3884	πρὸς
3885	τοὺς
3886	θεσμοθέτας
3887	ὁ
3888	βουλόμενος
3889	Ἀθηναίων
3890	οἷς
3891	ἔξεστιν
3892	,
3893	οἱ
3894	δὲ
3895	θεσμοθέται
3896	εἰσαγόντων
3897	εἰς
3898	τὴν
3899	ἡλιαίαν
3900	τριάκοντα
3901	ἡμερῶν
3902	ἀφ’
3903	ἧς
3904	ἂν
3905	γραφῇ
3906	,
3907	ἐὰν
3908	μή
3909	τι
3910	δημόσιον
3911	κωλύῃ
3912	,
3913	εἰ
3914	δὲ
3915	μή
3916	,
3917	ὅταν
3918	ᾖ
3919	πρῶτον
3920	οἷόν
3921	τε
3922	.
3923	ὅτου
3924	δ’
3925	ἂν
3926	καταγνῷ
3927	ἡ
3928	ἡλιαία
3929	,
3930	τιμάτω
3931	περὶ
3932	αὐτοῦ
3933	παραχρῆμα
3934	,
3935	ὅτου
3936	ἂν
3937	δοκῇ
3938	ἄξιος
3939	εἶναι
3940	παθεῖν
3941	ἢ
3942	ἀποτεῖσαι
3943	.
3944	ὅσοι
3945	δ’
3946	ἂν
3947	γράφωνται
3948	γραφὰς
3949	ἰδίας
3950	κατὰ
3951	τὸν
3952	νόμον
3953	,
3954	ἐάν
3955	τις
3956	μὴ
3957	ἐπεξέλθῃ
3958	ἢ
3959	ἐπεξιὼν
3960	μὴ
3961	μεταλάβῃ
3962	τὸ
3963	πέμπτον
3964	μέρος
3965	τῶν
3966	ψήφων
3967	,
3968	ἀποτεισάτω
3969	χιλίας
3970	δραχμὰς
3971	τῷ
3972	δημοσίῳ
3973	.
3974	ἐὰν
3975	δὲ
3976	ἀργυρίου
3977	τιμηθῇ
3978	τῆς
3979	ὕβρεως
3980	,
3981	δεδέσθω
3982	,
3983	ἐὰν
3984	ἐλεύθερον
3985	ὑβρίσῃ
3986	,
3987	μέχρι
3988	ἂν
3989	ἐκτείσῃ
3990	.
3991	ἀκούετ’
3992	,
3993	ὦ
3994	ἄνδρες
3995	Ἀθηναῖοι
3996	,
3997	τοῦ
3998	νόμου
3999	τῆς
4000	φιλανθρωπίας
4001	,
4002	ὃς
4003	οὐ
4004	δὲ
4005	τοὺς
4006	δούλους
4007	ὑβρίζεσθαι
4008	ἀξιοῖ
4009	.
4010	τί
4011	οὖν
4012	πρὸς
4013	θεῶν
4014	;
4015	εἴ
4016	τις
4017	εἰς
4018	τοὺς
4019	βαρβάρους
4020	ἐνεγκὼν
4021	τὸν
4022	νόμον
4023	τοῦτον
4024	,
4025	παρ’
4026	ὧν
4027	τὰ
4028	ἀνδράποδ’
4029	εἰς
4030	τοὺς
4031	Ἕλληνας
4032	κομίζεται
4033	,
4034	ἐπαινῶν
4035	ὑμᾶς
4036	καὶ
4037	διεξιὼν
4038	περὶ
4039	τῆς
4040	πόλεως
4041	εἴποι
4042	πρὸς
4043	αὐτοὺς
4044	ὅτι
4045	εἰσὶν
4046	Ἕλληνές
4047	τινες
4048	ἄνθρωποι
4049	οὕτως
4050	ἥμεροι
4051	καὶ
4052	φιλάνθρωποι
4053	τοὺς
4054	τρόπους
4055	ὥστε
4056	πόλλ’
4057	ὑφ’
4058	ὑμῶν
4059	ἠδικημένοι
4060	,
4061	καὶ
4062	φύσει
4063	τῆς
4064	πρὸς
4065	ὑμᾶς
4066	ἔχθρας
4067	αὐτοῖς
4068	ὑπαρχούσης
4069	πατρικῆς
4070	,
4071	ὅμως
4072	οὐδ’
4073	ὅσων
4074	ἂν
4075	τιμὴν
4076	καταθέντες
4077	δούλους
4078	κτήσωνται
4079	,
4080	οὐ
4081	δὲ
4082	τούτους
4083	ὑβρίζειν
4084	ἀξιοῦσιν
4085	,
4086	ἀλλὰ
4087	νόμον
4088	δημοσίᾳ
4089	τὸν
4090	ταῦτα
4091	κωλύσοντα
4092	τέθεινται
4093	τουτονὶ
4094	καὶ
4095	πολλοὺς
4096	ἤδη
4097	παραβάντας
4098	τὸν
4099	νόμον
4100	τοῦτον
4101	ἐζημιώκασιν
4102	θανάτῳ
4103	,
4104	εἰ
4105	ταῦτ’
4106	ἀκούσειαν
4107	καὶ
4108	συνεῖεν
4109	οἱ
4110	βάρβαροι
4111	,
4112	οὐκ
4113	ἂν
4114	οἴεσθε
4115	δημοσίᾳ
4116	πάντας
4117	ὑμᾶς
4118	προξένους
4119	αὑτῶν
4120	ποιήσασθαι
4121	;
4122	τὸν
4123	τοίνυν
4124	οὐ
4125	παρὰ
4126	τοῖς
4127	Ἕλλησιν
4128	μόνον
4129	εὐδοκιμοῦντα
4130	νόμον
4131	,
4132	ἀλλὰ
4133	καὶ
4134	παρὰ
4135	τοῖς
4136	βαρβάροις
4137	εὖ
4138	δόξαντ’
4139	ἂν
4140	ἔχειν
4141	,
4142	σκοπεῖσθ’
4143	ὁ
4144	παραβὰς
4145	ἥντινα
4146	δοὺς
4147	δίκην
4148	ἀξίαν
4149	ἔσται
4150	δεδωκώς
4151	.
4152	εἰ
4153	μὲν
4154	τοίνυν
4155	,
4156	ὦ
4157	ἄνδρες
4158	Ἀθηναῖοι
4159	,
4160	μὴ
4161	χορηγὸς
4162	ὢν
4163	ταῦτ’
4164	ἐπεπόνθειν
4165	ὑπὸ
4166	Μειδίου
4167	,
4168	ὕβριν
4169	ἄν
4170	τις
4171	μόνον
4172	κατέγνω
4173	τῶν
4174	πεπραγμένων
4175	αὐτῷ
4176	·
4177	νῦν
4178	δέ
4179	μοι
4180	δοκεῖ
4181	,
4182	κ
4183	ἂν
4184	ἀσέβειαν
4185	εἰ
4186	καταγιγνώσκοι
4187	,
4188	τὰ
4189	προσήκοντα
4190	ποιεῖν
4191	.
4192	ἴστε
4193	γὰρ
4194	δήπου
4195	τοῦθ’
4196	ὅτι
4197	τοὺς
4198	χοροὺς
4199	ὑμεῖς
4200	ἅπαντας
4201	τούτους
4202	καὶ
4203	τοὺς
4204	ὕμνους
4205	τῷ
4206	θεῷ
4207	ποιεῖτε
4208	,
4209	οὐ
4210	μόνον
4211	κατὰ
4212	τοὺς
4213	νόμους
4214	τοὺς
4215	περὶ
4216	τῶν
4217	Διονυσίων
4218	,
4219	ἀλλὰ
4220	καὶ
4221	κατὰ
4222	τὰς
4223	μαντείας
4224	,
4225	ἐν
4226	αἷς
4227	ἁπάσαις
4228	ἀνῃρημένον
4229	εὑρήσετε
4230	τῇ
4231	πόλει
4232	,
4233	ὁμοίως
4234	ἐκ
4235	Δελφῶν
4236	καὶ
4237	ἐκ
4238	Δωδώνης
4239	,
4240	χοροὺς
4241	ἱστάναι
4242	κατὰ
4243	τὰ
4244	πάτρια
4245	καὶ
4246	κνισᾶν
4247	ἀγυιὰς
4248	καὶ
4249	στεφανηφορεῖν
4250	.
4251	ἀνάγνωθι
4252	δέ
4253	μοι
4254	λαβὼν
4255	αὐτὰς
4256	τὰς
4257	μαντείας
4258	.
4259	ΜΑΝΤΕΙΑ
4260	αὐδῶ
4261	Ἐρεχθείδῃσιν
4262	,
4263	ὅσοι
4264	Πανδίονος
4265	ἄστυ
4266	ναίετε
4267	καὶ
4268	πατρίοισι
4269	νόμοις
4270	ἰθύνεθ’
4271	ἑορτάς
4272	,
4273	μεμνῆσθαι
4274	Βάκχοιο
4275	,
4276	καὶ
4277	εὐρυχόρους
4278	κατ’
4279	ἀγυιὰς
4280	ἱστάναι
4281	ὡραίων
4282	Βρομίῳ
4283	χάριν
4284	ἄμμιγα
4285	πάντας
4286	,
4287	καὶ
4288	κνισᾶν
4289	βωμοῖσι
4290	κάρη
4291	στεφάνοις
4292	πυκάσαντας
4293	.
4294	περὶ
4295	ὑγιείας
4296	θύειν
4297	καὶ
4298	εὔχεσθαι
4299	Διὶ
4300	ὑπάτῳ
4301	,
4302	Ἡρακλεῖ
4303	,
4304	Ἀπόλλωνι
4305	προστατηρίῳ
4306	·
4307	περὶ
4308	τύχας
4309	ἀγαθᾶς
4310	Ἀπόλλωνι
4311	ἀγυιεῖ
4312	,
4313	Λατοῖ
4314	,
4315	Ἀρτέμιδι
4316	,
4317	καὶ
4318	κατ’
4319	ἀγυιὰς
4320	κρατῆρας
4321	ἱστάμεν
4322	καὶ
4323	χοροὺς
4324	καὶ
4325	στεφαναφορεῖν
4326	καττὰ
4327	πάτρια
4328	θεοῖς
4329	Ὀλυμπίοις
4330	πάντεσσι
4331	καὶ
4332	πάσαις
4333	,
4334	ἰδίας
4335	δεξιὰς
4336	καὶ
4337	ἀριστερὰς
4338	ἀνίσχοντας
4339	,
4340	καὶ
4341	μνασιδωρεῖν
4342	.
4343	ΕΚ
4344	ΔΩΔΩΝΗΣ
4345	ΜΑΝΤΕΙΑΙ
4346	τῷ
4347	δήμῳ
4348	τῷ
4349	Ἀθηναίων
4350	ὁ
4351	τοῦ
4352	Διὸς
4353	σημαίνει
4354	.
4355	ὅτι
4356	τὰς
4357	ὥρας
4358	παρηνέγκατε
4359	τῆς
4360	θυσίας
4361	καὶ
4362	τῆς
4363	θεωρίας
4364	,
4365	αἱρετοὺς
4366	πέμπειν
4367	κελεύει
4368	θεωροὺς
4369	ἕνεκα
4370	τούτου
4371	διὰ
4372	ταχέων
4373	,
4374	καὶ
4375	τῷ
4376	Διὶ
4377	τῷ
4378	Ναΐῳ
4379	τρεῖς
4380	βοῦς
4381	καὶ
4382	πρὸς
4383	ἑκάστῳ
4384	βοῒ
4385	δύο
4386	οἶς
4387	,
4388	τῇ
4389	Διώνῃ
4390	βοῦν
4391	καλλιερεῖν
4392	,
4393	καὶ
4394	τράπεζαν
4395	χαλκῆν
4396	πρὸς
4397	τὸ
4398	ἀνάθημα
4399	ὃ
4400	ἀνέθηκεν
4401	ὁ
4402	δῆμος
4403	ὁ
4404	Ἀθηναίων
4405	.
4406	ὁ
4407	τοῦ
4408	Διὸς
4409	σημαίνει
4410	ἐν
4411	Δωδώνῃ
4412	,
4413	Διονύσῳ
4414	δημοτελῆ
4415	ἱερὰ
4416	τελεῖν
4417	καὶ
4418	κρατῆρα
4419	κεράσαι
4420	καὶ
4421	χοροὺς
4422	ἱστάναι
4423	,
4424	Ἀπόλλωνι
4425	ἀποτροπαίῳ
4426	βοῦν
4427	θῦσαι
4428	,
4429	καὶ
4430	στεφανηφορεῖν
4431	ἐλευθέρους
4432	καὶ
4433	δούλους
4434	,
4435	καὶ
4436	ἐλινύειν
4437	μίαν
4438	ἡμέραν
4439	.
4440	Διὶ
4441	κτησίῳ
4442	βοῦν
4443	λευκόν
4444	.
4445	εἰσίν
4446	,
4447	ὦ
4448	ἄνδρες
4449	Ἀθηναῖοι
4450	,
4451	καὶ
4452	αὗται
4453	καὶ
4454	ἄλλαι
4455	πολλαὶ
4456	μαντεῖαι
4457	τῇ
4458	πόλει
4459	κ
4460	ἀγαθαί
4461	.
4462	τί
4463	οὖν
4464	ἐκ
4465	τούτων
4466	ὑμᾶς
4467	ἐνθυμεῖσθαι
4468	δεῖ
4469	;
4470	ὅτι
4471	τὰς
4472	μὲν
4473	ἄλλας
4474	θυσίας
4475	τοῖς
4476	ἐφ’
4477	ἑκάστης
4478	μαντείας
4479	προφαινομένοις
4480	θεοῖς
4481	προστάττουσι
4482	θύειν
4483	,
4484	ἱστάναι
4485	δὲ
4486	χοροὺς
4487	καὶ
4488	στεφανηφορεῖν
4489	κατὰ
4490	τὰ
4491	πάτρια
4492	πρὸς
4493	ἁπάσαις
4494	ταῖς
4495	ἀφικνουμέναις
4496	μαντείαις
4497	προσαναιροῦσιν
4498	ὑμῖν
4499	.
4500	οἱ
4501	τοίνυν
4502	χοροὶ
4503	πάντες
4504	οἱ
4505	γιγνόμενοι
4506	καὶ
4507	οἱ
4508	χορηγοὶ
4509	δῆλον
4510	ὅτι
4511	τὰς
4512	μὲν
4513	ἡμέρας
4514	ἐκείνας
4515	ἃς
4516	συνερχόμεθ’
4517	ἐπὶ
4518	τὸν
4519	ἀγῶνα
4520	,
4521	κατὰ
4522	τὰς
4523	μαντείας
4524	ταύτας
4525	ὑπὲρ
4526	ὑμῶν
4527	ἐστεφανώμεθα
4528	,
4529	ὁμοίως
4530	ὅ
4531	τε
4532	μέλλων
4533	νικᾶν
4534	καὶ
4535	ὁ
4536	πάντων
4537	ὕστατος
4538	γενήσεσθαι
4539	,
4540	τῇ
4541	δὲ
4542	τῶν
4543	ἐπινικίων
4544	ὑπὲρ
4545	αὑτοῦ
4546	τότ’
4547	ἤδη
4548	στεφανοῦται
4549	ὁ
4550	νικῶν
4551	.
4552	τὸν
4553	οὖν
4554	εἴς
4555	τινα
4556	τούτων
4557	τῶν
4558	χορευτῶν
4559	ἢ
4560	τῶν
4561	χορηγῶν
4562	ὑβρίζοντ’
4563	ἐπ’
4564	ἔχθρᾳ
4565	,
4566	καὶ
4567	ταῦτ’
4568	ἐν
4569	αὐτῷ
4570	τῷ
4571	ἀγῶνι
4572	καὶ
4573	ἐν
4574	τῷ
4575	τοῦ
4576	θεοῦ
4577	ἱερῷ
4578	,
4579	τοῦτον
4580	ἄλλο
4581	τι
4582	πλὴν
4583	ἀσεβεῖν
4584	φήσομεν
4585	;
4586	καὶ
4587	μὴν
4588	ἴστε
4589	γε
4590	τοῦθ’
4591	ὅτι
4592	βουλόμενοι
4593	μηδέν’
4594	ἀγωνίζεσθαι
4595	ξένον
4596	οὐκ
4597	ἐδώκαθ’
4598	ἁπλῶς
4599	τῶν
4600	χορηγῶν
4601	οὐδενὶ
4602	προσκαλέσαντι
4603	τοὺς
4604	χορευτὰς
4605	σκοπεῖν
4606	,
4607	ἀλλ’
4608	ἐὰν
4609	μὲν
4610	καλέσῃ
4611	,
4612	πεντήκοντα
4613	δραχμάς
4614	,
4615	ἐὰν
4616	δὲ
4617	καθέζεσθαι
4618	καθέζεσθαι
4619	κελεύσῃ
4620	,
4621	χιλίας
4622	ἀποτίνειν
4623	ἐτάξατε
4624	.
4625	τίνος
4626	εἵνεκα
4627	;
4628	ὅπως
4629	μὴ
4630	τὸν
4631	ἐστεφανωμένον
4632	καὶ
4633	λῃτουργοῦντα
4634	τῷ
4635	θεῷ
4636	ταύτην
4637	τὴν
4638	ἡμέραν
4639	καλῇ
4640	μηδ’
4641	ἐπηρεάζῃ
4642	μηδ’
4643	ὑβρίζῃ
4644	μηδεὶς
4645	ἐξεπίτηδες
4646	.
4647	εἶτα
4648	τὸν
4649	μὲν
4650	χορευτὴν
4651	οὐδ’
4652	ὁ
4653	προσκαλέσας
4654	κατὰ
4655	τὸν
4656	νόμον
4657	ἀζήμιος
4658	ἔσται
4659	,
4660	τὸν
4661	δὲ
4662	χορηγὸν
4663	οὐδ’
4664	ὁ
4665	συγκόψας
4666	παρὰ
4667	πάντας
4668	τοὺς
4669	νόμους
4670	οὕτω
4671	φανερῶς
4672	δώσει
4673	δίκην
4674	;
4675	ἀλλὰ
4676	μὴν
4677	οὐδέν
4678	ἐστ’
4679	ὄφελος
4680	καλῶς
4681	καὶ
4682	φιλανθρώπως
4683	τοὺς
4684	νόμους
4685	ὑπὲρ
4686	τῶν
4687	πολλῶν
4688	κεῖσθαι
4689	,
4690	εἰ
4691	τοῖς
4692	ἀπειθοῦσι
4693	καὶ
4694	βιαζομένοις
4695	αὐτοὺς
4696	ἡ
4697	παρ’
4698	ὑμῶν
4699	ὀργὴ
4700	τῶν
4701	ἀεὶ
4702	κυρίων
4703	μὴ
4704	γενήσεται
4705	.
4706	φέρε
4707	δὴ
4708	πρὸς
4709	θεῶν
4710	κ
4711	ἀκεῖνο
4712	σκέψασθε
4713	.
4714	παραιτήσομαι
4715	δ’
4716	ὑμᾶς
4717	μηδὲν
4718	ἀχθεσθῆναί
4719	μοι
4720	,
4721	ἐὰν
4722	ἐπὶ
4723	συμφορᾶς
4724	τινῶν
4725	γεγονότων
4726	ὀνομαστὶ
4727	μνησθῶ
4728	·
4729	οὐ
4730	γὰρ
4731	ὀνειδίσαι
4732	μὰ
4733	τοὺς
4734	θεοὺς
4735	οὐδενὶ
4736	δυσχερὲς
4737	οὐδὲν
4738	βουλόμενος
4739	τοῦτο
4740	ποιήσω
4741	,
4742	ἀλλὰ
4743	δεῖξαι
4744	τὸ
4745	βιάζεσθαι
4746	καὶ
4747	ὑβρίζειν
4748	καὶ
4749	τὰ
4750	τοιαῦτα
4751	ποιεῖν
4752	ὡς
4753	ἅπαντες
4754	ὑμεῖς
4755	οἱ
4756	ἄλλοι
4757	φεύγετε
4758	.
4759	Σαννίων
4760	ἐστὶ
4761	δήπου
4762	τις
4763	ὁ
4764	τοὺς
4765	τραγικοὺς
4766	χοροὺς
4767	διδάσκων
4768	·
4769	οὗτος
4770	ἀστρατείας
4771	ἑάλω
4772	καὶ
4773	κέχρηται
4774	συμφορᾷ
4775	.
4776	τοῦτον
4777	μετὰ
4778	τὴν
4779	ἀτυχίαν
4780	ταύτην
4781	ἐμισθώσατό
4782	τις
4783	φιλονικῶν
4784	χορηγὸς
4785	τραγῳδῶν
4786	,
4787	οἶμαι
4788	,
4789	Θεοζοτίδης
4790	.
4791	τὸ
4792	μὲν
4793	οὖν
4794	πρῶτον
4795	ἠγανάκτουν
4796	οἱ
4797	ἀντιχορηγοὶ
4798	καὶ
4799	κωλύσειν
4800	ἔφασαν
4801	,
4802	ὡς
4803	δ’
4804	ἐπληρώθη
4805	τὸ
4806	θέατρον
4807	καὶ
4808	τὸν
4809	ὄχλον
4810	συνειλεγμένον
4811	εἶδον
4812	ἐπὶ
4813	τὸν
4814	ἀγῶνα
4815	,
4816	ὤκνησαν
4817	,
4818	εἴασαν
4819	,
4820	οὐδεὶς
4821	ἥψατο
4822	,
4823	ἀλλὰ
4824	τοσοῦτον
4825	τῆς
4826	εὐσεβείας
4827	ἐν
4828	ἑκάστῳ
4829	τις
4830	ἂν
4831	ὑμῶν
4832	ἴδοι
4833	τὸ
4834	συγκεχωρηκὸς
4835	ὥστε
4836	πάντα
4837	τὸν
4838	μετὰ
4839	ταῦτα
4840	χρόνον
4841	διδάσκει
4842	τοὺς
4843	χοροὺς
4844	καὶ
4845	οὐ
4846	δὲ
4847	τῶν
4848	ἰδίων
4849	ἐχθρῶν
4850	οὐδεὶς
4851	κωλύει
4852	·
4853	τοσοῦτ’
4854	ἀπέχει
4855	τῶν
4856	χορηγῶν
4857	.
4858	ἄλλος
4859	ἐστὶν
4860	Ἀριστείδης
4861	Οἰνῇδος
4862	φυλῆς
4863	,
4864	ἠτυχηκώς
4865	τι
4866	καὶ
4867	οὗτος
4868	τοιοῦτον
4869	,
4870	ὃς
4871	νῦν
4872	μὲν
4873	καὶ
4874	γέρων
4875	ἐστὶν
4876	ἤδη
4877	καὶ
4878	ἴσως
4879	ἥττων
4880	χορευτής
4881	,
4882	ἦν
4883	δέ
4884	ποθ’
4885	ἡγεμὼν
4886	τῆς
4887	φυλῆς
4888	.
4889	ἴστε
4890	δὲ
4891	δήπου
4892	τοῦθ’
4893	ὅτι
4894	τὸν
4895	ἡγεμόν’
4896	ἂν
4897	ἀφέλῃ
4898	τις
4899	,
4900	οἴχεται
4901	ὁ
4902	λοιπὸς
4903	χορός
4904	.
4905	ἀλλ’
4906	ὅμως
4907	πολλῶν
4908	χορηγῶν
4909	φιλονικησάντων
4910	,
4911	οὐδεὶς
4912	πώποτε
4913	τοῦτ’
4914	εἶδε
4915	τὸ
4916	πλεονέκτημα
4917	,
4918	οὐδ’
4919	ἐτόλμησε
4920	τοῦτον
4921	ἐξαγαγεῖν
4922	οὐ
4923	δὲ
4924	κωλῦσαι
4925	·
4926	διὰ
4927	γὰρ
4928	τὸ
4929	δεῖν
4930	αὐτὸν
4931	ἐπιλαβόμενον
4932	τῇ
4933	χειρὶ
4934	τοῦτο
4935	ποιῆσαι
4936	καὶ
4937	μὴ
4938	προσκαλέσασθαι
4939	πρὸς
4940	τὸν
4941	ἄρχοντ’
4942	ἐξεῖναι
4943	,
4944	ὥσπερ
4945	ἂν
4946	εἰ
4947	ξένον
4948	τις
4949	ἐξαγαγεῖν
4950	ἐβούλετο
4951	,
4952	ἅπας
4953	τις
4954	ὤκνει
4955	τῆς
4956	ἀσελγείας
4957	ταύτης
4958	αὐτόχειρ
4959	ὀφθῆναι
4960	γιγνόμενος
4961	.
4962	οὔκουν
4963	δεινόν
4964	,
4965	ὦ
4966	ἄνδρες
4967	δικασταί
4968	,
4969	καὶ
4970	σχέτλιον
4971	τῶν
4972	μὲν
4973	νικᾶν
4974	ἂν
4975	παρὰ
4976	τοῦτ’
4977	οἰομένων
4978	χορηγῶν
4979	,
4980	τῶν
4981	ἀνηλωκότων
4982	πολλάκις
4983	πάντα
4984	τὰ
4985	ὄντ’
4986	εἰς
4987	τὰς
4988	λῃτουργίας
4989	,
4990	μηδένα
4991	τολμῆσαι
4992	πώποτε
4993	μηδ’
4994	ὧν
4995	οἱ
4996	νόμοι
4997	διδόασιν
4998	ἅψασθαι
4999	,
5000	ἀλλ’
5001	οὕτως
5002	εὐλαβῶς
5003	,
5004	οὕτως
5005	εὐσεβῶς
5006	,
5007	οὕτω
5008	μετρίως
5009	διακεῖσθαι
5010	ὥστ’
5011	ἀναλίσκοντας
5012	,
5013	ἀγωνιῶντας
5014	ὅμως
5015	ἀπέχεσθαι
5016	καὶ
5017	προορᾶσθαι
5018	τὰς
5019	ὑμετέρας
5020	βουλήσεις
5021	καὶ
5022	τὴν
5023	περὶ
5024	τὴν
5025	ἑορτὴν
5026	σπουδήν
5027	,
5028	Μειδίαν
5029	δ’
5030	ἰδιώτην
5031	ὄντα
5032	,
5033	μηδὲν
5034	ἀνηλωκότα
5035	,
5036	ὅτι
5037	τῳ
5038	προσέκρουσεν
5039	καὶ
5040	ἐχθρὸς
5041	ὑπῆρχεν
5042	,
5043	τοῦτον
5044	ἀναλίσκοντα
5045	,
5046	χορηγοῦντα
5047	,
5048	ἐπίτιμον
5049	ὄντα
5050	προπηλακίζειν
5051	καὶ
5052	τύπτειν
5053	,
5054	καὶ
5055	μή
5056	τε
5057	τῆς
5058	ἑορτῆς
5059	μή
5060	τε
5061	τῶν
5062	νόμων
5063	μή
5064	τε
5065	τί
5066	ὑμεῖς
5067	ἐρεῖτε
5068	μή
5069	τε
5070	τοῦ
5071	θεοῦ
5072	φροντίζειν
5073	;
5074	πολλῶν
5075	τοίνυν
5076	,
5077	ὦ
5078	ἄνδρες
5079	Ἀθηναῖοι
5080	,
5081	γεγενημένων
5082	ἐχθρῶν
5083	ἀλλήλοις
5084	,
5085	οὐ
5086	μόνον
5087	ἐξ
5088	ἰδίων
5089	ἀλλὰ
5090	καὶ
5091	ἐκ
5092	κοινῶν
5093	πραγμάτων
5094	,
5095	οὐδεὶς
5096	πώποτ’
5097	εἰς
5098	τοσοῦτ’
5099	ἀναιδείας
5100	ἀφίκεθ’
5101	ὥστε
5102	τοιοῦτόν
5103	τι
5104	τολμῆσαι
5105	ποιεῖν
5106	.
5107	καίτοι
5108	φασὶν
5109	Ἰφικράτην
5110	ποτ’
5111	ἐκεῖνον
5112	Διοκλεῖ
5113	τῷ
5114	Πιθεῖ
5115	τὰ
5116	μάλιστ’
5117	ἐλθεῖν
5118	εἰς
5119	ἔχθραν
5120	,
5121	καὶ
5122	ἔτι
5123	πρὸς
5124	τούτῳ
5125	συμβῆναι
5126	Τεισίαν
5127	τὸν
5128	Ἰφικράτους
5129	ἀδελφὸν
5130	ἀντιχορηγῆσαι
5131	τῷ
5132	Διοκλεῖ
5133	.
5134	ἀλλ’
5135	ὅμως
5136	πολλοὺς
5137	μὲν
5138	ἔχων
5139	φίλους
5140	Ἰφικράτης
5141	,
5142	πολλὰ
5143	δὲ
5144	χρήματα
5145	κεκτημένος
5146	,
5147	φρονῶν
5148	δ’
5149	ἐφ’
5150	αὑτῷ
5151	τηλικοῦτον
5152	ἡλίκον
5153	εἰκὸς
5154	ἄνδρα
5155	καὶ
5156	δόξης
5157	καὶ
5158	τιμῶν
5159	τετυχηκόθ’
5160	ὧν
5161	ἐκεῖνος
5162	ἠξίωτο
5163	παρ’
5164	ὑμῶν
5165	,
5166	οὐκ
5167	ἐβάδιζ’
5168	ἐπὶ
5169	τὰς
5170	τῶν
5171	χρυσοχόων
5172	οἰκίας
5173	νύκτωρ
5174	,
5175	οὐ
5176	δὲ
5177	κατερρήγνυεν
5178	τὰ
5179	παρασκευαζόμεν’
5180	ἱμάτι’
5181	εἰς
5182	τὴν
5183	ἑορτήν
5184	,
5185	οὐ
5186	δὲ
5187	διέφθειρε
5188	διδάσκαλον
5189	,
5190	οὐ
5191	δὲ
5192	χορὸν
5193	μανθάνειν
5194	ἐκώλυεν
5195	,
5196	οὐ
5197	δὲ
5198	τῶν
5199	ἄλλων
5200	οὐδὲν
5201	ὧν
5202	οὗτος
5203	διεπράττετ’
5204	ἐποίει
5205	,
5206	ἀλλὰ
5207	τοῖς
5208	νόμοις
5209	καὶ
5210	τῇ
5211	τῶν
5212	ἄλλων
5213	βουλήσει
5214	συγχωρῶν
5215	ἠνείχετο
5216	καὶ
5217	νικῶντα
5218	καὶ
5219	στεφανούμενον
5220	τὸν
5221	ἐχθρὸν
5222	ὁρῶν
5223	,
5224	εἰκότως
5225	·
5226	ἐν
5227	ᾗ
5228	γὰρ
5229	αὐτὸς
5230	εὐδαίμων
5231	ᾔδει
5232	γεγονὼς
5233	πολιτείᾳ
5234	,
5235	ταύτῃ
5236	συγχωρεῖν
5237	τὰ
5238	τοιαῦτ’
5239	ἠξίου
5240	.
5241	πάλιν
5242	Φιλόστρατον
5243	πάντες
5244	ἴσμεν
5245	τὸν
5246	Κολωνῆθεν
5247	Χαβρίου
5248	κατηγοροῦντα
5249	,
5250	ὅτ’
5251	ἐκρίνετο
5252	τὴν
5253	περὶ
5254	Ὠρωποῦ
5255	κρίσιν
5256	θανάτου
5257	,
5258	καὶ
5259	πάντων
5260	τῶν
5261	κατηγόρων
5262	πικρότατον
5263	γενόμενον
5264	,
5265	καὶ
5266	μετὰ
5267	ταῦτα
5268	χορηγοῦντα
5269	παισὶν
5270	Διονύσια
5271	καὶ
5272	νικῶντα
5273	,
5274	καὶ
5275	Χαβρίαν
5276	οὔ
5277	τε
5278	τύπτοντα
5279	οὔτ’
5280	ἀφαρπάζοντα
5281	τὸν
5282	στέφανον
5283	οὔθ’
5284	ὅλως
5285	προσιόνθ’
5286	ὅποι
5287	μὴ
5288	προσῆκεν
5289	αὐτῷ
5290	.
5291	πολλοὺς
5292	δ’
5293	ἂν
5294	ἔχων
5295	εἰπεῖν
5296	ἔτι
5297	καὶ
5298	διὰ
5299	πολλὰς
5300	προφάσεις
5301	ἐχθροὺς
5302	γεγενημένους
5303	ἀλλήλοις
5304	,
5305	οὐδένα
5306	πώποτ’
5307	οὔτ’
5308	ἀκήκοα
5309	οὔθ’
5310	ἑόρακα
5311	ὅστις
5312	εἰς
5313	τοσοῦτον
5314	ἐλήλυθεν
5315	ὕβρεως
5316	ὥστε
5317	τοιοῦτόν
5318	τι
5319	ποιεῖν
5320	.
5321	οὐ
5322	δέ
5323	γ’
5324	ἐκεῖν’
5325	οὐδεὶς
5326	ὑμῶν
5327	οἶδ’
5328	ὅτι
5329	μνημονεύει
5330	πρότερον
5331	,
5332	τῶν
5333	ἐπὶ
5334	τοῖς
5335	ἰδίοις
5336	ἢ
5337	καὶ
5338	τοῖς
5339	κοινοῖς
5340	ἐχθρῶν
5341	ἀλλήλοις
5342	οὐδέν’
5343	οὔ
5344	τε
5345	καλουμένων
5346	τῶν
5347	κριτῶν
5348	παρεστηκότα
5349	,
5350	οὔθ’
5351	ὅταν
5352	ὀμνύωσιν
5353	ἐξορκοῦντα
5354	,
5355	οὔθ’
5356	ὅλως
5357	ἐπ’
5358	οὐδενὶ
5359	τῶν
5360	τοιούτων
5361	ἐχθρὸν
5362	ἐξεταζόμενον
5363	.
5364	ταῦτα
5365	γὰρ
5366	πάντα
5367	καὶ
5368	τὰ
5369	τοιαῦτ’
5370	,
5371	ὦ
5372	ἄνδρες
5373	Ἀθηναῖοι
5374	,
5375	φιλονικίᾳ
5376	μὲν
5377	ὑπαχθέντα
5378	χορηγὸν
5379	ὄντα
5380	ποιεῖν
5381	ἔχει
5382	τινὰ
5383	συγγνώμην
5384	·
5385	ἔχθρᾳ
5386	δ’
5387	ἐλαύνοντά
5388	τινα
5389	,
5390	ἐκ
5391	προαιρέσεως
5392	,
5393	ἐφ’
5394	ἅπασι
5395	,
5396	καὶ
5397	τὴν
5398	ἰδίαν
5399	δύναμιν
5400	κρείττω
5401	τῶν
5402	νόμων
5403	οὖσαν
5404	ἐνδεικνύμενον
5405	,
5406	Ἡράκλεις
5407	,
5408	βαρὺ
5409	κοὐχὶ
5410	δίκαιόν
5411	ἐστιν
5412	οὐ
5413	δὲ
5414	συμφέρον
5415	ὑμῖν
5416	.
5417	εἰ
5418	γὰρ
5419	ἑκάστῳ
5420	τῶν
5421	χορηγούντων
5422	τοῦτο
5423	πρόδηλον
5424	γένοιτο
5425	,
5426	ὅτι
5427	ἂν
5428	ὁ
5429	δεῖν’
5430	ἐχθρὸς
5431	ᾖ
5432	μοι
5433	,
5434	Μειδίας
5435	ἤ
5436	τις
5437	ἄλλος
5438	θρασὺς
5439	οὕτω
5440	καὶ
5441	πλούσιος
5442	,
5443	πρῶτον
5444	μὲν
5445	ἀφαιρεθήσομαι
5446	τὴν
5447	νίκην
5448	,
5449	κ
5450	ἂν
5451	ἄμεινον
5452	ἀγωνίσωμαί
5453	τινος
5454	,
5455	ἔπειτ’
5456	ἐφ’
5457	ἅπασιν
5458	ἐλαττωθήσομαι
5459	καὶ
5460	προπηλακιζόμενος
5461	διατελῶ
5462	,
5463	τίς
5464	οὕτως
5465	ἀλόγιστος
5466	ἢ
5467	τίς
5468	οὕτως
5469	ἄθλιός
5470	ἐστιν
5471	,
5472	ὅστις
5473	ἑκὼν
5474	ἂν
5475	μίαν
5476	δραχμὴν
5477	ἐθελήσειεν
5478	ἀναλῶσαι
5479	;
5480	οὐδεὶς
5481	δήπου
5482	.
5483	ἀλλ’
5484	,
5485	οἶμαι
5486	,
5487	τὸ
5488	πάντας
5489	ποιοῦν
5490	καὶ
5491	φιλοτιμεῖσθαι
5492	καὶ
5493	ἀναλίσκειν
5494	ἐθέλειν
5495	ἐκεῖν’
5496	ἐστίν
5497	,
5498	ὅτι
5499	τῶν
5500	ἴσων
5501	καὶ
5502	τῶν
5503	δικαίων
5504	ἕκαστος
5505	ἡγεῖται
5506	ἑαυτῷ
5507	μετεῖναι
5508	ἐν
5509	δημοκρατίᾳ
5510	.
5511	ἐγὼ
5512	τοίνυν
5513	,
5514	ὦ
5515	ἄνδρες
5516	Ἀθηναῖοι
5517	,
5518	τούτων
5519	οὐκ
5520	ἔτυχον
5521	διὰ
5522	τοῦτον
5523	,
5524	ἀλλὰ
5525	χωρὶς
5526	ὧν
5527	ὑβρίσθην
5528	,
5529	καὶ
5530	τῆς
5531	νίκης
5532	προσαπεστερήθην
5533	.
5534	καίτοι
5535	πᾶσιν
5536	ὑμῖν
5537	ἐγὼ
5538	τοῦτο
5539	δείξω
5540	σαφῶς
5541	,
5542	ὅτι
5543	μηδὲν
5544	ἀσελγὲς
5545	ἐξῆν
5546	ποιοῦντι
5547	Μειδίᾳ
5548	μηδ’
5549	ὑβρίζοντι
5550	μη
5551	δὲ
5552	τύπτοντι
5553	καὶ
5554	λυπεῖν
5555	ἐμὲ
5556	καὶ
5557	κατὰ
5558	τοὺς
5559	νόμους
5560	αὐτῷ
5561	φιλοτιμεῖσθαι
5562	πρὸς
5563	ὑμᾶς
5564	,
5565	καὶ
5566	μη
5567	δὲ
5568	διᾶραι
5569	περὶ
5570	αὐτοῦ
5571	τὸ
5572	στόμ’
5573	ἔχειν
5574	ἐμέ
5575	.
5576	ἐχρῆν
5577	γὰρ
5578	αὐτόν
5579	,
5580	ὦ
5581	ἄνδρες
5582	Ἀθηναῖοι
5583	,
5584	ὅτ’
5585	ἐγὼ
5586	τῆς
5587	Πανδιονίδος
5588	χορηγὸς
5589	ὑπέστην
5590	ἐν
5591	τῷ
5592	δήμῳ
5593	,
5594	τότε
5595	τῆς
5596	Ἐρεχθῇδος
5597	ἀναστάντα
5598	,
5599	τῆς
5600	ἑαυτοῦ
5601	φυλῆς
5602	,
5603	ἀνθυποστῆναι
5604	,
5605	καὶ
5606	καταστήσανθ’
5607	ἑαυτὸν
5608	ἐξ
5609	ἴσου
5610	καὶ
5611	τὰ
5612	ὄντ’
5613	ἀναλίσκονθ’
5614	ὥσπερ
5615	ἐγώ
5616	,
5617	οὕτω
5618	μ’
5619	ἀφαιρεῖσθαι
5620	τὴν
5621	νίκην
5622	,
5623	ὑβρίζειν
5624	δὲ
5625	τοιαῦτα
5626	καὶ
5627	τύπτειν
5628	μη
5629	δὲ
5630	τότε
5631	.
5632	νῦν
5633	δὲ
5634	τοῦτο
5635	μὲν
5636	οὐκ
5637	ἐποίησεν
5638	,
5639	ἐν
5640	ᾧ
5641	τὸν
5642	δῆμον
5643	ἐτίμησεν
5644	ἄν
5645	,
5646	οὐδ’
5647	ἐνεανιεύσατο
5648	τοιοῦτον
5649	οὐδέν
5650	·
5651	ἐμοὶ
5652	δ’
5653	,
5654	ὃς
5655	εἴ
5656	τε
5657	τις
5658	,
5659	ὦ
5660	ἄνδρες
5661	Ἀθηναῖοι
5662	,
5663	βούλεται
5664	νομίσαι
5665	μανίαν
5666	(
5667	μανία
5668	γὰρ
5669	ἴσως
5670	ἐστὶν
5671	ὑπὲρ
5672	δύναμίν
5673	τι
5674	ποιεῖν
5675	)
5676	,
5677	εἴ
5678	τε
5679	καὶ
5680	φιλοτιμίᾳ
5681	χορηγὸς
5682	ὑπέστην
5683	,
5684	οὕτω
5685	φανερῶς
5686	καὶ
5687	μιαρῶς
5688	ἐπηρεάζων
5689	παρηκολούθησεν
5690	ὥστε
5691	μη
5692	δὲ
5693	τῶν
5694	ἱερῶν
5695	ἱματίων
5696	μη
5697	δὲ
5698	τοῦ
5699	χοροῦ
5700	μη
5701	δὲ
5702	τοῦ
5703	σώματος
5704	τὼ
5705	χεῖρε
5706	τελευτῶν
5707	ἀποσχέσθαι
5708	μου
5709	.
5710	εἰ
5711	τοίνυν
5712	τις
5713	ὑμῶν
5714	,
5715	ὦ
5716	ἄνδρες
5717	Ἀθηναῖοι
5718	,
5719	ἄλλως
5720	πως
5721	ἔχει
5722	τὴν
5723	ὀργὴν
5724	ἐπὶ
5725	Μειδίαν
5726	ἢ
5727	ὡς
5728	δέον
5729	αὐτὸν
5730	τεθνάναι
5731	,
5732	οὐκ
5733	ὀρθῶς
5734	ἔχει
5735	.
5736	οὐ
5737	γάρ
5738	ἐστι
5739	δίκαιον
5740	οὐ
5741	δὲ
5742	προσῆκον
5743	τὴν
5744	τοῦ
5745	παθόντος
5746	εὐλάβειαν
5747	τῷ
5748	μηδὲν
5749	ὑποστειλαμένῳ
5750	πρὸς
5751	ὕβριν
5752	μερίδ’
5753	εἰς
5754	σωτηρίαν
5755	ὑπάρχειν
5756	,
5757	ἀλλὰ
5758	τὸν
5759	μὲν
5760	ὡς
5761	ἁπάντων
5762	τῶν
5763	ἀνηκέστων
5764	αἴτιον
5765	κολάζειν
5766	προσήκει
5767	,
5768	τῷ
5769	δ’
5770	ἐπὶ
5771	τοῦ
5772	βοηθεῖν
5773	ἀποδιδόναι
5774	τὴν
5775	χάριν
5776	.
5777	οὐ
5778	δὲ
5779	γὰρ
5780	αὖ
5781	τοῦτ’
5782	ἔστιν
5783	εἰπεῖν
5784	,
5785	ὡς
5786	οὐ
5787	γεγενημένου
5788	πώποτ’
5789	οὐδενὸς
5790	ἐκ
5791	τῶν
5792	τοιούτων
5793	δεινοῦ
5794	τῷ
5795	λόγῳ
5796	τὸ
5797	πρᾶγμ’
5798	ἐγὼ
5799	νῦν
5800	αἴρω
5801	καὶ
5802	φοβερὸν
5803	ποιῶ
5804	.
5805	πολλοῦ
5806	γε
5807	καὶ
5808	δεῖ
5809	.
5810	ἀλλ’
5811	ἴσασιν
5812	ἅπαντες
5813	,
5814	εἰ
5815	δὲ
5816	μή
5817	,
5818	πολλοί
5819	γε
5820	,
5821	Εὔθυνον
5822	τὸν
5823	παλαίσαντά
5824	ποτ’
5825	ἐκεῖνον
5826	,
5827	τὸν
5828	νεανίσκον
5829	,
5830	Σώφιλον
5831	τὸν
5832	παγκρατιαστήν
5833	(
5834	ἰσχυρός
5835	τις
5836	ἦν
5837	,
5838	μέλας
5839	,
5840	εὖ
5841	οἶδ’
5842	ὅτι
5843	γιγνώσκουσίν
5844	τινες
5845	ὑμῶν
5846	ὃν
5847	λέγω
5848	,
5849	)
5850	τοῦτον
5851	ἐν
5852	Σάμῳ
5853	ἐν
5854	συνουσίᾳ
5855	τινὶ
5856	καὶ
5857	διατριβῇ
5858	οὕτως
5859	ἰδίᾳ
5860	,
5861	ὅτι
5862	αὐτὸν
5863	ὑβρίζειν
5864	ᾤετο
5865	,
5866	ἀμυνάμενον
5867	οὕτως
5868	ὥστε
5869	καὶ
5870	ἀποκτεῖναι
5871	.
5872	ἴσασιν
5873	Εὐαίωνα
5874	πολλοὶ
5875	τὸν
5876	Λεωδάμαντος
5877	ἀδελφόν
5878	,
5879	ἀποκτείναντα
5880	Βοιωτὸν
5881	ἐν
5882	δείπνῳ
5883	καὶ
5884	συνόδῳ
5885	κοινῇ
5886	διὰ
5887	πληγὴν
5888	μίαν
5889	.
5890	οὐ
5891	γὰρ
5892	ἡ
5893	πληγὴ
5894	παρέστησε
5895	τὴν
5896	ὀργήν
5897	,
5898	ἀλλ’
5899	ἡ
5900	ἀτιμία
5901	·
5902	οὐ
5903	δὲ
5904	τὸ
5905	τύπτεσθαι
5906	τοῖς
5907	ἐλευθέροις
5908	ἐστὶ
5909	δεινόν
5910	,
5911	καίπερ
5912	ὂν
5913	δεινόν
5914	,
5915	ἀλλὰ
5916	τὸ
5917	ἐφ’
5918	ὕβρει
5919	.
5920	πολλὰ
5921	γὰρ
5922	ἂν
5923	ποιήσειεν
5924	ὁ
5925	τύπτων
5926	,
5927	ὦ
5928	ἄνδρες
5929	Ἀθηναῖοι
5930	,
5931	ὧν
5932	ὁ
5933	παθὼν
5934	ἔνι’
5935	οὐδ’
5936	ἂν
5937	ἀπαγγεῖλαι
5938	δύναιθ’
5939	ἑτέρῳ
5940	,
5941	τῷ
5942	σχήματι
5943	,
5944	τῷ
5945	βλέμματι
5946	,
5947	τῇ
5948	φωνῇ
5949	,
5950	ὅταν
5951	ὡς
5952	ὑβρίζων
5953	,
5954	ὅταν
5955	ὡς
5956	ἐχθρὸς
5957	ὑπάρχων
5958	,
5959	ὅταν
5960	κονδύλοις
5961	,
5962	ὅταν
5963	ἐπὶ
5964	κόρρης
5965	.
5966	ταῦτα
5967	κινεῖ
5968	,
5969	ταῦτ’
5970	ἐξίστησιν
5971	ἀνθρώπους
5972	αὑτῶν
5973	,
5974	ἀήθεις
5975	ὄντας
5976	τοῦ
5977	προπηλακίζεσθαι
5978	.
5979	οὐδεὶς
5980	ἄν
5981	,
5982	ὦ
5983	ἄνδρες
5984	Ἀθηναῖοι
5985	,
5986	ταῦτ’
5987	ἀπαγγέλλων
5988	δύναιτο
5989	τὸ
5990	δεινὸν
5991	παραστῆσαι
5992	τοῖς
5993	ἀκούουσιν
5994	οὕτως
5995	ὡς
5996	ἐπὶ
5997	τῆς
5998	ἀληθείας
5999	καὶ
6000	τοῦ
6001	πράγματος
6002	τῷ
6003	πάσχοντι
6004	καὶ
6005	τοῖς
6006	ὁρῶσιν
6007	ἐναργὴς
6008	ἡ
6009	ὕβρις
6010	φαίνεται
6011	.
6012	σκέψασθε
6013	δὴ
6014	πρὸς
6015	Διὸς
6016	καὶ
6017	θεῶν
6018	,
6019	ὦ
6020	ἄνδρες
6021	Ἀθηναῖοι
6022	,
6023	καὶ
6024	λογίσασθε
6025	παρ’
6026	ὑμῖν
6027	αὐτοῖς
6028	,
6029	ὅσῳ
6030	πλείον’
6031	ὀργὴν
6032	ἐμοὶ
6033	προσῆκε
6034	παραστῆναι
6035	πάσχοντι
6036	τοιαῦθ’
6037	ὑπὸ
6038	Μειδίου
6039	ἢ
6040	τότ’
6041	ἐκείνῳ
6042	τῷ
6043	Εὐαίωνι
6044	τῷ
6045	τὸν
6046	Βοιωτὸν
6047	ἀποκτείναντι
6048	.
6049	ὁ
6050	μέν
6051	γ’
6052	ὑπὸ
6053	γνωρίμου
6054	,
6055	καὶ
6056	τούτου
6057	μεθύοντος
6058	,
6059	ἐναντίον
6060	ἓξ
6061	ἢ
6062	ἕπτ’
6063	ἀνθρώπων
6064	ἐπλήγη
6065	,
6066	καὶ
6067	τούτων
6068	γνωρίμων
6069	,
6070	οἳ
6071	τὸν
6072	μὲν
6073	κακιεῖν
6074	οἷς
6075	ἔπραξε
6076	,
6077	τὸν
6078	δ’
6079	ἐπαινέσεσθαι
6080	μετὰ
6081	ταῦτ’
6082	ἀνασχόμενον
6083	καὶ
6084	κατασχόνθ’
6085	ἑαυτὸν
6086	ἔμελλον
6087	,
6088	καὶ
6089	ταῦτ’
6090	εἰς
6091	οἰκίαν
6092	ἐλθὼν
6093	ἐπὶ
6094	δεῖπνον
6095	,
6096	οἷ
6097	μη
6098	δὲ
6099	βαδίζειν
6100	ἐξῆν
6101	αὐτῷ
6102	·
6103	ἐγὼ
6104	δ’
6105	ὑπ’
6106	ἐχθροῦ
6107	,
6108	νήφοντος
6109	,
6110	ἕωθεν
6111	,
6112	ὕβρει
6113	καὶ
6114	οὐκ
6115	οἴνῳ
6116	τοῦτο
6117	ποιοῦντος
6118	,
6119	ἐναντίον
6120	πολλῶν
6121	καὶ
6122	ξένων
6123	καὶ
6124	πολιτῶν
6125	ὑβριζόμην
6126	,
6127	καὶ
6128	ταῦτ’
6129	ἐν
6130	ἱερῷ
6131	καὶ
6132	οἷ
6133	πολλή
6134	μοι
6135	ἦν
6136	ἀνάγκη
6137	βαδίζειν
6138	χορηγοῦντι
6139	.
6140	καὶ
6141	ἐμαυτὸν
6142	μέν
6143	γ’
6144	,
6145	ὦ
6146	ἄνδρες
6147	Ἀθηναῖοι
6148	,
6149	σωφρόνως
6150	,
6151	μᾶλλον
6152	δ’
6153	εὐτυχῶς
6154	οἶμαι
6155	βεβουλεῦσθαι
6156	,
6157	ἀνασχόμενον
6158	τότε
6159	καὶ
6160	οὐδὲν
6161	ἀνήκεστον
6162	ἐξαχθέντα
6163	πρᾶξαι
6164	·
6165	τῷ
6166	δ’
6167	Εὐαίωνι
6168	καὶ
6169	πᾶσιν
6170	,
6171	εἴ
6172	τις
6173	αὑτῷ
6174	βεβοήθηκεν
6175	ἀτιμαζόμενος
6176	,
6177	πολλὴν
6178	συγγνώμην
6179	ἔχω
6180	.
6181	δοκοῦσι
6182	δέ
6183	μοι
6184	καὶ
6185	τῶν
6186	δικασάντων
6187	τότε
6188	πολλοί
6189	·
6190	ἀκούω
6191	γὰρ
6192	αὐτὸν
6193	ἔγωγε
6194	μιᾷ
6195	μόνον
6196	ἁλῶναι
6197	ψήφῳ
6198	,
6199	καὶ
6200	ταῦτ’
6201	οὔ
6202	τε
6203	κλαύσαντ’
6204	οὔ
6205	τε
6206	δεηθέντα
6207	τῶν
6208	δικαστῶν
6209	οὐδενός
6210	,
6211	οὔ
6212	τε
6213	φιλάνθρωπον
6214	οὔ
6215	τε
6216	μικρὸν
6217	οὔ
6218	τε
6219	μέγ’
6220	οὐδ’
6221	ὁτιοῦν
6222	πρὸς
6223	τοὺς
6224	δικαστὰς
6225	ποιήσαντα
6226	.
6227	θῶμεν
6228	τοίνυν
6229	οὑτωσί
6230	,
6231	τοὺς
6232	μὲν
6233	καταγνόντας
6234	αὐτοῦ
6235	μὴ
6236	ὅτι
6237	ἠμύνατο
6238	,
6239	διὰ
6240	τοῦτο
6241	καταψηφίσασθαι
6242	,
6243	ἀλλ’
6244	ὅτι
6245	τοῦτον
6246	τὸν
6247	τρόπον
6248	ὥστε
6249	καὶ
6250	ἀποκτεῖναι
6251	,
6252	τοὺς
6253	δ’
6254	ἀπογνόντας
6255	καὶ
6256	ταύτην
6257	τὴν
6258	ὑπερβολὴν
6259	τῆς
6260	τιμωρίας
6261	τῷ
6262	γε
6263	τὸ
6264	σῶμ’
6265	ὑβρισμένῳ
6266	δεδωκέναι
6267	.
6268	τί
6269	οὖν
6270	;
6271	ἐμοὶ
6272	τῷ
6273	τοσαύτῃ
6274	κεχρημένῳ
6275	προνοίᾳ
6276	τοῦ
6277	μηδὲν
6278	ἀνήκεστον
6279	γενέσθαι
6280	,
6281	ὥστε
6282	μηδ’
6283	ἀμύνασθαι
6284	,
6285	παρὰ
6286	τοῦ
6287	τὴν
6288	τιμωρίαν
6289	ὧν
6290	πέπονθ’
6291	ἀποδοθῆναι
6292	προσήκει
6293	;
6294	ἐγὼ
6295	μὲν
6296	οἶμαι
6297	παρ’
6298	ὑμῶν
6299	καὶ
6300	τῶν
6301	νόμων
6302	,
6303	καὶ
6304	παράδειγμά
6305	γε
6306	πᾶσι
6307	γενέσθαι
6308	τοῖς
6309	ἄλλοις
6310	,
6311	ὅτι
6312	τοὺς
6313	ὑβρίζοντας
6314	ἅπαντας
6315	καὶ
6316	τοὺς
6317	ἀσελγεῖς
6318	οὐκ
6319	αὐτὸν
6320	ἀμύνεσθαι
6321	μετὰ
6322	τῆς
6323	ὀργῆς
6324	,
6325	ἀλλ’
6326	ἐφ’
6327	ὑμᾶς
6328	ἄγειν
6329	δεῖ
6330	,
6331	ὡς
6332	βεβαιούντων
6333	ὑμῶν
6334	καὶ
6335	φυλαττόντων
6336	τὰς
6337	ἐν
6338	τοῖς
6339	νόμοις
6340	τοῖς
6341	παθοῦσι
6342	βοηθείας
6343	.
6344	οἶμαι
6345	τοίνυν
6346	τινὰς
6347	ὑμῶν
6348	,
6349	ὦ
6350	ἄνδρες
6351	δικασταί
6352	,
6353	ποθεῖν
6354	ἀκοῦσαι
6355	τὴν
6356	ἔχθραν
6357	,
6358	ἥτις
6359	ἦν
6360	ἡμῖν
6361	πρὸς
6362	ἀλλήλους
6363	·
6364	νομίζειν
6365	γὰρ
6366	οὐδέν’
6367	ἂν
6368	ἀνθρώπων
6369	οὕτως
6370	ἀσελγῶς
6371	καὶ
6372	βιαίως
6373	οὐδενὶ
6374	τῶν
6375	πολιτῶν
6376	χρήσασθαι
6377	,
6378	μὴ
6379	μεγάλου
6380	τινὸς
6381	ὄντος
6382	ὃ
6383	αὐτῷ
6384	προωφείλετο
6385	.
6386	βούλομαι
6387	δὴ
6388	καὶ
6389	περὶ
6390	ταύτης
6391	ὑμῖν
6392	ἐξ
6393	ἀρχῆς
6394	εἰπεῖν
6395	καὶ
6396	διηγήσασθαι
6397	,
6398	ἵν’
6399	εἰδῆθ’
6400	ὅτι
6401	καὶ
6402	τούτων
6403	ὀφείλων
6404	δίκην
6405	φανήσεται
6406	.
6407	ἔσται
6408	δὲ
6409	βραχὺς
6410	περὶ
6411	αὐτῶν
6412	ὁ
6413	λόγος
6414	,
6415	κ
6416	ἂν
6417	ἄνωθεν
6418	ἄρχεσθαι
6419	δοκῶ
6420	.
6421	ἡνίκα
6422	τὰς
6423	δίκας
6424	ἔλαχον
6425	τῶν
6426	πατρῴων
6427	τοῖς
6428	ἐπιτρόποις
6429	,
6430	μειρακύλλιον
6431	ὢν
6432	κομιδῇ
6433	καὶ
6434	τοῦτον
6435	οὐδ’
6436	εἰ
6437	γέγον’
6438	εἰδὼς
6439	οὐ
6440	δὲ
6441	γιγνώσκων
6442	ὡς
6443	μη
6444	δὲ
6445	νῦν
6446	ὤφελον
6447	,
6448	τότε
6449	μοι
6450	μελλουσῶν
6451	εἰσιέναι
6452	τῶν
6453	δικῶν
6454	εἰς
6455	ἡμέραν
6456	ὡσπερεὶ
6457	τετάρτην
6458	ἢ
6459	πέμπτην
6460	εἰσεπήδησαν
6461	ἁδελφὸς
6462	ὁ
6463	τούτου
6464	καὶ
6465	οὗτος
6466	εἰς
6467	τὴν
6468	οἰκίαν
6469	ἀντιδιδόντες
6470	τριηραρχίαν
6471	.
6472	τ
6473	οὔνομα
6474	μὲν
6475	δὴ
6476	παρέσχεν
6477	ἐκεῖνος
6478	,
6479	καὶ
6480	ἦν
6481	ὁ
6482	ἀντιδιδοὺς
6483	Θρασύλοχος
6484	·
6485	τὰ
6486	δ’
6487	ἔργα
6488	πάντ’
6489	ἦν
6490	καὶ
6491	τὰ
6492	πραττόμενα
6493	ὑπὸ
6494	τούτου
6495	.
6496	καὶ
6497	πρῶτον
6498	μὲν
6499	κατέσχισαν
6500	τὰς
6501	θύρας
6502	τῶν
6503	οἰκημάτων
6504	,
6505	ὡς
6506	αὐτῶν
6507	ἤδη
6508	γιγνομένας
6509	κατὰ
6510	τὴν
6511	ἀντίδοσιν
6512	·
6513	εἶτα
6514	τῆς
6515	ἀδελφῆς
6516	,
6517	ἔτ’
6518	ἔνδον
6519	τότε
6520	καὶ
6521	παιδὸς
6522	οὔσης
6523	κόρης
6524	,
6525	ἐναντίον
6526	ἐφθέγγοντ’
6527	αἰσχρὰ
6528	καὶ
6529	τοιαῦθ’
6530	οἷ’
6531	ἂν
6532	ἄνθρωποι
6533	τοιοῦτοι
6534	φθέγξαιντο
6535	(
6536	οὐ
6537	γὰρ
6538	ἔγωγε
6539	προαχθείην
6540	ἂν
6541	εἰπεῖν
6542	πρὸς
6543	ὑμᾶς
6544	τῶν
6545	τότε
6546	ῥηθέντων
6547	οὐδέν
6548	)
6549	,
6550	καὶ
6551	τὴν
6552	μητέρα
6553	κ
6554	ἀμὲ
6555	καὶ
6556	πάντας
6557	ἡμᾶς
6558	ῥητὰ
6559	καὶ
6560	ἄρρητα
6561	κάκ’
6562	ἐξεῖπον
6563	·
6564	ὃ
6565	δ’
6566	οὖν
6567	δεινότατον
6568	καὶ
6569	οὐ
6570	λόγος
6571	,
6572	ἀλλ’
6573	ἔργον
6574	ἤδη
6575	·
6576	τὰς
6577	δίκας
6578	ὡς
6579	αὐτῶν
6580	οὔσας
6581	ἀφίεσαν
6582	τοῖς
6583	ἐπιτρόποις
6584	.
6585	καὶ
6586	ταῦτ’
6587	ἐστὶ
6588	μὲν
6589	παλαιά
6590	,
6591	ὅμως
6592	δέ
6593	τινας
6594	μνημονεύειν
6595	ὑμῶν
6596	οἴομαι
6597	·
6598	ὅλη
6599	γὰρ
6600	ἡ
6601	πόλις
6602	τὴν
6603	ἀντίδοσιν
6604	καὶ
6605	τὴν
6606	ἐπιβουλὴν
6607	τότε
6608	ταύτην
6609	καὶ
6610	τὴν
6611	ἀσέλγειαν
6612	ᾔσθετο
6613	.
6614	κ
6615	ἀγὼ
6616	τότε
6617	παντάπασιν
6618	ἔρημος
6619	ὢν
6620	καὶ
6621	νέος
6622	κομιδῇ
6623	,
6624	ἵνα
6625	μὴ
6626	τῶν
6627	παρὰ
6628	τοῖς
6629	ἐπιτρόποις
6630	ἀποστερηθείην
6631	,
6632	οὐχ
6633	ὅσ’
6634	ἐδυνήθην
6635	ἀνακομίσασθαι
6636	προσδοκῶν
6637	εἰσπράξειν
6638	,
6639	ἀλλ’
6640	ὅσων
6641	ἐμαυτῷ
6642	συνῄδειν
6643	ἀπεστερημένῳ
6644	,
6645	δίδωμ’
6646	εἴκοσι
6647	μνᾶς
6648	τούτοις
6649	,
6650	ὅσου
6651	τὴν
6652	τριηραρχίαν
6653	ἦσαν
6654	μεμισθωκότες
6655	.
6656	τὰ
6657	μὲν
6658	δὴ
6659	τόθ’
6660	ὑβρίσματα
6661	τούτων
6662	εἰς
6663	ἐμὲ
6664	ταῦτ’
6665	ἐστίν
6666	.
6667	δίκην
6668	δὲ
6669	τούτῳ
6670	λαχὼν
6671	ὕστερον
6672	τῆς
6673	κακηγορίας
6674	εἷλον
6675	ἐρήμην
6676	·
6677	οὐ
6678	γὰρ
6679	ἀπήντα
6680	.
6681	λαβὼν
6682	δ’
6683	ὑπερήμερον
6684	καὶ
6685	ἔχων
6686	,
6687	οὐδενὸς
6688	ἡψάμην
6689	πώποτε
6690	τῶν
6691	τούτου
6692	,
6693	ἀλλὰ
6694	λαχὼν
6695	ἐξούλης
6696	πάλιν
6697	οὐδέπω
6698	καὶ
6699	τήμερον
6700	εἰσελθεῖν
6701	δεδύνημαι
6702	·
6703	τοσαύτας
6704	τέχνας
6705	καὶ
6706	σκήψεις
6707	οὗτος
6708	εὑρίσκων
6709	ἐκκρούει
6710	.
6711	κ
6712	ἀγὼ
6713	μὲν
6714	οὕτως
6715	εὐλαβῶς
6716	τῇ
6717	δίκῃ
6718	,
6719	τοῖς
6720	νόμοις
6721	ἅπαντα
6722	πράττειν
6723	ἀξιῶ
6724	·
6725	ὁ
6726	δ’
6727	,
6728	ὡς
6729	ὑμεῖς
6730	ἀκούετε
6731	,
6732	ἀσελγῶς
6733	οὐ
6734	μόνον
6735	εἰς
6736	ἐμὲ
6737	καὶ
6738	τοὺς
6739	ἐμοὺς
6740	ᾤετο
6741	δεῖν
6742	ὑβρίζειν
6743	,
6744	ἀλλὰ
6745	καὶ
6746	εἰς
6747	τοὺς
6748	φυλέτας
6749	δι’
6750	ἐμέ
6751	.
6752	ὡς
6753	οὖν
6754	ταῦτ’
6755	ἀληθῆ
6756	λέγω
6757	,
6758	κάλει
6759	μοι
6760	τούτων
6761	τοὺς
6762	μάρτυρας
6763	,
6764	ἵν’
6765	εἰδῆθ’
6766	ὅτι
6767	,
6768	πρὶν
6769	κατὰ
6770	τοὺς
6771	νόμους
6772	δίκην
6773	ὧν
6774	πρότερον
6775	ἠδικήθην
6776	λαβεῖν
6777	,
6778	πάλιν
6779	τοιαῦθ’
6780	οἷ’
6781	ἀκηκόαθ’
6782	ὕβρισμαι
6783	.
6784	ΜΑΡΤΥΡΙΑ
6785	Καλλισθένης
6786	Σφήττιος
6787	,
6788	Διόγνητος
6789	Θορίκιος
6790	,
6791	Μνησίθεος
6792	Ἀλωπεκῆθεν
6793	,
6794	οἴδαμεν
6795	Δημοσθένην
6796	,
6797	ᾧ
6798	μαρτυροῦμεν
6799	,
6800	κρίσιν
6801	λελογχότα
6802	Μειδίᾳ
6803	ἐξούλης
6804	,
6805	τῷ
6806	καὶ
6807	νῦν
6808	ὑπ’
6809	αὐτοῦ
6810	κρινομένῳ
6811	δημοσίᾳ
6812	,
6813	καὶ
6814	ἤδη
6815	τῇ
6816	κρίσει
6817	ἐκείνῃ
6818	διαγεγονότα
6819	ἔτη
6820	ὀκτώ
6821	,
6822	καὶ
6823	τοῦ
6824	χρόνου
6825	γεγενημένον
6826	παντὸς
6827	αἴτιον
6828	Μειδίαν
6829	ἀεὶ
6830	προφασιζόμενον
6831	καὶ
6832	ἀναβαλλόμενον
6833	.
6834	ὃ
6835	τοίνυν
6836	πεποίηκεν
6837	,
6838	ὦ
6839	ἄνδρες
6840	Ἀθηναῖοι
6841	,
6842	περὶ
6843	τῆς
6844	δίκης
6845	,
6846	ἀκούσατε
6847	,
6848	καὶ
6849	θεωρεῖτ’
6850	ἐφ’
6851	ἑκάστου
6852	τὴν
6853	ὕβριν
6854	καὶ
6855	τὴν
6856	ὑπερηφανίαν
6857	αὐτοῦ
6858	.
6859	τῆς
6860	γὰρ
6861	δίκης
6862	,
6863	ταύτης
6864	λέγω
6865	ἧς
6866	εἷλον
6867	αὐτόν
6868	,
6869	γίγνεταί
6870	μοι
6871	διαιτητὴς
6872	Στράτων
6873	Φαληρεύς
6874	,
6875	ἄνθρωπος
6876	πένης
6877	μέν
6878	τις
6879	καὶ
6880	ἀπράγμων
6881	,
6882	ἄλλως
6883	δ’
6884	οὐ
6885	πονηρός
6886	,
6887	ἀλλὰ
6888	καὶ
6889	πάνυ
6890	χρηστός
6891	·
6892	ὅπερ
6893	τὸν
6894	ταλαίπωρον
6895	οὐκ
6896	ὀρθῶς
6897	οὐ
6898	δὲ
6899	δικαίως
6900	,
6901	ἀλλὰ
6902	καὶ
6903	πάνυ
6904	αἰσχρῶς
6905	ἀπολώλεκεν
6906	.
6907	οὗτος
6908	διαιτῶν
6909	ἡμῖν
6910	ὁ
6911	Στράτων
6912	,
6913	ἐπειδή
6914	ποθ’
6915	ἧκεν
6916	ἡ
6917	κυρία
6918	,
6919	πάντα
6920	δ’
6921	ἤδη
6922	διεξεληλύθει
6923	ταῦτα
6924	τ
6925	ἀκ
6926	τῶν
6927	νόμων
6928	,
6929	ὑπωμοσίαι
6930	καὶ
6931	παραγραφαί
6932	,
6933	καὶ
6934	οὐδὲν
6935	ἔτ’
6936	ἦν
6937	ὑπόλοιπον
6938	,
6939	τὸ
6940	μὲν
6941	πρῶτον
6942	ἐπισχεῖν
6943	ἐδεῖτό
6944	μου
6945	τὴν
6946	δίαιταν
6947	,
6948	ἔπειτ’
6949	εἰς
6950	τὴν
6951	ὑστεραίαν
6952	ἀναβαλέσθαι
6953	·
6954	τὸ
6955	τελευταῖον
6956	δ’
6957	,
6958	ὡς
6959	οὔτ’
6960	ἐγὼ
6961	συνεχώρουν
6962	οὔθ’
6963	οὗτος
6964	ἀπήντα
6965	,
6966	τῆς
6967	δ’
6968	ὥρας
6969	ἐγίγνετ’
6970	ὀψέ
6971	,
6972	κατεδιῄτησεν
6973	.
6974	ἤδη
6975	δ’
6976	ἑσπέρας
6977	οὔσης
6978	καὶ
6979	σκότους
6980	ἔρχεται
6981	Μειδίας
6982	οὑτοσὶ
6983	πρὸς
6984	τὸ
6985	τῶν
6986	ἀρχόντων
6987	οἴκημα
6988	,
6989	καὶ
6990	καταλαμβάνει
6991	τοὺς
6992	ἄρχοντας
6993	ἐξιόντας
6994	καὶ
6995	τὸν
6996	Στράτων’
6997	ἀπιόντ’
6998	ἤδη
6999	,
7000	τὴν
7001	ἔρημον
7002	δεδωκότα
7003	,
7004	ὡς
7005	ἐγὼ
7006	τῶν
7007	παραγενομένων
7008	τινὸς
7009	ἐπυνθανόμην
7010	.
7011	τὸ
7012	μὲν
7013	οὖν
7014	πρῶτον
7015	οἷός
7016	τ’
7017	ἦν
7018	πείθειν
7019	αὐτόν
7020	,
7021	ἣν
7022	κατεδεδιῃτήκει
7023	,
7024	ταύτην
7025	ἀποδεδιῃτημένην
7026	ἀποφαίνειν
7027	,
7028	καὶ
7029	τοὺς
7030	ἄρχοντας
7031	μεταγράφειν
7032	,
7033	καὶ
7034	πεντήκοντα
7035	δραχμὰς
7036	αὐτοῖς
7037	ἐδίδου
7038	·
7039	ὡς
7040	δ’
7041	ἐδυσχέραινον
7042	οὗτοι
7043	τὸ
7044	πρᾶγμα
7045	καὶ
7046	οὐδετέρους
7047	ἔπειθεν
7048	,
7049	ἀπειλήσας
7050	καὶ
7051	διαλοιδορηθεὶς
7052	ἀπελθὼν
7053	τί
7054	ποιεῖ
7055	;
7056	καὶ
7057	θεάσασθε
7058	τὴν
7059	κακοήθειαν
7060	.
7061	τὴν
7062	μὲν
7063	δίαιταν
7064	ἀντιλαχὼν
7065	οὐκ
7066	ὤμοσεν
7067	,
7068	ἀλλ’
7069	εἴασε
7070	καθ’
7071	αὑτοῦ
7072	κυρίαν
7073	γενέσθαι
7074	,
7075	καὶ
7076	ἀνώμοτος
7077	ἀπηνέχθη
7078	·
7079	βουλόμενος
7080	δὲ
7081	τὸ
7082	μέλλον
7083	λαθεῖν
7084	,
7085	φυλάξας
7086	τὴν
7087	τελευταίαν
7088	ἡμέραν
7089	τῶν
7090	διαιτητῶν
7091	,
7092	τὴν
7093	τοῦ
7094	θαργηλιῶνος
7095	ἢ
7096	τοῦ
7097	σκιροφοριῶνος
7098	γιγνομένην
7099	,
7100	εἰς
7101	ἣν
7102	ὁ
7103	μὲν
7104	ἦλθε
7105	τῶν
7106	διαιτητῶν
7107	,
7108	ὁ
7109	δ’
7110	οὐκ
7111	ἦλθε
7112	,
7113	πείσας
7114	τὸν
7115	πρυτανεύοντα
7116	δοῦναι
7117	τὴν
7118	ψῆφον
7119	παρὰ
7120	πάντας
7121	τοὺς
7122	νόμους
7123	,
7124	κλητῆρ’
7125	οὐδ’
7126	ὁντινοῦν
7127	ἐπιγραψάμενος
7128	,
7129	κατηγορῶν
7130	ἔρημον
7131	,
7132	οὐδενὸς
7133	παρόντος
7134	,
7135	ἐκβάλλει
7136	καὶ
7137	ἀτιμοῖ
7138	τὸν
7139	διαιτητήν
7140	·
7141	καὶ
7142	νῦν
7143	εἷς
7144	Ἀθηναίων
7145	,
7146	ὅτι
7147	Μειδίας
7148	ἔρημον
7149	ὦφλε
7150	δίκην
7151	,
7152	ἁπάντων
7153	ἀπεστέρηται
7154	τῶν
7155	ἐν
7156	τῇ
7157	πόλει
7158	καὶ
7159	καθάπαξ
7160	ἄτιμος
7161	γέγονεν
7162	·
7163	καὶ
7164	οὔ
7165	τε
7166	λαχεῖν
7167	ἀδικηθέντα
7168	οὔ
7169	τε
7170	διαιτητὴν
7171	γενέσθαι
7172	Μειδίᾳ
7173	οὔθ’
7174	ὅλως
7175	τὴν
7176	αὐτὴν
7177	ὁδὸν
7178	βαδίζειν
7179	,
7180	ὡς
7181	ἔοικεν
7182	,
7183	ἔστ’
7184	ἀσφαλές
7185	.
7186	δεῖ
7187	δὴ
7188	τοῦτο
7189	τὸ
7190	πρᾶγμ’
7191	ὑμᾶς
7192	οὑτωσὶ
7193	σκέψασθαι
7194	,
7195	καὶ
7196	λογίσασθαι
7197	τί
7198	ποτ’
7199	ἔσθ’
7200	ὃ
7201	παθὼν
7202	Μειδίας
7203	οὕτως
7204	ὠμὸν
7205	τηλικαύτην
7206	ἐπεβούλευσε
7207	λαβεῖν
7208	τῶν
7209	πεπραγμένων
7210	παρ’
7211	ἀνδρὸς
7212	πολίτου
7213	δίκην
7214	,
7215	κ
7216	ἂν
7217	μὲν
7218	ᾖ
7219	τι
7220	δεινὸν
7221	ὡς
7222	ἀληθῶς
7223	καὶ
7224	ὑπερφυές
7225	,
7226	συγγνώμην
7227	ἔχειν
7228	,
7229	ἐὰν
7230	δὲ
7231	μηδέν
7232	,
7233	θεάσασθε
7234	τὴν
7235	ἀσέλγειαν
7236	καὶ
7237	τὴν
7238	ὠμότητα
7239	,
7240	ᾗ
7241	καθ’
7242	ἁπάντων
7243	χρῆται
7244	τῶν
7245	ἐντυγχανόντων
7246	.
7247	τί
7248	οὖν
7249	ἔσθ’
7250	ὃ
7251	πέπονθεν
7252	;
7253	μεγάλην
7254	νὴ
7255	Δί’
7256	ὦφλε
7257	δίκην
7258	καὶ
7259	τοσαύτην
7260	ὥστ’
7261	ἀποστερεῖσθαι
7262	τῶν
7263	ὄντων
7264	.
7265	ἀλλὰ
7266	χιλίων
7267	ἡ
7268	δίκη
7269	μόνον
7270	ἦν
7271	δραχμῶν
7272	.
7273	πάνυ
7274	γε
7275	,
7276	ἀλλὰ
7277	δάκνει
7278	καὶ
7279	τοῦτο
7280	,
7281	φαίη
7282	τις
7283	ἄν
7284	,
7285	ὅταν
7286	ἐκτίνειν
7287	ἀδίκως
7288	δέῃ
7289	,
7290	συνέβη
7291	δ’
7292	ὑπερημέρῳ
7293	γενομένῳ
7294	λαθεῖν
7295	αὐτῷ
7296	διὰ
7297	τὸ
7298	ἀδικηθῆναι
7299	.
7300	ἀλλ’
7301	αὐθημερὸν
7302	μὲν
7303	ᾔσθετο
7304	,
7305	ὃ
7306	καὶ
7307	μέγιστόν
7308	ἐστι
7309	τεκμήριον
7310	τοῦ
7311	μηδὲν
7312	ἠδικηκέναι
7313	τὸν
7314	ἄνθρωπον
7315	,
7316	δραχμὴν
7317	δ’
7318	οὐδέπω
7319	μίαν
7320	ἐκτέτεικεν
7321	.
7322	ἀλλὰ
7323	μή
7324	πω
7325	τοῦτο
7326	.
7327	ἀλλὰ
7328	τὴν
7329	μὴ
7330	οὖσαν
7331	ἀντιλαχεῖν
7332	ἐξῆν
7333	αὐτῷ
7334	δήπου
7335	,
7336	καὶ
7337	πρὸς
7338	ἐμὲ
7339	τὸ
7340	πρᾶγμα
7341	καταστήσασθαι
7342	,
7343	πρὸς
7344	ὅνπερ
7345	ἐξ
7346	ἀρχῆς
7347	ἦν
7348	ἡ
7349	δίκη
7350	.
7351	ἀλλ’
7352	οὐκ
7353	ἐβούλετο
7354	·
7355	ἀλλ’
7356	ἵνα
7357	μὴ
7358	Μειδίας
7359	ἀτίμητον
7360	ἀγωνίσηται
7361	δέκα
7362	μνῶν
7363	δίκην
7364	,
7365	πρὸς
7366	ἣν
7367	οὐκ
7368	ἀπήντα
7369	δέον
7370	,
7371	καὶ
7372	εἰ
7373	μὲν
7374	ἠδίκηκε
7375	,
7376	δίκην
7377	δῷ
7378	,
7379	εἰ
7380	δὲ
7381	μή
7382	,
7383	ἀποφύγῃ
7384	,
7385	ἄτιμον
7386	Ἀθηναίων
7387	ἕν’
7388	εἶναι
7389	δεῖ
7390	καὶ
7391	μή
7392	τε
7393	συγγνώμης
7394	μή
7395	τε
7396	λόγου
7397	μή
7398	τε
7399	ἐπιεικείας
7400	μηδεμιᾶς
7401	τυχεῖν
7402	,
7403	ἃ
7404	καὶ
7405	τοῖς
7406	ὄντως
7407	ἀδικοῦσιν
7408	ἅπανθ’
7409	ὑπάρχει
7410	.
7411	ἀλλ’
7412	ἐπειδή
7413	γ’
7414	ἠτίμωσεν
7415	ὃν
7416	ἐβουλήθη
7417	,
7418	καὶ
7419	τοῦτ’
7420	ἐχαρίσασθ’
7421	αὐτῷ
7422	,
7423	καὶ
7424	τὴν
7425	ἀναιδῆ
7426	γνώμην
7427	,
7428	ᾗ
7429	ταῦτα
7430	προαιρεῖται
7431	ποιεῖν
7432	,
7433	ἐνέπλησεν
7434	αὑτοῦ
7435	,
7436	ἐκεῖν’
7437	ἐποίησε
7438	,
7439	τὴν
7440	καταδίκην
7441	ἐκτέτεικε
7442	,
7443	δι’
7444	ἣν
7445	τὸν
7446	ἄνθρωπον
7447	ἀπώλεσεν
7448	;
7449	οὐ
7450	δὲ
7451	χαλκοῦν
7452	οὐδέπω
7453	καὶ
7454	τήμερον
7455	,
7456	ἀλλὰ
7457	δίκην
7458	ἐξούλης
7459	ὑπομένει
7460	φεύγειν
7461	.
7462	οὐκοῦν
7463	ὁ
7464	μὲν
7465	ἠτίμωται
7466	καὶ
7467	παραπόλωλεν
7468	,
7469	ὁ
7470	δ’
7471	οὐδ’
7472	ὁτιοῦν
7473	πέπονθεν
7474	,
7475	ἀλλ’
7476	ἄνω
7477	κάτω
7478	τοὺς
7479	νόμους
7480	,
7481	τοὺς
7482	διαιτητάς
7483	,
7484	πάνθ’
7485	ὅσ’
7486	ἂν
7487	βούληται
7488	στρέφει
7489	.
7490	καὶ
7491	τὴν
7492	μὲν
7493	κατὰ
7494	τοῦ
7495	διαιτητοῦ
7496	γνῶσιν
7497	,
7498	ἣν
7499	ἀπρόσκλητον
7500	κατεσκεύασεν
7501	,
7502	αὐτὸς
7503	κυρίαν
7504	αὑτῷ
7505	πεποίηται
7506	·
7507	ἣν
7508	δ’
7509	αὐτὸς
7510	ὦφλεν
7511	ἐμοὶ
7512	προσκληθείς
7513	,
7514	εἰδώς
7515	,
7516	οὐκ
7517	ἀπαντῶν
7518	,
7519	ἄκυρον
7520	ποιεῖ
7521	.
7522	καίτοι
7523	εἰ
7524	παρὰ
7525	τῶν
7526	ἔρημον
7527	καταδιαιτησάντων
7528	αὐτοῦ
7529	τηλικαύτην
7530	δίκην
7531	οὗτος
7532	ἀξιοῖ
7533	λαμβάνειν
7534	,
7535	τίν’
7536	ὑμῖν
7537	προσήκει
7538	παρὰ
7539	τούτου
7540	λαβεῖν
7541	,
7542	τοῦ
7543	φανερῶς
7544	τοὺς
7545	ὑμετέρους
7546	νόμους
7547	ἐφ’
7548	ὕβρει
7549	παραβαίνοντος
7550	;
7551	εἰ
7552	γὰρ
7553	ἀτιμία
7554	καὶ
7555	νόμων
7556	καὶ
7557	δικῶν
7558	καὶ
7559	πάντων
7560	στέρησις
7561	ἐκείνου
7562	τ
7563	ἀδικήματος
7564	προσήκουσ’
7565	ἐστὶν
7566	δίκη
7567	,
7568	τῆς
7569	γ’
7570	ὕβρεως
7571	μικρὰ
7572	θάνατος
7573	φαίνεται
7574	.
7575	ἀλλὰ
7576	μὴν
7577	ὡς
7578	ἀληθῆ
7579	λέγω
7580	,
7581	κάλει
7582	μοι
7583	τούτων
7584	τοὺς
7585	μάρτυρας
7586	,
7587	καὶ
7588	τὸν
7589	τῶν
7590	διαιτητῶν
7591	ἀνάγνωθι
7592	νόμον
7593	.
7594	Μάρτυρες
7595	Νικόστρατος
7596	Μυρρινούσιος
7597	,
7598	Φανίας
7599	Ἀφιδναῖος
7600	οἴδαμεν
7601	Δημοσθένην
7602	,
7603	ᾧ
7604	μαρτυροῦμεν
7605	,
7606	καὶ
7607	Μειδίαν
7608	τὸν
7609	κρινόμενον
7610	ὑπὸ
7611	Δημοσθένους
7612	,
7613	ὅτ’
7614	αὐτῷ
7615	Δημοσθένης
7616	ἔλαχε
7617	τὴν
7618	τοῦ
7619	κακηγορίου
7620	δίκην
7621	,
7622	ἑλομένους
7623	διαιτητὴν
7624	Στράτωνα
7625	,
7626	καὶ
7627	ἐπεὶ
7628	ἧκεν
7629	ἡ
7630	κυρία
7631	τοῦ
7632	νόμου
7633	,
7634	οὐκ
7635	ἀπαντήσαντα
7636	Μειδίαν
7637	ἐπὶ
7638	τὴν
7639	δίαιταν
7640	,
7641	ἀλλὰ
7642	καταλιπόντα
7643	.
7644	γενομένης
7645	δὲ
7646	ἐρήμου
7647	κατὰ
7648	Μειδίου
7649	,
7650	ἐπιστάμεθα
7651	Μειδίαν
7652	πείθοντα
7653	τόν
7654	τε
7655	Στράτωνα
7656	τὸν
7657	διαιτητὴν
7658	καὶ
7659	ἡμᾶς
7660	,
7661	ὄντας
7662	ἐκείνοις
7663	τοῖς
7664	χρόνοις
7665	ἄρχοντας
7666	,
7667	ὅπως
7668	τὴν
7669	δίαιταν
7670	αὐτῷ
7671	ἀποδιαιτήσομεν
7672	,
7673	καὶ
7674	διδόντα
7675	δραχμὰς
7676	πεντήκοντα
7677	.
7678	καὶ
7679	ἐπειδὴ
7680	οὐχ
7681	ὑπεμείναμεν
7682	,
7683	προσαπειλήσαντα
7684	ἡμῖν
7685	καὶ
7686	οὕτως
7687	ἀπαλλαγέντα
7688	.
7689	καὶ
7690	διὰ
7691	ταύτην
7692	τὴν
7693	αἰτίαν
7694	ἐπιστάμεθα
7695	Στράτωνα
7696	ὑπὸ
7697	Μειδίου
7698	καταβραβευθέντα
7699	καὶ
7700	παρὰ
7701	πάντα
7702	τὰ
7703	δίκαια
7704	ἀτιμωθέντα
7705	.
7706	λέγε
7707	δὴ
7708	καὶ
7709	τὸν
7710	τῶν
7711	διαιτητῶν
7712	νόμον
7713	.
7714	ΝΟΜΟΣ
7715	Ἐὰν
7716	δέ
7717	τινες
7718	περὶ
7719	συμβολαίων
7720	ἰδίων
7721	πρὸς
7722	ἀλλήλους
7723	ἀμφισβητῶσι
7724	καὶ
7725	βούλωνται
7726	διαιτητὴν
7727	ἑλέσθαι
7728	ὁντινοῦν
7729	,
7730	ἐξέστω
7731	αὐτοῖς
7732	αἱρεῖσθαι
7733	ὃν
7734	ἂν
7735	βούλωνται
7736	.
7737	ἐπειδὰν
7738	δ’
7739	ἕλωνται
7740	κατὰ
7741	κοινόν
7742	,
7743	μενέτωσαν
7744	ἐν
7745	τοῖς
7746	ὑπὸ
7747	τούτου
7748	διαγνωσθεῖσι
7749	,
7750	καὶ
7751	μηκέτι
7752	μεταφερέτωσαν
7753	ἀπὸ
7754	τούτου
7755	ἐφ’
7756	ἕτερον
7757	δικαστήριον
7758	τ
7759	αὐτὰ
7760	ἐγκλήματα
7761	,
7762	ἀλλ’
7763	ἔστω
7764	τὰ
7765	κριθέντα
7766	ὑπὸ
7767	τοῦ
7768	διαιτητοῦ
7769	κύρια
7770	.
7771	κάλει
7772	δὴ
7773	καὶ
7774	τὸν
7775	Στράτων’
7776	αὐτὸν
7777	τὸν
7778	τὰ
7779	τοιαῦτα
7780	πεπονθότα
7781	·
7782	ἑστάναι
7783	γὰρ
7784	ἐξέσται
7785	δήπουθεν
7786	αὐτῷ
7787	.
7788	οὗτος
7789	,
7790	ὦ
7791	ἄνδρες
7792	Ἀθηναῖοι
7793	,
7794	πένης
7795	μὲν
7796	ἴσως
7797	ἐστίν
7798	,
7799	οὐ
7800	πονηρὸς
7801	δέ
7802	γε
7803	.
7804	οὗτος
7805	μέντοι
7806	πολίτης
7807	ὤν
7808	,
7809	ἐστρατευμένος
7810	ἁπάσας
7811	τὰς
7812	ἐν
7813	ἡλικίᾳ
7814	στρατείας
7815	καὶ
7816	δεινὸν
7817	οὐδὲν
7818	εἰργασμένος
7819	,
7820	ἕστηκε
7821	νυνὶ
7822	σιωπῇ
7823	,
7824	οὐ
7825	μόνον
7826	τῶν
7827	ἄλλων
7828	ἀγαθῶν
7829	τῶν
7830	κοινῶν
7831	ἀπεστερημένος
7832	,
7833	ἀλλὰ
7834	καὶ
7835	τοῦ
7836	φθέγξασθαι
7837	ἢ
7838	ὀδύρασθαι
7839	·
7840	καὶ
7841	οὐδ’
7842	εἰ
7843	δίκαι’
7844	ἢ
7845	ἄδικα
7846	πέπονθεν
7847	,
7848	οὐ
7849	δὲ
7850	ταῦτ’
7851	ἔξεστιν
7852	αὐτῷ
7853	πρὸς
7854	ὑμᾶς
7855	εἰπεῖν
7856	.
7857	καὶ
7858	ταῦτα
7859	πέπονθ’
7860	ὑπὸ
7861	Μειδίου
7862	καὶ
7863	τοῦ
7864	Μειδίου
7865	πλούτου
7866	καὶ
7867	τῆς
7868	ὑπερηφανίας
7869	παρὰ
7870	τὴν
7871	πενίαν
7872	καὶ
7873	ἐρημίαν
7874	καὶ
7875	τὸ
7876	τῶν
7877	πολλῶν
7878	εἷς
7879	εἶναι
7880	.
7881	καὶ
7882	εἰ
7883	μὲν
7884	παραβὰς
7885	τοὺς
7886	νόμους
7887	ἔλαβεν
7888	τὰς
7889	πεντήκοντα
7890	δραχμὰς
7891	παρ’
7892	αὐτοῦ
7893	,
7894	καὶ
7895	τὴν
7896	δίκην
7897	ἣν
7898	κατεδιῄτησεν
7899	ἀποδεδιῃτημένην
7900	ἀπέφηνεν
7901	,
7902	ἐπίτιμος
7903	ἂν
7904	ἦν
7905	καὶ
7906	οὐδὲν
7907	ἔχων
7908	κακὸν
7909	τῶν
7910	ἴσων
7911	μετεῖχε
7912	τοῖς
7913	ἄλλοις
7914	ἡμῖν
7915	·
7916	ἐπειδὴ
7917	δὲ
7918	παρεῖδε
7919	πρὸς
7920	τὰ
7921	δίκαια
7922	Μειδίαν
7923	,
7924	καὶ
7925	τοὺς
7926	νόμους
7927	μᾶλλον
7928	ἔδεισε
7929	τῶν
7930	ἀπειλῶν
7931	τῶν
7932	τούτου
7933	,
7934	τηνικαῦτα
7935	τηλικαύτῃ
7936	καὶ
7937	τοιαύτῃ
7938	συμφορᾷ
7939	περιπέπτωκεν
7940	ὑπὸ
7941	τούτου
7942	.
7943	εἶθ’
7944	ὑμεῖς
7945	τὸν
7946	οὕτως
7947	ὠμόν
7948	,
7949	τὸν
7950	οὕτως
7951	ἀγνώμονα
7952	,
7953	τὸν
7954	τηλικαύτας
7955	δίκας
7956	λαμβάνονθ’
7957	ὧν
7958	αὐτὸς
7959	ἠδικῆσθαι
7960	φησὶ
7961	μόνον
7962	(
7963	οὐ
7964	γὰρ
7965	ἠδίκητό
7966	γε
7967	)
7968	,
7969	τοῦτον
7970	ὑβρίζοντα
7971	λαβόντες
7972	εἴς
7973	τινα
7974	τῶν
7975	πολιτῶν
7976	,
7977	καὶ
7978	μήθ’
7979	ἑορτῆς
7980	μήθ’
7981	ἱερῶν
7982	μή
7983	τε
7984	νόμου
7985	μήτ’
7986	ἄλλου
7987	μηδενὸς
7988	πρόνοιαν
7989	ποιούμενον
7990	,
7991	οὐ
7992	καταψηφιεῖσθε
7993	;
7994	οὐ
7995	παράδειγμα
7996	ποιήσετε
7997	;
7998	καὶ
7999	τί
8000	φήσετ’
8001	,
8002	ὦ
8003	ἄνδρες
8004	δικασταί
8005	;
8006	καὶ
8007	τίν’
8008	,
8009	ὢ
8010	πρὸς
8011	τῶν
8012	θεῶν
8013	,
8014	ἕξετ’
8015	εἰπεῖν
8016	πρόφασιν
8017	δικαίαν
8018	ἢ
8019	καλήν
8020	;
8021	ὅτι
8022	νὴ
8023	Δί’
8024	ἀσελγής
8025	ἐστι
8026	καὶ
8027	βδελυρός
8028	·
8029	ταῦτα
8030	γάρ
8031	ἐστι
8032	τ
8033	ἀληθῆ
8034	·
8035	ἀλλὰ
8036	μισεῖν
8037	ὀφείλετ’
8038	,
8039	ἄνδρες
8040	Ἀθηναῖοι
8041	,
8042	δήπου
8043	τοὺς
8044	τοιούτους
8045	μᾶλλον
8046	ἢ
8047	σῴζειν
8048	.
8049	ἀλλ’
8050	ὅτι
8051	πλούσιός
8052	ἐστιν
8053	·
8054	ἀλλὰ
8055	τοῦτό
8056	γε
8057	τῆς
8058	ὕβρεως
8059	αὐτοῦ
8060	σχεδὸν
8061	αἴτιον
8062	εὑρήσετ’
8063	ὄν
8064	,
8065	ὥστ’
8066	ἀφελεῖν
8067	τὴν
8068	ἀφορμήν
8069	,
8070	δι’
8071	ἣν
8072	ὑβρίζει
8073	,
8074	προσήκει
8075	μᾶλλον
8076	ἢ
8077	σῶσαι
8078	διὰ
8079	ταύτην
8080	·
8081	τὸ
8082	γὰρ
8083	χρημάτων
8084	πολλῶν
8085	θρασὺν
8086	καὶ
8087	βδελυρὸν
8088	καὶ
8089	τοιοῦτον
8090	ἄνθρωπον
8091	ἐᾶν
8092	εἶναι
8093	κύριον
8094	,
8095	ἀφορμήν
8096	ἐστιν
8097	ἐφ’
8098	ὑμᾶς
8099	αὐτοὺς
8100	δεδωκέναι
8101	.
8102	τί
8103	οὖν
8104	ὑπόλοιπον
8105	;
8106	ἐλεῆσαι
8107	νὴ
8108	Δία
8109	·
8110	παιδία
8111	γὰρ
8112	παραστήσεται
8113	καὶ
8114	κλαήσει
8115	καὶ
8116	τούτοις
8117	αὑτὸν
8118	ἐξαιτήσεται
8119	·
8120	τοῦτο
8121	γὰρ
8122	λοιπόν
8123	.
8124	ἀλλ’
8125	ἴστε
8126	δήπου
8127	τοῦθ’
8128	ὅτι
8129	τοὺς
8130	ἀδίκως
8131	τι
8132	πάσχοντας
8133	,
8134	ὃ
8135	μὴ
8136	δυνήσονται
8137	φέρειν
8138	,
8139	ἐλεεῖν
8140	προσήκει
8141	,
8142	οὐ
8143	τοὺς
8144	ὧν
8145	πεποιήκασι
8146	δεινῶν
8147	δίκην
8148	διδόντας
8149	.
8150	καὶ
8151	τίς
8152	ἂν
8153	ταῦτ’
8154	ἐλεήσειε
8155	δικαίως
8156	,
8157	ὁρῶν
8158	τὰ
8159	τοῦδ’
8160	οὐκ
8161	ἐλεηθένθ’
8162	ὑπὸ
8163	τούτου
8164	,
8165	ἃ
8166	τῇ
8167	τοῦ
8168	πατρὸς
8169	συμφορᾷ
8170	χωρὶς
8171	τῶν
8172	ἄλλων
8173	κακῶν
8174	οὐδ’
8175	ἐπικουρίαν
8176	ἐνοῦσαν
8177	ὁρᾷ
8178	.
8179	οὐ
8180	γάρ
8181	ἐστιν
8182	ὄφλημ’
8183	ὅ
8184	τι
8185	χρὴ
8186	καταθέντ’
8187	ἐπίτιμον
8188	γενέσθαι
8189	τουτονί
8190	,
8191	ἀλλ’
8192	ἁπλῶς
8193	οὕτως
8194	ἠτίμωται
8195	τῇ
8196	ῥύμῃ
8197	τῆς
8198	ὀργῆς
8199	καὶ
8200	τῆς
8201	ὕβρεως
8202	τῆς
8203	Μειδίου
8204	.
8205	τίς
8206	οὖν
8207	ὑβρίζων
8208	παύσεται
8209	καὶ
8210	δι’
8211	ἃ
8212	ταῦτα
8213	ποιεῖ
8214	χρήματ’
8215	ἀφαιρεθήσεται
8216	,
8217	εἰ
8218	τοῦτον
8219	ὥσπερ
8220	δεινὰ
8221	πάσχοντ’
8222	ἐλεήσετε
8223	;
8224	εἰ
8225	δέ
8226	τις
8227	πένης
8228	μηδὲν
8229	ἠδικηκὼς
8230	ταῖς
8231	ἐσχάταις
8232	συμφοραῖς
8233	ἀδίκως
8234	ὑπὸ
8235	τούτου
8236	περιπέπτωκε
8237	,
8238	τούτῳ
8239	δ’
8240	οὐ
8241	δὲ
8242	συνοργισθήσεσθε
8243	;
8244	μηδαμῶς
8245	·
8246	οὐδεὶς
8247	γάρ
8248	ἐστι
8249	δίκαιος
8250	τυγχάνειν
8251	ἐλέου
8252	τῶν
8253	μηδέν’
8254	ἐλεούντων
8255	,
8256	οὐ
8257	δὲ
8258	συγγνώμης
8259	τῶν
8260	ἀσυγγνωμόνων
8261	.
8262	ἐγὼ
8263	γὰρ
8264	οἶμαι
8265	πάντας
8266	ἀνθρώπους
8267	φέρειν
8268	ἀξιοῦν
8269	παρ’
8270	ἑαυτῶν
8271	εἰς
8272	τὸν
8273	βίον
8274	αὑτοῖς
8275	ἔρανον
8276	παρὰ
8277	πάνθ’
8278	ὅσα
8279	πράττουσιν
8280	·
8281	οἷον
8282	ἐγώ
8283	τις
8284	οὑτοσὶ
8285	μέτριος
8286	πρὸς
8287	ἅπαντάς
8288	εἰμ’
8289	,
8290	ἐλεήμων
8291	,
8292	εὖ
8293	ποιῶν
8294	πολλούς
8295	·
8296	ἅπασι
8297	προσήκει
8298	τῷ
8299	τοιούτῳ
8300	ταὔτ’
8301	εἰσφέρειν
8302	,
8303	ἐάν
8304	του
8305	καιρὸς
8306	ἢ
8307	χρεία
8308	παραστῇ
8309	.
8310	ἕτερος
8311	οὑτοσί
8312	τις
8313	βίαιος
8314	,
8315	οὐδέν’
8316	οὔτ’
8317	ἐλεῶν
8318	οὔθ’
8319	ὅλως
8320	ἄνθρωπον
8321	ἡγούμενος
8322	·
8323	τούτῳ
8324	τὰς
8325	ὁμοίας
8326	φορὰς
8327	παρ’
8328	ἑκάστου
8329	δίκαιον
8330	ὑπάρχειν
8331	.
8332	σὺ
8333	δή
8334	,
8335	πληρωτὴς
8336	τοιούτου
8337	γεγονὼς
8338	ἐράνου
8339	σεαυτῷ
8340	,
8341	τοῦτον
8342	δίκαιος
8343	εἶ
8344	συλλέξασθαι
8345	.
8346	ἡγοῦμαι
8347	μὲν
8348	τοίνυν
8349	,
8350	ὦ
8351	ἄνδρες
8352	Ἀθηναῖοι
8353	,
8354	καὶ
8355	εἰ
8356	μηδὲν
8357	ἔτ’
8358	ἄλλ’
8359	εἶχον
8360	κατηγορεῖν
8361	Μειδίου
8362	,
8363	μη
8364	δὲ
8365	δεινότερ’
8366	ἦν
8367	ἃ
8368	μέλλω
8369	λέγειν
8370	ὧν
8371	εἴρηκα
8372	,
8373	δικαίως
8374	ἂν
8375	ὑμᾶς
8376	ἐκ
8377	τῶν
8378	εἰρημένων
8379	καὶ
8380	καταψηφίσασθαι
8381	καὶ
8382	τιμᾶν
8383	αὐτῷ
8384	τῶν
8385	ἐσχάτων
8386	.
8387	οὐ
8388	μὴν
8389	ἐνταῦθ’
8390	ἕστηκε
8391	τὸ
8392	πρᾶγμα
8393	,
8394	οὐδ’
8395	ἀπορήσειν
8396	μοι
8397	δοκῶ
8398	τῶν
8399	μετὰ
8400	ταῦτα
8401	·
8402	τοσαύτην
8403	ἀφθονίαν
8404	οὗτος
8405	πεποίηκε
8406	κατηγοριῶν
8407	.
8408	ὅτι
8409	μὲν
8410	δὴ
8411	λιποταξίου
8412	γραφὴν
8413	κατεσκεύασεν
8414	κατ’
8415	ἐμοῦ
8416	καὶ
8417	τὸν
8418	τοῦτο
8419	ποιήσοντ’
8420	ἐμισθώσατο
8421	,
8422	τὸν
8423	μιαρὸν
8424	καὶ
8425	λίαν
8426	εὐχερῆ
8427	,
8428	τὸν
8429	κονιορτὸν
8430	Εὐκτήμονα
8431	,
8432	ἐάσω
8433	.
8434	καὶ
8435	γὰρ
8436	οὔτ’
8437	ἀνεκρίνατο
8438	ταύτην
8439	ὁ
8440	συκοφάντης
8441	ἐκεῖνος
8442	,
8443	οὔθ’
8444	οὗτος
8445	οὐδενὸς
8446	εἵνεκ’
8447	αὐτὸν
8448	ἐμισθώσατο
8449	πλὴν
8450	ἵν’
8451	ἐκκέοιτο
8452	πρὸ
8453	τῶν
8454	ἐπωνύμων
8455	καὶ
8456	πάντες
8457	ὁρῷεν
8458	Εὐκτήμων
8459	Λουσιεὺς
8460	ἐγράψατο
8461	Δημοσθένην
8462	Παιανιέα
8463	λιποταξίου
8464	·
8465	καί
8466	μοι
8467	δοκεῖ
8468	κ
8469	ἂν
8470	προσγράψαι
8471	τοῦθ’
8472	ἡδέως
8473	,
8474	εἴ
8475	πως
8476	ἐνῆν
8477	,
8478	ὅτι
8479	Μειδίου
8480	μισθωσαμένου
8481	γέγραπται
8482	.
8483	ἀλλ’
8484	ἐῶ
8485	τοῦτο
8486	·
8487	ἐφ’
8488	ᾗ
8489	γὰρ
8490	ἐκεῖνος
8491	ἠτίμωκεν
8492	αὑτὸν
8493	οὐκ
8494	ἐπεξελθών
8495	,
8496	οὐδεμιᾶς
8497	ἔγωγ’
8498	ἔτι
8499	προσδέομαι
8500	δίκης
8501	,
8502	ἀλλ’
8503	ἱκανὴν
8504	ἔχω
8505	.
8506	ἀλλ’
8507	ὃ
8508	καὶ
8509	δεινόν
8510	,
8511	ὦ
8512	ἄνδρες
8513	Ἀθηναῖοι
8514	,
8515	καὶ
8516	σχέτλιον
8517	καὶ
8518	κοινὸν
8519	ἔμοιγ’
8520	ἀσέβημα
8521	,
8522	οὐκ
8523	ἀδίκημα
8524	μόνον
8525	,
8526	τούτῳ
8527	πεπρᾶχθαι
8528	δοκεῖ
8529	,
8530	τοῦτ’
8531	ἐρῶ
8532	.
8533	τῷ
8534	γὰρ
8535	ἀθλίῳ
8536	καὶ
8537	ταλαιπώρῳ
8538	κακῆς
8539	καὶ
8540	χαλεπῆς
8541	συμβάσης
8542	αἰτίας
8543	Ἀριστάρχῳ
8544	τῷ
8545	Μόσχου
8546	,
8547	τὸ
8548	μὲν
8549	πρῶτον
8550	,
8551	ὦ
8552	ἄνδρες
8553	Ἀθηναῖοι
8554	,
8555	κατὰ
8556	τὴν
8557	ἀγορὰν
8558	περιιὼν
8559	ἀσεβεῖς
8560	καὶ
8561	δεινοὺς
8562	λόγους
8563	ἐτόλμα
8564	περὶ
8565	ἐμοῦ
8566	λέγειν
8567	,
8568	ὡς
8569	ἐγὼ
8570	τὸ
8571	πρᾶγμ’
8572	εἰμὶ
8573	τοῦτο
8574	δεδρακώς
8575	·
8576	ὡς
8577	δ’
8578	οὐδὲν
8579	ἤνυε
8580	τούτοις
8581	,
8582	προσελθὼν
8583	τοῖς
8584	ἐπ’
8585	ἐκεῖνον
8586	ἄγουσι
8587	τὴν
8588	αἰτίαν
8589	τοῦ
8590	φόνου
8591	,
8592	τοῖς
8593	τοῦ
8594	τετελευτηκότος
8595	οἰκείοις
8596	,
8597	χρήμαθ’
8598	ὑπισχνεῖτο
8599	δώσειν
8600	εἰ
8601	τοῦ
8602	πράγματος
8603	αἰτιῷντ’
8604	ἐμέ
8605	,
8606	καὶ
8607	οὔ
8608	τε
8609	θεοὺς
8610	οὔθ’
8611	ὁσίαν
8612	οὔτ’
8613	ἄλλ’
8614	οὐδὲν
8615	ἐποιήσατ’
8616	ἐμποδὼν
8617	τοιούτῳ
8618	λόγῳ
8619	,
8620	οὐδ’
8621	ὤκνησεν
8622	.
8623	ἀλλ’
8624	οὐ
8625	δὲ
8626	πρὸς
8627	οὓς
8628	ἔλεγεν
8629	αὐτοὺς
8630	ᾐσχύνθη
8631	,
8632	εἰ
8633	τοιοῦτο
8634	κακὸν
8635	καὶ
8636	τηλικοῦτον
8637	ἀδίκως
8638	ἐπάγει
8639	τῳ
8640	,
8641	ἀλλ’
8642	ἕν’
8643	ὅρον
8644	θέμενος
8645	παντὶ
8646	τρόπῳ
8647	μ’
8648	ἀνελεῖν
8649	,
8650	οὐδὲν
8651	ἐλλείπειν
8652	ᾤετο
8653	δεῖν
8654	,
8655	ὡς
8656	δέον
8657	,
8658	εἴ
8659	τις
8660	ὑβρισθεὶς
8661	ὑπὸ
8662	τούτου
8663	δίκης
8664	ἀξιοῖ
8665	τυχεῖν
8666	καὶ
8667	μὴ
8668	σιωπᾷ
8669	,
8670	τοῦτον
8671	ἐξόριστον
8672	ἀνῃρῆσθαι
8673	καὶ
8674	μηδαμῇ
8675	παρεθῆναι
8676	,
8677	ἀλλὰ
8678	καὶ
8679	λιποταξίου
8680	γραφὴν
8681	ἑαλωκέναι
8682	καὶ
8683	ἐφ’
8684	αἵματι
8685	φεύγειν
8686	καὶ
8687	μόνον
8688	οὐ
8689	προσηλῶσθαι
8690	.
8691	καίτοι
8692	ταῦθ’
8693	ὅταν
8694	ἐξελεγχθῇ
8695	ποιῶν
8696	πρὸς
8697	οἷς
8698	ὕβριζέν
8699	με
8700	χορηγοῦντα
8701	,
8702	τίνος
8703	συγγνώμης
8704	ἢ
8705	τίνος
8706	ἐλέου
8707	δικαίως
8708	τεύξεται
8709	παρ’
8710	ὑμῶν
8711	;
8712	ἐγὼ
8713	μὲν
8714	γὰρ
8715	αὐτόν
8716	,
8717	ὦ
8718	ἄνδρες
8719	Ἀθηναῖοι
8720	,
8721	νομίζω
8722	αὐτόχειρά
8723	μου
8724	γεγενῆσθαι
8725	τούτοις
8726	τοῖς
8727	ἔργοις
8728	,
8729	καὶ
8730	τότε
8731	μὲν
8732	τοῖς
8733	Διονυσίοις
8734	τὴν
8735	παρασκευὴν
8736	καὶ
8737	τὸ
8738	σῶμα
8739	καὶ
8740	τ
8741	ἀναλώμαθ’
8742	ὑβρίζειν
8743	,
8744	νῦν
8745	δὲ
8746	τούτοις
8747	οἷς
8748	ἐποίει
8749	καὶ
8750	διεπράττετ’
8751	ἐκεῖνά
8752	τε
8753	καὶ
8754	τὰ
8755	λοιπὰ
8756	πάντα
8757	,
8758	τὴν
8759	πόλιν
8760	,
8761	τὸ
8762	γένος
8763	,
8764	τὴν
8765	ἐπιτιμίαν
8766	,
8767	τὰς
8768	ἐλπίδας
8769	·
8770	εἰ
8771	γὰρ
8772	ἓν
8773	ὧν
8774	ἐπεβούλευσε
8775	κατώρθωσεν
8776	,
8777	ἁπάντων
8778	ἂν
8779	ἀπεστερήμην
8780	ἐγὼ
8781	καὶ
8782	μη
8783	δὲ
8784	ταφῆναι
8785	προσυπῆρχεν
8786	οἴκοι
8787	μοι
8788	.
8789	διὰ
8790	τί
8791	,
8792	ἄνδρες
8793	δικασταί
8794	;
8795	εἰ
8796	γάρ
8797	,
8798	ἐάν
8799	τις
8800	παρὰ
8801	πάντας
8802	τοὺς
8803	νόμους
8804	ὑβρισθεὶς
8805	ὑπὸ
8806	Μειδίου
8807	βοηθεῖν
8808	αὑτῷ
8809	πειρᾶται
8810	,
8811	ταῦτα
8812	καὶ
8813	τοιαῦθ’
8814	ἕτερ’
8815	αὐτῷ
8816	παθεῖν
8817	ὑπάρξει
8818	,
8819	προσκυνεῖν
8820	τοὺς
8821	ὑβρίζοντας
8822	ὥσπερ
8823	ἐν
8824	τοῖς
8825	βαρβάροις
8826	,
8827	οὐκ
8828	ἀμύνεσθαι
8829	κράτιστον
8830	ἔσται
8831	.
8832	ἀλλὰ
8833	μὴν
8834	ὡς
8835	ἀληθῆ
8836	λέγω
8837	καὶ
8838	προσεξείργασται
8839	ταῦτα
8840	τῷ
8841	βδελυρῷ
8842	τούτῳ
8843	καὶ
8844	ἀναιδεῖ
8845	,
8846	κάλει
8847	μοι
8848	καὶ
8849	τούτων
8850	τοὺς
8851	μάρτυρας
8852	.
8853	ΜΑΡΤΥΡΕΣ
8854	Διονύσιος
8855	Ἀφιδναῖος
8856	,
8857	Ἀντίφιλος
8858	Παιανιεὺς
8859	διαφθαρέντος
8860	Νικοδήμου
8861	τοῦ
8862	οἰκείου
8863	ἡμῶν
8864	βιαίῳ
8865	θανάτῳ
8866	ὑπὸ
8867	Ἀριστάρχου
8868	τοῦ
8869	Μόσχου
8870	ἐπεξῇμεν
8871	τοῦ
8872	φόνου
8873	τὸν
8874	Ἀρίσταρχον
8875	.
8876	αἰσθόμενος
8877	δὲ
8878	ταῦτα
8879	Μειδίας
8880	ὁ
8881	νῦν
8882	κρινόμενος
8883	ὑπὸ
8884	Δημοσθένους
8885	,
8886	ᾧ
8887	μαρτυροῦμεν
8888	,
8889	ἔπειθεν
8890	ἡμᾶς
8891	διδοὺς
8892	κέρματα
8893	τὸν
8894	μὲν
8895	Ἀρίσταρχον
8896	ἀθῷον
8897	ἀφεῖναι
8898	,
8899	Δημοσθένει
8900	δὲ
8901	τὴν
8902	γραφὴν
8903	τοῦ
8904	φόνου
8905	παραγράψασθαι
8906	.
8907	λαβὲ
8908	δή
8909	μοι
8910	τὸν
8911	περὶ
8912	τῶν
8913	δώρων
8914	νόμον
8915	.
8916	ἐν
8917	ὅσῳ
8918	δὲ
8919	τὸν
8920	νόμον
8921	,
8922	ὦ
8923	ἄνδρες
8924	Ἀθηναῖοι
8925	,
8926	λαμβάνει
8927	,
8928	βούλομαι
8929	μικρὰ
8930	πρὸς
8931	ὑμᾶς
8932	εἰπεῖν
8933	,
8934	δεηθεὶς
8935	ὑμῶν
8936	ἁπάντων
8937	πρὸς
8938	Διὸς
8939	καὶ
8940	θεῶν
8941	,
8942	ὦ
8943	ἄνδρες
8944	δικασταί
8945	·
8946	περὶ
8947	πάντων
8948	ὧν
8949	ἂν
8950	ἀκούητε
8951	,
8952	τοῦθ’
8953	ὑποθέντες
8954	ἀκούετε
8955	τῇ
8956	γνώμῃ
8957	,
8958	τί
8959	ἄν
8960	,
8961	εἴ
8962	τις
8963	ἔπασχε
8964	ταῦθ’
8965	ὑμῶν
8966	,
8967	ἐποίει
8968	,
8969	καὶ
8970	τίν’
8971	ἂν
8972	εἶχεν
8973	ὀργὴν
8974	ὑπὲρ
8975	αὑτοῦ
8976	πρὸς
8977	τὸν
8978	ποιοῦντα
8979	.
8980	ἐγὼ
8981	γὰρ
8982	ἐνηνοχὼς
8983	χαλεπῶς
8984	ἐφ’
8985	οἷς
8986	περὶ
8987	τὴν
8988	λῃτουργίαν
8989	ὑβρίσθην
8990	,
8991	ἔτι
8992	πολλῷ
8993	χαλεπώτερον
8994	,
8995	ὦ
8996	ἄνδρες
8997	Ἀθηναῖοι
8998	,
8999	τούτοις
9000	τοῖς
9001	μετὰ
9002	ταῦτ’
9003	ἐνήνοχα
9004	καὶ
9005	μᾶλλον
9006	ἠγανάκτηκα
9007	.
9008	τί
9009	γὰρ
9010	ὡς
9011	ἀληθῶς
9012	πέρας
9013	ἂν
9014	φήσειέ
9015	τις
9016	εἶναι
9017	κακίας
9018	καὶ
9019	τίν’
9020	ὑπερβολὴν
9021	ἀναιδείας
9022	καὶ
9023	ὠμότητος
9024	καὶ
9025	ὕβρεως
9026	,
9027	ἄνθρωπος
9028	εἰ
9029	ποιήσας
9030	δεινὰ
9031	νὴ
9032	Δία
9033	καὶ
9034	πόλλ’
9035	ἀδίκως
9036	τινά
9037	,
9038	ἀντὶ
9039	τοῦ
9040	ταῦτ’
9041	ἀναλαμβάνειν
9042	καὶ
9043	μεταγιγνώσκειν
9044	,
9045	πολλῷ
9046	δεινότερ’
9047	ὕστερον
9048	ἄλλα
9049	προσεξεργάζοιτο
9050	,
9051	καὶ
9052	χρῷτο
9053	τῷ
9054	πλουτεῖν
9055	μὴ
9056	ἐπὶ
9057	ταῦτ’
9058	ἐν
9059	οἷς
9060	μηδένα
9061	βλάπτων
9062	αὐτὸς
9063	ἄμεινόν
9064	τι
9065	τῶν
9066	ἰδίων
9067	θήσεται
9068	,
9069	ἀλλ’
9070	ἐπὶ
9071	τ
9072	ἀναντία
9073	,
9074	ἐν
9075	οἷς
9076	ἀδίκως
9077	ἐκβάλλων
9078	τινὰ
9079	καὶ
9080	προπηλακίσας
9081	αὑτὸν
9082	εὐδαιμονιεῖ
9083	τῆς
9084	περιουσίας
9085	;
9086	ταῦτα
9087	τοίνυν
9088	,
9089	ὦ
9090	ἄνδρες
9091	Ἀθηναῖοι
9092	,
9093	πάντα
9094	τούτῳ
9095	πέπρακται
9096	κατ’
9097	ἐμοῦ
9098	.
9099	καὶ
9100	γὰρ
9101	αἰτίαν
9102	ἐπήγαγέ
9103	μοι
9104	φόνου
9105	ψευδῆ
9106	καὶ
9107	οὐδὲν
9108	ἐμοὶ
9109	προσήκουσαν
9110	,
9111	ὡς
9112	τὸ
9113	πρᾶγμ’
9114	αὔτ’
9115	ἐδήλωσεν
9116	,
9117	καὶ
9118	γραφὴν
9119	λιποταξίου
9120	μ’
9121	ἐγράψατο
9122	τρεῖς
9123	αὐτὸς
9124	τάξεις
9125	λελοιπώς
9126	,
9127	καὶ
9128	τῶν
9129	ἐν
9130	Εὐβοίᾳ
9131	πραγμάτων
9132	(
9133	τουτὶ
9134	γὰρ
9135	αὖ
9136	μικροῦ
9137	παρῆλθέ
9138	μ’
9139	εἰπεῖν
9140	)
9141	,
9142	ἃ
9143	Πλούταρχος
9144	ὁ
9145	τούτου
9146	ξένος
9147	καὶ
9148	φίλος
9149	διεπράξατο
9150	,
9151	ὡς
9152	ἐγὼ
9153	αἴτιός
9154	εἰμι
9155	,
9156	κατεσκεύαζε
9157	πρὸ
9158	τοῦ
9159	τὸ
9160	πρᾶγμα
9161	γενέσθαι
9162	πᾶσιν
9163	φανερὸν
9164	διὰ
9165	Πλουτάρχου
9166	γεγονός
9167	.
9168	καὶ
9169	τελευτῶν
9170	βουλεύειν
9171	μου
9172	λαχόντος
9173	δοκιμαζομένου
9174	κατηγόρει
9175	,
9176	καὶ
9177	τὸ
9178	πρᾶγμ’
9179	εἰς
9180	ὑπέρδεινόν
9181	μοι
9182	περιέστη
9183	·
9184	ἀντὶ
9185	γὰρ
9186	τοῦ
9187	δίκην
9188	ὑπὲρ
9189	ὧν
9190	ἐπεπόνθειν
9191	λαβεῖν
9192	,
9193	δοῦναι
9194	πραγμάτων
9195	ὧν
9196	οὐδὲν
9197	ἐμοὶ
9198	προσῆκεν
9199	ἐκινδύνευον
9200	.
9201	καὶ
9202	ταῦτα
9203	πάσχων
9204	ἐγὼ
9205	καὶ
9206	τοῦτον
9207	τὸν
9208	τρόπον
9209	ὃν
9210	διεξέρχομαι
9211	νυνὶ
9212	πρὸς
9213	ὑμᾶς
9214	ἐλαυνόμενος
9215	,
9216	οὐκ
9217	ὢν
9218	οὔ
9219	τε
9220	τῶν
9221	ἐρημοτάτων
9222	οὔ
9223	τε
9224	τῶν
9225	ἀπόρων
9226	κομιδῇ
9227	,
9228	οὐκ
9229	ἔχω
9230	,
9231	ὦ
9232	ἄνδρες
9233	Ἀθηναῖοι
9234	,
9235	τί
9236	χρὴ
9237	ποιῆσαι
9238	.
9239	εἰ
9240	γὰρ
9241	εἰπεῖν
9242	τι
9243	καὶ
9244	περὶ
9245	τούτων
9246	ἤδη
9247	δεῖ
9248	,
9249	οὐ
9250	μέτεστι
9251	τῶν
9252	ἴσων
9253	οὐ
9254	δὲ
9255	τῶν
9256	ὁμοίων
9257	,
9258	ὦ
9259	ἄνδρες
9260	Ἀθηναῖοι
9261	,
9262	πρὸς
9263	τοὺς
9264	πλουσίους
9265	τοῖς
9266	λοιποῖς
9267	ἡμῖν
9268	,
9269	οὐ
9270	μέτεστιν
9271	,
9272	οὔ
9273	·
9274	ἀλλὰ
9275	καὶ
9276	χρόνοι
9277	τούτοις
9278	τοῦ
9279	τὴν
9280	δίκην
9281	ὑποσχεῖν
9282	,
9283	οὓς
9284	ἂν
9285	αὐτοὶ
9286	βούλωνται
9287	,
9288	δίδονται
9289	,
9290	καὶ
9291	τ
9292	ἀδικήμαθ’
9293	ἕωλα
9294	τὰ
9295	τούτων
9296	ὡς
9297	ὑμᾶς
9298	καὶ
9299	ψύχρ’
9300	ἀφικνεῖται
9301	,
9302	τῶν
9303	δ’
9304	ἄλλων
9305	ἡμῶν
9306	ἕκαστος
9307	,
9308	ἄν
9309	τι
9310	συμβῇ
9311	,
9312	πρόσφατος
9313	κρίνεται
9314	.
9315	καὶ
9316	μάρτυρές
9317	εἰσιν
9318	ἕτοιμοι
9319	τούτοις
9320	καὶ
9321	συνήγοροι
9322	πάντες
9323	καθ’
9324	ἡμῶν
9325	εὐτρεπεῖς
9326	·
9327	ἐμοὶ
9328	δ’
9329	οὐ
9330	δὲ
9331	τ
9332	ἀληθῆ
9333	μαρτυρεῖν
9334	ἐθέλοντας
9335	ὁρᾶτ’
9336	ἐνίους
9337	.
9338	ταῦτα
9339	μὲν
9340	οὖν
9341	ἀπείποι
9342	τις
9343	ἄν
9344	,
9345	οἶμαι
9346	,
9347	θρηνῶν
9348	.
9349	τὸν
9350	δὲ
9351	νόμον
9352	μοι
9353	λέγ’
9354	ἐφεξῆς
9355	,
9356	ὥσπερ
9357	ἠρξάμην
9358	.
9359	λέγε
9360	.
9361	ΝΟΜΟΣ
9362	ἐάν
9363	τις
9364	Ἀθηναίων
9365	λαμβάνῃ
9366	παρά
9367	τινος
9368	,
9369	ἢ
9370	αὐτὸς
9371	διδῷ
9372	ἑτέρῳ
9373	,
9374	ἢ
9375	διαφθείρῃ
9376	τινὰς
9377	ἐπαγγελλόμενος
9378	,
9379	ἐπὶ
9380	βλάβῃ
9381	τοῦ
9382	δήμου
9383	ἢ
9384	ἰδίᾳ
9385	τινὸς
9386	τῶν
9387	πολιτῶν
9388	,
9389	τρόπῳ
9390	ἢ
9391	μηχανῇ
9392	ᾑτινιοῦν
9393	,
9394	ἄτιμος
9395	ἔστω
9396	καὶ
9397	παῖδες
9398	καὶ
9399	τὰ
9400	ἐκείνου
9401	.
9402	οὕτω
9403	τοίνυν
9404	οὗτός
9405	ἐστ’
9406	ἀσεβὴς
9407	καὶ
9408	μιαρὸς
9409	καὶ
9410	πᾶν
9411	ἂν
9412	ὑποστὰς
9413	εἰπεῖν
9414	καὶ
9415	πρᾶξαι
9416	,
9417	εἰ
9418	δ’
9419	ἀληθὲς
9420	ἢ
9421	ψεῦδος
9422	ἢ
9423	πρὸς
9424	ἐχθρὸν
9425	ἢ
9426	φίλον
9427	ἢ
9428	τὰ
9429	τοιαῦτα
9430	,
9431	ἀλλ’
9432	οὐδ’
9433	ὁτιοῦν
9434	διορίζων
9435	,
9436	ὥστ’
9437	ἐπαιτιασάμενός
9438	με
9439	φόνου
9440	καὶ
9441	τοιοῦτο
9442	πρᾶγμ’
9443	ἐπαγαγών
9444	,
9445	εἴασε
9446	μέν
9447	μ’
9448	εἰσιτητήρι’
9449	ὑπὲρ
9450	τῆς
9451	βουλῆς
9452	ἱεροποιῆσαι
9453	καὶ
9454	θῦσαι
9455	καὶ
9456	κατάρξασθαι
9457	τῶν
9458	ἱερῶν
9459	ὑπὲρ
9460	ὑμῶν
9461	καὶ
9462	ὅλης
9463	τῆς
9464	πόλεως
9465	,
9466	εἴασε
9467	δ’
9468	ἀρχεθεωροῦντ’
9469	ἀγαγεῖν
9470	τῷ
9471	Διὶ
9472	τῷ
9473	Νεμείῳ
9474	τὴν
9475	κοινὴν
9476	ὑπὲρ
9477	τῆς
9478	πόλεως
9479	θεωρίαν
9480	,
9481	περιεῖδε
9482	δὲ
9483	ταῖς
9484	σεμναῖς
9485	θεαῖς
9486	ἱεροποιὸν
9487	αἱρεθέντ’
9488	ἐξ
9489	Ἀθηναίων
9490	ἁπάντων
9491	τρίτον
9492	αὐτὸν
9493	καὶ
9494	καταρξάμενον
9495	τῶν
9496	ἱερῶν
9497	.
9498	ἆρ’
9499	ἄν
9500	,
9501	εἴ
9502	γ’
9503	εἶχε
9504	στιγμὴν
9505	ἢ
9506	σκιὰν
9507	τούτων
9508	ὧν
9509	κατεσκεύαζεν
9510	κατ’
9511	ἐμοῦ
9512	,
9513	ταῦτ’
9514	ἂν
9515	εἴασεν
9516	;
9517	ἐγὼ
9518	μὲν
9519	οὐκ
9520	οἶμαι
9521	.
9522	οὐκοῦν
9523	ἐξελέγχεται
9524	τούτοις
9525	ἐναργῶς
9526	ὕβρει
9527	ζητῶν
9528	μ’
9529	ἐκβάλλειν
9530	ἐκ
9531	τῆς
9532	πατρίδος
9533	.
9534	ἐπειδὴ
9535	τοίνυν
9536	τοῦτο
9537	τὸ
9538	πρᾶγμ’
9539	οὐ
9540	δὲ
9541	καθ’
9542	ἕν
9543	,
9544	πανταχῇ
9545	στρέφων
9546	,
9547	οἷός
9548	τ’
9549	ἦν
9550	ἀγαγεῖν
9551	ἐπ’
9552	ἐμέ
9553	,
9554	φανερῶς
9555	ἤδη
9556	δι’
9557	ἐμὲ
9558	τὸν
9559	Ἀρίσταρχον
9560	ἐσυκοφάντει
9561	.
9562	καὶ
9563	τὰ
9564	μὲν
9565	ἄλλα
9566	σιωπῶ
9567	·
9568	τῆς
9569	δὲ
9570	βουλῆς
9571	περὶ
9572	τούτων
9573	καθημένης
9574	καὶ
9575	σκοπουμένης
9576	,
9577	παρελθὼν
9578	οὗτος
9579	ἀγνοεῖτ’
9580	ἔφη
9581	ὦ
9582	βουλή
9583	,
9584	τὸ
9585	πρᾶγμα
9586	;
9587	καὶ
9588	τὸν
9589	αὐτόχειρ’
9590	ἔχοντες
9591	λέγων
9592	τὸν
9593	Ἀρίσταρχον
9594	μέλλετε
9595	καὶ
9596	ζητεῖτε
9597	καὶ
9598	τετύφωσθε
9599	;
9600	οὐκ
9601	ἀποκτενεῖτε
9602	;
9603	οὐκ
9604	ἐπὶ
9605	τὴν
9606	οἰκίαν
9607	βαδιεῖσθε
9608	;
9609	οὐχὶ
9610	συλλήψεσθε
9611	;
9612	καὶ
9613	ταῦτ’
9614	ἔλεγ’
9615	ἡ
9616	μιαρὰ
9617	καὶ
9618	ἀναιδὴς
9619	αὕτη
9620	κεφαλή
9621	,
9622	ἐξεληλυθὼς
9623	τῇ
9624	προτεραίᾳ
9625	παρ’
9626	Ἀριστάρχου
9627	,
9628	καὶ
9629	χρώμενος
9630	ὥσπερ
9631	ἂν
9632	ἄλλος
9633	τις
9634	τὰ
9635	πρὸ
9636	τούτου
9637	,
9638	καί
9639	,
9640	ὅτ’
9641	ηὐτύχει
9642	,
9643	πλεῖστα
9644	παρεσχηκότος
9645	ἐκείνου
9646	πράγματά
9647	μοι
9648	περὶ
9649	τῶν
9650	πρὸς
9651	τοῦτον
9652	ἀπαλλαγῶν
9653	.
9654	εἰ
9655	μὲν
9656	οὖν
9657	εἰργάσθαι
9658	τι
9659	τούτων
9660	ἐφ’
9661	οἷς
9662	ἀπόλωλεν
9663	ἡγούμενος
9664	τὸν
9665	Ἀρίσταρχον
9666	καὶ
9667	πεπιστευκὼς
9668	τοῖς
9669	τῶν
9670	αἰτιασαμένων
9671	λόγοις
9672	ταῦτ’
9673	ἔλεγεν
9674	,
9675	χρῆν
9676	μὲν
9677	οὐδ’
9678	οὕτω
9679	(
9680	μετρία
9681	γὰρ
9682	δίκη
9683	παρὰ
9684	τῶν
9685	φίλων
9686	ἐστίν
9687	,
9688	ἄν
9689	τι
9690	δοκῶσι
9691	πεποιηκέναι
9692	δεινόν
9693	,
9694	μηκέτι
9695	τῆς
9696	λοιπῆς
9697	φιλίας
9698	κοινωνεῖν
9699	,
9700	τὸ
9701	δὲ
9702	τιμωρεῖσθαι
9703	καὶ
9704	ἐπεξιέναι
9705	τοῖς
9706	πεπονθόσι
9707	καὶ
9708	τοῖς
9709	ἐχθροῖς
9710	παραλείπεται
9711	)
9712	·
9713	ὅμως
9714	δ’
9715	ἔστω
9716	τούτῳ
9717	γε
9718	συγγνώμη
9719	.
9720	εἰ
9721	δὲ
9722	λαλῶν
9723	μὲν
9724	καὶ
9725	ὁμωρόφιος
9726	γιγνόμενος
9727	ὡς
9728	οὐδὲν
9729	εἰργασμένῳ
9730	φανήσεται
9731	,
9732	λέγων
9733	δὲ
9734	καὶ
9735	καταιτιώμενος
9736	ταῦθ’
9737	εἵνεκα
9738	τοῦ
9739	συκοφαντεῖν
9740	ἐμέ
9741	,
9742	πῶς
9743	οὐ
9744	δεκάκις
9745	,
9746	μᾶλλον
9747	δὲ
9748	μυριάκις
9749	δίκαιός
9750	ἐστ’
9751	ἀπολωλέναι
9752	;
9753	ἀλλὰ
9754	μὴν
9755	ὡς
9756	ἀληθῆ
9757	λέγω
9758	καὶ
9759	τῇ
9760	μὲν
9761	προτεραίᾳ
9762	ὅτε
9763	ταῦτ’
9764	ἔλεγεν
9765	,
9766	εἰσεληλύθει
9767	καὶ
9768	διείλεκτ’
9769	ἐκείνῳ
9770	,
9771	τῇ
9772	δ’
9773	ὑστεραίᾳ
9774	πάλιν
9775	(
9776	τοῦτο
9777	γάρ
9778	,
9779	τοῦτ’
9780	οὐκ
9781	ἔχον
9782	ἐστὶν
9783	ὑπερβολὴν
9784	ἀκαθαρσίας
9785	,
9786	ἄνδρες
9787	Ἀθηναῖοι
9788	)
9789	εἰσελθὼν
9790	οἴκαδ’
9791	ὡς
9792	ἐκεῖνον
9793	καὶ
9794	ἐφεξῆς
9795	οὑτωσὶ
9796	καθεζόμενος
9797	,
9798	τὴν
9799	δεξιὰν
9800	ἐμβαλών
9801	,
9802	παρόντων
9803	πολλῶν
9804	,
9805	μετὰ
9806	τοὺς
9807	ἐν
9808	τῇ
9809	βουλῇ
9810	τούτους
9811	λόγους
9812	,
9813	ἐν
9814	οἷς
9815	αὐτόχειρα
9816	καὶ
9817	τὰ
9818	δεινότατ’
9819	εἰρήκει
9820	τὸν
9821	Ἀρίσταρχον
9822	,
9823	ὤμνυε
9824	μὲν
9825	κατ’
9826	ἐξωλείας
9827	μηδὲν
9828	εἰρηκέναι
9829	κατ’
9830	αὐτοῦ
9831	φλαῦρον
9832	,
9833	καὶ
9834	οὐδὲν
9835	ἐφρόντιζ’
9836	ἐπιορκῶν
9837	,
9838	καὶ
9839	ταῦτα
9840	παρόντων
9841	τῶν
9842	συνειδότων
9843	,
9844	ἠξίου
9845	δὲ
9846	καὶ
9847	πρὸς
9848	ἔμ’
9849	αὑτῷ
9850	δι’
9851	ἐκείνου
9852	γίγνεσθαι
9853	τὰς
9854	διαλύσεις
9855	,
9856	τούτων
9857	τοὺς
9858	παρόντας
9859	ὑμῖν
9860	καλῶ
9861	μάρτυρας
9862	.
9863	καίτοι
9864	πῶς
9865	οὐ
9866	δεινόν
9867	,
9868	ὦ
9869	ἄνδρες
9870	Ἀθηναῖοι
9871	,
9872	μᾶλλον
9873	δ’
9874	ἀσεβές
9875	,
9876	λέγειν
9877	ὡς
9878	φονεύς
9879	,
9880	καὶ
9881	πάλιν
9882	ὡς
9883	οὐκ
9884	εἴρηκε
9885	ταῦτ’
9886	ἀπομνύναι
9887	,
9888	καὶ
9889	φόνον
9890	μὲν
9891	ὀνειδίζειν
9892	,
9893	τούτῳ
9894	δ’
9895	ὁμωρόφιον
9896	γίγνεσθαι
9897	;
9898	κ
9899	ἂν
9900	μὲν
9901	ἀφῶ
9902	τοῦτον
9903	ἐγὼ
9904	καὶ
9905	προδῶ
9906	τὴν
9907	ὑμετέραν
9908	καταχειροτονίαν
9909	,
9910	οὐδέν
9911	,
9912	ὡς
9913	ἔοικ’
9914	,
9915	ἀδικῶ
9916	·
9917	ἂν
9918	δ’
9919	ἐπεξίω
9920	,
9921	λέλοιπα
9922	τὴν
9923	τάξιν
9924	,
9925	φόνον
9926	κοινωνῶ
9927	,
9928	δεῖ
9929	μ’
9930	ἀνηρπάσθαι
9931	.
9932	ἐγὼ
9933	δ’
9934	αὐτὸ
9935	τ
9936	οὐναντίον
9937	οἶμαι
9938	,
9939	εἰ
9940	τοῦτον
9941	ἀφῆκα
9942	,
9943	λελοιπέναι
9944	μέν
9945	,
9946	ὦ
9947	ἄνδρες
9948	Ἀθηναῖοι
9949	,
9950	τὴν
9951	τοῦ
9952	δικαίου
9953	τάξιν
9954	,
9955	φόνου
9956	δ’
9957	ἂν
9958	εἰκότως
9959	ἐμαυτῷ
9960	λαχεῖν
9961	·
9962	οὐ
9963	γὰρ
9964	ἦν
9965	μοι
9966	δήπου
9967	βιωτὸν
9968	τοῦτο
9969	ποιήσαντι
9970	.
9971	ὅτι
9972	τοίνυν
9973	καὶ
9974	ταῦτ’
9975	ἀληθῆ
9976	λέγω
9977	,
9978	κάλει
9979	μοι
9980	καὶ
9981	τούτων
9982	τοὺς
9983	μάρτυρας
9984	.
9985	ΜΑΡΤΥΡΕΣ
9986	Λυσίμαχος
9987	Ἀλωπεκῆθεν
9988	,
9989	Δημέας
9990	Σουνιεύς
9991	,
9992	Χάρης
9993	Θορίκιος
9994	,
9995	Φιλήμων
9996	Σφήττιος
9997	,
9998	Μόσχος
9999	Παιανιεύς
10000	,
10001	καθ’
10002	οὓς
10003	καιροὺς
10004	ἡ
10005	εἰσαγγελία
10006	ἐδόθη
10007	εἰς
10008	τὴν
10009	βουλὴν
10010	ὑπὲρ
10011	Ἀριστάρχου
10012	τοῦ
10013	Μόσχου
10014	,
10015	ὅτι
10016	εἴη
10017	Νικόδημον
10018	ἀπεκτονώς
10019	,
10020	οἴδαμεν
10021	Μειδίαν
10022	τὸν
10023	κρινόμενον
10024	ὑπὸ
10025	Δημοσθένους
10026	,
10027	ᾧ
10028	μαρτυροῦμεν
10029	,
10030	ἐλθόντα
10031	πρὸς
10032	τὴν
10033	βουλὴν
10034	καὶ
10035	λέγοντα
10036	μηδένα
10037	ἕτερον
10038	εἶναι
10039	τὸν
10040	Νικοδήμου
10041	φονέα
10042	,
10043	ἀλλ’
10044	Ἀρίσταρχον
10045	,
10046	καὶ
10047	τοῦτον
10048	αὐτοῦ
10049	γεγονέναι
10050	αὐτόχειρα
10051	,
10052	καὶ
10053	συμβουλεύοντα
10054	τῇ
10055	βουλῇ
10056	βαδίζειν
10057	ἐπὶ
10058	τὴν
10059	οἰκίαν
10060	τὴν
10061	Ἀριστάρχου
10062	καὶ
10063	συλλαμβάνειν
10064	αὐτόν
10065	.
10066	ταῦτα
10067	δ’
10068	ἔλεγε
10069	πρὸς
10070	τὴν
10071	βουλὴν
10072	τῇ
10073	προτεραίᾳ
10074	μετ’
10075	Ἀριστάρχου
10076	καὶ
10077	μεθ’
10078	ἡμῶν
10079	συνδεδειπνηκώς
10080	.
10081	οἴδαμεν
10082	δὲ
10083	καὶ
10084	Μειδίαν
10085	,
10086	ὡς
10087	ἀπῆλθεν
10088	ἀπὸ
10089	τῆς
10090	βουλῆς
10091	τούτους
10092	τοὺς
10093	λόγους
10094	εἰρηκώς
10095	,
10096	εἰσεληλυθότα
10097	πάλιν
10098	ὡς
10099	Ἀρίσταρχον
10100	καὶ
10101	τὴν
10102	δεξιὰν
10103	ἐμβεβληκότα
10104	καὶ
10105	ὀμνύοντα
10106	κατ’
10107	ἐξωλείας
10108	μηδὲν
10109	κατ’
10110	αὐτοῦ
10111	πρὸς
10112	τὴν
10113	βουλὴν
10114	εἰρηκέναι
10115	φαῦλον
10116	,
10117	καὶ
10118	ἀξιοῦντα
10119	Ἀρίσταρχον
10120	ὅπως
10121	ἂν
10122	διαλλάξῃ
10123	αὐτῷ
10124	Δημοσθένην
10125	.
10126	τίς
10127	οὖν
10128	ὑπερβολή
10129	,
10130	τίς
10131	ὁμοία
10132	τῇ
10133	τούτου
10134	γέγον’
10135	ἢ
10136	γένοιτ’
10137	ἂν
10138	πονηρία
10139	;
10140	ὃς
10141	ἄνδρ’
10142	ἀτυχοῦντα
10143	,
10144	οὐδὲν
10145	αὐτὸν
10146	ἠδικηκότα
10147	(
10148	ἐῶ
10149	γὰρ
10150	εἰ
10151	φίλον
10152	)
10153	,
10154	ἅμα
10155	συκοφαντεῖν
10156	ᾤετο
10157	δεῖν
10158	καὶ
10159	πρὸς
10160	ἔμ’
10161	αὑτὸν
10162	διαλύειν
10163	ἠξίου
10164	,
10165	καὶ
10166	ταῦτ’
10167	ἔπραττε
10168	καὶ
10169	χρήματ’
10170	ἀνήλισκεν
10171	ἐπὶ
10172	τῷ
10173	μετ’
10174	ἐκείνου
10175	κ
10176	ἀμὲ
10177	προσεκβαλεῖν
10178	ἀδίκως
10179	.
10180	τοῦτο
10181	μέντοι
10182	τὸ
10183	τοιοῦτον
10184	ἔθος
10185	καὶ
10186	τὸ
10187	κατασκεύασμ’
10188	,
10189	ὦ
10190	ἄνδρες
10191	Ἀθηναῖοι
10192	,
10193	τὸ
10194	τοῖς
10195	ὑπὲρ
10196	αὑτῶν
10197	ἐπεξιοῦσι
10198	δικαίως
10199	ἔτι
10200	πλείω
10201	περιιστάναι
10202	κακά
10203	,
10204	οὐκ
10205	ἐμοὶ
10206	μὲν
10207	ἄξιόν
10208	ἐστ’
10209	ἀγανακτεῖν
10210	καὶ
10211	βαρέως
10212	φέρειν
10213	,
10214	ὑμῖν
10215	δὲ
10216	τοῖς
10217	ἄλλοις
10218	παριδεῖν
10219	,
10220	πολλοῦ
10221	γε
10222	καὶ
10223	δεῖ
10224	,
10225	ἀλλὰ
10226	πᾶσιν
10227	ὁμοίως
10228	ὀργιστέον
10229	,
10230	ἐκλογιζομένοις
10231	καὶ
10232	θεωροῦσιν
10233	ὅτι
10234	τοῦ
10235	μέν
10236	,
10237	ὦ
10238	ἄνδρες
10239	Ἀθηναῖοι
10240	,
10241	ῥᾳδίως
10242	κακῶς
10243	παθεῖν
10244	ἐγγύταθ’
10245	ὑμῶν
10246	εἰσιν
10247	οἱ
10248	πενέστατοι
10249	καὶ
10250	ἀσθενέστατοι
10251	,
10252	τοῦ
10253	δ’
10254	ὑβρίσαι
10255	καὶ
10256	τοῦ
10257	ποιήσαντας
10258	μὴ
10259	δοῦναι
10260	δίκην
10261	,
10262	ἀλλὰ
10263	τοὺς
10264	ἀντιπαρέξοντας
10265	πράγματα
10266	μισθώσασθαι
10267	,
10268	οἱ
10269	βδελυροὶ
10270	καὶ
10271	χρήματ’
10272	ἔχοντές
10273	.
10274	οὐ
10275	δὴ
10276	δεῖ
10277	παρορᾶν
10278	τὰ
10279	τοιαῦτα
10280	,
10281	οὐ
10282	δὲ
10283	τὸν
10284	ἐξείργοντα
10285	δέει
10286	καὶ
10287	φόβῳ
10288	τὸ
10289	δίκην
10290	ὧν
10291	ἂν
10292	ἡμῶν
10293	ἀδικηθῇ
10294	τις
10295	λαμβάνειν
10296	παρ’
10297	αὐτοῦ
10298	ἄλλο
10299	τι
10300	χρὴ
10301	νομίζειν
10302	ποιεῖν
10303	ἢ
10304	τὰς
10305	τῆς
10306	ἰσηγορίας
10307	καὶ
10308	τὰς
10309	τῆς
10310	ἐλευθερίας
10311	ἡμῶν
10312	μετουσίας
10313	ἀφαιρεῖσθαι
10314	.
10315	ἐγὼ
10316	μὲν
10317	γὰρ
10318	ἴσως
10319	διεωσάμην
10320	,
10321	καὶ
10322	ἄλλος
10323	τις
10324	ἄν
10325	,
10326	ψευδῆ
10327	λόγον
10328	καὶ
10329	συκοφαντίαν
10330	,
10331	καὶ
10332	οὐκ
10333	ἀνήρπασμαι
10334	·
10335	οἱ
10336	δὲ
10337	πολλοὶ
10338	τί
10339	ποιήσετε
10340	,
10341	ἂν
10342	μὴ
10343	δημοσίᾳ
10344	πᾶσιν
10345	φοβερὸν
10346	καταστήσητε
10347	τὸ
10348	εἰς
10349	ταῦτ’
10350	ἀποχρῆσθαι
10351	τῷ
10352	πλουτεῖν
10353	;
10354	δόντα
10355	λόγον
10356	καὶ
10357	ὑποσχόντα
10358	κρίσιν
10359	περὶ
10360	ὧν
10361	ἄν
10362	τις
10363	ἐγκαλῇ
10364	,
10365	τότ’
10366	ἀμύνεσθαι
10367	τοὺς
10368	ἐφ’
10369	αὑτὸν
10370	ἐλθόντας
10371	χρή
10372	,
10373	καὶ
10374	τότ’
10375	,
10376	ἂν
10377	ἀδικοῦντας
10378	ὁρᾷ
10379	τις
10380	,
10381	οὐ
10382	προαναρπάζειν
10383	,
10384	οὐδ’
10385	ἐπάγοντ’
10386	αἰτίας
10387	ψευδεῖς
10388	ἄκριτον
10389	ζητεῖν
10390	ἀποφεύγειν
10391	,
10392	οὐδ’
10393	ἐπὶ
10394	τῷ
10395	διδόναι
10396	δίκην
10397	ἀσχάλλειν
10398	,
10399	ἀλλὰ
10400	μὴ
10401	ποιεῖν
10402	ἐξ
10403	ἀρχῆς
10404	ἀσελγὲς
10405	μηδέν
10406	.
10407	ὅσα
10408	μὲν
10409	τοίνυν
10410	εἴς
10411	τε
10412	τὴν
10413	λῃτουργίαν
10414	καὶ
10415	τὸ
10416	σῶμ’
10417	ὑβρίσθην
10418	,
10419	καὶ
10420	πάντ’
10421	ἐπιβουλευόμενος
10422	τρόπον
10423	καὶ
10424	πάσχων
10425	κακῶς
10426	ἐκπέφευγα
10427	,
10428	ἀκηκόατ’
10429	,
10430	ὦ
10431	ἄνδρες
10432	Ἀθηναῖοι
10433	.
10434	καὶ
10435	παραλείπω
10436	δὲ
10437	πολλά
10438	·
10439	οὐ
10440	γὰρ
10441	ἴσως
10442	ῥᾴδιον
10443	πάντ’
10444	εἰπεῖν
10445	.
10446	ἔχει
10447	δ’
10448	οὕτως
10449	.
10450	οὐκ
10451	ἔστ’
10452	ἐφ’
10453	ὅτῳ
10454	τῶν
10455	πεπραγμένων
10456	ἐγὼ
10457	μόνος
10458	ἠδίκημαι
10459	,
10460	ἀλλ’
10461	ἐπὶ
10462	μὲν
10463	τοῖς
10464	εἰς
10465	τὸν
10466	χορὸν
10467	γεγενημένοις
10468	ἀδικήμασιν
10469	ἡ
10470	φυλή
10471	,
10472	δέκατον
10473	μέρος
10474	ὑμῶν
10475	,
10476	συνηδίκηται
10477	,
10478	ἐπὶ
10479	δ’
10480	οἷς
10481	ἔμ’
10482	ὕβρισε
10483	καὶ
10484	ἐπεβούλευσεν
10485	οἱ
10486	νόμοι
10487	,
10488	δι’
10489	οὓς
10490	εἷς
10491	ἕκαστος
10492	ὑμῶν
10493	σῶς
10494	ἐστιν
10495	·
10496	ἐφ’
10497	ἅπασι
10498	δὲ
10499	τούτοις
10500	ὁ
10501	θεός
10502	,
10503	ᾧ
10504	χορηγὸς
10505	ἐγὼ
10506	καθειστήκειν
10507	,
10508	καὶ
10509	τὸ
10510	τῆς
10511	ὁσίας
10512	,
10513	ὁτιδήποτ’
10514	ἐστί
10515	,
10516	τὸ
10517	σεμνὸν
10518	καὶ
10519	τὸ
10520	δαιμόνιον
10521	.
10522	δεῖ
10523	δὴ
10524	τούς
10525	γε
10526	βουλομένους
10527	ὀρθῶς
10528	τὴν
10529	κατ’
10530	ἀξίαν
10531	τῶν
10532	πεπραγμένων
10533	παρὰ
10534	τούτου
10535	δίκην
10536	λαμβάνειν
10537	,
10538	οὐχ
10539	ὡς
10540	ὑπὲρ
10541	ἐμοῦ
10542	μόνον
10543	ὄντος
10544	τοῦ
10545	λόγου
10546	τὴν
10547	ὀργὴν
10548	ἔχειν
10549	,
10550	ἀλλ’
10551	ὡς
10552	ἐν
10553	τ
10554	αὐτῷ
10555	τῶν
10556	νόμων
10557	,
10558	τοῦ
10559	θεοῦ
10560	,
10561	τῆς
10562	πόλεως
10563	,
10564	ὁμοῦ
10565	πάντων
10566	ἠδικημένων
10567	,
10568	οὕτω
10569	ποιεῖσθαι
10570	τὴν
10571	τιμωρίαν
10572	,
10573	καὶ
10574	τοὺς
10575	βοηθοῦντας
10576	καὶ
10577	τοὺς
10578	συνεξεταζομένους
10579	μετὰ
10580	τούτου
10581	μὴ
10582	συνηγόρους
10583	μόνον
10584	,
10585	ἀλλὰ
10586	καὶ
10587	δοκιμαστὰς
10588	τῶν
10589	τούτῳ
10590	πεπραγμένων
10591	ὑπολαμβάνετ’
10592	εἶναι
10593	.
10594	εἰ
10595	μὲν
10596	τοίνυν
10597	,
10598	ὦ
10599	ἄνδρες
10600	Ἀθηναῖοι
10601	,
10602	σώφρονα
10603	καὶ
10604	μέτριον
10605	πρὸς
10606	τ
10607	ἄλλα
10608	παρεσχηκὼς
10609	αὑτὸν
10610	Μειδίας
10611	καὶ
10612	μηδένα
10613	τῶν
10614	ἄλλων
10615	πολιτῶν
10616	ἠδικηκὼς
10617	εἰς
10618	ἔμ’
10619	ἀσελγὴς
10620	μόνον
10621	οὕτω
10622	καὶ
10623	βίαιος
10624	ἐγεγόνει
10625	,
10626	πρῶτον
10627	μὲν
10628	ἔγωγ’
10629	ἀτύχημ’
10630	ἂν
10631	ἐμαυτοῦ
10632	τοῦθ’
10633	ἡγούμην
10634	,
10635	ἔπειτ’
10636	ἐφοβούμην
10637	ἂν
10638	μὴ
10639	τὸν
10640	ἄλλον
10641	ἑαυτοῦ
10642	βίον
10643	οὗτος
10644	μέτριον
10645	δεικνύων
10646	καὶ
10647	φιλάνθρωπον
10648	διακρούσηται
10649	τούτῳ
10650	τὸ
10651	δίκην
10652	ὧν
10653	ἔμ’
10654	ὕβρικεν
10655	δοῦναι
10656	.
10657	νυνὶ
10658	δὲ
10659	τοσαῦτ’
10660	ἐστὶ
10661	τ
10662	ἄλλ’
10663	ἃ
10664	πολλοὺς
10665	ὑμῶν
10666	ἠδίκησεν
10667	καὶ
10668	τοιαῦτα
10669	,
10670	ὥστε
10671	τούτου
10672	μὲν
10673	τοῦ
10674	δέους
10675	ἀπήλλαγμαι
10676	,
10677	φοβοῦμαι
10678	δὲ
10679	πάλιν
10680	τ
10681	οὐναντίον
10682	μή
10683	,
10684	ἐπειδὰν
10685	πολλὰ
10686	καὶ
10687	δείν’
10688	ἑτέρους
10689	ἀκούηθ’
10690	ὑπ’
10691	αὐτοῦ
10692	πεπονθότας
10693	,
10694	τοιοῦτός
10695	τις
10696	ὑμῖν
10697	λογισμὸς
10698	ἐμπέσῃ
10699	τί
10700	οὖν
10701	;
10702	σὺ
10703	δεινότερ’
10704	ἢ
10705	τῶν
10706	ἄλλων
10707	εἷς
10708	ἕκαστος
10709	πεπονθὼς
10710	ἀγανακτεῖς
10711	;
10712	πάντα
10713	μὲν
10714	δὴ
10715	τὰ
10716	τούτῳ
10717	πεπραγμένα
10718	οὔτ’
10719	ἂν
10720	ἐγὼ
10721	δυναίμην
10722	πρὸς
10723	ὑμᾶς
10724	εἰπεῖν
10725	,
10726	οὔτ’
10727	ἂν
10728	ὑμεῖς
10729	ὑπομείναιτ’
10730	ἀκούειν
10731	,
10732	οὐδ’
10733	,
10734	εἰ
10735	τὸ
10736	παρ’
10737	ἀμφοτέρων
10738	ἡμῶν
10739	ὕδωρ
10740	ὑπάρξειε
10741	πρὸς
10742	τὸ
10743	λοιπόν
10744	,
10745	πᾶν
10746	τό
10747	τ’
10748	ἐμὸν
10749	καὶ
10750	τὸ
10751	τούτου
10752	προστεθέν
10753	,
10754	οὐκ
10755	ἂν
10756	ἐξαρκέσειεν
10757	·
10758	ἃ
10759	δ’
10760	ἐστὶ
10761	μέγιστα
10762	καὶ
10763	φανερώτατα
10764	,
10765	ταῦτ’
10766	ἐρῶ
10767	.
10768	μᾶλλον
10769	δ’
10770	ἐκεῖνο
10771	ποιήσω
10772	·
10773	ἀναγνώσομαι
10774	μὲν
10775	ὑμῖν
10776	,
10777	ὡς
10778	ἐμαυτῷ
10779	γέγραμμαι
10780	,
10781	πάντα
10782	τὰ
10783	ὑπομνήματα
10784	,
10785	λέξω
10786	δ’
10787	ὅ
10788	τι
10789	ἂν
10790	πρῶτον
10791	ἀκούειν
10792	βουλομένοις
10793	ὑμῖν
10794	ᾖ
10795	,
10796	τοῦτο
10797	πρῶτον
10798	,
10799	εἶθ’
10800	ἕτερον
10801	,
10802	καὶ
10803	τ
10804	ἄλλα
10805	τὸν
10806	αὐτὸν
10807	τρόπον
10808	,
10809	ἕως
10810	ἂν
10811	ἀκούειν
10812	βούλησθε
10813	.
10814	ἔστι
10815	δὲ
10816	ταῦτα
10817	παντοδαπά
10818	,
10819	καὶ
10820	ὕβρεις
10821	πολλαὶ
10822	καὶ
10823	περὶ
10824	τοὺς
10825	οἰκείους
10826	κακουργήματα
10827	καὶ
10828	περὶ
10829	τοὺς
10830	θεοὺς
10831	ἀσεβήματα
10832	,
10833	καὶ
10834	τόπος
10835	οὐδείς
10836	ἐστιν
10837	ἐν
10838	ᾧ
10839	τοῦτον
10840	οὐ
10841	θανάτου
10842	πεποιηκότ’
10843	ἄξια
10844	πόλλ’
10845	εὑρήσετε
10846	.
10847	ΥΠΟΜΝΗΜΑΤΑ
10848	ΤΩ͂Ν
10849	ΜΕΙΔΙΟΥ
10850	ΑΔΙΚΗΜΑΤΩΝ
10851	ὅσα
10852	μὲν
10853	τοίνυν
10854	,
10855	ὦ
10856	ἄνδρες
10857	δικασταί
10858	,
10859	τὸν
10860	ἀεὶ
10861	προστυχόντ’
10862	αὐτῷ
10863	πεποίηκεν
10864	,
10865	ταῦτ’
10866	ἐστίν
10867	.
10868	καὶ
10869	παραλέλοιφ’
10870	ἕτερα
10871	·
10872	οὐ
10873	γὰρ
10874	ἂν
10875	δύναιτ’
10876	οὐδεὶς
10877	εἰσάπαξ
10878	εἰπεῖν
10879	ἃ
10880	πολὺν
10881	χρόνον
10882	οὗτος
10883	ὑβρίζων
10884	συνεχῶς
10885	ἅπαντα
10886	τὸν
10887	βίον
10888	εἴργασται
10889	.
10890	ἄξιον
10891	δ’
10892	ἰδεῖν
10893	ἐφ’
10894	ὅσον
10895	φρονήματος
10896	ἤδη
10897	προελήλυθε
10898	τῷ
10899	τούτων
10900	δίκην
10901	μηδενὸς
10902	δεδωκέναι
10903	.
10904	οὐ
10905	γὰρ
10906	ἡγεῖθ’
10907	,
10908	ὡς
10909	ἐμοὶ
10910	δοκεῖ
10911	,
10912	λαμπρὸν
10913	οὐ
10914	δὲ
10915	νεανικὸν
10916	οὐδ’
10917	ἄξιον
10918	ἑαυτοῦ
10919	ὅ
10920	τι
10921	ἄν
10922	τις
10923	πρὸς
10924	ἕν’
10925	εἷς
10926	διαπράττηται
10927	,
10928	ἀλλ’
10929	εἰ
10930	μὴ
10931	φυλὴν
10932	ὅλην
10933	καὶ
10934	βουλὴν
10935	καὶ
10936	ἔθνος
10937	προπηλακιεῖ
10938	καὶ
10939	πολλοὺς
10940	ἁθρόους
10941	ὑμῶν
10942	ἅμ’
10943	ἐλᾷ
10944	,
10945	ἀβίωτον
10946	ᾤετ’
10947	ἔσεσθαι
10948	τὸν
10949	βίον
10950	αὑτῷ
10951	.
10952	καὶ
10953	τὰ
10954	μὲν
10955	ἄλλα
10956	σιωπῶ
10957	,
10958	μυρί’
10959	εἰπεῖν
10960	ἔχων
10961	,
10962	περὶ
10963	δὲ
10964	τῶν
10965	συστρατευσαμένων
10966	ἱππέων
10967	εἰς
10968	Ἄργουραν
10969	ἴστε
10970	δήπου
10971	πάντες
10972	οἷ’
10973	ἐδημηγόρησε
10974	παρ’
10975	ὑμῖν
10976	,
10977	ὅθ’
10978	ἧκεν
10979	ἐκ
10980	Χαλκίδος
10981	,
10982	κατηγορῶν
10983	καὶ
10984	φάσκων
10985	ὄνειδος
10986	ἐξελθεῖν
10987	τὴν
10988	στρατιὰν
10989	ταύτην
10990	τῇ
10991	πόλει
10992	·
10993	καὶ
10994	τὴν
10995	λοιδορίαν
10996	ἣν
10997	ἐλοιδορήθη
10998	Κρατίνῳ
10999	περὶ
11000	τούτων
11001	,
11002	τῷ
11003	νῦν
11004	,
11005	ὡς
11006	ἐγὼ
11007	πυνθάνομαι
11008	,
11009	μέλλοντι
11010	βοηθεῖν
11011	αὐτῷ
11012	,
11013	μέμνησθε
11014	.
11015	τὸν
11016	δὴ
11017	τοσούτοις
11018	ἁθρόοις
11019	τῶν
11020	πολιτῶν
11021	ἔχθραν
11022	ἐπ’
11023	οὐδενὶ
11024	τηλικαύτην
11025	ἀράμενον
11026	πόσῃ
11027	πονηρίᾳ
11028	καὶ
11029	θρασύτητι
11030	ταῦτα
11031	χρὴ
11032	νομίζειν
11033	πράττειν
11034	;
11035	καίτοι
11036	πότερ’
11037	εἰσὶν
11038	ὄνειδος
11039	,
11040	ὦ
11041	Μειδία
11042	,
11043	τῇ
11044	πόλει
11045	οἱ
11046	διαβάντες
11047	ἐν
11048	τάξει
11049	καὶ
11050	τὴν
11051	σκευὴν
11052	ἔχοντες
11053	ἣν
11054	προσῆκε
11055	τοὺς
11056	ἐπὶ
11057	τοὺς
11058	πολεμίους
11059	ἐξιόντας
11060	καὶ
11061	συμβαλουμένους
11062	τοῖς
11063	συμμάχοις
11064	,
11065	ἢ
11066	σὺ
11067	ὁ
11068	μη
11069	δὲ
11070	λαχεῖν
11071	εὐχόμενος
11072	τῶν
11073	ἐξιόντων
11074	ὅτ’
11075	ἐκληροῦ
11076	,
11077	τὸν
11078	θώρακα
11079	δ’
11080	οὐδεπώποτ’
11081	ἐνδύς
11082	,
11083	ἐπ’
11084	ἀστράβης
11085	δ’
11086	ὀχούμενος
11087	ἀργυρᾶς
11088	τῆς
11089	ἐξ
11090	Εὐβοίας
11091	,
11092	χλανίδας
11093	δὲ
11094	καὶ
11095	κυμβία
11096	καὶ
11097	κάδους
11098	ἔχων
11099	,
11100	ὧν
11101	ἐπελαμβάνονθ’
11102	οἱ
11103	πεντηκοστολόγοι
11104	;
11105	ταῦτα
11106	γὰρ
11107	εἰς
11108	τοὺς
11109	ὁπλίτας
11110	ἡμᾶς
11111	ἀπηγγέλλετο
11112	·
11113	οὐ
11114	γὰρ
11115	εἰς
11116	τ
11117	αὐτὸν
11118	ἡμεῖς
11119	τούτοις
11120	διέβημεν
11121	.
11122	εἶτα
11123	,
11124	εἴ
11125	σ’
11126	ἐπὶ
11127	τούτοις
11128	ἔσκωψεν
11129	Ἀρχετίων
11130	ἤ
11131	τις
11132	ἄλλος
11133	,
11134	πάντας
11135	ἤλαυνες
11136	;
11137	εἰ
11138	μὲν
11139	γὰρ
11140	ἐποίεις
11141	ταῦτ’
11142	,
11143	ὦ
11144	Μειδία
11145	,
11146	ἃ
11147	σέ
11148	φασιν
11149	οἱ
11150	συνιππεῖς
11151	καὶ
11152	κατηγόρεις
11153	ὡς
11154	λέγοιεν
11155	περὶ
11156	σοῦ
11157	,
11158	δικαίως
11159	κακῶς
11160	ἤκουες
11161	·
11162	καὶ
11163	γὰρ
11164	ἐκείνους
11165	καὶ
11166	τουτουσὶ
11167	καὶ
11168	ὅλην
11169	τὴν
11170	πόλιν
11171	ἠδίκεις
11172	καὶ
11173	κατῄσχυνες
11174	.
11175	εἰ
11176	δὲ
11177	μὴ
11178	ποιοῦντός
11179	σου
11180	κατεσκεύαζόν
11181	τινες
11182	καταψευδόμενοί
11183	σου
11184	,
11185	οἱ
11186	δὲ
11187	λοιποὶ
11188	τῶν
11189	στρατιωτῶν
11190	οὐκ
11191	ἐκείνοις
11192	ἐπετίμων
11193	,
11194	ἀλλὰ
11195	σοὶ
11196	ἐπέχαιρον
11197	,
11198	δῆλον
11199	ὅτι
11200	ἐκ
11201	τῶν
11202	ἄλλων
11203	ὧν
11204	ἔζης
11205	ἄξιος
11206	αὐτοῖς
11207	ἐδόκεις
11208	εἶναι
11209	τοῦ
11210	τοιαῦτ’
11211	ἀκούειν
11212	·
11213	σαυτὸν
11214	οὖν
11215	μετριώτερον
11216	ἐχρῆν
11217	παρέχειν
11218	,
11219	οὐκ
11220	ἐκείνους
11221	διαβάλλειν
11222	.
11223	σὺ
11224	δ’
11225	ἀπειλεῖς
11226	πᾶσιν
11227	,
11228	ἐλαύνεις
11229	πάντας
11230	·
11231	τοὺς
11232	ἄλλους
11233	ἀξιοῖς
11234	ὅ
11235	τι
11236	σὺ
11237	βούλει
11238	σκοπεῖν
11239	,
11240	οὐκ
11241	αὐτὸς
11242	σκοπεῖς
11243	ὅ
11244	τι
11245	μὴ
11246	λυπήσεις
11247	τοὺς
11248	ἄλλους
11249	ποιῶν
11250	.
11251	καὶ
11252	τὸ
11253	δὴ
11254	σχετλιώτατον
11255	καὶ
11256	μέγιστον
11257	ἔμοιγε
11258	δοκοῦν
11259	ὕβρεως
11260	εἶναι
11261	σημεῖον
11262	·
11263	τοσούτων
11264	ἀνθρώπων
11265	,
11266	ὦ
11267	μιαρὰ
11268	κεφαλή
11269	,
11270	σὺ
11271	παρελθὼν
11272	ἁθρόων
11273	κατηγόρεις
11274	,
11275	ὃ
11276	τίς
11277	οὐκ
11278	ἂν
11279	ἔφριξε
11280	ποιῆσαι
11281	τῶν
11282	ἄλλων
11283	;
11284	τοῖς
11285	μὲν
11286	τοίνυν
11287	ἄλλοις
11288	ἅπασιν
11289	ἀνθρώποις
11290	ὁρῶ
11291	τοῖς
11292	κρινομένοις
11293	,
11294	ὦ
11295	ἄνδρες
11296	δικασταί
11297	,
11298	ἓν
11299	μὲν
11300	ἢ
11301	δύ’
11302	ὄντα
11303	τ
11304	ἀδικήμαθ’
11305	ἃ
11306	κατηγορεῖται
11307	,
11308	λόγους
11309	δ’
11310	ἀφθόνους
11311	τοιούτους
11312	ὑπάρχοντας
11313	τίς
11314	ὑμῶν
11315	ἐμοί
11316	τι
11317	σύνοιδε
11318	τοιοῦτον
11319	;
11320	τίς
11321	ὑμῶν
11322	ἐμὲ
11323	ταῦθ’
11324	ἑόρακε
11325	ποιοῦντα
11326	;
11327	οὐκ
11328	ἔστιν
11329	,
11330	ἀλλ’
11331	οὗτοι
11332	δι’
11333	ἔχθραν
11334	καταψεύδονταί
11335	μου
11336	,
11337	καταψευδομαρτυροῦμαι
11338	,
11339	τὰ
11340	τοιαῦτα
11341	·
11342	τούτῳ
11343	δ’
11344	αὖ
11345	τ
11346	ἀναντία
11347	τούτων
11348	.
11349	πάντας
11350	γὰρ
11351	ὑμᾶς
11352	εἰδέναι
11353	νομίζω
11354	τὸν
11355	τρόπον
11356	καὶ
11357	τὴν
11358	ἀσέλγειαν
11359	καὶ
11360	τὴν
11361	ὑπερηφανίαν
11362	τοῦ
11363	βίου
11364	,
11365	καὶ
11366	πάλαι
11367	θαυμάζειν
11368	ἐνίους
11369	οἴομαι
11370	ὧν
11371	αὐτοὶ
11372	μὲν
11373	ἴσασιν
11374	,
11375	οὐκ
11376	ἀκηκόασι
11377	δὲ
11378	νῦν
11379	ἐμοῦ
11380	.
11381	πολλοὺς
11382	δὲ
11383	τῶν
11384	πεπονθότων
11385	οὐ
11386	δὲ
11387	πάνθ’
11388	ὅσ’
11389	ἠδίκηνται
11390	μαρτυρεῖν
11391	ἐθέλοντας
11392	ὁρῶ
11393	,
11394	τὴν
11395	βίαν
11396	καὶ
11397	τὴν
11398	φιλοπραγμοσύνην
11399	ὁρῶντας
11400	τὴν
11401	τούτου
11402	καὶ
11403	τὴν
11404	ἀφορμήν
11405	,
11406	ἥπερ
11407	ἰσχυρὸν
11408	ποιεῖ
11409	καὶ
11410	φοβερὸν
11411	τὸν
11412	κατάπτυστον
11413	τουτονί
11414	.
11415	τὸ
11416	γὰρ
11417	ἐπ’
11418	ἐξουσίας
11419	καὶ
11420	πλούτου
11421	πονηρὸν
11422	εἶναι
11423	καὶ
11424	ὑβριστὴν
11425	τεῖχός
11426	ἐστι
11427	πρὸς
11428	τὸ
11429	μηδὲν
11430	ἂν
11431	αὐτὸν
11432	ἐξ
11433	ἐπιδρομῆς
11434	παθεῖν
11435	,
11436	ἐπεὶ
11437	περιαιρεθεὶς
11438	οὗτος
11439	τὰ
11440	ὄντα
11441	ἴσως
11442	μὲν
11443	οὐκ
11444	ἂν
11445	ὑβρίζοι
11446	,
11447	εἰ
11448	δ’
11449	ἄρα
11450	,
11451	ἐλάττονος
11452	ἄξιος
11453	ἔσται
11454	τοῦ
11455	μικροτάτου
11456	παρ’
11457	ὑμῖν
11458	·
11459	μάτην
11460	γὰρ
11461	λοιδορήσεται
11462	καὶ
11463	βοήσεται
11464	,
11465	δίκην
11466	δ’
11467	,
11468	ἂν
11469	ἀσελγαίνῃ
11470	τι
11471	,
11472	τοῖς
11473	ἄλλοις
11474	ἡμῖν
11475	ἐξ
11476	ἴσου
11477	δώσει
11478	.
11479	νῦν
11480	δ’
11481	,
11482	οἶμαι
11483	,
11484	τούτου
11485	προβέβληται
11486	Πολύευκτος
11487	,
11488	Τιμοκράτης
11489	,
11490	Εὐκτήμων
11491	ὁ
11492	κονιορτός
11493	·
11494	τοιοῦτοί
11495	τινές
11496	εἰσι
11497	μισθοφόροι
11498	περὶ
11499	αὐτόν
11500	,
11501	καὶ
11502	πρὸς
11503	ἔθ’
11504	ἕτεροι
11505	τούτοις
11506	,
11507	μαρτύρων
11508	συνεστῶσ’
11509	ἑταιρεία
11510	,
11511	φανερῶς
11512	μὲν
11513	οὐκ
11514	ἐνοχλούντων
11515	ὑμῖν
11516	,
11517	σιγῇ
11518	δὲ
11519	τὰ
11520	ψευδῆ
11521	ῥᾷστ’
11522	ἐπινευόντων
11523	.
11524	οὓς
11525	μὰ
11526	τοὺς
11527	θεοὺς
11528	οὐδὲν
11529	ὠφελεῖσθαι
11530	νομίζω
11531	παρὰ
11532	τούτου
11533	·
11534	ἀλλὰ
11535	δεινοί
11536	τινές
11537	εἰσιν
11538	,
11539	ὦ
11540	ἄνδρες
11541	Ἀθηναῖοι
11542	,
11543	φθείρεσθαι
11544	πρὸς
11545	τοὺς
11546	πλουσίους
11547	καὶ
11548	παρεῖναι
11549	καὶ
11550	μαρτυρεῖν
11551	.
11552	πάντα
11553	δὲ
11554	ταῦτ’
11555	,
11556	οἶμαι
11557	,
11558	φοβέρ’
11559	ἐστὶ
11560	τῶν
11561	ἄλλων
11562	ὑμῶν
11563	ἑκάστῳ
11564	καθ’
11565	ἑαυτὸν
11566	ὅπως
11567	δύναται
11568	ζῶντι
11569	.
11570	οὗπερ
11571	εἵνεκα
11572	συλλέγεσθ’
11573	ὑμεῖς
11574	,
11575	ἵν’
11576	,
11577	ὧν
11578	καθ’
11579	ἕν’
11580	ἐστὶν
11581	ἕκαστος
11582	ὑμῶν
11583	ἐλάττων
11584	ἢ
11585	φίλοις
11586	ἢ
11587	τοῖς
11588	οὖσιν
11589	ἢ
11590	τῶν
11591	ἄλλων
11592	τινί
11593	,
11594	τούτων
11595	συλλεγέντες
11596	ἑκάστου
11597	κρείττους
11598	τε
11599	γίγνησθε
11600	καὶ
11601	παύητε
11602	τὴν
11603	ὕβριν
11604	.
11605	τάχα
11606	τοίνυν
11607	καὶ
11608	τοιοῦτός
11609	τις
11610	ἥξει
11611	πρὸς
11612	ὑμᾶς
11613	λόγος
11614	,
11615	τί
11616	δὴ
11617	τὰ
11618	καὶ
11619	τὰ
11620	πεπονθὼς
11621	ὁ
11622	δεῖν’
11623	οὐκ
11624	ἐλάμβανεν
11625	δίκην
11626	παρ’
11627	ἐμοῦ
11628	;
11629	ἢ
11630	τί
11631	δὴ
11632	πάλιν
11633	ἄλλον
11634	ἴσως
11635	τινὰ
11636	τῶν
11637	ἠδικημένων
11638	ὀνομάζων
11639	.
11640	ἐγὼ
11641	δὲ
11642	δι’
11643	ἃς
11644	μὲν
11645	προφάσεις
11646	ἕκαστος
11647	ἀφίσταται
11648	τοῦ
11649	βοηθεῖν
11650	αὑτῷ
11651	,
11652	πάντας
11653	ὑμᾶς
11654	εἰδέναι
11655	νομίζω
11656	·
11657	καὶ
11658	γὰρ
11659	ἀσχολία
11660	καὶ
11661	ἀπραγμοσύνη
11662	καὶ
11663	τὸ
11664	μὴ
11665	δύνασθαι
11666	λέγειν
11667	καὶ
11668	ἀπορία
11669	καὶ
11670	μυρί’
11671	ἐστὶν
11672	αἴτια
11673	·
11674	προσήκειν
11675	μέντοι
11676	τούτῳ
11677	μὴ
11678	ταῦτα
11679	λέγειν
11680	ἡγοῦμαι
11681	νυνί
11682	,
11683	ἀλλ’
11684	ὡς
11685	οὐ
11686	πεποίηκέ
11687	τι
11688	τούτων
11689	ὧν
11690	αὐτοῦ
11691	κατηγόρηκα
11692	διδάσκειν
11693	,
11694	ἐὰν
11695	δὲ
11696	μὴ
11697	δύνηται
11698	,
11699	διὰ
11700	ταῦτ’
11701	ἀπολωλέναι
11702	πολὺ
11703	μᾶλλον
11704	,
11705	εἰ
11706	γὰρ
11707	τηλικοῦτός
11708	τίς
11709	ἐστιν
11710	ὥστε
11711	τοιαῦτα
11712	ποιῶν
11713	δύνασθαι
11714	καθ’
11715	ἕν’
11716	ἕκαστον
11717	ἡμῶν
11718	ἀποστερεῖν
11719	τοῦ
11720	δίκης
11721	παρ’
11722	αὐτοῦ
11723	τυχεῖν
11724	,
11725	κοινῇ
11726	νῦν
11727	,
11728	ἐπειδήπερ
11729	εἴληπται
11730	,
11731	πᾶσιν
11732	ὑπὲρ
11733	ἁπάντων
11734	ἐστὶ
11735	τιμωρητέος
11736	ὡς
11737	κοινὸς
11738	ἐχθρὸς
11739	τῇ
11740	πολιτείᾳ
11741	.
11742	λέγεται
11743	τοίνυν
11744	ποτ’
11745	ἐν
11746	τῇ
11747	πόλει
11748	κατὰ
11749	τὴν
11750	παλαιὰν
11751	ἐκείνην
11752	εὐδαιμονίαν
11753	Ἀλκιβιάδης
11754	γενέσθαι
11755	,
11756	ᾧ
11757	σκέψασθε
11758	τίνων
11759	ὑπαρχόντων
11760	καὶ
11761	ποίων
11762	τινῶν
11763	πρὸς
11764	τὸν
11765	δῆμον
11766	πῶς
11767	ἐχρήσανθ’
11768	ὑμῶν
11769	οἱ
11770	πρόγονοι
11771	,
11772	ἐπειδὴ
11773	βδελυρὸς
11774	καὶ
11775	ὑβριστὴς
11776	ᾤετο
11777	δεῖν
11778	εἶναι
11779	.
11780	καὶ
11781	οὐκ
11782	ἀπεικάσαι
11783	δήπου
11784	Μειδίαν
11785	Ἀλκιβιάδῃ
11786	βουλόμενος
11787	τούτου
11788	μέμνημαι
11789	τοῦ
11790	λόγου
11791	(
11792	οὐχ
11793	οὕτως
11794	εἴμ’
11795	ἄφρων
11796	οὐδ’
11797	ἀπόπληκτος
11798	ἐγώ
11799	)
11800	,
11801	ἀλλ’
11802	ἵν’
11803	εἰδῆθ’
11804	ὑμεῖς
11805	,
11806	ὦ
11807	ἄνδρες
11808	Ἀθηναῖοι
11809	,
11810	καὶ
11811	γνῶθ’
11812	ὅτι
11813	οὐδὲν
11814	οὔτ’
11815	ἔστιν
11816	οὔτ’
11817	ἔσται
11818	,
11819	οὐ
11820	γένος
11821	,
11822	οὐ
11823	πλοῦτος
11824	,
11825	οὐ
11826	δύναμις
11827	,
11828	ὅ
11829	τι
11830	τοῖς
11831	πολλοῖς
11832	ὑμῖν
11833	,
11834	ἂν
11835	ὕβρις
11836	προσῇ
11837	,
11838	προσήκει
11839	φέρειν
11840	.
11841	ἐκεῖνος
11842	γάρ
11843	,
11844	ὦ
11845	ἄνδρες
11846	Ἀθηναῖοι
11847	,
11848	λέγεται
11849	πρὸς
11850	πατρὸς
11851	μὲν
11852	Ἀλκμεωνιδῶν
11853	εἶναι
11854	(
11855	τούτους
11856	δέ
11857	φασιν
11858	ὑπὸ
11859	τῶν
11860	τυράννων
11861	ὑπὲρ
11862	τοῦ
11863	δήμου
11864	στασιάζοντας
11865	ἐκπεσεῖν
11866	,
11867	καὶ
11868	δανεισαμένους
11869	χρήματ’
11870	ἐκ
11871	Δελφῶν
11872	ἐλευθερῶσαι
11873	τὴν
11874	πόλιν
11875	καὶ
11876	τοὺς
11877	Πεισιστράτου
11878	παῖδας
11879	ἐκβαλεῖν
11880	)
11881	,
11882	πρὸς
11883	δὲ
11884	μητρὸς
11885	Ἱππονίκου
11886	καὶ
11887	ταύτης
11888	τῆς
11889	οἰκίας
11890	ἧς
11891	ὑπάρχουσι
11892	πολλαὶ
11893	καὶ
11894	μεγάλαι
11895	πρὸς
11896	τὸν
11897	δῆμον
11898	εὐεργεσίαι
11899	.
11900	οὐ
11901	μόνον
11902	δὲ
11903	ταῦθ’
11904	ὑπῆρχεν
11905	αὐτῷ
11906	,
11907	ἀλλὰ
11908	καὶ
11909	αὐτὸς
11910	ὑπὲρ
11911	τοῦ
11912	δήμου
11913	θέμενος
11914	τὰ
11915	ὅπλα
11916	δὶς
11917	μὲν
11918	ἐν
11919	Σάμῳ
11920	,
11921	τρίτον
11922	δ’
11923	ἐν
11924	αὐτῇ
11925	τῇ
11926	πόλει
11927	,
11928	τῷ
11929	σώματι
11930	τὴν
11931	εὔνοιαν
11932	,
11933	οὐ
11934	χρήμασιν
11935	οὐ
11936	δὲ
11937	λόγοις
11938	ἐνεδείξατο
11939	τῇ
11940	πατρίδι
11941	.
11942	ἔτι
11943	δ’
11944	ἵππων
11945	Ὀλυμπίασιν
11946	ἀγῶνες
11947	ὑπῆρχον
11948	αὐτῷ
11949	καὶ
11950	νῖκαι
11951	καὶ
11952	στέφανοι
11953	,
11954	καὶ
11955	στρατηγὸς
11956	ἄριστος
11957	,
11958	καὶ
11959	λέγειν
11960	ἐδόκει
11961	πάντων
11962	,
11963	ὥς
11964	φασιν
11965	,
11966	εἶναι
11967	δεινότατος
11968	.
11969	ἀλλ’
11970	ὅμως
11971	οἱ
11972	κατ’
11973	ἐκεῖνον
11974	ὑμέτεροι
11975	πρόγονοι
11976	οὐδενὸς
11977	τούτων
11978	αὐτῷ
11979	συνεχώρησαν
11980	ὑβρίζειν
11981	αὑτούς
11982	,
11983	ἀλλὰ
11984	ποιήσαντες
11985	φυγάδ’
11986	ἐξέβαλον
11987	·
11988	καὶ
11989	Λακεδαιμονίων
11990	ὄντων
11991	ἰσχυρῶν
11992	τότε
11993	,
11994	καὶ
11995	Δεκέλειαν
11996	ἑαυτοῖς
11997	ἐπιτειχισθῆναι
11998	καὶ
11999	τὰς
12000	ναῦς
12001	ἁλῶναι
12002	καὶ
12003	πάνθ’
12004	ὑπέμειναν
12005	,
12006	ὁτιοῦν
12007	ἄκοντες
12008	παθεῖν
12009	κάλλιον
12010	εἶναι
12011	νομίζοντες
12012	ἢ
12013	ἑκόντες
12014	ὑβρίζεσθαι
12015	συγχωρῆσαι
12016	.
12017	καίτοι
12018	τί
12019	τοσοῦτον
12020	ἐκεῖνος
12021	ὕβρισεν
12022	,
12023	ἡλίκον
12024	οὗτος
12025	νῦν
12026	ἐξελήλεγκται
12027	;
12028	Ταυρέαν
12029	ἐπάταξε
12030	χορηγοῦντ’
12031	ἐπὶ
12032	κόρρης
12033	.
12034	ἔστω
12035	ταῦτα
12036	,
12037	ἀλλὰ
12038	χορηγῶν
12039	γε
12040	χορηγοῦντα
12041	τοῦτ’
12042	ἐποίησεν
12043	,
12044	οὔπω
12045	τόνδε
12046	τὸν
12047	νόμον
12048	παραβαίνων
12049	·
12050	οὐ
12051	γὰρ
12052	ἔκειτό
12053	πω
12054	.
12055	εἷρξεν
12056	Ἀγάθαρχον
12057	τὸν
12058	γραφέα
12059	·
12060	καὶ
12061	γὰρ
12062	ταῦτα
12063	λέγουσιν
12064	.
12065	λαβὼν
12066	γέ
12067	τι
12068	πλημμελοῦνθ’
12069	ὥς
12070	φασιν
12071	·
12072	ὅπερ
12073	οὐδ’
12074	ὀνειδίζειν
12075	ἄξιον
12076	.
12077	τοὺς
12078	Ἑρμᾶς
12079	περιέκοπτεν
12080	.
12081	ἅπαντα
12082	μέν
12083	,
12084	οἶμαι
12085	,
12086	τ
12087	ἀσεβήματα
12088	τῆς
12089	αὐτῆς
12090	ὀργῆς
12091	δίκαιον
12092	ἀξιοῦν
12093	·
12094	τὸ
12095	δ’
12096	ὅλως
12097	ἀφανίζειν
12098	ἱερὰ
12099	ἔσθ’
12100	ὅ
12101	τι
12102	τοῦ
12103	κόπτειν
12104	διαφέρει
12105	·
12106	οὐκοῦν
12107	οὗτος
12108	ἐξελήλεγκται
12109	τοῦτο
12110	ποιῶν
12111	.
12112	ἀντιθῶμεν
12113	δὴ
12114	τίς
12115	ὢν
12116	καὶ
12117	τίσι
12118	ταῦτ’
12119	ἐνδεικνύμενος
12120	.
12121	μὴ
12122	τοίνυν
12123	ὑμῖν
12124	,
12125	πρὸς
12126	τῷ
12127	μὴ
12128	καλόν
12129	,
12130	μη
12131	δὲ
12132	θεμιτὸν
12133	νομίζετ’
12134	,
12135	ἄνδρες
12136	δικασταί
12137	,
12138	μηδ’
12139	ὅσιον
12140	εἶναι
12141	τοιούτων
12142	ἀνδρῶν
12143	οὖσιν
12144	ἀπογόνοις
12145	,
12146	πονηρὸν
12147	καὶ
12148	βίαιον
12149	καὶ
12150	ὑβριστὴν
12151	λαβοῦσιν
12152	ἄνθρωπον
12153	καὶ
12154	μηδένα
12155	μηδαμόθεν
12156	,
12157	συγγνώμης
12158	ἢ
12159	φιλανθρωπίας
12160	ἢ
12161	χάριτός
12162	τινος
12163	ἀξιῶσαι
12164	.
12165	τίνος
12166	γὰρ
12167	εἵνεκα
12168	;
12169	τῶν
12170	στρατηγιῶν
12171	·
12172	ἀλλ’
12173	οὐ
12174	δὲ
12175	καθ’
12176	αὑτὸν
12177	στρατιώτης
12178	οὗτος
12179	οὐδενός
12180	ἐστ’
12181	ἄξιος
12182	,
12183	μή
12184	τί
12185	γε
12186	τῶν
12187	ἄλλων
12188	ἡγεμών
12189	.
12190	ἀλλὰ
12191	τῶν
12192	λόγων
12193	·
12194	ἐν
12195	οἷς
12196	κοινῇ
12197	μὲν
12198	οὐδὲν
12199	πώποτ’
12200	εἶπ’
12201	ἀγαθόν
12202	,
12203	κακῶς
12204	δ’
12205	ἰδίᾳ
12206	πάντας
12207	ἀνθρώπους
12208	λέγει
12209	.
12210	γένους
12211	εἵνεκα
12212	νὴ
12213	Δία
12214	·
12215	καὶ
12216	τίς
12217	οὐκ
12218	οἶδεν
12219	ὑμῶν
12220	τὰς
12221	ἀπορρήτους
12222	,
12223	ὥσπερ
12224	ἐν
12225	τραγῳδίᾳ
12226	,
12227	τὰς
12228	τούτου
12229	γονάς
12230	;
12231	ᾧ
12232	δύ’
12233	ἐναντιώτατα
12234	συμβέβηκεν
12235	εἶναι
12236	·
12237	ἡ
12238	μὲν
12239	γὰρ
12240	ὡς
12241	ἀληθῶς
12242	μήτηρ
12243	,
12244	ἡ
12245	τεκοῦσ’
12246	αὐτόν
12247	,
12248	πλεῖστον
12249	ἁπάντων
12250	ἀνθρώπων
12251	εἶχε
12252	νοῦν
12253	,
12254	ἡ
12255	δὲ
12256	δοκοῦσα
12257	καὶ
12258	ὑποβαλομένη
12259	πασῶν
12260	ἦν
12261	ἀνοητοτάτη
12262	γυναικῶν
12263	.
12264	σημεῖον
12265	δέ
12266	·
12267	ἡ
12268	μὲν
12269	γὰρ
12270	ἀπέδοτ’
12271	εὐθὺς
12272	γενόμενον
12273	,
12274	ἡ
12275	δ’
12276	ἐξὸν
12277	αὐτῇ
12278	βελτίω
12279	πρίασθαι
12280	τῆς
12281	αὐτῆς
12282	τιμῆς
12283	τοῦτον
12284	ἠγόρασεν
12285	.
12286	καὶ
12287	γάρ
12288	τοι
12289	διὰ
12290	τοῦτο
12291	τῶν
12292	οὐ
12293	προσηκόντων
12294	ἀγαθῶν
12295	κύριος
12296	γεγονώς
12297	,
12298	καὶ
12299	πατρίδος
12300	τετυχηκὼς
12301	ἣ
12302	νόμοις
12303	τῶν
12304	ἁπασῶν
12305	πόλεων
12306	μάλιστ’
12307	οἰκεῖσθαι
12308	δοκεῖ
12309	,
12310	οὐδέν’
12311	οἶμαι
12312	τρόπον
12313	φέρειν
12314	οὐ
12315	δὲ
12316	χρῆσθαι
12317	τούτοις
12318	δύναται
12319	,
12320	ἀλλὰ
12321	τὸ
12322	τῆς
12323	φύσεως
12324	ὡς
12325	ἀληθῶς
12326	βάρβαρον
12327	καὶ
12328	θεοῖς
12329	ἐχθρὸν
12330	ἕλκει
12331	καὶ
12332	βιάζεται
12333	,
12334	καὶ
12335	φανερὸν
12336	ποιεῖ
12337	τοῖς
12338	παροῦσιν
12339	ὥσπερ
12340	ἀλλοτρίοις
12341	,
12342	ὅπερ
12343	ἔστιν
12344	,
12345	αὐτὸν
12346	χρώμενον
12347	.
12348	τοσούτων
12349	τοίνυν
12350	καὶ
12351	τοιούτων
12352	ὄντων
12353	ἃ
12354	τῷ
12355	βδελυρῷ
12356	τούτῳ
12357	καὶ
12358	ἀναιδεῖ
12359	βεβίωται
12360	,
12361	ἔνιοί
12362	μοι
12363	προσιόντες
12364	,
12365	ὦ
12366	ἄνδρες
12367	δικασταί
12368	,
12369	τῶν
12370	χρωμένων
12371	αὐτῷ
12372	,
12373	παραινοῦντες
12374	ἀπαλλαγῆναι
12375	καὶ
12376	καθυφεῖναι
12377	τὸν
12378	ἀγῶνα
12379	τουτονί
12380	,
12381	ἐπειδή
12382	με
12383	μὴ
12384	πείθοιεν
12385	,
12386	ὡς
12387	μὲν
12388	οὐ
12389	πολλὰ
12390	καὶ
12391	δεινὰ
12392	πεποίηκεν
12393	οὗτος
12394	καὶ
12395	δίκην
12396	ἡντινοῦν
12397	ἂν
12398	δοίη
12399	δικαίως
12400	τῶν
12401	πεπραγμένων
12402	,
12403	οὐκ
12404	ἐτόλμων
12405	λέγειν
12406	,
12407	ἐπὶ
12408	ταῦτα
12409	δ’
12410	ἀπήντων
12411	ὡς
12412	ἑάλωκεν
12413	ἤδη
12414	καὶ
12415	κατεψήφισται
12416	·
12417	τίνος
12418	τιμήσειν
12419	αὐτῷ
12420	προσδοκᾷς
12421	τὸ
12422	δικαστήριον
12423	;
12424	οὐχ
12425	ὁρᾷς
12426	ὅτι
12427	πλουτεῖ
12428	καὶ
12429	τριηραρχίας
12430	ἐρεῖ
12431	καὶ
12432	λῃτουργίας
12433	;
12434	σκόπει
12435	δὴ
12436	μὴ
12437	τούτοις
12438	αὑτὸν
12439	ἐξαιτήσηται
12440	,
12441	καὶ
12442	ἐλάττω
12443	πολὺ
12444	τῇ
12445	πόλει
12446	καταθεὶς
12447	ἢ
12448	ὅσα
12449	σοι
12450	δίδωσι
12451	καταγελάσῃ
12452	.
12453	ἐγὼ
12454	δὲ
12455	πρῶτον
12456	μὲν
12457	οὐδὲν
12458	ἀγεννὲς
12459	ὑμῶν
12460	καταγιγνώσκω
12461	,
12462	οὐδ’
12463	ὑπολαμβάνω
12464	τιμήσειν
12465	οὐδὲν
12466	ἐλάττονος
12467	τούτῳ
12468	ἢ
12469	ὅσον
12470	καταθεὶς
12471	οὗτος
12472	παύσεται
12473	τῆς
12474	ὕβρεως
12475	·
12476	τοῦτο
12477	δ’
12478	ἐστὶ
12479	μάλιστα
12480	μὲν
12481	θάνατος
12482	,
12483	εἰ
12484	δὲ
12485	μή
12486	,
12487	πάντα
12488	τὰ
12489	ὄντ’
12490	ἀφελέσθαι
12491	.
12492	ἔπειθ’
12493	ὑπὲρ
12494	τῶν
12495	τούτου
12496	λῃτουργιῶν
12497	καὶ
12498	τῶν
12499	τριηραρχιῶν
12500	καὶ
12501	τῶν
12502	τοιούτων
12503	λόγων
12504	ὡδὶ
12505	γιγνώσκω
12506	.
12507	εἰ
12508	μέν
12509	ἐστιν
12510	,
12511	ὦ
12512	ἄνδρες
12513	Ἀθηναῖοι
12514	,
12515	τὸ
12516	λῃτουργεῖν
12517	τοῦτο
12518	,
12519	τὸ
12520	ἐν
12521	ὑμῖν
12522	λέγειν
12523	ἐν
12524	ἁπάσαις
12525	ταῖς
12526	ἐκκλησίαις
12527	καὶ
12528	πανταχοῦ
12529	ἡμεῖς
12530	οἱ
12531	λῃτουργοῦντες
12532	,
12533	ἡμεῖς
12534	οἱ
12535	προεισφέροντες
12536	ὑμῖν
12537	,
12538	ἡμεῖς
12539	οἱ
12540	πλούσιοί
12541	ἐσμεν
12542	,
12543	εἰ
12544	τὸ
12545	τὰ
12546	τοιαῦτα
12547	λέγειν
12548	,
12549	τοῦτ’
12550	ἔστιν
12551	λῃτουργεῖν
12552	,
12553	ὁμολογῶ
12554	Μειδίαν
12555	ἁπάντων
12556	τῶν
12557	ἐν
12558	τῇ
12559	πόλει
12560	λαμπρότατον
12561	γεγενῆσθαι
12562	·
12563	ἀποκναίει
12564	γὰρ
12565	ἀηδίᾳ
12566	δήπου
12567	καὶ
12568	ἀναισθησίᾳ
12569	καθ’
12570	ἑκάστην
12571	τὴν
12572	ἐκκλησίαν
12573	ταῦτα
12574	λέγων
12575	.
12576	εἰ
12577	μέντοι
12578	τί
12579	ποτ’
12580	ἐστὶν
12581	ἃ
12582	λῃτουργεῖ
12583	τῇ
12584	ἀληθείᾳ
12585	δεῖ
12586	σκοπεῖν
12587	,
12588	ἐγὼ
12589	πρὸς
12590	ὑμᾶς
12591	ἐρῶ
12592	·
12593	καὶ
12594	θεάσασθ’
12595	ὡς
12596	δικαίως
12597	αὐτὸν
12598	ἐξετάσω
12599	,
12600	πρὸς
12601	ἐμαυτὸν
12602	κρίνων
12603	.
12604	οὗτος
12605	,
12606	ὦ
12607	ἄνδρες
12608	Ἀθηναῖοι
12609	,
12610	γεγονὼς
12611	ἔτη
12612	περὶ
12613	πεντήκοντ’
12614	ἴσως
12615	ἢ
12616	μικρὸν
12617	ἔλαττον
12618	οὐδὲν
12619	ἐμοῦ
12620	πλείους
12621	λῃτουργίας
12622	ὑμῖν
12623	λελῃτούργηκεν
12624	,
12625	ὃς
12626	δύο
12627	καὶ
12628	τριάκοντ’
12629	ἔτη
12630	γέγονα
12631	.
12632	κ
12633	ἀγὼ
12634	μὲν
12635	κατ’
12636	ἐκείνους
12637	τοὺς
12638	χρόνους
12639	ἐτριηράρχουν
12640	,
12641	εὐθὺς
12642	ἐκ
12643	παίδων
12644	ἐξελθών
12645	,
12646	ὅτε
12647	σύνδυ’
12648	ἦμεν
12649	οἱ
12650	τριήραρχοι
12651	καὶ
12652	τ
12653	ἀναλώματα
12654	πάντ’
12655	ἐκ
12656	τῶν
12657	ἰδίων
12658	καὶ
12659	τὰς
12660	ναῦς
12661	ἐπληρούμεθ’
12662	αὐτοί
12663	·
12664	οὗτος
12665	δέ
12666	,
12667	ὅτε
12668	μὲν
12669	κατὰ
12670	ταύτην
12671	τὴν
12672	ἡλικίαν
12673	ἦν
12674	ἣν
12675	ἐγὼ
12676	νῦν
12677	,
12678	οὐδέπω
12679	λῃτουργεῖν
12680	ἤρχετο
12681	,
12682	τηνικαῦτα
12683	δὲ
12684	τοῦ
12685	πράγματος
12686	ἧπται
12687	,
12688	ὅτε
12689	πρῶτον
12690	μὲν
12691	διακοσίους
12692	καὶ
12693	χιλίους
12694	πεποιήκατε
12695	συντελεῖς
12696	ὑμεῖς
12697	,
12698	παρ’
12699	ὧν
12700	εἰσπραττόμενοι
12701	τάλαντον
12702	ταλάντου
12703	μισθοῦσι
12704	τὰς
12705	τριηραρχίας
12706	οὗτοι
12707	,
12708	εἶτα
12709	πληρώμαθ’
12710	ἡ
12711	πόλις
12712	παρέχει
12713	καὶ
12714	σκεύη
12715	δίδωσιν
12716	,
12717	ὥστ’
12718	αὐτῶν
12719	ἐνίοις
12720	τῇ
12721	ἀληθείᾳ
12722	τὸ
12723	μηδὲν
12724	ἀναλῶσαι
12725	καὶ
12726	δοκεῖν
12727	λελῃτουργηκέναι
12728	καὶ
12729	τῶν
12730	ἄλλων
12731	λῃτουργιῶν
12732	ἀτελεῖς
12733	γεγενῆσθαι
12734	περίεστιν
12735	.
12736	ἀλλὰ
12737	μὴν
12738	τί
12739	ἄλλο
12740	;
12741	τραγῳδοῖς
12742	κεχορήγηκέ
12743	ποθ’
12744	οὗτος
12745	,
12746	ἐγὼ
12747	δ’
12748	αὐληταῖς
12749	ἀνδράσιν
12750	.
12751	καὶ
12752	ὅτι
12753	τοῦτο
12754	τ
12755	ἀνάλωμ’
12756	ἐκείνης
12757	τῆς
12758	δαπάνης
12759	πλέον
12760	ἐστὶ
12761	πολλῷ
12762	,
12763	οὐδεὶς
12764	ἀγνοεῖ
12765	δήπου
12766	.
12767	κ
12768	ἀγὼ
12769	μὲν
12770	ἐθελοντὴς
12771	νῦν
12772	,
12773	οὗτος
12774	δὲ
12775	καταστὰς
12776	ἐξ
12777	ἀντιδόσεως
12778	τότε
12779	,
12780	οὗ
12781	χάριν
12782	οὐδεμίαν
12783	δήπου
12784	δικαίως
12785	ἄν
12786	τις
12787	ἔχοι
12788	.
12789	τί
12790	ἔτι
12791	;
12792	εἱστίακα
12793	τὴν
12794	φυλὴν
12795	ἐγὼ
12796	καὶ
12797	Παναθηναίοις
12798	κεχορήγηκα
12799	,
12800	οὗτος
12801	δ’
12802	οὐδέτερα
12803	.
12804	ἡγεμὼν
12805	συμμορίας
12806	ὑμῖν
12807	ἐγενόμην
12808	ἐγὼ
12809	ἔτη
12810	δέκα
12811	,
12812	ἴσον
12813	Φορμίωνι
12814	καὶ
12815	Λυσιθείδῃ
12816	καὶ
12817	Καλλαίσχρῳ
12818	καὶ
12819	τοῖς
12820	πλουσιωτάτοις
12821	,
12822	εἰσφέρων
12823	οὐκ
12824	ἀφ’
12825	ὑπαρχούσης
12826	οὐσίας
12827	(
12828	ὑπὸ
12829	γὰρ
12830	τῶν
12831	ἐπιτρόπων
12832	ἀπεστερήμην
12833	)
12834	,
12835	ἀλλ’
12836	ἀπὸ
12837	τῆς
12838	δόξης
12839	ὧν
12840	ὁ
12841	πατήρ
12842	μοι
12843	κατέλιπεν
12844	καὶ
12845	ὧν
12846	δίκαιον
12847	ἦν
12848	με
12849	δοκιμασθέντα
12850	κομίσασθαι
12851	.
12852	ἐγὼ
12853	μὲν
12854	οὖν
12855	οὕτως
12856	ὑμῖν
12857	προσενήνεγμαι
12858	,
12859	Μειδίας
12860	δὲ
12861	πῶς
12862	;
12863	οὐδέπω
12864	καὶ
12865	τήμερον
12866	συμμορίας
12867	ἡγεμὼν
12868	γέγονεν
12869	,
12870	οὐδὲν
12871	τῶν
12872	πατρῴων
12873	ἀποστερηθεὶς
12874	ὑπ’
12875	οὐδενός
12876	,
12877	ἀλλὰ
12878	παρὰ
12879	τοῦ
12880	πατρὸς
12881	πολλὴν
12882	οὐσίαν
12883	παραλαβών
12884	.
12885	τίς
12886	οὖν
12887	ἡ
12888	λαμπρότης
12889	,
12890	ἢ
12891	τίνες
12892	αἱ
12893	λῃτουργίαι
12894	καὶ
12895	τὰ
12896	σέμν’
12897	ἀναλώματα
12898	τούτου
12899	;
12900	ἐγὼ
12901	μὲν
12902	γὰρ
12903	οὐχ
12904	ὁρῶ
12905	,
12906	πλὴν
12907	εἰ
12908	ταῦτά
12909	τις
12910	θεωρεῖ
12911	·
12912	οἰκίαν
12913	ᾠκοδόμηκεν
12914	Ἐλευσῖνι
12915	τοσαύτην
12916	ὥστε
12917	πᾶσιν
12918	ἐπισκοτεῖν
12919	τοῖς
12920	ἐν
12921	τῷ
12922	τόπῳ
12923	,
12924	καὶ
12925	εἰς
12926	μυστήρια
12927	τὴν
12928	γυναῖκ’
12929	ἄγει
12930	,
12931	κ
12932	ἂν
12933	ἄλλοσέ
12934	ποι
12935	βούληται
12936	,
12937	ἐπὶ
12938	τοῦ
12939	λευκοῦ
12940	ζεύγους
12941	τοῦ
12942	ἐκ
12943	Σικυῶνος
12944	,
12945	καὶ
12946	τρεῖς
12947	ἀκολούθους
12948	ἢ
12949	τέτταρας
12950	αὐτὸς
12951	ἔχων
12952	διὰ
12953	τῆς
12954	ἀγορᾶς
12955	σοβεῖ
12956	,
12957	κυμβία
12958	καὶ
12959	ῥυτὰ
12960	καὶ
12961	φιάλας
12962	ὀνομάζων
12963	οὕτως
12964	ὥστε
12965	τοὺς
12966	παριόντας
12967	ἀκούειν
12968	.
12969	ἐγὼ
12970	δ’
12971	ὅσα
12972	μὲν
12973	τῆς
12974	ἰδίας
12975	τρυφῆς
12976	εἵνεκα
12977	Μειδίας
12978	καὶ
12979	περιουσίας
12980	κτᾶται
12981	,
12982	οὐκ
12983	οἶδ’
12984	ὅ
12985	τι
12986	τοὺς
12987	πολλοὺς
12988	ὑμῶν
12989	ὠφελεῖ
12990	·
12991	ἃ
12992	δ’
12993	ἐπαιρόμενος
12994	τούτοις
12995	ὑβρίζει
12996	,
12997	ἐπὶ
12998	πολλοὺς
12999	καὶ
13000	τοὺς
13001	τυχόντας
13002	ἡμῶν
13003	ἀφικνούμεν’
13004	ὁρῶ
13005	.
13006	οὐ
13007	δεῖ
13008	δὴ
13009	τὰ
13010	τοιαῦθ’
13011	ἑκάστοτε
13012	τιμᾶν
13013	οὐ
13014	δὲ
13015	θαυμάζειν
13016	ὑμᾶς
13017	,
13018	οὐ
13019	δὲ
13020	τὴν
13021	φιλοτιμίαν
13022	ἐκ
13023	τούτων
13024	κρίνειν
13025	,
13026	εἴ
13027	τις
13028	οἰκοδομεῖ
13029	λαμπρῶς
13030	ἢ
13031	θεραπαίνας
13032	κέκτηται
13033	πολλὰς
13034	ἢ
13035	σκεύη
13036	,
13037	ἀλλ’
13038	ὃς
13039	ἂν
13040	ἐν
13041	τούτοις
13042	λαμπρὸς
13043	καὶ
13044	φιλότιμος
13045	ᾖ
13046	,
13047	ὧν
13048	ἅπασι
13049	μέτεστι
13050	τοῖς
13051	πολλοῖς
13052	ὑμῶν
13053	·
13054	ὧν
13055	οὐδὲν
13056	εὑρήσετε
13057	τούτῳ
13058	προσόν
13059	.
13060	ἀλλὰ
13061	νὴ
13062	Δία
13063	τριήρη
13064	ἐπέδωκεν
13065	·
13066	ταύτην
13067	γὰρ
13068	οἶδ’
13069	ὅτι
13070	θρυλήσει
13071	,
13072	καὶ
13073	φήσει
13074	ἐγὼ
13075	ὑμῖν
13076	τριήρη
13077	ἐπέδωκα
13078	.
13079	οὑτωσὶ
13080	δὴ
13081	ποιήσατε
13082	.
13083	εἰ
13084	μέν
13085	,
13086	ὦ
13087	ἄνδρες
13088	Ἀθηναῖοι
13089	,
13090	φιλοτιμίας
13091	εἵνεκα
13092	ταύτην
13093	ἐπέδωκεν
13094	,
13095	ἣν
13096	προσήκει
13097	τῶν
13098	τοιούτων
13099	ἔχειν
13100	χάριν
13101	,
13102	ταύτην
13103	ἔχετ’
13104	αὐτῷ
13105	καὶ
13106	ἀπόδοτε
13107	,
13108	ὑβρίζειν
13109	δὲ
13110	μὴ
13111	δῶτε
13112	·
13113	οὐδενὸς
13114	γὰρ
13115	πράγματος
13116	οὐδ’
13117	ἔργου
13118	τοῦτο
13119	συγχωρητέον
13120	.
13121	εἰ
13122	δὲ
13123	δὴ
13124	καὶ
13125	δειλίας
13126	καὶ
13127	ἀνανδρίας
13128	εἵνεκα
13129	δειχθήσεται
13130	τοῦτο
13131	πεποιηκώς
13132	,
13133	μὴ
13134	παρακρουσθῆτε
13135	.
13136	πῶς
13137	οὖν
13138	εἴσεσθε
13139	;
13140	ἐγὼ
13141	καὶ
13142	τοῦτο
13143	διδάξω
13144	·
13145	ἄνωθεν
13146	δέ
13147	,
13148	βραχὺς
13149	γάρ
13150	ἐσθ’
13151	ὁ
13152	λόγος
13153	,
13154	λέξω
13155	.
13156	ἐγένοντ’
13157	εἰς
13158	Εὔβοιαν
13159	ἐπιδόσεις
13160	παρ’
13161	ὑμῖν
13162	πρῶται
13163	·
13164	τούτων
13165	οὐκ
13166	ἦν
13167	Μειδίας
13168	,
13169	ἀλλ’
13170	ἐγώ
13171	,
13172	καὶ
13173	συντριήραρχος
13174	ἦν
13175	μοι
13176	Φιλῖνος
13177	ὁ
13178	Νικοστράτου
13179	.
13180	ἕτεραι
13181	δεύτεραι
13182	μετὰ
13183	ταῦτ’
13184	εἰς
13185	Ὄλυνθον
13186	·
13187	οὐ
13188	δὲ
13189	τούτων
13190	ἦν
13191	Μειδίας
13192	.
13193	καίτοι
13194	τόν
13195	γε
13196	δὴ
13197	φιλότιμον
13198	πανταχοῦ
13199	προσῆκεν
13200	ἐξετάζεσθαι
13201	.
13202	τρίται
13203	νῦν
13204	αὗται
13205	γεγόνασιν
13206	ἐπιδόσεις
13207	·
13208	ἐνταῦθ’
13209	ἐπέδωκεν
13210	.
13211	πῶς
13212	;
13213	ἐν
13214	τῇ
13215	βουλῇ
13216	γιγνομένων
13217	ἐπιδόσεων
13218	παρὼν
13219	οὐκ
13220	ἐπεδίδου
13221	τότε
13222	·
13223	ἐπειδὴ
13224	δὲ
13225	πολιορκεῖσθαι
13226	τοὺς
13227	ἐν
13228	Ταμύναις
13229	στρατιώτας
13230	ἐξηγγέλλετο
13231	,
13232	καὶ
13233	πάντας
13234	ἐξιέναι
13235	τοὺς
13236	ὑπολοίπους
13237	ἱππέας
13238	,
13239	ὧν
13240	εἷς
13241	οὗτος
13242	ἦν
13243	,
13244	προεβούλευσεν
13245	ἡ
13246	βουλή
13247	,
13248	τηνικαῦτα
13249	φοβηθεὶς
13250	τὴν
13251	στρατείαν
13252	ταύτην
13253	εἰς
13254	τὴν
13255	ἐπιοῦσαν
13256	ἐκκλησίαν
13257	,
13258	πρὶν
13259	καὶ
13260	προέδρους
13261	καθέζεσθαι
13262	,
13263	παρελθὼν
13264	ἐπέδωκεν
13265	.
13266	τῷ
13267	δῆλον
13268	,
13269	ὥστε
13270	μηδ’
13271	ἀντειπεῖν
13272	αὐτὸν
13273	ἔχειν
13274	,
13275	ὅτι
13276	τὴν
13277	στρατείαν
13278	φεύγων
13279	,
13280	οὐ
13281	φιλοτιμίᾳ
13282	,
13283	τοῦτ’
13284	ἐποίησεν
13285	;
13286	τοῖς
13287	μετὰ
13288	ταῦτα
13289	πραχθεῖσιν
13290	ὑπ’
13291	αὐτοῦ
13292	.
13293	τὸ
13294	μὲν
13295	γὰρ
13296	πρῶτον
13297	,
13298	ὡς
13299	οὐκ
13300	ἐδόκει
13301	,
13302	προϊούσης
13303	τῆς
13304	ἐκκλησίας
13305	καὶ
13306	λόγων
13307	γιγνομένων
13308	,
13309	τῆς
13310	τῶν
13311	ἱππέων
13312	βοηθείας
13313	ἤδη
13314	δεῖν
13315	,
13316	ἀλλ’
13317	ἀνεπεπτώκει
13318	τὰ
13319	τῆς
13320	ἐξόδου
13321	,
13322	οὐκ
13323	ἀνέβαιν’
13324	ἐπὶ
13325	τὴν
13326	ναῦν
13327	ἣν
13328	ἐπέδωκεν
13329	,
13330	ἀλλὰ
13331	τὸν
13332	μέτοικον
13333	ἐξέπεμψε
13334	τὸν
13335	Αἰγύπτιον
13336	,
13337	Πάμφιλον
13338	,
13339	αὐτὸς
13340	δὲ
13341	μένων
13342	ἐνθάδε
13343	τοῖς
13344	Διονυσίοις
13345	διεπράττετο
13346	ταῦτ’
13347	ἐφ’
13348	οἷς
13349	νυνὶ
13350	κρίνεται
13351	·
13352	ἐπειδὴ
13353	δ’
13354	ὁ
13355	στρατηγὸς
13356	Φωκίων
13357	μετεπέμπετο
13358	τοὺς
13359	ἐξ
13360	Ἀργούρας
13361	ἱππέας
13362	ἐπὶ
13363	τὴν
13364	διαδοχὴν
13365	καὶ
13366	κατείληπτο
13367	σοφιζόμενος
13368	,
13369	τόθ’
13370	ὁ
13371	δειλὸς
13372	καὶ
13373	κατάρατος
13374	οὑτοσὶ
13375	λιπὼν
13376	τὴν
13377	τάξιν
13378	ταύτην
13379	ἐπὶ
13380	τὴν
13381	ναῦν
13382	ᾤχετο
13383	,
13384	καὶ
13385	ὧν
13386	ἱππαρχεῖν
13387	ἠξίωσε
13388	παρ’
13389	ὑμῖν
13390	ἱππέων
13391	,
13392	τούτοις
13393	οὐ
13394	συνεξῆλθεν
13395	.
13396	εἰ
13397	δ’
13398	ἐν
13399	τῇ
13400	θαλάττῃ
13401	κίνδυνός
13402	τις
13403	ἦν
13404	,
13405	εἰς
13406	τὴν
13407	γῆν
13408	δῆλον
13409	ὅτι
13410	ᾤχετ’
13411	ἄν
13412	.
13413	οὐ
13414	μὴν
13415	Νικήρατός
13416	γ’
13417	οὕτως
13418	ὁ
13419	τοῦ
13420	Νικίου
13421	,
13422	ὁ
13423	ἀγαπητός
13424	,
13425	ὁ
13426	ἄπαις
13427	,
13428	ὁ
13429	παντάπασιν
13430	ἀσθενὴς
13431	τῷ
13432	σώματι
13433	·
13434	οὐδ’
13435	Εὐκτήμων
13436	ὁ
13437	τοῦ
13438	Αἰσίωνος
13439	,
13440	οὐχ
13441	οὕτως
13442	·
13443	οὐδ’
13444	Εὐθύδημος
13445	ὁ
13446	τοῦ
13447	Στρατοκλέους
13448	·
13449	ἀλλ’
13450	αὐτῶν
13451	ἕκαστος
13452	ἑκὼν
13453	ἐπιδοὺς
13454	τριήρη
13455	οὐκ
13456	ἀπέδρα
13457	ταύτῃ
13458	τὴν
13459	στρατείαν
13460	,
13461	ἀλλὰ
13462	τὴν
13463	μὲν
13464	ἐν
13465	χάριτος
13466	μέρει
13467	καὶ
13468	δωρειᾶς
13469	παρεῖχον
13470	πλέουσαν
13471	τῇ
13472	πόλει
13473	,
13474	οὗ
13475	δ’
13476	ὁ
13477	νόμος
13478	προσέταττεν
13479	,
13480	ἐνταῦθα
13481	τοῖς
13482	σώμασιν
13483	αὐτοὶ
13484	λῃτουργεῖν
13485	ἠξίουν
13486	.
13487	ἀλλ’
13488	οὐχ
13489	ὁ
13490	ἵππαρχος
13491	Μειδίας
13492	,
13493	ἀλλὰ
13494	τὴν
13495	ἐκ
13496	τῶν
13497	νόμων
13498	τάξιν
13499	λιπών
13500	,
13501	οὗ
13502	δίκην
13503	ὀφείλει
13504	τῇ
13505	πόλει
13506	δοῦναι
13507	,
13508	τοῦτ’
13509	ἐν
13510	εὐεργεσίας
13511	ἀριθμήσει
13512	μέρει
13513	.
13514	καίτοι
13515	τὴν
13516	τοιαύτην
13517	τριηραρχίαν
13518	,
13519	ὢ
13520	πρὸς
13521	θεῶν
13522	,
13523	πότερον
13524	τελωνίαν
13525	καὶ
13526	πεντηκοστὴν
13527	καὶ
13528	λιποτάξιον
13529	καὶ
13530	στρατείας
13531	ἀπόδρασιν
13532	καὶ
13533	πάντα
13534	τὰ
13535	τοιαῦθ’
13536	ἁρμόττει
13537	καλεῖν
13538	,
13539	ἢ
13540	φιλοτιμίαν
13541	;
13542	οὐδένα
13543	γὰρ
13544	τρόπον
13545	ἄλλον
13546	ἐν
13547	τοῖς
13548	ἱππεῦσιν
13549	αὑτὸν
13550	ἀτελῆ
13551	ποιῆσαι
13552	στρατείας
13553	δυνάμενος
13554	ταύτην
13555	εὕρηκε
13556	Μειδίας
13557	καινὴν
13558	ἱππικήν
13559	τινα
13560	πεντηκοστήν
13561	.
13562	καὶ
13563	γὰρ
13564	αὖ
13565	τοῦτο
13566	.
13567	τῶν
13568	ἄλλων
13569	ἁπάντων
13570	τῶν
13571	ἐπιδόντων
13572	τριηράρχων
13573	παραπεμπόντων
13574	ὑμᾶς
13575	ὅτε
13576	δεῦρ’
13577	ἀπεπλεῖτ’
13578	ἐκ
13579	Στύρων
13580	,
13581	μόνος
13582	οὗτος
13583	οὐ
13584	παρέπεμπεν
13585	,
13586	ἀλλ’
13587	ἀμελήσας
13588	ὑμῶν
13589	χάρακας
13590	καὶ
13591	βοσκήματα
13592	καὶ
13593	θυρώμαθ’
13594	ὡς
13595	αὑτὸν
13596	καὶ
13597	ξύλ’
13598	εἰς
13599	τὰ
13600	ἔργα
13601	τὰ
13602	ἀργύρει’
13603	ἐκόμιζεν
13604	,
13605	καὶ
13606	χρηματισμός
13607	,
13608	οὐ
13609	λῃτουργία
13610	γέγονεν
13611	ἡ
13612	τριηραρχία
13613	τῷ
13614	καταπτύστῳ
13615	τούτῳ
13616	.
13617	ἀλλὰ
13618	μὴν
13619	ὡς
13620	ἀληθῆ
13621	λέγω
13622	σύνιστε
13623	μὲν
13624	τὰ
13625	πολλὰ
13626	τούτων
13627	,
13628	ὅμως
13629	δὲ
13630	καὶ
13631	μάρτυρας
13632	ὑμῖν
13633	καλῶ
13634	.
13635	ΜΑΡΤΥΡΕΣ
13636	Κλέων
13637	Σουνιεύς
13638	,
13639	Ἀριστοκλῆς
13640	Παιανιεύς
13641	,
13642	Πάμφιλος
13643	,
13644	Νικήρατος
13645	Ἀχερδούσιος
13646	,
13647	Εὐκτήμων
13648	Σφήττιος
13649	,
13650	καθ’
13651	ὃν
13652	καιρὸν
13653	ἐκ
13654	Στύρων
13655	ἀπεπλέομεν
13656	δεῦρο
13657	τῷ
13658	στόλῳ
13659	παντί
13660	,
13661	ἐτύχομεν
13662	τριηραρχοῦντες
13663	καὶ
13664	αὐτοὶ
13665	καὶ
13666	Μειδίας
13667	ὁ
13668	νῦν
13669	κρινόμενος
13670	ὑπὸ
13671	Δημοσθένους
13672	,
13673	ᾧ
13674	μαρτυροῦμεν
13675	.
13676	παντὸς
13677	δὲ
13678	τοῦ
13679	στόλου
13680	πλεόντων
13681	ἐν
13682	τάξει
13683	,
13684	καὶ
13685	τῶν
13686	τριηράρχων
13687	ἐχόντων
13688	παράγγελμα
13689	μὴ
13690	χωρίζεσθαι
13691	ἕως
13692	ἂν
13693	δεῦρο
13694	καταπλεύσωμεν
13695	,
13696	Μειδίας
13697	ὑπολειφθεὶς
13698	τοῦ
13699	στόλου
13700	,
13701	καὶ
13702	γεμίσας
13703	τὴν
13704	ναῦν
13705	ξύλων
13706	καὶ
13707	χαράκων
13708	καὶ
13709	βοσκημάτων
13710	καὶ
13711	ἄλλων
13712	τινῶν
13713	,
13714	κατέπλευσεν
13715	εἰς
13716	Πειραιᾶ
13717	μόνος
13718	μεθ’
13719	ἡμέρας
13720	δύο
13721	,
13722	καὶ
13723	οὐ
13724	συγκατέστησε
13725	τὸν
13726	στόλον
13727	μετὰ
13728	τῶν
13729	ἄλλων
13730	τριηράρχων
13731	.
13732	εἰ
13733	τοίνυν
13734	ὡς
13735	ἀληθῶς
13736	,
13737	ἄνδρες
13738	Ἀθηναῖοι
13739	,
13740	οἷάπερ
13741	φήσει
13742	καὶ
13743	καταλαζονεύσεται
13744	πρὸς
13745	ὑμᾶς
13746	αὐτίκα
13747	δὴ
13748	μάλα
13749	,
13750	τοιαῦτ’
13751	ἦν
13752	αὐτῷ
13753	τὰ
13754	λελῃτουργημένα
13755	καὶ
13756	πεπραγμένα
13757	,
13758	καὶ
13759	μὴ
13760	τοιαῦθ’
13761	οἷ’
13762	ἐγὼ
13763	δεικνύω
13764	,
13765	οὐδ’
13766	οὕτω
13767	δήπου
13768	τό
13769	γε
13770	δοῦναι
13771	δίκην
13772	ὧν
13773	ὕβρικεν
13774	ἐκφυγεῖν
13775	ταῖς
13776	λῃτουργίαις
13777	δίκαιος
13778	ἂν
13779	ἦν
13780	.
13781	ἐγὼ
13782	γὰρ
13783	οἶδ’
13784	ὅτι
13785	πολλοὶ
13786	πολλὰ
13787	κ
13788	ἀγάθ’
13789	ὑμᾶς
13790	εἰσιν
13791	εἰργασμένοι
13792	,
13793	οὐ
13794	κατὰ
13795	τὰς
13796	Μειδίου
13797	λῃτουργίας
13798	,
13799	οἱ
13800	μὲν
13801	ναυμαχίας
13802	νενικηκότες
13803	,
13804	οἱ
13805	δὲ
13806	πόλεις
13807	εἰληφότες
13808	,
13809	οἱ
13810	δὲ
13811	πολλὰ
13812	καὶ
13813	καλὰ
13814	ὑπὲρ
13815	τῆς
13816	πόλεως
13817	στήσαντες
13818	τρόπαια
13819	·
13820	ἀλλ’
13821	ὅμως
13822	οὐδενὶ
13823	πώποτε
13824	τούτων
13825	δεδώκατε
13826	τὴν
13827	δωρειὰν
13828	ταύτην
13829	οὐδ’
13830	ἂν
13831	δοίητε
13832	,
13833	ἐξεῖναι
13834	τοὺς
13835	ἰδίους
13836	ἐχθροὺς
13837	ὑβρίζειν
13838	αὐτῶν
13839	ἑκάστῳ
13840	,
13841	ὁπότ’
13842	ἂν
13843	βούληται
13844	καὶ
13845	ὃν
13846	ἂν
13847	δύνηται
13848	τρόπον
13849	.
13850	οὐ
13851	δὲ
13852	γὰρ
13853	Ἁρμοδίῳ
13854	καὶ
13855	Ἀριστογείτονι
13856	·
13857	τούτοις
13858	γὰρ
13859	δὴ
13860	μέγισται
13861	δέδονται
13862	δωρειαὶ
13863	παρ’
13864	ὑμῶν
13865	καὶ
13866	ὑπὲρ
13867	μεγίστων
13868	.
13869	οὐδ’
13870	ἂν
13871	ἠνέσχεσθε
13872	,
13873	εἰ
13874	προσέγραψέ
13875	τις
13876	ἐν
13877	τῇ
13878	στήλῃ
13879	ἐξεῖναι
13880	δὲ
13881	καὶ
13882	ὑβρίζειν
13883	αὐτοῖς
13884	ὃν
13885	ἂν
13886	βούλωνται
13887	·
13888	ὑπὲρ
13889	γὰρ
13890	αὐτοῦ
13891	τούτου
13892	τὰς
13893	ἄλλας
13894	ἔλαβον
13895	δωρειάς
13896	,
13897	ὅτι
13898	τοὺς
13899	ὑβρίζοντας
13900	ἔπαυσαν
13901	.
13902	ὅτι
13903	τοίνυν
13904	καὶ
13905	κεκόμισται
13906	χάριν
13907	,
13908	ὦ
13909	ἄνδρες
13910	Ἀθηναῖοι
13911	,
13912	παρ’
13913	ὑμῶν
13914	,
13915	οὐ
13916	μόνον
13917	ὧν
13918	αὐτὸς
13919	λελῃτούργηκε
13920	λῃτουργιῶν
13921	ἀξίαν
13922	(
13923	μικρὰ
13924	γὰρ
13925	αὕτη
13926	γέ
13927	τις
13928	ἦν
13929	)
13930	,
13931	ἀλλὰ
13932	καὶ
13933	τῶν
13934	μεγίστων
13935	,
13936	καὶ
13937	τοῦτο
13938	βούλομαι
13939	δεῖξαι
13940	,
13941	ἵνα
13942	μηδ’
13943	ὀφείλειν
13944	οἴησθέ
13945	τι
13946	τῷ
13947	καταπτύστῳ
13948	τούτῳ
13949	.
13950	ὑμεῖς
13951	γάρ
13952	,
13953	ὦ
13954	ἄνδρες
13955	Ἀθηναῖοι
13956	,
13957	ἐχειροτονήσατε
13958	τοῦτον
13959	τῆς
13960	Παράλου
13961	ταμίαν
13962	,
13963	ὄντα
13964	τοιοῦτον
13965	οἷός
13966	ἐστι
13967	,
13968	καὶ
13969	πάλιν
13970	ἵππαρχον
13971	,
13972	ὀχεῖσθαι
13973	διὰ
13974	τῆς
13975	ἀγορᾶς
13976	ταῖς
13977	πομπαῖς
13978	οὐ
13979	δυνάμενον
13980	,
13981	καὶ
13982	μυστηρίων
13983	ἐπιμελητὴν
13984	καὶ
13985	ἱεροποιόν
13986	ποτε
13987	καὶ
13988	βοώνην
13989	,
13990	καὶ
13991	τὰ
13992	τοιαῦτα
13993	δή
13994	.
13995	εἶτα
13996	πρὸς
13997	τῶν
13998	θεῶν
13999	τὸ
14000	τὴν
14001	τῆς
14002	φύσεως
14003	κακίαν
14004	καὶ
14005	ἀνανδρίαν
14006	καὶ
14007	πονηρίαν
14008	ταῖς
14009	παρ’
14010	ὑμῶν
14011	ἀρχαῖς
14012	καὶ
14013	τιμαῖς
14014	καὶ
14015	χειροτονίαις
14016	ἐπανορθοῦσθαι
14017	μικρὰν
14018	ὑπολαμβάνετ’
14019	εἶναι
14020	δωρειὰν
14021	καὶ
14022	χάριν
14023	;
14024	καὶ
14025	μὴν
14026	εἴ
14027	τις
14028	αὐτοῦ
14029	ταῦτ’
14030	ἀφέλοιτο
14031	ἱππάρχηκα
14032	,
14033	τῆς
14034	Παράλου
14035	ταμίας
14036	γέγονα
14037	,
14038	τίνος
14039	ἔστ’
14040	ἄξιος
14041	οὗτος
14042	;
14043	ἀλλὰ
14044	μὴν
14045	κ
14046	ἀκεῖνό
14047	γ’
14048	ἐπίστασθε
14049	,
14050	ὅτι
14051	τῆς
14052	μὲν
14053	Παράλου
14054	ταμιεύσας
14055	Κυζικηνῶν
14056	ἥρπασε
14057	πλεῖν
14058	ἢ
14059	πέντε
14060	τάλαντα
14061	,
14062	ὑπὲρ
14063	ὧν
14064	ἵνα
14065	μὴ
14066	δῷ
14067	δίκην
14068	,
14069	πάντα
14070	τρόπον
14071	περιωθῶν
14072	καὶ
14073	ἐλαύνων
14074	τοὺς
14075	ἀνθρώπους
14076	καὶ
14077	τὰ
14078	σύμβολα
14079	συγχέων
14080	τὴν
14081	μὲν
14082	πόλιν
14083	ἐχθρὰν
14084	τῇ
14085	πόλει
14086	πεποίηκεν
14087	,
14088	τὰ
14089	χρήματα
14090	δ’
14091	αὐτὸς
14092	ἔχει
14093	·
14094	ἵππαρχος
14095	δὲ
14096	χειροτονηθεὶς
14097	λελύμανται
14098	τὸ
14099	ἱππικὸν
14100	ὑμῶν
14101	,
14102	τοιούτους
14103	θεὶς
14104	νόμους
14105	οὓς
14106	πάλιν
14107	αὐτὸς
14108	ἔξαρνος
14109	ἦν
14110	μὴ
14111	τεθεικέναι
14112	.
14113	καὶ
14114	τῆς
14115	μὲν
14116	Παράλου
14117	ταμιεύων
14118	τότε
14119	,
14120	ὅτε
14121	τὴν
14122	ἐπὶ
14123	Θηβαίους
14124	ἔξοδον
14125	εἰς
14126	Εὔβοιαν
14127	ἐποιεῖσθ’
14128	ὑμεῖς
14129	,
14130	δώδεκα
14131	τῆς
14132	πόλεως
14133	τάλαντ’
14134	ἀναλίσκειν
14135	ταχθείς
14136	,
14137	ἀξιούντων
14138	ὑμῶν
14139	πλεῖν
14140	καὶ
14141	παραπέμπειν
14142	τοὺς
14143	στρατιώτας
14144	οὐκ
14145	ἐβοήθησεν
14146	,
14147	ἀλλ’
14148	ἤδη
14149	τῶν
14150	σπονδῶν
14151	γεγονυιῶν
14152	,
14153	ἃς
14154	Διοκλῆς
14155	ἐσπείσατο
14156	Θηβαίοις
14157	,
14158	ἧκεν
14159	.
14160	καὶ
14161	τόθ’
14162	ἡττᾶτο
14163	πλέων
14164	τῶν
14165	ἰδιωτικῶν
14166	τριήρων
14167	μιᾶς
14168	·
14169	οὕτως
14170	εὖ
14171	τὴν
14172	ἱερὰν
14173	τριήρη
14174	παρεσκευάκει
14175	.
14176	ἱππαρχῶν
14177	τοίνυν
14178	,
14179	τί
14180	οἴεσθε
14181	τ
14182	ἄλλα
14183	;
14184	ἀλλ’
14185	ἵππον
14186	,
14187	ἵππον
14188	οὐκ
14189	ἐτόλμησεν
14190	ὁ
14191	λαμπρὸς
14192	καὶ
14193	πλούσιος
14194	οὗτος
14195	πρίασθαι
14196	,
14197	ἀλλ’
14198	ἐπ’
14199	ἀλλοτρίου
14200	τὰς
14201	πομπὰς
14202	ἡγεῖτο
14203	,
14204	τοῦ
14205	Φιλομήλου
14206	τοῦ
14207	Παιανιέως
14208	ἵππου
14209	·
14210	καὶ
14211	ταῦτα
14212	πάντες
14213	ἴσασιν
14214	οἱ
14215	ἱππεῖς
14216	.
14217	καὶ
14218	ὅτι
14219	ταῦτ’
14220	ἀληθῆ
14221	λέγω
14222	,
14223	κάλει
14224	μοι
14225	καὶ
14226	τούτων
14227	τοὺς
14228	μάρτυρας
14229	.
14230	ΜΑΡΤΥΡΕΣ
14231	βούλομαι
14232	τοίνυν
14233	ὑμῖν
14234	,
14235	ὦ
14236	ἄνδρες
14237	Ἀθηναῖοι
14238	,
14239	καὶ
14240	ὅσων
14241	ἤδη
14242	καταχειροτονήσαντος
14243	τοῦ
14244	δήμου
14245	περὶ
14246	τὴν
14247	ἑορτὴν
14248	ἀδικεῖν
14249	ὑμεῖς
14250	κατεγνώκατε
14251	,
14252	εἰπεῖν
14253	,
14254	καὶ
14255	δεῖξαι
14256	τί
14257	πεποιηκότες
14258	αὐτῶν
14259	ἔνιοι
14260	τίνος
14261	ὀργῆς
14262	τετυχήκασι
14263	παρ’
14264	ὑμῶν
14265	,
14266	ἵνα
14267	ταῦτα
14268	πρὸς
14269	τὰ
14270	τούτῳ
14271	πεπραγμέν’
14272	ἀντιθῆτε
14273	.
14274	πρῶτον
14275	μὲν
14276	τοίνυν
14277	,
14278	ἵνα
14279	πρώτης
14280	τῆς
14281	τελευταίας
14282	γεγονυίας
14283	μνησθῶ
14284	καταγνώσεως
14285	,
14286	περὶ
14287	τὰ
14288	μυστήρι’
14289	ἀδικεῖν
14290	Εὐάνδρου
14291	κατεχειροτόνησεν
14292	ὁ
14293	δῆμος
14294	τοῦ
14295	Θεσπιῶς
14296	,
14297	προβαλλομένου
14298	αὐτὸν
14299	Μενίππου
14300	,
14301	Καρός
14302	τινος
14303	ἀνθρώπου
14304	.
14305	ἔστι
14306	δ’
14307	ὁ
14308	αὐτὸς
14309	νόμος
14310	τῷδε
14311	τῷ
14312	περὶ
14313	τῶν
14314	Διονυσίων
14315	ὁ
14316	περὶ
14317	τῶν
14318	μυστηρίων
14319	,
14320	κ
14321	ἀκεῖνος
14322	ὕστερος
14323	τοῦδ’
14324	ἐτέθη
14325	.
14326	τί
14327	οὖν
14328	ποιήσαντος
14329	,
14330	ὦ
14331	ἄνδρες
14332	Ἀθηναῖοι
14333	,
14334	κατεχειροτονήσατε
14335	τοῦ
14336	Εὐάνδρου
14337	;
14338	τοῦτ’
14339	ἀκούσατε
14340	.
14341	ὅτι
14342	δίκην
14343	ἐμπορικὴν
14344	καταδικασάμενος
14345	τοῦ
14346	Μενίππου
14347	,
14348	οὐκ
14349	ἔχων
14350	πρότερον
14351	λαβεῖν
14352	αὐτόν
14353	,
14354	ὡς
14355	ἔφη
14356	,
14357	τοῖς
14358	μυστηρίοις
14359	ἐπιδημοῦντος
14360	ἐπελάβετο
14361	.
14362	κατεχειροτονήσατε
14363	μὲν
14364	διὰ
14365	ταῦτα
14366	,
14367	καὶ
14368	οὐδ’
14369	ὁτιοῦν
14370	ἄλλο
14371	προσῆν
14372	,
14373	εἰσελθόντα
14374	δ’
14375	εἰς
14376	τὸ
14377	δικαστήριον
14378	ἐβούλεσθε
14379	μὲν
14380	θανάτῳ
14381	κολάσαι
14382	,
14383	τοῦ
14384	δὲ
14385	προβαλλομένου
14386	πεισθέντος
14387	τὴν
14388	δίκην
14389	τε
14390	πᾶσαν
14391	ἀφεῖναι
14392	ἠναγκάσατ’
14393	αὐτόν
14394	,
14395	ἣν
14396	ᾑρήκει
14397	πρότερον
14398	(
14399	ἦν
14400	δὲ
14401	δυοῖν
14402	αὕτη
14403	ταλάντοιν
14404	)
14405	,
14406	καὶ
14407	προσετιμήσατε
14408	τὰς
14409	βλάβας
14410	,
14411	ἃς
14412	ἐπὶ
14413	τῇ
14414	χειροτονίᾳ
14415	μένων
14416	ἐλογίζεθ’
14417	αὑτῷ
14418	γεγενῆσθαι
14419	πρὸς
14420	ὑμᾶς
14421	ἅνθρωπος
14422	.
14423	εἷς
14424	μὲν
14425	οὗτος
14426	ἐξ
14427	ἰδίου
14428	πράγματος
14429	,
14430	οὐδεμιᾶς
14431	ὕβρεως
14432	προσούσης
14433	,
14434	ὑπὲρ
14435	αὐτοῦ
14436	τοῦ
14437	παραβῆναι
14438	τὸν
14439	νόμον
14440	τοσαύτην
14441	ἔδωκε
14442	δίκην
14443	.
14444	εἰκότως
14445	·
14446	τοῦτο
14447	γάρ
14448	ἐσθ’
14449	ὃ
14450	φυλάττειν
14451	ὑμᾶς
14452	δεῖ
14453	,
14454	τοὺς
14455	νόμους
14456	,
14457	τὸν
14458	ὅρκον
14459	·
14460	ταῦτ’
14461	ἔχεθ’
14462	ὑμεῖς
14463	οἱ
14464	δικάζοντες
14465	ἀεὶ
14466	παρὰ
14467	τῶν
14468	ἄλλων
14469	ὡσπερεὶ
14470	παρακαταθήκην
14471	,
14472	ἣν
14473	ἅπασιν
14474	,
14475	ὅσοι
14476	μετὰ
14477	τοῦ
14478	δικαίου
14479	πρὸς
14480	ὑμᾶς
14481	ἔρχονται
14482	,
14483	σῶν
14484	ὑπάρχειν
14485	δεῖ
14486	.
14487	ἕτερος
14488	ἀδικεῖν
14489	ποτ’
14490	ἔδοξεν
14491	ὑμῖν
14492	περὶ
14493	τὰ
14494	Διονύσια
14495	,
14496	καὶ
14497	κατεχειροτονήσατ’
14498	αὐτοῦ
14499	παρεδρεύοντος
14500	ἄρχοντι
14501	τῷ
14502	υἱεῖ
14503	,
14504	ὅτι
14505	θέαν
14506	τινὸς
14507	καταλαμβάνοντος
14508	ἥψατο
14509	,
14510	ἐξείργων
14511	ἐκ
14512	τοῦ
14513	θεάτρου
14514	·
14515	ἦν
14516	δ’
14517	οὗτος
14518	ὁ
14519	τοῦ
14520	βελτίστου
14521	πατὴρ
14522	Χαρικλείδου
14523	,
14524	τοῦ
14525	ἄρξαντος
14526	.
14527	καὶ
14528	μέγα
14529	γ’
14530	ὑμῖν
14531	τοῦτ’
14532	ἐδόκει
14533	δίκαιον
14534	ἔχειν
14535	ὁ
14536	προβαλλόμενος
14537	λέγειν
14538	,
14539	εἰ
14540	κατελάμβανον
14541	,
14542	ἄνθρωπε
14543	,
14544	θέαν
14545	,
14546	εἰ
14547	μὴ
14548	τοῖς
14549	κηρύγμασιν
14550	,
14551	ὡς
14552	σύ
14553	με
14554	φῄς
14555	,
14556	ἐπειθόμην
14557	,
14558	τίνος
14559	ἐκ
14560	τῶν
14561	νόμων
14562	εἶ
14563	κύριος
14564	,
14565	καὶ
14566	ὁ
14567	ἄρχων
14568	αὐτός
14569	;
14570	τοῖς
14571	ὑπηρέταις
14572	ἐξείργειν
14573	εἰπεῖν
14574	,
14575	οὐκ
14576	αὐτὸς
14577	τύπτειν
14578	.
14579	οὐδ’
14580	οὕτω
14581	πείθομαι
14582	·
14583	ἐπιβολὴν
14584	ἐπιβαλεῖν
14585	,
14586	πάντα
14587	μᾶλλον
14588	πλὴν
14589	αὐτὸς
14590	ἅψασθαι
14591	τῇ
14592	χειρί
14593	·
14594	πολλὰ
14595	γὰρ
14596	πρὸ
14597	τοῦ
14598	μὴ
14599	τὸ
14600	σῶμ’
14601	ἕκαστον
14602	ὑβρίζεσθαι
14603	πεποιήκασιν
14604	οἱ
14605	νόμοι
14606	.
14607	ταῦτ’
14608	ἔλεγεν
14609	μὲν
14610	ἐκεῖνος
14611	,
14612	ἐχειροτονήσατε
14613	δ’
14614	ὑμεῖς
14615	·
14616	οὐ
14617	μὴν
14618	εἰσῆλθεν
14619	εἰς
14620	τὸ
14621	δικαστήριον
14622	οὗτος
14623	,
14624	ἀλλ’
14625	ἐτελεύτησεν
14626	πρότερον
14627	.
14628	ἑτέρου
14629	τοίνυν
14630	ὅ
14631	τε
14632	δῆμος
14633	ἅπας
14634	κατεχειροτόνησ’
14635	ἀδικεῖν
14636	περὶ
14637	τὴν
14638	ἑορτήν
14639	,
14640	καὶ
14641	ὑμεῖς
14642	εἰσελθόντ’
14643	ἀπεκτείνατε
14644	τοῦτον
14645	,
14646	Κτησικλέα
14647	,
14648	ὅτι
14649	σκῦτος
14650	ἔχων
14651	ἐπόμπευε
14652	,
14653	καὶ
14654	τούτῳ
14655	μεθύων
14656	ἐπάταξέ
14657	τιν’
14658	ἐχθρὸν
14659	ὑπάρχονθ’
14660	ἑαυτῷ
14661	·
14662	ἐδόκει
14663	γὰρ
14664	ὕβρει
14665	καὶ
14666	οὐκ
14667	οἴνῳ
14668	τύπτειν
14669	,
14670	ἀλλὰ
14671	τὴν
14672	ἐπὶ
14673	τῆς
14674	πομπῆς
14675	καὶ
14676	τοῦ
14677	μεθύειν
14678	πρόφασιν
14679	λαβὼν
14680	ἀδικεῖν
14681	,
14682	ὡς
14683	δούλοις
14684	χρώμενος
14685	τοῖς
14686	ἐλευθέροις
14687	.
14688	ἁπάντων
14689	τοίνυν
14690	,
14691	ὦ
14692	ἄνδρες
14693	Ἀθηναῖοι
14694	,
14695	τούτων
14696	,
14697	ὧν
14698	ὁ
14699	μὲν
14700	ὧν
14701	εἷλεν
14702	ἀποστάς
14703	,
14704	ὁ
14705	δὲ
14706	καὶ
14707	θανάτῳ
14708	ζημιωθεὶς
14709	φαίνεται
14710	,
14711	πολλῷ
14712	δεινότερ’
14713	εὖ
14714	οἶδ’
14715	ὅτι
14716	πάντες
14717	ἂν
14718	εἶναι
14719	φήσειαν
14720	τὰ
14721	Μειδίᾳ
14722	πεπραγμένα
14723	·
14724	οὔ
14725	τε
14726	γὰρ
14727	πομπεύων
14728	οὔ
14729	τε
14730	δίκην
14731	ᾑρηκὼς
14732	οὔ
14733	τε
14734	παρεδρεύων
14735	οὔτ’
14736	ἄλλην
14737	σκῆψιν
14738	ἔχων
14739	οὐδεμίαν
14740	πλὴν
14741	ὕβριν
14742	,
14743	τοιαῦτα
14744	πεποίηκεν
14745	οἷ’
14746	οὐδεὶς
14747	ἐκείνων
14748	.
14749	καὶ
14750	τούτους
14751	μὲν
14752	ἐάσω
14753	.
14754	ἀλλὰ
14755	Πύρρον
14756	,
14757	ὦ
14758	ἄνδρες
14759	Ἀθηναῖοι
14760	,
14761	τὸν
14762	Ἐτεοβουτάδην
14763	,
14764	ἐνδειχθέντα
14765	δικάζειν
14766	ὀφείλοντα
14767	τῷ
14768	δημοσίῳ
14769	,
14770	θανάτῳ
14771	ζημιῶσαί
14772	τινες
14773	ὑμῶς
14774	ᾤοντο
14775	χρῆναι
14776	,
14777	καὶ
14778	τέθνηκεν
14779	ἁλοὺς
14780	παρ’
14781	ὑμῖν
14782	·
14783	καίτοι
14784	τοῦτο
14785	τὸ
14786	λῆμμα
14787	δι’
14788	ἔνδειαν
14789	,
14790	οὐ
14791	δι’
14792	ὕβριν
14793	λαμβάνειν
14794	ἐπεχείρησεν
14795	ἐκεῖνος
14796	.
14797	καὶ
14798	πολλοὺς
14799	ἂν
14800	ἑτέρους
14801	ἔχοιμι
14802	λέγειν
14803	,
14804	ὧν
14805	οἱ
14806	μὲν
14807	τεθνᾶσιν
14808	,
14809	οἱ
14810	δ’
14811	ἠτιμωμένοι
14812	διὰ
14813	πολλῷ
14814	τούτων
14815	εἰσὶν
14816	ἐλάττω
14817	πράγματα
14818	.
14819	ὑμεῖς
14820	,
14821	ὦ
14822	ἄνδρες
14823	Ἀθηναῖοι
14824	,
14825	Σμίκρῳ
14826	δέκα
14827	ταλάντων
14828	ἐτιμήσατε
14829	καὶ
14830	Σκίτωνι
14831	τοσούτων
14832	ἑτέρων
14833	,
14834	δόξαντι
14835	παράνομα
14836	γράφειν
14837	,
14838	καὶ
14839	οὔ
14840	τε
14841	παιδί’
14842	οὔ
14843	τε
14844	φίλους
14845	οὔ
14846	τε
14847	συγγενεῖς
14848	οὔθ’
14849	ὁντινοῦν
14850	ἠλεήσατε
14851	τῶν
14852	παρόντων
14853	ἐκείνοις
14854	.
14855	μὴ
14856	τοίνυν
14857	,
14858	ἐὰν
14859	μὲν
14860	εἴπῃ
14861	τις
14862	παράνομα
14863	,
14864	οὕτως
14865	ὀργιζόμενοι
14866	φαίνεσθε
14867	,
14868	ἐὰν
14869	δὲ
14870	ποιῇ
14871	,
14872	μὴ
14873	λέγῃ
14874	,
14875	πράως
14876	διάκεισθε
14877	.
14878	οὐδὲν
14879	γὰρ
14880	ῥῆμ’
14881	οὐδ’
14882	ὄνομ’
14883	οὕτως
14884	ἐστὶ
14885	τοῖς
14886	πολλοῖς
14887	ὑμῶν
14888	χαλεπόν
14889	,
14890	ὡς
14891	ὅσ’
14892	ὑβρίζων
14893	τις
14894	τὸν
14895	ἐντυχόνθ’
14896	ὑμῶν
14897	διαπράττεται
14898	.
14899	μὴ
14900	τοίνυν
14901	αὐτοὶ
14902	καθ’
14903	ὑμῶν
14904	αὐτῶν
14905	δεῖγμα
14906	τοιοῦτον
14907	ἐξενέγκητ’
14908	,
14909	ἄνδρες
14910	Ἀθηναῖοι
14911	,
14912	ὡς
14913	ἄρ’
14914	ὑμεῖς
14915	,
14916	ἂν
14917	μὲν
14918	τῶν
14919	μετρίων
14920	τινὰ
14921	καὶ
14922	δημοτικῶν
14923	λάβηθ’
14924	ὁτιοῦν
14925	ἀδικοῦντα
14926	,
14927	οὔτ’
14928	ἐλεήσετ’
14929	οὔτ’
14930	ἀφήσετε
14931	,
14932	ἀλλ’
14933	ἀποκτενεῖτ’
14934	ἢ
14935	ἀτιμώσετε
14936	,
14937	ἂν
14938	δὲ
14939	πλούσιος
14940	ὤν
14941	τις
14942	ὑβρίζῃ
14943	,
14944	συγγνώμην
14945	ἕξετε
14946	.
14947	μὴ
14948	δῆτα
14949	·
14950	οὐ
14951	γὰρ
14952	δίκαιον
14953	·
14954	ἀλλ’
14955	ἐπὶ
14956	πάντων
14957	ὁμοίως
14958	ὀργιζόμενοι
14959	φαίνεσθε
14960	.
14961	ἃ
14962	τοίνυν
14963	οὐδενὸς
14964	τῶν
14965	εἰρημένων
14966	ἧττον
14967	ἀναγκαῖον
14968	εἶναι
14969	νομίζω
14970	πρὸς
14971	ὑμᾶς
14972	εἰπεῖν
14973	,
14974	ταῦτ’
14975	εἰπὼν
14976	ἔτι
14977	καὶ
14978	βραχέα
14979	περὶ
14980	τούτων
14981	διαλεχθεὶς
14982	καταβήσομαι
14983	.
14984	ἔστιν
14985	,
14986	ὦ
14987	ἄνδρες
14988	Ἀθηναῖοι
14989	,
14990	μεγάλη
14991	τοῖς
14992	ἀδικοῦσιν
14993	ἅπασι
14994	μερὶς
14995	καὶ
14996	πλεονεξία
14997	ἡ
14998	τῶν
14999	ὑμετέρων
15000	τρόπων
15001	πραότης
15002	.
15003	ὅτι
15004	δὴ
15005	ταύτης
15006	οὐδ’
15007	ὁτιοῦν
15008	ὑμῖν
15009	μεταδοῦναι
15010	τούτῳ
15011	προσήκει
15012	,
15013	ταῦτ’
15014	ἀκούσατέ
15015	μου
15016	.
15017	ἐγὼ
15018	νομίζω
15019	πάντας
15020	ἀνθρώπους
15021	ἐράνους
15022	φέρειν
15023	παρὰ
15024	πάντα
15025	τὸν
15026	βίον
15027	αὑτοῖς
15028	,
15029	οὐχὶ
15030	τούσδε
15031	μόνους
15032	οὓς
15033	συλλέγουσί
15034	τινες
15035	καὶ
15036	ὧν
15037	πληρωταὶ
15038	γίγνονται
15039	,
15040	ἀλλὰ
15041	καὶ
15042	ἄλλους
15043	.
15044	οἷον
15045	ἔστι
15046	μέτριος
15047	καὶ
15048	φιλάνθρωπός
15049	τις
15050	ἡμῶν
15051	καὶ
15052	πολλοὺς
15053	ἐλεῶν
15054	·
15055	τούτῳ
15056	τ
15057	αὐτὸ
15058	δίκαιον
15059	ὑπάρχειν
15060	παρὰ
15061	πάντων
15062	,
15063	ἄν
15064	ποτ’
15065	εἰς
15066	χρείαν
15067	καὶ
15068	ἀγῶν’
15069	ἀφίκηται
15070	.
15071	ἄλλος
15072	οὑτοσί
15073	τις
15074	ἀναιδὴς
15075	καὶ
15076	πολλοὺς
15077	ὑβρίζων
15078	,
15079	καὶ
15080	τοὺς
15081	μὲν
15082	πτωχούς
15083	,
15084	τοὺς
15085	δὲ
15086	καθάρματα
15087	,
15088	τοὺς
15089	δ’
15090	οὐδ’
15091	ἀνθρώπους
15092	ὑπολαμβάνων
15093	·
15094	τούτῳ
15095	τὰς
15096	αὐτὰς
15097	δίκαιον
15098	ὑπάρχειν
15099	φοράς
15100	,
15101	ἅσπερ
15102	αὐτὸς
15103	εἰσενήνοχε
15104	τοῖς
15105	ἄλλοις
15106	.
15107	ἂν
15108	τοίνυν
15109	ὑμῖν
15110	ἐπίῃ
15111	σκοπεῖν
15112	,
15113	τούτου
15114	πληρωτὴν
15115	εὑρήσετε
15116	Μειδίαν
15117	ὄντα
15118	τοῦ
15119	ἐράνου
15120	,
15121	καὶ
15122	οὐκ
15123	ἐκείνου
15124	.
15125	οἶδα
15126	τοίνυν
15127	ὅτι
15128	τὰ
15129	παιδί’
15130	ἔχων
15131	ὀδυρεῖται
15132	,
15133	καὶ
15134	πολλοὺς
15135	λόγους
15136	καὶ
15137	ταπεινοὺς
15138	ἐρεῖ
15139	,
15140	δακρύων
15141	καὶ
15142	ὡς
15143	ἐλεινότατον
15144	ποιῶν
15145	ἑαυτόν
15146	.
15147	ἔστι
15148	δ’
15149	,
15150	ὅσῳ
15151	περ
15152	ἂν
15153	αὑτὸν
15154	νῦν
15155	ταπεινότερον
15156	ποιῇ
15157	,
15158	τοσούτῳ
15159	μᾶλλον
15160	ἄξιον
15161	μισεῖν
15162	αὐτόν
15163	,
15164	ὦ
15165	ἄνδρες
15166	Ἀθηναῖοι
15167	.
15168	διὰ
15169	τί
15170	;
15171	ὅτι
15172	εἰ
15173	μὲν
15174	μηδαμῶς
15175	δυνηθεὶς
15176	ταπεινὸς
15177	γενέσθαι
15178	οὕτως
15179	ἀσελγὴς
15180	καὶ
15181	βίαιος
15182	ἦν
15183	ἐπὶ
15184	τοῦ
15185	παρεληλυθότος
15186	βίου
15187	,
15188	τῇ
15189	φύσει
15190	καὶ
15191	τῇ
15192	τύχῃ
15193	,
15194	δι’
15195	ἣν
15196	τοιοῦτος
15197	ἐγένετο
15198	,
15199	ἄξιον
15200	ἦν
15201	ἄν
15202	τι
15203	τῆς
15204	ὀργῆς
15205	ἀνεῖναι
15206	·
15207	εἰ
15208	δ’
15209	ἐπιστάμενος
15210	μέτριον
15211	παρέχειν
15212	αὑτὸν
15213	ὅταν
15214	βούληται
15215	τὸν
15216	ἐναντίον
15217	ἢ
15218	τοῦτον
15219	τὸν
15220	τρόπον
15221	εἵλετο
15222	ζῆν
15223	,
15224	εὔδηλον
15225	δήπου
15226	τοῦθ’
15227	ὅτι
15228	καὶ
15229	νῦν
15230	ἂν
15231	διακρούσηται
15232	,
15233	πάλιν
15234	αὐτὸς
15235	ἐκεῖνος
15236	ὃν
15237	ὑμεῖς
15238	ἴστε
15239	γενήσεται
15240	.
15241	οὐ
15242	δεῖ
15243	δὴ
15244	προσέχειν
15245	,
15246	οὐ
15247	δὲ
15248	τὸν
15249	παρόντα
15250	καιρόν
15251	,
15252	ὃν
15253	οὗτος
15254	ἐξεπίτηδες
15255	πλάττεται
15256	,
15257	κυριώτερον
15258	οὐ
15259	δὲ
15260	πιστότερον
15261	τοῦ
15262	παντός
15263	,
15264	ὃν
15265	αὐτοὶ
15266	σύνιστε
15267	,
15268	χρόνου
15269	ποιήσασθαι
15270	.
15271	ἐμοὶ
15272	παιδί’
15273	οὐκ
15274	ἔστιν
15275	,
15276	οὐδ’
15277	ἂν
15278	ἔχοιμι
15279	ταῦτα
15280	παραστησάμενος
15281	κλάειν
15282	καὶ
15283	δακρύειν
15284	ἐφ’
15285	οἷς
15286	ὑβρίσθην
15287	.
15288	διὰ
15289	τοῦτ’
15290	ἄρα
15291	τοῦ
15292	πεποιηκότος
15293	ὁ
15294	πεπονθὼς
15295	ἔλαττον
15296	ἕξω
15297	παρ’
15298	ὑμῖν
15299	;
15300	μὴ
15301	δῆτα
15302	·
15303	ἀλλ’
15304	ὅταν
15305	οὗτος
15306	ἔχων
15307	τὰ
15308	παιδία
15309	τούτοις
15310	ἀξιοῖ
15311	δοῦναι
15312	τὴν
15313	ψῆφον
15314	ὑμᾶς
15315	,
15316	τόθ’
15317	ὑμεῖς
15318	τοὺς
15319	νόμους
15320	ἔχοντά
15321	με
15322	πλησίον
15323	ἡγεῖσθε
15324	παρεστάναι
15325	,
15326	τούτοις
15327	ἀξιοῦντα
15328	καὶ
15329	ἀντιβολοῦνθ’
15330	ἕκαστον
15331	ὑμῶν
15332	ψηφίσασθαι
15333	.
15334	οἷς
15335	ὑμεῖς
15336	κατὰ
15337	πολλὰ
15338	δικαιότερον
15339	πρόσθοισθ’
15340	ἂν
15341	ἢ
15342	τούτῳ
15343	·
15344	καὶ
15345	γὰρ
15346	ὀμωμόκατ’
15347	,
15348	ὦ
15349	ἄνδρες
15350	Ἀθηναῖοι
15351	,
15352	τοῖς
15353	νόμοις
15354	πείσεσθαι
15355	,
15356	καὶ
15357	τῶν
15358	ἴσων
15359	μέτεστιν
15360	ὑμῖν
15361	διὰ
15362	τοὺς
15363	νόμους
15364	,
15365	καὶ
15366	πάνθ’
15367	ὅσ’
15368	ἔστ’
15369	ἀγάθ’
15370	ὑμῖν
15371	διὰ
15372	τοὺς
15373	νόμους
15374	ἐστίν
15375	,
15376	οὐ
15377	διὰ
15378	Μειδίαν
15379	οὐ
15380	δὲ
15381	διὰ
15382	τοὺς
15383	Μειδίου
15384	παῖδας
15385	.
15386	καὶ
15387	ῥήτωρ
15388	ἐστὶν
15389	οὗτος
15390	ἴσως
15391	ἐμὲ
15392	φήσει
15393	λέγων
15394	.
15395	ἐγὼ
15396	δ’
15397	,
15398	εἰ
15399	μὲν
15400	ὁ
15401	συμβουλεύων
15402	ὅ
15403	τι
15404	ἂν
15405	συμφέρειν
15406	ὑμῖν
15407	ἡγῆται
15408	,
15409	καὶ
15410	τοῦτ’
15411	ἄχρι
15412	τοῦ
15413	μηδὲν
15414	ὑμῖν
15415	ἐνοχλεῖν
15416	μη
15417	δὲ
15418	βιάζεσθαι
15419	,
15420	ῥήτωρ
15421	ἐστίν
15422	,
15423	οὔ
15424	τε
15425	φύγοιμ’
15426	ἂν
15427	οὔτ’
15428	ἀπαρνοῦμαι
15429	τοῦτο
15430	τ
15431	οὔνομα
15432	·
15433	εἰ
15434	μέντοι
15435	ῥήτωρ
15436	ἐστὶν
15437	οἵους
15438	ἐνίους
15439	τῶν
15440	λεγόντων
15441	ἐγὼ
15442	καὶ
15443	ὑμεῖς
15444	δ’
15445	ὁρᾶτε
15446	,
15447	ἀναιδεῖς
15448	καὶ
15449	ἀφ’
15450	ὑμῶν
15451	πεπλουτηκότας
15452	,
15453	οὐκ
15454	ἂν
15455	εἴην
15456	οὗτος
15457	ἐγώ
15458	·
15459	εἴληφα
15460	μὲν
15461	γὰρ
15462	οὐδ’
15463	ὁτιοῦν
15464	παρ’
15465	ὑμῶν
15466	,
15467	τὰ
15468	δ’
15469	ὄντ’
15470	εἰς
15471	ὑμᾶς
15472	πλὴν
15473	πάνυ
15474	μικρῶν
15475	ἅπαντ’
15476	ἀνήλωκα
15477	.
15478	καίτοι
15479	καὶ
15480	εἰ
15481	τούτων
15482	ἦν
15483	πονηρότατος
15484	,
15485	κατὰ
15486	τοὺς
15487	νόμους
15488	ἔδει
15489	παρ’
15490	ἐμοῦ
15491	δίκην
15492	λαμβάνειν
15493	,
15494	οὐκ
15495	ἐφ’
15496	οἷς
15497	ἐλῃτούργουν
15498	ὑβρίζειν
15499	.
15500	ἔτι
15501	τοίνυν
15502	οὐ
15503	δὲ
15504	εἷς
15505	ἐστιν
15506	ὅστις
15507	ἐμοὶ
15508	τῶν
15509	λεγόντων
15510	συναγωνίζεται
15511	.
15512	καὶ
15513	οὐδενὶ
15514	μέμφομαι
15515	·
15516	οὐ
15517	δὲ
15518	γὰρ
15519	αὐτὸς
15520	οὐδενὸς
15521	εἵνεκα
15522	τούτων
15523	οὐδὲν
15524	ἐν
15525	ὑμῖν
15526	πώποτ’
15527	εἶπον
15528	,
15529	ἀλλ’
15530	ἁπλῶς
15531	κατ’
15532	ἐμαυτὸν
15533	ἔγνων
15534	καὶ
15535	λέγειν
15536	καὶ
15537	πράττειν
15538	ὅ
15539	τι
15540	ἂν
15541	συμφέρειν
15542	ὑμῖν
15543	ἡγῶμαι
15544	.
15545	ἀλλὰ
15546	τούτῳ
15547	πάντας
15548	αὐτίκα
15549	δὴ
15550	μάλα
15551	συνεξεταζομένους
15552	τοὺς
15553	ῥήτορας
15554	ὄψεσθ’
15555	ἐφεξῆς
15556	.
15557	καίτοι
15558	πῶς
15559	ἐστι
15560	δίκαιον
15561	,
15562	τ
15563	οὔνομα
15564	μὲν
15565	τοῦθ’
15566	ὡς
15567	ὄνειδος
15568	προφέρειν
15569	ἐμοί
15570	,
15571	διὰ
15572	τούτων
15573	δ’
15574	αὐτὸν
15575	τῶν
15576	ἀνδρῶν
15577	ἀξιοῦν
15578	σωθῆναι
15579	;
15580	τάχα
15581	τοίνυν
15582	ἴσως
15583	καὶ
15584	τὰ
15585	τοιαῦτ’
15586	ἐρεῖ
15587	,
15588	ὡς
15589	ἐσκεμμένα
15590	καὶ
15591	παρεσκευασμένα
15592	πάντα
15593	λέγω
15594	νῦν
15595	.
15596	ἐγὼ
15597	δ’
15598	ἐσκέφθαι
15599	μέν
15600	,
15601	ὦ
15602	ἄνδρες
15603	Ἀθηναῖοι
15604	,
15605	φημὶ
15606	καὶ
15607	οὐκ
15608	ἂν
15609	ἀρνηθείην
15610	,
15611	καὶ
15612	μεμελετηκέναι
15613	γ’
15614	ὡς
15615	ἐνῆν
15616	μάλιστ’
15617	ἐμοί
15618	·
15619	καὶ
15620	γὰρ
15621	ἂν
15622	ἄθλιος
15623	ἦν
15624	,
15625	εἰ
15626	τοιαῦτα
15627	παθὼν
15628	καὶ
15629	πάσχων
15630	ἠμέλουν
15631	ὧν
15632	περὶ
15633	τούτων
15634	ἐρεῖν
15635	ἔμελλον
15636	πρὸς
15637	ὑμᾶς
15638	·
15639	γεγραφέναι
15640	μέντοι
15641	μοι
15642	τὸν
15643	λόγον
15644	Μειδίαν
15645	·
15646	ὁ
15647	γὰρ
15648	τὰ
15649	ἔργα
15650	παρεσχηκὼς
15651	περὶ
15652	ὧν
15653	εἰσιν
15654	οἱ
15655	λόγοι
15656	δικαιότατ’
15657	ἂν
15658	ταύτην
15659	ἔχοι
15660	τὴν
15661	αἰτίαν
15662	,
15663	οὐχ
15664	ὁ
15665	ἐσκεμμένος
15666	οὐδ’
15667	ὁ
15668	μεριμνήσας
15669	τὰ
15670	δίκαια
15671	λέγειν
15672	νῦν
15673	.
15674	ἐγὼ
15675	μὲν
15676	οὖν
15677	τοῦτο
15678	ποιῶν
15679	,
15680	ὦ
15681	ἄνδρες
15682	Ἀθηναῖοι
15683	,
15684	καὶ
15685	αὐτὸς
15686	ὁμολογῶ
15687	·
15688	Μειδίαν
15689	μέντοι
15690	μηδὲν
15691	ἐσκέφθαι
15692	πώποτ’
15693	ἐν
15694	παντὶ
15695	τῷ
15696	βίῳ
15697	δίκαιον
15698	εἰκός
15699	ἐστιν
15700	·
15701	εἰ
15702	γὰρ
15703	καὶ
15704	κατὰ
15705	μικρὸν
15706	ἐπῄει
15707	τὰ
15708	τοιαῦτ’
15709	αὐτῷ
15710	σκοπεῖν
15711	,
15712	οὐκ
15713	ἂν
15714	τοσοῦτον
15715	διημάρτανε
15716	τοῦ
15717	πράγματος
15718	.
15719	οἶμαι
15720	τοίνυν
15721	αὐτὸν
15722	οὐ
15723	δὲ
15724	τοῦ
15725	δήμου
15726	κατηγορεῖν
15727	ὀκνήσειν
15728	οὐ
15729	δὲ
15730	τῆς
15731	ἐκκλησίας
15732	,
15733	ἀλλ’
15734	ἅπερ
15735	τότ’
15736	ἐτόλμα
15737	λέγειν
15738	ὅτ’
15739	ἦν
15740	ἡ
15741	προβολή
15742	,
15743	ταῦτα
15744	καὶ
15745	νῦν
15746	ἐρεῖν
15747	,
15748	ὡς
15749	ὅσοι
15750	δέον
15751	ἐξιέναι
15752	κατέμενον
15753	καὶ
15754	ὅσοι
15755	τὰ
15756	φρούρι’
15757	ἦσαν
15758	ἔρημα
15759	λελοιπότες
15760	,
15761	ἐξεκλησίασαν
15762	,
15763	καὶ
15764	χορευταὶ
15765	καὶ
15766	ξένοι
15767	καὶ
15768	τοιοῦτοί
15769	τινες
15770	ἦσαν
15771	οἳ
15772	κατεχειροτόνησαν
15773	αὐτοῦ
15774	.
15775	εἰς
15776	γὰρ
15777	τοῦτο
15778	θράσους
15779	καὶ
15780	ἀναιδείας
15781	τότ’
15782	ἀφίκετ’
15783	,
15784	ὦ
15785	ἄνδρες
15786	δικασταί
15787	,
15788	ὡς
15789	ἴσασιν
15790	ὅσοι
15791	παρῆσαν
15792	ὑμῶν
15793	,
15794	ὥστε
15795	κακῶς
15796	λέγων
15797	καὶ
15798	ἀπειλῶν
15799	καὶ
15800	βλέπων
15801	εἰς
15802	τὸν
15803	ἀεὶ
15804	θορυβοῦντα
15805	τόπον
15806	τῆς
15807	ἐκκλησίας
15808	καταπλήξειν
15809	ᾤετο
15810	τὸν
15811	δῆμον
15812	ἅπαντα
15813	.
15814	ᾗ
15815	καὶ
15816	γελοῖ’
15817	εἶναι
15818	τὰ
15819	νῦν
15820	,
15821	οἶμαι
15822	,
15823	δάκρυ’
15824	εἰκότως
15825	ἂν
15826	αὐτοῦ
15827	δοκοίη
15828	.
15829	τί
15830	λέγεις
15831	,
15832	ὦ
15833	μιαρὰ
15834	κεφαλή
15835	;
15836	σὺ
15837	τὰ
15838	σαυτοῦ
15839	παιδί’
15840	ἀξιώσεις
15841	ἐλεεῖν
15842	ἢ
15843	σὲ
15844	τούσδε
15845	,
15846	ἢ
15847	σπουδάζειν
15848	εἰς
15849	τὰ
15850	σά
15851	,
15852	τοὺς
15853	ὑπὸ
15854	σοῦ
15855	δημοσίᾳ
15856	προπεπηλακισμένους
15857	;
15858	σὺ
15859	μόνος
15860	τῶν
15861	ὄντων
15862	ἀνθρώπων
15863	ἐπὶ
15864	μὲν
15865	τοῦ
15866	βίου
15867	τοσαύτης
15868	ὑπερηφανίας
15869	πλήρης
15870	ὢν
15871	ἔσει
15872	φανερώτατος
15873	,
15874	ὥστε
15875	καὶ
15876	πρὸς
15877	οὓς
15878	μηδέν
15879	ἐστί
15880	σοι
15881	πρᾶγμα
15882	,
15883	λυπεῖσθαι
15884	τὴν
15885	σὴν
15886	θρασύτητα
15887	καὶ
15888	φωνὴν
15889	καὶ
15890	σχῆμα
15891	καὶ
15892	τοὺς
15893	σοὺς
15894	ἀκολούθους
15895	καὶ
15896	πλοῦτον
15897	καὶ
15898	ὕβριν
15899	θεωροῦντας
15900	,
15901	ἐν
15902	δὲ
15903	τῷ
15904	κρίνεσθαι
15905	παραχρῆμ’
15906	ἐλεηθήσει
15907	;
15908	μεγάλην
15909	μέντἂν
15910	ἀρχήν
15911	,
15912	μᾶλλον
15913	δὲ
15914	τέχνην
15915	,
15916	εἴης
15917	εὑρηκώς
15918	,
15919	εἰ
15920	δύο
15921	τ
15922	ἀναντιώταθ’
15923	ἑαυτοῖς
15924	ἐν
15925	οὕτω
15926	βραχεῖ
15927	χρόνῳ
15928	περὶ
15929	σαυτὸν
15930	δύναιο
15931	ποιεῖσθαι
15932	,
15933	φθόνον
15934	ἐξ
15935	ὧν
15936	ζῇς
15937	,
15938	καὶ
15939	ἐφ’
15940	οἷς
15941	ἐξαπατᾷς
15942	ἔλεον
15943	.
15944	οὐκ
15945	ἔστιν
15946	οὐδαμόθεν
15947	σοι
15948	προσήκων
15949	ἔλεος
15950	οὐ
15951	δὲ
15952	καθ’
15953	ἕν
15954	,
15955	ἀλλὰ
15956	τ
15957	οὐναντίον
15958	μῖσος
15959	καὶ
15960	φθόνος
15961	καὶ
15962	ὀργή
15963	·
15964	τούτων
15965	γὰρ
15966	ἄξια
15967	ποιεῖς
15968	.
15969	ἀλλ’
15970	ἐπ’
15971	ἐκεῖν’
15972	ἐπάνειμι
15973	,
15974	ὅτι
15975	τοῦ
15976	δήμου
15977	κατηγορήσει
15978	καὶ
15979	τῆς
15980	ἐκκλησίας
15981	.
15982	ὅταν
15983	οὖν
15984	τοῦτο
15985	ποιῇ
15986	,
15987	ἐνθυμεῖσθε
15988	παρ’
15989	ὑμῖν
15990	αὐτοῖς
15991	,
15992	ἄνδρες
15993	δικασταί
15994	,
15995	ὅτι
15996	οὗτος
15997	τῶν
15998	μεθ’
15999	ἑαυτοῦ
16000	στρατευσαμένων
16001	ἱππέων
16002	,
16003	ὅτ’
16004	εἰς
16005	Ὄλυνθον
16006	διέβησαν
16007	,
16008	ἐλθὼν
16009	πρὸς
16010	ὑμᾶς
16011	εἰς
16012	τὴν
16013	ἐκκλησίαν
16014	κατηγόρει
16015	.
16016	πάλιν
16017	νῦν
16018	μείνας
16019	πρὸς
16020	τοὺς
16021	ἐξεληλυθότας
16022	τοῦ
16023	δήμου
16024	κατηγορήσει
16025	.
16026	πότερον
16027	οὖν
16028	ὑμεῖς
16029	,
16030	ἐάν
16031	τε
16032	μένητε
16033	ἐάν
16034	τ’
16035	ἐξίητε
16036	,
16037	ὁμολογήσετ’
16038	εἶναι
16039	τοιοῦτοι
16040	οἵους
16041	Μειδίας
16042	ὑμᾶς
16043	ἀποφαίνει
16044	,
16045	ἢ
16046	τ
16047	οὐναντίον
16048	τοῦτον
16049	ἀεὶ
16050	καὶ
16051	πανταχοῦ
16052	θεοῖς
16053	ἐχθρὸν
16054	καὶ
16055	βδελυρόν
16056	;
16057	ἐγὼ
16058	μὲν
16059	οἶμαι
16060	τοῦτον
16061	τοιοῦτον
16062	·
16063	ὃν
16064	γὰρ
16065	οὐχ
16066	ἱππεῖς
16067	,
16068	οὐ
16069	συνάρχοντες
16070	,
16071	οὐ
16072	φίλοι
16073	δύνανται
16074	φέρειν
16075	,
16076	τί
16077	τοῦτον
16078	εἴπῃ
16079	τις
16080	;
16081	ἐμοὶ
16082	μὲν
16083	νὴ
16084	τὸν
16085	Δία
16086	καὶ
16087	τὸν
16088	Ἀπόλλω
16089	καὶ
16090	τὴν
16091	Ἀθηνᾶν
16092	(
16093	εἰρήσεται
16094	γάρ
16095	,
16096	εἴτ’
16097	ἄμεινον
16098	εἴ
16099	τε
16100	μή
16101	,
16102	)
16103	ὅθ’
16104	οὗτος
16105	ὡς
16106	ἀπήλλαγμαι
16107	περιιὼν
16108	ἐλογοποίει
16109	,
16110	ἔνδηλοί
16111	τινες
16112	ἦσαν
16113	ἀχθόμενοι
16114	τῶν
16115	πάνυ
16116	τούτῳ
16117	λαλούντων
16118	ἡδέως
16119	.
16120	καὶ
16121	νὴ
16122	Δί’
16123	αὐτοῖς
16124	πολλὴ
16125	συγγνώμη
16126	·
16127	οὐ
16128	γάρ
16129	ἐστι
16130	φορητὸς
16131	ἅνθρωπος
16132	,
16133	ἀλλὰ
16134	καὶ
16135	πλουτεῖ
16136	μόνος
16137	καὶ
16138	λέγειν
16139	δύναται
16140	μόνος
16141	,
16142	καὶ
16143	πάντες
16144	εἰσὶ
16145	τούτῳ
16146	καθάρματα
16147	καὶ
16148	πτωχοὶ
16149	καὶ
16150	οὐδ’
16151	ἄνθρωποι
16152	.
16153	τὸν
16154	οὖν
16155	ἐπὶ
16156	ταύτης
16157	τῆς
16158	ὑπερηφανίας
16159	ὄντα
16160	,
16161	νῦν
16162	ἐὰν
16163	ἀποφύγῃ
16164	,
16165	τί
16166	ποιήσειν
16167	οἴεσθε
16168	;
16169	ἐξ
16170	ὅτου
16171	δὲ
16172	τοῦτ’
16173	ἂν
16174	εἰδείητ’
16175	ἐγὼ
16176	φράσω
16177	·
16178	εἰ
16179	τοῖς
16180	μετὰ
16181	τὴν
16182	χειροτονίαν
16183	τεκμηρίοις
16184	θεωρήσαιτε
16185	.
16186	τίς
16187	γάρ
16188	ἐστιν
16189	ὅστις
16190	καταχειροτονηθὲν
16191	αὐτοῦ
16192	,
16193	καὶ
16194	ταῦτ’
16195	ἀσεβεῖν
16196	περὶ
16197	τὴν
16198	ἑορτήν
16199	,
16200	εἰ
16201	καὶ
16202	μηδεὶς
16203	ἄλλος
16204	ἐπῆν
16205	ἀγὼν
16206	ἔτι
16207	μη
16208	δὲ
16209	κίνδυνος
16210	,
16211	οὐκ
16212	ἂν
16213	ἐπ’
16214	αὐτῷ
16215	τούτῳ
16216	κατέδυ
16217	καὶ
16218	μέτριον
16219	παρέσχεν
16220	ἑαυτὸν
16221	τόν
16222	γε
16223	δὴ
16224	μέχρι
16225	τῆς
16226	κρίσεως
16227	χρόνον
16228	,
16229	εἰ
16230	καὶ
16231	μὴ
16232	πάντα
16233	;
16234	οὐδεὶς
16235	ὅστις
16236	οὐκ
16237	ἄν
16238	.
16239	ἀλλ’
16240	οὐ
16241	Μειδίας
16242	,
16243	ἀλλ’
16244	ἀπὸ
16245	τῆς
16246	ἡμέρας
16247	ταύτης
16248	λέγει
16249	,
16250	λοιδορεῖται
16251	,
16252	βοᾷ
16253	.
16254	χειροτονεῖταί
16255	τις
16256	·
16257	Μειδίας
16258	Ἀναγυράσιος
16259	προβέβληται
16260	.
16261	Πλουτάρχου
16262	προξενεῖ
16263	,
16264	τ
16265	ἀπόρρητ’
16266	οἶδεν
16267	,
16268	ἡ
16269	πόλις
16270	αὐτὸν
16271	οὐ
16272	χωρεῖ
16273	.
16274	καὶ
16275	ταῦτα
16276	πάντα
16277	ποιεῖ
16278	δῆλον
16279	ὅτι
16280	οὐδὲν
16281	ἄλλ’
16282	ἐνδεικνύμενος
16283	ἢ
16284	ὅτι
16285	ἐγὼ
16286	οὐδὲν
16287	πέπονθ’
16288	ὑπὸ
16289	τῆς
16290	καταχειροτονίας
16291	,
16292	οὐ
16293	δὲ
16294	δέδοικ’
16295	οὐ
16296	δὲ
16297	φοβοῦμαι
16298	τὸν
16299	μέλλοντ’
16300	ἀγῶνα
16301	.
16302	ὃς
16303	οὖν
16304	,
16305	ὦ
16306	ἄνδρες
16307	Ἀθηναῖοι
16308	,
16309	τὸ
16310	μὲν
16311	ὑμᾶς
16312	δεδιέναι
16313	δοκεῖν
16314	αἰσχρὸν
16315	ἡγεῖται
16316	,
16317	τὸ
16318	δὲ
16319	μηδὲν
16320	φροντίζειν
16321	ὑμῶν
16322	νεανικόν
16323	,
16324	τοῦτον
16325	οὐκ
16326	ἀπολωλέναι
16327	δεκάκις
16328	προσήκει
16329	;
16330	οὐ
16331	δὲ
16332	γὰρ
16333	ἕξειν
16334	ὑμᾶς
16335	ὅ
16336	τι
16337	χρήσεσθ’
16338	αὐτῷ
16339	νομίζει
16340	.
16341	πλούσιος
16342	,
16343	θρασύς
16344	,
16345	μέγα
16346	φρονῶν
16347	,
16348	μέγα
16349	φθεγγόμενος
16350	,
16351	βίαιος
16352	,
16353	ἀναιδής
16354	,
16355	—ποῦ
16356	ληφθήσεται
16357	,
16358	νῦν
16359	ἐὰν
16360	διακρούσηται
16361	;
16362	ἀλλ’
16363	ἔγωγε
16364	,
16365	εἰ
16366	μηδενὸς
16367	εἵνεκα
16368	τῶν
16369	ἄλλων
16370	,
16371	τῶν
16372	γε
16373	δημηγοριῶν
16374	ὧν
16375	ἑκάστοτε
16376	δημηγορεῖ
16377	,
16378	καὶ
16379	ἐν
16380	οἷς
16381	καιροῖς
16382	,
16383	τὴν
16384	μεγίστην
16385	ἂν
16386	αὐτὸν
16387	δικαίως
16388	οἶμαι
16389	δίκην
16390	δοῦναι
16391	.
16392	ἴστε
16393	γὰρ
16394	δήπου
16395	τοῦθ’
16396	ὅτι
16397	,
16398	ἂν
16399	μέν
16400	τι
16401	τῶν
16402	δεόντων
16403	ἀπαγγελθῇ
16404	τῇ
16405	πόλει
16406	καὶ
16407	τοιοῦτον
16408	οἷον
16409	εὐφρᾶναι
16410	πάντας
16411	,
16412	οὐδαμοῦ
16413	πώποτε
16414	Μειδίας
16415	τῶν
16416	συνηδομένων
16417	οὐ
16418	δὲ
16419	τῶν
16420	συγχαιρόντων
16421	ἐξητάσθη
16422	τῷ
16423	δήμῳ
16424	,
16425	ἂν
16426	δέ
16427	τι
16428	φλαῦρον
16429	,
16430	ὃ
16431	μηδεὶς
16432	ἂν
16433	βούλοιτο
16434	τῶν
16435	ἄλλων
16436	,
16437	πρῶτος
16438	ἀνέστηκεν
16439	εὐθέως
16440	καὶ
16441	δημηγορεῖ
16442	,
16443	ἐπεμβαίνων
16444	τῷ
16445	καιρῷ
16446	καὶ
16447	τῆς
16448	σιωπῆς
16449	ἀπολαύων
16450	ἣν
16451	ἐπὶ
16452	τῷ
16453	περὶ
16454	τῶν
16455	συμβεβηκότων
16456	ἄχθεσθαι
16457	ποιεῖσθ’
16458	ὑμεῖς
16459	·
16460	τοιοῦτοι
16461	γάρ
16462	ἐστ’
16463	,
16464	ὦ
16465	ἄνδρες
16466	Ἀθηναῖοι
16467	·
16468	οὐ
16469	γὰρ
16470	ἐξέρχεσθε
16471	,
16472	οὐδ’
16473	οἴεσθε
16474	δεῖν
16475	χρήματ’
16476	εἰσφέρειν
16477	.
16478	εἶτα
16479	θαυμάζετ’
16480	εἰ
16481	κακῶς
16482	τὰ
16483	πράγμαθ’
16484	ὑμῖν
16485	ἔχει
16486	;
16487	ἔμ’
16488	οἴεσθ’
16489	ὑμῖν
16490	εἰσοίσειν
16491	,
16492	ὑμεῖς
16493	δὲ
16494	νεμεῖσθαι
16495	;
16496	ἔμ’
16497	οἴεσθε
16498	τριηραρχήσειν
16499	,
16500	ὑμεῖς
16501	δ’
16502	οὐκ
16503	ἐμβήσεσθαι
16504	;
16505	τοιαῦθ’
16506	ὑβρίζων
16507	καὶ
16508	τὴν
16509	ἀπὸ
16510	τῆς
16511	ψυχῆς
16512	πικρίαν
16513	καὶ
16514	κακόνοιαν
16515	,
16516	ἣν
16517	κατὰ
16518	τῶν
16519	πολλῶν
16520	ὑμῶν
16521	ἔχων
16522	ἀφανῆ
16523	παρ’
16524	ἑαυτῷ
16525	περιέρχεται
16526	,
16527	φανερὰν
16528	ἐπὶ
16529	τοῦ
16530	καιροῦ
16531	καθιστάς
16532	.
16533	δεῖ
16534	τοίνυν
16535	,
16536	ὦ
16537	ἄνδρες
16538	Ἀθηναῖοι
16539	,
16540	καὶ
16541	ὑμᾶς
16542	οὕτω
16543	νῦν
16544	,
16545	ὅταν
16546	ἐξαπατῶν
16547	καὶ
16548	φενακίζων
16549	ὀδύρηται
16550	καὶ
16551	κλάῃ
16552	καὶ
16553	δέηται
16554	,
16555	ταῦθ’
16556	ὑποβάλλειν
16557	αὐτῷ
16558	·
16559	τοιοῦτος
16560	γὰρ
16561	εἶ
16562	,
16563	Μειδία
16564	·
16565	ὑβριστὴς
16566	γὰρ
16567	εἶ
16568	,
16569	οὐκ
16570	ἐθέλεις
16571	ἔχειν
16572	παρὰ
16573	σεαυτῷ
16574	τὼ
16575	χεῖρε
16576	.
16577	εἶτα
16578	θαυμάζεις
16579	εἰ
16580	κακὸς
16581	κακῶς
16582	ἀπολεῖ
16583	;
16584	ἀλλὰ
16585	νομίζεις
16586	ἡμᾶς
16587	μὲν
16588	ἀνέξεσθαί
16589	σου
16590	,
16591	αὐτὸς
16592	δὲ
16593	τυπτήσειν
16594	;
16595	καὶ
16596	ἡμᾶς
16597	μὲν
16598	ἀποψηφιεῖσθαί
16599	σου
16600	,
16601	σὺ
16602	δ’
16603	οὐ
16604	παύσεσθαι
16605	;
16606	καὶ
16607	βοηθοῦσιν
16608	οἱ
16609	λέγοντες
16610	ὑπὲρ
16611	αὐτοῦ
16612	,
16613	οὐχ
16614	οὕτω
16615	τούτῳ
16616	χαρίσασθαι
16617	μὰ
16618	τοὺς
16619	θεοὺς
16620	βουλόμενοι
16621	,
16622	ὡς
16623	ἐπηρεάζειν
16624	ἐμοὶ
16625	διὰ
16626	τὴν
16627	ἰδίαν
16628	ἔχθραν
16629	,
16630	ἣν
16631	οὗτος
16632	αὑτῷ
16633	πρὸς
16634	ἐμέ
16635	,
16636	ἄν
16637	τ’
16638	ἐγὼ
16639	φῶ
16640	ἄν
16641	τε
16642	μὴ
16643	φῶ
16644	,
16645	φησὶν
16646	εἶναι
16647	καὶ
16648	βιάζεται
16649	,
16650	οὐκ
16651	ὀρθῶς
16652	·
16653	ἀλλὰ
16654	κινδυνεύει
16655	τὸ
16656	λίαν
16657	εὐτυχεῖν
16658	ἐνίοτ’
16659	ἐπαχθεῖς
16660	ποιεῖν
16661	·
16662	ὅπου
16663	γὰρ
16664	ἐγὼ
16665	μὲν
16666	οὐ
16667	δὲ
16668	πεπονθὼς
16669	κακῶς
16670	ἐχθρὸν
16671	εἶναί
16672	μοι
16673	τοῦτον
16674	ὁμολογῶ
16675	,
16676	οὗτος
16677	δ’
16678	οὐδ’
16679	ἀφιέντ’
16680	ἀφίησιν
16681	,
16682	ἀλλὰ
16683	καὶ
16684	ἐπὶ
16685	τοῖς
16686	ἀλλοτρίοις
16687	ἀγῶσιν
16688	ἀπαντᾷ
16689	καὶ
16690	νῦν
16691	ἀναβήσεται
16692	μη
16693	δὲ
16694	τῆς
16695	κοινῆς
16696	τῶν
16697	νόμων
16698	ἐπικουρίας
16699	ἀξιῶν
16700	ἐμοὶ
16701	μετεῖναι
16702	,
16703	πῶς
16704	οὐχ
16705	οὗτος
16706	ἐπαχθής
16707	ἐστιν
16708	ἤδη
16709	καὶ
16710	μείζων
16711	ἢ
16712	καθ’
16713	ὅσον
16714	ἡμῶν
16715	ἑκάστῳ
16716	συμφέρει
16717	;
16718	ἔτι
16719	τοίνυν
16720	παρῆν
16721	,
16722	ὦ
16723	ἄνδρες
16724	Ἀθηναῖοι
16725	,
16726	καὶ
16727	καθῆτ’
16728	Εὔβουλος
16729	ἐν
16730	τῷ
16731	θεάτρῳ
16732	,
16733	ὅθ’
16734	ὁ
16735	δῆμος
16736	κατεχειροτόνησε
16737	Μειδίου
16738	,
16739	καὶ
16740	καλούμενος
16741	ὀνομαστὶ
16742	καὶ
16743	ἀντιβολοῦντος
16744	τούτου
16745	καὶ
16746	λιπαροῦντος
16747	,
16748	ὡς
16749	ὑμεῖς
16750	ἴστε
16751	,
16752	οὐκ
16753	ἀνέστη
16754	.
16755	καὶ
16756	μὴν
16757	εἰ
16758	μὲν
16759	μηδὲν
16760	ἠδικηκότος
16761	ἡγεῖτο
16762	τὴν
16763	προβολὴν
16764	γεγενῆσθαι
16765	,
16766	τότ’
16767	ἔδει
16768	τόν
16769	γε
16770	φίλον
16771	δήπου
16772	συνειπεῖν
16773	καὶ
16774	βοηθῆσαι
16775	·
16776	εἰ
16777	δὲ
16778	καταγνοὺς
16779	ἀδικεῖν
16780	τότε
16781	,
16782	διὰ
16783	ταῦτ’
16784	οὐχ
16785	ὑπήκουσεν
16786	,
16787	νῦν
16788	δ’
16789	,
16790	ὅτι
16791	προσκέκρουκεν
16792	ἐμοί
16793	,
16794	διὰ
16795	ταῦτα
16796	τοῦτον
16797	ἐξαιτήσεται
16798	,
16799	ὑμῖν
16800	οὐχὶ
16801	καλῶς
16802	ἔχει
16803	χαρίσασθαι
16804	·
16805	μὴ
16806	γὰρ
16807	ἔστω
16808	μηδεὶς
16809	ἐν
16810	δημοκρατίᾳ
16811	τηλικοῦτος
16812	,
16813	ὥστε
16814	συνειπὼν
16815	τὸν
16816	μὲν
16817	ὑβρίσθαι
16818	,
16819	τὸν
16820	δὲ
16821	μὴ
16822	δοῦναι
16823	δίκην
16824	ποιῆσαι
16825	.
16826	ἀλλ’
16827	εἰ
16828	κακῶς
16829	ἐμὲ
16830	βούλει
16831	ποιεῖν
16832	,
16833	Εὔβουλε
16834	,
16835	ὡς
16836	ἔγωγε
16837	μὰ
16838	τοὺς
16839	θεοὺς
16840	οὐκ
16841	οἶδ’
16842	ἀνθ’
16843	ὅτου
16844	,
16845	δύνασαι
16846	μὲν
16847	καὶ
16848	πολιτεύει
16849	,
16850	κατὰ
16851	τοὺς
16852	νόμους
16853	δ’
16854	ἥντινα
16855	βούλει
16856	παρ’
16857	ἐμοῦ
16858	δίκην
16859	λάμβανε
16860	,
16861	ὧν
16862	δ’
16863	ἐγὼ
16864	παρὰ
16865	τοὺς
16866	νόμους
16867	ὑβρίσθην
16868	,
16869	μή
16870	μ’
16871	ἀφαιροῦ
16872	τὴν
16873	τιμωρίαν
16874	.
16875	εἰ
16876	δ’
16877	ἀπορεῖς
16878	ἐκείνως
16879	με
16880	κακῶς
16881	ποιῆσαι
16882	,
16883	εἴη
16884	ἂν
16885	καὶ
16886	τοῦτο
16887	σημεῖον
16888	τῆς
16889	ἐμῆς
16890	ἐπιεικείας
16891	,
16892	εἰ
16893	τοὺς
16894	ἄλλους
16895	ῥᾳδίως
16896	κρίνων
16897	ἐμὲ
16898	μηδὲν
16899	ἔχεις
16900	ἐφ’
16901	ὅτῳ
16902	τοῦτο
16903	ποιήσεις
16904	.
16905	πέπυσμαι
16906	τοίνυν
16907	καὶ
16908	Φιλιππίδην
16909	καὶ
16910	Μνησαρχίδην
16911	καὶ
16912	Διότιμον
16913	τὸν
16914	Εὐωνυμέα
16915	καὶ
16916	τοιούτους
16917	τινὰς
16918	πλουσίους
16919	καὶ
16920	τριηράρχους
16921	ἐξαιτήσεσθαι
16922	καὶ
16923	λιπαρήσειν
16924	παρ’
16925	ὑμῶν
16926	αὐτόν
16927	,
16928	αὑτοῖς
16929	ἀξιοῦντας
16930	δοθῆναι
16931	τὴν
16932	χάριν
16933	ταύτην
16934	.
16935	περὶ
16936	ὧν
16937	οὐδὲν
16938	ἂν
16939	εἴποιμι
16940	πρὸς
16941	ὑμᾶς
16942	φλαῦρον
16943	ἐγώ
16944	(
16945	καὶ
16946	γὰρ
16947	ἂν
16948	μαινοίμην
16949	)
16950	·
16951	ἀλλ’
16952	ἃ
16953	θεωρεῖν
16954	ὑμᾶς
16955	,
16956	ὅταν
16957	οὗτοι
16958	δέωνται
16959	,
16960	δεῖ
16961	καὶ
16962	λογίζεσθαι
16963	,
16964	ταῦτ’
16965	ἐρῶ
16966	.
16967	ἐνθυμεῖσθ’
16968	,
16969	ὦ
16970	ἄνδρες
16971	δικασταί
16972	,
16973	εἰ
16974	γένοιντο
16975	(
16976	ὃ
16977	μὴ
16978	γένοιτ’
16979	οὐδ’
16980	ἔσται
16981	)
16982	οὗτοι
16983	κύριοι
16984	τῆς
16985	πολιτείας
16986	μετὰ
16987	Μειδίου
16988	καὶ
16989	τῶν
16990	ὁμοίων
16991	τούτῳ
16992	,
16993	καί
16994	τις
16995	ὑμῶν
16996	τῶν
16997	πολλῶν
16998	καὶ
16999	δημοτικῶν
17000	ἁμαρτὼν
17001	εἴς
17002	τινα
17003	τούτων
17004	,
17005	μὴ
17006	τοιαῦθ’
17007	οἷα
17008	Μειδίας
17009	εἰς
17010	ἐμέ
17011	,
17012	ἀλλ’
17013	ὁτιοῦν
17014	ἄλλο
17015	,
17016	εἰς
17017	δικαστήριον
17018	εἰσίοι
17019	πεπληρωμένον
17020	ἐκ
17021	τούτων
17022	,
17023	τίνος
17024	συγγνώμης
17025	ἢ
17026	τίνος
17027	λόγου
17028	τυχεῖν
17029	ἂν
17030	οἴεσθε
17031	;
17032	ταχύ
17033	γ’
17034	ἂν
17035	χαρίσαιντο
17036	,
17037	οὐ
17038	γάρ
17039	;
17040	ἢ
17041	δεηθέντι
17042	τῳ
17043	τῶν
17044	πολλῶν
17045	πρόσσχοιεν
17046	,
17047	ἀλλ’
17048	οὐκ
17049	ἂν
17050	εὐθέως
17051	εἴποιεν
17052	τὸν
17053	δὲ
17054	βάσκανον
17055	,
17056	τὸν
17057	δ’
17058	ὄλεθρον
17059	,
17060	τοῦτον
17061	δ’
17062	ὑβρίζειν
17063	,
17064	ἀναπνεῖν
17065	δέ
17066	;
17067	ὃν
17068	εἴ
17069	τις
17070	ἐᾷ
17071	ζῆν
17072	,
17073	ἀγαπᾶν
17074	δεῖ
17075	;
17076	μὴ
17077	τοίνυν
17078	,
17079	ὦ
17080	ἄνδρες
17081	Ἀθηναῖοι
17082	,
17083	τούτοις
17084	τοῖς
17085	οὕτω
17086	χρησαμένοις
17087	ἂν
17088	ὑμῖν
17089	ἄλλως
17090	πως
17091	ἔχεθ’
17092	ὑμεῖς
17093	,
17094	μη
17095	δὲ
17096	τὸν
17097	πλοῦτον
17098	μη
17099	δὲ
17100	τὴν
17101	δόξαν
17102	τὴν
17103	τούτων
17104	θαυμάζετε
17105	,
17106	ἀλλ’
17107	ὑμᾶς
17108	αὐτούς
17109	.
17110	πολλὰ
17111	τούτοις
17112	ἀγάθ’
17113	ἐστίν
17114	,
17115	ἃ
17116	τούτους
17117	οὐδεὶς
17118	κωλύει
17119	κεκτῆσθαι
17120	·
17121	μὴ
17122	τοίνυν
17123	μηδ’
17124	οὗτοι
17125	τὴν
17126	ἄδειαν
17127	,
17128	ἣν
17129	ἡμῖν
17130	κοινὴν
17131	οὐσίαν
17132	οἱ
17133	νόμοι
17134	παρέχουσι
17135	,
17136	κωλυόντων
17137	κεκτῆσθαι
17138	.
17139	οὐδὲν
17140	δεινὸν
17141	οὐδ’
17142	ἐλεινὸν
17143	Μειδίας
17144	πείσεται
17145	,
17146	ἂν
17147	ἴσα
17148	κτήσηται
17149	τοῖς
17150	πολλοῖς
17151	ὑμῶν
17152	,
17153	οὓς
17154	νῦν
17155	ὑβρίζει
17156	καὶ
17157	πτωχοὺς
17158	ἀποκαλεῖ
17159	,
17160	ἃ
17161	δὲ
17162	νῦν
17163	περιόντ’
17164	αὐτὸν
17165	ὑβρίζειν
17166	ἐπαίρει
17167	,
17168	περιαιρεθῇ
17169	.
17170	οὐδ’
17171	οὗτοι
17172	δήπου
17173	ταῦθ’
17174	ὑμῶν
17175	εἰσι
17176	δίκαιοι
17177	δεῖσθαι
17178	,
17179	μὴ
17180	κατὰ
17181	τοὺς
17182	νόμους
17183	δικάσητ’
17184	,
17185	ἄνδρες
17186	δικασταί
17187	·
17188	μὴ
17189	βοηθήσητε
17190	τῷ
17191	πεπονθότι
17192	δεινά
17193	·
17194	μὴ
17195	εὐορκεῖτε
17196	·
17197	ἡμῖν
17198	δότε
17199	τὴν
17200	χάριν
17201	ταύτην
17202	.
17203	ταῦτα
17204	γάρ
17205	,
17206	ἄν
17207	τι
17208	δέωνται
17209	περὶ
17210	τούτου
17211	,
17212	δεήσονται
17213	,
17214	κ
17215	ἂν
17216	μὴ
17217	ταῦτα
17218	λέγωσι
17219	τὰ
17220	ῥήματα
17221	.
17222	ἀλλ’
17223	εἴπερ
17224	εἰσὶ
17225	φίλοι
17226	καὶ
17227	δεινὸν
17228	εἰ
17229	μὴ
17230	πλουτήσει
17231	Μειδίας
17232	ἡγοῦνται
17233	,
17234	εἰσὶ
17235	μὲν
17236	εἰς
17237	τὰ
17238	μάλιστ’
17239	αὐτοὶ
17240	πλούσιοι
17241	,
17242	καὶ
17243	καλῶς
17244	ποιοῦσι
17245	,
17246	χρήματα
17247	δ’
17248	αὐτῷ
17249	παρ’
17250	ἑαυτῶν
17251	δόντων
17252	,
17253	ἵν’
17254	ὑμεῖς
17255	μὲν
17256	ἐφ’
17257	οἷς
17258	εἰσήλθετ’
17259	ὀμωμοκότες
17260	δικαίως
17261	ψηφίσησθε
17262	,
17263	οὗτοι
17264	δὲ
17265	παρ’
17266	αὑτῶν
17267	τὰς
17268	χάριτας
17269	,
17270	μὴ
17271	μετὰ
17272	τῆς
17273	ὑμετέρας
17274	αἰσχύνης
17275	,
17276	ποιῶνται
17277	.
17278	εἰ
17279	δ’
17280	οὗτοι
17281	χρήματ’
17282	ἔχοντες
17283	μὴ
17284	πρόοιντ’
17285	ἄν
17286	,
17287	πῶς
17288	ὑμῖν
17289	καλὸν
17290	τὸν
17291	ὅρκον
17292	προέσθαι
17293	;
17294	πλούσιοι
17295	πολλοὶ
17296	συνεστηκότες
17297	,
17298	ὦ
17299	ἄνδρες
17300	Ἀθηναῖοι
17301	,
17302	τὸ
17303	δοκεῖν
17304	τινὲς
17305	εἶναι
17306	δι’
17307	εὐπορίαν
17308	προσειληφότες
17309	,
17310	ὑμῶν
17311	παρίασι
17312	δεησόμενοι
17313	.
17314	τούτων
17315	μηδενί
17316	μ’
17317	,
17318	ὦ
17319	ἄνδρες
17320	Ἀθηναῖοι
17321	,
17322	προῆσθε
17323	,
17324	ἀλλ’
17325	ὥσπερ
17326	ἕκαστος
17327	τούτων
17328	ὑπὲρ
17329	τῶν
17330	ἰδίᾳ
17331	συμφερόντων
17332	καὶ
17333	ὑπὲρ
17334	τούτου
17335	σπουδάσεται
17336	,
17337	οὕτως
17338	ὑμεῖς
17339	ὑπὲρ
17340	ὑμῶν
17341	αὐτῶν
17342	καὶ
17343	τῶν
17344	νόμων
17345	καὶ
17346	ἐμοῦ
17347	τοῦ
17348	ἐφ’
17349	ὑμᾶς
17350	καταπεφευγότος
17351	σπουδάσατε
17352	,
17353	καὶ
17354	τηρήσατε
17355	τὴν
17356	γνώμην
17357	ταύτην
17358	ἐφ’
17359	ἧς
17360	νῦν
17361	ἐστέ
17362	.
17363	καὶ
17364	γὰρ
17365	εἰ
17366	μέν
17367	,
17368	ὦ
17369	ἄνδρες
17370	Ἀθηναῖοι
17371	,
17372	τόθ’
17373	ὅτ’
17374	ἦν
17375	ἡ
17376	προβολή
17377	,
17378	τὰ
17379	πεπραγμέν’
17380	ὁ
17381	δῆμος
17382	ἀκούσας
17383	ἀπεχειροτόνησε
17384	Μειδίου
17385	,
17386	οὐκ
17387	ἂν
17388	ὁμοίως
17389	ἦν
17390	δεινόν
17391	·
17392	καὶ
17393	γὰρ
17394	μὴ
17395	γεγενῆσθαι
17396	,
17397	καὶ
17398	μὴ
17399	περὶ
17400	τὴν
17401	ἑορτὴν
17402	ἀδικήματα
17403	ταῦτ’
17404	εἶναι
17405	,
17406	καὶ
17407	πόλλ’
17408	ἂν
17409	εἶχέ
17410	τις
17411	αὑτὸν
17412	παραμυθήσασθαι
17413	.
17414	νῦν
17415	δὲ
17416	τοῦτο
17417	καὶ
17418	πάντων
17419	ἄν
17420	μοι
17421	δεινότατον
17422	συμβαίη
17423	,
17424	εἰ
17425	παρ’
17426	αὐτὰ
17427	τ
17428	ἀδικήμαθ’
17429	οὕτως
17430	ὀργίλως
17431	καὶ
17432	πικρῶς
17433	καὶ
17434	χαλεπῶς
17435	ἅπαντες
17436	ἔχοντες
17437	,
17438	ὥστε
17439	Νεοπτολέμου
17440	καὶ
17441	Μνησαρχίδου
17442	καὶ
17443	Φιλιππίδου
17444	καί
17445	τινος
17446	τῶν
17447	σφόδρα
17448	τούτων
17449	πλουσίων
17450	δεομένων
17451	καὶ
17452	ἐμοῦ
17453	καὶ
17454	ὑμῶν
17455	,
17456	ἐβοᾶτε
17457	μὴ
17458	ἀφεῖναι
17459	,
17460	καὶ
17461	προσελθόντος
17462	μοι
17463	Βλεπαίου
17464	τοῦ
17465	τραπεζίτου
17466	,
17467	τηλικοῦτ’
17468	ἀνεκράγετε
17469	,
17470	ὡς
17471	,
17472	τοῦτ’
17473	ἐκεῖνο
17474	,
17475	χρήματά
17476	μου
17477	ληψομένου
17478	,
17479	ὥστε
17480	μ’
17481	,
17482	ὦ
17483	ἄνδρες
17484	Ἀθηναῖοι
17485	,
17486	φοβηθέντα
17487	τὸν
17488	ὑμέτερον
17489	θόρυβον
17490	θοἰμάτιον
17491	προέσθαι
17492	καὶ
17493	μικροῦ
17494	γυμνὸν
17495	ἐν
17496	τῷ
17497	χιτωνίσκῳ
17498	γενέσθαι
17499	,
17500	φεύγοντ’
17501	ἐκεῖνον
17502	ἕλκοντά
17503	με
17504	,
17505	καὶ
17506	μετὰ
17507	ταῦτ’
17508	ἀπαντῶντες
17509	ὅπως
17510	ἐπέξει
17511	τῷ
17512	μιαρῷ
17513	καὶ
17514	μὴ
17515	διαλύσει
17516	·
17517	θεάσονταί
17518	σε
17519	τί
17520	ποιήσεις
17521	Ἀθηναῖοι
17522	τοιαῦτα
17523	λέγοντες
17524	·
17525	ἐπειδὴ
17526	κεχειροτόνηται
17527	μὲν
17528	ὕβρις
17529	τὸ
17530	πρᾶγμ’
17531	εἶναι
17532	,
17533	ἐν
17534	ἱερῷ
17535	δ’
17536	οἱ
17537	ταῦτα
17538	κρίνοντες
17539	καθεζόμενοι
17540	διέγνωσαν
17541	,
17542	διέμεινα
17543	δ’
17544	ἐγὼ
17545	καὶ
17546	οὐ
17547	προὔδωκ’
17548	οὔθ’
17549	ὑμᾶς
17550	οὔτ’
17551	ἐμαυτόν
17552	,
17553	τηνικαῦτ’
17554	ἀποψηφιεῖσθ’
17555	ὑμεῖς
17556	.
17557	μηδαμῶς
17558	·
17559	πάντα
17560	γὰρ
17561	τὰ
17562	αἴσχιστ’
17563	ἔνεστιν
17564	ἐν
17565	τῷ
17566	πράγματι
17567	.
17568	εἰμὶ
17569	δ’
17570	οὐ
17571	τούτων
17572	ὑμῖν
17573	ἄξιος
17574	(
17575	πῶς
17576	γάρ
17577	,
17578	ὦ
17579	ἄνδρες
17580	Ἀθηναῖοι
17581	;
17582	)
17583	κρίνων
17584	ἄνθρωπον
17585	καὶ
17586	δοκοῦντα
17587	καὶ
17588	ὄντα
17589	βίαιον
17590	καὶ
17591	ὑβριστήν
17592	,
17593	ἡμαρτηκότ’
17594	ἀσελγῶς
17595	ἐν
17596	πανηγύρει
17597	,
17598	μάρτυρας
17599	τῆς
17600	ὕβρεως
17601	τῆς
17602	ἑαυτοῦ
17603	πεποιημένον
17604	οὐ
17605	μόνον
17606	ὑμᾶς
17607	,
17608	ἀλλὰ
17609	καὶ
17610	τοὺς
17611	ἐπιδημήσαντας
17612	ἅπαντας
17613	τῶν
17614	Ἑλλήνων
17615	.
17616	ἤκουσεν
17617	ὁ
17618	δῆμος
17619	τὰ
17620	πεπραγμένα
17621	τούτῳ
17622	.
17623	τί
17624	οὖν
17625	;
17626	ὑμῖν
17627	καταχειροτονήσας
17628	παρέδωκεν
17629	.
17630	οὐ
17631	τοίνυν
17632	οἷόν
17633	τ’
17634	ἀφανῆ
17635	τὴν
17636	γνῶσιν
17637	ὑμῶν
17638	γενέσθαι
17639	,
17640	οὐ
17641	δὲ
17642	λαθεῖν
17643	,
17644	οὐδ’
17645	ἀνεξέταστον
17646	εἶναι
17647	τί
17648	ποθ’
17649	ὡς
17650	ὑμᾶς
17651	τοῦ
17652	πράγματος
17653	ἐλθόντος
17654	ἔγνωτε
17655	·
17656	ἀλλ’
17657	ἐὰν
17658	μὲν
17659	κολάσητε
17660	,
17661	δόξετε
17662	σώφρονες
17663	εἶναι
17664	καὶ
17665	καλοὶ
17666	κ
17667	ἀγαθοὶ
17668	καὶ
17669	μισοπόνηροι
17670	,
17671	ἂν
17672	δ’
17673	ἀφῆτε
17674	,
17675	ἄλλου
17676	τινὸς
17677	ἡττῆσθαι
17678	.
17679	οὐ
17680	γὰρ
17681	ἐκ
17682	πολιτικῆς
17683	αἰτίας
17684	,
17685	οὐδ’
17686	ὥσπερ
17687	Ἀριστοφῶν
17688	ἀποδοὺς
17689	τοὺς
17690	στεφάνους
17691	ἔλυσε
17692	τὴν
17693	προβολήν
17694	,
17695	ἀλλ’
17696	ἐξ
17697	ὕβρεως
17698	,
17699	ἐκ
17700	τοῦ
17701	μηδὲν
17702	ἂν
17703	ὧν
17704	πεποίηκ’
17705	ἀναλῦσαι
17706	δύνασθαι
17707	κρίνεται
17708	.
17709	πότερ’
17710	οὖν
17711	τούτου
17712	γενομένου
17713	κρεῖττον
17714	αὖθις
17715	ἢ
17716	νυνὶ
17717	κολάσαι
17718	;
17719	ἐγὼ
17720	μὲν
17721	οἶμαι
17722	νῦν
17723	·
17724	κοινὴ
17725	γὰρ
17726	ἡ
17727	κρίσις
17728	,
17729	καὶ
17730	τ
17731	ἀδικήματα
17732	πάντ’
17733	ἐφ’
17734	οἷς
17735	νῦν
17736	κρίνεται
17737	κοινά
17738	.
17739	ἔτι
17740	δ’
17741	οὐκ
17742	ἔμ’
17743	ἔτυπτεν
17744	,
17745	ἄνδρες
17746	Ἀθηναῖοι
17747	,
17748	μόνον
17749	οὗτος
17750	οὐδ’
17751	ὕβριζε
17752	τῇ
17753	διανοίᾳ
17754	τότε
17755	ποιῶν
17756	οἷ’
17757	ἐποίει
17758	,
17759	ἀλλὰ
17760	πάντας
17761	ὅσους
17762	περ
17763	ἂν
17764	οἴηταί
17765	τις
17766	ἧττον
17767	ἐμοῦ
17768	δύνασθαι
17769	δίκην
17770	ὑπὲρ
17771	αὑτῶν
17772	λαβεῖν
17773	.
17774	εἰ
17775	δὲ
17776	μὴ
17777	πάντες
17778	ἐπαίεσθε
17779	μη
17780	δὲ
17781	πάντες
17782	ἐπηρεάζεσθε
17783	χορηγοῦντες
17784	,
17785	ἴστε
17786	δήπου
17787	τοῦθ’
17788	ὅτι
17789	οὐδ’
17790	ἐχορηγεῖθ’
17791	ἅμα
17792	πάντες
17793	,
17794	οὐ
17795	δὲ
17796	δύναιτ’
17797	ἄν
17798	ποθ’
17799	ὑμᾶς
17800	οὐδεὶς
17801	ἅπαντας
17802	μιᾷ
17803	χειρὶ
17804	προπηλακίσαι
17805	.
17806	ἀλλ’
17807	ὅταν
17808	εἷς
17809	ὁ
17810	παθὼν
17811	μὴ
17812	λάβῃ
17813	δίκην
17814	,
17815	τόθ’
17816	ἕκαστον
17817	αὐτὸν
17818	χρὴ
17819	προσδοκᾶν
17820	τὸν
17821	πρῶτον
17822	μετὰ
17823	ταῦτ’
17824	ἀδικησόμενον
17825	γενήσεσθαι
17826	,
17827	καὶ
17828	μὴ
17829	παρορᾶν
17830	τὰ
17831	τοιαῦτα
17832	,
17833	μηδ’
17834	ἐφ’
17835	ἑαυτὸν
17836	ἐλθεῖν
17837	περιμένειν
17838	,
17839	ἀλλ’
17840	ὡς
17841	ἐκ
17842	πλείστου
17843	φυλάττεσθαι
17844	.
17845	μισεῖ
17846	Μειδίας
17847	ἴσως
17848	ἐμέ
17849	,
17850	ὑμῶν
17851	δέ
17852	γ’
17853	ἕκαστον
17854	ἄλλος
17855	τις
17856	.
17857	ἆρ’
17858	οὖν
17859	συγχωρήσαιτ’
17860	ἂν
17861	τοῦτον
17862	,
17863	ὅστις
17864	ἐστὶν
17865	ἕκαστος
17866	ὁ
17867	μισῶν
17868	,
17869	κύριον
17870	γενέσθαι
17871	τοῦ
17872	ταῦθ’
17873	ἅπερ
17874	οὗτος
17875	ἐμὲ
17876	ὑμῶν
17877	ἕκαστον
17878	ποιῆσαι
17879	;
17880	ἐγὼ
17881	μὲν
17882	οὐκ
17883	οἶμαι
17884	.
17885	μὴ
17886	τοίνυν
17887	μηδ’
17888	ἔμ’
17889	,
17890	ὦ
17891	ἄνδρες
17892	Ἀθηναῖοι
17893	,
17894	προῆσθε
17895	τούτῳ
17896	.
17897	ὁρᾶτε
17898	δέ
17899	·
17900	αὐτίκα
17901	δὴ
17902	μάλα
17903	,
17904	ἐπειδὰν
17905	ἀναστῇ
17906	τὸ
17907	δικαστήριον
17908	,
17909	εἷς
17910	ἕκαστος
17911	ὑμῶν
17912	,
17913	ὁ
17914	μὲν
17915	θᾶττον
17916	ἴσως
17917	,
17918	ὁ
17919	δὲ
17920	σχολαίτερον
17921	,
17922	οἴκαδ’
17923	ἄπεισιν
17924	οὐδὲν
17925	φροντίζων
17926	οὐ
17927	δὲ
17928	μεταστρεφόμενος
17929	οὐ
17930	δὲ
17931	φοβούμενος
17932	,
17933	οὔτ’
17934	εἰ
17935	φίλος
17936	οὔτ’
17937	εἰ
17938	μὴ
17939	φίλος
17940	αὑτῷ
17941	συντεύξεταί
17942	τις
17943	,
17944	οὐ
17945	δέ
17946	γ’
17947	εἰ
17948	μέγας
17949	ἢ
17950	μικρός
17951	,
17952	ἰσχυρὸς
17953	ἢ
17954	ἀσθενής
17955	,
17956	οὐ
17957	δὲ
17958	τῶν
17959	τοιούτων
17960	οὐδέν
17961	.
17962	τί
17963	δήποτε
17964	;
17965	ὅτι
17966	τῇ
17967	ψυχῇ
17968	τοῦτ’
17969	οἶδε
17970	καὶ
17971	θαρρεῖ
17972	καὶ
17973	πεπίστευκε
17974	τῇ
17975	πολιτείᾳ
17976	,
17977	μηδέν’
17978	ἕλξειν
17979	μηδ’
17980	ὑβριεῖν
17981	μη
17982	δὲ
17983	τυπτήσειν
17984	.
17985	εἶτ’
17986	ἐφ’
17987	ἧς
17988	ἀδείας
17989	αὐτοὶ
17990	πορεύεσθε
17991	,
17992	ταύτην
17993	οὐ
17994	βεβαιώσαντες
17995	ἐμοὶ
17996	βαδιεῖσθε
17997	;
17998	καὶ
17999	τίνι
18000	χρή
18001	με
18002	λογισμῷ
18003	περιεῖναι
18004	ταῦτα
18005	παθόντα
18006	,
18007	εἰ
18008	περιόψεσθέ
18009	με
18010	νῦν
18011	ὑμεῖς
18012	;
18013	θάρρει
18014	νὴ
18015	Δία
18016	,
18017	φήσειέ
18018	τις
18019	ἄν
18020	·
18021	οὐ
18022	γὰρ
18023	ἔτ’
18024	οὐδὲν
18025	ὑβρισθήσει
18026	.
18027	ἐὰν
18028	δέ
18029	,
18030	τότ’
18031	ὀργιεῖσθε
18032	,
18033	νῦν
18034	ἀφέντες
18035	;
18036	μηδαμῶς
18037	,
18038	ὦ
18039	ἄνδρες
18040	δικασταί
18041	,
18042	μὴ
18043	προδῶτε
18044	μήτ’
18045	ἐμὲ
18046	μήθ’
18047	ὑμᾶς
18048	αὐτοὺς
18049	μή
18050	τε
18051	τοὺς
18052	νόμους
18053	.
18054	καὶ
18055	γὰρ
18056	αὐτὸ
18057	τοῦτ’
18058	εἰ
18059	’θέλοιτε
18060	σκοπεῖν
18061	καὶ
18062	ζητεῖν
18063	,
18064	τῷ
18065	ποτ’
18066	εἰσὶν
18067	ὑμῶν
18068	οἱ
18069	ἀεὶ
18070	δικάζοντες
18071	ἰσχυροὶ
18072	καὶ
18073	κύριοι
18074	τῶν
18075	ἐν
18076	τῇ
18077	πόλει
18078	πάντων
18079	,
18080	ἐάν
18081	τε
18082	διακοσίους
18083	ἐάν
18084	τε
18085	χιλίους
18086	ἐάν
18087	θ’
18088	ὁποσουσοῦν
18089	ἡ
18090	πόλις
18091	καθίσῃ
18092	,
18093	οὔ
18094	τε
18095	τῷ
18096	μεθ’
18097	ὅπλων
18098	εἶναι
18099	συντεταγμένοι
18100	μόνοι
18101	τῶν
18102	ἄλλων
18103	πολιτῶν
18104	,
18105	εὕροιτ’
18106	ἄν
18107	,
18108	οὔ
18109	τε
18110	τῷ
18111	τὰ
18112	σώματ’
18113	ἄριστ’
18114	ἔχειν
18115	καὶ
18116	μάλιστ’
18117	ἰσχύειν
18118	,
18119	οὔ
18120	τε
18121	τῷ
18122	τὴν
18123	ἡλικίαν
18124	εἶναι
18125	νεώτατοι
18126	,
18127	οὔ
18128	τε
18129	τῶν
18130	τοιούτων
18131	οὐδενί
18132	,
18133	ἀλλὰ
18134	τῷ
18135	τοὺς
18136	νόμους
18137	ἰσχύειν
18138	.
18139	ἡ
18140	δὲ
18141	τῶν
18142	νόμων
18143	ἰσχὺς
18144	τίς
18145	ἐστιν
18146	;
18147	ἆρ’
18148	ἐάν
18149	τις
18150	ὑμῶν
18151	ἀδικούμενος
18152	ἀνακράγῃ
18153	,
18154	προσδραμοῦνται
18155	καὶ
18156	παρέσονται
18157	βοηθοῦντες
18158	;
18159	οὔ
18160	·
18161	γράμματα
18162	γὰρ
18163	γεγραμμέν’
18164	ἐστί
18165	,
18166	καὶ
18167	οὐχὶ
18168	δύναιντ’
18169	ἂν
18170	τοῦτο
18171	ποιῆσαι
18172	.
18173	τίς
18174	οὖν
18175	ἡ
18176	δύναμις
18177	αὐτῶν
18178	ἐστιν
18179	;
18180	ὑμεῖς
18181	ἐὰν
18182	βεβαιῶτ’
18183	αὐτοὺς
18184	καὶ
18185	παρέχητε
18186	κυρίους
18187	ἀεὶ
18188	τῷ
18189	δεομένῳ
18190	.
18191	οὐκοῦν
18192	οἱ
18193	νόμοι
18194	θ’
18195	ὑμῖν
18196	εἰσιν
18197	ἰσχυροὶ
18198	καὶ
18199	ὑμεῖς
18200	τοῖς
18201	νόμοις
18202	.
18203	δεῖ
18204	τοίνυν
18205	τούτοις
18206	βοηθεῖν
18207	ὁμοίως
18208	ὥσπερ
18209	ἂν
18210	αὑτῷ
18211	τις
18212	ἀδικουμένῳ
18213	,
18214	καὶ
18215	τὰ
18216	τῶν
18217	νόμων
18218	ἀδικήματα
18219	κοινὰ
18220	νομίζειν
18221	,
18222	ἐφ’
18223	ὅτου
18224	περ
18225	ἂν
18226	λαμβάνηται
18227	,
18228	καὶ
18229	μή
18230	τε
18231	λῃτουργίας
18232	μήτ’
18233	ἔλεον
18234	μήτ’
18235	ἄνδρα
18236	μηδένα
18237	μή
18238	τε
18239	τέχνην
18240	μηδεμίαν
18241	εὑρῆσθαι
18242	,
18243	δι’
18244	ὅτου
18245	παραβάς
18246	τις
18247	τοὺς
18248	νόμους
18249	οὐ
18250	δώσει
18251	δίκην
18252	.
18253	ὑμῶν
18254	οἱ
18255	θεώμενοι
18256	τοῖς
18257	Διονυσίοις
18258	εἰσιόντ’
18259	εἰς
18260	τὸ
18261	θέατρον
18262	τοῦτον
18263	ἐσυρίττετε
18264	καὶ
18265	ἐκλώζετε
18266	,
18267	καὶ
18268	πάνθ’
18269	ἃ
18270	μίσους
18271	ἐστὶ
18272	σημεῖ’
18273	ἐποιεῖτε
18274	,
18275	οὐδὲν
18276	ἀκηκοότες
18277	πω
18278	περὶ
18279	αὐτοῦ
18280	παρ’
18281	ἐμοῦ
18282	.
18283	εἶτα
18284	πρὶν
18285	μὲν
18286	ἐλεγχθῆναι
18287	τὸ
18288	πρᾶγμα
18289	,
18290	ὠργίζεσθε
18291	,
18292	προὐκαλεῖσθ’
18293	ἐπὶ
18294	τιμωρίαν
18295	τὸν
18296	παθόντα
18297	,
18298	ἐκροτεῖθ’
18299	ὅτε
18300	προὐβαλόμην
18301	αὐτὸν
18302	ἐν
18303	τῷ
18304	δήμῳ
18305	·
18306	ἐπειδὴ
18307	δ’
18308	ἐξελήλεγκται
18309	,
18310	καὶ
18311	προκατέγνωκεν
18312	ὁ
18313	δῆμος
18314	τούτου
18315	εἰς
18316	ἱερὸν
18317	καθεζόμενος
18318	,
18319	καὶ
18320	τ
18321	ἄλλα
18322	προσεξήτασται
18323	τὰ
18324	πεπραγμένα
18325	τῷ
18326	μιαρῷ
18327	τούτῳ
18328	,
18329	καὶ
18330	δικάσοντες
18331	εἰλήχατε
18332	,
18333	καὶ
18334	πάντ’
18335	ἐστὶν
18336	ἐν
18337	ὑμῖν
18338	μιᾷ
18339	ψήφῳ
18340	διαπράξασθαι
18341	,
18342	νῦν
18343	ὀκνήσετ’
18344	ἐμοὶ
18345	βοηθῆσαι
18346	,
18347	τῷ
18348	δήμῳ
18349	χαρίσασθαι
18350	,
18351	τοὺς
18352	ἄλλους
18353	σωφρονίσαι
18354	,
18355	μετὰ
18356	πολλῆς
18357	ἀσφαλείας
18358	αὐτοὶ
18359	τὸ
18360	λοιπὸν
18361	διάγειν
18362	,
18363	παράδειγμα
18364	ποιήσαντες
18365	τοῦτον
18366	τοῖς
18367	ἄλλοις
18368	;
18369	πάντων
18370	οὖν
18371	εἵνεκα
18372	τῶν
18373	εἰρημένων
18374	,
18375	καὶ
18376	μάλιστα
18377	τοῦ
18378	θεοῦ
18379	χάριν
18380	περὶ
18381	οὗ
18382	τὴν
18383	ἑορτὴν
18384	ἀσεβῶν
18385	οὗτος
18386	ἑάλωκεν
18387	,
18388	τὴν
18389	ὁσίαν
18390	καὶ
18391	δικαίαν
18392	θέμενοι
18393	ψῆφον
18394	τιμωρήσασθε
18395	τοῦτον
18396	.
