section_ref	token_id
1	1
1	2
1	3
1	4
1	5
1	6
1	7
1	8
1	9
1	10
1	11
1	12
1	13
1	14
1	15
1	16
1	17
1	18
1	19
1	20
1	21
1	22
1	23
1	24
1	25
1	26
1	27
1	28
1	29
1	30
1	31
1	32
1	33
1	34
1	35
1	36
1	37
1	38
1	39
1	40
1	41
1	42
1	43
1	44
1	45
1	46
1	47
1	48
1	49
1	50
1	51
1	52
1	53
1	54
1	55
1	56
1	57
1	58
1	59
1	60
1	61
1	62
1	63
1	64
1	65
1	66
1	67
1	68
1	69
1	70
1	71
1	72
1	73
1	74
1	75
1	76
2	77
2	78
2	79
2	80
2	81
2	82
2	83
2	84
2	85
2	86
2	87
2	88
2	89
2	90
2	91
2	92
2	93
2	94
2	95
2	96
2	97
2	98
2	99
2	100
2	101
2	102
2	103
2	104
2	105
2	106
2	107
2	108
2	109
2	110
2	111
2	112
2	113
2	114
2	115
2	116
2	117
2	118
2	119
2	120
2	121
2	122
2	123
2	124
2	125
2	126
2	127
2	128
2	129
2	130
2	131
2	132
2	133
2	134
2	135
2	136
2	137
2	138
2	139
2	140
2	141
2	142
2	143
2	144
2	145
2	146
2	147
2	148
2	149
2	150
2	151
2	152
2	153
2	154
2	155
2	156
2	157
2	158
2	159
2	160
2	161
2	162
2	163
2	164
2	165
2	166
2	167
2	168
2	169
2	170
2	171
2	172
2	173
2	174
2	175
2	176
2	177
2	178
2	179
2	180
2	181
2	182
2	183
2	184
2	185
2	186
2	187
2	188
2	189
2	190
2	191
2	192
2	193
2	194
2	195
2	196
2	197
2	198
2	199
2	200
3	201
3	202
3	203
3	204
3	205
3	206
3	207
3	208
3	209
3	210
3	211
3	212
3	213
3	214
3	215
3	216
3	217
3	218
3	219
3	220
3	221
3	222
3	223
3	224
3	225
3	226
3	227
3	228
3	229
3	230
3	231
3	232
3	233
3	234
3	235
3	236
3	237
3	238
3	239
3	240
3	241
3	242
3	243
3	244
3	245
3	246
3	247
3	248
3	249
3	250
3	251
3	252
3	253
3	254
3	255
3	256
3	257
3	258
3	259
4	260
4	261
4	262
4	263
4	264
4	265
4	266
4	267
4	268
4	269
4	270
4	271
4	272
4	273
4	274
4	275
4	276
4	277
4	278
4	279
4	280
4	281
4	282
4	283
4	284
4	285
4	286
4	287
4	288
4	289
4	290
4	291
4	292
4	293
4	294
4	295
4	296
4	297
4	298
4	299
4	300
4	301
4	302
4	303
4	304
4	305
4	306
4	307
4	308
4	309
4	310
4	311
4	312
4	313
4	314
4	315
4	316
4	317
4	318
4	319
4	320
4	321
4	322
4	323
4	324
4	325
4	326
4	327
4	328
4	329
4	330
4	331
4	332
4	333
4	334
5	335
5	336
5	337
5	338
5	339
5	340
5	341
5	342
5	343
5	344
5	345
5	346
5	347
5	348
5	349
5	350
5	351
5	352
5	353
5	354
5	355
5	356
5	357
5	358
5	359
5	360
5	361
5	362
5	363
5	364
5	365
5	366
5	367
5	368
5	369
5	370
5	371
5	372
5	373
5	374
5	375
5	376
5	377
5	378
5	379
5	380
5	381
5	382
5	383
5	384
5	385
5	386
5	387
5	388
5	389
5	390
5	391
5	392
5	393
5	394
6	395
6	396
6	397
6	398
6	399
6	400
6	401
6	402
6	403
6	404
6	405
6	406
6	407
6	408
6	409
6	410
6	411
6	412
6	413
6	414
6	415
6	416
6	417
6	418
6	419
6	420
6	421
6	422
6	423
6	424
6	425
6	426
6	427
6	428
6	429
6	430
6	431
6	432
6	433
6	434
6	435
6	436
6	437
6	438
6	439
6	440
6	441
6	442
6	443
6	444
6	445
6	446
6	447
6	448
6	449
7	450
7	451
7	452
7	453
7	454
7	455
7	456
7	457
7	458
7	459
7	460
7	461
7	462
7	463
7	464
7	465
7	466
7	467
7	468
7	469
7	470
7	471
7	472
7	473
7	474
7	475
7	476
7	477
7	478
7	479
7	480
7	481
7	482
7	483
7	484
7	485
7	486
7	487
7	488
7	489
7	490
7	491
7	492
7	493
7	494
7	495
7	496
7	497
7	498
7	499
7	500
7	501
7	502
7	503
7	504
7	505
7	506
7	507
7	508
7	509
7	510
7	511
7	512
7	513
7	514
7	515
7	516
7	517
7	518
7	519
7	520
7	521
7	522
7	523
7	524
7	525
7	526
7	527
7	528
7	529
7	530
7	531
7	532
7	533
7	534
7	535
7	536
7	537
7	538
7	539
7	540
7	541
7	542
7	543
7	544
7	545
8	546
8	547
8	548
8	549
8	550
8	551
8	552
8	553
8	554
8	555
8	556
8	557
8	558
8	559
8	560
8	561
8	562
8	563
8	564
8	565
8	566
8	567
8	568
8	569
8	570
8	571
8	572
8	573
8	574
8	575
8	576
8	577
8	578
8	579
8	580
8	581
8	582
8	583
8	584
8	585
8	586
8	587
8	588
8	589
8	590
8	591
8	592
8	593
8	594
8	595
8	596
8	597
8	598
8	599
8	600
8	601
8	602
8	603
8	604
8	605
8	606
8	607
8	608
8	609
8	610
8	611
8	612
8	613
8	614
8	615
8	616
8	617
8	618
8	619
8	620
8	621
8	622
8	623
8	624
8	625
8	626
8	627
8	628
8	629
8	630
8	631
8	632
8	633
8	634
8	635
8	636
8	637
8	638
8	639
8	640
8	641
8	642
8	643
8	644
8	645
8	646
8	647
8	648
8	649
8	650
8	651
8	652
8	653
8	654
8	655
8	656
8	657
8	658
8	659
8	660
8	661
8	662
8	663
8	664
8	665
8	666
9	667
9	668
9	669
9	670
9	671
9	672
9	673
9	674
9	675
9	676
9	677
9	678
9	679
9	680
9	681
9	682
9	683
9	684
9	685
9	686
9	687
9	688
9	689
9	690
9	691
9	692
9	693
9	694
9	695
9	696
9	697
9	698
9	699
9	700
9	701
9	702
9	703
9	704
9	705
9	706
9	707
9	708
9	709
9	710
9	711
9	712
9	713
9	714
9	715
9	716
9	717
9	718
9	719
9	720
9	721
9	722
9	723
9	724
9	725
9	726
9	727
9	728
9	729
9	730
9	731
9	732
9	733
9	734
9	735
9	736
9	737
9	738
9	739
9	740
9	741
9	742
9	743
9	744
9	745
9	746
9	747
9	748
9	749
9	750
9	751
9	752
9	753
9	754
9	755
9	756
9	757
9	758
9	759
9	760
9	761
9	762
9	763
9	764
9	765
9	766
9	767
9	768
9	769
10	770
10	771
10	772
10	773
10	774
10	775
10	776
10	777
10	778
10	779
10	780
10	781
10	782
10	783
10	784
10	785
10	786
10	787
10	788
10	789
10	790
10	791
10	792
10	793
10	794
10	795
10	796
10	797
10	798
10	799
10	800
10	801
10	802
10	803
10	804
10	805
10	806
10	807
10	808
10	809
10	810
10	811
10	812
10	813
10	814
10	815
10	816
10	817
10	818
10	819
10	820
10	821
10	822
10	823
10	824
10	825
10	826
10	827
10	828
10	829
10	830
10	831
10	832
10	833
10	834
10	835
10	836
10	837
10	838
10	839
10	840
10	841
10	842
10	843
10	844
10	845
10	846
10	847
10	848
10	849
10	850
10	851
10	852
10	853
10	854
10	855
10	856
10	857
10	858
10	859
10	860
10	861
10	862
10	863
10	864
10	865
10	866
10	867
10	868
10	869
10	870
10	871
10	872
10	873
10	874
10	875
10	876
10	877
10	878
10	879
10	880
10	881
10	882
10	883
10	884
10	885
10	886
10	887
10	888
10	889
10	890
10	891
10	892
10	893
10	894
10	895
10	896
10	897
10	898
10	899
10	900
10	901
10	902
10	903
10	904
10	905
10	906
10	907
10	908
10	909
10	910
10	911
10	912
10	913
10	914
10	915
11	916
11	917
11	918
11	919
11	920
11	921
11	922
11	923
11	924
11	925
11	926
11	927
11	928
11	929
11	930
11	931
11	932
11	933
11	934
11	935
11	936
11	937
11	938
11	939
11	940
11	941
11	942
11	943
11	944
11	945
11	946
11	947
11	948
11	949
11	950
11	951
11	952
11	953
11	954
11	955
11	956
11	957
11	958
11	959
11	960
11	961
11	962
11	963
11	964
11	965
11	966
11	967
11	968
11	969
11	970
11	971
11	972
11	973
11	974
11	975
11	976
11	977
11	978
11	979
11	980
11	981
11	982
11	983
11	984
11	985
11	986
11	987
11	988
11	989
11	990
11	991
11	992
11	993
11	994
11	995
11	996
11	997
11	998
11	999
11	1000
11	1001
11	1002
11	1003
11	1004
11	1005
12	1006
12	1007
12	1008
12	1009
12	1010
12	1011
12	1012
12	1013
12	1014
12	1015
12	1016
12	1017
12	1018
12	1019
12	1020
12	1021
12	1022
12	1023
12	1024
12	1025
12	1026
12	1027
12	1028
12	1029
12	1030
12	1031
12	1032
12	1033
12	1034
12	1035
12	1036
12	1037
12	1038
12	1039
12	1040
12	1041
12	1042
12	1043
12	1044
12	1045
12	1046
12	1047
12	1048
12	1049
12	1050
12	1051
12	1052
12	1053
12	1054
12	1055
12	1056
12	1057
12	1058
12	1059
12	1060
12	1061
12	1062
12	1063
12	1064
12	1065
12	1066
12	1067
12	1068
12	1069
12	1070
12	1071
12	1072
12	1073
12	1074
12	1075
12	1076
12	1077
12	1078
12	1079
12	1080
12	1081
12	1082
12	1083
13	1084
13	1085
13	1086
13	1087
13	1088
13	1089
13	1090
13	1091
13	1092
13	1093
13	1094
13	1095
13	1096
13	1097
13	1098
13	1099
13	1100
13	1101
13	1102
13	1103
13	1104
13	1105
13	1106
13	1107
13	1108
13	1109
13	1110
13	1111
13	1112
13	1113
13	1114
13	1115
13	1116
13	1117
13	1118
13	1119
13	1120
13	1121
13	1122
13	1123
13	1124
13	1125
13	1126
13	1127
13	1128
13	1129
13	1130
13	1131
13	1132
13	1133
13	1134
13	1135
13	1136
13	1137
13	1138
13	1139
13	1140
13	1141
13	1142
13	1143
13	1144
13	1145
13	1146
13	1147
13	1148
14	1149
14	1150
14	1151
14	1152
14	1153
14	1154
14	1155
14	1156
14	1157
14	1158
14	1159
14	1160
14	1161
14	1162
14	1163
14	1164
14	1165
14	1166
14	1167
14	1168
14	1169
14	1170
14	1171
14	1172
14	1173
14	1174
14	1175
14	1176
14	1177
14	1178
14	1179
14	1180
14	1181
14	1182
14	1183
14	1184
14	1185
14	1186
14	1187
14	1188
14	1189
14	1190
14	1191
14	1192
14	1193
14	1194
14	1195
14	1196
14	1197
14	1198
14	1199
14	1200
14	1201
14	1202
14	1203
14	1204
14	1205
14	1206
14	1207
14	1208
14	1209
14	1210
14	1211
14	1212
14	1213
14	1214
15	1215
15	1216
15	1217
15	1218
15	1219
15	1220
15	1221
15	1222
15	1223
15	1224
15	1225
15	1226
15	1227
15	1228
15	1229
15	1230
15	1231
15	1232
15	1233
15	1234
15	1235
15	1236
15	1237
15	1238
15	1239
15	1240
15	1241
15	1242
15	1243
15	1244
15	1245
15	1246
15	1247
15	1248
15	1249
15	1250
15	1251
15	1252
15	1253
15	1254
15	1255
15	1256
15	1257
15	1258
15	1259
15	1260
15	1261
15	1262
15	1263
15	1264
15	1265
15	1266
15	1267
15	1268
15	1269
15	1270
15	1271
15	1272
15	1273
15	1274
15	1275
15	1276
15	1277
15	1278
15	1279
15	1280
15	1281
15	1282
15	1283
15	1284
15	1285
15	1286
15	1287
15	1288
15	1289
15	1290
15	1291
15	1292
15	1293
15	1294
15	1295
15	1296
15	1297
15	1298
16	1299
16	1300
16	1301
16	1302
16	1303
16	1304
16	1305
16	1306
16	1307
16	1308
16	1309
16	1310
16	1311
16	1312
16	1313
16	1314
16	1315
16	1316
16	1317
16	1318
16	1319
16	1320
16	1321
16	1322
16	1323
16	1324
16	1325
16	1326
16	1327
16	1328
16	1329
16	1330
16	1331
16	1332
16	1333
16	1334
16	1335
16	1336
16	1337
16	1338
16	1339
16	1340
16	1341
16	1342
16	1343
16	1344
16	1345
16	1346
16	1347
16	1348
16	1349
16	1350
16	1351
16	1352
16	1353
16	1354
16	1355
16	1356
16	1357
16	1358
16	1359
16	1360
16	1361
16	1362
16	1363
16	1364
16	1365
16	1366
16	1367
16	1368
16	1369
16	1370
16	1371
16	1372
16	1373
16	1374
16	1375
16	1376
16	1377
16	1378
16	1379
16	1380
16	1381
16	1382
16	1383
16	1384
16	1385
16	1386
16	1387
16	1388
16	1389
16	1390
16	1391
16	1392
16	1393
16	1394
16	1395
16	1396
16	1397
16	1398
16	1399
16	1400
16	1401
16	1402
16	1403
16	1404
16	1405
16	1406
16	1407
16	1408
16	1409
17	1410
17	1411
17	1412
17	1413
17	1414
17	1415
17	1416
17	1417
17	1418
17	1419
17	1420
17	1421
17	1422
17	1423
17	1424
17	1425
17	1426
17	1427
17	1428
17	1429
17	1430
17	1431
17	1432
17	1433
17	1434
17	1435
17	1436
17	1437
17	1438
17	1439
17	1440
17	1441
17	1442
17	1443
17	1444
17	1445
17	1446
17	1447
17	1448
17	1449
17	1450
17	1451
17	1452
17	1453
17	1454
17	1455
17	1456
17	1457
17	1458
17	1459
17	1460
17	1461
17	1462
17	1463
17	1464
17	1465
17	1466
17	1467
17	1468
17	1469
17	1470
17	1471
17	1472
17	1473
17	1474
17	1475
17	1476
17	1477
17	1478
17	1479
17	1480
17	1481
17	1482
17	1483
17	1484
17	1485
17	1486
17	1487
17	1488
17	1489
17	1490
17	1491
17	1492
17	1493
17	1494
17	1495
17	1496
17	1497
17	1498
17	1499
17	1500
17	1501
17	1502
17	1503
17	1504
17	1505
17	1506
17	1507
17	1508
17	1509
17	1510
17	1511
17	1512
17	1513
17	1514
17	1515
17	1516
17	1517
17	1518
17	1519
17	1520
17	1521
17	1522
17	1523
17	1524
17	1525
17	1526
17	1527
17	1528
17	1529
18	1530
18	1531
18	1532
18	1533
18	1534
18	1535
18	1536
18	1537
18	1538
18	1539
18	1540
18	1541
18	1542
18	1543
18	1544
18	1545
18	1546
18	1547
18	1548
18	1549
18	1550
18	1551
18	1552
18	1553
18	1554
18	1555
18	1556
18	1557
18	1558
18	1559
18	1560
18	1561
18	1562
18	1563
18	1564
18	1565
18	1566
18	1567
18	1568
18	1569
18	1570
18	1571
18	1572
18	1573
18	1574
18	1575
18	1576
18	1577
18	1578
18	1579
18	1580
18	1581
18	1582
18	1583
18	1584
18	1585
18	1586
18	1587
18	1588
18	1589
18	1590
18	1591
18	1592
18	1593
18	1594
18	1595
18	1596
18	1597
18	1598
18	1599
18	1600
18	1601
18	1602
18	1603
18	1604
18	1605
18	1606
18	1607
18	1608
18	1609
18	1610
18	1611
19	1612
19	1613
19	1614
19	1615
19	1616
19	1617
19	1618
19	1619
19	1620
19	1621
19	1622
19	1623
19	1624
19	1625
19	1626
19	1627
19	1628
19	1629
19	1630
19	1631
19	1632
19	1633
19	1634
19	1635
19	1636
19	1637
19	1638
19	1639
19	1640
19	1641
19	1642
19	1643
19	1644
19	1645
19	1646
19	1647
19	1648
19	1649
19	1650
19	1651
19	1652
19	1653
19	1654
19	1655
19	1656
19	1657
19	1658
19	1659
19	1660
19	1661
19	1662
19	1663
19	1664
19	1665
19	1666
19	1667
19	1668
19	1669
19	1670
19	1671
19	1672
19	1673
19	1674
19	1675
19	1676
19	1677
19	1678
19	1679
20	1680
20	1681
20	1682
20	1683
20	1684
20	1685
20	1686
20	1687
20	1688
20	1689
20	1690
20	1691
20	1692
20	1693
20	1694
20	1695
20	1696
20	1697
20	1698
20	1699
20	1700
20	1701
20	1702
20	1703
20	1704
20	1705
20	1706
20	1707
20	1708
20	1709
20	1710
20	1711
20	1712
20	1713
20	1714
20	1715
20	1716
20	1717
20	1718
20	1719
20	1720
20	1721
20	1722
20	1723
20	1724
20	1725
20	1726
20	1727
20	1728
20	1729
20	1730
20	1731
20	1732
20	1733
20	1734
20	1735
20	1736
20	1737
20	1738
20	1739
20	1740
20	1741
20	1742
20	1743
20	1744
20	1745
20	1746
20	1747
20	1748
20	1749
20	1750
20	1751
20	1752
20	1753
20	1754
20	1755
20	1756
20	1757
20	1758
20	1759
20	1760
20	1761
20	1762
20	1763
20	1764
20	1765
20	1766
21	1767
21	1768
21	1769
21	1770
21	1771
21	1772
21	1773
21	1774
21	1775
21	1776
21	1777
21	1778
21	1779
21	1780
21	1781
21	1782
21	1783
21	1784
21	1785
21	1786
21	1787
21	1788
21	1789
21	1790
21	1791
21	1792
21	1793
21	1794
21	1795
21	1796
21	1797
21	1798
21	1799
21	1800
21	1801
21	1802
21	1803
21	1804
21	1805
21	1806
21	1807
21	1808
21	1809
21	1810
21	1811
21	1812
21	1813
21	1814
21	1815
21	1816
21	1817
21	1818
21	1819
21	1820
21	1821
21	1822
21	1823
21	1824
21	1825
21	1826
21	1827
22	1828
22	1829
22	1830
22	1831
22	1832
22	1833
22	1834
22	1835
22	1836
22	1837
22	1838
22	1839
22	1840
22	1841
22	1842
22	1843
22	1844
22	1845
22	1846
22	1847
22	1848
22	1849
22	1850
22	1851
22	1852
22	1853
22	1854
22	1855
22	1856
22	1857
22	1858
22	1859
22	1860
22	1861
22	1862
22	1863
22	1864
22	1865
22	1866
22	1867
22	1868
22	1869
22	1870
22	1871
22	1872
22	1873
22	1874
22	1875
22	1876
22	1877
22	1878
22	1879
22	1880
22	1881
22	1882
22	1883
22	1884
22	1885
22	1886
22	1887
22	1888
22	1889
22	1890
22	1891
22	1892
22	1893
22	1894
22	1895
22	1896
22	1897
22	1898
22	1899
22	1900
22	1901
22	1902
22	1903
22	1904
22	1905
22	1906
22	1907
22	1908
22	1909
22	1910
22	1911
22	1912
22	1913
22	1914
22	1915
22	1916
22	1917
22	1918
22	1919
22	1920
22	1921
22	1922
23	1923
23	1924
23	1925
23	1926
23	1927
23	1928
23	1929
23	1930
23	1931
23	1932
23	1933
23	1934
23	1935
23	1936
23	1937
23	1938
23	1939
23	1940
23	1941
23	1942
23	1943
23	1944
23	1945
23	1946
23	1947
23	1948
23	1949
23	1950
23	1951
23	1952
23	1953
23	1954
23	1955
23	1956
23	1957
23	1958
23	1959
23	1960
23	1961
23	1962
23	1963
23	1964
23	1965
23	1966
23	1967
23	1968
23	1969
23	1970
23	1971
23	1972
24	1973
24	1974
24	1975
24	1976
24	1977
24	1978
24	1979
24	1980
24	1981
24	1982
24	1983
24	1984
24	1985
24	1986
24	1987
24	1988
24	1989
24	1990
24	1991
24	1992
24	1993
24	1994
24	1995
24	1996
24	1997
24	1998
24	1999
24	2000
24	2001
24	2002
24	2003
24	2004
24	2005
24	2006
24	2007
24	2008
24	2009
24	2010
24	2011
24	2012
24	2013
24	2014
24	2015
24	2016
24	2017
24	2018
24	2019
24	2020
24	2021
24	2022
24	2023
24	2024
24	2025
24	2026
24	2027
24	2028
24	2029
24	2030
24	2031
24	2032
24	2033
24	2034
24	2035
24	2036
24	2037
24	2038
24	2039
24	2040
24	2041
24	2042
24	2043
24	2044
25	2045
25	2046
25	2047
25	2048
25	2049
25	2050
25	2051
25	2052
25	2053
25	2054
25	2055
25	2056
25	2057
25	2058
25	2059
25	2060
25	2061
25	2062
25	2063
25	2064
25	2065
25	2066
25	2067
25	2068
25	2069
25	2070
25	2071
25	2072
25	2073
25	2074
25	2075
25	2076
25	2077
25	2078
25	2079
25	2080
25	2081
25	2082
25	2083
25	2084
25	2085
25	2086
25	2087
25	2088
25	2089
25	2090
25	2091
25	2092
25	2093
25	2094
25	2095
25	2096
25	2097
25	2098
25	2099
25	2100
25	2101
25	2102
25	2103
25	2104
25	2105
25	2106
25	2107
25	2108
25	2109
25	2110
25	2111
25	2112
25	2113
25	2114
25	2115
25	2116
25	2117
25	2118
25	2119
25	2120
25	2121
25	2122
25	2123
25	2124
26	2125
26	2126
26	2127
26	2128
26	2129
26	2130
26	2131
26	2132
26	2133
26	2134
26	2135
26	2136
26	2137
26	2138
26	2139
26	2140
26	2141
26	2142
26	2143
26	2144
26	2145
26	2146
26	2147
26	2148
26	2149
26	2150
26	2151
26	2152
26	2153
26	2154
26	2155
26	2156
26	2157
26	2158
26	2159
26	2160
26	2161
26	2162
26	2163
26	2164
26	2165
26	2166
26	2167
26	2168
26	2169
26	2170
26	2171
26	2172
26	2173
26	2174
26	2175
26	2176
26	2177
26	2178
26	2179
26	2180
26	2181
26	2182
26	2183
26	2184
26	2185
26	2186
26	2187
26	2188
26	2189
26	2190
26	2191
26	2192
26	2193
26	2194
26	2195
26	2196
26	2197
26	2198
26	2199
26	2200
26	2201
26	2202
26	2203
26	2204
26	2205
26	2206
26	2207
26	2208
26	2209
26	2210
26	2211
26	2212
26	2213
26	2214
26	2215
26	2216
26	2217
27	2218
27	2219
27	2220
27	2221
27	2222
27	2223
27	2224
27	2225
27	2226
27	2227
27	2228
27	2229
27	2230
27	2231
27	2232
27	2233
27	2234
27	2235
27	2236
27	2237
27	2238
27	2239
27	2240
27	2241
27	2242
27	2243
27	2244
27	2245
27	2246
27	2247
27	2248
27	2249
27	2250
27	2251
27	2252
27	2253
27	2254
27	2255
27	2256
27	2257
27	2258
27	2259
27	2260
27	2261
27	2262
27	2263
27	2264
27	2265
27	2266
27	2267
28	2268
28	2269
28	2270
28	2271
28	2272
28	2273
28	2274
28	2275
28	2276
28	2277
28	2278
28	2279
28	2280
28	2281
28	2282
28	2283
28	2284
28	2285
28	2286
28	2287
28	2288
28	2289
28	2290
28	2291
28	2292
28	2293
28	2294
28	2295
28	2296
28	2297
28	2298
28	2299
28	2300
28	2301
28	2302
28	2303
28	2304
28	2305
28	2306
28	2307
28	2308
28	2309
28	2310
28	2311
28	2312
28	2313
28	2314
28	2315
28	2316
28	2317
28	2318
28	2319
28	2320
28	2321
28	2322
28	2323
28	2324
28	2325
28	2326
28	2327
28	2328
28	2329
28	2330
28	2331
28	2332
28	2333
28	2334
28	2335
28	2336
28	2337
28	2338
28	2339
28	2340
28	2341
28	2342
28	2343
28	2344
28	2345
28	2346
28	2347
28	2348
28	2349
28	2350
28	2351
28	2352
28	2353
28	2354
28	2355
28	2356
28	2357
28	2358
28	2359
28	2360
28	2361
28	2362
28	2363
28	2364
29	2365
29	2366
29	2367
29	2368
29	2369
29	2370
29	2371
29	2372
29	2373
29	2374
29	2375
29	2376
29	2377
29	2378
29	2379
29	2380
29	2381
29	2382
29	2383
29	2384
29	2385
29	2386
29	2387
29	2388
29	2389
29	2390
29	2391
29	2392
29	2393
29	2394
29	2395
29	2396
29	2397
29	2398
29	2399
29	2400
29	2401
29	2402
29	2403
29	2404
29	2405
29	2406
29	2407
29	2408
29	2409
29	2410
29	2411
30	2412
30	2413
30	2414
30	2415
30	2416
30	2417
30	2418
30	2419
30	2420
30	2421
30	2422
30	2423
30	2424
30	2425
30	2426
30	2427
30	2428
30	2429
30	2430
30	2431
30	2432
30	2433
30	2434
30	2435
30	2436
30	2437
30	2438
30	2439
30	2440
30	2441
30	2442
30	2443
30	2444
30	2445
30	2446
30	2447
30	2448
30	2449
30	2450
30	2451
30	2452
30	2453
30	2454
30	2455
30	2456
30	2457
30	2458
30	2459
30	2460
30	2461
30	2462
30	2463
30	2464
30	2465
30	2466
30	2467
30	2468
30	2469
30	2470
30	2471
30	2472
30	2473
30	2474
30	2475
30	2476
30	2477
30	2478
30	2479
30	2480
30	2481
30	2482
30	2483
30	2484
30	2485
30	2486
30	2487
30	2488
30	2489
30	2490
30	2491
30	2492
30	2493
30	2494
30	2495
30	2496
30	2497
30	2498
30	2499
30	2500
30	2501
30	2502
30	2503
30	2504
30	2505
30	2506
30	2507
30	2508
30	2509
30	2510
30	2511
30	2512
30	2513
30	2514
30	2515
30	2516
31	2517
31	2518
31	2519
31	2520
31	2521
31	2522
31	2523
31	2524
31	2525
31	2526
31	2527
31	2528
31	2529
31	2530
31	2531
31	2532
31	2533
31	2534
31	2535
31	2536
31	2537
31	2538
31	2539
31	2540
31	2541
31	2542
31	2543
31	2544
31	2545
31	2546
31	2547
31	2548
31	2549
31	2550
31	2551
31	2552
31	2553
31	2554
31	2555
31	2556
31	2557
31	2558
31	2559
31	2560
31	2561
31	2562
31	2563
31	2564
31	2565
32	2566
32	2567
32	2568
32	2569
32	2570
32	2571
32	2572
32	2573
32	2574
32	2575
32	2576
32	2577
32	2578
32	2579
32	2580
32	2581
32	2582
32	2583
32	2584
32	2585
32	2586
32	2587
32	2588
32	2589
32	2590
32	2591
32	2592
32	2593
32	2594
32	2595
32	2596
32	2597
32	2598
32	2599
32	2600
32	2601
32	2602
32	2603
32	2604
32	2605
32	2606
32	2607
32	2608
32	2609
32	2610
32	2611
32	2612
32	2613
32	2614
32	2615
32	2616
32	2617
32	2618
32	2619
32	2620
32	2621
32	2622
32	2623
32	2624
32	2625
32	2626
32	2627
32	2628
32	2629
32	2630
32	2631
32	2632
32	2633
32	2634
32	2635
32	2636
32	2637
32	2638
32	2639
32	2640
32	2641
32	2642
32	2643
32	2644
33	2645
33	2646
33	2647
33	2648
33	2649
33	2650
33	2651
33	2652
33	2653
33	2654
33	2655
33	2656
33	2657
33	2658
33	2659
33	2660
33	2661
33	2662
33	2663
33	2664
33	2665
33	2666
33	2667
33	2668
33	2669
33	2670
33	2671
33	2672
33	2673
33	2674
33	2675
33	2676
33	2677
33	2678
33	2679
33	2680
33	2681
33	2682
33	2683
33	2684
33	2685
33	2686
33	2687
33	2688
33	2689
33	2690
33	2691
33	2692
33	2693
33	2694
33	2695
33	2696
33	2697
33	2698
33	2699
33	2700
33	2701
33	2702
33	2703
33	2704
33	2705
33	2706
33	2707
33	2708
33	2709
33	2710
33	2711
33	2712
33	2713
33	2714
33	2715
33	2716
33	2717
33	2718
33	2719
33	2720
33	2721
33	2722
33	2723
34	2724
34	2725
34	2726
34	2727
34	2728
34	2729
34	2730
34	2731
34	2732
34	2733
34	2734
34	2735
34	2736
34	2737
34	2738
34	2739
34	2740
34	2741
34	2742
34	2743
34	2744
34	2745
34	2746
34	2747
34	2748
34	2749
34	2750
34	2751
34	2752
34	2753
34	2754
34	2755
34	2756
34	2757
34	2758
34	2759
34	2760
34	2761
34	2762
34	2763
34	2764
34	2765
34	2766
34	2767
34	2768
34	2769
34	2770
34	2771
34	2772
34	2773
34	2774
34	2775
34	2776
34	2777
34	2778
34	2779
34	2780
34	2781
34	2782
34	2783
34	2784
34	2785
34	2786
34	2787
34	2788
34	2789
34	2790
34	2791
34	2792
34	2793
34	2794
34	2795
34	2796
34	2797
34	2798
34	2799
34	2800
34	2801
34	2802
34	2803
35	2804
35	2805
35	2806
35	2807
35	2808
35	2809
35	2810
35	2811
35	2812
35	2813
35	2814
35	2815
35	2816
35	2817
35	2818
35	2819
35	2820
35	2821
35	2822
35	2823
35	2824
35	2825
35	2826
35	2827
35	2828
35	2829
35	2830
35	2831
35	2832
35	2833
35	2834
35	2835
35	2836
35	2837
35	2838
35	2839
35	2840
35	2841
35	2842
35	2843
35	2844
35	2845
35	2846
35	2847
35	2848
35	2849
35	2850
35	2851
35	2852
35	2853
35	2854
35	2855
35	2856
35	2857
35	2858
35	2859
35	2860
35	2861
35	2862
35	2863
35	2864
35	2865
35	2866
35	2867
35	2868
35	2869
35	2870
35	2871
35	2872
35	2873
35	2874
35	2875
35	2876
35	2877
35	2878
35	2879
35	2880
35	2881
35	2882
35	2883
35	2884
35	2885
35	2886
35	2887
35	2888
35	2889
35	2890
35	2891
35	2892
35	2893
35	2894
35	2895
35	2896
35	2897
35	2898
35	2899
35	2900
35	2901
35	2902
36	2903
36	2904
36	2905
36	2906
36	2907
36	2908
36	2909
36	2910
36	2911
36	2912
36	2913
36	2914
36	2915
36	2916
36	2917
36	2918
36	2919
36	2920
36	2921
36	2922
36	2923
36	2924
36	2925
36	2926
36	2927
36	2928
36	2929
36	2930
36	2931
36	2932
36	2933
36	2934
36	2935
36	2936
36	2937
36	2938
36	2939
36	2940
36	2941
36	2942
36	2943
36	2944
36	2945
36	2946
36	2947
36	2948
36	2949
36	2950
36	2951
36	2952
36	2953
36	2954
36	2955
36	2956
36	2957
36	2958
36	2959
36	2960
36	2961
36	2962
36	2963
36	2964
36	2965
36	2966
36	2967
36	2968
36	2969
36	2970
36	2971
36	2972
36	2973
36	2974
36	2975
36	2976
36	2977
36	2978
36	2979
36	2980
36	2981
36	2982
36	2983
36	2984
36	2985
37	2986
37	2987
37	2988
37	2989
37	2990
37	2991
37	2992
37	2993
37	2994
37	2995
37	2996
37	2997
37	2998
37	2999
37	3000
37	3001
37	3002
37	3003
37	3004
37	3005
37	3006
37	3007
37	3008
37	3009
37	3010
37	3011
37	3012
37	3013
37	3014
37	3015
37	3016
37	3017
37	3018
37	3019
37	3020
37	3021
37	3022
37	3023
37	3024
37	3025
37	3026
37	3027
37	3028
37	3029
37	3030
37	3031
37	3032
37	3033
37	3034
37	3035
37	3036
37	3037
37	3038
37	3039
37	3040
37	3041
37	3042
37	3043
37	3044
37	3045
37	3046
37	3047
37	3048
37	3049
37	3050
37	3051
37	3052
37	3053
37	3054
37	3055
37	3056
37	3057
37	3058
37	3059
37	3060
37	3061
37	3062
37	3063
37	3064
37	3065
37	3066
37	3067
37	3068
37	3069
37	3070
38	3071
38	3072
38	3073
38	3074
38	3075
38	3076
38	3077
38	3078
38	3079
38	3080
38	3081
38	3082
38	3083
38	3084
38	3085
38	3086
38	3087
38	3088
38	3089
38	3090
38	3091
38	3092
38	3093
38	3094
38	3095
38	3096
38	3097
38	3098
38	3099
38	3100
38	3101
38	3102
38	3103
38	3104
38	3105
38	3106
38	3107
38	3108
38	3109
38	3110
38	3111
38	3112
38	3113
38	3114
38	3115
38	3116
38	3117
38	3118
38	3119
38	3120
38	3121
38	3122
38	3123
38	3124
38	3125
38	3126
38	3127
38	3128
38	3129
38	3130
38	3131
38	3132
38	3133
38	3134
38	3135
38	3136
38	3137
38	3138
38	3139
38	3140
38	3141
38	3142
38	3143
38	3144
38	3145
38	3146
38	3147
38	3148
38	3149
38	3150
38	3151
38	3152
38	3153
38	3154
38	3155
38	3156
38	3157
38	3158
38	3159
38	3160
38	3161
38	3162
38	3163
38	3164
38	3165
39	3166
39	3167
39	3168
39	3169
39	3170
39	3171
39	3172
39	3173
39	3174
39	3175
39	3176
39	3177
39	3178
39	3179
39	3180
39	3181
39	3182
39	3183
39	3184
39	3185
39	3186
39	3187
39	3188
39	3189
39	3190
39	3191
39	3192
39	3193
39	3194
39	3195
39	3196
39	3197
39	3198
39	3199
39	3200
39	3201
39	3202
39	3203
39	3204
39	3205
39	3206
39	3207
39	3208
39	3209
39	3210
39	3211
39	3212
39	3213
39	3214
39	3215
39	3216
39	3217
39	3218
39	3219
39	3220
39	3221
39	3222
39	3223
39	3224
39	3225
39	3226
39	3227
39	3228
39	3229
39	3230
39	3231
39	3232
39	3233
40	3234
40	3235
40	3236
40	3237
40	3238
40	3239
40	3240
40	3241
40	3242
40	3243
40	3244
40	3245
40	3246
40	3247
40	3248
40	3249
40	3250
40	3251
40	3252
40	3253
40	3254
40	3255
40	3256
40	3257
40	3258
40	3259
40	3260
40	3261
40	3262
40	3263
40	3264
40	3265
40	3266
40	3267
40	3268
40	3269
40	3270
40	3271
40	3272
40	3273
40	3274
40	3275
40	3276
40	3277
40	3278
40	3279
40	3280
40	3281
40	3282
40	3283
40	3284
40	3285
40	3286
40	3287
40	3288
40	3289
40	3290
40	3291
40	3292
40	3293
40	3294
40	3295
40	3296
40	3297
40	3298
40	3299
40	3300
40	3301
40	3302
40	3303
40	3304
40	3305
40	3306
40	3307
40	3308
40	3309
40	3310
40	3311
40	3312
40	3313
40	3314
40	3315
40	3316
40	3317
40	3318
40	3319
41	3320
41	3321
41	3322
41	3323
41	3324
41	3325
41	3326
41	3327
41	3328
41	3329
41	3330
41	3331
41	3332
41	3333
41	3334
41	3335
41	3336
41	3337
41	3338
41	3339
41	3340
41	3341
41	3342
41	3343
41	3344
41	3345
41	3346
41	3347
41	3348
41	3349
41	3350
41	3351
41	3352
41	3353
41	3354
41	3355
41	3356
41	3357
41	3358
41	3359
41	3360
41	3361
41	3362
41	3363
41	3364
41	3365
41	3366
41	3367
41	3368
41	3369
41	3370
41	3371
41	3372
41	3373
41	3374
41	3375
41	3376
41	3377
41	3378
41	3379
41	3380
41	3381
41	3382
41	3383
41	3384
41	3385
41	3386
41	3387
41	3388
41	3389
41	3390
41	3391
41	3392
41	3393
41	3394
41	3395
41	3396
41	3397
41	3398
41	3399
41	3400
41	3401
41	3402
41	3403
41	3404
41	3405
41	3406
41	3407
41	3408
41	3409
41	3410
41	3411
41	3412
41	3413
41	3414
41	3415
41	3416
41	3417
41	3418
41	3419
42	3420
42	3421
42	3422
42	3423
42	3424
42	3425
42	3426
42	3427
42	3428
42	3429
42	3430
42	3431
42	3432
42	3433
42	3434
42	3435
42	3436
42	3437
42	3438
42	3439
42	3440
42	3441
42	3442
42	3443
42	3444
42	3445
42	3446
42	3447
42	3448
42	3449
42	3450
42	3451
42	3452
42	3453
42	3454
42	3455
42	3456
42	3457
42	3458
42	3459
42	3460
42	3461
42	3462
42	3463
42	3464
42	3465
42	3466
43	3467
43	3468
43	3469
43	3470
43	3471
43	3472
43	3473
43	3474
43	3475
43	3476
43	3477
43	3478
43	3479
43	3480
43	3481
43	3482
43	3483
43	3484
43	3485
43	3486
43	3487
43	3488
43	3489
43	3490
43	3491
43	3492
43	3493
43	3494
43	3495
43	3496
43	3497
43	3498
43	3499
43	3500
43	3501
43	3502
43	3503
43	3504
43	3505
43	3506
43	3507
43	3508
43	3509
43	3510
43	3511
43	3512
43	3513
43	3514
43	3515
43	3516
43	3517
43	3518
43	3519
43	3520
43	3521
43	3522
43	3523
43	3524
43	3525
43	3526
43	3527
43	3528
43	3529
43	3530
43	3531
43	3532
43	3533
43	3534
43	3535
43	3536
43	3537
43	3538
43	3539
43	3540
43	3541
43	3542
43	3543
43	3544
43	3545
43	3546
43	3547
43	3548
43	3549
43	3550
43	3551
43	3552
43	3553
43	3554
43	3555
44	3556
44	3557
44	3558
44	3559
44	3560
44	3561
44	3562
44	3563
44	3564
44	3565
44	3566
44	3567
44	3568
44	3569
44	3570
44	3571
44	3572
44	3573
44	3574
44	3575
44	3576
44	3577
44	3578
44	3579
44	3580
44	3581
44	3582
44	3583
44	3584
44	3585
44	3586
44	3587
44	3588
44	3589
44	3590
44	3591
44	3592
44	3593
44	3594
44	3595
44	3596
44	3597
44	3598
44	3599
44	3600
44	3601
44	3602
44	3603
44	3604
44	3605
44	3606
44	3607
44	3608
44	3609
44	3610
44	3611
44	3612
44	3613
44	3614
44	3615
44	3616
44	3617
44	3618
44	3619
44	3620
44	3621
44	3622
44	3623
44	3624
44	3625
44	3626
44	3627
44	3628
44	3629
44	3630
44	3631
44	3632
44	3633
44	3634
44	3635
44	3636
44	3637
44	3638
44	3639
44	3640
44	3641
44	3642
44	3643
44	3644
44	3645
44	3646
44	3647
44	3648
44	3649
44	3650
44	3651
44	3652
44	3653
44	3654
44	3655
44	3656
44	3657
44	3658
44	3659
44	3660
45	3661
45	3662
45	3663
45	3664
45	3665
45	3666
45	3667
45	3668
45	3669
45	3670
45	3671
45	3672
45	3673
45	3674
45	3675
45	3676
45	3677
45	3678
45	3679
45	3680
45	3681
45	3682
45	3683
45	3684
45	3685
45	3686
45	3687
45	3688
45	3689
45	3690
45	3691
45	3692
45	3693
45	3694
45	3695
45	3696
45	3697
45	3698
45	3699
45	3700
45	3701
45	3702
45	3703
45	3704
45	3705
45	3706
45	3707
45	3708
45	3709
45	3710
45	3711
45	3712
45	3713
45	3714
45	3715
45	3716
45	3717
45	3718
45	3719
45	3720
45	3721
45	3722
45	3723
45	3724
45	3725
45	3726
45	3727
45	3728
45	3729
45	3730
45	3731
45	3732
45	3733
45	3734
45	3735
45	3736
45	3737
45	3738
45	3739
45	3740
45	3741
45	3742
45	3743
45	3744
45	3745
45	3746
45	3747
45	3748
45	3749
45	3750
45	3751
45	3752
45	3753
45	3754
45	3755
45	3756
45	3757
45	3758
46	3759
46	3760
46	3761
46	3762
46	3763
46	3764
46	3765
46	3766
46	3767
46	3768
46	3769
46	3770
46	3771
46	3772
46	3773
46	3774
46	3775
46	3776
46	3777
46	3778
46	3779
46	3780
46	3781
46	3782
46	3783
46	3784
46	3785
46	3786
46	3787
46	3788
46	3789
46	3790
46	3791
46	3792
46	3793
46	3794
46	3795
46	3796
46	3797
46	3798
46	3799
46	3800
46	3801
46	3802
46	3803
46	3804
46	3805
46	3806
46	3807
46	3808
46	3809
46	3810
46	3811
46	3812
46	3813
46	3814
46	3815
46	3816
46	3817
46	3818
46	3819
46	3820
46	3821
46	3822
46	3823
46	3824
46	3825
46	3826
46	3827
46	3828
46	3829
46	3830
46	3831
46	3832
46	3833
46	3834
46	3835
46	3836
46	3837
46	3838
46	3839
46	3840
46	3841
46	3842
46	3843
46	3844
46	3845
46	3846
46	3847
46	3848
46	3849
46	3850
46	3851
46	3852
46	3853
46	3854
46	3855
47	3856
47	3857
47	3858
47	3859
47	3860
47	3861
47	3862
47	3863
47	3864
47	3865
47	3866
47	3867
47	3868
47	3869
47	3870
47	3871
47	3872
47	3873
47	3874
47	3875
47	3876
47	3877
47	3878
47	3879
47	3880
47	3881
47	3882
47	3883
47	3884
47	3885
47	3886
47	3887
47	3888
47	3889
47	3890
47	3891
47	3892
47	3893
47	3894
47	3895
47	3896
47	3897
47	3898
47	3899
47	3900
47	3901
47	3902
47	3903
47	3904
47	3905
47	3906
47	3907
47	3908
47	3909
47	3910
47	3911
47	3912
47	3913
47	3914
47	3915
47	3916
47	3917
47	3918
47	3919
47	3920
47	3921
47	3922
47	3923
47	3924
47	3925
47	3926
47	3927
47	3928
47	3929
47	3930
47	3931
47	3932
47	3933
47	3934
47	3935
47	3936
47	3937
47	3938
47	3939
47	3940
47	3941
47	3942
47	3943
47	3944
47	3945
47	3946
47	3947
47	3948
47	3949
47	3950
47	3951
47	3952
47	3953
47	3954
47	3955
47	3956
47	3957
47	3958
47	3959
47	3960
47	3961
47	3962
47	3963
47	3964
47	3965
47	3966
47	3967
47	3968
47	3969
47	3970
47	3971
47	3972
47	3973
47	3974
47	3975
47	3976
47	3977
47	3978
47	3979
47	3980
47	3981
47	3982
47	3983
47	3984
47	3985
47	3986
47	3987
47	3988
47	3989
47	3990
48	3991
48	3992
48	3993
48	3994
48	3995
48	3996
48	3997
48	3998
48	3999
48	4000
48	4001
48	4002
48	4003
48	4004
48	4005
48	4006
48	4007
48	4008
48	4009
48	4010
48	4011
48	4012
48	4013
48	4014
48	4015
48	4016
48	4017
48	4018
48	4019
48	4020
48	4021
48	4022
48	4023
48	4024
48	4025
48	4026
48	4027
48	4028
48	4029
48	4030
48	4031
48	4032
48	4033
48	4034
48	4035
48	4036
48	4037
48	4038
48	4039
48	4040
48	4041
48	4042
48	4043
48	4044
49	4045
49	4046
49	4047
49	4048
49	4049
49	4050
49	4051
49	4052
49	4053
49	4054
49	4055
49	4056
49	4057
49	4058
49	4059
49	4060
49	4061
49	4062
49	4063
49	4064
49	4065
49	4066
49	4067
49	4068
49	4069
49	4070
49	4071
49	4072
49	4073
49	4074
49	4075
49	4076
49	4077
49	4078
49	4079
49	4080
49	4081
49	4082
49	4083
49	4084
49	4085
49	4086
49	4087
49	4088
49	4089
49	4090
49	4091
49	4092
49	4093
49	4094
49	4095
49	4096
49	4097
49	4098
49	4099
49	4100
49	4101
49	4102
49	4103
50	4104
50	4105
50	4106
50	4107
50	4108
50	4109
50	4110
50	4111
50	4112
50	4113
50	4114
50	4115
50	4116
50	4117
50	4118
50	4119
50	4120
50	4121
50	4122
50	4123
50	4124
50	4125
50	4126
50	4127
50	4128
50	4129
50	4130
50	4131
50	4132
50	4133
50	4134
50	4135
50	4136
50	4137
50	4138
50	4139
50	4140
50	4141
50	4142
50	4143
50	4144
50	4145
50	4146
50	4147
50	4148
50	4149
50	4150
50	4151
51	4152
51	4153
51	4154
51	4155
51	4156
51	4157
51	4158
51	4159
51	4160
51	4161
51	4162
51	4163
51	4164
51	4165
51	4166
51	4167
51	4168
51	4169
51	4170
51	4171
51	4172
51	4173
51	4174
51	4175
51	4176
51	4177
51	4178
51	4179
51	4180
51	4181
51	4182
51	4183
51	4184
51	4185
51	4186
51	4187
51	4188
51	4189
51	4190
51	4191
51	4192
51	4193
51	4194
51	4195
51	4196
51	4197
51	4198
51	4199
51	4200
51	4201
51	4202
51	4203
51	4204
51	4205
51	4206
51	4207
51	4208
51	4209
51	4210
51	4211
51	4212
51	4213
51	4214
51	4215
51	4216
51	4217
51	4218
51	4219
51	4220
51	4221
51	4222
51	4223
51	4224
51	4225
51	4226
51	4227
51	4228
51	4229
51	4230
51	4231
51	4232
51	4233
51	4234
51	4235
51	4236
51	4237
51	4238
51	4239
51	4240
51	4241
51	4242
51	4243
51	4244
51	4245
51	4246
51	4247
51	4248
51	4249
51	4250
52	4251
52	4252
52	4253
52	4254
52	4255
52	4256
52	4257
52	4258
52	4259
52	4260
52	4261
52	4262
52	4263
52	4264
52	4265
52	4266
52	4267
52	4268
52	4269
52	4270
52	4271
52	4272
52	4273
52	4274
52	4275
52	4276
52	4277
52	4278
52	4279
52	4280
52	4281
52	4282
52	4283
52	4284
52	4285
52	4286
52	4287
52	4288
52	4289
52	4290
52	4291
52	4292
52	4293
52	4294
52	4295
52	4296
52	4297
52	4298
52	4299
52	4300
52	4301
52	4302
52	4303
52	4304
52	4305
52	4306
52	4307
52	4308
52	4309
52	4310
52	4311
52	4312
52	4313
52	4314
52	4315
52	4316
52	4317
52	4318
52	4319
52	4320
52	4321
52	4322
52	4323
52	4324
52	4325
52	4326
52	4327
52	4328
52	4329
52	4330
52	4331
52	4332
52	4333
52	4334
52	4335
52	4336
52	4337
52	4338
52	4339
52	4340
52	4341
52	4342
52	4343
52	4344
52	4345
53	4346
53	4347
53	4348
53	4349
53	4350
53	4351
53	4352
53	4353
53	4354
53	4355
53	4356
53	4357
53	4358
53	4359
53	4360
53	4361
53	4362
53	4363
53	4364
53	4365
53	4366
53	4367
53	4368
53	4369
53	4370
53	4371
53	4372
53	4373
53	4374
53	4375
53	4376
53	4377
53	4378
53	4379
53	4380
53	4381
53	4382
53	4383
53	4384
53	4385
53	4386
53	4387
53	4388
53	4389
53	4390
53	4391
53	4392
53	4393
53	4394
53	4395
53	4396
53	4397
53	4398
53	4399
53	4400
53	4401
53	4402
53	4403
53	4404
53	4405
53	4406
53	4407
53	4408
53	4409
53	4410
53	4411
53	4412
53	4413
53	4414
53	4415
53	4416
53	4417
53	4418
53	4419
53	4420
53	4421
53	4422
53	4423
53	4424
53	4425
53	4426
53	4427
53	4428
53	4429
53	4430
53	4431
53	4432
53	4433
53	4434
53	4435
53	4436
53	4437
53	4438
53	4439
53	4440
53	4441
53	4442
53	4443
53	4444
54	4445
54	4446
54	4447
54	4448
54	4449
54	4450
54	4451
54	4452
54	4453
54	4454
54	4455
54	4456
54	4457
54	4458
54	4459
54	4460
54	4461
54	4462
54	4463
54	4464
54	4465
54	4466
54	4467
54	4468
54	4469
54	4470
54	4471
54	4472
54	4473
54	4474
54	4475
54	4476
54	4477
54	4478
54	4479
54	4480
54	4481
54	4482
54	4483
54	4484
54	4485
54	4486
54	4487
54	4488
54	4489
54	4490
54	4491
54	4492
54	4493
54	4494
54	4495
54	4496
54	4497
54	4498
54	4499
55	4500
55	4501
55	4502
55	4503
55	4504
55	4505
55	4506
55	4507
55	4508
55	4509
55	4510
55	4511
55	4512
55	4513
55	4514
55	4515
55	4516
55	4517
55	4518
55	4519
55	4520
55	4521
55	4522
55	4523
55	4524
55	4525
55	4526
55	4527
55	4528
55	4529
55	4530
55	4531
55	4532
55	4533
55	4534
55	4535
55	4536
55	4537
55	4538
55	4539
55	4540
55	4541
55	4542
55	4543
55	4544
55	4545
55	4546
55	4547
55	4548
55	4549
55	4550
55	4551
55	4552
55	4553
55	4554
55	4555
55	4556
55	4557
55	4558
55	4559
55	4560
55	4561
55	4562
55	4563
55	4564
55	4565
55	4566
55	4567
55	4568
55	4569
55	4570
55	4571
55	4572
55	4573
55	4574
55	4575
55	4576
55	4577
55	4578
55	4579
55	4580
55	4581
55	4582
55	4583
55	4584
55	4585
56	4586
56	4587
56	4588
56	4589
56	4590
56	4591
56	4592
56	4593
56	4594
56	4595
56	4596
56	4597
56	4598
56	4599
56	4600
56	4601
56	4602
56	4603
56	4604
56	4605
56	4606
56	4607
56	4608
56	4609
56	4610
56	4611
56	4612
56	4613
56	4614
56	4615
56	4616
56	4617
56	4618
56	4619
56	4620
56	4621
56	4622
56	4623
56	4624
56	4625
56	4626
56	4627
56	4628
56	4629
56	4630
56	4631
56	4632
56	4633
56	4634
56	4635
56	4636
56	4637
56	4638
56	4639
56	4640
56	4641
56	4642
56	4643
56	4644
56	4645
56	4646
57	4647
57	4648
57	4649
57	4650
57	4651
57	4652
57	4653
57	4654
57	4655
57	4656
57	4657
57	4658
57	4659
57	4660
57	4661
57	4662
57	4663
57	4664
57	4665
57	4666
57	4667
57	4668
57	4669
57	4670
57	4671
57	4672
57	4673
57	4674
57	4675
57	4676
57	4677
57	4678
57	4679
57	4680
57	4681
57	4682
57	4683
57	4684
57	4685
57	4686
57	4687
57	4688
57	4689
57	4690
57	4691
57	4692
57	4693
57	4694
57	4695
57	4696
57	4697
57	4698
57	4699
57	4700
57	4701
57	4702
57	4703
57	4704
57	4705
58	4706
58	4707
58	4708
58	4709
58	4710
58	4711
58	4712
58	4713
58	4714
58	4715
58	4716
58	4717
58	4718
58	4719
58	4720
58	4721
58	4722
58	4723
58	4724
58	4725
58	4726
58	4727
58	4728
58	4729
58	4730
58	4731
58	4732
58	4733
58	4734
58	4735
58	4736
58	4737
58	4738
58	4739
58	4740
58	4741
58	4742
58	4743
58	4744
58	4745
58	4746
58	4747
58	4748
58	4749
58	4750
58	4751
58	4752
58	4753
58	4754
58	4755
58	4756
58	4757
58	4758
58	4759
58	4760
58	4761
58	4762
58	4763
58	4764
58	4765
58	4766
58	4767
58	4768
58	4769
58	4770
58	4771
58	4772
58	4773
58	4774
58	4775
59	4776
59	4777
59	4778
59	4779
59	4780
59	4781
59	4782
59	4783
59	4784
59	4785
59	4786
59	4787
59	4788
59	4789
59	4790
59	4791
59	4792
59	4793
59	4794
59	4795
59	4796
59	4797
59	4798
59	4799
59	4800
59	4801
59	4802
59	4803
59	4804
59	4805
59	4806
59	4807
59	4808
59	4809
59	4810
59	4811
59	4812
59	4813
59	4814
59	4815
59	4816
59	4817
59	4818
59	4819
59	4820
59	4821
59	4822
59	4823
59	4824
59	4825
59	4826
59	4827
59	4828
59	4829
59	4830
59	4831
59	4832
59	4833
59	4834
59	4835
59	4836
59	4837
59	4838
59	4839
59	4840
59	4841
59	4842
59	4843
59	4844
59	4845
59	4846
59	4847
59	4848
59	4849
59	4850
59	4851
59	4852
59	4853
59	4854
59	4855
59	4856
59	4857
60	4858
60	4859
60	4860
60	4861
60	4862
60	4863
60	4864
60	4865
60	4866
60	4867
60	4868
60	4869
60	4870
60	4871
60	4872
60	4873
60	4874
60	4875
60	4876
60	4877
60	4878
60	4879
60	4880
60	4881
60	4882
60	4883
60	4884
60	4885
60	4886
60	4887
60	4888
60	4889
60	4890
60	4891
60	4892
60	4893
60	4894
60	4895
60	4896
60	4897
60	4898
60	4899
60	4900
60	4901
60	4902
60	4903
60	4904
60	4905
60	4906
60	4907
60	4908
60	4909
60	4910
60	4911
60	4912
60	4913
60	4914
60	4915
60	4916
60	4917
60	4918
60	4919
60	4920
60	4921
60	4922
60	4923
60	4924
60	4925
60	4926
60	4927
60	4928
60	4929
60	4930
60	4931
60	4932
60	4933
60	4934
60	4935
60	4936
60	4937
60	4938
60	4939
60	4940
60	4941
60	4942
60	4943
60	4944
60	4945
60	4946
60	4947
60	4948
60	4949
60	4950
60	4951
60	4952
60	4953
60	4954
60	4955
60	4956
60	4957
60	4958
60	4959
60	4960
60	4961
61	4962
61	4963
61	4964
61	4965
61	4966
61	4967
61	4968
61	4969
61	4970
61	4971
61	4972
61	4973
61	4974
61	4975
61	4976
61	4977
61	4978
61	4979
61	4980
61	4981
61	4982
61	4983
61	4984
61	4985
61	4986
61	4987
61	4988
61	4989
61	4990
61	4991
61	4992
61	4993
61	4994
61	4995
61	4996
61	4997
61	4998
61	4999
61	5000
61	5001
61	5002
61	5003
61	5004
61	5005
61	5006
61	5007
61	5008
61	5009
61	5010
61	5011
61	5012
61	5013
61	5014
61	5015
61	5016
61	5017
61	5018
61	5019
61	5020
61	5021
61	5022
61	5023
61	5024
61	5025
61	5026
61	5027
61	5028
61	5029
61	5030
61	5031
61	5032
61	5033
61	5034
61	5035
61	5036
61	5037
61	5038
61	5039
61	5040
61	5041
61	5042
61	5043
61	5044
61	5045
61	5046
61	5047
61	5048
61	5049
61	5050
61	5051
61	5052
61	5053
61	5054
61	5055
61	5056
61	5057
61	5058
61	5059
61	5060
61	5061
61	5062
61	5063
61	5064
61	5065
61	5066
61	5067
61	5068
61	5069
61	5070
61	5071
61	5072
61	5073
62	5074
62	5075
62	5076
62	5077
62	5078
62	5079
62	5080
62	5081
62	5082
62	5083
62	5084
62	5085
62	5086
62	5087
62	5088
62	5089
62	5090
62	5091
62	5092
62	5093
62	5094
62	5095
62	5096
62	5097
62	5098
62	5099
62	5100
62	5101
62	5102
62	5103
62	5104
62	5105
62	5106
62	5107
62	5108
62	5109
62	5110
62	5111
62	5112
62	5113
62	5114
62	5115
62	5116
62	5117
62	5118
62	5119
62	5120
62	5121
62	5122
62	5123
62	5124
62	5125
62	5126
62	5127
62	5128
62	5129
62	5130
62	5131
62	5132
62	5133
62	5134
62	5135
62	5136
62	5137
62	5138
62	5139
62	5140
62	5141
62	5142
62	5143
62	5144
62	5145
62	5146
62	5147
62	5148
62	5149
62	5150
62	5151
62	5152
62	5153
62	5154
62	5155
62	5156
62	5157
62	5158
62	5159
62	5160
62	5161
62	5162
62	5163
62	5164
62	5165
63	5166
63	5167
63	5168
63	5169
63	5170
63	5171
63	5172
63	5173
63	5174
63	5175
63	5176
63	5177
63	5178
63	5179
63	5180
63	5181
63	5182
63	5183
63	5184
63	5185
63	5186
63	5187
63	5188
63	5189
63	5190
63	5191
63	5192
63	5193
63	5194
63	5195
63	5196
63	5197
63	5198
63	5199
63	5200
63	5201
63	5202
63	5203
63	5204
63	5205
63	5206
63	5207
63	5208
63	5209
63	5210
63	5211
63	5212
63	5213
63	5214
63	5215
63	5216
63	5217
63	5218
63	5219
63	5220
63	5221
63	5222
63	5223
63	5224
63	5225
63	5226
63	5227
63	5228
63	5229
63	5230
63	5231
63	5232
63	5233
63	5234
63	5235
63	5236
63	5237
63	5238
63	5239
63	5240
64	5241
64	5242
64	5243
64	5244
64	5245
64	5246
64	5247
64	5248
64	5249
64	5250
64	5251
64	5252
64	5253
64	5254
64	5255
64	5256
64	5257
64	5258
64	5259
64	5260
64	5261
64	5262
64	5263
64	5264
64	5265
64	5266
64	5267
64	5268
64	5269
64	5270
64	5271
64	5272
64	5273
64	5274
64	5275
64	5276
64	5277
64	5278
64	5279
64	5280
64	5281
64	5282
64	5283
64	5284
64	5285
64	5286
64	5287
64	5288
64	5289
64	5290
65	5291
65	5292
65	5293
65	5294
65	5295
65	5296
65	5297
65	5298
65	5299
65	5300
65	5301
65	5302
65	5303
65	5304
65	5305
65	5306
65	5307
65	5308
65	5309
65	5310
65	5311
65	5312
65	5313
65	5314
65	5315
65	5316
65	5317
65	5318
65	5319
65	5320
65	5321
65	5322
65	5323
65	5324
65	5325
65	5326
65	5327
65	5328
65	5329
65	5330
65	5331
65	5332
65	5333
65	5334
65	5335
65	5336
65	5337
65	5338
65	5339
65	5340
65	5341
65	5342
65	5343
65	5344
65	5345
65	5346
65	5347
65	5348
65	5349
65	5350
65	5351
65	5352
65	5353
65	5354
65	5355
65	5356
65	5357
65	5358
65	5359
65	5360
65	5361
65	5362
65	5363
66	5364
66	5365
66	5366
66	5367
66	5368
66	5369
66	5370
66	5371
66	5372
66	5373
66	5374
66	5375
66	5376
66	5377
66	5378
66	5379
66	5380
66	5381
66	5382
66	5383
66	5384
66	5385
66	5386
66	5387
66	5388
66	5389
66	5390
66	5391
66	5392
66	5393
66	5394
66	5395
66	5396
66	5397
66	5398
66	5399
66	5400
66	5401
66	5402
66	5403
66	5404
66	5405
66	5406
66	5407
66	5408
66	5409
66	5410
66	5411
66	5412
66	5413
66	5414
66	5415
66	5416
66	5417
66	5418
66	5419
66	5420
66	5421
66	5422
66	5423
66	5424
66	5425
66	5426
66	5427
66	5428
66	5429
66	5430
66	5431
66	5432
66	5433
66	5434
66	5435
66	5436
66	5437
66	5438
66	5439
66	5440
66	5441
66	5442
66	5443
66	5444
66	5445
66	5446
66	5447
66	5448
66	5449
66	5450
66	5451
66	5452
66	5453
66	5454
66	5455
66	5456
66	5457
66	5458
66	5459
66	5460
66	5461
66	5462
66	5463
66	5464
66	5465
66	5466
66	5467
66	5468
66	5469
66	5470
66	5471
66	5472
66	5473
66	5474
66	5475
66	5476
66	5477
66	5478
66	5479
66	5480
66	5481
66	5482
67	5483
67	5484
67	5485
67	5486
67	5487
67	5488
67	5489
67	5490
67	5491
67	5492
67	5493
67	5494
67	5495
67	5496
67	5497
67	5498
67	5499
67	5500
67	5501
67	5502
67	5503
67	5504
67	5505
67	5506
67	5507
67	5508
67	5509
67	5510
67	5511
67	5512
67	5513
67	5514
67	5515
67	5516
67	5517
67	5518
67	5519
67	5520
67	5521
67	5522
67	5523
67	5524
67	5525
67	5526
67	5527
67	5528
67	5529
67	5530
67	5531
67	5532
67	5533
67	5534
67	5535
67	5536
67	5537
67	5538
67	5539
67	5540
67	5541
67	5542
67	5543
67	5544
67	5545
67	5546
67	5547
67	5548
67	5549
67	5550
67	5551
67	5552
67	5553
67	5554
67	5555
67	5556
67	5557
67	5558
67	5559
67	5560
67	5561
67	5562
67	5563
67	5564
67	5565
67	5566
67	5567
67	5568
67	5569
67	5570
67	5571
67	5572
67	5573
67	5574
67	5575
68	5576
68	5577
68	5578
68	5579
68	5580
68	5581
68	5582
68	5583
68	5584
68	5585
68	5586
68	5587
68	5588
68	5589
68	5590
68	5591
68	5592
68	5593
68	5594
68	5595
68	5596
68	5597
68	5598
68	5599
68	5600
68	5601
68	5602
68	5603
68	5604
68	5605
68	5606
68	5607
68	5608
68	5609
68	5610
68	5611
68	5612
68	5613
68	5614
68	5615
68	5616
68	5617
68	5618
68	5619
68	5620
68	5621
68	5622
68	5623
68	5624
68	5625
68	5626
68	5627
68	5628
68	5629
68	5630
68	5631
69	5632
69	5633
69	5634
69	5635
69	5636
69	5637
69	5638
69	5639
69	5640
69	5641
69	5642
69	5643
69	5644
69	5645
69	5646
69	5647
69	5648
69	5649
69	5650
69	5651
69	5652
69	5653
69	5654
69	5655
69	5656
69	5657
69	5658
69	5659
69	5660
69	5661
69	5662
69	5663
69	5664
69	5665
69	5666
69	5667
69	5668
69	5669
69	5670
69	5671
69	5672
69	5673
69	5674
69	5675
69	5676
69	5677
69	5678
69	5679
69	5680
69	5681
69	5682
69	5683
69	5684
69	5685
69	5686
69	5687
69	5688
69	5689
69	5690
69	5691
69	5692
69	5693
69	5694
69	5695
69	5696
69	5697
69	5698
69	5699
69	5700
69	5701
69	5702
69	5703
69	5704
69	5705
69	5706
69	5707
69	5708
69	5709
70	5710
70	5711
70	5712
70	5713
70	5714
70	5715
70	5716
70	5717
70	5718
70	5719
70	5720
70	5721
70	5722
70	5723
70	5724
70	5725
70	5726
70	5727
70	5728
70	5729
70	5730
70	5731
70	5732
70	5733
70	5734
70	5735
70	5736
70	5737
70	5738
70	5739
70	5740
70	5741
70	5742
70	5743
70	5744
70	5745
70	5746
70	5747
70	5748
70	5749
70	5750
70	5751
70	5752
70	5753
70	5754
70	5755
70	5756
70	5757
70	5758
70	5759
70	5760
70	5761
70	5762
70	5763
70	5764
70	5765
70	5766
70	5767
70	5768
70	5769
70	5770
70	5771
70	5772
70	5773
70	5774
70	5775
70	5776
71	5777
71	5778
71	5779
71	5780
71	5781
71	5782
71	5783
71	5784
71	5785
71	5786
71	5787
71	5788
71	5789
71	5790
71	5791
71	5792
71	5793
71	5794
71	5795
71	5796
71	5797
71	5798
71	5799
71	5800
71	5801
71	5802
71	5803
71	5804
71	5805
71	5806
71	5807
71	5808
71	5809
71	5810
71	5811
71	5812
71	5813
71	5814
71	5815
71	5816
71	5817
71	5818
71	5819
71	5820
71	5821
71	5822
71	5823
71	5824
71	5825
71	5826
71	5827
71	5828
71	5829
71	5830
71	5831
71	5832
71	5833
71	5834
71	5835
71	5836
71	5837
71	5838
71	5839
71	5840
71	5841
71	5842
71	5843
71	5844
71	5845
71	5846
71	5847
71	5848
71	5849
71	5850
71	5851
71	5852
71	5853
71	5854
71	5855
71	5856
71	5857
71	5858
71	5859
71	5860
71	5861
71	5862
71	5863
71	5864
71	5865
71	5866
71	5867
71	5868
71	5869
71	5870
71	5871
71	5872
71	5873
71	5874
71	5875
71	5876
71	5877
71	5878
71	5879
71	5880
71	5881
71	5882
71	5883
71	5884
71	5885
71	5886
71	5887
71	5888
71	5889
72	5890
72	5891
72	5892
72	5893
72	5894
72	5895
72	5896
72	5897
72	5898
72	5899
72	5900
72	5901
72	5902
72	5903
72	5904
72	5905
72	5906
72	5907
72	5908
72	5909
72	5910
72	5911
72	5912
72	5913
72	5914
72	5915
72	5916
72	5917
72	5918
72	5919
72	5920
72	5921
72	5922
72	5923
72	5924
72	5925
72	5926
72	5927
72	5928
72	5929
72	5930
72	5931
72	5932
72	5933
72	5934
72	5935
72	5936
72	5937
72	5938
72	5939
72	5940
72	5941
72	5942
72	5943
72	5944
72	5945
72	5946
72	5947
72	5948
72	5949
72	5950
72	5951
72	5952
72	5953
72	5954
72	5955
72	5956
72	5957
72	5958
72	5959
72	5960
72	5961
72	5962
72	5963
72	5964
72	5965
72	5966
72	5967
72	5968
72	5969
72	5970
72	5971
72	5972
72	5973
72	5974
72	5975
72	5976
72	5977
72	5978
72	5979
72	5980
72	5981
72	5982
72	5983
72	5984
72	5985
72	5986
72	5987
72	5988
72	5989
72	5990
72	5991
72	5992
72	5993
72	5994
72	5995
72	5996
72	5997
72	5998
72	5999
72	6000
72	6001
72	6002
72	6003
72	6004
72	6005
72	6006
72	6007
72	6008
72	6009
72	6010
72	6011
73	6012
73	6013
73	6014
73	6015
73	6016
73	6017
73	6018
73	6019
73	6020
73	6021
73	6022
73	6023
73	6024
73	6025
73	6026
73	6027
73	6028
73	6029
73	6030
73	6031
73	6032
73	6033
73	6034
73	6035
73	6036
73	6037
73	6038
73	6039
73	6040
73	6041
73	6042
73	6043
73	6044
73	6045
73	6046
73	6047
73	6048
73	6049
73	6050
73	6051
73	6052
73	6053
73	6054
73	6055
73	6056
73	6057
73	6058
73	6059
73	6060
73	6061
73	6062
73	6063
73	6064
73	6065
73	6066
73	6067
73	6068
73	6069
73	6070
73	6071
73	6072
73	6073
73	6074
73	6075
73	6076
73	6077
73	6078
73	6079
73	6080
73	6081
73	6082
73	6083
73	6084
73	6085
73	6086
73	6087
73	6088
73	6089
73	6090
73	6091
73	6092
73	6093
73	6094
73	6095
73	6096
73	6097
73	6098
73	6099
73	6100
73	6101
73	6102
74	6103
74	6104
74	6105
74	6106
74	6107
74	6108
74	6109
74	6110
74	6111
74	6112
74	6113
74	6114
74	6115
74	6116
74	6117
74	6118
74	6119
74	6120
74	6121
74	6122
74	6123
74	6124
74	6125
74	6126
74	6127
74	6128
74	6129
74	6130
74	6131
74	6132
74	6133
74	6134
74	6135
74	6136
74	6137
74	6138
74	6139
74	6140
74	6141
74	6142
74	6143
74	6144
74	6145
74	6146
74	6147
74	6148
74	6149
74	6150
74	6151
74	6152
74	6153
74	6154
74	6155
74	6156
74	6157
74	6158
74	6159
74	6160
74	6161
74	6162
74	6163
74	6164
74	6165
74	6166
74	6167
74	6168
74	6169
74	6170
74	6171
74	6172
74	6173
74	6174
74	6175
74	6176
74	6177
74	6178
74	6179
74	6180
75	6181
75	6182
75	6183
75	6184
75	6185
75	6186
75	6187
75	6188
75	6189
75	6190
75	6191
75	6192
75	6193
75	6194
75	6195
75	6196
75	6197
75	6198
75	6199
75	6200
75	6201
75	6202
75	6203
75	6204
75	6205
75	6206
75	6207
75	6208
75	6209
75	6210
75	6211
75	6212
75	6213
75	6214
75	6215
75	6216
75	6217
75	6218
75	6219
75	6220
75	6221
75	6222
75	6223
75	6224
75	6225
75	6226
75	6227
75	6228
75	6229
75	6230
75	6231
75	6232
75	6233
75	6234
75	6235
75	6236
75	6237
75	6238
75	6239
75	6240
75	6241
75	6242
75	6243
75	6244
75	6245
75	6246
75	6247
75	6248
75	6249
75	6250
75	6251
75	6252
75	6253
75	6254
75	6255
75	6256
75	6257
75	6258
75	6259
75	6260
75	6261
75	6262
75	6263
75	6264
75	6265
75	6266
75	6267
76	6268
76	6269
76	6270
76	6271
76	6272
76	6273
76	6274
76	6275
76	6276
76	6277
76	6278
76	6279
76	6280
76	6281
76	6282
76	6283
76	6284
76	6285
76	6286
76	6287
76	6288
76	6289
76	6290
76	6291
76	6292
76	6293
76	6294
76	6295
76	6296
76	6297
76	6298
76	6299
76	6300
76	6301
76	6302
76	6303
76	6304
76	6305
76	6306
76	6307
76	6308
76	6309
76	6310
76	6311
76	6312
76	6313
76	6314
76	6315
76	6316
76	6317
76	6318
76	6319
76	6320
76	6321
76	6322
76	6323
76	6324
76	6325
76	6326
76	6327
76	6328
76	6329
76	6330
76	6331
76	6332
76	6333
76	6334
76	6335
76	6336
76	6337
76	6338
76	6339
76	6340
76	6341
76	6342
76	6343
77	6344
77	6345
77	6346
77	6347
77	6348
77	6349
77	6350
77	6351
77	6352
77	6353
77	6354
77	6355
77	6356
77	6357
77	6358
77	6359
77	6360
77	6361
77	6362
77	6363
77	6364
77	6365
77	6366
77	6367
77	6368
77	6369
77	6370
77	6371
77	6372
77	6373
77	6374
77	6375
77	6376
77	6377
77	6378
77	6379
77	6380
77	6381
77	6382
77	6383
77	6384
77	6385
77	6386
77	6387
77	6388
77	6389
77	6390
77	6391
77	6392
77	6393
77	6394
77	6395
77	6396
77	6397
77	6398
77	6399
77	6400
77	6401
77	6402
77	6403
77	6404
77	6405
77	6406
77	6407
77	6408
77	6409
77	6410
77	6411
77	6412
77	6413
77	6414
77	6415
77	6416
77	6417
77	6418
77	6419
77	6420
78	6421
78	6422
78	6423
78	6424
78	6425
78	6426
78	6427
78	6428
78	6429
78	6430
78	6431
78	6432
78	6433
78	6434
78	6435
78	6436
78	6437
78	6438
78	6439
78	6440
78	6441
78	6442
78	6443
78	6444
78	6445
78	6446
78	6447
78	6448
78	6449
78	6450
78	6451
78	6452
78	6453
78	6454
78	6455
78	6456
78	6457
78	6458
78	6459
78	6460
78	6461
78	6462
78	6463
78	6464
78	6465
78	6466
78	6467
78	6468
78	6469
78	6470
78	6471
78	6472
78	6473
78	6474
78	6475
78	6476
78	6477
78	6478
78	6479
78	6480
78	6481
78	6482
78	6483
78	6484
78	6485
78	6486
78	6487
78	6488
78	6489
78	6490
78	6491
78	6492
78	6493
78	6494
78	6495
79	6496
79	6497
79	6498
79	6499
79	6500
79	6501
79	6502
79	6503
79	6504
79	6505
79	6506
79	6507
79	6508
79	6509
79	6510
79	6511
79	6512
79	6513
79	6514
79	6515
79	6516
79	6517
79	6518
79	6519
79	6520
79	6521
79	6522
79	6523
79	6524
79	6525
79	6526
79	6527
79	6528
79	6529
79	6530
79	6531
79	6532
79	6533
79	6534
79	6535
79	6536
79	6537
79	6538
79	6539
79	6540
79	6541
79	6542
79	6543
79	6544
79	6545
79	6546
79	6547
79	6548
79	6549
79	6550
79	6551
79	6552
79	6553
79	6554
79	6555
79	6556
79	6557
79	6558
79	6559
79	6560
79	6561
79	6562
79	6563
79	6564
79	6565
79	6566
79	6567
79	6568
79	6569
79	6570
79	6571
79	6572
79	6573
79	6574
79	6575
79	6576
79	6577
79	6578
79	6579
79	6580
79	6581
79	6582
79	6583
79	6584
80	6585
80	6586
80	6587
80	6588
80	6589
80	6590
80	6591
80	6592
80	6593
80	6594
80	6595
80	6596
80	6597
80	6598
80	6599
80	6600
80	6601
80	6602
80	6603
80	6604
80	6605
80	6606
80	6607
80	6608
80	6609
80	6610
80	6611
80	6612
80	6613
80	6614
80	6615
80	6616
80	6617
80	6618
80	6619
80	6620
80	6621
80	6622
80	6623
80	6624
80	6625
80	6626
80	6627
80	6628
80	6629
80	6630
80	6631
80	6632
80	6633
80	6634
80	6635
80	6636
80	6637
80	6638
80	6639
80	6640
80	6641
80	6642
80	6643
80	6644
80	6645
80	6646
80	6647
80	6648
80	6649
80	6650
80	6651
80	6652
80	6653
80	6654
80	6655
80	6656
80	6657
80	6658
80	6659
80	6660
80	6661
80	6662
80	6663
80	6664
80	6665
80	6666
81	6667
81	6668
81	6669
81	6670
81	6671
81	6672
81	6673
81	6674
81	6675
81	6676
81	6677
81	6678
81	6679
81	6680
81	6681
81	6682
81	6683
81	6684
81	6685
81	6686
81	6687
81	6688
81	6689
81	6690
81	6691
81	6692
81	6693
81	6694
81	6695
81	6696
81	6697
81	6698
81	6699
81	6700
81	6701
81	6702
81	6703
81	6704
81	6705
81	6706
81	6707
81	6708
81	6709
81	6710
81	6711
81	6712
81	6713
81	6714
81	6715
81	6716
81	6717
81	6718
81	6719
81	6720
81	6721
81	6722
81	6723
81	6724
81	6725
81	6726
81	6727
81	6728
81	6729
81	6730
81	6731
81	6732
81	6733
81	6734
81	6735
81	6736
81	6737
81	6738
81	6739
81	6740
81	6741
81	6742
81	6743
81	6744
81	6745
81	6746
81	6747
81	6748
81	6749
81	6750
81	6751
82	6752
82	6753
82	6754
82	6755
82	6756
82	6757
82	6758
82	6759
82	6760
82	6761
82	6762
82	6763
82	6764
82	6765
82	6766
82	6767
82	6768
82	6769
82	6770
82	6771
82	6772
82	6773
82	6774
82	6775
82	6776
82	6777
82	6778
82	6779
82	6780
82	6781
82	6782
82	6783
82	6784
82	6785
82	6786
82	6787
82	6788
82	6789
82	6790
82	6791
82	6792
82	6793
82	6794
82	6795
82	6796
82	6797
82	6798
82	6799
82	6800
82	6801
82	6802
82	6803
82	6804
82	6805
82	6806
82	6807
82	6808
82	6809
82	6810
82	6811
82	6812
82	6813
82	6814
82	6815
82	6816
82	6817
82	6818
82	6819
82	6820
82	6821
82	6822
82	6823
82	6824
82	6825
82	6826
82	6827
82	6828
82	6829
82	6830
82	6831
82	6832
82	6833
83	6834
83	6835
83	6836
83	6837
83	6838
83	6839
83	6840
83	6841
83	6842
83	6843
83	6844
83	6845
83	6846
83	6847
83	6848
83	6849
83	6850
83	6851
83	6852
83	6853
83	6854
83	6855
83	6856
83	6857
83	6858
83	6859
83	6860
83	6861
83	6862
83	6863
83	6864
83	6865
83	6866
83	6867
83	6868
83	6869
83	6870
83	6871
83	6872
83	6873
83	6874
83	6875
83	6876
83	6877
83	6878
83	6879
83	6880
83	6881
83	6882
83	6883
83	6884
83	6885
83	6886
83	6887
83	6888
83	6889
83	6890
83	6891
83	6892
83	6893
83	6894
83	6895
83	6896
83	6897
83	6898
83	6899
83	6900
83	6901
83	6902
83	6903
83	6904
83	6905
83	6906
84	6907
84	6908
84	6909
84	6910
84	6911
84	6912
84	6913
84	6914
84	6915
84	6916
84	6917
84	6918
84	6919
84	6920
84	6921
84	6922
84	6923
84	6924
84	6925
84	6926
84	6927
84	6928
84	6929
84	6930
84	6931
84	6932
84	6933
84	6934
84	6935
84	6936
84	6937
84	6938
84	6939
84	6940
84	6941
84	6942
84	6943
84	6944
84	6945
84	6946
84	6947
84	6948
84	6949
84	6950
84	6951
84	6952
84	6953
84	6954
84	6955
84	6956
84	6957
84	6958
84	6959
84	6960
84	6961
84	6962
84	6963
84	6964
84	6965
84	6966
84	6967
84	6968
84	6969
84	6970
84	6971
84	6972
84	6973
85	6974
85	6975
85	6976
85	6977
85	6978
85	6979
85	6980
85	6981
85	6982
85	6983
85	6984
85	6985
85	6986
85	6987
85	6988
85	6989
85	6990
85	6991
85	6992
85	6993
85	6994
85	6995
85	6996
85	6997
85	6998
85	6999
85	7000
85	7001
85	7002
85	7003
85	7004
85	7005
85	7006
85	7007
85	7008
85	7009
85	7010
85	7011
85	7012
85	7013
85	7014
85	7015
85	7016
85	7017
85	7018
85	7019
85	7020
85	7021
85	7022
85	7023
85	7024
85	7025
85	7026
85	7027
85	7028
85	7029
85	7030
85	7031
85	7032
85	7033
85	7034
85	7035
85	7036
85	7037
85	7038
86	7039
86	7040
86	7041
86	7042
86	7043
86	7044
86	7045
86	7046
86	7047
86	7048
86	7049
86	7050
86	7051
86	7052
86	7053
86	7054
86	7055
86	7056
86	7057
86	7058
86	7059
86	7060
86	7061
86	7062
86	7063
86	7064
86	7065
86	7066
86	7067
86	7068
86	7069
86	7070
86	7071
86	7072
86	7073
86	7074
86	7075
86	7076
86	7077
86	7078
86	7079
86	7080
86	7081
86	7082
86	7083
86	7084
86	7085
86	7086
86	7087
86	7088
86	7089
86	7090
86	7091
86	7092
86	7093
86	7094
86	7095
86	7096
86	7097
86	7098
86	7099
86	7100
86	7101
86	7102
86	7103
86	7104
86	7105
86	7106
86	7107
87	7108
87	7109
87	7110
87	7111
87	7112
87	7113
87	7114
87	7115
87	7116
87	7117
87	7118
87	7119
87	7120
87	7121
87	7122
87	7123
87	7124
87	7125
87	7126
87	7127
87	7128
87	7129
87	7130
87	7131
87	7132
87	7133
87	7134
87	7135
87	7136
87	7137
87	7138
87	7139
87	7140
87	7141
87	7142
87	7143
87	7144
87	7145
87	7146
87	7147
87	7148
87	7149
87	7150
87	7151
87	7152
87	7153
87	7154
87	7155
87	7156
87	7157
87	7158
87	7159
87	7160
87	7161
87	7162
87	7163
87	7164
87	7165
87	7166
87	7167
87	7168
87	7169
87	7170
87	7171
87	7172
87	7173
87	7174
87	7175
87	7176
87	7177
87	7178
87	7179
87	7180
87	7181
87	7182
87	7183
87	7184
87	7185
88	7186
88	7187
88	7188
88	7189
88	7190
88	7191
88	7192
88	7193
88	7194
88	7195
88	7196
88	7197
88	7198
88	7199
88	7200
88	7201
88	7202
88	7203
88	7204
88	7205
88	7206
88	7207
88	7208
88	7209
88	7210
88	7211
88	7212
88	7213
88	7214
88	7215
88	7216
88	7217
88	7218
88	7219
88	7220
88	7221
88	7222
88	7223
88	7224
88	7225
88	7226
88	7227
88	7228
88	7229
88	7230
88	7231
88	7232
88	7233
88	7234
88	7235
88	7236
88	7237
88	7238
88	7239
88	7240
88	7241
88	7242
88	7243
88	7244
88	7245
88	7246
88	7247
88	7248
88	7249
88	7250
88	7251
88	7252
88	7253
88	7254
88	7255
88	7256
88	7257
88	7258
88	7259
88	7260
88	7261
88	7262
88	7263
88	7264
88	7265
88	7266
88	7267
88	7268
88	7269
88	7270
88	7271
88	7272
89	7273
89	7274
89	7275
89	7276
89	7277
89	7278
89	7279
89	7280
89	7281
89	7282
89	7283
89	7284
89	7285
89	7286
89	7287
89	7288
89	7289
89	7290
89	7291
89	7292
89	7293
89	7294
89	7295
89	7296
89	7297
89	7298
89	7299
89	7300
89	7301
89	7302
89	7303
89	7304
89	7305
89	7306
89	7307
89	7308
89	7309
89	7310
89	7311
89	7312
89	7313
89	7314
89	7315
89	7316
89	7317
89	7318
89	7319
89	7320
89	7321
90	7322
90	7323
90	7324
90	7325
90	7326
90	7327
90	7328
90	7329
90	7330
90	7331
90	7332
90	7333
90	7334
90	7335
90	7336
90	7337
90	7338
90	7339
90	7340
90	7341
90	7342
90	7343
90	7344
90	7345
90	7346
90	7347
90	7348
90	7349
90	7350
90	7351
90	7352
90	7353
90	7354
90	7355
90	7356
90	7357
90	7358
90	7359
90	7360
90	7361
90	7362
90	7363
90	7364
90	7365
90	7366
90	7367
90	7368
90	7369
90	7370
90	7371
90	7372
90	7373
90	7374
90	7375
90	7376
90	7377
90	7378
90	7379
90	7380
90	7381
90	7382
90	7383
90	7384
90	7385
90	7386
90	7387
90	7388
90	7389
90	7390
90	7391
90	7392
90	7393
90	7394
90	7395
90	7396
90	7397
90	7398
90	7399
90	7400
90	7401
90	7402
90	7403
90	7404
90	7405
90	7406
90	7407
90	7408
90	7409
90	7410
91	7411
91	7412
91	7413
91	7414
91	7415
91	7416
91	7417
91	7418
91	7419
91	7420
91	7421
91	7422
91	7423
91	7424
91	7425
91	7426
91	7427
91	7428
91	7429
91	7430
91	7431
91	7432
91	7433
91	7434
91	7435
91	7436
91	7437
91	7438
91	7439
91	7440
91	7441
91	7442
91	7443
91	7444
91	7445
91	7446
91	7447
91	7448
91	7449
91	7450
91	7451
91	7452
91	7453
91	7454
91	7455
91	7456
91	7457
91	7458
91	7459
91	7460
91	7461
91	7462
91	7463
91	7464
91	7465
91	7466
91	7467
91	7468
91	7469
91	7470
91	7471
91	7472
91	7473
91	7474
91	7475
91	7476
91	7477
91	7478
91	7479
91	7480
91	7481
91	7482
91	7483
91	7484
91	7485
91	7486
91	7487
91	7488
91	7489
92	7490
92	7491
92	7492
92	7493
92	7494
92	7495
92	7496
92	7497
92	7498
92	7499
92	7500
92	7501
92	7502
92	7503
92	7504
92	7505
92	7506
92	7507
92	7508
92	7509
92	7510
92	7511
92	7512
92	7513
92	7514
92	7515
92	7516
92	7517
92	7518
92	7519
92	7520
92	7521
92	7522
92	7523
92	7524
92	7525
92	7526
92	7527
92	7528
92	7529
92	7530
92	7531
92	7532
92	7533
92	7534
92	7535
92	7536
92	7537
92	7538
92	7539
92	7540
92	7541
92	7542
92	7543
92	7544
92	7545
92	7546
92	7547
92	7548
92	7549
92	7550
92	7551
92	7552
92	7553
92	7554
92	7555
92	7556
92	7557
92	7558
92	7559
92	7560
92	7561
92	7562
92	7563
92	7564
92	7565
92	7566
92	7567
92	7568
92	7569
92	7570
92	7571
92	7572
92	7573
92	7574
93	7575
93	7576
93	7577
93	7578
93	7579
93	7580
93	7581
93	7582
93	7583
93	7584
93	7585
93	7586
93	7587
93	7588
93	7589
93	7590
93	7591
93	7592
93	7593
93	7594
93	7595
93	7596
93	7597
93	7598
93	7599
93	7600
93	7601
93	7602
93	7603
93	7604
93	7605
93	7606
93	7607
93	7608
93	7609
93	7610
93	7611
93	7612
93	7613
93	7614
93	7615
93	7616
93	7617
93	7618
93	7619
93	7620
93	7621
93	7622
93	7623
93	7624
93	7625
93	7626
93	7627
93	7628
93	7629
93	7630
93	7631
93	7632
93	7633
93	7634
93	7635
93	7636
93	7637
93	7638
93	7639
93	7640
93	7641
93	7642
93	7643
93	7644
93	7645
93	7646
93	7647
93	7648
93	7649
93	7650
93	7651
93	7652
93	7653
93	7654
93	7655
93	7656
93	7657
93	7658
93	7659
93	7660
93	7661
93	7662
93	7663
93	7664
93	7665
93	7666
93	7667
93	7668
93	7669
93	7670
93	7671
93	7672
93	7673
93	7674
93	7675
93	7676
93	7677
93	7678
93	7679
93	7680
93	7681
93	7682
93	7683
93	7684
93	7685
93	7686
93	7687
93	7688
93	7689
93	7690
93	7691
93	7692
93	7693
93	7694
93	7695
93	7696
93	7697
93	7698
93	7699
93	7700
93	7701
93	7702
93	7703
93	7704
93	7705
94	7706
94	7707
94	7708
94	7709
94	7710
94	7711
94	7712
94	7713
94	7714
94	7715
94	7716
94	7717
94	7718
94	7719
94	7720
94	7721
94	7722
94	7723
94	7724
94	7725
94	7726
94	7727
94	7728
94	7729
94	7730
94	7731
94	7732
94	7733
94	7734
94	7735
94	7736
94	7737
94	7738
94	7739
94	7740
94	7741
94	7742
94	7743
94	7744
94	7745
94	7746
94	7747
94	7748
94	7749
94	7750
94	7751
94	7752
94	7753
94	7754
94	7755
94	7756
94	7757
94	7758
94	7759
94	7760
94	7761
94	7762
94	7763
94	7764
94	7765
94	7766
94	7767
94	7768
94	7769
94	7770
95	7771
95	7772
95	7773
95	7774
95	7775
95	7776
95	7777
95	7778
95	7779
95	7780
95	7781
95	7782
95	7783
95	7784
95	7785
95	7786
95	7787
95	7788
95	7789
95	7790
95	7791
95	7792
95	7793
95	7794
95	7795
95	7796
95	7797
95	7798
95	7799
95	7800
95	7801
95	7802
95	7803
95	7804
95	7805
95	7806
95	7807
95	7808
95	7809
95	7810
95	7811
95	7812
95	7813
95	7814
95	7815
95	7816
95	7817
95	7818
95	7819
95	7820
95	7821
95	7822
95	7823
95	7824
95	7825
95	7826
95	7827
95	7828
95	7829
95	7830
95	7831
95	7832
95	7833
95	7834
95	7835
95	7836
95	7837
95	7838
95	7839
95	7840
95	7841
95	7842
95	7843
95	7844
95	7845
95	7846
95	7847
95	7848
95	7849
95	7850
95	7851
95	7852
95	7853
95	7854
95	7855
95	7856
96	7857
96	7858
96	7859
96	7860
96	7861
96	7862
96	7863
96	7864
96	7865
96	7866
96	7867
96	7868
96	7869
96	7870
96	7871
96	7872
96	7873
96	7874
96	7875
96	7876
96	7877
96	7878
96	7879
96	7880
96	7881
96	7882
96	7883
96	7884
96	7885
96	7886
96	7887
96	7888
96	7889
96	7890
96	7891
96	7892
96	7893
96	7894
96	7895
96	7896
96	7897
96	7898
96	7899
96	7900
96	7901
96	7902
96	7903
96	7904
96	7905
96	7906
96	7907
96	7908
96	7909
96	7910
96	7911
96	7912
96	7913
96	7914
96	7915
96	7916
96	7917
96	7918
96	7919
96	7920
96	7921
96	7922
96	7923
96	7924
96	7925
96	7926
96	7927
96	7928
96	7929
96	7930
96	7931
96	7932
96	7933
96	7934
96	7935
96	7936
96	7937
96	7938
96	7939
96	7940
96	7941
96	7942
97	7943
97	7944
97	7945
97	7946
97	7947
97	7948
97	7949
97	7950
97	7951
97	7952
97	7953
97	7954
97	7955
97	7956
97	7957
97	7958
97	7959
97	7960
97	7961
97	7962
97	7963
97	7964
97	7965
97	7966
97	7967
97	7968
97	7969
97	7970
97	7971
97	7972
97	7973
97	7974
97	7975
97	7976
97	7977
97	7978
97	7979
97	7980
97	7981
97	7982
97	7983
97	7984
97	7985
97	7986
97	7987
97	7988
97	7989
97	7990
97	7991
97	7992
97	7993
98	7994
98	7995
98	7996
98	7997
98	7998
98	7999
98	8000
98	8001
98	8002
98	8003
98	8004
98	8005
98	8006
98	8007
98	8008
98	8009
98	8010
98	8011
98	8012
98	8013
98	8014
98	8015
98	8016
98	8017
98	8018
98	8019
98	8020
98	8021
98	8022
98	8023
98	8024
98	8025
98	8026
98	8027
98	8028
98	8029
98	8030
98	8031
98	8032
98	8033
98	8034
98	8035
98	8036
98	8037
98	8038
98	8039
98	8040
98	8041
98	8042
98	8043
98	8044
98	8045
98	8046
98	8047
98	8048
98	8049
98	8050
98	8051
98	8052
98	8053
98	8054
98	8055
98	8056
98	8057
98	8058
98	8059
98	8060
98	8061
98	8062
98	8063
98	8064
98	8065
98	8066
98	8067
98	8068
98	8069
98	8070
98	8071
98	8072
98	8073
98	8074
98	8075
98	8076
98	8077
98	8078
98	8079
98	8080
98	8081
98	8082
98	8083
98	8084
98	8085
98	8086
98	8087
98	8088
98	8089
98	8090
98	8091
98	8092
98	8093
98	8094
98	8095
98	8096
98	8097
98	8098
98	8099
98	8100
98	8101
99	8102
99	8103
99	8104
99	8105
99	8106
99	8107
99	8108
99	8109
99	8110
99	8111
99	8112
99	8113
99	8114
99	8115
99	8116
99	8117
99	8118
99	8119
99	8120
99	8121
99	8122
99	8123
99	8124
99	8125
99	8126
99	8127
99	8128
99	8129
99	8130
99	8131
99	8132
99	8133
99	8134
99	8135
99	8136
99	8137
99	8138
99	8139
99	8140
99	8141
99	8142
99	8143
99	8144
99	8145
99	8146
99	8147
99	8148
99	8149
99	8150
99	8151
99	8152
99	8153
99	8154
99	8155
99	8156
99	8157
99	8158
99	8159
99	8160
99	8161
99	8162
99	8163
99	8164
99	8165
99	8166
99	8167
99	8168
99	8169
99	8170
99	8171
99	8172
99	8173
99	8174
99	8175
99	8176
99	8177
99	8178
99	8179
99	8180
99	8181
99	8182
99	8183
99	8184
99	8185
99	8186
99	8187
99	8188
99	8189
99	8190
99	8191
99	8192
99	8193
99	8194
99	8195
99	8196
99	8197
99	8198
99	8199
99	8200
99	8201
99	8202
99	8203
99	8204
100	8205
100	8206
100	8207
100	8208
100	8209
100	8210
100	8211
100	8212
100	8213
100	8214
100	8215
100	8216
100	8217
100	8218
100	8219
100	8220
100	8221
100	8222
100	8223
100	8224
100	8225
100	8226
100	8227
100	8228
100	8229
100	8230
100	8231
100	8232
100	8233
100	8234
100	8235
100	8236
100	8237
100	8238
100	8239
100	8240
100	8241
100	8242
100	8243
100	8244
100	8245
100	8246
100	8247
100	8248
100	8249
100	8250
100	8251
100	8252
100	8253
100	8254
100	8255
100	8256
100	8257
100	8258
100	8259
100	8260
100	8261
101	8262
101	8263
101	8264
101	8265
101	8266
101	8267
101	8268
101	8269
101	8270
101	8271
101	8272
101	8273
101	8274
101	8275
101	8276
101	8277
101	8278
101	8279
101	8280
101	8281
101	8282
101	8283
101	8284
101	8285
101	8286
101	8287
101	8288
101	8289
101	8290
101	8291
101	8292
101	8293
101	8294
101	8295
101	8296
101	8297
101	8298
101	8299
101	8300
101	8301
101	8302
101	8303
101	8304
101	8305
101	8306
101	8307
101	8308
101	8309
101	8310
101	8311
101	8312
101	8313
101	8314
101	8315
101	8316
101	8317
101	8318
101	8319
101	8320
101	8321
101	8322
101	8323
101	8324
101	8325
101	8326
101	8327
101	8328
101	8329
101	8330
101	8331
101	8332
101	8333
101	8334
101	8335
101	8336
101	8337
101	8338
101	8339
101	8340
101	8341
101	8342
101	8343
101	8344
101	8345
102	8346
102	8347
102	8348
102	8349
102	8350
102	8351
102	8352
102	8353
102	8354
102	8355
102	8356
102	8357
102	8358
102	8359
102	8360
102	8361
102	8362
102	8363
102	8364
102	8365
102	8366
102	8367
102	8368
102	8369
102	8370
102	8371
102	8372
102	8373
102	8374
102	8375
102	8376
102	8377
102	8378
102	8379
102	8380
102	8381
102	8382
102	8383
102	8384
102	8385
102	8386
102	8387
102	8388
102	8389
102	8390
102	8391
102	8392
102	8393
102	8394
102	8395
102	8396
102	8397
102	8398
102	8399
102	8400
102	8401
102	8402
102	8403
102	8404
102	8405
102	8406
102	8407
103	8408
103	8409
103	8410
103	8411
103	8412
103	8413
103	8414
103	8415
103	8416
103	8417
103	8418
103	8419
103	8420
103	8421
103	8422
103	8423
103	8424
103	8425
103	8426
103	8427
103	8428
103	8429
103	8430
103	8431
103	8432
103	8433
103	8434
103	8435
103	8436
103	8437
103	8438
103	8439
103	8440
103	8441
103	8442
103	8443
103	8444
103	8445
103	8446
103	8447
103	8448
103	8449
103	8450
103	8451
103	8452
103	8453
103	8454
103	8455
103	8456
103	8457
103	8458
103	8459
103	8460
103	8461
103	8462
103	8463
103	8464
103	8465
103	8466
103	8467
103	8468
103	8469
103	8470
103	8471
103	8472
103	8473
103	8474
103	8475
103	8476
103	8477
103	8478
103	8479
103	8480
103	8481
103	8482
103	8483
103	8484
103	8485
103	8486
103	8487
103	8488
103	8489
103	8490
103	8491
103	8492
103	8493
103	8494
103	8495
103	8496
103	8497
103	8498
103	8499
103	8500
103	8501
103	8502
103	8503
103	8504
103	8505
104	8506
104	8507
104	8508
104	8509
104	8510
104	8511
104	8512
104	8513
104	8514
104	8515
104	8516
104	8517
104	8518
104	8519
104	8520
104	8521
104	8522
104	8523
104	8524
104	8525
104	8526
104	8527
104	8528
104	8529
104	8530
104	8531
104	8532
104	8533
104	8534
104	8535
104	8536
104	8537
104	8538
104	8539
104	8540
104	8541
104	8542
104	8543
104	8544
104	8545
104	8546
104	8547
104	8548
104	8549
104	8550
104	8551
104	8552
104	8553
104	8554
104	8555
104	8556
104	8557
104	8558
104	8559
104	8560
104	8561
104	8562
104	8563
104	8564
104	8565
104	8566
104	8567
104	8568
104	8569
104	8570
104	8571
104	8572
104	8573
104	8574
104	8575
104	8576
104	8577
104	8578
104	8579
104	8580
104	8581
104	8582
104	8583
104	8584
104	8585
104	8586
104	8587
104	8588
104	8589
104	8590
104	8591
104	8592
104	8593
104	8594
104	8595
104	8596
104	8597
104	8598
104	8599
104	8600
104	8601
104	8602
104	8603
104	8604
104	8605
104	8606
104	8607
104	8608
104	8609
104	8610
104	8611
104	8612
104	8613
104	8614
104	8615
104	8616
104	8617
104	8618
104	8619
104	8620
104	8621
104	8622
105	8623
105	8624
105	8625
105	8626
105	8627
105	8628
105	8629
105	8630
105	8631
105	8632
105	8633
105	8634
105	8635
105	8636
105	8637
105	8638
105	8639
105	8640
105	8641
105	8642
105	8643
105	8644
105	8645
105	8646
105	8647
105	8648
105	8649
105	8650
105	8651
105	8652
105	8653
105	8654
105	8655
105	8656
105	8657
105	8658
105	8659
105	8660
105	8661
105	8662
105	8663
105	8664
105	8665
105	8666
105	8667
105	8668
105	8669
105	8670
105	8671
105	8672
105	8673
105	8674
105	8675
105	8676
105	8677
105	8678
105	8679
105	8680
105	8681
105	8682
105	8683
105	8684
105	8685
105	8686
105	8687
105	8688
105	8689
105	8690
105	8691
105	8692
105	8693
105	8694
105	8695
105	8696
105	8697
105	8698
105	8699
105	8700
105	8701
105	8702
105	8703
105	8704
105	8705
105	8706
105	8707
105	8708
105	8709
105	8710
105	8711
106	8712
106	8713
106	8714
106	8715
106	8716
106	8717
106	8718
106	8719
106	8720
106	8721
106	8722
106	8723
106	8724
106	8725
106	8726
106	8727
106	8728
106	8729
106	8730
106	8731
106	8732
106	8733
106	8734
106	8735
106	8736
106	8737
106	8738
106	8739
106	8740
106	8741
106	8742
106	8743
106	8744
106	8745
106	8746
106	8747
106	8748
106	8749
106	8750
106	8751
106	8752
106	8753
106	8754
106	8755
106	8756
106	8757
106	8758
106	8759
106	8760
106	8761
106	8762
106	8763
106	8764
106	8765
106	8766
106	8767
106	8768
106	8769
106	8770
106	8771
106	8772
106	8773
106	8774
106	8775
106	8776
106	8777
106	8778
106	8779
106	8780
106	8781
106	8782
106	8783
106	8784
106	8785
106	8786
106	8787
106	8788
106	8789
106	8790
106	8791
106	8792
106	8793
106	8794
106	8795
106	8796
106	8797
106	8798
106	8799
106	8800
106	8801
106	8802
106	8803
106	8804
106	8805
106	8806
106	8807
106	8808
106	8809
106	8810
106	8811
106	8812
106	8813
106	8814
106	8815
106	8816
106	8817
106	8818
106	8819
106	8820
106	8821
106	8822
106	8823
106	8824
106	8825
106	8826
106	8827
106	8828
106	8829
106	8830
106	8831
107	8832
107	8833
107	8834
107	8835
107	8836
107	8837
107	8838
107	8839
107	8840
107	8841
107	8842
107	8843
107	8844
107	8845
107	8846
107	8847
107	8848
107	8849
107	8850
107	8851
107	8852
107	8853
107	8854
107	8855
107	8856
107	8857
107	8858
107	8859
107	8860
107	8861
107	8862
107	8863
107	8864
107	8865
107	8866
107	8867
107	8868
107	8869
107	8870
107	8871
107	8872
107	8873
107	8874
107	8875
107	8876
107	8877
107	8878
107	8879
107	8880
107	8881
107	8882
107	8883
107	8884
107	8885
107	8886
107	8887
107	8888
107	8889
107	8890
107	8891
107	8892
107	8893
107	8894
107	8895
107	8896
107	8897
107	8898
107	8899
107	8900
107	8901
107	8902
107	8903
107	8904
107	8905
107	8906
107	8907
107	8908
107	8909
107	8910
107	8911
107	8912
107	8913
107	8914
107	8915
108	8916
108	8917
108	8918
108	8919
108	8920
108	8921
108	8922
108	8923
108	8924
108	8925
108	8926
108	8927
108	8928
108	8929
108	8930
108	8931
108	8932
108	8933
108	8934
108	8935
108	8936
108	8937
108	8938
108	8939
108	8940
108	8941
108	8942
108	8943
108	8944
108	8945
108	8946
108	8947
108	8948
108	8949
108	8950
108	8951
108	8952
108	8953
108	8954
108	8955
108	8956
108	8957
108	8958
108	8959
108	8960
108	8961
108	8962
108	8963
108	8964
108	8965
108	8966
108	8967
108	8968
108	8969
108	8970
108	8971
108	8972
108	8973
108	8974
108	8975
108	8976
108	8977
108	8978
108	8979
108	8980
108	8981
108	8982
108	8983
108	8984
108	8985
108	8986
108	8987
108	8988
108	8989
108	8990
108	8991
108	8992
108	8993
108	8994
108	8995
108	8996
108	8997
108	8998
108	8999
108	9000
108	9001
108	9002
108	9003
108	9004
108	9005
108	9006
108	9007
109	9008
109	9009
109	9010
109	9011
109	9012
109	9013
109	9014
109	9015
109	9016
109	9017
109	9018
109	9019
109	9020
109	9021
109	9022
109	9023
109	9024
109	9025
109	9026
109	9027
109	9028
109	9029
109	9030
109	9031
109	9032
109	9033
109	9034
109	9035
109	9036
109	9037
109	9038
109	9039
109	9040
109	9041
109	9042
109	9043
109	9044
109	9045
109	9046
109	9047
109	9048
109	9049
109	9050
109	9051
109	9052
109	9053
109	9054
109	9055
109	9056
109	9057
109	9058
109	9059
109	9060
109	9061
109	9062
109	9063
109	9064
109	9065
109	9066
109	9067
109	9068
109	9069
109	9070
109	9071
109	9072
109	9073
109	9074
109	9075
109	9076
109	9077
109	9078
109	9079
109	9080
109	9081
109	9082
109	9083
109	9084
109	9085
110	9086
110	9087
110	9088
110	9089
110	9090
110	9091
110	9092
110	9093
110	9094
110	9095
110	9096
110	9097
110	9098
110	9099
110	9100
110	9101
110	9102
110	9103
110	9104
110	9105
110	9106
110	9107
110	9108
110	9109
110	9110
110	9111
110	9112
110	9113
110	9114
110	9115
110	9116
110	9117
110	9118
110	9119
110	9120
110	9121
110	9122
110	9123
110	9124
110	9125
110	9126
110	9127
110	9128
110	9129
110	9130
110	9131
110	9132
110	9133
110	9134
110	9135
110	9136
110	9137
110	9138
110	9139
110	9140
110	9141
110	9142
110	9143
110	9144
110	9145
110	9146
110	9147
110	9148
110	9149
110	9150
110	9151
110	9152
110	9153
110	9154
110	9155
110	9156
110	9157
110	9158
110	9159
110	9160
110	9161
110	9162
110	9163
110	9164
110	9165
110	9166
110	9167
111	9168
111	9169
111	9170
111	9171
111	9172
111	9173
111	9174
111	9175
111	9176
111	9177
111	9178
111	9179
111	9180
111	9181
111	9182
111	9183
111	9184
111	9185
111	9186
111	9187
111	9188
111	9189
111	9190
111	9191
111	9192
111	9193
111	9194
111	9195
111	9196
111	9197
111	9198
111	9199
111	9200
111	9201
111	9202
111	9203
111	9204
111	9205
111	9206
111	9207
111	9208
111	9209
111	9210
111	9211
111	9212
111	9213
111	9214
111	9215
111	9216
111	9217
111	9218
111	9219
111	9220
111	9221
111	9222
111	9223
111	9224
111	9225
111	9226
111	9227
111	9228
111	9229
111	9230
111	9231
111	9232
111	9233
111	9234
111	9235
111	9236
111	9237
111	9238
112	9239
112	9240
112	9241
112	9242
112	9243
112	9244
112	9245
112	9246
112	9247
112	9248
112	9249
112	9250
112	9251
112	9252
112	9253
112	9254
112	9255
112	9256
112	9257
112	9258
112	9259
112	9260
112	9261
112	9262
112	9263
112	9264
112	9265
112	9266
112	9267
112	9268
112	9269
112	9270
112	9271
112	9272
112	9273
112	9274
112	9275
112	9276
112	9277
112	9278
112	9279
112	9280
112	9281
112	9282
112	9283
112	9284
112	9285
112	9286
112	9287
112	9288
112	9289
112	9290
112	9291
112	9292
112	9293
112	9294
112	9295
112	9296
112	9297
112	9298
112	9299
112	9300
112	9301
112	9302
112	9303
112	9304
112	9305
112	9306
112	9307
112	9308
112	9309
112	9310
112	9311
112	9312
112	9313
112	9314
112	9315
112	9316
112	9317
112	9318
112	9319
112	9320
112	9321
112	9322
112	9323
112	9324
112	9325
112	9326
112	9327
112	9328
112	9329
112	9330
112	9331
112	9332
112	9333
112	9334
112	9335
112	9336
112	9337
113	9338
113	9339
113	9340
113	9341
113	9342
113	9343
113	9344
113	9345
113	9346
113	9347
113	9348
113	9349
113	9350
113	9351
113	9352
113	9353
113	9354
113	9355
113	9356
113	9357
113	9358
113	9359
113	9360
113	9361
113	9362
113	9363
113	9364
113	9365
113	9366
113	9367
113	9368
113	9369
113	9370
113	9371
113	9372
113	9373
113	9374
113	9375
113	9376
113	9377
113	9378
113	9379
113	9380
113	9381
113	9382
113	9383
113	9384
113	9385
113	9386
113	9387
113	9388
113	9389
113	9390
113	9391
113	9392
113	9393
113	9394
113	9395
113	9396
113	9397
113	9398
113	9399
113	9400
113	9401
114	9402
114	9403
114	9404
114	9405
114	9406
114	9407
114	9408
114	9409
114	9410
114	9411
114	9412
114	9413
114	9414
114	9415
114	9416
114	9417
114	9418
114	9419
114	9420
114	9421
114	9422
114	9423
114	9424
114	9425
114	9426
114	9427
114	9428
114	9429
114	9430
114	9431
114	9432
114	9433
114	9434
114	9435
114	9436
114	9437
114	9438
114	9439
114	9440
114	9441
114	9442
114	9443
114	9444
114	9445
114	9446
114	9447
114	9448
114	9449
114	9450
114	9451
114	9452
114	9453
114	9454
114	9455
114	9456
114	9457
114	9458
114	9459
114	9460
114	9461
114	9462
114	9463
114	9464
114	9465
115	9466
115	9467
115	9468
115	9469
115	9470
115	9471
115	9472
115	9473
115	9474
115	9475
115	9476
115	9477
115	9478
115	9479
115	9480
115	9481
115	9482
115	9483
115	9484
115	9485
115	9486
115	9487
115	9488
115	9489
115	9490
115	9491
115	9492
115	9493
115	9494
115	9495
115	9496
115	9497
115	9498
115	9499
115	9500
115	9501
115	9502
115	9503
115	9504
115	9505
115	9506
115	9507
115	9508
115	9509
115	9510
115	9511
115	9512
115	9513
115	9514
115	9515
115	9516
115	9517
115	9518
115	9519
115	9520
115	9521
115	9522
115	9523
115	9524
115	9525
115	9526
115	9527
115	9528
115	9529
115	9530
115	9531
115	9532
115	9533
116	9534
116	9535
116	9536
116	9537
116	9538
116	9539
116	9540
116	9541
116	9542
116	9543
116	9544
116	9545
116	9546
116	9547
116	9548
116	9549
116	9550
116	9551
116	9552
116	9553
116	9554
116	9555
116	9556
116	9557
116	9558
116	9559
116	9560
116	9561
116	9562
116	9563
116	9564
116	9565
116	9566
116	9567
116	9568
116	9569
116	9570
116	9571
116	9572
116	9573
116	9574
116	9575
116	9576
116	9577
116	9578
116	9579
116	9580
116	9581
116	9582
116	9583
116	9584
116	9585
116	9586
116	9587
116	9588
116	9589
116	9590
116	9591
116	9592
116	9593
116	9594
116	9595
116	9596
116	9597
116	9598
116	9599
116	9600
116	9601
116	9602
116	9603
116	9604
116	9605
116	9606
116	9607
116	9608
117	9609
117	9610
117	9611
117	9612
117	9613
117	9614
117	9615
117	9616
117	9617
117	9618
117	9619
117	9620
117	9621
117	9622
117	9623
117	9624
117	9625
117	9626
117	9627
117	9628
117	9629
117	9630
117	9631
117	9632
117	9633
117	9634
117	9635
117	9636
117	9637
117	9638
117	9639
117	9640
117	9641
117	9642
117	9643
117	9644
117	9645
117	9646
117	9647
117	9648
117	9649
117	9650
117	9651
117	9652
117	9653
117	9654
117	9655
117	9656
117	9657
117	9658
117	9659
117	9660
117	9661
117	9662
117	9663
117	9664
117	9665
117	9666
117	9667
117	9668
117	9669
117	9670
117	9671
117	9672
117	9673
117	9674
118	9675
118	9676
118	9677
118	9678
118	9679
118	9680
118	9681
118	9682
118	9683
118	9684
118	9685
118	9686
118	9687
118	9688
118	9689
118	9690
118	9691
118	9692
118	9693
118	9694
118	9695
118	9696
118	9697
118	9698
118	9699
118	9700
118	9701
118	9702
118	9703
118	9704
118	9705
118	9706
118	9707
118	9708
118	9709
118	9710
118	9711
118	9712
118	9713
118	9714
118	9715
118	9716
118	9717
118	9718
118	9719
118	9720
118	9721
118	9722
118	9723
118	9724
118	9725
118	9726
118	9727
118	9728
118	9729
118	9730
118	9731
118	9732
118	9733
118	9734
118	9735
118	9736
118	9737
118	9738
118	9739
118	9740
118	9741
118	9742
118	9743
118	9744
118	9745
118	9746
118	9747
118	9748
118	9749
118	9750
118	9751
118	9752
119	9753
119	9754
119	9755
119	9756
119	9757
119	9758
119	9759
119	9760
119	9761
119	9762
119	9763
119	9764
119	9765
119	9766
119	9767
119	9768
119	9769
119	9770
119	9771
119	9772
119	9773
119	9774
119	9775
119	9776
119	9777
119	9778
119	9779
119	9780
119	9781
119	9782
119	9783
119	9784
119	9785
119	9786
119	9787
119	9788
119	9789
119	9790
119	9791
119	9792
119	9793
119	9794
119	9795
119	9796
119	9797
119	9798
119	9799
119	9800
119	9801
119	9802
119	9803
119	9804
119	9805
119	9806
119	9807
119	9808
119	9809
119	9810
119	9811
119	9812
119	9813
119	9814
119	9815
119	9816
119	9817
119	9818
119	9819
119	9820
119	9821
119	9822
119	9823
119	9824
119	9825
119	9826
119	9827
119	9828
119	9829
119	9830
119	9831
119	9832
119	9833
119	9834
119	9835
119	9836
119	9837
119	9838
119	9839
119	9840
119	9841
119	9842
119	9843
119	9844
119	9845
119	9846
119	9847
119	9848
119	9849
119	9850
119	9851
119	9852
119	9853
119	9854
119	9855
119	9856
119	9857
119	9858
119	9859
119	9860
119	9861
119	9862
120	9863
120	9864
120	9865
120	9866
120	9867
120	9868
120	9869
120	9870
120	9871
120	9872
120	9873
120	9874
120	9875
120	9876
120	9877
120	9878
120	9879
120	9880
120	9881
120	9882
120	9883
120	9884
120	9885
120	9886
120	9887
120	9888
120	9889
120	9890
120	9891
120	9892
120	9893
120	9894
120	9895
120	9896
120	9897
120	9898
120	9899
120	9900
120	9901
120	9902
120	9903
120	9904
120	9905
120	9906
120	9907
120	9908
120	9909
120	9910
120	9911
120	9912
120	9913
120	9914
120	9915
120	9916
120	9917
120	9918
120	9919
120	9920
120	9921
120	9922
120	9923
120	9924
120	9925
120	9926
120	9927
120	9928
120	9929
120	9930
120	9931
120	9932
120	9933
120	9934
120	9935
120	9936
120	9937
120	9938
120	9939
120	9940
120	9941
120	9942
120	9943
120	9944
120	9945
120	9946
120	9947
120	9948
120	9949
120	9950
120	9951
120	9952
120	9953
120	9954
120	9955
120	9956
120	9957
120	9958
120	9959
120	9960
120	9961
120	9962
120	9963
120	9964
120	9965
120	9966
120	9967
120	9968
120	9969
120	9970
121	9971
121	9972
121	9973
121	9974
121	9975
121	9976
121	9977
121	9978
121	9979
121	9980
121	9981
121	9982
121	9983
121	9984
121	9985
121	9986
121	9987
121	9988
121	9989
121	9990
121	9991
121	9992
121	9993
121	9994
121	9995
121	9996
121	9997
121	9998
121	9999
121	10000
121	10001
121	10002
121	10003
121	10004
121	10005
121	10006
121	10007
121	10008
121	10009
121	10010
121	10011
121	10012
121	10013
121	10014
121	10015
121	10016
121	10017
121	10018
121	10019
121	10020
121	10021
121	10022
121	10023
121	10024
121	10025
121	10026
121	10027
121	10028
121	10029
121	10030
121	10031
121	10032
121	10033
121	10034
121	10035
121	10036
121	10037
121	10038
121	10039
121	10040
121	10041
121	10042
121	10043
121	10044
121	10045
121	10046
121	10047
121	10048
121	10049
121	10050
121	10051
121	10052
121	10053
121	10054
121	10055
121	10056
121	10057
121	10058
121	10059
121	10060
121	10061
121	10062
121	10063
121	10064
121	10065
121	10066
121	10067
121	10068
121	10069
121	10070
121	10071
121	10072
121	10073
121	10074
121	10075
121	10076
121	10077
121	10078
121	10079
121	10080
121	10081
121	10082
121	10083
121	10084
121	10085
121	10086
121	10087
121	10088
121	10089
121	10090
121	10091
121	10092
121	10093
121	10094
121	10095
121	10096
121	10097
121	10098
121	10099
121	10100
121	10101
121	10102
121	10103
121	10104
121	10105
121	10106
121	10107
121	10108
121	10109
121	10110
121	10111
121	10112
121	10113
121	10114
121	10115
121	10116
121	10117
121	10118
121	10119
121	10120
121	10121
121	10122
121	10123
121	10124
121	10125
122	10126
122	10127
122	10128
122	10129
122	10130
122	10131
122	10132
122	10133
122	10134
122	10135
122	10136
122	10137
122	10138
122	10139
122	10140
122	10141
122	10142
122	10143
122	10144
122	10145
122	10146
122	10147
122	10148
122	10149
122	10150
122	10151
122	10152
122	10153
122	10154
122	10155
122	10156
122	10157
122	10158
122	10159
122	10160
122	10161
122	10162
122	10163
122	10164
122	10165
122	10166
122	10167
122	10168
122	10169
122	10170
122	10171
122	10172
122	10173
122	10174
122	10175
122	10176
122	10177
122	10178
122	10179
123	10180
123	10181
123	10182
123	10183
123	10184
123	10185
123	10186
123	10187
123	10188
123	10189
123	10190
123	10191
123	10192
123	10193
123	10194
123	10195
123	10196
123	10197
123	10198
123	10199
123	10200
123	10201
123	10202
123	10203
123	10204
123	10205
123	10206
123	10207
123	10208
123	10209
123	10210
123	10211
123	10212
123	10213
123	10214
123	10215
123	10216
123	10217
123	10218
123	10219
123	10220
123	10221
123	10222
123	10223
123	10224
123	10225
123	10226
123	10227
123	10228
123	10229
123	10230
123	10231
123	10232
123	10233
123	10234
123	10235
123	10236
123	10237
123	10238
123	10239
123	10240
123	10241
123	10242
123	10243
123	10244
123	10245
123	10246
123	10247
123	10248
123	10249
123	10250
123	10251
123	10252
123	10253
123	10254
123	10255
123	10256
123	10257
123	10258
123	10259
123	10260
123	10261
123	10262
123	10263
123	10264
123	10265
123	10266
123	10267
123	10268
123	10269
123	10270
123	10271
123	10272
123	10273
124	10274
124	10275
124	10276
124	10277
124	10278
124	10279
124	10280
124	10281
124	10282
124	10283
124	10284
124	10285
124	10286
124	10287
124	10288
124	10289
124	10290
124	10291
124	10292
124	10293
124	10294
124	10295
124	10296
124	10297
124	10298
124	10299
124	10300
124	10301
124	10302
124	10303
124	10304
124	10305
124	10306
124	10307
124	10308
124	10309
124	10310
124	10311
124	10312
124	10313
124	10314
124	10315
124	10316
124	10317
124	10318
124	10319
124	10320
124	10321
124	10322
124	10323
124	10324
124	10325
124	10326
124	10327
124	10328
124	10329
124	10330
124	10331
124	10332
124	10333
124	10334
124	10335
124	10336
124	10337
124	10338
124	10339
124	10340
124	10341
124	10342
124	10343
124	10344
124	10345
124	10346
124	10347
124	10348
124	10349
124	10350
124	10351
124	10352
124	10353
125	10354
125	10355
125	10356
125	10357
125	10358
125	10359
125	10360
125	10361
125	10362
125	10363
125	10364
125	10365
125	10366
125	10367
125	10368
125	10369
125	10370
125	10371
125	10372
125	10373
125	10374
125	10375
125	10376
125	10377
125	10378
125	10379
125	10380
125	10381
125	10382
125	10383
125	10384
125	10385
125	10386
125	10387
125	10388
125	10389
125	10390
125	10391
125	10392
125	10393
125	10394
125	10395
125	10396
125	10397
125	10398
125	10399
125	10400
125	10401
125	10402
125	10403
125	10404
125	10405
125	10406
126	10407
126	10408
126	10409
126	10410
126	10411
126	10412
126	10413
126	10414
126	10415
126	10416
126	10417
126	10418
126	10419
126	10420
126	10421
126	10422
126	10423
126	10424
126	10425
126	10426
126	10427
126	10428
126	10429
126	10430
126	10431
126	10432
126	10433
126	10434
126	10435
126	10436
126	10437
126	10438
126	10439
126	10440
126	10441
126	10442
126	10443
126	10444
126	10445
126	10446
126	10447
126	10448
126	10449
126	10450
126	10451
126	10452
126	10453
126	10454
126	10455
126	10456
126	10457
126	10458
126	10459
126	10460
126	10461
126	10462
126	10463
126	10464
126	10465
126	10466
126	10467
126	10468
126	10469
126	10470
126	10471
126	10472
126	10473
126	10474
126	10475
126	10476
126	10477
126	10478
126	10479
126	10480
126	10481
126	10482
126	10483
126	10484
126	10485
126	10486
126	10487
126	10488
126	10489
126	10490
126	10491
126	10492
126	10493
126	10494
126	10495
126	10496
126	10497
126	10498
126	10499
126	10500
126	10501
126	10502
126	10503
126	10504
126	10505
126	10506
126	10507
126	10508
126	10509
126	10510
126	10511
126	10512
126	10513
126	10514
126	10515
126	10516
126	10517
126	10518
126	10519
126	10520
126	10521
127	10522
127	10523
127	10524
127	10525
127	10526
127	10527
127	10528
127	10529
127	10530
127	10531
127	10532
127	10533
127	10534
127	10535
127	10536
127	10537
127	10538
127	10539
127	10540
127	10541
127	10542
127	10543
127	10544
127	10545
127	10546
127	10547
127	10548
127	10549
127	10550
127	10551
127	10552
127	10553
127	10554
127	10555
127	10556
127	10557
127	10558
127	10559
127	10560
127	10561
127	10562
127	10563
127	10564
127	10565
127	10566
127	10567
127	10568
127	10569
127	10570
127	10571
127	10572
127	10573
127	10574
127	10575
127	10576
127	10577
127	10578
127	10579
127	10580
127	10581
127	10582
127	10583
127	10584
127	10585
127	10586
127	10587
127	10588
127	10589
127	10590
127	10591
127	10592
127	10593
128	10594
128	10595
128	10596
128	10597
128	10598
128	10599
128	10600
128	10601
128	10602
128	10603
128	10604
128	10605
128	10606
128	10607
128	10608
128	10609
128	10610
128	10611
128	10612
128	10613
128	10614
128	10615
128	10616
128	10617
128	10618
128	10619
128	10620
128	10621
128	10622
128	10623
128	10624
128	10625
128	10626
128	10627
128	10628
128	10629
128	10630
128	10631
128	10632
128	10633
128	10634
128	10635
128	10636
128	10637
128	10638
128	10639
128	10640
128	10641
128	10642
128	10643
128	10644
128	10645
128	10646
128	10647
128	10648
128	10649
128	10650
128	10651
128	10652
128	10653
128	10654
128	10655
128	10656
129	10657
129	10658
129	10659
129	10660
129	10661
129	10662
129	10663
129	10664
129	10665
129	10666
129	10667
129	10668
129	10669
129	10670
129	10671
129	10672
129	10673
129	10674
129	10675
129	10676
129	10677
129	10678
129	10679
129	10680
129	10681
129	10682
129	10683
129	10684
129	10685
129	10686
129	10687
129	10688
129	10689
129	10690
129	10691
129	10692
129	10693
129	10694
129	10695
129	10696
129	10697
129	10698
129	10699
129	10700
129	10701
129	10702
129	10703
129	10704
129	10705
129	10706
129	10707
129	10708
129	10709
129	10710
129	10711
129	10712
129	10713
129	10714
129	10715
129	10716
129	10717
129	10718
129	10719
129	10720
129	10721
129	10722
129	10723
129	10724
129	10725
129	10726
129	10727
129	10728
129	10729
129	10730
129	10731
129	10732
129	10733
129	10734
129	10735
129	10736
129	10737
129	10738
129	10739
129	10740
129	10741
129	10742
129	10743
129	10744
129	10745
129	10746
129	10747
129	10748
129	10749
129	10750
129	10751
129	10752
129	10753
129	10754
129	10755
129	10756
129	10757
129	10758
129	10759
129	10760
129	10761
129	10762
129	10763
129	10764
129	10765
129	10766
129	10767
130	10768
130	10769
130	10770
130	10771
130	10772
130	10773
130	10774
130	10775
130	10776
130	10777
130	10778
130	10779
130	10780
130	10781
130	10782
130	10783
130	10784
130	10785
130	10786
130	10787
130	10788
130	10789
130	10790
130	10791
130	10792
130	10793
130	10794
130	10795
130	10796
130	10797
130	10798
130	10799
130	10800
130	10801
130	10802
130	10803
130	10804
130	10805
130	10806
130	10807
130	10808
130	10809
130	10810
130	10811
130	10812
130	10813
130	10814
130	10815
130	10816
130	10817
130	10818
130	10819
130	10820
130	10821
130	10822
130	10823
130	10824
130	10825
130	10826
130	10827
130	10828
130	10829
130	10830
130	10831
130	10832
130	10833
130	10834
130	10835
130	10836
130	10837
130	10838
130	10839
130	10840
130	10841
130	10842
130	10843
130	10844
130	10845
130	10846
130	10847
130	10848
130	10849
130	10850
131	10851
131	10852
131	10853
131	10854
131	10855
131	10856
131	10857
131	10858
131	10859
131	10860
131	10861
131	10862
131	10863
131	10864
131	10865
131	10866
131	10867
131	10868
131	10869
131	10870
131	10871
131	10872
131	10873
131	10874
131	10875
131	10876
131	10877
131	10878
131	10879
131	10880
131	10881
131	10882
131	10883
131	10884
131	10885
131	10886
131	10887
131	10888
131	10889
131	10890
131	10891
131	10892
131	10893
131	10894
131	10895
131	10896
131	10897
131	10898
131	10899
131	10900
131	10901
131	10902
131	10903
131	10904
131	10905
131	10906
131	10907
131	10908
131	10909
131	10910
131	10911
131	10912
131	10913
131	10914
131	10915
131	10916
131	10917
131	10918
131	10919
131	10920
131	10921
131	10922
131	10923
131	10924
131	10925
131	10926
131	10927
131	10928
131	10929
131	10930
131	10931
131	10932
131	10933
131	10934
131	10935
131	10936
131	10937
131	10938
131	10939
131	10940
131	10941
131	10942
131	10943
131	10944
131	10945
131	10946
131	10947
131	10948
131	10949
131	10950
131	10951
132	10952
132	10953
132	10954
132	10955
132	10956
132	10957
132	10958
132	10959
132	10960
132	10961
132	10962
132	10963
132	10964
132	10965
132	10966
132	10967
132	10968
132	10969
132	10970
132	10971
132	10972
132	10973
132	10974
132	10975
132	10976
132	10977
132	10978
132	10979
132	10980
132	10981
132	10982
132	10983
132	10984
132	10985
132	10986
132	10987
132	10988
132	10989
132	10990
132	10991
132	10992
132	10993
132	10994
132	10995
132	10996
132	10997
132	10998
132	10999
132	11000
132	11001
132	11002
132	11003
132	11004
132	11005
132	11006
132	11007
132	11008
132	11009
132	11010
132	11011
132	11012
132	11013
132	11014
132	11015
132	11016
132	11017
132	11018
132	11019
132	11020
132	11021
132	11022
132	11023
132	11024
132	11025
132	11026
132	11027
132	11028
132	11029
132	11030
132	11031
132	11032
132	11033
132	11034
133	11035
133	11036
133	11037
133	11038
133	11039
133	11040
133	11041
133	11042
133	11043
133	11044
133	11045
133	11046
133	11047
133	11048
133	11049
133	11050
133	11051
133	11052
133	11053
133	11054
133	11055
133	11056
133	11057
133	11058
133	11059
133	11060
133	11061
133	11062
133	11063
133	11064
133	11065
133	11066
133	11067
133	11068
133	11069
133	11070
133	11071
133	11072
133	11073
133	11074
133	11075
133	11076
133	11077
133	11078
133	11079
133	11080
133	11081
133	11082
133	11083
133	11084
133	11085
133	11086
133	11087
133	11088
133	11089
133	11090
133	11091
133	11092
133	11093
133	11094
133	11095
133	11096
133	11097
133	11098
133	11099
133	11100
133	11101
133	11102
133	11103
133	11104
133	11105
133	11106
133	11107
133	11108
133	11109
133	11110
133	11111
133	11112
133	11113
133	11114
133	11115
133	11116
133	11117
133	11118
133	11119
133	11120
133	11121
134	11122
134	11123
134	11124
134	11125
134	11126
134	11127
134	11128
134	11129
134	11130
134	11131
134	11132
134	11133
134	11134
134	11135
134	11136
134	11137
134	11138
134	11139
134	11140
134	11141
134	11142
134	11143
134	11144
134	11145
134	11146
134	11147
134	11148
134	11149
134	11150
134	11151
134	11152
134	11153
134	11154
134	11155
134	11156
134	11157
134	11158
134	11159
134	11160
134	11161
134	11162
134	11163
134	11164
134	11165
134	11166
134	11167
134	11168
134	11169
134	11170
134	11171
134	11172
134	11173
134	11174
134	11175
134	11176
134	11177
134	11178
134	11179
134	11180
134	11181
134	11182
134	11183
134	11184
134	11185
134	11186
134	11187
134	11188
134	11189
134	11190
134	11191
134	11192
134	11193
134	11194
134	11195
134	11196
134	11197
134	11198
134	11199
134	11200
134	11201
134	11202
134	11203
134	11204
134	11205
134	11206
134	11207
134	11208
134	11209
134	11210
134	11211
134	11212
134	11213
134	11214
134	11215
134	11216
134	11217
134	11218
134	11219
134	11220
134	11221
134	11222
135	11223
135	11224
135	11225
135	11226
135	11227
135	11228
135	11229
135	11230
135	11231
135	11232
135	11233
135	11234
135	11235
135	11236
135	11237
135	11238
135	11239
135	11240
135	11241
135	11242
135	11243
135	11244
135	11245
135	11246
135	11247
135	11248
135	11249
135	11250
135	11251
135	11252
135	11253
135	11254
135	11255
135	11256
135	11257
135	11258
135	11259
135	11260
135	11261
135	11262
135	11263
135	11264
135	11265
135	11266
135	11267
135	11268
135	11269
135	11270
135	11271
135	11272
135	11273
135	11274
135	11275
135	11276
135	11277
135	11278
135	11279
135	11280
135	11281
135	11282
135	11283
136	11284
136	11285
136	11286
136	11287
136	11288
136	11289
136	11290
136	11291
136	11292
136	11293
136	11294
136	11295
136	11296
136	11297
136	11298
136	11299
136	11300
136	11301
136	11302
136	11303
136	11304
136	11305
136	11306
136	11307
136	11308
136	11309
136	11310
136	11311
136	11312
136	11313
136	11314
136	11315
136	11316
136	11317
136	11318
136	11319
136	11320
136	11321
136	11322
136	11323
136	11324
136	11325
136	11326
136	11327
136	11328
136	11329
136	11330
136	11331
136	11332
136	11333
136	11334
136	11335
136	11336
136	11337
136	11338
136	11339
136	11340
136	11341
136	11342
136	11343
136	11344
136	11345
136	11346
136	11347
136	11348
137	11349
137	11350
137	11351
137	11352
137	11353
137	11354
137	11355
137	11356
137	11357
137	11358
137	11359
137	11360
137	11361
137	11362
137	11363
137	11364
137	11365
137	11366
137	11367
137	11368
137	11369
137	11370
137	11371
137	11372
137	11373
137	11374
137	11375
137	11376
137	11377
137	11378
137	11379
137	11380
137	11381
137	11382
137	11383
137	11384
137	11385
137	11386
137	11387
137	11388
137	11389
137	11390
137	11391
137	11392
137	11393
137	11394
137	11395
137	11396
137	11397
137	11398
137	11399
137	11400
137	11401
137	11402
137	11403
137	11404
137	11405
137	11406
137	11407
137	11408
137	11409
137	11410
137	11411
137	11412
137	11413
137	11414
138	11415
138	11416
138	11417
138	11418
138	11419
138	11420
138	11421
138	11422
138	11423
138	11424
138	11425
138	11426
138	11427
138	11428
138	11429
138	11430
138	11431
138	11432
138	11433
138	11434
138	11435
138	11436
138	11437
138	11438
138	11439
138	11440
138	11441
138	11442
138	11443
138	11444
138	11445
138	11446
138	11447
138	11448
138	11449
138	11450
138	11451
138	11452
138	11453
138	11454
138	11455
138	11456
138	11457
138	11458
138	11459
138	11460
138	11461
138	11462
138	11463
138	11464
138	11465
138	11466
138	11467
138	11468
138	11469
138	11470
138	11471
138	11472
138	11473
138	11474
138	11475
138	11476
138	11477
138	11478
139	11479
139	11480
139	11481
139	11482
139	11483
139	11484
139	11485
139	11486
139	11487
139	11488
139	11489
139	11490
139	11491
139	11492
139	11493
139	11494
139	11495
139	11496
139	11497
139	11498
139	11499
139	11500
139	11501
139	11502
139	11503
139	11504
139	11505
139	11506
139	11507
139	11508
139	11509
139	11510
139	11511
139	11512
139	11513
139	11514
139	11515
139	11516
139	11517
139	11518
139	11519
139	11520
139	11521
139	11522
139	11523
139	11524
139	11525
139	11526
139	11527
139	11528
139	11529
139	11530
139	11531
139	11532
139	11533
139	11534
139	11535
139	11536
139	11537
139	11538
139	11539
139	11540
139	11541
139	11542
139	11543
139	11544
139	11545
139	11546
139	11547
139	11548
139	11549
139	11550
139	11551
140	11552
140	11553
140	11554
140	11555
140	11556
140	11557
140	11558
140	11559
140	11560
140	11561
140	11562
140	11563
140	11564
140	11565
140	11566
140	11567
140	11568
140	11569
140	11570
140	11571
140	11572
140	11573
140	11574
140	11575
140	11576
140	11577
140	11578
140	11579
140	11580
140	11581
140	11582
140	11583
140	11584
140	11585
140	11586
140	11587
140	11588
140	11589
140	11590
140	11591
140	11592
140	11593
140	11594
140	11595
140	11596
140	11597
140	11598
140	11599
140	11600
140	11601
140	11602
140	11603
140	11604
141	11605
141	11606
141	11607
141	11608
141	11609
141	11610
141	11611
141	11612
141	11613
141	11614
141	11615
141	11616
141	11617
141	11618
141	11619
141	11620
141	11621
141	11622
141	11623
141	11624
141	11625
141	11626
141	11627
141	11628
141	11629
141	11630
141	11631
141	11632
141	11633
141	11634
141	11635
141	11636
141	11637
141	11638
141	11639
141	11640
141	11641
141	11642
141	11643
141	11644
141	11645
141	11646
141	11647
141	11648
141	11649
141	11650
141	11651
141	11652
141	11653
141	11654
141	11655
141	11656
141	11657
141	11658
141	11659
141	11660
141	11661
141	11662
141	11663
141	11664
141	11665
141	11666
141	11667
141	11668
141	11669
141	11670
141	11671
141	11672
141	11673
142	11674
142	11675
142	11676
142	11677
142	11678
142	11679
142	11680
142	11681
142	11682
142	11683
142	11684
142	11685
142	11686
142	11687
142	11688
142	11689
142	11690
142	11691
142	11692
142	11693
142	11694
142	11695
142	11696
142	11697
142	11698
142	11699
142	11700
142	11701
142	11702
142	11703
142	11704
142	11705
142	11706
142	11707
142	11708
142	11709
142	11710
142	11711
142	11712
142	11713
142	11714
142	11715
142	11716
142	11717
142	11718
142	11719
142	11720
142	11721
142	11722
142	11723
142	11724
142	11725
142	11726
142	11727
142	11728
142	11729
142	11730
142	11731
142	11732
142	11733
142	11734
142	11735
142	11736
142	11737
142	11738
142	11739
142	11740
142	11741
143	11742
143	11743
143	11744
143	11745
143	11746
143	11747
143	11748
143	11749
143	11750
143	11751
143	11752
143	11753
143	11754
143	11755
143	11756
143	11757
143	11758
143	11759
143	11760
143	11761
143	11762
143	11763
143	11764
143	11765
143	11766
143	11767
143	11768
143	11769
143	11770
143	11771
143	11772
143	11773
143	11774
143	11775
143	11776
143	11777
143	11778
143	11779
143	11780
143	11781
143	11782
143	11783
143	11784
143	11785
143	11786
143	11787
143	11788
143	11789
143	11790
143	11791
143	11792
143	11793
143	11794
143	11795
143	11796
143	11797
143	11798
143	11799
143	11800
143	11801
143	11802
143	11803
143	11804
143	11805
143	11806
143	11807
143	11808
143	11809
143	11810
143	11811
143	11812
143	11813
143	11814
143	11815
143	11816
143	11817
143	11818
143	11819
143	11820
143	11821
143	11822
143	11823
143	11824
143	11825
143	11826
143	11827
143	11828
143	11829
143	11830
143	11831
143	11832
143	11833
143	11834
143	11835
143	11836
143	11837
143	11838
143	11839
143	11840
144	11841
144	11842
144	11843
144	11844
144	11845
144	11846
144	11847
144	11848
144	11849
144	11850
144	11851
144	11852
144	11853
144	11854
144	11855
144	11856
144	11857
144	11858
144	11859
144	11860
144	11861
144	11862
144	11863
144	11864
144	11865
144	11866
144	11867
144	11868
144	11869
144	11870
144	11871
144	11872
144	11873
144	11874
144	11875
144	11876
144	11877
144	11878
144	11879
144	11880
144	11881
144	11882
144	11883
144	11884
144	11885
144	11886
144	11887
144	11888
144	11889
144	11890
144	11891
144	11892
144	11893
144	11894
144	11895
144	11896
144	11897
144	11898
144	11899
145	11900
145	11901
145	11902
145	11903
145	11904
145	11905
145	11906
145	11907
145	11908
145	11909
145	11910
145	11911
145	11912
145	11913
145	11914
145	11915
145	11916
145	11917
145	11918
145	11919
145	11920
145	11921
145	11922
145	11923
145	11924
145	11925
145	11926
145	11927
145	11928
145	11929
145	11930
145	11931
145	11932
145	11933
145	11934
145	11935
145	11936
145	11937
145	11938
145	11939
145	11940
145	11941
145	11942
145	11943
145	11944
145	11945
145	11946
145	11947
145	11948
145	11949
145	11950
145	11951
145	11952
145	11953
145	11954
145	11955
145	11956
145	11957
145	11958
145	11959
145	11960
145	11961
145	11962
145	11963
145	11964
145	11965
145	11966
145	11967
145	11968
146	11969
146	11970
146	11971
146	11972
146	11973
146	11974
146	11975
146	11976
146	11977
146	11978
146	11979
146	11980
146	11981
146	11982
146	11983
146	11984
146	11985
146	11986
146	11987
146	11988
146	11989
146	11990
146	11991
146	11992
146	11993
146	11994
146	11995
146	11996
146	11997
146	11998
146	11999
146	12000
146	12001
146	12002
146	12003
146	12004
146	12005
146	12006
146	12007
146	12008
146	12009
146	12010
146	12011
146	12012
146	12013
146	12014
146	12015
146	12016
147	12017
147	12018
147	12019
147	12020
147	12021
147	12022
147	12023
147	12024
147	12025
147	12026
147	12027
147	12028
147	12029
147	12030
147	12031
147	12032
147	12033
147	12034
147	12035
147	12036
147	12037
147	12038
147	12039
147	12040
147	12041
147	12042
147	12043
147	12044
147	12045
147	12046
147	12047
147	12048
147	12049
147	12050
147	12051
147	12052
147	12053
147	12054
147	12055
147	12056
147	12057
147	12058
147	12059
147	12060
147	12061
147	12062
147	12063
147	12064
147	12065
147	12066
147	12067
147	12068
147	12069
147	12070
147	12071
147	12072
147	12073
147	12074
147	12075
147	12076
147	12077
147	12078
147	12079
147	12080
147	12081
147	12082
147	12083
147	12084
147	12085
147	12086
147	12087
147	12088
147	12089
147	12090
147	12091
147	12092
147	12093
147	12094
147	12095
147	12096
147	12097
147	12098
147	12099
147	12100
147	12101
147	12102
147	12103
147	12104
147	12105
147	12106
147	12107
147	12108
147	12109
147	12110
147	12111
148	12112
148	12113
148	12114
148	12115
148	12116
148	12117
148	12118
148	12119
148	12120
148	12121
148	12122
148	12123
148	12124
148	12125
148	12126
148	12127
148	12128
148	12129
148	12130
148	12131
148	12132
148	12133
148	12134
148	12135
148	12136
148	12137
148	12138
148	12139
148	12140
148	12141
148	12142
148	12143
148	12144
148	12145
148	12146
148	12147
148	12148
148	12149
148	12150
148	12151
148	12152
148	12153
148	12154
148	12155
148	12156
148	12157
148	12158
148	12159
148	12160
148	12161
148	12162
148	12163
148	12164
148	12165
148	12166
148	12167
148	12168
148	12169
148	12170
148	12171
148	12172
148	12173
148	12174
148	12175
148	12176
148	12177
148	12178
148	12179
148	12180
148	12181
148	12182
148	12183
148	12184
148	12185
148	12186
148	12187
148	12188
148	12189
148	12190
148	12191
148	12192
148	12193
148	12194
148	12195
148	12196
148	12197
148	12198
148	12199
148	12200
148	12201
148	12202
148	12203
148	12204
148	12205
148	12206
148	12207
148	12208
148	12209
149	12210
149	12211
149	12212
149	12213
149	12214
149	12215
149	12216
149	12217
149	12218
149	12219
149	12220
149	12221
149	12222
149	12223
149	12224
149	12225
149	12226
149	12227
149	12228
149	12229
149	12230
149	12231
149	12232
149	12233
149	12234
149	12235
149	12236
149	12237
149	12238
149	12239
149	12240
149	12241
149	12242
149	12243
149	12244
149	12245
149	12246
149	12247
149	12248
149	12249
149	12250
149	12251
149	12252
149	12253
149	12254
149	12255
149	12256
149	12257
149	12258
149	12259
149	12260
149	12261
149	12262
149	12263
149	12264
149	12265
149	12266
149	12267
149	12268
149	12269
149	12270
149	12271
149	12272
149	12273
149	12274
149	12275
149	12276
149	12277
149	12278
149	12279
149	12280
149	12281
149	12282
149	12283
149	12284
149	12285
150	12286
150	12287
150	12288
150	12289
150	12290
150	12291
150	12292
150	12293
150	12294
150	12295
150	12296
150	12297
150	12298
150	12299
150	12300
150	12301
150	12302
150	12303
150	12304
150	12305
150	12306
150	12307
150	12308
150	12309
150	12310
150	12311
150	12312
150	12313
150	12314
150	12315
150	12316
150	12317
150	12318
150	12319
150	12320
150	12321
150	12322
150	12323
150	12324
150	12325
150	12326
150	12327
150	12328
150	12329
150	12330
150	12331
150	12332
150	12333
150	12334
150	12335
150	12336
150	12337
150	12338
150	12339
150	12340
150	12341
150	12342
150	12343
150	12344
150	12345
150	12346
150	12347
151	12348
151	12349
151	12350
151	12351
151	12352
151	12353
151	12354
151	12355
151	12356
151	12357
151	12358
151	12359
151	12360
151	12361
151	12362
151	12363
151	12364
151	12365
151	12366
151	12367
151	12368
151	12369
151	12370
151	12371
151	12372
151	12373
151	12374
151	12375
151	12376
151	12377
151	12378
151	12379
151	12380
151	12381
151	12382
151	12383
151	12384
151	12385
151	12386
151	12387
151	12388
151	12389
151	12390
151	12391
151	12392
151	12393
151	12394
151	12395
151	12396
151	12397
151	12398
151	12399
151	12400
151	12401
151	12402
151	12403
151	12404
151	12405
151	12406
151	12407
151	12408
151	12409
151	12410
151	12411
151	12412
151	12413
151	12414
151	12415
151	12416
151	12417
151	12418
151	12419
151	12420
151	12421
151	12422
151	12423
151	12424
151	12425
151	12426
151	12427
151	12428
151	12429
151	12430
151	12431
151	12432
151	12433
151	12434
151	12435
151	12436
151	12437
151	12438
151	12439
151	12440
151	12441
151	12442
151	12443
151	12444
151	12445
151	12446
151	12447
151	12448
151	12449
151	12450
151	12451
151	12452
152	12453
152	12454
152	12455
152	12456
152	12457
152	12458
152	12459
152	12460
152	12461
152	12462
152	12463
152	12464
152	12465
152	12466
152	12467
152	12468
152	12469
152	12470
152	12471
152	12472
152	12473
152	12474
152	12475
152	12476
152	12477
152	12478
152	12479
152	12480
152	12481
152	12482
152	12483
152	12484
152	12485
152	12486
152	12487
152	12488
152	12489
152	12490
152	12491
152	12492
152	12493
152	12494
152	12495
152	12496
152	12497
152	12498
152	12499
152	12500
152	12501
152	12502
152	12503
152	12504
152	12505
152	12506
153	12507
153	12508
153	12509
153	12510
153	12511
153	12512
153	12513
153	12514
153	12515
153	12516
153	12517
153	12518
153	12519
153	12520
153	12521
153	12522
153	12523
153	12524
153	12525
153	12526
153	12527
153	12528
153	12529
153	12530
153	12531
153	12532
153	12533
153	12534
153	12535
153	12536
153	12537
153	12538
153	12539
153	12540
153	12541
153	12542
153	12543
153	12544
153	12545
153	12546
153	12547
153	12548
153	12549
153	12550
153	12551
153	12552
153	12553
153	12554
153	12555
153	12556
153	12557
153	12558
153	12559
153	12560
153	12561
153	12562
153	12563
153	12564
153	12565
153	12566
153	12567
153	12568
153	12569
153	12570
153	12571
153	12572
153	12573
153	12574
153	12575
154	12576
154	12577
154	12578
154	12579
154	12580
154	12581
154	12582
154	12583
154	12584
154	12585
154	12586
154	12587
154	12588
154	12589
154	12590
154	12591
154	12592
154	12593
154	12594
154	12595
154	12596
154	12597
154	12598
154	12599
154	12600
154	12601
154	12602
154	12603
154	12604
154	12605
154	12606
154	12607
154	12608
154	12609
154	12610
154	12611
154	12612
154	12613
154	12614
154	12615
154	12616
154	12617
154	12618
154	12619
154	12620
154	12621
154	12622
154	12623
154	12624
154	12625
154	12626
154	12627
154	12628
154	12629
154	12630
154	12631
154	12632
154	12633
154	12634
154	12635
154	12636
154	12637
154	12638
154	12639
154	12640
154	12641
154	12642
154	12643
154	12644
154	12645
154	12646
154	12647
154	12648
154	12649
154	12650
154	12651
154	12652
154	12653
154	12654
154	12655
154	12656
154	12657
154	12658
154	12659
154	12660
154	12661
154	12662
154	12663
155	12664
155	12665
155	12666
155	12667
155	12668
155	12669
155	12670
155	12671
155	12672
155	12673
155	12674
155	12675
155	12676
155	12677
155	12678
155	12679
155	12680
155	12681
155	12682
155	12683
155	12684
155	12685
155	12686
155	12687
155	12688
155	12689
155	12690
155	12691
155	12692
155	12693
155	12694
155	12695
155	12696
155	12697
155	12698
155	12699
155	12700
155	12701
155	12702
155	12703
155	12704
155	12705
155	12706
155	12707
155	12708
155	12709
155	12710
155	12711
155	12712
155	12713
155	12714
155	12715
155	12716
155	12717
155	12718
155	12719
155	12720
155	12721
155	12722
155	12723
155	12724
155	12725
155	12726
155	12727
155	12728
155	12729
155	12730
155	12731
155	12732
155	12733
155	12734
155	12735
156	12736
156	12737
156	12738
156	12739
156	12740
156	12741
156	12742
156	12743
156	12744
156	12745
156	12746
156	12747
156	12748
156	12749
156	12750
156	12751
156	12752
156	12753
156	12754
156	12755
156	12756
156	12757
156	12758
156	12759
156	12760
156	12761
156	12762
156	12763
156	12764
156	12765
156	12766
156	12767
156	12768
156	12769
156	12770
156	12771
156	12772
156	12773
156	12774
156	12775
156	12776
156	12777
156	12778
156	12779
156	12780
156	12781
156	12782
156	12783
156	12784
156	12785
156	12786
156	12787
156	12788
156	12789
156	12790
156	12791
156	12792
156	12793
156	12794
156	12795
156	12796
156	12797
156	12798
156	12799
156	12800
156	12801
156	12802
156	12803
157	12804
157	12805
157	12806
157	12807
157	12808
157	12809
157	12810
157	12811
157	12812
157	12813
157	12814
157	12815
157	12816
157	12817
157	12818
157	12819
157	12820
157	12821
157	12822
157	12823
157	12824
157	12825
157	12826
157	12827
157	12828
157	12829
157	12830
157	12831
157	12832
157	12833
157	12834
157	12835
157	12836
157	12837
157	12838
157	12839
157	12840
157	12841
157	12842
157	12843
157	12844
157	12845
157	12846
157	12847
157	12848
157	12849
157	12850
157	12851
157	12852
157	12853
157	12854
157	12855
157	12856
157	12857
157	12858
157	12859
157	12860
157	12861
157	12862
157	12863
157	12864
157	12865
157	12866
157	12867
157	12868
157	12869
157	12870
157	12871
157	12872
157	12873
157	12874
157	12875
157	12876
157	12877
157	12878
157	12879
157	12880
157	12881
157	12882
157	12883
157	12884
158	12885
158	12886
158	12887
158	12888
158	12889
158	12890
158	12891
158	12892
158	12893
158	12894
158	12895
158	12896
158	12897
158	12898
158	12899
158	12900
158	12901
158	12902
158	12903
158	12904
158	12905
158	12906
158	12907
158	12908
158	12909
158	12910
158	12911
158	12912
158	12913
158	12914
158	12915
158	12916
158	12917
158	12918
158	12919
158	12920
158	12921
158	12922
158	12923
158	12924
158	12925
158	12926
158	12927
158	12928
158	12929
158	12930
158	12931
158	12932
158	12933
158	12934
158	12935
158	12936
158	12937
158	12938
158	12939
158	12940
158	12941
158	12942
158	12943
158	12944
158	12945
158	12946
158	12947
158	12948
158	12949
158	12950
158	12951
158	12952
158	12953
158	12954
158	12955
158	12956
158	12957
158	12958
158	12959
158	12960
158	12961
158	12962
158	12963
158	12964
158	12965
158	12966
158	12967
158	12968
159	12969
159	12970
159	12971
159	12972
159	12973
159	12974
159	12975
159	12976
159	12977
159	12978
159	12979
159	12980
159	12981
159	12982
159	12983
159	12984
159	12985
159	12986
159	12987
159	12988
159	12989
159	12990
159	12991
159	12992
159	12993
159	12994
159	12995
159	12996
159	12997
159	12998
159	12999
159	13000
159	13001
159	13002
159	13003
159	13004
159	13005
159	13006
159	13007
159	13008
159	13009
159	13010
159	13011
159	13012
159	13013
159	13014
159	13015
159	13016
159	13017
159	13018
159	13019
159	13020
159	13021
159	13022
159	13023
159	13024
159	13025
159	13026
159	13027
159	13028
159	13029
159	13030
159	13031
159	13032
159	13033
159	13034
159	13035
159	13036
159	13037
159	13038
159	13039
159	13040
159	13041
159	13042
159	13043
159	13044
159	13045
159	13046
159	13047
159	13048
159	13049
159	13050
159	13051
159	13052
159	13053
159	13054
159	13055
159	13056
159	13057
159	13058
159	13059
160	13060
160	13061
160	13062
160	13063
160	13064
160	13065
160	13066
160	13067
160	13068
160	13069
160	13070
160	13071
160	13072
160	13073
160	13074
160	13075
160	13076
160	13077
160	13078
160	13079
160	13080
160	13081
160	13082
160	13083
160	13084
160	13085
160	13086
160	13087
160	13088
160	13089
160	13090
160	13091
160	13092
160	13093
160	13094
160	13095
160	13096
160	13097
160	13098
160	13099
160	13100
160	13101
160	13102
160	13103
160	13104
160	13105
160	13106
160	13107
160	13108
160	13109
160	13110
160	13111
160	13112
160	13113
160	13114
160	13115
160	13116
160	13117
160	13118
160	13119
160	13120
160	13121
160	13122
160	13123
160	13124
160	13125
160	13126
160	13127
160	13128
160	13129
160	13130
160	13131
160	13132
160	13133
160	13134
160	13135
160	13136
160	13137
160	13138
160	13139
160	13140
160	13141
160	13142
160	13143
160	13144
160	13145
160	13146
160	13147
160	13148
160	13149
160	13150
160	13151
160	13152
160	13153
160	13154
160	13155
161	13156
161	13157
161	13158
161	13159
161	13160
161	13161
161	13162
161	13163
161	13164
161	13165
161	13166
161	13167
161	13168
161	13169
161	13170
161	13171
161	13172
161	13173
161	13174
161	13175
161	13176
161	13177
161	13178
161	13179
161	13180
161	13181
161	13182
161	13183
161	13184
161	13185
161	13186
161	13187
161	13188
161	13189
161	13190
161	13191
161	13192
161	13193
161	13194
161	13195
161	13196
161	13197
161	13198
161	13199
161	13200
161	13201
161	13202
161	13203
161	13204
161	13205
161	13206
161	13207
161	13208
161	13209
161	13210
161	13211
161	13212
161	13213
161	13214
161	13215
161	13216
161	13217
161	13218
161	13219
161	13220
161	13221
161	13222
162	13223
162	13224
162	13225
162	13226
162	13227
162	13228
162	13229
162	13230
162	13231
162	13232
162	13233
162	13234
162	13235
162	13236
162	13237
162	13238
162	13239
162	13240
162	13241
162	13242
162	13243
162	13244
162	13245
162	13246
162	13247
162	13248
162	13249
162	13250
162	13251
162	13252
162	13253
162	13254
162	13255
162	13256
162	13257
162	13258
162	13259
162	13260
162	13261
162	13262
162	13263
162	13264
162	13265
162	13266
162	13267
162	13268
162	13269
162	13270
162	13271
162	13272
162	13273
162	13274
162	13275
162	13276
162	13277
162	13278
162	13279
162	13280
162	13281
162	13282
162	13283
162	13284
162	13285
162	13286
162	13287
162	13288
162	13289
162	13290
162	13291
162	13292
163	13293
163	13294
163	13295
163	13296
163	13297
163	13298
163	13299
163	13300
163	13301
163	13302
163	13303
163	13304
163	13305
163	13306
163	13307
163	13308
163	13309
163	13310
163	13311
163	13312
163	13313
163	13314
163	13315
163	13316
163	13317
163	13318
163	13319
163	13320
163	13321
163	13322
163	13323
163	13324
163	13325
163	13326
163	13327
163	13328
163	13329
163	13330
163	13331
163	13332
163	13333
163	13334
163	13335
163	13336
163	13337
163	13338
163	13339
163	13340
163	13341
163	13342
163	13343
163	13344
163	13345
163	13346
163	13347
163	13348
163	13349
163	13350
163	13351
164	13352
164	13353
164	13354
164	13355
164	13356
164	13357
164	13358
164	13359
164	13360
164	13361
164	13362
164	13363
164	13364
164	13365
164	13366
164	13367
164	13368
164	13369
164	13370
164	13371
164	13372
164	13373
164	13374
164	13375
164	13376
164	13377
164	13378
164	13379
164	13380
164	13381
164	13382
164	13383
164	13384
164	13385
164	13386
164	13387
164	13388
164	13389
164	13390
164	13391
164	13392
164	13393
164	13394
164	13395
164	13396
164	13397
164	13398
164	13399
164	13400
164	13401
164	13402
164	13403
164	13404
164	13405
164	13406
164	13407
164	13408
164	13409
164	13410
164	13411
164	13412
165	13413
165	13414
165	13415
165	13416
165	13417
165	13418
165	13419
165	13420
165	13421
165	13422
165	13423
165	13424
165	13425
165	13426
165	13427
165	13428
165	13429
165	13430
165	13431
165	13432
165	13433
165	13434
165	13435
165	13436
165	13437
165	13438
165	13439
165	13440
165	13441
165	13442
165	13443
165	13444
165	13445
165	13446
165	13447
165	13448
165	13449
165	13450
165	13451
165	13452
165	13453
165	13454
165	13455
165	13456
165	13457
165	13458
165	13459
165	13460
165	13461
165	13462
165	13463
165	13464
165	13465
165	13466
165	13467
165	13468
165	13469
165	13470
165	13471
165	13472
165	13473
165	13474
165	13475
165	13476
165	13477
165	13478
165	13479
165	13480
165	13481
165	13482
165	13483
165	13484
165	13485
165	13486
166	13487
166	13488
166	13489
166	13490
166	13491
166	13492
166	13493
166	13494
166	13495
166	13496
166	13497
166	13498
166	13499
166	13500
166	13501
166	13502
166	13503
166	13504
166	13505
166	13506
166	13507
166	13508
166	13509
166	13510
166	13511
166	13512
166	13513
166	13514
166	13515
166	13516
166	13517
166	13518
166	13519
166	13520
166	13521
166	13522
166	13523
166	13524
166	13525
166	13526
166	13527
166	13528
166	13529
166	13530
166	13531
166	13532
166	13533
166	13534
166	13535
166	13536
166	13537
166	13538
166	13539
166	13540
166	13541
166	13542
166	13543
166	13544
166	13545
166	13546
166	13547
166	13548
166	13549
166	13550
166	13551
166	13552
166	13553
166	13554
166	13555
166	13556
166	13557
166	13558
166	13559
166	13560
166	13561
167	13562
167	13563
167	13564
167	13565
167	13566
167	13567
167	13568
167	13569
167	13570
167	13571
167	13572
167	13573
167	13574
167	13575
167	13576
167	13577
167	13578
167	13579
167	13580
167	13581
167	13582
167	13583
167	13584
167	13585
167	13586
167	13587
167	13588
167	13589
167	13590
167	13591
167	13592
167	13593
167	13594
167	13595
167	13596
167	13597
167	13598
167	13599
167	13600
167	13601
167	13602
167	13603
167	13604
167	13605
167	13606
167	13607
167	13608
167	13609
167	13610
167	13611
167	13612
167	13613
167	13614
167	13615
167	13616
167	13617
167	13618
167	13619
167	13620
167	13621
167	13622
167	13623
167	13624
167	13625
167	13626
167	13627
167	13628
167	13629
167	13630
167	13631
167	13632
167	13633
167	13634
167	13635
168	13636
168	13637
168	13638
168	13639
168	13640
168	13641
168	13642
168	13643
168	13644
168	13645
168	13646
168	13647
168	13648
168	13649
168	13650
168	13651
168	13652
168	13653
168	13654
168	13655
168	13656
168	13657
168	13658
168	13659
168	13660
168	13661
168	13662
168	13663
168	13664
168	13665
168	13666
168	13667
168	13668
168	13669
168	13670
168	13671
168	13672
168	13673
168	13674
168	13675
168	13676
168	13677
168	13678
168	13679
168	13680
168	13681
168	13682
168	13683
168	13684
168	13685
168	13686
168	13687
168	13688
168	13689
168	13690
168	13691
168	13692
168	13693
168	13694
168	13695
168	13696
168	13697
168	13698
168	13699
168	13700
168	13701
168	13702
168	13703
168	13704
168	13705
168	13706
168	13707
168	13708
168	13709
168	13710
168	13711
168	13712
168	13713
168	13714
168	13715
168	13716
168	13717
168	13718
168	13719
168	13720
168	13721
168	13722
168	13723
168	13724
168	13725
168	13726
168	13727
168	13728
168	13729
168	13730
168	13731
169	13732
169	13733
169	13734
169	13735
169	13736
169	13737
169	13738
169	13739
169	13740
169	13741
169	13742
169	13743
169	13744
169	13745
169	13746
169	13747
169	13748
169	13749
169	13750
169	13751
169	13752
169	13753
169	13754
169	13755
169	13756
169	13757
169	13758
169	13759
169	13760
169	13761
169	13762
169	13763
169	13764
169	13765
169	13766
169	13767
169	13768
169	13769
169	13770
169	13771
169	13772
169	13773
169	13774
169	13775
169	13776
169	13777
169	13778
169	13779
169	13780
169	13781
169	13782
169	13783
169	13784
169	13785
169	13786
169	13787
169	13788
169	13789
169	13790
169	13791
169	13792
169	13793
169	13794
169	13795
169	13796
169	13797
169	13798
169	13799
169	13800
169	13801
169	13802
169	13803
169	13804
169	13805
169	13806
169	13807
169	13808
169	13809
169	13810
169	13811
169	13812
169	13813
169	13814
169	13815
169	13816
169	13817
169	13818
169	13819
170	13820
170	13821
170	13822
170	13823
170	13824
170	13825
170	13826
170	13827
170	13828
170	13829
170	13830
170	13831
170	13832
170	13833
170	13834
170	13835
170	13836
170	13837
170	13838
170	13839
170	13840
170	13841
170	13842
170	13843
170	13844
170	13845
170	13846
170	13847
170	13848
170	13849
170	13850
170	13851
170	13852
170	13853
170	13854
170	13855
170	13856
170	13857
170	13858
170	13859
170	13860
170	13861
170	13862
170	13863
170	13864
170	13865
170	13866
170	13867
170	13868
170	13869
170	13870
170	13871
170	13872
170	13873
170	13874
170	13875
170	13876
170	13877
170	13878
170	13879
170	13880
170	13881
170	13882
170	13883
170	13884
170	13885
170	13886
170	13887
170	13888
170	13889
170	13890
170	13891
170	13892
170	13893
170	13894
170	13895
170	13896
170	13897
170	13898
170	13899
170	13900
170	13901
171	13902
171	13903
171	13904
171	13905
171	13906
171	13907
171	13908
171	13909
171	13910
171	13911
171	13912
171	13913
171	13914
171	13915
171	13916
171	13917
171	13918
171	13919
171	13920
171	13921
171	13922
171	13923
171	13924
171	13925
171	13926
171	13927
171	13928
171	13929
171	13930
171	13931
171	13932
171	13933
171	13934
171	13935
171	13936
171	13937
171	13938
171	13939
171	13940
171	13941
171	13942
171	13943
171	13944
171	13945
171	13946
171	13947
171	13948
171	13949
171	13950
171	13951
171	13952
171	13953
171	13954
171	13955
171	13956
171	13957
171	13958
171	13959
171	13960
171	13961
171	13962
171	13963
171	13964
171	13965
171	13966
171	13967
171	13968
171	13969
171	13970
171	13971
171	13972
171	13973
171	13974
171	13975
171	13976
171	13977
171	13978
171	13979
171	13980
171	13981
171	13982
171	13983
171	13984
171	13985
171	13986
171	13987
171	13988
171	13989
171	13990
171	13991
171	13992
171	13993
171	13994
172	13995
172	13996
172	13997
172	13998
172	13999
172	14000
172	14001
172	14002
172	14003
172	14004
172	14005
172	14006
172	14007
172	14008
172	14009
172	14010
172	14011
172	14012
172	14013
172	14014
172	14015
172	14016
172	14017
172	14018
172	14019
172	14020
172	14021
172	14022
172	14023
172	14024
172	14025
172	14026
172	14027
172	14028
172	14029
172	14030
172	14031
172	14032
172	14033
172	14034
172	14035
172	14036
172	14037
172	14038
172	14039
172	14040
172	14041
172	14042
173	14043
173	14044
173	14045
173	14046
173	14047
173	14048
173	14049
173	14050
173	14051
173	14052
173	14053
173	14054
173	14055
173	14056
173	14057
173	14058
173	14059
173	14060
173	14061
173	14062
173	14063
173	14064
173	14065
173	14066
173	14067
173	14068
173	14069
173	14070
173	14071
173	14072
173	14073
173	14074
173	14075
173	14076
173	14077
173	14078
173	14079
173	14080
173	14081
173	14082
173	14083
173	14084
173	14085
173	14086
173	14087
173	14088
173	14089
173	14090
173	14091
173	14092
173	14093
173	14094
173	14095
173	14096
173	14097
173	14098
173	14099
173	14100
173	14101
173	14102
173	14103
173	14104
173	14105
173	14106
173	14107
173	14108
173	14109
173	14110
173	14111
173	14112
174	14113
174	14114
174	14115
174	14116
174	14117
174	14118
174	14119
174	14120
174	14121
174	14122
174	14123
174	14124
174	14125
174	14126
174	14127
174	14128
174	14129
174	14130
174	14131
174	14132
174	14133
174	14134
174	14135
174	14136
174	14137
174	14138
174	14139
174	14140
174	14141
174	14142
174	14143
174	14144
174	14145
174	14146
174	14147
174	14148
174	14149
174	14150
174	14151
174	14152
174	14153
174	14154
174	14155
174	14156
174	14157
174	14158
174	14159
174	14160
174	14161
174	14162
174	14163
174	14164
174	14165
174	14166
174	14167
174	14168
174	14169
174	14170
174	14171
174	14172
174	14173
174	14174
174	14175
174	14176
174	14177
174	14178
174	14179
174	14180
174	14181
174	14182
174	14183
174	14184
174	14185
174	14186
174	14187
174	14188
174	14189
174	14190
174	14191
174	14192
174	14193
174	14194
174	14195
174	14196
174	14197
174	14198
174	14199
174	14200
174	14201
174	14202
174	14203
174	14204
174	14205
174	14206
174	14207
174	14208
174	14209
174	14210
174	14211
174	14212
174	14213
174	14214
174	14215
174	14216
174	14217
174	14218
174	14219
174	14220
174	14221
174	14222
174	14223
174	14224
174	14225
174	14226
174	14227
174	14228
174	14229
174	14230
175	14231
175	14232
175	14233
175	14234
175	14235
175	14236
175	14237
175	14238
175	14239
175	14240
175	14241
175	14242
175	14243
175	14244
175	14245
175	14246
175	14247
175	14248
175	14249
175	14250
175	14251
175	14252
175	14253
175	14254
175	14255
175	14256
175	14257
175	14258
175	14259
175	14260
175	14261
175	14262
175	14263
175	14264
175	14265
175	14266
175	14267
175	14268
175	14269
175	14270
175	14271
175	14272
175	14273
175	14274
175	14275
175	14276
175	14277
175	14278
175	14279
175	14280
175	14281
175	14282
175	14283
175	14284
175	14285
175	14286
175	14287
175	14288
175	14289
175	14290
175	14291
175	14292
175	14293
175	14294
175	14295
175	14296
175	14297
175	14298
175	14299
175	14300
175	14301
175	14302
175	14303
175	14304
175	14305
175	14306
175	14307
175	14308
175	14309
175	14310
175	14311
175	14312
175	14313
175	14314
175	14315
175	14316
175	14317
175	14318
175	14319
175	14320
175	14321
175	14322
175	14323
175	14324
175	14325
176	14326
176	14327
176	14328
176	14329
176	14330
176	14331
176	14332
176	14333
176	14334
176	14335
176	14336
176	14337
176	14338
176	14339
176	14340
176	14341
176	14342
176	14343
176	14344
176	14345
176	14346
176	14347
176	14348
176	14349
176	14350
176	14351
176	14352
176	14353
176	14354
176	14355
176	14356
176	14357
176	14358
176	14359
176	14360
176	14361
176	14362
176	14363
176	14364
176	14365
176	14366
176	14367
176	14368
176	14369
176	14370
176	14371
176	14372
176	14373
176	14374
176	14375
176	14376
176	14377
176	14378
176	14379
176	14380
176	14381
176	14382
176	14383
176	14384
176	14385
176	14386
176	14387
176	14388
176	14389
176	14390
176	14391
176	14392
176	14393
176	14394
176	14395
176	14396
176	14397
176	14398
176	14399
176	14400
176	14401
176	14402
176	14403
176	14404
176	14405
176	14406
176	14407
176	14408
176	14409
176	14410
176	14411
176	14412
176	14413
176	14414
176	14415
176	14416
176	14417
176	14418
176	14419
176	14420
176	14421
176	14422
177	14423
177	14424
177	14425
177	14426
177	14427
177	14428
177	14429
177	14430
177	14431
177	14432
177	14433
177	14434
177	14435
177	14436
177	14437
177	14438
177	14439
177	14440
177	14441
177	14442
177	14443
177	14444
177	14445
177	14446
177	14447
177	14448
177	14449
177	14450
177	14451
177	14452
177	14453
177	14454
177	14455
177	14456
177	14457
177	14458
177	14459
177	14460
177	14461
177	14462
177	14463
177	14464
177	14465
177	14466
177	14467
177	14468
177	14469
177	14470
177	14471
177	14472
177	14473
177	14474
177	14475
177	14476
177	14477
177	14478
177	14479
177	14480
177	14481
177	14482
177	14483
177	14484
177	14485
177	14486
178	14487
178	14488
178	14489
178	14490
178	14491
178	14492
178	14493
178	14494
178	14495
178	14496
178	14497
178	14498
178	14499
178	14500
178	14501
178	14502
178	14503
178	14504
178	14505
178	14506
178	14507
178	14508
178	14509
178	14510
178	14511
178	14512
178	14513
178	14514
178	14515
178	14516
178	14517
178	14518
178	14519
178	14520
178	14521
178	14522
178	14523
178	14524
178	14525
178	14526
179	14527
179	14528
179	14529
179	14530
179	14531
179	14532
179	14533
179	14534
179	14535
179	14536
179	14537
179	14538
179	14539
179	14540
179	14541
179	14542
179	14543
179	14544
179	14545
179	14546
179	14547
179	14548
179	14549
179	14550
179	14551
179	14552
179	14553
179	14554
179	14555
179	14556
179	14557
179	14558
179	14559
179	14560
179	14561
179	14562
179	14563
179	14564
179	14565
179	14566
179	14567
179	14568
179	14569
179	14570
179	14571
179	14572
179	14573
179	14574
179	14575
179	14576
179	14577
179	14578
179	14579
179	14580
179	14581
179	14582
179	14583
179	14584
179	14585
179	14586
179	14587
179	14588
179	14589
179	14590
179	14591
179	14592
179	14593
179	14594
179	14595
179	14596
179	14597
179	14598
179	14599
179	14600
179	14601
179	14602
179	14603
179	14604
179	14605
179	14606
179	14607
179	14608
179	14609
179	14610
179	14611
179	14612
179	14613
179	14614
179	14615
179	14616
179	14617
179	14618
179	14619
179	14620
179	14621
179	14622
179	14623
179	14624
179	14625
179	14626
179	14627
180	14628
180	14629
180	14630
180	14631
180	14632
180	14633
180	14634
180	14635
180	14636
180	14637
180	14638
180	14639
180	14640
180	14641
180	14642
180	14643
180	14644
180	14645
180	14646
180	14647
180	14648
180	14649
180	14650
180	14651
180	14652
180	14653
180	14654
180	14655
180	14656
180	14657
180	14658
180	14659
180	14660
180	14661
180	14662
180	14663
180	14664
180	14665
180	14666
180	14667
180	14668
180	14669
180	14670
180	14671
180	14672
180	14673
180	14674
180	14675
180	14676
180	14677
180	14678
180	14679
180	14680
180	14681
180	14682
180	14683
180	14684
180	14685
180	14686
180	14687
181	14688
181	14689
181	14690
181	14691
181	14692
181	14693
181	14694
181	14695
181	14696
181	14697
181	14698
181	14699
181	14700
181	14701
181	14702
181	14703
181	14704
181	14705
181	14706
181	14707
181	14708
181	14709
181	14710
181	14711
181	14712
181	14713
181	14714
181	14715
181	14716
181	14717
181	14718
181	14719
181	14720
181	14721
181	14722
181	14723
181	14724
181	14725
181	14726
181	14727
181	14728
181	14729
181	14730
181	14731
181	14732
181	14733
181	14734
181	14735
181	14736
181	14737
181	14738
181	14739
181	14740
181	14741
181	14742
181	14743
181	14744
181	14745
181	14746
181	14747
181	14748
181	14749
181	14750
181	14751
181	14752
181	14753
182	14754
182	14755
182	14756
182	14757
182	14758
182	14759
182	14760
182	14761
182	14762
182	14763
182	14764
182	14765
182	14766
182	14767
182	14768
182	14769
182	14770
182	14771
182	14772
182	14773
182	14774
182	14775
182	14776
182	14777
182	14778
182	14779
182	14780
182	14781
182	14782
182	14783
182	14784
182	14785
182	14786
182	14787
182	14788
182	14789
182	14790
182	14791
182	14792
182	14793
182	14794
182	14795
182	14796
182	14797
182	14798
182	14799
182	14800
182	14801
182	14802
182	14803
182	14804
182	14805
182	14806
182	14807
182	14808
182	14809
182	14810
182	14811
182	14812
182	14813
182	14814
182	14815
182	14816
182	14817
182	14818
182	14819
182	14820
182	14821
182	14822
182	14823
182	14824
182	14825
182	14826
182	14827
182	14828
182	14829
182	14830
182	14831
182	14832
182	14833
182	14834
182	14835
182	14836
182	14837
182	14838
182	14839
182	14840
182	14841
182	14842
182	14843
182	14844
182	14845
182	14846
182	14847
182	14848
182	14849
182	14850
182	14851
182	14852
182	14853
182	14854
183	14855
183	14856
183	14857
183	14858
183	14859
183	14860
183	14861
183	14862
183	14863
183	14864
183	14865
183	14866
183	14867
183	14868
183	14869
183	14870
183	14871
183	14872
183	14873
183	14874
183	14875
183	14876
183	14877
183	14878
183	14879
183	14880
183	14881
183	14882
183	14883
183	14884
183	14885
183	14886
183	14887
183	14888
183	14889
183	14890
183	14891
183	14892
183	14893
183	14894
183	14895
183	14896
183	14897
183	14898
183	14899
183	14900
183	14901
183	14902
183	14903
183	14904
183	14905
183	14906
183	14907
183	14908
183	14909
183	14910
183	14911
183	14912
183	14913
183	14914
183	14915
183	14916
183	14917
183	14918
183	14919
183	14920
183	14921
183	14922
183	14923
183	14924
183	14925
183	14926
183	14927
183	14928
183	14929
183	14930
183	14931
183	14932
183	14933
183	14934
183	14935
183	14936
183	14937
183	14938
183	14939
183	14940
183	14941
183	14942
183	14943
183	14944
183	14945
183	14946
183	14947
183	14948
183	14949
183	14950
183	14951
183	14952
183	14953
183	14954
183	14955
183	14956
183	14957
183	14958
183	14959
183	14960
184	14961
184	14962
184	14963
184	14964
184	14965
184	14966
184	14967
184	14968
184	14969
184	14970
184	14971
184	14972
184	14973
184	14974
184	14975
184	14976
184	14977
184	14978
184	14979
184	14980
184	14981
184	14982
184	14983
184	14984
184	14985
184	14986
184	14987
184	14988
184	14989
184	14990
184	14991
184	14992
184	14993
184	14994
184	14995
184	14996
184	14997
184	14998
184	14999
184	15000
184	15001
184	15002
184	15003
184	15004
184	15005
184	15006
184	15007
184	15008
184	15009
184	15010
184	15011
184	15012
184	15013
184	15014
184	15015
184	15016
184	15017
184	15018
184	15019
184	15020
184	15021
184	15022
184	15023
184	15024
184	15025
184	15026
184	15027
184	15028
184	15029
184	15030
184	15031
184	15032
184	15033
184	15034
184	15035
184	15036
184	15037
184	15038
184	15039
184	15040
184	15041
184	15042
184	15043
185	15044
185	15045
185	15046
185	15047
185	15048
185	15049
185	15050
185	15051
185	15052
185	15053
185	15054
185	15055
185	15056
185	15057
185	15058
185	15059
185	15060
185	15061
185	15062
185	15063
185	15064
185	15065
185	15066
185	15067
185	15068
185	15069
185	15070
185	15071
185	15072
185	15073
185	15074
185	15075
185	15076
185	15077
185	15078
185	15079
185	15080
185	15081
185	15082
185	15083
185	15084
185	15085
185	15086
185	15087
185	15088
185	15089
185	15090
185	15091
185	15092
185	15093
185	15094
185	15095
185	15096
185	15097
185	15098
185	15099
185	15100
185	15101
185	15102
185	15103
185	15104
185	15105
185	15106
185	15107
185	15108
185	15109
185	15110
185	15111
185	15112
185	15113
185	15114
185	15115
185	15116
185	15117
185	15118
185	15119
185	15120
185	15121
185	15122
185	15123
185	15124
186	15125
186	15126
186	15127
186	15128
186	15129
186	15130
186	15131
186	15132
186	15133
186	15134
186	15135
186	15136
186	15137
186	15138
186	15139
186	15140
186	15141
186	15142
186	15143
186	15144
186	15145
186	15146
186	15147
186	15148
186	15149
186	15150
186	15151
186	15152
186	15153
186	15154
186	15155
186	15156
186	15157
186	15158
186	15159
186	15160
186	15161
186	15162
186	15163
186	15164
186	15165
186	15166
186	15167
186	15168
186	15169
186	15170
186	15171
186	15172
186	15173
186	15174
186	15175
186	15176
186	15177
186	15178
186	15179
186	15180
186	15181
186	15182
186	15183
186	15184
186	15185
186	15186
186	15187
186	15188
186	15189
186	15190
186	15191
186	15192
186	15193
186	15194
186	15195
186	15196
186	15197
186	15198
186	15199
186	15200
186	15201
186	15202
186	15203
186	15204
186	15205
186	15206
186	15207
186	15208
186	15209
186	15210
186	15211
186	15212
186	15213
186	15214
186	15215
186	15216
186	15217
186	15218
186	15219
186	15220
186	15221
186	15222
186	15223
186	15224
186	15225
186	15226
186	15227
186	15228
186	15229
186	15230
186	15231
186	15232
186	15233
186	15234
186	15235
186	15236
186	15237
186	15238
186	15239
186	15240
187	15241
187	15242
187	15243
187	15244
187	15245
187	15246
187	15247
187	15248
187	15249
187	15250
187	15251
187	15252
187	15253
187	15254
187	15255
187	15256
187	15257
187	15258
187	15259
187	15260
187	15261
187	15262
187	15263
187	15264
187	15265
187	15266
187	15267
187	15268
187	15269
187	15270
187	15271
187	15272
187	15273
187	15274
187	15275
187	15276
187	15277
187	15278
187	15279
187	15280
187	15281
187	15282
187	15283
187	15284
187	15285
187	15286
187	15287
187	15288
187	15289
187	15290
187	15291
187	15292
187	15293
187	15294
187	15295
187	15296
187	15297
187	15298
187	15299
188	15300
188	15301
188	15302
188	15303
188	15304
188	15305
188	15306
188	15307
188	15308
188	15309
188	15310
188	15311
188	15312
188	15313
188	15314
188	15315
188	15316
188	15317
188	15318
188	15319
188	15320
188	15321
188	15322
188	15323
188	15324
188	15325
188	15326
188	15327
188	15328
188	15329
188	15330
188	15331
188	15332
188	15333
188	15334
188	15335
188	15336
188	15337
188	15338
188	15339
188	15340
188	15341
188	15342
188	15343
188	15344
188	15345
188	15346
188	15347
188	15348
188	15349
188	15350
188	15351
188	15352
188	15353
188	15354
188	15355
188	15356
188	15357
188	15358
188	15359
188	15360
188	15361
188	15362
188	15363
188	15364
188	15365
188	15366
188	15367
188	15368
188	15369
188	15370
188	15371
188	15372
188	15373
188	15374
188	15375
188	15376
188	15377
188	15378
188	15379
188	15380
188	15381
188	15382
188	15383
188	15384
188	15385
189	15386
189	15387
189	15388
189	15389
189	15390
189	15391
189	15392
189	15393
189	15394
189	15395
189	15396
189	15397
189	15398
189	15399
189	15400
189	15401
189	15402
189	15403
189	15404
189	15405
189	15406
189	15407
189	15408
189	15409
189	15410
189	15411
189	15412
189	15413
189	15414
189	15415
189	15416
189	15417
189	15418
189	15419
189	15420
189	15421
189	15422
189	15423
189	15424
189	15425
189	15426
189	15427
189	15428
189	15429
189	15430
189	15431
189	15432
189	15433
189	15434
189	15435
189	15436
189	15437
189	15438
189	15439
189	15440
189	15441
189	15442
189	15443
189	15444
189	15445
189	15446
189	15447
189	15448
189	15449
189	15450
189	15451
189	15452
189	15453
189	15454
189	15455
189	15456
189	15457
189	15458
189	15459
189	15460
189	15461
189	15462
189	15463
189	15464
189	15465
189	15466
189	15467
189	15468
189	15469
189	15470
189	15471
189	15472
189	15473
189	15474
189	15475
189	15476
189	15477
189	15478
189	15479
189	15480
189	15481
189	15482
189	15483
189	15484
189	15485
189	15486
189	15487
189	15488
189	15489
189	15490
189	15491
189	15492
189	15493
189	15494
189	15495
189	15496
189	15497
189	15498
189	15499
190	15500
190	15501
190	15502
190	15503
190	15504
190	15505
190	15506
190	15507
190	15508
190	15509
190	15510
190	15511
190	15512
190	15513
190	15514
190	15515
190	15516
190	15517
190	15518
190	15519
190	15520
190	15521
190	15522
190	15523
190	15524
190	15525
190	15526
190	15527
190	15528
190	15529
190	15530
190	15531
190	15532
190	15533
190	15534
190	15535
190	15536
190	15537
190	15538
190	15539
190	15540
190	15541
190	15542
190	15543
190	15544
190	15545
190	15546
190	15547
190	15548
190	15549
190	15550
190	15551
190	15552
190	15553
190	15554
190	15555
190	15556
190	15557
190	15558
190	15559
190	15560
190	15561
190	15562
190	15563
190	15564
190	15565
190	15566
190	15567
190	15568
190	15569
190	15570
190	15571
190	15572
190	15573
190	15574
190	15575
190	15576
190	15577
190	15578
190	15579
191	15580
191	15581
191	15582
191	15583
191	15584
191	15585
191	15586
191	15587
191	15588
191	15589
191	15590
191	15591
191	15592
191	15593
191	15594
191	15595
191	15596
191	15597
191	15598
191	15599
191	15600
191	15601
191	15602
191	15603
191	15604
191	15605
191	15606
191	15607
191	15608
191	15609
191	15610
191	15611
191	15612
191	15613
191	15614
191	15615
191	15616
191	15617
191	15618
191	15619
191	15620
191	15621
191	15622
191	15623
191	15624
191	15625
191	15626
191	15627
191	15628
191	15629
191	15630
191	15631
191	15632
191	15633
191	15634
191	15635
191	15636
191	15637
191	15638
192	15639
192	15640
192	15641
192	15642
192	15643
192	15644
192	15645
192	15646
192	15647
192	15648
192	15649
192	15650
192	15651
192	15652
192	15653
192	15654
192	15655
192	15656
192	15657
192	15658
192	15659
192	15660
192	15661
192	15662
192	15663
192	15664
192	15665
192	15666
192	15667
192	15668
192	15669
192	15670
192	15671
192	15672
192	15673
192	15674
192	15675
192	15676
192	15677
192	15678
192	15679
192	15680
192	15681
192	15682
192	15683
192	15684
192	15685
192	15686
192	15687
192	15688
192	15689
192	15690
192	15691
192	15692
192	15693
192	15694
192	15695
192	15696
192	15697
192	15698
192	15699
192	15700
192	15701
192	15702
192	15703
192	15704
192	15705
192	15706
192	15707
192	15708
192	15709
192	15710
192	15711
192	15712
192	15713
192	15714
192	15715
192	15716
192	15717
192	15718
193	15719
193	15720
193	15721
193	15722
193	15723
193	15724
193	15725
193	15726
193	15727
193	15728
193	15729
193	15730
193	15731
193	15732
193	15733
193	15734
193	15735
193	15736
193	15737
193	15738
193	15739
193	15740
193	15741
193	15742
193	15743
193	15744
193	15745
193	15746
193	15747
193	15748
193	15749
193	15750
193	15751
193	15752
193	15753
193	15754
193	15755
193	15756
193	15757
193	15758
193	15759
193	15760
193	15761
193	15762
193	15763
193	15764
193	15765
193	15766
193	15767
193	15768
193	15769
193	15770
193	15771
193	15772
193	15773
193	15774
194	15775
194	15776
194	15777
194	15778
194	15779
194	15780
194	15781
194	15782
194	15783
194	15784
194	15785
194	15786
194	15787
194	15788
194	15789
194	15790
194	15791
194	15792
194	15793
194	15794
194	15795
194	15796
194	15797
194	15798
194	15799
194	15800
194	15801
194	15802
194	15803
194	15804
194	15805
194	15806
194	15807
194	15808
194	15809
194	15810
194	15811
194	15812
194	15813
194	15814
194	15815
194	15816
194	15817
194	15818
194	15819
194	15820
194	15821
194	15822
194	15823
194	15824
194	15825
194	15826
194	15827
194	15828
195	15829
195	15830
195	15831
195	15832
195	15833
195	15834
195	15835
195	15836
195	15837
195	15838
195	15839
195	15840
195	15841
195	15842
195	15843
195	15844
195	15845
195	15846
195	15847
195	15848
195	15849
195	15850
195	15851
195	15852
195	15853
195	15854
195	15855
195	15856
195	15857
195	15858
195	15859
195	15860
195	15861
195	15862
195	15863
195	15864
195	15865
195	15866
195	15867
195	15868
195	15869
195	15870
195	15871
195	15872
195	15873
195	15874
195	15875
195	15876
195	15877
195	15878
195	15879
195	15880
195	15881
195	15882
195	15883
195	15884
195	15885
195	15886
195	15887
195	15888
195	15889
195	15890
195	15891
195	15892
195	15893
195	15894
195	15895
195	15896
195	15897
195	15898
195	15899
195	15900
195	15901
195	15902
195	15903
195	15904
195	15905
195	15906
195	15907
196	15908
196	15909
196	15910
196	15911
196	15912
196	15913
196	15914
196	15915
196	15916
196	15917
196	15918
196	15919
196	15920
196	15921
196	15922
196	15923
196	15924
196	15925
196	15926
196	15927
196	15928
196	15929
196	15930
196	15931
196	15932
196	15933
196	15934
196	15935
196	15936
196	15937
196	15938
196	15939
196	15940
196	15941
196	15942
196	15943
196	15944
196	15945
196	15946
196	15947
196	15948
196	15949
196	15950
196	15951
196	15952
196	15953
196	15954
196	15955
196	15956
196	15957
196	15958
196	15959
196	15960
196	15961
196	15962
196	15963
196	15964
196	15965
196	15966
196	15967
196	15968
196	15969
196	15970
196	15971
196	15972
196	15973
196	15974
196	15975
196	15976
196	15977
196	15978
196	15979
196	15980
196	15981
197	15982
197	15983
197	15984
197	15985
197	15986
197	15987
197	15988
197	15989
197	15990
197	15991
197	15992
197	15993
197	15994
197	15995
197	15996
197	15997
197	15998
197	15999
197	16000
197	16001
197	16002
197	16003
197	16004
197	16005
197	16006
197	16007
197	16008
197	16009
197	16010
197	16011
197	16012
197	16013
197	16014
197	16015
197	16016
197	16017
197	16018
197	16019
197	16020
197	16021
197	16022
197	16023
197	16024
197	16025
197	16026
197	16027
197	16028
197	16029
197	16030
197	16031
197	16032
197	16033
197	16034
197	16035
197	16036
197	16037
197	16038
197	16039
197	16040
197	16041
197	16042
197	16043
197	16044
197	16045
197	16046
197	16047
197	16048
197	16049
197	16050
197	16051
197	16052
197	16053
197	16054
197	16055
197	16056
197	16057
197	16058
197	16059
197	16060
197	16061
197	16062
197	16063
197	16064
197	16065
197	16066
197	16067
197	16068
197	16069
197	16070
197	16071
197	16072
197	16073
197	16074
197	16075
197	16076
197	16077
197	16078
197	16079
197	16080
198	16081
198	16082
198	16083
198	16084
198	16085
198	16086
198	16087
198	16088
198	16089
198	16090
198	16091
198	16092
198	16093
198	16094
198	16095
198	16096
198	16097
198	16098
198	16099
198	16100
198	16101
198	16102
198	16103
198	16104
198	16105
198	16106
198	16107
198	16108
198	16109
198	16110
198	16111
198	16112
198	16113
198	16114
198	16115
198	16116
198	16117
198	16118
198	16119
198	16120
198	16121
198	16122
198	16123
198	16124
198	16125
198	16126
198	16127
198	16128
198	16129
198	16130
198	16131
198	16132
198	16133
198	16134
198	16135
198	16136
198	16137
198	16138
198	16139
198	16140
198	16141
198	16142
198	16143
198	16144
198	16145
198	16146
198	16147
198	16148
198	16149
198	16150
198	16151
198	16152
199	16153
199	16154
199	16155
199	16156
199	16157
199	16158
199	16159
199	16160
199	16161
199	16162
199	16163
199	16164
199	16165
199	16166
199	16167
199	16168
199	16169
199	16170
199	16171
199	16172
199	16173
199	16174
199	16175
199	16176
199	16177
199	16178
199	16179
199	16180
199	16181
199	16182
199	16183
199	16184
199	16185
199	16186
199	16187
199	16188
199	16189
199	16190
199	16191
199	16192
199	16193
199	16194
199	16195
199	16196
199	16197
199	16198
199	16199
199	16200
199	16201
199	16202
199	16203
199	16204
199	16205
199	16206
199	16207
199	16208
199	16209
199	16210
199	16211
199	16212
199	16213
199	16214
199	16215
199	16216
199	16217
199	16218
199	16219
199	16220
199	16221
199	16222
199	16223
199	16224
199	16225
199	16226
199	16227
199	16228
199	16229
199	16230
199	16231
199	16232
199	16233
199	16234
199	16235
199	16236
199	16237
199	16238
200	16239
200	16240
200	16241
200	16242
200	16243
200	16244
200	16245
200	16246
200	16247
200	16248
200	16249
200	16250
200	16251
200	16252
200	16253
200	16254
200	16255
200	16256
200	16257
200	16258
200	16259
200	16260
200	16261
200	16262
200	16263
200	16264
200	16265
200	16266
200	16267
200	16268
200	16269
200	16270
200	16271
200	16272
200	16273
200	16274
200	16275
200	16276
200	16277
200	16278
200	16279
200	16280
200	16281
200	16282
200	16283
200	16284
200	16285
200	16286
200	16287
200	16288
200	16289
200	16290
200	16291
200	16292
200	16293
200	16294
200	16295
200	16296
200	16297
200	16298
200	16299
200	16300
200	16301
201	16302
201	16303
201	16304
201	16305
201	16306
201	16307
201	16308
201	16309
201	16310
201	16311
201	16312
201	16313
201	16314
201	16315
201	16316
201	16317
201	16318
201	16319
201	16320
201	16321
201	16322
201	16323
201	16324
201	16325
201	16326
201	16327
201	16328
201	16329
201	16330
201	16331
201	16332
201	16333
201	16334
201	16335
201	16336
201	16337
201	16338
201	16339
201	16340
201	16341
201	16342
201	16343
201	16344
201	16345
201	16346
201	16347
201	16348
201	16349
201	16350
201	16351
201	16352
201	16353
201	16354
201	16355
201	16356
201	16357
201	16358
201	16359
201	16360
201	16361
202	16362
202	16363
202	16364
202	16365
202	16366
202	16367
202	16368
202	16369
202	16370
202	16371
202	16372
202	16373
202	16374
202	16375
202	16376
202	16377
202	16378
202	16379
202	16380
202	16381
202	16382
202	16383
202	16384
202	16385
202	16386
202	16387
202	16388
202	16389
202	16390
202	16391
202	16392
202	16393
202	16394
202	16395
202	16396
202	16397
202	16398
202	16399
202	16400
202	16401
202	16402
202	16403
202	16404
202	16405
202	16406
202	16407
202	16408
202	16409
202	16410
202	16411
202	16412
202	16413
202	16414
202	16415
202	16416
202	16417
202	16418
202	16419
202	16420
202	16421
202	16422
202	16423
202	16424
203	16425
203	16426
203	16427
203	16428
203	16429
203	16430
203	16431
203	16432
203	16433
203	16434
203	16435
203	16436
203	16437
203	16438
203	16439
203	16440
203	16441
203	16442
203	16443
203	16444
203	16445
203	16446
203	16447
203	16448
203	16449
203	16450
203	16451
203	16452
203	16453
203	16454
203	16455
203	16456
203	16457
203	16458
203	16459
203	16460
203	16461
203	16462
203	16463
203	16464
203	16465
203	16466
203	16467
203	16468
203	16469
203	16470
203	16471
203	16472
203	16473
203	16474
203	16475
203	16476
203	16477
203	16478
203	16479
203	16480
203	16481
203	16482
203	16483
203	16484
203	16485
203	16486
203	16487
203	16488
203	16489
203	16490
203	16491
203	16492
203	16493
203	16494
203	16495
203	16496
203	16497
203	16498
203	16499
203	16500
203	16501
203	16502
203	16503
203	16504
204	16505
204	16506
204	16507
204	16508
204	16509
204	16510
204	16511
204	16512
204	16513
204	16514
204	16515
204	16516
204	16517
204	16518
204	16519
204	16520
204	16521
204	16522
204	16523
204	16524
204	16525
204	16526
204	16527
204	16528
204	16529
204	16530
204	16531
204	16532
204	16533
204	16534
204	16535
204	16536
204	16537
204	16538
204	16539
204	16540
204	16541
204	16542
204	16543
204	16544
204	16545
204	16546
204	16547
204	16548
204	16549
204	16550
204	16551
204	16552
204	16553
204	16554
204	16555
204	16556
204	16557
204	16558
204	16559
204	16560
204	16561
204	16562
204	16563
204	16564
204	16565
204	16566
204	16567
204	16568
204	16569
204	16570
204	16571
204	16572
204	16573
204	16574
204	16575
204	16576
204	16577
204	16578
204	16579
204	16580
204	16581
204	16582
204	16583
204	16584
204	16585
204	16586
204	16587
204	16588
204	16589
204	16590
204	16591
204	16592
204	16593
204	16594
204	16595
204	16596
204	16597
204	16598
204	16599
204	16600
204	16601
204	16602
204	16603
204	16604
204	16605
205	16606
205	16607
205	16608
205	16609
205	16610
205	16611
205	16612
205	16613
205	16614
205	16615
205	16616
205	16617
205	16618
205	16619
205	16620
205	16621
205	16622
205	16623
205	16624
205	16625
205	16626
205	16627
205	16628
205	16629
205	16630
205	16631
205	16632
205	16633
205	16634
205	16635
205	16636
205	16637
205	16638
205	16639
205	16640
205	16641
205	16642
205	16643
205	16644
205	16645
205	16646
205	16647
205	16648
205	16649
205	16650
205	16651
205	16652
205	16653
205	16654
205	16655
205	16656
205	16657
205	16658
205	16659
205	16660
205	16661
205	16662
205	16663
205	16664
205	16665
205	16666
205	16667
205	16668
205	16669
205	16670
205	16671
205	16672
205	16673
205	16674
205	16675
205	16676
205	16677
205	16678
205	16679
205	16680
205	16681
205	16682
205	16683
205	16684
205	16685
205	16686
205	16687
205	16688
205	16689
205	16690
205	16691
205	16692
205	16693
205	16694
205	16695
205	16696
205	16697
205	16698
205	16699
205	16700
205	16701
205	16702
205	16703
205	16704
205	16705
205	16706
205	16707
205	16708
205	16709
205	16710
205	16711
205	16712
205	16713
205	16714
205	16715
205	16716
205	16717
206	16718
206	16719
206	16720
206	16721
206	16722
206	16723
206	16724
206	16725
206	16726
206	16727
206	16728
206	16729
206	16730
206	16731
206	16732
206	16733
206	16734
206	16735
206	16736
206	16737
206	16738
206	16739
206	16740
206	16741
206	16742
206	16743
206	16744
206	16745
206	16746
206	16747
206	16748
206	16749
206	16750
206	16751
206	16752
206	16753
206	16754
206	16755
206	16756
206	16757
206	16758
206	16759
206	16760
206	16761
206	16762
206	16763
206	16764
206	16765
206	16766
206	16767
206	16768
206	16769
206	16770
206	16771
206	16772
206	16773
206	16774
206	16775
206	16776
206	16777
206	16778
206	16779
206	16780
206	16781
206	16782
206	16783
206	16784
206	16785
206	16786
206	16787
206	16788
206	16789
206	16790
206	16791
206	16792
206	16793
206	16794
206	16795
206	16796
206	16797
206	16798
206	16799
206	16800
206	16801
206	16802
206	16803
206	16804
207	16805
207	16806
207	16807
207	16808
207	16809
207	16810
207	16811
207	16812
207	16813
207	16814
207	16815
207	16816
207	16817
207	16818
207	16819
207	16820
207	16821
207	16822
207	16823
207	16824
207	16825
207	16826
207	16827
207	16828
207	16829
207	16830
207	16831
207	16832
207	16833
207	16834
207	16835
207	16836
207	16837
207	16838
207	16839
207	16840
207	16841
207	16842
207	16843
207	16844
207	16845
207	16846
207	16847
207	16848
207	16849
207	16850
207	16851
207	16852
207	16853
207	16854
207	16855
207	16856
207	16857
207	16858
207	16859
207	16860
207	16861
207	16862
207	16863
207	16864
207	16865
207	16866
207	16867
207	16868
207	16869
207	16870
207	16871
207	16872
207	16873
207	16874
207	16875
207	16876
207	16877
207	16878
207	16879
207	16880
207	16881
207	16882
207	16883
207	16884
207	16885
207	16886
207	16887
207	16888
207	16889
207	16890
207	16891
207	16892
207	16893
207	16894
207	16895
207	16896
207	16897
207	16898
207	16899
207	16900
207	16901
207	16902
207	16903
207	16904
208	16905
208	16906
208	16907
208	16908
208	16909
208	16910
208	16911
208	16912
208	16913
208	16914
208	16915
208	16916
208	16917
208	16918
208	16919
208	16920
208	16921
208	16922
208	16923
208	16924
208	16925
208	16926
208	16927
208	16928
208	16929
208	16930
208	16931
208	16932
208	16933
208	16934
208	16935
208	16936
208	16937
208	16938
208	16939
208	16940
208	16941
208	16942
208	16943
208	16944
208	16945
208	16946
208	16947
208	16948
208	16949
208	16950
208	16951
208	16952
208	16953
208	16954
208	16955
208	16956
208	16957
208	16958
208	16959
208	16960
208	16961
208	16962
208	16963
208	16964
208	16965
208	16966
209	16967
209	16968
209	16969
209	16970
209	16971
209	16972
209	16973
209	16974
209	16975
209	16976
209	16977
209	16978
209	16979
209	16980
209	16981
209	16982
209	16983
209	16984
209	16985
209	16986
209	16987
209	16988
209	16989
209	16990
209	16991
209	16992
209	16993
209	16994
209	16995
209	16996
209	16997
209	16998
209	16999
209	17000
209	17001
209	17002
209	17003
209	17004
209	17005
209	17006
209	17007
209	17008
209	17009
209	17010
209	17011
209	17012
209	17013
209	17014
209	17015
209	17016
209	17017
209	17018
209	17019
209	17020
209	17021
209	17022
209	17023
209	17024
209	17025
209	17026
209	17027
209	17028
209	17029
209	17030
209	17031
209	17032
209	17033
209	17034
209	17035
209	17036
209	17037
209	17038
209	17039
209	17040
209	17041
209	17042
209	17043
209	17044
209	17045
209	17046
209	17047
209	17048
209	17049
209	17050
209	17051
209	17052
209	17053
209	17054
209	17055
209	17056
209	17057
209	17058
209	17059
209	17060
209	17061
209	17062
209	17063
209	17064
209	17065
209	17066
209	17067
209	17068
209	17069
209	17070
209	17071
209	17072
209	17073
209	17074
209	17075
210	17076
210	17077
210	17078
210	17079
210	17080
210	17081
210	17082
210	17083
210	17084
210	17085
210	17086
210	17087
210	17088
210	17089
210	17090
210	17091
210	17092
210	17093
210	17094
210	17095
210	17096
210	17097
210	17098
210	17099
210	17100
210	17101
210	17102
210	17103
210	17104
210	17105
210	17106
210	17107
210	17108
210	17109
210	17110
210	17111
210	17112
210	17113
210	17114
210	17115
210	17116
210	17117
210	17118
210	17119
210	17120
210	17121
210	17122
210	17123
210	17124
210	17125
210	17126
210	17127
210	17128
210	17129
210	17130
210	17131
210	17132
210	17133
210	17134
210	17135
210	17136
210	17137
210	17138
211	17139
211	17140
211	17141
211	17142
211	17143
211	17144
211	17145
211	17146
211	17147
211	17148
211	17149
211	17150
211	17151
211	17152
211	17153
211	17154
211	17155
211	17156
211	17157
211	17158
211	17159
211	17160
211	17161
211	17162
211	17163
211	17164
211	17165
211	17166
211	17167
211	17168
211	17169
211	17170
211	17171
211	17172
211	17173
211	17174
211	17175
211	17176
211	17177
211	17178
211	17179
211	17180
211	17181
211	17182
211	17183
211	17184
211	17185
211	17186
211	17187
211	17188
211	17189
211	17190
211	17191
211	17192
211	17193
211	17194
211	17195
211	17196
211	17197
211	17198
211	17199
211	17200
211	17201
211	17202
211	17203
211	17204
211	17205
211	17206
211	17207
211	17208
211	17209
211	17210
211	17211
211	17212
211	17213
211	17214
211	17215
211	17216
211	17217
211	17218
211	17219
211	17220
211	17221
212	17222
212	17223
212	17224
212	17225
212	17226
212	17227
212	17228
212	17229
212	17230
212	17231
212	17232
212	17233
212	17234
212	17235
212	17236
212	17237
212	17238
212	17239
212	17240
212	17241
212	17242
212	17243
212	17244
212	17245
212	17246
212	17247
212	17248
212	17249
212	17250
212	17251
212	17252
212	17253
212	17254
212	17255
212	17256
212	17257
212	17258
212	17259
212	17260
212	17261
212	17262
212	17263
212	17264
212	17265
212	17266
212	17267
212	17268
212	17269
212	17270
212	17271
212	17272
212	17273
212	17274
212	17275
212	17276
212	17277
212	17278
212	17279
212	17280
212	17281
212	17282
212	17283
212	17284
212	17285
212	17286
212	17287
212	17288
212	17289
212	17290
212	17291
212	17292
212	17293
213	17294
213	17295
213	17296
213	17297
213	17298
213	17299
213	17300
213	17301
213	17302
213	17303
213	17304
213	17305
213	17306
213	17307
213	17308
213	17309
213	17310
213	17311
213	17312
213	17313
213	17314
213	17315
213	17316
213	17317
213	17318
213	17319
213	17320
213	17321
213	17322
213	17323
213	17324
213	17325
213	17326
213	17327
213	17328
213	17329
213	17330
213	17331
213	17332
213	17333
213	17334
213	17335
213	17336
213	17337
213	17338
213	17339
213	17340
213	17341
213	17342
213	17343
213	17344
213	17345
213	17346
213	17347
213	17348
213	17349
213	17350
213	17351
213	17352
213	17353
213	17354
213	17355
213	17356
213	17357
213	17358
213	17359
213	17360
213	17361
213	17362
214	17363
214	17364
214	17365
214	17366
214	17367
214	17368
214	17369
214	17370
214	17371
214	17372
214	17373
214	17374
214	17375
214	17376
214	17377
214	17378
214	17379
214	17380
214	17381
214	17382
214	17383
214	17384
214	17385
214	17386
214	17387
214	17388
214	17389
214	17390
214	17391
214	17392
214	17393
214	17394
214	17395
214	17396
214	17397
214	17398
214	17399
214	17400
214	17401
214	17402
214	17403
214	17404
214	17405
214	17406
214	17407
214	17408
214	17409
214	17410
214	17411
214	17412
214	17413
215	17414
215	17415
215	17416
215	17417
215	17418
215	17419
215	17420
215	17421
215	17422
215	17423
215	17424
215	17425
215	17426
215	17427
215	17428
215	17429
215	17430
215	17431
215	17432
215	17433
215	17434
215	17435
215	17436
215	17437
215	17438
215	17439
215	17440
215	17441
215	17442
215	17443
215	17444
215	17445
215	17446
215	17447
215	17448
215	17449
215	17450
215	17451
215	17452
215	17453
215	17454
215	17455
215	17456
215	17457
215	17458
215	17459
215	17460
215	17461
215	17462
215	17463
215	17464
215	17465
215	17466
215	17467
215	17468
215	17469
215	17470
215	17471
215	17472
215	17473
215	17474
215	17475
215	17476
215	17477
215	17478
216	17479
216	17480
216	17481
216	17482
216	17483
216	17484
216	17485
216	17486
216	17487
216	17488
216	17489
216	17490
216	17491
216	17492
216	17493
216	17494
216	17495
216	17496
216	17497
216	17498
216	17499
216	17500
216	17501
216	17502
216	17503
216	17504
216	17505
216	17506
216	17507
216	17508
216	17509
216	17510
216	17511
216	17512
216	17513
216	17514
216	17515
216	17516
216	17517
216	17518
216	17519
216	17520
216	17521
216	17522
216	17523
216	17524
216	17525
216	17526
216	17527
216	17528
216	17529
216	17530
216	17531
216	17532
216	17533
216	17534
216	17535
216	17536
216	17537
216	17538
216	17539
216	17540
216	17541
216	17542
216	17543
216	17544
216	17545
216	17546
216	17547
216	17548
216	17549
216	17550
216	17551
216	17552
216	17553
216	17554
216	17555
216	17556
217	17557
217	17558
217	17559
217	17560
217	17561
217	17562
217	17563
217	17564
217	17565
217	17566
217	17567
217	17568
217	17569
217	17570
217	17571
217	17572
217	17573
217	17574
217	17575
217	17576
217	17577
217	17578
217	17579
217	17580
217	17581
217	17582
217	17583
217	17584
217	17585
217	17586
217	17587
217	17588
217	17589
217	17590
217	17591
217	17592
217	17593
217	17594
217	17595
217	17596
217	17597
217	17598
217	17599
217	17600
217	17601
217	17602
217	17603
217	17604
217	17605
217	17606
217	17607
217	17608
217	17609
217	17610
217	17611
217	17612
217	17613
217	17614
217	17615
217	17616
217	17617
217	17618
217	17619
217	17620
217	17621
217	17622
217	17623
217	17624
217	17625
217	17626
217	17627
217	17628
217	17629
218	17630
218	17631
218	17632
218	17633
218	17634
218	17635
218	17636
218	17637
218	17638
218	17639
218	17640
218	17641
218	17642
218	17643
218	17644
218	17645
218	17646
218	17647
218	17648
218	17649
218	17650
218	17651
218	17652
218	17653
218	17654
218	17655
218	17656
218	17657
218	17658
218	17659
218	17660
218	17661
218	17662
218	17663
218	17664
218	17665
218	17666
218	17667
218	17668
218	17669
218	17670
218	17671
218	17672
218	17673
218	17674
218	17675
218	17676
218	17677
218	17678
218	17679
218	17680
218	17681
218	17682
218	17683
218	17684
218	17685
218	17686
218	17687
218	17688
218	17689
218	17690
218	17691
218	17692
218	17693
218	17694
218	17695
218	17696
218	17697
218	17698
218	17699
218	17700
218	17701
218	17702
218	17703
218	17704
218	17705
218	17706
218	17707
218	17708
218	17709
218	17710
218	17711
218	17712
218	17713
218	17714
218	17715
218	17716
218	17717
218	17718
218	17719
218	17720
218	17721
218	17722
218	17723
218	17724
218	17725
218	17726
218	17727
218	17728
218	17729
218	17730
218	17731
218	17732
218	17733
218	17734
218	17735
218	17736
218	17737
218	17738
219	17739
219	17740
219	17741
219	17742
219	17743
219	17744
219	17745
219	17746
219	17747
219	17748
219	17749
219	17750
219	17751
219	17752
219	17753
219	17754
219	17755
219	17756
219	17757
219	17758
219	17759
219	17760
219	17761
219	17762
219	17763
219	17764
219	17765
219	17766
219	17767
219	17768
219	17769
219	17770
219	17771
219	17772
219	17773
219	17774
219	17775
219	17776
219	17777
219	17778
219	17779
219	17780
219	17781
219	17782
219	17783
219	17784
219	17785
219	17786
219	17787
219	17788
219	17789
219	17790
219	17791
219	17792
219	17793
219	17794
219	17795
219	17796
219	17797
219	17798
219	17799
219	17800
219	17801
219	17802
219	17803
219	17804
219	17805
220	17806
220	17807
220	17808
220	17809
220	17810
220	17811
220	17812
220	17813
220	17814
220	17815
220	17816
220	17817
220	17818
220	17819
220	17820
220	17821
220	17822
220	17823
220	17824
220	17825
220	17826
220	17827
220	17828
220	17829
220	17830
220	17831
220	17832
220	17833
220	17834
220	17835
220	17836
220	17837
220	17838
220	17839
220	17840
220	17841
220	17842
220	17843
220	17844
220	17845
220	17846
220	17847
220	17848
220	17849
220	17850
220	17851
220	17852
220	17853
220	17854
220	17855
220	17856
220	17857
220	17858
220	17859
220	17860
220	17861
220	17862
220	17863
220	17864
220	17865
220	17866
220	17867
220	17868
220	17869
220	17870
220	17871
220	17872
220	17873
220	17874
220	17875
220	17876
220	17877
220	17878
220	17879
220	17880
220	17881
220	17882
220	17883
220	17884
220	17885
220	17886
220	17887
220	17888
220	17889
220	17890
220	17891
220	17892
220	17893
220	17894
220	17895
220	17896
221	17897
221	17898
221	17899
221	17900
221	17901
221	17902
221	17903
221	17904
221	17905
221	17906
221	17907
221	17908
221	17909
221	17910
221	17911
221	17912
221	17913
221	17914
221	17915
221	17916
221	17917
221	17918
221	17919
221	17920
221	17921
221	17922
221	17923
221	17924
221	17925
221	17926
221	17927
221	17928
221	17929
221	17930
221	17931
221	17932
221	17933
221	17934
221	17935
221	17936
221	17937
221	17938
221	17939
221	17940
221	17941
221	17942
221	17943
221	17944
221	17945
221	17946
221	17947
221	17948
221	17949
221	17950
221	17951
221	17952
221	17953
221	17954
221	17955
221	17956
221	17957
221	17958
221	17959
221	17960
221	17961
221	17962
221	17963
221	17964
221	17965
221	17966
221	17967
221	17968
221	17969
221	17970
221	17971
221	17972
221	17973
221	17974
221	17975
221	17976
221	17977
221	17978
221	17979
221	17980
221	17981
221	17982
221	17983
221	17984
222	17985
222	17986
222	17987
222	17988
222	17989
222	17990
222	17991
222	17992
222	17993
222	17994
222	17995
222	17996
222	17997
222	17998
222	17999
222	18000
222	18001
222	18002
222	18003
222	18004
222	18005
222	18006
222	18007
222	18008
222	18009
222	18010
222	18011
222	18012
222	18013
222	18014
222	18015
222	18016
222	18017
222	18018
222	18019
222	18020
222	18021
222	18022
222	18023
222	18024
222	18025
222	18026
222	18027
222	18028
222	18029
222	18030
222	18031
222	18032
222	18033
222	18034
222	18035
222	18036
222	18037
222	18038
222	18039
222	18040
222	18041
222	18042
222	18043
222	18044
222	18045
222	18046
222	18047
222	18048
222	18049
222	18050
222	18051
222	18052
222	18053
223	18054
223	18055
223	18056
223	18057
223	18058
223	18059
223	18060
223	18061
223	18062
223	18063
223	18064
223	18065
223	18066
223	18067
223	18068
223	18069
223	18070
223	18071
223	18072
223	18073
223	18074
223	18075
223	18076
223	18077
223	18078
223	18079
223	18080
223	18081
223	18082
223	18083
223	18084
223	18085
223	18086
223	18087
223	18088
223	18089
223	18090
223	18091
223	18092
223	18093
223	18094
223	18095
223	18096
223	18097
223	18098
223	18099
223	18100
223	18101
223	18102
223	18103
223	18104
223	18105
223	18106
223	18107
223	18108
223	18109
223	18110
223	18111
223	18112
223	18113
223	18114
223	18115
223	18116
223	18117
223	18118
223	18119
223	18120
223	18121
223	18122
223	18123
223	18124
223	18125
223	18126
223	18127
223	18128
223	18129
223	18130
223	18131
223	18132
223	18133
223	18134
223	18135
223	18136
223	18137
223	18138
224	18139
224	18140
224	18141
224	18142
224	18143
224	18144
224	18145
224	18146
224	18147
224	18148
224	18149
224	18150
224	18151
224	18152
224	18153
224	18154
224	18155
224	18156
224	18157
224	18158
224	18159
224	18160
224	18161
224	18162
224	18163
224	18164
224	18165
224	18166
224	18167
224	18168
224	18169
224	18170
224	18171
224	18172
224	18173
224	18174
224	18175
224	18176
224	18177
224	18178
224	18179
224	18180
224	18181
224	18182
224	18183
224	18184
224	18185
224	18186
224	18187
224	18188
224	18189
224	18190
224	18191
224	18192
224	18193
224	18194
224	18195
224	18196
224	18197
224	18198
224	18199
224	18200
224	18201
224	18202
225	18203
225	18204
225	18205
225	18206
225	18207
225	18208
225	18209
225	18210
225	18211
225	18212
225	18213
225	18214
225	18215
225	18216
225	18217
225	18218
225	18219
225	18220
225	18221
225	18222
225	18223
225	18224
225	18225
225	18226
225	18227
225	18228
225	18229
225	18230
225	18231
225	18232
225	18233
225	18234
225	18235
225	18236
225	18237
225	18238
225	18239
225	18240
225	18241
225	18242
225	18243
225	18244
225	18245
225	18246
225	18247
225	18248
225	18249
225	18250
225	18251
225	18252
226	18253
226	18254
226	18255
226	18256
226	18257
226	18258
226	18259
226	18260
226	18261
226	18262
226	18263
226	18264
226	18265
226	18266
226	18267
226	18268
226	18269
226	18270
226	18271
226	18272
226	18273
226	18274
226	18275
226	18276
226	18277
226	18278
226	18279
226	18280
226	18281
226	18282
226	18283
226	18284
226	18285
226	18286
226	18287
226	18288
226	18289
226	18290
226	18291
226	18292
226	18293
226	18294
226	18295
226	18296
226	18297
226	18298
226	18299
226	18300
226	18301
226	18302
226	18303
226	18304
226	18305
227	18306
227	18307
227	18308
227	18309
227	18310
227	18311
227	18312
227	18313
227	18314
227	18315
227	18316
227	18317
227	18318
227	18319
227	18320
227	18321
227	18322
227	18323
227	18324
227	18325
227	18326
227	18327
227	18328
227	18329
227	18330
227	18331
227	18332
227	18333
227	18334
227	18335
227	18336
227	18337
227	18338
227	18339
227	18340
227	18341
227	18342
227	18343
227	18344
227	18345
227	18346
227	18347
227	18348
227	18349
227	18350
227	18351
227	18352
227	18353
227	18354
227	18355
227	18356
227	18357
227	18358
227	18359
227	18360
227	18361
227	18362
227	18363
227	18364
227	18365
227	18366
227	18367
227	18368
227	18369
227	18370
227	18371
227	18372
227	18373
227	18374
227	18375
227	18376
227	18377
227	18378
227	18379
227	18380
227	18381
227	18382
227	18383
227	18384
227	18385
227	18386
227	18387
227	18388
227	18389
227	18390
227	18391
227	18392
227	18393
227	18394
227	18395
227	18396
