1	1	νεώτερος
1	2	μὲν
1	3	ὢν
1	4	προῃρούμην
1	5	γράφειν
1	6	τῶν
1	7	λόγων
1	8	οὐ
1	9	τοὺς
1	10	μυθώδεις
1	11	οὐ
1	12	δὲ
1	13	τοὺς
1	14	τερατείας
1	15	καὶ
1	16	ψευδολογίας
1	17	μεστούς
1	18	,
1	19	οἷς
1	20	οἱ
1	21	πολλοὶ
1	22	μᾶλλον
1	23	χαίρουσιν
1	24	ἢ
1	25	τοῖς
1	26	περὶ
1	27	τῆς
1	28	αὑτῶν
1	29	σωτηρίας
1	30	λεγομένοις
1	31	,
1	32	οὐ
1	33	δὲ
1	34	τοὺς
1	35	τὰς
1	36	παλαιὰς
1	37	πράξεις
1	38	καὶ
1	39	τοὺς
1	40	πολέμους
1	41	τοὺς
1	42	Ἑλληνικοὺς
1	43	ἐξηγουμένους
1	44	,
1	45	καίπερ
1	46	εἰδὼς
1	47	δικαίως
1	48	αὐτοὺς
1	49	ἐπαινουμένους
1	50	,
1	51	οὐ
1	52	δ’
1	53	αὖ
1	54	τοὺς
1	55	ἁπλῶς
1	56	δοκοῦντας
1	57	εἰρῆσθαι
1	58	καὶ
1	59	μηδεμιᾶς
1	60	κομψότητος
1	61	μετέχοντας
1	62	,
1	63	οὓς
1	64	οἱ
1	65	δεινοὶ
1	66	περὶ
1	67	τοὺς
1	68	ἀγῶνας
1	69	παραινοῦσι
1	70	τοῖς
1	71	νεωτέροις
1	72	μελετᾶν
1	73	,
1	74	εἴπερ
1	75	βούλονται
1	76	πλέον
1	77	ἔχειν
1	78	τῶν
1	79	ἀντιδίκων
1	80	,
2	1	ἀλλὰ
2	2	πάντας
2	3	τούτους
2	4	ἐάσας
2	5	περὶ
2	6	ἐκείνους
2	7	ἐπραγματευόμην
2	8	,
2	9	τοὺς
2	10	περὶ
2	11	τῶν
2	12	συμφερόντων
2	13	τῇ
2	14	τε
2	15	πόλει
2	16	καὶ
2	17	τοῖς
2	18	ἄλλοις
2	19	Ἕλλησι
2	20	συμβουλεύοντας
2	21	,
2	22	καὶ
2	23	πολλῶν
2	24	μὲν
2	25	ἐνθυμημάτων
2	26	γέμοντας
2	27	,
2	28	οὐκ
2	29	ὀλίγων
2	30	δʼ
2	31	ἀντιθέσεων
2	32	καὶ
2	33	παρισώσεων
2	34	καὶ
2	35	τῶν
2	36	ἄλλων
2	37	ἰδεῶν
2	38	τῶν
2	39	ἐν
2	40	ταῖς
2	41	ῥητορείαις
2	42	διαλαμπουσῶν
2	43	καὶ
2	44	τοὺς
2	45	ἀκούοντας
2	46	ἐπισημαίνεσθαι
2	47	καὶ
2	48	θορυβεῖν
2	49	ἀναγκαζουσῶν
2	50	.
3	1	νῦν
3	2	δʼ
3	3	οὐ
3	4	δ’
3	5	ὁπωσοῦν
3	6	τοὺς
3	7	τοιούτους
3	8	.
3	9	ἡγοῦμαι
3	10	γὰρ
3	11	οὐχ
3	12	ἁρμόττειν
3	13	οὔ
3	14	τε
3	15	τοῖς
3	16	ἔτεσι
3	17	τοῖς
3	18	ἐνενήκοντα
3	19	καὶ
3	20	τέτταρσιν
3	21	,
3	22	ἁγὼ
3	23	τυγχάνω
3	24	γεγονώς
3	25	,
3	26	οὔθʼ
3	27	ὅλως
3	28	τοῖς
3	29	ἤδη
3	30	πολιὰς
3	31	ἔχουσιν
3	32	,
3	33	ἐκεῖνον
3	34	τὸν
3	35	τρόπον
3	36	ἔτι
3	37	λέγειν
3	38	,
3	39	ἀλλʼ
3	40	ὡς
3	41	ἅπαντες
3	42	μὲν
3	43	ἂν
3	44	ἐλπίσειαν
3	45	εἰ
3	46	βουληθεῖεν
3	47	,
3	48	οὐδεὶς
3	49	δʼ
3	50	ἂν
3	51	δυνηθείη
3	52	ῥᾳδίως
3	53	πλὴν
3	54	τῶν
3	55	πονεῖν
3	56	ἐθελόντων
3	57	καὶ
3	58	σφόδρα
3	59	προσεχόντων
3	60	τὸν
3	61	νοῦν
3	62	.
4	1	τούτου
4	2	δʼ
4	3	ἕνεκεν
4	4	ταῦτα
4	5	προεῖπον
4	6	,
4	7	ἵνʼ
4	8	ἤν
4	9	τισιν
4	10	ὁ
4	11	μέλλων
4	12	δειχθήσεσθαι
4	13	λόγος
4	14	μαλακώτερος
4	15	ὢν
4	16	φαίνηται
4	17	τῶν
4	18	πρότερον
4	19	διαδεδομένων
4	20	,
4	21	μὴ
4	22	παραβάλλωσι
4	23	πρὸς
4	24	τὴν
4	25	ἐκείνων
4	26	ποικιλίαν
4	27	,
4	28	ἀλλὰ
4	29	πρὸς
4	30	τὴν
4	31	ὑπόθεσιν
4	32	αὐτὸν
4	33	κρίνωσι
4	34	τὴν
4	35	ἐν
4	36	τῷ
4	37	παρόντι
4	38	δεδοκιμασμένην
4	39	.
5	1	διαλέξομαι
5	2	δὲ
5	3	περί
5	4	τε
5	5	τῶν
5	6	τῇ
5	7	πόλει
5	8	πεπραγμένων
5	9	καὶ
5	10	περὶ
5	11	τῆς
5	12	τῶν
5	13	προγόνων
5	14	ἀρετῆς
5	15	,
5	16	οὐκ
5	17	ἀπὸ
5	18	τούτων
5	19	ἀρξάμενος
5	20	,
5	21	ἀλλʼ
5	22	ἀπὸ
5	23	τῶν
5	24	ἐμοὶ
5	25	συμβεβηκότων
5	26	·
5	27	ἐντεῦθεν
5	28	γὰρ
5	29	οἶμαι
5	30	μᾶλλον
5	31	κατεπείγειν
5	32	.
5	33	πειρώμενος
5	34	γὰρ
5	35	ἀναμαρτήτως
5	36	ζῆν
5	37	καὶ
5	38	τοῖς
5	39	ἄλλοις
5	40	ἀλύπως
5	41	,
5	42	οὐδένα
5	43	διαλέλοιπα
5	44	χρόνον
5	45	ὑπὸ
5	46	μὲν
5	47	τῶν
5	48	σοφιστῶν
5	49	τῶν
5	50	ἀδοκίμων
5	51	καὶ
5	52	πονηρῶν
5	53	διαβαλλόμενος
5	54	,
5	55	ὑπʼ
5	56	ἄλλων
5	57	δέ
5	58	τινων
5	59	οὐχ
5	60	οἷός
5	61	εἰμι
5	62	γιγνωσκόμενος
5	63	,
5	64	ἀλλὰ
5	65	τοιοῦτος
5	66	ὑπολαμβανόμενος
5	67	οἷον
5	68	ἂν
5	69	παρʼ
5	70	ἑτέρων
5	71	ἀκούσωσιν
5	72	.
6	1	βούλομαι
6	2	οὖν
6	3	προδιαλεχθῆναι
6	4	περί
6	5	τʼ
6	6	ἐμαυτοῦ
6	7	καὶ
6	8	περὶ
6	9	τῶν
6	10	οὕτω
6	11	πρός
6	12	με
6	13	διακειμένων
6	14	,
6	15	ἵνʼ
6	16	ἤν
6	17	πως
6	18	οἷός
6	19	τε
6	20	γένωμαι
6	21	,
6	22	τοὺς
6	23	μὲν
6	24	παύσω
6	25	βλασφημοῦντας
6	26	,
6	27	τοὺς
6	28	δʼ
6	29	εἰδέναι
6	30	ποιήσω
6	31	περὶ
6	32	ἃ
6	33	τυγχάνω
6	34	διατρίβων
6	35	·
6	36	ἢν
6	37	γὰρ
6	38	ταῦτα
6	39	τῷ
6	40	λόγῳ
6	41	δυνηθῶ
6	42	διοικῆσαι
6	43	κατὰ
6	44	τρόπον
6	45	,
6	46	ἐλπίζω
6	47	τὸν
6	48	ἐπίλοιπον
6	49	χρόνον
6	50	αὐτός
6	51	τε
6	52	ἀλύπως
6	53	διάξειν
6	54	,
6	55	καὶ
6	56	τῷ
6	57	λόγῳ
6	58	τῷ
6	59	μέλλοντι
6	60	ῥηθήσεσθαι
6	61	τοὺς
6	62	παρόντας
6	63	μᾶλλον
6	64	προσέξειν
6	65	τὸν
6	66	νοῦν
6	67	.
7	1	οὐκ
7	2	ὀκνήσω
7	3	δὲ
7	4	κατειπεῖν
7	5	οὔ
7	6	τε
7	7	τὴν
7	8	νῦν
7	9	ἐγγιγνομένην
7	10	ἐν
7	11	τῇ
7	12	διανοίᾳ
7	13	μοι
7	14	ταραχήν
7	15	,
7	16	οὔ
7	17	τε
7	18	τὴν
7	19	ἀτοπίαν
7	20	ὧν
7	21	ἐν
7	22	τῷ
7	23	παρόντι
7	24	τυγχάνω
7	25	γιγνώσκων
7	26	,
7	27	οὔ
7	28	τ’
7	29	εἴ
7	30	τι
7	31	πράττω
7	32	τῶν
7	33	δεόντων
7	34	.
7	35	ἐγὼ
7	36	γὰρ
7	37	μετεσχηκὼς
7	38	τῶν
7	39	μεγίστων
7	40	ἀγαθῶν
7	41	,
7	42	ὧν
7	43	ἅπαντες
7	44	ἂν
7	45	εὔξαιντο
7	46	μεταλαβεῖν
7	47	,
7	48	πρῶτον
7	49	μὲν
7	50	τῆς
7	51	περὶ
7	52	τὸ
7	53	σῶμα
7	54	καὶ
7	55	τὴν
7	56	ψυχὴν
7	57	ὑγιείας
7	58	οὐχ
7	59	ὡς
7	60	ἔτυχον
7	61	,
7	62	ἀλλʼ
7	63	ἐναμίλλως
7	64	τοῖς
7	65	μάλιστα
7	66	περὶ
7	67	ἑκάτερον
7	68	τούτων
7	69	εὐτυχηκόσιν
7	70	,
7	71	ἔπειτα
7	72	τῆς
7	73	περὶ
7	74	τὸν
7	75	βίον
7	76	εὐπορίας
7	77	,
7	78	ὥστε
7	79	μηδενὸς
7	80	πώποτʼ
7	81	ἀπορῆσαι
7	82	τῶν
7	83	μετρίων
7	84	μηδʼ
7	85	ὧν
7	86	ἄνθρωπος
7	87	ἂν
7	88	νοῦν
7	89	ἔχων
7	90	ἐπιθυμήσειεν
7	91	,
8	1	ἔτι
8	2	τοῦ
8	3	μὴ
8	4	τῶν
8	5	καταβεβλημένων
8	6	εἷς
8	7	εἶναι
8	8	μη
8	9	δὲ
8	10	τῶν
8	11	κατημελημένων
8	12	,
8	13	ἀλλʼ
8	14	ἐκείνων
8	15	περὶ
8	16	ὧν
8	17	οἱ
8	18	χαριέστατοι
8	19	τῶν
8	20	Ἑλλήνων
8	21	καὶ
8	22	μνησθεῖεν
8	23	ἂν
8	24	καὶ
8	25	διαλεχθεῖεν
8	26	ὡς
8	27	σπουδαίων
8	28	ὄντων,—τούτων
8	29	ἁπάντων
8	30	μοι
8	31	συμβεβηκότων
8	32	τῶν
8	33	μὲν
8	34	ὑπερβαλλόντως
8	35	τῶν
8	36	δʼ
8	37	ἐξαρκούντως
8	38	οὐκ
8	39	ἀγαπῶ
8	40	ζῶν
8	41	ἐπὶ
8	42	τούτοις
8	43	,
8	44	ἀλλʼ
8	45	οὕτω
8	46	τὸ
8	47	γῆράς
8	48	ἐστι
8	49	δυσάρεστον
8	50	καὶ
8	51	μικρολόγον
8	52	καὶ
8	53	μεμψίμοιρον
8	54	,
8	55	ὥστε
8	56	πολλάκις
8	57	ἤδη
8	58	τήν
8	59	τε
8	60	φύσιν
8	61	τὴν
8	62	ἐμαυτοῦ
8	63	κατεμεμψάμην
8	64	,
9	1	ἧς
9	2	οὐδεὶς
9	3	ἄλλος
9	4	καταπεφρόνηκε
9	5	,
9	6	καὶ
9	7	τὴν
9	8	τύχην
9	9	ὠδυράμην
9	10	,
9	11	ταύτῃ
9	12	μὲν
9	13	οὐδὲν
9	14	ἔχων
9	15	ἐπικαλεῖν
9	16	ἄλλο
9	17	πλὴν
9	18	ὅτι
9	19	περὶ
9	20	τὴν
9	21	φιλοσοφίαν
9	22	ἣν
9	23	προειλόμην
9	24	ἀτυχίαι
9	25	τινὲς
9	26	καὶ
9	27	συκοφαντίαι
9	28	γεγόνασι
9	29	,
9	30	τὴν
9	31	δὲ
9	32	φύσιν
9	33	εἰδὼς
9	34	πρὸς
9	35	μὲν
9	36	τὰς
9	37	πράξεις
9	38	ἀρρωστοτέραν
9	39	καὶ
9	40	μαλακωτέραν
9	41	οὖσαν
9	42	τοῦ
9	43	δέοντος
9	44	,
9	45	πρὸς
9	46	δὲ
9	47	τοὺς
9	48	λόγους
9	49	οὔ
9	50	τε
9	51	τελείαν
9	52	οὔ
9	53	τε
9	54	πανταχῇ
9	55	χρησίμην
9	56	,
9	57	ἀλλὰ
9	58	δοξάσαι
9	59	μὲν
9	60	περὶ
9	61	ἑκάστου
9	62	τὴν
9	63	ἀλήθειαν
9	64	μᾶλλον
9	65	δυναμένην
9	66	τῶν
9	67	εἰδέναι
9	68	φασκόντων
9	69	,
9	70	εἰπεῖν
9	71	δὲ
9	72	περὶ
9	73	τῶν
9	74	αὐτῶν
9	75	τούτων
9	76	ἐν
9	77	συλλόγῳ
9	78	πολλῶν
9	79	ἀνθρώπων
9	80	ἁπασῶν
9	81	ὡς
9	82	ἔπος
9	83	εἰπεῖν
9	84	ἀπολελειμμένην
9	85	.
10	1	οὕτω
10	2	γὰρ
10	3	ἐνδεὴς
10	4	ἀμφοτέρων
10	5	ἐγενόμην
10	6	τῶν
10	7	μεγίστην
10	8	δύναμιν
10	9	ἐχόντων
10	10	παρʼ
10	11	ἡμῖν
10	12	,
10	13	φωνῆς
10	14	ἱκανῆς
10	15	καὶ
10	16	τόλμης
10	17	,
10	18	ὡς
10	19	οὐκ
10	20	οἶδʼ
10	21	εἴ
10	22	τις
10	23	ἄλλος
10	24	τῶν
10	25	πολιτῶν
10	26	·
10	27	ὧν
10	28	οἱ
10	29	μὴ
10	30	τυχόντες
10	31	ἀτιμότεροι
10	32	περιέρχονται
10	33	πρὸς
10	34	τὸ
10	35	δοκεῖν
10	36	ἄξιοί
10	37	τινος
10	38	εἶναι
10	39	τῶν
10	40	ὀφειλόντων
10	41	τῷ
10	42	δημοσίῳ
10	43	·
10	44	τοῖς
10	45	μὲν
10	46	γὰρ
10	47	ἐκτίσειν
10	48	τὸ
10	49	καταγνωσθὲν
10	50	ἐλπίδες
10	51	ὕπεισιν
10	52	,
10	53	οἱ
10	54	δʼ
10	55	οὐδέποτʼ
10	56	ἂν
10	57	τὴν
10	58	φύσιν
10	59	μεταβάλοιεν
10	60	.
11	1	οὐ
11	2	μὴν
11	3	ἐπὶ
11	4	τούτοις
11	5	ἀθυμήσας
11	6	περιεῖδον
11	7	ἐμαυτὸν
11	8	ἄδοξον
11	9	οὐ
11	10	δ’
11	11	ἀφανῆ
11	12	παντάπασι
11	13	γενόμενον
11	14	,
11	15	ἀλλʼ
11	16	ἐπειδὴ
11	17	τοῦ
11	18	πολιτεύεσθαι
11	19	διήμαρτον
11	20	,
11	21	ἐπὶ
11	22	τὸ
11	23	φιλοσοφεῖν
11	24	καὶ
11	25	πονεῖν
11	26	καὶ
11	27	γράφειν
11	28	ἃ
11	29	διανοηθείην
11	30	κατέφυγον
11	31	,
11	32	οὐ
11	33	περὶ
11	34	μικρῶν
11	35	τὴν
11	36	προαίρεσιν
11	37	ποιούμενος
11	38	οὐ
11	39	δὲ
11	40	περὶ
11	41	τῶν
11	42	ἰδίων
11	43	συμβολαίων
11	44	οὐ
11	45	δὲ
11	46	περὶ
11	47	ὧν
11	48	ἄλλοι
11	49	τινὲς
11	50	ληροῦσιν
11	51	,
11	52	ἀλλὰ
11	53	περὶ
11	54	τῶν
11	55	Ἐλληνικῶν
11	56	καὶ
11	57	βασιλικῶν
11	58	καὶ
11	59	πολιτικῶν
11	60	πραγμάτων
11	61	,
11	62	διʼ
11	63	ἃ
11	64	προσήκειν
11	65	ᾠόμην
11	66	μοι
11	67	τοσούτῳ
11	68	μᾶλλον
11	69	τιμᾶσθαι
11	70	τῶν
11	71	ἐπὶ
11	72	τὸ
11	73	βῆμα
11	74	παριόντων
11	75	,
11	76	ὅσῳ
11	77	περ
11	78	περὶ
11	79	μειζόνων
11	80	καὶ
11	81	καλλιόνων
11	82	ἢ
11	83	κεῖνοι
11	84	τοὺς
11	85	λόγους
11	86	ἐποιούμην
11	87	.
11	88	ὧν
11	89	οὐδὲν
11	90	ἡμῖν
11	91	ἀποβέβηκεν
11	92	.
12	1	καίτοι
12	2	πάντες
12	3	ἴσασι
12	4	τῶν
12	5	μὲν
12	6	ῥητόρων
12	7	τοὺς
12	8	πολλοὺς
12	9	οὐχ
12	10	ὑπὲρ
12	11	τῶν
12	12	τῇ
12	13	πόλει
12	14	συμφερόντων
12	15	,
12	16	ἀλλʼ
12	17	ὑπὲρ
12	18	ὧν
12	19	αὐτοὶ
12	20	λήψεσθαι
12	21	προσδοκῶσι
12	22	,
12	23	δημηγορεῖν
12	24	τολμῶντας
12	25	,
12	26	ἐμὲ
12	27	δὲ
12	28	καὶ
12	29	τοὺς
12	30	ἐμοὺς
12	31	οὐ
12	32	μόνον
12	33	τῶν
12	34	κοινῶν
12	35	ἀπεχομένους
12	36	μᾶλλον
12	37	τῶν
12	38	ἄλλων
12	39	,
12	40	ἀλλὰ
12	41	καὶ
12	42	τῶν
12	43	ἰδίων
12	44	εἰς
12	45	τὰς
12	46	τῆς
12	47	πόλεως
12	48	χρείας
12	49	ὑπὲρ
12	50	τὴν
12	51	δύναμιν
12	52	τὴν
12	53	ἡμετέραν
12	54	αὐτῶν
12	55	δαπανωμένους
12	56	,
13	1	ἔτι
13	2	δὲ
13	3	τοὺς
13	4	μὲν
13	5	ἢ
13	6	λοιδορουμένους
13	7	ἐν
13	8	ταῖς
13	9	ἐκκλησίαις
13	10	περὶ
13	11	μεσεγγυήματος
13	12	σφίσιν
13	13	αὐτοῖς
13	14	ἢ
13	15	λυμαινομένους
13	16	τοὺς
13	17	συμμάχους
13	18	ἢ
13	19	τῶν
13	20	ἄλλων
13	21	ὃν
13	22	ἂν
13	23	τύχωσι
13	24	συκοφαντοῦντας
13	25	,
13	26	ἐμὲ
13	27	δὲ
13	28	τῶν
13	29	λόγων
13	30	ἡγεμόνα
13	31	τούτων
13	32	γεγενημένον
13	33	,
13	34	τῶν
13	35	παρακαλούντων
13	36	τοὺς
13	37	Ἕλληνας
13	38	ἐπί
13	39	τε
13	40	τὴν
13	41	ὁμόνοιαν
13	42	τὴν
13	43	πρὸς
13	44	ἀλλήλους
13	45	καὶ
13	46	τὴν
13	47	στρατείαν
13	48	τὴν
13	49	ἐπὶ
13	50	τοὺς
13	51	βαρβάρους
13	52	,
14	1	καὶ
14	2	τῶν
14	3	συμβουλευόντων
14	4	ἀποικίαν
14	5	ἐκπέμπειν
14	6	κοινῇ
14	7	πάντας
14	8	ἡμᾶς
14	9	ἐπὶ
14	10	τοσαύτην
14	11	χώραν
14	12	καὶ
14	13	τοιαύτην
14	14	,
14	15	περὶ
14	16	ἧς
14	17	ὅσοι
14	18	περ
14	19	ἀκηκόασιν
14	20	ὁμολογοῦσιν
14	21	ἡμᾶς
14	22	τε
14	23	,
14	24	εἰ
14	25	σωφρονήσαιμεν
14	26	καὶ
14	27	παυσαίμεθα
14	28	τῆς
14	29	πρὸς
14	30	ἀλλήλους
14	31	μανίας
14	32	,
14	33	ταχέως
14	34	ἂν
14	35	ἄνευ
14	36	πόνων
14	37	καὶ
14	38	κινδύνων
14	39	κατασχεῖν
14	40	αὐτήν
14	41	,
14	42	ἐκείνην
14	43	τε
14	44	ῥᾳδίως
14	45	ἂν
14	46	ἅπαντας
14	47	δέξασθαι
14	48	τοὺς
14	49	ἐνδεεῖς
14	50	ἡμῶν
14	51	ὄντας
14	52	τῶν
14	53	ἐπιτηδείων
14	54	·
14	55	ὧν
14	56	πράξεις
14	57	,
14	58	εἰ
14	59	πάντες
14	60	συνελθόντες
14	61	ζητοῖεν
14	62	,
14	63	οὐδέποτʼ
14	64	ἂν
14	65	εὕροιεν
14	66	καλλίους
14	67	οὐ
14	68	δὲ
14	69	μείζους
14	70	οὐ
14	71	δὲ
14	72	μᾶλλον
14	73	ἅπασιν
14	74	ἡμῖν
14	75	συμφερούσας
14	76	.
15	1	ἀλλʼ
15	2	ὅμως
15	3	οὕτω
15	4	πολὺ
15	5	τῇ
15	6	διανοία
15	7	διεστώτων
15	8	ἡμῶν
15	9	,
15	10	καὶ
15	11	τοσούτῳ
15	12	σπουδαιοτέραν
15	13	ἐμοῦ
15	14	πεποιημένου
15	15	τὴν
15	16	αἵρεσιν
15	17	,
15	18	οὐ
15	19	δικαίως
15	20	οἱ
15	21	πολλοὶ
15	22	περὶ
15	23	ἡμῶν
15	24	ὑπειλήφασιν
15	25	,
15	26	ἀλλὰ
15	27	ταραχωδῶς
15	28	καὶ
15	29	παντάπασιν
15	30	ἀλογίστως
15	31	.
15	32	τῶν
15	33	μὲν
15	34	γὰρ
15	35	ῥητόρων
15	36	τὸν
15	37	τρόπον
15	38	ψέγοντες
15	39	προστάτας
15	40	αὐτοὺς
15	41	τῆς
15	42	πόλεως
15	43	ποιοῦνται
15	44	καὶ
15	45	κυρίους
15	46	ἁπάντων
15	47	καθιστᾶσιν
15	48	,
15	49	ἐμοῦ
15	50	δὲ
15	51	τοὺς
15	52	λόγους
15	53	ἐπαινοῦντες
15	54	αὐτῷ
15	55	μοι
15	56	φθονοῦσι
15	57	,
15	58	διʼ
15	59	οὐδὲν
15	60	ἕτερον
15	61	ἢ
15	62	διὰ
15	63	τούτους
15	64	οὓς
15	65	ἀποδεχόμενοι
15	66	τυγχάνουσιν
15	67	·
15	68	οὕτως
15	69	ἀτυχῶς
15	70	φέρομαι
15	71	παρʼ
15	72	αὐτοῖς
15	73	.
16	1	καὶ
16	2	τί
16	3	δεῖ
16	4	θαυμάζειν
16	5	τῶν
16	6	πρὸς
16	7	ἁπάσας
16	8	τὰς
16	9	ὑπεροχὰς
16	10	οὕτω
16	11	διακεῖσθαι
16	12	πεφυκότων
16	13	,
16	14	ὅπου
16	15	καὶ
16	16	τῶν
16	17	οἰομένων
16	18	διαφέρειν
16	19	καὶ
16	20	ζηλούντων
16	21	ἐμὲ
16	22	καὶ
16	23	μιμεῖσθαι
16	24	γλιχομένων
16	25	τινὲς
16	26	ἔτι
16	27	δυσμενέστερον
16	28	ἔχουσί
16	29	μοι
16	30	τῶν
16	31	ἰδιωτῶν
16	32	·
16	33	ὧν
16	34	τίνας
16	35	ἄν
16	36	τις
16	37	εὕροι
16	38	πονηροτέρους
16	39	,
16	40	εἰρήσεται
16	41	γάρ
16	42	,
16	43	εἰ
16	44	καί
16	45	τισι
16	46	δόξω
16	47	νεώτερα
16	48	καὶ
16	49	βαρύτερα
16	50	λέγειν
16	51	τῆς
16	52	ἡλικίας
16	53	,
16	54	οἵτινες
16	55	οὔ
16	56	τε
16	57	φράζειν
16	58	οὐδὲν
16	59	μέρος
16	60	ἔχοντες
16	61	τοῖς
16	62	μαθηταῖς
16	63	τῶν
16	64	εἰρημένων
16	65	ὑπʼ
16	66	ἐμοῦ
16	67	,
16	68	τοῖς
16	69	τε
16	70	λόγοις
16	71	παραδείγμασι
16	72	χρώμενοι
16	73	τοῖς
16	74	ἐμοῖς
16	75	καὶ
16	76	ζῶντες
16	77	ἐντεῦθεν
16	78	τοσούτου
16	79	δέουσι
16	80	χάριν
16	81	ἔχειν
16	82	τούτων
16	83	,
16	84	ὥστʼ
16	85	οὐ
16	86	δ’
16	87	ἀμελεῖν
16	88	ἡμῶν
16	89	ἐθέλουσιν
16	90	,
16	91	ἀλλʼ
16	92	ἀεί
16	93	τι
16	94	φλαῦρον
16	95	περὶ
16	96	ἐμοῦ
16	97	λέγουσιν
16	98	;
17	1	ἕως
17	2	μὲν
17	3	οὗν
17	4	τοὺς
17	5	λόγους
17	6	μου
17	7	ἐλυμαίνοντο
17	8	,
17	9	παραναγιγνώσκοντες
17	10	ὡς
17	11	δυνατὸν
17	12	κάκιστα
17	13	τοῖς
17	14	ἑαυτῶν
17	15	καὶ
17	16	διαιροῦντες
17	17	οὐκ
17	18	ὀρθῶς
17	19	καὶ
17	20	κατακνίζοντες
17	21	καὶ
17	22	πάντα
17	23	τρόπον
17	24	διαφθείροντες
17	25	,
17	26	οὐδὲν
17	27	ἐφρόντιζον
17	28	τῶν
17	29	ἀπαγγελλομένων
17	30	,
17	31	ἀλλὰ
17	32	ῥᾳθύμως
17	33	εἶχον
17	34	·
17	35	μικρὸν
17	36	δὲ
17	37	πρὸ
17	38	τῶν
17	39	Παναθηναίων
17	40	τῶν
17	41	μεγάλων
17	42	ἠχθέσθην
17	43	διʼ
17	44	αὐτούς
17	45	.
18	1	ἀπαντήσαντες
18	2	γάρ
18	3	τινές
18	4	μοι
18	5	τῶν
18	6	ἐπιτηδείων
18	7	ἔλεγον
18	8	ὡς
18	9	ἐν
18	10	τῷ
18	11	Λυκείω
18	12	συγκαθεζόμενοι
18	13	τρεῖς
18	14	ἢ
18	15	τέτταρες
18	16	τῶν
18	17	ἀγελαίων
18	18	σοφιστῶν
18	19	καὶ
18	20	πάντα
18	21	φασκόντων
18	22	εἰδέναι
18	23	καὶ
18	24	ταχέως
18	25	πανταχοῦ
18	26	γιγνομένων
18	27	διαλέγοιντο
18	28	περί
18	29	τε
18	30	τῶν
18	31	ἄλλων
18	32	ποιητῶν
18	33	καὶ
18	34	τῆς
18	35	Ἡσιόδου
18	36	καὶ
18	37	τῆς
18	38	Ὁμήρου
18	39	ποιήσεως
18	40	,
18	41	οὐδὲν
18	42	μὲν
18	43	παρʼ
18	44	αὑτῶν
18	45	λέγοντες
18	46	,
18	47	τὰ
18	48	δʼ
18	49	ἐκείνων
18	50	ῥαψῳδοῦντες
18	51	καὶ
18	52	τῶν
18	53	πρότερον
18	54	ἄλλοις
18	55	τισὶν
18	56	εἰρημένων
18	57	τὰ
18	58	χαριέστατα
18	59	μνημονεύοντες
18	60	·
19	1	ἀποδεξαμένων
19	2	δὲ
19	3	τῶν
19	4	περιεστώτων
19	5	τὴν
19	6	διατριβὴν
19	7	αὐτῶν
19	8	ἕνα
19	9	τὸν
19	10	τολμηρότατον
19	11	ἐπιχειρῆσαί
19	12	με
19	13	διαβάλλειν
19	14	,
19	15	λέγονθʼ
19	16	ὡς
19	17	ἐγὼ
19	18	πάντων
19	19	καταφρονῶ
19	20	τῶν
19	21	τοιούτων
19	22	,
19	23	καὶ
19	24	τάς
19	25	τε
19	26	φιλοσοφίας
19	27	τὰς
19	28	τῶν
19	29	ἄλλων
19	30	καὶ
19	31	τὰς
19	32	παιδεὶας
19	33	ἁπάσας
19	34	ἀναιρῶ
19	35	,
19	36	καί
19	37	φημι
19	38	πάντας
19	39	ληρεῖν
19	40	πλὴν
19	41	τοὺς
19	42	μετεσχηκότας
19	43	τῆς
19	44	ἐμῆς
19	45	διατριβῆς
19	46	·
19	47	τούτων
19	48	δὲ
19	49	ῥηθέντων
19	50	ἀηδῶς
19	51	τινας
19	52	τῶν
19	53	παρόντων
19	54	διατεθῆναι
19	55	πρὸς
19	56	ἡμᾶς
19	57	.
20	1	ὡς
20	2	μὲν
20	3	οὖν
20	4	ἐλυπήθην
20	5	καὶ
20	6	συνεταράχθην
20	7	ἀκούσας
20	8	ἀποδέξασθαί
20	9	τινας
20	10	τοὺς
20	11	λόγους
20	12	τούτους
20	13	,
20	14	οὐκ
20	15	ἂν
20	16	δυναίμην
20	17	εἰπεῖν
20	18	·
20	19	ᾤμην
20	20	γὰρ
20	21	οὕτως
20	22	ἐπιφανὴς
20	23	εἶναι
20	24	τοῖς
20	25	ἀλαζονευομένοις
20	26	πολεμῶν
20	27	καὶ
20	28	περὶ
20	29	ἐμαυτοῦ
20	30	μετρίως
20	31	διειλεγμένος
20	32	,
20	33	μᾶλλον
20	34	δὲ
20	35	ταπεινῶς
20	36	,
20	37	ὥστε
20	38	μηδένʼ
20	39	ἄν
20	40	ποτε
20	41	γενέσθαι
20	42	πιστὸν
20	43	τῶν
20	44	λεγόντων
20	45	ὡς
20	46	ἐγὼ
20	47	τοιαύταις
20	48	ἀλαζονείαις
20	49	ἐχρησάμην
20	50	.
21	1	ἀλλὰ
21	2	γὰρ
21	3	οὐκ
21	4	ἀλόγως
21	5	ὠδυράμην
21	6	ἐν
21	7	ἀρχῇ
21	8	τὴν
21	9	ἀτυχίαν
21	10	τὴν
21	11	παρακολουθοῦσάν
21	12	μοι
21	13	πάντα
21	14	τὸν
21	15	χρόνον
21	16	ἐν
21	17	τοῖς
21	18	τοιούτοις
21	19	·
21	20	αὕτη
21	21	γάρ
21	22	ἐστιν
21	23	αἰτία
21	24	καὶ
21	25	τῆς
21	26	ψευδολογίας
21	27	τῆς
21	28	περί
21	29	με
21	30	γιγνομένης
21	31	καὶ
21	32	τῶν
21	33	διαβολῶν
21	34	καὶ
21	35	τοῦ
21	36	φθόνου
21	37	καὶ
21	38	τοῦ
21	39	μὴ
21	40	δύνασθαί
21	41	με
21	42	τυχεῖν
21	43	τῆς
21	44	δόξης
21	45	ἧς
21	46	ἄξιός
21	47	εἰμι
21	48	,
21	49	μη
21	50	δὲ
21	51	τῆς
21	52	ὁμολογουμένης
21	53	,
21	54	μηδʼ
21	55	ἣν
21	56	ἔχουσί
21	57	τινες
21	58	τῶν
21	59	πεπλησιακότων
21	60	μοι
21	61	καὶ
21	62	πανταχῇ
21	63	τεθεωρηκότων
21	64	ἡμᾶς
21	65	.
22	1	ταῦτα
22	2	μὲν
22	3	οὖν
22	4	οὐχ
22	5	οἷόν
22	6	τʼ
22	7	ἄλλως
22	8	ἔχειν
22	9	,
22	10	ἀλλʼ
22	11	ἀνάγκη
22	12	στέργειν
22	13	τοῖς
22	14	ἤδη
22	15	συμβεβηκόσι
22	16	.
22	1	πολλῶν
22	2	δέ
22	3	μοι
22	4	λόγων
22	5	ἐφεστώτων
22	6	,
22	7	ἀπορῶ
22	8	πότερον
22	9	ἀντικατηγορῶ
22	10	τῶν
22	11	εἰθισμένων
22	12	ἀεί
22	13	τι
22	14	ψεύδεσθαι
22	15	περί
22	16	μου
22	17	καὶ
22	18	λέγειν
22	19	ἀνεπιτήδειον
22	20	τολμώντων
22	21	·
22	22	ἀλλʼ
22	23	εἰ
22	24	φανείην
22	25	σπουδάζων
22	26	καὶ
22	27	πολλοὺς
22	28	λόγους
22	29	ποιούμενος
22	30	περὶ
22	31	ἀνθρώπων
22	32	οὓς
22	33	οὐδεὶς
22	34	ὑπείληφεν
22	35	ἀξίους
22	36	εἶναι
22	37	λόγου
22	38	,
22	39	δικαίως
22	40	ἂν
22	41	μωρὸς
22	42	εἶναι
22	43	δοκοίην
22	44	.
23	1	ἀλλὰ
23	2	τούτους
23	3	ὑπεριδὼν
23	4	ἀπολογῶμαι
23	5	πρὸς
23	6	τοὺς
23	7	ἀδίκως
23	8	μοι
23	9	τῶν
23	10	ἰδιωτῶν
23	11	φθονοῦντας
23	12	,
23	13	καὶ
23	14	πειρῶμαι
23	15	διδάσκειν
23	16	αὐτοὺς
23	17	ὡς
23	18	οὐ
23	19	δικαίως
23	20	οὐ
23	21	δὲ
23	22	προσηκόντως
23	23	περί
23	24	μου
23	25	ταύτην
23	26	ἔχουσι
23	27	τὴν
23	28	γνώμην
23	29	;
23	30	καὶ
23	31	τίς
23	32	οὐκ
23	33	ἂν
23	34	καταγνοίη
23	35	μου
23	36	πολλὴν
23	37	ἄνοιαν
23	38	,
23	39	εἰ
23	40	τοὺς
23	41	μηδὲν
23	42	διʼ
23	43	ἕτερον
23	44	δυσκόλως
23	45	πρός
23	46	με
23	47	διακειμένους
23	48	ἢ
23	49	διὰ
23	50	τὸ
23	51	δοκεῖν
23	52	χαριέντως
23	53	εἰρηκέναι
23	54	περὶ
23	55	τινων
23	56	,
23	57	τούτους
23	58	οἰηθείην
23	59	ὁμοίως
23	60	διαλεχθεὶς
23	61	ὥσπερ
23	62	πρότερον
23	63	παύσειν
23	64	ἐπὶ
23	65	τοῖς
23	66	λεγομένοις
23	67	λυπουμένους
23	68	,
23	69	ἀλλʼ
23	70	οὐ
23	71	μᾶλλον
23	72	ἀλγήσειν
23	73	,
23	74	ἄλλως
23	75	τε
23	76	κ
23	77	ἂν
23	78	φανῶ
23	79	μη
23	80	δὲ
23	81	νῦν
23	82	πω
23	83	τηλικοῦτος
23	84	ὢν
23	85	πεπαυμένος
23	86	παραληρῶν
23	87	;
24	1	ἀλλὰ
24	2	μὴν
24	3	οὐ
24	4	δ’
24	5	ἐκεῖνο
24	6	ποιεῖν
24	7	οὐδεὶς
24	8	ἄν
24	9	μοι
24	10	συμβουλεύσειεν
24	11	,
24	12	ἀμελήσαντι
24	13	τούτων
24	14	καὶ
24	15	μεταξὺ
24	16	καταβαλόντι
24	17	περαίνειν
24	18	τὸν
24	19	λόγον
24	20	,
24	21	ὃν
24	22	προῄρημαι
24	23	βουλόμενος
24	24	ἐπιδεῖξαι
24	25	τὴν
24	26	πόλιν
24	27	ἡμῶν
24	28	πλειόνων
24	29	ἀγαθῶν
24	30	αἰτίαν
24	31	γεγενημένην
24	32	τοῖς
24	33	Ἕλλησιν
24	34	ἢ
24	35	τὴν
24	36	Λακεδαιμονίων
24	37	·
24	38	εἰ
24	39	γὰρ
24	40	τοῦτʼ
24	41	ἤδη
24	42	ποιοίην
24	43	μή
24	44	τε
24	45	τέλος
24	46	ἐπιθεὶς
24	47	τοῖς
24	48	γεγραμμένοις
24	49	μή
24	50	τε
24	51	συγκλείσας
24	52	τὴν
24	53	ἀρχὴν
24	54	τῶν
24	55	ῥηθήσεσθαι
24	56	μελλόντων
24	57	τῇ
24	58	τελευτῇ
24	59	τῶν
24	60	ἤδη
24	61	προειρημένων
24	62	,
24	63	ὅμοιος
24	64	ἂν
24	65	εἶναι
24	66	δόξαιμι
24	67	τοῖς
24	68	εἰκῇ
24	69	καὶ
24	70	φορτικῶς
24	71	καὶ
24	72	χύδην
24	73	ὅ
24	74	τι
24	75	ἂν
24	76	ἐπέλθῃ
24	77	λέγουσιν
24	78	·
24	79	ἃ
24	80	φυλακτέον
24	81	ἡμῖν
24	82	ἐστιν
24	83	.
25	1	κράτιστον
25	2	οὖν
25	3	ἐξ
25	4	ἁπάντων
25	5	τούτων
25	6	,
25	7	περὶ
25	8	ὧν
25	9	τὸ
25	10	τελευταῖόν
25	11	με
25	12	διέβαλλον
25	13	ἀποφηνάμενον
25	14	ἃ
25	15	δοκεῖ
25	16	μοι
25	17	,
25	18	τότʼ
25	19	ἤδη
25	20	λέγειν
25	21	περὶ
25	22	ὦν
25	23	ἐξ
25	24	ἀρχῆς
25	25	διενοήθην
25	26	·
25	27	οἶμαι
25	28	γάρ
25	29	,
25	30	ἢν
25	31	ἐξενέγκω
25	32	γράψας
25	33	καὶ
25	34	ποιήσω
25	35	φανερὰν
25	36	ἣν
25	37	ἔχω
25	38	γνώμην
25	39	περὶ
25	40	τε
25	41	τῆς
25	42	παιδείας
25	43	καὶ
25	44	τῶν
25	45	ποιητῶν
25	46	,
25	47	παύσειν
25	48	αὐτοὺς
25	49	ψευδεῖς
25	50	πλάττοντας
25	51	αἰτίας
25	52	καὶ
25	53	λέγοντας
25	54	ὅ
25	55	τι
25	56	ἂν
25	57	τύχωσιν
25	58	.
26	1	τῆς
26	2	μὲν
26	3	οὖν
26	4	παιδείας
26	5	τῆς
26	6	ὑπὸ
26	7	τῶν
26	8	προγόνων
26	9	καταλειφθείσης
26	10	τοσούτου
26	11	δέω
26	12	καταφρονεῖν
26	13	,
26	14	ὥστε
26	15	καὶ
26	16	τὴν
26	17	ἐφʼ
26	18	ἡμῶν
26	19	κατασταθεῖσαν
26	20	ἐπαινῶ
26	21	,
26	22	λέγω
26	23	δὲ
26	24	τήν
26	25	τε
26	26	γεωμετρίαν
26	27	καὶ
26	28	τὴν
26	29	ἀστρολογίαν
26	30	καὶ
26	31	τοὺς
26	32	διαλόγους
26	33	τοὺς
26	34	ἐριστικοὺς
26	35	καλουμένους
26	36	,
26	37	οἷς
26	38	οἱ
26	39	μὲν
26	40	νεώτεροι
26	41	μᾶλλον
26	42	χαίρουσι
26	43	τοῦ
26	44	δέοντος
26	45	,
26	46	τῶν
26	47	δὲ
26	48	πρεσβυτέρων
26	49	οὐδεὶς
26	50	ἔστιν
26	51	ὅστις
26	52	ἂν
26	53	ἀνεκτοὺς
26	54	αὐτοὺς
26	55	εἶναι
26	56	φήσειεν
26	57	.
27	1	ἀλλʼ
27	2	ὅμως
27	3	ἐγὼ
27	4	τοῖς
27	5	ὡρμημένοις
27	6	ἐπὶ
27	7	ταῦτα
27	8	παρακελεύομαι
27	9	πονεῖν
27	10	καὶ
27	11	προσέχειν
27	12	τὸν
27	13	νοῦν
27	14	ἅπασι
27	15	τούτοις
27	16	,
27	17	λέγων
27	18	ὡς
27	19	εἰ
27	20	καὶ
27	21	μηδὲν
27	22	ἄλλο
27	23	δύναται
27	24	τὰ
27	25	μαθήματα
27	26	ταῦτα
27	27	ποιεῖν
27	28	ἀγαθόν
27	29	,
27	30	ἀλλʼ
27	31	οὖν
27	32	ἀποτρέπει
27	33	γε
27	34	τοὺς
27	35	νεωτέρους
27	36	πολλῶν
27	37	ἄλλων
27	38	ἁμαρτημάτων
27	39	.
27	40	τοῖς
27	41	μὲν
27	42	οὖν
27	43	τηλικούτοις
27	44	οὐδέποτʼ
27	45	ἂν
27	46	εὑρεθῆναι
27	47	νομίζω
27	48	διατριβὰς
27	49	ὠφελιμωτέρας
27	50	τούτων
27	51	οὐ
27	52	δὲ
27	53	μᾶλλον
27	54	πρεπούσας
27	55	·
28	1	τοῖς
28	2	δὲ
28	3	πρεσβυτέροις
28	4	καὶ
28	5	τοῖς
28	6	εἰς
28	7	ἄνδρας
28	8	δεδοκιμασμένοις
28	9	οὐκέτι
28	10	φημὶ
28	11	τὰς
28	12	μελέτας
28	13	ταύτας
28	14	ἁρμόττειν
28	15	.
28	16	ὁρῶ
28	17	γὰρ
28	18	ἐνίους
28	19	τῶν
28	20	ἐπὶ
28	21	τοῖς
28	22	μαθήμασι
28	23	τούτοις
28	24	οὕτως
28	25	ἀπηκριβωμένων
28	26	ὥστε
28	27	καὶ
28	28	τοὺς
28	29	ἄλλους
28	30	διδάσκειν
28	31	,
28	32	οὔ
28	33	τ’
28	34	εὐκαίρως
28	35	ταῖς
28	36	ἐπιστήμαις
28	37	αἷς
28	38	ἔχουσι
28	39	χρωμένους
28	40	,
28	41	ἔν
28	42	τε
28	43	ταῖς
28	44	ἄλλαις
28	45	πραγματείαις
28	46	ταῖς
28	47	περὶ
28	48	τὸν
28	49	βίον
28	50	ἀφρονεστέρους
28	51	ὄντας
28	52	τῶν
28	53	μαθητῶν
28	54	·
28	55	ὀκνῶ
28	56	γὰρ
28	57	εἰπεῖν
28	58	τῶν
28	59	οἰκετῶν
28	60	.
29	1	τὴν
29	2	αὐτὴν
29	3	δὲ
29	4	γνώμην
29	5	ἔχω
29	6	καὶ
29	7	περὶ
29	8	τῶν
29	9	δημηγορεῖν
29	10	δυναμένων
29	11	καὶ
29	12	τῶν
29	13	περὶ
29	14	τὴν
29	15	γραφὴν
29	16	τὴν
29	17	τῶν
29	18	λόγων
29	19	εὐδοκιμούντων
29	20	,
29	21	ὅλως
29	22	δὲ
29	23	περὶ
29	24	ἁπάντων
29	25	τῶν
29	26	περὶ
29	27	τὰς
29	28	τέχνας
29	29	καὶ
29	30	τὰς
29	31	ἐπιστήμας
29	32	καὶ
29	33	τὰς
29	34	δυνάμεις
29	35	διαφερόντων
29	36	.
29	37	οἶδα
29	38	γὰρ
29	39	καὶ
29	40	τούτων
29	41	τοὺς
29	42	πολλοὺς
29	43	οὔ
29	44	τε
29	45	τὰ
29	46	περὶ
29	47	σφᾶς
29	48	αὐτοὺς
29	49	καλῶς
29	50	διῳκηκότας
29	51	οὔ
29	52	τ’
29	53	ἐν
29	54	ταῖς
29	55	ἰδίαις
29	56	συνουσίαις
29	57	ἀνεκτοὺς
29	58	ὄντας
29	59	,
29	60	τῆς
29	61	τε
29	62	δόξης
29	63	τῆς
29	64	τῶν
29	65	συμπολιτευομένων
29	66	ὀλιγωροῦντας
29	67	,
29	68	ἄλλων
29	69	τε
29	70	πολλῶν
29	71	καὶ
29	72	μεγάλων
29	73	ἁμαρτημάτων
29	74	γέμοντας
29	75	·
29	76	ὥστʼ
29	77	οὐ
29	78	δὲ
29	79	τούτους
29	80	ἡγοῦμαι
29	81	μετέχειν
29	82	τῆς
29	83	ἕξεως
29	84	περὶ
29	85	ἧς
29	86	ἐγὼ
29	87	τυγχάνω
29	88	διαλεγόμενος
29	89	.
30	1	τίνας
30	2	οὖν
30	3	καλῶ
30	4	πεπαιδευμένους
30	5	,
30	6	ἐπειδὴ
30	7	τὰς
30	8	τέχνας
30	9	καὶ
30	10	τὰς
30	11	ἐπιστήμας
30	12	καὶ
30	13	τὰς
30	14	δυνάμεις
30	15	ἀποδοκιμάζω
30	16	;
30	17	πρῶτον
30	18	μὲν
30	19	τοὺς
30	20	καλῶς
30	21	χρωμένους
30	22	τοῖς
30	23	πράγμασι
30	24	τοῖς
30	25	κατὰ
30	26	τὴν
30	27	ἡμέραν
30	28	ἑκάστην
30	29	προσπίπτουσι
30	30	,
30	31	καὶ
30	32	τὴν
30	33	δόξαν
30	34	ἐπιτυχῆ
30	35	τῶν
30	36	καιρῶν
30	37	ἔχοντας
30	38	καὶ
30	39	δυναμένην
30	40	ὡς
30	41	ἐπὶ
30	42	τὸ
30	43	πολὺ
30	44	στοχάζεσθαι
30	45	τοῦ
30	46	συμφέροντος
30	47	·
31	1	ἔπειτα
31	2	τοὺς
31	3	πρεπόντως
31	4	καὶ
31	5	δικαίως
31	6	ὁμιλοῦντας
31	7	τοῖς
31	8	ἀεὶ
31	9	πλησιάζουσι
31	10	,
31	11	καὶ
31	12	τὰς
31	13	μὲν
31	14	τῶν
31	15	ἄλλων
31	16	ἀηδίας
31	17	καὶ
31	18	βαρύτητας
31	19	εὐκόλως
31	20	καὶ
31	21	ῥᾳδίως
31	22	φέροντας
31	23	,
31	24	σφᾶς
31	25	δʼ
31	26	αὐτοὺς
31	27	ὡς
31	28	δυνατὸν
31	29	ἐλαφροτάτους
31	30	καὶ
31	31	μετριωτάτους
31	32	τοῖς
31	33	συνοῦσι
31	34	παρέχοντας
31	35	·
31	36	ἔτι
31	37	τοὺς
31	38	τῶν
31	39	μὲν
31	40	ἡδονῶν
31	41	ἀεὶ
31	42	κρατοῦντας
31	43	,
31	44	τῶν
31	45	δὲ
31	46	συμφορῶν
31	47	μὴ
31	48	λίαν
31	49	ἡττωμένους
31	50	,
31	51	ἀλλʼ
31	52	ἀνδρωδῶς
31	53	ἐν
31	54	αὐταῖς
31	55	διακειμένους
31	56	καὶ
31	57	τῆς
31	58	φύσεως
31	59	ἀξίως
31	60	ἧς
31	61	μετέχοντες
31	62	τυγχάνομεν
31	63	·
31	64	τέταρτον
31	65	,
32	1	ὅπερ
32	2	μέγιστον
32	3	,
32	4	τοὺς
32	5	μὴ
32	6	διαφθειρομένους
32	7	ὑπὸ
32	8	τῶν
32	9	εὐπραγιῶν
32	10	μηδʼ
32	11	ἐξισταμένους
32	12	αὑτῶν
32	13	μηδʼ
32	14	ὑπερηφάνους
32	15	γιγνομένους
32	16	,
32	17	ἀλλʼ
32	18	ἐμμένοντας
32	19	τῇ
32	20	τάξει
32	21	τῇ
32	22	τῶν
32	23	εὖ
32	24	φρονούντων
32	25	,
32	26	καὶ
32	27	μὴ
32	28	μᾶλλον
32	29	χαίροντας
32	30	τοῖς
32	31	διὰ
32	32	τύχην
32	33	ὑπάρξασιν
32	34	ἀγαθοῖς
32	35	ἢ
32	36	τοῖς
32	37	διὰ
32	38	τὴν
32	39	αὑτῶν
32	40	φύσιν
32	41	καὶ
32	42	φρόνησιν
32	43	ἐξ
32	44	ἀρχῆς
32	45	γιγνομένοις
32	46	.
32	47	τοὺς
32	48	δὲ
32	49	μὴ
32	50	μόνον
32	51	πρὸς
32	52	ἓν
32	53	τούτων
32	54	ἀλλʼ
32	55	καὶ
32	56	πρὸς
32	57	ἅπαντα
32	58	ταῦτα
32	59	τὴν
32	60	ἕξιν
32	61	τῆς
32	62	ψυχῆς
32	63	εὐάρμοστον
32	64	ἔχοντας
32	65	,
32	66	τούτους
32	67	φημὶ
32	68	καὶ
32	69	φρονίμους
32	70	εἶναι
32	71	καὶ
32	72	τελέους
32	73	ἄνδρας
32	74	καὶ
32	75	πάσας
32	76	ἔχειν
32	77	τὰς
32	78	ἀρετάς
32	79	.
33	1	περὶ
33	2	μὲν
33	3	οὖν
33	4	τῶν
33	5	πεπαιδευμένων
33	6	τυγχάνω
33	7	ταῦτα
33	8	γιγνώσκων
33	9	.
33	10	περὶ
33	11	δὲ
33	12	τῆς
33	13	Ὁμήρου
33	14	καὶ
33	15	τῆς
33	16	Ἡσιόδου
33	17	καὶ
33	18	τῆς
33	19	τῶν
33	20	ἄλλων
33	21	ποιήσεως
33	22	ἐπιθυμῶ
33	23	μὲν
33	24	εἰπεῖν
33	25	,
33	26	οἶμαι
33	27	γὰρ
33	28	ἂν
33	29	παῦσαι
33	30	τοὺς
33	31	ἐν
33	32	τῷ
33	33	Λυκείῳ
33	34	ῥαψῳδοῦντας
33	35	τ
33	36	ἀκείνων
33	37	καὶ
33	38	ληροῦντας
33	39	περὶ
33	40	αὐτῶν
33	41	,
33	42	αἰσθάνομαι
33	43	δʼ
33	44	ἐμαυτὸν
33	45	ἔξω
33	46	φερόμενον
33	47	τῆς
33	48	συμμετρίας
33	49	τῆς
33	50	συντεταγμένης
33	51	τοῖς
33	52	προοιμίοις
33	53	.
34	1	ἔστι
34	2	δʼ
34	3	ἀνδρὸς
34	4	νοῦν
34	5	ἔχοντος
34	6	μὴ
34	7	τὴν
34	8	εὐπορίαν
34	9	ἀγαπᾶν
34	10	,
34	11	ἢν
34	12	ἔχῃ
34	13	τις
34	14	περὶ
34	15	τῶν
34	16	αὐτῶν
34	17	πλείω
34	18	τῶν
34	19	ἄλλων
34	20	εἰπεῖν
34	21	,
34	22	ἀλλὰ
34	23	τὴν
34	24	εὐκαιρίαν
34	25	διαφυλάττειν
34	26	ὑπὲρ
34	27	ὦν
34	28	ἂν
34	29	ἀεὶ
34	30	τυγχάνῃ
34	31	διαλεγόμενος
34	32	·
34	33	ὅπερ
34	34	ἐμοὶ
34	35	ποιητέον
34	36	ἐστίν
34	37	.
34	38	περὶ
34	39	μὲν
34	40	οὖν
34	41	τῶν
34	42	ποιητῶν
34	43	αὖθις
34	44	ἐροῦμεν
34	45	,
34	46	ἢ
34	47	μή
34	48	με
34	49	προανέλῃ
34	50	τὸ
34	51	γῆρας
34	52	,
34	53	ἢ
34	54	περὶ
34	55	σπουδαιοτέρων
34	56	πραγμάτων
34	57	ἔχω
34	58	τι
34	59	λέγειν
34	60	ἢ
34	61	τούτων
34	62	.
35	1	περὶ
35	2	δὲ
35	3	τῶν
35	4	τῆς
35	5	πόλεως
35	6	εὐεργεσιῶν
35	7	τῶν
35	8	εἰς
35	9	τοὺς
35	10	Ἕλληνας
35	11	ἤδη
35	12	ποιήσομαι
35	13	τοὺς
35	14	λόγους
35	15	,
35	16	οὐχ
35	17	ὡς
35	18	οὐ
35	19	πλείους
35	20	ἐπαίνους
35	21	πεποιημένος
35	22	περὶ
35	23	αὐτῆς
35	24	ἢ
35	25	σύμπαντες
35	26	οἱ
35	27	περὶ
35	28	τὴν
35	29	ποίησιν
35	30	καὶ
35	31	τοὺς
35	32	λόγους
35	33	ὄντες
35	34	·
35	35	οὐ
35	36	μὴν
35	37	ὁμοίως
35	38	καὶ
35	39	νῦν
35	40	.
35	41	τότε
35	42	μὲν
35	43	γὰρ
35	44	ἐν
35	45	λόγοις
35	46	περὶ
35	47	ἑτέρων
35	48	πραγμάτων
35	49	ἐμεμνήμην
35	50	αὐτῆς
35	51	,
35	52	νῦν
35	53	δὲ
35	54	περὶ
35	55	ταύτης
35	56	τὴν
35	57	ὑπόθεσιν
35	58	ποιησάμενος
35	59	.
36	1	οὐκ
36	2	ἀγνοῶ
36	3	δʼ
36	4	ἡλίκος
36	5	ὢν
36	6	ὅσον
36	7	ἔργον
36	8	ἐνίσταμαι
36	9	τὸ
36	10	μέγεθος
36	11	,
36	12	ἀλλʼ
36	13	ἀκριβῶς
36	14	εἰδὼς
36	15	καὶ
36	16	πολλάκις
36	17	εἰρηκὼς
36	18	ὅτι
36	19	τὰ
36	20	μὲν
36	21	μικρὰ
36	22	τῶν
36	23	πραγμάτων
36	24	ῥᾴδιον
36	25	τοῖς
36	26	λόγοις
36	27	αὐξῆσαι
36	28	,
36	29	τοῖς
36	30	δʼ
36	31	ὑπερβάλλουσι
36	32	τῶν
36	33	ἔργων
36	34	καὶ
36	35	τῷ
36	36	μεγέθει
36	37	καὶ
36	38	τῷ
36	39	κάλλει
36	40	χαλεπὸν
36	41	ἐξισῶσαι
36	42	τοὺς
36	43	ἐπαίνους
36	44	.
37	1	ἀλλʼ
37	2	ὅμως
37	3	οὐδὲν
37	4	μᾶλλον
37	5	ἀποστατέον
37	6	αὐτῶν
37	7	ἐστιν
37	8	,
37	9	ἀλλʼ
37	10	ἐπιτελεστέον
37	11	,
37	12	ἤν
37	13	περ
37	14	ἔτι
37	15	ζῆν
37	16	δυνηθῶμεν
37	17	,
37	18	ἄλλως
37	19	τε
37	20	καὶ
37	21	πολλῶν
37	22	με
37	23	παροξυνόντων
37	24	γράφειν
37	25	αὐτόν
37	26	,
37	27	πρῶτον
37	28	μὲν
37	29	τῶν
37	30	εἰθισμένων
37	31	ἀσελγῶς
37	32	κατηγορεῖν
37	33	τῆς
37	34	πόλεως
37	35	ἡμῶν
37	36	,
37	37	ἔπειτα
37	38	τῶν
37	39	χαριέντως
37	40	μὲν
37	41	ἀπειροτέρως
37	42	δὲ
37	43	καὶ
37	44	καταδεεστέρως
37	45	ἐπαινούντων
37	46	αὐτήν
37	47	,
38	1	ἔτι
38	2	δὲ
38	3	τῶν
38	4	ἑτέρων
38	5	μᾶλλον
38	6	εὐλογεῖν
38	7	τολμώντων
38	8	οὐκ
38	9	ἀνθρωπίνως
38	10	ἀλλʼ
38	11	οὕτως
38	12	ὥστε
38	13	πολλοὺς
38	14	ἀντιτάττεσθαι
38	15	πρὸς
38	16	αὐτούς
38	17	,
38	18	πάντων
38	19	δὲ
38	20	μάλιστα
38	21	τῆς
38	22	ἡλικίας
38	23	τῆς
38	24	παρούσης
38	25	,
38	26	ἣ
38	27	τοὺς
38	28	ἄλλους
38	29	πέφυκεν
38	30	ἀποτρέπειν
38	31	·
38	32	ἐλπίξω
38	33	γὰρ
38	34	,
38	35	ἢν
38	36	μὲν
38	37	κατορθώσω
38	38	,
38	39	μείζω
38	40	λήψεσθαι
38	41	δόξαν
38	42	τῆς
38	43	ὑπαρχούσης
38	44	,
38	45	ἢν
38	46	δʼ
38	47	ἐνδεέστερον
38	48	τύχω
38	49	διαλεχθείς
38	50	,
38	51	πολλῆς
38	52	συγγνώμης
38	53	τεύξεσθαι
38	54	παρὰ
38	55	τῶν
38	56	ἀκουόντων
38	57	.
39	1	ἃ
39	2	μὲν
39	3	οὖ
39	4	ἐβουλήθην
39	5	καὶ
39	6	περὶ
39	7	ἐμαυτοῦ
39	8	καὶ
39	9	περὶ
39	10	τῶν
39	11	ἄλλων
39	12	ὥπερ
39	13	χορὸς
39	14	πρὸ
39	15	τοῦ
39	16	ἀγῶνος
39	17	προαναβαλέσθαι
39	18	ταῦτʼ
39	19	ἐστίν
39	20	.
39	21	ἡγοῦμαι
39	22	δὲ
39	23	χρῆναι
39	24	τοὺς
39	25	βουλομένους
39	26	ἐγκωμιάσαι
39	27	τινὰ
39	28	τῶν
39	29	πόλεων
39	30	ἀκριβῶς
39	31	καὶ
39	32	δικαίως
39	33	μὴ
39	34	μόνον
39	35	περὶ
39	36	αὐτῆς
39	37	ποιεῖσθαι
39	38	τοὺς
39	39	λόγους
39	40	ἧς
39	41	προῃρημένοι
39	42	τυγχάνουσιν
39	43	,
39	44	ἀλλʼ
39	45	ὥσπερ
39	46	τὴν
39	47	πορφύραν
39	48	καὶ
39	49	τὸν
39	50	χρυσὸν
39	51	θεωροῦμεν
39	52	καὶ
39	53	δοκιμάζομεν
39	54	ἕτερα
39	55	παραδεικνύοντες
39	56	τῶν
39	57	καὶ
39	58	τὴν
39	59	ὄψιν
39	60	ὁμοίαν
39	61	ἐχόντων
39	62	καὶ
39	63	τῆς
39	64	τιμῆς
39	65	τῆς
39	66	αὐτῆς
39	67	ἀξιουμένων
39	68	,
40	1	οὕτω
40	2	καὶ
40	3	ταῖς
40	4	πόλεσι
40	5	παριστάναι
40	6	μὴ
40	7	τὰς
40	8	μικρὰς
40	9	ταῖς
40	10	μεγάλαις
40	11	,
40	12	μη
40	13	δὲ
40	14	τὰς
40	15	πάντα
40	16	τὸν
40	17	χρόνον
40	18	ὑφʼ
40	19	ἑτέραις
40	20	οὔσας
40	21	ταῖς
40	22	ἄρχειν
40	23	εἰθισμέναις
40	24	,
40	25	μη
40	26	δὲ
40	27	τὰς
40	28	σώζεσθαι
40	29	δεομένας
40	30	πρὸς
40	31	τὰς
40	32	σώζειν
40	33	δυναμένας
40	34	,
40	35	ἀλλὰ
40	36	τὰς
40	37	παραπλησίαν
40	38	καὶ
40	39	τὴν
40	40	δύναμιν
40	41	ἐχούσας
40	42	καὶ
40	43	περὶ
40	44	τὰς
40	45	αὐτὰς
40	46	πράξεις
40	47	γεγενημένας
40	48	καὶ
40	49	ταῖς
40	50	ἐξουσίαις
40	51	ὁμοίαις
40	52	κεχρημένας
40	53	·
40	54	οὕτω
40	55	γὰρ
40	56	ἂν
40	57	μάλιστα
40	58	τῆς
40	59	ἀληθείας
40	60	τύχοιεν
40	61	.
41	1	ἢν
41	2	δή
41	3	τις
41	4	ἡμᾶς
41	5	τὸν
41	6	τρόπον
41	7	τοῦτον
41	8	σκοπῆται
41	9	καὶ
41	10	παραβάλλῃ
41	11	μὴ
41	12	πρὸς
41	13	τὴν
41	14	τυχοῦσαν
41	15	πόλιν
41	16	ἀλλὰ
41	17	πρὸς
41	18	τὴν
41	19	Σπαρτιατῶν
41	20	,
41	21	ἣν
41	22	οἱ
41	23	μὲν
41	24	πολλοὶ
41	25	μετρίως
41	26	ἐπαινοῦσιν
41	27	,
41	28	ἔνιοι
41	29	δέ
41	30	τινες
41	31	ὥσπερ
41	32	τῶν
41	33	ἡμιθέων
41	34	ἐκεῖ
41	35	πεπολιτευμένων
41	36	μέμνηνται
41	37	περὶ
41	38	αὐτῶν
41	39	,
41	40	φανησόμεθα
41	41	καὶ
41	42	τῇ
41	43	δυνάμει
41	44	καὶ
41	45	ταῖς
41	46	πράξεσι
41	47	καὶ
41	48	ταῖς
41	49	εὐεργεσίαις
41	50	ταῖς
41	51	περὶ
41	52	τοὺς
41	53	Ἕλληνας
41	54	πλέον
41	55	ἀπολελοιπότες
41	56	αὐτοὺς
41	57	ἢ
41	58	ʼκεῖνοι
41	59	τοὺς
41	60	ἄλλους
41	61	.
42	1	τοὺς
42	2	μὲν
42	3	οὖν
42	4	παλαιοὺς
42	5	ἀγῶνας
42	6	τοὺς
42	7	ὑπὲρ
42	8	τῶν
42	9	Ἑλλήνων
42	10	γεγενημένους
42	11	ὕστερον
42	12	ἐροῦμεν
42	13	,
42	14	νῦν
42	15	δὲ
42	16	ποιήσομαι
42	17	περὶ
42	18	ἐκείνων
42	19	τοὺς
42	20	λόγους
42	21	ἀρξάμενος
42	22	,
42	23	ἐπειδὴ
42	24	κατέσχον
42	25	τὰς
42	26	πόλεις
42	27	τὰς
42	28	Ἀχαιίδας
42	29	καὶ
42	30	πρὸς
42	31	Ἀργείους
42	32	καὶ
42	33	Μεσσηνίους
42	34	διείλοντο
42	35	τὴν
42	36	χώραν
42	37	·
42	38	ἐντεῦθεν
42	39	γὰρ
42	40	προσήκει
42	41	διαλέγεσθαι
42	42	περὶ
42	43	αὐτῶν
42	44	.
42	1	οἱ
42	2	μὲν
42	3	τοίνυν
42	4	ἡμέτεροι
42	5	πρόγονοι
42	6	φανήσονται
42	7	τήν
42	8	τε
42	9	πρὸς
42	10	τοὺς
42	11	Ἕλληνας
42	12	ὁμόνοιαν
42	13	καὶ
42	14	τὴν
42	15	πρὸς
42	16	τοὺς
42	17	βαρβάρους
42	18	ἔχθραν
42	19	,
42	20	ἣν
42	21	παρέλαβον
42	22	ἐκ
42	23	τῶν
42	24	Τρωικῶν
42	25	,
42	26	διαφυλάττοντες
42	27	καὶ
42	28	μένοντες
42	29	ἐν
42	30	τοῖς
42	31	αὐτοῖς
42	32	.
43	1	καὶ
43	2	πρῶτον
43	3	μὲν
43	4	τὰς
43	5	Κυκλάδας
43	6	νήσους
43	7	,
43	8	περὶ
43	9	ἃς
43	10	ἐγένοντο
43	11	πολλαὶ
43	12	πραγματεῖαι
43	13	κατὰ
43	14	τὴν
43	15	Μίνω
43	16	τοῦ
43	17	Κρητὸς
43	18	δυναστείαν
43	19	,
43	20	ταύτας
43	21	τὸ
43	22	τελευταῖον
43	23	ὑπὸ
43	24	Καρῶν
43	25	κατεχομένας
43	26	,
43	27	ἐκβαλόντες
43	28	ἐκείνους
43	29	οὐκ
43	30	ἐξιδιώσασθαι
43	31	τὰς
43	32	χώρας
43	33	ἐτόλμησαν
43	34	,
43	35	ἀλλὰ
43	36	τοὺς
43	37	μάλιστα
43	38	βίου
43	39	τῶν
43	40	Ἑλλήνων
43	41	δεομένους
43	42	κατῴκισαν
43	43	εἰς
43	44	αὐτάς
43	45	·
44	1	καὶ
44	2	μετὰ
44	3	ταῦτα
44	4	πολλὰς
44	5	πόλεις
44	6	ἐφʼ
44	7	ἑκατέρας
44	8	τῶν
44	9	ἠπείρων
44	10	καὶ
44	11	μεγάλας
44	12	ἔκτισαν
44	13	,
44	14	καὶ
44	15	τοὺς
44	16	μὲν
44	17	βαρβάρους
44	18	ἀνέστειλαν
44	19	ἀπὸ
44	20	τῆς
44	21	θαλάττης
44	22	,
44	23	τοὺς
44	24	δʼ
44	25	Ἕλληνας
44	26	ἐδίδαξαν
44	27	ὃν
44	28	τρόπον
44	29	διοικοῦντες
44	30	τὰς
44	31	αὑτῶν
44	32	πατρίδας
44	33	καὶ
44	34	πρὸς
44	35	οὓς
44	36	πολεμοῦντες
44	37	μεγάλην
44	38	ἂν
44	39	τὴν
44	40	Ἑλλάδα
44	41	ποιήσειαν
44	42	.
45	1	Λακεδαιμόνιοι
45	2	δὲ
45	3	περὶ
45	4	τὸν
45	5	αὐτὸν
45	6	χρόνον
45	7	τοσοῦτον
45	8	ἀπέσχον
45	9	τοῦ
45	10	πράττειν
45	11	τι
45	12	τῶν
45	13	αὐτῶν
45	14	τοῖς
45	15	ἡμετέροις
45	16	καὶ
45	17	τοῦ
45	18	τοῖς
45	19	μὲν
45	20	βαρβάροις
45	21	πολεμεῖν
45	22	τοὺς
45	23	δʼ
45	24	Ἕλληνας
45	25	εὐεργετεῖν
45	26	,
45	27	ὥστʼ
45	28	οὐ
45	29	δ’
45	30	ἡσυχίαν
45	31	ἄγειν
45	32	ἠθέλησαν
45	33	,
45	34	ἀλλʼ
45	35	ἔχοντες
45	36	πόλιν
45	37	ἀλλοτρίαν
45	38	καὶ
45	39	χώραν
45	40	οὐ
45	41	μόνον
45	42	ἱκανήν
45	43	,
45	44	ἀλλʼ
45	45	ὅσην
45	46	οὐδεμία
45	47	πόλις
45	48	τῶν
45	49	Ἑλληνίδων
45	50	,
45	51	οὐκ
45	52	ἔστερξαν
45	53	ἐπὶ
45	54	τούτοις
45	55	,
46	1	ἀλλὰ
46	2	μαθόντες
46	3	ἐξ
46	4	αὐτῶν
46	5	τῶν
46	6	συμβεβηκότων
46	7	κατὰ
46	8	μὲν
46	9	τοὺς
46	10	νόμους
46	11	τάς
46	12	τε
46	13	πόλεις
46	14	καὶ
46	15	τὰς
46	16	χώρας
46	17	τούτων
46	18	εἶναι
46	19	δοκούσας
46	20	,
46	21	τῶν
46	22	ὀρθῶς
46	23	καὶ
46	24	νομίμως
46	25	κτησαμένων
46	26	,
46	27	κατὰ
46	28	δὲ
46	29	τὴν
46	30	ἀλήθειαν
46	31	τούτων
46	32	γιγνομένας
46	33	,
46	34	τῶν
46	35	τὰ
46	36	περὶ
46	37	τὸν
46	38	πόλεμον
46	39	μάλιστʼ
46	40	ἀσκούντων
46	41	καὶ
46	42	νικᾶν
46	43	ἐν
46	44	ταῖς
46	45	μάχαις
46	46	τοὺς
46	47	πολεμίους
46	48	δυναμένων
46	49	,
46	50	ταῦτα
46	51	διανοηθέντες
46	52	,
46	53	ἀμελήσαντες
46	54	γεωργιῶν
46	55	καὶ
46	56	τεχνῶν
46	57	καὶ
46	58	τῶν
46	59	ἄλλων
46	60	ἁπάντων
46	61	,
46	62	οὐδὲν
46	63	ἐπαύοντο
46	64	κατὰ
46	65	μίαν
46	66	ἑκάστην
46	67	τῶν
46	68	πόλεων
46	69	τῶν
46	70	ἐν
46	71	Πελοποννήσῳ
46	72	πολιορκοῦντες
46	73	καὶ
46	74	κακῶς
46	75	ποιοῦντες
46	76	,
46	77	ἕως
46	78	ἁπάσας
46	79	κατεστρέψαντο
46	80	πλὴν
46	81	τῆς
46	82	Ἀργείων
46	83	.
47	1	συνέβαινεν
47	2	οὖν
47	3	ἐξ
47	4	ὧν
47	5	μὲν
47	6	ἡμεῖς
47	7	ἐπράττομεν
47	8	,
47	9	αὐξάνεσθαί
47	10	τε
47	11	τὴν
47	12	Ἑλλάδα
47	13	καὶ
47	14	τὴν
47	15	Εὐρώπην
47	16	κρείττω
47	17	γίγνεσθαι
47	18	τῆς
47	19	Ἀσίας
47	20	,
47	21	καὶ
47	22	πρὸς
47	23	τούτοις
47	24	τῶν
47	25	μὲν
47	26	Ἑλλήνων
47	27	τοὺς
47	28	ἀποροῦντας
47	29	πόλεις
47	30	λαμβάνειν
47	31	καὶ
47	32	χώρας
47	33	,
47	34	τῶν
47	35	δὲ
47	36	βαρβάρων
47	37	τοὺς
47	38	εἰθισμένους
47	39	ὑβρίζειν
47	40	ἐκπίπτειν
47	41	ἐκ
47	42	τῆς
47	43	αὑτῶν
47	44	καὶ
47	45	φρονεῖν
47	46	ἔλαττον
47	47	ἢ
47	48	πρότερον
47	49	·
47	50	ἐξ
47	51	ὧν
47	52	δὲ
47	53	Σπαρτιᾶται
47	54	,
47	55	τὴν
47	56	ἐκείνων
47	57	μόνην
47	58	μεγάλην
47	59	γίγνεσθαι
47	60	,
47	61	καὶ
47	62	πασῶν
47	63	μὲν
47	64	τῶν
47	65	ἐν
47	66	Πελοποννήσῳ
47	67	πόλεων
47	68	ἄρχειν
47	69	,
47	70	ταῖς
47	71	δʼ
47	72	ἄλλαις
47	73	φοβερὰν
47	74	εἶναι
47	75	καὶ
47	76	πολλῆς
47	77	θεραπείας
47	78	τυγχάνειν
47	79	παρʼ
47	80	αὐτῶν
47	81	.
48	1	ἐπαινεῖν
48	2	μὲν
48	3	οὖν
48	4	δίκαιόν
48	5	ἐστι
48	6	τὴν
48	7	τοῖς
48	8	ἄλλοις
48	9	πολλῶν
48	10	ἀγαθῶν
48	11	αἰτίαν
48	12	γεγενημένην
48	13	,
48	14	δεινὴν
48	15	δὲ
48	16	νομίζειν
48	17	τὴν
48	18	αὑτῇ
48	19	τὰ
48	20	συμφέροντα
48	21	διαπραττομένην
48	22	,
48	23	καὶ
48	24	φίλους
48	25	μὲν
48	26	ποιεῖσθαι
48	27	τοὺς
48	28	ὁμοίως
48	29	αὑτοῖς
48	30	τε
48	31	καὶ
48	32	τοῖς
48	33	ἄλλοις
48	34	χρωμένους
48	35	,
48	36	φοβεῖσθαι
48	37	δὲ
48	38	καὶ
48	39	δεδιέναι
48	40	τοὺς
48	41	πρὸς
48	42	σφᾶς
48	43	μὲν
48	44	αὐτοὺς
48	45	ὡς
48	46	δυνατὸν
48	47	οἰκειότατα
48	48	διακειμένους
48	49	,
48	50	πρὸς
48	51	δὲ
48	52	τοὺς
48	53	ἄλλους
48	54	ἀλλοτρίως
48	55	καὶ
48	56	πολεμικῶς
48	57	τὴν
48	58	αὑτῶν
48	59	διοικοῦντας
48	60	.
48	1	τὴν
48	2	μὲν
48	3	οὖν
48	4	ἀρχὴν
48	5	ἑκατέρα
48	6	τοῖν
48	7	πολέοιν
48	8	τοιαύτην
48	9	ἐποιήσατο
48	10	.
49	1	χρόνῳ
49	2	δʼ
49	3	ὕστερον
49	4	γενομένου
49	5	τοῦ
49	6	Περσικοῦ
49	7	πολέμου
49	8	,
49	9	καὶ
49	10	Ξέρξου
49	11	τοῦ
49	12	τότε
49	13	βασιλεύοντος
49	14	τριήρεις
49	15	μὲν
49	16	συναγαγόντος
49	17	τριακοσίας
49	18	καὶ
49	19	χιλίας
49	20	,
49	21	τῆς
49	22	δὲ
49	23	πεζῆς
49	24	στρατιᾶς
49	25	πεντακοσίας
49	26	μὲν
49	27	μυριάδας
49	28	τῶν
49	29	ἁπάντων
49	30	,
49	31	ἑβδομήκοντα
49	32	δὲ
49	33	τῶν
49	34	μαχίμων
49	35	,
49	36	τηλικαύτῃ
49	37	δὲ
49	38	δυνάμει
49	39	στρατεύσαντος
49	40	ἐπὶ
49	41	τοὺς
49	42	Ἕλληνας
49	43	,
50	1	Σπαρτιᾶται
50	2	μὲν
50	3	ἄρχοντες
50	4	Πελοποννησίων
50	5	εἰς
50	6	τὴν
50	7	ναυμαχίαν
50	8	τὴν
50	9	ποιήσασαν
50	10	ῥοπὴν
50	11	ἅπαντος
50	12	τοῦ
50	13	πολέμου
50	14	δέκα
50	15	μόνον
50	16	συνεβάλοντο
50	17	τριήρεις
50	18	,
50	19	οἱ
50	20	δὲ
50	21	πατέρες
50	22	ἡμῶν
50	23	ἀνάστατοι
50	24	γενόμενοι
50	25	καὶ
50	26	τὴν
50	27	πόλιν
50	28	ἐκλελοιπότες
50	29	διὰ
50	30	τὸ
50	31	μὴ
50	32	τετειχίσθαι
50	33	κατʼ
50	34	ἐκεῖνον
50	35	τὸν
50	36	χρόνον
50	37	πλείους
50	38	ναῦς
50	39	παρέσχοντο
50	40	καὶ
50	41	μείζω
50	42	δύναμιν
50	43	ἐχούσας
50	44	ἢ
50	45	σύμπαντες
50	46	οἱ
50	47	συγκινδυνεύσαντες
50	48	·
50	49	καὶ
50	50	στρατηγὸν
50	51	οἱ
50	52	μὲν
50	53	Εὐρυβιάδην
50	54	,
51	1	ὃς
51	2	εἰ
51	3	τέλος
51	4	ἐπέθηκεν
51	5	οἷς
51	6	διενοήθη
51	7	πράττειν
51	8	,
51	9	οὐδὲν
51	10	ἂν
51	11	ἐκώλυεν
51	12	ἀπολωλέναι
51	13	τοὺς
51	14	Ἕλληνας
51	15	,
51	16	οἱ
51	17	δʼ
51	18	ἡμέτεροι
51	19	Θεμιστοκλέα
51	20	τὸν
51	21	ὁμολογουμένως
51	22	ἅπασιν
51	23	αἴτιον
51	24	εἶναι
51	25	δόξαντα
51	26	καὶ
51	27	τοῦ
51	28	τὴν
51	29	ναυμαχίαν
51	30	γενέσθαι
51	31	κατὰ
51	32	τρόπον
51	33	καὶ
51	34	τῶν
51	35	ἄλλων
51	36	ἁπάντων
51	37	τῶν
51	38	ἐν
51	39	ἐκείνῳ
51	40	τῷ
51	41	χρόνῳ
51	42	κατορθωθέντων
51	43	.
52	1	τεκμήριον
52	2	δὲ
52	3	μέγιστον
52	4	·
52	5	ἀφελόμενοι
52	6	γὰρ
52	7	Λακεδαιμονίους
52	8	τὴν
52	9	ἡγεμονίαν
52	10	οἱ
52	11	συγκινδυνεύσαντες
52	12	τοῖς
52	13	ἡμετέροις
52	14	παρέδοσαν
52	15	.
52	16	καίτοι
52	17	τίνας
52	18	ἄν
52	19	τις
52	20	κριτὰς
52	21	ἱκανωτέρους
52	22	ποιήσαιτο
52	23	καὶ
52	24	πιστοτέρους
52	25	τῶν
52	26	τότε
52	27	πραχθέντων
52	28	ἢ
52	29	τοὺς
52	30	ἐν
52	31	αὐτοῖς
52	32	τοῖς
52	33	ἀγῶσι
52	34	παραγενομένους
52	35	;
52	36	τίνα
52	37	δʼ
52	38	ἄν
52	39	τις
52	40	εὐεργεσίαν
52	41	εἰπεῖν
52	42	ἔχοι
52	43	ταύτης
52	44	μείζω
52	45	,
52	46	τῆς
52	47	ἅπασαν
52	48	τὴν
52	49	Ἑλλάδα
52	50	σῶσαι
52	51	δυνηθείσης
52	52	;
53	1	μετὰ
53	2	ταῦτα
53	3	τοίνυν
53	4	συνέβη
53	5	κυρίαν
53	6	ἑκατέραν
53	7	γενέσθαι
53	8	τῆς
53	9	ἀρχῆς
53	10	τῆς
53	11	κατὰ
53	12	θάλατταν
53	13	,
53	14	ἣν
53	15	ὁπότεροι
53	16	ἂν
53	17	κατάσχωσιν
53	18	,
53	19	ὑπηκόους
53	20	ἔχουσι
53	21	τὰς
53	22	πλείστας
53	23	τῶν
53	24	πόλεων
53	25	.
53	26	ὅλως
53	27	μὲν
53	28	οὖν
53	29	οὐδετέραν
53	30	ἐπαινῶ
53	31	·
53	32	πολλὰ
53	33	γὰρ
53	34	ἄν
53	35	τις
53	36	αὐταῖς
53	37	ἐπιτιμήσειεν
53	38	·
53	39	οὐ
53	40	μὴν
53	41	ἀλλὰ
53	42	καὶ
53	43	περὶ
53	44	τὴν
53	45	ἐπιμέλειαν
53	46	ταύτην
53	47	οὐκ
53	48	ἔλαττον
53	49	αὐτῶν
53	50	διηνέγκαμεν
53	51	ἢ
53	52	περὶ
53	53	τὰς
53	54	πράξεις
53	55	τὰς
53	56	ὀλίγῳ
53	57	πρότερον
53	58	εἰρημένας
53	59	.
54	1	οἱ
54	2	μὲν
54	3	γὰρ
54	4	ἡμέτεροι
54	5	πατέρες
54	6	ἔπειθον
54	7	τοὺς
54	8	συμμάχους
54	9	ποιεῖσθαι
54	10	πολιτείαν
54	11	ταύτην
54	12	,
54	13	ἥνπερ
54	14	αὐτοὶ
54	15	διετέλουν
54	16	ἀγαπῶντες
54	17	·
54	18	ὃ
54	19	σημεῖόν
54	20	ἐστιν
54	21	εὐνοίας
54	22	καὶ
54	23	φιλίας
54	24	,
54	25	ὅταν
54	26	τινὲς
54	27	παραινῶσι
54	28	τοῖς
54	29	ἄλλοις
54	30	χρῆσθαι
54	31	τούτοις
54	32	,
54	33	ἅπερ
54	34	ἂν
54	35	σφίσιν
54	36	αὐτοῖς
54	37	συμφέρειν
54	38	ὑπολάβωσιν
54	39	·
54	40	Λακεδαιμόνιοι
54	41	δὲ
54	42	κατέστησαν
54	43	οὔθʼ
54	44	ὁμοίαν
54	45	τῇ
54	46	παρʼ
54	47	αὑτοῖς
54	48	οὔ
54	49	τε
54	50	ταῖς
54	51	ἄλλοθί
54	52	που
54	53	γεγενημέναις
54	54	,
54	55	ἀλλὰ
54	56	δέκα
54	57	μόνους
54	58	ἄνδρας
54	59	κυρίους
54	60	ἑκάστης
54	61	τῆς
54	62	πόλεως
54	63	ἐποίησαν
54	64	,
54	65	ὧν
54	66	ἐπιχειρήσας
54	67	ἄν
54	68	τις
54	69	κατηγορεῖν
54	70	τρεῖς
54	71	ἢ
54	72	τέτταρας
54	73	ἡμέρας
54	74	συνεχῶς
54	75	οὐδὲν
54	76	ἂν
54	77	μέρος
54	78	εἰρηκέναι
54	79	δόξειε
54	80	τῶν
54	81	ἐκείνοις
54	82	ἡμαρτημένων
54	83	.
55	1	καθʼ
55	2	ἕκαστον
55	3	μὲν
55	4	οὖν
55	5	διεξιέναι
55	6	περὶ
55	7	τῶν
55	8	τοιούτων
55	9	καὶ
55	10	τοσούτων
55	11	τὸ
55	12	πλῆθος
55	13	ἀνόητόν
55	14	ἐστιν
55	15	·
55	16	ὀλίγα
55	17	δὲ
55	18	καθʼ
55	19	ἁπάντων
55	20	εἰπεῖν
55	21	,
55	22	ἃ
55	23	τοῖς
55	24	ἀκούσασιν
55	25	ὀργὴν
55	26	ἀξίαν
55	27	ἐμποιήσειεν
55	28	ἂν
55	29	τῶν
55	30	πεπραγμένων
55	31	,
55	32	νεώτερος
55	33	μὲν
55	34	ὢν
55	35	ἴσως
55	36	ἂν
55	37	ἐξεῦρον
55	38	,
55	39	νῦν
55	40	δʼ
55	41	οὐδὲν
55	42	ἐπέρχεταί
55	43	μοι
55	44	τοιοῦτον
55	45	,
55	46	ἀλλʼ
55	47	ἅπερ
55	48	ἅπασιν
55	49	,
55	50	ὅτι
55	51	τοσοῦτον
55	52	ἐκεῖνοι
55	53	διήνεγκαν
55	54	ἀνομίᾳ
55	55	καὶ
55	56	πλεονεξίᾳ
55	57	τῶν
55	58	προγεγενημένων
55	59	,
55	60	ὥστʼ
55	61	οὐ
55	62	μόνον
55	63	αὑτοὺς
55	64	ἀπώλεσαν
55	65	καὶ
55	66	τοὺς
55	67	φίλους
55	68	καὶ
55	69	τὰς
55	70	πατρίδας
55	71	τὰς
55	72	αὑτῶν
55	73	,
55	74	ἀλλὰ
55	75	καὶ
55	76	Λακεδαιμονίους
55	77	πρὸς
55	78	τοὺς
55	79	συμμάχους
55	80	διαβαλόντες
55	81	εἰς
55	82	τοιαύτας
55	83	καὶ
55	84	τοσαύτας
55	85	συμφορὰς
55	86	ἐνέβαλον
55	87	,
55	88	ὅσας
55	89	οὐδεὶς
55	90	πώποτʼ
55	91	αὐτοῖς
55	92	γενήσεσθαι
55	93	προσεδόκησεν
55	94	.
56	1	μάλιστα
56	2	μὲν
56	3	οὖν
56	4	ἐντεῦθεν
56	5	ἄν
56	6	τις
56	7	δυνηθείη
56	8	κατιδεῖν
56	9	ὅσῳ
56	10	μετριώτερον
56	11	καὶ
56	12	πραότερον
56	13	ἡμεῖς
56	14	τῶν
56	15	πραγμάτων
56	16	ἐπεμελήθημεν
56	17	,
56	18	δεύτερον
56	19	δʼ
56	20	ἐκ
56	21	τοῦ
56	22	ῥηθήσεσθαι
56	23	μέλλοντος
56	24	·
56	25	Σπαρτιᾶται
56	26	μὲν
56	27	γὰρ
56	28	ἔτη
56	29	δέκα
56	30	μόλις
56	31	ἐπεστάτησαν
56	32	αὐτῶν
56	33	,
56	34	ἡμεῖς
56	35	δὲ
56	36	πέντε
56	37	καὶ
56	38	ἑξήκοντα
56	39	συνεχῶς
56	40	κατέσχομεν
56	41	τὴν
56	42	ἀρχήν
56	43	.
56	44	καίτοι
56	45	πάντες
56	46	ἴσασι
56	47	τὰς
56	48	πόλεις
56	49	τὰς
56	50	ὑφʼ
56	51	ἑτέροις
56	52	γιγνομένας
56	53	,
56	54	ὅτι
56	55	πλεῖστον
56	56	χρόνον
56	57	τούτοις
56	58	παραμένουσιν
56	59	ὑφʼ
56	60	ὧν
56	61	ἂν
56	62	ἐλάχιστα
56	63	κακὰ
56	64	πάσχουσαι
56	65	τυγχάνωσιν
56	66	.
57	1	ἐκ
57	2	τούτων
57	3	τοίνυν
57	4	ἀμφότεραι
57	5	μισηθεῖσαι
57	6	κατέστησαν
57	7	εἰς
57	8	πόλεμον
57	9	καὶ
57	10	ταραχήν
57	11	,
57	12	ἐν
57	13	ᾗ
57	14	τὴν
57	15	μὲν
57	16	ἡμετέραν
57	17	εὕροι
57	18	τις
57	19	ἄν
57	20	,
57	21	ἁπάντων
57	22	αὐτῇ
57	23	καὶ
57	24	τῶν
57	25	Ἑλλήνων
57	26	καὶ
57	27	τῶν
57	28	βαρβάρων
57	29	ἐπιθεμένων
57	30	,
57	31	ἔτη
57	32	δέκα
57	33	τούτοις
57	34	ἀντισχεῖν
57	35	δυνηθεῖσαν
57	36	,
57	37	Λακεδαιμονίους
57	38	δὲ
57	39	κρατοῦντας
57	40	ἔτι
57	41	κατὰ
57	42	γῆν
57	43	,
57	44	πρὸς
57	45	Θηβαίους
57	46	μόνους
57	47	πολεμήσαντας
57	48	καὶ
57	49	μίαν
57	50	μάχην
57	51	ἡττηθέντας
57	52	,
57	53	ἁπάντων
57	54	ἀποστερηθέντας
57	55	ὧν
57	56	εἶχον
57	57	,
57	58	καὶ
57	59	παραπλησίαις
57	60	ἀτυχίαις
57	61	χρησαμένους
57	62	καὶ
57	63	συμφοραῖς
57	64	αἷσπερ
57	65	ἡμεῖς
57	66	,
58	1	καὶ
58	2	πρὸς
58	3	τούτοις
58	4	τὴν
58	5	μὲν
58	6	ἡμετέραν
58	7	πόλιν
58	8	ἐν
58	9	ἐλάττοσιν
58	10	ἔτεσιν
58	11	ἀναλαβοῦσαν
58	12	αὑτὴν
58	13	ἢ
58	14	κατεπολεμήθη
58	15	,
58	16	Σπαρτιάτας
58	17	δὲ
58	18	μετὰ
58	19	τὴν
58	20	ἧτταν
58	21	μηδʼ
58	22	ἐν
58	23	πολλαπλασίῳ
58	24	χρόνῳ
58	25	δυνηθέντας
58	26	καταστῆσαι
58	27	σφᾶς
58	28	αὐτοὺς
58	29	εἰς
58	30	τὴν
58	31	αὐτὴν
58	32	ἕξιν
58	33	ἐξ
58	34	ἧς
58	35	περ
58	36	ἐξέπεσον
58	37	,
58	38	ἀλλʼ
58	39	ὁμοίως
58	40	ἔτι
58	41	καὶ
58	42	νῦν
58	43	ἔχοντας
58	44	.
59	1	τὰ
59	2	τοίνυν
59	3	πρὸς
59	4	τοὺς
59	5	βαρβάρους
59	6	ὡς
59	7	ἑκάτεροι
59	8	προσηνέχθημεν
59	9	,
59	10	δηλωτέον
59	11	·
59	12	ἔτι
59	13	γὰρ
59	14	τοῦτο
59	15	λοιπόν
59	16	ἐστιν
59	17	.
59	18	ἐπὶ
59	19	μὲν
59	20	γὰρ
59	21	τῆς
59	22	ἡμετέρας
59	23	δυναστείας
59	24	οὐκ
59	25	ἐξῆν
59	26	αὐτοῖς
59	27	οὔ
59	28	τ’
59	29	ἐντὸς
59	30	Ἅλυος
59	31	πεζῷ
59	32	στρατοπέδῳ
59	33	καταβαίνειν
59	34	οὔ
59	35	τε
59	36	μακροῖς
59	37	πλοίοις
59	38	ἐπὶ
59	39	τάδε
59	40	πλεῖν
59	41	Φασήλιδος
59	42	·
59	43	ἐπὶ
59	44	δὲ
59	45	τῆς
59	46	Λακεδαιμονίων
59	47	οὐ
59	48	μόνον
59	49	τοῦ
59	50	πορεύεσθαι
59	51	καὶ
59	52	πλεῖν
59	53	ὅποι
59	54	βουληθεῖεν
59	55	ἐξουσίαν
59	56	ἔλαβον
59	57	,
59	58	ἀλλὰ
59	59	καὶ
59	60	δεσπόται
59	61	πολλῶν
59	62	Ἑλληνίδων
59	63	πόλεων
59	64	κατέστησαν
59	65	.
60	1	τὴν
60	2	δὴ
60	3	καὶ
60	4	τὰς
60	5	συνθήκας
60	6	τὰς
60	7	πρὸς
60	8	βασιλέα
60	9	γενναιοτέρας
60	10	καὶ
60	11	μεγαλοφρονεστέρας
60	12	ποιησαμένην
60	13	,
60	14	καὶ
60	15	τῶν
60	16	πλείστων
60	17	καὶ
60	18	μεγίστων
60	19	τοῖς
60	20	μὲν
60	21	βαρβάροις
60	22	κακῶν
60	23	τοῖς
60	24	δʼ
60	25	Ἕλλησιν
60	26	ἀγαθῶν
60	27	αἰτίαν
60	28	γεγενημένην
60	29	,
60	30	ἔτι
60	31	δὲ
60	32	τῆς
60	33	Ἀσίας
60	34	τὴν
60	35	παραλίαν
60	36	καὶ
60	37	πολλὴν
60	38	ἄλλην
60	39	χώραν
60	40	τοὺς
60	41	μὲν
60	42	πολεμίους
60	43	ἀφελομένην
60	44	τοῖς
60	45	δὲ
60	46	συμμάχοις
60	47	κτησαμένην
60	48	,
61	1	καὶ
61	2	τοὺς
61	3	μὲν
61	4	ὑβρίζοντας
61	5	τοὺς
61	6	δʼ
61	7	ἀποροῦντας
61	8	παύσασαν
61	9	,
61	10	πρὸς
61	11	δὲ
61	12	τούτοις
61	13	ὑπὲρ
61	14	αὑτῆς
61	15	τε
61	16	πολεμήσασαν
61	17	ἄμεινον
61	18	τῆς
61	19	εὐδοκιμούσης
61	20	περὶ
61	21	τὰ
61	22	τοιαῦτα
61	23	καὶ
61	24	τὰς
61	25	συμφορὰς
61	26	θᾶττον
61	27	διαλυσαμένην
61	28	τῶν
61	29	αὐτῶν
61	30	τούτων
61	31	,
61	32	πῶς
61	33	οὐ
61	34	δίκαιον
61	35	ἐπαινεῖν
61	36	καὶ
61	37	τιμᾶν
61	38	μᾶλλον
61	39	ἢ
61	40	τὴν
61	41	ἐν
61	42	ἅπασι
61	43	τούτοις
61	44	ἀπολελειμμένην
61	45	;
61	1	περὶ
61	2	μὲν
61	3	οὖν
61	4	τῶν
61	5	πραχθέντων
61	6	παρʼ
61	7	ἄλληλα
61	8	καὶ
61	9	τῶν
61	10	κινδύνων
61	11	τῶν
61	12	ἅμα
61	13	καὶ
61	14	πρὸς
61	15	τοὺς
61	16	αὐτοὺς
61	17	γενομένων
61	18	ἐν
61	19	τῷ
61	20	παρόντι
61	21	ταῦτʼ
61	22	εἶχον
61	23	εἰπεῖν
61	24	.
62	1	οἶμαι
62	2	δὲ
62	3	τοὺς
62	4	ἀηδῶς
62	5	ἀκούοντας
62	6	τῶν
62	7	λόγων
62	8	τούτων
62	9	τοῖς
62	10	μὲν
62	11	εἰρημένοις
62	12	οὐδὲν
62	13	ἀντερεῖν
62	14	ὡς
62	15	οὐκ
62	16	ἀληθέσιν
62	17	οὖσιν
62	18	,
62	19	οὐ
62	20	δ’
62	21	αὖ
62	22	πράξεις
62	23	ἑτέρας
62	24	ἕξειν
62	25	εἰπεῖν
62	26	περὶ
62	27	ἃς
62	28	Λακεδαιμόνιοι
62	29	γενόμενοι
62	30	πολλῶν
62	31	ἀγαθῶν
62	32	αἴτιοι
62	33	τοῖς
62	34	Ἕλλησι
62	35	κατέστησαν
62	36	,
62	37	κατηγορεῖν
62	38	δὲ
62	39	τῆς
62	40	πόλεως
62	41	ἡμῶν
62	42	ἐπιχειρήσειν
62	43	,
63	1	ὅπερ
63	2	ἀεὶ
63	3	ποιεῖν
63	4	εἰώθασι
63	5	,
63	6	καὶ
63	7	διεξιέναι
63	8	τὰς
63	9	δυσχερεστάτας
63	10	τῶν
63	11	πράξεων
63	12	τῶν
63	13	ἐπὶ
63	14	τῆς
63	15	ἀρχῆς
63	16	τῆς
63	17	κατὰ
63	18	θάλατταν
63	19	γεγενημένων
63	20	,
63	21	καὶ
63	22	τάς
63	23	τε
63	24	δίκας
63	25	καὶ
63	26	τὰς
63	27	κρίσεις
63	28	τὰς
63	29	ἐνθάδε
63	30	γιγνομένας
63	31	τοῖς
63	32	συμμάχοις
63	33	καὶ
63	34	τὴν
63	35	τῶν
63	36	φόρων
63	37	εἴσπραξιν
63	38	διαβαλεῖν
63	39	,
63	40	καὶ
63	41	μάλιστα
63	42	διατρίψειν
63	43	περὶ
63	44	τὰ
63	45	Μηλίων
63	46	πάθη
63	47	καὶ
63	48	Σκιωναίων
63	49	καὶ
63	50	Τορωναίων
63	51	,
63	52	οἰομένους
63	53	ταῖς
63	54	κατηγορίαις
63	55	ταύταις
63	56	καταρρυπανεῖν
63	57	τὰς
63	58	τῆς
63	59	πόλεως
63	60	εὐεργεσίας
63	61	τὰς
63	62	ὀλίγῳ
63	63	πρότερον
63	64	εἰρημένας
63	65	.
64	1	ἐγὼ
64	2	δὲ
64	3	πρὸς
64	4	ἅπαντα
64	5	μὲν
64	6	τὰ
64	7	δικαίως
64	8	ἂν
64	9	ῥηθέντα
64	10	κατὰ
64	11	τῆς
64	12	πόλεως
64	13	οὔ
64	14	τ’
64	15	ἂν
64	16	δυναίμην
64	17	ἀντειπεῖν
64	18	οὔ
64	19	τ’
64	20	ἂν
64	21	ἐπιχειρήσαιμι
64	22	τοῦτο
64	23	ποιεῖν
64	24	·
64	25	καὶ
64	26	γὰρ
64	27	ἂν
64	28	αἰσχυνοίμην
64	29	,
64	30	ὅπερ
64	31	εἶπον
64	32	ἤδη
64	33	καὶ
64	34	πρότερον
64	35	,
64	36	εἰ
64	37	τῶν
64	38	ἄλλων
64	39	μη
64	40	δὲ
64	41	τοὺς
64	42	θεοὺς
64	43	ἀναμαρτήτους
64	44	εἶναι
64	45	νομιζόντων
64	46	ἐγὼ
64	47	γλιχοίμην
64	48	καὶ
64	49	πειρῴμην
64	50	πείθειν
64	51	ὡς
64	52	περὶ
64	53	οὐδὲν
64	54	πώποτε
64	55	τὸ
64	56	κοινὸν
64	57	ἡμῶν
64	58	πεπλημμέληκεν
64	59	·
65	1	οὐ
65	2	μὴν
65	3	ἀλλʼ
65	4	ἐκεῖνό
65	5	γʼ
65	6	οἴομαι
65	7	ποιήσειν
65	8	,
65	9	τήν
65	10	τε
65	11	πόλιν
65	12	τὴν
65	13	Σπαρτιατῶν
65	14	ἐπιδείξειν
65	15	περὶ
65	16	τὰς
65	17	πράξεις
65	18	τὰς
65	19	προειρημένας
65	20	πολὺ
65	21	πικροτέραν
65	22	καὶ
65	23	χαλεπωτέραν
65	24	τῆς
65	25	ἡμετέρας
65	26	γεγενημένην
65	27	,
65	28	τούς
65	29	θʼ
65	30	ὑπὲρ
65	31	ἐκείνων
65	32	βλασφημοῦντας
65	33	καθʼ
65	34	ἡμῶν
65	35	ὡς
65	36	δυνατὸν
65	37	ἀφρονέστατα
65	38	διακειμένους
65	39	καὶ
65	40	τοῦ
65	41	κακῶς
65	42	ἀκούειν
65	43	ὑφʼ
65	44	ἡμῶν
65	45	τοὺς
65	46	φίλους
65	47	αὐτῶν
65	48	αἰτίους
65	49	ὄντας
65	50	·
66	1	ἐπειδὰν
66	2	γὰρ
66	3	τὰ
66	4	τοιαῦτα
66	5	κατηγορῶσιν
66	6	,
66	7	οἷς
66	8	ἔνοχοι
66	9	Λακεδαιμόνιοι
66	10	μᾶλλον
66	11	τυγχάνουσιν
66	12	ὄντες
66	13	,
66	14	οὐκ
66	15	ἀποροῦμεν
66	16	τοῦ
66	17	περὶ
66	18	ἡμῶν
66	19	ῥηθέντος
66	20	μεῖζον
66	21	ἁμάρτημα
66	22	κατʼ
66	23	ἐκείνων
66	24	εἰπεῖν
66	25	.
66	1	οἷον
66	2	καὶ
66	3	νῦν
66	4	,
66	5	ἢν
66	6	μνησθῶσι
66	7	τῶν
66	8	ἀγώνων
66	9	τῶν
66	10	τοῖς
66	11	συμμάχοις
66	12	ἐνθάδε
66	13	γιγνομένων
66	14	,
66	15	τίς
66	16	ἐστιν
66	17	οὕτως
66	18	ἀφυής
66	19	,
66	20	ὅστις
66	21	οὐχ
66	22	εὑρήσει
66	23	πρὸς
66	24	τοῦτʼ
66	25	ἀντειπεῖν
66	26	ὅτι
66	27	πλείους
66	28	Λακεδαιμόνιοι
66	29	τῶν
66	30	Ἑλλήνων
66	31	ἀκρίτους
66	32	ἀπεκτόνασι
66	33	τῶν
66	34	παρʼ
66	35	ἡμῖν
66	36	,
66	37	ἐξ
66	38	οὗ
66	39	τὴν
66	40	πόλιν
66	41	οἰκοῦμεν
66	42	,
66	43	εἰς
66	44	ἀγῶνα
66	45	καὶ
66	46	κρίσιν
66	47	καταστάντων
66	48	;
67	1	τοιαῦτα
67	2	δὲ
67	3	καὶ
67	4	περὶ
67	5	τῆς
67	6	εἰσπράξεως
67	7	τῶν
67	8	φόρων
67	9	ἤν
67	10	τι
67	11	λέγωσιν
67	12	,
67	13	ἕξομεν
67	14	εἰπεῖν
67	15	·
67	16	πολὺ
67	17	γὰρ
67	18	ἐπιδείξομεν
67	19	συμφορώτερα
67	20	πράξαντας
67	21	τοὺς
67	22	ἡμετέρους
67	23	ἢ
67	24	Λακεδαιμονίους
67	25	ταῖς
67	26	πόλεσι
67	27	ταῖς
67	28	τὸν
67	29	φόρον
67	30	ἐνεγκούσαις
67	31	.
67	32	πρῶτον
67	33	μὲν
67	34	γὰρ
67	35	οὐ
67	36	προσταχθὲν
67	37	ὑφʼ
67	38	ἡμῶν
67	39	τοῦτʼ
67	40	ἐποίουν
67	41	,
67	42	ἀλλʼ
67	43	αὐτοὶ
67	44	γνόντες
67	45	,
67	46	ὅτε
67	47	περ
67	48	τὴν
67	49	ἡγεμονίαν
67	50	ἡμῖν
67	51	τὴν
67	52	κατὰ
67	53	θάλατταν
67	54	ἔδοσαν
67	55	·
68	1	ἔπειτʼ
68	2	οὐχ
68	3	ὑπὲρ
68	4	τῆς
68	5	σωτηρίας
68	6	τῆς
68	7	ἡμετέρας
68	8	ἔφερον
68	9	,
68	10	ἀλλʼ
68	11	ὑπὲρ
68	12	τῆς
68	13	δημοκρατίας
68	14	καὶ
68	15	τῆς
68	16	ἐλευθερίας
68	17	τῆς
68	18	αὑτῶν
68	19	καὶ
68	20	τοῦ
68	21	μὴ
68	22	περιπεσεῖν
68	23	ὀλιγαρχίας
68	24	γενομένης
68	25	τηλικούτοις
68	26	κακοῖς
68	27	τὸ
68	28	μέγεθος
68	29	,
68	30	ἡλίκοις
68	31	ἐπὶ
68	32	τῶν
68	33	δεκαδαρχιῶν
68	34	καὶ
68	35	τῆς
68	36	δυναστείας
68	37	τῆς
68	38	Λακεδαιμονίῶν
68	39	.
68	40	ἔτι
68	41	δʼ
68	42	οὐκ
68	43	ἐκ
68	44	τούτων
68	45	ἔφερον
68	46	ἐξ
68	47	ὧν
68	48	αὐτοὶ
68	49	διέσωσαν
68	50	,
68	51	ἀλλʼ
68	52	ἀφʼ
68	53	ὧν
68	54	διʼ
68	55	ἡμᾶς
68	56	εἶχον
68	57	·
68	58	ὑπὲρ
68	59	ὧν
68	60	,
69	1	εἰ
69	2	καὶ
69	3	μικρὸς
69	4	λογισμὸς
69	5	ἐνῆν
69	6	αὐτοῖς
69	7	,
69	8	δικαίως
69	9	ἂν
69	10	χάριν
69	11	εἶχον
69	12	ἡμῖν
69	13	.
69	14	παραλαβόντες
69	15	γὰρ
69	16	τὰς
69	17	πόλεις
69	18	αὐτῶν
69	19	τὰς
69	20	μὲν
69	21	παντάπασιν
69	22	ἀναστάτους
69	23	γεγενημένας
69	24	ὑπὸ
69	25	τῶν
69	26	βαρβάρων
69	27	,
69	28	τὰς
69	29	δὲ
69	30	πεπορθημένας
69	31	,
69	32	εἰς
69	33	τοῦτο
69	34	προηγάγομεν
69	35	,
69	36	ὥστε
69	37	μικρὸν
69	38	μέρος
69	39	τῶν
69	40	γιγνομένων
69	41	ἡμῖν
69	42	διδόντας
69	43	μηδὲν
69	44	ἐλάττους
69	45	ἔχειν
69	46	τοὺς
69	47	οἴκους
69	48	Πελοποννησίων
69	49	τῶν
69	50	οὐδένα
69	51	φόρον
69	52	ὑποτελούντων
69	53	.
70	1	περὶ
70	2	τοίνυν
70	3	τῶν
70	4	ἀναστάτων
70	5	γεγενημένων
70	6	ὑφʼ
70	7	ἑκατέρας
70	8	τῶν
70	9	πόλεων
70	10	,
70	11	ὃ
70	12	μόνοις
70	13	τινὲς
70	14	ἡμῖν
70	15	ὀνειδίζουσιν
70	16	,
70	17	ἐπιδείξομεν
70	18	πολὺ
70	19	δεινότερα
70	20	πεποιηκότας
70	21	οὓς
70	22	ἐπαινοῦντες
70	23	διατελοῦσιν
70	24	.
70	25	ἡμῖν
70	26	μὲν
70	27	γὰρ
70	28	συνέπεσε
70	29	περὶ
70	30	νησύδρια
70	31	τοιαῦτα
70	32	καὶ
70	33	τηλικαῦτα
70	34	τὸ
70	35	μέγεθος
70	36	ἐξαμαρτεῖν
70	37	,
70	38	ἃ
70	39	πολλοὶ
70	40	τῶν
70	41	Ἑλλήνων
70	42	οὐ
70	43	δ’
70	44	ἴσασιν
70	45	,
70	46	ἐκεῖνοι
70	47	δὲ
70	48	τὰς
70	49	μεγίστας
70	50	πόλεις
70	51	τῶν
70	52	ἐν
70	53	Πελοποννήσῳ
70	54	καὶ
70	55	τὰς
70	56	πανταχῇ
70	57	προεχούσας
70	58	τῶν
70	59	ἄλλων
70	60	ἀναστάτους
70	61	ποιήσαντες
70	62	αὐτοὶ
70	63	τ
70	64	ἀκείνων
70	65	ἔχουσιν
70	66	,
71	1	ἃς
71	2	ἄξιον
71	3	ἦν
71	4	,
71	5	εἰ
71	6	καὶ
71	7	μηδὲν
71	8	αὐταῖς
71	9	πρότερον
71	10	ὑπῆρχεν
71	11	ἀγαθόν
71	12	,
71	13	τῆς
71	14	μεγίστης
71	15	δωρεᾶς
71	16	παρὰ
71	17	τῶν
71	18	Ἑλλήνων
71	19	τυχεῖν
71	20	διὰ
71	21	τὴν
71	22	στρατείαν
71	23	τὴν
71	24	ἐπὶ
71	25	Τροίαν
71	26	,
71	27	ἐν
71	28	ᾗ
71	29	σφᾶς
71	30	τε
71	31	αὐτὰς
71	32	παρέσχον
71	33	πρωτευούσας
71	34	καὶ
71	35	τοὺς
71	36	ἡγεμόνας
71	37	ἀρετὰς
71	38	ἔχοντας
71	39	οὐ
71	40	μόνον
71	41	τὰς
71	42	τοιαύτας
71	43	ὧν
71	44	πολλοὶ
71	45	καὶ
71	46	τῶν
71	47	φαύλων
71	48	κοινωνοῦσιν
71	49	,
71	50	ἀλλὰ
71	51	κ
71	52	ἀκείνας
71	53	ὧν
71	54	οὐδεὶς
71	55	ἂν
71	56	πονηρὸς
71	57	ὢν
71	58	δυνηθείη
71	59	μετασχεῖν
71	60	.
72	1	Μεσσήνη
72	2	μὲν
72	3	γὰρ
72	4	Νέστορα
72	5	παρέσχε
72	6	τὸν
72	7	φρονιμώτατον
72	8	ἁπάντων
72	9	τῶν
72	10	κατʼ
72	11	ἐκεῖνον
72	12	τὸν
72	13	χρόνον
72	14	γενομένων
72	15	,
72	16	Λακεδαίμων
72	17	δὲ
72	18	Μενέλαον
72	19	τὸν
72	20	διὰ
72	21	σωφροσύνην
72	22	καὶ
72	23	δικαιοσύνην
72	24	μόνον
72	25	ἀξιωθέντα
72	26	Διὸς
72	27	γενέσθαι
72	28	κηδεστήν
72	29	,
72	30	ἡ
72	31	δʼ
72	32	Ἀργείων
72	33	πόλις
72	34	Ἀγαμέμνονα
72	35	τὸν
72	36	οὐ
72	37	μίαν
72	38	οὐ
72	39	δὲ
72	40	δύο
72	41	σχόντα
72	42	μόνον
72	43	ἀρετάς
72	44	,
72	45	ἀλλὰ
72	46	πάσας
72	47	ὅσας
72	48	ἂν
72	49	ἔχοι
72	50	τις
72	51	εἰπεῖν
72	52	,
73	1	καὶ
73	2	ταύτας
73	3	οὐ
73	4	μετρίως
73	5	ἀλλʼ
73	6	ὑπερβαλλόντως
73	7	·
73	8	οὐδένα
73	9	γὰρ
73	10	εὑρήσομεν
73	11	τῶν
73	12	ἁπάντων
73	13	οὔ
73	14	τ’
73	15	ἰδιωτέρας
73	16	πράξεις
73	17	μεταχειρισάμενον
73	18	οὔ
73	19	τε
73	20	καλλίους
73	21	οὔ
73	22	τε
73	23	μείζους
73	24	οὔ
73	25	τε
73	26	τοῖς
73	27	Ἕλλησιν
73	28	ὠφελιμωτέρας
73	29	οὔ
73	30	τε
73	31	πλειόνων
73	32	ἐπαίνων
73	33	ἀξίας
73	34	.
73	35	καὶ
73	36	τούτοις
73	37	οὕτω
73	38	μὲν
73	39	ἀπηριθμημένοις
73	40	εἰκότως
73	41	ἄν
73	42	τινες
73	43	ἀπιστήσειαν
73	44	,
73	45	μικρῶν
73	46	δὲ
73	47	περὶ
73	48	ἑκάστου
73	49	ῥηθέντων
73	50	ἅπαντες
73	51	ἂν
73	52	ἀληθῆ
73	53	με
73	54	λέγειν
73	55	ὁμολογήσειαν
73	56	.
74	1	οὐ
74	2	δύναμαι
74	3	δὲ
74	4	κατιδεῖν
74	5	,
74	6	ἀλλʼ
74	7	ἀπορῶ
74	8	ποίοις
74	9	ἂν
74	10	λόγοις
74	11	μετὰ
74	12	ταῦτα
74	13	χρησάμενος
74	14	ὀρθῶς
74	15	εἴην
74	16	βεβουλευμένος
74	17	.
74	18	αἰσχύνομαι
74	19	μὲν
74	20	γάρ
74	21	,
74	22	εἰ
74	23	τοσαῦτα
74	24	περὶ
74	25	τῆς
74	26	Ἀγαμέμνονος
74	27	ἀρετῆς
74	28	προειρηκὼς
74	29	μηδενὸς
74	30	μνησθήσομαι
74	31	τῶν
74	32	ὑπʼ
74	33	ἐκείνου
74	34	πεπραγμένων
74	35	,
74	36	ἀλλὰ
74	37	δόξω
74	38	τοῖς
74	39	ἀκούουσιν
74	40	ὅμοιος
74	41	εἶναι
74	42	τοῖς
74	43	ἀλαζονευομένοις
74	44	καὶ
74	45	λέγουσιν
74	46	ὅ
74	47	τι
74	48	ἂν
74	49	τύχωσιν
74	50	·
74	51	ὁρῶ
74	52	δὲ
74	53	τὰς
74	54	πράξεις
74	55	τὰς
74	56	ἔξω
74	57	λεγομένας
74	58	τῶν
74	59	ὑποθέσεων
74	60	οὐκ
74	61	ἐπαινουμένας
74	62	ἀλλὰ
74	63	ταραχώδεις
74	64	εἶναι
74	65	δοκούσας
74	66	,
74	67	καὶ
74	68	πολλοὺς
74	69	μὲν
74	70	ὄντας
74	71	τοὺς
74	72	κακῶς
74	73	χρωμένους
74	74	αὐταῖς
74	75	,
75	1	πολὺ
75	2	δὲ
75	3	πλείους
75	4	τοὺς
75	5	ἐπιτιμῶντας
75	6	.
75	7	διὸ
75	8	δέδοικα
75	9	μὴ
75	10	καὶ
75	11	περὶ
75	12	ἐμὲ
75	13	συμβῇ
75	14	τι
75	15	τοιοῦτον
75	16	.
75	17	οὐ
75	18	μὴν
75	19	ἀλλʼ
75	20	αἱροῦμαι
75	21	βοηθῆσαι
75	22	τῷ
75	23	τ
75	24	αὐτὸν
75	25	ἐμοί
75	26	τε
75	27	καὶ
75	28	πολλοῖς
75	29	πεπονθότι
75	30	,
75	31	καὶ
75	32	διημαρτηκότι
75	33	τῆς
75	34	δόξης
75	35	ἧς
75	36	προσῆκε
75	37	τυχεῖν
75	38	αὐτόν
75	39	,
75	40	καὶ
75	41	μεγίστων
75	42	μὲν
75	43	ἀγαθῶν
75	44	αἰτίῳ
75	45	γεγενημένῳ
75	46	περὶ
75	47	ἐκεῖνον
75	48	τὸν
75	49	χρόνον
75	50	,
75	51	ἧττον
75	52	δʼ
75	53	ἐπαινουμένῳ
75	54	τῶν
75	55	οὐδὲν
75	56	ἄξιον
75	57	λόγου
75	58	διαπεπραγμένων
75	59	.
76	1	τί
76	2	γὰρ
76	3	ἐκεῖνος
76	4	ἐνέλιπεν
76	5	,
76	6	ὃς
76	7	τηλικαύτην
76	8	μὲν
76	9	ἔσχε
76	10	τιμήν
76	11	,
76	12	ἧς
76	13	εἰ
76	14	πάντες
76	15	συνελθόντες
76	16	μείζω
76	17	ζητοῖεν
76	18	,
76	19	οὐδέποτʼ
76	20	ἂν
76	21	εὑρεῖν
76	22	δυνηθεῖεν
76	23	;
76	24	μόνος
76	25	γὰρ
76	26	ἁπάσης
76	27	τῆς
76	28	Ἑλλάδος
76	29	ἠξιώθη
76	30	γενέσθαι
76	31	στρατηγός
76	32	.
76	33	ὁπότερον
76	34	δέ
76	35	,
76	36	εἴθʼ
76	37	ὑπὸ
76	38	πάντων
76	39	αἱρεθεὶς
76	40	εἴτʼ
76	41	αὐτὸς
76	42	κτησάμενος
76	43	,
76	44	οὐκ
76	45	ἔχω
76	46	λέγειν
76	47	.
76	48	ὁποτέρως
76	49	δʼ
76	50	οὖν
76	51	συμβέβηκεν
76	52	,
76	53	οὐδεμίαν
76	54	ὑπερβολὴν
76	55	λέλοιπε
76	56	τῆς
76	57	περὶ
76	58	αὑτὸν
76	59	δόξης
76	60	τοῖς
76	61	ἄλλως
76	62	πως
76	63	τιμηθεῖσιν
76	64	.
77	1	ταύτην
77	2	δὲ
77	3	λαβὼν
77	4	τὴν
77	5	δύναμιν
77	6	οὐκ
77	7	ἔστιν
77	8	ἥν
77	9	τινα
77	10	τῶν
77	11	Ἑλληνίδων
77	12	πόλεων
77	13	ἐλύπησεν
77	14	,
77	15	ἀλλʼ
77	16	οὕτως
77	17	ἦν
77	18	πόρρω
77	19	τοῦ
77	20	περί
77	21	τινας
77	22	ἐξαμαρτεῖν
77	23	,
77	24	ὥστε
77	25	παραλαβὼν
77	26	τοὺς
77	27	Ἕλληνας
77	28	ἐν
77	29	πολέμῳ
77	30	καὶ
77	31	ταραχαῖς
77	32	καὶ
77	33	πολλοῖς
77	34	κακοῖς
77	35	ὄντας
77	36	τούτων
77	37	μὲν
77	38	αὐτοὺς
77	39	ἀπήλλαξεν
77	40	,
77	41	εἰς
77	42	ὁμόνοιαν
77	43	δὲ
77	44	καταστήσας
77	45	τὰ
77	46	μὲν
77	47	περιττὰ
77	48	τῶν
77	49	ἔργων
77	50	καὶ
77	51	τερατώδη
77	52	καὶ
77	53	μηδὲν
77	54	ὠφελοῦντα
77	55	τοὺς
77	56	ἄλλους
77	57	ὑπερεῖδε
77	58	,
77	59	στρατόπεδον
77	60	δὲ
77	61	συστήσας
77	62	ἐπὶ
77	63	τοὺς
77	64	βαρβάρους
77	65	ἤγαγεν
77	66	.
78	1	τούτου
78	2	δὲ
78	3	κάλλιον
78	4	στρατήγημα
78	5	καὶ
78	6	τοῖς
78	7	Ἕλλησιν
78	8	ὠφελιμώτερον
78	9	οὐδεὶς
78	10	φανήσεται
78	11	πράξας
78	12	οὔ
78	13	τε
78	14	τῶν
78	15	κατʼ
78	16	ἐκεῖνον
78	17	τὸν
78	18	χρόνον
78	19	εὐδοκιμησάντων
78	20	οὔ
78	21	τε
78	22	τῶν
78	23	ὕστερον
78	24	ἐπιγενομένων
78	25	.
78	26	ἃ
78	27	ʼκεῖνος
78	28	πράξας
78	29	καὶ
78	30	τοῖς
78	31	ἄλλοις
78	32	ὑποδείξας
78	33	οὐχ
78	34	οὕτως
78	35	εὐδοκίμησεν
78	36	,
78	37	ὡς
78	38	προσῆκεν
78	39	αὐτόν
78	40	,
78	41	διὰ
78	42	τοὺς
78	43	μᾶλλον
78	44	ἀγαπῶντας
78	45	τὰς
78	46	θαυματοποιίας
78	47	τῶν
78	48	εὐεργεσιῶν
78	49	καὶ
78	50	τὰς
78	51	ψευδολογίας
78	52	τῆς
78	53	ἀληθείας
78	54	,
78	55	ἀλλὰ
78	56	τοιοῦτος
78	57	γενόμενος
78	58	ἐλάττω
78	59	δόξαν
78	60	ἔχει
78	61	τῶν
78	62	οὐ
78	63	δὲ
78	64	μιμήσασθαι
78	65	τολμησάντων
78	66	αὐτόν
78	67	.
79	1	οὐ
79	2	μόνον
79	3	δʼ
79	4	ἐπὶ
79	5	τούτοις
79	6	ἄν
79	7	τις
79	8	ἐπαινέσειεν
79	9	αὐτόν
79	10	,
79	11	ἀλλὰ
79	12	καὶ
79	13	ἐφʼ
79	14	οἷς
79	15	περὶ
79	16	τὸν
79	17	αὐτὸν
79	18	χρόνον
79	19	ἔπραξεν
79	20	.
79	21	εἰς
79	22	τοῦτο
79	23	γὰρ
79	24	μεγαλοφροσύνης
79	25	ἦλθεν
79	26	,
79	27	ὥστʼ
79	28	οὐκ
79	29	ἀπέχρησεν
79	30	αὐτῷ
79	31	λαβεῖν
79	32	στρατιώτας
79	33	τῶν
79	34	ἰδιωτῶν
79	35	ὁπόσους
79	36	ἐξ
79	37	ἑκάστης
79	38	ἐβουλήθη
79	39	τῆς
79	40	πόλεως
79	41	,
79	42	ἀλλὰ
79	43	τοὺς
79	44	βασιλεῖς
79	45	τοὺς
79	46	ποιοῦντας
79	47	ἐν
79	48	ταῖς
79	49	αὑτῶν
79	50	ὅ
79	51	τι
79	52	βουληθεῖεν
79	53	καὶ
79	54	τοῖς
79	55	ἄλλοις
79	56	προστάττοντας
79	57	,
79	58	τούτους
79	59	ἔπεισεν
79	60	ὑφʼ
79	61	αὑτῷ
79	62	γενέσθαι
79	63	,
79	64	καὶ
79	65	συνακολουθεῖν
79	66	ἐφʼ
79	67	οὓς
79	68	ἂν
79	69	ἡγῆται
79	70	,
79	71	καὶ
79	72	ποιεῖν
79	73	τὸ
79	74	προσταττόμενον
79	75	,
79	76	καὶ
79	77	βασιλικὸν
79	78	βίον
79	79	ἀφέντας
79	80	στρατιωτικῶς
79	81	ζῆν
79	82	,
80	1	ἔτι
80	2	δὲ
80	3	κινδυνεύειν
80	4	καὶ
80	5	πολεμεῖν
80	6	οὐχ
80	7	ὑπὲρ
80	8	τῆς
80	9	σφετέρας
80	10	αὐτῶν
80	11	πατρίδος
80	12	καὶ
80	13	βασιλείας
80	14	,
80	15	ἀλλὰ
80	16	λόγῳ
80	17	μὲν
80	18	ὑπὲρ
80	19	Ἑλένης
80	20	τῆς
80	21	Μενελάου
80	22	γυναικός
80	23	,
80	24	ἔργῳ
80	25	δʼ
80	26	ὑπὲρ
80	27	τοῦ
80	28	μὴ
80	29	τὴν
80	30	Ἑλλάδα
80	31	πάσχειν
80	32	ὑπὸ
80	33	τῶν
80	34	βαρβάρων
80	35	μή
80	36	τε
80	37	τοιαῦτα
80	38	μήθʼ
80	39	οἷα
80	40	πρότερον
80	41	αὐτῇ
80	42	συνέπεσε
80	43	περὶ
80	44	τὴν
80	45	Πέλοπος
80	46	μὲν
80	47	ἁπάσης
80	48	Πελοποννήσου
80	49	κατάληψιν
80	50	,
80	51	Δαναοῦ
80	52	δὲ
80	53	τῆς
80	54	πόλεως
80	55	τῆς
80	56	Ἀργείων
80	57	,
80	58	Κάδμου
80	59	δὲ
80	60	Θηβῶν
80	61	·
80	62	ὧν
80	63	τίς
80	64	ἄλλος
80	65	φανήσεται
80	66	προνοηθείς
80	67	,
80	68	ἢ
80	69	τίς
80	70	ἐμποδὼν
80	71	καταστὰς
80	72	τοῦ
80	73	μηδὲν
80	74	ἔτι
80	75	γενέσθαι
80	76	τοιοῦτον
80	77	,
80	78	πλὴν
80	79	τῆς
80	80	ἐκείνου
80	81	φύσεως
80	82	καὶ
80	83	δυνάμεως
80	84	;
81	1	τὸ
81	2	τοίνυν
81	3	ἐχόμενον
81	4	,
81	5	ὃ
81	6	τῶν
81	7	μὲν
81	8	προειρημένων
81	9	ἔλαττόν
81	10	ἐστι
81	11	,
81	12	τῶν
81	13	δὲ
81	14	πολλάκις
81	15	ἐγκεκωμιασμένων
81	16	μεῖζον
81	17	καὶ
81	18	λόγου
81	19	μᾶλλον
81	20	ἄξιον
81	21	·
81	22	στρατόπεδον
81	23	γὰρ
81	24	συνεληλυθὸς
81	25	ἐξ
81	26	ἁπασῶν
81	27	τῶν
81	28	πόλεων
81	29	,
81	30	τοσοῦτον
81	31	τὸ
81	32	πλῆθος
81	33	ὅσον
81	34	εἰκός
81	35	,
81	36	ὃ
81	37	πολλοὺς
81	38	εἶχεν
81	39	ἐν
81	40	αὑτῷ
81	41	τοὺς
81	42	μὲν
81	43	ἀπὸ
81	44	θεῶν
81	45	τοὺς
81	46	δʼ
81	47	ἐξ
81	48	αὐτῶν
81	49	τῶν
81	50	θεῶν
81	51	γεγονότας
81	52	,
81	53	οὐκ
81	54	ὁμοίως
81	55	διακειμένους
81	56	τοῖς
81	57	πολλοῖς
81	58	οὐ
81	59	δ’
81	60	ἴσον
81	61	φρονοῦντας
81	62	τοῖς
81	63	ἄλλοις
81	64	,
81	65	ἀλλʼ
81	66	ὀργῆς
81	67	καὶ
81	68	θυμοῦ
81	69	καὶ
81	70	φθόνου
81	71	καὶ
81	72	φιλοτιμίας
81	73	μεστούς
81	74	,
82	1	ἀλλʼ
82	2	ὅμως
82	3	τὸ
82	4	τοιοῦτον
82	5	ἔτη
82	6	δέκα
82	7	κατέσχεν
82	8	οὐ
82	9	μισθοφοραῖς
82	10	μεγάλαις
82	11	οὐ
82	12	δὲ
82	13	χρημάτων
82	14	δαπάναις
82	15	,
82	16	αἷς
82	17	νῦν
82	18	ἅπαντες
82	19	δυναστεύουσιν
82	20	,
82	21	ἀλλὰ
82	22	τῷ
82	23	καὶ
82	24	τῇ
82	25	φρονήσει
82	26	διαφέρειν
82	27	καὶ
82	28	δύνασθαι
82	29	τροφὴν
82	30	ἐκ
82	31	τῶν
82	32	πολεμίων
82	33	τοῖς
82	34	στρατιώταις
82	35	πορίζειν
82	36	,
82	37	καὶ
82	38	μάλιστα
82	39	τῷ
82	40	δοκεῖν
82	41	ἐκεῖνον
82	42	ἄμεινον
82	43	ὑπὲρ
82	44	τῆς
82	45	τῶν
82	46	ἄλλων
82	47	βουλεύεσθαι
82	48	σωτηρίας
82	49	ἢ
82	50	τοὺς
82	51	ἄλλους
82	52	περὶ
82	53	σφῶν
82	54	αὐτῶν
82	55	.
83	1	τὸ
83	2	τοίνυν
83	3	τέλος
83	4	,
83	5	ὃ
83	6	πᾶσι
83	7	τούτοις
83	8	ἐπέθηκεν
83	9	,
83	10	οὐδενὸς
83	11	ἧττον
83	12	προσήκει
83	13	θαυμάζειν
83	14	·
83	15	οὐ
83	16	γὰρ
83	17	ἀπρεπὲς
83	18	οὐ
83	19	δ’
83	20	ἀνάξιον
83	21	τῶν
83	22	προειρημένων
83	23	φανήσεται
83	24	ποιησάμενος
83	25	,
83	26	ἀλλὰ
83	27	λόγῳ
83	28	μὲν
83	29	πρὸς
83	30	μίαν
83	31	πόλιν
83	32	πολεμήσας
83	33	,
83	34	ἔργῳ
83	35	δʼ
83	36	οὐ
83	37	μόνον
83	38	πρὸς
83	39	ἅπαντας
83	40	τοὺς
83	41	τὴν
83	42	Ἀσίαν
83	43	κατοικοῦντας
83	44	ἀλλὰ
83	45	καὶ
83	46	πρὸς
83	47	ἄλλα
83	48	γένη
83	49	πολλὰ
83	50	τῶν
83	51	βαρβάρων
83	52	κινδυνεύων
83	53	οὐκ
83	54	ἀπεῖπεν
83	55	οὐ
83	56	δ’
83	57	ἀπῆλθε
83	58	,
83	59	πρὶν
83	60	τήν
83	61	τε
83	62	πόλιν
83	63	τοῦ
83	64	τολμήσαντος
83	65	ἐξαμαρτεῖν
83	66	ἐξηνδραποδίσατο
83	67	καὶ
83	68	τοὺς
83	69	βαρβάρους
83	70	ἔπαυσεν
83	71	ὑβρίζοντας
83	72	.
84	1	οὐκ
84	2	ἀγνοῶ
84	3	δὲ
84	4	τὸ
84	5	πλῆθος
84	6	τῶν
84	7	εἰρημένων
84	8	περὶ
84	9	τῆς
84	10	Ἀγαμέμνονος
84	11	ἀρετῆς
84	12	,
84	13	οὐ
84	14	δ’
84	15	ὅτι
84	16	τούτων
84	17	καθʼ
84	18	ἓν
84	19	μὲν
84	20	ἕκαστον
84	21	εἴ
84	22	τινες
84	23	σκοποῖντο
84	24	τί
84	25	ἂν
84	26	ἀποδοκιμάσαιεν
84	27	,
84	28	οὐδεὶς
84	29	ἂν
84	30	οὐδὲν
84	31	αὐτῶν
84	32	ἀφελεῖν
84	33	τολμήσειεν
84	34	,
84	35	ἐφεξῆς
84	36	δὲ
84	37	ἀναγιγνωσκομένων
84	38	ἅπαντες
84	39	ἂν
84	40	ἐπιτιμήσαιεν
84	41	ὡς
84	42	πολὺ
84	43	πλείοσιν
84	44	εἰρημένοις
84	45	τοῦ
84	46	δέοντος
84	47	.
84	48	ἐγὼ
84	49	δʼ
84	50	εἰ
84	51	μὲν
84	52	ἔλαθον
84	53	ἐμαυτὸν
84	54	πλεονάζων
84	55	,
85	1	ᾐσχυνόμην
85	2	ἄν
85	3	,
85	4	εἰ
85	5	γράφειν
85	6	ἐπιχειρῶν
85	7	περὶ
85	8	ὧν
85	9	μηδεὶς
85	10	ἂν
85	11	ἄλλος
85	12	ἐτόλμησεν
85	13	,
85	14	οὕτως
85	15	ἀναισθήτως
85	16	διεκείμην
85	17	·
85	18	νῦν
85	19	δʼ
85	20	ἀκριβέστερον
85	21	ᾔδειν
85	22	τῶν
85	23	ἐπιπλήττειν
85	24	μοι
85	25	τολμησόντων
85	26	,
85	27	ὅτι
85	28	πολλοὶ
85	29	τούτοις
85	30	ἐπιτιμήσουσιν
85	31	·
85	32	ἀλλὰ
85	33	γὰρ
85	34	ἡγησάμην
85	35	οὐχ
85	36	οὕτως
85	37	ἔσεσθαι
85	38	δεινόν
85	39	,
85	40	ἢν
85	41	ἐπὶ
85	42	τοῦ
85	43	μέρους
85	44	τούτου
85	45	δόξω
85	46	τισὶ
85	47	τῶν
85	48	καιρῶν
85	49	ἀμελεῖν
85	50	,
85	51	ὡς
85	52	ἢν
85	53	περὶ
85	54	ἀνδρὸς
85	55	τοιούτου
85	56	διαλεγόμενος
85	57	παραλίπω
85	58	τι
85	59	τῶν
85	60	ἐκείνῳ
85	61	τε
85	62	προσόντων
85	63	ἀγαθῶν
85	64	κ
85	65	ἀμοὶ
85	66	προσηκόντων
85	67	εἰπεῖν
85	68	.
86	1	ᾤμην
86	2	δὲ
86	3	καὶ
86	4	παρὰ
86	5	τοῖς
86	6	χαριεστάτοις
86	7	τῶν
86	8	ἀκροατῶν
86	9	εὐδοκιμήσειν
86	10	,
86	11	ἢν
86	12	φαίνωμαι
86	13	περὶ
86	14	ἀρετῆς
86	15	μὲν
86	16	τοὺς
86	17	λόγους
86	18	ποιούμενος
86	19	,
86	20	ὅπως
86	21	δὲ
86	22	ταύτης
86	23	ἀξίως
86	24	ἐρῶ
86	25	μᾶλλον
86	26	σπουδάζων
86	27	ἢ
86	28	περὶ
86	29	τὴν
86	30	τοῦ
86	31	λόγου
86	32	συμμετρίαν
86	33	,
86	34	καὶ
86	35	ταῦτα
86	36	σαφῶς
86	37	εἰδὼς
86	38	τὴν
86	39	μὲν
86	40	περὶ
86	41	τὸν
86	42	λόγον
86	43	ἀκαιρίαν
86	44	ἀδοξότερον
86	45	ἐμὲ
86	46	ποιήσουσαν
86	47	,
86	48	τὴν
86	49	δὲ
86	50	περὶ
86	51	τὰς
86	52	πράξεις
86	53	εὐβουλίαν
86	54	αὐτοὺς
86	55	τοὺς
86	56	ἐπαινουμένους
86	57	ὠφελήσουσαν
86	58	·
86	59	ἀλλʼ
86	60	ὅμως
86	61	ἐγὼ
86	62	τὸ
86	63	λυσιτελὲς
86	64	ἐάσας
86	65	τὸ
86	66	δίκαιον
86	67	εἱλόμην
86	68	.
87	1	οὐ
87	2	μόνον
87	3	δʼ
87	4	ἂν
87	5	εὑρεθείην
87	6	ἐπὶ
87	7	τοῖς
87	8	νῦν
87	9	λεγομένοις
87	10	ταύτην
87	11	ἔχων
87	12	τὴν
87	13	διάνοιαν
87	14	,
87	15	ἀλλʼ
87	16	ὁμοίως
87	17	ἐπὶ
87	18	πάντων
87	19	,
87	20	ἐπεὶ
87	21	καὶ
87	22	τῶν
87	23	πεπλησιακότων
87	24	μοι
87	25	φανείην
87	26	ἂν
87	27	μᾶλλον
87	28	χαίρων
87	29	τοῖς
87	30	ἐπὶ
87	31	τῷ
87	32	βίω
87	33	καὶ
87	34	ταῖς
87	35	πράξεσιν
87	36	εὐδοκιμοῦσιν
87	37	ἢ
87	38	τοῖς
87	39	περὶ
87	40	τοὺς
87	41	λόγους
87	42	δεινοῖς
87	43	εἶναι
87	44	δοκοῦσιν
87	45	.
87	46	καίτοι
87	47	τῶν
87	48	μὲν
87	49	εὖ
87	50	ῥηθέντων
87	51	,
87	52	εἰ
87	53	καὶ
87	54	μηδὲν
87	55	συμβαλοίμην
87	56	,
87	57	ἅπαντες
87	58	ἂν
87	59	ἐμοὶ
87	60	τὴν
87	61	αἰτίαν
87	62	ἀναθεῖεν
87	63	,
87	64	τῶν
87	65	δʼ
87	66	ὀρθῶς
87	67	πραττομένων
87	68	εἰ
87	69	καὶ
87	70	πάντες
87	71	εἰδεῖέν
87	72	με
87	73	σύμβουλον
87	74	γεγενημένον
87	75	,
87	76	οὐδεὶς
87	77	ὅστις
87	78	οὐκ
87	79	ἂν
87	80	αὐτὸν
87	81	τὸν
87	82	μεταχειριζόμενον
87	83	τὰς
87	84	πράξεις
87	85	ἐπαινέσειεν
87	86	.
88	1	ἀλλὰ
88	2	γὰρ
88	3	οὐκ
88	4	οἶδʼ
88	5	ὅποι
88	6	τυγχάνω
88	7	φερόμενος
88	8	·
88	9	ἀεὶ
88	10	γὰρ
88	11	οἰόμενος
88	12	δεῖν
88	13	προστιθέναι
88	14	τὸ
88	15	τῶν
88	16	προειρημένων
88	17	ἐχόμενον
88	18	,
88	19	παντάπασι
88	20	πόρρω
88	21	γέγονα
88	22	τῆς
88	23	ὑποθέσεως
88	24	.
88	25	λοιπὸν
88	26	οὖν
88	27	ἐστιν
88	28	οὐδὲν
88	29	ἄλλο
88	30	,
88	31	πλὴν
88	32	αἰτησάμενον
88	33	τῷ
88	34	γήρᾳ
88	35	συγγνώμην
88	36	ὑπὲρ
88	37	τῆς
88	38	λήθης
88	39	καὶ
88	40	τῆς
88	41	μακρολογίας
88	42	,
88	43	τῶν
88	44	εἰθισμένων
88	45	παραγίγνεσθαι
88	46	τοῖς
88	47	τηλικούτοις
88	48	,
88	49	ἐπανελθεῖν
88	50	εἰς
88	51	τὸν
88	52	τόπον
88	53	ἐκεῖνον
88	54	ἐξ
88	55	οὗπερ
88	56	εἰσέπεσον
88	57	εἰς
88	58	τὴν
88	59	περιττολογίαν
88	60	ταύτην
88	61	.
89	1	οἶμαι
89	2	δʼ
89	3	ἤδη
89	4	καθορᾶν
89	5	ὅθεν
89	6	ἐπλανήθην
89	7	·
89	8	τοῖς
89	9	γὰρ
89	10	ὀνειδίζουσιν
89	11	ἡμῶν
89	12	τῇ
89	13	πόλει
89	14	τὰς
89	15	Μηλίων
89	16	καὶ
89	17	τὰς
89	18	τῶν
89	19	τοιούτων
89	20	πολιχνίων
89	21	συμφορὰς
89	22	ἀντέλεγον
89	23	,
89	24	οὐχ
89	25	ὡς
89	26	οὐχ
89	27	ἡμαρτημένων
89	28	τούτων
89	29	,
89	30	ἀλλʼ
89	31	ἐπιδεικνύων
89	32	τοὺς
89	33	ἀγαπωμένους
89	34	ὑπʼ
89	35	αὐτῶν
89	36	πολὺ
89	37	πλείους
89	38	πόλεις
89	39	καὶ
89	40	μείζους
89	41	ἡμῶν
89	42	ἀναστάτους
89	43	πεποιηκότας
89	44	,
89	45	ἐν
89	46	οἷς
89	47	καὶ
89	48	περὶ
89	49	τῆς
89	50	ἀρετῆς
89	51	τῆς
89	52	Ἀγαμέμνονος
89	53	καὶ
89	54	Μενελάου
89	55	καὶ
89	56	Νέστορος
89	57	διελέχθην
89	58	,
89	59	ψεῦδος
89	60	μὲν
89	61	οὐδὲν
89	62	λέγων
89	63	,
89	64	πλείω
89	65	δʼ
89	66	ἴσως
89	67	τῶν
89	68	μετρίων
89	69	.
90	1	τοῦτο
90	2	δʼ
90	3	ἐποίουν
90	4	ὑπολαβὼν
90	5	οὐδενὸς
90	6	ἔλαττον
90	7	ἁμάρτημα
90	8	τοῦτο
90	9	δόξειν
90	10	εἶναι
90	11	τῶν
90	12	τολμησάντων
90	13	ἀναστάτους
90	14	ποιῆσαι
90	15	τὰς
90	16	πόλεις
90	17	τὰς
90	18	γεννησάσας
90	19	καὶ
90	20	θρεψάσας
90	21	τοιούτους
90	22	ἄνδρας
90	23	,
90	24	περὶ
90	25	ὧν
90	26	καὶ
90	27	νῦν
90	28	ἔχοι
90	29	τις
90	30	ἂν
90	31	πολλοῖς
90	32	καὶ
90	33	καλοῖς
90	34	χρήσασθαι
90	35	λόγοις
90	36	.
90	37	ἀλλὰ
90	38	γὰρ
90	39	ἴσως
90	40	ἀνόητόν
90	41	ἐστι
90	42	περὶ
90	43	μίαν
90	44	πρᾶξιν
90	45	διατρίβειν
90	46	,
90	47	ὥσπερ
90	48	ἀπορίας
90	49	οὔσης
90	50	τί
90	51	ἂν
90	52	ἔχοι
90	53	τις
90	54	εἰπεῖν
90	55	περὶ
90	56	τῆς
90	57	ὠμότητος
90	58	καὶ
90	59	χαλεπότητος
90	60	τῆς
90	61	Λακεδαιμονίων
90	62	,
90	63	ἀλλʼ
90	64	οὐ
90	65	πολλῆς
90	66	ἀφθονίας
90	67	ὑπαρχούσης
90	68	.
91	1	οἷς
91	2	οὐκ
91	3	ἐξήρκεσε
91	4	περὶ
91	5	τὰς
91	6	πόλεις
91	7	ταύτας
91	8	καὶ
91	9	τοὺς
91	10	ἄνδρας
91	11	τοὺς
91	12	τοιούτους
91	13	ἐξαμαρτεῖν
91	14	,
91	15	ἀλλὰ
91	16	καὶ
91	17	περὶ
91	18	τοὺς
91	19	ἐκ
91	20	τῶν
91	21	αὐτῶν
91	22	ὁρμηθέντας
91	23	καὶ
91	24	κοινὴν
91	25	τὴν
91	26	στρατείαν
91	27	ποιησαμένους
91	28	καὶ
91	29	τῶν
91	30	αὐτῶν
91	31	κινδύνων
91	32	μετασχόντας
91	33	,
91	34	λέγω
91	35	δὲ
91	36	περὶ
91	37	Ἀργείων
91	38	καὶ
91	39	Μεσσηνίων
91	40	.
91	41	καὶ
91	42	γὰρ
91	43	τούτους
91	44	ἐπεθύμησαν
91	45	ταῖς
91	46	αὐταῖς
91	47	συμφοραῖς
91	48	περιβαλεῖν
91	49	αἷσπερ
91	50	ἐκείνους
91	51	·
91	52	καὶ
91	53	Μεσσηνίους
91	54	μὲν
91	55	πολιορκοῦντες
91	56	οὐ
91	57	πρότερον
91	58	ἐπαύσαντο
91	59	,
91	60	πρὶν
91	61	ἐξέβαλον
91	62	ἐκ
91	63	τῆς
91	64	χώρας
91	65	,
91	66	Ἀργείοις
91	67	δʼ
91	68	ὑπὲρ
91	69	τῶν
91	70	αὐτῶν
91	71	τούτων
91	72	ἔτι
91	73	καὶ
91	74	νῦν
91	75	πολεμοῦσιν
91	76	.
91	77	ἃ
91	78	τοίνυν
91	79	περὶ
91	80	Πλαταιᾶς
91	81	ἔπραξαν
91	82	,
92	1	ἄτοπος
92	2	ἂν
92	3	εἴην
92	4	,
92	5	εἰ
92	6	ταῦτʼ
92	7	εἰρηκὼς
92	8	ἐκείνων
92	9	μὴ
92	10	μνησθείην
92	11	·
92	12	ὧν
92	13	ἐν
92	14	τῇ
92	15	χώρᾳ
92	16	στρατοπεδευσάμενοι
92	17	μεθʼ
92	18	ἡμῶν
92	19	καὶ
92	20	τῶν
92	21	ἄλλων
92	22	συμμάχων
92	23	,
92	24	καὶ
92	25	παραταξάμενοι
92	26	τοῖς
92	27	πολεμίοις
92	28	,
92	29	καὶ
92	30	θυσάμενοι
92	31	τοῖς
92	32	θεοῖς
92	33	τοῖς
92	34	ὑπʼ
92	35	ἐκείνων
92	36	ἱδρυμένοις
92	37	,
93	1	οὐ
93	2	μόνον
93	3	ἠλευθερώσαμεν
93	4	τῶν
93	5	Ἑλλήνων
93	6	τοὺς
93	7	μεθʼ
93	8	ἡμῶν
93	9	ὄντας
93	10	ἀλλὰ
93	11	καὶ
93	12	τοὺς
93	13	ἀναγκασθέντας
93	14	γενέσθαι
93	15	μετʼ
93	16	ἐκείνων
93	17	,
93	18	καὶ
93	19	ταῦτʼ
93	20	ἐπράξαμεν
93	21	Πλαταιέας
93	22	λαβόντες
93	23	μόνους
93	24	Βοιωτῶν
93	25	συναγωνιστάς
93	26	·
93	27	οὓς
93	28	οὐ
93	29	πολὺν
93	30	χρόνον
93	31	διαλιπόντες
93	32	Λακεδαιμόνιοι
93	33	,
93	34	χαριζόμενοι
93	35	Θηβαίοις
93	36	,
93	37	ἐκπολιορκήσαντες
93	38	ἅπαντας
93	39	ἀπέκτειναν
93	40	πλὴν
93	41	τῶν
93	42	ἀποδρᾶναι
93	43	δυνηθέντων
93	44	.
93	1	περὶ
93	2	οὓς
93	3	ἡ
93	4	πόλις
93	5	ἡμῶν
93	6	οὐδὲν
93	7	ὁμοία
93	8	γέγονεν
93	9	ἐκείνοις
93	10	·
94	1	οἱ
94	2	μὲν
94	3	γὰρ
94	4	περὶ
94	5	τε
94	6	τοὺς
94	7	εὐεργέτας
94	8	τῆς
94	9	Ἑλλάδος
94	10	καὶ
94	11	τοὺς
94	12	συγγενεῖς
94	13	τοὺς
94	14	αὑτῶν
94	15	τὰ
94	16	τοιαῦτʼ
94	17	ἐξαμαρτάνειν
94	18	ἐτόλμησαν
94	19	,
94	20	οἱ
94	21	δʼ
94	22	ἡμέτεροι
94	23	Μεσσηνίων
94	24	μὲν
94	25	τοὺς
94	26	διασωθέντας
94	27	εἰς
94	28	Ναύπακτον
94	29	κατῴκισαν
94	30	,
94	31	Πλαταιέων
94	32	δὲ
94	33	τοὺς
94	34	περιγενομένους
94	35	πολίτας
94	36	ἐποιήσαντο
94	37	καὶ
94	38	τῶν
94	39	ὑπαρχόντων
94	40	αὐτοῖς
94	41	ἁπάντων
94	42	μετέδοσαν
94	43	.
94	44	ὥστʼ
94	45	εἰ
94	46	μηδὲν
94	47	εἴχομεν
94	48	ἄλλο
94	49	περὶ
94	50	τοῖν
94	51	πολέοιν
94	52	εἰπεῖν
94	53	,
94	54	ἐκ
94	55	τούτων
94	56	ῥᾴδιον
94	57	εἶναι
94	58	καταμαθεῖν
94	59	τὸν
94	60	τρόπον
94	61	ἑκατέρας
94	62	αὐτῶν
94	63	,
94	64	καὶ
94	65	ποτέρα
94	66	πλείους
94	67	πόλεις
94	68	καὶ
94	69	μείζους
94	70	ἀναστάτους
94	71	πεποίηκεν
94	72	.
95	1	αἰσθάνομαι
95	2	δὲ
95	3	πάθος
95	4	μοι
95	5	συμβαῖνον
95	6	ἐναντίον
95	7	τοῖς
95	8	ὀλίγῳ
95	9	πρότερον
95	10	εἰρημένοις
95	11	·
95	12	τότε
95	13	μὲν
95	14	γὰρ
95	15	εἰς
95	16	ἄγνοιαν
95	17	καὶ
95	18	πλάνον
95	19	καὶ
95	20	λήθην
95	21	ἐνέπεσον
95	22	,
95	23	νῦν
95	24	δʼ
95	25	οἶδα
95	26	σαφῶς
95	27	ἐμαυτὸν
95	28	οὐκ
95	29	ἐμμένοντα
95	30	τῇ
95	31	πραότητι
95	32	τῇ
95	33	περὶ
95	34	τὸν
95	35	λόγον
95	36	,
95	37	ἣν
95	38	εἶχον
95	39	ὅτʼ
95	40	ἠρχόμην
95	41	γράφειν
95	42	αὐτόν
95	43	,
95	44	ἀλλὰ
95	45	λέγειν
95	46	τʼ
95	47	ἐπιχειροῦντα
95	48	περὶ
95	49	ὧν
95	50	οὐκ
95	51	ᾤμην
95	52	ἐρεῖν
95	53	,
95	54	θρασύτερόν
95	55	τε
95	56	διακείμενον
95	57	ἢ
95	58	κατʼ
95	59	ἐμαυτόν
95	60	,
95	61	ἀκρατῆ
95	62	τε
95	63	γιγνόμενον
95	64	ἐνίων
95	65	ὧν
95	66	λέγω
95	67	διὰ
95	68	τὸ
95	69	πλῆθος
95	70	τῶν
95	71	εἰπεῖν
95	72	ἐπιρρεόντων
95	73	.
96	1	ἐπειδή
96	2	περ
96	3	οὖν
96	4	ἐπελήλυθέ
96	5	μοι
96	6	τὸ
96	7	παρρησιάζεσθαι
96	8	,
96	9	καὶ
96	10	λέλυκα
96	11	τὸ
96	12	στόμα
96	13	,
96	14	καὶ
96	15	τοιαύτην
96	16	τὴν
96	17	ὑπόθεσιν
96	18	ἐποιησάμην
96	19	ὥστε
96	20	μή
96	21	τε
96	22	καλὸν
96	23	εἶναί
96	24	μοι
96	25	μή
96	26	τε
96	27	δυνατὸν
96	28	παραλιπεῖν
96	29	τὰς
96	30	τοιαύτας
96	31	πράξεις
96	32	,
96	33	ἐξ
96	34	ὧν
96	35	οἷόν
96	36	τʼ
96	37	ἐστὶν
96	38	ἐπιδεικνύναι
96	39	πλέονος
96	40	ἀξίαν
96	41	τὴν
96	42	πόλιν
96	43	ἡμῶν
96	44	γεγενημένην
96	45	περὶ
96	46	τοὺς
96	47	Ἕλληνας
96	48	τῆς
96	49	Λακεδαιμονίων
96	50	,
96	51	οὐ
96	52	κατασιωπητέον
96	53	οὐ
96	54	δὲ
96	55	περὶ
96	56	τῶν
96	57	ἄλλων
96	58	κακῶν
96	59	τῶν
96	60	οὔπω
96	61	μὲν
96	62	εἰρημένων
96	63	ἐν
96	64	δὲ
96	65	τοῖς
96	66	Ἕλλησι
96	67	γεγενημένων
96	68	,
96	69	ἀλλʼ
96	70	ἐπιδεικτέον
96	71	τοὺς
96	72	μὲν
96	73	ἡμετέρους
96	74	ὀψιμαθεῖς
96	75	αὐτῶν
96	76	γεγενημένους
96	77	,
96	78	Λακεδαιμονίους
96	79	δὲ
96	80	τὰ
96	81	μὲν
96	82	πρώτους
96	83	τὰ
96	84	δὲ
96	85	μόνους
96	86	ἐξαμαρτόντας
96	87	.
97	1	πλεῖστοι
97	2	μὲν
97	3	οὖν
97	4	κατηγοροῦσιν
97	5	ἀμφοῖν
97	6	τοῖν
97	7	πολέοιν
97	8	,
97	9	ὅτι
97	10	προσποιούμεναι
97	11	κινδυνεῦσαι
97	12	πρὸς
97	13	τοὺς
97	14	βαρβάρους
97	15	ὑπὲρ
97	16	τῶν
97	17	Ἑλλήνων
97	18	οὐκ
97	19	εἴασαν
97	20	τὰς
97	21	πόλεις
97	22	αὐτονόμους
97	23	εἶναι
97	24	καὶ
97	25	διοικῆσαι
97	26	τὰ
97	27	σφέτερʼ
97	28	αὐτῶν
97	29	ὅπως
97	30	ἑκάστῃ
97	31	συνέφερεν
97	32	,
97	33	ἀλλʼ
97	34	ὥσπερ
97	35	αἰχμαλώτους
97	36	εἰληφυῖαι
97	37	διελόμεναι
97	38	κατεδουλώσαντο
97	39	πάσας
97	40	αὐτάς
97	41	,
97	42	καὶ
97	43	παραπλήσιον
97	44	ἐποίησαν
97	45	τοῖς
97	46	παρὰ
97	47	μὲν
97	48	τῶν
97	49	ἄλλων
97	50	τοὺς
97	51	οἰκέτας
97	52	εἰς
97	53	ἐλευθερίαν
97	54	ἀφαιρουμένοις
97	55	,
97	56	σφίσι
97	57	δʼ
97	58	αὐτοῖς
97	59	δουλεύειν
97	60	ἀναγκάζουσιν
97	61	.
98	1	τοῦ
98	2	δὲ
98	3	λέγεσθαι
98	4	ταῦτα
98	5	καὶ
98	6	πολὺ
98	7	πλείω
98	8	καὶ
98	9	πικρότερα
98	10	τούτων
98	11	οὐχ
98	12	ἡμεῖς
98	13	αἴτιοι
98	14	γεγόναμεν
98	15	,
98	16	ἀλλʼ
98	17	οἱ
98	18	νῦν
98	19	μὲν
98	20	ἐν
98	21	τοῖς
98	22	λεγομένοις
98	23	ἡμῖν
98	24	ἀντιτεταγμένοι
98	25	,
98	26	τὸν
98	27	δʼ
98	28	ἄλλον
98	29	χρόνον
98	30	ἐν
98	31	τοῖς
98	32	πραττομένοις
98	33	ἅπασιν
98	34	.
98	35	τοὺς
98	36	μὲν
98	37	γὰρ
98	38	ἡμετέρους
98	39	προγόνους
98	40	οὐδεὶς
98	41	ἂν
98	42	ἐπιδείξειεν
98	43	ἐν
98	44	τοῖς
98	45	ἐπέκεινα
98	46	χρόνοις
98	47	τοῖς
98	48	ἀναριθμήτοις
98	49	οὐδεμιᾶς
98	50	πόλεως
98	51	οὔ
98	52	τε
98	53	μείζονος
98	54	οὔ
98	55	τ’
98	56	ἐλάττονος
98	57	ἄρχειν
98	58	ἐπιχειρήσαντας
98	59	·
98	60	Λακεδαιμονίους
98	61	δὲ
98	62	πάντες
98	63	ἴσασιν
98	64	,
98	65	ἀφʼ
98	66	οὗ
98	67	περ
98	68	εἰς
98	69	Πελοπόννησον
98	70	εἰσῆλθον
98	71	,
98	72	οὐδὲν
98	73	ἄλλο
98	74	πράττοντας
98	75	οὐ
98	76	δὲ
98	77	βουλευομένους
98	78	πλὴν
98	79	ὅπως
98	80	μάλιστα
98	81	μὲν
98	82	ἁπάντων
98	83	ἄρξουσιν
98	84	,
98	85	εἰ
98	86	δὲ
98	87	μή
98	88	,
98	89	Πελοποννησίων
98	90	.
99	1	ἀλλὰ
99	2	μὴν
99	3	καὶ
99	4	τὰς
99	5	στάσεις
99	6	καὶ
99	7	τὰς
99	8	σφαγὰς
99	9	καὶ
99	10	τὰς
99	11	τῶν
99	12	πολιτειῶν
99	13	μεταβολάς
99	14	,
99	15	ἃς
99	16	ἀμφοτέροις
99	17	τινὲς
99	18	ἡμῖν
99	19	ἐπιφέρουσιν
99	20	,
99	21	ἐκεῖνοι
99	22	μὲν
99	23	ἂν
99	24	φανεῖεν
99	25	ἁπάσας
99	26	τὰς
99	27	πόλεις
99	28	πλὴν
99	29	ὀλίγων
99	30	μεστὰς
99	31	πεποιηκότες
99	32	τῶν
99	33	τοιούτων
99	34	συμφορῶν
99	35	καὶ
99	36	νοσημάτων
99	37	,
99	38	τὴν
99	39	δʼ
99	40	ἡμετέραν
99	41	πόλιν
99	42	οὐδεὶς
99	43	ἂν
99	44	οὐ
99	45	δ’
99	46	εἰπεῖν
99	47	τολμήσειε
99	48	πρὸ
99	49	τῆς
99	50	ἀτυχίας
99	51	τῆς
99	52	ἐν
99	53	Ἑλλησπόντῳ
99	54	γενομένης
99	55	ὡς
99	56	τοιοῦτον
99	57	ἐν
99	58	τοῖς
99	59	συμμάχοις
99	60	τι
99	61	διαπραξαμένην
99	62	.
100	1	ἄλλʼ
100	2	ἐπειδὴ
100	3	Λακεδαιμόνιοι
100	4	κύριοι
100	5	καταστάντες
100	6	τῶν
100	7	Ἑλλήνων
100	8	πάλιν
100	9	ἐξέπιπτον
100	10	ἐκ
100	11	τῶν
100	12	πραγμάτων
100	13	,
100	14	ἐν
100	15	τούτοις
100	16	τοῖς
100	17	καιροῖς
100	18	στασιαζουσῶν
100	19	τῶν
100	20	ἄλλων
100	21	,
100	22	πόλεων
100	23	δύʼ
100	24	ἢ
100	25	τρεῖς
100	26	τῶν
100	27	στρατηγῶν
100	28	τῶν
100	29	ἡμετέρων
100	30	,
100	31	οὐ
100	32	γὰρ
100	33	ἀποκρύψομαι
100	34	τ
100	35	ἀληθές
100	36	,
100	37	ἐξήμαρτον
100	38	περί
100	39	τινας
100	40	αὐτῶν
100	41	ἐλπίζοντες
100	42	,
100	43	ἢν
100	44	μιμήσωνται
100	45	τὰς
100	46	Σπαρτιατῶν
100	47	πράξεις
100	48	,
100	49	μᾶλλον
100	50	αὐτὰς
100	51	δυνήσεσθαι
100	52	κατασχεῖν
100	53	.
101	1	ὥστε
101	2	δικαίως
101	3	ἂν
101	4	ἐκείνοις
101	5	μὲν
101	6	ἅπαντες
101	7	ἐγκαλέσειαν
101	8	ὡς
101	9	ἀρχηγοῖς
101	10	γεγενημένοις
101	11	καὶ
101	12	διδασκάλοις
101	13	τῶν
101	14	τοιούτων
101	15	ἔργων
101	16	,
101	17	τοῖς
101	18	δʼ
101	19	ἡμετέροις
101	20	,
101	21	ὥσπερ
101	22	τῶν
101	23	μαθητῶν
101	24	τοῖς
101	25	ὑπὸ
101	26	τῶν
101	27	ὑπισχνουμένων
101	28	ἐξηπατημένοις
101	29	καὶ
101	30	διημαρτηκόσι
101	31	τῶν
101	32	ἐπίδων
101	33	,
101	34	εἰκότως
101	35	ἂν
101	36	συγγνώμην
101	37	ἔχοιεν
101	38	.
102	1	τὸ
102	2	τοίνυν
102	3	τελευταῖον
102	4	,
102	5	ὃ
102	6	μόνοι
102	7	καὶ
102	8	καθʼ
102	9	αὑτοὺς
102	10	ἔπραξαν
102	11	,
102	12	τίς
102	13	οὐκ
102	14	οἶδεν
102	15	ὅτι
102	16	κοινῆς
102	17	ἡμῖν
102	18	τῆς
102	19	ἔχθρας
102	20	ὑπαρχούσης
102	21	,
102	22	τῆς
102	23	πρὸς
102	24	τοὺς
102	25	βαρβάρους
102	26	καὶ
102	27	τοὺς
102	28	βασιλέας
102	29	αὐτῶν
102	30	,
102	31	ἡμεῖς
102	32	μὲν
102	33	ἐν
102	34	πολέμοις
102	35	πολλοῖς
102	36	γιγνόμενοι
102	37	καὶ
102	38	μεγάλαις
102	39	συμφοραῖς
102	40	ἐνίοτε
102	41	περιπίπτοντες
102	42	καὶ
102	43	τῆς
102	44	χώρας
102	45	ἡμῶν
102	46	θαμὰ
102	47	πορθουμένης
102	48	καὶ
102	49	τεμνομένης
102	50	οὐδεπώποτʼ
102	51	ἐβλέψαμεν
102	52	πρὸς
102	53	τὴν
102	54	ἐκείνων
102	55	φιλίαν
102	56	καὶ
102	57	συμμαχίαν
102	58	,
102	59	ἀλλʼ
102	60	ὑπὲρ
102	61	ὧν
102	62	τοῖς
102	63	Ἕλλησιν
102	64	ἐπεβούλευσαν
102	65	μισοῦντες
102	66	αὐτοὺς
102	67	διετελέσαμεν
102	68	μᾶλλον
102	69	ἢ
102	70	τοὺς
102	71	ἐν
102	72	τῷ
102	73	παρόντι
102	74	κακῶς
102	75	ἡμᾶς
102	76	ποιοῦντας
102	77	·
103	1	Λακεδαιμόνιοι
103	2	δʼ
103	3	οὔ
103	4	τε
103	5	πάσχοντες
103	6	κακὸν
103	7	οὐδὲν
103	8	οὔ
103	9	τε
103	10	μέλλοντες
103	11	οὔ
103	12	τε
103	13	δεδιότες
103	14	εἰς
103	15	τοῦτʼ
103	16	ἀπληστίας
103	17	ἦλθον
103	18	,
103	19	ὥστʼ
103	20	οὐκ
103	21	ἐξήρκεσεν
103	22	αὐτοῖς
103	23	ἔχειν
103	24	τὴν
103	25	κατὰ
103	26	γῆν
103	27	ἀρχήν
103	28	,
103	29	ἀλλὰ
103	30	καὶ
103	31	τὴν
103	32	κατὰ
103	33	θάλατταν
103	34	δύναμιν
103	35	οὕτως
103	36	ἐπεθύμησαν
103	37	λαβεῖν
103	38	,
103	39	ὥστε
103	40	κατὰ
103	41	τοὺς
103	42	αὐτοὺς
103	43	χρόνους
103	44	τούς
103	45	τε
103	46	συμμάχους
103	47	τοὺς
103	48	ἡμετέρους
103	49	ἀφίστασαν
103	50	,
103	51	ἐλευθερώσειν
103	52	αὐτοὺς
103	53	ὑπισχνούμενοι
103	54	,
103	55	καὶ
103	56	βασιλεῖ
103	57	περὶ
103	58	φιλίας
103	59	διελέγοντο
103	60	καὶ
103	61	συμμαχίας
103	62	,
103	63	παραδώσειν
103	64	αὐτῷ
103	65	φάσκοντες
103	66	ἅπαντας
103	67	τοὺς
103	68	ἐπὶ
103	69	τῆς
103	70	Ἀσίας
103	71	κατοικοῦντας
103	72	,
104	1	πίστεις
104	2	δὲ
104	3	δόντες
104	4	τούτοις
104	5	ἀμφοτέροις
104	6	καὶ
104	7	καταπολεμήσαντες
104	8	ἡμᾶς
104	9	,
104	10	οὓς
104	11	μὲν
104	12	ἐλευθερώσειν
104	13	ὤμοσαν
104	14	,
104	15	κατεδουλώσαντο
104	16	μᾶλλον
104	17	ἢ
104	18	τοὺς
104	19	Εἵλωτας
104	20	,
104	21	βασιλεῖ
104	22	δὲ
104	23	τοιαύτην
104	24	χάριν
104	25	ἀπέδοσαν
104	26	ὥστʼ
104	27	ἔπεισαν
104	28	τὸν
104	29	ἀδελφὸν
104	30	αὐτοῦ
104	31	Κῦρον
104	32	ὄντα
104	33	νεώτερον
104	34	ἀμφισβητεῖν
104	35	τῆς
104	36	βασιλείας
104	37	,
104	38	καὶ
104	39	στρατόπεδον
104	40	αὐτῷ
104	41	συναγαγόντες
104	42	καὶ
104	43	στρατηγὸν
104	44	Κλέαρχον
104	45	ἐπιστήσαντες
104	46	ἀνέπεμψαν
104	47	ἐπʼ
104	48	ἐκεῖνον
104	49	·
105	1	ἀτυχήσαντες
105	2	δʼ
105	3	ἐν
105	4	τούτοις
105	5	καὶ
105	6	γνωσθέντες
105	7	ὧν
105	8	ἐπεθύμουν
105	9	,
105	10	καὶ
105	11	μισηθέντες
105	12	ὑπὸ
105	13	πάντων
105	14	,
105	15	εἰς
105	16	πόλεμον
105	17	καὶ
105	18	ταραχὰς
105	19	τοσαύτας
105	20	κατέστησαν
105	21	ὅσας
105	22	εἰκὸς
105	23	τοὺς
105	24	καὶ
105	25	περὶ
105	26	τοὺς
105	27	Ἕλληνας
105	28	καὶ
105	29	τοὺς
105	30	βαρβάρους
105	31	ἐξημαρτηκότας
105	32	.
105	33	περὶ
105	34	ὧν
105	35	οὐκ
105	36	οἶδʼ
105	37	ὅ
105	38	τι
105	39	δεῖ
105	40	πλείω
105	41	λέγοντα
105	42	διατρίβειν
105	43	,
105	44	πλὴν
105	45	ὅτι
105	46	καταναυμαχηθέντες
105	47	ὑπό
105	48	τε
105	49	τῆς
105	50	βασιλέως
105	51	δυνάμεως
105	52	καὶ
105	53	τῆς
105	54	Κόνωνος
105	55	στρατηγίας
105	56	τοιαύτην
105	57	ἐποιήσαντο
105	58	τὴν
105	59	εἰρήνην
105	60	,
106	1	ἧς
106	2	οὐδεὶς
106	3	ἂν
106	4	ἐπιδείξειεν
106	5	οὔ
106	6	τ’
106	7	αἰσχίω
106	8	πώποτε
106	9	γενομένην
106	10	οὔ
106	11	τ’
106	12	ἐπονειδιστοτέραν
106	13	οὔ
106	14	τ’
106	15	ὀλιγωροτέραν
106	16	τῶν
106	17	Ἑλλήνων
106	18	οὔ
106	19	τ’
106	20	ἐναντιωτέραν
106	21	τοῖς
106	22	λεγομένοις
106	23	ὑπό
106	24	τινων
106	25	περὶ
106	26	τῆς
106	27	ἀρετῆς
106	28	τῆς
106	29	Λακεδαιμονίων
106	30	·
106	31	οἵ
106	32	τινες
106	33	,
106	34	ὅτε
106	35	μὲν
106	36	αὐτοὺς
106	37	ὁ
106	38	βασιλεὺς
106	39	δεσπότας
106	40	τῶν
106	41	Ἑλλήνων
106	42	κατέστησεν
106	43	,
106	44	ἀφελέσθαι
106	45	τὴν
106	46	βασιλείαν
106	47	αὐτοῦ
106	48	καὶ
106	49	τὴν
106	50	εὐδαιμονίαν
106	51	ἅπασαν
106	52	ἐπεχείρησαν
106	53	,
106	54	ἐπειδὴ
106	55	δὲ
106	56	καταναυμαχήσας
106	57	ταπεινοὺς
106	58	ἐποίησεν
106	59	,
106	60	οὐ
106	61	μικρὸν
106	62	μέρος
106	63	αὐτῷ
106	64	τῶν
106	65	Ἑλλήνων
106	66	παρέδωκαν
106	67	ἀλλὰ
106	68	πάντας
106	69	τοὺς
106	70	τὴν
106	71	Ἀσίαν
106	72	οἰκοῦντας
106	73	,
106	74	διαρρήδην
106	75	γράψαντες
106	76	χρῆσθαι
106	77	τοῦθʼ
106	78	ὅ
106	79	τι
106	80	ἂν
106	81	αὐτὸς
106	82	βούληται
106	83	,
107	1	καὶ
107	2	οὐκ
107	3	ᾐσχύνθησαν
107	4	τοιαύτας
107	5	ποιούμενοι
107	6	τὰς
107	7	ὁμολογίας
107	8	περὶ
107	9	ἀνδρῶν
107	10	,
107	11	οἷς
107	12	χρώμενοι
107	13	συμμάχοις
107	14	ἡμῶν
107	15	τε
107	16	περιεγένοντο
107	17	καὶ
107	18	τῶν
107	19	Ἑλλήνων
107	20	κύριοι
107	21	κατέστησαν
107	22	καὶ
107	23	τὴν
107	24	Ἀσίαν
107	25	ἅπασαν
107	26	ἤλπισαν
107	27	κατασχήσειν
107	28	,
107	29	ἀλλὰ
107	30	τὰς
107	31	τοιαύτας
107	32	συνθήκας
107	33	αὐτοί
107	34	τʼ
107	35	ἐν
107	36	τοῖς
107	37	ἱεροῖς
107	38	τοῖς
107	39	σφετέροις
107	40	αὐτῶν
107	41	ἀνέγραψαν
107	42	καὶ
107	43	τοὺς
107	44	συμμάχους
107	45	ἠνάγκασαν
107	46	.
108	1	τοὺς
108	2	μὲν
108	3	οὖν
108	4	ἄλλους
108	5	οὐκ
108	6	οἴομαι
108	7	πράξεων
108	8	ἑτέρων
108	9	ἐπιθυμήσειν
108	10	ἀκούειν
108	11	,
108	12	ἀλλʼ
108	13	ἐκ
108	14	τῶν
108	15	εἰρημένων
108	16	ἱκανῶς
108	17	μεμαθηκέναι
108	18	νομιεῖν
108	19	ὁποία
108	20	τις
108	21	τοῖν
108	22	πολέοιν
108	23	ἑκατέρα
108	24	περὶ
108	25	τοὺς
108	26	Ἕλληνας
108	27	γέγονεν
108	28	·
108	29	ἐγὼ
108	30	δʼ
108	31	οὐχ
108	32	οὕτω
108	33	τυγχάνω
108	34	διακείμενος
108	35	,
108	36	ἀλλʼ
108	37	ἡγοῦμαι
108	38	τὴν
108	39	ὑπόθεσιν
108	40	ἣν
108	41	ἐποιησάμην
108	42	ἄλλων
108	43	τε
108	44	πολλῶν
108	45	προσδεῖσθαι
108	46	λόγων
108	47	,
108	48	καὶ
108	49	μάλιστα
108	50	τῶν
108	51	ἐπιδειξόντων
108	52	τὴν
108	53	ἄνοιαν
108	54	τῶν
108	55	ἀντιλὲγειν
108	56	τοῖς
108	57	εἰρημένοις
108	58	ἐπιχειρησόντων
108	59	·
108	60	οὓς
108	61	οἴομαι
108	62	ῥᾳδίως
108	63	εὑρήσειν
108	64	.
109	1	τῶν
109	2	γὰρ
109	3	ἀποδεχομένων
109	4	ἁπάσας
109	5	τὰς
109	6	Λακεδαιμονίων
109	7	πράξεις
109	8	,
109	9	τοὺς
109	10	μὲν
109	11	βελτίστους
109	12	αὐτῶν
109	13	ἡγοῦμαι
109	14	καὶ
109	15	πλεῖστον
109	16	νοῦν
109	17	ἔχοντας
109	18	τὴν
109	19	μὲν
109	20	Σπαρτιατῶν
109	21	πολιτείαν
109	22	ἐπαινέσεσθαι
109	23	καὶ
109	24	τὴν
109	25	αὐτὴν
109	26	γνώμην
109	27	ἕξειν
109	28	περὶ
109	29	αὐτῆς
109	30	ἥνπερ
109	31	πρότερον
109	32	,
109	33	περὶ
109	34	δὲ
109	35	τῶν
109	36	εἰς
109	37	τοὺς
109	38	Ἕλληνας
109	39	πεπραγμένων
109	40	ὁμονοήσειν
109	41	τοῖς
109	42	ὑπʼ
109	43	ἐμοῦ
109	44	λεγομένοις
109	45	,
110	1	τοὺς
110	2	δὲ
110	3	φαυλοτέρους
110	4	οὐ
110	5	μόνον
110	6	τούτων
110	7	ὄντας
110	8	ἀλλὰ
110	9	καὶ
110	10	τῶν
110	11	πολλῶν
110	12	,
110	13	καὶ
110	14	περὶ
110	15	ἄλλου
110	16	πράγματος
110	17	οὐδενὸς
110	18	ἂν
110	19	οἵους
110	20	τε
110	21	γενομένους
110	22	ἀνεκτῶς
110	23	εἰπεῖν
110	24	,
110	25	περὶ
110	26	δὲ
110	27	Λακεδαιμονίων
110	28	οὐ
110	29	δυναμένους
110	30	σιωπᾶν
110	31	,
110	32	ἀλλὰ
110	33	προσδοκῶντας
110	34	,
110	35	ἢν
110	36	ὑπερβάλλοντας
110	37	τοὺς
110	38	ἐπαίνους
110	39	περὶ
110	40	ἐκείνων
110	41	ποιῶνται
110	42	,
110	43	τὴν
110	44	αὐτὴν
110	45	λήψεσθαι
110	46	δόξαν
110	47	τοῖς
110	48	ἁδροτέροις
110	49	αὐτῶν
110	50	καὶ
110	51	πολὺ
110	52	βελτίοσιν
110	53	εἶναι
110	54	δοκοῦσι
110	55	·
110	56	τοὺς
110	57	δὴ
110	58	τοιούτους
110	59	,
111	1	ἐπειδὰν
111	2	αἴσθωνται
111	3	τοὺς
111	4	τόπους
111	5	ἅπαντας
111	6	προκατειλημμένους
111	7	καὶ
111	8	μη
111	9	δὲ
111	10	πρὸς
111	11	ἓν
111	12	ἀντειπεῖν
111	13	ἔχωσι
111	14	τῶν
111	15	εἰρημένων
111	16	,
111	17	ἐπὶ
111	18	τὸν
111	19	λόγον
111	20	οἶμαι
111	21	τρέψεσθαι
111	22	τὸν
111	23	περὶ
111	24	τῶν
111	25	πολιτειῶν
111	26	,
111	27	καὶ
111	28	παραβάλλοντας
111	29	τ
111	30	ἀκεῖ
111	31	καθεστῶτα
111	32	τοῖς
111	33	ἐνθάδε
111	34	,
111	35	καὶ
111	36	μάλιστα
111	37	τὴν
111	38	σωφροσύνην
111	39	καὶ
111	40	πειθαρχίαν
111	41	πρὸς
111	42	τὰς
111	43	παρʼ
111	44	ἡμῖν
111	45	ὀλιγωρίας
111	46	,
111	47	ἐκ
111	48	τούτων
111	49	ἐγκωμιάσειν
111	50	τὴν
111	51	Σπάρτην
111	52	.
112	1	ἢν
112	2	δὴ
112	3	τοιοῦτον
112	4	ἐπιχειρῶσί
112	5	τι
112	6	ποιεῖν
112	7	,
112	8	προσήκει
112	9	τοὺς
112	10	εὖ
112	11	φρονοῦντας
112	12	ληρεῖν
112	13	νομίζειν
112	14	αὐτούς
112	15	.
112	16	ἐγὼ
112	17	γὰρ
112	18	ὑπεθέμην
112	19	οὐχ
112	20	ὡς
112	21	περὶ
112	22	τῶν
112	23	πολιτειῶν
112	24	διαλεξόμενος
112	25	,
112	26	ἀλλʼ
112	27	ὡς
112	28	ἐπιδείξων
112	29	τὴν
112	30	πόλιν
112	31	ἡμῶν
112	32	πολὺ
112	33	πλείονος
112	34	ἀξίαν
112	35	Λακεδαιμονίων
112	36	περὶ
112	37	τοὺς
112	38	Ἕλληνας
112	39	γεγενημένην
112	40	.
112	41	ἢν
112	42	μὲν
112	43	οὖν
112	44	ἀναιρῶσί
112	45	τι
112	46	τούτων
112	47	,
112	48	ἢ
112	49	πράξεις
112	50	ἑτέρας
112	51	κοινὰς
112	52	λέγωσι
112	53	περὶ
112	54	ἃς
112	55	ἐκεῖνοι
112	56	βελτίους
112	57	ἡμῶν
112	58	γεγόνασιν
112	59	,
112	60	εἰκότως
112	61	ἂν
112	62	ἐπαίνου
112	63	τυγχάνοιεν
112	64	·
112	65	ἢν
112	66	δὲ
112	67	λέγειν
112	68	ἐπιχειρῶσι
112	69	περὶ
112	70	ὧν
112	71	ἐγὼ
112	72	μηδεμίαν
112	73	μνείαν
112	74	ποιησαίμην
112	75	,
112	76	δικαίως
112	77	ἂν
112	78	ἅπασιν
112	79	ἀναισθήτως
112	80	ἔχειν
112	81	δοκοῖεν
112	82	.
113	1	οὐ
113	2	μὴν
113	3	ἀλλʼ
113	4	ἐπειδή
113	5	περ
113	6	αὐτοὺς
113	7	οἴομαι
113	8	τὸν
113	9	λόγον
113	10	τὸν
113	11	περὶ
113	12	τῶν
113	13	πολιτειῶν
113	14	εἰς
113	15	τὸ
113	16	μέσον
113	17	ἐμβαλεῖν
113	18	,
113	19	οὐκ
113	20	ὀκνήσω
113	21	διαλεχθῆναι
113	22	περὶ
113	23	αὐτῶν
113	24	·
113	25	οἶμαι
113	26	γὰρ
113	27	ἐν
113	28	αὐτοῖς
113	29	τούτοις
113	30	τὴν
113	31	πόλιν
113	32	ἡμῶν
113	33	ἐπιδείξειν
113	34	πλέον
113	35	διενεγκοῦσαν
113	36	ἢ
113	37	τοῖς
113	38	ἤδη
113	39	προειρημένοις
113	40	.
114	1	καὶ
114	2	μηδεὶς
114	3	ὑπολάβῃ
114	4	με
114	5	ταῦτʼ
114	6	εἰρηκέναι
114	7	περὶ
114	8	ταύτης
114	9	,
114	10	ἣν
114	11	ἀναγκασθέντες
114	12	μετελάβομεν
114	13	,
114	14	ἀλλὰ
114	15	περὶ
114	16	τῆς
114	17	τῶν
114	18	προγόνων
114	19	,
114	20	ἧς
114	21	οὐ
114	22	καταφρονήσαντες
114	23	οἱ
114	24	πατέρες
114	25	ἡμῶν
114	26	ἐπὶ
114	27	τὴν
114	28	νῦν
114	29	καθεστῶσαν
114	30	ὥρμησαν
114	31	,
114	32	ἀλλὰ
114	33	περὶ
114	34	μὲν
114	35	τὰς
114	36	ἄλλας
114	37	πράξεις
114	38	πολὺ
114	39	σπουδαιοτέραν
114	40	ἐκείνην
114	41	προκρίναντες
114	42	,
114	43	περὶ
114	44	δὲ
114	45	τὴν
114	46	δύναμιν
114	47	τὴν
114	48	κατὰ
114	49	θάλατταν
114	50	ταύτην
114	51	χρησιμωτέραν
114	52	εἶναι
114	53	νομίζοντες
114	54	,
114	55	ἣν
114	56	λαβόντες
114	57	καὶ
114	58	καλῶς
114	59	ἐπιμεληθέντες
114	60	οἷοί
114	61	τʼ
114	62	ἐγένοντο
114	63	καὶ
114	64	τὰς
114	65	ἐπιβουλὰς
114	66	τὰς
114	67	Σπαρτιατῶν
114	68	ἀμύνασθαι
114	69	καὶ
114	70	τὴν
114	71	Πελοποννησίων
114	72	ἁπάντων
114	73	ῥώμην
114	74	,
114	75	ὧν
114	76	κατήπειγε
114	77	τὴν
114	78	πόλιν
114	79	περὶ
114	80	ἐκεῖνον
114	81	τὸν
114	82	χρόνον
114	83	μάλιστα
114	84	περιγενέσθαι
114	85	πολεμοῦσαν
114	86	.
115	1	ὥστʼ
115	2	οὐδεὶς
115	3	ἂν
115	4	δικαίως
115	5	ἐπιτιμήσειε
115	6	τοῖς
115	7	ἑλομένοις
115	8	αὐτήν
115	9	·
115	10	οὐ
115	11	γὰρ
115	12	διήμαρτον
115	13	τῶν
115	14	ἐλπίδων
115	15	,
115	16	οὐ
115	17	δ’
115	18	ἠγνόησαν
115	19	οὐδὲν
115	20	οὔ
115	21	τε
115	22	τῶν
115	23	ἀγαθῶν
115	24	οὔ
115	25	τε
115	26	τῶν
115	27	κακῶν
115	28	τῶν
115	29	προσόντων
115	30	ἑκατέρᾳ
115	31	τῶν
115	32	δυνάμεων
115	33	,
115	34	ἀλλʼ
115	35	ἀκριβῶς
115	36	ᾔδεσαν
115	37	τὴν
115	38	μὲν
115	39	κατὰ
115	40	γῆν
115	41	ἡγεμονίαν
115	42	ὑπʼ
115	43	εὐταξίας
115	44	καὶ
115	45	σωφροσύνης
115	46	καὶ
115	47	πειθαρχίας
115	48	καὶ
115	49	τῶν
115	50	ἄλλων
115	51	τῶν
115	52	τοιούτων
115	53	μελετωμένην
115	54	,
115	55	τὴν
115	56	δὲ
115	57	κατὰ
115	58	θάλατταν
115	59	δύναμιν
115	60	οὐκ
115	61	ἐκ
115	62	τούτων
115	63	αὐξανομένην
115	64	,
116	1	ἀλλʼ
116	2	ἔκ
116	3	τε
116	4	τῶν
116	5	τεχνῶν
116	6	τῶν
116	7	περὶ
116	8	τὰς
116	9	ναῦς
116	10	καὶ
116	11	τῶν
116	12	ἐλαύνειν
116	13	αὐτὰς
116	14	δυναμένων
116	15	καὶ
116	16	τῶν
116	17	τὰ
116	18	σφέτερα
116	19	μὲν
116	20	αὐτῶν
116	21	ἀπολωλεκότων
116	22	,
116	23	ἐκ
116	24	δὲ
116	25	τῶν
116	26	ἀλλοτρίων
116	27	πορίζεσθαι
116	28	τὸν
116	29	βίον
116	30	εἰθισμένων
116	31	·
116	32	ὧν
116	33	εἰσπεσόντων
116	34	εἰς
116	35	τὴν
116	36	πόλιν
116	37	οὐκ
116	38	ἄδηλος
116	39	ἦν
116	40	ὅ
116	41	τε
116	42	κόσμος
116	43	ὁ
116	44	τῆς
116	45	πολιτείας
116	46	τῆς
116	47	πρότερον
116	48	ὑπαρχούσης
116	49	λυθησόμενος
116	50	,
116	51	ἥ
116	52	τε
116	53	τῶν
116	54	συμμάχων
116	55	εὔνοια
116	56	ταχέως
116	57	ληψομένη
116	58	μεταβολήν
116	59	,
116	60	ὅταν
116	61	οἷς
116	62	πρότερον
116	63	χώρας
116	64	ἐδίδοσαν
116	65	καὶ
116	66	πόλεις
116	67	,
116	68	τούτους
116	69	ἀναγκάζωσι
116	70	συντάξεις
116	71	καὶ
116	72	φόρους
116	73	ὑποτελεῖν
116	74	,
116	75	ἵνʼ
116	76	ἔχωσι
116	77	μισθὸν
116	78	διδόναι
116	79	τοῖς
116	80	τοιούτοις
116	81	οἵους
116	82	ὀλίγῳ
116	83	πρότερον
116	84	εἶπον
116	85	.
117	1	ἀλλʼ
117	2	ὅμως
117	3	οὐδὲν
117	4	ἀγνοοῦντες
117	5	τῶν
117	6	προειρημένων
117	7	ἐνόμιζον
117	8	τῇ
117	9	πόλει
117	10	τῇ
117	11	τηλικαύτῃ
117	12	μὲν
117	13	τὸ
117	14	μέγεθος
117	15	,
117	16	τοιαύτην
117	17	δʼ
117	18	ἐχούσῃ
117	19	δόξαν
117	20	,
117	21	λυσιτελεῖν
117	22	καὶ
117	23	πρέπειν
117	24	ἁπάσας
117	25	ὑπομεῖναι
117	26	τὰς
117	27	δυσχερείας
117	28	μᾶλλον
117	29	ἢ
117	30	τὴν
117	31	Λακεδαιμονίων
117	32	ἀρχήν
117	33	·
117	34	δυοῖν
117	35	γὰρ
117	36	πραγμάτοιν
117	37	προτεινομένοιν
117	38	μὴ
117	39	σπουδαίοιν
117	40	,
117	41	κρείττω
117	42	τὴν
117	43	αἵρεσιν
117	44	εἶναι
117	45	τοῦ
117	46	δεινὰ
117	47	ποιεῖν
117	48	ἑτέρους
117	49	ἢ
117	50	πάσχειν
117	51	αὐτοὺς
117	52	καὶ
117	53	τοῦ
117	54	μὴ
117	55	δικαίως
117	56	τῶν
117	57	ἄλλων
117	58	ἄρχειν
117	59	μᾶλλον
117	60	ἢ
117	61	φεύγοντας
117	62	τὴν
117	63	αἰτίαν
117	64	ταύτην
117	65	ἀδίκως
117	66	Λακεδαιμονίοις
117	67	δουλεύειν
117	68	.
118	1	ἅπερ
118	2	ἅπαντες
118	3	μὲν
118	4	ἂν
118	5	οἱ
118	6	νοῦν
118	7	ἔχοντες
118	8	ἕλοιντο
118	9	καὶ
118	10	βουληθεῖεν
118	11	,
118	12	ὀλίγοι
118	13	δʼ
118	14	ἄν
118	15	τινες
118	16	τῶν
118	17	προσποιουμένων
118	18	εἶναι
118	19	σοφῶν
118	20	ἐρωτηθέντες
118	21	οὐκ
118	22	ἂν
118	23	φήσαιεν
118	24	.
118	25	αἱ
118	26	μὲν
118	27	οὖν
118	28	αἰτίαι
118	29	διʼ
118	30	ἃς
118	31	μετέλαβον
118	32	τὴν
118	33	πολιτείαν
118	34	τὴν
118	35	ὑπό
118	36	τινων
118	37	ψεγομένην
118	38	ἀντὶ
118	39	τῆς
118	40	ὑπὸ
118	41	πάντων
118	42	ἐπαινουμένης
118	43	,
118	44	διὰ
118	45	μακροτέρων
118	46	μὲν
118	47	αὐτὰς
118	48	διῆλθον
118	49	,
118	50	αὗται
118	51	δʼ
118	52	οὖν
118	53	ἦσαν
118	54	.
119	1	ἤδη
119	2	δὲ
119	3	περὶ
119	4	ἧς
119	5	τε
119	6	ὑπεθέμην
119	7	καὶ
119	8	τῶν
119	9	προγόνων
119	10	ποιήσομαι
119	11	τοὺς
119	12	λόγους
119	13	,
119	14	ἐκείνων
119	15	τῶν
119	16	χρόνων
119	17	ἐπιλαβόμενος
119	18	ὅτʼ
119	19	οὐκ
119	20	ἦν
119	21	οὔ
119	22	τ’
119	23	ὀλιγαρχίας
119	24	οὔ
119	25	τε
119	26	δημοκρατίας
119	27	ὄνομά
119	28	πω
119	29	λεγόμενον
119	30	,
119	31	ἀλλὰ
119	32	μοναρχίαι
119	33	καὶ
119	34	τὰ
119	35	γένη
119	36	τὰ
119	37	τῶν
119	38	βαρβάρων
119	39	καὶ
119	40	τὰς
119	41	πόλεις
119	42	τὰς
119	43	Ἑλληνίδας
119	44	ἁπάσας
119	45	διῴκουν
119	46	.
120	1	διὰ
120	2	τοῦτο
120	3	δὲ
120	4	προειλόμην
120	5	πορρωτέρωθεν
120	6	ποιήσασθαι
120	7	τὴν
120	8	ἀρχήν
120	9	,
120	10	πρῶτον
120	11	μὲν
120	12	ἡγούμενος
120	13	προσήκειν
120	14	τοῖς
120	15	ἀμφισβητοῦσιν
120	16	ἀρετῆς
120	17	εὐθὺς
120	18	ἀπὸ
120	19	γενεᾶς
120	20	διαφέροντας
120	21	εἶναι
120	22	τῶν
120	23	ἄλλων
120	24	,
120	25	ἔπειτʼ
120	26	αἰσχυνόμενος
120	27	εἰ
120	28	περὶ
120	29	ἀνδρῶν
120	30	ἀγαθῶν
120	31	μὲν
120	32	οὐδὲν
120	33	δέ
120	34	μοι
120	35	προσηκόντων
120	36	πλείω
120	37	διαλεχθεὶς
120	38	τῶν
120	39	μετρίων
120	40	περὶ
120	41	τῶν
120	42	προγόνων
120	43	τῶν
120	44	τὴν
120	45	πόλιν
120	46	κάλλιστα
120	47	διοικησάντων
120	48	μη
120	49	δὲ
120	50	μικρὰν
120	51	ποιήσομαι
120	52	μνείαν
120	53	,
121	1	οἳ
121	2	τοσοῦτον
121	3	βελτίους
121	4	ἐγένοντο
121	5	τῶν
121	6	τοιαύτας
121	7	δυναστείας
121	8	ἐχόντων
121	9	,
121	10	ὅσον
121	11	περ
121	12	ἄνδρες
121	13	οἱ
121	14	φρονιμώτατοι
121	15	καὶ
121	16	πραότατοι
121	17	διενέγκοιεν
121	18	ἂν
121	19	θηρίων
121	20	τῶν
121	21	ἀγριωτάτων
121	22	καὶ
121	23	πλείστης
121	24	ὠμότητος
121	25	μεστῶν
121	26	.
121	27	τί
121	28	γὰρ
121	29	οὐκ
121	30	ἂν
121	31	εὕροιμεν
121	32	τῶν
121	33	ὑπερβαλλόντων
121	34	ἀνοσιότητι
121	35	καὶ
121	36	δεινότητι
121	37	πεπραγμένον
121	38	ἐν
121	39	ταῖς
121	40	ἄλλαις
121	41	πόλεσι
121	42	,
121	43	καὶ
121	44	μάλιστʼ
121	45	ἐν
121	46	ταῖς
121	47	μεγίσταις
121	48	καὶ
121	49	τότε
121	50	νομιζομέναις
121	51	καὶ
121	52	νῦν
121	53	εἶναι
121	54	δοκούσαις
121	55	;
121	56	οὐ
121	57	φόνους
121	58	ἀδελφῶν
121	59	καὶ
121	60	πατέρων
121	61	καὶ
121	62	ξένων
121	63	παμπληθεῖς
121	64	γεγενημένους
121	65	;
122	1	οὐ
122	2	σφαγὰς
122	3	μητέρων
122	4	καὶ
122	5	μίξεις
122	6	καὶ
122	7	παιδοποιίας
122	8	ἐξ
122	9	ὧν
122	10	ἐτύγχανον
122	11	αὐτοὶ
122	12	πεφυκότες
122	13	;
122	14	οὐ
122	15	παίδων
122	16	βρῶσιν
122	17	ὑπὸ
122	18	τῶν
122	19	οἰκειοτάτων
122	20	ἐπιβεβουλευμένην
122	21	;
122	22	οὐκ
122	23	ἐκβολὰς
122	24	ὧν
122	25	ἐγέννησαν
122	26	,
122	27	καὶ
122	28	καταποντισμοὺς
122	29	καὶ
122	30	τυφλώσεις
122	31	καὶ
122	32	τοσαύτας
122	33	τὸ
122	34	πλῆθος
122	35	κακοποιίας
122	36	,
122	37	ὥστε
122	38	μηδένα
122	39	πώποτε
122	40	ἀπορῆσαι
122	41	τῶν
122	42	εἰθισμένων
122	43	καθʼ
122	44	ἕκαστον
122	45	τὸν
122	46	ἐνιαυτὸν
122	47	εἰσφέρειν
122	48	εἰς
122	49	τὸ
122	50	θέατρον
122	51	τὰς
122	52	τότε
122	53	γεγενημένας
122	54	συμφοράς
122	55	;
123	1	ταῦτα
123	2	δὲ
123	3	διῆλθον
123	4	οὐκ
123	5	ἐκείνους
123	6	λοιδορῆσαι
123	7	βουλόμενος
123	8	,
123	9	ἀλλʼ
123	10	ἐπιδεῖξαι
123	11	παρὰ
123	12	τοῖς
123	13	ἡμετέροις
123	14	οὐ
123	15	μόνον
123	16	οὐδὲν
123	17	τοιοῦτον
123	18	γεγενημένον
123	19	·
123	20	τοῦτο
123	21	μὲν
123	22	γὰρ
123	23	ἂν
123	24	σημεῖον
123	25	ἦν
123	26	οὐκ
123	27	ἀρετῆς
123	28	ἀλλʼ
123	29	ὡς
123	30	οὐχ
123	31	ὅμοιοι
123	32	τὰς
123	33	φύσεις
123	34	ἦσαν
123	35	τοῖς
123	36	ἀνοσιωτάτοις
123	37	γεγενημένοις
123	38	·
123	39	δεῖ
123	40	δὲ
123	41	τοὺς
123	42	ἐπιχειροῦντας
123	43	καθʼ
123	44	ὑπερβολήν
123	45	τινας
123	46	ἐπαινεῖν
123	47	μὴ
123	48	τοῦτο
123	49	μόνον
123	50	ἐπιδεικνύναι
123	51	,
123	52	μὴ
123	53	πονηροὺς
123	54	ὄντας
123	55	αὐτούς
123	56	,
123	57	ἀλλʼ
123	58	ὡς
123	59	ἁπάσαις
123	60	ταῖς
123	61	ἀρεταῖς
123	62	καὶ
123	63	τῶν
123	64	τότε
123	65	καὶ
123	66	τῶν
123	67	νῦν
123	68	διήνεγκαν
123	69	.
123	70	ἅπερ
123	71	ἔχοι
123	72	τις
123	73	ἂν
123	74	καὶ
123	75	περὶ
123	76	τῶν
123	77	προγόνων
123	78	τῶν
123	79	ἡμετέρων
123	80	εἰπεῖν
123	81	.
124	1	οὕτω
124	2	γὰρ
124	3	ὁσίως
124	4	καὶ
124	5	καλῶς
124	6	καὶ
124	7	τὰ
124	8	περὶ
124	9	τὴν
124	10	πόλιν
124	11	καὶ
124	12	τὰ
124	13	περὶ
124	14	σφᾶς
124	15	αὐτοὺς
124	16	διῴκησαν
124	17	,
124	18	ὥσπερ
124	19	προσῆκον
124	20	ἦν
124	21	τοὺς
124	22	ἀπὸ
124	23	θεῶν
124	24	μὲν
124	25	γεγονότας
124	26	,
124	27	πρώτους
124	28	δὲ
124	29	καὶ
124	30	πόλιν
124	31	οἰκήσαντας
124	32	καὶ
124	33	νόμοις
124	34	χρησαμένους
124	35	,
124	36	ἅπαντα
124	37	δὲ
124	38	τὸν
124	39	χρόνον
124	40	ἠσκηκότας
124	41	εὐσέβειαν
124	42	μὲν
124	43	περὶ
124	44	τοὺς
124	45	θεοὺς
124	46	δικαιοσύνην
124	47	δὲ
124	48	περὶ
124	49	τοὺς
124	50	ἀνθρώπους
124	51	,
124	52	ὄντας
124	53	δὲ
124	54	μή
124	55	τε
124	56	μιγάδας
124	57	μήτʼ
124	58	ἐπήλυδας
124	59	,
124	60	ἀλλὰ
124	61	μόνους
124	62	αὐτόχθονας
124	63	τῶν
124	64	Ἑλλήνων
124	65	,
125	1	καὶ
125	2	ταύτην
125	3	ἔχοντας
125	4	τὴν
125	5	χώραν
125	6	τροφὸν
125	7	ἐξ
125	8	ἧς
125	9	περ
125	10	ἔφυσαν
125	11	,
125	12	καὶ
125	13	στέργοντας
125	14	αὐτὴν
125	15	ὁμοίως
125	16	ὥσπερ
125	17	οἱ
125	18	βέλτιστοι
125	19	τοὺς
125	20	πατέρας
125	21	καὶ
125	22	τὰς
125	23	μητέρας
125	24	τὰς
125	25	αὑτῶν
125	26	,
125	27	πρὸς
125	28	δὲ
125	29	τούτοις
125	30	οὕτω
125	31	θεοφιλεῖς
125	32	ὄντας
125	33	,
125	34	ὥσθʼ
125	35	ὃ
125	36	δοκεῖ
125	37	χαλεπώτατον
125	38	εἶναι
125	39	καὶ
125	40	σπανιώτατον
125	41	,
125	42	εὑρεῖν
125	43	τινας
125	44	τῶν
125	45	οἴκων
125	46	τῶν
125	47	τυραννικῶν
125	48	καὶ
125	49	βασιλικῶν
125	50	ἐπὶ
125	51	τέτταρας
125	52	ἢ
125	53	πέντε
125	54	γενεὰς
125	55	διαμείναντας
125	56	,
126	1	καὶ
126	2	τοῦτο
126	3	συμβῆναι
126	4	μόνοις
126	5	ἐκείνοις
126	6	.
126	7	Ἐριχθόνιος
126	8	μὲν
126	9	γὰρ
126	10	ὁ
126	11	φὺς
126	12	ἐξ
126	13	Ἡφαίστου
126	14	καὶ
126	15	Γῆς
126	16	παρὰ
126	17	Κέκροπος
126	18	ἄπαιδος
126	19	ὄντος
126	20	ἀρρένων
126	21	παίδων
126	22	τὸν
126	23	οἶκον
126	24	καὶ
126	25	τὴν
126	26	βασιλείαν
126	27	παρέλαβεν
126	28	·
126	29	ἐντεῦθεν
126	30	δʼ
126	31	ἀρξάμενοι
126	32	πάντες
126	33	οἱ
126	34	γενόμενοι
126	35	μετʼ
126	36	ἐκεῖνον
126	37	,
126	38	ὄντες
126	39	οὐκ
126	40	ὀλίγοι
126	41	,
126	42	τὰς
126	43	κτήσεις
126	44	τὰς
126	45	αὑτῶν
126	46	καὶ
126	47	τὰς
126	48	δυναστείας
126	49	τοῖς
126	50	αὑτῶν
126	51	παισὶ
126	52	παρέδοσαν
126	53	μέχρι
126	54	Θησέως
126	55	.
126	56	περὶ
126	57	οὗ
126	58	πρὸ
126	59	πολλοῦ
126	60	ἂν
126	61	ἐποιησάμην
126	62	μὴ
126	63	διειλέχθαι
126	64	πρότερον
126	65	περὶ
126	66	τῆς
126	67	ἀρετῆς
126	68	καὶ
126	69	τῶν
126	70	πεπραγμένων
126	71	αὐτῷ
126	72	·
126	73	πολὺ
126	74	γὰρ
126	75	ἂν
126	76	μᾶλλον
126	77	ἥρμοσεν
126	78	ἐν
126	79	τῷ
126	80	λόγῳ
126	81	τῷ
126	82	περὶ
126	83	τῆς
126	84	πόλεως
126	85	διελθεῖν
126	86	περὶ
126	87	αὐτῶν
126	88	.
126	89	ἀλλὰ
126	90	γὰρ
126	91	χαλεπὸν
126	92	ἦν
126	93	,
127	1	μᾶλλον
127	2	δʼ
127	3	ἀδύνατον
127	4	,
127	5	τὰ
127	6	κατʼ
127	7	ἐκεῖνον
127	8	ἐπελθόντα
127	9	τὸν
127	10	χρόνον
127	11	εἰς
127	12	τοῦτον
127	13	ἀποθέσθαι
127	14	τὸν
127	15	καιρόν
127	16	,
127	17	ὃν
127	18	οὐ
127	19	προῄδειν
127	20	ἐσόμενον
127	21	.
127	22	ἐκεῖνα
127	23	μὲν
127	24	οὖν
127	25	ἐάσομεν
127	26	,
127	27	ἐπειδὴ
127	28	πρὸς
127	29	τὸ
127	30	παρὸν
127	31	αὐτοῖς
127	32	κατεχρησάμην
127	33	,
127	34	μιᾶς
127	35	δὲ
127	36	μόνον
127	37	μνησθήσομαι
127	38	πράξεως
127	39	,
127	40	ᾗ
127	41	συμβέβηκε
127	42	μήτʼ
127	43	εἰρῆσθαι
127	44	πρότερον
127	45	μή
127	46	τε
127	47	πεπρᾶχθαι
127	48	μηδʼ
127	49	ὑφʼ
127	50	ἑνὸς
127	51	ἄλλου
127	52	πλὴν
127	53	ὑπὸ
127	54	Θησέως
127	55	,
127	56	σημεῖον
127	57	δʼ
127	58	εἶναι
127	59	μέγιστον
127	60	τῆς
127	61	ἀρετῆς
127	62	τῆς
127	63	ἐκείνου
127	64	καὶ
127	65	φρονήσεως
127	66	.
128	1	ἔχων
128	2	γὰρ
128	3	βασιλείαν
128	4	ἀσφαλεστάτην
128	5	καὶ
128	6	μεγίστην
128	7	,
128	8	ἐν
128	9	ᾗ
128	10	πολλὰ
128	11	καὶ
128	12	καλὰ
128	13	διαπεπραγμένος
128	14	ἦν
128	15	καὶ
128	16	κατὰ
128	17	πόλεμον
128	18	καὶ
128	19	περὶ
128	20	διοίκησιν
128	21	τῆς
128	22	πόλεως
128	23	,
128	24	ἅπαντα
128	25	ταῦθʼ
128	26	ὑπερεῖδεν
128	27	,
128	28	καὶ
128	29	μᾶλλον
128	30	εἵλετο
128	31	τὴν
128	32	δόξαν
128	33	τὴν
128	34	ἀπὸ
128	35	τῶν
128	36	πόνων
128	37	καὶ
128	38	τῶν
128	39	ἀγώνων
128	40	εἰς
128	41	ἅπαντα
128	42	τὸν
128	43	χρόνον
128	44	μνημονευθησομένην
128	45	ἢ
128	46	τὴν
128	47	ῥᾳθυμίαν
128	48	καὶ
128	49	τὴν
128	50	εὐδαιμονίαν
128	51	τὴν
128	52	διὰ
128	53	τὴν
128	54	βασιλείαν
128	55	ἐν
128	56	τῷ
128	57	παρόντι
128	58	γιγνομένην
128	59	.
129	1	καὶ
129	2	ταῦτʼ
129	3	ἔπραξεν
129	4	οὐκ
129	5	ἐπειδὴ
129	6	πρεσβύτερος
129	7	γενόμενος
129	8	ἀπολελαυκὼς
129	9	ἦν
129	10	τῶν
129	11	ἀγαθῶν
129	12	τῶν
129	13	παρόντων
129	14	,
129	15	ἀλλʼ
129	16	ἀκμάζων
129	17	,
129	18	ὡς
129	19	λέγεται
129	20	,
129	21	τὴν
129	22	μὲν
129	23	πόλιν
129	24	διοικεῖν
129	25	τῷ
129	26	πλήθει
129	27	παρέδωκεν
129	28	,
129	29	αὐτὸς
129	30	δʼ
129	31	ὑπὲρ
129	32	ταύτης
129	33	τε
129	34	καὶ
129	35	τῶν
129	36	ἄλλων
129	37	Ἑλλήνων
129	38	διετέλει
129	39	κινδυνεύων
129	40	.
130	1	περὶ
130	2	μὲν
130	3	οὖν
130	4	τῆς
130	5	Θησέως
130	6	ἀρετῆς
130	7	νῦν
130	8	μὲν
130	9	ὡς
130	10	οἷόν
130	11	τʼ
130	12	ἦν
130	13	ἀνεμνήσαμεν
130	14	,
130	15	πρότερον
130	16	δʼ
130	17	ἁπάσας
130	18	αὐτοῦ
130	19	τὰς
130	20	πράξεις
130	21	οὐκ
130	22	ἀμελῶς
130	23	διήλθομεν
130	24	·
130	25	περὶ
130	26	δὲ
130	27	τῶν
130	28	παραλαβόντων
130	29	τὴν
130	30	τῆς
130	31	πόλεως
130	32	διοίκησιν
130	33	,
130	34	ἣν
130	35	ἐκεῖνος
130	36	παρέδωκεν
130	37	,
130	38	οὐκ
130	39	ἔχω
130	40	τίνας
130	41	ἐπαίνους
130	42	εἰπὼν
130	43	ἀξίους
130	44	ἂν
130	45	εἴην
130	46	εἰρηκὼς
130	47	τῆς
130	48	ἐκείνων
130	49	διανοίας
130	50	.
130	51	οἵτινες
130	52	ἄπειροι
130	53	πολιτειῶν
130	54	ὄντες
130	55	,
130	56	οὐ
130	57	διήμαρτον
130	58	αἱρούμενοι
130	59	τῆς
130	60	ὑπὸ
130	61	πάντων
130	62	ἂν
130	63	ὁμολογηθείσης
130	64	οὐ
130	65	μόνον
130	66	εἶναι
130	67	κοινοτάτης
130	68	καὶ
130	69	δικαιοτάτης
130	70	,
130	71	ἀλλὰ
130	72	καὶ
130	73	συμφορωτάτης
130	74	ἅπασι
130	75	καὶ
130	76	τοῖς
130	77	χρωμένοις
130	78	ἡδίστης
130	79	.
131	1	κατεστήσαντο
131	2	γὰρ
131	3	δημοκρατίαν
131	4	οὐ
131	5	τὴν
131	6	εἰκῇ
131	7	πολιτευομένην
131	8	,
131	9	καὶ
131	10	νομίζουσαν
131	11	τὴν
131	12	μὲν
131	13	ἀκολασίαν
131	14	ἐλευθερίαν
131	15	εἶναι
131	16	,
131	17	τὴν
131	18	δʼ
131	19	ἐξουσίαν
131	20	ὅ
131	21	τι
131	22	βούλεταί
131	23	τις
131	24	ποιεῖν
131	25	εὐδαιμονίαν
131	26	,
131	27	ἀλλὰ
131	28	τὴν
131	29	τοῖς
131	30	τοιούτοις
131	31	μὲν
131	32	ἐπιτιμῶσαν
131	33	,
131	34	ἀριστοκρατίᾳ
131	35	δὲ
131	36	χρωμένην
131	37	·
131	38	ἣν
131	39	οἱ
131	40	μὲν
131	41	πολλοὶ
131	42	χρησιμωτάτην
131	43	οὖσαν
131	44	ὥσπερ
131	45	τὴν
131	46	ἀπὸ
131	47	τῶν
131	48	τιμημάτων
131	49	ἐν
131	50	ταῖς
131	51	πολιτείαις
131	52	ἀριθμοῦσιν
131	53	,
131	54	οὐ
131	55	διʼ
131	56	ἀμαθίαν
131	57	ἀγνοοῦντες
131	58	,
131	59	ἀλλὰ
131	60	διὰ
131	61	τὸ
131	62	μηδὲν
131	63	πώποτʼ
131	64	αὐτοῖς
131	65	μελῆσαι
131	66	τῶν
131	67	δεόντων
131	68	.
132	1	ἐγὼ
132	2	δὲ
132	3	φημὶ
132	4	τὰς
132	5	μὲν
132	6	ἰδέας
132	7	τῶν
132	8	πολιτειῶν
132	9	τρεῖς
132	10	εἶναι
132	11	μόνας
132	12	,
132	13	ὀλιγαρχίαν
132	14	,
132	15	δημοκρατίαν
132	16	,
132	17	μοναρχίαν
132	18	,
132	19	τῶν
132	20	δʼ
132	21	ἐν
132	22	ταύταις
132	23	οἰκούντων
132	24	ὅσοι
132	25	μὲν
132	26	εἰώθασιν
132	27	ἐπὶ
132	28	τὰς
132	29	ἀρχὰς
132	30	καθιστάναι
132	31	καὶ
132	32	τὰς
132	33	ἄλλας
132	34	πράξεις
132	35	τοὺς
132	36	ἱκανωτάτους
132	37	τῶν
132	38	πολιτῶν
132	39	καὶ
132	40	τοὺς
132	41	μέλλοντας
132	42	ἄριστα
132	43	καὶ
132	44	δικαιότατα
132	45	τῶν
132	46	πραγμάτων
132	47	ἐπιστατήσειν
132	48	,
132	49	τούτους
132	50	μὲν
132	51	ἐν
132	52	ἁπάσαις
132	53	ταῖς
132	54	πολιτείαις
132	55	καλῶς
132	56	οἰκήσειν
132	57	καὶ
132	58	πρὸς
132	59	σφᾶς
132	60	αὐτοὺς
132	61	καὶ
132	62	πρὸς
132	63	τοὺς
132	64	ἄλλους
132	65	·
133	1	τοὺς
133	2	δὲ
133	3	τοῖς
133	4	θρασυτάτοις
133	5	καὶ
133	6	πονηροτάτοις
133	7	ἐπὶ
133	8	ταῦτα
133	9	χρωμένους
133	10	,
133	11	καὶ
133	12	τῶν
133	13	μὲν
133	14	τῇ
133	15	πόλει
133	16	συμφερόντων
133	17	μηδὲν
133	18	φροντίζουσιν
133	19	,
133	20	ὑπὲρ
133	21	δὲ
133	22	τῆς
133	23	αὑτῶν
133	24	πλεονεξίας
133	25	ἑτοίμοις
133	26	οὖσιν
133	27	ὁτιοῦν
133	28	πάσχειν
133	29	,
133	30	τὰς
133	31	δὲ
133	32	τούτων
133	33	πόλεις
133	34	ὁμοίως
133	35	οἰκήσεσθαι
133	36	ταῖς
133	37	τῶν
133	38	προεστώτων
133	39	πονηρίαις
133	40	·
133	41	τοὺς
133	42	δὲ
133	43	μήθʼ
133	44	οὕτω
133	45	μήθʼ
133	46	ὡς
133	47	πρότερον
133	48	εἶπον
133	49	,
133	50	ἀλλʼ
133	51	ὅταν
133	52	μὲν
133	53	θαρρῶσι
133	54	,
133	55	τούτους
133	56	μάλιστα
133	57	τιμῶντας
133	58	,
133	59	τοὺς
133	60	πρὸς
133	61	χάριν
133	62	λέγοντας
133	63	,
133	64	ὅταν
133	65	δὲ
133	66	δείσωσιν
133	67	,
133	68	ἐπὶ
133	69	τοὺς
133	70	βελτίστους
133	71	καὶ
133	72	φρονιμωτάτους
133	73	καταφεύγοντας
133	74	,
133	75	τοὺς
133	76	δὲ
133	77	τοιούτους
133	78	ἐναλλὰξ
133	79	τοτὲ
133	80	μὲν
133	81	χεῖρον
133	82	τοτὲ
133	83	δὲ
133	84	βέλτιον
133	85	πράξειν
133	86	.
134	1	αἱ
134	2	μὲν
134	3	οὖν
134	4	φύσεις
134	5	καὶ
134	6	δυνάμεις
134	7	τῶν
134	8	πολιτειῶν
134	9	οὕτως
134	10	ἔχουσιν
134	11	,
134	12	ἡγοῦμαι
134	13	δὲ
134	14	ταῦτα
134	15	μὲν
134	16	ἑτέροις
134	17	πολὺ
134	18	πλείους
134	19	λόγους
134	20	παρέξειν
134	21	τῶν
134	22	νῦν
134	23	εἰρημένων
134	24	,
134	25	ἐμοὶ
134	26	δʼ
134	27	οὐκέτι
134	28	περὶ
134	29	ἁπασῶν
134	30	αὐτῶν
134	31	εἶναι
134	32	διαλεκτέον
134	33	,
134	34	ἀλλὰ
134	35	περὶ
134	36	μόνης
134	37	τῆς
134	38	τῶν
134	39	προγόνων
134	40	·
134	41	ταύτην
134	42	γὰρ
134	43	ὑπεσχόμην
134	44	ἐπιδείξειν
134	45	σπουδαιοτέραν
134	46	καὶ
134	47	πλειόνων
134	48	ἀγαθῶν
134	49	αἰτίαν
134	50	οὖσαν
134	51	τῆς
134	52	ἐν
134	53	Σπάρτῃ
134	54	καθεστηκυίας
134	55	.
135	1	ἔσται
135	2	δʼ
135	3	ὁ
135	4	λόγος
135	5	τοῖς
135	6	μὲν
135	7	ἡδέως
135	8	ἂν
135	9	ἀκούσασι
135	10	πολιτείαν
135	11	χρηστὴν
135	12	ἐμοῦ
135	13	διεξιόντος
135	14	οὔ
135	15	τ’
135	16	ὀχληρὸς
135	17	οὔ
135	18	τ’
135	19	ἄκαιρος
135	20	,
135	21	ἀλλὰ
135	22	σύμμετρος
135	23	καὶ
135	24	προσήκων
135	25	τοῖς
135	26	πρότερον
135	27	εἰρημένοις
135	28	,
135	29	τοῖς
135	30	δὲ
135	31	μὴ
135	32	χαίρουσι
135	33	τοῖς
135	34	μετὰ
135	35	πολλῆς
135	36	σπουδῆς
135	37	εἰρημένοις
135	38	,
135	39	ἀλλὰ
135	40	τοῖς
135	41	ἐν
135	42	ταῖς
135	43	πανηγύρεσι
135	44	μάλιστα
135	45	μὲν
135	46	λοιδορουμένοις
135	47	,
135	48	ἢν
135	49	δʼ
135	50	ἀπόσχωνται
135	51	τῆς
135	52	μανίας
135	53	ταύτης
135	54	,
135	55	ἐγκωμιάζουσιν
135	56	ἢ
135	57	τὰ
135	58	φαυλότατα
135	59	τῶν
135	60	ὄντων
135	61	ἢ
135	62	τοὺς
135	63	παρανομωτάτους
135	64	τῶν
135	65	γεγενημένων
135	66	,
135	67	τούτοις
135	68	δʼ
135	69	αὐτὸν
135	70	οἶμαι
135	71	δόξειν
135	72	πολὺ
135	73	μακρότερον
135	74	εἶναι
135	75	τοῦ
135	76	δέοντος
135	77	.
136	1	ἐμοὶ
136	2	δὲ
136	3	τῶν
136	4	μὲν
136	5	τοιούτων
136	6	ἀκροατῶν
136	7	οὐδὲν
136	8	πώποτʼ
136	9	ἐμέλησεν
136	10	,
136	11	οὐ
136	12	δὲ
136	13	τοῖς
136	14	ἄλλοις
136	15	τοῖς
136	16	εὖ
136	17	φρονοῦσιν
136	18	,
136	19	ἐκείνων
136	20	δὲ
136	21	τῶν
136	22	ἅ
136	23	τε
136	24	προεῖπον
136	25	πρὸ
136	26	ἅπαντος
136	27	τοῦ
136	28	λόγου
136	29	μνημονευσόντων
136	30	,
136	31	τῷ
136	32	τε
136	33	πλήθει
136	34	τῶν
136	35	λεγομένων
136	36	οὐκ
136	37	ἐπιτιμησόντων
136	38	,
136	39	οὐ
136	40	δ’
136	41	ἢν
136	42	μυρίων
136	43	ἐπῶν
136	44	ᾖ
136	45	τὸ
136	46	μῆκος
136	47	,
136	48	ἀλλʼ
136	49	ἐφʼ
136	50	αὑτοῖς
136	51	εἶναι
136	52	νομιούντων
136	53	τοσοῦτον
136	54	ἀναγνῶναι
136	55	μέρος
136	56	καὶ
136	57	διελθεῖν
136	58	ὁπόσον
136	59	ἂν
136	60	αὐτοὶ
136	61	βουληθῶσιν
136	62	,
136	63	πάντων
136	64	δὲ
136	65	μάλιστα
136	66	τῶν
136	67	οὐδενὸς
136	68	ἂν
136	69	ἥδιον
136	70	ἀκουόντων
136	71	ἢ
136	72	λόγου
136	73	διεξιόντος
136	74	ἀνδρῶν
136	75	ἀρετὰς
136	76	καὶ
136	77	πόλεως
136	78	τρόπον
136	79	καλῶς
136	80	οἰκουμένης
136	81	,
137	1	ἅπερ
137	2	εἰ
137	3	μιμήσασθαί
137	4	τινες
137	5	βουληθεῖεν
137	6	καὶ
137	7	δυνηθεῖεν
137	8	,
137	9	αὐτοί
137	10	τʼ
137	11	ἂν
137	12	ἐν
137	13	μεγάλῃ
137	14	δόξῃ
137	15	τὸν
137	16	βίον
137	17	διαγάγοιεν
137	18	καὶ
137	19	τὰς
137	20	πόλεις
137	21	τὰς
137	22	αὑτῶν
137	23	εὐδαίμονας
137	24	ποιήσειαν
137	25	.
137	26	οἵους
137	27	μὲν
137	28	οὖν
137	29	εὐξαίμην
137	30	ἂν
137	31	εἶναι
137	32	τοὺς
137	33	ἀκουσομένους
137	34	τῶν
137	35	ἐμῶν
137	36	,
137	37	εἴρηκα
137	38	,
137	39	δέδοικα
137	40	δὲ
137	41	μὴ
137	42	τοιούτων
137	43	γενομένων
137	44	πολὺ
137	45	καταδεέστερον
137	46	εἴπω
137	47	τῶν
137	48	πραγμάτων
137	49	περὶ
137	50	ὧν
137	51	μέλλω
137	52	ποιεῖσθαι
137	53	τοὺς
137	54	λόγους
137	55	.
137	56	ὅμως
137	57	δʼ
137	58	οὕτως
137	59	ὅπως
137	60	ἂν
137	61	οἷός
137	62	τʼ
137	63	ὦ
137	64	πειράσομαι
137	65	διαλεχθῆναι
137	66	περὶ
137	67	αὐτῶν
137	68	.
138	1	τοῦ
138	2	μὲν
138	3	οὖν
138	4	διαφερόντως
138	5	τῶν
138	6	ἄλλων
138	7	οἰκεῖσθαι
138	8	τὴν
138	9	πόλιν
138	10	ἡμῶν
138	11	κατʼ
138	12	ἐκεῖνον
138	13	τὸν
138	14	χρόνον
138	15	δικαίως
138	16	ἂν
138	17	ἐπενέγκοιμεν
138	18	τὴν
138	19	αἰτίαν
138	20	τοῖς
138	21	βασιλεύσασιν
138	22	αὐτῆς
138	23	,
138	24	περὶ
138	25	ὧν
138	26	ὀλίγῳ
138	27	πρότερον
138	28	διελέχθην
138	29	.
138	30	ἐκεῖνοι
138	31	γὰρ
138	32	ἦσαν
138	33	οἱ
138	34	παιδεύσαντες
138	35	τὸ
138	36	πλῆθος
138	37	ἐν
138	38	ἀρετῇ
138	39	καὶ
138	40	δικαιοσύνῃ
138	41	καὶ
138	42	πολλῇ
138	43	σωφροσύνῃ
138	44	,
138	45	καὶ
138	46	διδάξαντες
138	47	ἐξ
138	48	ὧν
138	49	διῴκουν
138	50	,
138	51	ἅπερ
138	52	ἐγὼ
138	53	φανείην
138	54	ἂν
138	55	ὕστερον
138	56	εἰρηκὼς
138	57	ἢ
138	58	κεῖνοι
138	59	πράξαντες
138	60	,
138	61	ὅτι
138	62	πᾶσα
138	63	πολιτεία
138	64	ψυχὴ
138	65	πόλεώς
138	66	ἐστι
138	67	,
138	68	τοσαύτην
138	69	ἔχουσα
138	70	δύναμιν
138	71	ὅσην
138	72	περ
138	73	ἐν
138	74	σώματι
138	75	φρόνησις
138	76	·
138	77	αὕτη
138	78	γάρ
138	79	ἐστιν
138	80	ἡ
138	81	βουλευομένη
138	82	περὶ
138	83	ἁπάντων
138	84	,
138	85	καὶ
138	86	τὰ
138	87	μὲν
138	88	ἀγαθὰ
138	89	διαφυλάττουσα
138	90	,
138	91	τὰς
138	92	δὲ
138	93	συμφορὰς
138	94	διαφεύγουσα
138	95	,
138	96	καὶ
138	97	πάντων
138	98	αἰτία
138	99	τῶν
138	100	ταῖς
138	101	πόλεσι
138	102	συμβαινόντων
138	103	.
139	1	ἃ
139	2	μαθὼν
139	3	ὁ
139	4	δῆμος
139	5	οὐκ
139	6	ἐπελάθετο
139	7	διὰ
139	8	τὴν
139	9	μεταβολήν
139	10	,
139	11	ἀλλὰ
139	12	μᾶλλον
139	13	τούτῳ
139	14	προσεῖχεν
139	15	ἢ
139	16	τοῖς
139	17	ἄλλοις
139	18	,
139	19	ὅπως
139	20	λήψεται
139	21	τοὺς
139	22	ἡγεμόνας
139	23	δημοκρατίας
139	24	μὲν
139	25	ἐπιθυμοῦντας
139	26	,
139	27	τὸ
139	28	δʼ
139	29	ἦθος
139	30	τοιοῦτον
139	31	ἔχοντας
139	32	οἷόν
139	33	περ
139	34	οἱ
139	35	πρότερον
139	36	ἐπιστατοῦντες
139	37	αὐτῶν
139	38	,
139	39	καὶ
139	40	μὴ
139	41	λήσουσι
139	42	σφᾶς
139	43	αὐτοὺς
139	44	κυρίους
139	45	ἁπάντων
139	46	τῶν
139	47	κοινῶν
139	48	καταστήσαντες
139	49	οἷς
139	50	οὐδεὶς
139	51	ἂν
139	52	οὐδὲν
139	53	τῶν
139	54	ἰδίων
139	55	ἐπιτρέψειεν
139	56	,
140	1	μη
140	2	δὲ
140	3	περιόψονται
140	4	πρὸς
140	5	τὰ
140	6	τῆς
140	7	πόλεως
140	8	προσιόντας
140	9	τοὺς
140	10	ὁμολογουμένως
140	11	ὄντας
140	12	πονηρούς
140	13	,
140	14	μηδʼ
140	15	ἀνέξονται
140	16	τὴν
140	17	φωνὴν
140	18	τῶν
140	19	τὰ
140	20	μὲν
140	21	σώματα
140	22	τὰ
140	23	σφέτερʼ
140	24	αὐτῶν
140	25	ἐπονειδίστως
140	26	διατιθεμένων
140	27	,
140	28	συμβουλεύειν
140	29	δὲ
140	30	τοῖς
140	31	ἄλλοις
140	32	ἀξιούντων
140	33	ὃν
140	34	τρόπον
140	35	τὴν
140	36	πόλιν
140	37	διοικοῦντες
140	38	σωφρονοῖεν
140	39	ἂν
140	40	καὶ
140	41	βέλτιον
140	42	πράττομεν
140	43	,
140	44	μη
140	45	δὲ
140	46	τῶν
140	47	ἃ
140	48	μὲν
140	49	παρὰ
140	50	τῶν
140	51	πατέρων
140	52	παρέλαβον
140	53	εἰς
140	54	αἰσχρὰς
140	55	ἡδονὰς
140	56	ἀνηλωκότων
140	57	,
140	58	ἐκ
140	59	δὲ
140	60	τῶν
140	61	κοινῶν
140	62	ταῖς
140	63	ἰδίαις
140	64	ἀπορίαις
140	65	βοηθεῖν
140	66	ζητούντων
140	67	,
140	68	μη
140	69	δὲ
140	70	τῶν
140	71	πρὸς
140	72	χάριν
140	73	μὲν
140	74	ἀεὶ
140	75	λέγειν
140	76	γλιχομένων
140	77	,
140	78	εἰς
140	79	πολλὰς
140	80	δʼ
140	81	ἀηδίας
140	82	καὶ
140	83	λύπας
140	84	τοὺς
140	85	πειθομένους
140	86	ἐμβαλλόντων
140	87	,
141	1	ἀλλὰ
141	2	τούς
141	3	τε
141	4	τοιούτους
141	5	ἅπαντας
141	6	ἀπείργειν
141	7	ἀπὸ
141	8	τοῦ
141	9	συμβουλεύειν
141	10	ἕκαστος
141	11	οἰήσεται
141	12	δεῖν
141	13	,
141	14	καὶ
141	15	πρὸς
141	16	τούτοις
141	17	ἐκείνους
141	18	,
141	19	τοὺς
141	20	τὰ
141	21	μὲν
141	22	τῶν
141	23	ἄλλων
141	24	κτήματα
141	25	τῆς
141	26	πόλεως
141	27	εἶναι
141	28	φάσκοντας
141	29	,
141	30	τὰ
141	31	δὲ
141	32	ταύτης
141	33	ἴδια
141	34	κλέπτειν
141	35	καὶ
141	36	διαρπάζειν
141	37	τολμῶντας
141	38	,
141	39	καὶ
141	40	φιλεῖν
141	41	μὲν
141	42	τὸν
141	43	δῆμον
141	44	προσποιουμένους
141	45	,
141	46	ὑπὸ
141	47	δὲ
141	48	τῶν
141	49	ἄλλων
141	50	ἁπάντων
141	51	αὐτὸν
141	52	μισεῖσθαι
141	53	ποιοῦντας
141	54	,
141	55	καὶ
141	56	λόγῳ
141	57	μὲν
141	58	δεδιότας
141	59	ὑπὲρ
141	60	τῶν
141	61	Ἑλλήνων
141	62	,
142	1	ἔργῳ
142	2	δὲ
142	3	λυμαινομένους
142	4	καὶ
142	5	συκοφαντοῦντας
142	6	καὶ
142	7	διατιθέντας
142	8	αὐτοὺς
142	9	οὕτω
142	10	πρὸς
142	11	ἡμᾶς
142	12	,
142	13	ὥστε
142	14	τῶν
142	15	πόλεων
142	16	τὰς
142	17	εἰς
142	18	τὸν
142	19	πόλεμον
142	20	καθισταμένας
142	21	ἥδιον
142	22	ἂν
142	23	καὶ
142	24	θᾶττον
142	25	ἐνίας
142	26	εἰσδέξασθαι
142	27	τοὺς
142	28	πολιορκοῦντας
142	29	ἢ
142	30	τὴν
142	31	παρʼ
142	32	ἡμῶν
142	33	βοήθειαν
142	34	.
142	35	ἀπείποι
142	36	δʼ
142	37	ἄν
142	38	τις
142	39	γράφων
142	40	,
142	41	εἰ
142	42	πάσας
142	43	τὰς
142	44	κακοηθείας
142	45	καὶ
142	46	πονηρίας
142	47	ἐξαριθμεῖν
142	48	ἐπιχειρήσειεν
142	49	.
143	1	ἃς
143	2	ἐκεῖνοι
143	3	μισήσαντες
143	4	καὶ
143	5	τοὺς
143	6	ἔχοντας
143	7	αὐτάς
143	8	,
143	9	ἐποιοῦντο
143	10	συμβούλους
143	11	καὶ
143	12	προστάτας
143	13	οὐ
143	14	τοὺς
143	15	τυχόντας
143	16	ἀλλὰ
143	17	τοὺς
143	18	βελτίστους
143	19	καὶ
143	20	φρονιμωτάτους
143	21	καὶ
143	22	κάλλιστα
143	23	βεβιωκότας
143	24	,
143	25	καὶ
143	26	τοὺς
143	27	αὐτοὺς
143	28	τούτους
143	29	στρατηγοὺς
143	30	ᾑροῦντο
143	31	καὶ
143	32	πρέσβεις
143	33	,
143	34	εἴ
143	35	που
143	36	δεήσειεν
143	37	,
143	38	ἔπεμπον
143	39	,
143	40	καὶ
143	41	πάσας
143	42	τὰς
143	43	ἡγεμονίας
143	44	τὰς
143	45	τῆς
143	46	πόλεως
143	47	αὐτοῖς
143	48	παρεδίδοσαν
143	49	,
143	50	νομίζοντες
143	51	τοὺς
143	52	ἐπὶ
143	53	τοῦ
143	54	βήματος
143	55	βουλομένους
143	56	καὶ
143	57	δυναμένους
143	58	τὰ
143	59	βέλτιστα
143	60	συμβουλεύειν
143	61	,
143	62	τούτους
143	63	καὶ
143	64	καθʼ
143	65	αὑτοὺς
143	66	γενομένους
143	67	ἐν
143	68	ἅπασι
143	69	τοῖς
143	70	τόποις
143	71	καὶ
143	72	περὶ
143	73	ἁπάσας
143	74	τὰς
143	75	πράξεις
143	76	τὴν
143	77	αὐτὴν
143	78	γνώμην
143	79	ἕξειν
143	80	·
143	81	ἅπερ
143	82	αὐτοῖς
143	83	συνέβαινεν
143	84	.
144	1	διὰ
144	2	γὰρ
144	3	τὸ
144	4	ταῦτα
144	5	γιγνώσκειν
144	6	ἐν
144	7	ὀλίγαις
144	8	ἡμέραις
144	9	ἑώρων
144	10	τούς
144	11	τε
144	12	νόμους
144	13	ἀναγεγραμμένους
144	14	,
144	15	οὐχ
144	16	ὁμοίους
144	17	τοῖς
144	18	νῦν
144	19	κειμένοις
144	20	,
144	21	οὐ
144	22	δὲ
144	23	τοσαύτης
144	24	ταραχῆς
144	25	καὶ
144	26	τοσούτων
144	27	ἐναντιώσεων
144	28	μεστοὺς
144	29	ὥστε
144	30	μηδέν
144	31	ἂν
144	32	δυνηθῆναι
144	33	συνιδεῖν
144	34	μή
144	35	τε
144	36	τοὺς
144	37	χρησίμους
144	38	μή
144	39	τε
144	40	τοὺς
144	41	ἀχρήστους
144	42	αὐτῶν
144	43	,
144	44	ἀλλὰ
144	45	πρῶτον
144	46	μὲν
144	47	ὀλίγους
144	48	,
144	49	ἱκανοὺς
144	50	δὲ
144	51	τοῖς
144	52	χρῆσθαι
144	53	μέλλουσι
144	54	καὶ
144	55	ῥᾳδίους
144	56	συνιδεῖν
144	57	,
144	58	ἔπειτα
144	59	δικαίους
144	60	καὶ
144	61	συμφέροντας
144	62	καὶ
144	63	σφίσιν
144	64	αὐτοῖς
144	65	ὁμολογουμένους
144	66	,
144	67	καὶ
144	68	μᾶλλον
144	69	ἐσπουδασμένους
144	70	τοὺς
144	71	περὶ
144	72	τῶν
144	73	κοινῶν
144	74	ἐπιτηδευμάτων
144	75	ἢ
144	76	τοὺς
144	77	περὶ
144	78	τῶν
144	79	ἰδίων
144	80	συμβολαίων
144	81	,
144	82	οἵους
144	83	περ
144	84	εἶναι
144	85	χρὴ
144	86	παρὰ
144	87	τοῖς
144	88	καλῶς
144	89	πολιτευομένοις
144	90	.
145	1	περὶ
145	2	δὲ
145	3	τοὺς
145	4	αὐτοὺς
145	5	χρόνους
145	6	καθίστασαν
145	7	ἐπὶ
145	8	τὰς
145	9	ἀρχὰς
145	10	τοὺς
145	11	προκριθέντας
145	12	ὑπὸ
145	13	τῶν
145	14	φυλετῶν
145	15	καὶ
145	16	δημοτῶν
145	17	,
145	18	οὐ
145	19	περιμαχήτους
145	20	αὐτὰς
145	21	ποιήσαντες
145	22	οὐ
145	23	δ’
145	24	ἐπιθυμίας
145	25	ἀξίας
145	26	,
145	27	ἀλλὰ
145	28	πολὺ
145	29	μᾶλλον
145	30	λειτουργίαις
145	31	ὁμοίας
145	32	ταῖς
145	33	ἐνοχλούσαις
145	34	μὲν
145	35	οἷς
145	36	ἂν
145	37	προσταχθῶσι
145	38	,
145	39	τιμὴν
145	40	δέ
145	41	τινα
145	42	περιτιθείσαις
145	43	αὐτοῖς
145	44	·
145	45	ἔδει
145	46	γὰρ
145	47	τοὺς
145	48	ἄρχειν
145	49	αἱρεθέντας
145	50	τῶν
145	51	τε
145	52	κτημάτων
145	53	τῶν
145	54	ἰδίων
145	55	ἀμελεῖν
145	56	,
145	57	καὶ
145	58	τῶν
145	59	λημμάτων
145	60	τῶν
145	61	εἰθισμένων
145	62	δίδοσθαι
145	63	ταῖς
145	64	ἀρχαῖς
145	65	ἀπέχεσθαι
145	66	μηδὲν
145	67	ἧττον
145	68	ἢ
145	69	τῶν
145	70	ἱερῶν
145	71	ʽἃ
145	72	τίς
145	73	ἂν
145	74	ἐν
145	75	τοῖς
145	76	νῦν
145	77	καθεστῶσιν
145	78	ὑπομείνειεν;ʼ
145	79	,
146	1	καὶ
146	2	τοὺς
146	3	μὲν
146	4	ἀκριβεῖς
146	5	περὶ
146	6	ταύτας
146	7	γιγνομένους
146	8	μετρίως
146	9	ἐπαινεθέντας
146	10	ἐφʼ
146	11	ἑτέραν
146	12	ἐπιμέλειαν
146	13	τάττεσθαι
146	14	τοιαύτην
146	15	,
146	16	τοὺς
146	17	δὲ
146	18	καὶ
146	19	μικρὸν
146	20	παραβάντας
146	21	ταῖς
146	22	ἐσχάταις
146	23	αἰσχύναις
146	24	καὶ
146	25	μεγίσταις
146	26	ζημίαις
146	27	περιπίπτειν
146	28	·
146	29	ὥστε
146	30	μηδένα
146	31	τῶν
146	32	πολιτῶν
146	33	ὥσπερ
146	34	νῦν
146	35	διακεῖσθαι
146	36	πρὸς
146	37	τὰς
146	38	ἀρχάς
146	39	,
146	40	ἀλλὰ
146	41	μᾶλλον
146	42	τότε
146	43	ταύτας
146	44	φεύγειν
146	45	ἢ
146	46	νῦν
146	47	διώκειν
146	48	,
147	1	καὶ
147	2	πάντας
147	3	νομίζειν
147	4	μηδέποτʼ
147	5	ἂν
147	6	γενέσθαι
147	7	δημοκρατίαν
147	8	ἀληθεστέραν
147	9	μη
147	10	δὲ
147	11	βεβαιοτέραν
147	12	μη
147	13	δὲ
147	14	μᾶλλον
147	15	τῷ
147	16	πλήθει
147	17	συμφέρουσαν
147	18	τῆς
147	19	τῶν
147	20	μὲν
147	21	τοιούτων
147	22	πραγματειῶν
147	23	ἀτέλειαν
147	24	τῷ
147	25	δήμῳ
147	26	διδούσης
147	27	,
147	28	τοῦ
147	29	δὲ
147	30	τὰς
147	31	ἀρχὰς
147	32	καταστῆσαι
147	33	καὶ
147	34	λαβεῖν
147	35	δίκην
147	36	παρὰ
147	37	τῶν
147	38	ἐξαμαρτόντων
147	39	κύριον
147	40	ποιούσης
147	41	,
147	42	ἅπερ
147	43	ὑπάρχει
147	44	καὶ
147	45	τῶν
147	46	τυράννων
147	47	τοῖς
147	48	εὐδαιμονεστάτοις
147	49	.
148	1	σημεῖον
148	2	δὲ
148	3	μέγιστον
148	4	ὅτι
148	5	ταῦτʼ
148	6	ἠγάπων
148	7	μᾶλλον
148	8	ἢ
148	9	ʼγὼ
148	10	λέγω
148	11	·
148	12	φαίνεται
148	13	γὰρ
148	14	ὁ
148	15	δῆμος
148	16	ταῖς
148	17	μὲν
148	18	ἄλλαις
148	19	πολιτείαις
148	20	ταῖς
148	21	οὐκ
148	22	ἀρεσκούσαις
148	23	μαχόμενος
148	24	καὶ
148	25	καταλύων
148	26	καὶ
148	27	τοὺς
148	28	προεστῶτας
148	29	αὐτῶν
148	30	ἀποκτείνων
148	31	,
148	32	ταύτῃ
148	33	δὲ
148	34	χρώμενος
148	35	οὐκ
148	36	ἐλάττω
148	37	χιλίων
148	38	ἐτῶν
148	39	,
148	40	ἀλλʼ
148	41	ἐμμείνας
148	42	ἀφʼ
148	43	οὗ
148	44	περ
148	45	ἔλαβε
148	46	μέχρι
148	47	τῆς
148	48	Σόλωνος
148	49	μὲν
148	50	ἡλικίας
148	51	Πεισιστράτου
148	52	δὲ
148	53	δυναστείας
148	54	,
148	55	ὃς
148	56	δημαγωγὸς
148	57	γενόμενος
148	58	καὶ
148	59	πολλὰ
148	60	τὴν
148	61	πόλιν
148	62	λυμηνάμενος
148	63	καὶ
148	64	τοὺς
148	65	βελτίστους
148	66	τῶν
148	67	πολιτῶν
148	68	ὡς
148	69	ὀλιγαρχικοὺς
148	70	ὄντας
148	71	ἐκβαλών
148	72	,
148	73	τελευτῶν
148	74	τόν
148	75	τε
148	76	δῆμον
148	77	κατέλυσε
148	78	καὶ
148	79	τύραννον
148	80	αὑτὸν
148	81	κατέστησεν
148	82	.
149	1	τάχʼ
149	2	οὖν
149	3	ἄν
149	4	τινες
149	5	ἄτοπον
149	6	εἶναί
149	7	με
149	8	φήσειαν
149	9	,
149	10	οὐδὲν
149	11	γὰρ
149	12	κωλύει
149	13	διαλαβεῖν
149	14	τὸν
149	15	λόγον
149	16	,
149	17	ὅτι
149	18	τολμῶ
149	19	λέγειν
149	20	ὡς
149	21	ἀκριβῶς
149	22	εἰδὼς
149	23	περὶ
149	24	πραγμάτων
149	25	οἷς
149	26	οὐ
149	27	παρῆν
149	28	πραττομένοις
149	29	.
149	30	ἐγὼ
149	31	δʼ
149	32	οὐδὲν
149	33	τούτων
149	34	ἄλογον
149	35	οἶμαι
149	36	ποιεῖν
149	37	.
149	38	εἰ
149	39	μὲν
149	40	γὰρ
149	41	μόνος
149	42	ἐπίστευον
149	43	τοῖς
149	44	τε
149	45	λεγομένοις
149	46	περὶ
149	47	τῶν
149	48	παλαιῶν
149	49	καὶ
149	50	τοῖς
149	51	γράμμασι
149	52	τοῖς
149	53	ἐξ
149	54	ἐκείνου
149	55	τοῦ
149	56	χρόνου
149	57	παραδεδομένοις
149	58	ἡμῖν
149	59	,
149	60	εἰκότως
149	61	ἂν
149	62	ἐπιτιμῴμην
149	63	·
149	64	νῦν
149	65	δὲ
149	66	πολλοὶ
149	67	καὶ
149	68	νοῦν
149	69	ἔχοντες
149	70	τ
149	71	αὐτὸν
149	72	ἐμοὶ
149	73	φανεῖεν
149	74	ἂν
149	75	πεπονθότες
149	76	.
149	77	χωρὶς
149	78	δὲ
149	79	τούτων
149	80	,
150	1	εἰ
150	2	κατασταίην
150	3	εἰς
150	4	ἔλεγχον
150	5	καὶ
150	6	λόγον
150	7	,
150	8	δυνηθείην
150	9	ἂν
150	10	ἐπιδεῖξαι
150	11	πάντας
150	12	ἀνθρώπους
150	13	πλείους
150	14	ἐπιστήμας
150	15	ἔχοντας
150	16	διὰ
150	17	τῆς
150	18	ἀκοῆς
150	19	ἢ
150	20	τῆς
150	21	ὄψεως
150	22	,
150	23	καὶ
150	24	μείζους
150	25	πράξεις
150	26	καὶ
150	27	καλλίους
150	28	εἰδότας
150	29	ἃς
150	30	παρʼ
150	31	ἑτέρων
150	32	ἀκηκόασιν
150	33	ἢ
150	34	ʼκείνας
150	35	αἷς
150	36	αὐτοὶ
150	37	παραγεγενημένοι
150	38	τυγχάνουσιν
150	39	.
150	40	ἀλλὰ
150	41	γὰρ
150	42	οὔ
150	43	τ’
150	44	ἀμελεῖν
150	45	καλῶς
150	46	ἔχει
150	47	τῶν
150	48	τοιούτων
150	49	ὑπολήψεων
150	50	,
150	51	τυχὸν
150	52	γὰρ
150	53	μηδενὸς
150	54	ἀντειπόντος
150	55	λυμήναιντʼ
150	56	ἂν
150	57	τὴν
150	58	ἀλήθειαν
150	59	,
150	60	οὔ
150	61	τ’
150	62	αὖ
150	63	πολὺν
150	64	χρόνον
150	65	ἀντιλέγοντας
150	66	διατρίβειν
150	67	ἐν
150	68	αὐταῖς
150	69	,
150	70	ἀλλʼ
150	71	ὅσον
150	72	ὑποδείξαντας
150	73	μόνον
150	74	τοῖς
150	75	ἄλλοις
150	76	ἐξ
150	77	ὧν
150	78	ληροῦντας
150	79	ἂν
150	80	αὐτοὺς
150	81	ἐπιδείξαιεν
150	82	,
150	83	πάλιν
150	84	ἐπανελθόντας
150	85	περαίνειν
150	86	καὶ
150	87	λέγειν
150	88	ὅθεν
150	89	ἀπέλιπον
150	90	·
150	91	ὅπερ
150	92	ἐγὼ
150	93	ποιήσω
150	94	.
151	1	τὸ
151	2	μὲν
151	3	οὖν
151	4	σύνταγμα
151	5	τῆς
151	6	τότε
151	7	πολιτείας
151	8	,
151	9	καὶ
151	10	τὸν
151	11	χρόνον
151	12	ὅσον
151	13	αὐτῇ
151	14	χρώμενοι
151	15	διετέλεσαν
151	16	,
151	17	ἐξαρκούντως
151	18	δεδηλώκαμεν
151	19	·
151	20	λοιπὸν
151	21	δʼ
151	22	ἡμῖν
151	23	τὰς
151	24	πράξεις
151	25	τὰς
151	26	ἐκ
151	27	τοῦ
151	28	καλῶς
151	29	πολιτεύεσθαι
151	30	γεγενημένας
151	31	διελθεῖν
151	32	.
151	33	ἐκ
151	34	τούτων
151	35	γὰρ
151	36	ἔτι
151	37	μᾶλλον
151	38	ἔσται
151	39	καταμαθεῖν
151	40	ὅτι
151	41	καὶ
151	42	τὴν
151	43	πολιτείαν
151	44	εἶχον
151	45	ἡμῶν
151	46	οἱ
151	47	πρόγονοι
151	48	βελτίω
151	49	τῶν
151	50	ἄλλων
151	51	καὶ
151	52	σωφρονεστέραν
151	53	,
151	54	καὶ
151	55	προστάταις
151	56	καὶ
151	57	συμβούλοις
151	58	ἐχρῶντο
151	59	τοιούτοις
151	60	οἵοις
151	61	χρὴ
151	62	τοὺς
151	63	εὖ
151	64	φρονοῦντας
151	65	.
152	1	οὐ
152	2	μὴν
152	3	οὐ
152	4	δὲ
152	5	ταῦτά
152	6	μοι
152	7	πρότερον
152	8	λεκτέον
152	9	ἐστί
152	10	,
152	11	πρὶν
152	12	ἂν
152	13	μικρὰ
152	14	προείπω
152	15	περὶ
152	16	αὐτῶν
152	17	.
152	18	ἢν
152	19	γὰρ
152	20	ὑπεριδὼν
152	21	τὰς
152	22	ἐπιτιμήσεις
152	23	τὰς
152	24	τῶν
152	25	οὐδὲν
152	26	ἄλλο
152	27	ποιεῖν
152	28	ἢ
152	29	τοῦτο
152	30	δυναμένων
152	31	ἐφεξῆς
152	32	διηγῶμαι
152	33	περί
152	34	τε
152	35	τῶν
152	36	ἄλλων
152	37	τῶν
152	38	πεπραγμένων
152	39	καὶ
152	40	τῶν
152	41	ἐπιτηδευμάτων
152	42	τῶν
152	43	περὶ
152	44	τὸν
152	45	πόλεμον
152	46	,
152	47	οἷς
152	48	οἱ
152	49	πρόγονοι
152	50	χρώμενοι
152	51	τῶν
152	52	τε
152	53	βαρβάρων
152	54	περιεγένοντο
152	55	καὶ
152	56	παρὰ
152	57	τοῖς
152	58	Ἕλλησιν
152	59	εὐδοκίμησαν
152	60	,
152	61	οὐκ
152	62	ἔστιν
152	63	ὅπως
152	64	οὐ
152	65	φήσουσί
152	66	τινές
152	67	με
152	68	διεξιέναι
152	69	τοὺς
152	70	νόμους
152	71	οὓς
152	72	Λυκοῦργος
152	73	μὲν
152	74	ἔθηκε
152	75	,
152	76	Σπαρτιᾶται
152	77	δʼ
152	78	αὐτοῖς
152	79	χρώμενοι
152	80	τυγχάνουσιν
152	81	.
153	1	ἐγὼ
153	2	δʼ
153	3	ὁμολογῶ
153	4	μὲν
153	5	ἐρεῖν
153	6	πολλὰ
153	7	τῶν
153	8	ἐκεῖ
153	9	καθεστώτων
153	10	,
153	11	οὐχ
153	12	ὡς
153	13	Λυκούργου
153	14	τι
153	15	τούτων
153	16	εὑρόντος
153	17	ἢ
153	18	διανοηθέντος
153	19	,
153	20	ἀλλʼ
153	21	ὡς
153	22	μιμησαμένου
153	23	τὴν
153	24	διοίκησιν
153	25	ὡς
153	26	δυνατὸν
153	27	ἄριστα
153	28	τὴν
153	29	τῶν
153	30	προγόνων
153	31	τῶν
153	32	ἡμετέρων
153	33	,
153	34	καὶ
153	35	τήν
153	36	τε
153	37	δημοκρατίαν
153	38	καταστήσαντος
153	39	παρʼ
153	40	αὐτοῖς
153	41	τὴν
153	42	ἀριστοκρατίᾳ
153	43	μεμιγμένην
153	44	,
153	45	ἥπερ
153	46	ἦν
153	47	παρʼ
153	48	ἡμῖν
153	49	,
153	50	καὶ
153	51	τὰς
153	52	ἀρχὰς
153	53	οὐ
153	54	κληρωτὰς
153	55	ἀλλʼ
153	56	αἱρετὰς
153	57	ποιήσαντος
153	58	,
154	1	καὶ
154	2	τῶν
154	3	γερόντων
154	4	αἵρεσιν
154	5	τῶν
154	6	ἐπιστατούντων
154	7	ἅπασι
154	8	τοῖς
154	9	πράγμασι
154	10	μετὰ
154	11	τοσαύτης
154	12	σπουδῆς
154	13	ποιεῖσθαι
154	14	νομοθετήσαντος
154	15	,
154	16	μεθʼ
154	17	ὅσης
154	18	πέρ
154	19	φασι
154	20	καὶ
154	21	τοὺς
154	22	ἡμετέρους
154	23	περὶ
154	24	τῶν
154	25	εἰς
154	26	Ἄρειον
154	27	πάγον
154	28	ἀναβήσεσθαι
154	29	μελλόντων
154	30	,
154	31	ἔτι
154	32	δὲ
154	33	καὶ
154	34	τὴν
154	35	δύναμιν
154	36	αὐτοῖς
154	37	περιθέντος
154	38	τὴν
154	39	αὐτήν
154	40	,
154	41	ἥνπερ
154	42	ᾔδει
154	43	καὶ
154	44	τὴν
154	45	βουλὴν
154	46	ἔχουσαν
154	47	τὴν
154	48	παρʼ
154	49	ἡμῖν
154	50	.
155	1	ὅτι
155	2	μὲν
155	3	οὖν
155	4	τὸν
155	5	αὐτὸν
155	6	τρόπον
155	7	τ
155	8	ἀκεῖ
155	9	καθέστηκεν
155	10	ὥσπερ
155	11	εἶχε
155	12	τὸ
155	13	παλαιὸν
155	14	καὶ
155	15	τὰ
155	16	παρʼ
155	17	ἡμῖν
155	18	,
155	19	παρὰ
155	20	πολλῶν
155	21	ἔσται
155	22	πυθέσθαι
155	23	τοῖς
155	24	εἰδέναι
155	25	βουλομένοις
155	26	·
155	27	ὡς
155	28	δὲ
155	29	καὶ
155	30	τὴν
155	31	ἐμπειρίαν
155	32	τὴν
155	33	περὶ
155	34	τὸν
155	35	πόλεμον
155	36	οὐ
155	37	πρότερον
155	38	ἤσκησαν
155	39	οὐ
155	40	δ’
155	41	ἄμεινον
155	42	ἐχρήσαντο
155	43	Σπαρτιᾶται
155	44	τῶν
155	45	ἡμετέρων
155	46	,
155	47	ἐκ
155	48	τῶν
155	49	ἀγώνων
155	50	καὶ
155	51	τῶν
155	52	πολέμων
155	53	τῶν
155	54	ὁμολογουμένων
155	55	γενέσθαι
155	56	κατʼ
155	57	ἐκεῖνοι
155	58	τὸν
155	59	χρόνον
155	60	οὕτως
155	61	οἶμαι
155	62	σαφῶς
155	63	ἐπιδείξειν
155	64	,
155	65	ὥστε
155	66	μή
155	67	τε
155	68	τοὺς
155	69	ἀνοήτως
155	70	λακωνίζοντας
155	71	ἀντειπεῖν
155	72	δυνήσεσθαι
155	73	τοῖς
155	74	ῥηθεῖσι
155	75	,
155	76	μή
155	77	τε
155	78	τοὺς
155	79	τὰ
155	80	ἡμέτερα
155	81	ἅμα
155	82	τε
155	83	θαυμάζοντας
155	84	καὶ
155	85	βασκαίνοντας
155	86	καὶ
155	87	μιμεῖσθαι
155	88	γλιχομένους
155	89	.
156	1	ποιήσομαι
156	2	δὲ
156	3	τὴν
156	4	ἀρχὴν
156	5	τῶν
156	6	λεχθησομένων
156	7	ἀκοῦσαι
156	8	μὲν
156	9	ἴσως
156	10	τισὶν
156	11	ἀηδῆ
156	12	,
156	13	ῥηθῆναι
156	14	δʼ
156	15	οὐκ
156	16	ἀσύμφορον
156	17	.
156	18	εἰ
156	19	γάρ
156	20	τις
156	21	φαίη
156	22	τὼ
156	23	πόλεε
156	24	τούτω
156	25	πλείστων
156	26	ἀγαθῶν
156	27	αἰτίας
156	28	γεγενῆσθαι
156	29	τοῖς
156	30	Ἕλλησι
156	31	καὶ
156	32	μεγίστων
156	33	κακῶν
156	34	μετὰ
156	35	τὴν
156	36	Ξέρξου
156	37	στρατείαν
156	38	,
156	39	οὐκ
156	40	ἔστιν
156	41	ὅπως
156	42	οὐκ
156	43	ἀληθῆ
156	44	δόξειεν
156	45	ἂν
156	46	λέγειν
156	47	τοῖς
156	48	εἰδόσι
156	49	τι
156	50	περὶ
156	51	τῶν
156	52	τότε
156	53	γεγενημένων
156	54	.
157	1	ἠγωνίσαντό
157	2	τε
157	3	γὰρ
157	4	ὡς
157	5	δυνατὸν
157	6	ἄριστα
157	7	πρὸς
157	8	τὴν
157	9	ἐκείνου
157	10	δύναμιν
157	11	,
157	12	ταῦτά
157	13	τε
157	14	πράξασαι
157	15	,
157	16	προσῆκον
157	17	αὐταῖς
157	18	καὶ
157	19	περὶ
157	20	τῶν
157	21	ἐχομένων
157	22	βουλεύσασθαι
157	23	καλῶς
157	24	,
157	25	εἰς
157	26	τοῦτʼ
157	27	ἦλθον
157	28	οὐκ
157	29	ἀνοίας
157	30	ἀλλὰ
157	31	μανίας
157	32	,
157	33	ὥστε
157	34	πρὸς
157	35	μὲν
157	36	τὸν
157	37	ἐπιστρατεύσαντα
157	38	καὶ
157	39	βουληθέντα
157	40	τὼ
157	41	μὲν
157	42	πόλεε
157	43	τούτω
157	44	παντάπασιν
157	45	ἀνελεῖν
157	46	,
157	47	τοὺς
157	48	δʼ
157	49	ἄλλους
157	50	Ἕλληνας
157	51	καταδουλώσασθαι
157	52	,
158	1	πρὸς
158	2	μὲν
158	3	τὸν
158	4	τοιοῦτον
158	5	,
158	6	κρατήσασαι
158	7	ῥᾳδίως
158	8	ἂν
158	9	αὐτοῦ
158	10	καὶ
158	11	κατὰ
158	12	γῆν
158	13	καὶ
158	14	κατὰ
158	15	θάλατταν
158	16	,
158	17	εἰρήνην
158	18	εἰς
158	19	ἅπαντα
158	20	συνεγράψαντο
158	21	τὸν
158	22	χρόνον
158	23	ὥσπερ
158	24	πρὸς
158	25	εὐεργέτην
158	26	γεγενημένον
158	27	,
158	28	φθονήσασαι
158	29	δὲ
158	30	ταῖς
158	31	ἀρεταῖς
158	32	ταῖς
158	33	αὑτῶν
158	34	,
158	35	εἰς
158	36	πόλεμον
158	37	καταστᾶσαι
158	38	πρὸς
158	39	ἀλλήλας
158	40	καὶ
158	41	φιλονεικίαν
158	42	,
158	43	οὐ
158	44	πρότερον
158	45	ἐπαύσαντο
158	46	σφᾶς
158	47	τε
158	48	αὐτὰς
158	49	ἀπολλύουσαι
158	50	καὶ
158	51	τοὺς
158	52	ἄλλους
158	53	Ἕλληνας
158	54	,
158	55	πρὶν
158	56	κύριον
158	57	ἐποίησαν
158	58	τὸν
158	59	κοινὸν
158	60	ἐχθρὸν
158	61	τὴν
158	62	τε
158	63	πόλιν
158	64	τὴν
158	65	ἡμετέραν
158	66	εἰς
158	67	τοὺς
158	68	ἐσχάτους
158	69	καταστῆσαι
158	70	κινδύνους
158	71	διὰ
158	72	τῆς
158	73	δυνάμεως
158	74	τῆς
158	75	Λακεδαιμονίων
158	76	,
158	77	καὶ
158	78	πάλιν
158	79	τὴν
158	80	ἐκείνων
158	81	διὰ
158	82	τῆς
158	83	πόλεως
158	84	τῆς
158	85	ἡμετέρας
158	86	.
159	1	καὶ
159	2	τοσοῦτον
159	3	ἀπολειφθέντες
159	4	τῆς
159	5	τοῦ
159	6	βαρβάρου
159	7	φρονήσεως
159	8	,
159	9	οὔ
159	10	τ’
159	11	ἐν
159	12	ἐκείνοις
159	13	τοῖς
159	14	χρόνοις
159	15	ἤλγησαν
159	16	ἀξίως
159	17	ὧν
159	18	ἔπαθον
159	19	οὐ
159	20	δ’
159	21	ὡς
159	22	προσῆκεν
159	23	αὐτούς
159	24	,
159	25	οὔ
159	26	τε
159	27	νῦν
159	28	αἱ
159	29	μέγισται
159	30	τῶν
159	31	Ἑλληνίδων
159	32	πόλεων
159	33	αἰσχύνονται
159	34	διακολακευόμεναι
159	35	πρὸς
159	36	τὸν
159	37	ἐκείνου
159	38	πλοῦτον
159	39	,
159	40	ἀλλʼ
159	41	ἡ
159	42	μὲν
159	43	Ἀργείων
159	44	καὶ
159	45	Θηβαίων
159	46	Αἴγυπτον
159	47	αὐτῷ
159	48	συγκατεπολέμησεν
159	49	,
159	50	ἵνʼ
159	51	ὡς
159	52	μεγίστην
159	53	ἔχων
159	54	δύναμιν
159	55	ἐπιβουλεύῃ
159	56	τοῖς
159	57	Ἕλλησιν
159	58	,
159	59	ἡμεῖς
159	60	δὲ
159	61	καὶ
159	62	Σπαρτιᾶται
159	63	,
159	64	συμμαχίας
159	65	ἡμῖν
159	66	ὑπαρχούσης
159	67	,
159	68	ἀλλοτριώτερον
159	69	ἔχομεν
159	70	πρὸς
159	71	ἡμᾶς
159	72	αὐτοὺς
159	73	ἢ
159	74	πρὸς
159	75	οὓς
159	76	ἑκάτεροι
159	77	πολεμοῦντες
159	78	τυγχάνομεν
159	79	.
160	1	σημεῖον
160	2	δʼ
160	3	οὐ
160	4	μικρόν
160	5	·
160	6	κοινῇ
160	7	μὲν
160	8	γὰρ
160	9	οὐ
160	10	δὲ
160	11	περὶ
160	12	ἑνὸς
160	13	πράγματος
160	14	βουλευόμεθα
160	15	,
160	16	χωρὶς
160	17	δʼ
160	18	ἑκάτεροι
160	19	πρέσβεις
160	20	πέμπομεν
160	21	ὡς
160	22	ἐκεῖνον
160	23	,
160	24	ἐλπίζοντες
160	25	,
160	26	ὁποτέροις
160	27	ἂν
160	28	οἰκειότερον
160	29	διατεθῇ
160	30	,
160	31	κυρίους
160	32	τούτους
160	33	γενήσεσθαι
160	34	τῆς
160	35	ἐν
160	36	τοῖς
160	37	Ἕλλησι
160	38	πλεονεξίας
160	39	,
160	40	κακῶς
160	41	εἰδότες
160	42	ὡς
160	43	τοὺς
160	44	μὲν
160	45	θεραπεύοντας
160	46	αὑτὸν
160	47	ὑβρίζειν
160	48	εἴθισται
160	49	,
160	50	πρὸς
160	51	δὲ
160	52	τοὺς
160	53	ἀντιταττομένους
160	54	καὶ
160	55	καταφρονοῦντας
160	56	τῆς
160	57	ἐκείνου
160	58	δυνάμεως
160	59	ἐκ
160	60	παντὸς
160	61	τρόπου
160	62	διαλύεσθαι
160	63	πειρᾶται
160	64	τὰς
160	65	διαφοράς
160	66	.
161	1	ταῦτα
161	2	δὲ
161	3	διῆλθον
161	4	οὐκ
161	5	ἀγνοῶν
161	6	ὅτι
161	7	λέγειν
161	8	τινὲς
161	9	τολμήσουσιν
161	10	ὡς
161	11	ἔξω
161	12	τῆς
161	13	ὑποθέσεως
161	14	τοῖς
161	15	λόγοις
161	16	τούτοις
161	17	ἐχρησάμην
161	18	.
161	19	ἐγὼ
161	20	δʼ
161	21	οὐδέποτʼ
161	22	ἂν
161	23	οἶμαι
161	24	τοῖς
161	25	προειρημένοις
161	26	οἰκειοτέρους
161	27	λόγους
161	28	ῥηθῆναι
161	29	τούτων
161	30	,
161	31	οὐ
161	32	δ’
161	33	ἐξ
161	34	ὧν
161	35	ἄν
161	36	τις
161	37	σαφέστερον
161	38	ἐπιδείξειε
161	39	τοὺς
161	40	προγόνους
161	41	ἡμῶν
161	42	φρονιμωτέρους
161	43	ὄντας
161	44	περὶ
161	45	τὰ
161	46	μέγιστα
161	47	τῶν
161	48	τήν
161	49	τε
161	50	πόλιν
161	51	τὴν
161	52	ἡμετέραν
161	53	καὶ
161	54	τὴν
161	55	Σπαρτιατῶν
161	56	μετὰ
161	57	τὸν
161	58	πόλεμον
161	59	τὸν
161	60	πρὸς
161	61	Ξέρξην
161	62	διοικησάντων
161	63	.
162	1	αὗται
162	2	μὲν
162	3	γὰρ
162	4	ἂν
162	5	φανεῖεν
162	6	ἐν
162	7	ἐκείνοις
162	8	τε
162	9	τοῖς
162	10	χρόνοις
162	11	πρὸς
162	12	μὲν
162	13	τοὺς
162	14	βαρβάρους
162	15	εἰρήνην
162	16	ποιησάμεναι
162	17	,
162	18	σφᾶς
162	19	δʼ
162	20	αὐτὰς
162	21	καὶ
162	22	τὰς
162	23	ἄλλας
162	24	πόλεις
162	25	ἀπολλύουσαι
162	26	νῦν
162	27	τε
162	28	τῶν
162	29	μὲν
162	30	Ἑλλήνων
162	31	ἄρχειν
162	32	ἀξιοῦσαι
162	33	,
162	34	πρὸς
162	35	δὲ
162	36	τὸν
162	37	βασιλέα
162	38	πρέσβεις
162	39	πέμπουσαι
162	40	περὶ
162	41	φιλίας
162	42	καὶ
162	43	συμμαχίας
162	44	·
162	45	οἱ
162	46	δὲ
162	47	τότε
162	48	τὴν
162	49	πόλιν
162	50	οἰκοῦντες
162	51	οὐδὲν
162	52	τούτων
162	53	ἔπραττον
162	54	,
163	1	ἀλλὰ
163	2	πᾶν
163	3	τ
163	4	οὐναντίον
163	5	·
163	6	τῶν
163	7	μὲν
163	8	γὰρ
163	9	Ἑλληνίδων
163	10	πόλεων
163	11	οὕτως
163	12	αὐτοῖς
163	13	ἀπέχεσθαι
163	14	σφόδρα
163	15	δεδογμένον
163	16	ἦν
163	17	ὥσπερ
163	18	τοῖς
163	19	εὐσεβέσι
163	20	τῶν
163	21	ἐν
163	22	τοῖς
163	23	ἱεροῖς
163	24	ἀνακειμένων
163	25	,
163	26	τῶν
163	27	δὲ
163	28	πολέμων
163	29	ὑπελάμβανον
163	30	ἀναγκαιότατον
163	31	μὲν
163	32	εἶναι
163	33	καὶ
163	34	δικαιότατον
163	35	τὸν
163	36	μετὰ
163	37	πάντων
163	38	ἀνθρώπων
163	39	πρὸς
163	40	τὴν
163	41	ἀγριότητα
163	42	τῶν
163	43	θηρίων
163	44	γιγνόμενον
163	45	,
163	46	δεύτερον
163	47	δὲ
163	48	τὸν
163	49	μετὰ
163	50	τῶν
163	51	Ἑλλήνων
163	52	πρὸς
163	53	τοὺς
163	54	βαρβάρους
163	55	τοὺς
163	56	καὶ
163	57	φύσει
163	58	πολεμίους
163	59	ὄντας
163	60	καὶ
163	61	πάντα
163	62	τὸν
163	63	χρόνον
163	64	ἐπιβουλεύοντας
163	65	ἡμῖν
163	66	.
164	1	τοῦτον
164	2	δʼ
164	3	εἴρηκα
164	4	τὸν
164	5	λόγον
164	6	οὐκ
164	7	αὐτὸς
164	8	εὑρών
164	9	,
164	10	ἀλλʼ
164	11	ἐκ
164	12	τῶν
164	13	ἐκείνοις
164	14	πεπραγμένων
164	15	συλλογισάμενος
164	16	.
164	17	ὁρῶντες
164	18	γὰρ
164	19	τὰς
164	20	μὲν
164	21	ἄλλας
164	22	πόλεις
164	23	ἐν
164	24	πολλοῖς
164	25	κακοῖς
164	26	καὶ
164	27	πολέμοις
164	28	καὶ
164	29	ταραχαῖς
164	30	οὔσας
164	31	,
164	32	τὴν
164	33	δʼ
164	34	αὑτῶν
164	35	μόνην
164	36	καλῶς
164	37	διοικουμένην
164	38	,
164	39	οὐχ
164	40	ἡγήσαντο
164	41	δεῖν
164	42	τοὺς
164	43	ἄμεινον
164	44	τῶν
164	45	ἄλλων
164	46	φρονοῦντας
164	47	καὶ
164	48	πράττοντας
164	49	ἀμελεῖν
164	50	οὐ
164	51	δὲ
164	52	περιορᾶν
164	53	τὰς
164	54	τῆς
164	55	αὐτῆς
164	56	συγγενείας
164	57	μετεχούσας
164	58	ἀπολλυμένας
164	59	,
164	60	ἀλλὰ
164	61	σκεπτέον
164	62	εἶναι
164	63	καὶ
164	64	πρακτέον
164	65	ὅπως
164	66	ἁπάσας
164	67	ἀπαλλάξουσι
164	68	τῶν
164	69	κακῶν
164	70	τῶν
164	71	παρόντων
164	72	.
165	1	ταῦτα
165	2	δὲ
165	3	διανοηθέντες
165	4	τῶν
165	5	μὲν
165	6	ἧττον
165	7	νοσουσῶν
165	8	πρεσβείαις
165	9	καὶ
165	10	λόγοις
165	11	ἐξαιρεῖν
165	12	ἐπειρῶντο
165	13	τὰς
165	14	διαφοράς
165	15	,
165	16	εἰς
165	17	δὲ
165	18	τὰς
165	19	μᾶλλον
165	20	στασιαζούσας
165	21	ἐξέπεμπον
165	22	τῶν
165	23	πολιτῶν
165	24	τοὺς
165	25	μεγίστην
165	26	παρʼ
165	27	αὐτοῖς
165	28	δόξαν
165	29	ἔχοντας
165	30	,
165	31	οἳ
165	32	περί
165	33	τε
165	34	τῶν
165	35	παρόντων
165	36	πραγμάτων
165	37	αὐταῖς
165	38	συνεβούλευον
165	39	καὶ
165	40	συγγιγνόμενοι
165	41	τοῖς
165	42	τε
165	43	μὴ
165	44	δυναμένοις
165	45	ἐν
165	46	ταῖς
165	47	αὑτῶν
165	48	ζῆν
165	49	καὶ
165	50	τοῖς
165	51	χεῖρον
165	52	γεγονόσιν
165	53	ὧν
165	54	οἱ
165	55	νόμοι
165	56	προστάττουσιν
165	57	,
165	58	οἵπερ
165	59	ὡς
165	60	ἐπὶ
165	61	τὸ
165	62	πολὺ
165	63	λυμαίνονται
165	64	τὰς
165	65	πόλεις
165	66	,
165	67	ἔπειθον
165	68	μεθʼ
165	69	αὑτῶν
165	70	στρατεύεσθαι
165	71	καὶ
165	72	βίον
165	73	ζητεῖν
165	74	βελτίω
165	75	τοῦ
165	76	παρόντος
165	77	.
166	1	πολλῶν
166	2	δὲ
166	3	γιγνομένων
166	4	τῶν
166	5	ταῦτα
166	6	βουλομένων
166	7	καὶ
166	8	πειθομένων
166	9	,
166	10	στρατόπεδα
166	11	συνιστάντες
166	12	ἐξ
166	13	αὐτῶν
166	14	,
166	15	τούς
166	16	τε
166	17	τὰς
166	18	νήσους
166	19	κατέχοντας
166	20	τῶν
166	21	βαρβάρων
166	22	καὶ
166	23	τοὺς
166	24	ἐφʼ
166	25	ἑκατέρας
166	26	τῆς
166	27	ἠπείρου
166	28	τὴν
166	29	παραλίαν
166	30	κατοικοῦντας
166	31	καταστρεφόμενοι
166	32	,
166	33	καὶ
166	34	πάντας
166	35	ἐκβαλόντες
166	36	,
166	37	τοὺς
166	38	μάλιστα
166	39	βίου
166	40	δεομένους
166	41	τῶν
166	42	Ἑλλήνων
166	43	κατῴκιζον
166	44	.
166	45	καὶ
166	46	ταῦτα
166	47	πράττοντες
166	48	καὶ
166	49	τοῖς
166	50	ἄλλοις
166	51	ὑποδεικνύοντες
166	52	διετέλουν
166	53	,
166	54	ἕως
166	55	ἤκουσαν
166	56	Σπαρτιάτας
166	57	τὰς
166	58	πόλεις
166	59	τὰς
166	60	ἐν
166	61	Πελοποννήσῳ
166	62	κατοικούσας
166	63	,
166	64	ὥσπερ
166	65	εἶπον
166	66	,
166	67	ὑφʼ
166	68	αὑτοῖς
166	69	πεποιημένους
166	70	·
166	71	μετὰ
166	72	δὲ
166	73	ταῦτα
166	74	τοῖς
166	75	ἰδίοις
166	76	ἠναγκάζοντο
166	77	προσέχειν
166	78	τὸν
166	79	νοῦν
166	80	.
167	1	τί
167	2	οὖν
167	3	ἐστὶ
167	4	τὸ
167	5	συμβεβηκὸς
167	6	ἀγαθὸν
167	7	ἐκ
167	8	τοῦ
167	9	πολέμου
167	10	τοῦ
167	11	περὶ
167	12	τὰς
167	13	ἀποικίας
167	14	καὶ
167	15	πραγματείας
167	16	;
167	17	τοῦτο
167	18	γὰρ
167	19	οἶμαι
167	20	μάλιστα
167	21	ποθεῖν
167	22	ἀκοῦσαι
167	23	τοὺς
167	24	πολλούς
167	25	.
167	26	τοῖς
167	27	μὲν
167	28	Ἕλλησιν
167	29	εὐπορωτέροις
167	30	γενέσθαι
167	31	τὰ
167	32	περὶ
167	33	τὸν
167	34	βίον
167	35	καὶ
167	36	μᾶλλον
167	37	ὁμονοεῖν
167	38	τοσούτων
167	39	τὸ
167	40	πλῆθος
167	41	καὶ
167	42	τοιούτων
167	43	ἀνθρώπων
167	44	ἀπαλλαγεῖσι
167	45	,
167	46	τοῖς
167	47	δὲ
167	48	βαρβάροις
167	49	ἐκπίπτειν
167	50	ἐκ
167	51	τῆς
167	52	αὑτῶν
167	53	καὶ
167	54	φρονεῖν
167	55	ἔλαττον
167	56	ἢ
167	57	πρότερον
167	58	,
167	59	τοῖς
167	60	δʼ
167	61	αἰτίοις
167	62	τούτων
167	63	γεγενημένοις
167	64	εὐδοκιμεῖν
167	65	καὶ
167	66	δοκεῖν
167	67	διπλασίαν
167	68	πεποιηκέναι
167	69	τὴν
167	70	Ἑλλάδα
167	71	τῆς
167	72	ἐξ
167	73	ἀρχῆς
167	74	συστάσης
167	75	.
168	1	μεῖζον
168	2	μὲν
168	3	οὖν
168	4	εὐεργέτημα
168	5	τούτου
168	6	καὶ
168	7	κοινότερον
168	8	τοῖς
168	9	Ἕλλησι
168	10	γεγενημένον
168	11	παρὰ
168	12	τῶν
168	13	προγόνων
168	14	τῶν
168	15	ἡμετέρων
168	16	οὐκ
168	17	ἂν
168	18	δυναίμην
168	19	ἐξευρεῖν
168	20	·
168	21	οἰκειότερον
168	22	δὲ
168	23	τῇ
168	24	περὶ
168	25	τὸν
168	26	πόλεμον
168	27	ἐπιμελείᾳ
168	28	καὶ
168	29	δόξης
168	30	οὐκ
168	31	ἐλάττονος
168	32	ἄξιον
168	33	καὶ
168	34	πᾶσι
168	35	φανερώτερον
168	36	ἴσως
168	37	ἕξομεν
168	38	εἰπεῖν
168	39	.
168	40	τίς
168	41	γὰρ
168	42	οὐκ
168	43	οἶδεν
168	44	,
168	45	ἢ
168	46	τίς
168	47	οὐκ
168	48	ἀκήκοε
168	49	τῶν
168	50	τραγῳδοδιδασκάλων
168	51	Διονυσίοις
168	52	,
168	53	τὰς
168	54	Ἀδράστῳ
168	55	γενομένας
168	56	ἐν
168	57	Θήβαις
168	58	συμφοράς
168	59	,
169	1	ὅτι
169	2	κατάγειν
169	3	βουληθεὶς
169	4	τὸν
169	5	Οἰδίπου
169	6	μὲν
169	7	υἱὸν
169	8	αὑτοῦ
169	9	δὲ
169	10	κηδεστὴν
169	11	παμπληθεῖς
169	12	μὲν
169	13	Ἀργείων
169	14	ἀπώλεσεν
169	15	,
169	16	ἅπαντας
169	17	δὲ
169	18	τοὺς
169	19	λοχαγοὺς
169	20	ἐπεῖδε
169	21	διαφθαρέντας
169	22	,
169	23	αὐτὸς
169	24	δʼ
169	25	ἐπονειδίστως
169	26	σωθείς
169	27	,
169	28	ἐπειδὴ
169	29	σπονδῶν
169	30	οὐχ
169	31	οἷός
169	32	τʼ
169	33	ἦν
169	34	τυχεῖν
169	35	οὐ
169	36	δ’
169	37	ἀνελέσθαι
169	38	τοὺς
169	39	τετελευτηκότας
169	40	,
169	41	ἱκέτης
169	42	γενόμενος
169	43	τῆς
169	44	πόλεως
169	45	,
169	46	ἔτι
169	47	Θησέως
169	48	αὐτὴν
169	49	διοικοῦντος
169	50	,
169	51	ἐδεῖτο
169	52	μὴ
169	53	περιιδεῖν
169	54	τοιούτους
169	55	ἄνδρας
169	56	ἀτάφους
169	57	γενομένους
169	58	μη
169	59	δὲ
169	60	παλαιὸν
169	61	ἔθος
169	62	καὶ
169	63	πάτριον
169	64	νόμον
169	65	καταλυόμενον
169	66	,
169	67	ᾧ
169	68	πάντες
169	69	ἄνθρωποι
169	70	χρώμενοι
169	71	διατελοῦσιν
169	72	οὐχ
169	73	ὡς
169	74	ὑπʼ
169	75	ἀνθρωπίνης
169	76	κειμένῳ
169	77	φύσεως
169	78	,
169	79	ἀλλʼ
169	80	ὡς
169	81	ὑπὸ
169	82	δαιμονίας
169	83	προστεταγμένῳ
169	84	δυνάμεως
169	85	;
170	1	ὧν
170	2	ἀκούσας
170	3	οὐδένα
170	4	χρόνον
170	5	ἐπισχὼν
170	6	ὁ
170	7	δῆμος
170	8	ἔπεμψε
170	9	πρεσβείαν
170	10	εἰς
170	11	Θήβας
170	12	,
170	13	περί
170	14	τε
170	15	τῆς
170	16	ἀναιρέσεως
170	17	συμβουλεύσοντας
170	18	αὐτοῖς
170	19	ὁσιώτερον
170	20	βουλεύσασθαι
170	21	καὶ
170	22	τὴν
170	23	ἀπόκρισιν
170	24	νομιμωτέραν
170	25	ποιήσασθαι
170	26	τῆς
170	27	πρότερον
170	28	γενομένης
170	29	,
170	30	κ
170	31	ἀκεῖνο
170	32	ὑποδείξοντας
170	33	,
170	34	ὡς
170	35	ἡ
170	36	πόλις
170	37	αὐτοῖς
170	38	οὐκ
170	39	ἐπιτρέψει
170	40	παραβαίνουσι
170	41	τὸν
170	42	νόμον
170	43	τὸν
170	44	κοινὸν
170	45	ἁπάντων
170	46	τῶν
170	47	Ἑλλήνων
170	48	.
171	1	ὧν
171	2	ἀκούσαντες
171	3	οἱ
171	4	κύριοι
171	5	τότε
171	6	Θηβῶν
171	7	ὄντες
171	8	οὐχ
171	9	ὁμοίως
171	10	ἔγνωσαν
171	11	οὔ
171	12	τε
171	13	ταῖς
171	14	δόξαις
171	15	αἷς
171	16	ἔχουσί
171	17	τινες
171	18	περὶ
171	19	αὐτῶν
171	20	,
171	21	οὔθʼ
171	22	οἷς
171	23	ἐβουλεύσαντο
171	24	πρότερον
171	25	,
171	26	ἀλλὰ
171	27	μετρίως
171	28	περὶ
171	29	αὑτῶν
171	30	τε
171	31	διαλεχθέντες
171	32	καὶ
171	33	τῶν
171	34	ἐπιστρατευσάντων
171	35	κατηγορήσαντες
171	36	ἔδοσαν
171	37	τῇ
171	38	πόλει
171	39	τὴν
171	40	ἀναίρεσιν
171	41	.
172	1	καὶ
172	2	μηδεὶς
172	3	οἰέσθω
172	4	με
172	5	ἀγνοεῖν
172	6	ὅτι
172	7	τ
172	8	ἀναντία
172	9	τυγχάνω
172	10	λέγων
172	11	οἷς
172	12	ἐν
172	13	τῷ
172	14	Πανηγυρικῷ
172	15	λόγῳ
172	16	φανείην
172	17	ἂν
172	18	περὶ
172	19	τῶν
172	20	αὐτῶν
172	21	τούτων
172	22	γεγραφώς
172	23	·
172	24	ἀλλὰ
172	25	γὰρ
172	26	οὐδένα
172	27	νομίζω
172	28	τῶν
172	29	ταῦτα
172	30	συνιδεῖν
172	31	ἂν
172	32	δυνηθέντων
172	33	τοσαύτης
172	34	ἀμαθίας
172	35	εἶναι
172	36	καὶ
172	37	φθόνου
172	38	μεστόν
172	39	,
172	40	ὅστις
172	41	οὐκ
172	42	ἂν
172	43	ἐπαινέσειέ
172	44	με
172	45	καὶ
172	46	σωφρονεῖν
172	47	ἡγήσαιτο
172	48	τότε
172	49	μὲν
172	50	ἐκείνως
172	51	νῦν
172	52	δʼ
172	53	οὕτω
172	54	διαλεχθέντα
172	55	περὶ
172	56	αὐτῶν
172	57	.
173	1	περὶ
173	2	μὲν
173	3	οὖν
173	4	τούτων
173	5	οἶδʼ
173	6	ὅτι
173	7	καλῶς
173	8	γέγραφα
173	9	καὶ
173	10	συμφερόντως
173	11	·
173	12	ὅσον
173	13	δʼ
173	14	ἡ
173	15	πόλις
173	16	ἡμῶν
173	17	διέφερε
173	18	τὰ
173	19	περὶ
173	20	τὸν
173	21	πόλεμον
173	22	κατʼ
173	23	ἐκεῖνον
173	24	τὸν
173	25	χρόνον
173	26	,
173	27	τοῦτο
173	28	γὰρ
173	29	ἀποδεῖξαι
173	30	βουλόμενος
173	31	διῆλθον
173	32	τὰ
173	33	γενόμενα
173	34	Θήβῃσιν
173	35	,
173	36	ἡγοῦμαι
173	37	τὴν
173	38	πρᾶξιν
173	39	ἐκείνην
173	40	ἅπασι
173	41	σαφῶς
173	42	δηλοῦν
173	43	,
173	44	τὴν
173	45	τὸν
173	46	μὲν
173	47	βασιλέα
173	48	τὸν
173	49	Ἀργείων
173	50	ἀναγκάσασαν
173	51	ἱκέτην
173	52	γενέσθαι
173	53	τῆς
173	54	πόλεως
173	55	τῆς
173	56	ἡμετέρας
173	57	,
173	58	τοὺς
173	59	δὲ
173	60	κυρίους
173	61	ὄντας
173	62	Θηβῶν
173	63	οὕτω
173	64	διαθεῖσαν
173	65	,
174	1	ὥστε
174	2	ἑλέσθαι
174	3	μᾶλλον
174	4	αὐτοὺς
174	5	ἐμμεῖναι
174	6	τοῖς
174	7	λόγοις
174	8	τοῖς
174	9	ὑπὸ
174	10	τῆς
174	11	πόλεως
174	12	πεμφθεῖσιν
174	13	ἢ
174	14	τοῖς
174	15	νόμοις
174	16	τοῖς
174	17	ὑπὸ
174	18	τοῦ
174	19	δαιμονίου
174	20	κατασταθεῖσιν
174	21	·
174	22	ὧν
174	23	οὐδὲν
174	24	ἂν
174	25	οἵα
174	26	τʼ
174	27	ἐγένετο
174	28	διοικῆσαι
174	29	κατὰ
174	30	τρόπον
174	31	ἡ
174	32	πόλις
174	33	ἡμῶν
174	34	,
174	35	εἰ
174	36	μὴ
174	37	καὶ
174	38	τῇ
174	39	δόξῃ
174	40	καὶ
174	41	τῇ
174	42	δυνάμει
174	43	πολὺ
174	44	διήνεγκε
174	45	τῶν
174	46	ἄλλων
174	47	.
175	1	ἔχων
175	2	δὲ
175	3	πολλὰς
175	4	καὶ
175	5	καλὰς
175	6	πράξεις
175	7	περὶ
175	8	τῶν
175	9	προγόνων
175	10	εἰπεῖν
175	11	,
175	12	σκοποῦμαι
175	13	τίνα
175	14	τρόπον
175	15	διαλεχθῶ
175	16	περὶ
175	17	αὐτῶν
175	18	.
175	19	μέλει
175	20	γάρ
175	21	μοι
175	22	τούτων
175	23	μᾶλλον
175	24	ἢ
175	25	τῶν
175	26	ἄλλων
175	27	·
175	28	τυγχάνω
175	29	γὰρ
175	30	ὢν
175	31	περὶ
175	32	τὴν
175	33	ὑπόθεσιν
175	34	ἣν
175	35	ἐποιησάμην
175	36	τελευταίαν
175	37	,
175	38	ἐν
175	39	ᾗ
175	40	προεῖπον
175	41	ὡς
175	42	ἐπιδείξω
175	43	τοὺς
175	44	προγόνους
175	45	ἡμῶν
175	46	ἐν
175	47	τοῖς
175	48	πολέμοις
175	49	καὶ
175	50	ταῖς
175	51	μάχαις
175	52	πλέον
175	53	διενεγκόντας
175	54	Σπαρτιατῶν
175	55	ἢ
175	56	τοῖς
175	57	ἄλλοις
175	58	ἅπασιν
175	59	.
176	1	ἔσται
176	2	δʼ
176	3	ὁ
176	4	λόγος
176	5	παράδοξος
176	6	μὲν
176	7	τοῖς
176	8	πολλοῖς
176	9	,
176	10	ὁμοίως
176	11	δʼ
176	12	ἀληθὴς
176	13	τοῖς
176	14	ἄλλοις
176	15	.
176	16	ἄρτι
176	17	μὲν
176	18	οὖν
176	19	ἠπόρουν
176	20	ποτέρων
176	21	διεξίω
176	22	πρότερον
176	23	τοὺς
176	24	κινδύνους
176	25	καὶ
176	26	τὰς
176	27	μάχας
176	28	,
176	29	τὰς
176	30	Σπαρτιατῶν
176	31	ἢ
176	32	τὰς
176	33	τῶν
176	34	ἡμετέρων
176	35	·
176	36	νῦν
176	37	δὲ
176	38	προαιροῦμαι
176	39	λέγειν
176	40	τὰς
176	41	ἐκείνων
176	42	,
176	43	ἵνʼ
176	44	ἐν
176	45	ταῖς
176	46	καλλίοσι
176	47	καὶ
176	48	δικαιοτέραις
176	49	καταλύω
176	50	τὸν
176	51	λόγον
176	52	τὸν
176	53	περὶ
176	54	τούτων
176	55	.
177	1	ἐπειδὴ
177	2	γὰρ
177	3	Δωριέων
177	4	οἱ
177	5	στρατεύσαντες
177	6	εἰς
177	7	Πελοπόννησον
177	8	τρίχα
177	9	διείλοντο
177	10	τάς
177	11	τε
177	12	πόλεις
177	13	τάς
177	14	τε
177	15	πόλεις
177	16	Γ
177	17	·
177	18	τὰς
177	19	πόλειςϝυλγ
177	20	.
177	21	καὶ
177	22	τὰς
177	23	χώρας
177	24	ἃς
177	25	ἃςινσερυιτ
177	26	βλασς
177	27	.
177	28	ἀφείλοντο
177	29	τοὺς
177	30	δικαίως
177	31	κεκτημένους
177	32	,
177	33	οἱ
177	34	μὲν
177	35	Ἄργος
177	36	λαχόντες
177	37	καὶ
177	38	Μεσσήνην
177	39	παραπλησίως
177	40	διῴκουν
177	41	τὰ
177	42	σφέτερʼ
177	43	αὐτῶν
177	44	τοῖς
177	45	ἄλλοις
177	46	Ἕλλησι
177	47	,
177	48	τὸ
177	49	δὲ
177	50	τρίτον
177	51	μέρος
177	52	αὐτῶν
177	53	,
177	54	οὓς
177	55	καλοῦμεν
177	56	νῦν
177	57	Λακεδαιμονίους
177	58	,
177	59	στασιάσαι
177	60	μέν
177	61	φασιν
177	62	αὐτοὺς
177	63	οἱ
177	64	τ
177	65	ἀκείνων
177	66	ἀκριβοῦντες
177	67	ὡς
177	68	οὐδένας
177	69	ἄλλους
177	70	τῶν
177	71	Ἑλλήνων
177	72	,
177	73	περιγενομένους
177	74	δὲ
177	75	τοὺς
177	76	μεῖζον
177	77	τοῦ
177	78	πλήθους
177	79	φρονοῦντας
177	80	οὐδὲν
177	81	τῶν
177	82	αὐτῶν
177	83	βουλεύσασθαι
177	84	περὶ
177	85	τῶν
177	86	συμβεβηκότων
177	87	τοῖς
177	88	τοιαῦτα
177	89	διαπεπραγμένοις
177	90	·
178	1	τοὺς
178	2	μὲν
178	3	γὰρ
178	4	ἄλλους
178	5	συνοίκους
178	6	ἔχειν
178	7	ἐν
178	8	τῇ
178	9	πόλει
178	10	τοὺς
178	11	στασιάσαντας
178	12	καὶ
178	13	κοινωνοὺς
178	14	ἁπάντων
178	15	πλὴν
178	16	τῶν
178	17	ἀρχῶν
178	18	καὶ
178	19	τῶν
178	20	τιμῶν
178	21	·
178	22	οὓς
178	23	οὐκ
178	24	εὖ
178	25	φρονεῖν
178	26	ἡγεῖσθαι
178	27	Σπαρτιατῶν
178	28	τοὺς
178	29	νοῦν
178	30	ἔχοντας
178	31	,
178	32	εἰ
178	33	νομίζουσιν
178	34	ἀσφαλῶς
178	35	πολιτεύεσθαι
178	36	μετὰ
178	37	τούτων
178	38	οἰκοῦντες
178	39	,
178	40	περὶ
178	41	οὓς
178	42	τὰ
178	43	μέγιστα
178	44	τυγχάνουσιν
178	45	ἐξημαρτηκότες
178	46	·
178	47	αὐτοὺς
178	48	δʼ
178	49	οὐδὲν
178	50	τούτων
178	51	ποιεῖν
178	52	,
178	53	ἀλλὰ
178	54	παρὰ
178	55	σφίσι
178	56	μὲν
178	57	αὐτοῖς
178	58	ἰσονομίαν
178	59	καταστῆσαι
178	60	καὶ
178	61	δημοκρατίαν
178	62	τοιαύτην
178	63	,
178	64	οἵαν
178	65	περ
178	66	χρὴ
178	67	τοὺς
178	68	μέλλοντας
178	69	ἅπαντα
178	70	τὸν
178	71	χρόνον
178	72	ὁμονοήσειν
178	73	,
178	74	τὸν
178	75	δὲ
178	76	δῆμον
178	77	περιοίκους
178	78	ποιήσασθαι
178	79	,
178	80	καταδουλωσαμένους
178	81	αὐτῶν
178	82	τὰς
178	83	ψυχὰς
178	84	οὐδὲν
178	85	ἧττον
178	86	ἢ
178	87	τὰς
178	88	τῶν
178	89	οἰκετῶν
178	90	·
179	1	ταῦτα
179	2	δὲ
179	3	πράξαντας
179	4	τῆς
179	5	χώρας
179	6	,
179	7	ἧς
179	8	προσῆκεν
179	9	ἴσον
179	10	ἔχειν
179	11	ἕκαστον
179	12	,
179	13	αὐτοὺς
179	14	μὲν
179	15	λαβεῖν
179	16	ὀλίγους
179	17	ὄντας
179	18	οὐ
179	19	μόνον
179	20	τὴν
179	21	ἀρίστην
179	22	,
179	23	ἀλλὰ
179	24	καὶ
179	25	τοσαύτην
179	26	ὅσην
179	27	οὐδένες
179	28	τῶν
179	29	Ἑλλήνων
179	30	ἔχουσι
179	31	,
179	32	τῷ
179	33	δὲ
179	34	πλήθει
179	35	τηλικοῦτον
179	36	ἀπονεῖμαι
179	37	μέρος
179	38	τῆς
179	39	χειρίστης
179	40	ὥστʼ
179	41	ἐπιπόνως
179	42	ἐργαζομένους
179	43	μόλις
179	44	ἔχειν
179	45	τὸ
179	46	καθʼ
179	47	ἡμέραν
179	48	·
179	49	μετὰ
179	50	δὲ
179	51	ταῦτα
179	52	διελόντας
179	53	τὸ
179	54	πλῆθος
179	55	αὐτῶν
179	56	ὡς
179	57	οἷόν
179	58	τʼ
179	59	ἦν
179	60	εἰς
179	61	ἐλαχίστους
179	62	εἰς
179	63	τόπους
179	64	κατοικίσαι
179	65	μικροὺς
179	66	καὶ
179	67	πολλούς
179	68	,
179	69	ὀνόμασι
179	70	μὲν
179	71	προσαγορευομένους
179	72	ὡς
179	73	πόλεις
179	74	οἰκοῦντας
179	75	,
179	76	τὴν
179	77	δὲ
179	78	δύναμιν
179	79	ἔχοντας
179	80	ἐλάττω
179	81	τῶν
179	82	δήμων
179	83	τῶν
179	84	παρʼ
179	85	ἡμῖν
179	86	·
180	1	ἁπάντων
180	2	δʼ
180	3	ἀποστερήσαντας
180	4	αὐτοὺς
180	5	ὧν
180	6	προσήκει
180	7	μετέχειν
180	8	τοὺς
180	9	ἐλευθέρους
180	10	,
180	11	τοὺς
180	12	πλείστους
180	13	ἐπιθεῖναι
180	14	τῶν
180	15	κινδύνων
180	16	αὐτοῖς
180	17	·
180	18	ἔν
180	19	τε
180	20	γὰρ
180	21	ταῖς
180	22	στρατείαις
180	23	,
180	24	αἷς
180	25	ἡγεῖται
180	26	βασιλεύς
180	27	,
180	28	κατʼ
180	29	ἄνδρα
180	30	συμπαρατάττεσθαι
180	31	σφίσιν
180	32	αὐτοῖς
180	33	,
180	34	ἐνίους
180	35	δὲ
180	36	καὶ
180	37	τῆς
180	38	πρώτης
180	39	τάττειν
180	40	,
180	41	ἐάν
180	42	τέ
180	43	που
180	44	δεῆσαν
180	45	αὐτοὺς
180	46	ἐκπέμψαι
180	47	βοήθειαν
180	48	φοβηθῶσιν
180	49	ἢ
180	50	τοὺς
180	51	πόνους
180	52	ἢ
180	53	τοὺς
180	54	κινδύνους
180	55	ἢ
180	56	τὸ
180	57	πλῆθος
180	58	τοῦ
180	59	χρόνου
180	60	,
180	61	τούτους
180	62	ἀποστέλλειν
180	63	προκινδυνεύσοντας
180	64	τῶν
180	65	ἄλλων
180	66	.
181	1	καὶ
181	2	τί
181	3	δεῖ
181	4	μακρολογεῖν
181	5	ἁπάσας
181	6	διεξιόντα
181	7	τὰς
181	8	ὕβρεις
181	9	τὰς
181	10	περὶ
181	11	τὸ
181	12	πλῆθος
181	13	γιγνομένας
181	14	,
181	15	ἀλλὰ
181	16	μὴ
181	17	τὸ
181	18	μέγιστον
181	19	εἰπόντα
181	20	τῶν
181	21	κακῶν
181	22	ἀπαλλαγῆναι
181	23	τῶν
181	24	ἄλλων
181	25	;
181	26	τῶν
181	27	γὰρ
181	28	οὕτω
181	29	μὲν
181	30	ἐξ
181	31	ἀρχῆς
181	32	δεινὰ
181	33	πεπονθότων
181	34	,
181	35	ἐν
181	36	δὲ
181	37	τοῖς
181	38	παροῦσι
181	39	καιροῖς
181	40	χρησίμων
181	41	ὄντων
181	42	,
181	43	ἔξεστι
181	44	τοῖς
181	45	ἐφόροις
181	46	ἀκρίτους
181	47	ἀποκτεῖναι
181	48	τοσούτους
181	49	ὁπόσους
181	50	ἂν
181	51	βουληθῶσιν
181	52	·
181	53	ἃ
181	54	τοῖς
181	55	ἄλλοις
181	56	Ἕλλησιν
181	57	οὐ
181	58	δὲ
181	59	τοὺς
181	60	πονηροτάτους
181	61	τῶν
181	62	οἰκετῶν
181	63	ὅσιόν
181	64	ἐστι
181	65	μιαιφονεῖν
181	66	.
182	1	τούτου
182	2	δʼ
182	3	ἕνεκα
182	4	περὶ
182	5	τῆς
182	6	οἰκειότητος
182	7	καὶ
182	8	τῶν
182	9	ἡμαρτημένων
182	10	εἰς
182	11	αὐτοὺς
182	12	διὰ
182	13	πλειόνων
182	14	διῆλθον
182	15	,
182	16	ἵνʼ
182	17	ἔρωμαι
182	18	τοὺς
182	19	ἀποδεχομένους
182	20	ἁπάσας
182	21	τὰς
182	22	Σπαρτιατῶν
182	23	πράξεις
182	24	,
182	25	εἰ
182	26	καὶ
182	27	ταύτας
182	28	ἀποδέχονται
182	29	,
182	30	καὶ
182	31	τὰς
182	32	μάχας
182	33	εὐσεβεῖς
182	34	εἶναι
182	35	νομίζουσι
182	36	καὶ
182	37	καλὰς
182	38	τὰς
182	39	πρὸς
182	40	τούτους
182	41	γεγενημένας
182	42	.
183	1	ἐγὼ
183	2	μὲν
183	3	γὰρ
183	4	ἡγοῦμαι
183	5	μεγάλας
183	6	μὲν
183	7	αὐτὰς
183	8	γεγενῆσθαι
183	9	καὶ
183	10	δεινὰς
183	11	καὶ
183	12	πολλῶν
183	13	αἰτίας
183	14	τοῖς
183	15	μὲν
183	16	ἡττηθεῖσι
183	17	κακῶν
183	18	τοῖς
183	19	δὲ
183	20	κατορθώσασι
183	21	λημμάτων
183	22	,
183	23	ὧνπερ
183	24	ἕνεκα
183	25	πολεμοῦντες
183	26	ἅπαντα
183	27	τὸν
183	28	χρόνον
183	29	διατελοῦσιν
183	30	,
183	31	οὐ
183	32	μὴν
183	33	ὁσίας
183	34	οὐ
183	35	δὲ
183	36	καλὰς
183	37	οὐ
183	38	δὲ
183	39	πρεπούσας
183	40	τοῖς
183	41	ἀρετῆς
183	42	ἀντιποιουμένοις
183	43	,
183	44	μὴ
183	45	τῆς
183	46	ἐπὶ
183	47	τῶν
183	48	τεχνῶν
183	49	ὀνομαζομένης
183	50	καὶ
183	51	πολλῶν
183	52	ἄλλων
183	53	,
183	54	ἀλλὰ
183	55	τῆς
183	56	τοῖς
183	57	καλοῖς
183	58	κ
183	59	ἀγαθοῖς
183	60	τῶν
183	61	ἀνδρῶν
183	62	ἐν
183	63	ταῖς
183	64	ψυχαῖς
183	65	μετʼ
183	66	εὐσεβείας
183	67	καὶ
183	68	δικαιοσύνης
183	69	ἐγγιγνομένης
183	70	,
183	71	περὶ
183	72	ἧς
183	73	ἅπας
183	74	ὁ
183	75	λόγος
183	76	ἐστίν
183	77	.
184	1	ἧς
184	2	ὀλιγωροῦντές
184	3	τινες
184	4	ἐγκωμιάζουσι
184	5	τοὺς
184	6	πλείω
184	7	τῶν
184	8	ἄλλων
184	9	ἡμαρτηκότας
184	10	,
184	11	καὶ
184	12	οὐκ
184	13	αἰσθάνονται
184	14	τὰς
184	15	διανοίας
184	16	ἐπιδεικνύντες
184	17	τὰς
184	18	σφετέρας
184	19	αὐτῶν
184	20	,
184	21	ὅτι
184	22	κ
184	23	ἀκείνους
184	24	ἂν
184	25	ἐπαινέσειαν
184	26	,
184	27	τοὺς
184	28	πλείω
184	29	μὲν
184	30	κεκτημένους
184	31	τῶν
184	32	ἱκανῶν
184	33	,
184	34	ἀποκτεῖναι
184	35	δʼ
184	36	ἂν
184	37	τολμήσαντας
184	38	τοὺς
184	39	ἀδελφοὺς
184	40	τοὺς
184	41	ἑαυτῶν
184	42	καὶ
184	43	τοὺς
184	44	ἑταίρους
184	45	καὶ
184	46	τοὺς
184	47	κοινωνοὺς
184	48	ὥστε
184	49	καὶ
184	50	τ
184	51	ἀκείνων
184	52	λαβεῖν
184	53	·
184	54	ὅμοια
184	55	γὰρ
184	56	τὰ
184	57	τοιαῦτα
184	58	τῶν
184	59	ἔργων
184	60	ἐστὶ
184	61	τοῖς
184	62	ὑπὸ
184	63	Σπαρτιατῶν
184	64	πεπραγμένοις
184	65	,
184	66	ἃ
184	67	τοὺς
184	68	ἀποδεχομένους
184	69	ἀναγκαῖόν
184	70	ἐστι
184	71	καὶ
184	72	περὶ
184	73	τῶν
184	74	εἰρημένων
184	75	ἄρτι
184	76	τὴν
184	77	αὐτὴν
184	78	ἔχειν
184	79	γνώμην
184	80	.
185	1	θαυμάζω
185	2	δʼ
185	3	εἴ
185	4	τινες
185	5	τὰς
185	6	μάχας
185	7	καὶ
185	8	τὰς
185	9	νίκας
185	10	τὰς
185	11	παρὰ
185	12	τὸ
185	13	δίκαιον
185	14	γιγνομένας
185	15	μὴ
185	16	νομίζουσιν
185	17	αἰσχίους
185	18	εἶναι
185	19	καὶ
185	20	πλειόνων
185	21	ὀνειδῶν
185	22	μεστὰς
185	23	ἢ
185	24	τὰς
185	25	ἥττας
185	26	τὰς
185	27	ἄνευ
185	28	κακίας
185	29	συμβαινούσας
185	30	,
185	31	καὶ
185	32	τοῦτʼ
185	33	εἰδότες
185	34	ὅτι
185	35	μεγάλαι
185	36	δυνάμεις
185	37	πονηραὶ
185	38	δὲ
185	39	πολλάκις
185	40	γίγνονται
185	41	κρείττους
185	42	ἀνδρῶν
185	43	σπουδαίων
185	44	καὶ
185	45	κινδυνεύειν
185	46	ὑπὲρ
185	47	τῆς
185	48	πατρίδος
185	49	αἱρουμένων
185	50	.
186	1	οὓς
186	2	πολὺ
186	3	ἂν
186	4	δικαιότερον
186	5	ἐπαινοῖμεν
186	6	ἢ
186	7	τοὺς
186	8	περὶ
186	9	τῶν
186	10	ἀλλοτρίων
186	11	ἑτοίμως
186	12	ἀποθνήσκειν
186	13	ἐθέλοντας
186	14	καὶ
186	15	τοῖς
186	16	ξενικοῖς
186	17	στρατεύμασιν
186	18	ὁμοίους
186	19	ὄντας
186	20	·
186	21	ταῦτα
186	22	μὲν
186	23	γάρ
186	24	ἐστιν
186	25	ἔργα
186	26	πονηρῶν
186	27	ἀνθρώπων
186	28	,
186	29	τὸ
186	30	δὲ
186	31	τοὺς
186	32	χρηστοὺς
186	33	ἐνίοτε
186	34	χεῖρον
186	35	ἀγωνίζεσθαι
186	36	τῶν
186	37	ἀδικεῖν
186	38	βουλομένων
186	39	θεῶν
186	40	ἄν
186	41	τις
186	42	ἀμέλειαν
186	43	εἶναι
186	44	φήσειεν
186	45	.
187	1	ἔχοιμι
187	2	δʼ
187	3	ἂν
187	4	τῷ
187	5	λόγῳ
187	6	τούτῳ
187	7	χρήσασθαι
187	8	καὶ
187	9	περὶ
187	10	τῆς
187	11	συμφορᾶς
187	12	τῆς
187	13	Σπαρτιάταις
187	14	ἐν
187	15	Θερμοπύλαις
187	16	γενομένης
187	17	,
187	18	ἣν
187	19	ἅπαντες
187	20	ὅσοι
187	21	περ
187	22	ἀκηκόασιν
187	23	ἐπαινοῦσι
187	24	καὶ
187	25	θαυμάζουσι
187	26	μᾶλλον
187	27	ἢ
187	28	τὰς
187	29	μάχας
187	30	καὶ
187	31	τὰς
187	32	νίκας
187	33	τὰς
187	34	κρατησάσας
187	35	μὲν
187	36	τῶν
187	37	ἐναντίων
187	38	,
187	39	πρὸς
187	40	οὓς
187	41	δʼ
187	42	οὐκ
187	43	ἐχρῆν
187	44	γεγενημένας
187	45	·
187	46	ἃς
187	47	εὐλογεῖν
187	48	τινες
187	49	τολμῶσι
187	50	,
187	51	κακῶς
187	52	εἰδότες
187	53	ὡς
187	54	οὐδὲν
187	55	οὔθʼ
187	56	ὅσιον
187	57	οὔ
187	58	τε
187	59	καλόν
187	60	ἐστι
187	61	τῶν
187	62	μὴ
187	63	μετὰ
187	64	δικαιοσύνης
187	65	καὶ
187	66	λεγομένων
187	67	καὶ
187	68	πραττομένων
187	69	.
188	1	ὧν
188	2	Σπαρτιάταις
188	3	μὲν
188	4	οὐδὲν
188	5	πώποτʼ
188	6	ἐμέλησεν
188	7	·
188	8	βλέπουσι
188	9	γὰρ
188	10	εἰς
188	11	οὐδὲν
188	12	ἄλλο
188	13	πλὴν
188	14	ὅπως
188	15	ὡς
188	16	πλεῖστα
188	17	τῶν
188	18	ἀλλοτρίων
188	19	κατασχήσουσιν
188	20	·
188	21	οἱ
188	22	δʼ
188	23	ἡμέτεροι
188	24	περὶ
188	25	οὐδὲν
188	26	οὕτω
188	27	τῶν
188	28	ὄντων
188	29	ἐσπούδαζον
188	30	ὡς
188	31	τὸ
188	32	παρὰ
188	33	τοῖς
188	34	Ἕλλησιν
188	35	εὐδοκιμεῖν
188	36	·
188	37	ἡγοῦντο
188	38	γὰρ
188	39	οὐδεμίαν
188	40	ἂν
188	41	γενέσθαι
188	42	κρίσιν
188	43	οὔ
188	44	τ’
188	45	ἀληθεστέραν
188	46	οὔ
188	47	τε
188	48	δικαιοτέραν
188	49	τῆς
188	50	ὑπὸ
188	51	παντὸς
188	52	τοῦ
188	53	γένους
188	54	γνωσθείσης
188	55	.
189	1	δῆλοι
189	2	δʼ
189	3	ἦσαν
189	4	οὕτως
189	5	ἔχοντες
189	6	ἔν
189	7	τε
189	8	τοῖς
189	9	ἄλλοις
189	10	οἷς
189	11	διῴκουν
189	12	τὴν
189	13	πόλιν
189	14	,
189	15	καὶ
189	16	τοῖς
189	17	μεγίστοις
189	18	τῶν
189	19	πραγμάτων
189	20	.
189	21	τριῶν
189	22	γὰρ
189	23	πολέμων
189	24	γενομένων
189	25	ἄνευ
189	26	τοῦ
189	27	Τρωικοῦ
189	28	τοῖς
189	29	Ἕλλησι
189	30	πρὸς
189	31	τοὺς
189	32	βαρβάρους
189	33	,
189	34	ἐν
189	35	ἅπασι
189	36	τούτοις
189	37	πρωτεύουσαν
189	38	αὐτὴν
189	39	παρέσχον
189	40	.
189	41	ὧν
189	42	εἷς
189	43	μὲν
189	44	ἦν
189	45	ὁ
189	46	πρὸς
189	47	Ξέρξην
189	48	,
189	49	ἐν
189	50	ᾧ
189	51	πλέον
189	52	διήνεγκαν
189	53	Λακεδαιμονίων
189	54	ἐν
189	55	ἅπασι
189	56	τοῖς
189	57	κινδύνοις
189	58	ἢ
189	59	ʼκεῖνοι
189	60	τῶν
189	61	ἄλλων
189	62	,
190	1	δεύτερος
190	2	δʼ
190	3	ὁ
190	4	περὶ
190	5	τὴν
190	6	κτίσιν
190	7	τῶν
190	8	ἀποικιῶν
190	9	,
190	10	εἰς
190	11	ὃν
190	12	Δωριέων
190	13	μὲν
190	14	οὐδεὶς
190	15	ἦλθε
190	16	συμπολεμήσων
190	17	,
190	18	ἡ
190	19	δὲ
190	20	πόλις
190	21	ἡμῶν
190	22	ἡγεμὼν
190	23	καταστᾶσα
190	24	τῶν
190	25	οὐκ
190	26	εὐπορούντων
190	27	καὶ
190	28	τῶν
190	29	ἄλλων
190	30	τῶν
190	31	βουλομένων
190	32	τοσοῦτον
190	33	τὰ
190	34	πράγματα
190	35	μετέστησεν
190	36	,
190	37	ὥστʼ
190	38	εἰθισμένων
190	39	τῶν
190	40	βαρβάρων
190	41	τὸν
190	42	ἄλλον
190	43	χρόνον
190	44	τὰς
190	45	μεγίστας
190	46	πόλεις
190	47	τῶν
190	48	Ἑλληνίδων
190	49	καταλαμβάνειν
190	50	ἐποίησε
190	51	τοὺς
190	52	Ἕλληνας
190	53	,
190	54	ἃ
190	55	πρότερον
190	56	ἔπασχον
190	57	,
190	58	ταῦτα
190	59	δύνασθαι
190	60	ποιεῖν
190	61	.
191	1	περὶ
191	2	μὲν
191	3	οὖν
191	4	τοῖν
191	5	δυοῖν
191	6	πολέμοιν
191	7	ἐν
191	8	τοῖς
191	9	ἔμπροσθεν
191	10	ἱκανῶς
191	11	εἰρήκαμεν
191	12	,
191	13	περὶ
191	14	δὲ
191	15	τοῦ
191	16	τρίτου
191	17	ποιήσομαι
191	18	τοὺς
191	19	λόγους
191	20	,
191	21	ὃς
191	22	ἐγένετο
191	23	τῶν
191	24	μὲν
191	25	Ἑλληνίδων
191	26	πόλεων
191	27	ἄρτι
191	28	κατῳκισμένων
191	29	,
191	30	τῆς
191	31	δʼ
191	32	ἡμετέρας
191	33	ἔτι
191	34	βασιλευομένης
191	35	.
191	36	ἐφʼ
191	37	ὧν
191	38	καὶ
191	39	πόλεμοι
191	40	πλεῖστοι
191	41	καὶ
191	42	κίνδυνοι
191	43	μέγιστοι
191	44	συνέπεσον
191	45	,
191	46	οὓς
191	47	ἅπαντας
191	48	μὲν
191	49	οὔθʼ
191	50	εὑρεῖν
191	51	οὔ
191	52	τ’
191	53	εἰπεῖν
191	54	ἂν
191	55	δυνηθείην
191	56	,
192	1	παραλιπὼν
192	2	δὲ
192	3	τὸν
192	4	πλεῖστον
192	5	ὄχλον
192	6	τῶν
192	7	ἐν
192	8	ἐκείνῳ
192	9	μὲν
192	10	τῷ
192	11	χρόνῳ
192	12	πραχθέντων
192	13	ῥηθῆναι
192	14	δὲ
192	15	νῦν
192	16	οὐ
192	17	κατεπειγόντων
192	18	,
192	19	ὡς
192	20	ἂν
192	21	δύνωμαι
192	22	συντομώτατα
192	23	πειράσομαι
192	24	δηλῶσαι
192	25	τούς
192	26	τʼ
192	27	ἐπιστρατεύσαντας
192	28	τῇ
192	29	πόλει
192	30	καὶ
192	31	τὰς
192	32	μάχας
192	33	τὰς
192	34	ἀξίας
192	35	μνημονευθῆναι
192	36	καὶ
192	37	ῥηθῆναι
192	38	καὶ
192	39	τοὺς
192	40	ἡγεμόνας
192	41	αὐτῶν
192	42	,
192	43	ἔτι
192	44	δὲ
192	45	τὰς
192	46	προφάσεις
192	47	ἃς
192	48	ἔλεγον
192	49	,
192	50	καὶ
192	51	τὴν
192	52	δύναμιν
192	53	τῶν
192	54	γενῶν
192	55	τῶν
192	56	συνακολουθησάντων
192	57	αὐτοῖς
192	58	·
192	59	ἱκανὰ
192	60	γὰρ
192	61	ἔσται
192	62	ταῦτʼ
192	63	εἰπεῖν
192	64	πρὸς
192	65	οἷς
192	66	περὶ
192	67	τῶν
192	68	ἐναντίων
192	69	εἰρήκαμεν
192	70	.
193	1	Θρᾷκες
193	2	μὲν
193	3	γὰρ
193	4	μετʼ
193	5	Εὐμόλπου
193	6	τοῦ
193	7	Ποσειδῶνος
193	8	εἰσέβαλον
193	9	εἰς
193	10	τὴν
193	11	χώραν
193	12	ἡμῶν
193	13	,
193	14	ὃς
193	15	ἠμφισβήτησεν
193	16	Ἐρεχθεῖ
193	17	τῆς
193	18	πόλεως
193	19	,
193	20	φάσκων
193	21	Ποσειδῶ
193	22	πρότερον
193	23	Ἀθηνᾶς
193	24	καταλαβεῖν
193	25	αὐτήν
193	26	·
193	27	Σκύθαι
193	28	δὲ
193	29	μετʼ
193	30	Ἀμαζόνων
193	31	τῶν
193	32	ἐξ
193	33	Ἄρεως
193	34	γενομένων
193	35	,
193	36	αἳ
193	37	τὴν
193	38	στρατείαν
193	39	ἐφʼ
193	40	Ἱππολύτην
193	41	ἐποιήσαντο
193	42	,
193	43	τὴν
193	44	τούς
193	45	τε
193	46	νόμους
193	47	παραβᾶσαν
193	48	τοὺς
193	49	παρʼ
193	50	αὐταῖς
193	51	κειμένους
193	52	,
193	53	ἐρασθεῖσάν
193	54	τε
193	55	Θησέως
193	56	καὶ
193	57	συνακολουθήσασαν
193	58	ἐκεῖθεν
193	59	καὶ
193	60	συνοικήσασαν
193	61	αὐτῷ
193	62	·
194	1	Πελοποννήσιοι
194	2	δὲ
194	3	μετʼ
194	4	Εὐρυσθέως
194	5	,
194	6	ὃς
194	7	Ἡρακλεῖ
194	8	μὲν
194	9	οὐκ
194	10	ἔδωκε
194	11	δίκην
194	12	ὧν
194	13	ἡμάρτανεν
194	14	εἰς
194	15	αὐτόν
194	16	,
194	17	στρατεύσας
194	18	δʼ
194	19	ἐπὶ
194	20	τοὺς
194	21	ἡμετέρους
194	22	προγόνους
194	23	ὡς
194	24	ἐκληψόμενος
194	25	βίᾳ
194	26	τοὺς
194	27	ἐκείνου
194	28	παῖδας
194	29	,
194	30	παρʼ
194	31	ἡμῖν
194	32	γὰρ
194	33	ἦσαν
194	34	καταπεφευγότες
194	35	,
194	36	ἔπαθεν
194	37	ἃ
194	38	προσῆκεν
194	39	αὐτόν
194	40	.
194	41	τοσούτου
194	42	γὰρ
194	43	ἐδέησε
194	44	κύριος
194	45	γενέσθαι
194	46	τῶν
194	47	ἱκετῶν
194	48	,
194	49	ὥστε
194	50	ἡττηθεὶς
194	51	μάχῃ
194	52	καὶ
194	53	ζωγρηθεὶς
194	54	ὑπὸ
194	55	τῶν
194	56	ἡμετέρων
194	57	,
194	58	αὐτὸς
194	59	ἱκέτης
194	60	γενόμενος
194	61	τούτων
194	62	οὓς
194	63	ἐξαιτῶν
194	64	ἦλθε
194	65	,
194	66	τὸν
194	67	βίον
194	68	ἐτελεύτησεν
194	69	.
195	1	μετὰ
195	2	δὲ
195	3	τοῦτον
195	4	οἱ
195	5	πεμφθέντες
195	6	ὑπὸ
195	7	Δαρείου
195	8	τὴν
195	9	Ἑλλάδα
195	10	πορθήσοντες
195	11	,
195	12	ἀποβάντες
195	13	εἰς
195	14	Μαραθῶνα
195	15	,
195	16	πλείοσι
195	17	κακοῖς
195	18	καὶ
195	19	μείζοσι
195	20	συμφοραῖς
195	21	περιπεσόντες
195	22	ὧν
195	23	ἤλπισαν
195	24	τὴν
195	25	πόλιν
195	26	ἡμῶν
195	27	ποιήσειν
195	28	,
195	29	ᾤχοντο
195	30	φεύγοντες
195	31	ἐξ
195	32	ἁπάσης
195	33	τῆς
195	34	Ἑλλάδος
195	35	.
196	1	τούτους
196	2	δʼ
196	3	ἅπαντας
196	4	οὓς
196	5	διῆλθον
196	6	,
196	7	οὐ
196	8	μετʼ
196	9	ἀλλήλων
196	10	εἰσβαλόντας
196	11	οὐ
196	12	δὲ
196	13	κατὰ
196	14	τοὺς
196	15	αὐτοὺς
196	16	χρόνους
196	17	,
196	18	ἀλλʼ
196	19	ὡς
196	20	οἵ
196	21	τε
196	22	καιροὶ
196	23	καὶ
196	24	τὸ
196	25	συμφέρον
196	26	ἑκάστοις
196	27	καὶ
196	28	τὸ
196	29	βούλεσθαι
196	30	συνέπιπτε
196	31	,
196	32	μάχῃ
196	33	νικήσαντες
196	34	καὶ
196	35	τῆς
196	36	ὕβρεως
196	37	παύσαντες
196	38	,
196	39	οὐκ
196	40	ἐξέστησαν
196	41	αὑτῶν
196	42	τηλικαῦτα
196	43	διαπραξάμενοι
196	44	τὸ
196	45	μέγεθος
196	46	,
196	47	οὐ
196	48	δ’
196	49	ἔπαθον
196	50	τ
196	51	αὐτὸ
196	52	τοῖς
196	53	διὰ
196	54	μὲν
196	55	τὸ
196	56	καλῶς
196	57	καὶ
196	58	φρονίμως
196	59	βουλεύσασθαι
196	60	καὶ
196	61	πλούτους
196	62	μεγάλους
196	63	καὶ
196	64	δόξας
196	65	καλὰς
196	66	κτησαμένοις
196	67	,
196	68	διὰ
196	69	δὲ
196	70	τὰς
196	71	ὑπερβολὰς
196	72	τὰς
196	73	τούτων
196	74	ὑπερηφάνοις
196	75	γενομένοις
196	76	καὶ
196	77	τὴν
196	78	φρόνησιν
196	79	διαφθαρεῖσι
196	80	καὶ
196	81	κατενεχθεῖσιν
196	82	εἰς
196	83	χείρω
196	84	πράγματα
196	85	καὶ
196	86	ταπεινότερα
196	87	τῶν
196	88	πρότερον
196	89	αὐτοῖς
196	90	ὑπαρχόντων
196	91	,
197	1	ἀλλὰ
197	2	πάντα
197	3	τὰ
197	4	τοιαῦτα
197	5	διαφυγόντες
197	6	ἐνέμειναν
197	7	τοῖς
197	8	ἤθεσιν
197	9	οἷς
197	10	εἶχον
197	11	διὰ
197	12	τὸ
197	13	πολιτεύεσθαι
197	14	καλῶς
197	15	,
197	16	μεῖζον
197	17	φρονοῦντες
197	18	ἐπὶ
197	19	τῇ
197	20	τῆς
197	21	ψυχῆς
197	22	ἕξει
197	23	καὶ
197	24	ταῖς
197	25	διανοίαις
197	26	ταῖς
197	27	αὑτῶν
197	28	ἢ
197	29	ταῖς
197	30	μάχαις
197	31	ταῖς
197	32	γεγενημέναις
197	33	,
197	34	καὶ
197	35	μᾶλλον
197	36	ὑπὸ
197	37	τῶν
197	38	ἄλλων
197	39	θαυμαζόμενοι
197	40	διὰ
197	41	τὴν
197	42	καρτερίαν
197	43	ταύτην
197	44	καὶ
197	45	σωφροσύνην
197	46	ἢ
197	47	διὰ
197	48	τὴν
197	49	ἀνδρίαν
197	50	τὴν
197	51	ἐν
197	52	τοῖς
197	53	κινδύνοις
197	54	αὐτοῖς
197	55	παραγενομένην
197	56	·
198	1	ἑώρων
198	2	γὰρ
198	3	πάντες
198	4	τὴν
198	5	μὲν
198	6	εὐψυχίαν
198	7	τὴν
198	8	πολεμικὴν
198	9	πολλοὺς
198	10	ἔχοντας
198	11	καὶ
198	12	τῶν
198	13	ταῖς
198	14	κακουργίαις
198	15	ὑπερβαλλόντων
198	16	,
198	17	τῆς
198	18	δὲ
198	19	χρησίμης
198	20	ἐπὶ
198	21	πᾶσι
198	22	καὶ
198	23	πάντας
198	24	δυναμένης
198	25	ὠφελεῖν
198	26	οὐ
198	27	κοινωνοῦντας
198	28	τοὺς
198	29	πονηρούς
198	30	,
198	31	ἀλλὰ
198	32	μόνοις
198	33	ἐγγιγνομένην
198	34	τοῖς
198	35	καλῶς
198	36	γεγονόσι
198	37	καὶ
198	38	τεθραμμένοις
198	39	καὶ
198	40	πεπαιδευμένοις
198	41	,
198	42	ἅπερ
198	43	προσῆν
198	44	τοῖς
198	45	τότε
198	46	τὴν
198	47	πόλιν
198	48	διοικοῦσι
198	49	καὶ
198	50	τῶν
198	51	εἰρημένων
198	52	ἀγαθῶν
198	53	ἁπάντων
198	54	αἰτίοις
198	55	καταστᾶσιν
198	56	.
199	1	τοὺς
199	2	μὲν
199	3	οὖν
199	4	ἄλλους
199	5	ὁρῶ
199	6	περὶ
199	7	τὰ
199	8	μέγιστα
199	9	τῶν
199	10	ἔργων
199	11	καὶ
199	12	μάλιστα
199	13	μνημονευθησόμενα
199	14	τοὺς
199	15	λόγους
199	16	καταλύοντας
199	17	,
199	18	ἐγὼ
199	19	δὲ
199	20	σωφρονεῖν
199	21	μὲν
199	22	νομίζω
199	23	τοὺς
199	24	ταῦτα
199	25	γιγνώσκοντας
199	26	καὶ
199	27	πράττοντας
199	28	,
199	29	οὐ
199	30	μὴν
199	31	συμβαίνει
199	32	μοι
199	33	τ
199	34	αὐτὸ
199	35	ποιεῖν
199	36	ἐκείνοις
199	37	,
199	38	ἀλλʼ
199	39	ἔτι
199	40	λέγειν
199	41	ἀναγκάζομαι
199	42	.
199	43	τὴν
199	44	δʼ
199	45	αἰτίαν
199	46	διʼ
199	47	ἥν
199	48	,
199	49	ὀλίγον
199	50	ὕστερον
199	51	ἐρῶ
199	52	,
199	53	μικρὰ
199	54	πάνυ
199	55	προδιαλεχθείς
199	56	.
200	1	ἐπηνώρθουν
200	2	μὲν
200	3	γὰρ
200	4	τὸν
200	5	λόγον
200	6	τὸν
200	7	μέχρι
200	8	τῶν
200	9	ἀναγνωσθέντων
200	10	γεγραμμένον
200	11	μετὰ
200	12	μειρακίων
200	13	τριῶν
200	14	ἢ
200	15	τεττάρων
200	16	τῶν
200	17	εἰθισμένων
200	18	μοι
200	19	συνδιατρίβειν
200	20	·
200	21	ἐπειδὴ
200	22	δὲ
200	23	διεξιοῦσιν
200	24	ἡμῖν
200	25	ἐδόκει
200	26	καλῶς
200	27	ἔχειν
200	28	καὶ
200	29	προσδεῖσθαι
200	30	τελευτῆς
200	31	μόνον
200	32	,
200	33	ἔδοξέ
200	34	μοι
200	35	μεταπέμψασθαί
200	36	τινα
200	37	τῶν
200	38	ἐμοὶ
200	39	μὲν
200	40	πεπλησιακότων
200	41	,
200	42	ἐν
200	43	ὀλιγαρχίᾳ
200	44	δὲ
200	45	πεπολιτευμένον
200	46	,
200	47	προῃρημένον
200	48	δὲ
200	49	Λακεδαιμονίους
200	50	ἐπαινεῖν
200	51	,
200	52	ἵνʼ
200	53	εἴ
200	54	τι
200	55	παρέλαθεν
200	56	ἡμᾶς
200	57	ψεῦδος
200	58	εἰρημένον
200	59	,
200	60	ἐκεῖνος
200	61	κατιδὼν
200	62	δηλώσειεν
200	63	ἡμῖν
200	64	.
201	1	ἐλθὼν
201	2	δʼ
201	3	ὁ
201	4	κληθεὶς
201	5	καὶ
201	6	διαναγνοὺς
201	7	τὸν
201	8	λόγον
201	9	ʽτὰ
201	10	γὰρ
201	11	μεταξὺ
201	12	τί
201	13	δεῖ
201	14	λέγοντα
201	15	διατρίβειν;ʼ
201	16	,
201	17	ἐδυσχέρανε
201	18	μὲν
201	19	ἐπʼ
201	20	οὐδενὶ
201	21	τῶν
201	22	γεγραμμένων
201	23	,
201	24	ἐπῄνεσε
201	25	δʼ
201	26	ὡς
201	27	δυνατὸν
201	28	μάλιστα
201	29	,
201	30	καὶ
201	31	διελέχθη
201	32	περὶ
201	33	ἑκάστου
201	34	τῶν
201	35	μερῶν
201	36	παραπλησίως
201	37	οἷς
201	38	ἡμεῖς
201	39	ἐγιγνώσκομεν
201	40	·
201	41	οὐ
201	42	μὴν
201	43	ἀλλὰ
201	44	φανερὸς
201	45	ἦν
201	46	οὐχ
201	47	ἡδέως
201	48	ἔχων
201	49	ἐπὶ
201	50	τοῖς
201	51	περὶ
201	52	Λακεδαιμονίων
201	53	εἰρημένοις
201	54	.
202	1	ἐδήλωσε
202	2	δὲ
202	3	διὰ
202	4	ταχέων
202	5	·
202	6	ἐτόλμησε
202	7	γὰρ
202	8	εἰπεῖν
202	9	ὡς
202	10	εἰ
202	11	καὶ
202	12	μηδὲν
202	13	ἄλλο
202	14	πεποιήκασι
202	15	τοὺς
202	16	Ἕλληνας
202	17	ἀγαθόν
202	18	,
202	19	ἀλλʼ
202	20	οὖν
202	21	ἐκεῖνό
202	22	γε
202	23	δικαίως
202	24	ἂν
202	25	αὐτοῖς
202	26	ἅπαντες
202	27	χάριν
202	28	ἔχοιεν
202	29	,
202	30	ὅτι
202	31	τὰ
202	32	κάλλιστα
202	33	τῶν
202	34	ἐπιτηδευμάτων
202	35	εὑρόντες
202	36	αὐτοί
202	37	τε
202	38	χρῶνται
202	39	καὶ
202	40	τοῖς
202	41	ἄλλοις
202	42	κατέδειξαν
202	43	.
203	1	τοῦτο
203	2	δὲ
203	3	ῥηθὲν
203	4	οὕτω
203	5	βραχὺ
203	6	καὶ
203	7	μικρὸν
203	8	αἴτιον
203	9	ἐγένετο
203	10	τοῦ
203	11	μή
203	12	τε
203	13	καταλῦσαί
203	14	με
203	15	τὸν
203	16	λόγον
203	17	ἐφʼ
203	18	ὧν
203	19	ἐβουλήθην
203	20	,
203	21	ὑπολαβεῖν
203	22	θʼ
203	23	ὡς
203	24	αἰσχρὸν
203	25	ποιήσω
203	26	καὶ
203	27	δεινόν
203	28	,
203	29	εἰ
203	30	παρὼν
203	31	περιόψομαί
203	32	τινα
203	33	τῶν
203	34	ἐμοὶ
203	35	πεπλησιακότων
203	36	πονηροῖς
203	37	λόγοις
203	38	χρώμενον
203	39	.
203	40	ταῦτα
203	41	δὲ
203	42	διανοηθεὶς
203	43	ἠρόμην
203	44	αὐτὸν
203	45	εἰ
203	46	μηδὲν
203	47	φροντίζει
203	48	τῶν
203	49	παρόντων
203	50	,
203	51	μηδʼ
203	52	αἰσχύνεται
203	53	λόγον
203	54	εἰρηκὼς
203	55	ἀσεβῆ
203	56	καὶ
203	57	ψευδῆ
203	58	καὶ
203	59	πολλῶν
203	60	ἐναντιώσεων
203	61	μεστόν
203	62	.
204	1	“γνώσει
204	2	δʼ
204	3	ὡς
204	4	ἔστι
204	5	τοιοῦτος
204	6	,
204	7	ἢν
204	8	ἐρωτήσῃς
204	9	τινὰς
204	10	τῶν
204	11	εὖ
204	12	φρονούντων
204	13	ποῖα
204	14	τῶν
204	15	ἐπιτηδευμάτων
204	16	κάλλιστα
204	17	νομίζουσιν
204	18	εἶναι
204	19	,
204	20	καὶ
204	21	μετὰ
204	22	ταῦτα
204	23	πόσος
204	24	χρόνος
204	25	ἐστὶν
204	26	ἐξ
204	27	οὗ
204	28	Σπαρτιᾶται
204	29	τυγχάνουσιν
204	30	ἐν
204	31	Πελοποννήσῳ
204	32	κατοικοῦντες
204	33	.
204	34	οὐδεὶς
204	35	γὰρ
204	36	ὅστις
204	37	οὐ
204	38	τῶν
204	39	μὲν
204	40	ἐπιτηδευμάτων
204	41	προκρινεῖ
204	42	τὴν
204	43	εὐσέβειαν
204	44	τὴν
204	45	περὶ
204	46	τοὺς
204	47	θεοὺς
204	48	καὶ
204	49	τὴν
204	50	δικαιοσύνην
204	51	τὴν
204	52	περὶ
204	53	τοὺς
204	54	ἀνθρώπους
204	55	καὶ
204	56	τὴν
204	57	φρόνησιν
204	58	τὴν
204	59	περὶ
204	60	τὰς
204	61	ἄλλας
204	62	πράξεις
204	63	,
204	64	Σπαρτιάτας
204	65	δʼ
204	66	ἐνταῦθα
204	67	κατοικεῖν
204	68	οὐ
204	69	πλείω
204	70	φήσουσιν
204	71	ἐτῶν
204	72	ἑκτακοσίων
204	73	.
205	1	τούτων
205	2	δʼ
205	3	οὕτως
205	4	ἐχόντων
205	5	,
205	6	εἰ
205	7	μὲν
205	8	τυγχάνεις
205	9	ἀληθῆ
205	10	λέγων
205	11	τούτους
205	12	φάσκων
205	13	εὑρετὰς
205	14	γεγενῆσθαι
205	15	τῶν
205	16	καλλίστων
205	17	ἐπιτηδευμάτων
205	18	,
205	19	ἀναγκαῖόν
205	20	ἐστι
205	21	τοὺς
205	22	πολλαῖς
205	23	γενεαῖς
205	24	πρότερον
205	25	γεγονότας
205	26	,
205	27	πρὶν
205	28	Σπαρτιάτας
205	29	ἐνταῦθα
205	30	κατοικῆσαι
205	31	,
205	32	μὴ
205	33	μετέχειν
205	34	αὐτῶν
205	35	,
205	36	μή
205	37	τε
205	38	τοὺς
205	39	ἐπὶ
205	40	Τροίαν
205	41	στρατευσαμένους
205	42	μή
205	43	τε
205	44	τοὺς
205	45	περὶ
205	46	Ἡρακλέα
205	47	καὶ
205	48	Θησέα
205	49	γεγονότας
205	50	μή
205	51	τε
205	52	Μίνω
205	53	τὸν
205	54	Διὸς
205	55	μή
205	56	τε
205	57	Ῥαδάμανθυν
205	58	μήτʼ
205	59	Αἰακὸν
205	60	μή
205	61	τε
205	62	τῶν
205	63	ἄλλων
205	64	μηδένα
205	65	τῶν
205	66	ὑμνουμένων
205	67	ἐπὶ
205	68	ταῖς
205	69	ἀρεταῖς
205	70	ταύταις
205	71	,
205	72	ἀλλὰ
205	73	ψευδῆ
205	74	τὴν
205	75	δόξαν
205	76	ταύτην
205	77	ἅπαντας
205	78	ἔχειν
205	79	·
205	80	εἰ
205	81	δὲ
205	82	σὺ
205	83	μὲν
205	84	φλυαρῶν
205	85	τυγχάνεις
205	86	,
206	1	προσήκει
206	2	δὲ
206	3	τοὺς
206	4	ἀπὸ
206	5	θεῶν
206	6	γεγονότας
206	7	καὶ
206	8	χρῆσθαι
206	9	ταύταις
206	10	μᾶλλον
206	11	τῶν
206	12	ἄλλων
206	13	καὶ
206	14	καταδεῖξαι
206	15	τοῖς
206	16	ἐπιγιγνομένοις
206	17	,
206	18	οὐκ
206	19	ἔστιν
206	20	ὅπως
206	21	οὐ
206	22	μαίνεσθαι
206	23	δόξεις
206	24	ἅπασι
206	25	τοῖς
206	26	ἀκούσασιν
206	27	,
206	28	οὕτως
206	29	εἰκῇ
206	30	καὶ
206	31	παρανόμως
206	32	οὓς
206	33	ἂν
206	34	τύχῃς
206	35	ἐπαινῶν
206	36	.
206	37	ἔπειτʼ
206	38	εἰ
206	39	μὲν
206	40	εὐλόγεις
206	41	αὐτοὺς
206	42	οὐδὲν
206	43	ἀκηκοὼς
206	44	τῶν
206	45	ἐμῶν
206	46	,
206	47	ἐλήρεις
206	48	μὲν
206	49	ἄν
206	50	,
206	51	οὐ
206	52	μὴν
206	53	ἐναντία
206	54	γε
206	55	λέγων
206	56	ἐφαίνου
206	57	σαυτῷ
206	58	·
207	1	νῦν
207	2	δʼ
207	3	ἐπῃνεκότι
207	4	σοι
207	5	τὸν
207	6	ἐμὸν
207	7	λόγον
207	8	,
207	9	τὸν
207	10	ἐπιδεικνύντα
207	11	πολλὰ
207	12	καὶ
207	13	δεινὰ
207	14	Δακεδαιμονίους
207	15	περὶ
207	16	τε
207	17	τοὺς
207	18	συγγενεῖς
207	19	τοὺς
207	20	αὑτῶν
207	21	καὶ
207	22	περὶ
207	23	τοὺς
207	24	ἄλλους
207	25	Ἕλληνας
207	26	διαπεπραγμένους
207	27	,
207	28	πῶς
207	29	οἷόν
207	30	τʼ
207	31	ἦν
207	32	ἔτι
207	33	σοὶ
207	34	λέγειν
207	35	τοὺς
207	36	ἐνόχους
207	37	ὄντας
207	38	τούτοις
207	39	,
207	40	ὡς
207	41	τῶν
207	42	καλλίστων
207	43	ἐπιτηδευμάτων
207	44	ἡγεμόνες
207	45	γεγόνασιν
207	46	;
208	1	πρὸς
208	2	δὲ
208	3	τούτοις
208	4	κ
208	5	ἀκεῖνό
208	6	σε
208	7	λέληθεν
208	8	,
208	9	ὅτι
208	10	τὰ
208	11	παραλελειμμένα
208	12	τῶν
208	13	ἐπιτηδευμάτων
208	14	καὶ
208	15	τῶν
208	16	τεχνῶν
208	17	καὶ
208	18	τῶν
208	19	ἄλλων
208	20	ἁπάντων
208	21	οὐχ
208	22	οἱ
208	23	τυχόντες
208	24	εὑρίσκουσιν
208	25	,
208	26	ἀλλʼ
208	27	οἱ
208	28	τάς
208	29	τε
208	30	φύσεις
208	31	διαφέροντες
208	32	καὶ
208	33	μαθεῖν
208	34	πλεῖστα
208	35	τῶν
208	36	πρότερον
208	37	εὑρημένων
208	38	δυνηθέντες
208	39	καὶ
208	40	προσέχειν
208	41	τὸν
208	42	νοῦν
208	43	τῷ
208	44	ζητεῖν
208	45	μᾶλλον
208	46	τῶν
208	47	ἄλλων
208	48	ἐθελήσαντες
208	49	.
209	1	ὧν
209	2	Λακεδαιμόνιοι
209	3	πλέον
209	4	ἀπέχουσι
209	5	τῶν
209	6	βαρβάρων
209	7	·
209	8	οἱ
209	9	μὲν
209	10	γὰρ
209	11	ἂν
209	12	φανεῖεν
209	13	πολλῶν
209	14	εὑρημάτων
209	15	καὶ
209	16	μαθηταὶ
209	17	καὶ
209	18	διδάσκαλοι
209	19	γεγονότες
209	20	,
209	21	οὗτοι
209	22	δὲ
209	23	τοσοῦτον
209	24	ἀπολελειμμένοι
209	25	τῆς
209	26	κοινῆς
209	27	παιδείας
209	28	καὶ
209	29	φιλοσοφίας
209	30	εἰσὶν
209	31	ὥστʼ
209	32	οὐ
209	33	δὲ
209	34	γράμματα
209	35	μανθάνουσιν
209	36	,
209	37	ἃ
209	38	τηλικαύτην
209	39	ἔχει
209	40	δύναμιν
209	41	ὥστε
209	42	τοὺς
209	43	ἐπισταμένους
209	44	καὶ
209	45	χρωμένους
209	46	αὐτοῖς
209	47	μὴ
209	48	μόνον
209	49	ἐμπείρους
209	50	γίγνεσθαι
209	51	τῶν
209	52	ἐπὶ
209	53	τῆς
209	54	ἡλικίας
209	55	τῆς
209	56	αὑτῶν
209	57	πραχθέντων
209	58	ἀλλὰ
209	59	καὶ
209	60	τῶν
209	61	πώποτε
209	62	γενομένων
209	63	.
210	1	ἀλλʼ
210	2	ὅμως
210	3	σὺ
210	4	καὶ
210	5	τοὺς
210	6	τῶν
210	7	τοιούτων
210	8	ἀμαθεῖς
210	9	ὄντας
210	10	ἐτόλμησας
210	11	εἰπεῖν
210	12	ὡς
210	13	εὑρεταὶ
210	14	τῶν
210	15	καλλίστων
210	16	ἐπιτηδευμάτων
210	17	γεγόνασι
210	18	,
210	19	καὶ
210	20	ταῦτʼ
210	21	εἰδὼς
210	22	ὅτι
210	23	τοὺς
210	24	παῖδας
210	25	τοὺς
210	26	ἑαυτῶν
210	27	ἐθίζουσι
210	28	περὶ
210	29	τοιαύτας
210	30	πραγματείας
210	31	διατρίβειν
210	32	,
210	33	ἐξ
210	34	ὧν
210	35	ἐλπίζουσιν
210	36	αὐτοὺς
210	37	οὐκ
210	38	εὐεργέτας
210	39	γενήσεσθαι
210	40	τῶν
210	41	ἄλλων
210	42	,
210	43	ἀλλὰ
210	44	κακῶς
210	45	ποιεῖν
210	46	μάλιστα
210	47	δυνήσεσθαι
210	48	τοὺς
210	49	Ἕλληνας
210	50	.
211	1	ἃς
211	2	πάσας
211	3	μὲν
211	4	διεξιὼν
211	5	πολὺν
211	6	ὄχλον
211	7	ἐμαυτῷ
211	8	τʼ
211	9	ἂν
211	10	παράσχοιμι
211	11	καὶ
211	12	τοῖς
211	13	ἀκούουσιν
211	14	,
211	15	μίαν
211	16	δὲ
211	17	μόνον
211	18	εἰπών
211	19	,
211	20	ἣν
211	21	ἀγαπῶσι
211	22	καὶ
211	23	περὶ
211	24	ἣν
211	25	μάλιστα
211	26	σπουδάζουσιν
211	27	,
211	28	οἶμαι
211	29	δηλώσειν
211	30	ἅπαντα
211	31	τὸν
211	32	τρόπον
211	33	αὐτῶν
211	34	.
211	35	ἐκεῖνοι
211	36	γὰρ
211	37	καθʼ
211	38	ἑκάστην
211	39	τὴν
211	40	ἡμέραν
211	41	εὐθὺς
211	42	ἐξ
211	43	εὐνῆς
211	44	ἐκπέμπουσι
211	45	τοὺς
211	46	παῖδας
211	47	,
211	48	μεθʼ
211	49	ὧν
211	50	ἂν
211	51	ἕκαστοι
211	52	βουληθῶσι
211	53	,
211	54	λόγῳ
211	55	μὲν
211	56	ἐπὶ
211	57	θήραν
211	58	,
211	59	ἔργῳ
211	60	δʼ
211	61	ἐπὶ
211	62	κλωπείαν
211	63	τῶν
211	64	ἐν
211	65	τοῖς
211	66	ἀγροῖς
211	67	κατοικούντων
211	68	·
212	1	ἐν
212	2	ᾗ
212	3	συμβαίνει
212	4	τοὺς
212	5	μὲν
212	6	ληφθέντας
212	7	ἀργύριον
212	8	ἀποτίνειν
212	9	καὶ
212	10	πληγὰς
212	11	λαμβάνειν
212	12	,
212	13	τοὺς
212	14	δὲ
212	15	πλεῖστα
212	16	κακουργήσαντας
212	17	καὶ
212	18	λαθεῖν
212	19	δυνηθέντας
212	20	ἔν
212	21	τε
212	22	τοῖς
212	23	παισὶν
212	24	εὐδοκιμεῖν
212	25	μᾶλλον
212	26	τῶν
212	27	ἄλλων
212	28	,
212	29	ἐπειδὰν
212	30	δʼ
212	31	εἰς
212	32	ἄνδρας
212	33	συντελῶσιν
212	34	,
212	35	ἢν
212	36	ἐμμείνωσι
212	37	τοῖς
212	38	ἤθεσιν
212	39	οἷς
212	40	παῖδες
212	41	ὄντες
212	42	ἐμελέτησαν
212	43	,
212	44	ἐγγὺς
212	45	εἶναι
212	46	τῶν
212	47	μεγίστων
212	48	ἀρχῶν
212	49	.
213	1	καὶ
213	2	ταύτης
213	3	ἤν
213	4	τις
213	5	ἐπιδείξῃ
213	6	παιδείαν
213	7	μᾶλλον
213	8	ἀγαπωμένην
213	9	ἢ
213	10	σπουδαιοτέραν
213	11	παρʼ
213	12	αὐτοῖς
213	13	εἶναι
213	14	νομιζομένην
213	15	,
213	16	ὁμολογῶ
213	17	μηδὲν
213	18	ἀληθὲς
213	19	εἰρηκέναι
213	20	μη
213	21	δὲ
213	22	περὶ
213	23	ἑνὸς
213	24	πώποτε
213	25	πράγματος
213	26	.
213	27	καίτοι
213	28	τί
213	29	τῶν
213	30	τοιούτων
213	31	ἔργων
213	32	καλόν
213	33	ἐστιν
213	34	ἢ
213	35	σεμνόν
213	36	,
213	37	ἀλλʼ
213	38	οὐκ
213	39	αἰσχύνης
213	40	ἄξιον
213	41	;
213	42	πῶς
213	43	δʼ
213	44	οὐκ
213	45	ἀνοήτους
213	46	χρὴ
213	47	νομίζειν
213	48	τοὺς
213	49	ἐπαινοῦντας
213	50	τοὺς
213	51	τοσοῦτον
213	52	τῶν
213	53	νόμων
213	54	τῶν
213	55	κοινῶν
213	56	ἐξεστηκότας
213	57	καὶ
213	58	μηδὲν
213	59	τῶν
213	60	αὐτῶν
213	61	μή
213	62	τε
213	63	τοῖς
213	64	Ἕλλησι
213	65	μή
213	66	τε
213	67	τοῖς
213	68	βαρβάροις
213	69	γιγνώσκοντας
213	70	;
214	1	οἱ
214	2	μὲν
214	3	γὰρ
214	4	ἄλλοι
214	5	τοὺς
214	6	κακουργοῦντας
214	7	κακουργοῦνταςϝυλγ.:κατηγοροῦντας
214	8	Γ
214	9	.
214	10	καὶ
214	11	κλέπτοντας
214	12	πονηροτέρους
214	13	πονηροτέρουςϝυλγ.:πονηροτάτους
214	14	Γ
214	15	.
214	16	τῶν
214	17	οἰκετῶν
214	18	νομίζουσιν
214	19	,
214	20	ἐκεῖνοι
214	21	δὲ
214	22	τοὺς
214	23	ἐν
214	24	τοῖς
214	25	τοιούτοις
214	26	τῶν
214	27	ἔργων
214	28	πρωτεύοντας
214	29	βελτίστους
214	30	εἶναι
214	31	τῶν
214	32	παίδων
214	33	ὑπολαμβάνουσι
214	34	καὶ
214	35	μάλιστα
214	36	τιμῶσιν
214	37	.
214	38	καίτοι
214	39	τίς
214	40	ἂν
214	41	τῶν
214	42	εὖ
214	43	φρονούντων
214	44	οὐκ
214	45	ἂν
214	46	τρὶς
214	47	ἀποθανεῖν
214	48	ἕλοιτο
214	49	μᾶλλον
214	50	,
214	51	ἢ
214	52	διὰ
214	53	τοιούτων
214	54	ἐπιτηδευμάτων
214	55	γνωσθῆναι
214	56	τὴν
214	57	ἄσκησιν
214	58	τῆς
214	59	ἀρετῆς
214	60	ποιούμενος;”
215	1	ταῦτʼ
215	2	ἀκούσας
215	3	θρασέως
215	4	μὲν
215	5	οὐ
215	6	δὲ
215	7	πρὸς
215	8	ἓν
215	9	ἀντεῖπε
215	10	τῶν
215	11	εἰρημένων
215	12	,
215	13	οὐ
215	14	δ’
215	15	αὖ
215	16	παντάπασιν
215	17	ἀπεσιώπησεν
215	18	,
215	19	ἀλλʼ
215	20	ἔλεγεν
215	21	ὅτι
215	22	“οὐ
215	23	μὲν
215	24	πεποίησαι
215	25	τοὺς
215	26	λόγουσ”
215	27	ἐμὲ
215	28	λέγων
215	29	“ὡς
215	30	ἅπαντʼ
215	31	ἀποδεχομένου
215	32	μου
215	33	τ
215	34	ἀκεῖ
215	35	καὶ
215	36	καλῶς
215	37	ἔχειν
215	38	νομίζοντος
215	39	·
215	40	ἐμοὶ
215	41	δὲ
215	42	δοκεῖς
215	43	περὶ
215	44	μὲν
215	45	τῆς
215	46	τῶν
215	47	παίδων
215	48	αὐτονομίας
215	49	καὶ
215	50	περὶ
215	51	ἄλλων
215	52	πολλῶν
215	53	εἰκότως
215	54	ἐπιτιμᾶν
215	55	ἐκείνοις
215	56	,
216	1	ἐμοῦ
216	2	δʼ
216	3	οὐ
216	4	δικαίως
216	5	κατηγορεῖν
216	6	.
216	7	ἐγὼ
216	8	γὰρ
216	9	ἐλυπήθην
216	10	μὲν
216	11	τὸν
216	12	λόγον
216	13	ἀναγιγνώσκων
216	14	ἐπὶ
216	15	τοῖς
216	16	περὶ
216	17	Λακεδαιμονίων
216	18	εἰρημένοις
216	19	,
216	20	οὐ
216	21	μὴν
216	22	οὕτως
216	23	ὡς
216	24	ἐπὶ
216	25	τῷ
216	26	μηδὲν
216	27	ἀντειπεῖν
216	28	ὑπὲρ
216	29	αὐτῶν
216	30	δύνασθαι
216	31	τοῖς
216	32	γεγραμμένοις
216	33	,
216	34	εἰθισμένος
216	35	τὸν
216	36	ἄλλον
216	37	χρόνον
216	38	ἐπαινεῖν
216	39	.
216	40	εἰς
216	41	τοιαύτην
216	42	δʼ
216	43	ἀπορίαν
216	44	καταστὰς
216	45	εἶπον
216	46	ὅπερ
216	47	ἦν
216	48	λοιπόν
216	49	,
216	50	ὡς
216	51	εἰ
216	52	καὶ
216	53	μηδὲν
216	54	διʼ
216	55	ἄλλο
216	56	,
216	57	διά
216	58	γʼ
216	59	ἐκεῖνο
216	60	δικαίως
216	61	ἂν
216	62	αὐτοῖς
216	63	ἅπαντες
216	64	χάριν
216	65	ἔχοιμεν
216	66	,
216	67	ὅτι
216	68	τοῖς
216	69	καλλίστοις
216	70	τῶν
216	71	ἐπιτηδευμάτων
216	72	χρώμενοι
216	73	τυγχάνουσιν
216	74	.
217	1	ταῦτα
217	2	δʼ
217	3	εἶπον
217	4	οὐ
217	5	πρὸς
217	6	τὴν
217	7	εὐσέβειαν
217	8	οὐ
217	9	δὲ
217	10	πρὸς
217	11	τὴν
217	12	δικαιοσύνην
217	13	οὐ
217	14	δὲ
217	15	πρὸς
217	16	τὴν
217	17	φρόνησιν
217	18	ἀποβλέψας
217	19	,
217	20	ἃ
217	21	σὺ
217	22	διῆθες
217	23	,
217	24	ἀλλὰ
217	25	πρὸς
217	26	τὰ
217	27	γυμνάσια
217	28	τ
217	29	ἀκεῖ
217	30	καθεστηκότα
217	31	καὶ
217	32	πρὸς
217	33	τὴν
217	34	ἄσκησιν
217	35	τῆς
217	36	ἀνδρίας
217	37	καὶ
217	38	τὴν
217	39	ὁμόνοιαν
217	40	καὶ
217	41	συνόλως
217	42	τὴν
217	43	περὶ
217	44	τὸν
217	45	πόλεμον
217	46	ἐπιμέλειαν
217	47	,
217	48	ἅπερ
217	49	ἅπαντες
217	50	ἂν
217	51	ἐπαινοῖεν
217	52	,
217	53	καὶ
217	54	μάλιστʼ
217	55	ἂν
217	56	αὐτοῖς
217	57	ἐκείνους
217	58	χρῆσθαι
217	59	φήσειαν.”
218	1	ταῦτα
218	2	δʼ
218	3	αὐτοῦ
218	4	διαλεχθέντος
218	5	ἀπεδεξάμην
218	6	μέν
218	7	,
218	8	οὐχ
218	9	ὡς
218	10	διαλυόμενόν
218	11	τι
218	12	τῶν
218	13	κατηγορημένων
218	14	,
218	15	ἀλλʼ
218	16	ὡς
218	17	ἀποκρυπτόμενον
218	18	τὸ
218	19	πικρότατον
218	20	τῶν
218	21	τότε
218	22	ῥηθέντων
218	23	οὐκ
218	24	ἀπαιδεύτως
218	25	ἀλλὰ
218	26	νοῦν
218	27	ἐχόντως
218	28	,
218	29	καὶ
218	30	περὶ
218	31	τῶν
218	32	ἄλλων
218	33	ἀπολελογημένον
218	34	σωφρονέστερον
218	35	ἢ
218	36	τότε
218	37	παρρησιασάμενον
218	38	·
218	39	οὐ
218	40	μὴν
218	41	ἀλλʼ
218	42	ἐκεῖνʼ
218	43	ἐάσας
218	44	περὶ
218	45	αὐτῶν
218	46	τούτων
218	47	ἔφασκον
218	48	κατηγορίαν
218	49	ἔχειν
218	50	πολὺ
218	51	δεινοτέραν
218	52	ἢ
218	53	περὶ
218	54	τῆς
218	55	τῶν
218	56	παίδων
218	57	κλωπείας
218	58	.
219	1	“ἐκείνοις
219	2	μὲν
219	3	γὰρ
219	4	τοῖς
219	5	ἐπιτηδεύμασιν
219	6	ἐλυμαίνοντο
219	7	τοὺς
219	8	αὑτῶν
219	9	παῖδας
219	10	,
219	11	οἷς
219	12	δʼ
219	13	ὀλίγῳ
219	14	πρότερον
219	15	σὺ
219	16	διῆλθες
219	17	,
219	18	τοὺς
219	19	Ἕλληνας
219	20	ἀπώλλυσαν
219	21	.
219	22	ῥᾴδιον
219	23	δʼ
219	24	,
219	25	ὡς
219	26	οὕτως
219	27	εἶχε
219	28	ταῦτα
219	29	,
219	30	συνιδεῖν
219	31	.
219	32	οἶμαι
219	33	γὰρ
219	34	ἅπαντας
219	35	ἂν
219	36	ὁμολογῆσαι
219	37	κακίστους
219	38	ἄνδρας
219	39	εἶναι
219	40	καὶ
219	41	μεγίστης
219	42	ζημίας
219	43	ἀξίους
219	44	,
219	45	ὅσοι
219	46	τοῖς
219	47	πράγμασι
219	48	τοῖς
219	49	εὑρημένοις
219	50	ἐπʼ
219	51	ὠφελίᾳ
219	52	,
219	53	τούτοις
219	54	ἐπὶ
219	55	βλάβῃ
219	56	χρώμενοι
219	57	τυγχάνουσι
219	58	,
220	1	μὴ
220	2	πρὸς
220	3	τοὺς
220	4	βαρβάρους
220	5	μη
220	6	δὲ
220	7	πρὸς
220	8	τοὺς
220	9	ἁμαρτάνοντας
220	10	μη
220	11	δὲ
220	12	πρὸς
220	13	τοὺς
220	14	εἰς
220	15	τὴν
220	16	αὑτῶν
220	17	χώραν
220	18	εἰσβάλλοντας
220	19	,
220	20	ἀλλὰ
220	21	πρὸς
220	22	τοὺς
220	23	οἰκειοτάτους
220	24	καὶ
220	25	τῆς
220	26	αὐτῆς
220	27	συγγενείας
220	28	μετέχοντας
220	29	·
220	30	ἅπερ
220	31	ἐποίουν
220	32	Ξπαρτιᾶται
220	33	.
220	34	καίτοι
220	35	πῶς
220	36	ὅσιόν
220	37	ἐστι
220	38	φάσκειν
220	39	καλῶς
220	40	χρῆσθαι
220	41	τοῖς
220	42	περὶ
220	43	τὸν
220	44	πόλεμον
220	45	ἐπιτηδεύμασιν
220	46	,
220	47	οἵτινες
220	48	οὓς
220	49	προσῆκε
220	50	σώζειν
220	51	,
220	52	τούτους
220	53	ἀπολλύοντες
220	54	ἅπαντα
220	55	τὸν
220	56	χρόνον
220	57	διετέλεσαν
220	58	;
221	1	ἀλλὰ
221	2	γὰρ
221	3	οὐ
221	4	σὺ
221	5	μόνος
221	6	ἀγνοεῖς
221	7	τοὺς
221	8	καλῶς
221	9	χρωμένους
221	10	τοῖς
221	11	πράγμασιν
221	12	,
221	13	ἀλλὰ
221	14	σχεδὸν
221	15	οἱ
221	16	πλεῖστοι
221	17	τῶν
221	18	Ἑλλήνων
221	19	.
221	20	ἐπειδὰν
221	21	γάρ
221	22	τινας
221	23	ἴδωσιν
221	24	ἢ
221	25	πύθωνται
221	26	παρά
221	27	τινων
221	28	ἐπιμελῶς
221	29	διατρίβοντας
221	30	περὶ
221	31	τὰ
221	32	δοκοῦντʼ
221	33	εἶναι
221	34	καλὰ
221	35	τῶν
221	36	ἐπιτηδευμάτων
221	37	,
221	38	ἐπαινοῦσι
221	39	καὶ
221	40	πολλοὺς
221	41	λόγους
221	42	ποιοῦνται
221	43	περὶ
221	44	αὐτῶν
221	45	,
221	46	οὐκ
221	47	εἰδότες
221	48	τὸ
221	49	συμβησόμενον
221	50	.
222	1	χρὴ
222	2	δὲ
222	3	τοὺς
222	4	ὀρθῶς
222	5	δοκιμάζειν
222	6	βουλομένους
222	7	περὶ
222	8	τῶν
222	9	τοιούτων
222	10	ἐν
222	11	ἀρχῇ
222	12	μὲν
222	13	ἡσυχίαν
222	14	ἄγειν
222	15	καὶ
222	16	μηδεμίαν
222	17	δόξαν
222	18	ἔχειν
222	19	περὶ
222	20	αὐτῶν
222	21	,
222	22	ἐπειδὰν
222	23	δʼ
222	24	εἰς
222	25	τὸν
222	26	χρόνον
222	27	ἐκεῖνον
222	28	ἔλθωσιν
222	29	,
222	30	ἐν
222	31	ᾧ
222	32	καὶ
222	33	λέγοντας
222	34	καὶ
222	35	πράττοντας
222	36	αὐτοὺς
222	37	ὄψονται
222	38	καὶ
222	39	περὶ
222	40	τῶν
222	41	ἰδίων
222	42	καὶ
222	43	περὶ
222	44	τῶν
222	45	κοινῶν
222	46	,
222	47	τότε
222	48	θεωρεῖν
222	49	ἀκριβῶς
222	50	ἕκαστον
222	51	αὐτῶν
222	52	,
223	1	καὶ
223	2	τοὺς
223	3	μὲν
223	4	νομίμως
223	5	καὶ
223	6	καλῶς
223	7	χρωμένους
223	8	οἷς
223	9	ἐμελέτησαν
223	10	ἐπαινεῖν
223	11	καὶ
223	12	τιμᾶν
223	13	,
223	14	τοὺς
223	15	δὲ
223	16	πλημμελοῦντας
223	17	καὶ
223	18	κακουργοῦντας
223	19	ψέγειν
223	20	καὶ
223	21	μισεῖν
223	22	καὶ
223	23	φυλάττεσθαι
223	24	τὸν
223	25	τρόπον
223	26	αὐτῶν
223	27	,
223	28	ἐνθυμουμένους
223	29	ὡς
223	30	οὐχ
223	31	αἱ
223	32	φύσεις
223	33	αἱ
223	34	τῶν
223	35	πραγμάτων
223	36	οὔ
223	37	τ’
223	38	ὠφελοῦσιν
223	39	οὔ
223	40	τε
223	41	βλάπτουσιν
223	42	ἡμᾶς
223	43	,
223	44	ἀλλʼ
223	45	ὡς
223	46	αἱ
223	47	τῶν
223	48	ἀνθρώπων
223	49	χρήσεις
223	50	καὶ
223	51	πράξεις
223	52	ἁπάντων
223	53	ἡμῖν
223	54	αἴτιαι
223	55	τῶν
223	56	συμβαινόντων
223	57	εἰσίν
223	58	.
224	1	γνοίη
224	2	δʼ
224	3	ἄν
224	4	τις
224	5	ἐκεῖθεν
224	6	·
224	7	τὰ
224	8	γὰρ
224	9	αὐτὰ
224	10	πανταχῇ
224	11	καὶ
224	12	μηδαμῇ
224	13	διαφέροντα
224	14	τοῖς
224	15	μὲν
224	16	ὠφέλιμα
224	17	τοῖς
224	18	δὲ
224	19	βλαβερὰ
224	20	γίγνεται
224	21	.
224	22	καίτοι
224	23	τὴν
224	24	μὲν
224	25	φύσιν
224	26	ἕκαστον
224	27	τῶν
224	28	ὄντων
224	29	τὴν
224	30	ἐναντίαν
224	31	αὐτὴν
224	32	αὑτῇ
224	33	καὶ
224	34	μὴ
224	35	αὐτὴν
224	36	οὐκ
224	37	εὔκολόν
224	38	ἐστιν
224	39	·
224	40	τὸ
224	41	δὲ
224	42	μηδὲν
224	43	τῶν
224	44	αὐτῶν
224	45	συμβαίνειν
224	46	τοῖς
224	47	ὀρθῶς
224	48	καὶ
224	49	δικαίως
224	50	πράττουσι
224	51	καὶ
224	52	τοῖς
224	53	ἀσελγῶς
224	54	τε
224	55	καὶ
224	56	κακῶς
224	57	,
224	58	τίνι
224	59	τῶν
224	60	ὀρθῶς
224	61	λογιζομένων
224	62	οὐκ
224	63	ἂν
224	64	εἰκότως
224	65	ταῦτα
224	66	γίγνεσθαι
224	67	δόξειεν
224	68	;
225	1	ὁ
225	2	δʼ
225	3	αὐτὸς
225	4	οὗτος
225	5	λόγος
225	6	καὶ
225	7	περὶ
225	8	τὰς
225	9	ὁμονοίας
225	10	ἂν
225	11	ἁρμόσειεν
225	12	·
225	13	καὶ
225	14	γὰρ
225	15	ἐκεῖναι
225	16	τὴν
225	17	φύσιν
225	18	εἰσὶν
225	19	οὐκ
225	20	ἀνόμοιαι
225	21	τοῖς
225	22	εἰρημένοις
225	23	,
225	24	ἀλλὰ
225	25	τὰς
225	26	μὲν
225	27	αὐτῶν
225	28	εὕροιμεν
225	29	ἂν
225	30	πλείστων
225	31	ἀγαθῶν
225	32	αἰτίας
225	33	γιγνομένας
225	34	,
225	35	τὰς
225	36	δὲ
225	37	τῶν
225	38	μεγίστων
225	39	κακῶν
225	40	καὶ
225	41	συμφορῶν
225	42	.
225	43	ὧν
225	44	μίαν
225	45	εἶναί
225	46	φημι
225	47	καὶ
225	48	τὴν
225	49	Σπαρτιατῶν
225	50	·
225	51	εἰρήσεται
225	52	γὰρ
225	53	τ
225	54	ἀληθές
225	55	,
225	56	εἰ
225	57	καί
225	58	τισι
225	59	δόξω
225	60	λίαν
225	61	παράδοξα
225	62	λέγειν
225	63	.
226	1	οὗτοι
226	2	γὰρ
226	3	τῷ
226	4	τ
226	5	αὐτὰ
226	6	γιγνώσκειν
226	7	περὶ
226	8	τῶν
226	9	ἔξω
226	10	πραγμάτων
226	11	ἀλλήλοις
226	12	στασιάζειν
226	13	τοὺς
226	14	Ἕλληνας
226	15	ὥσπερ
226	16	τέχνην
226	17	ἔχοντες
226	18	,
226	19	ἐποίουν
226	20	,
226	21	καὶ
226	22	τὸ
226	23	χαλεπώτατον
226	24	ταῖς
226	25	ἄλλαις
226	26	πόλεσι
226	27	τῶν
226	28	κακῶν
226	29	γιγνόμενον
226	30	,
226	31	τοῦθʼ
226	32	αὑτοῖς
226	33	ἁπάντων
226	34	συμφορώτατον
226	35	ἐνόμιζον
226	36	εἶναι
226	37	·
226	38	τὰς
226	39	γὰρ
226	40	οὕτω
226	41	διακειμένας
226	42	ἐξῆν
226	43	αὐτοῖς
226	44	,
226	45	ὅπως
226	46	ἠβούλοντο
226	47	,
226	48	διοικεῖν
226	49	.
226	50	ὥστʼ
226	51	οὐδεὶς
226	52	ἂν
226	53	αὐτοὺς
226	54	διά
226	55	γε
226	56	τὴν
226	57	ὁμόνοιαν
226	58	δικαίως
226	59	ἐπαινέσειεν
226	60	,
226	61	οὐδὲν
226	62	μᾶλλον
226	63	ἢ
226	64	τοὺς
226	65	καταποντιστὰς
226	66	καὶ
226	67	λῃστὰς
226	68	καὶ
226	69	τοὺς
226	70	περὶ
226	71	τὰς
226	72	ἄλλας
226	73	ἀδικίας
226	74	ὄντας
226	75	·
226	76	καὶ
226	77	γὰρ
226	78	ἐκεῖνοι
226	79	σφίσιν
226	80	αὐτοῖς
226	81	ὁμονοοῦντες
226	82	τοὺς
226	83	ἄλλους
226	84	ἀπολλύουσιν
226	85	.
227	1	εἰ
227	2	δέ
227	3	τισι
227	4	δοκῶ
227	5	τὴν
227	6	παραβολὴν
227	7	ἀπρεπῆ
227	8	πεποιῆσθαι
227	9	πρὸς
227	10	τὴν
227	11	ἐκείνων
227	12	δόξαν
227	13	,
227	14	ταύτην
227	15	μὲν
227	16	ἐῶ
227	17	,
227	18	λέγω
227	19	δὲ
227	20	Τριβαλλούς
227	21	,
227	22	οὓς
227	23	ἅπαντές
227	24	φασιν
227	25	ὁμονοεῖν
227	26	μὲν
227	27	ὡς
227	28	οὐδένας
227	29	ἄλλους
227	30	ἀνθρώπους
227	31	,
227	32	ἀπολλύναι
227	33	δʼ
227	34	οὐ
227	35	μόνον
227	36	τοὺς
227	37	ὁμόρους
227	38	καὶ
227	39	τοὺς
227	40	πλησίον
227	41	οἰκοῦντας
227	42	,
227	43	ἀλλὰ
227	44	καὶ
227	45	τοὺς
227	46	ἄλλους
227	47	ὅσων
227	48	ἂν
227	49	ἐφικέσθαι
227	50	δυνηθῶσιν
227	51	.
228	1	οὓς
228	2	οὐ
228	3	χρὴ
228	4	μιμεῖσθαι
228	5	τοὺς
228	6	ἀρετῆς
228	7	ἀντιποιουμένους
228	8	,
228	9	ἀλλὰ
228	10	πολὺ
228	11	μᾶλλον
228	12	τὴν
228	13	τῆς
228	14	σοφίας
228	15	καὶ
228	16	τῆς
228	17	δικαιοσύνης
228	18	καὶ
228	19	τῶν
228	20	ἄλλων
228	21	ἀρετῶν
228	22	δύναμιν
228	23	.
228	24	αὗται
228	25	μὲν
228	26	γὰρ
228	27	οὐ
228	28	τὰς
228	29	σφετέρας
228	30	αὐτῶν
228	31	φύσεις
228	32	εὐεργετοῦσιν
228	33	,
228	34	ἀλλʼ
228	35	οἷς
228	36	ἂν
228	37	παραγενόμεναι
228	38	παραμείνωσιν
228	39	,
228	40	εὐδαίμονας
228	41	καὶ
228	42	μακαρίους
228	43	ποιοῦσιν
228	44	·
228	45	Λακεδαιμόνιοι
228	46	δὲ
228	47	τ
228	48	οὐναντίον
228	49	,
228	50	οἷς
228	51	μὲν
228	52	ἂν
228	53	πλησιάσωσιν
228	54	,
228	55	ἀπολλύουσι
228	56	,
228	57	τὰ
228	58	δὲ
228	59	τῶν
228	60	ἄλλων
228	61	ἀγαθὰ
228	62	πάντα
228	63	περὶ
228	64	σφᾶς
228	65	αὐτοὺς
228	66	ποιοῦνται.”
229	1	ταῦτʼ
229	2	εἰπὼν
229	3	κατέσχον
229	4	πρὸς
229	5	ὃν
229	6	τοὺς
229	7	λόγους
229	8	ἐποιούμην
229	9	,
229	10	ἄνδρα
229	11	δεινὸν
229	12	καὶ
229	13	πολλῶν
229	14	ἔμπειρον
229	15	καὶ
229	16	περὶ
229	17	τὸ
229	18	λέγειν
229	19	γεγυμνασμένον
229	20	οὐδενὸς
229	21	ἧττον
229	22	τῶν
229	23	ἐμοὶ
229	24	πεπλησιακότων
229	25	.
229	26	οὐ
229	27	μὴν
229	28	τὰ
229	29	μειράκια
229	30	τὰ
229	31	πᾶσι
229	32	παραγεγενημένα
229	33	τούτοις
229	34	τὴν
229	35	αὐτὴν
229	36	ἐμοὶ
229	37	γνώμην
229	38	ἔσχεν
229	39	,
229	40	ἀλλʼ
229	41	ἐμὲ
229	42	μὲν
229	43	ἐπῄνεσαν
229	44	ὡς
229	45	διειλεγμένον
229	46	τε
229	47	νεαρωτέρως
229	48	ἢ
229	49	προσεδόκησαν
229	50	ἠγωνισμένον
229	51	τε
229	52	καλῶς
229	53	,
229	54	ἐκείνου
229	55	δὲ
229	56	κατεφρόνησαν
229	57	,
229	58	οὐκ
229	59	ὀρθῶς
229	60	γιγνώσκοντες
229	61	,
230	1	ἀλλὰ
230	2	διημαρτηκότες
230	3	ἀμφοτέρων
230	4	ἡμῶν
230	5	.
230	6	ὁ
230	7	μὲν
230	8	γὰρ
230	9	ἀπῄει
230	10	φρονιμώτερος
230	11	γεγενημένος
230	12	καὶ
230	13	συνεσταλμένην
230	14	ἔχων
230	15	τὴν
230	16	διάνοιαν
230	17	,
230	18	ὥσπερ
230	19	χρὴ
230	20	τοὺς
230	21	εὖ
230	22	φρονοῦντας
230	23	,
230	24	καὶ
230	25	πεπονθὼς
230	26	τὸ
230	27	γεγραμμένον
230	28	ἐν
230	29	Δελφοῖς
230	30	,
230	31	αὑτόν
230	32	τʼ
230	33	ἐγνωκὼς
230	34	καὶ
230	35	τὴν
230	36	Λακεδαιμονίων
230	37	φύσιν
230	38	μᾶλλον
230	39	ἢ
230	40	πρότερον
230	41	·
230	42	ἐγὼ
230	43	δʼ
230	44	ὑπελειπόμην
230	45	ἐπιτυχῶς
230	46	μὲν
230	47	ἴσως
230	48	διειλεγμένος
230	49	,
230	50	ἀνοητότερος
230	51	δὲ
230	52	διʼ
230	53	αὐτὸ
230	54	τοῦτο
230	55	γεγενημένος
230	56	,
230	57	καὶ
230	58	φρονῶν
230	59	μεῖζον
230	60	ἢ
230	61	προσῆκε
230	62	τοὺς
230	63	τηλικούτους
230	64	,
230	65	καὶ
230	66	ταραχῆς
230	67	μειρακιώδους
230	68	μεστὸς
230	69	ὤν
230	70	.
231	1	δῆλος
231	2	δʼ
231	3	ἦν
231	4	οὕτω
231	5	διακείμενος
231	6	·
231	7	ἐπειδὴ
231	8	γὰρ
231	9	ἡσυχίας
231	10	ἐπελαβόμην
231	11	,
231	12	οὐ
231	13	πρότερον
231	14	ἐπαυσάμην
231	15	πρὶν
231	16	ὑπέβαλον
231	17	τῷ
231	18	παιδὶ
231	19	τὸν
231	20	λόγον
231	21	,
231	22	ὃν
231	23	ὀλίγῳ
231	24	μὲν
231	25	πρότερον
231	26	μεθʼ
231	27	ἡδονῆς
231	28	διῆλθον
231	29	,
231	30	μικρῷ
231	31	δʼ
231	32	ὕστερον
231	33	ἤμελλέ
231	34	με
231	35	λυπήσειν
231	36	.
231	37	τριῶν
231	38	γὰρ
231	39	ἢ
231	40	τεττάρων
231	41	ἡμερῶν
231	42	διαλειφθεισῶν
231	43	ἀναγιγνώσκων
231	44	αὐτὰ
231	45	καὶ
231	46	διεξιών
231	47	,
231	48	ἐπὶ
231	49	μὲν
231	50	οἷς
231	51	περὶ
231	52	τῆς
231	53	πόλεως
231	54	ἦν
231	55	εἰρηκώς
231	56	,
231	57	οὐκ
231	58	ἠχθόμην
231	59	,
231	60	καλῶς
231	61	γὰρ
231	62	καὶ
231	63	δικαίως
231	64	ἦν
231	65	ἅπαντα
231	66	περὶ
231	67	αὐτῆς
231	68	γεγραφώς
231	69	,
232	1	ἐπὶ
232	2	δὲ
232	3	τοῖς
232	4	περὶ
232	5	Λακεδαιμονίων
232	6	ἐλυπήθην
232	7	καὶ
232	8	βαρέως
232	9	ἔφερον
232	10	·
232	11	οὐ
232	12	γὰρ
232	13	μετρίως
232	14	ἐδόκουν
232	15	μοι
232	16	διειλέχθαι
232	17	περὶ
232	18	αὐτῶν
232	19	οὐ
232	20	δ’
232	21	ὁμοίως
232	22	τοῖς
232	23	ἄλλοις
232	24	,
232	25	ἀλλʼ
232	26	ὀλιγώρως
232	27	καὶ
232	28	λίαν
232	29	πικρῶς
232	30	καὶ
232	31	παντάπασιν
232	32	ἀνοήτως
232	33	·
232	34	ὥστε
232	35	πολλάκις
232	36	ὁρμήσας
232	37	ἐξαλείφειν
232	38	αὐτὸν
232	39	ἢ
232	40	κατακάειν
232	41	μετεγίγνωσκον
232	42	,
232	43	ἐλεῶν
232	44	τὸ
232	45	γῆρας
232	46	τ
232	47	οὐμαυτοῦ
232	48	καὶ
232	49	τὸν
232	50	πόνον
232	51	τὸν
232	52	περὶ
232	53	τὸν
232	54	λόγον
232	55	γεγενημένον
232	56	.
233	1	ἐν
233	2	τοιαύτῃ
233	3	δὲ
233	4	μοι
233	5	ταραχῇ
233	6	καθεστηκότι
233	7	καὶ
233	8	μεταβολὰς
233	9	ποιουμένῳ
233	10	πολλὰς
233	11	ἔδοξε
233	12	κράτιστον
233	13	εἶναι
233	14	παρακαλέσαντι
233	15	τῶν
233	16	πεπλησιακότων
233	17	τοὺς
233	18	ἐπιδημοῦντας
233	19	βουλεύσασθαι
233	20	μετʼ
233	21	αὐτῶν
233	22	,
233	23	πότεροι
233	24	ἀφανιστέος
233	25	παντάπασίν
233	26	ἐστιν
233	27	ἢ
233	28	διαδοτέος
233	29	τοῖς
233	30	βουλομένοις
233	31	λαμβάνειν
233	32	,
233	33	ὁπότερα
233	34	δʼ
233	35	ἂν
233	36	ἐκείνοις
233	37	δόξῃ
233	38	,
233	39	ταῦτα
233	40	ποιεῖν
233	41	.
233	42	τούτων
233	43	γνωσθέντων
233	44	οὐδεμίαν
233	45	διατριβὴν
233	46	ἐποιησάμην
233	47	,
233	48	ἀλλʼ
233	49	εὐθὺς
233	50	παρεκέκληντο
233	51	μὲν
233	52	οὓς
233	53	εἶπον
233	54	,
233	55	προειρηκὼς
233	56	δʼ
233	57	ἦν
233	58	αὐτοῖς
233	59	ἐφʼ
233	60	ἃ
233	61	συνεληλυθότες
233	62	ἦσαν
233	63	,
233	64	ἀνέγνωστο
233	65	δʼ
233	66	ὁ
233	67	λόγος
233	68	,
233	69	ἐπῃνημένος
233	70	δʼ
233	71	ἦν
233	72	καὶ
233	73	τεθορυβημένος
233	74	καὶ
233	75	τετυχηκὼς
233	76	ὧνπερ
233	77	οἱ
233	78	κατορθοῦντες
233	79	ἐν
233	80	ταῖς
233	81	ἐπιδείξεσιν
233	82	.
234	1	ἁπάντων
234	2	δὲ
234	3	τούτων
234	4	ἐπιτετελεσμένων
234	5	οἱ
234	6	μὲν
234	7	ἄλλοι
234	8	διελέγοντο
234	9	πρὸς
234	10	σφᾶς
234	11	αὐτούς
234	12	,
234	13	δῆλον
234	14	ὅτι
234	15	περὶ
234	16	τῶν
234	17	ἀναγνωσθέντων
234	18	·
234	19	ὃν
234	20	δʼ
234	21	ἐξ
234	22	ἀρχῆς
234	23	μετεπεμψάμεθα
234	24	σύμβουλον
234	25	,
234	26	τὸν
234	27	Λακεδαιμονίων
234	28	ἐπαινέτην
234	29	,
234	30	πρὸς
234	31	ὃν
234	32	πλείω
234	33	διελέχθην
234	34	τοῦ
234	35	δέοντος
234	36	,
234	37	σιωπὴν
234	38	ποιησάμενος
234	39	καὶ
234	40	πρὸς
234	41	ἐμὲ
234	42	βλέψας
234	43	ἀπορεῖν
234	44	ἔφασκεν
234	45	ὅ
234	46	τι
234	47	χρήσηται
234	48	τοῖς
234	49	παροῦσιν
234	50	·
234	51	οὔ
234	52	τε
234	53	γὰρ
234	54	ἀπιστεῖν
234	55	βούλεσθαι
234	56	τοῖς
234	57	ὑπʼ
234	58	ἐμοῦ
234	59	λεγομένοις
234	60	,
234	61	οὔ
234	62	τε
234	63	πιστεύειν
234	64	δύνασθαι
234	65	παντάπασιν
234	66	αὐτοῖς
234	67	.
235	1	“θαυμάζω
235	2	γὰρ
235	3	εἴθʼ
235	4	οὕτως
235	5	ἐλυπήθης
235	6	καὶ
235	7	βαρέως
235	8	ἔσχες
235	9	,
235	10	ὥσπερ
235	11	φῄς
235	12	,
235	13	ἐπὶ
235	14	τοῖς
235	15	περὶ
235	16	Λακεδαιμονίων
235	17	εἰρημένοις
235	18	,
235	19	οὐδὲν
235	20	γὰρ
235	21	ἐν
235	22	αὐτοῖς
235	23	ὁρῶ
235	24	τοιοῦτον
235	25	γεγραμμένον
235	26	,
235	27	εἴ
235	28	τε
235	29	συμβούλοις
235	30	περὶ
235	31	τοῦ
235	32	λόγου
235	33	χρήσασθαι
235	34	βουλόμενος
235	35	ἡμᾶς
235	36	συνήγαγες
235	37	,
235	38	οὓς
235	39	οἶσθʼ
235	40	ἀκριβῶς
235	41	ἅπαν
235	42	ὅ
235	43	τι
235	44	ἂν
235	45	σὺ
235	46	λέγῃς
235	47	ἢ
235	48	πράττῃς
235	49	ἐπαινοῦντας
235	50	.
235	51	εἰθισμένοι
235	52	δʼ
235	53	εἰσὶν
235	54	οἱ
235	55	νοῦν
235	56	ἔχοντες
235	57	ἀνακοινοῦσθαι
235	58	,
235	59	περὶ
235	60	ὧν
235	61	ἂν
235	62	σπουδάζωσι
235	63	,
235	64	μάλιστα
235	65	μὲν
235	66	τοῖς
235	67	ἄμεινον
235	68	αὑτῶν
235	69	φρονοῦσιν
235	70	,
235	71	εἰ
235	72	δὲ
235	73	μή
235	74	,
235	75	τοῖς
235	76	μέλλουσιν
235	77	ἀποφαίνεσθαι
235	78	τὴν
235	79	αὑτῶν
235	80	γνώμην
235	81	·
235	82	ὧν
235	83	τ
235	84	ἀναντία
235	85	σὺ
235	86	πεποίηκας
235	87	.
236	1	τούτων
236	2	μὲν
236	3	οὖν
236	4	οὐδέτερον
236	5	ἀποδέχομαι
236	6	τῶν
236	7	λόγων
236	8	,
236	9	δοκεῖς
236	10	δέ
236	11	μοι
236	12	ποιήσασθαι
236	13	τήν
236	14	τε
236	15	παράκλησιν
236	16	τὴν
236	17	ἡμετέραν
236	18	καὶ
236	19	τὸν
236	20	ἔπαινον
236	21	τὸν
236	22	τῆς
236	23	πόλεως
236	24	οὐχ
236	25	ἁπλῶς
236	26	,
236	27	οὐ
236	28	δ’
236	29	ὡς
236	30	διείλεξαι
236	31	πρὸς
236	32	ἡμᾶς
236	33	,
236	34	ἀλλʼ
236	35	ἡμῶν
236	36	μὲν
236	37	πεῖραν
236	38	λαβεῖν
236	39	βουλόμενος
236	40	,
236	41	εἰ
236	42	φιλοσοφοῦμεν
236	43	καὶ
236	44	μεμνήμεθα
236	45	τῶν
236	46	ἐν
236	47	ταῖς
236	48	διατριβαῖς
236	49	λεγομένων
236	50	καὶ
236	51	συνιδεῖν
236	52	δυνηθεῖμεν
236	53	ἂν
236	54	ὃν
236	55	τρόπον
236	56	ὁ
236	57	λόγος
236	58	τυγχάνει
236	59	γεγραμμένος
236	60	,
237	1	τὴν
237	2	δὲ
237	3	πόλιν
237	4	ἐπαινεῖν
237	5	προελέσθαι
237	6	τὴν
237	7	σαυτοῦ
237	8	σωφρονῶν
237	9	,
237	10	ἵνα
237	11	τῷ
237	12	τε
237	13	πλήθει
237	14	τῷ
237	15	τῶν
237	16	πολιτῶν
237	17	χαρίσῃ
237	18	καὶ
237	19	παρὰ
237	20	τοῖς
237	21	εὖνοι
237	22	·
237	23	κῶς
237	24	πρὸς
237	25	ὑμᾶς
237	26	διακειμένοις
237	27	εὐδοκιμήσῃς
237	28	.
237	29	ταῦτα
237	30	δὲ
237	31	γνοὺς
237	32	ὑπέλαβες
237	33	ὡς
237	34	εἰ
237	35	μὲν
237	36	περὶ
237	37	μόνης
237	38	αὐτῆς
237	39	ποιήσει
237	40	τοὺς
237	41	λόγους
237	42	καὶ
237	43	τὰ
237	44	μυθώδη
237	45	περὶ
237	46	αὐτῆς
237	47	ἐρεῖς
237	48	ἃ
237	49	πάντες
237	50	θρυλοῦσιν
237	51	,
237	52	ὅμοια
237	53	φανεῖται
237	54	τὰ
237	55	λεγόμενα
237	56	τοῖς
237	57	ὑπὸ
237	58	τῶν
237	59	ἄλλων
237	60	γεγραμμένοις
237	61	,
237	62	ἐφʼ
237	63	ᾧ
237	64	σὺ
237	65	μάλιστʼ
237	66	ἂν
237	67	αἰσχυνθείης
237	68	καὶ
237	69	λυπηθείης
237	70	·
238	1	ἐὰν
238	2	δʼ
238	3	ἐάσας
238	4	ἐκεῖνα
238	5	λέγῃς
238	6	τὰς
238	7	πράξεις
238	8	τὰς
238	9	ὁμολογουμένας
238	10	καὶ
238	11	πολλῶν
238	12	ἀγαθῶν
238	13	αἰτίας
238	14	τοῖς
238	15	Ἕλλησι
238	16	γεγενημένας
238	17	,
238	18	καὶ
238	19	παραβάλλῃς
238	20	αὐτὰς
238	21	πρὸς
238	22	τὰς
238	23	Λακεδαιμονίων
238	24	,
238	25	καὶ
238	26	τὰς
238	27	μὲν
238	28	τῶν
238	29	προγόνων
238	30	ἐπαινῇς
238	31	,
238	32	τῶν
238	33	δʼ
238	34	ἐκείνοις
238	35	πεπραγμένων
238	36	κατηγορῇς
238	37	,
238	38	ὅ
238	39	τε
238	40	λόγος
238	41	ἐναργέστερος
238	42	εἶναι
238	43	δόξει
238	44	τοῖς
238	45	ἀκούουσι
238	46	καὶ
238	47	σὺ
238	48	μενεῖς
238	49	ἐν
238	50	τοῖς
238	51	αὐτοῖς
238	52	,
238	53	ὃ
238	54	μᾶλλον
238	55	ἄν
238	56	τινες
238	57	θαυμάσειαν
238	58	τῶν
238	59	τοῖς
238	60	ἄλλοις
238	61	γεγραμμένων
238	62	.
239	1	ἐν
239	2	ἀρχῇ
239	3	μὲν
239	4	οὖν
239	5	οὕτω
239	6	μοι
239	7	φαίνει
239	8	τάξαι
239	9	καὶ
239	10	βουλεύσασθαι
239	11	περὶ
239	12	αὐτῶν
239	13	,
239	14	εἰδὼς
239	15	δὲ
239	16	σαυτὸν
239	17	ἐπῃνεκότα
239	18	τὴν
239	19	Σπαρτιατῶν
239	20	διοίκησιν
239	21	ὡς
239	22	οὐδεὶς
239	23	ἄλλος
239	24	,
239	25	φοβεῖσθαι
239	26	τοὺς
239	27	ἀκηκοότας
239	28	,
239	29	μὴ
239	30	δόξῃς
239	31	ὅμοιος
239	32	εἶναι
239	33	τοῖς
239	34	λέγουσιν
239	35	ὅ
239	36	τι
239	37	ἂν
239	38	τύχωσι
239	39	καὶ
239	40	τούτους
239	41	νῦν
239	42	ψέγειν
239	43	οὓς
239	44	πρότερον
239	45	ἐπῄνεις
239	46	μᾶλλον
239	47	τῶν
239	48	ἄλλων
239	49	·
239	50	ταῦτʼ
239	51	ἐνθυμηθεὶς
239	52	σκοπεῖσθαι
239	53	ποίους
239	54	τινὰς
239	55	ἂν
239	56	ἑκατέρους
239	57	εἶναι
239	58	φήσας
239	59	ἀληθῆ
239	60	τε
239	61	λέγειν
239	62	δόξειας
239	63	περὶ
239	64	ἀμφοτέρων
239	65	,
239	66	ἔχοις
239	67	τʼ
239	68	ἂν
239	69	τοὺς
239	70	μὲν
239	71	προγόνους
239	72	ἐπαινεῖν
239	73	,
239	74	οὕσπερ
239	75	βούλει
239	76	,
239	77	Σπαρτιατῶν
239	78	δὲ
239	79	δοκεῖν
239	80	μὲν
239	81	κατηγορεῖν
239	82	τοῖς
239	83	ἀηδῶς
239	84	πρὸς
239	85	αὐτοὺς
239	86	διακειμένοις
239	87	,
239	88	μηδὲν
239	89	δὲ
239	90	ποιεῖν
239	91	τοιοῦτον
239	92	ἀλλὰ
239	93	λανθάνειν
239	94	ἐπαινῶν
239	95	αὐτούς
239	96	·
240	1	ζητῶν
240	2	δὲ
240	3	τὰ
240	4	τοιαῦτα
240	5	ῥᾳδίως
240	6	εὑρεῖν
240	7	λόγους
240	8	ἀμφιβόλους
240	9	καὶ
240	10	μηδὲν
240	11	μᾶλλον
240	12	μετὰ
240	13	τῶν
240	14	ἐπαινούντων
240	15	ἢ
240	16	τῶν
240	17	ψεγόντων
240	18	ὄντας
240	19	,
240	20	ἀλλʼ
240	21	ἐπαμφοτερίζειν
240	22	δυναμένους
240	23	καὶ
240	24	πολλὰς
240	25	ἀμφισβητήσεις
240	26	ἔχοντας
240	27	,
240	28	οἷς
240	29	χρῆσθαι
240	30	περὶ
240	31	μὲν
240	32	συμβολαίων
240	33	καὶ
240	34	περὶ
240	35	πλεονεξίας
240	36	ἀγωνιζόμενον
240	37	αἰσχρὸν
240	38	καὶ
240	39	πονηρίας
240	40	οὐ
240	41	μικρὸν
240	42	σημεῖον
240	43	,
240	44	περὶ
240	45	δὲ
240	46	φύσεως
240	47	ἀνθρώπων
240	48	διαλεγόμενον
240	49	καὶ
240	50	πραγμάτων
240	51	καλὸν
240	52	καὶ
240	53	φιλόσοφον
240	54	.
241	1	οἷός
241	2	περ
241	3	ὁ
241	4	λόγος
241	5	ὁ
241	6	διαναγνωσθείς
241	7	ἐστιν
241	8	,
241	9	ἐν
241	10	ᾧ
241	11	πεποίηκας
241	12	τοὺς
241	13	μὲν
241	14	σοὺς
241	15	προγόνους
241	16	εἰρηνικοὺς
241	17	καὶ
241	18	φιλέλληνας
241	19	καὶ
241	20	τῆς
241	21	ἰσότητος
241	22	τῆς
241	23	ἐν
241	24	ταῖς
241	25	πολιτείαις
241	26	ἡγεμόνας
241	27	,
241	28	Σπαρτιάτας
241	29	δʼ
241	30	ὑπεροπτικοὺς
241	31	καὶ
241	32	πολεμικοὺς
241	33	καὶ
241	34	πλεονέκτας
241	35	,
241	36	οἵους
241	37	περ
241	38	αὐτοὺς
241	39	εἶναι
241	40	πάντες
241	41	ὑπειλήφασιν
241	42	.
241	43	τοιαύτην
241	44	δʼ
241	45	ἑκατέρων
241	46	ἐχόντων
241	47	τὴν
241	48	φύσιν
241	49	,
241	50	τοὺς
241	51	μὲν
241	52	ὑπὸ
241	53	πάντων
241	54	ἐπαινεῖσθαι
241	55	καὶ
241	56	δοκεῖν
241	57	εὔνους
241	58	εἶναι
241	59	τῷ
241	60	πλήθει
241	61	,
241	62	τοῖς
241	63	δὲ
241	64	τοὺς
241	65	μὲν
241	66	πολλοὺς
241	67	φθονεῖν
241	68	καὶ
241	69	δυσμενῶς
241	70	ἔχειν
241	71	,
242	1	ἔστι
242	2	δʼ
242	3	οὓς
242	4	καὶ
242	5	ἐπαινεῖν
242	6	αὐτοὺς
242	7	καὶ
242	8	θαυμάζειν
242	9	,
242	10	καὶ
242	11	τολμᾶν
242	12	λέγειν
242	13	ὡς
242	14	ἀγαθὰ
242	15	μείζω
242	16	τυγχάνουσιν
242	17	ἔχοντες
242	18	τῶν
242	19	τοῖς
242	20	προγόνοις
242	21	τοῖς
242	22	σοῖς
242	23	προσόντων
242	24	·
242	25	τήν
242	26	τε
242	27	γὰρ
242	28	ὑπεροψίαν
242	29	σεμνότητος
242	30	μετέχειν
242	31	,
242	32	εὐδοκίμου
242	33	πράγματος
242	34	,
242	35	καὶ
242	36	δοκεῖν
242	37	ἅπασι
242	38	μεγαλοφρονεστέρους
242	39	εἶναι
242	40	τοὺς
242	41	τοιούτους
242	42	ἢ
242	43	τοὺς
242	44	τῆς
242	45	ἰσότητος
242	46	προεστῶτας
242	47	,
242	48	τούς
242	49	τε
242	50	πολεμικοὺς
242	51	πολὺ
242	52	διαφέρειν
242	53	τῶν
242	54	εἰρηνικῶν
242	55	·
242	56	τοὺς
242	57	μὲν
242	58	γὰρ
242	59	οὔ
242	60	τε
242	61	κτητικοὺς
242	62	εἶναι
242	63	τῶν
242	64	οὐκ
242	65	ὄντων
242	66	οὔ
242	67	τε
242	68	φύλακας
242	69	δεινοὺς
242	70	τῶν
242	71	ὑπαρχόντων
242	72	,
242	73	τοὺς
242	74	δʼ
242	75	ἀμφότερα
242	76	δύνασθαι
242	77	,
242	78	καὶ
242	79	λαμβάνειν
242	80	ὧν
242	81	ἂν
242	82	ἐπιθυμῶσι
242	83	καὶ
242	84	σώζειν
242	85	ἅπερ
242	86	ἂν
242	87	ἅπαξ
242	88	κατάσχωσιν
242	89	·
242	90	ἃ
242	91	ποιοῦσιν
242	92	οἱ
242	93	τέλειοι
242	94	δοκοῦντες
242	95	εἶναι
242	96	τῶν
242	97	ἀνδρῶν
242	98	.
243	1	ἀλλὰ
243	2	μὴν
243	3	καὶ
243	4	περὶ
243	5	τῆς
243	6	πλεονεξίας
243	7	καλλίους
243	8	ἔχειν
243	9	οἴονται
243	10	λόγους
243	11	τῶν
243	12	εἰρημένων
243	13	·
243	14	τοὺς
243	15	μὲν
243	16	γὰρ
243	17	ἀποστεροῦντας
243	18	τὰ
243	19	συμβόλαια
243	20	καὶ
243	21	τοὺς
243	22	παρακρουομένους
243	23	καὶ
243	24	παραλογιζομένους
243	25	οὐχ
243	26	ἡγοῦνται
243	27	δικαίως
243	28	καλεῖσθαι
243	29	πλεονεκτικούς
243	30	,
243	31	διὰ
243	32	γὰρ
243	33	τὸ
243	34	πονηρὰν
243	35	ἔχειν
243	36	τὴν
243	37	δόξαν
243	38	ἐν
243	39	ἅπασιν
243	40	αὐτοὺς
243	41	ἐλαττοῦσθαι
243	42	τοῖς
243	43	πράγμασι
243	44	,
243	45	τὰς
243	46	δὲ
243	47	Σπαρτιατῶν
243	48	πλεονεξίας
243	49	καὶ
243	50	τὰς
243	51	τῶν
243	52	βασιλέων
243	53	καὶ
243	54	τὰς
243	55	τῶν
243	56	τυράννων
243	57	εὐκτὰς
243	58	μὲν
243	59	εἶναι
243	60	,
243	61	καὶ
243	62	ἅπαντας
243	63	αὐτῶν
243	64	ἐπιθυμεῖν
243	65	,
244	1	οὐ
244	2	μὴν
244	3	ἀλλὰ
244	4	λοιδορεῖσθαι
244	5	καὶ
244	6	καταρᾶσθαι
244	7	τοῖς
244	8	τὰς
244	9	τηλικαύτας
244	10	ἔχουσι
244	11	δυναστείας
244	12	·
244	13	οὐδένα
244	14	δὲ
244	15	τοιοῦτον
244	16	εἶναι
244	17	τὴν
244	18	φύσιν
244	19	ὅστις
244	20	οὐκ
244	21	ἂν
244	22	εὔξαιτο
244	23	τοῖς
244	24	θεοῖς
244	25	μάλιστα
244	26	μὲν
244	27	αὐτὸς
244	28	τυχεῖν
244	29	τῆς
244	30	ἐξουσίας
244	31	ταύτης
244	32	,
244	33	εἰ
244	34	δὲ
244	35	μή
244	36	,
244	37	τοὺς
244	38	οἰκειοτάτους
244	39	·
244	40	ᾧ
244	41	καὶ
244	42	φανερόν
244	43	ἐστιν
244	44	ὅτι
244	45	μέγιστον
244	46	τῶν
244	47	ἀγαθῶν
244	48	ἅπαντες
244	49	εἶναι
244	50	νομίζομεν
244	51	τὸ
244	52	πλέον
244	53	ἔχειν
244	54	τῶν
244	55	ἄλλων
244	56	.
244	57	τὴν
244	58	μὲν
244	59	οὖν
244	60	περιβολὴν
244	61	τοῦ
244	62	λόγου
244	63	δοκεῖς
244	64	μοι
244	65	ποιήσασθαι
244	66	μετὰ
244	67	τοιαύτης
244	68	διανοίας
244	69	.
245	1	εἰ
245	2	μὲν
245	3	οὖν
245	4	ἡγούμην
245	5	ἀφέξεσθαι
245	6	σε
245	7	τῶν
245	8	εἰρημένων
245	9	καὶ
245	10	παραλείψειν
245	11	ἀνεπιτίμητον
245	12	τὸν
245	13	λόγον
245	14	τοῦτον
245	15	,
245	16	οὐ
245	17	δ’
245	18	ἂν
245	19	αὐτὸς
245	20	ἔτι
245	21	λέγειν
245	22	ἐπεχείρουν
245	23	·
245	24	νῦν
245	25	δʼ
245	26	ὅτι
245	27	μὲν
245	28	οὐκ
245	29	ἀπεφηνάμην
245	30	περὶ
245	31	ὧν
245	32	παρεκλήθην
245	33	σύμβουλος
245	34	,
245	35	οὐδὲν
245	36	οἶμαί
245	37	σοι
245	38	μελήσειν
245	39	,
245	40	οὐ
245	41	δὲ
245	42	γὰρ
245	43	ὅτε
245	44	συνῆγες
245	45	ἡμᾶς
245	46	,
245	47	ἐδόκεις
245	48	μοι
245	49	σπουδάζειν
245	50	περὶ
245	51	αὐτῶν
245	52	,
246	1	προελόμενον
246	2	δέ
246	3	σε
246	4	προελόμενον
246	5	δέ
246	6	σεσξριπσι
246	7	·
246	8	ὅτε
246	9	δὲ
246	10	προελόμενος
246	11	οὐ
246	12	Τ
246	13	.
246	14	συνθεῖναι
246	15	λόγον
246	16	μηδὲν
246	17	ὅμοιον
246	18	τοῖς
246	19	ἄλλοις
246	20	,
246	21	ἀλλὰ
246	22	τοῖς
246	23	μὲν
246	24	ῥᾳθύμως
246	25	ἀναγιγνώσκουσιν
246	26	ἁπλοῦν
246	27	εἶναι
246	28	δόξοντα
246	29	καὶ
246	30	ῥᾴδιον
246	31	καταμαθεῖν
246	32	,
246	33	τοῖς
246	34	δʼ
246	35	ἀκριβῶς
246	36	διεξιοῦσιν
246	37	αὐτόν
246	38	,
246	39	καὶ
246	40	πειρωμένοις
246	41	κατιδεῖν
246	42	ὃ
246	43	τοὺς
246	44	ἄλλους
246	45	λέληθεν
246	46	,
246	47	χαλεπὸν
246	48	φανούμενον
246	49	καὶ
246	50	δυσκαταμάθητον
246	51	καὶ
246	52	πολλῆς
246	53	μὲν
246	54	ἱστορίας
246	55	γέμοντα
246	56	καὶ
246	57	φιλοσοφίας
246	58	,
246	59	παντοδαπῆς
246	60	δὲ
246	61	μεστὸν
246	62	ποικιλίας
246	63	καὶ
246	64	ψευδολογίας
246	65	,
246	66	οὐ
246	67	τῆς
246	68	εἰθισμένης
246	69	μετὰ
246	70	κακίας
246	71	βλάπτειν
246	72	τοὺς
246	73	συμπολιτευομένους
246	74	,
246	75	ἀλλὰ
246	76	τῆς
246	77	δυναμένης
246	78	μετὰ
246	79	παιδιᾶς
246	80	ὠφελεῖν
246	81	ἢ
246	82	τέρπειν
246	83	τοὺς
246	84	ἀκούοντας
246	85	,
247	1	—ὧν
247	2	οὐδὲν
247	3	ἐάσαντά
247	4	με
247	5	φήσειν
247	6	φήσεινσξριπσι
247	7	·
247	8	φήσειςμσς
247	9	.
247	10	τὸν
247	11	τρόπον
247	12	τοῦτον
247	13	ἔχειν
247	14	ὡς
247	15	ἐβουλεύσω
247	16	σὺ
247	17	περὶ
247	18	αὐτῶν
247	19	,
247	20	ἀλλὰ
247	21	τήν
247	22	τε
247	23	δύναμιν
247	24	τῶν
247	25	λεγομένων
247	26	διδάσκοντα
247	27	καὶ
247	28	τὴν
247	29	σὴν
247	30	διάνοιαν
247	31	ἐξηγούμενον
247	32	οὐκ
247	33	αἰσθάνεσθαι
247	34	τοσούτῳ
247	35	τὸν
247	36	λόγον
247	37	ἀδοξότερον
247	38	διʼ
247	39	ἐμὲ
247	40	γιγνόμενον
247	41	,
247	42	ὅσῳ
247	43	περ
247	44	αὐτὸν
247	45	φανερώτερον
247	46	ἐποίουν
247	47	καὶ
247	48	γνωριμώτερον
247	49	τοῖς
247	50	ἀναγιγνώσκουσιν
247	51	·
247	52	ἐπιστήμην
247	53	γὰρ
247	54	τοῖς
247	55	οὐκ
247	56	εἰδόσιν
247	57	ἐνεργαζόμενον
247	58	ἔρημον
247	59	τὸν
247	60	λόγον
247	61	με
247	62	ποιεῖν
247	63	καὶ
247	64	τῆς
247	65	τιμῆς
247	66	ἀποστερεῖν
247	67	τῆς
247	68	γιγνομένης
247	69	ἂν
247	70	αὐτῷ
247	71	διὰ
247	72	τοὺς
247	73	πονοῦντας
247	74	καὶ
247	75	πράγματα
247	76	σφίσιν
247	77	αὐτοῖς
247	78	παρέχοντας
247	79	.
248	1	ἐγὼ
248	2	δʼ
248	3	ὁμολογῶ
248	4	μὲν
248	5	ἀπολελεῖφθαι
248	6	τὴν
248	7	ἐμὴν
248	8	φρόνησιν
248	9	τῆς
248	10	σῆς
248	11	ὡς
248	12	δυνατὸν
248	13	πλεῖστον
248	14	,
248	15	οὐ
248	16	μὴν
248	17	ἀλλʼ
248	18	ὥσπερ
248	19	τοῦτʼ
248	20	οἶδα
248	21	,
248	22	κ
248	23	ἀκεῖνο
248	24	τυγχάνω
248	25	γιγνώσκων
248	26	,
248	27	ὅτι
248	28	τῆς
248	29	πόλεως
248	30	τῆς
248	31	ὑμετέρας
248	32	βουλευομένης
248	33	περὶ
248	34	τῶν
248	35	μεγίστων
248	36	οἱ
248	37	μὲν
248	38	ἄριστα
248	39	φρονεῖν
248	40	δοκοῦντες
248	41	ἐνίοτε
248	42	διαμαρτάνουσι
248	43	τοῦ
248	44	συμφέροντος
248	45	,
248	46	τῶν
248	47	δὲ
248	48	φαύλων
248	49	νομιζομένων
248	50	εἶναι
248	51	καὶ
248	52	καταφρονουμένων
248	53	ἔστιν
248	54	ὅτε
248	55	κατώρθωσεν
248	56	ὁ
248	57	τυχὼν
248	58	καὶ
248	59	βέλτιστα
248	60	λέγειν
248	61	ἔδοξεν
248	62	·
249	1	ὥστʼ
249	2	οὐδὲν
249	3	θαυμαστὸν
249	4	εἰ
249	5	καὶ
249	6	περὶ
249	7	τοῦ
249	8	νῦν
249	9	ἐνεστῶτος
249	10	τοιοῦτόν
249	11	τι
249	12	συμβέβηκεν
249	13	,
249	14	ὅπου
249	15	σὺ
249	16	μὲν
249	17	οἴει
249	18	μάλιστʼ
249	19	εὐδοκιμήσειν
249	20	,
249	21	ἢν
249	22	ὡς
249	23	πλεῖστον
249	24	χρόνον
249	25	διαλάθῃς
249	26	ἣν
249	27	ἔχων
249	28	γνώμην
249	29	τὰ
249	30	περὶ
249	31	τὸν
249	32	λόγον
249	33	ἐπραγματεύθης
249	34	,
249	35	ἐγὼ
249	36	δʼ
249	37	ἡγοῦμαι
249	38	βέλτιστά
249	39	σε
249	40	πράξειν
249	41	,
249	42	ἢν
249	43	δυνηθῇς
249	44	τὴν
249	45	διάνοιαν
249	46	,
249	47	ᾗ
249	48	χρώμενος
249	49	αὐτὸν
249	50	συνέθηκας
249	51	,
249	52	ὡς
249	53	τάχιστα
249	54	φανερὰν
249	55	ποιῆσαι
249	56	τοῖς
249	57	τʼ
249	58	ἄλλοις
249	59	ἅπασι
249	60	καὶ
249	61	Λακεδαιμονίοις
249	62	,
249	63	περὶ
249	64	ὧν
249	65	πεποίησαι
249	66	πολλοὺς
249	67	λόγους
249	68	,
249	69	τοὺς
249	70	μὲν
249	71	δικαίους
249	72	καὶ
249	73	σεμνούς
249	74	,
249	75	τοὺς
249	76	δʼ
249	77	ἀσελγεῖς
249	78	καὶ
249	79	λίαν
249	80	φιλαπεχθήμονας
249	81	.
250	1	οὓς
250	2	εἴ
250	3	τις
250	4	ἐπέδειξεν
250	5	αὐτοῖς
250	6	πρὶν
250	7	ἐμὲ
250	8	διαλεχθῆναι
250	9	περὶ
250	10	αὐτῶν
250	11	,
250	12	οὐκ
250	13	ἔστιν
250	14	ὅπως
250	15	οὐκ
250	16	ἂν
250	17	ἐμίσησαν
250	18	καὶ
250	19	δυσκόλως
250	20	πρὸς
250	21	σὲ
250	22	διετέθησαν
250	23	ὡς
250	24	κατηγορίαν
250	25	γεγραφότα
250	26	καθʼ
250	27	αὑτῶν
250	28	.
250	29	νῦν
250	30	δʼ
250	31	οἴομαι
250	32	τοὺς
250	33	μὲν
250	34	πλείστους
250	35	Σπαρτιατῶν
250	36	ἐμμενεῖν
250	37	τοῖς
250	38	ἤθεσιν
250	39	οἷσπερ
250	40	καὶ
250	41	τὸν
250	42	ἄλλον
250	43	χρόνον
250	44	,
250	45	τοῖς
250	46	δὲ
250	47	λόγοις
250	48	τοῖς
250	49	ἐνθάδε
250	50	γραφομένοις
250	51	οὐδὲν
250	52	μᾶλλον
250	53	προσέξειν
250	54	τὸν
250	55	νοῦν
250	56	ἢ
250	57	τοῖς
250	58	ἔξω
250	59	τῶν
250	60	Ἡρακλέους
250	61	στηλῶν
250	62	λεγομένοις
250	63	,
251	1	τοὺς
251	2	δὲ
251	3	φρονιμωτάτους
251	4	αὐτῶν
251	5	καὶ
251	6	τῶν
251	7	λόγων
251	8	τινὰς
251	9	ἔχοντας
251	10	τῶν
251	11	σῶν
251	12	καὶ
251	13	θαυμάζοντας
251	14	,
251	15	τούτους
251	16	,
251	17	ἢν
251	18	λάβωσι
251	19	τὸν
251	20	ἀναγνωσόμενον
251	21	καὶ
251	22	χρόνον
251	23	ὥστε
251	24	συνδιατρῖψαι
251	25	σφίσιν
251	26	αὐτοῖς
251	27	,
251	28	οὐδὲν
251	29	ἀγνοήσειν
251	30	τῶν
251	31	μετʼ
251	32	ἀποδείξεως
251	33	εἰρημένων
251	34	περὶ
251	35	τῆς
251	36	πόλεως
251	37	τῆς
251	38	ἑαυτῶν
251	39	,
251	40	καὶ
251	41	τῶν
251	42	λοιδοριῶν
251	43	καταφρονήσειν
251	44	τῶν
251	45	εἰκῇ
251	46	μὲν
251	47	τοῖς
251	48	πράγμασι
251	49	λεγομένων
251	50	πικρῶς
251	51	δὲ
251	52	τοῖς
251	53	ὀνόμασι
251	54	κεχρημένων
251	55	,
251	56	καὶ
251	57	νομιεῖν
251	58	τὰς
251	59	μὲν
251	60	βλασφημίας
251	61	τὰς
251	62	ἐνούσας
251	63	ἐν
251	64	τῷ
251	65	βιβλίῳ
251	66	τὸν
251	67	φθόνον
251	68	ὑποβαλεῖν
251	69	,
252	1	τὰς
252	2	δὲ
252	3	πράξεις
252	4	καὶ
252	5	τὰς
252	6	μάχας
252	7	,
252	8	ἐφʼ
252	9	αἷς
252	10	αὐτοί
252	11	τε
252	12	μέγα
252	13	φρονοῦσι
252	14	καὶ
252	15	παρὰ
252	16	τοῖς
252	17	ἄλλοις
252	18	εὐδοκιμοῦσι
252	19	,
252	20	σὲ
252	21	γεγραφέναι
252	22	καὶ
252	23	μνημονεύεσθαι
252	24	πεποιηκέναι
252	25	,
252	26	συναγαγόντα
252	27	πάσας
252	28	αὐτὰς
252	29	καὶ
252	30	θέντα
252	31	παρʼ
252	32	ἀλλήλας
252	33	,
252	34	αἴτιον
252	35	δʼ
252	36	εἶναι
252	37	καὶ
252	38	τοῦ
252	39	πολλοὺς
252	40	ποθεῖν
252	41	ἀναγνῶναι
252	42	καὶ
252	43	διελθεῖν
252	44	αὐτάς
252	45	,
252	46	οὐ
252	47	τὰς
252	48	ἐκείνων
252	49	ἐπιθυμοῦντας
252	50	ἀκοῦσαι
252	51	πράξεις
252	52	,
253	1	ἀλλὰ
253	2	πῶς
253	3	σὺ
253	4	διείλεξαι
253	5	περὶ
253	6	αὐτῶν
253	7	μαθεῖν
253	8	βουλομένους
253	9	.
253	10	ταῦτʼ
253	11	ἐνθυμουμένους
253	12	καὶ
253	13	διεξιόντας
253	14	οὐ
253	15	δὲ
253	16	τῶν
253	17	παλαιῶν
253	18	ἔργων
253	19	ἀμνημονήσειν
253	20	,
253	21	διʼ
253	22	ὧν
253	23	ἐγκεκωμίακας
253	24	τοὺς
253	25	προγόνους
253	26	αὐτῶν
253	27	,
253	28	ἀλλὰ
253	29	καὶ
253	30	πολλάκις
253	31	διαλέξεσθαι
253	32	πρὸς
253	33	σφᾶς
253	34	αὐτούς
253	35	,
253	36	πρῶτον
253	37	μὲν
253	38	ὅτι
253	39	Δωριεῖς
253	40	ὄντες
253	41	,
253	42	ἐπειδὴ
253	43	κατεῖδον
253	44	τὰς
253	45	πόλεις
253	46	τὰς
253	47	ἑαυτῶν
253	48	ἀδόξους
253	49	καὶ
253	50	μικρὰς
253	51	καὶ
253	52	πολλῶν
253	53	ἐνδεεῖς
253	54	οὔσας
253	55	,
253	56	ὑπεριδόντες
253	57	ταύτας
253	58	ἐστράτευσαν
253	59	ἐπὶ
253	60	τὰς
253	61	ἐν
253	62	Πελοποννήσῳ
253	63	πρωτευούσας
253	64	,
253	65	ἐπʼ
253	66	Ἄργος
253	67	καὶ
253	68	Λακεδαίμονα
253	69	καὶ
253	70	Μεσσήνην
253	71	,
254	1	μάχῃ
254	2	δὲ
254	3	νικήσαντες
254	4	τοὺς
254	5	μὲν
254	6	ἡττηθέντας
254	7	ἔκ
254	8	τε
254	9	τῶν
254	10	πόλεων
254	11	καὶ
254	12	τῆς
254	13	χώρας
254	14	ἐξέβαλον
254	15	,
254	16	αὐτοὶ
254	17	δὲ
254	18	τὰς
254	19	κτήσεις
254	20	ἁπάσας
254	21	τὰς
254	22	ἐκείνων
254	23	τότε
254	24	κατασχόντες
254	25	ἔτι
254	26	καὶ
254	27	νῦν
254	28	ἔχουσιν
254	29	,
254	30	οὗ
254	31	μεῖζον
254	32	ἔργον
254	33	καὶ
254	34	θαυμαστότερον
254	35	οὐδεὶς
254	36	ἐπιδείξει
254	37	κατʼ
254	38	ἐκεῖνον
254	39	τὸν
254	40	χρόνον
254	41	γενόμενον
254	42	,
254	43	οὐ
254	44	δὲ
254	45	πρᾶξιν
254	46	εὐτυχεστέραν
254	47	καὶ
254	48	θεοφιλεστέραν
254	49	τῆς
254	50	τοὺς
254	51	χρησαμένους
254	52	τῆς
254	53	μὲν
254	54	οἰκείας
254	55	ἀπορίας
254	56	ἀπαλλαξάσης
254	57	,
254	58	τῆς
254	59	δʼ
254	60	ἀλλοτρίας
254	61	εὐδαιμονίας
254	62	κυρίους
254	63	ποιησάσης
254	64	.
255	1	καὶ
255	2	ταῦτα
255	3	μὲν
255	4	μετὰ
255	5	πάντων
255	6	συστρατευσαμένων
255	7	ἔπραξαν
255	8	·
255	9	ἐπειδὴ
255	10	δὲ
255	11	πρὸς
255	12	Ἀργείους
255	13	καὶ
255	14	Μεσσηνίους
255	15	τὴν
255	16	χώραν
255	17	διείλοντο
255	18	καὶ
255	19	καθʼ
255	20	αὑτοὺς
255	21	ἐν
255	22	Σπάρτῃ
255	23	κατῴκησαν
255	24	,
255	25	ἐν
255	26	τούτοις
255	27	τοῖς
255	28	καιροῖς
255	29	τοσοῦτον
255	30	φρονῆσαι
255	31	φῂς
255	32	αὐτούς
255	33	,
255	34	ὥστε
255	35	ὄντας
255	36	οὐ
255	37	πλείους
255	38	τότε
255	39	δισχιλίων
255	40	οὐχ
255	41	ἡγήσασθαι
255	42	σφᾶς
255	43	αὐτοὺς
255	44	ἀξίους
255	45	εἶναι
255	46	ζῆν
255	47	,
255	48	εἰ
255	49	μὴ
255	50	δεσπόται
255	51	πασῶν
255	52	τῶν
255	53	ἐν
255	54	Πελοποννήσῳ
255	55	πόλεων
255	56	γενέσθαι
255	57	δυνηθεῖεν
255	58	,
256	1	ταῦτα
256	2	δὲ
256	3	διανοηθέντας
256	4	καὶ
256	5	πολεμεῖν
256	6	ἐπιχειρήσαντας
256	7	οὐκ
256	8	ἀπειπεῖν
256	9	,
256	10	ἐν
256	11	πολλοῖς
256	12	κακοῖς
256	13	καὶ
256	14	κινδύνοις
256	15	γιγνομένους
256	16	,
256	17	πρὶν
256	18	ἁπάσας
256	19	ταύτας
256	20	ὑφʼ
256	21	αὑτοῖς
256	22	ἐποιήσαντο
256	23	πλὴν
256	24	τῆς
256	25	Ἀργείων
256	26	πόλεως
256	27	,
256	28	ἔχοντας
256	29	δʼ
256	30	ἤδη
256	31	καὶ
256	32	χώραν
256	33	πλείστην
256	34	καὶ
256	35	δύναμιν
256	36	μεγίστην
256	37	καὶ
256	38	δόξαν
256	39	τοσαύτην
256	40	ὅσην
256	41	προσήκει
256	42	τοὺς
256	43	τηλικαῦτα
256	44	διαπεπραγμένους
256	45	οὐχ
256	46	ἧττον
256	47	διακεῖσθαι
256	48	φιλοτίμως
256	49	,
256	50	ὅτι
256	51	λόγος
256	52	ὑπῆρχεν
256	53	αὐτοῖς
256	54	ἴδιος
256	55	καὶ
256	56	καλὸς
256	57	μόνοις
256	58	τῶν
256	59	Ἑλλήνων
256	60	·
257	1	ἐξεῖναι
257	2	γὰρ
257	3	εἰπεῖν
257	4	αὐτοῖς
257	5	ὅτι
257	6	σφεῖς
257	7	μὲν
257	8	ὄντες
257	9	οὕτως
257	10	ὀλίγοι
257	11	τὸν
257	12	ἀριθμὸν
257	13	οὐδεμιᾷ
257	14	πώποτε
257	15	τῶν
257	16	μυριάνδρων
257	17	πόλεων
257	18	ἠκολούθησαν
257	19	οὐ
257	20	δ’
257	21	ἐποίησαν
257	22	τὸ
257	23	προσταττόμενον
257	24	,
257	25	ἀλλʼ
257	26	αὐτόνομοι
257	27	διετέλεσαν
257	28	ὄντες
257	29	,
257	30	αὐτοὶ
257	31	δʼ
257	32	ἐν
257	33	τῶ
257	34	πολέμῳ
257	35	τῷ
257	36	πρὸς
257	37	τοὺς
257	38	βαρβάρους
257	39	πάντων
257	40	τῶν
257	41	Ἑλλήνων
257	42	ἡγεμόνες
257	43	κατέστησαν
257	44	,
257	45	καὶ
257	46	τῆς
257	47	τιμῆς
257	48	ταύτης
257	49	ἔτυχον
257	50	οὐκ
257	51	ἀλόγως
257	52	,
257	53	ἀλλὰ
257	54	διὰ
257	55	τὸ
257	56	μάχας
257	57	ποιησάμενοι
257	58	πλείστας
257	59	ἀνθρώπων
257	60	κατʼ
257	61	ἐκεῖνον
257	62	τὸν
257	63	χρόνον
257	64	μηδεμίαν
257	65	ἡττηθῆναι
257	66	τούτων
257	67	ἡγουμένου
257	68	βασιλέως
257	69	,
258	1	ἀλλὰ
258	2	νενικηκέναι
258	3	πάσας
258	4	,
258	5	οὗ
258	6	τεκμήριον
258	7	οὐδεὶς
258	8	ἂν
258	9	δύναιτο
258	10	μεῖζον
258	11	εἰπεῖν
258	12	ἀνδρίας
258	13	καὶ
258	14	καρτερίας
258	15	καὶ
258	16	τῆς
258	17	πρὸς
258	18	ἀλλήλους
258	19	ὁμονοίας
258	20	,
258	21	πλὴν
258	22	ἢ
258	23	τὸ
258	24	ῥηθήσεσθαι
258	25	μέλλον
258	26	·
258	27	τοσούτων
258	28	γὰρ
258	29	τὸ
258	30	πλῆθος
258	31	τῶν
258	32	πόλεων
258	33	τῶν
258	34	Ἑλληνίδων
258	35	οὐσῶν
258	36	,
258	37	τῶν
258	38	μὲν
258	39	ἄλλων
258	40	οὐδεμίαν
258	41	οὐδένʼ
258	42	οὐδεμίαν
258	43	οὐδένʼβενσελερ
258	44	·
258	45	οὐδεμίανμσς
258	46	.
258	47	εἰπεῖν
258	48	οὐ
258	49	δ’
258	50	εὑρεῖν
258	51	,
258	52	ἥτις
258	53	οὐ
258	54	περιπέπτωκε
258	55	ταῖς
258	56	συμφοραῖς
258	57	ταῖς
258	58	εἰθισμέναις
258	59	γίγνεσθαι
258	60	ταῖς
258	61	πόλεσιν
258	62	,
259	1	ἐν
259	2	δὲ
259	3	τῇ
259	4	Σπαρτιατῶν
259	5	οὐδεὶς
259	6	ἂν
259	7	ἐπιδείξειεν
259	8	οὔ
259	9	τε
259	10	στάσιν
259	11	οὔ
259	12	τε
259	13	σφαγὰς
259	14	οὔ
259	15	τε
259	16	φυγὰς
259	17	ἀνόμους
259	18	γεγενημένας
259	19	,
259	20	οὐ
259	21	δ’
259	22	ἁρπαγὰς
259	23	χρημάτων
259	24	οὐ
259	25	δ’
259	26	αἰσχύνας
259	27	γυναικῶν
259	28	καὶ
259	29	παίδων
259	30	,
259	31	ἀλλʼ
259	32	οὐ
259	33	δὲ
259	34	πολιτείας
259	35	μεταβολὴν
259	36	οὐ
259	37	δὲ
259	38	χρεῶν
259	39	ἀποκοπὰς
259	40	οὐ
259	41	δὲ
259	42	γῆς
259	43	ἀναδασμὸν
259	44	οὐ
259	45	δ’
259	46	ἄλλʼ
259	47	οὐδὲν
259	48	τῶν
259	49	ἀνηκέστων
259	50	κακῶν
259	51	.
259	52	περὶ
259	53	ὧν
259	54	διεξιόντας
259	55	οὐκ
259	56	ἔστιν
259	57	ὅπως
259	58	οὐ
259	59	καὶ
259	60	σοῦ
259	61	,
259	62	τοῦ
259	63	τʼ
259	64	ἀθροίσαντος
259	65	καὶ
259	66	διαλεχθέντος
259	67	οὕτω
259	68	καλῶς
259	69	περὶ
259	70	αὐτῶν
259	71	,
259	72	μεμνήσεσθαι
259	73	καὶ
259	74	πολλὴν
259	75	χάριν
259	76	ἕξειν
259	77	.
260	1	οὐ
260	2	τὴν
260	3	αὐτὴν
260	4	δὲ
260	5	γνώμην
260	6	ἔχω
260	7	περὶ
260	8	σοῦ
260	9	νῦν
260	10	καὶ
260	11	πρότερον
260	12	.
260	13	ἐν
260	14	μὲν
260	15	γὰρ
260	16	τοῖς
260	17	παρελθοῦσι
260	18	χρόνοις
260	19	ἐθαύμαζόν
260	20	σου
260	21	τήν
260	22	τε
260	23	φύσιν
260	24	καὶ
260	25	τὴν
260	26	τοῦ
260	27	βίου
260	28	τάξιν
260	29	καὶ
260	30	τὴν
260	31	φιλοπονίαν
260	32	καὶ
260	33	μάλιστα
260	34	τὴν
260	35	ἀλήθειαν
260	36	τῆς
260	37	φιλοσοφίας
260	38	,
260	39	νῦν
260	40	δὲ
260	41	ζηλῶ
260	42	σε
260	43	καὶ
260	44	μακαρίζω
260	45	τῆς
260	46	εὐδαιμονίας
260	47	·
260	48	δοκεῖς
260	49	γάρ
260	50	μοι
260	51	ζῶν
260	52	μὲν
260	53	λήψεσθαι
260	54	δόξαν
260	55	οὐ
260	56	μείζω
260	57	μὲν
260	58	ἧς
260	59	ἄξιος
260	60	εἶ
260	61	,
260	62	χαλεπὸν
260	63	γάρ
260	64	,
260	65	παρὰ
260	66	πλείοσι
260	67	δὲ
260	68	καὶ
260	69	μᾶλλον
260	70	ὁμολογουμένην
260	71	τῆς
260	72	νῦν
260	73	ὑπαρχούσης
260	74	,
260	75	τελευτήσας
260	76	δὲ
260	77	τὸν
260	78	βίον
260	79	μεθέξειν
260	80	ἀθανασίας
260	81	,
260	82	οὐ
260	83	τῆς
260	84	τοῖς
260	85	θεοῖς
260	86	παρούσης
260	87	,
260	88	ἀλλὰ
260	89	τῆς
260	90	τοῖς
260	91	ἐπιγιγνομένοις
260	92	περὶ
260	93	τῶν
260	94	διενεγκόντων
260	95	ἐπί
260	96	τινι
260	97	τῶν
260	98	καλῶν
260	99	ἔργων
260	100	μνήμην
260	101	ἐμποιούσης
260	102	.
261	1	καὶ
261	2	δικαίως
261	3	τεύξει
261	4	τούτων
261	5	·
261	6	ἐπῄνεκας
261	7	γὰρ
261	8	τὰς
261	9	πόλεις
261	10	ἀμφοτέρας
261	11	καλῶς
261	12	καὶ
261	13	προσηκόντως
261	14	,
261	15	τὴν
261	16	μὲν
261	17	κατὰ
261	18	τὴν
261	19	δόξαν
261	20	τὴν
261	21	τῶν
261	22	πολλῶν
261	23	,
261	24	ἧς
261	25	οὐδεὶς
261	26	τῶν
261	27	ὀνομαστῶν
261	28	ἀνδρῶν
261	29	καταπεφρόνηκεν
261	30	,
261	31	ἀλλʼ
261	32	ἐπιθυμοῦντες
261	33	τυχεῖν
261	34	αὐτῆς
261	35	οὐκ
261	36	ἔστιν
261	37	ὅντινα
261	38	κίνδυνον
261	39	οὐχ
261	40	ὑπομένουσι
261	41	,
261	42	τὴν
261	43	δὲ
261	44	κατὰ
261	45	τὸν
261	46	λογισμὸν
261	47	τῶν
261	48	πειρωμένων
261	49	στοχάζεσθαι
261	50	τῆς
261	51	ἀληθείας
261	52	,
261	53	παρʼ
261	54	οἷς
261	55	εὐδοκιμεῖν
261	56	ἄν
261	57	τινες
261	58	ἕλοιντο
261	59	μᾶλλον
261	60	ἢ
261	61	παρὰ
261	62	τοῖς
261	63	ἄλλοις
261	64	διπλασίοις
261	65	γενομένοις
261	66	ἢ
261	67	νῦν
261	68	εἰσιν
261	69	.
262	1	ἀπλήστως
262	2	δὲ
262	3	διακείμενος
262	4	ἐν
262	5	τῷ
262	6	παρόντι
262	7	πρὸς
262	8	τὸ
262	9	λέγειν
262	10	,
262	11	καὶ
262	12	πόλλʼ
262	13	ἂν
262	14	εἰπεῖν
262	15	ἔχων
262	16	ἔτι
262	17	καὶ
262	18	περὶ
262	19	σοῦ
262	20	καὶ
262	21	περὶ
262	22	τοῖν
262	23	πολέοιν
262	24	καὶ
262	25	περὶ
262	26	τοῦ
262	27	λόγου
262	28	,
262	29	ταῦτα
262	30	μὲν
262	31	ἐάσω
262	32	,
262	33	περὶ
262	34	ὧν
262	35	δὲ
262	36	παρακληθῆναί
262	37	με
262	38	σὺ
262	39	φῄς
262	40	,
262	41	περὶ
262	42	τούτων
262	43	ἀποφανοῦμαι
262	44	.
262	45	συμβουλεύω
262	46	γάρ
262	47	σοι
262	48	μή
262	49	τε
262	50	κατακάειν
262	51	τὸν
262	52	λόγον
262	53	μήτʼ
262	54	ἀφανίζειν
262	55	,
262	56	ἀλλʼ
262	57	εἴ
262	58	τινος
262	59	ἐνδεής
262	60	ἐστι
262	61	,
262	62	διορθώσαντα
262	63	καὶ
262	64	προσγράψαντα
262	65	πάσας
262	66	τὰς
262	67	διατριβὰς
262	68	τὰς
262	69	περὶ
262	70	αὐτὸν
262	71	γεγενημένας
262	72	διδόναι
262	73	τοῖς
262	74	βουλομένοις
262	75	λαμβάνειν
262	76	,
263	1	εἴπερ
263	2	βούλει
263	3	χαρίσασθαι
263	4	μὲν
263	5	τοῖς
263	6	ἐπιεικεστάτοις
263	7	τῶν
263	8	Ἑλλήνων
263	9	καὶ
263	10	τοῖς
263	11	ὡς
263	12	ἀληθῶς
263	13	φιλοσοφοῦσιν
263	14	ἀλλὰ
263	15	μὴ
263	16	προσποιουμένοις
263	17	,
263	18	λυπῆσαι
263	19	δὲ
263	20	τοὺς
263	21	θαυμάζοντας
263	22	μὲν
263	23	τὰ
263	24	σὰ
263	25	μᾶλλον
263	26	τῶν
263	27	ἄλλων
263	28	,
263	29	λοιδορουμένους
263	30	δὲ
263	31	τοῖς
263	32	λόγοις
263	33	τοῖς
263	34	σοῖς
263	35	ἐν
263	36	τοῖς
263	37	ὄχλοις
263	38	τοῖς
263	39	πανηγυρικοῖς
263	40	,
263	41	ἐν
263	42	οἷς
263	43	πλείους
263	44	εἰσὶν
263	45	οἱ
263	46	καθεύδοντες
263	47	τῶν
263	48	ἀκροωμένων
263	49	,
263	50	καὶ
263	51	προσδοκῶντας
263	52	,
263	53	ἢν
263	54	παρακρούσωνται
263	55	τοὺς
263	56	τοιούτους
263	57	,
263	58	ἐναμίλλους
263	59	τοὺς
263	60	αὑτῶν
263	61	γενήσεσθαι
263	62	τοῖς
263	63	ὑπὸ
263	64	σοῦ
263	65	γεγραμμένοις
263	66	,
263	67	κακῶς
263	68	εἰδότας
263	69	ὅτι
263	70	πλέον
263	71	ἀπολελειμμένοι
263	72	τῶν
263	73	σῶν
263	74	εἰσιν
263	75	ἢ
263	76	τῆς
263	77	Ὁμήρου
263	78	δόξης
263	79	οἱ
263	80	περὶ
263	81	τὴν
263	82	αὐτὴν
263	83	ἐκείνῳ
263	84	ποίησιν
263	85	γεγονότες.”
264	1	ταῦτʼ
264	2	εἰπόντος
264	3	αὐτοῦ
264	4	καὶ
264	5	τοὺς
264	6	παρόντας
264	7	ἀξιώσαντος
264	8	ἀποφήνασθαι
264	9	περὶ
264	10	ὧν
264	11	παρεκλήθησαν
264	12	,
264	13	οὐκ
264	14	ἐθορύβησαν
264	15	,
264	16	ὃ
264	17	ποιεῖν
264	18	εἰώθασιν
264	19	ἐπὶ
264	20	τοῖς
264	21	χαριέντως
264	22	διειλεγμένοις
264	23	,
264	24	ἀλλʼ
264	25	ἀνεβόησαν
264	26	ὡς
264	27	ὑπερβαλλόντως
264	28	εἰρηκότος
264	29	,
264	30	καὶ
264	31	περιστάντες
264	32	αὐτὸν
264	33	ἐπῄνουν
264	34	,
264	35	ἐζήλουν
264	36	,
264	37	ἐμακάριζον
264	38	,
264	39	καὶ
264	40	προσθεῖναι
264	41	μὲν
264	42	οὐδὲν
264	43	εἶχον
264	44	τοῖς
264	45	εἰρημένοις
264	46	οὐ
264	47	δ’
264	48	ἀφελεῖν
264	49	,
264	50	συναπεφαίνοντο
264	51	δὲ
264	52	καὶ
264	53	συνεβούλευόν
264	54	μοι
264	55	ποιεῖν
264	56	ἅπερ
264	57	ἐκεῖνος
264	58	παρῄνεσεν
264	59	.
265	1	οὐ
265	2	μὴν
265	3	οὐ
265	4	δ’
265	5	ἐγὼ
265	6	παρεστὼς
265	7	ἐσιώπων
265	8	,
265	9	ἀλλʼ
265	10	ἐπῄνεσα
265	11	τήν
265	12	τε
265	13	φύσιν
265	14	αὐτοῦ
265	15	καὶ
265	16	τὴν
265	17	ἐπιμέλειαν
265	18	,
265	19	περὶ
265	20	δὲ
265	21	τῶν
265	22	ἄλλων
265	23	οὐδὲν
265	24	ἐφθεγξάμην
265	25	ὧν
265	26	εἶπεν
265	27	,
265	28	οὔθʼ
265	29	ὡς
265	30	ἔτυχε
265	31	ταῖς
265	32	ὑπονοίαις
265	33	τῆς
265	34	ἐμῆς
265	35	διανοίας
265	36	οὔθʼ
265	37	ὡς
265	38	διήμαρτεν
265	39	,
265	40	ἀλλʼ
265	41	εἴων
265	42	αὐτὸν
265	43	οὕτως
265	44	ἔχειν
265	45	ὥσπερ
265	46	αὐτὸς
265	47	αὑτὸν
265	48	διέθηκεν
265	49	.
266	1	περὶ
266	2	μὲν
266	3	οὖν
266	4	ὧν
266	5	ὑπεθέμην
266	6	ἱκανῶς
266	7	εἰρῆσθαι
266	8	νομίζω
266	9	·
266	10	τὸ
266	11	γὰρ
266	12	ἀναμιμνήσκειν
266	13	καθʼ
266	14	ἕκαστον
266	15	τῶν
266	16	εἰρημένων
266	17	οὐ
266	18	πρέπει
266	19	τοῖς
266	20	λόγοις
266	21	τοῖς
266	22	τοιούτοις
266	23	·
266	24	βούλομαι
266	25	δὲ
266	26	διαλεχθῆναι
266	27	περὶ
266	28	τῶν
266	29	ἰδίᾳ
266	30	μοι
266	31	περὶ
266	32	τὸν
266	33	λόγον
266	34	συμβεβηκότων
266	35	.
266	36	ἐγὼ
266	37	γὰρ
266	38	ἐνεστησάμην
266	39	μὲν
266	40	αὐτὸν
266	41	ἔτη
266	42	γεγονὼς
266	43	ὅσα
266	44	περ
266	45	ἐν
266	46	ἀρχῇ
266	47	προεῖπον
266	48	·
267	1	ἤδη
267	2	δὲ
267	3	τῶν
267	4	ἡμισέων
267	5	γεγραμμένων
267	6	ἐπιγενομένου
267	7	μοι
267	8	νοσήματος
267	9	ῥηθῆναι
267	10	μὲν
267	11	οὐκ
267	12	εὐπρεποῦς
267	13	,
267	14	δυναμένου
267	15	δʼ
267	16	ἀναιρεῖν
267	17	οὐ
267	18	μόνον
267	19	τοὺς
267	20	πρεσβυτέρους
267	21	ἐν
267	22	τρισὶν
267	23	ἢ
267	24	τέτταρσιν
267	25	ἡμέραις
267	26	ἀλλὰ
267	27	καὶ
267	28	τῶν
267	29	ἀκμαζόντων
267	30	πολλούς
267	31	,
267	32	τούτῳ
267	33	διατελῶ
267	34	τρίʼ
267	35	ἔτη
267	36	μαχόμενος
267	37	,
267	38	οὕτω
267	39	φιλοπόνως
267	40	ἑκάστην
267	41	τὴν
267	42	ἡμέραν
267	43	διάγων
267	44	,
267	45	ὥστε
267	46	τοὺς
267	47	εἰδότας
267	48	καὶ
267	49	τοὺς
267	50	παρὰ
267	51	τούτων
267	52	πυνθανομένους
267	53	μᾶλλόν
267	54	με
267	55	θαυμάζειν
267	56	διὰ
267	57	τὴν
267	58	καρτερίαν
267	59	ταύτην
267	60	ἢ
267	61	διʼ
267	62	ἃ
267	63	πρότερον
267	64	ἐπῃνούμην
267	65	.
268	1	ἤδη
268	2	δʼ
268	3	ἀπειρηκότος
268	4	καὶ
268	5	διὰ
268	6	τὴν
268	7	νόσον
268	8	καὶ
268	9	διὰ
268	10	τὸ
268	11	γῆρας
268	12	,
268	13	τῶν
268	14	ἐπισκοπούντων
268	15	τινές
268	16	με
268	17	καὶ
268	18	πολλάκις
268	19	ἀνεγνωκότων
268	20	τὸ
268	21	μέρος
268	22	τοῦ
268	23	λόγου
268	24	τὸ
268	25	γεγραμμένον
268	26	,
268	27	ἐδέοντό
268	28	μου
268	29	καὶ
268	30	συνεβούλευον
268	31	μὴ
268	32	καταλιπεῖν
268	33	αὐτὸν
268	34	ἡμιτελῆ
268	35	μηδʼ
268	36	ἀδιέργαστον
268	37	,
268	38	ἀλλὰ
268	39	πονῆσαι
268	40	μικρὸν
268	41	χρόνον
268	42	καὶ
268	43	προσέχειν
268	44	τοῖς
268	45	λοιποῖς
268	46	τὸν
268	47	νοῦν
268	48	.
269	1	οὐχ
269	2	ὁμοίως
269	3	δὲ
269	4	διελέγοντο
269	5	περὶ
269	6	τούτων
269	7	τοῖς
269	8	ἀφοσιουμένοις
269	9	,
269	10	ἀλλʼ
269	11	ὑπερεπαινοῦντες
269	12	μὲν
269	13	τὰ
269	14	γεγραμμένα
269	15	,
269	16	τοιαῦτα
269	17	δὲ
269	18	λέγοντες
269	19	,
269	20	ὧν
269	21	εἴ
269	22	τινες
269	23	ἤκουον
269	24	μή
269	25	τε
269	26	συνήθεις
269	27	ἡμῖν
269	28	ὄντες
269	29	μήτʼ
269	30	εὔνοιαν
269	31	μηδεμίαν
269	32	ἔχοντες
269	33	,
269	34	οὐκ
269	35	ἔστιν
269	36	ὅπως
269	37	οὐκ
269	38	ἂν
269	39	ὑπέλαβον
269	40	τοὺς
269	41	μὲν
269	42	φενακίζειν
269	43	,
269	44	ἐμὲ
269	45	δὲ
269	46	διεφθάρθαι
269	47	καὶ
269	48	παντάπασιν
269	49	εἶναι
269	50	μωρόν
269	51	,
270	1	εἰ
270	2	πείσομαι
270	3	τοῖς
270	4	λεγομένοις
270	5	.
270	6	οὕτω
270	7	δʼ
270	8	ἔχων
270	9	ἐφʼ
270	10	οἷς
270	11	εἰπεῖν
270	12	ἐτόλμησαν
270	13	ἐπείσθην
270	14	ʽτί
270	15	γὰρ
270	16	δεῖ
270	17	μακρολογεῖν;ʼ
270	18	γενέσθαι
270	19	πρὸς
270	20	τῇ
270	21	τῶν
270	22	λοιπῶν
270	23	πραγματείᾳ
270	24	γεγονὼς
270	25	μὲν
270	26	ἔτη
270	27	τρία
270	28	μόνον
270	29	ἀπολείποντα
270	30	τῶν
270	31	ἑκατόν
270	32	,
270	33	οὕτω
270	34	δὲ
270	35	διακείμενος
270	36	ὡς
270	37	ἕτερος
270	38	ἔχων
270	39	οὐχ
270	40	ὅπως
270	41	γράφειν
270	42	ἂν
270	43	λόγον
270	44	ἐπεχείρησεν
270	45	,
270	46	ἀλλʼ
270	47	οὐ
270	48	δ’
270	49	ἄλλου
270	50	δεικνύοντος
270	51	καὶ
270	52	πονήσαντος
270	53	ἠθέλησεν
270	54	ἀκροατὴς
270	55	γενέσθαι
270	56	.
271	1	τίνος
271	2	οὖν
271	3	ἕνεκα
271	4	ταῦτα
271	5	διῆλθον
271	6	;
271	7	οὐ
271	8	συγγνώμης
271	9	τυχεῖν
271	10	ἀξιῶν
271	11	ὑπὲρ
271	12	τῶν
271	13	εἰρημένων
271	14	,
271	15	οὐ
271	16	γὰρ
271	17	οὕτως
271	18	οἴομαι
271	19	διειλέχθαι
271	20	περὶ
271	21	αὐτῶν
271	22	,
271	23	ἀλλὰ
271	24	δηλῶσαι
271	25	βουλόμενος
271	26	τά
271	27	τε
271	28	περὶ
271	29	ἐμὲ
271	30	γεγενημένα
271	31	,
271	32	καὶ
271	33	τῶν
271	34	ἀκροατῶν
271	35	ἐπαινέσαι
271	36	μὲν
271	37	τοὺς
271	38	τόν
271	39	τε
271	40	λόγον
271	41	ἀποδεχομένους
271	42	τοῦτον
271	43	καὶ
271	44	τῶν
271	45	ἄλλων
271	46	σπουδαιοτέρους
271	47	καὶ
271	48	φιλοσοφωτέρους
271	49	εἶναι
271	50	νομίζοντας
271	51	τούς
271	52	τε
271	53	διδασκαλικοὺς
271	54	τούς
271	55	τε
271	56	διδασκαλικοὺςϝυλγ.:τοὺς
271	57	διδασκαλικοὺς
271	58	Γ
271	59	.
271	60	καὶ
271	61	τεχνικοὺς
271	62	τῶν
271	63	πρὸς
271	64	τὰς
271	65	ἐπιδείξεις
271	66	καὶ
271	67	τοὺς
271	68	ἀγῶνας
271	69	γεγραμμένων
271	70	,
271	71	καὶ
271	72	τοὺς
271	73	τῆς
271	74	ἀληθείας
271	75	στοχαζομένους
271	76	τῶν
271	77	τὰς
271	78	δόξας
271	79	τῶν
271	80	ἀκροωμένων
271	81	παρακρούεσθαι
271	82	ζητούντων
271	83	,
271	84	καὶ
271	85	τοὺς
271	86	ἐπιπλήττοντας
271	87	τοῖς
271	88	ἁμαρτανομένοις
271	89	καὶ
271	90	νουθετοῦντας
271	91	τῶν
271	92	πρὸς
271	93	ἡδονὴν
271	94	καὶ
271	95	χάριν
271	96	λεγομένων
271	97	,
272	1	συμβουλεῦσαι
272	2	δὲ
272	3	τοῖς
272	4	τ
272	5	ἀναντία
272	6	τούτων
272	7	γιγνώσκουσι
272	8	πρῶτον
272	9	μὲν
272	10	μὴ
272	11	πιστεύειν
272	12	ταῖς
272	13	αὑτῶν
272	14	γνώμαις
272	15	,
272	16	μη
272	17	δὲ
272	18	νομίζειν
272	19	ἀληθεῖς
272	20	εἶναι
272	21	τὰς
272	22	κρίσεις
272	23	τὰς
272	24	ὑπὸ
272	25	τῶν
272	26	ῥᾳθυμούντων
272	27	γιγνομένας
272	28	,
272	29	ἔπειτα
272	30	μὴ
272	31	προπετῶς
272	32	ἀποφαίνεσθαι
272	33	περὶ
272	34	ὧν
272	35	οὐκ
272	36	ἴσασιν
272	37	,
272	38	ἀλλὰ
272	39	περιμένειν
272	40	ἕως
272	41	ἂν
272	42	ὁμονοῆσαι
272	43	δυνηθῶσι
272	44	τοῖς
272	45	τῶν
272	46	ἐπιδεικνυμένων
272	47	πολλὴν
272	48	ἐμπειρίαν
272	49	ἔχουσιν
272	50	·
272	51	τῶν
272	52	γὰρ
272	53	οὕτω
272	54	διοικούντων
272	55	τὰς
272	56	ἑαυτῶν
272	57	διανοίας
272	58	οὐκ
272	59	ἔστιν
272	60	ὅστις
272	61	ἂν
272	62	τοὺς
272	63	τοιούτους
272	64	ἀνοήτους
272	65	εἶναι
272	66	νομίσειεν
272	67	.
