token_ref	lemma	postag	oga_lemma	glaux_lemma	oga_postag	glaux_postag	notes
1	τίς	p-s---na-	τίς	τίς	p-s---na-	p-s---na-	
2	τηνικάδε	d--------	τηνικάδε	τηνικάδε	d--------	d--------	
3	ἀφικνέομαι	v2srim---	ἀφικνέομαι	ἀφικνέομαι	v2srie---	v2srim---	
4	,	u--------	,	,	u--------	u--------	
5	ὦ	i--------	ὦ	ὦ	i--------	i--------	
6	Κρίτων	n-s---mv-	κρίτων	Κρίτων	n-s---mv-	n-s---mv-	
7	;	u--------	;	;	u--------	u--------	
8	ἤ	b--------	ἤ1	ἤ	d--------	b--------	
9	οὐ	d--------	οὐ	οὐ	d--------	d--------	
10	πρωΐ	d--------	πρωί	πρωΐ	d--------	d--------	
11	ἔτι	d--------	ἔτι	ἔτι	d--------	d--------	
12	εἰμί	v3spia---	εἰμί	εἰμί	v3spia---	v3spia---	
13	;	u--------	;	;	u--------	u--------	
14	πάνυ	d--------	πάνυ	πάνυ	d--------	d--------	
15	μέν	g--------	μέν	μέν	d--------	g--------	
16	οὖν	g--------	οὖν	οὖν	d--------	g--------	
17	.	u--------	.	.	u--------	u--------	
18	πηνίκα	d--------	πηνίκα	πηνίκα	d--------	d--------	
19	μάλα	d-------s	μάλιστα	μάλα	d--------	d-------s	DISAGREE
20	;	u--------		;		u--------	glaux_only
21	ὄρθρος	n-s---mn-	ὄρθρος	ὄρθρος	n-s---mn-	n-s---mn-	
22	βαθύς	a-s---mn-	βαθύς	βαθύς	a-s---mn-	a-s---mn-	
23	.	u--------	.	.	u--------	u--------	
24	θαυμάζω	v1spia---	θαυμάζω	θαυμάζω	v1spia---	v1spia---	
25	ὅπως	c--------	ὅπως	ὅπως	c--------	c--------	
26	ἐθέλω	v3saia---	ἐθέλω	ἐθέλω	v3saia---	v3saia---	
27	σύ	p2s---cd-	σύ	σύ	p-s---md-	p2s---cd-	
28	ὁ	l-s---mn-	ὁ	ὁ	l-s---mn-	l-s---mn-	
29	ὁ	l-s---ng-	ὁ	ὁ	l-s---ng-	l-s---ng-	
30	δεσμωτήριον	n-s---ng-	δεσμωτήριον	δεσμωτήριον	n-s---ng-	n-s---ng-	
31	φύλαξ	n-s---mn-	φύλαξ	φύλαξ	n-s---mn-	n-s---mn-	
32	ὑπακούω	v--ana---	ὑπακούω	ὑπακούω	v--ana---	v--ana---	
33	.	u--------	.	.	u--------	u--------	
34	συνήθης	a-s---mn-	συνήθης	συνήθης	a-s---mn-	a-s---mn-	
35	ἤδη	d--------	ἤδη	ἤδη	d--------	d--------	
36	ἐγώ	p1s---cd-	ἐγώ	ἐγώ	p1s---md-	p1s---cd-	
37	εἰμί	v3spia---	εἰμί	εἰμί	v3spia---	v3spia---	
38	,	u--------	,	,	u--------	u--------	
39	ὦ	i--------	ὦ	ὦ	i--------	i--------	
40	Σωκράτης	n-s---mv-	σωκράτης	Σωκράτης	n-s---mv-	n-s---mv-	
41	,	u--------	,	,	u--------	u--------	
42	διά	r--------	διά	διά	r--------	r--------	
43	ὁ	l-s---na-	ὁ	ὁ	l-s---na-	l-s---na-	
44	πολλάκις	d--------	πολλάκις	πολλάκις	d--------	d--------	
45	δεῦρο	d--------	δεῦρο	δεῦρο	d--------	d--------	
46	φοιτάω	v--pna---	φοιτάω	φοιτάω	v--pna---	v--pna---	
47	,	u--------	,	,	u--------	u--------	
48	καί	b--------	καί	καί	c--------	b--------	
49	τις	p-s---nn-	τις	τις	p-s---nn-	p-s---nn-	
50	καί	d--------	καί	καί	d--------	d--------	
51	εὐεργετέω	v3srim---	εὐεργετέω	εὐεργετέω	v3srie---	v3srim---	
52	ὑπό	r--------	ὑπό	ὑπό	r--------	r--------	
53	ἐγώ	p1s---cg-	ἐγώ	ἐγώ	p1s---mg-	p1s---cg-	
54	.	u--------	.	.	u--------	u--------	
55	ἄρτι	d--------	ἄρτι	ἄρτι	d--------	d--------	
56	δέ	b--------	δέ	δέ	g--------	b--------	
57	ἥκω	v2spia---	ἥκω	ἥκω	v2spia---	v2spia---	
58	ἤ	b--------	ἤ1	ἤ	c--------	b--------	
59	πάλαι	d--------	πάλαι	πάλαι	d--------	d--------	
60	;	u--------	;	;	u--------	u--------	
61	ἐπιεικής	d--------	ἐπιεικής	ἐπιεικής	d--------	d--------	
62	πάλαι	d--------	πάλαι	πάλαι	d--------	d--------	
63	.	u--------	.	.	u--------	u--------	
64	εἶτα	d--------	εἶτα	εἶτα	d--------	d--------	
65	πῶς	d--------	πῶς	πῶς	d--------	d--------	
66	οὐ	d--------	οὐ	οὐ	d--------	d--------	
67	εὐθύς	d--------	εὐθύς2	εὐθύς	d--------	d--------	
68	ἐπεγείρω	v2saia---	ἐπαγείρω	ἐπεγείρω	v2saia---	v2saia---	DISAGREE
69	ἐγώ	p1s---ca-	ἐγώ	ἐγώ	p1s---ma-	p1s---ca-	
70	,	u--------	,	,	u--------	u--------	
71	ἀλλά	b--------	ἀλλά	ἀλλά	c--------	b--------	
72	σιγή	n-s---fd-	σιγή	σιγή	n-s---fd-	n-s---fd-	
73	παρακάθημαι	v2spim---	παρακάθημαι	παρακάθημαι	v2spim---	v2spim---	
74	;	u--------	;	;	u--------	u--------	
75	οὐ	d--------		οὐ		d--------	glaux_only
76	μά	r--------	μά	μά	r--------	r--------	
77	ὁ	l-s---ma-	ὁ	ὁ	l-s---ma-	l-s---ma-	
78	Ζεύς	n-s---ma-	ζεύς	Ζεύς	n-d---fn-	n-s---ma-	
79	,	u--------	,	,	u--------	u--------	
80	ὦ	i--------	ὦ	ὦ	i--------	i--------	
81	Σωκράτης	n-s---mv-	σωκράτης	Σωκράτης	n-s---mv-	n-s---mv-	
82	,	u--------	,	,	u--------	u--------	
83							unmatched
84	ἄν	g--------	ἄν	ἄν	d--------	g--------	
85	αὐτός	p-s---mn-	αὐτός	αὐτός	p-s---mn-	p-s---mn-	
86	ἐθέλω	v1siia---	ἐθέλω	ἐθέλω	v3piia---	v1siia---	
87	ἐν	r--------	ἐν	ἐν	r--------	r--------	
88	τοσοῦτος	p-s---fd-	τοσοῦτος	τοσοῦτος	a-s---fd-	p-s---fd-	
89	τε	b--------	τε	τε	d--------	b--------	
90	ἀγρυπνία	n-s---fd-	ἀγρυπνία	ἀγρυπνία	n-p---fn-	n-s---fd-	
91	καί	b--------	καί	καί	c--------	b--------	
92	λύπη	n-s---fd-	λύπη	λύπη	n-s---fd-	n-s---fd-	
93	εἰμί	v--pna---	εἰμί	εἰμί	v--pna---	v--pna---	
94	,	u--------	,	,	u--------	u--------	
95	ἀλλά	b--------	ἀλλά	ἀλλά	c--------	b--------	
96	καί	d--------	καί	καί	d--------	d--------	
97	σύ	p2s---cg-	σύ	σύ	p-s---mg-	p2s---cg-	
98	πάλαι	d--------	πάλαι	πάλαι	d--------	d--------	
99	θαυμάζω	v1spia---	θαυμάζω	θαυμάζω	v1spsa---	v1spia---	
100	αἰσθάνομαι	v-sppmmn-	αἰσθάνομαι	αἰσθάνομαι	v-sppmmn-	v-sppmmn-	
101	ὡς	c--------	ὡς	ὡς	c--------	c--------	
102	ἡδύς	d--------	ἡδέως	ἡδύς	d--------	d--------	DISAGREE
103	καθεύδω	v2spia---	καθεύδω	καθεύδω	v2spia---	v2spia---	
104	·	u--------	·	·	u--------	u--------	
105	καί	b--------	καί	καί	d--------	b--------	
106	ἐπίτηδες	d--------	ἐπίτηδες	ἐπίτηδες	d--------	d--------	
107	σύ	p2s---ca-	σύ	σύ	p-s---ma-	p2s---ca-	
108	οὐ	d--------	οὐ	οὐ	d--------	d--------	
109	ἐγείρω	v1siia---	ἀγείρω	ἐγείρω	v1siia---	v1siia---	DISAGREE
110	ἵνα	c--------	ἵνα	ἵνα	c--------	c--------	
111	ὡς	d--------	ὡς	ὡς	d--------	d--------	
112	ἡδύς	d-------s	ἡδύς	ἡδύς	a-p---nas	d-------s	
113	διάγω	v2spsa---	διάγω	διάγω	v2spsa---	v2spsa---	
114	.	u--------	.	.	u--------	u--------	
115	καί	b--------	καί	καί	d--------	b--------	
116	πολλάκις	d--------	πολλάκις	πολλάκις	d--------	d--------	
117	μέν	g--------	μέν	μέν	d--------	g--------	
118	δή	g--------	δή	δή	d--------	g--------	
119	σύ	p2s---ca-	σύ	σύ	p-s---ma-	p2s---ca-	
120	καί	d--------	καί	καί	d--------	d--------	
121	πρότερος	d-------c	πρότερος	πρότερος	a-s---na-	d-------c	
122	ἐν	r--------	ἐν	ἐν	r--------	r--------	
123	πᾶς	a-s---md-	πᾶς	πᾶς	a-s---md-	a-s---md-	
124	ὁ	l-s---md-	ὁ	ὁ	l-s---md-	l-s---md-	
125	βίος	n-s---md-	βίος	βίος	n-s---md-	n-s---md-	
126	εὐδαιμονίζω	v1saia---	εὐδαιμονίζω	εὐδαιμονίζω	v1saia---	v1saia---	
127	ὁ	l-s---mg-	ὁ	ὁ	l-s---mg-	l-s---mg-	
128	τρόπος	n-s---mg-	τρόπος	τρόπος	n-s---mg-	n-s---mg-	
129	,	u--------	,	,	u--------	u--------	
130	πολύς	a-s---na-	πολύς	πολύς	a-s---na-	a-s---na-	
131	δέ	b--------	δέ	δέ	c--------	b--------	
132	μάλα	d-------s	μάλιστα	μάλα	d--------	d-------s	DISAGREE
133	ἐν	r--------	ἐν	ἐν	r--------	r--------	
134	ὁ	l-s---fd-	ὁ	ὁ	l-s---fd-	l-s---fd-	
135	νῦν	d--------	νῦν	νῦν	d--------	d--------	
136	παρίστημι	v-srpafd-	παρίστημι	παρίστημι	v-srpafd-	v-srpafd-	
137	συμφορά	n-s---fd-	συμφορά	συμφορά	n-s---fd-	n-s---fd-	
138	,	u--------	,	,	u--------	u--------	
139	ὡς	c--------	ὡς	ὡς	c--------	c--------	
140	ῥᾴδιος	d--------	ῥᾴδιος	ῥᾴδιος	d--------	d--------	
141	αὐτός	p-s---fa-	αὐτός	αὐτός	p-s---fa-	p-s---fa-	
142	καί	b--------	καί	καί	c--------	b--------	
143	πρᾶος	d--------	πρᾶος	πρᾶος	d--------	d--------	
144	φέρω	v2spia---	φέρω	φέρω	v2spia---	v2spia---	
145	.	u--------	.	.	u--------	u--------	
146	καί	b--------	καί	καί	d--------	b--------	
147	γάρ	g--------	γάρ	γάρ	d--------	g--------	
148	ἄν	g--------	ἄν	ἄν	d--------	g--------	
149	,	u--------	,	,	u--------	u--------	
150	ὦ	i--------	ὦ	ὦ	i--------	i--------	
151	Κρίτων	n-s---mv-	κρίτων	Κρίτων	n-s---mv-	n-s---mv-	
152	,	u--------	,	,	u--------	u--------	
153	πλημμελής	a-s---nn-	πλημμελής	πλημμελής	a-s---nn-	a-s---nn-	
154	εἰμί	v3spoa---	εἰμί	εἰμί	v3spoa---	v3spoa---	
155	ἀγανακτέω	v--pna---	ἀγανακτέω	ἀγανακτέω	v--pna---	v--pna---	
156	τηλικοῦτος	a-s---ma-	τηλικοῦτος	τηλικοῦτος	p-s---ma-	a-s---ma-	
157	εἰμί	v-sppama-	εἰμί	εἰμί	v-sppama-	v-sppama-	
158	εἰ	c--------	εἰ	εἰ	c--------	c--------	
159	δέω	v3spia---	δεῖ	δέω	v3spia---	v3spia---	DISAGREE
160	ἤδη	d--------	ἤδη	ἤδη	d--------	d--------	
161	τελευτάω	v--pna---	τελευτάω	τελευτάω	v--pna---	v--pna---	
162	.	u--------	.	.	u--------	u--------	
163	καί	d--------	καί	καί	d--------	d--------	
164	ἄλλος	p-p---mn-	ἄλλος	ἄλλος	p-p---mn-	p-p---mn-	
165	,	u--------	,	,	u--------	u--------	
166	ὦ	i--------	ὦ	ὦ	i--------	i--------	
167	Σωκράτης	n-s---mv-	σωκράτης	Σωκράτης	n-s---mv-	n-s---mv-	
168	,	u--------	,	,	u--------	u--------	
169	τηλικοῦτος	a-p---mn-	τηλικοῦτος	τηλικοῦτος	p-p---mn-	a-p---mn-	
170	ἐν	r--------	ἐν	ἐν	r--------	r--------	
171	τοιοῦτος	p-p---fd-	τοιοῦτος	τοιοῦτος	a-p---fd-	p-p---fd-	
172	συμφορά	n-p---fd-	συμφορά	συμφορά	n-p---fd-	n-p---fd-	
173	ἁλίσκομαι	v3ppim---	ἁλίσκομαι	ἁλίσκομαι	v3ppie---	v3ppim---	
174	,	u--------	,	,	u--------	u--------	
175	ἀλλά	b--------	ἀλλά	ἀλλά	c--------	b--------	
176	οὐδείς	p-s---na-	οὐδείς	οὐδείς	a-s---na-	p-s---na-	
177	αὐτός	p-p---ma-	αὐτός	αὐτός	p-p---ma-	p-p---ma-	
178	ἐπιλύω	v3spim---	ἐπιλύω	ἐπιλύω	v3spie---	v3spim---	
179	ὁ	l-s---fn-	ὁ	ὁ	l-s---fn-	l-s---fn-	
180	ἡλικία	n-s---fn-	ἡλικία	ἡλικία	n-s---fn-	n-s---fn-	
181	ὁ	l-s---na-	ὁ	ὁ	l-s---na-	l-s---na-	
182	μή	d--------	μή	μή	d--------	d--------	
183	οὐ	d--------	οὐ	οὐ	d--------	d--------	
184	ἀγανακτέω	v--pna---	ἀγανακτέω	ἀγανακτέω	v--pna---	v--pna---	
185	ὁ	l-s---fd-	ὁ	ὁ	l-s---fd-	l-s---fd-	
186	πάρειμι	v-sppafd-	πάρειμι1	πάρειμι	v-sppafd-	v-sppafd-	
187	τύχη	n-s---fd-	τύχη	τύχη	n-s---fd-	n-s---fd-	
188	.	u--------	.	.	u--------	u--------	
189	εἰμί	v3spia---	εἰμί	εἰμί	v3spia---	v3spia---	
190	οὗτος	p-p---nn-	οὗτος	οὗτος	a-p---nn-	p-p---nn-	
191	.	u--------	.	.	u--------	u--------	
192	ἀλλά	b--------	ἀλλά	ἀλλά	d--------	b--------	
193	τίς	p-s---na-	τίς	τίς	p-s---na-	p-s---na-	
194	δή	g--------	δή	δή	d--------	g--------	
195	οὕτως	d--------	οὕτως	οὕτως	d--------	d--------	
196	πρωΐ	d--------	πρωί	πρωΐ	d--------	d--------	
197	ἀφικνέομαι	v2srim---	ἀφικνέομαι	ἀφικνέομαι	v2srie---	v2srim---	
198	;	u--------	;	;	u--------	u--------	
199	ἀγγελία	n-s---fa-	ἀγγελία	ἀγγελία	n-s---fa-	n-s---fa-	
200	,	u--------	,	,	u--------	u--------	
201	ὦ	i--------	ὦ	ὦ	i--------	i--------	
202	Σωκράτης	n-s---mv-	σωκράτης	Σωκράτης	n-s---mv-	n-s---mv-	
203	,	u--------	,	,	u--------	u--------	
204	φέρω	v-sppamn-	φέρω	φέρω	v-sppamn-	v-sppamn-	
205	χαλεπός	a-s---fa-	χαλεπός	χαλεπός	a-s---fa-	a-s---fa-	
206	,	u--------	,	,	u--------	u--------	
207	οὐ	d--------	οὐ	οὐ	d--------	d--------	
208	σύ	p2s---cd-	σύ	σύ	p-s---md-	p2s---cd-	
209	,	u--------	,	,	u--------	u--------	
210	ὡς	c--------	ὡς	ὡς	c--------	c--------	
211	ἐγώ	p1s---cd-	ἐγώ	ἐγώ	p1s---md-	p1s---cd-	
212	φαίνω	v3spim---	φαίνω	φαίνω	v3spie---	v3spim---	
213	,	u--------	,	,	u--------	u--------	
214	ἀλλά	b--------	ἀλλά	ἀλλά	c--------	b--------	
215	ἐγώ	p1s---cd-	ἐγώ	ἐγώ	p1s---md-	p1s---cd-	
216	καί	b--------	καί	καί	c--------	b--------	
217	ὁ	l-p---md-	ὁ	ὁ	l-p---md-	l-p---md-	
218	σός	a-p---md-	σός	σός	a-p---md-	a-p---md-	
219	ἐπιτήδειος	a-p---md-	ἐπιτήδειος	ἐπιτήδειος	a-p---md-	a-p---md-	
220	πᾶς	a-p---md-	πᾶς	πᾶς	a-p---md-	a-p---md-	
221	καί	b--------	καί	καί	c--------	b--------	
222	χαλεπός	a-s---fa-	χαλεπός	χαλεπός	a-s---fa-	a-s---fa-	
223	καί	b--------	καί	καί	d--------	b--------	
224	βαρύς	a-s---fa-	βαρύς	βαρύς	a-s---fa-	a-s---fa-	
225	,	u--------	,	,	u--------	u--------	
226	ὅς	p-s---fa-	ὅς	ὅς	p-s---fa-	p-s---fa-	
227	ἐγώ	p1s---cn-	ἐγώ	ἐγώ	p-s---mn-	p1s---cn-	
228	,	u--------	,	,	u--------	u--------	
229	ὡς	c--------	ὡς	ὡς	c--------	c--------	
230	ἐγώ	p1s---cd-	ἐγώ	ἐγώ	p1s---md-	p1s---cd-	
231	δοκέω	v1spia---	δοκέω	δοκέω	v1spia---	v1spia---	
232	,	u--------	,	,	u--------	u--------	
233	ἐν	r--------	ἐν	ἐν	r--------	r--------	
234	ὁ	l-p---md-	ὁ	ὁ	l-p---md-	l-p---md-	
235	βαρύς	d-------s	βαρύς	βαρύς	a-p---nas	d-------s	
236	ἄν	g--------	ἄν	ἄν	d--------	g--------	
237	φέρω	v1saoa---	φέρω	φέρω	v1saoa---	v1saoa---	
238	.	u--------	.	.	u--------	u--------	
239	τίς	p-s---ca-	τις	τίς	p-s---fa-	p-s---ca-	
240	οὗτος	p-s---fa-	οὗτος	οὗτος	a-s---fa-	p-s---fa-	
241	;	u--------		;		u--------	glaux_only
242	ἤ	b--------	ἤ1	ἤ	d--------	b--------	
243	ὁ	l-s---nn-	ὁ	ὁ	l-s---nn-	l-s---nn-	
244	πλοῖον	n-s---nn-	πλοῖον	πλοῖον	n-s---nn-	n-s---nn-	
245	ἀφικνέομαι	v3srim---	ἀφικνέομαι	ἀφικνέομαι	v3srie---	v3srim---	
246	ἐκ	r--------	ἐκ	ἐκ	r--------	r--------	
247	Δῆλος	n-s---fg-	δῆλος	Δῆλος	n-s---fg-	n-s---fg-	
248	,	u--------	,	,	u--------	u--------	
249	ὅς	p-s---ng-	ὅς	ὅς	p-s---ng-	p-s---ng-	
250	δέω	v3spia---	δεῖ	δέω	v3spia---	v3spia---	DISAGREE
251	ἀφικνέομαι	v-sapmng-	ἀφικνέομαι	ἀφικνέομαι	v-sapmmg-	v-sapmng-	
252	θνῄσκω	v--rna---	θνήσκω	θνῄσκω	v--rna---	v--rna---	
253	ἐγώ	p1s---ca-	ἐγώ	ἐγώ	p-s---ma-	p1s---ca-	
254	;	u--------	;	;	u--------	u--------	
255	οὔτοι	d--------	οὔτοι	οὔτοι	d--------	d--------	
256	δή	g--------	δή	δή	d--------	g--------	
257	ἀφικνέομαι	v3srim---	ἀφικνέομαι	ἀφικνέομαι	v3srie---	v3srim---	
258	,	u--------	,	,	u--------	u--------	
259	ἀλλά	b--------	ἀλλά	ἀλλά	c--------	b--------	
260	δοκέω	v--pna---	δοκέω	δοκέω	v--pna---	v--pna---	
261	μέν	g--------	μέν	μέν	d--------	g--------	
262	ἐγώ	p1s---cd-	ἐγώ	ἐγώ	p1s---md-	p1s---cd-	
263	ἥκω	v3sfia---	ἥκω	ἥκω	v3sfia---	v3sfia---	
264	σήμερον	d--------	σήμερον	σήμερον	d--------	d--------	
265	ἐκ	r--------	ἐκ	ἐκ	r--------	r--------	
266	ὅς	p-p---ng-	ὅς	ὅς	p-p---mg-	p-p---ng-	
267	ἀπαγγέλλω	v3ppia---	ἀπαγγέλλω	ἀπαγγέλλω	v3ppia---	v3ppia---	
268	ἥκω	v-pppamn-	ἥκω	ἥκω	v-pppamn-	v-pppamn-	
269	τις	p-p---cn-	τις	τις	p-p---mn-	p-p---cn-	
270	ἀπό	r--------	ἀπό	ἀπό	r--------	r--------	
271	Σούνιον	n-s---ng-	σούνιον	Σούνιον	n-s---ng-	n-s---ng-	
272	καί	b--------	καί	καί	c--------	b--------	
273	καταλείπω	v-papamn-	καταλιμπάνω	καταλείπω	v-papamn-	v-papamn-	DISAGREE
274	ἐκεῖ	d--------	ἐκεῖ	ἐκεῖ	d--------	d--------	
275	αὐτός	p-s---na-	αὐτός	αὐτός	p-s---na-	p-s---na-	
276	.	u--------	.	.	u--------	u--------	
277	δῆλος	a-s---nn-	δῆλος	δῆλος	a-s---nn-	a-s---nn-	
278	οὖν	g--------	οὖν	οὖν	d--------	g--------	
279	ἐκ	r--------	ἐκ	ἐκ	r--------	r--------	
280	οὗτος	p-p---mg-	οὗτος	οὗτος	p-p---ng-	p-p---mg-	
281	ὁ	l-p---mg-		ὁ		l-p---mg-	glaux_only
282	ἄγγελος	n-p---mg-		ἄγγελος		n-p---mg-	glaux_only
283	ὅτι	c--------		ὅτι		c--------	glaux_only
284	ἥκω	v3sfia---		ἥκω		v3sfia---	glaux_only
285	σήμερον	d--------		σήμερον		d--------	glaux_only
286	,	u--------		,		u--------	glaux_only
287	καί	b--------		καί		b--------	glaux_only
288	ἀνάγκη	n-s---fn-		ἀνάγκη		n-s---fn-	glaux_only
289	δή	g--------		δή		g--------	glaux_only
290	εἰς	r--------		εἰς		r--------	glaux_only
291	αὔριον	d--------		αὔριον		d--------	glaux_only
292	εἰμί	v3sfim---		εἰμί		v3sfim---	glaux_only
293	,	u--------	,	,	u--------	u--------	
294	ὦ	i--------		ὦ		i--------	glaux_only
295	Σωκράτης	n-s---mv-		Σωκράτης		n-s---mv-	glaux_only
296	,	u--------		,		u--------	glaux_only
297	ὁ	l-s---ma-		ὁ		l-s---ma-	glaux_only
298	βίος	n-s---ma-		βίος		n-s---ma-	glaux_only
299	σύ	p2s---ca-		σύ		p2s---ca-	glaux_only
300	τελευτάω	v--pna---		τελευτάω		v--pna---	glaux_only
301	.	u--------		.		u--------	glaux_only
302	ἀλλά	b--------		ἀλλά		b--------	glaux_only
303	,	u--------		,		u--------	glaux_only
304	ὦ	i--------		ὦ		i--------	glaux_only
305	Κρίτων	n-s---mv-		Κρίτων		n-s---mv-	glaux_only
306	,	u--------		,		u--------	glaux_only
307	τύχη	n-s---fd-		τύχη		n-s---fd-	glaux_only
308	ἀγαθός	a-s---fd-		ἀγαθός		a-s---fd-	glaux_only
309	,	u--------		,		u--------	glaux_only
310	εἰ	c--------		εἰ		c--------	glaux_only
311	ταύτῃ	d--------	οὗτος	ταύτῃ	a-s---fd-	d--------	DISAGREE
312	ὁ	l-p---md-		ὁ		l-p---md-	glaux_only
313	θεός	n-p---md-		θεός		n-p---md-	glaux_only
314	φίλος	a-s---nn-		φίλος		a-s---nn-	glaux_only
315	,	u--------		,		u--------	glaux_only
316	ταύτῃ	d--------		ταύτῃ		d--------	glaux_only
317	εἰμί	v3spma---		εἰμί		v3spma---	glaux_only
318	·	u--------		·		u--------	glaux_only
319	οὐ	d--------		οὐ		d--------	glaux_only
320	μέντοι	g--------		μέντοι		g--------	glaux_only
321	οἴομαι	v1spim---		οἴομαι		v1spim---	glaux_only
322	ἥκω	v--fna---		ἥκω		v--fna---	glaux_only
323	αὐτός	p-s---na-		αὐτός		p-s---na-	glaux_only
324	σήμερον	d--------		σήμερον		d--------	glaux_only
325	.	u--------		.		u--------	glaux_only
326	πόθεν	d--------		πόθεν		d--------	glaux_only
327	οὗτος	p-s---na-		οὗτος		p-s---na-	glaux_only
328	τεκμαίρομαι	v2spim---		τεκμαίρομαι		v2spim---	glaux_only
329	;	u--------		;		u--------	glaux_only
330	ἐγώ	p1s---cn-		ἐγώ		p1s---cn-	glaux_only
331	σύ	p2s---cd-		σύ		p2s---cd-	glaux_only
332	λέγω	v1sfia---		λέγω		v1sfia---	glaux_only
333	.	u--------		.		u--------	glaux_only
334	ὁ	l-s---fd-		ὁ		l-s---fd-	glaux_only
335	γάρ	g--------		γάρ		g--------	glaux_only
336	που	g--------		που		g--------	glaux_only
337	ὑστεραῖος	a-s---fd-		ὑστεραῖος		a-s---fd-	glaux_only
338	δέω	v3spia---		δέω		v3spia---	glaux_only
339	ἐγώ	p1s---ca-		ἐγώ		p1s---ca-	glaux_only
340	ἀποθνῄσκω	v--pna---		ἀποθνῄσκω		v--pna---	glaux_only
341	ἤ	c--------	ὅς	ἤ	p-s---fd-	c--------	DISAGREE
342	ὅς	p-s---fd-		ὅς		p-s---fd-	glaux_only
343	ἄν	g--------		ἄν		g--------	glaux_only
344	ἔρχομαι	v3sasa---		ἔρχομαι		v3sasa---	glaux_only
345	ὁ	l-s---nn-		ὁ		l-s---nn-	glaux_only
346	πλοῖον	n-s---nn-		πλοῖον		n-s---nn-	glaux_only
347	.	u--------	.	.	u--------	u--------	
348	φημί	v3ppia---	φημί	φημί	v3ppia---	v3ppia---	
349	γε	d--------	γε	γε	d--------	d--------	
350	τοι	g--------	σύ	τοι	d--------	g--------	DISAGREE
351	δή	g--------	δή	δή	d--------	g--------	
352	ὁ	l-p---mn-	ὁ	ὁ	l-p---mn-	l-p---mn-	
353	οὗτος	p-p---ng-	οὗτος	οὗτος	p-p---ng-	p-p---ng-	
354	κύριος	n-p---mn-	κύριος	κύριος	n-p---mn-	n-p---mn-	
355	.	u--------	.	.	u--------	u--------	
356	οὐ	d--------		οὐ		d--------	glaux_only
357	τοίνυν	g--------	τοίνυν	τοίνυν	d--------	g--------	
358	ὁ	l-s---fg-	ὁ	ὁ	l-s---fg-	l-s---fg-	
359	ἐπέρχομαι	v-sppafg-	ἔπειμι1	ἐπέρχομαι	v-sppafg-	v-sppafg-	DISAGREE
360	ἡμέρα	n-s---fg-	ἡμέρα	ἡμέρα	n-s---fg-	n-s---fg-	
361	οἴομαι	v1spim---	οἴομαι	οἴομαι	v1spie---	v1spim---	
362	αὐτός	p-s---na-	αὐτός	αὐτός	p-s---na-	p-s---na-	
363	ἥκω	v--fna---	ἥκω	ἥκω	v--fna---	v--fna---	
364	ἀλλά	b--------	ἀλλά	ἀλλά	c--------	b--------	
365	ὁ	l-s---fg-	ὁ	ὁ	l-s---fg-	l-s---fg-	
366	ἕτερος	a-s---fg-	ἕτερος	ἕτερος	a-p---fa-	a-s---fg-	
367	.	u--------	.	.	u--------	u--------	
368	τεκμαίρομαι	v1spim---	τεκμαίρομαι	τεκμαίρομαι	v1spie---	v1spim---	
369	δέ	b--------	δέ	δέ	d--------	b--------	
370	ἐκ	r--------	ἐκ	ἐκ	r--------	r--------	
371	τις	p-s---ng-	τις	τις	a-s---ng-	p-s---ng-	
372	ἐνύπνιον	n-s---ng-	ἐνύπνιον	ἐνύπνιον	n-s---ng-	n-s---ng-	
373	ὅς	p-s---na-	ὅς	ὅς	p-s---na-	p-s---na-	
374	ὁράω	v1sria---	ὁράω	ὁράω	v1sria---	v1sria---	
375	ὀλίγος	a-s---na-	ὀλίγος	ὀλίγος	a-s---na-	a-s---na-	
376	πρότερος	d-------c	πρότερος	πρότερος	a-s---na-	d-------c	
377	οὗτος	p-s---fg-	οὗτος	οὗτος	a-s---fg-	p-s---fg-	
378	ὁ	l-s---fg-	ὁ	ὁ	l-s---fg-	l-s---fg-	
379	νύξ	n-s---fg-	νύξ	νύξ	n-s---fg-	n-s---fg-	
380	·	u--------	·	·	u--------	u--------	
381	καί	d--------	καί	καί	d--------	d--------	
382	κινδυνεύω	v2spia---	κινδυνεύω	κινδυνεύω	v2spia---	v2spia---	
383	ἐν	r--------	ἐν	ἐν	r--------	r--------	
384	καιρός	n-s---md-	καιρός	καιρός	n-s---md-	n-s---md-	
385	τις	p-s---cd-	τις	τις	a-s---md-	p-s---cd-	
386	οὐ	d--------	οὐ	οὐ	d--------	d--------	
387	ἐγείρω	v--ana---	ἐγείρω	ἐγείρω	v--ana---	v--ana---	
388	ἐγώ	p1s---ca-	ἐγώ	ἐγώ	p-s---ma-	p1s---ca-	
389	.	u--------	.	.	u--------	u--------	
390	εἰμί	v3siia---	εἰμί	εἰμί	v3siia---	v3siia---	
391	δέ	b--------	δέ	δέ	d--------	b--------	
392	δή	g--------	δή	δή	d--------	g--------	
393	τίς	p-s---nn-	τίς	τίς	p-s---nn-	p-s---nn-	
394	ὁ	l-s---nn-	ὁ	ὁ	l-s---nn-	l-s---nn-	
395	ἐνύπνιον	n-s---nn-	ἐνύπνιον	ἐνύπνιον	n-s---nn-	n-s---nn-	
396	;	u--------	;	;	u--------	u--------	
397	δοκέω	v3siia---	δοκέω	δοκέω	v3siia---	v3siia---	
398	τις	p-s---cn-	τις	τις	a-s---fn-	p-s---cn-	
399	ἐγώ	p1s---cd-	ἐγώ	ἐγώ	p-s---md-	p1s---cd-	
400	γυνή	n-s---fn-	γυνή	γυνή	n-s---fn-	n-s---fn-	
401	προσέρχομαι	v-sapafn-	προσέρχομαι	προσέρχομαι	v-sapafn-	v-sapafn-	
402	καλός	a-s---fn-	καλός	καλός	a-s---fn-	a-s---fn-	
403	καί	b--------	καί	καί	c--------	b--------	
404	εὐειδής	a-s---fn-	εὐειδής	εὐειδής	a-s---fn-	a-s---fn-	
405	,	u--------	,	,	u--------	u--------	
406	λευκός	a-p---na-	λευκός	λευκός	a-p---na-	a-p---na-	
407	ἱμάτιον	n-p---na-	ἱμάτιον	ἱμάτιον	n-p---na-	n-p---na-	
408	ἔχω	v-sppafn-	ἔχω	ἔχω	v-sppafn-	v-sppafn-	
409	,	u--------	,	,	u--------	u--------	
410	καλέω	v--ana---	καλέω	καλέω	v--ana---	v--ana---	
411	ἐγώ	p1s---ca-	ἐγώ	ἐγώ	p-s---ma-	p1s---ca-	
412	καί	b--------	καί	καί	c--------	b--------	
413	λέγω	v--ana---	εἶπον	λέγω	v--ana---	v--ana---	DISAGREE
414	·	u--------	·	·	u--------	u--------	
415	ὦ	i--------	ὦ	ὦ	i--------	i--------	
416	Σωκράτης	n-s---mv-	σωκράτης	Σωκράτης	n-s---mv-	n-s---mv-	
417	,	u--------	,	,	u--------	u--------	
418	ἦμαρ	n-s---nd-	ἦμαρ	ἦμαρ	n-s---nd-	n-s---nd-	
419	ἄν	g--------	ἄν	ἄν	d--------	g--------	
420	τρίτατος	a-s---nd-	τρίτατος	τρίτατος	a-s---nd-	a-s---nd-	
421	Φθία	n-s---fa-	φθία	Φθία	n-s---fa-	n-s---fa-	
422	ἐριβῶλαξ	a-s---fa-	ἐριβῶλαξ	ἐριβῶλαξ	a-s---fa-	a-s---fa-	
423	ἱκνέομαι	v2saom---	ἱκνέομαι	ἱκνέομαι	v2saom---	v2saom---	
424	.	u--------	.	.	u--------	u--------	
425	ἄτοπος	a-s---nn-	ἄτοπος	ἄτοπος	a-s---nn-	a-s---nn-	
426	ὁ	l-s---nn-	ὁ	ὁ	l-s---nn-	l-s---nn-	
427	ἐνύπνιον	n-s---nn-	ἐνύπνιον	ἐνύπνιον	n-s---nn-	n-s---nn-	
428	,	u--------	,	,	u--------	u--------	
429	ὦ	i--------	ὦ	ὦ	i--------	i--------	
430	Σωκράτης	n-s---mv-	σωκράτης	Σωκράτης	n-s---mv-	n-s---mv-	
431	.	u--------	.	.	u--------	u--------	
432	ἐναργής	a-s---nn-	ἐναργής	ἐναργής	a-s---nn-	a-s---nn-	
433	μέν	g--------	μέν	μέν	d--------	g--------	
434	οὖν	g--------	οὖν	οὖν	d--------	g--------	
435	,	u--------	,	,	u--------	u--------	
436	ὡς	c--------	ὡς	ὡς	c--------	c--------	
437	γε	d--------	γε	γε	d--------	d--------	
438	ἐγώ	p1s---cd-	ἐγώ	ἐγώ	p1s---md-	p1s---cd-	
439	δοκέω	v3spia---	δοκέω	δοκέω	v3spia---	v3spia---	
440	,	u--------	,	,	u--------	u--------	
441	ὦ	i--------	ὦ	ὦ	i--------	i--------	
442	Κρίτων	n-s---mv-	κρίτων	Κρίτων	n-s---mv-	n-s---mv-	
443	.	u--------	.	.	u--------	u--------	
444	λίαν	d--------	λίαν	λίαν	d--------	d--------	
445	γε	d--------	γε	γε	d--------	d--------	
446	,	u--------	,	,	u--------	u--------	
447	ὡς	c--------	ὡς	ὡς	c--------	c--------	
448	ἔοικα	v3sria---	ἔοικα	ἔοικα	v3sria---	v3sria---	
449	.	u--------	.	.	u--------	u--------	
450	ἀλλά	b--------	ἀλλά	ἀλλά	d--------	b--------	
451	,	u--------	,	,	u--------	u--------	
452	ὦ	i--------	ὦ	ὦ	i--------	i--------	
453	δαιμόνιος	a-s---mv-	δαιμόνιος	δαιμόνιος	a-s---mv-	a-s---mv-	
454	Σωκράτης	n-s---mv-	σωκράτης	Σωκράτης	n-s---mv-	n-s---mv-	
455	,	u--------	,	,	u--------	u--------	
456	ἔτι	d--------	ἔτι	ἔτι	d--------	d--------	
457	καί	d--------	καί	καί	d--------	d--------	
458	νῦν	d--------	νῦν	νῦν	d--------	d--------	
459	ἐγώ	p1s---cd-	ἐγώ	ἐγώ	p1s---md-	p1s---cd-	
460	πείθω	v2samm---	πείθω	πείθω	v2samm---	v2samm---	
461	καί	b--------	καί	καί	c--------	b--------	
462	σῴζω	v2samp---	σώζω	σῴζω	v2samp---	v2samp---	
463	·	u--------	·	·	u--------	u--------	
464	ὡς	g--------	ὡς	ὡς	c--------	g--------	
465	ἐγώ	p1s---cd-	ἐγώ	ἐγώ	p1s---md-	p1s---cd-	
466	,	u--------	,	,	u--------	u--------	
467	ἐάν	c--------	ἐάν	ἐάν	c--------	c--------	
468	σύ	p2s---cn-	σύ	σύ	p-s---mn-	p2s---cn-	
469	ἀποθνῄσκω	v2sasa---	ἀποθνῄσκω	ἀποθνῄσκω	v2sasa---	v2sasa---	
470	,	u--------	,	,	u--------	u--------	
471	οὐ	d--------	οὐ	οὐ	d--------	d--------	
472	εἷς	m-s---fn-	εἷς	εἷς	a-s---fn-	m-s---fn-	
473	συμφορά	n-s---fn-	συμφορά	συμφορά	n-s---fn-	n-s---fn-	
474	εἰμί	v3spia---	εἰμί	εἰμί	v3spia---	v3spia---	
475	,	u--------	,	,	u--------	u--------	
476	ἀλλά	b--------	ἀλλά	ἀλλά	c--------	b--------	
477	χωρίς	r--------	χωρίς	χωρίς	r--------	r--------	
478	μέν	g--------	μέν	μέν	d--------	g--------	
479	ὁ	l-s---ng-	ὁ	ὁ	l-s---ng-	l-s---ng-	
480	εἰστερέω	v--pnm---	στερέω	εἰστερέω	v--rne---	v--pnm---	DISAGREE
481	τοιοῦτος	p-s---mg-	τοιοῦτος	τοιοῦτος	a-s---ng-	p-s---mg-	
482	ἐπιτήδειος	a-s---mg-	ἐπιτήδειος	ἐπιτήδειος	a-s---ng-	a-s---mg-	
483	οἷος	p-s---ma-	οἷος	οἷος	a-s---ma-	p-s---ma-	
484	ἐγώ	p1s---cn-	ἐγώ	ἐγώ	p1s---mn-	p1s---cn-	
485	οὐδείς	p-s---ma-	οὐδείς	οὐδείς	p-s---ma-	p-s---ma-	
486	μή	d--------	μή	μή	d--------	d--------	
487	ποτέ	d--------	ποτέ	ποτέ	d--------	d--------	
488	εὑρίσκω	v1sfia---	εὑρίσκω	εὑρίσκω	v1sfia---	v1sfia---	
489	,	u--------	,	,	u--------	u--------	
490	ἔτι	d--------	ἔτι	ἔτι	d--------	d--------	
491	δέ	b--------	δέ	δέ	c--------	b--------	
492	καί	d--------	καί	καί	d--------	d--------	
493	πολύς	a-p---md-	πολύς	πολύς	a-p---md-	a-p---md-	
494	δοκέω	v2spma---	δοκέω	δοκέω	v1sfia---	v2spma---	
495	,	u--------	,	,	u--------	u--------	
496	ὅς	p-p---mn-	ὅς	ὅς	p-s---md-	p-p---mn-	
497	ἐγώ	p1s---ca-	ἐγώ	ἐγώ	p1s---ma-	p1s---ca-	
498	καί	b--------	καί	καί	c--------	b--------	
499	σύ	p2s---ca-	σύ	σύ	p-s---ma-	p2s---ca-	
500	μή	d--------	μή	μή	d--------	d--------	
501	σαφής	d--------	σαφής	σαφής	d--------	d--------	
502	οἶδα	v3spia---	οἶδα	οἶδα	v3pria---	v3spia---	
503	,	u--------	,	,	u--------	u--------	
504	ὡς	g--------	ὡς	ὡς	d--------	g--------	
505	οἷος	p-s---mn-	οἷος	οἷος	a-s---mn-	p-s---mn-	
506	τε	d--------	τε	τε	d--------	d--------	
507	εἰμί	v-sppamn-	εἰμί	εἰμί	v-sppamn-	v-sppamn-	
508	σύ	p2s---ca-	σύ	σύ	p-s---ma-	p2s---ca-	
509	σῴζω	v--pna---	σώζω	σῴζω	v--pna---	v--pna---	
510	εἰ	c--------	εἰ	εἰ	c--------	c--------	
511	ἐθέλω	v1siia---	ἐθέλω	ἐθέλω	v1siia---	v1siia---	
512	ἀναλίσκω	v--pna---	ἀναλίσκω	ἀναλίσκω	v--pna---	v--pna---	
513	χρῆμα	n-p---na-	χρῆμα	χρῆμα	n-p---na-	n-p---na-	
514	,	u--------	,	,	u--------	u--------	
515	ἀμελέω	v--ana---	ἀμελέω	ἀμελέω	v--ana---	v--ana---	
516	.	u--------	.	.	u--------	u--------	
517	καίτοι	g--------	καίτοι	καίτοι	d--------	g--------	
518	τίς	p-s---cn-	τις	τίς	a-s---fn-	p-s---cn-	
519	ἄν	g--------	ἄν	ἄν	d--------	g--------	
520	αἰσχρός	a-s---fnc	αἰσχρός	αἰσχρός	a-s---fnc	a-s---fnc	
521	εἰμί	v3spoa---	εἰμί	εἰμί	v3spoa---	v3spoa---	
522	οὗτος	p-s---fg-	οὗτος	οὗτος	p-s---fg-	p-s---fg-	
523	δόξα	n-s---fn-	δόξα	δόξα	n-s---fn-	n-s---fn-	
524	ἤ	c--------	ἤ1	ἤ	c--------	c--------	
525	δοκέω	v--pna---	δοκέω	δοκέω	v--pna---	v--pna---	
526	χρῆμα	n-p---na-	χρῆμα	χρῆμα	n-p---na-	n-p---na-	
527	περί	r--------	περί	περί	r--------	r--------	
528	πολύς	a-s---ngc	πλείων	πολύς	a-s---mgc	a-s---ngc	DISAGREE
529	ποιέω	v--pnm---	ποιέω	ποιέω	v--pne---	v--pnm---	
530	ἤ	c--------	ἤ1	ἤ	c--------	c--------	
531	φίλος	a-p---ma-	φίλος	φίλος	a-p---ma-	a-p---ma-	
532	;	u--------		;		u--------	glaux_only
533	οὐ	d--------		οὐ		d--------	glaux_only
534	γάρ	g--------	γάρ	γάρ	d--------	g--------	
535	πείθω	v3pfim---	πείθω	πείθω	v3pfim---	v3pfim---	
536	ὁ	l-p---mn-	ὁ	ὁ	l-p---mn-	l-p---mn-	
537	πολύς	a-p---mn-	πολύς	πολύς	a-p---mn-	a-p---mn-	
538	ὡς	c--------	ὡς	ὡς	c--------	c--------	
539	σύ	p2s---cn-	σύ	σύ	p2s----n-	p2s---cn-	
540	αὐτός	p-s---mn-	αὐτός	αὐτός	a-s---mn-	p-s---mn-	
541	οὐ	d--------	οὐ	οὐ	d--------	d--------	
542	ἐθέλω	v2saia---	ἐθέλω	ἐθέλω	v2saia---	v2saia---	
543	ἀπέρχομαι	v--pna---	ἀπέρχομαι	ἀπέρχομαι	v--pna---	v--pna---	
544	ἐνθένδε	d--------	ἐνθένδε	ἐνθένδε	d--------	d--------	
545	ἐγώ	p1p---cg-	ἐγώ	ἐγώ	p1p---mg-	p1p---cg-	
546	προθυμέομαι	v-pppmmg-	προθυμέομαι	προθυμέομαι	v-pppemg-	v-pppmmg-	
547	.	u--------	.	.	u--------	u--------	
548	ἀλλά	b--------	ἀλλά	ἀλλά	d--------	b--------	
549	τίς	p-s---na-	τίς	τίς	a-s---na-	p-s---na-	
550	ἐγώ	p1p---cd-	ἐγώ	ἐγώ	p-p---md-	p1p---cd-	
551	,	u--------	,	,	u--------	u--------	
552	ὦ	i--------	ὦ	ὦ	i--------	i--------	
553	μακάριος	a-s---mv-	μακάριος	μακάριος	a-s---mv-	a-s---mv-	
554	Κρίτων	n-s---mv-	κρίτων	Κρίτων	n-s---mv-	n-s---mv-	
555	,	u--------	,	,	u--------	u--------	
556	οὕτως	d--------	οὕτως	οὕτως	d--------	d--------	
557	ὁ	l-s---fg-	ὁ	ὁ	l-s---fg-	l-s---fg-	
558	ὁ	l-p---mg-	ὁ	ὁ	l-p---mg-	l-p---mg-	
559	πολύς	a-p---mg-	πολύς	πολύς	a-p---fg-	a-p---mg-	
560	δόξα	n-s---fg-	δόξα	δόξα	n-s---fg-	n-s---fg-	
561	μέλω	v3spia---	μέλω	μέλω	v3spia---	v3spia---	
562	;	u--------	;	;	u--------	u--------	
563	ὁ	l-p---mn-	ὁ	ὁ	l-p---mn-	l-p---mn-	
564	γάρ	g--------	γάρ	γάρ	d--------	g--------	
565	ἐπιεικής	a-p---mns	ἐπιεικής	ἐπιεικής	a-p---mns	a-p---mns	
566	,	u--------	,	,	u--------	u--------	
567	ὅς	p-p---mg-	ὅς	ὅς	p-p---ng-	p-p---mg-	
568	μάλα	d-------c	μᾶλλον	μάλα	d--------	d-------c	DISAGREE
569	ἄξιος	a-s---nn-	ἄξιος	ἄξιος	a-s---nn-	a-s---nn-	
570	φροντίζω	v--pna---	φροντίζω	φροντίζω	v--pna---	v--pna---	
571	,	u--------	,	,	u--------	u--------	
572	ἡγέομαι	v3pfim---	ἡγέομαι	ἡγέομαι	v3pfim---	v3pfim---	
573	αὐτός	p-p---na-	αὐτός	αὐτός	p-p---na-	p-p---na-	
574	οὕτως	d--------	οὕτως	οὕτως	d--------	d--------	
575	πράσσω	v--rnm---	πράσσω	πράσσω	v--rne---	v--rnm---	
576	ὥσπερ	c--------	ὥσπερ	ὥσπερ	c--------	c--------	
577	ἄν	g--------	ἄν	ἄν	d--------	g--------	
578	πράσσω	v3sasp---	πράσσω	πράσσω	v3sasp---	v3sasp---	
579	.	u--------	.	.	u--------	u--------	
580	ἀλλά	b--------	ἀλλά	ἀλλά	d--------	b--------	
581	ὁράω	v2spia---	ὁράω	ὁράω	v2spia---	v2spia---	
582	δή	g--------	δή	δή	d--------	g--------	
583	ὅτι	c--------	ὅτι	ὅτι	c--------	c--------	
584	ἀνάγκη	n-s---fn-	ἀνάγκη	ἀνάγκη	n-s---fn-	n-s---fn-	
585	,	u--------	,	,	u--------	u--------	
586	ὦ	i--------	ὦ	ὦ	i--------	i--------	
587	Σωκράτης	n-s---mv-	σωκράτης	Σωκράτης	n-s---mv-	n-s---mv-	
588	,	u--------	,	,	u--------	u--------	
589	καί	d--------	καί	καί	d--------	d--------	
590	ὁ	l-s---fg-	ὁ	ὁ	l-s---fg-	l-s---fg-	
591	ὁ	l-p---mg-	ὁ	ὁ	l-p---mg-	l-p---mg-	
592	πολύς	a-p---mg-	πολύς	πολύς	a-p---mg-	a-p---mg-	
593	δόξα	n-s---fg-	δόξα	δόξα	n-s---fg-	n-s---fg-	
594	μέλω	v--pna---	μέλω	μέλω	v--pna---	v--pna---	
595	.	u--------	.	.	u--------	u--------	
596	αὐτός	p-p---nn-	αὐτός	αὐτός	a-p---nn-	p-p---nn-	
597	δέ	b--------	δέ	δέ	d--------	b--------	
598	δῆλος	a-p---nn-	δῆλος	δῆλος	a-p---nn-	a-p---nn-	
599	ὁ	l-p---nn-	ὁ	ὁ	l-p---na-	l-p---nn-	
600	πάρειμι	v-pppann-	πάρειμι1	πάρειμι	v-pppann-	v-pppann-	
601	νυνί	d--------	νυνί	νυνί	d--------	d--------	
602	ὅτι	c--------	ὅτι	ὅτι	c--------	c--------	
603	οἷος	p-p---mn-	οἷος	οἷος	a-p---mn-	p-p---mn-	
604	τε	c--------	τε	τε	d--------	c--------	
605	εἰμί	v3ppia---	εἰμί	εἰμί	v3ppia---	v3ppia---	
606	ὁ	l-p---mn-	ὁ	ὁ	l-p---mn-	l-p---mn-	
607	πολύς	a-p---mn-	πολύς	πολύς	a-p---mn-	a-p---mn-	
608	οὐ	d--------	οὐ	οὐ	d--------	d--------	
609	ὁ	l-p---na-	ὁ	ὁ	l-p---na-	l-p---na-	
610	μικρός	a-p---nas	μικρός	μικρός	a-p---nas	a-p---nas	
611	ὁ	l-p---ng-	ὁ	ὁ	l-p---mg-	l-p---ng-	
612	κακός	a-p---ng-	κακός	κακός	a-p---mg-	a-p---ng-	
613	ἐξεργάζομαι	v--pnm---	ἐξεργάζομαι	ἐξεργάζομαι	v--pne---	v--pnm---	
614	ἀλλά	b--------	ἀλλά	ἀλλά	c--------	b--------	
615	ὁ	l-p---na-	ὁ	ὁ	l-p---na-	l-p---na-	
616	μέγας	a-p---na-	μέγας	μέγας	a-p---nas	a-p---na-	
617	σχεδόν	d--------	σχεδόν	σχεδόν	d--------	d--------	
618	,	u--------	,	,	u--------	u--------	
619	ἐάν	c--------	ἐάν	ἐάν	c--------	c--------	
620	τις	p-s---cn-	τις	τις	p-s---mn-	p-s---cn-	
621	ἐν	r--------	ἐν	ἐν	r--------	r--------	
622	αὐτός	p-p---md-	αὐτός	αὐτός	p-p---nd-	p-p---md-	
623	διαβάλλω	v-srpmmn-	διαβάλλω	διαβάλλω	v-srpemn-	v-srpmmn-	
624	εἰμί	v3spsa---	εἰμί	εἰμί	v3spsa---	v3spsa---	
625	.	u--------	.	.	u--------	u--------	
626	εἰ	g--------	εἰ	εἰ	d--------	g--------	
627	γάρ	g--------	γάρ	γάρ	d--------	g--------	
628	ὀφείλω	v3paia---	ὀφείλω	ὀφείλω	v3paia---	v3paia---	
629	,	u--------	,	,	u--------	u--------	
630	ὦ	i--------	ὦ	ὦ	i--------	i--------	
631	Κρίτων	n-s---mv-	κρίτων	Κρίτων	n-s---mv-	n-s---mv-	
632	,	u--------	,	,	u--------	u--------	
633	οἷος	p-p---mn-	οἷος	οἷος	a-p---mn-	p-p---mn-	
634	τε	c--------	τε	τε	d--------	c--------	
635	εἰμί	v--pna---	εἰμί	εἰμί	v--pna---	v--pna---	
636	ὁ	l-p---mn-	ὁ	ὁ	l-p---mn-	l-p---mn-	
637	πολύς	a-p---mn-	πολύς	πολύς	a-p---mn-	a-p---mn-	
638	ὁ	l-p---na-	ὁ	ὁ	l-p---na-	l-p---na-	
639	μέγας	a-p---na-	μέγας	μέγας	a-p---nas	a-p---na-	
640	κακός	a-p---na-	κακός	κακός	a-p---na-	a-p---na-	
641	ἐργάζομαι	v--pnm---	ἐργάζομαι	ἐργάζομαι	v--pne---	v--pnm---	
642	,	u--------	,	,	u--------	u--------	
643	ἵνα	c--------	ἵνα	ἵνα	c--------	c--------	
644	οἷος	p-p---mn-	οἷος	οἷος	a-p---mn-	p-p---mn-	
645	τε	c--------	τε	τε	d--------	c--------	
646	εἰμί	v3piia---	εἰμί	εἰμί	v3piia---	v3piia---	
647	καί	d--------	καί	καί	d--------	d--------	
648	ἀγαθός	a-p---na-	ἀγαθός	ἀγαθός	a-p---na-	a-p---na-	
649	ὁ	l-p---na-	ὁ	ὁ	l-p---na-	l-p---na-	
650	μέγας	a-p---na-	μέγας	μέγας	a-p---nas	a-p---na-	
651	,	u--------	,	,	u--------	u--------	
652	καί	b--------	καί	καί	c--------	b--------	
653	καλός	d--------	καλός	καλός	d--------	d--------	
654	ἄν	g--------	ἄν	ἄν	d--------	g--------	
655	ἔχω	v3siia---	ἔχω	ἔχω	v3siia---	v3siia---	
656	.	u--------	.	.	u--------	u--------	
657	νῦν	d--------	νῦν	νῦν	d--------	d--------	
658	δέ	b--------	δέ	δέ	d--------	b--------	
659	οὐδέτερος	p-p---na-	οὐδέτερος	οὐδέτερος	a-p---nn-	p-p---na-	
660	οἷος	p-p---mn-	οἷος	οἷος	a-p---mn-	p-p---mn-	
661	τε	c--------	τε	τε	d--------	c--------	
662	·	u--------		·		u--------	glaux_only
663	οὐ	d--------		οὐ		d--------	glaux_only
664	τε	d--------	τε		d--------		oga_only
665	γάρ	d--------	γάρ		d--------		oga_only
666	φρόνιμος	a-s---ma-	φρόνιμος		a-s---ma-		oga_only
667	οὐ	d--------	οὐ		d--------		oga_only
668	τε	c--------	τε		c--------		oga_only
669	ἄφρων	a-s---ma-	ἄφρων		a-s---ma-		oga_only
670	δυνατός	a-p---mn-	δυνατός		a-p---mn-		oga_only
671	ποιέω	v--ana---	ποιέω		v--ana---		oga_only
672	,	u--------	,		u--------		oga_only
673	ποιέω	v3ppia---	ποιέω		v3ppia---		oga_only
674	δέ	c--------	δέ		c--------		oga_only
675	οὗτος	p-s---na-	οὗτος		p-s---na-		oga_only
676	ὅτι	c--------	ὅτι		c--------		oga_only
677	ἄν	d--------	ἄν		d--------		oga_only
678	τυγχάνω	v3pasa---	τυγχάνω		v3pasa---		oga_only
679	.	u--------	.		u--------		oga_only
680	οὗτος	p-p---nn-	οὗτος	οὗτος	p-p---nn-	p-p---nn-	
681	μέν	g--------	μέν	μέν	d--------	g--------	
682	δή	g--------	δή	δή	d--------	g--------	
683	οὕτως	d--------	οὕτως	οὕτως	d--------	d--------	
684	ἔχω	v3spma---	ἔχω	ἔχω	v3spma---	v3spma---	
685	·	u--------	·	·	u--------	u--------	
686	ὅδε	p-p---na-	ὅδε	ὅδε	p-p---na-	p-p---na-	
687	δέ	b--------	δέ	δέ	d--------	b--------	
688	,	u--------	,	,	u--------	u--------	
689	ὦ	i--------	ὦ	ὦ	i--------	i--------	
690	Σωκράτης	n-s---mv-	σωκράτης	Σωκράτης	n-s---mv-	n-s---mv-	
691	,	u--------	,	,	u--------	u--------	
692	λέγω	v2sama---	εἶπον	λέγω	v2sama---	v2sama---	DISAGREE
693	ἐγώ	p1s---cd-	ἐγώ	ἐγώ	p1s---md-	p1s---cd-	
694	.	u--------	.	.	u--------	u--------	
695	ἆρα	g--------	ἆρα	ἆρα	d--------	g--------	
696	γε	d--------	γε	γε	d--------	d--------	
697	μή	d--------	μή	μή	d--------	d--------	
698	ἐγώ	p1s---cg-	ἐγώ	ἐγώ	p1s---mg-	p1s---cg-	
699	προμηθέομαι	v2spim---	προμηθέομαι	προμηθέομαι	v2spse---	v2spim---	
700	καί	b--------	καί	καί	c--------	b--------	
701	ὁ	l-p---mg-	ὁ	ὁ	l-p---mg-	l-p---mg-	
702	ἄλλος	p-p---mg-	ἄλλος	ἄλλος	p-p---mg-	p-p---mg-	
703	ἐπιτήδειος	a-p---mg-	ἐπιτήδειος	ἐπιτήδειος	a-p---mg-	a-p---mg-	
704	μή	d--------	μή	μή	d--------	d--------	
705	,	u--------	,	,	u--------	u--------	
706	ἐάν	c--------	ἐάν	ἐάν	c--------	c--------	
707	σύ	p2s---cn-	σύ	σύ	p-s---mn-	p2s---cn-	
708	ἐνθένδε	d--------	ἐνθένδε	ἐνθένδε	d--------	d--------	
709	ἐξέρχομαι	v2sasa---	ἐξέρχομαι	ἐξέρχομαι	v2sasa---	v2sasa---	
710	,	u--------	,	,	u--------	u--------	
711	ὁ	l-p---mn-	ὁ	ὁ	l-p---mn-	l-p---mn-	
712	συκοφάντης	n-p---mn-	συκοφάντης	συκοφάντης	n-p---mn-	n-p---mn-	
713	ἐγώ	p1p---cd-	ἐγώ	ἐγώ	p1p---md-	p1p---cd-	
714	πρᾶγμα	n-p---na-	πρᾶγμα	πρᾶγμα	n-p---na-	n-p---na-	
715	παρέχω	v3ppsa---	παρέχω	παρέχω	v3ppsa---	v3ppsa---	
716	ὡς	c--------	ὡς	ὡς	d--------	c--------	
717	σύ	p2s---ca-	σύ	σύ	p-s---ma-	p2s---ca-	
718	ἐνθένδε	d--------	ἐνθένδε	ἐνθένδε	d--------	d--------	
719	ἐκκλέπτω	v-papamd-	ἐκκλέπτω	ἐκκλέπτω	v-papamd-	v-papamd-	
720	,	u--------	,	,	u--------	u--------	
721	καί	b--------	καί	καί	c--------	b--------	
722	ἀναγκάζω	v1pasp---	ἀναγκάζω	ἀναγκάζω	v1pasp---	v1pasp---	
723	ἤ	b--------	ἤ1	ἤ	c--------	b--------	
724	καί	d--------	καί	καί	d--------	d--------	
725	πᾶς	a-s---fa-	πᾶς	πᾶς	a-s---fa-	a-s---fa-	
726	ὁ	l-s---fa-	ὁ	ὁ	l-s---fa-	l-s---fa-	
727	οὐσία	n-s---fa-	οὐσία	οὐσία	n-s---fa-	n-s---fa-	
728	ἀποβάλλω	v--ana---	ἀποβάλλω	ἀποβάλλω	v--ana---	v--ana---	
729	ἤ	b--------	ἤ1	ἤ	c--------	b--------	
730	συχνός	a-p---na-	συχνός	συχνός	a-p---na-	a-p---na-	
731	χρῆμα	n-p---na-	χρῆμα	χρῆμα	n-p---na-	n-p---na-	
732	,	u--------	,	,	u--------	u--------	
733	ἤ	b--------	ἤ1	ἤ	c--------	b--------	
734	καί	d--------	καί	καί	d--------	d--------	
735	ἄλλος	p-s---na-	ἄλλος	ἄλλος	a-s---na-	p-s---na-	
736	τις	p-s---na-	τις	τις	p-s---na-	p-s---na-	
737	πρός	r--------	πρός	πρός	r--------	r--------	
738	οὗτος	p-p---nd-	οὗτος	οὗτος	p-p---nd-	p-p---nd-	
739	πάσχω	v--ana---	πάσχω	πάσχω	v--ana---	v--ana---	
740	;	u--------	;	;	u--------	u--------	
741	εἰ	c--------	εἰ	εἰ	c--------	c--------	
742	γάρ	g--------	γάρ	γάρ	d--------	g--------	
743	τις	p-s---na-	τις	τις	p-s---nn-	p-s---na-	
744	τοιοῦτος	p-s---na-	τοιοῦτος	τοιοῦτος	p-s---nn-	p-s---na-	
745	φοβέω	v2spim---	φοβέω	φοβέω	v3spsa---	v2spim---	
746	,	u--------	,	,	u--------	u--------	
747	ἐάω	v2sama---	ἐάω	ἐάω	v2sama---	v2sama---	
748	αὐτός	p-s---na-	αὐτός	αὐτός	p-s---na-	p-s---na-	
749	χαίρω	v--pna---	χαίρω	χαίρω	v--pna---	v--pna---	
750	·	u--------	·	·	u--------	u--------	
751	ἐγώ	p1p---cn-	ἐγώ	ἐγώ	p1p---mn-	p1p---cn-	
752	γάρ	g--------	γάρ	γάρ	d--------	g--------	
753	που	g--------	πού	που	d--------	g--------	
754	δίκαιος	a-p---mn-	δίκαιος	δίκαιος	a-p---mn-	a-p---mn-	
755	εἰμί	v1ppia---	εἰμί	εἰμί	v1ppia---	v1ppia---	
756	σῴζω	v-papamn-	σώζω	σῴζω	v-papamn-	v-papamn-	
757	σύ	p2s---ca-	σύ	σύ	p-s---ma-	p2s---ca-	
758	κινδυνεύω	v--pna---	κινδυνεύω	κινδυνεύω	v--pna---	v--pna---	
759	οὗτος	p-s---ma-	οὗτος	οὗτος	a-s---ma-	p-s---ma-	
760	ὁ	l-s---ma-	ὁ	ὁ	l-s---ma-	l-s---ma-	
761	κίνδυνος	n-s---ma-	κίνδυνος	κίνδυνος	n-s---ma-	n-s---ma-	
762	καί	b--------	καί	καί	d--------	b--------	
763	ἐάν	c--------	ἐάν	ἐάν	c--------	c--------	
764	δέω	v3spsa---	δέω	δέω	v2spse---	v3spsa---	
765	ἔτι	d--------	ἔτι	ἔτι	d--------	d--------	
766	οὗτος	p-s---mg-	οὗτος	οὗτος	p-s---ng-	p-s---mg-	
767	μέγας	a-s---mac	μέγας	μέγας	a-p---nac	a-s---mac	
768	.	u--------	.	.	u--------	u--------	
769	ἀλλά	b--------	ἀλλά	ἀλλά	d--------	b--------	
770	ἐγώ	p1s---cd-	ἐγώ	ἐγώ	p1s---md-	p1s---cd-	
771	πείθω	v2spmm---	πείθω	πείθω	v2spme---	v2spmm---	
772	καί	b--------	καί	καί	c--------	b--------	
773	μή	d--------	μή	μή	d--------	d--------	
774	ἄλλος	d--------	ἄλλως	ἄλλος	d--------	d--------	DISAGREE
775	ποιέω	v2spma---	ποιέω	ποιέω	v2spma---	v2spma---	
776	.	u--------	.	.	u--------	u--------	
777	καί	b--------	καί	καί	d--------	b--------	
778	οὗτος	p-p---na-	οὗτος	οὗτος	p-p---na-	p-p---na-	
779	προμηθέομαι	v1spim---	προμηθέομαι	προμηθέομαι	v1spie---	v1spim---	
780	,	u--------	,	,	u--------	u--------	
781	ὦ	i--------	ὦ	ὦ	i--------	i--------	
782	Κρίτων	n-s---mv-	κρίτων	Κρίτων	n-s---mv-	n-s---mv-	
783	,	u--------	,	,	u--------	u--------	
784	καί	b--------	καί	καί	c--------	b--------	
785	ἄλλος	p-p---na-	ἄλλος	ἄλλος	p-p---na-	p-p---na-	
786	πολύς	a-p---na-	πολύς	πολύς	a-p---na-	a-p---na-	
787	.	u--------	.	.	u--------	u--------	
788	μή	d--------		μή		d--------	glaux_only
789	τε	d--------	τε		d--------		oga_only
790	τοίνυν	d--------	τοίνυν		d--------		oga_only
791	οὗτος	p-p---na-	οὗτος		p-p---na-		oga_only
792	φοβέω	v2spme---	φοβέω		v2spme---		oga_only
793	—	u--------	—		u--------		oga_only
794	καί	d--------	καί		d--------		oga_only
795	γάρ	d--------	γάρ		d--------		oga_only
796	οὐ	d--------	οὐ		d--------		oga_only
797	δέ	d--------	δέ		d--------		oga_only
798	πολύς	a-s---nn-	πολύς		a-s---nn-		oga_only
799	ὁ	l-s---nn-	ὁ		l-s---nn-		oga_only
800	ἀργύριον	n-s---nn-	ἀργύριον		n-s---nn-		oga_only
801	εἰμί	v3spia---	εἰμί		v3spia---		oga_only
802	ὅς	p-s---na-	ὅς		p-s---na-		oga_only
803	ἐθέλω	v3ppia---	ἐθέλω		v3ppia---		oga_only
804	λαμβάνω	v-papamn-	λαμβάνω		v-papamn-		oga_only
805	τις	p-p---mn-	τις		p-p---mn-		oga_only
806	σώζω	v2samm---	σώζω		v2samm---		oga_only
807	σύ	p-s---ma-	σύ		p-s---ma-		oga_only
808	καί	c--------	καί		c--------		oga_only
809	ἐξάγω	v--ana---	ἐξάγω		v--ana---		oga_only
810	ἐνθένδε	d--------	ἐνθένδε		d--------		oga_only
811	.	u--------	.		u--------		oga_only
812	ἔπειτα	d--------	ἔπειτα		d--------		oga_only
813	οὐ	d--------	οὐ		d--------		oga_only
814	ὁράω	v2spia---	ὁράω		v2spia---		oga_only
815	οὗτος	a-p---ma-	οὗτος		a-p---ma-		oga_only
816	ὁ	l-p---ma-	ὁ		l-p---ma-		oga_only
817	συκοφάντης	n-p---ma-	συκοφάντης		n-p---ma-		oga_only
818	ὡς	d--------	ὡς		d--------		oga_only
819	εὐτελής	a-p---ma-	εὐτελής		a-p---ma-		oga_only
820	,	u--------	,		u--------		oga_only
821	καί	c--------	καί		c--------		oga_only
822	οὐδείς	p-s---nn-	οὐδείς		p-s---nn-		oga_only
823	ἄν	d--------	ἄν		d--------		oga_only
824	δέω	v3spoa---	δέω		v3spoa---		oga_only
825	ἐπί	r--------	ἐπί		r--------		oga_only
826	αὐτός	p-p---ma-	αὐτός		p-p---ma-		oga_only
827	πολύς	a-s---ng-	πολύς		a-s---ng-		oga_only
828	ἀργύριον	n-s---ng-	ἀργύριον		n-s---ng-		oga_only
829							unmatched
830	σύ	p2s---cd-	σύ	σύ	p-s---md-	p2s---cd-	
831	δέ	b--------	δέ	δέ	d--------	b--------	
832	ὑπάρχω	v3spia---	ὑπάρχω	ὑπάρχω	v3spia---	v3spia---	
833	μέν	g--------	μέν	μέν	d--------	g--------	
834	ὁ	l-p---nn-	ὁ	ὁ	l-p---nn-	l-p---nn-	
835	ἐμός	a-p---nn-	ἐμός	ἐμός	a-p---nn-	a-p---nn-	
836	χρῆμα	n-p---nn-	χρῆμα	χρῆμα	n-p---nn-	n-p---nn-	
837	,	u--------	,	,	u--------	u--------	
838	ὡς	c--------	ὡς	ὡς	c--------	c--------	
839	ἐγώ	p1s---cn-	ἐγώ	ἐγώ	p1s---mn-	p1s---cn-	
840	οἴομαι	v1spim---	οἴομαι	οἴομαι	v1spie---	v1spim---	
841	,	u--------	,	,	u--------	u--------	
842	ἱκανός	a-p---nn-	ἱκανός	ἱκανός	a-p---nn-	a-p---nn-	
843	·	u--------	·	·	u--------	u--------	
844	ἔπειτα	d--------	ἔπειτα	ἔπειτα	d--------	d--------	
845	καί	d--------	καί	καί	d--------	d--------	
846	εἰ	c--------	εἰ	εἰ	c--------	c--------	
847	τις	p-s---na-	τις	τις	p-s---na-	p-s---na-	
848	ἐγώ	p1s---cg-	ἐγώ	ἐγώ	p1s---mg-	p1s---cg-	
849	κήδω	v-sppmmn-	κήδω	κήδω	v-sppemn-	v-sppmmn-	
850	οὐ	d--------	οὐ	οὐ	d--------	d--------	
851	οἴομαι	v2spim---	οἴομαι	οἴομαι	v2spie---	v2spim---	
852	δέω	v--pna---	δεῖ	δέω	v--pna---	v--pna---	DISAGREE
853	ἀναλίσκω	v--pna---	ἀναλίσκω	ἀναλίσκω	v--pna---	v--pna---	
854	ὁ	l-p---na-	ὁ		l-p---na-		oga_only
855	ἁμός	a-p---na-	ἁμός		a-p---na-		oga_only
856	,	u--------	,	,	u--------	u--------	
857	ξένος	a-p---mn-	ξένος1	ξένος	n-p---mn-	a-p---mn-	
858	οὗτος	p-p---mn-	οὗτος	οὗτος	a-p---mn-	p-p---mn-	
859	ἐνθάδε	d--------	ἐνθάδε	ἐνθάδε	d--------	d--------	
860	ἑτοῖμος	a-p---mn-	ἑτοῖμος	ἑτοῖμος	a-p---mn-	a-p---mn-	
861	ἀναλίσκω	v--pna---	ἀναλίσκω	ἀναλίσκω	v--pna---	v--pna---	
862	·	u--------		·		u--------	glaux_only
863	εἷς	m-s---mn-	εἷς	εἷς	a-s---mn-	m-s---mn-	
864	δέ	b--------	δέ	δέ	d--------	b--------	
865	καί	d--------	καί	καί	d--------	d--------	
866	κομίζω	v3sria---	κομίζω	κομίζω	v3sria---	v3sria---	
867	ἐπί	r--------	ἐπί	ἐπί	r--------	r--------	
868	αὐτός	p-s---na-	αὐτός	αὐτός	a-s---na-	p-s---na-	
869	οὗτος	p-s---na-	οὗτος	οὗτος	p-s---na-	p-s---na-	
870	ἀργύριον	n-s---na-	ἀργύριον	ἀργύριον	n-s---na-	n-s---na-	
871	ἱκανός	a-s---na-	ἱκανός	ἱκανός	a-s---na-	a-s---na-	
872	,	u--------	,	,	u--------	u--------	
873	Σιμμίας	n-s---mn-	σιμμίας	Σιμμίας	n-s---mn-	n-s---mn-	
874	ὁ	l-s---mn-	ὁ	ὁ	l-s---mn-	l-s---mn-	
875	Θηβαῖος	a-s---mn-	θηβαῖος	Θηβαῖος	a-s---mn-	a-s---mn-	
876	,	u--------	,	,	u--------	u--------	
877	ἑτοῖμος	a-s---mn-	ἑτοῖμος	ἑτοῖμος	a-s---mn-	a-s---mn-	
878	δέ	b--------	δέ	δέ	c--------	b--------	
879	καί	b--------	καί	καί	d--------	b--------	
880	Κέβης	n-s---mn-	κέβης	Κέβης	n-s---mn-	n-s---mn-	
881	καί	b--------	καί	καί	c--------	b--------	
882	ἄλλος	p-p---mn-	ἄλλος	ἄλλος	p-p---mn-	p-p---mn-	
883	πολύς	a-p---mn-	πολύς	πολύς	a-p---mn-	a-p---mn-	
884	πάνυ	d--------	πάνυ	πάνυ	d--------	d--------	
885	.	u--------	.	.	u--------	u--------	
886	ὥστε	g--------	ὥστε	ὥστε	d--------	g--------	
887	,	u--------	,	,	u--------	u--------	
888	ὅς	p-s---na-	ὅσπερ	ὅς	p-s---na-	p-s---na-	DISAGREE
889	λέγω	v1spia---	λέγω3	λέγω	v1spia---	v1spia---	
890	,	u--------	,	,	u--------	u--------	
891	μή	d--------	μή	μή	d--------	d--------	
892	τε	c--------	τε		c--------		oga_only
893	οὗτος	p-p---na-	οὗτος		p-p---na-		oga_only
894	φοβέω	v-sppemn-	φοβέω		v-sppemn-		oga_only
895	ἀποκάμνω	v2sasa---	ἀποκάμνω		v2sasa---		oga_only
896	σεαυτοῦ	p-s---ma-	σεαυτοῦ		p-s---ma-		oga_only
897	σώζω	v--ana---	σώζω		v--ana---		oga_only
898	,	u--------	,		u--------		oga_only
899	μή	d--------	μή		d--------		oga_only
900	τε	c--------	τε		c--------		oga_only
901	,	u--------	,		u--------		oga_only
902	ὅς	p-s---na-	ὅς	ὅς	p-s---na-	p-s---na-	
903	λέγω	v2siia---	λέγω3	λέγω	v2siia---	v2siia---	
904	ἐν	r--------	ἐν	ἐν	r--------	r--------	
905	ὁ	l-s---nd-	ὁ	ὁ	l-s---md-	l-s---nd-	
906	δικαστήριον	n-s---nd-	δικαστήριον	δικαστήριον	n-s---nd-	n-s---nd-	
907	,	u--------	,	,	u--------	u--------	
908	δυσχερής	a-s---nn-	δυσχερής	δυσχερής	a-s---nn-	a-s---nn-	
909	σύ	p2s---cd-	σύ	σύ	p-s---md-	p2s---cd-	
910	γίγνομαι	v3samm---	γίγνομαι	γίγνομαι	v3samm---	v3samm---	
911	ὅτι	c--------	ὅτι	ὅτι	c--------	c--------	
912	οὐ	d--------	οὐ	οὐ	d--------	d--------	
913	ἄν	g--------	ἄν	ἄν	d--------	g--------	
914	ἔχω	v2spoa---	ἔχω	ἔχω	v2spoa---	v2spoa---	
915	ἐξέρχομαι	v-sapamn-	ἐξέρχομαι	ἐξέρχομαι	v-sapamn-	v-sapamn-	
916	ὅστις	p-s---na-	ὅτι	ὅστις	c--------	p-s---na-	DISAGREE
917	χράω	v2spom---	χράομαι	χράω	v2spoe---	v2spom---	DISAGREE
918	σεαυτοῦ	p2s---md-	σεαυτοῦ	σεαυτοῦ	p-s---nd-	p2s---md-	
919	·	u--------	·	·	u--------	u--------	
920	πολλαχοῦ	d--------	πολλαχοῦ	πολλαχοῦ	d--------	d--------	
921	μέν	g--------	μέν	μέν	d--------	g--------	
922	γάρ	g--------	γάρ	γάρ	d--------	g--------	
923	καί	b--------	καί	καί	d--------	b--------	
924	ἄλλοτε	d--------	ἄλλοτε	ἄλλοτε	d--------	d--------	
925	ὅποι	d--------	ὅποι	ὅποι	d--------	d--------	
926	ἄν	g--------	ἄν	ἄν	d--------	g--------	
927	ἀφικνέομαι	v2sasm---	ἀφικνέομαι	ἀφικνέομαι	v3srsa---	v2sasm---	
928	ἀγαπάω	v3pfia---	ἀγαπάω	ἀγαπάω	v-pfpamd-	v3pfia---	
929	σύ	p2s---ca-	σύ	σύ	p-s---ma-	p2s---ca-	
930	·	u--------	·	·	u--------	u--------	
931	ἐάν	c--------	ἐάν	ἐάν	c--------	c--------	
932	δέ	b--------	δέ	δέ	d--------	b--------	
933	βούλομαι	v2spsm---	βούλομαι	βούλομαι	v2spse---	v2spsm---	
934	εἰς	r--------	εἰς	εἰς	r--------	r--------	
935	Θεσσαλία	n-s---fa-	θεσσαλία	Θεσσαλία	n-s---fa-	n-s---fa-	
936	ἔρχομαι	v--pna---	εἶμι	ἔρχομαι	v--pna---	v--pna---	DISAGREE
937	,	u--------	,	,	u--------	u--------	
938	εἰμί	v3ppia---	εἰμί	εἰμί	v3ppia---	v3ppia---	
939	ἐγώ	p1s---cd-	ἐγώ	ἐγώ	p1s---md-	p1s---cd-	
940	ἐκεῖ	d--------	ἐκεῖ	ἐκεῖ	d--------	d--------	
941	ξένος	a-p---mn-	ξένος1	ξένος	n-p---mn-	a-p---mn-	
942	ὅς	p-p---mn-	ὅς	ὅς	p-p---mn-	p-p---mn-	
943	σύ	p2s---ca-	σύ	σύ	p-s---ma-	p2s---ca-	
944	περί	r--------	περί	περί	r--------	r--------	
945	πολύς	a-s---ng-	πολύς	πολύς	a-s---mg-	a-s---ng-	
946	ποιέω	v3pfim---	ποιέω	ποιέω	v3pfim---	v3pfim---	
947	καί	b--------	καί	καί	c--------	b--------	
948	ἀσφάλεια	n-s---fa-	ἀσφάλεια	ἀσφάλεια	n-s---fa-	n-s---fa-	
949	σύ	p2s---cd-	σύ	σύ	p-s---md-	p2s---cd-	
950	παρέχω	v3pfim---	παρέχω	παρέχω	v3pfim---	v3pfim---	
951	,	u--------	,	,	u--------	u--------	
952	ὥστε	c--------	ὥστε	ὥστε	c--------	c--------	
953	σύ	p2s---ca-	σύ	σύ	p-s---ma-	p2s---ca-	
954	μηδείς	p-s---ma-	μηδείς	μηδείς	p-s---ma-	p-s---ma-	
955	λυπέω	v--pna---	λυπέω	λυπέω	v--pna---	v--pna---	
956	ὁ	l-p---mg-	ὁ	ὁ	l-p---mg-	l-p---mg-	
957	κατά	r--------	κατά	κατά	r--------	r--------	
958	Θεσσαλία	n-s---fa-	θεσσαλία	Θεσσαλία	n-s---fa-	n-s---fa-	
959	ἔτι	d--------	.	ἔτι	u--------	d--------	DISAGREE
960	ἔτι	d--------	ἔτι	ἔτι	d--------	d--------	
961	δέ	b--------	δέ	δέ	d--------	b--------	
962	,	u--------	,	,	u--------	u--------	
963	ὦ	i--------	ὦ	ὦ	i--------	i--------	
964	Σωκράτης	n-s---mv-	σωκράτης	Σωκράτης	n-s---mv-	n-s---mv-	
965	,	u--------	,	,	u--------	u--------	
966	οὐ	d--------	οὐ	οὐ	d--------	d--------	
967	δέ	d--------	δέ		d--------		oga_only
968	δίκαιος	a-s---na-	δίκαιος		a-s---na-		oga_only
969	ἐγώ	p1s---md-	ἐγώ		p1s---md-		oga_only
970	δοκέω	v2spia---	δοκέω		v2spia---		oga_only
971	ἐπιχειρέω	v--pna---	ἐπιχειρέω		v--pna---		oga_only
972	πρᾶγμα	n-s---na-	πρᾶγμα		n-s---na-		oga_only
973	,	u--------	,		u--------		oga_only
974	σεαυτοῦ	p-s---ma-	σεαυτοῦ		p-s---ma-		oga_only
975	προδίδωμι	v--ana---	προδίδωμι		v--ana---		oga_only
976	,	u--------	,		u--------		oga_only
977	ἔξεστι	v-sppana-	ἔξεστι		v-sppana-		oga_only
978	σώζω	v--anp---	σώζω		v--anp---		oga_only
979	,	u--------	,		u--------		oga_only
980	καί	d--------	καί	καί	c--------	d--------	
981	τοιοῦτος	p-p---na-	τοιοῦτος		p-p---na-		oga_only
982	σπεύδω	v2spia---	σπεύδω		v2spia---		oga_only
983	περί	r--------	περί		r--------		oga_only
984	σεαυτοῦ	p-s---ma-	σεαυτοῦ		p-s---ma-		oga_only
985	γίγνομαι	v--anm---	γίγνομαι		v--anm---		oga_only
986	ὅσπερ	p-p---na-	ὅσπερ		p-p---na-		oga_only
987	ἄν	d--------	ἄν		d--------		oga_only
988	καί	d--------	καί	καί	d--------	d--------	
989	ὁ	l-p---mn-	ὁ		l-p---mn-		oga_only
990	ἐχθρός	n-p---mn-	ἐχθρός		n-p---mn-		oga_only
991	σύ	p-s---mg-	σύ		p-s---mg-		oga_only
992	σπεύδω	v3paoa---	σπεύδω		v3paoa---		oga_only
993	τε	d--------	τε		d--------		oga_only
994	καί	c--------	καί		c--------		oga_only
995	σπεύδω	v3paia---	σπεύδω		v3paia---		oga_only
996	σύ	p-s---ma-	σύ		p-s---ma-		oga_only
997	διαφθείρω	v--ana---	διαφθείρω		v--ana---		oga_only
998	βούλομαι	v-pppemn-	βούλομαι		v-pppemn-		oga_only
999	.	u--------	.		u--------		oga_only
1000	πρός	r--------	πρός		r--------		oga_only
1001	δέ	d--------	δέ		d--------		oga_only
1002	οὗτος	p-p---nd-	οὗτος		p-p---nd-		oga_only
1003	καί	d--------	καί		d--------		oga_only
1004	ὁ	l-p---ma-	ὁ		l-p---ma-		oga_only
1005	υἱός	n-p---ma-	υἱός		n-p---ma-		oga_only
1006	ὁ	l-p---ma-	ὁ		l-p---ma-		oga_only
1007	σεαυτοῦ	p-s---mg-	σεαυτοῦ		p-s---mg-		oga_only
1008	ἐγώ	p1s---md-	ἐγώ		p1s---md-		oga_only
1009	δοκέω	v2spia---	δοκέω		v2spia---		oga_only
1010	προδίδωμι	v--pna---	προδίδωμι		v--pna---		oga_only
1011	,	u--------	,		u--------		oga_only
1012	ὅς	p-p---ma-	ὅς		p-p---ma-		oga_only
1013	σύ	p-s---md-	σύ		p-s---md-		oga_only
1014	ἔξεστι	v-sppana-	ἔξεστι	ἔξεστι	v-sppana-	v-sppana-	
1015	καί	b--------	καί	καί	d--------	b--------	
1016	ἐκτρέφω	v--ana---	ἐκτρέφω	ἐκτρέφω	v--ana---	v--ana---	
1017	καί	b--------	καί	καί	c--------	b--------	
1018	ἐκπαιδεύω	v--ana---	ἐκπαιδεύω	ἐκπαιδεύω	v--ana---	v--ana---	
1019	οἴχομαι	v2sfim---	οἴχομαι	οἴχομαι	v2sfim---	v2sfim---	
1020	καταλείπω	v-sapamn-	καταλιμπάνω	καταλείπω	v-sapamn-	v-sapamn-	DISAGREE
1021	,	u--------	,	,	u--------	u--------	
1022	καί	b--------	καί	καί	c--------	b--------	
1023	ὁ	l-s---nn-	ὁ	ὁ	l-s---na-	l-s---nn-	
1024	σός	a-s---nn-	σός	σός	a-s---na-	a-s---nn-	
1025	μέρος	n-s---nn-	μέρος	μέρος	n-s---na-	n-s---nn-	
1026	ὅστις	p-s---nn-	ὅτι	ὅστις	c--------	p-s---nn-	DISAGREE
1027	ἄν	g--------	ἄν	ἄν	d--------	g--------	
1028	τυγχάνω	v3pasa---	τυγχάνω	τυγχάνω	v3pasa---	v3pasa---	
1029	οὗτος	p-s---na-	οὗτος	οὗτος	p-s---na-	p-s---na-	
1030	πράσσω	v3pfia---	πράσσω	πράσσω	v3pfia---	v3pfia---	
1031	·	u--------	·	·	u--------	u--------	
1032	τυγχάνω	v3pfim---	τυγχάνω	τυγχάνω	v3pfim---	v3pfim---	
1033	δέ	b--------	δέ	δέ	d--------	b--------	
1034	,	u--------	,	,	u--------	u--------	
1035	ὡς	c--------	ὡς	ὡς	c--------	c--------	
1036	ὁ	l-s---nn-	ὁ	ὁ	l-s---nn-	l-s---nn-	
1037	ἔοικα	v-srpann-	εἰκός	ἔοικα	v-srpann-	v-srpann-	DISAGREE
1038	,	u--------	,	,	u--------	u--------	
1039	τοιοῦτος	p-p---ng-	τοιοῦτος	τοιοῦτος	p-p---ng-	p-p---ng-	
1040	οἷος	p-p---nn-	οἷος	οἷος	a-p---nn-	p-p---nn-	
1041	εἴωθα	v3sria---	ἔθω	εἴωθα	v3sria---	v3sria---	DISAGREE
1042	γίγνομαι	v--pnm---	γίγνομαι	γίγνομαι	v--pne---	v--pnm---	
1043	ἐν	r--------	ἐν	ἐν	r--------	r--------	
1044	ὁ	l-p---fd-	ὁ	ὁ	l-p---fd-	l-p---fd-	
1045	ὀρφανία	n-p---fd-	ὀρφανία	ὀρφανία	n-p---fd-	n-p---fd-	
1046	περί	r--------	περί	περί	r--------	r--------	
1047	ὁ	l-p---ma-	ὁ	ὁ	l-p---ma-	l-p---ma-	
1048	ὀρφανός	a-p---ma-	ὀρφανός	ὀρφανός	a-p---ma-	a-p---ma-	
1049	.	u--------	.	.	u--------	u--------	
1050	ἤ	b--------	ἤ1	ἤ	d--------	b--------	
1051	γάρ	g--------	γάρ	γάρ	d--------	g--------	
1052	οὐ	d--------	οὐ	οὐ	d--------	d--------	
1053	χρή	v3spia---	χρή	χρή	v3spia---	v3spia---	
1054	ποιέω	v--pnm---	ποιέω	ποιέω	v--pne---	v--pnm---	
1055	παῖς	n-p---ca-	παῖς	παῖς	n-p---ma-	n-p---ca-	
1056	ἤ	b--------	ἤ1	ἤ	c--------	b--------	
1057	συνδιαταλαιπωρέω	v--pna---	συνδιαταλαιπωρέω	συνδιαταλαιπωρέω	v--pna---	v--pna---	
1058	καί	b--------	καί	καί	d--------	b--------	
1059	τρέφω	v-sppama-	τρέφω	τρέφω	v-sppama-	v-sppama-	
1060	καί	b--------	καί	καί	c--------	b--------	
1061	παιδεύω	v-sppama-	παιδεύω	παιδεύω	v-sppama-	v-sppama-	
1062	,	u--------	,	,	u--------	u--------	
1063	σύ	p2s---cn-	σύ	σύ	p-s---mn-	p2s---cn-	
1064	δέ	b--------	δέ	δέ	c--------	b--------	
1065	ἐγώ	p1s---cd-	ἐγώ	ἐγώ	p-s---md-	p1s---cd-	
1066	δοκέω	v2spia---	δοκέω	δοκέω	v2spia---	v2spia---	
1067	ὁ	l-p---na-	ὁ	ὁ	l-p---na-	l-p---na-	
1068	ῥᾴθυμος	a-p---nas	ῥᾴθυμος	ῥᾴθυμος	a-p---nas	a-p---nas	
1069	αἱρέω	v--pnm---	αἱρέω	αἱρέω	v--pne---	v--pnm---	
1070	.	u--------	.	.	u--------	u--------	
1071	χρή	v3spia---	χρή	χρή	v3spia---	v3spia---	
1072	δέ	b--------	δέ	δέ	d--------	b--------	
1073	,	u--------	,	,	u--------	u--------	
1074	ὅς	p-p---na-	ὅσπερ	ὅς	p-p---na-	p-p---na-	DISAGREE
1075	ἄν	g--------	ἄν	ἄν	d--------	g--------	
1076	ἀνήρ	n-s---mn-	ἀνήρ	ἀνήρ	n-s---mn-	n-s---mn-	
1077	ἀγαθός	a-s---mn-	ἀγαθός	ἀγαθός	a-s---mn-	a-s---mn-	
1078	καί	b--------	καί	καί	c--------	b--------	
1079	ἀνδρεῖος	a-s---mn-	ἀνδρεῖος	ἀνδρεῖος	a-s---mn-	a-s---mn-	
1080	αἱρέω	v3saom---	αἱρέω	αἱρέω	v3saom---	v3saom---	
1081	,	u--------	,	,	u--------	u--------	
1082	οὗτος	p-p---na-	οὗτος	οὗτος	p-p---na-	p-p---na-	
1083	αἱρέω	v--pnm---	αἱρέω	αἱρέω	v--pne---	v--pnm---	
1084	,	u--------	,	,	u--------	u--------	
1085	φάσκω	v-sppama-	φάσκω	φάσκω	v-pppana-	v-sppama-	
1086	γε	d--------	γε	γε	d--------	d--------	
1087	δή	g--------	δή	δή	d--------	g--------	
1088	ἀρετή	n-s---fg-	ἀρετή	ἀρετή	n-s---fg-	n-s---fg-	
1089	διά	r--------	διά	διά	r--------	r--------	
1090	πᾶς	a-s---mg-	πᾶς	πᾶς	a-s---mg-	a-s---mg-	
1091	ὁ	l-s---mg-	ὁ	ὁ	l-s---ng-	l-s---mg-	
1092	βίος	n-s---mg-	βίος	βίος	n-s---mg-	n-s---mg-	
1093	ἐπιμελέομαι	v--pnm---	ἐπιμελέομαι	ἐπιμελέομαι	v--pne---	v--pnm---	
1094	·	u--------	·	·	u--------	u--------	
1095	ὡς	c--------	ὡς	ὡς	d--------	c--------	
1096	ἐγώ	p1s---cn-	ἐγώ	ἐγώ	p1s---mn-	p1s---cn-	
1097	καί	b--------	καί	καί	d--------	b--------	
1098	ὑπέρ	r--------	ὑπέρ	ὑπέρ	r--------	r--------	
1099	σύ	p2s---cg-	σύ	σύ	p-s---mg-	p2s---cg-	
1100	καί	b--------	καί	καί	c--------	b--------	
1101	ὑπέρ	r--------	ὑπέρ	ὑπέρ	r--------	r--------	
1102	ἐγώ	p1p---cg-	ἐγώ	ἐγώ	p1p---mg-	p1p---cg-	
1103	ὁ	l-p---mg-	ὁ	ὁ	l-p---mg-	l-p---mg-	
1104	σός	a-p---mg-	σός	σός	a-p---mg-	a-p---mg-	
1105	ἐπιτήδειος	a-p---mg-	ἐπιτήδειος	ἐπιτήδειος	a-p---mg-	a-p---mg-	
1106	αἰσχύνω	v1spim---	αἰσχύνω	αἰσχύνω	v1spie---	v1spim---	
1107	μή	c--------	μή	μή	c--------	c--------	
1108	δοκέω	v3sasa---	δόξα	δοκέω	v3sasa---	v3sasa---	DISAGREE
1109	ἅπας	a-s---na-	ἅπας	ἅπας	a-s---nn-	a-s---na-	
1110	ὁ	l-s---na-	ὁ	ὁ	l-s---nn-	l-s---na-	
1111	πρᾶγμα	n-s---na-	πρᾶγμα	πρᾶγμα	n-s---nn-	n-s---na-	
1112	ὁ	l-s---na-	ὁ	ὁ	l-s---nn-	l-s---na-	
1113	περί	r--------	περί	περί	r--------	r--------	
1114	σύ	p2s---ca-	σύ	σύ	p-s---ma-	p2s---ca-	
1115	ἀνανδρία	n-s---fd-	ἀνανδρία	ἀνανδρία	n-s---fd-	n-s---fd-	
1116	τις	p-s---cd-	τις	τις	a-s---fd-	p-s---cd-	
1117	ὁ	l-s---fd-	ὁ	ὁ	l-s---fd-	l-s---fd-	
1118	ἡμέτερος	a-s---fd-	ἡμέτερος	ἡμέτερος	a-s---fd-	a-s---fd-	
1119	πράσσω	v--rnm---	πράσσω	πράσσω	v--rne---	v--rnm---	
1120	,	u--------	,	,	u--------	u--------	
1121	καί	b--------	καί	καί	d--------	b--------	
1122	ὁ	l-s---fn-	ὁ	ὁ	l-s---fn-	l-s---fn-	
1123	εἴσοδος	n-s---fn-	εἴσοδος	εἴσοδος	n-s---fn-	n-s---fn-	
1124	ὁ	l-s---fg-	ὁ	ὁ	l-s---fg-	l-s---fg-	
1125	δίκη	n-s---fg-	δίκη	δίκη	n-s---fg-	n-s---fg-	
1126	εἰς	r--------	εἰς	εἰς	r--------	r--------	
1127	ὁ	l-s---na-	ὁ	ὁ	l-s---na-	l-s---na-	
1128	δικαστήριον	n-s---na-	δικαστήριον	δικαστήριον	n-s---na-	n-s---na-	
1129	ὡς	d--------	ὡς	ὡς	d--------	d--------	
1130	εἰσέρχομαι	v3saia---	εἰσέρχομαι	εἰσέρχομαι	v3saia---	v3saia---	
1131	ἔξεστι	v-sppann-	ἔξεστι	ἔξεστι	v-sppana-	v-sppann-	
1132	μή	d--------	μή	μή	d--------	d--------	
1133	εἰσέρχομαι	v--ana---	εἰσέρχομαι	εἰσέρχομαι	v--ana---	v--ana---	
1134	,	u--------	,	,	u--------	u--------	
1135	καί	b--------	καί	καί	d--------	b--------	
1136	αὐτός	p-s---mn-	αὐτός	αὐτός	a-s---mn-	p-s---mn-	
1137	ὁ	l-s---mn-	ὁ	ὁ	l-s---mn-	l-s---mn-	
1138	ἀγών	n-s---mn-	ἀγών	ἀγών	n-s---mn-	n-s---mn-	
1139	ὁ	l-s---fg-	ὁ	ὁ	l-s---fg-	l-s---fg-	
1140	δίκη	n-s---fg-	δίκη	δίκη	n-s---fg-	n-s---fg-	
1141	ὡς	d--------	ὡς	ὡς	d--------	d--------	
1142	γίγνομαι	v3saim---	γίγνομαι	γίγνομαι	v3saim---	v3saim---	
1143	,	u--------	,	,	u--------	u--------	
1144	καί	b--------	καί	καί	c--------	b--------	
1145	ὁ	l-s---na-	ὁ	ὁ	l-s---nn-	l-s---na-	
1146	τελευταῖος	a-s---na-	τελευταῖος	τελευταῖος	a-s---nn-	a-s---na-	
1147	δή	g--------	δή	δή	d--------	g--------	
1148	οὗτος	p-s---na-	οὗτος	οὗτος	p-s---na-	p-s---na-	
1149	,	u--------	,	,	u--------	u--------	
1150	ὥσπερ	c--------	ὥσπερ	ὥσπερ	c--------	c--------	
1151	κατάγελως	n-s---mn-	κατάγελως	κατάγελως	n-s---mn-	n-s---mn-	
1152	ὁ	l-s---fg-	ὁ	ὁ	l-s---fg-	l-s---fg-	
1153	πρᾶξις	n-s---fg-	πρᾶξις	πρᾶξις	n-s---fg-	n-s---fg-	
1154	,	u--------	,	,	u--------	u--------	
1155	κακία	n-s---fd-	κακία	κακία	n-p---fn-	n-s---fd-	
1156	τις	p-s---cd-	τις	τις	a-s---fd-	p-s---cd-	
1157	καί	b--------	καί	καί	c--------	b--------	
1158	ἀνανδρία	n-s---fd-	ἀνανδρία	ἀνανδρία	n-s---fd-	n-s---fd-	
1159	ὁ	l-s---fd-	ὁ	ὁ	l-s---fd-	l-s---fd-	
1160	ἡμέτερος	a-s---fd-	ἡμέτερος	ἡμέτερος	a-s---fd-	a-s---fd-	
1161	διαφεύγω	v--rna---	διαφεύγω	διαφεύγω	v--rna---	v--rna---	
1162	ἐγώ	p1p---ca-	ἐγώ	ἐγώ	p1p---ma-	p1p---ca-	
1163	δοκέω	v--pna---	δοκέω	δοκέω	v--pna---	v--pna---	
1164	,	u--------	,	,	u--------	u--------	
1165	ὅστις	p-p---mn-	ὅστις	ὅστις	p-p---mn-	p-p---mn-	
1166	σύ	p2s---ca-	σύ	σύ	p-s---ma-	p2s---ca-	
1167	οὐ	d--------	οὐ	οὐ	d--------	d--------	
1168	σῴζω	v1paia---	σώζω	σῴζω	v1paia---	v1paia---	
1169	οὐ	d--------	οὐ	οὐ	d--------	d--------	
1170	δέ	c--------	δέ		c--------		oga_only
1171	σύ	p-s---mn-	σύ		p-s---mn-		oga_only
1172	σεαυτοῦ	p-s---na-	σεαυτοῦ		p-s---na-		oga_only
1173	,	u--------	,		u--------		oga_only
1174	οἷος	a-s---ma-	οἷος		a-s---ma-		oga_only
1175	τε	d--------	τε		d--------		oga_only
1176	εἰμί	v-sppamv-	εἰμί		v-sppamv-		oga_only
1177	καί	d--------	καί	καί	c--------	d--------	
1178	δυνατός	a-s---ma-	δυνατός		a-s---ma-		oga_only
1179	εἰ	c--------	εἰ		c--------		oga_only
1180	τις	a-s---nn-	τις		a-s---nn-		oga_only
1181	καί	d--------	καί		d--------		oga_only
1182	μικρός	a-s---nn-	μικρός		a-s---nn-		oga_only
1183	ἐγώ	p1p---mg-	ἐγώ		p1p---mg-		oga_only
1184	ὄφελος	n-s---nn-	ὄφελος		n-s---nn-		oga_only
1185	εἰμί	v3siia---	εἰμί		v3siia---		oga_only
1186	.	u--------	.		u--------		oga_only
1187	οὗτος	p-p---na-	οὗτος		p-p---na-		oga_only
1188	οὖν	d--------	οὖν		d--------		oga_only
1189	,	u--------	,		u--------		oga_only
1190	ὦ	i--------	ὦ		i--------		oga_only
1191	σωκράτης	n-s---mv-	σωκράτης		n-s---mv-		oga_only
1192	,	u--------	,		u--------		oga_only
1193	ὁράω	v2spma---	ὁράω		v2spma---		oga_only
1194	μή	c--------	μή		c--------		oga_only
1195	ἅμα	r--------	ἅμα		r--------		oga_only
1196	ὁ	l-s---md-	ὁ		l-s---md-		oga_only
1197	κακός	a-s---nd-	κακός		a-s---nd-		oga_only
1198	καί	b--------	καί	καί	d--------	b--------	
1199	αἰσχρός	a-p---nn-	αἰσχρός		a-p---nn-		oga_only
1200	εἰμί	v3spsa---	εἰμί		v3spsa---		oga_only
1201	σύ	p-s---md-	σύ		p-s---md-		oga_only
1202	τε	d--------	τε		d--------		oga_only
1203	καί	c--------	καί		c--------		oga_only
1204	ἐγώ	p-p---md-	ἐγώ		p-p---md-		oga_only
1205	.	u--------	.		u--------		oga_only
1206	ἀλλά	b--------	ἀλλά	ἀλλά	d--------	b--------	
1207	βουλεύω	v2spme---	βουλεύω		v2spme---		oga_only
1208	—	u--------	—	—	u--------	u--------	
1209	μᾶλλον	d-------c	μᾶλλον		d-------c		oga_only
1210	δέ	b--------	δέ	δέ	d--------	b--------	
1211	οὐ	d--------	οὐ		d--------		oga_only
1212	δέ	d--------	δέ		d--------		oga_only
1213	βουλεύω	v--pne---	βουλεύω		v--pne---		oga_only
1214	ἔτι	d--------	ἔτι		d--------		oga_only
1215	ὥρα	n-s---fn-	ὥρα		n-s---fn-		oga_only
1216	ἀλλά	c--------	ἀλλά		c--------		oga_only
1217	βουλεύω	v--rne---	βουλεύω		v--rne---		oga_only
1218	—	u--------	—		u--------		oga_only
1219	εἷς	a-s---fn-	εἷς		a-s---fn-		oga_only
1220	δέ	d--------	δέ		d--------		oga_only
1221	βουλή	n-s---fn-	βουλή		n-s---fn-		oga_only
1222							unmatched
1223	ὁ	l-s---fg-	ὁ		l-s---fg-		oga_only
1224	γάρ	d--------	γάρ		d--------		oga_only
1225	ἔπειμι1	a-s---fg-	ἔπειμι1		a-s---fg-		oga_only
1226	νύξ	n-s---fg-	νύξ		n-s---fg-		oga_only
1227	πᾶς	a-s---ma-	πᾶς		a-s---ma-		oga_only
1228	οὗτος	p-p---na-	οὗτος		p-p---na-		oga_only
1229	δεῖ	v3spia---	δεῖ		v3spia---		oga_only
1230	πράσσω	v--rne---	πράσσω		v--rne---		oga_only
1231	,	u--------	,		u--------		oga_only
1232	εἰ	c--------	εἰ		c--------		oga_only
1233	δέ	c--------	δέ		c--------		oga_only
1234	ἔτι	d--------	ἔτι		d--------		oga_only
1235	περιμένω	v1pfia---	περιμένω		v1pfia---		oga_only
1236	,	u--------	,		u--------		oga_only
1237	ἀδύνατος	a-s---nn-	ἀδύνατος		a-s---nn-		oga_only
1238	καί	b--------	καί	καί	c--------	b--------	
1239	οὐκέτι	d--------	οὐκέτι		d--------		oga_only
1240	οἷος	a-s---nn-	οἷος		a-s---nn-		oga_only
1241	τε	d--------	τε		d--------		oga_only
1242	.	u--------	.	.	u--------	u--------	
1243	ἀλλά	d--------	ἀλλά		d--------		oga_only
1244	πᾶς	a-s---md-	πᾶς		a-s---md-		oga_only
1245	τρόπος	n-s---md-	τρόπος		n-s---md-		oga_only
1246	,	u--------	,		u--------		oga_only
1247	ὦ	i--------	ὦ		i--------		oga_only
1248	σωκράτης	n-s---mv-	σωκράτης		n-s---mv-		oga_only
1249	,	u--------	,		u--------		oga_only
1250	πείθω	v2spme---	πείθω		v2spme---		oga_only
1251	ἐγώ	p-s---md-	ἐγώ		p-s---md-		oga_only
1252	καί	c--------	καί		c--------		oga_only
1253	μηδαμῶς	d--------	μηδαμῶς		d--------		oga_only
1254	ἄλλως	d--------	ἄλλως		d--------		oga_only
1255	ποιέω	v2spma---	ποιέω		v2spma---		oga_only
1256	.	u--------	.		u--------		oga_only
1257	ὦ	i--------	ὦ	ὦ	i--------	i--------	
1258	φίλος	a-s---mv-	φίλος	φίλος	a-s---mv-	a-s---mv-	
1259	Κρίτων	n-s---mv-	κρίτων	Κρίτων	n-s---mv-	n-s---mv-	
1260	,	u--------	,	,	u--------	u--------	
1261	ὁ	l-s---fn-	ὁ	ὁ	l-s---fn-	l-s---fn-	
1262	προθυμία	n-s---fn-	προθυμία	προθυμία	n-s---fn-	n-s---fn-	
1263	σύ	p2s---cg-	σύ	σύ	p-s---mg-	p2s---cg-	
1264	πολύς	a-s---ng-	πολύς	πολύς	a-s---ng-	a-s---ng-	
1265	ἄξιος	a-s---fn-	ἄξιος	ἄξιος	a-s---fn-	a-s---fn-	
1266	εἰ	c--------	εἰ	εἰ	c--------	c--------	
1267	μετά	r--------	μετά	μετά	r--------	r--------	
1268	τις	p-s---cg-	τις	τις	a-s---fg-	p-s---cg-	
1269	ὀρθότης	n-s---fg-	ὀρθότης	ὀρθότης	n-s---fg-	n-s---fg-	
1270	εἰμί	v3spoa---	εἰμί	εἰμί	v3spoa---	v3spoa---	
1271	·	u--------		·		u--------	glaux_only
1272	εἰ	c--------	εἰ	εἰ	c--------	c--------	
1273	δέ	b--------	δέ	δέ	d--------	b--------	
1274	μή	d--------	μή	μή	d--------	d--------	
1275	,	u--------	,	,	u--------	u--------	
1276	ὅσος	p-s---nd-	ὅσος	ὅσος	a-s---nd-	p-s---nd-	
1277	μέγας	a-s---fnc	μέγας	μέγας	a-s---fnc	a-s---fnc	
1278	τοσοῦτος	p-s---nd-	τοσοῦτος	τοσοῦτος	p-s---nd-	p-s---nd-	
1279	χαλεπός	a-s---fnc	χαλεπός	χαλεπός	a-s---fnc	a-s---fnc	
1280	.	u--------	.	.	u--------	u--------	
1281	σκοπέω	v--pnm---	σκοπέω	σκοπέω	v--pne---	v--pnm---	
1282	οὖν	g--------	οὖν	οὖν	d--------	g--------	
1283	χρή	v3spia---	χρή	χρή	v3spia---	v3spia---	
1284	ἐγώ	p1p---ca-	ἐγώ	ἐγώ	p1p---ma-	p1p---ca-	
1285	εἰ	d--------	εἰ	εἰ	c--------	d--------	
1286	τε	d--------	τε		d--------		oga_only
1287	οὗτος	p-p---na-	οὗτος		p-p---na-		oga_only
1288	πρακτέος	a-s---nn-	πρακτέος		a-s---nn-		oga_only
1289	εἰ	c--------	εἰ		c--------		oga_only
1290	τε	c--------	τε		c--------		oga_only
1291	μή	d--------	μή		d--------		oga_only
1292	·	u--------		·		u--------	glaux_only
1293	ὡς	c--------	ὡς	ὡς	d--------	c--------	
1294	ἐγώ	p1s---cn-	ἐγώ	ἐγώ	p1s---mn-	p1s---cn-	
1295	οὐ	d--------	οὐ	οὐ	d--------	d--------	
1296	νῦν	d--------	νῦν	νῦν	d--------	d--------	
1297	πρότερος	d-------c	πρῶτος	πρότερος	a-s---na-	d-------c	DISAGREE
1298	ἀλλά	b--------	ἀλλά	ἀλλά	c--------	b--------	
1299	καί	d--------	καί	καί	d--------	d--------	
1300	ἀεί	d--------	ἀεί	ἀεί	d--------	d--------	
1301	τοιοῦτος	p-s---mn-	τοιοῦτος	τοιοῦτος	p-s---mn-	p-s---mn-	
1302	οἷος	p-s---mn-	οἷος	οἷος	a-s---mn-	p-s---mn-	
1303	ὁ	l-p---mg-	ὁ	ὁ	l-p---mg-	l-p---mg-	
1304	ἐμός	a-p---mg-	ἐμός	ἐμός	a-p---mg-	a-p---mg-	
1305	μηδείς	p-s----d-	μηδείς	μηδείς	p-s---md-	p-s----d-	
1306	ἄλλος	p-s---md-	ἄλλος	ἄλλος	p-s---md-	p-s---md-	
1307	πείθω	v--pnm---	πείθω	πείθω	v--pne---	v--pnm---	
1308	ἤ	c--------	ἤ1	ἤ	c--------	c--------	
1309	ὁ	l-s---md-	ὁ	ὁ	l-s---md-	l-s---md-	
1310	λόγος	n-s---md-	λόγος	λόγος	n-s---md-	n-s---md-	
1311	ὅς	p-s---mn-	ὅς	ὅς	p3s---mn-	p-s---mn-	
1312	ἄν	g--------	ἄν	ἄν	d--------	g--------	
1313	ἐγώ	p1s---cd-	ἐγώ	ἐγώ	p1s---md-	p1s---cd-	
1314	λογίζομαι	v-sppmmd-	λογίζομαι	λογίζομαι	v-sppemd-	v-sppmmd-	
1315	ἀγαθός	a-s---mns	βέλτιστος	ἀγαθός	a-s---mns	a-s---mns	DISAGREE
1316	φαίνω	v3spsm---	φαίνω	φαίνω	v3spse---	v3spsm---	
1317	.	u--------	.	.	u--------	u--------	
1318	ὁ	l-p---ma-	ὁ	ὁ	l-p---ma-	l-p---ma-	
1319	δή	g--------	δή	δή	d--------	g--------	
1320	λόγος	n-p---ma-	λόγος	λόγος	n-p---ma-	n-p---ma-	
1321	ὅς	p-p---ma-	ὅς	ὅς	p-p---ma-	p-p---ma-	
1322	ἐν	r--------	ἐν	ἐν	r--------	r--------	
1323	ὁ	l-s---nd-	ὁ	ὁ	l-s---md-	l-s---nd-	
1324	ἔμπροσθεν	d--------	ἔμπροσθεν	ἔμπροσθεν	d--------	d--------	
1325	λέγω	v1siia---	λέγω3	λέγω	v1siia---	v1siia---	
1326	οὐ	d--------	οὐ	οὐ	d--------	d--------	
1327	δύναμαι	v1spim---	δύναμαι	δύναμαι	v1spie---	v1spim---	
1328	νῦν	d--------	νῦν	νῦν	d--------	d--------	
1329	ἐκβάλλω	v--ana---	ἐκβάλλω	ἐκβάλλω	v--ana---	v--ana---	
1330	,	u--------	,	,	u--------	u--------	
1331	ἐπειδή	c--------	ἐπεί	ἐπειδή	c--------	c--------	DISAGREE
1332	ἐγώ	p1s---cd-	ἐγώ	ἐγώ	p1s---md-	p1s---cd-	
1333	ὅδε	p-s---fn-	ὅδε	ὅδε	a-s---fn-	p-s---fn-	
1334	ὁ	l-s---fn-	ὁ	ὁ	l-s---fn-	l-s---fn-	
1335	τύχη	n-s---fn-	τύχη	τύχη	n-s---fn-	n-s---fn-	
1336	γίγνομαι	v3sria---	γίγνομαι	γίγνομαι	v3sria---	v3sria---	
1337	,	u--------	,	,	u--------	u--------	
1338	ἀλλά	b--------	ἀλλά	ἀλλά	c--------	b--------	
1339	σχεδόν	d--------	σχεδόν	σχεδόν	d--------	d--------	
1340	τις	p-s---na-	τις	τις	a-s---na-	p-s---na-	
1341	ὅμοιος	a-p---mn-	ὅμοιος	ὅμοιος	a-p---mn-	a-p---mn-	
1342	φαίνω	v3ppim---	φαίνω	φαίνω	v3ppie---	v3ppim---	
1343	ἐγώ	p1s---cd-	ἐγώ	ἐγώ	p1s---md-	p1s---cd-	
1344	,	u--------	,	,	u--------	u--------	
1345	καί	b--------	καί	καί	c--------	b--------	
1346	ὁ	l-p---ma-	ὁ	ὁ	l-p---ma-	l-p---ma-	
1347	αὐτός	p-p---ma-	αὐτός	αὐτός	p-p---ma-	p-p---ma-	
1348	πρεσβεύω	v1spia---	πρεσβεύω	πρεσβεύω	v1spia---	v1spia---	
1349	καί	b--------	καί	καί	c--------	b--------	
1350	τιμάω	v1spia---	τιμάω	τιμάω	v1spia---	v1spia---	
1351	ὅς	p-p---ma-	ὅς	ὅς	p-p---ma-	p-p---ma-	
1352	καί	d--------	καί	καί	d--------	d--------	
1353	πρότερος	d-------c	πρότερος	πρότερος	a-s---na-	d-------c	
1354	·	u--------		·		u--------	glaux_only
1355	ὅς	p-p---ng-	ὅς	ὅς	p-p---ng-	p-p---ng-	
1356	ἐάν	c--------	ἐάν	ἐάν	c--------	c--------	
1357	μή	d--------	μή	μή	d--------	d--------	
1358	ἀγαθός	a-p---nac	βελτίων	ἀγαθός	a-p---nac	a-p---nac	DISAGREE
1359	ἔχω	v1ppsa---	ἔχω	ἔχω	v1ppsa---	v1ppsa---	
1360	λέγω	v--pna---	λέγω3	λέγω	v--pna---	v--pna---	
1361	ἐν	r--------	ἐν	ἐν	r--------	r--------	
1362	ὁ	l-s---nd-	ὁ	ὁ	l-s---nd-	l-s---nd-	
1363	πάρειμι	v-sppand-	πάρειμι1	πάρειμι	v-sppand-	v-sppand-	
1364	,	u--------	,	,	u--------	u--------	
1365	εὖ	d--------	εὖ	εὖ	d--------	d--------	
1366	οἶδα	v2srma---	οἶδα	οἶδα	v2srma---	v2srma---	
1367	ὅτι	c--------	ὅτι	ὅτι	c--------	c--------	
1368	οὐ	d--------	οὐ	οὐ	d--------	d--------	
1369	μή	c--------	μή	μή	d--------	c--------	
1370	σύ	p2s---cd-	σύ	σύ	p-s---md-	p2s---cd-	
1371	συγχωρέω	v1sasa---	συγχωρέω	συγχωρέω	v1sfia---	v1sasa---	
1372	,	u--------	,	,	u--------	u--------	
1373							unmatched
1374	ἐάν	c--------	ἄν	ἐάν	d--------	c--------	DISAGREE
1375	πολύς	a-p---nac	πλείων	πολύς	a-p---nac	a-p---nac	DISAGREE
1376	ὁ	l-p---ng-	ὁ	ὁ	l-p---mg-	l-p---ng-	
1377	νῦν	d--------	νῦν	νῦν	d--------	d--------	
1378	πάρειμι	v-pppang-	πάρειμι1	πάρειμι	v-pppamg-	v-pppang-	
1379	ὁ	l-s---fn-	ὁ	ὁ	l-s---fn-	l-s---fn-	
1380	ὁ	l-p---mg-	ὁ	ὁ	l-p---mg-	l-p---mg-	
1381	πολύς	a-p---mg-	πολύς	πολύς	a-p---fg-	a-p---mg-	
1382	δύναμις	n-s---fn-	δύναμις	δύναμις	n-s---fn-	n-s---fn-	
1383	ὥσπερ	c--------	ὥσπερ	ὥσπερ	d--------	c--------	
1384	παῖς	n-p---ca-	παῖς	παῖς	n-p---ma-	n-p---ca-	
1385	ἐγώ	p1p---ca-	ἐγώ	ἐγώ	p1p---ma-	p1p---ca-	
1386	μορμολύττομαι	v3spsm---	μορμολύττομαι	μορμολύττομαι	v3spse---	v3spsm---	
1387	,	u--------	,	,	u--------	u--------	
1388	δεσμός	n-p---ma-	δεσμός	δεσμός	n-p---ma-	n-p---ma-	
1389	καί	b--------	καί	καί	d--------	b--------	
1390	θάνατος	n-p---ma-	θάνατος	θάνατος	n-p---ma-	n-p---ma-	
1391	ἐπιπέμπω	v-sppafn-	ἐπιπέμπω	ἐπιπέμπω	v-sppafn-	v-sppafn-	
1392	καί	b--------	καί	καί	c--------	b--------	
1393	χρῆμα	n-p---ng-	χρῆμα	χρῆμα	n-p---ng-	n-p---ng-	
1394	ἀφαίρεσις	n-p---fa-	ἀφαίρεσις	ἀφαίρεσις	n-p---fa-	n-p---fa-	
1395	.	u--------	.	.	u--------	u--------	
1396	πῶς	d--------	πῶς	πῶς	d--------	d--------	
1397	οὖν	g--------	οὖν	οὖν	d--------	g--------	
1398	ἄν	g--------	ἄν	ἄν	d--------	g--------	
1399	μέτριος	d-------s	μέτριος	μέτριος	a-p---nas	d-------s	
1400	σκοπέω	v1ppom---	σκοπάω	σκοπέω	v1ppoe---	v1ppom---	DISAGREE
1401	αὐτός	p-p---na-	αὐτός	αὐτός	p-p---na-	p-p---na-	
1402	;	u--------	;	;	u--------	u--------	
1403	εἰ	c--------	εἰ	εἰ	c--------	c--------	
1404	πρότερος	d-------c	πρῶτος	πρότερος	a-s---na-	d-------c	DISAGREE
1405	μέν	g--------	μέν	μέν	d--------	g--------	
1406	οὗτος	p-s---ma-	οὗτος	οὗτος	a-s---ma-	p-s---ma-	
1407	ὁ	l-s---ma-	ὁ	ὁ	l-s---ma-	l-s---ma-	
1408	λόγος	n-s---ma-	λόγος	λόγος	n-s---ma-	n-s---ma-	
1409	ἀναλαμβάνω	v1paoa---	ἀναλαμβάνω	ἀναλαμβάνω	v1paoa---	v1paoa---	
1410	,	u--------	,	,	u--------	u--------	
1411	ὅς	p-s---ma-	ὅς	ὅς	p-s---ma-	p-s---ma-	
1412	σύ	p2s---cn-	σύ	σύ	p-s---mn-	p2s---cn-	
1413	λέγω	v2spia---	λέγω	λέγω	v2spia---	v2spia---	
1414	περί	r--------	περί	περί	r--------	r--------	
1415	ὁ	l-p---fg-	ὁ	ὁ	l-p---mg-	l-p---fg-	
1416	δόξα	n-p---fg-	δόξα	δόξα	n-p---fg-	n-p---fg-	
1417	.	u--------	.	.	u--------	u--------	
1418	πότερος	g--------	πότερον	πότερος	d--------	g--------	DISAGREE
1419	καλός	d--------	καλός	καλός	d--------	d--------	
1420	λέγω	v3siim---	λέγω3	λέγω	v3siie---	v3siim---	
1421	ἑκάστοτε	d--------	ἑκάστοτε	ἑκάστοτε	d--------	d--------	
1422	ἤ	b--------	ἤ1	ἤ	c--------	b--------	
1423	οὐ	d--------	οὐ	οὐ	d--------	d--------	
1424	,	u--------	,	,	u--------	u--------	
1425	ὅτι	c--------	ὅτι	ὅτι	c--------	c--------	
1426	ὁ	l-p---fd-	ὁ	ὁ	l-p---fd-	l-p---fd-	
1427	μέν	g--------	μέν	μέν	d--------	g--------	
1428	δέω	v3spia---	δεῖ	δέω	v3spia---	v3spia---	DISAGREE
1429	ὁ	l-p---fg-	ὁ	ὁ	l-p---mg-	l-p---fg-	
1430	δόξα	n-p---fg-	δόξα	δόξα	n-p---fg-	n-p---fg-	
1431	προσέχω	v--pna---	προσέχω	προσέχω	v--pna---	v--pna---	
1432	ὁ	l-s---ma-	ὁ	ὁ	l-s---ma-	l-s---ma-	
1433	νόος	n-s---ma-	νόος	νόος	n-s---ma-	n-s---ma-	
1434	,	u--------	,	,	u--------	u--------	
1435	ὁ	l-p---fd-	ὁ	ὁ	l-p---fd-	l-p---fd-	
1436	δέ	b--------	δέ	δέ	c--------	b--------	
1437	οὐ	d--------	οὐ	οὐ	d--------	d--------	
1438	;	u--------		;		u--------	glaux_only
1439	ἤ	b--------	ἤ1	ἤ	d--------	b--------	
1440	πρίν	d--------	πρίν	πρίν	d--------	d--------	
1441	μέν	g--------	μέν	μέν	d--------	g--------	
1442	ἐγώ	p1s---ca-	ἐγώ	ἐγώ	p1s---ma-	p1s---ca-	
1443	δέω	v--pna---	δεῖ	δέω	v--pna---	v--pna---	DISAGREE
1444	ἀποθνῄσκω	v--pna---	ἀποθνήσκω	ἀποθνῄσκω	v--pna---	v--pna---	
1445	καλός	d--------	καλός	καλός	d--------	d--------	
1446	λέγω	v3siim---	λέγω3	λέγω	v3siie---	v3siim---	
1447	,	u--------	,	,	u--------	u--------	
1448	νῦν	d--------	νῦν	νῦν	d--------	d--------	
1449	δέ	b--------	δέ	δέ	d--------	b--------	
1450	κατάδηλος	a-s---mn-	κατάδηλος	κατάδηλος	a-s---mn-	a-s---mn-	
1451	ἄρα	g--------	ἄρα	ἄρα	d--------	g--------	
1452	γίγνομαι	v3saim---	γίγνομαι	γίγνομαι	v3saim---	v3saim---	
1453	ὅτι	c--------	ὅτι	ὅτι	c--------	c--------	
1454	ἄλλος	d--------	ἄλλως	ἄλλος	d--------	d--------	DISAGREE
1455	ἕνεκα	r--------	ἕνεκα	ἕνεκα	r--------	r--------	
1456	λόγος	n-s---mg-	λόγος	λόγος	n-s---mg-	n-s---mg-	
1457	λέγω	v3siim---	λέγω3	λέγω	v3siie---	v3siim---	
1458	,	u--------	,	,	u--------	u--------	
1459	εἰμί	v3siia---	εἰμί	εἰμί	v3siia---	v3siia---	
1460	δέ	b--------	δέ	δέ	c--------	b--------	
1461	παιδιά	n-s---fn-	παιδιή	παιδιά	n-s---fn-	n-s---fn-	DISAGREE
1462	καί	b--------	καί	καί	c--------	b--------	
1463	φλυαρία	n-s---fn-	φλυαρία	φλυαρία	n-s---fn-	n-s---fn-	
1464	ὡς	d--------	ὡς	ὡς	d--------	d--------	
1465	ἀληθής	d--------	ἀληθής	ἀληθής	d--------	d--------	
1466	;	u--------	;	;	u--------	u--------	
1467	ἐπιθυμέω	v1spia---	ἐπιθυμέω	ἐπιθυμέω	v1spia---	v1spia---	
1468	δέ	b--------	δέ	δέ	d--------	b--------	
1469	ἐγώ	p1s---cn-	ἐγώ	ἐγώ	p-s---mn-	p1s---cn-	
1470	ἐπισκοπέω	v--anm---	ἐπισκέπτομαι	ἐπισκοπέω	v--ane---	v--anm---	DISAGREE
1471	,	u--------	,	,	u--------	u--------	
1472	ὦ	i--------	ὦ	ὦ	i--------	i--------	
1473	Κρίτων	n-s---mv-	κρίτων	Κρίτων	n-s---mv-	n-s---mv-	
1474	,	u--------	,	,	u--------	u--------	
1475	κοινῇ	d--------	κοινῇ	κοινῇ	d--------	d--------	
1476	μετά	r--------	μετά	μετά	r--------	r--------	
1477	σύ	p2s---cg-	σύ	σύ	p-s---mg-	p2s---cg-	
1478	εἰ	c--------	εἰ	εἰ	c--------	c--------	
1479	τις	p-s---nn-	τίς	τις	p-s---na-	p-s---nn-	
1480	ἐγώ	p1s---cd-	ἐγώ	ἐγώ	p-s---md-	p1s---cd-	
1481	ἀλλοῖος	a-s---mnc	ἀλλοῖος	ἀλλοῖος	a-s---mnc	a-s---mnc	
1482	φαίνω	v3sfim---	φαίνω	φαίνω	v3sfim---	v3sfim---	
1483	,	u--------	,	,	u--------	u--------	
1484	ἐπειδή	c--------	ἐπεί	ἐπειδή	c--------	c--------	DISAGREE
1485	ὧδε	d--------	ὧδε	ὧδε	d--------	d--------	
1486	ἔχω	v1spia---	ἔχω	ἔχω	v1spsa---	v1spia---	
1487	,	u--------	,	,	u--------	u--------	
1488	ἤ	b--------	ἤ1	ἤ	c--------	b--------	
1489	ὁ	l-s---mn-	ὁ	ὁ	l-s---mn-	l-s---mn-	
1490	αὐτός	p-s---mn-	αὐτός	αὐτός	p-s---mn-	p-s---mn-	
1491	,	u--------	,	,	u--------	u--------	
1492	καί	b--------	καί	καί	c--------	b--------	
1493	ἐάω	v1pfia---	ἐάω	ἐάω	v1pfia---	v1pfia---	
1494	χαίρω	v--pna---	χαίρω	χαίρω	v--pna---	v--pna---	
1495	ἤ	b--------	ἤ1	ἤ	c--------	b--------	
1496	πείθω	v1pfim---	πάσχω	πείθω	v1pfim---	v1pfim---	DISAGREE
1497	αὐτός	p-s---nd-	αὐτός	αὐτός	p-s---md-	p-s---nd-	
1498	.	u--------	.	.	u--------	u--------	
1499	λέγω	v3siim---	λέγω3	λέγω	v3siie---	v3siim---	
1500	δέ	b--------	δέ	δέ	d--------	b--------	
1501	πως	g--------	πως	πως	d--------	g--------	
1502	,	u--------	,	,	u--------	u--------	
1503	ὡς	c--------	ὡς	ὡς	c--------	c--------	
1504	οἴομαι	v1spim---		οἴομαι		v1spim---	glaux_only
1505	,	u--------		,		u--------	glaux_only
1506	ἑκάστοτε	d--------	ἑκάστοτε	ἑκάστοτε	d--------	d--------	
1507	ὧδε	d--------	ὧδε	ὧδε	d--------	d--------	
1508	ὑπό	r--------	ὑπό	ὑπό	r--------	r--------	
1509	ὁ	l-p---mg-	ὁ	ὁ	l-p---mg-	l-p---mg-	
1510	οἴομαι	v-pppmmg-	οἴομαι	οἴομαι	v-pppemg-	v-pppmmg-	
1511	τις	p-s---na-	τις	τις	p-s---na-	p-s---na-	
1512	λέγω	v--pna---	λέγω3	λέγω	v--pna---	v--pna---	
1513	,	u--------	,	,	u--------	u--------	
1514	ὥσπερ	c--------	ὥσπερ	ὥσπερ	c--------	c--------	
1515	νυνδί	d--------	νυνδί	νυνδί	d--------	d--------	
1516	ἐγώ	p1s---cn-	ἐγώ	ἐγώ	p1s---mn-	p1s---cn-	
1517	λέγω	v1siia---	λέγω3	λέγω	v1siia---	v1siia---	
1518	,	u--------	,	,	u--------	u--------	
1519	ὅτι	c--------	ὅτι	ὅτι	c--------	c--------	
1520	ὁ	l-p---fg-	ὁ	ὁ	l-p---mg-	l-p---fg-	
1521	δόξα	n-p---fg-	δόξα	δόξα	n-p---fg-	n-p---fg-	
1522	ὅς	p-p---fa-	ὅς	ὅς	p-p---fa-	p-p---fa-	
1523	ὁ	l-p---mn-	ὁ	ὁ	l-p---mn-	l-p---mn-	
1524	ἄνθρωπος	n-p---mn-	ἄνθρωπος	ἄνθρωπος	n-p---fn-	n-p---mn-	
1525	δοξάζω	v3ppia---	δοξάζω	δοξάζω	v3ppia---	v3ppia---	
1526	δέω	v3spoa---	δέω	δέω	v3spoa---	v3spoa---	
1527	ὁ	l-p---fa-	ὁ	ὁ	l-p---fa-	l-p---fa-	
1528	μέν	g--------	μέν	μέν	d--------	g--------	
1529	περί	r--------	περί	περί	r--------	r--------	
1530	πολύς	a-s---ng-	πολύς	πολύς	a-s---mg-	a-s---ng-	
1531	ποιέω	v--pnm---	ποιέω	ποιέω	v--pne---	v--pnm---	
1532	,	u--------	,	,	u--------	u--------	
1533	ὁ	l-p---fa-	ὁ	ὁ	l-p---fa-	l-p---fa-	
1534	δέ	b--------	δέ	δέ	d--------	b--------	
1535	μή	d--------	μή	μή	d--------	d--------	
1536	.	u--------	.	.	u--------	u--------	
1537	οὗτος	p-s---na-	οὗτος	οὗτος	p-s---na-	p-s---na-	
1538	πρός	r--------	πρός	πρός	r--------	r--------	
1539	θεός	n-p---mg-	θεός	θεός	n-p---mg-	n-p---mg-	
1540	,	u--------	,	,	u--------	u--------	
1541	ὦ	i--------	ὦ	ὦ	i--------	i--------	
1542	Κρίτων	n-s---mv-	κρίτων	Κρίτων	n-s---mv-	n-s---mv-	
1543	,	u--------	,	,	u--------	u--------	
1544	οὐ	d--------	οὐ	οὐ	d--------	d--------	
1545	δοκέω	v3spia---	δοκέω	δοκέω	v3spia---	v3spia---	
1546	καλός	d--------	καλός	καλός	d--------	d--------	
1547	σύ	p2s---cd-	σύ	σύ	p-s---md-	p2s---cd-	
1548	λέγω	v--pnm---	λέγω3	λέγω	v--pne---	v--pnm---	
1549	;	u--------	;	;	u--------	u--------	
1550	—	u--------		—		u--------	glaux_only
1551	σύ	p2s---cn-	σύ	σύ	p-s---mn-	p2s---cn-	
1552	γάρ	g--------	γάρ	γάρ	d--------	g--------	
1553	,	u--------	,	,	u--------	u--------	
1554	ὅσος	p-p---na-	ὅσος	ὅσος	a-p---nn-	p-p---na-	
1555	γε	d--------	γε	γε	d--------	d--------	
1556	ὁ	l-p---nn-	ὁ		l-p---nn-		oga_only
1557	ἀνθρώπειος	a-p---nn-	ἀνθρώπειος		a-p---nn-		oga_only
1558	,	u--------	,	,	u--------	u--------	
1559	ἐκτός	r--------	ἐκτός	ἐκτός	r--------	r--------	
1560	εἰμί	v2spia---	εἰμί	εἰμί	v2spia---	v2spia---	
1561	ὁ	l-s---ng-	ὁ	ὁ	l-s---ng-	l-s---ng-	
1562	μέλλω	v--pna---	μέλλω	μέλλω	v--pna---	v--pna---	
1563	ἀποθνῄσκω	v--pna---	ἀποθνήσκω	ἀποθνῄσκω	v--pna---	v--pna---	
1564	αὔριον	d--------	αὔριον	αὔριον	d--------	d--------	
1565	,	u--------	,	,	u--------	u--------	
1566	καί	b--------	καί	καί	c--------	b--------	
1567	οὐ	d--------	οὐ	οὐ	d--------	d--------	
1568	ἄν	g--------	ἄν	ἄν	d--------	g--------	
1569	σύ	p2s---ca-	σύ	σύ	p-s---ma-	p2s---ca-	
1570	παρακρούω	v3spoa---	παρακρούω	παρακρούω	v3spoa---	v3spoa---	
1571	ὁ	l-s---fn-	ὁ	ὁ	l-s---fn-	l-s---fn-	
1572	πάρειμι	v-sppafn-	πάρειμι1	πάρειμι	v-sppafn-	v-sppafn-	
1573	συμφορά	n-s---fn-	συμφορά	συμφορά	n-s---fn-	n-s---fn-	
1574	·	u--------		·		u--------	glaux_only
1575	σκοπέω	v2spma---	σκοπέω	σκοπέω	v2spma---	v2spma---	
1576	δή	g--------	δή	δή	d--------	g--------	
1577	—	u--------	—	—	u--------	u--------	
1578	οὐ	d--------	οὐ	οὐ	d--------	d--------	
1579	ἱκανός	d--------	ἱκανός	ἱκανός	d--------	d--------	
1580	δοκέω	v3spia---	δοκέω	δοκέω	v3spia---	v3spia---	
1581	σύ	p2s---cd-	σύ	σύ	p2s---cd-	p2s---cd-	
1582	λέγω	v--pnm---	λέγω3	λέγω	v--pne---	v--pnm---	
1583	ὅτι	c--------	ὅτι	ὅτι	c--------	c--------	
1584	οὐ	d--------	οὐ	οὐ	d--------	d--------	
1585	πᾶς	a-p---fa-	πᾶς	πᾶς	a-p---fa-	a-p---fa-	
1586	χρή	v3spia---	χρή	χρή	v3spia---	v3spia---	
1587	ὁ	l-p---fa-	ὁ	ὁ	l-p---fa-	l-p---fa-	
1588	δόξα	n-p---fa-	δοκέω	δόξα	n-p---fa-	n-p---fa-	DISAGREE
1589	ὁ	l-p---mg-	ὁ	ὁ	l-p---mg-	l-p---mg-	
1590	ἄνθρωπος	n-p---mg-	ἄνθρωπος	ἄνθρωπος	n-p---mg-	n-p---mg-	
1591	τιμάω	v--pna---	τιμάω	τιμάω	v-sppamv-	v--pna---	
1592	ἀλλά	b--------	ἀλλά	ἀλλά	c--------	b--------	
1593	ὁ	l-p---fa-	ὁ	ὁ	l-p---fa-	l-p---fa-	
1594	μέν	g--------	μέν	μέν	d--------	g--------	
1595	,	u--------	,	,	u--------	u--------	
1596	ὁ	l-p---fa-	ὁ	ὁ	l-p---fa-	l-p---fa-	
1597	δέ	b--------	δέ	δέ	d--------	b--------	
1598	οὐ	d--------	οὐ	οὐ	d--------	d--------	
1599	,	u--------	,	,	u--------	u--------	
1600	οὐ	d--------	οὐ	οὐ	d--------	d--------	
1601	δέ	d--------	δέ		d--------		oga_only
1602	πᾶς	a-p---ng-	πᾶς		a-p---ng-		oga_only
1603	ἀλλά	c--------	ἀλλά		c--------		oga_only
1604	ὁ	l-p---mg-	ὁ	ὁ	l-p---mg-	l-p---mg-	
1605	μέν	d--------	μέν		d--------		oga_only
1606	,	u--------	,		u--------		oga_only
1607	ὁ	l-p---mg-	ὁ		l-p---mg-		oga_only
1608	δέ	c--------	δέ		c--------		oga_only
1609	οὐ	d--------	οὐ		d--------		oga_only
1610							unmatched
1611	τίς	p-s---na-	τίς		p-s---na-		oga_only
1612	φημί	v2spia---	φημί		v2spia---		oga_only
1613	;	u--------	;		u--------		oga_only
1614	οὗτος	p-p---nn-	οὗτος		p-p---nn-		oga_only
1615	οὐ	d--------	οὐ		d--------		oga_only
1616	καλός	d--------	καλός	καλός	d--------	d--------	
1617	λέγω3	v3spie---	λέγω3		v3spie---		oga_only
1618	;	u--------	;		u--------		oga_only
1619	καλός	d--------	καλός		d--------		oga_only
1620	.	u--------	.		u--------		oga_only
1621	οὐκοῦν	d--------	οὐκοῦν		d--------		oga_only
1622	ὁ	l-p---fa-	ὁ	ὁ	l-p---fa-	l-p---fa-	
1623	μέν	d--------	μέν		d--------		oga_only
1624	χρηστός	a-p---fa-	χρηστός		a-p---fa-		oga_only
1625	τιμάω	v--pna---	τιμάω		v--pna---		oga_only
1626	,	u--------	,		u--------		oga_only
1627	ὁ	l-p---fa-	ὁ		l-p---fa-		oga_only
1628	δέ	b--------	δέ	δέ	d--------	b--------	
1629	πονηρός	a-p---fa-	πονηρός		a-p---fa-		oga_only
1630	μή	d--------	μή		d--------		oga_only
1631							unmatched
1632	ναί	d--------	ναί		d--------		oga_only
1633	.	u--------	.		u--------		oga_only
1634	χρηστός	a-p---fn-	χρηστός		a-p---fn-		oga_only
1635	δέ	b--------	δέ	δέ	d--------	b--------	
1636	οὐ	d--------	οὐ		d--------		oga_only
1637	ὁ	l-p---fn-	ὁ		l-p---fn-		oga_only
1638	ὁ	l-p---mg-	ὁ		l-p---mg-		oga_only
1639	φρόνιμος	a-p---mg-	φρόνιμος		a-p---mg-		oga_only
1640	,	u--------	,		u--------		oga_only
1641	πονηρός	a-p---fn-	πονηρός		a-p---fn-		oga_only
1642	δέ	c--------	δέ		c--------		oga_only
1643	ὁ	l-p---fn-	ὁ		l-p---fn-		oga_only
1644	ὁ	l-p---mg-	ὁ		l-p---mg-		oga_only
1645	ἄφρων	a-p----g-	ἄφρων		a-p----g-		oga_only
1646							unmatched
1647	πῶς	d--------	πῶς		d--------		oga_only
1648	δέ	g--------	δέ		g--------		oga_only
1649	οὐ	d--------	οὐ		d--------		oga_only
1650							unmatched
1651	φέρω	v2spma---	φέρω		v2spma---		oga_only
1652	δή	d--------	δή		d--------		oga_only
1653	,	u--------	,		u--------		oga_only
1654	πῶς	d--------	πῶς		d--------		oga_only
1655	αὖ	d--------	αὖ		d--------		oga_only
1656	ὁ	l-p---nn-	ὁ		l-p---nn-		oga_only
1657	τοιοῦτος	p-p---nn-	τοιοῦτος		p-p---nn-		oga_only
1658	λέγω3	v3siie---	λέγω3		v3siie---		oga_only
1659	;	u--------	;		u--------		oga_only
1660	γυμνάζω	v-sppemn-	γυμνάζω		v-sppemn-		oga_only
1661	ἀνήρ	n-s---mn-	ἀνήρ	ἀνήρ	n-s---mn-	n-s---mn-	
1662	καί	b--------	καί	καί	c--------	b--------	
1663	οὗτος	p-s---na-	οὗτος	οὗτος	p-s---na-	p-s---na-	
1664	πράσσω	v-sppamn-	πράσσω	πράσσω	v-sppamn-	v-sppamn-	
1665	πότερος	g--------	πότερον	πότερος	d--------	g--------	DISAGREE
1666	πᾶς	a-s---mg-	πᾶς	πᾶς	a-s---mg-	a-s---mg-	
1667	ἀνήρ	n-s---mg-	ἀνήρ	ἀνήρ	n-s---mg-	n-s---mg-	
1668	ἔπαινος	n-s---md-	ἔπαινος	ἔπαινος	n-s---md-	n-s---md-	
1669	καί	b--------	καί	καί	d--------	b--------	
1670	ψόγος	n-s---md-	ψόγος	ψόγος	n-s---md-	n-s---md-	
1671	καί	b--------	καί	καί	c--------	b--------	
1672	δόξα	n-s---fd-	δόξα	δόξα	n-s---fd-	n-s---fd-	
1673	ὁ	l-s---ma-	ὁ	ὁ	l-s---ma-	l-s---ma-	
1674	νόος	n-s---ma-	νόος	νόος	n-s---ma-	n-s---ma-	
1675	προσέχω	v3spia---	προσέχω	προσέχω	v3spia---	v3spia---	
1676	,	u--------	,	,	u--------	u--------	
1677	ἤ	b--------	ἤ1	ἤ	c--------	b--------	
1678	εἷς	m-s---mg-	εἷς	εἷς	n-s---mg-	m-s---mg-	
1679	μόνος	a-s---mg-	μόνος	μόνος	a-s---mg-	a-s---mg-	
1680	ἐκεῖνος	p-s---mg-	ἐκεῖνος	ἐκεῖνος	a-s---mg-	p-s---mg-	
1681	ὅς	p-s---mn-	ὅς	ὅς	p3s---mn-	p-s---mn-	
1682	ἄν	g--------	ἄν	ἄν	d--------	g--------	
1683	τυγχάνω	v3spsa---	τυγχάνω	τυγχάνω	v3spsa---	v3spsa---	
1684	ἰατρός	n-s---mn-	ἰατρός	ἰατρός	n-s---mn-	n-s---mn-	
1685	ἤ	b--------	ἤ1	ἤ	c--------	b--------	
1686	παιδοτρίβης	n-s---mn-	παιδοτρίβης	παιδοτρίβης	n-s---mn-	n-s---mn-	
1687	εἰμί	v-sppamn-	εἰμί	εἰμί	v-sppamn-	v-sppamn-	
1688	;	u--------		;		u--------	glaux_only
1689	εἷς	m-s---mg-	εἷς	εἷς	n-s---ng-	m-s---mg-	
1690	μόνος	a-s---mg-	μόνος	μόνος	a-s---ng-	a-s---mg-	
1691	.	u--------	.	.	u--------	u--------	
1692	οὐκοῦν	g--------	οὐκοῦν	οὐκοῦν	d--------	g--------	
1693	φοβέω	v--pnm---	φοβέω	φοβέω	v--pne---	v--pnm---	
1694	χρή	v3spia---	χρή	χρή	v3spia---	v3spia---	
1695	ὁ	l-p---ma-	ὁ	ὁ	l-p---ma-	l-p---ma-	
1696	ψόγος	n-p---ma-	ψόγος	ψόγος	n-p---ma-	n-p---ma-	
1697	καί	b--------	καί	καί	c--------	b--------	
1698	ἀσπάζομαι	v--pnm---	ἀσπάζομαι	ἀσπάζομαι	v--pne---	v--pnm---	
1699	ὁ	l-p---ma-	ὁ	ὁ	l-p---ma-	l-p---ma-	
1700	ἔπαινος	n-p---ma-	ἔπαινος	ἔπαινος	n-p---ma-	n-p---ma-	
1701	ὁ	l-p---ma-	ὁ	ὁ	l-p---ma-	l-p---ma-	
1702	ὁ	l-s---mg-	ὁ	ὁ	l-s---ng-	l-s---mg-	
1703	εἷς	m-s---mg-	εἷς	εἷς	a-s---mg-	m-s---mg-	
1704	ἐκεῖνος	p-s---mg-	ἐκεῖνος	ἐκεῖνος	a-s---mg-	p-s---mg-	
1705	ἀλλά	b--------	ἀλλά	ἀλλά	c--------	b--------	
1706	μή	d--------	μή	μή	d--------	d--------	
1707	ὁ	l-p---ma-	ὁ	ὁ	l-p---ma-	l-p---ma-	
1708	ὁ	l-p---mg-	ὁ	ὁ	l-p---mg-	l-p---mg-	
1709	πολύς	a-p---mg-	πολύς	πολύς	a-p---fg-	a-p---mg-	
1710	.	u--------	.	.	u--------	u--------	
1711	δῆλος	a-p---nn-	δῆλος	δῆλος	a-p---nn-	a-p---nn-	
1712	δή	g--------	δή	δή	d--------	g--------	
1713	.	u--------	.	.	u--------	u--------	
1714	ταύτῃ	d--------	οὗτος	ταύτῃ	p-s---fd-	d--------	DISAGREE
1715	ἄρα	g--------	ἄρα	ἄρα	d--------	g--------	
1716	αὐτός	p-s---md-	αὐτός	αὐτός	p-s---md-	p-s---md-	
1717	πράσσω	a-s---nn-	πρακτέος	πράσσω	a-s---ma-	a-s---nn-	DISAGREE
1718	καί	b--------	καί	καί	d--------	b--------	
1719	γυμνάζω	a-s---nn-	γυμναστέος	γυμνάζω	a-s---ma-	a-s---nn-	DISAGREE
1720	καί	b--------	καί	καί	d--------	b--------	
1721	ἐσθίω	a-s---nn-	ἐδεστέον	ἐσθίω	a-s---ma-	a-s---nn-	DISAGREE
1722	γε	d--------	γε	γε	d--------	d--------	
1723	καί	b--------	καί	καί	c--------	b--------	
1724	πίνω	a-s---nn-	ποτέος	πίνω	a-s---ma-	a-s---nn-	DISAGREE
1725	,	u--------	,	,	u--------	u--------	
1726	ᾗ	d--------	ὅς	ᾗ	p-s---fd-	d--------	DISAGREE
1727	ἄν	g--------	ἄν	ἄν	d--------	g--------	
1728	ὁ	l-s---md-	ὁ	ὁ	l-s---md-	l-s---md-	
1729	εἷς	m-s---md-	εἷς	εἷς	a-s---md-	m-s---md-	
1730	δοκέω	v3spsa---	δοκέω	δοκέω	v3spsa---	v3spsa---	
1731	,	u--------	,	,	u--------	u--------	
1732	ὁ	l-s---md-	ὁ	ὁ	l-s---md-	l-s---md-	
1733	ἐπιστάτης	n-s---md-	ἐπιστάτης	ἐπιστάτης	n-s---md-	n-s---md-	
1734	καί	d--------	καί	καί	c--------	d--------	
1735	ἐπαΐω	v-sppamd-	ἐπαίω	ἐπαΐω	v-sppamd-	v-sppamd-	
1736	,	u--------	,	,	u--------	u--------	
1737	μάλα	d-------c	μᾶλλον	μάλα	d--------	d-------c	DISAGREE
1738	ἤ	c--------	ἤ1	ἤ	c--------	c--------	
1739	ᾗ	d--------	ὅς	ᾗ	p-s---fd-	d--------	DISAGREE
1740	σύμπας	a-p---md-	σύμπας	σύμπας	a-p---md-	a-p---md-	
1741	ὁ	l-p---md-	ὁ	ὁ	l-p---md-	l-p---md-	
1742	ἄλλος	p-p---md-	ἄλλος	ἄλλος	p-p---md-	p-p---md-	
1743	.	u--------	.	.	u--------	u--------	
1744	εἰμί	v3spia---	εἰμί	εἰμί	v3spia---	v3spia---	
1745	οὗτος	p-p---nn-	οὗτος	οὗτος	a-p---nn-	p-p---nn-	
1746	.	u--------	.	.	u--------	u--------	
1747	εἶεν	i--------	εἰμί	εἶεν	d--------	i--------	DISAGREE
1748	.	u--------	.	.	u--------	u--------	
1749	ἀπειθέω	v-sapamn-	ἀπειθέω	ἀπειθέω	v-sapamn-	v-sapamn-	
1750	δέ	b--------	δέ	δέ	d--------	b--------	
1751	ὁ	l-s---md-	ὁ	ὁ	l-s---md-	l-s---md-	
1752	εἷς	m-s---md-	εἷς	εἷς	a-s---nd-	m-s---md-	
1753	καί	b--------	καί	καί	c--------	b--------	
1754	ἀτιμάζω	v-sapamn-	ἀτιμάζω	ἀτιμάζω	v-sapamn-	v-sapamn-	
1755	αὐτός	p-s---mg-	αὐτός	αὐτός	p-s---mg-	p-s---mg-	
1756	ὁ	l-s---fa-	ὁ	ὁ	l-s---fa-	l-s---fa-	
1757	δόξα	n-s---fa-	δόξα	δόξα	n-s---fa-	n-s---fa-	
1758	καί	b--------	καί	καί	c--------	b--------	
1759	ὁ	l-p---ma-	ὁ	ὁ	l-p---ma-	l-p---ma-	
1760	ἔπαινος	n-p---ma-	ἔπαινος	ἔπαινος	n-p---ma-	n-p---ma-	
1761	,	u--------	,	,	u--------	u--------	
1762	τιμάω	v-sapamn-	τιμάω	τιμάω	v-sapamn-	v-sapamn-	
1763	δέ	b--------	δέ	δέ	c--------	b--------	
1764	ὁ	l-p---ma-	ὁ	ὁ	l-p---ma-	l-p---ma-	
1765	ὁ	l-p---mg-	ὁ	ὁ	l-p---mg-	l-p---mg-	
1766	πολύς	a-p---mg-	πολύς	πολύς	a-p---mg-	a-p---mg-	
1767	λόγος	n-p---ma-		λόγος		n-p---ma-	glaux_only
1768	καί	d--------		καί		d--------	glaux_only
1769	μηδείς	p-s---na-		μηδείς		p-s---na-	glaux_only
1770	ἐπαΐω	v-pppamg-		ἐπαΐω		v-pppamg-	glaux_only
1771	,	u--------		,		u--------	glaux_only
1772	ἆρα	g--------		ἆρα		g--------	glaux_only
1773	οὐδείς	p-s---na-		οὐδείς		p-s---na-	glaux_only
1774	κακός	a-s---na-		κακός		a-s---na-	glaux_only
1775	πάσχω	v3sfim---		πάσχω		v3sfim---	glaux_only
1776	;	u--------		;		u--------	glaux_only
1777	πῶς	d--------	πῶς	πῶς	d--------	d--------	
1778	γάρ	g--------	γάρ	γάρ	g--------	g--------	
1779	οὐ	d--------	οὐ	οὐ	d--------	d--------	
1780	;	u--------		;		u--------	glaux_only
1781	τίς	p-s---nn-	τίς	τίς	p-s---na-	p-s---nn-	
1782	δέ	b--------	δέ	δέ	d--------	b--------	
1783	εἰμί	v3spia---	εἰμί	εἰμί	v3spia---	v3spia---	
1784	ὁ	l-s---nn-	ὁ	ὁ	l-s---nn-	l-s---nn-	
1785	κακός	a-s---nn-	κακός	κακός	a-s---nn-	a-s---nn-	
1786	οὗτος	p-s---nn-	οὗτος	οὗτος	a-s---nn-	p-s---nn-	
1787	,	u--------	,	,	u--------	u--------	
1788	καί	b--------	καί	καί	d--------	b--------	
1789	ποῖ	d--------	ποῖ	ποῖ	d--------	d--------	
1790	τείνω	v3spia---	τείνω	τείνω	v3spia---	v3spia---	
1791	,	u--------	,	,	u--------	u--------	
1792	καί	b--------	καί	καί	c--------	b--------	
1793	εἰς	r--------	εἰς	εἰς	r--------	r--------	
1794	τίς	p-s---na-	τίς	τίς	p-s---na-	p-s---na-	
1795	ὁ	l-p---ng-	ὁ	ὁ	l-p---mg-	l-p---ng-	
1796	ὁ	l-s---mg-	ὁ	ὁ	l-s---ng-	l-s---mg-	
1797	ἀπειθέω	v-sppamg-	ἀπειθέω	ἀπειθέω	v-sppamg-	v-sppamg-	
1798	;	u--------		;		u--------	glaux_only
1799	δῆλος	a-s---nn-	δῆλος	δῆλος	a-s---nn-	a-s---nn-	
1800	ὅτι	c--------	ὅτι	ὅτι	c--------	c--------	
1801	εἰς	r--------	εἰς	εἰς	r--------	r--------	
1802	ὁ	l-s---na-	ὁ	ὁ	l-s---na-	l-s---na-	
1803	σῶμα	n-s---na-	σῶμα	σῶμα	n-s---na-	n-s---na-	
1804	·	u--------		·		u--------	glaux_only
1805	οὗτος	p-s---nn-	οὗτος	οὗτος	a-s---na-	p-s---nn-	
1806	γάρ	g--------	γάρ	γάρ	g--------	g--------	
1807	διόλλυμι	v3spia---	διόλλυμι	διόλλυμι	v3spia---	v3spia---	
1808	.	u--------	.	.	u--------	u--------	
1809	καλός	d--------	καλός	καλός	d--------	d--------	
1810	λέγω	v2spia---	λέγω	λέγω	v2spia---	v2spia---	
1811	.	u--------	.	.	u--------	u--------	
1812	οὐκοῦν	g--------	οὐκοῦν	οὐκοῦν	d--------	g--------	
1813	καί	d--------	καί	καί	d--------	d--------	
1814	ὁ	l-p---na-	ὁ		l-p---na-		oga_only
1815	ἄλλος	p-p---na-	ἄλλος		p-p---na-		oga_only
1816	,	u--------	,	,	u--------	u--------	
1817	ὦ	i--------	ὦ	ὦ	i--------	i--------	
1818	Κρίτων	n-s---mv-	κρίτων	Κρίτων	n-s---mv-	n-s---mv-	
1819	,	u--------	,	,	u--------	u--------	
1820	οὕτως	d--------	οὕτως	οὕτως	d--------	d--------	
1821	,	u--------	,	,	u--------	u--------	
1822	ἵνα	c--------	ἵνα	ἵνα	c--------	c--------	
1823	μή	d--------	μή	μή	d--------	d--------	
1824	πᾶς	a-p---na-	πᾶς	πᾶς	a-p---na-	a-p---na-	
1825	διέρχομαι	v1ppsa---	δίειμι	διέρχομαι	v1ppsa---	v1ppsa---	DISAGREE
1826	,	u--------	,	,	u--------	u--------	
1827	καί	d--------	καί	καί	d--------	d--------	
1828	δή	g--------	δή	δή	d--------	g--------	
1829	καί	d--------	καί	καί	d--------	d--------	
1830	περί	r--------	περί	περί	r--------	r--------	
1831	ὁ	l-p---ng-	ὁ	ὁ	l-p---mg-	l-p---ng-	
1832	δίκαιος	a-p---ng-	δίκαιος	δίκαιος	a-p---mg-	a-p---ng-	
1833	καί	b--------	καί	καί	d--------	b--------	
1834	ἄδικος	a-p---ng-	ἄδικος	ἄδικος	a-p---mg-	a-p---ng-	
1835	καί	b--------	καί	καί	d--------	b--------	
1836	αἰσχρός	a-p---ng-	αἰσχρός	αἰσχρός	a-p---mg-	a-p---ng-	
1837	καί	b--------	καί	καί	d--------	b--------	
1838	καλός	a-p---ng-	καλός	καλός	a-p---mg-	a-p---ng-	
1839	καί	b--------	καί	καί	d--------	b--------	
1840	ἀγαθός	a-p---ng-	ἀγαθός	ἀγαθός	a-p---fg-	a-p---ng-	
1841	καί	b--------	καί	καί	c--------	b--------	
1842	κακός	a-p---ng-	κακός	κακός	a-p---mg-	a-p---ng-	
1843	,	u--------	,	,	u--------	u--------	
1844	περί	r--------	περί	περί	r--------	r--------	
1845	ὅς	p-p---ng-	ὅς	ὅς	p-p---ng-	p-p---ng-	
1846	νῦν	d--------	νῦν	νῦν	d--------	d--------	
1847	ὁ	l-s---fn-	ὁ	ὁ	l-s---fn-	l-s---fn-	
1848	βουλή	n-s---fn-	βουλή	βουλή	n-s---fn-	n-s---fn-	
1849	ἐγώ	p1p---cd-	ἐγώ	ἐγώ	p-p---md-	p1p---cd-	
1850	εἰμί	v3spia---	εἰμί	εἰμί	v3spia---	v3spia---	
1851	,	u--------	,	,	u--------	u--------	
1852	πότερος	g--------	πότερον	πότερος	d--------	g--------	DISAGREE
1853	ὁ	l-s---fd-	ὁ	ὁ	l-s---fd-	l-s---fd-	
1854	ὁ	l-p---mg-	ὁ	ὁ	l-p---mg-	l-p---mg-	
1855	πολύς	a-p---mg-	πολύς	πολύς	a-p---fg-	a-p---mg-	
1856	δόξα	n-s---fd-	δόξα	δόξα	n-s---fd-	n-s---fd-	
1857	δέω	v3spia---	δεῖ	δέω	v3siia---	v3spia---	DISAGREE
1858	ἐγώ	p1p---ca-	ἐγώ	ἐγώ	p1p---ma-	p1p---ca-	
1859	ἕπομαι	v--pnm---	ἕπομαι	ἕπομαι	v--pne---	v--pnm---	
1860	καί	b--------	καί	καί	c--------	b--------	
1861	φοβέω	v--pnm---	φοβέω	φοβέω	v--pne---	v--pnm---	
1862	αὐτός	p-s---fa-	αὐτός	αὐτός	p-s---fa-	p-s---fa-	
1863	ἤ	b--------	ἤ1	ἤ	c--------	b--------	
1864	ὁ	l-s---fd-	ὁ	ὁ	l-s---fd-	l-s---fd-	
1865	ὁ	l-s---mg-	ὁ	ὁ	l-s---ng-	l-s---mg-	
1866	εἷς	m-s---mg-	εἷς	εἷς	a-s---mg-	m-s---mg-	
1867	,	u--------	,	,	u--------	u--------	
1868	εἰ	c--------	εἰ	εἰ	c--------	c--------	
1869	τις	p-s---cn-	τις	τις	p-s---mn-	p-s---cn-	
1870	εἰμί	v3spia---	εἰμί	εἰμί	v3spia---	v3spia---	
1871	ἐπαΐω	v-sppamn-	ἐπαίω	ἐπαΐω	v-sppamn-	v-sppamn-	
1872	,	u--------	,	,	u--------	u--------	
1873	ὅς	p-s---ma-	ὅς	ὅς	p-s---ma-	p-s---ma-	
1874	δέω	v3spia---	δεῖ	δέω	v3spia---	v3spia---	DISAGREE
1875	καί	b--------	καί	καί	d--------	b--------	
1876	αἰσχύνω	v--pnm---	αἰσχύνω	αἰσχύνω	v--pne---	v--pnm---	
1877	καί	b--------	καί	καί	c--------	b--------	
1878	φοβέω	v--pnm---	φοβέω	φοβέω	v--pne---	v--pnm---	
1879	μάλα	d-------c	μᾶλλον	μάλα	d--------	d-------c	DISAGREE
1880	ἤ	c--------	ἤ1	ἤ	c--------	c--------	
1881	σύμπας	a-p---ma-	σύμπας	σύμπας	a-p---ma-	a-p---ma-	
1882	ὁ	l-p---ma-	ὁ	ὁ	l-p---ma-	l-p---ma-	
1883	ἄλλος	p-p---ma-	ἄλλος	ἄλλος	p-p---ma-	p-p---ma-	
1884	;	u--------		;		u--------	glaux_only
1885	ὅς	p-s---md-	ὅς	ὅς	p-s---nd-	p-s---md-	
1886	εἰ	c--------	εἰ	εἰ	c--------	c--------	
1887	μή	d--------	μή	μή	d--------	d--------	
1888	ἀκολουθέω	v1pfia---	ἀκολουθέω	ἀκολουθέω	v1pasa---	v1pfia---	
1889	,	u--------	,	,	u--------	u--------	
1890	διαφθείρω	v1pfia---	διαφθείρω	διαφθείρω	v1pfia---	v1pfia---	
1891	ἐκεῖνος	p-s---na-	ἐκεῖνος	ἐκεῖνος	p-s---na-	p-s---na-	
1892	καί	b--------	καί	καί	c--------	b--------	
1893	λωβάομαι	v1pfim---	λωβάομαι	λωβάομαι	v1pase---	v1pfim---	
1894	,	u--------	,	,	u--------	u--------	
1895	ὅς	p-s---nn-	ὅς	ὅς	p-s---nn-	p-s---nn-	
1896	ὁ	l-s---nd-	ὁ	ὁ	l-s---md-	l-s---nd-	
1897	μέν	g--------	μέν	μέν	d--------	g--------	
1898	δίκαιος	a-s---nd-	δίκαιος	δίκαιος	a-s---md-	a-s---nd-	
1899	ἀγαθός	a-s---nnc	βελτίων	ἀγαθός	a-s---nnc	a-s---nnc	DISAGREE
1900	γίγνομαι	v3siim---	γίγνομαι	γίγνομαι	v3siie---	v3siim---	
1901	ὁ	l-s---nd-	ὁ	ὁ	l-s---md-	l-s---nd-	
1902	δέ	b--------	δέ	δέ	c--------	b--------	
1903	ἄδικος	a-s---nd-	ἄδικος	ἄδικος	a-s---md-	a-s---nd-	
1904	ἀπόλλυμι	v3siim---	ἀπόλλυμι	ἀπόλλυμι	v3siie---	v3siim---	
1905	.	u--------	.	.	u--------	u--------	
1906	ἤ	b--------	ἤ1	ἤ	d--------	b--------	
1907	οὐδείς	p-s---na-	οὐδείς	οὐδείς	p-s---nn-	p-s---na-	
1908	εἰμί	v3spia---	εἰμί	εἰμί	v3spia---	v3spia---	
1909	οὗτος	p-s---nn-	οὗτος	οὗτος	p-s---nn-	p-s---nn-	
1910	;	u--------	;	;	u--------	u--------	
1911	οἴομαι	v1spim---	οἴομαι	οἴομαι	v1spie---	v1spim---	
1912	ἐγώ	p1s---cn-	ἐγώ	ἐγώ	p1s---mn-	p1s---cn-	
1913	,	u--------	,	,	u--------	u--------	
1914	ὦ	i--------	ὦ	ὦ	i--------	i--------	
1915	Σωκράτης	n-s---mv-	σωκράτης	Σωκράτης	n-s---mv-	n-s---mv-	
1916	.	u--------	.	.	u--------	u--------	
1917	φέρω	v2spma---	φέρω	φέρω	v2spma---	v2spma---	
1918	δή	g--------	δή	δή	d--------	g--------	
1919	,	u--------	,	,	u--------	u--------	
1920	ἐάν	c--------	ἐάν	ἐάν	c--------	c--------	
1921	ὁ	l-s---na-	ὁ	ὁ	l-s---na-	l-s---na-	
1922	ὑπό	r--------	ὑπό	ὑπό	r--------	r--------	
1923	ὁ	l-s---ng-	ὁ	ὁ	l-s---ng-	l-s---ng-	
1924	ὑγιεινός	a-s---ng-	ὑγιεινός	ὑγιεινός	a-s---mg-	a-s---ng-	
1925	μέν	g--------	μέν	μέν	d--------	g--------	
1926	ἀγαθός	a-s---nac	βελτίων	ἀγαθός	a-s---nac	a-s---nac	DISAGREE
1927	γίγνομαι	v-sppmna-	γίγνομαι	γίγνομαι	v-sppena-	v-sppmna-	
1928	,	u--------	,	,	u--------	u--------	
1929	ὑπό	r--------	ὑπό	ὑπό	r--------	r--------	
1930	ὁ	l-s---ng-	ὁ	ὁ	l-s---mg-	l-s---ng-	
1931	νοσώδης	a-s---ng-	νοσώδης	νοσώδης	a-s---mg-	a-s---ng-	
1932	δέ	b--------	δέ	δέ	c--------	b--------	
1933	διαφθείρω	v-sppmna-	διαφθείρω	διαφθείρω	v-sppena-	v-sppmna-	
1934	διόλλυμι	v1pasa---	διόλλυμι	διόλλυμι	v1pasa---	v1pasa---	
1935	πείθω	v-pppmmn-	πείθω	πείθω	v-pppemn-	v-pppmmn-	
1936	μή	d--------	μή	μή	d--------	d--------	
1937	ὁ	l-s---fd-	ὁ	ὁ	l-s---fd-	l-s---fd-	
1938	ὁ	l-p---mg-	ὁ	ὁ	l-p---mg-	l-p---mg-	
1939	ἐπαΐω	v-pppamg-	ἐπαίω	ἐπαΐω	v-pppamg-	v-pppamg-	
1940	δόξα	n-s---fd-	δόξα	δόξα	n-s---fd-	n-s---fd-	
1941	,	u--------	,	,	u--------	u--------	
1942	ἆρα	g--------	ἆρα	ἆρα	d--------	g--------	
1943	βιωτός	a-s---nn-	βιωτός	βιωτός	a-s---ma-	a-s---nn-	
1944	ἐγώ	p1p---cd-	ἐγώ	ἐγώ	p-p---md-	p1p---cd-	
1945	εἰμί	v3spia---	εἰμί	εἰμί	v3spia---	v3spia---	
1946	διαφθείρω	v-srpmng-	διαφθείρω	διαφθείρω	v-srpemg-	v-srpmng-	
1947	αὐτός	p-s---ng-	αὐτός	αὐτός	p-s---mg-	p-s---ng-	
1948	;	u--------	;	;	u--------	u--------	
1949	εἰμί	v3spia---	εἰμί	εἰμί	v3spia---	v3spia---	
1950	δέ	b--------	δέ	δέ	d--------	b--------	
1951	που	g--------	πού	που	d--------	g--------	
1952	οὗτος	p-s---nn-	οὗτος	οὗτος	p-s---nn-	p-s---nn-	
1953	σῶμα	n-s---nn-	σῶμα	σῶμα	n-s---nn-	n-s---nn-	
1954	·	u--------	·	·	u--------	u--------	
1955	ἤ	b--------	ἤ1	ἤ	d--------	b--------	
1956	οὐ	d--------	οὐ	οὐ	d--------	d--------	
1957	;	u--------		;		u--------	glaux_only
1958	ναί	i--------	ναί	ναί	d--------	i--------	
1959	.	u--------	.	.	u--------	u--------	
1960	ἆρα	g--------	ἆρα	ἆρα	d--------	g--------	
1961	οὖν	g--------	οὖν	οὖν	d--------	g--------	
1962	βιωτός	a-s---nn-	βιωτός	βιωτός	a-s---ma-	a-s---nn-	
1963	ἐγώ	p1p---cd-	ἐγώ	ἐγώ	p-p---md-	p1p---cd-	
1964	εἰμί	v3spia---	εἰμί	εἰμί	v3spia---	v3spia---	
1965	μετά	r--------	μετά	μετά	r--------	r--------	
1966	μοχθηρός	a-s---ng-	μοχθηρός	μοχθηρός	a-s---ng-	a-s---ng-	
1967	καί	b--------	καί	καί	c--------	b--------	
1968	διαφθείρω	v-srpmng-	διαφθείρω	διαφθείρω	v-srpemg-	v-srpmng-	
1969	σῶμα	n-s---ng-	σῶμα	σῶμα	n-s---ng-	n-s---ng-	
1970	;	u--------	;	;	u--------	u--------	
1971	οὐδαμῶς	d--------	οὐδαμῶς	οὐδαμῶς	d--------	d--------	
1972	.	u--------	.	.	u--------	u--------	
1973	ἀλλά	b--------	ἀλλά	ἀλλά	d--------	b--------	
1974	μετά	r--------	μετά	μετά	r--------	r--------	
1975	ἐκεῖνος	p-s---ng-	ἐκεῖνος	ἐκεῖνος	p-s---ng-	p-s---ng-	
1976	ἄρα	g--------	ἄρα	ἄρα	d--------	g--------	
1977	ἐγώ	p1p---cd-	ἐγώ	ἐγώ	p-p---md-	p1p---cd-	
1978	βιωτός	a-s---nn-	βιωτός	βιωτός	a-s---ma-	a-s---nn-	
1979	διαφθείρω	v-srpmng-	διαφθείρω	διαφθείρω	v-srpeng-	v-srpmng-	
1980	,	u--------	,	,	u--------	u--------	
1981	ὅς	p-s---nd-	ὅς	ὅς	p-s---nd-	p-s---nd-	
1982	ὁ	l-s---nn-	ὁ	ὁ	l-s---nn-	l-s---nn-	
1983	ἄδικος	a-s---nn-	ἄδικος	ἄδικος	a-s---nn-	a-s---nn-	
1984	μέν	g--------	μέν	μέν	d--------	g--------	
1985	λωβάομαι	v3spim---	λωβάομαι	λωβάομαι	v3spie---	v3spim---	
1986	,	u--------	,	,	u--------	u--------	
1987	ὁ	l-s---nn-	ὁ	ὁ	l-s---nn-	l-s---nn-	
1988	δέ	b--------	δέ	δέ	c--------	b--------	
1989	δίκαιος	a-s---nn-	δίκαιος	δίκαιος	a-s---nn-	a-s---nn-	
1990	ὀνίνημι	v3spia---	ὀνίνημι	ὀνίνημι	v3spia---	v3spia---	
1991	;	u--------		;		u--------	glaux_only
1992	ἤ	b--------	ἤ1	ἤ	d--------	b--------	
1993	φαῦλος	a-s---nac	φαῦλος	φαῦλος	a-s---nac	a-s---nac	
1994	ἡγέομαι	v1ppim---	ἡγέομαι	ἡγέομαι	v1ppim---	v1ppim---	
1995	εἰμί	v--pna---	εἰμί	εἰμί	v--pna---	v--pna---	
1996	ὁ	l-s---ng-	ὁ	ὁ	l-s---ng-	l-s---ng-	
1997	σῶμα	n-s---ng-	σῶμα	σῶμα	n-s---ng-	n-s---ng-	
1998	ἐκεῖνος	p-s---na-	ἐκεῖνος	ἐκεῖνος	p-s---na-	p-s---na-	
1999	,	u--------	,	,	u--------	u--------	
2000	ὅστις	p-s---nn-	ὅτι	ὅστις	p-s---nn-	p-s---nn-	DISAGREE
2001	ποτέ	d--------	ποτέ	ποτέ	d--------	d--------	
2002	εἰμί	v3spia---	εἰμί	εἰμί	v3spia---	v3spia---	
2003	ὁ	l-p---ng-	ὁ	ὁ	l-p---mg-	l-p---ng-	
2004	ἡμέτερος	a-p---ng-	ἡμέτερος	ἡμέτερος	a-p---ng-	a-p---ng-	
2005	,	u--------	,	,	u--------	u--------	
2006	περί	r--------	περί	περί	r--------	r--------	
2007	ὅς	p-s---na-	ὅς	ὅς	p-s---na-	p-s---na-	
2008	ὁ	l-s---fn-	ὅς	ὁ	l-s---fn-	l-s---fn-	DISAGREE
2009	τε	b--------	τε	τε	d--------	b--------	
2010	ἀδικία	n-s---fn-	ἀδικία	ἀδικία	n-d---fn-	n-s---fn-	
2011	καί	b--------	καί	καί	c--------	b--------	
2012	ὁ	l-s---fn-	ὁ	ὁ	l-s---fn-	l-s---fn-	
2013	δικαιοσύνη	n-s---fn-	δικαιοσύνη	δικαιοσύνη	n-s---fn-	n-s---fn-	
2014	εἰμί	v3spia---	εἰμί	εἰμί	v3spia---	v3spia---	
2015	;	u--------	;	;	u--------	u--------	
2016	οὐδαμῶς	d--------	οὐδαμῶς	οὐδαμῶς	d--------	d--------	
2017	.	u--------	.	.	u--------	u--------	
2018	ἀλλά	b--------	ἀλλά	ἀλλά	d--------	b--------	
2019	τίμιος	a-s---nnc	τίμιος	τίμιος	a-s---nnc	a-s---nnc	
2020	;	u--------		;		u--------	glaux_only
2021	πολύς	d--------	πολύς	πολύς	a-s---na-	d--------	
2022	γε	d--------	γε	γε	g--------	d--------	
2023	.	u--------	.	.	u--------	u--------	
2024	οὐ	d--------	οὐ	οὐ	d--------	d--------	
2025	ἄρα	g--------	ἄρα	ἄρα	d--------	g--------	
2026	,	u--------	,	,	u--------	u--------	
2027	ὦ	i--------	ὦ	ὦ	i--------	i--------	
2028	ἀγαθός	a-s---mvs	βέλτιστος	ἀγαθός	a-s---mv-	a-s---mvs	DISAGREE
2029	,	u--------	,	,	u--------	u--------	
2030	πάνυ	d--------	πάνυ	πάνυ	d--------	d--------	
2031	ἐγώ	p1p---cd-	ἐγώ	ἐγώ	p1p---md-	p1p---cd-	
2032	οὕτως	d--------	οὕτως	οὕτως	d--------	d--------	
2033	φροντίζω	a-s---nn-	φροντιστέον	φροντίζω	a-s---nn-	a-s---nn-	DISAGREE
2034	τίς	p-s---na-	τίς	τίς	p-s---na-	p-s---na-	
2035	λέγω	v3pfia---	λέγω	λέγω	v3ppia---	v3pfia---	
2036	ὁ	l-p---mn-	ὁ	ὁ	l-p---mn-	l-p---mn-	
2037	πολύς	a-p---mn-	πολύς	πολύς	a-p---mn-	a-p---mn-	
2038	ἐγώ	p1p---ca-	ἐγώ	ἐγώ	p1p---ma-	p1p---ca-	
2039	,	u--------	,	,	u--------	u--------	
2040	ἀλλά	b--------	ἀλλά	ἀλλά	c--------	b--------	
2041	ὅστις	p-s---na-	ὅτι	ὅστις	p-s---na-	p-s---na-	DISAGREE
2042	ὁ	l-s---mn-	ὁ	ὁ	l-s---mn-	l-s---mn-	
2043	ἐπαΐω	v-sppamn-	ἐπαίω	ἐπαΐω	v-sppamn-	v-sppamn-	
2044	περί	r--------	περί	περί	r--------	r--------	
2045	ὁ	l-p---ng-	ὁ	ὁ	l-p---mg-	l-p---ng-	
2046	δίκαιος	a-p---ng-	δίκαιος	δίκαιος	a-p---mg-	a-p---ng-	
2047	καί	b--------	καί	καί	c--------	b--------	
2048	ἄδικος	a-p---ng-	ἄδικος	ἄδικος	a-p---mg-	a-p---ng-	
2049	,	u--------	,	,	u--------	u--------	
2050	ὁ	l-s---mn-	ὁ	ὁ	l-s---mn-	l-s---mn-	
2051	εἷς	m-s---mn-	εἷς	εἷς	n-s---mn-	m-s---mn-	
2052	καί	b--------	καί	καί	c--------	b--------	
2053	αὐτός	p-s---fn-	αὐτός	αὐτός	a-s---fn-	p-s---fn-	
2054	ὁ	l-s---fn-	ὁ	ὁ	l-s---fn-	l-s---fn-	
2055	ἀλήθεια	n-s---fn-	ἀλήθεια	ἀλήθεια	n-s---fn-	n-s---fn-	
2056	.	u--------	.	.	u--------	u--------	
2057	ὥστε	c--------	ὥστε	ὥστε	d--------	c--------	
2058	πρότερος	d-------c	πρῶτος	πρότερος	a-s---na-	d-------c	DISAGREE
2059	μέν	g--------	μέν	μέν	d--------	g--------	
2060	ταύτῃ	d--------	οὗτος	ταύτῃ	p-s---fd-	d--------	DISAGREE
2061	οὐ	d--------	οὐ	οὐ	d--------	d--------	
2062	ὀρθός	d--------	ὀρθός	ὀρθός	d--------	d--------	
2063	εἰσηγέομαι	v2spim---	εἰσηγέομαι	εἰσηγέομαι	v2spie---	v2spim---	
2064	,	u--------	,	,	u--------	u--------	
2065	εἰσηγέομαι	v-sppmmn-	εἰσηγέομαι	εἰσηγέομαι	v-sppemn-	v-sppmmn-	
2066	ὁ	l-s---fg-	ὁ	ὁ	l-s---fg-	l-s---fg-	
2067	ὁ	l-p---mg-	ὁ	ὁ	l-p---mg-	l-p---mg-	
2068	πολύς	a-p---mg-	πολύς	πολύς	a-p---fg-	a-p---mg-	
2069	δόξα	n-s---fg-	δόξα	δόξα	n-s---fg-	n-s---fg-	
2070	δέω	v--pna---	δεῖ	δέω	v--pna---	v--pna---	DISAGREE
2071	ἐγώ	p1p---ca-	ἐγώ	ἐγώ	p1p---ma-	p1p---ca-	
2072	φροντίζω	v--pna---	φροντίζω	φροντίζω	v--pna---	v--pna---	
2073	περί	r--------	περί	περί	r--------	r--------	
2074	ὁ	l-p---ng-	ὁ	ὁ	l-p---mg-	l-p---ng-	
2075	δίκαιος	a-p---ng-	δίκαιος	δίκαιος	a-p---mg-	a-p---ng-	
2076	καί	b--------	καί	καί	d--------	b--------	
2077	καλός	a-p---ng-	καλός	καλός	a-p---fg-	a-p---ng-	
2078	καί	b--------	καί	καί	d--------	b--------	
2079	ἀγαθός	a-p---ng-	ἀγαθός	ἀγαθός	a-p---fg-	a-p---ng-	
2080	καί	b--------	καί	καί	c--------	b--------	
2081	ὁ	l-p---ng-	ὁ	ὁ	l-p---mg-	l-p---ng-	
2082	ἐναντίος	a-p---ng-	ἐναντίος	ἐναντίος	a-p---fg-	a-p---ng-	
2083	.	u--------	.	.	u--------	u--------	
2084	ἀλλά	b--------	ἀλλά	ἀλλά	d--------	b--------	
2085	μέν	g--------	μέν	μέν	d--------	g--------	
2086	δή	g--------	δή	δή	d--------	g--------	
2087	,	u--------	,	,	u--------	u--------	
2088	φημί	v3spoa---	φημί	φημί	v3spoa---	v3spoa---	
2089	γε	d--------	γε	γε	d--------	d--------	
2090	ἄν	g--------	ἄν	ἄν	d--------	g--------	
2091	τις	p-s---cn-	τις	τις	p-s---mn-	p-s---cn-	
2092	,	u--------	,	,	u--------	u--------	
2093	οἷος	p-p---mn-	οἷος	οἷος	a-p---mn-	p-p---mn-	
2094	τε	d--------	τε	τε	d--------	d--------	
2095	εἰμί	v3ppia---	εἰμί	εἰμί	v3ppia---	v3ppia---	
2096	ἐγώ	p1p---ca-	ἐγώ	ἐγώ	p1p---ma-	p1p---ca-	
2097	ὁ	l-p---mn-	ὁ	ὁ	l-p---mn-	l-p---mn-	
2098	πολύς	a-p---mn-	πολύς	πολύς	a-p---mn-	a-p---mn-	
2099	ἀποκτείνω	v--pna---	ἀποκτείνω	ἀποκτείνω	v--pna---	v--pna---	
2100	.	u--------	.	.	u--------	u--------	
2101	δῆλος	a-p---nn-	δῆλος	δῆλος	a-p---nn-	a-p---nn-	
2102	δή	g--------	δή	δή	d--------	g--------	
2103	καί	d--------	καί	καί	d--------	d--------	
2104	οὗτος	p-p---nn-	οὗτος	οὗτος	p-p---nn-	p-p---nn-	
2105	·	u--------		·		u--------	glaux_only
2106	φημί	v3spoa---	φημί	φημί	v3spoa---	v3spoa---	
2107	γάρ	g--------	γάρ	γάρ	d--------	g--------	
2108	ἄν	g--------	ἄν	ἄν	d--------	g--------	
2109	,	u--------	,	,	u--------	u--------	
2110	ὦ	i--------	ὦ	ὦ	i--------	i--------	
2111	Σωκράτης	n-s---mv-	σωκράτης	Σωκράτης	n-s---mv-	n-s---mv-	
2112	.	u--------	.	.	u--------	u--------	
2113	ἀληθής	a-p---na-	ἀληθής	ἀληθής	a-p---na-	a-p---na-	
2114	λέγω	v2spia---	λέγω	λέγω	v2spia---	v2spia---	
2115	.	u--------	.	.	u--------	u--------	
2116	ἀλλά	b--------	ἀλλά	ἀλλά	d--------	b--------	
2117	,	u--------	,	,	u--------	u--------	
2118	ὦ	i--------	ὦ	ὦ	i--------	i--------	
2119	θαυμάσιος	a-s---mv-	θαυμάσιος	θαυμάσιος	a-s---mv-	a-s---mv-	
2120	,	u--------	,	,	u--------	u--------	
2121	οὗτος	p-s---mn-	οὗτος	οὗτος	a-s---mn-	p-s---mn-	
2122	τε	b--------	τε	τε	d--------	b--------	
2123	ὁ	l-s---mn-	ὁ	ὁ	l-s---mn-	l-s---mn-	
2124	λόγος	n-s---mn-	λόγος	λόγος	n-s---mn-	n-s---mn-	
2125	ὅς	p-s---ma-	ὅς	ὅς	p-s---ma-	p-s---ma-	
2126	διέρχομαι	v1pria---	διέρχομαι	διέρχομαι	v1pria---	v1pria---	
2127	ἐγώ	p1s---cd-	ἐγώ	ἐγώ	p1s---md-	p1s---cd-	
2128	δοκέω	v3spia---	δοκέω	δοκέω	v3spia---	v3spia---	
2129	ἔτι	d--------	ἔτι	ἔτι	d--------	d--------	
2130	ὅμοιος	a-s---mn-	ὅμοιος	ὅμοιος	a-s---mn-	a-s---mn-	
2131	εἰμί	v--pna---	εἰμί	εἰμί	v--pna---	v--pna---	
2132	καί	c--------	καί	καί	d--------	c--------	
2133	πρότερος	d-------c	πρότερος	πρότερος	a-s---na-	d-------c	
2134	·	u--------	·	·	u--------	u--------	
2135	καί	b--------	καί	καί	d--------	b--------	
2136	ὅδε	p-s---ma-	ὅδε	ὅδε	p-s---na-	p-s---ma-	
2137	δέ	b--------	δέ	δέ	d--------	b--------	
2138	αὖ	d--------	αὖ	αὖ	d--------	d--------	
2139	σκοπέω	v2spma---	σκοπέω	σκοπέω	v2spma---	v2spma---	
2140	εἰ	c--------	εἰ	εἰ	c--------	c--------	
2141	ἔτι	d--------	ἔτι	ἔτι	d--------	d--------	
2142	μένω	v3spia---	μένω	μένω	v3spia---	v3spia---	
2143	ἐγώ	p1p---cd-	ἐγώ	ἐγώ	p-p---md-	p1p---cd-	
2144	ἤ	b--------	ἤ1	ἤ	c--------	b--------	
2145	οὐ	d--------	οὐ	οὐ	d--------	d--------	
2146	,	u--------	,	,	u--------	u--------	
2147	ὅτι	c--------	ὅτι	ὅτι	c--------	c--------	
2148	οὐ	d--------	οὐ	οὐ	d--------	d--------	
2149	ὁ	l-s---na-	ὁ	ὁ	l-s---nn-	l-s---na-	
2150	ζάω	v--pna---	ζάω	ζάω	v--pna---	v--pna---	
2151	περί	r--------	περί	περί	r--------	r--------	
2152	πολύς	a-s---ngs	πολύς	πολύς	a-s---mg-	a-s---ngs	
2153	ποιέω	a-s---nn-	ποιητέος	ποιέω	a-s---nn-	a-s---nn-	DISAGREE
2154	ἀλλά	b--------	ἀλλά	ἀλλά	c--------	b--------	
2155	ὁ	l-s---na-	ὁ	ὁ	l-s---nn-	l-s---na-	
2156	εὖ	d--------	εὖ	εὖ	d--------	d--------	
2157	ζάω	v--pna---	ζάω	ζάω	v--pna---	v--pna---	
2158	.	u--------	.	.	u--------	u--------	
2159	ἀλλά	b--------	ἀλλά	ἀλλά	d--------	b--------	
2160	μένω	v3spia---	μένω	μένω	v3spia---	v3spia---	
2161	.	u--------	.	.	u--------	u--------	
2162	ὁ	l-s---nn-	ὁ	ὁ	l-s---nn-	l-s---nn-	
2163	δέ	b--------	δέ	δέ	d--------	b--------	
2164	εὖ	d--------	εὖ	εὖ	d--------	d--------	
2165	καί	b--------	καί	καί	d--------	b--------	
2166	καλός	d--------	καλός	καλός	d--------	d--------	
2167	καί	b--------	καί	καί	c--------	b--------	
2168	δίκαιος	d--------	δίκαιος	δίκαιος	d--------	d--------	
2169	ὅτι	c--------	ὅτι	ὅτι	c--------	c--------	
2170	ὁ	l-s---nn-	ὁ		l-s---nn-		oga_only
2171	αὐτός	p-s---nn-	αὐτός		p-s---nn-		oga_only
2172	εἰμί	v3spia---	εἰμί	εἰμί	v3spia---	v3spia---	
2173	,	u--------	,	,	u--------	u--------	
2174	μένω	v3spia---	μένω	μένω	v3spia---	v3spia---	
2175	ἤ	b--------	ἤ1	ἤ	c--------	b--------	
2176	οὐ	d--------	οὐ	οὐ	d--------	d--------	
2177	μένω	v3spia---	μένω	μένω	v3spia---	v3spia---	
2178	;	u--------	;	;	u--------	u--------	
2179	μένω	v3spia---	μένω	μένω	v3spia---	v3spia---	
2180	.	u--------	.	.	u--------	u--------	
2181	οὐκοῦν	g--------	οὐκοῦν	οὐκοῦν	d--------	g--------	
2182	ἐκ	r--------	ἐκ	ἐκ	r--------	r--------	
2183	ὁ	l-p---ng-	ὁ	ὁ	l-p---ng-	l-p---ng-	
2184	ὁμολογέω	v-pppmng-	ὁμολογέω	ὁμολογέω	v-pppeng-	v-pppmng-	
2185	οὗτος	p-s---na-	οὗτος	οὗτος	p-s---na-	p-s---na-	
2186	σκοπέω	a-s---nn-	σκεπτέος	σκοπέω	a-s---ma-	a-s---nn-	DISAGREE
2187	,	u--------	,	,	u--------	u--------	
2188	πότερος	g--------	πότερον	πότερος	d--------	g--------	DISAGREE
2189	δίκαιος	a-s---na-	δίκαιος	δίκαιος	a-s---nn-	a-s---na-	
2190	ἐγώ	p1s---ca-	ἐγώ	ἐγώ	p1s---ma-	p1s---ca-	
2191	ἐνθένδε	d--------	ἐνθένδε	ἐνθένδε	d--------	d--------	
2192	πειράω	v--pnm---	πειράω	πειράω	v--pne---	v--pnm---	
2193	ἐξέρχομαι	v--pna---	ἐξίημι	ἐξέρχομαι	v--pna---	v--pna---	DISAGREE
2194	μή	d--------	μή	μή	d--------	d--------	
2195	ἀφίημι	v-pppamg-	ἀφίημι	ἀφίημι	v-pppamg-	v-pppamg-	
2196	Ἀθηναῖος	a-p---mg-	ἀθήναιος	Ἀθηναῖος	n-p---mg-	a-p---mg-	
2197	ἤ	b--------	ἤ1	ἤ	c--------	b--------	
2198	οὐ	d--------	οὐ	οὐ	d--------	d--------	
2199	δίκαιος	a-s---na-	δίκαιος	δίκαιος	a-s---nn-	a-s---na-	
2200	·	u--------		·		u--------	glaux_only
2201	καί	b--------	καί	καί	d--------	b--------	
2202	ἐάν	c--------	ἐάν	ἐάν	c--------	c--------	
2203	μέν	g--------	μέν	μέν	d--------	g--------	
2204	φαίνω	v3spsm---	φαίνω	φαίνω	v3spse---	v3spsm---	
2205	δίκαιος	a-s---nn-	δίκαιος	δίκαιος	a-s---nn-	a-s---nn-	
2206	,	u--------	,	,	u--------	u--------	
2207	πειράω	v1ppsm---	πειράω	πειράω	v1ppse---	v1ppsm---	
2208	,	u--------	,	,	u--------	u--------	
2209	εἰ	c--------	εἰ	εἰ	c--------	c--------	
2210	δέ	b--------	δέ	δέ	c--------	b--------	
2211	μή	d--------	μή	μή	d--------	d--------	
2212	,	u--------	,	,	u--------	u--------	
2213	ἐάω	v1ppsa---	ἐάω	ἐάω	v1ppsa---	v1ppsa---	
2214	.	u--------	.	.	u--------	u--------	
2215	ὅς	p-p---fa-	ὅς	ὅς	a-p---fa-	p-p---fa-	
2216	δέ	b--------	δέ	δέ	d--------	b--------	
2217	σύ	p2s---cn-	σύ	σύ	p-s---mn-	p2s---cn-	
2218	λέγω	v2spia---	λέγω	λέγω	v2spia---	v2spia---	
2219	ὁ	l-p---fa-	ὁ	ὁ	l-p---fa-	l-p---fa-	
2220	σκέψις	n-p---fa-	σκέψις	σκέψις	n-p---fa-	n-p---fa-	
2221	περί	r--------	περί	περί	r--------	r--------	
2222	τε	b--------	τε	τε	d--------	b--------	
2223	ἀνάλωσις	n-s---fg-	ἀνάλωσις	ἀνάλωσις	n-s---fg-	n-s---fg-	
2224	χρῆμα	n-p---ng-	χρῆμα	χρῆμα	n-p---ng-	n-p---ng-	
2225	καί	b--------	καί	καί	d--------	b--------	
2226	δόξα	n-s---fg-	δόξα	δόξα	n-s---fg-	n-s---fg-	
2227	καί	b--------	καί	καί	c--------	b--------	
2228	παῖς	n-p---cg-	παῖς	παῖς	n-p---mg-	n-p---cg-	
2229	τροφή	n-s---fg-	τροφή	τροφή	n-s---fg-	n-s---fg-	
2230	,	u--------	,	,	u--------	u--------	
2231	μή	c--------	μή	μή	d--------	c--------	
2232	ὡς	d--------	ὡς	ὡς	d--------	d--------	
2233	ἀληθής	d--------	ἀληθής	ἀληθής	d--------	d--------	
2234	οὗτος	p-p---nn-	οὗτος	οὗτος	p-p---nn-	p-p---nn-	
2235	,	u--------	,	,	u--------	u--------	
2236	ὦ	i--------	ὦ	ὦ	i--------	i--------	
2237	Κρίτων	n-s---mv-	κρίτων	Κρίτων	n-s---mv-	n-s---mv-	
2238	,	u--------	,	,	u--------	u--------	
2239	σκέμμα	n-p---nn-	σκέμμα	σκέμμα	n-p---nn-	n-p---nn-	
2240	εἰμί	v3spsa---	εἰμί	εἰμί	v3spsa---	v3spsa---	
2241	ὁ	l-p---mg-	ὁ	ὁ	l-p---mg-	l-p---mg-	
2242	ῥᾴδιος	d--------	ῥᾴδιος	ῥᾴδιος	d--------	d--------	
2243	ἀποκτείνω	v-pppamg-	ἀποκτείνω	ἀποκτείνω	v-pppamg-	v-pppamg-	
2244	καί	b--------	καί	καί	c--------	b--------	
2245	ἀναβιώσκομαι	v-pppmmg-	ἀναβιώσκομαι	ἀναβιώσκομαι	v-pppmmg-	v-pppmmg-	
2246	γε	d--------	γε	γε	d--------	d--------	
2247	ἄν	g--------	ἄν	ἄν	d--------	g--------	
2248	,	u--------	,	,	u--------	u--------	
2249	εἰ	c--------	εἰ	εἰ	c--------	c--------	
2250	οἷος	p-p---mn-	οἷος	οἷος	a-p---mn-	p-p---mn-	
2251	τε	c--------	τε	τε	d--------	c--------	
2252	εἰμί	v3piia---	εἰμί	εἰμί	v3piia---	v3piia---	
2253	,	u--------	,	,	u--------	u--------	
2254	οὐδείς	p-s---md-	οὐδείς	οὐδείς	a-s---md-	p-s---md-	
2255	σύν	r--------	σύν	σύν	r--------	r--------	
2256	νόος	n-s---md-	νόος	νόος	n-s---md-	n-s---md-	
2257	,	u--------	,	,	u--------	u--------	
2258	οὗτος	p-p---mg-	οὗτος	οὗτος	a-p---mg-	p-p---mg-	
2259	ὁ	l-p---mg-	ὁ	ὁ	l-p---mg-	l-p---mg-	
2260	πολύς	a-p---mg-	πολύς	πολύς	a-p---mg-	a-p---mg-	
2261	.	u--------	.	.	u--------	u--------	
2262	ἐγώ	p1p---cd-	ἐγώ	ἐγώ	p1p---md-	p1p---cd-	
2263	δέ	b--------	δέ	δέ	d--------	b--------	
2264	,	u--------	,	,	u--------	u--------	
2265	ἐπειδή	c--------	ἐπεί	ἐπειδή	c--------	c--------	DISAGREE
2266	ὁ	l-s---mn-	ὁ	ὁ	l-s---mn-	l-s---mn-	
2267	λόγος	n-s---mn-	λόγος	λόγος	n-s---mn-	n-s---mn-	
2268	οὕτως	d--------	οὕτως	οὕτως	d--------	d--------	
2269	αἱρέω	v3spia---	αἱρέω	αἱρέω	v3spia---	v3spia---	
2270	,	u--------	,	,	u--------	u--------	
2271	μή	c--------	μή	μή	d--------	c--------	
2272	οὐδείς	p-s---nn-	οὐδείς	οὐδείς	p-s---na-	p-s---nn-	
2273	ἄλλος	p-s---nn-	ἄλλος	ἄλλος	a-s---na-	p-s---nn-	
2274	σκοπέω	a-s---nn-	σκεπτέος	σκοπέω	a-s---nn-	a-s---nn-	DISAGREE
2275	εἰμί	v3spsa---	εἰμί	εἰμί	v3spsa---	v3spsa---	
2276	ἤ	c--------	ἤ1	ἤ	c--------	c--------	
2277	ὅς	p-s---na-	ὅσπερ	ὅς	p-s---na-	p-s---na-	DISAGREE
2278	νυνδί	d--------	νυνδί	νυνδί	d--------	d--------	
2279	λέγω	v1piia---	λέγω3	λέγω	v1piia---	v1piia---	
2280	,	u--------	,	,	u--------	u--------	
2281	πότερος	g--------	πότερον	πότερος	a-s---na-	g--------	DISAGREE
2282	δίκαιος	a-p---na-	δίκαιος	δίκαιος	a-p---na-	a-p---na-	
2283	πράσσω	v1pfia---	πράσσω	πράσσω	v1pfia---	v1pfia---	
2284	καί	b--------	καί	καί	d--------	b--------	
2285	χρῆμα	n-p---na-	χρῆμα	χρῆμα	n-p---na-	n-p---na-	
2286	τελέω	v-pppamn-	τελέω	τελέω	v-pfpamn-	v-pppamn-	
2287	οὗτος	p-p---md-	οὗτος	οὗτος	p-p---md-	p-p---md-	
2288	ὁ	l-p---md-	ὁ	ὁ	l-p---md-	l-p---md-	
2289	ἐγώ	p1s---ca-	ἐγώ	ἐγώ	p1s---ma-	p1s---ca-	
2290	ἐνθένδε	d--------	ἐνθένδε	ἐνθένδε	d--------	d--------	
2291	ἐξάγνυμι	v-pfpamd-	ἐξάγω	ἐξάγνυμι	v-pfpamd-	v-pfpamd-	DISAGREE
2292	καί	b--------	καί	καί	c--------	b--------	
2293	χάρις	n-p---fa-	χάρις	χάρις	n-p---fa-	n-p---fa-	
2294	,	u--------	,	,	u--------	u--------	
2295	καί	b--------	καί	καί	d--------	b--------	
2296	αὐτός	p-p---mn-	αὐτός	αὐτός	a-p---mn-	p-p---mn-	
2297	ἐξάγω	v-pppamn-	ἐξάγω	ἐξάγω	v-pppamn-	v-pppamn-	
2298	τε	b--------	τε	τε	d--------	b--------	
2299	καί	b--------	καί	καί	c--------	b--------	
2300	ἐξάγω	v-pppmmn-	ἐξάγω	ἐξάγω	v-pppemn-	v-pppmmn-	
2301	,	u--------	,	,	u--------	u--------	
2302	ἤ	b--------	ἤ1	ἤ	c--------	b--------	
2303	ὁ	l-s---fd-	ὁ	ὁ	l-s---fd-	l-s---fd-	
2304	ἀλήθεια	n-s---fd-	ἀλήθεια	ἀλήθεια	n-s---fd-	n-s---fd-	
2305	ἀδικέω	v1pfia---	ἀδικέω	ἀδικέω	v1pfia---	v1pfia---	
2306	πᾶς	a-p---na-	πᾶς	πᾶς	a-p---na-	a-p---na-	
2307	οὗτος	p-p---na-	οὗτος	οὗτος	p-p---na-	p-p---na-	
2308	ποιέω	v-pppamn-	ποιέω	ποιέω	v-pppamn-	v-pppamn-	
2309	·	u--------		·		u--------	glaux_only
2310							unmatched
2311	ἄν	c--------	ἄν		c--------		oga_only
2312	φαίνω	v1ppsm---	φαίνω	φαίνω	v1ppse---	v1ppsm---	
2313	ἄδικος	a-p---na-	ἄδικος	ἄδικος	a-p---na-	a-p---na-	
2314	αὐτός	p-p---na-	αὐτός	αὐτός	a-p---na-	p-p---na-	
2315	ἐργάζομαι	v-pppmmn-	ἐργάζομαι	ἐργάζομαι	v-pppemn-	v-pppmmn-	
2316	,	u--------	,	,	u--------	u--------	
2317	μή	c--------	μή	μή	d--------	c--------	
2318	οὐ	d--------	οὐ	οὐ	d--------	d--------	
2319	δέω	v3spsa---	δέω	δέω	v2spse---	v3spsa---	
2320	ὑπολογίζομαι	v--pnm---	ὑπολογίζομαι	ὑπολογίζομαι	v--pne---	v--pnm---	
2321							unmatched
2322	εἰ	c--------	εἰ	εἰ	c--------	c--------	
2323	ἀποθνῄσκω	v--pna---	ἀποθνήσκω	ἀποθνῄσκω	v--pna---	v--pna---	
2324	δέω	v3spia---	δεῖ	δέω	v3spia---	v3spia---	DISAGREE
2325	παραμένω	v-pppama-	παραμένω	παραμένω	v-pppama-	v-pppama-	
2326	καί	b--------	καί	καί	c--------	b--------	
2327	ἡσυχία	n-s---fa-	ἡσυχία	ἡσυχία	n-s---fa-	n-s---fa-	
2328	ἄγω	v-pppama-	ἄγω	ἄγω	v-pppama-	v-pppama-	
2329	,	u--------	,	,	u--------	u--------	
2330	οὐ	d--------	οὐ	οὐ	d--------	d--------	
2331	τε	c--------	τε		c--------		oga_only
2332	ἄλλος	a-s---na-	ἄλλος		a-s---na-		oga_only
2333	ὁτιοῦν	p-s---na-	ὁτιοῦν		p-s---na-		oga_only
2334	πάσχω	v--pna---	πάσχω		v--pna---		oga_only
2335	πρό	r--------	πρό		r--------		oga_only
2336	ὁ	l-s---ng-	ὁ		l-s---ng-		oga_only
2337	ἀδικέω	v--pna---	ἀδικέω		v--pna---		oga_only
2338	.	u--------	.		u--------		oga_only
2339	καλός	d--------	καλός		d--------		oga_only
2340	μέν	d--------	μέν		d--------		oga_only
2341	ἐγώ	p1s---md-	ἐγώ		p1s---md-		oga_only
2342	δοκέω	v2spia---	δοκέω		v2spia---		oga_only
2343	λέγω3	v--pna---	λέγω3		v--pna---		oga_only
2344	,	u--------	,		u--------		oga_only
2345	ὦ	i--------	ὦ		i--------		oga_only
2346	σωκράτης	n-s---mv-	σωκράτης		n-s---mv-		oga_only
2347	,	u--------	,		u--------		oga_only
2348	ὁράω	v2spma---	ὁράω		v2spma---		oga_only
2349	δέ	c--------	δέ		c--------		oga_only
2350	τίς	p-s---na-	τίς		p-s---na-		oga_only
2351	δράω	v1ppsa---	δράω		v1ppsa---		oga_only
2352	.	u--------	.		u--------		oga_only
2353	σκοπέω	v1ppsa---	σκοπέω		v1ppsa---		oga_only
2354	,	u--------	,		u--------		oga_only
2355	ὦ	i--------	ὦ		i--------		oga_only
2356	ἀγαθός	a-s---mv-	ἀγαθός		a-s---mv-		oga_only
2357	,	u--------	,	,	u--------	u--------	
2358	κοινῇ	d--------	κοινῇ		d--------		oga_only
2359	,	u--------	,		u--------		oga_only
2360	καί	c--------	καί		c--------		oga_only
2361	εἰ	c--------	εἰ		c--------		oga_only
2362	πη	d--------	πη	πη	d--------	d--------	
2363	ἔχω	v2spia---	ἔχω	ἔχω	v2spia---	v2spia---	
2364	ἀντιλέγω	v--pna---	ἀντιλέγω	ἀντιλέγω	v--pna---	v--pna---	
2365	ἐγώ	p1s---cg-	ἐγώ	ἐγώ	p1s---mg-	p1s---cg-	
2366	λέγω	v-sppamg-	λέγω3	λέγω	v-sppamg-	v-sppamg-	
2367	,	u--------	,	,	u--------	u--------	
2368	ἀντιλέγω	v2spma---	ἀντιλέγω	ἀντιλέγω	v2spma---	v2spma---	
2369	καί	b--------	καί	καί	c--------	b--------	
2370	σύ	p2s---cd-	σύ	σύ	p-s---md-	p2s---cd-	
2371	πείθω	v1sfim---	πείθω	πείθω	v1sfim---	v1sfim---	
2372	·	u--------	·	·	u--------	u--------	
2373	εἰ	c--------	εἰ	εἰ	c--------	c--------	
2374	δέ	b--------	δέ	δέ	d--------	b--------	
2375	μή	d--------	μή	μή	d--------	d--------	
2376	,	u--------	,	,	u--------	u--------	
2377	παύω	v2samm---	παύω	παύω	v2samm---	v2samm---	
2378	ἤδη	d--------	ἤδη	ἤδη	d--------	d--------	
2379	,	u--------	,	,	u--------	u--------	
2380	ὦ	i--------	ὦ	ὦ	i--------	i--------	
2381	μακάριος	a-s---mv-	μακάριος	μακάριος	a-s---mv-	a-s---mv-	
2382	,	u--------	,	,	u--------	u--------	
2383	πολλάκις	d--------	πολλάκις	πολλάκις	d--------	d--------	
2384	ἐγώ	p1s---cd-	ἐγώ	ἐγώ	p-s---md-	p1s---cd-	
2385	λέγω	v-sppamn-	λέγω3	λέγω	v-sppamv-	v-sppamn-	
2386	ὁ	l-s---ma-	ὁ	ὁ	l-s---ma-	l-s---ma-	
2387	αὐτός	p-s---ma-	αὐτός	αὐτός	a-s---ma-	p-s---ma-	
2388	λόγος	n-s---ma-	λόγος	λόγος	n-s---ma-	n-s---ma-	
2389	,	u--------	,	,	u--------	u--------	
2390	ὡς	c--------	ὡς	ὡς	d--------	c--------	
2391	χρή	v3spia---	χρή	χρή	v3spia---	v3spia---	
2392	ἐνθένδε	d--------	ἐνθένδε	ἐνθένδε	d--------	d--------	
2393	ἀέκων	a-p---mg-	ἀέκων	ἀέκων	a-p---mg-	a-p---mg-	
2394	Ἀθηναῖος	a-p---mg-	ἀθήναιος	Ἀθηναῖος	n-p---mg-	a-p---mg-	
2395	ἐγώ	p1s---ca-	ἐγώ	ἐγώ	p1s---ma-	p1s---ca-	
2396	ἀπέρχομαι	v--pna---	ἀπέρχομαι	ἀπέρχομαι	v--pna---	v--pna---	
2397	·	u--------		·		u--------	glaux_only
2398	ὡς	c--------	ὡς	ὡς	d--------	c--------	
2399	ἐγώ	p1s---cn-	ἐγώ	ἐγώ	p1s---mn-	p1s---cn-	
2400	περί	r--------	περί	περί	r--------	r--------	
2401	πολύς	a-s---ng-	πολύς	πολύς	a-s---mg-	a-s---ng-	
2402	ποιέω	v1spim---	ποιέω	ποιέω	v1spie---	v1spim---	
2403	πείθω	v-sapamn-	πείθω	πείθω	v-sapamn-	v-sapamn-	
2404	σύ	p2s---ca-	σύ	σύ	p-s---ma-	p2s---ca-	
2405	οὗτος	p-p---na-	οὗτος	οὗτος	p-p---na-	p-p---na-	
2406	πράσσω	v--pna---	πράσσω	πράσσω	v--pna---	v--pna---	
2407	,	u--------	,	,	u--------	u--------	
2408	ἀλλά	b--------	ἀλλά	ἀλλά	c--------	b--------	
2409	μή	d--------	μή	μή	d--------	d--------	
2410	ἀέκων	a-s---mg-	ἀέκων	ἀέκων	a-s---mg-	a-s---mg-	
2411	.	u--------	.	.	u--------	u--------	
2412	ὁράω	v2spma---	ὁράω	ὁράω	v2spma---	v2spma---	
2413	δέ	b--------	δέ	δέ	d--------	b--------	
2414	δή	g--------	δή	δή	d--------	g--------	
2415	ὁ	l-s---fg-	ὁ	ὁ	l-s---fg-	l-s---fg-	
2416	σκέψις	n-s---fg-	σκέψις	σκέψις	n-s---fg-	n-s---fg-	
2417	ὁ	l-s---fa-	ὁ	ὁ	l-s---fa-	l-s---fa-	
2418	ἀρχή	n-s---fa-	ἀρχή	ἀρχή	n-s---fa-	n-s---fa-	
2419	ἐάν	c--------	ἐάν	ἐάν	c--------	c--------	
2420	σύ	p2s---cd-	σύ	σύ	p-s---md-	p2s---cd-	
2421	ἱκανός	d--------	ἱκανός	ἱκανός	d--------	d--------	
2422	λέγω	v3spsm---	λέγω3	λέγω	v3spse---	v3spsm---	
2423	,	u--------	,	,	u--------	u--------	
2424	καί	b--------	καί	καί	c--------	b--------	
2425	πειράω	v2spmm---	πειράω	πειράω	v2spme---	v2spmm---	
2426	ἀποκρίνω	v--pnm---	ἀποκρίνω	ἀποκρίνω	v--pne---	v--pnm---	
2427	ὁ	l-s---na-	ὁ	ὁ	l-s---na-	l-s---na-	
2428	ἐρωτάω	v-sppmna-	ἐρωτάω	ἐρωτάω	v-sppena-	v-sppmna-	
2429	ᾗ	d--------	ὅς	ᾗ	d--------	d--------	DISAGREE
2430	ἄν	g--------	ἄν	ἄν	d--------	g--------	
2431	μάλα	d-------s	μάλιστα	μάλα	d--------	d-------s	DISAGREE
2432	οἴομαι	v2spsm---	οἶος	οἴομαι	v2spse---	v2spsm---	DISAGREE
2433	.	u--------	.	.	u--------	u--------	
2434	ἀλλά	b--------	ἀλλά	ἀλλά	d--------	b--------	
2435	πειράω	v1sfim---	πειράω	πειράω	v1sfim---	v1sfim---	
2436	.	u--------	.	.	u--------	u--------	
2437	οὐδείς	p-s---md-	οὐδείς	οὐδείς	a-s---md-	p-s---md-	
2438	τρόπος	n-s---md-	τρόπος	τρόπος	n-s---md-	n-s---md-	
2439	φημί	v1ppia---	φημί	φημί	v1ppia---	v1ppia---	
2440	ἑκών	a-p---ma-	ἑκών	ἑκών	a-p---ma-	a-p---ma-	
2441	ἀδικέω	a-s---na-	ἀδικητέον	ἀδικέω	a-s---na-	a-s---na-	DISAGREE
2442	εἰμί	v--pna---	εἰμί	εἰμί	v--pna---	v--pna---	
2443	,	u--------	,	,	u--------	u--------	
2444	ἤ	b--------	ἤ1	ἤ	c--------	b--------	
2445	τις	p-s---cd-	τις	τις	p-s---md-	p-s---cd-	
2446	μέν	g--------	μέν	μέν	d--------	g--------	
2447	ἀδικέω	a-s---na-	ἀδικητέον	ἀδικέω	a-s---na-	a-s---na-	DISAGREE
2448	τρόπος	n-s---md-	τρόπος	τρόπος	n-s---md-	n-s---md-	
2449	τις	p-s---cd-	τις	τις	p-s---md-	p-s---cd-	
2450	δέ	b--------	δέ	δέ	d--------	b--------	
2451	οὐ	d--------	οὐ	οὐ	d--------	d--------	
2452	;	u--------		;		u--------	glaux_only
2453	ἤ	b--------	ἤ1	ἤ	d--------	b--------	
2454	οὐδαμῶς	d--------	οὐδαμῶς	οὐδαμῶς	d--------	d--------	
2455	ὁ	l-s---nn-	ὁ	ὁ	l-s---nn-	l-s---nn-	
2456	γε	d--------	γε	γε	d--------	d--------	
2457	ἀδικέω	v--pna---	ἀδικέω	ἀδικέω	v--pna---	v--pna---	
2458	οὐ	d--------	οὐ	οὐ	d--------	d--------	
2459	τε	d--------	τε		d--------		oga_only
2460	ἀγαθός	a-s---nn-	ἀγαθός		a-s---nn-		oga_only
2461	οὐ	d--------	οὐ		d--------		oga_only
2462	τε	c--------	τε		c--------		oga_only
2463	καλός	a-s---nn-	καλός		a-s---nn-		oga_only
2464	,	u--------	,		u--------		oga_only
2465	ὡς	c--------	ὡς		c--------		oga_only
2466	πολλάκις	d--------	πολλάκις		d--------		oga_only
2467	ἐγώ	p1p---md-	ἐγώ		p1p---md-		oga_only
2468	καί	b--------	καί	καί	c--------	b--------	
2469	ἐν	r--------	ἐν		r--------		oga_only
2470	ὁ	l-s---md-	ὁ		l-s---md-		oga_only
2471	ἔμπροσθεν	d--------	ἔμπροσθεν		d--------		oga_only
2472	χρόνος	n-s---md-	χρόνος		n-s---md-		oga_only
2473	ὁμολογέω	v3saip---	ὁμολογέω		v3saip---		oga_only
2474							unmatched
2475							unmatched
2476							unmatched
2477							unmatched
2478							unmatched
2479							unmatched
2480							unmatched
2481							unmatched
2482							unmatched
2483							unmatched
2484							unmatched
2485							unmatched
2486							unmatched
2487							unmatched
2488							unmatched
2489							unmatched
2490							unmatched
2491							unmatched
2492							unmatched
2493	,	u--------	,		u--------		oga_only
2494							unmatched
2495							unmatched
2496							unmatched
2497							unmatched
2498							unmatched
2499							unmatched
2500							unmatched
2501							unmatched
2502							unmatched
2503							unmatched
2504							unmatched
2505							unmatched
2506							unmatched
2507							unmatched
2508	λανθάνω	v1paia---		λανθάνω		v1paia---	glaux_only
2509	ἐγώ	p1p---ca-		ἐγώ		p1p---ca-	glaux_only
2510	αὐτός	p-p---ma-		αὐτός		p-p---ma-	glaux_only
2511	παῖς	n-p---cg-		παῖς		n-p---cg-	glaux_only
2512	οὐδείς	p-s---na-		οὐδείς		p-s---na-	glaux_only
2513	διαφέρω	v-pppamn-		διαφέρω		v-pppamn-	glaux_only
2514	;	u--------		;		u--------	glaux_only
2515	ἤ	b--------		ἤ		b--------	glaux_only
2516	πᾶς	a-s---ng-		πᾶς		a-s---ng-	glaux_only
2517	μάλα	d-------c		μάλα		d-------c	glaux_only
2518	οὕτως	d--------		οὕτως		d--------	glaux_only
2519	ἔχω	v3spia---		ἔχω		v3spia---	glaux_only
2520	ὥσπερ	c--------		ὥσπερ		c--------	glaux_only
2521	τότε	d--------		τότε		d--------	glaux_only
2522	λέγω	v3siim---		λέγω		v3siim---	glaux_only
2523	ἐγώ	p1p---cd-		ἐγώ		p1p---cd-	glaux_only
2524	·	u--------		·		u--------	glaux_only
2525	εἰ	c--------	εἰ	εἰ	c--------	c--------	
2526	τε	c--------	τε		c--------		oga_only
2527							unmatched
2528							unmatched
2529							unmatched
2530							unmatched
2531	τε	d--------	τε		d--------		oga_only
2532							unmatched
2533	,	u--------		,		u--------	glaux_only
2534	καί	b--------	καί	καί	d--------	b--------	
2535	εἰ	c--------		εἰ		c--------	glaux_only
2536							unmatched
2537							unmatched
2538							unmatched
2539							unmatched
2540							unmatched
2541							unmatched
2542							unmatched
2543							unmatched
2544							unmatched
2545	καί	b--------	καί	καί	c--------	b--------	
2546							unmatched
2547							unmatched
2548							unmatched
2549							unmatched
2550							unmatched
2551							unmatched
2552							unmatched
2553							unmatched
2554							unmatched
2555							unmatched
2556							unmatched
2557							unmatched
2558							unmatched
2559							unmatched
2560							unmatched
2561							unmatched
2562							unmatched
2563							unmatched
2564							unmatched
2565							unmatched
2566							unmatched
2567							unmatched
2568	.	u--------	.		u--------		oga_only
2569							unmatched
2570	ἄρα	g--------	ἄρα	ἄρα	d--------	g--------	
2571							unmatched
2572							unmatched
2573							unmatched
2574							unmatched
2575							unmatched
2576							unmatched
2577							unmatched
2578							unmatched
2579							unmatched
2580							unmatched
2581							unmatched
2582							unmatched
2583							unmatched
2584							unmatched
2585							unmatched
2586							unmatched
2587							unmatched
2588							unmatched
2589							unmatched
2590							unmatched
2591	δεῖ	v3spia---	δεῖ		v3spia---		oga_only
2592							unmatched
2593							unmatched
2594	οὐ	d--------		οὐ		d--------	glaux_only
2595	φαίνω	v3spim---		φαίνω		v3spim---	glaux_only
2596	.	u--------		.		u--------	glaux_only
2597	τίς	p-s---nn-		τίς		p-s---nn-	glaux_only
2598	δέ	b--------		δέ		b--------	glaux_only
2599	δή	g--------		δή		g--------	glaux_only
2600	;	u--------		;		u--------	glaux_only
2601	κακουργέω	v--pna---		κακουργέω		v--pna---	glaux_only
2602	δέω	v3spia---	δεῖ	δέω	v3spia---	v3spia---	DISAGREE
2603	,	u--------		,		u--------	glaux_only
2604	ὦ	i--------	ὦ	ὦ	i--------	i--------	
2605	Κρίτων	n-s---mv-		Κρίτων		n-s---mv-	glaux_only
2606	,	u--------		,		u--------	glaux_only
2607	ἤ	b--------		ἤ		b--------	glaux_only
2608	οὐ	d--------		οὐ		d--------	glaux_only
2609	;	u--------		;		u--------	glaux_only
2610	οὐ	d--------		οὐ		d--------	glaux_only
2611	δέω	v3spia---		δέω		v3spia---	glaux_only
2612	δήπου	d--------		δήπου		d--------	glaux_only
2613	,	u--------		,		u--------	glaux_only
2614	ὦ	i--------		ὦ		i--------	glaux_only
2615	Σωκράτης	n-s---mv-		Σωκράτης		n-s---mv-	glaux_only
2616	.	u--------		.		u--------	glaux_only
2617	τίς	p-s---nn-		τίς		p-s---nn-	glaux_only
2618	δέ	b--------		δέ		b--------	glaux_only
2619	;	u--------		;		u--------	glaux_only
2620	ἀντικακουργέω	v--pna---		ἀντικακουργέω		v--pna---	glaux_only
2621	κακός	d--------		κακός		d--------	glaux_only
2622	πάσχω	v-sppama-		πάσχω		v-sppama-	glaux_only
2623	,	u--------	,	,	u--------	u--------	
2624	ὡς	c--------		ὡς		c--------	glaux_only
2625	ὁ	l-p---mn-		ὁ		l-p---mn-	glaux_only
2626	πολύς	a-p---mn-		πολύς		a-p---mn-	glaux_only
2627	φημί	v3ppia---		φημί		v3ppia---	glaux_only
2628	,	u--------		,		u--------	glaux_only
2629	δίκαιος	a-s---nn-		δίκαιος		a-s---nn-	glaux_only
2630	ἤ	b--------		ἤ		b--------	glaux_only
2631	οὐ	d--------		οὐ		d--------	glaux_only
2632	δίκαιος	a-s---nn-		δίκαιος		a-s---nn-	glaux_only
2633	;	u--------		;		u--------	glaux_only
2634	οὐδαμῶς	d--------		οὐδαμῶς		d--------	glaux_only
2635	.	u--------		.		u--------	glaux_only
2636	ὁ	l-s---nn-		ὁ		l-s---nn-	glaux_only
2637	γάρ	g--------		γάρ		g--------	glaux_only
2638	που	g--------		που		g--------	glaux_only
2639	κακός	d--------		κακός		d--------	glaux_only
2640	ποιέω	v--pna---		ποιέω		v--pna---	glaux_only
2641	ἄνθρωπος	n-p---ma-		ἄνθρωπος		n-p---ma-	glaux_only
2642	ὁ	l-s---ng-		ὁ		l-s---ng-	glaux_only
2643	ἀδικέω	v--pna---		ἀδικέω		v--pna---	glaux_only
2644	οὐδείς	p-s---na-		οὐδείς		p-s---na-	glaux_only
2645	διαφέρω	v3spia---		διαφέρω		v3spia---	glaux_only
2646	.	u--------	.	.	u--------	u--------	
2647	ἀληθής	a-p---na-	ἀληθής	ἀληθής	a-p---na-	a-p---na-	
2648	λέγω	v2spia---	λέγω	λέγω	v2spia---	v2spia---	
2649	.	u--------	.	.	u--------	u--------	
2650	οὐ	d--------		οὐ		d--------	glaux_only
2651	τε	d--------	τε		d--------		oga_only
2652	ἄρα	d--------	ἄρα		d--------		oga_only
2653	ἀνταδικέω	v--pna---	ἀνταδικέω		v--pna---		oga_only
2654	δεῖ	v3spia---	δεῖ		v3spia---		oga_only
2655	οὐ	d--------	οὐ		d--------		oga_only
2656	τε	c--------	τε		c--------		oga_only
2657	κακός	d--------	κακός		d--------		oga_only
2658	ποιέω	v--pna---	ποιέω		v--pna---		oga_only
2659	οὐδείς	p-s---ma-	οὐδείς		p-s---ma-		oga_only
2660	ἄνθρωπος	n-p---mg-	ἄνθρωπος		n-p---mg-		oga_only
2661	,	u--------	,		u--------		oga_only
2662							unmatched
2663	ἄν	c--------	ἄν		c--------		oga_only
2664	ὁτιοῦν	d--------	ὁτιοῦν		d--------		oga_only
2665	πάσχω	v2spse---	πάσχω		v2spse---		oga_only
2666	ὑπό	r--------	ὑπό		r--------		oga_only
2667	αὐτός	p-p---mg-	αὐτός		p-p---mg-		oga_only
2668	.	u--------	.		u--------		oga_only
2669	καί	d--------	καί		d--------		oga_only
2670	ὁράω	v2spma---	ὁράω		v2spma---		oga_only
2671	,	u--------	,		u--------		oga_only
2672	ὦ	i--------	ὦ		i--------		oga_only
2673	Κρίτων	n-s---mv-	κρίτων	Κρίτων	n-s---mv-	n-s---mv-	
2674	,	u--------	,	,	u--------	u--------	
2675	οὗτος	p-p---na-	οὗτος	οὗτος	p-p---na-	p-p---na-	
2676	καθομολογέω	v-sppamn-	καθομολογέω	καθομολογέω	v-sppamn-	v-sppamn-	
2677	,	u--------	,	,	u--------	u--------	
2678	ὅπως	c--------	ὅπως	ὅπως	c--------	c--------	
2679	μή	d--------	μή	μή	d--------	d--------	
2680	παρά	r--------	παρά	παρά	r--------	r--------	
2681	δόξα	n-s---fa-	δόξα	δόξα	n-s---fa-	n-s---fa-	
2682	ὁμολογέω	v2spsa---	ὁμολογέω	ὁμολογέω	v2spsa---	v2spsa---	
2683	·	u--------	·	·	u--------	u--------	
2684	οἶδα	v1sria---	οἶδα	οἶδα	v1sria---	v1sria---	
2685	γάρ	g--------	γάρ	γάρ	d--------	g--------	
2686	ὅτι	c--------	ὅτι	ὅτι	c--------	c--------	
2687	ὀλίγος	a-p---md-	ὀλίγος	ὀλίγος	a-p---md-	a-p---md-	
2688	τις	p-p---cd-	τις	τις	a-p---md-	p-p---cd-	
2689	οὗτος	p-p---nn-	οὗτος	οὗτος	p-p---nn-	p-p---nn-	
2690	καί	b--------	καί	καί	d--------	b--------	
2691	δοκέω	v3spia---	δοκέω	δοκέω	v3spia---	v3spia---	
2692	καί	b--------	καί	καί	c--------	b--------	
2693	δοκέω	v3sfia---	δοκέω	δοκέω	v3sfia---	v3sfia---	
2694	.	u--------	.	.	u--------	u--------	
2695	ὅς	p-p---md-	ὅς	ὅς	p-p---md-	p-p---md-	
2696	οὖν	g--------	οὖν	οὖν	d--------	g--------	
2697	οὕτως	d--------	οὕτως	οὕτως	d--------	d--------	
2698	δοκέω	v3srim---	δοκέω	δοκέω	v3srie---	v3srim---	
2699	καί	b--------	καί	καί	c--------	b--------	
2700	ὅς	p-p---md-	ὅς	ὅς	p-p---md-	p-p---md-	
2701	μή	d--------	μή	μή	d--------	d--------	
2702	,	u--------	,	,	u--------	u--------	
2703	οὗτος	p-p---md-	οὗτος	οὗτος	p-p---md-	p-p---md-	
2704	οὐ	d--------	οὐ	οὐ	d--------	d--------	
2705	εἰμί	v3spia---	εἰμί	εἰμί	v3spia---	v3spia---	
2706	κοινός	a-s---fn-	κοινός	κοινός	a-s---fn-	a-s---fn-	
2707	βουλή	n-s---fn-	βουλή	βουλή	n-s---fn-	n-s---fn-	
2708	,	u--------	,	,	u--------	u--------	
2709	ἀλλά	b--------	ἀλλά	ἀλλά	c--------	b--------	
2710	ἀνάγκη	n-s---fn-	ἀνάγκη	ἀνάγκη	n-s---fn-	n-s---fn-	
2711	οὗτος	p-p---ma-	οὗτος	οὗτος	p-p---ma-	p-p---ma-	
2712	ἀλλήλων	p-p---mg-	ἀλλήλων	ἀλλήλων	p-p---ng-	p-p---mg-	
2713	καταφρονέω	v--pna---	καταφρονέω	καταφρονέω	v--pna---	v--pna---	
2714	ὁράω	v-pppama-	ὁράω	ὁράω	v-pppama-	v-pppama-	
2715	ἀλλήλων	p-p---mg-	ἀλλήλων	ἀλλήλων	p-p---ng-	p-p---mg-	
2716	ὁ	l-p---na-	ὁ	ὁ	l-p---na-	l-p---na-	
2717	βούλευμα	n-p---na-	βούλευμα	βούλευμα	n-p---na-	n-p---na-	
2718	.	u--------	.	.	u--------	u--------	
2719	σκοπέω	v2spma---	σκοπέω	σκοπέω	v2spma---	v2spma---	
2720	δή	g--------	δή	δή	d--------	g--------	
2721	οὖν	g--------	οὖν	οὖν	d--------	g--------	
2722	καί	b--------	καί	καί	d--------	b--------	
2723	σύ	p2s---cn-	σύ	σύ	p-s---mn-	p2s---cn-	
2724	εὖ	d--------	εὖ	εὖ	d--------	d--------	
2725	μάλα	d--------	μάλα	μάλα	d--------	d--------	
2726	πότερος	g--------	πότερον	πότερος	d--------	g--------	DISAGREE
2727	κοινωνέω	v2spia---	κοινωνέω	κοινωνέω	v2spia---	v2spia---	
2728	καί	b--------	καί	καί	d--------	b--------	
2729	συνδοκέω	v3spia---	συνδοκέω	συνδοκέω	v3spia---	v3spia---	
2730	σύ	p2s---cd-	σύ	σύ	p-s---md-	p2s---cd-	
2731	καί	b--------	καί	καί	c--------	b--------	
2732	ἄρχω	v1ppsm---	ἄρχω	ἄρχω	v1ppse---	v1ppsm---	
2733	ἐντεῦθεν	d--------	ἐντεῦθεν	ἐντεῦθεν	d--------	d--------	
2734	βουλεύω	v-pppmmn-	βουλεύω	βουλεύω	v-pppemn-	v-pppmmn-	
2735	,	u--------	,	,	u--------	u--------	
2736	ὡς	c--------	ὡς	ὡς	d--------	c--------	
2737	οὐδέποτε	d--------	οὐδέποτε	οὐδέποτε	d--------	d--------	
2738	ὀρθός	d--------	ὀρθός	ὀρθός	d--------	d--------	
2739	ἔχω	v-sppang-	ἔχω	ἔχω	v-sppamg-	v-sppang-	
2740	οὐ	d--------	οὐ	οὐ	d--------	d--------	
2741	τε	d--------	τε		d--------		oga_only
2742	ὁ	l-s---ng-	ὁ	ὁ	l-s---ng-	l-s---ng-	
2743	ἀδικέω	v--pna---	ἀδικέω		v--pna---		oga_only
2744	οὐ	d--------	οὐ	οὐ	d--------	d--------	
2745	τε	d--------	τε		d--------		oga_only
2746	ὁ	l-s---ng-	ὁ		l-s---ng-		oga_only
2747	ἀνταδικέω	v--pna---	ἀνταδικέω		v--pna---		oga_only
2748	οὐ	d--------	οὐ		d--------		oga_only
2749	τε	c--------	τε		c--------		oga_only
2750	κακός	d--------	κακός	κακός	d--------	d--------	
2751	πάσχω	v-pppann-	πάσχω		v-pppann-		oga_only
2752	ἀμύνω	v--pne---	ἀμύνω		v--pne---		oga_only
2753	ἀντιδράω	v-pppann-	ἀντιδράω		v-pppann-		oga_only
2754	κακός	d--------	κακός		d--------		oga_only
2755	,	u--------	,		u--------		oga_only
2756	ἤ1	c--------	ἤ1		c--------		oga_only
2757	ἀφεστήξω	v2spie---	ἀφεστήξω		v2spie---		oga_only
2758	καί	c--------	καί		c--------		oga_only
2759	οὐ	d--------	οὐ		d--------		oga_only
2760	κοινωνέω	v2spia---	κοινωνέω		v2spia---		oga_only
2761	ὁ	l-s---fg-	ὁ		l-s---fg-		oga_only
2762	ἀρχή	n-s---fg-	ἀρχή		n-s---fg-		oga_only
2763	;	u--------	;		u--------		oga_only
2764	ἐγώ	p1s---cd-	ἐγώ	ἐγώ	p1s---md-	p1s---cd-	
2765	μέν	g--------	μέν	μέν	d--------	g--------	
2766	γάρ	g--------	γάρ	γάρ	d--------	g--------	
2767	καί	d--------	καί	καί	d--------	d--------	
2768	πάλαι	d--------	πάλαι	πάλαι	d--------	d--------	
2769	οὕτως	d--------	οὕτως	οὕτως	d--------	d--------	
2770	καί	d--------	καί	καί	c--------	d--------	
2771	νῦν	d--------	νῦν	νῦν	d--------	d--------	
2772	ἔτι	d--------	ἔτι	ἔτι	d--------	d--------	
2773	δοκέω	v3spia---	δοκέω	δοκέω	v3spia---	v3spia---	
2774	,	u--------	,	,	u--------	u--------	
2775	σύ	p2s---cd-	σύ	σύ	p-s---md-	p2s---cd-	
2776	δέ	b--------	δέ	δέ	c--------	b--------	
2777	εἰ	c--------	εἰ	εἰ	c--------	c--------	
2778	πη	d--------	πη	πη	d--------	d--------	
2779	ἄλλῃ	d--------	ἄλλῃ	ἄλλῃ	d--------	d--------	
2780	δοκέω	v3srim---	δοκέω	δοκέω	v3srie---	v3srim---	
2781	,	u--------	,	,	u--------	u--------	
2782	λέγω	v2spma---	λέγω3	λέγω	v2spma---	v2spma---	
2783	καί	b--------	καί	καί	c--------	b--------	
2784	διδάσκω	v2spma---	διδάσκω	διδάσκω	v2spma---	v2spma---	
2785	.	u--------	.	.	u--------	u--------	
2786	εἰ	c--------	εἰ	εἰ	c--------	c--------	
2787	δέ	b--------	δέ	δέ	d--------	b--------	
2788	ἐμμένω	v2spia---	ἐμμένω	ἐμμένω	v2spia---	v2spia---	
2789	ὁ	l-p---nd-	ὁ	ὁ	l-p---md-	l-p---nd-	
2790	πρόσθεν	d--------	πρόσθεν	πρόσθεν	d--------	d--------	
2791	,	u--------	,	,	u--------	u--------	
2792	ὁ	l-s---na-	ὁ	ὁ	l-s---na-	l-s---na-	
2793	μετά	r--------	μετά	μετά	d--------	r--------	
2794	οὗτος	p-s---na-	οὗτος	οὗτος	p-s---na-	p-s---na-	
2795	ἀκούω	v2spma---	ἀκούω	ἀκούω	v2spma---	v2spma---	
2796	.	u--------	.	.	u--------	u--------	
2797	ἀλλά	b--------	ἀλλά	ἀλλά	d--------	b--------	
2798	ἐμμένω	v1spia---	ἐμμένω	ἐμμένω	v1spsa---	v1spia---	
2799	τε	b--------	τε	τε	d--------	b--------	
2800	καί	b--------	καί	καί	c--------	b--------	
2801	συνδοκέω	v3spia---	συνδοκέω	συνδοκέω	v3spia---	v3spia---	
2802	ἐγώ	p1s---cd-	ἐγώ	ἐγώ	p-s---md-	p1s---cd-	
2803	·	u--------	·	·	u--------	u--------	
2804	ἀλλά	b--------	ἀλλά	ἀλλά	d--------	b--------	
2805	λέγω	v2spma---	λέγω3	λέγω	v2spma---	v2spma---	
2806	.	u--------	.	.	u--------	u--------	
2807	λέγω	v1spia---	λέγω3	λέγω	v1spia---	v1spia---	
2808	δή	g--------	δή	δή	d--------	g--------	
2809	αὖ	d--------	αὖ	αὖ	d--------	d--------	
2810	ὁ	l-s---nn-	ὁ	ὁ	l-s---na-	l-s---nn-	
2811	μετά	r--------	μετά	μετά	d--------	r--------	
2812	οὗτος	p-s---na-	οὗτος	οὗτος	p-s---na-	p-s---na-	
2813	,	u--------	,	,	u--------	u--------	
2814	μάλα	d-------c	μᾶλλον	μάλα	d--------	d-------c	DISAGREE
2815	δέ	b--------	δέ	δέ	d--------	b--------	
2816	ἐρωτάω	v1spia---	ἐρωτάω	ἐρωτάω	v2spme---	v1spia---	
2817	·	u--------	·	·	u--------	u--------	
2818	πότερος	g--------	πότερον	πότερος	d--------	g--------	DISAGREE
2819	ὅς	p-p---na-	ὅς	ὅς	p-p---na-	p-p---na-	
2820	ἄν	g--------	ἄν	ἄν	d--------	g--------	
2821	τις	p-s---cn-	τις	τις	p-s---mn-	p-s---cn-	
2822	ὁμολογέω	v3sasa---	ὁμολογέω	ὁμολογέω	v3sasa---	v3sasa---	
2823	τις	p-s---cd-	τις	τις	p-s---md-	p-s---cd-	
2824	δίκαιος	a-p---na-	δίκαιος	δίκαιος	a-p---na-	a-p---na-	
2825	εἰμί	v-pppana-	εἰμί	εἰμί	v-pppana-	v-pppana-	
2826	ποιέω	a-s---nn-	ποιητέος	ποιέω	a-s---ma-	a-s---nn-	DISAGREE
2827	ἤ	b--------	ἤ1	ἤ	c--------	b--------	
2828	ἐξαπατάω	a-s---nn-	ἐξαπατητέον	ἐξαπατάω	a-s---ma-	a-s---nn-	DISAGREE
2829	;	u--------	;	;	u--------	u--------	
2830	ποιέω	a-s---nn-	ποιητέος	ποιέω	a-s---ma-	a-s---nn-	DISAGREE
2831	.	u--------	.	.	u--------	u--------	
2832	ἐκ	r--------	ἐκ	ἐκ	r--------	r--------	
2833	οὗτος	p-p---ng-	οὗτος	οὗτος	p-p---ng-	p-p---ng-	
2834	δή	g--------	δή	δή	d--------	g--------	
2835	ἀθρέω	v2spma---	ἀθρέω	ἀθρέω	v2spma---	v2spma---	
2836	.	u--------	.	.	u--------	u--------	
2837	ἀπέρχομαι	v-pppamn-	ἄπειμι1	ἀπέρχομαι	v-pppamn-	v-pppamn-	DISAGREE
2838	ἐνθένδε	d--------	ἐνθένδε	ἐνθένδε	d--------	d--------	
2839	ἐγώ	p1p---cn-	ἐγώ	ἐγώ	p1p---mn-	p1p---cn-	
2840	μή	d--------	μή	μή	d--------	d--------	
2841	πείθω	v-papamn-	πείθω	πείθω	v-papamn-	v-papamn-	
2842	ὁ	l-s---fa-	ὁ	ὁ	l-s---fa-	l-s---fa-	
2843	πόλις	n-s---fa-	πόλις	πόλις	n-s---fa-	n-s---fa-	
2844	πότερος	g--------	πότερον	πότερος	d--------	g--------	DISAGREE
2845	κακός	d--------	κακός	κακός	d--------	d--------	
2846	τις	p-p---ca-	τις	τις	p-p---ma-	p-p---ca-	
2847	ποιέω	v1ppia---	ποιέω	ποιέω	v1ppia---	v1ppia---	
2848	,	u--------	,	,	u--------	u--------	
2849	καί	d--------	καί	καί	c--------	d--------	
2850	οὗτος	p-p---na-	οὗτος	οὗτος	p-p---na-	p-p---na-	
2851	ὅς	p-p---ma-	ὅς	ὅς	p-p---ma-	p-p---ma-	
2852	ἦκα	d-------s	ἥκιστος	ἦκα	a-p---nn-	d-------s	DISAGREE
2853	δέω	v3spia---	δεῖ	δέω	v3spia---	v3spia---	DISAGREE
2854	,	u--------	,	,	u--------	u--------	
2855	ἤ	b--------	ἤ1	ἤ	c--------	b--------	
2856	οὐ	d--------	οὐ	οὐ	d--------	d--------	
2857	;	u--------		;		u--------	glaux_only
2858	καί	b--------	καί	καί	d--------	b--------	
2859	ἐμμένω	v1ppia---	ἐμμένω	ἐμμένω	v1ppia---	v1ppia---	
2860	ὅς	p-p---nd-	ὅς	ὅς	p-p---md-	p-p---nd-	
2861	ὁμολογέω	v1paia---	ὁμολογέω	ὁμολογέω	v1paia---	v1paia---	
2862	δίκαιος	a-p---nd-	δίκαιος	δίκαιος	a-p---md-	a-p---nd-	
2863	εἰμί	v-pppand-	εἰμί	εἰμί	v-pppamd-	v-pppand-	
2864	ἤ	b--------	ἤ1	ἤ	c--------	b--------	
2865	οὐ	d--------	οὐ	οὐ	d--------	d--------	
2866	;	u--------		;		u--------	glaux_only
2867	οὐ	d--------	οὐ	οὐ	d--------	d--------	
2868	ἔχω	v1spia---	ἔχω	ἔχω	v1spsa---	v1spia---	
2869	,	u--------	,	,	u--------	u--------	
2870	ὦ	i--------	ὦ	ὦ	i--------	i--------	
2871	Σωκράτης	n-s---mv-	σωκράτης	Σωκράτης	n-s---mv-	n-s---mv-	
2872	,	u--------	,	,	u--------	u--------	
2873	ἀποκρίνω	v--anm---	ἀποκρίνω	ἀποκρίνω	v--anm---	v--anm---	
2874	πρός	r--------	πρός	πρός	r--------	r--------	
2875	ὅς	p-s---na-	ὅς	ὅς	p-s---na-	p-s---na-	
2876	ἐρωτάω	v2spia---	ἐρωτάω	ἐρωτάω	v2spsa---	v2spia---	
2877	·	u--------	·	·	u--------	u--------	
2878	οὐ	d--------	οὐ	οὐ	d--------	d--------	
2879	γάρ	g--------	γάρ	γάρ	g--------	g--------	
2880	ἐννοέω	v1spia---	ἐννοέω	ἐννοέω	v1spsa---	v1spia---	
2881	.	u--------	.	.	u--------	u--------	
2882	ἀλλά	b--------	ἀλλά	ἀλλά	d--------	b--------	
2883	ὧδε	d--------	ὧδε	ὧδε	d--------	d--------	
2884	σκοπέω	v2spma---	σκοπέω	σκοπέω	v2spma---	v2spma---	
2885	.	u--------	.	.	u--------	u--------	
2886	εἰ	c--------	εἰ	εἰ	c--------	c--------	
2887	μέλλω	v3ppia---	μέλλω	μέλλω	v-pppamd-	v3ppia---	
2888	ἐγώ	p1p---cd-	ἐγώ	ἐγώ	p-p---md-	p1p---cd-	
2889	ἐνθένδε	d--------	ἐνθένδε	ἐνθένδε	d--------	d--------	
2890	εἰ	d--------	εἰ	εἰ	d--------	d--------	
2891	τε	c--------	τε		c--------		oga_only
2892	ἀποδιδράσκω	v--pna---	ἀποδιδράσκω		v--pna---		oga_only
2893	,	u--------	,		u--------		oga_only
2894							unmatched
2895	ὅπως	d--------	ὅπως		d--------		oga_only
2896	δεῖ	v3spia---	δεῖ		v3spia---		oga_only
2897	ὀνομάζω	v--ana---	ὀνομάζω		v--ana---		oga_only
2898	οὗτος	p-s---na-	οὗτος		p-s---na-		oga_only
2899	,	u--------	,		u--------		oga_only
2900	ἔρχομαι	v-papamn-	ἔρχομαι		v-papamn-		oga_only
2901	ὁ	l-p---mn-	ὁ		l-p---mn-		oga_only
2902	νόμος	n-p---mn-	νόμος		n-p---mn-		oga_only
2903	καί	c--------	καί		c--------		oga_only
2904	ὁ	l-s---nn-	ὁ		l-s---nn-		oga_only
2905	κοινός	a-s---nn-	κοινός		a-s---nn-		oga_only
2906	ὁ	l-s---fg-	ὁ		l-s---fg-		oga_only
2907	πόλις	n-s---fg-	πόλις		n-s---fg-		oga_only
2908	ἐφίστημι	v-pppamn-	ἐφίστημι		v-pppamn-		oga_only
2909	ἔρομαι	v3paom---	ἔρομαι		v3paom---		oga_only
2910							unmatched
2911	λέγω	v2sama---	εἶπον	λέγω	v2sama---	v2sama---	DISAGREE
2912	ἐγώ	p1s---cd-	ἐγώ	ἐγώ	p-s---md-	p1s---cd-	
2913	,	u--------	,	,	u--------	u--------	
2914	ὦ	i--------	ὦ	ὦ	i--------	i--------	
2915	Σωκράτης	n-s---mv-	σωκράτης	Σωκράτης	n-s---mv-	n-s---mv-	
2916	,	u--------	,	,	u--------	u--------	
2917	τίς	p-s---na-	τίς	τίς	p-s---na-	p-s---na-	
2918	ἐν	r--------	ἐν	ἐν	r--------	r--------	
2919	νόος	n-s---md-	νόος	νόος	p-s---md-	n-s---md-	
2920	ἔχω	v2spia---	ἔχω	ἔχω	v2spia---	v2spia---	
2921	ποιέω	v--pna---	ποιέω	ποιέω	v--pna---	v--pna---	
2922	;	u--------	;	;	u--------	u--------	
2923	ἄλλος	p-s---na-	ἄλλος	ἄλλος	a-s---na-	p-s---na-	
2924	τις	p-s---na-	τις	τις	p-s---na-	p-s---na-	
2925	ἤ	b--------	ἤ1	ἤ	c--------	b--------	
2926	οὗτος	p-s---nd-	οὗτος	οὗτος	a-s---nd-	p-s---nd-	
2927	ὁ	l-s---nd-	ὁ	ὁ	l-s---nd-	l-s---nd-	
2928	ἔργον	n-s---nd-	ἔργον	ἔργον	n-s---nd-	n-s---nd-	
2929	ὅς	p-s---nd-	ὅς	ὅς	p-s---nd-	p-s---nd-	
2930	ἐπιχειρέω	v2spia---	ἐπιχειρέω	ἐπιχειρέω	v2spia---	v2spia---	
2931	διανοέω	v2spim---	διανοέω	διανοέω	v2spse---	v2spim---	
2932	ὁ	l-p---ma-	ὁ	ὁ	l-p---ma-	l-p---ma-	
2933	τε	b--------	τε	τε	d--------	b--------	
2934	νόμος	n-p---ma-	νόμος	νόμος	n-p---ma-	n-p---ma-	
2935	ἐγώ	p1p---ca-	ἐγώ	ἐγώ	p1p---ma-	p1p---ca-	
2936	ἀπόλλυμι	v--ana---	ἀπόλλυμι	ἀπόλλυμι	v--ana---	v--ana---	
2937	καί	b--------	καί	καί	c--------	b--------	
2938	σύμπας	a-s---fa-	σύμπας	σύμπας	a-s---fa-	a-s---fa-	
2939	ὁ	l-s---fa-	ὁ	ὁ	l-s---fa-	l-s---fa-	
2940	πόλις	n-s---fa-	πόλις	πόλις	n-s---fa-	n-s---fa-	
2941	ὁ	l-s---na-	ὁ	ὁ	l-s---na-	l-s---na-	
2942	σός	a-s---na-	σός	σός	a-s---na-	a-s---na-	
2943	μέρος	n-s---na-	μέρος	μέρος	n-s---na-	n-s---na-	
2944	;	u--------		;		u--------	glaux_only
2945	ἤ	b--------	ἤ1	ἤ	d--------	b--------	
2946	δοκέω	v3spia---	δοκέω	δοκέω	v3spia---	v3spia---	
2947	σύ	p2s---cd-	σύ	σύ	p-s---md-	p2s---cd-	
2948	οἷος	p-s---na-	οἷος	οἷος	a-s---nn-	p-s---na-	
2949	τε	d--------	τε	τε	d--------	d--------	
2950	ἔτι	d--------	ἔτι	ἔτι	d--------	d--------	
2951	ἐκεῖνος	p-s---fa-	ἐκεῖνος	ἐκεῖνος	a-s---fa-	p-s---fa-	
2952	ὁ	l-s---fa-	ὁ	ὁ	l-s---fa-	l-s---fa-	
2953	πόλις	n-s---fa-	πόλις	πόλις	n-s---fa-	n-s---fa-	
2954	εἰμί	v--pna---	εἰμί	εἰμί	v--pna---	v--pna---	
2955	καί	d--------	καί	καί	d--------	d--------	
2956	μή	d--------	μή	μή	d--------	d--------	
2957	ἀνατρέπω	v--rnm---	ἀνατρέπω	ἀνατρέπω	v--rne---	v--rnm---	
2958	,	u--------	,	,	u--------	u--------	
2959	ἐν	r--------	ἐν	ἐν	r--------	r--------	
2960	ὅς	p-s---fd-	ὅς	ὅς	p-s---fd-	p-s---fd-	
2961	ἄν	g--------	ἄν	ἄν	d--------	g--------	
2962	ὁ	l-p---fn-	ὁ	ὁ	l-p---fn-	l-p---fn-	
2963	γίγνομαι	v-papmfn-	γίγνομαι	γίγνομαι	v-papmfn-	v-papmfn-	
2964	δίκη	n-p---fn-	δίκη	δίκη	n-p---fn-	n-p---fn-	
2965	μηδείς	p-s---na-	μηδείς	μηδείς	a-s---na-	p-s---na-	
2966	ἰσχύω	v3ppsa---	ἰσχύω	ἰσχύω	v3ppsa---	v3ppsa---	
2967	ἀλλά	b--------	ἀλλά	ἀλλά	c--------	b--------	
2968	ὑπό	r--------	ὑπό	ὑπό	r--------	r--------	
2969	ἰδιώτης	n-p---mg-	ἰδιώτης	ἰδιώτης	n-p---mg-	n-p---mg-	
2970	ἄκυρος	a-p---mn-	ἄκυρος	ἄκυρος	a-p---fn-	a-p---mn-	
2971	τε	b--------	τε	τε	d--------	b--------	
2972	γίγνομαι	v3ppsm---	γίγνομαι	γίγνομαι	v3ppse---	v3ppsm---	
2973	καί	b--------	καί	καί	c--------	b--------	
2974	διαφθείρω	v3ppsm---	διαφθείρω	διαφθείρω	v3pasm---	v3ppsm---	
2975	;	u--------	;	;	u--------	u--------	
2976	τίς	p-s---na-	τίς	τίς	p-s---na-	p-s---na-	
2977	λέγω	v1pfia---	λέγω	λέγω	v1ppia---	v1pfia---	
2978	,	u--------	,	,	u--------	u--------	
2979	ὦ	i--------	ὦ	ὦ	i--------	i--------	
2980	Κρίτων	n-s---mv-	κρίτων	Κρίτων	n-s---mv-	n-s---mv-	
2981	,	u--------	,	,	u--------	u--------	
2982	πρός	r--------	πρός	πρός	r--------	r--------	
2983	οὗτος	p-p---na-	οὗτος	οὗτος	p-p---na-	p-p---na-	
2984	καί	b--------	καί	καί	c--------	b--------	
2985	ἄλλος	p-p---na-	ἄλλος	ἄλλος	a-p---na-	p-p---na-	
2986	τοιοῦτος	p-p---na-	τοιοῦτος	τοιοῦτος	p-p---na-	p-p---na-	
2987	;	u--------	;	;	u--------	u--------	
2988	πολύς	a-p---na-	πολύς	πολύς	a-p---na-	a-p---na-	
2989	γάρ	g--------	γάρ	γάρ	d--------	g--------	
2990	ἄν	g--------	ἄν	ἄν	d--------	g--------	
2991	τις	p-s---cn-	τις	τις	p-s---mn-	p-s---cn-	
2992	ἔχω	v3spoa---	ἔχω	ἔχω	v3spoa---	v3spoa---	
2993	,	u--------	,	,	u--------	u--------	
2994	ἄλλος	d--------	ἄλλως	ἄλλος	d--------	d--------	DISAGREE
2995	τε	b--------	τε	τε	d--------	b--------	
2996	καί	b--------	καί	καί	c--------	b--------	
2997	ῥήτωρ	n-s---mn-	ῥήτωρ	ῥήτωρ	n-s---mn-	n-s---mn-	
2998	,	u--------	,	,	u--------	u--------	
2999	λέγω	v--ana---	εἶπον	λέγω	v--ana---	v--ana---	DISAGREE
3000	ὑπέρ	r--------	ὑπέρ	ὑπέρ	r--------	r--------	
3001	οὗτος	p-s---mg-	οὗτος	οὗτος	a-s---ng-	p-s---mg-	
3002	ὁ	l-s---mg-	ὁ	ὁ	l-s---mg-	l-s---mg-	
3003	νόμος	n-s---mg-	νόμος	νόμος	n-s---mg-	n-s---mg-	
3004	ἀπόλλυμι	v-sppmmg-	ἀπόλλυμι	ἀπόλλυμι	v-sppemg-	v-sppmmg-	
3005	ὅς	p-s---mn-	ὅς	ὅς	p3s---mn-	p-s---mn-	
3006	ὁ	l-p---fa-	ὁ	ὁ	l-p---fa-	l-p---fa-	
3007	δίκη	n-p---fa-	δίκη	δίκη	n-p---fa-	n-p---fa-	
3008	ὁ	l-p---fa-	ὁ	ὁ	l-p---fa-	l-p---fa-	
3009	δικάζω	v-pappfa-	δικάζω	δικάζω	v-pappfa-	v-pappfa-	
3010	προστάσσω	v3spia---	προστάσσω	προστάσσω	v3spia---	v3spia---	
3011	κύριος	a-p---fa-	κύριος	κύριος	a-p---fa-	a-p---fa-	
3012	εἰμί	v--pna---	εἰμί	εἰμί	v--pna---	v--pna---	
3013	.	u--------	.	.	u--------	u--------	
3014	ἤ	b--------	ἤ1	ἤ	d--------	b--------	
3015	λέγω	v1pfia---	λέγω	λέγω	v1ppia---	v1pfia---	
3016	πρός	r--------	πρός	πρός	r--------	r--------	
3017	αὐτός	p-p---ma-	αὐτός	αὐτός	p-p---ma-	p-p---ma-	
3018	ὅτι	c--------	ὅτι	ὅτι	c--------	c--------	
3019	ἀδικέω	v3siia---	ἀδικέω	ἀδικέω	v3siia---	v3siia---	
3020	γάρ	g--------	γάρ	γάρ	d--------	g--------	
3021	ἐγώ	p1p---ca-	ἐγώ	ἐγώ	p1p---ma-	p1p---ca-	
3022	ὁ	l-s---fn-	ὁ	ὁ	l-s---fn-	l-s---fn-	
3023	πόλις	n-s---fn-	πόλις	πόλις	n-p---fa-	n-s---fn-	
3024	καί	b--------	καί	καί	c--------	b--------	
3025	οὐ	d--------	οὐ	οὐ	d--------	d--------	
3026	ὀρθός	d--------	ὀρθός	ὀρθός	d--------	d--------	
3027	ὁ	l-s---fa-	ὁ	ὁ	l-s---fa-	l-s---fa-	
3028	δίκη	n-s---fa-	δίκη	δίκη	n-s---fa-	n-s---fa-	
3029	κρίνω	v3siia---	κρίνω	κρίνω	v3saia---	v3siia---	
3030	;	u--------	;	;	u--------	u--------	
3031	οὗτος	p-p---na-	οὗτος	οὗτος	p-p---na-	p-p---na-	
3032	ἤ	b--------	ἤ1	ἤ	c--------	b--------	
3033	τίς	p-s---na-	τίς	τίς	p-s---na-	p-s---na-	
3034	λέγω	v1pfia---	λέγω	λέγω	v1ppia---	v1pfia---	
3035	;	u--------	;	;	u--------	u--------	
3036	οὗτος	p-p---na-	οὗτος	οὗτος	p-p---na-	p-p---na-	
3037	νή	r--------	νή	νή	r--------	r--------	
3038	Ζεύς	n-s---ma-	ζεύς	Ζεύς	n-d---fn-	n-s---ma-	
3039	,	u--------	,	,	u--------	u--------	
3040	ὦ	i--------	ὦ	ὦ	i--------	i--------	
3041	Σωκράτης	n-s---mv-	σωκράτης	Σωκράτης	n-s---mv-	n-s---mv-	
3042	.	u--------	.	.	u--------	u--------	
3043	τίς	p-s---nn-	τίς	τίς	p-s---na-	p-s---nn-	
3044	οὖν	g--------	οὖν	οὖν	d--------	g--------	
3045	ἐάν	c--------	ἄν	ἐάν	d--------	c--------	DISAGREE
3046	λέγω	v3pasa---	εἶπον	λέγω	v3pasa---	v3pasa---	DISAGREE
3047	ὁ	l-p---mn-	ὁ	ὁ	l-p---mn-	l-p---mn-	
3048	νόμος	n-p---mn-	νόμος	νόμος	n-p---mn-	n-p---mn-	
3049	·	u--------	·	·	u--------	u--------	
3050	ὦ	i--------	ὦ	ὦ	i--------	i--------	
3051	Σωκράτης	n-s---mv-	σωκράτης	Σωκράτης	n-s---mv-	n-s---mv-	
3052	,	u--------	,	,	u--------	u--------	
3053	ἦ	g--------	ἦ	ἦ	d--------	g--------	
3054	καί	d--------	καί	καί	d--------	d--------	
3055	οὗτος	p-p---nn-	οὗτος	οὗτος	p-p---na-	p-p---nn-	
3056	ὁμολογέω	v3slim---	ὁμολογέω	ὁμολογέω	v3slie---	v3slim---	
3057	ἐγώ	p1p---cd-	ἐγώ	ἐγώ	p-p---md-	p1p---cd-	
3058	τε	b--------	τε	τε	d--------	b--------	
3059	καί	b--------	καί	καί	c--------	b--------	
3060	σύ	p2s---cd-	σύ	σύ	p-s---md-	p2s---cd-	
3061	,	u--------	,	,	u--------	u--------	
3062	ἤ	b--------	ἤ1	ἤ	c--------	b--------	
3063	ἐμμένω	v--fna---	ἐμμένω	ἐμμένω	v--fna---	v--fna---	
3064	ὁ	l-p---fd-	ὁ	ὁ	l-p---fd-	l-p---fd-	
3065	δίκη	n-p---fd-	δίκη	δίκη	n-p---fd-	n-p---fd-	
3066	ὅς	p-p---fd-	ὅς	ὅς	p-p---fd-	p-p---fd-	
3067	ἄν	g--------	ἄν	ἄν	d--------	g--------	
3068	ὁ	l-s---fn-	ὁ	ὁ	l-s---fn-	l-s---fn-	
3069	πόλις	n-s---fn-	πόλις	πόλις	n-p---fa-	n-s---fn-	
3070	δικάζω	v3spsa---	δικάζω	δικάζω	v3spsa---	v3spsa---	
3071	;	u--------	;	;	u--------	u--------	
3072	εἰ	c--------	εἰ	εἰ	c--------	c--------	
3073	οὖν	g--------	οὖν	οὖν	d--------	g--------	
3074	αὐτός	p-p---mg-	αὐτός	αὐτός	p-p---mg-	p-p---mg-	
3075	θαυμάζω	v1ppoa---	θαυμάζω	θαυμάζω	v1ppoa---	v1ppoa---	
3076	λέγω	v-pppamg-	λέγω3	λέγω	v-pppamg-	v-pppamg-	
3077	,	u--------	,	,	u--------	u--------	
3078	ἴσως	d--------	ἴσως	ἴσως	d--------	d--------	
3079	ἄν	g--------	ἄν	ἄν	d--------	g--------	
3080	λέγω	v3paoa---	εἶπον	λέγω	v3paoa---	v3paoa---	DISAGREE
3081	ὅτι	c--------	ὅτι	ὅτι	c--------	c--------	
3082	ὦ	i--------	ὦ	ὦ	i--------	i--------	
3083	Σωκράτης	n-s---mv-	σωκράτης	Σωκράτης	n-s---mv-	n-s---mv-	
3084	,	u--------	,	,	u--------	u--------	
3085	μή	d--------	μή	μή	d--------	d--------	
3086	θαυμάζω	v2spma---	θαυμάζω	θαυμάζω	v2spma---	v2spma---	
3087	ὁ	l-p---na-	ὁ	ὁ	l-p---na-	l-p---na-	
3088	λέγω	v-pppmna-	λέγω3	λέγω	v-pppenn-	v-pppmna-	
3089	ἀλλά	b--------	ἀλλά	ἀλλά	c--------	b--------	
3090	ἀποκρίνω	v2spmm---	ἀποκρίνω	ἀποκρίνω	v2spme---	v2spmm---	
3091	,	u--------	,	,	u--------	u--------	
3092	ἐπειδή	c--------	ἐπεί	ἐπειδή	c--------	c--------	DISAGREE
3093	καί	d--------	καί	καί	d--------	d--------	
3094	εἴωθα	v2sria---	ἔθω	εἴωθα	v2sria---	v2sria---	DISAGREE
3095	χράω	v--pnm---	χράω	χράω	v--pne---	v--pnm---	
3096	ὁ	l-s---nd-	ὁ	ὁ	l-s---md-	l-s---nd-	
3097	ἐρωτάω	v--pna---	ἐρωτάω	ἐρωτάω	v-sppamv-	v--pna---	
3098	τε	b--------	τε	τε	c--------	b--------	
3099	καί	b--------	καί	καί	c--------	b--------	
3100	ἀποκρίνω	v--pnm---	ἀποκρίνω	ἀποκρίνω	v--pne---	v--pnm---	
3101	.	u--------	.	.	u--------	u--------	
3102	φέρω	v2spma---	φέρω	φέρω	v2spma---	v2spma---	
3103	γάρ	g--------	γάρ	γάρ	d--------	g--------	
3104	,	u--------	,	,	u--------	u--------	
3105	τίς	p-s---na-	τίς	τίς	p-s---na-	p-s---na-	
3106	ἐγκαλέω	v-sppamn-	ἐγκαλέω	ἐγκαλέω	v-sfpamn-	v-sppamn-	
3107	ἐγώ	p1p---cd-	ἐγώ	ἐγώ	p-p---md-	p1p---cd-	
3108	καί	b--------	καί	καί	c--------	b--------	
3109	ὁ	l-s---fd-	ὁ	ὁ	l-s---fd-	l-s---fd-	
3110	πόλις	n-s---fd-	πόλις	πόλις	n-d---fn-	n-s---fd-	
3111	ἐπιχειρέω	v2spia---	ἐπιχειρέω	ἐπιχειρέω	v2spia---	v2spia---	
3112	ἐγώ	p1p---ca-	ἐγώ	ἐγώ	p1p---ma-	p1p---ca-	
3113	ἀπόλλυμι	v--pna---	ἀπόλλυμι	ἀπόλλυμι	v--pna---	v--pna---	
3114	;	u--------	;	;	u--------	u--------	
3115	οὐ	d--------	οὐ	οὐ	d--------	d--------	
3116	πρότερος	d-------c	πρῶτος	πρότερος	a-s---na-	d-------c	DISAGREE
3117	μέν	g--------	μέν	μέν	d--------	g--------	
3118	σύ	p2s---ca-	σύ	σύ	p-s---ma-	p2s---ca-	
3119	γεννάω	v1paia---	γεννάω	γεννάω	v1paia---	v1paia---	
3120	ἐγώ	p1p---cn-	ἐγώ	ἐγώ	p1p---mn-	p1p---cn-	
3121	,	u--------	,	,	u--------	u--------	
3122	καί	b--------	καί	καί	c--------	b--------	
3123	διά	r--------	διά	διά	r--------	r--------	
3124	ἐγώ	p1p---cg-	ἐγώ	ἐγώ	p1p---mg-	p1p---cg-	
3125	λαμβάνω	v3saia---	λαμβάνω	λαμβάνω	v3saia---	v3saia---	
3126	ὁ	l-s---fa-	ὁ	ὁ	l-s---fa-	l-s---fa-	
3127	μήτηρ	n-s---fa-	μήτηρ	μήτηρ	n-s---fa-	n-s---fa-	
3128	σύ	p2s---cg-	σύ	σύ	p-s---mg-	p2s---cg-	
3129	ὁ	l-s---mn-	ὁ	ὁ	l-s---mn-	l-s---mn-	
3130	πατήρ	n-s---mn-	πατήρ	πατήρ	n-s---mn-	n-s---mn-	
3131	καί	b--------	καί	καί	c--------	b--------	
3132	φυτεύω	v3saia---	φυτεύω	φυτεύω	v3saia---	v3saia---	
3133	σύ	p2s---ca-	σύ	σύ	p-s---ma-	p2s---ca-	
3134	;	u--------	;	;	u--------	u--------	
3135	φράζω	v2sama---	φράζω	φράζω	v2sama---	v2sama---	
3136	οὖν	g--------	οὖν	οὖν	d--------	g--------	
3137	,	u--------	,	,	u--------	u--------	
3138	οὗτος	p-p---md-	οὗτος	οὗτος	p-p---md-	p-p---md-	
3139	ἐγώ	p1p---cg-	ἐγώ	ἐγώ	p1p---mg-	p1p---cg-	
3140	,	u--------	,	,	u--------	u--------	
3141	ὁ	l-p---md-	ὁ	ὁ	l-p---md-	l-p---md-	
3142	νόμος	n-p---md-	νόμος	νόμος	n-p---md-	n-p---md-	
3143	ὁ	l-p---md-	ὁ	ὁ	l-p---md-	l-p---md-	
3144	περί	r--------	περί	περί	r--------	r--------	
3145	ὁ	l-p---ma-	ὁ	ὁ	l-p---ma-	l-p---ma-	
3146	γάμος	n-p---ma-	γάμος	γάμος	n-p---ma-	n-p---ma-	
3147	,	u--------	,	,	u--------	u--------	
3148	μέμφομαι	v2spim---	μέμφομαι	μέμφομαι	v2spie---	v2spim---	
3149	τις	p-s---na-	τις	τις	p-s---na-	p-s---na-	
3150	ὡς	c--------	ὡς	ὡς	d--------	c--------	
3151	οὐ	d--------	οὐ	οὐ	d--------	d--------	
3152	καλός	d--------	καλός	καλός	d--------	d--------	
3153	ἔχω	v3ppia---	ἔχω	ἔχω	v-pppand-	v3ppia---	
3154	;	u--------	;	;	u--------	u--------	
3155	οὐ	d--------	οὐ	οὐ	d--------	d--------	
3156	μέμφομαι	v1spim---	μέμφομαι	μέμφομαι	v1spie---	v1spim---	
3157	,	u--------	,	,	u--------	u--------	
3158	φημί	v1spoa---	φημί	φημί	v1spoa---	v1spoa---	
3159	ἄν	g--------	ἄν	ἄν	d--------	g--------	
3160	.	u--------	.	.	u--------	u--------	
3161	ἀλλά	b--------	ἀλλά	ἀλλά	d--------	b--------	
3162	ὁ	l-p---md-	ὁ	ὁ	l-p---md-	l-p---md-	
3163	περί	r--------	περί	περί	r--------	r--------	
3164	ὁ	l-s---fa-	ὁ	ὁ	l-s---fa-	l-s---fa-	
3165	ὁ	l-s---mg-	ὁ	ὁ	l-s---ng-	l-s---mg-	
3166	γίγνομαι	v-sapmmg-	γίγνομαι	γίγνομαι	v-sapmmg-	v-sapmmg-	
3167	τροφή	n-s---fa-	τροφή	τροφή	n-s---fa-	n-s---fa-	
3168	τε	b--------	τε	τε	d--------	b--------	
3169	καί	b--------	καί	καί	c--------	b--------	
3170	παιδεία	n-s---fa-	παιδεία	παιδεία	n-s---fa-	n-s---fa-	
3171	ἐν	r--------	ἐν	ἐν	r--------	r--------	
3172	ὅς	p-s---fd-	ὅς	ὅς	p-s---fd-	p-s---fd-	
3173	καί	d--------	καί	καί	d--------	d--------	
3174	σύ	p2s---cn-	σύ	σύ	p-s---mn-	p2s---cn-	
3175	παιδεύω	v2saip---	παιδεύω	παιδεύω	v2saip---	v2saip---	
3176	;	u--------		;		u--------	glaux_only
3177	ἤ	b--------	ἤ1	ἤ	d--------	b--------	
3178	οὐ	d--------	οὐ	οὐ	d--------	d--------	
3179	καλός	d--------	καλός	καλός	d--------	d--------	
3180	προστάσσω	v3piia---	προστάσσω	προστάσσω	v3piia---	v3piia---	
3181	ἐγώ	p1p---cg-	ἐγώ	ἐγώ	p1p---mg-	p1p---cg-	
3182	ὁ	l-p---mn-	ὁ	ὁ	l-p---mn-	l-p---mn-	
3183	ἐπί	r--------	ἐπί	ἐπί	r--------	r--------	
3184	οὗτος	p-s---nd-	οὗτος	οὗτος	p-s---nd-	p-s---nd-	
3185	τάσσω	v-prpmmn-	τάσσω	τάσσω	v-prpemn-	v-prpmmn-	
3186	νόμος	n-p---mn-	νόμος	νόμος	n-p---mn-	n-p---mn-	
3187	,	u--------	,	,	u--------	u--------	
3188	παραγγέλλω	v-pppamn-	παραγγέλλω	παραγγέλλω	v-pppamn-	v-pppamn-	
3189	ὁ	l-s---md-	ὁ	ὁ	l-s---md-	l-s---md-	
3190	πατήρ	n-s---md-	πατήρ	πατήρ	n-s---md-	n-s---md-	
3191	ὁ	l-s---md-	ὁ	ὁ	l-s---md-	l-s---md-	
3192	σός	a-s---md-	σός	σός	a-s---md-	a-s---md-	
3193	σύ	p2s---ca-	σύ	σύ	p-s---ma-	p2s---ca-	
3194	ἐν	r--------	ἐν	ἐν	r--------	r--------	
3195	μουσικός	a-s---fd-	μουσική	μουσικός	n-s---fd-	a-s---fd-	DISAGREE
3196	καί	b--------	καί	καί	c--------	b--------	
3197	γυμναστικός	a-s---fd-	γυμναστικός	γυμναστικός	a-s---fd-	a-s---fd-	
3198	παιδεύω	v--pna---	παιδεύω	παιδεύω	v--pna---	v--pna---	
3199	;	u--------	;	;	u--------	u--------	
3200	καλός	d--------	καλός	καλός	d--------	d--------	
3201	,	u--------	,	,	u--------	u--------	
3202	φημί	v1spoa---	φημί	φημί	v1spoa---	v1spoa---	
3203	ἄν	g--------	ἄν	ἄν	d--------	g--------	
3204	.	u--------	.	.	u--------	u--------	
3205	εἰμί	v3ppoa---	εἰμί	εἰμί	d--------	v3ppoa---	
3206	.	u--------	.	.	u--------	u--------	
3207	ἐπειδή	c--------	ἐπεί	ἐπειδή	c--------	c--------	DISAGREE
3208	δέ	b--------	δέ	δέ	d--------	b--------	
3209	γίγνομαι	v2saim---	γίγνομαι	γίγνομαι	v2saim---	v2saim---	
3210	τε	b--------	τε	τε	d--------	b--------	
3211	καί	b--------	καί	καί	d--------	b--------	
3212	ἐκτρέφω	v2saip---	ἐκτρέφω	ἐκτρέφω	v2saip---	v2saip---	
3213	καί	b--------	καί	καί	c--------	b--------	
3214	παιδεύω	v2saip---	παιδεύω	παιδεύω	v2saip---	v2saip---	
3215	,	u--------	,	,	u--------	u--------	
3216	ἔχω	v2spoa---	ἔχω	ἔχω	v2spoa---	v2spoa---	
3217	ἄν	g--------	ἄν	ἄν	d--------	g--------	
3218	λέγω	v--ana---	εἶπον	λέγω	v--ana---	v--ana---	DISAGREE
3219	πρότερος	d-------c	πρῶτος	πρότερος	a-s---na-	d-------c	DISAGREE
3220	μέν	g--------	μέν	μέν	d--------	g--------	
3221	ὡς	c--------	ὡς	ὡς	c--------	c--------	
3222	οὐ	d--------	οὐ	οὐ	d--------	d--------	
3223	ἡμέτερος	p-s---mn-	ἡμέτερος	ἡμέτερος	a-s---mn-	p-s---mn-	
3224	εἰμί	v2siia---	εἰμί	εἰμί	v2spsa---	v2siia---	
3225	καί	b--------	καί	καί	d--------	b--------	
3226	ἔκγονος	a-s---mn-	ἔκγονος	ἔκγονος	a-s---mn-	a-s---mn-	
3227	καί	b--------	καί	καί	c--------	b--------	
3228	δοῦλος	n-s---mn-	δοῦλος	δοῦλος	a-s---mn-	n-s---mn-	
3229	,	u--------	,	,	u--------	u--------	
3230	αὐτός	p-s---mn-	αὐτός	αὐτός	p-s---mn-	p-s---mn-	
3231	τε	b--------	τε	τε	d--------	b--------	
3232	καί	b--------	καί	καί	c--------	b--------	
3233	ὁ	l-p---mn-	ὁ	ὁ	l-p---mn-	l-p---mn-	
3234	σός	a-p---mn-	σύ	σός	p-s---md-	a-p---mn-	DISAGREE
3235	πρόγονος	n-p---mn-	πρόγονος	πρόγονος	n-p---mn-	n-p---mn-	
3236	;	u--------	;	;	u--------	u--------	
3237	καί	b--------	καί	καί	d--------	b--------	
3238	εἰ	c--------	εἰ	εἰ	c--------	c--------	
3239	οὗτος	p-s---nn-	οὗτος	οὗτος	p-p---na-	p-s---nn-	
3240	οὕτως	d--------	οὕτως	οὕτως	d--------	d--------	
3241	ἔχω	v3spia---	ἔχω	ἔχω	v3spia---	v3spia---	
3242	,	u--------	,	,	u--------	u--------	
3243	ἆρα	g--------	ἆρα	ἆρα	d--------	g--------	
3244	ἐκ	r--------	ἐκ	ἐκ	r--------	r--------	
3245	ἴσος	a-s---ng-	ἴσος	ἴσος	a-s---ng-	a-s---ng-	
3246	οἴομαι	v2spim---	οἴομαι	οἴομαι	v2spie---	v2spim---	
3247	εἰμί	v--pna---	εἰμί	εἰμί	v--pna---	v--pna---	
3248	σύ	p2s---cd-	σύ	σύ	p-s---md-	p2s---cd-	
3249	ὁ	l-s---na-	ὁ	ὁ	l-s---na-	l-s---na-	
3250	δίκαιος	a-s---na-	δίκαιος	δίκαιος	a-s---na-	a-s---na-	
3251	καί	b--------	καί	καί	c--------	b--------	
3252	ἐγώ	p1p---cd-	ἐγώ	ἐγώ	p-p---md-	p1p---cd-	
3253	,	u--------	,	,	u--------	u--------	
3254	καί	b--------	καί	καί	c--------	b--------	
3255	ὅστις	p-p---na-	ὅστις	ὅστις	p-p---na-	p-p---na-	
3256	ἄν	g--------	ἄν	ἄν	d--------	g--------	
3257	ἐγώ	p1p---cn-	ἐγώ	ἐγώ	p1p---mn-	p1p---cn-	
3258	σύ	p2s---ca-	σύ	σύ	p-s---ma-	p2s---ca-	
3259	ἐπιχειρέω	v1ppsa---	ἐπιχειρέω	ἐπιχειρέω	v1ppsa---	v1ppsa---	
3260	ποιέω	v--pna---	ποιέω	ποιέω	v--pna---	v--pna---	
3261	,	u--------	,	,	u--------	u--------	
3262	καί	d--------	καί	καί	d--------	d--------	
3263	σύ	p2s---cd-	σύ	σύ	p-s---md-	p2s---cd-	
3264	οὗτος	p-p---na-	οὗτος	οὗτος	p-p---na-	p-p---na-	
3265	ἀντιποιέω	v--pna---	ἀντιποιέω	ἀντιποιέω	v--pna---	v--pna---	
3266	οἴομαι	v2spim---	οἴομαι	οἴομαι	v2spie---	v2spim---	
3267	δίκαιος	a-s---na-	δίκαιος	δίκαιος	a-s---na-	a-s---na-	
3268	εἰμί	v--pna---	εἰμί	εἰμί	v--pna---	v--pna---	
3269	;	u--------	;	;	u--------	u--------	
3270	ἤ	b--------	ἤ1	ἤ	d--------	b--------	
3271	πρός	r--------	πρός	πρός	r--------	r--------	
3272	μέν	g--------	μέν	μέν	d--------	g--------	
3273	ἄρα	g--------	ἄρα	ἄρα	d--------	g--------	
3274	σύ	p2s---cd-	σύ	σύ	p-s---md-	p2s---cd-	
3275	ὁ	l-s---ma-	ὁ	ὁ	l-s---ma-	l-s---ma-	
3276	πατήρ	n-s---ma-	πατήρ	πατήρ	n-s---ma-	n-s---ma-	
3277	οὐ	d--------	οὐ	οὐ	d--------	d--------	
3278	ἐκ	r--------	ἐκ	ἐκ	r--------	r--------	
3279	ἴσος	a-s---ng-	ἴσος	ἴσος	a-s---ng-	a-s---ng-	
3280	εἰμί	v3siia---	εἰμί	εἰμί	v3siia---	v3siia---	
3281	ὁ	l-s---nn-	ὁ	ὁ	l-s---na-	l-s---nn-	
3282	δίκαιος	a-s---nn-	δίκαιος	δίκαιος	a-s---nn-	a-s---nn-	
3283	καί	b--------	καί	καί	c--------	b--------	
3284	πρός	r--------	πρός	πρός	r--------	r--------	
3285	δεσπότης	n-s---ma-	δεσπότης	δεσπότης	n-s---ma-	n-s---ma-	
3286	,	u--------	,	,	u--------	u--------	
3287	εἰ	c--------	εἰ	εἰ	c--------	c--------	
3288	σύ	p2s---cd-	σύ	σύ	p-s---md-	p2s---cd-	
3289	εἰμί	v-sppamn-	εἰμί	εἰμί	v-sppamn-	v-sppamn-	
3290	τυγχάνω	v3siia---	τυγχάνω	τυγχάνω	v3siia---	v3siia---	
3291	,	u--------	,	,	u--------	u--------	
3292	ὥστε	c--------	ὥστε	ὥστε	c--------	c--------	
3293	ὅς	p-p---na-	ὅσπερ	ὅς	p-p---na-	p-p---na-	DISAGREE
3294	πάσχω	v2spoa---	πάσχω	πάσχω	v2spoa---	v2spoa---	
3295	οὗτος	p-p---na-	οὗτος	οὗτος	p-p---na-	p-p---na-	
3296	καί	d--------	καί	καί	d--------	d--------	
3297	ἀντιποιέω	v--pna---	ἀντιποιέω	ἀντιποιέω	v--pna---	v--pna---	
3298	,	u--------	,	,	u--------	u--------	
3299	οὐ	d--------	οὐ	οὐ	d--------	d--------	
3300	τε	d--------	τε		d--------		oga_only
3301	κακός	d--------	κακός		d--------		oga_only
3302	ἀκούω	v-pppann-	ἀκούω		v-pppann-		oga_only
3303	ἀντιλέγω	v--pna---	ἀντιλέγω	ἀντιλέγω	v--pna---	v--pna---	
3304	οὐ	d--------	οὐ	οὐ	d--------	d--------	
3305	τε	d--------	τε		d--------		oga_only
3306	τύπτω	v-sppema-	τύπτω		v-sppema-		oga_only
3307	ἀντιτύπτω	v--pna---	ἀντιτύπτω		v--pna---		oga_only
3308	οὐ	d--------	οὐ		d--------		oga_only
3309	τε	c--------	τε		c--------		oga_only
3310	ἄλλος	a-p---na-	ἄλλος		a-p---na-		oga_only
3311	τοιοῦτος	p-p---na-	τοιοῦτος		p-p---na-		oga_only
3312	πολύς	a-p---na-	πολύς		a-p---na-		oga_only
3313							unmatched
3314	πρός	r--------	πρός	πρός	r--------	r--------	
3315	δέ	b--------	δέ	δέ	d--------	b--------	
3316	ὁ	l-s---fa-	ὁ	ὁ	l-s---fa-	l-s---fa-	
3317	πατρίς	n-s---fa-	πατρίς	πατρίς	n-s---fa-	n-s---fa-	
3318	ἄρα	g--------	ἄρα	ἄρα	d--------	g--------	
3319	καί	b--------	καί	καί	c--------	b--------	
3320	ὁ	l-p---ma-	ὁ	ὁ	l-p---ma-	l-p---ma-	
3321	νόμος	n-p---ma-	νόμος	νόμος	n-p---ma-	n-p---ma-	
3322	ἔξεστι	v3sfim---	ἔξεστι	ἔξεστι	v3sfim---	v3sfim---	
3323	σύ	p2s---cd-	σύ	σύ	p-s---md-	p2s---cd-	
3324	,	u--------	,	,	u--------	u--------	
3325	ὥστε	c--------	ὥστε	ὥστε	c--------	c--------	
3326	,	u--------	,	,	u--------	u--------	
3327	ἐάν	c--------	ἐάν	ἐάν	c--------	c--------	
3328	σύ	p2s---ca-	σύ	σύ	p-s---ma-	p2s---ca-	
3329	ἐπιχειρέω	v1ppsa---	ἐπιχειρέω	ἐπιχειρέω	v1ppsa---	v1ppsa---	
3330	ἐγώ	p1p---cn-	ἐγώ	ἐγώ	p1p---mn-	p1p---cn-	
3331	ἀπόλλυμι	v--pna---	ἀπόλλυμι	ἀπόλλυμι	v--pna---	v--pna---	
3332	δίκαιος	a-s---na-	δίκαιος	δίκαιος	a-s---ma-	a-s---na-	
3333	ἡγέομαι	v-pppmmn-	ἡγέομαι	ἡγέομαι	v-pppmmn-	v-pppmmn-	
3334	εἰμί	v--pna---	εἰμί	εἰμί	v--pna---	v--pna---	
3335	,	u--------	,	,	u--------	u--------	
3336	καί	d--------	καί	καί	d--------	d--------	
3337	σύ	p2s---cn-	σύ	σύ	p-s---mn-	p2s---cn-	
3338	δέ	b--------	δέ	δέ	d--------	b--------	
3339	ἐγώ	p1p---ca-	ἐγώ	ἐγώ	p1p---ma-	p1p---ca-	
3340	ὁ	l-p---ma-	ὁ	ὁ	l-p---ma-	l-p---ma-	
3341	νόμος	n-p---ma-	νόμος	νόμος	n-p---ma-	n-p---ma-	
3342	καί	b--------	καί	καί	c--------	b--------	
3343	ὁ	l-s---fa-	ὁ	ὁ	l-s---fa-	l-s---fa-	
3344	πατρίς	n-s---fa-	πατρίς	πατρίς	n-s---fa-	n-s---fa-	
3345	κατά	r--------	κατά	κατά	r--------	r--------	
3346	ὅσος	p-s---na-	ὅσος	ὅσος	a-s---na-	p-s---na-	
3347	δύναμαι	v2spim---	δύναμαι	δύναμαι	v2spie---	v2spim---	
3348	ἐπιχειρέω	v2sfia---	ἐπιχειρέω	ἐπιχειρέω	v2sfia---	v2sfia---	
3349	ἀνταπόλλυμι	v--pna---	ἀνταπόλλυμι	ἀνταπόλλυμι	v--pna---	v--pna---	
3350	,	u--------	,	,	u--------	u--------	
3351	καί	b--------	καί	καί	c--------	b--------	
3352	φημί	v2sfia---	φημί	φημί	v2sfia---	v2sfia---	
3353	οὗτος	p-p---na-	οὗτος	οὗτος	p-p---na-	p-p---na-	
3354	ποιέω	v-sppamn-	ποιέω	ποιέω	v-sppamn-	v-sppamn-	
3355	δίκαιος	a-p---na-	δίκαιος	δίκαιος	a-p---na-	a-p---na-	
3356	πράσσω	v--pna---	πράσσω	πράσσω	v--pna---	v--pna---	
3357	,	u--------	,	,	u--------	u--------	
3358	ὁ	l-s---mn-	ὁ	ὁ	l-s---mn-	l-s---mn-	
3359	ὁ	l-s---fd-	ὁ	ὁ	l-s---fd-	l-s---fd-	
3360	ἀλήθεια	n-s---fd-	ἀλήθεια	ἀλήθεια	n-s---fd-	n-s---fd-	
3361	ὁ	l-s---fg-	ὁ	ὁ	l-s---fg-	l-s---fg-	
3362	ἀρετή	n-s---fg-	ἀρετή	ἀρετή	n-s---fg-	n-s---fg-	
3363	ἐπιμελέομαι	v-sppmmn-	ἐπιμελέομαι	ἐπιμελέομαι	v-sppemn-	v-sppmmn-	
3364	;	u--------	;	;	u--------	u--------	
3365	ἤ	b--------	ἤ1	ἤ	d--------	b--------	
3366	οὕτως	d--------	οὕτως	οὕτως	d--------	d--------	
3367	εἰμί	v2spia---	εἰμί	εἰμί	v2spia---	v2spia---	
3368	σοφός	a-s---mn-	σοφός	σοφός	a-s---mn-	a-s---mn-	
3369	ὥστε	c--------	ὥστε	ὥστε	c--------	c--------	
3370	λανθάνω	v3sria---	λανθάνω	λανθάνω	v3sria---	v3sria---	
3371	σύ	p2s---ca-	σύ	σύ	p-s---ma-	p2s---ca-	
3372	ὅτι	c--------	ὅτι	ὅτι	c--------	c--------	
3373	μήτηρ	n-s---fg-	μήτηρ	μήτηρ	n-s---fg-	n-s---fg-	
3374	τε	b--------	τε	τε	d--------	b--------	
3375	καί	b--------	καί	καί	c--------	b--------	
3376	πατήρ	n-s---mg-	πατήρ	πατήρ	n-s---mg-	n-s---mg-	
3377	καί	b--------	καί	καί	c--------	b--------	
3378	ὁ	l-p---mg-	ὁ	ὁ	l-p---mg-	l-p---mg-	
3379	ἄλλος	p-p---mg-	ἄλλος	ἄλλος	a-p---mg-	p-p---mg-	
3380	πρόγονος	n-p---mg-	πρόγονος	πρόγονος	n-p---mg-	n-p---mg-	
3381	ἅπας	a-p---mg-	ἅπας	ἅπας	a-p---ng-	a-p---mg-	
3382	τίμιος	a-s---nnc	τίμιος	τίμιος	a-------c	a-s---nnc	
3383	εἰμί	v3spia---	εἰμί	εἰμί	v3spia---	v3spia---	
3384	πατρίς	n-s---fn-	πατρίς	πατρίς	n-s---mn-	n-s---fn-	
3385	καί	b--------	καί	καί	d--------	b--------	
3386	σεμνός	a-s---nnc	σεμνός	σεμνός	a-------c	a-s---nnc	
3387	καί	b--------	καί	καί	d--------	b--------	
3388	ἅγιος	a-s---nnc	ἅγιος	ἅγιος	a-------c	a-s---nnc	
3389	καί	b--------	καί	καί	c--------	b--------	
3390	ἐν	r--------	ἐν	ἐν	r--------	r--------	
3391	μέγας	a-s---fdc	μέγας	μέγας	a-s---fdc	a-s---fdc	
3392	μοῖρα	n-s---fd-	μοῖρα	μοῖρα	n-s---fd-	n-s---fd-	
3393	καί	b--------	καί	καί	d--------	b--------	
3394	παρά	r--------	παρά	παρά	r--------	r--------	
3395	θεός	n-p---md-	θεός	θεός	n-p---md-	n-p---md-	
3396	καί	b--------	καί	καί	c--------	b--------	
3397	παρά	r--------	παρά	παρά	r--------	r--------	
3398	ἄνθρωπος	n-p---md-	ἄνθρωπος	ἄνθρωπος	n-p---md-	n-p---md-	
3399	ὁ	l-p---md-	ὁ	ὁ	l-p---md-	l-p---md-	
3400	νόος	n-s---ma-	νόος	νόος	n-s---ma-	n-s---ma-	
3401	ἔχω	v-pppamd-	ἔχω	ἔχω	v-pppamd-	v-pppamd-	
3402	,	u--------	,	,	u--------	u--------	
3403	καί	b--------	καί	καί	d--------	b--------	
3404	σέβω	v--pnm---	σέβομαι	σέβω	v--pne---	v--pnm---	DISAGREE
3405	δέω	v3spia---	δεῖ	δέω	v3siia---	v3spia---	DISAGREE
3406	καί	b--------	καί	καί	d--------	b--------	
3407	μάλα	d-------c	μᾶλλον	μάλα	d--------	d-------c	DISAGREE
3408	ὑπείκω	v--pna---	ὑπείκω	ὑπείκω	v--rna---	v--pna---	
3409	καί	b--------	καί	καί	c--------	b--------	
3410	θωπεύω	v--pna---	θωπεύω	θωπεύω	v--pna---	v--pna---	
3411	πατρίς	n-s---fa-	πατρίς	πατρίς	n-s---fa-	n-s---fa-	
3412	χαλεπαίνω	v-sppafa-	χαλεπαίνω	χαλεπαίνω	v-sppafa-	v-sppafa-	
3413	ἤ	c--------	ἤ1	ἤ	c--------	c--------	
3414	πατήρ	n-s---ma-	πατήρ	πατήρ	n-s---ma-	n-s---ma-	
3415	,	u--------	,	,	u--------	u--------	
3416	καί	b--------	καί	καί	d--------	b--------	
3417	ἤ	b--------	ἤ1	ἤ	d--------	b--------	
3418	πείθω	v--pna---	πείθω	πείθω	v--pna---	v--pna---	
3419	ἤ	b--------	ἤ1	ἤ	c--------	b--------	
3420	ποιέω	v--pna---	ποιέω	ποιέω	v--pna---	v--pna---	
3421	ὅς	p-p---na-	ὅς	ὅς	p-p---na-	p-p---na-	
3422	ἄν	g--------	ἄν	ἄν	d--------	g--------	
3423	κελεύω	v3spsa---	κελεύω	κελεύω	v3spsa---	v3spsa---	
3424	,	u--------	,	,	u--------	u--------	
3425	καί	b--------	καί	καί	c--------	b--------	
3426	πάσχω	v--pna---	πάσχω	πάσχω	v--pna---	v--pna---	
3427	ἐάν	c--------	ἐάν	ἐάν	c--------	c--------	
3428	τις	p-s---na-	τις	τις	p-s---na-	p-s---na-	
3429	προστάσσω	v3spsa---	προστάσσω	προστάσσω	v3spsa---	v3spsa---	
3430	πάσχω	v--ana---	πάσχω	πάσχω	v--ana---	v--ana---	
3431	ἡσυχία	n-s---fa-	ἡσυχία	ἡσυχία	n-s---fa-	n-s---fa-	
3432	ἄγω	v-sppama-	ἄγω	ἄγω	v-sppama-	v-sppama-	
3433	,	u--------	,	,	u--------	u--------	
3434	ἐάν	c--------	ἐάν		c--------		oga_only
3435	τύπτω	v--pnm---	τύπτω	τύπτω	v--pne---	v--pnm---	
3436	ἐάν	c--------	ἐάν		c--------		oga_only
3437	δέω	v--pnm---	δέω2	δέω	v--pne---	v--pnm---	
3438	,	u--------	,	,	u--------	u--------	
3439	ἐάν	c--------	ἐάν		c--------		oga_only
3440	εἰς	r--------	εἰς	εἰς	r--------	r--------	
3441	πόλεμος	n-s---ma-	πόλεμος	πόλεμος	n-s---ma-	n-s---ma-	
3442	ἄγω	v3spsa---	ἄγω	ἄγω	v3spsa---	v3spsa---	
3443	τιτρώσκω	v-sfppma-	τιτρώσκω	τιτρώσκω	v-sfppma-	v-sfppma-	
3444	ἤ	b--------	ἤ1	ἤ	c--------	b--------	
3445	ἀποθνῄσκω	v-sfpmma-	ἀποθνήσκω	ἀποθνῄσκω	v-sfpmma-	v-sfpmma-	
3446	,	u--------	,	,	u--------	u--------	
3447	ποιέω	a-s---nn-	ποιητέος	ποιέω	a-s---nn-	a-s---nn-	DISAGREE
3448	οὗτος	p-p---na-	οὗτος	οὗτος	p-p---na-	p-p---na-	
3449	,	u--------	,	,	u--------	u--------	
3450	καί	b--------	καί	καί	d--------	b--------	
3451	ὁ	l-s---nn-	ὁ	ὁ	l-s---nn-	l-s---nn-	
3452	δίκαιος	a-s---nn-	δίκαιος	δίκαιος	a-s---nn-	a-s---nn-	
3453	οὕτως	d--------	οὕτως	οὕτως	d--------	d--------	
3454	ἔχω	v3spia---	ἔχω	ἔχω	v3spia---	v3spia---	
3455	,	u--------	,	,	u--------	u--------	
3456	καί	b--------	καί	καί	c--------	b--------	
3457	οὐ	d--------	οὐ	οὐ	d--------	d--------	
3458	ὑπείκω	a-s---nn-	ὑπεικτέον	ὑπείκω	a-s---nn-	a-s---nn-	DISAGREE
3459	οὐ	d--------	οὐ	οὐ	d--------	d--------	
3460	δέ	d--------	δέ		d--------		oga_only
3461	ἀναχωρητέον	a-s---nn-	ἀναχωρητέον		a-s---nn-		oga_only
3462	οὐ	d--------	οὐ		d--------		oga_only
3463	δέ	c--------	δέ		c--------		oga_only
3464	λειπτέον	a-s---nn-	λειπτέον		a-s---nn-		oga_only
3465	ὁ	l-s---fa-	ὁ		l-s---fa-		oga_only
3466	τάξις	n-s---fa-	τάξις		n-s---fa-		oga_only
3467	,	u--------	,		u--------		oga_only
3468	ἀλλά	c--------	ἀλλά		c--------		oga_only
3469	καί	b--------	καί	καί	d--------	b--------	
3470	ἐν	r--------	ἐν	ἐν	r--------	r--------	
3471	πόλεμος	n-s---md-	πόλεμος		n-s---md-		oga_only
3472	καί	b--------	καί	καί	d--------	b--------	
3473	ἐν	r--------	ἐν		r--------		oga_only
3474	δικαστήριον	n-s---nd-	δικαστήριον		n-s---nd-		oga_only
3475	καί	c--------	καί		c--------		oga_only
3476	πανταχοῦ	d--------	πανταχοῦ		d--------		oga_only
3477	ποιητέος	a-s---nn-	ποιητέος		a-s---nn-		oga_only
3478	ὅς	p-p---na-	ὅς		p-p---na-		oga_only
3479	ἄν	d--------	ἄν		d--------		oga_only
3480	κελεύω	v3spsa---	κελεύω		v3spsa---		oga_only
3481	ὁ	l-s---fn-	ὁ		l-s---fn-		oga_only
3482	πόλις	n-s---fn-	πόλις	πόλις	n-s---fn-	n-s---fn-	
3483	καί	b--------	καί	καί	c--------	b--------	
3484	ὁ	l-s---fn-	ὁ	ὁ	l-s---fn-	l-s---fn-	
3485	πατρίς	n-s---fn-	πατρίς	πατρίς	n-s---fn-	n-s---fn-	
3486	,	u--------	,	,	u--------	u--------	
3487	ἤ	b--------	ἤ1	ἤ	c--------	b--------	
3488	πείθω	v--pna---	πείθω	πείθω	v--pna---	v--pna---	
3489	αὐτός	p-s---fa-	αὐτός	αὐτός	p-s---fa-	p-s---fa-	
3490	ᾗ	d--------	ὅς	ᾗ	p-s---fd-	d--------	DISAGREE
3491	ὁ	l-s---nn-	ὁ	ὁ	l-s---nn-	l-s---nn-	
3492	δίκαιος	a-s---nn-	δίκαιος	δίκαιος	a-s---nn-	a-s---nn-	
3493	φύω	v3sria---	φύω	φύω	v3sria---	v3sria---	
3494	·	u--------		·		u--------	glaux_only
3495	βιάζω	v--pnm---	βιάζω	βιάζω	v--pne---	v--pnm---	
3496	δέ	b--------	δέ	δέ	d--------	b--------	
3497	οὐ	d--------	οὐ	οὐ	d--------	d--------	
3498	ὅσιος	a-s---nn-	ὅσιος	ὅσιος	a-s---nn-	a-s---nn-	
3499	οὐ	d--------	οὐ	οὐ	d--------	d--------	
3500	τε	d--------	τε		d--------		oga_only
3501	μήτηρ	n-s---fa-	μήτηρ		n-s---fa-		oga_only
3502	οὐ	d--------	οὐ		d--------		oga_only
3503	τε	c--------	τε		c--------		oga_only
3504	πατήρ	n-s---ma-	πατήρ		n-s---ma-		oga_only
3505	,	u--------	,		u--------		oga_only
3506	πολύς	a-s---nn-	πολύς		a-s---nn-		oga_only
3507	δέ	c--------	δέ		c--------		oga_only
3508	οὗτος	p-p---ng-	οὗτος		p-p---ng-		oga_only
3509	ἔτι	d--------	ἔτι		d--------		oga_only
3510	ἥσσων	a-s---nnc	ἥσσων		a-s---nnc		oga_only
3511	ὁ	l-s---fa-	ὁ		l-s---fa-		oga_only
3512	πατρίς	n-s---fa-	πατρίς		n-s---fa-		oga_only
3513							unmatched
3514	τίς	p-s---na-	τίς		p-s---na-		oga_only
3515	φημί	v1pasa---	φημί		v1pasa---		oga_only
3516	πρός	r--------	πρός		r--------		oga_only
3517	οὗτος	p-p---na-	οὗτος		p-p---na-		oga_only
3518	,	u--------	,		u--------		oga_only
3519	ὦ	i--------	ὦ		i--------		oga_only
3520	κρίτων	n-s---mv-	κρίτων		n-s---mv-		oga_only
3521	;	u--------	;		u--------		oga_only
3522	ἀληθής	a-p---na-	ἀληθής		a-p---na-		oga_only
3523	λέγω3	v--pna---	λέγω3		v--pna---		oga_only
3524	ὁ	l-p---ma-	ὁ		l-p---ma-		oga_only
3525	νόμος	n-p---ma-	νόμος		n-p---ma-		oga_only
3526	ἤ1	c--------	ἤ1		c--------		oga_only
3527	οὐ	d--------	οὐ		d--------		oga_only
3528	;	u--------		;		u--------	glaux_only
3529	ἐγώ	p1s---cd-	ἐγώ	ἐγώ	p1s---cd-	p1s---cd-	
3530	δοκέω	v3spia---	δοκέω	δοκέω	v3spia---	v3spia---	
3531	.	u--------	.	.	u--------	u--------	
3532	σκοπέω	v2spma---	σκοπέω	σκοπέω	v2spma---	v2spma---	
3533	τοίνυν	g--------	τοίνυν	τοίνυν	d--------	g--------	
3534	,	u--------	,	,	u--------	u--------	
3535	ὦ	i--------	ὦ	ὦ	i--------	i--------	
3536	Σωκράτης	n-s---mv-	σωκράτης	Σωκράτης	n-s---mv-	n-s---mv-	
3537	,	u--------	,	,	u--------	u--------	
3538	φημί	v3ppoa---	φημί	φημί	v3ppoa---	v3ppoa---	
3539	ἄν	g--------	ἄν	ἄν	d--------	g--------	
3540	ἴσως	d--------	ἴσως	ἴσως	d--------	d--------	
3541	ὁ	l-p---mn-	ὁ	ὁ	l-p---mn-	l-p---mn-	
3542	νόμος	n-p---mn-	νόμος	νόμος	n-p---mn-	n-p---mn-	
3543	,	u--------	,	,	u--------	u--------	
3544	εἰ	c--------	εἰ	εἰ	c--------	c--------	
3545	ἐγώ	p1p---cn-	ἐγώ	ἐγώ	p1p---mn-	p1p---cn-	
3546	οὗτος	p-p---na-	οὗτος	οὗτος	p-p---na-	p-p---na-	
3547	ἀληθής	a-p---na-	ἀληθής	ἀληθής	a-p---na-	a-p---na-	
3548	λέγω	v1ppia---	λέγω3	λέγω	v1ppia---	v1ppia---	
3549	,	u--------	,	,	u--------	u--------	
3550	ὅτι	c--------	ὅτι	ὅτι	c--------	c--------	
3551	οὐ	d--------	οὐ	οὐ	d--------	d--------	
3552	δίκαιος	a-p---na-	δίκαιος	δίκαιος	a-p---na-	a-p---na-	
3553	ἐγώ	p1p---ca-	ἐγώ	ἐγώ	p1p---ma-	p1p---ca-	
3554	ἐπιχειρέω	v2spia---	ἐπιχειρέω	ἐπιχειρέω	v2spia---	v2spia---	
3555	δράω	v--pna---	δράω	δράω	v-sppamv-	v--pna---	
3556	ὅς	p-p---na-	ὅς	ὅς	p-p---na-	p-p---na-	
3557	νῦν	d--------	νῦν	νῦν	d--------	d--------	
3558	ἐπιχειρέω	v2spia---	ἐπιχειρέω	ἐπιχειρέω	v2spia---	v2spia---	
3559	.	u--------	.	.	u--------	u--------	
3560	ἐγώ	p1p---cn-	ἐγώ	ἐγώ	p1p---mn-	p1p---cn-	
3561	γάρ	g--------	γάρ	γάρ	d--------	g--------	
3562	σύ	p2s---ca-	σύ	σύ	p-s---ma-	p2s---ca-	
3563	γεννάω	v-papamn-	γεννάω	γεννάω	v-papamn-	v-papamn-	
3564	,	u--------	,	,	u--------	u--------	
3565	ἐκτρέφω	v-papamn-	ἐκτρέφω	ἐκτρέφω	v-papamn-	v-papamn-	
3566	,	u--------	,	,	u--------	u--------	
3567	παιδεύω	v-papamn-	παιδεύω	παιδεύω	v-papamn-	v-papamn-	
3568	,	u--------	,	,	u--------	u--------	
3569	μεταδίδωμι	v-papamn-	μεταδίδωμι	μεταδίδωμι	v-papamn-	v-papamn-	
3570	ἅπας	a-p---ng-	ἅπας	ἅπας	a-p---mg-	a-p---ng-	
3571	ὅς	p-p---ng-	ὅς	ὅς	p-p---ng-	p-p---ng-	
3572	οἷος	p-p---mn-	οἷος	οἷος	a-p---mn-	p-p---mn-	
3573	τε	c--------	τε	τε	d--------	c--------	
3574	εἰμί	v1piia---	εἰμί	εἰμί	v--ina---	v1piia---	
3575	καλός	a-p---ng-	καλός	καλός	a-p---ng-	a-p---ng-	
3576	σύ	p2s---cd-	σύ	σύ	p-s---md-	p2s---cd-	
3577	καί	b--------	καί	καί	c--------	b--------	
3578	ὁ	l-p---md-	ὁ	ὁ	l-p---md-	l-p---md-	
3579	ἄλλος	p-p---md-	ἄλλος	ἄλλος	a-p---md-	p-p---md-	
3580	πᾶς	a-p---md-	πᾶς	πᾶς	a-p---md-	a-p---md-	
3581	πολίτης	n-p---md-	πολίτης	πολίτης	n-p---md-	n-p---md-	
3582	,	u--------	,	,	u--------	u--------	
3583	ὅμως	d--------	ὅμως	ὅμως	d--------	d--------	
3584	προαγορεύω	v1ppia---	προαγορεύω	προαγορεύω	v1ppia---	v1ppia---	
3585	ὁ	l-s---nd-	ὁ	ὁ	l-s---md-	l-s---nd-	
3586	ἐξουσία	n-s---fa-	ἐξουσία	ἐξουσία	n-s---fa-	n-s---fa-	
3587	ποιέω	v--rna---	ποιέω	ποιέω	v--rna---	v--rna---	
3588	Ἀθηναῖος	a-p---mg-	ἀθήναιος	Ἀθηναῖος	n-p---mg-	a-p---mg-	
3589	ὁ	l-s---md-	ὁ	ὁ	l-s---md-	l-s---md-	
3590	βούλομαι	v-sppmmd-	βούλομαι	βούλομαι	v-sppemd-	v-sppmmd-	
3591	,	u--------	,	,	u--------	u--------	
3592	ἐπειδάν	c--------	ἐπειδάν	ἐπειδάν	c--------	c--------	
3593	δοκιμάζω	v3sasp---	δοκιμάζω	δοκιμάζω	v3sasp---	v3sasp---	
3594	καί	b--------	καί	καί	c--------	b--------	
3595	ὁράω	v3sasa---	ὁράω	ὁράω	v3sasa---	v3sasa---	
3596	ὁ	l-p---na-	ὁ	ὁ	l-p---nn-	l-p---na-	
3597	ἐν	r--------	ἐν	ἐν	r--------	r--------	
3598	ὁ	l-s---fd-	ὁ	ὁ	l-s---fd-	l-s---fd-	
3599	πόλις	n-s---fd-	πόλις	πόλις	n-d---fn-	n-s---fd-	
3600	πρᾶγμα	n-p---na-	πρᾶγμα	πρᾶγμα	n-p---nn-	n-p---na-	
3601	καί	b--------	καί	καί	c--------	b--------	
3602	ἐγώ	p1p---ca-	ἐγώ	ἐγώ	p1p---ma-	p1p---ca-	
3603	ὁ	l-p---ma-	ὁ	ὁ	l-p---ma-	l-p---ma-	
3604	νόμος	n-p---ma-	νόμος	νόμος	n-p---ma-	n-p---ma-	
3605	,	u--------	,	,	u--------	u--------	
3606	ὅς	p-s---md-	ὅς	ὅς	p-s---md-	p-s---md-	
3607	ἄν	g--------	ἄν	ἄν	d--------	g--------	
3608	μή	d--------	μή	μή	d--------	d--------	
3609	ἀρέσκω	v1ppsa---	ἀρέσκω	ἀρέσκω	v1ppsa---	v1ppsa---	
3610	ἐγώ	p1p---cn-	ἐγώ	ἐγώ	p1p---mn-	p1p---cn-	
3611	,	u--------	,	,	u--------	u--------	
3612	ἔξεστι	v--pna---	ἔξεστι	ἔξεστι	v--pna---	v--pna---	
3613	λαμβάνω	v-sapama-	λαμβάνω	λαμβάνω	v-papann-	v-sapama-	
3614	ὁ	l-p---na-	ὁ	ὁ	l-p---na-	l-p---na-	
3615	ἑαυτοῦ	p-s---mg-	ἑαυτοῦ	ἑαυτοῦ	p-s---mg-	p-s---mg-	
3616	ἀπέρχομαι	v--pna---	ἀπέρχομαι	ἀπέρχομαι	v--pna---	v--pna---	
3617	ὅποι	d--------	ὅποι	ὅποι	d--------	d--------	
3618	ἄν	g--------	ἄν	ἄν	d--------	g--------	
3619	βούλομαι	v3spsm---	βούλομαι	βούλομαι	v3spse---	v3spsm---	
3620	.	u--------	.	.	u--------	u--------	
3621	καί	b--------	καί	καί	d--------	b--------	
3622	οὐδείς	p-s---mn-	οὐδείς	οὐδείς	p-s---mn-	p-s---mn-	
3623	ἐγώ	p1p---cg-	ἐγώ	ἐγώ	p1p---mg-	p1p---cg-	
3624	ὁ	l-p---mg-	ὁ	ὁ	l-p---mg-	l-p---mg-	
3625	νόμος	n-p---mg-	νόμος	νόμος	n-p---mg-	n-p---mg-	
3626	ἐμποδών	d--------	ἐμποδών	ἐμποδών	d--------	d--------	
3627	εἰμί	v3spia---	εἰμί	εἰμί	v3spia---	v3spia---	
3628							unmatched
3629	ἀπαγορεύω	v3spia---	ἀπαγορεύω	ἀπαγορεύω	v3spia---	v3spia---	
3630	,	u--------	,	,	u--------	u--------	
3631	ἐάν	c--------	ἐάν		c--------		oga_only
3632	τις	p-s---cn-	τις	τις	p-s---mn-	p-s---cn-	
3633	βούλομαι	v3spsm---	βούλομαι	βούλομαι	v3spse---	v3spsm---	
3634	σύ	p2p---cg-	σύ	σύ	p-p---mg-	p2p---cg-	
3635	εἰς	r--------	εἰς	εἰς	r--------	r--------	
3636	ἀποικία	n-s---fa-	ἀποικία	ἀποικία	n-s---fa-	n-s---fa-	
3637	ἔρχομαι	v--pna---	εἶμι	ἔρχομαι	v--pna---	v--pna---	DISAGREE
3638	,	u--------	,	,	u--------	u--------	
3639	εἰ	c--------	εἰ	εἰ	c--------	c--------	
3640	μή	d--------	μή	μή	d--------	d--------	
3641	ἀρέσκω	v1ppoa---	ἀρέσκω	ἀρέσκω	v1ppoa---	v1ppoa---	
3642	ἐγώ	p1p---cn-	ἐγώ	ἐγώ	p1p---mn-	p1p---cn-	
3643	τε	b--------	τε	τε	d--------	b--------	
3644	καί	b--------	καί	καί	c--------	b--------	
3645	ὁ	l-s---fn-	ὁ	ὁ	l-s---fn-	l-s---fn-	
3646	πόλις	n-s---fn-	πόλις	πόλις	n-p---fa-	n-s---fn-	
3647	,	u--------	,	,	u--------	u--------	
3648	ἐάν	c--------	ἐάν		c--------		oga_only
3649	μετοικέω	v--pna---	μετοικέω	μετοικέω	v--pna---	v--pna---	
3650	ἄλλοτε	d--------	ἄλλοτε	ἄλλοτε	d--------	d--------	
3651	ποι	d--------	ποι	ποι	d--------	d--------	
3652	ἔρχομαι	v-sapamn-	ἔρχομαι	ἔρχομαι	v-sapamn-	v-sapamn-	
3653	,	u--------	,	,	u--------	u--------	
3654	ἔρχομαι	v--pna---	εἶμι	ἔρχομαι	v--pna---	v--pna---	DISAGREE
3655	ἐκεῖσε	d--------	ἐκεῖσε	ἐκεῖσε	d--------	d--------	
3656	ὅποι	d--------	ὅποι	ὅποι	d--------	d--------	
3657	ἄν	g--------	ἄν	ἄν	d--------	g--------	
3658	βούλομαι	v3spsm---	βούλομαι	βούλομαι	v3spse---	v3spsm---	
3659	,	u--------	,	,	u--------	u--------	
3660	ἔχω	v-sppama-	ἔχω	ἔχω	v-pppann-	v-sppama-	
3661	ὁ	l-p---na-	ὁ	ὁ	l-p---na-	l-p---na-	
3662	ἑαυτοῦ	p-s---mg-	ἑαυτοῦ	ἑαυτοῦ	p-s---mg-	p-s---mg-	
3663	.	u--------	.	.	u--------	u--------	
3664	ὅς	p-s---mn-	ὅς	ὅς	p3s---mn-	p-s---mn-	
3665	δέ	b--------	δέ	δέ	d--------	b--------	
3666	ἄν	g--------	ἄν	ἄν	d--------	g--------	
3667	σύ	p2p---cg-	σύ	σύ	p-p---mg-	p2p---cg-	
3668	παραμένω	v3sasa---	παραμένω	παραμένω	v3sasa---	v3sasa---	
3669	,	u--------	,	,	u--------	u--------	
3670	ὁράω	v-sppamn-	ὁράω	ὁράω	v-sppamv-	v-sppamn-	
3671	ὅς	p-s---ma-	ὅς	ὅς	p-s---ma-	p-s---ma-	
3672	τρόπος	n-s---ma-	τρόπος	τρόπος	n-s---ma-	n-s---ma-	
3673	ἐγώ	p1p---cn-	ἐγώ	ἐγώ	p1p---mn-	p1p---cn-	
3674	ὁ	l-p---fa-	ὁ	ὁ	l-p---fa-	l-p---fa-	
3675	τε	b--------	τε	τε	d--------	b--------	
3676	δίκη	n-p---fa-	δίκη	δίκη	n-p---fa-	n-p---fa-	
3677	δικάζω	v1ppia---	δικάζω	δικάζω	v1ppia---	v1ppia---	
3678	καί	b--------	καί	καί	c--------	b--------	
3679	ὁ	l-p---na-	ὁ		l-p---na-		oga_only
3680	ἄλλος	p-p---na-	ἄλλος		p-p---na-		oga_only
3681	ὁ	l-s---fa-	ὁ	ὁ	l-s---fa-	l-s---fa-	
3682	πόλις	n-s---fa-	πόλις	πόλις	n-s---fa-	n-s---fa-	
3683	διοικέω	v1ppia---	διοικέω	διοικέω	v1ppia---	v1ppia---	
3684	,	u--------	,	,	u--------	u--------	
3685	ἤδη	d--------	ἤδη	ἤδη	d--------	d--------	
3686	φημί	v1ppia---	φημί	φημί	v1ppia---	v1ppia---	
3687	οὗτος	p-s---ma-	οὗτος	οὗτος	p-s---ma-	p-s---ma-	
3688	ὁμολογέω	v--rna---	ὁμολογέω	ὁμολογέω	v--rna---	v--rna---	
3689	ἔργον	n-s---nd-	ἔργον	ἔργον	n-s---nd-	n-s---nd-	
3690	ἐγώ	p1p---cd-	ἐγώ	ἐγώ	p-p---md-	p1p---cd-	
3691	ὅς	p-p---na-	ὅς	ὅς	p-p---na-	p-p---na-	
3692	ἄν	g--------	ἄν	ἄν	d--------	g--------	
3693	ἐγώ	p1p---cn-	ἐγώ	ἐγώ	p1p---mn-	p1p---cn-	
3694	κελεύω	v1ppsa---	κελεύω	κελεύω	v1ppsa---	v1ppsa---	
3695	ποιέω	v--fna---	ποιέω	ποιέω	v--fna---	v--fna---	
3696	οὗτος	p-p---na-	οὗτος	οὗτος	p-p---na-	p-p---na-	
3697	,	u--------	,	,	u--------	u--------	
3698	καί	b--------	καί	καί	c--------	b--------	
3699	ὁ	l-s---ma-	ὁ	ὁ	l-s---ma-	l-s---ma-	
3700	μή	d--------	μή	μή	d--------	d--------	
3701	πείθω	v-sppmma-	πείθω	πείθω	v-sppema-	v-sppmma-	
3702	τριχῆ	d--------	τριχῆ	τριχῆ	d--------	d--------	
3703	φημί	v1ppia---	φημί	φημί	v1ppia---	v1ppia---	
3704	ἀδικέω	v--pna---	ἀδικέω	ἀδικέω	v--pna---	v--pna---	
3705	,	u--------	,	,	u--------	u--------	
3706	ὅτι	c--------	ὅτι	ὅτι	c--------	c--------	
3707	τε	b--------	τε	τε	d--------	b--------	
3708	γεννητής	n-p---md-	γεννητής	γεννητής	n-p---md-	n-p---md-	
3709	εἰμί	v-pppamd-	εἰμί	εἰμί	v-pppamd-	v-pppamd-	
3710	ἐγώ	p1p---cd-	ἐγώ	ἐγώ	p-p---md-	p1p---cd-	
3711	οὐ	d--------	οὐ	οὐ	d--------	d--------	
3712	πείθω	v3spim---	πείθω	πείθω	v3spie---	v3spim---	
3713	,	u--------	,	,	u--------	u--------	
3714	καί	b--------	καί	καί	d--------	b--------	
3715	ὅτι	c--------	ὅτι	ὅτι	c--------	c--------	
3716	τρέφω	v-pppamd-	τροφεύς	τρέφω	n-p---md-	v-pppamd-	DISAGREE
3717	,	u--------	,	,	u--------	u--------	
3718	καί	b--------	καί	καί	c--------	b--------	
3719	ὅτι	c--------	ὅτι	ὅτι	c--------	c--------	
3720	ὁμολογέω	v-sapamn-	ὁμολογέω	ὁμολογέω	v-sapamn-	v-sapamn-	
3721	ἐγώ	p1p---cd-	ἐγώ	ἐγώ	p-p---md-	p1p---cd-	
3722	πείθω	v--fnm---	πάσχω	πείθω	v--fnm---	v--fnm---	DISAGREE
3723	οὐ	d--------	οὐ	οὐ	d--------	d--------	
3724	τε	d--------	τε		d--------		oga_only
3725	πείθω	v3spie---	πείθω		v3spie---		oga_only
3726	οὐ	d--------	οὐ		d--------		oga_only
3727	τε	c--------	τε		c--------		oga_only
3728	πείθω	v3spia---	πείθω		v3spia---		oga_only
3729	ἐγώ	p1p---ma-	ἐγώ		p1p---ma-		oga_only
3730	,	u--------	,		u--------		oga_only
3731	εἰ	c--------	εἰ		c--------		oga_only
3732	μή	d--------	μή		d--------		oga_only
3733	καλός	d--------	καλός		d--------		oga_only
3734	τις	p-s---na-	τις		p-s---na-		oga_only
3735	ποιέω	v1ppia---	ποιέω		v1ppia---		oga_only
3736	,	u--------	,		u--------		oga_only
3737	προτίθημι	v-pppamg-	προτίθημι	προτίθημι	v-pppamg-	v-pppamg-	
3738	ἐγώ	p1p---cg-	ἐγώ	ἐγώ	p1p---mg-	p1p---cg-	
3739	καί	b--------	καί	καί	c--------	b--------	
3740	οὐ	d--------	οὐ	οὐ	d--------	d--------	
3741	ἄγριος	d--------	ἄγριος	ἄγριος	d--------	d--------	
3742	ἐπιτάσσω	v-pppamg-	ἐπιτάσσω	ἐπιτάσσω	v-pppamg-	v-pppamg-	
3743	ποιέω	v--pna---	ποιέω	ποιέω	v--pna---	v--pna---	
3744	ὅς	p-p---na-	ὅς	ὅς	p-p---na-	p-p---na-	
3745	ἄν	g--------	ἄν	ἄν	d--------	g--------	
3746	κελεύω	v1ppsa---	κελεύω	κελεύω	v1ppsa---	v1ppsa---	
3747	,	u--------	,	,	u--------	u--------	
3748	ἀλλά	b--------	ἀλλά	ἀλλά	c--------	b--------	
3749	ἐφίημι	v-pppamg-	ἐφίημι	ἐφίημι	v-pppamg-	v-pppamg-	
3750	δύο	m-d---ng-	δύο	δύο	a-d---ng-	m-d---ng-	
3751	ἕτερος	a-p---na-	ἕτερος	ἕτερος	a-p---na-	a-p---na-	
3752	,	u--------	,	,	u--------	u--------	
3753	ἤ	b--------	ἤ1	ἤ	d--------	b--------	
3754	πείθω	v--pna---	πείθω	πείθω	v--pna---	v--pna---	
3755	ἐγώ	p1p---ca-	ἐγώ	ἐγώ	p1p---ma-	p1p---ca-	
3756	ἤ	b--------	ἤ1	ἤ	c--------	b--------	
3757	ποιέω	v--pna---	ποιέω	ποιέω	v--pna---	v--pna---	
3758	,	u--------	,	,	u--------	u--------	
3759	οὗτος	p-p---ng-	οὗτος	οὗτος	p-p---ng-	p-p---ng-	
3760	οὐδέτερος	p-p---na-	οὐδέτερος	οὐδέτερος	a-p---nn-	p-p---na-	
3761	ποιέω	v3spia---	ποιέω	ποιέω	v3spia---	v3spia---	
3762	.	u--------	.	.	u--------	u--------	
3763	οὗτος	p-p---fd-	οὗτος	οὗτος	a-p---fd-	p-p---fd-	
3764	δή	g--------	δή	δή	d--------	g--------	
3765	φημί	v1ppia---	φημί	φημί	v1ppia---	v1ppia---	
3766	καί	d--------	καί	καί	d--------	d--------	
3767	σύ	p2s---ca-	σύ	σύ	p-s---ma-	p2s---ca-	
3768	,	u--------	,	,	u--------	u--------	
3769	ὦ	i--------	ὦ	ὦ	i--------	i--------	
3770	Σωκράτης	n-s---mv-	σωκράτης	Σωκράτης	n-s---mv-	n-s---mv-	
3771	,	u--------	,	,	u--------	u--------	
3772	ὁ	l-p---fd-	ὁ	ὁ	l-p---fd-	l-p---fd-	
3773	αἰτία	n-p---fd-	αἰτία	αἰτία	n-p---fd-	n-p---fd-	
3774	ἐνέχω	v--fnm---	ἐνέχω	ἐνέχω	v--fnm---	v--fnm---	
3775	,	u--------	,	,	u--------	u--------	
3776	εἴπερ	c--------	εἴπερ	εἴπερ	c--------	c--------	
3777	ποιέω	v2sfia---	ποιέω	ποιέω	v2sasa---	v2sfia---	
3778	ὅς	p-p---na-	ὅς	ὅς	p-p---na-	p-p---na-	
3779	ἐπινοέω	v2spia---	ἐπινοέω	ἐπινοέω	v2spia---	v2spia---	
3780	,	u--------	,	,	u--------	u--------	
3781	καί	b--------	καί	καί	c--------	b--------	
3782	οὐ	d--------	οὐ	οὐ	d--------	d--------	
3783	ἦκα	d-------s	ἥκιστος	ἦκα	a-p---na-	d-------s	DISAGREE
3784	Ἀθηναῖος	a-p---mg-	ἀθήναιος	Ἀθηναῖος	n-p---mg-	a-p---mg-	
3785	σύ	p2s---ca-	σύ	σύ	p-s---ma-	p2s---ca-	
3786	,	u--------	,	,	u--------	u--------	
3787	ἀλλά	b--------	ἀλλά	ἀλλά	c--------	b--------	
3788	ἐν	r--------	ἐν	ἐν	r--------	r--------	
3789	ὁ	l-p---nd-	ὁ	ὁ	l-p---md-	l-p---nd-	
3790	μάλα	d-------s	μάλιστα	μάλα	d--------	d-------s	DISAGREE
3791	.	u--------	.	.	u--------	u--------	
3792	εἰ	c--------	εἰ	εἰ	d--------	c--------	
3793	οὖν	g--------	οὖν	οὖν	d--------	g--------	
3794	ἐγώ	p1s---cn-	ἐγώ	ἐγώ	p1s---mn-	p1s---cn-	
3795	λέγω	v1saoa---	εἶπον	λέγω	v1saoa---	v1saoa---	DISAGREE
3796	·	u--------	·		u--------		oga_only
3797	διά	r--------	διά	διά	r--------	r--------	
3798	τίς	p-s---na-	τίς	τίς	p-s---na-	p-s---na-	
3799	δή	g--------	δή	δή	d--------	g--------	
3800							unmatched
3801	ἴσως	d--------	ἴσως	ἴσως	d--------	d--------	
3802	ἄν	g--------	ἄν	ἄν	d--------	g--------	
3803	ἐγώ	p1s---cg-	ἐγώ	ἐγώ	p1s---mg-	p1s---cg-	
3804	δίκαιος	d--------	δίκαιος	δίκαιος	d--------	d--------	
3805	καθάπτω	v3ppom---	καθάπτω	καθάπτω	v3ppoe---	v3ppom---	
3806	λέγω	v-pppamn-	λέγω3	λέγω	v-pppamn-	v-pppamn-	
3807	ὅτι	c--------	ὅτι	ὅτι	c--------	c--------	
3808	ἐν	r--------	ἐν	ἐν	r--------	r--------	
3809	ὁ	l-p---nd-	ὁ	ὁ	l-p---md-	l-p---nd-	
3810	μάλα	d-------s	μάλιστα	μάλα	d--------	d-------s	DISAGREE
3811	Ἀθηναῖος	a-p---mg-	ἀθήναιος	Ἀθηναῖος	n-p---mg-	a-p---mg-	
3812	ἐγώ	p1s---cn-	ἐγώ	ἐγώ	p1s---mn-	p1s---cn-	
3813	αὐτός	p-p---md-	αὐτός	αὐτός	p-p---md-	p-p---md-	
3814	ὁμολογέω	v-srpamn-	ὁμολογέω	ὁμολογέω	v-srpamn-	v-srpamn-	
3815	τυγχάνω	v1spia---	τυγχάνω	τυγχάνω	v1spsa---	v1spia---	
3816	οὗτος	p-s---fa-	οὗτος	οὗτος	a-s---fa-	p-s---fa-	
3817	ὁ	l-s---fa-	ὁ	ὁ	l-s---fa-	l-s---fa-	
3818	ὁμολογία	n-s---fa-	ὁμολογία	ὁμολογία	n-s---fa-	n-s---fa-	
3819	.	u--------	.	.	u--------	u--------	
3820	φημί	v3ppoa---	φημί	φημί	v3ppoa---	v3ppoa---	
3821	γάρ	g--------	γάρ	γάρ	d--------	g--------	
3822	ἄν	g--------	ἄν	ἄν	d--------	g--------	
3823	ὅτι	c--------	ὅτι	ὅτι	c--------	c--------	
3824	ὦ	i--------	ὦ	ὦ	i--------	i--------	
3825	Σωκράτης	n-s---mv-	σωκράτης	Σωκράτης	n-s---mv-	n-s---mv-	
3826	,	u--------	,	,	u--------	u--------	
3827	μέγας	a-p---nn-	μέγας	μέγας	a-p---na-	a-p---nn-	
3828	ἐγώ	p1p---cd-	ἐγώ	ἐγώ	p-p---md-	p1p---cd-	
3829	οὗτος	p-p---ng-	οὗτος	οὗτος	p-p---ng-	p-p---ng-	
3830	τεκμήριον	n-p---nn-	τεκμήριον	τεκμήριον	n-p---nn-	n-p---nn-	
3831	εἰμί	v3spia---	εἰμί	εἰμί	v3spia---	v3spia---	
3832	,	u--------	,	,	u--------	u--------	
3833	ὅτι	c--------	ὅτι	ὅτι	c--------	c--------	
3834	σύ	p2s---cd-	σύ	σύ	p-s---md-	p2s---cd-	
3835	καί	b--------	καί	καί	d--------	b--------	
3836	ἐγώ	p1p---cn-	ἐγώ	ἐγώ	p1p---mn-	p1p---cn-	
3837	ἀρέσκω	v1piia---	ἀρέσκω	ἀρέσκω	v1piia---	v1piia---	
3838	καί	b--------	καί	καί	c--------	b--------	
3839	ὁ	l-s---fn-	ὁ	ὁ	l-s---fn-	l-s---fn-	
3840	πόλις	n-s---fn-	πόλις	πόλις	n-p---fa-	n-s---fn-	
3841	·	u--------	·	·	u--------	u--------	
3842	οὐ	d--------	οὐ	οὐ	d--------	d--------	
3843	γάρ	g--------	γάρ	γάρ	d--------	g--------	
3844	ἄν	g--------	ἄν	ἄν	d--------	g--------	
3845	ποτέ	d--------	ποτέ	ποτέ	d--------	d--------	
3846	ὁ	l-p---mg-	ὁ	ὁ	l-p---mg-	l-p---mg-	
3847	ἄλλος	p-p---mg-	ἄλλος	ἄλλος	a-p---mg-	p-p---mg-	
3848	Ἀθηναῖος	a-p---mg-	ἀθήναιος	Ἀθηναῖος	n-p---mg-	a-p---mg-	
3849	ἅπας	a-p---mg-	ἅπας	ἅπας	a-p---mg-	a-p---mg-	
3850	διαφερόντως	d--------	διαφερόντως	διαφερόντως	d--------	d--------	
3851	ἐν	r--------	ἐν	ἐν	r--------	r--------	
3852	αὐτός	p-s---fd-	αὐτός	αὐτός	p-s---fd-	p-s---fd-	
3853	ἐπιδημέω	v2siia---	ἐπιδημέω	ἐπιδημέω	v2siia---	v2siia---	
3854	εἰ	c--------	εἰ	εἰ	c--------	c--------	
3855	μή	d--------	μή	μή	d--------	d--------	
3856	σύ	p2s---cd-	σύ	σύ	p-s---md-	p2s---cd-	
3857	διαφερόντως	d--------	διαφερόντως	διαφερόντως	d--------	d--------	
3858	ἀρέσκω	v3siia---	ἀρέσκω	ἀρέσκω	v3siia---	v3siia---	
3859	,	u--------	,	,	u--------	u--------	
3860	καί	b--------	καί	καί	c--------	b--------	
3861							unmatched
3862	ἐπί	r--------	ἐπί	ἐπί	r--------	r--------	
3863	θεωρία	n-s---fa-	θεωρία	θεωρία	n-s---fa-	n-s---fa-	
3864	πώποτε	d--------	πώποτε	πώποτε	d--------	d--------	
3865	ἐκ	r--------	ἐκ	ἐκ	r--------	r--------	
3866	ὁ	l-s---fg-	ὁ	ὁ	l-s---fg-	l-s---fg-	
3867	πόλις	n-s---fg-	πόλις	πόλις	n-s---fg-	n-s---fg-	
3868	ἐξέρχομαι	v2saia---	ἐξέρχομαι	ἐξέρχομαι	v2saia---	v2saia---	
3869	,	u--------	,	,	u--------	u--------	
3870	ὅτι	c--------	ὅτι	ὅτι	c--------	c--------	
3871	μή	d--------	μή	μή	d--------	d--------	
3872	ἅπαξ	d--------	ἅπαξ	ἅπαξ	d--------	d--------	
3873	εἰς	r--------	εἰς	εἰς	r--------	r--------	
3874	Ἰσθμός	n-s---ma-	ἰσθμός	Ἰσθμός	n-s---ma-	n-s---ma-	
3875	,	u--------	,	,	u--------	u--------	
3876	οὐ	d--------	οὐ	οὐ	d--------	d--------	
3877	τε	d--------	τε		d--------		oga_only
3878	ἄλλοτε	d--------	ἄλλοτε		d--------		oga_only
3879	οὐδαμόσε	d--------	οὐδαμόσε		d--------		oga_only
3880	,	u--------	,		u--------		oga_only
3881	εἰ	c--------	εἰ		c--------		oga_only
3882	μή	d--------	μή		d--------		oga_only
3883	ποι	d--------	ποι	ποι	d--------	d--------	
3884	στρατεύω	v-sfpmmn-	στρατεύω	στρατεύω	v-sfpmmn-	v-sfpmmn-	
3885	,	u--------	,	,	u--------	u--------	
3886	οὐ	d--------	οὐ	οὐ	d--------	d--------	
3887	τε	c--------	τε		c--------		oga_only
3888	ἄλλος	a-s---fa-	ἄλλος		a-s---fa-		oga_only
3889	ἀποδημία	n-s---fa-	ἀποδημία		n-s---fa-		oga_only
3890	ποιέω	v2saim---	ποιέω		v2saim---		oga_only
3891	πώποτε	d--------	πώποτε		d--------		oga_only
3892	ὥσπερ	c--------	ὥσπερ		c--------		oga_only
3893	ὁ	l-p---mn-	ὁ		l-p---mn-		oga_only
3894	ἄλλος	a-p---mn-	ἄλλος		a-p---mn-		oga_only
3895	ἄνθρωπος	n-p---fn-	ἄνθρωπος		n-p---fn-		oga_only
3896	,	u--------	,		u--------		oga_only
3897							unmatched
3898	ἐπιθυμία	n-d---fn-	ἐπιθυμία		n-d---fn-		oga_only
3899	σύ	p-s---ma-	σύ		p-s---ma-		oga_only
3900	ἄλλος	a-s---fg-	ἄλλος		a-s---fg-		oga_only
3901	πόλις	n-s---fg-	πόλις		n-s---fg-		oga_only
3902	οὐ	d--------	οὐ		d--------		oga_only
3903	δέ	c--------	δέ		c--------		oga_only
3904	ἄλλος	a-p---mg-	ἄλλος		a-p---mg-		oga_only
3905	νόμος	n-p---mg-	νόμος		n-p---mg-		oga_only
3906	λαμβάνω	v3saia---	λαμβάνω		v3saia---		oga_only
3907	οἶδα	v--rna---	οἶδα		v--rna---		oga_only
3908	,	u--------	,		u--------		oga_only
3909	ἀλλά	c--------	ἀλλά		c--------		oga_only
3910	ἐγώ	p1p---mn-	ἐγώ		p1p---mn-		oga_only
3911	σύ	p2s---cd-	σύ	σύ	p-s---md-	p2s---cd-	
3912	ἱκανός	a-p---mn-	ἱκανός	ἱκανός	a-p---mn-	a-p---mn-	
3913	εἰμί	v1piia---	εἰμί	εἰμί	v--ina---	v1piia---	
3914	καί	b--------	καί	καί	c--------	b--------	
3915	ὁ	l-s---fn-	ὁ	ὁ	l-s---fn-	l-s---fn-	
3916	ἡμέτερος	a-s---fn-	ἡμέτερος	ἡμέτερος	a-s---fn-	a-s---fn-	
3917	πόλις	n-s---fn-	πόλις	πόλις	n-p---fa-	n-s---fn-	
3918	·	u--------		·		u--------	glaux_only
3919	οὕτως	d--------	οὕτως	οὕτως	d--------	d--------	
3920	σφόδρα	d--------	σφόδρα	σφόδρα	d--------	d--------	
3921	ἐγώ	p1p---ca-	ἐγώ	ἐγώ	p1p---ma-	p1p---ca-	
3922	αἱρέω	v2siim---	αἱρέω	αἱρέω	v2siie---	v2siim---	
3923	καί	b--------	καί	καί	c--------	b--------	
3924	ὁμολογέω	v2siia---	ὁμολογέω	ὁμολογέω	v2siia---	v2siia---	
3925	κατά	r--------	κατά	κατά	r--------	r--------	
3926	ἐγώ	p1p---ca-	ἐγώ	ἐγώ	p1p---ma-	p1p---ca-	
3927	πολιτεύω	v--fnm---	πολιτεύω	πολιτεύω	v--fnm---	v--fnm---	
3928	,	u--------	,	,	u--------	u--------	
3929	ὁ	l-p---na-	ὁ	ὁ	l-p---na-	l-p---na-	
3930	τε	b--------	τε	τε	d--------	b--------	
3931	ἄλλος	p-p---na-	ἄλλος	ἄλλος	p-p---na-	p-p---na-	
3932	καί	d--------	καί	καί	c--------	d--------	
3933	παῖς	n-p---ca-	παῖς	παῖς	n-p---ma-	n-p---ca-	
3934	ἐν	r--------	ἐν	ἐν	r--------	r--------	
3935	αὐτός	p-s---fd-	αὐτός	αὐτός	p-s---fd-	p-s---fd-	
3936	ποιέω	v2saim---	ποιέω	ποιέω	v2saim---	v2saim---	
3937	,	u--------	,	,	u--------	u--------	
3938	ὡς	c--------	ὡς	ὡς	d--------	c--------	
3939	ἀρέσκω	v-sppafg-	ἀρέσκω	ἀρέσκω	v-sppafg-	v-sppafg-	
3940	σύ	p2s---cd-	σύ	σύ	p-s---md-	p2s---cd-	
3941	ὁ	l-s---fg-	ὁ	ὁ	l-s---fg-	l-s---fg-	
3942	πόλις	n-s---fg-	πόλις	πόλις	n-s---fg-	n-s---fg-	
3943	.	u--------	.	.	u--------	u--------	
3944	ἔτι	d--------	ἔτι	ἔτι	d--------	d--------	
3945	τοίνυν	g--------	τοίνυν	τοίνυν	d--------	g--------	
3946	ἐν	r--------	ἐν	ἐν	r--------	r--------	
3947	αὐτός	p-s---fd-	αὐτός	αὐτός	a-s---fd-	p-s---fd-	
3948	ὁ	l-s---fd-	ὁ	ὁ	l-s---fd-	l-s---fd-	
3949	δίκη	n-s---fd-	δίκη	δίκη	n-s---fd-	n-s---fd-	
3950	ἔξεστι	v3siia---	ἔξεστι	ἔξεστι	v3siia---	v3siia---	
3951	σύ	p2s---cd-	σύ	σύ	p-s---md-	p2s---cd-	
3952	φυγή	n-s---fg-	φυγή	φυγή	n-s---fg-	n-s---fg-	
3953	τιμάω	v--anm---	τιμάω	τιμάω	v--anm---	v--anm---	
3954	εἰ	c--------	εἰ	εἰ	c--------	c--------	
3955	βούλομαι	v2siim---	βούλομαι	βούλομαι	v2siie---	v2siim---	
3956	,	u--------	,	,	u--------	u--------	
3957	καί	b--------	καί	καί	c--------	b--------	
3958	ὅς	p-s---na-	ὅσπερ	ὅς	p-s---na-	p-s---na-	DISAGREE
3959	νῦν	d--------	νῦν	νῦν	d--------	d--------	
3960	ἀέκων	a-s---fg-	ἀέκων	ἀέκων	a-s---fg-	a-s---fg-	
3961	ὁ	l-s---fg-	ὁ	ὁ	l-s---fg-	l-s---fg-	
3962	πόλις	n-s---fg-	πόλις	πόλις	n-s---fg-	n-s---fg-	
3963	ἐπιχειρέω	v2spia---	ἐπιχειρέω	ἐπιχειρέω	v2spia---	v2spia---	
3964	,	u--------	,	,	u--------	u--------	
3965	τότε	d--------	τότε	τότε	d--------	d--------	
3966	ἑκών	a-s---fg-	ἑκών	ἑκών	a-s---fg-	a-s---fg-	
3967	ποιέω	v--ana---	ποιέω	ποιέω	v--ana---	v--ana---	
3968	.	u--------	.	.	u--------	u--------	
3969	σύ	p2s---cn-	σύ	σύ	p-s---mn-	p2s---cn-	
3970	δέ	b--------	δέ	δέ	d--------	b--------	
3971	τότε	d--------	τότε	τότε	d--------	d--------	
3972	μέν	g--------	μέν	μέν	d--------	g--------	
3973	καλλωπίζω	v2siim---	καλλωπίζω	καλλωπίζω	v2siie---	v2siim---	
3974	ὡς	c--------	ὡς	ὡς	d--------	c--------	
3975	οὐ	d--------	οὐ	οὐ	d--------	d--------	
3976	ἀγανακτέω	v-sppamn-	ἀγανακτέω	ἀγανακτέω	v-sppamn-	v-sppamn-	
3977	εἰ	c--------	εἰ	εἰ	c--------	c--------	
3978	δέω	v3spoa---	δέω	δέω	v3spoa---	v3spoa---	
3979	θνῄσκω	v--rna---	θνήσκω	θνῄσκω	v--rna---	v--rna---	
3980	σύ	p2s---ca-	σύ	σύ	p-s---ma-	p2s---ca-	
3981	,	u--------	,	,	u--------	u--------	
3982	ἀλλά	b--------	ἀλλά	ἀλλά	c--------	b--------	
3983	αἱρέω	v2siim---	αἱρέω	αἱρέω	v2siie---	v2siim---	
3984	,	u--------	,	,	u--------	u--------	
3985	ὡς	c--------	ὡς	ὡς	d--------	c--------	
3986	φημί	v2siia---	φημί	φημί	v2siia---	v2siia---	
3987	,	u--------	,	,	u--------	u--------	
3988	πρό	r--------	πρό	πρό	r--------	r--------	
3989	ὁ	l-s---fg-	ὁ	ὁ	l-s---fg-	l-s---fg-	
3990	φυγή	n-s---fg-	φυγή	φυγή	n-s---fg-	n-s---fg-	
3991	θάνατος	n-s---ma-	θάνατος	θάνατος	n-s---ma-	n-s---ma-	
3992	·	u--------	·	·	u--------	u--------	
3993	νῦν	d--------	νῦν	νῦν	d--------	d--------	
3994	δέ	b--------	δέ	δέ	d--------	b--------	
3995							unmatched
3996	ἐκεῖνος	p-p---ma-	ἐκεῖνος	ἐκεῖνος	a-p---ma-	p-p---ma-	
3997	ὁ	l-p---ma-	ὁ	ὁ	l-p---ma-	l-p---ma-	
3998	λόγος	n-p---ma-	λόγος	λόγος	n-p---ma-	n-p---ma-	
3999	αἰσχύνω	v2spim---	αἰσχύνη	αἰσχύνω	v2sasm---	v2spim---	DISAGREE
4000	,	u--------	,	,	u--------	u--------	
4001	οὐ	d--------	οὐ	οὐ	d--------	d--------	
4002	τε	d--------	τε		d--------		oga_only
4003	ἐγώ	p1p---mg-	ἐγώ		p1p---mg-		oga_only
4004	ὁ	l-p---mg-	ὁ		l-p---mg-		oga_only
4005	νόμος	n-p---mg-	νόμος		n-p---mg-		oga_only
4006	ἐντρέπω	v2spse---	ἐντρέπω		v2spse---		oga_only
4007	,	u--------	,		u--------		oga_only
4008	ἐπιχειρέω	v-sppamn-	ἐπιχειρέω		v-sppamn-		oga_only
4009	διαφθείρω	v--ana---	διαφθείρω		v--ana---		oga_only
4010	,	u--------	,		u--------		oga_only
4011	πράσσω	v2spia---	πράσσω		v2spia---		oga_only
4012	τε	b--------	τε	τε	c--------	b--------	
4013	ὅς	p-p---na-	ὅσπερ	ὅς	p-p---na-	p-p---na-	DISAGREE
4014	ἄν	g--------	ἄν	ἄν	d--------	g--------	
4015	δοῦλος	n-s---mn-	δοῦλος	δοῦλος	n-s---mn-	n-s---mn-	
4016	ὁ	l-s---mn-	ὁ	ὁ	l-s---mn-	l-s---mn-	
4017	φαῦλος	a-s---mns	φαῦλος	φαῦλος	a-s---mns	a-s---mns	
4018	πράσσω	v3saoa---	πράσσω	πράσσω	v3saoa---	v3saoa---	
4019	,	u--------	,	,	u--------	u--------	
4020	ἀποδιδράσκω	v--pna---	ἀποδιδράσκω	ἀποδιδράσκω	v--pna---	v--pna---	
4021	ἐπιχειρέω	v-sppamn-	ἐπιχειρέω	ἐπιχειρέω	v-sppamn-	v-sppamn-	
4022	παρά	r--------	παρά	παρά	r--------	r--------	
4023	ὁ	l-p---fa-	ὁ	ὁ	l-p---fa-	l-p---fa-	
4024	συνθήκη	n-p---fa-	συνθήκη	συνθήκη	n-p---fa-	n-p---fa-	
4025	τε	b--------	τε	τε	d--------	b--------	
4026	καί	b--------	καί	καί	c--------	b--------	
4027	ὁ	l-p---fa-	ὁ	ὁ	l-p---fa-	l-p---fa-	
4028	ὁμολογία	n-p---fa-	ὁμολογία	ὁμολογία	n-p---fa-	n-p---fa-	
4029	κατά	r--------	κατά	κατά	r--------	r--------	
4030	ὅς	p-p---fa-	ὅς	ὅς	p-p---fa-	p-p---fa-	
4031	ἐγώ	p1p---cd-	ἐγώ	ἐγώ	p-p---md-	p1p---cd-	
4032	συντίθημι	v2saim---	συντίθημι	συντίθημι	v2saim---	v2saim---	
4033	πολιτεύω	v--pnm---	πολιτεύω	πολιτεύω	v--pne---	v--pnm---	
4034	.	u--------	.	.	u--------	u--------	
4035	πρότερος	d-------c	πρῶτος	πρότερος	a-s---na-	d-------c	DISAGREE
4036	μέν	g--------	μέν	μέν	d--------	g--------	
4037	οὖν	g--------	οὖν	οὖν	d--------	g--------	
4038	ἐγώ	p1p---cd-	ἐγώ	ἐγώ	p-p---md-	p1p---cd-	
4039	οὗτος	p-s---na-	οὗτος	οὗτος	p-s---na-	p-s---na-	
4040	αὐτός	p-s---na-	αὐτός	αὐτός	a-s---na-	p-s---na-	
4041	ἀποκρίνω	v2samm---	ἀποκρίνω	ἀποκρίνω	v2samm---	v2samm---	
4042	,	u--------	,	,	u--------	u--------	
4043	εἰ	c--------	εἰ	εἰ	c--------	c--------	
4044	ἀληθής	a-p---na-	ἀληθής	ἀληθής	a-p---na-	a-p---na-	
4045	λέγω	v1ppia---	λέγω3	λέγω	v1ppia---	v1ppia---	
4046	φάσκω	v-pppamn-	φάσκω	φάσκω	v-pppamn-	v-pppamn-	
4047	σύ	p2s---ca-	σύ	σύ	p-s---ma-	p2s---ca-	
4048	ὁμολογέω	v--rna---	ὁμολογέω	ὁμολογέω	v--rna---	v--rna---	
4049	πολιτεύω	v--fnm---	πολιτεύω	πολιτεύω	v--fnm---	v--fnm---	
4050	κατά	r--------	κατά	κατά	r--------	r--------	
4051	ἐγώ	p1p---ca-	ἐγώ	ἐγώ	p1p---ma-	p1p---ca-	
4052	ἔργον	n-s---nd-	ἔργον	ἔργον	n-s---nd-	n-s---nd-	
4053	ἀλλά	b--------	ἀλλά	ἀλλά	c--------	b--------	
4054	οὐ	d--------	οὐ	οὐ	d--------	d--------	
4055	λόγος	n-s---md-	λόγος	λόγος	n-s---md-	n-s---md-	
4056	,	u--------	,	,	u--------	u--------	
4057	ἤ	b--------	ἤ1	ἤ	c--------	b--------	
4058	οὐ	d--------	οὐ	οὐ	d--------	d--------	
4059	ἀληθής	a-p---na-	ἀληθής	ἀληθής	a-p---nn-	a-p---na-	
4060	.	u--------	.	.	u--------	u--------	
4061	τίς	p-s---na-	τίς	τίς	p-s---na-	p-s---na-	
4062	φημί	v1ppsa---	φημί	φημί	v1p-sa---	v1ppsa---	
4063	πρός	r--------	πρός	πρός	r--------	r--------	
4064	οὗτος	p-p---na-	οὗτος	οὗτος	p-p---na-	p-p---na-	
4065	,	u--------	,	,	u--------	u--------	
4066	ὦ	i--------	ὦ	ὦ	i--------	i--------	
4067	Κρίτων	n-s---mv-	κρίτων	Κρίτων	n-s---mv-	n-s---mv-	
4068	;	u--------	;	;	u--------	u--------	
4069	ἄλλος	p-s---na-	ἄλλος	ἄλλος	a-s---na-	p-s---na-	
4070	τις	p-s---na-	τις	τις	p-s---na-	p-s---na-	
4071	ἤ	c--------	ἤ1	ἤ	d--------	c--------	
4072	ὁμολογέω	v1ppsa---	ὁμολογέω	ὁμολογέω	v1ppsa---	v1ppsa---	
4073	;	u--------	;	;	u--------	u--------	
4074	ἀνάγκη	n-s---fn-	ἀνάγκη	ἀνάγκη	n-s---fn-	n-s---fn-	
4075	,	u--------	,	,	u--------	u--------	
4076	ὦ	i--------	ὦ	ὦ	i--------	i--------	
4077	Σωκράτης	n-s---mv-	σωκράτης	Σωκράτης	n-s---mv-	n-s---mv-	
4078	.	u--------	.	.	u--------	u--------	
4079	ἄλλος	p-s---na-	ἄλλος	ἄλλος	a-s---na-	p-s---na-	
4080	τις	p-s---na-	τις	τις	p-s---na-	p-s---na-	
4081	οὖν	g--------	οὖν	οὖν	d--------	g--------	
4082	,	u--------	,	,	u--------	u--------	
4083	ἄν	g--------	ἄν	ἄν	d--------	g--------	
4084	φημί	v3ppoa---	φημί	φημί	v3ppoa---	v3ppoa---	
4085	,	u--------	,	,	u--------	u--------	
4086	ἤ	c--------	ἤ1	ἤ	c--------	c--------	
4087	συνθήκη	n-p---fa-	συνθήκη	συνθήκη	n-p---fa-	n-p---fa-	
4088	ὁ	l-p---fa-	ὁ	ὁ	l-p---fa-	l-p---fa-	
4089	πρός	r--------	πρός	πρός	r--------	r--------	
4090	ἐγώ	p1p---ca-	ἐγώ	ἐγώ	p1p---ma-	p1p---ca-	
4091	αὐτός	p-p---ma-	αὐτός	αὐτός	a-p---ma-	p-p---ma-	
4092	καί	b--------	καί	καί	c--------	b--------	
4093	ὁμολογία	n-p---fa-	ὁμολογία	ὁμολογία	n-p---fa-	n-p---fa-	
4094	παραβαίνω	v2spia---	παραβαίνω	παραβαίνω	v2spia---	v2spia---	
4095	,	u--------	,	,	u--------	u--------	
4096	οὐ	d--------	οὐ	οὐ	d--------	d--------	
4097	ὑπό	r--------	ὑπό	ὑπό	r--------	r--------	
4098	ἀνάγκη	n-s---fg-	ἀνάγκη	ἀνάγκη	n-s---fg-	n-s---fg-	
4099	ὁμολογέω	v-sapamn-	ὁμολογέω	ὁμολογέω	v-sapamn-	v-sapamn-	
4100	οὐ	d--------	οὐ	οὐ	d--------	d--------	
4101	δέ	d--------	δέ		d--------		oga_only
4102	ἀπατάω	v-sappmn-	ἀπατάω		v-sappmn-		oga_only
4103	οὐ	d--------	οὐ		d--------		oga_only
4104	δέ	c--------	δέ		c--------		oga_only
4105	ἐν	r--------	ἐν	ἐν	r--------	r--------	
4106	ὀλίγος	a-s---md-	ὀλίγος		a-s---md-		oga_only
4107	χρόνος	n-s---md-	χρόνος		n-s---md-		oga_only
4108	ἀναγκάζω	v-sappmn-	ἀναγκάζω		v-sappmn-		oga_only
4109	βουλεύω	v--anm---	βουλεύω		v--anm---		oga_only
4110	,	u--------	,		u--------		oga_only
4111	ἀλλά	c--------	ἀλλά		c--------		oga_only
4112	ἐν	r--------	ἐν		r--------		oga_only
4113	ἔτος	n-p---nd-	ἔτος		n-p---nd-		oga_only
4114	ἑβδομήκοντα	a--------	ἑβδομήκοντα		a--------		oga_only
4115	,	u--------	,		u--------		oga_only
4116	ἐν	r--------	ἐν		r--------		oga_only
4117	ὅς	p-p---md-	ὅς		p-p---md-		oga_only
4118	ἔξεστι	v3piia---	ἔξεστι		v3piia---		oga_only
4119	σύ	p2s---cd-	σύ	σύ	p-s---md-	p2s---cd-	
4120	ἀπέρχομαι	v--pna---	ἀπέρχομαι		v--pna---		oga_only
4121	,	u--------	,		u--------		oga_only
4122	εἰ	c--------	εἰ		c--------		oga_only
4123	μή	d--------	μή		d--------		oga_only
4124	ἀρέσκω	v1piia---	ἀρέσκω		v1piia---		oga_only
4125	ἐγώ	p1p---mn-	ἐγώ		p1p---mn-		oga_only
4126	μη	d--------	μη		d--------		oga_only
4127	δέ	c--------	δέ		c--------		oga_only
4128	δίκαιος	a-p---fn-	δίκαιος		a-p---fn-		oga_only
4129	φαίνω	v3piie---	φαίνω		v3piie---		oga_only
4130	σύ	p-s---md-	σύ		p-s---md-		oga_only
4131	ὁ	l-p---fn-	ὁ		l-p---fn-		oga_only
4132	ὁμολογία	n-p---fn-	ὁμολογία		n-p---fn-		oga_only
4133	εἰμί	v--pna---	εἰμί		v--pna---		oga_only
4134	.	u--------	.		u--------		oga_only
4135	σύ	p-s---mn-	σύ		p-s---mn-		oga_only
4136	δέ	d--------	δέ		d--------		oga_only
4137	οὐ	d--------	οὐ		d--------		oga_only
4138	τε	d--------	τε		d--------		oga_only
4139	λακεδαίμων	n-s---fa-	λακεδαίμων		n-s---fa-		oga_only
4140	προαιρέω	v2siie---	προαιρέω		v2siie---		oga_only
4141	οὐ	d--------	οὐ		d--------		oga_only
4142	τε	c--------	τε		c--------		oga_only
4143	κρήτη	n-s---fa-	κρήτη		n-s---fa-		oga_only
4144	,	u--------	,		u--------		oga_only
4145	ὅς	p-p---fa-	ὅς		p-p---fa-		oga_only
4146	δή	d--------	δή		d--------		oga_only
4147	ἑκάστοτε	d--------	ἑκάστοτε		d--------		oga_only
4148	φημί	v2spia---	φημί		v2spia---		oga_only
4149	εὐνομέομαι	v--pne---	εὐνομέομαι		v--pne---		oga_only
4150	,	u--------	,		u--------		oga_only
4151	οὐ	d--------	οὐ		d--------		oga_only
4152	τε	c--------	τε		c--------		oga_only
4153	ἄλλος	a-s---fa-	ἄλλος		a-s---fa-		oga_only
4154	οὐδείς	p-s---fa-	οὐδείς		p-s---fa-		oga_only
4155	ὁ	l-p---fg-	ὁ	ὁ	l-p---fg-	l-p---fg-	
4156	Ἑλληνίς	a-p---fg-	ἑλλήνιος	Ἑλληνίς	a-p---fg-	a-p---fg-	DISAGREE
4157	πόλις	n-p---fg-	πόλις	πόλις	n-p---fg-	n-p---fg-	
4158	οὐ	d--------	οὐ	οὐ	d--------	d--------	
4159	δέ	c--------	δέ		c--------		oga_only
4160	ὁ	l-p---fg-	ὁ		l-p---fg-		oga_only
4161	βαρβαρικός	a-p---fg-	βαρβαρικός		a-p---fg-		oga_only
4162	,	u--------	,		u--------		oga_only
4163	ἀλλά	c--------	ἀλλά		c--------		oga_only
4164	ἐλάσσων	a-p---nnc	ἐλάσσων		a-p---nnc		oga_only
4165	ἐκ	r--------	ἐκ		r--------		oga_only
4166	αὐτός	p-s---fg-	αὐτός		p-s---fg-		oga_only
4167	ἀποδημέω	v2saia---	ἀποδημέω		v2saia---		oga_only
4168	ἤ1	c--------	ἤ1		c--------		oga_only
4169	ὁ	l-p---mn-	ὁ	ὁ	l-p---mn-	l-p---mn-	
4170	χωλός	a-p---mn-	χωλός		a-p---mn-		oga_only
4171	τε	d--------	τε		d--------		oga_only
4172	καί	d--------	καί		d--------		oga_only
4173	τυφλός	a-p---mn-	τυφλός		a-p---mn-		oga_only
4174	καί	c--------	καί		c--------		oga_only
4175	ὁ	l-p---mn-	ὁ		l-p---mn-		oga_only
4176	ἄλλος	a-p---mn-	ἄλλος		a-p---mn-		oga_only
4177	ἀνάπηρος	a-p---mn-	ἀνάπηρος		a-p---mn-		oga_only
4178							unmatched
4179	οὕτως	d--------	οὕτως		d--------		oga_only
4180	σύ	p-s---md-	σύ		p-s---md-		oga_only
4181	διαφερόντως	d--------	διαφερόντως		d--------		oga_only
4182	ὁ	l-p---mg-	ὁ		l-p---mg-		oga_only
4183	ἄλλος	a-p---mg-	ἄλλος		a-p---mg-		oga_only
4184	ἀθήναιος	n-p---mg-	ἀθήναιος		n-p---mg-		oga_only
4185	ἀρέσκω	v3siia---	ἀρέσκω		v3siia---		oga_only
4186	ὁ	l-s---fn-	ὁ		l-s---fn-		oga_only
4187	πόλις	n-s---fn-	πόλις	πόλις	n-p---fa-	n-s---fn-	
4188	τε	d--------	τε		d--------		oga_only
4189	καί	c--------	καί		c--------		oga_only
4190	ἐγώ	p1p---mn-	ἐγώ		p1p---mn-		oga_only
4191	ὁ	l-p---mn-	ὁ		l-p---mn-		oga_only
4192	νόμος	n-p---mn-	νόμος		n-p---mn-		oga_only
4193	δῆλος	a-s---nn-	δῆλος		a-s---nn-		oga_only
4194	ὅτι	c--------	ὅτι		c--------		oga_only
4195							unmatched
4196	τις	p-s---nd-	τις		p-s---nd-		oga_only
4197	γάρ	d--------	γάρ		d--------		oga_only
4198	ἄν	d--------	ἄν		d--------		oga_only
4199	πόλις	n-p---fa-	πόλις		n-p---fa-		oga_only
4200	ἀρέσκω	v3spoa---	ἀρέσκω		v3spoa---		oga_only
4201	ἄνευ	r--------	ἄνευ		r--------		oga_only
4202	νόμος	n-p---mg-	νόμος		n-p---mg-		oga_only
4203	;	u--------	;		u--------		oga_only
4204	νῦν	d--------	νῦν		d--------		oga_only
4205	δέ	d--------	δέ		d--------		oga_only
4206	δή	d--------	δή		d--------		oga_only
4207	οὐ	d--------	οὐ		d--------		oga_only
4208	ἐμμένω	v2sfia---	ἐμμένω		v2sfia---		oga_only
4209	ὁ	l-p---nd-	ὁ		l-p---nd-		oga_only
4210	ὁμολογέω	v-prpend-	ὁμολογέω		v-prpend-		oga_only
4211	;	u--------	;		u--------		oga_only
4212	ἐάν	c--------	ἐάν		c--------		oga_only
4213	ἐγώ	p-p---md-	ἐγώ		p-p---md-		oga_only
4214	γε	d--------	γε		d--------		oga_only
4215	πείθω	v2spse---	πείθω		v2spse---		oga_only
4216	,	u--------	,		u--------		oga_only
4217	ὦ	i--------	ὦ		i--------		oga_only
4218	σωκράτης	n-s---mv-	σωκράτης		n-s---mv-		oga_only
4219							unmatched
4220	καί	b--------	καί	καί	d--------	b--------	
4221	οὐ	d--------	οὐ		d--------		oga_only
4222	καταγέλαστος	a-s---mn-	καταγέλαστος		a-s---mn-		oga_only
4223	γε	d--------	γε		d--------		oga_only
4224	εἰμί	v2sfim---	εἰμί		v2sfim---		oga_only
4225	ἐκ	r--------	ἐκ		r--------		oga_only
4226	ὁ	l-s---fg-	ὁ		l-s---fg-		oga_only
4227	πόλις	n-s---fg-	πόλις		n-s---fg-		oga_only
4228	ἐξέρχομαι	v-sapamn-	ἐξέρχομαι		v-sapamn-		oga_only
4229	.	u--------	.		u--------		oga_only
4230	σκοπέω	v2spma---	σκοπέω		v2spma---		oga_only
4231	γάρ	d--------	γάρ		d--------		oga_only
4232	δή	d--------	δή		d--------		oga_only
4233	,	u--------	,		u--------		oga_only
4234	οὗτος	p-p---na-	οὗτος		p-p---na-		oga_only
4235	παραβαίνω	v-sapamn-	παραβαίνω		v-sapamn-		oga_only
4236	καί	c--------	καί		c--------		oga_only
4237	ἐξαμαρτάνω	v-sppamn-	ἐξαμαρτάνω		v-sppamn-		oga_only
4238	τις	p-s---na-	τις		p-s---na-		oga_only
4239	οὗτος	p-p---ng-	οὗτος		p-p---ng-		oga_only
4240	τίς	p-s---na-	τίς		p-s---na-		oga_only
4241	ἀγαθός	a-s---nn-	ἀγαθός		a-s---nn-		oga_only
4242	ἐργάζομαι	v2sfie---	ἐργάζομαι		v2sfie---		oga_only
4243	σεαυτοῦ	p-s---ma-	σεαυτοῦ		p-s---ma-		oga_only
4244	ἤ1	c--------	ἤ1		c--------		oga_only
4245	ὁ	l-p---ma-	ὁ		l-p---ma-		oga_only
4246	ἐπιτήδειος	a-p---fa-	ἐπιτήδειος		a-p---fa-		oga_only
4247	ὁ	l-p---ma-	ὁ		l-p---ma-		oga_only
4248	σεαυτοῦ	p2s---mg-	σεαυτοῦ	σεαυτοῦ	p-s---mg-	p2s---mg-	
4249	.	u--------	.	.	u--------	u--------	
4250	ὅτι	c--------	ὅτι	ὅτι	c--------	c--------	
4251	μέν	g--------	μέν	μέν	d--------	g--------	
4252	γάρ	g--------	γάρ	γάρ	d--------	g--------	
4253	κινδυνεύω	v3pfia---	κινδυνεύω	κινδυνεύω	v3pfia---	v3pfia---	
4254	γε	d--------	γε	γε	d--------	d--------	
4255	σύ	p2s---cg-	σύ	σύ	p-s---mg-	p2s---cg-	
4256	ὁ	l-p---mn-	ὁ	ὁ	l-p---mn-	l-p---mn-	
4257	ἐπιτήδειος	a-p---mn-	ἐπιτήδειος	ἐπιτήδειος	a-p---mn-	a-p---mn-	
4258	καί	d--------	καί	καί	d--------	d--------	
4259	αὐτός	p-p---mn-	αὐτός	αὐτός	a-p---mn-	p-p---mn-	
4260	φεύγω	v--pna---	φεύγω	φεύγω	v--pna---	v--pna---	
4261	καί	b--------	καί	καί	c--------	b--------	
4262	στερέω	v--anp---	στερέω	στερέω	v--anp---	v--anp---	
4263	ὁ	l-s---fg-	ὁ	ὁ	l-s---fg-	l-s---fg-	
4264	πόλις	n-s---fg-	πόλις	πόλις	n-s---fg-	n-s---fg-	
4265	ἤ	b--------	ἤ1	ἤ	c--------	b--------	
4266	ὁ	l-s---fa-	ὁ	ὁ	l-s---fa-	l-s---fa-	
4267	οὐσία	n-s---fa-	οὐσία	οὐσία	n-s---fa-	n-s---fa-	
4268	ἀπόλλυμι	v--ana---	ἀπόλλυμι	ἀπόλλυμι	v--ana---	v--ana---	
4269	,	u--------	,	,	u--------	u--------	
4270	σχεδόν	d--------	σχεδόν	σχεδόν	d--------	d--------	
4271	τις	p-s---na-	τις	τις	a-s---na-	p-s---na-	
4272	δῆλος	a-s---nn-	δῆλος	δῆλος	a-s---nn-	a-s---nn-	
4273	·	u--------		·		u--------	glaux_only
4274	αὐτός	p-s---mn-	αὐτός	αὐτός	p-s---mn-	p-s---mn-	
4275	δέ	b--------	δέ	δέ	d--------	b--------	
4276	πρότερος	d-------c	πρῶτος	πρότερος	a-s---na-	d-------c	DISAGREE
4277	μέν	g--------	μέν	μέν	d--------	g--------	
4278	ἐάν	c--------	ἐάν	ἐάν	c--------	c--------	
4279	εἰς	r--------	εἰς	εἰς	r--------	r--------	
4280	ὁ	l-p---fg-	ὁ	ὁ	l-p---mg-	l-p---fg-	
4281	ἐγγύς	d-------s	ἐγγύς	ἐγγύς	d--------	d-------s	
4282	τις	p-s---ca-	τις	τις	p-p---na-	p-s---ca-	
4283	πόλις	n-p---fg-	πόλις	πόλις	n-p---fg-	n-p---fg-	
4284	ἔρχομαι	v2sasa---	ἔρχομαι	ἔρχομαι	v2sasa---	v2sasa---	
4285	,	u--------	,	,	u--------	u--------	
4286	ἤ	b--------	ἤ1	ἤ	d--------	b--------	
4287	Θήβαζε	d--------	θήβαζε	Θήβαζε	d--------	d--------	
4288	ἤ	b--------	ἤ1	ἤ	c--------	b--------	
4289	Μέγαρα	d--------	μέγαρα	Μέγαρα	d--------	d--------	
4290	—	u--------	—	—	u--------	u--------	
4291	εὐνομέομαι	v3ppim---	εὐνομέομαι	εὐνομέομαι	v3ppie---	v3ppim---	
4292	γάρ	g--------	γάρ	γάρ	d--------	g--------	
4293	ἀμφότερος	a-p---fn-	ἀμφότερος	ἀμφότερος	a-p---fn-	a-p---fn-	
4294	—	u--------	—	—	u--------	u--------	
4295	πολέμιος	a-s---mn-	πολέμιος	πολέμιος	a-s---mn-	a-s---mn-	
4296	ἥκω	v2sfia---	ἥκω	ἥκω	v2sfia---	v2sfia---	
4297	,	u--------	,	,	u--------	u--------	
4298	ὦ	i--------	ὦ	ὦ	i--------	i--------	
4299	Σωκράτης	n-s---mv-	σωκράτης	Σωκράτης	n-s---mv-	n-s---mv-	
4300	,	u--------	,	,	u--------	u--------	
4301	ὁ	l-s---fd-	ὁ	ὁ	l-s---fd-	l-s---fd-	
4302	οὗτος	p-p---mg-	οὗτος	οὗτος	p-p---mg-	p-p---mg-	
4303	πολιτεία	n-s---fd-	πολιτεία	πολιτεία	n-s---fd-	n-s---fd-	
4304	,	u--------	,	,	u--------	u--------	
4305	καί	b--------	καί	καί	d--------	b--------	
4306	ὅσος	p-p---mn-	ὅσος	ὅσος	a-p---mn-	p-p---mn-	
4307	κήδω	v3ppim---	κήδω	κήδω	v3ppie---	v3ppim---	
4308	ὁ	l-p---fg-	ὁ	ὁ	l-p---mg-	l-p---fg-	
4309	ἑαυτοῦ	p-p---mg-	ἑαυτοῦ	ἑαυτοῦ	p-p---fg-	p-p---mg-	
4310	πόλις	n-p---fg-	πόλις	πόλις	n-p---fg-	n-p---fg-	
4311	ὑποβλέπω	v3pfim---	ὑποβλέπω	ὑποβλέπω	v3pfim---	v3pfim---	
4312	σύ	p2s---ca-	σύ	σύ	p-s---ma-	p2s---ca-	
4313	διαφθορεύς	n-s---ma-	διαφθορεύς	διαφθορεύς	n-s---ma-	n-s---ma-	
4314	ἡγέομαι	v-pppmmn-	ἡγέομαι	ἡγέομαι	v-pppmmn-	v-pppmmn-	
4315	ὁ	l-p---mg-	ὁ	ὁ	l-p---mg-	l-p---mg-	
4316	νόμος	n-p---mg-	νόμος	νόμος	n-p---mg-	n-p---mg-	
4317	,	u--------	,	,	u--------	u--------	
4318	καί	b--------	καί	καί	c--------	b--------	
4319	βεβαιόω	v2sfia---	βεβαιόω	βεβαιόω	v2sfia---	v2sfia---	
4320	ὁ	l-p---md-	ὁ	ὁ	l-p---md-	l-p---md-	
4321	δικαστής	n-p---md-	δικαστής	δικαστής	n-p---md-	n-p---md-	
4322	ὁ	l-s---fa-	ὁ	ὁ	l-s---fa-	l-s---fa-	
4323	δόξα	n-s---fa-	δόξα	δόξα	n-s---fa-	n-s---fa-	
4324	,	u--------	,	,	u--------	u--------	
4325	ὥστε	c--------	ὥστε	ὥστε	c--------	c--------	
4326	δοκέω	v--pna---	δοκέω	δοκέω	v--pna---	v--pna---	
4327	ὀρθός	d--------	ὀρθός	ὀρθός	d--------	d--------	
4328	ὁ	l-s---fa-	ὁ	ὁ	l-s---fa-	l-s---fa-	
4329	δίκη	n-s---fa-	δίκη	δίκη	n-s---fa-	n-s---fa-	
4330	δικάζω	v--ana---	δικάζω	δικάζω	v--ana---	v--ana---	
4331	·	u--------	·	·	u--------	u--------	
4332	ὅστις	p-s---mn-	ὅστις	ὅστις	p-s---mn-	p-s---mn-	
4333	γάρ	g--------	γάρ	γάρ	d--------	g--------	
4334	νόμος	n-p---mg-	νόμος	νόμος	n-p---mg-	n-p---mg-	
4335	διαφθορεύς	n-s---mn-	διαφθορεύς	διαφθορεύς	n-s---mn-	n-s---mn-	
4336	εἰμί	v3spia---	εἰμί	εἰμί	v3spia---	v3spia---	
4337	σφόδρα	d--------	σφόδρα	σφόδρα	d--------	d--------	
4338	που	g--------	πού	που	d--------	g--------	
4339	δοκέω	v3saoa---	δοκέω	δοκέω	v3saoa---	v3saoa---	
4340	ἄν	g--------	ἄν	ἄν	d--------	g--------	
4341	νέος	a-p---mg-	νέος	νέος	a-p---mg-	a-p---mg-	
4342	γε	d--------	γε	γε	d--------	d--------	
4343	καί	b--------	καί	καί	c--------	b--------	
4344	ἀνόητος	a-p---mg-	ἀνόητος	ἀνόητος	a-p---mg-	a-p---mg-	
4345	ἄνθρωπος	n-p---mg-	ἄνθρωπος	ἄνθρωπος	n-p---mg-	n-p---mg-	
4346	διαφθορεύς	n-s---mn-	διαφθορεύς	διαφθορεύς	n-s---mn-	n-s---mn-	
4347	εἰμί	v--pna---	εἰμί	εἰμί	v--pna---	v--pna---	
4348	.	u--------	.	.	u--------	u--------	
4349	πότερος	g--------	πότερον	πότερος	d--------	g--------	DISAGREE
4350	οὖν	g--------	οὖν	οὖν	d--------	g--------	
4351	φεύγω	v2sfim---	φεύγω	φεύγω	v2sfim---	v2sfim---	
4352	ὁ	l-p---fa-	ὁ	ὁ	l-p---fa-	l-p---fa-	
4353	τε	b--------	τε	τε	d--------	b--------	
4354	εὐνομέομαι	v-pppmfa-	εὐνομέομαι	εὐνομέομαι	v-pppefa-	v-pppmfa-	
4355	πόλις	n-p---fa-	πόλις	πόλις	n-p---fa-	n-p---fa-	
4356	καί	b--------	καί	καί	c--------	b--------	
4357	ὁ	l-p---mg-	ὁ	ὁ	l-p---mg-	l-p---mg-	
4358	ἀνήρ	n-p---mg-	ἀνήρ	ἀνήρ	n-p---mg-	n-p---mg-	
4359	ὁ	l-p---ma-	ὁ	ὁ	l-p---ma-	l-p---ma-	
4360	κόσμιος	a-p---mas	κόσμιος	κόσμιος	a-p---mas	a-p---mas	
4361	;	u--------	;	;	u--------	u--------	
4362	καί	b--------	καί	καί	d--------	b--------	
4363	οὗτος	p-s---na-	οὗτος	οὗτος	p-s---na-	p-s---na-	
4364	ποιέω	v3spia---	ποιέω	ποιέω	v-sppand-	v3spia---	
4365	ἆρα	g--------	ἆρα	ἆρα	d--------	g--------	
4366	ἄξιος	a-s---nn-	ἄξιος	ἄξιος	a-s---nn-	a-s---nn-	
4367	σύ	p2s---cd-	σύ	σύ	p-s---md-	p2s---cd-	
4368	ζάω	v--pna---	ζάω	ζάω	v--pna---	v--pna---	
4369	εἰμί	v3sfim---	εἰμί	εἰμί	v3sfim---	v3sfim---	
4370	;	u--------	;	;	u--------	u--------	
4371	ἤ	b--------	ἤ1	ἤ	d--------	b--------	
4372	πλησιάζω	v2sfia---	πλησιάζω	πλησιάζω	v2sfia---	v2sfia---	
4373	οὗτος	p-p---md-	οὗτος	οὗτος	p-p---nd-	p-p---md-	
4374	καί	b--------	καί	καί	c--------	b--------	
4375	ἀναισχυντέω	v2sfia---	ἀναισχυντέω	ἀναισχυντέω	v2sfia---	v2sfia---	
4376	διαλέγω	v-sppmmn-	διαλέγω	διαλέγω	v-sppemn-	v-sppmmn-	
4377	—	u--------	—	—	u--------	u--------	
4378	τίς	p-p---ca-	τις	τίς	a-p---ma-	p-p---ca-	
4379	λόγος	n-p---ma-	λόγος	λόγος	n-p---ma-	n-p---ma-	
4380	,	u--------	,	,	u--------	u--------	
4381	ὦ	i--------	ὦ	ὦ	i--------	i--------	
4382	Σωκράτης	n-s---mv-	σωκράτης	Σωκράτης	n-s---mv-	n-s---mv-	
4383	;	u--------	;	;	u--------	u--------	
4384	ἤ	b--------	ἤ1	ἤ	d--------	b--------	
4385	ὅς	p-p---ma-	ὅς	ὅς	p-p---ma-	p-p---ma-	
4386	ἐνθάδε	d--------	ἐνθάδε	ἐνθάδε	d--------	d--------	
4387	,	u--------	,	,	u--------	u--------	
4388	ὡς	c--------	ὡς	ὡς	c--------	c--------	
4389	ὁ	l-s---fn-	ὁ	ὁ	l-s---fn-	l-s---fn-	
4390	ἀρετή	n-s---fn-	ἀρετή	ἀρετή	n-s---fn-	n-s---fn-	
4391	καί	b--------	καί	καί	c--------	b--------	
4392	ὁ	l-s---fn-	ὁ	ὁ	l-s---fn-	l-s---fn-	
4393	δικαιοσύνη	n-s---fn-	δικαιοσύνη	δικαιοσύνη	n-s---fn-	n-s---fn-	
4394	πολύς	a-s---ngs	πολύς	πολύς	a-s---mg-	a-s---ngs	
4395	ἄξιος	a-s---nn-	ἄξιος	ἄξιος	a-s---nn-	a-s---nn-	
4396	ὁ	l-p---md-	ὁ	ὁ	l-p---md-	l-p---md-	
4397	ἄνθρωπος	n-p---md-	ἄνθρωπος	ἄνθρωπος	n-p---md-	n-p---md-	
4398	καί	b--------	καί	καί	d--------	b--------	
4399	ὁ	l-p---nn-	ὁ	ὁ	l-p---na-	l-p---nn-	
4400	νόμιμος	a-p---nn-	νόμιμος	νόμιμος	n-p---nn-	a-p---nn-	
4401	καί	b--------	καί	καί	c--------	b--------	
4402	ὁ	l-p---mn-	ὁ	ὁ	l-p---mn-	l-p---mn-	
4403	νόμος	n-p---mn-	νόμος	νόμος	n-p---mn-	n-p---mn-	
4404	;	u--------		;		u--------	glaux_only
4405	καί	b--------	καί	καί	d--------	b--------	
4406	οὐ	d--------	οὐ	οὐ	d--------	d--------	
4407	οἴομαι	v2spim---	οἴομαι	οἴομαι	v2spie---	v2spim---	
4408	ἀσχήμων	a-s---na-	ἄσχημος	ἀσχήμων	a-s---na-	a-s---na-	DISAGREE
4409	ἄν	g--------		ἄν		g--------	glaux_only
4410	φαίνω	v--fnm---		φαίνω		v--fnm---	glaux_only
4411	ὁ	l-s---na-		ὁ		l-s---na-	glaux_only
4412	ὁ	l-s---mg-		ὁ		l-s---mg-	glaux_only
4413	Σωκράτης	n-s---mg-		Σωκράτης		n-s---mg-	glaux_only
4414	πρᾶγμα	n-s---na-		πρᾶγμα		n-s---na-	glaux_only
4415	;	u--------		;		u--------	glaux_only
4416	οἴομαι	v--pnm---		οἴομαι		v--pnm---	glaux_only
4417	γε	d--------		γε		d--------	glaux_only
4418	χρή	v3spia---		χρή		v3spia---	glaux_only
4419	.	u--------		.		u--------	glaux_only
4420	ἀλλά	b--------		ἀλλά		b--------	glaux_only
4421	ἐκ	r--------		ἐκ		r--------	glaux_only
4422	μέν	g--------		μέν		g--------	glaux_only
4423	οὗτος	p-p---mg-		οὗτος		p-p---mg-	glaux_only
4424	ὁ	l-p---mg-		ὁ		l-p---mg-	glaux_only
4425	τόπος	n-p---mg-		τόπος		n-p---mg-	glaux_only
4426	ἀπαίρω	v2sfia---		ἀπαίρω		v2sfia---	glaux_only
4427	,	u--------		,		u--------	glaux_only
4428	ἥκω	v2sfia---		ἥκω		v2sfia---	glaux_only
4429	δέ	b--------		δέ		b--------	glaux_only
4430	εἰς	r--------		εἰς		r--------	glaux_only
4431	Θεσσαλία	n-s---fa-		Θεσσαλία		n-s---fa-	glaux_only
4432	παρά	r--------		παρά		r--------	glaux_only
4433	ὁ	l-p---ma-	ὁ	ὁ	l-p---ma-	l-p---ma-	
4434	ξένος	a-p---ma-		ξένος		a-p---ma-	glaux_only
4435	ὁ	l-p---ma-		ὁ		l-p---ma-	glaux_only
4436	Κρίτων	n-s---mg-		Κρίτων		n-s---mg-	glaux_only
4437	;	u--------		;		u--------	glaux_only
4438	ἐκεῖ	d--------		ἐκεῖ		d--------	glaux_only
4439	γάρ	g--------		γάρ		g--------	glaux_only
4440	δή	g--------		δή		g--------	glaux_only
4441	πολύς	a-s---fns		πολύς		a-s---fns	glaux_only
4442	ἀταξία	n-s---fn-		ἀταξία		n-s---fn-	glaux_only
4443	καί	b--------	καί	καί	c--------	b--------	
4444	ἀκολασία	n-s---fn-		ἀκολασία		n-s---fn-	glaux_only
4445	,	u--------		,		u--------	glaux_only
4446	καί	b--------		καί		b--------	glaux_only
4447	ἴσως	d--------		ἴσως		d--------	glaux_only
4448	ἄν	g--------		ἄν		g--------	glaux_only
4449	ἡδύς	d--------		ἡδύς		d--------	glaux_only
4450	σύ	p2s---cg-		σύ		p2s---cg-	glaux_only
4451	ἀκούω	v3ppoa---		ἀκούω		v3ppoa---	glaux_only
4452	ὡς	d--------		ὡς		d--------	glaux_only
4453	γέλοιος	d--------		γέλοιος		d--------	glaux_only
4454	ἐκ	r--------		ἐκ		r--------	glaux_only
4455	ὁ	l-s---ng-		ὁ		l-s---ng-	glaux_only
4456	δεσμωτήριον	n-s---ng-		δεσμωτήριον		n-s---ng-	glaux_only
4457	ἀποδιδράσκω	v2siia---		ἀποδιδράσκω		v2siia---	glaux_only
4458	σκευή	n-s---fa-		σκευή		n-s---fa-	glaux_only
4459	τε	b--------		τε		b--------	glaux_only
4460	τις	p-s---ca-		τις		p-s---ca-	glaux_only
4461	περιτίθημι	v-sapmmn-		περιτίθημι		v-sapmmn-	glaux_only
4462	,	u--------		,		u--------	glaux_only
4463	ἤ	b--------	ἤ1	ἤ	c--------	b--------	
4464	διφθέρα	n-s---fa-		διφθέρα		n-s---fa-	glaux_only
4465	λαμβάνω	v-sapamn-		λαμβάνω		v-sapamn-	glaux_only
4466	ἤ	b--------		ἤ		b--------	glaux_only
4467	ἄλλος	p-p---na-		ἄλλος		p-p---na-	glaux_only
4468	οἷος	p-p---na-		οἷος		p-p---na-	glaux_only
4469	δή	g--------		δή		g--------	glaux_only
4470	εἴωθα	v3pria---		εἴωθα		v3pria---	glaux_only
4471	ἐνσκευάζω	v--pnm---		ἐνσκευάζω		v--pnm---	glaux_only
4472	ὁ	l-p---mn-		ὁ		l-p---mn-	glaux_only
4473	ἀποδιδράσκω	v-pppamn-		ἀποδιδράσκω		v-pppamn-	glaux_only
4474	,	u--------		,		u--------	glaux_only
4475	καί	b--------		καί		b--------	glaux_only
4476	ὁ	l-s---na-		ὁ		l-s---na-	glaux_only
4477	σχῆμα	n-s---na-		σχῆμα		n-s---na-	glaux_only
4478	ὁ	l-s---na-		ὁ		l-s---na-	glaux_only
4479	σεαυτοῦ	p2s---mg-		σεαυτοῦ		p2s---mg-	glaux_only
4480	μεταλλάσσω	v-sapamn-		μεταλλάσσω		v-sapamn-	glaux_only
4481	·	u--------		·		u--------	glaux_only
4482	ὅτι	c--------		ὅτι		c--------	glaux_only
4483	δέ	b--------		δέ		b--------	glaux_only
4484	γέρων	a-s---mn-		γέρων		a-s---mn-	glaux_only
4485	ἀνήρ	n-s---mn-		ἀνήρ		n-s---mn-	glaux_only
4486	,	u--------		,		u--------	glaux_only
4487	μικρός	a-s---mg-		μικρός		a-s---mg-	glaux_only
4488	χρόνος	n-s---mg-		χρόνος		n-s---mg-	glaux_only
4489	ὁ	l-s---md-		ὁ		l-s---md-	glaux_only
4490	βίος	n-s---md-		βίος		n-s---md-	glaux_only
4491	λοιπός	a-s---mg-		λοιπός		a-s---mg-	glaux_only
4492	εἰμί	v-sppamg-		εἰμί		v-sppamg-	glaux_only
4493	ὡς	c--------		ὡς		c--------	glaux_only
4494	ὁ	l-s---nn-		ὁ		l-s---nn-	glaux_only
4495	ἔοικα	v-srpann-		ἔοικα		v-srpann-	glaux_only
4496	,	u--------		,		u--------	glaux_only
4497	τολμάω	v2saia---		τολμάω		v2saia---	glaux_only
4498	οὕτως	d--------		οὕτως		d--------	glaux_only
4499	γλίσχρος	d--------		γλίσχρος		d--------	glaux_only
4500	ἐπιθυμέω	v--pna---		ἐπιθυμέω		v--pna---	glaux_only
4501	ζάω	v--pna---		ζάω		v--pna---	glaux_only
4502	,	u--------		,		u--------	glaux_only
4503	νόμος	n-p---ma-		νόμος		n-p---ma-	glaux_only
4504	ὁ	l-p---ma-		ὁ		l-p---ma-	glaux_only
4505	μέγας	a-p---mas		μέγας		a-p---mas	glaux_only
4506	παραβαίνω	v-sapamn-		παραβαίνω		v-sapamn-	glaux_only
4507	,	u--------		,		u--------	glaux_only
4508	οὐδείς	p-s---mn-		οὐδείς		p-s---mn-	glaux_only
4509	ὅς	p-s---mn-		ὅς		p-s---mn-	glaux_only
4510	λέγω	v3sfia---		λέγω		v3sfia---	glaux_only
4511	;	u--------		;		u--------	glaux_only
4512	ἴσως	d--------		ἴσως		d--------	glaux_only
4513	,	u--------		,		u--------	glaux_only
4514	ἐάν	c--------		ἐάν		c--------	glaux_only
4515	μή	d--------		μή		d--------	glaux_only
4516	τις	p-s---ca-		τις		p-s---ca-	glaux_only
4517	λυπέω	v2spsa---		λυπέω		v2spsa---	glaux_only
4518	·	u--------		·		u--------	glaux_only
4519	εἰ	c--------		εἰ		c--------	glaux_only
4520	δέ	b--------		δέ		b--------	glaux_only
4521	μή	d--------		μή		d--------	glaux_only
4522	,	u--------	,	,	u--------	u--------	
4523	ἀκούω	v2sfim---		ἀκούω		v2sfim---	glaux_only
4524	,	u--------		,		u--------	glaux_only
4525	ὦ	i--------		ὦ		i--------	glaux_only
4526	Σωκράτης	n-s---mv-		Σωκράτης		n-s---mv-	glaux_only
4527	,	u--------		,		u--------	glaux_only
4528	πολύς	a-p---na-		πολύς		a-p---na-	glaux_only
4529	καί	b--------		καί		b--------	glaux_only
4530	ἀνάξιος	a-p---na-		ἀνάξιος		a-p---na-	glaux_only
4531	σεαυτοῦ	p2s---mg-		σεαυτοῦ		p2s---mg-	glaux_only
4532	.	u--------		.		u--------	glaux_only
4533	ὑπέρχομαι	v-sppmmn-		ὑπέρχομαι		v-sppmmn-	glaux_only
4534	δή	g--------		δή		g--------	glaux_only
4535	βιόω	v2sfim---		βιόω		v2sfim---	glaux_only
4536	πᾶς	a-p---ma-		πᾶς		a-p---ma-	glaux_only
4537	ἄνθρωπος	n-p---ma-		ἄνθρωπος		n-p---ma-	glaux_only
4538	καί	b--------		καί		b--------	glaux_only
4539	δουλεύω	v-sppamn-		δουλεύω		v-sppamn-	glaux_only
4540	—	u--------		—		u--------	glaux_only
4541	τίς	p-s---na-		τίς		p-s---na-	glaux_only
4542	ποιέω	v-sppamn-		ποιέω		v-sppamn-	glaux_only
4543	ἤ	c--------		ἤ		c--------	glaux_only
4544	εὐωχέω	v-sppmmn-		εὐωχέω		v-sppmmn-	glaux_only
4545	ἐν	r--------		ἐν		r--------	glaux_only
4546	Θεσσαλία	n-s---fd-		Θεσσαλία		n-s---fd-	glaux_only
4547	,	u--------		,		u--------	glaux_only
4548	ὥσπερ	c--------		ὥσπερ		c--------	glaux_only
4549	ἐπί	r--------		ἐπί		r--------	glaux_only
4550	δεῖπνον	n-s---na-		δεῖπνον		n-s---na-	glaux_only
4551	ἀποδημέω	v-srpamn-		ἀποδημέω		v-srpamn-	glaux_only
4552	εἰς	r--------		εἰς		r--------	glaux_only
4553	Θεσσαλία	n-s---fa-		Θεσσαλία		n-s---fa-	glaux_only
4554	;	u--------		;		u--------	glaux_only
4555	λόγος	n-p---mn-	λόγος	λόγος	n-p---mn-	n-p---mn-	
4556	δέ	b--------	δέ	δέ	d--------	b--------	
4557	ἐκεῖνος	p-p---mn-	ἐκεῖνος	ἐκεῖνος	a-p---mn-	p-p---mn-	
4558	ὁ	l-p---mn-	ὁ	ὁ	l-p---mn-	l-p---mn-	
4559	περί	r--------	περί	περί	r--------	r--------	
4560	δικαιοσύνη	n-s---fg-	δικαιοσύνη	δικαιοσύνη	n-s---fg-	n-s---fg-	
4561	τε	b--------	τε	τε	d--------	b--------	
4562	καί	b--------	καί	καί	c--------	b--------	
4563	ὁ	l-s---fg-	ὁ	ὁ	l-s---fg-	l-s---fg-	
4564	ἄλλος	p-s---fg-	ἄλλος	ἄλλος	a-s---fg-	p-s---fg-	
4565	ἀρετή	n-s---fg-	ἀρετή	ἀρετή	n-s---fg-	n-s---fg-	
4566	ποῦ	d--------	ποῦ	ποῦ	d--------	d--------	
4567	ἐγώ	p1p---cd-	ἐγώ	ἐγώ	p-p---md-	p1p---cd-	
4568	εἰμί	v3pfim---	εἰμί	εἰμί	v3pfim---	v3pfim---	
4569	;	u--------	;	;	u--------	u--------	
4570	ἀλλά	b--------	ἀλλά	ἀλλά	d--------	b--------	
4571	δή	g--------	δή	δή	d--------	g--------	
4572	ὁ	l-p---mg-	ὁ	ὁ	l-p---mg-	l-p---mg-	
4573	παῖς	n-p---cg-	παῖς	παῖς	n-p---mg-	n-p---cg-	
4574	ἕνεκα	r--------	ἕνεκα	ἕνεκα	r--------	r--------	
4575	βούλομαι	v2spim---	βούλομαι	βούλομαι	v2spie---	v2spim---	
4576	ζάω	v--pna---	ζάω	ζάω	v--pna---	v--pna---	
4577	,	u--------	,	,	u--------	u--------	
4578	ἵνα	c--------	ἵνα	ἵνα	c--------	c--------	
4579	αὐτός	p-p---ma-	αὐτός	αὐτός	p-p---ma-	p-p---ma-	
4580	ἐκτρέφω	v2sasa---	ἐκτρέφω	ἐκτρέφω	v2sasa---	v2sasa---	
4581	καί	b--------	καί	καί	c--------	b--------	
4582	παιδεύω	v2sasa---	παιδεύω	παιδεύω	v2sasa---	v2sasa---	
4583	;	u--------	;	;	u--------	u--------	
4584	τίς	p-s---na-	τίς	τίς	p-s---nn-	p-s---na-	
4585	δέ	b--------	δέ	δέ	d--------	b--------	
4586	;	u--------		;		u--------	glaux_only
4587	εἰς	r--------	εἰς	εἰς	r--------	r--------	
4588	Θεσσαλία	n-s---fa-	θεσσαλία	Θεσσαλία	n-s---fa-	n-s---fa-	
4589	αὐτός	p-p---ma-	αὐτός	αὐτός	p-p---ma-	p-p---ma-	
4590	ἄγω	v-sapamn-	ἄγω	ἄγω	v-sapamn-	v-sapamn-	
4591	τρέφω	v2sfia---	τρέφω	τρέφω	v2sfia---	v2sfia---	
4592	τε	b--------	τε	τε	d--------	b--------	
4593	καί	b--------	καί	καί	c--------	b--------	
4594	παιδεύω	v2sfia---	παιδεύω	παιδεύω	v2sfia---	v2sfia---	
4595	,	u--------	,	,	u--------	u--------	
4596	ξένος	a-p---ma-	ξένος1	ξένος	n-p---ma-	a-p---ma-	
4597	ποιέω	v-sapamn-	ποιέω	ποιέω	v-sapamn-	v-sapamn-	
4598	,	u--------	,	,	u--------	u--------	
4599	ἵνα	c--------	ἵνα	ἵνα	c--------	c--------	
4600	καί	d--------	καί	καί	d--------	d--------	
4601	οὗτος	p-s---na-	οὗτος	οὗτος	p-s---na-	p-s---na-	
4602	ἀπολαύω	v3pasa---	ἀπολαύω	ἀπολαύω	v3pasa---	v3pasa---	
4603	;	u--------	;	;	u--------	u--------	
4604	ἤ	b--------	ἤ1	ἤ	d--------	b--------	
4605	οὗτος	p-s---na-	οὗτος	οὗτος	p-s---na-	p-s---na-	
4606	μέν	g--------	μέν	μέν	d--------	g--------	
4607	οὐ	d--------	οὐ	οὐ	d--------	d--------	
4608	,	u--------	,	,	u--------	u--------	
4609	αὐτός	p-s---mg-	αὐτός	αὐτός	d--------	p-s---mg-	
4610	δέ	b--------	δέ	δέ	c--------	b--------	
4611	τρέφω	v-pppmmn-	τρέφω	τρέφω	v-pppemn-	v-pppmmn-	
4612	σύ	p2s---cg-	σύ	σύ	p-s---mg-	p2s---cg-	
4613	ζάω	v-sppamg-	ζάω	ζάω	v-sppamg-	v-sppamg-	
4614	ἀγαθός	d-------c	βελτίων	ἀγαθός	a-s---nac	d-------c	DISAGREE
4615	τρέφω	v3pfim---	τρέφω	τρέφω	v3pfim---	v3pfim---	
4616	καί	b--------	καί	καί	c--------	b--------	
4617	παιδεύω	v3pfim---	παιδεύω	παιδεύω	v3pfim---	v3pfim---	
4618	μή	d--------	μή	μή	d--------	d--------	
4619	σύνειμι	v-sppamg-	σύνειμι1	σύνειμι	v-sppamg-	v-sppamg-	
4620	σύ	p2s---cg-	σύ	σύ	p-s---mg-	p2s---cg-	
4621	αὐτός	p-p---md-	αὐτός	αὐτός	p-p---md-	p-p---md-	
4622	;	u--------		;		u--------	glaux_only
4623	ὁ	l-p---mn-	ὁ	ὁ	l-p---mn-	l-p---mn-	
4624	γάρ	g--------	γάρ	γάρ	d--------	g--------	
4625	ἐπιτήδειος	a-p---mn-	ἐπιτήδειος	ἐπιτήδειος	a-p---mn-	a-p---mn-	
4626	ὁ	l-p---mn-	ὁ	ὁ	l-p---mn-	l-p---mn-	
4627	σός	a-p---mn-	σύ	σός	a-p---mn-	a-p---mn-	DISAGREE
4628	ἐπιμελέομαι	v3pfim---	ἐπιμελέομαι	ἐπιμελέομαι	v3pfie---	v3pfim---	
4629	αὐτός	p-p---mg-	αὐτός	αὐτός	p-p---mg-	p-p---mg-	
4630	.	u--------	.	.	u--------	u--------	
4631	πότερος	g--------	πότερον	πότερος	d--------	g--------	DISAGREE
4632	ἐάν	c--------	ἐάν	ἐάν	c--------	c--------	
4633	μέν	g--------	μέν	μέν	d--------	g--------	
4634	εἰς	r--------	εἰς	εἰς	r--------	r--------	
4635	Θεσσαλία	n-s---fa-	θεσσαλία	Θεσσαλία	n-s---fa-	n-s---fa-	
4636	ἀποδημέω	v2sasa---	ἀποδημέω	ἀποδημέω	v2sasa---	v2sasa---	
4637	,	u--------	,	,	u--------	u--------	
4638	ἐπιμελέομαι	v3pfim---	ἐπιμελέομαι	ἐπιμελέομαι	v3pfie---	v3pfim---	
4639	,	u--------	,	,	u--------	u--------	
4640	ἐάν	c--------	ἐάν	ἐάν	c--------	c--------	
4641	δέ	b--------	δέ	δέ	c--------	b--------	
4642	εἰς	r--------	εἰς	εἰς	r--------	r--------	
4643	ᾍδης	n-s---mg-	ᾅδης	ᾍδης	n-s---mg-	n-s---mg-	
4644	ἀποδημέω	v2sasa---	ἀποδημέω	ἀποδημέω	v2sasa---	v2sasa---	
4645	,	u--------	,	,	u--------	u--------	
4646	οὐ	d--------	οὐ	οὐ	d--------	d--------	
4647	ἐπιμελέομαι	v3pfim---	ἐπιμελέομαι	ἐπιμελέομαι	v3pfie---	v3pfim---	
4648	;	u--------	;	;	u--------	u--------	
4649	εἴπερ	c--------	εἴπερ	εἴπερ	c--------	c--------	
4650	γε	d--------	γε	γε	d--------	d--------	
4651	τις	p-s---nn-	τις	τις	a-s---nn-	p-s---nn-	
4652	ὄφελος	n-s---nn-	ὄφελος	ὄφελος	n-s---nn-	n-s---nn-	
4653	αὐτός	p-p---mg-	αὐτός	αὐτός	p-p---mg-	p-p---mg-	
4654	εἰμί	v3spia---	εἰμί	εἰμί	v3spia---	v3spia---	
4655	ὁ	l-p---mg-	ὁ	ὁ	l-p---mg-	l-p---mg-	
4656	σύ	p2s---cd-	σύ	σύ	p-s---md-	p2s---cd-	
4657	φάσκω	v-pppamg-	φάσκω	φάσκω	v-pppamg-	v-pppamg-	
4658	ἐπιτήδειος	a-p---mg-	ἐπιτήδειος	ἐπιτήδειος	a-p---mg-	a-p---mg-	
4659	εἰμί	v--pna---	εἰμί	εἰμί	v--pna---	v--pna---	
4660	,	u--------	,	,	u--------	u--------	
4661	οἴομαι	v--pnm---	οἴομαι	οἴομαι	v--pne---	v--pnm---	
4662	γε	d--------	γε	γε	d--------	d--------	
4663	χρή	v3spia---	χρή	χρή	v3spia---	v3spia---	
4664	.	u--------	.	.	u--------	u--------	
4665	ἀλλά	b--------	ἀλλά	ἀλλά	d--------	b--------	
4666	,	u--------	,	,	u--------	u--------	
4667	ὦ	i--------	ὦ	ὦ	i--------	i--------	
4668	Σωκράτης	n-s---mv-	σωκράτης	Σωκράτης	n-s---mv-	n-s---mv-	
4669	,	u--------	,	,	u--------	u--------	
4670	πείθω	v-sppmmn-	πείθω	πείθω	v-sppemn-	v-sppmmn-	
4671	ἐγώ	p1p---cd-	ἐγώ	ἐγώ	p-p---md-	p1p---cd-	
4672	ὁ	l-p---md-	ὁ	ὁ	l-p---md-	l-p---md-	
4673	σός	a-p---md-	σός	σός	a-p---md-	a-p---md-	
4674	τροφεύς	n-p---md-	τροφεύς	τροφεύς	n-p---md-	n-p---md-	
4675	μή	d--------	μή	μή	d--------	d--------	
4676	τε	d--------	τε		d--------		oga_only
4677	παῖς	n-p---ma-	παῖς		n-p---ma-		oga_only
4678	περί	r--------	περί		r--------		oga_only
4679	πλείων	a-s---mgc	πλείων		a-s---mgc		oga_only
4680	ποιέω	v2spme---	ποιέω		v2spme---		oga_only
4681	μή	d--------	μή		d--------		oga_only
4682	τε	d--------	τε		d--------		oga_only
4683	ὁ	l-s---na-	ὁ		l-s---na-		oga_only
4684	ζάω	v--pna---	ζάω		v--pna---		oga_only
4685	μή	d--------	μή		d--------		oga_only
4686	τε	c--------	τε		c--------		oga_only
4687	ἄλλος	a-s---na-	ἄλλος		a-s---na-		oga_only
4688	μηδείς	p-s---na-	μηδείς		p-s---na-		oga_only
4689	πρό	r--------	πρό		r--------		oga_only
4690	ὁ	l-s---ng-	ὁ		l-s---ng-		oga_only
4691	δίκαιος	a-s---ng-	δίκαιος		a-s---ng-		oga_only
4692	,	u--------	,		u--------		oga_only
4693	ἵνα	c--------	ἵνα		c--------		oga_only
4694	εἰς	r--------	εἰς		r--------		oga_only
4695	ᾅδης	n-s---mg-	ᾅδης		n-s---mg-		oga_only
4696	ἔρχομαι	v-sapamn-	ἔρχομαι		v-sapamn-		oga_only
4697	ἔχω	v2spsa---	ἔχω		v2spsa---		oga_only
4698	πᾶς	a-p---na-	πᾶς		a-p---na-		oga_only
4699	οὗτος	p-p---na-	οὗτος		p-p---na-		oga_only
4700	ἀπολογέομαι	v--ane---	ἀπολογέομαι		v--ane---		oga_only
4701	ὁ	l-p---md-	ὁ		l-p---md-		oga_only
4702	ἐκεῖ	d--------	ἐκεῖ		d--------		oga_only
4703	ἄρχω	v-pppamd-	ἄρχω		v-pppamd-		oga_only
4704	·	u--------	·		u--------		oga_only
4705	οὐ	d--------	οὐ	οὐ	d--------	d--------	
4706	τε	d--------	τε		d--------		oga_only
4707	γάρ	d--------	γάρ		d--------		oga_only
4708	ἐνθάδε	d--------	ἐνθάδε		d--------		oga_only
4709	σύ	p-s---md-	σύ		p-s---md-		oga_only
4710	φαίνω	v3spie---	φαίνω		v3spie---		oga_only
4711	οὗτος	p-p---na-	οὗτος		p-p---na-		oga_only
4712	πράσσω	v-sppamd-	πράσσω		v-sppamd-		oga_only
4713	ἀμείνων	a-s---nnc	ἀμείνων		a-s---nnc		oga_only
4714	εἰμί	v--pna---	εἰμί		v--pna---		oga_only
4715	οὐ	d--------	οὐ		d--------		oga_only
4716	δέ	d--------	δέ		d--------		oga_only
4717	δίκαιος	a-s---nac	δίκαιος		a-s---nac		oga_only
4718	οὐ	d--------	οὐ		d--------		oga_only
4719	δέ	c--------	δέ		c--------		oga_only
4720	ὅσιος	a-s---mac	ὅσιος		a-s---mac		oga_only
4721	,	u--------	,		u--------		oga_only
4722	οὐ	d--------	οὐ		d--------		oga_only
4723	δέ	c--------	δέ		c--------		oga_only
4724	ἄλλος	a-s---md-	ἄλλος		a-s---md-		oga_only
4725	ὁ	l-p---mg-	ὁ		l-p---mg-		oga_only
4726	σός	a-p---mg-	σός		a-p---mg-		oga_only
4727	οὐδείς	p-s---md-	οὐδείς		p-s---md-		oga_only
4728	,	u--------	,		u--------		oga_only
4729	οὐ	d--------	οὐ		d--------		oga_only
4730	τε	c--------	τε		c--------		oga_only
4731	ἐκεῖσε	d--------	ἐκεῖσε		d--------		oga_only
4732	ἀφικνέομαι	v-sapmmd-	ἀφικνέομαι		v-sapmmd-		oga_only
4733	ἀμείνων	a-s---mvc	ἀμείνων		a-s---mvc		oga_only
4734	εἰμί	v3sfim---	εἰμί		v3sfim---		oga_only
4735	.	u--------	.		u--------		oga_only
4736	ἀλλά	d--------	ἀλλά		d--------		oga_only
4737	νῦν	d--------	νῦν		d--------		oga_only
4738	μέν	d--------	μέν		d--------		oga_only
4739	ἀδικέω	v-srpemn-	ἀδικέω		v-srpemn-		oga_only
4740	ἄπειμι2	v2spia---	ἄπειμι2		v2spia---		oga_only
4741	,	u--------	,		u--------		oga_only
4742	ἐάν	c--------	ἐάν	ἐάν	c--------	c--------	
4743	ἀπέρχομαι	v2spsa---	ἄπειμι2	ἀπέρχομαι	v2spsa---	v2spsa---	DISAGREE
4744	,	u--------	,	,	u--------	u--------	
4745	οὐ	d--------	οὐ	οὐ	d--------	d--------	
4746	ὑπό	r--------	ὑπό	ὑπό	r--------	r--------	
4747	ἐγώ	p1p---cg-	ἐγώ	ἐγώ	p1p---mg-	p1p---cg-	
4748	ὁ	l-p---mg-	ὁ	ὁ	l-p---mg-	l-p---mg-	
4749	νόμος	n-p---mg-	νόμος	νόμος	n-p---mg-	n-p---mg-	
4750	ἀλλά	b--------	ἀλλά	ἀλλά	c--------	b--------	
4751	ὑπό	r--------	ὑπό	ὑπό	r--------	r--------	
4752	ἄνθρωπος	n-p---mg-	ἄνθρωπος	ἄνθρωπος	n-p---mg-	n-p---mg-	
4753	·	u--------	·	·	u--------	u--------	
4754	ἐάν	c--------	ἐάν	ἐάν	c--------	c--------	
4755	δέ	b--------	δέ	δέ	d--------	b--------	
4756	ἐξέρχομαι	v2sasa---	ἐξέρχομαι	ἐξέρχομαι	v2sasa---	v2sasa---	
4757	οὕτως	d--------	οὕτως	οὕτως	d--------	d--------	
4758	αἰσχρός	d--------	αἰσχρός	αἰσχρός	d--------	d--------	
4759	ἀνταδικέω	v-sapamn-	ἀνταδικέω	ἀνταδικέω	v-sapamn-	v-sapamn-	
4760	τε	b--------	τε	τε	d--------	b--------	
4761	καί	b--------	καί	καί	c--------	b--------	
4762	ἀντικακουργέω	v-sapamn-	ἀντικακουργέω	ἀντικακουργέω	v-sapamn-	v-sapamn-	
4763	,	u--------	,	,	u--------	u--------	
4764	ὁ	l-p---fa-	ὁ	ὁ	l-p---fa-	l-p---fa-	
4765	σεαυτοῦ	p2s---mg-	σεαυτοῦ	σεαυτοῦ	p-s---mg-	p2s---mg-	
4766	ὁμολογία	n-p---fa-	ὁμολογία	ὁμολογία	n-p---fa-	n-p---fa-	
4767	τε	b--------	τε	τε	d--------	b--------	
4768	καί	b--------	καί	καί	c--------	b--------	
4769	συνθήκη	n-p---fa-	συνθήκη	συνθήκη	n-p---fa-	n-p---fa-	
4770	ὁ	l-p---fa-	ὁ	ὁ	l-p---fa-	l-p---fa-	
4771	πρός	r--------	πρός	πρός	r--------	r--------	
4772	ἐγώ	p1p---ca-	ἐγώ	ἐγώ	p1p---ma-	p1p---ca-	
4773	παραβαίνω	v-sapamn-	παραβαίνω	παραβαίνω	v-sapamn-	v-sapamn-	
4774	καί	b--------	καί	καί	c--------	b--------	
4775	κακός	a-p---na-	κακός	κακός	a-p---na-	a-p---na-	
4776	ἐργάζομαι	v-sapmmn-	ἐργάζομαι	ἐργάζομαι	v-sapemn-	v-sapmmn-	
4777	οὗτος	p-p---ma-	οὗτος	οὗτος	p-p---ma-	p-p---ma-	
4778	ὅς	p-p---ma-	ὅς	ὅς	p-p---ma-	p-p---ma-	
4779	ἦκα	d-------s	ἥκιστος	ἦκα	a-p---na-	d-------s	DISAGREE
4780	δέω	v3siia---	δεῖ	δέω	v3siia---	v3siia---	DISAGREE
4781	,	u--------	,	,	u--------	u--------	
4782	σεαυτοῦ	p2s---ma-	σεαυτοῦ	σεαυτοῦ	p-s---na-	p2s---ma-	
4783	τε	b--------	τε	τε	d--------	b--------	
4784	καί	b--------	καί	καί	d--------	b--------	
4785	φίλος	a-p---ma-	φίλος	φίλος	n-p---ma-	a-p---ma-	
4786	καί	b--------	καί	καί	d--------	b--------	
4787	πατρίς	n-s---fa-	πατρίς	πατρίς	n-s---fa-	n-s---fa-	
4788	καί	b--------	καί	καί	c--------	b--------	
4789	ἐγώ	p1p---ca-	ἐγώ	ἐγώ	p1p---ma-	p1p---ca-	
4790	,	u--------	,	,	u--------	u--------	
4791	ἐγώ	p1p---cn-	ἐγώ	ἐγώ	p1p---mn-	p1p---cn-	
4792	τε	b--------	τε	τε	d--------	b--------	
4793	σύ	p2s---cd-	σύ	σύ	p-s---md-	p2s---cd-	
4794	χαλεπαίνω	v1pfia---	χαλεπαίνω	χαλεπαίνω	v1pfia---	v1pfia---	
4795	ζάω	v-sppamd-	ζάω	ζάω	v-sppamd-	v-sppamd-	
4796	,	u--------	,	,	u--------	u--------	
4797	καί	b--------	καί	καί	c--------	b--------	
4798	ἐκεῖ	d--------	ἐκεῖ	ἐκεῖ	d--------	d--------	
4799	ὁ	l-p---mn-	ὁ	ὁ	l-p---mn-	l-p---mn-	
4800	ἡμέτερος	a-p---mn-	ἡμέτερος	ἡμέτερος	a-p---mn-	a-p---mn-	
4801	ἀδελφός	n-p---mn-	ἀδελφός	ἀδελφός	n-p---mn-	n-p---mn-	
4802	ὁ	l-p---mn-	ὁ	ὁ	l-p---mn-	l-p---mn-	
4803	ἐν	r--------	ἐν	ἐν	r--------	r--------	
4804	ᾍδης	n-s---mg-	ᾅδης	ᾍδης	n-s---mg-	n-s---mg-	
4805	νόμος	n-p---mn-	νόμος	νόμος	n-p---mn-	n-p---mn-	
4806	οὐ	d--------	οὐ	οὐ	d--------	d--------	
4807	εὐμενής	d--------	εὐμενής	εὐμενής	d--------	d--------	
4808	σύ	p2s---ca-	σύ	σύ	p-s---ma-	p2s---ca-	
4809	ὑποδέχομαι	v3pfim---	ὑποδέχομαι	ὑποδέχομαι	v3pfim---	v3pfim---	
4810	,	u--------	,	,	u--------	u--------	
4811	οἶδα	v-prpamn-	οἶδα	οἶδα	v-prpamn-	v-prpamn-	
4812	ὅτι	c--------	ὅτι	ὅτι	c--------	c--------	
4813	καί	d--------	καί	καί	d--------	d--------	
4814	ἐγώ	p1p---ca-	ἐγώ	ἐγώ	p1p---ma-	p1p---ca-	
4815	ἐπιχειρέω	v2saia---	ἐπιχειρέω	ἐπιχειρέω	v2saia---	v2saia---	
4816	ἀπόλλυμι	v--ana---	ἀπόλλυμι	ἀπόλλυμι	v--ana---	v--ana---	
4817	ὁ	l-s---na-	ὁ	ὁ	l-s---na-	l-s---na-	
4818	σός	a-s---na-	σός	σός	a-s---na-	a-s---na-	
4819	μέρος	n-s---na-	μέρος	μέρος	n-s---na-	n-s---na-	
4820	.	u--------	.	.	u--------	u--------	
4821	ἀλλά	b--------	ἀλλά	ἀλλά	d--------	b--------	
4822	μή	d--------	μή	μή	d--------	d--------	
4823	σύ	p2s---ca-	σύ	σύ	p-s---ma-	p2s---ca-	
4824	πείθω	v3sasa---	πείθω	πείθω	v2sasm---	v3sasa---	
4825	Κρίτων	n-s---mn-	κρίτων	Κρίτων	n-s---mn-	n-s---mn-	
4826	ποιέω	v--pna---	ποιέω	ποιέω	v--pna---	v--pna---	
4827	ὅς	p-p---na-	ὅς	ὅς	p-p---na-	p-p---na-	
4828	λέγω	v3spia---	λέγω3	λέγω	v2spie---	v3spia---	
4829	μάλα	d-------c	μᾶλλον	μάλα	d--------	d-------c	DISAGREE
4830	ἤ	c--------	ἤ1	ἤ	c--------	c--------	
4831	ἐγώ	p1p---cn-	ἐγώ	ἐγώ	p1p---mn-	p1p---cn-	
4832	.	u--------	.	.	u--------	u--------	
4833	οὗτος	p-p---na-	οὗτος	οὗτος	p-p---na-	p-p---na-	
4834	,	u--------	,	,	u--------	u--------	
4835	ὦ	i--------	ὦ	ὦ	i--------	i--------	
4836	φίλος	a-s---mv-	φίλος	φίλος	a-s---mv-	a-s---mv-	
4837	ἑταῖρος	n-s---mv-	ἑταῖρος	ἑταῖρος	n-s---mv-	n-s---mv-	
4838	Κρίτων	n-s---mv-	κρίτων	Κρίτων	n-s---mv-	n-s---mv-	
4839	,	u--------	,	,	u--------	u--------	
4840	εὖ	d--------	εὖ	εὖ	d--------	d--------	
4841	οἶδα	v2srma---	οἶδα	οἶδα	v2srma---	v2srma---	
4842	ὅτι	c--------	ὅτι	ὅτι	c--------	c--------	
4843	ἐγώ	p1s---cn-	ἐγώ	ἐγώ	p1s---mn-	p1s---cn-	
4844	δοκέω	v1spia---	δοκέω	δοκέω	v1spia---	v1spia---	
4845	ἀκούω	v--pna---	ἀκούω	ἀκούω	v--pna---	v--pna---	
4846	,	u--------	,	,	u--------	u--------	
4847	ὥσπερ	c--------	ὥσπερ	ὥσπερ	c--------	c--------	
4848	ὁ	l-p---mn-	ὁ	ὁ	l-p---mn-	l-p---mn-	
4849	Κορυβαντιάω	v-pppamn-	κορυβαντιάω	Κορυβαντιάω	v-pppamn-	v-pppamn-	
4850	ὁ	l-p---mg-	ὁ	ὁ	l-p---mg-	l-p---mg-	
4851	αὐλός	n-p---mg-	αὐλός	αὐλός	n-p---mg-	n-p---mg-	
4852	δοκέω	v3ppia---	δοκέω	δοκέω	v3ppia---	v3ppia---	
4853	ἀκούω	v--pna---	ἀκούω	ἀκούω	v--pna---	v--pna---	
4854	,	u--------	,	,	u--------	u--------	
4855	καί	b--------	καί	καί	c--------	b--------	
4856	ἐν	r--------	ἐν	ἐν	r--------	r--------	
4857	ἐγώ	p1s---cd-	ἐγώ	ἐγώ	p1s---md-	p1s---cd-	
4858	οὗτος	p-s---fn-	οὗτος	οὗτος	a-s---fn-	p-s---fn-	
4859	ὁ	l-s---fn-	ὁ	ὁ	l-s---fn-	l-s---fn-	
4860	ἠχή	n-s---fn-	ἠχή	ἠχή	n-s---fn-	n-s---fn-	
4861	οὗτος	p-p---mg-	οὗτος	οὗτος	a-p---mg-	p-p---mg-	
4862	ὁ	l-p---mg-	ὁ	ὁ	l-p---mg-	l-p---mg-	
4863	λόγος	n-p---mg-	λόγος	λόγος	n-p---mg-	n-p---mg-	
4864	βομβέω	v3spia---	βομβέω	βομβέω	v3spia---	v3spia---	
4865	καί	b--------	καί	καί	c--------	b--------	
4866	ποιέω	v3spia---	ποιέω	ποιέω	v3spia---	v3spia---	
4867	μή	d--------	μή	μή	d--------	d--------	
4868	δύναμαι	v--pnm---	δύναμαι	δύναμαι	v--pne---	v--pnm---	
4869	ὁ	l-p---mg-	ὁ	ὁ	l-p---mg-	l-p---mg-	
4870	ἄλλος	p-p---mg-	ἄλλος	ἄλλος	p-p---mg-	p-p---mg-	
4871	ἀκούω	v--pna---	ἀκούω	ἀκούω	v--pna---	v--pna---	
4872	·	u--------	·	·	u--------	u--------	
4873	ἀλλά	b--------	ἀλλά	ἀλλά	d--------	b--------	
4874	οἶδα	v2srma---	οἶδα	οἶδα	v2srma---	v2srma---	
4875	,	u--------	,	,	u--------	u--------	
4876	ὅσος	p-p---na-	ὅσος	ὅσος	a-p---nn-	p-p---na-	
4877	γε	d--------	γε	γε	d--------	d--------	
4878	ὁ	l-p---na-	ὁ	ὁ	l-p---na-	l-p---na-	
4879	νῦν	d--------	νῦν	νῦν	d--------	d--------	
4880	ἐγώ	p1s---cd-	ἐγώ	ἐγώ	p1s---md-	p1s---cd-	
4881	δοκέω	v-pppana-	δοκέω	δοκέω	v-pppann-	v-pppana-	
4882	,	u--------	,	,	u--------	u--------	
4883	ἐάν	c--------	ἐάν	ἐάν	c--------	c--------	
4884	λέγω	v2spsa---	λέγω	λέγω	v2spsa---	v2spsa---	
4885	παρά	r--------	παρά	παρά	r--------	r--------	
4886	οὗτος	p-p---na-	οὗτος	οὗτος	p-p---na-	p-p---na-	
4887	,	u--------	,	,	u--------	u--------	
4888	μάτην	d--------	μάτην	μάτην	d--------	d--------	
4889	λέγω	v2sfia---	ἐρῶ	λέγω	v2sfia---	v2sfia---	DISAGREE
4890	.	u--------	.	.	u--------	u--------	
4891	ὅμως	d--------	ὅμως	ὅμως	d--------	d--------	
4892	μέντοι	g--------	μέντοι	μέντοι	d--------	g--------	
4893	εἰ	c--------	εἰ	εἰ	c--------	c--------	
4894	τις	p-s---na-	τις	τις	p-s---na-	p-s---na-	
4895	οἴομαι	v2spim---	οἴομαι	οἴομαι	v2spie---	v2spim---	
4896	πολύς	a-s---nac	πλέος	πολύς	a-s---nac	a-s---nac	DISAGREE
4897	ποιέω	v--fna---	ποιέω	ποιέω	v--fna---	v--fna---	
4898	,	u--------	,	,	u--------	u--------	
4899	λέγω	v2spma---	λέγω3	λέγω	v2spma---	v2spma---	
4900	.	u--------	.	.	u--------	u--------	
4901	ἀλλά	b--------	ἀλλά	ἀλλά	c--------	b--------	
4902	,	u--------	,	,	u--------	u--------	
4903	ὦ	i--------	ὦ	ὦ	i--------	i--------	
4904	Σωκράτης	n-s---mv-	σωκράτης	Σωκράτης	n-s---mv-	n-s---mv-	
4905	,	u--------	,	,	u--------	u--------	
4906	οὐ	d--------	οὐ	οὐ	d--------	d--------	
4907	ἔχω	v1spia---	ἔχω	ἔχω	v1spsa---	v1spia---	
4908	λέγω	v--pna---	λέγω3	λέγω	v--pna---	v--pna---	
4909	.	u--------	.	.	u--------	u--------	
4910	ἔα	i--------	ἐάω	ἔα	v2spma---	i--------	DISAGREE
4911	τοίνυν	g--------	τοίνυν	τοίνυν	d--------	g--------	
4912	,	u--------	,	,	u--------	u--------	
4913	ὦ	i--------	ὦ	ὦ	i--------	i--------	
4914	Κρίτων	n-s---mv-	κρίτων	Κρίτων	n-s---mn-	n-s---mv-	
4915	,	u--------	,	,	u--------	u--------	
4916	καί	d--------	καί	καί	c--------	d--------	
4917	πράσσω	v1ppsa---	πράσσω	πράσσω	v1ppsa---	v1ppsa---	
4918	ταύτῃ	d--------	οὗτος	ταύτῃ	d--------	d--------	DISAGREE
4919	,	u--------	,	,	u--------	u--------	
4920	ἐπειδή	c--------	ἐπεί	ἐπειδή	c--------	c--------	DISAGREE
4921	ταύτῃ	d--------	οὗτος	ταύτῃ	d--------	d--------	DISAGREE
4922	ὁ	l-s---mn-	ὁ	ὁ	l-s---mn-	l-s---mn-	
4923	θεός	n-s---mn-	θεός	θεός	n-s---mn-	n-s---mn-	
4924	ὑφηγέομαι	v3spim---	ὑφηγέομαι	ὑφηγέομαι	v3spie---	v3spim---	
4925	.	u--------	.	.	u--------	u--------	
