token_ref	lemma	postag	oga_lemma	glaux_lemma	oga_postag	glaux_postag	notes
1	πολύς	a-p---na-	πολύς	πολύς	a-p---na-	a-p---na-	
2	καί	c--------	καί	καί	c--------	c--------	
3	δεινός	a-p---na-	δεινός	δεινός	a-p---na-	a-p---na-	
4	σύνοιδα	v-srpamn-	σύνοιδα	σύνοιδα	v-srpamn-	v-srpamn-	
5	Σίμων	n-s---md-	σίμων	Σίμων	n-s---md-	n-s---md-	
6	,	u--------	,	,	u--------	u--------	
7	ὦ	i--------	ὦ	ὦ	i--------	i--------	
8	βουλή	n-s---fv-	βουλή	βουλή	n-s---fv-	n-s---fv-	
9	,	u--------	,	,	u--------	u--------	
10	οὐ	d--------	οὐ	οὐ	d--------	d--------	
11	ἄν	g--------	ἄν	ἄν	d--------	g--------	
12	ποτέ	d--------	ποτέ	ποτέ	d--------	d--------	
13	αὐτός	p-s---ma-	αὐτός	αὐτός	p-s---ma-	p-s---ma-	
14	εἰς	r--------	εἰς	εἰς	r--------	r--------	
15	τοσοῦτος	p-s---na-	τοσοῦτος	τοσοῦτος	p-s---na-	p-s---na-	
16	τόλμα	n-s---fg-	τόλμα	τόλμα	n-s---fg-	n-s---fg-	
17	ἡγέομαι	v1saim---	ἡγέομαι	ἡγέομαι	v1saim---	v1saim---	
18	ἀφικνέομαι	v--anm---	ἀφικνέομαι	ἀφικνέομαι	v--anm---	v--anm---	
19	,	u--------	,	,	u--------	u--------	
20	ὥστε	c--------	ὥστε	ὥστε	c--------	c--------	
21	ὑπέρ	r--------	ὑπέρ	ὑπέρ	r--------	r--------	
22	ὅς	p-p---ng-	ὅς	ὅς	p-p---ng-	p-p---ng-	
23	αὐτός	p-s---ma-	αὐτός	αὐτός	p-s---ma-	p-s---ma-	
24	δέω	v3siia---	δεῖ	δέω	v3siia---	v3siia---	DISAGREE
25	δίδωμι	v--ana---	δίδωμι	δίδωμι	v--ana---	v--ana---	
26	δίκη	n-s---fa-	δίκη	δίκη	n-s---fa-	n-s---fa-	
27	,	u--------	,	,	u--------	u--------	
28	ὑπέρ	r--------	ὑπέρ	ὑπέρ	r--------	r--------	
29	οὗτος	p-p---ng-	οὗτος	οὗτος	p-p---ng-	p-p---ng-	
30	ὡς	c--------	ὡς	ὡς	d--------	c--------	
31	ἀδικέω	v-sppmma-	ἀδικέω	ἀδικέω	v-sppema-	v-sppmma-	
32	ἔγκλημα	n-s---na-	ἔγκλημα	ἔγκλημα	n-s---na-	n-s---na-	
33	ποιέω	v--anm---	ποιέω	ποιέω	v--anm---	v--anm---	
34	καί	c--------	καί	καί	c--------	c--------	
35	οὕτως	d--------	οὕτως	οὕτως	d--------	d--------	
36	μέγας	a-s---ma-	μέγας	μέγας	a-s---ma-	a-s---ma-	
37	καί	c--------	καί	καί	c--------	c--------	
38	σεμνός	a-s---ma-	σεμνός	σεμνός	a-s---ma-	a-s---ma-	
39	ὅρκος	n-s---ma-	ὅρκος	ὅρκος	n-s---ma-	n-s---ma-	
40	διόμνυμι	v-sapmma-	διόμνυμι	διόμνυμι	v-sapmma-	v-sapmma-	
41	εἰς	r--------	εἰς	εἰς	r--------	r--------	
42	σύ	p-p---ca-	σύ	σύ	p-p---ma-	p-p---ca-	
43	ἔρχομαι	v--ana---	ἔρχομαι	ἔρχομαι	v--ana---	v--ana---	
44	.	u--------	.	.	u--------	u--------	
45	εἰ	c--------	εἰ	εἰ	c--------	c--------	
46	μέν	g--------	μέν	μέν	d--------	g--------	
47	οὖν	g--------	οὖν	οὖν	d--------	g--------	
48	ἄλλος	p-p---mn-	ἄλλος	ἄλλος	a-p---mn-	p-p---mn-	
49	τις	p-p---cn-	τις	τις	p-p---cn-	p-p---cn-	
50	μέλλω	v3piia---	μέλλω	μέλλω	v3piia---	v3piia---	
51	περί	r--------	περί	περί	r--------	r--------	
52	ἐγώ	p-s---cg-	ἐγώ	ἐγώ	p-s---mg-	p-s---cg-	
53	διαγιγνώσκω	v--fnm---	διακρίνω	διαγιγνώσκω	v--fnm---	v--fnm---	DISAGREE
54	,	u--------	,	,	u--------	u--------	
55	σφόδρα	d--------	σφόδρα	σφόδρα	d--------	d--------	
56	ἄν	g--------	ἄν	ἄν	d--------	g--------	
57	φοβέω	v1siim---	φοβέω	φοβέω	v1siie---	v1siim---	
58	ὁ	l-s---ma-	ὁ	ὁ	l-s---ma-	l-s---ma-	
59	κίνδυνος	n-s---ma-	κίνδυνος	κίνδυνος	n-s---ma-	n-s---ma-	
60	,	u--------	,	,	u--------	u--------	
61	ὁράω	v-sppamn-	ὁράω	ὁράω	v-sppamn-	v-sppamn-	
62	ὅτι	c--------	ὅτι	ὅτι	c--------	c--------	
63	καί	c--------	καί	καί	d--------	c--------	
64	παρασκευή	n-p---fn-	παρασκευή	παρασκευή	n-p---fn-	n-p---fn-	
65	καί	c--------	καί	καί	c--------	c--------	
66	τύχη	n-p---fn-	τύχη	τύχη	n-p---fn-	n-p---fn-	
67	ἐνίοτε	d--------	ἐνίοτε	ἐνίοτε	d--------	d--------	
68	τοιοῦτος	p-p---fn-	τοιοῦτος	τοιοῦτος	a-p---fn-	p-p---fn-	
69	γίγνομαι	v3ppim---	γίγνομαι	γίγνομαι	v3ppie---	v3ppim---	
70	,	u--------	,	,	u--------	u--------	
71	ὥστε	c--------	ὥστε	ὥστε	c--------	c--------	
72	πολύς	a-p---na-	πολύς	πολύς	a-p---na-	a-p---na-	
73	καί	c--------	καί	καί	d--------	c--------	
74	παρά	r--------	παρά	παρά	r--------	r--------	
75	γνώμη	n-s---fa-	γνώμη	γνώμη	n-s---fa-	n-s---fa-	
76	ἀποβαίνω	v--pna---	ἀποβαίνω	ἀποβαίνω	v--pna---	v--pna---	
77	ὁ	l-p---md-	ὁ	ὁ	l-p---md-	l-p---md-	
78	κινδυνεύω	v-pppamd-	κινδυνεύω	κινδυνεύω	v-pppamd-	v-pppamd-	
79	·	u--------	·	·	u--------	u--------	
80	εἰς	r--------	εἰς	εἰς	r--------	r--------	
81	σύ	p-p---ca-	σύ	σύ	p-p---ma-	p-p---ca-	
82	δέ	c--------	δέ	δέ	d--------	c--------	
83	εἰσέρχομαι	v-sapamn-	εἰσέρχομαι	εἰσέρχομαι	v-sapamn-	v-sapamn-	
84	ἐλπίζω	v1spia---	ἐλπίζω	ἐλπίζω	v1spia---	v1spia---	
85	ὁ	l-p---ng-	ὁ	ὁ	l-p---ng-	l-p---ng-	
86	δίκαιος	a-p---ng-	δίκαιος	δίκαιος	a-p---ng-	a-p---ng-	
87	τυγχάνω	v--fnm---	τυγχάνω	τυγχάνω	v--fnm---	v--fnm---	
88	.	u--------	.	.	u--------	u--------	
89	μάλα	d-------s	μάλιστα	μάλα	d--------	d-------s	DISAGREE
90	δέ	c--------	δέ	δέ	d--------	c--------	
91	ἀγανακτέω	v1spia---	ἀγανακτέω	ἀγανακτέω	v1spia---	v1spia---	
92	,	u--------	,	,	u--------	u--------	
93	ὦ	i--------	ὦ	ὦ	i--------	i--------	
94	βουλή	n-s---fv-	βουλή	βουλή	n-s---fv-	n-s---fv-	
95	,	u--------	,	,	u--------	u--------	
96	ὅτι	c--------	ὅτι	ὅτι	c--------	c--------	
97	περί	r--------	περί	περί	r--------	r--------	
98	ὁ	l-p---ng-	ὁ	ὁ	l-p---ng-	l-p---ng-	
99	πρᾶγμα	n-p---ng-	πρᾶγμα	πρᾶγμα	n-p---ng-	n-p---ng-	
100	λέγω	v--ana---	εἶπον	λέγω	v--ana---	v--ana---	DISAGREE
101	ἀναγκάζω	v1sfip---	ἀναγκάζω	ἀναγκάζω	v1sfip---	v1sfip---	
102	πρός	r--------	πρός	πρός	r--------	r--------	
103	σύ	p-p---ca-	σύ	σύ	p-p---ma-	p-p---ca-	
104	,	u--------	,	,	u--------	u--------	
105	ὑπέρ	r--------	ὑπέρ	ὑπέρ	r--------	r--------	
106	ὅς	p-p---ng-	ὅς	ὅς	p-p---ng-	p-p---ng-	
107	ἐγώ	p-s---cn-	ἐγώ	ἐγώ	p1s---mn-	p-s---cn-	
108	αἰσχύνω	v-sppmmn-	αἰσχύνω	αἰσχύνω	v-sppemn-	v-sppmmn-	
109	,	u--------	,	,	u--------	u--------	
110	εἰ	c--------	εἰ	εἰ	c--------	c--------	
111	μέλλω	v3ppoa---	μέλλω	μέλλω	v3ppoa---	v3ppoa---	
112	πολύς	a-p---mn-	πολύς	πολύς	a-p---mn-	a-p---mn-	
113	ἐγώ	p-s---cd-	ἐγώ	ἐγώ	p1s---md-	p-s---cd-	
114	συνέρχομαι	v--fnm---	σύνειμι	συνέρχομαι	v--fnm---	v--fnm---	DISAGREE
115	,	u--------	,	,	u--------	u--------	
116	ἀνέχω	v1saim---	ἀνέχω	ἀνέχω	v1siie---	v1saim---	
117	ἀδικέω	v-sppmmn-	ἀδικέω	ἀδικέω	v-sppemn-	v-sppmmn-	
118	.	u--------	.	.	u--------	u--------	
119	ἐπειδή	c--------	ἐπεί	ἐπειδή	c--------	c--------	DISAGREE
120	δέ	c--------	δέ	δέ	d--------	c--------	
121	Σίμων	n-s---mn-	σίμων	Σίμων	n-s---mn-	n-s---mn-	
122	ἐγώ	p-s---ca-	ἐγώ	ἐγώ	p1s---ma-	p-s---ca-	
123	εἰς	r--------	εἰς	εἰς	r--------	r--------	
124	τοιοῦτος	p-s---fa-	τοιοῦτος	τοιοῦτος	a-s---fa-	p-s---fa-	
125	ἀνάγκη	n-s---fa-	ἀνάγκη	ἀνάγκη	n-s---fa-	n-s---fa-	
126	καθίστημι	v3saia---	καθίστημι	καθίστημι	v3saia---	v3saia---	
127	,	u--------	,	,	u--------	u--------	
128	οὐδείς	p-s---na-	οὐδείς	οὐδείς	p-s---na-	p-s---na-	
129	ἀποκρύπτω	v-sapmmn-	ἀποκρύπτω	ἀποκρύπτω	v-sapmmn-	v-sapmmn-	
130	ἅπας	p-p---na-	ἅπας	ἅπας	a-p---na-	p-p---na-	
131	διηγέομαι	v1sfim---	διηγέομαι	διηγέομαι	v1sfim---	v1sfim---	
132	πρός	r--------	πρός	πρός	r--------	r--------	
133	σύ	p-p---ca-	σύ	σύ	p-p---ma-	p-p---ca-	
134	ὁ	l-p---na-	ὁ	ὁ	l-p---na-	l-p---na-	
135	πράσσω	v-prpmna-	πράσσω	πράσσω	v-prpena-	v-prpmna-	
136	.	u--------	.	.	u--------	u--------	
137	ἀξιόω	v1spia---	ἀξιόω	ἀξιόω	v1spia---	v1spia---	
138	δέ	c--------	δέ	δέ	d--------	c--------	
139	,	u--------	,	,	u--------	u--------	
140	ὦ	i--------	ὦ	ὦ	i--------	i--------	
141	βουλή	n-s---fv-	βουλή	βουλή	n-s---fv-	n-s---fv-	
142	,	u--------	,	,	u--------	u--------	
143	εἰ	c--------	εἰ	εἰ	c--------	c--------	
144	μέν	g--------	μέν	μέν	d--------	g--------	
145	ἀδικέω	v1spia---	ἀδικέω	ἀδικέω	v1spia---	v1spia---	
146	,	u--------	,	,	u--------	u--------	
147	μηδείς	p-s---fg-	μηδείς	μηδείς	a-s---fg-	p-s---fg-	
148	συγγνώμη	n-s---fg-	συγγνώμη	συγγνώμη	n-s---fg-	n-s---fg-	
149	τυγχάνω	v--pna---	τυγχάνω	τυγχάνω	v--pna---	v--pna---	
150	·	u--------	·	·	u--------	u--------	
151	ἐάν	c--------	ἐάν	ἐάν	c--------	c--------	
152	δέ	c--------	δέ	δέ	d--------	c--------	
153	περί	r--------	περί	περί	r--------	r--------	
154	οὗτος	p-p---ng-	οὗτος	οὗτος	p-p---ng-	p-p---ng-	
155	ἀποδείκνυμι	v1sasa---	ἀποδείκνυμι	ἀποδείκνυμι	v1sasa---	v1sasa---	
156	ὡς	c--------	ὡς	ὡς	c--------	c--------	
157	οὐ	d--------	οὐ	οὐ	d--------	d--------	
158	ἔνοχος	a-s---mn-	ἔνοχος	ἔνοχος	a-s---mn-	a-s---mn-	
159	εἰμί	v1spia---	εἰμί	εἰμί	v1spia---	v1spia---	
160	ὅς	p-p---nd-	ὅς	ὅς	p-p---nd-	p-p---nd-	
161	Σίμων	n-s---mn-	σίμων	Σίμων	n-s---mn-	n-s---mn-	
162	διόμνυμι	v3saim---	διωμόω	διόμνυμι	v3saim---	v3saim---	DISAGREE
163	,	u--------	,	,	u--------	u--------	
164	ἄλλος	d--------	ἄλλως	ἄλλος	d--------	d--------	DISAGREE
165	δέ	c--------	δέ	δέ	c--------	c--------	
166	σύ	p-p---cd-	σύ	σύ	p-p---md-	p-p---cd-	
167	φαίνω	v1spsm---	φαίνω	φαίνω	v1spie---	v1spsm---	
168	παρά	r--------	παρά	παρά	r--------	r--------	
169	ὁ	l-s---fa-	ὁ	ὁ	l-s---fa-	l-s---fa-	
170	ἡλικία	n-s---fa-	ἡλικία	ἡλικία	n-s---fa-	n-s---fa-	
171	ὁ	l-s---fa-	ὁ	ὁ	l-s---fa-	l-s---fa-	
172	ἐμαυτοῦ	p-s---mg-	ἐμαυτοῦ	ἐμαυτοῦ	p-s---mg-	p-s---mg-	
173	ἀνόητος	a-s---nac	ἀνόητος	ἀνόητος	a-s---nac	a-s---nac	
174	πρός	r--------	πρός	πρός	r--------	r--------	
175	ὁ	l-s---na-	ὁ	ὁ	l-s---na-	l-s---na-	
176	μειράκιον	n-s---na-	μειράκιον	μειράκιον	n-s---na-	n-s---na-	
177	διατίθημι	v-sappmn-	διατίθημι	διατίθημι	v-sapamn-	v-sappmn-	
178	,	u--------	,	,	u--------	u--------	
179	αἰτέω	v1spim---	αἰτέω	αἰτέω	v1spie---	v1spim---	
180	σύ	p-p---ca-	σύ	σύ	p-p---ma-	p-p---ca-	
181	μηδείς	p-s---na-	μηδείς	μηδείς	p-s---na-	p-s---na-	
182	ἐγώ	p-s---ca-	ἐγώ	ἐγώ	p1s---ma-	p-s---ca-	
183	κακός	a-s---mac	χείρων	κακός	a-s---mac	a-s---mac	DISAGREE
184	νομίζω	v--pna---	νομίζω	νομίζω	v--pna---	v--pna---	
185	,	u--------	,	,	u--------	u--------	
186	οἶδα	v-prpama-	οἶδα	οἶδα	v-prpama-	v-prpama-	
187	ὅτι	c--------	ὅτι	ὅτι	c--------	c--------	
188	ἐπιθυμέω	v--ana---	ἐπιθυμέω	ἐπιθυμέω	v--ana---	v--ana---	
189	μέν	g--------	μέν	μέν	d--------	g--------	
190	ἅπας	p-p---md-	ἅπας	ἅπας	a-p---md-	p-p---md-	
191	ἄνθρωπος	n-p---md-	ἄνθρωπος	ἄνθρωπος	n-p---md-	n-p---md-	
192	ἔνειμι	v3spia---	ἔνειμι	ἔνειμι	v3spia---	v3spia---	
193	,	u--------	,	,	u--------	u--------	
194	οὗτος	p-s---mn-	οὗτος	οὗτος	p-s---mn-	p-s---mn-	
195	δέ	c--------	δέ	δέ	c--------	c--------	
196	ἀγαθός	a-s---mns	βέλτιστος	ἀγαθός	a-s---mns	a-s---mns	DISAGREE
197	ἄν	g--------	ἄν	ἄν	d--------	g--------	
198	εἰμί	v3spoa---	εἰμί	εἰμί	v3spoa---	v3spoa---	
199	καί	c--------	καί	καί	c--------	c--------	
200	σώφρων	a-s---mns	σώφρων	σώφρων	a-s---mns	a-s---mns	
201	,	u--------	,	,	u--------	u--------	
202	ὅστις	p-s---mn-	ὅστις	ὅστις	p-s---mn-	p-s---mn-	
203	κόσμιος	a-p---nas	κόσμιος	κόσμιος	a-p---nas	a-p---nas	
204	ὁ	l-p---fa-	ὁ	ὁ	l-p---fa-	l-p---fa-	
205	συμφορά	n-p---fa-	συμφορά	συμφορά	n-p---fa-	n-p---fa-	
206	φέρω	v--pna---	φέρω	φέρω	v--pna---	v--pna---	
207	δύναμαι	v3spim---	δύναμαι	δύναμαι	v3spie---	v3spim---	
208	.	u--------	.	.	u--------	u--------	
209	ὅς	p-p---nd-	ὅς	ὅς	p-p---md-	p-p---nd-	
210	ἅπας	p-p---nd-	ἅπας	ἅπας	a-p---md-	p-p---nd-	
211	ἐμποδών	d--------	ἐμποδών	ἐμποδών	d--------	d--------	
212	ἐγώ	p-s---cd-	ἐγώ	ἐγώ	p1s---md-	p-s---cd-	
213	γίγνομαι	v3srim---	γίγνομαι	γίγνομαι	v3srie---	v3srim---	
214	Σίμων	n-s---mn-	σίμων	Σίμων	n-s---mn-	n-s---mn-	
215	οὗτος	p-s---mn-	οὗτος	οὗτος	a-s---mn-	p-s---mn-	
216	,	u--------	,	,	u--------	u--------	
217	ὡς	c--------	ὡς	ὡς	c--------	c--------	
218	ἐγώ	p-s---cn-	ἐγώ	ἐγώ	p-s---mn-	p-s---cn-	
219	σύ	p-p---cd-	σύ	σύ	p-p---md-	p-p---cd-	
220	ἐπιδείκνυμι	v1sfia---	ἐπιδείκνυμι	ἐπιδείκνυμι	v1sfia---	v1sfia---	
221	.	u--------	.	.	u--------	u--------	
222	ἐγώ	p-p---cn-	ἐγώ	ἐγώ	p-p---mn-	p-p---cn-	
223	γάρ	g--------	γάρ	γάρ	d--------	g--------	
224	ἐπιθυμέω	v1paia---	ἐπιθυμέω	ἐπιθυμέω	v1paia---	v1paia---	
225	,	u--------	,	,	u--------	u--------	
226	ὦ	i--------	ὦ	ὦ	i--------	i--------	
227	βουλή	n-s---fv-	βουλή	βουλή	n-s---fv-	n-s---fv-	
228	,	u--------	,	,	u--------	u--------	
229	Θεόδοτος	n-s---mg-	θεόδοτος	Θεόδοτος	n-s---mg-	n-s---mg-	
230	,	u--------	,	,	u--------	u--------	
231	Πλαταϊκός	a-s---ng-	πλαταικός	Πλαταϊκός	a-s---ng-	a-s---ng-	
232	μειράκιον	n-s---ng-	μειράκιον	μειράκιον	n-s---ng-	n-s---ng-	
233	,	u--------	,	,	u--------	u--------	
234	καί	c--------	καί	καί	c--------	c--------	
235	ἐγώ	p-s---cn-	ἐγώ	ἐγώ	p1s---mn-	p-s---cn-	
236	μέν	g--------	μέν	μέν	d--------	g--------	
237	εὖ	d--------	εὖ	εὖ	d--------	d--------	
238	ποιέω	v-sppamn-	ποιέω	ποιέω	v-sppamn-	v-sppamn-	
239	αὐτός	p-s---ma-	αὐτός	αὐτός	p-s---ma-	p-s---ma-	
240	ἀξιόω	v1siia---	ἀξιόω	ἀξιόω	v1siia---	v1siia---	
241	εἰμί	v--pna---	εἰμί	εἰμί	v--pna---	v--pna---	
242	ἐγώ	p-s---cd-	ἐγώ	ἐγώ	p1s---md-	p-s---cd-	
243	φίλος	a-s---ma-	φίλος	φίλος	n-s---ma-	a-s---ma-	
244	,	u--------	,	,	u--------	u--------	
245	οὗτος	p-s---mn-	οὗτος	οὗτος	p-s---mn-	p-s---mn-	
246	δέ	c--------	δέ	δέ	c--------	c--------	
247	ὑβρίζω	v-sppamn-	ὑβρίζω	ὑβρίζω	v-sppamn-	v-sppamn-	
248	καί	c--------	καί	καί	c--------	c--------	
249	παρανομέω	v-sppamn-	παρανομέω	παρανομέω	v-sppamn-	v-sppamn-	
250	οἴομαι	v3siim---	οἴομαι	οἴομαι	v3siie---	v3siim---	
251	ἀναγκάζω	v--fna---	ἀναγκάζω	ἀναγκάζω	v--fna---	v--fna---	
252	αὐτός	p-s---ma-	αὐτός	αὐτός	p-s---ma-	p-s---ma-	
253	ποιέω	v--pna---	ποιέω	ποιέω	v--pna---	v--pna---	
254	ὅς	p-s---na-	ὅς	ὅς	p-s---na-	p-s---na-	
255	τις	p-s---na-	τις	τις	a-s---na-	p-s---na-	
256	βούλομαι	v3spom---	βούλομαι	βούλομαι	v3spoe---	v3spom---	
257	.	u--------	.	.	u--------	u--------	
258	ὅσος	p-p---na-	ὅσος	ὅσος	a-p---na-	p-p---na-	
259	μέν	g--------	μέν	μέν	d--------	g--------	
260	οὖν	g--------	οὖν	οὖν	d--------	g--------	
261	ἐκεῖνος	p-s---mn-	ἐκεῖνος	ἐκεῖνος	p-s---mn-	p-s---mn-	
262	κακός	a-p---na-	κακός	κακός	a-p---na-	a-p---na-	
263	ὑπό	r--------	ὑπό	ὑπό	r--------	r--------	
264	αὐτός	p-s---mg-	αὐτός	αὐτός	p-s---mg-	p-s---mg-	
265	πάσχω	v3sria---	πάσχω	πάσχω	v3sria---	v3sria---	
266	,	u--------	,	,	u--------	u--------	
267	πολύς	a-s---na-	πολύς	πολύς	a-s---nn-	a-s---na-	
268	ἄν	g--------	ἄν	ἄν	d--------	g--------	
269	ἔργον	n-s---nn-	ἔργον	ἔργον	n-s---nn-	n-s---nn-	
270	εἰμί	v3spoa---	εἰμί	εἰμί	v3spoa---	v3spoa---	
271	λέγω	v--pna---	λέγω3	λέγω	v--pna---	v--pna---	
272	·	u--------	·	·	u--------	u--------	
273	ὅσος	p-p---na-	ὅσος	ὅσος	a-p---nn-	p-p---na-	
274	δέ	c--------	δέ	δέ	d--------	c--------	
275	εἰς	r--------	εἰς	εἰς	r--------	r--------	
276	ἐγώ	p-s---ca-	ἐγώ	ἐγώ	p1s---ma-	p-s---ca-	
277	αὐτός	p-s---ma-	αὐτός	αὐτός	a-s---ma-	p-s---ma-	
278	ἐξαμαρτάνω	v3sria---	ἐξαμαρτάνω	ἐξαμαρτάνω	v3sria---	v3sria---	
279	,	u--------	,	,	u--------	u--------	
280	ἡγέομαι	v1spim---	ἡγέομαι	ἡγέομαι	v1spim---	v1spim---	
281	οὗτος	p-p---na-	οὗτος	οὗτος	p-p---na-	p-p---na-	
282	σύ	p-p---cd-	σύ	σύ	p-p---md-	p-p---cd-	
283	προσήκω	v--pna---	προσήκω	προσήκω	v--pna---	v--pna---	
284	ἀκούω	v--ana---	ἀκούω	ἀκούω	v--ana---	v--ana---	
285	.	u--------	.	.	u--------	u--------	
286	πυνθάνομαι	v-sapmmn-	πυνθάνομαι	πυνθάνομαι	v-sapmmn-	v-sapmmn-	
287	γάρ	g--------	γάρ	γάρ	d--------	g--------	
288	ὅτι	c--------	ὅτι	ὅτι	c--------	c--------	
289	ὁ	l-s---nn-	ὁ	ὁ	l-s---nn-	l-s---nn-	
290	μειράκιον	n-s---nn-	μειράκιον	μειράκιον	n-s---nn-	n-s---nn-	
291	εἰμί	v3siia---	εἰμί	εἰμί	v3siia---	v3siia---	
292	παρά	r--------	παρά	παρά	r--------	r--------	
293	ἐγώ	p-s---cd-	ἐγώ	ἐγώ	p1s---md-	p-s---cd-	
294	,	u--------	,	,	u--------	u--------	
295	ἔρχομαι	v-sapamn-	ἔρχομαι	ἔρχομαι	v-sapamn-	v-sapamn-	
296	ἐπί	r--------	ἐπί	ἐπί	r--------	r--------	
297	ὁ	l-s---fa-	ὁ	ὁ	l-s---fa-	l-s---fa-	
298	οἰκία	n-s---fa-	οἰκία	οἰκία	n-s---fa-	n-s---fa-	
299	ὁ	l-s---fa-	ὁ	ὁ	l-s---fa-	l-s---fa-	
300	ἐμός	a-s---fa-	ἐμός	ἐμός	a-s---fa-	a-s---fa-	
301	νύκτωρ	d--------	νύκτωρ	νύκτωρ	d--------	d--------	
302	μεθύω	v-sppamn-	μεθύω	μεθύω	v-sppamn-	v-sppamn-	
303	,	u--------	,	,	u--------	u--------	
304	ἐκκόπτω	v-sapamn-	ἐκκόπτω	ἐκκόπτω	v-sapamn-	v-sapamn-	
305	ὁ	l-p---fa-	ὁ	ὁ	l-p---fa-	l-p---fa-	
306	θύρα	n-p---fa-	θύρα	θύρα	n-p---fa-	n-p---fa-	
307	εἰσέρχομαι	v3saia---	εἰσέρχομαι	εἰσέρχομαι	v3saia---	v3saia---	
308	εἰς	r--------	εἰς	εἰς	r--------	r--------	
309	ὁ	l-s---fa-	ὁ	ὁ	l-s---fa-	l-s---fa-	
310	γυναικωνῖτις	n-s---fa-	γυναικωνῖτις	γυναικωνῖτις	n-s---fa-	n-s---fa-	
311	,	u--------	,	,	u--------	u--------	
312	ἔνδον	d--------	ἔνδον	ἔνδον	d--------	d--------	
313	εἰμί	v-pppafg-	εἰμί	εἰμί	v-pppafg-	v-pppafg-	
314	ὁ	l-s---fg-	ὁ	ὁ	l-s---fg-	l-s---fg-	
315	τε	c--------	τε	τε	d--------	c--------	
316	ἀδελφή	n-s---fg-	ἀδελφή	ἀδελφή	n-s---fg-	n-s---fg-	
317	ὁ	l-s---fg-	ὁ	ὁ	l-s---fg-	l-s---fg-	
318	ἐμός	a-s---fg-	ἐμός	ἐμός	a-s---fg-	a-s---fg-	
319	καί	c--------	καί	καί	c--------	c--------	
320	ὁ	l-p---fg-	ὁ	ὁ	l-p---fg-	l-p---fg-	
321	ἀδελφιδέος	n-p---mg-	ἀδελφιδέος	ἀδελφιδέος	n-p---fg-	n-p---mg-	
322	,	u--------	,	,	u--------	u--------	
323	ὅς	p-p---fn-	ὅς	ὅς	p-p---fn-	p-p---fn-	
324	οὕτως	d--------	οὕτως	οὕτως	d--------	d--------	
325	κόσμιος	d--------	κόσμιος	κόσμιος	d--------	d--------	
326	βιόω	v3pria---	βιώσκομαι	βιόω	v3pria---	v3pria---	DISAGREE
327	ὥστε	c--------	ὥστε	ὥστε	c--------	c--------	
328	καί	c--------	καί	καί	d--------	c--------	
329	ὑπό	r--------	ὑπό	ὑπό	r--------	r--------	
330	ὁ	l-p---mg-	ὁ	ὁ	l-p---mg-	l-p---mg-	
331	οἰκεῖος	a-p---fg-	οἰκεῖος	οἰκεῖος	a-p---mg-	a-p---fg-	
332	ὁράω	v-pppmfn-	ὁράω	ὁράω	v-pppefn-	v-pppmfn-	
333	αἰσχύνω	v--pnm---	αἰσχύνω	αἰσχύνω	v--pne---	v--pnm---	
334	.	u--------	.	.	u--------	u--------	
335	οὗτος	p-s---mn-	οὗτος	οὗτος	p-s---mn-	p-s---mn-	
336	τοίνυν	g--------	τοίνυν	τοίνυν	d--------	g--------	
337	εἰς	r--------	εἰς	εἰς	r--------	r--------	
338	οὗτος	p-s---na-	οὗτος	οὗτος	p-s---na-	p-s---na-	
339	ἔρχομαι	v3saia---	ἔρχομαι	ἔρχομαι	v3saia---	v3saia---	
340	ὕβρις	n-s---fg-	ὕβρις	ὕβρις	n-s---fg-	n-s---fg-	
341	ὥστε	c--------	ὥστε	ὥστε	c--------	c--------	
342	οὐ	d--------	οὐ	οὐ	d--------	d--------	
343	πρότερος	d-------c	πρότερος	πρότερος	d-------c	d-------c	
344	ἐθέλω	v3saia---	ἐθέλω	ἐθέλω	v3saia---	v3saia---	
345	ἀπέρχομαι	v--ana---	ἀπέρχομαι	ἀπέρχομαι	v--ana---	v--ana---	
346	,	u--------	,	,	u--------	u--------	
347	πρίν	c--------	πρίν	πρίν	c--------	c--------	
348	αὐτός	p-s---ma-	αὐτός	αὐτός	p-s---ma-	p-s---ma-	
349	ἡγέομαι	v-pppmmn-	ἡγέομαι	ἡγέομαι	v-pppmmn-	v-pppmmn-	
350	δεινός	a-p---na-	δεινός	δεινός	a-p---na-	a-p---na-	
351	ποιέω	v--pna---	ποιέω	ποιέω	v--pna---	v--pna---	
352	ὁ	l-p---mn-	ὁ	ὁ	l-p---mn-	l-p---mn-	
353	παραγίγνομαι	v-papmmn-	παραγίγνομαι	παραγίγνομαι	v-papmmn-	v-papmmn-	
354	καί	c--------	καί	καί	c--------	c--------	
355	ὁ	l-p---mn-	ὁ	ὁ	l-p---mn-	l-p---mn-	
356	μετά	r--------	μετά	μετά	r--------	r--------	
357	αὐτός	p-s---mg-	αὐτός	αὐτός	p-s---mg-	p-s---mg-	
358	ἔρχομαι	v-papamn-	ἔρχομαι	ἔρχομαι	v-papamn-	v-papamn-	
359	,	u--------	,	,	u--------	u--------	
360	ἐπί	r--------	ἐπί	ἐπί	r--------	r--------	
361	παῖς	n-p---ca-	παῖς	παῖς	n-p----a-	n-p---ca-	
362	κόρη	n-p---fa-	κόρη	κόρη	n-p---fa-	n-p---fa-	
363	καί	c--------	καί	καί	c--------	c--------	
364	ὀρφανός	a-p---fa-	ὀρφανός	ὀρφανός	a-p---fa-	a-p---fa-	
365	εἰσέρχομαι	v-sppama-	εἴσειμι	εἰσέρχομαι	v-sppama-	v-sppama-	DISAGREE
366	,	u--------	,	,	u--------	u--------	
367	ἐξελαύνω	v3paia---	ἐξελαύνω	ἐξελαύνω	v3paia---	v3paia---	
368	βία	n-s---fd-	βία	βία	n-s---fd-	n-s---fd-	
369	.	u--------	.	.	u--------	u--------	
370	καί	c--------	καί	καί	d--------	c--------	
371	τοσοῦτος	p-s---ng-	τοσοῦτος	τοσοῦτος	a-s---ng-	p-s---ng-	
372	δέω	v3saia---	δέω	δέω	v3saia---	v3saia---	
373	αὐτός	p-s---md-	αὐτός	αὐτός	p-s---md-	p-s---md-	
374	μεταμέλομαι	v--ana---	μεταμελέομαι	μεταμέλομαι	v--ana---	v--ana---	DISAGREE
375	ὁ	l-p---mg-	ὁ	ὁ	l-p---mg-	l-p---mg-	
376	ὑβρίζω	v-prpmmg-	ὑβρίζω	ὑβρίζω	v-prpemg-	v-prpmmg-	
377	,	u--------	,	,	u--------	u--------	
378	ὥστε	c--------	ὥστε	ὥστε	c--------	c--------	
379	ἐξευρίσκω	v-sapamn-	ἐξευρίσκω	ἐξευρίσκω	v-sapamn-	v-sapamn-	
380	ὅς	p-s---ng-	ὅς	ὅς	p-s---ng-	p-s---ng-	
381	δειπνέω	v1piia---	δειπνέω	δειπνέω	v1piia---	v1piia---	
382	ἄτοπος	a-s---nas	ἄτοπος	ἄτοπος	a-s---nas	a-s---nas	
383	πρᾶγμα	n-s---na-	πρᾶγμα	πρᾶγμα	n-s---na-	n-s---na-	
384	καί	c--------	καί	καί	c--------	c--------	
385	ἄπιστος	a-s---nas	ἄπιστος	ἄπιστος	a-s---nas	a-s---nas	
386	ποιέω	v3saia---	ποιέω	ποιέω	v3saia---	v3saia---	
387	,	u--------	,	,	u--------	u--------	
388	εἰ	c--------	εἰ	εἰ	c--------	c--------	
389	μή	d--------	μή	μή	d--------	d--------	
390	τις	p-s---cn-	τις	τις	p-s---mn-	p-s---cn-	
391	οἶδα	v3sroa---	οἶδα	οἶδα	v3sroa---	v3sroa---	
392	ὁ	l-s---fa-	ὁ	ὁ	l-s---fa-	l-s---fa-	
393	οὗτος	p-s---mg-	οὗτος	οὗτος	p-s---mg-	p-s---mg-	
394	μανία	n-s---fa-	μανία	μανία	n-s---fa-	n-s---fa-	
395	.	u--------	.	.	u--------	u--------	
396	ἐκκαλέω	v-sapamn-	ἐκκαλέω	ἐκκαλέω	v-sapamn-	v-sapamn-	
397	γάρ	g--------	γάρ	γάρ	d--------	g--------	
398	ἐγώ	p-s---ca-	ἐγώ	ἐγώ	p1s---ca-	p-s---ca-	
399	ἔνδοθεν	d--------	ἔνδοθεν	ἔνδοθεν	d--------	d--------	
400	,	u--------	,	,	u--------	u--------	
401	ἐπειδή	c--------	ἐπεί	ἐπειδή	c--------	c--------	DISAGREE
402	ταχύς	a-p---nas	ταχύς	ταχύς	a-p---nas	a-p---nas	
403	ἐξέρχομαι	v1saia---	ἐξέρχομαι	ἐξέρχομαι	v1saia---	v1saia---	
404	,	u--------	,	,	u--------	u--------	
405	εὐθύς	d--------	εὐθύς	εὐθύς	d--------	d--------	
406	ἐγώ	p-s---ca-	ἐγώ	ἐγώ	p1s---ca-	p-s---ca-	
407	τύπτω	v--pna---	τύπτω	τύπτω	v--pna---	v--pna---	
408	ἐπιχειρέω	v3saia---	ἐπιχειρέω	ἐπιχειρέω	v3saia---	v3saia---	
409	·	u--------	·	·	u--------	u--------	
410	ἐπειδή	c--------	ἐπεί	ἐπειδή	c--------	c--------	DISAGREE
411	δέ	c--------	δέ	δέ	d--------	c--------	
412	αὐτός	p-s---ma-	αὐτός	αὐτός	p-s---ma-	p-s---ma-	
413	ἀμύνω	v1saim---	ἀμύνω	ἀμύνω	v1siie---	v1saim---	
414	,	u--------	,	,	u--------	u--------	
415	ἐξίστημι	v-sapamn-	ἐξίστημι	ἐξίστημι	v-sapamn-	v-sapamn-	
416	βάλλω	v3siia---	βάλλω	βάλλω	v3siia---	v3siia---	
417	ἐγώ	p-s---ca-	ἐγώ	ἐγώ	p1s---ma-	p-s---ca-	
418	λίθος	n-p---md-	λίθος	λίθος	n-p---md-	n-p---md-	
419	.	u--------	.	.	u--------	u--------	
420	καί	c--------	καί	καί	d--------	c--------	
421	ἐγώ	p-s---cg-	ἐγώ	ἐγώ	p1s---mg-	p-s---cg-	
422	μέν	g--------	μέν	μέν	d--------	g--------	
423	ἁμαρτάνω	v3spia---	ἁμαρτάνω	ἁμαρτάνω	v3spia---	v3spia---	
424	,	u--------	,	,	u--------	u--------	
425	Ἀριστόκριτος	n-s---mg-	ἀριστόκριτος	Ἀριστόκριτος	n-s---mg-	n-s---mg-	
426	δέ	c--------	δέ	δέ	c--------	c--------	
427	,	u--------	,	,	u--------	u--------	
428	ὅς	p-s---mn-	ὅς	ὅς	p-s---mn-	p-s---mn-	
429	παρά	r--------	παρά	παρά	r--------	r--------	
430	ἐγώ	p-s---ca-	ἐγώ	ἐγώ	p-s---ma-	p-s---ca-	
431	ἔρχομαι	v3saia---	ἔρχομαι	ἔρχομαι	v3saia---	v3saia---	
432	μετά	r--------	μετά	μετά	r--------	r--------	
433	αὐτός	p-s---mg-	αὐτός	αὐτός	p-s---mg-	p-s---mg-	
434	,	u--------	,	,	u--------	u--------	
435	βάλλω	v-sapamn-	βάλλω	βάλλω	v-sapamn-	v-sapamn-	
436	λίθος	n-s---md-	λίθος	λίθος	n-s---md-	n-s---md-	
437	συντρίβω	v3spia---	συντρίβω	συντρίβω	v3spia---	v3spia---	
438	ὁ	l-s---na-	ὁ	ὁ	l-s---na-	l-s---na-	
439	μέτωπον	n-s---na-	μέτωπον	μέτωπον	n-s---na-	n-s---na-	
440	.	u--------	.	.	u--------	u--------	
441	ἐγώ	p-s---cn-	ἐγώ	ἐγώ	p1s---mn-	p-s---cn-	
442	τοίνυν	g--------	τοίνυν	τοίνυν	d--------	g--------	
443	,	u--------	,	,	u--------	u--------	
444	ὦ	i--------	ὦ	ὦ	i--------	i--------	
445	βουλή	n-s---fv-	βουλή	βουλή	n-s---fv-	n-s---fv-	
446	,	u--------	,	,	u--------	u--------	
447	ἡγέομαι	v-sppmmn-	ἡγέομαι	ἡγέομαι	v-sppmmn-	v-sppmmn-	
448	μέν	g--------	μέν	μέν	d--------	g--------	
449	δεινός	a-p---na-	δεινός	δεινός	a-p---na-	a-p---na-	
450	πάσχω	v--pna---	πάσχω	πάσχω	v--pna---	v--pna---	
451	,	u--------	,	,	u--------	u--------	
452	αἰσχύνω	v-sppmmn-	αἰσχύνω	αἰσχύνω	v-sppemn-	v-sppmmn-	
453	δέ	c--------	δέ	δέ	c--------	c--------	
454	,	u--------	,	,	u--------	u--------	
455	ὅς	p-s---na-	ὅσπερ	ὅς	p-s---na-	p-s---na-	DISAGREE
456	ἤδη	d--------	ἤδη	ἤδη	d--------	d--------	
457	καί	c--------	καί	καί	d--------	c--------	
458	πρότερος	d-------c	πρότερος	πρότερος	d-------c	d-------c	
459	λέγω	v1saia---	εἶπον	λέγω	v1saia---	v1saia---	DISAGREE
460	,	u--------	,	,	u--------	u--------	
461	ὁ	l-s---fd-	ὁ	ὁ	l-s---fd-	l-s---fd-	
462	συμφορά	n-s---fd-	συμφορά	συμφορά	n-s---fd-	n-s---fd-	
463	,	u--------	,	,	u--------	u--------	
464	ἀνέχω	v1siim---	ἀνέχω	ἀνέχω	v1siie---	v1siim---	
465	,	u--------	,	,	u--------	u--------	
466	καί	c--------	καί	καί	c--------	c--------	
467	μάλα	d-------c	μᾶλλον	μάλα	d-------c	d-------c	DISAGREE
468	αἱρέω	v1siim---	αἱρέω	αἱρέω	v1siie---	v1siim---	
469	μή	d--------	μή	μή	d--------	d--------	
470	λαμβάνω	v--ana---	λαμβάνω	λαμβάνω	v--ana---	v--ana---	
471	οὗτος	p-p---ng-	οὗτος	οὗτος	a-p---ng-	p-p---ng-	
472	ὁ	l-p---ng-	ὁ	ὁ	l-p---ng-	l-p---ng-	
473	ἁμάρτημα	n-p---ng-	ἁμάρτημα	ἁμάρτημα	n-p---ng-	n-p---ng-	
474	δίκη	n-s---fa-	δίκη	δίκη	n-s---fa-	n-s---fa-	
475	ἤ	c--------	ἤ1	ἤ	c--------	c--------	
476	δοκέω	v--ana---	δοκέω	δοκέω	v--ana---	v--ana---	
477	ὁ	l-p---md-	ὁ	ὁ	l-p---md-	l-p---md-	
478	πολίτης	n-p---md-	πολίτης	πολίτης	n-p---md-	n-p---md-	
479	ἀνόητος	a-s---mn-	ἀνόητος	ἀνόητος	a-s---mn-	a-s---mn-	
480	εἰμί	v--pna---	εἰμί	εἰμί	v--pna---	v--pna---	
481	,	u--------	,	,	u--------	u--------	
482	οἶδα	v-srpamn-	οἶδα	οἶδα	v-srpamn-	v-srpamn-	
483	ὅτι	c--------	ὅτι	ὅτι	c--------	c--------	
484	ὁ	l-s---fd-	ὁ	ὁ	l-s---fd-	l-s---fd-	
485	μέν	g--------	μέν	μέν	d--------	g--------	
486	οὗτος	p-s---mg-	οὗτος	οὗτος	p-s---ng-	p-s---mg-	
487	πονηρία	n-s---fd-	πονηρία	πονηρία	n-s---fd-	n-s---fd-	
488	πρέπω	v-pppann-	πρέπω	πρέπω	v-pppann-	v-pppann-	
489	εἰμί	v3sfim---	εἰμί	εἰμί	v3sfim---	v3sfim---	
490	ὁ	l-p---nn-	ὁ	ὁ	l-p---nn-	l-p---nn-	
491	πράσσω	v-prpmnn-	πράσσω	πράσσω	v-prpenn-	v-prpmnn-	
492	,	u--------	,	,	u--------	u--------	
493	ἐγώ	p-s---cg-	ἐγώ	ἐγώ	p1s---mg-	p-s---cg-	
494	δέ	c--------	δέ	δέ	c--------	c--------	
495	πολύς	a-p---mn-	πολύς	πολύς	a-p---mn-	a-p---mn-	
496	καταγελάω	v3pfim---	καταγελάω	καταγελάω	v3pfim---	v3pfim---	
497	τοιοῦτος	p-p---na-	τοιοῦτος	τοιοῦτος	p-p---na-	p-p---na-	
498	πάσχω	v-sppamg-	πάσχω	πάσχω	v-sppamg-	v-sppamg-	
499	ὁ	l-p---mg-	ὁ	ὁ	l-p---mg-	l-p---mg-	
500	φθονέω	v--pna---	φθονέω	φθονέω	v--pna---	v--pna---	
501	ἐθίζω	v-prpmmg-	ἐθίζω	ἐθίζω	v-prpemg-	v-prpmmg-	
502	,	u--------	,	,	u--------	u--------	
503	ἐάν	c--------	ἐάν	ἐάν	c--------	c--------	
504	τις	p-s---cn-	τις	τις	p-s---mn-	p-s---cn-	
505	ἐν	r--------	ἐν	ἐν	r--------	r--------	
506	ὁ	l-s---fd-	ὁ	ὁ	l-s---fd-	l-s---fd-	
507	πόλις	n-s---fd-	πόλις	πόλις	n-s---fd-	n-s---fd-	
508	προθυμέομαι	v3spsm---	προθυμέομαι	προθυμέομαι	v3spse---	v3spsm---	
509	χρηστός	a-s---mn-	χρηστός	χρηστός	a-s---mn-	a-s---mn-	
510	εἰμί	v--pna---	εἰμί	εἰμί	v--pna---	v--pna---	
511	.	u--------	.	.	u--------	u--------	
512	οὕτως	d--------	οὕτως	οὕτως	d--------	d--------	
513	δέ	c--------	δέ	δέ	d--------	c--------	
514	σφόδρα	d--------	σφόδρα	σφόδρα	d--------	d--------	
515	ἀπορέω	v1siim---	ἀπορέω	ἀπορέω	v1siie---	v1siim---	
516	ὅς	p-s---na-	ὅς	ὅς	p-s---na-	p-s---na-	
517	τις	p-s---na-	τις	τις	a-s---na-	p-s---na-	
518	χράω	v1saom---	χράω	χράω	v1saom---	v1saom---	
519	,	u--------	,	,	u--------	u--------	
520	ὦ	i--------	ὦ	ὦ	i--------	i--------	
521	βουλή	n-s---fv-	βουλή	βουλή	n-s---fv-	n-s---fv-	
522	,	u--------	,	,	u--------	u--------	
523	ὁ	l-s---fd-	ὁ	ὁ	l-s---fd-	l-s---fd-	
524	οὗτος	p-s---mg-	οὗτος	οὗτος	p-s---mg-	p-s---mg-	
525	παρανομία	n-s---fd-	παρανομία	παρανομία	n-s---fd-	n-s---fd-	
526	,	u--------	,	,	u--------	u--------	
527	ὥστε	c--------	ὥστε	ὥστε	c--------	c--------	
528	δοκέω	v3saia---	δοκέω	δοκέω	v3saia---	v3saia---	
529	ἐγώ	p-s---cd-	ἐγώ	ἐγώ	p1s---md-	p-s---cd-	
530	κρατύς	a-s---nas	κράτιστος	κρατύς	a-s---nas	a-s---nas	DISAGREE
531	εἰμί	v--pna---	εἰμί	εἰμί	v--pna---	v--pna---	
532	ἀποδημέω	v--ana---	ἀποδημέω	ἀποδημέω	v--ana---	v--ana---	
533	.	u--------	.	.	u--------	u--------	
534	λαμβάνω	v-sapamn-	λαμβάνω	λαμβάνω	v-sapamn-	v-sapamn-	
535	δή	g--------	δή	δή	d--------	g--------	
536	ὁ	l-s---na-	ὁ	ὁ	l-s---na-	l-s---na-	
537	μειράκιον	n-s---na-	μειράκιον	μειράκιον	n-s---na-	n-s---na-	
538	(	u--------	̔	(	u--------	u--------	DISAGREE
539	ἅπας	p-p---na-	ἅπας	ἅπας	a-p---na-	p-p---na-	
540	γάρ	g--------	γάρ	γάρ	d--------	g--------	
541	δέω	v3spia---	δεῖ	δέω	v3siia---	v3spia---	DISAGREE
542	ὁ	l-p---na-	ὁ		l-p---na-		oga_only
543	ἀληθής	a-p---na-	ἀληθής		a-p---na-		oga_only
544	λέγω	v--pna---	λέγω3	λέγω	v--pna---	v--pna---	
545	)	u--------	)	)	u--------	u--------	
546	οἴχομαι	v1siim---	οἴχομαι	οἴχομαι	v1siie---	v1siim---	
547	ἐκ	r--------	ἐκ	ἐκ	r--------	r--------	
548	ὁ	l-s---fg-	ὁ	ὁ	l-s---fg-	l-s---fg-	
549	πόλις	n-s---fg-	πόλις	πόλις	n-s---fg-	n-s---fg-	
550	.	u--------	.	.	u--------	u--------	
551	ἐπειδή	c--------	ἐπεί	ἐπειδή	c--------	c--------	DISAGREE
552	δέ	c--------	δέ	δέ	d--------	c--------	
553	οἴομαι	v1siim---	οἴομαι	οἴομαι	v1siie---	v1siim---	
554	ἱκανός	a-s---ma-	ἱκανός	ἱκανός	a-s---na-	a-s---ma-	
555	εἰμί	v--pna---	εἰμί	εἰμί	v--pna---	v--pna---	
556	ὁ	l-s---ma-	ὁ	ὁ	l-s---ma-	l-s---ma-	
557	χρόνος	n-s---ma-	χρόνος	χρόνος	n-s---ma-	n-s---ma-	
558	Σίμων	n-s---md-	σίμων	Σίμων	n-s---md-	n-s---md-	
559	ἐπιλανθάνω	v--anm---	ἐπιλανθάνω	ἐπιλανθάνω	v--anm---	v--anm---	
560	μέν	g--------	μέν	μέν	d--------	g--------	
561	ὁ	l-s---mg-	ὁ	ὁ	l-s---mg-	l-s---mg-	
562	νεανίσκος	n-s---mg-	νεανίσκος	νεανίσκος	n-s---mg-	n-s---mg-	
563	,	u--------	,	,	u--------	u--------	
564	μεταμέλομαι	v--ana---	μεταμελέομαι	μεταμέλομαι	v--ana---	v--ana---	DISAGREE
565	δέ	c--------	δέ	δέ	c--------	c--------	
566	ὁ	l-p---ng-	ὁ	ὁ	l-p---ng-	l-p---ng-	
567	πρότερος	d-------c	πρότερος	πρότερος	d-------c	d-------c	
568	ἁμαρτάνω	v-prpmng-	ἁμαρτάνω	ἁμαρτάνω	v-prpeng-	v-prpmng-	
569	,	u--------	,	,	u--------	u--------	
570	ἀφικνέομαι	v1spim---	ἀφικνέομαι	ἀφικνέομαι	v1spie---	v1spim---	
571	πάλιν	d--------	πάλιν	πάλιν	d--------	d--------	
572	.	u--------	.	.	u--------	u--------	
573	καί	d--------	καί		d--------		oga_only
574	ἐγώ	l-s---fn-	ἐγώ		l-s---fn-		oga_only
575	μέν	g--------	μέν	μέν	d--------	g--------	
576	οἴχομαι	v1siim---	οἴχομαι	οἴχομαι	v1siie---	v1siim---	
577	εἰς	r--------	εἰς	εἰς	r--------	r--------	
578	Πειραιεύς	n-s---ma-	πειραιεύς	Πειραιεύς	n-s---ma-	n-s---ma-	
579	,	u--------	,	,	u--------	u--------	
580	οὗτος	p-s---mn-	οὗτος	οὗτος	p-s---mn-	p-s---mn-	
581	δέ	c--------	δέ	δέ	c--------	c--------	
582	αἰσθάνομαι	v-sapmmn-	αἰσθάνομαι	αἰσθάνομαι	v-sapmmn-	v-sapmmn-	
583	εὐθύς	d--------	εὐθύς2	εὐθύς	d--------	d--------	
584	ἥκω	v-sppama-	ἥκω	ἥκω	v-sppama-	v-sppama-	
585	ὁ	l-s---ma-	ὁ	ὁ	l-s---ma-	l-s---ma-	
586	Θεόδοτος	n-s---ma-	θεόδοτος	Θεόδοτος	n-s---ma-	n-s---ma-	
587	καί	c--------	καί	καί	c--------	c--------	
588	διατρίβω	v-sppama-	διατρίβω	διατρίβω	v-sppama-	v-sppama-	
589	παρά	r--------	παρά	παρά	r--------	r--------	
590	Λυσίμαχος	n-s---md-	λυσίμαχος	Λυσίμαχος	n-s---md-	n-s---md-	
591	,	u--------	,	,	u--------	u--------	
592	ὅς	p-s---mn-	ὅς	ὅς	p-s---mn-	p-s---mn-	
593	οἰκέω	v3siia---	οἰκέω	οἰκέω	v3siia---	v3siia---	
594	πλησίον	r--------	πλησίος	πλησίον	d--------	r--------	DISAGREE
595	ὁ	l-s---fg-	ὁ	ὁ	l-s---fg-	l-s---fg-	
596	οἰκία	n-s---fg-	οἰκία	οἰκία	n-s---fg-	n-s---fg-	
597	ὅς	p-s---fg-	ὅς	ὅς	p-s---fg-	p-s---fg-	
598	οὗτος	p-s---mn-	οὗτος	οὗτος	p-s---mn-	p-s---mn-	
599	μισθόω	v3slim---	μισθόω	μισθόω	v3slie---	v3slim---	
600	,	u--------	,	,	u--------	u--------	
601	παρακαλέω	v3saia---	παρακαλέω	παρακαλέω	v3saia---	v3saia---	
602	τις	p-p---ca-	τις	τις	p-p---ma-	p-p---ca-	
603	ὁ	l-p---mg-	ὁ	ὁ	l-p---ng-	l-p---mg-	
604	οὗτος	p-s---mg-	οὗτος	οὗτος	p-s---mg-	p-s---mg-	
605	ἐπιτήδειος	a-p---mg-	ἐπιτήδειος	ἐπιτήδειος	a-p---mg-	a-p---mg-	
606	.	u--------	.	.	u--------	u--------	
607	καί	c--------	καί	καί	d--------	c--------	
608	οὗτος	p-p---mn-	οὗτος	οὗτος	p-p---mn-	p-p---mn-	
609	μέν	g--------	μέν	μέν	d--------	g--------	
610	ἀριστάω	v3piia---	ἀριστάω	ἀριστάω	v3piia---	v3piia---	
611	καί	c--------	καί	καί	c--------	c--------	
612	πίνω	v3piia---	πίνω	πίνω	v3piia---	v3piia---	
613	,	u--------	,	,	u--------	u--------	
614	φύλαξ	n-p---ma-	φύλαξ	φύλαξ	n-p---ma-	n-p---ma-	
615	δέ	c--------	δέ	δέ	c--------	c--------	
616	καθίστημι	v3paia---	καθίστημι	καθίστημι	v3paia---	v3paia---	
617	ἐπί	r--------	ἐπί	ἐπί	r--------	r--------	
618	ὁ	l-s---ng-	ὁ	ὁ	l-s---ng-	l-s---ng-	
619	τέγος	n-s---ng-	πήρα	τέγος	n-s---ng-	n-s---ng-	DISAGREE
620	,	u--------	,	,	u--------	u--------	
621	ἵνα	c--------	ἵνα	ἵνα	c--------	c--------	
622	,	u--------	,	,	u--------	u--------	
623	ὁπότε	c--------	ὁπότε	ὁπότε	c--------	c--------	
624	ἐξέρχομαι	v3saoa---	ἐξέρχομαι	ἐξέρχομαι	v3saoa---	v3saoa---	
625	ὁ	l-s---nn-	ὁ	ὁ	l-s---nn-	l-s---nn-	
626	μειράκιον	n-s---nn-	μειράκιον	μειράκιον	n-s---nn-	n-s---nn-	
627	,	u--------	,	,	u--------	u--------	
628	εἰσαρπάζω	v3paoa---	εἰσαρπάζω	εἰσαρπάζω	v3paoa---	v3paoa---	
629	αὐτός	p-s---ma-	αὐτός	αὐτός	p-s---ma-	p-s---ma-	
630	.	u--------	.	.	u--------	u--------	
631	ἐν	r--------	ἐν	ἐν	r--------	r--------	
632	δέ	c--------	δέ	δέ	d--------	c--------	
633	οὗτος	p-s---md-	οὗτος	οὗτος	a-s---md-	p-s---md-	
634	ὁ	l-s---md-	ὁ	ὁ	l-s---md-	l-s---md-	
635	καιρός	n-s---md-	καιρός	καιρός	n-s---md-	n-s---md-	
636	ἀφικνέομαι	v1spim---	ἀφικνέομαι	ἀφικνέομαι	v1spie---	v1spim---	
637	ἐγώ	p-s---cn-	ἐγώ	ἐγώ	p1s---mn-	p-s---cn-	
638	ἐκ	r--------	ἐκ	ἐκ	r--------	r--------	
639	Πειραιεύς	n-s---mg-	πειραιεύς	Πειραιεύς	n-s---mg-	n-s---mg-	
640	,	u--------	,	,	u--------	u--------	
641	καί	c--------	καί	καί	c--------	c--------	
642	τρέπω	v1spim---	τρέπω	τρέπω	v1spie---	v1spim---	
643	παρέρχομαι	v-sppamn-	πάρειμι2	παρέρχομαι	v-sppamn-	v-sppamn-	DISAGREE
644	ὡς	c--------	ὡς	ὡς	r--------	c--------	
645	ὁ	l-s---ma-	ὁ	ὁ	l-s---ma-	l-s---ma-	
646	Λυσίμαχος	n-s---ma-	λυσίμαχος	Λυσίμαχος	n-s---ma-	n-s---ma-	
647	·	u--------	·	·	u--------	u--------	
648	ὀλίγος	a-s---ma-	ὀλίγος	ὀλίγος	a-s---ma-	a-s---ma-	
649	δέ	c--------	δέ	δέ	d--------	c--------	
650	χρόνος	n-s---ma-	χρόνος	χρόνος	n-s---ma-	n-s---ma-	
651	διατρίβω	v-papamn-	διατρίβω	διατρίβω	v-papamn-	v-papamn-	
652	ἐξέρχομαι	v1ppim---	ἐξέρχομαι	ἐξέρχομαι	v1piie---	v1ppim---	
653	.	u--------	.	.	u--------	u--------	
654	οὗτος	p-p---mn-	οὗτος	οὗτος	p-p---mn-	p-p---mn-	
655	δέ	c--------	δέ	δέ	d--------	c--------	
656	ἤδη	d--------	ἤδη	ἤδη	d--------	d--------	
657	μεθύω	v-pppamn-	μεθύω	μεθύω	v-pppamn-	v-pppamn-	
658	ἐκπηδάω	v3ppia---	ἐκπηδάω	ἐκπηδάω	v3ppia---	v3ppia---	
659	ἐπί	r--------	ἐπί	ἐπί	r--------	r--------	
660	ἐγώ	p-p---ca-	ἐγώ	ἐγώ	p1p---ma-	p-p---ca-	
661	καί	c--------	καί	καί	d--------	c--------	
662	ὁ	l-p---mn-	ὁ	ὁ	l-p---mn-	l-p---mn-	
663	μέν	g--------	μέν	μέν	d--------	g--------	
664	τις	p-p---cn-	τις	τις	p-p---mn-	p-p---cn-	
665	αὐτός	p-s---md-	αὐτός	αὐτός	p-s---md-	p-s---md-	
666	ὁ	l-p---mg-	ὁ	ὁ	l-p---mg-	l-p---mg-	
667	παραγίγνομαι	v-papmmg-	παραγίγνομαι	παραγίγνομαι	v-papmmg-	v-papmmg-	
668	οὐ	d--------	οὐ	οὐ	d--------	d--------	
669	ἐθέλω	v3paia---	ἐθέλω	ἐθέλω	v3paia---	v3paia---	
670	συνεξαμαρτάνω	v--ana---	συνεξαμαρτέω	συνεξαμαρτάνω	v--ana---	v--ana---	DISAGREE
671	,	u--------	,	,	u--------	u--------	
672	Σίμων	n-s---mn-	σίμων	Σίμων	n-s---mn-	n-s---mn-	
673	δέ	c--------	δέ	δέ	c--------	c--------	
674	οὗτος	p-s---mn-	οὗτος	οὗτος	a-s---mn-	p-s---mn-	
675	καί	c--------	καί	καί	d--------	c--------	
676	Θεόφιλος	n-s---mn-	θεόφιλος	Θεόφιλος	n-s---mn-	n-s---mn-	
677	καί	c--------	καί	καί	d--------	c--------	
678	Πρώταρχος	n-s---mn-	πρώταρχος	Πρώταρχος	n-s---mn-	n-s---mn-	
679	καί	c--------	καί	καί	c--------	c--------	
680	Αὐτοκλῆς	n-s---mn-	αὐτοκλῆς	Αὐτοκλῆς	n-s---mn-	n-s---mn-	
681	ἕλκω	v3piia---	ἕλκω	ἕλκω	v3piia---	v3piia---	
682	ὁ	l-s---na-	ὁ	ὁ	l-s---na-	l-s---na-	
683	μειράκιον	n-s---na-	μειράκιον	μειράκιον	n-s---na-	n-s---na-	
684	.	u--------	.	.	u--------	u--------	
685	ὁ	l-s---mn-	ὁ	ὁ	l-s---mn-	l-s---mn-	
686	δέ	c--------	δέ	δέ	d--------	c--------	
687	ῥίπτω	v-sapamn-	ῥίπτω	ῥίπτω	v-sapamn-	v-sapamn-	
688	ὁ	l-s---na-	ὁ	ὁ	l-s---na-	l-s---na-	
689	ἱμάτιον	n-s---na-	ἱμάτιον	ἱμάτιον	n-s---na-	n-s---na-	
690	οἴχομαι	v3siim---	οἴχομαι	οἴχομαι	v3siie---	v3siim---	
691	φεύγω	v-sppamn-	φεύγω	φεύγω	v-sppamn-	v-sppamn-	
692	.	u--------	.	.	u--------	u--------	
693	ἐγώ	p-s---cn-	ἐγώ	ἐγώ	p1s---cn-	p-s---cn-	
694	δέ	c--------	δέ	δέ	d--------	c--------	
695	ἡγέομαι	v-sppmmn-	ἡγέομαι	ἡγέομαι	v-sppemn-	v-sppmmn-	
696	ἐκεῖνος	p-s---ma-	ἐκεῖνος	ἐκεῖνος	p-s---ma-	p-s---ma-	
697	μέν	g--------	μέν	μέν	d--------	g--------	
698	ἐκφεύγω	v--fnm---	ἐκφεύγω	ἐκφεύγω	v--fnm---	v--fnm---	
699	,	u--------	,	,	u--------	u--------	
700	οὗτος	p-p---ma-	οὗτος	οὗτος	p-p---ma-	p-p---ma-	
701	δέ	c--------	δέ	δέ	d--------	c--------	
702	,	u--------	,	,	u--------	u--------	
703	ἐπειδή	c--------	ἐπεί	ἐπειδή	c--------	c--------	DISAGREE
704	ταχύς	a-p---nas	ταχύς	ταχύς	a-p---nas	a-p---nas	
705	ἐντυγχάνω	v3paoa---	ἐντυγχάνω	ἐντυγχάνω	v3paoa---	v3paoa---	
706	ἄνθρωπος	n-p---md-	ἄνθρωπος	ἄνθρωπος	n-p---md-	n-p---md-	
707	,	u--------	,	,	u--------	u--------	
708	αἰσχύνω	v-pppmma-	αἰσχύνω	αἰσχύνω	v-pppema-	v-pppmma-	
709	ἀποτρέπω	v--fnm---	ἀποτρέπω	ἀποτρέπω	v--fnm---	v--fnm---	
710	—	u--------	—	—	u--------	u--------	
711	οὗτος	p-p---na-	οὗτος	οὗτος	p-p---na-	p-p---na-	
712	διανοέω	v-sapmmn-	διανοέω	διανοέω	v-sapemn-	v-sapmmn-	
713	ἕτερος	p-s---fa-	ἕτερος	ἕτερος	a-s---fa-	p-s---fa-	
714	ὁδός	n-s---fa-	ὁδός	ὁδός	n-s---fa-	n-s---fa-	
715	οἴχομαι	v1siim---	οἴχομαι	οἴχομαι	v1siie---	v1siim---	
716	ἀπέρχομαι	v-sppamn-	ἄπειμι1	ἀπέρχομαι	v-sppamn-	v-sppamn-	DISAGREE
717	·	u--------	·	·	u--------	u--------	
718	οὕτως	d--------	οὕτως	οὕτως	d--------	d--------	
719	σφόδρα	d--------	σφόδρα	σφόδρα	d--------	d--------	
720	αὐτός	p-p---ma-	αὐτός	αὐτός	p-p---ma-	p-p---ma-	
721	φυλάσσω	v1siim---	κλέπτω	φυλάσσω	v1siie---	v1siim---	DISAGREE
722	,	u--------	,	,	u--------	u--------	
723	καί	c--------	καί	καί	c--------	c--------	
724	πᾶς	p-p---na-	πᾶς	πᾶς	a-p---na-	p-p---na-	
725	ὁ	l-p---na-	ὁ	ὁ	l-p---na-	l-p---na-	
726	ὑπό	r--------	ὑπό	ὑπό	r--------	r--------	
727	οὗτος	p-p---mg-	οὗτος	οὗτος	p-p---mg-	p-p---mg-	
728	γίγνομαι	v-pppmna-	γίγνομαι	γίγνομαι	v-pppena-	v-pppmna-	
729	μέγας	a-s---fa-	μέγας	μέγας	a-s---fa-	a-s---fa-	
730	ἐμαυτοῦ	p-s---md-	ἐμαυτοῦ	ἐμαυτοῦ	p-s---md-	p-s---md-	
731	συμφορά	n-s---fa-	συμφορά	συμφορά	n-s---fa-	n-s---fa-	
732	νομίζω	v1siia---	νομίζω	νομίζω	v1siia---	v1siia---	
733	.	u--------	.	.	u--------	u--------	
734	καί	d--------	καί		d--------		oga_only
735	ἐνταῦθα	d--------	ἐνταῦθα		d--------		oga_only
736	μέν	g--------	μέν	μέν	d--------	g--------	
737	,	u--------	,	,	u--------	u--------	
738	ἵνα	c--------	ἵνα	ἵνα	c--------	c--------	
739	φημί	v3spia---	φημί	φημί	v3spia---	v3spia---	
740	Σίμων	n-s---mn-	σίμων	Σίμων	n-s---mn-	n-s---mn-	
741	ὁ	l-s---fa-	ὁ	ὁ	l-s---fa-	l-s---fa-	
742	μάχη	n-s---fa-	μάχη	μάχη	n-s---fa-	n-s---fa-	
743	γίγνομαι	v--anm---	γίγνομαι	γίγνομαι	v--anm---	v--anm---	
744	,	u--------	,	,	u--------	u--------	
745	οὐ	d--------	οὐ	οὐ	d--------	d--------	
746	τε	d--------	τε		d--------		oga_only
747	οὗτος	p-p---mg-	οὗτος	οὗτος	p-p---mg-	p-p---mg-	
748	οὐ	d--------	οὐ	οὐ	d--------	d--------	
749	τε	d--------	τε		d--------		oga_only
750	ἐγώ	p-p---cg-	ἐγώ	ἐγώ	p1p---mg-	p-p---cg-	
751	οὐδείς	p-s---mn-	οὐδείς	οὐδείς	p-s---mn-	p-s---mn-	
752	οὐ	d--------	οὐ	οὐ	d--------	d--------	
753	τε	d--------	τε		d--------		oga_only
754	κατάγνυμι	v3saip---	κατάγνυμι	κατάγνυμι	v3saip---	v3saip---	
755	ὁ	l-s---fa-	ὁ	ὁ	l-s---fa-	l-s---fa-	
756	κεφαλή	n-s---fa-	κεφαλή	κεφαλή	n-s---fa-	n-s---fa-	
757	οὐ	d--------	οὐ	οὐ	d--------	d--------	
758	τε	c--------	τε		c--------		oga_only
759	ἄλλος	p-s---na-	ἄλλος	ἄλλος	a-s---na-	p-s---na-	
760	κακός	a-s---na-	κακός	κακός	a-s---na-	a-s---na-	
761	οὐδείς	p-s---na-	οὐδείς	οὐδείς	p-s---na-	p-s---na-	
762	λαμβάνω	v3saia---	λαμβάνω	λαμβάνω	v3saia---	v3saia---	
763	,	u--------	,	,	u--------	u--------	
764	ὅς	p-p---ng-	ὅς	ὅς	p-p---ng-	p-p---ng-	
765	ἐγώ	p-s---cn-	ἐγώ	ἐγώ	p1s---mn-	p-s---cn-	
766	ὁ	l-p---ma-	ὁ	ὁ	l-p---ma-	l-p---ma-	
767	παραγίγνομαι	v-papmma-	παραγίγνομαι	παραγίγνομαι	v-papmma-	v-papmma-	
768	σύ	p-p---cd-	σύ	σύ	p-p---md-	p-p---cd-	
769	παρέχω	v1sfim---	παρέχω	παρέχω	v1sfim---	v1sfim---	
770	μάρτυς	n-p---ma-	μάρτυς	μάρτυς	n-p---ma-	n-p---ma-	
771	.	u--------	.	.	u--------	u--------	
772	μάρτυς	n-s---mv-	μάρτυς		n-s---mv-		oga_only
773	ὅτι	c--------	ὅτι		c--------		oga_only
774	μέν	d--------	μέν		d--------		oga_only
775	τοίνυν	d--------	τοίνυν		d--------		oga_only
776	οὗτος	p-s---mn-	οὗτος		p-s---mn-		oga_only
777	εἰμί	v3siia---	εἰμί		v3siia---		oga_only
778	ὁ	l-s---mn-	ὁ		l-s---mn-		oga_only
779	ἀδικέω	v-sapamn-	ἀδικέω		v-sapamn-		oga_only
780	,	u--------	,		u--------		oga_only
781	ὦ	i--------	ὦ		i--------		oga_only
782	βουλή	n-s---fv-	βουλή		n-s---fv-		oga_only
783	,	u--------	,		u--------		oga_only
784	καί	c--------	καί	καί	c--------	c--------	
785	ἐπιβουλεύω	v-sapamn-	ἐπιβουλεύω		v-sapamn-		oga_only
786	ἐγώ	p-p---md-	ἐγώ		p-p---md-		oga_only
787	,	u--------	,		u--------		oga_only
788	καί	c--------	καί		c--------		oga_only
789	οὐ	d--------	οὐ		d--------		oga_only
790	ἐγώ	p1s---mn-	ἐγώ		p1s---mn-		oga_only
791	οὗτος	p-s---md-	οὗτος		p-s---md-		oga_only
792	,	u--------	,		u--------		oga_only
793	ὑπό	r--------	ὑπό		r--------		oga_only
794	ὁ	l-p---mg-	ὁ		l-p---mg-		oga_only
795	παραγίγνομαι	v-papmmg-	παραγίγνομαι		v-papmmg-		oga_only
796	μαρτυρέω	v3srie---	μαρτυρέω		v3srie---		oga_only
797	σύ	p-p---md-	σύ		p-p---md-		oga_only
798	.	u--------	.		u--------		oga_only
799	μετά	r--------	μετά		r--------		oga_only
800	δέ	c--------	δέ	δέ	d--------	c--------	
801	οὗτος	p-p---na-	οὗτος		p-p---na-		oga_only
802	ὁ	l-s---nn-	ὁ		l-s---nn-		oga_only
803	μέν	d--------	μέν		d--------		oga_only
804	μειράκιον	n-s---nn-	μειράκιον		n-s---nn-		oga_only
805	εἰς	r--------	εἰς		r--------		oga_only
806	κναφεῖον	n-s---na-	κναφεῖον		n-s---na-		oga_only
807	καταφεύγω	v3saia---	καταφεύγω		v3saia---		oga_only
808	,	u--------	,		u--------		oga_only
809	οὗτος	p-p---mn-	οὗτος		p-p---mn-		oga_only
810	δέ	c--------	δέ		c--------		oga_only
811	συνεισπίπτω	v-papamn-	συνεισπίπτω		v-papamn-		oga_only
812	ἄγω	v3piia---	ἄγω		v3piia---		oga_only
813	αὐτός	p-s---ma-	αὐτός		p-s---ma-		oga_only
814	βία	n-s---fd-	βία		n-s---fd-		oga_only
815	,	u--------	,		u--------		oga_only
816	βοάω	v-sppama-	βοάω		v-sppama-		oga_only
817	καί	d--------	καί		d--------		oga_only
818	κράζω	v-srpama-	κράζω		v-srpama-		oga_only
819	καί	c--------	καί		c--------		oga_only
820	μαρτύρομαι	v-sppema-	μαρτύρομαι		v-sppema-		oga_only
821	.	u--------	.		u--------		oga_only
822	συντρέχω	v-papamg-	συντρέχω	συντρέχω	v-papamg-	v-papamg-	
823	δέ	c--------	δέ	δέ	d--------	c--------	
824	ἄνθρωπος	n-p---mg-	ἄνθρωπος	ἄνθρωπος	n-p---mg-	n-p---mg-	
825	πολύς	a-p---mg-	πολύς	πολύς	a-p---mg-	a-p---mg-	
826	καί	c--------	καί	καί	d--------	c--------	
827	ἀγανακτέω	v-pppamg-	ἀγανακτέω	ἀγανακτέω	v-pppamg-	v-pppamg-	
828	ὁ	l-s---nd-	ὁ	ὁ	l-s---nd-	l-s---nd-	
829	πρᾶγμα	n-s---nd-	πρᾶγμα	πρᾶγμα	n-s---nd-	n-s---nd-	
830	καί	c--------	καί	καί	c--------	c--------	
831	δεινός	a-p---na-	δεινός	δεινός	a-p---na-	a-p---na-	
832	φάσκω	v-pppamg-	φάσκω	φάσκω	v-pppamg-	v-pppamg-	
833	εἰμί	v--pna---	εἰμί	εἰμί	v--pna---	v--pna---	
834	ὁ	l-p---na-	ὁ	ὁ	l-p---na-	l-p---na-	
835	γίγνομαι	v-pppmna-	γίγνομαι	γίγνομαι	v-pppena-	v-pppmna-	
836	,	u--------	,	,	u--------	u--------	
837	ὁ	l-p---ng-	ὁ	ὁ	l-p---ng-	l-p---ng-	
838	μέν	g--------	μέν	μέν	d--------	g--------	
839	λέγω	v-pppmng-	λέγω3	λέγω	v-pppeng-	v-pppmng-	
840	οὐδείς	p-s---na-	οὐδείς	οὐδείς	p-s---na-	p-s---na-	
841	φροντίζω	v3piia---	φροντίζω	φροντίζω	v3piia---	v3piia---	
842	,	u--------	,	,	u--------	u--------	
843	Μόλων	n-s---ma-	μόλων	Μόλων	n-s---ma-	n-s---ma-	
844	δέ	c--------	δέ	δέ	c--------	c--------	
845	ὁ	l-s---ma-	ὁ	ὁ	l-s---ma-	l-s---ma-	
846	κναφεύς	n-s---ma-	κναφεύς	κναφεύς	n-s---ma-	n-s---ma-	
847	καί	c--------	καί	καί	c--------	c--------	
848	ἄλλος	p-p---ma-	ἄλλος	ἄλλος	a-p---ma-	p-p---ma-	
849	τις	p-p---ca-	τις	τις	p-p---ma-	p-p---ca-	
850	ἐπαμύνω	v--pna---	ἐπαμύνω	ἐπαμύνω	v--pna---	v--pna---	
851	ἐπιχειρέω	v-pppama-	ἐπιχειρέω	ἐπιχειρέω	v-pppama-	v-pppama-	
852	συγκόπτω	v3paia---	συγκόπτω	συγκόπτω	v3paia---	v3paia---	
853	.	u--------	.	.	u--------	u--------	
854	ἤδη	d--------	ἤδη	ἤδη	d--------	d--------	
855	δέ	c--------	δέ	δέ	d--------	c--------	
856	αὐτός	p-p---md-	αὐτός	αὐτός	p-p---md-	p-p---md-	
857	εἰμί	v-pppamd-	εἰμί	εἰμί	v-pppamd-	v-pppamd-	
858	παρά	r--------	παρά	παρά	r--------	r--------	
859	ὁ	l-s---fa-	ὁ	ὁ	l-s---fa-	l-s---fa-	
860	Λάμπων	n-s---mg-	λάμπων	Λάμπων	n-s---mg-	n-s---mg-	
861	οἰκία	n-s---fa-	οἰκία	οἰκία	n-s---fa-	n-s---fa-	
862	ἐγώ	p-s---cn-	ἐγώ	ἐγώ	p1s---mn-	p-s---cn-	
863	μόνος	a-s---mn-	μόνος	μόνος	a-s---mn-	a-s---mn-	
864	βαδίζω	v-sppamn-	βαδίζω	βαδίζω	v-sppamn-	v-sppamn-	
865	ἐντυγχάνω	v1spia---	ἐντυγχάνω	ἐντυγχάνω	v1spia---	v1spia---	
866	,	u--------	,	,	u--------	u--------	
867	δεινός	a-s---na-	δεινός	δεινός	a-s---na-	a-s---na-	
868	δέ	c--------	δέ	δέ	c--------	c--------	
869	ἡγέομαι	v-sapmmn-	ἡγέομαι	ἡγέομαι	v-sapmmn-	v-sapmmn-	
870	εἰμί	v--pna---	εἰμί	εἰμί	v--pna---	v--pna---	
871	καί	c--------	καί	καί	c--------	c--------	
872	αἰσχρός	a-s---na-	αἰσχρός	αἰσχρός	a-s---na-	a-s---na-	
873	περιοράω	v--pna---	περίἰδέω	περιοράω	v--pna---	v--pna---	DISAGREE
874	οὕτως	d--------	οὕτως	οὕτως	d--------	d--------	
875	ἄνομος	d--------	ἄνομος	ἄνομος	d--------	d--------	
876	καί	c--------	καί	καί	c--------	c--------	
877	βίαιος	d--------	βίαιος	βίαιος	d--------	d--------	
878	ὑβρίζω	v-sappma-	ὑβρίζω	ὑβρίζω	v-sappma-	v-sappma-	
879	ὁ	l-s---ma-	ὁ	ὁ	l-s---ma-	l-s---ma-	
880	νεανίσκος	n-s---ma-	νεανίσκος	νεανίσκος	n-s---ma-	n-s---ma-	
881	,	u--------	,	,	u--------	u--------	
882	ἐπιλαμβάνω	v1spim---	ἐπιλαμβάνω	ἐπιλαμβάνω	v1spie---	v1spim---	
883	αὐτός	p-s---mg-	αὐτός	αὐτός	p-s---mg-	p-s---mg-	
884	.	u--------	.	.	u--------	u--------	
885	οὗτος	p-p---mn-	οὗτος	οὗτος	p-p---mn-	p-p---mn-	
886	δέ	c--------	δέ	δέ	d--------	c--------	
887	,	u--------	,	,	u--------	u--------	
888	διότι	c--------	διότι	διότι	c--------	c--------	
889	μέν	g--------	μέν	μέν	d--------	g--------	
890	τοιοῦτος	p-p---na-	τοιοῦτος	τοιοῦτος	p-p---na-	p-p---na-	
891	παρανομέω	v3piia---	παρανομέω	παρανομέω	v3piia---	v3piia---	
892	εἰς	r--------	εἰς	εἰς	r--------	r--------	
893	ἐκεῖνος	p-s---ma-	ἐκεῖνος	ἐκεῖνος	p-s---ma-	p-s---ma-	
894	,	u--------	,	,	u--------	u--------	
895	οὐ	d--------	οὐ	οὐ	d--------	d--------	
896	ἐθέλω	v3paia---	ἐθέλω	ἐθέλω	v3paia---	v3paia---	
897	λέγω	v--ana---	εἶπον	λέγω	v--ana---	v--ana---	DISAGREE
898	ἐρωτάω	v-pappmn-	ἐρωτάω	ἐρωτάω	v-pappmn-	v-pappmn-	
899	,	u--------	,	,	u--------	u--------	
900	ἀφίημι	v-papmmn-	ἀφίημι	ἀφίημι	v-papmmn-	v-papmmn-	
901	δέ	c--------	δέ	δέ	c--------	c--------	
902	ὁ	l-s---mg-	ὁ	ὁ	l-s---mg-	l-s---mg-	
903	νεανίσκος	n-s---mg-	νεανίσκος	νεανίσκος	n-s---mg-	n-s---mg-	
904	τύπτω	v3piia---	τύπτω	τύπτω	v3piia---	v3piia---	
905	ἐγώ	p-s---ca-	ἐγώ	ἐγώ	p1s---ca-	p-s---ca-	
906	.	u--------	.	.	u--------	u--------	
907	μάχη	n-s---fg-	μάχη	μάχη	n-s---fg-	n-s---fg-	
908	δέ	c--------	δέ	δέ	d--------	c--------	
909	γίγνομαι	v-sapmfg-	γίγνομαι	γίγνομαι	v-sapmfg-	v-sapmfg-	
910	,	u--------	,	,	u--------	u--------	
911	ὦ	i--------	ὦ	ὦ	i--------	i--------	
912	βουλή	n-s---fv-	βουλή	βουλή	n-s---fv-	n-s---fv-	
913	,	u--------	,	,	u--------	u--------	
914	καί	c--------	καί	καί	d--------	c--------	
915	ὁ	l-s---ng-	ὁ	ὁ	l-s---ng-	l-s---ng-	
916	μειράκιον	n-s---ng-	μειράκιον	μειράκιον	n-s---ng-	n-s---ng-	
917	βάλλω	v-sppang-	βάλλω	βάλλω	v-sppamg-	v-sppang-	
918	αὐτός	p-p---ma-	αὐτός	αὐτός	p-p---ma-	p-p---ma-	
919	καί	c--------	καί	καί	c--------	c--------	
920	περί	r--------	περί	περί	r--------	r--------	
921	ὁ	l-s---ng-	ὁ	ὁ	l-s---ng-	l-s---ng-	
922	σῶμα	n-s---ng-	σῶμα	σῶμα	n-s---ng-	n-s---ng-	
923	ἀμύνω	v-sppmng-	ἀμύνω	ἀμύνω	v-sppemg-	v-sppmng-	
924	καί	c--------	καί	καί	c--------	c--------	
925	οὗτος	p-p---mg-	οὗτος	οὗτος	p-p---mg-	p-p---mg-	
926	ἐγώ	p-p---ca-	ἐγώ	ἐγώ	p-p---ma-	p-p---ca-	
927	βάλλω	v-pppamg-	βάλλω	βάλλω	v-pppamg-	v-pppamg-	
928	,	u--------	,	,	u--------	u--------	
929	ἔτι	d--------	ἔτι	ἔτι	d--------	d--------	
930	δέ	c--------	δέ	δέ	d--------	c--------	
931	τύπτω	v-pppamg-	τύπτω	τύπτω	v-pppamg-	v-pppamg-	
932	αὐτός	p-s---ma-	αὐτός	αὐτός	p-s---ma-	p-s---ma-	
933	ὑπό	r--------	ὑπό	ὑπό	r--------	r--------	
934	ὁ	l-s---fg-	ὁ	ὁ	l-s---fg-	l-s---fg-	
935	μέθη	n-s---fg-	μέθη	μέθη	n-s---fg-	n-s---fg-	
936	καί	c--------	καί	καί	d--------	c--------	
937	ἐγώ	p-s---cg-	ἐγώ	ἐγώ	p1s---mg-	p-s---cg-	
938	ἀμύνω	v-sppmmg-	ἀμύνω	ἀμύνω	v-sppemg-	v-sppmmg-	
939	,	u--------	,	,	u--------	u--------	
940	καί	c--------	καί	καί	c--------	c--------	
941	ὁ	l-p---mg-	ὁ	ὁ	l-p---mg-	l-p---mg-	
942	παραγίγνομαι	v-papmmg-	παραγίγνομαι	παραγίγνομαι	v-papmmg-	v-papmmg-	
943	ὡς	c--------	ὡς	ὡς	d--------	c--------	
944	ἀδικέω	v-pppmmd-	ἀδικέω	ἀδικέω	v-pppemd-	v-pppmmd-	
945	ἐγώ	p-p---cd-	ἐγώ	ἐγώ	p1p---md-	p-p---cd-	
946	ἅπας	p-p---mg-	ἅπας	ἅπας	a-p---mg-	p-p---mg-	
947	ἐπικουρέω	v-pppamg-	ἐπίἐπικουρέω	ἐπικουρέω	v-pppamg-	v-pppamg-	DISAGREE
948	,	u--------	,	,	u--------	u--------	
949	ἐν	r--------	ἐν	ἐν	r--------	r--------	
950	οὗτος	p-s---md-	οὗτος	οὗτος	a-s---md-	p-s---md-	
951	ὁ	l-s---md-	ὁ	ὁ	l-s---md-	l-s---md-	
952	θόρυβος	n-s---md-	θόρυβος	θόρυβος	n-s---md-	n-s---md-	
953	συντρίβω	v1ppim---	συντρίβω	συντρίβω	v1piie---	v1ppim---	
954	ὁ	l-p---fa-	ὁ	ὁ	l-p---fa-	l-p---fa-	
955	κεφαλή	n-p---fa-	κεφαλή	κεφαλή	n-p---fa-	n-p---fa-	
956	ἅπας	p-p---mn-	ἅπας	ἅπας	a-p---mn-	p-p---mn-	
957	.	u--------	.	.	u--------	u--------	
958	καί	c--------	καί	καί	d--------	c--------	
959	ὁ	l-p---mn-	ὁ	ὁ	l-p---mn-	l-p---mn-	
960	μέν	g--------	μέν	μέν	d--------	g--------	
961	ἄλλος	p-p---mn-	ἄλλος	ἄλλος	p-p---mn-	p-p---mn-	
962	ὁ	l-p---mn-	ὁ	ὁ	l-p---mn-	l-p---mn-	
963	μετά	r--------	μετά	μετά	r--------	r--------	
964	οὗτος	p-s---mg-	οὗτος	οὗτος	p-s---mg-	p-s---mg-	
965	παροινέω	v-papamn-	παροινέω	παροινέω	v-papamn-	v-papamn-	
966	,	u--------	,	,	u--------	u--------	
967	ἐπειδή	c--------	ἐπεί	ἐπειδή	c--------	c--------	DISAGREE
968	ταχύς	a-p---nas	ταχύς	ταχύς	a-p---nas	a-p---nas	
969	ἐγώ	p-s---ca-	ἐγώ	ἐγώ	p1s---ma-	p-s---ca-	
970	ὁράω	v3paia---	εἶδον	ὁράω	v1saia---	v3paia---	DISAGREE
971	μετά	r--------	μετά	μετά	r--------	r--------	
972	οὗτος	p-p---na-	οὗτος	οὗτος	p-p---na-	p-p---na-	
973	,	u--------	,	,	u--------	u--------	
974	δέω	v3piim---	δέω2	δέω	v3piie---	v3piim---	
975	ἐγώ	p-s---cg-	ἐγώ	ἐγώ	p-s---mg-	p-s---cg-	
976	συγγνώμη	n-s---fa-	συγγνώμη	συγγνώμη	n-s---fa-	n-s---fa-	
977	ἔχω	v--pna---	ἔχω	ἔχω	v--pna---	v--pna---	
978	,	u--------	,	,	u--------	u--------	
979	οὐ	d--------	οὐ	οὐ	d--------	d--------	
980	ὡς	c--------	ὡς	ὡς	d--------	c--------	
981	ἀδικέω	v-pppmmn-	ἀδικέω	ἀδικέω	v-pppemn-	v-pppmmn-	
982	ἀλλά	c--------	ἀλλά	ἀλλά	c--------	c--------	
983	ὡς	c--------	ὡς	ὡς	d--------	c--------	
984	δεινός	a-p---na-	δεινός	δεινός	a-p---na-	a-p---na-	
985	ποιέω	v-prpamn-	ποιέω	ποιέω	v-prpamn-	v-prpamn-	
986	·	u--------	·	·	u--------	u--------	
987	καί	c--------	καί	καί	d--------	c--------	
988	ἐκ	r--------	ἐκ	ἐκ	r--------	r--------	
989	ἐκεῖνος	p-s---mg-	ἐκεῖνος	ἐκεῖνος	a-s---mg-	p-s---mg-	
990	ὁ	l-s---mg-	ὁ	ὁ	l-s---mg-	l-s---mg-	
991	χρόνος	n-s---mg-	χρόνος	χρόνος	n-s---mg-	n-s---mg-	
992	τέσσαρες	m-p---ng-	τέσσαρες	τέσσαρες	a-p---ng-	m-p---ng-	
993	ἔτος	n-p---ng-	ἔτος	ἔτος	n-p---ng-	n-p---ng-	
994	παρέρχομαι	v-prpang-	παρέρχομαι	παρέρχομαι	v-prpang-	v-prpang-	
995	οὐδείς	p-s---na-	οὐδείς	οὐδείς	p-s---na-	p-s---na-	
996	ἐγώ	p-s---cd-	ἐγώ	ἐγώ	p1s---md-	p-s---cd-	
997	πώποτε	d--------	πώποτε	πώποτε	d--------	d--------	
998	ἐγκαλέω	v3saia---	ἐγκαλέω	ἐγκαλέω	v3saia---	v3saia---	
999	οὐδείς	p-s---mn-	οὐδείς	οὐδείς	p-s---mn-	p-s---mn-	
1000	.	u--------	.	.	u--------	u--------	
1001	Σίμων	n-s---mn-	σίμων	Σίμων	n-s---mn-	n-s---mn-	
1002	δέ	c--------	δέ	δέ	d--------	c--------	
1003	οὗτος	p-s---mn-	οὗτος	οὗτος	a-s---mn-	p-s---mn-	
1004	,	u--------	,	,	u--------	u--------	
1005	πᾶς	p-p---ng-	πᾶς	πᾶς	a-p---ng-	p-p---ng-	
1006	ὁ	l-p---ng-	ὁ	ὁ	l-p---ng-	l-p---ng-	
1007	κακός	a-p---ng-	κακός	κακός	a-p---ng-	a-p---ng-	
1008	αἴτιος	a-s---mn-	αἴτιος	αἴτιος	a-s---mn-	a-s---mn-	
1009	γίγνομαι	v-sapmmn-	γίγνομαι	γίγνομαι	v-sapmmn-	v-sapmmn-	
1010	,	u--------	,	,	u--------	u--------	
1011	ὁ	l-s---ma-	ὁ	ὁ	l-s---ma-	l-s---ma-	
1012	μέν	g--------	μέν	μέν	d--------	g--------	
1013	ἄλλος	p-s---ma-	ἄλλος	ἄλλος	a-s---ma-	p-s---ma-	
1014	χρόνος	n-s---ma-	χρόνος	χρόνος	n-s---ma-	n-s---ma-	
1015	ἡσυχία	n-s---fa-	ἡσυχία	ἡσυχία	n-s---fa-	n-s---fa-	
1016	ἄγω	v3siia---	ἄγω	ἄγω	v3siia---	v3siia---	
1017	δείδω	v-srpamn-	δείδω	δείδω	v-srpamn-	v-srpamn-	
1018	περί	r--------	περί	περί	r--------	r--------	
1019	ἑαυτοῦ	p-s---mg-	ἑαυτοῦ	ἑαυτοῦ	p-s---mg-	p-s---mg-	
1020	,	u--------	,	,	u--------	u--------	
1021	ἐπειδή	c--------	ἐπεί	ἐπειδή	c--------	c--------	DISAGREE
1022	δέ	c--------	δέ	δέ	c--------	c--------	
1023	δίκη	n-p---fa-	δίκη	δίκη	n-p---fa-	n-p---fa-	
1024	ἴδιος	a-p---fa-	ἴδιος	ἴδιος	a-p---fa-	a-p---fa-	
1025	αἰσθάνομαι	v3saim---	αἰσθάνομαι	αἰσθάνομαι	v3saim---	v3saim---	
1026	κακός	d--------	κακός	κακός	d--------	d--------	
1027	ἀγωνίζομαι	v-sapmma-	ἀγωνίζομαι	ἀγωνίζομαι	v-sapmma-	v-sapmma-	
1028	ἐκ	r--------	ἐκ	ἐκ	r--------	r--------	
1029	ἀντίδοσις	n-s---fg-	ἀντίδοσις	ἀντίδοσις	n-s---fg-	n-s---fg-	
1030	,	u--------	,	,	u--------	u--------	
1031	καταφρονέω	v-sapamn-	καταφρονέω	καταφρονέω	v-sapamn-	v-sapamn-	
1032	ἐγώ	p-s---cg-	ἐγώ	ἐγώ	p1s---mg-	p-s---cg-	
1033	οὕτως	d--------	οὑτωσί	οὕτως	d--------	d--------	DISAGREE
1034	τολμηρός	d--------	τολμηρός	τολμηρός	d--------	d--------	
1035	εἰς	r--------	εἰς	εἰς	r--------	r--------	
1036	τοιοῦτος	p-s---ma-	τοιοῦτος	τοιοῦτος	a-s---ma-	p-s---ma-	
1037	ἀγών	n-s---ma-	ἀγών	ἀγών	n-s---ma-	n-s---ma-	
1038	ἐγώ	p-s---ca-	ἐγώ	ἐγώ	p-s---ma-	p-s---ca-	
1039	καθίστημι	v3saia---	καθίστημι	καθίστημι	v3saia---	v3saia---	
1040	.	u--------	.	.	u--------	u--------	
1041	ὡς	c--------	ὡς	ὡς	c--------	c--------	
1042	οὖν	g--------	οὖν	οὖν	d--------	g--------	
1043	καί	c--------	καί	καί	d--------	c--------	
1044	οὗτος	p-p---na-	οὗτος	οὗτος	p-p---na-	p-p---na-	
1045	ἀληθής	a-p---na-	ἀληθής	ἀληθής	a-p---na-	a-p---na-	
1046	λέγω	v1spia---	λέγω3	λέγω	v1spia---	v1spia---	
1047	,	u--------	,	,	u--------	u--------	
1048	οὗτος	p-p---ng-	οὗτος	οὗτος	p-p---ng-	p-p---ng-	
1049	σύ	p-p---cd-	σύ	σύ	p-p---md-	p-p---cd-	
1050	ὁ	l-p---ma-	ὁ	ὁ	l-p---ma-	l-p---ma-	
1051	παραγίγνομαι	v-papmma-	παραγίγνομαι	παραγίγνομαι	v-papmma-	v-papmma-	
1052	μάρτυς	n-p---ma-	μάρτυς	μάρτυς	n-p---ma-	n-p---ma-	
1053	παρέχω	v1sfim---	παρέχω	παρέχω	v1sfim---	v1sfim---	
1054	.	u--------	.	.	u--------	u--------	
1055	μάρτυς	n-p---mv-	μάρτυς		n-p---mv-		oga_only
1056	ὁ	l-p---na-	ὁ		l-p---na-		oga_only
1057	μέν	d--------	μέν		d--------		oga_only
1058	οὖν	d--------	οὖν		d--------		oga_only
1059	γίγνομαι	v-prpena-	γίγνομαι		v-prpena-		oga_only
1060	καί	c--------	καί	καί	d--------	c--------	
1061	ἐγώ	p1s---mg-	ἐγώ		p1s---mg-		oga_only
1062	καί	c--------	καί		c--------		oga_only
1063	ὁ	l-p---mg-	ὁ		l-p---mg-		oga_only
1064	μάρτυς	n-p---mg-	μάρτυς		n-p---mg-		oga_only
1065	ἀκούω	v2pria---	ἀκούω		v2pria---		oga_only
1066	·	u--------	·		u--------		oga_only
1067	βούλομαι	v1siie---	βούλομαι		v1siie---		oga_only
1068	δέ	d--------	δέ		d--------		oga_only
1069	ἄν	d--------	ἄν		d--------		oga_only
1070	,	u--------	,		u--------		oga_only
1071	ὦ	i--------	ὦ		i--------		oga_only
1072	βουλή	n-s---fv-	βουλή		n-s---fv-		oga_only
1073	,	u--------	,		u--------		oga_only
1074	σίμων	n-s---ma-	σίμων		n-s---ma-		oga_only
1075	ὁ	l-s---fa-	ὁ		l-s---fa-		oga_only
1076	αὐτός	a-s---fa-	αὐτός		a-s---fa-		oga_only
1077	γνώμη	n-s---fa-	γνώμη		n-s---fa-		oga_only
1078	ἐγώ	p1s---md-	ἐγώ		p1s---md-		oga_only
1079	ἔχω	v--pna---	ἔχω		v--pna---		oga_only
1080	,	u--------	,		u--------		oga_only
1081	ἵνα	c--------	ἵνα		c--------		oga_only
1082	ἀμφότερος	a-p---mg-	ἀμφότερος		a-p---mg-		oga_only
1083	ἐγώ	p1p---mg-	ἐγώ		p1p---mg-		oga_only
1084	ἀκούω	v-papamn-	ἀκούω		v-papamn-		oga_only
1085	ὁ	l-p---na-	ὁ		l-p---na-		oga_only
1086	ἀληθής	a-p---na-	ἀληθής		a-p---na-		oga_only
1087	ῥᾴδιος	d--------	ῥᾴδιος	ῥᾴδιος	d--------	d--------	
1088	γιγνώσκω	v2paia---	γιγνώσκω	γιγνώσκω	v2paia---	v2paia---	
1089	ὁ	l-p---na-	ὁ	ὁ	l-p---na-	l-p---na-	
1090	δίκαιος	a-p---na-	δίκαιος	δίκαιος	a-p---na-	a-p---na-	
1091	.	u--------	.	.	u--------	u--------	
1092	ἐπειδή	c--------	ἐπεί	ἐπειδή	c--------	c--------	DISAGREE
1093	δέ	c--------	δέ	δέ	d--------	c--------	
1094	αὐτός	p-s---md-	αὐτός	αὐτός	p-s---md-	p-s---md-	
1095	οὐδείς	p-s---nn-	οὐδείς	οὐδείς	p-s---nn-	p-s---nn-	
1096	μέλω	v3spia---	μέλω	μέλω	v3spia---	v3spia---	
1097	ὁ	l-p---mg-	ὁ	ὁ	l-p---mg-	l-p---mg-	
1098	ὅρκος	n-p---mg-	ὅρκος	ὅρκος	n-p---mg-	n-p---mg-	
1099	ὅς	p-p---mg-	ὅς	ὅς	p-p---mg-	p-p---mg-	
1100	ὄμνυμι	v3saim---	ὄμνυμι	ὄμνυμι	v3saim---	v3saim---	
1101	,	u--------	,	,	u--------	u--------	
1102	πειράω	v1sfim---	πειράω	πειράω	v1sfim---	v1sfim---	
1103	καί	c--------	καί	καί	d--------	c--------	
1104	περί	r--------	περί	περί	r--------	r--------	
1105	ὅς	p-p---ng-	ὅς	ὅς	p-p---ng-	p-p---ng-	
1106	οὗτος	p-s---mn-	οὗτος	οὗτος	p-s---mn-	p-s---mn-	
1107	ψεύδω	v3srim---	ψεύδω	ψεύδω	v3srie---	v3srim---	
1108	διδάσκω	v--pna---	διδάσκω	διδάσκω	v--pna---	v--pna---	
1109	σύ	p-p---ca-	σύ	σύ	p-p---ma-	p-p---ca-	
1110	.	u--------	.	.	u--------	u--------	
1111	τολμάω	v3saia---	τολμάω	τολμάω	v3saia---	v3saia---	
1112	γάρ	g--------	γάρ	γάρ	d--------	g--------	
1113	λέγω	v--ana---	εἶπον	λέγω	v--ana---	v--ana---	DISAGREE
1114	ὡς	c--------	ὡς	ὡς	c--------	c--------	
1115	αὐτός	p-s---mn-	αὐτός	αὐτός	p-s---mn-	p-s---mn-	
1116	μέν	g--------	μέν	μέν	d--------	g--------	
1117	τριακόσιοι	m-p---fa-	τριακόσιοι	τριακόσιοι	a-p---fa-	m-p---fa-	
1118	δραχμή	n-p---fa-	δραχμή	δραχμή	n-p---fa-	n-p---fa-	
1119	δίδωμι	v3saia---	δίδωμι	δίδωμι	v3saia---	v3saia---	
1120	Θεόδοτος	n-s---md-	θεόδοτος	Θεόδοτος	n-s---md-	n-s---md-	
1121	,	u--------	,	,	u--------	u--------	
1122	συνθήκη	n-p---fa-	συνθήκη	συνθήκη	n-p---fa-	n-p---fa-	
1123	πρός	r--------	πρός	πρός	r--------	r--------	
1124	αὐτός	p-s---ma-	αὐτός	αὐτός	p-s---ma-	p-s---ma-	
1125	ποιέω	v-sapmmn-	ποιέω	ποιέω	v-sapmmn-	v-sapmmn-	
1126	,	u--------	,	,	u--------	u--------	
1127	ἐγώ	p-s---cn-	ἐγώ	ἐγώ	p1s---mn-	p-s---cn-	
1128	δέ	c--------	δέ	δέ	c--------	c--------	
1129	ἐπιβουλεύω	v-sapamn-	ἐπιβουλεύω	ἐπιβουλεύω	v-sapamn-	v-sapamn-	
1130	ἀφίστημι	v1saia---	ἀφεστήξω	ἀφίστημι	v1saia---	v1saia---	DISAGREE
1131	αὐτός	p-s---mg-	αὐτός	αὐτός	p-s---mg-	p-s---mg-	
1132	ὁ	l-s---na-	ὁ	ὁ	l-s---na-	l-s---na-	
1133	μειράκιον	n-s---na-	μειράκιον	μειράκιον	n-s---na-	n-s---na-	
1134	.	u--------	.	.	u--------	u--------	
1135	καίτοι	g--------	καίτοι	καίτοι	d--------	g--------	
1136	χρή	v3siia---	χρή	χρή	v3siia---	v3siia---	
1137	αὐτός	p-s---ma-	αὐτός	αὐτός	p-s---ma-	p-s---ma-	
1138	,	u--------	,	,	u--------	u--------	
1139	εἴπερ	c--------	εἴπερ	εἴπερ	c--------	c--------	
1140	εἰμί	v3siia---	εἰμί	εἰμί	v3siia---	v3siia---	
1141	οὗτος	p-p---nn-	οὗτος	οὗτος	p-p---nn-	p-p---nn-	
1142	ἀληθής	a-p---nn-	ἀληθής	ἀληθής	a-p---nn-	a-p---nn-	
1143	,	u--------	,	,	u--------	u--------	
1144	παρακαλέω	v-sapama-	παρακαλέω	παρακαλέω	v-sapama-	v-sapama-	
1145	μάρτυς	n-p---ma-	μάρτυς	μάρτυς	n-p---ma-	n-p---ma-	
1146	ὡς	c--------	ὡς	ὡς	d--------	c--------	
1147	πολύς	a-p---mas	πλεῖστος	πολύς	a-p---mas	a-p---mas	DISAGREE
1148	κατά	r--------	κατά	κατά	r--------	r--------	
1149	ὁ	l-p---ma-	ὁ	ὁ	l-p---ma-	l-p---ma-	
1150	νόμος	n-p---ma-	νόμος	νόμος	n-p---ma-	n-p---ma-	
1151	διαπράσσω	v--pnm---	διαπράσσω	διαπράσσω	v--pne---	v--pnm---	
1152	περί	r--------	περί	περί	r--------	r--------	
1153	αὐτός	p-p---ng-	αὐτός	αὐτός	p-p---ng-	p-p---ng-	
1154	.	u--------	.	.	u--------	u--------	
1155	οὗτος	p-s---mn-	οὗτος	οὗτος	p-s---mn-	p-s---mn-	
1156	δέ	c--------	δέ	δέ	d--------	c--------	
1157	τοιοῦτος	p-s---na-	τοιοῦτος	τοιοῦτος	p-s---na-	p-s---na-	
1158	οὐδείς	p-s---na-	οὐδείς	οὐδείς	p-s---na-	p-s---na-	
1159	πώποτε	d--------	πώποτε	πώποτε	d--------	d--------	
1160	φαίνω	v3spim---	φαίνω	φαίνω	v3spie---	v3spim---	
1161	ποιέω	v-sapamn-	ποιέω	ποιέω	v-sapamn-	v-sapamn-	
1162	,	u--------	,	,	u--------	u--------	
1163	ὑβρίζω	v-sppamn-	ὑβρίζω	ὑβρίζω	v-sppamn-	v-sppamn-	
1164	δέ	c--------	δέ	δέ	d--------	c--------	
1165	καί	c--------	καί	καί	d--------	c--------	
1166	τύπτω	v-sppamn-	τύπτω	τύπτω	v-sppamn-	v-sppamn-	
1167	ἀμφότερος	a-p---ma-	ἀμφότερος	ἀμφότερος	a-p---ma-	a-p---ma-	
1168	ἐγώ	p-p---ca-	ἐγώ	ἐγώ	p-p---ma-	p-p---ca-	
1169	καί	c--------	καί	καί	d--------	c--------	
1170	κωμάζω	v-sppamn-	κωμάζω	κωμάζω	v-sppamn-	v-sppamn-	
1171	καί	c--------	καί	καί	d--------	c--------	
1172	ὁ	l-p---fa-	ὁ	ὁ	l-p---fa-	l-p---fa-	
1173	θύρα	n-p---fa-	θύρα	θύρα	n-p---fa-	n-p---fa-	
1174	ἐκβάλλω	v-sppamn-	ἐκβάλλω	ἐκβάλλω	v-sppamn-	v-sppamn-	
1175	καί	c--------	καί	καί	c--------	c--------	
1176	νύκτωρ	d--------	νύκτωρ	νύκτωρ	d--------	d--------	
1177	εἰσέρχομαι	v-sppamn-	εἴσειμι	εἰσέρχομαι	v-sppamn-	v-sppamn-	DISAGREE
1178	ἐπί	r--------	ἐπί	ἐπί	r--------	r--------	
1179	γυνή	n-p---fa-	γυνή	γυνή	n-p---fa-	n-p---fa-	
1180	ἐλεύθερος	a-p---fa-	ἐλεύθερος	ἐλεύθερος	a-p---fa-	a-p---fa-	
1181	.	u--------	.	.	u--------	u--------	
1182	ὅς	p-p---na-	ὅς	ὅς	p-p---na-	p-p---na-	
1183	χρή	v3spia---	χρή	χρή	v3spia---	v3spia---	
1184	μάλα	d-------s	μάλιστα	μάλα	d-------s	d-------s	DISAGREE
1185	,	u--------	,	,	u--------	u--------	
1186	ὦ	i--------	ὦ	ὦ	i--------	i--------	
1187	βουλή	n-s---fv-	βουλή	βουλή	n-s---fv-	n-s---fv-	
1188	,	u--------	,	,	u--------	u--------	
1189	τεκμήριον	n-p---na-	τεκμήριον	τεκμήριον	n-p---na-	n-p---na-	
1190	νομίζω	v--pna---	νομίζω	νομίζω	v--pna---	v--pna---	
1191	ὅτι	c--------	ὅτι	ὅτι	c--------	c--------	
1192	ψεύδω	v3spim---	ψεύδω	ψεύδω	v3spie---	v3spim---	
1193	πρός	r--------	πρός	πρός	r--------	r--------	
1194	σύ	p-p---ca-	σύ	σύ	p-p---ma-	p-p---ca-	
1195	.	u--------	.	.	u--------	u--------	
1196	σκοπέω	v2pamm---	σκέπτομαι	σκοπέω	v2pame---	v2pamm---	DISAGREE
1197	δέ	c--------	δέ	δέ	d--------	c--------	
1198	ὡς	c--------	ὡς	ὡς	c--------	c--------	
1199	ἄπιστος	a-p---na-	ἄπιστος	ἄπιστος	a-p---na-	a-p---na-	
1200	λέγω	v3sria---	ἐρῶ	λέγω	v3sria---	v3sria---	DISAGREE
1201	.	u--------	.	.	u--------	u--------	
1202	ὁ	l-s---fa-	ὁ	ὁ	l-s---fa-	l-s---fa-	
1203	γάρ	g--------	γάρ	γάρ	d--------	g--------	
1204	οὐσία	n-s---fa-	οὐσία	οὐσία	n-s---fa-	n-s---fa-	
1205	ὁ	l-s---fa-	ὁ	ὁ	l-s---fa-	l-s---fa-	
1206	ἑαυτοῦ	p-s---mg-	ἑαυτοῦ	ἑαυτοῦ	p-s---mg-	p-s---mg-	
1207	ἅπας	p-s---fa-	ἅπας	ἅπας	a-s---fa-	p-s---fa-	
1208	πεντήκοντα	m--------	πεντήκοντα	πεντήκοντα	a--------	m--------	
1209	καί	c--------	καί	καί	c--------	c--------	
1210	διακόσιοι	m-p---fg-	διακόσιοι	διακόσιοι	a-p---fg-	m-p---fg-	
1211	δραχμή	n-p---fg-	δραχμή	δραχμή	n-p---fg-	n-p---fg-	
1212	τιμάω	v3saim---	τιμάω	τιμάω	v3saim---	v3saim---	
1213	.	u--------	.	.	u--------	u--------	
1214	καίτοι	g--------	καίτοι	καίτοι	d--------	g--------	
1215	θαυμαστός	a-s---nn-	θαυμαστός	θαυμαστός	a-s---nn-	a-s---nn-	
1216	εἰ	c--------	εἰ	εἰ	c--------	c--------	
1217	ὁ	l-s---ma-	ὁ	ὁ	l-s---ma-	l-s---ma-	
1218	ἑταιρέω	v-sfpama-	ἑταιρέω	ἑταιρέω	v-sfpama-	v-sfpama-	
1219	πολύς	a-p---ngc	πλείων	πολύς	a-p---ngc	a-p---ngc	DISAGREE
1220	μισθόω	v3saim---	μισθόω	μισθόω	v3saim---	v3saim---	
1221	ὅς	p-p---ng-	ὅς	ὅς	p-p---ng-	p-p---ng-	
1222	αὐτός	p-s---mn-	αὐτός	αὐτός	p-s---mn-	p-s---mn-	
1223	τυγχάνω	v3spia---	τυγχάνω	τυγχάνω	v3spia---	v3spia---	
1224	κτάομαι	v-srpmmn-	κτάομαι	κτάομαι	v-srpemn-	v-srpmmn-	
1225	.	u--------	.	.	u--------	u--------	
1226	εἰς	r--------	εἰς	εἰς	r--------	r--------	
1227	οὗτος	p-s---na-	οὗτος	οὗτος	p-s---na-	p-s---na-	
1228	δέ	c--------	δέ	δέ	d--------	c--------	
1229	ἥκω	v3spia---	ἥκω	ἥκω	v3spia---	v3spia---	
1230	τόλμα	n-s---fg-	τόλμα	τόλμα	n-s---fg-	n-s---fg-	
1231	ὥστε	c--------	ὥστε	ὥστε	c--------	c--------	
1232	οὐ	d--------	οὐ	οὐ	d--------	d--------	
1233	ἐξαρκέω	v3spia---	ἐξαρκέω	ἐξαρκέω	v3spia---	v3spia---	
1234	περί	r--------	περί	περί	r--------	r--------	
1235	οὗτος	p-s---ng-	οὗτος	οὗτος	p-s---ng-	p-s---ng-	
1236	μόνος	d--------	μόνος	μόνος	a-s---na-	d--------	
1237	αὐτός	p-s---md-	αὐτός	αὐτός	p-s---md-	p-s---md-	
1238	ψεύδω	v--anm---	ψεύδω	ψεύδω	v--anm---	v--anm---	
1239	,	u--------	,	,	u--------	u--------	
1240	περί	r--------	περί	περί	r--------	r--------	
1241	ὁ	l-s---ng-	ὁ	ὁ	l-s---ng-	l-s---ng-	
1242	δίδωμι	v--rna---	δίδωμι	δίδωμι	v--rna---	v--rna---	
1243	ὁ	l-s---na-	ὁ	ὁ	l-s---na-	l-s---na-	
1244	ἀργύριον	n-s---na-	ἀργύριον	ἀργύριον	n-s---na-	n-s---na-	
1245	,	u--------	,	,	u--------	u--------	
1246	ἀλλά	c--------	ἀλλά	ἀλλά	c--------	c--------	
1247	καί	c--------	καί	καί	d--------	c--------	
1248	κομίζω	v--rnm---	κομίζω	κομίζω	v--rne---	v--rnm---	
1249	φημί	v3spia---	φημί	φημί	v3spia---	v3spia---	
1250	·	u--------	·	·	u--------	u--------	
1251	καίτοι	g--------	καίτοι	καίτοι	d--------	g--------	
1252	πῶς	d--------	πῶς	πῶς	d--------	d--------	
1253	ἔοικα	v-srpann-	εἰκός	ἔοικα	v-srpann-	v-srpann-	DISAGREE
1254	εἰμί	v3spia---	εἰμί	εἰμί	v3spia---	v3spia---	
1255	τότε	d--------	τότε	τότε	d--------	d--------	
1256	μέν	g--------	μέν	μέν	d--------	g--------	
1257	ἐγώ	p-p---ca-	ἐγώ	ἐγώ	p1p---ma-	p-p---ca-	
1258	τοιοῦτος	p-p---na-	τοιοῦτος	τοιοῦτος	p-p---na-	p-p---na-	
1259	ἐξαμαρτάνω	v--pna---	ἐξαμαρτάνω	ἐξαμαρτάνω	v--pna---	v--pna---	
1260	οἷος	p-p---na-	οἷος	οἷος	a-p---na-	p-p---na-	
1261	κατηγορέω	v3sria---	κατηγορέω	κατηγορέω	v3sria---	v3sria---	
1262	οὗτος	p-s---mn-	οὗτος	οὗτος	p-s---mn-	p-s---mn-	
1263	,	u--------	,	,	u--------	u--------	
1264	ἀποστερέω	v--ana---	ἀποστερέω	ἀποστερέω	v--ana---	v--ana---	
1265	βούλομαι	v-pppmma-	βούλομαι	βούλομαι	v-pppema-	v-pppmma-	
1266	ὁ	l-p---fa-	ὁ	ὁ	l-p---fa-	l-p---fa-	
1267	τριακόσιοι	m-p---fa-	τριακόσιοι	τριακόσιοι	a-p---fa-	m-p---fa-	
1268	δραχμή	n-p---fa-	δραχμή	δραχμή	n-p---fa-	n-p---fa-	
1269	,	u--------	,	,	u--------	u--------	
1270	ἐπειδή	c--------	ἐπεί	ἐπειδή	c--------	c--------	DISAGREE
1271	δέ	c--------	δέ	δέ	c--------	c--------	
1272	ἀπομάχομαι	v1paim---	ἀπομαχέομαι	ἀπομάχομαι	v1paim---	v1paim---	DISAGREE
1273	,	u--------	,	,	u--------	u--------	
1274	τηνικαῦτα	d--------	τηνικαῦτα	τηνικαῦτα	d--------	d--------	
1275	ἀποδίδωμι	v--ana---	ἀποδίδωμι	ἀποδίδωμι	v--ana---	v--ana---	
1276	ὁ	l-s---na-	ὁ	ὁ	l-s---na-	l-s---na-	
1277	ἀργύριον	n-s---na-	ἀργύριον	ἀργύριον	n-s---na-	n-s---na-	
1278	αὐτός	p-s---md-	αὐτός	αὐτός	p-s---md-	p-s---md-	
1279	,	u--------	,	,	u--------	u--------	
1280	μή	d--------	μή	μή	d--------	d--------	
1281	τε	d--------	τε		d--------		oga_only
1282	ἀφίημι	v-prpmma-	ἀφίημι	ἀφίημι	v-pppema-	v-prpmma-	
1283	ὁ	l-p---ng-	ὁ	ὁ	l-p---ng-	l-p---ng-	
1284	ἔγκλημα	n-p---ng-	ἔγκλημα	ἔγκλημα	n-p---ng-	n-p---ng-	
1285	μή	d--------	μή	μή	d--------	d--------	
1286	τε	c--------	τε		c--------		oga_only
1287	ἀνάγκη	n-s---fg-	ἀνάγκη	ἀνάγκη	n-s---fg-	n-s---fg-	
1288	ἐγώ	p-p---cd-	ἐγώ	ἐγώ	p1p---md-	p-p---cd-	
1289	μηδείς	p-s---fg-	μηδείς	μηδείς	a-s---fg-	p-s---fg-	
1290	γίγνομαι	v-sapmfg-	γίγνομαι	γίγνομαι	v-sapmfg-	v-sapmfg-	
1291	;	u--------	;	;	u--------	u--------	
1292	ἀλλά	c--------	ἀλλά	ἀλλά	d--------	c--------	
1293	γάρ	g--------	γάρ	γάρ	d--------	g--------	
1294	,	u--------	,	,	u--------	u--------	
1295	ὦ	i--------	ὦ	ὦ	i--------	i--------	
1296	βουλή	n-s---fv-	βουλή	βουλή	n-s---fv-	n-s---fv-	
1297	,	u--------	,	,	u--------	u--------	
1298	πᾶς	p-p---nn-	πᾶς	πᾶς	a-p---nn-	p-p---nn-	
1299	αὐτός	p-s---md-	αὐτός	αὐτός	p-s---md-	p-s---md-	
1300	οὗτος	p-p---nn-	οὗτος	οὗτος	p-p---nn-	p-p---nn-	
1301	σύγκειμαι	v3spim---	σύγκειμαι	σύγκειμαι	v3spie---	v3spim---	
1302	καί	c--------	καί	καί	c--------	c--------	
1303	μηχανάομαι	v3srim---	μηχανάομαι	μηχανάομαι	v3srie---	v3srim---	
1304	,	u--------	,	,	u--------	u--------	
1305	καί	c--------	καί	καί	c--------	c--------	
1306	δίδωμι	v--ana---	δίδωμι	δίδωμι	v--ana---	v--ana---	
1307	μέν	g--------	μέν	μέν	d--------	g--------	
1308	φημί	v3spia---	φημί	φημί	v3spia---	v3spia---	
1309	,	u--------	,	,	u--------	u--------	
1310	ἵνα	c--------	ἵνα	ἵνα	c--------	c--------	
1311	μή	d--------	μή	μή	d--------	d--------	
1312	δοκέω	v3spsa---	δοκέω	δοκέω	v3spsa---	v3spsa---	
1313	δεινός	a-p---na-	δεινός	δεινός	a-p---na-	a-p---na-	
1314	ποιέω	v--pna---	ποιέω	ποιέω	v--pna---	v--pna---	
1315	,	u--------	,	,	u--------	u--------	
1316	εἰ	c--------	εἰ	εἰ	c--------	c--------	
1317	μηδείς	p-s---ng-	μηδείς	μηδείς	a-s---ng-	p-s---ng-	
1318	αὐτός	p-s---md-	αὐτός	αὐτός	p-s---md-	p-s---md-	
1319	συμβόλαιον	n-s---ng-	συμβόλαιον	συμβόλαιον	n-s---ng-	n-s---ng-	
1320	γίγνομαι	v-srpmng-	γίγνομαι	γίγνομαι	v-srpeng-	v-srpmng-	
1321	τοιοῦτος	p-p---na-	τοιοῦτος	τοιοῦτος	a-p---na-	p-p---na-	
1322	τολμάω	v3siia---	τολμάω	τολμάω	v3siia---	v3siia---	
1323	ὑβρίζω	v--pna---	ὑβρίζω	ὑβρίζω	v--pna---	v--pna---	
1324	ὁ	l-s---na-	ὁ	ὁ	l-s---na-	l-s---na-	
1325	μειράκιον	n-s---na-	μειράκιον	μειράκιον	n-s---na-	n-s---na-	
1326	,	u--------	,	,	u--------	u--------	
1327	ἀπολαμβάνω	v--rna---	ἀπολαμβάνω	ἀπολαμβάνω	v--rna---	v--rna---	
1328	δέ	c--------	δέ	δέ	c--------	c--------	
1329	προσποιέω	v3spim---	προσποιέω	προσποιέω	v3spie---	v3spim---	
1330	,	u--------	,	,	u--------	u--------	
1331	διότι	c--------	διότι	διότι	c--------	c--------	
1332	φανερός	a-s---mn-	φανερός	φανερός	a-s---mn-	a-s---mn-	
1333	εἰμί	v3spia---	εἰμί	εἰμί	v3spia---	v3spia---	
1334	ἐγκαλέω	v-sapamn-	ἐγκαλέω	ἐγκαλέω	v-sapamn-	v-sapamn-	
1335	οὐδέποτε	d--------	οὐδέποτε	οὐδέποτε	d--------	d--------	
1336	ἀργύριον	n-s---na-	ἀργύριον	ἀργύριον	n-s---na-	n-s---na-	
1337	οὐ	d--------	οὐ	οὐ	d--------	d--------	
1338	δέ	c--------	δέ		c--------		oga_only
1339	μνεία	n-s---fa-	μνεία	μνεία	n-s---fa-	n-s---fa-	
1340	περί	r--------	περί	περί	r--------	r--------	
1341	οὗτος	p-s---ng-	οὗτος	οὗτος	p-s---mg-	p-s---ng-	
1342	οὐδείς	p-s---fa-	οὐδείς	οὐδείς	a-s---fa-	p-s---fa-	
1343	ποιέω	v-sapmmn-	ποιέω	ποιέω	v-sapmmn-	v-sapmmn-	
1344	.	u--------	.	.	u--------	u--------	
1345	φημί	v3spia---	φημί	φημί	v3spia---	v3spia---	
1346	δέ	c--------	δέ	δέ	d--------	c--------	
1347	ἐπί	r--------	ἐπί	ἐπί	r--------	r--------	
1348	ὁ	l-p---fd-	ὁ	ὁ	l-p---fd-	l-p---fd-	
1349	ἑαυτοῦ	p-s---mg-	ἑαυτοῦ	ἑαυτοῦ	p-s---mg-	p-s---mg-	
1350	θύρα	n-p---fd-	θύρα	θύρα	n-p---fd-	n-p---fd-	
1351	ὑπό	r--------	ὑπό	ὑπό	r--------	r--------	
1352	ἐγώ	p-s---cg-	ἐγώ	ἐγώ	p-s---mg-	p-s---cg-	
1353	δεινός	d--------	δεινός	δεινός	d--------	d--------	
1354	διατίθημι	v--anp---	διατίθημι	διατίθημι	v--anp---	v--anp---	
1355	τύπτω	v-sppmmn-	τύπτω	τύπτω	v-sppemn-	v-sppmmn-	
1356	.	u--------	.	.	u--------	u--------	
1357	φαίνω	v3spim---	φαίνω	φαίνω	v3spie---	v3spim---	
1358	δέ	c--------	δέ	δέ	d--------	c--------	
1359	πλέω	v--pna---	πλέω	πλέω	v--pna---	v--pna---	
1360	ἤ	c--------	ἤ1	ἤ	c--------	c--------	
1361	τέσσαρες	m-p---na-	τέσσαρες	τέσσαρες	a-p---na-	m-p---na-	
1362	στάδιον	n-p---na-	στάδιον	στάδιον	n-p---na-	n-p---na-	
1363	ἀπό	r--------	ἀπό	ἀπό	r--------	r--------	
1364	ὁ	l-s---fg-	ὁ	ὁ	l-s---fg-	l-s---fg-	
1365	οἰκία	n-s---fg-	οἰκία	οἰκία	n-s---fg-	n-s---fg-	
1366	διώκω	v-sapamn-	διώκω	διώκω	v-sapamn-	v-sapamn-	
1367	ὁ	l-s---na-	ὁ	ὁ	l-s---na-	l-s---na-	
1368	μειράκιον	n-s---na-	μειράκιον	μειράκιον	n-s---na-	n-s---na-	
1369	οὐδείς	p-s---na-	οὐδείς	οὐδείς	p-s---na-	p-s---na-	
1370	κακός	a-s---na-	κακός	κακός	a-s---na-	a-s---na-	
1371	ἔχω	v-sppamn-	ἔχω	ἔχω	v-sppamn-	v-sppamn-	
1372	,	u--------	,	,	u--------	u--------	
1373	καί	c--------	καί	καί	c--------	c--------	
1374	οὗτος	p-p---na-	οὗτος	οὗτος	p-p---na-	p-p---na-	
1375	πλέω	v--pna---	πλέω	πλέω	a-s---nn-	v--pna---	
1376	ἤ	c--------	ἤ1	ἤ	c--------	c--------	
1377	διακόσιοι	m-p---mg-	διακόσιοι	διακόσιοι	a-p---mg-	m-p---mg-	
1378	ὁράω	v-papamg-	εἶδον	ὁράω	v-papamg-	v-papamg-	DISAGREE
1379	ἄνθρωπος	n-p---mg-	ἄνθρωπος	ἄνθρωπος	n-p---mg-	n-p---mg-	
1380	ἔξαρνος	a-s---mn-	ἔξαρνος	ἔξαρνος	v-srpann-	a-s---mn-	
1381	εἰμί	v3spia---	εἰμί	εἰμί	v3spia---	v3spia---	
1382	.	u--------	.	.	u--------	u--------	
1383	λέγω	v3spia---	λέγω3	λέγω	v3spia---	v3spia---	
1384	δέ	c--------	δέ	δέ	d--------	c--------	
1385	ὡς	c--------	ὡς	ὡς	c--------	c--------	
1386	ἐγώ	p-p---cn-	ἐγώ	ἐγώ	p1p---mn-	p-p---cn-	
1387	ἔρχομαι	v1paia---	ἔρχομαι	ἔρχομαι	v1paia---	v1paia---	
1388	ἐπί	r--------	ἐπί	ἐπί	r--------	r--------	
1389	ὁ	l-s---fa-	ὁ	ὁ	l-s---fa-	l-s---fa-	
1390	οἰκία	n-s---fa-	οἰκία	οἰκία	n-s---fa-	n-s---fa-	
1391	ὁ	l-s---fa-	ὁ	ὁ	l-s---fa-	l-s---fa-	
1392	οὗτος	p-s---mg-	οὗτος	οὗτος	p-s---mg-	p-s---mg-	
1393	ὄστρακον	n-s---na-	ὄστρακον	ὄστρακον	n-s---na-	n-s---na-	
1394	ἔχω	v-pppamn-	ἔχω	ἔχω	v-pppamn-	v-pppamn-	
1395	,	u--------	,	,	u--------	u--------	
1396	καί	c--------	καί	καί	c--------	c--------	
1397	ὡς	c--------	ὡς	ὡς	c--------	c--------	
1398	ἀπειλέω	v1siia---	ἀπειλέω	ἀπειλέω	v1siia---	v1siia---	
1399	αὐτός	p-s---md-	αὐτός	αὐτός	p-s---md-	p-s---md-	
1400	ἐγώ	p-s---cn-	ἐγώ	ἐγώ	p1s---mn-	p-s---cn-	
1401	ἀποκτείνω	v--fna---	ἀποκτείνω	ἀποκτείνω	v--fna---	v--fna---	
1402	,	u--------	,	,	u--------	u--------	
1403	καί	c--------	καί	καί	c--------	c--------	
1404	ὡς	c--------	ὡς	ὡς	c--------	c--------	
1405	οὗτος	p-s---nn-	οὗτος	οὗτος	p-s---nn-	p-s---nn-	
1406	εἰμί	v3spia---	εἰμί	εἰμί	v3spia---	v3spia---	
1407	ὁ	l-s---fn-	ὁ	ὁ	l-s---fn-	l-s---fn-	
1408	πρόνοια	n-s---fn-	πρόνοια	πρόνοια	n-s---fn-	n-s---fn-	
1409	.	u--------	.	.	u--------	u--------	
1410	ἐγώ	p-s---cn-	ἐγώ	ἐγώ	p1s---mn-	p-s---cn-	
1411	δέ	c--------	δέ	δέ	d--------	c--------	
1412	ἡγέομαι	v1spim---	ἡγέομαι	ἡγέομαι	v1spie---	v1spim---	
1413	,	u--------	,	,	u--------	u--------	
1414	ὦ	i--------	ὦ	ὦ	i--------	i--------	
1415	βουλή	n-s---fv-	βουλή	βουλή	n-s---fv-	n-s---fv-	
1416	,	u--------	,	,	u--------	u--------	
1417	ῥᾴδιος	a-s---na-	ῥᾴδιος	ῥᾴδιος	a-s---na-	a-s---na-	
1418	εἰμί	v--pna---	εἰμί	εἰμί	v--pna---	v--pna---	
1419	γιγνώσκω	v--ana---	γιγνώσκω	γιγνώσκω	v--ana---	v--ana---	
1420	ὅτι	c--------	ὅτι	ὅτι	c--------	c--------	
1421	ψεύδω	v3spim---	ψεύδω	ψεύδω	v3spie---	v3spim---	
1422	,	u--------	,	,	u--------	u--------	
1423	οὐ	d--------	οὐ	οὐ	d--------	d--------	
1424	μόνος	d--------	μόνος	μόνος	a-s---na-	d--------	
1425	σύ	p-p---cd-	σύ	σύ	p-p---md-	p-p---cd-	
1426	ὁ	l-p---md-	ὁ	ὁ	l-p---md-	l-p---md-	
1427	εἴωθα	v-prpamd-	ἐθέλω	εἴωθα	v-prpamd-	v-prpamd-	DISAGREE
1428	σκοπέω	v--pnm---	σκοπέω	σκοπέω	v--pne---	v--pnm---	
1429	περί	r--------	περί	περί	r--------	r--------	
1430	ὁ	l-p---ng-	ὁ	ὁ	l-p---ng-	l-p---ng-	
1431	τοιοῦτος	p-p---ng-	τοιοῦτος	τοιοῦτος	p-p---ng-	p-p---ng-	
1432	,	u--------	,	,	u--------	u--------	
1433	ἀλλά	c--------	ἀλλά	ἀλλά	c--------	c--------	
1434	καί	c--------	καί	καί	d--------	c--------	
1435	ὁ	l-p---md-	ὁ	ὁ	l-p---md-	l-p---md-	
1436	ἄλλος	p-p---md-	ἄλλος	ἄλλος	p-p---md-	p-p---md-	
1437	ἅπας	p-p---md-	ἅπας	ἅπας	a-p---md-	p-p---md-	
1438	.	u--------	.	.	u--------	u--------	
1439	τίς	p-s---cd-	ὁ	τίς	l-s---md-	p-s---cd-	DISAGREE
1440	γάρ	g--------	γάρ	γάρ	d--------	g--------	
1441	ἄν	g--------	ἄν	ἄν	d--------	g--------	
1442	δοκέω	v3saoa---	δοκέω	δοκέω	v3saoa---	v3saoa---	
1443	πιστός	a-s---nn-	πιστός1	πιστός	a-s---nn-	a-s---nn-	
1444	ὡς	c--------	ὡς	ὡς	c--------	c--------	
1445	ἐγώ	p-s---cn-	ἐγώ	ἐγώ	p1s---mn-	p-s---cn-	
1446	προνοέω	v-sappmn-	προνοοῦμαι	προνοέω	v-sappmn-	v-sappmn-	DISAGREE
1447	καί	c--------	καί	καί	c--------	c--------	
1448	ἐπιβουλεύω	v-sppamn-	ἐπιβουλεύω	ἐπιβουλεύω	v-sppamn-	v-sppamn-	
1449	ἔρχομαι	v1saia---	ἔρχομαι	ἔρχομαι	v1saia---	v1saia---	
1450	ἐπί	r--------	ἐπί	ἐπί	r--------	r--------	
1451	ὁ	l-s---fa-	ὁ	ὁ	l-s---fa-	l-s---fa-	
1452	Σίμων	n-s---mg-	σίμων	Σίμων	n-s---mg-	n-s---mg-	
1453	οἰκία	n-s---fa-	οἰκία	οἰκία	n-s---fa-	n-s---fa-	
1454	μετά	r--------	μετά	μετά	r--------	r--------	
1455	ἡμέρα	n-s---fa-	ἡμέρα	ἡμέρα	n-s---fa-	n-s---fa-	
1456	,	u--------	,	,	u--------	u--------	
1457	μετά	r--------	μετά	μετά	r--------	r--------	
1458	ὁ	l-s---ng-	ὁ	ὁ	l-s---ng-	l-s---ng-	
1459	μειράκιον	n-s---ng-	μειράκιον	μειράκιον	n-s---ng-	n-s---ng-	
1460	,	u--------	,	,	u--------	u--------	
1461	τοσοῦτος	p-p---mg-	τοσοῦτος	τοσοῦτος	a-p---mg-	p-p---mg-	
1462	ἄνθρωπος	n-p---mg-	ἄνθρωπος	ἄνθρωπος	n-p---mg-	n-p---mg-	
1463	παρά	r--------	παρά	παρά	r--------	r--------	
1464	αὐτός	p-s---md-	αὐτός	αὐτός	p-s---md-	p-s---md-	
1465	συλλέγω	v-prpmmg-	συλλέγω	συλλέγω	v-prpemg-	v-prpmmg-	
1466	,	u--------	,	,	u--------	u--------	
1467	εἰ	c--------	εἰ	εἰ	c--------	c--------	
1468	μή	d--------	μή	μή	d--------	d--------	
1469	εἰς	r--------	εἰς	εἰς	r--------	r--------	
1470	οὗτος	p-s---na-	οὗτος	οὗτος	p-s---na-	p-s---na-	
1471	μανία	n-s---fg-	μανία	μανία	n-s---fg-	n-s---fg-	
1472	ἀφικνέομαι	v1saim---	ἀφικνέομαι	ἀφικνέομαι	v1saim---	v1saim---	
1473	ὥστε	c--------	ὥστε	ὥστε	c--------	c--------	
1474	ἐπιθυμέω	v--pna---	ἐπιθυμέω	ἐπιθυμέω	v--pna---	v--pna---	
1475	εἷς	m-s---mn-	εἷς	εἷς	a-s---mn-	m-s---mn-	
1476	εἰμί	v-sppamn-	εἰμί	εἰμί	v-sppamn-	v-sppamn-	
1477	πολύς	a-p---md-	πολύς	πολύς	a-p---md-	a-p---md-	
1478	μάχομαι	v--pnm---	μάχομαι	μάχομαι	v--pne---	v--pnm---	
1479	,	u--------	,	,	u--------	u--------	
1480	ἄλλος	d--------	ἄλλως	ἄλλος	d--------	d--------	DISAGREE
1481	τε	c--------	τε	τε	d--------	c--------	
1482	καί	c--------	καί	καί	c--------	c--------	
1483	οἶδα	v-srpamn-	οἶδα	οἶδα	v-srpamn-	v-srpamn-	
1484	ὅτι	c--------	ὅτι	ὅτι	c--------	c--------	
1485	ἄσμενος	d--------	ἄσμενος	ἄσμενος	d--------	d--------	
1486	ἄν	g--------	ἄν	ἄν	d--------	g--------	
1487	ἐγώ	p-s---ca-	ἐγώ	ἐγώ	p1s---ca-	p-s---ca-	
1488	ὁράω	v3saia---	ὁράω	ὁράω	v3saia---	v3saia---	
1489	ἐπί	r--------	ἐπί	ἐπί	r--------	r--------	
1490	ὁ	l-p---fd-	ὁ	ὁ	l-p---fd-	l-p---fd-	
1491	θύρα	n-p---fd-	θύρα	θύρα	n-p---fd-	n-p---fd-	
1492	ὁ	l-p---fd-	ὁ	ὁ	l-p---fd-	l-p---fd-	
1493	ἑαυτοῦ	p-s---mg-	ἑαυτοῦ	ἑαυτοῦ	p-s---mg-	p-s---mg-	
1494	,	u--------	,	,	u--------	u--------	
1495	ὅς	p-s---mn-	ὅς	ὅς	p-s---mn-	p-s---mn-	
1496	καί	c--------	καί	καί	d--------	c--------	
1497	ἐπί	r--------	ἐπί	ἐπί	r--------	r--------	
1498	ὁ	l-s---fa-	ὁ	ὁ	l-s---fa-	l-s---fa-	
1499	ἐμός	a-s---fa-	ἐμός	ἐμός	a-s---fa-	a-s---fa-	
1500	οἰκία	n-s---fa-	οἰκία	οἰκία	n-s---fa-	n-s---fa-	
1501	φοιτάω	v-sppamn-	φοιτάω	φοιτάω	v-sppamn-	v-sppamn-	
1502	εἰσέρχομαι	v3siia---	εἰσέρχομαι	εἰσέρχομαι	v3siia---	v3siia---	
1503	βία	n-s---fd-	βία	βία	n-s---fd-	n-s---fd-	
1504	,	u--------	,	,	u--------	u--------	
1505	καί	c--------	καί	καί	c--------	c--------	
1506	οὐ	d--------	οὐ	οὐ	d--------	d--------	
1507	τε	d--------	τε		d--------		oga_only
1508	ὁ	l-s---fg-	ὁ	ὁ	l-s---fg-	l-s---fg-	
1509	ἀδελφή	n-s---fg-	ἀδελφή	ἀδελφή	n-s---fg-	n-s---fg-	
1510	οὐ	d--------	οὐ	οὐ	d--------	d--------	
1511	τε	c--------	τε		c--------		oga_only
1512	ὁ	l-p---mg-	ὁ	ὁ	l-p---mg-	l-p---mg-	
1513	ἀδελφιδέος	n-p---mg-	ἀδελφιδέος	ἀδελφιδέος	n-p---mg-	n-p---mg-	
1514	φροντίζω	v-sapamn-	φροντίζω	φροντίζω	v-sapamn-	v-sapamn-	
1515	ζητέω	v--pna---	ζητέω	ζητέω	v--pna---	v--pna---	
1516	ἐγώ	p-s---ca-	ἐγώ	ἐγώ	p1s---ca-	p-s---ca-	
1517	τολμάω	v3siia---	τολμάω	τολμάω	v3siia---	v3siia---	
1518	,	u--------	,	,	u--------	u--------	
1519	καί	c--------	καί	καί	c--------	c--------	
1520	ἐξευρίσκω	v-sapamn-	ἐξευρίσκω	ἐξευρίσκω	v-sapamn-	v-sapamn-	
1521	οὗ	d--------	ὅς	οὗ	d--------	d--------	DISAGREE
1522	δειπνέω	v-sppamn-	δειπνέω	δειπνέω	v-sppamn-	v-sppamn-	
1523	τυγχάνω	v1siia---	τυγχάνω	τυγχάνω	v1siia---	v1siia---	
1524	,	u--------	,	,	u--------	u--------	
1525	ἐκκαλέω	v-sapamn-	ἐκκαλέω	ἐκκαλέω	v-sapamn-	v-sapamn-	
1526	τύπτω	v3siia---	τύπτω	τύπτω	v3siia---	v3siia---	
1527	ἐγώ	p-s---ca-	ἐγώ	ἐγώ	p1s---ma-	p-s---ca-	
1528	;	u--------	;	;	u--------	u--------	
1529	καί	c--------	καί	καί	d--------	c--------	
1530	τότε	d--------	τότε	τότε	d--------	d--------	
1531	μέν	g--------	μέν	μέν	d--------	g--------	
1532	ἄρα	g--------	ἄρα	ἄρα	d--------	g--------	
1533	,	u--------	,	,	u--------	u--------	
1534	ἵνα	c--------	ἵνα	ἵνα	c--------	c--------	
1535	μή	d--------	μή	μή	d--------	d--------	
1536	περιβόητος	a-s---mn-	περιβόητος	περιβόητος	a-s---mn-	a-s---mn-	
1537	εἰμί	v1spoa---	εἰμί	εἰμί	v1spoa---	v1spoa---	
1538	,	u--------	,	,	u--------	u--------	
1539	ἡσυχία	n-s---fa-	ἡσυχία	ἡσυχία	n-s---fa-	n-s---fa-	
1540	ἄγω	v1siia---	ἄγω	ἄγω	v3piia---	v1siia---	
1541	,	u--------	,	,	u--------	u--------	
1542	συμφορά	n-s---fa-	συμφορά	συμφορά	n-s---fa-	n-s---fa-	
1543	ἐμαυτοῦ	p-s---mg-	ἐμαυτοῦ	ἐμαυτοῦ	p-s---mg-	p-s---mg-	
1544	νομίζω	v-sppamn-	νομίζω	νομίζω	v-sppamn-	v-sppamn-	
1545	ὁ	l-s---fa-	ὁ	ὁ	l-s---fa-	l-s---fa-	
1546	οὗτος	p-s---mg-	οὗτος	οὗτος	p-s---mg-	p-s---mg-	
1547	πονηρία	n-s---fa-	πονηρία	πονηρία	n-s---fa-	n-s---fa-	
1548	·	u--------	·	·	u--------	u--------	
1549	ἐπειδή	c--------	ἐπεί	ἐπειδή	c--------	c--------	DISAGREE
1550	δέ	c--------	δέ	δέ	d--------	c--------	
1551	χρόνος	n-s---mn-	χρόνος	χρόνος	n-s---mn-	n-s---mn-	
1552	διαγίγνομαι	v3saim---	διαγίγνομαι	διαγίγνομαι	v3saim---	v3saim---	
1553	,	u--------	,	,	u--------	u--------	
1554	πάλιν	d--------	πάλιν	πάλιν	d--------	d--------	
1555	,	u--------	,	,	u--------	u--------	
1556	ὡς	c--------	ὡς	ὡς	c--------	c--------	
1557	οὗτος	p-s---mn-	οὗτος	οὗτος	p-s---mn-	p-s---mn-	
1558	φημί	v3spia---	φημί	φημί	v3spia---	v3spia---	
1559	,	u--------	,	,	u--------	u--------	
1560	ἐπιθυμέω	v1saia---	ἐπιθυμέω	ἐπιθυμέω	v1saia---	v1saia---	
1561	περιβόητος	a-s---mn-	περιβόητος	περιβόητος	a-s---mn-	a-s---mn-	
1562	γίγνομαι	v--anm---	γίγνομαι	γίγνομαι	v--anm---	v--anm---	
1563	;	u--------	;	;	u--------	u--------	
1564	καί	c--------	καί	καί	d--------	c--------	
1565	εἰ	c--------	εἰ	εἰ	c--------	c--------	
1566	μέν	g--------	μέν	μέν	d--------	g--------	
1567	εἰμί	v3siia---	εἰμί	εἰμί	v3siia---	v3siia---	
1568	παρά	r--------	παρά	παρά	r--------	r--------	
1569	οὗτος	p-s---md-	οὗτος	οὗτος	p-s---md-	p-s---md-	
1570	ὁ	l-s---nn-	ὁ	ὁ	l-s---nn-	l-s---nn-	
1571	μειράκιον	n-s---nn-	μειράκιον	μειράκιον	n-s---nn-	n-s---nn-	
1572	,	u--------	,	,	u--------	u--------	
1573	ἔχω	v3siia---	ἔχω	ἔχω	v3siia---	v3siia---	
1574	ἄν	g--------	ἄν	ἄν	d--------	g--------	
1575	τις	p-s---ca-	τις	τις	a-s---ma-	p-s---ca-	
1576	λόγος	n-s---ma-	λόγος	λόγος	n-s---ma-	n-s---ma-	
1577	ὁ	l-s---nn-	ὁ	ὁ	l-s---nn-	l-s---nn-	
1578	ψεῦδος	n-s---nn-	ψεῦδος	ψεῦδος	n-s---nn-	n-s---nn-	
1579	αὐτός	p-s---md-	αὐτός	αὐτός	p-s---md-	p-s---md-	
1580	ὡς	c--------	ὡς	ὡς	c--------	c--------	
1581	ἐγώ	p-s---cn-	ἐγώ	ἐγώ	p1s---mn-	p-s---cn-	
1582	διά	r--------	διά	διά	r--------	r--------	
1583	ὁ	l-s---fa-	ὁ	ὁ	l-s---fa-	l-s---fa-	
1584	ἐπιθυμία	n-s---fa-	ἐπιθυμία	ἐπιθυμία	n-s---fa-	n-s---fa-	
1585	ἀναγκάζω	v1siim---	ἀναγκάζω	ἀναγκάζω	v1siie---	v1siim---	
1586	ἀνόητος	a-s---nac	ἀνόητος	ἀνόητος	a-s---nac	a-s---nac	
1587	τις	p-s---na-	τις	τις	p-s---na-	p-s---na-	
1588	ποιέω	v--pna---	ποιέω	ποιέω	v--pna---	v--pna---	
1589	ὁ	l-p---ng-	ὁ	ὁ	l-p---ng-	l-p---ng-	
1590	ἔοικα	v-prpang-	ἔοικα	ἔοικα	v-prpang-	v-prpang-	
1591	·	u--------	·	·	u--------	u--------	
1592	νῦν	d--------	νῦν	νῦν	d--------	d--------	
1593	δέ	c--------	δέ	δέ	d--------	c--------	
1594	οὗτος	p-s---nd-	οὗτος	οὗτος	p-s---md-	p-s---nd-	
1595	μέν	g--------	μέν	μέν	d--------	g--------	
1596	οὐ	d--------	οὐ	οὐ	d--------	d--------	
1597	δέ	d--------	δέ		d--------		oga_only
1598	διαλέγω	v3siim---	διαλέγω	διαλέγω	v3siie---	v3siim---	
1599	,	u--------	,	,	u--------	u--------	
1600	ἀλλά	c--------	ἀλλά	ἀλλά	c--------	c--------	
1601	μισέω	v3siia---	μισέω	μισέω	v3siia---	v3siia---	
1602	πᾶς	p-p---mg-	πᾶς	πᾶς	a-p---mg-	p-p---mg-	
1603	ἄνθρωπος	n-p---mg-	ἄνθρωπος	ἄνθρωπος	n-p---mg-	n-p---mg-	
1604	μάλα	d-------s	μάλιστα	μάλα	d--------	d-------s	DISAGREE
1605	,	u--------	,	,	u--------	u--------	
1606	παρά	r--------	παρά	παρά	r--------	r--------	
1607	ἐγώ	p-s---cd-	ἐγώ	ἐγώ	p1s---md-	p-s---cd-	
1608	δέ	c--------	δέ	δέ	c--------	c--------	
1609	τυγχάνω	v3siia---	τυγχάνω	τυγχάνω	v3siia---	v3siia---	
1610	διαιτάω	v-sppmnn-	διαιτάω	διαιτάω	v-sppema-	v-sppmnn-	
1611	.	u--------	.	.	u--------	u--------	
1612	ὥστε	c--------	ὥστε	ὥστε	d--------	c--------	
1613	ὁ	l-s---nd-	ὁ	ὁ	l-s---md-	l-s---nd-	
1614	σύ	p-p---cg-	σύ	σύ	p-p---mg-	p-p---cg-	
1615	πιστός	a-s---nn-	πιστός1	πιστός	a-s---nn-	a-s---nn-	
1616	ὡς	c--------	ὡς	ὡς	c--------	c--------	
1617	ἐγώ	p-s---cn-	ἐγώ	ἐγώ	p1s---mn-	p-s---cn-	
1618	πρότερος	d-------c	πρότερος	πρότερος	d-------c	d-------c	
1619	μέν	g--------	μέν	μέν	d--------	g--------	
1620	ἐκπλέω	v1saia---	ἐκπλέω	ἐκπλέω	v1saia---	v1saia---	
1621	ἐκ	r--------	ἐκ	ἐκ	r--------	r--------	
1622	ὁ	l-s---fg-	ὁ	ὁ	l-s---fg-	l-s---fg-	
1623	πόλις	n-s---fg-	πόλις	πόλις	n-s---fg-	n-s---fg-	
1624	ἔχω	v-sppamn-	ἔχω	ἔχω	v-sppamn-	v-sppamn-	
1625	ὁ	l-s---na-	ὁ	ὁ	l-s---na-	l-s---na-	
1626	μειράκιον	n-s---na-	μειράκιον	μειράκιον	n-s---na-	n-s---na-	
1627	,	u--------	,	,	u--------	u--------	
1628	ἵνα	c--------	ἵνα	ἵνα	c--------	c--------	
1629	μή	d--------	μή	μή	d--------	d--------	
1630	οὗτος	p-s---md-	οὗτος	οὗτος	p-s---md-	p-s---md-	
1631	μάχομαι	v1spom---	μάχομαι	μάχομαι	v1spoe---	v1spom---	
1632	,	u--------	,	,	u--------	u--------	
1633	ἐπειδή	c--------	ἐπεί	ἐπειδή	c--------	c--------	DISAGREE
1634	δέ	c--------	δέ	δέ	c--------	c--------	
1635	ἀφικνέομαι	v1saim---	ἀφικνέομαι	ἀφικνέομαι	v1saim---	v1saim---	
1636	πάλιν	d--------	πάλιν	πάλιν	d--------	d--------	
1637	,	u--------	,	,	u--------	u--------	
1638	ἄγω	v1siia---	ἄγω	ἄγω	v1siia---	v1siia---	
1639	αὐτός	p-s---ma-	αὐτός	αὐτός	p-s---ma-	p-s---ma-	
1640	ἐπί	r--------	ἐπί	ἐπί	r--------	r--------	
1641	ὁ	l-s---fa-	ὁ	ὁ	l-s---fa-	l-s---fa-	
1642	οἰκία	n-s---fa-	οἰκία	οἰκία	n-s---fa-	n-s---fa-	
1643	ὁ	l-s---fa-	ὁ	ὁ	l-s---fa-	l-s---fa-	
1644	Σίμων	n-s---mg-	σίμων	Σίμων	n-s---mg-	n-s---mg-	
1645	,	u--------	,	,	u--------	u--------	
1646	ὅς	p-s---mg-	ὅς	ὅς	d--------	p-s---mg-	
1647	πολύς	a-p---nas	πλεῖστος	πολύς	a-p---nas	a-p---nas	DISAGREE
1648	μέλλω	v1siia---	μέλλω	μέλλω	v1siia---	v1siia---	
1649	πρᾶγμα	n-p---na-	πρᾶγμα	πρᾶγμα	n-p---na-	n-p---na-	
1650	ἔχω	v--fna---	ἔχω	ἔχω	v--fna---	v--fna---	
1651	;	u--------		;		u--------	glaux_only
1652	καί	c--------	καί	καί	d--------	c--------	
1653	ἐπιβουλεύω	v1siia---	ἐπιβουλεύω	ἐπιβουλεύω	v1siia---	v1siia---	
1654	μέν	g--------	μέν	μέν	d--------	g--------	
1655	αὐτός	p-s---md-	αὐτός	αὐτός	p-s---md-	p-s---md-	
1656	,	u--------	,	,	u--------	u--------	
1657	οὕτως	d--------	οὕτως	οὕτως	d--------	d--------	
1658	δέ	c--------	δέ	δέ	c--------	c--------	
1659	ἔρχομαι	v1saia---	ἔρχομαι	ἔρχομαι	v1saia---	v1saia---	
1660	ἀπαράσκευος	a-s---mn-	ἀπαράσκευος	ἀπαράσκευος	a-s---mn-	a-s---mn-	
1661	,	u--------	,	,	u--------	u--------	
1662	ὥστε	c--------	ὥστε	ὥστε	c--------	c--------	
1663	μή	d--------	μή	μή	d--------	d--------	
1664	τε	d--------	τε		d--------		oga_only
1665	φίλος	a-p---ma-	φίλος	φίλος	n-p---ma-	a-p---ma-	
1666	μή	d--------	μή	μή	d--------	d--------	
1667	τε	d--------	τε		d--------		oga_only
1668	οἰκέτης	n-p---ma-	οἰκέτης	οἰκέτης	n-p---ma-	n-p---ma-	
1669	μή	d--------	μή	μή	d--------	d--------	
1670	τε	c--------	τε		c--------		oga_only
1671	ἄλλος	p-s---ma-	ἄλλος	ἄλλος	a-s---ma-	p-s---ma-	
1672	ἄνθρωπος	n-s---ma-	ἄνθρωπος	ἄνθρωπος	n-s---ma-	n-s---ma-	
1673	παρακαλέω	v--ana---	παρακαλέω	παρακαλέω	v--ana---	v--ana---	
1674	μηδείς	p-s---ma-	μηδείς	μηδείς	p-s---ma-	p-s---ma-	
1675	,	u--------	,	,	u--------	u--------	
1676	εἰ	c--------	εἰ	εἰ	c--------	c--------	
1677	μή	d--------	μή	μή	d--------	d--------	
1678	οὗτος	p-s---nn-	οὗτος	οὗτος	a-s---nn-	p-s---nn-	
1679	γε	g--------	γε	γε	d--------	g--------	
1680	ὁ	l-s---nn-	ὁ	ὁ	l-s---nn-	l-s---nn-	
1681	παιδίον	n-s---nn-	παιδίον	παιδίον	n-s---nn-	n-s---nn-	
1682	,	u--------	,	,	u--------	u--------	
1683	ὅς	p-s---nn-	ὅς	ὅς	p-s---na-	p-s---nn-	
1684	ἐπικουρέω	v--ana---	ἐπίἐπικουρέω	ἐπικουρέω	v--ana---	v--ana---	DISAGREE
1685	μέν	g--------	μέν	μέν	d--------	g--------	
1686	ἐγώ	p-s---cd-	ἐγώ	ἐγώ	p1s---cd-	p-s---cd-	
1687	οὐ	d--------	οὐ	οὐ	d--------	d--------	
1688	ἄν	g--------	ἄν	ἄν	d--------	g--------	
1689	δύναμαι	v3siim---	δύναμαι	δύναμαι	v3siie---	v3siim---	
1690	,	u--------	,	,	u--------	u--------	
1691	μηνύω	v--ana---	μηνύω	μηνύω	v--ana---	v--ana---	
1692	δέ	c--------	δέ	δέ	c--------	c--------	
1693	ἱκανός	a-s---nn-	ἱκανός	ἱκανός	a-s---nn-	a-s---nn-	
1694	εἰμί	v3siia---	εἰμί	εἰμί	v3siia---	v3siia---	
1695	βασανίζω	v-sppmma-	βασανίζω	βασανίζω	v-sppenn-	v-sppmma-	
1696	,	u--------	,	,	u--------	u--------	
1697	εἰ	c--------	εἰ	εἰ	c--------	c--------	
1698	τις	p-s---na-	τις	τις	p-s---na-	p-s---na-	
1699	ἐγώ	p-s---cn-	ἐγώ	ἐγώ	p1s---mn-	p-s---cn-	
1700	ἐξαμαρτάνω	v1siia---	ἐξαμαρτάνω	ἐξαμαρτάνω	v1siia---	v1siia---	
1701	;	u--------		;		u--------	glaux_only
1702	ἀλλά	c--------	ἀλλά	ἀλλά	d--------	c--------	
1703	εἰς	r--------	εἰς	εἰς	r--------	r--------	
1704	τοσοῦτος	p-s---na-	τοσοῦτος	τοσοῦτος	p-s---na-	p-s---na-	
1705	ἀμαθία	n-s---fg-	ἀμαθία	ἀμαθία	n-s---fg-	n-s---fg-	
1706	ἀφικνέομαι	v1saim---	ἀφικνέομαι	ἀφικνέομαι	v1saim---	v1saim---	
1707	,	u--------	,	,	u--------	u--------	
1708	ὥστε	c--------	ὥστε	ὥστε	c--------	c--------	
1709	ἐπιβουλεύω	v-sppamn-	ἐπιβουλεύω	ἐπιβουλεύω	v-sppamn-	v-sppamn-	
1710	Σίμων	n-s---md-	σίμων	Σίμων	n-s---md-	n-s---md-	
1711	οὐ	d--------	οὐ	οὐ	d--------	d--------	
1712	τηρέω	v1saia---	τηρέω	τηρέω	v1saia---	v1saia---	
1713	αὐτός	p-s---ma-	αὐτός	αὐτός	p-s---ma-	p-s---ma-	
1714	ὅς	p-s---ng-	ὅς	ὅς	p-s---ng-	p-s---ng-	
1715	μόνος	d--------	μόνος	μόνος	d--------	d--------	
1716	οἷος	p-s---nn-	οἷος	οἷος	a-s---nn-	p-s---nn-	
1717	τε	g--------	τε	τε	d--------	g--------	
1718	εἰμί	v3siia---	εἰμί	εἰμί	v3siia---	v3siia---	
1719	λαμβάνω	v--ana---	λαμβάνω	λαμβάνω	v--ana---	v--ana---	
1720	,	u--------	,	,	u--------	u--------	
1721	ἤ	c--------	ἤ1	ἤ	d--------	c--------	
1722	νύκτωρ	d--------	νύκτωρ	νύκτωρ	d--------	d--------	
1723	ἤ	c--------	ἤ1	ἤ	c--------	c--------	
1724	μετά	r--------	μετά	μετά	r--------	r--------	
1725	ἡμέρα	n-s---fa-	ἡμέρα	ἡμέρα	n-s---fa-	n-s---fa-	
1726	,	u--------	,	,	u--------	u--------	
1727	ἀλλά	c--------	ἀλλά	ἀλλά	c--------	c--------	
1728	ἐνταῦθα	d--------	ἐνταῦθα	ἐνταῦθα	d--------	d--------	
1729	ἔρχομαι	v1saia---	ἔρχομαι	ἔρχομαι	v1saia---	v1saia---	
1730	οὗ	d--------	ὅς	οὗ	d--------	d--------	DISAGREE
1731	αὐτός	p-s---mn-	αὐτός	αὐτός	p-s---mn-	p-s---mn-	
1732	μέλλω	v1siia---	μέλλω	μέλλω	v1siia---	v1siia---	
1733	ὑπό	r--------	ὑπό	ὑπό	r--------	r--------	
1734	πολύς	a-p---mgs	πλεῖστος	πολύς	a-p---mg-	a-p---mgs	DISAGREE
1735	ὁράω	v--fnp---	ὁράω	ὁράω	v--fnp---	v--fnp---	
1736	τε	c--------	τε	τε	d--------	c--------	
1737	καί	c--------	καί	καί	c--------	c--------	
1738	συγκόπτω	v--fnp---	συγκοπή	συγκόπτω	v--fnm---	v--fnp---	DISAGREE
1739	,	u--------	,	,	u--------	u--------	
1740	ὥσπερ	c--------	ὥσπερ	ὥσπερ	d--------	c--------	
1741	κατά	r--------	κατά	κατά	r--------	r--------	
1742	ἐμαυτοῦ	p-s---mg-	ἐμαυτοῦ	ἐμαυτοῦ	p-s---mg-	p-s---mg-	
1743	ὁ	l-s---fa-	ὁ	ὁ	l-s---fa-	l-s---fa-	
1744	πρόνοια	n-s---fa-	πρόνοια	πρόνοια	n-s---fa-	n-s---fa-	
1745	ἐξευρίσκω	v-sppamn-	ἐξευρίσκω	ἐξευρίσκω	v-sppamn-	v-sppamn-	
1746	,	u--------	,	,	u--------	u--------	
1747	ἵνα	c--------	ἵνα	ἵνα	c--------	c--------	
1748	ὡς	c--------	ὡς	ὡς	d--------	c--------	
1749	μάλα	d-------s	μάλιστα	μάλα	d-------s	d-------s	DISAGREE
1750	ὑπό	r--------	ὑπό	ὑπό	r--------	r--------	
1751	ὁ	l-p---mg-	ὁ	ὁ	l-p---mg-	l-p---mg-	
1752	ἐχθρός	a-p---mg-	ἐχθρός	ἐχθρός	n-p---mg-	a-p---mg-	
1753	ὑβρίζω	v1saop---	ὑβρίζω	ὑβρίζω	v1saop---	v1saop---	
1754	;	u--------	;	;	u--------	u--------	
1755	ἔτι	d--------	ἔτι	ἔτι	d--------	d--------	
1756	τοίνυν	g--------	τοίνυν	τοίνυν	d--------	g--------	
1757	,	u--------	,	,	u--------	u--------	
1758	ὦ	i--------	ὦ	ὦ	i--------	i--------	
1759	βουλή	n-s---fv-	βουλή	βουλή	n-s---fv-	n-s---fv-	
1760	,	u--------	,	,	u--------	u--------	
1761	καί	c--------	καί	καί	d--------	c--------	
1762	ἐκ	r--------	ἐκ	ἐκ	r--------	r--------	
1763	ὁ	l-s---fg-	ὁ	ὁ	l-s---fg-	l-s---fg-	
1764	μάχη	n-s---fg-	μάχη	μάχη	n-s---fg-	n-s---fg-	
1765	ὁ	l-s---fg-	ὁ	ὁ	l-s---fg-	l-s---fg-	
1766	γίγνομαι	v-sapmfg-	γίγνομαι	γίγνομαι	v-sapmfg-	v-sapmfg-	
1767	ῥᾴδιος	a-s---nn-	ῥᾴδιος	ῥᾴδιος	a-s---nn-	a-s---nn-	
1768	γιγνώσκω	v--ana---	γιγνώσκω	γιγνώσκω	v--ana---	v--ana---	
1769	ὅτι	c--------	ὅτι	ὅτι	c--------	c--------	
1770	ψεύδω	v3spim---	ψεύδω	ψεύδω	v3spie---	v3spim---	
1771	.	u--------	.	.	u--------	u--------	
1772	ὁ	l-s---nn-	ὁ	ὁ	l-s---na-	l-s---nn-	
1773	γάρ	g--------	γάρ	γάρ	d--------	g--------	
1774	μειράκιον	n-s---nn-	μειράκιον	μειράκιον	n-s---na-	n-s---nn-	
1775	ὡς	c--------	ὡς	ὡς	c--------	c--------	
1776	γιγνώσκω	v3saia---	γιγνώσκω	γιγνώσκω	v3saia---	v3saia---	
1777	,	u--------	,	,	u--------	u--------	
1778	ῥίπτω	v-sapann-	ῥίπτω	ῥίπτω	v3paia---	v-sapann-	
1779	ἱμάτιον	n-s---na-		ἱμάτιον		n-s---na-	glaux_only
1780	,	u--------		,		u--------	glaux_only
1781	φεύγω	v-sppann-	φεύγω	φεύγω	v-sppana-	v-sppann-	
1782	οἴχομαι	v3siim---	οἴχομαι	οἴχομαι	v3siie---	v3siim---	
1783	,	u--------	,	,	u--------	u--------	
1784	οὗτος	p-p---mn-	οὗτος	οὗτος	p-p---mn-	p-p---mn-	
1785	δέ	c--------	δέ	δέ	d--------	c--------	
1786	αὐτός	p-s---ma-	αὐτός	αὐτός	p-s---ma-	p-s---ma-	
1787	ἐπιδιώκω	v3piia---	ἐπιδιώκω	ἐπιδιώκω	v3piia---	v3piia---	
1788	,	u--------	,	,	u--------	u--------	
1789	ἐγώ	p-s---cn-	ἐγώ	ἐγώ	p1s---cn-	p-s---cn-	
1790	δέ	c--------	δέ	δέ	d--------	c--------	
1791	ἕτερος	p-s---fa-	ἕτερος	ἕτερος	a-s---fa-	p-s---fa-	
1792	ἀπέρχομαι	v-sapamn-	ἀπέρχομαι	ἀπέρχομαι	v-sapamn-	v-sapamn-	
1793	ὁδός	n-s---fa-	ὁδός	ὁδός	n-s---fa-	n-s---fa-	
1794	οἴχομαι	v1siim---	οἴχομαι	οἴχομαι	v1siie---	v1siim---	
1795	.	u--------	.	.	u--------	u--------	
1796	καίτοι	g--------	καίτοι	καίτοι	d--------	g--------	
1797	πότερος	p-p---ma-	πότερος	πότερος	a-p---ma-	p-p---ma-	
1798	χρή	v3spia---	χρή	χρή	v3spia---	v3spia---	
1799	αἴτιος	a-p---ma-	αἴτιος	αἴτιος	a-p---ma-	a-p---ma-	
1800	ὁ	l-p---ng-	ὁ	ὁ	l-p---ng-	l-p---ng-	
1801	γίγνομαι	v-prpmng-	γίγνομαι	γίγνομαι	v-prpeng-	v-prpmng-	
1802	εἰμί	v--pna---	εἰμί	εἰμί	v--pna---	v--pna---	
1803	νομίζω	v--pna---	νομίζω	νομίζω	v--pna---	v--pna---	
1804	,	u--------	,	,	u--------	u--------	
1805	ὁ	l-p---ma-	ὁ	ὁ	l-p---ma-	l-p---ma-	
1806	φεύγω	v-pppama-	φεύγω	φεύγω	v-pppama-	v-pppama-	
1807	ἤ	c--------	ἤ1	ἤ	c--------	c--------	
1808	ὁ	l-p---ma-	ὁ	ὁ	l-p---ma-	l-p---ma-	
1809	ζητέω	v-pppama-	ζητέω	ζητέω	v-pppama-	v-pppama-	
1810	καταλαμβάνω	v--ana---	καταλαμβάνω	καταλαμβάνω	v--ana---	v--ana---	
1811	;	u--------	;	;	u--------	u--------	
1812	ἐγώ	p-s---cn-	ἐγώ	ἐγώ	p1s---mn-	p-s---cn-	
1813	μέν	g--------	μέν	μέν	d--------	g--------	
1814	γάρ	g--------	γάρ	γάρ	d--------	g--------	
1815	ἡγέομαι	v1spim---	ἡγέομαι	ἡγέομαι	v1spie---	v1spim---	
1816	πᾶς	p-p---md-	πᾶς	πᾶς	a-p---md-	p-p---md-	
1817	εἰμί	v--pna---	εἰμί	εἰμί	v--pna---	v--pna---	
1818	δῆλος	a-s---na-	δῆλος	δῆλος	a-s---na-	a-s---na-	
1819	ὅτι	c--------	ὅτι	ὅτι	c--------	c--------	
1820	φεύγω	v3ppia---	φεύγω	φεύγω	v3ppia---	v3ppia---	
1821	μέν	g--------	μέν	μέν	d--------	g--------	
1822	ὁ	l-p---mn-	ὁ	ὁ	l-p---mn-	l-p---mn-	
1823	περί	r--------	περί	περί	r--------	r--------	
1824	ἑαυτοῦ	p-p---mg-	ἑαυτοῦ	ἑαυτοῦ	p-p---mg-	p-p---mg-	
1825	δείδω	v-prpamn-	δείδω	δείδω	v-prpamn-	v-prpamn-	
1826	,	u--------	,	,	u--------	u--------	
1827	διώκω	v3ppia---	διώκω	διώκω	v3ppia---	v3ppia---	
1828	δέ	c--------	δέ	δέ	c--------	c--------	
1829	ὁ	l-p---mn-	ὁ	ὁ	l-p---mn-	l-p---mn-	
1830	βούλομαι	v-pppmmn-	βούλομαι	βούλομαι	v-pppemn-	v-pppmmn-	
1831	τις	p-s---na-	τις	τις	p-s---na-	p-s---na-	
1832	ποιέω	v--ana---	ποιέω	ποιέω	v--ana---	v--ana---	
1833	κακός	a-s---na-	κακός	κακός	a-s---na-	a-s---na-	
1834	.	u--------	.	.	u--------	u--------	
1835	οὐ	d--------	οὐ	οὐ	d--------	d--------	
1836	τοίνυν	g--------	τοίνυν	τοίνυν	d--------	g--------	
1837	οὗτος	p-p---nn-	οὗτος	οὗτος	p-p---nn-	p-p---nn-	
1838	ἔοικα	v-prpann-	ἔοικα	ἔοικα	v-prpann-	v-prpann-	
1839	μέν	g--------	μέν	μέν	d--------	g--------	
1840	,	u--------	,	,	u--------	u--------	
1841	ἄλλος	d--------	ἄλλως	ἄλλος	d--------	d--------	DISAGREE
1842	δέ	c--------	δέ	δέ	c--------	c--------	
1843	περί	r--------	περί	περί	r--------	r--------	
1844	αὐτός	p-p---ng-	αὐτός	αὐτός	p-p---ng-	p-p---ng-	
1845	πράσσω	v3srim---	πράσσω	πράσσω	v3srie---	v3srim---	
1846	,	u--------	,	,	u--------	u--------	
1847	ἀλλά	c--------	ἀλλά	ἀλλά	c--------	c--------	
1848	καταλαμβάνω	v-papamn-	καταλαμβάνω	καταλαμβάνω	v-papamn-	v-papamn-	
1849	ὁ	l-s---na-	ὁ	ὁ	l-s---na-	l-s---na-	
1850	μειράκιον	n-s---na-	μειράκιον	μειράκιον	n-s---na-	n-s---na-	
1851	ἐκ	r--------	ἐκ	ἐκ	r--------	r--------	
1852	ὁ	l-s---fg-	ὁ	ὁ	l-s---fg-	l-s---fg-	
1853	ὁδός	n-s---fg-	ὁδός	ὁδός	n-s---fg-	n-s---fg-	
1854	ἄγω	v3piia---	ἄγω	ἄγω	v3piia---	v3piia---	
1855	βία	n-s---fd-	βία	βία	n-s---fd-	n-s---fd-	
1856	,	u--------	,	,	u--------	u--------	
1857	ἐντυγχάνω	v-sapamn-	ἐντυγχάνω	ἐντυγχάνω	v-sapamn-	v-sapamn-	
1858	δέ	c--------	δέ	δέ	d--------	c--------	
1859	ἐγώ	p-s---cn-	ἐγώ	ἐγώ	p1s---mn-	p-s---cn-	
1860	οὗτος	p-p---ng-	οὗτος	οὗτος	p-p---ng-	p-p---ng-	
1861	μέν	g--------	μέν	μέν	d--------	g--------	
1862	οὐ	d--------	οὐ	οὐ	d--------	d--------	
1863	ἅπτω	v1siim---	ἅπτω	ἅπτω	v1siie---	v1siim---	
1864	,	u--------	,	,	u--------	u--------	
1865	ὁ	l-s---ng-	ὁ	ὁ	l-s---ng-	l-s---ng-	
1866	μειράκιον	n-s---ng-	μειράκιον	μειράκιον	n-s---ng-	n-s---ng-	
1867	δέ	c--------	δέ	δέ	c--------	c--------	
1868	ἐπιλαμβάνω	v1siim---	ἐπιλαμβάνω	ἐπιλαμβάνω	v1siie---	v1siim---	
1869	·	u--------		·		u--------	glaux_only
1870	οὗτος	p-p---mn-	οὗτος	οὗτος	p-p---mn-	p-p---mn-	
1871	δέ	c--------	δέ	δέ	d--------	c--------	
1872	ἐκεῖνος	p-s---ma-	ἐκεῖνος	ἐκεῖνος	p-s---ma-	p-s---ma-	
1873	τε	c--------	τε	τε	d--------	c--------	
1874	ἄγω	v3piia---	ἄγω	ἄγω	v3piia---	v3piia---	
1875	βία	n-s---fd-	βία	βία	n-s---fd-	n-s---fd-	
1876	καί	c--------	καί	καί	c--------	c--------	
1877	ἐγώ	p-s---ca-	ἐγώ	ἐγώ	p-s---ma-	p-s---ca-	
1878	τύπτω	v3piia---	τύπτω	τύπτω	v3piia---	v3piia---	
1879	.	u--------	.	.	u--------	u--------	
1880	καί	c--------	καί	καί	d--------	c--------	
1881	οὗτος	p-p---nn-	οὗτος	οὗτος	p-p---nn-	p-p---nn-	
1882	σύ	p-p---cd-	σύ	σύ	p-p---md-	p-p---cd-	
1883	ὑπό	r--------	ὑπό	ὑπό	r--------	r--------	
1884	ὁ	l-p---mg-	ὁ	ὁ	l-p---mg-	l-p---mg-	
1885	παραγίγνομαι	v-papmmg-	παραγίγνομαι	παραγίγνομαι	v-papmmg-	v-papmmg-	
1886	μαρτυρέω	v3srim---	μαρτυρέω	μαρτυρέω	v3srie---	v3srim---	
1887	.	u--------	.	.	u--------	u--------	
1888	ὥστε	c--------	ὥστε	ὥστε	d--------	c--------	
1889	δεινός	a-s---nn-	δεινός	δεινός	a-s---nn-	a-s---nn-	
1890	εἰ	c--------	εἰ	εἰ	c--------	c--------	
1891	περί	r--------	περί	περί	r--------	r--------	
1892	οὗτος	p-p---ng-	οὗτος	οὗτος	p-p---ng-	p-p---ng-	
1893	ἐγώ	p-s---cn-	ἐγώ	ἐγώ	p1s---mn-	p-s---cn-	
1894	δοκέω	v1sfia---	δοκέω	δοκέω	v1sfia---	v1sfia---	
1895	προνοέω	v--anp---	προνοέω	προνοέω	v--ane---	v--anp---	
1896	,	u--------	,	,	u--------	u--------	
1897	περί	r--------	περί	περί	r--------	r--------	
1898	ὅς	p-p---ng-	ὅς	ὅς	p-p---ng-	p-p---ng-	
1899	οὗτος	p-p---mn-	οὗτος	οὗτος	p-p---mn-	p-p---mn-	
1900	τυγχάνω	v3ppia---	τυγχάνω	τυγχάνω	v3ppia---	v3ppia---	
1901	οὕτως	d--------	οὕτως	οὕτως	d--------	d--------	
1902	δεινός	a-p---na-	δεινός	δεινός	a-p---na-	a-p---na-	
1903	καί	c--------	καί	καί	c--------	c--------	
1904	παράνομος	a-p---na-	παράνομος	παράνομος	a-p---na-	a-p---na-	
1905	ποιέω	v-prpamn-	ποιέω	ποιέω	v-prpamn-	v-prpamn-	
1906	.	u--------	.	.	u--------	u--------	
1907	τίς	p-s---na-	τίς	τίς	p-s---na-	p-s---na-	
1908	δέ	c--------	δέ	δέ	d--------	c--------	
1909	ἄν	g--------	ἄν	ἄν	d--------	g--------	
1910	ποτέ	d--------	ποτέ	ποτέ	d--------	d--------	
1911	πάσχω	v1saia---	πάσχω	πάσχω	v1saia---	v1saia---	
1912	,	u--------	,	,	u--------	u--------	
1913	εἰ	c--------	εἰ	εἰ	c--------	c--------	
1914	ὁ	l-p---nn-	ὁ		l-p---nn-		oga_only
1915	ἐναντίος	a-p---nn-	ἐναντίος		a-p---nn-		oga_only
1916	ὁ	l-p---ng-	ὁ	ὁ	l-p---ng-	l-p---ng-	
1917	νῦν	d--------	νῦν	νῦν	d--------	d--------	
1918	γίγνομαι	v-prpmng-	γίγνομαι	γίγνομαι	v-prpeng-	v-prpmng-	
1919	εἰμί	v3siia---	εἰμί	εἰμί	v3siia---	v3siia---	
1920	,	u--------	,	,	u--------	u--------	
1921	εἰ	c--------	εἰ	εἰ	c--------	c--------	
1922	πολύς	a-p---ma-	πολύς	πολύς	a-p---ma-	a-p---ma-	
1923	ἔχω	v-sppamn-	ἔχω	ἔχω	v-sppamn-	v-sppamn-	
1924	ὁ	l-p---mg-	ὁ	ὁ	l-p---ng-	l-p---mg-	
1925	ἐπιτήδειος	a-p---mg-	ἐπιτήδειος	ἐπιτήδειος	a-p---ng-	a-p---mg-	
1926	ἐγώ	p-s---cn-	ἐγώ	ἐγώ	p1s---mn-	p-s---cn-	
1927	,	u--------	,	,	u--------	u--------	
1928	ἀπαντάω	v-sapamn-	ἀπαντάω	ἀπαντάω	v-sapamn-	v-sapamn-	
1929	Σίμων	n-s---md-	σίμων	Σίμων	n-s---md-	n-s---md-	
1930	,	u--------	,	,	u--------	u--------	
1931	μάχομαι	v1siim---	μάχομαι	μάχομαι	v1siie---	v1siim---	
1932	αὐτός	p-s---md-	αὐτός	αὐτός	p-s---md-	p-s---md-	
1933	καί	c--------	καί	καί	d--------	c--------	
1934	τύπτω	v1siia---	τύπτω	τύπτω	v1siia---	v1siia---	
1935	αὐτός	p-s---ma-	αὐτός	αὐτός	p-s---ma-	p-s---ma-	
1936	καί	c--------	καί	καί	d--------	c--------	
1937	διώκω	v1siia---	διώκω	διώκω	v1siia---	v1siia---	
1938	καί	c--------	καί	καί	c--------	c--------	
1939	καταλαμβάνω	v-sapamn-	καταλαμβάνω	καταλαμβάνω	v-sapamn-	v-sapamn-	
1940	ἄγω	v--pna---	ἄγω	ἄγω	v--pna---	v--pna---	
1941	βία	n-s---fn-	βία	βία	n-s---fa-	n-s---fn-	
1942	ζητέω	v1siia---	ζητέω	ζητέω	v1siia---	v1siia---	
1943	,	u--------	,	,	u--------	u--------	
1944	ὅπου	d--------	ὅπου	ὅπου	d--------	d--------	
1945	νῦν	d--------	νῦν	νῦν	d--------	d--------	
1946	οὗτος	p-s---mg-	οὗτος	οὗτος	p-s---mg-	p-s---mg-	
1947	οὗτος	p-p---na-	οὗτος	οὗτος	p-p---na-	p-p---na-	
1948	ποιέω	v-srpamg-	ποιέω	ποιέω	v-srpamg-	v-srpamg-	
1949	ἐγώ	p-s---cn-	ἐγώ	ἐγώ	p1s---mn-	p-s---cn-	
1950	εἰς	r--------	εἰς	εἰς	r--------	r--------	
1951	τοιοῦτος	p-s---ma-	τοιοῦτος	τοιοῦτος	a-s---ma-	p-s---ma-	
1952	ἀγών	n-s---ma-	ἀγών	ἀγών	n-s---ma-	n-s---ma-	
1953	καθίστημι	v1sria---	καθίστημι	καθίστημι	v1sria---	v1sria---	
1954	,	u--------	,	,	u--------	u--------	
1955	ἐν	r--------	ἐν	ἐν	r--------	r--------	
1956	ὅς	p-s---md-	ὅς	ὅς	p-s---md-	p-s---md-	
1957	καί	c--------	καί	καί	d--------	c--------	
1958	περί	r--------	περί	περί	r--------	r--------	
1959	ὁ	l-s---fg-	ὁ	ὁ	l-s---fg-	l-s---fg-	
1960	πατρίς	n-s---fg-	πατρίς	πατρίς	n-s---fg-	n-s---fg-	
1961	καί	c--------	καί	καί	c--------	c--------	
1962	ὁ	l-s---fg-	ὁ	ὁ	l-s---fg-	l-s---fg-	
1963	οὐσία	n-s---fg-	οὐσία	οὐσία	n-s---fg-	n-s---fg-	
1964	ὁ	l-s---fg-	ὁ	ὁ	l-s---fg-	l-s---fg-	
1965	ἐμαυτοῦ	p-s---mg-	ἐμαυτοῦ	ἐμαυτοῦ	p-s---mg-	p-s---mg-	
1966	ἅπας	p-s---fg-	ἅπας	ἅπας	a-s---fg-	p-s---fg-	
1967	κινδυνεύω	v1spia---	κινδυνεύω	κινδυνεύω	v1spia---	v1spia---	
1968	;	u--------	;	;	u--------	u--------	
1969	ὁ	l-s---nn-	ὁ	ὁ	l-s---na-	l-s---nn-	
1970	δέ	c--------	δέ	δέ	d--------	c--------	
1971	μέγας	a-s---nns	μέγας	μέγας	a-s---nas	a-s---nns	
1972	καί	c--------	καί	καί	c--------	c--------	
1973	περιφανής	a-s---nns	περιφανής	περιφανής	a-s---nas	a-s---nns	
1974	πᾶς	p-p---ng-	πᾶς	πᾶς	a-p---ng-	p-p---ng-	
1975	·	u--------		·		u--------	glaux_only
1976	ὁ	l-s---mn-	ὁ	ὁ	l-s---mn-	l-s---mn-	
1977	γάρ	g--------	γάρ	γάρ	d--------	g--------	
1978	ἀδικέω	v-sappmn-	ἀδικέω	ἀδικέω	v-sappmn-	v-sappmn-	
1979	καί	c--------	καί	καί	c--------	c--------	
1980	ἐπιβουλεύω	v-sappmn-	ἐπιβουλεύω	ἐπιβουλεύω	v-sappmn-	v-sappmn-	
1981	ὑπό	r--------	ὑπό	ὑπό	r--------	r--------	
1982	ἐγώ	p-s---cg-	ἐγώ	ἐγώ	p-s---mg-	p-s---cg-	
1983	,	u--------	,	,	u--------	u--------	
1984	ὡς	c--------	ὡς	ὡς	c--------	c--------	
1985	φημί	v3spia---	φημί	φημί	v3spia---	v3spia---	
1986	,	u--------	,	,	u--------	u--------	
1987	οὐ	d--------	οὐ	οὐ	d--------	d--------	
1988	τολμάω	v3saia---	τολμάω	τολμάω	v3saia---	v3saia---	
1989	τέσσαρες	m-p---ng-	τέσσαρες	τέσσαρες	a-p---ng-	m-p---ng-	
1990	ἔτος	n-p---ng-	ἔτος	ἔτος	n-p---ng-	n-p---ng-	
1991	ἐπισκήπτω	v--anm---	ἐπισκήπτω	ἐπισκήπτω	v--anm---	v--anm---	
1992	εἰς	r--------	εἰς	εἰς	r--------	r--------	
1993	σύ	p-p---ca-	σύ	σύ	p-p---ma-	p-p---ca-	
1994	.	u--------	.	.	u--------	u--------	
1995	καί	c--------	καί	καί	d--------	c--------	
1996	ὁ	l-p---mn-	ὁ	ὁ	l-p---mn-	l-p---mn-	
1997	μέν	g--------	μέν	μέν	d--------	g--------	
1998	ἄλλος	p-p---mn-	ἄλλος	ἄλλος	p-p---mn-	p-p---mn-	
1999	,	u--------	,	,	u--------	u--------	
2000	ὅταν	c--------	ὅταν	ὅταν	c--------	c--------	
2001	ἐράω	v3ppsa---	ἐράω1	ἐράω	v3ppsa---	v3ppsa---	
2002	καί	c--------	καί	καί	c--------	c--------	
2003	ἀποστερέω	v3ppsm---	ἀποστερέω	ἀποστερέω	v3ppse---	v3ppsm---	
2004	ὅς	p-p---ng-	ὅς	ὅς	p-p---ng-	p-p---ng-	
2005	ἐπιθυμέω	v3ppia---	ἐπιθυμέω	ἐπιθυμέω	v3ppia---	v3ppia---	
2006	καί	c--------	καί	καί	c--------	c--------	
2007	συγκοπόω	v3ppsa---	συγκοπάω	συγκοπόω	v3ppsa---	v3ppsa---	DISAGREE
2008	,	u--------	,	,	u--------	u--------	
2009	ὀργίζω	v-pppmmn-	ὀργίζω	ὀργίζω	v-pppemn-	v-pppmmn-	
2010	παραχρῆμα	d--------	παραχρῆμα	παραχρῆμα	d--------	d--------	
2011	τιμωρέω	v--pnm---	τιμωρέω	τιμωρέω	v--pne---	v--pnm---	
2012	ζητέω	v3ppia---	ζητέω	ζητέω	v3ppia---	v3ppia---	
2013	,	u--------	,	,	u--------	u--------	
2014	οὗτος	p-s---mn-	οὗτος	οὗτος	p-s---mn-	p-s---mn-	
2015	δέ	c--------	δέ	δέ	c--------	c--------	
2016	χρόνος	n-p---md-	χρόνος	χρόνος	n-p---md-	n-p---md-	
2017	ὕστερον	d-------c	ὕστερος	ὕστερον	a-s---na-	d-------c	DISAGREE
2018	.	u--------	.	.	u--------	u--------	
2019	ὅτι	c--------	ὅτι	ὅτι	c--------	c--------	
2020	μέν	g--------	μέν	μέν	d--------	g--------	
2021	οὖν	g--------	οὖν	οὖν	d--------	g--------	
2022	,	u--------	,	,	u--------	u--------	
2023	ὦ	i--------	ὦ	ὦ	i--------	i--------	
2024	βουλή	n-s---fv-	βουλή	βουλή	n-s---fv-	n-s---fv-	
2025	,	u--------	,	,	u--------	u--------	
2026	οὐδείς	p-s---ng-	οὐδείς	οὐδείς	p-s---ng-	p-s---ng-	
2027	αἴτιος	a-s---mn-	αἴτιος	αἴτιος	a-s---mn-	a-s---mn-	
2028	εἰμί	v1spia---	εἰμί	εἰμί	v1spia---	v1spia---	
2029	ὁ	l-p---ng-	ὁ	ὁ	l-p---ng-	l-p---ng-	
2030	γίγνομαι	v-prpmng-	γίγνομαι	γίγνομαι	v-prpeng-	v-prpmng-	
2031	,	u--------	,	,	u--------	u--------	
2032	ἱκανός	d--------	ἱκανός	ἱκανός	d--------	d--------	
2033	ἀποδείκνυμι	v--rnm---	ἀποδείκνυμι	ἀποδείκνυμι	v--rne---	v--rnm---	
2034	νομίζω	v1spia---	νομίζω	νομίζω	v1spia---	v1spia---	
2035	·	u--------	·	·	u--------	u--------	
2036	οὕτως	d--------	οὕτως	οὕτως	d--------	d--------	
2037	δέ	c--------	δέ	δέ	d--------	c--------	
2038	διάκειμαι	v1spim---	διάκειμαι	διάκειμαι	v1spie---	v1spim---	
2039	πρός	r--------	πρός	πρός	r--------	r--------	
2040	ὁ	l-p---fa-	ὁ	ὁ	l-p---fa-	l-p---fa-	
2041	ἐκ	r--------	ἐκ	ἐκ	r--------	r--------	
2042	ὁ	l-p---ng-	ὁ	ὁ	l-p---ng-	l-p---ng-	
2043	τοιοῦτος	p-p---ng-	τοιοῦτος	τοιοῦτος	a-p---ng-	p-p---ng-	
2044	πρᾶγμα	n-p---ng-	πρᾶγμα	πρᾶγμα	n-p---ng-	n-p---ng-	
2045	διαφορά	n-p---fa-	διαφορά	διαφορά	n-p---fa-	n-p---fa-	
2046	,	u--------	,	,	u--------	u--------	
2047	ὥστε	c--------	ὥστε	ὥστε	c--------	c--------	
2048	ἄλλος	p-p---na-	ἄλλος	ἄλλος	p-p---na-	p-p---na-	
2049	πολύς	a-p---na-	πολύς	πολύς	a-p---na-	a-p---na-	
2050	ὑβρίζω	v-srpmmn-	ὑβρίζω	ὑβρίζω	v-srpemn-	v-srpmmn-	
2051	ὑπό	r--------	ὑπό	ὑπό	r--------	r--------	
2052	Σίμων	n-s---mg-	σίμων	Σίμων	n-s---mg-	n-s---mg-	
2053	καί	c--------	καί	καί	c--------	c--------	
2054	κατάσσω	v-sappmn-	κατάγω	κατάσσω	v-sapamn-	v-sappmn-	DISAGREE
2055	ὁ	l-s---fa-	ὁ	ὁ	l-s---fa-	l-s---fa-	
2056	κεφαλή	n-s---fa-	κεφαλή	κεφαλή	n-s---fa-	n-s---fa-	
2057	ὑπό	r--------	ὑπό	ὑπό	r--------	r--------	
2058	αὐτός	p-s---mg-	αὐτός	αὐτός	p-s---mg-	p-s---mg-	
2059	οὐ	d--------	οὐ	οὐ	d--------	d--------	
2060	τολμάω	v1saia---	τολμάω	τολμάω	v1saia---	v1saia---	
2061	αὐτός	p-s---md-	αὐτός	αὐτός	p-s---md-	p-s---md-	
2062	ἐπισκήπτω	v--anm---	ἐπισκήπτω	ἐπισκήπτω	v--anm---	v--anm---	
2063	,	u--------	,	,	u--------	u--------	
2064	ἡγέομαι	v-sppmmn-	ἡγέομαι	ἡγέομαι	v-sppmmn-	v-sppmmn-	
2065	δεινός	a-s---na-	δεινός	δεινός	a-s---na-	a-s---na-	
2066	εἰμί	v--pna---	εἰμί	εἰμί	v--pna---	v--pna---	
2067	,	u--------	,	,	u--------	u--------	
2068	εἰ	c--------	εἰ	εἰ	c--------	c--------	
2069	ἄρα	g--------	ἄρα	ἄρα	d--------	g--------	
2070	περί	r--------	περί	περί	r--------	r--------	
2071	παῖς	n-p---cg-	παῖς	παῖς	n-p---mg-	n-p---cg-	
2072	φιλονεικέω	v1paia---	πολεμιάζω	φιλονεικέω	v1paia---	v1paia---	DISAGREE
2073	ἐγώ	p-p---cn-	ἐγώ	ἐγώ	p1p---mn-	p-p---cn-	
2074	πρός	r--------	πρός	πρός	r--------	r--------	
2075	ἀλλήλων	p-p---ma-	ἀλλήλων	ἀλλήλων	p-p---ma-	p-p---ma-	
2076	,	u--------	,	,	u--------	u--------	
2077	οὗτος	p-s---ng-	οὗτος	οὗτος	p-s---ng-	p-s---ng-	
2078	ἕνεκα	r--------	ἕνεκα	ἕνεκα	r--------	r--------	
2079	ἐξελαύνω	v--ana---	ἐξελαύνω	ἐξελαύνω	v--ana---	v--ana---	
2080	τις	p-p---ca-	τις	τις	p-p---ma-	p-p---ca-	
2081	ζητέω	v--ana---	ζητέω	ζητέω	v--ana---	v--ana---	
2082	ἐκ	r--------	ἐκ	ἐκ	r--------	r--------	
2083	ὁ	l-s---fg-	ὁ	ὁ	l-s---fg-	l-s---fg-	
2084	πατρίς	n-s---fg-	πατρίς	πατρίς	n-s---fg-	n-s---fg-	
2085	.	u--------	.	.	u--------	u--------	
2086	ἔπειτα	d--------	ἔπειτα	ἔπειτα	d--------	d--------	
2087	δέ	c--------	δέ	δέ	d--------	c--------	
2088	καί	c--------	καί	καί	d--------	c--------	
2089	οὐδείς	p-s---fa-	οὐδείς	οὐδείς	a-s---fa-	p-s---fa-	
2090	ἡγέομαι	v1siim---	ἡγέομαι	ἡγέομαι	v1siie---	v1siim---	
2091	πρόνοια	n-s---fa-	πρόνοια	πρόνοια	n-s---fa-	n-s---fa-	
2092	εἰμί	v--pna---	εἰμί	εἰμί	v--pna---	v--pna---	
2093	τραῦμα	n-s---ng-	τραῦμα	τραῦμα	n-s---ng-	n-s---ng-	
2094	ὅστις	p-s---mn-	ὅστις	ὅστις	p-s---mn-	p-s---mn-	
2095	μή	d--------	μή	μή	d--------	d--------	
2096	ἀποκτείνω	v--ana---	ἀποκτείνω	ἀποκτείνω	v--ana---	v--ana---	
2097	βούλομαι	v-sppmmn-	βούλομαι	βούλομαι	v-sppemn-	v-sppmmn-	
2098	τιτρώσκω	v3saia---	τιτρώσκω	τιτρώσκω	v3saia---	v3saia---	
2099	.	u--------	.	.	u--------	u--------	
2100	τίς	p-s---cn-	τις	τίς	p-s---mn-	p-s---cn-	
2101	γάρ	g--------	γάρ	γάρ	d--------	g--------	
2102	οὕτως	d--------	οὕτως	οὕτως	d--------	d--------	
2103	εἰμί	v3spia---	εἰμί	εἰμί	v3spia---	v3spia---	
2104	εὐήθης	a-s---mn-	εὐήθης	εὐήθης	a-s---mn-	a-s---mn-	
2105	,	u--------	,	,	u--------	u--------	
2106	ὅστις	p-s---mn-	ὅστις	ὅστις	p-s---mn-	p-s---mn-	
2107	ἐκ	r--------	ἐκ	ἐκ	r--------	r--------	
2108	πολύς	a-s---ng-	πολύς	πολύς	a-s---ng-	a-s---ng-	
2109	προνοέω	v3spim---	προνοοῦμαι	προνοέω	v3spie---	v3spim---	DISAGREE
2110	ὅπως	c--------	ὅπως	ὅπως	c--------	c--------	
2111	ἕλκος	n-s---na-	ἕλκος	ἕλκος	n-s---na-	n-s---na-	
2112	τις	p-s---cn-	τις	τις	p-s---mn-	p-s---cn-	
2113	αὐτός	p-s---mg-	αὐτός	αὐτός	p-s---mg-	p-s---mg-	
2114	ὁ	l-p---mg-	ὁ	ὁ	l-p---mg-	l-p---mg-	
2115	ἐχθρός	a-p---mg-	ἐχθρός	ἐχθρός	a-p---mg-	a-p---mg-	
2116	λαμβάνω	v3sfim---	λαμβάνω	λαμβάνω	v3sfim---	v3sfim---	
2117	;	u--------	;	;	u--------	u--------	
2118	ἀλλά	c--------	ἀλλά	ἀλλά	d--------	c--------	
2119	δῆλος	a-s---nn-	δῆλος	δῆλος	a-s---nn-	a-s---nn-	
2120	ὅτι	c--------	ὅτι	ὅτι	c--------	c--------	
2121	καί	c--------	καί	καί	d--------	c--------	
2122	ὁ	l-p---mn-	ὁ	ὁ	l-p---mn-	l-p---mn-	
2123	ὁ	l-p---ma-	ὁ	ὁ	l-p---ma-	l-p---ma-	
2124	νόμος	n-p---ma-	νόμος	νόμος	n-p---ma-	n-p---ma-	
2125	ἐνθάδε	d--------	ἐνθάδε	ἐνθάδε	d--------	d--------	
2126	τίθημι	v-papamn-	τίθημι	τίθημι	v-papamn-	v-papamn-	
2127	,	u--------	,	,	u--------	u--------	
2128	οὐ	d--------	οὐ	οὐ	d--------	d--------	
2129	εἰ	c--------	εἰ	εἰ	c--------	c--------	
2130	τις	p-p---cn-	τις	τις	p-p---mn-	p-p---cn-	
2131	μάχομαι	v-papmmn-	μάχομαι	μάχομαι	v-papmmn-	v-papmmn-	
2132	τυγχάνω	v3paia---	τυγχάνω	τυγχάνω	v3paia---	v3paia---	
2133	ἀλλήλων	p-p---mg-	ἀλλήλων	ἀλλήλων	p-p---mg-	p-p---mg-	
2134	κατάγνυμι	v-papamn-	κατάγνυμι	κατάγνυμι	v-papamn-	v-papamn-	
2135	ὁ	l-p---fa-	ὁ	ὁ	l-p---fa-	l-p---fa-	
2136	κεφαλή	n-p---fa-	κεφαλή	κεφαλή	n-p---fa-	n-p---fa-	
2137	,	u--------	,	,	u--------	u--------	
2138	ἐπί	r--------	ἐπί	ἐπί	r--------	r--------	
2139	οὗτος	p-p---nd-	οὗτος	οὗτος	p-p---nd-	p-p---nd-	
2140	ἀξιόω	v3paia---	ἀξιόω	ἀξιόω	v3paia---	v3paia---	
2141	ὁ	l-s---fg-	ὁ	ὁ	l-s---fg-	l-s---fg-	
2142	πατρίς	n-s---fg-	πατρίς	πατρίς	n-s---fg-	n-s---fg-	
2143	φυγή	n-s---fa-	φυγή	φυγή	n-s---fa-	n-s---fa-	
2144	ποιέω	v--anm---	ποιέω	ποιέω	v--anm---	v--anm---	
2145	·	u--------		·		u--------	glaux_only
2146	ἤ	c--------	ἤ1	ἤ	c--------	c--------	
2147	πολύς	a-p---ma-	πολύς	πολύς	a-p---ma-	a-p---ma-	
2148	γε	g--------	γε	γε	g--------	g--------	
2149	ἄν	g--------	ἄν	ἄν	g--------	g--------	
2150	ἐξελαύνω	v3paia---	ἐξελαύνω	ἐξελαύνω	v3paia---	v3paia---	
2151	·	u--------	·	·	u--------	u--------	
2152	ἀλλά	c--------	ἀλλά	ἀλλά	d--------	c--------	
2153	ὅσος	p-p---mn-	ὅσος	ὅσος	a-p---mn-	p-p---mn-	
2154	ἐπιβουλεύω	v-papamn-	ἐπιβουλεύω	ἐπιβουλεύω	v-papamn-	v-papamn-	
2155	ἀποκτείνω	v--ana---	ἀποκτείνω	ἀποκτείνω	v--ana---	v--ana---	
2156	τις	p-p---ca-	τις	τις	p-p---ma-	p-p---ca-	
2157	τιτρώσκω	v3paia---	τιτρώσκω	τιτρώσκω	v3paia---	v3paia---	
2158	,	u--------	,	,	u--------	u--------	
2159	ἀποκτείνω	v--ana---	ἀποκτείνω	ἀποκτείνω	v--ana---	v--ana---	
2160	δέ	c--------	δέ	δέ	c--------	c--------	
2161	οὐ	d--------	οὐ	οὐ	d--------	d--------	
2162	δύναμαι	v3paip---	δύναμαι	δύναμαι	v3paip---	v3paip---	
2163	,	u--------	,	,	u--------	u--------	
2164	περί	r--------	περί	περί	r--------	r--------	
2165	ὁ	l-p---ng-	ὁ	ὁ	l-p---ng-	l-p---ng-	
2166	τοιοῦτος	p-p---ng-	τοιοῦτος	τοιοῦτος	p-p---ng-	p-p---ng-	
2167	ὁ	l-p---fa-	ὁ	ὁ	l-p---fa-	l-p---fa-	
2168	τιμωρία	n-p---fa-	τιμωρία	τιμωρία	n-p---fa-	n-p---fa-	
2169	οὕτως	d--------	οὕτως	οὕτως	d--------	d--------	
2170	μέγας	a-p---fa-	μέγας	μέγας	a-p---fa-	a-p---fa-	
2171	καθίστημι	v3paim---	καθίστημι	καθίστημι	v3paim---	v3paim---	
2172	,	u--------	,	,	u--------	u--------	
2173	ἡγέομαι	v-pppmmn-	ἡγέομαι	ἡγέομαι	v-pppemn-	v-pppmmn-	
2174	,	u--------	,	,	u--------	u--------	
2175	ὑπέρ	r--------	ὑπέρ	ὑπέρ	r--------	r--------	
2176	ὅς	p-p---ng-	ὅς	ὅς	p-p---ng-	p-p---ng-	
2177	βουλεύω	v3paia---	βουλεύω	βουλεύω	v3paia---	v3paia---	
2178	καί	c--------	καί	καί	c--------	c--------	
2179	προνοοῦμαι	v3paip---		προνοοῦμαι		v3paip---	glaux_only
2180	,	u--------		,		u--------	glaux_only
2181	ὑπέρ	r--------	ὑπέρ	ὑπέρ	r--------	r--------	
2182	οὗτος	p-p---ng-	οὗτος	οὗτος	p-p---ng-	p-p---ng-	
2183	προσήκω	v--pna---	προσήκω	προσήκω	v--pna---	v--pna---	
2184	αὐτός	p-p---md-	αὐτός	αὐτός	p-p---md-	p-p---md-	
2185	δίκη	n-s---fa-	δίκη	δίκη	n-s---fa-	n-s---fa-	
2186	δίδωμι	v--ana---	δίδωμι	δίδωμι	v--ana---	v--ana---	
2187	·	u--------	·	·	u--------	u--------	
2188	εἰ	c--------	εἰ	εἰ	c--------	c--------	
2189	δέ	c--------	δέ	δέ	d--------	c--------	
2190	μή	d--------	μή	μή	d--------	d--------	
2191	κατέχω	v3paia---	κατέχω	κατέχω	v3paia---	v3paia---	
2192	,	u--------	,	,	u--------	u--------	
2193	οὐδείς	p-s---na-	οὐδείς	οὐδείς	p-s---na-	p-s---na-	
2194	ἥσσων	a-s---nac	ἥσσων	ἥσσων	a-s---nac	a-s---nac	
2195	ὁ	l-s---na-	ὁ	ὁ	l-s---nn-	l-s---na-	
2196	γε	g--------	γε	γε	d--------	g--------	
2197	ἐκεῖνος	p-p---mg-	ἐκεῖνος	ἐκεῖνος	p-p---mg-	p-p---mg-	
2198	ποιέω	v--rnm---	ποιέω	ποιέω	v--rne---	v--rnm---	
2199	.	u--------	.	.	u--------	u--------	
2200	καί	c--------	καί	καί	d--------	c--------	
2201	οὗτος	p-p---na-	οὗτος	οὗτος	p-p---na-	p-p---na-	
2202	ἤδη	d--------	ἤδη	ἤδη	d--------	d--------	
2203	καί	c--------	καί	καί	c--------	c--------	
2204	πρότερος	d-------c	πρότερος	πρότερος	a-s---na-	d-------c	
2205	πολλάκις	d--------	πολλάκις	πολλάκις	d--------	d--------	
2206	σύ	p-p---cn-	σύ	σύ	p-p---mn-	p-p---cn-	
2207	οὕτως	d--------	οὕτως	οὕτως	d--------	d--------	
2208	διαγιγνώσκω	v2paia---	διαγιγνώσκω	διαγιγνώσκω	v2paia---	v2paia---	
2209	περί	r--------	περί	περί	r--------	r--------	
2210	ὁ	l-s---fg-	ὁ	ὁ	l-s---fg-	l-s---fg-	
2211	πρόνοια	n-s---fg-	πρόνοια	πρόνοια	n-s---fg-	n-s---fg-	
2212	.	u--------	.	.	u--------	u--------	
2213	καί	c--------	καί	καί	d--------	c--------	
2214	γάρ	g--------	γάρ	γάρ	d--------	g--------	
2215	δεινός	a-s---nn-	δεινός	δεινός	a-s---nn-	a-s---nn-	
2216	ἄν	g--------	ἄν	ἄν	d--------	g--------	
2217	εἰμί	v3spoa---	εἰμί	εἰμί	v3spoa---	v3spoa---	
2218	,	u--------	,	,	u--------	u--------	
2219	εἰ	c--------	εἰ	εἰ	c--------	c--------	
2220	ὅσος	p-p---mn-	ὅσος	ὅσος	a-p---mn-	p-p---mn-	
2221	ἐκ	r--------	ἐκ	ἐκ	r--------	r--------	
2222	μέθη	n-s---fg-	μέθη	μέθη	n-s---fg-	n-s---fg-	
2223	καί	c--------	καί	καί	c--------	c--------	
2224	φιλονικία	n-s---fg-	φιλονεικία	φιλονικία	n-s---fg-	n-s---fg-	DISAGREE
2225	ἤ	c--------	ἤ1	ἤ	d--------	c--------	
2226	ἐκ	r--------	ἐκ	ἐκ	r--------	r--------	
2227	παιδιά	n-p---fg-	παιδιή	παιδιά	n-p---fg-	n-p---fg-	DISAGREE
2228	ἤ	c--------	ἤ1	ἤ	d--------	c--------	
2229	ἐκ	r--------	ἐκ	ἐκ	r--------	r--------	
2230	λοιδορία	n-s---fg-	λοιδορία	λοιδορία	n-s---fg-	n-s---fg-	
2231	ἤ	c--------	ἤ1	ἤ	c--------	c--------	
2232	περί	r--------	περί	περί	r--------	r--------	
2233	ἑταίρα	n-s---fg-	ἑταίρα	ἑταίρα	n-s---fg-	n-s---fg-	
2234	μάχομαι	v-pppmmn-	μάχομαι	μάχομαι	v-pppemn-	v-pppmmn-	
2235	ἕλκος	n-s---na-	ἕλκος	ἕλκος	n-s---na-	n-s---na-	
2236	λαμβάνω	v3paia---	λαμβάνω	λαμβάνω	v3paia---	v3paia---	
2237	,	u--------	,	,	u--------	u--------	
2238	εἰ	c--------	εἰ	εἰ	c--------	c--------	
2239	ὑπέρ	r--------	ὑπέρ	ὑπέρ	r--------	r--------	
2240	οὗτος	p-p---ng-	οὗτος	οὗτος	p-p---mg-	p-p---ng-	
2241	ὅς	p-p---ng-	ὅς	ὅς	v-sppamn-	p-p---ng-	
2242	,	u--------	,	,	u--------	u--------	
2243	ἐπειδάν	c--------	ἐπειδάν	ἐπειδάν	c--------	c--------	
2244	ἀγαθός	a-s---nac	βελτίων	ἀγαθός	a-s---nac	a-s---nac	DISAGREE
2245	φρονέω	v3pasa---	φρονέω	φρονέω	v3pasa---	v3pasa---	
2246	,	u--------	,	,	u--------	u--------	
2247	ἅπας	p-p---md-	ἅπας	ἅπας	a-p---md-	p-p---md-	
2248	μεταμέλομαι	v3spia---	μεταμέλει	μεταμέλομαι	v3spia---	v3spia---	DISAGREE
2249	,	u--------	,	,	u--------	u--------	
2250	οὕτως	d--------	οὕτως	οὕτως	d--------	d--------	
2251	καί	c--------	καί	καί	d--------	c--------	
2252	σύ	p-p---cn-	σύ	σύ	p-p---mn-	p-p---cn-	
2253	μέγας	a-p---fa-	μέγας	μέγας	a-p---fa-	a-p---fa-	
2254	καί	c--------	καί	καί	c--------	c--------	
2255	δεινός	a-p---fa-	δεινός	δεινός	a-p---fa-	a-p---fa-	
2256	ὁ	l-p---fa-	ὁ	ὁ	l-p---fa-	l-p---fa-	
2257	τιμωρία	n-p---fa-	τιμωρία	τιμωρία	n-p---fa-	n-p---fa-	
2258	ποιέω	v2pfim---	ποιέω	ποιέω	v2pfim---	v2pfim---	
2259	,	u--------	,	,	u--------	u--------	
2260	ὥστε	c--------	ὥστε	ὥστε	c--------	c--------	
2261	ἐξελαύνω	v--pna---	ἐξελαύνω	ἐξελαύνω	v--pna---	v--pna---	
2262	τις	p-p---ca-	τις	τις	p-p---ma-	p-p---ca-	
2263	ὁ	l-p---mg-	ὁ	ὁ	l-p---mg-	l-p---mg-	
2264	πολίτης	n-p---mg-	πολίτης	πολίτης	n-p---mg-	n-p---mg-	
2265	ἐκ	r--------	ἐκ	ἐκ	r--------	r--------	
2266	ὁ	l-s---fg-	ὁ	ὁ	l-s---fg-	l-s---fg-	
2267	πατρίς	n-s---fg-	πατρίς	πατρίς	n-s---fg-	n-s---fg-	
2268	.	u--------	.	.	u--------	u--------	
2269	θαυμάζω	v1spia---	θαυμάζω	θαυμάζω	v1spia---	v1spia---	
2270	δέ	c--------	δέ	δέ	d--------	c--------	
2271	μάλα	d-------s	μάλιστα	μάλα	d-------s	d-------s	DISAGREE
2272	οὗτος	p-s---ng-	οὗτος	οὗτος	p-s---mg-	p-s---ng-	
2273	ὁ	l-s---fg-	ὁ	ὁ	l-s---fg-	l-s---fg-	
2274	διάνοια	n-s---fg-	διάνοια	διάνοια	n-s---fg-	n-s---fg-	
2275	.	u--------	.	.	u--------	u--------	
2276	οὐ	d--------	οὐ	οὐ	d--------	d--------	
2277	γάρ	g--------	γάρ	γάρ	d--------	g--------	
2278	ὁ	l-s---mg-	ὁ	ὁ	l-s---ng-	l-s---mg-	
2279	αὐτός	p-s---mg-	αὐτός	αὐτός	p-s---ng-	p-s---mg-	
2280	ἐγώ	p-s---cd-	ἐγώ	ἐγώ	p1s---md-	p-s---cd-	
2281	δοκέω	v3spia---	δοκέω	δοκέω	v3spia---	v3spia---	
2282	εἰμί	v--pna---	εἰμί	εἰμί	v--pna---	v--pna---	
2283	ἐράω	v--pna---	ἐράω1	ἐράω	v--pna---	v--pna---	
2284	τε	c--------	τε	τε	d--------	c--------	
2285	καί	c--------	καί	καί	c--------	c--------	
2286	συκοφαντέω	v--pna---	συκοφαντέω	συκοφαντέω	v--pna---	v--pna---	
2287	,	u--------	,	,	u--------	u--------	
2288	ἀλλά	c--------	ἀλλά	ἀλλά	c--------	c--------	
2289	ὁ	l-s---nn-	ὁ	ὁ	l-s---nn-	l-s---nn-	
2290	μέν	g--------	μέν	μέν	d--------	g--------	
2291	ὁ	l-p---mg-	ὁ	ὁ	l-p---mg-	l-p---mg-	
2292	εὐήθης	a-p---mgc	εὐήθης	εὐήθης	a-p---mgc	a-p---mgc	
2293	,	u--------	,	,	u--------	u--------	
2294	ὁ	l-s---nn-	ὁ	ὁ	l-s---nn-	l-s---nn-	
2295	δέ	c--------	δέ	δέ	c--------	c--------	
2296	ὁ	l-p---mg-	ὁ	ὁ	l-p---mg-	l-p---mg-	
2297	πάνουργος	a-p---mgs	πάνουργος	πάνουργος	a-p---mgs	a-p---mgs	
2298	.	u--------	.	.	u--------	u--------	
2299	βούλομαι	v1siim---	βούλομαι	βούλομαι	v1siie---	v1siim---	
2300	δέ	c--------	δέ	δέ	d--------	c--------	
2301	ἄν	g--------	ἄν	ἄν	d--------	g--------	
2302	ἔξεστι	v--pna---	ἔξεστι	ἔξεστι	v--ana---	v--pna---	
2303	ἐγώ	p-s---cd-	ἐγώ	ἐγώ	p1s---md-	p-s---cd-	
2304	παρά	r--------	παρά	παρά	r--------	r--------	
2305	σύ	p-p---cd-	σύ	σύ	p-p---md-	p-p---cd-	
2306	καί	c--------	καί	καί	d--------	c--------	
2307	ἐκ	r--------	ἐκ	ἐκ	r--------	r--------	
2308	ὁ	l-p---mg-	ὁ	ὁ	l-p---ng-	l-p---mg-	
2309	ἄλλος	p-p---mg-	ἄλλος	ἄλλος	p-p---ng-	p-p---mg-	
2310	ἐπιδείκνυμι	v--ana---	ἐπιδείκνυμι	ἐπιδείκνυμι	v--ana---	v--ana---	
2311	ὁ	l-s---fa-	ὁ	ὁ	l-s---fa-	l-s---fa-	
2312	οὗτος	p-s---mg-	οὗτος	οὗτος	p-s---mg-	p-s---mg-	
2313	πονηρία	n-s---fa-	πονηρία	πονηρία	n-s---fa-	n-s---fa-	
2314	,	u--------	,	,	u--------	u--------	
2315	ἵνα	c--------	ἵνα	ἵνα	c--------	c--------	
2316	ἐπίσταμαι	v2piim---	ἐπίσταμαι	ἐπίσταμαι	v2piie---	v2piim---	
2317	ὅτι	c--------	ὅτι	ὅτι	c--------	c--------	
2318	πολύς	a-s---na-	πολύς	πολύς	a-s---na-	a-s---na-	
2319	ἄν	g--------	ἄν	ἄν	d--------	g--------	
2320	δίκαιος	a-s---nac	δίκαιος	δίκαιος	a-s---nac	a-s---nac	
2321	αὐτός	p-s---mn-	αὐτός	αὐτός	p-s---mn-	p-s---mn-	
2322	περί	r--------	περί	περί	r--------	r--------	
2323	θάνατος	n-s---mg-	θάνατος	θάνατος	n-s---mg-	n-s---mg-	
2324	ἀγωνίζομαι	v3siim---	ἀγωνίζομαι	ἀγωνίζομαι	v3siie---	v3siim---	
2325	ἤ	c--------	ἤ1	ἤ	c--------	c--------	
2326	ἕτερος	p-p---ma-	ἕτερος	ἕτερος	a-p---ma-	p-p---ma-	
2327	ὑπέρ	r--------	ὑπέρ	ὑπέρ	r--------	r--------	
2328	ὁ	l-s---fg-	ὁ	ὁ	l-s---fg-	l-s---fg-	
2329	πατρίς	n-s---fg-	πατρίς	πατρίς	n-s---fg-	n-s---fg-	
2330	εἰς	r--------	εἰς	εἰς	r--------	r--------	
2331	κίνδυνος	n-s---ma-	κίνδυνος	κίνδυνος	n-s---ma-	n-s---ma-	
2332	καθίστημι	v3siia---	καθίστημι	καθίστημι	v3siia---	v3siia---	
2333	.	u--------	.	.	u--------	u--------	
2334	ὁ	l-p---na-	ὁ	ὁ	l-p---na-	l-p---na-	
2335	μέν	g--------	μέν	μέν	g--------	g--------	
2336	οὖν	g--------	οὖν	οὖν	g--------	g--------	
2337	ἄλλος	p-p---na-	ἄλλος	ἄλλος	a-p---na-	p-p---na-	
2338	ἐάω	v1sfia---	ἐάω	ἐάω	v1sfia---	v1sfia---	
2339	·	u--------	·	·	u--------	u--------	
2340	ὅς	p-s---na-	ὅς	ὅς	p-s---na-	p-s---na-	
2341	δέ	c--------	δέ	δέ	d--------	c--------	
2342	ἡγέομαι	v1spim---	ἡγέομαι	ἡγέομαι	v1spie---	v1spim---	
2343	σύ	p-p---cd-	σύ	σύ	p-p---md-	p-p---cd-	
2344	προσήκω	v--pna---	προσήκω	προσήκω	v--pna---	v--pna---	
2345	ἀκούω	v--ana---	ἀκούω	ἀκούω	v--ana---	v--ana---	
2346	καί	c--------	καί	καί	c--------	c--------	
2347	τεκμήριον	n-s---na-	τεκμήριον	τεκμήριον	n-s---na-	n-s---na-	
2348	εἰμί	v--fnm---	εἰμί	εἰμί	v--fnm---	v--fnm---	
2349	ὁ	l-s---fg-	ὁ	ὁ	l-s---fg-	l-s---fg-	
2350	οὗτος	p-s---mg-	οὗτος	οὗτος	p-s---mg-	p-s---mg-	
2351	θρασύτης	n-s---fg-	θρασύτης	θρασύτης	n-s---fg-	n-s---fg-	
2352	καί	c--------	καί	καί	c--------	c--------	
2353	τόλμα	n-s---fg-	τόλμα	τόλμα	n-s---fg-	n-s---fg-	
2354	,	u--------	,	,	u--------	u--------	
2355	περί	r--------	περί	περί	r--------	r--------	
2356	οὗτος	p-s---ng-	οὗτος	οὗτος	p-s---ng-	p-s---ng-	
2357	μιμνῄσκω	v1sfip---	μιμνήσκω	μιμνῄσκω	v1sfip---	v1sfip---	
2358	.	u--------	.	.	u--------	u--------	
2359	ἐν	r--------	ἐν	ἐν	r--------	r--------	
2360	Κόρινθος	n-s---fd-	κόρινθος	Κόρινθος	n-s---fd-	n-s---fd-	
2361	γάρ	g--------	γάρ	γάρ	d--------	g--------	
2362	,	u--------	,	,	u--------	u--------	
2363	ἐπειδή	c--------	ἐπεί	ἐπειδή	c--------	c--------	DISAGREE
2364	ὕστερον	d-------c	ὕστερος	ὕστερον	a-s---na-	d-------c	DISAGREE
2365	ἔρχομαι	v3saia---	ἔρχομαι	ἔρχομαι	v3saia---	v3saia---	
2366	ὁ	l-s---fg-	ὁ	ὁ	l-s---fg-	l-s---fg-	
2367	πρός	r--------	πρός	πρός	r--------	r--------	
2368	ὁ	l-p---ma-	ὁ	ὁ	l-p---ma-	l-p---ma-	
2369	πολέμιος	a-p---ma-	πολέμιος	πολέμιος	n-p---ma-	a-p---ma-	
2370	μάχη	n-s---fg-	μάχη	μάχη	n-s---fg-	n-s---fg-	
2371	καί	c--------	καί	καί	c--------	c--------	
2372	ὁ	l-s---fg-	ὁ	ὁ	l-s---fg-	l-s---fg-	
2373	εἰς	r--------	εἰς	εἰς	r--------	r--------	
2374	Κορώνεια	n-s---fa-	κορώνεια	Κορώνεια	n-s---fa-	n-s---fa-	
2375	στρατεία	n-s---fg-	στρατεία	στρατεία	n-s---fg-	n-s---fg-	
2376	,	u--------	,	,	u--------	u--------	
2377	μάχομαι	v3siim---	μάχομαι	μάχομαι	v3siie---	v3siim---	
2378	ὁ	l-s---md-	ὁ	ὁ	l-s---md-	l-s---md-	
2379	ταξίαρχος	n-s---md-	ταξίαρχος	ταξίαρχος	n-s---md-	n-s---md-	
2380	Λάχης	n-s---md-	λάχης	Λάχης	n-s---md-	n-s---md-	
2381	καί	c--------	καί	καί	c--------	c--------	
2382	τύπτω	v3siia---	τύπτω	τύπτω	v3siia---	v3siia---	
2383	αὐτός	p-s---ma-	αὐτός	αὐτός	p-s---ma-	p-s---ma-	
2384	,	u--------	,	,	u--------	u--------	
2385	καί	c--------	καί	καί	c--------	c--------	
2386	πανστρατιά	n-s---fd-	πανστρατιά	πανστρατιά	d--------	n-s---fd-	
2387	ὁ	l-p---mg-	ὁ	ὁ	l-p---mg-	l-p---mg-	
2388	πολίτης	n-p---mg-	πολίτης	πολίτης	n-p---mg-	n-p---mg-	
2389	ἐξέρχομαι	v-papamg-	ἐξέρχομαι	ἐξέρχομαι	v-papamg-	v-papamg-	
2390	,	u--------	,	,	u--------	u--------	
2391	δοκέω	v-sapamn-	δοκέω	δοκέω	v-sapamn-	v-sapamn-	
2392	ἄκοσμος	a-s---mns	ἄκοσμος	ἄκοσμος	a-s---mns	a-s---mns	
2393	εἰμί	v--pna---	εἰμί	εἰμί	v--pna---	v--pna---	
2394	καί	c--------	καί	καί	c--------	c--------	
2395	πονηρός	a-s---mns	πονηρός	πονηρός	a-s---mns	a-s---mns	
2396	,	u--------	,	,	u--------	u--------	
2397	μόνος	a-s---mn-	μόνος	μόνος	a-s---mn-	a-s---mn-	
2398	Ἀθηναῖος	a-p---mg-	ἀθήναιος	Ἀθηναῖος	n-p---mg-	a-p---mg-	
2399	ὑπό	r--------	ὑπό	ὑπό	r--------	r--------	
2400	ὁ	l-p---mg-	ὁ	ὁ	l-p---mg-	l-p---mg-	
2401	στρατηγός	n-p---mg-	στρατηγός	στρατηγός	n-p---mg-	n-p---mg-	
2402	ἐκκηρύσσω	v3saip---	ἐκκηρύσσω	ἐκκηρύσσω	v3saip---	v3saip---	
2403	.	u--------	.	.	u--------	u--------	
2404	ἔχω	v1spoa---	ἔχω	ἔχω	v1spoa---	v1spoa---	
2405	δέ	c--------	δέ	δέ	d--------	c--------	
2406	ἄν	g--------	ἄν	ἄν	d--------	g--------	
2407	καί	c--------	καί	καί	d--------	c--------	
2408	ἄλλος	p-p---na-	ἄλλος	ἄλλος	p-p---na-	p-p---na-	
2409	πολύς	a-p---na-	πολύς	πολύς	a-p---na-	a-p---na-	
2410	λέγω	v--ana---	εἶπον	λέγω	v--ana---	v--ana---	DISAGREE
2411	περί	r--------	περί	περί	r--------	r--------	
2412	οὗτος	p-s---ng-	οὗτος	οὗτος	p-s---ng-	p-s---ng-	
2413	,	u--------	,	,	u--------	u--------	
2414	ἀλλά	c--------	ἀλλά	ἀλλά	c--------	c--------	
2415	ἐπειδή	c--------	ἐπεί	ἐπειδή	c--------	c--------	DISAGREE
2416	παρά	r--------	παρά	παρά	r--------	r--------	
2417	σύ	p-p---cd-	σύ	σύ	p-p---md-	p-p---cd-	
2418	οὐ	d--------	οὐ	οὐ	d--------	d--------	
2419	νόμιμος	a-s---nn-	νόμιμος	νόμιμος	a-s---nn-	a-s---nn-	
2420	εἰμί	v3spia---	εἰμί	εἰμί	v3spia---	v3spia---	
2421	ἔξω	d--------	ἔξω	ἔξω	r--------	d--------	
2422	ὁ	l-s---ng-	ὁ	ὁ	l-s---ng-	l-s---ng-	
2423	πρᾶγμα	n-s---ng-	πρᾶγμα	πρᾶγμα	n-s---ng-	n-s---ng-	
2424	λέγω	v--pna---	λέγω3	λέγω	v--pna---	v--pna---	
2425	,	u--------	,	,	u--------	u--------	
2426	ἐκεῖνος	p-s---na-	ἐκεῖνος	ἐκεῖνος	p-s---na-	p-s---na-	
2427	ἐνθυμέομαι	v2ppmm---	ἐνθυμέομαι	ἐνθυμέομαι	v2ppme---	v2ppmm---	
2428	·	u--------	·	·	u--------	u--------	
2429	οὗτος	p-p---mn-	οὗτος	οὗτος	p-p---mn-	p-p---mn-	
2430	εἰμί	v3ppia---	εἰμί	εἰμί	v3ppia---	v3ppia---	
2431	ὁ	l-p---mn-	ὁ	ὁ	l-p---mn-	l-p---mn-	
2432	βία	n-s---fd-	βία	βία	n-s---fd-	n-s---fd-	
2433	εἰς	r--------	εἰς	εἰς	r--------	r--------	
2434	ὁ	l-s---fa-	ὁ	ὁ	l-s---fa-	l-s---fa-	
2435	ἡμέτερος	a-s---fa-	ἡμέτερος	ἡμέτερος	a-s---fa-	a-s---fa-	
2436	οἰκία	n-s---fa-	οἰκία	οἰκία	n-s---fa-	n-s---fa-	
2437	εἰσέρχομαι	v-pppamn-	εἰσέρχομαι	εἰσέρχομαι	v-pppamn-	v-pppamn-	
2438	,	u--------	,	,	u--------	u--------	
2439	οὗτος	p-p---mn-	οὗτος	οὗτος	p-p---mn-	p-p---mn-	
2440	ὁ	l-p---mn-	ὁ	ὁ	l-p---mn-	l-p---mn-	
2441	διώκω	v-pppamn-	διώκω	διώκω	v-pppamn-	v-pppamn-	
2442	,	u--------	,	,	u--------	u--------	
2443	οὗτος	p-p---mn-	οὗτος	οὗτος	p-p---mn-	p-p---mn-	
2444	ὁ	l-p---mn-	ὁ	ὁ	l-p---mn-	l-p---mn-	
2445	βία	n-s---fd-	βία	βία	n-s---fd-	n-s---fd-	
2446	ἐκ	r--------	ἐκ	ἐκ	r--------	r--------	
2447	ὁ	l-s---fg-	ὁ	ὁ	l-s---fg-	l-s---fg-	
2448	ὁδός	n-s---fg-	ὁδός	ὁδός	n-s---fg-	n-s---fg-	
2449	συναρπάζω	v-pppamn-	συναρπάζω	συναρπάζω	v-pppamn-	v-pppamn-	
2450	ἐγώ	p-p---ca-	ἐγώ	ἐγώ	p-p---ma-	p-p---ca-	
2451	.	u--------	.	.	u--------	u--------	
2452	ὅς	p-p---ng-	ὅς	ὅς	p-p---mg-	p-p---ng-	
2453	σύ	p-p---cn-	σύ	σύ	p-p---mn-	p-p---cn-	
2454	μιμνῄσκω	v-prpmmn-	μιμνήσκω	μιμνῄσκω	v-prpemn-	v-prpmmn-	
2455	ὁ	l-p---na-	ὁ	ὁ	l-p---na-	l-p---na-	
2456	δίκαιος	a-p---na-	δίκαιος	δίκαιος	a-p---na-	a-p---na-	
2457	ψηφίζω	v2ppmm---	ψηφίζω	ψηφίζω	v2ppie---	v2ppmm---	
2458	,	u--------	,	,	u--------	u--------	
2459	καί	c--------	καί	καί	c--------	c--------	
2460	μή	d--------	μή	μή	d--------	d--------	
2461	περιοράω	v2pasa---	περιοράω	περιοράω	v2pasa---	v2pasa---	
2462	ἐκ	r--------	ἐκ	ἐκ	r--------	r--------	
2463	ὁ	l-s---fg-	ὁ	ὁ	l-s---fg-	l-s---fg-	
2464	πατρίς	n-s---fg-	πατρίς	πατρίς	n-s---fg-	n-s---fg-	
2465	ἄδικος	d--------	ἄδικος	ἄδικος	d--------	d--------	
2466	ἐκπίπτω	v-sapama-	ἐκπίτνω	ἐκπίπτω	v-sapama-	v-sapama-	DISAGREE
2467	,	u--------	,	,	u--------	u--------	
2468	ὑπέρ	r--------	ὑπέρ	ὑπέρ	r--------	r--------	
2469	ὅς	p-s---fg-	ὅς	ὅς	p-s---fg-	p-s---fg-	
2470	ἐγώ	p-s---cn-	ἐγώ	ἐγώ	p1s---mn-	p-s---cn-	
2471	πολύς	a-p---ma-	πολύς	πολύς	a-p---ma-	a-p---ma-	
2472	κίνδυνος	n-p---ma-	κίνδυνος	κίνδυνος	n-p---ma-	n-p---ma-	
2473	κινδυνεύω	v1sria---	θαρσέω	κινδυνεύω	v1sria---	v1sria---	DISAGREE
2474	καί	c--------	καί	καί	c--------	c--------	
2475	πολύς	a-p---fa-	πολύς	πολύς	a-p---fa-	a-p---fa-	
2476	λειτουργία	n-p---fa-	λειτουργία	λειτουργία	n-p---fa-	n-p---fa-	
2477	λειτουργέω	v1sria---	λειτουργέω	λειτουργέω	v1sria---	v1sria---	
2478	,	u--------	,	,	u--------	u--------	
2479	καί	c--------	καί	καί	c--------	c--------	
2480	κακός	a-s---ng-	κακός	κακός	a-s---ng-	a-s---ng-	
2481	μέν	g--------	μέν	μέν	d--------	g--------	
2482	αὐτός	p-s---fd-	αὐτός	αὐτός	p-s---fd-	p-s---fd-	
2483	οὐδείς	p-s---ng-	οὐδείς	οὐδείς	p-s---ng-	p-s---ng-	
2484	αἴτιος	a-s---mn-	αἴτιος	αἴτιος	a-s---mn-	a-s---mn-	
2485	γίγνομαι	v1srim---	γίγνομαι	γίγνομαι	v1srie---	v1srim---	
2486	,	u--------	,	,	u--------	u--------	
2487	οὐ	d--------	οὐ	οὐ	d--------	d--------	
2488	δέ	c--------	δέ		c--------		oga_only
2489	ὁ	l-p---mg-	ὁ	ὁ	l-p---mg-	l-p---mg-	
2490	ἐμός	a-p---mg-	ἐμός	ἐμός	a-p---mg-	a-p---mg-	
2491	πρόγονος	n-p---mg-	πρόγονος	πρόγονος	n-p---mg-	n-p---mg-	
2492	οὐδείς	p-s---mn-	οὐδείς	οὐδείς	p-s---mn-	p-s---mn-	
2493	,	u--------	,	,	u--------	u--------	
2494	ἀγαθός	a-p---ng-	ἀγαθός	ἀγαθός	a-p---ng-	a-p---ng-	
2495	δέ	c--------	δέ	δέ	c--------	c--------	
2496	πολύς	a-p---ng-	πολύς	πολύς	a-p---ng-	a-p---ng-	
2497	·	u--------		·		u--------	glaux_only
2498	ὥστε	c--------	ὥστε	ὥστε	d--------	c--------	
2499	δίκαιος	d--------	δίκαιος	δίκαιος	d--------	d--------	
2500	ἄν	g--------	ἄν	ἄν	d--------	g--------	
2501	ὑπό	r--------	ὑπό	ὑπό	r--------	r--------	
2502	σύ	p-p---cg-	σύ	σύ	p-p---mg-	p-p---cg-	
2503	καί	c--------	καί	καί	c--------	c--------	
2504	ὑπό	r--------	ὑπό	ὑπό	r--------	r--------	
2505	ὁ	l-p---mg-	ὁ	ὁ	l-p---mg-	l-p---mg-	
2506	ἄλλος	p-p---mg-	ἄλλος	ἄλλος	p-p---mg-	p-p---mg-	
2507	ἐλεέω	v1saop---	ἐλεέω	ἐλεέω	v1saop---	v1saop---	
2508	,	u--------	,	,	u--------	u--------	
2509	οὐ	d--------	οὐ	οὐ	d--------	d--------	
2510	μόνος	d--------	μόνος	μόνος	d--------	d--------	
2511	εἰ	c--------	εἰ	εἰ	c--------	c--------	
2512	τις	p-s---na-	τις	τις	p-s---na-	p-s---na-	
2513	πάσχω	v1saoa---	πάσχω	πάσχω	v1saoa---	v1saoa---	
2514	ὅς	p-p---ng-	ὅς	ὅς	p-p---ng-	p-p---ng-	
2515	Σίμων	n-s---mn-	σίμων	Σίμων	n-s---mn-	n-s---mn-	
2516	βούλομαι	v3spim---	βούλομαι	βούλομαι	v3spie---	v3spim---	
2517	,	u--------	,	,	u--------	u--------	
2518	ἀλλά	c--------	ἀλλά	ἀλλά	c--------	c--------	
2519	καί	c--------	καί	καί	d--------	c--------	
2520	ὅτι	c--------	ὅτι	ὅτι	c--------	c--------	
2521	ἀναγκάζω	v1saip---	ἀναγκάζω	ἀναγκάζω	v1saip---	v1saip---	
2522	ἐκ	r--------	ἐκ	ἐκ	r--------	r--------	
2523	τοιοῦτος	p-p---ng-	τοιοῦτος	τοιοῦτος	a-p---ng-	p-p---ng-	
2524	πρᾶγμα	n-p---ng-	πρᾶγμα	πρᾶγμα	n-p---ng-	n-p---ng-	
2525	εἰς	r--------	εἰς	εἰς	r--------	r--------	
2526	τοιοῦτος	p-p---ma-	τοιοῦτος	τοιοῦτος	a-p---ma-	p-p---ma-	
2527	ἀγών	n-p---ma-	ἀγών	ἀγών	n-p---ma-	n-p---ma-	
2528	καθίστημι	v--ana---	καθίστημι	καθίστημι	v--ana---	v--ana---	
2529	.	u--------	.	.	u--------	u--------	
