token_id	text
1	ἄνδρες
2	δικασταί
3	,
4	μάλιστα
5	μὲν
6	εἵνεκα
7	τοῦ
8	νομίζειν
9	συμφέρειν
10	τῇ
11	πόλει
12	λελύσθαι
13	τὸν
14	νόμον
15	,
16	εἶτα
17	καὶ
18	τοῦ
19	παιδὸς
20	εἵνεκα
21	τοῦ
22	Χαβρίου
23	ὡμολόγησα
24	τούτοις
25	,
26	ὡς
27	ἂν
28	οἷός
29	τ’
30	ὦ
31	,
32	συνερεῖν
33	.
34	ἔστι
35	δ’
36	οὐκ
37	ἄδηλον
38	,
39	ὦ
40	ἄνδρες
41	Ἀθηναῖοι
42	,
43	τοῦθ’
44	,
45	ὅτι
46	Λεπτίνης
47	,
48	κ
49	ἄν
50	τις
51	ἄλλος
52	ὑπὲρ
53	τοῦ
54	νόμου
55	λέγῃ
56	,
57	δίκαιον
58	μὲν
59	οὐδὲν
60	ἐρεῖ
61	περὶ
62	αὐτοῦ
63	,
64	φήσει
65	δ’
66	ἀναξίους
67	τινὰς
68	ἀνθρώπους
69	εὑρομένους
70	ἀτέλειαν
71	ἐκδεδυκέναι
72	τὰς
73	λῃτουργίας
74	,
75	καὶ
76	τούτῳ
77	πλείστῳ
78	χρήσεται
79	τῷ
80	λόγῳ
81	.
82	ἐγὼ
83	δ’
84	ὅτι
85	μὲν
86	τινῶν
87	κατηγοροῦντα
88	πάντας
89	ἀφαιρεῖσθαι
90	τὴν
91	δωρειὰν
92	τῶν
93	ἀδίκων
94	ἐστίν
95	,
96	ἐάσω
97	·
98	καὶ
99	γὰρ
100	εἴρηται
101	τρόπον
102	τινὰ
103	καὶ
104	ὑφ’
105	ὑμῶν
106	ἴσως
107	γιγνώσκεται
108	·
109	ἀλλ’
110	ἐκεῖν’
111	ἂν
112	ἐροίμην
113	ἡδέως
114	αὐτόν
115	,
116	τίνος
117	εἵνεκα
118	,
119	εἰ
120	τὰ
121	μάλιστα
122	μὴ
123	τινὲς
124	ἀλλὰ
125	πάντες
126	ἦσαν
127	ἀνάξιοι
128	,
129	τῶν
130	αὐτῶν
131	ἠξίωσεν
132	ὑμᾶς
133	τε
134	καὶ
135	τούτους
136	.
137	ἐν
138	μὲν
139	γὰρ
140	τῷ
141	γράψαι
142	μηδέν’
143	εἶναι
144	ἀτελῆ
145	,
146	τοὺς
147	ἔχοντας
148	ἀφείλετο
149	τὴν
150	ἀτέλειαν
151	,
152	ἐν
153	δὲ
154	τῷ
155	προσγράψαι
156	μη
157	δὲ
158	τὸ
159	λοιπὸν
160	ἐξεῖναι
161	δοῦναι
162	,
163	ὑμᾶς
164	τὸ
165	δοῦναι
166	ὑμῖν
167	ἐξεῖναι
168	.
169	οὐ
170	γὰρ
171	ἐκεῖνό
172	γ’
173	ἔνεστιν
174	εἰπεῖν
175	,
176	ὡς
177	τὸν
178	αὐτὸν
179	τρόπον
180	,
181	ὅνπερ
182	τοὺς
183	ἔχοντας
184	τὴν
185	δωρειὰν
186	ἀναξίους
187	ἐνόμιζεν
188	,
189	οὕτω
190	καὶ
191	τὸν
192	δῆμον
193	ἀνάξιον
194	ἡγεῖτο
195	κύριον
196	εἶναι
197	τοῦ
198	δοῦναι
199	,
200	ἐάν
201	τῳ
202	βούληται
203	.
204	ἀλλὰ
205	νὴ
206	Δι’
207	ἐκεῖν’
208	ἂν
209	ἴσως
210	εἴποι
211	πρὸς
212	ταῦτα
213	,
214	ὅτι
215	διὰ
216	τὸ
217	ῥᾳδίως
218	ἐξαπατᾶσθαι
219	τὸν
220	δῆμον
221	,
222	διὰ
223	τοῦθ’
224	οὕτως
225	ἔθηκε
226	τὸν
227	νόμον
228	.
229	τί
230	οὖν
231	κωλύει
232	πάντ’
233	ἀφῃρῆσθαι
234	καὶ
235	ὅλως
236	τὴν
237	πολιτείαν
238	ὑμᾶς
239	κατὰ
240	τοῦτον
241	τὸν
242	λόγον
243	;
244	οὐ
245	γὰρ
246	ἔστ’
247	ἐφ’
248	ὅτου
249	τοῦτ’
250	οὐ
251	πεπόνθατε
252	τῶν
253	πάντων
254	,
255	ἀλλὰ
256	καὶ
257	ψηφίσματα
258	πολλὰ
259	πολλάκις
260	ἐξαπατηθέντες
261	κεχειροτονήκατε
262	,
263	καὶ
264	συμμάχους
265	ἤδη
266	τινὰς
267	ἥττους
268	ἀντὶ
269	κρειττόνων
270	ἐπείσθηθ’
271	ἑλέσθαι
272	,
273	καὶ
274	ὅλως
275	ἐν
276	οἶμαι
277	πολλοῖς
278	οἷς
279	πράττετε
280	καὶ
281	τοιοῦτόν
282	τι
283	συμβαίνειν
284	ἀνάγκη
285	.
286	ἆρ’
287	οὖν
288	θησόμεθα
289	νόμον
290	διὰ
291	ταῦτα
292	μη
293	δὲ
294	τὸ
295	λοιπὸν
296	ἐξεῖναι
297	τῇ
298	βουλῇ
299	μη
300	δὲ
301	τῷ
302	δήμῳ
303	μή
304	τε
305	προβουλεύειν
306	μή
307	τε
308	χειροτονεῖν
309	μηδέν
310	;
311	ἐγὼ
312	μὲν
313	οὐκ
314	οἶμαι
315	·
316	οὐ
317	γάρ
318	ἐσμεν
319	ἀφαιρεθῆναι
320	δίκαιοι
321	περὶ
322	ὧν
323	ἂν
324	ἐξαπατηθῶμεν
325	,
326	ἀλλὰ
327	διδαχθῆναι
328	πῶς
329	τοῦτο
330	μὴ
331	πεισόμεθα
332	,
333	καὶ
334	θέσθαι
335	νόμον
336	οὐχ
337	ὃς
338	ἀφαιρήσεται
339	τὸ
340	κυρίους
341	ἡμᾶς
342	εἶναι
343	,
344	ἀλλὰ
345	δι’
346	οὗ
347	τὸν
348	ἐξαπατῶντα
349	τιμωρησόμεθα
350	.
351	εἰ
352	τοίνυν
353	τις
354	ἐάσας
355	ταῦτ’
356	αὐτὸ
357	καθ’
358	αὕτ’
359	ἐξετάσειεν
360	,
361	πότερόν
362	ποτε
363	λυσιτελέστερόν
364	ἐστι
365	κυρίους
366	μὲν
367	ὑμᾶς
368	εἶναι
369	τῆς
370	δωρειᾶς
371	,
372	ἐξαπατηθέντας
373	δέ
374	τι
375	καὶ
376	φαύλῳ
377	τινὶ
378	δοῦναι
379	,
380	ἢ
381	διὰ
382	τοῦ
383	παντελῶς
384	ἀκύρους
385	γενέσθαι
386	μηδ’
387	ἂν
388	ἄξιόν
389	τιν’
390	εἰδῆτ’
391	ἐξεῖναι
392	τιμῆσαι
393	,
394	εὕροιτ’
395	ἂν
396	μᾶλλον
397	ἐκεῖνο
398	λυσιτελοῦν
399	.
400	διὰ
401	τί
402	;
403	ὅτι
404	ἐκ
405	μὲν
406	τοῦ
407	πλείονας
408	ἢ
409	προσήκει
410	τιμᾶν
411	πολλοὺς
412	εὖ
413	ποιεῖν
414	προκαλεῖσθ’
415	ὑμᾶς
416	,
417	ἐκ
418	δὲ
419	τοῦ
420	μηδενὶ
421	μηδέν
422	,
423	μηδ’
424	ἂν
425	ἄξιος
426	ᾖ
427	,
428	διδόναι
429	,
430	πάντας
431	ἀπείρξετε
432	τοῦ
433	φιλοτιμεῖσθαι
434	.
435	πρὸς
436	δὲ
437	τούτῳ
438	καὶ
439	δι’
440	ἐκεῖνο
441	,
442	ὅτι
443	οἱ
444	μὲν
445	ἀνάξιόν
446	τινα
447	τιμήσαντες
448	εὐηθείας
449	τινὰ
450	δόξαν
451	ἔχοιεν
452	ἄν
453	,
454	οἱ
455	δὲ
456	τοὺς
457	ἀγαθόν
458	τι
459	ποιοῦντας
460	ἑαυτοὺς
461	μὴ
462	τοῖς
463	ὁμοίοις
464	ἀμειβόμενοι
465	,
466	κακίας
467	.
468	ὅσῳ
469	δὴ
470	κρεῖττον
471	εὐήθη
472	δοκεῖν
473	ἢ
474	πονηρὸν
475	εἶναι
476	,
477	τοσούτῳ
478	λῦσαι
479	τὸν
480	νόμον
481	κάλλιον
482	ἢ
483	θέσθαι
484	.
485	οὐ
486	τοίνυν
487	ἔμοιγ’
488	οὐδ’
489	ἐκεῖν’
490	εὔλογον
491	,
492	ὦ
493	ἄνδρες
494	Ἀθηναῖοι
495	,
496	σκοπουμένῳ
497	φαίνεται
498	,
499	καταμεμφόμενόν
500	τινας
501	ἐπὶ
502	ταῖς
503	ὑπαρχούσαις
504	δωρειαῖς
505	τοὺς
506	χρησίμους
507	ὄντας
508	τῶν
509	τιμῶν
510	ἀποστερεῖν
511	.
512	εἰ
513	γὰρ
514	ὑπαρχουσῶν
515	τούτων
516	φαῦλοι
517	καὶ
518	ἀνάξιοί
519	τινες
520	κατὰ
521	τὸν
522	τούτων
523	λόγον
524	εἰσίν
525	,
526	τί
527	χρὴ
528	προσδοκᾶν
529	ἔσεσθαι
530	τότε
531	,
532	ὅταν
533	παντελῶς
534	μη
535	δὲ
536	πλέον
537	μέλλῃ
538	μηδὲν
539	εἶναι
540	τοῖς
541	χρηστοῖς
542	οὖσιν
543	;
544	ἔτι
545	τοίνυν
546	ὑμᾶς
547	κ
548	ἀκεῖν’
549	ἐνθυμεῖσθαι
550	δεῖ
551	,
552	ὅτι
553	ἐκ
554	τῶν
555	νῦν
556	ὑπαρχόντων
557	νόμων
558	καὶ
559	πάλαι
560	κυρίων
561	,
562	οὓς
563	οὐδ’
564	ἂν
565	αὐτὸς
566	οὗτος
567	ἀντείποι
568	μὴ
569	οὐχὶ
570	καλῶς
571	ἔχειν
572	,
573	ἐνιαυτὸν
574	διαλιπὼν
575	ἕκαστος
576	λῃτουργεῖ
577	,
578	ὥστε
579	τὸν
580	ἥμισύν
581	ἐστ’
582	ἀτελὴς
583	τοῦ
584	χρόνου
585	.
586	εἶθ’
587	ἧς
588	πᾶσι
589	μέτεστι
590	τὸ
591	ἥμισυ
592	καὶ
593	τοῖς
594	μηδ’
595	ὁτιοῦν
596	ἀγαθὸν
597	πεποιηκόσιν
598	ὑμᾶς
599	,
600	ταύτης
601	τοὺς
602	εὖ
603	ποιήσαντας
604	,
605	ὃ
606	προστεθείκαμεν
607	αὐτοῖς
608	,
609	τοῦτ’
610	ἀφελώμεθα
611	;
612	μηδαμῶς
613	·
614	οὔ
615	τε
616	γὰρ
617	ἄλλως
618	καλὸν
619	οὔθ’
620	ὑμῖν
621	πρέπον
622	.
623	πῶς
624	γὰρ
625	οὐκ
626	αἰσχρόν
627	,
628	ὦ
629	ἄνδρες
630	Ἀθηναῖοι
631	,
632	κατὰ
633	μὲν
634	τὴν
635	ἀγορὰν
636	ἀψευδεῖν
637	νόμον
638	γεγράφθαι
639	,
640	ἐφ’
641	οἷς
642	οὐδέν
643	ἐστι
644	δημοσίᾳ
645	βλάβος
646	εἴ
647	τις
648	ψεύδεται
649	,
650	ἐν
651	δὲ
652	τῷ
653	κοινῷ
654	μὴ
655	χρῆσθαι
656	τῷ
657	νόμῳ
658	τούτῳ
659	τὴν
660	πόλιν
661	τὴν
662	αὐτὴν
663	ἐπιτάξασαν
664	τοῖς
665	ἰδιώταις
666	,
667	ἀλλὰ
668	τοὺς
669	ἀγαθόν
670	τι
671	πεποιηκότας
672	ἐξαπατῆσαι
673	,
674	καὶ
675	ταῦτ’
676	οὐ
677	μικρὰν
678	ζημίαν
679	ὀφλήσειν
680	μέλλουσαν
681	;
682	οὐ
683	γὰρ
684	εἰ
685	μὴ
686	χρήματ’
687	ἀπόλλυτε
688	μόνον
689	σκεπτέον
690	,
691	ἀλλ’
692	εἰ
693	καὶ
694	δόξαν
695	χρηστήν
696	,
697	περὶ
698	ἧς
699	μᾶλλον
700	σπουδάζετ’
701	ἢ
702	περὶ
703	χρημάτων
704	,
705	καὶ
706	οὐ
707	μόνον
708	ὑμεῖς
709	,
710	ἀλλὰ
711	καὶ
712	οἱ
713	πρόγονοι
714	.
715	τεκμήριον
716	δέ
717	·
718	χρήματα
719	μὲν
720	γὰρ
721	πλεῖστά
722	ποτε
723	κτησάμενοι
724	πάνθ’
725	ὑπὲρ
726	φιλοτιμίας
727	ἀνήλωσαν
728	,
729	ὑπὲρ
730	δὲ
731	δόξης
732	οὐδένα
733	πώποτε
734	κίνδυνον
735	ἐξέστησαν
736	,
737	ἀλλὰ
738	καὶ
739	τὰς
740	ἰδίας
741	οὐσίας
742	προσαναλίσκοντες
743	διετέλουν
744	.
745	νῦν
746	τοίνυν
747	οὗτος
748	ὁ
749	νόμος
750	ταύτην
751	ἀντὶ
752	καλῆς
753	αἰσχρὰν
754	τῇ
755	πόλει
756	περιάπτει
757	,
758	καὶ
759	οὔ
760	τε
761	τῶν
762	προγόνων
763	οὔθ’
764	ὑμῶν
765	ἀξίαν
766	.
767	τρία
768	γὰρ
769	τὰ
770	μέγιστ’
771	ὀνείδη
772	κτᾶται
773	,
774	φθονεροὺς
775	ἀπίστους
776	ἀχαρίστους
777	εἶναι
778	δοκεῖν
779	.
780	ὅτι
781	τοίνυν
782	οὐδ’
783	ἐστὶν
784	ὅλως
785	,
786	ὦ
787	ἄνδρες
788	Ἀθηναῖοι
789	,
790	τοῦ
791	ἤθους
792	τοῦ
793	ὑμετέρου
794	κύριον
795	ποιῆσαι
796	τοιοῦτον
797	νόμον
798	,
799	καὶ
800	τοῦτο
801	πειράσομαι
802	δεῖξαι
803	διὰ
804	βραχέων
805	,
806	ἕν
807	τι
808	τῶν
809	πρότερον
810	πεπραγμένων
811	τῇ
812	πόλει
813	διεξελθών
814	.
815	λέγονται
816	χρήμαθ’
817	οἱ
818	τριάκοντα
819	δανείσασθαι
820	παρὰ
821	Λακεδαιμονίων
822	ἐπὶ
823	τοὺς
824	ἐν
825	Πειραιεῖ
826	.
827	ἐπειδὴ
828	δ’
829	ἡ
830	πόλις
831	εἰς
832	ἓν
833	ἦλθεν
834	καὶ
835	τὰ
836	πράγματ’
837	ἐκεῖνα
838	κατέστη
839	,
840	πρέσβεις
841	πέμψαντες
842	οἱ
843	Λακεδαιμόνιοι
844	τὰ
845	χρήματα
846	ταῦτ’
847	ἀπῄτουν
848	.
849	λόγων
850	δὲ
851	γιγνομένων
852	καὶ
853	τῶν
854	μὲν
855	τοὺς
856	δανεισαμένους
857	ἀποδοῦναι
858	κελευόντων
859	,
860	τοὺς
861	ἐξ
862	ἄστεως
863	,
864	τῶν
865	δὲ
866	τοῦτο
867	πρῶτον
868	ὑπάρξαι
869	τῆς
870	ὁμονοίας
871	σημεῖον
872	ἀξιούντων
873	,
874	κοινῇ
875	διαλῦσαι
876	τὰ
877	χρήματα
878	,
879	φασὶ
880	τὸν
881	δῆμον
882	ἑλέσθαι
883	συνεισενεγκεῖν
884	αὐτὸν
885	καὶ
886	μετασχεῖν
887	τῆς
888	δαπάνης
889	,
890	ὥστε
891	μὴ
892	λῦσαι
893	τῶν
894	ὡμολογημένων
895	μηδέν
896	.
897	πῶς
898	οὖν
899	οὐ
900	δεινόν
901	,
902	ὦ
903	ἄνδρες
904	Ἀθηναῖοι
905	,
906	εἰ
907	τότε
908	μὲν
909	τοῖς
910	ἠδικηκόσιν
911	ὑμᾶς
912	ὑπὲρ
913	τοῦ
914	μὴ
915	ψεύσασθαι
916	τὰ
917	χρήματ’
918	εἰσφέρειν
919	ἠθελήσατε
920	,
921	νῦν
922	δ’
923	ἐξὸν
924	ὑμῖν
925	ἄνευ
926	δαπάνης
927	τὰ
928	δίκαια
929	ποιῆσαι
930	τοῖς
931	εὐεργέταις
932	,
933	λύσασι
934	τὸν
935	νόμον
936	,
937	ψεύδεσθαι
938	μᾶλλον
939	αἱρήσεσθε
940	;
941	ἐγὼ
942	μὲν
943	οὐκ
944	ἀξιῶ
945	.
946	τὸ
947	μὲν
948	τοίνυν
949	τῆς
950	πόλεως
951	ἦθος
952	,
953	ὦ
954	ἄνδρες
955	Ἀθηναῖοι
956	,
957	καὶ
958	ἐπ’
959	ἄλλων
960	πολλῶν
961	καὶ
962	ἐφ’
963	ὧν
964	εἶπον
965	ἴδοι
966	τις
967	ἂν
968	τοιοῦτον
969	,
970	ἀψευδὲς
971	καὶ
972	χρηστόν
973	,
974	οὐ
975	τὸ
976	λυσιτελέστατον
977	πρὸς
978	ἀργύριον
979	σκοποῦν
980	,
981	ἀλλὰ
982	τί
983	καὶ
984	καλὸν
985	πρᾶξαι
986	.
987	τὸ
988	δὲ
989	τοῦ
990	θέντος
991	τὸν
992	νόμον
993	,
994	τὰ
995	μὲν
996	ἄλλ’
997	ἔγωγ’
998	οὐκ
999	οἶδα
1000	,
1001	οὐ
1002	δὲ
1003	λέγω
1004	φλαῦρον
1005	οὐδὲν
1006	οὐ
1007	δὲ
1008	σύνοιδα
1009	,
1010	ἐκ
1011	δὲ
1012	τοῦ
1013	νόμου
1014	σκοπῶν
1015	εὑρίσκω
1016	πολὺ
1017	τούτου
1018	κεχωρισμένον
1019	.
1020	φημὶ
1021	τοίνυν
1022	ἐγὼ
1023	κάλλιον
1024	εἶναι
1025	τοῦτον
1026	ὑμῖν
1027	ἀκολουθῆσαι
1028	περὶ
1029	τοῦ
1030	λῦσαι
1031	τὸν
1032	νόμον
1033	ἢ
1034	ὑμᾶς
1035	τούτῳ
1036	περὶ
1037	τοῦ
1038	θέσθαι
1039	,
1040	καὶ
1041	λυσιτελέστερον
1042	εἶναι
1043	καὶ
1044	ὑμῖν
1045	καὶ
1046	τούτῳ
1047	τὴν
1048	πόλιν
1049	πεπεικέναι
1050	Λεπτίνην
1051	ὅμοιον
1052	αὐτῇ
1053	γενέσθαι
1054	δοκεῖν
1055	ἢ
1056	αὐτὴν
1057	ὑπὸ
1058	τούτου
1059	πεπεῖσθαι
1060	ὁμοίαν
1061	εἶναι
1062	τούτῳ
1063	·
1064	οὐ
1065	δὲ
1066	γὰρ
1067	εἰ
1068	πάνυ
1069	χρηστός
1070	ἐσθ’
1071	,
1072	ὡς
1073	ἐμοῦ
1074	γ’
1075	ἕνεκ’
1076	ἔστω
1077	,
1078	βελτίων
1079	ἐστὶ
1080	τῆς
1081	πόλεως
1082	τὸ
1083	ἦθος
1084	.
1085	νομίζω
1086	τοίνυν
1087	ὑμᾶς
1088	,
1089	ὦ
1090	ἄνδρες
1091	δικασταί
1092	,
1093	ἄμεινον
1094	ἂν
1095	περὶ
1096	τοῦ
1097	παρόντος
1098	βουλεύσασθαι
1099	,
1100	εἰ
1101	κ
1102	ἀκεῖνο
1103	μάθοιτε
1104	,
1105	ὅτι
1106	ᾧ
1107	μόνῳ
1108	μείζους
1109	εἰσὶν
1110	αἱ
1111	παρὰ
1112	τῶν
1113	δήμων
1114	δωρειαὶ
1115	τῶν
1116	παρὰ
1117	τῶν
1118	ἄλλων
1119	πολιτειῶν
1120	,
1121	καὶ
1122	τοῦτ’
1123	ἀφαιρεῖται
1124	νῦν
1125	τῷ
1126	νόμῳ
1127	.
1128	τῇ
1129	μὲν
1130	γὰρ
1131	χρείᾳ
1132	τῇ
1133	τῶν
1134	εὑρισκομένων
1135	τὰς
1136	δωρειὰς
1137	οἱ
1138	τύραννοι
1139	καὶ
1140	οἱ
1141	τὰς
1142	ὀλιγαρχίας
1143	ἔχοντες
1144	μάλιστα
1145	δύνανται
1146	·
1147	πλούσιον
1148	γὰρ
1149	ὃν
1150	ἂν
1151	βούλωνται
1152	παραχρῆμ’
1153	ἐποίησαν
1154	·
1155	τῇ
1156	δὲ
1157	τιμῇ
1158	καὶ
1159	τῇ
1160	βεβαιότητι
1161	τὰς
1162	παρὰ
1163	τῶν
1164	δήμων
1165	δωρειὰς
1166	εὑρήσετ’
1167	οὔσας
1168	βελτίους
1169	.
1170	τό
1171	τε
1172	γὰρ
1173	μὴ
1174	μετ’
1175	αἰσχύνης
1176	ὡς
1177	κολακεύοντα
1178	λαμβάνειν
1179	,
1180	ἀλλ’
1181	ἐν
1182	ἰσηγορίᾳ
1183	δοκοῦντ’
1184	ἄξιόν
1185	τινος
1186	εἶναι
1187	τιμᾶσθαι
1188	τῶν
1189	καλῶν
1190	ἐστι
1191	,
1192	τό
1193	θ’
1194	ὑπὸ
1195	τῶν
1196	ὁμοίων
1197	ἑκόντων
1198	θαυμάζεσθαι
1199	τοῦ
1200	παρὰ
1201	τοῦ
1202	δεσπότου
1203	λαμβάνειν
1204	ὁτιοῦν
1205	κρεῖττον
1206	εἶναι
1207	δοκεῖ
1208	.
1209	παρὰ
1210	μὲν
1211	γὰρ
1212	ἐκείνοις
1213	μείζων
1214	ἐστὶν
1215	ὁ
1216	τοῦ
1217	μέλλοντος
1218	φόβος
1219	τῆς
1220	παρούσης
1221	χάριτος
1222	,
1223	παρὰ
1224	δ’
1225	ὑμῖν
1226	ἀδεῶς
1227	ἃν
1228	λάβῃ
1229	τις
1230	ἔχειν
1231	ὑπῆρχε
1232	τὸν
1233	γοῦν
1234	ἄλλον
1235	χρόνον
1236	.
1237	ὁ
1238	τοίνυν
1239	τὴν
1240	πίστιν
1241	ἀφαιρῶν
1242	τῶν
1243	δωρειῶν
1244	νόμος
1245	,
1246	οὗτος
1247	,
1248	ᾧ
1249	μόνῳ
1250	κρείττους
1251	εἰσὶν
1252	αἱ
1253	παρ’
1254	ὑμῶν
1255	δωρειαί
1256	,
1257	τοῦτ’
1258	ἀφαιρεῖται
1259	.
1260	καίτοι
1261	τῶν
1262	ἁπασῶν
1263	ἧς
1264	ἄν
1265	τινος
1266	πολιτείας
1267	τὸ
1268	κομίζεσθαι
1269	τοὺς
1270	εὔνους
1271	τοῖς
1272	καθεστῶσιν
1273	χάριν
1274	ἐξέλῃς
1275	,
1276	οὐ
1277	μικρὰν
1278	φυλακὴν
1279	αὐτῶν
1280	ταύτην
1281	ἀφῃρηκὼς
1282	ἔσει
1283	.
1284	τάχα
1285	τοίνυν
1286	ἴσως
1287	ἐκεῖνο
1288	λέγειν
1289	ἂν
1290	ἐπιχειρήσειε
1291	Λεπτίνης
1292	,
1293	ἀπάγων
1294	ὑμᾶς
1295	ἀπὸ
1296	τούτων
1297	,
1298	ὡς
1299	αἱ
1300	λῃτουργίαι
1301	νῦν
1302	μὲν
1303	εἰς
1304	πένητας
1305	ἀνθρώπους
1306	ἔρχονται
1307	,
1308	ἐκ
1309	δὲ
1310	τοῦ
1311	νόμου
1312	τούτου
1313	λῃτουργήσουσιν
1314	οἱ
1315	πλουσιώτατοι
1316	.
1317	ἔστι
1318	δὲ
1319	τοῦθ’
1320	οὑτωσὶ
1321	μὲν
1322	ἀκοῦσαι
1323	λόγον
1324	τιν’
1325	ἔχον
1326	·
1327	εἰ
1328	δέ
1329	τις
1330	αὔτ’
1331	ἀκριβῶς
1332	ἐξετάσειε
1333	,
1334	ψεῦδος
1335	ἂν
1336	φανείη
1337	.
1338	εἰσὶ
1339	γὰρ
1340	δήπου
1341	παρ’
1342	ἡμῖν
1343	αἵ
1344	τε
1345	τῶν
1346	μετοίκων
1347	λῃτουργίαι
1348	καὶ
1349	αἱ
1350	πολιτικαί
1351	,
1352	ὧν
1353	ἑκατέρων
1354	ἐστὶ
1355	τοῖς
1356	εὑρημένοις
1357	ἡ
1358	ἀτέλεια
1359	ἣν
1360	οὗτος
1361	ἀφαιρεῖται
1362	.
1363	τῶν
1364	γὰρ
1365	εἰς
1366	τὸν
1367	πόλεμον
1368	καὶ
1369	τὴν
1370	σωτηρίαν
1371	τῆς
1372	πόλεως
1373	εἰσφορῶν
1374	καὶ
1375	τριηραρχιῶν
1376	ὀρθῶς
1377	καὶ
1378	δικαίως
1379	οὐδείς
1380	ἐστ’
1381	ἀτελὴς
1382	ἐκ
1383	τῶν
1384	παλαιῶν
1385	νόμων
1386	,
1387	οὐδ’
1388	οὓς
1389	οὗτος
1390	ἔγραψε
1391	,
1392	τοὺς
1393	ἀφ’
1394	Ἁρμοδίου
1395	καὶ
1396	Ἀριστογείτονος
1397	.
1398	σκεψώμεθα
1399	δὴ
1400	τίνας
1401	ἡμῖν
1402	εἰσποιεῖ
1403	χορηγοὺς
1404	εἰς
1405	ἐκείνας
1406	τὰς
1407	λῃτουργίας
1408	,
1409	καὶ
1410	πόσους
1411	,
1412	ἐὰν
1413	μὴ
1414	τούτῳ
1415	προσέχωμεν
1416	,
1417	ἀφήσει
1418	.
1419	οἱ
1420	μὲν
1421	τοίνυν
1422	πλουσιώτατοι
1423	τριηραρχοῦντες
1424	ἀεὶ
1425	τῶν
1426	χορηγιῶν
1427	ἀτελεῖς
1428	ὑπάρχουσιν
1429	,
1430	οἱ
1431	δ’
1432	ἐλάττω
1433	τῶν
1434	ἱκανῶν
1435	κεκτημένοι
1436	,
1437	τὴν
1438	ἀναγκαίαν
1439	ἀτέλειαν
1440	ἔχοντες
1441	,
1442	ἔξω
1443	τοῦ
1444	τέλους
1445	εἰσὶ
1446	τούτου
1447	·
1448	οὐκοῦν
1449	τούτων
1450	μὲν
1451	οὐδετέρων
1452	οὐδεὶς
1453	διὰ
1454	τὸν
1455	νόμον
1456	ἡμῖν
1457	προσέσται
1458	χορηγός
1459	.
1460	ἀλλὰ
1461	νὴ
1462	Δί’
1463	εἰς
1464	τὰς
1465	τῶν
1466	μετοίκων
1467	λῃτουργίας
1468	εἰσποιεῖ
1469	πολλούς
1470	.
1471	ἀλλ’
1472	ἐὰν
1473	δείξῃ
1474	πέντε
1475	,
1476	ἐγὼ
1477	ληρεῖν
1478	ὁμολογῶ
1479	.
1480	θήσω
1481	τοίνυν
1482	ἐγὼ
1483	μὴ
1484	τοιοῦτον
1485	εἶναι
1486	τοῦτο
1487	,
1488	ἀλλὰ
1489	καὶ
1490	τῶν
1491	μετοίκων
1492	πλείονας
1493	ἢ
1494	τοσούτους
1495	,
1496	ἐὰν
1497	ὁ
1498	νόμος
1499	τεθῇ
1500	,
1501	τοὺς
1502	λῃτουργοῦντας
1503	ἔσεσθαι
1504	,
1505	καὶ
1506	τῶν
1507	πολιτῶν
1508	μηδέν’
1509	ἐκ
1510	τριηραρχίας
1511	ὑπάρξειν
1512	ἀτελῆ
1513	.
1514	σκεψώμεθα
1515	δὴ
1516	τί
1517	τοῦτο
1518	τῇ
1519	πόλει
1520	,
1521	ἐὰν
1522	ἅπαντες
1523	οὗτοι
1524	λῃτουργῶσιν
1525	·
1526	φανήσεται
1527	γὰρ
1528	οὐ
1529	δὲ
1530	πολλοῦ
1531	δεῖ
1532	τῆς
1533	γενησομένης
1534	ἄξιον
1535	αἰσχύνης
1536	.
1537	ὅρα
1538	δ’
1539	οὑτωσί
1540	.
1541	εἰσὶ
1542	τῶν
1543	ξένων
1544	ἀτελεῖς—δέκα
1545	θήσω
1546	·
1547	καὶ
1548	μὰ
1549	τοὺς
1550	θεούς
1551	,
1552	ὅπερ
1553	εἶπον
1554	ἀρτίως
1555	,
1556	οὐκ
1557	οἶμαι
1558	πέντ’
1559	εἶναι
1560	.
1561	καὶ
1562	μὴν
1563	τῶν
1564	γε
1565	πολιτῶν
1566	οὐκ
1567	εἰσὶ
1568	πλείους
1569	ἢ
1570	πέντ’
1571	ἢ
1572	ἕξ
1573	.
1574	οὐκοῦν
1575	ἀμφοτέρων
1576	ἑκκαίδεκα
1577	.
1578	ποιήσωμεν
1579	αὐτοὺς
1580	εἴκοσιν
1581	,
1582	εἰ
1583	δὲ
1584	βούλεσθε
1585	,
1586	τριάκοντα
1587	.
1588	πόσοι
1589	δή
1590	ποτ’
1591	εἰσὶν
1592	οἱ
1593	κατ’
1594	ἐνιαυτὸν
1595	τὰς
1596	ἐγκυκλίους
1597	λῃτουργίας
1598	λῃτουργοῦντες
1599	,
1600	χορηγοὶ
1601	καὶ
1602	γυμνασίαρχοι
1603	καὶ
1604	ἑστιάτορες
1605	;
1606	ἑξήκοντ’
1607	ἴσως
1608	ἢ
1609	μικρῷ
1610	πλείους
1611	σύμπαντες
1612	οὗτοι
1613	.
1614	ἵν’
1615	οὖν
1616	τριάκοντ’
1617	ἄνθρωποι
1618	πλείους
1619	παρὰ
1620	πάντα
1621	τὸν
1622	χρόνον
1623	λῃτουργήσωσιν
1624	ἡμῖν
1625	,
1626	τοὺς
1627	ἅπαντας
1628	ἀπίστως
1629	πρὸς
1630	ἡμᾶς
1631	αὐτοὺς
1632	διαθῶμεν
1633	;
1634	ἀλλ’
1635	ἴσμεν
1636	ἐκεῖνο
1637	δήπου
1638	,
1639	ὅτι
1640	λῃτουργήσουσιν
1641	μέν
1642	,
1643	ἄνπερ
1644	ἡ
1645	πόλις
1646	ᾖ
1647	,
1648	πολλοὶ
1649	καὶ
1650	οὐκ
1651	ἐπιλείψουσιν
1652	,
1653	εὖ
1654	δὲ
1655	ποιεῖν
1656	ἡμᾶς
1657	οὐδεὶς
1658	ἐθελήσει
1659	,
1660	τοὺς
1661	πρότερον
1662	ποιήσαντας
1663	ἐὰν
1664	ἠδικημένους
1665	ἴδῃ
1666	.
1667	εἶεν
1668	.
1669	εἰ
1670	δὲ
1671	δὴ
1672	τὰ
1673	μάλιστ’
1674	ἐπέλειπον
1675	οἱ
1676	χορηγεῖν
1677	οἷοί
1678	τε
1679	,
1680	πρὸς
1681	Διὸς
1682	πότερον
1683	κρεῖττον
1684	ἦν
1685	εἰς
1686	συντέλειαν
1687	ἀγαγεῖν
1688	τὰς
1689	χορηγίας
1690	ὥσπερ
1691	τὰς
1692	τριηραρχίας
1693	,
1694	ἢ
1695	τοὺς
1696	εὐεργέτας
1697	ἀφελέσθαι
1698	τὰ
1699	δοθέντα
1700	;
1701	ἐγὼ
1702	μὲν
1703	ἐκεῖν’
1704	οἶμαι
1705	.
1706	νῦν
1707	μέν
1708	γε
1709	τὸν
1710	χρόνον
1711	,
1712	ὃν
1713	ἂν
1714	τούτων
1715	ἕκαστος
1716	λῃτουργῇ
1717	,
1718	δίδωσι
1719	τὴν
1720	ἀνάπαυσιν
1721	αὐτοῖς
1722	μόνον
1723	,
1724	μετὰ
1725	ταῦτα
1726	δ’
1727	οὐδὲν
1728	ἔλαττον
1729	ἕκαστος
1730	αὐτῶν
1731	ἀναλώσει
1732	·
1733	τότε
1734	δ’
1735	ἄν
1736	,
1737	μικρᾶς
1738	συντελείας
1739	ἀπὸ
1740	τῶν
1741	ὑπαρχόντων
1742	ἑκάστῳ
1743	γιγνομένης
1744	,
1745	οὐδὲν
1746	ἔπασχε
1747	δεινὸν
1748	οὐδείς
1749	,
1750	οὐδ’
1751	εἰ
1752	πάνυ
1753	μικρὰ
1754	κεκτημένος
1755	ἦν
1756	.
1757	οὕτω
1758	τοίνυν
1759	τινές
1760	,
1761	ὦ
1762	ἄνδρες
1763	Ἀθηναῖοι
1764	,
1765	σφόδρ’
1766	ἔχουσ’
1767	ἀλογίστως
1768	ὥστ’
1769	ἐπιχειροῦσι
1770	λέγειν
1771	πρὸς
1772	μὲν
1773	ταῦτ’
1774	οὐδέν
1775	,
1776	ἄλλα
1777	δὲ
1778	τοιαδί
1779	,
1780	ὡς
1781	ἄρα
1782	δεινόν
1783	,
1784	εἰ
1785	ἐν
1786	κοινῷ
1787	μὲν
1788	μηδ’
1789	ὁτιοῦν
1790	ὑπάρχει
1791	τῇ
1792	πόλει
1793	,
1794	ἰδίᾳ
1795	δέ
1796	τινες
1797	πλουτήσουσ’
1798	ἀτελείας
1799	ἐπειλημμένοι
1800	.
1801	ἔστι
1802	δὲ
1803	ταῦτ’
1804	ἀμφότερ’
1805	οὐχὶ
1806	δίκαιον
1807	λέγειν
1808	.
1809	εἰ
1810	μὲν
1811	γάρ
1812	τις
1813	ἔχει
1814	πολλὰ
1815	μηδὲν
1816	ὑμᾶς
1817	ἀδικῶν
1818	,
1819	οὐχὶ
1820	δεῖ
1821	δήπου
1822	τούτῳ
1823	βασκαίνειν
1824	·
1825	εἰ
1826	δ’
1827	ὑφῃρημένον
1828	φήσουσιν
1829	ἤ
1830	τιν’
1831	ἄλλον
1832	οὐχ
1833	ὃν
1834	προσήκει
1835	τρόπον
1836	,
1837	εἰσὶ
1838	νόμοι
1839	καθ’
1840	οὓς
1841	προσήκει
1842	κολάζειν
1843	.
1844	ὅτε
1845	δὲ
1846	τοῦτο
1847	μὴ
1848	ποιοῦσιν
1849	,
1850	οὐ
1851	δὲ
1852	τὸν
1853	λόγον
1854	αὐτοῖς
1855	τοῦτον
1856	λεκτέον
1857	.
1858	καὶ
1859	μὴν
1860	περὶ
1861	τοῦ
1862	γε
1863	μὴ
1864	εἶναι
1865	χρήματα
1866	κοινὰ
1867	τῇ
1868	πόλει
1869	,
1870	ἐκεῖν’
1871	ὑμᾶς
1872	δεῖ
1873	σκοπεῖν
1874	,
1875	ὅτι
1876	οὐδὲν
1877	ἔσεσθ’
1878	εὐπορώτεροι
1879	,
1880	τὰς
1881	ἀτελείας
1882	ἐὰν
1883	ἀφέλησθε
1884	·
1885	οὐ
1886	γὰρ
1887	κοινωνεῖ
1888	ταῖς
1889	δημοσίαις
1890	προσόδοις
1891	καὶ
1892	περιουσίαις
1893	ταῦτα
1894	τ
1895	ἀναλώματ’
1896	οὐδέν
1897	.
1898	χωρὶς
1899	δὲ
1900	τούτων
1901	νυνὶ
1902	τῇ
1903	πόλει
1904	,
1905	δυοῖν
1906	ἀγαθοῖν
1907	ὄντοιν
1908	,
1909	πλούτου
1910	καὶ
1911	τοῦ
1912	πρὸς
1913	ἅπαντας
1914	πιστεύεσθαι
1915	,
1916	ἐστὶ
1917	τὸ
1918	τῆς
1919	πίστεως
1920	ὑπάρχον
1921	.
1922	εἰ
1923	δέ
1924	τις
1925	οἴεται
1926	δεῖν
1927	,
1928	ὅτι
1929	χρήματ’
1930	οὐκ
1931	ἔχομεν
1932	,
1933	μη
1934	δὲ
1935	δόξαν
1936	ἔχειν
1937	ἡμᾶς
1938	χρηστήν
1939	,
1940	οὐ
1941	καλῶς
1942	φρονεῖ
1943	.
1944	ἐγὼ
1945	μὲν
1946	γὰρ
1947	εὔχομαι
1948	τοῖς
1949	θεοῖς
1950	,
1951	μάλιστα
1952	μὲν
1953	ἡμῖν
1954	καὶ
1955	χρήματα
1956	πολλὰ
1957	γενέσθαι
1958	,
1959	εἰ
1960	δὲ
1961	μή
1962	,
1963	τό
1964	γε
1965	πιστοῖς
1966	εἶναι
1967	καὶ
1968	βεβαίοις
1969	δοκεῖν
1970	διαμεῖναι
1971	.
1972	φέρε
1973	δὴ
1974	καὶ
1975	τὰς
1976	εὐπορίας
1977	,
1978	ἃς
1979	ἀναπαυομένους
1980	τινὰς
1981	εὐπορήσειν
1982	οὗτοι
1983	φήσουσιν
1984	,
1985	εἰς
1986	δέον
1987	ὑμῖν
1988	γιγνομένας
1989	δείξω
1990	.
1991	ἴστε
1992	γὰρ
1993	δήπου
1994	τοῦθ’
1995	ὅτι
1996	τῶν
1997	τριηραρχιῶν
1998	οὐδείς
1999	ἐστ’
2000	ἀτελὴς
2001	οὐ
2002	δὲ
2003	τῶν
2004	εἰσφορῶν
2005	τῶν
2006	εἰς
2007	τὸν
2008	πόλεμον
2009	.
2010	οὔκουν
2011	ὁ
2012	πολλὰ
2013	κεκτημένος
2014	,
2015	οὗτος
2016	,
2017	ὅστις
2018	ἂν
2019	ᾖ
2020	,
2021	πόλλ’
2022	εἰς
2023	ταῦτα
2024	συντελεῖ
2025	;
2026	πᾶσ’
2027	ἀνάγκη
2028	.
2029	καὶ
2030	μὴν
2031	ὅτι
2032	δεῖ
2033	τὴν
2034	εὐπορίαν
2035	εἰς
2036	ταῦθ’
2037	ὑπάρχειν
2038	πλείστην
2039	τῇ
2040	πόλει
2041	,
2042	πάντες
2043	ἂν
2044	ὁμολογήσειαν
2045	·
2046	παρὰ
2047	μὲν
2048	γὰρ
2049	τὰς
2050	ἐπὶ
2051	τῶν
2052	χορηγιῶν
2053	δαπάνας
2054	ἡμέρας
2055	μέρος
2056	μικρὸν
2057	ἡ
2058	χάρις
2059	τοῖς
2060	θεωμένοις
2061	ἡμῶν
2062	,
2063	παρὰ
2064	δὲ
2065	τὰς
2066	τῶν
2067	εἰς
2068	τὸν
2069	πόλεμον
2070	παρασκευῶν
2071	ἀφθονίας
2072	πάντα
2073	τὸν
2074	χρόνον
2075	ἡ
2076	σωτηρία
2077	πάσῃ
2078	τῇ
2079	πόλει
2080	.
2081	ὥσθ’
2082	ὅσον
2083	ἐνθάδ’
2084	ἀφίετε
2085	,
2086	ἐκεῖ
2087	κομίζεσθε
2088	,
2089	καὶ
2090	δίδοτ’
2091	ἐν
2092	τιμῆς
2093	μέρει
2094	ταῦθ’
2095	ἃ
2096	καὶ
2097	μὴ
2098	λαβοῦσιν
2099	ἔστιν
2100	ἔχειν
2101	τοῖς
2102	τοῦ
2103	τριηραρχεῖν
2104	ἄξια
2105	κεκτημένοις
2106	.
2107	ἀλλὰ
2108	μὴν
2109	ὅτι
2110	τῶν
2111	τριηραρχιῶν
2112	οὐδείς
2113	ἐστ’
2114	ἀτελής
2115	,
2116	οἶμαι
2117	μὲν
2118	ὑμᾶς
2119	εἰδέναι
2120	πάντας
2121	,
2122	ὅμως
2123	δὲ
2124	καὶ
2125	τὸν
2126	νόμον
2127	ὑμῖν
2128	αὐτὸν
2129	ἀναγνώσεται
2130	.
2131	λαβὲ
2132	τὸν
2133	περὶ
2134	τῶν
2135	τριηραρχιῶν
2136	νόμον
2137	καὶ
2138	λέγε
2139	τοῦτ’
2140	αὐτό
2141	.
2142	ΝΟΜΟΣ
2143	.
2144	ἀτελῆ
2145	δὲ
2146	μηδένα
2147	εἶναι
2148	τριηραρχίας
2149	πλὴν
2150	τῶν
2151	ἐννέα
2152	ἀρχόντων
2153	.
2154	ὁρᾶθ’
2155	ὡς
2156	σαφῶς
2157	,
2158	ὦ
2159	ἄνδρες
2160	Ἀθηναῖοι
2161	,
2162	μηδέν’
2163	εἶναι
2164	τριηραρχίας
2165	ἀτελῆ
2166	διείρηκεν
2167	ὁ
2168	νόμος
2169	πλὴν
2170	τῶν
2171	ἐννέ’
2172	ἀρχόντων
2173	.
2174	οὐκοῦν
2175	οἱ
2176	μὲν
2177	ἐλάττω
2178	κεκτημένοι
2179	τοῦ
2180	τριηραρχίας
2181	ἄξι’
2182	ἔχειν
2183	ἐν
2184	ταῖς
2185	εἰσφοραῖς
2186	συντελοῦσιν
2187	εἰς
2188	τὸν
2189	πόλεμον
2190	,
2191	οἱ
2192	δ’
2193	ἐφικνούμενοι
2194	τοῦ
2195	τριηραρχεῖν
2196	εἰς
2197	ἀμφότερ’
2198	ὑμῖν
2199	ὑπάρξουσι
2200	χρήσιμοι
2201	,
2202	καὶ
2203	τριηραρχεῖν
2204	καὶ
2205	εἰσφέρειν
2206	.
2207	τίν’
2208	οὖν
2209	ῥᾳστώνην
2210	τοῖς
2211	πολλοῖς
2212	ὁ
2213	σός
2214	,
2215	ὦ
2216	Λεπτίνη
2217	,
2218	ποιεῖ
2219	νόμος
2220	,
2221	εἰ
2222	μιᾶς
2223	ἢ
2224	δυοῖν
2225	φυλαῖν
2226	ἕνα
2227	χορηγὸν
2228	καθίστησιν
2229	,
2230	ὃς
2231	ἀνθ’
2232	ἑνὸς
2233	ἄλλου
2234	τοῦθ’
2235	ἅπαξ
2236	ποιήσας
2237	ἀπηλλάξεται
2238	;
2239	ἐγὼ
2240	μὲν
2241	οὐχ
2242	ὁρῶ
2243	.
2244	τῆς
2245	δέ
2246	γ’
2247	αἰσχύνης
2248	ὅλην
2249	ἀναπίμπλησι
2250	τὴν
2251	πόλιν
2252	καὶ
2253	τῆς
2254	ἀπιστίας
2255	.
2256	οὔκουν
2257	ὅτε
2258	πολλῷ
2259	μείζονα
2260	βλάψει
2261	τῶν
2262	ὠφελειῶν
2263	ὧν
2264	ἔχει
2265	,
2266	προσήκει
2267	λελύσθαι
2268	παρὰ
2269	τοῖσδ’
2270	αὐτόν
2271	;
2272	ἔγωγ’
2273	ἂν
2274	φαίην
2275	.
2276	ἔτι
2277	δ’
2278	,
2279	ὦ
2280	ἄνδρες
2281	δικασταί
2282	,
2283	διὰ
2284	τὸ
2285	γεγράφθαι
2286	ἐν
2287	τῷ
2288	νόμῳ
2289	διαρρήδην
2290	αὐτοῦ
2291	μηδένα
2292	μή
2293	τε
2294	τῶν
2295	πολιτῶν
2296	μή
2297	τε
2298	τῶν
2299	ἰσοτελῶν
2300	μή
2301	τε
2302	τῶν
2303	ξένων
2304	εἶναι
2305	ἀτελῆ
2306	,
2307	μὴ
2308	διῃρῆσθαι
2309	δ’
2310	ὅτου
2311	ἀτελῆ
2312	,
2313	χορηγίας
2314	ἤ
2315	τινος
2316	ἄλλου
2317	τέλους
2318	,
2319	ἀλλ’
2320	ἁπλῶς
2321	ἀτελῆ
2322	μηδένα
2323	πλὴν
2324	τῶν
2325	ἀφ’
2326	Ἁρμοδίου
2327	καὶ
2328	Ἀριστογείτονος
2329	,
2330	καὶ
2331	ἐν
2332	μὲν
2333	τῷ
2334	μηδένα
2335	πάντας
2336	περιλαμβάνειν
2337	τοὺς
2338	ἄλλους
2339	,
2340	ἐν
2341	δὲ
2342	τῷ
2343	τῶν
2344	ξένων
2345	μὴ
2346	διορίζειν
2347	τῶν
2348	οἰκούντων
2349	Ἀθήνησιν
2350	,
2351	ἀφαιρεῖται
2352	καὶ
2353	Λεύκωνα
2354	τὸν
2355	ἄρχοντα
2356	Βοσπόρου
2357	καὶ
2358	τοὺς
2359	παῖδας
2360	αὐτοῦ
2361	τὴν
2362	δωρειὰν
2363	ἣν
2364	ὑμεῖς
2365	ἔδοτ’
2366	αὐτοῖς
2367	.
2368	ἔστι
2369	γὰρ
2370	γένει
2371	μὲν
2372	δήπου
2373	ὁ
2374	Λεύκων
2375	ξένος
2376	,
2377	τῇ
2378	δὲ
2379	παρ’
2380	ὑμῶν
2381	ποιήσει
2382	πολίτης
2383	·
2384	κατ’
2385	οὐδέτερον
2386	δ’
2387	αὐτῷ
2388	τὴν
2389	ἀτέλειαν
2390	ἔστιν
2391	ἔχειν
2392	ἐκ
2393	τούτου
2394	τοῦ
2395	νόμου
2396	.
2397	καίτοι
2398	τῶν
2399	μὲν
2400	ἄλλων
2401	εὐεργετῶν
2402	χρόνον
2403	τιν’
2404	ἕκαστος
2405	ἡμῖν
2406	χρήσιμον
2407	αὑτὸν
2408	παρέσχεν
2409	,
2410	οὗτος
2411	δέ
2412	,
2413	ἂν
2414	σκοπῆτε
2415	,
2416	φανήσεται
2417	συνεχῶς
2418	ἡμᾶς
2419	εὖ
2420	ποιῶν
2421	,
2422	καὶ
2423	ταῦθ’
2424	ὧν
2425	μάλισθ’
2426	ἡμῶν
2427	ἡ
2428	πόλις
2429	δεῖται
2430	.
2431	ἴστε
2432	γὰρ
2433	δήπου
2434	τοῦθ’
2435	,
2436	ὅτι
2437	πλείστῳ
2438	τῶν
2439	πάντων
2440	ἀνθρώπων
2441	ἡμεῖς
2442	ἐπεισάκτῳ
2443	σίτῳ
2444	χρώμεθα
2445	.
2446	πρὸς
2447	τοίνυν
2448	ἅπαντα
2449	τὸν
2450	ἐκ
2451	τῶν
2452	ἄλλων
2453	ἐμπορίων
2454	ἀφικνούμενον
2455	ὁ
2456	ἐκ
2457	τοῦ
2458	Πόντου
2459	σῖτος
2460	εἰσπλέων
2461	ἐστίν
2462	.
2463	εἰκότως
2464	·
2465	οὐ
2466	γὰρ
2467	μόνον
2468	διὰ
2469	τὸ
2470	τὸν
2471	τόπον
2472	τοῦτον
2473	σῖτον
2474	ἔχειν
2475	πλεῖστον
2476	τοῦτο
2477	γίγνεται
2478	,
2479	ἀλλὰ
2480	διὰ
2481	τὸ
2482	κύριον
2483	ὄντα
2484	τὸν
2485	Λεύκων’
2486	αὐτοῦ
2487	τοῖς
2488	ἄγουσιν
2489	Ἀθήναζε
2490	ἀτέλειαν
2491	δεδωκέναι
2492	,
2493	καὶ
2494	κηρύττειν
2495	πρώτους
2496	γεμίζεσθαι
2497	τοὺς
2498	ὡς
2499	ὑμᾶς
2500	πλέοντας
2501	.
2502	ἔχων
2503	γὰρ
2504	ἐκεῖνος
2505	ἑαυτῷ
2506	καὶ
2507	τοῖς
2508	παισὶ
2509	τὴν
2510	ἀτέλειαν
2511	ἅπασι
2512	δέδωκεν
2513	ὑμῖν
2514	.
2515	τοῦτο
2516	δ’
2517	ἡλίκον
2518	ἐστὶ
2519	θεωρήσατε
2520	.
2521	ἐκεῖνος
2522	πράττεται
2523	τοὺς
2524	παρ’
2525	αὑτοῦ
2526	σῖτον
2527	ἐξάγοντας
2528	τριακοστήν
2529	.
2530	αἱ
2531	τοίνυν
2532	παρ’
2533	ἐκείνου
2534	δεῦρ’
2535	ἀφικνούμεναι
2536	σίτου
2537	μυριάδες
2538	περὶ
2539	τετταράκοντ’
2540	εἰσί
2541	·
2542	καὶ
2543	τοῦτ’
2544	ἐκ
2545	τῆς
2546	παρὰ
2547	τοῖς
2548	σιτοφύλαξιν
2549	ἀπογραφῆς
2550	ἄν
2551	τις
2552	ἴδοι
2553	.
2554	οὐκοῦν
2555	παρὰ
2556	μὲν
2557	τὰς
2558	τριάκοντα
2559	μυριάδας
2560	μυρίους
2561	δίδωσι
2562	μεδίμνους
2563	ἡμῖν
2564	,
2565	παρὰ
2566	δὲ
2567	τὰς
2568	δέκα
2569	ὡσπερανεὶ
2570	τρισχιλίους
2571	.
2572	τοσούτου
2573	τοίνυν
2574	δεῖ
2575	ταύτην
2576	ἀποστερῆσαι
2577	τὴν
2578	δωρειὰν
2579	τὴν
2580	πόλιν
2581	,
2582	ὥστε
2583	προσκατασκευάσας
2584	ἐμπόριον
2585	Θευδοσίαν
2586	,
2587	ὅ
2588	φασιν
2589	οἱ
2590	πλέοντες
2591	οὐδ’
2592	ὁτιοῦν
2593	χεῖρον
2594	εἶναι
2595	τοῦ
2596	Βοσπόρου
2597	,
2598	κ
2599	ἀνταῦθ’
2600	ἔδωκε
2601	τὴν
2602	ἀτέλειαν
2603	ἡμῖν
2604	.
2605	καὶ
2606	τὰ
2607	μὲν
2608	ἄλλα
2609	σιωπῶ
2610	,
2611	πόλλ’
2612	ἂν
2613	ἔχων
2614	εἰπεῖν
2615	,
2616	ὅσ’
2617	εὐεργέτηκεν
2618	ὑμᾶς
2619	οὗτος
2620	ἁνὴρ
2621	καὶ
2622	αὐτὸς
2623	καὶ
2624	οἱ
2625	πρόγονοι
2626	·
2627	ἀλλὰ
2628	πρωπέρυσιν
2629	σιτοδείας
2630	παρὰ
2631	πᾶσιν
2632	ἀνθρώποις
2633	γενομένης
2634	οὐ
2635	μόνον
2636	ὑμῖν
2637	ἱκανὸν
2638	σῖτον
2639	ἀπέστειλεν
2640	,
2641	ἀλλὰ
2642	τοσοῦτον
2643	ὥστε
2644	πεντεκαίδεκ’
2645	ἀργυρίου
2646	τάλαντα
2647	,
2648	ἃ
2649	Καλλισθένης
2650	διῴκησε
2651	,
2652	προσπεριγενέσθαι
2653	.
2654	τί
2655	οὖν
2656	οἴεσθ’
2657	,
2658	ὦ
2659	ἄνδρες
2660	Ἀθηναῖοι
2661	,
2662	τοῦτον
2663	τὸν
2664	τοιοῦτον
2665	περὶ
2666	ὑμᾶς
2667	γεγενημένον
2668	,
2669	ἐὰν
2670	ἀκούσῃ
2671	νόμῳ
2672	τὴν
2673	ἀτέλειαν
2674	ὑμᾶς
2675	ἀφῃρημένους
2676	αὐτὸν
2677	καὶ
2678	μηδ’
2679	ἂν
2680	μεταδόξῃ
2681	ποτὲ
2682	ψηφισαμένους
2683	ἐξεῖναι
2684	δοῦναι
2685	;
2686	ἆρ’
2687	ἀγνοεῖθ’
2688	ὅτι
2689	ὁ
2690	αὐτὸς
2691	νόμος
2692	οὗτος
2693	ἐκεῖνόν
2694	τ’
2695	ἀφαιρήσεται
2696	τὴν
2697	ἀτέλειαν
2698	,
2699	κύριος
2700	ἂν
2701	γένηται
2702	,
2703	καὶ
2704	ὑμῶν
2705	τοὺς
2706	παρ’
2707	ἐκείνου
2708	σιτηγοῦντας
2709	;
2710	οὐ
2711	γὰρ
2712	δήπου
2713	τοῦτό
2714	γ’
2715	ὑπείληφεν
2716	οὐδείς
2717	,
2718	ὡς
2719	ἐκεῖνος
2720	ὑπομενεῖ
2721	ἑαυτῷ
2722	μὲν
2723	ἀκύρους
2724	εἶναι
2725	τὰς
2726	παρ’
2727	ὑμῶν
2728	δωρειάς
2729	,
2730	ὑμῖν
2731	δὲ
2732	μένειν
2733	τὰς
2734	παρ’
2735	ἑαυτοῦ
2736	.
2737	οὐκοῦν
2738	πρὸς
2739	πολλοῖς
2740	οἷς
2741	βλάψειν
2742	ὑμᾶς
2743	ὁ
2744	νόμος
2745	φαίνεται
2746	,
2747	καὶ
2748	προσαφαιρεῖταί
2749	τι
2750	τῶν
2751	ὑπαρχόντων
2752	ἤδη
2753	.
2754	εἶθ’
2755	ὑμεῖς
2756	ἔτι
2757	σκοπεῖτ’
2758	εἰ
2759	χρὴ
2760	τοῦτον
2761	ἐξαλεῖψαι
2762	,
2763	καὶ
2764	οὐ
2765	πάλαι
2766	βεβούλευσθε
2767	;
2768	ἀνάγνωθι
2769	λαβὼν
2770	αὐτοῖς
2771	τὰ
2772	ψηφίσματα
2773	τὰ
2774	περὶ
2775	τοῦ
2776	Λεύκωνος
2777	.
2778	ΨΗΦΙΣΜΑΤΑ
2779	.
2780	ὡς
2781	μὲν
2782	εἰκότως
2783	καὶ
2784	δικαίως
2785	τετύχηκεν
2786	τῆς
2787	ἀτελείας
2788	παρ’
2789	ὑμῶν
2790	ὁ
2791	Λεύκων
2792	,
2793	ἀκηκόατ’
2794	ἐκ
2795	τῶν
2796	ψηφισμάτων
2797	,
2798	ὦ
2799	ἄνδρες
2800	δικασταί
2801	.
2802	τούτων
2803	δ’
2804	ἁπάντων
2805	στήλας
2806	ἀντιγράφους
2807	ἐστήσαθ’
2808	ὑμεῖς
2809	κ
2810	ἀκεῖνος
2811	,
2812	τὴν
2813	μὲν
2814	ἐν
2815	Βοσπόρῳ
2816	,
2817	τὴν
2818	δ’
2819	ἐν
2820	Πειραιεῖ
2821	,
2822	τὴν
2823	δ’
2824	ἐφ’
2825	Ἱερῷ
2826	.
2827	σκοπεῖτε
2828	δὴ
2829	πρὸς
2830	ὅσης
2831	κακίας
2832	ὑπερβολὴν
2833	ὑμᾶς
2834	ὁ
2835	νόμος
2836	προάγει
2837	,
2838	ὃς
2839	ἀπιστότερον
2840	τὸν
2841	δῆμον
2842	καθίστησ’
2843	ἑνὸς
2844	ἀνδρός
2845	.
2846	μὴ
2847	γὰρ
2848	οἴεσθ’
2849	ὑμῖν
2850	ἄλλο
2851	τι
2852	τὰς
2853	στήλας
2854	ἑστάναι
2855	ταύτας
2856	ἢ
2857	τούτων
2858	πάντων
2859	ὧν
2860	ἔχετ’
2861	ἢ
2862	δεδώκατε
2863	συνθήκας
2864	,
2865	αἷς
2866	ὁ
2867	μὲν
2868	Λεύκων
2869	ἐμμένων
2870	φανεῖται
2871	καὶ
2872	ποιεῖν
2873	ἀεί
2874	τι
2875	προθυμούμενος
2876	ὑμᾶς
2877	εὖ
2878	,
2879	ὑμεῖς
2880	δ’
2881	ἑστώσας
2882	ἀκύρους
2883	πεποιηκότες
2884	,
2885	ὃ
2886	πολὺ
2887	δεινότερον
2888	τοῦ
2889	καθελεῖν
2890	·
2891	αὗται
2892	γὰρ
2893	οὑτωσὶ
2894	τοῖς
2895	βουλομένοις
2896	κατὰ
2897	τῆς
2898	πόλεως
2899	βλασφημεῖν
2900	τεκμήριον
2901	ὡς
2902	ἀληθῆ
2903	λέγουσιν
2904	ἑστήξουσιν
2905	.
2906	φέρ’
2907	,
2908	ἐὰν
2909	δὲ
2910	δὴ
2911	πέμψας
2912	ὡς
2913	ἡμᾶς
2914	ὁ
2915	Λεύκων
2916	ἐρωτᾷ
2917	,
2918	τί
2919	ἔχοντες
2920	ἐγκαλέσαι
2921	καὶ
2922	τί
2923	μεμφόμενοι
2924	τὴν
2925	ἀτέλειαν
2926	αὐτὸν
2927	ἀφῄρησθε
2928	,
2929	τί
2930	πρὸς
2931	θεῶν
2932	ἐροῦμεν
2933	ἢ
2934	τί
2935	γράψει
2936	ποθ’
2937	ὁ
2938	τὸ
2939	ψήφισμ’
2940	ὑπὲρ
2941	ἡμῶν
2942	γράφων
2943	;
2944	ὅτι
2945	νὴ
2946	Δί’
2947	ἦσάν
2948	τινες
2949	τῶν
2950	εὑρημένων
2951	ἀνάξιοι
2952	.
2953	ἐὰν
2954	οὖν
2955	εἴπῃ
2956	πρὸς
2957	ταῦτ’
2958	ἐκεῖνος
2959	καὶ
2960	γὰρ
2961	Ἀθηναίων
2962	τινὲς
2963	ἴσως
2964	φαῦλοι
2965	,
2966	καὶ
2967	οὐ
2968	διὰ
2969	ταῦτ’
2970	ἐγὼ
2971	τοὺς
2972	χρηστοὺς
2973	ἀφειλόμην
2974	,
2975	ἀλλὰ
2976	τὸν
2977	δῆμον
2978	νομίζων
2979	χρηστὸν
2980	πάντας
2981	ἔχειν
2982	ἐῶ
2983	,
2984	οὐ
2985	δικαιότερ’
2986	ἡμῶν
2987	ἐρεῖ
2988	;
2989	ἐμοὶ
2990	γοῦν
2991	δοκεῖ
2992	.
2993	παρὰ
2994	πᾶσι
2995	γὰρ
2996	ἀνθρώποις
2997	μᾶλλόν
2998	ἐστιν
2999	ἔθος
3000	διὰ
3001	τοὺς
3002	εὐεργέτας
3003	καὶ
3004	ἄλλους
3005	τινὰς
3006	εὖ
3007	ποιεῖν
3008	τῶν
3009	μὴ
3010	χρηστῶν
3011	ἢ
3012	διὰ
3013	τοὺς
3014	φαύλους
3015	τοὺς
3016	ὁμολογουμένως
3017	ἀξίους
3018	χάριτος
3019	τὰ
3020	δοθέντ’
3021	ἀφαιρεῖσθαι
3022	.
3023	καὶ
3024	μὴν
3025	οὐδ’
3026	ὅπως
3027	οὐκ
3028	ἀντιδώσει
3029	τῷ
3030	Λεύκωνί
3031	τις
3032	,
3033	ἂν
3034	βούληται
3035	,
3036	δύναμαι
3037	σκοπούμενος
3038	εὑρεῖν
3039	.
3040	χρήματα
3041	μὲν
3042	γάρ
3043	ἐστιν
3044	ἀεὶ
3045	παρ’
3046	ὑμῖν
3047	αὐτοῦ
3048	,
3049	κατὰ
3050	δὲ
3051	τὸν
3052	νόμον
3053	τοῦτον
3054	,
3055	ἐάν
3056	τις
3057	ἐπ’
3058	αὔτ’
3059	ἔλθῃ
3060	,
3061	ἢ
3062	στερήσεται
3063	τούτων
3064	ἢ
3065	λῃτουργεῖν
3066	ἀναγκασθήσεται
3067	.
3068	ἔστι
3069	δ’
3070	οὐ
3071	τὸ
3072	τῆς
3073	δαπάνης
3074	μέγιστον
3075	ἐκείνῳ
3076	,
3077	ἀλλ’
3078	ὅτι
3079	τὴν
3080	δωρειὰν
3081	ὑμᾶς
3082	αὐτὸν
3083	ἀφῃρῆσθαι
3084	νομιεῖ
3085	.
3086	οὐ
3087	τοίνυν
3088	,
3089	ὦ
3090	ἄνδρες
3091	Ἀθηναῖοι
3092	,
3093	μὴ
3094	Λεύκων
3095	ἀδικηθῇ
3096	μόνον
3097	δεῖ
3098	σκοπεῖν
3099	,
3100	ᾧ
3101	φιλοτιμίας
3102	ἕνεχ’
3103	ἡ
3104	περὶ
3105	τῆς
3106	δωρειᾶς
3107	σπουδὴ
3108	γένοιτ’
3109	ἄν
3110	,
3111	οὐ
3112	χρείας
3113	,
3114	ἀλλὰ
3115	καὶ
3116	εἴ
3117	τις
3118	ἄλλος
3119	εὖ
3120	μὲν
3121	ἐποίησεν
3122	ὑμᾶς
3123	εὖ
3124	πράττων
3125	,
3126	εἰς
3127	δέον
3128	δὲ
3129	νῦν
3130	γέγον’
3131	αὐτῷ
3132	τὸ
3133	λαβεῖν
3134	παρ’
3135	ὑμῶν
3136	τὴν
3137	ἀτέλειαν
3138	.
3139	τίς
3140	οὖν
3141	οὗτός
3142	ἐστιν
3143	;
3144	Ἐπικέρδης
3145	ὁ
3146	Κυρηναῖος
3147	,
3148	ὅς
3149	,
3150	εἴπερ
3151	τις
3152	ἄλλος
3153	τῶν
3154	εἰληφότων
3155	,
3156	δικαίως
3157	ἠξιώθη
3158	ταύτης
3159	τῆς
3160	τιμῆς
3161	,
3162	οὐ
3163	τῷ
3164	μεγάλ’
3165	ἢ
3166	θαυμάσι’
3167	ἡλίκα
3168	δοῦναι
3169	,
3170	ἀλλὰ
3171	τῷ
3172	παρὰ
3173	τοιοῦτον
3174	καιρὸν
3175	ἐν
3176	ᾧ
3177	καὶ
3178	τῶν
3179	εὖ
3180	πεπονθότων
3181	ἔργον
3182	ἦν
3183	εὑρεῖν
3184	ἐθέλοντά
3185	τινα
3186	ὧν
3187	εὐεργέτητο
3188	μεμνῆσθαι
3189	.
3190	οὗτος
3191	γὰρ
3192	ἁνήρ
3193	,
3194	ὡς
3195	τὸ
3196	ψήφισμα
3197	τοῦτο
3198	δηλοῖ
3199	τὸ
3200	τότ’
3201	αὐτῷ
3202	γραφέν
3203	,
3204	τοῖς
3205	ἁλοῦσι
3206	τότ’
3207	ἐν
3208	Σικελίᾳ
3209	τῶν
3210	πολιτῶν
3211	,
3212	ἐν
3213	τοιαύτῃ
3214	συμφορᾷ
3215	καθεστηκόσιν
3216	,
3217	ἔδωκε
3218	μνᾶς
3219	ἑκατὸν
3220	καὶ
3221	τοῦ
3222	μὴ
3223	τῷ
3224	λιμῷ
3225	πάντας
3226	αὐτοὺς
3227	ἀποθανεῖν
3228	αἰτιώτατος
3229	ἐγένετο
3230	.
3231	καὶ
3232	μετὰ
3233	ταῦτα
3234	,
3235	δοθείσης
3236	ἀτελείας
3237	αὐτῷ
3238	διὰ
3239	ταῦτα
3240	παρ’
3241	ὑμῶν
3242	,
3243	ὁρῶν
3244	ἐν
3245	τῷ
3246	πολέμῳ
3247	σπανίζοντα
3248	τὸν
3249	δῆμον
3250	χρημάτων
3251	,
3252	τάλαντον
3253	ἔδωκεν
3254	αὐτὸς
3255	ἐπαγγειλάμενος
3256	.
3257	σκέψασθε
3258	δὴ
3259	πρὸς
3260	Διὸς
3261	καὶ
3262	θεῶν
3263	,
3264	ἄνδρες
3265	Ἀθηναῖοι
3266	,
3267	πῶς
3268	ἂν
3269	ἄνθρωπος
3270	μᾶλλον
3271	φανερὸς
3272	γένοιτ’
3273	εὔνους
3274	ὢν
3275	ὑμῖν
3276	,
3277	ἢ
3278	πῶς
3279	ἧττον
3280	ἄξιος
3281	ἀδικηθῆναι
3282	,
3283	ἢ
3284	πρῶτον
3285	μὲν
3286	εἰ
3287	παρὼν
3288	τῷ
3289	τῆς
3290	πόλεως
3291	ἀτυχήματι
3292	μᾶλλον
3293	ἕλοιτο
3294	τοὺς
3295	ἀτυχοῦντας
3296	καὶ
3297	τὴν
3298	παρὰ
3299	τούτων
3300	χάριν
3301	,
3302	ἥτις
3303	ποτ’
3304	ἔμελλεν
3305	ἔσεσθαι
3306	,
3307	ἢ
3308	τοὺς
3309	ἐν
3310	ἐκείνῳ
3311	τῷ
3312	χρόνῳ
3313	κεκρατηκότας
3314	καὶ
3315	παρ’
3316	οἷς
3317	ἦν
3318	,
3319	δεύτερον
3320	δέ
3321	,
3322	ἑτέραν
3323	χρείαν
3324	ἰδών
3325	,
3326	εἰ
3327	φαίνοιτο
3328	διδοὺς
3329	καὶ
3330	μὴ
3331	πῶς
3332	ἰδίᾳ
3333	τὰ
3334	ὄντα
3335	σώσει
3336	προνοούμενος
3337	,
3338	ἀλλ’
3339	ὅπως
3340	τῶν
3341	ὑμετέρων
3342	μηδὲν
3343	ἐνδεῶς
3344	ἕξει
3345	τὸ
3346	καθ’
3347	αὑτόν
3348	.
3349	τοῦτον
3350	μέντοι
3351	τὸν
3352	τῷ
3353	μὲν
3354	ἔργῳ
3355	παρὰ
3356	τοὺς
3357	μεγίστους
3358	καιροὺς
3359	οὑτωσὶ
3360	κοινὰ
3361	τὰ
3362	ὄντα
3363	τῷ
3364	δήμῳ
3365	κεκτημένον
3366	,
3367	τῷ
3368	δὲ
3369	ῥήματι
3370	καὶ
3371	τῇ
3372	τιμῇ
3373	τὴν
3374	ἀτέλειαν
3375	ἔχοντα
3376	,
3377	οὐχὶ
3378	τὴν
3379	ἀτέλειαν
3380	ἀφαιρήσεσθε
3381	(
3382	οὐ
3383	δὲ
3384	γὰρ
3385	οὔσῃ
3386	χρώμενος
3387	φαίνεται
3388	)
3389	,
3390	ἀλλὰ
3391	τὸ
3392	πιστεύειν
3393	ὑμῖν
3394	,
3395	οὗ
3396	τί
3397	γένοιτ’
3398	ἂν
3399	αἴσχιον
3400	;
3401	τὸ
3402	τοίνυν
3403	ψήφισμ’
3404	ὑμῖν
3405	αὔτ’
3406	ἀναγνώσεται
3407	τὸ
3408	τότε
3409	ψηφισθὲν
3410	τῷ
3411	ἀνδρί
3412	.
3413	καὶ
3414	θεωρεῖτ’
3415	,
3416	ὦ
3417	ἄνδρες
3418	Ἀθηναῖοι
3419	,
3420	ὅσα
3421	ψηφίσματ’
3422	ἄκυρα
3423	ποιεῖ
3424	ὁ
3425	νόμος
3426	,
3427	καὶ
3428	οἵους
3429	ἀνθρώπους
3430	ἀδικεῖ
3431	,
3432	καὶ
3433	ἐν
3434	ὁποίοις
3435	καιροῖς
3436	χρησίμους
3437	ὑμῖν
3438	παρασχόντας
3439	ἑαυτούς
3440	·
3441	εὑρήσετε
3442	γὰρ
3443	τούτους
3444	,
3445	οὓς
3446	ἥκιστα
3447	προσῆκεν
3448	,
3449	ἀδικοῦντα
3450	.
3451	λέγε
3452	.
3453	ΨΗΦΙΣΜΑ
3454	.
3455	τὰς
3456	μὲν
3457	εὐεργεσίας
3458	ἀνθ’
3459	ὧν
3460	εὕρετο
3461	τὴν
3462	ἀτέλειαν
3463	ὁ
3464	Ἐπικέρδης
3465	ἀκηκόατ’
3466	ἐκ
3467	τῶν
3468	ψηφισμάτων
3469	,
3470	ὦ
3471	ἄνδρες
3472	δικασταί
3473	.
3474	σκοπεῖτε
3475	δὲ
3476	μὴ
3477	τοῦτο
3478	,
3479	εἰ
3480	μνᾶς
3481	ἑκατὸν
3482	καὶ
3483	πάλιν
3484	τάλαντον
3485	ἔδωκεν
3486	(
3487	οὐ
3488	δὲ
3489	γὰρ
3490	τοὺς
3491	λαβόντας
3492	ἔγωγ’
3493	ἡγοῦμαι
3494	τὸ
3495	πλῆθος
3496	τῶν
3497	χρημάτων
3498	θαυμάσαι
3499	)
3500	,
3501	ἀλλὰ
3502	τὴν
3503	προθυμίαν
3504	καὶ
3505	τὸ
3506	αὐτὸν
3507	ἐπαγγειλάμενον
3508	ποιεῖν
3509	καὶ
3510	τοὺς
3511	καιροὺς
3512	ἐν
3513	οἷς
3514	.
3515	πάντες
3516	μὲν
3517	γάρ
3518	εἰσιν
3519	ἴσως
3520	ἄξιοι
3521	χάριν
3522	ἀνταπολαμβάνειν
3523	οἱ
3524	προϋπάρχοντες
3525	τῷ
3526	ποιεῖν
3527	εὖ
3528	,
3529	μάλιστα
3530	δ’
3531	οἱ
3532	παρὰ
3533	τὰς
3534	χρείας
3535	,
3536	ὧν
3537	εἷς
3538	οὗτος
3539	ἁνὴρ
3540	ὢν
3541	φαίνεται
3542	.
3543	εἶτ’
3544	οὐκ
3545	αἰσχυνόμεθ’
3546	,
3547	ὦ
3548	ἄνδρες
3549	Ἀθηναῖοι
3550	,
3551	τοὺς
3552	τοῦ
3553	τοιούτου
3554	παῖδας
3555	εἰ
3556	μηδεμίαν
3557	ποιησάμενοι
3558	τούτων
3559	μηδενὸς
3560	μνείαν
3561	ἀφῃρημένοι
3562	φανούμεθα
3563	τὴν
3564	δωρειάν
3565	,
3566	μηδὲν
3567	ἔχοντες
3568	ἐγκαλέσαι
3569	;
3570	οὐ
3571	γὰρ
3572	εἰ
3573	ἕτεροι
3574	μὲν
3575	ἦσαν
3576	οἱ
3577	τότε
3578	σωθέντες
3579	ὑπ’
3580	αὐτοῦ
3581	καὶ
3582	δόντες
3583	τὴν
3584	ἀτέλειαν
3585	,
3586	ἕτεροι
3587	δ’
3588	ὑμεῖς
3589	οἱ
3590	νῦν
3591	ἀφαιρούμενοι
3592	,
3593	ἀπολύει
3594	τοῦτο
3595	τὴν
3596	αἰσχύνην
3597	,
3598	ἀλλ’
3599	αὐτὸ
3600	δὴ
3601	τοῦτο
3602	καὶ
3603	τὸ
3604	δεινόν
3605	ἐστιν
3606	.
3607	εἰ
3608	γὰρ
3609	οἱ
3610	μὲν
3611	εἰδότες
3612	καὶ
3613	παθόντες
3614	ἄξια
3615	τούτων
3616	ἐνόμιζον
3617	εὖ
3618	πάσχειν
3619	,
3620	ἡμεῖς
3621	δ’
3622	οἱ
3623	λόγῳ
3624	ταῦτ’
3625	ἀκούοντες
3626	ὡς
3627	ἀναξίων
3628	ἀφαιρησόμεθα
3629	,
3630	πῶς
3631	οὐχ
3632	ὑπέρδεινον
3633	ποιήσομεν
3634	;
3635	ὁ
3636	αὐτὸς
3637	τοίνυν
3638	ἐστί
3639	μοι
3640	λόγος
3641	οὗτος
3642	καὶ
3643	περὶ
3644	τῶν
3645	τοὺς
3646	τετρακοσίους
3647	καταλυσάντων
3648	,
3649	καὶ
3650	περὶ
3651	τῶν
3652	ὅτ’
3653	ἔφευγεν
3654	ὁ
3655	δῆμος
3656	χρησίμους
3657	αὑτοὺς
3658	παρασχόντων
3659	·
3660	πάντας
3661	γὰρ
3662	αὐτοὺς
3663	ἡγοῦμαι
3664	δεινότατ’
3665	ἂν
3666	παθεῖν
3667	,
3668	εἴ
3669	τι
3670	τῶν
3671	τότε
3672	ψηφισθέντων
3673	αὐτοῖς
3674	λυθείη
3675	.
3676	εἰ
3677	τοίνυν
3678	τις
3679	ὑμῶν
3680	ἐκεῖνο
3681	πέπεισται
3682	,
3683	πολὺ
3684	τοῦ
3685	δεηθῆναί
3686	τινος
3687	τοιούτου
3688	νῦν
3689	ἀπέχειν
3690	τὴν
3691	πόλιν
3692	,
3693	ταῦτα
3694	μὲν
3695	εὐχέσθω
3696	τοῖς
3697	θεοῖς
3698	,
3699	κ
3700	ἀγὼ
3701	συνεύχομαι
3702	,
3703	λογιζέσθω
3704	δὲ
3705	πρῶτον
3706	μὲν
3707	ὅτι
3708	περὶ
3709	νόμου
3710	μέλλει
3711	φέρειν
3712	τὴν
3713	ψῆφον
3714	ᾧ
3715	μὴ
3716	λυθέντι
3717	δεήσει
3718	χρῆσθαι
3719	,
3720	δεύτερον
3721	δ’
3722	ὅτι
3723	βλάπτουσιν
3724	οἱ
3725	πονηροὶ
3726	νόμοι
3727	καὶ
3728	τὰς
3729	ἀσφαλῶς
3730	οἰκεῖν
3731	οἰομένας
3732	πόλεις
3733	.
3734	οὐ
3735	γὰρ
3736	ἂν
3737	μετέπιπτε
3738	τὰ
3739	πράγματ’
3740	ἐπ’
3741	ἀμφότερα
3742	,
3743	εἰ
3744	μὴ
3745	τοὺς
3746	μὲν
3747	ἐν
3748	κινδύνῳ
3749	καθεστηκότας
3750	καὶ
3751	πράξεις
3752	χρησταὶ
3753	καὶ
3754	νόμοι
3755	καὶ
3756	ἄνδρες
3757	χρηστοὶ
3758	καὶ
3759	πάντ’
3760	ἐξητασμέν’
3761	ἐπὶ
3762	τὸ
3763	βέλτιον
3764	προῆγε
3765	,
3766	τοὺς
3767	δ’
3768	ἐν
3769	ἁπάσῃ
3770	καθεστάναι
3771	δοκοῦντας
3772	εὐδαιμονίᾳ
3773	πάντα
3774	ταῦτ’
3775	ἀμελούμεν’
3776	ὑπέρρει
3777	κατὰ
3778	μικρόν
3779	.
3780	τῶν
3781	γὰρ
3782	ἀνθρώπων
3783	οἱ
3784	πλεῖστοι
3785	κτῶνται
3786	μὲν
3787	τ
3788	ἀγαθὰ
3789	τῷ
3790	καλῶς
3791	βουλεύεσθαι
3792	καὶ
3793	μηδενὸς
3794	καταφρονεῖν
3795	,
3796	φυλάττειν
3797	δ’
3798	οὐκ
3799	ἐθέλουσι
3800	τοῖς
3801	αὐτοῖς
3802	τούτοις
3803	.
3804	ὃ
3805	μὴ
3806	πάθητε
3807	νῦν
3808	ὑμεῖς
3809	,
3810	μηδ’
3811	οἴεσθε
3812	νόμον
3813	τοιοῦτον
3814	θέσθαι
3815	δεῖν
3816	,
3817	ὃς
3818	καλῶς
3819	τε
3820	πράττουσαν
3821	τὴν
3822	πόλιν
3823	ἡμῶν
3824	πονηρᾶς
3825	δόξης
3826	ἀναπλήσει
3827	,
3828	ἐάν
3829	τέ
3830	τι
3831	συμβῇ
3832	ποτέ
3833	,
3834	ἔρημον
3835	τῶν
3836	ἐθελησόντων
3837	ἀγαθόν
3838	τι
3839	ποιεῖν
3840	καταστήσει
3841	.
3842	οὐ
3843	τοίνυν
3844	μόνον
3845	,
3846	ὦ
3847	ἄνδρες
3848	Ἀθηναῖοι
3849	,
3850	τοὺς
3851	ἰδίᾳ
3852	γνόντας
3853	εὖ
3854	ποιεῖν
3855	ὑμᾶς
3856	καὶ
3857	παρασχόντας
3858	χρησίμους
3859	αὑτοὺς
3860	ἐπὶ
3861	τηλικούτων
3862	καὶ
3863	τοιούτων
3864	καιρῶν
3865	,
3866	οἵων
3867	μικρῷ
3868	πρότερον
3869	Φορμίων
3870	διεξελήλυθε
3871	κ
3872	ἀγὼ
3873	νῦν
3874	εἴρηκα
3875	,
3876	ἄξιόν
3877	ἐστιν
3878	εὐλαβηθῆναι
3879	ἀδικῆσαι
3880	,
3881	ἀλλὰ
3882	καὶ
3883	πολλοὺς
3884	ἄλλους
3885	,
3886	οἳ
3887	πόλεις
3888	ὅλας
3889	,
3890	τὰς
3891	ἑαυτῶν
3892	πατρίδας
3893	,
3894	συμμάχους
3895	ὑμῖν
3896	ἐπὶ
3897	τοῦ
3898	πρὸς
3899	Λακεδαιμονίους
3900	πολέμου
3901	παρέσχον
3902	,
3903	καὶ
3904	λέγοντες
3905	ἃ
3906	συμφέρει
3907	τῇ
3908	πόλει
3909	τῇ
3910	ὑμετέρᾳ
3911	καὶ
3912	πράττοντες
3913	·
3914	ὧν
3915	ἔνιοι
3916	διὰ
3917	τὴν
3918	πρὸς
3919	ὑμᾶς
3920	εὔνοιαν
3921	στέρονται
3922	τῆς
3923	πατρίδος
3924	.
3925	ὧν
3926	ἐπέρχεταί
3927	μοι
3928	πρώτους
3929	ἐξετάσαι
3930	τοὺς
3931	ἐκ
3932	Κορίνθου
3933	φεύγοντας
3934	.
3935	ἀναγκάζομαι
3936	δὲ
3937	λέγειν
3938	πρὸς
3939	ὑμᾶς
3940	ταῦθ’
3941	ἃ
3942	παρ’
3943	ὑμῶν
3944	τῶν
3945	πρεσβυτέρων
3946	αὐτὸς
3947	ἀκήκοα
3948	.
3949	τὰ
3950	μὲν
3951	οὖν
3952	ἄλλ’
3953	ὅσα
3954	χρησίμους
3955	ὑμῖν
3956	ἑαυτοὺς
3957	ἐκεῖνοι
3958	παρέσχον
3959	,
3960	ἐάσω
3961	·
3962	ἀλλ’
3963	ὅθ’
3964	ἡ
3965	μεγάλη
3966	μάχη
3967	πρὸς
3968	Λακεδαιμονίους
3969	ἐγένεθ’
3970	ἡ
3971	ἐν
3972	Κορίνθῳ
3973	,
3974	τῶν
3975	ἐν
3976	τῇ
3977	πόλει
3978	βουλευσαμένων
3979	μετὰ
3980	τὴν
3981	μάχην
3982	μὴ
3983	δέχεσθαι
3984	τῷ
3985	τείχει
3986	τοὺς
3987	στρατιώτας
3988	,
3989	ἀλλὰ
3990	πρὸς
3991	Λακεδαιμονίους
3992	ἐπικηρυκεύεσθαι
3993	,
3994	ὁρῶντες
3995	ἠτυχηκυῖαν
3996	τὴν
3997	πόλιν
3998	καὶ
3999	τῆς
4000	παρόδου
4001	κρατοῦντας
4002	Λακεδαιμονίους
4003	,
4004	οὐχὶ
4005	προὔδωκαν
4006	οὐδ’
4007	ἐβουλεύσαντ’
4008	ἰδίᾳ
4009	περὶ
4010	τῆς
4011	αὑτῶν
4012	σωτηρίας
4013	,
4014	ἀλλὰ
4015	πλησίον
4016	ὄντων
4017	μεθ’
4018	ὅπλων
4019	ἁπάντων
4020	Πελοποννησίων
4021	ἀνέῳξαν
4022	τὰς
4023	πύλας
4024	ὑμῖν
4025	βίᾳ
4026	τῶν
4027	πολλῶν
4028	,
4029	καὶ
4030	μᾶλλον
4031	εἵλοντο
4032	μεθ’
4033	ὑμῶν
4034	τῶν
4035	τότε
4036	στρατευσαμένων
4037	,
4038	εἴ
4039	τι
4040	δέοι
4041	,
4042	πάσχειν
4043	ἢ
4044	χωρὶς
4045	ὑμῶν
4046	ἀκινδύνως
4047	σεσῶσθαι
4048	,
4049	καὶ
4050	εἰσέφρουν
4051	τὸ
4052	στράτευμα
4053	,
4054	καὶ
4055	διέσωσαν
4056	καὶ
4057	ὑμᾶς
4058	καὶ
4059	τοὺς
4060	συμμάχους
4061	.
4062	ἐπειδὴ
4063	δ’
4064	ἡ
4065	πρὸς
4066	Λακεδαιμονίους
4067	εἰρήνη
4068	μετὰ
4069	ταῦτ’
4070	ἐγένετο
4071	,
4072	ἡ
4073	ἐπ’
4074	Ἀνταλκίδου
4075	,
4076	ἀντὶ
4077	τῶν
4078	ἔργων
4079	τούτων
4080	ὑπὸ
4081	Λακεδαιμονίων
4082	ἐξέπεσον
4083	.
4084	ὑποδεξάμενοι
4085	δ’
4086	ὑμεῖς
4087	αὐτοὺς
4088	ἐποιήσατ’
4089	ἔργον
4090	ἀνθρώπων
4091	καλῶν
4092	κ
4093	ἀγαθῶν
4094	·
4095	ἐψηφίσασθε
4096	γὰρ
4097	αὐτοῖς
4098	ἅπανθ’
4099	ὧν
4100	ἐδέοντο
4101	.
4102	εἶτα
4103	ταῦτα
4104	νῦν
4105	εἰ
4106	χρὴ
4107	κύρι’
4108	εἶναι
4109	σκοποῦμεν
4110	;
4111	ἀλλ’
4112	ὁ
4113	λόγος
4114	πρῶτον
4115	αἰσχρὸς
4116	,
4117	εἴ
4118	τις
4119	ἀκούσειεν
4120	ὡς
4121	Ἀθηναῖοι
4122	σκοποῦσιν
4123	εἰ
4124	χρὴ
4125	τοὺς
4126	εὐεργέτας
4127	ἐᾶν
4128	τὰ
4129	δοθέντ’
4130	ἔχειν
4131	·
4132	πάλαι
4133	γὰρ
4134	ἐσκέφθαι
4135	ταῦτα
4136	καὶ
4137	ἐγνῶσθαι
4138	προσῆκεν
4139	.
4140	ἀνάγνωθι
4141	καὶ
4142	τοῦτο
4143	τὸ
4144	ψήφισμ’
4145	αὐτοῖς
4146	.
4147	ΨΗΦΙΣΜΑ
4148	.
4149	ἃ
4150	μὲν
4151	ἐψηφίσασθε
4152	τοῖς
4153	φεύγουσιν
4154	δι’
4155	ὑμᾶς
4156	Κορινθίων
4157	ταῦτ’
4158	ἐστίν
4159	,
4160	ὦ
4161	ἄνδρες
4162	δικασταί
4163	.
4164	ὅρα
4165	δέ
4166	,
4167	εἴ
4168	τις
4169	ἐκείνους
4170	τοὺς
4171	καιροὺς
4172	εἰδὼς
4173	ἤ
4174	τινος
4175	εἰδότος
4176	διεξιόντος
4177	ἀκούσας
4178	,
4179	ἀκούσαι
4180	τοῦ
4181	νόμου
4182	τούτου
4183	τὰς
4184	τότε
4185	δωρειὰς
4186	δοθείσας
4187	ἀφαιρουμένου
4188	,
4189	ὅσην
4190	ἂν
4191	κακίαν
4192	τῶν
4193	θεμένων
4194	τὸν
4195	νόμον
4196	καταγνοίη
4197	,
4198	οἳ
4199	παρὰ
4200	μὲν
4201	τὰς
4202	χρείας
4203	οὕτω
4204	φιλάνθρωποι
4205	καὶ
4206	πάντα
4207	ποιοῦντες
4208	,
4209	ἐπειδὴ
4210	δ’
4211	ἐπράξαμεν
4212	πάνθ’
4213	ὅσ’
4214	ἂν
4215	εὐξαίμεθα
4216	,
4217	οὕτως
4218	ἀχάριστοι
4219	καὶ
4220	κακοί
4221	,
4222	ὥστε
4223	τούς
4224	τ’
4225	ἔχοντας
4226	ἀφῃρήμεθα
4227	καὶ
4228	τὸ
4229	λοιπὸν
4230	μηδενὶ
4231	δοῦναι
4232	ταῦτ’
4233	ἐξεῖναι
4234	νόμον
4235	τεθήκαμεν
4236	.
4237	νὴ
4238	Δί’
4239	ἀνάξιοι
4240	γάρ
4241	τινες
4242	τῶν
4243	εὑρημένων
4244	ταῦτ’
4245	ἦσαν
4246	·
4247	τουτὶ
4248	γὰρ
4249	παρὰ
4250	πάντ’
4251	ἔσται
4252	τὸν
4253	λόγον
4254	αὐτοῖς
4255	.
4256	ἔπειτ’
4257	ἐκεῖν’
4258	ἀγνοεῖν
4259	φήσομεν
4260	,
4261	ὅτι
4262	τὴν
4263	ἀξίαν
4264	,
4265	ὅταν
4266	διδῶμεν
4267	,
4268	δεῖ
4269	σκοπεῖν
4270	,
4271	οὐ
4272	μετὰ
4273	ταῦθ’
4274	ὕστερον
4275	χρόνῳ
4276	παμπληθεῖ
4277	;
4278	τὸ
4279	μὲν
4280	γὰρ
4281	ἐξ
4282	ἀρχῆς
4283	τι
4284	μὴ
4285	δοῦναι
4286	γνώμῃ
4287	χρησαμένων
4288	ἔργον
4289	ἀνθρώπων
4290	ἐστί
4291	·
4292	τὸ
4293	δὲ
4294	τοὺς
4295	ἔχοντας
4296	ἀφαιρεῖσθαι
4297	φθονούντων
4298	,
4299	τοῦτο
4300	δ’
4301	οὐ
4302	δεῖ
4303	δοκεῖν
4304	ὑμᾶς
4305	πεπονθέναι
4306	.
4307	καὶ
4308	μὴν
4309	οὐδ’
4310	ἐκεῖν’
4311	ὀκνήσω
4312	περὶ
4313	τῆς
4314	ἀξίας
4315	αὐτῆς
4316	πρὸς
4317	ὑμᾶς
4318	εἰπεῖν
4319	.
4320	ἐγὼ
4321	γὰρ
4322	οὐ
4323	τὸν
4324	αὐτὸν
4325	τρόπον
4326	νομίζω
4327	πόλει
4328	τὸν
4329	ἄξιον
4330	ἐξεταστέον
4331	εἶναι
4332	καὶ
4333	ἰδιώτῃ
4334	·
4335	οὐ
4336	δὲ
4337	γὰρ
4338	περὶ
4339	τῶν
4340	αὐτῶν
4341	ἡ
4342	σκέψις
4343	.
4344	ἰδίᾳ
4345	μὲν
4346	γὰρ
4347	ἕκαστος
4348	ἡμῶν
4349	σκοπεῖ
4350	τίς
4351	ἄξιός
4352	ἐστιν
4353	ἑκάστου
4354	κηδεστὴς
4355	ἢ
4356	τῶν
4357	τοιούτων
4358	τι
4359	γίγνεσθαι
4360	,
4361	ταῦτα
4362	δὲ
4363	καὶ
4364	νόμοις
4365	τισὶ
4366	καὶ
4367	δόξαις
4368	διώρισται
4369	·
4370	κοινῇ
4371	δ’
4372	ἡ
4373	πόλις
4374	καὶ
4375	ὁ
4376	δῆμος
4377	,
4378	ὅστις
4379	ἂν
4380	αὐτὸν
4381	εὖ
4382	ποιῇ
4383	καὶ
4384	σῴζῃ
4385	,
4386	τοῦτο
4387	δ’
4388	οὐ
4389	γένει
4390	καὶ
4391	δόξῃ
4392	κρινόμενον
4393	ἴδοι
4394	τις
4395	ἄν
4396	,
4397	ἀλλ’
4398	ἔργῳ
4399	.
4400	ὅταν
4401	μὲν
4402	οὖν
4403	εὖ
4404	πάσχειν
4405	δέῃ
4406	,
4407	τὸν
4408	βουλόμενον
4409	εὖ
4410	ποιεῖν
4411	ἡμᾶς
4412	ἐάσομεν
4413	,
4414	ἐπειδὰν
4415	δὲ
4416	πάθωμεν
4417	,
4418	τότε
4419	τὴν
4420	ἀξίαν
4421	τοῦ
4422	ποιήσαντος
4423	σκεψόμεθα
4424	;
4425	οὐκ
4426	ἄρ’
4427	ὀρθῶς
4428	βουλευσόμεθα
4429	.
4430	ἀλλὰ
4431	νὴ
4432	Δί’
4433	οὗτοι
4434	μόνοι
4435	τοῦτο
4436	πείσονται
4437	,
4438	καὶ
4439	περὶ
4440	τούτων
4441	μόνων
4442	ποιοῦμαι
4443	λόγον
4444	τοσοῦτον
4445	.
4446	πολλοῦ
4447	γε
4448	καὶ
4449	δέω
4450	.
4451	ἀλλὰ
4452	πάντας
4453	μὲν
4454	οὐδ’
4455	ἂν
4456	ἐγχειρήσαιμ’
4457	ἐξετάζειν
4458	ὅσοι
4459	πεποιηκότες
4460	ὑμᾶς
4461	εὖ
4462	διὰ
4463	τὸν
4464	νόμον
4465	,
4466	εἰ
4467	μὴ
4468	λυθήσεται
4469	,
4470	τὰ
4471	δοθέντ’
4472	ἀφαιρεθήσονται
4473	·
4474	ἓν
4475	δ’
4476	ἢ
4477	δύο
4478	δείξας
4479	ἔτι
4480	ψηφίσματ’
4481	ἀπαλλάττομαι
4482	τοῦ
4483	περὶ
4484	τούτων
4485	λέγειν
4486	.
4487	τοῦτο
4488	μὲν
4489	τοίνυν
4490	Θασίους
4491	τοὺς
4492	μετ’
4493	Ἐκφάντου
4494	πῶς
4495	οὐκ
4496	ἀδικήσετε
4497	,
4498	ἐὰν
4499	ἀφαιρῆσθε
4500	τὴν
4501	ἀτέλειαν
4502	,
4503	οἳ
4504	παραδόντες
4505	ὑμῖν
4506	Θάσον
4507	καὶ
4508	τὴν
4509	Λακεδαιμονίων
4510	φρουρὰν
4511	μεθ’
4512	ὅπλων
4513	ἐκβαλόντες
4514	καὶ
4515	Θρασύβουλον
4516	εἰσαγαγόντες
4517	καὶ
4518	παρασχόντες
4519	φίλην
4520	ὑμῖν
4521	τὴν
4522	αὑτῶν
4523	πατρίδα
4524	αἴτιοι
4525	τοῦ
4526	γενέσθαι
4527	σύμμαχον
4528	τὸν
4529	περὶ
4530	Θρᾴκην
4531	τόπον
4532	ὑμῖν
4533	ἐγένοντο
4534	;
4535	τοῦτο
4536	δ’
4537	Ἀρχέβιον
4538	καὶ
4539	Ἡρακλείδην
4540	,
4541	οἳ
4542	Βυζάντιον
4543	παραδόντες
4544	Θρασυβούλῳ
4545	κυρίους
4546	ὑμᾶς
4547	ἐποίησαν
4548	τοῦ
4549	Ἑλλησπόντου
4550	,
4551	ὥστε
4552	τὴν
4553	δεκάτην
4554	ἀποδόσθαι
4555	καὶ
4556	χρημάτων
4557	εὐπορήσαντας
4558	Λακεδαιμονίους
4559	ἀναγκάσαι
4560	τοιαύτην
4561	,
4562	οἵαν
4563	ὑμῖν
4564	ἐδόκει
4565	,
4566	ποιήσασθαι
4567	τὴν
4568	εἰρήνην
4569	;
4570	ὧν
4571	,
4572	ὦ
4573	ἄνδρες
4574	Ἀθηναῖοι
4575	,
4576	μετὰ
4577	ταῦτ’
4578	ἐκπεσόντων
4579	ἐψηφίσασθ’
4580	ἅπερ
4581	,
4582	οἶμαι
4583	,
4584	φεύγουσιν
4585	εὐεργέταις
4586	δι’
4587	ὑμᾶς
4588	προσῆκε
4589	,
4590	προξενίαν
4591	,
4592	εὐεργεσίαν
4593	,
4594	ἀτέλειαν
4595	ἁπάντων
4596	.
4597	εἶτα
4598	τοὺς
4599	δι’
4600	ὑμᾶς
4601	φεύγοντας
4602	καὶ
4603	δικαίως
4604	τι
4605	παρ’
4606	ὑμῶν
4607	εὑρομένους
4608	ἐάσωμεν
4609	ἀφαιρεθῆναι
4610	ταῦτα
4611	,
4612	μηδὲν
4613	ἔχοντες
4614	ἐγκαλέσαι
4615	;
4616	ἀλλ’
4617	αἰσχρὸν
4618	ἂν
4619	εἴη
4620	.
4621	μάθοιτε
4622	δὲ
4623	τοῦτο
4624	μάλιστ’
4625	ἄν
4626	,
4627	ἐκείνως
4628	εἰ
4629	λογίσαισθε
4630	πρὸς
4631	ὑμᾶς
4632	αὐτούς
4633	·
4634	εἴ
4635	τινες
4636	νυνὶ
4637	τῶν
4638	ἐχόντων
4639	Πύδναν
4640	ἢ
4641	Ποτείδαιαν
4642	ἤ
4643	τι
4644	τῶν
4645	ἄλλων
4646	χωρίων
4647	,
4648	ἃ
4649	Φιλίππῳ
4650	μέν
4651	ἐστιν
4652	ὑπήκοα
4653	,
4654	ὑμῖν
4655	δ’
4656	ἐχθρά
4657	,
4658	τὸν
4659	αὐτὸν
4660	τρόπον
4661	ὅνπερ
4662	ἡ
4663	Θάσος
4664	ἦν
4665	τότε
4666	καὶ
4667	τὸ
4668	Βυζάντιον
4669	Λακεδαιμονίοις
4670	μὲν
4671	οἰκεῖα
4672	,
4673	ὑμῖν
4674	δ’
4675	ἀλλότρια
4676	,
4677	παραδώσειν
4678	ταῦτ’
4679	ἐπαγγείλαιντο
4680	,
4681	ἂν
4682	αὐτοῖς
4683	τὰς
4684	αὐτὰς
4685	δῶτε
4686	δωρειὰς
4687	ὥσπερ
4688	Ἐκφάντῳ
4689	τῷ
4690	Θασίῳ
4691	καὶ
4692	Ἀρχεβίῳ
4693	τῷ
4694	Βυζαντίῳ
4695	,
4696	καί
4697	τινες
4698	τούτων
4699	ἀντιλέγοιεν
4700	αὐτοῖς
4701	ταῦτα
4702	λέγοντες
4703	,
4704	ὡς
4705	δεινὸν
4706	εἴ
4707	τινες
4708	μόνοι
4709	τῶν
4710	ἄλλων
4711	μετοίκων
4712	μὴ
4713	χορηγοῖεν
4714	,
4715	πῶς
4716	ποτ’
4717	ἂν
4718	ἔχοιτε
4719	πρὸς
4720	τοὺς
4721	ταῦτα
4722	λέγοντας
4723	;
4724	ἢ
4725	δῆλον
4726	ὅτι
4727	φωνὴν
4728	οὐκ
4729	ἂν
4730	ἀνάσχοισθ’
4731	ὡς
4732	συκοφαντούντων
4733	;
4734	οὔκουν
4735	αἰσχρὸν
4736	εἰ
4737	μέλλοντες
4738	μὲν
4739	εὖ
4740	πάσχειν
4741	συκοφάντην
4742	ἂν
4743	τὸν
4744	ταῦτα
4745	λέγονθ’
4746	ἡγοῖσθε
4747	,
4748	ἐπὶ
4749	τῷ
4750	δ’
4751	ἀφελέσθαι
4752	τὰς
4753	τῶν
4754	προτέρων
4755	εὐεργετῶν
4756	δωρειὰς
4757	ταῦτα
4758	λεγόντων
4759	ἀκούσεσθε
4760	;
4761	φέρε
4762	δὴ
4763	κ
4764	ἀκεῖν’
4765	ἐξετάσωμεν
4766	.
4767	οἱ
4768	προδόντες
4769	τὴν
4770	Πύδναν
4771	καὶ
4772	τ
4773	ἄλλα
4774	χωρία
4775	τῷ
4776	Φιλίππῳ
4777	τῷ
4778	ποτ’
4779	ἐπαρθέντες
4780	ἡμᾶς
4781	ἠδίκουν
4782	;
4783	ἢ
4784	πᾶσι
4785	πρόδηλον
4786	τοῦτο
4787	,
4788	ὅτι
4789	ταῖς
4790	παρ’
4791	ἐκείνου
4792	δωρειαῖς
4793	,
4794	ἃς
4795	διὰ
4796	ταῦτ’
4797	ἔσεσθαι
4798	σφίσιν
4799	ἡγοῦντο
4800	;
4801	πότερον
4802	οὖν
4803	μᾶλλον
4804	ἔδει
4805	σ’
4806	,
4807	ὦ
4808	Λεπτίνη
4809	,
4810	τοὺς
4811	ἐχθρούς
4812	,
4813	εἰ
4814	δύνασαι
4815	,
4816	πεῖσαι
4817	τοὺς
4818	ἐπὶ
4819	τοῖς
4820	πρὸς
4821	ἡμᾶς
4822	ἀδικήμασι
4823	γιγνομένους
4824	ἐκείνων
4825	εὐεργέτας
4826	μὴ
4827	τιμᾶν
4828	,
4829	ἢ
4830	θεῖναι
4831	νόμον
4832	ἡμῖν
4833	ὃς
4834	τῶν
4835	τοῖς
4836	ἡμετέροις
4837	εὐεργέταις
4838	ὑπαρχουσῶν
4839	δωρειῶν
4840	ἀφαιρεῖταί
4841	τι
4842	;
4843	ἐγὼ
4844	μὲν
4845	ἐκεῖν’
4846	οἶμαι
4847	.
4848	ἀλλ’
4849	ἵνα
4850	μὴ
4851	πόρρω
4852	τοῦ
4853	παρόντος
4854	γένωμαι
4855	,
4856	λαβὲ
4857	τὰ
4858	ψηφίσμαθ’
4859	ἃ
4860	τοῖς
4861	Θασίοις
4862	καὶ
4863	Βυζαντίοις
4864	ἐγράφη
4865	.
4866	λέγε
4867	.
4868	ΨΗΦΙΣΜΑΤΑ
4869	.
4870	ἠκούσατε
4871	μὲν
4872	τῶν
4873	ψηφισμάτων
4874	,
4875	ὦ
4876	ἄνδρες
4877	δικασταί
4878	.
4879	τούτων
4880	δ’
4881	ἴσως
4882	ἔνιοι
4883	τῶν
4884	ἀνδρῶν
4885	οὐκέτ’
4886	εἰσίν
4887	.
4888	ἀλλὰ
4889	τὰ
4890	ἔργα
4891	τὰ
4892	πραχθέντ’
4893	ἔστιν
4894	,
4895	ἐπειδήπερ
4896	ἅπαξ
4897	ἐπράχθη
4898	.
4899	προσήκει
4900	τοίνυν
4901	τὰς
4902	στήλας
4903	ταύτας
4904	κυρίας
4905	ἐᾶν
4906	τὸν
4907	πάντα
4908	χρόνον
4909	,
4910	ἵν’
4911	,
4912	ἕως
4913	μὲν
4914	ἄν
4915	τινες
4916	ζῶσι
4917	,
4918	μηδὲν
4919	ὑφ’
4920	ὑμῶν
4921	ἀδικῶνται
4922	,
4923	ἐπειδὰν
4924	δὲ
4925	τελευτήσωσιν
4926	,
4927	ἐκεῖναι
4928	τοῦ
4929	τῆς
4930	πόλεως
4931	ἤθους
4932	μνημεῖον
4933	ὦσι
4934	,
4935	καὶ
4936	παραδείγμαθ’
4937	ἑστῶσι
4938	τοῖς
4939	βουλομένοις
4940	τι
4941	ποιεῖν
4942	ὑμᾶς
4943	ἀγαθόν
4944	,
4945	ὅσους
4946	εὖ
4947	ποιήσαντας
4948	ἡ
4949	πόλις
4950	ἀντ’
4951	εὖ
4952	πεποίηκεν
4953	.
4954	καὶ
4955	μὴν
4956	μηδ’
4957	ἐκεῖν’
4958	ὑμᾶς
4959	,
4960	ὦ
4961	ἄνδρες
4962	Ἀθηναῖοι
4963	,
4964	λανθανέτω
4965	,
4966	ὅτι
4967	τῶν
4968	αἰσχίστων
4969	ἐστὶν
4970	πάντας
4971	ἀνθρώπους
4972	ἰδεῖν
4973	καὶ
4974	ἀκοῦσαι
4975	τὰς
4976	μὲν
4977	συμφοράς
4978	,
4979	αἷς
4980	δι’
4981	ὑμᾶς
4982	ἐχρήσανθ’
4983	οἱ
4984	ἄνδρες
4985	οὗτοι
4986	,
4987	πάντα
4988	τὸν
4989	χρόνον
4990	κυρίας
4991	αὐτοῖς
4992	γεγενημένας
4993	,
4994	τὰς
4995	δὲ
4996	δωρειάς
4997	,
4998	ἃς
4999	ἀντὶ
5000	τούτων
5001	ἔλαβον
5002	παρ’
5003	ὑμῶν
5004	,
5005	καὶ
5006	δὴ
5007	λελυμένας
5008	.
5009	πολὺ
5010	γὰρ
5011	μᾶλλον
5012	ἥρμοττεν
5013	τὰ
5014	δοθέντ’
5015	ἐῶντας
5016	τῶν
5017	ἀτυχημάτων
5018	ἀφαιρεῖν
5019	ἢ
5020	τούτων
5021	μενόντων
5022	τὰς
5023	δωρειὰς
5024	ἀφαιρεῖσθαι
5025	.
5026	φέρε
5027	γὰρ
5028	πρὸς
5029	Διός
5030	,
5031	τίς
5032	ἔστιν
5033	ὅστις
5034	εὖ
5035	ποιεῖν
5036	ὑμᾶς
5037	βουλήσεται
5038	,
5039	μέλλων
5040	,
5041	ἂν
5042	μὲν
5043	ἀποτύχῃ
5044	,
5045	παραχρῆμα
5046	δίκην
5047	δώσειν
5048	τοῖς
5049	ἐχθροῖς
5050	,
5051	ἂν
5052	δὲ
5053	κατορθώσῃ
5054	,
5055	τὰς
5056	χάριτας
5057	παρ’
5058	ὑμῶν
5059	ἀπίστους
5060	ἕξειν
5061	;
5062	πάνυ
5063	τοίνυν
5064	ἀχθοίμην
5065	ἄν
5066	,
5067	ὦ
5068	ἄνδρες
5069	δικασταί
5070	,
5071	εἰ
5072	τοῦτο
5073	μόνον
5074	δόξαιμι
5075	δίκαιον
5076	κατηγορεῖν
5077	τοῦ
5078	νόμου
5079	,
5080	ὅτι
5081	πολλοὺς
5082	ξένους
5083	εὐεργέτας
5084	ἀφαιρεῖται
5085	τὴν
5086	ἀτέλειαν
5087	,
5088	τῶν
5089	δὲ
5090	πολιτῶν
5091	μηδέν’
5092	ἄξιον
5093	δοκοίην
5094	ἔχειν
5095	δεῖξαι
5096	τῶν
5097	εὑρημένων
5098	ταύτην
5099	τὴν
5100	τιμήν
5101	.
5102	καὶ
5103	γὰρ
5104	τ
5105	ἄλλ’
5106	ἀγάθ’
5107	εὐξαίμην
5108	ἂν
5109	ἔγωγε
5110	παρ’
5111	ἡμῖν
5112	εἶναι
5113	πλεῖστα
5114	,
5115	καὶ
5116	ἄνδρας
5117	ἀρίστους
5118	καὶ
5119	πλείστους
5120	εὐεργέτας
5121	τῆς
5122	πόλεως
5123	πολίτας
5124	εἶναι
5125	.
5126	πρῶτον
5127	μὲν
5128	τοίνυν
5129	Κόνωνα
5130	σκοπεῖτε
5131	,
5132	εἰ
5133	ἄρ’
5134	ἄξιον
5135	,
5136	καταμεμψαμένους
5137	ἢ
5138	τὸν
5139	ἄνδρα
5140	ἢ
5141	τὰ
5142	πεπραγμένα
5143	,
5144	ἄκυρόν
5145	τι
5146	ποιῆσαι
5147	τῶν
5148	ἐκείνῳ
5149	δοθέντων
5150	.
5151	οὗτος
5152	γάρ
5153	,
5154	ὡς
5155	ὑμῶν
5156	τινῶν
5157	ἔστιν
5158	ἀκοῦσαι
5159	τῶν
5160	κατὰ
5161	τὴν
5162	αὐτὴν
5163	ἡλικίαν
5164	ὄντων
5165	,
5166	μετὰ
5167	τὴν
5168	τοῦ
5169	δήμου
5170	κάθοδον
5171	τὴν
5172	ἐκ
5173	Πειραιῶς
5174	ἀσθενοῦς
5175	ἡμῶν
5176	τῆς
5177	πόλεως
5178	οὔσης
5179	καὶ
5180	ναῦν
5181	οὐδεμίαν
5182	κεκτημένης
5183	,
5184	στρατηγῶν
5185	βασιλεῖ
5186	,
5187	παρ’
5188	ὑμῶν
5189	οὐδ’
5190	ἡντινοῦν
5191	ἀφορμὴν
5192	λαβών
5193	,
5194	κατεναυμάχησεν
5195	Λακεδαιμονίους
5196	,
5197	καὶ
5198	πρότερον
5199	τοῖς
5200	ἄλλοις
5201	ἐπιτάττοντας
5202	εἴθισ’
5203	ἀκούειν
5204	ὑμῶν
5205	,
5206	καὶ
5207	τοὺς
5208	ἁρμοστὰς
5209	ἐξήλασεν
5210	ἐκ
5211	τῶν
5212	νήσων
5213	,
5214	καὶ
5215	μετὰ
5216	ταῦτα
5217	δεῦρ’
5218	ἐλθὼν
5219	ἀνέστησε
5220	τὰ
5221	τείχη
5222	,
5223	καὶ
5224	πρῶτος
5225	πάλιν
5226	περὶ
5227	τῆς
5228	ἡγεμονίας
5229	ἐποίησε
5230	τῇ
5231	πόλει
5232	τὸν
5233	λόγον
5234	πρὸς
5235	Λακεδαιμονίους
5236	εἶναι
5237	.
5238	καὶ
5239	γάρ
5240	τοι
5241	μόνῳ
5242	τῶν
5243	πάντων
5244	αὐτῷ
5245	τοῦτ’
5246	ἐν
5247	τῇ
5248	στήλῃ
5249	γέγραπται
5250	·
5251	ἐπειδὴ
5252	φησὶν
5253	ἠλευθέρωσε
5254	τοὺς
5255	Ἀθηναίων
5256	συμμάχους
5257	.
5258	ἔστιν
5259	δὲ
5260	τοῦτο
5261	τὸ
5262	γράμμ’
5263	,
5264	ὦ
5265	ἄνδρες
5266	δικασταί
5267	,
5268	ἐκείνῳ
5269	μὲν
5270	φιλοτιμία
5271	πρὸς
5272	ὑμᾶς
5273	αὐτούς
5274	,
5275	ὑμῖν
5276	δὲ
5277	πρὸς
5278	πάντας
5279	τοὺς
5280	Ἕλληνας
5281	·
5282	ὅτου
5283	γὰρ
5284	ἄν
5285	τις
5286	παρ’
5287	ὑμῶν
5288	ἀγαθοῦ
5289	τοῖς
5290	ἄλλοις
5291	αἴτιος
5292	γένηται
5293	,
5294	τούτου
5295	τὴν
5296	δόξαν
5297	τὸ
5298	τῆς
5299	πόλεως
5300	ὄνομα
5301	καρποῦται
5302	.
5303	διόπερ
5304	οὐ
5305	μόνον
5306	αὐτῷ
5307	τὴν
5308	ἀτέλειαν
5309	ἔδωκαν
5310	οἱ
5311	τότε
5312	,
5313	ἀλλὰ
5314	καὶ
5315	χαλκῆν
5316	εἰκόνα
5317	,
5318	ὥσπερ
5319	Ἁρμοδίου
5320	καὶ
5321	Ἀριστογείτονος
5322	,
5323	ἔστησαν
5324	πρώτου
5325	·
5326	ἡγοῦντο
5327	γὰρ
5328	οὐ
5329	μικρὰν
5330	τυραννίδα
5331	καὶ
5332	τοῦτον
5333	τὴν
5334	Λακεδαιμονίων
5335	ἀρχὴν
5336	καταλύσαντα
5337	πεπαυκέναι
5338	.
5339	ἵν’
5340	οὖν
5341	μᾶλλον
5342	οἷς
5343	λέγω
5344	προσέχητε
5345	,
5346	τὰ
5347	ψηφίσμαθ’
5348	ὑμῖν
5349	αὔτ’
5350	ἀναγνώσεται
5351	τὰ
5352	τότε
5353	ψηφισθέντα
5354	τῷ
5355	Κόνωνι
5356	.
5357	λέγε
5358	.
5359	ΨΗΦΙΣΜΑΤΑ
5360	.
5361	οὐ
5362	τοίνυν
5363	ὑφ’
5364	ὑμῶν
5365	μόνον
5366	ὁ
5367	Κόνων
5368	,
5369	ὦ
5370	ἄνδρες
5371	Ἀθηναῖοι
5372	,
5373	τότ’
5374	ἐτιμήθη
5375	πράξας
5376	ἃ
5377	διεξῆλθον
5378	ἐγώ
5379	,
5380	ἀλλὰ
5381	καὶ
5382	ὑπ’
5383	ἄλλων
5384	πολλῶν
5385	,
5386	οἳ
5387	δικαίως
5388	ὧν
5389	εὐεργέτηντο
5390	χάριν
5391	ᾤοντο
5392	δεῖν
5393	ἀποδιδόναι
5394	.
5395	οὔκουν
5396	αἰσχρόν
5397	,
5398	ὦ
5399	ἄνδρες
5400	Ἀθηναῖοι
5401	,
5402	εἰ
5403	αἱ
5404	μὲν
5405	παρὰ
5406	τοῖς
5407	ἄλλοις
5408	δωρειαὶ
5409	βέβαιοι
5410	μένουσιν
5411	αὐτῷ
5412	,
5413	τῆς
5414	δὲ
5415	παρ’
5416	ὑμῶν
5417	μόνης
5418	τοῦτ’
5419	ἀφαιρήσεται
5420	;
5421	καὶ
5422	μὴν
5423	οὐδ’
5424	ἐκεῖνο
5425	καλόν
5426	,
5427	ζῶντα
5428	μὲν
5429	αὐτὸν
5430	οὕτω
5431	τιμᾶν
5432	ὥστε
5433	τοσούτων
5434	ὅσων
5435	ἀκηκόατ’
5436	ἀξιοῦν
5437	,
5438	ἐπειδὴ
5439	δὲ
5440	τετελεύτηκεν
5441	,
5442	ἀφελέσθαι
5443	τι
5444	τῶν
5445	δοθέντων
5446	τότε
5447	.
5448	πολλὰ
5449	μὲν
5450	γάρ
5451	ἐστιν
5452	,
5453	ὦ
5454	ἄνδρες
5455	Ἀθηναῖοι
5456	,
5457	τῶν
5458	ὑπ’
5459	ἐκείνου
5460	πραχθέντων
5461	ἄξι’
5462	ἐπαίνου
5463	,
5464	δι’
5465	ἃ
5466	πάντα
5467	προσήκει
5468	μὴ
5469	λύειν
5470	τὰς
5471	ἐπὶ
5472	τούτοις
5473	δοθείσας
5474	δωρειάς
5475	,
5476	κάλλιστον
5477	δὲ
5478	πάντων
5479	ἡ
5480	τῶν
5481	τειχῶν
5482	ἀνάστασις
5483	.
5484	γνοίη
5485	δ’
5486	ἄν
5487	τις
5488	εἰ
5489	παραθείη
5490	πῶς
5491	Θεμιστοκλῆς
5492	,
5493	ὁ
5494	τῶν
5495	καθ’
5496	ἑαυτὸν
5497	ἁπάντων
5498	ἀνδρῶν
5499	ἐνδοξότατος
5500	,
5501	τ
5502	αὐτὸ
5503	τοῦτ’
5504	ἐποίησεν
5505	.
5506	λέγεται
5507	τοίνυν
5508	ἐκεῖνος
5509	,
5510	τειχίζειν
5511	εἰπὼν
5512	τοῖς
5513	πολίταις
5514	,
5515	κ
5516	ἂν
5517	ἀφικνῆταί
5518	τις
5519	ἐκ
5520	Λακεδαίμονος
5521	,
5522	κατέχειν
5523	κελεύσας
5524	,
5525	οἴχεσθαι
5526	πρεσβεύων
5527	αὐτὸς
5528	ὡς
5529	τοὺς
5530	Λακεδαιμονίους
5531	,
5532	λόγων
5533	δὲ
5534	γιγνομένων
5535	ἐκεῖ
5536	καί
5537	τινων
5538	ἀπαγγελλόντων
5539	ὡς
5540	Ἀθηναῖοι
5541	τειχίζουσιν
5542	,
5543	ἀρνεῖσθαι
5544	καὶ
5545	πρέσβεις
5546	πέμπειν
5547	σκεψομένους
5548	κελεύειν
5549	,
5550	ἐπειδὴ
5551	δ’
5552	οὐχ
5553	ἧκον
5554	οὗτοι
5555	,
5556	πέμπειν
5557	ἑτέρους
5558	παραινεῖν
5559	.
5560	καὶ
5561	πάντες
5562	ἴσως
5563	ἀκηκόαθ’
5564	ὃν
5565	τρόπον
5566	ἐξαπατῆσαι
5567	λέγεται
5568	.
5569	φημὶ
5570	τοίνυν
5571	ἐγώ
5572	(
5573	καὶ
5574	πρὸς
5575	Διός
5576	,
5577	ἄνδρες
5578	Ἀθηναῖοι
5579	,
5580	μηδεὶς
5581	φθόνῳ
5582	τὸ
5583	μέλλον
5584	ἀκούσῃ
5585	,
5586	ἀλλ’
5587	ἂν
5588	ἀληθὲς
5589	ᾖ
5590	σκοπείτω
5591	)
5592	,
5593	ὅσῳ
5594	τὸ
5595	φανερῶς
5596	τοῦ
5597	λάθρᾳ
5598	κρεῖττον
5599	,
5600	καὶ
5601	τὸ
5602	νικῶντας
5603	τοῦ
5604	παρακρουσαμένους
5605	πράττειν
5606	ὁτιοῦν
5607	ἐντιμότερον
5608	,
5609	τοσούτῳ
5610	κάλλιον
5611	Κόνωνα
5612	τὰ
5613	τείχη
5614	στῆσαι
5615	Θεμιστοκλέους
5616	·
5617	ὁ
5618	μὲν
5619	γὰρ
5620	λαθών
5621	,
5622	ὁ
5623	δὲ
5624	νικήσας
5625	τοὺς
5626	κωλύσοντας
5627	αὔτ’
5628	ἐποίησεν
5629	.
5630	οὐ
5631	τοίνυν
5632	ἄξιον
5633	τὸν
5634	τοιοῦτον
5635	ὑφ’
5636	ὑμῶν
5637	ἀδικηθῆναι
5638	,
5639	οὐδ’
5640	ἔλαττον
5641	σχεῖν
5642	τῶν
5643	ῥητόρων
5644	τῶν
5645	διδαξόντων
5646	ὡς
5647	ἀφελέσθαι
5648	τι
5649	χρὴ
5650	τῶν
5651	ἐκείνῳ
5652	δοθέντων
5653	.
5654	εἶεν
5655	.
5656	ἀλλὰ
5657	νὴ
5658	Δία
5659	τὸν
5660	παῖδα
5661	τὸν
5662	Χαβρίου
5663	περιίδωμεν
5664	ἀφαιρεθέντα
5665	τὴν
5666	ἀτέλειαν
5667	,
5668	ἣν
5669	ὁ
5670	πατὴρ
5671	αὐτῷ
5672	δικαίως
5673	παρ’
5674	ὑμῶν
5675	λαβὼν
5676	κατέλιπεν
5677	.
5678	ἀλλ’
5679	οὐδέν’
5680	ἀνθρώπων
5681	εὖ
5682	φρονοῦντ’
5683	οἶμαι
5684	ταῦτ’
5685	ἂν
5686	φῆσαι
5687	καλῶς
5688	ἔχειν
5689	.
5690	ἴστε
5691	μὲν
5692	οὖν
5693	ἴσως
5694	,
5695	καὶ
5696	ἄνευ
5697	τοῦ
5698	παρ’
5699	ἐμοῦ
5700	λόγου
5701	,
5702	ὅτι
5703	σπουδαῖος
5704	Χαβρίας
5705	ἦν
5706	ἀνήρ
5707	,
5708	οὐ
5709	μὴν
5710	κωλύει
5711	γ’
5712	οὐδὲν
5713	κ
5714	ἀμὲ
5715	διὰ
5716	βραχέων
5717	ἐπιμνησθῆναι
5718	τῶν
5719	πεπραγμένων
5720	αὐτῷ
5721	.
5722	ὃν
5723	μὲν
5724	οὖν
5725	τρόπον
5726	ὑμᾶς
5727	ἔχων
5728	πρὸς
5729	ἅπαντας
5730	Πελοποννησίους
5731	παρετάξατ’
5732	ἐν
5733	Θήβαις
5734	,
5735	καὶ
5736	ὡς
5737	Γοργώπαν
5738	ἀπέκτεινεν
5739	ἐν
5740	Αἰγίνῃ
5741	,
5742	καὶ
5743	ὅσ’
5744	ἐν
5745	Κύπρῳ
5746	τρόπαι’
5747	ἔστησεν
5748	καὶ
5749	μετὰ
5750	ταῦτ’
5751	ἐν
5752	Αἰγύπτῳ
5753	,
5754	καὶ
5755	ὅτι
5756	πᾶσαν
5757	ἐπελθὼν
5758	ὀλίγου
5759	δέω
5760	λέγειν
5761	χώραν
5762	οὐδαμοῦ
5763	τὸ
5764	τῆς
5765	πόλεως
5766	ὄνομ’
5767	οὐδ’
5768	αὑτὸν
5769	κατῄσχυνεν
5770	,
5771	οὔ
5772	τε
5773	πάνυ
5774	ῥᾴδιον
5775	κατὰ
5776	τὴν
5777	ἀξίαν
5778	εἰπεῖν
5779	,
5780	πολλή
5781	τ’
5782	αἰσχύνη
5783	λέγοντος
5784	ἐμοῦ
5785	ταῦτ’
5786	ἐλάττω
5787	φανῆναι
5788	τῆς
5789	ἐν
5790	ἑκάστῳ
5791	νῦν
5792	περὶ
5793	αὐτοῦ
5794	δόξης
5795	ὑπαρχούσης
5796	·
5797	ἃ
5798	δ’
5799	οὐδαμῶς
5800	ἂν
5801	εἰπὼν
5802	οἴομαι
5803	μικρὰ
5804	ποιῆσαι
5805	,
5806	ταῦθ’
5807	ὑπομνῆσαι
5808	πειράσομαι
5809	.
5810	ἐνίκησεν
5811	μὲν
5812	τοίνυν
5813	Λακεδαιμονίους
5814	ναυμαχίᾳ
5815	καὶ
5816	πεντήκοντα
5817	μιᾶς
5818	δεούσας
5819	ἔλαβ’
5820	αἰχμαλώτους
5821	τριήρεις
5822	,
5823	εἷλε
5824	δὲ
5825	τῶν
5826	νήσων
5827	τούτων
5828	τὰς
5829	πολλὰς
5830	καὶ
5831	παρέδωκεν
5832	ὑμῖν
5833	καὶ
5834	φιλίας
5835	ἐποίησεν
5836	ἐχθρῶς
5837	ἐχούσας
5838	πρότερον
5839	,
5840	τρισχίλια
5841	δ’
5842	αἰχμάλωτα
5843	σώματα
5844	δεῦρ’
5845	ἤγαγεν
5846	,
5847	καὶ
5848	πλεῖν
5849	ἢ
5850	δέκα
5851	καὶ
5852	ἑκατὸν
5853	τάλαντ’
5854	ἀπέφην’
5855	ἀπὸ
5856	τῶν
5857	πολεμίων
5858	.
5859	καὶ
5860	τούτων
5861	πάντων
5862	ὑμῶν
5863	τινὲς
5864	οἱ
5865	πρεσβύτατοι
5866	μάρτυρές
5867	εἰσί
5868	μοι
5869	.
5870	πρὸς
5871	δὲ
5872	τούτοις
5873	ἄλλας
5874	τριήρεις
5875	πλεῖν
5876	ἢ
5877	εἴκοσιν
5878	εἷλε
5879	,
5880	κατὰ
5881	μίαν
5882	καὶ
5883	δύο
5884	λαμβάνων
5885	,
5886	ἃς
5887	ἁπάσας
5888	εἰς
5889	τοὺς
5890	ὑμετέρους
5891	λιμένας
5892	κατήγαγεν
5893	.
5894	ἑνὶ
5895	δὲ
5896	κεφαλαίῳ
5897	μόνος
5898	τῶν
5899	πάντων
5900	στρατηγῶν
5901	οὐ
5902	πόλιν
5903	,
5904	οὐ
5905	φρούριον
5906	,
5907	οὐ
5908	ναῦν
5909	,
5910	οὐ
5911	στρατιώτην
5912	ἀπώλεσεν
5913	οὐδέν’
5914	ἡγούμενος
5915	ὑμῶν
5916	,
5917	οὐδ’
5918	ἔστιν
5919	οὐδενὶ
5920	τῶν
5921	ὑμετέρων
5922	ἐχθρῶν
5923	τρόπαιον
5924	οὐδὲν
5925	ἀφ’
5926	ὑμῶν
5927	τε
5928	κ
5929	ἀκείνου
5930	,
5931	ὑμῖν
5932	δ’
5933	ἀπὸ
5934	πολλῶν
5935	πόλλ’
5936	ἐκείνου
5937	στρατηγοῦντος
5938	.
5939	ἵνα
5940	δὲ
5941	μὴ
5942	λέγων
5943	παραλίπω
5944	τι
5945	τῶν
5946	πεπραγμένων
5947	αὐτῷ
5948	,
5949	ἀναγνώσεται
5950	γεγραμμένας
5951	ὑμῖν
5952	τάς
5953	τε
5954	ναῦς
5955	ὅσας
5956	ἔλαβεν
5957	καὶ
5958	οὗ
5959	ἑκάστην
5960	,
5961	καὶ
5962	τῶν
5963	πόλεων
5964	τὸν
5965	ἀριθμὸν
5966	καὶ
5967	τῶν
5968	χρημάτων
5969	τὸ
5970	πλῆθος
5971	,
5972	καὶ
5973	τῶν
5974	τροπαίων
5975	οὗ
5976	ἕκαστον
5977	.
5978	λέγε
5979	.
5980	ΠΡΑΞΕΙΣ
5981	ΧΑΒΡΟΥ
5982	.
5983	δοκεῖ
5984	τισὶν
5985	ὑμῶν
5986	,
5987	ὦ
5988	ἄνδρες
5989	δικασταί
5990	,
5991	οὗτος
5992	ὃ
5993	τοσαύτας
5994	πόλεις
5995	λαβὼν
5996	καὶ
5997	τριήρεις
5998	τῶν
5999	πολεμίων
6000	ναυμαχίᾳ
6001	νικήσας
6002	,
6003	καὶ
6004	τοσούτων
6005	καλῶν
6006	αἴτιος
6007	ὤν
6008	,
6009	αἰσχροῦ
6010	δ’
6011	οὐδενὸς
6012	τῇ
6013	πόλει
6014	,
6015	ἄξιος
6016	εἶναι
6017	ἀποστερηθῆναι
6018	τὴν
6019	ἀτέλειαν
6020	ἣν
6021	εὕρετο
6022	παρ’
6023	ὑμῶν
6024	καὶ
6025	τῷ
6026	υἱεῖ
6027	κατέλιπεν
6028	;
6029	ἐγὼ
6030	μὲν
6031	οὐκ
6032	οἴομαι
6033	.
6034	καὶ
6035	γὰρ
6036	ἂν
6037	ἄλογον
6038	εἴη
6039	·
6040	μίαν
6041	μὲν
6042	πόλιν
6043	εἰ
6044	ἀπώλεσεν
6045	ἢ
6046	ναῦς
6047	δέκα
6048	μόνας
6049	,
6050	περὶ
6051	προδοσίας
6052	ἂν
6053	αὐτὸν
6054	εἰσήγγελλον
6055	οὗτοι
6056	,
6057	καὶ
6058	εἰ
6059	ἑάλω
6060	,
6061	τὸν
6062	ἅπαντ’
6063	ἂν
6064	ἀπωλώλει
6065	χρόνον
6066	·
6067	ἐπειδὴ
6068	δὲ
6069	τ
6070	οὐναντίον
6071	ἑπτακαίδεκα
6072	μὲν
6073	πόλεις
6074	εἷλεν
6075	,
6076	ἑβδομήκοντα
6077	δὲ
6078	ναῦς
6079	ἔλαβεν
6080	,
6081	τρισχιλίους
6082	δ’
6083	αἰχμαλώτους
6084	,
6085	δέκα
6086	δὲ
6087	καὶ
6088	ἑκατὸν
6089	τάλαντ’
6090	ἀπέφηνεν
6091	,
6092	τοσαῦτα
6093	δ’
6094	ἔστησε
6095	τρόπαια
6096	,
6097	τηνικαῦτα
6098	δ’
6099	οὐκ
6100	ἔσται
6101	κύρι’
6102	αὐτῷ
6103	τὰ
6104	δοθέντ’
6105	ἐπὶ
6106	τούτοις
6107	;
6108	καὶ
6109	μήν
6110	,
6111	ὦ
6112	ἄνδρες
6113	Ἀθηναῖοι
6114	,
6115	καὶ
6116	ζῶν
6117	πάνθ’
6118	ὑπὲρ
6119	ὑμῶν
6120	φανήσεται
6121	πράξας
6122	Χαβρίας
6123	,
6124	καὶ
6125	τὴν
6126	τελευτὴν
6127	αὐτὴν
6128	τοῦ
6129	βίου
6130	πεποιημένος
6131	οὐχ
6132	ὑπὲρ
6133	ἄλλου
6134	τινός
6135	,
6136	ὥστε
6137	δικαίως
6138	ἂν
6139	οὐ
6140	μόνον
6141	διὰ
6142	τὰ
6143	ζῶντι
6144	πεπραγμένα
6145	φαίνοισθ’
6146	εὐνοϊκῶς
6147	διακείμενοι
6148	πρὸς
6149	τὸν
6150	υἱὸν
6151	αὐτοῦ
6152	,
6153	ἀλλὰ
6154	καὶ
6155	διὰ
6156	ταύτην
6157	.
6158	ἄξιον
6159	τοίνυν
6160	,
6161	ὦ
6162	ἄνδρες
6163	Ἀθηναῖοι
6164	,
6165	κ
6166	ἀκεῖνο
6167	σκοπεῖν
6168	,
6169	ὅπως
6170	μὴ
6171	φανούμεθα
6172	φαυλότεροι
6173	Χίων
6174	περὶ
6175	τοὺς
6176	εὐεργέτας
6177	γεγενημένοι
6178	.
6179	εἰ
6180	γὰρ
6181	ἐκεῖνοι
6182	μέν
6183	,
6184	ἐφ’
6185	οὓς
6186	μεθ’
6187	ὅπλων
6188	ἦλθεν
6189	ἐν
6190	ἐχθροῦ
6191	τάξει
6192	,
6193	μηδὲν
6194	ὧν
6195	ἔδοσαν
6196	πρότερον
6197	νῦν
6198	ἀφῄρηνται
6199	,
6200	ἀλλὰ
6201	τὰς
6202	πάλαι
6203	χάριτας
6204	μείζους
6205	τῶν
6206	καινῶν
6207	ἐγκλημάτων
6208	πεποίηνται
6209	,
6210	ὑμεῖς
6211	δέ
6212	,
6213	ὑπὲρ
6214	ὧν
6215	ἐπ’
6216	ἐκείνους
6217	ἐλθὼν
6218	ἐτελεύτησεν
6219	,
6220	ἀντὶ
6221	τοῦ
6222	διὰ
6223	ταῦτ’
6224	ἔτι
6225	μᾶλλον
6226	αὐτὸν
6227	τιμᾶν
6228	καὶ
6229	τῶν
6230	ἐπὶ
6231	ταῖς
6232	πρότερον
6233	εὐεργεσίαις
6234	τι
6235	δοθέντων
6236	ἀφῃρημένοι
6237	φανήσεσθε
6238	,
6239	πῶς
6240	οὐκ
6241	εἰκότως
6242	αἰσχύνην
6243	ἕξετε
6244	;
6245	καὶ
6246	μὴν
6247	καὶ
6248	κατ’
6249	ἐκεῖν’
6250	ἀνάξι’
6251	ἂν
6252	εἴη
6253	πεπονθὼς
6254	ὁ
6255	παῖς
6256	εἴ
6257	τι
6258	τῆς
6259	δωρειᾶς
6260	ἀφαιρεθείη
6261	,
6262	καθ’
6263	ὃ
6264	πολλάκις
6265	ὑμῶν
6266	στρατηγήσαντος
6267	Χαβρίου
6268	οὐδενὸς
6269	πώποθ’
6270	υἱὸς
6271	ὀρφανὸς
6272	δι’
6273	ἐκεῖνον
6274	ἐγένετο
6275	,
6276	αὐτὸς
6277	δ’
6278	ἐν
6279	ὀρφανίᾳ
6280	τέθραπται
6281	διὰ
6282	τὴν
6283	πρὸς
6284	ὑμᾶς
6285	φιλοτιμίαν
6286	τοῦ
6287	πατρός
6288	.
6289	οὕτω
6290	γὰρ
6291	ὡς
6292	ἀληθῶς
6293	ἔμοιγε
6294	φαίνεται
6295	βεβαίως
6296	πως
6297	ἐκεῖνος
6298	φιλόπολις
6299	,
6300	ὥστε
6301	δοκῶν
6302	καὶ
6303	ὢν
6304	ἀσφαλέστατος
6305	στρατηγὸς
6306	ἁπάντων
6307	,
6308	ὑπὲρ
6309	μὲν
6310	ὑμῶν
6311	,
6312	ὁπόθ’
6313	ἡγοῖτο
6314	,
6315	ἐχρῆτο
6316	τούτῳ
6317	,
6318	ὑπὲρ
6319	αὑτοῦ
6320	δέ
6321	,
6322	ἐπειδὴ
6323	τὸ
6324	καθ’
6325	αὑτὸν
6326	ἐτάχθη
6327	κινδυνεύειν
6328	,
6329	παρεῖδε
6330	,
6331	καὶ
6332	μᾶλλον
6333	εἵλετο
6334	μὴ
6335	ζῆν
6336	ἢ
6337	καταισχῦναι
6338	τὰς
6339	παρ’
6340	ὑμῶν
6341	ὑπαρχούσας
6342	αὐτῷ
6343	τιμάς
6344	.
6345	εἶθ’
6346	ὑπὲρ
6347	ὧν
6348	ἐκεῖνος
6349	ᾤετο
6350	δεῖν
6351	ἀποθνῄσκειν
6352	ἢ
6353	νικᾶν
6354	,
6355	ταῦθ’
6356	ἡμεῖς
6357	ἀφελώμεθα
6358	τὸν
6359	υἱὸν
6360	αὐτοῦ
6361	;
6362	καὶ
6363	τί
6364	φήσομεν
6365	,
6366	ὦ
6367	ἄνδρες
6368	Ἀθηναῖοι
6369	,
6370	ὅταν
6371	τὰ
6372	μὲν
6373	τρόπαι’
6374	ἑστήκῃ
6375	δῆλα
6376	πᾶσιν
6377	ἀνθρώποις
6378	,
6379	ἃ
6380	ὑπὲρ
6381	ὑμῶν
6382	στρατηγῶν
6383	ἐκεῖνος
6384	ἔστησε
6385	,
6386	τῶν
6387	δ’
6388	ἐπὶ
6389	τούτοις
6390	δωρειῶν
6391	ἀφῃρημένον
6392	τι
6393	φαίνηται
6394	;
6395	οὐ
6396	σκέψεσθ’
6397	,
6398	ὦ
6399	ἄνδρες
6400	Ἀθηναῖοι
6401	,
6402	καὶ
6403	λογιεῖσθε
6404	,
6405	ὅτι
6406	νῦν
6407	οὐχ
6408	ὁ
6409	νόμος
6410	κρίνεται
6411	πότερον
6412	ἔστ’
6413	ἐπιτήδειος
6414	ἢ
6415	οὔ
6416	,
6417	ἀλλ’
6418	ὑμεῖς
6419	δοκιμάζεσθ’
6420	εἴτ’
6421	ἐπιτήδειοι
6422	πάσχειν
6423	ἔστ’
6424	εὖ
6425	τὸν
6426	λοιπὸν
6427	χρόνον
6428	εἴ
6429	τε
6430	μή
6431	;
6432	λαβὲ
6433	δὴ
6434	καὶ
6435	τὸ
6436	τῷ
6437	Χαβρίᾳ
6438	ψήφισμα
6439	ψηφισθέν
6440	.
6441	ὅρα
6442	δὴ
6443	καὶ
6444	σκόπει
6445	·
6446	δεῖ
6447	γὰρ
6448	αὔτ’
6449	ἐνταῦθ’
6450	εἶναί
6451	που
6452	.
6453	ἐγὼ
6454	δ’
6455	ἔτι
6456	τοῦτ’
6457	εἰπεῖν
6458	ὑπὲρ
6459	Χαβρίου
6460	βούλομαι
6461	.
6462	ὑμεῖς
6463	,
6464	ὦ
6465	ἄνδρες
6466	Ἀθηναῖοι
6467	,
6468	τιμῶντές
6469	ποτ’
6470	Ἰφικράτην
6471	,
6472	οὐ
6473	μόνον
6474	αὐτὸν
6475	ἐτιμήσατε
6476	,
6477	ἀλλὰ
6478	καὶ
6479	δι’
6480	ἐκεῖνον
6481	Στράβακα
6482	καὶ
6483	Πολύστρατον
6484	·
6485	καὶ
6486	πάλιν
6487	,
6488	Τιμοθέῳ
6489	διδόντες
6490	τὴν
6491	δωρειάν
6492	,
6493	δι’
6494	ἐκεῖνον
6495	ἐδώκατε
6496	καὶ
6497	Κλεάρχῳ
6498	καί
6499	τισιν
6500	ἄλλοις
6501	πολιτείαν
6502	·
6503	Χαβρίας
6504	δ’
6505	αὐτὸς
6506	ἐτιμήθη
6507	παρ’
6508	ὑμῖν
6509	μόνος
6510	.
6511	εἰ
6512	δὴ
6513	τόθ’
6514	,
6515	ὅθ’
6516	εὑρίσκετο
6517	τὴν
6518	δωρειάν
6519	,
6520	ἠξίωσεν
6521	ὑμᾶς
6522	,
6523	ὥσπερ
6524	δι’
6525	Ἰφικράτην
6526	καὶ
6527	Τιμόθεον
6528	εὖ
6529	τινὰς
6530	πεποιήκατε
6531	,
6532	οὕτω
6533	καὶ
6534	δι’
6535	αὑτὸν
6536	εὖ
6537	ποιῆσαι
6538	τούτων
6539	τινὰς
6540	τῶν
6541	εὑρημένων
6542	τὴν
6543	ἀτέλειαν
6544	,
6545	οὓς
6546	νῦν
6547	οὗτοι
6548	μεμφόμενοι
6549	πάντας
6550	ἀφαιρεῖσθαι
6551	κελεύουσιν
6552	ὁμοίως
6553	,
6554	οὐκ
6555	ἂν
6556	ἐδώκατε
6557	ταύτην
6558	αὐτῷ
6559	τὴν
6560	χάριν
6561	;
6562	ἔγωγ’
6563	ἡγοῦμαι
6564	.
6565	εἶθ’
6566	οἷς
6567	δι’
6568	ἐκεῖνον
6569	ἂν
6570	τότ’
6571	ἐδώκατε
6572	δωρειάν
6573	,
6574	διὰ
6575	τούτους
6576	νῦν
6577	αὐτὸν
6578	ἐκεῖνον
6579	ἀφαιρήσεσθε
6580	τὴν
6581	ἀτέλειαν
6582	;
6583	ἀλλ’
6584	ἄλογον
6585	.
6586	οὐ
6587	δὲ
6588	γὰρ
6589	ὑμῖν
6590	ἁρμόττει
6591	δοκεῖν
6592	παρὰ
6593	μὲν
6594	τὰς
6595	εὐεργεσίας
6596	οὕτω
6597	προχείρως
6598	ἔχειν
6599	ὥστε
6600	μὴ
6601	μόνους
6602	αὐτοὺς
6603	τοὺς
6604	εὐεργέτας
6605	τιμᾶν
6606	,
6607	ἀλλὰ
6608	καὶ
6609	τοὺς
6610	ἐκείνων
6611	φίλους
6612	,
6613	ἐπειδὰν
6614	δὲ
6615	χρόνος
6616	διέλθῃ
6617	βραχύς
6618	,
6619	καὶ
6620	ὅσ’
6621	αὐτοῖς
6622	δεδώκατε
6623	,
6624	ταῦτ’
6625	ἀφαιρεῖσθαι
6626	.
6627	ΨΗΦΙΣΜΑΤΑ
6628	ΤΩΝ
6629	ΧΑΒΡΙΟΥ
6630	ΤΙΜΩΝ
6631	.
6632	οὓς
6633	μὲν
6634	τοίνυν
6635	ἀδικήσετε
6636	,
6637	εἰ
6638	μὴ
6639	λύσετε
6640	τὸν
6641	νόμον
6642	,
6643	πρὸς
6644	πολλοῖς
6645	ἄλλοις
6646	,
6647	οὓς
6648	ἀκηκόατε
6649	,
6650	εἰσίν
6651	,
6652	ὦ
6653	ἄνδρες
6654	δικασταί
6655	.
6656	σκοπεῖτε
6657	δὴ
6658	καὶ
6659	λογίσασθ’
6660	ἐν
6661	ὑμῖν
6662	αὐτοῖς
6663	,
6664	εἴ
6665	τινες
6666	τούτων
6667	τῶν
6668	τετελευτηκότων
6669	λάβοιεν
6670	τρόπῳ
6671	τινὶ
6672	τοῦ
6673	νυνὶ
6674	γιγνομένου
6675	πράγματος
6676	αἴσθησιν
6677	,
6678	ὡς
6679	ἂν
6680	εἰκότως
6681	ἀγανακτήσειαν
6682	.
6683	εἰ
6684	γὰρ
6685	ὧν
6686	ἔργῳ
6687	πεποίηκεν
6688	ἕκαστος
6689	αὐτῶν
6690	ὑμᾶς
6691	εὖ
6692	,
6693	τούτων
6694	ἐκ
6695	λόγου
6696	κρίσις
6697	γίγνεται
6698	,
6699	καὶ
6700	τὰ
6701	καλῶς
6702	πραχθένθ’
6703	ὑπ’
6704	ἐκείνων
6705	,
6706	ἂν
6707	ὑφ’
6708	ἡμῶν
6709	μὴ
6710	καλῶς
6711	ῥηθῇ
6712	τῷ
6713	λόγῳ
6714	,
6715	μάτην
6716	τοῖς
6717	πονήσασιν
6718	εἴργασται
6719	,
6720	πῶς
6721	οὐ
6722	δεινὰ
6723	πάσχουσιν
6724	;
6725	ἵνα
6726	τοίνυν
6727	εἰδῆτ’
6728	,
6729	ὦ
6730	ἄνδρες
6731	Ἀθηναῖοι
6732	,
6733	ὅτι
6734	ὡς
6735	ἀληθῶς
6736	ἐπὶ
6737	πᾶσι
6738	δικαίοις
6739	ποιούμεθα
6740	τοὺς
6741	λόγους
6742	πάντας
6743	οὓς
6744	λέγομεν
6745	πρὸς
6746	ὑμᾶς
6747	,
6748	καὶ
6749	οὐδὲν
6750	ἔσθ’
6751	ὅ
6752	τι
6753	τοῦ
6754	παρακρούσασθαι
6755	καὶ
6756	φενακίσαι
6757	λέγεται
6758	παρ’
6759	ἡμῶν
6760	ἕνεκα
6761	,
6762	ἀναγνώσεται
6763	τὸν
6764	νόμον
6765	ὑμῖν
6766	ὃν
6767	παρεισφέρομεν
6768	γράψαντες
6769	ἀντὶ
6770	τοῦδε
6771	,
6772	ὃν
6773	οὐκ
6774	ἐπιτήδειον
6775	εἶναί
6776	φαμεν
6777	.
6778	γνώσεσθε
6779	γὰρ
6780	ἐκ
6781	τούτου
6782	πρόνοιάν
6783	τιν’
6784	ἔχοντας
6785	ἡμᾶς
6786	καὶ
6787	ὅπως
6788	ὑμεῖς
6789	μηδὲν
6790	αἰσχρὸν
6791	ποιῆσαι
6792	δόξετε
6793	,
6794	καὶ
6795	ὅπως
6796	,
6797	εἴ
6798	τινά
6799	τις
6800	καταμέμφεται
6801	τῶν
6802	εὑρημένων
6803	τὰς
6804	δωρειάς
6805	,
6806	ἂν
6807	δίκαιον
6808	ᾖ
6809	,
6810	κρίνας
6811	παρ’
6812	ὑμῖν
6813	ἀφαιρήσεται
6814	,
6815	καὶ
6816	ὅπως
6817	,
6818	οὓς
6819	οὐδεὶς
6820	ἂν
6821	ἀντείποι
6822	μὴ
6823	οὐ
6824	δεῖν
6825	ἔχειν
6826	,
6827	ἕξουσιν
6828	τὰ
6829	δοθέντα
6830	.
6831	καὶ
6832	τούτων
6833	πάντων
6834	οὐδὲν
6835	ἔσθ’
6836	ἡμέτερον
6837	οὐ
6838	δὲ
6839	καινὸν
6840	εὕρημα
6841	,
6842	ἀλλ’
6843	ὁ
6844	παλαιός
6845	,
6846	ὃν
6847	οὗτος
6848	παρέβη
6849	,
6850	νόμος
6851	οὕτω
6852	κελεύει
6853	νομοθετεῖν
6854	,
6855	γράφεσθαι
6856	μέν
6857	,
6858	ἄν
6859	τίς
6860	τινα
6861	τῶν
6862	ὑπαρχόντων
6863	νόμων
6864	μὴ
6865	καλῶς
6866	ἔχειν
6867	ἡγῆται
6868	,
6869	παρεισφέρειν
6870	δ’
6871	αὐτὸν
6872	ἄλλον
6873	,
6874	ὃν
6875	ἂν
6876	τιθῇ
6877	λύων
6878	ἐκεῖνον
6879	,
6880	ὑμᾶς
6881	δ’
6882	ἀκούσαντες
6883	ἑλέσθαι
6884	τὸν
6885	κρείττω
6886	.
6887	οὐ
6888	γὰρ
6889	ᾤετο
6890	δεῖν
6891	ὁ
6892	Σόλων
6893	,
6894	ὁ
6895	τοῦτον
6896	τὸν
6897	τρόπον
6898	προστάξας
6899	νομοθετεῖν
6900	,
6901	τοὺς
6902	μὲν
6903	θεσμοθέτας
6904	τοὺς
6905	ἐπὶ
6906	τοὺς
6907	νόμους
6908	κληρουμένους
6909	δὶς
6910	δοκιμασθέντας
6911	ἄρχειν
6912	,
6913	ἔν
6914	τε
6915	τῇ
6916	βουλῇ
6917	καὶ
6918	παρ’
6919	ὑμῖν
6920	ἐν
6921	τῷ
6922	δικαστηρίῳ
6923	,
6924	τοὺς
6925	δὲ
6926	νόμους
6927	αὐτούς
6928	,
6929	καθ’
6930	οὓς
6931	καὶ
6932	τούτοις
6933	ἄρχειν
6934	καὶ
6935	πᾶσι
6936	τοῖς
6937	ἄλλοις
6938	πολιτεύεσθαι
6939	προσήκει
6940	,
6941	ἐπὶ
6942	καιροῦ
6943	τεθέντας
6944	,
6945	ὅπως
6946	ἔτυχον
6947	,
6948	μὴ
6949	δοκιμασθέντας
6950	κυρίους
6951	εἶναι
6952	.
6953	καὶ
6954	γάρ
6955	τοι
6956	τότε
6957	μέν
6958	,
6959	τέως
6960	τὸν
6961	τρόπον
6962	τοῦτον
6963	ἐνομοθέτουν
6964	,
6965	τοῖς
6966	μὲν
6967	ὑπάρχουσι
6968	νόμοις
6969	ἐχρῶντο
6970	,
6971	καινοὺς
6972	δ’
6973	οὐκ
6974	ἐτίθεσαν
6975	·
6976	ἐπειδὴ
6977	δὲ
6978	τῶν
6979	πολιτευομένων
6980	τινὲς
6981	δυνηθέντες
6982	,
6983	ὡς
6984	ἐγὼ
6985	πυνθάνομαι
6986	,
6987	κατεσκεύασαν
6988	αὑτοῖς
6989	ἐξεῖναι
6990	νομοθετεῖν
6991	,
6992	ὅταν
6993	τις
6994	βούληται
6995	καὶ
6996	ὃν
6997	ἂν
6998	τύχῃ
6999	τρόπον
7000	,
7001	τοσοῦτοι
7002	μὲν
7003	οἱ
7004	ἐναντίοι
7005	σφίσιν
7006	αὑτοῖς
7007	εἰσὶ
7008	νόμοι
7009	,
7010	ὥστε
7011	χειροτονεῖθ’
7012	ὑμεῖς
7013	τοὺς
7014	διαλέξοντας
7015	τοὺς
7016	ἐναντίους
7017	ἐπὶ
7018	πάμπολυν
7019	ἤδη
7020	χρόνον
7021	,
7022	καὶ
7023	τὸ
7024	πρᾶγμ’
7025	οὐδὲν
7026	μᾶλλον
7027	δύναται
7028	πέρας
7029	ἔχειν
7030	·
7031	ψηφισμάτων
7032	δ’
7033	οὐδ’
7034	ὁτιοῦν
7035	διαφέρουσιν
7036	οἱ
7037	νόμοι
7038	,
7039	ἀλλὰ
7040	νεώτεροι
7041	οἱ
7042	νόμοι
7043	,
7044	καθ’
7045	οὓς
7046	τὰ
7047	ψηφίσματα
7048	δεῖ
7049	γράφεσθαι
7050	,
7051	τῶν
7052	ψηφισμάτων
7053	αὐτῶν
7054	ὑμῖν
7055	εἰσίν
7056	.
7057	ἵν’
7058	οὖν
7059	μὴ
7060	λόγον
7061	λέγω
7062	μόνον
7063	,
7064	ἀλλὰ
7065	καὶ
7066	τὸν
7067	νόμον
7068	αὐτὸν
7069	ὅν
7070	φημι
7071	δείξω
7072	,
7073	λαβέ
7074	μοι
7075	τὸν
7076	νόμον
7077	καθ’
7078	ὃν
7079	ἦσαν
7080	οἱ
7081	πρότερον
7082	νομοθέται
7083	.
7084	λέγε
7085	.
7086	ΝΟΜΟΣ
7087	.
7088	συνίεθ’
7089	ὃν
7090	τρόπον
7091	,
7092	ὦ
7093	ἄνδρες
7094	Ἀθηναῖοι
7095	,
7096	ὁ
7097	Σόλων
7098	τοὺς
7099	νόμους
7100	ὡς
7101	καλῶς
7102	κελεύει
7103	τιθέναι
7104	,
7105	πρῶτον
7106	μὲν
7107	παρ’
7108	ὑμῖν
7109	,
7110	ἐν
7111	τοῖς
7112	ὀμωμοκόσιν
7113	,
7114	παρ’
7115	οἷσπερ
7116	καὶ
7117	τ
7118	ἄλλα
7119	κυροῦται
7120	,
7121	ἔπειτα
7122	λύοντα
7123	τοὺς
7124	ἐναντίους
7125	,
7126	ἵν’
7127	εἷς
7128	ᾖ
7129	περὶ
7130	τῶν
7131	ὄντων
7132	ἑκάστου
7133	νόμος
7134	,
7135	καὶ
7136	μὴ
7137	τοὺς
7138	ἰδιώτας
7139	αὐτὸ
7140	τοῦτο
7141	ταράττῃ
7142	καὶ
7143	ποιῇ
7144	τῶν
7145	ἅπαντας
7146	εἰδότων
7147	τοὺς
7148	νόμους
7149	ἔλαττον
7150	ἔχειν
7151	,
7152	ἀλλὰ
7153	πᾶσιν
7154	ᾖ
7155	ταὔτ’
7156	ἀναγνῶναι
7157	καὶ
7158	μαθεῖν
7159	ἁπλᾶ
7160	καὶ
7161	σαφῆ
7162	τὰ
7163	δίκαια
7164	.
7165	καὶ
7166	πρὸ
7167	τούτων
7168	γ’
7169	ἐπέταξεν
7170	ἐκθεῖναι
7171	πρόσθε
7172	τῶν
7173	ἐπωνύμων
7174	καὶ
7175	τῷ
7176	γραμματεῖ
7177	παραδοῦναι
7178	,
7179	τοῦτον
7180	δ’
7181	ἐν
7182	ταῖς
7183	ἐκκλησίαις
7184	ἀναγιγνώσκειν
7185	,
7186	ἵν’
7187	ἕκαστος
7188	ὑμῶν
7189	ἀκούσας
7190	πολλάκις
7191	καὶ
7192	κατὰ
7193	σχολὴν
7194	σκεψάμενος
7195	,
7196	ἃν
7197	ᾖ
7198	καὶ
7199	δίκαια
7200	καὶ
7201	συμφέροντα
7202	,
7203	ταῦτα
7204	νομοθετῇ
7205	.
7206	τούτων
7207	τοίνυν
7208	τοσούτων
7209	ὄντων
7210	τὸ
7211	πλῆθος
7212	,
7213	οὑτοσὶ
7214	μὲν
7215	οὐδ’
7216	ὁτιοῦν
7217	ἐποίησε
7218	·
7219	οὐ
7220	δὲ
7221	γὰρ
7222	ἂν
7223	ὑμεῖς
7224	ποτ’
7225	ἐπείσθητε
7226	,
7227	ὡς
7228	ἐγὼ
7229	νομίζω
7230	,
7231	θέσθαι
7232	τὸν
7233	νόμον
7234	·
7235	ἡμεῖς
7236	δ’
7237	,
7238	ὦ
7239	ἄνδρες
7240	Ἀθηναῖοι
7241	,
7242	πάντα
7243	,
7244	καὶ
7245	παρεισφέρομεν
7246	πολλῷ
7247	καὶ
7248	κρείττω
7249	καὶ
7250	δικαιότερον
7251	τοῦ
7252	τούτου
7253	νόμον
7254	.
7255	γνώσεσθε
7256	δ’
7257	ἀκούοντες
7258	.
7259	λαβὲ
7260	καὶ
7261	λέγε
7262	πρῶτον
7263	μὲν
7264	ἃ
7265	τοῦ
7266	τούτου
7267	νόμου
7268	γεγράμμεθα
7269	,
7270	εἶθ’
7271	ἅ
7272	φαμεν
7273	δεῖν
7274	ἀντὶ
7275	τούτων
7276	τεθῆναι
7277	.
7278	λέγε
7279	.
7280	ΝΟΜΟΣ
7281	.
7282	ταῦτα
7283	μέν
7284	ἐσθ’
7285	ἃ
7286	τοῦ
7287	τούτου
7288	νόμου
7289	διώκομεν
7290	ὡς
7291	οὐκ
7292	ἐπιτήδεια
7293	.
7294	τὰ
7295	δ’
7296	ἑξῆς
7297	λέγε
7298	,
7299	ἃ
7300	τούτων
7301	εἶναι
7302	βελτίω
7303	φαμέν
7304	.
7305	προσέχετ’
7306	,
7307	ἄνδρες
7308	δικασταί
7309	,
7310	τούτοις
7311	ἀναγιγνωσκομένοις
7312	τὸν
7313	νοῦν
7314	.
7315	λέγε
7316	.
7317	ΝΟΜΟΣ
7318	.
7319	ἐπίσχες
7320	.
7321	τοῦτο
7322	μέν
7323	ἐστιν
7324	ἐν
7325	τοῖς
7326	οὖσι
7327	νόμοις
7328	κυρίοις
7329	ὑπάρχον
7330	καλόν
7331	,
7332	ὦ
7333	ἄνδρες
7334	Ἀθηναῖοι
7335	,
7336	καὶ
7337	σαφές
7338	,
7339	τὰς
7340	δωρειὰς
7341	ὅσας
7342	ὁ
7343	δῆμος
7344	ἔδωκε
7345	κυρίας
7346	εἶναι
7347	·
7348	δίκαιον
7349	,
7350	ὦ
7351	γῆ
7352	καὶ
7353	θεοί
7354	.
7355	χρῆν
7356	τοίνυν
7357	Λεπτίνην
7358	μὴ
7359	πρότερον
7360	τιθέναι
7361	τὸν
7362	ἑαυτοῦ
7363	νόμον
7364	πρὶν
7365	τοῦτον
7366	ἔλυσε
7367	γραψάμενος
7368	.
7369	νῦν
7370	δὲ
7371	μαρτυρίαν
7372	καθ’
7373	ἑαυτοῦ
7374	καταλείπων
7375	ὅτι
7376	παρανομεῖ
7377	τουτονὶ
7378	τὸν
7379	νόμον
7380	,
7381	ὅμως
7382	ἐνομοθέτει
7383	,
7384	καὶ
7385	ταῦθ’
7386	ἑτέρου
7387	κελεύοντος
7388	νόμου
7389	καὶ
7390	κατ’
7391	αὐτὸ
7392	τοῦτ’
7393	ἔνοχον
7394	εἶναι
7395	τῇ
7396	γραφῇ
7397	,
7398	ἐὰν
7399	ἐναντίος
7400	ᾖ
7401	τοῖς
7402	πρότερον
7403	κειμένοις
7404	νόμοις
7405	.
7406	λαβὲ
7407	δ’
7408	αὐτὸν
7409	τὸν
7410	νόμον
7411	.
7412	&gt;ΝΟΜΟΣ
7413	.
7414	οὔκουν
7415	ἐναντίον
7416	,
7417	ὦ
7418	ἄνδρες
7419	Ἀθηναῖοι
7420	,
7421	τῷ
7422	κυρίας
7423	εἶναι
7424	τὰς
7425	δωρειάς
7426	,
7427	ὅσας
7428	ὁ
7429	δῆμος
7430	ἔδωκε
7431	,
7432	τὸ
7433	μηδέν’
7434	εἶναι
7435	ἀτελῆ
7436	τούτων
7437	οἷς
7438	ὁ
7439	δῆμος
7440	ἔδωκεν
7441	;
7442	σαφῶς
7443	γ’
7444	οὑτωσί
7445	.
7446	ἀλλ’
7447	οὐκ
7448	ἐν
7449	ᾧ
7450	νῦν
7451	ὅδ’
7452	ἀντεισφέρει
7453	νόμῳ
7454	,
7455	ἀλλ’
7456	ἅ
7457	τ’
7458	ἐδώκατε
7459	,
7460	κύρια
7461	,
7462	καὶ
7463	πρόφασις
7464	δικαία
7465	κατὰ
7466	τῶν
7467	ἢ
7468	παρακρουσαμένων
7469	ἢ
7470	μετὰ
7471	ταῦτ’
7472	ἀδικούντων
7473	ἢ
7474	ὅλως
7475	ἀναξίων
7476	,
7477	δι’
7478	ἣν
7479	ὃν
7480	ἂν
7481	ὑμῖν
7482	δοκῇ
7483	κωλύσετ’
7484	ἔχειν
7485	τὴν
7486	δωρειάν
7487	.
7488	λέγε
7489	τὸν
7490	νόμον
7491	.
7492	ΝΟΜΟΣ
7493	.
7494	ἀκούετ’
7495	,
7496	ὦ
7497	ἄνδρες
7498	Ἀθηναῖοι
7499	,
7500	καὶ
7501	καταμανθάνετε
7502	,
7503	ὅτι
7504	ἐνταῦθ’
7505	ἔνι
7506	καὶ
7507	τοὺς
7508	ἀξίους
7509	ἔχειν
7510	τὰ
7511	δοθέντα
7512	καὶ
7513	τοὺς
7514	μὴ
7515	τοιούτους
7516	κριθέντας
7517	,
7518	ἐὰν
7519	ἀδίκως
7520	τι
7521	λάβωσιν
7522	,
7523	ἀφαιρεθῆναι
7524	,
7525	καὶ
7526	τὸ
7527	λοιπὸν
7528	ἐφ’
7529	ὑμῖν
7530	εἶναι
7531	πάνθ’
7532	,
7533	ὥσπερ
7534	ἐστὶ
7535	δίκαιον
7536	,
7537	καὶ
7538	δοῦναι
7539	καὶ
7540	μή
7541	.
7542	ὡς
7543	μὲν
7544	τοίνυν
7545	οὐχὶ
7546	καλῶς
7547	οὗτος
7548	ἔχει
7549	καὶ
7550	δικαίως
7551	ὁ
7552	νόμος
7553	,
7554	οὔτ’
7555	ἐρεῖν
7556	οἴομαι
7557	Λεπτίνην
7558	οὔτ’
7559	,
7560	ἐὰν
7561	λέγῃ
7562	,
7563	δεῖξαι
7564	δυνήσεσθαι
7565	·
7566	ἃ
7567	δὲ
7568	πρὸς
7569	τοῖς
7570	θεσμοθέταις
7571	ἔλεγεν
7572	,
7573	ταῦτ’
7574	ἴσως
7575	λέγων
7576	παράγειν
7577	ὑμᾶς
7578	ζητήσει
7579	.
7580	ἔφη
7581	γὰρ
7582	ἐξαπάτης
7583	εἵνεκα
7584	παραγεγράφθαι
7585	τοῦτον
7586	τὸν
7587	νόμον
7588	,
7589	ἐὰν
7590	δ’
7591	ὃν
7592	αὐτὸς
7593	ἔθηκεν
7594	λυθῇ
7595	,
7596	τοῦτον
7597	οὐ
7598	τεθήσεσθαι
7599	.
7600	ἐγὼ
7601	δ’
7602	,
7603	ὅτι
7604	μὲν
7605	τῇ
7606	ὑμετέρᾳ
7607	ψήφῳ
7608	τοῦ
7609	τούτου
7610	νόμου
7611	λυθέντος
7612	τὸν
7613	παρεισενεχθέντα
7614	κύριον
7615	εἶναι
7616	σαφῶς
7617	ὁ
7618	παλαιὸς
7619	κελεύει
7620	νόμος
7621	,
7622	καθ’
7623	ὃν
7624	οἱ
7625	θεσμοθέται
7626	τοῦτον
7627	ὑμῖν
7628	παρέγραψαν
7629	,
7630	ἐάσω
7631	,
7632	ἵνα
7633	μὴ
7634	περὶ
7635	τούτου
7636	τις
7637	ἀντιλέγῃ
7638	μοι
7639	,
7640	ἀλλ’
7641	ἐπ’
7642	ἐκεῖν’
7643	εἶμι
7644	.
7645	ὅταν
7646	ταῦτα
7647	λέγῃ
7648	δήπου
7649	,
7650	ὁμολογεῖ
7651	μὲν
7652	εἶναι
7653	βελτίω
7654	καὶ
7655	δικαιότερον
7656	τόνδε
7657	τὸν
7658	νόμον
7659	οὗ
7660	τέθεικεν
7661	αὐτός
7662	,
7663	ὑπὲρ
7664	δὲ
7665	τοῦ
7666	πῶς
7667	τεθήσεται
7668	ποιεῖται
7669	τὸν
7670	λόγον
7671	.
7672	πρῶτον
7673	μὲν
7674	τοίνυν
7675	εἰσὶν
7676	αὐτῷ
7677	κατὰ
7678	τοῦ
7679	παρεισφέροντος
7680	πολλοὶ
7681	τρόποι
7682	,
7683	δι’
7684	ὧν
7685	,
7686	ἂν
7687	βούληται
7688	,
7689	θεῖναι
7690	τὸν
7691	νόμον
7692	αὐτὸν
7693	ἀναγκάσει
7694	.
7695	ἔπειτ’
7696	ἐγγυώμεθ’
7697	ἡμεῖς
7698	,
7699	ἐγώ
7700	,
7701	Φορμίων
7702	,
7703	ἄλλον
7704	εἴ
7705	τινα
7706	βούλεται
7707	,
7708	θήσειν
7709	τὸν
7710	νόμον
7711	.
7712	ἔστι
7713	δὲ
7714	δήπου
7715	νόμος
7716	ὑμῖν
7717	,
7718	ἐάν
7719	τις
7720	ὑποσχόμενός
7721	τι
7722	τὸν
7723	δῆμον
7724	ἢ
7725	τὴν
7726	βουλὴν
7727	ἢ
7728	δικαστήριον
7729	ἐξαπατήσῃ
7730	,
7731	τὰ
7732	ἔσχατα
7733	πάσχειν
7734	.
7735	ἐγγυώμεθα
7736	,
7737	ὑπισχνούμεθα
7738	·
7739	οἱ
7740	θεσμοθέται
7741	ταῦτα
7742	γραφόντων
7743	,
7744	ἐπὶ
7745	τούτοις
7746	τὸ
7747	πρᾶγμα
7748	γιγνέσθω
7749	.
7750	μήθ’
7751	ὑμεῖς
7752	ποιήσητε
7753	μηδὲν
7754	ἀνάξιον
7755	ὑμῶν
7756	αὐτῶν
7757	,
7758	μή
7759	τε
7760	,
7761	εἴ
7762	τις
7763	φαῦλός
7764	ἐστι
7765	τῶν
7766	εὑρημένων
7767	τὴν
7768	δωρειάν
7769	,
7770	ἐχέτω
7771	,
7772	ἀλλ’
7773	ἰδίᾳ
7774	κατὰ
7775	τόνδε
7776	κριθήτω
7777	τὸν
7778	νόμον
7779	.
7780	εἰ
7781	δὲ
7782	ταῦτα
7783	λόγους
7784	καὶ
7785	φλυαρίας
7786	εἶναι
7787	φήσει
7788	,
7789	ἐκεῖνό
7790	γ’
7791	οὐ
7792	λόγος
7793	·
7794	αὐτὸς
7795	θέτω
7796	,
7797	καὶ
7798	μὴ
7799	λεγέτω
7800	τοῦθ’
7801	,
7802	ὡς
7803	οὐ
7804	θήσομεν
7805	ἡμεῖς
7806	.
7807	κάλλιον
7808	δὲ
7809	δήπου
7810	τὸν
7811	ὑφ’
7812	ὑμῶν
7813	κριθέντα
7814	καλῶς
7815	ἔχειν
7816	νόμον
7817	εἰσφέρειν
7818	ἢ
7819	ὃν
7820	νῦν
7821	ἀφ’
7822	αὑτοῦ
7823	τίθησιν
7824	.
7825	ἐμοὶ
7826	δ’
7827	,
7828	ὦ
7829	ἄνδρες
7830	Ἀθηναῖοι
7831	,
7832	δοκεῖ
7833	Λεπτίνης
7834	(
7835	καί
7836	μοι
7837	μηδὲν
7838	ὀργισθῇς
7839	·
7840	οὐδὲν
7841	γὰρ
7842	φλαῦρον
7843	ἐρῶ
7844	σε
7845	)
7846	ἢ
7847	οὐκ
7848	ἀνεγνωκέναι
7849	τοὺς
7850	Σόλωνος
7851	νόμους
7852	ἢ
7853	οὐ
7854	συνιέναι
7855	.
7856	εἰ
7857	γὰρ
7858	ὁ
7859	μὲν
7860	Σόλων
7861	ἔθηκεν
7862	νόμον
7863	ἐξεῖναι
7864	δοῦναι
7865	τὰ
7866	ἑαυτοῦ
7867	ᾧ
7868	ἄν
7869	τις
7870	βούληται
7871	,
7872	ἐὰν
7873	μὴ
7874	παῖδες
7875	ὦσι
7876	γνήσιοι
7877	,
7878	οὐχ
7879	ἵν’
7880	ἀποστερήσῃ
7881	τοὺς
7882	ἐγγυτάτω
7883	γένει
7884	τῆς
7885	ἀγχιστείας
7886	,
7887	ἀλλ’
7888	ἵν’
7889	εἰς
7890	τὸ
7891	μέσον
7892	καταθεὶς
7893	τὴν
7894	ὠφέλειαν
7895	ἐφάμιλλον
7896	ποιήσῃ
7897	τὸ
7898	ποιεῖν
7899	ἀλλήλους
7900	εὖ
7901	,
7902	σὺ
7903	δὲ
7904	τ
7905	οὐναντίον
7906	εἰσενήνοχας
7907	μὴ
7908	ἐξεῖναι
7909	τῷ
7910	δήμῳ
7911	τῶν
7912	αὑτοῦ
7913	δοῦναι
7914	μηδενὶ
7915	μηδέν
7916	,
7917	πῶς
7918	σέ
7919	τις
7920	φήσει
7921	τοὺς
7922	Σόλωνος
7923	ἀνεγνωκέναι
7924	νόμους
7925	ἢ
7926	συνιέναι
7927	;
7928	ὃς
7929	ἔρημον
7930	ποιεῖς
7931	τὸν
7932	δῆμον
7933	τῶν
7934	φιλοτιμησομένων
7935	,
7936	προλέγων
7937	καὶ
7938	δεικνὺς
7939	ὅτι
7940	τοῖς
7941	ἀγαθόν
7942	τι
7943	ποιοῦσιν
7944	οὐδ’
7945	ὁτιοῦν
7946	ἔσται
7947	πλέον
7948	.
7949	καὶ
7950	μὴν
7951	κ
7952	ἀκεῖνος
7953	τῶν
7954	καλῶς
7955	δοκούντων
7956	ἔχειν
7957	νόμων
7958	Σόλωνός
7959	ἐστι
7960	,
7961	μὴ
7962	λέγειν
7963	κακῶς
7964	τὸν
7965	τεθνεῶτα
7966	,
7967	μηδ’
7968	ἂν
7969	ὑπὸ
7970	τῶν
7971	ἐκείνου
7972	τις
7973	ἀκούῃ
7974	παίδων
7975	αὐτός
7976	·
7977	σὺ
7978	δὲ
7979	ποιεῖς
7980	,
7981	οὐ
7982	λέγεις
7983	κακῶς
7984	τοὺς
7985	τετελευτηκότας
7986	τῶν
7987	εὐεργετῶν
7988	,
7989	τῷ
7990	δεῖνι
7991	μεμφόμενος
7992	καὶ
7993	τὸν
7994	δεῖν’
7995	ἀνάξιον
7996	εἶναι
7997	φάσκων
7998	,
7999	ὧν
8000	οὐδὲν
8001	ἐκείνοις
8002	προσῆκεν
8003	.
8004	ἆρ’
8005	οὐ
8006	πολὺ
8007	τοῦ
8008	Σόλωνος
8009	ἀποστατεῖς
8010	τῇ
8011	γνώμῃ
8012	;
8013	πάνυ
8014	τοίνυν
8015	σπουδῇ
8016	τις
8017	ἀπήγγελλέ
8018	μοι
8019	περὶ
8020	τοῦ
8021	μηδενὶ
8022	δεῖν
8023	μηδὲν
8024	διδόναι
8025	,
8026	μηδ’
8027	ἂν
8028	ὁτιοῦν
8029	πράξῃ
8030	,
8031	τοιοῦτόν
8032	τι
8033	λέγειν
8034	αὐτοὺς
8035	παρεσκευάσθαι
8036	,
8037	ὡς
8038	ἄρ’
8039	οἱ
8040	Λακεδαιμόνιοι
8041	καλῶς
8042	πολιτευόμενοι
8043	καὶ
8044	Θηβαῖοι
8045	οὐδενὶ
8046	τῶν
8047	παρ’
8048	ἑαυτοῖς
8049	διδόασι
8050	τοιαύτην
8051	οὐδεμίαν
8052	τιμήν
8053	·
8054	καίτοι
8055	καὶ
8056	παρ’
8057	ἐκείνοις
8058	τινές
8059	εἰσιν
8060	ἴσως
8061	ἀγαθοί
8062	.
8063	ἐμοὶ
8064	δὲ
8065	δοκοῦσιν
8066	,
8067	ὦ
8068	ἄνδρες
8069	Ἀθηναῖοι
8070	,
8071	πάντες
8072	οἱ
8073	τοιοῦτοι
8074	λόγοι
8075	παροξυντικοὶ
8076	μὲν
8077	εἶναι
8078	πρὸς
8079	τὸ
8080	τὰς
8081	ἀτελείας
8082	ὑμᾶς
8083	ἀφελέσθαι
8084	πεῖσαι
8085	,
8086	οὐ
8087	μέντοι
8088	δίκαιοί
8089	γ’
8090	οὐδαμῇ
8091	.
8092	οὐ
8093	γὰρ
8094	ἀγνοῶ
8095	τοῦθ’
8096	ὅτι
8097	Θηβαῖοι
8098	καὶ
8099	Λακεδαιμόνιοι
8100	καὶ
8101	ἡμεῖς
8102	οὔ
8103	τε
8104	νόμοις
8105	οὔτ’
8106	ἔθεσιν
8107	χρώμεθα
8108	τοῖς
8109	αὐτοῖς
8110	οὔ
8111	τε
8112	πολιτείᾳ
8113	.
8114	αὐτὸ
8115	γὰρ
8116	τοῦτο
8117	πρῶτον
8118	,
8119	ὃ
8120	νῦν
8121	οὗτοι
8122	ποιήσουσιν
8123	,
8124	ἐὰν
8125	ταῦτα
8126	λέγωσιν
8127	,
8128	οὐκ
8129	ἔξεστι
8130	ποιεῖν
8131	παρὰ
8132	τοῖς
8133	Λακεδαιμονίοις
8134	,
8135	τὰ
8136	τῶν
8137	Ἀθηναίων
8138	ἐπαινεῖν
8139	νόμιμα
8140	οὐ
8141	δὲ
8142	τὰ
8143	τῶν
8144	δείνων
8145	,
8146	πολλοῦ
8147	γε
8148	καὶ
8149	δεῖ
8150	,
8151	ἀλλ’
8152	ἃ
8153	τῇ
8154	παρ’
8155	ἐκείνοις
8156	πολιτείᾳ
8157	συμφέρει
8158	,
8159	ταῦτ’
8160	ἐπαινεῖν
8161	ἀνάγκη
8162	.
8163	εἶτα
8164	καὶ
8165	Λακεδαιμόνιοι
8166	τῶν
8167	μὲν
8168	τοιούτων
8169	ἀφεστᾶσιν
8170	,
8171	ἄλλαι
8172	δέ
8173	τινες
8174	παρ’
8175	ἐκείνοις
8176	εἰσὶ
8177	τιμαί
8178	,
8179	ἃς
8180	ἀπεύξαιτ’
8181	ἂν
8182	ἅπας
8183	ὁ
8184	δῆμος
8185	ἐνταυθοῖ
8186	γενέσθαι
8187	.
8188	τίνες
8189	οὖν
8190	εἰσιν
8191	αὗται
8192	;
8193	τὰς
8194	μὲν
8195	καθ’
8196	ἕκαστον
8197	ἐάσω
8198	,
8199	μίαν
8200	δ’
8201	ἣ
8202	συλλαβοῦσα
8203	τὰς
8204	ἄλλας
8205	ἔχει
8206	,
8207	δίειμι
8208	.
8209	ἐπειδάν
8210	τις
8211	εἰς
8212	τὴν
8213	καλουμένην
8214	γερουσίαν
8215	ἐγκριθῇ
8216	παρασχὼν
8217	αὑτὸν
8218	οἷον
8219	χρή
8220	,
8221	δεσπότης
8222	ἐστὶ
8223	τῶν
8224	πολλῶν
8225	.
8226	ἐκεῖ
8227	μὲν
8228	γάρ
8229	ἐστι
8230	τῆς
8231	ἀρετῆς
8232	ἆθλον
8233	τῆς
8234	πολιτείας
8235	κυρίῳ
8236	γενέσθαι
8237	μετὰ
8238	τῶν
8239	ὁμοίων
8240	,
8241	παρὰ
8242	δ’
8243	ἡμῖν
8244	ταύτης
8245	μὲν
8246	ὁ
8247	δῆμος
8248	κύριος
8249	,
8250	καὶ
8251	ἀραὶ
8252	καὶ
8253	νόμοι
8254	καὶ
8255	φυλακαὶ
8256	ὅπως
8257	μηδεὶς
8258	ἄλλος
8259	κύριος
8260	γενήσεται
8261	,
8262	στέφανοι
8263	δὲ
8264	καὶ
8265	ἀτέλειαι
8266	καὶ
8267	σιτήσεις
8268	καὶ
8269	τοιαῦτ’
8270	ἐστίν
8271	,
8272	ὧν
8273	ἄν
8274	τις
8275	ἀνὴρ
8276	ἀγαθὸς
8277	ὢν
8278	τύχοι
8279	.
8280	καὶ
8281	ταῦτ’
8282	ἀμφότερ’
8283	ὀρθῶς
8284	ἔχει
8285	,
8286	καὶ
8287	τ
8288	ἀκεῖ
8289	καὶ
8290	τὰ
8291	παρ’
8292	ἡμῖν
8293	.
8294	διὰ
8295	τί
8296	;
8297	ὅτι
8298	τὰς
8299	μὲν
8300	διὰ
8301	τῶν
8302	ὀλίγων
8303	πολιτείας
8304	τὸ
8305	πάντας
8306	ἔχειν
8307	ἴσον
8308	ἀλλήλοις
8309	τοὺς
8310	τῶν
8311	κοινῶν
8312	κυρίους
8313	ὁμονοεῖν
8314	ποιεῖ
8315	,
8316	τὴν
8317	δὲ
8318	τῶν
8319	δήμων
8320	ἐλευθερίαν
8321	ἡ
8322	τῶν
8323	ἀγαθῶν
8324	ἀνδρῶν
8325	ἅμιλλα
8326	,
8327	ἣν
8328	ἐπὶ
8329	ταῖς
8330	παρὰ
8331	τοῦ
8332	δήμου
8333	δωρειαῖς
8334	πρὸς
8335	αὑτοὺς
8336	ποιοῦνται
8337	,
8338	φυλάττει
8339	.
8340	καὶ
8341	μὴν
8342	περὶ
8343	τοῦ
8344	γε
8345	μη
8346	δὲ
8347	Θηβαίους
8348	μηδένα
8349	τιμᾶν
8350	,
8351	ἐκεῖν’
8352	ἂν
8353	ἔχειν
8354	εἰπεῖν
8355	ἀληθὲς
8356	οἴομαι
8357	.
8358	μεῖζον
8359	,
8360	ὦ
8361	ἄνδρες
8362	Ἀθηναῖοι
8363	,
8364	Θηβαῖοι
8365	φρονοῦσιν
8366	ἐπ’
8367	ὠμότητι
8368	καὶ
8369	πονηρίᾳ
8370	ἢ
8371	ὑμεῖς
8372	ἐπὶ
8373	φιλανθρωπίᾳ
8374	καὶ
8375	τῷ
8376	τὰ
8377	δίκαια
8378	βούλεσθαι
8379	.
8380	μήτ’
8381	οὖν
8382	ἐκεῖνοί
8383	ποτε
8384	παύσαιντο
8385	,
8386	εἰ
8387	ἄρ’
8388	εὔξασθαι
8389	δεῖ
8390	,
8391	τοὺς
8392	μὲν
8393	ἑαυτοὺς
8394	ἀγαθόν
8395	τι
8396	ποιοῦντας
8397	μή
8398	τε
8399	τιμῶντες
8400	μή
8401	τε
8402	θαυμάζοντες
8403	,
8404	τοὺς
8405	δὲ
8406	συγγενεῖς
8407	(
8408	ἴστε
8409	γὰρ
8410	ὃν
8411	τρόπον
8412	Ὀρχομενὸν
8413	διέθηκαν
8414	)
8415	οὕτω
8416	μεταχειριζόμενοι
8417	,
8418	μήθ’
8419	ὑμεῖς
8420	τ
8421	ἀναντία
8422	τούτοις
8423	τοὺς
8424	μὲν
8425	εὐεργέτας
8426	τιμῶντες
8427	,
8428	παρὰ
8429	δὲ
8430	τῶν
8431	πολιτῶν
8432	λόγῳ
8433	μετὰ
8434	τῶν
8435	νόμων
8436	τὰ
8437	δίκαια
8438	λαμβάνοντες
8439	.
8440	ὅλως
8441	δ’
8442	οἶμαι
8443	τότε
8444	δεῖν
8445	τοὺς
8446	ἑτέρων
8447	ἐπαινεῖν
8448	τρόπους
8449	καὶ
8450	ἔθη
8451	τοῖς
8452	ὑμετέροις
8453	ἐπιτιμῶντας
8454	,
8455	ὅταν
8456	ᾖ
8457	δεῖξαι
8458	βέλτιον
8459	ἐκείνους
8460	πράττοντας
8461	ὑμῶν
8462	.
8463	ὅτε
8464	δ’
8465	ὑμεῖς
8466	,
8467	καλῶς
8468	ποιοῦντες
8469	,
8470	καὶ
8471	κατὰ
8472	τὰς
8473	κοινὰς
8474	πράξεις
8475	καὶ
8476	κατὰ
8477	τὴν
8478	ὁμόνοιαν
8479	καὶ
8480	κατὰ
8481	τ
8482	ἄλλα
8483	πάντ’
8484	ἄμεινον
8485	ἐκείνων
8486	πράττετε
8487	,
8488	τοῦ
8489	χάριν
8490	ἂν
8491	τῶν
8492	ὑμετέρων
8493	αὐτῶν
8494	ἐθῶν
8495	ὀλιγωροῦντες
8496	ἐκεῖνα
8497	διώκοιτε
8498	;
8499	εἰ
8500	γὰρ
8501	καὶ
8502	κατὰ
8503	τὸν
8504	λογισμὸν
8505	ἐκεῖνα
8506	φανείη
8507	βελτίω
8508	,
8509	τῆς
8510	γε
8511	τύχης
8512	ἕνεχ’
8513	ᾗ
8514	παρὰ
8515	ταῦτ’
8516	ἀγαθῇ
8517	κέχρησθε
8518	,
8519	ἐπὶ
8520	τούτων
8521	ἄξιον
8522	μεῖναι
8523	.
8524	εἰ
8525	δὲ
8526	δεῖ
8527	παρὰ
8528	πάντα
8529	ταῦτ’
8530	εἰπεῖν
8531	ὃ
8532	δίκαιον
8533	ἡγοῦμαι
8534	,
8535	ἐκεῖν’
8536	ἂν
8537	ἔγωγ’
8538	εἴποιμι
8539	.
8540	οὐκ
8541	ἔστι
8542	δίκαιον
8543	,
8544	ὦ
8545	ἄνδρες
8546	Ἀθηναῖοι
8547	,
8548	τοὺς
8549	Λακεδαιμονίων
8550	νόμους
8551	οὐ
8552	δὲ
8553	τοὺς
8554	Θηβαίων
8555	λέγειν
8556	ἐπὶ
8557	τῷ
8558	τοὺς
8559	ἐνθάδε
8560	λυμαίνεσθαι
8561	,
8562	οὐ
8563	δὲ
8564	δι’
8565	ὧν
8566	μὲν
8567	ἐκεῖνοι
8568	μεγάλοι
8569	,
8570	κ
8571	ἂν
8572	ἀποκτεῖναι
8573	βούλεσθαι
8574	τὸν
8575	παρ’
8576	ἡμῖν
8577	τούτων
8578	τι
8579	κατασκευάσαντα
8580	,
8581	διὰ
8582	δ’
8583	ὧν
8584	ὁ
8585	παρ’
8586	ἡμῖν
8587	δῆμος
8588	εὐδαίμων
8589	,
8590	ταῦθ’
8591	ὡς
8592	ἀνελεῖν
8593	δεῖ
8594	λεγόντων
8595	τινῶν
8596	ἐθέλειν
8597	ἀκούειν
8598	.
8599	ἔστι
8600	τοίνυν
8601	τις
8602	πρόχειρος
8603	λόγος
8604	,
8605	ὡς
8606	ἄρα
8607	καὶ
8608	παρ’
8609	ἡμῖν
8610	ἐπὶ
8611	τῶν
8612	προγόνων
8613	πόλλ’
8614	ἀγάθ’
8615	εἰργασμένοι
8616	τινὲς
8617	οὐδενὸς
8618	ἠξιοῦντο
8619	τοιούτου
8620	,
8621	ἀλλ’
8622	ἀγαπητῶς
8623	ἐπιγράμματος
8624	ἐν
8625	τοῖς
8626	Ἑρμαῖς
8627	ἔτυχον
8628	·
8629	καὶ
8630	ἴσως
8631	τοῦθ’
8632	ὑμῖν
8633	ἀναγνώσεται
8634	τ
8635	οὐπίγραμμα
8636	.
8637	ἐγὼ
8638	δ’
8639	ἡγοῦμαι
8640	τοῦτον
8641	τὸν
8642	λόγον
8643	,
8644	ὦ
8645	ἄνδρες
8646	Ἀθηναῖοι
8647	,
8648	κατὰ
8649	πόλλ’
8650	ἀσύμφορον
8651	εἶναι
8652	τῇ
8653	πόλει
8654	λέγεσθαι
8655	,
8656	πρὸς
8657	δὲ
8658	καὶ
8659	οὐ
8660	δὲ
8661	δίκαιον
8662	.
8663	εἰ
8664	μὲν
8665	γὰρ
8666	ἀναξίους
8667	εἶναί
8668	τις
8669	φήσει
8670	κ
8671	ἀκείνους
8672	τιμᾶσθαι
8673	,
8674	τίς
8675	ἄξιος
8676	,
8677	εἰπάτω
8678	,
8679	εἰ
8680	μή
8681	τε
8682	τῶν
8683	προτέρων
8684	μηδεὶς
8685	μή
8686	τε
8687	τῶν
8688	ὑστέρων
8689	·
8690	εἰ
8691	δὲ
8692	μηδένα
8693	φήσει
8694	,
8695	συναχθεσθείην
8696	ἂν
8697	ἔγωγε
8698	τῇ
8699	πόλει
8700	,
8701	εἰ
8702	μηδεὶς
8703	ἐν
8704	ἅπαντι
8705	τῷ
8706	χρόνῳ
8707	γέγον’
8708	ἄξιος
8709	εὖ
8710	παθεῖν
8711	.
8712	καὶ
8713	μὴν
8714	εἴ
8715	γ’
8716	ὁμολογῶν
8717	ἐκείνους
8718	εἶναι
8719	σπουδαίους
8720	μὴ
8721	τετυχηκότας
8722	δείξει
8723	μηδενός
8724	,
8725	τῆς
8726	πόλεως
8727	ὡς
8728	ἀχαρίστου
8729	δήπου
8730	κατηγορεῖ
8731	.
8732	ἔστι
8733	δ’
8734	οὐχ
8735	οὕτω
8736	ταῦτ’
8737	ἔχοντα
8738	,
8739	οὐδ’
8740	ὀλίγου
8741	δεῖ
8742	·
8743	ἀλλ’
8744	ἐπειδάν
8745	τις
8746	οἶμαι
8747	κακουργῶν
8748	ἐπὶ
8749	μὴ
8750	προσήκοντα
8751	πράγματα
8752	τοὺς
8753	λόγους
8754	μεταφέρῃ
8755	,
8756	δυσχερεῖς
8757	ἀνάγκη
8758	φαίνεσθαι
8759	.
8760	ὡς
8761	δὲ
8762	τ
8763	ἀληθές
8764	τ’
8765	ἔχει
8766	καὶ
8767	δίκαιόν
8768	ἐστι
8769	λέγειν
8770	,
8771	ἐγὼ
8772	πρὸς
8773	ὑμᾶς
8774	ἐρῶ
8775	.
8776	ἦσαν
8777	,
8778	ὦ
8779	ἄνδρες
8780	Ἀθηναῖοι
8781	,
8782	πολλοὶ
8783	τῶν
8784	πρότερον
8785	σπουδαῖοι
8786	,
8787	καὶ
8788	ἡ
8789	πόλις
8790	ἡμῶν
8791	ἐτίμα
8792	καὶ
8793	τότε
8794	τοὺς
8795	ἀγαθούς
8796	·
8797	αἱ
8798	μέντοι
8799	τιμαὶ
8800	καὶ
8801	τ
8802	ἄλλα
8803	πάντα
8804	τὰ
8805	μὲν
8806	τότ’
8807	ἦν
8808	ἐπὶ
8809	τοῖς
8810	τότ’
8811	ἔθεσιν
8812	,
8813	τὰ
8814	δὲ
8815	νῦν
8816	ἐπὶ
8817	τοῖς
8818	νῦν
8819	.
8820	πρὸς
8821	οὖν
8822	τί
8823	τοῦτο
8824	λέγω
8825	;
8826	ὅτι
8827	φήσαιμ’
8828	ἂν
8829	ἔγωγ’
8830	ἐκείνους
8831	οὐκ
8832	ἔσθ’
8833	ὅτου
8834	παρὰ
8835	τῆς
8836	πόλεως
8837	οὐ
8838	τυχεῖν
8839	ὧν
8840	ἐβουλήθησαν
8841	.
8842	τίνι
8843	χρώμενος
8844	τεκμηρίῳ
8845	;
8846	ὅτι
8847	Λυσιμάχῳ
8848	δωρειάν
8849	,
8850	ἑνὶ
8851	τῶν
8852	τότε
8853	χρησίμων
8854	,
8855	ἑκατὸν
8856	μὲν
8857	ἐν
8858	Εὐβοίᾳ
8859	πλέθρα
8860	γῆς
8861	πεφυτευμένης
8862	ἔδοσαν
8863	,
8864	ἑκατὸν
8865	δὲ
8866	ψιλῆς
8867	,
8868	ἔτι
8869	δ’
8870	ἀργυρίου
8871	μνᾶς
8872	ἑκατόν
8873	,
8874	καὶ
8875	τέτταρας
8876	τῆς
8877	ἡμέρας
8878	δραχμάς
8879	.
8880	καὶ
8881	τούτων
8882	ψήφισμ’
8883	ἔστιν
8884	Ἀλκιβιάδου
8885	,
8886	ἐν
8887	ᾧ
8888	ταῦτα
8889	γέγραπται
8890	.
8891	τότε
8892	μὲν
8893	γὰρ
8894	ἡ
8895	πόλις
8896	ἡμῶν
8897	καὶ
8898	γῆς
8899	ηὐπόρει
8900	καὶ
8901	χρημάτων
8902	,
8903	νῦν
8904	δ’
8905	εὐπορήσει
8906	·
8907	δεῖ
8908	γὰρ
8909	οὕτω
8910	λέγειν
8911	καὶ
8912	μὴ
8913	βλασφημεῖν
8914	.
8915	καίτοι
8916	τίν’
8917	οὐκ
8918	ἂν
8919	οἴεσθε
8920	νῦν
8921	τὸ
8922	τρίτον
8923	μέρος
8924	τούτων
8925	ἀντὶ
8926	τῆς
8927	ἀτελείας
8928	ἑλέσθαι
8929	;
8930	ὅτι
8931	τοίνυν
8932	ἀληθῆ
8933	λέγω
8934	,
8935	λαβέ
8936	μοι
8937	τὸ
8938	ψήφισμα
8939	τουτί
8940	.
8941	ΨΗΦΙΣΜΑ
8942	.
8943	ὅτι
8944	μὲν
8945	τοίνυν
8946	,
8947	ὦ
8948	ἄνδρες
8949	Ἀθηναῖοι
8950	,
8951	καὶ
8952	τοῖς
8953	προγόνοις
8954	ὑμῶν
8955	ἔθος
8956	ἦν
8957	τοὺς
8958	χρηστοὺς
8959	τιμᾶν
8960	,
8961	δηλοῖ
8962	τὸ
8963	ψήφισμα
8964	τουτί
8965	·
8966	εἰ
8967	δὲ
8968	μὴ
8969	τοῖς
8970	αὐτοῖς
8971	οἷσπερ
8972	ἡμεῖς
8973	νῦν
8974	,
8975	ἕτερόν
8976	τι
8977	τοῦτ’
8978	ἂν
8979	εἴη
8980	.
8981	εἰ
8982	τοίνυν
8983	μή
8984	τε
8985	Λυσίμαχον
8986	μήτ’
8987	ἄλλον
8988	μηδένα
8989	μηδὲν
8990	εὑρῆσθαι
8991	παρὰ
8992	τῶν
8993	προγόνων
8994	ἡμῶν
8995	συγχωρήσαιμεν
8996	,
8997	τί
8998	μᾶλλον
8999	,
9000	οἷς
9001	ἔδομεν
9002	νῦν
9003	ἡμεῖς
9004	,
9005	διὰ
9006	τοῦτο
9007	δικαίως
9008	ἂν
9009	ἀφαιρεθεῖεν
9010	;
9011	οὐ
9012	γὰρ
9013	οἱ
9014	μὴ
9015	δόντες
9016	ἃ
9017	μὴ
9018	’δόκει
9019	δεινόν
9020	εἰσιν
9021	οὐδὲν
9022	εἰργασμένοι
9023	,
9024	ἀλλ’
9025	οἱ
9026	δόντες
9027	μέν
9028	,
9029	πάλιν
9030	δ’
9031	ὕστερον
9032	μηδὲν
9033	ἐγκαλοῦντες
9034	ἀφαιρούμενοι
9035	.
9036	εἰ
9037	μὲν
9038	γάρ
9039	τις
9040	ἔχει
9041	δεῖξαι
9042	κ
9043	ἀκείνους
9044	ὧν
9045	ἔδοσάν
9046	τῴ
9047	τι
9048	,
9049	τοῦτ’
9050	ἀφῃρημένους
9051	,
9052	συγχωρῶ
9053	καὶ
9054	ὑμᾶς
9055	τ
9056	αὐτὸ
9057	τοῦτο
9058	ποιῆσαι
9059	,
9060	καίτοι
9061	τοῦτό
9062	γ’
9063	αἰσχρὸν
9064	ὁμοίως
9065	·
9066	εἰ
9067	δὲ
9068	μηδ’
9069	ἂν
9070	εἷς
9071	ἐν
9072	ἅπαντι
9073	τῷ
9074	χρόνῳ
9075	τοῦτ’
9076	ἔχοι
9077	δεῖξαι
9078	γεγονός
9079	,
9080	τίνος
9081	εἵνεκ’
9082	ἐφ’
9083	ἡμῶν
9084	πρώτων
9085	καταδειχθῇ
9086	τοιοῦτον
9087	ἔργον
9088	;
9089	χρὴ
9090	τοίνυν
9091	,
9092	ὦ
9093	ἄνδρες
9094	Ἀθηναῖοι
9095	,
9096	κ
9097	ἀκεῖν’
9098	ἐνθυμεῖσθαι
9099	καὶ
9100	ὁρᾶν
9101	,
9102	ὅτι
9103	νῦν
9104	ὀμωμοκότες
9105	κατὰ
9106	τοὺς
9107	νόμους
9108	δικάσειν
9109	ἥκετε
9110	,
9111	οὐχὶ
9112	τοὺς
9113	Λακεδαιμονίων
9114	οὐ
9115	δὲ
9116	Θηβαίων
9117	,
9118	οὐδ’
9119	οἷς
9120	ποτ’
9121	ἐχρήσανθ’
9122	οἱ
9123	πρῶτοι
9124	τῶν
9125	προγόνων
9126	,
9127	ἀλλὰ
9128	καθ’
9129	οὓς
9130	ἔλαβον
9131	τὰς
9132	ἀτελείας
9133	οὓς
9134	ἀφαιρεῖται
9135	νῦν
9136	οὗτος
9137	τῷ
9138	νόμῳ
9139	,
9140	καὶ
9141	περὶ
9142	ὧν
9143	ἂν
9144	νόμοι
9145	μὴ
9146	ὦσι
9147	,
9148	γνώμῃ
9149	τῇ
9150	δικαιοτάτῃ
9151	κρινεῖν
9152	.
9153	καλῶς
9154	.
9155	τὸ
9156	τοίνυν
9157	τῆς
9158	γνώμης
9159	πρὸς
9160	ἅπαντ’
9161	ἀνενέγκατε
9162	τὸν
9163	νόμον
9164	.
9165	ἆρ’
9166	οὖν
9167	δίκαιον
9168	,
9169	ὦ
9170	ἄνδρες
9171	Ἀθηναῖοι
9172	,
9173	τοὺς
9174	εὐεργέτας
9175	τιμᾶν
9176	;
9177	δίκαιον
9178	.
9179	τί
9180	δέ
9181	;
9182	ὅσ’
9183	ἂν
9184	δῷ
9185	τις
9186	ἅπαξ
9187	,
9188	δίκαιον
9189	ἔχειν
9190	ἐᾶν
9191	;
9192	δίκαιον
9193	.
9194	ταῦτα
9195	τοίνυν
9196	αὐτοί
9197	τε
9198	ποιεῖτε
9199	,
9200	ἵν’
9201	εὐορκῆτε
9202	,
9203	καὶ
9204	τοὺς
9205	προγόνους
9206	ὀργίζεσθ’
9207	ἂν
9208	μή
9209	τις
9210	φῇ
9211	ποιεῖν
9212	,
9213	καὶ
9214	τοὺς
9215	τὰ
9216	τοιαῦτα
9217	λέγοντας
9218	παραδείγματα
9219	,
9220	ὡς
9221	ἄρ’
9222	ἐκεῖνοι
9223	μεγάλ’
9224	εὖ
9225	παθόντες
9226	οὐδέν’
9227	ἐτίμησαν
9228	,
9229	καὶ
9230	πονηροὺς
9231	καὶ
9232	ἀπαιδεύτους
9233	ἡγεῖσθ’
9234	εἶναι
9235	,
9236	πονηροὺς
9237	μὲν
9238	διότι
9239	καταψεύδονται
9240	τῶν
9241	προγόνων
9242	ὑμῶν
9243	ὡς
9244	ἀχαρίστων
9245	,
9246	ἀμαθεῖς
9247	δὲ
9248	διότι
9249	ἐκεῖν’
9250	ἀγνοοῦσιν
9251	,
9252	ὅτι
9253	εἰ
9254	τὰ
9255	μάλιστα
9256	ταῦθ’
9257	οὕτως
9258	εἶχεν
9259	,
9260	ἀρνεῖσθαι
9261	μᾶλλον
9262	ἢ
9263	λέγειν
9264	αὐτοῖς
9265	προσῆκεν
9266	.
9267	οἴομαι
9268	τοίνυν
9269	καὶ
9270	τοῦτον
9271	τὸν
9272	λόγον
9273	Λεπτίνην
9274	ἐρεῖν
9275	,
9276	ὡς
9277	τὰς
9278	εἰκόνας
9279	καὶ
9280	τὴν
9281	σίτησιν
9282	οὐκ
9283	ἀφαιρεῖται
9284	τῶν
9285	εἰληφότων
9286	ὁ
9287	νόμος
9288	,
9289	οὐ
9290	δὲ
9291	τῆς
9292	πόλεως
9293	τὸ
9294	τιμᾶν
9295	τοὺς
9296	ὄντας
9297	ἀξίους
9298	,
9299	ἀλλ’
9300	ἔσται
9301	χαλκοῦς
9302	ἱστάναι
9303	καὶ
9304	σίτησιν
9305	διδόναι
9306	καὶ
9307	ἄλλ’
9308	ὅ
9309	τι
9310	ἂν
9311	βούλησθε
9312	,
9313	πλὴν
9314	τούτου
9315	.
9316	ἐγὼ
9317	δ’
9318	ὑπὲρ
9319	ὧν
9320	μὲν
9321	τῇ
9322	πόλει
9323	καταλείπειν
9324	φήσει
9325	,
9326	τοσοῦτο
9327	λέγω
9328	·
9329	ὅταν
9330	ὧν
9331	ἐδώκατέ
9332	τῳ
9333	πρότερόν
9334	τι
9335	,
9336	τοῦτ’
9337	ἀφέλησθε
9338	,
9339	καὶ
9340	τὰς
9341	ὑπολοίπους
9342	ἀπίστους
9343	ποιήσετε
9344	πάσας
9345	δωρειάς
9346	.
9347	τί
9348	γὰρ
9349	ἔσται
9350	πιστότερον
9351	τὸ
9352	τῆς
9353	εἰκόνος
9354	ἢ
9355	τῆς
9356	σιτήσεως
9357	ἢ
9358	τὸ
9359	τῆς
9360	ἀτελείας
9361	,
9362	ἣν
9363	πρότερόν
9364	τισι
9365	δόντες
9366	ἀφῃρημένοι
9367	φανεῖσθε
9368	;
9369	ἔτι
9370	δ’
9371	εἰ
9372	μηδὲν
9373	ἔμελλε
9374	τοῦτ’
9375	ἔσεσθαι
9376	δυσχερές
9377	,
9378	οὐδ’
9379	ἐκεῖνο
9380	καλῶς
9381	ἔχειν
9382	ἡγοῦμαι
9383	,
9384	εἰς
9385	τοιαύτην
9386	ἄγειν
9387	ἀνάγκην
9388	τὴν
9389	πόλιν
9390	δι’
9391	ἧς
9392	ἅπαντας
9393	ἐξ
9394	ἴσου
9395	τῶν
9396	αὐτῶν
9397	ἀξιώσει
9398	τοῖς
9399	τὰ
9400	μέγιστ’
9401	εὐεργετοῦσιν
9402	,
9403	ἢ
9404	μὴ
9405	τοῦτο
9406	ποιοῦσα
9407	χάριν
9408	τισὶν
9409	οὐκ
9410	ἀποδώσει
9411	.
9412	μεγάλων
9413	μὲν
9414	οὖν
9415	εὐεργεσιῶν
9416	οὔθ’
9417	ὑμῖν
9418	συμφέρει
9419	συμβαίνειν
9420	πολλάκις
9421	καιρόν
9422	,
9423	οὔτ’
9424	ἴσως
9425	ῥᾴδιον
9426	αἰτίῳ
9427	γενέσθαι
9428	·
9429	μετρίων
9430	δὲ
9431	καὶ
9432	ὧν
9433	ἂν
9434	ἐν
9435	εἰρήνῃ
9436	τις
9437	καὶ
9438	πολιτείᾳ
9439	δύναιτ’
9440	ἐφικέσθαι
9441	,
9442	εὐνοίας
9443	,
9444	δικαιοσύνης
9445	,
9446	ἐπιμελείας
9447	,
9448	τῶν
9449	τοιούτων
9450	,
9451	καὶ
9452	συμφέρειν
9453	ἔμοιγε
9454	δοκεῖ
9455	καὶ
9456	χρῆναι
9457	διδόναι
9458	τὰς
9459	τιμάς
9460	.
9461	δεῖ
9462	τοίνυν
9463	μεμερίσθαι
9464	καὶ
9465	τὰ
9466	τῶν
9467	δωρειῶν
9468	,
9469	ἵν’
9470	ἧς
9471	ἂν
9472	ἄξιος
9473	ὢν
9474	ἕκαστος
9475	φαίνηται
9476	,
9477	ταύτην
9478	παρὰ
9479	τοῦ
9480	δήμου
9481	λαμβάνῃ
9482	τὴν
9483	δωρειάν
9484	.
9485	ἀλλὰ
9486	μὴν
9487	ὑπὲρ
9488	ὧν
9489	γε
9490	τοῖς
9491	εὑρημένοις
9492	τὰς
9493	τιμὰς
9494	καταλείπειν
9495	φήσει
9496	,
9497	οἱ
9498	μὲν
9499	ἁπλᾶ
9500	πάνυ
9501	καὶ
9502	δίκαι’
9503	ἂν
9504	εἴποιεν
9505	,
9506	πάνθ’
9507	ὅσα
9508	τῶν
9509	αὐτῶν
9510	ἕνεκ’
9511	αὐτοῖς
9512	ἔδοτ’
9513	εὐεργεσιῶν
9514	ἀξιοῦντες
9515	ἔχειν
9516	,
9517	οἱ
9518	δὲ
9519	φενακίζειν
9520	τὸν
9521	ὡς
9522	καταλείπεται
9523	λέγοντά
9524	τι
9525	αὐτοῖς
9526	.
9527	ὁ
9528	γὰρ
9529	ἄξια
9530	τῆς
9531	ἀτελείας
9532	εὖ
9533	πεποιηκέναι
9534	δόξας
9535	καὶ
9536	ταύτην
9537	παρ’
9538	ὑμῶν
9539	λαβὼν
9540	τὴν
9541	τιμὴν
9542	μόνην
9543	,
9544	ἢ
9545	ξένος
9546	ἢ
9547	καί
9548	τις
9549	πολίτης
9550	,
9551	ἐπειδὰν
9552	ἀφαιρεθῇ
9553	ταύτην
9554	,
9555	τίν’
9556	ἔχει
9557	λοιπὴν
9558	δωρειάν
9559	,
9560	Λεπτίνη
9561	;
9562	οὐδεμίαν
9563	δήπου
9564	.
9565	μὴ
9566	τοίνυν
9567	διὰ
9568	μὲν
9569	τοῦ
9570	τῶνδε
9571	κατηγορεῖν
9572	ὡς
9573	φαύλων
9574	ἐκείνους
9575	ἀφαιροῦ
9576	,
9577	δι’
9578	ἃ
9579	δ’
9580	αὖ
9581	καταλείπειν
9582	ἐκείνοις
9583	φήσεις
9584	,
9585	τούσδ’
9586	ὃ
9587	μόνον
9588	λαβόντες
9589	ἔχουσι
9590	,
9591	τοῦτ’
9592	ἀφέλῃ
9593	.
9594	ὡς
9595	δ’
9596	ἁπλῶς
9597	εἰπεῖν
9598	,
9599	οὐκ
9600	,
9601	εἰ
9602	τῶν
9603	πάντων
9604	ἀδικήσομέν
9605	τιν’
9606	ἢ
9607	μείζον’
9608	ἢ
9609	ἐλάττονα
9610	,
9611	δεινόν
9612	ἐστιν
9613	,
9614	ἀλλ’
9615	εἰ
9616	τὰς
9617	τιμάς
9618	,
9619	αἷς
9620	ἂν
9621	ἀντ’
9622	εὖ
9623	ποιήσωμέν
9624	τινας
9625	,
9626	ἀπίστους
9627	καταστήσομεν
9628	·
9629	οὐδ’
9630	ὁ
9631	πλεῖστος
9632	ἔμοιγε
9633	λόγος
9634	περὶ
9635	τῆς
9636	ἀτελείας
9637	ἐστίν
9638	,
9639	ἀλλ’
9640	ὑπὲρ
9641	τοῦ
9642	πονηρὸν
9643	ἔθος
9644	τὸν
9645	νόμον
9646	εἰσάγειν
9647	καὶ
9648	τοιοῦτον
9649	δι’
9650	οὗ
9651	πάντ’
9652	ἄπισθ’
9653	ὅσ’
9654	ὁ
9655	δῆμος
9656	δίδωσιν
9657	ἔσται
9658	.
9659	ὃν
9660	τοίνυν
9661	κακουργότατον
9662	οἴονται
9663	λόγον
9664	εὑρηκέναι
9665	πρὸς
9666	τὸ
9667	τὰς
9668	ἀτελείας
9669	ὑμᾶς
9670	ἀφελέσθαι
9671	πεῖσαι
9672	,
9673	βέλτιόν
9674	ἐστι
9675	προειπεῖν
9676	,
9677	ἵνα
9678	μὴ
9679	λάθητ’
9680	ἐξαπατηθέντες
9681	.
9682	ἐροῦσ’
9683	ὅτι
9684	ταῦθ’
9685	ἱερῶν
9686	ἐστιν
9687	ἅπαντα
9688	τ
9689	ἀναλώματα
9690	·
9691	δεινὸν
9692	οὖν
9693	,
9694	εἰ
9695	τῶν
9696	ἱερῶν
9697	ἀτελής
9698	τις
9699	ἀφεθήσεται
9700	.
9701	ἐγὼ
9702	δὲ
9703	τὸ
9704	μέν
9705	τινας
9706	,
9707	οἷς
9708	ὁ
9709	δῆμος
9710	ἔδωκεν
9711	,
9712	ἀτελεῖς
9713	εἶναι
9714	τούτων
9715	δίκαιον
9716	ἡγοῦμαι
9717	,
9718	ὃ
9719	δὲ
9720	νῦν
9721	οὗτοι
9722	ποιήσουσιν
9723	,
9724	ἐὰν
9725	ἄρα
9726	ταῦτα
9727	λέγωσι
9728	,
9729	τοῦτ’
9730	εἶναι
9731	δεινὸν
9732	νομίζω
9733	.
9734	εἰ
9735	γὰρ
9736	ἃ
9737	μηδέν’
9738	ἄλλον
9739	ἔχουσι
9740	τρόπον
9741	δεῖξαι
9742	δίκαιον
9743	ὑμᾶς
9744	ἀφελέσθαι
9745	,
9746	ταῦτ’
9747	ἐπὶ
9748	τῷ
9749	τῶν
9750	θεῶν
9751	ὀνόματι
9752	ποιεῖν
9753	ζητήσουσιν
9754	,
9755	πῶς
9756	οὐκ
9757	ἀσεβέστατον
9758	ἔργον
9759	καὶ
9760	δεινότατον
9761	πράξουσιν
9762	;
9763	χρὴ
9764	γάρ
9765	,
9766	ὡς
9767	γοῦν
9768	ἐμοὶ
9769	δοκεῖ
9770	,
9771	ὅσα
9772	τις
9773	πράττει
9774	τοὺς
9775	θεοὺς
9776	ἐπιφημίζων
9777	,
9778	τοιαῦτα
9779	φαίνεσθαι
9780	οἷα
9781	μηδ’
9782	ἂν
9783	ἐπ’
9784	ἀνθρώπου
9785	πραχθέντα
9786	πονηρὰ
9787	φανείη
9788	.
9789	ὅτι
9790	δ’
9791	οὐκ
9792	ἔστι
9793	τ
9794	αὐτὸν
9795	ἱερῶν
9796	ἀτέλειαν
9797	ἔχειν
9798	καὶ
9799	λῃτουργιῶν
9800	,
9801	ἀλλ’
9802	οὗτοι
9803	τὸ
9804	τῶν
9805	λῃτουργιῶν
9806	ὄνομ’
9807	ἐπὶ
9808	τὸ
9809	τῶν
9810	ἱερῶν
9811	μεταφέροντες
9812	ἐξαπατᾶν
9813	ζητοῦσι
9814	,
9815	Λεπτίνην
9816	ὑμῖν
9817	αὐτὸν
9818	ἐγὼ
9819	παρασχήσομαι
9820	μάρτυρα
9821	.
9822	γράφων
9823	γὰρ
9824	ἀρχὴν
9825	τοῦ
9826	νόμου
9827	Λεπτίνης
9828	εἶπεν
9829	φησίν
9830	,
9831	ὅπως
9832	ἂν
9833	οἱ
9834	πλουσιώτατοι
9835	λῃτουργῶσιν
9836	,
9837	ἀτελῆ
9838	μηδέν’
9839	εἶναι
9840	πλὴν
9841	τῶν
9842	ἀφ’
9843	Ἁρμοδίου
9844	καὶ
9845	Ἀριστογείτονος
9846	.
9847	καίτοι
9848	εἰ
9849	ἦν
9850	ἱερῶν
9851	ἀτέλειαν
9852	ἔχειν
9853	τ
9854	αὐτὸ
9855	καὶ
9856	λῃτουργιῶν
9857	,
9858	τί
9859	τοῦτο
9860	μαθὼν
9861	προσέγραψεν
9862	;
9863	οὐ
9864	δὲ
9865	γὰρ
9866	τούτοις
9867	ἀτέλεια
9868	τῶν
9869	γ’
9870	ἱερῶν
9871	ἐστιν
9872	δεδομένη
9873	.
9874	ἵνα
9875	δ’
9876	εἰδῆθ’
9877	ὅτι
9878	ταῦτα
9879	τοῦτον
9880	ἔχει
9881	τὸν
9882	τρόπον
9883	,
9884	λαβέ
9885	μοι
9886	πρῶτον
9887	μὲν
9888	τῆς
9889	στήλης
9890	τ
9891	ἀντίγραφα
9892	,
9893	εἶτα
9894	τὴν
9895	ἀρχὴν
9896	τοῦ
9897	νόμου
9898	τοῦ
9899	Λεπτίνου
9900	.
9901	λέγε
9902	.
9903	ΑΝΤΙΓΡΑΦΑ
9904	ΣΤΗΛΗΣ
9905	.
9906	ἀκούετε
9907	τῶν
9908	ἀντιγράφων
9909	τῆς
9910	στήλης
9911	,
9912	ὦ
9913	ἄνδρες
9914	Ἀθηναῖοι
9915	,
9916	ἀτελεῖς
9917	αὐτοὺς
9918	εἶναι
9919	κελευόντων
9920	πλὴν
9921	ἱερῶν
9922	.
9923	λέγε
9924	δὴ
9925	τὴν
9926	ἀρχὴν
9927	τοῦ
9928	νόμου
9929	τοῦ
9930	Λεπτίνου
9931	.
9932	ΝΟΜΟΣ
9933	.
9934	καλῶς
9935	·
9936	κατάθες
9937	.
9938	γράψας
9939	ὅπως
9940	ἂν
9941	οἱ
9942	πλουσιώτατοι
9943	λῃτουργῶσι
9944	,
9945	μηδέν’
9946	εἶναι
9947	προσέγραψεν
9948	ἀτελῆ
9949	πλὴν
9950	τῶν
9951	ἀφ’
9952	Ἁρμοδίου
9953	καὶ
9954	Ἀριστογείτονος
9955	.
9956	τίνος
9957	ἕνεκα
9958	,
9959	εἴ
9960	γε
9961	τὸ
9962	τῶν
9963	ἱερῶν
9964	τέλος
9965	ἐστὶ
9966	λῃτουργεῖν
9967	;
9968	αὐτὸς
9969	γὰρ
9970	οὑτωσὶ
9971	τ
9972	ἀναντία
9973	τῇ
9974	στήλῃ
9975	γεγραφώς
9976	,
9977	ἂν
9978	τοῦτο
9979	λέγῃ
9980	,
9981	φανήσεται
9982	.
9983	ἡδέως
9984	δ’
9985	ἂν
9986	ἔγωγ’
9987	ἐροίμην
9988	Λεπτίνην
9989	·
9990	τίνος
9991	αὐτοῖς
9992	τὴν
9993	ἀτέλειαν
9994	ἢ
9995	σὺ
9996	νῦν
9997	καταλείπειν
9998	φήσεις
9999	ἢ
10000	ἐκείνους
10001	τότε
10002	δοῦναι
10003	,
10004	τὰς
10005	λῃτουργίας
10006	ὅταν
10007	εἶναι
10008	φῇς
10009	ἱερῶν
10010	;
10011	τῶν
10012	μὲν
10013	γὰρ
10014	εἰς
10015	τὸν
10016	πόλεμον
10017	πασῶν
10018	εἰσφορῶν
10019	καὶ
10020	τριηραρχιῶν
10021	ἐκ
10022	τῶν
10023	παλαιῶν
10024	νόμων
10025	οὐκ
10026	εἴσ’
10027	ἀτελεῖς
10028	·
10029	τῶν
10030	δὲ
10031	λῃτουργιῶν
10032	,
10033	εἴπερ
10034	εἴσ’
10035	ἱερῶν
10036	,
10037	οὐδ’
10038	ἔχουσιν
10039	.
10040	ἀλλὰ
10041	μὴν
10042	γέγραπταί
10043	γ’
10044	ἀτελεῖς
10045	αὐτοὺς
10046	εἶναι
10047	.
10048	τίνος
10049	;
10050	ἢ
10051	τοῦ
10052	μετοικίου
10053	;
10054	τοῦτο
10055	γὰρ
10056	λοιπόν
10057	.
10058	οὐ
10059	δήπου
10060	,
10061	ἀλλὰ
10062	τῶν
10063	ἐγκυκλίων
10064	λῃτουργιῶν
10065	,
10066	ὡς
10067	ἥ
10068	τε
10069	στήλη
10070	δηλοῖ
10071	καὶ
10072	σὺ
10073	προσδιώρισας
10074	ἐν
10075	τῷ
10076	νόμῳ
10077	καὶ
10078	μαρτυρεῖ
10079	πᾶς
10080	ὁ
10081	πρὸ
10082	τοῦ
10083	χρόνος
10084	γεγονώς
10085	,
10086	ἐν
10087	ᾧ
10088	τοσούτῳ
10089	τὸ
10090	πλῆθος
10091	ὄντι
10092	οὔ
10093	τε
10094	φυλὴ
10095	πώποτ’
10096	ἐνεγκεῖν
10097	ἐτόλμησεν
10098	οὐδεμί’
10099	οὐδένα
10100	τῶν
10101	ἀπ’
10102	ἐκείνων
10103	χορηγόν
10104	,
10105	οὔτ’
10106	ἐνεχθεὶς
10107	αὐτοῖς
10108	ἄλλος
10109	οὐδεὶς
10110	ἀντιδοῦναι
10111	.
10112	οἷς
10113	οὐκ
10114	ἀκουστέον
10115	ἂν
10116	ἐναντία
10117	τολμᾷ
10118	λέγειν
10119	.
10120	ἔτι
10121	τοίνυν
10122	ἴσως
10123	ἐπισύροντες
10124	ἐροῦσιν
10125	ὡς
10126	Μεγαρεῖς
10127	καὶ
10128	Μεσσήνιοί
10129	τινες
10130	εἶναι
10131	φάσκοντες
10132	,
10133	ἔπειτ’
10134	ἀτελεῖς
10135	εἰσιν
10136	,
10137	ἁθρόοι
10138	παμπληθεῖς
10139	ἄνθρωποι
10140	,
10141	καί
10142	τινες
10143	ἄλλοι
10144	δοῦλοι
10145	καὶ
10146	μαστιγίαι
10147	,
10148	Λυκίδας
10149	καὶ
10150	Διονύσιος
10151	,
10152	καὶ
10153	τοιούτους
10154	τινὰς
10155	ἐξειλεγμένοι
10156	.
10157	ὑπὲρ
10158	δὴ
10159	τούτων
10160	ὡδὶ
10161	ποιήσαθ’
10162	ὅταν
10163	ταῦτα
10164	λέγωσι
10165	·
10166	κελεύετ’
10167	,
10168	εἴπερ
10169	ἀληθῆ
10170	λέγουσι
10171	πρὸς
10172	ὑμᾶς
10173	,
10174	τὰ
10175	ψηφίσματ’
10176	ἐν
10177	οἷς
10178	ἀτελεῖς
10179	εἰσιν
10180	οὗτοι
10181	δεῖξαι
10182	.
10183	οὐ
10184	γάρ
10185	ἐστ’
10186	οὐδεὶς
10187	ἀτελὴς
10188	παρ’
10189	ὑμῖν
10190	ὅτῳ
10191	μὴ
10192	ψήφισμ’
10193	ἢ
10194	νόμος
10195	δέδωκε
10196	τὴν
10197	ἀτέλειαν
10198	.
10199	πρόξενοι
10200	μέντοι
10201	πολλοὶ
10202	διὰ
10203	τῶν
10204	πολιτευομένων
10205	γεγόνασι
10206	παρ’
10207	ὑμῖν
10208	τοιοῦτοι
10209	,
10210	ὧν
10211	εἷς
10212	ἐστιν
10213	ὁ
10214	Λυκίδας
10215	.
10216	ἀλλ’
10217	ἕτερον
10218	πρόξενόν
10219	ἐστ’
10220	εἶναι
10221	καὶ
10222	ἀτέλειαν
10223	εὑρῆσθαι
10224	.
10225	μὴ
10226	δὴ
10227	παραγόντων
10228	ὑμᾶς
10229	,
10230	μηδ’
10231	,
10232	ὅτι
10233	δοῦλος
10234	ὢν
10235	ὁ
10236	Λυκίδας
10237	καὶ
10238	Διονύσιος
10239	καί
10240	τις
10241	ἴσως
10242	ἄλλος
10243	διὰ
10244	τοὺς
10245	μισθοῦ
10246	τὰ
10247	τοιαῦτα
10248	γράφοντας
10249	ἑτοίμως
10250	πρόξενοι
10251	γεγόνασι
10252	,
10253	διὰ
10254	τοῦθ’
10255	ἑτέρους
10256	ἀξίους
10257	καὶ
10258	ἐλευθέρους
10259	καὶ
10260	πολλῶν
10261	ἀγαθῶν
10262	αἰτίους
10263	,
10264	ἃς
10265	ἔλαβον
10266	δικαίως
10267	παρ’
10268	ὑμῶν
10269	δωρειὰς
10270	ἀφελέσθαι
10271	ζητούντων
10272	.
10273	πῶς
10274	γὰρ
10275	οὐχὶ
10276	καὶ
10277	κατὰ
10278	τοῦτο
10279	δεινότατ’
10280	ἂν
10281	πεπονθὼς
10282	ὁ
10283	Χαβρίας
10284	φανείη
10285	,
10286	εἰ
10287	μὴ
10288	μόνον
10289	ἐξαρκέσει
10290	τοῖς
10291	τὰ
10292	τοιαῦτα
10293	πολιτευομένοις
10294	τὸν
10295	ἐκείνου
10296	δοῦλον
10297	Λυκίδαν
10298	πρόξενον
10299	ὑμέτερον
10300	πεποιηκέναι
10301	,
10302	ἀλλ’
10303	εἰ
10304	διὰ
10305	τοῦτον
10306	πάλιν
10307	καὶ
10308	τῶν
10309	ἐκείνῳ
10310	τι
10311	δοθέντων
10312	ἀφέλοιντο
10313	,
10314	καὶ
10315	ταῦτ’
10316	αἰτίαν
10317	λέγοντες
10318	ψευδῆ
10319	;
10320	οὐ
10321	γάρ
10322	ἐστιν
10323	οὔθ’
10324	οὗτος
10325	οὔτ’
10326	ἄλλος
10327	οὐδεὶς
10328	πρόξενος
10329	ὢν
10330	ἀτελής
10331	,
10332	ὅτῳ
10333	μὴ
10334	διαρρήδην
10335	ἀτέλειαν
10336	ἔδωκεν
10337	ὁ
10338	δῆμος
10339	.
10340	τούτοις
10341	δ’
10342	οὐ
10343	δέδωκεν
10344	,
10345	οὐδ’
10346	ἕξουσιν
10347	οὗτοι
10348	δεικνύναι
10349	,
10350	λόγῳ
10351	δ’
10352	ἂν
10353	ἀναισχυντῶσιν
10354	,
10355	οὐχὶ
10356	καλῶς
10357	ποιήσουσιν
10358	.
10359	ὃ
10360	τοίνυν
10361	μάλιστα
10362	πάντων
10363	οἶμαι
10364	δεῖν
10365	ὑμᾶς
10366	,
10367	ὦ
10368	ἄνδρες
10369	Ἀθηναῖοι
10370	,
10371	φυλάξασθαι
10372	,
10373	τοῦτ’
10374	εἰπεῖν
10375	ἔτι
10376	βούλομαι
10377	.
10378	εἰ
10379	γάρ
10380	τις
10381	πάνθ’
10382	ὅσα
10383	Λεπτίνης
10384	ἐρεῖ
10385	περὶ
10386	τοῦ
10387	νόμου
10388	διδάσκων
10389	ὑμᾶς
10390	ὡς
10391	καλῶς
10392	κεῖται
10393	,
10394	συγχωρήσειεν
10395	ἀληθῆ
10396	λέγειν
10397	αὐτόν
10398	,
10399	ἕν
10400	γ’
10401	αἰσχρὸν
10402	οὐδ’
10403	ἂν
10404	εἴ
10405	τι
10406	γένοιτ’
10407	ἀναιρεθείη
10408	,
10409	ὃ
10410	συμβήσεται
10411	διὰ
10412	τοῦ
10413	νόμου
10414	κυρίου
10415	γενομένου
10416	τῇ
10417	πόλει
10418	.
10419	τί
10420	οὖν
10421	τοῦτ’
10422	ἔστιν
10423	;
10424	τὸ
10425	δοκεῖν
10426	ἐξηπατηκέναι
10427	τοὺς
10428	ἀγαθόν
10429	τι
10430	ποιήσαντας
10431	.
10432	ὅτι
10433	μὲν
10434	τοίνυν
10435	τοῦθ’
10436	ἕν
10437	τι
10438	τῶν
10439	αἰσχρῶν
10440	ἐστιν
10441	πάντας
10442	ἂν
10443	ἡγοῦμαι
10444	φῆσαι
10445	,
10446	ὅσῳ
10447	δ’
10448	ὑμῖν
10449	αἴσχιον
10450	τῶν
10451	ἄλλων
10452	,
10453	ἀκούσατέ
10454	μου
10455	.
10456	ἔστιν
10457	ὑμῖν
10458	νόμος
10459	ἀρχαῖος
10460	,
10461	τῶν
10462	καλῶς
10463	δοκούντων
10464	ἔχειν
10465	,
10466	ἄν
10467	τις
10468	ὑποσχόμενός
10469	τι
10470	τὸν
10471	δῆμον
10472	ἐξαπατήσῃ
10473	,
10474	κρίνειν
10475	,
10476	κ
10477	ἂν
10478	ἁλῷ
10479	,
10480	θανάτῳ
10481	ζημιοῦν
10482	.
10483	εἶτ’
10484	οὐκ
10485	αἰσχύνεσθ’
10486	,
10487	ὦ
10488	ἄνδρες
10489	Ἀθηναῖοι
10490	,
10491	εἰ
10492	ἐφ’
10493	ᾧ
10494	τοῖς
10495	ἄλλοις
10496	θάνατον
10497	ζημίαν
10498	ἐτάξατε
10499	,
10500	τοῦτ’
10501	αὐτοὶ
10502	ποιοῦντες
10503	φανήσεσθε
10504	;
10505	καὶ
10506	μὴν
10507	πάντα
10508	μὲν
10509	εὐλαβεῖσθαι
10510	δεῖ
10511	ποιεῖν
10512	τὰ
10513	δοκοῦντα
10514	καὶ
10515	ὄντ’
10516	αἰσχρά
10517	,
10518	μάλιστα
10519	δὲ
10520	ταῦτ’
10521	ἐφ’
10522	οἷς
10523	τοῖς
10524	ἄλλοις
10525	χαλεπῶς
10526	τις
10527	ἔχων
10528	ὁρᾶται
10529	·
10530	οὐ
10531	δὲ
10532	γὰρ
10533	ἀμφισβήτησις
10534	καταλείπεται
10535	τὸ
10536	μὴ
10537	ταῦτα
10538	ποιεῖν
10539	ἃ
10540	πονήρ’
10541	αὐτὸς
10542	ἔκρινεν
10543	εἶναι
10544	πρότερον
10545	.
10546	ἔτι
10547	τοίνυν
10548	ὑμᾶς
10549	κ
10550	ἀκεῖν’
10551	εὐλαβεῖσθαι
10552	δεῖ
10553	,
10554	ὅπως
10555	μηδὲν
10556	ὧν
10557	ἰδίᾳ
10558	φυλάξαισθ’
10559	ἄν
10560	,
10561	τοῦτο
10562	δημοσίᾳ
10563	ποιοῦντες
10564	φανήσεσθε
10565	.
10566	ὑμῶν
10567	τοίνυν
10568	οὐδ’
10569	ἂν
10570	εἷς
10571	οὐδὲν
10572	ὧν
10573	ἰδίᾳ
10574	τινὶ
10575	δοίη
10576	,
10577	τοῦτ’
10578	ἀφέλοιτο
10579	πάλιν
10580	,
10581	ἀλλ’
10582	οὐδ’
10583	ἐπιχειρήσειεν
10584	ἄν
10585	.
10586	μὴ
10587	τοίνυν
10588	μη
10589	δὲ
10590	δημοσίᾳ
10591	τοῦτο
10592	ποιήσητε
10593	,
10594	ἀλλὰ
10595	κελεύετε
10596	τούτους
10597	τοὺς
10598	ἐροῦντας
10599	ὑπὲρ
10600	τοῦ
10601	νόμου
10602	,
10603	εἴ
10604	τινα
10605	τῶν
10606	εὑρημένων
10607	τὴν
10608	δωρειὰν
10609	ἀνάξιον
10610	εἶναί
10611	φασιν
10612	ἢ
10613	μὴ
10614	πεποιηκότ’
10615	ἐφ’
10616	οἷς
10617	εὕρετ’
10618	ἔχειν
10619	,
10620	ἢ
10621	ἄλλ’
10622	ὁτιοῦν
10623	ἐγκαλοῦσίν
10624	τινι
10625	,
10626	γράφεσθαι
10627	κατὰ
10628	τὸν
10629	νόμον
10630	ὃν
10631	παρεισφέρομεν
10632	νῦν
10633	ἡμεῖς
10634	,
10635	ἢ
10636	θέντων
10637	ἡμῶν
10638	,
10639	ὥσπερ
10640	ἐγγυώμεθα
10641	καὶ
10642	φαμὲν
10643	θήσειν
10644	,
10645	ἢ
10646	θέντας
10647	αὐτούς
10648	,
10649	ὅταν
10650	πρῶτον
10651	γένωνται
10652	νομοθέται
10653	.
10654	ἔστι
10655	δ’
10656	ἑκάστῳ
10657	τις
10658	αὐτῶν
10659	,
10660	ὡς
10661	ἔοικεν
10662	,
10663	ἐχθρός
10664	,
10665	τῷ
10666	μὲν
10667	Διόφαντος
10668	,
10669	τῷ
10670	δ’
10671	Εὔβουλος
10672	,
10673	τῷ
10674	δ’
10675	ἴσως
10676	ἄλλος
10677	τις
10678	.
10679	εἰ
10680	δὲ
10681	τοῦτο
10682	φεύξονται
10683	καὶ
10684	μὴ
10685	’θελήσουσι
10686	ποιεῖν
10687	,
10688	σκοπεῖτ’
10689	,
10690	ὦ
10691	ἄνδρες
10692	Ἀθηναῖοι
10693	,
10694	εἰ
10695	καλῶς
10696	ὑμῖν
10697	ἔχει
10698	,
10699	ἃ
10700	τούτων
10701	ἕκαστος
10702	ὀκνεῖ
10703	τοὺς
10704	ἐχθροὺς
10705	ἀφαιρούμενος
10706	ὀφθῆναι
10707	,
10708	ταῦθ’
10709	ὑμᾶς
10710	τοὺς
10711	εὐεργέτας
10712	ἀφῃρημένους
10713	φαίνεσθαι
10714	,
10715	καὶ
10716	τοὺς
10717	εὖ
10718	τι
10719	πεποιηκότας
10720	ὑμᾶς
10721	,
10722	οἷς
10723	οὐδεὶς
10724	ἂν
10725	ἐγκαλέσαι
10726	,
10727	νόμῳ
10728	τὰ
10729	δοθέντ’
10730	ἀπολωλεκέναι
10731	δι’
10732	ὑμῶν
10733	ἁθρόους
10734	,
10735	παρόν
10736	,
10737	εἴ
10738	τις
10739	ἄρ’
10740	ἐστὶν
10741	ἀνάξιος
10742	,
10743	εἷς
10744	ἢ
10745	δύ’
10746	ἢ
10747	πλείους
10748	,
10749	γραφῇ
10750	διὰ
10751	τούτων
10752	τ
10753	αὐτὸ
10754	τοῦτο
10755	παθεῖν
10756	κατ’
10757	ἄνδρα
10758	κριθέντας
10759	.
10760	ἐγὼ
10761	μὲν
10762	γὰρ
10763	οὐχ
10764	ὑπολαμβάνω
10765	ταῦτα
10766	καλῶς
10767	ἔχειν
10768	οὐ
10769	δέ
10770	γ’
10771	ἀξίως
10772	ὑμῶν
10773	.
10774	Καὶ
10775	μὴν
10776	οὐδ’
10777	ἐκείνου
10778	γ’
10779	ἀποστατέον
10780	τοῦ
10781	λόγου
10782	,
10783	ὅτι
10784	τῆς
10785	μὲν
10786	ἀξίας
10787	,
10788	ὅτ’
10789	ἐδώκαμεν
10790	,
10791	ἦν
10792	δίκαιον
10793	τὴν
10794	ἐξέτασιν
10795	λαμβάνειν
10796	,
10797	ὅτε
10798	τούτων
10799	οὐδεὶς
10800	ἀντεῖπεν
10801	,
10802	μετὰ
10803	ταῦτα
10804	δ’
10805	ἐᾶν
10806	,
10807	εἴ
10808	τι
10809	μὴ
10810	πεπόνθαθ’
10811	ὑπ’
10812	αὐτῶν
10813	ὕστερον
10814	κακόν
10815	.
10816	εἰ
10817	δ’
10818	οὗτοι
10819	τοῦτο
10820	φήσουσι
10821	(
10822	δεῖξαι
10823	μὲν
10824	γὰρ
10825	οὐκ
10826	ἔχουσιν
10827	)
10828	,
10829	δεῖ
10830	κεκολασμένους
10831	αὐτοὺς
10832	παρ’
10833	αὐτὰ
10834	τ
10835	ἀδικήματα
10836	φαίνεσθαι
10837	.
10838	εἰ
10839	δὲ
10840	μηδενὸς
10841	ὄντος
10842	τοιούτου
10843	τὸν
10844	νόμον
10845	ποιήσετε
10846	κύριον
10847	,
10848	δόξετε
10849	φθονήσαντες
10850	,
10851	οὐχὶ
10852	πονηροὺς
10853	λαβόντες
10854	ἀφῃρῆσθαι
10855	.
10856	ἔστι
10857	δὲ
10858	πάντα
10859	μὲν
10860	ὡς
10861	ἔπος
10862	εἰπεῖν
10863	ὀνείδη
10864	φευκτέον
10865	,
10866	τοῦτο
10867	δὲ
10868	πάντων
10869	μάλιστ’
10870	,
10871	ὦ
10872	ἄνδρες
10873	Ἀθηναῖοι
10874	.
10875	διὰ
10876	τί
10877	;
10878	ὅτι
10879	παντάπασι
10880	φύσεως
10881	κακίας
10882	σημεῖόν
10883	ἐστιν
10884	ὁ
10885	φθόνος
10886	,
10887	καὶ
10888	οὐκ
10889	ἔχει
10890	πρόφασιν
10891	δι’
10892	ἣν
10893	ἂν
10894	τύχοι
10895	συγγνώμης
10896	ὁ
10897	τοῦτο
10898	πεπονθώς
10899	.
10900	εἶτα
10901	καὶ
10902	οὐδ’
10903	ἔστιν
10904	ὄνειδος
10905	ὅτου
10906	πορρώτερόν
10907	ἐσθ’
10908	ἡμῶν
10909	ἡ
10910	πόλις
10911	ἢ
10912	τοῦ
10913	φθονερὰ
10914	δοκεῖν
10915	εἶναι
10916	,
10917	ἁπάντων
10918	ἀπέχουσα
10919	τῶν
10920	αἰσχρῶν
10921	.
10922	τεκμήρια
10923	δ’
10924	ἡλίκα
10925	τούτου
10926	θεωρήσατε
10927	.
10928	πρῶτον
10929	μὲν
10930	μόνοι
10931	τῶν
10932	πάντων
10933	ἀνθρώπων
10934	ἐπὶ
10935	τοῖς
10936	τελευτήσασι
10937	δημοσίᾳ
10938	ποιεῖτε
10939	λόγους
10940	ἐπιταφίους
10941	,
10942	ἐν
10943	οἷς
10944	κοσμεῖτε
10945	τὰ
10946	τῶν
10947	ἀγαθῶν
10948	ἀνδρῶν
10949	ἔργα
10950	.
10951	καίτοι
10952	τοῦτ’
10953	ἔστι
10954	τ
10955	οὐπιτήδευμα
10956	ζηλούντων
10957	ἀρετήν
10958	,
10959	οὐ
10960	τοῖς
10961	ἐπὶ
10962	ταύτῃ
10963	τιμωμένοις
10964	φθονούντων
10965	.
10966	εἶτα
10967	μεγίστας
10968	δίδοτ’
10969	ἐκ
10970	παντὸς
10971	τοῦ
10972	χρόνου
10973	δωρειὰς
10974	τοῖς
10975	τοὺς
10976	γυμνικοὺς
10977	νικῶσιν
10978	ἀγῶνας
10979	τοὺς
10980	στεφανίτας
10981	,
10982	καὶ
10983	οὐχ
10984	,
10985	ὅτι
10986	τῇ
10987	φύσει
10988	τούτων
10989	ὀλίγοις
10990	μέτεστιν
10991	,
10992	ἐφθονήσατε
10993	τοῖς
10994	ἔχουσιν
10995	,
10996	οὐδ’
10997	ἐλάττους
10998	ἐνείματε
10999	τὰς
11000	τιμὰς
11001	διὰ
11002	ταῦτα
11003	.
11004	πρὸς
11005	δὲ
11006	τούτοις
11007	τοιούτοις
11008	οὖσιν
11009	οὐδεὶς
11010	πώποτε
11011	τὴν
11012	πόλιν
11013	ἡμῶν
11014	εὖ
11015	ποιῶν
11016	δοκεῖ
11017	νικῆσαι
11018	·
11019	τοσαύτας
11020	ὑπερβολὰς
11021	τῶν
11022	δωρειῶν
11023	αἷς
11024	ἀντ’
11025	εὖ
11026	ποιεῖ
11027	,
11028	παρέσχηται
11029	.
11030	ἔστι
11031	τοίνυν
11032	πάντα
11033	ταῦτ’
11034	,
11035	ὦ
11036	ἄνδρες
11037	Ἀθηναῖοι
11038	,
11039	δικαιοσύνης
11040	,
11041	ἀρετῆς
11042	,
11043	μεγαλοψυχίας
11044	ἐπιδείγματα
11045	.
11046	μὴ
11047	τοίνυν
11048	δι’
11049	ἃ
11050	πάλαι
11051	παρὰ
11052	πάντα
11053	τὸν
11054	χρόνον
11055	ἡ
11056	πόλις
11057	εὐδοξεῖ
11058	,
11059	ταῦτ’
11060	ἀνέλητε
11061	νῦν
11062	·
11063	μηδ’
11064	ἵνα
11065	Λεπτίνης
11066	ἰδίᾳ
11067	τισίν
11068	,
11069	οἷς
11070	ἀηδῶς
11071	ἔχει
11072	,
11073	ἐπηρεάσῃ
11074	,
11075	τῆς
11076	πόλεως
11077	ἀφέλησθε
11078	καὶ
11079	ὑμῶν
11080	αὐτῶν
11081	ἣν
11082	διὰ
11083	παντὸς
11084	ἀεὶ
11085	τοῦ
11086	χρόνου
11087	δόξαν
11088	κέκτησθε
11089	καλήν
11090	·
11091	μηδ’
11092	ὑπολαμβάνετ’
11093	εἶναι
11094	τὸν
11095	ἀγῶνα
11096	τόνδ’
11097	ὑπὲρ
11098	ἄλλου
11099	τινὸς
11100	ἢ
11101	τοῦ
11102	τῆς
11103	πόλεως
11104	ἀξιώματος
11105	,
11106	πότερον
11107	αὐτὸ
11108	δεῖ
11109	σῶν
11110	εἶναι
11111	καὶ
11112	ὅμοιον
11113	τῷ
11114	προτέρῳ
11115	,
11116	ἢ
11117	μεθεστάναι
11118	καὶ
11119	λελυμάνθαι
11120	.
11121	πολλὰ
11122	δὲ
11123	θαυμάζων
11124	Λεπτίνου
11125	κατὰ
11126	τὸν
11127	νόμον
11128	,
11129	ἓν
11130	μάλιστα
11131	τεθαύμακα
11132	πάντων
11133	,
11134	εἰ
11135	ἐκεῖν’
11136	ἠγνόηκεν
11137	,
11138	ὅτι
11139	ὥσπερ
11140	ἂν
11141	εἴ
11142	τις
11143	μεγάλας
11144	τὰς
11145	τιμωρίας
11146	τῶν
11147	ἀδικημάτων
11148	τάττοι
11149	,
11150	οὐκ
11151	ἂν
11152	αὐτός
11153	γ’
11154	ἀδικεῖν
11155	παρεσκευάσθαι
11156	δόξαι
11157	,
11158	οὕτως
11159	,
11160	ἄν
11161	τις
11162	ἀναιρῇ
11163	τὰς
11164	τιμὰς
11165	τῶν
11166	εὐεργεσιῶν
11167	,
11168	οὐδὲν
11169	αὐτὸς
11170	ποιεῖν
11171	ἀγαθὸν
11172	παρεσκευάσθαι
11173	δόξει
11174	.
11175	εἰ
11176	μὲν
11177	τοίνυν
11178	ἠγνόησε
11179	ταῦτα
11180	(
11181	γένοιτο
11182	γὰρ
11183	ἂν
11184	καὶ
11185	τοῦτο
11186	)
11187	,
11188	αὐτίκα
11189	δηλώσει
11190	·
11191	συγχωρήσεται
11192	γὰρ
11193	ὑμῖν
11194	λῦσαι
11195	περὶ
11196	ὧν
11197	αὐτὸς
11198	ἥμαρτεν
11199	.
11200	εἰ
11201	δὲ
11202	φανήσεται
11203	σπουδάζων
11204	καὶ
11205	διατεινόμενος
11206	κύριον
11207	ποιεῖν
11208	τὸν
11209	νόμον
11210	,
11211	ἐγὼ
11212	μὲν
11213	οὐκ
11214	ἔχω
11215	πῶς
11216	ἐπαινέσω
11217	,
11218	ψέγειν
11219	δ’
11220	οὐ
11221	βούλομαι
11222	.
11223	μηδὲν
11224	οὖν
11225	φιλονίκει
11226	,
11227	Λεπτίνη
11228	,
11229	μη
11230	δὲ
11231	βιάζου
11232	τοιοῦτον
11233	δι’
11234	οὗ
11235	μήτ’
11236	αὐτὸς
11237	δόξεις
11238	βελτίων
11239	εἶναι
11240	μήθ’
11241	οἱ
11242	πεισθέντες
11243	σοι
11244	,
11245	ἄλλως
11246	τε
11247	καὶ
11248	γεγενημένου
11249	σοι
11250	τοῦ
11251	ἀγῶνος
11252	ἀκινδύνου
11253	.
11254	διὰ
11255	γὰρ
11256	τὸ
11257	τελευτῆσαι
11258	Βάθιππον
11259	τὸν
11260	τουτουὶ
11261	πατέρ’
11262	Ἀψεφίωνος
11263	,
11264	ὃς
11265	αὐτὸν
11266	ἔτ’
11267	ὄνθ’
11268	ὑπεύθυνον
11269	ἐγράψατο
11270	,
11271	ἐξῆλθον
11272	οἱ
11273	χρόνοι
11274	,
11275	καὶ
11276	νυνὶ
11277	περὶ
11278	αὐτοῦ
11279	τοῦ
11280	νόμου
11281	πᾶς
11282	ἐσθ’
11283	ὁ
11284	λόγος
11285	,
11286	τούτῳ
11287	δ’
11288	οὐδείς
11289	ἐστι
11290	κίνδυνος
11291	.
11292	καίτοι
11293	καὶ
11294	τοῦτ’
11295	ἀκούω
11296	σε
11297	λέγειν
11298	,
11299	ὡς
11300	ἄρα
11301	τρεῖς
11302	σέ
11303	τινες
11304	γραψάμενοι
11305	πρότεροι
11306	τοῦδε
11307	οὐκ
11308	ἐπεξῆλθον
11309	.
11310	εἰ
11311	μὲν
11312	τοίνυν
11313	ἐγκαλῶν
11314	αὐτοῖς
11315	λέγεις
11316	ὅτι
11317	σ’
11318	οὐ
11319	κατέστησαν
11320	εἰς
11321	κίνδυνον
11322	,
11323	φιλοκινδυνότατος
11324	πάντων
11325	ἀνθρώπων
11326	εἶ
11327	·
11328	εἰ
11329	δὲ
11330	τεκμήριον
11331	ποιεῖ
11332	τοῦ
11333	τὰ
11334	δίκαι’
11335	εἰρηκέναι
11336	,
11337	λίαν
11338	εὔηθες
11339	ποιεῖς
11340	.
11341	τί
11342	γὰρ
11343	εἵνεκα
11344	τούτου
11345	βελτίων
11346	ἔσθ’
11347	ὁ
11348	νόμος
11349	,
11350	εἴ
11351	τις
11352	ἢ
11353	τετελεύτηκε
11354	τῶν
11355	γραψαμένων
11356	πρὶν
11357	εἰσελθεῖν
11358	,
11359	ἢ
11360	πεισθεὶς
11361	ὑπὸ
11362	σοῦ
11363	διεγράψατο
11364	,
11365	ἢ
11366	καὶ
11367	ὅλως
11368	ὑπὸ
11369	σοῦ
11370	παρεσκευάσθη
11371	;
11372	ἀλλὰ
11373	ταῦτα
11374	μὲν
11375	οὐ
11376	δὲ
11377	λέγειν
11378	καλόν
11379	.
11380	ᾕρηνται
11381	δὲ
11382	τῷ
11383	νόμῳ
11384	σύνδικοι
11385	καὶ
11386	μάλισθ’
11387	οἱ
11388	δεινοὶ
11389	λέγειν
11390	ἄνδρες
11391	,
11392	Λεωδάμας
11393	Ἀχαρνεὺς
11394	καὶ
11395	Ἀριστοφῶν
11396	Ἁζηνιεὺς
11397	καὶ
11398	Κηφισόδοτος
11399	ἐκ
11400	Κεραμέων
11401	καὶ
11402	Δεινίας
11403	Ἑρχιεύς
11404	.
11405	ἃ
11406	δὴ
11407	πρὸς
11408	τούτους
11409	ὑπολαμβάνοιτ’
11410	ἂν
11411	εἰκότως
11412	,
11413	ἀκούσατε
11414	,
11415	καὶ
11416	σκοπεῖτ’
11417	ἂν
11418	ὑμῖν
11419	δίκαια
11420	φαίνηται
11421	.
11422	πρῶτον
11423	μὲν
11424	πρὸς
11425	Λεωδάμαντα
11426	.
11427	οὗτος
11428	ἐγράψατο
11429	τὴν
11430	Χαβρίου
11431	δωρειάν
11432	,
11433	ἐν
11434	ᾗ
11435	τοῦτ’
11436	ἔνεστιν
11437	τὸ
11438	τῆς
11439	ἀτελείας
11440	τῶν
11441	ἐκείνῳ
11442	τι
11443	δοθέντων
11444	,
11445	καὶ
11446	πρὸς
11447	ὑμᾶς
11448	εἰσελθὼν
11449	ἡττήθη
11450	·
11451	οἱ
11452	νόμοι
11453	δ’
11454	οὐκ
11455	ἐῶσι
11456	δὶς
11457	πρὸς
11458	τὸν
11459	αὐτὸν
11460	περὶ
11461	τῶν
11462	αὐτῶν
11463	οὔ
11464	τε
11465	δίκας
11466	οὔτ’
11467	εὐθύνας
11468	οὔ
11469	τε
11470	διαδικασίαν
11471	οὔτ’
11472	ἄλλο
11473	τοιοῦτ’
11474	οὐδὲν
11475	εἶναι
11476	.
11477	χωρὶς
11478	δὲ
11479	τούτων
11480	ἀτοπώτατον
11481	ἂν
11482	πάντων
11483	συμβαίη
11484	,
11485	εἰ
11486	τότε
11487	μὲν
11488	τὰ
11489	Χαβρίου
11490	παρ’
11491	ὑμῖν
11492	ἔργα
11493	μεῖζον
11494	ἴσχυε
11495	τῶν
11496	Λεωδάμαντος
11497	λόγων
11498	,
11499	ἐπειδὴ
11500	δὲ
11501	ταῦτά
11502	θ’
11503	ὑπάρχει
11504	καὶ
11505	τὰ
11506	τῶν
11507	ἄλλων
11508	εὐεργετῶν
11509	προσγέγονεν
11510	,
11511	τηνικαῦτα
11512	σύμπαντα
11513	ταῦτ’
11514	ἀσθενέστερα
11515	τῶν
11516	τούτου
11517	λόγων
11518	γένοιτο
11519	.
11520	καὶ
11521	μὴν
11522	πρός
11523	γ’
11524	Ἀριστοφῶντα
11525	πολλὰ
11526	καὶ
11527	δίκαι’
11528	ἂν
11529	ἔχειν
11530	εἰπεῖν
11531	οἶμαι
11532	.
11533	οὗτος
11534	εὕρετο
11535	τὴν
11536	δωρειὰν
11537	παρ’
11538	ὑμῖν
11539	,
11540	ἐν
11541	ᾗ
11542	τοῦτ’
11543	ἐνῆν
11544	.
11545	καὶ
11546	οὐ
11547	τοῦτ’
11548	ἐπιτιμῶ
11549	·
11550	δεῖ
11551	γὰρ
11552	ἐφ’
11553	ὑμῖν
11554	εἶναι
11555	διδόναι
11556	τὰ
11557	ὑμέτερ’
11558	αὐτῶν
11559	οἷς
11560	ἂν
11561	βούλησθε
11562	.
11563	ἀλλ’
11564	ἐκεῖνό
11565	γ’
11566	οὐχὶ
11567	δίκαιον
11568	εἶναί
11569	φημι
11570	,
11571	τὸ
11572	ὅτε
11573	μὲν
11574	τούτῳ
11575	ταῦτ’
11576	ἔμελλεν
11577	ὑπάρχειν
11578	λαβόντι
11579	,
11580	μηδὲν
11581	ἡγεῖσθαι
11582	δεινόν
11583	,
11584	ἐπειδὴ
11585	δ’
11586	ἑτέροις
11587	δέδοται
11588	,
11589	τηνικαῦτ’
11590	ἀγανακτεῖν
11591	καὶ
11592	πείθειν
11593	ὑμᾶς
11594	ἀφελέσθαι
11595	.
11596	καὶ
11597	μὴν
11598	καὶ
11599	Γελάρχῳ
11600	πέντε
11601	τάλαντ’
11602	ἀποδοῦναι
11603	γέγραφ’
11604	οὗτος
11605	ὡς
11606	παρασχόντι
11607	τοῖς
11608	ἐν
11609	Πειραιεῖ
11610	τοῦ
11611	δήμου
11612	,
11613	καὶ
11614	καλῶς
11615	ἐποίει
11616	.
11617	μὴ
11618	τοίνυν
11619	ἃ
11620	μὲν
11621	ἦν
11622	ἀμάρτυρα
11623	,
11624	ταῦτ’
11625	ἐπὶ
11626	τῇ
11627	τοῦ
11628	δήμου
11629	προφάσει
11630	διὰ
11631	σοῦ
11632	δεδόσθω
11633	,
11634	ὧν
11635	δ’
11636	αὐτὸς
11637	ὁ
11638	δῆμος
11639	μαρτυρίας
11640	ἔστησεν
11641	ἐν
11642	τοῖς
11643	ἱεροῖς
11644	ἀναγράψας
11645	καὶ
11646	πάντες
11647	συνίσασιν
11648	,
11649	ταῦτ’
11650	ἀφελέσθαι
11651	παραίνει
11652	·
11653	μηδ’
11654	αὑτὸς
11655	φαίνου
11656	τά
11657	τ’
11658	ὀφειλόμεν’
11659	ὡς
11660	ἀποδοῦναι
11661	δεῖ
11662	γράφων
11663	,
11664	καὶ
11665	ἅ
11666	τις
11667	παρὰ
11668	τοῦ
11669	δήμου
11670	κεκόμισται
11671	,
11672	ταῦτ’
11673	ἀφελέσθαι
11674	παραινῶν
11675	.
11676	καὶ
11677	μὴν
11678	πρός
11679	γε
11680	Κηφισόδοτον
11681	τοσοῦτ’
11682	ἂν
11683	εἴποιμι
11684	.
11685	οὗτός
11686	ἐστιν
11687	οὐδενὸς
11688	ἧττον
11689	,
11690	ὦ
11691	ἄνδρες
11692	Ἀθηναῖοι
11693	,
11694	τῶν
11695	λεγόντων
11696	δεινὸς
11697	εἰπεῖν
11698	.
11699	πολὺ
11700	τοίνυν
11701	κάλλιον
11702	τῇ
11703	δεινότητι
11704	ταύτῃ
11705	χρῆσθαι
11706	ἐπὶ
11707	τὸ
11708	τοὺς
11709	ἀδικοῦντας
11710	ὑμᾶς
11711	κολάζειν
11712	ἢ
11713	τοὺς
11714	ἀγαθοῦ
11715	τινὸς
11716	αἰτίους
11717	ἀδικεῖν
11718	.
11719	εἰ
11720	γὰρ
11721	ἀπεχθάνεσθαί
11722	τισι
11723	δεῖ
11724	,
11725	τοῖς
11726	ἀδικοῦσι
11727	τὸν
11728	δῆμον
11729	,
11730	οὐ
11731	τοῖς
11732	ἀγαθόν
11733	τι
11734	ποιοῦσιν
11735	ἔγωγε
11736	νομίζω
11737	δεῖν
11738	.
11739	πρὸς
11740	τοίνυν
11741	Δεινίαν
11742	·
11743	οὗτος
11744	ἴσως
11745	ἐρεῖ
11746	τριηραρχίας
11747	αὑτοῦ
11748	καὶ
11749	λῃτουργίας
11750	.
11751	ἐγὼ
11752	δ’
11753	,
11754	εἰ
11755	πολλοῦ
11756	τῇ
11757	πόλει
11758	Δεινίας
11759	ἄξιον
11760	αὑτὸν
11761	παρέσχηκεν
11762	,
11763	ὡς
11764	ἔμοιγε
11765	δοκεῖ
11766	νὴ
11767	τοὺς
11768	θεούς
11769	,
11770	μᾶλλον
11771	ἂν
11772	παραινέσαιμ’
11773	αὑτῷ
11774	τινὰ
11775	τιμὴν
11776	ὑμᾶς
11777	ἀξιοῦν
11778	δοῦναι
11779	ἢ
11780	τὰς
11781	ἑτέροις
11782	πρότερον
11783	δοθείσας
11784	ἀφελέσθαι
11785	κελεύειν
11786	·
11787	πολὺ
11788	γὰρ
11789	βελτίονος
11790	ἀνδρός
11791	ἐστιν
11792	ἐφ’
11793	οἷς
11794	αὐτὸς
11795	εὖ
11796	πεποίηκεν
11797	ἀξιοῦν
11798	τιμᾶσθαι
11799	ἢ
11800	ἐφ’
11801	οἷς
11802	ἕτεροι
11803	ποιήσαντες
11804	ἐτιμήθησαν
11805	φθονεῖν
11806	.
11807	ὃ
11808	δὲ
11809	δὴ
11810	μέγιστον
11811	ἁπάντων
11812	καὶ
11813	κοινὸν
11814	ὑπάρχει
11815	κατὰ
11816	πάντων
11817	τῶν
11818	συνδίκων
11819	·
11820	τούτων
11821	πολλάκις
11822	εἷς
11823	ἕκαστος
11824	πρότερόν
11825	τισι
11826	πράγμασι
11827	σύνδικος
11828	γέγονεν
11829	.
11830	ἔστι
11831	δὲ
11832	καὶ
11833	μάλ’
11834	ἔχων
11835	νόμος
11836	ὑμῖν
11837	καλῶς
11838	,
11839	οὐκ
11840	ἐπὶ
11841	τούτοις
11842	τεθείς
11843	,
11844	ἀλλ’
11845	ἵνα
11846	μὴ
11847	τὸ
11848	πρᾶγμ’
11849	ὥσπερ
11850	ἐργασία
11851	τισὶν
11852	ᾖ
11853	καὶ
11854	συκοφαντία
11855	,
11856	μὴ
11857	ἐξεῖναι
11858	ὑπὸ
11859	τοῦ
11860	δήμου
11861	χειροτονηθέντα
11862	πλεῖν
11863	ἢ
11864	ἅπαξ
11865	συνδικῆσαι
11866	.
11867	τοὺς
11868	δὴ
11869	συνεροῦντας
11870	νόμῳ
11871	καὶ
11872	διδάξοντας
11873	ὑμᾶς
11874	ὡς
11875	ἐπιτήδειός
11876	ἐστιν
11877	,
11878	αὐτοὺς
11879	τοῖς
11880	ὑπάρχουσι
11881	νόμοις
11882	δεῖ
11883	πειθομένους
11884	φαίνεσθαι
11885	·
11886	εἰ
11887	δὲ
11888	μή
11889	,
11890	γελοῖον
11891	νόμῳ
11892	μὲν
11893	συνδικεῖν
11894	,
11895	νόμον
11896	δ’
11897	αὐτοὺς
11898	παραβαίνειν
11899	ἕτερον
11900	.
11901	ἀνάγνωθι
11902	λαβὼν
11903	τὸν
11904	νόμον
11905	αὐτοῖς
11906	ὃν
11907	λέγω
11908	.
11909	ΝΟΜΟΣ
11910	.
11911	οὗτος
11912	,
11913	ὦ
11914	ἄνδρες
11915	Ἀθηναῖοι
11916	,
11917	καὶ
11918	παλαιός
11919	ἐσθ’
11920	ὁ
11921	νόμος
11922	καὶ
11923	καλῶς
11924	ἔχων
11925	,
11926	ὃν
11927	ἐὰν
11928	σωφρονῶσι
11929	φυλάξονται
11930	παραβαίνειν
11931	οὗτοι
11932	.
11933	ἐγὼ
11934	δ’
11935	ἔτι
11936	μικρὰ
11937	πρὸς
11938	ὑμᾶς
11939	εἰπὼν
11940	καταβήσομαι
11941	.
11942	ἔστι
11943	γάρ
11944	,
11945	ὦ
11946	ἄνδρες
11947	Ἀθηναῖοι
11948	,
11949	πάντας
11950	μὲν
11951	τοὺς
11952	νόμους
11953	ὑμῖν
11954	,
11955	ὡς
11956	ἐγὼ
11957	νομίζω
11958	,
11959	σπουδαστέον
11960	ὡς
11961	κάλλιστ’
11962	ἔχειν
11963	,
11964	μάλιστα
11965	δὲ
11966	τούτους
11967	δι’
11968	ὧν
11969	ἢ
11970	μικρὰν
11971	ἢ
11972	μεγάλην
11973	ἔστ’
11974	εἶναι
11975	τὴν
11976	πόλιν
11977	.
11978	εἰσὶ
11979	δ’
11980	οὗτοι
11981	τίνες
11982	;
11983	οἵ
11984	τε
11985	τοῖς
11986	ἀγαθόν
11987	τι
11988	ποιοῦσι
11989	τὰς
11990	τιμὰς
11991	διδόντες
11992	καὶ
11993	οἱ
11994	τοῖς
11995	τ
11996	ἀναντία
11997	πράττουσι
11998	τὰς
11999	τιμωρίας
12000	.
12001	εἰ
12002	γὰρ
12003	ἅπαντες
12004	ὡς
12005	ἀληθῶς
12006	τὰς
12007	ἐν
12008	τοῖς
12009	νόμοις
12010	ζημίας
12011	φοβούμενοι
12012	τοῦ
12013	κακόν
12014	τι
12015	ποιεῖν
12016	ἀποσταῖεν
12017	,
12018	καὶ
12019	πάντες
12020	τὰς
12021	ἐπὶ
12022	ταῖς
12023	εὐεργεσίαις
12024	δωρειὰς
12025	ζηλώσαντες
12026	ἃ
12027	χρὴ
12028	πράττειν
12029	προέλοιντο
12030	,
12031	τί
12032	κωλύει
12033	μεγίστην
12034	εἶναι
12035	τὴν
12036	πόλιν
12037	καὶ
12038	πάντας
12039	χρηστοὺς
12040	καὶ
12041	μηδέν’
12042	εἶναι
12043	πονηρόν
12044	;
12045	ὁ
12046	τοίνυν
12047	νόμος
12048	οὗτος
12049	ὁ
12050	Λεπτίνου
12051	,
12052	οὐ
12053	μόνον
12054	,
12055	ὦ
12056	ἄνδρες
12057	Ἀθηναῖοι
12058	,
12059	τοῦτ’
12060	ἀδικεῖ
12061	,
12062	ὅτι
12063	τὰς
12064	τιμὰς
12065	ἀναιρῶν
12066	τῶν
12067	εὐεργεσιῶν
12068	ἀχρεῖον
12069	τὴν
12070	ἐπιείκειαν
12071	τοῖς
12072	φιλοτιμεῖσθαι
12073	βουλομένοις
12074	καθίστησιν
12075	,
12076	ἀλλ’
12077	ὅτι
12078	καὶ
12079	παρανομίας
12080	δόξαν
12081	αἰσχίστην
12082	τῇ
12083	πόλει
12084	καταλείπει
12085	.
12086	ἴστε
12087	γὰρ
12088	δήπου
12089	τοῦθ’
12090	ὅτι
12091	τῶν
12092	τὰ
12093	δεινόταθ’
12094	ἡμᾶς
12095	ἀδικούντων
12096	ἓν
12097	ἑκάστῳ
12098	τίμημ’
12099	ὑπάρχει
12100	διὰ
12101	τὸν
12102	νόμον
12103	,
12104	ὃς
12105	διαρρήδην
12106	λέγει
12107	μη
12108	δὲ
12109	τίμημ’
12110	ὑπάρχειν
12111	ἐπὶ
12112	κρίσει
12113	πλέον
12114	ἢ
12115	ἕν
12116	,
12117	ὁπότερον
12118	ἂν
12119	τὸ
12120	δικαστήριον
12121	τιμήσῃ
12122	,
12123	παθεῖν
12124	ἢ
12125	ἀποτεῖσαι
12126	·
12127	ἀμφότερα
12128	δὲ
12129	μὴ
12130	ἐξέστω
12131	.
12132	ἀλλ’
12133	οὐχ
12134	οὗτος
12135	ἐχρήσατο
12136	τούτῳ
12137	τῷ
12138	μέτρῳ
12139	,
12140	ἀλλ’
12141	ἐάν
12142	τις
12143	ἀπαιτήσῃ
12144	χάριν
12145	ὑμᾶς
12146	,
12147	ἄτιμος
12148	ἔστω
12149	φησὶ
12150	καὶ
12151	ἡ
12152	οὐσία
12153	δημοσία
12154	ἔστω
12155	.
12156	δύο
12157	τιμήματα
12158	ταῦτα
12159	.
12160	εἶναι
12161	δὲ
12162	καὶ
12163	ἐνδείξεις
12164	καὶ
12165	ἀπαγωγάς
12166	·
12167	ἐὰν
12168	δ’
12169	ἁλῷ
12170	,
12171	ἔνοχος
12172	ἔστω
12173	τῷ
12174	νόμῳ
12175	ὃς
12176	κεῖται
12177	,
12178	ἐάν
12179	τις
12180	ὀφείλων
12181	ἄρχῃ
12182	τῷ
12183	δημοσίῳ
12184	.
12185	θάνατον
12186	λέγει
12187	·
12188	τοῦτο
12189	γάρ
12190	ἐστ’
12191	ἐπ’
12192	ἐκείνῳ
12193	τ
12194	οὐπιτίμιον
12195	.
12196	οὐκοῦν
12197	τρία
12198	τιμήματα
12199	ταῦτα
12200	.
12201	πῶς
12202	οὖν
12203	οὐ
12204	σχέτλιον
12205	καὶ
12206	δεινόν
12207	,
12208	ὦ
12209	ἄνδρες
12210	Ἀθηναῖοι
12211	,
12212	εἰ
12213	χαλεπώτερον
12214	εἶναι
12215	παρ’
12216	ὑμῖν
12217	δόξει
12218	χάριν
12219	εὖ
12220	ποιήσαντ’
12221	ἀπαιτεῖν
12222	ἢ
12223	τὰ
12224	δεινότατ’
12225	ἐργαζόμενον
12226	ληφθῆναι
12227	;
12228	αἰσχρός
12229	,
12230	ὦ
12231	ἄνδρες
12232	Ἀθηναῖοι
12233	,
12234	καὶ
12235	κακῶς
12236	ἔχων
12237	ὁ
12238	νόμος
12239	,
12240	καὶ
12241	ὅμοιος
12242	φθόνῳ
12243	τινὶ
12244	καὶ
12245	φιλονικίᾳ
12246	καὶ—τὸ
12247	λοιπὸν
12248	ἐῶ
12249	·
12250	τοιούτοις
12251	δέ
12252	τισιν
12253	προσέοιχ’
12254	ὁ
12255	γράφων
12256	χρῆσθαι
12257	.
12258	ὑμῖν
12259	δ’
12260	οὐχὶ
12261	πρέπει
12262	τὰ
12263	τοιαῦτα
12264	μιμεῖσθαι
12265	,
12266	οὐδ’
12267	ἀνάξια
12268	φαίνεσθαι
12269	φρονοῦντας
12270	ὑμῶν
12271	αὐτῶν
12272	.
12273	φέρε
12274	γὰρ
12275	πρὸς
12276	Διός
12277	,
12278	τί
12279	μάλιστ’
12280	ἂν
12281	ἀπευξαίμεθα
12282	πάντες
12283	,
12284	καὶ
12285	τί
12286	μάλιστ’
12287	ἐν
12288	ἅπασι
12289	διεσπούδασται
12290	τοῖς
12291	νόμοις
12292	;
12293	ὅπως
12294	μὴ
12295	γενήσονται
12296	οἱ
12297	περὶ
12298	ἀλλήλους
12299	φόνοι
12300	,
12301	περὶ
12302	ὧν
12303	ἐξαίρετος
12304	ἡ
12305	βουλὴ
12306	φύλαξ
12307	ἡ
12308	ἐν
12309	Ἀρείῳ
12310	πάγῳ
12311	τέτακται
12312	.
12313	ἐν
12314	τοίνυν
12315	τοῖς
12316	περὶ
12317	τούτων
12318	νόμοις
12319	ὁ
12320	Δράκων
12321	φοβερὸν
12322	κατασκευάζων
12323	καὶ
12324	δεινὸν
12325	τό
12326	τιν’
12327	αὐτόχειρ’
12328	ἄλλον
12329	ἄλλου
12330	γίγνεσθαι
12331	,
12332	καὶ
12333	γράφων
12334	χέρνιβος
12335	εἴργεσθαι
12336	τὸν
12337	ἀνδροφόνον
12338	,
12339	σπονδῶν
12340	,
12341	κρατήρων
12342	,
12343	ἱερῶν
12344	,
12345	ἀγορᾶς
12346	,
12347	πάντα
12348	τ
12349	ἄλλα
12350	διελθὼν
12351	οἷς
12352	μάλιστ’
12353	ἄν
12354	τινας
12355	ᾤετ’
12356	ἐπισχεῖν
12357	τοῦ
12358	τοιοῦτόν
12359	τι
12360	ποιεῖν
12361	,
12362	ὅμως
12363	οὐκ
12364	ἀφείλετο
12365	τὴν
12366	τοῦ
12367	δικαίου
12368	τάξιν
12369	,
12370	ἀλλ’
12371	ἔθηκεν
12372	ἐφ’
12373	οἷς
12374	ἐξεῖναι
12375	ἀποκτιννύναι
12376	,
12377	κ
12378	ἂν
12379	οὕτω
12380	τις
12381	δράσῃ
12382	,
12383	καθαρὸν
12384	διώρισεν
12385	εἶναι
12386	.
12387	εἶτ’
12388	ἀποκτεῖναι
12389	μὲν
12390	δικαίως
12391	ἔν
12392	γε
12393	τοῖς
12394	παρ’
12395	ὑμῖν
12396	νόμοις
12397	ἐξέσται
12398	,
12399	χάριν
12400	δ’
12401	ἀπαιτεῖν
12402	οὔ
12403	τε
12404	δικαίως
12405	οὔθ’
12406	ὁπωσοῦν
12407	διὰ
12408	τὸν
12409	τούτου
12410	νόμον
12411	;
12412	μηδαμῶς
12413	,
12414	ὦ
12415	ἄνδρες
12416	Ἀθηναῖοι
12417	·
12418	μὴ
12419	βούλεσθε
12420	δοκεῖν
12421	πλείω
12422	πεποιῆσθαι
12423	σπουδὴν
12424	ὅπως
12425	μηδενὶ
12426	τῶν
12427	εὖ
12428	τι
12429	ποιούντων
12430	ὑμᾶς
12431	χάριν
12432	ἐξέσται
12433	κομίσασθαι
12434	ἢ
12435	ὅπως
12436	μηδεὶς
12437	φόνος
12438	ἐν
12439	τῇ
12440	πόλει
12441	γενήσεται
12442	·
12443	ἀλλ’
12444	ἀναμνησθέντες
12445	τῶν
12446	καιρῶν
12447	,
12448	παρ’
12449	οὓς
12450	εὖ
12451	πεπονθότες
12452	εὖ
12453	πεποιήκατε
12454	τοὺς
12455	εὑρομένους
12456	,
12457	καὶ
12458	τῆς
12459	Δημοφάντου
12460	στήλης
12461	περὶ
12462	ἧς
12463	εἶπε
12464	Φορμίων
12465	,
12466	ἐν
12467	ᾗ
12468	γέγραπται
12469	καὶ
12470	ὀμώμοται
12471	,
12472	ἄν
12473	τις
12474	ἀμύνων
12475	τι
12476	πάθῃ
12477	τῇ
12478	δημοκρατίᾳ
12479	,
12480	τὰς
12481	αὐτὰς
12482	δώσειν
12483	δωρειὰς
12484	ἅσπερ
12485	Ἁρμοδίῳ
12486	καὶ
12487	Ἀριστογείτονι
12488	,
12489	καταψηφίσασθε
12490	τοῦ
12491	νόμου
12492	.
12493	οὐ
12494	γὰρ
12495	ἔνεστ’
12496	εὐορκεῖν
12497	,
12498	εἰ
12499	μὴ
12500	τοῦτο
12501	ποιήσετε
12502	.
12503	παρὰ
12504	πάντα
12505	δὲ
12506	ταῦτ’
12507	ἐκεῖν’
12508	ἔτ’
12509	ἀκούσατέ
12510	μου
12511	.
12512	οὐκ
12513	ἔνι
12514	τοῦτον
12515	ἔχειν
12516	καλῶς
12517	τὸν
12518	νόμον
12519	,
12520	ὃς
12521	περὶ
12522	τῶν
12523	παρεληλυθότων
12524	καὶ
12525	τῶν
12526	μελλόντων
12527	τ
12528	αὐτὰ
12529	λέγει
12530	.
12531	μηδέν’
12532	εἶναί
12533	φησιν
12534	ἀτελῆ
12535	πλὴν
12536	τῶν
12537	ἀφ’
12538	Ἁρμοδίου
12539	καὶ
12540	Ἀριστογείτονος
12541	.
12542	καλῶς
12543	.
12544	μη
12545	δὲ
12546	τὸ
12547	λοιπὸν
12548	ἐξεῖναι
12549	δοῦναι
12550	.
12551	μηδ’
12552	ἂν
12553	τοιοῦτοί
12554	τινες
12555	γένωνται
12556	,
12557	Λεπτίνη
12558	;
12559	εἰ
12560	τὰ
12561	πρὸ
12562	τοῦ
12563	κατεμέμφου
12564	,
12565	τί;μὴ
12566	καὶ
12567	τὰ
12568	μέλλοντ’
12569	ᾔδεις
12570	;
12571	ὅτι
12572	νὴ
12573	Δία
12574	πόρρω
12575	τοῦ
12576	τι
12577	τοιοῦτον
12578	νῦν
12579	ἐλπίζειν
12580	ἐσμέν
12581	.
12582	καὶ
12583	εἴημέν
12584	γ’
12585	,
12586	ὦ
12587	ἄνδρες
12588	Ἀθηναῖοι
12589	·
12590	ἀλλὰ
12591	χρή
12592	γ’
12593	ἀνθρώπους
12594	ὄντας
12595	τοιαῦτα
12596	καὶ
12597	λέγειν
12598	καὶ
12599	νομοθετεῖν
12600	οἷς
12601	μηδεὶς
12602	ἂν
12603	νεμεσήσαι
12604	,
12605	καὶ
12606	τ
12607	ἀγαθὰ
12608	μὲν
12609	προσδοκᾶν
12610	καὶ
12611	τοῖς
12612	θεοῖς
12613	εὔχεσθαι
12614	διδόναι
12615	,
12616	πάντα
12617	δ’
12618	ἀνθρώπιν’
12619	ἡγεῖσθαι
12620	.
12621	οὐ
12622	δὲ
12623	γὰρ
12624	ἂν
12625	Λακεδαιμόνιοί
12626	ποτ’
12627	ἤλπισαν
12628	εἰς
12629	τοιαῦτα
12630	πράγματ’
12631	ἀφίξεσθαι
12632	,
12633	οὐ
12634	δέ
12635	γ’
12636	ἴσως
12637	Συρακόσιοι
12638	,
12639	τὸ
12640	πάλαι
12641	δημοκρατούμενοι
12642	καὶ
12643	φόρους
12644	Καρχηδονίους
12645	πραττόμενοι
12646	καὶ
12647	πάντων
12648	τῶν
12649	περὶ
12650	αὑτοὺς
12651	ἄρχοντες
12652	καὶ
12653	ναυμαχίᾳ
12654	νενικηκότες
12655	ἡμᾶς
12656	,
12657	ὑφ’
12658	ἑνὸς
12659	γραμματέως
12660	,
12661	ὃς
12662	ὑπηρέτης
12663	ἦν
12664	,
12665	ὥς
12666	φασι
12667	,
12668	τυραννήσεσθαι
12669	.
12670	οὐ
12671	δέ
12672	γ’
12673	ὁ
12674	νῦν
12675	ὢν
12676	Διονύσιος
12677	ἤλπισεν
12678	ἄν
12679	ποτ’
12680	ἴσως
12681	πλοίῳ
12682	στρογγύλῳ
12683	καὶ
12684	στρατιώταις
12685	ὀλίγοις
12686	Δίων’
12687	ἐλθόντ’
12688	ἐφ’
12689	αὑτὸν
12690	ἐκβαλεῖν
12691	τὸν
12692	τριήρεις
12693	πολλὰς
12694	καὶ
12695	ξένους
12696	καὶ
12697	πόλεις
12698	κεκτημένον
12699	.
12700	ἀλλ’
12701	,
12702	οἶμαι
12703	,
12704	τὸ
12705	μέλλον
12706	ἄδηλον
12707	πᾶσιν
12708	ἀνθρώποις
12709	,
12710	καὶ
12711	μικροὶ
12712	καιροὶ
12713	μεγάλων
12714	πραγμάτων
12715	αἴτιοι
12716	γίγνονται
12717	.
12718	διὸ
12719	δεῖ
12720	μετριάζειν
12721	ἐν
12722	ταῖς
12723	εὐπραξίαις
12724	καὶ
12725	προορωμένους
12726	τὸ
12727	μέλλον
12728	φαίνεσθαι
12729	.
12730	πολλὰ
12731	δ’
12732	ἄν
12733	τις
12734	ἔχοι
12735	λέγειν
12736	ἔτι
12737	καὶ
12738	διεξιέναι
12739	περὶ
12740	τοῦ
12741	μηδαμῇ
12742	μη
12743	δὲ
12744	καθ’
12745	ἓν
12746	τοῦτον
12747	ἔχειν
12748	καλῶς
12749	τὸν
12750	νόμον
12751	μη
12752	δὲ
12753	συμφέρειν
12754	ὑμῖν
12755	·
12756	ἀλλ’
12757	ἵν’
12758	ἐν
12759	κεφαλαίῳ
12760	τοῦτο
12761	μάθητε
12762	κ
12763	ἀγὼ
12764	παύσωμαι
12765	λέγων
12766	,
12767	τάδε
12768	ποιήσατε
12769	·
12770	σκέψασθε
12771	παρ’
12772	ἄλληλα
12773	καὶ
12774	λογίσασθε
12775	πρὸς
12776	ὑμᾶς
12777	αὐτοὺς
12778	τί
12779	συμβήσεται
12780	καταψηφισαμένοις
12781	ὑμῖν
12782	τοῦ
12783	νόμου
12784	καὶ
12785	τί
12786	μή
12787	·
12788	εἶτα
12789	φυλάττετε
12790	καὶ
12791	μέμνησθ’
12792	ἃν
12793	ὑμῖν
12794	ἐξ
12795	ἑκατέρου
12796	φανῇ
12797	,
12798	ἵν’
12799	ἕλησθε
12800	τὰ
12801	κρείττω
12802	.
12803	ἂν
12804	μὲν
12805	τοίνυν
12806	καταψηφίσησθε
12807	,
12808	ὥσπερ
12809	ἡμεῖς
12810	κελεύομεν
12811	,
12812	οἱ
12813	μὲν
12814	ἄξιοι
12815	παρ’
12816	ὑμῶν
12817	τὰ
12818	δίκαι’
12819	ἕξουσιν
12820	,
12821	εἰ
12822	δέ
12823	τις
12824	ἔστ’
12825	ἀνάξιος
12826	,
12827	ὡς
12828	ἔστω
12829	,
12830	πρὸς
12831	τῷ
12832	τὴν
12833	δωρειὰν
12834	ἀφαιρεθῆναι
12835	δίκην
12836	ἣν
12837	ἂν
12838	ὑμῖν
12839	δοκῇ
12840	δώσει
12841	κατὰ
12842	τὸν
12843	παρεισενηνεγμένον
12844	νόμον
12845	·
12846	ἡ
12847	δὲ
12848	πόλις
12849	πιστή
12850	,
12851	δικαία
12852	,
12853	πρὸς
12854	ἅπαντας
12855	ἀψευδὴς
12856	φανήσεται
12857	.
12858	ἐὰν
12859	δ’
12860	ἀποψηφίσησθε
12861	,
12862	ὃ
12863	μὴ
12864	ποιήσαιτε
12865	,
12866	οἱ
12867	μὲν
12868	χρηστοὶ
12869	διὰ
12870	τοὺς
12871	φαύλους
12872	ἀδικήσονται
12873	,
12874	οἱ
12875	δ’
12876	ἀνάξιοι
12877	συμφορᾶς
12878	ἑτέροις
12879	αἴτιοι
12880	γενήσονται
12881	,
12882	δίκην
12883	δ’
12884	οὐδ’
12885	ἡντινοῦν
12886	αὐτοὶ
12887	δώσουσιν
12888	,
12889	ἡ
12890	δὲ
12891	πόλις
12892	τ
12893	ἀναντί’
12894	ὧν
12895	εἶπον
12896	ἀρτίως
12897	,
12898	δόξει
12899	ἄπιστος
12900	,
12901	φθονερά
12902	,
12903	φαύλη
12904	παρὰ
12905	πᾶσιν
12906	εἶναι
12907	.
12908	οὔκουν
12909	ἄξιον
12910	,
12911	ὦ
12912	ἄνδρες
12913	Ἀθηναῖοι
12914	,
12915	τοσαύτην
12916	βλασφημίαν
12917	ἀντὶ
12918	καλῶν
12919	καὶ
12920	προσηκόντων
12921	ὑμῖν
12922	ἀγαθῶν
12923	ἑλέσθαι
12924	.
12925	καὶ
12926	γὰρ
12927	ἕκαστος
12928	ὑμῶν
12929	ἰδίᾳ
12930	μεθέξει
12931	τῆς
12932	δόξης
12933	τῶν
12934	κοινῇ
12935	γνωσθέντων
12936	.
12937	οὐ
12938	γὰρ
12939	ἀγνοεῖ
12940	τοῦτ’
12941	οὐδεὶς
12942	οὔ
12943	τε
12944	τῶν
12945	περιεστηκότων
12946	οὔ
12947	τε
12948	τῶν
12949	ἄλλων
12950	,
12951	ὅτι
12952	ἐν
12953	μὲν
12954	τῷ
12955	δικαστηρίῳ
12956	Λεπτίνης
12957	πρὸς
12958	ἡμᾶς
12959	ἀγωνίζεται
12960	,
12961	ἐν
12962	δὲ
12963	τῇ
12964	τῶν
12965	καθημένων
12966	ὑμῶν
12967	ἑνὸς
12968	ἑκάστου
12969	γνώμῃ
12970	φιλανθρωπία
12971	πρὸς
12972	φθόνον
12973	καὶ
12974	δικαιοσύνη
12975	πρὸς
12976	κακίαν
12977	καὶ
12978	πάντα
12979	τὰ
12980	χρηστὰ
12981	πρὸς
12982	τὰ
12983	πονηρότατ’
12984	ἀντιτάττεται
12985	.
12986	ὧν
12987	τοῖς
12988	βελτίοσι
12989	πειθόμενοι
12990	καὶ
12991	κατὰ
12992	ταὔθ’
12993	ἡμῖν
12994	θέμενοι
12995	τὴν
12996	ψῆφον
12997	,
12998	αὐτοί
12999	θ’
13000	ἃ
13001	προσήκει
13002	δόξετ’
13003	ἐγνωκέναι
13004	,
13005	καὶ
13006	τῇ
13007	πόλει
13008	τὰ
13009	κράτιστ’
13010	ἔσεσθ’
13011	ἐψηφισμένοι
13012	,
13013	κ
13014	ἄν
13015	τις
13016	ἄρ’
13017	ἔλθῃ
13018	ποτὲ
13019	καιρός
13020	,
13021	οὐκ
13022	ἀπορήσετε
13023	τῶν
13024	ἐθελησόντων
13025	ὑπὲρ
13026	ὑμῶν
13027	κινδυνεύειν
13028	.
13029	ὑπὲρ
13030	οὖν
13031	τούτων
13032	ἁπάντων
13033	οἶμαι
13034	δεῖν
13035	ὑμᾶς
13036	σπουδάζειν
13037	καὶ
13038	προσέχειν
13039	τὸν
13040	νοῦν
13041	,
13042	ὅπως
13043	μὴ
13044	βιασθῆθ’
13045	ἁμαρτάνειν
13046	.
13047	πολλὰ
13048	γὰρ
13049	ὑμεῖς
13050	,
13051	ὦ
13052	ἄνδρες
13053	Ἀθηναῖοι
13054	,
13055	πολλάκις
13056	οὐκ
13057	ἐδιδάχθηθ’
13058	ὡς
13059	ἔστι
13060	δίκαια
13061	,
13062	ἀλλ’
13063	ἀφῃρέθηθ’
13064	ὑπὸ
13065	τῆς
13066	τῶν
13067	λεγόντων
13068	κραυγῆς
13069	καὶ
13070	βίας
13071	καὶ
13072	ἀναισχυντίας
13073	.
13074	ὃ
13075	μὴ
13076	πάθητε
13077	νῦν
13078	·
13079	οὐ
13080	γὰρ
13081	ἄξιον
13082	.
13083	ἀλλ’
13084	ἃ
13085	δίκαι’
13086	ἐγνώκατε
13087	,
13088	ταῦτα
13089	φυλάξατε
13090	καὶ
13091	μνημονεύετε
13092	,
13093	ἕως
13094	ἂν
13095	ψηφίσησθε
13096	,
13097	ἵν’
13098	εὔορκον
13099	θῆσθε
13100	τὴν
13101	ψῆφον
13102	κατὰ
13103	τῶν
13104	τὰ
13105	πονηρὰ
13106	συμβουλευόντων
13107	.
13108	θαυμάζω
13109	δ’
13110	ἔγωγε
13111	,
13112	εἰ
13113	τοῖς
13114	μὲν
13115	τὸ
13116	νόμισμα
13117	διαφθείρουσιν
13118	θάνατος
13119	παρ’
13120	ὑμῖν
13121	ἐστιν
13122	ἡ
13123	ζημία
13124	,
13125	τοῖς
13126	δ’
13127	ὅλην
13128	τὴν
13129	πόλιν
13130	κίβδηλον
13131	καὶ
13132	ἄπιστον
13133	ποιοῦσι
13134	λόγον
13135	δώσετε
13136	.
13137	οὐ
13138	δή
13139	πού
13140	γ’
13141	,
13142	ὦ
13143	Ζεῦ
13144	καὶ
13145	θεοί
13146	.
13147	οὐκ
13148	οἶδ’
13149	ὅ
13150	τι
13151	δεῖ
13152	πλείω
13153	λέγειν
13154	·
13155	οἶμαι
13156	γὰρ
13157	ὑμᾶς
13158	οὐδὲν
13159	ἀγνοεῖν
13160	τῶν
13161	εἰρημένων
13162	.
