section_ref	token_id
1	1
1	2
1	3
1	4
1	5
1	6
1	7
1	8
1	9
1	10
1	11
1	12
1	13
1	14
1	15
1	16
1	17
1	18
1	19
1	20
1	21
1	22
1	23
1	24
1	25
1	26
1	27
1	28
1	29
1	30
1	31
1	32
1	33
1	34
1	35
1	36
1	37
1	38
1	39
1	40
1	41
1	42
1	43
1	44
1	45
1	46
1	47
1	48
1	49
1	50
1	51
1	52
1	53
1	54
1	55
1	56
1	57
1	58
1	59
1	60
1	61
1	62
1	63
1	64
1	65
1	66
1	67
1	68
1	69
1	70
1	71
1	72
1	73
1	74
1	75
1	76
1	77
1	78
1	79
1	80
1	81
2	82
2	83
2	84
2	85
2	86
2	87
2	88
2	89
2	90
2	91
2	92
2	93
2	94
2	95
2	96
2	97
2	98
2	99
2	100
2	101
2	102
2	103
2	104
2	105
2	106
2	107
2	108
2	109
2	110
2	111
2	112
2	113
2	114
2	115
2	116
2	117
2	118
2	119
2	120
2	121
2	122
2	123
2	124
2	125
2	126
2	127
2	128
2	129
2	130
2	131
2	132
2	133
2	134
2	135
2	136
2	137
2	138
2	139
2	140
2	141
2	142
2	143
2	144
2	145
2	146
2	147
2	148
2	149
2	150
2	151
2	152
2	153
2	154
2	155
2	156
2	157
2	158
2	159
2	160
2	161
2	162
2	163
2	164
2	165
2	166
2	167
2	168
2	169
2	170
2	171
2	172
2	173
2	174
2	175
2	176
2	177
2	178
2	179
2	180
2	181
2	182
2	183
2	184
2	185
2	186
2	187
2	188
2	189
2	190
2	191
2	192
2	193
2	194
2	195
2	196
2	197
2	198
2	199
2	200
2	201
2	202
2	203
3	204
3	205
3	206
3	207
3	208
3	209
3	210
3	211
3	212
3	213
3	214
3	215
3	216
3	217
3	218
3	219
3	220
3	221
3	222
3	223
3	224
3	225
3	226
3	227
3	228
3	229
3	230
3	231
3	232
3	233
3	234
3	235
3	236
3	237
3	238
3	239
3	240
3	241
3	242
3	243
3	244
3	245
3	246
3	247
3	248
3	249
3	250
3	251
3	252
3	253
3	254
3	255
3	256
3	257
3	258
3	259
3	260
3	261
3	262
3	263
3	264
3	265
3	266
3	267
3	268
3	269
3	270
3	271
3	272
3	273
3	274
3	275
3	276
3	277
3	278
3	279
3	280
3	281
3	282
3	283
3	284
3	285
4	286
4	287
4	288
4	289
4	290
4	291
4	292
4	293
4	294
4	295
4	296
4	297
4	298
4	299
4	300
4	301
4	302
4	303
4	304
4	305
4	306
4	307
4	308
4	309
4	310
4	311
4	312
4	313
4	314
4	315
4	316
4	317
4	318
4	319
4	320
4	321
4	322
4	323
4	324
4	325
4	326
4	327
4	328
4	329
4	330
4	331
4	332
4	333
4	334
4	335
4	336
4	337
4	338
4	339
4	340
4	341
4	342
4	343
4	344
4	345
4	346
4	347
4	348
4	349
4	350
5	351
5	352
5	353
5	354
5	355
5	356
5	357
5	358
5	359
5	360
5	361
5	362
5	363
5	364
5	365
5	366
5	367
5	368
5	369
5	370
5	371
5	372
5	373
5	374
5	375
5	376
5	377
5	378
5	379
5	380
5	381
5	382
5	383
5	384
5	385
5	386
5	387
5	388
5	389
5	390
5	391
5	392
5	393
5	394
5	395
5	396
5	397
5	398
5	399
5	400
5	401
5	402
5	403
5	404
5	405
5	406
5	407
5	408
5	409
5	410
5	411
5	412
5	413
5	414
5	415
5	416
5	417
5	418
5	419
5	420
5	421
5	422
5	423
5	424
5	425
5	426
5	427
5	428
5	429
5	430
5	431
5	432
5	433
5	434
6	435
6	436
6	437
6	438
6	439
6	440
6	441
6	442
6	443
6	444
6	445
6	446
6	447
6	448
6	449
6	450
6	451
6	452
6	453
6	454
6	455
6	456
6	457
6	458
6	459
6	460
6	461
6	462
6	463
6	464
6	465
6	466
6	467
6	468
6	469
6	470
6	471
6	472
6	473
6	474
6	475
6	476
6	477
6	478
6	479
6	480
6	481
6	482
6	483
6	484
7	485
7	486
7	487
7	488
7	489
7	490
7	491
7	492
7	493
7	494
7	495
7	496
7	497
7	498
7	499
7	500
7	501
7	502
7	503
7	504
7	505
7	506
7	507
7	508
7	509
7	510
7	511
7	512
7	513
7	514
7	515
7	516
7	517
7	518
7	519
7	520
7	521
7	522
7	523
7	524
7	525
7	526
7	527
7	528
7	529
7	530
7	531
7	532
7	533
7	534
7	535
7	536
7	537
7	538
7	539
7	540
7	541
7	542
7	543
8	544
8	545
8	546
8	547
8	548
8	549
8	550
8	551
8	552
8	553
8	554
8	555
8	556
8	557
8	558
8	559
8	560
8	561
8	562
8	563
8	564
8	565
8	566
8	567
8	568
8	569
8	570
8	571
8	572
8	573
8	574
8	575
8	576
8	577
8	578
8	579
8	580
8	581
8	582
8	583
8	584
8	585
8	586
8	587
8	588
8	589
8	590
8	591
8	592
8	593
8	594
8	595
8	596
8	597
8	598
8	599
8	600
8	601
8	602
8	603
8	604
8	605
8	606
8	607
8	608
8	609
8	610
8	611
8	612
8	613
8	614
8	615
8	616
8	617
8	618
8	619
8	620
8	621
8	622
9	623
9	624
9	625
9	626
9	627
9	628
9	629
9	630
9	631
9	632
9	633
9	634
9	635
9	636
9	637
9	638
9	639
9	640
9	641
9	642
9	643
9	644
9	645
9	646
9	647
9	648
9	649
9	650
9	651
9	652
9	653
9	654
9	655
9	656
9	657
9	658
9	659
9	660
9	661
9	662
9	663
9	664
9	665
9	666
9	667
9	668
9	669
9	670
9	671
9	672
9	673
9	674
9	675
9	676
9	677
9	678
9	679
9	680
9	681
10	682
10	683
10	684
10	685
10	686
10	687
10	688
10	689
10	690
10	691
10	692
10	693
10	694
10	695
10	696
10	697
10	698
10	699
10	700
10	701
10	702
10	703
10	704
10	705
10	706
10	707
10	708
10	709
10	710
10	711
10	712
10	713
10	714
10	715
10	716
10	717
10	718
10	719
10	720
10	721
10	722
10	723
10	724
10	725
10	726
10	727
10	728
10	729
10	730
10	731
10	732
10	733
10	734
10	735
10	736
10	737
10	738
10	739
10	740
10	741
10	742
10	743
10	744
10	745
10	746
10	747
10	748
10	749
10	750
10	751
10	752
10	753
10	754
10	755
10	756
10	757
10	758
10	759
10	760
10	761
10	762
10	763
10	764
10	765
10	766
10	767
10	768
10	769
10	770
10	771
10	772
10	773
10	774
10	775
10	776
10	777
10	778
10	779
11	780
11	781
11	782
11	783
11	784
11	785
11	786
11	787
11	788
11	789
11	790
11	791
11	792
11	793
11	794
11	795
11	796
11	797
11	798
11	799
11	800
11	801
11	802
11	803
11	804
11	805
11	806
11	807
11	808
11	809
11	810
11	811
11	812
11	813
11	814
11	815
11	816
11	817
11	818
11	819
11	820
11	821
11	822
11	823
11	824
11	825
11	826
11	827
11	828
11	829
11	830
11	831
11	832
11	833
11	834
11	835
11	836
11	837
11	838
11	839
11	840
11	841
11	842
11	843
11	844
11	845
11	846
11	847
11	848
12	849
12	850
12	851
12	852
12	853
12	854
12	855
12	856
12	857
12	858
12	859
12	860
12	861
12	862
12	863
12	864
12	865
12	866
12	867
12	868
12	869
12	870
12	871
12	872
12	873
12	874
12	875
12	876
12	877
12	878
12	879
12	880
12	881
12	882
12	883
12	884
12	885
12	886
12	887
12	888
12	889
12	890
12	891
12	892
12	893
12	894
12	895
12	896
12	897
12	898
12	899
12	900
12	901
12	902
12	903
12	904
12	905
12	906
12	907
12	908
12	909
12	910
12	911
12	912
12	913
12	914
12	915
12	916
12	917
12	918
12	919
12	920
12	921
12	922
12	923
12	924
12	925
12	926
12	927
12	928
12	929
12	930
12	931
12	932
12	933
12	934
12	935
12	936
12	937
12	938
12	939
12	940
12	941
12	942
12	943
12	944
12	945
13	946
13	947
13	948
13	949
13	950
13	951
13	952
13	953
13	954
13	955
13	956
13	957
13	958
13	959
13	960
13	961
13	962
13	963
13	964
13	965
13	966
13	967
13	968
13	969
13	970
13	971
13	972
13	973
13	974
13	975
13	976
13	977
13	978
13	979
13	980
13	981
13	982
13	983
13	984
13	985
13	986
13	987
13	988
13	989
13	990
13	991
13	992
13	993
13	994
13	995
13	996
13	997
13	998
13	999
13	1000
13	1001
13	1002
13	1003
13	1004
13	1005
13	1006
13	1007
13	1008
13	1009
13	1010
13	1011
13	1012
13	1013
13	1014
13	1015
13	1016
13	1017
13	1018
13	1019
14	1020
14	1021
14	1022
14	1023
14	1024
14	1025
14	1026
14	1027
14	1028
14	1029
14	1030
14	1031
14	1032
14	1033
14	1034
14	1035
14	1036
14	1037
14	1038
14	1039
14	1040
14	1041
14	1042
14	1043
14	1044
14	1045
14	1046
14	1047
14	1048
14	1049
14	1050
14	1051
14	1052
14	1053
14	1054
14	1055
14	1056
14	1057
14	1058
14	1059
14	1060
14	1061
14	1062
14	1063
14	1064
14	1065
14	1066
14	1067
14	1068
14	1069
14	1070
14	1071
14	1072
14	1073
14	1074
14	1075
14	1076
14	1077
14	1078
14	1079
14	1080
14	1081
14	1082
14	1083
14	1084
15	1085
15	1086
15	1087
15	1088
15	1089
15	1090
15	1091
15	1092
15	1093
15	1094
15	1095
15	1096
15	1097
15	1098
15	1099
15	1100
15	1101
15	1102
15	1103
15	1104
15	1105
15	1106
15	1107
15	1108
15	1109
15	1110
15	1111
15	1112
15	1113
15	1114
15	1115
15	1116
15	1117
15	1118
15	1119
15	1120
15	1121
15	1122
15	1123
15	1124
15	1125
15	1126
15	1127
15	1128
15	1129
15	1130
15	1131
15	1132
15	1133
15	1134
15	1135
15	1136
15	1137
15	1138
15	1139
15	1140
15	1141
15	1142
15	1143
15	1144
15	1145
15	1146
15	1147
15	1148
15	1149
15	1150
15	1151
15	1152
15	1153
15	1154
15	1155
15	1156
15	1157
15	1158
15	1159
15	1160
15	1161
15	1162
15	1163
15	1164
15	1165
15	1166
15	1167
15	1168
15	1169
16	1170
16	1171
16	1172
16	1173
16	1174
16	1175
16	1176
16	1177
16	1178
16	1179
16	1180
16	1181
16	1182
16	1183
16	1184
16	1185
16	1186
16	1187
16	1188
16	1189
16	1190
16	1191
16	1192
16	1193
16	1194
16	1195
16	1196
16	1197
16	1198
16	1199
16	1200
16	1201
16	1202
16	1203
16	1204
16	1205
16	1206
16	1207
16	1208
16	1209
16	1210
16	1211
16	1212
16	1213
16	1214
16	1215
16	1216
16	1217
16	1218
16	1219
16	1220
16	1221
16	1222
16	1223
16	1224
16	1225
16	1226
16	1227
16	1228
16	1229
16	1230
16	1231
16	1232
16	1233
16	1234
16	1235
16	1236
17	1237
17	1238
17	1239
17	1240
17	1241
17	1242
17	1243
17	1244
17	1245
17	1246
17	1247
17	1248
17	1249
17	1250
17	1251
17	1252
17	1253
17	1254
17	1255
17	1256
17	1257
17	1258
17	1259
17	1260
17	1261
17	1262
17	1263
17	1264
17	1265
17	1266
17	1267
17	1268
17	1269
17	1270
17	1271
17	1272
17	1273
17	1274
17	1275
17	1276
17	1277
17	1278
17	1279
17	1280
17	1281
17	1282
17	1283
18	1284
18	1285
18	1286
18	1287
18	1288
18	1289
18	1290
18	1291
18	1292
18	1293
18	1294
18	1295
18	1296
18	1297
18	1298
18	1299
18	1300
18	1301
18	1302
18	1303
18	1304
18	1305
18	1306
18	1307
18	1308
18	1309
18	1310
18	1311
18	1312
18	1313
18	1314
18	1315
18	1316
18	1317
18	1318
18	1319
18	1320
18	1321
18	1322
18	1323
18	1324
18	1325
18	1326
18	1327
18	1328
18	1329
18	1330
18	1331
18	1332
18	1333
18	1334
18	1335
18	1336
18	1337
18	1338
18	1339
18	1340
18	1341
18	1342
18	1343
18	1344
18	1345
18	1346
18	1347
18	1348
18	1349
18	1350
18	1351
18	1352
18	1353
18	1354
18	1355
18	1356
18	1357
18	1358
18	1359
18	1360
18	1361
18	1362
18	1363
18	1364
18	1365
18	1366
18	1367
18	1368
18	1369
18	1370
18	1371
18	1372
18	1373
18	1374
18	1375
18	1376
18	1377
18	1378
18	1379
18	1380
18	1381
18	1382
18	1383
18	1384
18	1385
18	1386
18	1387
18	1388
18	1389
18	1390
18	1391
18	1392
18	1393
18	1394
18	1395
18	1396
18	1397
19	1398
19	1399
19	1400
19	1401
19	1402
19	1403
19	1404
19	1405
19	1406
19	1407
19	1408
19	1409
19	1410
19	1411
19	1412
19	1413
19	1414
19	1415
19	1416
19	1417
19	1418
19	1419
19	1420
19	1421
19	1422
19	1423
19	1424
19	1425
19	1426
19	1427
19	1428
19	1429
19	1430
19	1431
19	1432
19	1433
19	1434
19	1435
19	1436
19	1437
19	1438
19	1439
19	1440
19	1441
19	1442
19	1443
19	1444
19	1445
19	1446
19	1447
19	1448
19	1449
19	1450
19	1451
19	1452
19	1453
19	1454
19	1455
19	1456
19	1457
19	1458
19	1459
20	1460
20	1461
20	1462
20	1463
20	1464
20	1465
20	1466
20	1467
20	1468
20	1469
20	1470
20	1471
20	1472
20	1473
20	1474
20	1475
20	1476
20	1477
20	1478
20	1479
20	1480
20	1481
20	1482
20	1483
20	1484
20	1485
20	1486
20	1487
20	1488
20	1489
20	1490
20	1491
20	1492
20	1493
20	1494
20	1495
20	1496
20	1497
20	1498
20	1499
20	1500
20	1501
20	1502
20	1503
20	1504
20	1505
20	1506
20	1507
20	1508
20	1509
20	1510
20	1511
20	1512
20	1513
20	1514
20	1515
20	1516
20	1517
20	1518
20	1519
20	1520
20	1521
20	1522
20	1523
20	1524
20	1525
20	1526
20	1527
20	1528
20	1529
20	1530
20	1531
20	1532
20	1533
20	1534
20	1535
20	1536
21	1537
21	1538
21	1539
21	1540
21	1541
21	1542
21	1543
21	1544
21	1545
21	1546
21	1547
21	1548
21	1549
21	1550
21	1551
21	1552
21	1553
21	1554
21	1555
21	1556
21	1557
21	1558
21	1559
21	1560
21	1561
21	1562
21	1563
21	1564
21	1565
21	1566
21	1567
21	1568
21	1569
21	1570
21	1571
21	1572
21	1573
21	1574
21	1575
21	1576
21	1577
21	1578
21	1579
21	1580
21	1581
21	1582
21	1583
21	1584
21	1585
21	1586
21	1587
21	1588
21	1589
21	1590
21	1591
21	1592
21	1593
21	1594
21	1595
21	1596
21	1597
21	1598
21	1599
21	1600
21	1601
21	1602
21	1603
21	1604
21	1605
21	1606
21	1607
21	1608
21	1609
21	1610
21	1611
21	1612
21	1613
22	1614
22	1615
22	1616
22	1617
22	1618
22	1619
22	1620
22	1621
22	1622
22	1623
22	1624
22	1625
22	1626
22	1627
22	1628
22	1629
22	1630
22	1631
22	1632
22	1633
22	1634
22	1635
22	1636
22	1637
22	1638
22	1639
22	1640
22	1641
22	1642
22	1643
22	1644
22	1645
22	1646
22	1647
22	1648
22	1649
22	1650
22	1651
22	1652
22	1653
22	1654
22	1655
22	1656
22	1657
22	1658
22	1659
22	1660
22	1661
22	1662
22	1663
22	1664
22	1665
22	1666
23	1667
23	1668
23	1669
23	1670
23	1671
23	1672
23	1673
23	1674
23	1675
23	1676
23	1677
23	1678
23	1679
23	1680
23	1681
23	1682
23	1683
23	1684
23	1685
23	1686
23	1687
23	1688
23	1689
23	1690
23	1691
23	1692
23	1693
23	1694
23	1695
23	1696
23	1697
23	1698
23	1699
23	1700
23	1701
23	1702
23	1703
23	1704
23	1705
23	1706
23	1707
23	1708
23	1709
23	1710
23	1711
23	1712
23	1713
23	1714
23	1715
23	1716
23	1717
23	1718
23	1719
23	1720
23	1721
23	1722
23	1723
23	1724
23	1725
23	1726
23	1727
23	1728
23	1729
23	1730
23	1731
23	1732
23	1733
23	1734
23	1735
23	1736
23	1737
23	1738
23	1739
23	1740
23	1741
23	1742
23	1743
23	1744
23	1745
23	1746
23	1747
23	1748
23	1749
23	1750
23	1751
23	1752
23	1753
23	1754
23	1755
23	1756
24	1757
24	1758
24	1759
24	1760
24	1761
24	1762
24	1763
24	1764
24	1765
24	1766
24	1767
24	1768
24	1769
24	1770
24	1771
24	1772
24	1773
24	1774
24	1775
24	1776
24	1777
24	1778
24	1779
24	1780
24	1781
24	1782
24	1783
24	1784
24	1785
24	1786
24	1787
24	1788
24	1789
24	1790
24	1791
24	1792
24	1793
24	1794
24	1795
24	1796
24	1797
24	1798
24	1799
24	1800
24	1801
24	1802
24	1803
24	1804
24	1805
24	1806
24	1807
24	1808
24	1809
24	1810
24	1811
24	1812
24	1813
24	1814
24	1815
24	1816
24	1817
24	1818
24	1819
24	1820
24	1821
24	1822
24	1823
24	1824
24	1825
24	1826
24	1827
24	1828
24	1829
24	1830
24	1831
24	1832
24	1833
24	1834
24	1835
24	1836
24	1837
24	1838
24	1839
24	1840
24	1841
24	1842
24	1843
24	1844
24	1845
24	1846
24	1847
24	1848
24	1849
24	1850
24	1851
24	1852
24	1853
24	1854
24	1855
24	1856
24	1857
25	1858
25	1859
25	1860
25	1861
25	1862
25	1863
25	1864
25	1865
25	1866
25	1867
25	1868
25	1869
25	1870
25	1871
25	1872
25	1873
25	1874
25	1875
25	1876
25	1877
25	1878
25	1879
25	1880
25	1881
25	1882
25	1883
25	1884
25	1885
25	1886
25	1887
25	1888
25	1889
25	1890
25	1891
25	1892
25	1893
25	1894
25	1895
25	1896
25	1897
25	1898
25	1899
25	1900
25	1901
25	1902
25	1903
25	1904
25	1905
25	1906
25	1907
25	1908
25	1909
25	1910
25	1911
25	1912
25	1913
25	1914
25	1915
25	1916
25	1917
25	1918
25	1919
25	1920
25	1921
25	1922
25	1923
25	1924
25	1925
25	1926
25	1927
25	1928
25	1929
25	1930
25	1931
25	1932
25	1933
25	1934
25	1935
25	1936
25	1937
25	1938
25	1939
25	1940
25	1941
25	1942
25	1943
25	1944
25	1945
25	1946
25	1947
25	1948
25	1949
25	1950
25	1951
25	1952
25	1953
25	1954
25	1955
25	1956
25	1957
25	1958
25	1959
25	1960
25	1961
25	1962
25	1963
25	1964
25	1965
25	1966
25	1967
25	1968
25	1969
25	1970
25	1971
26	1972
26	1973
26	1974
26	1975
26	1976
26	1977
26	1978
26	1979
26	1980
26	1981
26	1982
26	1983
26	1984
26	1985
26	1986
26	1987
26	1988
26	1989
26	1990
26	1991
26	1992
26	1993
26	1994
26	1995
26	1996
26	1997
26	1998
26	1999
26	2000
26	2001
26	2002
26	2003
26	2004
26	2005
26	2006
26	2007
26	2008
26	2009
26	2010
26	2011
26	2012
26	2013
26	2014
26	2015
26	2016
26	2017
26	2018
26	2019
26	2020
26	2021
26	2022
26	2023
26	2024
26	2025
26	2026
26	2027
26	2028
26	2029
26	2030
26	2031
26	2032
26	2033
26	2034
26	2035
26	2036
26	2037
26	2038
26	2039
26	2040
26	2041
26	2042
26	2043
26	2044
26	2045
26	2046
26	2047
26	2048
26	2049
26	2050
26	2051
26	2052
26	2053
26	2054
26	2055
26	2056
26	2057
26	2058
26	2059
26	2060
26	2061
26	2062
26	2063
26	2064
26	2065
26	2066
26	2067
26	2068
26	2069
26	2070
26	2071
26	2072
26	2073
26	2074
26	2075
26	2076
26	2077
26	2078
26	2079
26	2080
27	2081
27	2082
27	2083
27	2084
27	2085
27	2086
27	2087
27	2088
27	2089
27	2090
27	2091
27	2092
27	2093
27	2094
27	2095
27	2096
27	2097
27	2098
27	2099
27	2100
27	2101
27	2102
27	2103
27	2104
27	2105
27	2106
27	2107
27	2108
27	2109
27	2110
27	2111
27	2112
27	2113
27	2114
27	2115
27	2116
27	2117
27	2118
27	2119
27	2120
27	2121
27	2122
27	2123
27	2124
27	2125
27	2126
27	2127
27	2128
27	2129
27	2130
27	2131
27	2132
27	2133
27	2134
27	2135
27	2136
27	2137
27	2138
27	2139
27	2140
27	2141
27	2142
27	2143
27	2144
27	2145
27	2146
27	2147
27	2148
27	2149
27	2150
27	2151
27	2152
27	2153
28	2154
28	2155
28	2156
28	2157
28	2158
28	2159
28	2160
28	2161
28	2162
28	2163
28	2164
28	2165
28	2166
28	2167
28	2168
28	2169
28	2170
28	2171
28	2172
28	2173
28	2174
28	2175
28	2176
28	2177
28	2178
28	2179
28	2180
28	2181
28	2182
28	2183
28	2184
28	2185
28	2186
28	2187
28	2188
28	2189
28	2190
28	2191
28	2192
28	2193
28	2194
28	2195
28	2196
28	2197
28	2198
28	2199
28	2200
28	2201
28	2202
28	2203
28	2204
28	2205
28	2206
28	2207
28	2208
28	2209
28	2210
28	2211
28	2212
28	2213
28	2214
28	2215
28	2216
28	2217
28	2218
28	2219
28	2220
28	2221
28	2222
28	2223
28	2224
28	2225
28	2226
28	2227
28	2228
28	2229
28	2230
28	2231
28	2232
28	2233
28	2234
28	2235
28	2236
28	2237
28	2238
28	2239
28	2240
28	2241
28	2242
28	2243
28	2244
28	2245
28	2246
28	2247
28	2248
28	2249
28	2250
28	2251
28	2252
28	2253
28	2254
28	2255
28	2256
28	2257
28	2258
28	2259
28	2260
28	2261
28	2262
28	2263
28	2264
28	2265
28	2266
28	2267
28	2268
28	2269
28	2270
28	2271
28	2272
28	2273
28	2274
28	2275
29	2276
29	2277
29	2278
29	2279
29	2280
29	2281
29	2282
29	2283
29	2284
29	2285
29	2286
29	2287
29	2288
29	2289
29	2290
29	2291
29	2292
29	2293
29	2294
29	2295
29	2296
29	2297
29	2298
29	2299
29	2300
29	2301
29	2302
29	2303
29	2304
29	2305
29	2306
29	2307
29	2308
29	2309
29	2310
29	2311
29	2312
29	2313
29	2314
29	2315
29	2316
29	2317
29	2318
29	2319
29	2320
29	2321
29	2322
29	2323
29	2324
29	2325
29	2326
29	2327
29	2328
29	2329
29	2330
29	2331
29	2332
29	2333
29	2334
29	2335
29	2336
29	2337
29	2338
29	2339
29	2340
29	2341
29	2342
29	2343
29	2344
29	2345
29	2346
29	2347
29	2348
29	2349
29	2350
29	2351
29	2352
29	2353
29	2354
29	2355
29	2356
29	2357
29	2358
29	2359
29	2360
29	2361
29	2362
29	2363
29	2364
29	2365
29	2366
29	2367
30	2368
30	2369
30	2370
30	2371
30	2372
30	2373
30	2374
30	2375
30	2376
30	2377
30	2378
30	2379
30	2380
30	2381
30	2382
30	2383
30	2384
30	2385
30	2386
30	2387
30	2388
30	2389
30	2390
30	2391
30	2392
30	2393
30	2394
30	2395
30	2396
30	2397
30	2398
30	2399
30	2400
30	2401
30	2402
30	2403
30	2404
30	2405
30	2406
30	2407
30	2408
30	2409
30	2410
30	2411
30	2412
30	2413
30	2414
30	2415
30	2416
30	2417
30	2418
30	2419
30	2420
30	2421
30	2422
30	2423
30	2424
30	2425
30	2426
30	2427
30	2428
30	2429
30	2430
31	2431
31	2432
31	2433
31	2434
31	2435
31	2436
31	2437
31	2438
31	2439
31	2440
31	2441
31	2442
31	2443
31	2444
31	2445
31	2446
31	2447
31	2448
31	2449
31	2450
31	2451
31	2452
31	2453
31	2454
31	2455
31	2456
31	2457
31	2458
31	2459
31	2460
31	2461
31	2462
31	2463
31	2464
31	2465
31	2466
31	2467
31	2468
31	2469
31	2470
31	2471
31	2472
31	2473
31	2474
31	2475
31	2476
31	2477
31	2478
31	2479
31	2480
31	2481
31	2482
31	2483
31	2484
31	2485
31	2486
31	2487
31	2488
31	2489
31	2490
31	2491
31	2492
31	2493
31	2494
31	2495
31	2496
31	2497
31	2498
31	2499
31	2500
31	2501
31	2502
31	2503
31	2504
31	2505
31	2506
31	2507
31	2508
31	2509
31	2510
31	2511
31	2512
31	2513
31	2514
32	2515
32	2516
32	2517
32	2518
32	2519
32	2520
32	2521
32	2522
32	2523
32	2524
32	2525
32	2526
32	2527
32	2528
32	2529
32	2530
32	2531
32	2532
32	2533
32	2534
32	2535
32	2536
32	2537
32	2538
32	2539
32	2540
32	2541
32	2542
32	2543
32	2544
32	2545
32	2546
32	2547
32	2548
32	2549
32	2550
32	2551
32	2552
32	2553
32	2554
32	2555
32	2556
32	2557
32	2558
32	2559
32	2560
32	2561
32	2562
32	2563
32	2564
32	2565
32	2566
32	2567
32	2568
32	2569
32	2570
32	2571
33	2572
33	2573
33	2574
33	2575
33	2576
33	2577
33	2578
33	2579
33	2580
33	2581
33	2582
33	2583
33	2584
33	2585
33	2586
33	2587
33	2588
33	2589
33	2590
33	2591
33	2592
33	2593
33	2594
33	2595
33	2596
33	2597
33	2598
33	2599
33	2600
33	2601
33	2602
33	2603
33	2604
33	2605
33	2606
33	2607
33	2608
33	2609
33	2610
33	2611
33	2612
33	2613
33	2614
33	2615
33	2616
33	2617
33	2618
33	2619
33	2620
33	2621
33	2622
33	2623
33	2624
33	2625
33	2626
33	2627
33	2628
33	2629
33	2630
33	2631
33	2632
33	2633
33	2634
33	2635
33	2636
33	2637
33	2638
33	2639
33	2640
33	2641
33	2642
33	2643
33	2644
33	2645
33	2646
33	2647
33	2648
33	2649
33	2650
33	2651
33	2652
33	2653
34	2654
34	2655
34	2656
34	2657
34	2658
34	2659
34	2660
34	2661
34	2662
34	2663
34	2664
34	2665
34	2666
34	2667
34	2668
34	2669
34	2670
34	2671
34	2672
34	2673
34	2674
34	2675
34	2676
34	2677
34	2678
34	2679
34	2680
34	2681
34	2682
34	2683
34	2684
34	2685
34	2686
34	2687
34	2688
34	2689
34	2690
34	2691
34	2692
34	2693
34	2694
34	2695
34	2696
34	2697
34	2698
34	2699
34	2700
34	2701
34	2702
34	2703
34	2704
34	2705
34	2706
34	2707
34	2708
34	2709
35	2710
35	2711
35	2712
35	2713
35	2714
35	2715
35	2716
35	2717
35	2718
35	2719
35	2720
35	2721
35	2722
35	2723
35	2724
35	2725
35	2726
35	2727
35	2728
35	2729
35	2730
35	2731
35	2732
35	2733
35	2734
35	2735
35	2736
35	2737
35	2738
35	2739
35	2740
35	2741
35	2742
35	2743
35	2744
35	2745
35	2746
35	2747
35	2748
35	2749
35	2750
35	2751
35	2752
35	2753
35	2754
35	2755
35	2756
35	2757
35	2758
35	2759
35	2760
35	2761
35	2762
35	2763
35	2764
35	2765
35	2766
35	2767
35	2768
35	2769
35	2770
35	2771
35	2772
35	2773
35	2774
35	2775
35	2776
35	2777
35	2778
35	2779
36	2780
36	2781
36	2782
36	2783
36	2784
36	2785
36	2786
36	2787
36	2788
36	2789
36	2790
36	2791
36	2792
36	2793
36	2794
36	2795
36	2796
36	2797
36	2798
36	2799
36	2800
36	2801
36	2802
36	2803
36	2804
36	2805
36	2806
36	2807
36	2808
36	2809
36	2810
36	2811
36	2812
36	2813
36	2814
36	2815
36	2816
36	2817
36	2818
36	2819
36	2820
36	2821
36	2822
36	2823
36	2824
36	2825
36	2826
36	2827
36	2828
36	2829
36	2830
36	2831
36	2832
36	2833
36	2834
36	2835
36	2836
36	2837
36	2838
36	2839
36	2840
36	2841
36	2842
36	2843
36	2844
36	2845
37	2846
37	2847
37	2848
37	2849
37	2850
37	2851
37	2852
37	2853
37	2854
37	2855
37	2856
37	2857
37	2858
37	2859
37	2860
37	2861
37	2862
37	2863
37	2864
37	2865
37	2866
37	2867
37	2868
37	2869
37	2870
37	2871
37	2872
37	2873
37	2874
37	2875
37	2876
37	2877
37	2878
37	2879
37	2880
37	2881
37	2882
37	2883
37	2884
37	2885
37	2886
37	2887
37	2888
37	2889
37	2890
37	2891
37	2892
37	2893
37	2894
37	2895
37	2896
37	2897
37	2898
37	2899
37	2900
37	2901
37	2902
37	2903
37	2904
37	2905
38	2906
38	2907
38	2908
38	2909
38	2910
38	2911
38	2912
38	2913
38	2914
38	2915
38	2916
38	2917
38	2918
38	2919
38	2920
38	2921
38	2922
38	2923
38	2924
38	2925
38	2926
38	2927
38	2928
38	2929
38	2930
38	2931
38	2932
38	2933
38	2934
38	2935
38	2936
38	2937
38	2938
38	2939
38	2940
38	2941
38	2942
38	2943
39	2944
39	2945
39	2946
39	2947
39	2948
39	2949
39	2950
39	2951
39	2952
39	2953
39	2954
39	2955
39	2956
39	2957
39	2958
39	2959
39	2960
39	2961
39	2962
39	2963
39	2964
39	2965
39	2966
39	2967
39	2968
39	2969
39	2970
39	2971
39	2972
39	2973
39	2974
39	2975
39	2976
39	2977
39	2978
39	2979
39	2980
39	2981
39	2982
39	2983
39	2984
39	2985
39	2986
39	2987
39	2988
39	2989
39	2990
39	2991
39	2992
39	2993
39	2994
39	2995
39	2996
39	2997
39	2998
39	2999
39	3000
39	3001
39	3002
39	3003
39	3004
39	3005
39	3006
39	3007
39	3008
39	3009
39	3010
39	3011
39	3012
39	3013
39	3014
39	3015
39	3016
39	3017
39	3018
39	3019
39	3020
39	3021
39	3022
40	3023
40	3024
40	3025
40	3026
40	3027
40	3028
40	3029
40	3030
40	3031
40	3032
40	3033
40	3034
40	3035
40	3036
40	3037
40	3038
40	3039
40	3040
40	3041
40	3042
40	3043
40	3044
40	3045
40	3046
40	3047
40	3048
40	3049
40	3050
40	3051
40	3052
40	3053
40	3054
40	3055
40	3056
40	3057
40	3058
40	3059
40	3060
40	3061
40	3062
40	3063
40	3064
40	3065
40	3066
40	3067
40	3068
40	3069
40	3070
40	3071
40	3072
40	3073
40	3074
40	3075
40	3076
40	3077
40	3078
40	3079
40	3080
40	3081
40	3082
40	3083
40	3084
40	3085
41	3086
41	3087
41	3088
41	3089
41	3090
41	3091
41	3092
41	3093
41	3094
41	3095
41	3096
41	3097
41	3098
41	3099
41	3100
41	3101
41	3102
41	3103
41	3104
41	3105
41	3106
41	3107
41	3108
41	3109
41	3110
41	3111
41	3112
41	3113
41	3114
41	3115
41	3116
41	3117
41	3118
41	3119
41	3120
41	3121
41	3122
41	3123
41	3124
41	3125
41	3126
41	3127
41	3128
41	3129
41	3130
41	3131
41	3132
41	3133
41	3134
41	3135
41	3136
41	3137
41	3138
41	3139
41	3140
41	3141
41	3142
41	3143
41	3144
41	3145
41	3146
41	3147
41	3148
41	3149
41	3150
41	3151
41	3152
41	3153
41	3154
41	3155
41	3156
41	3157
41	3158
41	3159
41	3160
41	3161
41	3162
41	3163
41	3164
41	3165
41	3166
41	3167
41	3168
41	3169
41	3170
41	3171
41	3172
41	3173
41	3174
41	3175
41	3176
41	3177
41	3178
41	3179
41	3180
41	3181
41	3182
41	3183
41	3184
41	3185
41	3186
41	3187
41	3188
41	3189
42	3190
42	3191
42	3192
42	3193
42	3194
42	3195
42	3196
42	3197
42	3198
42	3199
42	3200
42	3201
42	3202
42	3203
42	3204
42	3205
42	3206
42	3207
42	3208
42	3209
42	3210
42	3211
42	3212
42	3213
42	3214
42	3215
42	3216
42	3217
42	3218
42	3219
42	3220
42	3221
42	3222
42	3223
42	3224
42	3225
42	3226
42	3227
42	3228
42	3229
42	3230
42	3231
42	3232
42	3233
42	3234
42	3235
42	3236
42	3237
42	3238
42	3239
42	3240
42	3241
42	3242
42	3243
42	3244
42	3245
42	3246
42	3247
42	3248
42	3249
42	3250
42	3251
42	3252
42	3253
42	3254
42	3255
42	3256
43	3257
43	3258
43	3259
43	3260
43	3261
43	3262
43	3263
43	3264
43	3265
43	3266
43	3267
43	3268
43	3269
43	3270
43	3271
43	3272
43	3273
43	3274
43	3275
43	3276
43	3277
43	3278
43	3279
43	3280
43	3281
43	3282
43	3283
43	3284
43	3285
43	3286
43	3287
43	3288
43	3289
43	3290
43	3291
43	3292
43	3293
43	3294
43	3295
43	3296
43	3297
43	3298
43	3299
43	3300
43	3301
43	3302
43	3303
43	3304
43	3305
43	3306
43	3307
43	3308
43	3309
43	3310
43	3311
43	3312
43	3313
43	3314
43	3315
43	3316
43	3317
43	3318
43	3319
43	3320
43	3321
43	3322
43	3323
43	3324
43	3325
43	3326
43	3327
43	3328
43	3329
43	3330
43	3331
43	3332
43	3333
43	3334
43	3335
43	3336
43	3337
43	3338
43	3339
43	3340
43	3341
43	3342
43	3343
43	3344
43	3345
43	3346
43	3347
43	3348
44	3349
44	3350
44	3351
44	3352
44	3353
44	3354
44	3355
44	3356
44	3357
44	3358
44	3359
44	3360
44	3361
44	3362
44	3363
44	3364
44	3365
44	3366
44	3367
44	3368
44	3369
44	3370
44	3371
44	3372
44	3373
44	3374
44	3375
44	3376
44	3377
44	3378
44	3379
44	3380
44	3381
44	3382
44	3383
44	3384
44	3385
44	3386
44	3387
44	3388
44	3389
44	3390
44	3391
44	3392
44	3393
44	3394
44	3395
44	3396
44	3397
44	3398
44	3399
44	3400
44	3401
44	3402
44	3403
44	3404
44	3405
44	3406
44	3407
44	3408
44	3409
44	3410
44	3411
44	3412
44	3413
44	3414
44	3415
44	3416
44	3417
44	3418
44	3419
44	3420
44	3421
44	3422
44	3423
44	3424
44	3425
44	3426
44	3427
44	3428
44	3429
44	3430
44	3431
44	3432
44	3433
44	3434
44	3435
44	3436
44	3437
44	3438
44	3439
44	3440
44	3441
44	3442
44	3443
44	3444
44	3445
44	3446
44	3447
44	3448
44	3449
44	3450
44	3451
44	3452
44	3453
44	3454
45	3455
45	3456
45	3457
45	3458
45	3459
45	3460
45	3461
45	3462
45	3463
45	3464
45	3465
45	3466
45	3467
45	3468
45	3469
45	3470
45	3471
45	3472
45	3473
45	3474
45	3475
45	3476
45	3477
45	3478
45	3479
45	3480
45	3481
45	3482
45	3483
45	3484
45	3485
45	3486
45	3487
45	3488
45	3489
45	3490
45	3491
45	3492
45	3493
45	3494
45	3495
45	3496
45	3497
45	3498
45	3499
45	3500
45	3501
45	3502
45	3503
45	3504
45	3505
45	3506
45	3507
45	3508
45	3509
45	3510
45	3511
45	3512
45	3513
45	3514
46	3515
46	3516
46	3517
46	3518
46	3519
46	3520
46	3521
46	3522
46	3523
46	3524
46	3525
46	3526
46	3527
46	3528
46	3529
46	3530
46	3531
46	3532
46	3533
46	3534
46	3535
46	3536
46	3537
46	3538
46	3539
46	3540
46	3541
46	3542
46	3543
46	3544
46	3545
46	3546
46	3547
46	3548
46	3549
46	3550
46	3551
46	3552
46	3553
46	3554
46	3555
46	3556
46	3557
46	3558
46	3559
46	3560
46	3561
46	3562
46	3563
46	3564
46	3565
46	3566
46	3567
46	3568
46	3569
47	3570
47	3571
47	3572
47	3573
47	3574
47	3575
47	3576
47	3577
47	3578
47	3579
47	3580
47	3581
47	3582
47	3583
47	3584
47	3585
47	3586
47	3587
47	3588
47	3589
47	3590
47	3591
47	3592
47	3593
47	3594
47	3595
47	3596
47	3597
47	3598
47	3599
47	3600
47	3601
47	3602
47	3603
47	3604
47	3605
47	3606
47	3607
47	3608
47	3609
47	3610
47	3611
47	3612
47	3613
47	3614
47	3615
47	3616
47	3617
47	3618
47	3619
47	3620
47	3621
47	3622
47	3623
47	3624
47	3625
47	3626
47	3627
47	3628
47	3629
47	3630
47	3631
47	3632
47	3633
47	3634
48	3635
48	3636
48	3637
48	3638
48	3639
48	3640
48	3641
48	3642
48	3643
48	3644
48	3645
48	3646
48	3647
48	3648
48	3649
48	3650
48	3651
48	3652
48	3653
48	3654
48	3655
48	3656
48	3657
48	3658
48	3659
48	3660
48	3661
48	3662
48	3663
48	3664
48	3665
48	3666
48	3667
48	3668
48	3669
48	3670
48	3671
48	3672
48	3673
48	3674
48	3675
49	3676
49	3677
49	3678
49	3679
49	3680
49	3681
49	3682
49	3683
49	3684
49	3685
49	3686
49	3687
49	3688
49	3689
49	3690
49	3691
49	3692
49	3693
49	3694
49	3695
49	3696
49	3697
49	3698
49	3699
49	3700
49	3701
49	3702
49	3703
49	3704
49	3705
49	3706
49	3707
49	3708
49	3709
49	3710
49	3711
49	3712
49	3713
49	3714
49	3715
49	3716
49	3717
49	3718
49	3719
49	3720
49	3721
49	3722
49	3723
49	3724
49	3725
49	3726
49	3727
49	3728
49	3729
49	3730
49	3731
49	3732
49	3733
49	3734
49	3735
49	3736
49	3737
49	3738
49	3739
49	3740
49	3741
49	3742
49	3743
49	3744
49	3745
49	3746
49	3747
49	3748
49	3749
49	3750
49	3751
49	3752
49	3753
49	3754
49	3755
49	3756
49	3757
49	3758
49	3759
49	3760
49	3761
49	3762
49	3763
49	3764
49	3765
49	3766
49	3767
49	3768
49	3769
49	3770
49	3771
49	3772
49	3773
49	3774
49	3775
49	3776
49	3777
49	3778
49	3779
50	3780
50	3781
50	3782
50	3783
50	3784
50	3785
50	3786
50	3787
50	3788
50	3789
50	3790
50	3791
50	3792
50	3793
50	3794
50	3795
50	3796
50	3797
50	3798
50	3799
50	3800
50	3801
50	3802
50	3803
50	3804
50	3805
50	3806
50	3807
50	3808
50	3809
50	3810
50	3811
50	3812
50	3813
50	3814
50	3815
50	3816
50	3817
50	3818
50	3819
50	3820
50	3821
50	3822
50	3823
50	3824
50	3825
50	3826
50	3827
50	3828
50	3829
50	3830
50	3831
50	3832
50	3833
50	3834
50	3835
50	3836
50	3837
50	3838
50	3839
50	3840
50	3841
51	3842
51	3843
51	3844
51	3845
51	3846
51	3847
51	3848
51	3849
51	3850
51	3851
51	3852
51	3853
51	3854
51	3855
51	3856
51	3857
51	3858
51	3859
51	3860
51	3861
51	3862
51	3863
51	3864
51	3865
51	3866
51	3867
51	3868
51	3869
51	3870
51	3871
51	3872
51	3873
51	3874
51	3875
51	3876
51	3877
51	3878
51	3879
51	3880
51	3881
51	3882
51	3883
51	3884
51	3885
51	3886
51	3887
51	3888
51	3889
51	3890
51	3891
51	3892
51	3893
51	3894
51	3895
51	3896
51	3897
51	3898
51	3899
51	3900
51	3901
51	3902
51	3903
51	3904
51	3905
51	3906
51	3907
51	3908
51	3909
51	3910
51	3911
51	3912
51	3913
52	3914
52	3915
52	3916
52	3917
52	3918
52	3919
52	3920
52	3921
52	3922
52	3923
52	3924
52	3925
52	3926
52	3927
52	3928
52	3929
52	3930
52	3931
52	3932
52	3933
52	3934
52	3935
52	3936
52	3937
52	3938
52	3939
52	3940
52	3941
52	3942
52	3943
52	3944
52	3945
52	3946
52	3947
52	3948
52	3949
52	3950
52	3951
52	3952
52	3953
52	3954
52	3955
52	3956
52	3957
52	3958
52	3959
52	3960
52	3961
52	3962
52	3963
52	3964
52	3965
52	3966
52	3967
52	3968
52	3969
52	3970
52	3971
52	3972
52	3973
52	3974
52	3975
52	3976
52	3977
52	3978
52	3979
52	3980
52	3981
52	3982
52	3983
52	3984
52	3985
52	3986
52	3987
52	3988
52	3989
52	3990
52	3991
52	3992
52	3993
53	3994
53	3995
53	3996
53	3997
53	3998
53	3999
53	4000
53	4001
53	4002
53	4003
53	4004
53	4005
53	4006
53	4007
53	4008
53	4009
53	4010
53	4011
53	4012
53	4013
53	4014
53	4015
53	4016
53	4017
53	4018
53	4019
53	4020
53	4021
53	4022
53	4023
53	4024
53	4025
53	4026
53	4027
53	4028
53	4029
53	4030
53	4031
53	4032
53	4033
53	4034
53	4035
53	4036
53	4037
53	4038
53	4039
53	4040
53	4041
53	4042
53	4043
53	4044
53	4045
53	4046
53	4047
53	4048
53	4049
53	4050
53	4051
53	4052
53	4053
53	4054
53	4055
53	4056
53	4057
53	4058
53	4059
53	4060
53	4061
54	4062
54	4063
54	4064
54	4065
54	4066
54	4067
54	4068
54	4069
54	4070
54	4071
54	4072
54	4073
54	4074
54	4075
54	4076
54	4077
54	4078
54	4079
54	4080
54	4081
54	4082
54	4083
54	4084
54	4085
54	4086
54	4087
54	4088
54	4089
54	4090
54	4091
54	4092
54	4093
54	4094
54	4095
54	4096
54	4097
54	4098
54	4099
54	4100
54	4101
54	4102
54	4103
54	4104
54	4105
54	4106
54	4107
54	4108
54	4109
54	4110
54	4111
54	4112
54	4113
54	4114
54	4115
54	4116
54	4117
54	4118
54	4119
54	4120
54	4121
54	4122
54	4123
54	4124
54	4125
54	4126
54	4127
54	4128
54	4129
54	4130
54	4131
54	4132
54	4133
54	4134
54	4135
54	4136
54	4137
54	4138
54	4139
54	4140
54	4141
54	4142
54	4143
54	4144
54	4145
54	4146
54	4147
54	4148
55	4149
55	4150
55	4151
55	4152
55	4153
55	4154
55	4155
55	4156
55	4157
55	4158
55	4159
55	4160
55	4161
55	4162
55	4163
55	4164
55	4165
55	4166
55	4167
55	4168
55	4169
55	4170
55	4171
55	4172
55	4173
55	4174
55	4175
55	4176
55	4177
55	4178
55	4179
55	4180
55	4181
55	4182
55	4183
55	4184
55	4185
55	4186
55	4187
55	4188
55	4189
55	4190
55	4191
55	4192
55	4193
55	4194
55	4195
55	4196
55	4197
55	4198
55	4199
55	4200
55	4201
55	4202
55	4203
55	4204
55	4205
55	4206
55	4207
55	4208
55	4209
55	4210
55	4211
55	4212
55	4213
55	4214
55	4215
55	4216
55	4217
55	4218
55	4219
55	4220
55	4221
55	4222
55	4223
55	4224
55	4225
55	4226
55	4227
55	4228
55	4229
55	4230
55	4231
55	4232
55	4233
55	4234
55	4235
55	4236
56	4237
56	4238
56	4239
56	4240
56	4241
56	4242
56	4243
56	4244
56	4245
56	4246
56	4247
56	4248
56	4249
56	4250
56	4251
56	4252
56	4253
56	4254
56	4255
56	4256
56	4257
56	4258
56	4259
56	4260
56	4261
56	4262
56	4263
56	4264
56	4265
56	4266
56	4267
56	4268
56	4269
56	4270
56	4271
56	4272
56	4273
56	4274
56	4275
56	4276
56	4277
56	4278
56	4279
56	4280
56	4281
56	4282
56	4283
56	4284
56	4285
56	4286
56	4287
56	4288
56	4289
56	4290
56	4291
56	4292
56	4293
56	4294
56	4295
56	4296
56	4297
56	4298
56	4299
56	4300
56	4301
56	4302
56	4303
56	4304
56	4305
56	4306
57	4307
57	4308
57	4309
57	4310
57	4311
57	4312
57	4313
57	4314
57	4315
57	4316
57	4317
57	4318
57	4319
57	4320
57	4321
57	4322
57	4323
57	4324
57	4325
57	4326
57	4327
57	4328
57	4329
57	4330
57	4331
57	4332
57	4333
57	4334
57	4335
57	4336
57	4337
57	4338
57	4339
57	4340
57	4341
57	4342
57	4343
57	4344
57	4345
57	4346
57	4347
57	4348
57	4349
57	4350
57	4351
57	4352
57	4353
57	4354
57	4355
57	4356
57	4357
57	4358
57	4359
57	4360
57	4361
57	4362
57	4363
57	4364
57	4365
57	4366
57	4367
57	4368
57	4369
57	4370
57	4371
57	4372
57	4373
57	4374
57	4375
57	4376
57	4377
57	4378
57	4379
57	4380
57	4381
57	4382
57	4383
57	4384
57	4385
57	4386
57	4387
57	4388
57	4389
57	4390
57	4391
57	4392
57	4393
57	4394
57	4395
57	4396
57	4397
57	4398
57	4399
57	4400
57	4401
57	4402
57	4403
57	4404
57	4405
57	4406
57	4407
57	4408
57	4409
57	4410
57	4411
57	4412
57	4413
57	4414
57	4415
57	4416
57	4417
57	4418
57	4419
57	4420
57	4421
57	4422
57	4423
57	4424
57	4425
57	4426
57	4427
57	4428
57	4429
58	4430
58	4431
58	4432
58	4433
58	4434
58	4435
58	4436
58	4437
58	4438
58	4439
58	4440
58	4441
58	4442
58	4443
58	4444
58	4445
58	4446
58	4447
58	4448
58	4449
58	4450
58	4451
58	4452
58	4453
58	4454
58	4455
58	4456
58	4457
58	4458
58	4459
58	4460
58	4461
58	4462
58	4463
58	4464
58	4465
58	4466
58	4467
58	4468
58	4469
58	4470
58	4471
58	4472
58	4473
58	4474
58	4475
58	4476
58	4477
58	4478
58	4479
58	4480
58	4481
58	4482
58	4483
58	4484
58	4485
58	4486
59	4487
59	4488
59	4489
59	4490
59	4491
59	4492
59	4493
59	4494
59	4495
59	4496
59	4497
59	4498
59	4499
59	4500
59	4501
59	4502
59	4503
59	4504
59	4505
59	4506
59	4507
59	4508
59	4509
59	4510
59	4511
59	4512
59	4513
59	4514
59	4515
59	4516
59	4517
59	4518
59	4519
59	4520
59	4521
59	4522
59	4523
59	4524
59	4525
59	4526
59	4527
59	4528
59	4529
59	4530
59	4531
59	4532
59	4533
59	4534
60	4535
60	4536
60	4537
60	4538
60	4539
60	4540
60	4541
60	4542
60	4543
60	4544
60	4545
60	4546
60	4547
60	4548
60	4549
60	4550
60	4551
60	4552
60	4553
60	4554
60	4555
60	4556
60	4557
60	4558
60	4559
60	4560
60	4561
60	4562
60	4563
60	4564
60	4565
60	4566
60	4567
60	4568
60	4569
60	4570
60	4571
60	4572
60	4573
60	4574
60	4575
60	4576
60	4577
60	4578
60	4579
60	4580
60	4581
60	4582
60	4583
60	4584
60	4585
60	4586
60	4587
60	4588
60	4589
60	4590
60	4591
60	4592
60	4593
60	4594
60	4595
60	4596
60	4597
60	4598
60	4599
60	4600
60	4601
60	4602
60	4603
60	4604
60	4605
60	4606
60	4607
60	4608
60	4609
60	4610
60	4611
60	4612
60	4613
60	4614
60	4615
60	4616
60	4617
60	4618
60	4619
60	4620
61	4621
61	4622
61	4623
61	4624
61	4625
61	4626
61	4627
61	4628
61	4629
61	4630
61	4631
61	4632
61	4633
61	4634
61	4635
61	4636
61	4637
61	4638
61	4639
61	4640
61	4641
61	4642
61	4643
61	4644
61	4645
61	4646
61	4647
61	4648
61	4649
61	4650
61	4651
61	4652
61	4653
61	4654
61	4655
61	4656
61	4657
61	4658
61	4659
61	4660
61	4661
61	4662
61	4663
61	4664
61	4665
61	4666
61	4667
61	4668
61	4669
61	4670
61	4671
61	4672
61	4673
61	4674
61	4675
61	4676
61	4677
61	4678
61	4679
61	4680
61	4681
61	4682
61	4683
61	4684
61	4685
61	4686
61	4687
61	4688
61	4689
61	4690
61	4691
61	4692
61	4693
61	4694
61	4695
61	4696
61	4697
61	4698
61	4699
61	4700
61	4701
61	4702
61	4703
62	4704
62	4705
62	4706
62	4707
62	4708
62	4709
62	4710
62	4711
62	4712
62	4713
62	4714
62	4715
62	4716
62	4717
62	4718
62	4719
62	4720
62	4721
62	4722
62	4723
62	4724
62	4725
62	4726
62	4727
62	4728
62	4729
62	4730
62	4731
62	4732
62	4733
62	4734
62	4735
62	4736
62	4737
62	4738
62	4739
62	4740
62	4741
62	4742
62	4743
62	4744
62	4745
62	4746
62	4747
62	4748
62	4749
62	4750
62	4751
62	4752
62	4753
62	4754
62	4755
62	4756
62	4757
62	4758
62	4759
62	4760
63	4761
63	4762
63	4763
63	4764
63	4765
63	4766
63	4767
63	4768
63	4769
63	4770
63	4771
63	4772
63	4773
63	4774
63	4775
63	4776
63	4777
63	4778
63	4779
63	4780
63	4781
63	4782
63	4783
63	4784
63	4785
63	4786
63	4787
63	4788
63	4789
63	4790
63	4791
63	4792
63	4793
63	4794
63	4795
63	4796
63	4797
63	4798
63	4799
63	4800
63	4801
63	4802
63	4803
63	4804
63	4805
63	4806
63	4807
63	4808
63	4809
63	4810
63	4811
63	4812
63	4813
63	4814
63	4815
63	4816
63	4817
63	4818
63	4819
63	4820
63	4821
63	4822
63	4823
63	4824
63	4825
63	4826
63	4827
63	4828
63	4829
63	4830
63	4831
63	4832
63	4833
63	4834
63	4835
63	4836
63	4837
63	4838
63	4839
63	4840
63	4841
63	4842
63	4843
63	4844
63	4845
63	4846
63	4847
63	4848
63	4849
63	4850
63	4851
63	4852
63	4853
63	4854
63	4855
63	4856
63	4857
63	4858
63	4859
63	4860
63	4861
63	4862
63	4863
63	4864
63	4865
63	4866
63	4867
63	4868
63	4869
64	4870
64	4871
64	4872
64	4873
64	4874
64	4875
64	4876
64	4877
64	4878
64	4879
64	4880
64	4881
64	4882
64	4883
64	4884
64	4885
64	4886
64	4887
64	4888
64	4889
64	4890
64	4891
64	4892
64	4893
64	4894
64	4895
64	4896
64	4897
64	4898
64	4899
64	4900
64	4901
64	4902
64	4903
64	4904
64	4905
64	4906
64	4907
64	4908
64	4909
64	4910
64	4911
64	4912
64	4913
64	4914
64	4915
64	4916
64	4917
64	4918
64	4919
64	4920
64	4921
64	4922
64	4923
64	4924
64	4925
64	4926
64	4927
64	4928
64	4929
64	4930
64	4931
64	4932
64	4933
64	4934
64	4935
64	4936
64	4937
64	4938
64	4939
64	4940
64	4941
64	4942
64	4943
64	4944
64	4945
64	4946
64	4947
64	4948
64	4949
64	4950
64	4951
64	4952
64	4953
65	4954
65	4955
65	4956
65	4957
65	4958
65	4959
65	4960
65	4961
65	4962
65	4963
65	4964
65	4965
65	4966
65	4967
65	4968
65	4969
65	4970
65	4971
65	4972
65	4973
65	4974
65	4975
65	4976
65	4977
65	4978
65	4979
65	4980
65	4981
65	4982
65	4983
65	4984
65	4985
65	4986
65	4987
65	4988
65	4989
65	4990
65	4991
65	4992
65	4993
65	4994
65	4995
65	4996
65	4997
65	4998
65	4999
65	5000
65	5001
65	5002
65	5003
65	5004
65	5005
65	5006
65	5007
65	5008
66	5009
66	5010
66	5011
66	5012
66	5013
66	5014
66	5015
66	5016
66	5017
66	5018
66	5019
66	5020
66	5021
66	5022
66	5023
66	5024
66	5025
66	5026
66	5027
66	5028
66	5029
66	5030
66	5031
66	5032
66	5033
66	5034
66	5035
66	5036
66	5037
66	5038
66	5039
66	5040
66	5041
66	5042
66	5043
66	5044
66	5045
66	5046
66	5047
66	5048
66	5049
66	5050
66	5051
66	5052
66	5053
66	5054
66	5055
66	5056
66	5057
66	5058
66	5059
66	5060
66	5061
67	5062
67	5063
67	5064
67	5065
67	5066
67	5067
67	5068
67	5069
67	5070
67	5071
67	5072
67	5073
67	5074
67	5075
67	5076
67	5077
67	5078
67	5079
67	5080
67	5081
67	5082
67	5083
67	5084
67	5085
67	5086
67	5087
67	5088
67	5089
67	5090
67	5091
67	5092
67	5093
67	5094
67	5095
67	5096
67	5097
67	5098
67	5099
67	5100
67	5101
67	5102
67	5103
67	5104
67	5105
67	5106
67	5107
67	5108
67	5109
67	5110
67	5111
67	5112
67	5113
67	5114
67	5115
67	5116
67	5117
67	5118
67	5119
67	5120
67	5121
67	5122
67	5123
67	5124
67	5125
68	5126
68	5127
68	5128
68	5129
68	5130
68	5131
68	5132
68	5133
68	5134
68	5135
68	5136
68	5137
68	5138
68	5139
68	5140
68	5141
68	5142
68	5143
68	5144
68	5145
68	5146
68	5147
68	5148
68	5149
68	5150
68	5151
68	5152
68	5153
68	5154
68	5155
68	5156
68	5157
68	5158
68	5159
68	5160
68	5161
68	5162
68	5163
68	5164
68	5165
68	5166
68	5167
68	5168
68	5169
68	5170
68	5171
68	5172
68	5173
68	5174
68	5175
68	5176
68	5177
68	5178
68	5179
68	5180
68	5181
68	5182
68	5183
68	5184
68	5185
68	5186
68	5187
68	5188
68	5189
68	5190
68	5191
68	5192
68	5193
68	5194
68	5195
68	5196
68	5197
68	5198
68	5199
68	5200
68	5201
68	5202
68	5203
68	5204
68	5205
68	5206
68	5207
68	5208
68	5209
68	5210
68	5211
68	5212
68	5213
68	5214
68	5215
68	5216
68	5217
68	5218
68	5219
68	5220
68	5221
68	5222
68	5223
68	5224
68	5225
68	5226
68	5227
68	5228
68	5229
68	5230
68	5231
68	5232
68	5233
68	5234
68	5235
68	5236
68	5237
69	5238
69	5239
69	5240
69	5241
69	5242
69	5243
69	5244
69	5245
69	5246
69	5247
69	5248
69	5249
69	5250
69	5251
69	5252
69	5253
69	5254
69	5255
69	5256
69	5257
69	5258
69	5259
69	5260
69	5261
69	5262
69	5263
69	5264
69	5265
69	5266
69	5267
69	5268
69	5269
69	5270
69	5271
69	5272
69	5273
69	5274
69	5275
69	5276
69	5277
69	5278
69	5279
69	5280
69	5281
69	5282
69	5283
69	5284
69	5285
69	5286
69	5287
69	5288
69	5289
69	5290
69	5291
69	5292
69	5293
69	5294
69	5295
69	5296
69	5297
69	5298
69	5299
69	5300
69	5301
69	5302
70	5303
70	5304
70	5305
70	5306
70	5307
70	5308
70	5309
70	5310
70	5311
70	5312
70	5313
70	5314
70	5315
70	5316
70	5317
70	5318
70	5319
70	5320
70	5321
70	5322
70	5323
70	5324
70	5325
70	5326
70	5327
70	5328
70	5329
70	5330
70	5331
70	5332
70	5333
70	5334
70	5335
70	5336
70	5337
70	5338
70	5339
70	5340
70	5341
70	5342
70	5343
70	5344
70	5345
70	5346
70	5347
70	5348
70	5349
70	5350
70	5351
70	5352
70	5353
70	5354
70	5355
70	5356
70	5357
70	5358
70	5359
70	5360
71	5361
71	5362
71	5363
71	5364
71	5365
71	5366
71	5367
71	5368
71	5369
71	5370
71	5371
71	5372
71	5373
71	5374
71	5375
71	5376
71	5377
71	5378
71	5379
71	5380
71	5381
71	5382
71	5383
71	5384
71	5385
71	5386
71	5387
71	5388
71	5389
71	5390
71	5391
71	5392
71	5393
71	5394
71	5395
71	5396
71	5397
71	5398
71	5399
71	5400
71	5401
71	5402
71	5403
71	5404
71	5405
71	5406
71	5407
71	5408
71	5409
71	5410
71	5411
71	5412
71	5413
71	5414
71	5415
71	5416
71	5417
71	5418
71	5419
71	5420
72	5421
72	5422
72	5423
72	5424
72	5425
72	5426
72	5427
72	5428
72	5429
72	5430
72	5431
72	5432
72	5433
72	5434
72	5435
72	5436
72	5437
72	5438
72	5439
72	5440
72	5441
72	5442
72	5443
72	5444
72	5445
72	5446
72	5447
72	5448
72	5449
72	5450
72	5451
72	5452
72	5453
72	5454
72	5455
72	5456
72	5457
72	5458
72	5459
72	5460
72	5461
72	5462
72	5463
72	5464
72	5465
72	5466
72	5467
72	5468
72	5469
72	5470
72	5471
72	5472
72	5473
72	5474
72	5475
72	5476
72	5477
72	5478
72	5479
72	5480
72	5481
72	5482
72	5483
73	5484
73	5485
73	5486
73	5487
73	5488
73	5489
73	5490
73	5491
73	5492
73	5493
73	5494
73	5495
73	5496
73	5497
73	5498
73	5499
73	5500
73	5501
73	5502
73	5503
73	5504
73	5505
73	5506
73	5507
73	5508
73	5509
73	5510
73	5511
73	5512
73	5513
73	5514
73	5515
73	5516
73	5517
73	5518
73	5519
73	5520
73	5521
73	5522
73	5523
73	5524
73	5525
73	5526
73	5527
73	5528
73	5529
73	5530
73	5531
73	5532
73	5533
73	5534
73	5535
73	5536
73	5537
73	5538
73	5539
73	5540
73	5541
73	5542
73	5543
73	5544
73	5545
73	5546
73	5547
73	5548
73	5549
73	5550
73	5551
73	5552
73	5553
73	5554
73	5555
73	5556
73	5557
73	5558
73	5559
73	5560
73	5561
73	5562
73	5563
73	5564
73	5565
73	5566
73	5567
73	5568
74	5569
74	5570
74	5571
74	5572
74	5573
74	5574
74	5575
74	5576
74	5577
74	5578
74	5579
74	5580
74	5581
74	5582
74	5583
74	5584
74	5585
74	5586
74	5587
74	5588
74	5589
74	5590
74	5591
74	5592
74	5593
74	5594
74	5595
74	5596
74	5597
74	5598
74	5599
74	5600
74	5601
74	5602
74	5603
74	5604
74	5605
74	5606
74	5607
74	5608
74	5609
74	5610
74	5611
74	5612
74	5613
74	5614
74	5615
74	5616
74	5617
74	5618
74	5619
74	5620
74	5621
74	5622
74	5623
74	5624
74	5625
74	5626
74	5627
74	5628
74	5629
74	5630
74	5631
74	5632
74	5633
74	5634
74	5635
74	5636
74	5637
74	5638
74	5639
74	5640
74	5641
74	5642
74	5643
74	5644
74	5645
74	5646
74	5647
74	5648
74	5649
74	5650
74	5651
74	5652
74	5653
75	5654
75	5655
75	5656
75	5657
75	5658
75	5659
75	5660
75	5661
75	5662
75	5663
75	5664
75	5665
75	5666
75	5667
75	5668
75	5669
75	5670
75	5671
75	5672
75	5673
75	5674
75	5675
75	5676
75	5677
75	5678
75	5679
75	5680
75	5681
75	5682
75	5683
75	5684
75	5685
75	5686
75	5687
75	5688
75	5689
75	5690
75	5691
75	5692
75	5693
75	5694
75	5695
75	5696
75	5697
75	5698
75	5699
75	5700
75	5701
75	5702
75	5703
75	5704
75	5705
75	5706
75	5707
75	5708
75	5709
75	5710
75	5711
75	5712
75	5713
75	5714
75	5715
75	5716
75	5717
75	5718
75	5719
75	5720
75	5721
76	5722
76	5723
76	5724
76	5725
76	5726
76	5727
76	5728
76	5729
76	5730
76	5731
76	5732
76	5733
76	5734
76	5735
76	5736
76	5737
76	5738
76	5739
76	5740
76	5741
76	5742
76	5743
76	5744
76	5745
76	5746
76	5747
76	5748
76	5749
76	5750
76	5751
76	5752
76	5753
76	5754
76	5755
76	5756
76	5757
76	5758
76	5759
76	5760
76	5761
76	5762
76	5763
76	5764
76	5765
76	5766
76	5767
76	5768
76	5769
76	5770
76	5771
76	5772
76	5773
76	5774
76	5775
76	5776
76	5777
76	5778
76	5779
76	5780
76	5781
76	5782
76	5783
76	5784
76	5785
76	5786
76	5787
76	5788
76	5789
76	5790
76	5791
76	5792
76	5793
76	5794
76	5795
76	5796
76	5797
76	5798
76	5799
76	5800
76	5801
76	5802
76	5803
76	5804
76	5805
76	5806
76	5807
76	5808
76	5809
77	5810
77	5811
77	5812
77	5813
77	5814
77	5815
77	5816
77	5817
77	5818
77	5819
77	5820
77	5821
77	5822
77	5823
77	5824
77	5825
77	5826
77	5827
77	5828
77	5829
77	5830
77	5831
77	5832
77	5833
77	5834
77	5835
77	5836
77	5837
77	5838
77	5839
77	5840
77	5841
77	5842
77	5843
77	5844
77	5845
77	5846
77	5847
77	5848
77	5849
77	5850
77	5851
77	5852
77	5853
77	5854
77	5855
77	5856
77	5857
77	5858
77	5859
77	5860
77	5861
77	5862
77	5863
77	5864
77	5865
77	5866
77	5867
77	5868
77	5869
77	5870
77	5871
77	5872
77	5873
77	5874
77	5875
77	5876
77	5877
77	5878
77	5879
77	5880
77	5881
77	5882
77	5883
77	5884
77	5885
77	5886
77	5887
77	5888
77	5889
77	5890
77	5891
77	5892
77	5893
78	5894
78	5895
78	5896
78	5897
78	5898
78	5899
78	5900
78	5901
78	5902
78	5903
78	5904
78	5905
78	5906
78	5907
78	5908
78	5909
78	5910
78	5911
78	5912
78	5913
78	5914
78	5915
78	5916
78	5917
78	5918
78	5919
78	5920
78	5921
78	5922
78	5923
78	5924
78	5925
78	5926
78	5927
78	5928
78	5929
78	5930
78	5931
78	5932
78	5933
78	5934
78	5935
78	5936
78	5937
78	5938
78	5939
78	5940
78	5941
78	5942
78	5943
78	5944
78	5945
78	5946
78	5947
78	5948
78	5949
78	5950
78	5951
78	5952
78	5953
78	5954
78	5955
78	5956
78	5957
78	5958
78	5959
78	5960
78	5961
78	5962
78	5963
78	5964
78	5965
78	5966
78	5967
78	5968
78	5969
78	5970
78	5971
78	5972
78	5973
78	5974
78	5975
78	5976
78	5977
78	5978
78	5979
78	5980
78	5981
78	5982
79	5983
79	5984
79	5985
79	5986
79	5987
79	5988
79	5989
79	5990
79	5991
79	5992
79	5993
79	5994
79	5995
79	5996
79	5997
79	5998
79	5999
79	6000
79	6001
79	6002
79	6003
79	6004
79	6005
79	6006
79	6007
79	6008
79	6009
79	6010
79	6011
79	6012
79	6013
79	6014
79	6015
79	6016
79	6017
79	6018
79	6019
79	6020
79	6021
79	6022
79	6023
79	6024
79	6025
79	6026
79	6027
79	6028
79	6029
79	6030
79	6031
79	6032
79	6033
79	6034
79	6035
79	6036
79	6037
79	6038
79	6039
79	6040
79	6041
79	6042
79	6043
79	6044
79	6045
79	6046
79	6047
79	6048
79	6049
79	6050
79	6051
79	6052
79	6053
79	6054
79	6055
79	6056
79	6057
79	6058
79	6059
79	6060
79	6061
79	6062
79	6063
79	6064
79	6065
79	6066
80	6067
80	6068
80	6069
80	6070
80	6071
80	6072
80	6073
80	6074
80	6075
80	6076
80	6077
80	6078
80	6079
80	6080
80	6081
80	6082
80	6083
80	6084
80	6085
80	6086
80	6087
80	6088
80	6089
80	6090
80	6091
80	6092
80	6093
80	6094
80	6095
80	6096
80	6097
80	6098
80	6099
80	6100
80	6101
80	6102
80	6103
80	6104
80	6105
80	6106
80	6107
80	6108
80	6109
80	6110
80	6111
80	6112
80	6113
80	6114
80	6115
80	6116
80	6117
80	6118
80	6119
80	6120
80	6121
80	6122
80	6123
80	6124
80	6125
80	6126
80	6127
80	6128
80	6129
80	6130
80	6131
80	6132
80	6133
80	6134
80	6135
80	6136
80	6137
80	6138
80	6139
80	6140
80	6141
80	6142
80	6143
80	6144
80	6145
80	6146
80	6147
80	6148
80	6149
80	6150
80	6151
80	6152
80	6153
80	6154
80	6155
80	6156
80	6157
81	6158
81	6159
81	6160
81	6161
81	6162
81	6163
81	6164
81	6165
81	6166
81	6167
81	6168
81	6169
81	6170
81	6171
81	6172
81	6173
81	6174
81	6175
81	6176
81	6177
81	6178
81	6179
81	6180
81	6181
81	6182
81	6183
81	6184
81	6185
81	6186
81	6187
81	6188
81	6189
81	6190
81	6191
81	6192
81	6193
81	6194
81	6195
81	6196
81	6197
81	6198
81	6199
81	6200
81	6201
81	6202
81	6203
81	6204
81	6205
81	6206
81	6207
81	6208
81	6209
81	6210
81	6211
81	6212
81	6213
81	6214
81	6215
81	6216
81	6217
81	6218
81	6219
81	6220
81	6221
81	6222
81	6223
81	6224
81	6225
81	6226
81	6227
81	6228
81	6229
81	6230
81	6231
81	6232
81	6233
81	6234
81	6235
81	6236
81	6237
81	6238
81	6239
81	6240
81	6241
81	6242
81	6243
81	6244
82	6245
82	6246
82	6247
82	6248
82	6249
82	6250
82	6251
82	6252
82	6253
82	6254
82	6255
82	6256
82	6257
82	6258
82	6259
82	6260
82	6261
82	6262
82	6263
82	6264
82	6265
82	6266
82	6267
82	6268
82	6269
82	6270
82	6271
82	6272
82	6273
82	6274
82	6275
82	6276
82	6277
82	6278
82	6279
82	6280
82	6281
82	6282
82	6283
82	6284
82	6285
82	6286
82	6287
82	6288
82	6289
82	6290
82	6291
82	6292
82	6293
82	6294
82	6295
82	6296
82	6297
82	6298
82	6299
82	6300
82	6301
82	6302
82	6303
82	6304
82	6305
82	6306
82	6307
82	6308
82	6309
82	6310
82	6311
82	6312
82	6313
82	6314
82	6315
82	6316
82	6317
82	6318
82	6319
82	6320
82	6321
82	6322
82	6323
82	6324
82	6325
82	6326
82	6327
82	6328
82	6329
82	6330
82	6331
82	6332
82	6333
82	6334
82	6335
82	6336
82	6337
82	6338
82	6339
82	6340
82	6341
82	6342
82	6343
82	6344
83	6345
83	6346
83	6347
83	6348
83	6349
83	6350
83	6351
83	6352
83	6353
83	6354
83	6355
83	6356
83	6357
83	6358
83	6359
83	6360
83	6361
83	6362
83	6363
83	6364
83	6365
83	6366
83	6367
83	6368
83	6369
83	6370
83	6371
83	6372
83	6373
83	6374
83	6375
83	6376
83	6377
83	6378
83	6379
83	6380
83	6381
83	6382
83	6383
83	6384
83	6385
83	6386
83	6387
83	6388
83	6389
83	6390
83	6391
83	6392
83	6393
83	6394
83	6395
83	6396
83	6397
83	6398
83	6399
83	6400
83	6401
83	6402
83	6403
83	6404
83	6405
83	6406
83	6407
83	6408
83	6409
83	6410
83	6411
83	6412
83	6413
83	6414
83	6415
83	6416
83	6417
83	6418
83	6419
83	6420
83	6421
83	6422
83	6423
83	6424
83	6425
83	6426
83	6427
83	6428
83	6429
83	6430
83	6431
84	6432
84	6433
84	6434
84	6435
84	6436
84	6437
84	6438
84	6439
84	6440
84	6441
84	6442
84	6443
84	6444
84	6445
84	6446
84	6447
84	6448
84	6449
84	6450
84	6451
84	6452
84	6453
84	6454
84	6455
84	6456
84	6457
84	6458
84	6459
84	6460
84	6461
84	6462
84	6463
84	6464
84	6465
84	6466
84	6467
84	6468
84	6469
84	6470
84	6471
84	6472
84	6473
84	6474
84	6475
84	6476
84	6477
84	6478
84	6479
84	6480
84	6481
84	6482
84	6483
84	6484
84	6485
84	6486
84	6487
84	6488
84	6489
84	6490
84	6491
84	6492
84	6493
84	6494
84	6495
84	6496
84	6497
84	6498
84	6499
84	6500
84	6501
84	6502
84	6503
84	6504
84	6505
84	6506
84	6507
84	6508
84	6509
84	6510
85	6511
85	6512
85	6513
85	6514
85	6515
85	6516
85	6517
85	6518
85	6519
85	6520
85	6521
85	6522
85	6523
85	6524
85	6525
85	6526
85	6527
85	6528
85	6529
85	6530
85	6531
85	6532
85	6533
85	6534
85	6535
85	6536
85	6537
85	6538
85	6539
85	6540
85	6541
85	6542
85	6543
85	6544
85	6545
85	6546
85	6547
85	6548
85	6549
85	6550
85	6551
85	6552
85	6553
85	6554
85	6555
85	6556
85	6557
85	6558
85	6559
85	6560
85	6561
85	6562
85	6563
85	6564
86	6565
86	6566
86	6567
86	6568
86	6569
86	6570
86	6571
86	6572
86	6573
86	6574
86	6575
86	6576
86	6577
86	6578
86	6579
86	6580
86	6581
86	6582
86	6583
86	6584
86	6585
86	6586
86	6587
86	6588
86	6589
86	6590
86	6591
86	6592
86	6593
86	6594
86	6595
86	6596
86	6597
86	6598
86	6599
86	6600
86	6601
86	6602
86	6603
86	6604
86	6605
86	6606
86	6607
86	6608
86	6609
86	6610
86	6611
86	6612
86	6613
86	6614
86	6615
86	6616
86	6617
86	6618
86	6619
86	6620
86	6621
86	6622
86	6623
86	6624
86	6625
86	6626
86	6627
86	6628
86	6629
86	6630
86	6631
87	6632
87	6633
87	6634
87	6635
87	6636
87	6637
87	6638
87	6639
87	6640
87	6641
87	6642
87	6643
87	6644
87	6645
87	6646
87	6647
87	6648
87	6649
87	6650
87	6651
87	6652
87	6653
87	6654
87	6655
87	6656
87	6657
87	6658
87	6659
87	6660
87	6661
87	6662
87	6663
87	6664
87	6665
87	6666
87	6667
87	6668
87	6669
87	6670
87	6671
87	6672
87	6673
87	6674
87	6675
87	6676
87	6677
87	6678
87	6679
87	6680
87	6681
87	6682
87	6683
87	6684
87	6685
87	6686
87	6687
87	6688
87	6689
87	6690
87	6691
87	6692
87	6693
87	6694
87	6695
87	6696
87	6697
87	6698
87	6699
87	6700
87	6701
87	6702
87	6703
87	6704
87	6705
87	6706
87	6707
87	6708
87	6709
87	6710
87	6711
87	6712
87	6713
87	6714
87	6715
87	6716
87	6717
87	6718
87	6719
87	6720
87	6721
87	6722
87	6723
87	6724
88	6725
88	6726
88	6727
88	6728
88	6729
88	6730
88	6731
88	6732
88	6733
88	6734
88	6735
88	6736
88	6737
88	6738
88	6739
88	6740
88	6741
88	6742
88	6743
88	6744
88	6745
88	6746
88	6747
88	6748
88	6749
88	6750
88	6751
88	6752
88	6753
88	6754
88	6755
88	6756
88	6757
88	6758
88	6759
88	6760
88	6761
88	6762
88	6763
88	6764
88	6765
88	6766
88	6767
88	6768
88	6769
88	6770
88	6771
88	6772
88	6773
88	6774
88	6775
88	6776
88	6777
88	6778
88	6779
88	6780
88	6781
88	6782
88	6783
88	6784
88	6785
88	6786
88	6787
88	6788
88	6789
88	6790
88	6791
88	6792
88	6793
88	6794
88	6795
88	6796
88	6797
88	6798
88	6799
88	6800
88	6801
88	6802
88	6803
88	6804
88	6805
88	6806
88	6807
88	6808
88	6809
88	6810
88	6811
88	6812
88	6813
88	6814
88	6815
88	6816
88	6817
88	6818
88	6819
88	6820
88	6821
88	6822
88	6823
88	6824
88	6825
88	6826
88	6827
88	6828
88	6829
88	6830
89	6831
89	6832
89	6833
89	6834
89	6835
89	6836
89	6837
89	6838
89	6839
89	6840
89	6841
89	6842
89	6843
89	6844
89	6845
89	6846
89	6847
89	6848
89	6849
89	6850
89	6851
89	6852
89	6853
89	6854
89	6855
89	6856
89	6857
89	6858
89	6859
89	6860
89	6861
89	6862
89	6863
89	6864
89	6865
89	6866
89	6867
89	6868
89	6869
89	6870
89	6871
89	6872
89	6873
89	6874
89	6875
89	6876
89	6877
89	6878
89	6879
89	6880
89	6881
89	6882
89	6883
89	6884
89	6885
89	6886
90	6887
90	6888
90	6889
90	6890
90	6891
90	6892
90	6893
90	6894
90	6895
90	6896
90	6897
90	6898
90	6899
90	6900
90	6901
90	6902
90	6903
90	6904
90	6905
90	6906
90	6907
90	6908
90	6909
90	6910
90	6911
90	6912
90	6913
90	6914
90	6915
90	6916
90	6917
90	6918
90	6919
90	6920
90	6921
90	6922
90	6923
90	6924
90	6925
90	6926
90	6927
90	6928
90	6929
90	6930
90	6931
90	6932
90	6933
90	6934
90	6935
90	6936
90	6937
90	6938
90	6939
90	6940
90	6941
90	6942
90	6943
90	6944
90	6945
90	6946
90	6947
90	6948
90	6949
90	6950
90	6951
90	6952
91	6953
91	6954
91	6955
91	6956
91	6957
91	6958
91	6959
91	6960
91	6961
91	6962
91	6963
91	6964
91	6965
91	6966
91	6967
91	6968
91	6969
91	6970
91	6971
91	6972
91	6973
91	6974
91	6975
91	6976
91	6977
91	6978
91	6979
91	6980
91	6981
91	6982
91	6983
91	6984
91	6985
91	6986
91	6987
91	6988
91	6989
91	6990
91	6991
91	6992
91	6993
91	6994
91	6995
91	6996
91	6997
91	6998
91	6999
91	7000
91	7001
91	7002
91	7003
91	7004
91	7005
91	7006
91	7007
91	7008
91	7009
91	7010
91	7011
91	7012
91	7013
91	7014
91	7015
91	7016
91	7017
91	7018
91	7019
91	7020
91	7021
92	7022
92	7023
92	7024
92	7025
92	7026
92	7027
92	7028
92	7029
92	7030
92	7031
92	7032
92	7033
92	7034
92	7035
92	7036
92	7037
92	7038
92	7039
92	7040
92	7041
92	7042
92	7043
92	7044
92	7045
92	7046
92	7047
92	7048
92	7049
92	7050
92	7051
92	7052
92	7053
92	7054
92	7055
92	7056
92	7057
92	7058
92	7059
92	7060
92	7061
92	7062
92	7063
92	7064
92	7065
92	7066
92	7067
92	7068
92	7069
92	7070
92	7071
92	7072
92	7073
92	7074
92	7075
92	7076
92	7077
92	7078
92	7079
92	7080
92	7081
92	7082
92	7083
92	7084
92	7085
92	7086
92	7087
93	7088
93	7089
93	7090
93	7091
93	7092
93	7093
93	7094
93	7095
93	7096
93	7097
93	7098
93	7099
93	7100
93	7101
93	7102
93	7103
93	7104
93	7105
93	7106
93	7107
93	7108
93	7109
93	7110
93	7111
93	7112
93	7113
93	7114
93	7115
93	7116
93	7117
93	7118
93	7119
93	7120
93	7121
93	7122
93	7123
93	7124
93	7125
93	7126
93	7127
93	7128
93	7129
93	7130
93	7131
93	7132
93	7133
93	7134
93	7135
93	7136
93	7137
93	7138
93	7139
93	7140
93	7141
93	7142
93	7143
93	7144
93	7145
93	7146
93	7147
93	7148
93	7149
93	7150
93	7151
93	7152
93	7153
93	7154
93	7155
93	7156
93	7157
93	7158
93	7159
93	7160
93	7161
93	7162
93	7163
93	7164
94	7165
94	7166
94	7167
94	7168
94	7169
94	7170
94	7171
94	7172
94	7173
94	7174
94	7175
94	7176
94	7177
94	7178
94	7179
94	7180
94	7181
94	7182
94	7183
94	7184
94	7185
94	7186
94	7187
94	7188
94	7189
94	7190
94	7191
94	7192
94	7193
94	7194
94	7195
94	7196
94	7197
94	7198
94	7199
94	7200
94	7201
94	7202
94	7203
94	7204
94	7205
94	7206
94	7207
94	7208
94	7209
94	7210
94	7211
94	7212
94	7213
94	7214
94	7215
94	7216
94	7217
94	7218
94	7219
94	7220
94	7221
94	7222
94	7223
94	7224
94	7225
94	7226
94	7227
94	7228
94	7229
94	7230
94	7231
94	7232
94	7233
94	7234
94	7235
94	7236
94	7237
94	7238
94	7239
94	7240
94	7241
94	7242
94	7243
94	7244
94	7245
94	7246
94	7247
94	7248
94	7249
94	7250
94	7251
94	7252
94	7253
94	7254
95	7255
95	7256
95	7257
95	7258
95	7259
95	7260
95	7261
95	7262
95	7263
95	7264
95	7265
95	7266
95	7267
95	7268
95	7269
95	7270
95	7271
95	7272
95	7273
95	7274
95	7275
95	7276
95	7277
95	7278
95	7279
95	7280
95	7281
95	7282
95	7283
95	7284
95	7285
95	7286
95	7287
95	7288
95	7289
95	7290
95	7291
95	7292
95	7293
95	7294
95	7295
95	7296
95	7297
95	7298
95	7299
95	7300
95	7301
95	7302
95	7303
95	7304
95	7305
95	7306
95	7307
95	7308
95	7309
95	7310
95	7311
95	7312
95	7313
95	7314
95	7315
95	7316
95	7317
95	7318
96	7319
96	7320
96	7321
96	7322
96	7323
96	7324
96	7325
96	7326
96	7327
96	7328
96	7329
96	7330
96	7331
96	7332
96	7333
96	7334
96	7335
96	7336
96	7337
96	7338
96	7339
96	7340
96	7341
96	7342
96	7343
96	7344
96	7345
96	7346
96	7347
96	7348
96	7349
96	7350
96	7351
96	7352
96	7353
96	7354
96	7355
96	7356
96	7357
96	7358
96	7359
96	7360
96	7361
96	7362
96	7363
96	7364
96	7365
96	7366
96	7367
96	7368
96	7369
96	7370
96	7371
96	7372
96	7373
96	7374
96	7375
96	7376
96	7377
96	7378
96	7379
96	7380
96	7381
96	7382
96	7383
96	7384
96	7385
96	7386
96	7387
96	7388
96	7389
96	7390
96	7391
96	7392
96	7393
96	7394
96	7395
96	7396
96	7397
96	7398
96	7399
96	7400
96	7401
96	7402
96	7403
96	7404
96	7405
96	7406
96	7407
96	7408
96	7409
96	7410
96	7411
96	7412
96	7413
97	7414
97	7415
97	7416
97	7417
97	7418
97	7419
97	7420
97	7421
97	7422
97	7423
97	7424
97	7425
97	7426
97	7427
97	7428
97	7429
97	7430
97	7431
97	7432
97	7433
97	7434
97	7435
97	7436
97	7437
97	7438
97	7439
97	7440
97	7441
97	7442
97	7443
97	7444
97	7445
97	7446
97	7447
97	7448
97	7449
97	7450
97	7451
97	7452
97	7453
97	7454
97	7455
97	7456
97	7457
97	7458
97	7459
97	7460
97	7461
97	7462
97	7463
97	7464
97	7465
97	7466
97	7467
97	7468
97	7469
97	7470
97	7471
97	7472
97	7473
97	7474
97	7475
97	7476
97	7477
97	7478
97	7479
97	7480
97	7481
97	7482
97	7483
97	7484
97	7485
97	7486
97	7487
97	7488
97	7489
97	7490
97	7491
97	7492
97	7493
98	7494
98	7495
98	7496
98	7497
98	7498
98	7499
98	7500
98	7501
98	7502
98	7503
98	7504
98	7505
98	7506
98	7507
98	7508
98	7509
98	7510
98	7511
98	7512
98	7513
98	7514
98	7515
98	7516
98	7517
98	7518
98	7519
98	7520
98	7521
98	7522
98	7523
98	7524
98	7525
98	7526
98	7527
98	7528
98	7529
98	7530
98	7531
98	7532
98	7533
98	7534
98	7535
98	7536
98	7537
98	7538
98	7539
98	7540
98	7541
98	7542
98	7543
98	7544
98	7545
98	7546
98	7547
98	7548
98	7549
98	7550
98	7551
98	7552
98	7553
98	7554
98	7555
98	7556
98	7557
98	7558
98	7559
98	7560
98	7561
98	7562
98	7563
98	7564
98	7565
98	7566
98	7567
98	7568
98	7569
98	7570
98	7571
98	7572
98	7573
98	7574
98	7575
98	7576
98	7577
98	7578
98	7579
98	7580
98	7581
98	7582
98	7583
98	7584
98	7585
98	7586
98	7587
98	7588
98	7589
98	7590
98	7591
98	7592
98	7593
98	7594
98	7595
98	7596
98	7597
98	7598
98	7599
99	7600
99	7601
99	7602
99	7603
99	7604
99	7605
99	7606
99	7607
99	7608
99	7609
99	7610
99	7611
99	7612
99	7613
99	7614
99	7615
99	7616
99	7617
99	7618
99	7619
99	7620
99	7621
99	7622
99	7623
99	7624
99	7625
99	7626
99	7627
99	7628
99	7629
99	7630
99	7631
99	7632
99	7633
99	7634
99	7635
99	7636
99	7637
99	7638
99	7639
99	7640
99	7641
99	7642
99	7643
99	7644
99	7645
99	7646
99	7647
99	7648
99	7649
99	7650
99	7651
99	7652
99	7653
99	7654
99	7655
99	7656
99	7657
99	7658
99	7659
99	7660
99	7661
99	7662
99	7663
99	7664
99	7665
99	7666
99	7667
99	7668
99	7669
99	7670
99	7671
100	7672
100	7673
100	7674
100	7675
100	7676
100	7677
100	7678
100	7679
100	7680
100	7681
100	7682
100	7683
100	7684
100	7685
100	7686
100	7687
100	7688
100	7689
100	7690
100	7691
100	7692
100	7693
100	7694
100	7695
100	7696
100	7697
100	7698
100	7699
100	7700
100	7701
100	7702
100	7703
100	7704
100	7705
100	7706
100	7707
100	7708
100	7709
100	7710
100	7711
100	7712
100	7713
100	7714
100	7715
100	7716
100	7717
100	7718
100	7719
100	7720
100	7721
100	7722
100	7723
100	7724
100	7725
100	7726
100	7727
100	7728
100	7729
100	7730
100	7731
100	7732
100	7733
100	7734
100	7735
100	7736
100	7737
100	7738
100	7739
100	7740
100	7741
100	7742
100	7743
100	7744
100	7745
100	7746
100	7747
100	7748
100	7749
101	7750
101	7751
101	7752
101	7753
101	7754
101	7755
101	7756
101	7757
101	7758
101	7759
101	7760
101	7761
101	7762
101	7763
101	7764
101	7765
101	7766
101	7767
101	7768
101	7769
101	7770
101	7771
101	7772
101	7773
101	7774
101	7775
101	7776
101	7777
101	7778
101	7779
101	7780
101	7781
101	7782
101	7783
101	7784
101	7785
101	7786
101	7787
101	7788
101	7789
101	7790
101	7791
101	7792
101	7793
101	7794
101	7795
101	7796
101	7797
101	7798
101	7799
101	7800
101	7801
101	7802
101	7803
101	7804
101	7805
101	7806
101	7807
101	7808
101	7809
101	7810
101	7811
101	7812
101	7813
101	7814
101	7815
101	7816
101	7817
101	7818
101	7819
101	7820
101	7821
101	7822
101	7823
101	7824
102	7825
102	7826
102	7827
102	7828
102	7829
102	7830
102	7831
102	7832
102	7833
102	7834
102	7835
102	7836
102	7837
102	7838
102	7839
102	7840
102	7841
102	7842
102	7843
102	7844
102	7845
102	7846
102	7847
102	7848
102	7849
102	7850
102	7851
102	7852
102	7853
102	7854
102	7855
102	7856
102	7857
102	7858
102	7859
102	7860
102	7861
102	7862
102	7863
102	7864
102	7865
102	7866
102	7867
102	7868
102	7869
102	7870
102	7871
102	7872
102	7873
102	7874
102	7875
102	7876
102	7877
102	7878
102	7879
102	7880
102	7881
102	7882
102	7883
102	7884
102	7885
102	7886
102	7887
102	7888
102	7889
102	7890
102	7891
102	7892
102	7893
102	7894
102	7895
102	7896
102	7897
102	7898
102	7899
102	7900
102	7901
103	7902
103	7903
103	7904
103	7905
103	7906
103	7907
103	7908
103	7909
103	7910
103	7911
103	7912
103	7913
103	7914
103	7915
103	7916
103	7917
103	7918
103	7919
103	7920
103	7921
103	7922
103	7923
103	7924
103	7925
103	7926
103	7927
103	7928
103	7929
103	7930
103	7931
103	7932
103	7933
103	7934
103	7935
103	7936
103	7937
103	7938
103	7939
103	7940
103	7941
103	7942
103	7943
103	7944
103	7945
103	7946
103	7947
103	7948
104	7949
104	7950
104	7951
104	7952
104	7953
104	7954
104	7955
104	7956
104	7957
104	7958
104	7959
104	7960
104	7961
104	7962
104	7963
104	7964
104	7965
104	7966
104	7967
104	7968
104	7969
104	7970
104	7971
104	7972
104	7973
104	7974
104	7975
104	7976
104	7977
104	7978
104	7979
104	7980
104	7981
104	7982
104	7983
104	7984
104	7985
104	7986
104	7987
104	7988
104	7989
104	7990
104	7991
104	7992
104	7993
104	7994
104	7995
104	7996
104	7997
104	7998
104	7999
104	8000
104	8001
104	8002
104	8003
104	8004
104	8005
104	8006
104	8007
104	8008
104	8009
104	8010
104	8011
104	8012
105	8013
105	8014
105	8015
105	8016
105	8017
105	8018
105	8019
105	8020
105	8021
105	8022
105	8023
105	8024
105	8025
105	8026
105	8027
105	8028
105	8029
105	8030
105	8031
105	8032
105	8033
105	8034
105	8035
105	8036
105	8037
105	8038
105	8039
105	8040
105	8041
105	8042
105	8043
105	8044
105	8045
105	8046
105	8047
105	8048
105	8049
105	8050
105	8051
105	8052
105	8053
105	8054
105	8055
105	8056
105	8057
105	8058
105	8059
105	8060
105	8061
105	8062
105	8063
105	8064
105	8065
105	8066
105	8067
105	8068
105	8069
105	8070
105	8071
105	8072
105	8073
105	8074
105	8075
105	8076
105	8077
105	8078
105	8079
105	8080
105	8081
105	8082
105	8083
105	8084
105	8085
105	8086
105	8087
105	8088
105	8089
105	8090
105	8091
105	8092
105	8093
105	8094
105	8095
105	8096
105	8097
105	8098
105	8099
105	8100
105	8101
105	8102
105	8103
105	8104
105	8105
105	8106
105	8107
105	8108
105	8109
105	8110
105	8111
105	8112
105	8113
106	8114
106	8115
106	8116
106	8117
106	8118
106	8119
106	8120
106	8121
106	8122
106	8123
106	8124
106	8125
106	8126
106	8127
106	8128
106	8129
106	8130
106	8131
106	8132
106	8133
106	8134
106	8135
106	8136
106	8137
106	8138
106	8139
106	8140
106	8141
106	8142
106	8143
106	8144
106	8145
106	8146
106	8147
106	8148
106	8149
106	8150
106	8151
106	8152
106	8153
106	8154
106	8155
106	8156
106	8157
106	8158
106	8159
106	8160
106	8161
106	8162
106	8163
106	8164
106	8165
106	8166
106	8167
106	8168
106	8169
106	8170
106	8171
106	8172
106	8173
106	8174
106	8175
106	8176
106	8177
106	8178
106	8179
106	8180
106	8181
106	8182
106	8183
106	8184
106	8185
106	8186
106	8187
107	8188
107	8189
107	8190
107	8191
107	8192
107	8193
107	8194
107	8195
107	8196
107	8197
107	8198
107	8199
107	8200
107	8201
107	8202
107	8203
107	8204
107	8205
107	8206
107	8207
107	8208
107	8209
107	8210
107	8211
107	8212
107	8213
107	8214
107	8215
107	8216
107	8217
107	8218
107	8219
107	8220
107	8221
107	8222
107	8223
107	8224
107	8225
107	8226
107	8227
107	8228
107	8229
107	8230
107	8231
107	8232
107	8233
107	8234
107	8235
107	8236
107	8237
107	8238
107	8239
107	8240
107	8241
107	8242
107	8243
107	8244
107	8245
107	8246
107	8247
107	8248
107	8249
107	8250
107	8251
107	8252
107	8253
107	8254
107	8255
107	8256
107	8257
107	8258
107	8259
107	8260
107	8261
107	8262
107	8263
107	8264
107	8265
107	8266
107	8267
107	8268
107	8269
107	8270
107	8271
107	8272
107	8273
107	8274
107	8275
107	8276
107	8277
107	8278
107	8279
108	8280
108	8281
108	8282
108	8283
108	8284
108	8285
108	8286
108	8287
108	8288
108	8289
108	8290
108	8291
108	8292
108	8293
108	8294
108	8295
108	8296
108	8297
108	8298
108	8299
108	8300
108	8301
108	8302
108	8303
108	8304
108	8305
108	8306
108	8307
108	8308
108	8309
108	8310
108	8311
108	8312
108	8313
108	8314
108	8315
108	8316
108	8317
108	8318
108	8319
108	8320
108	8321
108	8322
108	8323
108	8324
108	8325
108	8326
108	8327
108	8328
108	8329
108	8330
108	8331
108	8332
108	8333
108	8334
108	8335
108	8336
108	8337
108	8338
108	8339
109	8340
109	8341
109	8342
109	8343
109	8344
109	8345
109	8346
109	8347
109	8348
109	8349
109	8350
109	8351
109	8352
109	8353
109	8354
109	8355
109	8356
109	8357
109	8358
109	8359
109	8360
109	8361
109	8362
109	8363
109	8364
109	8365
109	8366
109	8367
109	8368
109	8369
109	8370
109	8371
109	8372
109	8373
109	8374
109	8375
109	8376
109	8377
109	8378
109	8379
109	8380
109	8381
109	8382
109	8383
109	8384
109	8385
109	8386
109	8387
109	8388
109	8389
109	8390
109	8391
109	8392
109	8393
109	8394
109	8395
109	8396
109	8397
109	8398
109	8399
109	8400
109	8401
109	8402
109	8403
109	8404
109	8405
109	8406
109	8407
109	8408
109	8409
109	8410
109	8411
109	8412
109	8413
109	8414
109	8415
109	8416
109	8417
109	8418
109	8419
109	8420
109	8421
109	8422
109	8423
109	8424
109	8425
109	8426
109	8427
109	8428
109	8429
109	8430
109	8431
109	8432
109	8433
109	8434
109	8435
109	8436
109	8437
109	8438
109	8439
110	8440
110	8441
110	8442
110	8443
110	8444
110	8445
110	8446
110	8447
110	8448
110	8449
110	8450
110	8451
110	8452
110	8453
110	8454
110	8455
110	8456
110	8457
110	8458
110	8459
110	8460
110	8461
110	8462
110	8463
110	8464
110	8465
110	8466
110	8467
110	8468
110	8469
110	8470
110	8471
110	8472
110	8473
110	8474
110	8475
110	8476
110	8477
110	8478
110	8479
110	8480
110	8481
110	8482
110	8483
110	8484
110	8485
110	8486
110	8487
110	8488
110	8489
110	8490
110	8491
110	8492
110	8493
110	8494
110	8495
110	8496
110	8497
110	8498
110	8499
110	8500
110	8501
110	8502
110	8503
110	8504
110	8505
110	8506
110	8507
110	8508
110	8509
110	8510
110	8511
110	8512
110	8513
110	8514
110	8515
110	8516
110	8517
110	8518
110	8519
110	8520
110	8521
110	8522
110	8523
111	8524
111	8525
111	8526
111	8527
111	8528
111	8529
111	8530
111	8531
111	8532
111	8533
111	8534
111	8535
111	8536
111	8537
111	8538
111	8539
111	8540
111	8541
111	8542
111	8543
111	8544
111	8545
111	8546
111	8547
111	8548
111	8549
111	8550
111	8551
111	8552
111	8553
111	8554
111	8555
111	8556
111	8557
111	8558
111	8559
111	8560
111	8561
111	8562
111	8563
111	8564
111	8565
111	8566
111	8567
111	8568
111	8569
111	8570
111	8571
111	8572
111	8573
111	8574
111	8575
111	8576
111	8577
111	8578
111	8579
111	8580
111	8581
111	8582
111	8583
111	8584
111	8585
111	8586
111	8587
111	8588
111	8589
111	8590
111	8591
111	8592
111	8593
111	8594
111	8595
111	8596
111	8597
111	8598
112	8599
112	8600
112	8601
112	8602
112	8603
112	8604
112	8605
112	8606
112	8607
112	8608
112	8609
112	8610
112	8611
112	8612
112	8613
112	8614
112	8615
112	8616
112	8617
112	8618
112	8619
112	8620
112	8621
112	8622
112	8623
112	8624
112	8625
112	8626
112	8627
112	8628
112	8629
112	8630
112	8631
112	8632
112	8633
112	8634
112	8635
112	8636
112	8637
112	8638
112	8639
112	8640
112	8641
112	8642
112	8643
112	8644
112	8645
112	8646
112	8647
112	8648
112	8649
112	8650
112	8651
112	8652
112	8653
112	8654
112	8655
112	8656
112	8657
112	8658
112	8659
112	8660
112	8661
112	8662
113	8663
113	8664
113	8665
113	8666
113	8667
113	8668
113	8669
113	8670
113	8671
113	8672
113	8673
113	8674
113	8675
113	8676
113	8677
113	8678
113	8679
113	8680
113	8681
113	8682
113	8683
113	8684
113	8685
113	8686
113	8687
113	8688
113	8689
113	8690
113	8691
113	8692
113	8693
113	8694
113	8695
113	8696
113	8697
113	8698
113	8699
113	8700
113	8701
113	8702
113	8703
113	8704
113	8705
113	8706
113	8707
113	8708
113	8709
113	8710
113	8711
113	8712
113	8713
113	8714
113	8715
113	8716
113	8717
113	8718
113	8719
113	8720
113	8721
113	8722
113	8723
113	8724
113	8725
113	8726
113	8727
113	8728
113	8729
113	8730
113	8731
113	8732
113	8733
113	8734
113	8735
113	8736
113	8737
113	8738
113	8739
113	8740
113	8741
113	8742
113	8743
113	8744
113	8745
113	8746
113	8747
113	8748
113	8749
113	8750
113	8751
113	8752
113	8753
113	8754
113	8755
113	8756
113	8757
113	8758
113	8759
114	8760
114	8761
114	8762
114	8763
114	8764
114	8765
114	8766
114	8767
114	8768
114	8769
114	8770
114	8771
114	8772
114	8773
114	8774
114	8775
114	8776
114	8777
114	8778
114	8779
114	8780
114	8781
114	8782
114	8783
114	8784
114	8785
114	8786
114	8787
114	8788
114	8789
114	8790
114	8791
114	8792
114	8793
114	8794
114	8795
114	8796
114	8797
114	8798
114	8799
114	8800
114	8801
114	8802
114	8803
114	8804
114	8805
114	8806
114	8807
114	8808
114	8809
114	8810
114	8811
114	8812
114	8813
114	8814
114	8815
114	8816
114	8817
114	8818
114	8819
114	8820
114	8821
114	8822
114	8823
114	8824
114	8825
114	8826
114	8827
114	8828
114	8829
114	8830
114	8831
114	8832
114	8833
114	8834
114	8835
114	8836
114	8837
114	8838
114	8839
114	8840
114	8841
115	8842
115	8843
115	8844
115	8845
115	8846
115	8847
115	8848
115	8849
115	8850
115	8851
115	8852
115	8853
115	8854
115	8855
115	8856
115	8857
115	8858
115	8859
115	8860
115	8861
115	8862
115	8863
115	8864
115	8865
115	8866
115	8867
115	8868
115	8869
115	8870
115	8871
115	8872
115	8873
115	8874
115	8875
115	8876
115	8877
115	8878
115	8879
115	8880
115	8881
115	8882
115	8883
115	8884
115	8885
115	8886
115	8887
115	8888
115	8889
115	8890
115	8891
115	8892
115	8893
115	8894
115	8895
115	8896
115	8897
115	8898
115	8899
115	8900
115	8901
115	8902
115	8903
115	8904
115	8905
115	8906
115	8907
115	8908
115	8909
115	8910
115	8911
115	8912
115	8913
115	8914
115	8915
115	8916
115	8917
115	8918
115	8919
115	8920
115	8921
115	8922
115	8923
115	8924
115	8925
115	8926
115	8927
115	8928
115	8929
115	8930
115	8931
115	8932
115	8933
115	8934
115	8935
115	8936
115	8937
115	8938
115	8939
115	8940
115	8941
115	8942
116	8943
116	8944
116	8945
116	8946
116	8947
116	8948
116	8949
116	8950
116	8951
116	8952
116	8953
116	8954
116	8955
116	8956
116	8957
116	8958
116	8959
116	8960
116	8961
116	8962
116	8963
116	8964
116	8965
116	8966
116	8967
116	8968
116	8969
116	8970
116	8971
116	8972
116	8973
116	8974
116	8975
116	8976
116	8977
116	8978
116	8979
116	8980
116	8981
116	8982
116	8983
116	8984
116	8985
116	8986
116	8987
116	8988
116	8989
116	8990
116	8991
116	8992
116	8993
116	8994
116	8995
116	8996
116	8997
116	8998
116	8999
116	9000
116	9001
116	9002
116	9003
116	9004
116	9005
116	9006
116	9007
116	9008
116	9009
116	9010
117	9011
117	9012
117	9013
117	9014
117	9015
117	9016
117	9017
117	9018
117	9019
117	9020
117	9021
117	9022
117	9023
117	9024
117	9025
117	9026
117	9027
117	9028
117	9029
117	9030
117	9031
117	9032
117	9033
117	9034
117	9035
117	9036
117	9037
117	9038
117	9039
117	9040
117	9041
117	9042
117	9043
117	9044
117	9045
117	9046
117	9047
117	9048
117	9049
117	9050
117	9051
117	9052
117	9053
117	9054
117	9055
117	9056
117	9057
117	9058
117	9059
117	9060
117	9061
117	9062
117	9063
117	9064
117	9065
117	9066
117	9067
117	9068
117	9069
117	9070
117	9071
117	9072
117	9073
117	9074
117	9075
117	9076
117	9077
117	9078
117	9079
117	9080
117	9081
117	9082
117	9083
117	9084
117	9085
117	9086
117	9087
117	9088
118	9089
118	9090
118	9091
118	9092
118	9093
118	9094
118	9095
118	9096
118	9097
118	9098
118	9099
118	9100
118	9101
118	9102
118	9103
118	9104
118	9105
118	9106
118	9107
118	9108
118	9109
118	9110
118	9111
118	9112
118	9113
118	9114
118	9115
118	9116
118	9117
118	9118
118	9119
118	9120
118	9121
118	9122
118	9123
118	9124
118	9125
118	9126
118	9127
118	9128
118	9129
118	9130
118	9131
118	9132
118	9133
118	9134
118	9135
118	9136
118	9137
118	9138
118	9139
118	9140
118	9141
118	9142
118	9143
118	9144
118	9145
118	9146
118	9147
118	9148
118	9149
118	9150
118	9151
118	9152
118	9153
118	9154
118	9155
118	9156
118	9157
118	9158
118	9159
118	9160
118	9161
118	9162
118	9163
118	9164
119	9165
119	9166
119	9167
119	9168
119	9169
119	9170
119	9171
119	9172
119	9173
119	9174
119	9175
119	9176
119	9177
119	9178
119	9179
119	9180
119	9181
119	9182
119	9183
119	9184
119	9185
119	9186
119	9187
119	9188
119	9189
119	9190
119	9191
119	9192
119	9193
119	9194
119	9195
119	9196
119	9197
119	9198
119	9199
119	9200
119	9201
119	9202
119	9203
119	9204
119	9205
119	9206
119	9207
119	9208
119	9209
119	9210
119	9211
119	9212
119	9213
119	9214
119	9215
119	9216
119	9217
119	9218
119	9219
119	9220
119	9221
119	9222
119	9223
119	9224
119	9225
119	9226
119	9227
119	9228
119	9229
119	9230
119	9231
119	9232
119	9233
119	9234
119	9235
119	9236
119	9237
119	9238
119	9239
119	9240
119	9241
119	9242
119	9243
119	9244
119	9245
119	9246
119	9247
119	9248
119	9249
119	9250
119	9251
119	9252
119	9253
119	9254
119	9255
119	9256
119	9257
119	9258
119	9259
119	9260
119	9261
119	9262
119	9263
119	9264
119	9265
119	9266
120	9267
120	9268
120	9269
120	9270
120	9271
120	9272
120	9273
120	9274
120	9275
120	9276
120	9277
120	9278
120	9279
120	9280
120	9281
120	9282
120	9283
120	9284
120	9285
120	9286
120	9287
120	9288
120	9289
120	9290
120	9291
120	9292
120	9293
120	9294
120	9295
120	9296
120	9297
120	9298
120	9299
120	9300
120	9301
120	9302
120	9303
120	9304
120	9305
120	9306
120	9307
120	9308
120	9309
120	9310
120	9311
120	9312
120	9313
120	9314
120	9315
120	9316
120	9317
120	9318
120	9319
120	9320
120	9321
120	9322
120	9323
120	9324
120	9325
120	9326
120	9327
120	9328
120	9329
120	9330
120	9331
120	9332
120	9333
120	9334
120	9335
120	9336
120	9337
120	9338
120	9339
120	9340
120	9341
120	9342
120	9343
120	9344
120	9345
120	9346
120	9347
120	9348
120	9349
120	9350
120	9351
120	9352
120	9353
120	9354
120	9355
120	9356
120	9357
120	9358
120	9359
120	9360
120	9361
120	9362
120	9363
120	9364
120	9365
120	9366
120	9367
120	9368
121	9369
121	9370
121	9371
121	9372
121	9373
121	9374
121	9375
121	9376
121	9377
121	9378
121	9379
121	9380
121	9381
121	9382
121	9383
121	9384
121	9385
121	9386
121	9387
121	9388
121	9389
121	9390
121	9391
121	9392
121	9393
121	9394
121	9395
121	9396
121	9397
121	9398
121	9399
121	9400
121	9401
121	9402
121	9403
121	9404
121	9405
121	9406
121	9407
121	9408
121	9409
121	9410
121	9411
121	9412
121	9413
121	9414
121	9415
121	9416
121	9417
121	9418
121	9419
121	9420
121	9421
121	9422
121	9423
121	9424
121	9425
121	9426
121	9427
121	9428
122	9429
122	9430
122	9431
122	9432
122	9433
122	9434
122	9435
122	9436
122	9437
122	9438
122	9439
122	9440
122	9441
122	9442
122	9443
122	9444
122	9445
122	9446
122	9447
122	9448
122	9449
122	9450
122	9451
122	9452
122	9453
122	9454
122	9455
122	9456
122	9457
122	9458
122	9459
122	9460
122	9461
122	9462
122	9463
122	9464
122	9465
122	9466
122	9467
122	9468
122	9469
122	9470
122	9471
122	9472
122	9473
122	9474
122	9475
122	9476
122	9477
122	9478
122	9479
122	9480
122	9481
122	9482
122	9483
122	9484
123	9485
123	9486
123	9487
123	9488
123	9489
123	9490
123	9491
123	9492
123	9493
123	9494
123	9495
123	9496
123	9497
123	9498
123	9499
123	9500
123	9501
123	9502
123	9503
123	9504
123	9505
123	9506
123	9507
123	9508
123	9509
123	9510
123	9511
123	9512
123	9513
123	9514
123	9515
123	9516
123	9517
123	9518
123	9519
123	9520
123	9521
123	9522
123	9523
123	9524
123	9525
123	9526
123	9527
123	9528
123	9529
123	9530
123	9531
123	9532
123	9533
123	9534
123	9535
123	9536
123	9537
123	9538
123	9539
123	9540
123	9541
123	9542
123	9543
123	9544
123	9545
123	9546
123	9547
123	9548
123	9549
123	9550
123	9551
123	9552
123	9553
123	9554
123	9555
123	9556
123	9557
123	9558
123	9559
123	9560
123	9561
123	9562
123	9563
123	9564
123	9565
123	9566
123	9567
123	9568
123	9569
123	9570
123	9571
123	9572
123	9573
123	9574
123	9575
123	9576
123	9577
123	9578
123	9579
123	9580
123	9581
123	9582
123	9583
123	9584
123	9585
123	9586
123	9587
123	9588
123	9589
123	9590
123	9591
123	9592
123	9593
124	9594
124	9595
124	9596
124	9597
124	9598
124	9599
124	9600
124	9601
124	9602
124	9603
124	9604
124	9605
124	9606
124	9607
124	9608
124	9609
124	9610
124	9611
124	9612
124	9613
124	9614
124	9615
124	9616
124	9617
124	9618
124	9619
124	9620
124	9621
124	9622
124	9623
124	9624
124	9625
124	9626
124	9627
124	9628
124	9629
124	9630
124	9631
124	9632
124	9633
124	9634
124	9635
124	9636
124	9637
124	9638
124	9639
124	9640
124	9641
124	9642
124	9643
124	9644
124	9645
124	9646
124	9647
124	9648
124	9649
124	9650
124	9651
124	9652
124	9653
124	9654
124	9655
124	9656
124	9657
124	9658
125	9659
125	9660
125	9661
125	9662
125	9663
125	9664
125	9665
125	9666
125	9667
125	9668
125	9669
125	9670
125	9671
125	9672
125	9673
125	9674
125	9675
125	9676
125	9677
125	9678
125	9679
125	9680
125	9681
125	9682
125	9683
125	9684
125	9685
125	9686
125	9687
125	9688
125	9689
125	9690
125	9691
125	9692
125	9693
125	9694
125	9695
125	9696
125	9697
125	9698
125	9699
125	9700
125	9701
125	9702
125	9703
125	9704
125	9705
125	9706
125	9707
125	9708
125	9709
125	9710
125	9711
125	9712
125	9713
125	9714
125	9715
125	9716
125	9717
125	9718
125	9719
125	9720
125	9721
125	9722
125	9723
125	9724
125	9725
125	9726
125	9727
125	9728
125	9729
125	9730
125	9731
125	9732
125	9733
126	9734
126	9735
126	9736
126	9737
126	9738
126	9739
126	9740
126	9741
126	9742
126	9743
126	9744
126	9745
126	9746
126	9747
126	9748
126	9749
126	9750
126	9751
126	9752
126	9753
126	9754
126	9755
126	9756
126	9757
126	9758
126	9759
126	9760
126	9761
126	9762
126	9763
126	9764
126	9765
126	9766
126	9767
126	9768
126	9769
126	9770
126	9771
126	9772
126	9773
126	9774
126	9775
126	9776
126	9777
126	9778
126	9779
126	9780
126	9781
126	9782
126	9783
126	9784
126	9785
126	9786
126	9787
126	9788
126	9789
126	9790
126	9791
126	9792
126	9793
126	9794
126	9795
126	9796
126	9797
126	9798
126	9799
126	9800
126	9801
126	9802
126	9803
126	9804
126	9805
126	9806
126	9807
126	9808
126	9809
126	9810
126	9811
126	9812
126	9813
126	9814
126	9815
126	9816
126	9817
126	9818
126	9819
126	9820
126	9821
127	9822
127	9823
127	9824
127	9825
127	9826
127	9827
127	9828
127	9829
127	9830
127	9831
127	9832
127	9833
127	9834
127	9835
127	9836
127	9837
127	9838
127	9839
127	9840
127	9841
127	9842
127	9843
127	9844
127	9845
127	9846
127	9847
127	9848
127	9849
127	9850
127	9851
127	9852
127	9853
127	9854
127	9855
127	9856
127	9857
127	9858
127	9859
127	9860
127	9861
127	9862
127	9863
127	9864
127	9865
127	9866
127	9867
127	9868
127	9869
127	9870
127	9871
127	9872
127	9873
127	9874
127	9875
127	9876
127	9877
127	9878
127	9879
127	9880
127	9881
127	9882
127	9883
127	9884
127	9885
127	9886
127	9887
127	9888
127	9889
127	9890
127	9891
127	9892
127	9893
127	9894
127	9895
127	9896
127	9897
127	9898
127	9899
127	9900
127	9901
127	9902
127	9903
127	9904
127	9905
128	9906
128	9907
128	9908
128	9909
128	9910
128	9911
128	9912
128	9913
128	9914
128	9915
128	9916
128	9917
128	9918
128	9919
128	9920
128	9921
128	9922
128	9923
128	9924
128	9925
128	9926
128	9927
128	9928
128	9929
128	9930
128	9931
128	9932
128	9933
128	9934
128	9935
128	9936
128	9937
128	9938
128	9939
128	9940
128	9941
128	9942
128	9943
128	9944
128	9945
128	9946
128	9947
128	9948
128	9949
128	9950
128	9951
128	9952
128	9953
128	9954
128	9955
128	9956
128	9957
128	9958
128	9959
128	9960
128	9961
128	9962
128	9963
128	9964
128	9965
128	9966
128	9967
128	9968
128	9969
128	9970
128	9971
128	9972
128	9973
128	9974
128	9975
128	9976
128	9977
128	9978
128	9979
128	9980
128	9981
128	9982
129	9983
129	9984
129	9985
129	9986
129	9987
129	9988
129	9989
129	9990
129	9991
129	9992
129	9993
129	9994
129	9995
129	9996
129	9997
129	9998
129	9999
129	10000
129	10001
129	10002
129	10003
129	10004
129	10005
129	10006
129	10007
129	10008
129	10009
129	10010
129	10011
129	10012
129	10013
129	10014
129	10015
129	10016
129	10017
129	10018
129	10019
129	10020
129	10021
129	10022
129	10023
129	10024
129	10025
129	10026
129	10027
129	10028
129	10029
129	10030
129	10031
129	10032
129	10033
129	10034
129	10035
129	10036
129	10037
129	10038
129	10039
130	10040
130	10041
130	10042
130	10043
130	10044
130	10045
130	10046
130	10047
130	10048
130	10049
130	10050
130	10051
130	10052
130	10053
130	10054
130	10055
130	10056
130	10057
130	10058
130	10059
130	10060
130	10061
130	10062
130	10063
130	10064
130	10065
130	10066
130	10067
130	10068
130	10069
130	10070
130	10071
130	10072
130	10073
130	10074
130	10075
130	10076
130	10077
130	10078
130	10079
130	10080
130	10081
130	10082
130	10083
130	10084
130	10085
130	10086
130	10087
130	10088
130	10089
130	10090
130	10091
130	10092
130	10093
130	10094
130	10095
130	10096
130	10097
130	10098
130	10099
130	10100
130	10101
130	10102
130	10103
130	10104
130	10105
130	10106
130	10107
130	10108
130	10109
130	10110
130	10111
130	10112
130	10113
130	10114
130	10115
130	10116
130	10117
130	10118
130	10119
131	10120
131	10121
131	10122
131	10123
131	10124
131	10125
131	10126
131	10127
131	10128
131	10129
131	10130
131	10131
131	10132
131	10133
131	10134
131	10135
131	10136
131	10137
131	10138
131	10139
131	10140
131	10141
131	10142
131	10143
131	10144
131	10145
131	10146
131	10147
131	10148
131	10149
131	10150
131	10151
131	10152
131	10153
131	10154
131	10155
131	10156
131	10157
131	10158
131	10159
131	10160
131	10161
131	10162
131	10163
131	10164
131	10165
131	10166
131	10167
131	10168
131	10169
131	10170
131	10171
131	10172
131	10173
131	10174
131	10175
131	10176
131	10177
131	10178
131	10179
131	10180
131	10181
131	10182
131	10183
131	10184
131	10185
131	10186
131	10187
131	10188
131	10189
131	10190
131	10191
131	10192
131	10193
131	10194
131	10195
131	10196
131	10197
131	10198
132	10199
132	10200
132	10201
132	10202
132	10203
132	10204
132	10205
132	10206
132	10207
132	10208
132	10209
132	10210
132	10211
132	10212
132	10213
132	10214
132	10215
132	10216
132	10217
132	10218
132	10219
132	10220
132	10221
132	10222
132	10223
132	10224
132	10225
132	10226
132	10227
132	10228
132	10229
132	10230
132	10231
132	10232
132	10233
132	10234
132	10235
132	10236
132	10237
132	10238
132	10239
132	10240
132	10241
132	10242
132	10243
132	10244
132	10245
132	10246
132	10247
132	10248
132	10249
132	10250
132	10251
132	10252
132	10253
132	10254
132	10255
132	10256
132	10257
132	10258
132	10259
132	10260
132	10261
132	10262
132	10263
132	10264
132	10265
132	10266
132	10267
132	10268
132	10269
132	10270
132	10271
132	10272
133	10273
133	10274
133	10275
133	10276
133	10277
133	10278
133	10279
133	10280
133	10281
133	10282
133	10283
133	10284
133	10285
133	10286
133	10287
133	10288
133	10289
133	10290
133	10291
133	10292
133	10293
133	10294
133	10295
133	10296
133	10297
133	10298
133	10299
133	10300
133	10301
133	10302
133	10303
133	10304
133	10305
133	10306
133	10307
133	10308
133	10309
133	10310
133	10311
133	10312
133	10313
133	10314
133	10315
133	10316
133	10317
133	10318
133	10319
133	10320
133	10321
133	10322
133	10323
133	10324
133	10325
133	10326
133	10327
133	10328
133	10329
133	10330
133	10331
133	10332
133	10333
133	10334
133	10335
133	10336
133	10337
133	10338
133	10339
133	10340
133	10341
133	10342
133	10343
133	10344
133	10345
133	10346
133	10347
133	10348
133	10349
133	10350
133	10351
133	10352
133	10353
133	10354
133	10355
133	10356
133	10357
133	10358
134	10359
134	10360
134	10361
134	10362
134	10363
134	10364
134	10365
134	10366
134	10367
134	10368
134	10369
134	10370
134	10371
134	10372
134	10373
134	10374
134	10375
134	10376
134	10377
134	10378
134	10379
134	10380
134	10381
134	10382
134	10383
134	10384
134	10385
134	10386
134	10387
134	10388
134	10389
134	10390
134	10391
134	10392
134	10393
134	10394
134	10395
134	10396
134	10397
134	10398
134	10399
134	10400
134	10401
134	10402
134	10403
134	10404
134	10405
134	10406
134	10407
134	10408
134	10409
134	10410
134	10411
134	10412
134	10413
134	10414
134	10415
134	10416
134	10417
134	10418
134	10419
134	10420
134	10421
134	10422
134	10423
135	10424
135	10425
135	10426
135	10427
135	10428
135	10429
135	10430
135	10431
135	10432
135	10433
135	10434
135	10435
135	10436
135	10437
135	10438
135	10439
135	10440
135	10441
135	10442
135	10443
135	10444
135	10445
135	10446
135	10447
135	10448
135	10449
135	10450
135	10451
135	10452
135	10453
135	10454
135	10455
135	10456
135	10457
135	10458
135	10459
135	10460
135	10461
135	10462
135	10463
135	10464
135	10465
135	10466
135	10467
135	10468
135	10469
135	10470
135	10471
135	10472
135	10473
135	10474
135	10475
135	10476
135	10477
135	10478
135	10479
135	10480
135	10481
135	10482
135	10483
135	10484
135	10485
135	10486
135	10487
135	10488
135	10489
135	10490
135	10491
135	10492
135	10493
135	10494
135	10495
135	10496
135	10497
135	10498
135	10499
135	10500
135	10501
135	10502
135	10503
135	10504
135	10505
135	10506
135	10507
135	10508
135	10509
135	10510
135	10511
135	10512
135	10513
135	10514
135	10515
135	10516
135	10517
135	10518
135	10519
135	10520
135	10521
135	10522
135	10523
135	10524
135	10525
135	10526
135	10527
135	10528
135	10529
135	10530
135	10531
135	10532
135	10533
135	10534
135	10535
135	10536
135	10537
135	10538
135	10539
135	10540
135	10541
135	10542
135	10543
135	10544
135	10545
136	10546
136	10547
136	10548
136	10549
136	10550
136	10551
136	10552
136	10553
136	10554
136	10555
136	10556
136	10557
136	10558
136	10559
136	10560
136	10561
136	10562
136	10563
136	10564
136	10565
136	10566
136	10567
136	10568
136	10569
136	10570
136	10571
136	10572
136	10573
136	10574
136	10575
136	10576
136	10577
136	10578
136	10579
136	10580
136	10581
136	10582
136	10583
136	10584
136	10585
136	10586
136	10587
136	10588
136	10589
136	10590
136	10591
136	10592
136	10593
136	10594
136	10595
136	10596
136	10597
136	10598
136	10599
136	10600
136	10601
136	10602
137	10603
137	10604
137	10605
137	10606
137	10607
137	10608
137	10609
137	10610
137	10611
137	10612
137	10613
137	10614
137	10615
137	10616
137	10617
137	10618
137	10619
137	10620
137	10621
137	10622
137	10623
137	10624
137	10625
137	10626
137	10627
137	10628
137	10629
137	10630
137	10631
137	10632
137	10633
137	10634
137	10635
137	10636
137	10637
137	10638
137	10639
137	10640
137	10641
137	10642
137	10643
137	10644
137	10645
137	10646
137	10647
137	10648
137	10649
137	10650
137	10651
137	10652
137	10653
137	10654
137	10655
137	10656
137	10657
137	10658
137	10659
137	10660
137	10661
137	10662
137	10663
137	10664
137	10665
137	10666
137	10667
137	10668
137	10669
137	10670
137	10671
137	10672
137	10673
137	10674
137	10675
137	10676
137	10677
137	10678
138	10679
138	10680
138	10681
138	10682
138	10683
138	10684
138	10685
138	10686
138	10687
138	10688
138	10689
138	10690
138	10691
138	10692
138	10693
138	10694
138	10695
138	10696
138	10697
138	10698
138	10699
138	10700
138	10701
138	10702
138	10703
138	10704
138	10705
138	10706
138	10707
138	10708
138	10709
138	10710
138	10711
138	10712
138	10713
138	10714
138	10715
138	10716
138	10717
138	10718
138	10719
138	10720
138	10721
138	10722
138	10723
138	10724
138	10725
138	10726
138	10727
138	10728
138	10729
138	10730
138	10731
138	10732
138	10733
138	10734
138	10735
138	10736
138	10737
138	10738
138	10739
138	10740
138	10741
138	10742
138	10743
138	10744
138	10745
138	10746
138	10747
138	10748
138	10749
138	10750
138	10751
138	10752
138	10753
138	10754
138	10755
138	10756
138	10757
138	10758
138	10759
138	10760
138	10761
138	10762
138	10763
138	10764
138	10765
138	10766
138	10767
138	10768
138	10769
138	10770
138	10771
138	10772
138	10773
139	10774
139	10775
139	10776
139	10777
139	10778
139	10779
139	10780
139	10781
139	10782
139	10783
139	10784
139	10785
139	10786
139	10787
139	10788
139	10789
139	10790
139	10791
139	10792
139	10793
139	10794
139	10795
139	10796
139	10797
139	10798
139	10799
139	10800
139	10801
139	10802
139	10803
139	10804
139	10805
139	10806
139	10807
139	10808
139	10809
139	10810
139	10811
139	10812
139	10813
139	10814
139	10815
139	10816
139	10817
139	10818
139	10819
139	10820
139	10821
139	10822
139	10823
139	10824
139	10825
139	10826
139	10827
139	10828
139	10829
139	10830
139	10831
139	10832
139	10833
139	10834
139	10835
139	10836
139	10837
139	10838
139	10839
139	10840
139	10841
139	10842
139	10843
139	10844
139	10845
139	10846
139	10847
139	10848
139	10849
139	10850
139	10851
139	10852
139	10853
139	10854
139	10855
140	10856
140	10857
140	10858
140	10859
140	10860
140	10861
140	10862
140	10863
140	10864
140	10865
140	10866
140	10867
140	10868
140	10869
140	10870
140	10871
140	10872
140	10873
140	10874
140	10875
140	10876
140	10877
140	10878
140	10879
140	10880
140	10881
140	10882
140	10883
140	10884
140	10885
140	10886
140	10887
140	10888
140	10889
140	10890
140	10891
140	10892
140	10893
140	10894
140	10895
140	10896
140	10897
140	10898
140	10899
140	10900
140	10901
140	10902
140	10903
140	10904
140	10905
140	10906
140	10907
140	10908
140	10909
140	10910
140	10911
140	10912
140	10913
140	10914
140	10915
140	10916
140	10917
140	10918
140	10919
140	10920
140	10921
141	10922
141	10923
141	10924
141	10925
141	10926
141	10927
141	10928
141	10929
141	10930
141	10931
141	10932
141	10933
141	10934
141	10935
141	10936
141	10937
141	10938
141	10939
141	10940
141	10941
141	10942
141	10943
141	10944
141	10945
141	10946
141	10947
141	10948
141	10949
141	10950
141	10951
141	10952
141	10953
141	10954
141	10955
141	10956
141	10957
141	10958
141	10959
141	10960
141	10961
141	10962
141	10963
141	10964
141	10965
141	10966
141	10967
141	10968
141	10969
141	10970
141	10971
141	10972
141	10973
141	10974
141	10975
141	10976
141	10977
141	10978
141	10979
141	10980
141	10981
141	10982
141	10983
141	10984
141	10985
141	10986
141	10987
141	10988
141	10989
141	10990
141	10991
141	10992
141	10993
141	10994
141	10995
141	10996
141	10997
141	10998
141	10999
141	11000
141	11001
141	11002
141	11003
141	11004
141	11005
141	11006
141	11007
141	11008
141	11009
141	11010
141	11011
141	11012
141	11013
141	11014
141	11015
141	11016
141	11017
141	11018
141	11019
141	11020
141	11021
141	11022
141	11023
141	11024
141	11025
141	11026
141	11027
141	11028
141	11029
142	11030
142	11031
142	11032
142	11033
142	11034
142	11035
142	11036
142	11037
142	11038
142	11039
142	11040
142	11041
142	11042
142	11043
142	11044
142	11045
142	11046
142	11047
142	11048
142	11049
142	11050
142	11051
142	11052
142	11053
142	11054
142	11055
142	11056
142	11057
142	11058
142	11059
142	11060
142	11061
142	11062
142	11063
142	11064
142	11065
142	11066
142	11067
142	11068
142	11069
142	11070
142	11071
142	11072
142	11073
142	11074
142	11075
142	11076
142	11077
142	11078
142	11079
142	11080
142	11081
142	11082
142	11083
142	11084
142	11085
142	11086
142	11087
142	11088
142	11089
142	11090
142	11091
142	11092
142	11093
142	11094
142	11095
142	11096
142	11097
142	11098
142	11099
142	11100
142	11101
142	11102
142	11103
142	11104
142	11105
142	11106
142	11107
142	11108
142	11109
142	11110
142	11111
142	11112
142	11113
142	11114
142	11115
142	11116
142	11117
142	11118
142	11119
142	11120
143	11121
143	11122
143	11123
143	11124
143	11125
143	11126
143	11127
143	11128
143	11129
143	11130
143	11131
143	11132
143	11133
143	11134
143	11135
143	11136
143	11137
143	11138
143	11139
143	11140
143	11141
143	11142
143	11143
143	11144
143	11145
143	11146
143	11147
143	11148
143	11149
143	11150
143	11151
143	11152
143	11153
143	11154
143	11155
143	11156
143	11157
143	11158
143	11159
143	11160
143	11161
143	11162
143	11163
143	11164
143	11165
143	11166
143	11167
143	11168
143	11169
143	11170
143	11171
143	11172
143	11173
143	11174
143	11175
143	11176
143	11177
143	11178
143	11179
143	11180
143	11181
143	11182
143	11183
143	11184
143	11185
143	11186
143	11187
143	11188
143	11189
143	11190
143	11191
143	11192
143	11193
143	11194
143	11195
143	11196
143	11197
143	11198
143	11199
143	11200
143	11201
143	11202
143	11203
143	11204
143	11205
143	11206
143	11207
143	11208
143	11209
143	11210
143	11211
143	11212
143	11213
143	11214
143	11215
143	11216
143	11217
143	11218
143	11219
143	11220
143	11221
143	11222
144	11223
144	11224
144	11225
144	11226
144	11227
144	11228
144	11229
144	11230
144	11231
144	11232
144	11233
144	11234
144	11235
144	11236
144	11237
144	11238
144	11239
144	11240
144	11241
144	11242
144	11243
144	11244
144	11245
144	11246
144	11247
144	11248
144	11249
144	11250
144	11251
144	11252
144	11253
144	11254
144	11255
144	11256
144	11257
144	11258
144	11259
144	11260
144	11261
144	11262
144	11263
144	11264
144	11265
144	11266
144	11267
144	11268
144	11269
144	11270
144	11271
144	11272
144	11273
144	11274
144	11275
144	11276
144	11277
144	11278
144	11279
144	11280
144	11281
144	11282
144	11283
144	11284
144	11285
144	11286
144	11287
144	11288
144	11289
144	11290
144	11291
145	11292
145	11293
145	11294
145	11295
145	11296
145	11297
145	11298
145	11299
145	11300
145	11301
145	11302
145	11303
145	11304
145	11305
145	11306
145	11307
145	11308
145	11309
145	11310
145	11311
145	11312
145	11313
145	11314
145	11315
145	11316
145	11317
145	11318
145	11319
145	11320
145	11321
145	11322
145	11323
145	11324
145	11325
145	11326
145	11327
145	11328
145	11329
145	11330
145	11331
145	11332
145	11333
145	11334
145	11335
145	11336
145	11337
145	11338
145	11339
145	11340
145	11341
145	11342
145	11343
145	11344
145	11345
145	11346
145	11347
145	11348
145	11349
145	11350
145	11351
145	11352
145	11353
145	11354
145	11355
145	11356
145	11357
145	11358
145	11359
145	11360
145	11361
145	11362
145	11363
145	11364
145	11365
145	11366
145	11367
145	11368
145	11369
145	11370
145	11371
145	11372
145	11373
145	11374
145	11375
145	11376
145	11377
145	11378
145	11379
146	11380
146	11381
146	11382
146	11383
146	11384
146	11385
146	11386
146	11387
146	11388
146	11389
146	11390
146	11391
146	11392
146	11393
146	11394
146	11395
146	11396
146	11397
146	11398
146	11399
146	11400
146	11401
146	11402
146	11403
146	11404
146	11405
146	11406
146	11407
146	11408
146	11409
146	11410
146	11411
146	11412
146	11413
146	11414
146	11415
146	11416
146	11417
146	11418
146	11419
146	11420
146	11421
146	11422
146	11423
146	11424
146	11425
146	11426
146	11427
146	11428
146	11429
146	11430
146	11431
146	11432
146	11433
146	11434
146	11435
146	11436
146	11437
146	11438
146	11439
146	11440
146	11441
146	11442
146	11443
146	11444
146	11445
146	11446
146	11447
146	11448
146	11449
146	11450
147	11451
147	11452
147	11453
147	11454
147	11455
147	11456
147	11457
147	11458
147	11459
147	11460
147	11461
147	11462
147	11463
147	11464
147	11465
147	11466
147	11467
147	11468
147	11469
147	11470
147	11471
147	11472
147	11473
147	11474
147	11475
147	11476
147	11477
147	11478
147	11479
147	11480
147	11481
147	11482
147	11483
147	11484
147	11485
147	11486
147	11487
147	11488
147	11489
147	11490
147	11491
147	11492
147	11493
147	11494
147	11495
147	11496
147	11497
147	11498
147	11499
147	11500
147	11501
147	11502
147	11503
147	11504
147	11505
147	11506
147	11507
147	11508
147	11509
147	11510
147	11511
147	11512
147	11513
147	11514
147	11515
147	11516
147	11517
147	11518
147	11519
148	11520
148	11521
148	11522
148	11523
148	11524
148	11525
148	11526
148	11527
148	11528
148	11529
148	11530
148	11531
148	11532
148	11533
148	11534
148	11535
148	11536
148	11537
148	11538
148	11539
148	11540
148	11541
148	11542
148	11543
148	11544
148	11545
148	11546
148	11547
148	11548
148	11549
148	11550
148	11551
148	11552
148	11553
148	11554
148	11555
148	11556
148	11557
148	11558
148	11559
148	11560
148	11561
148	11562
148	11563
148	11564
148	11565
148	11566
148	11567
148	11568
148	11569
148	11570
148	11571
148	11572
148	11573
148	11574
148	11575
148	11576
148	11577
148	11578
148	11579
148	11580
148	11581
148	11582
148	11583
148	11584
148	11585
148	11586
148	11587
148	11588
148	11589
148	11590
148	11591
148	11592
148	11593
148	11594
148	11595
149	11596
149	11597
149	11598
149	11599
149	11600
149	11601
149	11602
149	11603
149	11604
149	11605
149	11606
149	11607
149	11608
149	11609
149	11610
149	11611
149	11612
149	11613
149	11614
149	11615
149	11616
149	11617
149	11618
149	11619
149	11620
149	11621
149	11622
149	11623
149	11624
149	11625
149	11626
149	11627
149	11628
149	11629
149	11630
149	11631
149	11632
149	11633
149	11634
149	11635
149	11636
149	11637
149	11638
149	11639
149	11640
149	11641
149	11642
149	11643
149	11644
149	11645
149	11646
149	11647
149	11648
149	11649
149	11650
149	11651
149	11652
149	11653
149	11654
149	11655
149	11656
149	11657
149	11658
149	11659
149	11660
149	11661
149	11662
149	11663
149	11664
149	11665
149	11666
149	11667
149	11668
149	11669
149	11670
149	11671
149	11672
149	11673
149	11674
149	11675
150	11676
150	11677
150	11678
150	11679
150	11680
150	11681
150	11682
150	11683
150	11684
150	11685
150	11686
150	11687
150	11688
150	11689
150	11690
150	11691
150	11692
150	11693
150	11694
150	11695
150	11696
150	11697
150	11698
150	11699
150	11700
150	11701
150	11702
150	11703
150	11704
150	11705
150	11706
150	11707
150	11708
150	11709
150	11710
150	11711
150	11712
150	11713
150	11714
150	11715
150	11716
150	11717
150	11718
150	11719
150	11720
150	11721
150	11722
150	11723
150	11724
150	11725
150	11726
150	11727
150	11728
150	11729
150	11730
150	11731
150	11732
150	11733
150	11734
150	11735
150	11736
150	11737
150	11738
151	11739
151	11740
151	11741
151	11742
151	11743
151	11744
151	11745
151	11746
151	11747
151	11748
151	11749
151	11750
151	11751
151	11752
151	11753
151	11754
151	11755
151	11756
151	11757
151	11758
151	11759
151	11760
151	11761
151	11762
151	11763
151	11764
151	11765
151	11766
151	11767
151	11768
151	11769
151	11770
151	11771
151	11772
151	11773
151	11774
151	11775
151	11776
151	11777
151	11778
151	11779
151	11780
151	11781
151	11782
151	11783
151	11784
151	11785
151	11786
151	11787
151	11788
151	11789
151	11790
151	11791
151	11792
151	11793
151	11794
151	11795
151	11796
151	11797
151	11798
151	11799
151	11800
151	11801
151	11802
151	11803
151	11804
151	11805
151	11806
152	11807
152	11808
152	11809
152	11810
152	11811
152	11812
152	11813
152	11814
152	11815
152	11816
152	11817
152	11818
152	11819
152	11820
152	11821
152	11822
152	11823
152	11824
152	11825
152	11826
152	11827
152	11828
152	11829
152	11830
152	11831
152	11832
152	11833
152	11834
152	11835
152	11836
152	11837
152	11838
152	11839
152	11840
152	11841
152	11842
152	11843
152	11844
152	11845
152	11846
152	11847
152	11848
152	11849
152	11850
152	11851
152	11852
152	11853
152	11854
152	11855
152	11856
152	11857
152	11858
152	11859
152	11860
152	11861
152	11862
152	11863
152	11864
152	11865
152	11866
153	11867
153	11868
153	11869
153	11870
153	11871
153	11872
153	11873
153	11874
153	11875
153	11876
153	11877
153	11878
153	11879
153	11880
153	11881
153	11882
153	11883
153	11884
153	11885
153	11886
153	11887
153	11888
153	11889
153	11890
153	11891
153	11892
153	11893
153	11894
153	11895
153	11896
153	11897
153	11898
153	11899
153	11900
153	11901
153	11902
153	11903
153	11904
153	11905
153	11906
153	11907
153	11908
153	11909
153	11910
153	11911
153	11912
153	11913
153	11914
153	11915
153	11916
153	11917
153	11918
153	11919
153	11920
153	11921
153	11922
153	11923
153	11924
153	11925
153	11926
153	11927
153	11928
153	11929
153	11930
153	11931
153	11932
154	11933
154	11934
154	11935
154	11936
154	11937
154	11938
154	11939
154	11940
154	11941
154	11942
154	11943
154	11944
154	11945
154	11946
154	11947
154	11948
154	11949
154	11950
154	11951
154	11952
154	11953
154	11954
154	11955
154	11956
154	11957
154	11958
154	11959
154	11960
154	11961
154	11962
154	11963
154	11964
154	11965
154	11966
154	11967
154	11968
154	11969
154	11970
154	11971
154	11972
154	11973
154	11974
154	11975
154	11976
154	11977
154	11978
154	11979
154	11980
154	11981
154	11982
154	11983
154	11984
154	11985
154	11986
154	11987
154	11988
154	11989
154	11990
154	11991
154	11992
154	11993
154	11994
154	11995
154	11996
154	11997
154	11998
154	11999
154	12000
154	12001
154	12002
154	12003
154	12004
154	12005
154	12006
154	12007
154	12008
154	12009
154	12010
154	12011
154	12012
154	12013
154	12014
154	12015
154	12016
154	12017
154	12018
154	12019
154	12020
154	12021
154	12022
154	12023
154	12024
154	12025
154	12026
154	12027
154	12028
154	12029
154	12030
154	12031
154	12032
154	12033
154	12034
154	12035
154	12036
154	12037
154	12038
154	12039
154	12040
154	12041
154	12042
154	12043
154	12044
155	12045
155	12046
155	12047
155	12048
155	12049
155	12050
155	12051
155	12052
155	12053
155	12054
155	12055
155	12056
155	12057
155	12058
155	12059
155	12060
155	12061
155	12062
155	12063
155	12064
155	12065
155	12066
155	12067
155	12068
155	12069
155	12070
155	12071
155	12072
155	12073
155	12074
155	12075
155	12076
155	12077
155	12078
155	12079
155	12080
155	12081
155	12082
155	12083
155	12084
155	12085
155	12086
155	12087
155	12088
155	12089
155	12090
155	12091
155	12092
155	12093
155	12094
155	12095
155	12096
155	12097
155	12098
155	12099
155	12100
155	12101
155	12102
155	12103
155	12104
155	12105
155	12106
155	12107
155	12108
155	12109
155	12110
155	12111
155	12112
155	12113
155	12114
155	12115
155	12116
155	12117
155	12118
155	12119
155	12120
155	12121
155	12122
155	12123
155	12124
155	12125
155	12126
155	12127
155	12128
155	12129
155	12130
155	12131
156	12132
156	12133
156	12134
156	12135
156	12136
156	12137
156	12138
156	12139
156	12140
156	12141
156	12142
156	12143
156	12144
156	12145
156	12146
156	12147
156	12148
156	12149
156	12150
156	12151
156	12152
156	12153
156	12154
156	12155
156	12156
156	12157
156	12158
156	12159
156	12160
156	12161
156	12162
156	12163
156	12164
156	12165
156	12166
156	12167
156	12168
156	12169
156	12170
156	12171
156	12172
156	12173
156	12174
156	12175
156	12176
156	12177
156	12178
156	12179
156	12180
156	12181
156	12182
156	12183
156	12184
156	12185
156	12186
156	12187
156	12188
156	12189
156	12190
156	12191
156	12192
156	12193
156	12194
156	12195
156	12196
156	12197
156	12198
156	12199
156	12200
156	12201
156	12202
156	12203
156	12204
156	12205
156	12206
156	12207
156	12208
156	12209
156	12210
156	12211
156	12212
156	12213
156	12214
156	12215
156	12216
156	12217
156	12218
156	12219
156	12220
156	12221
156	12222
156	12223
156	12224
156	12225
156	12226
156	12227
157	12228
157	12229
157	12230
157	12231
157	12232
157	12233
157	12234
157	12235
157	12236
157	12237
157	12238
157	12239
157	12240
157	12241
157	12242
157	12243
157	12244
157	12245
157	12246
157	12247
157	12248
157	12249
157	12250
157	12251
157	12252
157	12253
157	12254
157	12255
157	12256
157	12257
157	12258
157	12259
157	12260
157	12261
157	12262
157	12263
157	12264
157	12265
157	12266
157	12267
157	12268
157	12269
157	12270
157	12271
157	12272
157	12273
157	12274
157	12275
157	12276
157	12277
157	12278
157	12279
157	12280
157	12281
157	12282
157	12283
157	12284
157	12285
157	12286
157	12287
157	12288
157	12289
157	12290
157	12291
157	12292
157	12293
157	12294
157	12295
157	12296
157	12297
157	12298
157	12299
157	12300
157	12301
157	12302
157	12303
157	12304
157	12305
157	12306
157	12307
157	12308
157	12309
157	12310
157	12311
157	12312
158	12313
158	12314
158	12315
158	12316
158	12317
158	12318
158	12319
158	12320
158	12321
158	12322
158	12323
158	12324
158	12325
158	12326
158	12327
158	12328
158	12329
158	12330
158	12331
158	12332
158	12333
158	12334
158	12335
158	12336
158	12337
158	12338
158	12339
158	12340
158	12341
158	12342
158	12343
158	12344
158	12345
158	12346
158	12347
158	12348
158	12349
158	12350
158	12351
158	12352
158	12353
158	12354
158	12355
158	12356
158	12357
158	12358
158	12359
158	12360
158	12361
158	12362
158	12363
158	12364
158	12365
158	12366
158	12367
158	12368
158	12369
158	12370
158	12371
158	12372
158	12373
158	12374
158	12375
158	12376
158	12377
158	12378
158	12379
158	12380
158	12381
158	12382
158	12383
158	12384
158	12385
158	12386
158	12387
158	12388
158	12389
158	12390
158	12391
158	12392
158	12393
158	12394
158	12395
158	12396
158	12397
158	12398
158	12399
158	12400
158	12401
158	12402
158	12403
158	12404
158	12405
158	12406
158	12407
158	12408
158	12409
158	12410
158	12411
159	12412
159	12413
159	12414
159	12415
159	12416
159	12417
159	12418
159	12419
159	12420
159	12421
159	12422
159	12423
159	12424
159	12425
159	12426
159	12427
159	12428
159	12429
159	12430
159	12431
159	12432
159	12433
159	12434
159	12435
159	12436
159	12437
159	12438
159	12439
159	12440
159	12441
159	12442
159	12443
159	12444
159	12445
159	12446
159	12447
159	12448
159	12449
159	12450
159	12451
159	12452
159	12453
159	12454
159	12455
159	12456
159	12457
159	12458
159	12459
159	12460
159	12461
159	12462
159	12463
159	12464
159	12465
159	12466
159	12467
159	12468
159	12469
159	12470
159	12471
159	12472
159	12473
159	12474
159	12475
159	12476
159	12477
159	12478
159	12479
159	12480
159	12481
159	12482
159	12483
159	12484
159	12485
159	12486
159	12487
159	12488
159	12489
159	12490
159	12491
159	12492
159	12493
159	12494
159	12495
159	12496
159	12497
159	12498
159	12499
159	12500
159	12501
159	12502
160	12503
160	12504
160	12505
160	12506
160	12507
160	12508
160	12509
160	12510
160	12511
160	12512
160	12513
160	12514
160	12515
160	12516
160	12517
160	12518
160	12519
160	12520
160	12521
160	12522
160	12523
160	12524
160	12525
160	12526
160	12527
160	12528
160	12529
160	12530
160	12531
160	12532
160	12533
160	12534
160	12535
160	12536
160	12537
160	12538
160	12539
160	12540
160	12541
160	12542
160	12543
160	12544
160	12545
160	12546
160	12547
160	12548
160	12549
160	12550
160	12551
160	12552
160	12553
160	12554
160	12555
160	12556
160	12557
160	12558
160	12559
160	12560
160	12561
160	12562
160	12563
160	12564
160	12565
160	12566
160	12567
160	12568
160	12569
160	12570
161	12571
161	12572
161	12573
161	12574
161	12575
161	12576
161	12577
161	12578
161	12579
161	12580
161	12581
161	12582
161	12583
161	12584
161	12585
161	12586
161	12587
161	12588
161	12589
161	12590
161	12591
161	12592
161	12593
161	12594
161	12595
161	12596
161	12597
161	12598
161	12599
161	12600
161	12601
161	12602
161	12603
161	12604
161	12605
161	12606
161	12607
161	12608
161	12609
161	12610
161	12611
161	12612
161	12613
161	12614
161	12615
161	12616
161	12617
161	12618
161	12619
161	12620
161	12621
161	12622
161	12623
161	12624
161	12625
161	12626
161	12627
161	12628
161	12629
161	12630
161	12631
161	12632
161	12633
161	12634
161	12635
161	12636
161	12637
161	12638
161	12639
161	12640
161	12641
161	12642
161	12643
161	12644
161	12645
161	12646
161	12647
161	12648
161	12649
161	12650
161	12651
161	12652
161	12653
161	12654
161	12655
161	12656
161	12657
161	12658
161	12659
161	12660
161	12661
161	12662
161	12663
161	12664
161	12665
161	12666
161	12667
161	12668
161	12669
162	12670
162	12671
162	12672
162	12673
162	12674
162	12675
162	12676
162	12677
162	12678
162	12679
162	12680
162	12681
162	12682
162	12683
162	12684
162	12685
162	12686
162	12687
162	12688
162	12689
162	12690
162	12691
162	12692
162	12693
162	12694
162	12695
162	12696
162	12697
162	12698
162	12699
162	12700
162	12701
162	12702
162	12703
162	12704
162	12705
162	12706
162	12707
162	12708
162	12709
162	12710
162	12711
162	12712
162	12713
162	12714
162	12715
162	12716
162	12717
162	12718
162	12719
162	12720
162	12721
162	12722
162	12723
162	12724
162	12725
162	12726
162	12727
162	12728
162	12729
163	12730
163	12731
163	12732
163	12733
163	12734
163	12735
163	12736
163	12737
163	12738
163	12739
163	12740
163	12741
163	12742
163	12743
163	12744
163	12745
163	12746
163	12747
163	12748
163	12749
163	12750
163	12751
163	12752
163	12753
163	12754
163	12755
163	12756
163	12757
163	12758
163	12759
163	12760
163	12761
163	12762
163	12763
163	12764
163	12765
163	12766
163	12767
163	12768
163	12769
163	12770
163	12771
163	12772
163	12773
163	12774
163	12775
163	12776
163	12777
163	12778
163	12779
163	12780
163	12781
163	12782
163	12783
163	12784
163	12785
163	12786
163	12787
163	12788
163	12789
163	12790
163	12791
163	12792
163	12793
163	12794
163	12795
163	12796
163	12797
163	12798
163	12799
163	12800
163	12801
163	12802
164	12803
164	12804
164	12805
164	12806
164	12807
164	12808
164	12809
164	12810
164	12811
164	12812
164	12813
164	12814
164	12815
164	12816
164	12817
164	12818
164	12819
164	12820
164	12821
164	12822
164	12823
164	12824
164	12825
164	12826
164	12827
164	12828
164	12829
164	12830
164	12831
164	12832
164	12833
164	12834
164	12835
164	12836
164	12837
164	12838
164	12839
164	12840
164	12841
164	12842
164	12843
164	12844
164	12845
164	12846
164	12847
164	12848
164	12849
164	12850
164	12851
164	12852
164	12853
164	12854
164	12855
164	12856
164	12857
164	12858
164	12859
164	12860
164	12861
164	12862
164	12863
164	12864
164	12865
164	12866
164	12867
164	12868
164	12869
164	12870
164	12871
164	12872
164	12873
164	12874
164	12875
164	12876
164	12877
164	12878
164	12879
164	12880
164	12881
164	12882
164	12883
164	12884
164	12885
164	12886
164	12887
164	12888
164	12889
164	12890
164	12891
164	12892
164	12893
164	12894
164	12895
164	12896
164	12897
164	12898
164	12899
164	12900
164	12901
164	12902
164	12903
164	12904
164	12905
164	12906
164	12907
165	12908
165	12909
165	12910
165	12911
165	12912
165	12913
165	12914
165	12915
165	12916
165	12917
165	12918
165	12919
165	12920
165	12921
165	12922
165	12923
165	12924
165	12925
165	12926
165	12927
165	12928
165	12929
165	12930
165	12931
165	12932
165	12933
165	12934
165	12935
165	12936
165	12937
165	12938
165	12939
165	12940
165	12941
165	12942
165	12943
165	12944
165	12945
165	12946
165	12947
165	12948
165	12949
165	12950
165	12951
165	12952
165	12953
165	12954
165	12955
165	12956
165	12957
165	12958
165	12959
165	12960
165	12961
165	12962
165	12963
165	12964
165	12965
165	12966
165	12967
165	12968
165	12969
165	12970
165	12971
165	12972
165	12973
165	12974
165	12975
165	12976
165	12977
165	12978
165	12979
165	12980
165	12981
165	12982
165	12983
165	12984
165	12985
166	12986
166	12987
166	12988
166	12989
166	12990
166	12991
166	12992
166	12993
166	12994
166	12995
166	12996
166	12997
166	12998
166	12999
166	13000
166	13001
166	13002
166	13003
166	13004
166	13005
166	13006
166	13007
166	13008
166	13009
166	13010
166	13011
166	13012
166	13013
166	13014
166	13015
166	13016
166	13017
166	13018
166	13019
166	13020
166	13021
166	13022
166	13023
166	13024
166	13025
166	13026
166	13027
166	13028
166	13029
166	13030
166	13031
166	13032
166	13033
166	13034
166	13035
166	13036
166	13037
166	13038
166	13039
166	13040
166	13041
166	13042
166	13043
166	13044
166	13045
166	13046
166	13047
166	13048
166	13049
166	13050
166	13051
166	13052
166	13053
166	13054
166	13055
166	13056
166	13057
166	13058
166	13059
166	13060
166	13061
166	13062
166	13063
166	13064
166	13065
166	13066
166	13067
166	13068
166	13069
166	13070
166	13071
166	13072
166	13073
167	13074
167	13075
167	13076
167	13077
167	13078
167	13079
167	13080
167	13081
167	13082
167	13083
167	13084
167	13085
167	13086
167	13087
167	13088
167	13089
167	13090
167	13091
167	13092
167	13093
167	13094
167	13095
167	13096
167	13097
167	13098
167	13099
167	13100
167	13101
167	13102
167	13103
167	13104
167	13105
167	13106
167	13107
167	13108
167	13109
167	13110
167	13111
167	13112
167	13113
167	13114
167	13115
167	13116
167	13117
167	13118
167	13119
167	13120
167	13121
167	13122
167	13123
167	13124
167	13125
167	13126
167	13127
167	13128
167	13129
167	13130
167	13131
167	13132
167	13133
167	13134
167	13135
167	13136
167	13137
167	13138
167	13139
167	13140
167	13141
167	13142
167	13143
167	13144
167	13145
167	13146
167	13147
167	13148
167	13149
167	13150
167	13151
167	13152
167	13153
167	13154
167	13155
167	13156
167	13157
167	13158
167	13159
167	13160
167	13161
167	13162
