ref	idx	token	oga_id	glaux_id	oga_postag	glaux_postag	gorman_postag	oga_lemma	glaux_lemma	gorman_lemma	mismatch_oga_gorman|mismatch_glaux_gorman|mismatch_oga_glaux
1	1	πολλὰ	t_1	102434337	a-p---na-	a-p---na-		πολύς	πολύς		m|m|
1	2	καὶ	t_2	102434338	c--------	c--------		καί	καί		m|m|
1	3	δεινὰ	t_3	102434339	a-p---na-	a-p---na-		δεινός	δεινός		m|m|
1	4	συνειδὼς	t_4	102434340	v-srpamn-	v-srpamn-		σύνοιδα	σύνοιδα		m|m|
1	5	Σίμωνι	t_5	102434341	n-s---md-	n-s---md-		σίμων	Σίμων		m|m|
1	6	,	t_6	102434342	u--------	u--------		,	,		m|m|
1	7	ὦ	t_7	102434343	i--------	i--------		ὦ	ὦ		m|m|
1	8	βουλή	t_8	102434344	n-s---fv-	n-s---fv-		βουλή	βουλή		m|m|
1	9	,	t_9	102434345	u--------	u--------		,	,		m|m|
1	10	οὐκ	t_10	102434346	d--------	d--------		οὐ	οὐ		m|m|
1	11	ἄν	t_11	102434347	d--------	g--------		ἄν	ἄν		m|m|
1	12	ποτʼ	t_12	102434348	d--------	d--------		ποτέ	ποτέ		m|m|
1	13	αὐτὸν	t_13	102434349	p-s---ma-	p-s---ma-		αὐτός	αὐτός		m|m|
1	14	εἰς	t_14	102434350	r--------	r--------		εἰς	εἰς		m|m|
1	15	τοσοῦτον	t_15	102434351	p-s---na-	p-s---na-		τοσοῦτος	τοσοῦτος		m|m|
1	16	τόλμης	t_16	102434352	n-s---fg-	n-s---fg-		τόλμα	τόλμα		m|m|
1	17	ἡγησάμην	t_17	102434353	v1saim---	v1saim---		ἡγέομαι	ἡγέομαι		m|m|
1	18	ἀφικέσθαι	t_18	102434354	v--anm---	v--anm---		ἀφικνέομαι	ἀφικνέομαι		m|m|
1	19	,	t_19	102434355	u--------	u--------		,	,		m|m|
1	20	ὥστε	t_20	102434356	c--------	c--------		ὥστε	ὥστε		m|m|
1	21	ὑπὲρ	t_21	102434357	r--------	r--------		ὑπέρ	ὑπέρ		m|m|
1	22	ὧν	t_22	102434358	p-p---ng-	p-p---ng-		ὅς	ὅς		m|m|
1	23	αὐτὸν	t_23	102434359	p-s---ma-	p-s---ma-		αὐτός	αὐτός		m|m|
1	24	ἔδει	t_24	102434360	v3siia---	v3siia---		δεῖ	δέω		m|m|@
1	25	δοῦναι	t_25	102434361	v--ana---	v--ana---		δίδωμι	δίδωμι		m|m|
1	26	δίκην	t_26	102434362	n-s---fa-	n-s---fa-		δίκη	δίκη		m|m|
1	27	,	t_27	102434363	u--------	u--------		,	,		m|m|
1	28	ὑπὲρ	t_28	102434364	r--------	r--------		ὑπέρ	ὑπέρ		m|m|
1	29	τούτων	t_29	102434365	p-p---ng-	p-p---ng-		οὗτος	οὗτος		m|m|
1	30	ὡς	t_30	102434366	d--------	c--------		ὡς	ὡς		m|m|
1	31	ἀδικούμενον	t_31	102434367	v-sppema-	v-sppmma-		ἀδικέω	ἀδικέω		m|m|
1	32	ἔγκλημα	t_32	102434368	n-s---na-	n-s---na-		ἔγκλημα	ἔγκλημα		m|m|
1	33	ποιήσασθαι	t_33	102434369	v--anm---	v--anm---		ποιέω	ποιέω		m|m|
1	34	καὶ	t_34	102434370	c--------	c--------		καί	καί		m|m|
1	35	οὕτω	t_35	102434371	d--------	d--------		οὕτως	οὕτως		m|m|
1	36	μέγαν	t_36	102434372	a-s---ma-	a-s---ma-		μέγας	μέγας		m|m|
1	37	καὶ	t_37	102434373	c--------	c--------		καί	καί		m|m|
1	38	σεμνὸν	t_38	102434374	a-s---ma-	a-s---ma-		σεμνός	σεμνός		m|m|
1	39	ὅρκον	t_39	102434375	n-s---ma-	n-s---ma-		ὅρκος	ὅρκος		m|m|
1	40	διομοσάμενον	t_40	102434376	v-sapmma-	v-sapmma-		διόμνυμι	διόμνυμι		m|m|
1	41	εἰς	t_41	102434377	r--------	r--------		εἰς	εἰς		m|m|
1	42	ὑμᾶς	t_42	102434378	p-p---ma-	p-p---ca-		σύ	σύ		m|m|
1	43	ἐλθεῖν	t_43	102434379	v--ana---	v--ana---		ἔρχομαι	ἔρχομαι		m|m|
1	44	.	t_44	102434380	u--------	u--------		.	.		m|m|
2	1	εἰ	t_45	102434381	c--------	c--------		εἰ	εἰ		m|m|
2	2	μὲν	t_46	102434382	d--------	g--------		μέν	μέν		m|m|
2	3	οὖν	t_47	102434383	d--------	g--------		οὖν	οὖν		m|m|
2	4	ἄλλοι	t_48	102434384	a-p---mn-	p-p---mn-		ἄλλος	ἄλλος		m|m|
2	5	τινὲς	t_49	102434385	p-p---cn-	p-p---cn-		τις	τις		m|m|
2	6	ἔμελλον	t_50	102434386	v3piia---	v3piia---		μέλλω	μέλλω		m|m|
2	7	περὶ	t_51	102434387	r--------	r--------		περί	περί		m|m|
2	8	ἐμοῦ	t_52	102434388	p-s---mg-	p-s---cg-		ἐγώ	ἐγώ		m|m|
2	9	διαγνώσεσθαι	t_53	102434389	v--fnm---	v--fnm---		διακρίνω	διαγιγνώσκω		m|m|@
2	10	,	t_54	102434390	u--------	u--------		,	,		m|m|
2	11	σφόδρα	t_55	102434391	d--------	d--------		σφόδρα	σφόδρα		m|m|
2	12	ἂν	t_56	102434392	d--------	g--------		ἄν	ἄν		m|m|
2	13	ἐφοβούμην	t_57	102434393	v1siie---	v1siim---		φοβέω	φοβέω		m|m|
2	14	τὸν	t_58	102434394	l-s---ma-	l-s---ma-		ὁ	ὁ		m|m|
2	15	κίνδυνον	t_59	102434395	n-s---ma-	n-s---ma-		κίνδυνος	κίνδυνος		m|m|
2	16	,	t_60	102434396	u--------	u--------		,	,		m|m|
2	17	ὁρῶν	t_61	102434397	v-sppamn-	v-sppamn-		ὁράω	ὁράω		m|m|
2	18	ὅτι	t_62	102434398	c--------	c--------		ὅτι	ὅτι		m|m|
2	19	καὶ	t_63	102434399	d--------	c--------		καί	καί		m|m|
2	20	παρασκευαὶ	t_64	102434400	n-p---fn-	n-p---fn-		παρασκευή	παρασκευή		m|m|
2	21	καὶ	t_65	102434401	c--------	c--------		καί	καί		m|m|
2	22	τύχαι	t_66	102434402	n-p---fn-	n-p---fn-		τύχη	τύχη		m|m|
2	23	ἐνίοτε	t_67	102434403	d--------	d--------		ἐνίοτε	ἐνίοτε		m|m|
2	24	τοιαῦται	t_68	102434404	a-p---fn-	p-p---fn-		τοιοῦτος	τοιοῦτος		m|m|
2	25	γίγνονται	t_69	102434405	v3ppie---	v3ppim---		γίγνομαι	γίγνομαι		m|m|
2	26	,	t_70	102434406	u--------	u--------		,	,		m|m|
2	27	ὥστε	t_71	102434407	c--------	c--------		ὥστε	ὥστε		m|m|
2	28	πολλὰ	t_72	102434408	a-p---na-	a-p---na-		πολύς	πολύς		m|m|
2	29	καὶ	t_73	102434409	d--------	c--------		καί	καί		m|m|
2	30	παρὰ	t_74	102434410	r--------	r--------		παρά	παρά		m|m|
2	31	γνώμην	t_75	102434411	n-s---fa-	n-s---fa-		γνώμη	γνώμη		m|m|
2	32	ἀποβαίνειν	t_76	102434412	v--pna---	v--pna---		ἀποβαίνω	ἀποβαίνω		m|m|
2	33	τοῖς	t_77	102434413	l-p---md-	l-p---md-		ὁ	ὁ		m|m|
2	34	κινδυνεύουσιν	t_78	102434414	v-pppamd-	v-pppamd-		κινδυνεύω	κινδυνεύω		m|m|
2	35	·	t_79	102434415	u--------	u--------		·	·		m|m|
2	36	εἰς	t_80	102434416	r--------	r--------		εἰς	εἰς		m|m|
2	37	ὑμᾶς	t_81	102434417	p-p---ma-	p-p---ca-		σύ	σύ		m|m|
2	38	δʼ	t_82	102434418	d--------	c--------		δέ	δέ		m|m|
2	39	εἰσελθὼν	t_83	102434419	v-sapamn-	v-sapamn-		εἰσέρχομαι	εἰσέρχομαι		m|m|
2	40	ἐλπίζω	t_84	102434420	v1spia---	v1spia---		ἐλπίζω	ἐλπίζω		m|m|
2	41	τῶν	t_85	102434421	l-p---ng-	l-p---ng-		ὁ	ὁ		m|m|
2	42	δικαίων	t_86	102434422	a-p---ng-	a-p---ng-		δίκαιος	δίκαιος		m|m|
2	43	τεύξεσθαι	t_87	102434423	v--fnm---	v--fnm---		τυγχάνω	τυγχάνω		m|m|
2	44	.	t_88	102434424	u--------	u--------		.	.		m|m|
3	1	μάλιστα	t_89	102434425	d--------	d-------s		μάλιστα	μάλα		m|m|@
3	2	δʼ	t_90	102434426	d--------	c--------		δέ	δέ		m|m|
3	3	ἀγανακτῶ	t_91	102434427	v1spia---	v1spia---		ἀγανακτέω	ἀγανακτέω		m|m|
3	4	,	t_92	102434428	u--------	u--------		,	,		m|m|
3	5	ὦ	t_93	102434429	i--------	i--------		ὦ	ὦ		m|m|
3	6	βουλή	t_94	102434430	n-s---fv-	n-s---fv-		βουλή	βουλή		m|m|
3	7	,	t_95	102434431	u--------	u--------		,	,		m|m|
3	8	ὅτι	t_96	102434432	c--------	c--------		ὅτι	ὅτι		m|m|
3	9	περὶ	t_97	102434433	r--------	r--------		περί	περί		m|m|
3	10	τῶν	t_98	102434434	l-p---ng-	l-p---ng-		ὁ	ὁ		m|m|
3	11	πραγμάτωνπραγμάτων	t_99	102434435	n-p---ng-	n-p---ng-		πρᾶγμα	πρᾶγμα		m|m|
3	12	Markland:	t_100	102434436	v--ana---	v--ana---		εἶπον	λέγω		m|m|@
3	13	τραυμάτων	t_101	102434437	v1sfip---	v1sfip---		ἀναγκάζω	ἀναγκάζω		m|m|
3	14	MSS	t_102	102434438	r--------	r--------		πρός	πρός		m|m|
3	15	.	t_103	102434439	p-p---ma-	p-p---ca-		σύ	σύ		m|m|
3	16	εἰπεῖν	t_104	102434440	u--------	u--------		,	,		m|m|
3	17	ἀναγκασθήσομαι	t_105	102434441	r--------	r--------		ὑπέρ	ὑπέρ		m|m|
3	18	πρὸς	t_106	102434442	p-p---ng-	p-p---ng-		ὅς	ὅς		m|m|
3	19	ὑμᾶς	t_107	102434443	p1s---mn-	p-s---cn-		ἐγώ	ἐγώ		m|m|
3	20	,	t_108	102434444	v-sppemn-	v-sppmmn-		αἰσχύνω	αἰσχύνω		m|m|
3	21	ὑπὲρ	t_109	102434445	u--------	u--------		,	,		m|m|
3	22	ὧν	t_110	102434446	c--------	c--------		εἰ	εἰ		m|m|
3	23	ἐγὼ	t_111	102434447	v3ppoa---	v3ppoa---		μέλλω	μέλλω		m|m|
3	24	αἰσχυνόμενος	t_112	102434448	a-p---mn-	a-p---mn-		πολύς	πολύς		m|m|
3	25	,	t_113	102434449	p1s---md-	p-s---cd-		ἐγώ	ἐγώ		m|m|
3	26	εἰ	t_114	102434450	v--fnm---	v--fnm---		σύνειμι	συνέρχομαι		m|m|@
3	27	μέλλοιεν	t_115	102434451	u--------	u--------		,	,		m|m|
3	28	πολλοί	t_116	102434452	v1siie---	v1saim---		ἀνέχω	ἀνέχω		m|m|
3	29	μοι	t_117	102434453	v-sppemn-	v-sppmmn-		ἀδικέω	ἀδικέω		m|m|
3	30	συνείσεσθαι	t_118	102434454	u--------	u--------		.	.		m|m|
3	31	,	t_119	102434455	c--------	c--------		ἐπεί	ἐπειδή		m|m|@
3	32	ἠνεσχόμην	t_120	102434456	d--------	c--------		δέ	δέ		m|m|
3	33	ἀδικούμενος	t_121	102434457	n-s---mn-	n-s---mn-		σίμων	Σίμων		m|m|
3	34	.	t_122	102434458	p1s---ma-	p-s---ca-		ἐγώ	ἐγώ		m|m|
3	35	ἐπειδὴ	t_123	102434459	r--------	r--------		εἰς	εἰς		m|m|
3	36	δὲ	t_124	102434460	a-s---fa-	p-s---fa-		τοιοῦτος	τοιοῦτος		m|m|
3	37	Σίμων	t_125	102434461	n-s---fa-	n-s---fa-		ἀνάγκη	ἀνάγκη		m|m|
3	38	με	t_126	102434462	v3saia---	v3saia---		καθίστημι	καθίστημι		m|m|
3	39	εἰς	t_127	102434463	u--------	u--------		,	,		m|m|
3	40	τοιαύτην	t_128	102434464	p-s---na-	p-s---na-		οὐδείς	οὐδείς		m|m|
3	41	ἀνάγκην	t_129	102434465	v-sapmmn-	v-sapmmn-		ἀποκρύπτω	ἀποκρύπτω		m|m|
3	42	κατέστησεν	t_130	102434466	a-p---na-	p-p---na-		ἅπας	ἅπας		m|m|
3	43	,	t_131	102434467	v1sfim---	v1sfim---		διηγέομαι	διηγέομαι		m|m|
3	44	οὐδὲν	t_132	102434468	r--------	r--------		πρός	πρός		m|m|
3	45	ἀποκρυψάμενος	t_133	102434469	p-p---ma-	p-p---ca-		σύ	σύ		m|m|
3	46	ἅπαντα	t_134	102434470	l-p---na-	l-p---na-		ὁ	ὁ		m|m|
3	47	διηγήσομαι	t_135	102434471	v-prpena-	v-prpmna-		πράσσω	πράσσω		m|m|
3	48	πρὸς	t_136	102434472	u--------	u--------		.	.		m|m|
3	49	ὑμᾶς	t_137	102434473	v1spia---	v1spia---		ἀξιόω	ἀξιόω		m|m|
3	50	τὰ	t_138	102434474	d--------	c--------		δέ	δέ		m|m|
3	51	πεπραγμένα	t_139	102434475	u--------	u--------		,	,		m|m|
3	52	.	t_140	102434476	i--------	i--------		ὦ	ὦ		m|m|
3	53	ἀξιῶ	t_141	102434477	n-s---fv-	n-s---fv-		βουλή	βουλή		m|m|
3	54	δέ	t_142	102434478	u--------	u--------		,	,		m|m|
3	55	,	t_143	102434479	c--------	c--------		εἰ	εἰ		m|m|
4	1	ὦ	t_144	102434480	d--------	g--------		μέν	μέν		m|m|
4	2	βουλή	t_145	102434481	v1spia---	v1spia---		ἀδικέω	ἀδικέω		m|m|
4	3	,	t_146	102434482	u--------	u--------		,	,		m|m|
4	4	εἰ	t_147	102434483	a-s---fg-	p-s---fg-		μηδείς	μηδείς		m|m|
4	5	μὲν	t_148	102434484	n-s---fg-	n-s---fg-		συγγνώμη	συγγνώμη		m|m|
4	6	ἀδικῶ	t_149	102434485	v--pna---	v--pna---		τυγχάνω	τυγχάνω		m|m|
4	7	,	t_150	102434486	u--------	u--------		·	·		m|m|
4	8	μηδεμιᾶς	t_151	102434487	c--------	c--------		ἐάν	ἐάν		m|m|
4	9	συγγνώμης	t_152	102434488	d--------	c--------		δέ	δέ		m|m|
4	10	τυγχάνειν	t_153	102434489	r--------	r--------		περί	περί		m|m|
4	11	·	t_154	102434490	p-p---ng-	p-p---ng-		οὗτος	οὗτος		m|m|
4	12	ἐὰν	t_155	102434491	v1sasa---	v1sasa---		ἀποδείκνυμι	ἀποδείκνυμι		m|m|
4	13	δὲ	t_156	102434492	c--------	c--------		ὡς	ὡς		m|m|
4	14	περὶ	t_157	102434493	d--------	d--------		οὐ	οὐ		m|m|
4	15	τούτων	t_158	102434494	a-s---mn-	a-s---mn-		ἔνοχος	ἔνοχος		m|m|
4	16	ἀποδείξω	t_159	102434495	v1spia---	v1spia---		εἰμί	εἰμί		m|m|
4	17	ὡς	t_160	102434496	p-p---nd-	p-p---nd-		ὅς	ὅς		m|m|
4	18	οὐκ	t_161	102434497	n-s---mn-	n-s---mn-		σίμων	Σίμων		m|m|
4	19	ἔνοχός	t_162	102434498	v3saim---	v3saim---		διωμόω	διόμνυμι		m|m|@
4	20	εἰμι	t_163	102434499	u--------	u--------		,	,		m|m|
4	21	οἷς	t_164	102434500	d--------	d--------		ἄλλως	ἄλλος		m|m|@
4	22	Σίμων	t_165	102434501	c--------	c--------		δέ	δέ		m|m|
4	23	διωμόσατο	t_166	102434502	p-p---md-	p-p---cd-		σύ	σύ		m|m|
4	24	,	t_167	102434503	v1spie---	v1spsm---		φαίνω	φαίνω		m|m|
4	25	ἄλλως	t_168	102434504	r--------	r--------		παρά	παρά		m|m|
4	26	δὲ	t_169	102434505	l-s---fa-	l-s---fa-		ὁ	ὁ		m|m|
4	27	ὑμῖν	t_170	102434506	n-s---fa-	n-s---fa-		ἡλικία	ἡλικία		m|m|
4	28	φαίνωμαι	t_171	102434507	l-s---fa-	l-s---fa-		ὁ	ὁ		m|m|
4	29	παρὰ	t_172	102434508	p-s---mg-	p-s---mg-		ἐμαυτοῦ	ἐμαυτοῦ		m|m|
4	30	τὴν	t_173	102434509	a-s---nac	a-s---nac		ἀνόητος	ἀνόητος		m|m|
4	31	ἡλικίαν	t_174	102434510	r--------	r--------		πρός	πρός		m|m|
4	32	τὴν	t_175	102434511	l-s---na-	l-s---na-		ὁ	ὁ		m|m|
4	33	ἐμαυτοῦ	t_176	102434512	n-s---na-	n-s---na-		μειράκιον	μειράκιον		m|m|
4	34	ἀνοητότερον	t_177	102434513	v-sapamn-	v-sappmn-		διατίθημι	διατίθημι		m|m|
4	35	πρὸς	t_178	102434514	u--------	u--------		,	,		m|m|
4	36	τὸ	t_179	102434515	v1spie---	v1spim---		αἰτέω	αἰτέω		m|m|
4	37	μειράκιον	t_180	102434516	p-p---ma-	p-p---ca-		σύ	σύ		m|m|
4	38	διατεθείς	t_181	102434517	p-s---na-	p-s---na-		μηδείς	μηδείς		m|m|
4	39	,	t_182	102434518	p1s---ma-	p-s---ca-		ἐγώ	ἐγώ		m|m|
4	40	αἰτοῦμαι	t_183	102434519	a-s---mac	a-s---mac		χείρων	κακός		m|m|@
4	41	ὑμᾶς	t_184	102434520	v--pna---	v--pna---		νομίζω	νομίζω		m|m|
4	42	μηδέν	t_185	102434521	u--------	u--------		,	,		m|m|
4	43	με	t_186	102434522	v-prpama-	v-prpama-		οἶδα	οἶδα		m|m|
4	44	χείρω	t_187	102434523	c--------	c--------		ὅτι	ὅτι		m|m|
4	45	νομίζειν	t_188	102434524	v--ana---	v--ana---		ἐπιθυμέω	ἐπιθυμέω		m|m|
4	46	,	t_189	102434525	d--------	g--------		μέν	μέν		m|m|
4	47	εἰδότας	t_190	102434526	a-p---md-	p-p---md-		ἅπας	ἅπας		m|m|
4	48	ὅτι	t_191	102434527	n-p---md-	n-p---md-		ἄνθρωπος	ἄνθρωπος		m|m|
4	49	ἐπιθυμῆσαι	t_192	102434528	v3spia---	v3spia---		ἔνειμι	ἔνειμι		m|m|
4	50	μὲν	t_193	102434529	u--------	u--------		,	,		m|m|
4	51	ἅπασιν	t_194	102434530	p-s---mn-	p-s---mn-		οὗτος	οὗτος		m|m|
4	52	ἀνθρώποις	t_195	102434531	c--------	c--------		δέ	δέ		m|m|
4	53	ἔνεστιν	t_196	102434532	a-s---mns	a-s---mns		βέλτιστος	ἀγαθός		m|m|@
4	54	,	t_197	102434533	d--------	g--------		ἄν	ἄν		m|m|
4	55	οὗτος	t_198	102434534	v3spoa---	v3spoa---		εἰμί	εἰμί		m|m|
4	56	δὲ	t_199	102434535	c--------	c--------		καί	καί		m|m|
4	57	βέλτιστος	t_200	102434536	a-s---mns	a-s---mns		σώφρων	σώφρων		m|m|
4	58	ἂν	t_201	102434537	u--------	u--------		,	,		m|m|
4	59	εἴη	t_202	102434538	p-s---mn-	p-s---mn-		ὅστις	ὅστις		m|m|
4	60	καὶ	t_203	102434539	a-p---nas	a-p---nas		κόσμιος	κόσμιος		m|m|
4	61	σωφρονέστατος	t_204	102434540	l-p---fa-	l-p---fa-		ὁ	ὁ		m|m|
4	62	,	t_205	102434541	n-p---fa-	n-p---fa-		συμφορά	συμφορά		m|m|
4	63	ὅστις	t_206	102434542	v--pna---	v--pna---		φέρω	φέρω		m|m|
4	64	κοσμιώτατα	t_207	102434543	v3spie---	v3spim---		δύναμαι	δύναμαι		m|m|
4	65	τὰς	t_208	102434544	u--------	u--------		.	.		m|m|
4	66	συμφορὰς	t_209	102434545	p-p---md-	p-p---nd-		ὅς	ὅς		m|m|
4	67	φέρειν	t_210	102434546	a-p---md-	p-p---nd-		ἅπας	ἅπας		m|m|
4	68	δύναται	t_211	102434547	d--------	d--------		ἐμποδών	ἐμποδών		m|m|
4	69	.	t_212	102434548	p1s---md-	p-s---cd-		ἐγώ	ἐγώ		m|m|
4	70	οἷς	t_213	102434549	v3srie---	v3srim---		γίγνομαι	γίγνομαι		m|m|
4	71	ἅπασιν	t_214	102434550	n-s---mn-	n-s---mn-		σίμων	Σίμων		m|m|
4	72	ἐμποδὼν	t_215	102434551	a-s---mn-	p-s---mn-		οὗτος	οὗτος		m|m|
4	73	ἐμοὶ	t_216	102434552	u--------	u--------		,	,		m|m|
4	74	γεγένηται	t_217	102434553	c--------	c--------		ὡς	ὡς		m|m|
4	75	Σίμων	t_218	102434554	p-s---mn-	p-s---cn-		ἐγώ	ἐγώ		m|m|
4	76	οὑτοσί	t_219	102434555	p-p---md-	p-p---cd-		σύ	σύ		m|m|
4	77	,	t_220	102434556	v1sfia---	v1sfia---		ἐπιδείκνυμι	ἐπιδείκνυμι		m|m|
4	78	ὡς	t_221	102434557	u--------	u--------		.	.		m|m|
4	79	ἐγὼ	t_222	102434558	p-p---mn-	p-p---cn-		ἐγώ	ἐγώ		m|m|
4	80	ὑμῖν	t_223	102434559	d--------	g--------		γάρ	γάρ		m|m|
4	81	ἐπιδείξω	t_224	102434560	v1paia---	v1paia---		ἐπιθυμέω	ἐπιθυμέω		m|m|
4	82	.	t_225	102434561	u--------	u--------		,	,		m|m|
5	1	ἡμεῖς	t_226	102434562	i--------	i--------		ὦ	ὦ		m|m|
5	2	γὰρ	t_227	102434563	n-s---fv-	n-s---fv-		βουλή	βουλή		m|m|
5	3	ἐπεθυμήσαμεν	t_228	102434564	u--------	u--------		,	,		m|m|
5	4	,	t_229	102434565	n-s---mg-	n-s---mg-		θεόδοτος	Θεόδοτος		m|m|
5	5	ὦ	t_230	102434566	u--------	u--------		,	,		m|m|
5	6	βουλή	t_231	102434567	a-s---ng-	a-s---ng-		πλαταικός	Πλαταϊκός		m|m|
5	7	,	t_232	102434568	n-s---ng-	n-s---ng-		μειράκιον	μειράκιον		m|m|
5	8	Θεοδότου	t_233	102434569	u--------	u--------		,	,		m|m|
5	9	,	t_234	102434570	c--------	c--------		καί	καί		m|m|
5	10	Πλαταϊκοῦ	t_235	102434571	p1s---mn-	p-s---cn-		ἐγώ	ἐγώ		m|m|
5	11	μειρακίου	t_236	102434572	d--------	g--------		μέν	μέν		m|m|
5	12	,	t_237	102434573	d--------	d--------		εὖ	εὖ		m|m|
5	13	καὶ	t_238	102434574	v-sppamn-	v-sppamn-		ποιέω	ποιέω		m|m|
5	14	ἐγὼ	t_239	102434575	p-s---ma-	p-s---ma-		αὐτός	αὐτός		m|m|
5	15	μὲν	t_240	102434576	v1siia---	v1siia---		ἀξιόω	ἀξιόω		m|m|
5	16	εὖ	t_241	102434577	v--pna---	v--pna---		εἰμί	εἰμί		m|m|
5	17	ποιῶν	t_242	102434578	p1s---md-	p-s---cd-		ἐγώ	ἐγώ		m|m|
5	18	αὐτὸν	t_243	102434579	n-s---ma-	a-s---ma-		φίλος	φίλος		m|m|
5	19	ἠξίουν	t_244	102434580	u--------	u--------		,	,		m|m|
5	20	εἶναί	t_245	102434581	p-s---mn-	p-s---mn-		οὗτος	οὗτος		m|m|
5	21	μοι	t_246	102434582	c--------	c--------		δέ	δέ		m|m|
5	22	φίλον	t_247	102434583	v-sppamn-	v-sppamn-		ὑβρίζω	ὑβρίζω		m|m|
5	23	,	t_248	102434584	c--------	c--------		καί	καί		m|m|
5	24	οὗτος	t_249	102434585	v-sppamn-	v-sppamn-		παρανομέω	παρανομέω		m|m|
5	25	δὲ	t_250	102434586	v3siie---	v3siim---		οἴομαι	οἴομαι		m|m|
5	26	ὑβρίζων	t_251	102434587	v--fna---	v--fna---		ἀναγκάζω	ἀναγκάζω		m|m|
5	27	καὶ	t_252	102434588	p-s---ma-	p-s---ma-		αὐτός	αὐτός		m|m|
5	28	παρανομῶν	t_253	102434589	v--pna---	v--pna---		ποιέω	ποιέω		m|m|
5	29	ᾤετο	t_254	102434590	p-s---na-	p-s---na-		ὅς	ὅς		m|m|
5	30	ἀναγκάσειν	t_255	102434591	a-s---na-	p-s---na-		τις	τις		m|m|
5	31	αὐτὸν	t_256	102434592	v3spoe---	v3spom---		βούλομαι	βούλομαι		m|m|
5	32	ποιεῖν	t_257	102434593	u--------	u--------		.	.		m|m|
5	33	ὅ	t_258	102434594	a-p---na-	p-p---na-		ὅσος	ὅσος		m|m|
5	34	τι	t_259	102434595	d--------	g--------		μέν	μέν		m|m|
5	35	βούλοιτο	t_260	102434596	d--------	g--------		οὖν	οὖν		m|m|
5	36	.	t_261	102434597	p-s---mn-	p-s---mn-		ἐκεῖνος	ἐκεῖνος		m|m|
5	37	ὅσα	t_262	102434598	a-p---na-	a-p---na-		κακός	κακός		m|m|
5	38	μὲν	t_263	102434599	r--------	r--------		ὑπό	ὑπό		m|m|
5	39	οὖν	t_264	102434600	p-s---mg-	p-s---mg-		αὐτός	αὐτός		m|m|
5	40	ἐκεῖνος	t_265	102434601	v3sria---	v3sria---		πάσχω	πάσχω		m|m|
5	41	κακὰ	t_266	102434602	u--------	u--------		,	,		m|m|
5	42	ὑπʼ	t_267	102434603	a-s---nn-	a-s---na-		πολύς	πολύς		m|m|
5	43	αὐτοῦ	t_268	102434604	d--------	g--------		ἄν	ἄν		m|m|
5	44	πέπονθε	t_269	102434605	n-s---nn-	n-s---nn-		ἔργον	ἔργον		m|m|
5	45	,	t_270	102434606	v3spoa---	v3spoa---		εἰμί	εἰμί		m|m|
5	46	πολὺ	t_271	102434607	v--pna---	v--pna---		λέγω3	λέγω		m|m|
5	47	ἂν	t_272	102434608	u--------	u--------		·	·		m|m|
5	48	ἔργον	t_273	102434609	a-p---nn-	p-p---na-		ὅσος	ὅσος		m|m|
5	49	εἴη	t_274	102434610	d--------	c--------		δέ	δέ		m|m|
5	50	λέγειν	t_275	102434611	r--------	r--------		εἰς	εἰς		m|m|
5	51	·	t_276	102434612	p1s---ma-	p-s---ca-		ἐγώ	ἐγώ		m|m|
5	52	ὅσα	t_277	102434613	a-s---ma-	p-s---ma-		αὐτός	αὐτός		m|m|
5	53	δὲ	t_278	102434614	v3sria---	v3sria---		ἐξαμαρτάνω	ἐξαμαρτάνω		m|m|
5	54	εἰς	t_279	102434615	u--------	u--------		,	,		m|m|
5	55	ἐμὲ	t_280	102434616	v1spim---	v1spim---		ἡγέομαι	ἡγέομαι		m|m|
5	56	αὐτὸν	t_281	102434617	p-p---na-	p-p---na-		οὗτος	οὗτος		m|m|
5	57	ἐξημάρτηκεν	t_282	102434618	p-p---md-	p-p---cd-		σύ	σύ		m|m|
5	58	,	t_283	102434619	v--pna---	v--pna---		προσήκω	προσήκω		m|m|
6	1	ἡγοῦμαι	t_284	102434620	v--ana---	v--ana---		ἀκούω	ἀκούω		m|m|
6	2	ταῦθʼ	t_285	102434621	u--------	u--------		.	.		m|m|
6	3	ὑμῖν	t_286	102434622	v-sapmmn-	v-sapmmn-		πυνθάνομαι	πυνθάνομαι		m|m|
6	4	προσήκειν	t_287	102434623	d--------	g--------		γάρ	γάρ		m|m|
6	5	ἀκοῦσαι	t_288	102434624	c--------	c--------		ὅτι	ὅτι		m|m|
6	6	.	t_289	102434625	l-s---nn-	l-s---nn-		ὁ	ὁ		m|m|
6	7	πυθόμενος	t_290	102434626	n-s---nn-	n-s---nn-		μειράκιον	μειράκιον		m|m|
6	8	γὰρ	t_291	102434627	v3siia---	v3siia---		εἰμί	εἰμί		m|m|
6	9	ὅτι	t_292	102434628	r--------	r--------		παρά	παρά		m|m|
6	10	τὸ	t_293	102434629	p1s---md-	p-s---cd-		ἐγώ	ἐγώ		m|m|
6	11	μειράκιον	t_294	102434630	u--------	u--------		,	,		m|m|
6	12	ἦν	t_295	102434631	v-sapamn-	v-sapamn-		ἔρχομαι	ἔρχομαι		m|m|
6	13	παρʼ	t_296	102434632	r--------	r--------		ἐπί	ἐπί		m|m|
6	14	ἐμοί	t_297	102434633	l-s---fa-	l-s---fa-		ὁ	ὁ		m|m|
6	15	,	t_298	102434634	n-s---fa-	n-s---fa-		οἰκία	οἰκία		m|m|
6	16	ἐλθὼν	t_299	102434635	l-s---fa-	l-s---fa-		ὁ	ὁ		m|m|
6	17	ἐπὶ	t_300	102434636	a-s---fa-	a-s---fa-		ἐμός	ἐμός		m|m|
6	18	τὴν	t_301	102434637	d--------	d--------		νύκτωρ	νύκτωρ		m|m|
6	19	οἰκίαν	t_302	102434638	v-sppamn-	v-sppamn-		μεθύω	μεθύω		m|m|
6	20	τὴν	t_303	102434639	u--------	u--------		,	,		m|m|
6	21	ἐμὴν	t_304	102434640	v-sapamn-	v-sapamn-		ἐκκόπτω	ἐκκόπτω		m|m|
6	22	νύκτωρ	t_305	102434641	l-p---fa-	l-p---fa-		ὁ	ὁ		m|m|
6	23	μεθύων	t_306	102434642	n-p---fa-	n-p---fa-		θύρα	θύρα		m|m|
6	24	,	t_307	102434643	v3saia---	v3saia---		εἰσέρχομαι	εἰσέρχομαι		m|m|
6	25	ἐκκόψας	t_308	102434644	r--------	r--------		εἰς	εἰς		m|m|
6	26	τὰς	t_309	102434645	l-s---fa-	l-s---fa-		ὁ	ὁ		m|m|
6	27	θύρας	t_310	102434646	n-s---fa-	n-s---fa-		γυναικωνῖτις	γυναικωνῖτις		m|m|
6	28	εἰσῆλθεν	t_311	102434647	u--------	u--------		,	,		m|m|
6	29	εἰς	t_312	102434648	d--------	d--------		ἔνδον	ἔνδον		m|m|
6	30	τὴν	t_313	102434649	v-pppafg-	v-pppafg-		εἰμί	εἰμί		m|m|
6	31	γυναικωνῖτιν	t_314	102434650	l-s---fg-	l-s---fg-		ὁ	ὁ		m|m|
6	32	,	t_315	102434651	d--------	c--------		τε	τε		m|m|
6	33	ἔνδον	t_316	102434652	n-s---fg-	n-s---fg-		ἀδελφή	ἀδελφή		m|m|
6	34	οὐσῶν	t_317	102434653	l-s---fg-	l-s---fg-		ὁ	ὁ		m|m|
6	35	τῆς	t_318	102434654	a-s---fg-	a-s---fg-		ἐμός	ἐμός		m|m|
6	36	τε	t_319	102434655	c--------	c--------		καί	καί		m|m|
6	37	ἀδελφῆς	t_320	102434656	l-p---fg-	l-p---fg-		ὁ	ὁ		m|m|
6	38	τῆς	t_321	102434657	n-p---fg-	n-p---mg-		ἀδελφιδέος	ἀδελφιδέος		m|m|
6	39	ἐμῆς	t_322	102434658	u--------	u--------		,	,		m|m|
6	40	καὶ	t_323	102434659	p-p---fn-	p-p---fn-		ὅς	ὅς		m|m|
6	41	τῶν	t_324	102434660	d--------	d--------		οὕτως	οὕτως		m|m|
6	42	ἀδελφιδῶν	t_325	102434661	d--------	d--------		κόσμιος	κόσμιος		m|m|
6	43	,	t_326	102434662	v3pria---	v3pria---		βιώσκομαι	βιόω		m|m|@
6	44	αἳ	t_327	102434663	c--------	c--------		ὥστε	ὥστε		m|m|
6	45	οὕτω	t_328	102434664	d--------	c--------		καί	καί		m|m|
6	46	κοσμίως	t_329	102434665	r--------	r--------		ὑπό	ὑπό		m|m|
6	47	βεβιώκασιν	t_330	102434666	l-p---mg-	l-p---mg-		ὁ	ὁ		m|m|
6	48	ὥστε	t_331	102434667	a-p---mg-	a-p---fg-		οἰκεῖος	οἰκεῖος		m|m|
6	49	καὶ	t_332	102434668	v-pppefn-	v-pppmfn-		ὁράω	ὁράω		m|m|
6	50	ὑπὸ	t_333	102434669	v--pne---	v--pnm---		αἰσχύνω	αἰσχύνω		m|m|
6	51	τῶν	t_334	102434670	u--------	u--------		.	.		m|m|
6	52	οἰκείων	t_335	102434671	p-s---mn-	p-s---mn-		οὗτος	οὗτος		m|m|
6	53	ὁρώμεναι	t_336	102434672	d--------	g--------		τοίνυν	τοίνυν		m|m|
6	54	αἰσχύνεσθαι	t_337	102434673	r--------	r--------		εἰς	εἰς		m|m|
6	55	.	t_338	102434674	p-s---na-	p-s---na-		οὗτος	οὗτος		m|m|
7	1	οὗτος	t_339	102434675	v3saia---	v3saia---		ἔρχομαι	ἔρχομαι		m|m|
7	2	τοίνυν	t_340	102434676	n-s---fg-	n-s---fg-		ὕβρις	ὕβρις		m|m|
7	3	εἰς	t_341	102434677	c--------	c--------		ὥστε	ὥστε		m|m|
7	4	τοῦτο	t_342	102434678	d--------	d--------		οὐ	οὐ		m|m|
7	5	ἦλθεν	t_343	102434679	d-------c	d-------c		πρότερος	πρότερος		m|m|
7	6	ὕβρεως	t_344	102434680	v3saia---	v3saia---		ἐθέλω	ἐθέλω		m|m|
7	7	ὥστʼ	t_345	102434681	v--ana---	v--ana---		ἀπέρχομαι	ἀπέρχομαι		m|m|
7	8	οὐ	t_346	102434682	u--------	u--------		,	,		m|m|
7	9	πρότερον	t_347	102434683	c--------	c--------		πρίν	πρίν		m|m|
7	10	ἠθέλησεν	t_348	102434684	p-s---ma-	p-s---ma-		αὐτός	αὐτός		m|m|
7	11	ἀπελθεῖν	t_349	102434685	v-pppmmn-	v-pppmmn-		ἡγέομαι	ἡγέομαι		m|m|
7	12	,	t_350	102434686	a-p---na-	a-p---na-		δεινός	δεινός		m|m|
7	13	πρὶν	t_351	102434687	v--pna---	v--pna---		ποιέω	ποιέω		m|m|
7	14	αὐτὸν	t_352	102434688	l-p---mn-	l-p---mn-		ὁ	ὁ		m|m|
7	15	ἡγούμενοι	t_353	102434689	v-papmmn-	v-papmmn-		παραγίγνομαι	παραγίγνομαι		m|m|
7	16	δεινὰ	t_354	102434690	c--------	c--------		καί	καί		m|m|
7	17	ποιεῖν	t_355	102434691	l-p---mn-	l-p---mn-		ὁ	ὁ		m|m|
7	18	οἱ	t_356	102434692	r--------	r--------		μετά	μετά		m|m|
7	19	παραγενόμενοι	t_357	102434693	p-s---mg-	p-s---mg-		αὐτός	αὐτός		m|m|
7	20	καὶ	t_358	102434694	v-papamn-	v-papamn-		ἔρχομαι	ἔρχομαι		m|m|
7	21	οἱ	t_359	102434695	u--------	u--------		,	,		m|m|
7	22	μετʼ	t_360	102434696	r--------	r--------		ἐπί	ἐπί		m|m|
7	23	αὐτοῦ	t_361	102434697	n-p----a-	n-p---ca-		παῖς	παῖς		m|m|
7	24	ἐλθόντες	t_362	102434698	n-p---fa-	n-p---fa-		κόρη	κόρη		m|m|
7	25	,	t_363	102434699	c--------	c--------		καί	καί		m|m|
7	26	ἐπὶ	t_364	102434700	a-p---fa-	a-p---fa-		ὀρφανός	ὀρφανός		m|m|
7	27	παῖδας	t_365	102434701	v-sppama-	v-sppama-		εἴσειμι	εἰσέρχομαι		m|m|@
7	28	κόρας	t_366	102434702	u--------	u--------		,	,		m|m|
7	29	καὶ	t_367	102434703	v3paia---	v3paia---		ἐξελαύνω	ἐξελαύνω		m|m|
7	30	ὀρφανὰς	t_368	102434704	n-s---fd-	n-s---fd-		βία	βία		m|m|
7	31	εἰσιόντα	t_369	102434705	u--------	u--------		.	.		m|m|
7	32	,	t_370	102434706	d--------	c--------		καί	καί		m|m|
7	33	ἐξήλασαν	t_371	102434707	a-s---ng-	p-s---ng-		τοσοῦτος	τοσοῦτος		m|m|
7	34	βίᾳ	t_372	102434708	v3saia---	v3saia---		δέω	δέω		m|m|
7	35	.	t_373	102434709	p-s---md-	p-s---md-		αὐτός	αὐτός		m|m|
7	36	καὶ	t_374	102434710	v--ana---	v--ana---		μεταμελέομαι	μεταμέλομαι		m|m|@
7	37	τοσούτου	t_375	102434711	l-p---mg-	l-p---mg-		ὁ	ὁ		m|m|
7	38	ἐδέησεν	t_376	102434712	v-prpemg-	v-prpmmg-		ὑβρίζω	ὑβρίζω		m|m|
7	39	αὐτῷ	t_377	102434713	u--------	u--------		,	,		m|m|
7	40	μεταμελῆσαι	t_378	102434714	c--------	c--------		ὥστε	ὥστε		m|m|
7	41	τῶν	t_379	102434715	v-sapamn-	v-sapamn-		ἐξευρίσκω	ἐξευρίσκω		m|m|
7	42	ὑβρισμένων	t_380	102434716	p-s---ng-	p-s---ng-		ὅς	ὅς		m|m|
7	43	,	t_381	102434717	v1piia---	v1piia---		δειπνέω	δειπνέω		m|m|
7	44	ὥστε	t_382	102434718	a-s---nas	a-s---nas		ἄτοπος	ἄτοπος		m|m|
7	45	ἐξευρὼν	t_383	102434719	n-s---na-	n-s---na-		πρᾶγμα	πρᾶγμα		m|m|
7	46	οὗ	t_384	102434720	c--------	c--------		καί	καί		m|m|
7	47	ἐδειπνοῦμεν	t_385	102434721	a-s---nas	a-s---nas		ἄπιστος	ἄπιστος		m|m|
7	48	ἀτοπώτατον	t_386	102434722	v3saia---	v3saia---		ποιέω	ποιέω		m|m|
7	49	πρᾶγμα	t_387	102434723	u--------	u--------		,	,		m|m|
7	50	καὶ	t_388	102434724	c--------	c--------		εἰ	εἰ		m|m|
7	51	ἀπιστότατον	t_389	102434725	d--------	d--------		μή	μή		m|m|
7	52	ἐποίησεν	t_390	102434726	p-s---mn-	p-s---cn-		τις	τις		m|m|
7	53	,	t_391	102434727	v3sroa---	v3sroa---		οἶδα	οἶδα		m|m|
7	54	εἰ	t_392	102434728	l-s---fa-	l-s---fa-		ὁ	ὁ		m|m|
7	55	μή	t_393	102434729	p-s---mg-	p-s---mg-		οὗτος	οὗτος		m|m|
7	56	τις	t_394	102434730	n-s---fa-	n-s---fa-		μανία	μανία		m|m|
7	57	εἰδείη	t_395	102434731	u--------	u--------		.	.		m|m|
7	58	τὴν	t_396	102434732	v-sapamn-	v-sapamn-		ἐκκαλέω	ἐκκαλέω		m|m|
7	59	τούτου	t_397	102434733	d--------	g--------		γάρ	γάρ		m|m|
7	60	μανίαν	t_398	102434734	p1s---ca-	p-s---ca-		ἐγώ	ἐγώ		m|m|
7	61	.	t_399	102434735	d--------	d--------		ἔνδοθεν	ἔνδοθεν		m|m|
8	1	ἐκκαλέσας	t_400	102434736	u--------	u--------		,	,		m|m|
8	2	γάρ	t_401	102434737	c--------	c--------		ἐπεί	ἐπειδή		m|m|@
8	3	με	t_402	102434738	a-p---nas	a-p---nas		ταχύς	ταχύς		m|m|
8	4	ἔνδοθεν	t_403	102434739	v1saia---	v1saia---		ἐξέρχομαι	ἐξέρχομαι		m|m|
8	5	,	t_404	102434740	u--------	u--------		,	,		m|m|
8	6	ἐπειδὴ	t_405	102434741	d--------	d--------		εὐθύς	εὐθύς		m|m|
8	7	τάχιστα	t_406	102434742	p1s---ca-	p-s---ca-		ἐγώ	ἐγώ		m|m|
8	8	ἐξῆλθον	t_407	102434743	v--pna---	v--pna---		τύπτω	τύπτω		m|m|
8	9	,	t_408	102434744	v3saia---	v3saia---		ἐπιχειρέω	ἐπιχειρέω		m|m|
8	10	εὐθύς	t_409	102434745	u--------	u--------		·	·		m|m|
8	11	με	t_410	102434746	c--------	c--------		ἐπεί	ἐπειδή		m|m|@
8	12	τύπτειν	t_411	102434747	d--------	c--------		δέ	δέ		m|m|
8	13	ἐπεχείρησεν	t_412	102434748	p-s---ma-	p-s---ma-		αὐτός	αὐτός		m|m|
8	14	·	t_413	102434749	v1siie---	v1saim---		ἀμύνω	ἀμύνω		m|m|
8	15	ἐπειδὴ	t_414	102434750	u--------	u--------		,	,		m|m|
8	16	δὲ	t_415	102434751	v-sapamn-	v-sapamn-		ἐξίστημι	ἐξίστημι		m|m|
8	17	αὐτὸν	t_416	102434752	v3siia---	v3siia---		βάλλω	βάλλω		m|m|
8	18	ἠμυνάμην	t_417	102434753	p1s---ma-	p-s---ca-		ἐγώ	ἐγώ		m|m|
8	19	,	t_418	102434754	n-p---md-	n-p---md-		λίθος	λίθος		m|m|
8	20	ἐκστὰςἐκστὰς	t_419	102434755	u--------	u--------		.	.		m|m|
8	21	Taylor:	t_420	102434756	d--------	c--------		καί	καί		m|m|
8	22	ἐνστὰς	t_421	102434757	p1s---mg-	p-s---cg-		ἐγώ	ἐγώ		m|m|
8	23	MSS	t_422	102434758	d--------	g--------		μέν	μέν		m|m|
8	24	.	t_423	102434759	v3spia---	v3spia---		ἁμαρτάνω	ἁμαρτάνω		m|m|
8	25	ἔβαλλέ	t_424	102434760	u--------	u--------		,	,		m|m|
8	26	με	t_425	102434761	n-s---mg-	n-s---mg-		ἀριστόκριτος	Ἀριστόκριτος		m|m|
8	27	λίθοις	t_426	102434762	c--------	c--------		δέ	δέ		m|m|
8	28	.	t_427	102434763	u--------	u--------		,	,		m|m|
8	29	καὶ	t_428	102434764	p-s---mn-	p-s---mn-		ὅς	ὅς		m|m|
8	30	ἐμοῦ	t_429	102434765	r--------	r--------		παρά	παρά		m|m|
8	31	μὲν	t_430	102434766	p-s---ma-	p-s---ca-		ἐγώ	ἐγώ		m|m|
8	32	ἁμαρτάνει	t_431	102434767	v3saia---	v3saia---		ἔρχομαι	ἔρχομαι		m|m|
8	33	,	t_432	102434768	r--------	r--------		μετά	μετά		m|m|
8	34	Ἀριστοκρίτου	t_433	102434769	p-s---mg-	p-s---mg-		αὐτός	αὐτός		m|m|
8	35	δέ	t_434	102434770	u--------	u--------		,	,		m|m|
8	36	,	t_435	102434771	v-sapamn-	v-sapamn-		βάλλω	βάλλω		m|m|
8	37	ὃς	t_436	102434772	n-s---md-	n-s---md-		λίθος	λίθος		m|m|
8	38	παρʼ	t_437	102434773	v3spia---	v3spia---		συντρίβω	συντρίβω		m|m|
8	39	ἐμὲ	t_438	102434774	l-s---na-	l-s---na-		ὁ	ὁ		m|m|
8	40	ἦλθε	t_439	102434775	n-s---na-	n-s---na-		μέτωπον	μέτωπον		m|m|
8	41	μετʼ	t_440	102434776	u--------	u--------		.	.		m|m|
8	42	αὐτοῦ	t_441	102434777	p1s---mn-	p-s---cn-		ἐγώ	ἐγώ		m|m|
8	43	,	t_442	102434778	d--------	g--------		τοίνυν	τοίνυν		m|m|
8	44	βαλὼν	t_443	102434779	u--------	u--------		,	,		m|m|
8	45	λίθῳ	t_444	102434780	i--------	i--------		ὦ	ὦ		m|m|
8	46	συντρίβει	t_445	102434781	n-s---fv-	n-s---fv-		βουλή	βουλή		m|m|
8	47	τὸ	t_446	102434782	u--------	u--------		,	,		m|m|
8	48	μέτωπον	t_447	102434783	v-sppmmn-	v-sppmmn-		ἡγέομαι	ἡγέομαι		m|m|
8	49	.	t_448	102434784	d--------	g--------		μέν	μέν		m|m|
9	1	ἐγὼ	t_449	102434785	a-p---na-	a-p---na-		δεινός	δεινός		m|m|
9	2	τοίνυν	t_450	102434786	v--pna---	v--pna---		πάσχω	πάσχω		m|m|
9	3	,	t_451	102434787	u--------	u--------		,	,		m|m|
9	4	ὦ	t_452	102434788	v-sppemn-	v-sppmmn-		αἰσχύνω	αἰσχύνω		m|m|
9	5	βουλή	t_453	102434789	c--------	c--------		δέ	δέ		m|m|
9	6	,	t_454	102434790	u--------	u--------		,	,		m|m|
9	7	ἡγούμενος	t_455	102434791	p-s---na-	p-s---na-		ὅσπερ	ὅς		m|m|@
9	8	μὲν	t_456	102434792	d--------	d--------		ἤδη	ἤδη		m|m|
9	9	δεινὰ	t_457	102434793	d--------	c--------		καί	καί		m|m|
9	10	πάσχειν	t_458	102434794	d-------c	d-------c		πρότερος	πρότερος		m|m|
9	11	,	t_459	102434795	v1saia---	v1saia---		εἶπον	λέγω		m|m|@
9	12	αἰσχυνόμενος	t_460	102434796	u--------	u--------		,	,		m|m|
9	13	δέ	t_461	102434797	l-s---fd-	l-s---fd-		ὁ	ὁ		m|m|
9	14	,	t_462	102434798	n-s---fd-	n-s---fd-		συμφορά	συμφορά		m|m|
9	15	ὅπερ	t_463	102434799	u--------	u--------		,	,		m|m|
9	16	ἤδη	t_464	102434800	v1siie---	v1siim---		ἀνέχω	ἀνέχω		m|m|
9	17	καὶ	t_465	102434801	u--------	u--------		,	,		m|m|
9	18	πρότερον	t_466	102434802	c--------	c--------		καί	καί		m|m|
9	19	εἶπον	t_467	102434803	d-------c	d-------c		μᾶλλον	μάλα		m|m|@
9	20	,	t_468	102434804	v1siie---	v1siim---		αἱρέω	αἱρέω		m|m|
9	21	τῇ	t_469	102434805	d--------	d--------		μή	μή		m|m|
9	22	συμφορᾷ	t_470	102434806	v--ana---	v--ana---		λαμβάνω	λαμβάνω		m|m|
9	23	,	t_471	102434807	a-p---ng-	p-p---ng-		οὗτος	οὗτος		m|m|
9	24	ἠνειχόμην	t_472	102434808	l-p---ng-	l-p---ng-		ὁ	ὁ		m|m|
9	25	,	t_473	102434809	n-p---ng-	n-p---ng-		ἁμάρτημα	ἁμάρτημα		m|m|
9	26	καὶ	t_474	102434810	n-s---fa-	n-s---fa-		δίκη	δίκη		m|m|
9	27	μᾶλλον	t_475	102434811	c--------	c--------		ἤ1	ἤ		m|m|
9	28	ᾑρούμην	t_476	102434812	v--ana---	v--ana---		δοκέω	δοκέω		m|m|
9	29	μὴ	t_477	102434813	l-p---md-	l-p---md-		ὁ	ὁ		m|m|
9	30	λαβεῖν	t_478	102434814	n-p---md-	n-p---md-		πολίτης	πολίτης		m|m|
9	31	τούτων	t_479	102434815	a-s---mn-	a-s---mn-		ἀνόητος	ἀνόητος		m|m|
9	32	τῶν	t_480	102434816	v--pna---	v--pna---		εἰμί	εἰμί		m|m|
9	33	ἁμαρτημάτων	t_481	102434817	u--------	u--------		,	,		m|m|
9	34	δίκην	t_482	102434818	v-srpamn-	v-srpamn-		οἶδα	οἶδα		m|m|
9	35	ἢ	t_483	102434819	c--------	c--------		ὅτι	ὅτι		m|m|
9	36	δόξαι	t_484	102434820	l-s---fd-	l-s---fd-		ὁ	ὁ		m|m|
9	37	τοῖς	t_485	102434821	d--------	g--------		μέν	μέν		m|m|
9	38	πολίταις	t_486	102434822	p-s---ng-	p-s---mg-		οὗτος	οὗτος		m|m|
9	39	ἀνόητος	t_487	102434823	n-s---fd-	n-s---fd-		πονηρία	πονηρία		m|m|
9	40	εἶναι	t_488	102434824	v-pppann-	v-pppann-		πρέπω	πρέπω		m|m|
9	41	,	t_489	102434825	v3sfim---	v3sfim---		εἰμί	εἰμί		m|m|
9	42	εἰδὼς	t_490	102434826	l-p---nn-	l-p---nn-		ὁ	ὁ		m|m|
9	43	ὅτι	t_491	102434827	v-prpenn-	v-prpmnn-		πράσσω	πράσσω		m|m|
9	44	τῇ	t_492	102434828	u--------	u--------		,	,		m|m|
9	45	μὲν	t_493	102434829	p1s---mg-	p-s---cg-		ἐγώ	ἐγώ		m|m|
9	46	τούτου	t_494	102434830	c--------	c--------		δέ	δέ		m|m|
9	47	πονηρίᾳ	t_495	102434831	a-p---mn-	a-p---mn-		πολύς	πολύς		m|m|
9	48	πρέποντα	t_496	102434832	v3pfim---	v3pfim---		καταγελάω	καταγελάω		m|m|
9	49	ἔσται	t_497	102434833	p-p---na-	p-p---na-		τοιοῦτος	τοιοῦτος		m|m|
9	50	τὰ	t_498	102434834	v-sppamg-	v-sppamg-		πάσχω	πάσχω		m|m|
9	51	πεπραγμένα	t_499	102434835	l-p---mg-	l-p---mg-		ὁ	ὁ		m|m|
9	52	,	t_500	102434836	v--pna---	v--pna---		φθονέω	φθονέω		m|m|
9	53	ἐμοῦ	t_501	102434837	v-prpemg-	v-prpmmg-		ἐθίζω	ἐθίζω		m|m|
9	54	δὲ	t_502	102434838	u--------	u--------		,	,		m|m|
9	55	πολλοὶ	t_503	102434839	c--------	c--------		ἐάν	ἐάν		m|m|
9	56	καταγελάσονται	t_504	102434840	p-s---mn-	p-s---cn-		τις	τις		m|m|
9	57	τοιαῦτα	t_505	102434841	r--------	r--------		ἐν	ἐν		m|m|
9	58	πάσχοντος	t_506	102434842	l-s---fd-	l-s---fd-		ὁ	ὁ		m|m|
9	59	τῶν	t_507	102434843	n-s---fd-	n-s---fd-		πόλις	πόλις		m|m|
9	60	φθονεῖν	t_508	102434844	v3spse---	v3spsm---		προθυμέομαι	προθυμέομαι		m|m|
9	61	εἰθισμένων	t_509	102434845	a-s---mn-	a-s---mn-		χρηστός	χρηστός		m|m|
9	62	,	t_510	102434846	v--pna---	v--pna---		εἰμί	εἰμί		m|m|
9	63	ἐάν	t_511	102434847	u--------	u--------		.	.		m|m|
9	64	τις	t_512	102434848	d--------	d--------		οὕτως	οὕτως		m|m|
9	65	ἐν	t_513	102434849	d--------	c--------		δέ	δέ		m|m|
9	66	τῇ	t_514	102434850	d--------	d--------		σφόδρα	σφόδρα		m|m|
9	67	πόλει	t_515	102434851	v1siie---	v1siim---		ἀπορέω	ἀπορέω		m|m|
9	68	προθυμῆται	t_516	102434852	p-s---na-	p-s---na-		ὅς	ὅς		m|m|
9	69	χρηστὸς	t_517	102434853	a-s---na-	p-s---na-		τις	τις		m|m|
9	70	εἶναι	t_518	102434854	v1saom---	v1saom---		χράω	χράω		m|m|
9	71	.	t_519	102434855	u--------	u--------		,	,		m|m|
10	1	οὕτω	t_520	102434856	i--------	i--------		ὦ	ὦ		m|m|
10	2	δὲ	t_521	102434857	n-s---fv-	n-s---fv-		βουλή	βουλή		m|m|
10	3	σφόδρα	t_522	102434858	u--------	u--------		,	,		m|m|
10	4	ἠπορούμην	t_523	102434859	l-s---fd-	l-s---fd-		ὁ	ὁ		m|m|
10	5	ὅ	t_524	102434860	p-s---mg-	p-s---mg-		οὗτος	οὗτος		m|m|
10	6	τι	t_525	102434861	n-s---fd-	n-s---fd-		παρανομία	παρανομία		m|m|
10	7	χρησαίμην	t_526	102434862	u--------	u--------		,	,		m|m|
10	8	,	t_527	102434863	c--------	c--------		ὥστε	ὥστε		m|m|
10	9	ὦ	t_528	102434864	v3saia---	v3saia---		δοκέω	δοκέω		m|m|
10	10	βουλή	t_529	102434865	p1s---md-	p-s---cd-		ἐγώ	ἐγώ		m|m|
10	11	,	t_530	102434866	a-s---nas	a-s---nas		κράτιστος	κρατύς		m|m|@
10	12	τῇ	t_531	102434867	v--pna---	v--pna---		εἰμί	εἰμί		m|m|
10	13	τούτου	t_532	102434868	v--ana---	v--ana---		ἀποδημέω	ἀποδημέω		m|m|
10	14	παρανομίᾳ	t_533	102434869	u--------	None		.	None		m|m|@
10	15	,	t_534	102434870	v-sapamn-	None		λαμβάνω	None		m|m|@
10	16	ὥστε	t_535	102434871	d--------	None		δή	None		m|m|@
10	17	ἔδοξέ	t_536	102434872	l-s---na-	u--------		ὁ	.		m|m|@
10	18	μοι	t_537	102434873	n-s---na-	v-sapamn-		μειράκιον	λαμβάνω		m|m|@
10	19	κράτιστον	t_538	102434874	u--------	g--------		̔	δή		m|m|@
10	20	εἶναι	t_539	102434875	a-p---na-	l-s---na-		ἅπας	ὁ		m|m|@
10	21	ἀποδημῆσαι	t_540	102434876	d--------	n-s---na-		γάρ	μειράκιον		m|m|@
10	22	ἐκ	t_541	102434877	v3siia---	u--------		δεῖ	(		m|m|@
10	23	τῆς	t_542	102434878	l-p---na-	p-p---na-		ὁ	ἅπας		m|m|@
10	24	πόλεως	t_543	102434879	a-p---na-	g--------		ἀληθής	γάρ		m|m|@
10	25	.	t_544	102434880	v--pna---	v3spia---		λέγω3	δέω		m|m|@
10	26	ἐκ	t_545	102434881	u--------	l-p---na-		)	ὁ		m|m|@
10	27	τῆς	t_546	102434882	v1siie---	a-p---na-		οἴχομαι	ἀληθής		m|m|@
10	28	πόλεως	t_547	102434883	r--------	v--pna---		ἐκ	λέγω		m|m|@
10	29	del	t_548	102434884	l-s---fg-	u--------		ὁ	)		m|m|@
10	30	.	t_549	102434885	n-s---fg-	v1siim---		πόλις	οἴχομαι		m|m|@
10	31	Kayser	t_550	102434886	u--------	r--------		.	ἐκ		m|m|@
10	32	λαβὼν	t_551	102434887	c--------	l-s---fg-		ἐπεί	ὁ		m|m|@
10	33	δὴ	t_552	102434888	d--------	n-s---fg-		δέ	πόλις		m|m|@
10	34	τὸ	t_553	102434889	v1siie---	u--------		οἴομαι	.		m|m|@
10	35	μειράκιον	t_554	102434890	a-s---na-	c--------		ἱκανός	ἐπειδή		m|m|@
10	36	(	t_555	102434891	v--pna---	c--------		εἰμί	δέ		m|m|@
10	37	ἅπαντα	t_556	102434892	l-s---ma-	v1siim---		ὁ	οἴομαι		m|m|@
10	38	γὰρ	t_557	102434893	n-s---ma-	a-s---ma-		χρόνος	ἱκανός		m|m|@
10	39	δεῖ	t_558	102434894	n-s---md-	v--pna---		σίμων	εἰμί		m|m|@
10	40	τ	t_559	102434895	v--anm---	l-s---ma-		ἐπιλανθάνω	ὁ		m|m|@
10	41	ἀληθῆ	t_560	102434896	d--------	n-s---ma-		μέν	χρόνος		m|m|@
10	42	λέγειν	t_561	102434897	l-s---mg-	n-s---md-		ὁ	Σίμων		m|m|@
10	43	)	t_562	102434898	n-s---mg-	v--anm---		νεανίσκος	ἐπιλανθάνω		m|m|@
10	44	ᾠχόμην	t_563	102434899	u--------	g--------		,	μέν		m|m|@
10	45	ἐκ	t_564	102434900	v--ana---	l-s---mg-		μεταμελέομαι	ὁ		m|m|@
10	46	τῆς	t_565	102434901	c--------	n-s---mg-		δέ	νεανίσκος		m|m|@
10	47	πόλεως	t_566	102434902	l-p---ng-	u--------		ὁ	,		m|m|@
10	48	.	t_567	102434903	d-------c	v--ana---		πρότερος	μεταμέλομαι		m|m|@
10	49	ἐπειδὴ	t_568	102434904	v-prpeng-	c--------		ἁμαρτάνω	δέ		m|m|@
10	50	δὲ	t_569	102434905	u--------	l-p---ng-		,	ὁ		m|m|@
10	51	ᾤμην	t_570	102434906	v1spie---	d-------c		ἀφικνέομαι	πρότερος		m|m|@
10	52	ἱκανὸν	t_571	102434907	d--------	v-prpmng-		πάλιν	ἁμαρτάνω		m|m|@
10	53	εἶναι	t_572	102434908	u--------	u--------		.	,		m|m|@
10	54	τὸν	t_573	102434909	d--------	v1spim---		καί	ἀφικνέομαι		m|m|@
10	55	χρόνον	t_574	102434910	l-s---fn-	d--------		ἐγώ	πάλιν		m|m|@
10	56	Σίμωνι	t_575	102434911	d--------	u--------		μέν	.		m|m|@
10	57	ἐπιλαθέσθαι	t_576	102434912	v1siie---	c--------		οἴχομαι	καί		m|m|@
10	58	μὲν	t_577	102434913	r--------	p-s---cn-		εἰς	ἐγώ		m|m|@
10	59	τοῦ	t_578	102434914	n-s---ma-	g--------		πειραιεύς	μέν		m|m|@
10	60	νεανίσκου	t_579	102434915	u--------	v1siim---		,	οἴχομαι		m|m|@
10	61	,	t_580	102434916	p-s---mn-	r--------		οὗτος	εἰς		m|m|@
10	62	μεταμελῆσαι	t_581	102434917	c--------	n-s---ma-		δέ	Πειραιεύς		m|m|@
10	63	δὲ	t_582	102434918	v-sapmmn-	u--------		αἰσθάνομαι	,		m|m|@
10	64	τῶν	t_583	102434919	d--------	p-s---mn-		εὐθύς2	οὗτος		m|m|@
10	65	πρότερον	t_584	102434920	v-sppama-	c--------		ἥκω	δέ		m|m|@
10	66	ἡμαρτημένων	t_585	102434921	l-s---ma-	v-sapmmn-		ὁ	αἰσθάνομαι		m|m|@
10	67	,	t_586	102434922	n-s---ma-	d--------		θεόδοτος	εὐθύς		m|m|@
11	1	ἀφικνοῦμαι	t_587	102434923	c--------	v-sppama-		καί	ἥκω		m|m|@
11	2	πάλιν	t_588	102434924	v-sppama-	l-s---ma-		διατρίβω	ὁ		m|m|@
11	3	.	t_589	102434925	r--------	n-s---ma-		παρά	Θεόδοτος		m|m|@
11	4	κ	t_590	102434926	n-s---md-	c--------		λυσίμαχος	καί		m|m|@
11	5	ἀγὼ	t_591	102434927	u--------	v-sppama-		,	διατρίβω		m|m|@
11	6	μὲν	t_592	102434928	p-s---mn-	r--------		ὅς	παρά		m|m|@
11	7	ᾠχόμην	t_593	102434929	v3siia---	n-s---md-		οἰκέω	Λυσίμαχος		m|m|@
11	8	εἰς	t_594	102434930	d--------	u--------		πλησίος	,		m|m|@
11	9	Πειραιᾶ	t_595	102434931	l-s---fg-	p-s---mn-		ὁ	ὅς		m|m|@
11	10	,	t_596	102434932	n-s---fg-	v3siia---		οἰκία	οἰκέω		m|m|@
11	11	οὗτος	t_597	102434933	p-s---fg-	r--------		ὅς	πλησίον		m|m|@
11	12	δʼ	t_598	102434934	p-s---mn-	l-s---fg-		οὗτος	ὁ		m|m|@
11	13	αἰσθόμενος	t_599	102434935	v3slie---	n-s---fg-		μισθόω	οἰκία		m|m|@
11	14	εὐθέως	t_600	102434936	u--------	p-s---fg-		,	ὅς		m|m|@
11	15	ἥκοντα	t_601	102434937	v3saia---	p-s---mn-		παρακαλέω	οὗτος		m|m|@
11	16	τὸν	t_602	102434938	p-p---ma-	v3slim---		τις	μισθόω		m|m|@
11	17	Θεόδοτον	t_603	102434939	l-p---ng-	u--------		ὁ	,		m|m|@
11	18	καὶ	t_604	102434940	p-s---mg-	v3saia---		οὗτος	παρακαλέω		m|m|@
11	19	διατρίβοντα	t_605	102434941	a-p---mg-	p-p---ca-		ἐπιτήδειος	τις		m|m|@
11	20	παρὰ	t_606	102434942	u--------	l-p---mg-		.	ὁ		m|m|@
11	21	Λυσιμάχῳ	t_607	102434943	d--------	p-s---mg-		καί	οὗτος		m|m|@
11	22	,	t_608	102434944	p-p---mn-	a-p---mg-		οὗτος	ἐπιτήδειος		m|m|@
11	23	ὃς	t_609	102434945	d--------	u--------		μέν	.		m|m|@
11	24	ᾤκει	t_610	102434946	v3piia---	c--------		ἀριστάω	καί		m|m|@
11	25	πλησίον	t_611	102434947	c--------	p-p---mn-		καί	οὗτος		m|m|@
11	26	τῆς	t_612	102434948	v3piia---	g--------		πίνω	μέν		m|m|@
11	27	οἰκίας	t_613	102434949	u--------	v3piia---		,	ἀριστάω		m|m|@
11	28	ἧς	t_614	102434950	n-p---ma-	c--------		φύλαξ	καί		m|m|@
11	29	οὗτος	t_615	102434951	c--------	v3piia---		δέ	πίνω		m|m|@
11	30	ἐμεμίσθωτο	t_616	102434952	v3paia---	u--------		καθίστημι	,		m|m|@
11	31	,	t_617	102434953	r--------	n-p---ma-		ἐπί	φύλαξ		m|m|@
11	32	παρεκάλεσέ	t_618	102434954	l-s---ng-	c--------		ὁ	δέ		m|m|@
11	33	τινας	t_619	102434955	n-s---ng-	v3paia---		πήρα	καθίστημι		m|m|@
11	34	τῶν	t_620	102434956	u--------	r--------		,	ἐπί		m|m|@
11	35	τούτου	t_621	102434957	c--------	l-s---ng-		ἵνα	ὁ		m|m|@
11	36	ἐπιτηδείων	t_622	102434958	u--------	n-s---ng-		,	τέγος		m|m|@
11	37	.	t_623	102434959	c--------	u--------		ὁπότε	,		m|m|@
11	38	καὶ	t_624	102434960	v3saoa---	c--------		ἐξέρχομαι	ἵνα		m|m|@
11	39	οὗτοι	t_625	102434961	l-s---nn-	u--------		ὁ	,		m|m|@
11	40	μὲν	t_626	102434962	n-s---nn-	c--------		μειράκιον	ὁπότε		m|m|@
11	41	ἠρίστων	t_627	102434963	u--------	v3saoa---		,	ἐξέρχομαι		m|m|@
11	42	καὶ	t_628	102434964	v3paoa---	l-s---nn-		εἰσαρπάζω	ὁ		m|m|@
11	43	ἔπινον	t_629	102434965	p-s---ma-	n-s---nn-		αὐτός	μειράκιον		m|m|@
11	44	,	t_630	102434966	u--------	u--------		.	,		m|m|@
11	45	φύλακας	t_631	102434967	r--------	v3paoa---		ἐν	εἰσαρπάζω		m|m|@
11	46	δὲ	t_632	102434968	d--------	p-s---ma-		δέ	αὐτός		m|m|@
11	47	κατέστησαν	t_633	102434969	a-s---md-	u--------		οὗτος	.		m|m|@
11	48	ἐπὶ	t_634	102434970	l-s---md-	r--------		ὁ	ἐν		m|m|@
11	49	τοῦ	t_635	102434971	n-s---md-	c--------		καιρός	δέ		m|m|@
11	50	τέγους	t_636	102434972	v1spie---	p-s---md-		ἀφικνέομαι	οὗτος		m|m|@
11	51	,	t_637	102434973	p1s---mn-	l-s---md-		ἐγώ	ὁ		m|m|@
11	52	ἵνʼ	t_638	102434974	r--------	n-s---md-		ἐκ	καιρός		m|m|@
11	53	,	t_639	102434975	n-s---mg-	v1spim---		πειραιεύς	ἀφικνέομαι		m|m|@
11	54	ὁπότε	t_640	102434976	u--------	p-s---cn-		,	ἐγώ		m|m|@
11	55	ἐξέλθοι	t_641	102434977	c--------	r--------		καί	ἐκ		m|m|@
11	56	τὸ	t_642	102434978	v1spie---	n-s---mg-		τρέπω	Πειραιεύς		m|m|@
11	57	μειράκιον	t_643	102434979	v-sppamn-	u--------		πάρειμι2	,		m|m|@
11	58	,	t_644	102434980	r--------	c--------		ὡς	καί		m|m|@
12	1	εἰσαρπάσειαν	t_645	102434981	l-s---ma-	v1spim---		ὁ	τρέπω		m|m|@
12	2	αὐτόν	t_646	102434982	n-s---ma-	v-sppamn-		λυσίμαχος	παρέρχομαι		m|m|@
12	3	.	t_647	102434983	u--------	c--------		·	ὡς		m|m|@
12	4	ἐν	t_648	102434984	a-s---ma-	l-s---ma-		ὀλίγος	ὁ		m|m|@
12	5	δὲ	t_649	102434985	d--------	n-s---ma-		δέ	Λυσίμαχος		m|m|@
12	6	τούτῳ	t_650	102434986	n-s---ma-	u--------		χρόνος	·		m|m|@
12	7	τῷ	t_651	102434987	v-papamn-	a-s---ma-		διατρίβω	ὀλίγος		m|m|@
12	8	καιρῷ	t_652	102434988	v1piie---	c--------		ἐξέρχομαι	δέ		m|m|@
12	9	ἀφικνοῦμαι	t_653	102434989	u--------	n-s---ma-		.	χρόνος		m|m|@
12	10	ἐγὼ	t_654	102434990	p-p---mn-	v-papamn-		οὗτος	διατρίβω		m|m|@
12	11	ἐκ	t_655	102434991	d--------	v1ppim---		δέ	ἐξέρχομαι		m|m|@
12	12	Πειραιῶς	t_656	102434992	d--------	u--------		ἤδη	.		m|m|@
12	13	,	t_657	102434993	v-pppamn-	p-p---mn-		μεθύω	οὗτος		m|m|@
12	14	καὶ	t_658	102434994	v3ppia---	c--------		ἐκπηδάω	δέ		m|m|@
12	15	τρέπομαι	t_659	102434995	r--------	d--------		ἐπί	ἤδη		m|m|@
12	16	παριὼν	t_660	102434996	p1p---ma-	v-pppamn-		ἐγώ	μεθύω		m|m|@
12	17	ὡς	t_661	102434997	d--------	v3ppia---		καί	ἐκπηδάω		m|m|@
12	18	τὸν	t_662	102434998	l-p---mn-	r--------		ὁ	ἐπί		m|m|@
12	19	Λυσίμαχον	t_663	102434999	d--------	p-p---ca-		μέν	ἐγώ		m|m|@
12	20	·	t_664	102435000	p-p---mn-	c--------		τις	καί		m|m|@
12	21	ὀλίγον	t_665	102435001	p-s---md-	l-p---mn-		αὐτός	ὁ		m|m|@
12	22	δὲ	t_666	102435002	l-p---mg-	g--------		ὁ	μέν		m|m|@
12	23	χρόνον	t_667	102435003	v-papmmg-	p-p---cn-		παραγίγνομαι	τις		m|m|@
12	24	διατρίψαντες	t_668	102435004	d--------	p-s---md-		οὐ	αὐτός		m|m|@
12	25	ἐξερχόμεθα	t_669	102435005	v3paia---	l-p---mg-		ἐθέλω	ὁ		m|m|@
12	26	.	t_670	102435006	v--ana---	v-papmmg-		συνεξαμαρτέω	παραγίγνομαι		m|m|@
12	27	οὗτοι	t_671	102435007	u--------	d--------		,	οὐ		m|m|@
12	28	δʼ	t_672	102435008	n-s---mn-	v3paia---		σίμων	ἐθέλω		m|m|@
12	29	ἤδη	t_673	102435009	c--------	v--ana---		δέ	συνεξαμαρτάνω		m|m|@
12	30	μεθύοντεςοὗτοι	t_674	102435010	a-s---mn-	u--------		οὗτος	,		m|m|@
12	31	δʼ	t_675	102435011	d--------	n-s---mn-		καί	Σίμων		m|m|@
12	32	ἤδη	t_676	102435012	n-s---mn-	c--------		θεόφιλος	δέ		m|m|@
12	33	μεθύοντες	t_677	102435013	d--------	p-s---mn-		καί	οὗτος		m|m|@
12	34	Schott:	t_678	102435014	n-s---mn-	c--------		πρώταρχος	καί		m|m|@
12	35	ἤδη	t_679	102435015	c--------	n-s---mn-		καί	Θεόφιλος		m|m|@
12	36	μεθύοντες	t_680	102435016	n-s---mn-	c--------		αὐτοκλῆς	καί		m|m|@
12	37	οὗτοι	t_681	102435017	v3piia---	n-s---mn-		ἕλκω	Πρώταρχος		m|m|@
12	38	δʼ	t_682	102435018	l-s---na-	c--------		ὁ	καί		m|m|@
12	39	MSS	t_683	102435019	n-s---na-	n-s---mn-		μειράκιον	Αὐτοκλῆς		m|m|@
12	40	.	t_684	102435020	u--------	v3piia---		.	ἕλκω		m|m|@
12	41	ἐκπηδῶσιν	t_685	102435021	l-s---mn-	l-s---na-		ὁ	ὁ		m|m|
12	42	ἐφʼ	t_686	102435022	d--------	n-s---na-		δέ	μειράκιον		m|m|@
12	43	ἡμᾶς	t_687	102435023	v-sapamn-	u--------		ῥίπτω	.		m|m|@
12	44	καὶ	t_688	102435024	l-s---na-	l-s---mn-		ὁ	ὁ		m|m|
12	45	οἱ	t_689	102435025	n-s---na-	c--------		ἱμάτιον	δέ		m|m|@
12	46	μέν	t_690	102435026	v3siie---	v-sapamn-		οἴχομαι	ῥίπτω		m|m|@
12	47	τινες	t_691	102435027	v-sppamn-	l-s---na-		φεύγω	ὁ		m|m|@
12	48	αὐτῷ	t_692	102435028	u--------	n-s---na-		.	ἱμάτιον		m|m|@
12	49	τῶν	t_693	102435029	p1s---cn-	v3siim---		ἐγώ	οἴχομαι		m|m|@
12	50	παραγενομένων	t_694	102435030	d--------	v-sppamn-		δέ	φεύγω		m|m|@
12	51	οὐκ	t_695	102435031	v-sppemn-	u--------		ἡγέομαι	.		m|m|@
12	52	ἠθέλησαν	t_696	102435032	p-s---ma-	p-s---cn-		ἐκεῖνος	ἐγώ		m|m|@
12	53	συνεξαμαρτεῖν	t_697	102435033	d--------	c--------		μέν	δέ		m|m|@
12	54	,	t_698	102435034	v--fnm---	v-sppmmn-		ἐκφεύγω	ἡγέομαι		m|m|@
12	55	Σίμων	t_699	102435035	u--------	p-s---ma-		,	ἐκεῖνος		m|m|@
12	56	δὲ	t_700	102435036	p-p---ma-	g--------		οὗτος	μέν		m|m|@
12	57	οὑτοσὶ	t_701	102435037	d--------	v--fnm---		δέ	ἐκφεύγω		m|m|@
12	58	καὶ	t_702	102435038	u--------	u--------		,	,		m|m|
12	59	Θεόφιλος	t_703	102435039	c--------	p-p---ma-		ἐπεί	οὗτος		m|m|@
12	60	καὶ	t_704	102435040	a-p---nas	c--------		ταχύς	δέ		m|m|@
12	61	Πρώταρχος	t_705	102435041	v3paoa---	u--------		ἐντυγχάνω	,		m|m|@
12	62	καὶ	t_706	102435042	n-p---md-	c--------		ἄνθρωπος	ἐπειδή		m|m|@
12	63	Αὐτοκλῆς	t_707	102435043	u--------	a-p---nas		,	ταχύς		m|m|@
12	64	εἷλκον	t_708	102435044	v-pppema-	v3paoa---		αἰσχύνω	ἐντυγχάνω		m|m|@
12	65	τὸ	t_709	102435045	v--fnm---	n-p---md-		ἀποτρέπω	ἄνθρωπος		m|m|@
12	66	μειράκιον	t_710	102435046	u--------	u--------		—	,		m|m|@
12	67	.	t_711	102435047	p-p---na-	v-pppmma-		οὗτος	αἰσχύνω		m|m|@
12	68	ὁ	t_712	102435048	v-sapemn-	v--fnm---		διανοέω	ἀποτρέπω		m|m|@
12	69	δὲ	t_713	102435049	a-s---fa-	u--------		ἕτερος	—		m|m|@
12	70	ῥίψας	t_714	102435050	n-s---fa-	p-p---na-		ὁδός	οὗτος		m|m|@
12	71	τὸ	t_715	102435051	v1siie---	v-sapmmn-		οἴχομαι	διανοέω		m|m|@
12	72	ἱμάτιον	t_716	102435052	v-sppamn-	p-s---fa-		ἄπειμι1	ἕτερος		m|m|@
12	73	ᾤχετο	t_717	102435053	u--------	n-s---fa-		·	ὁδός		m|m|@
12	74	φεύγων	t_718	102435054	d--------	v1siim---		οὕτως	οἴχομαι		m|m|@
12	75	.	t_719	102435055	d--------	v-sppamn-		σφόδρα	ἀπέρχομαι		m|m|@
13	1	ἐγὼ	t_720	102435056	p-p---ma-	u--------		αὐτός	·		m|m|@
13	2	δὲ	t_721	102435057	v1siie---	d--------		κλέπτω	οὕτως		m|m|@
13	3	ἡγούμενος	t_722	102435058	u--------	d--------		,	σφόδρα		m|m|@
13	4	ἐκεῖνον	t_723	102435059	c--------	p-p---ma-		καί	αὐτός		m|m|@
13	5	μὲν	t_724	102435060	a-p---na-	v1siim---		πᾶς	φυλάσσω		m|m|@
13	6	ἐκφεύξεσθαι	t_725	102435061	l-p---na-	u--------		ὁ	,		m|m|@
13	7	,	t_726	102435062	r--------	c--------		ὑπό	καί		m|m|@
13	8	τούτους	t_727	102435063	p-p---mg-	p-p---na-		οὗτος	πᾶς		m|m|@
13	9	δʼ	t_728	102435064	v-pppena-	l-p---na-		γίγνομαι	ὁ		m|m|@
13	10	,	t_729	102435065	a-s---fa-	r--------		μέγας	ὑπό		m|m|@
13	11	ἐπειδὴ	t_730	102435066	p-s---md-	p-p---mg-		ἐμαυτοῦ	οὗτος		m|m|@
13	12	τάχιστα	t_731	102435067	n-s---fa-	v-pppmna-		συμφορά	γίγνομαι		m|m|@
13	13	ἐντύχοιεν	t_732	102435068	v1siia---	a-s---fa-		νομίζω	μέγας		m|m|@
13	14	ἀνθρώποις	t_733	102435069	u--------	p-s---md-		.	ἐμαυτοῦ		m|m|@
13	15	,	t_734	102435070	d--------	n-s---fa-		καί	συμφορά		m|m|@
13	16	αἰσχυνομένους	t_735	102435071	d--------	v1siia---		ἐνταῦθα	νομίζω		m|m|@
13	17	ἀποτρέψεσθαι	t_736	102435072	d--------	u--------		μέν	.		m|m|@
13	18	—	t_737	102435073	u--------	c--------		,	καί		m|m|@
13	19	ταῦτα	t_738	102435074	c--------	d--------		ἵνα	ἐνταῦθα		m|m|@
13	20	διανοηθεὶς	t_739	102435075	v3spia---	g--------		φημί	μέν		m|m|@
13	21	ἑτέραν	t_740	102435076	n-s---mn-	u--------		σίμων	,		m|m|@
13	22	ὁδὸν	t_741	102435077	l-s---fa-	c--------		ὁ	ἵνα		m|m|@
13	23	ᾠχόμην	t_742	102435078	n-s---fa-	v3spia---		μάχη	φημί		m|m|@
13	24	ἀπιών	t_743	102435079	v--anm---	n-s---mn-		γίγνομαι	Σίμων		m|m|@
13	25	·	t_744	102435080	u--------	l-s---fa-		,	ὁ		m|m|@
13	26	οὕτω	t_745	102435081	d--------	n-s---fa-		οὐ	μάχη		m|m|@
13	27	σφόδρʼ	t_746	102435082	d--------	v--anm---		τε	γίγνομαι		m|m|@
13	28	αὐτοὺς	t_747	102435083	p-p---mg-	u--------		οὗτος	,		m|m|@
13	29	ἐφυλαττόμην	t_748	102435084	d--------	d--------		οὐ	οὐ		m|m|
13	30	,	t_749	102435085	d--------	c--------		τε	τε		m|m|
13	31	καὶ	t_750	102435086	p1p---mg-	p-p---mg-		ἐγώ	οὗτος		m|m|@
13	32	πάντα	t_751	102435087	p-s---mn-	d--------		οὐδείς	οὐ		m|m|@
13	33	τὰτὰ	t_752	102435088	d--------	c--------		οὐ	τε		m|m|@
13	34	Reiske:	t_753	102435089	d--------	p-p---cg-		τε	ἐγώ		m|m|@
13	35	ταῦτα	t_754	102435090	v3saip---	p-s---mn-		κατάγνυμι	οὐδείς		m|m|@
13	36	MSS	t_755	102435091	l-s---fa-	d--------		ὁ	οὐ		m|m|@
13	37	.	t_756	102435092	n-s---fa-	c--------		κεφαλή	τε		m|m|@
13	38	ὑπὸ	t_757	102435093	d--------	v3saip---		οὐ	κατάγνυμι		m|m|@
13	39	τούτων	t_758	102435094	c--------	l-s---fa-		τε	ὁ		m|m|@
13	40	γιγνόμενα	t_759	102435095	a-s---na-	n-s---fa-		ἄλλος	κεφαλή		m|m|@
13	41	μεγάλην	t_760	102435096	a-s---na-	d--------		κακός	οὐ		m|m|@
13	42	ἐμαυτῷ	t_761	102435097	p-s---na-	c--------		οὐδείς	τε		m|m|@
13	43	συμφορὰν	t_762	102435098	v3saia---	p-s---na-		λαμβάνω	ἄλλος		m|m|@
13	44	ἐνόμιζον	t_763	102435099	u--------	a-s---na-		,	κακός		m|m|@
13	45	.	t_764	102435100	p-p---ng-	p-s---na-		ὅς	οὐδείς		m|m|@
14	1	κ	t_765	102435101	p1s---mn-	v3saia---		ἐγώ	λαμβάνω		m|m|@
14	2	ἀνταῦθακἀνταῦθα	t_766	102435102	l-p---ma-	u--------		ὁ	,		m|m|@
14	3	Contius:	t_767	102435103	v-papmma-	p-p---ng-		παραγίγνομαι	ὅς		m|m|@
14	4	καὶ	t_768	102435104	p-p---md-	p-s---cn-		σύ	ἐγώ		m|m|@
14	5	ταῦτα	t_769	102435105	v1sfim---	l-p---ma-		παρέχω	ὁ		m|m|@
14	6	.	t_770	102435106	n-p---ma-	v-papmma-		μάρτυς	παραγίγνομαι		m|m|@
14	7	μέν	t_771	102435107	u--------	p-p---cd-		.	σύ		m|m|@
14	8	,	t_772	102435108	n-s---mv-	v1sfim---		μάρτυς	παρέχω		m|m|@
14	9	ἵνα	t_773	102435109	c--------	n-p---ma-		ὅτι	μάρτυς		m|m|@
14	10	φησὶ	t_774	102435110	d--------	u--------		μέν	.		m|m|@
14	11	Σίμων	t_775	102435111	d--------	c--------		τοίνυν	ὅτι		m|m|@
14	12	τὴν	t_776	102435112	p-s---mn-	g--------		οὗτος	μέν		m|m|@
14	13	μάχην	t_777	102435113	v3siia---	g--------		εἰμί	τοίνυν		m|m|@
14	14	γενέσθαι	t_778	102435114	l-s---mn-	p-s---mn-		ὁ	οὗτος		m|m|@
14	15	,	t_779	102435115	v-sapamn-	v3siia---		ἀδικέω	εἰμί		m|m|@
14	16	οὔ	t_780	102435116	u--------	l-s---mn-		,	ὁ		m|m|@
14	17	τε	t_781	102435117	i--------	v-sapamn-		ὦ	ἀδικέω		m|m|@
14	18	τούτων	t_782	102435118	n-s---fv-	u--------		βουλή	,		m|m|@
14	19	οὔ	t_783	102435119	u--------	i--------		,	ὦ		m|m|@
14	20	τε	t_784	102435120	c--------	n-s---fv-		καί	βουλή		m|m|@
14	21	ἡμῶν	t_785	102435121	v-sapamn-	u--------		ἐπιβουλεύω	,		m|m|@
14	22	οὐδεὶς	t_786	102435122	p-p---md-	c--------		ἐγώ	καί		m|m|@
14	23	οὔ	t_787	102435123	u--------	v-sapamn-		,	ἐπιβουλεύω		m|m|@
14	24	τε	t_788	102435124	c--------	p-p---cd-		καί	ἐγώ		m|m|@
14	25	κατεάγη	t_789	102435125	d--------	u--------		οὐ	,		m|m|@
14	26	τὴν	t_790	102435126	p1s---mn-	c--------		ἐγώ	καί		m|m|@
14	27	κεφαλὴν	t_791	102435127	p-s---md-	d--------		οὗτος	οὐ		m|m|@
14	28	οὔ	t_792	102435128	u--------	p-s---cn-		,	ἐγώ		m|m|@
14	29	τε	t_793	102435129	r--------	p-s---md-		ὑπό	οὗτος		m|m|@
14	30	ἄλλο	t_794	102435130	l-p---mg-	u--------		ὁ	,		m|m|@
14	31	κακὸν	t_795	102435131	v-papmmg-	r--------		παραγίγνομαι	ὑπό		m|m|@
14	32	οὐδὲν	t_796	102435132	v3srie---	l-p---mg-		μαρτυρέω	ὁ		m|m|@
14	33	ἔλαβεν	t_797	102435133	p-p---md-	v-papmmg-		σύ	παραγίγνομαι		m|m|@
14	34	,	t_798	102435134	u--------	v3srim---		.	μαρτυρέω		m|m|@
14	35	ὧν	t_799	102435135	r--------	p-p---cd-		μετά	σύ		m|m|@
14	36	ἐγὼ	t_800	102435136	d--------	u--------		δέ	.		m|m|@
14	37	τοὺς	t_801	102435137	p-p---na-	r--------		οὗτος	μετά		m|m|@
14	38	παραγενομένους	t_802	102435138	l-s---nn-	c--------		ὁ	δέ		m|m|@
14	39	ὑμῖν	t_803	102435139	d--------	p-p---na-		μέν	οὗτος		m|m|@
14	40	παρέξομαι	t_804	102435140	n-s---nn-	l-s---nn-		μειράκιον	ὁ		m|m|@
14	41	μάρτυρας	t_805	102435141	r--------	g--------		εἰς	μέν		m|m|@
14	42	.	t_806	102435142	n-s---na-	n-s---nn-		κναφεῖον	μειράκιον		m|m|@
15	1	Μάρτυρες	t_807	102435143	v3saia---	r--------		καταφεύγω	εἰς		m|m|@
15	1	ὅτι	t_808	102435144	u--------	n-s---na-		,	κναφεῖον		m|m|@
15	2	μὲν	t_809	102435145	p-p---mn-	v3saia---		οὗτος	καταφεύγω		m|m|@
15	3	τοίνυν	t_810	102435146	c--------	u--------		δέ	,		m|m|@
15	4	οὗτος	t_811	102435147	v-papamn-	p-p---mn-		συνεισπίπτω	οὗτος		m|m|@
15	5	ἦν	t_812	102435148	v3piia---	c--------		ἄγω	δέ		m|m|@
15	6	ὁ	t_813	102435149	p-s---ma-	v-papamn-		αὐτός	συνεισπίπτω		m|m|@
15	7	ἀδικήσας	t_814	102435150	n-s---fd-	v3piia---		βία	ἄγω		m|m|@
15	8	,	t_815	102435151	u--------	p-s---ma-		,	αὐτός		m|m|@
15	9	ὦ	t_816	102435152	v-sppama-	n-s---fd-		βοάω	βία		m|m|@
15	10	βουλή	t_817	102435153	d--------	u--------		καί	,		m|m|@
15	11	,	t_818	102435154	v-srpama-	v-sppama-		κράζω	βοάω		m|m|@
15	12	καὶ	t_819	102435155	c--------	c--------		καί	καί		m|m|
15	13	ἐπιβουλεύσας	t_820	102435156	v-sppema-	v-srpama-		μαρτύρομαι	κράζω		m|m|@
15	14	ἡμῖν	t_821	102435157	u--------	c--------		.	καί		m|m|@
15	15	,	t_822	102435158	v-papamg-	v-sppmma-		συντρέχω	μαρτύρομαι		m|m|@
15	16	καὶ	t_823	102435159	d--------	u--------		δέ	.		m|m|@
15	17	οὐκ	t_824	102435160	n-p---mg-	v-papamg-		ἄνθρωπος	συντρέχω		m|m|@
15	18	ἐγὼ	t_825	102435161	a-p---mg-	c--------		πολύς	δέ		m|m|@
15	19	τούτῳ	t_826	102435162	d--------	n-p---mg-		καί	ἄνθρωπος		m|m|@
15	20	,	t_827	102435163	v-pppamg-	a-p---mg-		ἀγανακτέω	πολύς		m|m|@
15	21	ὑπὸ	t_828	102435164	l-s---nd-	c--------		ὁ	καί		m|m|@
15	22	τῶν	t_829	102435165	n-s---nd-	v-pppamg-		πρᾶγμα	ἀγανακτέω		m|m|@
15	23	παραγενομένων	t_830	102435166	c--------	l-s---nd-		καί	ὁ		m|m|@
15	24	μεμαρτύρηται	t_831	102435167	a-p---na-	n-s---nd-		δεινός	πρᾶγμα		m|m|@
15	25	ὑμῖν	t_832	102435168	v-pppamg-	c--------		φάσκω	καί		m|m|@
15	26	.	t_833	102435169	v--pna---	a-p---na-		εἰμί	δεινός		m|m|@
15	27	μετὰ	t_834	102435170	l-p---na-	v-pppamg-		ὁ	φάσκω		m|m|@
15	28	δὲ	t_835	102435171	v-pppena-	v--pna---		γίγνομαι	εἰμί		m|m|@
15	29	ταῦτα	t_836	102435172	u--------	l-p---na-		,	ὁ		m|m|@
15	30	τὸ	t_837	102435173	l-p---ng-	v-pppmna-		ὁ	γίγνομαι		m|m|@
15	31	μὲν	t_838	102435174	d--------	u--------		μέν	,		m|m|@
15	32	μειράκιον	t_839	102435175	v-pppeng-	l-p---ng-		λέγω3	ὁ		m|m|@
15	33	εἰς	t_840	102435176	p-s---na-	g--------		οὐδείς	μέν		m|m|@
15	34	γναφεῖον	t_841	102435177	v3piia---	v-pppmng-		φροντίζω	λέγω		m|m|@
15	35	κατέφυγεν	t_842	102435178	u--------	p-s---na-		,	οὐδείς		m|m|@
15	36	,	t_843	102435179	n-s---ma-	v3piia---		μόλων	φροντίζω		m|m|@
15	37	οὗτοι	t_844	102435180	c--------	u--------		δέ	,		m|m|@
15	38	δὲ	t_845	102435181	l-s---ma-	n-s---ma-		ὁ	Μόλων		m|m|@
15	39	συνεισπεσόντες	t_846	102435182	n-s---ma-	c--------		κναφεύς	δέ		m|m|@
15	40	ἦγον	t_847	102435183	c--------	l-s---ma-		καί	ὁ		m|m|@
15	41	αὐτὸν	t_848	102435184	a-p---ma-	n-s---ma-		ἄλλος	κναφεύς		m|m|@
15	42	βίᾳ	t_849	102435185	p-p---ma-	c--------		τις	καί		m|m|@
15	43	,	t_850	102435186	v--pna---	p-p---ma-		ἐπαμύνω	ἄλλος		m|m|@
15	44	βοῶντα	t_851	102435187	v-pppama-	p-p---ca-		ἐπιχειρέω	τις		m|m|@
15	45	καὶ	t_852	102435188	v3paia---	v--pna---		συγκόπτω	ἐπαμύνω		m|m|@
15	46	κεκραγότα	t_853	102435189	u--------	v-pppama-		.	ἐπιχειρέω		m|m|@
15	47	καὶ	t_854	102435190	d--------	v3paia---		ἤδη	συγκόπτω		m|m|@
15	48	μαρτυρόμενον	t_855	102435191	d--------	u--------		δέ	.		m|m|@
15	49	.	t_856	102435192	p-p---md-	d--------		αὐτός	ἤδη		m|m|@
16	1	συνδραμόντων	t_857	102435193	v-pppamd-	c--------		εἰμί	δέ		m|m|@
16	2	δὲ	t_858	102435194	r--------	p-p---md-		παρά	αὐτός		m|m|@
16	3	ἀνθρώπων	t_859	102435195	l-s---fa-	v-pppamd-		ὁ	εἰμί		m|m|@
16	4	πολλῶν	t_860	102435196	n-s---mg-	r--------		λάμπων	παρά		m|m|@
16	5	καὶ	t_861	102435197	n-s---fa-	l-s---fa-		οἰκία	ὁ		m|m|@
16	6	ἀγανακτούντων	t_862	102435198	p1s---mn-	n-s---mg-		ἐγώ	Λάμπων		m|m|@
16	7	τῷ	t_863	102435199	a-s---mn-	n-s---fa-		μόνος	οἰκία		m|m|@
16	8	πράγματι	t_864	102435200	v-sppamn-	p-s---cn-		βαδίζω	ἐγώ		m|m|@
16	9	καὶ	t_865	102435201	v1spia---	a-s---mn-		ἐντυγχάνω	μόνος		m|m|@
16	10	δεινὰ	t_866	102435202	u--------	v-sppamn-		,	βαδίζω		m|m|@
16	11	φασκόντων	t_867	102435203	a-s---na-	v1spia---		δεινός	ἐντυγχάνω		m|m|@
16	12	εἶναι	t_868	102435204	c--------	u--------		δέ	,		m|m|@
16	13	τὰ	t_869	102435205	v-sapmmn-	a-s---na-		ἡγέομαι	δεινός		m|m|@
16	14	γιγνόμενα	t_870	102435206	v--pna---	c--------		εἰμί	δέ		m|m|@
16	15	,	t_871	102435207	c--------	v-sapmmn-		καί	ἡγέομαι		m|m|@
16	16	τῶν	t_872	102435208	a-s---na-	v--pna---		αἰσχρός	εἰμί		m|m|@
16	17	μὲν	t_873	102435209	v--pna---	c--------		περίἰδέω	καί		m|m|@
16	18	λεγομένων	t_874	102435210	d--------	a-s---na-		οὕτως	αἰσχρός		m|m|@
16	19	οὐδὲν	t_875	102435211	d--------	v--pna---		ἄνομος	περιοράω		m|m|@
16	20	ἐφρόντιζον	t_876	102435212	c--------	d--------		καί	οὕτως		m|m|@
16	21	,	t_877	102435213	d--------	d--------		βίαιος	ἄνομος		m|m|@
16	22	Μόλωνα	t_878	102435214	v-sappma-	c--------		ὑβρίζω	καί		m|m|@
16	23	δὲ	t_879	102435215	l-s---ma-	d--------		ὁ	βίαιος		m|m|@
16	24	τὸν	t_880	102435216	n-s---ma-	v-sappma-		νεανίσκος	ὑβρίζω		m|m|@
16	25	γναφέα	t_881	102435217	u--------	l-s---ma-		,	ὁ		m|m|@
16	26	καὶ	t_882	102435218	v1spie---	n-s---ma-		ἐπιλαμβάνω	νεανίσκος		m|m|@
16	27	ἄλλους	t_883	102435219	p-s---mg-	u--------		αὐτός	,		m|m|@
16	28	τινὰς	t_884	102435220	u--------	v1spim---		.	ἐπιλαμβάνω		m|m|@
16	29	ἐπαμύνειν	t_885	102435221	p-p---mn-	p-s---mg-		οὗτος	αὐτός		m|m|@
16	30	ἐπιχειροῦντας	t_886	102435222	d--------	u--------		δέ	.		m|m|@
16	31	συνέκοψαν	t_887	102435223	u--------	p-p---mn-		,	οὗτος		m|m|@
16	32	.	t_888	102435224	c--------	c--------		διότι	δέ		m|m|@
17	1	ἤδη	t_889	102435225	d--------	u--------		μέν	,		m|m|@
17	2	δὲ	t_890	102435226	p-p---na-	c--------		τοιοῦτος	διότι		m|m|@
17	3	αὐτοῖς	t_891	102435227	v3piia---	g--------		παρανομέω	μέν		m|m|@
17	4	οὖσι	t_892	102435228	r--------	p-p---na-		εἰς	τοιοῦτος		m|m|@
17	5	παρὰ	t_893	102435229	p-s---ma-	v3piia---		ἐκεῖνος	παρανομέω		m|m|@
17	6	τὴν	t_894	102435230	u--------	r--------		,	εἰς		m|m|@
17	7	Λάμπωνος	t_895	102435231	d--------	p-s---ma-		οὐ	ἐκεῖνος		m|m|@
17	8	οἰκίαν	t_896	102435232	v3paia---	u--------		ἐθέλω	,		m|m|@
17	9	ἐγὼ	t_897	102435233	v--ana---	d--------		εἶπον	οὐ		m|m|@
17	10	μόνος	t_898	102435234	v-pappmn-	v3paia---		ἐρωτάω	ἐθέλω		m|m|@
17	11	βαδίζων	t_899	102435235	u--------	v--ana---		,	λέγω		m|m|@
17	12	ἐντυγχάνω	t_900	102435236	v-papmmn-	v-pappmn-		ἀφίημι	ἐρωτάω		m|m|@
17	13	,	t_901	102435237	c--------	u--------		δέ	,		m|m|@
17	14	δεινὸν	t_902	102435238	l-s---mg-	v-papmmn-		ὁ	ἀφίημι		m|m|@
17	15	δὲ	t_903	102435239	n-s---mg-	c--------		νεανίσκος	δέ		m|m|@
17	16	ἡγησάμενος	t_904	102435240	v3piia---	l-s---mg-		τύπτω	ὁ		m|m|@
17	17	εἶναι	t_905	102435241	p1s---ca-	n-s---mg-		ἐγώ	νεανίσκος		m|m|@
17	18	καὶ	t_906	102435242	u--------	v3piia---		.	τύπτω		m|m|@
17	19	αἰσχρὸν	t_907	102435243	n-s---fg-	p-s---ca-		μάχη	ἐγώ		m|m|@
17	20	περιιδεῖν	t_908	102435244	d--------	u--------		δέ	.		m|m|@
17	21	οὕτως	t_909	102435245	v-sapmfg-	n-s---fg-		γίγνομαι	μάχη		m|m|@
17	22	ἀνόμως	t_910	102435246	u--------	c--------		,	δέ		m|m|@
17	23	καὶ	t_911	102435247	i--------	v-sapmfg-		ὦ	γίγνομαι		m|m|@
17	24	βιαίως	t_912	102435248	n-s---fv-	u--------		βουλή	,		m|m|@
17	25	ὑβρισθέντα	t_913	102435249	u--------	i--------		,	ὦ		m|m|@
17	26	τὸν	t_914	102435250	d--------	n-s---fv-		καί	βουλή		m|m|@
17	27	νεανίσκον	t_915	102435251	l-s---ng-	u--------		ὁ	,		m|m|@
17	28	,	t_916	102435252	n-s---ng-	c--------		μειράκιον	καί		m|m|@
17	29	ἐπιλαμβάνομαι	t_917	102435253	v-sppamg-	l-s---ng-		βάλλω	ὁ		m|m|@
17	30	αὐτοῦ	t_918	102435254	p-p---ma-	n-s---ng-		αὐτός	μειράκιον		m|m|@
17	31	.	t_919	102435255	c--------	v-sppang-		καί	βάλλω		m|m|@
17	32	οὗτοι	t_920	102435256	r--------	p-p---ma-		περί	αὐτός		m|m|@
17	33	δέ	t_921	102435257	l-s---ng-	c--------		ὁ	καί		m|m|@
17	34	,	t_922	102435258	n-s---ng-	r--------		σῶμα	περί		m|m|@
17	35	διότι	t_923	102435259	v-sppemg-	l-s---ng-		ἀμύνω	ὁ		m|m|@
17	36	μὲν	t_924	102435260	c--------	n-s---ng-		καί	σῶμα		m|m|@
17	37	τοιαῦτα	t_925	102435261	p-p---mg-	v-sppmng-		οὗτος	ἀμύνω		m|m|@
17	38	παρενόμουν	t_926	102435262	p-p---ma-	c--------		ἐγώ	καί		m|m|@
17	39	εἰς	t_927	102435263	v-pppamg-	p-p---mg-		βάλλω	οὗτος		m|m|@
17	40	ἐκεῖνον	t_928	102435264	u--------	p-p---ca-		,	ἐγώ		m|m|@
17	41	,	t_929	102435265	d--------	v-pppamg-		ἔτι	βάλλω		m|m|@
17	42	οὐκ	t_930	102435266	d--------	u--------		δέ	,		m|m|@
17	43	ἠθέλησαν	t_931	102435267	v-pppamg-	d--------		τύπτω	ἔτι		m|m|@
17	44	εἰπεῖν	t_932	102435268	p-s---ma-	c--------		αὐτός	δέ		m|m|@
17	45	ἐρωτηθέντες	t_933	102435269	r--------	v-pppamg-		ὑπό	τύπτω		m|m|@
17	46	,	t_934	102435270	l-s---fg-	p-s---ma-		ὁ	αὐτός		m|m|@
17	47	ἀφέμενοι	t_935	102435271	n-s---fg-	r--------		μέθη	ὑπό		m|m|@
17	48	δὲ	t_936	102435272	d--------	l-s---fg-		καί	ὁ		m|m|@
17	49	τοῦ	t_937	102435273	p1s---mg-	n-s---fg-		ἐγώ	μέθη		m|m|@
17	50	νεανίσκου	t_938	102435274	v-sppemg-	c--------		ἀμύνω	καί		m|m|@
17	51	ἔτυπτον	t_939	102435275	u--------	p-s---cg-		,	ἐγώ		m|m|@
17	52	ἐμέ	t_940	102435276	c--------	v-sppmmg-		καί	ἀμύνω		m|m|@
17	53	.	t_941	102435277	l-p---mg-	u--------		ὁ	,		m|m|@
17	54	μάχης	t_942	102435278	v-papmmg-	c--------		παραγίγνομαι	καί		m|m|@
17	55	δὲ	t_943	102435279	d--------	l-p---mg-		ὡς	ὁ		m|m|@
17	56	γενομένης	t_944	102435280	v-pppemd-	v-papmmg-		ἀδικέω	παραγίγνομαι		m|m|@
17	57	,	t_945	102435281	p1p---md-	c--------		ἐγώ	ὡς		m|m|@
18	1	ὦ	t_946	102435282	a-p---mg-	v-pppmmd-		ἅπας	ἀδικέω		m|m|@
18	2	βουλή	t_947	102435283	v-pppamg-	p-p---cd-		ἐπίἐπικουρέω	ἐγώ		m|m|@
18	3	,	t_948	102435284	u--------	p-p---mg-		,	ἅπας		m|m|@
18	4	καὶ	t_949	102435285	r--------	v-pppamg-		ἐν	ἐπικουρέω		m|m|@
18	5	τοῦ	t_950	102435286	a-s---md-	u--------		οὗτος	,		m|m|@
18	6	μειρακίου	t_951	102435287	l-s---md-	r--------		ὁ	ἐν		m|m|@
18	7	βάλλοντος	t_952	102435288	n-s---md-	p-s---md-		θόρυβος	οὗτος		m|m|@
18	8	αὐτοὺς	t_953	102435289	v1piie---	l-s---md-		συντρίβω	ὁ		m|m|@
18	9	καὶ	t_954	102435290	l-p---fa-	n-s---md-		ὁ	θόρυβος		m|m|@
18	10	περὶ	t_955	102435291	n-p---fa-	v1ppim---		κεφαλή	συντρίβω		m|m|@
18	11	τοῦ	t_956	102435292	a-p---mn-	l-p---fa-		ἅπας	ὁ		m|m|@
18	12	σώματος	t_957	102435293	u--------	n-p---fa-		.	κεφαλή		m|m|@
18	13	ἀμυνομένου	t_958	102435294	d--------	p-p---mn-		καί	ἅπας		m|m|@
18	14	καὶ	t_959	102435295	l-p---mn-	u--------		ὁ	.		m|m|@
18	15	τούτων	t_960	102435296	d--------	c--------		μέν	καί		m|m|@
18	16	ἡμᾶς	t_961	102435297	p-p---mn-	l-p---mn-		ἄλλος	ὁ		m|m|@
18	17	βαλλόντων	t_962	102435298	l-p---mn-	g--------		ὁ	μέν		m|m|@
18	18	,	t_963	102435299	r--------	p-p---mn-		μετά	ἄλλος		m|m|@
18	19	ἔτι	t_964	102435300	p-s---mg-	l-p---mn-		οὗτος	ὁ		m|m|@
18	20	δὲ	t_965	102435301	v-papamn-	r--------		παροινέω	μετά		m|m|@
18	21	τυπτόντων	t_966	102435302	u--------	p-s---mg-		,	οὗτος		m|m|@
18	22	αὐτὸν	t_967	102435303	c--------	v-papamn-		ἐπεί	παροινέω		m|m|@
18	23	ὑπὸ	t_968	102435304	a-p---nas	u--------		ταχύς	,		m|m|@
18	24	τῆς	t_969	102435305	p1s---ma-	c--------		ἐγώ	ἐπειδή		m|m|@
18	25	μέθης	t_970	102435306	v1saia---	a-p---nas		εἶδον	ταχύς		m|m|@
18	26	καὶ	t_971	102435307	r--------	p-s---ca-		μετά	ἐγώ		m|m|@
18	27	ἐμοῦ	t_972	102435308	p-p---na-	v3paia---		οὗτος	ὁράω		m|m|@
18	28	ἀμυνομένου	t_973	102435309	u--------	r--------		,	μετά		m|m|@
18	29	,	t_974	102435310	v3piie---	p-p---na-		δέω2	οὗτος		m|m|@
18	30	καὶ	t_975	102435311	p-s---mg-	u--------		ἐγώ	,		m|m|@
18	31	τῶν	t_976	102435312	n-s---fa-	v3piim---		συγγνώμη	δέω		m|m|@
18	32	παραγενομένων	t_977	102435313	v--pna---	p-s---cg-		ἔχω	ἐγώ		m|m|@
18	33	ὡς	t_978	102435314	u--------	n-s---fa-		,	συγγνώμη		m|m|@
18	34	ἀδικουμένοις	t_979	102435315	d--------	v--pna---		οὐ	ἔχω		m|m|@
18	35	ἡμῖν	t_980	102435316	d--------	u--------		ὡς	,		m|m|@
18	36	ἁπάντων	t_981	102435317	v-pppemn-	d--------		ἀδικέω	οὐ		m|m|@
18	37	ἐπικουρούντων	t_982	102435318	c--------	c--------		ἀλλά	ὡς		m|m|@
18	38	,	t_983	102435319	d--------	v-pppmmn-		ὡς	ἀδικέω		m|m|@
18	39	ἐν	t_984	102435320	a-p---na-	c--------		δεινός	ἀλλά		m|m|@
18	40	τούτῳ	t_985	102435321	v-prpamn-	c--------		ποιέω	ὡς		m|m|@
18	41	τῷ	t_986	102435322	u--------	a-p---na-		·	δεινός		m|m|@
18	42	θορύβῳ	t_987	102435323	d--------	v-prpamn-		καί	ποιέω		m|m|@
18	43	συντριβόμεθα	t_988	102435324	r--------	u--------		ἐκ	·		m|m|@
18	44	τὰς	t_989	102435325	a-s---mg-	c--------		ἐκεῖνος	καί		m|m|@
18	45	κεφαλὰς	t_990	102435326	l-s---mg-	r--------		ὁ	ἐκ		m|m|@
18	46	ἅπαντες	t_991	102435327	n-s---mg-	p-s---mg-		χρόνος	ἐκεῖνος		m|m|@
18	47	.	t_992	102435328	a-p---ng-	l-s---mg-		τέσσαρες	ὁ		m|m|@
19	1	καὶ	t_993	102435329	n-p---ng-	n-s---mg-		ἔτος	χρόνος		m|m|@
19	2	οἱ	t_994	102435330	v-prpang-	m-p---ng-		παρέρχομαι	τέσσαρες		m|m|@
19	3	μὲν	t_995	102435331	p-s---na-	n-p---ng-		οὐδείς	ἔτος		m|m|@
19	4	ἄλλοι	t_996	102435332	p1s---md-	v-prpang-		ἐγώ	παρέρχομαι		m|m|@
19	5	οἱ	t_997	102435333	d--------	p-s---na-		πώποτε	οὐδείς		m|m|@
19	6	μετὰ	t_998	102435334	v3saia---	p-s---cd-		ἐγκαλέω	ἐγώ		m|m|@
19	7	τούτου	t_999	102435335	p-s---mn-	d--------		οὐδείς	πώποτε		m|m|@
19	8	παροινήσαντες	t_1000	102435336	u--------	v3saia---		.	ἐγκαλέω		m|m|@
19	9	,	t_1001	102435337	n-s---mn-	p-s---mn-		σίμων	οὐδείς		m|m|@
19	10	ἐπειδὴ	t_1002	102435338	d--------	u--------		δέ	.		m|m|@
19	11	τάχιστά	t_1003	102435339	a-s---mn-	n-s---mn-		οὗτος	Σίμων		m|m|@
19	12	με	t_1004	102435340	u--------	c--------		,	δέ		m|m|@
19	13	εἶδον	t_1005	102435341	a-p---ng-	p-s---mn-		πᾶς	οὗτος		m|m|@
19	14	μετὰ	t_1006	102435342	l-p---ng-	u--------		ὁ	,		m|m|@
19	15	ταῦτα	t_1007	102435343	a-p---ng-	p-p---ng-		κακός	πᾶς		m|m|@
19	16	,	t_1008	102435344	a-s---mn-	l-p---ng-		αἴτιος	ὁ		m|m|@
19	17	ἐδέοντό	t_1009	102435345	v-sapmmn-	a-p---ng-		γίγνομαι	κακός		m|m|@
19	18	μου	t_1010	102435346	u--------	a-s---mn-		,	αἴτιος		m|m|@
19	19	συγγνώμην	t_1011	102435347	l-s---ma-	v-sapmmn-		ὁ	γίγνομαι		m|m|@
19	20	ἔχειν	t_1012	102435348	d--------	u--------		μέν	,		m|m|@
19	21	,	t_1013	102435349	a-s---ma-	l-s---ma-		ἄλλος	ὁ		m|m|@
19	22	οὐχ	t_1014	102435350	n-s---ma-	g--------		χρόνος	μέν		m|m|@
19	23	ὡς	t_1015	102435351	n-s---fa-	p-s---ma-		ἡσυχία	ἄλλος		m|m|@
19	24	ἀδικούμενοι	t_1016	102435352	v3siia---	n-s---ma-		ἄγω	χρόνος		m|m|@
19	25	ἀλλʼ	t_1017	102435353	v-srpamn-	n-s---fa-		δείδω	ἡσυχία		m|m|@
19	26	ὡς	t_1018	102435354	r--------	v3siia---		περί	ἄγω		m|m|@
19	27	δεινὰ	t_1019	102435355	p-s---mg-	v-srpamn-		ἑαυτοῦ	δείδω		m|m|@
19	28	πεποιηκότες	t_1020	102435356	u--------	r--------		,	περί		m|m|@
19	29	·	t_1021	102435357	c--------	p-s---mg-		ἐπεί	ἑαυτοῦ		m|m|@
19	30	καὶ	t_1022	102435358	c--------	u--------		δέ	,		m|m|@
19	31	ἐξ	t_1023	102435359	n-p---fa-	c--------		δίκη	ἐπειδή		m|m|@
19	32	ἐκείνου	t_1024	102435360	a-p---fa-	c--------		ἴδιος	δέ		m|m|@
19	33	τοῦ	t_1025	102435361	v3saim---	n-p---fa-		αἰσθάνομαι	δίκη		m|m|@
19	34	χρόνου	t_1026	102435362	d--------	a-p---fa-		κακός	ἴδιος		m|m|@
19	35	τεττάρων	t_1027	102435363	v-sapmma-	v3saim---		ἀγωνίζομαι	αἰσθάνομαι		m|m|@
19	36	ἐτῶν	t_1028	102435364	r--------	d--------		ἐκ	κακός		m|m|@
19	37	παρεληλυθότων	t_1029	102435365	n-s---fg-	v-sapmma-		ἀντίδοσις	ἀγωνίζομαι		m|m|@
19	38	οὐδέν	t_1030	102435366	u--------	r--------		,	ἐκ		m|m|@
19	39	μοι	t_1031	102435367	v-sapamn-	n-s---fg-		καταφρονέω	ἀντίδοσις		m|m|@
19	40	πώποτε	t_1032	102435368	p1s---mg-	u--------		ἐγώ	,		m|m|@
19	41	ἐνεκάλεσεν	t_1033	102435369	d--------	v-sapamn-		οὑτωσί	καταφρονέω		m|m|@
19	42	οὐδείς	t_1034	102435370	d--------	p-s---cg-		τολμηρός	ἐγώ		m|m|@
19	43	.	t_1035	102435371	r--------	d--------		εἰς	οὕτως		m|m|@
20	1	Σίμων	t_1036	102435372	a-s---ma-	d--------		τοιοῦτος	τολμηρός		m|m|@
20	2	δʼ	t_1037	102435373	n-s---ma-	r--------		ἀγών	εἰς		m|m|@
20	3	οὑτοσί	t_1038	102435374	p-s---ma-	p-s---ma-		ἐγώ	τοιοῦτος		m|m|@
20	4	,	t_1039	102435375	v3saia---	n-s---ma-		καθίστημι	ἀγών		m|m|@
20	5	πάντων	t_1040	102435376	u--------	p-s---ca-		.	ἐγώ		m|m|@
20	6	τῶν	t_1041	102435377	c--------	v3saia---		ὡς	καθίστημι		m|m|@
20	7	κακῶν	t_1042	102435378	d--------	u--------		οὖν	.		m|m|@
20	8	αἴτιος	t_1043	102435379	d--------	c--------		καί	ὡς		m|m|@
20	9	γενόμενος	t_1044	102435380	p-p---na-	g--------		οὗτος	οὖν		m|m|@
20	10	,	t_1045	102435381	a-p---na-	c--------		ἀληθής	καί		m|m|@
20	11	τὸν	t_1046	102435382	v1spia---	p-p---na-		λέγω3	οὗτος		m|m|@
20	12	μὲν	t_1047	102435383	u--------	a-p---na-		,	ἀληθής		m|m|@
20	13	ἄλλον	t_1048	102435384	p-p---ng-	v1spia---		οὗτος	λέγω		m|m|@
20	14	χρόνον	t_1049	102435385	p-p---md-	u--------		σύ	,		m|m|@
20	15	ἡσυχίαν	t_1050	102435386	l-p---ma-	p-p---ng-		ὁ	οὗτος		m|m|@
20	16	ἦγε	t_1051	102435387	v-papmma-	p-p---cd-		παραγίγνομαι	σύ		m|m|@
20	17	δεδιὼς	t_1052	102435388	n-p---ma-	l-p---ma-		μάρτυς	ὁ		m|m|@
20	18	περὶ	t_1053	102435389	v1sfim---	v-papmma-		παρέχω	παραγίγνομαι		m|m|@
20	19	αὑτοῦ	t_1054	102435390	u--------	n-p---ma-		.	μάρτυς		m|m|@
20	20	,	t_1055	102435391	n-p---mv-	v1sfim---		μάρτυς	παρέχω		m|m|@
20	21	ἐπειδὴ	t_1056	102435392	l-p---na-	u--------		ὁ	.		m|m|@
20	22	δὲ	t_1057	102435393	d--------	l-p---na-		μέν	ὁ		m|m|@
20	23	δίκας	t_1058	102435394	d--------	g--------		οὖν	μέν		m|m|@
20	24	ἰδίας	t_1059	102435395	v-prpena-	g--------		γίγνομαι	οὖν		m|m|@
20	25	ᾔσθετο	t_1060	102435396	d--------	v-prpmna-		καί	γίγνομαι		m|m|@
20	26	κακῶς	t_1061	102435397	p1s---mg-	c--------		ἐγώ	καί		m|m|@
20	27	ἀγωνισάμενον	t_1062	102435398	c--------	p-s---cg-		καί	ἐγώ		m|m|@
20	28	ἐξ	t_1063	102435399	l-p---mg-	c--------		ὁ	καί		m|m|@
20	29	ἀντιδόσεως	t_1064	102435400	n-p---mg-	l-p---mg-		μάρτυς	ὁ		m|m|@
20	30	,	t_1065	102435401	v2pria---	n-p---mg-		ἀκούω	μάρτυς		m|m|@
20	31	καταφρονήσας	t_1066	102435402	u--------	v2pria---		·	ἀκούω		m|m|@
20	32	μου	t_1067	102435403	v1siie---	u--------		βούλομαι	·		m|m|@
20	33	οὑτωσὶ	t_1068	102435404	d--------	v1siim---		δέ	βούλομαι		m|m|@
20	34	τολμηρῶς	t_1069	102435405	d--------	c--------		ἄν	δέ		m|m|@
20	35	εἰς	t_1070	102435406	u--------	g--------		,	ἄν		m|m|@
20	36	τοιοῦτον	t_1071	102435407	i--------	u--------		ὦ	,		m|m|@
20	37	ἀγῶνά	t_1072	102435408	n-s---fv-	i--------		βουλή	ὦ		m|m|@
20	38	με	t_1073	102435409	u--------	n-s---fv-		,	βουλή		m|m|@
20	39	κατέστησεν	t_1074	102435410	n-s---ma-	u--------		σίμων	,		m|m|@
20	40	.	t_1075	102435411	l-s---fa-	n-s---ma-		ὁ	Σίμων		m|m|@
20	41	ὡς	t_1076	102435412	a-s---fa-	l-s---fa-		αὐτός	ὁ		m|m|@
20	42	οὖν	t_1077	102435413	n-s---fa-	p-s---fa-		γνώμη	αὐτός		m|m|@
20	43	καὶ	t_1078	102435414	p1s---md-	n-s---fa-		ἐγώ	γνώμη		m|m|@
20	44	ταῦτʼ	t_1079	102435415	v--pna---	p-s---cd-		ἔχω	ἐγώ		m|m|@
20	45	ἀληθῆ	t_1080	102435416	u--------	v--pna---		,	ἔχω		m|m|@
20	46	λέγω	t_1081	102435417	c--------	u--------		ἵνα	,		m|m|@
20	47	,	t_1082	102435418	a-p---mg-	c--------		ἀμφότερος	ἵνα		m|m|@
20	48	τούτων	t_1083	102435419	p1p---mg-	a-p---mg-		ἐγώ	ἀμφότερος		m|m|@
20	49	ὑμῖν	t_1084	102435420	v-papamn-	p-p---cg-		ἀκούω	ἐγώ		m|m|@
20	50	τοὺς	t_1085	102435421	l-p---na-	v-papamn-		ὁ	ἀκούω		m|m|@
20	51	παραγενομένους	t_1086	102435422	a-p---na-	l-p---na-		ἀληθής	ὁ		m|m|@
20	52	μάρτυρας	t_1087	102435423	d--------	a-p---na-		ῥᾴδιος	ἀληθής		m|m|@
20	53	παρέξομαι	t_1088	102435424	v2paia---	d--------		γιγνώσκω	ῥᾴδιος		m|m|@
20	54	.	t_1089	102435425	l-p---na-	v2paia---		ὁ	γιγνώσκω		m|m|@
21	1	Μάρτυρες	t_1090	102435426	a-p---na-	l-p---na-		δίκαιος	ὁ		m|m|@
21	1	τὰ	t_1091	102435427	u--------	a-p---na-		.	δίκαιος		m|m|@
21	2	μὲν	t_1092	102435428	c--------	u--------		ἐπεί	.		m|m|@
21	3	οὖν	t_1093	102435429	d--------	c--------		δέ	ἐπειδή		m|m|@
21	4	γεγενημένα	t_1094	102435430	p-s---md-	c--------		αὐτός	δέ		m|m|@
21	5	καὶ	t_1095	102435431	p-s---nn-	p-s---md-		οὐδείς	αὐτός		m|m|@
21	6	ἐμοῦ	t_1096	102435432	v3spia---	p-s---nn-		μέλω	οὐδείς		m|m|@
21	7	καὶ	t_1097	102435433	l-p---mg-	v3spia---		ὁ	μέλω		m|m|@
21	8	τῶν	t_1098	102435434	n-p---mg-	l-p---mg-		ὅρκος	ὁ		m|m|@
21	9	μαρτύρων	t_1099	102435435	p-p---mg-	n-p---mg-		ὅς	ὅρκος		m|m|@
21	10	ἀκηκόατε	t_1100	102435436	v3saim---	p-p---mg-		ὄμνυμι	ὅς		m|m|@
21	11	·	t_1101	102435437	u--------	v3saim---		,	ὄμνυμι		m|m|@
21	12	ἐβουλόμην	t_1102	102435438	v1sfim---	u--------		πειράω	,		m|m|@
21	13	δʼ	t_1103	102435439	d--------	v1sfim---		καί	πειράω		m|m|@
21	14	ἄν	t_1104	102435440	r--------	c--------		περί	καί		m|m|@
21	15	,	t_1105	102435441	p-p---ng-	r--------		ὅς	περί		m|m|@
21	16	ὦ	t_1106	102435442	p-s---mn-	p-p---ng-		οὗτος	ὅς		m|m|@
21	17	βουλή	t_1107	102435443	v3srie---	p-s---mn-		ψεύδω	οὗτος		m|m|@
21	18	,	t_1108	102435444	v--pna---	v3srim---		διδάσκω	ψεύδω		m|m|@
21	19	Σίμωνα	t_1109	102435445	p-p---ma-	v--pna---		σύ	διδάσκω		m|m|@
21	20	τὴν	t_1110	102435446	u--------	p-p---ca-		.	σύ		m|m|@
21	21	αὐτὴν	t_1111	102435447	v3saia---	u--------		τολμάω	.		m|m|@
21	22	γνώμην	t_1112	102435448	d--------	v3saia---		γάρ	τολμάω		m|m|@
21	23	ἐμοὶ	t_1113	102435449	v--ana---	g--------		εἶπον	γάρ		m|m|@
21	24	ἔχειν	t_1114	102435450	c--------	v--ana---		ὡς	λέγω		m|m|@
21	25	,	t_1115	102435451	p-s---mn-	c--------		αὐτός	ὡς		m|m|@
21	26	ἵνʼ	t_1116	102435452	d--------	p-s---mn-		μέν	αὐτός		m|m|@
21	27	ἀμφοτέρων	t_1117	102435453	a-p---fa-	g--------		τριακόσιοι	μέν		m|m|@
21	28	ἡμῶν	t_1118	102435454	n-p---fa-	m-p---fa-		δραχμή	τριακόσιοι		m|m|@
21	29	ἀκούσαντες	t_1119	102435455	v3saia---	n-p---fa-		δίδωμι	δραχμή		m|m|@
21	30	τ	t_1120	102435456	n-s---md-	v3saia---		θεόδοτος	δίδωμι		m|m|@
21	31	ἀληθῆ	t_1121	102435457	u--------	n-s---md-		,	Θεόδοτος		m|m|@
21	32	ῥᾳδίως	t_1122	102435458	n-p---fa-	u--------		συνθήκη	,		m|m|@
21	33	ἔγνωτε	t_1123	102435459	r--------	n-p---fa-		πρός	συνθήκη		m|m|@
21	34	τὰ	t_1124	102435460	p-s---ma-	r--------		αὐτός	πρός		m|m|@
21	35	δίκαια	t_1125	102435461	v-sapmmn-	p-s---ma-		ποιέω	αὐτός		m|m|@
21	36	.	t_1126	102435462	u--------	v-sapmmn-		,	ποιέω		m|m|@
21	37	ἐπειδὴ	t_1127	102435463	p1s---mn-	u--------		ἐγώ	,		m|m|@
21	38	δὲ	t_1128	102435464	c--------	p-s---cn-		δέ	ἐγώ		m|m|@
21	39	αὐτῷ	t_1129	102435465	v-sapamn-	c--------		ἐπιβουλεύω	δέ		m|m|@
21	40	οὐδὲν	t_1130	102435466	v1saia---	v-sapamn-		ἀφεστήξω	ἐπιβουλεύω		m|m|@
21	41	μέλει	t_1131	102435467	p-s---mg-	v1saia---		αὐτός	ἀφίστημι		m|m|@
21	42	τῶν	t_1132	102435468	l-s---na-	p-s---mg-		ὁ	αὐτός		m|m|@
21	43	ὅρκων	t_1133	102435469	n-s---na-	l-s---na-		μειράκιον	ὁ		m|m|@
21	44	ὧν	t_1134	102435470	u--------	n-s---na-		.	μειράκιον		m|m|@
21	45	ὠμόσατο	t_1135	102435471	d--------	u--------		καίτοι	.		m|m|@
21	46	,	t_1136	102435472	v3siia---	g--------		χρή	καίτοι		m|m|@
21	47	πειράσομαι	t_1137	102435473	p-s---ma-	v3siia---		αὐτός	χρή		m|m|@
21	48	καὶ	t_1138	102435474	u--------	p-s---ma-		,	αὐτός		m|m|@
21	49	περὶ	t_1139	102435475	c--------	u--------		εἴπερ	,		m|m|@
21	50	ὧν	t_1140	102435476	v3siia---	c--------		εἰμί	εἴπερ		m|m|@
21	51	οὗτος	t_1141	102435477	p-p---nn-	v3siia---		οὗτος	εἰμί		m|m|@
21	52	ἔψευσται	t_1142	102435478	a-p---nn-	p-p---nn-		ἀληθής	οὗτος		m|m|@
21	53	διδάσκειν	t_1143	102435479	u--------	a-p---nn-		,	ἀληθής		m|m|@
21	54	ὑμᾶς	t_1144	102435480	v-sapama-	u--------		παρακαλέω	,		m|m|@
21	55	.	t_1145	102435481	n-p---ma-	v-sapama-		μάρτυς	παρακαλέω		m|m|@
22	1	ἐτόλμησε	t_1146	102435482	d--------	n-p---ma-		ὡς	μάρτυς		m|m|@
22	2	γὰρ	t_1147	102435483	a-p---mas	c--------		πλεῖστος	ὡς		m|m|@
22	3	εἰπεῖν	t_1148	102435484	r--------	a-p---mas		κατά	πολύς		m|m|@
22	4	ὡς	t_1149	102435485	l-p---ma-	r--------		ὁ	κατά		m|m|@
22	5	αὐτὸς	t_1150	102435486	n-p---ma-	l-p---ma-		νόμος	ὁ		m|m|@
22	6	μὲν	t_1151	102435487	v--pne---	n-p---ma-		διαπράσσω	νόμος		m|m|@
22	7	τριακοσίας	t_1152	102435488	r--------	v--pnm---		περί	διαπράσσω		m|m|@
22	8	δραχμὰς	t_1153	102435489	p-p---ng-	r--------		αὐτός	περί		m|m|@
22	9	ἔδωκε	t_1154	102435490	u--------	p-p---ng-		.	αὐτός		m|m|@
22	10	Θεοδότῳ	t_1155	102435491	p-s---mn-	u--------		οὗτος	.		m|m|@
22	11	,	t_1156	102435492	d--------	p-s---mn-		δέ	οὗτος		m|m|@
22	12	συνθήκας	t_1157	102435493	p-s---na-	c--------		τοιοῦτος	δέ		m|m|@
22	13	πρὸς	t_1158	102435494	p-s---na-	p-s---na-		οὐδείς	τοιοῦτος		m|m|@
22	14	αὐτὸν	t_1159	102435495	d--------	p-s---na-		πώποτε	οὐδείς		m|m|@
22	15	ποιησάμενος	t_1160	102435496	v3spie---	d--------		φαίνω	πώποτε		m|m|@
22	16	,	t_1161	102435497	v-sapamn-	v3spim---		ποιέω	φαίνω		m|m|@
22	17	ἐγὼ	t_1162	102435498	u--------	v-sapamn-		,	ποιέω		m|m|@
22	18	δʼ	t_1163	102435499	v-sppamn-	u--------		ὑβρίζω	,		m|m|@
22	19	ἐπιβουλεύσας	t_1164	102435500	d--------	v-sppamn-		δέ	ὑβρίζω		m|m|@
22	20	ἀπέστησα	t_1165	102435501	d--------	c--------		καί	δέ		m|m|@
22	21	αὐτοῦ	t_1166	102435502	v-sppamn-	c--------		τύπτω	καί		m|m|@
22	22	τὸ	t_1167	102435503	a-p---ma-	v-sppamn-		ἀμφότερος	τύπτω		m|m|@
22	23	μειράκιον	t_1168	102435504	p-p---ma-	None		ἐγώ	None		m|m|@
22	24	.	t_1169	102435505	d--------	a-p---ma-		καί	ἀμφότερος		m|m|@
22	25	καίτοι	t_1170	102435506	v-sppamn-	p-p---ca-		κωμάζω	ἐγώ		m|m|@
22	26	ἐχρῆν	t_1171	102435507	d--------	c--------		καί	καί		m|m|
22	27	αὐτόν	t_1172	102435508	l-p---fa-	v-sppamn-		ὁ	κωμάζω		m|m|@
22	28	,	t_1173	102435509	n-p---fa-	c--------		θύρα	καί		m|m|@
22	29	εἴπερ	t_1174	102435510	v-sppamn-	l-p---fa-		ἐκβάλλω	ὁ		m|m|@
22	30	ἦν	t_1175	102435511	c--------	n-p---fa-		καί	θύρα		m|m|@
22	31	ταῦτʼ	t_1176	102435512	d--------	v-sppamn-		νύκτωρ	ἐκβάλλω		m|m|@
22	32	ἀληθῆ	t_1177	102435513	v-sppamn-	c--------		εἴσειμι	καί		m|m|@
22	33	,	t_1178	102435514	r--------	d--------		ἐπί	νύκτωρ		m|m|@
22	34	παρακαλέσαντα	t_1179	102435515	n-p---fa-	v-sppamn-		γυνή	εἰσέρχομαι		m|m|@
22	35	μάρτυρας	t_1180	102435516	a-p---fa-	r--------		ἐλεύθερος	ἐπί		m|m|@
22	36	ὡς	t_1181	102435517	u--------	n-p---fa-		.	γυνή		m|m|@
22	37	πλείστους	t_1182	102435518	p-p---na-	a-p---fa-		ὅς	ἐλεύθερος		m|m|@
22	38	κατὰ	t_1183	102435519	v3spia---	u--------		χρή	.		m|m|@
22	39	τοὺς	t_1184	102435520	d-------s	p-p---na-		μάλιστα	ὅς		m|m|@
22	40	νόμους	t_1185	102435521	u--------	v3spia---		,	χρή		m|m|@
22	41	διαπράττεσθαι	t_1186	102435522	i--------	d-------s		ὦ	μάλα		m|m|@
22	42	περὶ	t_1187	102435523	n-s---fv-	u--------		βουλή	,		m|m|@
22	43	αὐτῶν	t_1188	102435524	u--------	i--------		,	ὦ		m|m|@
22	44	.	t_1189	102435525	n-p---na-	n-s---fv-		τεκμήριον	βουλή		m|m|@
23	1	οὗτος	t_1190	102435526	v--pna---	u--------		νομίζω	,		m|m|@
23	2	δὲ	t_1191	102435527	c--------	n-p---na-		ὅτι	τεκμήριον		m|m|@
23	3	τοιοῦτον	t_1192	102435528	v3spie---	v--pna---		ψεύδω	νομίζω		m|m|@
23	4	οὐδὲν	t_1193	102435529	r--------	c--------		πρός	ὅτι		m|m|@
23	5	πώποτε	t_1194	102435530	p-p---ma-	v3spim---		σύ	ψεύδω		m|m|@
23	6	φαίνεται	t_1195	102435531	u--------	r--------		.	πρός		m|m|@
23	7	ποιήσας	t_1196	102435532	v2pame---	p-p---ca-		σκέπτομαι	σύ		m|m|@
23	8	,	t_1197	102435533	d--------	u--------		δέ	.		m|m|@
23	9	ὑβρίζων	t_1198	102435534	c--------	v2pamm---		ὡς	σκοπέω		m|m|@
23	10	δὲ	t_1199	102435535	a-p---na-	c--------		ἄπιστος	δέ		m|m|@
23	11	καὶ	t_1200	102435536	v3sria---	c--------		ἐρῶ	ὡς		m|m|@
23	12	τύπτων	t_1201	102435537	u--------	a-p---na-		.	ἄπιστος		m|m|@
23	13	ἅμʼἅμʼ	t_1202	102435538	l-s---fa-	v3sria---		ὁ	λέγω		m|m|@
23	14	del	t_1203	102435539	d--------	u--------		γάρ	.		m|m|@
23	15	.	t_1204	102435540	n-s---fa-	l-s---fa-		οὐσία	ὁ		m|m|@
23	16	Taylor	t_1205	102435541	l-s---fa-	g--------		ὁ	γάρ		m|m|@
23	17	ἀμφοτέρους	t_1206	102435542	p-s---mg-	n-s---fa-		ἑαυτοῦ	οὐσία		m|m|@
23	18	ἡμᾶς	t_1207	102435543	a-s---fa-	l-s---fa-		ἅπας	ὁ		m|m|@
23	19	καὶ	t_1208	102435544	a--------	p-s---mg-		πεντήκοντα	ἑαυτοῦ		m|m|@
23	20	κωμάζων	t_1209	102435545	c--------	p-s---fa-		καί	ἅπας		m|m|@
23	21	καὶ	t_1210	102435546	a-p---fg-	m--------		διακόσιοι	πεντήκοντα		m|m|@
23	22	τὰς	t_1211	102435547	n-p---fg-	c--------		δραχμή	καί		m|m|@
23	23	θύρας	t_1212	102435548	v3saim---	m-p---fg-		τιμάω	διακόσιοι		m|m|@
23	24	ἐκβάλλων	t_1213	102435549	u--------	n-p---fg-		.	δραχμή		m|m|@
23	25	καὶ	t_1214	102435550	d--------	v3saim---		καίτοι	τιμάω		m|m|@
23	26	νύκτωρ	t_1215	102435551	a-s---nn-	u--------		θαυμαστός	.		m|m|@
23	27	εἰσιὼν	t_1216	102435552	c--------	g--------		εἰ	καίτοι		m|m|@
23	28	ἐπὶ	t_1217	102435553	l-s---ma-	a-s---nn-		ὁ	θαυμαστός		m|m|@
23	29	γυναῖκας	t_1218	102435554	v-sfpama-	c--------		ἑταιρέω	εἰ		m|m|@
23	30	ἐλευθέρας	t_1219	102435555	a-p---ngc	l-s---ma-		πλείων	ὁ		m|m|@
23	31	.	t_1220	102435556	v3saim---	v-sfpama-		μισθόω	ἑταιρέω		m|m|@
23	32	ἃ	t_1221	102435557	p-p---ng-	a-p---ngc		ὅς	πολύς		m|m|@
23	33	χρὴ	t_1222	102435558	p-s---mn-	v3saim---		αὐτός	μισθόω		m|m|@
23	34	μάλιστα	t_1223	102435559	v3spia---	p-p---ng-		τυγχάνω	ὅς		m|m|@
23	35	,	t_1224	102435560	v-srpemn-	p-s---mn-		κτάομαι	αὐτός		m|m|@
23	36	ὦ	t_1225	102435561	u--------	v3spia---		.	τυγχάνω		m|m|@
23	37	βουλή	t_1226	102435562	r--------	v-srpmmn-		εἰς	κτάομαι		m|m|@
23	38	,	t_1227	102435563	p-s---na-	u--------		οὗτος	.		m|m|@
23	39	τεκμήρια	t_1228	102435564	d--------	r--------		δέ	εἰς		m|m|@
23	40	νομίζειν	t_1229	102435565	v3spia---	p-s---na-		ἥκω	οὗτος		m|m|@
23	41	ὅτι	t_1230	102435566	n-s---fg-	c--------		τόλμα	δέ		m|m|@
23	42	ψεύδεται	t_1231	102435567	c--------	v3spia---		ὥστε	ἥκω		m|m|@
23	43	πρὸς	t_1232	102435568	d--------	n-s---fg-		οὐ	τόλμα		m|m|@
23	44	ὑμᾶς	t_1233	102435569	v3spia---	c--------		ἐξαρκέω	ὥστε		m|m|@
23	45	.	t_1234	102435570	r--------	d--------		περί	οὐ		m|m|@
24	1	σκέψασθε	t_1235	102435571	p-s---ng-	v3spia---		οὗτος	ἐξαρκέω		m|m|@
24	2	δὲ	t_1236	102435572	a-s---na-	r--------		μόνος	περί		m|m|@
24	3	ὡς	t_1237	102435573	p-s---md-	p-s---ng-		αὐτός	οὗτος		m|m|@
24	4	ἄπιστα	t_1238	102435574	v--anm---	d--------		ψεύδω	μόνος		m|m|@
24	5	εἴρηκε	t_1239	102435575	u--------	p-s---md-		,	αὐτός		m|m|@
24	6	.	t_1240	102435576	r--------	v--anm---		περί	ψεύδω		m|m|@
24	7	τὴν	t_1241	102435577	l-s---ng-	u--------		ὁ	,		m|m|@
24	8	γὰρ	t_1242	102435578	v--rna---	r--------		δίδωμι	περί		m|m|@
24	9	οὐσίαν	t_1243	102435579	l-s---na-	l-s---ng-		ὁ	ὁ		m|m|
24	10	τὴν	t_1244	102435580	n-s---na-	v--rna---		ἀργύριον	δίδωμι		m|m|@
24	11	ἑαυτοῦ	t_1245	102435581	u--------	l-s---na-		,	ὁ		m|m|@
24	12	ἅπασαν	t_1246	102435582	c--------	n-s---na-		ἀλλά	ἀργύριον		m|m|@
24	13	πεντήκοντα	t_1247	102435583	d--------	u--------		καί	,		m|m|@
24	14	καὶ	t_1248	102435584	v--rne---	c--------		κομίζω	ἀλλά		m|m|@
24	15	διακοσίων	t_1249	102435585	v3spia---	c--------		φημί	καί		m|m|@
24	16	δραχμῶν	t_1250	102435586	u--------	v--rnm---		·	κομίζω		m|m|@
24	17	ἐτιμήσατο	t_1251	102435587	d--------	v3spia---		καίτοι	φημί		m|m|@
24	18	.	t_1252	102435588	d--------	u--------		πῶς	·		m|m|@
24	19	καίτοι	t_1253	102435589	v-srpann-	g--------		εἰκός	καίτοι		m|m|@
24	20	θαυμαστὸν	t_1254	102435590	v3spia---	d--------		εἰμί	πῶς		m|m|@
24	21	εἰ	t_1255	102435591	d--------	v-srpann-		τότε	ἔοικα		m|m|@
24	22	τὸν	t_1256	102435592	d--------	v3spia---		μέν	εἰμί		m|m|@
24	23	ἑταιρήσοντα	t_1257	102435593	p1p---ma-	d--------		ἐγώ	τότε		m|m|@
24	24	πλειόνων	t_1258	102435594	p-p---na-	g--------		τοιοῦτος	μέν		m|m|@
24	25	ἐμισθώσατο	t_1259	102435595	v--pna---	p-p---ca-		ἐξαμαρτάνω	ἐγώ		m|m|@
24	26	ὧν	t_1260	102435596	a-p---na-	p-p---na-		οἷος	τοιοῦτος		m|m|@
24	27	αὐτὸς	t_1261	102435597	v3sria---	v--pna---		κατηγορέω	ἐξαμαρτάνω		m|m|@
24	28	τυγχάνει	t_1262	102435598	p-s---mn-	p-p---na-		οὗτος	οἷος		m|m|@
24	29	κεκτημένος	t_1263	102435599	u--------	v3sria---		,	κατηγορέω		m|m|@
24	30	.	t_1264	102435600	v--ana---	p-s---mn-		ἀποστερέω	οὗτος		m|m|@
25	1	εἰς	t_1265	102435601	v-pppema-	u--------		βούλομαι	,		m|m|@
25	2	τοῦτο	t_1266	102435602	l-p---fa-	v--ana---		ὁ	ἀποστερέω		m|m|@
25	3	δʼ	t_1267	102435603	a-p---fa-	v-pppmma-		τριακόσιοι	βούλομαι		m|m|@
25	4	ἥκει	t_1268	102435604	n-p---fa-	l-p---fa-		δραχμή	ὁ		m|m|@
25	5	τόλμης	t_1269	102435605	u--------	m-p---fa-		,	τριακόσιοι		m|m|@
25	6	ὥστε	t_1270	102435606	c--------	n-p---fa-		ἐπεί	δραχμή		m|m|@
25	7	οὐκ	t_1271	102435607	c--------	u--------		δέ	,		m|m|@
25	8	ἐξαρκεῖ	t_1272	102435608	v1paim---	c--------		ἀπομαχέομαι	ἐπειδή		m|m|@
25	9	περὶ	t_1273	102435609	u--------	c--------		,	δέ		m|m|@
25	10	τούτου	t_1274	102435610	d--------	v1paim---		τηνικαῦτα	ἀπομάχομαι		m|m|@
25	11	μόνον	t_1275	102435611	v--ana---	u--------		ἀποδίδωμι	,		m|m|@
25	12	αὐτῷ	t_1276	102435612	l-s---na-	d--------		ὁ	τηνικαῦτα		m|m|@
25	13	ψεύσασθαι	t_1277	102435613	n-s---na-	v--ana---		ἀργύριον	ἀποδίδωμι		m|m|@
25	14	,	t_1278	102435614	p-s---md-	l-s---na-		αὐτός	ὁ		m|m|@
25	15	περὶ	t_1279	102435615	u--------	n-s---na-		,	ἀργύριον		m|m|@
25	16	τοῦ	t_1280	102435616	d--------	p-s---md-		μή	αὐτός		m|m|@
25	17	δεδωκέναι	t_1281	102435617	d--------	u--------		τε	,		m|m|@
25	18	τὸ	t_1282	102435618	v-pppema-	d--------		ἀφίημι	μή		m|m|@
25	19	ἀργύριον	t_1283	102435619	l-p---ng-	c--------		ὁ	τε		m|m|@
25	20	,	t_1284	102435620	n-p---ng-	v-prpmma-		ἔγκλημα	ἀφίημι		m|m|@
25	21	ἀλλὰ	t_1285	102435621	d--------	l-p---ng-		μή	ὁ		m|m|@
25	22	καὶ	t_1286	102435622	c--------	n-p---ng-		τε	ἔγκλημα		m|m|@
25	23	κεκομίσθαι	t_1287	102435623	n-s---fg-	d--------		ἀνάγκη	μή		m|m|@
25	24	φησί	t_1288	102435624	p1p---md-	c--------		ἐγώ	τε		m|m|@
25	25	·	t_1289	102435625	a-s---fg-	n-s---fg-		μηδείς	ἀνάγκη		m|m|@
25	26	καίτοι	t_1290	102435626	v-sapmfg-	p-p---cd-		γίγνομαι	ἐγώ		m|m|@
25	27	πῶς	t_1291	102435627	u--------	p-s---fg-		;	μηδείς		m|m|@
25	28	εἰκός	t_1292	102435628	d--------	v-sapmfg-		ἀλλά	γίγνομαι		m|m|@
25	29	ἐστι	t_1293	102435629	d--------	u--------		γάρ	;		m|m|@
25	30	τότε	t_1294	102435630	u--------	c--------		,	ἀλλά		m|m|@
25	31	μὲν	t_1295	102435631	i--------	g--------		ὦ	γάρ		m|m|@
25	32	ἡμᾶς	t_1296	102435632	n-s---fv-	u--------		βουλή	,		m|m|@
25	33	τοιαῦτα	t_1297	102435633	u--------	i--------		,	ὦ		m|m|@
25	34	ἐξαμαρτάνειν	t_1298	102435634	a-p---nn-	n-s---fv-		πᾶς	βουλή		m|m|@
25	35	οἷα	t_1299	102435635	p-s---md-	u--------		αὐτός	,		m|m|@
25	36	κατηγόρηκεν	t_1300	102435636	p-p---nn-	p-p---nn-		οὗτος	πᾶς		m|m|@
25	37	οὗτος	t_1301	102435637	v3spie---	p-s---md-		σύγκειμαι	αὐτός		m|m|@
25	38	,	t_1302	102435638	c--------	p-p---nn-		καί	οὗτος		m|m|@
25	39	ἀποστερῆσαι	t_1303	102435639	v3srie---	v3spim---		μηχανάομαι	σύγκειμαι		m|m|@
25	40	βουλομένους	t_1304	102435640	u--------	c--------		,	καί		m|m|@
25	41	τὰς	t_1305	102435641	c--------	v3srim---		καί	μηχανάομαι		m|m|@
25	42	τριακοσίας	t_1306	102435642	v--ana---	u--------		δίδωμι	,		m|m|@
25	43	δραχμάς	t_1307	102435643	d--------	c--------		μέν	καί		m|m|@
25	44	,	t_1308	102435644	v3spia---	v--ana---		φημί	δίδωμι		m|m|@
25	45	ἐπειδὴ	t_1309	102435645	u--------	g--------		,	μέν		m|m|@
25	46	δὲ	t_1310	102435646	c--------	v3spia---		ἵνα	φημί		m|m|@
25	47	ἀπεμαχεσάμεθα	t_1311	102435647	d--------	u--------		μή	,		m|m|@
25	48	,	t_1312	102435648	v3spsa---	c--------		δοκέω	ἵνα		m|m|@
25	49	τηνικαῦτα	t_1313	102435649	a-p---na-	d--------		δεινός	μή		m|m|@
25	50	ἀποδοῦναι	t_1314	102435650	v--pna---	v3spsa---		ποιέω	δοκέω		m|m|@
25	51	τὸ	t_1315	102435651	u--------	a-p---na-		,	δεινός		m|m|@
25	52	ἀργύριον	t_1316	102435652	c--------	v--pna---		εἰ	ποιέω		m|m|@
25	53	αὐτῷ	t_1317	102435653	a-s---ng-	u--------		μηδείς	,		m|m|@
25	54	,	t_1318	102435654	p-s---md-	c--------		αὐτός	εἰ		m|m|@
25	55	μή	t_1319	102435655	n-s---ng-	p-s---ng-		συμβόλαιον	μηδείς		m|m|@
25	56	τε	t_1320	102435656	v-srpeng-	p-s---md-		γίγνομαι	αὐτός		m|m|@
25	57	ἀφειμένους	t_1321	102435657	a-p---na-	n-s---ng-		τοιοῦτος	συμβόλαιον		m|m|@
25	58	τῶν	t_1322	102435658	v3siia---	v-srpmng-		τολμάω	γίγνομαι		m|m|@
25	59	ἐγκλημάτων	t_1323	102435659	v--pna---	p-p---na-		ὑβρίζω	τοιοῦτος		m|m|@
25	60	μή	t_1324	102435660	l-s---na-	v3siia---		ὁ	τολμάω		m|m|@
25	61	τε	t_1325	102435661	n-s---na-	v--pna---		μειράκιον	ὑβρίζω		m|m|@
25	62	ἀνάγκης	t_1326	102435662	u--------	l-s---na-		,	ὁ		m|m|@
25	63	ἡμῖν	t_1327	102435663	v--rna---	n-s---na-		ἀπολαμβάνω	μειράκιον		m|m|@
25	64	μηδεμιᾶς	t_1328	102435664	c--------	u--------		δέ	,		m|m|@
25	65	γενομένης	t_1329	102435665	v3spie---	v--rna---		προσποιέω	ἀπολαμβάνω		m|m|@
25	66	;	t_1330	102435666	u--------	c--------		,	δέ		m|m|@
26	1	ἀλλὰ	t_1331	102435667	c--------	v3spim---		διότι	προσποιέω		m|m|@
26	2	γάρ	t_1332	102435668	a-s---mn-	u--------		φανερός	,		m|m|@
26	3	,	t_1333	102435669	v3spia---	c--------		εἰμί	διότι		m|m|@
26	4	ὦ	t_1334	102435670	v-sapamn-	a-s---mn-		ἐγκαλέω	φανερός		m|m|@
26	5	βουλή	t_1335	102435671	d--------	v3spia---		οὐδέποτε	εἰμί		m|m|@
26	6	,	t_1336	102435672	n-s---na-	v-sapamn-		ἀργύριον	ἐγκαλέω		m|m|@
26	7	πάντα	t_1337	102435673	d--------	d--------		οὐ	οὐδέποτε		m|m|@
26	8	αὐτῷ	t_1338	102435674	c--------	n-s---na-		δέ	ἀργύριον		m|m|@
26	9	ταῦτα	t_1339	102435675	n-s---fa-	d--------		μνεία	οὐ		m|m|@
26	10	σύγκειται	t_1340	102435676	r--------	c--------		περί	δέ		m|m|@
26	11	καὶ	t_1341	102435677	p-s---mg-	n-s---fa-		οὗτος	μνεία		m|m|@
26	12	μεμηχάνηται	t_1342	102435678	a-s---fa-	r--------		οὐδείς	περί		m|m|@
26	13	,	t_1343	102435679	v-sapmmn-	p-s---ng-		ποιέω	οὗτος		m|m|@
26	14	καὶ	t_1344	102435680	u--------	p-s---fa-		.	οὐδείς		m|m|@
26	15	δοῦναι	t_1345	102435681	v3spia---	v-sapmmn-		φημί	ποιέω		m|m|@
26	16	μέν	t_1346	102435682	d--------	u--------		δέ	.		m|m|@
26	17	φησιν	t_1347	102435683	r--------	v3spia---		ἐπί	φημί		m|m|@
26	18	,	t_1348	102435684	l-p---fd-	c--------		ὁ	δέ		m|m|@
26	19	ἵνα	t_1349	102435685	p-s---mg-	r--------		ἑαυτοῦ	ἐπί		m|m|@
26	20	μὴ	t_1350	102435686	n-p---fd-	l-p---fd-		θύρα	ὁ		m|m|@
26	21	δοκῇ	t_1351	102435687	r--------	p-s---mg-		ὑπό	ἑαυτοῦ		m|m|@
26	22	δεινὰ	t_1352	102435688	p-s---mg-	n-p---fd-		ἐγώ	θύρα		m|m|@
26	23	ποιεῖν	t_1353	102435689	d--------	r--------		δεινός	ὑπό		m|m|@
26	24	,	t_1354	102435690	v--anp---	p-s---cg-		διατίθημι	ἐγώ		m|m|@
26	25	εἰ	t_1355	102435691	v-sppemn-	d--------		τύπτω	δεινός		m|m|@
26	26	μηδενὸς	t_1356	102435692	u--------	v--anp---		.	διατίθημι		m|m|@
26	27	αὐτῷ	t_1357	102435693	v3spie---	v-sppmmn-		φαίνω	τύπτω		m|m|@
26	28	συμβολαίου	t_1358	102435694	d--------	u--------		δέ	.		m|m|@
26	29	γεγενημένου	t_1359	102435695	v--pna---	v3spim---		πλέω	φαίνω		m|m|@
26	30	τοιαῦτα	t_1360	102435696	c--------	c--------		ἤ1	δέ		m|m|@
26	31	ἐτόλμα	t_1361	102435697	a-p---na-	v--pna---		τέσσαρες	πλέω		m|m|@
26	32	ὑβρίζειν	t_1362	102435698	n-p---na-	c--------		στάδιον	ἤ		m|m|@
26	33	τὸ	t_1363	102435699	r--------	m-p---na-		ἀπό	τέσσαρες		m|m|@
26	34	μειράκιον	t_1364	102435700	l-s---fg-	n-p---na-		ὁ	στάδιον		m|m|@
26	35	,	t_1365	102435701	n-s---fg-	r--------		οἰκία	ἀπό		m|m|@
26	36	ἀπειληφέναι	t_1366	102435702	v-sapamn-	l-s---fg-		διώκω	ὁ		m|m|@
26	37	δὲ	t_1367	102435703	l-s---na-	n-s---fg-		ὁ	οἰκία		m|m|@
26	38	προσποιεῖται	t_1368	102435704	n-s---na-	v-sapamn-		μειράκιον	διώκω		m|m|@
26	39	,	t_1369	102435705	p-s---na-	l-s---na-		οὐδείς	ὁ		m|m|@
26	40	διότι	t_1370	102435706	a-s---na-	n-s---na-		κακός	μειράκιον		m|m|@
26	41	φανερός	t_1371	102435707	v-sppamn-	p-s---na-		ἔχω	οὐδείς		m|m|@
26	42	ἐστιν	t_1372	102435708	u--------	a-s---na-		,	κακός		m|m|@
26	43	ἐγκαλέσας	t_1373	102435709	c--------	v-sppamn-		καί	ἔχω		m|m|@
26	44	οὐδέποτʼ	t_1374	102435710	p-p---na-	u--------		οὗτος	,		m|m|@
26	45	ἀργύριον	t_1375	102435711	a-s---nn-	c--------		πλέω	καί		m|m|@
26	46	οὐ	t_1376	102435712	c--------	p-p---na-		ἤ1	οὗτος		m|m|@
26	47	δὲ	t_1377	102435713	a-p---mg-	v--pna---		διακόσιοι	πλέω		m|m|@
26	48	μνείαν	t_1378	102435714	v-papamg-	c--------		εἶδον	ἤ		m|m|@
26	49	περὶ	t_1379	102435715	n-p---mg-	m-p---mg-		ἄνθρωπος	διακόσιοι		m|m|@
26	50	τούτου	t_1380	102435716	v-srpann-	v-papamg-		ἔξαρνος	ὁράω		m|m|@
26	51	οὐδεμίαν	t_1381	102435717	v3spia---	n-p---mg-		εἰμί	ἄνθρωπος		m|m|@
26	52	ποιησάμενος	t_1382	102435718	u--------	a-s---mn-		.	ἔξαρνος		m|m|@
26	53	.	t_1383	102435719	v3spia---	v3spia---		λέγω3	εἰμί		m|m|@
27	1	φησὶ	t_1384	102435720	d--------	u--------		δέ	.		m|m|@
27	2	δʼ	t_1385	102435721	c--------	v3spia---		ὡς	λέγω		m|m|@
27	3	ἐπὶ	t_1386	102435722	p1p---mn-	c--------		ἐγώ	δέ		m|m|@
27	4	ταῖς	t_1387	102435723	v1paia---	c--------		ἔρχομαι	ὡς		m|m|@
27	5	αὑτοῦ	t_1388	102435724	r--------	p-p---cn-		ἐπί	ἐγώ		m|m|@
27	6	θύραις	t_1389	102435725	l-s---fa-	v1paia---		ὁ	ἔρχομαι		m|m|@
27	7	ὑπʼ	t_1390	102435726	n-s---fa-	r--------		οἰκία	ἐπί		m|m|@
27	8	ἐμοῦ	t_1391	102435727	l-s---fa-	l-s---fa-		ὁ	ὁ		m|m|
27	9	δεινῶς	t_1392	102435728	p-s---mg-	n-s---fa-		οὗτος	οἰκία		m|m|@
27	10	διατεθῆναι	t_1393	102435729	n-s---na-	l-s---fa-		ὄστρακον	ὁ		m|m|@
27	11	τυπτόμενος	t_1394	102435730	v-pppamn-	p-s---mg-		ἔχω	οὗτος		m|m|@
27	12	.	t_1395	102435731	u--------	n-s---na-		,	ὄστρακον		m|m|@
27	13	φαίνεται	t_1396	102435732	c--------	v-pppamn-		καί	ἔχω		m|m|@
27	14	δὲ	t_1397	102435733	c--------	u--------		ὡς	,		m|m|@
27	15	πλεῖν	t_1398	102435734	v1siia---	c--------		ἀπειλέω	καί		m|m|@
27	16	ἢ	t_1399	102435735	p-s---md-	c--------		αὐτός	ὡς		m|m|@
27	17	τέτταρα	t_1400	102435736	p1s---mn-	v1siia---		ἐγώ	ἀπειλέω		m|m|@
27	18	στάδια	t_1401	102435737	v--fna---	p-s---md-		ἀποκτείνω	αὐτός		m|m|@
27	19	ἀπὸ	t_1402	102435738	u--------	p-s---cn-		,	ἐγώ		m|m|@
27	20	τῆς	t_1403	102435739	c--------	v--fna---		καί	ἀποκτείνω		m|m|@
27	21	οἰκίας	t_1404	102435740	c--------	u--------		ὡς	,		m|m|@
27	22	διώξας	t_1405	102435741	p-s---nn-	c--------		οὗτος	καί		m|m|@
27	23	τὸ	t_1406	102435742	v3spia---	c--------		εἰμί	ὡς		m|m|@
27	24	μειράκιον	t_1407	102435743	l-s---fn-	p-s---nn-		ὁ	οὗτος		m|m|@
27	25	οὐδὲν	t_1408	102435744	n-s---fn-	v3spia---		πρόνοια	εἰμί		m|m|@
27	26	κακὸν	t_1409	102435745	u--------	l-s---fn-		.	ὁ		m|m|@
27	27	ἔχων	t_1410	102435746	p1s---mn-	n-s---fn-		ἐγώ	πρόνοια		m|m|@
27	28	,	t_1411	102435747	d--------	u--------		δέ	.		m|m|@
27	29	καὶ	t_1412	102435748	v1spie---	p-s---cn-		ἡγέομαι	ἐγώ		m|m|@
27	30	ταῦτα	t_1413	102435749	u--------	c--------		,	δέ		m|m|@
27	31	πλεῖν	t_1414	102435750	i--------	v1spim---		ὦ	ἡγέομαι		m|m|@
27	32	ἢ	t_1415	102435751	n-s---fv-	u--------		βουλή	,		m|m|@
27	33	διακοσίων	t_1416	102435752	u--------	i--------		,	ὦ		m|m|@
27	34	ἰδόντων	t_1417	102435753	a-s---na-	n-s---fv-		ῥᾴδιος	βουλή		m|m|@
27	35	ἀνθρώπων	t_1418	102435754	v--pna---	u--------		εἰμί	,		m|m|@
27	36	ἔξαρνός	t_1419	102435755	v--ana---	a-s---na-		γιγνώσκω	ῥᾴδιος		m|m|@
27	37	ἐστι	t_1420	102435756	c--------	v--pna---		ὅτι	εἰμί		m|m|@
27	38	.	t_1421	102435757	v3spie---	v--ana---		ψεύδω	γιγνώσκω		m|m|@
28	1	λέγει	t_1422	102435758	u--------	c--------		,	ὅτι		m|m|@
28	2	δʼ	t_1423	102435759	d--------	v3spim---		οὐ	ψεύδω		m|m|@
28	3	ὡς	t_1424	102435760	a-s---na-	u--------		μόνος	,		m|m|@
28	4	ἡμεῖς	t_1425	102435761	p-p---md-	d--------		σύ	οὐ		m|m|@
28	5	ἤλθομεν	t_1426	102435762	l-p---md-	d--------		ὁ	μόνος		m|m|@
28	6	ἐπὶ	t_1427	102435763	v-prpamd-	p-p---cd-		ἐθέλω	σύ		m|m|@
28	7	τὴν	t_1428	102435764	v--pne---	l-p---md-		σκοπέω	ὁ		m|m|@
28	8	οἰκίαν	t_1429	102435765	r--------	v-prpamd-		περί	εἴωθα		m|m|@
28	9	τὴν	t_1430	102435766	l-p---ng-	v--pnm---		ὁ	σκοπέω		m|m|@
28	10	τούτου	t_1431	102435767	p-p---ng-	r--------		τοιοῦτος	περί		m|m|@
28	11	ὄστρακον	t_1432	102435768	u--------	l-p---ng-		,	ὁ		m|m|@
28	12	ἔχοντες	t_1433	102435769	c--------	p-p---ng-		ἀλλά	τοιοῦτος		m|m|@
28	13	,	t_1434	102435770	d--------	u--------		καί	,		m|m|@
28	14	καὶ	t_1435	102435771	l-p---md-	c--------		ὁ	ἀλλά		m|m|@
28	15	ὡς	t_1436	102435772	p-p---md-	c--------		ἄλλος	καί		m|m|@
28	16	ἠπείλουν	t_1437	102435773	a-p---md-	l-p---md-		ἅπας	ὁ		m|m|@
28	17	αὐτῷ	t_1438	102435774	u--------	p-p---md-		.	ἄλλος		m|m|@
28	18	ἐγὼ	t_1439	102435775	l-s---md-	p-p---md-		ὁ	ἅπας		m|m|@
28	19	ἀποκτενεῖν	t_1440	102435776	d--------	u--------		γάρ	.		m|m|@
28	20	,	t_1441	102435777	d--------	p-s---cd-		ἄν	τίς		m|m|@
28	21	καὶ	t_1442	102435778	v3saoa---	g--------		δοκέω	γάρ		m|m|@
28	22	ὡς	t_1443	102435779	a-s---nn-	g--------		πιστός1	ἄν		m|m|@
28	23	τοῦτό	t_1444	102435780	c--------	v3saoa---		ὡς	δοκέω		m|m|@
28	24	ἐστιν	t_1445	102435781	p1s---mn-	a-s---nn-		ἐγώ	πιστός		m|m|@
28	25	ἡ	t_1446	102435782	v-sappmn-	c--------		προνοοῦμαι	ὡς		m|m|@
28	26	πρόνοια	t_1447	102435783	c--------	p-s---cn-		καί	ἐγώ		m|m|@
28	27	.	t_1448	102435784	v-sppamn-	v-sappmn-		ἐπιβουλεύω	προνοέω		m|m|@
28	28	ἐγὼ	t_1449	102435785	v1saia---	c--------		ἔρχομαι	καί		m|m|@
28	29	δʼ	t_1450	102435786	r--------	v-sppamn-		ἐπί	ἐπιβουλεύω		m|m|@
28	30	ἡγοῦμαι	t_1451	102435787	l-s---fa-	v1saia---		ὁ	ἔρχομαι		m|m|@
28	31	,	t_1452	102435788	n-s---mg-	r--------		σίμων	ἐπί		m|m|@
28	32	ὦ	t_1453	102435789	n-s---fa-	l-s---fa-		οἰκία	ὁ		m|m|@
28	33	βουλή	t_1454	102435790	r--------	n-s---mg-		μετά	Σίμων		m|m|@
28	34	,	t_1455	102435791	n-s---fa-	n-s---fa-		ἡμέρα	οἰκία		m|m|@
28	35	ῥᾴδιον	t_1456	102435792	u--------	r--------		,	μετά		m|m|@
28	36	εἶναι	t_1457	102435793	r--------	n-s---fa-		μετά	ἡμέρα		m|m|@
28	37	γνῶναι	t_1458	102435794	l-s---ng-	u--------		ὁ	,		m|m|@
28	38	ὅτι	t_1459	102435795	n-s---ng-	r--------		μειράκιον	μετά		m|m|@
28	39	ψεύδεται	t_1460	102435796	u--------	l-s---ng-		,	ὁ		m|m|@
28	40	,	t_1461	102435797	a-p---mg-	n-s---ng-		τοσοῦτος	μειράκιον		m|m|@
28	41	οὐ	t_1462	102435798	n-p---mg-	u--------		ἄνθρωπος	,		m|m|@
28	42	μόνον	t_1463	102435799	r--------	p-p---mg-		παρά	τοσοῦτος		m|m|@
28	43	ὑμῖν	t_1464	102435800	p-s---md-	n-p---mg-		αὐτός	ἄνθρωπος		m|m|@
28	44	τοῖς	t_1465	102435801	v-prpemg-	r--------		συλλέγω	παρά		m|m|@
28	45	εἰωθόσι	t_1466	102435802	u--------	p-s---md-		,	αὐτός		m|m|@
28	46	σκοπεῖσθαι	t_1467	102435803	c--------	v-prpmmg-		εἰ	συλλέγω		m|m|@
28	47	περὶ	t_1468	102435804	d--------	u--------		μή	,		m|m|@
28	48	τῶν	t_1469	102435805	r--------	c--------		εἰς	εἰ		m|m|@
28	49	τοιούτων	t_1470	102435806	p-s---na-	d--------		οὗτος	μή		m|m|@
28	50	,	t_1471	102435807	n-s---fg-	r--------		μανία	εἰς		m|m|@
28	51	ἀλλὰ	t_1472	102435808	v1saim---	p-s---na-		ἀφικνέομαι	οὗτος		m|m|@
28	52	καὶ	t_1473	102435809	c--------	n-s---fg-		ὥστε	μανία		m|m|@
28	53	τοῖς	t_1474	102435810	v--pna---	v1saim---		ἐπιθυμέω	ἀφικνέομαι		m|m|@
28	54	ἄλλοις	t_1475	102435811	a-s---mn-	c--------		εἷς	ὥστε		m|m|@
28	55	ἅπασι	t_1476	102435812	v-sppamn-	v--pna---		εἰμί	ἐπιθυμέω		m|m|@
28	56	.	t_1477	102435813	a-p---md-	m-s---mn-		πολύς	εἷς		m|m|@
29	1	τῷ	t_1478	102435814	v--pne---	v-sppamn-		μάχομαι	εἰμί		m|m|@
29	2	γὰρ	t_1479	102435815	u--------	a-p---md-		,	πολύς		m|m|@
29	3	ἂν	t_1480	102435816	d--------	v--pnm---		ἄλλως	μάχομαι		m|m|@
29	4	δόξειε	t_1481	102435817	d--------	u--------		τε	,		m|m|@
29	5	πιστὸν	t_1482	102435818	c--------	d--------		καί	ἄλλος		m|m|@
29	6	ὡς	t_1483	102435819	v-srpamn-	c--------		οἶδα	τε		m|m|@
29	7	ἐγὼ	t_1484	102435820	c--------	c--------		ὅτι	καί		m|m|@
29	8	προνοηθεὶς	t_1485	102435821	d--------	v-srpamn-		ἄσμενος	οἶδα		m|m|@
29	9	καὶ	t_1486	102435822	d--------	c--------		ἄν	ὅτι		m|m|@
29	10	ἐπιβουλεύων	t_1487	102435823	p1s---ca-	d--------		ἐγώ	ἄσμενος		m|m|@
29	11	ἦλθον	t_1488	102435824	v3saia---	g--------		ὁράω	ἄν		m|m|@
29	12	ἐπὶ	t_1489	102435825	r--------	p-s---ca-		ἐπί	ἐγώ		m|m|@
29	13	τὴν	t_1490	102435826	l-p---fd-	v3saia---		ὁ	ὁράω		m|m|@
29	14	Σίμωνος	t_1491	102435827	n-p---fd-	r--------		θύρα	ἐπί		m|m|@
29	15	οἰκίαν	t_1492	102435828	l-p---fd-	l-p---fd-		ὁ	ὁ		m|m|
29	16	μεθʼ	t_1493	102435829	p-s---mg-	n-p---fd-		ἑαυτοῦ	θύρα		m|m|@
29	17	ἡμέραν	t_1494	102435830	u--------	l-p---fd-		,	ὁ		m|m|@
29	18	,	t_1495	102435831	p-s---mn-	p-s---mg-		ὅς	ἑαυτοῦ		m|m|@
29	19	μετὰ	t_1496	102435832	d--------	u--------		καί	,		m|m|@
29	20	τοῦ	t_1497	102435833	r--------	p-s---mn-		ἐπί	ὅς		m|m|@
29	21	μειρακίου	t_1498	102435834	l-s---fa-	c--------		ὁ	καί		m|m|@
29	22	,	t_1499	102435835	a-s---fa-	r--------		ἐμός	ἐπί		m|m|@
29	23	τοσούτων	t_1500	102435836	n-s---fa-	l-s---fa-		οἰκία	ὁ		m|m|@
29	24	ἀνθρώπων	t_1501	102435837	v-sppamn-	a-s---fa-		φοιτάω	ἐμός		m|m|@
29	25	παρʼ	t_1502	102435838	v3siia---	n-s---fa-		εἰσέρχομαι	οἰκία		m|m|@
29	26	αὐτῷ	t_1503	102435839	n-s---fd-	v-sppamn-		βία	φοιτάω		m|m|@
29	27	συνειλεγμένων	t_1504	102435840	u--------	v3siia---		,	εἰσέρχομαι		m|m|@
29	28	,	t_1505	102435841	c--------	n-s---fd-		καί	βία		m|m|@
29	29	εἰ	t_1506	102435842	d--------	u--------		οὐ	,		m|m|@
29	30	μὴ	t_1507	102435843	d--------	c--------		τε	καί		m|m|@
29	31	εἰς	t_1508	102435844	l-s---fg-	d--------		ὁ	οὐ		m|m|@
29	32	τοῦτο	t_1509	102435845	n-s---fg-	c--------		ἀδελφή	τε		m|m|@
29	33	μανίας	t_1510	102435846	d--------	l-s---fg-		οὐ	ὁ		m|m|@
29	34	ἀφικόμην	t_1511	102435847	c--------	n-s---fg-		τε	ἀδελφή		m|m|@
29	35	ὥστε	t_1512	102435848	l-p---mg-	d--------		ὁ	οὐ		m|m|@
29	36	ἐπιθυμεῖν	t_1513	102435849	n-p---mg-	c--------		ἀδελφιδέος	τε		m|m|@
29	37	εἷς	t_1514	102435850	v-sapamn-	l-p---mg-		φροντίζω	ὁ		m|m|@
29	38	ὢν	t_1515	102435851	v--pna---	n-p---mg-		ζητέω	ἀδελφιδέος		m|m|@
29	39	πολλοῖς	t_1516	102435852	p1s---ca-	v-sapamn-		ἐγώ	φροντίζω		m|m|@
29	40	μάχεσθαι	t_1517	102435853	v3siia---	v--pna---		τολμάω	ζητέω		m|m|@
29	41	,	t_1518	102435854	u--------	p-s---ca-		,	ἐγώ		m|m|@
29	42	ἄλλως	t_1519	102435855	c--------	v3siia---		καί	τολμάω		m|m|@
29	43	τε	t_1520	102435856	v-sapamn-	u--------		ἐξευρίσκω	,		m|m|@
29	44	καὶ	t_1521	102435857	d--------	c--------		ὅς	καί		m|m|@
29	45	εἰδὼς	t_1522	102435858	v-sppamn-	v-sapamn-		δειπνέω	ἐξευρίσκω		m|m|@
29	46	ὅτι	t_1523	102435859	v1siia---	d--------		τυγχάνω	οὗ		m|m|@
29	47	ἀσμένως	t_1524	102435860	u--------	v-sppamn-		,	δειπνέω		m|m|@
29	48	ἄν	t_1525	102435861	v-sapamn-	v1siia---		ἐκκαλέω	τυγχάνω		m|m|@
29	49	με	t_1526	102435862	v3siia---	u--------		τύπτω	,		m|m|@
29	50	εἶδεν	t_1527	102435863	p1s---ma-	v-sapamn-		ἐγώ	ἐκκαλέω		m|m|@
29	51	ἐπὶ	t_1528	102435864	u--------	v3siia---		;	τύπτω		m|m|@
29	52	ταῖς	t_1529	102435865	d--------	p-s---ca-		καί	ἐγώ		m|m|@
29	53	θύραις	t_1530	102435866	d--------	u--------		τότε	;		m|m|@
29	54	ταῖς	t_1531	102435867	d--------	c--------		μέν	καί		m|m|@
29	55	αὑτοῦ	t_1532	102435868	d--------	d--------		ἄρα	τότε		m|m|@
29	56	,	t_1533	102435869	u--------	g--------		,	μέν		m|m|@
29	57	ὃς	t_1534	102435870	c--------	g--------		ἵνα	ἄρα		m|m|@
29	58	καὶ	t_1535	102435871	d--------	u--------		μή	,		m|m|@
29	59	ἐπὶ	t_1536	102435872	a-s---mn-	c--------		περιβόητος	ἵνα		m|m|@
29	60	τὴν	t_1537	102435873	v1spoa---	d--------		εἰμί	μή		m|m|@
29	61	ἐμὴν	t_1538	102435874	u--------	a-s---mn-		,	περιβόητος		m|m|@
29	62	οἰκίαν	t_1539	102435875	n-s---fa-	v1spoa---		ἡσυχία	εἰμί		m|m|@
29	63	φοιτῶν	t_1540	102435876	v3piia---	u--------		ἄγω	,		m|m|@
29	64	εἰσῄει	t_1541	102435877	u--------	n-s---fa-		,	ἡσυχία		m|m|@
29	65	βίᾳ	t_1542	102435878	n-s---fa-	v1siia---		συμφορά	ἄγω		m|m|@
29	66	,	t_1543	102435879	p-s---mg-	u--------		ἐμαυτοῦ	,		m|m|@
29	67	καὶ	t_1544	102435880	v-sppamn-	n-s---fa-		νομίζω	συμφορά		m|m|@
29	68	οὔ	t_1545	102435881	l-s---fa-	p-s---mg-		ὁ	ἐμαυτοῦ		m|m|@
29	69	τε	t_1546	102435882	p-s---mg-	v-sppamn-		οὗτος	νομίζω		m|m|@
29	70	τῆς	t_1547	102435883	n-s---fa-	l-s---fa-		πονηρία	ὁ		m|m|@
29	71	ἀδελφῆς	t_1548	102435884	u--------	p-s---mg-		·	οὗτος		m|m|@
29	72	οὔ	t_1549	102435885	c--------	n-s---fa-		ἐπεί	πονηρία		m|m|@
29	73	τε	t_1550	102435886	d--------	u--------		δέ	·		m|m|@
29	74	τῶν	t_1551	102435887	n-s---mn-	c--------		χρόνος	ἐπειδή		m|m|@
29	75	ἀδελφιδῶν	t_1552	102435888	v3saim---	c--------		διαγίγνομαι	δέ		m|m|@
29	76	φροντίσας	t_1553	102435889	u--------	n-s---mn-		,	χρόνος		m|m|@
29	77	ζητεῖν	t_1554	102435890	d--------	v3saim---		πάλιν	διαγίγνομαι		m|m|@
29	78	με	t_1555	102435891	u--------	u--------		,	,		m|m|
29	79	ἐτόλμα	t_1556	102435892	c--------	d--------		ὡς	πάλιν		m|m|@
29	80	,	t_1557	102435893	p-s---mn-	u--------		οὗτος	,		m|m|@
29	81	καὶ	t_1558	102435894	v3spia---	c--------		φημί	ὡς		m|m|@
29	82	ἐξευρὼν	t_1559	102435895	u--------	p-s---mn-		,	οὗτος		m|m|@
29	83	οὗ	t_1560	102435896	v1saia---	v3spia---		ἐπιθυμέω	φημί		m|m|@
29	84	δειπνῶν	t_1561	102435897	a-s---mn-	u--------		περιβόητος	,		m|m|@
29	85	ἐτύγχανον	t_1562	102435898	v--anm---	v1saia---		γίγνομαι	ἐπιθυμέω		m|m|@
29	86	,	t_1563	102435899	u--------	a-s---mn-		;	περιβόητος		m|m|@
30	1	ἐκκαλέσας	t_1564	102435900	d--------	v--anm---		καί	γίγνομαι		m|m|@
30	2	ἔτυπτέ	t_1565	102435901	c--------	u--------		εἰ	;		m|m|@
30	3	με	t_1566	102435902	d--------	c--------		μέν	καί		m|m|@
30	4	;	t_1567	102435903	v3siia---	c--------		εἰμί	εἰ		m|m|@
30	5	καὶ	t_1568	102435904	r--------	g--------		παρά	μέν		m|m|@
30	6	τότε	t_1569	102435905	p-s---md-	v3siia---		οὗτος	εἰμί		m|m|@
30	7	μὲν	t_1570	102435906	l-s---nn-	r--------		ὁ	παρά		m|m|@
30	8	ἄρα	t_1571	102435907	n-s---nn-	p-s---md-		μειράκιον	οὗτος		m|m|@
30	9	,	t_1572	102435908	u--------	l-s---nn-		,	ὁ		m|m|@
30	10	ἵνα	t_1573	102435909	v3siia---	n-s---nn-		ἔχω	μειράκιον		m|m|@
30	11	μὴ	t_1574	102435910	d--------	u--------		ἄν	,		m|m|@
30	12	περιβόητος	t_1575	102435911	a-s---ma-	v3siia---		τις	ἔχω		m|m|@
30	13	εἴην	t_1576	102435912	n-s---ma-	g--------		λόγος	ἄν		m|m|@
30	14	,	t_1577	102435913	l-s---nn-	p-s---ca-		ὁ	τις		m|m|@
30	15	ἡσυχίαν	t_1578	102435914	n-s---nn-	n-s---ma-		ψεῦδος	λόγος		m|m|@
30	16	ἦγον	t_1579	102435915	p-s---md-	l-s---nn-		αὐτός	ὁ		m|m|@
30	17	,	t_1580	102435916	c--------	n-s---nn-		ὡς	ψεῦδος		m|m|@
30	18	συμφορὰν	t_1581	102435917	p1s---mn-	p-s---md-		ἐγώ	αὐτός		m|m|@
30	19	ἐμαυτοῦ	t_1582	102435918	r--------	c--------		διά	ὡς		m|m|@
30	20	νομίζων	t_1583	102435919	l-s---fa-	p-s---cn-		ὁ	ἐγώ		m|m|@
30	21	τὴν	t_1584	102435920	n-s---fa-	r--------		ἐπιθυμία	διά		m|m|@
30	22	τούτου	t_1585	102435921	v1siie---	l-s---fa-		ἀναγκάζω	ὁ		m|m|@
30	23	πονηρίαν	t_1586	102435922	a-s---nac	n-s---fa-		ἀνόητος	ἐπιθυμία		m|m|@
30	24	·	t_1587	102435923	p-s---na-	v1siim---		τις	ἀναγκάζω		m|m|@
30	25	ἐπειδὴ	t_1588	102435924	v--pna---	a-s---nac		ποιέω	ἀνόητος		m|m|@
30	26	δὲ	t_1589	102435925	l-p---ng-	p-s---na-		ὁ	τις		m|m|@
30	27	χρόνος	t_1590	102435926	v-prpang-	v--pna---		ἔοικα	ποιέω		m|m|@
30	28	διεγένετο	t_1591	102435927	u--------	l-p---ng-		·	ὁ		m|m|@
30	29	,	t_1592	102435928	d--------	v-prpang-		νῦν	ἔοικα		m|m|@
30	30	πάλιν	t_1593	102435929	d--------	u--------		δέ	·		m|m|@
30	31	,	t_1594	102435930	p-s---md-	d--------		οὗτος	νῦν		m|m|@
30	32	ὡς	t_1595	102435931	d--------	c--------		μέν	δέ		m|m|@
30	33	οὗτός	t_1596	102435932	d--------	p-s---nd-		οὐ	οὗτος		m|m|@
30	34	φησιν	t_1597	102435933	d--------	g--------		δέ	μέν		m|m|@
30	35	,	t_1598	102435934	v3siie---	d--------		διαλέγω	οὐ		m|m|@
31	1	ἐπεθύμησα	t_1599	102435935	u--------	c--------		,	δέ		m|m|@
31	2	περιβόητος	t_1600	102435936	c--------	v3siim---		ἀλλά	διαλέγω		m|m|@
31	3	γενέσθαι	t_1601	102435937	v3siia---	u--------		μισέω	,		m|m|@
31	4	;	t_1602	102435938	a-p---mg-	c--------		πᾶς	ἀλλά		m|m|@
31	5	καὶ	t_1603	102435939	n-p---mg-	v3siia---		ἄνθρωπος	μισέω		m|m|@
31	6	εἰ	t_1604	102435940	d--------	p-p---mg-		μάλιστα	πᾶς		m|m|@
31	7	μὲν	t_1605	102435941	u--------	n-p---mg-		,	ἄνθρωπος		m|m|@
31	8	ἦν	t_1606	102435942	r--------	d-------s		παρά	μάλα		m|m|@
31	9	παρὰ	t_1607	102435943	p1s---md-	u--------		ἐγώ	,		m|m|@
31	10	τούτῳ	t_1608	102435944	c--------	r--------		δέ	παρά		m|m|@
31	11	τὸ	t_1609	102435945	v3siia---	p-s---cd-		τυγχάνω	ἐγώ		m|m|@
31	12	μειράκιον	t_1610	102435946	v-sppema-	c--------		διαιτάω	δέ		m|m|@
31	13	,	t_1611	102435947	u--------	v3siia---		.	τυγχάνω		m|m|@
31	14	εἶχεν	t_1612	102435948	d--------	v-sppmnn-		ὥστε	διαιτάω		m|m|@
31	15	ἄν	t_1613	102435949	l-s---md-	u--------		ὁ	.		m|m|@
31	16	τινα	t_1614	102435950	p-p---mg-	c--------		σύ	ὥστε		m|m|@
31	17	λόγον	t_1615	102435951	a-s---nn-	l-s---nd-		πιστός1	ὁ		m|m|@
31	18	τὸ	t_1616	102435952	c--------	p-p---cg-		ὡς	σύ		m|m|@
31	19	ψεῦδος	t_1617	102435953	p1s---mn-	a-s---nn-		ἐγώ	πιστός		m|m|@
31	20	αὐτῷ	t_1618	102435954	d-------c	c--------		πρότερος	ὡς		m|m|@
31	21	ὡς	t_1619	102435955	d--------	p-s---cn-		μέν	ἐγώ		m|m|@
31	22	ἐγὼ	t_1620	102435956	v1saia---	d-------c		ἐκπλέω	πρότερος		m|m|@
31	23	διὰ	t_1621	102435957	r--------	g--------		ἐκ	μέν		m|m|@
31	24	τὴν	t_1622	102435958	l-s---fg-	v1saia---		ὁ	ἐκπλέω		m|m|@
31	25	ἐπιθυμίαν	t_1623	102435959	n-s---fg-	r--------		πόλις	ἐκ		m|m|@
31	26	ἠναγκαζόμην	t_1624	102435960	v-sppamn-	l-s---fg-		ἔχω	ὁ		m|m|@
31	27	ἀνοητότερόν	t_1625	102435961	l-s---na-	n-s---fg-		ὁ	πόλις		m|m|@
31	28	τι	t_1626	102435962	n-s---na-	v-sppamn-		μειράκιον	ἔχω		m|m|@
31	29	ποιεῖν	t_1627	102435963	u--------	l-s---na-		,	ὁ		m|m|@
31	30	τῶν	t_1628	102435964	c--------	n-s---na-		ἵνα	μειράκιον		m|m|@
31	31	εἰκότων	t_1629	102435965	d--------	u--------		μή	,		m|m|@
31	32	·	t_1630	102435966	p-s---md-	c--------		οὗτος	ἵνα		m|m|@
31	33	νῦν	t_1631	102435967	v1spoe---	d--------		μάχομαι	μή		m|m|@
31	34	δὲ	t_1632	102435968	u--------	p-s---md-		,	οὗτος		m|m|@
31	35	τούτῳ	t_1633	102435969	c--------	v1spom---		ἐπεί	μάχομαι		m|m|@
31	36	μὲν	t_1634	102435970	c--------	u--------		δέ	,		m|m|@
31	37	οὐ	t_1635	102435971	v1saim---	c--------		ἀφικνέομαι	ἐπειδή		m|m|@
31	38	δὲ	t_1636	102435972	d--------	c--------		πάλιν	δέ		m|m|@
31	39	διελέγετο	t_1637	102435973	u--------	v1saim---		,	ἀφικνέομαι		m|m|@
31	40	,	t_1638	102435974	v1siia---	d--------		ἄγω	πάλιν		m|m|@
31	41	ἀλλʼ	t_1639	102435975	p-s---ma-	u--------		αὐτός	,		m|m|@
31	42	ἐμίσει	t_1640	102435976	r--------	v1siia---		ἐπί	ἄγω		m|m|@
31	43	πάντων	t_1641	102435977	l-s---fa-	p-s---ma-		ὁ	αὐτός		m|m|@
31	44	ἀνθρώπων	t_1642	102435978	n-s---fa-	r--------		οἰκία	ἐπί		m|m|@
31	45	μάλιστα	t_1643	102435979	l-s---fa-	l-s---fa-		ὁ	ὁ		m|m|
31	46	,	t_1644	102435980	n-s---mg-	n-s---fa-		σίμων	οἰκία		m|m|@
31	47	παρʼ	t_1645	102435981	u--------	l-s---fa-		,	ὁ		m|m|@
31	48	ἐμοὶ	t_1646	102435982	d--------	n-s---mg-		ὅς	Σίμων		m|m|@
31	49	δʼ	t_1647	102435983	a-p---nas	u--------		πλεῖστος	,		m|m|@
31	50	ἐτύγχανε	t_1648	102435984	v1siia---	p-s---mg-		μέλλω	ὅς		m|m|@
31	51	διαιτώμενον	t_1649	102435985	n-p---na-	a-p---nas		πρᾶγμα	πολύς		m|m|@
31	52	.	t_1650	102435986	v--fna---	v1siia---		ἔχω	μέλλω		m|m|@
32	1	ὥστε	t_1651	102435987	u--------	n-p---na-		;	πρᾶγμα		m|m|@
32	2	τῷ	t_1652	102435988	d--------	v--fna---		καί	ἔχω		m|m|@
32	3	ὑμῶν	t_1653	102435989	v1siia---	u--------		ἐπιβουλεύω	;		m|m|@
32	4	πιστὸν	t_1654	102435990	d--------	c--------		μέν	καί		m|m|@
32	5	ὡς	t_1655	102435991	p-s---md-	v1siia---		αὐτός	ἐπιβουλεύω		m|m|@
32	6	ἐγὼ	t_1656	102435992	u--------	g--------		,	μέν		m|m|@
32	7	πρότερον	t_1657	102435993	d--------	p-s---md-		οὕτως	αὐτός		m|m|@
32	8	μὲν	t_1658	102435994	c--------	u--------		δέ	,		m|m|@
32	9	ἐξέπλευσα	t_1659	102435995	v1saia---	d--------		ἔρχομαι	οὕτως		m|m|@
32	10	ἐκ	t_1660	102435996	a-s---mn-	c--------		ἀπαράσκευος	δέ		m|m|@
32	11	τῆς	t_1661	102435997	u--------	v1saia---		,	ἔρχομαι		m|m|@
32	12	πόλεως	t_1662	102435998	c--------	a-s---mn-		ὥστε	ἀπαράσκευος		m|m|@
32	13	ἔχων	t_1663	102435999	d--------	u--------		μή	,		m|m|@
32	14	τὸ	t_1664	102436000	d--------	c--------		τε	ὥστε		m|m|@
32	15	μειράκιον	t_1665	102436001	n-p---ma-	d--------		φίλος	μή		m|m|@
32	16	,	t_1666	102436002	d--------	c--------		μή	τε		m|m|@
32	17	ἵνα	t_1667	102436003	d--------	a-p---ma-		τε	φίλος		m|m|@
32	18	μὴ	t_1668	102436004	n-p---ma-	d--------		οἰκέτης	μή		m|m|@
32	19	τούτῳ	t_1669	102436005	d--------	c--------		μή	τε		m|m|@
32	20	μαχοίμην	t_1670	102436006	c--------	n-p---ma-		τε	οἰκέτης		m|m|@
32	21	,	t_1671	102436007	a-s---ma-	d--------		ἄλλος	μή		m|m|@
32	22	ἐπειδὴ	t_1672	102436008	n-s---ma-	c--------		ἄνθρωπος	τε		m|m|@
32	23	δὲ	t_1673	102436009	v--ana---	p-s---ma-		παρακαλέω	ἄλλος		m|m|@
32	24	ἀφικόμην	t_1674	102436010	p-s---ma-	n-s---ma-		μηδείς	ἄνθρωπος		m|m|@
32	25	πάλιν	t_1675	102436011	u--------	v--ana---		,	παρακαλέω		m|m|@
32	26	,	t_1676	102436012	c--------	p-s---ma-		εἰ	μηδείς		m|m|@
32	27	ἦγον	t_1677	102436013	d--------	u--------		μή	,		m|m|@
32	28	αὐτὸν	t_1678	102436014	a-s---nn-	c--------		οὗτος	εἰ		m|m|@
32	29	ἐπὶ	t_1679	102436015	d--------	d--------		γε	μή		m|m|@
32	30	τὴν	t_1680	102436016	l-s---nn-	p-s---nn-		ὁ	οὗτος		m|m|@
32	31	οἰκίαν	t_1681	102436017	n-s---nn-	g--------		παιδίον	γε		m|m|@
32	32	τὴν	t_1682	102436018	u--------	l-s---nn-		,	ὁ		m|m|@
32	33	Σίμωνος	t_1683	102436019	p-s---na-	n-s---nn-		ὅς	παιδίον		m|m|@
32	34	,	t_1684	102436020	v--ana---	u--------		ἐπίἐπικουρέω	,		m|m|@
32	35	οὗ	t_1685	102436021	d--------	p-s---nn-		μέν	ὅς		m|m|@
32	36	πλεῖστα	t_1686	102436022	p1s---cd-	v--ana---		ἐγώ	ἐπικουρέω		m|m|@
32	37	ἔμελλον	t_1687	102436023	d--------	g--------		οὐ	μέν		m|m|@
32	38	πράγματα	t_1688	102436024	d--------	p-s---cd-		ἄν	ἐγώ		m|m|@
32	39	ἕξειν	t_1689	102436025	v3siie---	d--------		δύναμαι	οὐ		m|m|@
32	40	;	t_1690	102436026	u--------	g--------		,	ἄν		m|m|@
32	41	καὶ	t_1691	102436027	v--ana---	v3siim---		μηνύω	δύναμαι		m|m|@
32	42	ἐπεβούλευον	t_1692	102436028	c--------	u--------		δέ	,		m|m|@
32	43	μὲν	t_1693	102436029	a-s---nn-	v--ana---		ἱκανός	μηνύω		m|m|@
32	44	αὐτῷ	t_1694	102436030	v3siia---	c--------		εἰμί	δέ		m|m|@
32	45	,	t_1695	102436031	v-sppenn-	a-s---nn-		βασανίζω	ἱκανός		m|m|@
33	1	οὕτω	t_1696	102436032	u--------	v3siia---		,	εἰμί		m|m|@
33	2	δὲ	t_1697	102436033	c--------	v-sppmma-		εἰ	βασανίζω		m|m|@
33	3	ἦλθον	t_1698	102436034	p-s---na-	u--------		τις	,		m|m|@
33	4	ἀπαράσκευος	t_1699	102436035	p1s---mn-	c--------		ἐγώ	εἰ		m|m|@
33	5	,	t_1700	102436036	v1siia---	p-s---na-		ἐξαμαρτάνω	τις		m|m|@
33	6	ὥστε	t_1701	102436037	u--------	p-s---cn-		;	ἐγώ		m|m|@
33	7	μή	t_1702	102436038	d--------	v1siia---		ἀλλά	ἐξαμαρτάνω		m|m|@
33	8	τε	t_1703	102436039	r--------	u--------		εἰς	;		m|m|@
33	9	φίλους	t_1704	102436040	p-s---na-	c--------		τοσοῦτος	ἀλλά		m|m|@
33	10	μή	t_1705	102436041	n-s---fg-	r--------		ἀμαθία	εἰς		m|m|@
33	11	τε	t_1706	102436042	v1saim---	p-s---na-		ἀφικνέομαι	τοσοῦτος		m|m|@
33	12	οἰκέτας	t_1707	102436043	u--------	n-s---fg-		,	ἀμαθία		m|m|@
33	13	μή	t_1708	102436044	c--------	v1saim---		ὥστε	ἀφικνέομαι		m|m|@
33	14	τε	t_1709	102436045	v-sppamn-	u--------		ἐπιβουλεύω	,		m|m|@
33	15	ἄλλον	t_1710	102436046	n-s---md-	c--------		σίμων	ὥστε		m|m|@
33	16	ἄνθρωπον	t_1711	102436047	d--------	v-sppamn-		οὐ	ἐπιβουλεύω		m|m|@
33	17	παρακαλέσαι	t_1712	102436048	v1saia---	n-s---md-		τηρέω	Σίμων		m|m|@
33	18	μηδένα	t_1713	102436049	p-s---ma-	d--------		αὐτός	οὐ		m|m|@
33	19	,	t_1714	102436050	p-s---ng-	v1saia---		ὅς	τηρέω		m|m|@
33	20	εἰ	t_1715	102436051	d--------	p-s---ma-		μόνος	αὐτός		m|m|@
33	21	μὴ	t_1716	102436052	a-s---nn-	p-s---ng-		οἷος	ὅς		m|m|@
33	22	τοῦτό	t_1717	102436053	d--------	d--------		τε	μόνος		m|m|@
33	23	γε	t_1718	102436054	v3siia---	p-s---nn-		εἰμί	οἷος		m|m|@
33	24	τὸ	t_1719	102436055	v--ana---	g--------		λαμβάνω	τε		m|m|@
33	25	παιδίον	t_1720	102436056	u--------	v3siia---		,	εἰμί		m|m|@
33	26	,	t_1721	102436057	d--------	v--ana---		ἤ1	λαμβάνω		m|m|@
33	27	ὃ	t_1722	102436058	d--------	u--------		νύκτωρ	,		m|m|@
33	28	ἐπικουρῆσαι	t_1723	102436059	c--------	c--------		ἤ1	ἤ		m|m|
33	29	μέν	t_1724	102436060	r--------	d--------		μετά	νύκτωρ		m|m|@
33	30	μοι	t_1725	102436061	n-s---fa-	c--------		ἡμέρα	ἤ		m|m|@
33	31	οὐκ	t_1726	102436062	u--------	r--------		,	μετά		m|m|@
33	32	ἂν	t_1727	102436063	c--------	n-s---fa-		ἀλλά	ἡμέρα		m|m|@
33	33	ἐδύνατο	t_1728	102436064	d--------	u--------		ἐνταῦθα	,		m|m|@
33	34	,	t_1729	102436065	v1saia---	c--------		ἔρχομαι	ἀλλά		m|m|@
33	35	μηνῦσαι	t_1730	102436066	d--------	d--------		ὅς	ἐνταῦθα		m|m|@
33	36	δὲ	t_1731	102436067	p-s---mn-	v1saia---		αὐτός	ἔρχομαι		m|m|@
33	37	ἱκανὸν	t_1732	102436068	v1siia---	d--------		μέλλω	οὗ		m|m|@
33	38	ἦν	t_1733	102436069	r--------	p-s---mn-		ὑπό	αὐτός		m|m|@
33	39	βασανιζόμενον	t_1734	102436070	a-p---mg-	v1siia---		πλεῖστος	μέλλω		m|m|@
33	40	,	t_1735	102436071	v--fnp---	r--------		ὁράω	ὑπό		m|m|@
33	41	εἴ	t_1736	102436072	d--------	a-p---mgs		τε	πολύς		m|m|@
33	42	τι	t_1737	102436073	c--------	v--fnp---		καί	ὁράω		m|m|@
33	43	ἐγὼ	t_1738	102436074	v--fnm---	c--------		συγκοπή	τε		m|m|@
33	44	ἐξημάρτανον	t_1739	102436075	u--------	c--------		,	καί		m|m|@
33	45	;	t_1740	102436076	d--------	v--fnp---		ὥσπερ	συγκόπτω		m|m|@
34	1	ἀλλʼ	t_1741	102436077	r--------	u--------		κατά	,		m|m|@
34	2	εἰς	t_1742	102436078	p-s---mg-	c--------		ἐμαυτοῦ	ὥσπερ		m|m|@
34	3	τοσοῦτον	t_1743	102436079	l-s---fa-	r--------		ὁ	κατά		m|m|@
34	4	ἀμαθίας	t_1744	102436080	n-s---fa-	p-s---mg-		πρόνοια	ἐμαυτοῦ		m|m|@
34	5	ἀφικόμην	t_1745	102436081	v-sppamn-	l-s---fa-		ἐξευρίσκω	ὁ		m|m|@
34	6	,	t_1746	102436082	u--------	n-s---fa-		,	πρόνοια		m|m|@
34	7	ὥστε	t_1747	102436083	c--------	v-sppamn-		ἵνα	ἐξευρίσκω		m|m|@
34	8	ἐπιβουλεύων	t_1748	102436084	d--------	u--------		ὡς	,		m|m|@
34	9	Σίμωνι	t_1749	102436085	d-------s	c--------		μάλιστα	ἵνα		m|m|@
34	10	οὐκ	t_1750	102436086	r--------	c--------		ὑπό	ὡς		m|m|@
34	11	ἐτήρησα	t_1751	102436087	l-p---mg-	d-------s		ὁ	μάλα		m|m|@
34	12	αὐτὸν	t_1752	102436088	n-p---mg-	r--------		ἐχθρός	ὑπό		m|m|@
34	13	οὗ	t_1753	102436089	v1saop---	l-p---mg-		ὑβρίζω	ὁ		m|m|@
34	14	μόνον	t_1754	102436090	u--------	a-p---mg-		;	ἐχθρός		m|m|@
34	15	οἷόν	t_1755	102436091	d--------	v1saop---		ἔτι	ὑβρίζω		m|m|@
34	16	τʼ	t_1756	102436092	d--------	u--------		τοίνυν	;		m|m|@
34	17	ἦν	t_1757	102436093	u--------	d--------		,	ἔτι		m|m|@
34	18	λαβεῖν	t_1758	102436094	i--------	g--------		ὦ	τοίνυν		m|m|@
34	19	,	t_1759	102436095	n-s---fv-	u--------		βουλή	,		m|m|@
34	20	ἢ	t_1760	102436096	u--------	i--------		,	ὦ		m|m|@
34	21	νύκτωρ	t_1761	102436097	d--------	n-s---fv-		καί	βουλή		m|m|@
34	22	ἢ	t_1762	102436098	r--------	u--------		ἐκ	,		m|m|@
34	23	μεθʼ	t_1763	102436099	l-s---fg-	c--------		ὁ	καί		m|m|@
34	24	ἡμέραν	t_1764	102436100	n-s---fg-	r--------		μάχη	ἐκ		m|m|@
34	25	,	t_1765	102436101	l-s---fg-	l-s---fg-		ὁ	ὁ		m|m|
34	26	ἀλλʼ	t_1766	102436102	v-sapmfg-	n-s---fg-		γίγνομαι	μάχη		m|m|@
34	27	ἐνταῦθα	t_1767	102436103	a-s---nn-	l-s---fg-		ῥᾴδιος	ὁ		m|m|@
34	28	ἦλθον	t_1768	102436104	v--ana---	v-sapmfg-		γιγνώσκω	γίγνομαι		m|m|@
34	29	οὗ	t_1769	102436105	c--------	a-s---nn-		ὅτι	ῥᾴδιος		m|m|@
34	30	αὐτὸς	t_1770	102436106	v3spie---	v--ana---		ψεύδω	γιγνώσκω		m|m|@
34	31	ἔμελλον	t_1771	102436107	u--------	c--------		.	ὅτι		m|m|@
34	32	ὑπὸ	t_1772	102436108	l-s---na-	v3spim---		ὁ	ψεύδω		m|m|@
34	33	πλείστων	t_1773	102436109	d--------	u--------		γάρ	.		m|m|@
34	34	ὀφθήσεσθαί	t_1774	102436110	n-s---na-	l-s---nn-		μειράκιον	ὁ		m|m|@
34	35	τε	t_1775	102436111	c--------	g--------		ὡς	γάρ		m|m|@
34	36	καὶ	t_1776	102436112	v3saia---	n-s---nn-		γιγνώσκω	μειράκιον		m|m|@
34	37	συγκοπήσεσθαι	t_1777	102436113	u--------	c--------		,	ὡς		m|m|@
34	38	,	t_1778	102436114	v3paia---	v3saia---		ῥίπτω	γιγνώσκω		m|m|@
34	39	ὥσπερ	t_1779	102436115	x--------	u--------		ὁ	,		m|m|@
34	40	κατʼ	t_1780	102436116	n-s---na-	v-sapann-		ἰμάτιον	ῥίπτω		m|m|@
34	41	ἐμαυτοῦ	t_1781	102436117	c--------	l-s---na-		θ	ὁ		m|m|@
34	42	τὴν	t_1782	102436118	n-s---na-	n-s---na-		ἰμάτιον	ἱμάτιον		m|m|
34	43	πρόνοιαν	t_1783	102436119	u--------	u--------		,	,		m|m|
34	44	ἐξευρίσκων	t_1784	102436120	v-sppana-	v-sppann-		φεύγω	φεύγω		m|m|
34	45	,	t_1785	102436121	v3siie---	v3siim---		οἴχομαι	οἴχομαι		m|m|
34	46	ἵνʼ	t_1786	102436122	u--------	u--------		,	,		m|m|
34	47	ὡς	t_1787	102436123	p-p---mn-	p-p---mn-		οὗτος	οὗτος		m|m|
34	48	μάλιστα	t_1788	102436124	d--------	c--------		δέ	δέ		m|m|
34	49	ὑπὸ	t_1789	102436125	p-s---ma-	p-s---ma-		αὐτός	αὐτός		m|m|
34	50	τῶν	t_1790	102436126	v3piia---	v3piia---		ἐπιδιώκω	ἐπιδιώκω		m|m|
34	51	ἐχθρῶν	t_1791	102436127	u--------	u--------		,	,		m|m|
34	52	ὑβρισθείην	t_1792	102436128	p1s---cn-	p-s---cn-		ἐγώ	ἐγώ		m|m|
34	53	;	t_1793	102436129	d--------	c--------		δέ	δέ		m|m|
35	1	ἔτι	t_1794	102436130	a-s---fa-	p-s---fa-		ἕτερος	ἕτερος		m|m|
35	2	τοίνυν	t_1795	102436131	v-sapamn-	v-sapamn-		ἀπέρχομαι	ἀπέρχομαι		m|m|
35	3	,	t_1796	102436132	n-s---fa-	n-s---fa-		ὁδός	ὁδός		m|m|
35	4	ὦ	t_1797	102436133	v1siie---	v1siim---		οἴχομαι	οἴχομαι		m|m|
35	5	βουλή	t_1798	102436134	u--------	u--------		.	.		m|m|
35	6	,	t_1799	102436135	d--------	g--------		καίτοι	καίτοι		m|m|
35	7	καὶ	t_1800	102436136	a-p---ma-	p-p---ma-		πότερος	πότερος		m|m|
35	8	ἐκ	t_1801	102436137	v3spia---	v3spia---		χρή	χρή		m|m|
35	9	τῆς	t_1802	102436138	a-p---ma-	a-p---ma-		αἴτιος	αἴτιος		m|m|
35	10	μάχης	t_1803	102436139	l-p---ng-	l-p---ng-		ὁ	ὁ		m|m|
35	11	τῆς	t_1804	102436140	v-prpeng-	v-prpmng-		γίγνομαι	γίγνομαι		m|m|
35	12	γενομένης	t_1805	102436141	v--pna---	v--pna---		εἰμί	εἰμί		m|m|
35	13	ῥᾴδιον	t_1806	102436142	v--pna---	v--pna---		νομίζω	νομίζω		m|m|
35	14	γνῶναι	t_1807	102436143	u--------	u--------		,	,		m|m|
35	15	ὅτι	t_1808	102436144	l-p---ma-	l-p---ma-		ὁ	ὁ		m|m|
35	16	ψεύδεται	t_1809	102436145	v-pppama-	v-pppama-		φεύγω	φεύγω		m|m|
35	17	.	t_1810	102436146	c--------	c--------		ἤ1	ἤ		m|m|
35	18	τὸ	t_1811	102436147	l-p---ma-	l-p---ma-		ὁ	ὁ		m|m|
35	19	γὰρ	t_1812	102436148	v-pppama-	v-pppama-		ζητέω	ζητέω		m|m|
35	20	μειράκιον	t_1813	102436149	v--ana---	v--ana---		καταλαμβάνω	καταλαμβάνω		m|m|
35	21	ὡς	t_1814	102436150	u--------	u--------		;	;		m|m|
35	22	ἔγνω	t_1815	102436151	p1s---mn-	p-s---cn-		ἐγώ	ἐγώ		m|m|
35	23	,	t_1816	102436152	d--------	g--------		μέν	μέν		m|m|
35	24	ῥῖψαν	t_1817	102436153	d--------	g--------		γάρ	γάρ		m|m|
35	25	θοἰμάτιον	t_1818	102436154	v1spie---	v1spim---		ἡγέομαι	ἡγέομαι		m|m|
35	26	,	t_1819	102436155	a-p---md-	p-p---md-		πᾶς	πᾶς		m|m|
35	27	φεῦγον	t_1820	102436156	v--pna---	v--pna---		εἰμί	εἰμί		m|m|
35	28	ᾤχετο	t_1821	102436157	a-s---na-	a-s---na-		δῆλος	δῆλος		m|m|
35	29	,	t_1822	102436158	c--------	c--------		ὅτι	ὅτι		m|m|
35	30	οὗτοι	t_1823	102436159	v3ppia---	v3ppia---		φεύγω	φεύγω		m|m|
35	31	δὲ	t_1824	102436160	d--------	g--------		μέν	μέν		m|m|
35	32	αὐτὸν	t_1825	102436161	l-p---mn-	l-p---mn-		ὁ	ὁ		m|m|
35	33	ἐπεδίωκον	t_1826	102436162	r--------	r--------		περί	περί		m|m|
35	34	,	t_1827	102436163	p-p---mg-	p-p---mg-		ἑαυτοῦ	ἑαυτοῦ		m|m|
35	35	ἐγὼ	t_1828	102436164	v-prpamn-	v-prpamn-		δείδω	δείδω		m|m|
35	36	δὲ	t_1829	102436165	u--------	u--------		,	,		m|m|
35	37	ἑτέραν	t_1830	102436166	v3ppia---	v3ppia---		διώκω	διώκω		m|m|
35	38	ἀπελθὼν	t_1831	102436167	c--------	c--------		δέ	δέ		m|m|
35	39	ὁδὸν	t_1832	102436168	l-p---mn-	l-p---mn-		ὁ	ὁ		m|m|
35	40	ᾠχόμην	t_1833	102436169	v-pppemn-	v-pppmmn-		βούλομαι	βούλομαι		m|m|
35	41	.	t_1834	102436170	p-s---na-	p-s---na-		τις	τις		m|m|
36	1	καίτοι	t_1835	102436171	v--ana---	v--ana---		ποιέω	ποιέω		m|m|
36	2	ποτέρους	t_1836	102436172	a-s---na-	a-s---na-		κακός	κακός		m|m|
36	3	χρὴ	t_1837	102436173	u--------	u--------		.	.		m|m|
36	4	αἰτίους	t_1838	102436174	d--------	d--------		οὐ	οὐ		m|m|
36	5	τῶν	t_1839	102436175	d--------	g--------		τοίνυν	τοίνυν		m|m|
36	6	γεγενημένων	t_1840	102436176	p-p---nn-	p-p---nn-		οὗτος	οὗτος		m|m|
36	7	εἶναι	t_1841	102436177	v-prpann-	v-prpann-		ἔοικα	ἔοικα		m|m|
36	8	νομίζειν	t_1842	102436178	d--------	g--------		μέν	μέν		m|m|
36	9	,	t_1843	102436179	u--------	u--------		,	,		m|m|
36	10	τοὺς	t_1844	102436180	d--------	d--------		ἄλλως	ἄλλος		m|m|@
36	11	φεύγοντας	t_1845	102436181	c--------	c--------		δέ	δέ		m|m|
36	12	ἢ	t_1846	102436182	r--------	r--------		περί	περί		m|m|
36	13	τοὺς	t_1847	102436183	p-p---ng-	p-p---ng-		αὐτός	αὐτός		m|m|
36	14	ζητοῦντας	t_1848	102436184	v3srie---	v3srim---		πράσσω	πράσσω		m|m|
36	15	καταλαβεῖν	t_1849	102436185	u--------	u--------		,	,		m|m|
36	16	;	t_1850	102436186	c--------	c--------		ἀλλά	ἀλλά		m|m|
36	17	ἐγὼ	t_1851	102436187	v-papamn-	v-papamn-		καταλαμβάνω	καταλαμβάνω		m|m|
36	18	μὲν	t_1852	102436188	l-s---na-	l-s---na-		ὁ	ὁ		m|m|
36	19	γὰρ	t_1853	102436189	n-s---na-	n-s---na-		μειράκιον	μειράκιον		m|m|
36	20	ἡγοῦμαι	t_1854	102436190	r--------	r--------		ἐκ	ἐκ		m|m|
36	21	πᾶσιν	t_1855	102436191	l-s---fg-	l-s---fg-		ὁ	ὁ		m|m|
36	22	εἶναι	t_1856	102436192	n-s---fg-	n-s---fg-		ὁδός	ὁδός		m|m|
36	23	δῆλον	t_1857	102436193	v3piia---	v3piia---		ἄγω	ἄγω		m|m|
36	24	ὅτι	t_1858	102436194	n-s---fd-	n-s---fd-		βία	βία		m|m|
36	25	φεύγουσι	t_1859	102436195	u--------	u--------		,	,		m|m|
36	26	μὲν	t_1860	102436196	v-sapamn-	v-sapamn-		ἐντυγχάνω	ἐντυγχάνω		m|m|
36	27	οἱ	t_1861	102436197	d--------	c--------		δέ	δέ		m|m|
36	28	περὶ	t_1862	102436198	p1s---mn-	p-s---cn-		ἐγώ	ἐγώ		m|m|
36	29	αὑτῶν	t_1863	102436199	p-p---ng-	p-p---ng-		οὗτος	οὗτος		m|m|
36	30	δεδιότες	t_1864	102436200	d--------	g--------		μέν	μέν		m|m|
36	31	,	t_1865	102436201	d--------	d--------		οὐ	οὐ		m|m|
36	32	διώκουσι	t_1866	102436202	v1siie---	v1siim---		ἅπτω	ἅπτω		m|m|
36	33	δὲ	t_1867	102436203	u--------	u--------		,	,		m|m|
36	34	οἱ	t_1868	102436204	l-s---ng-	l-s---ng-		ὁ	ὁ		m|m|
36	35	βουλόμενοί	t_1869	102436205	n-s---ng-	n-s---ng-		μειράκιον	μειράκιον		m|m|
36	36	τι	t_1870	102436206	c--------	c--------		δέ	δέ		m|m|
36	37	ποιῆσαι	t_1871	102436207	v1siie---	v1siim---		ἐπιλαμβάνω	ἐπιλαμβάνω		m|m|
36	38	κακόν	t_1872	102436208	u--------	u--------		·	·		m|m|
36	39	.	t_1873	102436209	p-p---mn-	p-p---mn-		οὗτος	οὗτος		m|m|
37	1	οὐ	t_1874	102436210	d--------	c--------		δέ	δέ		m|m|
37	2	τοίνυν	t_1875	102436211	p-s---ma-	p-s---ma-		ἐκεῖνος	ἐκεῖνος		m|m|
37	3	ταῦτα	t_1876	102436212	d--------	c--------		τε	τε		m|m|
37	4	εἰκότα	t_1877	102436213	v3piia---	v3piia---		ἄγω	ἄγω		m|m|
37	5	μένμέν	t_1878	102436214	n-s---fd-	n-s---fd-		βία	βία		m|m|
37	6	add	t_1879	102436215	c--------	c--------		καί	καί		m|m|
37	7	.	t_1880	102436216	p-s---ma-	p-s---ca-		ἐγώ	ἐγώ		m|m|
37	8	Sauppe	t_1881	102436217	v3piia---	v3piia---		τύπτω	τύπτω		m|m|
37	9	,	t_1882	102436218	u--------	u--------		.	.		m|m|
37	10	ἄλλως	t_1883	102436219	d--------	c--------		καί	καί		m|m|
37	11	δὲ	t_1884	102436220	p-p---nn-	p-p---nn-		οὗτος	οὗτος		m|m|
37	12	περὶ	t_1885	102436221	p-p---md-	p-p---cd-		σύ	σύ		m|m|
37	13	αὐτῶν	t_1886	102436222	r--------	r--------		ὑπό	ὑπό		m|m|
37	14	πέπρακται	t_1887	102436223	l-p---mg-	l-p---mg-		ὁ	ὁ		m|m|
37	15	,	t_1888	102436224	v-papmmg-	v-papmmg-		παραγίγνομαι	παραγίγνομαι		m|m|
37	16	ἀλλὰ	t_1889	102436225	v3srie---	v3srim---		μαρτυρέω	μαρτυρέω		m|m|
37	17	καταλαβόντες	t_1890	102436226	u--------	u--------		.	.		m|m|
37	18	τὸ	t_1891	102436227	d--------	c--------		ὥστε	ὥστε		m|m|
37	19	μειράκιον	t_1892	102436228	a-s---nn-	a-s---nn-		δεινός	δεινός		m|m|
37	20	ἐκ	t_1893	102436229	c--------	c--------		εἰ	εἰ		m|m|
37	21	τῆς	t_1894	102436230	r--------	r--------		περί	περί		m|m|
37	22	ὁδοῦ	t_1895	102436231	p-p---ng-	p-p---ng-		οὗτος	οὗτος		m|m|
37	23	ἦγον	t_1896	102436232	p1s---mn-	p-s---cn-		ἐγώ	ἐγώ		m|m|
37	24	βίᾳ	t_1897	102436233	v1sfia---	v1sfia---		δοκέω	δοκέω		m|m|
37	25	,	t_1898	102436234	v--ane---	v--anp---		προνοέω	προνοέω		m|m|
37	26	ἐντυχὼν	t_1899	102436235	u--------	u--------		,	,		m|m|
37	27	δʼ	t_1900	102436236	r--------	r--------		περί	περί		m|m|
37	28	ἐγὼ	t_1901	102436237	p-p---ng-	p-p---ng-		ὅς	ὅς		m|m|
37	29	τούτων	t_1902	102436238	p-p---mn-	p-p---mn-		οὗτος	οὗτος		m|m|
37	30	μὲν	t_1903	102436239	v3ppia---	v3ppia---		τυγχάνω	τυγχάνω		m|m|
37	31	οὐχ	t_1904	102436240	d--------	d--------		οὕτως	οὕτως		m|m|
37	32	ἡπτόμην	t_1905	102436241	a-p---na-	a-p---na-		δεινός	δεινός		m|m|
37	33	,	t_1906	102436242	c--------	c--------		καί	καί		m|m|
37	34	τοῦ	t_1907	102436243	a-p---na-	a-p---na-		παράνομος	παράνομος		m|m|
37	35	μειρακίου	t_1908	102436244	v-prpamn-	v-prpamn-		ποιέω	ποιέω		m|m|
37	36	δʼ	t_1909	102436245	u--------	u--------		.	.		m|m|
37	37	ἐπελαμβανόμην	t_1910	102436246	p-s---na-	p-s---na-		τίς	τίς		m|m|
37	38	·	t_1911	102436247	d--------	c--------		δέ	δέ		m|m|
37	39	οὗτοι	t_1912	102436248	d--------	g--------		ἄν	ἄν		m|m|
37	40	δὲ	t_1913	102436249	d--------	d--------		ποτέ	ποτέ		m|m|
37	41	ἐκεῖνόν	t_1914	102436250	v1saia---	v1saia---		πάσχω	πάσχω		m|m|
37	42	τε	t_1915	102436251	u--------	u--------		,	,		m|m|
37	43	ἦγον	t_1916	102436252	c--------	c--------		εἰ	εἰ		m|m|
37	44	βίᾳ	t_1917	102436253	l-p---nn-	l-p---nn-		ὁ	ὁ		m|m|
37	45	καὶ	t_1918	102436254	a-p---nn-	a-p---nn-		ἐναντίος	ἐναντίος		m|m|
37	46	ἐμὲ	t_1919	102436255	l-p---ng-	l-p---ng-		ὁ	ὁ		m|m|
37	47	ἔτυπτον	t_1920	102436256	d--------	d--------		νῦν	νῦν		m|m|
37	48	.	t_1921	102436257	v-prpeng-	v-prpmng-		γίγνομαι	γίγνομαι		m|m|
37	49	καὶ	t_1922	102436258	v3siia---	v3siia---		εἰμί	εἰμί		m|m|
37	50	ταῦθʼ	t_1923	102436259	u--------	u--------		,	,		m|m|
37	51	ὑμῖν	t_1924	102436260	c--------	c--------		εἰ	εἰ		m|m|
37	52	ὑπὸ	t_1925	102436261	a-p---ma-	a-p---ma-		πολύς	πολύς		m|m|
37	53	τῶν	t_1926	102436262	v-sppamn-	v-sppamn-		ἔχω	ἔχω		m|m|
37	54	παραγενομένων	t_1927	102436263	l-p---ng-	l-p---mg-		ὁ	ὁ		m|m|
37	55	μεμαρτύρηται	t_1928	102436264	a-p---ng-	a-p---mg-		ἐπιτήδειος	ἐπιτήδειος		m|m|
37	56	.	t_1929	102436265	p1s---mn-	p-s---cn-		ἐγώ	ἐγώ		m|m|
37	57	ὥστε	t_1930	102436266	u--------	u--------		,	,		m|m|
37	58	δεινὸν	t_1931	102436267	v-sapamn-	v-sapamn-		ἀπαντάω	ἀπαντάω		m|m|
37	59	εἰ	t_1932	102436268	n-s---md-	n-s---md-		σίμων	Σίμων		m|m|
37	60	περὶ	t_1933	102436269	u--------	u--------		,	,		m|m|
37	61	τούτων	t_1934	102436270	v1siie---	v1siim---		μάχομαι	μάχομαι		m|m|
37	62	ἐγὼ	t_1935	102436271	p-s---md-	p-s---md-		αὐτός	αὐτός		m|m|
37	63	δόξω	t_1936	102436272	d--------	c--------		καί	καί		m|m|
37	64	προνοηθῆναι	t_1937	102436273	v1siia---	v1siia---		τύπτω	τύπτω		m|m|
37	65	,	t_1938	102436274	p-s---ma-	p-s---ma-		αὐτός	αὐτός		m|m|
37	66	περὶ	t_1939	102436275	d--------	c--------		καί	καί		m|m|
37	67	ὧν	t_1940	102436276	v1siia---	v1siia---		διώκω	διώκω		m|m|
37	68	οὗτοι	t_1941	102436277	c--------	c--------		καί	καί		m|m|
37	69	τυγχάνουσιν	t_1942	102436278	v-sapamn-	v-sapamn-		καταλαμβάνω	καταλαμβάνω		m|m|
37	70	οὕτω	t_1943	102436279	v--pna---	v--pna---		ἄγω	ἄγω		m|m|
37	71	δεινὰ	t_1944	102436280	n-s---fa-	n-s---fn-		βία	βία		m|m|
37	72	καὶ	t_1945	102436281	v1siia---	v1siia---		ζητέω	ζητέω		m|m|
37	73	παράνομα	t_1946	102436282	u--------	u--------		,	,		m|m|
37	74	πεποιηκότες	t_1947	102436283	d--------	d--------		ὅπου	ὅπου		m|m|
37	75	.	t_1948	102436284	d--------	d--------		νῦν	νῦν		m|m|
38	1	τί	t_1949	102436285	p-s---mg-	p-s---mg-		οὗτος	οὗτος		m|m|
38	2	δʼ	t_1950	102436286	p-p---na-	p-p---na-		οὗτος	οὗτος		m|m|
38	3	ἄν	t_1951	102436287	v-srpamg-	v-srpamg-		ποιέω	ποιέω		m|m|
38	4	ποτε	t_1952	102436288	p1s---mn-	p-s---cn-		ἐγώ	ἐγώ		m|m|
38	5	ἔπαθον	t_1953	102436289	r--------	r--------		εἰς	εἰς		m|m|
38	6	,	t_1954	102436290	a-s---ma-	p-s---ma-		τοιοῦτος	τοιοῦτος		m|m|
38	7	εἰ	t_1955	102436291	n-s---ma-	n-s---ma-		ἀγών	ἀγών		m|m|
38	8	τ	t_1956	102436292	v1sria---	v1sria---		καθίστημι	καθίστημι		m|m|
38	9	ἀναντία	t_1957	102436293	u--------	u--------		,	,		m|m|
38	10	τῶν	t_1958	102436294	r--------	r--------		ἐν	ἐν		m|m|
38	11	νῦν	t_1959	102436295	p-s---md-	p-s---md-		ὅς	ὅς		m|m|
38	12	γεγενημένων	t_1960	102436296	d--------	c--------		καί	καί		m|m|
38	13	ἦν	t_1961	102436297	r--------	r--------		περί	περί		m|m|
38	14	,	t_1962	102436298	l-s---fg-	l-s---fg-		ὁ	ὁ		m|m|
38	15	εἰ	t_1963	102436299	n-s---fg-	n-s---fg-		πατρίς	πατρίς		m|m|
38	16	πολλοὺς	t_1964	102436300	c--------	c--------		καί	καί		m|m|
38	17	ἔχων	t_1965	102436301	l-s---fg-	l-s---fg-		ὁ	ὁ		m|m|
38	18	τῶν	t_1966	102436302	n-s---fg-	n-s---fg-		οὐσία	οὐσία		m|m|
38	19	ἐπιτηδείων	t_1967	102436303	l-s---fg-	l-s---fg-		ὁ	ὁ		m|m|
38	20	ἐγώ	t_1968	102436304	p-s---mg-	p-s---mg-		ἐμαυτοῦ	ἐμαυτοῦ		m|m|
38	21	,	t_1969	102436305	a-s---fg-	p-s---fg-		ἅπας	ἅπας		m|m|
38	22	ἀπαντήσας	t_1970	102436306	v1spia---	v1spia---		κινδυνεύω	κινδυνεύω		m|m|
38	23	Σίμωνι	t_1971	102436307	u--------	u--------		;	;		m|m|
38	24	,	t_1972	102436308	l-s---na-	l-s---nn-		ὁ	ὁ		m|m|
38	25	ἐμαχόμην	t_1973	102436309	d--------	c--------		δέ	δέ		m|m|
38	26	αὐτῷ	t_1974	102436310	a-s---nas	a-s---nns		μέγας	μέγας		m|m|
38	27	καὶ	t_1975	102436311	c--------	c--------		καί	καί		m|m|
38	28	ἔτυπτον	t_1976	102436312	a-s---nas	a-s---nns		περιφανής	περιφανής		m|m|
38	29	αὐτὸν	t_1977	102436313	a-p---ng-	p-p---ng-		πᾶς	πᾶς		m|m|
38	30	καὶ	t_1978	102436314	u--------	u--------		·	·		m|m|
38	31	ἐδίωκον	t_1979	102436315	l-s---mn-	l-s---mn-		ὁ	ὁ		m|m|
38	32	καὶ	t_1980	102436316	d--------	g--------		γάρ	γάρ		m|m|
38	33	καταλαβὼν	t_1981	102436317	v-sappmn-	v-sappmn-		ἀδικέω	ἀδικέω		m|m|
38	34	ἄγειν	t_1982	102436318	c--------	c--------		καί	καί		m|m|
38	35	βία	t_1983	102436319	v-sappmn-	v-sappmn-		ἐπιβουλεύω	ἐπιβουλεύω		m|m|
38	36	ἐζήτουν	t_1984	102436320	r--------	r--------		ὑπό	ὑπό		m|m|
38	37	,	t_1985	102436321	p-s---mg-	p-s---cg-		ἐγώ	ἐγώ		m|m|
38	38	ὅπου	t_1986	102436322	u--------	u--------		,	,		m|m|
38	39	νῦν	t_1987	102436323	c--------	c--------		ὡς	ὡς		m|m|
38	40	τούτου	t_1988	102436324	v3spia---	v3spia---		φημί	φημί		m|m|
38	41	ταῦτα	t_1989	102436325	u--------	u--------		,	,		m|m|
38	42	πεποιηκότος	t_1990	102436326	d--------	d--------		οὐ	οὐ		m|m|
38	43	ἐγὼ	t_1991	102436327	v3saia---	v3saia---		τολμάω	τολμάω		m|m|
38	44	εἰς	t_1992	102436328	a-p---ng-	m-p---ng-		τέσσαρες	τέσσαρες		m|m|
38	45	τοιοῦτον	t_1993	102436329	n-p---ng-	n-p---ng-		ἔτος	ἔτος		m|m|
38	46	ἀγῶνα	t_1994	102436330	v--anm---	v--anm---		ἐπισκήπτω	ἐπισκήπτω		m|m|
38	47	καθέστηκα	t_1995	102436331	r--------	r--------		εἰς	εἰς		m|m|
38	48	,	t_1996	102436332	p-p---ma-	p-p---ca-		σύ	σύ		m|m|
38	49	ἐν	t_1997	102436333	u--------	u--------		.	.		m|m|
38	50	ᾧ	t_1998	102436334	d--------	c--------		καί	καί		m|m|
38	51	καὶ	t_1999	102436335	l-p---mn-	l-p---mn-		ὁ	ὁ		m|m|
38	52	περὶ	t_2000	102436336	d--------	g--------		μέν	μέν		m|m|
38	53	τῆς	t_2001	102436337	p-p---mn-	p-p---mn-		ἄλλος	ἄλλος		m|m|
38	54	πατρίδος	t_2002	102436338	u--------	u--------		,	,		m|m|
38	55	καὶ	t_2003	102436339	c--------	c--------		ὅταν	ὅταν		m|m|
38	56	τῆς	t_2004	102436340	v3ppsa---	v3ppsa---		ἐράω1	ἐράω		m|m|
38	57	οὐσίας	t_2005	102436341	c--------	c--------		καί	καί		m|m|
38	58	τῆς	t_2006	102436342	v3ppse---	v3ppsm---		ἀποστερέω	ἀποστερέω		m|m|
38	59	ἐμαυτοῦ	t_2007	102436343	p-p---ng-	p-p---ng-		ὅς	ὅς		m|m|
38	60	ἁπάσης	t_2008	102436344	v3ppia---	v3ppia---		ἐπιθυμέω	ἐπιθυμέω		m|m|
38	61	κινδυνεύω	t_2009	102436345	c--------	c--------		καί	καί		m|m|
38	62	;	t_2010	102436346	v3ppsa---	v3ppsa---		συγκοπάω	συγκοπόω		m|m|@
39	1	τὸ	t_2011	102436347	u--------	u--------		,	,		m|m|
39	2	δὲ	t_2012	102436348	v-pppemn-	v-pppmmn-		ὀργίζω	ὀργίζω		m|m|
39	3	μέγιστον	t_2013	102436349	d--------	d--------		παραχρῆμα	παραχρῆμα		m|m|
39	4	καὶ	t_2014	102436350	v--pne---	v--pnm---		τιμωρέω	τιμωρέω		m|m|
39	5	περιφανέστατον	t_2015	102436351	v3ppia---	v3ppia---		ζητέω	ζητέω		m|m|
39	6	πάντων	t_2016	102436352	u--------	u--------		,	,		m|m|
39	7	·	t_2017	102436353	p-s---mn-	p-s---mn-		οὗτος	οὗτος		m|m|
39	8	ὁ	t_2018	102436354	c--------	c--------		δέ	δέ		m|m|
39	9	γὰρ	t_2019	102436355	n-p---md-	n-p---md-		χρόνος	χρόνος		m|m|
39	10	ἀδικηθείς	t_2020	102436356	a-s---na-	d-------c		ὕστερος	ὕστερον		m|m|@
39	11	καὶ	t_2021	102436357	u--------	u--------		.	.		m|m|
39	12	ἐπιβουλευθεὶς	t_2022	102436358	c--------	c--------		ὅτι	ὅτι		m|m|
39	13	ὑπʼ	t_2023	102436359	d--------	g--------		μέν	μέν		m|m|
39	14	ἐμοῦ	t_2024	102436360	d--------	g--------		οὖν	οὖν		m|m|
39	15	,	t_2025	102436361	u--------	u--------		,	,		m|m|
39	16	ὥς	t_2026	102436362	i--------	i--------		ὦ	ὦ		m|m|
39	17	φησιν	t_2027	102436363	n-s---fv-	n-s---fv-		βουλή	βουλή		m|m|
39	18	,	t_2028	102436364	u--------	u--------		,	,		m|m|
39	19	οὐκ	t_2029	102436365	p-s---ng-	p-s---ng-		οὐδείς	οὐδείς		m|m|
39	20	ἐτόλμησε	t_2030	102436366	a-s---mn-	a-s---mn-		αἴτιος	αἴτιος		m|m|
39	21	τεττάρων	t_2031	102436367	v1spia---	v1spia---		εἰμί	εἰμί		m|m|
39	22	ἐτῶν	t_2032	102436368	l-p---ng-	l-p---ng-		ὁ	ὁ		m|m|
39	23	ἐπισκήψασθαι	t_2033	102436369	v-prpeng-	v-prpmng-		γίγνομαι	γίγνομαι		m|m|
39	24	εἰς	t_2034	102436370	u--------	u--------		,	,		m|m|
39	25	ὑμᾶς	t_2035	102436371	d--------	d--------		ἱκανός	ἱκανός		m|m|
39	26	.	t_2036	102436372	v--rne---	v--rnm---		ἀποδείκνυμι	ἀποδείκνυμι		m|m|
39	27	καὶ	t_2037	102436373	v1spia---	v1spia---		νομίζω	νομίζω		m|m|
39	28	οἱ	t_2038	102436374	u--------	u--------		·	·		m|m|
39	29	μέν	t_2039	102436375	d--------	d--------		οὕτως	οὕτως		m|m|
39	30	ἄλλοι	t_2040	102436376	d--------	c--------		δέ	δέ		m|m|
39	31	,	t_2041	102436377	v1spie---	v1spim---		διάκειμαι	διάκειμαι		m|m|
39	32	ὅταν	t_2042	102436378	r--------	r--------		πρός	πρός		m|m|
39	33	ἐρῶσι	t_2043	102436379	l-p---fa-	l-p---fa-		ὁ	ὁ		m|m|
39	34	καὶ	t_2044	102436380	r--------	r--------		ἐκ	ἐκ		m|m|
39	35	ἀποστερῶνται	t_2045	102436381	l-p---ng-	l-p---ng-		ὁ	ὁ		m|m|
39	36	ὧν	t_2046	102436382	a-p---ng-	p-p---ng-		τοιοῦτος	τοιοῦτος		m|m|
39	37	ἐπιθυμοῦσι	t_2047	102436383	n-p---ng-	n-p---ng-		πρᾶγμα	πρᾶγμα		m|m|
39	38	καὶ	t_2048	102436384	n-p---fa-	n-p---fa-		διαφορά	διαφορά		m|m|
39	39	συγκοπῶσιν	t_2049	102436385	u--------	u--------		,	,		m|m|
39	40	,	t_2050	102436386	c--------	c--------		ὥστε	ὥστε		m|m|
39	41	ὀργιζόμενοι	t_2051	102436387	p-p---na-	p-p---na-		ἄλλος	ἄλλος		m|m|
39	42	παραχρῆμα	t_2052	102436388	a-p---na-	a-p---na-		πολύς	πολύς		m|m|
39	43	τιμωρεῖσθαι	t_2053	102436389	v-srpemn-	v-srpmmn-		ὑβρίζω	ὑβρίζω		m|m|
39	44	ζητοῦσιν	t_2054	102436390	r--------	r--------		ὑπό	ὑπό		m|m|
39	45	,	t_2055	102436391	n-s---mg-	n-s---mg-		σίμων	Σίμων		m|m|
39	46	οὗτος	t_2056	102436392	c--------	c--------		καί	καί		m|m|
39	47	δὲ	t_2057	102436393	v-sapamn-	v-sappmn-		κατάγω	κατάσσω		m|m|@
39	48	χρόνοις	t_2058	102436394	l-s---fa-	l-s---fa-		ὁ	ὁ		m|m|
39	49	ὕστερον	t_2059	102436395	n-s---fa-	n-s---fa-		κεφαλή	κεφαλή		m|m|
39	50	.	t_2060	102436396	r--------	r--------		ὑπό	ὑπό		m|m|
40	1	ὅτι	t_2061	102436397	p-s---mg-	p-s---mg-		αὐτός	αὐτός		m|m|
40	2	μὲν	t_2062	102436398	d--------	d--------		οὐ	οὐ		m|m|
40	3	οὖν	t_2063	102436399	v1saia---	v1saia---		τολμάω	τολμάω		m|m|
40	4	,	t_2064	102436400	p-s---md-	p-s---md-		αὐτός	αὐτός		m|m|
40	5	ὦ	t_2065	102436401	v--anm---	v--anm---		ἐπισκήπτω	ἐπισκήπτω		m|m|
40	6	βουλή	t_2066	102436402	u--------	u--------		,	,		m|m|
40	7	,	t_2067	102436403	v-sppmmn-	v-sppmmn-		ἡγέομαι	ἡγέομαι		m|m|
40	8	οὐδενὸς	t_2068	102436404	a-s---na-	a-s---na-		δεινός	δεινός		m|m|
40	9	αἴτιός	t_2069	102436405	v--pna---	v--pna---		εἰμί	εἰμί		m|m|
40	10	εἰμι	t_2070	102436406	u--------	u--------		,	,		m|m|
40	11	τῶν	t_2071	102436407	c--------	c--------		εἰ	εἰ		m|m|
40	12	γεγενημένων	t_2072	102436408	d--------	g--------		ἄρα	ἄρα		m|m|
40	13	,	t_2073	102436409	r--------	r--------		περί	περί		m|m|
40	14	ἱκανῶς	t_2074	102436410	n-p---mg-	n-p---cg-		παῖς	παῖς		m|m|
40	15	ἀποδεδεῖχθαι	t_2075	102436411	v1paia---	v1paia---		πολεμιάζω	φιλονεικέω		m|m|@
40	16	νομίζω	t_2076	102436412	p1p---mn-	p-p---cn-		ἐγώ	ἐγώ		m|m|
40	17	·	t_2077	102436413	r--------	r--------		πρός	πρός		m|m|
40	18	οὕτω	t_2078	102436414	p-p---ma-	p-p---ma-		ἀλλήλων	ἀλλήλων		m|m|
40	19	δὲ	t_2079	102436415	u--------	u--------		,	,		m|m|
40	20	διάκειμαι	t_2080	102436416	p-s---ng-	p-s---ng-		οὗτος	οὗτος		m|m|
40	21	πρὸς	t_2081	102436417	r--------	r--------		ἕνεκα	ἕνεκα		m|m|
40	22	τὰς	t_2082	102436418	v--ana---	v--ana---		ἐξελαύνω	ἐξελαύνω		m|m|
40	23	ἐκ	t_2083	102436419	p-p---ma-	p-p---ca-		τις	τις		m|m|
40	24	τῶν	t_2084	102436420	v--ana---	v--ana---		ζητέω	ζητέω		m|m|
40	25	τοιούτων	t_2085	102436421	r--------	r--------		ἐκ	ἐκ		m|m|
40	26	πραγμάτων	t_2086	102436422	l-s---fg-	l-s---fg-		ὁ	ὁ		m|m|
40	27	διαφοράς	t_2087	102436423	n-s---fg-	n-s---fg-		πατρίς	πατρίς		m|m|
40	28	,	t_2088	102436424	u--------	u--------		.	.		m|m|
40	29	ὥστε	t_2089	102436425	d--------	d--------		ἔπειτα	ἔπειτα		m|m|
40	30	ἄλλα	t_2090	102436426	d--------	c--------		δέ	δέ		m|m|
40	31	πολλὰ	t_2091	102436427	d--------	c--------		καί	καί		m|m|
40	32	ὑβρισμένος	t_2092	102436428	a-s---fa-	p-s---fa-		οὐδείς	οὐδείς		m|m|
40	33	ὑπὸ	t_2093	102436429	v1siie---	v1siim---		ἡγέομαι	ἡγέομαι		m|m|
40	34	Σίμωνος	t_2094	102436430	n-s---fa-	n-s---fa-		πρόνοια	πρόνοια		m|m|
40	35	καὶ	t_2095	102436431	v--pna---	v--pna---		εἰμί	εἰμί		m|m|
40	36	καταγεὶς	t_2096	102436432	n-s---ng-	n-s---ng-		τραῦμα	τραῦμα		m|m|
40	37	τὴν	t_2097	102436433	p-s---mn-	p-s---mn-		ὅστις	ὅστις		m|m|
40	38	κεφαλὴν	t_2098	102436434	d--------	d--------		μή	μή		m|m|
40	39	ὑπʼ	t_2099	102436435	v--ana---	v--ana---		ἀποκτείνω	ἀποκτείνω		m|m|
40	40	αὐτοῦ	t_2100	102436436	v-sppemn-	v-sppmmn-		βούλομαι	βούλομαι		m|m|
40	41	οὐκ	t_2101	102436437	v3saia---	v3saia---		τιτρώσκω	τιτρώσκω		m|m|
40	42	ἐτόλμησα	t_2102	102436438	u--------	u--------		.	.		m|m|
40	43	αὐτῷ	t_2103	102436439	p-s---mn-	p-s---cn-		τις	τίς		m|m|
40	44	ἐπισκήψασθαι	t_2104	102436440	d--------	g--------		γάρ	γάρ		m|m|
40	45	,	t_2105	102436441	d--------	d--------		οὕτως	οὕτως		m|m|
40	46	ἡγούμενος	t_2106	102436442	v3spia---	v3spia---		εἰμί	εἰμί		m|m|
40	47	δεινὸν	t_2107	102436443	a-s---mn-	a-s---mn-		εὐήθης	εὐήθης		m|m|
40	48	εἶναι	t_2108	102436444	u--------	u--------		,	,		m|m|
40	49	,	t_2109	102436445	p-s---mn-	p-s---mn-		ὅστις	ὅστις		m|m|
40	50	εἰ	t_2110	102436446	r--------	r--------		ἐκ	ἐκ		m|m|
40	51	ἄρα	t_2111	102436447	a-s---ng-	a-s---ng-		πολύς	πολύς		m|m|
40	52	περὶ	t_2112	102436448	v3spie---	v3spim---		προνοοῦμαι	προνοέω		m|m|@
40	53	παίδων	t_2113	102436449	c--------	c--------		ὅπως	ὅπως		m|m|
40	54	ἐφιλονικήσαμεν	t_2114	102436450	n-s---na-	n-s---na-		ἕλκος	ἕλκος		m|m|
40	55	ἡμεῖς	t_2115	102436451	p-s---mn-	p-s---cn-		τις	τις		m|m|
40	56	πρὸς	t_2116	102436452	p-s---mg-	p-s---mg-		αὐτός	αὐτός		m|m|
40	57	ἀλλήλους	t_2117	102436453	l-p---mg-	l-p---mg-		ὁ	ὁ		m|m|
40	58	,	t_2118	102436454	a-p---mg-	a-p---mg-		ἐχθρός	ἐχθρός		m|m|
40	59	τούτου	t_2119	102436455	v3sfim---	v3sfim---		λαμβάνω	λαμβάνω		m|m|
40	60	ἕνεκα	t_2120	102436456	u--------	u--------		;	;		m|m|
40	61	ἐξελάσαι	t_2121	102436457	d--------	c--------		ἀλλά	ἀλλά		m|m|
40	62	τινὰς	t_2122	102436458	a-s---nn-	a-s---nn-		δῆλος	δῆλος		m|m|
40	63	ζητῆσαι	t_2123	102436459	c--------	c--------		ὅτι	ὅτι		m|m|
40	64	ἐκ	t_2124	102436460	d--------	c--------		καί	καί		m|m|
40	65	τῆς	t_2125	102436461	l-p---mn-	l-p---mn-		ὁ	ὁ		m|m|
40	66	πατρίδος	t_2126	102436462	l-p---ma-	l-p---ma-		ὁ	ὁ		m|m|
40	67	.	t_2127	102436463	n-p---ma-	n-p---ma-		νόμος	νόμος		m|m|
41	1	ἔπειτα	t_2128	102436464	d--------	d--------		ἐνθάδε	ἐνθάδε		m|m|
41	2	δὲ	t_2129	102436465	v-papamn-	v-papamn-		τίθημι	τίθημι		m|m|
41	3	καὶ	t_2130	102436466	u--------	u--------		,	,		m|m|
41	4	οὐδεμίαν	t_2131	102436467	d--------	d--------		οὐ	οὐ		m|m|
41	5	ἡγούμην	t_2132	102436468	c--------	c--------		εἰ	εἰ		m|m|
41	6	πρόνοιαν	t_2133	102436469	p-p---mn-	p-p---cn-		τις	τις		m|m|
41	7	εἶναι	t_2134	102436470	v-papmmn-	v-papmmn-		μάχομαι	μάχομαι		m|m|
41	8	τραύματος	t_2135	102436471	v3paia---	v3paia---		τυγχάνω	τυγχάνω		m|m|
41	9	ὅστις	t_2136	102436472	p-p---mg-	p-p---mg-		ἀλλήλων	ἀλλήλων		m|m|
41	10	μὴ	t_2137	102436473	v-papamn-	v-papamn-		κατάγνυμι	κατάγνυμι		m|m|
41	11	ἀποκτεῖναι	t_2138	102436474	l-p---fa-	l-p---fa-		ὁ	ὁ		m|m|
41	12	βουλόμενος	t_2139	102436475	n-p---fa-	n-p---fa-		κεφαλή	κεφαλή		m|m|
41	13	ἔτρωσε	t_2140	102436476	u--------	u--------		,	,		m|m|
41	14	.	t_2141	102436477	r--------	r--------		ἐπί	ἐπί		m|m|
41	15	τίς	t_2142	102436478	p-p---nd-	p-p---nd-		οὗτος	οὗτος		m|m|
41	16	γὰρ	t_2143	102436479	v3paia---	v3paia---		ἀξιόω	ἀξιόω		m|m|
41	17	οὕτως	t_2144	102436480	l-s---fg-	l-s---fg-		ὁ	ὁ		m|m|
41	18	ἐστὶν	t_2145	102436481	n-s---fg-	n-s---fg-		πατρίς	πατρίς		m|m|
41	19	εὐήθης	t_2146	102436482	n-s---fa-	n-s---fa-		φυγή	φυγή		m|m|
41	20	,	t_2147	102436483	v--anm---	v--anm---		ποιέω	ποιέω		m|m|
42	1	ὅστις	t_2148	102436484	u--------	u--------		·	·		m|m|
42	2	ἐκ	t_2149	102436485	c--------	c--------		ἤ1	ἤ		m|m|
42	3	πολλοῦ	t_2150	102436486	a-p---ma-	a-p---ma-		πολύς	πολύς		m|m|
42	4	προνοεῖται	t_2151	102436487	g--------	g--------		γε	γε		m|m|
42	5	ὅπως	t_2152	102436488	g--------	g--------		ἄν	ἄν		m|m|
42	6	ἕλκος	t_2153	102436489	v3paia---	v3paia---		ἐξελαύνω	ἐξελαύνω		m|m|
42	7	τις	t_2154	102436490	u--------	u--------		·	·		m|m|
42	8	αὐτοῦ	t_2155	102436491	d--------	c--------		ἀλλά	ἀλλά		m|m|
42	9	τῶν	t_2156	102436492	a-p---mn-	p-p---mn-		ὅσος	ὅσος		m|m|
42	10	ἐχθρῶν	t_2157	102436493	v-papamn-	v-papamn-		ἐπιβουλεύω	ἐπιβουλεύω		m|m|
42	11	λήψεται	t_2158	102436494	v--ana---	v--ana---		ἀποκτείνω	ἀποκτείνω		m|m|
42	12	;	t_2159	102436495	p-p---ma-	p-p---ca-		τις	τις		m|m|
42	13	ἀλλὰ	t_2160	102436496	v3paia---	v3paia---		τιτρώσκω	τιτρώσκω		m|m|
42	14	δῆλον	t_2161	102436497	u--------	u--------		,	,		m|m|
42	15	ὅτι	t_2162	102436498	v--ana---	v--ana---		ἀποκτείνω	ἀποκτείνω		m|m|
42	16	καὶ	t_2163	102436499	c--------	c--------		δέ	δέ		m|m|
42	17	οἱ	t_2164	102436500	d--------	d--------		οὐ	οὐ		m|m|
42	18	τοὺς	t_2165	102436501	v3paip---	v3paip---		δύναμαι	δύναμαι		m|m|
42	19	νόμους	t_2166	102436502	u--------	u--------		,	,		m|m|
42	20	ἐνθάδε	t_2167	102436503	r--------	r--------		περί	περί		m|m|
42	21	θέντες	t_2168	102436504	l-p---ng-	l-p---ng-		ὁ	ὁ		m|m|
42	22	,	t_2169	102436505	p-p---ng-	p-p---ng-		τοιοῦτος	τοιοῦτος		m|m|
42	23	οὐκ	t_2170	102436506	l-p---fa-	l-p---fa-		ὁ	ὁ		m|m|
42	24	εἴ	t_2171	102436507	n-p---fa-	n-p---fa-		τιμωρία	τιμωρία		m|m|
42	25	τινες	t_2172	102436508	d--------	d--------		οὕτως	οὕτως		m|m|
42	26	μαχεσάμενοι	t_2173	102436509	a-p---fa-	a-p---fa-		μέγας	μέγας		m|m|
42	27	ἔτυχον	t_2174	102436510	v3paim---	v3paim---		καθίστημι	καθίστημι		m|m|
42	28	ἀλλήλων	t_2175	102436511	u--------	u--------		,	,		m|m|
42	29	κατάξαντες	t_2176	102436512	v-pppemn-	v-pppmmn-		ἡγέομαι	ἡγέομαι		m|m|
42	30	τὰς	t_2177	102436513	u--------	u--------		,	,		m|m|
42	31	κεφαλάς	t_2178	102436514	r--------	r--------		ὑπέρ	ὑπέρ		m|m|
42	32	,	t_2179	102436515	p-p---ng-	p-p---ng-		ὅς	ὅς		m|m|
42	33	ἐπὶ	t_2180	102436516	v3paia---	v3paia---		βουλεύω	βουλεύω		m|m|
42	34	τούτοις	t_2181	102436517	c--------	c--------		καί	καί		m|m|
42	35	ἠξίωσαν	t_2182	102436518	d--------	v3paip---		πρ	προνοοῦμαι		m|m|@
42	36	τῆς	t_2183	102436519	v3paip---	u--------		οὐνοέω	,		m|m|@
42	37	πατρίδος	t_2184	102436520	u--------	r--------		,	ὑπέρ		m|m|@
42	38	φυγὴν	t_2185	102436521	r--------	p-p---ng-		ὑπέρ	οὗτος		m|m|@
42	39	ποιήσασθαι	t_2186	102436522	p-p---ng-	v--pna---		οὗτος	προσήκω		m|m|@
42	40	·	t_2187	102436523	v--pna---	p-p---md-		προσήκω	αὐτός		m|m|@
42	41	ἢ	t_2188	102436524	p-p---md-	n-s---fa-		αὐτός	δίκη		m|m|@
42	42	πολλούς	t_2189	102436525	n-s---fa-	v--ana---		δίκη	δίδωμι		m|m|@
42	43	γʼ	t_2190	102436526	v--ana---	u--------		δίδωμι	·		m|m|@
42	44	ἂν	t_2191	102436527	u--------	c--------		·	εἰ		m|m|@
42	45	ἐξήλασαν	t_2192	102436528	c--------	c--------		εἰ	δέ		m|m|@
42	46	·	t_2193	102436529	d--------	d--------		δέ	μή		m|m|@
42	47	ἀλλʼ	t_2194	102436530	d--------	v3paia---		μή	κατέχω		m|m|@
42	48	ὅσοι	t_2195	102436531	v3paia---	u--------		κατέχω	,		m|m|@
42	49	ἐπιβουλεύσαντες	t_2196	102436532	u--------	p-s---na-		,	οὐδείς		m|m|@
42	50	ἀποκτεῖναί	t_2197	102436533	p-s---na-	a-s---nac		οὐδείς	ἥσσων		m|m|@
42	51	τινας	t_2198	102436534	a-s---nac	l-s---na-		ἥσσων	ὁ		m|m|@
42	52	ἔτρωσαν	t_2199	102436535	l-s---nn-	g--------		ὁ	γε		m|m|@
42	53	,	t_2200	102436536	d--------	p-p---mg-		γε	ἐκεῖνος		m|m|@
42	54	ἀποκτεῖναι	t_2201	102436537	p-p---mg-	v--rnm---		ἐκεῖνος	ποιέω		m|m|@
42	55	δὲ	t_2202	102436538	v--rne---	u--------		ποιέω	.		m|m|@
42	56	οὐκ	t_2203	102436539	u--------	c--------		.	καί		m|m|@
42	57	ἐδυνήθησαν	t_2204	102436540	d--------	p-p---na-		καί	οὗτος		m|m|@
42	58	,	t_2205	102436541	p-p---na-	d--------		οὗτος	ἤδη		m|m|@
42	59	περὶ	t_2206	102436542	d--------	c--------		ἤδη	καί		m|m|@
42	60	τῶν	t_2207	102436543	c--------	d-------c		καί	πρότερος		m|m|@
42	61	τοιούτων	t_2208	102436544	a-s---na-	d--------		πρότερος	πολλάκις		m|m|@
42	62	τὰς	t_2209	102436545	d--------	p-p---cn-		πολλάκις	σύ		m|m|@
42	63	τιμωρίας	t_2210	102436546	p-p---mn-	d--------		σύ	οὕτως		m|m|@
42	64	οὕτω	t_2211	102436547	d--------	v2paia---		οὕτως	διαγιγνώσκω		m|m|@
42	65	μεγάλας	t_2212	102436548	v2paia---	r--------		διαγιγνώσκω	περί		m|m|@
42	66	κατεστήσαντο	t_2213	102436549	r--------	l-s---fg-		περί	ὁ		m|m|@
42	67	,	t_2214	102436550	l-s---fg-	n-s---fg-		ὁ	πρόνοια		m|m|@
42	68	ἡγούμενοι	t_2215	102436551	n-s---fg-	u--------		πρόνοια	.		m|m|@
42	69	,	t_2216	102436552	u--------	c--------		.	καί		m|m|@
42	70	ὑπὲρ	t_2217	102436553	d--------	g--------		καί	γάρ		m|m|@
42	71	ὧν	t_2218	102436554	d--------	a-s---nn-		γάρ	δεινός		m|m|@
42	72	ἐβούλευσαν	t_2219	102436555	a-s---nn-	g--------		δεινός	ἄν		m|m|@
42	73	καὶ	t_2220	102436556	d--------	v3spoa---		ἄν	εἰμί		m|m|@
42	74	προὐνοήθησαν	t_2221	102436557	v3spoa---	u--------		εἰμί	,		m|m|@
42	75	,	t_2222	102436558	u--------	c--------		,	εἰ		m|m|@
42	76	ὑπὲρ	t_2223	102436559	c--------	p-p---mn-		εἰ	ὅσος		m|m|@
42	77	τούτων	t_2224	102436560	a-p---mn-	r--------		ὅσος	ἐκ		m|m|@
42	78	προσήκειν	t_2225	102436561	r--------	n-s---fg-		ἐκ	μέθη		m|m|@
42	79	αὐτοῖς	t_2226	102436562	n-s---fg-	c--------		μέθη	καί		m|m|@
42	80	δίκην	t_2227	102436563	c--------	n-s---fg-		καί	φιλονικία		m|m|@
42	81	δοῦναι	t_2228	102436564	n-s---fg-	c--------		φιλονεικία	ἤ		m|m|@
42	82	·	t_2229	102436565	d--------	r--------		ἤ1	ἐκ		m|m|@
42	83	εἰ	t_2230	102436566	r--------	n-p---fg-		ἐκ	παιδιά		m|m|@
42	84	δὲ	t_2231	102436567	n-p---fg-	c--------		παιδιή	ἤ		m|m|@
42	85	μὴ	t_2232	102436568	d--------	r--------		ἤ1	ἐκ		m|m|@
42	86	κατέσχον	t_2233	102436569	r--------	n-s---fg-		ἐκ	λοιδορία		m|m|@
42	87	,	t_2234	102436570	n-s---fg-	c--------		λοιδορία	ἤ		m|m|@
42	88	οὐδὲν	t_2235	102436571	c--------	r--------		ἤ1	περί		m|m|@
42	89	ἧττον	t_2236	102436572	r--------	n-s---fg-		περί	ἑταίρα		m|m|@
42	90	τό	t_2237	102436573	n-s---fg-	v-pppmmn-		ἑταίρα	μάχομαι		m|m|@
42	91	γʼ	t_2238	102436574	v-pppemn-	n-s---na-		μάχομαι	ἕλκος		m|m|@
42	92	ἐκείνων	t_2239	102436575	n-s---na-	v3paia---		ἕλκος	λαμβάνω		m|m|@
42	93	πεποιῆσθαι	t_2240	102436576	v3paia---	u--------		λαμβάνω	,		m|m|@
42	94	.	t_2241	102436577	u--------	c--------		,	εἰ		m|m|@
43	1	καὶ	t_2242	102436578	c--------	r--------		εἰ	ὑπέρ		m|m|@
43	2	ταῦτα	t_2243	102436579	r--------	p-p---ng-		ὑπέρ	οὗτος		m|m|@
43	3	ἤδη	t_2244	102436580	p-p---mg-	p-p---ng-		οὗτος	ὅς		m|m|@
43	4	καὶ	t_2245	102436581	v-sppamn-	u--------		ὅς	,		m|m|@
43	5	πρότερον	t_2246	102436582	u--------	c--------		,	ἐπειδάν		m|m|@
43	6	πολλάκις	t_2247	102436583	c--------	a-s---nac		ἐπειδάν	ἀγαθός		m|m|@
43	7	ὑμεῖς	t_2248	102436584	a-s---nac	v3pasa---		βελτίων	φρονέω		m|m|@
43	8	οὕτω	t_2249	102436585	v3pasa---	u--------		φρονέω	,		m|m|@
43	9	διέγνωτε	t_2250	102436586	u--------	p-p---md-		,	ἅπας		m|m|@
43	10	περὶ	t_2251	102436587	a-p---md-	v3spia---		ἅπας	μεταμέλομαι		m|m|@
43	11	τῆς	t_2252	102436588	v3spia---	u--------		μεταμέλει	,		m|m|@
43	12	προνοίας	t_2253	102436589	u--------	d--------		,	οὕτως		m|m|@
43	13	.	t_2254	102436590	d--------	c--------		οὕτως	καί		m|m|@
43	14	καὶ	t_2255	102436591	d--------	p-p---cn-		καί	σύ		m|m|@
43	15	γὰρ	t_2256	102436592	p-p---mn-	a-p---fa-		σύ	μέγας		m|m|@
43	16	δεινὸν	t_2257	102436593	a-p---fa-	c--------		μέγας	καί		m|m|@
43	17	ἂν	t_2258	102436594	c--------	a-p---fa-		καί	δεινός		m|m|@
43	18	εἴη	t_2259	102436595	a-p---fa-	l-p---fa-		δεινός	ὁ		m|m|@
43	19	,	t_2260	102436596	l-p---fa-	n-p---fa-		ὁ	τιμωρία		m|m|@
43	20	εἰ	t_2261	102436597	n-p---fa-	v2pfim---		τιμωρία	ποιέω		m|m|@
43	21	ὅσοι	t_2262	102436598	v2pfim---	u--------		ποιέω	,		m|m|@
43	22	ἐκ	t_2263	102436599	u--------	c--------		,	ὥστε		m|m|@
43	23	μέθης	t_2264	102436600	c--------	v--pna---		ὥστε	ἐξελαύνω		m|m|@
43	24	καὶ	t_2265	102436601	v--pna---	p-p---ca-		ἐξελαύνω	τις		m|m|@
43	25	φιλονικίας	t_2266	102436602	p-p---ma-	l-p---mg-		τις	ὁ		m|m|@
43	26	ἢ	t_2267	102436603	l-p---mg-	n-p---mg-		ὁ	πολίτης		m|m|@
43	27	ἐκ	t_2268	102436604	n-p---mg-	r--------		πολίτης	ἐκ		m|m|@
43	28	παιδιῶν	t_2269	102436605	r--------	l-s---fg-		ἐκ	ὁ		m|m|@
43	29	ἢ	t_2270	102436606	l-s---fg-	n-s---fg-		ὁ	πατρίς		m|m|@
43	30	ἐκ	t_2271	102436607	n-s---fg-	u--------		πατρίς	.		m|m|@
43	31	λοιδορίας	t_2272	102436608	u--------	v1spia---		.	θαυμάζω		m|m|@
43	32	ἢ	t_2273	102436609	v1spia---	c--------		θαυμάζω	δέ		m|m|@
43	33	περὶ	t_2274	102436610	d--------	d-------s		δέ	μάλα		m|m|@
43	34	ἑταίρας	t_2275	102436611	d-------s	p-s---ng-		μάλιστα	οὗτος		m|m|@
43	35	μαχόμενοι	t_2276	102436612	p-s---mg-	l-s---fg-		οὗτος	ὁ		m|m|@
43	36	ἕλκος	t_2277	102436613	l-s---fg-	n-s---fg-		ὁ	διάνοια		m|m|@
43	37	ἔλαβον	t_2278	102436614	n-s---fg-	u--------		διάνοια	.		m|m|@
43	38	,	t_2279	102436615	u--------	d--------		.	οὐ		m|m|@
43	39	εἰ	t_2280	102436616	d--------	g--------		οὐ	γάρ		m|m|@
43	40	ὑπὲρ	t_2281	102436617	d--------	l-s---mg-		γάρ	ὁ		m|m|@
43	41	τούτων	t_2282	102436618	l-s---ng-	p-s---mg-		ὁ	αὐτός		m|m|@
43	42	ὧν	t_2283	102436619	p-s---ng-	p-s---cd-		αὐτός	ἐγώ		m|m|@
43	43	,	t_2284	102436620	p1s---md-	v3spia---		ἐγώ	δοκέω		m|m|@
43	44	ἐπειδὰν	t_2285	102436621	v3spia---	v--pna---		δοκέω	εἰμί		m|m|@
43	45	βέλτιον	t_2286	102436622	v--pna---	v--pna---		εἰμί	ἐράω		m|m|@
43	46	φρονήσωσιν	t_2287	102436623	v--pna---	c--------		ἐράω1	τε		m|m|@
43	47	,	t_2288	102436624	d--------	c--------		τε	καί		m|m|@
43	48	ἅπασι	t_2289	102436625	c--------	v--pna---		καί	συκοφαντέω		m|m|@
43	49	μεταμέλει	t_2290	102436626	v--pna---	u--------		συκοφαντέω	,		m|m|@
43	50	,	t_2291	102436627	u--------	c--------		,	ἀλλά		m|m|@
43	51	οὕτως	t_2292	102436628	c--------	l-s---nn-		ἀλλά	ὁ		m|m|@
43	52	καὶ	t_2293	102436629	l-s---nn-	g--------		ὁ	μέν		m|m|@
43	53	ὑμεῖς	t_2294	102436630	d--------	l-p---mg-		μέν	ὁ		m|m|@
43	54	μεγάλας	t_2295	102436631	l-p---mg-	a-p---mgc		ὁ	εὐήθης		m|m|@
43	55	καὶ	t_2296	102436632	a-p---mgc	u--------		εὐήθης	,		m|m|@
43	56	δεινὰς	t_2297	102436633	u--------	l-s---nn-		,	ὁ		m|m|@
43	57	τὰς	t_2298	102436634	l-s---nn-	c--------		ὁ	δέ		m|m|@
43	58	τιμωρίας	t_2299	102436635	c--------	l-p---mg-		δέ	ὁ		m|m|@
43	59	ποιήσεσθε	t_2300	102436636	l-p---mg-	a-p---mgs		ὁ	πάνουργος		m|m|@
43	60	,	t_2301	102436637	a-p---mgs	u--------		πάνουργος	.		m|m|@
43	61	ὥστε	t_2302	102436638	u--------	v1siim---		.	βούλομαι		m|m|@
43	62	ἐξελαύνειν	t_2303	102436639	v1siie---	c--------		βούλομαι	δέ		m|m|@
43	63	τινὰς	t_2304	102436640	d--------	g--------		δέ	ἄν		m|m|@
43	64	τῶν	t_2305	102436641	d--------	v--pna---		ἄν	ἔξεστι		m|m|@
43	65	πολιτῶν	t_2306	102436642	v--ana---	p-s---cd-		ἔξεστι	ἐγώ		m|m|@
43	66	ἐκ	t_2307	102436643	p1s---md-	r--------		ἐγώ	παρά		m|m|@
43	67	τῆς	t_2308	102436644	r--------	p-p---cd-		παρά	σύ		m|m|@
43	68	πατρίδος	t_2309	102436645	p-p---md-	c--------		σύ	καί		m|m|@
43	69	.	t_2310	102436646	d--------	r--------		καί	ἐκ		m|m|@
44	1	θαυμάζω	t_2311	102436647	r--------	l-p---mg-		ἐκ	ὁ		m|m|@
44	2	δὲ	t_2312	102436648	l-p---ng-	p-p---mg-		ὁ	ἄλλος		m|m|@
44	3	μάλιστα	t_2313	102436649	p-p---ng-	v--ana---		ἄλλος	ἐπιδείκνυμι		m|m|@
44	4	τούτου	t_2314	102436650	v--ana---	l-s---fa-		ἐπιδείκνυμι	ὁ		m|m|@
44	5	τῆς	t_2315	102436651	l-s---fa-	p-s---mg-		ὁ	οὗτος		m|m|@
44	6	διανοίας	t_2316	102436652	p-s---mg-	n-s---fa-		οὗτος	πονηρία		m|m|@
44	7	.	t_2317	102436653	n-s---fa-	u--------		πονηρία	,		m|m|@
44	8	οὐ	t_2318	102436654	u--------	c--------		,	ἵνα		m|m|@
44	9	γὰρ	t_2319	102436655	c--------	v2piim---		ἵνα	ἐπίσταμαι		m|m|@
44	10	τοῦ	t_2320	102436656	v2piie---	c--------		ἐπίσταμαι	ὅτι		m|m|@
44	11	αὐτοῦ	t_2321	102436657	c--------	a-s---na-		ὅτι	πολύς		m|m|@
44	12	μοι	t_2322	102436658	a-s---na-	g--------		πολύς	ἄν		m|m|@
44	13	δοκεῖ	t_2323	102436659	d--------	a-s---nac		ἄν	δίκαιος		m|m|@
44	14	εἶναι	t_2324	102436660	a-s---nac	p-s---mn-		δίκαιος	αὐτός		m|m|@
44	15	ἐρᾶν	t_2325	102436661	p-s---mn-	r--------		αὐτός	περί		m|m|@
44	16	τε	t_2326	102436662	r--------	n-s---mg-		περί	θάνατος		m|m|@
44	17	καὶ	t_2327	102436663	n-s---mg-	v3siim---		θάνατος	ἀγωνίζομαι		m|m|@
44	18	συκοφαντεῖν	t_2328	102436664	v3siie---	c--------		ἀγωνίζομαι	ἤ		m|m|@
44	19	,	t_2329	102436665	c--------	p-p---ma-		ἤ1	ἕτερος		m|m|@
44	20	ἀλλὰ	t_2330	102436666	a-p---ma-	r--------		ἕτερος	ὑπέρ		m|m|@
44	21	τὸ	t_2331	102436667	r--------	l-s---fg-		ὑπέρ	ὁ		m|m|@
44	22	μὲν	t_2332	102436668	l-s---fg-	n-s---fg-		ὁ	πατρίς		m|m|@
44	23	τῶν	t_2333	102436669	n-s---fg-	r--------		πατρίς	εἰς		m|m|@
44	24	εὐηθεστέρων	t_2334	102436670	r--------	n-s---ma-		εἰς	κίνδυνος		m|m|@
44	25	,	t_2335	102436671	n-s---ma-	v3siia---		κίνδυνος	καθίστημι		m|m|@
44	26	τὸ	t_2336	102436672	v3siia---	u--------		καθίστημι	.		m|m|@
44	27	δὲ	t_2337	102436673	u--------	l-p---na-		.	ὁ		m|m|@
44	28	τῶν	t_2338	102436674	l-p---na-	g--------		ὁ	μέν		m|m|@
44	29	πανουργοτάτων	t_2339	102436675	g--------	g--------		μέν	οὖν		m|m|@
44	30	.	t_2340	102436676	g--------	p-p---na-		οὖν	ἄλλος		m|m|@
44	31	ἐβουλόμην	t_2341	102436677	a-p---na-	v1sfia---		ἄλλος	ἐάω		m|m|@
44	32	δʼ	t_2342	102436678	v1sfia---	u--------		ἐάω	·		m|m|@
44	33	ἂν	t_2343	102436679	u--------	p-s---na-		·	ὅς		m|m|@
44	34	ἐξεῖναί	t_2344	102436680	p-s---na-	c--------		ὅς	δέ		m|m|@
44	35	μοι	t_2345	102436681	d--------	v1spim---		δέ	ἡγέομαι		m|m|@
44	36	παρʼ	t_2346	102436682	v1spie---	p-p---cd-		ἡγέομαι	σύ		m|m|@
44	37	ὑμῖν	t_2347	102436683	p-p---md-	v--pna---		σύ	προσήκω		m|m|@
44	38	καὶ	t_2348	102436684	v--pna---	v--ana---		προσήκω	ἀκούω		m|m|@
44	39	ἐκ	t_2349	102436685	v--ana---	c--------		ἀκούω	καί		m|m|@
44	40	τῶν	t_2350	102436686	c--------	n-s---na-		καί	τεκμήριον		m|m|@
44	41	ἄλλων	t_2351	102436687	n-s---na-	v--fnm---		τεκμήριον	εἰμί		m|m|@
44	42	ἐπιδεῖξαι	t_2352	102436688	v--fnm---	l-s---fg-		εἰμί	ὁ		m|m|@
44	43	τὴν	t_2353	102436689	l-s---fg-	p-s---mg-		ὁ	οὗτος		m|m|@
44	44	τούτου	t_2354	102436690	p-s---mg-	n-s---fg-		οὗτος	θρασύτης		m|m|@
44	45	πονηρίαν	t_2355	102436691	n-s---fg-	c--------		θρασύτης	καί		m|m|@
44	46	,	t_2356	102436692	c--------	n-s---fg-		καί	τόλμα		m|m|@
44	47	ἵνα	t_2357	102436693	n-s---fg-	u--------		τόλμα	,		m|m|@
44	48	ἠπίστασθεἠπίστασθε	t_2358	102436694	u--------	r--------		,	περί		m|m|@
44	49	Bernhardy:	t_2359	102436695	r--------	p-s---ng-		περί	οὗτος		m|m|@
44	50	ἐπίστησθε	t_2360	102436696	p-s---ng-	v1sfip---		οὗτος	μιμνῄσκω		m|m|@
44	51	MSS	t_2361	102436697	v1sfip---	u--------		μιμνήσκω	.		m|m|@
44	52	.	t_2362	102436698	u--------	r--------		.	ἐν		m|m|@
44	53	ὅτι	t_2363	102436699	r--------	n-s---fd-		ἐν	Κόρινθος		m|m|@
44	54	πολὺ	t_2364	102436700	n-s---fd-	g--------		κόρινθος	γάρ		m|m|@
44	55	ἂν	t_2365	102436701	d--------	u--------		γάρ	,		m|m|@
44	56	δικαιότερον	t_2366	102436702	u--------	c--------		,	ἐπειδή		m|m|@
44	57	αὐτὸς	t_2367	102436703	c--------	d-------c		ἐπεί	ὕστερον		m|m|@
44	58	περὶ	t_2368	102436704	a-s---na-	v3saia---		ὕστερος	ἔρχομαι		m|m|@
44	59	θανάτου	t_2369	102436705	v3saia---	l-s---fg-		ἔρχομαι	ὁ		m|m|@
44	60	ἠγωνίζετο	t_2370	102436706	l-s---fg-	r--------		ὁ	πρός		m|m|@
44	61	ἢ	t_2371	102436707	r--------	l-p---ma-		πρός	ὁ		m|m|@
44	62	ἑτέρους	t_2372	102436708	l-p---ma-	a-p---ma-		ὁ	πολέμιος		m|m|@
44	63	ὑπὲρ	t_2373	102436709	n-p---ma-	n-s---fg-		πολέμιος	μάχη		m|m|@
44	64	τῆς	t_2374	102436710	n-s---fg-	c--------		μάχη	καί		m|m|@
44	65	πατρίδος	t_2375	102436711	c--------	l-s---fg-		καί	ὁ		m|m|@
44	66	εἰς	t_2376	102436712	l-s---fg-	r--------		ὁ	εἰς		m|m|@
44	67	κίνδυνον	t_2377	102436713	r--------	n-s---fa-		εἰς	Κορώνεια		m|m|@
44	68	καθίστη	t_2378	102436714	n-s---fa-	n-s---fg-		κορώνεια	στρατεία		m|m|@
44	69	.	t_2379	102436715	n-s---fg-	u--------		στρατεία	,		m|m|@
44	70	τὰ	t_2380	102436716	u--------	v3siim---		,	μάχομαι		m|m|@
44	71	μὲν	t_2381	102436717	v3siie---	l-s---md-		μάχομαι	ὁ		m|m|@
44	72	οὖν	t_2382	102436718	l-s---md-	n-s---md-		ὁ	ταξίαρχος		m|m|@
44	73	ἄλλα	t_2383	102436719	n-s---md-	n-s---md-		ταξίαρχος	Λάχης		m|m|@
44	74	ἐάσω	t_2384	102436720	n-s---md-	c--------		λάχης	καί		m|m|@
44	75	·	t_2385	102436721	c--------	v3siia---		καί	τύπτω		m|m|@
45	1	ὃ	t_2386	102436722	v3siia---	p-s---ma-		τύπτω	αὐτός		m|m|@
45	2	δʼ	t_2387	102436723	p-s---ma-	u--------		αὐτός	,		m|m|@
45	3	ἡγοῦμαι	t_2388	102436724	u--------	c--------		,	καί		m|m|@
45	4	ὑμῖν	t_2389	102436725	c--------	n-s---fd-		καί	πανστρατιά		m|m|@
45	5	προσήκειν	t_2390	102436726	d--------	l-p---mg-		πανστρατιά	ὁ		m|m|@
45	6	ἀκοῦσαι	t_2391	102436727	l-p---mg-	n-p---mg-		ὁ	πολίτης		m|m|@
45	7	καὶ	t_2392	102436728	n-p---mg-	v-papamg-		πολίτης	ἐξέρχομαι		m|m|@
45	8	τεκμήριον	t_2393	102436729	v-papamg-	u--------		ἐξέρχομαι	,		m|m|@
45	9	ἔσεσθαι	t_2394	102436730	u--------	v-sapamn-		,	δοκέω		m|m|@
45	10	τῆς	t_2395	102436731	v-sapamn-	a-s---mns		δοκέω	ἄκοσμος		m|m|@
45	11	τούτου	t_2396	102436732	a-s---mns	v--pna---		ἄκοσμος	εἰμί		m|m|@
45	12	θρασύτητος	t_2397	102436733	v--pna---	c--------		εἰμί	καί		m|m|@
45	13	καὶ	t_2398	102436734	c--------	a-s---mns		καί	πονηρός		m|m|@
45	14	τόλμης	t_2399	102436735	a-s---mns	u--------		πονηρός	,		m|m|@
45	15	,	t_2400	102436736	u--------	a-s---mn-		,	μόνος		m|m|@
45	16	περὶ	t_2401	102436737	a-s---mn-	a-p---mg-		μόνος	Ἀθηναῖος		m|m|@
45	17	τούτου	t_2402	102436738	n-p---mg-	r--------		ἀθήναιος	ὑπό		m|m|@
45	18	μνησθήσομαι	t_2403	102436739	r--------	l-p---mg-		ὑπό	ὁ		m|m|@
45	19	.	t_2404	102436740	l-p---mg-	n-p---mg-		ὁ	στρατηγός		m|m|@
45	20	ἐν	t_2405	102436741	n-p---mg-	v3saip---		στρατηγός	ἐκκηρύσσω		m|m|@
45	21	Κορίνθῳ	t_2406	102436742	v3saip---	u--------		ἐκκηρύσσω	.		m|m|@
45	22	γάρ	t_2407	102436743	u--------	v1spoa---		.	ἔχω		m|m|@
45	23	,	t_2408	102436744	v1spoa---	c--------		ἔχω	δέ		m|m|@
45	24	ἐπειδὴ	t_2409	102436745	d--------	g--------		δέ	ἄν		m|m|@
45	25	ὕστερον	t_2410	102436746	d--------	c--------		ἄν	καί		m|m|@
45	26	ἦλθε	t_2411	102436747	d--------	p-p---na-		καί	ἄλλος		m|m|@
45	27	τῆς	t_2412	102436748	p-p---na-	a-p---na-		ἄλλος	πολύς		m|m|@
45	28	πρὸς	t_2413	102436749	a-p---na-	v--ana---		πολύς	λέγω		m|m|@
45	29	τοὺς	t_2414	102436750	v--ana---	r--------		εἶπον	περί		m|m|@
45	30	πολεμίους	t_2415	102436751	r--------	p-s---ng-		περί	οὗτος		m|m|@
45	31	μάχης	t_2416	102436752	p-s---ng-	u--------		οὗτος	,		m|m|@
45	32	καὶ	t_2417	102436753	u--------	c--------		,	ἀλλά		m|m|@
45	33	τῆς	t_2418	102436754	c--------	c--------		ἀλλά	ἐπειδή		m|m|@
45	34	εἰς	t_2419	102436755	c--------	r--------		ἐπεί	παρά		m|m|@
45	35	Κορώνειαν	t_2420	102436756	r--------	p-p---cd-		παρά	σύ		m|m|@
45	36	στρατείας	t_2421	102436757	p-p---md-	d--------		σύ	οὐ		m|m|@
45	37	,	t_2422	102436758	d--------	a-s---nn-		οὐ	νόμιμος		m|m|@
45	38	ἐμάχετο	t_2423	102436759	a-s---nn-	v3spia---		νόμιμος	εἰμί		m|m|@
45	39	τῷ	t_2424	102436760	v3spia---	d--------		εἰμί	ἔξω		m|m|@
45	40	ταξιάρχῳ	t_2425	102436761	r--------	l-s---ng-		ἔξω	ὁ		m|m|@
45	41	Λάχητι	t_2426	102436762	l-s---ng-	n-s---ng-		ὁ	πρᾶγμα		m|m|@
45	42	καὶ	t_2427	102436763	n-s---ng-	v--pna---		πρᾶγμα	λέγω		m|m|@
45	43	ἔτυπτεν	t_2428	102436764	v--pna---	u--------		λέγω3	,		m|m|@
45	44	αὐτόν	t_2429	102436765	u--------	p-s---na-		,	ἐκεῖνος		m|m|@
45	45	,	t_2430	102436766	p-s---na-	v2ppmm---		ἐκεῖνος	ἐνθυμέομαι		m|m|@
45	46	καὶ	t_2431	102436767	v2ppme---	u--------		ἐνθυμέομαι	·		m|m|@
45	47	πανστρατιᾷ	t_2432	102436768	u--------	p-p---mn-		·	οὗτος		m|m|@
45	48	τῶν	t_2433	102436769	p-p---mn-	v3ppia---		οὗτος	εἰμί		m|m|@
45	49	πολιτῶν	t_2434	102436770	v3ppia---	l-p---mn-		εἰμί	ὁ		m|m|@
45	50	ἐξελθόντων	t_2435	102436771	l-p---mn-	n-s---fd-		ὁ	βία		m|m|@
45	51	,	t_2436	102436772	n-s---fd-	r--------		βία	εἰς		m|m|@
45	52	δόξας	t_2437	102436773	r--------	l-s---fa-		εἰς	ὁ		m|m|@
45	53	ἀκοσμότατοςἀκοσμότατος	t_2438	102436774	l-s---fa-	a-s---fa-		ὁ	ἡμέτερος		m|m|@
45	54	Emperius:	t_2439	102436775	a-s---fa-	n-s---fa-		ἡμέτερος	οἰκία		m|m|@
45	55	κοσμιώτατος	t_2440	102436776	n-s---fa-	v-pppamn-		οἰκία	εἰσέρχομαι		m|m|@
45	56	MSS	t_2441	102436777	v-pppamn-	u--------		εἰσέρχομαι	,		m|m|@
45	57	.	t_2442	102436778	u--------	p-p---mn-		,	οὗτος		m|m|@
45	58	εἶναι	t_2443	102436779	p-p---mn-	l-p---mn-		οὗτος	ὁ		m|m|@
45	59	καὶ	t_2444	102436780	l-p---mn-	v-pppamn-		ὁ	διώκω		m|m|@
45	60	πονηρότατος	t_2445	102436781	v-pppamn-	u--------		διώκω	,		m|m|@
45	61	,	t_2446	102436782	u--------	p-p---mn-		,	οὗτος		m|m|@
45	62	μόνος	t_2447	102436783	p-p---mn-	l-p---mn-		οὗτος	ὁ		m|m|@
45	63	Ἀθηναίων	t_2448	102436784	l-p---mn-	n-s---fd-		ὁ	βία		m|m|@
45	64	ὑπὸ	t_2449	102436785	n-s---fd-	r--------		βία	ἐκ		m|m|@
45	65	τῶν	t_2450	102436786	r--------	l-s---fg-		ἐκ	ὁ		m|m|@
45	66	στρατηγῶν	t_2451	102436787	l-s---fg-	n-s---fg-		ὁ	ὁδός		m|m|@
45	67	ἐξεκηρύχθη	t_2452	102436788	n-s---fg-	v-pppamn-		ὁδός	συναρπάζω		m|m|@
45	68	.	t_2453	102436789	v-pppamn-	p-p---ca-		συναρπάζω	ἐγώ		m|m|@
46	1	ἔχοιμι	t_2454	102436790	p-p---ma-	u--------		ἐγώ	.		m|m|@
46	2	δʼ	t_2455	102436791	u--------	p-p---ng-		.	ὅς		m|m|@
46	3	ἂν	t_2456	102436792	p-p---mg-	p-p---cn-		ὅς	σύ		m|m|@
46	4	καὶ	t_2457	102436793	p-p---mn-	v-prpmmn-		σύ	μιμνῄσκω		m|m|@
46	5	ἄλλα	t_2458	102436794	v-prpemn-	l-p---na-		μιμνήσκω	ὁ		m|m|@
46	6	πολλὰ	t_2459	102436795	l-p---na-	a-p---na-		ὁ	δίκαιος		m|m|@
46	7	εἰπεῖν	t_2460	102436796	a-p---na-	v2ppmm---		δίκαιος	ψηφίζω		m|m|@
46	8	περὶ	t_2461	102436797	v2ppie---	u--------		ψηφίζω	,		m|m|@
46	9	τούτου	t_2462	102436798	u--------	c--------		,	καί		m|m|@
46	10	,	t_2463	102436799	c--------	d--------		καί	μή		m|m|@
46	11	ἀλλʼ	t_2464	102436800	d--------	v2pasa---		μή	περιοράω		m|m|@
46	12	ἐπειδὴ	t_2465	102436801	v2pasa---	r--------		περιοράω	ἐκ		m|m|@
46	13	παρʼ	t_2466	102436802	r--------	l-s---fg-		ἐκ	ὁ		m|m|@
46	14	ὑμῖν	t_2467	102436803	l-s---fg-	n-s---fg-		ὁ	πατρίς		m|m|@
46	15	οὐ	t_2468	102436804	n-s---fg-	d--------		πατρίς	ἄδικος		m|m|@
46	16	νόμιμόν	t_2469	102436805	d--------	v-sapama-		ἄδικος	ἐκπίπτω		m|m|@
46	17	ἐστιν	t_2470	102436806	v-sapama-	u--------		ἐκπίτνω	,		m|m|@
46	18	ἔξω	t_2471	102436807	u--------	r--------		,	ὑπέρ		m|m|@
46	19	τοῦ	t_2472	102436808	r--------	p-s---fg-		ὑπέρ	ὅς		m|m|@
46	20	πράγματος	t_2473	102436809	p-s---fg-	p-s---cn-		ὅς	ἐγώ		m|m|@
46	21	λέγειν	t_2474	102436810	p1s---mn-	a-p---ma-		ἐγώ	πολύς		m|m|@
46	22	,	t_2475	102436811	a-p---ma-	n-p---ma-		πολύς	κίνδυνος		m|m|@
46	23	ἐκεῖνο	t_2476	102436812	n-p---ma-	v1sria---		κίνδυνος	κινδυνεύω		m|m|@
46	24	ἐνθυμεῖσθε	t_2477	102436813	v1sria---	c--------		θαρσέω	καί		m|m|@
46	25	·	t_2478	102436814	c--------	a-p---fa-		καί	πολύς		m|m|@
46	26	οὗτοί	t_2479	102436815	a-p---fa-	n-p---fa-		πολύς	λειτουργία		m|m|@
46	27	εἰσιν	t_2480	102436816	n-p---fa-	v1sria---		λειτουργία	λειτουργέω		m|m|@
46	28	οἱ	t_2481	102436817	v1sria---	u--------		λειτουργέω	,		m|m|@
46	29	βίᾳ	t_2482	102436818	u--------	c--------		,	καί		m|m|@
46	30	εἰς	t_2483	102436819	c--------	a-s---ng-		καί	κακός		m|m|@
46	31	τὴν	t_2484	102436820	a-s---ng-	g--------		κακός	μέν		m|m|@
46	32	ἡμετέραν	t_2485	102436821	d--------	p-s---fd-		μέν	αὐτός		m|m|@
46	33	οἰκίαν	t_2486	102436822	p-s---fd-	p-s---ng-		αὐτός	οὐδείς		m|m|@
46	34	εἰσιόντες	t_2487	102436823	p-s---ng-	a-s---mn-		οὐδείς	αἴτιος		m|m|@
46	35	,	t_2488	102436824	a-s---mn-	v1srim---		αἴτιος	γίγνομαι		m|m|@
46	36	οὗτοι	t_2489	102436825	v1srie---	u--------		γίγνομαι	,		m|m|@
46	37	οἱ	t_2490	102436826	u--------	d--------		,	οὐ		m|m|@
46	38	διώκοντες	t_2491	102436827	d--------	c--------		οὐ	δέ		m|m|@
46	39	,	t_2492	102436828	c--------	l-p---mg-		δέ	ὁ		m|m|@
46	40	οὗτοι	t_2493	102436829	l-p---mg-	a-p---mg-		ὁ	ἐμός		m|m|@
46	41	οἱ	t_2494	102436830	a-p---mg-	n-p---mg-		ἐμός	πρόγονος		m|m|@
46	42	βίᾳ	t_2495	102436831	n-p---mg-	p-s---mn-		πρόγονος	οὐδείς		m|m|@
46	43	ἐκ	t_2496	102436832	p-s---mn-	u--------		οὐδείς	,		m|m|@
46	44	τῆς	t_2497	102436833	u--------	a-p---ng-		,	ἀγαθός		m|m|@
46	45	ὁδοῦ	t_2498	102436834	a-p---ng-	c--------		ἀγαθός	δέ		m|m|@
46	46	συναρπάζοντες	t_2499	102436835	c--------	a-p---ng-		δέ	πολύς		m|m|@
46	47	ἡμᾶς	t_2500	102436836	a-p---ng-	u--------		πολύς	·		m|m|@
46	48	.	t_2501	102436837	u--------	c--------		·	ὥστε		m|m|@
47	1	ὧν	t_2502	102436838	d--------	d--------		ὥστε	δίκαιος		m|m|@
47	2	ὑμεῖς	t_2503	102436839	d--------	g--------		δίκαιος	ἄν		m|m|@
47	3	μεμνημένοι	t_2504	102436840	d--------	r--------		ἄν	ὑπό		m|m|@
47	4	τὰ	t_2505	102436841	r--------	p-p---cg-		ὑπό	σύ		m|m|@
47	5	δίκαια	t_2506	102436842	p-p---mg-	c--------		σύ	καί		m|m|@
47	6	ψηφίζεσθε	t_2507	102436843	c--------	r--------		καί	ὑπό		m|m|@
47	7	,	t_2508	102436844	r--------	l-p---mg-		ὑπό	ὁ		m|m|@
47	8	καὶ	t_2509	102436845	l-p---mg-	p-p---mg-		ὁ	ἄλλος		m|m|@
47	9	μὴ	t_2510	102436846	p-p---mg-	v1saop---		ἄλλος	ἐλεέω		m|m|@
47	10	περιίδητε	t_2511	102436847	v1saop---	u--------		ἐλεέω	,		m|m|@
47	11	ἐκ	t_2512	102436848	u--------	d--------		,	οὐ		m|m|@
47	12	τῆς	t_2513	102436849	d--------	d--------		οὐ	μόνος		m|m|@
47	13	πατρίδος	t_2514	102436850	d--------	c--------		μόνος	εἰ		m|m|@
47	14	ἀδίκως	t_2515	102436851	c--------	p-s---na-		εἰ	τις		m|m|@
47	15	ἐκπεσόντα	t_2516	102436852	p-s---na-	v1saoa---		τις	πάσχω		m|m|@
47	16	,	t_2517	102436853	v1saoa---	p-p---ng-		πάσχω	ὅς		m|m|@
47	17	ὑπὲρ	t_2518	102436854	p-p---ng-	n-s---mn-		ὅς	Σίμων		m|m|@
47	18	ἧς	t_2519	102436855	n-s---mn-	v3spim---		σίμων	βούλομαι		m|m|@
47	19	ἐγὼ	t_2520	102436856	v3spie---	u--------		βούλομαι	,		m|m|@
47	20	πολλοὺς	t_2521	102436857	u--------	c--------		,	ἀλλά		m|m|@
47	21	κινδύνους	t_2522	102436858	c--------	c--------		ἀλλά	καί		m|m|@
47	22	κεκινδύνευκα	t_2523	102436859	d--------	c--------		καί	ὅτι		m|m|@
47	23	καὶ	t_2524	102436860	c--------	v1saip---		ὅτι	ἀναγκάζω		m|m|@
47	24	πολλὰς	t_2525	102436861	v1saip---	r--------		ἀναγκάζω	ἐκ		m|m|@
47	25	λῃτουργίας	t_2526	102436862	r--------	p-p---ng-		ἐκ	τοιοῦτος		m|m|@
47	26	λελῃτούργηκα	t_2527	102436863	a-p---ng-	n-p---ng-		τοιοῦτος	πρᾶγμα		m|m|@
47	27	,	t_2528	102436864	n-p---ng-	r--------		πρᾶγμα	εἰς		m|m|@
47	28	καὶ	t_2529	102436865	r--------	p-p---ma-		εἰς	τοιοῦτος		m|m|@
47	29	κακοῦ	t_2530	102436866	a-p---ma-	n-p---ma-		τοιοῦτος	ἀγών		m|m|@
47	30	μὲν	t_2531	102436867	n-p---ma-	v--ana---		ἀγών	καθίστημι		m|m|@
47	31	αὐτῇ	t_2532	102436868	v--ana---	u--------		καθίστημι	.		m|m|@
47	32	οὐδενὸς	t_2533		u--------			.			m|m|m
47	33	αἴτιος	t_2533		u--------			.			m|m|m
47	34	γεγένημαι	t_2533		u--------			.			m|m|m
47	35	,	t_2533		u--------			.			m|m|m
47	36	οὐ	t_2533		u--------			.			m|m|m
47	37	δὲ	t_2533		u--------			.			m|m|m
47	38	τῶν	t_2533		u--------			.			m|m|m
47	39	ἐμῶν	t_2533		u--------			.			m|m|m
47	40	προγόνων	t_2533		u--------			.			m|m|m
47	41	οὐδείς	t_2533		u--------			.			m|m|m
47	42	,	t_2533		u--------			.			m|m|m
47	43	ἀγαθῶν	t_2533		u--------			.			m|m|m
47	44	δὲ	t_2533		u--------			.			m|m|m
47	45	πολλῶν	t_2533		u--------			.			m|m|m
47	46	·	t_2533		u--------			.			m|m|m
48	1	ὥστε	t_2533		u--------			.			m|m|m
48	2	δικαίως	t_2533		u--------			.			m|m|m
48	3	ἂν	t_2533		u--------			.			m|m|m
48	4	ὑφʼ	t_2533		u--------			.			m|m|m
48	5	ὑμῶν	t_2533		u--------			.			m|m|m
48	6	καὶ	t_2533		u--------			.			m|m|m
48	7	ὑπὸ	t_2533		u--------			.			m|m|m
48	8	τῶν	t_2533		u--------			.			m|m|m
48	9	ἄλλων	t_2533		u--------			.			m|m|m
48	10	ἐλεηθείην	t_2533		u--------			.			m|m|m
48	11	,	t_2533		u--------			.			m|m|m
48	12	οὐ	t_2533		u--------			.			m|m|m
48	13	μόνον	t_2533		u--------			.			m|m|m
48	14	εἴ	t_2533		u--------			.			m|m|m
48	15	τι	t_2533		u--------			.			m|m|m
48	16	πάθοιμι	t_2533		u--------			.			m|m|m
48	17	ὧν	t_2533		u--------			.			m|m|m
48	18	Σίμων	t_2533		u--------			.			m|m|m
48	19	βούλεται	t_2533		u--------			.			m|m|m
48	20	,	t_2533		u--------			.			m|m|m
48	21	ἀλλὰ	t_2533		u--------			.			m|m|m
48	22	καὶ	t_2533		u--------			.			m|m|m
48	23	ὅτι	t_2533		u--------			.			m|m|m
48	24	ἠναγκάσθην	t_2533		u--------			.			m|m|m
48	25	ἐκ	t_2533		u--------			.			m|m|m
48	26	τοιούτων	t_2533		u--------			.			m|m|m
48	27	πραγμάτων	t_2533		u--------			.			m|m|m
48	28	εἰς	t_2533		u--------			.			m|m|m
48	29	τοιούτους	t_2533		u--------			.			m|m|m
48	30	ἀγῶνας	t_2533		u--------			.			m|m|m
48	31	καταστῆναι	t_2533		u--------			.			m|m|m
48	32	.	t_2533		u--------			.			m|m|m
