ref	idx	token	oga_id	glaux_id	oga_postag	glaux_postag	gorman_postag	oga_lemma	glaux_lemma	gorman_lemma	mismatch_oga_gorman|mismatch_glaux_gorman|mismatch_oga_glaux
1	1	εἰ	t_1	103031380	c--------	c--------		εἰ	εἰ		m|m|
1	2	μὲν	t_2	103031381	d--------	g--------		μέν	μέν		m|m|
1	3	περὶ	t_3	103031382	r--------	r--------		περί	περί		m|m|
1	4	καινοῦ	t_4	103031383	a-s---ng-	a-s---ng-		καινός	καινός		m|m|
1	5	τινος	t_5	103031384	a-s---ng-	p-s---ng-		τις	τις		m|m|
1	6	πράγματος	t_6	103031385	n-s---ng-	n-s---ng-		πρᾶγμα	πρᾶγμα		m|m|
1	7	προυτίθετʼ	t_7	103031386	v3siie---	v3siim---		προτίθημι	προτίθημι		m|m|
1	8	,	t_8	103031387	u--------	u--------		,	,		m|m|
1	9	ὦ	t_9	103031388	i--------	i--------		ὦ	ὦ		m|m|
1	10	ἄνδρες	t_10	103031389	n-p---mv-	n-p---mv-		ἀνήρ	ἀνήρ		m|m|
1	11	Ἀθηναῖοι	t_11	103031390	a-p---mv-	a-p---mv-		ἀθηναῖος	Ἀθηναῖος		m|m|
1	12	,	t_12	103031391	u--------	u--------		,	,		m|m|
1	13	λέγειν	t_13	103031392	v--pna---	v--pna---		λέγω3	λέγω		m|m|
1	14	,	t_14	103031393	u--------	u--------		,	,		m|m|
1	15	ἐπισχὼν	t_15	103031394	v-sapamn-	v-sapamn-		ἐπέχω	ἐπέχω		m|m|
1	16	ἂν	t_16	103031395	d--------	g--------		ἄν	ἄν		m|m|
1	17	ἕως	t_17	103031396	c--------	c--------		ἕως	ἕως		m|m|
1	18	οἱ	t_18	103031397	l-p---mn-	l-p---mn-		ὁ	ὁ		m|m|
1	19	πλεῖστοι	t_19	103031398	a-p---mn-	a-p---mns		πολύς	πολύς		m|m|
1	20	τῶν	t_20	103031399	l-p---mg-	l-p---mg-		ὁ	ὁ		m|m|
1	21	εἰωθότων	t_21	103031400	v-prpamg-	v-prpamg-		ἔθω	εἴωθα		m|m|@
1	22	γνώμην	t_22	103031401	n-s---fa-	n-s---fa-		γνώμη	γνώμη		m|m|
1	23	ἀπεφήναντο	t_23	103031402	v3paim---	v3paim---		ἀποφαίνω	ἀποφαίνω		m|m|
1	24	,	t_24	103031403	u--------	u--------		,	,		m|m|
1	25	εἰ	t_25	103031404	c--------	c--------		εἰ	εἰ		m|m|
1	26	μὲν	t_26	103031405	d--------	g--------		μέν	μέν		m|m|
1	27	ἤρεσκέ	t_27	103031406	v3siia---	v3siia---		ἀρέσκω	ἀρέσκω		m|m|
1	28	τί	t_28	103031407	p-s---nn-	p-s---nn-		τίς	τίς		m|m|
1	29	μοι	t_29	103031408	p-s---md-	p1s---cd-		ἐγώ	ἐγώ		m|m|
1	30	τῶν	t_30	103031409	l-p---ng-	l-p---ng-		ὁ	ὁ		m|m|
1	31	ὑπὸ	t_31	103031410	r--------	r--------		ὑπό	ὑπό		m|m|
1	32	τούτων	t_32	103031411	p-p---mg-	p-p---mg-		οὗτος	οὗτος		m|m|
1	33	ῥηθέντων	t_33	103031412	v-pappng-	v-pappng-		ἐρῶ	λέγω		m|m|@
1	34	,	t_34	103031413	u--------	u--------		,	,		m|m|
1	35	ἡσυχίαν	t_35	103031414	n-s---fa-	n-s---fa-		ἡσυχία	ἡσυχία		m|m|
1	36	ἂν	t_36	103031415	d--------	g--------		ἄν	ἄν		m|m|
1	37	ἦγον	t_37	103031416	v1siia---	v1siia---		ἄγω	ἄγω		m|m|
1	38	,	t_38	103031417	u--------	u--------		,	,		m|m|
1	39	εἰ	t_39	103031418	c--------	c--------		εἰ	εἰ		m|m|
1	40	δὲ	t_40	103031419	c--------	b--------		δέ	δέ		m|m|
1	41	μή	t_41	103031420	d--------	d--------		μή	μή		m|m|
1	42	,	t_42	103031421	u--------	u--------		,	,		m|m|
1	43	τότʼ	t_43	103031422	d--------	d--------		τότε	τότε		m|m|
1	44	ἂν	t_44	103031423	d--------	g--------		ἄν	ἄν		m|m|
1	45	καὐτὸς	t_45	103031424	d--------	d--------		καί	καί		m|m|
1	46	ἐπειρώμην	t_46	103031425	a-s---mn-	p-s---mn-		αὐτός	αὐτός		m|m|
1	47	ἃ	t_47	103031426	v1siie---	v1siim---		πειράω	πειράω		m|m|
1	48	γιγνώσκω	t_48	103031427	p-p---na-	p-p---na-		ὅς	ὅς		m|m|
1	49	λέγειν	t_49	103031428	v1spsa---	v1spsa---		γιγνώσκω	γιγνώσκω		m|m|
1	50	·	t_50	103031429	v--pna---	v--pna---		λέγω3	λέγω		m|m|
1	51	ἐπειδὴ	t_51	103031430	u--------	u--------		·	·		m|m|
1	52	δʼ	t_52	103031431	c--------	c--------		ἐπεί	ἐπειδή		m|m|@
1	53	ὑπὲρ	t_53	103031432	d--------	b--------		δέ	δέ		m|m|
1	54	ὧν	t_54	103031433	r--------	r--------		ὑπέρ	ὑπέρ		m|m|
1	55	πολλάκις	t_55	103031434	p-p---ng-	p-p---ng-		ὅς	ὅς		m|m|
1	56	εἰρήκασιν	t_56	103031435	d--------	d--------		πολλάκις	πολλάκις		m|m|
1	57	οὗτοι	t_57	103031436	v3pria---	v3pria---		ἐρῶ	λέγω		m|m|@
1	58	πρότερον	t_58	103031437	p-p---mn-	p-p---mn-		οὗτος	οὗτος		m|m|
1	59	συμβαίνει	t_59	103031438	a-s---na-	d-------c		πρότερος	πρότερος		m|m|
1	60	καὶ	t_60	103031439	v3spia---	v3spia---		συμβαίνω	συμβαίνω		m|m|
1	61	νυνὶ	t_61	103031440	d--------	d--------		καί	καί		m|m|
1	62	σκοπεῖν	t_62	103031441	d--------	d--------		νυνί	νυνί		m|m|
1	63	,	t_63	103031442	v--pna---	v--pna---		σκοπέω	σκοπέω		m|m|
1	64	ἡγοῦμαι	t_64	103031443	u--------	u--------		,	,		m|m|
1	65	καὶ	t_65	103031444	v1spim---	v1spim---		ἡγέομαι	ἡγέομαι		m|m|
1	66	πρῶτος	t_66	103031445	d--------	d--------		καί	καί		m|m|
1	67	ἀναστὰς	t_67	103031446	a-s---mn-	a-s---mnc		πρῶτος	πρότερος		m|m|@
1	68	εἰκότως	t_68	103031447	v-sapamn-	v-sapamn-		ἀνίστημι	ἀνίστημι		m|m|
1	69	ἂν	t_69	103031448	d--------	d--------		εἰκότως	ἔοικα		m|m|@
1	70	συγγνώμης	t_70	103031449	d--------	g--------		ἄν	ἄν		m|m|
1	71	τυγχάνειν	t_71	103031450	n-s---fg-	n-s---fg-		συγγνώμη	συγγνώμη		m|m|
1	72	.	t_72	103031451	v--pna---	v--pna---		τυγχάνω	τυγχάνω		m|m|
1	73	εἰ	t_73	103031452	u--------	u--------		.	.		m|m|
1	74	γὰρ	t_74	103031453	c--------	c--------		εἰ	εἰ		m|m|
1	75	ἐκ	t_75	103031454	d--------	g--------		γάρ	γάρ		m|m|
1	76	τοῦ	t_76	103031455	r--------	r--------		ἐκ	ἐκ		m|m|
1	77	παρεληλυθότος	t_77	103031456	l-s---mg-	l-s---mg-		ὁ	ὁ		m|m|
1	78	χρόνου	t_78	103031457	v-srpamg-	v-srpamg-		παρέρχομαι	παρέρχομαι		m|m|
1	79	τὰ	t_79	103031458	n-s---mg-	n-s---mg-		χρόνος	χρόνος		m|m|
1	80	δέονθʼ	t_80	103031459	l-p---na-	l-p---na-		ὁ	ὁ		m|m|
1	81	οὗτοι	t_81	103031460	n-p---na-	n-p---na-		δέω	δέον		m|m|@
1	82	συνεβούλευσαν	t_82	103031461	p-p---mn-	p-p---mn-		οὗτος	οὗτος		m|m|
1	83	,	t_83	103031462	v3paia---	v3paia---		συμβουλεύω	συμβουλεύω		m|m|
1	84	οὐδὲν	t_84	103031463	u--------	u--------		,	,		m|m|
1	85	ἂν	t_85	103031464	a-s---na-	p-s---na-		οὐδείς	οὐδείς		m|m|
1	86	ὑμᾶς	t_86	103031465	d--------	g--------		ἄν	ἄν		m|m|
1	87	νῦν	t_87	103031466	p-p---ma-	p2p---ca-		σύ	σύ		m|m|
1	88	ἔδει	t_88	103031467	d--------	d--------		νῦν	νῦν		m|m|
1	89	βουλεύεσθαι	t_89	103031468	v3siia---	v3siia---		δεῖ	δέω		m|m|@
1	90	.	t_90	103031469	v--pne---	v--pnm---		βουλεύω	βουλεύω		m|m|
2	1	πρῶτον	t_91	103031470	u--------	u--------		.	.		m|m|
2	2	μὲν	t_92	103031471	a-s---na-	a-s---nac		πρῶτος	πρότερος		m|m|@
2	3	οὖν	t_93	103031472	d--------	g--------		μέν	μέν		m|m|
2	4	οὐκ	t_94	103031473	d--------	g--------		οὖν	οὖν		m|m|
2	5	ἀθυμητέον	t_95	103031474	d--------	d--------		οὐ	οὐ		m|m|
2	6	,	t_96	103031475	a-s---nn-	a-s---nn-		ἀθυμητέον	ἀθυμέω		m|m|@
2	7	ὦ	t_97	103031476	u--------	u--------		,	,		m|m|
2	8	ἄνδρες	t_98	103031477	i--------	i--------		ὦ	ὦ		m|m|
2	9	Ἀθηναῖοι	t_99	103031478	n-p---mv-	n-p---mv-		ἀνήρ	ἀνήρ		m|m|
2	10	,	t_100	103031479	a-p---mv-	a-p---mv-		ἀθηναῖος	Ἀθηναῖος		m|m|
2	11	τοῖς	t_101	103031480	u--------	u--------		,	,		m|m|
2	12	παροῦσι	t_102	103031481	l-p---nd-	l-p---nd-		ὁ	ὁ		m|m|
2	13	πράγμασιν	t_103	103031482	v-pppand-	v-pppand-		πάρειμι1	πάρειμι		m|m|
2	14	,	t_104	103031483	n-p---nd-	n-p---nd-		πρᾶγμα	πρᾶγμα		m|m|
2	15	οὐ	t_105	103031484	u--------	u--------		,	,		m|m|
2	16	δ’	t_106	103031485	d--------	d--------		οὐ	οὐ		m|m|
2	17	εἰ	t_107	103031486	d--------	b--------		δέ	δέ		m|m|
2	18	πάνυ	t_108	103031487	c--------	c--------		εἰ	εἰ		m|m|
2	19	φαύλως	t_109	103031488	d--------	d--------		πάνυ	πάνυ		m|m|
2	20	ἔχειν	t_110	103031489	d--------	d--------		φαῦλος	φαῦλος		m|m|
2	21	δοκεῖ	t_111	103031490	v--pna---	v--pna---		ἔχω	ἔχω		m|m|
2	22	.	t_112	103031491	v3spia---	v3spia---		δοκέω	δοκέω		m|m|
2	23	ὃ	t_113	103031492	u--------	u--------		.	.		m|m|
2	24	γάρ	t_114	103031493	p-s---nn-	p-s---nn-		ὅς	ὅς		m|m|
2	25	ἐστι	t_115	103031494	d--------	g--------		γάρ	γάρ		m|m|
2	26	χείριστον	t_116	103031495	v3spia---	v3spia---		εἰμί	εἰμί		m|m|
2	27	αὐτῶν	t_117	103031496	a-s---nns	a-s---nns		χείρων	κακός		m|m|@
2	28	ἐκ	t_118	103031497	p-p---ng-	p-p---ng-		αὐτός	αὐτός		m|m|
2	29	τοῦ	t_119	103031498	r--------	r--------		ἐκ	ἐκ		m|m|
2	30	παρεληλυθότος	t_120	103031499	l-s---mg-	l-s---mg-		ὁ	ὁ		m|m|
2	31	χρόνου	t_121	103031500	v-srpamg-	v-srpamg-		παρέρχομαι	παρέρχομαι		m|m|
2	32	,	t_122	103031501	n-s---mg-	n-s---mg-		χρόνος	χρόνος		m|m|
2	33	τοῦτο	t_123	103031502	u--------	u--------		,	,		m|m|
2	34	πρὸς	t_124	103031503	p-s---nn-	p-s---nn-		οὗτος	οὗτος		m|m|
2	35	τὰ	t_125	103031504	r--------	r--------		πρός	πρός		m|m|
2	36	μέλλοντα	t_126	103031505	l-p---na-	l-p---na-		ὁ	ὁ		m|m|
2	37	βέλτιστον	t_127	103031506	v-pppana-	v-pppana-		μέλλω	μέλλω		m|m|
2	38	ὑπάρχει	t_128	103031507	a-s---nns	a-s---nns		βέλτιστος	ἀγαθός		m|m|@
2	39	.	t_129	103031508	v3spia---	v3spia---		ὑπάρχω	ὑπάρχω		m|m|
2	40	τί	t_130	103031509	u--------	u--------		.	.		m|m|
2	41	οὖν	t_131	103031510	p-s---nn-	p-s---nn-		τίς	τίς		m|m|
2	42	ἐστι	t_132	103031511	d--------	g--------		οὖν	οὖν		m|m|
2	43	τοῦτο	t_133	103031512	v3spia---	v3spia---		εἰμί	εἰμί		m|m|
2	44	;	t_134	103031513	p-s---nn-	p-s---nn-		οὗτος	οὗτος		m|m|
2	45	ὅτι	t_135	103031514	u--------	u--------		;	;		m|m|
2	46	οὐδέν	t_136	103031515	c--------	c--------		ὅτι	ὅτι		m|m|
2	47	,	t_137	103031516	p-s---na-	p-s---na-		οὐδείς	οὐδείς		m|m|
2	48	ὦ	t_138	103031517	u--------	u--------		,	,		m|m|
2	49	ἄνδρες	t_139	103031518	i--------	i--------		ὦ	ὦ		m|m|
2	50	Ἀθηναῖοι	t_140	103031519	n-p---mv-	n-p---mv-		ἀνήρ	ἀνήρ		m|m|
2	51	,	t_141	103031520	a-p---mv-	a-p---mv-		ἀθηναῖος	Ἀθηναῖος		m|m|
2	52	τῶν	t_142	103031521	u--------	u--------		,	,		m|m|
2	53	δεόντων	t_143	103031522	l-p---ng-	l-p---ng-		ὁ	ὁ		m|m|
2	54	ποιούντων	t_144	103031523	v-pppang-	v-pppang-		δέω	δέω		m|m|
2	55	ὑμῶν	t_145	103031524	v-pppamg-	v-pppamg-		ποιέω	ποιέω		m|m|
2	56	κακῶς	t_146	103031525	p-p---mg-	p2p---cg-		σύ	σύ		m|m|
2	57	τὰ	t_147	103031526	d--------	d--------		κακός	κακός		m|m|
2	58	πράγματʼ	t_148	103031527	l-p---nn-	l-p---nn-		ὁ	ὁ		m|m|
2	59	ἔχει	t_149	103031528	n-p---nn-	n-p---nn-		πρᾶγμα	πρᾶγμα		m|m|
2	60	·	t_150	103031529	v3spia---	v3spia---		ἔχω	ἔχω		m|m|
2	61	ἐπεί	t_151	103031530	u--------	u--------		·	·		m|m|
2	62	τοι	t_152	103031531	c--------	c--------		ἐπεί	ἐπεί		m|m|
2	63	,	t_153	103031532	d--------	g--------		σύ	τοι		m|m|@
2	64	εἰ	t_154	103031533	u--------	u--------		,	,		m|m|
2	65	πάνθʼ	t_155	103031534	c--------	c--------		εἰ	εἰ		m|m|
2	66	ἃ	t_156	103031535	a-p---na-	a-p---na-		πᾶς	πᾶς		m|m|
2	67	προσῆκε	t_157	103031536	p-p---nn-	p-p---nn-		ὅς	ὅς		m|m|
2	68	πραττόντων	t_158	103031537	v3saia---	v3saia---		προσήκω	προσίημι		m|m|@
2	69	οὕτως	t_159	103031538	v-pppamg-	v-pppamg-		πράσσω	πράσσω		m|m|
2	70	εἶχεν	t_160	103031539	d--------	d--------		οὕτως	οὕτως		m|m|
2	71	,	t_161	103031540	v3siia---	v3siia---		ἔχω	ἔχω		m|m|
2	72	οὐ	t_162	103031541	u--------	u--------		,	,		m|m|
2	73	δ’	t_163	103031542	d--------	d--------		οὐ	οὐ		m|m|
2	74	ἂν	t_164	103031543	c--------	b--------		δέ	δέ		m|m|
2	75	ἐλπὶς	t_165	103031544	d--------	g--------		ἄν	ἄν		m|m|
2	76	ἦν	t_166	103031545	n-s---fn-	n-s---fn-		ἐλπίς	ἐλπίς		m|m|
2	77	αὐτὰ	t_167	103031546	v3siia---	v3siia---		εἰμί	εἰμί		m|m|
2	78	βελτίω	t_168	103031547	p-p---na-	p-p---na-		αὐτός	αὐτός		m|m|
2	79	γενέσθαι	t_169	103031548	a-p---nac	a-p---nac		βελτίων	ἀγαθός		m|m|@
2	80	.	t_170	103031549	v--anm---	v--anm---		γίγνομαι	γίγνομαι		m|m|
3	1	ἔπειτʼ	t_171	103031550	u--------	u--------		.	.		m|m|
3	2	ἐνθυμητέον	t_172	103031551	d--------	d--------		ἔπειτα	ἔπειτα		m|m|
3	3	καὶ	t_173	103031552	a-s---nn-	a-s---nn-		ἐνθυμητέον	ἐνθυμέομαι		m|m|@
3	4	παρʼ	t_174	103031553	d--------	b--------		καί	καί		m|m|
3	5	ἄλλων	t_175	103031554	r--------	r--------		παρά	παρά		m|m|
3	6	ἀκούουσι	t_176	103031555	p-p---mg-	p-p---mg-		ἄλλος	ἄλλος		m|m|
3	7	καὶ	t_177	103031556	v-pppamd-	v-pppamd-		ἀκούω	ἀκούω		m|m|
3	8	τοῖς	t_178	103031557	c--------	b--------		καί	καί		m|m|
3	9	εἰδόσιν	t_179	103031558	l-p---md-	l-p---md-		ὁ	ὁ		m|m|
3	10	αὐτοῖς	t_180	103031559	v-prpamd-	v-prpamd-		οἶδα	οἶδα		m|m|
3	11	ἀναμιμνῃσκομένοις	t_181	103031560	a-p---md-	p-p---md-		αὐτός	αὐτός		m|m|
3	12	,	t_182	103031561	v-pppemd-	v-pppmmd-		ἀναμιμνῄσκω	ἀναμιμνῄσκω		m|m|
3	13	ἡλίκην	t_183	103031562	u--------	u--------		,	,		m|m|
3	14	ποτʼ	t_184	103031563	a-s---fa-	p-s---fa-		ἡλίκος	ἡλίκος		m|m|
3	15	ἐχόντων	t_185	103031564	d--------	d--------		ποτέ	ποτέ		m|m|
3	16	δύναμιν	t_186	103031565	v-pppamg-	v-pppamg-		ἔχω	ἔχω		m|m|
3	17	Λακεδαιμονίων	t_187	103031566	n-s---fa-	n-s---fa-		δύναμις	δύναμις		m|m|
3	18	,	t_188	103031567	n-p---mg-	a-p---mg-		λακεδαιμόνιος	Λακεδαιμόνιος		m|m|
3	19	ἐξ	t_189	103031568	u--------	u--------		,	,		m|m|
3	20	οὗ	t_190	103031569	r--------	r--------		ἐκ	ἐκ		m|m|
3	21	χρόνος	t_191	103031570	p-s---ng-	p-s---ng-		ὅς	ὅς		m|m|
3	22	οὐ	t_192	103031571	n-s---mn-	n-s---mn-		χρόνος	χρόνος		m|m|
3	23	πολύς	t_193	103031572	d--------	d--------		οὐ	οὐ		m|m|
3	24	,	t_194	103031573	a-s---mn-	a-s---mn-		πολύς	πολύς		m|m|
3	25	ὡς	t_195	103031574	u--------	u--------		,	,		m|m|
3	26	καλῶς	t_196	103031575	c--------	c--------		ὡς	ὡς		m|m|
3	27	καὶ	t_197	103031576	d--------	d--------		καλός	καλός		m|m|
3	28	προσηκόντως	t_198	103031577	c--------	b--------		καί	καί		m|m|
3	29	οὐδὲν	t_199	103031578	d--------	d--------		προσηκόντως	προσηκόντως		m|m|
3	30	ἀνάξιον	t_200	103031579	p-s---na-	p-s---na-		οὐδείς	οὐδείς		m|m|
3	31	ὑμεῖς	t_201	103031580	a-s---na-	a-s---na-		ἀνάξιος	ἀνάξιος		m|m|
3	32	ἐπράξατε	t_202	103031581	p-p---mn-	p2p---cn-		σύ	σύ		m|m|
3	33	τῆς	t_203	103031582	v2paia---	v2paia---		πράσσω	πράσσω		m|m|
3	34	πόλεως	t_204	103031583	l-s---fg-	l-s---fg-		ὁ	ὁ		m|m|
3	35	,	t_205	103031584	n-s---fg-	n-s---fg-		πόλις	πόλις		m|m|
3	36	ἀλλʼ	t_206	103031585	u--------	u--------		,	,		m|m|
3	37	ὑπεμείναθʼ	t_207	103031586	c--------	b--------		ἀλλά	ἀλλά		m|m|
3	38	ὑπὲρ	t_208	103031587	v2paia---	v2paia---		ὑπεμένω	ὑπομένω		m|m|@
3	39	τῶν	t_209	103031588	r--------	r--------		ὑπέρ	ὑπέρ		m|m|
3	40	δικαίων	t_210	103031589	l-p---ng-	l-p---ng-		ὁ	ὁ		m|m|
3	41	τὸν	t_211	103031590	a-p---ng-	a-p---ng-		δίκαιος	δίκαιος		m|m|
3	42	πρὸς	t_212	103031591	l-s---ma-	l-s---ma-		ὁ	ὁ		m|m|
3	43	ἐκείνους	t_213	103031592	r--------	r--------		πρός	πρός		m|m|
3	44	πόλεμον	t_214	103031593	p-p---ma-	p-p---ma-		ἐκεῖνος	ἐκεῖνος		m|m|
3	45	.	t_215	103031594	n-s---ma-	n-s---ma-		πόλεμος	πόλεμος		m|m|
3	46	τίνος	t_216	103031595	u--------	u--------		.	.		m|m|
3	47	οὖν	t_217	103031596	p-s----g-	p-s---cg-		τις	τίς		m|m|
3	48	εἵνεκα	t_218	103031597	d--------	g--------		οὖν	οὖν		m|m|
3	49	ταῦτα	t_219	103031598	r--------	r--------		ἕνεκα	ἕνεκα		m|m|
3	50	λέγω	t_220	103031599	p-p---na-	p-p---na-		οὗτος	οὗτος		m|m|
3	51	;	t_221	103031600	v1spia---	v1spia---		λέγω3	λέγω		m|m|
3	52	ἵνʼ	t_222	103031601	u--------	u--------		;	;		m|m|
3	53	ἴδητʼ	t_223	103031602	c--------	c--------		ἵνα	ἵνα		m|m|
3	54	,	t_224	103031603	v2pasa---	v2pasa---		εἶδον	ὁράω		m|m|@
3	55	ὦ	t_225	103031604	u--------	u--------		,	,		m|m|
3	56	ἄνδρες	t_226	103031605	i--------	i--------		ὦ	ὦ		m|m|
3	57	Ἀθηναῖοι	t_227	103031606	n-p---mv-	n-p---mv-		ἀνήρ	ἀνήρ		m|m|
3	58	,	t_228	103031607	a-p---mv-	a-p---mv-		ἀθηναῖος	Ἀθηναῖος		m|m|
3	59	καὶ	t_229	103031608	u--------	u--------		,	,		m|m|
3	60	θεάσησθε	t_230	103031609	c--------	b--------		καί	καί		m|m|
3	61	,	t_231	103031610	v2pasm---	v2pasm---		θεάομαι	θεάομαι		m|m|
3	62	ὅτι	t_232	103031611	u--------	u--------		,	,		m|m|
3	63	οὐδὲν	t_233	103031612	c--------	c--------		ὅτι	ὅτι		m|m|
3	64	οὔ	t_234	103031613	p-s---nn-	p-s---nn-		οὐδείς	οὐδείς		m|m|
3	65	τε	t_235	103031614	d--------	d--------		οὐ	οὐ		m|m|
3	66	φυλαττομένοις	t_236	103031615	d--------	b--------		τε	τε		m|m|
3	67	ὑμῖν	t_237	103031616	v-pppemd-	v-pppmmd-		φυλάσσω	φυλάσσω		m|m|
3	68	ἐστιν	t_238	103031617	p-p---md-	p2p---cd-		σύ	σύ		m|m|
3	69	φοβερόν	t_239	103031618	v3spia---	v3spia---		εἰμί	εἰμί		m|m|
3	70	,	t_240	103031619	a-s---nn-	a-s---nn-		φοβερός	φοβερός		m|m|
3	71	οὔ	t_241	103031620	u--------	u--------		,	,		m|m|
3	72	τ’	t_242	103031621	d--------	d--------		οὐ	οὐ		m|m|
3	73	,	t_243	103031622	c--------	b--------		τε	τε		m|m|
3	74	ἂν	t_244	103031623	u--------	u--------		,	,		m|m|
3	75	ὀλιγωρῆτε	t_245	103031624	c--------	c--------		ἄν	ἐάν		m|m|@
3	76	,	t_246	103031625	v2ppsa---	v2ppsa---		ὀλιγωρέω	ὀλιγωρέω		m|m|
3	77	τοιοῦτον	t_247	103031626	u--------	u--------		,	,		m|m|
3	78	οἷον	t_248	103031627	p-s---nn-	p-s---nn-		τοιοῦτος	τοιοῦτος		m|m|
3	79	ἂν	t_249	103031628	a-s---nn-	p-s---nn-		οἷος	οἷος		m|m|
3	80	ὑμεῖς	t_250	103031629	c--------	c--------		ἄν	ἐάν		m|m|@
3	81	βούλοισθε	t_251	103031630	p-p----n-	p2p---cn-		σύ	σύ		m|m|
3	82	,	t_252	103031631	v2ppoe---	v2ppom---		βούλομαι	βούλομαι		m|m|
3	83	παραδείγμασι	t_253	103031632	u--------	u--------		,	,		m|m|
3	84	χρώμενοι	t_254	103031633	n-p---nd-	n-p---nd-		παράδειγμα	παράδειγμα		m|m|
3	85	τῇ	t_255	103031634	v-pppemn-	v-pppmmn-		χράομαι	χράω		m|m|@
3	86	τότε	t_256	103031635	l-s---fd-	l-s---fd-		ὁ	ὁ		m|m|
3	87	ῥώμῃ	t_257	103031636	d--------	d--------		τότε	τότε		m|m|
3	88	τῶν	t_258	103031637	n-s---fd-	n-s---fd-		ῥώμη	ῥώμη		m|m|
3	89	Λακεδαιμονίων	t_259	103031638	l-p---mg-	l-p---mg-		ὁ	ὁ		m|m|
3	90	,	t_260	103031639	n-p---mg-	a-p---mg-		λακεδαιμόνιος	Λακεδαιμόνιος		m|m|
3	91	ἧς	t_261	103031640	u--------	u--------		,	,		m|m|
3	92	ἐκρατεῖτʼ	t_262	103031641	p-s---fg-	p-s---fg-		ὅς	ὅς		m|m|
3	93	ἐκ	t_263	103031642	v2piia---	v2piia---		κρατέω	κρατέω		m|m|
3	94	τοῦ	t_264	103031643	r--------	r--------		ἐκ	ἐκ		m|m|
3	95	προσέχειν	t_265	103031644	l-s---ng-	l-s---ng-		ὁ	ὁ		m|m|
3	96	τοῖς	t_266	103031645	v--pna---	v--pna---		προσέχω	προσέχω		m|m|
3	97	πράγμασι	t_267	103031646	l-p---nd-	l-p---nd-		ὁ	ὁ		m|m|
3	98	τὸν	t_268	103031647	n-p---nd-	n-p---nd-		πρᾶγμα	πρᾶγμα		m|m|
3	99	νοῦν	t_269	103031648	l-s---ma-	l-s---ma-		ὁ	ὁ		m|m|
3	100	,	t_270	103031649	n-s---ma-	n-s---ma-		νόος	νόος		m|m|
3	101	καὶ	t_271	103031650	u--------	u--------		,	,		m|m|
3	102	τῇ	t_272	103031651	c--------	b--------		καί	καί		m|m|
3	103	νῦν	t_273	103031652	l-s---fd-	l-s---fd-		ὁ	ὁ		m|m|
3	104	ὕβρει	t_274	103031653	d--------	d--------		νῦν	νῦν		m|m|
3	105	τούτου	t_275	103031654	n-s---fd-	n-s---fd-		ὕβρις	ὕβρις		m|m|
3	106	,	t_276	103031655	p-s---mg-	p-s---mg-		οὗτος	οὗτος		m|m|
3	107	διʼ	t_277	103031656	u--------	u--------		,	,		m|m|
3	108	ἣν	t_278	103031657	r--------	r--------		διά	διά		m|m|
3	109	ταραττόμεθʼ	t_279	103031658	p-s---fa-	p-s---fa-		ὅς	ὅς		m|m|
3	110	ἐκ	t_280	103031659	v1ppie---	v1ppim---		ταράσσω	ταράσσω		m|m|
3	111	τοῦ	t_281	103031660	r--------	r--------		ἐκ	ἐκ		m|m|
3	112	μηδὲν	t_282	103031661	l-s---ng-	l-s---ng-		ὁ	ὁ		m|m|
3	113	φροντίζειν	t_283	103031662	p-s---na-	p-s---na-		μηδείς	μηδείς		m|m|
3	114	ὧν	t_284	103031663	v--pna---	v--pna---		φροντίζω	φροντίζω		m|m|
3	115	ἐχρῆν	t_285	103031664	p-p---ng-	p-p---ng-		ὅς	ὅς		m|m|
3	116	.	t_286	103031665	v3siia---	v3siia---		χρή	χρή		m|m|
4	1	εἰ	t_287	103031666	u--------	u--------		.	.		m|m|
4	2	δέ	t_288	103031667	c--------	c--------		εἰ	εἰ		m|m|
4	3	τις	t_289	103031668	d--------	b--------		δέ	δέ		m|m|
4	4	ὑμῶν	t_290	103031669	p-s---mn-	p-s---cn-		τις	τις		m|m|
4	5	,	t_291	103031670	p-p---mg-	p2p---cg-		σύ	σύ		m|m|
4	6	ὦ	t_292	103031671	u--------	u--------		,	,		m|m|
4	7	ἄνδρες	t_293	103031672	i--------	i--------		ὦ	ὦ		m|m|
4	8	Ἀθηναῖοι	t_294	103031673	n-p---mv-	n-p---mv-		ἀνήρ	ἀνήρ		m|m|
4	9	,	t_295	103031674	a-p---mv-	a-p---mv-		ἀθηναῖος	Ἀθηναῖος		m|m|
4	10	δυσπολέμητον	t_296	103031675	u--------	u--------		,	,		m|m|
4	11	οἴεται	t_297	103031676	a-s---ma-	a-s---ma-		δυσπολέμητος	δυσπολέμητος		m|m|
4	12	τὸν	t_298	103031677	v3spie---	v3spim---		οἴομαι	οἴομαι		m|m|
4	13	Φίλιππον	t_299	103031678	l-s---ma-	l-s---ma-		ὁ	ὁ		m|m|
4	14	εἶναι	t_300	103031679	n-s---ma-	n-s---ma-		φίλιππος	Φίλιππος		m|m|
4	15	,	t_301	103031680	v--pna---	v--pna---		εἰμί	εἰμί		m|m|
4	16	σκοπῶν	t_302	103031681	u--------	u--------		,	,		m|m|
4	17	τό	t_303	103031682	v-sppamn-	v-sppamn-		σκοπέω	σκοπέω		m|m|
4	18	τε	t_304	103031683	l-s---na-	l-s---na-		ὁ	ὁ		m|m|
4	19	πλῆθος	t_305	103031684	d--------	b--------		τε	τε		m|m|
4	20	τῆς	t_306	103031685	n-s---na-	n-s---na-		πλῆθος	πλῆθος		m|m|
4	21	ὑπαρχούσης	t_307	103031686	l-s---fg-	l-s---fg-		ὁ	ὁ		m|m|
4	22	αὐτῷ	t_308	103031687	v-sppafg-	v-sppafg-		ὑπάρχω	ὑπάρχω		m|m|
4	23	δυνάμεως	t_309	103031688	p-s---md-	p-s---md-		αὐτός	αὐτός		m|m|
4	24	καὶ	t_310	103031689	n-s---fg-	n-s---fg-		δύναμις	δύναμις		m|m|
4	25	τὸ	t_311	103031690	c--------	b--------		καί	καί		m|m|
4	26	τὰ	t_312	103031691	l-s---na-	l-s---na-		ὁ	ὁ		m|m|
4	27	χωρία	t_313	103031692	l-p---na-	l-p---na-		ὁ	ὁ		m|m|
4	28	πάντʼ	t_314	103031693	n-p---na-	n-p---na-		χωρίον	χωρίον		m|m|
4	29	ἀπολωλέναι	t_315	103031694	a-p---na-	a-p---na-		πᾶς	πᾶς		m|m|
4	30	τῇ	t_316	103031695	v--rna---	v--rna---		ἀπόλλυμι	ἀπόλλυμι		m|m|
4	31	πόλει	t_317	103031696	l-s---fd-	l-s---fd-		ὁ	ὁ		m|m|
4	32	,	t_318	103031697	n-s---fd-	n-s---fd-		πόλις	πόλις		m|m|
4	33	ὀρθῶς	t_319	103031698	u--------	u--------		,	,		m|m|
4	34	μὲν	t_320	103031699	d--------	d--------		ὀρθός	ὀρθός		m|m|
4	35	οἴεται	t_321	103031700	d--------	g--------		μέν	μέν		m|m|
4	36	,	t_322	103031701	v3spie---	v3spim---		οἴομαι	οἴομαι		m|m|
4	37	λογισάσθω	t_323	103031702	u--------	u--------		,	,		m|m|
4	38	μέντοι	t_324	103031703	v3same---	v3samm---		λογίζομαι	λογίζομαι		m|m|
4	39	τοῦθʼ	t_325	103031704	d--------	g--------		μέντοι	μέντοι		m|m|
4	40	,	t_326	103031705	p-s---na-	p-s---na-		οὗτος	οὗτος		m|m|
4	41	ὅτι	t_327	103031706	u--------	u--------		,	,		m|m|
4	42	εἴχομέν	t_328	103031707	c--------	c--------		ὅτι	ὅτι		m|m|
4	43	ποθʼ	t_329	103031708	v1piia---	v1piia---		ἔχω	ἔχω		m|m|
4	44	ἡμεῖς	t_330	103031709	d--------	d--------		ποτέ	ποτέ		m|m|
4	45	,	t_331	103031710	p-p---mn-	p1p---cn-		ἐγώ	ἐγώ		m|m|
4	46	ὦ	t_332	103031711	u--------	u--------		,	,		m|m|
4	47	ἄνδρες	t_333	103031712	i--------	i--------		ὦ	ὦ		m|m|
4	48	Ἀθηναῖοι	t_334	103031713	n-p---mv-	n-p---mv-		ἀνήρ	ἀνήρ		m|m|
4	49	,	t_335	103031714	a-p---mv-	a-p---mv-		ἀθηναῖος	Ἀθηναῖος		m|m|
4	50	Πύδναν	t_336	103031715	u--------	u--------		,	,		m|m|
4	51	καὶ	t_337	103031716	n-s---fa-	n-s---fa-		πύδνα	Πύδνα		m|m|
4	52	Ποτείδαιαν	t_338	103031717	d--------	b--------		καί	καί		m|m|
4	53	καὶ	t_339	103031718	n-s---fa-	n-s---fa-		ποτείδαια	Ποτείδαια		m|m|
4	54	Μεθώνην	t_340	103031719	d--------	b--------		καί	καί		m|m|
4	55	καὶ	t_341	103031720	n-s---fa-	n-s---fa-		μεθώνη	Μεθώνη		m|m|
4	56	πάντα	t_342	103031721	c--------	b--------		καί	καί		m|m|
4	57	τὸν	t_343	103031722	a-s---ma-	a-s---ma-		πᾶς	πᾶς		m|m|
4	58	τόπον	t_344	103031723	l-s---ma-	l-s---ma-		ὁ	ὁ		m|m|
4	59	τοῦτον	t_345	103031724	n-s---ma-	n-s---ma-		τόπος	τόπος		m|m|
4	60	οἰκεῖον	t_346	103031725	a-s---ma-	p-s---ma-		οὗτος	οὗτος		m|m|
4	61	κύκλῳ	t_347	103031726	a-s---ma-	a-s---ma-		οἰκεῖος	οἰκεῖος		m|m|
4	62	,	t_348	103031727	n-s---md-	n-s---md-		κύκλος	κύκλος		m|m|
4	63	καὶ	t_349	103031728	u--------	u--------		,	,		m|m|
4	64	πολλὰ	t_350	103031729	d--------	b--------		καί	καί		m|m|
4	65	τῶν	t_351	103031730	a-p---nn-	a-p---nn-		πολύς	πολύς		m|m|
4	66	μετʼ	t_352	103031731	l-p---ng-	l-p---ng-		ὁ	ὁ		m|m|
4	67	ἐκείνου	t_353	103031732	r--------	r--------		μετά	μετά		m|m|
4	68	νῦν	t_354	103031733	p-s---mg-	p-s---mg-		ἐκεῖνος	ἐκεῖνος		m|m|
4	69	ὄντων	t_355	103031734	d--------	d--------		νῦν	νῦν		m|m|
4	70	ἐθνῶν	t_356	103031735	v-pppang-	v-pppang-		εἰμί	εἰμί		m|m|
4	71	αὐτονομούμενα	t_357	103031736	n-p---ng-	n-p---ng-		ἔθνος	ἔθνος		m|m|
4	72	κ	t_358	103031737	v-pppmnn-	v-pppmnn-		αὐτονομέομαι	αὐτονομέομαι		m|m|
4	73	ἀλεύθερʼ	t_359	103031738	d--------	b--------		καί	καί		m|m|
4	74	ὑπῆρχε	t_360	103031739	a-p---nn-	a-p---nn-		ἐλεύθερος	ἐλεύθερος		m|m|
4	75	,	t_361	103031740	c--------	v3siia---		καί	ὑπάρχω		m|m|@
4	76	καὶ	t_362	103031741	a-p---nn-	u--------		ἐλεύθερος	,		m|m|@
4	77	μᾶλλον	t_363	103031742	v3siia---	b--------		ὑπάρχω	καί		m|m|@
4	78	ἡμῖν	t_364	103031743	u--------	d-------c		,	μάλα		m|m|@
4	79	ἐβούλετʼ	t_365	103031744	c--------	p1p---cd-		καί	ἐγώ		m|m|@
4	80	ἔχειν	t_366	103031745	d--------	v3siia---		μᾶλλον	βούλομαι		m|m|@
4	81	οἰκείως	t_367	103031746	p-p---md-	v--pna---		ἐγώ	ἔχω		m|m|@
4	82	ἢ	t_368	103031747	v3siia---	d--------		βούλομαι	οἰκεῖος		m|m|@
4	83	ʼκείνῳ	t_369	103031748	v--pna---	c--------		ἔχω	ἤ		m|m|@
4	84	.	t_370	103031749	d--------	p-s---md-		οἰκεῖος	ἐκεῖνος		m|m|@
5	1	εἰ	t_371	103031750	c--------	u--------		ἤ1	.		m|m|@
5	2	τοίνυν	t_372	103031751	p-s---md-	c--------		ἐκεῖνος	εἰ		m|m|@
5	3	ὁ	t_373	103031752	u--------	g--------		.	τοίνυν		m|m|@
5	4	Φίλιππος	t_374	103031753	c--------	l-s---mn-		εἰ	ὁ		m|m|@
5	5	τότε	t_375	103031754	d--------	n-s---mn-		τοίνυν	Φίλιππος		m|m|@
5	6	ταύτην	t_376	103031755	l-s---mn-	d--------		ὁ	τότε		m|m|@
5	7	ἔσχε	t_377	103031756	n-s---mn-	p-s---fa-		φίλιππος	οὗτος		m|m|@
5	8	τὴν	t_378	103031757	d--------	v3saia---		τότε	ἔχω		m|m|@
5	9	γνώμην	t_379	103031758	a-s---fa-	l-s---fa-		οὗτος	ὁ		m|m|@
5	10	,	t_380	103031759	v3saia---	n-s---fa-		ἔχω	γνώμη		m|m|@
5	11	ὡς	t_381	103031760	l-s---fa-	u--------		ὁ	,		m|m|@
5	12	χαλεπὸν	t_382	103031761	n-s---fa-	c--------		γνώμη	ὡς		m|m|@
5	13	πολεμεῖν	t_383	103031762	u--------	a-s---nn-		,	χαλεπός		m|m|@
5	14	ἐστιν	t_384	103031763	c--------	v--pna---		ὡς	πολεμέω		m|m|@
5	15	Ἀθηναίοις	t_385	103031764	a-s---nn-	v3spia---		χαλεπός	εἰμί		m|m|@
5	16	ἔχουσι	t_386	103031765	v--pna---	a-p---md-		πολεμέω	Ἀθηναῖος		m|m|@
5	17	τοσαῦτʼ	t_387	103031766	v3spia---	v-pppamd-		εἰμί	ἔχω		m|m|@
5	18	ἐπιτειχίσματα	t_388	103031767	n-p---md-	p-p---na-		ἀθήναιος	τοσοῦτος		m|m|@
5	19	τῆς	t_389	103031768	v-pppamd-	n-p---na-		ἔχω	ἐπιτείχισμα		m|m|@
5	20	αὑτοῦ	t_390	103031769	a-p---na-	l-s---fg-		τοσοῦτος	ὁ		m|m|@
5	21	χώρας	t_391	103031770	n-p---na-	p-s---mg-		ἐπιτείχισμα	ἑαυτοῦ		m|m|@
5	22	ἔρημον	t_392	103031771	l-s---fg-	n-s---fg-		ὁ	χώρα		m|m|@
5	23	ὄντα	t_393	103031772	p-s---mg-	a-s---ma-		ἑαυτοῦ	ἐρῆμος		m|m|@
5	24	συμμάχων	t_394	103031773	n-s---fg-	v-sppama-		χώρα	εἰμί		m|m|@
5	25	,	t_395	103031774	a-s---ma-	a-p---mg-		ἐρῆμος	σύμμαχος		m|m|@
5	26	οὐδὲν	t_396	103031775	v-sppama-	u--------		εἰμί	,		m|m|@
5	27	ἂν	t_397	103031776	n-p---mg-	p-s---na-		σύμμαχος	οὐδείς		m|m|@
5	28	ὧν	t_398	103031777	u--------	g--------		,	ἄν		m|m|@
5	29	νυνὶ	t_399	103031778	p-s---na-	p-p---ng-		οὐδείς	ὅς		m|m|@
5	30	πεποίηκεν	t_400	103031779	d--------	d--------		ἄν	νυνί		m|m|@
5	31	ἔπραξεν	t_401	103031780	p-p---ng-	v3sria---		ὅς	ποιέω		m|m|@
5	32	οὐ	t_402	103031781	d--------	v3saia---		νυνί	πράσσω		m|m|@
5	33	δὲ	t_403	103031782	v3sria---	d--------		ποιέω	οὐ		m|m|@
5	34	τοσαύτην	t_404	103031783	v3saia---	b--------		πράσσω	δέ		m|m|@
5	35	ἐκτήσατʼ	t_405	103031784	d--------	p-s---fa-		οὐ	τοσοῦτος		m|m|@
5	36	ἂν	t_406	103031785	c--------	v3saim---		δέ	κτάομαι		m|m|@
5	37	δύναμιν	t_407	103031786	a-s---fa-	g--------		τοσοῦτος	ἄν		m|m|@
5	38	.	t_408	103031787	v3saim---	n-s---fa-		κτάομαι	δύναμις		m|m|@
5	39	ἀλλʼ	t_409	103031788	d--------	u--------		ἄν	.		m|m|@
5	40	εἶδεν	t_410	103031789	n-s---fa-	b--------		δύναμις	ἀλλά		m|m|@
5	41	,	t_411	103031790	u--------	v3saia---		.	ὁράω		m|m|@
5	42	ὦ	t_412	103031791	d--------	u--------		ἀλλά	,		m|m|@
5	43	ἄνδρες	t_413	103031792	v3saia---	i--------		ὁράω	ὦ		m|m|@
5	44	Ἀθηναῖοι	t_414	103031793	u--------	n-p---mv-		,	ἀνήρ		m|m|@
5	45	,	t_415	103031794	i--------	a-p---mv-		ὦ	Ἀθηναῖος		m|m|@
5	46	τοῦτο	t_416	103031795	n-p---mv-	u--------		ἀνήρ	,		m|m|@
5	47	καλῶς	t_417	103031796	a-p---mv-	p-s---na-		ἀθηναῖος	οὗτος		m|m|@
5	48	ἐκεῖνος	t_418	103031797	u--------	d--------		,	καλός		m|m|@
5	49	,	t_419	103031798	p-s---na-	p-s---mn-		οὗτος	ἐκεῖνος		m|m|@
5	50	ὅτι	t_420	103031799	d--------	u--------		καλός	,		m|m|@
5	51	ταῦτα	t_421	103031800	p-s---mn-	c--------		ἐκεῖνος	ὅτι		m|m|@
5	52	μέν	t_422	103031801	u--------	p-p---nn-		,	οὗτος		m|m|@
5	53	ἐστιν	t_423	103031802	c--------	g--------		ὅτι	μέν		m|m|@
5	54	ἅπαντα	t_424	103031803	a-p---nn-	v3spia---		οὗτος	εἰμί		m|m|@
5	55	τὰ	t_425	103031804	d--------	a-p---nn-		μέν	ἅπας		m|m|@
5	56	χωρίʼ	t_426	103031805	v3spia---	l-p---nn-		εἰμί	ὁ		m|m|@
5	57	ἆθλα	t_427	103031806	a-p---nn-	n-p---nn-		ἅπας	χωρίον		m|m|@
5	58	τοῦ	t_428	103031807	l-p---nn-	n-p---nn-		ὁ	ἆθλον		m|m|@
5	59	πολέμου	t_429	103031808	n-p---nn-	l-s---mg-		χωρίον	ὁ		m|m|@
5	60	κείμενʼ	t_430	103031809	n-p---nn-	n-s---mg-		ἆθλον	πόλεμος		m|m|@
5	61	ἐν	t_431	103031810	l-s---mg-	v-pppmnn-		ὁ	κεῖμαι		m|m|@
5	62	μέσῳ	t_432	103031811	n-s---mg-	r--------		πόλεμος	ἐν		m|m|@
5	63	,	t_433	103031812	v-pppmnn-	a-s---nd-		κεῖμαι	μέσος		m|m|@
5	64	φύσει	t_434	103031813	r--------	u--------		ἐν	,		m|m|@
5	65	δʼ	t_435	103031814	a-s---nd-	n-s---fd-		μέσος	φύσις		m|m|@
5	66	ὑπάρχει	t_436	103031815	u--------	b--------		,	δέ		m|m|@
5	67	τοῖς	t_437	103031816	n-s---fd-	v3spia---		φύσις	ὑπάρχω		m|m|@
5	68	παροῦσι	t_438	103031817	c--------	l-p---md-		δέ	ὁ		m|m|@
5	69	τὰ	t_439	103031818	v3spia---	v-pppamd-		ὑπάρχω	πάρειμι		m|m|@
5	70	τῶν	t_440	103031819	l-p---md-	l-p---nn-		ὁ	ὁ		m|m|
5	71	ἀπόντων	t_441	103031820	v-pppamd-	l-p---mg-		πάρειμι1	ὁ		m|m|@
5	72	,	t_442	103031821	l-p---nn-	v-pppamg-		ὁ	ἄπειμι		m|m|@
5	73	καὶ	t_443	103031822	l-p---mg-	u--------		ὁ	,		m|m|@
5	74	τοῖς	t_444	103031823	v-pppamg-	b--------		ἄπειμι1	καί		m|m|@
5	75	ἐθέλουσι	t_445	103031824	u--------	l-p---md-		,	ὁ		m|m|@
5	76	πονεῖν	t_446	103031825	c--------	v-pppamd-		καί	ἐθέλω		m|m|@
5	77	καὶ	t_447	103031826	l-p---md-	v--pna---		ὁ	πονέω		m|m|@
5	78	κινδυνεύειν	t_448	103031827	v-pppamd-	b--------		ἐθέλω	καί		m|m|@
5	79	τὰ	t_449	103031828	v--pna---	v--pna---		πονέω	κινδυνεύω		m|m|@
5	80	τῶν	t_450	103031829	c--------	l-p---nn-		καί	ὁ		m|m|@
5	81	ἀμελούντων	t_451	103031830	v--pna---	l-p---mg-		κινδυνεύω	ὁ		m|m|@
5	82	.	t_452	103031831	l-p---nn-	v-pppamg-		ὁ	ἀμελέω		m|m|@
6	1	καὶ	t_453	103031832	l-p---mg-	u--------		ὁ	.		m|m|@
6	2	γάρ	t_454	103031833	v-pppamg-	b--------		ἀμελέω	καί		m|m|@
6	3	τοι	t_455	103031834	u--------	g--------		.	γάρ		m|m|@
6	4	ταύτῃ	t_456	103031835	d--------	g--------		καί	τοι		m|m|@
6	5	χρησάμενος	t_457	103031836	d--------	p-s---fd-		γάρ	οὗτος		m|m|@
6	6	τῇ	t_458	103031837	d--------	v-sapmmn-		σύ	χράω		m|m|@
6	7	γνώμῃ	t_459	103031838	a-s---fd-	l-s---fd-		οὗτος	ὁ		m|m|@
6	8	πάντα	t_460	103031839	v-sapmmn-	n-s---fd-		χράω2	γνώμη		m|m|@
6	9	κατέστραπται	t_461	103031840	l-s---fd-	a-p---na-		ὁ	πᾶς		m|m|@
6	10	καὶ	t_462	103031841	n-s---fd-	v3srim---		γνώμη	καταστρέφω		m|m|@
6	11	ἔχει	t_463	103031842	a-p---na-	b--------		πᾶς	καί		m|m|@
6	12	,	t_464	103031843	v3srie---	v3spia---		καταστρέφω	ἔχω		m|m|@
6	13	τὰ	t_465	103031844	c--------	u--------		καί	,		m|m|@
6	14	μὲν	t_466	103031845	v3spia---	l-p---na-		ἔχω	ὁ		m|m|@
6	15	ὡς	t_467	103031846	u--------	g--------		,	μέν		m|m|@
6	16	ἂν	t_468	103031847	l-p---na-	d--------		ὁ	ὡς		m|m|@
6	17	ἑλών	t_469	103031848	d--------	g--------		μέν	ἄν		m|m|@
6	18	τις	t_470	103031849	d--------	v-sapamn-		ὡς	αἱρέω		m|m|@
6	19	ἔχοι	t_471	103031850	d--------	p-s---cn-		ἄν	τις		m|m|@
6	20	πολέμῳ	t_472	103031851	v-sapamn-	v3spoa---		αἱρέω	ἔχω		m|m|@
6	21	,	t_473	103031852	p-s---mn-	n-s---md-		τις	πόλεμος		m|m|@
6	22	τὰ	t_474	103031853	v3spoa---	u--------		ἔχω	,		m|m|@
6	23	δὲ	t_475	103031854	n-s---md-	l-p---na-		πόλεμος	ὁ		m|m|@
6	24	σύμμαχα	t_476	103031855	u--------	b--------		,	δέ		m|m|@
6	25	καὶ	t_477	103031856	l-p---na-	a-p---na-		ὁ	σύμμαχος		m|m|@
6	26	φίλα	t_478	103031857	c--------	b--------		δέ	καί		m|m|@
6	27	ποιησάμενος	t_479	103031858	a-p---na-	a-p---na-		σύμμαχος	φίλος		m|m|@
6	28	·	t_480	103031859	c--------	v-sapmmn-		καί	ποιέω		m|m|@
6	29	καὶ	t_481	103031860	a-p---na-	u--------		φίλος	·		m|m|@
6	30	γὰρ	t_482	103031861	v-sapmmn-	b--------		ποιέω	καί		m|m|@
6	31	συμμαχεῖν	t_483	103031862	u--------	g--------		·	γάρ		m|m|@
6	32	καὶ	t_484	103031863	d--------	v--pna---		καί	συμμαχέω		m|m|@
6	33	προσέχειν	t_485	103031864	d--------	b--------		γάρ	καί		m|m|@
6	34	τὸν	t_486	103031865	v--pna---	v--pna---		συμμαχέω	προσέχω		m|m|@
6	35	νοῦν	t_487	103031866	c--------	l-s---ma-		καί	ὁ		m|m|@
6	36	τούτοις	t_488	103031867	v--pna---	n-s---ma-		προσέχω	νόος		m|m|@
6	37	ἐθέλουσιν	t_489	103031868	l-s---ma-	p-p---md-		ὁ	οὗτος		m|m|@
6	38	ἅπαντες	t_490	103031869	n-s---ma-	v3ppia---		νόος	ἐθέλω		m|m|@
6	39	,	t_491	103031870	p-p---md-	a-p---mn-		οὗτος	ἅπας		m|m|@
6	40	οὓς	t_492	103031871	v3ppia---	u--------		ἐθέλω	,		m|m|@
6	41	ἂν	t_493	103031872	a-p---mn-	p-p---ma-		ἅπας	ὅς		m|m|@
6	42	ὁρῶσι	t_494	103031873	u--------	g--------		,	ἄν		m|m|@
6	43	παρεσκευασμένους	t_495	103031874	p-p---ma-	v3ppsa---		ὅς	ὁράω		m|m|@
6	44	καὶ	t_496	103031875	d--------	v-prpmma-		ἄν	παρασκευάζω		m|m|@
6	45	πράττειν	t_497	103031876	v3ppsa---	b--------		ὁράω	καί		m|m|@
6	46	ἐθέλοντας	t_498	103031877	v-prpema-	v--pna---		παρασκευάζω	πράσσω		m|m|@
6	47	ἃ	t_499	103031878	c--------	v-pppama-		καί	ἐθέλω		m|m|@
6	48	χρή	t_500	103031879	v--pna---	p-p---na-		πράσσω	ὅς		m|m|@
6	49	.	t_501	103031880	v-pppama-	v3spia---		ἐθέλω	χρή		m|m|@
7	1	ἂν	t_502	103031881	p-p---na-	u--------		ὅς	.		m|m|@
7	2	τοίνυν	t_503	103031882	v3spia---	c--------		χρή	ἐάν		m|m|@
7	3	,	t_504	103031883	u--------	g--------		.	τοίνυν		m|m|@
7	4	ὦ	t_505	103031884	c--------	u--------		ἄν	,		m|m|@
7	5	ἄνδρες	t_506	103031885	d--------	i--------		τοίνυν	ὦ		m|m|@
7	6	Ἀθηναῖοι	t_507	103031886	u--------	n-p---mv-		,	ἀνήρ		m|m|@
7	7	,	t_508	103031887	i--------	a-p---mv-		ὦ	Ἀθηναῖος		m|m|@
7	8	καὶ	t_509	103031888	n-p---mv-	u--------		ἀνήρ	,		m|m|@
7	9	ὑμεῖς	t_510	103031889	a-p---mv-	b--------		ἀθηναῖος	καί		m|m|@
7	10	ἐπὶ	t_511	103031890	u--------	p2p---cn-		,	σύ		m|m|@
7	11	τῆς	t_512	103031891	d--------	r--------		καί	ἐπί		m|m|@
7	12	τοιαύτης	t_513	103031892	p-p----n-	l-s---fg-		σύ	ὁ		m|m|@
7	13	ἐθελήσητε	t_514	103031893	r--------	p-s---fg-		ἐπί	τοιοῦτος		m|m|@
7	14	γενέσθαι	t_515	103031894	l-s---fg-	v2pasa---		ὁ	ἐθέλω		m|m|@
7	15	γνώμης	t_516	103031895	a-s---fg-	v--anm---		τοιοῦτος	γίγνομαι		m|m|@
7	16	νῦν	t_517	103031896	v2pasa---	n-s---fg-		ἐθέλω	γνώμη		m|m|@
7	17	,	t_518	103031897	v--anm---	d--------		γίγνομαι	νῦν		m|m|@
7	18	ἐπειδήπερ	t_519	103031898	n-s---fg-	u--------		γνώμη	,		m|m|@
7	19	οὐ	t_520	103031899	d--------	c--------		νῦν	ἐπειδή		m|m|@
7	20	πρότερον	t_521	103031900	u--------	d--------		,	οὐ		m|m|@
7	21	,	t_522	103031901	c--------	d-------c		ἐπεί	πρότερος		m|m|@
7	22	καὶ	t_523	103031902	d--------	u--------		οὐ	,		m|m|@
7	23	ἕκαστος	t_524	103031903	a-s---na-	b--------		πρότερος	καί		m|m|@
7	24	ὑμῶν	t_525	103031904	u--------	a-s---mn-		,	ἕκαστος		m|m|@
7	25	,	t_526	103031905	c--------	p2p---cg-		καί	σύ		m|m|@
7	26	οὗ	t_527	103031906	a-s---mn-	u--------		ἕκαστος	,		m|m|@
7	27	δεῖ	t_528	103031907	p-p---mg-	d--------		σύ	οὗ		m|m|@
7	28	καὶ	t_529	103031908	u--------	v3spia---		,	δέω		m|m|@
7	29	δύναιτʼ	t_530	103031909	d--------	b--------		ὅς	καί		m|m|@
7	30	ἂν	t_531	103031910	v3spia---	v3spom---		δεῖ	δύναμαι		m|m|@
7	31	παρασχεῖν	t_532	103031911	c--------	g--------		καί	ἄν		m|m|@
7	32	αὑτὸν	t_533	103031912	v3spoe---	v--ana---		δύναμαι	παρέχω		m|m|@
7	33	χρήσιμον	t_534	103031913	d--------	p-s---ma-		ἄν	ἑαυτοῦ		m|m|@
7	34	τῇ	t_535	103031914	v--ana---	a-s---ma-		παρέχω	χρήσιμος		m|m|@
7	35	πόλει	t_536	103031915	p-s---ma-	l-s---fd-		ἑαυτοῦ	ὁ		m|m|@
7	36	,	t_537	103031916	a-s---ma-	n-s---fd-		χρήσιμος	πόλις		m|m|@
7	37	πᾶσαν	t_538	103031917	l-s---fd-	u--------		ὁ	,		m|m|@
7	38	ἀφεὶς	t_539	103031918	n-s---fd-	a-s---fa-		πόλις	πᾶς		m|m|@
7	39	τὴν	t_540	103031919	u--------	v-sapamn-		,	ἀφίημι		m|m|@
7	40	εἰρωνείαν	t_541	103031920	a-s---fa-	l-s---fa-		πᾶς	ὁ		m|m|@
7	41	ἕτοιμος	t_542	103031921	v-sapamn-	n-s---fa-		ἀφίημι	εἰρωνεία		m|m|@
7	42	πράττειν	t_543	103031922	l-s---fa-	a-s---mn-		ὁ	ἑτοῖμος		m|m|@
7	43	ὑπάρξῃ	t_544	103031923	n-s---fa-	v--pna---		εἰρωνεία	πράσσω		m|m|@
7	44	,	t_545	103031924	a-s---mn-	v3sasa---		ἑτοῖμος	ὑπάρχω		m|m|@
7	45	ὁ	t_546	103031925	v--pna---	u--------		πράσσω	,		m|m|@
7	46	μὲν	t_547	103031926	v3sasa---	l-s---mn-		ὑπάρχω	ὁ		m|m|@
7	47	χρήματʼ	t_548	103031927	u--------	g--------		,	μέν		m|m|@
7	48	ἔχων	t_549	103031928	l-s---mn-	n-p---na-		ὁ	χρῆμα		m|m|@
7	49	εἰσφέρειν	t_550	103031929	d--------	v-sppamn-		μέν	ἔχω		m|m|@
7	50	,	t_551	103031930	n-p---na-	v--pna---		χρῆμα	εἰσφέρω		m|m|@
7	51	ὁ	t_552	103031931	v-sppamn-	u--------		ἔχω	,		m|m|@
7	52	δʼ	t_553	103031932	v--pna---	l-s---mn-		εἰσφέρω	ὁ		m|m|@
7	53	ἐν	t_554	103031933	u--------	b--------		,	δέ		m|m|@
7	54	ἡλικίᾳ	t_555	103031934	l-s---mn-	r--------		ὁ	ἐν		m|m|@
7	55	στρατεύεσθαι	t_556	103031935	c--------	n-s---fd-		δέ	ἡλικία		m|m|@
7	56	,	t_557	103031936	r--------	v--pnm---		ἐν	στρατεύω		m|m|@
7	57	—	t_558	103031937	n-s---fd-	u--------		ἡλικία	,		m|m|@
7	58	συνελόντι	t_559	103031938	v--pne---	u--------		στρατεύω	—		m|m|@
7	59	δʼ	t_560	103031939	u--------	v-sapamd-		,	συναιρέω		m|m|@
7	60	ἁπλῶς	t_561	103031940	u--------	b--------		—	δέ		m|m|@
7	61	ἂν	t_562	103031941	v-sapamd-	d--------		συναιρέω	ἁπλῶς		m|m|@
7	62	ὑμῶν	t_563	103031942	c--------	c--------		δέ	ἐάν		m|m|@
7	63	αὐτῶν	t_564	103031943	d--------	p2p---cg-		ἁπλῶς	σύ		m|m|@
7	64	ἐθελήσητε	t_565	103031944	c--------	p-p---mg-		ἄν	αὐτός		m|m|@
7	65	γενέσθαι	t_566	103031945	p-p---mg-	v2pasa---		σύ	ἐθέλω		m|m|@
7	66	,	t_567	103031946	a-p---mg-	v--anm---		αὐτός	γίγνομαι		m|m|@
7	67	καὶ	t_568	103031947	v2pasa---	u--------		ἐθέλω	,		m|m|@
7	68	παύσησθʼ	t_569	103031948	v--anm---	b--------		γίγνομαι	καί		m|m|@
7	69	αὐτὸς	t_570	103031949	u--------	v2pasa---		,	παύω		m|m|@
7	70	μὲν	t_571	103031950	c--------	p-s---mn-		καί	αὐτός		m|m|@
7	71	οὐδὲν	t_572	103031951	v2pasa---	g--------		παύω	μέν		m|m|@
7	72	ἕκαστος	t_573	103031952	p-s---mn-	p-s---na-		αὐτός	οὐδείς		m|m|@
7	73	ποιήσειν	t_574	103031953	d--------	a-s---mn-		μέν	ἕκαστος		m|m|@
7	74	ἐλπίζων	t_575	103031954	p-s---na-	v--fna---		οὐδείς	ποιέω		m|m|@
7	75	,	t_576	103031955	a-s---mn-	v-sppamn-		ἕκαστος	ἐλπίζω		m|m|@
7	76	τὸν	t_577	103031956	v--fna---	u--------		ποιέω	,		m|m|@
7	77	δὲ	t_578	103031957	v-sppamn-	l-s---ma-		ἐλπίζω	ὁ		m|m|@
7	78	πλησίον	t_579	103031958	u--------	b--------		,	δέ		m|m|@
7	79	πάνθʼ	t_580	103031959	l-s---ma-	a-s---ma-		ὁ	πλησίος		m|m|@
7	80	ὑπὲρ	t_581	103031960	c--------	a-p---na-		δέ	πᾶς		m|m|@
7	81	αὐτοῦ	t_582	103031961	a-s---ma-	r--------		πλησίος	ὑπέρ		m|m|@
7	82	πράξειν	t_583	103031962	a-p---na-	p-s---mg-		πᾶς	αὐτός		m|m|@
7	83	,	t_584	103031963	r--------	v--fna---		ὑπέρ	πράσσω		m|m|@
7	84	καὶ	t_585	103031964	p-s---mg-	u--------		αὐτός	,		m|m|@
7	85	τὰ	t_586	103031965	v--fna---	b--------		πράσσω	καί		m|m|@
7	86	ὑμέτερʼ	t_587	103031966	u--------	l-p---na-		,	ὁ		m|m|@
7	87	αὐτῶν	t_588	103031967	d--------	a-p---na-		καί	ὑμέτερος		m|m|@
7	88	κομιεῖσθʼ	t_589	103031968	l-p---na-	p-p---mg-		ὁ	αὐτός		m|m|@
7	89	,	t_590	103031969	a-p---na-	v2pfim---		ὑμέτερος	κομίζω		m|m|@
7	90	ἂν	t_591	103031970	p-p---mg-	u--------		αὐτός	,		m|m|@
7	91	θεὸς	t_592	103031971	v2pfim---	c--------		κομίζω	ἐάν		m|m|@
7	92	θέλῃ	t_593	103031972	u--------	n-s---mn-		,	θεός		m|m|@
7	93	,	t_594	103031973	c--------	v3spsa---		ἄν	ἐθέλω		m|m|@
7	94	καὶ	t_595	103031974	n-s---mn-	u--------		θεός	,		m|m|@
7	95	τὰ	t_596	103031975	v3spsa---	b--------		ἐθέλω	καί		m|m|@
7	96	κατερρᾳθυμημένα	t_597	103031976	u--------	l-p---na-		,	ὁ		m|m|@
7	97	πάλιν	t_598	103031977	d--------	v-prpmna-		καί	καταρραθυμέω		m|m|@
7	98	ἀναλήψεσθε	t_599	103031978	l-p---na-	d--------		ὁ	πάλιν		m|m|@
7	99	,	t_600	103031979	v-prpena-	v2pfim---		καταρρᾳθυμέω	ἀναλαμβάνω		m|m|@
7	100	κ	t_601	103031980	d--------	u--------		πάλιν	,		m|m|@
7	101	ἀκεῖνον	t_602	103031981	v2pfim---	b--------		ἀναλαμβάνω	καί		m|m|@
7	102	τιμωρήσεσθε	t_603	103031982	u--------	p-s---ma-		,	ἐκεῖνος		m|m|@
7	103	.	t_604	103031983	c--------	v2pfim---		καί	τιμωρέω		m|m|@
8	1	μὴ	t_605	103031984	p-s---ma-	u--------		ἐκεῖνος	.		m|m|@
8	2	γὰρ	t_606	103031985	v2pfim---	d--------		τιμωρέω	μή		m|m|@
8	3	ὡς	t_607	103031986	u--------	g--------		.	γάρ		m|m|@
8	4	θεῷ	t_608	103031987	d--------	c--------		μή	ὡς		m|m|@
8	5	νομίζετʼ	t_609	103031988	d--------	n-s---md-		γάρ	θεός		m|m|@
8	6	ἐκείνῳ	t_610	103031989	c--------	v3spia---		ὡς	νομίζω		m|m|@
8	7	τὰ	t_611	103031990	n-s---md-	p-s---md-		θεός	ἐκεῖνος		m|m|@
8	8	παρόντα	t_612	103031991	v3spia---	l-p---na-		νομίζω	ὁ		m|m|@
8	9	πεπηγέναι	t_613	103031992	p-s---md-	v-pppana-		ἐκεῖνος	πάρειμι		m|m|@
8	10	πράγματʼ	t_614	103031993	l-p---na-	v--rna---		ὁ	πήγνυμι		m|m|@
8	11	ἀθάνατα	t_615	103031994	v-pppana-	n-p---na-		πάρειμι1	πρᾶγμα		m|m|@
8	12	,	t_616	103031995	v--rna---	a-p---na-		πήγνυμι	ἀθάνατος		m|m|@
8	13	ἀλλὰ	t_617	103031996	n-p---na-	u--------		πρᾶγμα	,		m|m|@
8	14	καὶ	t_618	103031997	a-p---na-	b--------		ἀθάνατος	ἀλλά		m|m|@
8	15	μισεῖ	t_619	103031998	u--------	b--------		,	καί		m|m|@
8	16	τις	t_620	103031999	c--------	v3spia---		ἀλλά	μισέω		m|m|@
8	17	ἐκεῖνον	t_621	103032000	d--------	p-s---cn-		καί	τις		m|m|@
8	18	καὶ	t_622	103032001	v3spia---	p-s---ma-		μισέω	ἐκεῖνος		m|m|@
8	19	δέδιεν	t_623	103032002	p-s---mn-	b--------		τις	καί		m|m|@
8	20	,	t_624	103032003	p-s---ma-	v3sria---		ἐκεῖνος	δείδω		m|m|@
8	21	ὦ	t_625	103032004	d--------	u--------		καί	,		m|m|@
8	22	ἄνδρες	t_626	103032005	v3sria---	i--------		δείδω	ὦ		m|m|@
8	23	Ἀθηναῖοι	t_627	103032006	u--------	n-p---mv-		,	ἀνήρ		m|m|@
8	24	,	t_628	103032007	i--------	a-p---mv-		ὦ	Ἀθηναῖος		m|m|@
8	25	καὶ	t_629	103032008	n-p---mv-	u--------		ἀνήρ	,		m|m|@
8	26	φθονεῖ	t_630	103032009	a-p---mv-	b--------		ἀθηναῖος	καί		m|m|@
8	27	,	t_631	103032010	u--------	v3spia---		,	φθονέω		m|m|@
8	28	καὶ	t_632	103032011	c--------	u--------		καί	,		m|m|@
8	29	τῶν	t_633	103032012	v3spia---	d--------		φθονέω	καί		m|m|@
8	30	πάνυ	t_634	103032013	u--------	l-p---mg-		,	ὁ		m|m|@
8	31	νῦν	t_635	103032014	d--------	d--------		καί	πάνυ		m|m|@
8	32	δοκούντων	t_636	103032015	l-p---mg-	d--------		ὁ	νῦν		m|m|@
8	33	οἰκείως	t_637	103032016	d--------	v-pppamg-		πάνυ	δοκέω		m|m|@
8	34	ἔχειν	t_638	103032017	d--------	d--------		νῦν	οἰκεῖος		m|m|@
8	35	·	t_639	103032018	v-pppamg-	v--pna---		δοκέω	ἔχω		m|m|@
8	36	καὶ	t_640	103032019	d--------	u--------		οἰκεῖος	·		m|m|@
8	37	ἅπανθʼ	t_641	103032020	v--pna---	b--------		ἔχω	καί		m|m|@
8	38	ὅσα	t_642	103032021	u--------	a-p---na-		·	ἅπας		m|m|@
8	39	περ	t_643	103032022	d--------	p-p---na-		καί	ὅσος		m|m|@
8	40	κ	t_644	103032023	a-p---na-	d--------		ἅπας	περ		m|m|@
8	41	ἀν	t_645	103032024	a-p---na-	d--------		ὅσος	καί		m|m|@
8	42	ἄλλοις	t_646	103032025	d--------	r--------		πέρ	ἐν		m|m|@
8	43	τισὶν	t_647	103032026	d--------	p-p---md-		καί	ἄλλος		m|m|@
8	44	ἀνθρώποις	t_648	103032027	r--------	p-p---cd-		ἐν	τις		m|m|@
8	45	ἔνι	t_649	103032028	a-p---md-	n-p---md-		ἄλλος	ἄνθρωπος		m|m|@
8	46	,	t_650	103032029	a-p---md-	v--ana---		τις	ἐνίημι		m|m|@
8	47	ταῦτα	t_651	103032030	n-p---md-	u--------		ἄνθρωπος	,		m|m|@
8	48	κ	t_652	103032031	v--ana---	p-p---na-		ἐν	οὗτος		m|m|@
8	49	ἀν	t_653	103032032	u--------	d--------		,	καί		m|m|@
8	50	τοῖς	t_654	103032033	p-p---na-	r--------		οὗτος	ἐν		m|m|@
8	51	μετʼ	t_655	103032034	d--------	l-p---md-		καί	ὁ		m|m|@
8	52	ἐκείνου	t_656	103032035	r--------	r--------		ἐν	μετά		m|m|@
8	53	χρὴ	t_657	103032036	l-p---md-	p-s---mg-		ὁ	ἐκεῖνος		m|m|@
8	54	νομίζειν	t_658	103032037	r--------	v3spia---		μετά	χρή		m|m|@
8	55	ἐνεῖναι	t_659	103032038	p-s---mg-	v--pna---		ἐκεῖνος	νομίζω		m|m|@
8	56	.	t_660	103032039	v3spia---	v--ana---		χρή	ἐνίημι		m|m|@
8	57	κατέπτηχε	t_661	103032040	v--pna---	u--------		νομίζω	.		m|m|@
8	58	μέντοι	t_662	103032041	v--ana---	v3sria---		ἔνειμι	καταπτήσσω		m|m|@
8	59	πάντα	t_663	103032042	u--------	g--------		.	μέντοι		m|m|@
8	60	ταῦτα	t_664	103032043	v3sria---	a-p---nn-		καταπτήσσω	πᾶς		m|m|@
8	61	νῦν	t_665	103032044	d--------	p-p---nn-		μέντοι	οὗτος		m|m|@
8	62	,	t_666	103032045	a-p---nn-	d--------		πᾶς	νῦν		m|m|@
8	63	οὐκ	t_667	103032046	p-p---nn-	u--------		οὗτος	,		m|m|@
8	64	ἔχοντʼ	t_668	103032047	d--------	d--------		νῦν	οὐ		m|m|@
8	65	ἀποστροφὴν	t_669	103032048	u--------	v-pppana-		,	ἔχω		m|m|@
8	66	διὰ	t_670	103032049	d--------	n-s---fa-		οὐ	ἀποστροφή		m|m|@
8	67	τὴν	t_671	103032050	v-pppana-	r--------		ἔχω	διά		m|m|@
8	68	ὑμετέραν	t_672	103032051	n-s---fa-	l-s---fa-		ἀποστροφή	ὁ		m|m|@
8	69	βραδυτῆτα	t_673	103032052	r--------	a-s---fa-		διά	ὑμέτερος		m|m|@
8	70	καὶ	t_674	103032053	l-s---fa-	n-s---fa-		ὁ	βραδυτής		m|m|@
8	71	ῥᾳθυμίαν	t_675	103032054	a-s---fa-	b--------		ὑμέτερος	καί		m|m|@
8	72	·	t_676	103032055	n-s---fa-	n-s---fa-		βραδυτής	ῥαθυμία		m|m|@
8	73	ἣν	t_677	103032056	c--------	u--------		καί	·		m|m|@
8	74	ἀποθέσθαι	t_678	103032057	n-s---fa-	p-s---fa-		ῥᾳθυμία	ὅς		m|m|@
8	75	φημὶ	t_679	103032058	u--------	v--anm---		·	ἀποτίθημι		m|m|@
8	76	δεῖν	t_680	103032059	p-s---fa-	v1spia---		ὅς	φημί		m|m|@
8	77	ἤδη	t_681	103032060	v--ane---	v--pna---		ἀποτίθημι	δέω		m|m|@
8	78	.	t_682	103032061	v1spia---	d--------		φημί	ἤδη		m|m|@
9	1	ὁρᾶτε	t_683	103032062	v--pna---	u--------		δεῖ	.		m|m|@
9	2	γάρ	t_684	103032063	d--------	v2ppma---		ἤδη	ὁράω		m|m|@
9	3	,	t_685	103032064	u--------	g--------		.	γάρ		m|m|@
9	4	ὦ	t_686	103032065	v2ppma---	u--------		ὁράω	,		m|m|@
9	5	ἄνδρες	t_687	103032066	d--------	i--------		γάρ	ὦ		m|m|@
9	6	Ἀθηναῖοι	t_688	103032067	u--------	n-p---mv-		,	ἀνήρ		m|m|@
9	7	,	t_689	103032068	i--------	a-p---mv-		ὦ	Ἀθηναῖος		m|m|@
9	8	τὸ	t_690	103032069	n-p---mv-	u--------		ἀνήρ	,		m|m|@
9	9	πρᾶγμα	t_691	103032070	a-p---mv-	l-s---na-		ἀθηναῖος	ὁ		m|m|@
9	10	,	t_692	103032071	u--------	n-s---na-		,	πρᾶγμα		m|m|@
9	11	οἷ	t_693	103032072	l-s---na-	u--------		ὁ	,		m|m|@
9	12	προελήλυθʼ	t_694	103032073	n-s---na-	d--------		πρᾶγμα	οἷ		m|m|@
9	13	ἀσελγείας	t_695	103032074	u--------	v3sria---		,	προέρχομαι		m|m|@
9	14	ἅνθρωπος	t_696	103032075	p-s---nd-	n-s---fg-		οἷ	ἀσέλγεια		m|m|@
9	15	,	t_697	103032076	v3sria---	n-s---mn-		προέρχομαι	ἄνθρωπος		m|m|@
9	16	ὃς	t_698	103032077	n-s---fg-	u--------		ἀσέλγεια	,		m|m|@
9	17	οὐ	t_699	103032078	n-s---mn-	p-s---mn-		ἄνθρωπος	ὅς		m|m|@
9	18	δ’	t_700	103032079	u--------	d--------		,	οὐ		m|m|@
9	19	αἵρεσιν	t_701	103032080	p-s---mn-	b--------		ὅς	δέ		m|m|@
9	20	ὑμῖν	t_702	103032081	d--------	n-s---fa-		οὐ	αἵρεσις		m|m|@
9	21	δίδωσι	t_703	103032082	d--------	p2p---cd-		δέ	σύ		m|m|@
9	22	τοῦ	t_704	103032083	n-s---fa-	v3spia---		αἵρεσις	δίδωμι		m|m|@
9	23	πράττειν	t_705	103032084	p-p---md-	l-s---ng-		σύ	ὁ		m|m|@
9	24	ἢ	t_706	103032085	v3spia---	v--pna---		δίδωμι	πράσσω		m|m|@
9	25	ἄγειν	t_707	103032086	l-s---ng-	b--------		ὁ	ἤ		m|m|@
9	26	ἡσυχίαν	t_708	103032087	v--pna---	v--pna---		πράσσω	ἄγω		m|m|@
9	27	,	t_709	103032088	c--------	n-s---fa-		ἤ1	ἡσυχία		m|m|@
9	28	ἀλλʼ	t_710	103032089	v--pna---	u--------		ἄγω	,		m|m|@
9	29	ἀπειλεῖ	t_711	103032090	n-s---fa-	b--------		ἡσυχία	ἀλλά		m|m|@
9	30	καὶ	t_712	103032091	u--------	v3spia---		,	ἀπειλέω		m|m|@
9	31	λόγους	t_713	103032092	c--------	b--------		ἀλλά	καί		m|m|@
9	32	ὑπερηφάνους	t_714	103032093	v3spia---	n-p---ma-		ἀπειλέω	λόγος		m|m|@
9	33	,	t_715	103032094	d--------	a-p---ma-		καί	ὑπερήφανος		m|m|@
9	34	ὥς	t_716	103032095	n-p---ma-	u--------		λόγος	,		m|m|@
9	35	φασι	t_717	103032096	a-p---ma-	c--------		ὑπερήφανος	ὡς		m|m|@
9	36	,	t_718	103032097	u--------	v3ppia---		,	φημί		m|m|@
9	37	λέγει	t_719	103032098	c--------	u--------		ὡς	,		m|m|@
9	38	,	t_720	103032099	v3ppia---	v3spia---		φημί	λέγω		m|m|@
9	39	καὶ	t_721	103032100	u--------	u--------		,	,		m|m|
9	40	οὐχ	t_722	103032101	v3spia---	b--------		λέγω3	καί		m|m|@
9	41	οἷός	t_723	103032102	u--------	d--------		,	οὐ		m|m|@
9	42	ἐστιν	t_724	103032103	c--------	p-s---mn-		καί	οἷος		m|m|@
9	43	ἔχων	t_725	103032104	d--------	v3spia---		οὐ	εἰμί		m|m|@
9	44	ἃ	t_726	103032105	a-s---mn-	v-sppamn-		οἷος	ἔχω		m|m|@
9	45	κατέστραπται	t_727	103032106	v3spia---	p-p---na-		εἰμί	ὅς		m|m|@
9	46	μένειν	t_728	103032107	v-sppamn-	v3srim---		ἔχω	καταστρέφω		m|m|@
9	47	ἐπὶ	t_729	103032108	p-p---na-	v--pna---		ὅς	μένω		m|m|@
9	48	τούτων	t_730	103032109	v3srie---	r--------		καταστρέφω	ἐπί		m|m|@
9	49	,	t_731	103032110	v--pna---	p-p---ng-		μένω	οὗτος		m|m|@
9	50	ἀλλʼ	t_732	103032111	r--------	u--------		ἐπί	,		m|m|@
9	51	ἀεί	t_733	103032112	p-p---ng-	b--------		οὗτος	ἀλλά		m|m|@
9	52	τι	t_734	103032113	u--------	d--------		,	ἀεί		m|m|@
9	53	προσπεριβάλλεται	t_735	103032114	c--------	p-s---na-		ἀλλά	τις		m|m|@
9	54	καὶ	t_736	103032115	d--------	v3spim---		ἀεί	προσπεριβάλλω		m|m|@
9	55	κύκλῳ	t_737	103032116	p-s---na-	b--------		τις	καί		m|m|@
9	56	πανταχῇ	t_738	103032117	v3spie---	n-s---md-		προσπεριβάλλω	κύκλος		m|m|@
9	57	μέλλοντας	t_739	103032118	c--------	d--------		καί	πανταχῇ		m|m|@
9	58	ἡμᾶς	t_740	103032119	n-s---md-	v-pppama-		κύκλος	μέλλω		m|m|@
9	59	καὶ	t_741	103032120	d--------	p1p---ca-		πανταχῆ	ἐγώ		m|m|@
9	60	καθημένους	t_742	103032121	v-pppama-	b--------		μέλλω	καί		m|m|@
9	61	περιστοιχίζεται	t_743	103032122	p-p---ma-	v-prpmma-		ἐγώ	κάθημαι		m|m|@
9	62	.	t_744	103032123	c--------	v3spim---		καί	περιστοιχίζω		m|m|@
10	1	πότʼ	t_745	103032124	v-prpmma-	u--------		κάθημαι	.		m|m|@
10	2	οὖν	t_746	103032125	v3spie---	d--------		περιστοιχίζομαι	πότε		m|m|@
10	3	,	t_747	103032126	u--------	g--------		.	οὖν		m|m|@
10	4	ὦ	t_748	103032127	p--------	u--------		πότε	,		m|m|@
10	5	ἄνδρες	t_749	103032128	d--------	i--------		οὖν	ὦ		m|m|@
10	6	Ἀθηναῖοι	t_750	103032129	u--------	n-p---mv-		,	ἀνήρ		m|m|@
10	7	,	t_751	103032130	i--------	a-p---mv-		ὦ	Ἀθηναῖος		m|m|@
10	8	πόθʼ	t_752	103032131	n-p---mv-	u--------		ἀνήρ	,		m|m|@
10	9	ἃ	t_753	103032132	a-p---mv-	d--------		ἀθηναῖος	πότε		m|m|@
10	10	χρὴ	t_754	103032133	u--------	p-p---na-		,	ὅς		m|m|@
10	11	πράξετε	t_755	103032134	d--------	v3spia---		πότε	χρή		m|m|@
10	12	;	t_756	103032135	p-p---na-	v2pfia---		ὅς	πράσσω		m|m|@
10	13	ἐπειδὰν	t_757	103032136	v3spia---	u--------		χρή	;		m|m|@
10	14	τί	t_758	103032137	v2pfia---	c--------		πράσσω	ἐπειδάν		m|m|@
10	15	γένηται	t_759	103032138	u--------	p-s---nn-		;	τίς		m|m|@
10	16	;	t_760	103032139	c--------	v3sasm---		ἐπειδάν	γίγνομαι		m|m|@
10	17	ἐπειδὰν	t_761	103032140	p-s---nn-	u--------		τίς	;		m|m|@
10	18	νὴ	t_762	103032141	v3sasm---	c--------		γίγνομαι	ἐπειδάν		m|m|@
10	19	Δίʼ	t_763	103032142	u--------	r--------		;	νή		m|m|@
10	20	ἀνάγκη	t_764	103032143	c--------	n-s---ma-		ἐπειδάν	Ζεύς		m|m|@
10	21	τις	t_765	103032144	r--------	n-s---fn-		νή	ἀνάγκη		m|m|@
10	22	ᾖ	t_766	103032145	n-s---ma-	p-s---cn-		ζεύς	τις		m|m|@
10	23	.	t_767	103032146	n-s---fn-	v3spsa---		ἀνάγκη	εἰμί		m|m|@
10	24	νῦν	t_768	103032147	a-s---fn-	u--------		τις	.		m|m|@
10	25	δὲ	t_769	103032148	v3spsa---	d--------		εἰμί	νῦν		m|m|@
10	26	τί	t_770	103032149	u--------	b--------		.	δέ		m|m|@
10	27	χρὴ	t_771	103032150	d--------	p-s---na-		νῦν	τίς		m|m|@
10	28	τὰ	t_772	103032151	d--------	v3spia---		δέ	χρή		m|m|@
10	29	γιγνόμενʼ	t_773	103032152	p-s---na-	l-p---na-		τίς	ὁ		m|m|@
10	30	ἡγεῖσθαι	t_774	103032153	v3spia---	v-pppmna-		χρή	γίγνομαι		m|m|@
10	31	;	t_775	103032154	l-p---na-	v--pnm---		ὁ	ἡγέομαι		m|m|@
10	32	ἐγὼ	t_776	103032155	v-pppena-	u--------		γίγνομαι	;		m|m|@
10	33	μὲν	t_777	103032156	v--pnm---	p1s---cn-		ἡγέομαι	ἐγώ		m|m|@
10	34	γὰρ	t_778	103032157	u--------	g--------		;	μέν		m|m|@
10	35	οἴομαι	t_779	103032158	p-s---mn-	g--------		ἐγώ	γάρ		m|m|@
10	36	τοῖς	t_780	103032159	d--------	v1spim---		μέν	οἴομαι		m|m|@
10	37	ἐλευθέροις	t_781	103032160	d--------	l-p---md-		γάρ	ὁ		m|m|@
10	38	μεγίστην	t_782	103032161	v1spie---	a-p---md-		οἴομαι	ἐλεύθερος		m|m|@
10	39	ἀνάγκην	t_783	103032162	l-p---md-	a-s---fas		ὁ	μέγας		m|m|@
10	40	τὴν	t_784	103032163	a-p---md-	n-s---fa-		ἐλεύθερος	ἀνάγκη		m|m|@
10	41	ὑπὲρ	t_785	103032164	a-s---fas	l-s---fa-		μέγας	ὁ		m|m|@
10	42	τῶν	t_786	103032165	n-s---fa-	r--------		ἀνάγκη	ὑπέρ		m|m|@
10	43	πραγμάτων	t_787	103032166	l-s---fa-	l-p---ng-		ὁ	ὁ		m|m|
10	44	αἰσχύνην	t_788	103032167	r--------	n-p---ng-		ὑπέρ	πρᾶγμα		m|m|@
10	45	εἶναι	t_789	103032168	l-p---ng-	n-s---fa-		ὁ	αἰσχύνη		m|m|@
10	46	.	t_790	103032169	n-p---ng-	v--pna---		πρᾶγμα	εἰμί		m|m|@
10	47	ἢ	t_791	103032170	n-s---fa-	u--------		αἰσχύνη	.		m|m|@
10	48	βούλεσθʼ	t_792	103032171	v--pna---	b--------		εἰμί	ἤ		m|m|@
10	49	,	t_793	103032172	u--------	v2ppim---		.	βούλομαι		m|m|@
10	50	εἰπέ	t_794	103032173	d--------	u--------		ἤ1	,		m|m|@
10	51	μοι	t_795	103032174	v2ppie---	v2sama---		βούλομαι	λέγω		m|m|@
10	52	,	t_796	103032175	u--------	p1s---cd-		,	ἐγώ		m|m|@
10	53	περιιόντες	t_797	103032176	v2sama---	u--------		εἶπον	,		m|m|@
10	54	αὑτῶν	t_798	103032177	p-s---md-	v-pppamn-		ἐγώ	περιέρχομαι		m|m|@
10	55	πυνθάνεσθαι	t_799	103032178	u--------	p-p---mg-		,	ἑαυτοῦ		m|m|@
10	56	,	t_800	103032179	v-pppamn-	v--pnm---		περίειμι1	πυνθάνομαι		m|m|@
10	57	λέγεταί	t_801	103032180	p-p---mg-	u--------		ἑαυτοῦ	,		m|m|@
10	58	τι	t_802		v--pne---			πυνθάνομαι			m|m|m
10	59	καινόν	t_803	103032181	u--------	u--------		,	"		m|m|@
10	60	;	t_804	103032182	v3spie---	v3spim---		λέγω3	λέγω		m|m|
10	61	γένοιτο	t_805	103032183	p-s---nn-	p-s---nn-		τις	τις		m|m|
10	62	γὰρ	t_806	103032184	a-s---nn-	a-s---nn-		καινός	καινός		m|m|
10	63	ἄν	t_807		u--------			;			m|m|m
10	64	τι	t_808	103032185	v3saom---	u--------		γίγνομαι	"		m|m|@
10	65	καινότερον	t_809	103032186	d--------	u--------		γάρ	;		m|m|@
10	66	ἢ	t_810	103032187	d--------	v3saom---		ἄν	γίγνομαι		m|m|@
10	67	Μακεδὼν	t_811	103032188	p-s---nn-	g--------		τις	γάρ		m|m|@
10	68	ἀνὴρ	t_812	103032189	a-s---nnc	g--------		καινός	ἄν		m|m|@
10	69	Ἀθηναίους	t_813	103032190	c--------	p-s---nn-		ἤ1	τις		m|m|@
10	70	καταπολεμῶν	t_814	103032191	n-s---mn-	a-s---nnc		μακεδών	καινός		m|m|@
10	71	καὶ	t_815	103032192	n-s---mn-	c--------		ἀνήρ	ἤ		m|m|@
10	72	τὰ	t_816	103032193	n-p---ma-	a-s---mn-		ἀθήναιος	Μακεδών		m|m|@
10	73	τῶν	t_817	103032194	v-sppamn-	n-s---mn-		καταπολεμέω	ἀνήρ		m|m|@
10	74	Ἑλλήνων	t_818	103032195	c--------	a-p---ma-		καί	Ἀθηναῖος		m|m|@
10	75	διοικῶν	t_819	103032196	l-p---na-	v-sppamn-		ὁ	καταπολεμέω		m|m|@
10	76	;	t_820	103032197	l-p---mg-	b--------		ὁ	καί		m|m|@
10	77	τέθνηκε	t_821	103032198	n-p---mg-	l-p---na-		ἕλλην	ὁ		m|m|@
10	78	Φίλιππος	t_822	103032199	v-sppamn-	l-p---mg-		διοικέω	ὁ		m|m|@
10	79	;	t_823	103032200	u--------	n-p---mg-		;	Ἕλλην		m|m|@
10	80	οὐ	t_824	103032201	v3sria---	v-sppamn-		θνήσκω	διοικέω		m|m|@
10	81	μὰ	t_825	103032202	n-s---mn-	u--------		φίλιππος	;		m|m|@
10	82	Δίʼ	t_826		u--------			;			m|m|m
10	83	,	t_827	103032203	d--------	u--------		οὐ	"		m|m|@
10	84	ἀλλʼ	t_828	103032204	r--------	v3sria---		μά	θνῄσκω		m|m|@
10	85	ἀσθενεῖ	t_829	103032205	n-s---ma-	n-s---mn-		ζεύς	Φίλιππος		m|m|@
10	86	.	t_830		u--------			,			m|m|m
11	1	τί	t_831	103032206	c--------	u--------		ἀλλά	"		m|m|@
11	2	δʼ	t_832	103032207	v3spia---	u--------		ἀσθενής	;		m|m|@
11	3	ὑμῖν	t_833		u--------			.			m|m|m
11	4	διαφέρει	t_834	103032208	p-s---nn-	u--------		τίς	"		m|m|@
11	5	;	t_835	103032209	d--------	d--------		δέ	οὐ		m|m|@
11	6	καὶ	t_836	103032210	p-p---md-	r--------		σύ	μά		m|m|@
11	7	γὰρ	t_837	103032211	v3spia---	n-s---ma-		διαφέρω	Ζεύς		m|m|@
11	8	ἂν	t_838	103032212	u--------	u--------		;	,		m|m|@
11	9	οὗτός	t_839	103032213	d--------	b--------		καί	ἀλλά		m|m|@
11	10	τι	t_840	103032214	d--------	v3spia---		γάρ	ἀσθενέω		m|m|@
11	11	πάθῃ	t_841		c--------			ἄν			m|m|m
11	12	,	t_842	103032215	p-s---mn-	u--------		οὗτος	"		m|m|@
11	13	ταχέως	t_843	103032216	p-s---na-	u--------		τις	.		m|m|@
11	14	ὑμεῖς	t_844	103032217	v3sasa---	p-s---nn-		πάσχω	τίς		m|m|@
11	15	ἕτερον	t_845	103032218	u--------	b--------		,	δέ		m|m|@
11	16	Φίλιππον	t_846	103032219	d--------	p2p---cd-		ταχύς	σύ		m|m|@
11	17	ποιήσετε	t_847	103032220	p-p---mn-	v3spia---		σύ	διαφέρω		m|m|@
11	18	,	t_848	103032221	a-s---ma-	u--------		ἕτερος	;		m|m|@
11	19	ἄνπερ	t_849	103032222	n-s---ma-	d--------		φίλιππος	καί		m|m|@
11	20	οὕτω	t_850	103032223	v2pfia---	g--------		ποιέω	γάρ		m|m|@
11	21	προσέχητε	t_851	103032224	u--------	c--------		,	ἐάν		m|m|@
11	22	τοῖς	t_852	103032225	c--------	p-s---mn-		ἐάν	οὗτος		m|m|@
11	23	πράγμασι	t_853	103032226	d--------	p-s---na-		οὕτως	τις		m|m|@
11	24	τὸν	t_854	103032227	v2ppsa---	v3sasa---		προσέχω	πάσχω		m|m|@
11	25	νοῦν	t_855	103032228	l-p---nd-	u--------		ὁ	,		m|m|@
11	26	·	t_856	103032229	n-p---nd-	d--------		πρᾶγμα	ταχύς		m|m|@
11	27	οὐ	t_857	103032230	l-s---ma-	p2p---cn-		ὁ	σύ		m|m|@
11	28	δὲ	t_858	103032231	n-s---ma-	a-s---ma-		νόος	ἕτερος		m|m|@
11	29	γὰρ	t_859	103032232	u--------	n-s---ma-		·	Φίλιππος		m|m|@
11	30	οὗτος	t_860	103032233	d--------	v2pfia---		οὐ	ποιέω		m|m|@
11	31	παρὰ	t_861	103032234	d--------	u--------		δέ	,		m|m|@
11	32	τὴν	t_862	103032235	d--------	c--------		γάρ	ἐάν		m|m|@
11	33	αὑτοῦ	t_863	103032236	p-s---mn-	d--------		οὗτος	οὕτως		m|m|@
11	34	ῥώμην	t_864	103032237	r--------	v2ppsa---		παρά	προσέχω		m|m|@
11	35	τοσοῦτον	t_865	103032238	l-s---fa-	l-p---nd-		ὁ	ὁ		m|m|
11	36	ἐπηύξηται	t_866	103032239	p-s---mg-	n-p---nd-		ἑαυτοῦ	πρᾶγμα		m|m|@
11	37	ὅσον	t_867	103032240	n-s---fa-	l-s---ma-		ῥώμη	ὁ		m|m|@
11	38	παρὰ	t_868	103032241	p-s---ma-	n-s---ma-		τοσοῦτος	νόος		m|m|@
11	39	τὴν	t_869	103032242	v3srie---	u--------		ἐπαυξάνω	·		m|m|@
11	40	ἡμετέραν	t_870	103032243	a-s---na-	d--------		ὅσος	οὐ		m|m|@
11	41	ἀμέλειαν	t_871	103032244	r--------	b--------		παρά	δέ		m|m|@
11	42	.	t_872	103032245	l-s---fa-	g--------		ὁ	γάρ		m|m|@
12	1	καίτοι	t_873	103032246	a-s---fa-	p-s---mn-		ἡμέτερος	οὗτος		m|m|@
12	2	καὶ	t_874	103032247	n-s---fa-	r--------		ἀμέλεια	παρά		m|m|@
12	3	τοῦτο	t_875	103032248	u--------	l-s---fa-		.	ὁ		m|m|@
12	4	·	t_876	103032249	d--------	p-s---mg-		καίτοι	ἑαυτοῦ		m|m|@
12	5	εἴ	t_877	103032250	d--------	n-s---fa-		καί	ῥώμη		m|m|@
12	6	τι	t_878	103032251	p-s---nn-	p-s---ma-		οὗτος	τοσοῦτος		m|m|@
12	7	πάθοι	t_879	103032252	u--------	v3srim---		·	ἐπαυξάνω		m|m|@
12	8	καὶ	t_880	103032253	c--------	p-s---na-		εἰ	ὅσος		m|m|@
12	9	τὰ	t_881	103032254	p-s---na-	r--------		τις	παρά		m|m|@
12	10	τῆς	t_882	103032255	v3saoa---	l-s---fa-		πάσχω	ὁ		m|m|@
12	11	τύχης	t_883	103032256	c--------	a-s---fa-		καί	ἡμέτερος		m|m|@
12	12	ἡμῖν	t_884	103032257	l-p---nn-	n-s---fa-		ὁ	ἀμέλεια		m|m|@
12	13	,	t_885	103032258	l-s---fg-	u--------		ὁ	.		m|m|@
12	14	ἥπερ	t_886	103032259	n-s---fg-	g--------		τύχη	καίτοι		m|m|@
12	15	ἀεὶ	t_887	103032260	p-p---md-	d--------		ἐγώ	καί		m|m|@
12	16	βέλτιον	t_888	103032261	u--------	p-s---nn-		,	οὗτος		m|m|@
12	17	ἢ	t_889	103032262	p-s---fn-	u--------		ὅς	·		m|m|@
12	18	ἡμεῖς	t_890	103032263	d--------	c--------		ἀεί	εἰ		m|m|@
12	19	ἡμῶν	t_891	103032264	a-s---nac	p-s---na-		βελτίων	τις		m|m|@
12	20	αὐτῶν	t_892	103032265	c--------	v3saoa---		ἤ1	πάσχω		m|m|@
12	21	ἐπιμελούμεθα	t_893	103032266	p-p---mn-	b--------		ἐγώ	καί		m|m|@
12	22	,	t_894	103032267	p-p---mg-	l-p---nn-		ἐγώ	ὁ		m|m|@
12	23	καὶ	t_895	103032268	a-p---mg-	l-s---fg-		αὐτός	ὁ		m|m|@
12	24	τοῦτʼ	t_896	103032269	v1ppie---	n-s---fg-		ἐπιμελέομαι	τύχη		m|m|@
12	25	ἐξεργάσαιτο	t_897	103032270	u--------	p1p---cd-		,	ἐγώ		m|m|@
12	26	,	t_898	103032271	d--------	u--------		καί	,		m|m|@
12	27	ἴσθʼ	t_899	103032272	p-p---na-	p-s---fn-		οὗτος	ὅς		m|m|@
12	28	ὅτι	t_900	103032273	v3saoe---	d--------		ἐξεργάζομαι	ἀεί		m|m|@
12	29	πλησίον	t_901	103032274	u--------	a-s---nac		,	ἀγαθός		m|m|@
12	30	μὲν	t_902	103032275	v2prma---	c--------		οἶδα	ἤ		m|m|@
12	31	ὄντες	t_903	103032276	c--------	p1p---cn-		ὅτι	ἐγώ		m|m|@
12	32	,	t_904	103032277	d--------	p1p---cg-		πλησίος	ἐγώ		m|m|@
12	33	ἅπασιν	t_905	103032278	d--------	p-p---mg-		μέν	αὐτός		m|m|@
12	34	ἂν	t_906	103032279	v-pppamn-	v1ppim---		εἰμί	ἐπιμελέομαι		m|m|@
12	35	τοῖς	t_907	103032280	u--------	u--------		,	,		m|m|
12	36	πράγμασιν	t_908	103032281	a-p---nd-	d--------		ἅπας	καί		m|m|@
12	37	τεταραγμένοις	t_909	103032282	d--------	p-p---na-		ἄν	οὗτος		m|m|@
12	38	ἐπιστάντες	t_910	103032283	l-p---nd-	v3saom---		ὁ	ἐξεργάζομαι		m|m|@
12	39	ὅπως	t_911	103032284	n-p---nd-	u--------		πρᾶγμα	,		m|m|@
12	40	βούλεσθε	t_912	103032285	v-prpend-	v2prma---		ταράσσω	οἶδα		m|m|@
12	41	διοικήσαισθε	t_913	103032286	v-pppamn-	c--------		ἐφίστημι	ὅτι		m|m|@
12	42	,	t_914	103032287	c--------	d--------		ὅπως	πλησίον		m|m|@
12	43	ὡς	t_915	103032288	v2ppie---	g--------		βούλομαι	μέν		m|m|@
12	44	δὲ	t_916	103032289	v2paom---	v-pppamn-		διοικέω	εἰμί		m|m|@
12	45	νῦν	t_917	103032290	u--------	u--------		,	,		m|m|
12	46	ἔχετε	t_918	103032291	c--------	a-p---nd-		ὡς	ἅπας		m|m|@
12	47	,	t_919	103032292	c--------	g--------		δέ	ἄν		m|m|@
12	48	οὐ	t_920	103032293	d--------	l-p---nd-		νῦν	ὁ		m|m|@
12	49	δὲ	t_921	103032294	v2ppia---	n-p---nd-		ἔχω	πρᾶγμα		m|m|@
12	50	διδόντων	t_922	103032295	u--------	v-prpmnd-		,	ταράσσω		m|m|@
12	51	τῶν	t_923	103032296	d--------	v-pppamn-		οὐ	ἐφίστημι		m|m|@
12	52	καιρῶν	t_924	103032297	d--------	c--------		δέ	ὅπως		m|m|@
12	53	Ἀμφίπολιν	t_925	103032298	v-pppamg-	v2ppim---		δίδωμι	βούλομαι		m|m|@
12	54	δέξασθαι	t_926	103032299	l-p---mg-	v2paom---		ὁ	διοικέω		m|m|@
12	55	δύναισθʼ	t_927	103032300	n-p---mg-	u--------		καιρός	,		m|m|@
12	56	ἄν	t_928	103032301	n-s---fa-	c--------		ἀμφίπολις	ὡς		m|m|@
12	57	,	t_929	103032302	v--anm---	b--------		δέχομαι	δέ		m|m|@
12	58	ἀπηρτημένοι	t_930	103032303	v2ppoe---	d--------		δύναμαι	νῦν		m|m|@
12	59	καὶ	t_931	103032304	d--------	v2ppia---		ἄν	ἔχω		m|m|@
12	60	ταῖς	t_932	103032305	u--------	u--------		,	,		m|m|
12	61	παρασκευαῖς	t_933	103032306	v-prpemn-	d--------		ἀπαρτάω	οὐ		m|m|@
12	62	καὶ	t_934	103032307	d--------	b--------		καί	δέ		m|m|@
12	63	ταῖς	t_935	103032308	l-p---fd-	v-pppamg-		ὁ	δίδωμι		m|m|@
12	64	γνώμαις	t_936	103032309	n-p---fd-	l-p---mg-		παρασκευή	ὁ		m|m|@
12	65	.	t_937	103032310	c--------	n-p---mg-		καί	καιρός		m|m|@
13	1	ὡς	t_938	103032311	l-p---fd-	n-s---fa-		ὁ	Ἀμφίπολις		m|m|@
13	2	μὲν	t_939	103032312	n-p---fd-	v--anm---		γνώμη	δέχομαι		m|m|@
13	3	οὖν	t_940	103032313	u--------	v2ppom---		.	δύναμαι		m|m|@
13	4	δεῖ	t_941	103032314	c--------	g--------		ὡς	ἄν		m|m|@
13	5	τὰ	t_942	103032315	d--------	u--------		μέν	,		m|m|@
13	6	προσήκοντα	t_943	103032316	d--------	v-prpmmn-		οὖν	ἀπαρτάω		m|m|@
13	7	ποιεῖν	t_944	103032317	v3spia---	b--------		δεῖ	καί		m|m|@
13	8	ἐθέλοντας	t_945	103032318	l-p---na-	l-p---fd-		ὁ	ὁ		m|m|
13	9	ὑπάρχειν	t_946	103032319	v-pppana-	n-p---fd-		προσήκω	παρασκευή		m|m|@
13	10	ἅπαντας	t_947	103032320	v--pna---	b--------		ποιέω	καί		m|m|@
13	11	ἑτοίμως	t_948	103032321	v-pppama-	l-p---fd-		ἐθέλω	ὁ		m|m|@
13	12	,	t_949	103032322	v--pna---	n-p---fd-		ὑπάρχω	γνώμη		m|m|@
13	13	ὡς	t_950	103032323	a-p---ma-	u--------		ἅπας	.		m|m|@
13	14	ἐγνωκότων	t_951	103032324	d--------	c--------		ἑτοῖμος	ὡς		m|m|@
13	15	ὑμῶν	t_952	103032325	u--------	g--------		,	μέν		m|m|@
13	16	καὶ	t_953	103032326	d--------	g--------		ὡς	οὖν		m|m|@
13	17	πεπεισμένων	t_954	103032327	v-prpamg-	v3spia---		γιγνώσκω	δέω		m|m|@
13	18	,	t_955	103032328	p-p---mg-	l-p---na-		σύ	ὁ		m|m|@
13	19	παύομαι	t_956	103032329	c--------	v-pppana-		καί	προσήκω		m|m|@
13	20	λέγων	t_957	103032330	v-prpemg-	v--pna---		πείθω	ποιέω		m|m|@
13	21	·	t_958	103032331	u--------	v-pppama-		,	ἐθέλω		m|m|@
13	22	τὸν	t_959	103032332	v1spie---	v--pna---		παύω	ὑπάρχω		m|m|@
13	23	δὲ	t_960	103032333	v-sppamn-	a-p---ma-		λέγω3	ἅπας		m|m|@
13	24	τρόπον	t_961	103032334	u--------	d--------		·	ἑτοῖμος		m|m|@
13	25	τῆς	t_962	103032335	l-s---ma-	u--------		ὁ	,		m|m|@
13	26	παρασκευῆς	t_963	103032336	d--------	d--------		δέ	ὡς		m|m|@
13	27	ἣν	t_964	103032337	n-s---ma-	v-prpamg-		τρόπος	γιγνώσκω		m|m|@
13	28	ἀπαλλάξαι	t_965	103032338	l-s---fg-	p2p---cg-		ὁ	σύ		m|m|@
13	29	ἂν	t_966	103032339	n-s---fg-	b--------		παρασκευή	καί		m|m|@
13	30	τῶν	t_967	103032340	p-s---fa-	v-prpmmg-		ὅς	πείθω		m|m|@
13	31	τοιούτων	t_968	103032341	v--ana---	u--------		ἀπαλλαξείω	,		m|m|@
13	32	πραγμάτων	t_969	103032342	d--------	v1spim---		ἄν	παύω		m|m|@
13	33	ὑμᾶς	t_970	103032343	l-p---ng-	v-sppamn-		ὁ	λέγω		m|m|@
13	34	οἴομαι	t_971	103032344	a-p---ng-	u--------		τοιοῦτος	·		m|m|@
13	35	,	t_972	103032345	n-p---ng-	l-s---ma-		πρᾶγμα	ὁ		m|m|@
13	36	καὶ	t_973	103032346	p-p---ma-	b--------		σύ	δέ		m|m|@
13	37	τὸ	t_974	103032347	v1spie---	n-s---ma-		οἴομαι	τρόπος		m|m|@
13	38	πλῆθος	t_975	103032348	u--------	l-s---fg-		,	ὁ		m|m|@
13	39	ὅσον	t_976	103032349	d--------	n-s---fg-		καί	παρασκευή		m|m|@
13	40	,	t_977	103032350	l-s---na-	p-s---fa-		ὁ	ὅς		m|m|@
13	41	καὶ	t_978	103032351	n-s---na-	v--ana---		πλῆθος	ἀπαλλάσσω		m|m|@
13	42	πόρους	t_979	103032352	a-s---na-	g--------		ὅσος	ἄν		m|m|@
13	43	οὕστινας	t_980	103032353	u--------	l-p---ng-		,	ὁ		m|m|@
13	44	χρημάτων	t_981	103032354	d--------	p-p---ng-		καί	τοιοῦτος		m|m|@
13	45	,	t_982	103032355	n-p---ma-	n-p---ng-		πόρος	πρᾶγμα		m|m|@
13	46	καὶ	t_983	103032356	a-p---ma-	p2p---ca-		ὅστις	σύ		m|m|@
13	47	τἄλλʼ	t_984	103032357	n-p---ng-	v1spim---		χρῆμα	οἴομαι		m|m|@
13	48	ὡς	t_985	103032358	u--------	u--------		,	,		m|m|
13	49	ἄν	t_986	103032359	c--------	b--------		καί	καί		m|m|
13	50	μοι	t_987	103032360	l-p---na-	l-s---na-		ὁ	ὁ		m|m|
13	51	βέλτιστα	t_988	103032361	p-p---na-	n-s---na-		ἄλλος	πλῆθος		m|m|@
13	52	καὶ	t_989	103032362	c--------	p-s---na-		ὡς	ὅσος		m|m|@
13	53	τάχιστα	t_990	103032363	d--------	u--------		ἄν	,		m|m|@
13	54	δοκεῖ	t_991	103032364	p-s---md-	b--------		ἐγώ	καί		m|m|@
13	55	παρασκευασθῆναι	t_992	103032365	a-p---nn-	n-p---ma-		βέλτιστος	πόρος		m|m|@
13	56	,	t_993	103032366	c--------	a-p---ma-		καί	ὅστις		m|m|@
13	57	καὶ	t_994	103032367	a-p---nn-	n-p---ng-		ταχύς	χρῆμα		m|m|@
13	58	δὴ	t_995	103032368	v3spia---	u--------		δοκέω	,		m|m|@
13	59	πειράσομαι	t_996	103032369	v--anp---	b--------		παρασκευάζω	καί		m|m|@
13	60	λέγειν	t_997	103032370	u--------	l-p---na-		,	ὁ		m|m|@
13	61	,	t_998	103032371	d--------	p-p---na-		καί	ἄλλος		m|m|@
13	62	δεηθεὶς	t_999	103032372	d--------	c--------		δή	ὡς		m|m|@
13	63	ὑμῶν	t_1000	103032373	v1sfim---	g--------		πειράω	ἄν		m|m|@
13	64	,	t_1001	103032374	v--pna---	p1s---cd-		λέγω3	ἐγώ		m|m|@
13	65	ὦ	t_1002	103032375	u--------	a-p---nns		,	ἀγαθός		m|m|@
13	66	ἄνδρες	t_1003	103032376	v-sappmn-	b--------		δέω2	καί		m|m|@
13	67	Ἀθηναῖοι	t_1004	103032377	p-p---mg-	a-p---nns		σύ	ταχύς		m|m|@
13	68	,	t_1005	103032378	u--------	v3spia---		,	δοκέω		m|m|@
13	69	τοσοῦτον	t_1006	103032379	i--------	v--anp---		ὦ	παρασκευάζω		m|m|@
13	70	.	t_1007	103032380	n-p---mv-	u--------		ἀνήρ	,		m|m|@
14	1	ἐπειδὰν	t_1008	103032381	a-p---mv-	b--------		ἀθηναῖος	καί		m|m|@
14	2	ἅπαντʼ	t_1009	103032382	u--------	g--------		,	δή		m|m|@
14	3	ἀκούσητε	t_1010	103032383	p-s---ma-	v1sfim---		τοσοῦτος	πειράω		m|m|@
14	4	κρίνατε	t_1011	103032384	u--------	v--pna---		.	λέγω		m|m|@
14	5	,	t_1012	103032385	c--------	u--------		ἐπειδάν	,		m|m|@
14	6	μὴ	t_1013	103032386	a-p---na-	v-sappmn-		ἅπας	δέω		m|m|@
14	7	πρότερον	t_1014	103032387	v2pasa---	p2p---cg-		ἀκούω	σύ		m|m|@
14	8	προλαμβάνετε	t_1015	103032388	v2pama---	u--------		κρίνω	,		m|m|@
14	9	·	t_1016	103032389	u--------	i--------		,	ὦ		m|m|@
14	10	μηδʼ	t_1017	103032390	d--------	n-p---mv-		μή	ἀνήρ		m|m|@
14	11	ἂν	t_1018	103032391	a-s---na-	a-p---mv-		πρότερος	Ἀθηναῖος		m|m|@
14	12	ἐξ	t_1019	103032392	v2ppma---	u--------		προλαμβάνω	,		m|m|@
14	13	ἀρχῆς	t_1020	103032393	u--------	p-s---ma-		·	τοσοῦτος		m|m|@
14	14	δοκῶ	t_1021	103032394	d--------	u--------		μη	.		m|m|@
14	15	τινι	t_1022	103032395	c--------	c--------		δέ	ἐπειδάν		m|m|@
14	16	καινὴν	t_1023	103032396	c--------	a-p---na-		ἄν	ἅπας		m|m|@
14	17	παρασκευὴν	t_1024	103032397	r--------	v2pasa---		ἐκ	ἀκούω		m|m|@
14	18	λέγειν	t_1025	103032398	n-s---fg-	v2pama---		ἀρχή	κρίνω		m|m|@
14	19	,	t_1026	103032399	v1spsa---	u--------		δοκέω	,		m|m|@
14	20	ἀναβάλλειν	t_1027	103032400	p-s---md-	d--------		τις	μή		m|m|@
14	21	με	t_1028	103032401	a-s---fa-	d-------c		καινός	πρότερος		m|m|@
14	22	τὰ	t_1029	103032402	n-s---fa-	v2ppma---		παρασκευή	προλαμβάνω		m|m|@
14	23	πράγμαθʼ	t_1030	103032403	v--pna---	u--------		λέγω3	·		m|m|@
14	24	ἡγείσθω	t_1031	103032404	u--------	d--------		,	μή		m|m|@
14	25	.	t_1032	103032405	v--pna---	b--------		ἀναβάλλω	δέ		m|m|@
14	26	οὐ	t_1033	103032406	p-s---ma-	c--------		ἐγώ	ἐάν		m|m|@
14	27	γὰρ	t_1034	103032407	l-p---na-	r--------		ὁ	ἐκ		m|m|@
14	28	οἱ	t_1035	103032408	n-p---na-	n-s---fg-		πρᾶγμα	ἀρχή		m|m|@
14	29	ταχὺ	t_1036	103032409	v3spmm---	v1spsa---		ἡγέομαι	δοκέω		m|m|@
14	30	καὶ	t_1037	103032410	u--------	p-s---cd-		.	τις		m|m|@
14	31	τήμερον	t_1038	103032411	d--------	a-s---fa-		οὐ	καινός		m|m|@
14	32	εἰπόντες	t_1039	103032412	d--------	n-s---fa-		γάρ	παρασκευή		m|m|@
14	33	μάλιστʼ	t_1040	103032413	l-p---mn-	v--pna---		ὁ	λέγω		m|m|@
14	34	εἰς	t_1041	103032414	a-s---na-	u--------		ταχύς	,		m|m|@
14	35	δέον	t_1042	103032415	c--------	v--pna---		καί	ἀναβάλλω		m|m|@
14	36	λέγουσιν	t_1043	103032416	d--------	p1s---ca-		σήμερον	ἐγώ		m|m|@
14	37	(	t_1044	103032417	v-papamn-	l-p---na-		εἶπον	ὁ		m|m|@
14	38	οὐ	t_1045	103032418	d--------	n-p---na-		μάλιστα	πρᾶγμα		m|m|@
14	39	γὰρ	t_1046	103032419	r--------	v3spmm---		εἰς	ἡγέομαι		m|m|@
14	40	ἂν	t_1047	103032420	v-sppana-	u--------		δεῖ	.		m|m|@
14	41	τά	t_1048	103032421	v3ppia---	d--------		λέγω3	οὐ		m|m|@
14	42	γʼ	t_1049	103032422	u--------	g--------		̔	γάρ		m|m|@
14	43	ἤδη	t_1050	103032423	d--------	l-p---mn-		οὐ	ὁ		m|m|@
14	44	γεγενημένα	t_1051		d--------			γάρ			m|m|m
14	45	τῇ	t_1052	103032424	d--------	u--------		ἄν	"		m|m|@
14	46	νυνὶ	t_1053	103032425	l-p---na-	a-s---na-		ὁ	ταχύς		m|m|@
14	47	βοηθείᾳ	t_1054		d--------			γε			m|m|m
14	48	κωλῦσαι	t_1055	103032426	d--------	u--------		ἤδη	"		m|m|@
14	49	δυνηθεῖμεν	t_1056	103032427	v-prpena-	b--------		γίγνομαι	καί		m|m|@
14	50	)	t_1057		l-s---fd-			ὁ			m|m|m
14	51	,	t_1058	103032428	d--------	u--------		νυνί	"		m|m|@
15	1	ἀλλʼ	t_1059	103032429	n-s---fd-	d--------		βοήθεια	σήμερον		m|m|@
15	2	ὃς	t_1060		v--ana---			κωλύω			m|m|m
15	3	ἂν	t_1061	103032430	v1paop---	u--------		δύναμαι	"		m|m|@
15	4	δείξῃ	t_1062	103032431	u--------	v-papamn-		)	λέγω		m|m|@
15	5	τίς	t_1063	103032432	u--------	d-------s		,	μάλα		m|m|@
15	6	πορισθεῖσα	t_1064	103032433	c--------	r--------		ἀλλά	εἰς		m|m|@
15	7	παρασκευὴ	t_1065	103032434	p-s---mn-	v-sppana-		ὅς	δέω		m|m|@
15	8	καὶ	t_1066	103032435	d--------	v3ppia---		ἄν	λέγω		m|m|@
15	9	πόση	t_1067	103032436	v3sasa---	u--------		δείκνυμι	(		m|m|@
15	10	καὶ	t_1068	103032437	a-s---fn-	d--------		τις	οὐ		m|m|@
15	11	πόθεν	t_1069	103032438	v-sappfn-	g--------		πορίζω	γάρ		m|m|@
15	12	διαμεῖναι	t_1070	103032439	n-s---fn-	g--------		παρασκευή	ἄν		m|m|@
15	13	δυνήσεται	t_1071	103032440	d--------	l-p---na-		καί	ὁ		m|m|@
15	14	,	t_1072	103032441	a-s---fn-	d--------		πόσος	γε		m|m|@
15	15	ἕως	t_1073	103032442	c--------	d--------		καί	ἤδη		m|m|@
15	16	ἂν	t_1074	103032443	d--------	v-prpmna-		πόθεν	γίγνομαι		m|m|@
15	17	ἢ	t_1075	103032444	v--ana---	l-s---fd-		διαμένω	ὁ		m|m|@
15	18	διαλυσώμεθα	t_1076	103032445	v3sasm---	d--------		δύναμαι	νυνί		m|m|@
15	19	πεισθέντες	t_1077	103032446	u--------	n-s---fd-		,	βοήθεια		m|m|@
15	20	τὸν	t_1078	103032447	c--------	v--ana---		ἕως	κωλύω		m|m|@
15	21	πόλεμον	t_1079	103032448	d--------	v1paop---		ἄν	δύναμαι		m|m|@
15	22	ἢ	t_1080	103032449	d--------	u--------		ἤ1	)		m|m|@
15	23	περιγενώμεθα	t_1081	103032450	v1pasm---	u--------		διαλύω	,		m|m|@
15	24	τῶν	t_1082	103032451	v-pappmn-	b--------		πείθω	ἀλλά		m|m|@
15	25	ἐχθρῶν	t_1083	103032452	l-s---ma-	p-s---mn-		ὁ	ὅς		m|m|@
15	26	·	t_1084	103032453	n-s---ma-	g--------		πόλεμος	ἄν		m|m|@
15	27	οὕτω	t_1085	103032454	c--------	v3sasa---		ἤ1	δείκνυμι		m|m|@
15	28	γὰρ	t_1086	103032455	v1pasm---	p-s---cn-		περιγίγνομαι	τίς		m|m|@
15	29	οὐκέτι	t_1087	103032456	l-p---mg-	v-sappfn-		ὁ	πορίζω		m|m|@
15	30	τοῦ	t_1088	103032457	n-p---mg-	n-s---fn-		ἐχθρός	παρασκευή		m|m|@
15	31	λοιποῦ	t_1089	103032458	u--------	b--------		·	καί		m|m|@
15	32	πάσχοιμεν	t_1090	103032459	d--------	a-s---fn-		οὕτως	πόσος		m|m|@
15	33	ἂν	t_1091	103032460	d--------	b--------		γάρ	καί		m|m|@
15	34	κακῶς	t_1092	103032461	d--------	d--------		οὐκέτι	πόθεν		m|m|@
15	35	.	t_1093	103032462	l-s---ng-	v--ana---		ὁ	διαμένω		m|m|@
15	36	οἶμαι	t_1094	103032463	a-s---ng-	v3sasm---		λοιπός	δύναμαι		m|m|@
15	37	τοίνυν	t_1095	103032464	v1ppoa---	u--------		πάσχω	,		m|m|@
15	38	ἐγὼ	t_1096	103032465	d--------	c--------		ἄν	ἕως		m|m|@
15	39	ταῦτα	t_1097	103032466	d--------	g--------		κακός	ἄν		m|m|@
15	40	λέγειν	t_1098	103032467	u--------	b--------		.	ἤ		m|m|@
15	41	ἔχειν	t_1099	103032468	v1spie---	v1pasm---		οἴομαι	διαλύω		m|m|@
15	42	,	t_1100	103032469	d--------	v-pappmn-		τοίνυν	πείθω		m|m|@
15	43	μὴ	t_1101	103032470	p-s---mn-	l-s---ma-		ἐγώ	ὁ		m|m|@
15	44	κωλύων	t_1102	103032471	p-p---na-	n-s---ma-		οὗτος	πόλεμος		m|m|@
15	45	εἴ	t_1103	103032472	v--pna---	b--------		λέγω3	ἤ		m|m|@
15	46	τις	t_1104	103032473	v--pna---	v1pasm---		ἔχω	περιγίγνομαι		m|m|@
15	47	ἄλλος	t_1105	103032474	u--------	l-p---mg-		,	ὁ		m|m|@
15	48	ἐπαγγέλλεταί	t_1106	103032475	d--------	a-p---mg-		μή	ἐχθρός		m|m|@
15	49	τι	t_1107	103032476	v-sppamn-	u--------		κωλύω	·		m|m|@
15	50	.	t_1108	103032477	c--------	d--------		εἰ	οὕτως		m|m|@
15	51	ἡ	t_1109	103032478	p-s---mn-	g--------		τις	γάρ		m|m|@
15	52	μὲν	t_1110	103032479	a-s---mn-	d--------		ἄλλος	οὐκέτι		m|m|@
15	53	οὖν	t_1111	103032480	v3spie---	l-s---ng-		ἐπαγγέλλω	ὁ		m|m|@
15	54	ὑπόσχεσις	t_1112	103032481	p-s---na-	a-s---ng-		τις	λοιπός		m|m|@
15	55	οὕτω	t_1113	103032482	u--------	v1ppoa---		.	πάσχω		m|m|@
15	56	μεγάλη	t_1114	103032483	l-s---fn-	g--------		ὁ	ἄν		m|m|@
15	57	,	t_1115	103032484	d--------	d--------		μέν	κακός		m|m|@
15	58	τὸ	t_1116	103032485	d--------	u--------		οὖν	.		m|m|@
15	59	δὲ	t_1117	103032486	n-s---fn-	v1spim---		ὑπόσχεσις	οἴομαι		m|m|@
15	60	πρᾶγμʼ	t_1118	103032487	d--------	g--------		οὕτως	τοίνυν		m|m|@
15	61	ἤδη	t_1119	103032488	a-s---fn-	p1s---cn-		μέγας	ἐγώ		m|m|@
15	62	τὸν	t_1120	103032489	u--------	p-p---na-		,	οὗτος		m|m|@
15	63	ἔλεγχον	t_1121	103032490	l-s---nn-	v--pna---		ὁ	λέγω		m|m|@
15	64	δώσει	t_1122	103032491	c--------	v--pna---		δέ	ἔχω		m|m|@
15	65	·	t_1123	103032492	n-s---nn-	u--------		πρᾶγμα	,		m|m|@
15	66	κριταὶ	t_1124	103032493	d--------	d--------		ἤδη	μή		m|m|@
15	67	δʼ	t_1125	103032494	l-s---ma-	v-sppamn-		ὁ	κωλύω		m|m|@
15	68	ὑμεῖς	t_1126	103032495	n-s---ma-	c--------		ἔλεγχος2	εἰ		m|m|@
15	69	ἔσεσθε	t_1127	103032496	v3sfia---	p-s---cn-		δίδωμι	τις		m|m|@
15	70	.	t_1128	103032497	u--------	p-s---mn-		·	ἄλλος		m|m|@
16	1	πρῶτον	t_1129	103032498	n-p---mn-	v3spim---		κριτής	ἐπαγγέλλω		m|m|@
16	2	μὲν	t_1130	103032499	d--------	p-s---na-		δέ	τις		m|m|@
16	3	τοίνυν	t_1131	103032500	p-p---mn-	u--------		σύ	.		m|m|@
16	4	,	t_1132	103032501	v2pfim---	l-s---fn-		εἰμί	ὁ		m|m|@
16	5	ὦ	t_1133	103032502	u--------	g--------		.	μέν		m|m|@
16	6	ἄνδρες	t_1134	103032503	a-s---na-	g--------		πρῶτος	οὖν		m|m|@
16	7	Ἀθηναῖοι	t_1135	103032504	d--------	n-s---fn-		μέν	ὑπόσχεσις		m|m|@
16	8	,	t_1136	103032505	d--------	d--------		τοίνυν	οὕτως		m|m|@
16	9	τριήρεις	t_1137	103032506	u--------	a-s---fn-		,	μέγας		m|m|@
16	10	πεντήκοντα	t_1138	103032507	i--------	u--------		ὦ	,		m|m|@
16	11	παρασκευάσασθαι	t_1139	103032508	n-p---mv-	l-s---nn-		ἀνήρ	ὁ		m|m|@
16	12	φημὶ	t_1140	103032509	a-p---mv-	b--------		ἀθηναῖος	δέ		m|m|@
16	13	δεῖν	t_1141	103032510	u--------	n-s---nn-		,	πρᾶγμα		m|m|@
16	14	,	t_1142	103032511	n-p---fa-	d--------		τριήρης	ἤδη		m|m|@
16	15	εἶτʼ	t_1143	103032512	a--------	l-s---ma-		πεντήκοντα	ὁ		m|m|@
16	16	αὐτοὺς	t_1144	103032513	v--anm---	n-s---ma-		παρασκευάζω	ἔλεγχος		m|m|@
16	17	οὕτω	t_1145	103032514	v1spia---	v3sfia---		φημί	δίδωμι		m|m|@
16	18	τὰς	t_1146	103032515	v--pna---	u--------		δεῖ	·		m|m|@
16	19	γνώμας	t_1147	103032516	u--------	n-p---mn-		,	κριτής		m|m|@
16	20	ἔχειν	t_1148	103032517	c--------	b--------		εἶτα	δέ		m|m|@
16	21	ὡς	t_1149	103032518	p-p---ma-	p2p---cn-		αὐτός	σύ		m|m|@
16	22	,	t_1150	103032519	d--------	v2pfim---		οὕτως	εἰμί		m|m|@
16	23	ἐάν	t_1151	103032520	l-p---fa-	u--------		ὁ	.		m|m|@
16	24	τι	t_1152	103032521	n-p---fa-	a-s---nac		γνώμη	πρότερος		m|m|@
16	25	δέῃ	t_1153	103032522	v--pna---	g--------		ἔχω	μέν		m|m|@
16	26	,	t_1154	103032523	c--------	g--------		ὡς	τοίνυν		m|m|@
16	27	πλευστέον	t_1155	103032524	u--------	u--------		,	,		m|m|
16	28	εἰς	t_1156	103032525	c--------	i--------		ἐάν	ὦ		m|m|@
16	29	ταύτας	t_1157	103032526	p-s---nn-	n-p---mv-		τις	ἀνήρ		m|m|@
16	30	αὐτοῖς	t_1158	103032527	v3spsa---	a-p---mv-		δέω	Ἀθηναῖος		m|m|@
16	31	ἐμβᾶσιν	t_1159	103032528	u--------	u--------		,	,		m|m|
16	32	.	t_1160	103032529	a-s---nn-	n-p---fa-		πλευστέος	τριήρης		m|m|@
16	33	πρὸς	t_1161	103032530	r--------	m--------		εἰς	πεντήκοντα		m|m|@
16	34	δὲ	t_1162	103032531	p-p---fa-	v--anm---		οὗτος	παρασκευάζω		m|m|@
16	35	τούτοις	t_1163	103032532	p-p---md-	v1spia---		αὐτός	φημί		m|m|@
16	36	τοῖς	t_1164	103032533	v-papamd-	v--pna---		ἐμβαίνω	δέω		m|m|@
16	37	ἡμίσεσιν	t_1165	103032534	u--------	u--------		.	,		m|m|@
16	38	τῶν	t_1166	103032535	r--------	b--------		πρός	εἶτα		m|m|@
16	39	ἱππέων	t_1167	103032536	d--------	p-p---ma-		δέ	αὐτός		m|m|@
16	40	ἱππαγωγοὺς	t_1168	103032537	a-p---nd-	d--------		οὗτος	οὕτως		m|m|@
16	41	τριήρεις	t_1169	103032538	l-p---md-	l-p---fa-		ὁ	ὁ		m|m|
16	42	καὶ	t_1170	103032539	a-p---nd-	n-p---fa-		ἥμισυς	γνώμη		m|m|@
16	43	πλοῖʼ	t_1171	103032540	l-p---mg-	v--pna---		ὁ	ἔχω		m|m|@
16	44	ἱκανὰ	t_1172	103032541	n-p---mg-	c--------		ἱππεύς	ὡς		m|m|@
16	45	εὐτρεπίσαι	t_1173	103032542	a-p---fa-	u--------		ἱππαγωγός	,		m|m|@
16	46	κελεύω	t_1174	103032543	n-p---fa-	c--------		τριήρης	ἐάν		m|m|@
16	47	.	t_1175	103032544	c--------	p-s---nn-		καί	τις		m|m|@
17	1	ταῦτα	t_1176	103032545	n-p---na-	v3spsa---		πλοῖον	δέω		m|m|@
17	2	μὲν	t_1177	103032546	a-p---na-	u--------		ἱκανός	,		m|m|@
17	3	οἶμαι	t_1178	103032547	v--ana---	a-s---nn-		εὐτρεπίζω	πλέω		m|m|@
17	4	δεῖν	t_1179	103032548	v1spia---	r--------		κελεύω	εἰς		m|m|@
17	5	ὑπάρχειν	t_1180	103032549	u--------	p-p---fa-		.	οὗτος		m|m|@
17	6	ἐπὶ	t_1181	103032550	p-p---na-	p-p---md-		οὗτος	αὐτός		m|m|@
17	7	τὰς	t_1182	103032551	d--------	v-papamd-		μέν	ἐμβαίνω		m|m|@
17	8	ἐξαίφνης	t_1183	103032552	v1spie---	u--------		οἴομαι	.		m|m|@
17	9	ταύτας	t_1184	103032553	v--pna---	r--------		δεῖ	πρός		m|m|@
17	10	ἀπὸ	t_1185	103032554	v--pna---	b--------		ὑπάρχω	δέ		m|m|@
17	11	τῆς	t_1186	103032555	r--------	p-p---nd-		ἐπί	οὗτος		m|m|@
17	12	οἰκείας	t_1187	103032556	l-p---fa-	l-p---md-		ὁ	ὁ		m|m|
17	13	χώρας	t_1188	103032557	d--------	a-p---nd-		ἐξαίφνης	ἥμισυς		m|m|@
17	14	αὐτοῦ	t_1189	103032558	a-p---fa-	l-p---mg-		οὗτος	ὁ		m|m|@
17	15	στρατείας	t_1190	103032559	r--------	n-p---mg-		ἀπό	ἱππεύς		m|m|@
17	16	εἰς	t_1191	103032560	l-s---fg-	a-p---fa-		ὁ	ἱππαγωγός		m|m|@
17	17	Πύλας	t_1192	103032561	a-s---fg-	n-p---fa-		οἰκεῖος	τριήρης		m|m|@
17	18	καὶ	t_1193	103032562	n-s---fg-	b--------		χώρα	καί		m|m|@
17	19	Χερρόνησον	t_1194	103032563	p-s---mg-	n-p---na-		αὐτός	πλοῖον		m|m|@
17	20	καὶ	t_1195	103032564	n-p---fa-	a-p---na-		στρατεία	ἱκανός		m|m|@
17	21	Ὄλυνθον	t_1196	103032565	r--------	v--ana---		εἰς	εὐτρεπίζω		m|m|@
17	22	καὶ	t_1197	103032566	n-p---ma-	v1spia---		πύλη	κελεύω		m|m|@
17	23	ὅποι	t_1198	103032567	d--------	u--------		καί	.		m|m|@
17	24	βούλεται	t_1199	103032568	n-s---fa-	p-p---na-		χερσόνησος	οὗτος		m|m|@
17	25	·	t_1200	103032569	d--------	g--------		καί	μέν		m|m|@
17	26	δεῖ	t_1201	103032570	n-s---ma-	v1spim---		ὄλυνθος	οἴομαι		m|m|@
17	27	γὰρ	t_1202	103032571	c--------	v--pna---		καί	δέω		m|m|@
17	28	ἐκείνῳ	t_1203	103032572	d--------	v--pna---		ὅποι	ὑπάρχω		m|m|@
17	29	τοῦτʼ	t_1204	103032573	v3spie---	r--------		βούλομαι	ἐπί		m|m|@
17	30	ἐν	t_1205	103032574	u--------	l-p---fa-		·	ὁ		m|m|@
17	31	τῇ	t_1206	103032575	v3spia---	d--------		δεῖ	ἐξαίφνης		m|m|@
17	32	γνώμῃ	t_1207	103032576	d--------	p-p---fa-		γάρ	οὗτος		m|m|@
17	33	παραστῆσαι	t_1208	103032577	p-s---md-	r--------		ἐκεῖνος	ἀπό		m|m|@
17	34	,	t_1209	103032578	p-p---na-	l-s---fg-		οὗτος	ὁ		m|m|@
17	35	ὡς	t_1210	103032579	r--------	a-s---fg-		ἐν	οἰκεῖος		m|m|@
17	36	ὑμεῖς	t_1211	103032580	l-s---fd-	n-s---fg-		ὁ	χώρα		m|m|@
17	37	ἐκ	t_1212	103032581	n-s---fd-	p-s---mg-		γνώμη	αὐτός		m|m|@
17	38	τῆς	t_1213	103032582	v--ana---	n-p---fa-		παρίστημι	στρατεία		m|m|@
17	39	ἀμελείας	t_1214	103032583	u--------	r--------		,	εἰς		m|m|@
17	40	ταύτης	t_1215	103032584	c--------	n-p---ma-		ὡς	Πύλης		m|m|@
17	41	τῆς	t_1216	103032585	p-p---mn-	b--------		σύ	καί		m|m|@
17	42	ἄγαν	t_1217	103032586	r--------	n-s---fa-		ἐκ	Χερσόνησος		m|m|@
17	43	,	t_1218	103032587	l-s---fg-	b--------		ὁ	καί		m|m|@
17	44	ὥσπερ	t_1219	103032588	n-s---fg-	n-s---ma-		ἀμέλεια	Ὄλυνθος		m|m|@
17	45	εἰς	t_1220	103032589	a-s---fg-	b--------		οὗτος	καί		m|m|@
17	46	Εὔβοιαν	t_1221	103032590	l-s---fg-	d--------		ὁ	ὅποι		m|m|@
17	47	καὶ	t_1222	103032591	d--------	v3spim---		ἄγαν	βούλομαι		m|m|@
17	48	πρότερόν	t_1223	103032592	u--------	u--------		,	·		m|m|@
17	49	ποτέ	t_1224	103032593	c--------	v3spia---		ὥσπερ	δέω		m|m|@
17	50	φασιν	t_1225	103032594	r--------	g--------		εἰς	γάρ		m|m|@
17	51	εἰς	t_1226	103032595	n-s---fa-	p-s---md-		εὔβοια	ἐκεῖνος		m|m|@
17	52	Ἁλίαρτον	t_1227	103032596	d--------	p-p---na-		καί	οὗτος		m|m|@
17	53	καὶ	t_1228	103032597	d-------c	r--------		πρότερος	ἐν		m|m|@
17	54	τὰ	t_1229	103032598	d--------	l-s---fd-		ποτέ	ὁ		m|m|@
17	55	τελευταῖα	t_1230	103032599	v3spia---	n-s---fd-		φημί	γνώμη		m|m|@
17	56	πρώην	t_1231	103032600	r--------	v--ana---		εἰς	παρίστημι		m|m|@
17	57	εἰς	t_1232	103032601	n-s---ma-	u--------		ἁλίαρτος	,		m|m|@
17	58	Πύλας	t_1233	103032602	c--------	c--------		καί	ὡς		m|m|@
17	59	,	t_1234	103032603	l-p---na-	p2p---cn-		ὁ	σύ		m|m|@
17	60	ἴσως	t_1235	103032604	a-p---na-	r--------		τελευταῖος	ἐκ		m|m|@
17	61	ἂν	t_1236	103032605	d--------	l-s---fg-		πρώην	ὁ		m|m|@
17	62	ὁρμήσαιτε—	t_1237	103032606	r--------	n-s---fg-		εἰς	ἀμέλεια		m|m|@
18	1	οὔτοι	t_1238	103032607	n-p---ma-	p-s---fg-		πύλη	οὗτος		m|m|@
18	2	παντελῶς	t_1239	103032608	u--------	l-s---fg-		,	ὁ		m|m|@
18	3	,	t_1240	103032609	d--------	d--------		ἴσως	ἄγαν		m|m|@
18	4	οὐ	t_1241	103032610	d--------	u--------		ἄν	,		m|m|@
18	5	δ’	t_1242	103032611	v2paoa---	c--------		ὁρμάω	ὥσπερ		m|m|@
18	6	εἰ	t_1243	103032612	u--------	r--------		—	εἰς		m|m|@
18	7	μὴ	t_1244	103032613	d--------	n-s---fa-		οὔτοι	Εὔβοια		m|m|@
18	8	ποιήσαιτʼ	t_1245	103032614	d--------	b--------		παντελής	καί		m|m|@
18	9	ἂν	t_1246	103032615	u--------	d-------c		,	πρότερος		m|m|@
18	10	τοῦτο	t_1247	103032616	d--------	d--------		οὐ	ποτέ		m|m|@
18	11	,	t_1248	103032617	c--------	v3spia---		δέ	φημί		m|m|@
18	12	ὡς	t_1249	103032618	c--------	r--------		εἰ	εἰς		m|m|@
18	13	ἔγωγέ	t_1250	103032619	d--------	n-s---ma-		μή	Ἁλίαρτος		m|m|@
18	14	φημι	t_1251	103032620	v3saom---	b--------		ποιέω	καί		m|m|@
18	15	δεῖν	t_1252	103032621	d--------	l-p---na-		ἄν	ὁ		m|m|@
18	16	,	t_1253	103032622	p-s---na-	a-p---na-		οὗτος	τελευταῖος		m|m|@
18	17	εὐκαταφρόνητόν	t_1254	103032623	u--------	d--------		,	πρῴην		m|m|@
18	18	ἐστιν—ἵνʼ	t_1255	103032624	c--------	r--------		ὡς	εἰς		m|m|@
18	19	ἢ	t_1256	103032625	p-s---mn-	n-p---ma-		ἐγώ	Πύλης		m|m|@
18	20	διὰ	t_1257	103032626	v1spia---	u--------		φημί	,		m|m|@
18	21	τὸν	t_1258	103032627	v--pna---	d--------		δεῖ	ἴσως		m|m|@
18	22	φόβον	t_1259	103032628	u--------	g--------		,	ἄν		m|m|@
18	23	εἰδὼς	t_1260	103032629	a-s---nn-	v2paoa---		εὐκαταφρόνητος	ὁρμάω		m|m|@
18	24	εὐτρεπεῖς	t_1261	103032630	v3spia---	u--------		εἰμί	—		m|m|@
18	25	ὑμᾶς	t_1262	103032631	u--------	d--------		—	οὔτοι		m|m|@
18	26	(	t_1263	103032632	c--------	d--------		ἵνα	παντελής		m|m|@
18	27	εἴσεται	t_1264	103032633	d--------	u--------		ἤ1	,		m|m|@
18	28	γὰρ	t_1265	103032634	r--------	d--------		διά	οὐ		m|m|@
18	29	ἀκριβῶς	t_1266	103032635	l-s---ma-	b--------		ὁ	δέ		m|m|@
18	30	·	t_1267	103032636	n-s---ma-	c--------		φόβος	εἰ		m|m|@
18	31	εἰσὶ	t_1268	103032637	v-srpamn-	d--------		οἶδα	μή		m|m|@
18	32	γάρ	t_1269	103032638	a-p---ma-	v3saom---		εὐτρεπής	ποιέω		m|m|@
18	33	,	t_1270	103032639	p-p---ma-	g--------		σύ	ἄν		m|m|@
18	34	εἰσὶν	t_1271	103032640	u--------	p-s---na-		̔	οὗτος		m|m|@
18	35	οἱ	t_1272	103032641	v3sfim---	u--------		οἶδα	,		m|m|@
18	36	πάντʼ	t_1273	103032642	d--------	c--------		γάρ	ὡς		m|m|@
18	37	ἐξαγγέλλοντες	t_1274	103032643	d--------	p1s---cn-		ἀκριβής	ἐγώ		m|m|@
18	38	ἐκείνῳ	t_1275	103032644	u--------	v1spia---		·	φημί		m|m|@
18	39	παρʼ	t_1276	103032645	v3ppia---	v--pna---		εἰμί	δέω		m|m|@
18	40	ἡμῶν	t_1277	103032646	d--------	u--------		γάρ	,		m|m|@
18	41	αὐτῶν	t_1278	103032647	u--------	a-s---nn-		,	εὐκαταφρόνητος		m|m|@
18	42	πλείους	t_1279	103032648	v3ppia---	v3spia---		εἰμί	εἰμί		m|m|
18	43	τοῦ	t_1280	103032649	l-p---mn-	u--------		ὁ	—		m|m|@
18	44	δέοντος	t_1281	103032650	a-p---na-	c--------		πᾶς	ἵνα		m|m|@
18	45	)	t_1282	103032651	v-pppamn-	b--------		ἐξαγγέλλω	ἤ		m|m|@
18	46	ἡσυχίαν	t_1283	103032652	p-s---md-	r--------		ἐκεῖνος	διά		m|m|@
18	47	ἔχῃ	t_1284	103032653	r--------	l-s---ma-		παρά	ὁ		m|m|@
18	48	,	t_1285	103032654	p-p---mg-	n-s---ma-		ἐγώ	φόβος		m|m|@
18	49	ἢ	t_1286	103032655	a-p---mg-	v-srpamn-		αὐτός	οἶδα		m|m|@
18	50	παριδὼν	t_1287	103032656	a-p---mnc	a-p---ma-		πλείων	εὐτρεπής		m|m|@
18	51	ταῦτʼ	t_1288	103032657	l-s---ng-	p2p---ca-		ὁ	σύ		m|m|@
18	52	ἀφύλακτος	t_1289	103032658	v-sppang-	u--------		δεῖ	(		m|m|@
18	53	ληφθῇ	t_1290	103032659	u--------	v3sfim---		)	οἶδα		m|m|@
18	54	,	t_1291	103032660	n-s---fa-	g--------		ἡσυχία	γάρ		m|m|@
18	55	μηδενὸς	t_1292	103032661	v3spsa---	d--------		ἔχω	ἀκριβής		m|m|@
18	56	ὄντος	t_1293	103032662	u--------	u--------		,	,		m|m|
18	57	ἐμποδὼν	t_1294	103032663	c--------	v3ppia---		ἤ1	εἰμί		m|m|@
18	58	πλεῖν	t_1295	103032664	v-sapamn-	g--------		παρεῖδον	γάρ		m|m|@
18	59	ἐπὶ	t_1296	103032665	p-p---na-	u--------		οὗτος	,		m|m|@
18	60	τὴν	t_1297	103032666	a-s---mn-	v3ppia---		ἀφύλακτος	εἰμί		m|m|@
18	61	ἐκείνου	t_1298	103032667	v3sasp---	l-p---mn-		λαμβάνω	ὁ		m|m|@
18	62	χώραν	t_1299	103032668	u--------	a-p---na-		,	πᾶς		m|m|@
18	63	ὑμῖν	t_1300	103032669	p-s---mg-	v-pppamn-		μηδείς	ἐξαγγέλλω		m|m|@
18	64	,	t_1301	103032670	v-sppamg-	p-s---md-		εἰμί	ἐκεῖνος		m|m|@
18	65	ἂν	t_1302	103032671	d--------	r--------		ἐμποδών	παρά		m|m|@
18	66	ἐνδῷ	t_1303	103032672	v--pna---	p1p---cg-		πλέω	ἐγώ		m|m|@
18	67	καιρόν	t_1304	103032673	r--------	p-p---mg-		ἐπί	αὐτός		m|m|@
18	68	.	t_1305	103032674	l-s---fa-	a-p---mnc		ὁ	πολύς		m|m|@
19	1	ταῦτα	t_1306	103032675	p-s---mg-	l-s---ng-		ἐκεῖνος	ὁ		m|m|@
19	2	μέν	t_1307	103032676	n-s---fa-	v-sppang-		χώρα	δέω		m|m|@
19	3	ἐστιν	t_1308	103032677	p-p---md-	u--------		σύ	)		m|m|@
19	4	ἃ	t_1309	103032678	u--------	n-s---fa-		,	ἡσυχία		m|m|@
19	5	πᾶσι	t_1310	103032679	c--------	v3spsa---		ἄν	ἔχω		m|m|@
19	6	δεδόχθαι	t_1311	103032680	v3sasa---	u--------		ἐνδίδωμι	,		m|m|@
19	7	φημὶ	t_1312	103032681	n-s---ma-	b--------		καιρός	ἤ		m|m|@
19	8	δεῖν	t_1313	103032682	u--------	v-sapamn-		.	παροράω		m|m|@
19	9	καὶ	t_1314	103032683	p-p---nn-	p-p---na-		οὗτος	οὗτος		m|m|
19	10	παρεσκευάσθαι	t_1315	103032684	d--------	a-s---mn-		μέν	ἀφύλακτος		m|m|@
19	11	προσήκειν	t_1316	103032685	v3spia---	v3sasp---		εἰμί	λαμβάνω		m|m|@
19	12	οἴομαι	t_1317	103032686	p-p---na-	u--------		ὅς	,		m|m|@
19	13	·	t_1318	103032687	a-p---md-	p-s---ng-		πᾶς	μηδείς		m|m|@
19	14	πρὸ	t_1319	103032688	v--rne---	v-sppang-		δοκέω	εἰμί		m|m|@
19	15	δὲ	t_1320	103032689	v1spia---	d--------		φημί	ἐμποδών		m|m|@
19	16	τούτων	t_1321	103032690	v--pna---	v--pna---		δεῖ	πλέω		m|m|@
19	17	δύναμίν	t_1322	103032691	c--------	r--------		καί	ἐπί		m|m|@
19	18	τινʼ	t_1323	103032692	v--rne---	l-s---fa-		παρασκευάζω	ὁ		m|m|@
19	19	,	t_1324	103032693	v--pna---	p-s---mg-		προσήκω	ἐκεῖνος		m|m|@
19	20	ὦ	t_1325	103032694	v1spie---	n-s---fa-		οἴομαι	χώρα		m|m|@
19	21	ἄνδρες	t_1326	103032695	u--------	p2p---cd-		·	σύ		m|m|@
19	22	Ἀθηναῖοι	t_1327	103032696	r--------	u--------		πρό	,		m|m|@
19	23	,	t_1328	103032697	d--------	c--------		δέ	ἐάν		m|m|@
19	24	φημὶ	t_1329	103032698	p-p---ng-	v3sasa---		οὗτος	ἐνδίδωμι		m|m|@
19	25	προχειρίσασθαι	t_1330	103032699	n-s---fa-	n-s---ma-		δύναμις	καιρός		m|m|@
19	26	δεῖν	t_1331	103032700	a-s---fa-	u--------		τις	.		m|m|@
19	27	ὑμᾶς	t_1332	103032701	u--------	p-p---nn-		,	οὗτος		m|m|@
19	28	,	t_1333	103032702	i--------	g--------		ὦ	μέν		m|m|@
19	29	ἣ	t_1334	103032703	n-p---mv-	v3spia---		ἀνήρ	εἰμί		m|m|@
19	30	συνεχῶς	t_1335	103032704	a-p---mv-	p-p---na-		ἀθηναῖος	ὅς		m|m|@
19	31	πολεμήσει	t_1336	103032705	u--------	a-p---md-		,	πᾶς		m|m|@
19	32	καὶ	t_1337	103032706	v1spia---	v--rnm---		φημί	δοκέω		m|m|@
19	33	κακῶς	t_1338	103032707	v--anm---	v1spia---		προχειρίζω	φημί		m|m|@
19	34	ἐκεῖνον	t_1339	103032708	v--pna---	v--pna---		δεῖ	δέω		m|m|@
19	35	ποιήσει	t_1340	103032709	p-p---ma-	b--------		σύ	καί		m|m|@
19	36	.	t_1341	103032710	u--------	v--rnm---		,	παρασκευάζω		m|m|@
19	37	μή	t_1342	103032711	p-s---fn-	v--pna---		ὅς	προσήκω		m|m|@
19	38	μοι	t_1343	103032712	d--------	v1spim---		συνεχής	οἴομαι		m|m|@
19	39	μυρίους	t_1344	103032713	v3sfia---	u--------		πολεμέω	·		m|m|@
19	40	μη	t_1345	103032714	c--------	r--------		καί	πρό		m|m|@
19	41	δὲ	t_1346	103032715	d--------	b--------		κακός	δέ		m|m|@
19	42	δισμυρίους	t_1347	103032716	p-s---ma-	p-p---ng-		ἐκεῖνος	οὗτος		m|m|@
19	43	ξένους	t_1348	103032717	v3sfia---	n-s---fa-		ποιέω	δύναμις		m|m|@
19	44	,	t_1349	103032718	u--------	p-s---ca-		.	τις		m|m|@
19	45	μη	t_1350	103032719	d--------	u--------		μή	,		m|m|@
19	46	δὲ	t_1351	103032720	p-s---md-	i--------		ἐγώ	ὦ		m|m|@
19	47	τὰς	t_1352	103032721	a-p---ma-	n-p---mv-		μυρίος	ἀνήρ		m|m|@
19	48	ἐπιστολιμαίους	t_1353	103032722	d--------	a-p---mv-		μη	Ἀθηναῖος		m|m|@
19	49	ταύτας	t_1354	103032723	c--------	u--------		δέ	,		m|m|@
19	50	δυνάμεις	t_1355	103032724	a-p---ma-	v1spia---		δισμύριοι	φημί		m|m|@
19	51	,	t_1356	103032725	n-p---ma-	v--anm---		ξένος1	προχειρίζω		m|m|@
19	52	ἀλλʼ	t_1357	103032726	u--------	v--pna---		,	δέω		m|m|@
19	53	ἣ	t_1358	103032727	d--------	p2p---ca-		μη	σύ		m|m|@
19	54	τῆς	t_1359	103032728	c--------	u--------		δέ	,		m|m|@
19	55	πόλεως	t_1360	103032729	l-p---fa-	p-s---fn-		ὁ	ὅς		m|m|@
19	56	ἔσται	t_1361	103032730	a-p---fa-	d--------		ἐπιστολιμαῖος	συνεχής		m|m|@
19	57	,	t_1362	103032731	a-p---fa-	v3sfia---		οὗτος	πολεμέω		m|m|@
19	58	κ	t_1363	103032732	n-p---fa-	b--------		δύναμις	καί		m|m|@
19	59	ἂν	t_1364	103032733	u--------	d--------		,	κακός		m|m|@
19	60	ὑμεῖς	t_1365	103032734	c--------	p-s---ma-		ἀλλά	ἐκεῖνος		m|m|@
19	61	ἕνα	t_1366	103032735	p-p---nn-	v3sfia---		ὅς	ποιέω		m|m|@
19	62	κ	t_1367	103032736	l-s---fg-	u--------		ὁ	.		m|m|@
19	63	ἂν	t_1368	103032737	n-s---fg-	d--------		πόλις	μή		m|m|@
19	64	πλείους	t_1369	103032738	v3sfim---	p1s---cd-		εἰμί	ἐγώ		m|m|@
19	65	κ	t_1370	103032739	u--------	a-p---ma-		,	μυρίος		m|m|@
19	66	ἂν	t_1371	103032740	d--------	d--------		καί	μή		m|m|@
19	67	τὸν	t_1372	103032741	c--------	b--------		ἄν	δέ		m|m|@
19	68	δεῖνα	t_1373	103032742	p-p---mn-	m-p---ma-		σύ	δισμύριοι		m|m|@
19	69	κ	t_1374	103032743	n-s---ma-	a-p---ma-		εἷς	ξένος		m|m|@
19	70	ἂν	t_1375	103032744	d--------	u--------		καί	,		m|m|@
19	71	ὁντινοῦν	t_1376	103032745	c--------	d--------		ἄν	μή		m|m|@
19	72	χειροτονήσητε	t_1377	103032746	a-p---mac	b--------		πλείων	δέ		m|m|@
19	73	στρατηγόν	t_1378	103032747	d--------	l-p---fa-		καί	ὁ		m|m|@
19	74	,	t_1379	103032748	c--------	a-p---fa-		ἄν	ἐπιστολιμαῖος		m|m|@
19	75	τούτῳ	t_1380	103032749	l-s---ma-	p-p---fa-		ὁ	οὗτος		m|m|@
19	76	πείσεται	t_1381	103032750	n-s---ma-	n-p---fa-		δεῖνα	δύναμις		m|m|@
19	77	καὶ	t_1382	103032751	c--------	u--------		καί	,		m|m|@
19	78	ἀκολουθήσει	t_1383	103032752	c--------	b--------		ἄν	ἀλλά		m|m|@
19	79	.	t_1384	103032753	p-s---ma-	l-s---fn-		ὅστις	ὁ		m|m|@
20	1	καὶ	t_1385	103032754	v2pasa---	l-s---fg-		χειροτονέω	ὁ		m|m|@
20	2	τροφὴν	t_1386	103032755	n-s---ma-	n-s---fg-		στρατηγός	πόλις		m|m|@
20	3	ταύτῃ	t_1387	103032756	u--------	v3sfim---		,	εἰμί		m|m|@
20	4	πορίσαι	t_1388	103032757	p-s---md-	u--------		οὗτος	,		m|m|@
20	5	κελεύω	t_1389	103032758	v3sfim---	b--------		πάσχω	καί		m|m|@
20	6	.	t_1390	103032759	c--------	c--------		καί	ἐάν		m|m|@
20	7	ἔσται	t_1391	103032760	v3sfia---	p2p---cn-		ἀκολουθέω	σύ		m|m|@
20	8	δʼ	t_1392	103032761	u--------	m-s---ma-		.	εἷς		m|m|@
20	9	αὕτη	t_1393	103032762	d--------	b--------		καί	καί		m|m|
20	10	τίς	t_1394	103032763	n-s---fa-	c--------		τροφή	ἐάν		m|m|@
20	11	ἡ	t_1395	103032764	p-s---fd-	a-p---mac		οὗτος	πολύς		m|m|@
20	12	δύναμις	t_1396	103032765	v--ana---	b--------		πορίζω	καί		m|m|@
20	13	καὶ	t_1397	103032766	v1spia---	c--------		κελεύω	ἐάν		m|m|@
20	14	πόση	t_1398	103032767	u--------	l-s---ma-		.	ὁ		m|m|@
20	15	,	t_1399	103032768	v3sfim---	n-s---ma-		εἰμί	δεῖνα		m|m|@
20	16	καὶ	t_1400	103032769	d--------	b--------		δέ	καί		m|m|@
20	17	πόθεν	t_1401	103032770	a-s---fn-	c--------		οὗτος	ἐάν		m|m|@
20	18	τὴν	t_1402	103032771	p-s---fn-	p-s---ma-		τις	ὅστις		m|m|@
20	19	τροφὴν	t_1403	103032772	l-s---fn-	v2pasa---		ὁ	χειροτονέω		m|m|@
20	20	ἕξει	t_1404	103032773	n-s---fn-	n-s---ma-		δύναμις	στρατηγός		m|m|@
20	21	,	t_1405	103032774	c--------	u--------		καί	,		m|m|@
20	22	καὶ	t_1406	103032775	a-s---fn-	p-s---md-		πόσος	οὗτος		m|m|@
20	23	πῶς	t_1407	103032776	u--------	v3sfim---		,	πείθω		m|m|@
20	24	ταῦτʼ	t_1408	103032777	d--------	b--------		καί	καί		m|m|
20	25	ἐθελήσει	t_1409	103032778	d--------	v3sfia---		πόθεν	ἀκολουθέω		m|m|@
20	26	ποιεῖν	t_1410	103032779	l-s---fa-	u--------		ὁ	.		m|m|@
20	27	;	t_1411	103032780	n-s---fa-	b--------		τροφή	καί		m|m|@
20	28	ἐγὼ	t_1412	103032781	v3sfia---	n-s---fa-		ἔχω	τροφή		m|m|@
20	29	φράσω	t_1413	103032782	u--------	p-s---fd-		,	οὗτος		m|m|@
20	30	,	t_1414	103032783	c--------	v--ana---		καί	πορίζω		m|m|@
20	31	καθʼ	t_1415	103032784	d--------	v1spia---		πῶς	κελεύω		m|m|@
20	32	ἕκαστον	t_1416	103032785	p-p---na-	u--------		οὗτος	.		m|m|@
20	33	τούτων	t_1417	103032786	v3sfia---	v3sfim---		ἐθέλω	εἰμί		m|m|@
20	34	διεξιὼν	t_1418	103032787	v--pna---	b--------		ποιέω	δέ		m|m|@
20	35	χωρίς	t_1419	103032788	u--------	p-s---fn-		;	οὗτος		m|m|@
20	36	.	t_1420	103032789	p-s---mn-	p-s---cn-		ἐγώ	τίς		m|m|@
20	37	ξένους	t_1421	103032790	v1sfia---	l-s---fn-		φράζω	ὁ		m|m|@
20	38	μὲν	t_1422	103032791	u--------	n-s---fn-		,	δύναμις		m|m|@
20	39	λέγω—καὶ	t_1423	103032792	r--------	b--------		κατά	καί		m|m|@
20	40	ὅπως	t_1424	103032793	a-s---ma-	a-s---fn-		ἕκαστος	πόσος		m|m|@
20	41	μὴ	t_1425	103032794	p-p---ng-	u--------		οὗτος	,		m|m|@
20	42	ποιήσεθʼ	t_1426	103032795	v-sppamn-	b--------		διέξειμι	καί		m|m|@
20	43	ὃ	t_1427	103032796	d--------	d--------		χωρίς	πόθεν		m|m|@
20	44	πολλάκις	t_1428	103032797	u--------	l-s---fa-		.	ὁ		m|m|@
20	45	ὑμᾶς	t_1429	103032798	n-p---ma-	n-s---fa-		ξένος1	τροφή		m|m|@
20	46	ἔβλαψεν	t_1430	103032799	d--------	v3sfia---		μέν	ἔχω		m|m|@
20	47	·	t_1431	103032800	v1spia---	u--------		λέγω3	,		m|m|@
20	48	πάντʼ	t_1432	103032801	u--------	b--------		—	καί		m|m|@
20	49	ἐλάττω	t_1433	103032802	d--------	d--------		καί	πῶς		m|m|@
20	50	νομίζοντες	t_1434	103032803	d--------	p-p---na-		ὅπως	οὗτος		m|m|@
20	51	εἶναι	t_1435	103032804	d--------	v3sfia---		μή	ἐθέλω		m|m|@
20	52	τοῦ	t_1436	103032805	v3sasa---	v--pna---		ποιέω	ποιέω		m|m|
20	53	δέοντος	t_1437	103032806	p-s---nn-	u--------		ὅς	;		m|m|@
20	54	,	t_1438	103032807	d--------	p1s---cn-		πολλάκις	ἐγώ		m|m|@
20	55	καὶ	t_1439	103032808	p-p---ma-	v1sfia---		σύ	φράζω		m|m|@
20	56	τὰ	t_1440	103032809	v3saia---	u--------		βλάπτω	,		m|m|@
20	57	μέγιστʼ	t_1441	103032810	u--------	r--------		·	κατά		m|m|@
20	58	ἐν	t_1442	103032811	a-p---na-	a-s---na-		πᾶς	ἕκαστος		m|m|@
20	59	τοῖς	t_1443	103032812	a-p---nac	p-p---ng-		ἐλάσσων	οὗτος		m|m|@
20	60	ψηφίσμασιν	t_1444	103032813	v-pppamn-	v-sppamn-		νομίζω	διεξέρχομαι		m|m|@
20	61	αἱρούμενοι	t_1445	103032814	v--pna---	d--------		εἰμί	χωρίς		m|m|@
20	62	,	t_1446	103032815	l-s---ng-	u--------		ὁ	.		m|m|@
20	63	ἐπὶ	t_1447	103032816	v-sppang-	a-p---ma-		δεῖ	ξένος		m|m|@
20	64	τῷ	t_1448	103032817	u--------	g--------		,	μέν		m|m|@
20	65	πράττειν	t_1449	103032818	c--------	v1spia---		καί	λέγω		m|m|@
20	66	οὐ	t_1450	103032819	l-p---na-	u--------		ὁ	—		m|m|@
20	67	δὲ	t_1451	103032820	a-p---nas	b--------		μέγας	καί		m|m|@
20	68	τὰ	t_1452	103032821	r--------	g--------		ἐν	ὅπως		m|m|@
20	69	μικρὰ	t_1453	103032822	l-p---nd-	d--------		ὁ	μή		m|m|@
20	70	ποιεῖτε	t_1454	103032823	n-p---nd-	v3sasa---		ψήφισμα	ποιέω		m|m|@
20	71	·	t_1455	103032824	v-pppemn-	p-s---nn-		αἱρέω	ὅς		m|m|@
20	72	ἀλλὰ	t_1456	103032825	u--------	d--------		,	πολλάκις		m|m|@
20	73	τὰ	t_1457	103032826	r--------	p2p---ca-		ἐπί	σύ		m|m|@
20	74	μικρὰ	t_1458	103032827	l-s---nd-	v3saia---		ὁ	βλάπτω		m|m|@
20	75	ποιήσαντες	t_1459	103032828	v--pna---	u--------		πράσσω	·		m|m|@
20	76	καὶ	t_1460	103032829	d--------	a-p---na-		οὐ	πᾶς		m|m|@
20	77	πορίσαντες	t_1461	103032830	c--------	a-p---nac		δέ	ἐλαχύς		m|m|@
20	78	τούτοις	t_1462	103032831	l-p---na-	v-pppamn-		ὁ	νομίζω		m|m|@
20	79	προστίθετε	t_1463	103032832	a-p---na-	v--pna---		μικρός	εἰμί		m|m|@
20	80	,	t_1464	103032833	v2ppia---	l-s---ng-		ποιέω	ὁ		m|m|@
20	81	ἂν	t_1465	103032834	u--------	v-sppang-		·	δέω		m|m|@
20	82	ἐλάττω	t_1466	103032835	d--------	u--------		ἀλλά	,		m|m|@
20	83	φαίνηται	t_1467	103032836	l-p---na-	b--------		ὁ	καί		m|m|@
20	84	.	t_1468	103032837	a-p---na-	l-p---na-		μικρός	ὁ		m|m|@
21	1	λέγω	t_1469	103032838	v-papamn-	a-p---nas		ποιέω	μέγας		m|m|@
21	2	δὴ	t_1470	103032839	c--------	r--------		καί	ἐν		m|m|@
21	3	τοὺς	t_1471	103032840	v-papamn-	l-p---nd-		πορίζω	ὁ		m|m|@
21	4	πάντας	t_1472	103032841	p-p---nd-	n-p---nd-		οὗτος	ψήφισμα		m|m|@
21	5	στρατιώτας	t_1473	103032842	v2piia---	v-pppmmn-		προστίθημι	αἱρέω		m|m|@
21	6	δισχιλίους	t_1474	103032843	u--------	u--------		,	,		m|m|
21	7	,	t_1475	103032844	c--------	r--------		ἄν	ἐπί		m|m|@
21	8	τούτων	t_1476	103032845	a-p---nnc	l-s---nd-		ἐλάσσων	ὁ		m|m|@
21	9	δʼ	t_1477	103032846	v3spse---	v--pna---		φαίνω	πράσσω		m|m|@
21	10	Ἀθηναίους	t_1478	103032847	u--------	d--------		.	οὐ		m|m|@
21	11	φημὶ	t_1479	103032848	v1spsa---	b--------		λέγω3	δέ		m|m|@
21	12	δεῖν	t_1480	103032849	d--------	l-p---na-		δή	ὁ		m|m|@
21	13	εἶναι	t_1481	103032850	l-p---ma-	a-p---na-		ὁ	μικρός		m|m|@
21	14	πεντακοσίους	t_1482	103032851	a-p---ma-	v2ppia---		πᾶς	ποιέω		m|m|@
21	15	,	t_1483	103032852	n-p---ma-	u--------		στρατιώτης	·		m|m|@
21	16	ἐξ	t_1484	103032853	a-p---ma-	b--------		δισχίλιοι	ἀλλά		m|m|@
21	17	ἧς	t_1485	103032854	u--------	l-p---na-		,	ὁ		m|m|@
21	18	ἄν	t_1486	103032855	p-p---mg-	a-p---na-		οὗτος	μικρός		m|m|@
21	19	τινος	t_1487	103032856	c--------	v-papamn-		δέ	ποιέω		m|m|@
21	20	ὑμῖν	t_1488	103032857	n-p---ma-	b--------		ἀθήναιος	καί		m|m|@
21	21	ἡλικίας	t_1489	103032858	v1spia---	v-papamn-		φημί	πορίζω		m|m|@
21	22	καλῶς	t_1490	103032859	v--pna---	p-p---nd-		δεῖ	οὗτος		m|m|@
21	23	ἔχειν	t_1491	103032860	v--pna---	v2piia---		εἰμί	προστίθημι		m|m|@
21	24	δοκῇ	t_1492	103032861	a-p---ma-	u--------		πεντακόσιοι	,		m|m|@
21	25	,	t_1493	103032862	u--------	c--------		,	ἐάν		m|m|@
21	26	χρόνον	t_1494	103032863	r--------	a-p---nnc		ἐκ	ἐλαχύς		m|m|@
21	27	τακτὸν	t_1495	103032864	a-s---fg-	v3spsm---		ὅς	φαίνω		m|m|@
21	28	στρατευομένους	t_1496	103032865	d--------	u--------		ἄν	.		m|m|@
21	29	,	t_1497	103032866	a-s---fg-	v1spsa---		τις	λέγω		m|m|@
21	30	μὴ	t_1498	103032867	p-p---md-	g--------		σύ	δή		m|m|@
21	31	μακρὸν	t_1499	103032868	n-s---fg-	l-p---ma-		ἡλικία	ὁ		m|m|@
21	32	τοῦτον	t_1500	103032869	d--------	a-p---ma-		καλός	πᾶς		m|m|@
21	33	,	t_1501	103032870	v--pna---	n-p---ma-		ἔχω	στρατιώτης		m|m|@
21	34	ἀλλʼ	t_1502	103032871	v3spsa---	m-p---ma-		δοκέω	δισχίλιοι		m|m|@
21	35	ὅσον	t_1503	103032872	u--------	u--------		,	,		m|m|
21	36	ἂν	t_1504	103032873	n-s---ma-	p-p---mg-		χρόνος	οὗτος		m|m|@
21	37	δοκῇ	t_1505	103032874	a-s---ma-	b--------		τακτός	δέ		m|m|@
21	38	καλῶς	t_1506	103032875	v-pppema-	a-p---ma-		στρατεύω	Ἀθηναῖος		m|m|@
21	39	ἔχειν	t_1507	103032876	u--------	v1spia---		,	φημί		m|m|@
21	40	,	t_1508	103032877	d--------	v--pna---		μή	δέω		m|m|@
21	41	ἐκ	t_1509	103032878	a-s---ma-	v--pna---		μακρός	εἰμί		m|m|@
21	42	διαδοχῆς	t_1510	103032879	a-s---ma-	m-p---ma-		οὗτος	πεντακόσιοι		m|m|@
21	43	ἀλλήλοις	t_1511	103032880	u--------	u--------		,	,		m|m|
21	44	·	t_1512	103032881	c--------	r--------		ἀλλά	ἐκ		m|m|@
21	45	τοὺς	t_1513	103032882	a-s---ma-	p-s---fg-		ὅσος	ὅς		m|m|@
21	46	δʼ	t_1514	103032883	d--------	g--------		ἄν	ἄν		m|m|
21	47	ἄλλους	t_1515	103032884	v3spsa---	p-s---cg-		δοκέω	τις		m|m|@
21	48	ξένους	t_1516	103032885	d--------	p2p---cd-		καλός	σύ		m|m|@
21	49	εἶναι	t_1517	103032886	v--pna---	n-s---fg-		ἔχω	ἡλικία		m|m|@
21	50	κελεύω	t_1518	103032887	u--------	d--------		,	καλός		m|m|@
21	51	.	t_1519	103032888	r--------	v--pna---		ἐκ	ἔχω		m|m|@
21	52	καὶ	t_1520	103032889	n-s---fg-	v3spsa---		διαδοχή	δοκέω		m|m|@
21	53	μετὰ	t_1521	103032890	p-p---md-	u--------		ἀλλήλων	,		m|m|@
21	54	τούτων	t_1522	103032891	u--------	n-s---ma-		·	χρόνος		m|m|@
21	55	ἱππέας	t_1523	103032892	l-p---ma-	a-s---ma-		ὁ	τακτός		m|m|@
21	56	διακοσίους	t_1524	103032893	d--------	v-pppmma-		δέ	στρατεύω		m|m|@
21	57	,	t_1525	103032894	p-p---ma-	u--------		ἄλλος	,		m|m|@
21	58	καὶ	t_1526	103032895	n-p---ma-	d--------		ξένος1	μή		m|m|@
21	59	τούτων	t_1527	103032896	v--pna---	a-s---ma-		εἰμί	μακρός		m|m|@
21	60	πεντήκοντʼ	t_1528	103032897	v1spia---	p-s---ma-		κελεύω	οὗτος		m|m|@
21	61	Ἀθηναίους	t_1529	103032898	u--------	u--------		.	,		m|m|@
21	62	τ	t_1530	103032899	d--------	b--------		καί	ἀλλά		m|m|@
21	63	οὐλάχιστον	t_1531	103032900	r--------	p-s---ma-		μετά	ὅσος		m|m|@
21	64	,	t_1532	103032901	p-p---mg-	g--------		οὗτος	ἄν		m|m|@
21	65	ὥσπερ	t_1533	103032902	n-p---ma-	v3spsa---		ἱππεύς	δοκέω		m|m|@
21	66	τοὺς	t_1534	103032903	a-p---ma-	d--------		διακόσιοι	καλός		m|m|@
21	67	πεζούς	t_1535	103032904	u--------	v--pna---		,	ἔχω		m|m|@
21	68	,	t_1536	103032905	c--------	u--------		καί	,		m|m|@
21	69	τὸν	t_1537	103032906	p-p---mg-	r--------		οὗτος	ἐκ		m|m|@
21	70	αὐτὸν	t_1538	103032907	a--------	n-s---fg-		πεντήκοντα	διαδοχή		m|m|@
21	71	τρόπον	t_1539	103032908	n-p---ma-	p-p---md-		ἀθήναιος	ἀλλήλων		m|m|@
21	72	στρατευομένους	t_1540	103032909	l-s---na-	u--------		ὁ	·		m|m|@
21	73	·	t_1541	103032910	a-s---nas	l-p---ma-		ἐλάχιστος	ὁ		m|m|@
21	74	καὶ	t_1542	103032911	u--------	b--------		,	δέ		m|m|@
21	75	ἱππαγωγοὺς	t_1543	103032912	c--------	p-p---ma-		ὥσπερ	ἄλλος		m|m|@
21	76	τούτοις	t_1544	103032913	l-p---ma-	a-p---ma-		ὁ	ξένος		m|m|@
21	77	.	t_1545	103032914	a-p---ma-	v--pna---		πεζός	εἰμί		m|m|@
22	1	εἶεν	t_1546	103032915	u--------	v1spia---		,	κελεύω		m|m|@
22	2	·	t_1547	103032916	l-s---ma-	u--------		ὁ	.		m|m|@
22	3	τί	t_1548	103032917	a-s---ma-	b--------		αὐτός	καί		m|m|@
22	4	πρὸς	t_1549	103032918	n-s---ma-	r--------		τρόπος	μετά		m|m|@
22	5	τούτοις	t_1550	103032919	v-pppema-	p-p---mg-		στρατεύω	οὗτος		m|m|@
22	6	ἔτι	t_1551	103032920	u--------	n-p---ma-		·	ἱππεύς		m|m|@
22	7	;	t_1552	103032921	d--------	m-p---ma-		καί	διακόσιοι		m|m|@
22	8	ταχείας	t_1553	103032922	a-p---ma-	u--------		ἱππαγωγός	,		m|m|@
22	9	τριήρεις	t_1554	103032923	p-p---md-	b--------		οὗτος	καί		m|m|@
22	10	δέκα	t_1555	103032924	u--------	p-p---mg-		.	οὗτος		m|m|@
22	11	·	t_1556	103032925	d--------	m--------		εἰμί	πεντήκοντα		m|m|@
22	12	δεῖ	t_1557	103032926	u--------	a-p---ma-		·	Ἀθηναῖος		m|m|@
22	13	γάρ	t_1558	103032927	p-s---nn-	l-s---na-		τίς	ὁ		m|m|@
22	14	,	t_1559	103032928	r--------	a-s---nas		πρός	ἐλαχύς		m|m|@
22	15	ἔχοντος	t_1560	103032929	a-p---nd-	u--------		οὗτος	,		m|m|@
22	16	ἐκείνου	t_1561	103032930	d--------	c--------		ἔτι	ὥσπερ		m|m|@
22	17	ναυτικόν	t_1562	103032931	u--------	l-p---ma-		;	ὁ		m|m|@
22	18	,	t_1563	103032932	a-p---fa-	a-p---ma-		ταχύς	πεζός		m|m|@
22	19	καὶ	t_1564	103032933	n-p---fa-	u--------		τριήρης	,		m|m|@
22	20	ταχειῶν	t_1565	103032934	a--------	l-s---ma-		δέκα	ὁ		m|m|@
22	21	τριήρων	t_1566	103032935	u--------	p-s---ma-		·	αὐτός		m|m|@
22	22	ἡμῖν	t_1567	103032936	v3spia---	n-s---ma-		δεῖ	τρόπος		m|m|@
22	23	,	t_1568	103032937	d--------	v-pppmma-		γάρ	στρατεύω		m|m|@
22	24	ὅπως	t_1569	103032938	u--------	u--------		,	·		m|m|@
22	25	ἀσφαλῶς	t_1570	103032939	v-sppamg-	b--------		ἔχω	καί		m|m|@
22	26	ἡ	t_1571	103032940	p-s---mg-	a-p---ma-		ἐκεῖνος	ἱππαγωγός		m|m|@
22	27	δύναμις	t_1572	103032941	n-s---na-	p-p---md-		ναυτικόν	οὗτος		m|m|@
22	28	πλέῃ	t_1573	103032942	u--------	u--------		,	.		m|m|@
22	29	.	t_1574	103032943	d--------	v3ppoa---		καί	εἰμί		m|m|@
22	30	πόθεν	t_1575	103032944	a-p---fg-	u--------		ταχύς	·		m|m|@
22	31	δὴ	t_1576	103032945	n-p---fg-	p-s---nn-		τριήρης	τίς		m|m|@
22	32	τούτοις	t_1577	103032946	p-p---md-	r--------		ἐγώ	πρός		m|m|@
22	33	ἡ	t_1578	103032947	u--------	p-p---md-		,	οὗτος		m|m|@
22	34	τροφὴ	t_1579	103032948	c--------	d--------		ὅπως	ἔτι		m|m|@
22	35	γενήσεται	t_1580	103032949	d--------	u--------		ἀσφαλής	;		m|m|@
22	36	;	t_1581	103032950	l-s---fn-	a-p---fa-		ὁ	ταχύς		m|m|@
22	37	ἐγὼ	t_1582	103032951	n-s---fn-	n-p---fa-		δύναμις	τριήρης		m|m|@
22	38	καὶ	t_1583	103032952	v3spsa---	m--------		πλέω	δέκα		m|m|@
22	39	τοῦτο	t_1584	103032953	u--------	u--------		.	·		m|m|@
22	40	φράσω	t_1585	103032954	d--------	v3spia---		πόθεν	δέω		m|m|@
22	41	καὶ	t_1586	103032955	d--------	g--------		δή	γάρ		m|m|@
22	42	δείξω	t_1587	103032956	p-p---md-	u--------		οὗτος	,		m|m|@
22	43	,	t_1588	103032957	l-s---fn-	v-sppamg-		ὁ	ἔχω		m|m|@
22	44	ἐπειδάν	t_1589	103032958	n-s---fn-	p-s---mg-		τροφή	ἐκεῖνος		m|m|@
22	45	,	t_1590	103032959	v3sfim---	n-s---na-		γίνομαι	ναυτικός		m|m|@
22	46	διότι	t_1591	103032960	u--------	u--------		;	,		m|m|@
22	47	τηλικαύτην	t_1592	103032961	p-s---mn-	d--------		ἐγώ	καί		m|m|@
22	48	ἀποχρῆν	t_1593	103032962	d--------	a-p---fg-		καί	ταχύς		m|m|@
22	49	οἶμαι	t_1594	103032963	p-s---na-	n-p---fg-		οὗτος	τριήρης		m|m|@
22	50	τὴν	t_1595	103032964	v1sfia---	p1p---cd-		φράζω	ἐγώ		m|m|@
22	51	δύναμιν	t_1596	103032965	c--------	u--------		καί	,		m|m|@
22	52	καὶ	t_1597	103032966	v1sfia---	c--------		δείκνυμι	ὅπως		m|m|@
22	53	πολίτας	t_1598	103032967	u--------	d--------		,	ἀσφαλής		m|m|@
22	54	τοὺς	t_1599	103032968	c--------	l-s---fn-		ἐπειδάν	ὁ		m|m|@
22	55	στρατευομένους	t_1600	103032969	u--------	n-s---fn-		,	δύναμις		m|m|@
22	56	εἶναι	t_1601	103032970	c--------	v3spsa---		διότι	πλέω		m|m|@
22	57	κελεύω	t_1602	103032971	a-s---fa-	u--------		τηλικοῦτος	.		m|m|@
22	58	,	t_1603	103032972	v--pna---	d--------		ἀποχράω	πόθεν		m|m|@
22	59	διδάξω	t_1604	103032973	v1spie---	g--------		οἴομαι	δή		m|m|@
22	60	.	t_1605	103032974	l-s---fa-	p-p---md-		ὁ	οὗτος		m|m|@
23	1	τοσαύτην	t_1606	103032975	n-s---fa-	l-s---fn-		δύναμις	ὁ		m|m|@
23	2	μέν	t_1607	103032976	c--------	n-s---fn-		καί	τροφή		m|m|@
23	3	,	t_1608	103032977	n-p---ma-	v3sfim---		πολίτης	γίγνομαι		m|m|@
23	4	ὦ	t_1609	103032978	l-p---ma-	u--------		ὁ	;		m|m|@
23	5	ἄνδρες	t_1610	103032979	v-pppema-	p1s---cn-		στρατεύω	ἐγώ		m|m|@
23	6	Ἀθηναῖοι	t_1611	103032980	v--pna---	b--------		εἰμί	καί		m|m|@
23	7	,	t_1612	103032981	v1spia---	p-s---na-		κελεύω	οὗτος		m|m|@
23	8	διὰ	t_1613	103032982	u--------	v1sfia---		,	φράζω		m|m|@
23	9	ταῦτα	t_1614	103032983	v1sfia---	b--------		διδάσκω	καί		m|m|@
23	10	,	t_1615	103032984	u--------	v1sfia---		.	δείκνυμι		m|m|@
23	11	ὅτι	t_1616	103032985	p-s---fa-	u--------		τοσοῦτος	,		m|m|@
23	12	οὐκ	t_1617	103032986	d--------	c--------		μέν	ἐπειδάν		m|m|@
23	13	ἔνι	t_1618	103032987	u--------	u--------		,	,		m|m|
23	14	νῦν	t_1619	103032988	i--------	c--------		ὦ	διότι		m|m|@
23	15	ἡμῖν	t_1620	103032989	n-p---mv-	p-s---fa-		ἀνήρ	τηλικοῦτος		m|m|@
23	16	πορίσασθαι	t_1621	103032990	a-p---mv-	v--pna---		ἀθηναῖος	ἀποχράω		m|m|@
23	17	δύναμιν	t_1622	103032991	u--------	v1spim---		,	οἴομαι		m|m|@
23	18	τὴν	t_1623	103032992	r--------	l-s---fa-		διά	ὁ		m|m|@
23	19	ἐκείνῳ	t_1624	103032993	p-p---na-	n-s---fa-		οὗτος	δύναμις		m|m|@
23	20	παραταξομένην	t_1625	103032994	u--------	b--------		,	καί		m|m|@
23	21	,	t_1626	103032995	c--------	n-p---ma-		ὅτι	πολίτης		m|m|@
23	22	ἀλλὰ	t_1627	103032996	d--------	l-p---ma-		οὐ	ὁ		m|m|@
23	23	λῃστεύειν	t_1628	103032997	r--------	v-pppmma-		ἐν	στρατεύω		m|m|@
23	24	ἀνάγκη	t_1629	103032998	d--------	v--pna---		νῦν	εἰμί		m|m|@
23	25	καὶ	t_1630	103032999	p-p---md-	v1spia---		ἐγώ	κελεύω		m|m|@
23	26	τούτῳ	t_1631	103033000	v--anm---	u--------		πορίζω	,		m|m|@
23	27	τῷ	t_1632	103033001	n-s---fa-	v1sfia---		δύναμις	διδάσκω		m|m|@
23	28	τρόπῳ	t_1633	103033002	l-s---fa-	u--------		ὁ	.		m|m|@
23	29	τοῦ	t_1634	103033003	p-s---md-	p-s---fa-		ἐκεῖνος	τοσοῦτος		m|m|@
23	30	πολέμου	t_1635	103033004	v-sfpmfa-	g--------		παρατάσσω	μέν		m|m|@
23	31	χρῆσθαι	t_1636	103033005	u--------	u--------		,	,		m|m|
23	32	τὴν	t_1637	103033006	c--------	i--------		ἀλλά	ὦ		m|m|@
23	33	πρώτην	t_1638	103033007	v--pna---	n-p---mv-		λῃστεύω	ἀνήρ		m|m|@
23	34	·	t_1639	103033008	n-s---fn-	a-p---mv-		ἀνάγκη	Ἀθηναῖος		m|m|@
23	35	οὐ	t_1640	103033009	c--------	u--------		καί	,		m|m|@
23	36	τοίνυν	t_1641	103033010	a-s---md-	r--------		οὗτος	διά		m|m|@
23	37	ὑπέρογκον	t_1642	103033011	l-s---md-	p-p---na-		ὁ	οὗτος		m|m|@
23	38	αὐτήν	t_1643	103033012	n-s---md-	u--------		τρόπος	,		m|m|@
23	39	(	t_1644	103033013	l-s---mg-	c--------		ὁ	ὅτι		m|m|@
23	40	οὐ	t_1645	103033014	n-s---mg-	d--------		πόλεμος	οὐ		m|m|@
23	41	γὰρ	t_1646	103033015	v--pne---	r--------		χράω	ἐν		m|m|@
23	42	ἔστι	t_1647	103033016	l-s---fa-	d--------		ὁ	νῦν		m|m|@
23	43	μισθὸς	t_1648	103033017	a-s---fa-	p1p---cd-		πρῶτος	ἐγώ		m|m|@
23	44	οὐ	t_1649	103033018	u--------	v--anm---		·	πορίζω		m|m|@
23	45	δὲ	t_1650	103033019	d--------	n-s---fa-		οὐ	δύναμις		m|m|@
23	46	τροφή	t_1651	103033020	d--------	l-s---fa-		τοίνυν	ὁ		m|m|@
23	47	)	t_1652	103033021	a-s---fa-	p-s---md-		ὑπέρογκος	ἐκεῖνος		m|m|@
23	48	,	t_1653	103033022	p-s---fa-	v-sfpmfa-		αὐτός	παρατάσσω		m|m|@
23	49	οὐ	t_1654	103033023	u--------	u--------		̔	,		m|m|@
23	50	δὲ	t_1655	103033024	d--------	b--------		οὐ	ἀλλά		m|m|@
23	51	παντελῶς	t_1656	103033025	d--------	v--pna---		γάρ	λῃστεύω		m|m|@
23	52	ταπεινὴν	t_1657	103033026	v3spia---	n-s---fn-		εἰμί	ἀνάγκη		m|m|@
23	53	εἶναι	t_1658	103033027	n-s---mn-	b--------		μισθός	καί		m|m|@
23	54	δεῖ	t_1659	103033028	d--------	p-s---md-		οὐ	οὗτος		m|m|@
23	55	.	t_1660	103033029	c--------	l-s---md-		δέ	ὁ		m|m|@
24	1	πολίτας	t_1661	103033030	n-s---fn-	n-s---md-		τροφή	τρόπος		m|m|@
24	2	δὲ	t_1662	103033031	u--------	l-s---mg-		)	ὁ		m|m|@
24	3	παρεῖναι	t_1663	103033032	u--------	n-s---mg-		,	πόλεμος		m|m|@
24	4	καὶ	t_1664	103033033	d--------	v--pnm---		οὐ	χράω		m|m|@
24	5	συμπλεῖν	t_1665	103033034	c--------	l-s---fa-		δέ	ὁ		m|m|@
24	6	διὰ	t_1666	103033035	d--------	a-s---fac		παντελής	πρότερος		m|m|@
24	7	ταῦτα	t_1667	103033036	a-s---fa-	u--------		ταπεινός	·		m|m|@
24	8	κελεύω	t_1668	103033037	v--pna---	d--------		εἰμί	οὐ		m|m|@
24	9	,	t_1669	103033038	v3spia---	g--------		δεῖ	τοίνυν		m|m|@
24	10	ὅτι	t_1670	103033039	u--------	a-s---fa-		.	ὑπέρογκος		m|m|@
24	11	καὶ	t_1671	103033040	n-p---ma-	p-s---fa-		πολίτης	αὐτός		m|m|@
24	12	πρότερόν	t_1672	103033041	d--------	u--------		δέ	(		m|m|@
24	13	ποτʼ	t_1673	103033042	v--pna---	d--------		πάρειμι	οὐ		m|m|@
24	14	ἀκούω	t_1674	103033043	c--------	g--------		καί	γάρ		m|m|@
24	15	ξενικὸν	t_1675	103033044	v--pna---	v3spia---		συμπλέω	εἰμί		m|m|@
24	16	τρέφειν	t_1676	103033045	r--------	n-s---mn-		διά	μισθός		m|m|@
24	17	ἐν	t_1677	103033046	p-p---na-	d--------		οὗτος	οὐ		m|m|@
24	18	Κορίνθῳ	t_1678	103033047	v1spia---	b--------		κελεύω	δέ		m|m|@
24	19	τὴν	t_1679	103033048	u--------	n-s---fn-		,	τροφή		m|m|@
24	20	πόλιν	t_1680	103033049	c--------	u--------		ὅτι	)		m|m|@
24	21	,	t_1681	103033050	d--------	u--------		καί	,		m|m|@
24	22	οὗ	t_1682	103033051	a-s---na-	d--------		πρότερος	οὐ		m|m|@
24	23	Πολύστρατος	t_1683	103033052	d--------	b--------		ποτέ	δέ		m|m|@
24	24	ἡγεῖτο	t_1684	103033053	v1spia---	d--------		ἀκούω	παντελής		m|m|@
24	25	καὶ	t_1685	103033054	a-s---na-	a-s---fa-		ξενικός	ταπεινός		m|m|@
24	26	Ἰφικράτης	t_1686	103033055	v--pna---	v--pna---		τρέφω	εἰμί		m|m|@
24	27	καὶ	t_1687	103033056	r--------	v3spia---		ἐν	δέω		m|m|@
24	28	Χαβρίας	t_1688	103033057	n-s---fd-	u--------		κόρινθος	.		m|m|@
24	29	καὶ	t_1689	103033058	l-s---fa-	n-p---ma-		ὁ	πολίτης		m|m|@
24	30	ἄλλοι	t_1690	103033059	n-s---fa-	b--------		πόλις	δέ		m|m|@
24	31	τινές	t_1691	103033060	u--------	v--pna---		,	πάρειμι		m|m|@
24	32	,	t_1692	103033061	p-s---ng-	b--------		ὅς	καί		m|m|@
24	33	καὶ	t_1693	103033062	n-s---mn-	v--pna---		πολύστρατος	συμπλέω		m|m|@
24	34	αὐτοὺς	t_1694	103033063	v3siim---	r--------		ἡγέομαι	διά		m|m|@
24	35	ὑμᾶς	t_1695	103033064	d--------	p-p---na-		καί	οὗτος		m|m|@
24	36	συστρατεύεσθαι	t_1696	103033065	n-s---mn-	v1spia---		ἰφικράτης	κελεύω		m|m|@
24	37	·	t_1697	103033066	d--------	u--------		καί	,		m|m|@
24	38	καὶ	t_1698	103033067	n-s---mn-	c--------		χαβρίας	ὅτι		m|m|@
24	39	οἶδʼ	t_1699	103033068	c--------	b--------		καί	καί		m|m|
24	40	ἀκούων	t_1700	103033069	a-p---mn-	d-------c		ἄλλος	πρότερος		m|m|@
24	41	ὅτι	t_1701	103033070	p-p---mn-	d--------		τις	ποτέ		m|m|@
24	42	Λακεδαιμονίους	t_1702	103033071	u--------	v1spia---		,	ἀκούω		m|m|@
24	43	παραταττόμενοι	t_1703	103033072	c--------	a-s---na-		καί	ξενικός		m|m|@
24	44	μεθʼ	t_1704	103033073	a-p---ma-	v--pna---		αὐτός	τρέφω		m|m|@
24	45	ὑμῶν	t_1705	103033074	p-p---ma-	r--------		σύ	ἐν		m|m|@
24	46	ἐνίκων	t_1706	103033075	v--pne---	n-s---fd-		συστρατεύομαι	Κόρινθος		m|m|@
24	47	οὗτοι	t_1707	103033076	u--------	l-s---fa-		·	ὁ		m|m|@
24	48	οἱ	t_1708	103033077	d--------	n-s---fa-		καί	πόλις		m|m|@
24	49	ξένοι	t_1709	103033078	v1spia---	u--------		οἶδα	,		m|m|@
24	50	καὶ	t_1710	103033079	v-sppamn-	p-s---ng-		ἀκούω	ὅς		m|m|@
24	51	ὑμεῖς	t_1711	103033080	c--------	n-s---mn-		ὅτι	Πολύστρατος		m|m|@
24	52	μετʼ	t_1712	103033081	n-p---ma-	v3siim---		λακεδαιμόνιος	ἡγέομαι		m|m|@
24	53	ἐκείνων	t_1713	103033082	v-pppemn-	b--------		παρατάσσω	καί		m|m|@
24	54	.	t_1714	103033083	r--------	n-s---mn-		μετά	Ἰφικράτης		m|m|@
24	55	ἐξ	t_1715	103033084	p-p---mg-	b--------		σύ	καί		m|m|@
24	56	οὗ	t_1716	103033085	v3piia---	n-s---mn-		νικάω	Χαβρίας		m|m|@
24	57	δʼ	t_1717	103033086	a-p---mn-	b--------		οὗτος	καί		m|m|@
24	58	αὐτὰ	t_1718	103033087	l-p---mn-	p-p---mn-		ὁ	ἄλλος		m|m|@
24	59	καθʼ	t_1719	103033088	n-p---mn-	p-p---cn-		ξένος1	τις		m|m|@
24	60	αὑτὰ	t_1720	103033089	c--------	u--------		καί	,		m|m|@
24	61	τὰ	t_1721	103033090	p-p---mn-	b--------		σύ	καί		m|m|@
24	62	ξενικὰ	t_1722	103033091	r--------	p-p---ma-		μετά	αὐτός		m|m|@
24	63	ὑμῖν	t_1723	103033092	p-p---mg-	p2p---ca-		ἐκεῖνος	σύ		m|m|@
24	64	στρατεύεται	t_1724	103033093	u--------	v--pnm---		.	συστρατεύω		m|m|@
24	65	,	t_1725	103033094	r--------	u--------		ἐκ	·		m|m|@
24	66	τοὺς	t_1726	103033095	p-s---ng-	b--------		ὅς	καί		m|m|@
24	67	φίλους	t_1727	103033096	d--------	v1sria---		δέ	οἶδα		m|m|@
24	68	νικᾷ	t_1728	103033097	a-p---nn-	v-sppamn-		αὐτός	ἀκούω		m|m|@
24	69	καὶ	t_1729	103033098	r--------	c--------		κατά	ὅτι		m|m|@
24	70	τοὺς	t_1730	103033099	p-p---na-	a-p---ma-		ἑαυτοῦ	Λακεδαιμόνιος		m|m|@
24	71	συμμάχους	t_1731	103033100	l-p---nn-	v-pppmmn-		ὁ	παρατάσσω		m|m|@
24	72	,	t_1732	103033101	a-p---nn-	r--------		ξενικός	μετά		m|m|@
24	73	οἱ	t_1733	103033102	p-p---md-	p2p---cg-		σύ	σύ		m|m|
24	74	δʼ	t_1734	103033103	v3spie---	v3piia---		στρατεύω	νικάω		m|m|@
24	75	ἐχθροὶ	t_1735	103033104	u--------	p-p---mn-		,	οὗτος		m|m|@
24	76	μείζους	t_1736	103033105	l-p---ma-	l-p---mn-		ὁ	ὁ		m|m|
24	77	τοῦ	t_1737	103033106	n-p---ma-	a-p---mn-		φίλος	ξένος		m|m|@
24	78	δέοντος	t_1738	103033107	v3spia---	b--------		νικάω	καί		m|m|@
24	79	γεγόνασιν	t_1739	103033108	c--------	p2p---cn-		καί	σύ		m|m|@
24	80	.	t_1740	103033109	l-p---ma-	r--------		ὁ	μετά		m|m|@
24	81	καὶ	t_1741	103033110	n-p---ma-	p-p---mg-		σύμμαχος	ἐκεῖνος		m|m|@
24	82	παρακύψαντʼ	t_1742	103033111	u--------	u--------		,	.		m|m|@
24	83	ἐπὶ	t_1743	103033112	l-p---mn-	r--------		ὁ	ἐκ		m|m|@
24	84	τὸν	t_1744	103033113	c--------	p-s---ng-		δέ	ὅς		m|m|@
24	85	τῆς	t_1745	103033114	n-p---mn-	b--------		ἐχθρός	δέ		m|m|@
24	86	πόλεως	t_1746	103033115	a-p---mnc	p-p---nn-		μέγας	αὐτός		m|m|@
24	87	πόλεμον	t_1747	103033116	l-s---ng-	r--------		ὁ	κατά		m|m|@
24	88	,	t_1748	103033117	v-sppang-	p-p---na-		δεῖ	ἑαυτοῦ		m|m|@
24	89	πρὸς	t_1749	103033118	v3pria---	l-p---nn-		γίγνομαι	ὁ		m|m|@
24	90	Ἀρτάβαζον	t_1750	103033119	u--------	a-p---nn-		.	ξενικός		m|m|@
24	91	καὶ	t_1751	103033120	d--------	p2p---cd-		καί	σύ		m|m|@
24	92	πανταχοῖ	t_1752	103033121	v-papann-	v3spim---		παρακύπτω	στρατεύω		m|m|@
24	93	μᾶλλον	t_1753	103033122	r--------	u--------		ἐπί	,		m|m|@
24	94	οἴχεται	t_1754	103033123	l-s---ma-	l-p---ma-		ὁ	ὁ		m|m|
24	95	πλέοντα	t_1755	103033124	l-s---fg-	a-p---ma-		ὁ	φίλος		m|m|@
24	96	,	t_1756	103033125	n-s---fg-	v2spsm---		πόλις	νικάω		m|m|@
24	97	ὁ	t_1757	103033126	n-s---ma-	b--------		πόλεμος	καί		m|m|@
24	98	δὲ	t_1758	103033127	u--------	l-p---ma-		,	ὁ		m|m|@
24	99	στρατηγὸς	t_1759	103033128	r--------	a-p---ma-		πρός	σύμμαχος		m|m|@
24	100	ἀκολουθεῖ	t_1760	103033129	n-s---ma-	u--------		ἀρτάβαζος	,		m|m|@
24	101	,	t_1761	103033130	d--------	l-p---mn-		καί	ὁ		m|m|@
24	102	εἰκότως	t_1762	103033131	d--------	b--------		πανταχοῖ	δέ		m|m|@
24	103	·	t_1763	103033132	d--------	a-p---mn-		μᾶλλον	ἐχθρός		m|m|@
24	104	οὐ	t_1764	103033133	v3spie---	a-p---mnc		οἴχομαι	μέγας		m|m|@
24	105	γὰρ	t_1765	103033134	v-pppann-	p-s---ng-		πλέω	ὁ		m|m|@
24	106	ἔστιν	t_1766	103033135	u--------	v-sppamg-		,	δέω		m|m|@
24	107	ἄρχειν	t_1767	103033136	l-s---mn-	v3pria---		ὁ	γίγνομαι		m|m|@
24	108	μὴ	t_1768	103033137	c--------	u--------		δέ	.		m|m|@
24	109	διδόντα	t_1769	103033138	n-s---mn-	b--------		στρατηγός	καί		m|m|@
24	110	μισθόν	t_1770	103033139	v3spia---	v-papann-		ἀκολουθέω	παρακύπτω		m|m|@
24	111	.	t_1771	103033140	u--------	r--------		,	ἐπί		m|m|@
25	1	τί	t_1772	103033141	d--------	l-s---ma-		εἰκότως	ὁ		m|m|@
25	2	οὖν	t_1773	103033142	u--------	l-s---fg-		·	ὁ		m|m|@
25	3	κελεύω	t_1774	103033143	d--------	n-s---fg-		οὐ	πόλις		m|m|@
25	4	;	t_1775	103033144	d--------	n-s---ma-		γάρ	πόλεμος		m|m|@
25	5	τὰς	t_1776	103033145	v3spia---	u--------		εἰμί	,		m|m|@
25	6	προφάσεις	t_1777	103033146	v--pna---	r--------		ἄρχω	πρός		m|m|@
25	7	ἀφελεῖν	t_1778	103033147	d--------	n-s---ma-		μή	Ἀρτάβαζος		m|m|@
25	8	καὶ	t_1779	103033148	v-sppama-	b--------		δίδωμι	καί		m|m|@
25	9	τοῦ	t_1780	103033149	n-s---ma-	d--------		μισθός	πανταχοῖ		m|m|@
25	10	στρατηγοῦ	t_1781	103033150	u--------	d-------c		.	μάλα		m|m|@
25	11	καὶ	t_1782	103033151	p-s---na-	v3spim---		τίς	οἴχομαι		m|m|@
25	12	τῶν	t_1783	103033152	d--------	v-pppann-		οὖν	πλέω		m|m|@
25	13	στρατιωτῶν	t_1784	103033153	v1spia---	u--------		κελεύω	,		m|m|@
25	14	,	t_1785	103033154	u--------	l-s---mn-		;	ὁ		m|m|@
25	15	μισθὸν	t_1786	103033155	l-p---fa-	b--------		ὁ	δέ		m|m|@
25	16	πορίσαντας	t_1787	103033156	n-p---fa-	n-s---mn-		πρόφασις	στρατηγός		m|m|@
25	17	καὶ	t_1788	103033157	v--ana---	v3spia---		ἀφαιρέω	ἀκολουθέω		m|m|@
25	18	στρατιώτας	t_1789	103033158	d--------	u--------		καί	,		m|m|@
25	19	οἰκείους	t_1790	103033159	l-s---mg-	d--------		ὁ	ἔοικα		m|m|@
25	20	ὥσπερ	t_1791	103033160	n-s---mg-	u--------		στρατηγός	·		m|m|@
25	21	ἐπόπτας	t_1792	103033161	c--------	d--------		καί	οὐ		m|m|@
25	22	τῶν	t_1793	103033162	l-p---mg-	g--------		ὁ	γάρ		m|m|@
25	23	στρατηγουμένων	t_1794	103033163	n-p---mg-	v3spia---		στρατιώτης	εἰμί		m|m|@
25	24	παρακαταστήσαντας	t_1795	103033164	u--------	v--pna---		,	ἄρχω		m|m|@
25	25	·	t_1796	103033165	n-s---ma-	d--------		μισθός	μή		m|m|@
25	26	ἐπεὶ	t_1797	103033166	v-papama-	v-sppama-		πορίζω	δίδωμι		m|m|@
25	27	νῦν	t_1798	103033167	c--------	n-s---ma-		καί	μισθός		m|m|@
25	28	γε	t_1799	103033168	n-p---ma-	u--------		στρατιώτης	.		m|m|@
25	29	γέλως	t_1800	103033169	a-p---ma-	p-s---na-		οἰκεῖος	τίς		m|m|@
25	30	ἔσθʼ	t_1801	103033170	d--------	g--------		ὥσπερ	οὖν		m|m|@
25	31	ὡς	t_1802	103033171	n-p---ma-	v1spia---		ἐπόπτης	κελεύω		m|m|@
25	32	χρώμεθα	t_1803	103033172	l-p---mg-	u--------		ὁ	;		m|m|@
25	33	τοῖς	t_1804	103033173	v-pppemg-	l-p---fa-		στρατηγέω	ὁ		m|m|@
25	34	πράγμασιν	t_1805	103033174	v-papama-	n-p---fa-		παρακαθίστημι	πρόφασις		m|m|@
25	35	.	t_1806	103033175	u--------	v--ana---		·	ἀφαιρέω		m|m|@
25	36	εἰ	t_1807	103033176	d--------	b--------		ἐπεί	καί		m|m|@
25	37	γὰρ	t_1808	103033177	d--------	l-s---mg-		νῦν	ὁ		m|m|@
25	38	ἔροιτό	t_1809	103033178	d--------	n-s---mg-		γε	στρατηγός		m|m|@
25	39	τις	t_1810	103033179	n-s---mn-	b--------		γέλως	καί		m|m|@
25	40	ὑμᾶς	t_1811	103033180	v3spia---	l-p---mg-		εἰμί	ὁ		m|m|@
25	41	,	t_1812	103033181	c--------	n-p---mg-		ὡς	στρατιώτης		m|m|@
25	42	εἰρήνην	t_1813	103033182	v1ppie---	u--------		χράομαι	,		m|m|@
25	43	ἄγετʼ	t_1814	103033183	l-p---nd-	n-s---ma-		ὁ	μισθός		m|m|@
25	44	,	t_1815	103033184	n-p---nd-	v-papama-		πρᾶγμα	πορίζω		m|m|@
25	45	ὦ	t_1816	103033185	u--------	b--------		.	καί		m|m|@
25	46	ἄνδρες	t_1817	103033186	c--------	n-p---ma-		εἰ	στρατιώτης		m|m|@
25	47	Ἀθηναῖοι	t_1818	103033187	d--------	a-p---ma-		γάρ	οἰκεῖος		m|m|@
25	48	;	t_1819	103033188	v3saom---	d--------		ἔρομαι	ὥσπερ		m|m|@
25	49	μὰ	t_1820	103033189	p-s---mn-	n-p---ma-		τις	ἐπόπτης		m|m|@
25	50	Δίʼ	t_1821	103033190	p-p---ma-	l-p---mg-		σύ	ὁ		m|m|@
25	51	οὐχ	t_1822	103033191	u--------	v-pppmmg-		,	στρατηγέω		m|m|@
25	52	ἡμεῖς	t_1823	103033192	n-s---fa-	v-papama-		εἰρήνη	παρακαθίστημι		m|m|@
25	53	γʼ	t_1824	103033193	v2spia---	u--------		ἄγε	·		m|m|@
25	54	,	t_1825	103033194	u--------	g--------		,	ἐπεί		m|m|@
25	55	εἴποιτʼ	t_1826	103033195	d--------	d--------		ὦ	νῦν		m|m|@
25	56	ἄν	t_1827	103033196	n-p---mv-	d--------		ἀνήρ	γε		m|m|@
25	57	,	t_1828	103033197	a-p---mv-	n-s---mn-		ἀθηναῖος	γέλως		m|m|@
25	58	ἀλλὰ	t_1829	103033198	u--------	v3spia---		;	εἰμί		m|m|@
25	59	Φιλίππῳ	t_1830	103033199	r--------	c--------		μά	ὡς		m|m|@
25	60	πολεμοῦμεν	t_1831	103033200	n-s---ma-	v1ppim---		ζεύς	χράω		m|m|@
25	61	.	t_1832	103033201	d--------	l-p---nd-		οὐ	ὁ		m|m|@
26	1	οὐκ	t_1833	103033202	p1p---mn-	n-p---nd-		ἐγώ	πρᾶγμα		m|m|@
26	2	ἐχειροτονεῖτε	t_1834	103033203	d--------	u--------		γε	.		m|m|@
26	3	δʼ	t_1835	103033204	u--------	c--------		,	εἰ		m|m|@
26	4	ἐξ	t_1836	103033205	v2paoa---	g--------		εἶπον	γάρ		m|m|@
26	5	ὑμῶν	t_1837	103033206	d--------	v3saom---		ἄν	ἔρομαι		m|m|@
26	6	αὐτῶν	t_1838	103033207	u--------	p-s---cn-		,	τις		m|m|@
26	7	δέκα	t_1839	103033208	c--------	p2p---ca-		ἀλλά	σύ		m|m|@
26	8	ταξιάρχους	t_1840	103033209	n-s---md-	u--------		φίλιππος	,		m|m|@
26	9	καὶ	t_1841		v1ppia---			πολεμέω			m|m|m
26	10	στρατηγοὺς	t_1842	103033210	u--------	u--------		.	"		m|m|@
26	11	καὶ	t_1843	103033211	d--------	n-s---fa-		οὐ	εἰρήνη		m|m|@
26	12	φυλάρχους	t_1844	103033212	v2piia---	v2spia---		χειροτονέω	ἄγω		m|m|@
26	13	καὶ	t_1845	103033213	d--------	u--------		δέ	,		m|m|@
26	14	ἱππάρχους	t_1846	103033214	r--------	i--------		ἐκ	ὦ		m|m|@
26	15	δύο	t_1847	103033215	p-p---mg-	n-p---mv-		σύ	ἀνήρ		m|m|@
26	16	;	t_1848	103033216	a-p---mg-	a-p---mv-		αὐτός	Ἀθηναῖος		m|m|@
26	17	τί	t_1849	103033217	a--------	u--------		δέκα	,		m|m|@
26	18	οὖν	t_1850		n-p---ma-			ταξίαρχος			m|m|m
26	19	οὗτοι	t_1851	103033218	d--------	u--------		καί	"		m|m|@
26	20	ποιοῦσιν	t_1852		n-p---ma-			στρατηγός			m|m|m
26	21	;	t_1853	103033219	d--------	u--------		καί	"		m|m|@
26	22	πλὴν	t_1854	103033220	n-p---ma-	r--------		φύλαρχος	μά		m|m|@
26	23	ἑνὸς	t_1855	103033221	c--------	n-s---ma-		καί	Ζεύς		m|m|@
26	24	ἀνδρός	t_1856	103033222	n-p---ma-	d--------		ἵππαρχος	οὐ		m|m|@
26	25	,	t_1857	103033223	a--------	p1p---cn-		δύο	ἐγώ		m|m|@
26	26	ὃν	t_1858	103033224	u--------	d--------		;	γε		m|m|@
26	27	ἂν	t_1859	103033225	p-s---na-	u--------		τίς	,		m|m|@
26	28	ἐκπέμψητʼ	t_1860		d--------			οὖν			m|m|m
26	29	ἐπὶ	t_1861	103033226	p-p---mn-	u--------		οὗτος	"		m|m|@
26	30	τὸν	t_1862	103033227	v3ppia---	v2paoa---		ποιέω	λέγω		m|m|@
26	31	πόλεμον	t_1863	103033228	u--------	g--------		;	ἄν		m|m|@
26	32	,	t_1864	103033229	r--------	u--------		πλήν	,		m|m|@
26	33	οἱ	t_1865		a-s---ng-			εἷς			m|m|m
26	34	λοιποὶ	t_1866	103033230	n-s---mg-	u--------		ἀνήρ	"		m|m|@
26	35	τὰς	t_1867	103033231	u--------	b--------		,	ἀλλά		m|m|@
26	36	πομπὰς	t_1868	103033232	p-s---ma-	n-s---md-		ὅς	Φίλιππος		m|m|@
26	37	πέμπουσιν	t_1869	103033233	d--------	v1ppia---		ἄν	πολεμέω		m|m|@
26	38	ὑμῖν	t_1870		v2pasa---			ἐκπέμπω			m|m|m
26	39	μετὰ	t_1871	103033234	r--------	u--------		ἐπί	"		m|m|@
26	40	τῶν	t_1872	103033235	l-s---ma-	u--------		ὁ	.		m|m|@
26	41	ἱεροποιῶν	t_1873	103033236	n-s---ma-	d--------		πόλεμος	οὐ		m|m|@
26	42	·	t_1874	103033237	u--------	v2piia---		,	χειροτονέω		m|m|@
26	43	ὥσπερ	t_1875	103033238	l-p---mn-	b--------		ὁ	δέ		m|m|@
26	44	γὰρ	t_1876	103033239	a-p---mn-	r--------		λοιπός	ἐκ		m|m|@
26	45	οἱ	t_1877	103033240	l-p---fa-	p2p---cg-		ὁ	σύ		m|m|@
26	46	πλάττοντες	t_1878	103033241	n-p---fa-	p-p---mg-		πομπή	αὐτός		m|m|@
26	47	τοὺς	t_1879	103033242	v3ppia---	m--------		πέμπω	δέκα		m|m|@
26	48	πηλίνους	t_1880	103033243	p-p---md-	n-p---ma-		σύ	ταξίαρχος		m|m|@
26	49	,	t_1881	103033244	r--------	b--------		μετά	καί		m|m|@
26	50	εἰς	t_1882	103033245	l-p---mg-	n-p---ma-		ὁ	στρατηγός		m|m|@
26	51	τὴν	t_1883	103033246	n-p---mg-	b--------		ἱεροποιός	καί		m|m|@
26	52	ἀγορὰν	t_1884	103033247	u--------	n-p---ma-		·	φύλαρχος		m|m|@
26	53	χειροτονεῖτε	t_1885	103033248	c--------	b--------		ὥσπερ	καί		m|m|@
26	54	τοὺς	t_1886	103033249	d--------	n-p---ma-		γάρ	Ἵππαρχος		m|m|@
26	55	ταξιάρχους	t_1887	103033250	l-p---mn-	m--------		ὁ	δύο		m|m|@
26	56	καὶ	t_1888	103033251	v-pppamn-	u--------		πλάσσω	;		m|m|@
26	57	τοὺς	t_1889	103033252	l-p---ma-	p-s---na-		ὁ	τίς		m|m|@
26	58	φυλάρχους	t_1890	103033253	a-p---ma-	g--------		πήλινος	οὖν		m|m|@
26	59	,	t_1891	103033254	u--------	p-p---mn-		,	οὗτος		m|m|@
26	60	οὐκ	t_1892	103033255	r--------	v3ppia---		εἰς	ποιέω		m|m|@
26	61	ἐπὶ	t_1893	103033256	l-s---fa-	u--------		ὁ	;		m|m|@
26	62	τὸν	t_1894	103033257	n-s---fa-	r--------		ἀγορά	πλήν		m|m|@
26	63	πόλεμον	t_1895	103033258	v2ppia---	m-s---ng-		χειροτονέω	εἷς		m|m|@
26	64	.	t_1896	103033259	l-p---ma-	n-s---mg-		ὁ	ἀνήρ		m|m|@
27	1	οὐ	t_1897	103033260	n-p---ma-	u--------		ταξίαρχος	,		m|m|@
27	2	γὰρ	t_1898	103033261	c--------	p-s---ma-		καί	ὅς		m|m|@
27	3	ἐχρῆν	t_1899	103033262	l-p---ma-	g--------		ὁ	ἄν		m|m|@
27	4	,	t_1900	103033263	n-p---ma-	v2pasa---		φύλαρχος	ἐκπέμπω		m|m|@
27	5	ὦ	t_1901	103033264	u--------	r--------		,	ἐπί		m|m|@
27	6	ἄνδρες	t_1902	103033265	d--------	l-s---ma-		οὐ	ὁ		m|m|@
27	7	Ἀθηναῖοι	t_1903	103033266	r--------	n-s---ma-		ἐπί	πόλεμος		m|m|@
27	8	,	t_1904	103033267	l-s---ma-	u--------		ὁ	,		m|m|@
27	9	ταξιάρχους	t_1905	103033268	n-s---ma-	l-p---mn-		πόλεμος	ὁ		m|m|@
27	10	παρʼ	t_1906	103033269	u--------	a-p---mn-		.	λοιπός		m|m|@
27	11	ὑμῶν	t_1907	103033270	d--------	l-p---fa-		οὐ	ὁ		m|m|@
27	12	,	t_1908	103033271	d--------	n-p---fa-		γάρ	πομπή		m|m|@
27	13	ἵππαρχον	t_1909	103033272	v3siia---	v3ppia---		χρή	πέμπω		m|m|@
27	14	παρʼ	t_1910	103033273	u--------	p2p---cd-		,	σύ		m|m|@
27	15	ὑμῶν	t_1911	103033274	i--------	r--------		ὦ	μετά		m|m|@
27	16	,	t_1912	103033275	n-p---mv-	l-p---mg-		ἀνήρ	ὁ		m|m|@
27	17	ἄρχοντας	t_1913	103033276	a-p---mv-	a-p---mg-		ἀθηναῖος	ἱεροποιός		m|m|@
27	18	οἰκείους	t_1914	103033277	u--------	u--------		,	·		m|m|@
27	19	εἶναι	t_1915	103033278	n-p---ma-	c--------		ταξίαρχος	ὥσπερ		m|m|@
27	20	,	t_1916	103033279	r--------	g--------		παρά	γάρ		m|m|@
27	21	ἵνʼ	t_1917	103033280	p-p---mg-	l-p---mn-		σύ	ὁ		m|m|@
27	22	ἦν	t_1918	103033281	u--------	v-pppamn-		,	πλάσσω		m|m|@
27	23	ὡς	t_1919	103033282	n-s---ma-	l-p---ma-		ἵππαρχος	ὁ		m|m|@
27	24	ἀληθῶς	t_1920	103033283	r--------	a-p---ma-		παρά	πήλινος		m|m|@
27	25	τῆς	t_1921	103033284	p-p---mg-	u--------		σύ	,		m|m|@
27	26	πόλεως	t_1922	103033285	u--------	r--------		,	εἰς		m|m|@
27	27	ἡ	t_1923	103033286	n-p---ma-	l-s---fa-		ἄρχων	ὁ		m|m|@
27	28	δύναμις	t_1924	103033287	a-p---ma-	n-s---fa-		οἰκεῖος	ἀγορά		m|m|@
27	29	;	t_1925	103033288	v--pna---	v2ppia---		εἰμί	χειροτονέω		m|m|@
27	30	ἀλλʼ	t_1926	103033289	u--------	l-p---ma-		,	ὁ		m|m|@
27	31	εἰς	t_1927	103033290	c--------	n-p---ma-		ἵνα	ταξίαρχος		m|m|@
27	32	μὲν	t_1928	103033291	v3siia---	b--------		εἰμί	καί		m|m|@
27	33	Λῆμνον	t_1929	103033292	d--------	l-p---ma-		ὡς	ὁ		m|m|@
27	34	τὸν	t_1930	103033293	d--------	n-p---ma-		ἀληθής	φύλαρχος		m|m|@
27	35	παρʼ	t_1931	103033294	l-s---fg-	u--------		ὁ	,		m|m|@
27	36	ὑμῶν	t_1932	103033295	n-s---fg-	d--------		πόλις	οὐ		m|m|@
27	37	ἵππαρχον	t_1933	103033296	l-s---fn-	r--------		ὁ	ἐπί		m|m|@
27	38	δεῖ	t_1934	103033297	n-s---fn-	l-s---ma-		δύναμις	ὁ		m|m|@
27	39	πλεῖν	t_1935	103033298	u--------	n-s---ma-		;	πόλεμος		m|m|@
27	40	,	t_1936	103033299	d--------	u--------		ἀλλά	.		m|m|@
27	41	τῶν	t_1937	103033300	r--------	d--------		εἰς	οὐ		m|m|@
27	42	δʼ	t_1938	103033301	d--------	g--------		μέν	γάρ		m|m|@
27	43	ὑπὲρ	t_1939	103033302	n-s---fa-	v3siia---		λῆμνος	χρή		m|m|@
27	44	τῶν	t_1940	103033303	l-s---ma-	u--------		ὁ	,		m|m|@
27	45	τῆς	t_1941	103033304	r--------	i--------		παρά	ὦ		m|m|@
27	46	πόλεως	t_1942	103033305	p-p---mg-	n-p---mv-		σύ	ἀνήρ		m|m|@
27	47	κτημάτων	t_1943	103033306	n-s---ma-	a-p---mv-		ἵππαρχος	Ἀθηναῖος		m|m|@
27	48	ἀγωνιζομένων	t_1944	103033307	v3spia---	u--------		δεῖ	,		m|m|@
27	49	Μενέλαον	t_1945	103033308	v--pna---	n-p---ma-		πλέω	ταξίαρχος		m|m|@
27	50	ἱππαρχεῖν	t_1946	103033309	u--------	r--------		,	παρά		m|m|@
27	51	.	t_1947	103033310	l-p---mg-	p2p---cg-		ὁ	σύ		m|m|@
27	52	καὶ	t_1948	103033311	c--------	u--------		δέ	,		m|m|@
27	53	οὐ	t_1949	103033312	r--------	n-s---ma-		ὑπέρ	Ἵππαρχος		m|m|@
27	54	τὸν	t_1950	103033313	l-p---ng-	r--------		ὁ	παρά		m|m|@
27	55	ἄνδρα	t_1951	103033314	l-s---fg-	p2p---cg-		ὁ	σύ		m|m|@
27	56	μεμφόμενος	t_1952	103033315	n-s---fg-	u--------		πόλις	,		m|m|@
27	57	ταῦτα	t_1953	103033316	n-p---ng-	v-pppama-		κτῆμα	ἄρχω		m|m|@
27	58	λέγω	t_1954	103033317	v-pppefg-	a-p---ma-		ἀγωνίζομαι	οἰκεῖος		m|m|@
27	59	,	t_1955	103033318	n-s---ma-	v--pna---		μενέλαος	εἰμί		m|m|@
27	60	ἀλλʼ	t_1956	103033319	v--pna---	u--------		ἱππαρχέω	,		m|m|@
27	61	ὑφʼ	t_1957	103033320	u--------	c--------		.	ἵνα		m|m|@
27	62	ὑμῶν	t_1958	103033321	d--------	v3siia---		καί	εἰμί		m|m|@
27	63	ἔδει	t_1959	103033322	d--------	d--------		οὐ	ὡς		m|m|@
27	64	κεχειροτονημένον	t_1960	103033323	l-s---ma-	d--------		ὁ	ἀληθής		m|m|@
27	65	εἶναι	t_1961	103033324	n-s---ma-	l-s---fg-		ἀνήρ	ὁ		m|m|@
27	66	τοῦτον	t_1962	103033325	v-sppemn-	n-s---fg-		μέμφομαι	πόλις		m|m|@
27	67	,	t_1963	103033326	p-p---na-	l-s---fn-		οὗτος	ὁ		m|m|@
27	68	ὅστις	t_1964	103033327	v1spia---	n-s---fn-		λέγω3	δύναμις		m|m|@
27	69	ἂν	t_1965	103033328	u--------	u--------		,	;		m|m|@
27	70	ᾖ	t_1966	103033329	c--------	b--------		ἀλλά	ἀλλά		m|m|
27	71	.	t_1967	103033330	r--------	r--------		ὑπό	εἰς		m|m|@
28	1	ἴσως	t_1968	103033331	p-p---mg-	g--------		σύ	μέν		m|m|@
28	2	δὲ	t_1969	103033332	v3siia---	n-s---fa-		δεῖ	Λῆμνος		m|m|@
28	3	ταῦτα	t_1970	103033333	v-srpema-	l-s---ma-		χειροτονέω	ὁ		m|m|@
28	4	μὲν	t_1971	103033334	v--pna---	r--------		εἰμί	παρά		m|m|@
28	5	ὀρθῶς	t_1972	103033335	p-s---ma-	p2p---cg-		οὗτος	σύ		m|m|@
28	6	ἡγεῖσθε	t_1973	103033336	u--------	n-s---ma-		,	Ἵππαρχος		m|m|@
28	7	λέγεσθαι	t_1974	103033337	p-s---mn-	v3spia---		ὅστις	δέω		m|m|@
28	8	,	t_1975	103033338	d--------	v--pna---		ἄν	πλέω		m|m|@
28	9	τὸ	t_1976	103033339	v3spsa---	u--------		εἰμί	,		m|m|@
28	10	δὲ	t_1977	103033340	u--------	l-p---mg-		.	ὁ		m|m|@
28	11	τῶν	t_1978	103033341	d--------	b--------		ἴσως	δέ		m|m|@
28	12	χρημάτων	t_1979	103033342	d--------	r--------		δέ	ὑπέρ		m|m|@
28	13	,	t_1980	103033343	p-p---na-	l-p---ng-		οὗτος	ὁ		m|m|@
28	14	πόσα	t_1981	103033344	d--------	l-s---fg-		μέν	ὁ		m|m|@
28	15	καὶ	t_1982	103033345	d--------	n-s---fg-		ὀρθός	πόλις		m|m|@
28	16	πόθεν	t_1983	103033346	v2ppim---	n-p---ng-		ἡγέομαι	κτῆμα		m|m|@
28	17	ἔσται	t_1984	103033347	v--pne---	v-pppmfg-		λέγω3	ἀγωνίζομαι		m|m|@
28	18	,	t_1985	103033348	u--------	n-s---ma-		,	Μενέλαος		m|m|@
28	19	μάλιστα	t_1986	103033349	l-s---na-	v--pna---		ὁ	ἱππαρχέω		m|m|@
28	20	ποθεῖτʼ	t_1987	103033350	c--------	u--------		δέ	.		m|m|@
28	21	ἀκοῦσαι	t_1988	103033351	l-p---ng-	b--------		ὁ	καί		m|m|@
28	22	.	t_1989	103033352	n-p---ng-	d--------		χρῆμα	οὐ		m|m|@
28	23	τοῦτο	t_1990	103033353	u--------	l-s---ma-		,	ὁ		m|m|@
28	24	δὴ	t_1991	103033354	a-p---nn-	n-s---ma-		πόσος	ἀνήρ		m|m|@
28	25	καὶ	t_1992	103033355	c--------	v-sppmmn-		καί	μέμφομαι		m|m|@
28	26	περαίνω	t_1993	103033356	d--------	p-p---na-		πόθεν	οὗτος		m|m|@
28	27	.	t_1994	103033357	v3sfim---	v1spia---		εἰμί	λέγω		m|m|@
28	28	χρήματα	t_1995	103033358	u--------	u--------		,	,		m|m|
28	29	τοίνυν	t_1996	103033359	d--------	b--------		μάλιστα	ἀλλά		m|m|@
28	30	·	t_1997	103033360	v2ppia---	r--------		ποθέω	ὑπό		m|m|@
28	31	ἔστι	t_1998	103033361	v--ana---	p2p---cg-		ἀκούω	σύ		m|m|@
28	32	μὲν	t_1999	103033362	u--------	v3siia---		.	δέω		m|m|@
28	33	ἡ	t_2000	103033363	p-s---na-	v-srpmma-		οὗτος	χειροτονέω		m|m|@
28	34	τροφή	t_2001	103033364	d--------	v--pna---		δή	εἰμί		m|m|@
28	35	,	t_2002	103033365	d--------	p-s---ma-		καί	οὗτος		m|m|@
28	36	σιτηρέσιον	t_2003	103033366	v1spia---	u--------		περαίνω	,		m|m|@
28	37	μόνον	t_2004	103033367	u--------	p-s---mn-		.	ὅστις		m|m|@
28	38	,	t_2005	103033368	n-p---na-	g--------		χρῆμα	ἄν		m|m|@
28	39	τῇ	t_2006	103033369	d--------	v3spsa---		τοίνυν	εἰμί		m|m|@
28	40	δυνάμει	t_2007	103033370	u--------	u--------		·	.		m|m|@
28	41	ταύτῃ	t_2008	103033371	v3spia---	d--------		εἰμί	ἴσως		m|m|@
28	42	τάλαντʼ	t_2009	103033372	d--------	b--------		μέν	δέ		m|m|@
28	43	ἐνενήκοντα	t_2010	103033373	l-s---fn-	p-p---na-		ὁ	οὗτος		m|m|@
28	44	καὶ	t_2011	103033374	n-s---fn-	g--------		τροφή	μέν		m|m|@
28	45	μικρόν	t_2012	103033375	u--------	d--------		,	ὀρθός		m|m|@
28	46	τι	t_2013	103033376	n-s---nn-	v2ppim---		σιτηρέσιον	ἡγέομαι		m|m|@
28	47	πρός	t_2014	103033377	a-s---nn-	v--pnm---		μόνος	λέγω		m|m|@
28	48	,	t_2015	103033378	u--------	u--------		,	,		m|m|
28	49	δέκα	t_2016	103033379	l-s---fd-	l-s---na-		ὁ	ὁ		m|m|
28	50	μὲν	t_2017	103033380	n-s---fd-	b--------		δύναμις	δέ		m|m|@
28	51	ναυσὶ	t_2018	103033381	a-s---fd-	l-p---ng-		οὗτος	ὁ		m|m|@
28	52	ταχείαις	t_2019	103033382	n-p---nn-	n-p---ng-		τάλαντον	χρῆμα		m|m|@
28	53	τετταράκοντα	t_2020	103033383	a--------	u--------		ἐνενήκοντα	,		m|m|@
28	54	τάλαντα	t_2021	103033384	c--------	p-p---nn-		καί	πόσος		m|m|@
28	55	,	t_2022	103033385	a-s---nn-	b--------		μικρός	καί		m|m|@
28	56	εἴκοσιν	t_2023	103033386	a-s---nn-	d--------		τις	πόθεν		m|m|@
28	57	εἰς	t_2024	103033387	d--------	v3sfim---		πρός	εἰμί		m|m|@
28	58	τὴν	t_2025	103033388	u--------	u--------		,	,		m|m|
28	59	ναῦν	t_2026	103033389	a--------	d-------s		δέκα	μάλα		m|m|@
28	60	μναῖ	t_2027	103033390	d--------	v2ppia---		μέν	ποθέω		m|m|@
28	61	τοῦ	t_2028	103033391	n-p---fd-	v--ana---		ναῦς	ἀκούω		m|m|@
28	62	μηνὸς	t_2029	103033392	a-p---fd-	u--------		ταχύς	.		m|m|@
28	63	ἑκάστου	t_2030	103033393	a--------	p-s---na-		τετταράκοντα	οὗτος		m|m|@
28	64	,	t_2031	103033394	n-p---nn-	g--------		τάλαντον	δή		m|m|@
28	65	στρατιώταις	t_2032	103033395	u--------	b--------		,	καί		m|m|@
28	66	δὲ	t_2033	103033396	a--------	v1spia---		εἴκοσι	περαίνω		m|m|@
28	67	δισχιλίοις	t_2034	103033397	r--------	u--------		εἰς	.		m|m|@
28	68	τοσαῦθʼ	t_2035	103033398	l-s---fa-	n-p---na-		ὁ	χρῆμα		m|m|@
28	69	ἕτερα	t_2036	103033399	n-s---fa-	g--------		ναῦς	τοίνυν		m|m|@
28	70	,	t_2037	103033400	n-p---fn-	u--------		μνᾶ	·		m|m|@
28	71	ἵνα	t_2038	103033401	l-s---mg-	v3spia---		ὁ	εἰμί		m|m|@
28	72	δέκα	t_2039	103033402	n-s---mg-	g--------		μείς	μέν		m|m|@
28	73	τοῦ	t_2040	103033403	a-s---mg-	l-s---fn-		ἕκαστος	ὁ		m|m|@
28	74	μηνὸς	t_2041	103033404	u--------	n-s---fn-		,	τροφή		m|m|@
28	75	ὁ	t_2042	103033405	n-p---md-	u--------		στρατιώτης	,		m|m|@
28	76	στρατιώτης	t_2043	103033406	d--------	n-s---nn-		δέ	σιτηρέσιον		m|m|@
28	77	δραχμὰς	t_2044	103033407	a-p---md-	d--------		δισχίλιοι	μόνος		m|m|@
28	78	σιτηρέσιον	t_2045	103033408	a-p---nn-	u--------		τοσοῦτος	,		m|m|@
28	79	λαμβάνῃ	t_2046	103033409	a-p---nn-	l-s---fd-		ἕτερος	ὁ		m|m|@
28	80	,	t_2047	103033410	u--------	n-s---fd-		,	δύναμις		m|m|@
28	81	τοῖς	t_2048	103033411	c--------	p-s---fd-		ἵνα	οὗτος		m|m|@
28	82	δʼ	t_2049	103033412	a--------	n-p---nn-		δέκα	τάλαντον		m|m|@
28	83	ἱππεῦσι	t_2050	103033413	l-s---mg-	m--------		ὁ	ἐνενήκοντα		m|m|@
28	84	διακοσίοις	t_2051	103033414	n-s---mg-	b--------		μείς	καί		m|m|@
28	85	οὖσιν	t_2052	103033415	l-s---mn-	a-s---nn-		ὁ	μικρός		m|m|@
28	86	,	t_2053	103033416	n-s---mn-	p-s---nn-		στρατιώτης	τις		m|m|@
28	87	ἐὰν	t_2054	103033417	n-p---fa-	d--------		δραχμή	πρός		m|m|@
28	88	τριάκοντα	t_2055	103033418	n-s---na-	u--------		σιτηρέσιον	,		m|m|@
28	89	δραχμὰς	t_2056	103033419	v2spse---	m--------		λαμβάνω	δέκα		m|m|@
28	90	ἕκαστος	t_2057	103033420	u--------	g--------		,	μέν		m|m|@
28	91	λαμβάνῃ	t_2058	103033421	l-p---md-	n-p---fd-		ὁ	ναῦς		m|m|@
28	92	τοῦ	t_2059	103033422	c--------	a-p---fd-		δέ	ταχύς		m|m|@
28	93	μηνός	t_2060	103033423	n-p---md-	m--------		ἱππεύς	τεσσαράκοντα		m|m|@
28	94	,	t_2061	103033424	a-p---md-	n-p---nn-		διακόσιοι	τάλαντον		m|m|@
28	95	δώδεκα	t_2062	103033425	v-pppamd-	u--------		εἰμί	,		m|m|@
28	96	τάλαντα	t_2063	103033426	u--------	m--------		,	εἴκοσι		m|m|@
28	97	.	t_2064	103033427	c--------	r--------		ἐάν	εἰς		m|m|@
29	1	εἰ	t_2065	103033428	a--------	l-s---fa-		τριάκοντα	ὁ		m|m|@
29	2	δέ	t_2066	103033429	n-p---fa-	n-s---fa-		δραχμή	ναῦς		m|m|@
29	3	τις	t_2067	103033430	a-s---mn-	n-p---fn-		ἕκαστος	μνᾶ		m|m|@
29	4	οἴεται	t_2068	103033431	v3spsa---	l-s---mg-		λαμβάνω	ὁ		m|m|@
29	5	μικρὰν	t_2069	103033432	l-s---mg-	n-s---mg-		ὁ	μείς		m|m|@
29	6	ἀφορμὴν	t_2070	103033433	n-s---mg-	a-s---mg-		μήν	ἕκαστος		m|m|@
29	7	εἶναι	t_2071	103033434	u--------	u--------		,	,		m|m|
29	8	,	t_2072	103033435	a--------	n-p---md-		δώδεκα	στρατιώτης		m|m|@
29	9	σιτηρέσιον	t_2073	103033436	n-p---nn-	b--------		τάλαντον	δέ		m|m|@
29	10	τοῖς	t_2074	103033437	u--------	m-p---md-		.	δισχίλιοι		m|m|@
29	11	στρατευομένοις	t_2075	103033438	c--------	p-p---nn-		εἰ	τοσοῦτος		m|m|@
29	12	ὑπάρχειν	t_2076	103033439	d--------	a-p---nn-		δέ	ἕτερος		m|m|@
29	13	,	t_2077	103033440	p-s---mn-	u--------		τις	,		m|m|@
29	14	οὐκ	t_2078	103033441	v3spie---	c--------		οἴομαι	ἵνα		m|m|@
29	15	ὀρθῶς	t_2079	103033442	a-s---fa-	m--------		μικρός	δέκα		m|m|@
29	16	ἔγνωκεν	t_2080	103033443	n-s---fa-	l-s---mg-		ἀφορμή	ὁ		m|m|@
29	17	·	t_2081	103033444	v--pna---	n-s---mg-		εἰμί	μείς		m|m|@
29	18	ἐγὼ	t_2082	103033445	u--------	l-s---mn-		,	ὁ		m|m|@
29	19	γὰρ	t_2083	103033446	n-s---na-	n-s---mn-		σιτηρέσιον	στρατιώτης		m|m|@
29	20	οἶδα	t_2084	103033447	l-p---md-	n-p---fa-		ὁ	δραχμή		m|m|@
29	21	σαφῶς	t_2085	103033448	v-pppemd-	n-s---na-		στρατεύω	σιτηρέσιον		m|m|@
29	22	ὅτι	t_2086	103033449	v--pna---	v2spsm---		ὑπάρχω	λαμβάνω		m|m|@
29	23	,	t_2087	103033450	u--------	u--------		,	,		m|m|
29	24	τοῦτʼ	t_2088	103033451	d--------	l-p---md-		οὐ	ὁ		m|m|@
29	25	ἂν	t_2089	103033452	d--------	b--------		ὀρθός	δέ		m|m|@
29	26	γένηται	t_2090	103033453	v3sria---	n-p---md-		γιγνώσκω	ἱππεύς		m|m|@
29	27	,	t_2091	103033454	u--------	m-p---md-		·	διακόσιοι		m|m|@
29	28	προσποριεῖ	t_2092	103033455	p-s---mn-	v-pppamd-		ἐγώ	εἰμί		m|m|@
29	29	τὰ	t_2093	103033456	d--------	u--------		γάρ	,		m|m|@
29	30	λοιπὰ	t_2094	103033457	v1sria---	c--------		οἶδα	ἐάν		m|m|@
29	31	αὐτὸ	t_2095	103033458	d--------	m--------		σαφής	τριάκοντα		m|m|@
29	32	τὸ	t_2096	103033459	c--------	n-p---fa-		ὅτι	δραχμή		m|m|@
29	33	στράτευμʼ	t_2097	103033460	u--------	a-s---mn-		,	ἕκαστος		m|m|@
29	34	ἀπὸ	t_2098	103033461	p-s---nn-	v3spsa---		οὗτος	λαμβάνω		m|m|@
29	35	τοῦ	t_2099	103033462	c--------	l-s---mg-		ἄν	ὁ		m|m|@
29	36	πολέμου	t_2100	103033463	v3sasm---	n-s---mg-		γίγνομαι	μείς		m|m|@
29	37	,	t_2101	103033464	u--------	u--------		,	,		m|m|
29	38	οὐδένα	t_2102	103033465	v3sfia---	m--------		προσπορίζω	δώδεκα		m|m|@
29	39	τῶν	t_2103	103033466	l-p---na-	n-p---nn-		ὁ	τάλαντον		m|m|@
29	40	Ἑλλήνων	t_2104	103033467	a-p---na-	u--------		λοιπός	.		m|m|@
29	41	ἀδικοῦν	t_2105	103033468	a-s---nn-	c--------		αὐτός	εἰ		m|m|@
29	42	οὐ	t_2106	103033469	l-s---nn-	b--------		ὁ	δέ		m|m|@
29	43	δὲ	t_2107	103033470	n-s---nn-	p-s---cn-		στράτευμα	τις		m|m|@
29	44	τῶν	t_2108	103033471	r--------	v3spim---		ἀπό	οἴομαι		m|m|@
29	45	συμμάχων	t_2109	103033472	l-s---mg-	a-s---fa-		ὁ	μικρός		m|m|@
29	46	,	t_2110	103033473	n-s---mg-	n-s---fa-		πόλεμος	ἀφορμή		m|m|@
29	47	ὥστʼ	t_2111	103033474	u--------	v--pna---		,	εἰμί		m|m|@
29	48	ἔχειν	t_2112	103033475	p-s---ma-	u--------		οὐδείς	,		m|m|@
29	49	μισθὸν	t_2113	103033476	l-p---mg-	n-s---na-		ὁ	σιτηρέσιον		m|m|@
29	50	ἐντελῆ	t_2114	103033477	n-p---mg-	l-p---md-		ἕλλην	ὁ		m|m|@
29	51	.	t_2115	103033478	v-sppann-	v-pppmmd-		ἀδικέω	στρατεύω		m|m|@
29	52	ἐγὼ	t_2116	103033479	d--------	v--pna---		οὐ	ὑπάρχω		m|m|@
29	53	συμπλέων	t_2117	103033480	c--------	u--------		δέ	,		m|m|@
29	54	ἐθελοντὴς	t_2118	103033481	l-p---mg-	d--------		ὁ	οὐ		m|m|@
29	55	πάσχειν	t_2119	103033482	n-p---mg-	d--------		σύμμαχος	ὀρθός		m|m|@
29	56	ὁτιοῦν	t_2120	103033483	u--------	v3sria---		,	γιγνώσκω		m|m|@
29	57	ἕτοιμος	t_2121	103033484	c--------	u--------		ὥστε	·		m|m|@
29	58	,	t_2122	103033485	v--pna---	p1s---cn-		ἔχω	ἐγώ		m|m|@
29	59	ἐὰν	t_2123	103033486	n-s---ma-	g--------		μισθός	γάρ		m|m|@
29	60	μὴ	t_2124	103033487	a-s---ma-	v1sria---		ἐντελής	οἶδα		m|m|@
29	61	ταῦθʼ	t_2125	103033488	u--------	d--------		.	σαφής		m|m|@
29	62	οὕτως	t_2126	103033489	p-s---mn-	c--------		ἐγώ	ὅτι		m|m|@
29	63	ἔχῃ	t_2127	103033490	v-sppamn-	u--------		συμπλέω	,		m|m|@
29	64	.	t_2128	103033491	n-s---mn-	p-s---nn-		ἐθελοντής	οὗτος		m|m|@
29	65	πόθεν	t_2129	103033492	v--pna---	c--------		πάσχω	ἐάν		m|m|@
29	66	οὖν	t_2130	103033493	d--------	v3sasm---		ὁτιοῦν	γίγνομαι		m|m|@
29	67	ὁ	t_2131	103033494	a-s---mn-	u--------		ἑτοῖμος	,		m|m|@
29	68	πόρος	t_2132	103033495	u--------	v3sfia---		,	προσπορίζω		m|m|@
29	69	τῶν	t_2133	103033496	c--------	l-p---na-		ἐάν	ὁ		m|m|@
29	70	χρημάτων	t_2134	103033497	d--------	a-p---na-		μή	λοιπός		m|m|@
29	71	,	t_2135	103033498	a-p---nn-	p-s---nn-		οὗτος	αὐτός		m|m|@
29	72	ἃ	t_2136	103033499	d--------	l-s---nn-		οὕτως	ὁ		m|m|@
29	73	παρʼ	t_2137	103033500	v3spsa---	n-s---nn-		ἔχω	στράτευμα		m|m|@
29	74	ὑμῶν	t_2138	103033501	u--------	r--------		.	ἀπό		m|m|@
29	75	κελεύω	t_2139	103033502	d--------	l-s---mg-		πόθεν	ὁ		m|m|@
29	76	γενέσθαι;τοῦτʼ	t_2140	103033503	d--------	n-s---mg-		οὖν	πόλεμος		m|m|@
29	77	ἤδη	t_2141	103033504	l-s---mn-	u--------		ὁ	,		m|m|@
29	78	λέξω	t_2142	103033505	n-s---mn-	p-s---ma-		πόρος	οὐδείς		m|m|@
29	79	.	t_2143	103033506	l-p---ng-	l-p---mg-		ὁ	ὁ		m|m|
30	1	ΠΟΡΟΥ	t_2144	103033507	n-p---ng-	n-p---mg-		χρῆμα	Ἕλλην		m|m|@
30	2	ΑΠΟΔΕΙΞΙΣ	t_2145	103033508	u--------	v-sppann-		,	ἀδικέω		m|m|@
30	3	.	t_2146	103033509	p-p---na-	d--------		ὅς	οὐ		m|m|@
30	1	ἃ	t_2147	103033510	r--------	b--------		παρά	δέ		m|m|@
30	2	μὲν	t_2148	103033511	p-p---mg-	l-p---mg-		σύ	ὁ		m|m|@
30	3	ἡμεῖς	t_2149	103033512	v1spia---	a-p---mg-		κελεύω	σύμμαχος		m|m|@
30	4	,	t_2150	103033513	v--anm---	u--------		γίγνομαι	,		m|m|@
30	5	ὦ	t_2151	103033514	u--------	c--------		;	ὥστε		m|m|@
30	6	ἄνδρες	t_2152	103033515	p-p---na-	v--pna---		οὗτος	ἔχω		m|m|@
30	7	Ἀθηναῖοι	t_2153	103033516	d--------	n-s---ma-		ἤδη	μισθός		m|m|@
30	8	,	t_2154	103033517	v1sfia---	a-s---ma-		λέγω	ἐντελής		m|m|@
30	9	δεδυνήμεθʼ	t_2155	103033518	u--------	u--------		.	.		m|m|
30	10	εὑρεῖν	t_2156	103033519	n-s---mg-	p1s---cn-		πόρος	ἐγώ		m|m|@
30	11	ταῦτʼ	t_2157	103033520	n-s---fn-	v-sppamn-		αποδείκνυμι	συμπλέω		m|m|@
30	12	ἐστίν	t_2158	103033521	u--------	n-s---mn-		.	ἐθελοντής		m|m|@
30	13	·	t_2159	103033522	p-p---na-	v--pna---		ὅς	πάσχω		m|m|@
30	14	ἐπειδὰν	t_2160	103033523	d--------	p-s---na-		μέν	ὁστισοῦν		m|m|@
30	15	δʼ	t_2161	103033524	p-p---mn-	a-s---mn-		ἐγώ	ἑτοῖμος		m|m|@
30	16	ἐπιχειροτονῆτε	t_2162	103033525	u--------	u--------		,	,		m|m|
30	17	τὰς	t_2163	103033526	i--------	c--------		ὦ	ἐάν		m|m|@
30	18	γνώμας	t_2164	103033527	n-p---mv-	d--------		ἀνήρ	μή		m|m|@
30	19	,	t_2165	103033528	a-p---mv-	p-p---nn-		ἀθηναῖος	οὗτος		m|m|@
30	20	ἂν	t_2166	103033529	u--------	d--------		,	οὕτως		m|m|@
30	21	ὑμῖν	t_2167	103033530	v1pria---	v3spsa---		δύναμαι	ἔχω		m|m|@
30	22	ἀρέσκῃ	t_2168	103033531	v--ana---	u--------		εὑρίσκω	.		m|m|@
30	23	,	t_2169	103033532	p-p---nn-	d--------		οὗτος	πόθεν		m|m|@
30	24	χειροτονήσετε	t_2170	103033533	v3spia---	g--------		εἰμί	οὖν		m|m|@
30	25	,	t_2171	103033534	u--------	l-s---mn-		·	ὁ		m|m|@
30	26	ἵνα	t_2172	103033535	c--------	n-s---mn-		ἐπειδάν	πόρος		m|m|@
30	27	μὴ	t_2173	103033536	d--------	l-p---ng-		δέ	ὁ		m|m|@
30	28	μόνον	t_2174	103033537	v2ppia---	n-p---ng-		ἐπιχειροτονέω	χρῆμα		m|m|@
30	29	ἐν	t_2175	103033538	l-p---fa-	u--------		ὁ	,		m|m|@
30	30	τοῖς	t_2176	103033539	n-p---fa-	p-p---na-		γνώμη	ὅς		m|m|@
30	31	ψηφίσμασι	t_2177	103033540	u--------	r--------		,	παρά		m|m|@
30	32	καὶ	t_2178	103033541	c--------	p2p---cg-		ἄν	σύ		m|m|@
30	33	ταῖς	t_2179	103033542	p-p---md-	v1spia---		σύ	κελεύω		m|m|@
30	34	ἐπιστολαῖς	t_2180	103033543	v3spsa---	v--anm---		ἀρέσκω	γίγνομαι		m|m|@
30	35	πολεμῆτε	t_2181	103033544	u--------	u--------		,	;		m|m|@
30	36	Φιλίππῳ	t_2182	103033545	v2pasa---	p-p---na-		χειροτονέω	οὗτος		m|m|@
30	37	,	t_2183	103033546	u--------	d--------		,	ἤδη		m|m|@
30	38	ἀλλὰ	t_2184	103033547	c--------	v1sfia---		ἵνα	λέγω		m|m|@
30	39	καὶ	t_2185	103033548	d--------	u--------		μή	.		m|m|@
30	40	τοῖς	t_2186	103033549	a-s---na-	p-p---na-		μόνος	ὅς		m|m|@
30	41	ἔργοις	t_2187	103033550	r--------	g--------		ἐν	μέν		m|m|@
30	42	.	t_2188	103033551	l-p---nd-	p1p---cn-		ὁ	ἐγώ		m|m|@
31	1	δοκεῖτε	t_2189	103033552	n-p---nd-	u--------		ψήφισμα	,		m|m|@
31	2	δέ	t_2190	103033553	c--------	i--------		καί	ὦ		m|m|@
31	3	μοι	t_2191	103033554	l-p---fd-	n-p---mv-		ὁ	ἀνήρ		m|m|@
31	4	πολὺ	t_2192	103033555	n-p---fd-	a-p---mv-		ἐπιστολή	Ἀθηναῖος		m|m|@
31	5	βέλτιον	t_2193	103033556	v2ppsa---	u--------		πολεμέω	,		m|m|@
31	6	ἂν	t_2194	103033557	n-s---md-	v1pria---		φίλιππος	δύναμαι		m|m|@
31	7	περὶ	t_2195	103033558	u--------	v--ana---		,	εὑρίσκω		m|m|@
31	8	τοῦ	t_2196	103033559	c--------	p-p---nn-		ἀλλά	οὗτος		m|m|@
31	9	πολέμου	t_2197	103033560	d--------	v3spia---		καί	εἰμί		m|m|@
31	10	καὶ	t_2198	103033561	l-p---nd-	u--------		ὁ	·		m|m|@
31	11	ὅλης	t_2199	103033562	n-p---nd-	c--------		ἔργον	ἐπειδάν		m|m|@
31	12	τῆς	t_2200	103033563	u--------	b--------		.	δέ		m|m|@
31	13	παρασκευῆς	t_2201	103033564	v2ppia---	v2ppsa---		δοκέω	ἐπιχειροτονέω		m|m|@
31	14	βουλεύσασθαι	t_2202	103033565	d--------	l-p---fa-		δέ	ὁ		m|m|@
31	15	,	t_2203	103033566	p-s---md-	n-p---fa-		ἐγώ	γνώμη		m|m|@
31	16	εἰ	t_2204	103033567	a-s---na-	u--------		πολύς	,		m|m|@
31	17	τὸν	t_2205	103033568	a-s---nac	c--------		βελτίων	ἐάν		m|m|@
31	18	τόπον	t_2206	103033569	d--------	p2p---cd-		ἄν	σύ		m|m|@
31	19	,	t_2207	103033570	r--------	v3spsa---		περί	ἀρέσκω		m|m|@
31	20	ὦ	t_2208	103033571	l-s---mg-	u--------		ὁ	,		m|m|@
31	21	ἄνδρες	t_2209	103033572	n-s---mg-	v2pasa---		πόλεμος	χειροτονέω		m|m|@
31	22	Ἀθηναῖοι	t_2210	103033573	c--------	u--------		καί	,		m|m|@
31	23	,	t_2211	103033574	a-s---fg-	c--------		ὅλος	ἵνα		m|m|@
31	24	τῆς	t_2212	103033575	l-s---fg-	d--------		ὁ	μή		m|m|@
31	25	χώρας	t_2213	103033576	n-s---fg-	d--------		παρασκευή	μόνος		m|m|@
31	26	,	t_2214	103033577	v--anm---	r--------		βουλεύω	ἐν		m|m|@
31	27	πρὸς	t_2215	103033578	u--------	l-p---nd-		,	ὁ		m|m|@
31	28	ἣν	t_2216	103033579	c--------	n-p---nd-		εἰ	ψήφισμα		m|m|@
31	29	πολεμεῖτε	t_2217	103033580	l-s---ma-	b--------		ὁ	καί		m|m|@
31	30	,	t_2218	103033581	n-s---ma-	l-p---fd-		τόπος	ὁ		m|m|@
31	31	ἐνθυμηθείητε	t_2219	103033582	u--------	n-p---fd-		,	ἐπιστολή		m|m|@
31	32	,	t_2220	103033583	i--------	v2ppsa---		ὦ	πολεμέω		m|m|@
31	33	καὶ	t_2221	103033584	n-p---mv-	n-s---md-		ἀνήρ	Φίλιππος		m|m|@
31	34	λογίσαισθʼ	t_2222	103033585	a-p---mv-	u--------		ἀθηναῖος	,		m|m|@
31	35	ὅτι	t_2223	103033586	u--------	b--------		,	ἀλλά		m|m|@
31	36	τοῖς	t_2224	103033587	l-s---fg-	d--------		ὁ	καί		m|m|@
31	37	πνεύμασιν	t_2225	103033588	n-s---fg-	l-p---nd-		χώρα	ὁ		m|m|@
31	38	καὶ	t_2226	103033589	u--------	n-p---nd-		,	ἔργον		m|m|@
31	39	ταῖς	t_2227	103033590	r--------	u--------		πρός	.		m|m|@
31	40	ὥραις	t_2228	103033591	p-s---fa-	v2ppia---		ὅς	δοκέω		m|m|@
31	41	τοῦ	t_2229	103033592	v2ppia---	b--------		πολεμέω	δέ		m|m|@
31	42	ἔτους	t_2230	103033593	u--------	p1s---cd-		,	ἐγώ		m|m|@
31	43	τὰ	t_2231	103033594	v2paoe---	a-s---na-		ἐνθυμέομαι	πολύς		m|m|@
31	44	πολλὰ	t_2232	103033595	u--------	a-s---nac		,	ἀγαθός		m|m|@
31	45	προλαμβάνων	t_2233	103033596	c--------	g--------		καί	ἄν		m|m|@
31	46	διαπράττεται	t_2234	103033597	v2paoe---	r--------		λογίζομαι	περί		m|m|@
31	47	Φίλιππος	t_2235	103033598	c--------	l-s---mg-		ὅτι	ὁ		m|m|@
31	48	,	t_2236	103033599	l-p---nd-	n-s---mg-		ὁ	πόλεμος		m|m|@
31	49	καὶ	t_2237	103033600	n-p---nd-	b--------		πνεῦμα	καί		m|m|@
31	50	φυλάξας	t_2238	103033601	c--------	a-s---fg-		καί	ὅλος		m|m|@
31	51	τοὺς	t_2239	103033602	l-p---fd-	l-s---fg-		ὁ	ὁ		m|m|
31	52	ἐτησίας	t_2240	103033603	n-p---fd-	n-s---fg-		ὥρα	παρασκευή		m|m|@
31	53	ἢ	t_2241	103033604	l-s---ng-	v--anm---		ὁ	βουλεύω		m|m|@
31	54	τὸν	t_2242	103033605	n-s---ng-	u--------		ἔτος	,		m|m|@
31	55	χειμῶνʼ	t_2243	103033606	l-p---na-	c--------		ὁ	εἰ		m|m|@
31	56	ἐπιχειρεῖ	t_2244	103033607	a-p---na-	l-s---ma-		πολύς	ὁ		m|m|@
31	57	,	t_2245	103033608	v-sppamn-	n-s---ma-		προλαμβάνω	τόπος		m|m|@
31	58	ἡνίκʼ	t_2246	103033609	v3spie---	u--------		διαπράσσω	,		m|m|@
31	59	ἂν	t_2247	103033610	n-s---mn-	i--------		φίλιππος	ὦ		m|m|@
31	60	ἡμεῖς	t_2248	103033611	u--------	n-p---mv-		,	ἀνήρ		m|m|@
31	61	μὴ	t_2249	103033612	c--------	a-p---mv-		καί	Ἀθηναῖος		m|m|@
31	62	δυναίμεθʼ	t_2250	103033613	v-sapamn-	u--------		φυλάσσω	,		m|m|@
31	63	ἐκεῖσʼ	t_2251	103033614	l-p---ma-	l-s---fg-		ὁ	ὁ		m|m|
31	64	ἀφικέσθαι	t_2252	103033615	a-p---ma-	n-s---fg-		ἐτησίαι	χώρα		m|m|@
31	65	.	t_2253	103033616	c--------	u--------		ἤ1	,		m|m|@
32	1	δεῖ	t_2254	103033617	l-s---ma-	r--------		ὁ	πρός		m|m|@
32	2	τοίνυν	t_2255	103033618	n-s---ma-	p-s---fa-		χειμών	ὅς		m|m|@
32	3	ταῦτʼ	t_2256	103033619	v3spia---	v2ppia---		ἐπιχειρέω	πολεμέω		m|m|@
32	4	ἐνθυμουμένους	t_2257	103033620	u--------	u--------		,	,		m|m|
32	5	μὴ	t_2258	103033621	c--------	v2paom---		ἡνίκα	ἐνθυμέομαι		m|m|@
32	6	βοηθείαις	t_2259	103033622	d--------	u--------		ἄν	,		m|m|@
32	7	πολεμεῖν	t_2260	103033623	p-p---mn-	b--------		ἐγώ	καί		m|m|@
32	8	(	t_2261	103033624	d--------	v2paom---		μή	λογίζομαι		m|m|@
32	9	ὑστεριοῦμεν	t_2262	103033625	v1ppoe---	c--------		δύνομαι	ὅτι		m|m|@
32	10	γὰρ	t_2263	103033626	d--------	l-p---nd-		ἐκεῖσε	ὁ		m|m|@
32	11	ἁπάντων	t_2264	103033627	v--anm---	n-p---nd-		ἀφικνέομαι	πνεῦμα		m|m|@
32	12	)	t_2265	103033628	u--------	b--------		.	καί		m|m|@
32	13	,	t_2266	103033629	v3spia---	l-p---fd-		δεῖ	ὁ		m|m|@
32	14	ἀλλὰ	t_2267	103033630	d--------	n-p---fd-		τοίνυν	ὥρα		m|m|@
32	15	παρασκευῇ	t_2268	103033631	p-p---na-	l-s---ng-		οὗτος	ὁ		m|m|@
32	16	συνεχεῖ	t_2269	103033632	v-pppema-	n-s---ng-		ἐνθυμέομαι	ἔτος		m|m|@
32	17	καὶ	t_2270	103033633	d--------	l-p---na-		μή	ὁ		m|m|@
32	18	δυνάμει	t_2271	103033634	n-p---fd-	a-p---na-		βοήθεια	πολύς		m|m|@
32	19	.	t_2272	103033635	v--pna---	v-sppamn-		πολεμέω	προλαμβάνω		m|m|@
32	20	ὑπάρχει	t_2273	103033636	u--------	v3spim---		̔	διαπράσσω		m|m|@
32	21	δʼ	t_2274	103033637	v1pfia---	n-s---mn-		ὑστερίζω	Φίλιππος		m|m|@
32	22	ὑμῖν	t_2275	103033638	d--------	u--------		γάρ	,		m|m|@
32	23	χειμαδίῳ	t_2276	103033639	a-p---ng-	b--------		ἅπας	καί		m|m|@
32	24	μὲν	t_2277	103033640	u--------	v-sapamn-		)	φυλάσσω		m|m|@
32	25	χρῆσθαι	t_2278	103033641	u--------	l-p---ma-		,	ὁ		m|m|@
32	26	τῇ	t_2279	103033642	c--------	n-p---ma-		ἀλλά	ἐτησίαι		m|m|@
32	27	δυνάμει	t_2280	103033643	n-s---fd-	b--------		παρασκευή	ἤ		m|m|@
32	28	Λήμνῳ	t_2281	103033644	a-s---fd-	l-s---ma-		συνεχής	ὁ		m|m|@
32	29	καὶ	t_2282	103033645	c--------	n-s---ma-		καί	χειμών		m|m|@
32	30	Θάσῳ	t_2283	103033646	n-s---fd-	v3spia---		δύναμις	ἐπιχειρέω		m|m|@
32	31	καὶ	t_2284	103033647	u--------	u--------		.	,		m|m|@
32	32	Σκιάθῳ	t_2285	103033648	v3spia---	c--------		ὑπάρχω	ἡνίκα		m|m|@
32	33	καὶ	t_2286	103033649	d--------	g--------		δέ	ἄν		m|m|@
32	34	ταῖς	t_2287	103033650	p-p---md-	p1p---cn-		σύ	ἐγώ		m|m|@
32	35	ἐν	t_2288	103033651	n-s---nd-	d--------		χειμάδιον	μή		m|m|@
32	36	τούτῳ	t_2289	103033652	d--------	v1ppom---		μέν	δύναμαι		m|m|@
32	37	τῷ	t_2290	103033653	v--pne---	d--------		χράω	ἐκεῖσε		m|m|@
32	38	τόπῳ	t_2291	103033654	l-s---fd-	v--anm---		ὁ	ἀφικνέομαι		m|m|@
32	39	νήσοις	t_2292	103033655	n-s---fd-	u--------		δύναμις	.		m|m|@
32	40	,	t_2293	103033656	n-s---fd-	v3spia---		λῆμνος	δέω		m|m|@
32	41	ἐν	t_2294	103033657	d--------	g--------		καί	τοίνυν		m|m|@
32	42	αἷς	t_2295	103033658	n-s---md-	p-p---na-		θάσος	οὗτος		m|m|@
32	43	καὶ	t_2296	103033659	d--------	v-pppmma-		καί	ἐνθυμέομαι		m|m|@
32	44	λιμένες	t_2297	103033660	n-s---md-	d--------		σκίαθος	μή		m|m|@
32	45	καὶ	t_2298	103033661	c--------	n-p---fd-		καί	βοήθεια		m|m|@
32	46	σῖτος	t_2299	103033662	l-p---fd-	v--pna---		ὁ	πολεμέω		m|m|@
32	47	καὶ	t_2300	103033663	r--------	u--------		ἐν	(		m|m|@
32	48	ἃ	t_2301	103033664	a-s---md-	v1pfia---		οὗτος	ὑστερίζω		m|m|@
32	49	χρὴ	t_2302	103033665	l-s---md-	g--------		ὁ	γάρ		m|m|@
32	50	στρατεύματι	t_2303	103033666	n-s---md-	a-p---ng-		τόπος	ἅπας		m|m|@
32	51	πάνθʼ	t_2304	103033667	n-p---fd-	u--------		νῆσος	)		m|m|@
32	52	ὑπάρχει	t_2305	103033668	u--------	u--------		,	,		m|m|
32	53	·	t_2306	103033669	r--------	b--------		ἐν	ἀλλά		m|m|@
32	54	τὴν	t_2307	103033670	p-p---fd-	n-s---fd-		ὅς	παρασκευή		m|m|@
32	55	δʼ	t_2308	103033671	d--------	a-s---fd-		καί	συνεχής		m|m|@
32	56	ὥραν	t_2309	103033672	n-p---mn-	b--------		λιμήν	καί		m|m|@
32	57	τοῦ	t_2310	103033673	d--------	n-s---fd-		καί	δύναμις		m|m|@
32	58	ἔτους	t_2311	103033674	n-s---mn-	u--------		σῖτος	.		m|m|@
32	59	,	t_2312	103033675	c--------	v3spia---		καί	ὑπάρχω		m|m|@
32	60	ὅτε	t_2313	103033676	p-p---nn-	b--------		ὅς	δέ		m|m|@
32	61	καὶ	t_2314	103033677	v3spia---	p2p---cd-		χρή	σύ		m|m|@
32	62	πρὸς	t_2315	103033678	n-s---nd-	n-s---nd-		στράτευμα	χειμάδιον		m|m|@
32	63	τῇ	t_2316	103033679	a-p---nn-	g--------		πᾶς	μέν		m|m|@
32	64	γῇ	t_2317	103033680	v3spia---	v--pnm---		ὑπάρχω	χράω		m|m|@
32	65	γενέσθαι	t_2318	103033681	u--------	l-s---fd-		·	ὁ		m|m|@
32	66	ῥᾴδιον	t_2319	103033682	l-s---fa-	n-s---fd-		ὁ	δύναμις		m|m|@
32	67	καὶ	t_2320	103033683	d--------	n-s---fd-		δέ	Λῆμνος		m|m|@
32	68	τὸ	t_2321	103033684	n-s---fa-	b--------		ὥρα	καί		m|m|@
32	69	τῶν	t_2322	103033685	l-s---ng-	n-s---md-		ὁ	Θάσος		m|m|@
32	70	πνευμάτων	t_2323	103033686	n-s---ng-	b--------		ἔτος	καί		m|m|@
32	71	ἀσφαλές	t_2324	103033687	u--------	n-s---md-		,	Σκίαθος		m|m|@
32	72	,	t_2325	103033688	c--------	b--------		ὅτε	καί		m|m|@
32	73	πρὸς	t_2326	103033689	d--------	l-p---fd-		καί	ὁ		m|m|@
32	74	αὐτῇ	t_2327	103033690	r--------	r--------		πρός	ἐν		m|m|@
32	75	τῇ	t_2328	103033691	l-s---fd-	p-s---md-		ὁ	οὗτος		m|m|@
32	76	χώρᾳ	t_2329	103033692	n-s---fd-	l-s---md-		γῆ	ὁ		m|m|@
32	77	καὶ	t_2330	103033693	v--anm---	n-s---md-		γίγνομαι	τόπος		m|m|@
32	78	πρὸς	t_2331	103033694	a-s---nn-	n-p---fd-		ῥᾴδιος	νῆσος		m|m|@
32	79	τοῖς	t_2332	103033695	c--------	u--------		καί	,		m|m|@
32	80	τῶν	t_2333	103033696	l-s---nn-	r--------		ὁ	ἐν		m|m|@
32	81	ἐμπορίων	t_2334	103033697	l-p---ng-	p-p---fd-		ὁ	ὅς		m|m|@
32	82	στόμασιν	t_2335	103033698	n-p---ng-	b--------		πνεῦμα	καί		m|m|@
32	83	ῥᾳδίως	t_2336	103033699	a-s---nn-	n-p---mn-		ἀσφαλής	λιμήν		m|m|@
32	84	ἔσται	t_2337	103033700	u--------	b--------		,	καί		m|m|@
32	85	.	t_2338	103033701	r--------	n-s---mn-		πρός	σῖτος		m|m|@
33	1	ἃ	t_2339	103033702	a-s---fd-	b--------		αὐτός	καί		m|m|@
33	2	μὲν	t_2340	103033703	l-s---fd-	p-p---nn-		ὁ	ὅς		m|m|@
33	3	οὖν	t_2341	103033704	n-s---fd-	v3spia---		χώρα	χρή		m|m|@
33	4	χρήσεται	t_2342	103033705	c--------	n-s---nd-		καί	στράτευμα		m|m|@
33	5	καὶ	t_2343	103033706	r--------	a-p---nn-		πρός	πᾶς		m|m|@
33	6	πότε	t_2344	103033707	l-p---nd-	v3spia---		ὁ	ὑπάρχω		m|m|@
33	7	τῇ	t_2345	103033708	l-p---ng-	u--------		ὁ	·		m|m|@
33	8	δυνάμει	t_2346	103033709	n-p---ng-	l-s---fa-		ἐμπόριον	ὁ		m|m|@
33	9	,	t_2347	103033710	n-p---nd-	b--------		στόμα	δέ		m|m|@
33	10	παρὰ	t_2348	103033711	d--------	n-s---fa-		ῥᾴδιος	ὥρα		m|m|@
33	11	τὸν	t_2349	103033712	v3sfim---	l-s---ng-		εἰμί	ὁ		m|m|@
33	12	καιρὸν	t_2350	103033713	u--------	n-s---ng-		.	ἔτος		m|m|@
33	13	ὁ	t_2351	103033714	p-p---na-	u--------		ὅς	,		m|m|@
33	14	τούτων	t_2352	103033715	d--------	c--------		μέν	ὅτε		m|m|@
33	15	κύριος	t_2353	103033716	d--------	b--------		οὖν	καί		m|m|@
33	16	καταστὰς	t_2354	103033717	v3sfim---	r--------		χράω2	πρός		m|m|@
33	17	ὑφʼ	t_2355	103033718	c--------	l-s---fd-		καί	ὁ		m|m|@
33	18	ὑμῶν	t_2356	103033719	d--------	n-s---fd-		ποτέ	γῆ		m|m|@
33	19	βουλεύσεται	t_2357	103033720	l-s---fd-	v--anm---		ὁ	γίγνομαι		m|m|@
33	20	·	t_2358	103033721	n-s---fd-	a-s---nn-		δύναμις	ῥᾴδιος		m|m|@
33	21	ἃ	t_2359	103033722	u--------	b--------		,	καί		m|m|@
33	22	δʼ	t_2360	103033723	r--------	l-s---nn-		παρά	ὁ		m|m|@
33	23	ὑπάρξαι	t_2361	103033724	l-s---ma-	l-p---ng-		ὁ	ὁ		m|m|
33	24	δεῖ	t_2362	103033725	n-s---ma-	n-p---ng-		καιρός	πνεῦμα		m|m|@
33	25	παρʼ	t_2363	103033726	l-s---mn-	a-s---nn-		ὁ	ἀσφαλής		m|m|@
33	26	ὑμῶν	t_2364	103033727	p-p---mg-	u--------		οὗτος	,		m|m|@
33	27	,	t_2365	103033728	n-s---mn-	r--------		κύριος	πρός		m|m|@
33	28	ταῦτʼ	t_2366	103033729	v-sapamn-	p-s---fd-		καθίστημι	αὐτός		m|m|@
33	29	ἐστὶν	t_2367	103033730	r--------	l-s---fd-		ὑπό	ὁ		m|m|@
33	30	ἁγὼ	t_2368	103033731	p-p---mg-	n-s---fd-		σύ	χώρα		m|m|@
33	31	γέγραφα	t_2369	103033732	v3sasm---	b--------		βουλεύω	καί		m|m|@
33	32	.	t_2370	103033733	u--------	r--------		·	πρός		m|m|@
33	33	ἂν	t_2371	103033734	p-p---na-	l-p---nd-		ὅς	ὁ		m|m|@
33	34	ταῦτʼ	t_2372	103033735	d--------	l-p---ng-		δέ	ὁ		m|m|@
33	35	,	t_2373	103033736	v--ana---	n-p---ng-		ὑπάρχω	ἐμπόριον		m|m|@
33	36	ὦ	t_2374	103033737	v3spia---	n-p---nd-		δεῖ	στόμα		m|m|@
33	37	ἄνδρες	t_2375	103033738	r--------	u--------		παρά	†		m|m|@
33	38	Ἀθηναῖοι	t_2376	103033739	p-p---mg-	d--------		σύ	ῥᾴδιος		m|m|@
33	39	,	t_2377	103033740	u--------	v3sfim---		,	εἰμί		m|m|@
33	40	πορίσητε	t_2378	103033741	p-p---na-	u--------		οὗτος	†		m|m|@
33	41	,	t_2379	103033742	v3spia---	u--------		εἰμί	.		m|m|@
33	42	τὰ	t_2380	103033743	p1s---mn-	p-p---na-		ἐγώ	ὅς		m|m|@
33	43	χρήματα	t_2381	103033744	v1sria---	g--------		γράφω	μέν		m|m|@
33	44	πρῶτον	t_2382	103033745	u--------	g--------		.	οὖν		m|m|@
33	45	ἃ	t_2383	103033746	c--------	v3sfim---		ἄν	χράω		m|m|@
33	46	λέγω	t_2384	103033747	a-p---na-	b--------		οὗτος	καί		m|m|@
33	47	,	t_2385	103033748	u--------	d--------		,	πότε		m|m|@
33	48	εἶτα	t_2386	103033749	i--------	l-s---fd-		ὦ	ὁ		m|m|@
33	49	καὶ	t_2387	103033750	n-p---mv-	n-s---fd-		ἀνήρ	δύναμις		m|m|@
33	50	τἄλλα	t_2388	103033751	a-p---mv-	u--------		ἀθηναῖος	,		m|m|@
33	51	παρασκευάσαντες	t_2389	103033752	u--------	r--------		,	παρά		m|m|@
33	52	,	t_2390	103033753	v2pasa---	l-s---ma-		πορίζω	ὁ		m|m|@
33	53	τοὺς	t_2391	103033754	u--------	n-s---ma-		,	καιρός		m|m|@
33	54	στρατιώτας	t_2392	103033755	l-p---na-	l-s---mn-		ὁ	ὁ		m|m|
33	55	,	t_2393	103033756	n-p---na-	p-p---mg-		χρῆμα	οὗτος		m|m|@
33	56	τὰς	t_2394	103033757	a-s---na-	n-s---mn-		πρῶτος	κύριος		m|m|@
33	57	τριήρεις	t_2395	103033758	p-p---na-	v-sapamn-		ὅς	καθίστημι		m|m|@
33	58	,	t_2396	103033759	v1spia---	r--------		λέγω3	ὑπό		m|m|@
33	59	τοὺς	t_2397	103033760	u--------	p2p---cg-		,	σύ		m|m|@
33	60	ἱππέας	t_2398	103033761	d--------	v3sasm---		εἶτα	βουλεύω		m|m|@
33	61	,	t_2399	103033762	c--------	u--------		καί	·		m|m|@
33	62	ἐντελῆ	t_2400	103033763	l-p---na-	p-p---na-		ὁ	ὅς		m|m|@
33	63	πᾶσαν	t_2401	103033764	p-p---na-	b--------		ἄλλος	δέ		m|m|@
33	64	τὴν	t_2402	103033765	v-papamn-	v--ana---		παρασκευάζω	ὑπάρχω		m|m|@
33	65	δύναμιν	t_2403	103033766	u--------	v3spia---		,	δέω		m|m|@
33	66	νόμῳ	t_2404	103033767	l-p---ma-	r--------		ὁ	παρά		m|m|@
33	67	κατακλείσητʼ	t_2405	103033768	n-p---ma-	p2p---cg-		στρατιώτης	σύ		m|m|@
33	68	ἐπὶ	t_2406	103033769	u--------	u--------		,	,		m|m|
33	69	τῷ	t_2407	103033770	l-p---fa-	p-p---nn-		ὁ	οὗτος		m|m|@
33	70	πολέμῳ	t_2408	103033771	n-p---fa-	v3spia---		τριήρης	εἰμί		m|m|@
33	71	μένειν	t_2409	103033772	u--------	p-p---na-		,	ὅς		m|m|@
33	72	,	t_2410	103033773	l-p---ma-	p1s---cn-		ὁ	ἐγώ		m|m|@
33	73	τῶν	t_2411	103033774	n-p---ma-	v1sria---		ἱππεύς	γράφω		m|m|@
33	74	μὲν	t_2412	103033775	u--------	u--------		,	.		m|m|@
33	75	χρημάτων	t_2413	103033776	a-s---fa-	c--------		ἐντελής	ἐάν		m|m|@
33	76	αὐτοὶ	t_2414	103033777	a-s---fa-	p-p---na-		πᾶς	οὗτος		m|m|@
33	77	ταμίαι	t_2415	103033778	l-s---fa-	u--------		ὁ	,		m|m|@
33	78	καὶ	t_2416	103033779	n-s---fa-	i--------		δύναμις	ὦ		m|m|@
33	79	πορισταὶ	t_2417	103033780	n-s---md-	n-p---mv-		νόμος	ἀνήρ		m|m|@
33	80	γιγνόμενοι	t_2418	103033781	v2pasa---	a-p---mv-		κατακλείω	Ἀθηναῖος		m|m|@
33	81	,	t_2419	103033782	r--------	u--------		ἐπί	,		m|m|@
33	82	τῶν	t_2420	103033783	l-s---md-	v2pasa---		ὁ	πορίζω		m|m|@
33	83	δὲ	t_2421	103033784	n-s---md-	u--------		πόλεμος	,		m|m|@
33	84	πράξεων	t_2422	103033785	v--pna---	l-p---na-		μένω	ὁ		m|m|@
33	85	παρὰ	t_2423	103033786	u--------	n-p---na-		,	χρῆμα		m|m|@
33	86	τοῦ	t_2424	103033787	l-p---ng-	a-s---nac		ὁ	πρότερος		m|m|@
33	87	στρατηγοῦ	t_2425	103033788	d--------	p-p---na-		μέν	ὅς		m|m|@
33	88	τὸν	t_2426	103033789	n-p---ng-	v1spia---		χρῆμα	λέγω		m|m|@
33	89	λόγον	t_2427	103033790	p-p---mn-	u--------		αὐτός	,		m|m|@
33	90	ζητοῦντες	t_2428	103033791	n-p---mn-	d--------		ταμία	εἶτα		m|m|@
33	91	,	t_2429	103033792	c--------	b--------		καί	καί		m|m|
33	92	παύσεσθʼ	t_2430	103033793	n-p---mn-	l-p---na-		ποριστής	ὁ		m|m|@
33	93	ἀεὶ	t_2431	103033794	v-pppemn-	p-p---na-		γίγνομαι	ἄλλος		m|m|@
33	94	περὶ	t_2432	103033795	u--------	v-papamn-		,	παρασκευάζω		m|m|@
33	95	τῶν	t_2433	103033796	l-p---fg-	u--------		ὁ	,		m|m|@
33	96	αὐτῶν	t_2434	103033797	c--------	l-p---ma-		δέ	ὁ		m|m|@
33	97	βουλευόμενοι	t_2435	103033798	n-p---fg-	n-p---ma-		πρᾶξις	στρατιώτης		m|m|@
33	98	καὶ	t_2436	103033799	r--------	u--------		παρά	,		m|m|@
33	99	πλέον	t_2437	103033800	l-s---mg-	l-p---fa-		ὁ	ὁ		m|m|
33	100	οὐδὲν	t_2438	103033801	n-s---mg-	n-p---fa-		στρατηγός	τριήρης		m|m|@
33	101	ποιοῦντες	t_2439	103033802	l-s---ma-	u--------		ὁ	,		m|m|@
33	102	,	t_2440	103033803	n-s---ma-	l-p---ma-		λόγος	ὁ		m|m|@
34	1	καὶ	t_2441	103033804	v-pppamn-	n-p---ma-		ζητέω	ἱππεύς		m|m|@
34	2	ἔτι	t_2442	103033805	u--------	u--------		,	,		m|m|
34	3	πρὸς	t_2443	103033806	v2pfim---	a-s---fa-		παύω	ἐντελής		m|m|@
34	4	τούτῳ	t_2444	103033807	d--------	a-s---fa-		ἀεί	πᾶς		m|m|@
34	5	πρῶτον	t_2445	103033808	r--------	l-s---fa-		περί	ὁ		m|m|@
34	6	μέν	t_2446	103033809	l-p---ng-	n-s---fa-		ὁ	δύναμις		m|m|@
34	7	,	t_2447	103033810	p-p---ng-	n-s---md-		αὐτός	νόμος		m|m|@
34	8	ὦ	t_2448	103033811	v-pppemn-	v2pasa---		βουλεύω	κατακλείω		m|m|@
34	9	ἄνδρες	t_2449	103033812	c--------	r--------		καί	ἐπί		m|m|@
34	10	Ἀθηναῖοι	t_2450	103033813	a-s---nac	l-s---md-		πλέος	ὁ		m|m|@
34	11	,	t_2451	103033814	p-s---na-	n-s---md-		οὐδείς	πόλεμος		m|m|@
34	12	τὸν	t_2452	103033815	v-pppamn-	v--pna---		ποιέω	μένω		m|m|@
34	13	μέγιστον	t_2453	103033816	u--------	u--------		,	,		m|m|
34	14	τῶν	t_2454	103033817	c--------	l-p---ng-		καί	ὁ		m|m|@
34	15	ἐκείνου	t_2455	103033818	d--------	g--------		ἔτι	μέν		m|m|@
34	16	πόρων	t_2456	103033819	r--------	n-p---ng-		πρός	χρῆμα		m|m|@
34	17	ἀφαιρήσεσθε	t_2457	103033820	p-s---nd-	p-p---mn-		οὗτος	αὐτός		m|m|@
34	18	.	t_2458	103033821	a-s---na-	n-p---mn-		πρῶτος	ταμίας		m|m|@
34	19	ἔστι	t_2459	103033822	d--------	b--------		μέν	καί		m|m|@
34	20	δʼ	t_2460	103033823	u--------	n-p---mn-		,	ποριστής		m|m|@
34	21	οὗτος	t_2461	103033824	i--------	v-pppmmn-		ὦ	γίγνομαι		m|m|@
34	22	τίς	t_2462	103033825	n-p---mv-	u--------		ἀνήρ	,		m|m|@
34	23	;	t_2463	103033826	a-p---mv-	l-p---fg-		ἀθηναῖος	ὁ		m|m|@
34	24	ἀπὸ	t_2464	103033827	u--------	b--------		,	δέ		m|m|@
34	25	τῶν	t_2465	103033828	l-s---ma-	n-p---fg-		ὁ	πρᾶξις		m|m|@
34	26	ὑμετέρων	t_2466	103033829	a-s---mas	r--------		μέγας	παρά		m|m|@
34	27	ὑμῖν	t_2467	103033830	l-p---mg-	l-s---mg-		ὁ	ὁ		m|m|
34	28	πολεμεῖ	t_2468	103033831	p-s---mg-	n-s---mg-		ἐκεῖνος	στρατηγός		m|m|@
34	29	συμμάχων	t_2469	103033832	n-p---mg-	l-s---ma-		πόρος	ὁ		m|m|@
34	30	,	t_2470	103033833	v2pfim---	n-s---ma-		ἀφαιρέω	λόγος		m|m|@
34	31	ἄγων	t_2471	103033834	u--------	v-pppamn-		.	ζητέω		m|m|@
34	32	καὶ	t_2472	103033835	v3spia---	u--------		εἰμί	,		m|m|@
34	33	φέρων	t_2473	103033836	d--------	v2pfim---		δέ	παύω		m|m|@
34	34	τοὺς	t_2474	103033837	p-s---mn-	d--------		οὗτος	ἀεί		m|m|@
34	35	πλέοντας	t_2475	103033838	p-s---mn-	r--------		τις	περί		m|m|@
34	36	τὴν	t_2476	103033839	u--------	l-p---ng-		;	ὁ		m|m|@
34	37	θάλατταν	t_2477	103033840	r--------	p-p---ng-		ἀπό	αὐτός		m|m|@
34	38	.	t_2478	103033841	l-p---mg-	v-pppmmn-		ὁ	βουλεύω		m|m|@
34	39	ἔπειτα	t_2479	103033842	a-p---mg-	b--------		ὑμέτερος	καί		m|m|@
34	40	τί	t_2480	103033843	p-p---md-	a-s---nac		σύ	πολύς		m|m|@
34	41	πρὸς	t_2481	103033844	v3spia---	p-s---na-		πολεμέω	οὐδείς		m|m|@
34	42	τούτῳ	t_2482	103033845	n-p---mg-	v-pppamn-		σύμμαχος	ποιέω		m|m|@
34	43	;	t_2483	103033846	u--------	u--------		,	,		m|m|
34	44	τοῦ	t_2484	103033847	v-sppamn-	b--------		ἄγω	καί		m|m|@
34	45	πάσχειν	t_2485	103033848	c--------	d--------		καί	ἔτι		m|m|@
34	46	αὐτοὶ	t_2486	103033849	v-sppamn-	r--------		φέρω	πρός		m|m|@
34	47	κακῶς	t_2487	103033850	l-p---ma-	p-s---nd-		ὁ	οὗτος		m|m|@
34	48	ἔξω	t_2488	103033851	v-pppama-	a-s---nac		πλέω	πρότερος		m|m|@
34	49	γενήσεσθε	t_2489	103033852	l-s---fa-	g--------		ὁ	μέν		m|m|@
34	50	,	t_2490	103033853	n-s---fa-	u--------		θάλασσα	,		m|m|@
34	51	οὐχ	t_2491	103033854	u--------	i--------		.	ὦ		m|m|@
34	52	ὥσπερ	t_2492	103033855	d--------	n-p---mv-		ἔπειτα	ἀνήρ		m|m|@
34	53	τὸν	t_2493	103033856	p-s---nn-	a-p---mv-		τίς	Ἀθηναῖος		m|m|@
34	54	παρελθόντα	t_2494	103033857	r--------	u--------		πρός	,		m|m|@
34	55	χρόνον	t_2495	103033858	p-s---nd-	l-s---ma-		οὗτος	ὁ		m|m|@
34	56	εἰς	t_2496	103033859	u--------	a-s---mas		;	μέγας		m|m|@
34	57	Λῆμνον	t_2497	103033860	l-s---ng-	l-p---mg-		ὁ	ὁ		m|m|
34	58	καὶ	t_2498	103033861	v--pna---	p-s---mg-		πάσχω	ἐκεῖνος		m|m|@
34	59	Ἴμβρον	t_2499	103033862	p-p---mn-	n-p---mg-		αὐτός	πόρος		m|m|@
34	60	ἐμβαλὼν	t_2500	103033863	d--------	v2pfim---		κακός	ἀφαιρέω		m|m|@
34	61	αἰχμαλώτους	t_2501	103033864	r--------	u--------		ἔξω	.		m|m|@
34	62	πολίτας	t_2502	103033865	v2pfim---	v3spia---		γίγνομαι	εἰμί		m|m|@
34	63	ὑμετέρους	t_2503	103033866	u--------	b--------		,	δέ		m|m|@
34	64	ᾤχετʼ	t_2504	103033867	d--------	p-s---mn-		οὐ	οὗτος		m|m|@
34	65	ἔχων	t_2505	103033868	c--------	p-s---cn-		ὥσπερ	τίς		m|m|@
34	66	,	t_2506	103033869	l-s---ma-	u--------		ὁ	;		m|m|@
34	67	πρὸς	t_2507	103033870	v-sapama-	r--------		παρέρχομαι	ἀπό		m|m|@
34	68	τῷ	t_2508	103033871	n-s---ma-	l-p---mg-		χρόνος	ὁ		m|m|@
34	69	Γεραιστῷ	t_2509	103033872	r--------	a-p---mg-		εἰς	ὑμέτερος		m|m|@
34	70	τὰ	t_2510	103033873	n-s---fa-	p2p---cd-		λῆμνος	σύ		m|m|@
34	71	πλοῖα	t_2511	103033874	c--------	v3spia---		καί	πολεμέω		m|m|@
34	72	συλλαβὼν	t_2512	103033875	n-s---ma-	a-p---mg-		ἴμβρος	σύμμαχος		m|m|@
34	73	ἀμύθητα	t_2513	103033876	v-sapamn-	u--------		ἐμβάλλω	,		m|m|@
34	74	χρήματʼ	t_2514	103033877	a-p---ma-	v-sppamn-		αἰχμάλωτος	ἄγω		m|m|@
34	75	ἐξέλεξε	t_2515	103033878	n-p---ma-	b--------		πολίτης	καί		m|m|@
34	76	,	t_2516	103033879	a-p---ma-	v-sppamn-		ὑμέτερος	φέρω		m|m|@
34	77	τὰ	t_2517	103033880	v3siim---	l-p---ma-		οἴχομαι	ὁ		m|m|@
34	78	τελευταῖʼ	t_2518	103033881	v-sppamn-	v-pppama-		ἔχω	πλέω		m|m|@
34	79	εἰς	t_2519	103033882	u--------	l-s---fa-		,	ὁ		m|m|@
34	80	Μαραθῶνʼ	t_2520	103033883	r--------	n-s---fa-		πρός	θάλασσα		m|m|@
34	81	ἀπέβη	t_2521	103033884	l-s---md-	u--------		ὁ	.		m|m|@
34	82	καὶ	t_2522	103033885	n-s---md-	d--------		γεραιστός	ἔπειτα		m|m|@
34	83	τὴν	t_2523	103033886	l-p---na-	p-s---nn-		ὁ	τίς		m|m|@
34	84	ἱερὰν	t_2524	103033887	n-p---na-	r--------		πλοῖον	πρός		m|m|@
34	85	ἀπὸ	t_2525	103033888	v-sapamn-	p-s---nd-		συλλαμβάνω	οὗτος		m|m|@
34	86	τῆς	t_2526	103033889	a-p---na-	u--------		ἀμύθητος	;		m|m|@
34	87	χώρας	t_2527	103033890	n-p---na-	l-s---ng-		χρῆμα	ὁ		m|m|@
34	88	ᾤχετʼ	t_2528	103033891	v3saia---	v--pna---		ἐκλέγω	πάσχω		m|m|@
34	89	ἔχων	t_2529	103033892	u--------	p-p---mn-		,	αὐτός		m|m|@
34	90	τριήρη	t_2530	103033893	l-p---na-	d--------		ὁ	κακός		m|m|@
34	91	,	t_2531	103033894	a-p---na-	r--------		τελευταῖος	ἔξω		m|m|@
34	92	ὑμεῖς	t_2532	103033895	r--------	v2pfim---		εἰς	γίγνομαι		m|m|@
34	93	δʼ	t_2533	103033896	n-s---ma-	u--------		μαραθῶν	,		m|m|@
34	94	οὔ	t_2534	103033897	v3saia---	d--------		ἀποβαίνω	οὐ		m|m|@
34	95	τε	t_2535	103033898	c--------	c--------		καί	ὥσπερ		m|m|@
34	96	ταῦτα	t_2536	103033899	l-s---fa-	l-s---ma-		ὁ	ὁ		m|m|
34	97	δύνασθε	t_2537	103033900	a-s---fa-	v-sapama-		ἱερός	παρέρχομαι		m|m|@
34	98	κωλύειν	t_2538	103033901	r--------	n-s---ma-		ἀπό	χρόνος		m|m|@
34	99	οὔ	t_2539	103033902	l-s---fg-	r--------		ὁ	εἰς		m|m|@
34	100	τ’	t_2540	103033903	n-s---fg-	n-s---fa-		χώρα	Λῆμνος		m|m|@
34	101	εἰς	t_2541	103033904	v3siim---	b--------		οἴχομαι	καί		m|m|@
34	102	τοὺς	t_2542	103033905	v-sppamn-	n-s---ma-		ἔχω	Ἴμβρος		m|m|@
34	103	χρόνους	t_2543	103033906	n-s---fa-	v-sapamn-		τριήρης	ἐμβάλλω		m|m|@
34	104	,	t_2544	103033907	u--------	a-p---ma-		,	αἰχμάλωτος		m|m|@
34	105	οὓς	t_2545	103033908	p-p---mn-	n-p---ma-		σύ	πολίτης		m|m|@
34	106	ἂν	t_2546	103033909	c--------	a-p---ma-		δέ	ὑμέτερος		m|m|@
34	107	προθῆσθε	t_2547	103033910	d--------	v3siim---		οὐ	οἴχομαι		m|m|@
34	108	,	t_2548	103033911	d--------	v-sppamn-		τε	ἔχω		m|m|@
34	109	βοηθεῖν	t_2549	103033912	p-p---na-	u--------		οὗτος	,		m|m|@
34	110	.	t_2550	103033913	v2ppie---	r--------		δύναμαι	πρός		m|m|@
35	1	καίτοι	t_2551	103033914	v--pna---	l-s---md-		κωλύω	ὁ		m|m|@
35	2	τί	t_2552	103033915	d--------	n-s---md-		οὐ	Γεραιστός		m|m|@
35	3	δήποτʼ	t_2553	103033916	c--------	l-p---na-		τε	ὁ		m|m|@
35	4	,	t_2554	103033917	r--------	n-p---na-		εἰς	πλοῖον		m|m|@
35	5	ὦ	t_2555	103033918	l-p---ma-	v-sapamn-		ὁ	συλλαμβάνω		m|m|@
35	6	ἄνδρες	t_2556	103033919	n-p---ma-	a-p---na-		χρόνος	ἀμύθητος		m|m|@
35	7	Ἀθηναῖοι	t_2557	103033920	u--------	n-p---na-		,	χρῆμα		m|m|@
35	8	,	t_2558	103033921	p-p---ma-	v3saia---		ὅς	ἐκλέγω		m|m|@
35	9	νομίζετε	t_2559	103033922	d--------	u--------		ἄν	,		m|m|@
35	10	τὴν	t_2560	103033923	v2pasa---	l-p---na-		προτίθημι	ὁ		m|m|@
35	11	μὲν	t_2561	103033924	u--------	a-p---na-		,	τελευταῖος		m|m|@
35	12	τῶν	t_2562	103033925	v--pna---	r--------		βοηθέω	εἰς		m|m|@
35	13	Παναθηναίων	t_2563	103033926	u--------	n-s---ma-		.	Μαραθών		m|m|@
35	14	ἑορτὴν	t_2564	103033927	d--------	v3saia---		καίτοι	ἀποβαίνω		m|m|@
35	15	καὶ	t_2565	103033928	p-s---na-	b--------		τίς	καί		m|m|@
35	16	τὴν	t_2566	103033929	d--------	l-s---fa-		δήποτε	ὁ		m|m|@
35	17	τῶν	t_2567	103033930	u--------	a-s---fa-		,	ἱερός		m|m|@
35	18	Διονυσίων	t_2568	103033931	i--------	r--------		ὦ	ἀπό		m|m|@
35	19	ἀεὶ	t_2569	103033932	n-p---mv-	l-s---fg-		ἀνήρ	ὁ		m|m|@
35	20	τοῦ	t_2570	103033933	a-p---mv-	n-s---fg-		ἀθηναῖος	χώρα		m|m|@
35	21	καθήκοντος	t_2571	103033934	u--------	v3siim---		,	οἴχομαι		m|m|@
35	22	χρόνου	t_2572	103033935	v2ppma---	v-sppamn-		νομίζω	ἔχω		m|m|@
35	23	γίγνεσθαι	t_2573	103033936	l-s---fa-	n-s---fa-		ὁ	τριήρης		m|m|@
35	24	,	t_2574	103033937	d--------	u--------		μέν	,		m|m|@
35	25	ἄν	t_2575	103033938	l-p---ng-	p2p---cn-		ὁ	σύ		m|m|@
35	26	τε	t_2576	103033939	a-p---ng-	b--------		παναθήναια	δέ		m|m|@
35	27	δεινοὶ	t_2577	103033940	n-s---fa-	d--------		ἑορτή	οὐ		m|m|@
35	28	λάχωσιν	t_2578	103033941	c--------	b--------		καί	τε		m|m|@
35	29	ἄν	t_2579	103033942	l-s---fa-	p-p---na-		ὁ	οὗτος		m|m|@
35	30	τʼ	t_2580	103033943	l-p---ng-	v2ppim---		ὁ	δύναμαι		m|m|@
35	31	ἰδιῶται	t_2581	103033944	n-p---ng-	v--pna---		διονύσια	κωλύω		m|m|@
35	32	οἱ	t_2582	103033945	d--------	d--------		ἀεί	οὐ		m|m|@
35	33	τούτων	t_2583	103033946	l-s---mg-	b--------		ὁ	τε		m|m|@
35	34	ἑκατέρων	t_2584	103033947	v-sppamg-	r--------		καθήκω	εἰς		m|m|@
35	35	ἐπιμελούμενοι	t_2585	103033948	n-s---mg-	l-p---ma-		χρόνος	ὁ		m|m|@
35	36	,	t_2586	103033949	v--pne---	n-p---ma-		γίγνομαι	χρόνος		m|m|@
35	37	εἰς	t_2587	103033950	u--------	u--------		,	,		m|m|
35	38	ἃ	t_2588	103033951	c--------	p-p---ma-		ἄν	ὅς		m|m|@
35	39	τοσαῦτʼ	t_2589	103033952	d--------	g--------		τε	ἄν		m|m|@
35	40	ἀναλίσκεται	t_2590	103033953	a-p---mn-	v2pasa---		δεινός	προτίθημι		m|m|@
35	41	χρήματα	t_2591	103033954	v3pasa---	u--------		λαγχάνω	,		m|m|@
35	42	,	t_2592	103033955	c--------	v--pna---		ἄν	βοηθέω		m|m|@
35	43	ὅσʼ	t_2593	103033956	c--------	u--------		τε	.		m|m|@
35	44	οὐ	t_2594	103033957	n-p---mn-	g--------		ἰδιώτης	καίτοι		m|m|@
35	45	δ’	t_2595	103033958	l-p---mn-	p-s---na-		ὁ	τίς		m|m|@
35	46	εἰς	t_2596	103033959	p-p---ng-	d--------		οὗτος	δήποτε		m|m|@
35	47	ἕνα	t_2597	103033960	a-p---ng-	u--------		ἑκάτερος	,		m|m|@
35	48	τῶν	t_2598	103033961	v-pppemn-	i--------		ἐπιμελέομαι	ὦ		m|m|@
35	49	ἀποστόλων	t_2599	103033962	u--------	n-p---mv-		,	ἀνήρ		m|m|@
35	50	,	t_2600	103033963	r--------	a-p---mv-		εἰς	Ἀθηναῖος		m|m|@
35	51	καὶ	t_2601	103033964	p-p---na-	u--------		ὅς	,		m|m|@
35	52	τοσοῦτον	t_2602	103033965	a-p---nn-	v2ppma---		τοσοῦτος	νομίζω		m|m|@
35	53	ὄχλον	t_2603	103033966	v3spie---	l-s---fa-		ἀναλίσκω	ὁ		m|m|@
35	54	καὶ	t_2604	103033967	n-p---nn-	g--------		χρῆμα	μέν		m|m|@
35	55	παρασκευὴν	t_2605	103033968	u--------	l-p---ng-		,	ὁ		m|m|@
35	56	ὅσην	t_2606	103033969	a-p---nn-	a-p---ng-		ὅσος	Παναθήναια		m|m|@
35	57	οὐκ	t_2607	103033970	d--------	n-s---fa-		οὐ	ἑορτή		m|m|@
35	58	οἶδʼ	t_2608	103033971	d--------	b--------		δέ	καί		m|m|@
35	59	εἴ	t_2609	103033972	r--------	l-s---fa-		εἰς	ὁ		m|m|@
35	60	τι	t_2610	103033973	a-s---ma-	l-p---ng-		εἷς	ὁ		m|m|@
35	61	τῶν	t_2611	103033974	l-p---mg-	n-p---ng-		ὁ	Διονύσια		m|m|@
35	62	ἁπάντων	t_2612	103033975	n-p---mg-	d--------		ἀπόστολος	ἀεί		m|m|@
35	63	ἔχει	t_2613	103033976	u--------	l-s---mg-		,	ὁ		m|m|@
35	64	,	t_2614	103033977	c--------	v-sppamg-		καί	καθήκω		m|m|@
35	65	τοὺς	t_2615	103033978	a-s---ma-	n-s---mg-		τοσοῦτος	χρόνος		m|m|@
35	66	δʼ	t_2616	103033979	n-s---ma-	v--pnm---		ὄχλος	γίγνομαι		m|m|@
35	67	ἀποστόλους	t_2617	103033980	c--------	u--------		καί	,		m|m|@
35	68	πάντας	t_2618	103033981	n-s---fa-	c--------		παρασκευή	ἐάν		m|m|@
35	69	ὑμῖν	t_2619	103033982	a-s---fa-	b--------		ὅσος	τε		m|m|@
35	70	ὑστερίζειν	t_2620	103033983	d--------	a-p---mn-		οὐ	δεινός		m|m|@
35	71	τῶν	t_2621	103033984	v1spia---	v3pasa---		οἶδα	λαγχάνω		m|m|@
35	72	καιρῶν	t_2622	103033985	c--------	c--------		εἰ	ἐάν		m|m|@
35	73	,	t_2623	103033986	p-s---nn-	b--------		τις	τε		m|m|@
35	74	τὸν	t_2624	103033987	l-p---ng-	n-p---mn-		ὁ	ἰδιώτης		m|m|@
35	75	εἰς	t_2625	103033988	a-p---ng-	l-p---mn-		ἅπας	ὁ		m|m|@
35	76	Μεθώνην	t_2626	103033989	v3spia---	p-p---ng-		ἔχω	οὗτος		m|m|@
35	77	,	t_2627	103033990	u--------	a-p---ng-		,	ἑκάτερος		m|m|@
35	78	τὸν	t_2628	103033991	l-p---ma-	v-pppmmn-		ὁ	ἐπιμελέομαι		m|m|@
35	79	εἰς	t_2629	103033992	c--------	u--------		δέ	,		m|m|@
35	80	Παγασάς	t_2630	103033993	n-p---ma-	r--------		ἀπόστολος	εἰς		m|m|@
35	81	,	t_2631	103033994	a-p---ma-	p-p---na-		πᾶς	ὅς		m|m|@
35	82	τὸν	t_2632	103033995	p-p---md-	p-p---nn-		σύ	τοσοῦτος		m|m|@
35	83	εἰς	t_2633	103033996	v--pna---	v3spim---		ὑστερίζω	ἀναλίσκω		m|m|@
35	84	Ποτείδαιαν	t_2634	103033997	l-p---mg-	n-p---nn-		ὁ	χρῆμα		m|m|@
35	85	;	t_2635	103033998	n-p---mg-	u--------		καιρός	,		m|m|@
36	1	ὅτι	t_2636	103033999	u--------	p-p---nn-		,	ὅσος		m|m|@
36	2	ἐκεῖνα	t_2637	103034000	l-s---ma-	d--------		ὁ	οὐ		m|m|@
36	3	μὲν	t_2638	103034001	r--------	b--------		εἰς	δέ		m|m|@
36	4	ἅπαντα	t_2639	103034002	n-s---fa-	r--------		μεθώνη	εἰς		m|m|@
36	5	νόμῳ	t_2640	103034003	u--------	m-s---ma-		,	εἷς		m|m|@
36	6	τέτακται	t_2641	103034004	l-s---ma-	l-p---mg-		ὁ	ὁ		m|m|
36	7	,	t_2642	103034005	r--------	n-p---mg-		εἰς	ἀπόστολος		m|m|@
36	8	καὶ	t_2643	103034006	n-p---fa-	u--------		παγασαί	,		m|m|@
36	9	πρόοιδεν	t_2644	103034007	u--------	b--------		,	καί		m|m|@
36	10	ἕκαστος	t_2645	103034008	l-s---ma-	p-s---ma-		ὁ	τοσοῦτος		m|m|@
36	11	ὑμῶν	t_2646	103034009	r--------	n-s---ma-		εἰς	ὄχλος		m|m|@
36	12	ἐκ	t_2647	103034010	n-s---fa-	b--------		ποτείδαια	καί		m|m|@
36	13	πολλοῦ	t_2648	103034011	u--------	n-s---fa-		;	παρασκευή		m|m|@
36	14	τίς	t_2649	103034012	d--------	p-s---fa-		ὅτι	ὅσος		m|m|@
36	15	χορηγὸς	t_2650	103034013	p-p---nn-	d--------		ἐκεῖνος	οὐ		m|m|@
36	16	ἢ	t_2651	103034014	d--------	v1sria---		μέν	οἶδα		m|m|@
36	17	γυμνασίαρχος	t_2652	103034015	a-p---nn-	c--------		ἅπας	εἰ		m|m|@
36	18	τῆς	t_2653	103034016	n-s---md-	p-s---nn-		νόμος	τις		m|m|@
36	19	φυλῆς	t_2654	103034017	v3srie---	l-p---ng-		τάσσω	ὁ		m|m|@
36	20	,	t_2655	103034018	u--------	a-p---ng-		,	ἅπας		m|m|@
36	21	πότε	t_2656	103034019	c--------	v3spia---		καί	ἔχω		m|m|@
36	22	καὶ	t_2657	103034020	v3sria---	u--------		πρόοιδα	,		m|m|@
36	23	παρὰ	t_2658	103034021	a-s---mn-	l-p---ma-		ἕκαστος	ὁ		m|m|@
36	24	τοῦ	t_2659	103034022	p-p---mg-	b--------		σύ	δέ		m|m|@
36	25	καὶ	t_2660	103034023	r--------	n-p---ma-		ἐκ	ἀπόστολος		m|m|@
36	26	τί	t_2661	103034024	a-s---ng-	a-p---ma-		πολύς	πᾶς		m|m|@
36	27	λαβόντα	t_2662	103034025	p-s---mn-	p2p---cd-		τις	σύ		m|m|@
36	28	τί	t_2663	103034026	n-s---mn-	v--pna---		χορηγός	ὑστερίζω		m|m|@
36	29	δεῖ	t_2664	103034027	c--------	l-p---mg-		ἤ1	ὁ		m|m|@
36	30	ποιεῖν	t_2665	103034028	n-s---mn-	n-p---mg-		γυμνασιάρχης	καιρός		m|m|@
36	31	,	t_2666	103034029	l-s---fg-	u--------		ὁ	,		m|m|@
36	32	οὐδὲν	t_2667	103034030	n-s---fg-	l-s---ma-		φυλή	ὁ		m|m|@
36	33	ἀνεξέταστον	t_2668	103034031	u--------	r--------		,	εἰς		m|m|@
36	34	οὐ	t_2669	103034032	d--------	n-s---fa-		ποτέ	Μεθώνη		m|m|@
36	35	δ’	t_2670	103034033	d--------	u--------		καί	,		m|m|@
36	36	ἀόριστον	t_2671	103034034	r--------	l-s---ma-		παρά	ὁ		m|m|@
36	37	ἐν	t_2672	103034035	p-s---mg-	r--------		ὁ	εἰς		m|m|@
36	38	τούτοις	t_2673	103034036	c--------	n-p---fa-		καί	Παγασαί		m|m|@
36	39	ἠμέληται	t_2674	103034037	p-s---na-	u--------		τίς	,		m|m|@
36	40	·	t_2675	103034038	v-sapama-	l-s---ma-		λαμβάνω	ὁ		m|m|@
36	41	ἐν	t_2676	103034039	p-s---na-	r--------		τίς	εἰς		m|m|@
36	42	δὲ	t_2677	103034040	v3spia---	n-s---fa-		δεῖ	Ποτείδαια		m|m|@
36	43	τοῖς	t_2678	103034041	v--pna---	u--------		ποιέω	;		m|m|@
36	44	περὶ	t_2679	103034042	u--------	g--------		,	ὅτι		m|m|@
36	45	τοῦ	t_2680	103034043	p-s---nn-	p-p---nn-		οὐδείς	ἐκεῖνος		m|m|@
36	46	πολέμου	t_2681	103034044	a-s---nn-	g--------		ἀνεξέταστος	μέν		m|m|@
36	47	καὶ	t_2682	103034045	d--------	a-p---nn-		οὐ	ἅπας		m|m|@
36	48	τῇ	t_2683	103034046	c--------	n-s---md-		δέ	νόμος		m|m|@
36	49	τούτου	t_2684	103034047	a-s---nn-	v3srim---		ἀόριστος	τάσσω		m|m|@
36	50	παρασκευῇ	t_2685	103034048	r--------	u--------		ἐν	,		m|m|@
36	51	ἄτακτα	t_2686	103034049	p-p---nd-	b--------		οὗτος	καί		m|m|@
36	52	,	t_2687	103034050	v3srie---	v3sria---		ἀμελέω	πρόοιδα		m|m|@
36	53	ἀδιόρθωτα	t_2688	103034051	u--------	a-s---mn-		·	ἕκαστος		m|m|@
36	54	,	t_2689	103034052	r--------	p2p---cg-		ἐν	σύ		m|m|@
36	55	ἀόρισθʼ	t_2690	103034053	d--------	r--------		δέ	ἐκ		m|m|@
36	56	ἅπαντα	t_2691	103034054	l-p---nd-	a-s---ng-		ὁ	πολύς		m|m|@
36	57	.	t_2692	103034055	r--------	p-s---cn-		περί	τίς		m|m|@
36	58	τοιγαροῦν	t_2693	103034056	l-s---mg-	n-s---mn-		ὁ	χορηγός		m|m|@
36	59	ἅμʼ	t_2694	103034057	n-s---mg-	b--------		πόλεμος	ἤ		m|m|@
36	60	ἀκηκόαμέν	t_2695	103034058	c--------	n-s---mn-		καί	γυμνασιάρχης		m|m|@
36	61	τι	t_2696	103034059	l-s---fd-	l-s---fg-		ὁ	ὁ		m|m|
36	62	καὶ	t_2697	103034060	p-s---mg-	n-s---fg-		οὗτος	φυλή		m|m|@
36	63	τριηράρχους	t_2698	103034061	n-s---fd-	u--------		παρασκευή	,		m|m|@
36	64	καθίσταμεν	t_2699	103034062	a-p---nn-	d--------		ἄτακτος	πότε		m|m|@
36	65	καὶ	t_2700	103034063	u--------	b--------		,	καί		m|m|@
36	66	τούτοις	t_2701	103034064	a-p---nn-	r--------		ἀδιόρθωτος	παρά		m|m|@
36	67	ἀντιδόσεις	t_2702	103034065	u--------	p-s---mg-		,	ὁ		m|m|@
36	68	ποιούμεθα	t_2703	103034066	a-p---nn-	b--------		ἀόριστος	καί		m|m|@
36	69	καὶ	t_2704	103034067	a-p---nn-	p-s---na-		ἅπας	τίς		m|m|@
36	70	περὶ	t_2705	103034068	u--------	v-sapama-		.	λαμβάνω		m|m|@
36	71	χρημάτων	t_2706	103034069	d--------	p-s---na-		τοιγάρ	τίς		m|m|@
36	72	πόρου	t_2707	103034070	d--------	v3spia---		ἅμα	δέω		m|m|@
36	73	σκοποῦμεν	t_2708	103034071	v1pria---	v--pna---		ἀκούω	ποιέω		m|m|@
36	74	,	t_2709	103034072	p-s---na-	u--------		τις	,		m|m|@
36	75	καὶ	t_2710	103034073	d--------	p-s---nn-		καί	οὐδείς		m|m|@
36	76	μετὰ	t_2711	103034074	n-p---ma-	a-s---nn-		τριήραρχος	ἀνεξέταστος		m|m|@
36	77	ταῦτʼ	t_2712	103034075	v1ppia---	d--------		καθίστημι	οὐ		m|m|@
36	78	ἐμβαίνειν	t_2713	103034076	d--------	b--------		καί	δέ		m|m|@
36	79	τοὺς	t_2714	103034077	p-p---md-	a-s---nn-		οὗτος	ἀόριστος		m|m|@
36	80	μετοίκους	t_2715	103034078	n-p---fa-	r--------		ἀντίδοσις	ἐν		m|m|@
36	81	ἔδοξε	t_2716	103034079	v1ppie---	p-p---nd-		ποιέω	οὗτος		m|m|@
36	82	καὶ	t_2717	103034080	c--------	v3srim---		καί	ἀμελέω		m|m|@
36	83	τοὺς	t_2718	103034081	r--------	u--------		περί	·		m|m|@
36	84	χωρὶς	t_2719	103034082	n-p---ng-	r--------		χρῆμα	ἐν		m|m|@
36	85	οἰκοῦντας	t_2720	103034083	n-s---mg-	b--------		πόρος	δέ		m|m|@
36	86	,	t_2721	103034084	v1ppia---	l-p---nd-		σκοπέω	ὁ		m|m|@
37	1	εἶτʼ	t_2722	103034085	u--------	r--------		,	περί		m|m|@
37	2	αὐτοὺς	t_2723	103034086	c--------	l-s---mg-		καί	ὁ		m|m|@
37	3	πάλιν	t_2724	103034087	r--------	n-s---mg-		μετά	πόλεμος		m|m|@
37	4	,	t_2725	103034088	p-p---na-	b--------		οὗτος	καί		m|m|@
37	5	εἶτʼ	t_2726	103034089	v--pna---	l-s---fd-		ἐμβαίνω	ὁ		m|m|@
37	6	ἀντεμβιβάζειν	t_2727	103034090	l-p---ma-	p-s---mg-		ὁ	οὗτος		m|m|@
37	7	,	t_2728	103034091	n-p---ma-	n-s---fd-		μέτοικος	παρασκευή		m|m|@
37	8	εἶτʼ	t_2729	103034092	v3saia---	a-p---nn-		δοκέω	ἄτακτος		m|m|@
37	9	ἐν	t_2730	103034093	c--------	u--------		καί	,		m|m|@
37	10	ὅσῳ	t_2731	103034094	l-p---ma-	a-p---nn-		ὁ	ἀδιόρθωτος		m|m|@
37	11	ταῦτα	t_2732	103034095	d--------	u--------		χωρίς	,		m|m|@
37	12	μέλλεται	t_2733	103034096	v-pppama-	a-p---nn-		οἰκέω	ἀόριστος		m|m|@
37	13	,	t_2734	103034097	u--------	a-p---nn-		,	ἅπας		m|m|@
37	14	προαπόλωλεν	t_2735	103034098	d--------	u--------		εἶτα	.		m|m|@
37	15	τὸ	t_2736	103034099	p-p---ma-	g--------		αὐτός	τοιγαροῦν		m|m|@
37	16	ἐφʼ	t_2737	103034100	d--------	d--------		πάλιν	ἅμα		m|m|@
37	17	ὃ	t_2738	103034101	u--------	v1pria---		,	ἀκούω		m|m|@
37	18	ἂν	t_2739	103034102	d--------	p-s---na-		εἶτα	τις		m|m|@
37	19	ἐκπλέωμεν	t_2740	103034103	v--pna---	b--------		ἀντεμβιβάζω	καί		m|m|@
37	20	·	t_2741	103034104	u--------	n-p---ma-		,	τριήραρχος		m|m|@
37	21	τὸν	t_2742	103034105	c--------	v1ppia---		εἶτα	καθίστημι		m|m|@
37	22	γὰρ	t_2743	103034106	r--------	b--------		ἐν	καί		m|m|@
37	23	τοῦ	t_2744	103034107	a-s---nd-	p-p---md-		ὅσος	οὗτος		m|m|@
37	24	πράττειν	t_2745	103034108	p-p---nn-	n-p---fa-		οὗτος	ἀντίδοσις		m|m|@
37	25	χρόνον	t_2746	103034109	v3spie---	v1ppim---		μέλλω	ποιέω		m|m|@
37	26	εἰς	t_2747	103034110	u--------	b--------		,	καί		m|m|@
37	27	τὸ	t_2748	103034111	v3sria---	r--------		προαπόλλυμαι	περί		m|m|@
37	28	παρασκευάζεσθαι	t_2749	103034112	l-s---nn-	n-p---ng-		ὁ	χρῆμα		m|m|@
37	29	ἀναλίσκομεν	t_2750	103034113	r--------	n-s---mg-		ἐπί	πόρος		m|m|@
37	30	,	t_2751	103034114	p-s---na-	v1ppia---		ὅς	σκοπέω		m|m|@
37	31	οἱ	t_2752	103034115	d--------	u--------		ἄν	,		m|m|@
37	32	δὲ	t_2753	103034116	v1ppsa---	b--------		ἐκπλέω	καί		m|m|@
37	33	τῶν	t_2754	103034117	u--------	r--------		·	μετά		m|m|@
37	34	πραγμάτων	t_2755	103034118	l-s---ma-	p-p---na-		ὁ	οὗτος		m|m|@
37	35	οὐ	t_2756	103034119	d--------	v--pna---		γάρ	ἐμβαίνω		m|m|@
37	36	μένουσι	t_2757	103034120	l-s---mg-	l-p---ma-		ὁ	ὁ		m|m|
37	37	καιροὶ	t_2758	103034121	v--pna---	n-p---ma-		πράσσω	μέτοικος		m|m|@
37	38	τὴν	t_2759	103034122	n-s---ma-	v3saia---		χρόνος	δοκέω		m|m|@
37	39	ἡμετέραν	t_2760	103034123	r--------	b--------		εἰς	καί		m|m|@
37	40	βραδυτῆτα	t_2761	103034124	l-s---na-	l-p---ma-		ὁ	ὁ		m|m|
37	41	καὶ	t_2762	103034125	v--pne---	d--------		παρασκευάζω	χωρίς		m|m|@
37	42	εἰρωνείαν	t_2763	103034126	v1ppia---	v-pppama-		ἀναλίσκω	οἰκέω		m|m|@
37	43	.	t_2764	103034127	u--------	u--------		,	,		m|m|
37	44	ἃς	t_2765	103034128	l-p---mn-	d--------		ὁ	εἶτα		m|m|@
37	45	δὲ	t_2766	103034129	c--------	p-p---ma-		δέ	αὐτός		m|m|@
37	46	τὸν	t_2767	103034130	l-p---ng-	d--------		ὁ	πάλιν		m|m|@
37	47	μεταξὺ	t_2768	103034131	n-p---ng-	u--------		πρᾶγμα	,		m|m|@
37	48	χρόνον	t_2769	103034132	d--------	d--------		οὐ	εἶτα		m|m|@
37	49	δυνάμεις	t_2770	103034133	v3ppia---	v--pna---		μένω	ἀντεμβιβάζω		m|m|@
37	50	οἰόμεθʼ	t_2771	103034134	n-p---mn-	u--------		καιρός	,		m|m|@
37	51	ἡμῖν	t_2772	103034135	l-s---fa-	d--------		ὁ	εἶτα		m|m|@
37	52	ὑπάρχειν	t_2773	103034136	a-s---fa-	r--------		ἡμέτερος	ἐν		m|m|@
37	53	,	t_2774	103034137	n-s---fa-	p-s---nd-		βραδυτής	ὅσος		m|m|@
37	54	οὐδὲν	t_2775	103034138	c--------	p-p---nn-		καί	οὗτος		m|m|@
37	55	οἷαί	t_2776	103034139	n-s---fa-	v3spim---		εἰρωνεία	μέλλω		m|m|@
37	56	τʼ	t_2777	103034140	u--------	u--------		.	,		m|m|@
37	57	οὖσαι	t_2778	103034141	a-p---fa-	v3sria---		ὅς	προαπόλλυμι		m|m|@
37	58	ποιεῖν	t_2779	103034142	d--------	l-s---nn-		δέ	ὁ		m|m|@
37	59	ἐπʼ	t_2780	103034143	l-s---ma-	r--------		ὁ	ἐπί		m|m|@
37	60	αὐτῶν	t_2781	103034144	d--------	p-s---na-		μεταξύ	ὅς		m|m|@
37	61	τῶν	t_2782	103034145	n-s---ma-	g--------		χρόνος	ἄν		m|m|@
37	62	καιρῶν	t_2783	103034146	n-p---fa-	v1ppsa---		δύναμις	ἐκπλέω		m|m|@
37	63	ἐξελέγχονται	t_2784	103034147	v1ppie---	u--------		οἴομαι	·		m|m|@
37	64	.	t_2785	103034148	p-p---md-	l-s---ma-		ἐγώ	ὁ		m|m|@
37	65	ὁ	t_2786	103034149	v--pna---	g--------		ὑπάρχω	γάρ		m|m|@
37	66	δʼ	t_2787	103034150	u--------	l-s---mg-		,	ὁ		m|m|@
37	67	εἰς	t_2788	103034151	p-s---na-	v--pna---		οὐδείς	πράσσω		m|m|@
37	68	τοῦθʼ	t_2789	103034152	a-p---fn-	n-s---ma-		οἷος	χρόνος		m|m|@
37	69	ὕβρεως	t_2790	103034153	d--------	r--------		τε	εἰς		m|m|@
37	70	ἐλήλυθεν	t_2791	103034154	v-pppafn-	l-s---na-		εἰμί	ὁ		m|m|@
37	71	ὥστʼ	t_2792	103034155	v--pna---	v--pnm---		ποιέω	παρασκευάζω		m|m|@
37	72	ἐπιστέλλειν	t_2793	103034156	r--------	v1ppia---		ἐπί	ἀναλίσκω		m|m|@
37	73	Εὐβοεῦσιν	t_2794	103034157	a-p---mg-	u--------		αὐτός	,		m|m|@
37	74	ἤδη	t_2795	103034158	l-p---mg-	l-p---mn-		ὁ	ὁ		m|m|
37	75	τοιαύτας	t_2796	103034159	n-p---mg-	b--------		καιρός	δέ		m|m|@
37	76	ἐπιστολάς	t_2797	103034160	v3ppie---	l-p---ng-		ἐξελέγχω	ὁ		m|m|@
37	77	.	t_2798	103034161	u--------	n-p---ng-		.	πρᾶγμα		m|m|@
38	1	ΕΠΙΣΤΟΛΗΣ	t_2799	103034162	l-s---mn-	d--------		ὁ	οὐ		m|m|@
38	2	ΑΝΑΓΝΩΣΙΣ	t_2800	103034163	d--------	v3ppia---		δέ	μένω		m|m|@
38	3	.	t_2801	103034164	r--------	n-p---mn-		εἰς	καιρός		m|m|@
38	1	τούτων	t_2802	103034165	p-s---na-	l-s---fa-		οὗτος	ὁ		m|m|@
38	2	,	t_2803	103034166	n-s---fg-	a-s---fa-		ὕβρις	ἡμέτερος		m|m|@
38	3	ὦ	t_2804	103034167	v3sria---	n-s---fa-		ἔρχομαι	βραδυτής		m|m|@
38	4	ἄνδρες	t_2805	103034168	c--------	b--------		ὥστε	καί		m|m|@
38	5	Ἀθηναῖοι	t_2806	103034169	v--pna---	n-s---fa-		ἐπιστέλλω	εἰρωνεία		m|m|@
38	6	,	t_2807	103034170	n-p---md-	u--------		εὐβοεύς	.		m|m|@
38	7	τῶν	t_2808	103034171	d--------	p-p---fa-		ἤδη	ὅς		m|m|@
38	8	ἀνεγνωσμένων	t_2809	103034172	a-p---fa-	b--------		τοιοῦτος	δέ		m|m|@
38	9	ἀληθῆ	t_2810	103034173	n-p---fa-	l-s---ma-		ἐπιστολή	ὁ		m|m|@
38	10	μέν	t_2811	103034174	u--------	d--------		.	μεταξύ		m|m|@
38	11	ἐστι	t_2812	103034175	n-s---fn-	n-s---ma-		ἐπιστολή	χρόνος		m|m|@
38	12	τὰ	t_2813	103034176	n-s---fn-	n-p---fa-		αναγνωσισ	δύναμις		m|m|@
38	13	πολλά	t_2814	103034177	u--------	v1ppim---		.	οἴομαι		m|m|@
38	14	,	t_2815	103034178	p-p---ng-	p1p---cd-		οὗτος	ἐγώ		m|m|@
38	15	ὡς	t_2816	103034179	u--------	v--pna---		,	ὑπάρχω		m|m|@
38	16	οὐκ	t_2817	103034180	i--------	u--------		ὦ	,		m|m|@
38	17	ἔδει	t_2818	103034181	n-p---mv-	p-s---na-		ἀνήρ	οὐδείς		m|m|@
38	18	,	t_2819	103034182	a-p---mv-	p-p---fn-		ἀθηναῖος	οἷος		m|m|@
38	19	οὐ	t_2820	103034183	u--------	c--------		,	τε		m|m|@
38	20	μὴν	t_2821	103034184	l-p---ng-	v-pppafn-		ὁ	εἰμί		m|m|@
38	21	ἀλλʼ	t_2822	103034185	v-prpeng-	v--pna---		ἀναγιγνώσκω	ποιέω		m|m|@
38	22	ἴσως	t_2823	103034186	a-p---nn-	r--------		ἀληθής	ἐπί		m|m|@
38	23	οὐχ	t_2824	103034187	d--------	p-p---mg-		μέν	αὐτός		m|m|@
38	24	ἡδέʼ	t_2825	103034188	v3spia---	l-p---mg-		εἰμί	ὁ		m|m|@
38	25	ἀκούειν	t_2826	103034189	l-p---nn-	n-p---mg-		ὁ	καιρός		m|m|@
38	26	.	t_2827	103034190	a-p---nn-	v3ppim---		πολύς	ἐξελέγχω		m|m|@
38	27	ἀλλʼ	t_2828	103034191	u--------	u--------		,	.		m|m|@
38	28	εἰ	t_2829	103034192	c--------	l-s---mn-		ὡς	ὁ		m|m|@
38	29	μέν	t_2830	103034193	d--------	b--------		οὐ	δέ		m|m|@
38	30	,	t_2831	103034194	v3siia---	r--------		δεῖ	εἰς		m|m|@
38	31	ὅσʼ	t_2832	103034195	u--------	p-s---na-		,	οὗτος		m|m|@
38	32	ἄν	t_2833	103034196	d--------	n-s---fg-		οὐ	ὕβρις		m|m|@
38	33	τις	t_2834	103034197	d--------	v3sria---		μήν	ἔρχομαι		m|m|@
38	34	ὑπερβῇ	t_2835	103034198	c--------	c--------		ἀλλά	ὥστε		m|m|@
38	35	τῷ	t_2836	103034199	d--------	v--pna---		ἴσως	ἐπιστέλλω		m|m|@
38	36	λόγῳ	t_2837	103034200	d--------	n-p---md-		οὐ	Εὐβοεύς		m|m|@
38	37	,	t_2838	103034201	a-p---nn-	d--------		ἡδύς	ἤδη		m|m|@
38	38	ἵνα	t_2839	103034202	v--pna---	p-p---fa-		ἀκούω	τοιοῦτος		m|m|@
38	39	μὴ	t_2840	103034203	u--------	n-p---fa-		.	ἐπιστολή		m|m|@
38	40	λυπήσῃ	t_2841	103034204	d--------	u--------		ἀλλά	.		m|m|@
38	41	,	t_2842	103034205	c--------	p-p---ng-		εἰ	οὗτος		m|m|@
38	42	καὶ	t_2843	103034206	d--------	u--------		μέν	,		m|m|@
38	43	τὰ	t_2844	103034207	u--------	i--------		,	ὦ		m|m|@
38	44	πράγμαθʼ	t_2845	103034208	a-p---na-	n-p---mv-		ὅσος	ἀνήρ		m|m|@
38	45	ὑπερβήσεται	t_2846	103034209	d--------	a-p---mv-		ἄν	Ἀθηναῖος		m|m|@
38	46	,	t_2847	103034210	p-s---mn-	u--------		τις	,		m|m|@
38	47	δεῖ	t_2848	103034211	v3sasa---	l-p---ng-		ὑπερβαίνω	ὁ		m|m|@
38	48	πρὸς	t_2849	103034212	l-s---md-	v-prpmng-		ὁ	ἀναγιγνώσκω		m|m|@
38	49	ἡδονὴν	t_2850	103034213	n-s---md-	a-p---nn-		λόγος	ἀληθής		m|m|@
38	50	δημηγορεῖν	t_2851	103034214	u--------	g--------		,	μέν		m|m|@
38	51	·	t_2852	103034215	c--------	v3spia---		ἵνα	εἰμί		m|m|@
38	52	εἰ	t_2853	103034216	d--------	l-p---nn-		μή	ὁ		m|m|@
38	53	δʼ	t_2854	103034217	v3sasa---	a-p---nn-		λυπέω	πολύς		m|m|@
38	54	ἡ	t_2855	103034218	u--------	u--------		,	,		m|m|
38	55	τῶν	t_2856	103034219	d--------	c--------		καί	ὡς		m|m|@
38	56	λόγων	t_2857	103034220	l-p---na-	d--------		ὁ	οὐ		m|m|@
38	57	χάρις	t_2858	103034221	n-p---na-	v3siia---		πρᾶγμα	δέω		m|m|@
38	58	,	t_2859	103034222	v3sfim---	u--------		ὑπερβαίνω	,		m|m|@
38	59	ἂν	t_2860	103034223	u--------	d--------		,	οὐ		m|m|@
38	60	ᾖ	t_2861	103034224	v3spia---	d--------		δεῖ	μήν		m|m|@
38	61	μὴ	t_2862	103034225	r--------	b--------		πρός	ἀλλά		m|m|@
38	62	προσήκουσα	t_2863	103034226	n-s---fa-	d--------		ἡδονή	ἴσως		m|m|@
38	63	,	t_2864	103034227	v--pna---	d--------		δημηγορέω	οὐ		m|m|@
38	64	ἔργῳ	t_2865	103034228	u--------	a-p---nn-		·	ἡδύς		m|m|@
38	65	ζημία	t_2866	103034229	c--------	v--pna---		εἰ	ἀκούω		m|m|@
38	66	γίγνεται	t_2867	103034230	d--------	u--------		δέ	.		m|m|@
38	67	,	t_2868	103034231	l-s---fn-	b--------		ὁ	ἀλλά		m|m|@
38	68	αἰσχρόν	t_2869	103034232	l-p---mg-	c--------		ὁ	εἰ		m|m|@
38	69	ἐστι	t_2870	103034233	n-p---mg-	g--------		λόγος	μέν		m|m|@
38	70	φενακίζειν	t_2871	103034234	n-s---fn-	u--------		χάρις	,		m|m|@
38	71	ἑαυτούς	t_2872	103034235	u--------	p-p---na-		,	ὅσος		m|m|@
38	72	,	t_2873	103034236	c--------	g--------		ἄν	ἄν		m|m|
38	73	καὶ	t_2874	103034237	v3spsa---	p-s---cn-		εἰμί	τις		m|m|@
38	74	ἅπαντʼ	t_2875	103034238	d--------	v3sasa---		μή	ὑπερβαίνω		m|m|@
38	75	ἀναβαλλομένους	t_2876	103034239	v-sppafn-	l-s---md-		προσήκω	ὁ		m|m|@
38	76	ἃν	t_2877	103034240	u--------	n-s---md-		,	λόγος		m|m|@
38	77	ᾖ	t_2878	103034241	n-s---nd-	u--------		ἔργον	,		m|m|@
38	78	δυσχερῆ	t_2879	103034242	n-s---fn-	c--------		ζημία	ἵνα		m|m|@
38	79	πάντων	t_2880	103034243	v3spie---	d--------		γίγνομαι	μή		m|m|@
38	80	ὑστερεῖν	t_2881	103034244	u--------	v3sasa---		,	λυπέω		m|m|@
38	81	τῶν	t_2882	103034245	a-s---nn-	u--------		αἰσχρός	,		m|m|@
38	82	ἔργων	t_2883	103034246	v3spia---	d--------		εἰμί	καί		m|m|@
38	83	,	t_2884	103034247	v--pna---	l-p---na-		φενακίζω	ὁ		m|m|@
39	1	καὶ	t_2885	103034248	p-p---ma-	n-p---na-		ἑαυτοῦ	πρᾶγμα		m|m|@
39	2	μη	t_2886	103034249	u--------	v3sfim---		,	ὑπερβαίνω		m|m|@
39	3	δὲ	t_2887	103034250	c--------	u--------		καί	,		m|m|@
39	4	τοῦτο	t_2888	103034251	a-p---na-	v3spia---		ἅπας	δέω		m|m|@
39	5	δύνασθαι	t_2889	103034252	v-pppema-	r--------		ἀναβάλλω	πρός		m|m|@
39	6	μαθεῖν	t_2890	103034253	p-p---ng-	n-s---fa-		ὅς	ἡδονή		m|m|@
39	7	,	t_2891	103034254	v3spsa---	v--pna---		εἰμί	δημηγορέω		m|m|@
39	8	ὅτι	t_2892	103034255	a-p---nn-	u--------		δυσχερής	·		m|m|@
39	9	δεῖ	t_2893	103034256	a-p---ng-	c--------		πᾶς	εἰ		m|m|@
39	10	τοὺς	t_2894	103034257	v--pna---	b--------		ὑστερέω	δέ		m|m|@
39	11	ὀρθῶς	t_2895	103034258	l-p---ng-	l-s---fn-		ὁ	ὁ		m|m|
39	12	πολέμῳ	t_2896	103034259	n-p---ng-	l-p---mg-		ἔργον	ὁ		m|m|@
39	13	χρωμένους	t_2897	103034260	u--------	n-p---mg-		,	λόγος		m|m|@
39	14	οὐκ	t_2898	103034261	c--------	n-s---fn-		καί	χάρις		m|m|@
39	15	ἀκολουθεῖν	t_2899	103034262	d--------	u--------		μη	,		m|m|@
39	16	τοῖς	t_2900	103034263	d--------	c--------		δέ	ἐάν		m|m|@
39	17	πράγμασιν	t_2901	103034264	p-s---na-	v3spsa---		οὗτος	εἰμί		m|m|@
39	18	,	t_2902	103034265	v--pne---	d--------		δύναμαι	μή		m|m|@
39	19	ἀλλʼ	t_2903	103034266	v--ana---	v-sppafn-		μανθάνω	προσήκω		m|m|@
39	20	αὐτοὺς	t_2904	103034267	u--------	u--------		,	,		m|m|
39	21	ἔμπροσθεν	t_2905	103034268	c--------	n-s---nd-		ὅτι	ἔργον		m|m|@
39	22	εἶναι	t_2906	103034269	v3spia---	n-s---fn-		δεῖ	ζημία		m|m|@
39	23	τῶν	t_2907	103034270	l-p---ma-	v3spim---		ὁ	γίγνομαι		m|m|@
39	24	πραγμάτων	t_2908	103034271	d--------	u--------		ὀρθός	,		m|m|@
39	25	,	t_2909	103034272	n-s---md-	a-s---nn-		πόλεμος	αἰσχρός		m|m|@
39	26	καὶ	t_2910	103034273	v-pppema-	v3spia---		χράομαι	εἰμί		m|m|@
39	27	τὸν	t_2911	103034274	d--------	v--pna---		οὐ	φενακίζω		m|m|@
39	28	αὐτὸν	t_2912	103034275	v--pna---	p-p---ma-		ἀκολουθέω	ἑαυτοῦ		m|m|@
39	29	τρόπον	t_2913	103034276	l-p---nd-	u--------		ὁ	,		m|m|@
39	30	ὥσπερ	t_2914	103034277	n-p---nd-	b--------		πρᾶγμα	καί		m|m|@
39	31	τῶν	t_2915	103034278	u--------	a-p---na-		,	ἅπας		m|m|@
39	32	στρατευμάτων	t_2916	103034279	c--------	v-pppmma-		ἀλλά	ἀναβάλλω		m|m|@
39	33	ἀξιώσειέ	t_2917	103034280	p-p---ma-	p-p---nn-		αὐτός	ὅς		m|m|@
39	34	τις	t_2918	103034281	d--------	g--------		ἔμπροσθεν	ἄν		m|m|@
39	35	ἂν	t_2919	103034282	v--pna---	v3spsa---		εἰμί	εἰμί		m|m|
39	36	τὸν	t_2920	103034283	l-p---ng-	a-p---nn-		ὁ	δυσχερής		m|m|@
39	37	στρατηγὸν	t_2921	103034284	n-p---ng-	a-p---ng-		πρᾶγμα	πᾶς		m|m|@
39	38	ἡγεῖσθαι	t_2922	103034285	u--------	v--pna---		,	ὑστερέω		m|m|@
39	39	,	t_2923	103034286	c--------	l-p---ng-		καί	ὁ		m|m|@
39	40	οὕτω	t_2924	103034287	l-s---ma-	n-p---ng-		ὁ	ἔργον		m|m|@
39	41	καὶ	t_2925	103034288	a-s---ma-	u--------		αὐτός	,		m|m|@
39	42	τῶν	t_2926	103034289	n-s---ma-	b--------		τρόπος	καί		m|m|@
39	43	πραγμάτων	t_2927	103034290	c--------	d--------		ὥσπερ	μή		m|m|@
39	44	τοὺς	t_2928	103034291	l-p---ng-	b--------		ὁ	δέ		m|m|@
39	45	βουλευομένους	t_2929	103034292	n-p---ng-	p-s---na-		στράτευμα	οὗτος		m|m|@
39	46	,	t_2930	103034293	v3saoa---	v--pnm---		ἀξιόω	δύναμαι		m|m|@
39	47	ἵνʼ	t_2931	103034294	p-s---mn-	v--ana---		τις	μανθάνω		m|m|@
39	48	ἃν	t_2932	103034295	d--------	u--------		ἄν	,		m|m|@
39	49	ἐκείνοις	t_2933	103034296	l-s---ma-	c--------		ὁ	ὅτι		m|m|@
39	50	δοκῇ	t_2934	103034297	n-s---ma-	v3spia---		στρατηγός	δέω		m|m|@
39	51	,	t_2935	103034298	v--pnm---	l-p---ma-		ἡγέομαι	ὁ		m|m|@
39	52	ταῦτα	t_2936	103034299	u--------	d--------		,	ὀρθός		m|m|@
39	53	πράττηται	t_2937	103034300	d--------	n-s---md-		οὕτως	πόλεμος		m|m|@
39	54	καὶ	t_2938	103034301	d--------	v-pppmma-		καί	χράω		m|m|@
39	55	μὴ	t_2939	103034302	l-p---ng-	d--------		ὁ	οὐ		m|m|@
39	56	τὰ	t_2940	103034303	n-p---ng-	v--pna---		πρᾶγμα	ἀκολουθέω		m|m|@
39	57	συμβάντʼ	t_2941	103034304	l-p---ma-	l-p---nd-		ὁ	ὁ		m|m|
39	58	ἀναγκάζωνται	t_2942	103034305	v-pppema-	n-p---nd-		βουλεύω	πρᾶγμα		m|m|@
39	59	διώκειν	t_2943	103034306	u--------	u--------		,	,		m|m|
39	60	.	t_2944	103034307	c--------	b--------		ἵνα	ἀλλά		m|m|@
40	1	ὑμεῖς	t_2945	103034308	p-p---ng-	p-p---ma-		ὅς	αὐτός		m|m|@
40	2	δʼ	t_2946	103034309	p-p---md-	r--------		ἐκεῖνος	ἔμπροσθεν		m|m|@
40	3	,	t_2947	103034310	v3spsa---	v--pna---		δοκέω	εἰμί		m|m|@
40	4	ὦ	t_2948	103034311	u--------	l-p---ng-		,	ὁ		m|m|@
40	5	ἄνδρες	t_2949	103034312	p-p---na-	n-p---ng-		οὗτος	πρᾶγμα		m|m|@
40	6	Ἀθηναῖοι	t_2950	103034313	v3spse---	u--------		πράσσω	,		m|m|@
40	7	,	t_2951	103034314	c--------	b--------		καί	καί		m|m|
40	8	πλείστην	t_2952	103034315	d--------	l-s---ma-		μή	ὁ		m|m|@
40	9	δύναμιν	t_2953	103034316	l-p---na-	p-s---ma-		ὁ	αὐτός		m|m|@
40	10	ἁπάντων	t_2954	103034317	v-papana-	n-s---ma-		συμβαίνω	τρόπος		m|m|@
40	11	ἔχοντες	t_2955	103034318	v3ppse---	c--------		ἀναγκάζω	ὥσπερ		m|m|@
40	12	,	t_2956	103034319	v--pna---	l-p---ng-		διώκω	ὁ		m|m|@
40	13	τριήρεις	t_2957	103034320	u--------	n-p---ng-		.	στράτευμα		m|m|@
40	14	,	t_2958	103034321	p-p---mn-	v3saoa---		σύ	ἀξιόω		m|m|@
40	15	ὁπλίτας	t_2959	103034322	d--------	p-s---cn-		δέ	τις		m|m|@
40	16	,	t_2960	103034323	u--------	g--------		,	ἄν		m|m|@
40	17	ἱππέας	t_2961	103034324	i--------	l-s---ma-		ὦ	ὁ		m|m|@
40	18	,	t_2962	103034325	n-p---mv-	n-s---ma-		ἀνήρ	στρατηγός		m|m|@
40	19	χρημάτων	t_2963	103034326	a-p---mv-	v--pnm---		ἀθηναῖος	ἡγέομαι		m|m|@
40	20	πρόσοδον	t_2964	103034327	u--------	u--------		,	,		m|m|
40	21	,	t_2965	103034328	a-s---fa-	d--------		πλεῖστος	οὕτως		m|m|@
40	22	τούτων	t_2966	103034329	n-s---fa-	b--------		δύναμις	καί		m|m|@
40	23	μὲν	t_2967	103034330	a-p---ng-	l-p---ng-		ἅπας	ὁ		m|m|@
40	24	μέχρι	t_2968	103034331	v-pppamn-	n-p---ng-		ἔχω	πρᾶγμα		m|m|@
40	25	τῆς	t_2969	103034332	u--------	l-p---ma-		,	ὁ		m|m|@
40	26	τήμερον	t_2970	103034333	n-p---fn-	v-pppmma-		τριήρης	βουλεύω		m|m|@
40	27	ἡμέρας	t_2971	103034334	u--------	u--------		,	,		m|m|
40	28	οὐδενὶ	t_2972	103034335	n-p---ma-	c--------		ὁπλίτης	ἵνα		m|m|@
40	29	πώποτʼ	t_2973	103034336	u--------	p-p---nn-		,	ὅς		m|m|@
40	30	εἰς	t_2974	103034337	n-p---ma-	g--------		ἱππεύς	ἄν		m|m|@
40	31	δέον	t_2975	103034338	u--------	p-p---md-		,	ἐκεῖνος		m|m|@
40	32	τι	t_2976	103034339	n-p---ng-	v3spsa---		χρῆμα	δοκέω		m|m|@
40	33	κέχρησθε	t_2977	103034340	n-s---fa-	u--------		πρόσοδος	,		m|m|@
40	34	,	t_2978	103034341	u--------	p-p---na-		,	οὗτος		m|m|@
40	35	οὐδὲν	t_2979	103034342	p-p---ng-	v3spsm---		οὗτος	πράσσω		m|m|@
40	36	δʼ	t_2980	103034343	d--------	b--------		μέν	καί		m|m|@
40	37	ἀπολείπετε	t_2981	103034344	r--------	d--------		μέχρι	μή		m|m|@
40	38	,	t_2982	103034345	l-s---fg-	l-p---na-		ὁ	ὁ		m|m|
40	39	ὥσπερ	t_2983	103034346	d--------	v-papana-		σήμερον	συμβαίνω		m|m|@
40	40	οἱ	t_2984	103034347	n-s---fg-	v3ppsm---		ἡμέρα	ἀναγκάζω		m|m|@
40	41	βάρβαροι	t_2985	103034348	p-s---nd-	v--pna---		οὐδείς	διώκω		m|m|@
40	42	πυκτεύουσιν	t_2986	103034349	d--------	u--------		πώποτε	.		m|m|@
40	43	,	t_2987	103034350	r--------	p2p---cn-		εἰς	σύ		m|m|@
40	44	οὕτω	t_2988	103034351	v-sppana-	b--------		δεῖ	δέ		m|m|@
40	45	πολεμεῖν	t_2989	103034352	p-s---na-	u--------		τις	,		m|m|@
40	46	Φιλίππῳ	t_2990	103034353	v2prie---	i--------		χράω2	ὦ		m|m|@
40	47	.	t_2991	103034354	u--------	n-p---mv-		,	ἀνήρ		m|m|@
40	48	καὶ	t_2992	103034355	a-s---na-	a-p---mv-		οὐδείς	Ἀθηναῖος		m|m|@
40	49	γὰρ	t_2993	103034356	c--------	u--------		δέ	,		m|m|@
40	50	ἐκείνων	t_2994	103034357	v2ppia---	a-s---fas		ἀπολιμπάνω	πολύς		m|m|@
40	51	ὁ	t_2995	103034358	u--------	n-s---fa-		,	δύναμις		m|m|@
40	52	πληγεὶς	t_2996	103034359	c--------	a-p---ng-		ὥσπερ	ἅπας		m|m|@
40	53	ἀεὶ	t_2997	103034360	l-p---mn-	v-pppamn-		ὁ	ἔχω		m|m|@
40	54	τῆς	t_2998	103034361	n-p---mn-	u--------		βάρβαρος	,		m|m|@
40	55	πληγῆς	t_2999	103034362	v3ppia---	n-p---fa-		πυκτεύω	τριήρης		m|m|@
40	56	ἔχεται	t_3000	103034363	u--------	u--------		,	,		m|m|
40	57	,	t_3001	103034364	d--------	n-p---ma-		οὕτως	ὁπλίτης		m|m|@
40	58	κ	t_3002	103034365	v--pna---	u--------		πολεμέω	,		m|m|@
40	59	ἂν	t_3003	103034366	n-s---md-	n-p---ma-		φίλιππος	ἱππεύς		m|m|@
40	60	ἑτέρωσε	t_3004	103034367	u--------	u--------		.	,		m|m|@
40	61	πατάξῃ	t_3005	103034368	d--------	n-p---ng-		καί	χρῆμα		m|m|@
40	62	τις	t_3006	103034369	d--------	n-s---fa-		γάρ	πρόσοδος		m|m|@
40	63	,	t_3007	103034370	p-p---mg-	u--------		ἐκεῖνος	,		m|m|@
40	64	ἐκεῖσʼ	t_3008	103034371	l-s---mn-	p-p---ng-		ὁ	οὗτος		m|m|@
40	65	εἰσὶν	t_3009	103034372	v-sappmn-	g--------		πλήσσω	μέν		m|m|@
40	66	αἱ	t_3010	103034373	d--------	r--------		ἀεί	μέχρι		m|m|@
40	67	χεῖρες	t_3011	103034374	l-s---fg-	l-s---fg-		ὁ	ὁ		m|m|
40	68	·	t_3012	103034375	n-s---fg-	d--------		πληγή	σήμερον		m|m|@
40	69	προβάλλεσθαι	t_3013	103034376	v3spie---	n-s---fg-		ἔχω	ἡμέρα		m|m|@
40	70	δʼ	t_3014	103034377	u--------	p-s---nd-		,	οὐδείς		m|m|@
40	71	ἢ	t_3015	103034378	c--------	d--------		καί	πώποτε		m|m|@
40	72	βλέπειν	t_3016	103034379	c--------	r--------		ἄν	εἰς		m|m|@
40	73	ἐναντίον	t_3017	103034380	d--------	v-sppana-		ἑτέρωσε	δέω		m|m|@
40	74	οὔ	t_3018	103034381	v3sasa---	p-s---na-		πατάσσω	τις		m|m|@
40	75	τ’	t_3019	103034382	p-s---mn-	v2prim---		τις	χράω		m|m|@
40	76	οἶδεν	t_3020	103034383	u--------	u--------		,	,		m|m|
40	77	οὔ	t_3021	103034384	d--------	p-s---na-		ἐκεῖσε	οὐδείς		m|m|@
40	78	τ’	t_3022	103034385	v3ppia---	b--------		εἰμί	δέ		m|m|@
40	79	ἐθέλει	t_3023	103034386	l-p---fn-	v2ppia---		ὁ	ἀπολείπω		m|m|@
40	80	.	t_3024	103034387	n-p---fn-	u--------		χείρ	,		m|m|@
41	1	καὶ	t_3025	103034388	u--------	c--------		·	ὥσπερ		m|m|@
41	2	ὑμεῖς	t_3026	103034389	v--pne---	l-p---mn-		προβάλλω	ὁ		m|m|@
41	3	,	t_3027	103034390	d--------	a-p---mn-		δέ	βάρβαρος		m|m|@
41	4	ἂν	t_3028	103034391	c--------	v3ppia---		ἤ1	πυκτεύω		m|m|@
41	5	ἐν	t_3029	103034392	v--pna---	u--------		βλέπω	,		m|m|@
41	6	Χερρονήσῳ	t_3030	103034393	a-s---na-	d--------		ἐναντίον	οὕτως		m|m|@
41	7	πύθησθε	t_3031	103034394	d--------	v--pna---		οὐ	πολεμέω		m|m|@
41	8	Φίλιππον	t_3032	103034395	d--------	n-s---md-		τε	Φίλιππος		m|m|@
41	9	,	t_3033	103034396	v3sria---	u--------		οἶδα	.		m|m|@
41	10	ἐκεῖσε	t_3034	103034397	d--------	b--------		οὐ	καί		m|m|@
41	11	βοηθεῖν	t_3035	103034398	c--------	g--------		τε	γάρ		m|m|@
41	12	ψηφίζεσθε	t_3036	103034399	v3spia---	p-p---mg-		ἐθέλω	ἐκεῖνος		m|m|@
41	13	,	t_3037	103034400	u--------	l-s---mn-		.	ὁ		m|m|@
41	14	ἂν	t_3038	103034401	d--------	v-sappmn-		καί	πλήσσω		m|m|@
41	15	ἐν	t_3039	103034402	p-p---mn-	d--------		σύ	ἀεί		m|m|@
41	16	Πύλαις	t_3040	103034403	u--------	l-s---fg-		,	ὁ		m|m|@
41	17	,	t_3041	103034404	c--------	n-s---fg-		ἄν	πληγή		m|m|@
41	18	ἐκεῖσε	t_3042	103034405	r--------	v3spim---		ἐν	ἔχω		m|m|@
41	19	,	t_3043	103034406	n-s---fd-	u--------		χερσόνησος	,		m|m|@
41	20	ἂν	t_3044	103034407	v2pasa---	b--------		πυνθάνομαι	καί		m|m|@
41	21	ἄλλοθί	t_3045	103034408	n-s---ma-	c--------		φίλιππος	ἐάν		m|m|@
41	22	που	t_3046	103034409	u--------	d--------		,	ἑτέρωσε		m|m|@
41	23	,	t_3047	103034410	d--------	v3sasa---		ἐκεῖσε	πατάσσω		m|m|@
41	24	συμπαραθεῖτʼ	t_3048	103034411	v--pna---	p-s---cn-		βοηθέω	τις		m|m|@
41	25	ἄνω	t_3049	103034412	v2ppie---	u--------		ψηφίζω	,		m|m|@
41	26	κάτω	t_3050	103034413	u--------	d--------		,	ἐκεῖσε		m|m|@
41	27	,	t_3051	103034414	c--------	v3ppia---		ἄν	εἰμί		m|m|@
41	28	καὶ	t_3052	103034415	r--------	l-p---fn-		ἐν	ὁ		m|m|@
41	29	στρατηγεῖσθʼ	t_3053	103034416	n-p---fd-	n-p---fn-		πύλη	χείρ		m|m|@
41	30	ὑπʼ	t_3054	103034417	u--------	u--------		,	·		m|m|@
41	31	ἐκείνου	t_3055	103034418	d--------	v--pnm---		ἐκεῖσε	προβάλλω		m|m|@
41	32	,	t_3056	103034419	u--------	b--------		,	δέ		m|m|@
41	33	βεβούλευσθε	t_3057	103034420	c--------	b--------		ἄν	ἤ		m|m|@
41	34	δʼ	t_3058	103034421	d--------	v--pna---		ἄλλοθι	βλέπω		m|m|@
41	35	οὐδὲν	t_3059	103034422	d--------	a-s---ma-		πού	ἐναντίος		m|m|@
41	36	αὐτοὶ	t_3060	103034423	u--------	d--------		,	οὐ		m|m|@
41	37	συμφέρον	t_3061	103034424	v2ppia---	b--------		συμπαραθέω	τε		m|m|@
41	38	περὶ	t_3062	103034425	d--------	v3sria---		ἄνω	οἶδα		m|m|@
41	39	τοῦ	t_3063	103034426	d--------	d--------		κάτω	οὐ		m|m|@
41	40	πολέμου	t_3064	103034427	u--------	b--------		,	τε		m|m|@
41	41	,	t_3065	103034428	c--------	v3spia---		καί	ἐθέλω		m|m|@
41	42	οὐ	t_3066	103034429	v2ppie---	u--------		στρατηγέω	.		m|m|@
41	43	δὲ	t_3067	103034430	r--------	b--------		ὑπό	καί		m|m|@
41	44	πρὸ	t_3068	103034431	p-s---mg-	p2p---cn-		ἐκεῖνος	σύ		m|m|@
41	45	τῶν	t_3069	103034432	u--------	u--------		,	,		m|m|
41	46	πραγμάτων	t_3070	103034433	v2prie---	c--------		βουλεύω	ἐάν		m|m|@
41	47	προορᾶτʼ	t_3071	103034434	d--------	r--------		δέ	ἐν		m|m|@
41	48	οὐδέν	t_3072	103034435	p-s---na-	n-s---fd-		οὐδείς	Χερσόνησος		m|m|@
41	49	,	t_3073	103034436	p-p---mn-	v2pasm---		αὐτός	πυνθάνομαι		m|m|@
41	50	πρὶν	t_3074	103034437	v-sppana-	n-s---ma-		συμφέρω	Φίλιππος		m|m|@
41	51	ἂν	t_3075	103034438	r--------	u--------		περί	,		m|m|@
41	52	ἢ	t_3076	103034439	l-s---mg-	d--------		ὁ	ἐκεῖσε		m|m|@
41	53	γεγενημένον	t_3077	103034440	n-s---mg-	v--pna---		πόλεμος	βοηθέω		m|m|@
41	54	ἢ	t_3078	103034441	u--------	v2ppim---		,	ψηφίζω		m|m|@
41	55	γιγνόμενόν	t_3079	103034442	d--------	u--------		οὐ	,		m|m|@
41	56	τι	t_3080	103034443	c--------	c--------		δέ	ἐάν		m|m|@
41	57	πύθησθε	t_3081	103034444	r--------	r--------		πρό	ἐν		m|m|@
41	58	.	t_3082	103034445	l-p---ng-	n-p---fd-		ὁ	Πύλαι		m|m|@
41	59	ταῦτα	t_3083	103034446	n-p---ng-	u--------		πρᾶγμα	,		m|m|@
41	60	δʼ	t_3084	103034447	v2ppia---	d--------		προοράω	ἐκεῖσε		m|m|@
41	61	ἴσως	t_3085	103034448	p-s---na-	u--------		οὐδείς	,		m|m|@
41	62	πρότερον	t_3086	103034449	u--------	c--------		,	ἐάν		m|m|@
41	63	μὲν	t_3087	103034450	c--------	d--------		πρίν	ἄλλοθι		m|m|@
41	64	ἐνῆν	t_3088	103034451	d--------	d--------		ἄν	που		m|m|@
41	65	·	t_3089	103034452	d--------	u--------		ἤ1	,		m|m|@
41	66	νῦν	t_3090	103034453	v-srpena-	v2ppia---		γίγνομαι	συμπαραθέω		m|m|@
41	67	δʼ	t_3091	103034454	c--------	d--------		ἤ1	ἄνω		m|m|@
41	68	ἐπʼ	t_3092	103034455	v-sppena-	d--------		γίγνομαι	κάτω		m|m|@
41	69	αὐτὴν	t_3093	103034456	p-s---na-	u--------		τις	,		m|m|@
41	70	ἥκει	t_3094	103034457	v2pase---	b--------		πυνθάνομαι	καί		m|m|@
41	71	τὴν	t_3095	103034458	u--------	v2ppim---		.	στρατηγέω		m|m|@
41	72	ἀκμήν	t_3096	103034459	p-p---nn-	r--------		οὗτος	ὑπό		m|m|@
41	73	,	t_3097	103034460	d--------	p-s---mg-		δέ	ἐκεῖνος		m|m|@
41	74	ὥστʼ	t_3098	103034461	d--------	u--------		ἴσως	,		m|m|@
41	75	οὐκέτʼ	t_3099	103034462	a-s---na-	v2prim---		πρότερος	βουλεύω		m|m|@
41	76	ἐγχωρεῖ	t_3100	103034463	d--------	b--------		μέν	δέ		m|m|@
41	77	.	t_3101	103034464	v3siia---	p-s---na-		ἐνεἰμί	οὐδείς		m|m|@
42	1	δοκεῖ	t_3102	103034465	u--------	p-p---mn-		·	αὐτός		m|m|@
42	2	δέ	t_3103	103034466	d--------	v-sppana-		νῦν	συμφέρω		m|m|@
42	3	μοι	t_3104	103034467	d--------	r--------		δέ	περί		m|m|@
42	4	θεῶν	t_3105	103034468	r--------	l-s---mg-		ἐπί	ὁ		m|m|@
42	5	τις	t_3106	103034469	a-s---fa-	n-s---mg-		αὐτός	πόλεμος		m|m|@
42	6	,	t_3107	103034470	v3spia---	u--------		ἥκω	,		m|m|@
42	7	ὦ	t_3108	103034471	l-s---fa-	d--------		ὁ	οὐ		m|m|@
42	8	ἄνδρες	t_3109	103034472	n-s---fa-	b--------		ἀκμή	δέ		m|m|@
42	9	Ἀθηναῖοι	t_3110	103034473	u--------	r--------		,	πρό		m|m|@
42	10	,	t_3111	103034474	c--------	l-p---ng-		ὥστε	ὁ		m|m|@
42	11	τοῖς	t_3112	103034475	d--------	n-p---ng-		οὐκέτι	πρᾶγμα		m|m|@
42	12	γιγνομένοις	t_3113	103034476	v3spia---	v2ppia---		ἐγχωρέω	προοράω		m|m|@
42	13	ὑπὲρ	t_3114	103034477	u--------	p-s---na-		.	οὐδείς		m|m|@
42	14	τῆς	t_3115	103034478	v3spia---	u--------		δοκέω	,		m|m|@
42	15	πόλεως	t_3116	103034479	d--------	c--------		δέ	πρίν		m|m|@
42	16	αἰσχυνόμενος	t_3117	103034480	p-s---md-	g--------		ἐγώ	ἄν		m|m|@
42	17	τὴν	t_3118	103034481	n-p---mg-	b--------		θεός	ἤ		m|m|@
42	18	φιλοπραγμοσύνην	t_3119	103034482	p-s---mn-	v-srpmna-		τις	γίγνομαι		m|m|@
42	19	ταύτην	t_3120	103034483	u--------	b--------		,	ἤ		m|m|@
42	20	ἐμβαλεῖν	t_3121	103034484	i--------	v-sppmna-		ὦ	γίγνομαι		m|m|@
42	21	Φιλίππῳ	t_3122	103034485	n-p---mv-	p-s---na-		ἀνήρ	τις		m|m|@
42	22	.	t_3123	103034486	a-p---mv-	v2pasm---		ἀθηναῖος	πυνθάνομαι		m|m|@
42	23	εἰ	t_3124	103034487	u--------	u--------		,	.		m|m|@
42	24	γὰρ	t_3125	103034488	l-p---nd-	p-p---nn-		ὁ	οὗτος		m|m|@
42	25	ἔχων	t_3126	103034489	v-pppend-	b--------		γίγνομαι	δέ		m|m|@
42	26	ἃ	t_3127	103034490	r--------	d--------		ὑπέρ	ἴσως		m|m|@
42	27	κατέστραπται	t_3128	103034491	l-s---fg-	d-------c		ὁ	πρότερος		m|m|@
42	28	καὶ	t_3129	103034492	n-s---fg-	g--------		πόλις	μέν		m|m|@
42	29	προείληφεν	t_3130	103034493	v-sppemn-	v3siia---		αἰσχύνω	ἔνειμι		m|m|@
42	30	ἡσυχίαν	t_3131	103034494	l-s---fa-	u--------		ὁ	·		m|m|@
42	31	ἔχειν	t_3132	103034495	n-s---fa-	d--------		φιλοπραγμοσύνη	νῦν		m|m|@
42	32	ἤθελε	t_3133	103034496	a-s---fa-	b--------		οὗτος	δέ		m|m|@
42	33	καὶ	t_3134	103034497	v--ana---	r--------		ἐμβάλλω	ἐπί		m|m|@
42	34	μηδὲν	t_3135	103034498	n-s---md-	p-s---fa-		φίλιππος	αὐτός		m|m|@
42	35	ἔπραττεν	t_3136	103034499	u--------	v3spia---		.	ἥκω		m|m|@
42	36	ἔτι	t_3137	103034500	c--------	l-s---fa-		εἰ	ὁ		m|m|@
42	37	,	t_3138	103034501	d--------	n-s---fa-		γάρ	ἀκμή		m|m|@
42	38	ἀποχρῆν	t_3139	103034502	v-sppamn-	u--------		ἔχω	,		m|m|@
42	39	ἐνίοις	t_3140	103034503	p-p---na-	c--------		ὅς	ὥστε		m|m|@
42	40	ὑμῶν	t_3141	103034504	v3srie---	d--------		καταστρέφω	οὐκέτι		m|m|@
42	41	ἄν	t_3142	103034505	c--------	v3spia---		καί	ἐγχωρέω		m|m|@
42	42	μοι	t_3143	103034506	v3sria---	u--------		προλαμβάνω	.		m|m|@
42	43	δοκεῖ	t_3144	103034507	n-s---fa-	v3spia---		ἡσυχία	δοκέω		m|m|@
42	44	,	t_3145	103034508	v--pna---	b--------		ἔχω	δέ		m|m|@
42	45	ἐξ	t_3146	103034509	v3siia---	p1s---cd-		ἐθέλω	ἐγώ		m|m|@
42	46	ὧν	t_3147	103034510	c--------	n-p---mg-		καί	θεός		m|m|@
42	47	αἰσχύνην	t_3148	103034511	p-s---na-	p-s---cn-		μηδείς	τις		m|m|@
42	48	καὶ	t_3149	103034512	v3siia---	u--------		πράσσω	,		m|m|@
42	49	ἀνανδρίαν	t_3150	103034513	d--------	i--------		ἔτι	ὦ		m|m|@
42	50	καὶ	t_3151	103034514	u--------	n-p---mv-		,	ἀνήρ		m|m|@
42	51	πάντα	t_3152	103034515	v--pna---	a-p---mv-		ἀποχράω	Ἀθηναῖος		m|m|@
42	52	τὰ	t_3153	103034516	a-p---md-	u--------		ἔνιοι	,		m|m|@
42	53	αἴσχιστʼ	t_3154	103034517	p-p---mg-	l-p---nd-		σύ	ὁ		m|m|@
42	54	ὠφληκότες	t_3155	103034518	d--------	v-pppmnd-		ἄν	γίγνομαι		m|m|@
42	55	ἂν	t_3156	103034519	p-s---md-	r--------		ἐγώ	ὑπέρ		m|m|@
42	56	ἦμεν	t_3157	103034520	v3spia---	l-s---fg-		δοκέω	ὁ		m|m|@
42	57	δημοσίᾳ	t_3158	103034521	u--------	n-s---fg-		,	πόλις		m|m|@
42	58	·	t_3159	103034522	r--------	v-sppmmn-		ἐκ	αἰσχύνω		m|m|@
42	59	νῦν	t_3160	103034523	p-p---ng-	l-s---fa-		ὅς	ὁ		m|m|@
42	60	δʼ	t_3161	103034524	n-s---fa-	n-s---fa-		αἰσχύνη	φιλοπραγμοσύνη		m|m|@
42	61	ἐπιχειρῶν	t_3162	103034525	d--------	p-s---fa-		καί	οὗτος		m|m|@
42	62	ἀεί	t_3163	103034526	n-s---fa-	v--ana---		ἀνανδρία	ἐμβάλλω		m|m|@
42	63	τινι	t_3164	103034527	c--------	n-s---md-		καί	Φίλιππος		m|m|@
42	64	καὶ	t_3165	103034528	a-p---na-	u--------		πᾶς	.		m|m|@
42	65	τοῦ	t_3166	103034529	l-p---na-	c--------		ὁ	εἰ		m|m|@
42	66	πλείονος	t_3167	103034530	a-p---nas	g--------		αἰσχρός	γάρ		m|m|@
42	67	ὀρεγόμενος	t_3168	103034531	v-prpamn-	v-sppamn-		ὀφλισκάνω	ἔχω		m|m|@
42	68	ἴσως	t_3169	103034532	d--------	p-p---na-		ἄν	ὅς		m|m|@
42	69	ἂν	t_3170	103034533	v1piia---	v3srim---		εἰμί	καταστρέφω		m|m|@
42	70	ἐκκαλέσαιθʼ	t_3171	103034534	d--------	b--------		δημοσίᾳ	καί		m|m|@
42	71	ὑμᾶς	t_3172	103034535	u--------	v3sria---		·	προλαμβάνω		m|m|@
42	72	,	t_3173	103034536	d--------	n-s---fa-		νῦν	ἡσυχία		m|m|@
42	73	εἴπερ	t_3174	103034537	d--------	v--pna---		δέ	ἔχω		m|m|@
42	74	μὴ	t_3175	103034538	v-sppamn-	v3siia---		ἐπιχειρέω	ἐθέλω		m|m|@
42	75	παντάπασιν	t_3176	103034539	d--------	b--------		ἀεί	καί		m|m|@
42	76	ἀπεγνώκατε	t_3177	103034540	p-s---nd-	p-s---na-		τις	μηδείς		m|m|@
42	77	.	t_3178	103034541	c--------	v3siia---		καί	πράσσω		m|m|@
43	1	θαυμάζω	t_3179	103034542	l-s---ng-	d--------		ὁ	ἔτι		m|m|@
43	2	δʼ	t_3180	103034543	a-s---ngc	u--------		πλείων	,		m|m|@
43	3	ἔγωγε	t_3181	103034544	v-sppemn-	v--pna---		ὀρέγω	ἀποχράω		m|m|@
43	4	,	t_3182	103034545	d--------	a-p---md-		ἴσως	ἔνιοι		m|m|@
43	5	εἰ	t_3183	103034546	d--------	p2p---cg-		ἄν	σύ		m|m|@
43	6	μηδεὶς	t_3184	103034547	v3saom---	g--------		ἐκκαλέω	ἄν		m|m|@
43	7	ὑμῶν	t_3185	103034548	p-p---ma-	p1s---cd-		σύ	ἐγώ		m|m|@
43	8	μήτʼ	t_3186	103034549	u--------	v3spia---		,	δοκέω		m|m|@
43	9	ἐνθυμεῖται	t_3187	103034550	c--------	u--------		εἴπερ	,		m|m|@
43	10	μήτʼ	t_3188	103034551	d--------	r--------		μή	ἐκ		m|m|@
43	11	ὀργίζεται	t_3189	103034552	d--------	p-p---ng-		παντάπασι	ὅς		m|m|@
43	12	,	t_3190	103034553	v2pria---	n-s---fa-		ἀπογιγνώσκω	αἰσχύνη		m|m|@
43	13	ὁρῶν	t_3191	103034554	u--------	b--------		.	καί		m|m|@
43	14	,	t_3192	103034555	v1spia---	n-s---fa-		θαυμάζω	ἀνανδρία		m|m|@
43	15	ὦ	t_3193	103034556	d--------	b--------		δέ	καί		m|m|@
43	16	ἄνδρες	t_3194	103034557	p-s---mn-	a-p---na-		ἐγώ	πᾶς		m|m|@
43	17	Ἀθηναῖοι	t_3195	103034558	u--------	l-p---na-		,	ὁ		m|m|@
43	18	,	t_3196	103034559	c--------	a-p---nas		εἰ	αἰσχρός		m|m|@
43	19	τὴν	t_3197	103034560	p-s---mn-	v-prpamn-		μηδείς	ὀφλισκάνω		m|m|@
43	20	μὲν	t_3198	103034561	p-p---mg-	g--------		σύ	ἄν		m|m|@
43	21	ἀρχὴν	t_3199	103034562	d--------	v1piia---		μή	εἰμί		m|m|@
43	22	τοῦ	t_3200	103034563	d--------	d--------		τε	δημοσίᾳ		m|m|@
43	23	πολέμου	t_3201	103034564	v3spie---	u--------		ἐνθυμέομαι	·		m|m|@
43	24	γεγενημένην	t_3202	103034565	d--------	d--------		μή	νῦν		m|m|@
43	25	περὶ	t_3203	103034566	c--------	b--------		τε	δέ		m|m|@
43	26	τοῦ	t_3204	103034567	v3spie---	v-sppamn-		ὀργίζω	ἐπιχειρέω		m|m|@
43	27	τιμωρήσασθαι	t_3205	103034568	u--------	d--------		,	ἀεί		m|m|@
43	28	Φίλιππον	t_3206	103034569	v-sppamn-	p-s---nd-		ὁράω	τις		m|m|@
43	29	,	t_3207	103034570	u--------	b--------		,	καί		m|m|@
43	30	τὴν	t_3208	103034571	i--------	l-s---ng-		ὦ	ὁ		m|m|@
43	31	δὲ	t_3209	103034572	n-p---mv-	a-s---ngc		ἀνήρ	πολύς		m|m|@
43	32	τελευτὴν	t_3210	103034573	a-p---mv-	v-sppmmn-		ἀθηναῖος	ὀρέγω		m|m|@
43	33	οὖσαν	t_3211	103034574	u--------	d--------		,	ἴσως		m|m|@
43	34	ἤδη	t_3212	103034575	l-s---fa-	g--------		ὁ	ἄν		m|m|@
43	35	ὑπὲρ	t_3213	103034576	d--------	v3saom---		μέν	ἐκκαλέω		m|m|@
43	36	τοῦ	t_3214	103034577	n-s---fa-	p2p---ca-		ἀρχή	σύ		m|m|@
43	37	μὴ	t_3215	103034578	l-s---mg-	u--------		ὁ	,		m|m|@
43	38	παθεῖν	t_3216	103034579	n-s---mg-	c--------		πόλεμος	εἴπερ		m|m|@
43	39	κακῶς	t_3217	103034580	v-srpefa-	d--------		γίγνομαι	μή		m|m|@
43	40	ὑπὸ	t_3218	103034581	r--------	d--------		περί	παντάπασι		m|m|@
43	41	Φιλίππου	t_3219	103034582	l-s---ng-	v2pria---		ὁ	ἀπογιγνώσκω		m|m|@
43	42	.	t_3220	103034583	v--anm---	u--------		τιμωρέω	.		m|m|@
43	43	ἀλλὰ	t_3221	103034584	n-s---ma-	v1spia---		φίλιππος	θαυμάζω		m|m|@
43	44	μὴν	t_3222	103034585	u--------	b--------		,	δέ		m|m|@
43	45	ὅτι	t_3223	103034586	l-s---fa-	p1s---cn-		ὁ	ἐγώ		m|m|@
43	46	γʼ	t_3224	103034587	c--------	u--------		δέ	,		m|m|@
43	47	οὐ	t_3225	103034588	n-s---fa-	c--------		τελευτή	εἰ		m|m|@
43	48	στήσεται	t_3226	103034589	v-sppafa-	p-s---mn-		εἰμί	μηδείς		m|m|@
43	49	,	t_3227	103034590	d--------	p2p---cg-		ἤδη	σύ		m|m|@
43	50	δῆλον	t_3228	103034591	r--------	d--------		ὑπέρ	μή		m|m|@
43	51	,	t_3229	103034592	l-s---ng-	b--------		ὁ	τε		m|m|@
43	52	εἰ	t_3230	103034593	d--------	v3spim---		μή	ἐνθυμέομαι		m|m|@
43	53	μή	t_3231	103034594	v--ana---	d--------		πάσχω	μή		m|m|@
43	54	τις	t_3232	103034595	d--------	b--------		κακός	τε		m|m|@
43	55	κωλύσει	t_3233	103034596	r--------	v3spim---		ὑπό	ὀργίζω		m|m|@
43	56	.	t_3234	103034597	n-s---mg-	u--------		φίλιππος	,		m|m|@
43	57	εἶτα	t_3235	103034598	u--------	v-sppamn-		.	ὁράω		m|m|@
43	58	τοῦτʼ	t_3236	103034599	d--------	u--------		ἀλλά	,		m|m|@
43	59	ἀναμενοῦμεν	t_3237	103034600	d--------	i--------		μήν	ὦ		m|m|@
43	60	;	t_3238	103034601	c--------	n-p---mv-		ὅτι	ἀνήρ		m|m|@
43	61	καὶ	t_3239	103034602	d--------	a-p---mv-		γε	Ἀθηναῖος		m|m|@
43	62	τριήρεις	t_3240	103034603	d--------	u--------		οὐ	,		m|m|@
43	63	κενὰς	t_3241	103034604	v3sfim---	l-s---fa-		ἵστημι	ὁ		m|m|@
43	64	καὶ	t_3242	103034605	u--------	g--------		,	μέν		m|m|@
43	65	τὰς	t_3243	103034606	a-s---nn-	n-s---fa-		δῆλος	ἀρχή		m|m|@
43	66	παρὰ	t_3244	103034607	u--------	l-s---mg-		,	ὁ		m|m|@
43	67	τοῦ	t_3245	103034608	c--------	n-s---mg-		εἰ	πόλεμος		m|m|@
43	68	δεῖνος	t_3246	103034609	d--------	v-srpmfa-		μή	γίγνομαι		m|m|@
43	69	ἐλπίδας	t_3247	103034610	p-s---mn-	r--------		τις	περί		m|m|@
43	70	ἂν	t_3248	103034611	v3sfia---	l-s---ng-		κωλύω	ὁ		m|m|@
43	71	ἀποστείλητε	t_3249	103034612	u--------	v--anm---		.	τιμωρέω		m|m|@
43	72	,	t_3250	103034613	d--------	n-s---ma-		εἶτα	Φίλιππος		m|m|@
43	73	πάντʼ	t_3251	103034614	p-s---na-	u--------		οὗτος	,		m|m|@
43	74	ἔχειν	t_3252	103034615	v1pfia---	l-s---fa-		ἀναμένω	ὁ		m|m|@
43	75	οἴεσθε	t_3253	103034616	u--------	b--------		;	δέ		m|m|@
43	76	καλῶς	t_3254	103034617	d--------	n-s---fa-		καί	τελευτή		m|m|@
43	77	;	t_3255	103034618	n-p---fa-	v-sppafa-		τριήρης	εἰμί		m|m|@
44	1	οὐκ	t_3256	103034619	a-p---fa-	d--------		κενός	ἤδη		m|m|@
44	2	ἐμβησόμεθα	t_3257	103034620	c--------	r--------		καί	ὑπέρ		m|m|@
44	3	;	t_3258	103034621	l-p---fa-	l-s---ng-		ὁ	ὁ		m|m|
44	4	οὐκ	t_3259	103034622	r--------	d--------		παρά	μή		m|m|@
44	5	ἔξιμεν	t_3260	103034623	l-s---mg-	v--ana---		ὁ	πάσχω		m|m|@
44	6	αὐτοὶ	t_3261	103034624	p-s---mg-	d--------		δεῖνα	κακός		m|m|@
44	7	μέρει	t_3262	103034625	n-p---fa-	r--------		ἐλπίς	ὑπό		m|m|@
44	8	γέ	t_3263	103034626	c--------	n-s---mg-		ἄν	Φίλιππος		m|m|@
44	9	τινι	t_3264	103034627	v2pasa---	u--------		ἀποστέλλω	.		m|m|@
44	10	στρατιωτῶν	t_3265	103034628	u--------	b--------		,	ἀλλά		m|m|@
44	11	οἰκείων	t_3266	103034629	a-p---na-	d--------		πᾶς	μήν		m|m|@
44	12	νῦν	t_3267	103034630	v--pna---	c--------		ἔχω	ὅτι		m|m|@
44	13	,	t_3268	103034631	v2ppie---	d--------		οἴομαι	γε		m|m|@
44	14	εἰ	t_3269	103034632	d--------	d--------		καλός	οὐ		m|m|@
44	15	καὶ	t_3270	103034633	u--------	v3sfim---		;	ἵστημι		m|m|@
44	16	μὴ	t_3271	103034634	d--------	u--------		οὐ	,		m|m|@
44	17	πρότερον	t_3272	103034635	v1pfim---	a-s---nn-		ἐμβαίνω	δῆλος		m|m|@
44	18	;	t_3273	103034636	u--------	u--------		;	,		m|m|@
44	19	οὐκ	t_3274	103034637	d--------	c--------		οὐ	εἰ		m|m|@
44	20	ἐπὶ	t_3275	103034638	v1ppia---	d--------		ἔξειμι2	μή		m|m|@
44	21	τὴν	t_3276	103034639	p-p---mn-	p-s---cn-		αὐτός	τις		m|m|@
44	22	ἐκείνου	t_3277	103034640	n-s---nd-	v3sfia---		μέρος	κωλύω		m|m|@
44	23	πλευσόμεθα	t_3278	103034641	d--------	u--------		γε	.		m|m|@
44	24	;	t_3279	103034642	a-s---nd-	d--------		τις	εἶτα		m|m|@
44	25	ποῖ	t_3280	103034643	n-p---mg-	p-s---na-		στρατιώτης	οὗτος		m|m|@
44	26	οὖν	t_3281	103034644	a-p---mg-	v1pfia---		οἰκεῖος	ἀναμένω		m|m|@
44	27	προσορμιούμεθʼ	t_3282	103034645	d--------	u--------		νῦν	;		m|m|@
44	28	;	t_3283	103034646	u--------	b--------		,	καί		m|m|@
44	29	ἤρετό	t_3284	103034647	c--------	n-p---fa-		εἰ	τριήρης		m|m|@
44	30	τις	t_3285	103034648	d--------	a-p---fa-		καί	κενός		m|m|@
44	31	.	t_3286	103034649	d--------	b--------		μή	καί		m|m|@
44	32	εὑρήσει	t_3287	103034650	a-s---na-	l-p---fa-		πρότερος	ὁ		m|m|@
44	33	τὰ	t_3288	103034651	u--------	r--------		;	παρά		m|m|@
44	34	σαθρά	t_3289	103034652	d--------	l-s---mg-		οὐ	ὁ		m|m|@
44	35	,	t_3290	103034653	r--------	n-s---mg-		ἐπί	δεῖνα		m|m|@
44	36	ὦ	t_3291	103034654	l-s---fa-	n-p---fa-		ὁ	ἐλπίς		m|m|@
44	37	ἄνδρες	t_3292	103034655	p-s---mg-	c--------		ἐκεῖνος	ἐάν		m|m|@
44	38	Ἀθηναῖοι	t_3293	103034656	v1pfim---	v2pasa---		πλέω	ἀποστέλλω		m|m|@
44	39	,	t_3294	103034657	u--------	u--------		;	,		m|m|@
44	40	τῶν	t_3295	103034658	d--------	a-p---na-		ποῖ	πᾶς		m|m|@
44	41	ἐκείνου	t_3296	103034659	g--------	v--pna---		οὖν	ἔχω		m|m|@
44	42	πραγμάτων	t_3297	103034660	v1pfim---	v2ppim---		προσορμίζομαι	οἴομαι		m|m|@
44	43	αὐτὸς	t_3298	103034661	u--------	d--------		;	καλός		m|m|@
44	44	ὁ	t_3299	103034662	v3saim---	u--------		ἔρομαι	;		m|m|@
44	45	πόλεμος	t_3300	103034663	p-s---mn-	d--------		τις	οὐ		m|m|@
44	46	,	t_3301	103034664	u--------	v1pfim---		.	ἐμβαίνω		m|m|@
44	47	ἂν	t_3302	103034665	v3sfia---	u--------		εὑρίσκω	;		m|m|@
44	48	ἐπιχειρῶμεν	t_3303	103034666	l-p---na-	d--------		ὁ	οὐ		m|m|@
44	49	·	t_3304	103034667	a-p---na-	v1ppia---		σαθρός	ἐξέρχομαι		m|m|@
44	50	ἂν	t_3305	103034668	u--------	p-p---mn-		,	αὐτός		m|m|@
44	51	μέντοι	t_3306	103034669	i--------	n-s---nd-		ὦ	μέρος		m|m|@
44	52	καθώμεθʼ	t_3307	103034670	n-p---mv-	d--------		ἀνήρ	γε		m|m|@
44	53	οἴκοι	t_3308	103034671	a-p---mv-	p-s---nd-		ἀθηναῖος	τις		m|m|@
44	54	,	t_3309	103034672	u--------	n-p---mg-		,	στρατιώτης		m|m|@
44	55	λοιδορουμένων	t_3310	103034673	l-p---ng-	a-p---mg-		ὁ	οἰκεῖος		m|m|@
44	56	ἀκούοντες	t_3311	103034674	p-s---mg-	d--------		ἐκεῖνος	νῦν		m|m|@
44	57	καὶ	t_3312	103034675	n-p---ng-	u--------		πρᾶγμα	,		m|m|@
44	58	αἰτιωμένων	t_3313	103034676	a-s---mn-	c--------		αὐτός	εἰ		m|m|@
44	59	ἀλλήλους	t_3314	103034677	l-s---mn-	d--------		ὁ	καί		m|m|@
44	60	τῶν	t_3315	103034678	n-s---mn-	d--------		πόλεμος	μή		m|m|@
44	61	λεγόντων	t_3316	103034679	u--------	d-------c		,	πρότερος		m|m|@
44	62	,	t_3317	103034680	c--------	u--------		ἄν	;		m|m|@
44	63	οὐδέποτʼ	t_3318	103034681	v1ppsa---	d--------		ἐπιχειρέω	οὐ		m|m|@
44	64	οὐδὲν	t_3319	103034682	u--------	r--------		·	ἐπί		m|m|@
44	65	ἡμῖν	t_3320	103034683	c--------	l-s---fa-		ἄν	ὁ		m|m|@
44	66	μὴ	t_3321	103034684	d--------	p-s---mg-		μέντοι	ἐκεῖνος		m|m|@
44	67	γένηται	t_3322	103034685	v1ppsm---	v1pfim---		κάθημαι	πλέω		m|m|@
44	68	τῶν	t_3323	103034686	d--------	u--------		οἴκοι	;		m|m|@
44	69	δεόντων	t_3324	103034687	u--------	d--------		,	ποῖ		m|m|@
44	70	.	t_3325	103034688	v-pppemg-	g--------		λοιδορέω	οὖν		m|m|@
45	1	ὅποι	t_3326	103034689	v-pppamn-	v1pfim---		ἀκούω	προσορμίζομαι		m|m|@
45	2	μὲν	t_3327	103034690	c--------	u--------		καί	;		m|m|@
45	3	γὰρ	t_3328	103034691	v-pppemg-	v3saim---		αἰτιάομαι	ἔρομαι		m|m|@
45	4	ἄν	t_3329	103034692	p-p---ma-	p-s---cn-		ἀλλήλων	τις		m|m|@
45	5	,	t_3330	103034693	l-p---mg-	u--------		ὁ	.		m|m|@
45	6	οἶμαι	t_3331	103034694	v-pppamg-	v3sfia---		λέγω3	εὑρίσκω		m|m|@
45	7	,	t_3332	103034695	u--------	l-p---na-		,	ὁ		m|m|@
45	8	μέρος	t_3333	103034696	d--------	a-p---na-		οὐδέποτε	σαθρός		m|m|@
45	9	τι	t_3334	103034697	p-s---nn-	u--------		οὐδείς	,		m|m|@
45	10	τῆς	t_3335	103034698	p-p---md-	i--------		ἐγώ	ὦ		m|m|@
45	11	πόλεως	t_3336	103034699	d--------	n-p---mv-		μή	ἀνήρ		m|m|@
45	12	συναποσταλῇ	t_3337	103034700	v3sasm---	a-p---mv-		γίγνομαι	Ἀθηναῖος		m|m|@
45	13	,	t_3338	103034701	l-p---ng-	u--------		ὁ	,		m|m|@
45	14	κ	t_3339	103034702	v-pppang-	l-p---ng-		δέω	ὁ		m|m|@
45	15	ἂν	t_3340	103034703	u--------	p-s---mg-		.	ἐκεῖνος		m|m|@
45	16	μὴ	t_3341	103034704	d--------	n-p---ng-		ὅποι	πρᾶγμα		m|m|@
45	17	πᾶσα	t_3342	103034705	d--------	p-s---mn-		μέν	αὐτός		m|m|@
45	18	,	t_3343	103034706	d--------	l-s---mn-		γάρ	ὁ		m|m|@
45	19	καὶ	t_3344	103034707	d--------	n-s---mn-		ἄν	πόλεμος		m|m|@
45	20	τὸ	t_3345	103034708	u--------	u--------		,	,		m|m|
45	21	τῶν	t_3346	103034709	v1spie---	c--------		οἴομαι	ἐάν		m|m|@
45	22	θεῶν	t_3347	103034710	u--------	v1ppsa---		,	ἐπιχειρέω		m|m|@
45	23	εὐμενὲς	t_3348	103034711	n-s---nn-	u--------		μέρος	·		m|m|@
45	24	καὶ	t_3349	103034712	a-s---nn-	c--------		τις	ἐάν		m|m|@
45	25	τὸ	t_3350	103034713	l-s---fg-	g--------		ὁ	μέντοι		m|m|@
45	26	τῆς	t_3351	103034714	n-s---fg-	v1ppsm---		πόλις	κάθημαι		m|m|@
45	27	τύχης	t_3352	103034715	v3sasp---	d--------		συναποστέλλω	οἴκοι		m|m|@
45	28	συναγωνίζεται	t_3353	103034716	u--------	u--------		,	,		m|m|
45	29	·	t_3354	103034717	d--------	v-pppmmg-		καί	λοιδορέω		m|m|@
45	30	ὅποι	t_3355	103034718	c--------	v-pppamn-		ἄν	ἀκούω		m|m|@
45	31	δʼ	t_3356	103034719	d--------	b--------		μή	καί		m|m|@
45	32	ἂν	t_3357	103034720	a-s---fn-	v-pppmmg-		πᾶς	αἰτιάομαι		m|m|@
45	33	στρατηγὸν	t_3358	103034721	u--------	p-p---ma-		,	ἀλλήλων		m|m|@
45	34	καὶ	t_3359	103034722	d--------	l-p---mg-		καί	ὁ		m|m|@
45	35	ψήφισμα	t_3360	103034723	l-s---na-	v-pppamg-		ὁ	λέγω		m|m|@
45	36	κενὸν	t_3361	103034724	l-p---mg-	u--------		ὁ	,		m|m|@
45	37	καὶ	t_3362	103034725	n-p---mg-	d--------		θεός	οὐδέποτε		m|m|@
45	38	τὰς	t_3363	103034726	a-s---na-	p-s---nn-		εὐμενής	οὐδείς		m|m|@
45	39	ἀπὸ	t_3364	103034727	c--------	p1p---cd-		καί	ἐγώ		m|m|@
45	40	τοῦ	t_3365	103034728	l-s---nn-	d--------		ὁ	μή		m|m|@
45	41	βήματος	t_3366	103034729	l-s---fg-	v3sasm---		ὁ	γίγνομαι		m|m|@
45	42	ἐλπίδας	t_3367	103034730	n-s---fg-	l-p---ng-		τύχη	ὁ		m|m|@
45	43	ἐκπέμψητε	t_3368	103034731	v3spie---	v-pppang-		συναγωνίζομαι	δέω		m|m|@
45	44	,	t_3369	103034732	u--------	u--------		·	.		m|m|@
45	45	οὐδὲν	t_3370	103034733	d--------	d--------		ὅποι	ὅποι		m|m|
45	46	ὑμῖν	t_3371	103034734	d--------	g--------		δέ	μέν		m|m|@
45	47	τῶν	t_3372	103034735	d--------	g--------		ἄν	γάρ		m|m|@
45	48	δεόντων	t_3373	103034736	n-s---ma-	g--------		στρατηγός	ἄν		m|m|@
45	49	γίγνεται	t_3374	103034737	d--------	u--------		καί	,		m|m|@
45	50	,	t_3375	103034738	n-s---na-	v1spim---		ψήφισμα	οἴομαι		m|m|@
45	51	ἀλλʼ	t_3376	103034739	a-s---na-	u--------		κενός	,		m|m|@
45	52	οἱ	t_3377	103034740	c--------	n-s---nn-		καί	μέρος		m|m|@
45	53	μὲν	t_3378	103034741	l-p---fa-	p-s---nn-		ὁ	τις		m|m|@
45	54	ἐχθροὶ	t_3379	103034742	r--------	l-s---fg-		ἀπό	ὁ		m|m|@
45	55	καταγελῶσιν	t_3380	103034743	l-s---ng-	n-s---fg-		ὁ	πόλις		m|m|@
45	56	,	t_3381	103034744	n-s---ng-	v3sasp---		βῆμα	συναποστέλλω		m|m|@
45	57	οἱ	t_3382	103034745	n-p---fa-	u--------		ἐλπίς	,		m|m|@
45	58	δὲ	t_3383	103034746	v2pasa---	d--------		ἐκπέμπω	καί		m|m|@
45	59	σύμμαχοι	t_3384	103034747	u--------	c--------		,	ἐάν		m|m|@
45	60	τεθνᾶσι	t_3385	103034748	p-s---nn-	d--------		οὐδείς	μή		m|m|@
45	61	τῷ	t_3386	103034749	p-p---md-	a-s---fn-		σύ	πᾶς		m|m|@
45	62	δέει	t_3387	103034750	l-p---ng-	u--------		ὁ	,		m|m|@
45	63	τοὺς	t_3388	103034751	v-pppang-	b--------		δέω	καί		m|m|@
45	64	τοιούτους	t_3389	103034752	v3spie---	l-s---na-		γίγνομαι	ὁ		m|m|@
45	65	ἀποστόλους	t_3390	103034753	u--------	l-p---mg-		,	ὁ		m|m|@
45	66	.	t_3391	103034754	c--------	n-p---mg-		ἀλλά	θεός		m|m|@
46	1	οὐ	t_3392	103034755	l-p---mn-	a-s---nn-		ὁ	εὐμενής		m|m|@
46	2	γὰρ	t_3393	103034756	d--------	b--------		μέν	καί		m|m|@
46	3	ἔστιν	t_3394	103034757	a-p---mn-	l-s---nn-		ἐχθρός	ὁ		m|m|@
46	4	,	t_3395	103034758	v3ppia---	l-s---fg-		καταγελάω	ὁ		m|m|@
46	5	οὐκ	t_3396	103034759	u--------	n-s---fg-		,	τύχη		m|m|@
46	6	ἔστιν	t_3397	103034760	l-p---mn-	v3spim---		ὁ	συναγωνίζομαι		m|m|@
46	7	ἕνʼ	t_3398	103034761	c--------	u--------		δέ	·		m|m|@
46	8	ἄνδρα	t_3399	103034762	n-p---mn-	d--------		σύμμαχος	ὅποι		m|m|@
46	9	δυνηθῆναί	t_3400	103034763	v3pria---	b--------		θνήσκω	δέ		m|m|@
46	10	ποτε	t_3401	103034764	l-s---nd-	g--------		ὁ	ἄν		m|m|@
46	11	ταῦθʼ	t_3402	103034765	n-s---nd-	n-s---ma-		δέος	στρατηγός		m|m|@
46	12	ὑμῖν	t_3403	103034766	l-p---ma-	b--------		ὁ	καί		m|m|@
46	13	πρᾶξαι	t_3404	103034767	a-p---ma-	n-s---na-		τοιοῦτος	ψήφισμα		m|m|@
46	14	πάνθʼ	t_3405	103034768	n-p---ma-	a-s---na-		ἀπόστολος	κενός		m|m|@
46	15	ὅσα	t_3406	103034769	u--------	b--------		.	καί		m|m|@
46	16	βούλεσθε	t_3407	103034770	d--------	l-p---fa-		οὐ	ὁ		m|m|@
46	17	·	t_3408	103034771	d--------	r--------		γάρ	ἀπό		m|m|@
46	18	ὑποσχέσθαι	t_3409	103034772	v3spia---	l-s---ng-		εἰμί	ὁ		m|m|@
46	19	μέντοι	t_3410	103034773	u--------	n-s---ng-		,	βῆμα		m|m|@
46	20	καὶ	t_3411	103034774	d--------	n-p---fa-		οὐ	ἐλπίς		m|m|@
46	21	φῆσαι	t_3412	103034775	v3spia---	v2pasa---		εἰμί	ἐκπέμπω		m|m|@
46	22	καὶ	t_3413	103034776	a-s---ma-	u--------		εἷς	,		m|m|@
46	23	τὸν	t_3414	103034777	n-s---ma-	p-s---nn-		ἀνήρ	οὐδείς		m|m|@
46	24	δεῖνʼ	t_3415	103034778	v--anp---	p2p---cd-		δύναμαι	σύ		m|m|@
46	25	αἰτιάσασθαι	t_3416	103034779	d--------	l-p---ng-		ποτέ	ὁ		m|m|@
46	26	καὶ	t_3417	103034780	p-p---na-	v-pppang-		οὗτος	δέω		m|m|@
46	27	τὸν	t_3418	103034781	p-p---md-	v3spim---		σύ	γίγνομαι		m|m|@
46	28	δεῖνʼ	t_3419	103034782	v--ana---	u--------		πράσσω	,		m|m|@
46	29	ἔστι	t_3420	103034783	a-p---na-	b--------		πᾶς	ἀλλά		m|m|@
46	30	,	t_3421	103034784	a-p---na-	l-p---mn-		ὅσος	ὁ		m|m|@
46	31	τὰ	t_3422	103034785	v2ppie---	g--------		βούλομαι	μέν		m|m|@
46	32	δὲ	t_3423	103034786	u--------	a-p---mn-		·	ἐχθρός		m|m|@
46	33	πράγματʼ	t_3424	103034787	v--anm---	v3ppia---		ὑπισχνέομαι	καταγελάω		m|m|@
46	34	ἐκ	t_3425	103034788	d--------	u--------		μέντοι	,		m|m|@
46	35	τούτων	t_3426	103034789	d--------	l-p---mn-		καί	ὁ		m|m|@
46	36	ἀπόλωλεν	t_3427	103034790	v--ana---	b--------		φημί	δέ		m|m|@
46	37	·	t_3428	103034791	c--------	a-p---mn-		καί	σύμμαχος		m|m|@
46	38	ὅταν	t_3429	103034792	l-s---ma-	v3pria---		ὁ	θνῄσκω		m|m|@
46	39	γὰρ	t_3430	103034793	p--------	l-s---nd-		δεῖνα	ὁ		m|m|@
46	40	ἡγῆται	t_3431	103034794	v--anm---	n-s---nd-		αἰτιάομαι	δέος		m|m|@
46	41	μὲν	t_3432	103034795	c--------	l-p---ma-		καί	ὁ		m|m|@
46	42	ὁ	t_3433	103034796	l-s---ma-	p-p---ma-		ὁ	τοιοῦτος		m|m|@
46	43	στρατηγὸς	t_3434	103034797	p--------	n-p---ma-		δεῖνα	ἀπόστολος		m|m|@
46	44	ἀθλίων	t_3435	103034798	v3spia---	u--------		εἰμί	.		m|m|@
46	45	ἀπομίσθων	t_3436	103034799	u--------	d--------		,	οὐ		m|m|@
46	46	ξένων	t_3437	103034800	l-p---na-	g--------		ὁ	γάρ		m|m|@
46	47	,	t_3438	103034801	c--------	v3spia---		δέ	εἰμί		m|m|@
46	48	οἱ	t_3439	103034802	n-p---na-	u--------		πρᾶγμα	,		m|m|@
46	49	δʼ	t_3440	103034803	r--------	d--------		ἐκ	οὐ		m|m|@
46	50	ὑπὲρ	t_3441	103034804	p-p---ng-	v3spia---		οὗτος	εἰμί		m|m|@
46	51	ὧν	t_3442	103034805	v3sria---	m-s---ma-		ἀπόλλυμι	εἷς		m|m|@
46	52	ἂν	t_3443	103034806	u--------	n-s---ma-		·	ἀνήρ		m|m|@
46	53	ἐκεῖνος	t_3444	103034807	c--------	v--anp---		ὅταν	δύναμαι		m|m|@
46	54	πράξῃ	t_3445	103034808	d--------	d--------		γάρ	ποτέ		m|m|@
46	55	πρὸς	t_3446	103034809	v3spim---	p-p---na-		ἡγέομαι	οὗτος		m|m|@
46	56	ὑμᾶς	t_3447	103034810	d--------	p2p---cd-		μέν	σύ		m|m|@
46	57	ψευδόμενοι	t_3448	103034811	l-s---mn-	v--ana---		ὁ	πράσσω		m|m|@
46	58	ῥᾳδίως	t_3449	103034812	n-s---mn-	a-p---na-		στρατηγός	πᾶς		m|m|@
46	59	ἐνθάδʼ	t_3450	103034813	a-p---mg-	p-p---na-		ἄθλιος	ὅσος		m|m|@
46	60	ὦσιν	t_3451	103034814	a-p---mg-	v2ppim---		ἀπόμισθος	βούλομαι		m|m|@
46	61	,	t_3452	103034815	n-p---mg-	u--------		ξένος	·		m|m|@
46	62	ὑμεῖς	t_3453	103034816	u--------	v--anm---		,	ὑπισχνέομαι		m|m|@
46	63	δʼ	t_3454	103034817	l-p---mn-	g--------		ὁ	μέντοι		m|m|@
46	64	ἐξ	t_3455	103034818	d--------	b--------		δέ	καί		m|m|@
46	65	ὧν	t_3456	103034819	r--------	v--ana---		ὑπέρ	φημί		m|m|@
46	66	ἂν	t_3457	103034820	p-p---ng-	b--------		ὅς	καί		m|m|@
46	67	ἀκούσηθʼ	t_3458	103034821	d--------	l-s---ma-		ἄν	ὁ		m|m|@
46	68	ὅ	t_3459	103034822	p-s---mn-	p-s---ma-		ἐκεῖνος	δεῖνα		m|m|@
46	69	τι	t_3460	103034823	v3sasa---	v--anm---		πράσσω	αἰτιάομαι		m|m|@
46	70	ἂν	t_3461	103034824	r--------	b--------		πρός	καί		m|m|@
46	71	τύχητε	t_3462	103034825	p-p---ma-	l-s---ma-		σύ	ὁ		m|m|@
46	72	ψηφίζησθε	t_3463	103034826	v-pppemn-	p-s---ma-		ψεύδω	δεῖνα		m|m|@
46	73	,	t_3464	103034827	d--------	v3spia---		ῥᾴδιος	εἰμί		m|m|@
46	74	τί	t_3465	103034828	d--------	u--------		ἐνθάδε	,		m|m|@
46	75	καὶ	t_3466	103034829	v3ppsa---	l-p---na-		εἰμί	ὁ		m|m|@
46	76	χρὴ	t_3467	103034830	u--------	b--------		,	δέ		m|m|@
46	77	προσδοκᾶν	t_3468	103034831	p-p---mn-	n-p---na-		σύ	πρᾶγμα		m|m|@
46	78	;	t_3469	103034832	c--------	r--------		δέ	ἐκ		m|m|@
47	1	πῶς	t_3470	103034833	r--------	p-p---ng-		ἐκ	οὗτος		m|m|@
47	2	οὖν	t_3471	103034834	p-p---ng-	v3sria---		ὅς	ἀπόλλυμι		m|m|@
47	3	ταῦτα	t_3472	103034835	d--------	u--------		ἄν	·		m|m|@
47	4	παύσεται	t_3473	103034836	v2pasa---	c--------		ἀκούω	ὅταν		m|m|@
47	5	;	t_3474	103034837	p-s---na-	g--------		ὅς	γάρ		m|m|@
47	6	ὅταν	t_3475	103034838	a-s---na-	v3spim---		τις	ἡγέομαι		m|m|@
47	7	ὑμεῖς	t_3476	103034839	d--------	g--------		ἄν	μέν		m|m|@
47	8	,	t_3477	103034840	v2pasa---	l-s---mn-		τυγχάνω	ὁ		m|m|@
47	9	ὦ	t_3478	103034841	v2ppse---	n-s---mn-		ψηφίζω	στρατηγός		m|m|@
47	10	ἄνδρες	t_3479	103034842	u--------	a-p---mg-		,	ἄθλιος		m|m|@
47	11	Ἀθηναῖοι	t_3480	103034843	p-s---na-	a-p---mg-		τίς	ἀπόμισθος		m|m|@
47	12	,	t_3481	103034844	d--------	a-p---mg-		καί	ξένος		m|m|@
47	13	τοὺς	t_3482	103034845	v3spia---	u--------		χρή	,		m|m|@
47	14	αὐτοὺς	t_3483	103034846	v--pna---	l-p---mn-		προσδοκάω	ὁ		m|m|@
47	15	ἀποδείξητε	t_3484	103034847	u--------	b--------		;	δέ		m|m|@
47	16	στρατιώτας	t_3485	103034848	d--------	r--------		πῶς	ὑπέρ		m|m|@
47	17	καὶ	t_3486	103034849	d--------	p-p---ng-		οὖν	ὅς		m|m|@
47	18	μάρτυρας	t_3487	103034850	p-p---na-	g--------		οὗτος	ἄν		m|m|@
47	19	τῶν	t_3488	103034851	v3sfim---	p-s---mn-		παύω	ἐκεῖνος		m|m|@
47	20	στρατηγουμένων	t_3489	103034852	u--------	v3sasa---		;	πράσσω		m|m|@
47	21	καὶ	t_3490	103034853	c--------	r--------		ὅταν	πρός		m|m|@
47	22	δικαστὰς	t_3491	103034854	p-p---mn-	p2p---ca-		σύ	σύ		m|m|
47	23	οἴκαδʼ	t_3492	103034855	u--------	v-pppmmn-		,	ψεύδω		m|m|@
47	24	ἐλθόντας	t_3493	103034856	i--------	d--------		ὦ	ῥᾴδιος		m|m|@
47	25	τῶν	t_3494	103034857	n-p---mv-	d--------		ἀνήρ	ἐνθάδε		m|m|@
47	26	εὐθυνῶν	t_3495	103034858	a-p---mv-	v3ppsa---		ἀθηναῖος	εἰμί		m|m|@
47	27	,	t_3496	103034859	u--------	u--------		,	,		m|m|
47	28	ὥστε	t_3497	103034860	l-p---ma-	p2p---cn-		ὁ	σύ		m|m|@
47	29	μὴ	t_3498	103034861	a-p---ma-	b--------		αὐτός	δέ		m|m|@
47	30	ἀκούειν	t_3499	103034862	v2pasa---	r--------		ἀποδείκνυμι	ἐκ		m|m|@
47	31	μόνον	t_3500	103034863	n-p---ma-	p-p---ng-		στρατιώτης	ὅς		m|m|@
47	32	ὑμᾶς	t_3501	103034864	d--------	g--------		καί	ἄν		m|m|@
47	33	τὰ	t_3502	103034865	n-p---ma-	v2pasa---		μάρτυς	ἀκούω		m|m|@
47	34	ὑμέτερʼ	t_3503	103034866	l-p---ng-	p-s---na-		ὁ	ὅς		m|m|@
47	35	αὐτῶν	t_3504	103034867	v-pppeng-	p-s---na-		στρατηγέω	τις		m|m|@
47	36	,	t_3505	103034868	c--------	g--------		καί	ἄν		m|m|@
47	37	ἀλλὰ	t_3506	103034869	n-p---ma-	v2pasa---		δικαστής	τυγχάνω		m|m|@
47	38	καὶ	t_3507	103034870	d--------	v2ppsm---		οἴκαδε	ψηφίζω		m|m|@
47	39	παρόντας	t_3508	103034871	v-papama-	u--------		ἔρχομαι	,		m|m|@
47	40	ὁρᾶν	t_3509	103034872	l-p---fg-	p-s---na-		ὁ	τίς		m|m|@
47	41	.	t_3510	103034873	n-p---fg-	d--------		εὔθυνα	καί		m|m|@
47	42	νῦν	t_3511	103034874	u--------	v3spia---		,	χρή		m|m|@
47	43	δʼ	t_3512	103034875	c--------	v--pna---		ὥστε	προσδοκάω		m|m|@
47	44	εἰς	t_3513	103034876	d--------	u--------		μή	;		m|m|@
47	45	τοῦθʼ	t_3514	103034877	v--pna---	d--------		ἀκούω	πῶς		m|m|@
47	46	ἥκει	t_3515	103034878	a-s---na-	g--------		μόνος	οὖν		m|m|@
47	47	τὰ	t_3516	103034879	p-p---ma-	p-p---na-		σύ	οὗτος		m|m|@
47	48	πράγματʼ	t_3517	103034880	l-p---na-	v3sfim---		ὁ	παύω		m|m|@
47	49	αἰσχύνης	t_3518	103034881	a-p---na-	u--------		ὑμέτερος	;		m|m|@
47	50	ὥστε	t_3519	103034882	p-p---ng-	c--------		αὐτός	ὅταν		m|m|@
47	51	τῶν	t_3520	103034883	u--------	p2p---cn-		,	σύ		m|m|@
47	52	στρατηγῶν	t_3521	103034884	c--------	u--------		ἀλλά	,		m|m|@
47	53	ἕκαστος	t_3522	103034885	d--------	i--------		καί	ὦ		m|m|@
47	54	δὶς	t_3523	103034886	v-pppama-	n-p---mv-		πάρειμι1	ἀνήρ		m|m|@
47	55	καὶ	t_3524	103034887	v--pna---	a-p---mv-		ὁράω	Ἀθηναῖος		m|m|@
47	56	τρὶς	t_3525	103034888	u--------	u--------		.	,		m|m|@
47	57	κρίνεται	t_3526	103034889	d--------	l-p---ma-		νῦν	ὁ		m|m|@
47	58	παρʼ	t_3527	103034890	d--------	p-p---ma-		δέ	αὐτός		m|m|@
47	59	ὑμῖν	t_3528	103034891	r--------	v2pasa---		εἰς	ἀποδείκνυμι		m|m|@
47	60	περὶ	t_3529	103034892	p-s---na-	n-p---ma-		οὗτος	στρατιώτης		m|m|@
47	61	θανάτου	t_3530	103034893	v3spia---	b--------		ἥκω	καί		m|m|@
47	62	,	t_3531	103034894	l-p---nn-	n-p---ma-		ὁ	μάρτυς		m|m|@
47	63	πρὸς	t_3532	103034895	n-p---nn-	l-p---ng-		πρᾶγμα	ὁ		m|m|@
47	64	δὲ	t_3533	103034896	n-s---fg-	v-pppmng-		αἰσχύνη	στρατηγέω		m|m|@
47	65	τοὺς	t_3534	103034897	c--------	b--------		ὥστε	καί		m|m|@
47	66	ἐχθροὺς	t_3535	103034898	l-p---mg-	n-p---ma-		ὁ	δικαστής		m|m|@
47	67	οὐδεὶς	t_3536	103034899	n-p---mg-	d--------		στρατηγός	οἴκαδε		m|m|@
47	68	οὐ	t_3537	103034900	a-s---mn-	v-papama-		ἕκαστος	ἔρχομαι		m|m|@
47	69	δ’	t_3538	103034901	d--------	l-p---fg-		δίς	ὁ		m|m|@
47	70	ἅπαξ	t_3539	103034902	c--------	n-p---fg-		καί	εὔθυνα		m|m|@
47	71	αὐτῶν	t_3540	103034903	d--------	u--------		τρίς	,		m|m|@
47	72	ἀγωνίσασθαι	t_3541	103034904	v3spie---	c--------		κρίνω	ὥστε		m|m|@
47	73	περὶ	t_3542	103034905	r--------	d--------		παρά	μή		m|m|@
47	74	θανάτου	t_3543	103034906	p-p---md-	v--pna---		σύ	ἀκούω		m|m|@
47	75	τολμᾷ	t_3544	103034907	r--------	d--------		περί	μόνος		m|m|@
47	76	,	t_3545	103034908	n-s---mg-	p2p---ca-		θάνατος	σύ		m|m|@
47	77	ἀλλὰ	t_3546	103034909	u--------	l-p---na-		,	ὁ		m|m|@
47	78	τὸν	t_3547	103034910	r--------	a-p---na-		πρός	ὑμέτερος		m|m|@
47	79	τῶν	t_3548	103034911	c--------	p-p---ng-		δέ	αὐτός		m|m|@
47	80	ἀνδραποδιστῶν	t_3549	103034912	l-p---ma-	u--------		ὁ	,		m|m|@
47	81	καὶ	t_3550	103034913	n-p---ma-	b--------		ἐχθρός	ἀλλά		m|m|@
47	82	λωποδυτῶν	t_3551	103034914	p-s---mn-	d--------		οὐδείς	καί		m|m|@
47	83	θάνατον	t_3552	103034915	d--------	v-pppama-		οὐ	πάρειμι		m|m|@
47	84	μᾶλλον	t_3553	103034916	c--------	v--pna---		δέ	ὁράω		m|m|@
47	85	αἱροῦνται	t_3554	103034917	d--------	u--------		ἅπαξ	.		m|m|@
47	86	τοῦ	t_3555	103034918	p-p---mg-	d--------		αὐτός	νῦν		m|m|@
47	87	προσήκοντος	t_3556	103034919	v--ane---	b--------		ἀγωνίζομαι	δέ		m|m|@
47	88	·	t_3557	103034920	r--------	r--------		περί	εἰς		m|m|@
47	89	κακούργου	t_3558	103034921	n-s---mg-	p-s---na-		θάνατος	οὗτος		m|m|@
47	90	μὲν	t_3559	103034922	v3spia---	v3spia---		τολμάω	ἥκω		m|m|@
47	91	γάρ	t_3560	103034923	u--------	l-p---nn-		,	ὁ		m|m|@
47	92	ἐστι	t_3561	103034924	c--------	n-p---nn-		ἀλλά	πρᾶγμα		m|m|@
47	93	κριθέντʼ	t_3562	103034925	l-s---ma-	n-s---fg-		ὁ	αἰσχύνη		m|m|@
47	94	ἀποθανεῖν	t_3563	103034926	l-p---mg-	c--------		ὁ	ὥστε		m|m|@
47	95	,	t_3564	103034927	n-p---mg-	l-p---mg-		ἀνδραποδιστής	ὁ		m|m|@
47	96	στρατηγοῦ	t_3565	103034928	c--------	n-p---mg-		καί	στρατηγός		m|m|@
47	97	δὲ	t_3566	103034929	n-p---mg-	a-s---mn-		λωποδύτης	ἕκαστος		m|m|@
47	98	μαχόμενον	t_3567	103034930	n-s---ma-	d--------		θάνατος	δίς		m|m|@
47	99	τοῖς	t_3568	103034931	d--------	b--------		μᾶλλον	καί		m|m|@
47	100	πολεμίοις	t_3569	103034932	v3ppie---	d--------		αἱρέω	τρίς		m|m|@
47	101	.	t_3570	103034933	l-s---mg-	v3spim---		ὁ	κρίνω		m|m|@
48	1	ἡμῶν	t_3571	103034934	v-sppamg-	r--------		προσήκω	παρά		m|m|@
48	2	δʼ	t_3572	103034935	u--------	p2p---cd-		·	σύ		m|m|@
48	3	οἱ	t_3573	103034936	a-s---mg-	r--------		κακοῦργος	περί		m|m|@
48	4	μὲν	t_3574	103034937	d--------	n-s---mg-		μέν	θάνατος		m|m|@
48	5	περιιόντες	t_3575	103034938	d--------	u--------		γάρ	,		m|m|@
48	6	μετὰ	t_3576	103034939	v3spia---	r--------		εἰμί	πρός		m|m|@
48	7	Λακεδαιμονίων	t_3577	103034940	v-sappma-	b--------		κρίνω	δέ		m|m|@
48	8	φασὶ	t_3578	103034941	v--ana---	l-p---ma-		ἀποθνήσκω	ὁ		m|m|@
48	9	Φίλιππον	t_3579	103034942	u--------	a-p---ma-		,	ἐχθρός		m|m|@
48	10	πράττειν	t_3580	103034943	n-s---mg-	p-s---mn-		στρατηγός	οὐδείς		m|m|@
48	11	τὴν	t_3581	103034944	c--------	d--------		δέ	οὐ		m|m|@
48	12	Θηβαίων	t_3582	103034945	v-sppema-	b--------		μάχομαι	δέ		m|m|@
48	13	κατάλυσιν	t_3583	103034946	l-p---md-	d--------		ὁ	ἅπαξ		m|m|@
48	14	καὶ	t_3584	103034947	n-p---md-	p-p---mg-		πολέμιος	αὐτός		m|m|@
48	15	τὰς	t_3585	103034948	u--------	v--anm---		.	ἀγωνίζομαι		m|m|@
48	16	πολιτείας	t_3586	103034949	p-p---mg-	r--------		ἐγώ	περί		m|m|@
48	17	διασπᾶν	t_3587	103034950	d--------	n-s---mg-		δέ	θάνατος		m|m|@
48	18	,	t_3588	103034951	l-p---mn-	v3spia---		ὁ	τολμάω		m|m|@
48	19	οἱ	t_3589	103034952	d--------	u--------		μέν	,		m|m|@
48	20	δʼ	t_3590	103034953	v-pppamn-	b--------		περίειμι1	ἀλλά		m|m|@
48	21	ὡς	t_3591	103034954	r--------	l-s---ma-		μετά	ὁ		m|m|@
48	22	πρέσβεις	t_3592	103034955	n-p---mg-	l-p---mg-		λακεδαιμόνιος	ὁ		m|m|@
48	23	πέπομφεν	t_3593	103034956	v3ppia---	n-p---mg-		φημί	ἀνδραποδιστής		m|m|@
48	24	ὡς	t_3594	103034957	n-s---ma-	b--------		φίλιππος	καί		m|m|@
48	25	βασιλέα	t_3595	103034958	v--pna---	n-p---mg-		πράσσω	λωποδύτης		m|m|@
48	26	,	t_3596	103034959	l-s---fa-	n-s---ma-		ὁ	θάνατος		m|m|@
48	27	οἱ	t_3597	103034960	n-p---mg-	d-------c		θηβαῖος	μάλα		m|m|@
48	28	δʼ	t_3598	103034961	n-s---fa-	v3ppim---		κατάλυσις	αἱρέω		m|m|@
48	29	ἐν	t_3599	103034962	c--------	l-s---mg-		καί	ὁ		m|m|@
48	30	Ἰλλυριοῖς	t_3600	103034963	l-p---fa-	v-sppamg-		ὁ	προσήκω		m|m|@
48	31	πόλεις	t_3601	103034964	n-p---fa-	u--------		πολιτεία	·		m|m|@
48	32	τειχίζειν	t_3602	103034965	v--pna---	a-s---mg-		διασπάω	κακοῦργος		m|m|@
48	33	,	t_3603	103034966	u--------	g--------		,	μέν		m|m|@
48	34	οἱ	t_3604	103034967	l-p---mn-	g--------		ὁ	γάρ		m|m|@
48	35	δὲ	t_3605	103034968	d--------	v3spia---		δέ	εἰμί		m|m|@
48	36	λόγους	t_3606	103034969	c--------	v-sappma-		ὡς	κρίνω		m|m|@
48	37	πλάττοντες	t_3607	103034970	n-p---ma-	v--ana---		πρέσβυς	ἀποθνῄσκω		m|m|@
48	38	ἕκαστος	t_3608	103034971	v3sria---	u--------		πέμπω	,		m|m|@
48	39	περιερχόμεθα	t_3609	103034972	r--------	n-s---mg-		ὡς	στρατηγός		m|m|@
48	40	.	t_3610	103034973	n-s---ma-	b--------		βασιλεύς	δέ		m|m|@
49	1	ἐγὼ	t_3611	103034974	u--------	v-sppmma-		,	μάχομαι		m|m|@
49	2	δʼ	t_3612	103034975	l-p---mn-	l-p---md-		ὁ	ὁ		m|m|
49	3	οἶμαι	t_3613	103034976	d--------	a-p---md-		δέ	πολέμιος		m|m|@
49	4	μέν	t_3614	103034977	r--------	u--------		ἐν	.		m|m|@
49	5	,	t_3615	103034978	n-p---md-	p1p---cg-		ἰλλύριος	ἐγώ		m|m|@
49	6	ὦ	t_3616	103034979	n-p---fa-	b--------		πόλις	δέ		m|m|@
49	7	ἄνδρες	t_3617	103034980	v--pna---	l-p---mn-		τειχίζω	ὁ		m|m|@
49	8	Ἀθηναῖοι	t_3618	103034981	u--------	g--------		,	μέν		m|m|@
49	9	,	t_3619	103034982	l-p---mn-	v-pppamn-		ὁ	περιέρχομαι		m|m|@
49	10	νὴ	t_3620	103034983	c--------	r--------		δέ	μετά		m|m|@
49	11	τοὺς	t_3621	103034984	n-p---ma-	a-p---mg-		λόγος	Λακεδαιμόνιος		m|m|@
49	12	θεοὺς	t_3622	103034985	v-pppamn-	v3ppia---		πλάσσω	φημί		m|m|@
49	13	ἐκεῖνον	t_3623	103034986	a-s---mn-	n-s---ma-		ἕκαστος	Φίλιππος		m|m|@
49	14	μεθύειν	t_3624	103034987	v1ppie---	v--pna---		περιέρχομαι	πράσσω		m|m|@
49	15	τῷ	t_3625	103034988	u--------	l-s---fa-		.	ὁ		m|m|@
49	16	μεγέθει	t_3626	103034989	p-s---mn-	a-p---mg-		ἐγώ	Θηβαῖος		m|m|@
49	17	τῶν	t_3627	103034990	d--------	n-s---fa-		δέ	κατάλυσις		m|m|@
49	18	πεπραγμένων	t_3628	103034991	v1spie---	b--------		οἴομαι	καί		m|m|@
49	19	καὶ	t_3629	103034992	d--------	l-p---fa-		μέν	ὁ		m|m|@
49	20	πολλὰ	t_3630	103034993	u--------	n-p---fa-		,	πολιτεία		m|m|@
49	21	τοιαῦτʼ	t_3631	103034994	i--------	v--pna---		ὦ	διασπάω		m|m|@
49	22	ὀνειροπολεῖν	t_3632	103034995	n-p---mv-	u--------		ἀνήρ	,		m|m|@
49	23	ἐν	t_3633	103034996	a-p---mv-	l-p---mn-		ἀθηναῖος	ὁ		m|m|@
49	24	τῇ	t_3634	103034997	u--------	b--------		,	δέ		m|m|@
49	25	γνώμῃ	t_3635	103034998	r--------	c--------		νή	ὡς		m|m|@
49	26	,	t_3636	103034999	l-p---ma-	a-p---ma-		ὁ	πρέσβυς		m|m|@
49	27	τήν	t_3637	103035000	n-p---ma-	v3sria---		θεός	πέμπω		m|m|@
49	28	τʼ	t_3638	103035001	p-s---ma-	r--------		ἐκεῖνος	ὡς		m|m|@
49	29	ἐρημίαν	t_3639	103035002	v--pna---	n-s---ma-		μεθύω	βασιλεύς		m|m|@
49	30	τῶν	t_3640	103035003	l-s---nd-	u--------		ὁ	,		m|m|@
49	31	κωλυσόντων	t_3641	103035004	n-s---nd-	l-p---mn-		μέγεθος	ὁ		m|m|@
49	32	ὁρῶντα	t_3642	103035005	l-p---ng-	b--------		ὁ	δέ		m|m|@
49	33	καὶ	t_3643	103035006	v-prpeng-	r--------		πράσσω	ἐν		m|m|@
49	34	τοῖς	t_3644	103035007	c--------	n-p---md-		καί	Ἰλλυριοί		m|m|@
49	35	πεπραγμένοις	t_3645	103035008	a-p---na-	n-p---fa-		πολύς	πόλις		m|m|@
49	36	ἐπῃρμένον	t_3646	103035009	p-p---na-	v--pna---		τοιοῦτος	τειχίζω		m|m|@
49	37	,	t_3647	103035010	v--pna---	u--------		ὀνειροπολέω	,		m|m|@
49	38	οὐ	t_3648	103035011	r--------	l-p---mn-		ἐν	ὁ		m|m|@
49	39	μέντοι	t_3649	103035012	l-s---fd-	b--------		ὁ	δέ		m|m|@
49	40	μὰ	t_3650	103035013	n-s---fd-	n-p---ma-		γνώμη	λόγος		m|m|@
49	41	Δίʼ	t_3651	103035014	u--------	v-pppamn-		,	πλάσσω		m|m|@
49	42	οὕτω	t_3652	103035015	l-s---fa-	a-s---mn-		ὁ	ἕκαστος		m|m|@
49	43	γε	t_3653	103035016	d--------	v1ppim---		τε	περιέρχομαι		m|m|@
49	44	προαιρεῖσθαι	t_3654	103035017	n-s---fa-	u--------		ἐρημία	.		m|m|@
49	45	πράττειν	t_3655	103035018	l-p---mg-	p1s---cn-		ὁ	ἐγώ		m|m|@
49	46	ὥστε	t_3656	103035019	v-pfpamg-	b--------		κωλύω	δέ		m|m|@
49	47	τοὺς	t_3657	103035020	v-sppama-	v1spim---		ὁράω	οἴομαι		m|m|@
49	48	ἀνοητοτάτους	t_3658	103035021	c--------	g--------		καί	μέν		m|m|@
49	49	τῶν	t_3659	103035022	l-p---nd-	u--------		ὁ	,		m|m|@
49	50	παρʼ	t_3660	103035023	v-prpend-	i--------		πράσσω	ὦ		m|m|@
49	51	ἡμῖν	t_3661	103035024	v-srpema-	n-p---mv-		ἐπαίρω	ἀνήρ		m|m|@
49	52	εἰδέναι	t_3662	103035025	u--------	a-p---mv-		,	Ἀθηναῖος		m|m|@
49	53	τί	t_3663	103035026	d--------	u--------		οὐ	,		m|m|@
49	54	μέλλει	t_3664	103035027	c--------	r--------		μέντοι	νή		m|m|@
49	55	ποιεῖν	t_3665	103035028	d--------	l-p---ma-		μά	ὁ		m|m|@
49	56	ἐκεῖνος	t_3666	103035029	n-s---ma-	n-p---ma-		ζεύς	θεός		m|m|@
49	57	·	t_3667	103035030	d--------	p-s---ma-		οὕτως	ἐκεῖνος		m|m|@
49	58	ἀνοητότατοι	t_3668	103035031	d--------	v--pna---		γε	μεθύω		m|m|@
49	59	γάρ	t_3669	103035032	v--pne---	l-s---nd-		προαιρέω	ὁ		m|m|@
49	60	εἰσιν	t_3670	103035033	v--pna---	n-s---nd-		πράσσω	μέγεθος		m|m|@
49	61	οἱ	t_3671	103035034	c--------	l-p---ng-		ὥστε	ὁ		m|m|@
49	62	λογοποιοῦντες	t_3672	103035035	l-p---ma-	v-prpmng-		ὁ	πράσσω		m|m|@
49	63	.	t_3673	103035036	a-p---mas	b--------		ἀνόητος	καί		m|m|@
50	1	ἀλλʼ	t_3674	103035037	l-p---mg-	a-p---na-		ὁ	πολύς		m|m|@
50	2	ἂν	t_3675	103035038	r--------	p-p---na-		παρά	τοιοῦτος		m|m|@
50	3	ἀφέντες	t_3676	103035039	p-p---md-	v--pna---		ἐγώ	ὀνειροπολέω		m|m|@
50	4	ταῦτʼ	t_3677	103035040	v--rna---	r--------		οἶδα	ἐν		m|m|@
50	5	ἐκεῖνʼ	t_3678	103035041	p-s---na-	l-s---fd-		τίς	ὁ		m|m|@
50	6	εἰδῶμεν	t_3679	103035042	v3spia---	n-s---fd-		μέλλω	γνώμη		m|m|@
50	7	,	t_3680	103035043	v--pna---	u--------		ποιέω	,		m|m|@
50	8	ὅτι	t_3681	103035044	p-s---mn-	l-s---fa-		ἐκεῖνος	ὁ		m|m|@
50	9	ἐχθρὸς	t_3682	103035045	u--------	b--------		·	τε		m|m|@
50	10	ἅνθρωπος	t_3683	103035046	a-p---mns	n-s---fa-		ἀνόητος	ἐρημία		m|m|@
50	11	καὶ	t_3684	103035047	d--------	l-p---mg-		γάρ	ὁ		m|m|@
50	12	τὰ	t_3685	103035048	v3ppia---	v-pfpamg-		εἰμί	κωλύω		m|m|@
50	13	ἡμέτερʼ	t_3686	103035049	l-p---mn-	v-sppama-		ὁ	ὁράω		m|m|@
50	14	ἡμᾶς	t_3687	103035050	v-pppamn-	b--------		λογοποιέω	καί		m|m|@
50	15	ἀποστερεῖ	t_3688	103035051	u--------	l-p---nd-		.	ὁ		m|m|@
50	16	καὶ	t_3689	103035052	d--------	v-prpmnd-		ἀλλά	πράσσω		m|m|@
50	17	χρόνον	t_3690	103035053	d--------	v-srpmma-		ἄν	ἐπαίρω		m|m|@
50	18	πολὺν	t_3691	103035054	v-papamn-	u--------		ἀφίημι	,		m|m|@
50	19	ὕβρικε	t_3692	103035055	a-p---na-	d--------		οὗτος	οὐ		m|m|@
50	20	,	t_3693	103035056	a-p---na-	b--------		ἐκεῖνος	μέντοι		m|m|@
50	21	καὶ	t_3694	103035057	v1prsa---	r--------		οἶδα	μά		m|m|@
50	22	ἅπανθʼ	t_3695	103035058	u--------	n-s---ma-		,	Ζεύς		m|m|@
50	23	ὅσα	t_3696	103035059	c--------	d--------		ὅτι	οὕτως		m|m|@
50	24	πώποτʼ	t_3697	103035060	a-s---mn-	d--------		ἐχθρός	γε		m|m|@
50	25	ἠλπίσαμέν	t_3698	103035061	n-s---mn-	v--pnm---		ἄνθρωπος	προαιρέω		m|m|@
50	26	τινα	t_3699	103035062	d--------	v--pna---		καί	πράσσω		m|m|@
50	27	πράξειν	t_3700	103035063	l-p---na-	c--------		ὁ	ὥστε		m|m|@
50	28	ὑπὲρ	t_3701	103035064	a-p---na-	l-p---ma-		ἡμέτερος	ὁ		m|m|@
50	29	ἡμῶν	t_3702	103035065	p-p---ma-	a-p---mas		ἐγώ	ἀνόητος		m|m|@
50	30	καθʼ	t_3703	103035066	v3spia---	l-p---mg-		ἀποστερέω	ὁ		m|m|@
50	31	ἡμῶν	t_3704	103035067	d--------	r--------		καί	παρά		m|m|@
50	32	εὕρηται	t_3705	103035068	n-s---ma-	p1p---cd-		χρόνος	ἐγώ		m|m|@
50	33	,	t_3706	103035069	a-s---ma-	v--rna---		πολύς	οἶδα		m|m|@
50	34	καὶ	t_3707	103035070	v3sria---	p-s---na-		ὑβρίζω	τίς		m|m|@
50	35	τὰ	t_3708	103035071	u--------	v3spia---		,	μέλλω		m|m|@
50	36	λοιπὰ	t_3709	103035072	d--------	v--pna---		καί	ποιέω		m|m|@
50	37	ἐν	t_3710	103035073	a-p---na-	p-s---mn-		ἅπας	ἐκεῖνος		m|m|@
50	38	αὐτοῖς	t_3711	103035074	a-p---na-	u--------		ὅσος	·		m|m|@
50	39	ἡμῖν	t_3712	103035075	d--------	a-p---mns		πώποτε	ἀνόητος		m|m|@
50	40	ἐστί	t_3713	103035076	v1paia---	g--------		ἐλπίζω	γάρ		m|m|@
50	41	,	t_3714	103035077	p-p---na-	v3ppia---		τις	εἰμί		m|m|@
50	42	κ	t_3715	103035078	v--fna---	l-p---mn-		πράσσω	ὁ		m|m|@
50	43	ἂν	t_3716	103035079	r--------	v-pppamn-		ὑπέρ	λογοποιέω		m|m|@
50	44	μὴ	t_3717	103035080	p-p---mg-	u--------		ἐγώ	.		m|m|@
50	45	νῦν	t_3718	103035081	r--------	b--------		κατά	ἀλλά		m|m|@
50	46	ἐθέλωμεν	t_3719	103035082	p-p---mg-	g--------		ἐγώ	ἄν		m|m|@
50	47	ἐκεῖ	t_3720	103035083	v3srie---	v-papamn-		εὑρίσκω	ἀφίημι		m|m|@
50	48	πολεμεῖν	t_3721	103035084	u--------	p-p---na-		,	οὗτος		m|m|@
50	49	αὐτῷ	t_3722	103035085	d--------	p-p---na-		καί	ἐκεῖνος		m|m|@
50	50	,	t_3723	103035086	l-p---na-	v1prsa---		ὁ	οἶδα		m|m|@
50	51	ἐνθάδʼ	t_3724	103035087	a-p---na-	u--------		λοιπός	,		m|m|@
50	52	ἴσως	t_3725	103035088	r--------	c--------		ἐν	ὅτι		m|m|@
50	53	ἀναγκασθησόμεθα	t_3726	103035089	a-p---md-	a-s---mn-		αὐτός	ἐχθρός		m|m|@
50	54	τοῦτο	t_3727	103035090	p-p---md-	n-s---mn-		ἐγώ	ἄνθρωπος		m|m|@
50	55	ποιεῖν	t_3728	103035091	v3spia---	b--------		εἰμί	καί		m|m|@
50	56	,	t_3729	103035092	u--------	l-p---na-		,	ὁ		m|m|@
50	57	ἂν	t_3730	103035093	d--------	a-p---na-		καί	ἡμέτερος		m|m|@
50	58	ταῦτʼ	t_3731	103035094	c--------	p1p---ca-		ἄν	ἐγώ		m|m|@
50	59	εἰδῶμεν	t_3732	103035095	d--------	v3spia---		μή	ἀποστερέω		m|m|@
50	60	,	t_3733	103035096	d--------	b--------		νῦν	καί		m|m|@
50	61	καὶ	t_3734	103035097	v1ppsa---	n-s---ma-		ἐθέλω	χρόνος		m|m|@
50	62	τὰ	t_3735	103035098	d--------	a-s---ma-		ἐκεῖ	πολύς		m|m|@
50	63	δέοντʼ	t_3736	103035099	v--pna---	v3sria---		πολεμέω	ὑβρίζω		m|m|@
50	64	ἐσόμεθʼ	t_3737	103035100	p-s---md-	u--------		αὐτός	,		m|m|@
50	65	ἐγνωκότες	t_3738	103035101	u--------	b--------		,	καί		m|m|@
50	66	καὶ	t_3739	103035102	d--------	a-p---na-		ἐνθάδε	ἅπας		m|m|@
50	67	λόγων	t_3740	103035103	d--------	p-p---na-		ἴσως	ὅσος		m|m|@
50	68	ματαίων	t_3741	103035104	v1pfip---	d--------		ἀναγκάζω	πώποτε		m|m|@
50	69	ἀπηλλαγμένοι	t_3742	103035105	p-s---na-	v1paia---		οὗτος	ἐλπίζω		m|m|@
50	70	·	t_3743	103035106	v--pna---	p-p---na-		ποιέω	τις		m|m|@
50	71	οὐ	t_3744	103035107	u--------	v--fna---		,	πράσσω		m|m|@
50	72	γὰρ	t_3745	103035108	c--------	r--------		ἄν	ὑπέρ		m|m|@
50	73	ἅττα	t_3746	103035109	p-p---na-	p1p---cg-		οὗτος	ἐγώ		m|m|@
50	74	ποτʼ	t_3747	103035110	v1prsa---	r--------		οἶδα	κατά		m|m|@
50	75	ἔσται	t_3748	103035111	u--------	p1p---cg-		,	ἐγώ		m|m|@
50	76	δεῖ	t_3749	103035112	c--------	v3srim---		καί	εὑρίσκω		m|m|@
50	77	σκοπεῖν	t_3750	103035113	l-p---na-	u--------		ὁ	,		m|m|@
50	78	,	t_3751	103035114	v-pppana-	b--------		δέω	καί		m|m|@
50	79	ἀλλʼ	t_3752	103035115	v1pfim---	l-p---na-		εἰμί	ὁ		m|m|@
50	80	ὅτι	t_3753	103035116	v-prpamn-	a-p---nn-		γιγνώσκω	λοιπός		m|m|@
50	81	φαῦλα	t_3754	103035117	c--------	r--------		καί	ἐν		m|m|@
50	82	,	t_3755	103035118	n-p---mg-	p-p---md-		λόγος	αὐτός		m|m|@
50	83	ἂν	t_3756	103035119	a-p---mg-	p1p---cd-		μάταιος	ἐγώ		m|m|@
50	84	μὴ	t_3757	103035120	v-prpemn-	v3spia---		ἀπαλλάσσω	εἰμί		m|m|@
50	85	προσέχητε	t_3758	103035121	u--------	u--------		·	,		m|m|@
50	86	τὸν	t_3759	103035122	d--------	b--------		οὐ	καί		m|m|@
50	87	νοῦν	t_3760	103035123	d--------	c--------		γάρ	ἐάν		m|m|@
50	88	καὶ	t_3761	103035124	p-p---nn-	d--------		ὅστις	μή		m|m|@
50	89	τὰ	t_3762	103035125	d--------	d--------		ποτέ	νῦν		m|m|@
50	90	προσήκοντα	t_3763	103035126	v3sfim---	v1ppsa---		εἰμί	ἐθέλω		m|m|@
50	91	ποιεῖν	t_3764	103035127	v3spia---	d--------		δεῖ	ἐκεῖ		m|m|@
50	92	ἐθέλητε	t_3765	103035128	v--pna---	v--pna---		σκοπέω	πολεμέω		m|m|@
50	93	,	t_3766	103035129	u--------	p-s---md-		,	αὐτός		m|m|@
50	94	εὖ	t_3767	103035130	c--------	u--------		ἀλλά	,		m|m|@
50	95	εἰδέναι	t_3768	103035131	c--------	d--------		ὅτι	ἐνθάδε		m|m|@
50	96	.	t_3769	103035132	a-p---nn-	d--------		φαῦλος	ἴσως		m|m|@
51	1	ἐγὼ	t_3770	103035133	u--------	v1pfip---		,	ἀναγκάζω		m|m|@
51	2	μὲν	t_3771	103035134	c--------	p-s---na-		ἄν	οὗτος		m|m|@
51	3	οὖν	t_3772	103035135	d--------	v--pna---		μή	ποιέω		m|m|@
51	4	οὔ	t_3773	103035136	v2ppsa---	u--------		προσέχω	,		m|m|@
51	5	τ’	t_3774	103035137	l-s---ma-	c--------		ὁ	ἐάν		m|m|@
51	6	ἄλλοτε	t_3775	103035138	n-s---ma-	p-p---na-		νόος	οὗτος		m|m|@
51	7	πώποτε	t_3776	103035139	c--------	v1prsa---		καί	οἶδα		m|m|@
51	8	πρὸς	t_3777	103035140	l-p---na-	u--------		ὁ	,		m|m|@
51	9	χάριν	t_3778	103035141	v-pppana-	b--------		προσήκω	καί		m|m|@
51	10	εἱλόμην	t_3779	103035142	v--pna---	l-p---na-		ποιέω	ὁ		m|m|@
51	11	λέγειν	t_3780	103035143	v2ppsa---	v-pppana-		ἐθέλω	δέω		m|m|@
51	12	ὅ	t_3781	103035144	u--------	v1pfim---		,	εἰμί		m|m|@
51	13	τι	t_3782	103035145	d--------	v-prpamn-		εὖ	γιγνώσκω		m|m|@
51	14	ἂν	t_3783	103035146	v--rna---	b--------		οἶδα	καί		m|m|@
51	15	μὴ	t_3784	103035147	u--------	n-p---mg-		.	λόγος		m|m|@
51	16	καὶ	t_3785	103035148	p-s---mn-	a-p---mg-		ἐγώ	μάταιος		m|m|@
51	17	συνοίσειν	t_3786	103035149	d--------	v-prpmmn-		μέν	ἀπαλλάσσω		m|m|@
51	18	πεπεισμένος	t_3787	103035150	d--------	u--------		οὖν	·		m|m|@
51	19	ὦ	t_3788	103035151	d--------	d--------		οὐ	οὐ		m|m|
51	20	,	t_3789	103035152	d--------	g--------		τε	γάρ		m|m|@
51	21	νῦν	t_3790	103035153	d--------	p-p---nn-		ἄλλοτε	ὅστις		m|m|@
51	22	θʼ	t_3791	103035154	d--------	d--------		πώποτε	ποτέ		m|m|@
51	23	ἃ	t_3792	103035155	r--------	v3sfim---		πρός	εἰμί		m|m|@
51	24	γιγνώσκω	t_3793	103035156	n-s---fa-	v3spia---		χάρις	δέω		m|m|@
51	25	πάνθʼ	t_3794	103035157	v1saim---	v--pna---		αἱρέω	σκοπέω		m|m|@
51	26	ἁπλῶς	t_3795	103035158	v--pna---	u--------		λέγω3	,		m|m|@
51	27	,	t_3796	103035159	p-s---na-	b--------		ὅς	ἀλλά		m|m|@
51	28	οὐδὲν	t_3797	103035160	a-s---na-	c--------		τις	ὅτι		m|m|@
51	29	ὑποστειλάμενος	t_3798	103035161	c--------	a-p---nn-		ἄν	φαῦλος		m|m|@
51	30	,	t_3799	103035162	d--------	u--------		μή	,		m|m|@
51	31	πεπαρρησίασμαι	t_3800	103035163	d--------	c--------		καί	ἐάν		m|m|@
51	32	.	t_3801	103035164	v--fna---	d--------		συμφέρω	μή		m|m|@
51	33	ἐβουλόμην	t_3802	103035165	v-srpemn-	v2ppsa---		πείθω	προσέχω		m|m|@
51	34	δʼ	t_3803	103035166	v1spsa---	l-s---ma-		ὦ	ὁ		m|m|@
51	35	ἄν	t_3804	103035167	u--------	n-s---ma-		,	νόος		m|m|@
51	36	,	t_3805	103035168	d--------	b--------		νῦν	καί		m|m|@
51	37	ὥσπερ	t_3806	103035169	c--------	l-p---na-		τε	ὁ		m|m|@
51	38	ὅτι	t_3807	103035170	p-p---na-	v-pppana-		ὅς	προσήκω		m|m|@
51	39	ὑμῖν	t_3808	103035171	v1spia---	v--pna---		γιγνώσκω	ποιέω		m|m|@
51	40	συμφέρει	t_3809	103035172	a-p---na-	v2ppsa---		πᾶς	ἐθέλω		m|m|@
51	41	τὰ	t_3810	103035173	d--------	u--------		ἁπλῶς	,		m|m|@
51	42	βέλτιστʼ	t_3811	103035174	u--------	d--------		,	εὖ		m|m|@
51	43	ἀκούειν	t_3812	103035175	p-s---na-	v--rna---		οὐδείς	οἶδα		m|m|@
51	44	οἶδα	t_3813	103035176	v-sapmmn-	u--------		ὑποστέλλω	.		m|m|@
51	45	,	t_3814	103035177	u--------	p1s---cn-		,	ἐγώ		m|m|@
51	46	οὕτως	t_3815	103035178	v1srie---	g--------		παρρησιάζομαι	μέν		m|m|@
51	47	εἰδέναι	t_3816	103035179	u--------	g--------		.	οὖν		m|m|@
51	48	συνοῖσον	t_3817	103035180	v1siie---	d--------		βούλομαι	οὐ		m|m|@
51	49	καὶ	t_3818	103035181	d--------	d--------		δέ	τε		m|m|@
51	50	τῷ	t_3819	103035182	d--------	d--------		ἄν	ἄλλοτε		m|m|@
51	51	τὰ	t_3820	103035183	u--------	d--------		,	πώποτε		m|m|@
51	52	βέλτιστʼ	t_3821	103035184	c--------	r--------		ὥσπερ	πρός		m|m|@
51	53	εἰπόντι	t_3822	103035185	c--------	n-s---fa-		ὅτι	χάρις		m|m|@
51	54	·	t_3823	103035186	p-p---md-	v1saim---		σύ	αἱρέω		m|m|@
51	55	πολλῷ	t_3824	103035187	v3spia---	v--pna---		συμφέρω	λέγω		m|m|@
51	56	γὰρ	t_3825	103035188	l-p---na-	p-s---na-		ὁ	ὅς		m|m|@
51	57	ἂν	t_3826	103035189	a-p---nas	p-s---na-		ἀγαθός	τις		m|m|@
51	58	ἥδιον	t_3827	103035190	v--pna---	c--------		ἀκούω	ἐάν		m|m|@
51	59	εἶχον	t_3828	103035191	v1sria---	d--------		οἶδα	μή		m|m|@
51	60	.	t_3829	103035192	u--------	d--------		,	καί		m|m|@
51	61	νῦν	t_3830	103035193	d--------	v--fna---		οὕτως	συμφέρω		m|m|@
51	62	δʼ	t_3831	103035194	v--rna---	v-srpmmn-		οἶδα	πείθω		m|m|@
51	63	ἐπʼ	t_3832	103035195	v-sfpana-	v1spsa---		συμφέρω	εἰμί		m|m|@
51	64	ἀδήλοις	t_3833	103035196	d--------	u--------		καί	,		m|m|@
51	65	οὖσι	t_3834	103035197	l-s---md-	d--------		ὁ	νῦν		m|m|@
51	66	τοῖς	t_3835	103035198	l-p---na-	b--------		ὁ	τε		m|m|@
51	67	ἀπὸ	t_3836	103035199	a-p---nas	p-p---na-		ἀγαθός	ὅς		m|m|@
51	68	τούτων	t_3837	103035200	v-sapamd-	v1spia---		εἶπον	γιγνώσκω		m|m|@
51	69	ἐμαυτῷ	t_3838	103035201	u--------	a-p---na-		·	πᾶς		m|m|@
51	70	γενησομένοις	t_3839	103035202	a-s---nd-	d--------		πολύς	ἁπλῶς		m|m|@
51	71	,	t_3840	103035203	d--------	u--------		γάρ	,		m|m|@
51	72	ὅμως	t_3841	103035204	d--------	p-s---na-		ἄν	οὐδείς		m|m|@
51	73	ἐπὶ	t_3842	103035205	a-s---nac	v-sapmmn-		ἡδύς	ὑποστέλλω		m|m|@
51	74	τῷ	t_3843	103035206	v1siia---	u--------		ἔχω	,		m|m|@
51	75	συνοίσειν	t_3844	103035207	u--------	v1srim---		.	παρρησιάζομαι		m|m|@
51	76	ὑμῖν	t_3845	103035208	d--------	u--------		νῦν	.		m|m|@
51	77	,	t_3846	103035209	d--------	v1siim---		δέ	βούλομαι		m|m|@
51	78	ἂν	t_3847	103035210	r--------	b--------		ἐπί	δέ		m|m|@
51	79	πράξητε	t_3848	103035211	a-p---nd-	g--------		ἄδηλος	ἄν		m|m|@
51	80	,	t_3849	103035212	v-pppand-	u--------		εἰμί	,		m|m|@
51	81	ταῦτα	t_3850	103035213	l-p---nd-	c--------		ὁ	ὥσπερ		m|m|@
51	82	πεπεῖσθαι	t_3851	103035214	r--------	c--------		ἀπό	ὅτι		m|m|@
51	83	λέγειν	t_3852	103035215	p-p---ng-	p2p---cd-		οὗτος	σύ		m|m|@
51	84	αἱροῦμαι	t_3853	103035216	p-s---md-	v3spia---		ἐμαυτοῦ	συμφέρω		m|m|@
51	85	.	t_3854	103035217	v-pfpmnd-	l-p---na-		γίγνομαι	ὁ		m|m|@
51	86	νικῴη	t_3855	103035218	u--------	a-p---nas		,	ἀγαθός		m|m|@
51	87	δʼ	t_3856	103035219	c--------	v--pna---		ὅμως	ἀκούω		m|m|@
51	88	ὅ	t_3857	103035220	r--------	v1sria---		ἐπί	οἶδα		m|m|@
51	89	τι	t_3858	103035221	l-s---nd-	u--------		ὁ	,		m|m|@
51	90	πᾶσιν	t_3859	103035222	v--fna---	d--------		συμφέρω	οὕτως		m|m|@
51	91	μέλλει	t_3860	103035223	p-p---md-	v--rna---		σύ	οἶδα		m|m|@
51	92	συνοίσειν	t_3861	103035224	u--------	v-sfpana-		,	συμφέρω		m|m|@
51	93	.	t_3862	103035225	c--------	d--------		ἄν	καί		m|m|@
