token_id	text
1	πρῶτον
2	μέν
3	,
4	ὦ
5	ἄνδρες
6	Ἀθηναῖοι
7	,
8	τοῖς
9	θεοῖς
10	εὔχομαι
11	πᾶσι
12	καὶ
13	πάσαις
14	,
15	ὅσην
16	εὔνοιαν
17	ἔχων
18	ἐγὼ
19	διατελῶ
20	τῇ
21	τε
22	πόλει
23	καὶ
24	πᾶσιν
25	ὑμῖν
26	,
27	τοσαύτην
28	ὑπάρξαι
29	μοι
30	παρ’
31	ὑμῶν
32	εἰς
33	τουτονὶ
34	τὸν
35	ἀγῶνα
36	,
37	ἔπειθ’
38	ὅπερ
39	ἐστὶ
40	μάλισθ’
41	ὑπὲρ
42	ὑμῶν
43	καὶ
44	τῆς
45	ὑμετέρας
46	εὐσεβείας
47	τε
48	καὶ
49	δόξης
50	,
51	τοῦτο
52	παραστῆσαι
53	τοὺς
54	θεοὺς
55	ὑμῖν
56	,
57	μὴ
58	τὸν
59	ἀντίδικον
60	σύμβουλον
61	ποιήσασθαι
62	περὶ
63	τοῦ
64	πῶς
65	ἀκούειν
66	ὑμᾶς
67	ἐμοῦ
68	δεῖ
69	(
70	σχέτλιον
71	γὰρ
72	ἂν
73	εἴη
74	τοῦτό
75	γε
76	)
77	,
78	ἀλλὰ
79	τοὺς
80	νόμους
81	καὶ
82	τὸν
83	ὅρκον
84	,
85	ἐν
86	ᾧ
87	πρὸς
88	ἅπασι
89	τοῖς
90	ἄλλοις
91	δικαίοις
92	καὶ
93	τοῦτο
94	γέγραπται
95	,
96	τὸ
97	ὁμοίως
98	ἀμφοῖν
99	ἀκροάσασθαι
100	.
101	τοῦτο
102	δ’
103	ἐστὶν
104	οὐ
105	μόνον
106	τὸ
107	μὴ
108	προκατεγνωκέναι
109	μηδέν
110	,
111	οὐ
112	δὲ
113	τὸ
114	τὴν
115	εὔνοιαν
116	ἴσην
117	ἀποδοῦναι
118	,
119	ἀλλὰ
120	τὸ
121	καὶ
122	τῇ
123	τάξει
124	καὶ
125	τῇ
126	ἀπολογίᾳ
127	,
128	ὡς
129	βεβούληται
130	καὶ
131	προῄρηται
132	τῶν
133	ἀγωνιζομένων
134	ἕκαστος
135	,
136	οὕτως
137	ἐᾶσαι
138	χρήσασθαι
139	.
140	πολλὰ
141	μὲν
142	οὖν
143	ἔγωγ’
144	ἐλαττοῦμαι
145	κατὰ
146	τουτονὶ
147	τὸν
148	ἀγῶν’
149	Αἰσχίνου
150	,
151	δύο
152	δ’
153	,
154	ὦ
155	ἄνδρες
156	Ἀθηναῖοι
157	,
158	καὶ
159	μεγάλα
160	,
161	ἓν
162	μὲν
163	ὅτι
164	οὐ
165	περὶ
166	τῶν
167	ἴσων
168	ἀγωνίζομαι
169	·
170	οὐ
171	γάρ
172	ἐστιν
173	ἴσον
174	νῦν
175	ἐμοὶ
176	τῆς
177	παρ’
178	ὑμῶν
179	εὐνοίας
180	διαμαρτεῖν
181	καὶ
182	τούτῳ
183	μὴ
184	ἑλεῖν
185	τὴν
186	γραφήν
187	,
188	ἀλλ’
189	ἐμοὶ
190	μὲν—οὐ
191	βούλομαι
192	δυσχερὲς
193	εἰπεῖν
194	οὐδὲν
195	ἀρχόμενος
196	τοῦ
197	λόγου
198	,
199	οὗτος
200	δ’
201	ἐκ
202	περιουσίας
203	μου
204	κατηγορεῖ
205	.
206	ἕτερον
207	δ’
208	,
209	ὃ
210	φύσει
211	πᾶσιν
212	ἀνθρώποις
213	ὑπάρχει
214	,
215	τῶν
216	μὲν
217	λοιδοριῶν
218	καὶ
219	τῶν
220	κατηγοριῶν
221	ἀκούειν
222	ἡδέως
223	,
224	τοῖς
225	ἐπαινοῦσι
226	δ’
227	αὑτοὺς
228	ἄχθεσθαι
229	·
230	τούτων
231	τοίνυν
232	ὃ
233	μέν
234	ἐστι
235	πρὸς
236	ἡδονήν
237	,
238	τούτῳ
239	δέδοται
240	,
241	ὃ
242	δὲ
243	πᾶσιν
244	ὡς
245	ἔπος
246	εἰπεῖν
247	ἐνοχλεῖ
248	,
249	λοιπὸν
250	ἐμοί
251	.
252	κ
253	ἂν
254	μὲν
255	εὐλαβούμενος
256	τοῦτο
257	μὴ
258	λέγω
259	τὰ
260	πεπραγμέν’
261	ἐμαυτῷ
262	,
263	οὐκ
264	ἔχειν
265	ἀπολύσασθαι
266	τὰ
267	κατηγορημένα
268	δόξω
269	,
270	οὐδ’
271	ἐφ’
272	οἷς
273	ἀξιῶ
274	τιμᾶσθαι
275	δεικνύναι
276	·
277	ἐὰν
278	δ’
279	ἐφ’
280	ἃ
281	καὶ
282	πεποίηκα
283	καὶ
284	πεπολίτευμαι
285	βαδίζω
286	,
287	πολλάκις
288	λέγειν
289	ἀναγκασθήσομαι
290	περὶ
291	ἐμαυτοῦ
292	.
293	πειράσομαι
294	μὲν
295	οὖν
296	ὡς
297	μετριώτατα
298	τοῦτο
299	ποιεῖν
300	·
301	ὅ
302	τι
303	δ’
304	ἂν
305	τὸ
306	πρᾶγμα
307	αὔτ’
308	ἀναγκάζῃ
309	,
310	τούτου
311	τὴν
312	αἰτίαν
313	οὗτός
314	ἐστι
315	δίκαιος
316	ἔχειν
317	ὁ
318	τοιοῦτον
319	ἀγῶν’
320	ἐνστησάμενος
321	.
322	οἶμαι
323	δ’
324	ὑμᾶς
325	,
326	ὦ
327	ἄνδρες
328	Ἀθηναῖοι
329	,
330	πάντας
331	ἂν
332	ὁμολογῆσαι
333	κοινὸν
334	εἶναι
335	τουτονὶ
336	τὸν
337	ἀγῶν’
338	ἐμοὶ
339	καὶ
340	Κτησιφῶντι
341	καὶ
342	οὐδὲν
343	ἐλάττονος
344	ἄξιον
345	σπουδῆς
346	ἐμοί
347	·
348	πάντων
349	μὲν
350	γὰρ
351	ἀποστερεῖσθαι
352	λυπηρόν
353	ἐστι
354	καὶ
355	χαλεπόν
356	,
357	ἄλλως
358	τε
359	κ
360	ἂν
361	ὑπ’
362	ἐχθροῦ
363	τῳ
364	τοῦτο
365	συμβαίνῃ
366	,
367	μάλιστα
368	δὲ
369	τῆς
370	παρ’
371	ὑμῶν
372	εὐνοίας
373	καὶ
374	φιλανθρωπίας
375	,
376	ὅσῳπερ
377	καὶ
378	τὸ
379	τυχεῖν
380	τούτων
381	μέγιστόν
382	ἐστιν
383	.
384	περὶ
385	τούτων
386	δ’
387	ὄντος
388	τουτουὶ
389	τοῦ
390	ἀγῶνος
391	ἀξιῶ
392	καὶ
393	δέομαι
394	πάντων
395	ὁμοίως
396	ὑμῶν
397	ἀκοῦσαί
398	μου
399	περὶ
400	τῶν
401	κατηγορημένων
402	ἀπολογουμένου
403	δικαίως
404	,
405	ὥσπερ
406	οἱ
407	νόμοι
408	κελεύουσιν
409	,
410	οὓς
411	ὁ
412	τιθεὶς
413	ἐξ
414	ἀρχῆς
415	Σόλων
416	,
417	εὔνους
418	ὢν
419	ὑμῖν
420	καὶ
421	δημοτικός
422	,
423	οὐ
424	μόνον
425	τῷ
426	γράψαι
427	κυρίους
428	ᾤετο
429	δεῖν
430	εἶναι
431	,
432	ἀλλὰ
433	καὶ
434	τῷ
435	τοὺς
436	δικάζοντας
437	ὀμωμοκέναι
438	,
439	οὐκ
440	ἀπιστῶν
441	ὑμῖν
442	,
443	ὥς
444	γ’
445	ἐμοὶ
446	φαίνεται
447	,
448	ἀλλ’
449	ὁρῶν
450	ὅτι
451	τὰς
452	αἰτίας
453	καὶ
454	τὰς
455	διαβολάς
456	,
457	αἷς
458	ἐκ
459	τοῦ
460	πρότερος
461	λέγειν
462	ὁ
463	διώκων
464	ἰσχύει
465	,
466	οὐκ
467	ἔνι
468	τῷ
469	φεύγοντι
470	παρελθεῖν
471	,
472	εἰ
473	μὴ
474	τῶν
475	δικαζόντων
476	ἕκαστος
477	ὑμῶν
478	τὴν
479	πρὸς
480	τοὺς
481	θεοὺς
482	εὐσέβειαν
483	φυλάττων
484	καὶ
485	τὰ
486	τοῦ
487	λέγοντος
488	ὑστέρου
489	δίκαια
490	εὐνοϊκῶς
491	προσδέξεται
492	,
493	καὶ
494	παρασχὼν
495	αὑτὸν
496	ἴσον
497	καὶ
498	κοινὸν
499	ἀμφοτέροις
500	ἀκροατὴν
501	οὕτω
502	τὴν
503	διάγνωσιν
504	ποιήσεται
505	περὶ
506	ἁπάντων
507	.
508	μέλλων
509	δὲ
510	τοῦ
511	τ’
512	ἰδίου
513	βίου
514	παντός
515	,
516	ὡς
517	ἔοικε
518	,
519	λόγον
520	διδόναι
521	τήμερον
522	καὶ
523	τῶν
524	κοινῇ
525	πεπολιτευμένων
526	,
527	βούλομαι
528	πάλιν
529	τοὺς
530	θεοὺς
531	παρακαλέσαι
532	,
533	καὶ
534	ἐναντίον
535	ὑμῶν
536	εὔχομαι
537	πρῶτον
538	μέν
539	,
540	ὅσην
541	εὔνοιαν
542	ἔχων
543	ἐγὼ
544	διατελῶ
545	τῇ
546	τε
547	πόλει
548	καὶ
549	πᾶσιν
550	ὑμῖν
551	,
552	τοσαύτην
553	ὑπάρξαι
554	μοι
555	παρ’
556	ὑμῶν
557	εἰς
558	τουτονὶ
559	τὸν
560	ἀγῶνα
561	,
562	ἔπειθ’
563	ὅ
564	τι
565	μέλλει
566	συνοίσειν
567	καὶ
568	πρὸς
569	εὐδοξίαν
570	κοινῇ
571	καὶ
572	πρὸς
573	εὐσέβειαν
574	ἑκάστῳ
575	,
576	τοῦτο
577	παραστῆσαι
578	πᾶσιν
579	ὑμῖν
580	περὶ
581	ταυτησὶ
582	τῆς
583	γραφῆς
584	γνῶναι
585	.
586	εἰ
587	μὲν
588	οὖν
589	περὶ
590	ὧν
591	ἐδίωκε
592	μόνον
593	κατηγόρησεν
594	Αἰσχίνης
595	,
596	κ
597	ἀγὼ
598	περὶ
599	αὐτοῦ
600	τοῦ
601	προβουλεύματος
602	εὐθὺς
603	ἂν
604	ἀπελογούμην
605	·
606	ἐπειδὴ
607	δ’
608	οὐκ
609	ἐλάττω
610	λόγον
611	τ
612	ἄλλα
613	διεξιὼν
614	ἀνήλωκε
615	καὶ
616	τὰ
617	πλεῖστα
618	κατεψεύσατό
619	μου
620	,
621	ἀναγκαῖον
622	εἶναι
623	νομίζω
624	καὶ
625	δίκαιον
626	ἅμα
627	βραχέ’
628	,
629	ὦ
630	ἄνδρες
631	Ἀθηναῖοι
632	,
633	περὶ
634	τούτων
635	εἰπεῖν
636	πρῶτον
637	,
638	ἵνα
639	μηδεὶς
640	ὑμῶν
641	τοῖς
642	ἔξωθεν
643	λόγοις
644	ἠγμένος
645	ἀλλοτριώτερον
646	τῶν
647	ὑπὲρ
648	τῆς
649	γραφῆς
650	δικαίων
651	ἀκούῃ
652	μου
653	.
654	περὶ
655	μὲν
656	δὴ
657	τῶν
658	ἰδίων
659	ὅσα
660	λοιδορούμενος
661	βεβλασφήμηκεν
662	περὶ
663	ἐμοῦ
664	,
665	θεάσασθ’
666	ὡς
667	ἁπλᾶ
668	καὶ
669	δίκαια
670	λέγω
671	.
672	εἰ
673	μὲν
674	ἴστε
675	με
676	τοιοῦτον
677	οἷον
678	οὗτος
679	ᾐτιᾶτο
680	(
681	οὐ
682	γὰρ
683	ἄλλοθί
684	που
685	βεβίωκ’
686	ἢ
687	παρ’
688	ὑμῖν
689	)
690	,
691	μη
692	δὲ
693	φωνὴν
694	ἀνάσχησθε
695	,
696	μηδ’
697	εἰ
698	πάντα
699	τὰ
700	κοινὰ
701	ὑπέρευ
702	πεπολίτευμαι
703	,
704	ἀλλ’
705	ἀναστάντες
706	καταψηφίσασθ’
707	ἤδη
708	·
709	εἰ
710	δὲ
711	πολλῷ
712	βελτίω
713	τούτου
714	καὶ
715	ἐκ
716	βελτιόνων
717	,
718	καὶ
719	μηδενὸς
720	τῶν
721	μετρίων
722	,
723	ἵνα
724	μηδὲν
725	ἐπαχθὲς
726	λέγω
727	,
728	χείρονα
729	καὶ
730	ἐμὲ
731	καὶ
732	τοὺς
733	ἐμοὺς
734	ὑπειλήφατε
735	καὶ
736	γιγνώσκετε
737	,
738	τούτῳ
739	μὲν
740	μηδ’
741	ὑπὲρ
742	τῶν
743	ἄλλων
744	πιστεύετε
745	(
746	δῆλον
747	γὰρ
748	ὡς
749	ὁμοίως
750	ἅπαντ’
751	ἐπλάττετο
752	)
753	,
754	ἐμοὶ
755	δ’
756	,
757	ἣν
758	παρὰ
759	πάντα
760	τὸν
761	χρόνον
762	εὔνοιαν
763	ἐνδέδειχθ’
764	ἐπὶ
765	πολλῶν
766	ἀγώνων
767	τῶν
768	πρότερον
769	,
770	καὶ
771	νυνὶ
772	παράσχεσθε
773	.
774	κακοήθης
775	δ’
776	ὤν
777	,
778	Αἰσχίνη
779	,
780	τοῦτο
781	παντελῶς
782	εὔηθες
783	ᾠήθης
784	,
785	τοὺς
786	περὶ
787	τῶν
788	πεπραγμένων
789	καὶ
790	πεπολιτευμένων
791	λόγους
792	ἀφέντα
793	με
794	πρὸς
795	τὰς
796	λοιδορίας
797	τὰς
798	παρὰ
799	σοῦ
800	τρέψεσθαι
801	.
802	οὐ
803	δὴ
804	ποιήσω
805	τοῦτο
806	·
807	οὐχ
808	οὕτω
809	τετύφωμαι
810	·
811	ἀλλ’
812	ὑπὲρ
813	μὲν
814	τῶν
815	πεπολιτευμένων
816	ἃ
817	κατεψεύδου
818	καὶ
819	διέβαλλες
820	ἐξετάσω
821	,
822	τῆς
823	δὲ
824	πομπείας
825	ταύτης
826	τῆς
827	ἀνέδην
828	γεγενημένης
829	,
830	ὕστερον
831	,
832	ἂν
833	βουλομένοις
834	ᾖ
835	τουτοισί
836	,
837	μνησθήσομαι
838	.
839	τὰ
840	μὲν
841	οὖν
842	κατηγορημένα
843	πολλά
844	,
845	καὶ
846	περὶ
847	ὧν
848	ἐνίων
849	μεγάλας
850	καὶ
851	τὰς
852	ἐσχάτας
853	οἱ
854	νόμοι
855	διδόασι
856	τιμωρίας
857	,
858	τοῦ
859	δὲ
860	παρόντος
861	ἀγῶνος
862	ἡ
863	προαίρεσις
864	αὕτη
865	·
866	ἐχθροῦ
867	μὲν
868	ἐπήρειαν
869	ἔχει
870	καὶ
871	ὕβριν
872	καὶ
873	λοιδορίαν
874	καὶ
875	προπηλακισμὸν
876	ὁμοῦ
877	καὶ
878	πάντα
879	τὰ
880	τοιαῦτα
881	,
882	τῶν
883	μέντοι
884	κατηγοριῶν
885	καὶ
886	τῶν
887	αἰτιῶν
888	τῶν
889	εἰρημένων
890	,
891	εἴπερ
892	ἦσαν
893	ἀληθεῖς
894	,
895	οὐκ
896	ἔνι
897	τῇ
898	πόλει
899	δίκην
900	ἀξίαν
901	λαβεῖν
902	,
903	οὐδ’
904	ἐγγύς
905	.
906	οὐ
907	γὰρ
908	ἀφαιρεῖσθαι
909	δεῖ
910	τὸ
911	προσελθεῖν
912	τῷ
913	δήμῳ
914	καὶ
915	λόγου
916	τυχεῖν
917	,
918	οὐδ’
919	ἐν
920	ἐπηρείας
921	τάξει
922	καὶ
923	φθόνου
924	τοῦτο
925	ποιεῖν
926	·
927	οὔ
928	τε
929	μὰ
930	τοὺς
931	θεοὺς
932	ὀρθῶς
933	ἔχον
934	οὔ
935	τε
936	πολιτικὸν
937	οὔ
938	τε
939	δίκαιόν
940	ἐστιν
941	,
942	ὦ
943	ἄνδρες
944	Ἀθηναῖοι
945	·
946	ἀλλ’
947	ἐφ’
948	οἷς
949	ἀδικοῦντά
950	μ’
951	ἑώρα
952	τὴν
953	πόλιν
954	,
955	οὖσί
956	γε
957	τηλικούτοις
958	ἡλίκα
959	νῦν
960	ἐτραγῴδει
961	καὶ
962	διεξῄει
963	,
964	ταῖς
965	ἐκ
966	τῶν
967	νόμων
968	τιμωρίαις
969	παρ’
970	αὐτὰ
971	τ
972	ἀδικήματα
973	χρῆσθαι
974	,
975	εἰ
976	μὲν
977	εἰσαγγελίας
978	ἄξια
979	πράττονθ’
980	ἑώρα
981	,
982	εἰσαγγέλλοντα
983	καὶ
984	τοῦτον
985	τὸν
986	τρόπον
987	εἰς
988	κρίσιν
989	καθιστάντα
990	παρ’
991	ὑμῖν
992	,
993	εἰ
994	δὲ
995	γράφοντα
996	παράνομα
997	,
998	παρανόμων
999	γραφόμενον
1000	·
1001	οὐ
1002	γὰρ
1003	δήπου
1004	Κτησιφῶντα
1005	μὲν
1006	δύναται
1007	διώκειν
1008	δι’
1009	ἐμέ
1010	,
1011	ἐμὲ
1012	δ’
1013	,
1014	εἴπερ
1015	ἐξελέγξειν
1016	ἐνόμιζεν
1017	,
1018	αὐτὸν
1019	οὐκ
1020	ἂν
1021	ἐγράψατο
1022	.
1023	καὶ
1024	μὴν
1025	εἴ
1026	τι
1027	τῶν
1028	ἄλλων
1029	ὧν
1030	νυνὶ
1031	διέβαλλε
1032	καὶ
1033	διεξῄει
1034	ἢ
1035	καὶ
1036	ἄλλ’
1037	ὁτιοῦν
1038	ἀδικοῦντά
1039	μ’
1040	ὑμᾶς
1041	ἑώρα
1042	,
1043	εἰσὶ
1044	νόμοι
1045	περὶ
1046	πάντων
1047	καὶ
1048	τιμωρίαι
1049	,
1050	καὶ
1051	ἀγῶνες
1052	καὶ
1053	κρίσεις
1054	πικρὰ
1055	καὶ
1056	μεγάλ’
1057	ἔχουσαι
1058	τ
1059	ἀπιτίμια
1060	,
1061	καὶ
1062	τούτοις
1063	ἐξῆν
1064	ἅπασι
1065	χρῆσθαι
1066	,
1067	καὶ
1068	ὁπηνίκ’
1069	ἐφαίνετο
1070	ταῦτα
1071	πεποιηκὼς
1072	καὶ
1073	τοῦτον
1074	τὸν
1075	τρόπον
1076	κεχρημένος
1077	τοῖς
1078	πρὸς
1079	ἐμέ
1080	,
1081	ὡμολογεῖτ’
1082	ἂν
1083	ἡ
1084	κατηγορία
1085	τοῖς
1086	ἔργοις
1087	αὐτοῦ
1088	.
1089	νῦν
1090	δ’
1091	ἐκστὰς
1092	τῆς
1093	ὀρθῆς
1094	καὶ
1095	δικαίας
1096	ὁδοῦ
1097	καὶ
1098	φυγὼν
1099	τοὺς
1100	παρ’
1101	αὐτὰ
1102	τὰ
1103	πράγματ’
1104	ἐλέγχους
1105	,
1106	τοσούτοις
1107	ὕστερον
1108	χρόνοις
1109	αἰτίας
1110	καὶ
1111	σκώμματα
1112	καὶ
1113	λοιδορίας
1114	συμφορήσας
1115	ὑποκρίνεται
1116	·
1117	εἶτα
1118	κατηγορεῖ
1119	μὲν
1120	ἐμοῦ
1121	,
1122	κρίνει
1123	δὲ
1124	τουτονί
1125	,
1126	καὶ
1127	τοῦ
1128	μὲν
1129	ἀγῶνος
1130	ὅλου
1131	τὴν
1132	πρὸς
1133	ἔμ’
1134	ἔχθραν
1135	προΐσταται
1136	,
1137	οὐδαμοῦ
1138	δ’
1139	ἐπὶ
1140	ταύτην
1141	ἀπηντηκὼς
1142	ἐμοὶ
1143	τὴν
1144	ἑτέρου
1145	ζητῶν
1146	ἐπιτιμίαν
1147	ἀφελέσθαι
1148	φαίνεται
1149	.
1150	καίτοι
1151	πρὸς
1152	ἅπασιν
1153	,
1154	ὦ
1155	ἄνδρες
1156	Ἀθηναῖοι
1157	,
1158	τοῖς
1159	ἄλλοις
1160	οἷς
1161	ἂν
1162	εἰπεῖν
1163	τις
1164	ὑπὲρ
1165	Κτησιφῶντος
1166	ἔχοι
1167	,
1168	καὶ
1169	τοῦτ’
1170	ἔμοιγε
1171	δοκεῖ
1172	καὶ
1173	μάλ’
1174	εἰκότως
1175	ἂν
1176	λέγειν
1177	,
1178	ὅτι
1179	τῆς
1180	ἡμετέρας
1181	ἔχθρας
1182	ἡμᾶς
1183	ἐφ’
1184	ἡμῶν
1185	αὐτῶν
1186	δίκαιον
1187	ἦν
1188	τὸν
1189	ἐξετασμὸν
1190	ποιεῖσθαι
1191	,
1192	οὐ
1193	τὸ
1194	μὲν
1195	πρὸς
1196	ἀλλήλους
1197	ἀγωνίζεσθαι
1198	παραλείπειν
1199	,
1200	ἑτέρῳ
1201	δ’
1202	ὅτῳ
1203	κακόν
1204	τι
1205	δώσομεν
1206	ζητεῖν
1207	·
1208	ὑπερβολὴ
1209	γὰρ
1210	ἀδικίας
1211	τοῦτό
1212	γε
1213	.
1214	πάντα
1215	μὲν
1216	τοίνυν
1217	τὰ
1218	κατηγορημέν’
1219	ὁμοίως
1220	ἐκ
1221	τούτων
1222	ἄν
1223	τις
1224	ἴδοι
1225	,
1226	οὔ
1227	τε
1228	δικαίως
1229	οὔτ’
1230	ἐπ’
1231	ἀληθείας
1232	οὐδεμιᾶς
1233	εἰρημένα
1234	·
1235	βούλομαι
1236	δὲ
1237	καὶ
1238	καθ’
1239	ἓν
1240	ἕκαστον
1241	αὐτῶν
1242	ἐξετάσαι
1243	,
1244	καὶ
1245	μάλισθ’
1246	ὅσ’
1247	ὑπὲρ
1248	τῆς
1249	εἰρήνης
1250	καὶ
1251	τῆς
1252	πρεσβείας
1253	κατεψεύσατό
1254	μου
1255	,
1256	τὰ
1257	πεπραγμέν’
1258	ἑαυτῷ
1259	μετὰ
1260	Φιλοκράτους
1261	ἀνατιθεὶς
1262	ἐμοί
1263	.
1264	ἔστι
1265	δ’
1266	ἀναγκαῖον
1267	,
1268	ὦ
1269	ἄνδρες
1270	Ἀθηναῖοι
1271	,
1272	καὶ
1273	προσῆκον
1274	ἴσως
1275	,
1276	ὡς
1277	κατ’
1278	ἐκείνους
1279	τοὺς
1280	χρόνους
1281	εἶχε
1282	τὰ
1283	πράγματ’
1284	ἀναμνῆσαι
1285	,
1286	ἵνα
1287	πρὸς
1288	τὸν
1289	ὑπάρχοντα
1290	καιρὸν
1291	ἕκαστα
1292	θεωρῆτε
1293	.
1294	τοῦ
1295	γὰρ
1296	Φωκικοῦ
1297	συστάντος
1298	πολέμου
1299	,
1300	οὐ
1301	δι’
1302	ἐμέ
1303	(
1304	οὐ
1305	γὰρ
1306	ἔγωγ’
1307	ἐπολιτευόμην
1308	πω
1309	τότε
1310	)
1311	,
1312	πρῶτον
1313	μὲν
1314	ὑμεῖς
1315	οὕτω
1316	διέκεισθε
1317	ὥστε
1318	Φωκέας
1319	μὲν
1320	βούλεσθαι
1321	σωθῆναι
1322	,
1323	καίπερ
1324	οὐ
1325	δίκαια
1326	ποιοῦντας
1327	ὁρῶντες
1328	,
1329	Θηβαίοις
1330	δ’
1331	ὁτιοῦν
1332	ἂν
1333	ἐφησθῆναι
1334	παθοῦσιν
1335	,
1336	οὐκ
1337	ἀλόγως
1338	οὐδ’
1339	ἀδίκως
1340	αὐτοῖς
1341	ὀργιζόμενοι
1342	·
1343	οἷς
1344	γὰρ
1345	ηὐτυχήκεσαν
1346	ἐν
1347	Λεύκτροις
1348	οὐ
1349	μετρίως
1350	ἐκέχρηντο
1351	·
1352	ἔπειθ’
1353	ἡ
1354	Πελοπόννησος
1355	ἅπασα
1356	διειστήκει
1357	,
1358	καὶ
1359	οὔθ’
1360	οἱ
1361	μισοῦντες
1362	Λακεδαιμονίους
1363	οὕτως
1364	ἴσχυον
1365	ὥστ’
1366	ἀνελεῖν
1367	αὐτούς
1368	,
1369	οὔθ’
1370	οἱ
1371	πρότερον
1372	δι’
1373	ἐκείνων
1374	ἄρχοντες
1375	κύριοι
1376	τῶν
1377	πόλεων
1378	ἦσαν
1379	,
1380	ἀλλά
1381	τις
1382	ἦν
1383	ἄκριτος
1384	καὶ
1385	παρὰ
1386	τούτοις
1387	καὶ
1388	παρὰ
1389	τοῖς
1390	ἄλλοις
1391	ἅπασιν
1392	ἔρις
1393	καὶ
1394	ταραχή
1395	.
1396	ταῦτα
1397	δ’
1398	ὁρῶν
1399	ὁ
1400	Φίλιππος
1401	(
1402	οὐ
1403	γὰρ
1404	ἦν
1405	ἀφανῆ
1406	)
1407	τοῖς
1408	παρ’
1409	ἑκάστοις
1410	προδόταις
1411	χρήματ’
1412	ἀναλίσκων
1413	πάντας
1414	συνέκρουε
1415	καὶ
1416	πρὸς
1417	αὑτοὺς
1418	ἐτάραττεν
1419	·
1420	εἶτ’
1421	ἐν
1422	οἷς
1423	ἡμάρτανον
1424	ἄλλοι
1425	καὶ
1426	κακῶς
1427	ἐφρόνουν
1428	,
1429	αὐτὸς
1430	παρεσκευάζετο
1431	καὶ
1432	κατὰ
1433	πάντων
1434	ἐφύετο
1435	.
1436	ὡς
1437	δὲ
1438	ταλαιπωρούμενοι
1439	τῷ
1440	μήκει
1441	τοῦ
1442	πολέμου
1443	οἱ
1444	τότε
1445	μὲν
1446	βαρεῖς
1447	,
1448	νῦν
1449	δ’
1450	ἀτυχεῖς
1451	Θηβαῖοι
1452	φανεροὶ
1453	πᾶσιν
1454	ἦσαν
1455	ἀναγκασθησόμενοι
1456	καταφεύγειν
1457	ἐφ’
1458	ὑμᾶς
1459	,
1460	ὁ
1461	Φίλιππος
1462	,
1463	ἵνα
1464	μὴ
1465	τοῦτο
1466	γένοιτο
1467	μη
1468	δὲ
1469	συνέλθοιεν
1470	αἱ
1471	πόλεις
1472	,
1473	ὑμῖν
1474	μὲν
1475	εἰρήνην
1476	,
1477	ἐκείνοις
1478	δὲ
1479	βοήθειαν
1480	ἐπηγγείλατο
1481	.
1482	τί
1483	οὖν
1484	συνηγωνίσατ’
1485	αὐτῷ
1486	πρὸς
1487	τὸ
1488	λαβεῖν
1489	ὀλίγου
1490	δεῖν
1491	ὑμᾶς
1492	ἑκόντας
1493	ἐξαπατωμένους
1494	;
1495	ἡ
1496	τῶν
1497	ἄλλων
1498	Ἑλλήνων
1499	,
1500	εἴ
1501	τε
1502	χρὴ
1503	κακίαν
1504	εἴτ’
1505	ἄγνοιαν
1506	εἴ
1507	τε
1508	καὶ
1509	ἀμφότερα
1510	ταῦτ’
1511	εἰπεῖν
1512	,
1513	οἳ
1514	πόλεμον
1515	συνεχῆ
1516	καὶ
1517	μακρὸν
1518	πολεμούντων
1519	ὑμῶν
1520	,
1521	καὶ
1522	τοῦτον
1523	ὑπὲρ
1524	τῶν
1525	πᾶσι
1526	συμφερόντων
1527	,
1528	ὡς
1529	ἔργῳ
1530	φανερὸν
1531	γέγονεν
1532	,
1533	οὔ
1534	τε
1535	χρήμασιν
1536	οὔ
1537	τε
1538	σώμασιν
1539	οὔτ’
1540	ἄλλῳ
1541	οὐδενὶ
1542	τῶν
1543	ἁπάντων
1544	συνελάμβανον
1545	ὑμῖν
1546	·
1547	οἷς
1548	καὶ
1549	δικαίως
1550	καὶ
1551	προσηκόντως
1552	ὀργιζόμενοι
1553	ἑτοίμως
1554	ὑπηκούσατε
1555	τῷ
1556	Φιλίππῳ
1557	.
1558	ἡ
1559	μὲν
1560	οὖν
1561	τότε
1562	συγχωρηθεῖσ’
1563	εἰρήνη
1564	διὰ
1565	ταῦτ’
1566	,
1567	οὐ
1568	δι’
1569	ἐμέ
1570	,
1571	ὡς
1572	οὗτος
1573	διέβαλλεν
1574	,
1575	ἐπράχθη
1576	·
1577	τὰ
1578	δὲ
1579	τούτων
1580	ἀδικήματα
1581	καὶ
1582	δωροδοκήματ’
1583	ἐν
1584	αὐτῇ
1585	τῶν
1586	νυνὶ
1587	παρόντων
1588	πραγμάτων
1589	,
1590	ἄν
1591	τις
1592	ἐξετάζῃ
1593	δικαίως
1594	,
1595	αἴτι’
1596	εὑρήσει
1597	.
1598	καὶ
1599	ταυτὶ
1600	πάνθ’
1601	ὑπὲρ
1602	τῆς
1603	ἀληθείας
1604	ἀκριβολογοῦμαι
1605	καὶ
1606	διεξέρχομαι
1607	.
1608	εἰ
1609	γὰρ
1610	εἶναί
1611	τι
1612	δοκοίη
1613	τὰ
1614	μάλιστ’
1615	ἐν
1616	τούτοις
1617	ἀδίκημα
1618	,
1619	οὐδέν
1620	ἐστι
1621	δήπου
1622	πρὸς
1623	ἐμέ
1624	·
1625	ἀλλ’
1626	ὁ
1627	μὲν
1628	πρῶτος
1629	εἰπὼν
1630	καὶ
1631	μνησθεὶς
1632	ὑπὲρ
1633	τῆς
1634	εἰρήνης
1635	Ἀριστόδημος
1636	ἦν
1637	ὁ
1638	ὑποκριτής
1639	,
1640	ὁ
1641	δ’
1642	ἐκδεξάμενος
1643	καὶ
1644	γράψας
1645	καὶ
1646	ἑαυτὸν
1647	μετὰ
1648	τούτου
1649	μισθώσας
1650	ἐπὶ
1651	ταῦτα
1652	Φιλοκράτης
1653	ὁ
1654	Ἁγνούσιος
1655	,
1656	ὁ
1657	σός
1658	,
1659	Αἰσχίνη
1660	,
1661	κοινωνός
1662	,
1663	οὐχ
1664	ὁ
1665	ἐμός
1666	,
1667	οὐδ’
1668	ἂν
1669	σὺ
1670	διαρραγῇς
1671	ψευδόμενος
1672	,
1673	οἱ
1674	δὲ
1675	συνειπόντες
1676	ὅτου
1677	δήποθ’
1678	εἵνεκα
1679	(
1680	ἐῶ
1681	γὰρ
1682	τοῦτό
1683	γ’
1684	ἐν
1685	τῷ
1686	παρόντι
1687	)
1688	Εὔβουλος
1689	καὶ
1690	Κηφισοφῶν
1691	·
1692	ἐγὼ
1693	δ’
1694	οὐδὲν
1695	οὐδαμοῦ
1696	.
1697	ἀλλ’
1698	ὅμως
1699	,
1700	τούτων
1701	τοιούτων
1702	ὄντων
1703	καὶ
1704	ἐπ’
1705	αὐτῆς
1706	τῆς
1707	ἀληθείας
1708	οὕτω
1709	δεικνυμένων
1710	,
1711	εἰς
1712	τοῦθ’
1713	ἧκεν
1714	ἀναιδείας
1715	ὥστ’
1716	ἐτόλμα
1717	λέγειν
1718	ὡς
1719	ἄρ’
1720	ἐγὼ
1721	πρὸς
1722	τῷ
1723	τῆς
1724	εἰρήνης
1725	αἴτιος
1726	γεγενῆσθαι
1727	καὶ
1728	κεκωλυκὼς
1729	εἴην
1730	τὴν
1731	πόλιν
1732	μετὰ
1733	κοινοῦ
1734	συνεδρίου
1735	τῶν
1736	Ἑλλήνων
1737	ταύτην
1738	ποιήσασθαι
1739	.
1740	εἶτ’
1741	ὦ—τί
1742	ἂν
1743	εἰπών
1744	σέ
1745	τις
1746	ὀρθῶς
1747	προσείποι
1748	;
1749	ἔστιν
1750	ὅπου
1751	σὺ
1752	παρὼν
1753	τηλικαύτην
1754	πρᾶξιν
1755	καὶ
1756	συμμαχίαν
1757	,
1758	ἡλίκην
1759	νυνὶ
1760	διεξῄεις
1761	,
1762	ὁρῶν
1763	ἀφαιρούμενόν
1764	με
1765	τῆς
1766	πόλεως
1767	,
1768	ἠγανάκτησας
1769	,
1770	ἢ
1771	παρελθὼν
1772	ταῦθ’
1773	ἃ
1774	νῦν
1775	κατηγόρεις
1776	ἐδίδαξας
1777	καὶ
1778	διεξῆλθες
1779	;
1780	καὶ
1781	μὴν
1782	εἰ
1783	τὸ
1784	κωλῦσαι
1785	τὴν
1786	τῶν
1787	Ἑλλήνων
1788	κοινωνίαν
1789	ἐπεπράκειν
1790	ἐγὼ
1791	Φιλίππῳ
1792	,
1793	σοὶ
1794	τὸ
1795	μὴ
1796	σιγῆσαι
1797	λοιπὸν
1798	ἦν
1799	,
1800	ἀλλὰ
1801	βοᾶν
1802	καὶ
1803	διαμαρτύρεσθαι
1804	καὶ
1805	δηλοῦν
1806	τουτοισί
1807	.
1808	οὐ
1809	τοίνυν
1810	ἐποίησας
1811	οὐδαμοῦ
1812	τοῦτο
1813	,
1814	οὐδ’
1815	ἤκουσέ
1816	σου
1817	ταύτην
1818	τὴν
1819	φωνὴν
1820	οὐδείς
1821	·
1822	οὔ
1823	τε
1824	γὰρ
1825	ἦν
1826	πρεσβεία
1827	πρὸς
1828	οὐδέν’
1829	ἀπεσταλμένη
1830	τότε
1831	τῶν
1832	Ἑλλήνων
1833	,
1834	ἀλλὰ
1835	πάλαι
1836	πάντες
1837	ἦσαν
1838	ἐξεληλεγμένοι
1839	,
1840	οὔθ’
1841	οὗτος
1842	ὑγιὲς
1843	περὶ
1844	τούτων
1845	εἴρηκεν
1846	οὐδέν
1847	.
1848	χωρὶς
1849	δὲ
1850	τούτων
1851	καὶ
1852	διαβάλλει
1853	τὴν
1854	πόλιν
1855	τὰ
1856	μέγιστ’
1857	ἐν
1858	οἷς
1859	ψεύδεται
1860	·
1861	εἰ
1862	γὰρ
1863	ὑμεῖς
1864	ἅμα
1865	τοὺς
1866	μὲν
1867	Ἕλληνας
1868	εἰς
1869	πόλεμον
1870	παρεκαλεῖτε
1871	,
1872	αὐτοὶ
1873	δὲ
1874	πρὸς
1875	Φίλιππον
1876	περὶ
1877	εἰρήνης
1878	πρέσβεις
1879	ἐπέμπετε
1880	,
1881	Εὐρυβάτου
1882	πρᾶγμα
1883	,
1884	οὐ
1885	πόλεως
1886	ἔργον
1887	οὐ
1888	δὲ
1889	χρηστῶν
1890	ἀνθρώπων
1891	διεπράττεσθε
1892	.
1893	ἀλλ’
1894	οὐκ
1895	ἔστι
1896	ταῦτα
1897	,
1898	οὐκ
1899	ἔστι
1900	·
1901	τί
1902	γὰρ
1903	καὶ
1904	βουλόμενοι
1905	μετεπέμπεσθ’
1906	ἂν
1907	αὐτοὺς
1908	ἐν
1909	τούτῳ
1910	τῷ
1911	καιρῷ
1912	;
1913	ἐπὶ
1914	τὴν
1915	εἰρήνην
1916	;
1917	ἀλλ’
1918	ὑπῆρχεν
1919	ἅπασιν
1920	.
1921	ἀλλ’
1922	ἐπὶ
1923	τὸν
1924	πόλεμον
1925	;
1926	ἀλλ’
1927	αὐτοὶ
1928	περὶ
1929	εἰρήνης
1930	ἐβουλεύεσθε
1931	.
1932	οὔκουν
1933	οὔ
1934	τε
1935	τῆς
1936	ἐξ
1937	ἀρχῆς
1938	εἰρήνης
1939	ἡγεμὼν
1940	οὐδ’
1941	αἴτιος
1942	ὢν
1943	ἐγὼ
1944	φαίνομαι
1945	,
1946	οὔ
1947	τε
1948	τῶν
1949	ἄλλων
1950	ὧν
1951	κατεψεύσατό
1952	μου
1953	οὐδὲν
1954	ἀληθὲς
1955	ὂν
1956	δείκνυται
1957	.
1958	ἐπειδὴ
1959	τοίνυν
1960	ἐποιήσατο
1961	τὴν
1962	εἰρήνην
1963	ἡ
1964	πόλις
1965	,
1966	ἐνταῦθα
1967	πάλιν
1968	σκέψασθε
1969	τί
1970	ἡμῶν
1971	ἑκάτερος
1972	προείλετο
1973	πράττειν
1974	·
1975	καὶ
1976	γὰρ
1977	ἐκ
1978	τούτων
1979	εἴσεσθε
1980	τίς
1981	ἦν
1982	ὁ
1983	Φιλίππῳ
1984	πάντα
1985	συναγωνιζόμενος
1986	,
1987	καὶ
1988	τίς
1989	ὁ
1990	πράττων
1991	ὑπὲρ
1992	ὑμῶν
1993	καὶ
1994	τὸ
1995	τῇ
1996	πόλει
1997	συμφέρον
1998	ζητῶν
1999	.
2000	ἐγὼ
2001	μὲν
2002	τοίνυν
2003	ἔγραψα
2004	βουλεύων
2005	ἀποπλεῖν
2006	τὴν
2007	ταχίστην
2008	τοὺς
2009	πρέσβεις
2010	ἐπὶ
2011	τοὺς
2012	τόπους
2013	ἐν
2014	οἷς
2015	ἂν
2016	ὄντα
2017	Φίλιππον
2018	πυνθάνωνται
2019	,
2020	καὶ
2021	τοὺς
2022	ὅρκους
2023	ἀπολαμβάνειν
2024	·
2025	οὗτοι
2026	δ’
2027	οὐ
2028	δὲ
2029	γράψαντος
2030	ἐμοῦ
2031	ταῦτα
2032	ποιεῖν
2033	ἠθέλησαν
2034	.
2035	τί
2036	δὲ
2037	τοῦτ’
2038	ἐδύνατο
2039	,
2040	ὦ
2041	ἄνδρες
2042	Ἀθηναῖοι
2043	;
2044	ἐγὼ
2045	διδάξω
2046	.
2047	Φιλίππῳ
2048	μὲν
2049	ἦν
2050	συμφέρον
2051	ὡς
2052	πλεῖστον
2053	τὸν
2054	μεταξὺ
2055	χρόνον
2056	γενέσθαι
2057	τῶν
2058	ὅρκων
2059	,
2060	ὑμῖν
2061	δ’
2062	ὡς
2063	ἐλάχιστον
2064	.
2065	διὰ
2066	τί
2067	;
2068	ὅτι
2069	ὑμεῖς
2070	μὲν
2071	οὐκ
2072	ἀφ’
2073	ἧς
2074	ὠμόσαθ’
2075	ἡμέρας
2076	μόνον
2077	,
2078	ἀλλ’
2079	ἀφ’
2080	ἧς
2081	ἠλπίσατε
2082	τὴν
2083	εἰρήνην
2084	ἔσεσθαι
2085	,
2086	πάσας
2087	ἐξελύσατε
2088	τὰς
2089	παρασκευὰς
2090	τὰς
2091	τοῦ
2092	πολέμου
2093	,
2094	ὁ
2095	δὲ
2096	τοῦτ’
2097	ἐκ
2098	παντὸς
2099	τοῦ
2100	χρόνου
2101	μάλιστ’
2102	ἐπραγματεύετο
2103	,
2104	νομίζων
2105	,
2106	ὅπερ
2107	ἦν
2108	ἀληθές
2109	,
2110	ὅσα
2111	τῆς
2112	πόλεως
2113	προλάβοι
2114	πρὸ
2115	τοῦ
2116	τοὺς
2117	ὅρκους
2118	ἀποδοῦναι
2119	,
2120	πάντα
2121	ταῦτα
2122	βεβαίως
2123	ἕξειν
2124	·
2125	οὐδένα
2126	γὰρ
2127	τὴν
2128	εἰρήνην
2129	λύσειν
2130	τούτων
2131	εἵνεκα
2132	.
2133	ἁγὼ
2134	προορώμενος
2135	,
2136	ἄνδρες
2137	Ἀθηναῖοι
2138	,
2139	καὶ
2140	λογιζόμενος
2141	τὸ
2142	ψήφισμα
2143	τοῦτο
2144	γράφω
2145	,
2146	πλεῖν
2147	ἐπὶ
2148	τοὺς
2149	τόπους
2150	ἐν
2151	οἷς
2152	ἂν
2153	ᾖ
2154	Φίλιππος
2155	καὶ
2156	τοὺς
2157	ὅρκους
2158	τὴν
2159	ταχίστην
2160	ἀπολαμβάνειν
2161	,
2162	ἵν’
2163	ἐχόντων
2164	τῶν
2165	Θρᾳκῶν
2166	,
2167	τῶν
2168	ὑμετέρων
2169	συμμάχων
2170	,
2171	ταῦτα
2172	τὰ
2173	χωρί’
2174	ἃ
2175	νῦν
2176	οὗτος
2177	διέσυρε
2178	,
2179	τὸ
2180	Σέρριον
2181	καὶ
2182	τὸ
2183	Μυρτηνὸν
2184	καὶ
2185	τὴν
2186	Ἐργίσκην
2187	,
2188	οὕτω
2189	γίγνοινθ’
2190	οἱ
2191	ὅρκοι
2192	,
2193	καὶ
2194	μὴ
2195	προλαβὼν
2196	ἐκεῖνος
2197	τοὺς
2198	ἐπικαίρους
2199	τῶν
2200	τόπων
2201	κύριος
2202	τῆς
2203	Θρᾴκης
2204	κατασταίη
2205	,
2206	μη
2207	δὲ
2208	πολλῶν
2209	μὲν
2210	χρημάτων
2211	πολλῶν
2212	δὲ
2213	στρατιωτῶν
2214	εὐπορήσας
2215	ἐκ
2216	τούτων
2217	ῥᾳδίως
2218	τοῖς
2219	λοιποῖς
2220	ἐπιχειροίη
2221	πράγμασιν
2222	.
2223	εἶτα
2224	τοῦτο
2225	μὲν
2226	οὐχὶ
2227	λέγει
2228	τὸ
2229	ψήφισμ’
2230	οὐδ’
2231	ἀναγιγνώσκει
2232	·
2233	εἰ
2234	δὲ
2235	βουλεύων
2236	ἐγὼ
2237	προσάγειν
2238	τοὺς
2239	πρέσβεις
2240	ᾤμην
2241	δεῖν
2242	,
2243	τοῦτό
2244	μου
2245	διαβάλλει
2246	.
2247	ἀλλὰ
2248	τί
2249	ἐχρῆν
2250	με
2251	ποιεῖν
2252	;
2253	μὴ
2254	προσάγειν
2255	γράψαι
2256	τοὺς
2257	ἐπὶ
2258	τοῦθ’
2259	ἥκοντας
2260	,
2261	ἵν’
2262	ὑμῖν
2263	διαλεχθῶσιν
2264	;
2265	ἢ
2266	θέαν
2267	μὴ
2268	κατανεῖμαι
2269	τὸν
2270	ἀρχιτέκτον’
2271	αὐτοῖς
2272	κελεῦσαι
2273	;
2274	ἀλλ’
2275	ἐν
2276	τοῖν
2277	δυοῖν
2278	ὀβολοῖν
2279	ἐθεώρουν
2280	ἄν
2281	,
2282	εἰ
2283	μὴ
2284	τοῦτ’
2285	ἐγράφη
2286	.
2287	τὰ
2288	μικρὰ
2289	συμφέροντα
2290	τῆς
2291	πόλεως
2292	ἔδει
2293	με
2294	φυλάττειν
2295	,
2296	τὰ
2297	δ’
2298	ὅλα
2299	,
2300	ὥσπερ
2301	οὗτοι
2302	,
2303	πεπρακέναι
2304	;
2305	οὐ
2306	δήπου
2307	.
2308	λέγε
2309	τοίνυν
2310	μοι
2311	τὸ
2312	ψήφισμα
2313	τουτὶ
2314	λαβών
2315	,
2316	ὃ
2317	σαφῶς
2318	οὗτος
2319	εἰδὼς
2320	παρέβη
2321	.
2322	ΨΗΦΙΣΜΑ
2323	ΔΗΜΟΣΘΕΝΟΥΣ
2324	.
2325	ἐπὶ
2326	ἄρχοντος
2327	Μνησιφίλου
2328	,
2329	ἑκατομβαιῶνος
2330	ἕνῃ
2331	καὶ
2332	νέᾳ
2333	,
2334	φυλῆς
2335	πρυτανευούσης
2336	Πανδιονίδος
2337	,
2338	Δημοσθένης
2339	Δημοσθένους
2340	Παιανιεὺς
2341	εἶπεν
2342	·
2343	ἐπειδὴ
2344	Φίλιππος
2345	ἀποστείλας
2346	πρέσβεις
2347	περὶ
2348	τῆς
2349	εἰρήνης
2350	ὁμολογουμένας
2351	πεποίηται
2352	συνθήκας
2353	,
2354	δεδόχθαι
2355	τῇ
2356	βουλῇ
2357	καὶ
2358	τῷ
2359	δήμῳ
2360	τῷ
2361	Ἀθηναίων
2362	,
2363	ὅπως
2364	ἂν
2365	ἡ
2366	εἰρήνη
2367	ἐπιτελεσθῇ
2368	ἡ
2369	ἐπιχειροτονηθεῖσα
2370	ἐν
2371	τῇ
2372	πρώτῃ
2373	ἐκκλησίᾳ
2374	,
2375	πρέσβεις
2376	ἑλέσθαι
2377	ἐκ
2378	πάντων
2379	Ἀθηναίων
2380	ἤδη
2381	πέντε
2382	,
2383	τοὺς
2384	δὲ
2385	χειροτονηθέντας
2386	ἀποδημεῖν
2387	μηδεμίαν
2388	ὑπερβολὴν
2389	ποιουμένους
2390	,
2391	ὅπου
2392	ἂν
2393	ὄντας
2394	πυνθάνωνται
2395	τὸν
2396	Φίλιππον
2397	,
2398	καὶ
2399	τοὺς
2400	ὅρκους
2401	λαβεῖν
2402	τε
2403	παρ’
2404	αὐτοῦ
2405	καὶ
2406	δοῦναι
2407	τὴν
2408	ταχίστην
2409	ἐπὶ
2410	ταῖς
2411	ὡμολογημέναις
2412	συνθήκαις
2413	αὐτῷ
2414	πρὸς
2415	τὸν
2416	Ἀθηναίων
2417	δῆμον
2418	,
2419	συμπεριλαμβάνοντας
2420	καὶ
2421	τοὺς
2422	ἑκατέρων
2423	συμμάχους
2424	.
2425	πρέσβεις
2426	ᾑρέθησαν
2427	Εὔβουλος
2428	Ἀναφλύστιος
2429	,
2430	Αἰσχίνης
2431	Κοθωκίδης
2432	,
2433	Κηφισοφῶν
2434	Ῥαμνούσιος
2435	,
2436	Δημοκράτης
2437	Φλυεύς
2438	,
2439	Κλέων
2440	Κοθωκίδης
2441	.
2442	ταῦτα
2443	γράψαντος
2444	ἐμοῦ
2445	τότε
2446	καὶ
2447	τὸ
2448	τῇ
2449	πόλει
2450	συμφέρον
2451	οὐ
2452	τὸ
2453	Φιλίππῳ
2454	ζητοῦντος
2455	,
2456	βραχὺ
2457	φροντίσαντες
2458	οἱ
2459	χρηστοὶ
2460	πρέσβεις
2461	οὗτοι
2462	καθῆντ’
2463	ἐν
2464	Μακεδονίᾳ
2465	τρεῖς
2466	ὅλους
2467	μῆνας
2468	,
2469	ἕως
2470	ἦλθε
2471	Φίλιππος
2472	ἐκ
2473	Θρᾴκης
2474	πάντα
2475	καταστρεψάμενος
2476	,
2477	ἐξὸν
2478	ἡμερῶν
2479	δέκα
2480	,
2481	ὁμοίως
2482	δὲ
2483	τριῶν
2484	ἢ
2485	τεττάρων
2486	,
2487	εἰς
2488	τὸν
2489	Ἑλλήσποντον
2490	ἀφῖχθαι
2491	καὶ
2492	τὰ
2493	χωρία
2494	σῶσαι
2495	,
2496	λαβόντας
2497	τοὺς
2498	ὅρκους
2499	πρὶν
2500	ἐκεῖνον
2501	ἐξελεῖν
2502	αὐτά
2503	·
2504	οὐ
2505	γὰρ
2506	ἂν
2507	ἥψατ’
2508	αὐτῶν
2509	παρόντων
2510	ἡμῶν
2511	,
2512	ἢ
2513	οὐκ
2514	ἂν
2515	ὡρκίζομεν
2516	αὐτόν
2517	,
2518	ὥστε
2519	τῆς
2520	εἰρήνης
2521	ἂν
2522	διημαρτήκει
2523	καὶ
2524	οὐκ
2525	ἂν
2526	ἀμφότερ’
2527	εἶχε
2528	,
2529	καὶ
2530	τὴν
2531	εἰρήνην
2532	καὶ
2533	τὰ
2534	χωρία
2535	.
2536	τὸ
2537	μὲν
2538	τοίνυν
2539	ἐν
2540	τῇ
2541	πρεσβείᾳ
2542	πρῶτον
2543	κλέμμα
2544	μὲν
2545	Φιλίππου
2546	,
2547	δωροδόκημα
2548	δὲ
2549	τῶν
2550	ἀδίκων
2551	τούτων
2552	ἀνθρώπων
2553	τοιοῦτον
2554	ἐγένετο
2555	·
2556	ὑπὲρ
2557	οὗ
2558	καὶ
2559	τότε
2560	καὶ
2561	νῦν
2562	καὶ
2563	ἀεὶ
2564	ὁμολογῶ
2565	καὶ
2566	πολεμεῖν
2567	καὶ
2568	διαφέρεσθαι
2569	τούτοις
2570	.
2571	ἕτερον
2572	δ’
2573	εὐθὺς
2574	ἐφεξῆς
2575	ἔτι
2576	τούτου
2577	μεῖζον
2578	κακούργημα
2579	θεάσασθε
2580	.
2581	ἐπειδὴ
2582	γὰρ
2583	ὤμοσε
2584	τὴν
2585	εἰρήνην
2586	ὁ
2587	Φίλιππος
2588	προλαβὼν
2589	τὴν
2590	Θρᾴκην
2591	διὰ
2592	τούτους
2593	οὐχὶ
2594	πεισθέντας
2595	τῷ
2596	ἐμῷ
2597	ψηφίσματι
2598	,
2599	πάλιν
2600	ὠνεῖται
2601	παρ’
2602	αὐτῶν
2603	ὅπως
2604	μὴ
2605	ἄπιμεν
2606	ἐκ
2607	Μακεδονίας
2608	,
2609	ἕως
2610	τὰ
2611	τῆς
2612	στρατείας
2613	τῆς
2614	ἐπὶ
2615	τοὺς
2616	Φωκέας
2617	εὐτρεπῆ
2618	ποιήσαιτο
2619	,
2620	ἵνα
2621	μή
2622	,
2623	δεῦρ’
2624	ἀπαγγειλάντων
2625	ἡμῶν
2626	ὅτι
2627	μέλλει
2628	καὶ
2629	παρασκευάζεται
2630	πορεύεσθαι
2631	,
2632	ἐξέλθοιθ’
2633	ὑμεῖς
2634	καὶ
2635	περιπλεύσαντες
2636	ταῖς
2637	τριήρεσιν
2638	εἰς
2639	Πύλας
2640	ὥσπερ
2641	πρότερον
2642	κλείσαιτε
2643	τὸν
2644	τόπον
2645	,
2646	ἀλλ’
2647	ἅμ’
2648	ἀκούοιτε
2649	ταῦτ’
2650	ἀπαγγελλόντων
2651	ἡμῶν
2652	κ
2653	ἀκεῖνος
2654	ἐντὸς
2655	εἴη
2656	Πυλῶν
2657	καὶ
2658	μηδὲν
2659	ἔχοιθ’
2660	ὑμεῖς
2661	ποιῆσαι
2662	.
2663	οὕτω
2664	δ’
2665	ἦν
2666	ὁ
2667	Φίλιππος
2668	ἐν
2669	φόβῳ
2670	καὶ
2671	πολλῇ
2672	ἀγωνίᾳ
2673	,
2674	μὴ
2675	καὶ
2676	ταῦτα
2677	προειληφότος
2678	αὐτοῦ
2679	,
2680	εἰ
2681	πρὸ
2682	τοῦ
2683	τοὺς
2684	Φωκέας
2685	ἀπολέσθαι
2686	ψηφίσαισθε
2687	βοηθεῖν
2688	,
2689	ἐκφύγοι
2690	τὰ
2691	πράγματ’
2692	αὐτόν
2693	,
2694	ὥστε
2695	μισθοῦται
2696	τὸν
2697	κατάπτυστον
2698	τουτονί
2699	,
2700	οὐκέτι
2701	κοινῇ
2702	μετὰ
2703	τῶν
2704	ἄλλων
2705	πρέσβεων
2706	ἀλλ’
2707	ἰδίᾳ
2708	καθ’
2709	αὑτόν
2710	,
2711	τοιαῦτα
2712	πρὸς
2713	ὑμᾶς
2714	εἰπεῖν
2715	καὶ
2716	ἀπαγγεῖλαι
2717	δι’
2718	ὧν
2719	ἅπαντ’
2720	ἀπώλετο
2721	.
2722	ἀξιῶ
2723	δ’
2724	,
2725	ὦ
2726	ἄνδρες
2727	Ἀθηναῖοι
2728	,
2729	καὶ
2730	δέομαι
2731	τοῦτο
2732	μεμνῆσθαι
2733	παρ’
2734	ὅλον
2735	τὸν
2736	ἀγῶνα
2737	,
2738	ὅτι
2739	μὴ
2740	κατηγορήσαντος
2741	Αἰσχίνου
2742	μηδὲν
2743	ἔξω
2744	τῆς
2745	γραφῆς
2746	οὐδ’
2747	ἂν
2748	ἐγὼ
2749	λόγον
2750	οὐδέν’
2751	ἐποιούμην
2752	ἕτερον
2753	·
2754	πάσαις
2755	δ’
2756	αἰτίαις
2757	καὶ
2758	βλασφημίαις
2759	ἅμα
2760	τούτου
2761	κεχρημένου
2762	ἀνάγκη
2763	κ
2764	ἀμοὶ
2765	πρὸς
2766	ἕκαστα
2767	τῶν
2768	κατηγορημένων
2769	μίκρ’
2770	ἀποκρίνασθαι
2771	.
2772	τίνες
2773	οὖν
2774	ἦσαν
2775	οἱ
2776	παρὰ
2777	τούτου
2778	λόγοι
2779	τότε
2780	ῥηθέντες
2781	,
2782	καὶ
2783	δι’
2784	οὓς
2785	ἅπαντ’
2786	ἀπώλετο
2787	;
2788	ὡς
2789	οὐ
2790	δεῖ
2791	θορυβεῖσθαι
2792	τῷ
2793	παρεληλυθέναι
2794	Φίλιππον
2795	εἴσω
2796	Πυλῶν
2797	·
2798	ἔσται
2799	γὰρ
2800	ἅπανθ’
2801	ὅσα
2802	βούλεσθ’
2803	ὑμεῖς
2804	,
2805	ἂν
2806	ἔχηθ’
2807	ἡσυχίαν
2808	,
2809	καὶ
2810	ἀκούσεσθε
2811	δυοῖν
2812	ἢ
2813	τριῶν
2814	ἡμερῶν
2815	,
2816	οἷς
2817	μὲν
2818	ἐχθρὸς
2819	ἥκει
2820	,
2821	φίλον
2822	αὐτὸν
2823	γεγενημένον
2824	,
2825	οἷς
2826	δὲ
2827	φίλος
2828	,
2829	τ
2830	οὐναντίον
2831	ἐχθρόν
2832	.
2833	οὐ
2834	γὰρ
2835	τὰ
2836	ῥήματα
2837	τὰς
2838	οἰκειότητας
2839	ἔφη
2840	βεβαιοῦν
2841	,
2842	μάλα
2843	σεμνῶς
2844	ὀνομάζων
2845	,
2846	ἀλλὰ
2847	τὸ
2848	τ
2849	αὐτὰ
2850	συμφέρειν
2851	·
2852	συμφέρειν
2853	δὲ
2854	Φιλίππῳ
2855	καὶ
2856	Φωκεῦσι
2857	καὶ
2858	ὑμῖν
2859	ὁμοίως
2860	ἅπασι
2861	τῆς
2862	ἀναλγησίας
2863	καὶ
2864	τῆς
2865	βαρύτητος
2866	ἀπαλλαγῆναι
2867	τῆς
2868	τῶν
2869	Θηβαίων
2870	.
2871	ταῦτα
2872	δ’
2873	ἀσμένως
2874	τινὲς
2875	ἤκουον
2876	αὐτοῦ
2877	διὰ
2878	τὴν
2879	τόθ’
2880	ὑποῦσαν
2881	ἀπέχθειαν
2882	πρὸς
2883	τοὺς
2884	Θηβαίους
2885	.
2886	τί
2887	οὖν
2888	συνέβη
2889	μετὰ
2890	ταῦτ’
2891	εὐθύς
2892	,
2893	οὐκ
2894	εἰς
2895	μακράν
2896	;
2897	τοὺς
2898	μὲν
2899	Φωκέας
2900	ἀπολέσθαι
2901	καὶ
2902	κατασκαφῆναι
2903	τὰς
2904	πόλεις
2905	αὐτῶν
2906	,
2907	ὑμᾶς
2908	δ’
2909	ἡσυχίαν
2910	ἀγαγόντας
2911	καὶ
2912	τούτῳ
2913	πεισθέντας
2914	μικρὸν
2915	ὕστερον
2916	σκευαγωγεῖν
2917	ἐκ
2918	τῶν
2919	ἀγρῶν
2920	,
2921	τοῦτον
2922	δὲ
2923	χρυσίον
2924	λαβεῖν
2925	,
2926	καὶ
2927	ἔτι
2928	πρὸς
2929	τούτοις
2930	τὴν
2931	μὲν
2932	ἀπέχθειαν
2933	τὴν
2934	πρὸς
2935	Θηβαίους
2936	καὶ
2937	Θετταλοὺς
2938	τῇ
2939	πόλει
2940	γενέσθαι
2941	,
2942	τὴν
2943	δὲ
2944	χάριν
2945	τὴν
2946	ὑπὲρ
2947	τῶν
2948	πεπραγμένων
2949	Φιλίππῳ
2950	.
2951	ὅτι
2952	δ’
2953	οὕτω
2954	ταῦτ’
2955	ἔχει
2956	,
2957	λέγε
2958	μοι
2959	τό
2960	τε
2961	τοῦ
2962	Καλλισθένους
2963	ψήφισμα
2964	καὶ
2965	τὴν
2966	ἐπιστολὴν
2967	τὴν
2968	τοῦ
2969	Φιλίππου
2970	,
2971	ἐξ
2972	ὧν
2973	ἀμφοτέρων
2974	ταῦθ’
2975	ἅπανθ’
2976	ὑμῖν
2977	ἔσται
2978	φανερά
2979	.
2980	λέγε
2981	.
2982	ΨΗΦΙΣΜΑ
2983	.
2984	ἐπὶ
2985	Μνησιφίλου
2986	ἄρχοντος
2987	,
2988	σύγκλητος
2989	ἐκκλησία
2990	ὑπὸ
2991	στρατηγῶν
2992	καὶ
2993	πρυτάνεων
2994	,
2995	βουλῆς
2996	γνώμη
2997	,
2998	μαιμακτηριῶνος
2999	δεκάτῃ
3000	ἀπιόντος
3001	,
3002	Καλλισθένης
3003	Ἐτεονίκου
3004	Φαληρεὺς
3005	εἶπε
3006	μηδένα
3007	Ἀθηναίων
3008	μηδεμιᾷ
3009	παρευρέσει
3010	ἐν
3011	τῇ
3012	χώρᾳ
3013	κοιταῖον
3014	γίγνεσθαι
3015	,
3016	ἀλλ’
3017	ἐν
3018	ἄστει
3019	καὶ
3020	Πειραιεῖ
3021	,
3022	ὅσοι
3023	μὴ
3024	ἐν
3025	τοῖς
3026	φρουρίοις
3027	εἰσὶν
3028	ἀποτεταγμένοι
3029	·
3030	τούτων
3031	δ’
3032	ἑκάστους
3033	ἣν
3034	παρέλαβον
3035	τάξιν
3036	διατηρεῖν
3037	μή
3038	τε
3039	ἀφημερεύοντας
3040	μή
3041	τε
3042	ἀποκοιτοῦντας
3043	.
3044	ὃς
3045	δ’
3046	ἂν
3047	ἀπειθήσῃ
3048	τῷδε
3049	τῷ
3050	ψηφίσματι
3051	,
3052	ἔνοχος
3053	ἔστω
3054	τοῖς
3055	τῆς
3056	προδοσίας
3057	ἐπιτιμίοις
3058	,
3059	ἐὰν
3060	μή
3061	τι
3062	ἀδύνατον
3063	ἐπιδεικνύῃ
3064	περὶ
3065	ἑαυτόν
3066	·
3067	περὶ
3068	δὲ
3069	τοῦ
3070	ἀδυνάτου
3071	ἐπικρινέτω
3072	ὁ
3073	ἐπὶ
3074	τῶν
3075	ὅπλων
3076	στρατηγὸς
3077	καὶ
3078	ὁ
3079	ἐπὶ
3080	τῆς
3081	διοικήσεως
3082	καὶ
3083	ὁ
3084	γραμματεὺς
3085	τῆς
3086	βουλῆς
3087	.
3088	κατακομίζειν
3089	δὲ
3090	καὶ
3091	τὰ
3092	ἐκ
3093	τῶν
3094	ἀγρῶν
3095	πάντα
3096	τὴν
3097	ταχίστην
3098	,
3099	τὰ
3100	μὲν
3101	ἐντὸς
3102	σταδίων
3103	ἑκατὸν
3104	εἴκοσι
3105	εἰς
3106	ἄστυ
3107	καὶ
3108	Πειραιᾶ
3109	,
3110	τὰ
3111	δὲ
3112	ἐκτὸς
3113	σταδίων
3114	ἑκατὸν
3115	εἴκοσι
3116	εἰς
3117	Ἐλευσῖνα
3118	καὶ
3119	Φυλὴν
3120	καὶ
3121	Ἄφιδναν
3122	καὶ
3123	Ῥαμνοῦντα
3124	καὶ
3125	Σούνιον
3126	.
3127	εἶπε
3128	Καλλισθένης
3129	Φαληρεύς
3130	.
3131	ἆρ’
3132	ἐπὶ
3133	ταύταις
3134	ταῖς
3135	ἐλπίσι
3136	τὴν
3137	εἰρήνην
3138	ἐποιεῖσθε
3139	,
3140	ἢ
3141	ταῦτ’
3142	ἐπηγγέλλεθ’
3143	ὑμῖν
3144	οὗτος
3145	ὁ
3146	μισθωτός
3147	;
3148	λέγε
3149	δὴ
3150	τὴν
3151	ἐπιστολὴν
3152	ἣν
3153	ἔπεμψε
3154	Φίλιππος
3155	μετὰ
3156	ταῦτα
3157	.
3158	ΕΠΙΣΤΟΛΗ
3159	.
3160	Βασιλεὺς
3161	Μακεδόνων
3162	Φίλιππος
3163	Ἀθηναίων
3164	τῇ
3165	βουλῇ
3166	καὶ
3167	τῷ
3168	δήμῳ
3169	χαίρειν
3170	.
3171	ἴστε
3172	ἡμᾶς
3173	παρεληλυθότας
3174	εἴσω
3175	Πυλῶν
3176	καὶ
3177	τὰ
3178	κατὰ
3179	τὴν
3180	Φωκίδα
3181	ὑφ’
3182	ἑαυτοὺς
3183	πεποιημένους
3184	,
3185	καὶ
3186	ὅσα
3187	μὲν
3188	ἑκουσίως
3189	προσετίθετο
3190	τῶν
3191	πολισμάτων
3192	,
3193	φρουρὰς
3194	εἰσαγηοχότας
3195	,
3196	τὰ
3197	δὲ
3198	μὴ
3199	ὑπακούοντα
3200	κατὰ
3201	κράτος
3202	λαβόντες
3203	καὶ
3204	ἐξανδραποδισάμενοι
3205	κατεσκάψαμεν
3206	.
3207	ἀκούων
3208	δὲ
3209	καὶ
3210	ὑμᾶς
3211	παρασκευάζεσθαι
3212	βοηθεῖν
3213	αὐτοῖς
3214	γέγραφα
3215	ὑμῖν
3216	,
3217	ἵνα
3218	μὴ
3219	πλεῖον
3220	ἐνοχλῆσθε
3221	περὶ
3222	τούτων
3223	·
3224	τοῖς
3225	μὲν
3226	γὰρ
3227	ὅλοις
3228	οὐδὲν
3229	μέτριόν
3230	μοι
3231	δοκεῖτε
3232	ποιεῖν
3233	,
3234	τὴν
3235	εἰρήνην
3236	συνθέμενοι
3237	καὶ
3238	ὁμοίως
3239	ἀντιπαρεξάγοντες
3240	,
3241	καὶ
3242	ταῦτα
3243	οὐ
3244	δὲ
3245	συμπεριειλημμένων
3246	τῶν
3247	Φωκέων
3248	ἐν
3249	ταῖς
3250	κοιναῖς
3251	ἡμῶν
3252	συνθήκαις
3253	.
3254	ὥστε
3255	ἐὰν
3256	μὴ
3257	ἐμμένητε
3258	τοῖς
3259	ὡμολογημένοις
3260	,
3261	οὐδὲν
3262	προτερήσετε
3263	ἔξω
3264	τοῦ
3265	ἐφθακέναι
3266	ἀδικοῦντες
3267	.
3268	ἀκούεθ’
3269	ὡς
3270	σαφῶς
3271	δηλοῖ
3272	καὶ
3273	διορίζεται
3274	ἐν
3275	τῇ
3276	πρὸς
3277	ὑμᾶς
3278	ἐπιστολῇ
3279	πρὸς
3280	τοὺς
3281	αὑτοῦ
3282	συμμάχους
3283	,
3284	ὅτι
3285	ἐγὼ
3286	ταῦτα
3287	πεποίηκ’
3288	ἀκόντων
3289	Ἀθηναίων
3290	καὶ
3291	λυπουμένων
3292	,
3293	ὥστ’
3294	εἴπερ
3295	εὖ
3296	φρονεῖτ’
3297	,
3298	ὦ
3299	Θηβαῖοι
3300	καὶ
3301	Θετταλοί
3302	,
3303	τούτους
3304	μὲν
3305	ἐχθροὺς
3306	ὑπολήψεσθε
3307	,
3308	ἐμοὶ
3309	δὲ
3310	πιστεύσετε
3311	οὐ
3312	τούτοις
3313	τοῖς
3314	ῥήμασιν
3315	γράψας
3316	,
3317	ταῦτα
3318	δὲ
3319	βουλόμενος
3320	δεικνύναι
3321	.
3322	τοιγαροῦν
3323	ἐκ
3324	τούτων
3325	ᾤχετ’
3326	ἐκείνους
3327	λαβὼν
3328	εἰς
3329	τὸ
3330	μηδ’
3331	ὁτιοῦν
3332	προορᾶν
3333	τῶν
3334	μετὰ
3335	ταῦτα
3336	μηδ’
3337	αἰσθάνεσθαι
3338	,
3339	ἀλλ’
3340	ἐᾶσαι
3341	πάντα
3342	τὰ
3343	πράγματ’
3344	ἐκεῖνον
3345	ὑφ’
3346	ἑαυτῷ
3347	ποιήσασθαι
3348	·
3349	ἐξ
3350	ὧν
3351	ταῖς
3352	παρούσαις
3353	συμφοραῖς
3354	οἱ
3355	ταλαίπωροι
3356	κέχρηνται
3357	.
3358	ὁ
3359	δὲ
3360	ταύτης
3361	τῆς
3362	πίστεως
3363	αὐτῷ
3364	συνεργὸς
3365	καὶ
3366	συναγωνιστὴς
3367	καὶ
3368	ὁ
3369	δεῦρ’
3370	ἀπαγγείλας
3371	τὰ
3372	ψευδῆ
3373	καὶ
3374	φενακίσας
3375	ὑμᾶς
3376	,
3377	οὗτός
3378	ἐσθ’
3379	ὁ
3380	τὰ
3381	Θηβαίων
3382	ὀδυρόμενος
3383	νῦν
3384	πάθη
3385	καὶ
3386	διεξιὼν
3387	ὡς
3388	οἰκτρά
3389	,
3390	καὶ
3391	τούτων
3392	καὶ
3393	τῶν
3394	ἐν
3395	Φωκεῦσι
3396	κακῶν
3397	καὶ
3398	ὅσ’
3399	ἄλλα
3400	πεπόνθασιν
3401	οἱ
3402	Ἕλληνες
3403	ἁπάντων
3404	αὐτὸς
3405	ὢν
3406	αἴτιος
3407	.
3408	δῆλον
3409	γὰρ
3410	ὅτι
3411	σὺ
3412	μὲν
3413	ἀλγεῖς
3414	ἐπὶ
3415	τοῖς
3416	συμβεβηκόσιν
3417	,
3418	Αἰσχίνη
3419	,
3420	καὶ
3421	τοὺς
3422	Θηβαίους
3423	ἐλεεῖς
3424	,
3425	κτήματ’
3426	ἔχων
3427	ἐν
3428	τῇ
3429	Βοιωτίᾳ
3430	καὶ
3431	γεωργῶν
3432	τὰ
3433	ἐκείνων
3434	,
3435	ἐγὼ
3436	δὲ
3437	χαίρω
3438	,
3439	ὃς
3440	εὐθὺς
3441	ἐξῃτούμην
3442	ὑπὸ
3443	τοῦ
3444	ταῦτα
3445	πράξαντος
3446	.
3447	ἀλλὰ
3448	γὰρ
3449	ἐμπέπτωκ’
3450	εἰς
3451	λόγους
3452	,
3453	οὓς
3454	αὐτίκα
3455	μᾶλλον
3456	ἴσως
3457	ἁρμόσει
3458	λέγειν
3459	.
3460	ἐπάνειμι
3461	δὴ
3462	πάλιν
3463	ἐπὶ
3464	τὰς
3465	ἀποδείξεις
3466	,
3467	ὡς
3468	τὰ
3469	τούτων
3470	ἀδικήματα
3471	τῶν
3472	νυνὶ
3473	παρόντων
3474	πραγμάτων
3475	γέγον’
3476	αἴτια
3477	.
3478	ἐπειδὴ
3479	γὰρ
3480	ἐξηπάτησθε
3481	μὲν
3482	ὑμεῖς
3483	ὑπὸ
3484	τοῦ
3485	Φιλίππου
3486	διὰ
3487	τούτων
3488	τῶν
3489	ἐν
3490	ταῖς
3491	πρεσβείαις
3492	μισθωσάντων
3493	ἑαυτοὺς
3494	καὶ
3495	οὐδὲν
3496	ἀληθὲς
3497	ὑμῖν
3498	ἀπαγγειλάντων
3499	,
3500	ἐξηπάτηντο
3501	δ’
3502	οἱ
3503	ταλαίπωροι
3504	Φωκεῖς
3505	καὶ
3506	ἀνῄρηνθ’
3507	αἱ
3508	πόλεις
3509	αὐτῶν
3510	,
3511	τί
3512	ἐγένετο
3513	;
3514	οἱ
3515	μὲν
3516	κατάπτυστοι
3517	Θετταλοὶ
3518	καὶ
3519	ἀναίσθητοι
3520	Θηβαῖοι
3521	φίλον
3522	,
3523	εὐεργέτην
3524	,
3525	σωτῆρα
3526	τὸν
3527	Φίλιππον
3528	ἡγοῦντο
3529	·
3530	πάντ’
3531	ἐκεῖνος
3532	ἦν
3533	αὐτοῖς
3534	·
3535	οὐ
3536	δὲ
3537	φωνὴν
3538	ἤκουον
3539	εἴ
3540	τις
3541	ἄλλο
3542	τι
3543	βούλοιτο
3544	λέγειν
3545	.
3546	ὑμεῖς
3547	δ’
3548	ὑφορώμενοι
3549	τὰ
3550	πεπραγμένα
3551	καὶ
3552	δυσχεραίνοντες
3553	ἤγετε
3554	τὴν
3555	εἰρήνην
3556	ὅμως
3557	·
3558	οὐ
3559	γὰρ
3560	ἦν
3561	ὅ
3562	τι
3563	ἂν
3564	ἐποιεῖτε
3565	.
3566	καὶ
3567	οἱ
3568	ἄλλοι
3569	δ’
3570	Ἕλληνες
3571	,
3572	ὁμοίως
3573	ὑμῖν
3574	πεφενακισμένοι
3575	καὶ
3576	διημαρτηκότες
3577	ὧν
3578	ἤλπισαν
3579	,
3580	ἦγον
3581	τὴν
3582	εἰρήνην
3583	ἄσμενοι
3584	,
3585	καὶ
3586	αὐτοὶ
3587	τρόπον
3588	τιν’
3589	ἐκ
3590	πολλοῦ
3591	πολεμούμενοι
3592	.
3593	ὅτε
3594	γὰρ
3595	περιιὼν
3596	Φίλιππος
3597	Ἰλλυριοὺς
3598	καὶ
3599	Τριβαλλούς
3600	,
3601	τινὰς
3602	δὲ
3603	καὶ
3604	τῶν
3605	Ἑλλήνων
3606	κατεστρέφετο
3607	,
3608	καὶ
3609	δυνάμεις
3610	πολλὰς
3611	καὶ
3612	μεγάλας
3613	ἐποιεῖθ’
3614	ὑφ’
3615	ἑαυτῷ
3616	,
3617	καί
3618	τινες
3619	τῶν
3620	ἐκ
3621	τῶν
3622	πόλεων
3623	ἐπὶ
3624	τῇ
3625	τῆς
3626	εἰρήνης
3627	ἐξουσίᾳ
3628	βαδίζοντες
3629	ἐκεῖσε
3630	διεφθείροντο
3631	,
3632	ὧν
3633	εἷς
3634	οὗτος
3635	ἦν
3636	,
3637	τότε
3638	πάντες
3639	ἐφ’
3640	οὓς
3641	ταῦτα
3642	παρεσκευάζετ’
3643	ἐκεῖνος
3644	ἐπολεμοῦντο
3645	.
3646	εἰ
3647	δὲ
3648	μὴ
3649	ᾐσθάνοντο
3650	,
3651	ἕτερος
3652	λόγος
3653	οὗτος
3654	,
3655	οὐ
3656	πρὸς
3657	ἐμέ
3658	.
3659	ἐγὼ
3660	μὲν
3661	γὰρ
3662	προὔλεγον
3663	καὶ
3664	διεμαρτυρόμην
3665	καὶ
3666	παρ’
3667	ὑμῖν
3668	ἀεὶ
3669	καὶ
3670	ὅποι
3671	πεμφθείην
3672	·
3673	αἱ
3674	δὲ
3675	πόλεις
3676	ἐνόσουν
3677	,
3678	τῶν
3679	μὲν
3680	ἐν
3681	τῷ
3682	πολιτεύεσθαι
3683	καὶ
3684	πράττειν
3685	δωροδοκούντων
3686	καὶ
3687	διαφθειρομένων
3688	ἐπὶ
3689	χρήμασι
3690	,
3691	τῶν
3692	δ’
3693	ἰδιωτῶν
3694	καὶ
3695	πολλῶν
3696	τὰ
3697	μὲν
3698	οὐ
3699	προορωμένων
3700	,
3701	τὰ
3702	δὲ
3703	τῇ
3704	καθ’
3705	ἡμέραν
3706	ῥᾳστώνῃ
3707	καὶ
3708	σχολῇ
3709	δελεαζομένων
3710	,
3711	καὶ
3712	τοιουτονί
3713	τι
3714	πάθος
3715	πεπονθότων
3716	ἁπάντων
3717	,
3718	πλὴν
3719	οὐκ
3720	ἐφ’
3721	ἑαυτοὺς
3722	ἑκάστων
3723	οἰομένων
3724	τὸ
3725	δεινὸν
3726	ἥξειν
3727	καὶ
3728	διὰ
3729	τῶν
3730	ἑτέρων
3731	κινδύνων
3732	τὰ
3733	ἑαυτῶν
3734	ἀσφαλῶς
3735	σχήσειν
3736	ὅταν
3737	βούλωνται
3738	.
3739	εἶτ’
3740	,
3741	οἶμαι
3742	,
3743	συμβέβηκε
3744	τοῖς
3745	μὲν
3746	πλήθεσιν
3747	ἀντὶ
3748	τῆς
3749	πολλῆς
3750	καὶ
3751	ἀκαίρου
3752	ῥᾳθυμίας
3753	τὴν
3754	ἐλευθερίαν
3755	ἀπολωλεκέναι
3756	,
3757	τοῖς
3758	δὲ
3759	προεστηκόσι
3760	καὶ
3761	τ
3762	ἄλλα
3763	πλὴν
3764	ἑαυτοὺς
3765	οἰομένοις
3766	πωλεῖν
3767	πρώτους
3768	ἑαυτοὺς
3769	πεπρακόσιν
3770	αἰσθέσθαι
3771	·
3772	ἀντὶ
3773	γὰρ
3774	φίλων
3775	καὶ
3776	ξένων
3777	ἃ
3778	τότ’
3779	ὠνομάζοντο
3780	ἡνίκ’
3781	ἐδωροδόκουν
3782	,
3783	νῦν
3784	κόλακες
3785	καὶ
3786	θεοῖς
3787	ἐχθροὶ
3788	καὶ
3789	τ
3790	ἄλλ’
3791	ἃ
3792	προσήκει
3793	πάντ’
3794	ἀκούουσιν
3795	.
3796	οὐδεὶς
3797	γάρ
3798	,
3799	ἄνδρες
3800	Ἀθηναῖοι
3801	,
3802	τὸ
3803	τοῦ
3804	προδιδόντος
3805	συμφέρον
3806	ζητῶν
3807	χρήματ’
3808	ἀναλίσκει
3809	,
3810	οὐδ’
3811	ἐπειδὰν
3812	ὧν
3813	ἂν
3814	πρίηται
3815	κύριος
3816	γένηται
3817	τῷ
3818	προδότῃ
3819	συμβούλῳ
3820	περὶ
3821	τῶν
3822	λοιπῶν
3823	ἔτι
3824	χρῆται
3825	·
3826	οὐδὲν
3827	γὰρ
3828	ἂν
3829	ἦν
3830	εὐδαιμονέστερον
3831	προδότου
3832	.
3833	ἀλλ’
3834	οὐκ
3835	ἔστι
3836	ταῦτα
3837	·
3838	πόθεν
3839	;
3840	πολλοῦ
3841	γε
3842	καὶ
3843	δεῖ
3844	.
3845	ἀλλ’
3846	ἐπειδὰν
3847	τῶν
3848	πραγμάτων
3849	ἐγκρατὴς
3850	ὁ
3851	ζητῶν
3852	ἄρχειν
3853	καταστῇ
3854	,
3855	καὶ
3856	τῶν
3857	ταῦτ’
3858	ἀποδομένων
3859	δεσπότης
3860	ἐστί
3861	,
3862	τὴν
3863	δὲ
3864	πονηρίαν
3865	εἰδὼς
3866	τότε
3867	δή
3868	,
3869	τότε
3870	καὶ
3871	μισεῖ
3872	καὶ
3873	ἀπιστεῖ
3874	καὶ
3875	προπηλακίζει
3876	.
3877	σκοπεῖτε
3878	δέ
3879	·
3880	καὶ
3881	γὰρ
3882	εἰ
3883	παρελήλυθ’
3884	ὁ
3885	τῶν
3886	πραγμάτων
3887	καιρός
3888	,
3889	ὁ
3890	τοῦ
3891	γ’
3892	εἰδέναι
3893	τὰ
3894	τοιαῦτα
3895	καιρὸς
3896	ἀεὶ
3897	πάρεστι
3898	τοῖς
3899	εὖ
3900	φρονοῦσι
3901	.
3902	μέχρι
3903	τούτου
3904	Λασθένης
3905	φίλος
3906	ὠνομάζετο
3907	,
3908	ἕως
3909	προὔδωκεν
3910	Ὄλυνθον
3911	·
3912	μέχρι
3913	τούτου
3914	Τιμόλαος
3915	,
3916	ἕως
3917	ἀπώλεσε
3918	Θήβας
3919	·
3920	μέχρι
3921	τούτου
3922	Εὔδικος
3923	καὶ
3924	Σῖμος
3925	ὁ
3926	Λαρισαῖος
3927	,
3928	ἕως
3929	Θετταλίαν
3930	ὑπὸ
3931	Φιλίππῳ
3932	ἐποίησαν
3933	.
3934	εἶτ’
3935	ἐλαυνομένων
3936	καὶ
3937	ὑβριζομένων
3938	καὶ
3939	τί
3940	κακὸν
3941	οὐχὶ
3942	πασχόντων
3943	πᾶσ’
3944	ἡ
3945	οἰκουμένη
3946	μεστὴ
3947	γέγονεν
3948	.
3949	τί
3950	δ’
3951	Ἀρίστρατος
3952	ἐν
3953	Σικυῶνι
3954	,
3955	καὶ
3956	τί
3957	Πέριλλος
3958	ἐν
3959	Μεγάροις
3960	;
3961	οὐκ
3962	ἀπερριμμένοι
3963	;
3964	ἐξ
3965	ὧν
3966	καὶ
3967	σαφέστατ’
3968	ἄν
3969	τις
3970	ἴδοι
3971	ὅτι
3972	ὁ
3973	μάλιστα
3974	φυλάττων
3975	τὴν
3976	αὑτοῦ
3977	πατρίδα
3978	καὶ
3979	πλεῖστ’
3980	ἀντιλέγων
3981	τούτοις
3982	,
3983	οὗτος
3984	ὑμῖν
3985	,
3986	Αἰσχίνη
3987	,
3988	τοῖς
3989	προδιδοῦσι
3990	καὶ
3991	μισθαρνοῦσιν
3992	τὸ
3993	ἔχειν
3994	ἐφ’
3995	ὅτῳ
3996	δωροδοκήσετε
3997	περιποιεῖ
3998	,
3999	καὶ
4000	διὰ
4001	τοὺς
4002	πολλοὺς
4003	τουτωνὶ
4004	καὶ
4005	τοὺς
4006	ἀνθισταμένους
4007	τοῖς
4008	ὑμετέροις
4009	βουλήμασιν
4010	ὑμεῖς
4011	ἐστὲ
4012	σῷοι
4013	καὶ
4014	ἔμμισθοι
4015	,
4016	ἐπεὶ
4017	διά
4018	γ’
4019	ὑμᾶς
4020	αὐτοὺς
4021	πάλαι
4022	ἂν
4023	ἀπωλώλειτε
4024	.
4025	καὶ
4026	περὶ
4027	μὲν
4028	τῶν
4029	τότε
4030	πραχθέντων
4031	ἔχων
4032	ἔτι
4033	πολλὰ
4034	λέγειν
4035	,
4036	καὶ
4037	ταῦθ’
4038	ἡγοῦμαι
4039	πλείω
4040	τῶν
4041	ἱκανῶν
4042	εἰρῆσθαι
4043	.
4044	αἴτιος
4045	δ’
4046	οὗτος
4047	,
4048	ὥσπερ
4049	ἑωλοκρασίαν
4050	τινά
4051	μου
4052	τῆς
4053	πονηρίας
4054	τῆς
4055	ἑαυτοῦ
4056	καὶ
4057	τῶν
4058	ἀδικημάτων
4059	κατασκεδάσας
4060	,
4061	ἣν
4062	ἀναγκαῖον
4063	ἦν
4064	πρὸς
4065	τοὺς
4066	νεωτέρους
4067	τῶν
4068	πεπραγμένων
4069	ἀπολύσασθαι
4070	.
4071	παρηνώχλησθε
4072	δ’
4073	ἴσως
4074	οἱ
4075	καὶ
4076	πρὶν
4077	ἔμ’
4078	εἰπεῖν
4079	ὁτιοῦν
4080	εἰδότες
4081	τὴν
4082	τούτου
4083	τότε
4084	μισθαρνίαν
4085	.
4086	καίτοι
4087	φιλίαν
4088	γε
4089	καὶ
4090	ξενίαν
4091	αὐτὴν
4092	ὀνομάζει
4093	,
4094	καὶ
4095	νῦν
4096	εἶπέ
4097	που
4098	λέγων
4099	ὁ
4100	τὴν
4101	Ἀλεξάνδρου
4102	ξενίαν
4103	ὀνειδίζων
4104	ἐμοί
4105	ἐγώ
4106	σοι
4107	ξενίαν
4108	Ἀλεξάνδρου
4109	;
4110	πόθεν
4111	λαβόντι
4112	ἢ
4113	πῶς
4114	ἀξιωθέντι
4115	;
4116	οὔ
4117	τε
4118	Φιλίππου
4119	ξένον
4120	οὔτ’
4121	Ἀλεξάνδρου
4122	φίλον
4123	εἴποιμ’
4124	ἂν
4125	ἐγώ
4126	σε
4127	,
4128	οὐχ
4129	οὕτω
4130	μαίνομαι
4131	,
4132	εἰ
4133	μὴ
4134	καὶ
4135	τοὺς
4136	θεριστὰς
4137	καὶ
4138	τοὺς
4139	ἄλλο
4140	τι
4141	μισθοῦ
4142	πράττοντας
4143	φίλους
4144	καὶ
4145	ξένους
4146	δεῖ
4147	καλεῖν
4148	τῶν
4149	μισθωσαμένων
4150	.
4151	ἀλλὰ
4152	μισθωτὸν
4153	ἐγώ
4154	σε
4155	Φιλίππου
4156	πρότερον
4157	καὶ
4158	νῦν
4159	Ἀλεξάνδρου
4160	καλῶ
4161	,
4162	καὶ
4163	οὗτοι
4164	πάντες
4165	.
4166	εἰ
4167	δ’
4168	ἀπιστεῖς
4169	,
4170	ἐρώτησον
4171	αὐτούς
4172	,
4173	μᾶλλον
4174	δ’
4175	ἐγὼ
4176	τοῦθ’
4177	ὑπὲρ
4178	σοῦ
4179	ποιήσω
4180	.
4181	πότερον
4182	ὑμῖν
4183	,
4184	ὦ
4185	ἄνδρες
4186	Ἀθηναῖοι
4187	,
4188	δοκεῖ
4189	μισθωτὸς
4190	Αἰσχίνης
4191	ἢ
4192	ξένος
4193	εἶναι
4194	Ἀλεξάνδρου
4195	;
4196	ἀκούεις
4197	ἃ
4198	λέγουσιν
4199	.
4200	βούλομαι
4201	τοίνυν
4202	ἤδη
4203	καὶ
4204	περὶ
4205	τῆς
4206	γραφῆς
4207	αὐτῆς
4208	ἀπολογήσασθαι
4209	καὶ
4210	διεξελθεῖν
4211	τὰ
4212	πεπραγμέν’
4213	ἐμαυτῷ
4214	,
4215	ἵνα
4216	καίπερ
4217	εἰδὼς
4218	Αἰσχίνης
4219	ὅμως
4220	ἀκούσῃ
4221	δι’
4222	ἅ
4223	φημι
4224	καὶ
4225	τούτων
4226	τῶν
4227	προβεβουλευμένων
4228	καὶ
4229	πολλῷ
4230	μειζόνων
4231	ἔτι
4232	τούτων
4233	δωρειῶν
4234	δίκαιος
4235	εἶναι
4236	τυγχάνειν
4237	.
4238	καί
4239	μοι
4240	λέγε
4241	τὴν
4242	γραφὴν
4243	αὐτὴν
4244	λαβών
4245	.
4246	ΓΡΑΦΗ
4247	.
4248	ἐπὶ
4249	Χαιρώνδου
4250	ἄρχοντος
4251	,
4252	ἐλαφηβολιῶνος
4253	ἕκτῃ
4254	ἱσταμένου
4255	,
4256	Αἰσχίνης
4257	Ἀτρομήτου
4258	Κοθωκίδης
4259	ἀπήνεγκε
4260	πρὸς
4261	τὸν
4262	ἄρχοντα
4263	παρανόμων
4264	κατὰ
4265	Κτησιφῶντος
4266	τοῦ
4267	Λεωσθένους
4268	Ἀναφλυστίου
4269	,
4270	ὅτι
4271	ἔγραψε
4272	παράνομον
4273	ψήφισμα
4274	,
4275	ὡς
4276	ἄρα
4277	δεῖ
4278	στεφανῶσαι
4279	Δημοσθένην
4280	Δημοσθένους
4281	Παιανιέα
4282	χρυσῷ
4283	στεφάνῳ
4284	,
4285	καὶ
4286	ἀναγορεῦσαι
4287	ἐν
4288	τῷ
4289	θεάτρῳ
4290	Διονυσίοις
4291	τοῖς
4292	μεγάλοις
4293	,
4294	τραγῳδοῖς
4295	καινοῖς
4296	,
4297	ὅτι
4298	στεφανοῖ
4299	ὁ
4300	δῆμος
4301	Δημοσθένην
4302	Δημοσθένους
4303	Παιανιέα
4304	χρυσῷ
4305	στεφάνῳ
4306	ἀρετῆς
4307	ἕνεκα
4308	καὶ
4309	εὐνοίας
4310	ἧς
4311	ἔχων
4312	διατελεῖ
4313	εἴς
4314	τε
4315	τοὺς
4316	Ἕλληνας
4317	ἅπαντας
4318	καὶ
4319	τὸν
4320	δῆμον
4321	τὸν
4322	Ἀθηναίων
4323	καὶ
4324	ἀνδραγαθίας
4325	,
4326	καὶ
4327	διότι
4328	διατελεῖ
4329	πράττων
4330	καὶ
4331	λέγων
4332	τὰ
4333	βέλτιστα
4334	τῷ
4335	δήμῳ
4336	καὶ
4337	πρόθυμός
4338	ἐστι
4339	ποιεῖν
4340	ὅ
4341	τι
4342	ἂν
4343	δύνηται
4344	ἀγαθόν
4345	,
4346	πάντα
4347	ταῦτα
4348	ψευδῆ
4349	γράψας
4350	καὶ
4351	παράνομα
4352	,
4353	τῶν
4354	νόμων
4355	οὐκ
4356	ἐώντων
4357	πρῶτον
4358	μὲν
4359	ψευδεῖς
4360	γραφὰς
4361	εἰς
4362	τὰ
4363	δημόσια
4364	γράμματα
4365	καταβάλλεσθαι
4366	,
4367	εἶτα
4368	τὸν
4369	ὑπεύθυνον
4370	στεφανοῦν
4371	(
4372	ἔστι
4373	δὲ
4374	Δημοσθένης
4375	τειχοποιὸς
4376	καὶ
4377	ἐπὶ
4378	τῷ
4379	θεωρικῷ
4380	τεταγμένος
4381	)
4382	,
4383	ἔτι
4384	δὲ
4385	μὴ
4386	ἀναγορεύειν
4387	τὸν
4388	στέφανον
4389	ἐν
4390	τῷ
4391	θεάτρῳ
4392	Διονυσίοις
4393	τραγῳδῶν
4394	τῇ
4395	καινῇ
4396	,
4397	ἀλλ’
4398	ἐὰν
4399	μὲν
4400	ἡ
4401	βουλὴ
4402	στεφανοῖ
4403	,
4404	ἐν
4405	τῷ
4406	βουλευτηρίῳ
4407	ἀνειπεῖν
4408	,
4409	ἐὰν
4410	δὲ
4411	ἡ
4412	πόλις
4413	,
4414	ἐν
4415	πυκνὶ
4416	τῇ
4417	ἐκκλησίᾳ
4418	.
4419	τίμημα
4420	τάλαντα
4421	πεντήκοντα
4422	.
4423	κλήτορες
4424	Κηφισοφῶν
4425	Κηφισοφῶντος
4426	Ῥαμνούσιος
4427	,
4428	Κλέων
4429	Κλέωνος
4430	Κοθωκίδης
4431	.
4432	ἃ
4433	μὲν
4434	διώκει
4435	τοῦ
4436	ψηφίσματος
4437	,
4438	ὦ
4439	ἄνδρες
4440	Ἀθηναῖοι
4441	,
4442	ταῦτ’
4443	ἐστίν
4444	.
4445	ἐγὼ
4446	δ’
4447	ἀπ’
4448	αὐτῶν
4449	τούτων
4450	πρῶτον
4451	οἶμαι
4452	δῆλον
4453	ὑμῖν
4454	ποιήσειν
4455	ὅτι
4456	πάντα
4457	δικαίως
4458	ἀπολογήσομαι
4459	·
4460	τὴν
4461	γὰρ
4462	αὐτὴν
4463	τούτῳ
4464	ποιησάμενος
4465	τῶν
4466	γεγραμμένων
4467	τάξιν
4468	περὶ
4469	πάντων
4470	ἐρῶ
4471	καθ’
4472	ἕκαστον
4473	ἐφεξῆς
4474	καὶ
4475	οὐδὲν
4476	ἑκὼν
4477	παραλείψω
4478	.
4479	τοῦ
4480	μὲν
4481	οὖν
4482	γράψαι
4483	πράττοντα
4484	καὶ
4485	λέγοντα
4486	τὰ
4487	βέλτιστά
4488	με
4489	τῷ
4490	δήμῳ
4491	διατελεῖν
4492	καὶ
4493	πρόθυμον
4494	εἶναι
4495	ποιεῖν
4496	ὅ
4497	τι
4498	ἂν
4499	δύνωμαι
4500	ἀγαθόν
4501	,
4502	καὶ
4503	ἐπαινεῖν
4504	ἐπὶ
4505	τούτοις
4506	,
4507	ἐν
4508	τοῖς
4509	πεπολιτευμένοις
4510	τὴν
4511	κρίσιν
4512	εἶναι
4513	νομίζω
4514	·
4515	ἀπὸ
4516	γὰρ
4517	τούτων
4518	ἐξεταζομένων
4519	εὑρεθήσεται
4520	εἴτ’
4521	ἀληθῆ
4522	περὶ
4523	ἐμοῦ
4524	γέγραφε
4525	Κτησιφῶν
4526	ταῦτα
4527	καὶ
4528	προσήκοντα
4529	εἴ
4530	τε
4531	καὶ
4532	ψευδῆ
4533	·
4534	τὸ
4535	δὲ
4536	μὴ
4537	προσγράψαντα
4538	ἐπειδὰν
4539	τὰς
4540	εὐθύνας
4541	δῶ
4542	στεφανοῦν
4543	,
4544	καὶ
4545	ἀνειπεῖν
4546	ἐν
4547	τῷ
4548	θεάτρῳ
4549	τὸν
4550	στέφανον
4551	κελεῦσαι
4552	,
4553	κοινωνεῖν
4554	μὲν
4555	ἡγοῦμαι
4556	καὶ
4557	τοῦτο
4558	τοῖς
4559	πεπολιτευμένοις
4560	,
4561	εἴτ’
4562	ἄξιός
4563	εἰμι
4564	τοῦ
4565	στεφάνου
4566	καὶ
4567	τῆς
4568	ἀναρρήσεως
4569	τῆς
4570	ἐν
4571	τούτοις
4572	εἴ
4573	τε
4574	καὶ
4575	μή
4576	·
4577	ἔτι
4578	μέντοι
4579	καὶ
4580	τοὺς
4581	νόμους
4582	δεικτέον
4583	εἶναί
4584	μοι
4585	δοκεῖ
4586	,
4587	καθ’
4588	οὓς
4589	ταῦτα
4590	γράφειν
4591	ἐξῆν
4592	τούτῳ
4593	.
4594	οὑτωσὶ
4595	μέν
4596	,
4597	ὦ
4598	ἄνδρες
4599	Ἀθηναῖοι
4600	,
4601	δικαίως
4602	καὶ
4603	ἁπλῶς
4604	τὴν
4605	ἀπολογίαν
4606	ἔγνωκα
4607	ποιεῖσθαι
4608	,
4609	βαδιοῦμαι
4610	δ’
4611	ἐπ’
4612	αὔθ’
4613	ἃ
4614	πέπρακταί
4615	μοι
4616	.
4617	καί
4618	με
4619	μηδεὶς
4620	ἀπαρτᾶν
4621	ὑπολάβῃ
4622	τὸν
4623	λόγον
4624	τῆς
4625	γραφῆς
4626	,
4627	ἐὰν
4628	εἰς
4629	Ἑλληνικὰς
4630	πράξεις
4631	καὶ
4632	λόγους
4633	ἐμπέσω
4634	·
4635	ὁ
4636	γὰρ
4637	διώκων
4638	τοῦ
4639	ψηφίσματος
4640	τὸ
4641	λέγειν
4642	καὶ
4643	πράττειν
4644	τὰ
4645	ἄριστά
4646	με
4647	καὶ
4648	γεγραμμένος
4649	ταῦθ’
4650	ὡς
4651	οὐκ
4652	ἀληθῆ
4653	,
4654	οὗτός
4655	ἐστιν
4656	ὁ
4657	τοὺς
4658	περὶ
4659	ἁπάντων
4660	τῶν
4661	ἐμοὶ
4662	πεπολιτευμένων
4663	λόγους
4664	οἰκείους
4665	καὶ
4666	ἀναγκαίους
4667	τῇ
4668	γραφῇ
4669	πεποιηκώς
4670	.
4671	εἶτα
4672	καὶ
4673	πολλῶν
4674	προαιρέσεων
4675	οὐσῶν
4676	τῆς
4677	πολιτείας
4678	τὴν
4679	περὶ
4680	τὰς
4681	Ἑλληνικὰς
4682	πράξεις
4683	εἱλόμην
4684	ἐγώ
4685	,
4686	ὥστε
4687	καὶ
4688	τὰς
4689	ἀποδείξεις
4690	ἐκ
4691	τούτων
4692	δίκαιός
4693	εἰμι
4694	ποιεῖσθαι
4695	.
4696	ἃ
4697	μὲν
4698	οὖν
4699	πρὸ
4700	τοῦ
4701	πολιτεύεσθαι
4702	καὶ
4703	δημηγορεῖν
4704	ἐμὲ
4705	προὔλαβε
4706	καὶ
4707	κατέσχε
4708	Φίλιππος
4709	,
4710	ἐάσω
4711	·
4712	οὐδὲν
4713	γὰρ
4714	ἡγοῦμαι
4715	τούτων
4716	εἶναι
4717	πρὸς
4718	ἐμέ
4719	·
4720	ἃ
4721	δ’
4722	ἀφ’
4723	ἧς
4724	ἡμέρας
4725	ἐπὶ
4726	ταῦτ’
4727	ἐπέστην
4728	ἐγὼ
4729	διεκωλύθη
4730	,
4731	ταῦτ’
4732	ἀναμνήσω
4733	καὶ
4734	τούτων
4735	ὑφέξω
4736	λόγον
4737	,
4738	τοσοῦτον
4739	ὑπειπών
4740	.
4741	πλεονέκτημ’
4742	,
4743	ἄνδρες
4744	Ἀθηναῖοι
4745	,
4746	μέγ’
4747	ὑπῆρξε
4748	Φιλίππῳ
4749	.
4750	παρὰ
4751	γὰρ
4752	τοῖς
4753	Ἕλλησιν
4754	,
4755	οὐ
4756	τισίν
4757	,
4758	ἀλλ’
4759	ἅπασιν
4760	ὁμοίως
4761	,
4762	φορὰν
4763	προδοτῶν
4764	καὶ
4765	δωροδόκων
4766	καὶ
4767	θεοῖς
4768	ἐχθρῶν
4769	ἀνθρώπων
4770	συνέβη
4771	γενέσθαι
4772	τοσαύτην
4773	ὅσην
4774	οὐδείς
4775	πω
4776	πρότερον
4777	μέμνηται
4778	γεγονυῖαν
4779	·
4780	οὓς
4781	συναγωνιστὰς
4782	καὶ
4783	συνεργοὺς
4784	λαβὼν
4785	καὶ
4786	πρότερον
4787	κακῶς
4788	τοὺς
4789	Ἕλληνας
4790	ἔχοντας
4791	πρὸς
4792	ἑαυτοὺς
4793	καὶ
4794	στασιαστικῶς
4795	ἔτι
4796	χεῖρον
4797	διέθηκε
4798	,
4799	τοὺς
4800	μὲν
4801	ἐξαπατῶν
4802	,
4803	τοῖς
4804	δὲ
4805	διδούς
4806	,
4807	τοὺς
4808	δὲ
4809	πάντα
4810	τρόπον
4811	διαφθείρων
4812	,
4813	καὶ
4814	διέστησεν
4815	εἰς
4816	μέρη
4817	πολλά
4818	,
4819	ἑνὸς
4820	τοῦ
4821	συμφέροντος
4822	ἅπασιν
4823	ὄντος
4824	,
4825	κωλύειν
4826	ἐκεῖνον
4827	μέγαν
4828	γίγνεσθαι
4829	.
4830	ἐν
4831	τοιαύτῃ
4832	δὲ
4833	καταστάσει
4834	καὶ
4835	ἔτ’
4836	ἀγνοίᾳ
4837	τοῦ
4838	συνισταμένου
4839	καὶ
4840	φυομένου
4841	κακοῦ
4842	τῶν
4843	ἁπάντων
4844	Ἑλλήνων
4845	ὄντων
4846	,
4847	δεῖ
4848	σκοπεῖν
4849	ὑμᾶς
4850	,
4851	ἄνδρες
4852	Ἀθηναῖοι
4853	,
4854	τί
4855	προσῆκον
4856	ἦν
4857	ἑλέσθαι
4858	πράττειν
4859	καὶ
4860	ποιεῖν
4861	τὴν
4862	πόλιν
4863	,
4864	καὶ
4865	τούτων
4866	λόγον
4867	παρ’
4868	ἐμοῦ
4869	λαβεῖν
4870	·
4871	ὁ
4872	γὰρ
4873	ἐνταῦθ’
4874	ἑαυτὸν
4875	τάξας
4876	τῆς
4877	πολιτείας
4878	εἴμ’
4879	ἐγώ
4880	.
4881	πότερον
4882	αὐτὴν
4883	ἐχρῆν
4884	,
4885	Αἰσχίνη
4886	,
4887	τὸ
4888	φρόνημ’
4889	ἀφεῖσαν
4890	καὶ
4891	τὴν
4892	ἀξίαν
4893	τὴν
4894	αὑτῆς
4895	ἐν
4896	τῇ
4897	Θετταλῶν
4898	καὶ
4899	Δολόπων
4900	τάξει
4901	συγκατακτᾶσθαι
4902	Φιλίππῳ
4903	τὴν
4904	τῶν
4905	Ἑλλήνων
4906	ἀρχὴν
4907	καὶ
4908	τὰ
4909	τῶν
4910	προγόνων
4911	καλὰ
4912	καὶ
4913	δίκαι’
4914	ἀναιρεῖν
4915	;
4916	ἢ
4917	τοῦτο
4918	μὲν
4919	μὴ
4920	ποιεῖν
4921	,
4922	δεινὸν
4923	γὰρ
4924	ὡς
4925	ἀληθῶς
4926	,
4927	ἃ
4928	δ’
4929	ἑώρα
4930	συμβησόμενα
4931	,
4932	εἰ
4933	μηδεὶς
4934	κωλύσει
4935	,
4936	καὶ
4937	προῃσθάνεθ’
4938	,
4939	ὡς
4940	ἔοικεν
4941	,
4942	ἐκ
4943	πολλοῦ
4944	,
4945	ταῦτα
4946	περιιδεῖν
4947	γιγνόμενα
4948	;
4949	ἀλλὰ
4950	νῦν
4951	ἔγωγε
4952	τὸν
4953	μάλιστ’
4954	ἐπιτιμῶντα
4955	τοῖς
4956	πεπραγμένοις
4957	ἡδέως
4958	ἂν
4959	ἐροίμην
4960	,
4961	τῆς
4962	ποίας
4963	μερίδος
4964	γενέσθαι
4965	τὴν
4966	πόλιν
4967	ἐβούλετ’
4968	ἄν
4969	,
4970	πότερον
4971	τῆς
4972	συναιτίας
4973	τῶν
4974	συμβεβηκότων
4975	τοῖς
4976	Ἕλλησι
4977	κακῶν
4978	καὶ
4979	αἰσχρῶν
4980	,
4981	ἧς
4982	ἂν
4983	Θετταλοὺς
4984	καὶ
4985	τοὺς
4986	μετὰ
4987	τούτων
4988	εἴποι
4989	τις
4990	,
4991	ἢ
4992	τῆς
4993	περιεορακυίας
4994	ταῦτα
4995	γιγνόμενα
4996	ἐπὶ
4997	τῇ
4998	τῆς
4999	ἰδίας
5000	πλεονεξίας
5001	ἐλπίδι
5002	,
5003	ἧς
5004	ἂν
5005	Ἀρκάδας
5006	καὶ
5007	Μεσσηνίους
5008	καὶ
5009	Ἀργείους
5010	θείημεν
5011	.
5012	ἀλλὰ
5013	καὶ
5014	τούτων
5015	πολλοί
5016	,
5017	μᾶλλον
5018	δὲ
5019	πάντες
5020	,
5021	χεῖρον
5022	ἡμῶν
5023	ἀπηλλάχασιν
5024	.
5025	καὶ
5026	γὰρ
5027	εἰ
5028	μὲν
5029	ὡς
5030	ἐκράτησε
5031	Φίλιππος
5032	ᾤχετ’
5033	εὐθέως
5034	ἀπιὼν
5035	καὶ
5036	μετὰ
5037	ταῦτ’
5038	ἦγεν
5039	ἡσυχίαν
5040	,
5041	μή
5042	τε
5043	τῶν
5044	αὑτοῦ
5045	συμμάχων
5046	μή
5047	τε
5048	τῶν
5049	ἄλλων
5050	Ἑλλήνων
5051	μηδένα
5052	μηδὲν
5053	λυπήσας
5054	,
5055	ἦν
5056	ἄν
5057	τις
5058	κατὰ
5059	τῶν
5060	ἐναντιωθέντων
5061	οἷς
5062	ἔπραττεν
5063	ἐκεῖνος
5064	μέμψις
5065	καὶ
5066	κατηγορία
5067	·
5068	εἰ
5069	δ’
5070	ὁμοίως
5071	ἁπάντων
5072	τὸ
5073	ἀξίωμα
5074	,
5075	τὴν
5076	ἡγεμονίαν
5077	,
5078	τὴν
5079	ἐλευθερίαν
5080	περιείλετο
5081	,
5082	μᾶλλον
5083	δὲ
5084	καὶ
5085	τὰς
5086	πολιτείας
5087	,
5088	ὅσων
5089	ἐδύνατο
5090	,
5091	πῶς
5092	οὐχ
5093	ἁπάντων
5094	ἐνδοξόταθ’
5095	ὑμεῖς
5096	ἐβουλεύσασθ’
5097	ἐμοὶ
5098	πεισθέντες
5099	;
5100	ἀλλ’
5101	ἐκεῖσ’
5102	ἐπανέρχομαι
5103	.
5104	τί
5105	τὴν
5106	πόλιν
5107	,
5108	Αἰσχίνη
5109	,
5110	προσῆκε
5111	ποιεῖν
5112	ἀρχὴν
5113	καὶ
5114	τυραννίδα
5115	τῶν
5116	Ἑλλήνων
5117	ὁρῶσαν
5118	ἑαυτῷ
5119	κατασκευαζόμενον
5120	Φίλιππον
5121	;
5122	ἢ
5123	τί
5124	τὸν
5125	σύμβουλον
5126	ἔδει
5127	λέγειν
5128	ἢ
5129	γράφειν
5130	τὸν
5131	Ἀθήνησιν
5132	(
5133	καὶ
5134	γὰρ
5135	τοῦτο
5136	πλεῖστον
5137	διαφέρει
5138	)
5139	,
5140	ὃς
5141	συνῄδειν
5142	μὲν
5143	ἐκ
5144	παντὸς
5145	τοῦ
5146	χρόνου
5147	μέχρι
5148	τῆς
5149	ἡμέρας
5150	ἀφ’
5151	ἧς
5152	αὐτὸς
5153	ἐπὶ
5154	τὸ
5155	βῆμ’
5156	ἀνέβην
5157	,
5158	ἀεὶ
5159	περὶ
5160	πρωτείων
5161	καὶ
5162	τιμῆς
5163	καὶ
5164	δόξης
5165	ἀγωνιζομένην
5166	τὴν
5167	πατρίδα
5168	,
5169	καὶ
5170	πλείω
5171	καὶ
5172	χρήματα
5173	καὶ
5174	σώματ’
5175	ἀνηλωκυῖαν
5176	ὑπὲρ
5177	φιλοτιμίας
5178	καὶ
5179	τῶν
5180	πᾶσι
5181	συμφερόντων
5182	ἢ
5183	τῶν
5184	ἄλλων
5185	Ἑλλήνων
5186	ὑπὲρ
5187	αὑτῶν
5188	ἀνηλώκασιν
5189	ἕκαστοι
5190	,
5191	ἑώρων
5192	δ’
5193	αὐτὸν
5194	τὸν
5195	Φίλιππον
5196	,
5197	πρὸς
5198	ὃν
5199	ἦν
5200	ἡμῖν
5201	ὁ
5202	ἀγών
5203	,
5204	ὑπὲρ
5205	ἀρχῆς
5206	καὶ
5207	δυναστείας
5208	τὸν
5209	ὀφθαλμὸν
5210	ἐκκεκομμένον
5211	,
5212	τὴν
5213	κλεῖν
5214	κατεαγότα
5215	,
5216	τὴν
5217	χεῖρα
5218	,
5219	τὸ
5220	σκέλος
5221	πεπηρωμένον
5222	,
5223	πᾶν
5224	ὅ
5225	τι
5226	βουληθείη
5227	μέρος
5228	ἡ
5229	τύχη
5230	τοῦ
5231	σώματος
5232	παρελέσθαι
5233	,
5234	τοῦτο
5235	προϊέμενον
5236	,
5237	ὥστε
5238	τῷ
5239	λοιπῷ
5240	μετὰ
5241	τιμῆς
5242	καὶ
5243	δόξης
5244	ζῆν
5245	;
5246	καὶ
5247	μὴν
5248	οὐ
5249	δὲ
5250	τοῦτό
5251	γ’
5252	οὐδεὶς
5253	ἂν
5254	εἰπεῖν
5255	τολμήσαι
5256	,
5257	ὡς
5258	τῷ
5259	μὲν
5260	ἐν
5261	Πέλλῃ
5262	τραφέντι
5263	,
5264	χωρίῳ
5265	ἀδόξῳ
5266	τότε
5267	γ’
5268	ὄντι
5269	καὶ
5270	μικρῷ
5271	,
5272	τοσαύτην
5273	μεγαλοψυχίαν
5274	προσῆκεν
5275	ἐγγενέσθαι
5276	ὥστε
5277	τῆς
5278	τῶν
5279	Ἑλλήνων
5280	ἀρχῆς
5281	ἐπιθυμῆσαι
5282	καὶ
5283	τοῦτ’
5284	εἰς
5285	τὸν
5286	νοῦν
5287	ἐμβαλέσθαι
5288	,
5289	ὑμῖν
5290	δ’
5291	οὖσιν
5292	Ἀθηναίοις
5293	καὶ
5294	κατὰ
5295	τὴν
5296	ἡμέραν
5297	ἑκάστην
5298	ἐν
5299	πᾶσι
5300	καὶ
5301	λόγοις
5302	καὶ
5303	θεωρήμασι
5304	τῆς
5305	τῶν
5306	προγόνων
5307	ἀρετῆς
5308	ὑπομνήμαθ’
5309	ὁρῶσι
5310	τοσαύτην
5311	κακίαν
5312	ὑπάρξαι
5313	,
5314	ὥστε
5315	τῆς
5316	ἐλευθερίας
5317	αὐτεπαγγέλτους
5318	ἐθελοντὰς
5319	παραχωρῆσαι
5320	Φιλίππῳ
5321	.
5322	οὐδ’
5323	ἂν
5324	εἷς
5325	ταῦτα
5326	φήσειεν
5327	.
5328	λοιπὸν
5329	τοίνυν
5330	ἦν
5331	καὶ
5332	ἀναγκαῖον
5333	ἅμα
5334	πᾶσιν
5335	οἷς
5336	ἐκεῖνος
5337	ἔπραττ’
5338	ἀδικῶν
5339	ὑμᾶς
5340	ἐναντιοῦσθαι
5341	δικαίως
5342	.
5343	τοῦτ’
5344	ἐποιεῖτε
5345	μὲν
5346	ὑμεῖς
5347	ἐξ
5348	ἀρχῆς
5349	εἰκότως
5350	καὶ
5351	προσηκόντως
5352	,
5353	ἔγραφον
5354	δὲ
5355	καὶ
5356	συνεβούλευον
5357	καὶ
5358	ἐγὼ
5359	καθ’
5360	οὓς
5361	ἐπολιτευόμην
5362	χρόνους
5363	.
5364	ὁμολογῶ
5365	.
5366	ἀλλὰ
5367	τί
5368	ἐχρῆν
5369	με
5370	ποιεῖν
5371	;
5372	ἤδη
5373	γάρ
5374	σ’
5375	ἐρωτῶ
5376	πάντα
5377	τ
5378	ἄλλ’
5379	ἀφείς
5380	,
5381	Ἀμφίπολιν
5382	,
5383	Πύδναν
5384	,
5385	Ποτείδαιαν
5386	,
5387	Ἁλόννησον
5388	·
5389	οὐδενὸς
5390	τούτων
5391	μέμνημαι
5392	·
5393	Σέρριον
5394	δὲ
5395	καὶ
5396	Δορίσκον
5397	καὶ
5398	τὴν
5399	Πεπαρήθου
5400	πόρθησιν
5401	καὶ
5402	ὅσ’
5403	ἄλλ’
5404	ἡ
5405	πόλις
5406	ἠδικεῖτο
5407	,
5408	οὐδ’
5409	εἰ
5410	γέγονεν
5411	οἶδα
5412	.
5413	καίτοι
5414	σύ
5415	γ’
5416	ἔφησθά
5417	με
5418	ταῦτα
5419	λέγοντ’
5420	εἰς
5421	ἔχθραν
5422	ἐμβαλεῖν
5423	τουτουσί
5424	,
5425	Εὐβούλου
5426	καὶ
5427	Ἀριστοφῶντος
5428	καὶ
5429	Διοπείθους
5430	τῶν
5431	περὶ
5432	τούτων
5433	ψηφισμάτων
5434	ὄντων
5435	,
5436	οὐκ
5437	ἐμῶν
5438	,
5439	ὦ
5440	λέγων
5441	εὐχερῶς
5442	ὅ
5443	τι
5444	ἂν
5445	βουληθῇς
5446	.
5447	οὐ
5448	δὲ
5449	νῦν
5450	περὶ
5451	τούτων
5452	ἐρῶ
5453	.
5454	ἀλλ’
5455	ὁ
5456	τὴν
5457	Εὔβοιαν
5458	ἐκεῖνος
5459	σφετεριζόμενος
5460	καὶ
5461	κατασκευάζων
5462	ἐπιτείχισμ’
5463	ἐπὶ
5464	τὴν
5465	Ἀττικήν
5466	,
5467	καὶ
5468	Μεγάροις
5469	ἐπιχειρῶν
5470	,
5471	καὶ
5472	καταλαμβάνων
5473	Ὠρεόν
5474	,
5475	καὶ
5476	κατασκάπτων
5477	Πορθμόν
5478	,
5479	καὶ
5480	καθιστὰς
5481	ἐν
5482	μὲν
5483	Ὠρεῷ
5484	Φιλιστίδην
5485	τύραννον
5486	,
5487	ἐν
5488	δ’
5489	Ἐρετρίᾳ
5490	Κλείταρχον
5491	,
5492	καὶ
5493	τὸν
5494	Ἑλλήσποντον
5495	ὑφ’
5496	αὑτῷ
5497	ποιούμενος
5498	,
5499	καὶ
5500	Βυζάντιον
5501	πολιορκῶν
5502	,
5503	καὶ
5504	πόλεις
5505	Ἑλληνίδας
5506	τὰς
5507	μὲν
5508	ἀναιρῶν
5509	,
5510	εἰς
5511	τὰς
5512	δὲ
5513	τοὺς
5514	φυγάδας
5515	κατάγων
5516	,
5517	πότερον
5518	ταῦτα
5519	ποιῶν
5520	ἠδίκει
5521	καὶ
5522	παρεσπόνδει
5523	καὶ
5524	ἔλυε
5525	τὴν
5526	εἰρήνην
5527	ἢ
5528	οὔ
5529	;
5530	καὶ
5531	πότερον
5532	φανῆναί
5533	τινα
5534	τῶν
5535	Ἑλλήνων
5536	τὸν
5537	ταῦτα
5538	κωλύσοντα
5539	ἐχρῆν
5540	,
5541	ἢ
5542	μή
5543	;
5544	εἰ
5545	μὲν
5546	γὰρ
5547	μὴ
5548	ἐχρῆν
5549	,
5550	ἀλλὰ
5551	τὴν
5552	Μυσῶν
5553	λείαν
5554	καλουμένην
5555	τὴν
5556	Ἑλλάδ’
5557	οὖσαν
5558	ὀφθῆναι
5559	ζώντων
5560	καὶ
5561	ὄντων
5562	Ἀθηναίων
5563	,
5564	περιείργασμαι
5565	μὲν
5566	ἐγὼ
5567	περὶ
5568	τούτων
5569	εἰπών
5570	,
5571	περιείργασται
5572	δ’
5573	ἡ
5574	πόλις
5575	ἡ
5576	πεισθεῖσ’
5577	ἐμοί
5578	,
5579	ἔστω
5580	δ’
5581	ἀδικήματα
5582	πάνθ’
5583	ἃ
5584	πέπρακται
5585	καὶ
5586	ἁμαρτήματ’
5587	ἐμά
5588	.
5589	εἰ
5590	δ’
5591	ἔδει
5592	τινὰ
5593	τούτων
5594	κωλυτὴν
5595	φανῆναι
5596	,
5597	τίν’
5598	ἄλλον
5599	ἢ
5600	τὸν
5601	Ἀθηναίων
5602	δῆμον
5603	προσῆκε
5604	γενέσθαι
5605	;
5606	ταῦτα
5607	τοίνυν
5608	ἐπολιτευόμην
5609	ἐγώ
5610	,
5611	καὶ
5612	ὁρῶν
5613	καταδουλούμενον
5614	πάντας
5615	ἀνθρώπους
5616	ἐκεῖνον
5617	ἠναντιούμην
5618	,
5619	καὶ
5620	προλέγων
5621	καὶ
5622	διδάσκων
5623	μὴ
5624	προΐεσθαι
5625	διετέλουν
5626	.
5627	καὶ
5628	μὴν
5629	τὴν
5630	εἰρήνην
5631	γ’
5632	ἐκεῖνος
5633	ἔλυσε
5634	τὰ
5635	πλοῖα
5636	λαβών
5637	,
5638	οὐχ
5639	ἡ
5640	πόλις
5641	,
5642	Αἰσχίνη
5643	.
5644	φέρε
5645	δ’
5646	αὐτὰ
5647	τὰ
5648	ψηφίσματα
5649	καὶ
5650	τὴν
5651	ἐπιστολὴν
5652	τὴν
5653	τοῦ
5654	Φιλίππου
5655	,
5656	καὶ
5657	λέγ’
5658	ἐφεξῆς
5659	·
5660	ἀπὸ
5661	γὰρ
5662	τούτων
5663	τίς
5664	τίνος
5665	αἴτιός
5666	ἐστι
5667	γενήσεται
5668	φανερόν
5669	.
5670	ΨΗΦΙΣΜΑ
5671	.
5672	ἐπὶ
5673	ἄρχοντος
5674	Νεοκλέους
5675	,
5676	μηνὸς
5677	βοηδρομιῶνος
5678	,
5679	ἐκκλησία
5680	σύγκλητος
5681	ὑπὸ
5682	στρατηγῶν
5683	,
5684	Εὔβουλος
5685	Μνησιθέου
5686	Κόπριος
5687	εἶπεν
5688	·
5689	ἐπειδὴ
5690	προσήγγειλαν
5691	οἱ
5692	στρατηγοὶ
5693	ἐν
5694	τῇ
5695	ἐκκλησίᾳ
5696	ὡς
5697	ἄρα
5698	Λεωδάμαντα
5699	τὸν
5700	ναύαρχον
5701	καὶ
5702	τὰ
5703	μετ’
5704	αὐτοῦ
5705	ἀποσταλέντα
5706	σκάφη
5707	εἴκοσι
5708	ἐπὶ
5709	τὴν
5710	τοῦ
5711	σίτου
5712	παραπομπὴν
5713	εἰς
5714	Ἑλλήσποντον
5715	ὁ
5716	παρὰ
5717	Φιλίππου
5718	στρατηγὸς
5719	Ἀμύντας
5720	καταγήοχεν
5721	εἰς
5722	Μακεδονίαν
5723	καὶ
5724	ἐν
5725	φυλακῇ
5726	ἔχει
5727	,
5728	ἐπιμεληθῆναι
5729	τοὺς
5730	πρυτάνεις
5731	καὶ
5732	τοὺς
5733	στρατηγοὺς
5734	ὅπως
5735	ἡ
5736	βουλὴ
5737	συναχθῇ
5738	καὶ
5739	αἱρεθῶσι
5740	πρέσβεις
5741	πρὸς
5742	Φίλιππον
5743	,
5744	οἳ
5745	παραγενόμενοι
5746	διαλέξονται
5747	πρὸς
5748	αὐτὸν
5749	περὶ
5750	τοῦ
5751	ἀφεθῆναι
5752	τὸν
5753	ναύαρχον
5754	καὶ
5755	τὰ
5756	πλοῖα
5757	καὶ
5758	τοὺς
5759	στρατιώτας
5760	,
5761	καὶ
5762	εἰ
5763	μὲν
5764	δι’
5765	ἄγνοιαν
5766	ταῦτα
5767	πεποίηκεν
5768	ὁ
5769	Ἀμύντας
5770	,
5771	ὅτι
5772	οὐ
5773	μεμψιμοιρεῖ
5774	ὁ
5775	δῆμος
5776	οὐδέν
5777	·
5778	εἰ
5779	δέ
5780	τι
5781	πλημμελοῦντα
5782	παρὰ
5783	τὰ
5784	ἐπεσταλμένα
5785	λαβών
5786	,
5787	ὅτι
5788	ἐπισκεψάμενοι
5789	Ἀθηναῖοι
5790	ἐπιτιμήσουσι
5791	κατὰ
5792	τὴν
5793	τῆς
5794	ὀλιγωρίας
5795	ἀξίαν
5796	·
5797	εἰ
5798	δὲ
5799	μηδέτερον
5800	τούτων
5801	ἐστίν
5802	,
5803	ἀλλ’
5804	ἰδίᾳ
5805	ἀγνωμονοῦσιν
5806	ἢ
5807	ὁ
5808	ἀποστείλας
5809	ἢ
5810	ὁ
5811	ἀπεσταλμένος
5812	,
5813	καὶ
5814	τοῦτο
5815	λέγειν
5816	,
5817	ἵνα
5818	αἰσθανόμενος
5819	ὁ
5820	δῆμος
5821	βουλεύσηται
5822	τί
5823	δεῖ
5824	ποιεῖν
5825	.
5826	τοῦτο
5827	μὲν
5828	τοίνυν
5829	τὸ
5830	ψήφισμ’
5831	Εὔβουλος
5832	ἔγραψεν
5833	,
5834	οὐκ
5835	ἐγώ
5836	,
5837	τὸ
5838	δ’
5839	ἐφεξῆς
5840	Ἀριστοφῶν
5841	,
5842	εἶθ’
5843	Ἡγήσιππος
5844	,
5845	εἶτ’
5846	Ἀριστοφῶν
5847	πάλιν
5848	,
5849	εἶτα
5850	Φιλοκράτης
5851	,
5852	εἶτα
5853	Κηφισοφῶν
5854	,
5855	εἶτα
5856	πάντες
5857	·
5858	ἐγὼ
5859	δ’
5860	οὐδὲν
5861	περὶ
5862	τούτων
5863	.
5864	λέγε
5865	.
5866	ΨΗΦΙΣΜΑΤΑ
5867	.
5868	ἐπὶ
5869	Νεοκλέους
5870	ἄρχοντος
5871	,
5872	βοηδρομιῶνος
5873	ἕνῃ
5874	καὶ
5875	νέᾳ
5876	,
5877	βουλῆς
5878	γνώμη
5879	,
5880	πρυτάνεις
5881	καὶ
5882	στρατηγοὶ
5883	ἐχρημάτισαν
5884	τὰ
5885	ἐκ
5886	τῆς
5887	ἐκκλησίας
5888	ἀνενεγκόντες
5889	,
5890	ὅτι
5891	ἔδοξε
5892	τῷ
5893	δήμῳ
5894	πρέσβεις
5895	ἑλέσθαι
5896	πρὸς
5897	Φίλιππον
5898	περὶ
5899	τῆς
5900	τῶν
5901	πλοίων
5902	ἀνακομιδῆς
5903	καὶ
5904	ἐντολὰς
5905	δοῦναι
5906	κατὰ
5907	τὰ
5908	ἐκ
5909	τῆς
5910	ἐκκλησίας
5911	ψηφίσματα
5912	.
5913	καὶ
5914	εἵλοντο
5915	τούσδε
5916	,
5917	Κηφισοφῶντα
5918	Κλέωνος
5919	Ἀναφλύστιον
5920	,
5921	Δημόκριτον
5922	Δημοφῶντος
5923	Ἀναγυράσιον
5924	,
5925	Πολύκριτον
5926	Ἀπημάντου
5927	Κοθωκίδην
5928	.
5929	πρυτανεία
5930	φυλῆς
5931	Ἱπποθωντίδος
5932	,
5933	Ἀριστοφῶν
5934	Κολλυτεὺς
5935	πρόεδρος
5936	εἶπεν
5937	.
5938	ὥσπερ
5939	τοίνυν
5940	ἐγὼ
5941	ταῦτα
5942	δεικνύω
5943	τὰ
5944	ψηφίσματα
5945	,
5946	οὕτω
5947	καὶ
5948	σὺ
5949	δεῖξον
5950	,
5951	Αἰσχίνη
5952	,
5953	ὁποῖον
5954	ἐγὼ
5955	γράψας
5956	ψήφισμα
5957	αἴτιός
5958	εἰμι
5959	τοῦ
5960	πολέμου
5961	.
5962	ἀλλ’
5963	οὐκ
5964	ἂν
5965	ἔχοις
5966	·
5967	εἰ
5968	γὰρ
5969	εἶχες
5970	,
5971	οὐδὲν
5972	ἂν
5973	αὐτοῦ
5974	πρότερον
5975	νυνὶ
5976	παρέσχου
5977	.
5978	καὶ
5979	μὴν
5980	οὐδ’
5981	ὁ
5982	Φίλιππος
5983	οὐδὲν
5984	αἰτιᾶται
5985	ἔμ’
5986	ὑπὲρ
5987	τοῦ
5988	πολέμου
5989	,
5990	ἑτέροις
5991	ἐγκαλῶν
5992	.
5993	λέγε
5994	δ’
5995	αὐτὴν
5996	τὴν
5997	ἐπιστολὴν
5998	τὴν
5999	τοῦ
6000	Φιλίππου
6001	.
6002	ΕΠΙΣΤΟΛΗ
6003	.
6004	Βασιλεὺς
6005	Μακεδόνων
6006	Φίλιππος
6007	Ἀθηναίων
6008	τῇ
6009	βουλῇ
6010	καὶ
6011	τῷ
6012	δήμῳ
6013	χαίρειν
6014	.
6015	παραγενόμενοι
6016	πρὸς
6017	ἐμὲ
6018	οἱ
6019	παρ’
6020	ὑμῶν
6021	πρεσβευταί
6022	,
6023	Κηφισοφῶν
6024	καὶ
6025	Δημόκριτος
6026	καὶ
6027	Πολύκριτος
6028	,
6029	διελέγοντο
6030	περὶ
6031	τῆς
6032	τῶν
6033	πλοίων
6034	ἀφέσεως
6035	ὧν
6036	ἐναυάρχει
6037	Λεωδάμας
6038	.
6039	καθ’
6040	ὅλου
6041	μὲν
6042	οὖν
6043	ἔμοιγε
6044	φαίνεσθε
6045	ἐν
6046	μεγάλῃ
6047	εὐηθείᾳ
6048	ἔσεσθαι
6049	,
6050	εἰ
6051	οἴεσθ’
6052	ἐμὲ
6053	λανθάνειν
6054	ὅτι
6055	ἐξαπεστάλη
6056	ταῦτα
6057	τὰ
6058	πλοῖα
6059	πρόφασιν
6060	μὲν
6061	ὡς
6062	τὸν
6063	σῖτον
6064	παραπέμψοντα
6065	ἐκ
6066	τοῦ
6067	Ἑλλησπόντου
6068	εἰς
6069	Λῆμνον
6070	,
6071	βοηθήσοντα
6072	δὲ
6073	Σηλυμβριανοῖς
6074	τοῖς
6075	ὑπ’
6076	ἐμοῦ
6077	μὲν
6078	πολιορκουμένοις
6079	,
6080	οὐ
6081	συμπεριειλημμένοις
6082	δὲ
6083	ἐν
6084	ταῖς
6085	τῆς
6086	φιλίας
6087	κοινῇ
6088	κειμέναις
6089	ἡμῖν
6090	συνθήκαις
6091	.
6092	καὶ
6093	ταῦτα
6094	συνετάχθη
6095	τῷ
6096	ναυάρχῳ
6097	ἄνευ
6098	μὲν
6099	τοῦ
6100	δήμου
6101	τοῦ
6102	Ἀθηναίων
6103	,
6104	ὑπὸ
6105	δέ
6106	τινων
6107	ἀρχόντων
6108	καὶ
6109	ἑτέρων
6110	ἰδιωτῶν
6111	μὲν
6112	νῦν
6113	ὄντων
6114	,
6115	ἐκ
6116	παντὸς
6117	δὲ
6118	τρόπου
6119	βουλομένων
6120	τὸν
6121	δῆμον
6122	ἀντὶ
6123	τῆς
6124	νῦν
6125	ὑπαρχούσης
6126	πρὸς
6127	ἐμὲ
6128	φιλίας
6129	τὸν
6130	πόλεμον
6131	ἀναλαβεῖν
6132	,
6133	πολλῷ
6134	μᾶλλον
6135	φιλοτιμουμένων
6136	τοῦτο
6137	συντετελέσθαι
6138	ἢ
6139	τοῖς
6140	Σηλυμβριανοῖς
6141	βοηθῆσαι
6142	.
6143	καὶ
6144	ὑπολαμβάνουσιν
6145	αὑτοῖς
6146	τὸ
6147	τοιοῦτο
6148	πρόσοδον
6149	ἔσεσθαι
6150	·
6151	οὐ
6152	μέντοι
6153	μοι
6154	δοκεῖ
6155	τοῦτο
6156	χρήσιμον
6157	ὑπάρχειν
6158	οὔθ’
6159	ὑμῖν
6160	οὔτ’
6161	ἐμοί
6162	.
6163	διόπερ
6164	τά
6165	τε
6166	νῦν
6167	καταχθέντα
6168	πλοῖα
6169	πρὸς
6170	ἡμᾶς
6171	ἀφίημι
6172	ὑμῖν
6173	,
6174	καὶ
6175	τοῦ
6176	λοιποῦ
6177	,
6178	ἐὰν
6179	βούλησθε
6180	μὴ
6181	ἐπιτρέπειν
6182	τοῖς
6183	προεστηκόσιν
6184	ὑμῶν
6185	κακοήθως
6186	πολιτεύεσθαι
6187	,
6188	ἀλλ’
6189	ἐπιτιμᾶτε
6190	,
6191	πειράσομαι
6192	κ
6193	ἀγὼ
6194	διαφυλάττειν
6195	τὴν
6196	εἰρήνην
6197	.
6198	εὐτυχεῖτε
6199	.
6200	ἐνταῦθ’
6201	οὐδαμοῦ
6202	Δημοσθένην
6203	γέγραφεν
6204	,
6205	οὐδ’
6206	αἰτίαν
6207	οὐδεμίαν
6208	κατ’
6209	ἐμοῦ
6210	.
6211	τί
6212	ποτ’
6213	οὖν
6214	τοῖς
6215	ἄλλοις
6216	ἐγκαλῶν
6217	τῶν
6218	ἐμοὶ
6219	πεπραγμένων
6220	οὐχὶ
6221	μέμνηται
6222	;
6223	ὅτι
6224	τῶν
6225	ἀδικημάτων
6226	ἂν
6227	ἐμέμνητο
6228	τῶν
6229	αὑτοῦ
6230	·
6231	τούτων
6232	γὰρ
6233	εἰχόμην
6234	ἐγὼ
6235	καὶ
6236	τούτοις
6237	ἠναντιούμην
6238	.
6239	καὶ
6240	πρῶτον
6241	μὲν
6242	τὴν
6243	εἰς
6244	Πελοπόννησον
6245	πρεσβείαν
6246	ἔγραψα
6247	,
6248	ὅτε
6249	πρῶτον
6250	ἐκεῖνος
6251	εἰς
6252	Πελοπόννησον
6253	παρεδύετο
6254	,
6255	εἶτα
6256	τὴν
6257	εἰς
6258	Εὔβοιαν
6259	,
6260	ἡνίκ’
6261	Εὐβοίας
6262	ἥπτετο
6263	,
6264	εἶτα
6265	τὴν
6266	ἐπ’
6267	Ὠρεὸν
6268	ἔξοδον
6269	,
6270	οὐκέτι
6271	πρεσβείαν
6272	,
6273	καὶ
6274	τὴν
6275	εἰς
6276	Ἐρέτριαν
6277	,
6278	ἐπειδὴ
6279	τυράννους
6280	ἐκεῖνος
6281	ἐν
6282	ταύταις
6283	ταῖς
6284	πόλεσιν
6285	κατέστησεν
6286	.
6287	μετὰ
6288	ταῦτα
6289	δὲ
6290	τοὺς
6291	ἀποστόλους
6292	ἅπαντας
6293	ἀπέστειλα
6294	,
6295	καθ’
6296	οὓς
6297	Χερρόνησος
6298	ἐσώθη
6299	καὶ
6300	Βυζάντιον
6301	καὶ
6302	πάντες
6303	οἱ
6304	σύμμαχοι
6305	.
6306	ἐξ
6307	ὧν
6308	ὑμῖν
6309	μὲν
6310	τὰ
6311	κάλλιστα
6312	,
6313	ἔπαινοι
6314	,
6315	δόξαι
6316	,
6317	τιμαί
6318	,
6319	στέφανοι
6320	,
6321	χάριτες
6322	παρὰ
6323	τῶν
6324	εὖ
6325	πεπονθότων
6326	ὑπῆρχον
6327	·
6328	τῶν
6329	δ’
6330	ἀδικουμένων
6331	τοῖς
6332	μὲν
6333	ὑμῖν
6334	τότε
6335	πεισθεῖσιν
6336	ἡ
6337	σωτηρία
6338	περιεγένετο
6339	,
6340	τοῖς
6341	δ’
6342	ὀλιγωρήσασι
6343	τὸ
6344	πολλάκις
6345	ὧν
6346	ὑμεῖς
6347	προείπατε
6348	μεμνῆσθαι
6349	,
6350	καὶ
6351	νομίζειν
6352	ὑμᾶς
6353	μὴ
6354	μόνον
6355	εὔνους
6356	ἑαυτοῖς
6357	,
6358	ἀλλὰ
6359	καὶ
6360	φρονίμους
6361	ἀνθρώπους
6362	καὶ
6363	μάντεις
6364	εἶναι
6365	·
6366	πάντα
6367	γὰρ
6368	ἐκβέβηχ’
6369	ἃ
6370	προείπατε
6371	.
6372	καὶ
6373	μὴν
6374	ὅτι
6375	πολλὰ
6376	μὲν
6377	ἂν
6378	χρήματ’
6379	ἔδωκε
6380	Φιλιστίδης
6381	ὥστ’
6382	ἔχειν
6383	Ὠρεόν
6384	,
6385	πολλὰ
6386	δὲ
6387	Κλείταρχος
6388	ὥστ’
6389	ἔχειν
6390	Ἐρέτριαν
6391	,
6392	πολλὰ
6393	δ’
6394	αὐτὸς
6395	ὁ
6396	Φίλιππος
6397	ὥστε
6398	ταῦθ’
6399	ὑπάρχειν
6400	ἐφ’
6401	ὑμᾶς
6402	αὐτῷ
6403	,
6404	καὶ
6405	περὶ
6406	τῶν
6407	ἄλλων
6408	μηδὲν
6409	ἐξελέγχεσθαι
6410	μηδ’
6411	ἃ
6412	ποιῶν
6413	ἠδίκει
6414	μηδέν’
6415	ἐξετάζειν
6416	πανταχοῦ
6417	,
6418	οὐδεὶς
6419	ἀγνοεῖ
6420	,
6421	καὶ
6422	πάντων
6423	ἥκιστα
6424	σύ
6425	·
6426	οἱ
6427	γὰρ
6428	παρὰ
6429	τοῦ
6430	Κλειτάρχου
6431	καὶ
6432	τοῦ
6433	Φιλιστίδου
6434	τότε
6435	πρέσβεις
6436	δεῦρ’
6437	ἀφικνούμενοι
6438	παρὰ
6439	σοὶ
6440	κατέλυον
6441	,
6442	Αἰσχίνη
6443	,
6444	καὶ
6445	σὺ
6446	προὐξένεις
6447	αὐτῶν
6448	·
6449	οὓς
6450	ἡ
6451	μὲν
6452	πόλις
6453	ὡς
6454	ἐχθροὺς
6455	καὶ
6456	οὔ
6457	τε
6458	δίκαι’
6459	οὔ
6460	τε
6461	συμφέροντα
6462	λέγοντας
6463	ἀπήλασε
6464	,
6465	σοὶ
6466	δ’
6467	ἦσαν
6468	φίλοι
6469	.
6470	οὐ
6471	τοίνυν
6472	ἐπράχθη
6473	τούτων
6474	οὐδέν
6475	,
6476	ὦ
6477	βλασφημῶν
6478	περὶ
6479	ἐμοῦ
6480	καὶ
6481	λέγων
6482	ὡς
6483	σιωπῶ
6484	μὲν
6485	λαβών
6486	,
6487	βοῶ
6488	δ’
6489	ἀναλώσας
6490	.
6491	ἀλλ’
6492	οὐ
6493	σύ
6494	,
6495	ἀλλὰ
6496	βοᾷς
6497	μὲν
6498	ἔχων
6499	,
6500	παύσει
6501	δ’
6502	οὐδέποτ’
6503	ἐὰν
6504	μή
6505	σ’
6506	οὗτοι
6507	παύσωσιν
6508	ἀτιμώσαντες
6509	τήμερον
6510	.
6511	στεφανωσάντων
6512	τοίνυν
6513	ὑμῶν
6514	ἔμ’
6515	ἐπὶ
6516	τούτοις
6517	τότε
6518	,
6519	καὶ
6520	γράψαντος
6521	Ἀριστονίκου
6522	τὰς
6523	αὐτὰς
6524	συλλαβὰς
6525	ἅσπερ
6526	οὑτοσὶ
6527	Κτησιφῶν
6528	νῦν
6529	γέγραφε
6530	,
6531	καὶ
6532	ἀναρρηθέντος
6533	ἐν
6534	τῷ
6535	θεάτρῳ
6536	τοῦ
6537	στεφάνου
6538	,
6539	καὶ
6540	δευτέρου
6541	κηρύγματος
6542	ἤδη
6543	μοι
6544	τούτου
6545	γιγνομένου
6546	,
6547	οὔτ’
6548	ἀντεῖπεν
6549	Αἰσχίνης
6550	παρὼν
6551	οὔ
6552	τε
6553	τὸν
6554	εἰπόντ’
6555	ἐγράψατο
6556	.
6557	καί
6558	μοι
6559	λέγε
6560	καὶ
6561	τοῦτο
6562	τὸ
6563	ψήφισμα
6564	λαβών
6565	.
6566	ΨΗΦΙΣΜΑ
6567	.
6568	ἐπὶ
6569	Χαιρώνδου
6570	Ἡγήμονος
6571	ἄρχοντος
6572	,
6573	γαμηλιῶνος
6574	ἕκτῃ
6575	ἀπιόντος
6576	,
6577	φυλῆς
6578	πρυτανευούσης
6579	Λεοντίδος
6580	,
6581	Ἀριστόνικος
6582	Φρεάρριος
6583	εἶπεν
6584	·
6585	ἐπειδὴ
6586	Δημοσθένης
6587	Δημοσθένους
6588	Παιανιεὺς
6589	πολλὰς
6590	καὶ
6591	μεγάλας
6592	χρείας
6593	παρέσχηται
6594	τῷ
6595	δήμῳ
6596	τῷ
6597	Ἀθηναίων
6598	,
6599	καὶ
6600	πολλοῖς
6601	τῶν
6602	συμμάχων
6603	καὶ
6604	πρότερον
6605	καὶ
6606	ἐν
6607	τῷ
6608	παρόντι
6609	καιρῷ
6610	βεβοήθηκε
6611	διὰ
6612	τῶν
6613	ψηφισμάτων
6614	,
6615	καί
6616	τινας
6617	τῶν
6618	ἐν
6619	τῇ
6620	Εὐβοίᾳ
6621	πόλεων
6622	ἠλευθέρωκε
6623	,
6624	καὶ
6625	διατελεῖ
6626	εὔνους
6627	ὢν
6628	τῷ
6629	δήμῳ
6630	τῷ
6631	Ἀθηναίων
6632	,
6633	καὶ
6634	λέγει
6635	καὶ
6636	πράττει
6637	ὅ
6638	τι
6639	ἂν
6640	δύνηται
6641	ἀγαθὸν
6642	ὑπέρ
6643	τε
6644	αὐτῶν
6645	Ἀθηναίων
6646	καὶ
6647	τῶν
6648	ἄλλων
6649	Ἑλλήνων
6650	,
6651	δεδόχθαι
6652	τῇ
6653	βουλῇ
6654	καὶ
6655	τῷ
6656	δήμῳ
6657	τῷ
6658	Ἀθηναίων
6659	ἐπαινέσαι
6660	Δημοσθένην
6661	Δημοσθένους
6662	Παιανιέα
6663	καὶ
6664	στεφανῶσαι
6665	χρυσῷ
6666	στεφάνῳ
6667	,
6668	καὶ
6669	ἀναγορεῦσαι
6670	τὸν
6671	στέφανον
6672	ἐν
6673	τῷ
6674	θεάτρῳ
6675	,
6676	Διονυσίοις
6677	,
6678	τραγῳδοῖς
6679	καινοῖς
6680	,
6681	τῆς
6682	δὲ
6683	ἀναγορεύσεως
6684	τοῦ
6685	στεφάνου
6686	ἐπιμεληθῆναι
6687	τὴν
6688	πρυτανεύουσαν
6689	φυλὴν
6690	καὶ
6691	τὸν
6692	ἀγωνοθέτην
6693	.
6694	εἶπεν
6695	Ἀριστόνικος
6696	Φρεάρριος
6697	.
6698	ἔστιν
6699	οὖν
6700	ὅστις
6701	ὑμῶν
6702	οἶδέ
6703	τιν’
6704	αἰσχύνην
6705	τῇ
6706	πόλει
6707	συμβᾶσαν
6708	διὰ
6709	τοῦτο
6710	τὸ
6711	ψήφισμα
6712	ἢ
6713	χλευασμὸν
6714	ἢ
6715	γέλωτα
6716	,
6717	ἃ
6718	νῦν
6719	οὗτος
6720	ἔφη
6721	συμβήσεσθαι
6722	,
6723	ἂν
6724	ἐγὼ
6725	στεφανῶμαι
6726	;
6727	καὶ
6728	μὴν
6729	ὅταν
6730	ᾖ
6731	νέα
6732	καὶ
6733	γνώριμα
6734	πᾶσι
6735	τὰ
6736	πράγματα
6737	,
6738	ἐάν
6739	τε
6740	καλῶς
6741	ἔχῃ
6742	,
6743	χάριτος
6744	τυγχάνει
6745	,
6746	ἐάν
6747	θ’
6748	ὡς
6749	ἑτέρως
6750	,
6751	τιμωρίας
6752	.
6753	φαίνομαι
6754	τοίνυν
6755	ἐγὼ
6756	χάριτος
6757	τετυχηκὼς
6758	τότε
6759	,
6760	καὶ
6761	οὐ
6762	μέμψεως
6763	οὐ
6764	δὲ
6765	τιμωρίας
6766	.
6767	οὐκοῦν
6768	μέχρι
6769	μὲν
6770	τῶν
6771	χρόνων
6772	ἐκείνων
6773	,
6774	ἐν
6775	οἷς
6776	ταῦτ’
6777	ἐπράχθη
6778	,
6779	πάντ’
6780	ἀνωμολόγημαι
6781	τὰ
6782	ἄριστα
6783	πράττειν
6784	τῇ
6785	πόλει
6786	,
6787	τῷ
6788	νικᾶν
6789	,
6790	ὅτ’
6791	ἐβουλεύεσθε
6792	,
6793	λέγων
6794	καὶ
6795	γράφων
6796	,
6797	τῷ
6798	καταπραχθῆναι
6799	τὰ
6800	γραφέντα
6801	,
6802	καὶ
6803	στεφάνους
6804	ἐξ
6805	αὐτῶν
6806	τῇ
6807	πόλει
6808	καὶ
6809	ἐμοὶ
6810	καὶ
6811	πᾶσιν
6812	γενέσθαι
6813	,
6814	τῷ
6815	θυσίας
6816	τοῖς
6817	θεοῖς
6818	καὶ
6819	προσόδους
6820	ὡς
6821	ἀγαθῶν
6822	τούτων
6823	ὄντων
6824	ὑμᾶς
6825	πεποιῆσθαι
6826	.
6827	ἐπειδὴ
6828	τοίνυν
6829	ἐκ
6830	τῆς
6831	Εὐβοίας
6832	ὁ
6833	Φίλιππος
6834	ὑφ’
6835	ὑμῶν
6836	ἐξηλάθη
6837	τοῖς
6838	ὅπλοις
6839	,
6840	τῇ
6841	δὲ
6842	πολιτείᾳ
6843	καὶ
6844	τοῖς
6845	ψηφίσμασι
6846	,
6847	κ
6848	ἂν
6849	διαρραγῶσί
6850	τινες
6851	τούτων
6852	,
6853	ὑπ’
6854	ἐμοῦ
6855	,
6856	ἕτερον
6857	κατὰ
6858	τῆς
6859	πόλεως
6860	ἐπιτειχισμὸν
6861	ἐζήτει
6862	.
6863	ὁρῶν
6864	δ’
6865	ὅτι
6866	σίτῳ
6867	πάντων
6868	ἀνθρώπων
6869	πλείστῳ
6870	χρώμεθ’
6871	ἐπεισάκτῳ
6872	,
6873	βουλόμενος
6874	τῆς
6875	σιτοπομπίας
6876	κύριος
6877	γενέσθαι
6878	,
6879	παρελθὼν
6880	ἐπὶ
6881	Θρᾴκης
6882	Βυζαντίους
6883	συμμάχους
6884	ὄντας
6885	αὑτῷ
6886	τὸ
6887	μὲν
6888	πρῶτον
6889	ἠξίου
6890	συμπολεμεῖν
6891	τὸν
6892	πρὸς
6893	ὑμᾶς
6894	πόλεμον
6895	,
6896	ὡς
6897	δ’
6898	οὐκ
6899	ἤθελον
6900	οὐδ’
6901	ἐπὶ
6902	τούτοις
6903	ἔφασαν
6904	τὴν
6905	συμμαχίαν
6906	πεποιῆσθαι
6907	,
6908	λέγοντες
6909	ἀληθῆ
6910	,
6911	χάρακα
6912	βαλόμενος
6913	πρὸς
6914	τῇ
6915	πόλει
6916	καὶ
6917	μηχανήματ’
6918	ἐπιστήσας
6919	ἐπολιόρκει
6920	.
6921	τούτων
6922	δὲ
6923	γιγνομένων
6924	ὅ
6925	τι
6926	μὲν
6927	προσῆκε
6928	ποιεῖν
6929	ὑμᾶς
6930	,
6931	οὐκ
6932	ἐπερωτήσω
6933	·
6934	δῆλον
6935	γάρ
6936	ἐστιν
6937	ἅπασιν
6938	.
6939	ἀλλὰ
6940	τίς
6941	ἦν
6942	ὁ
6943	βοηθήσας
6944	τοῖς
6945	Βυζαντίοις
6946	καὶ
6947	σώσας
6948	αὐτούς
6949	;
6950	τίς
6951	ὁ
6952	κωλύσας
6953	τὸν
6954	Ἑλλήσποντον
6955	ἀλλοτριωθῆναι
6956	κατ’
6957	ἐκείνους
6958	τοὺς
6959	χρόνους
6960	;
6961	ὑμεῖς
6962	,
6963	ἄνδρες
6964	Ἀθηναῖοι
6965	.
6966	τὸ
6967	δ’
6968	ὑμεῖς
6969	ὅταν
6970	λέγω
6971	,
6972	τὴν
6973	πόλιν
6974	λέγω
6975	.
6976	τίς
6977	δ’
6978	ὁ
6979	τῇ
6980	πόλει
6981	λέγων
6982	καὶ
6983	γράφων
6984	καὶ
6985	πράττων
6986	καὶ
6987	ἁπλῶς
6988	ἑαυτὸν
6989	εἰς
6990	τὰ
6991	πράγματ’
6992	ἀφειδῶς
6993	δούς
6994	;
6995	ἐγώ
6996	.
6997	ἀλλὰ
6998	μὴν
6999	ἡλίκα
7000	ταῦτ’
7001	ὠφέλησεν
7002	ἅπαντας
7003	,
7004	οὐκέτ’
7005	ἐκ
7006	τοῦ
7007	λόγου
7008	δεῖ
7009	μαθεῖν
7010	,
7011	ἀλλ’
7012	ἔργῳ
7013	πεπείρασθε
7014	·
7015	ὁ
7016	γὰρ
7017	τότ’
7018	ἐνστὰς
7019	πόλεμος
7020	ἄνευ
7021	τοῦ
7022	καλὴν
7023	δόξαν
7024	ἐνεγκεῖν
7025	ἐν
7026	πᾶσι
7027	τοῖς
7028	κατὰ
7029	τὸν
7030	βίον
7031	ἀφθονωτέροις
7032	καὶ
7033	εὐωνοτέροις
7034	διῆγεν
7035	ὑμᾶς
7036	τῆς
7037	νῦν
7038	εἰρήνης
7039	,
7040	ἣν
7041	οὗτοι
7042	κατὰ
7043	τῆς
7044	πατρίδος
7045	τηροῦσιν
7046	οἱ
7047	χρηστοί
7048	,
7049	ἐπὶ
7050	ταῖς
7051	μελλούσαις
7052	ἐλπίσιν
7053	,
7054	ὧν
7055	διαμάρτοιεν
7056	,
7057	καὶ
7058	μετάσχοιεν
7059	ὧν
7060	ὑμεῖς
7061	οἱ
7062	τὰ
7063	βέλτιστα
7064	βουλόμενοι
7065	τοὺς
7066	θεοὺς
7067	αἰτεῖτε
7068	,
7069	μὴ
7070	μεταδοῖεν
7071	ὑμῖν
7072	ὧν
7073	αὐτοὶ
7074	προῄρηνται
7075	.
7076	λέγε
7077	δ’
7078	αὐτοῖς
7079	καὶ
7080	τοὺς
7081	τῶν
7082	Βυζαντίων
7083	στεφάνους
7084	καὶ
7085	τοὺς
7086	τῶν
7087	Περινθίων
7088	,
7089	οἷς
7090	ἐστεφάνουν
7091	ἐκ
7092	τούτων
7093	τὴν
7094	πόλιν
7095	.
7096	ΨΗΦΙΣΜΑ
7097	ΒΥΖΑΝΤΙΩΝ
7098	.
7099	ἐπὶ
7100	ἱερομνάμονος
7101	Βοσπορίχω
7102	Δαμάγητος
7103	ἐν
7104	τᾷ
7105	ἁλίᾳ
7106	ἔλεξεν
7107	,
7108	ἐκ
7109	τᾶς
7110	βωλᾶς
7111	λαβὼν
7112	ῥήτραν
7113	·
7114	ἐπειδὴ
7115	ὁ
7116	δᾶμος
7117	ὁ
7118	Ἀθαναίων
7119	ἔν
7120	τε
7121	τοῖς
7122	προγενομένοις
7123	καιροῖς
7124	εὐνοέων
7125	διατελεῖ
7126	Βυζαντίοις
7127	καὶ
7128	τοῖς
7129	συμμάχοις
7130	καὶ
7131	συγγενέσι
7132	Περινθίοις
7133	καὶ
7134	πολλὰς
7135	καὶ
7136	μεγάλας
7137	χρείας
7138	παρέσχηται
7139	,
7140	ἔν
7141	τε
7142	τῷ
7143	παρεστακότι
7144	καιρῷ
7145	Φιλίππω
7146	τῶ
7147	Μακεδόνος
7148	ἐπιστρατεύσαντος
7149	ἐπὶ
7150	τὰν
7151	χώραν
7152	καὶ
7153	τὰν
7154	πόλιν
7155	ἐπ’
7156	ἀναστάσει
7157	Βυζαντίων
7158	καὶ
7159	Περινθίων
7160	καὶ
7161	τὰν
7162	χώραν
7163	δαίοντος
7164	καὶ
7165	δενδροκοπέοντος
7166	,
7167	βοαθήσας
7168	πλοίοις
7169	ἑκατὸν
7170	καὶ
7171	εἴκοσι
7172	καὶ
7173	σίτῳ
7174	καὶ
7175	βέλεσι
7176	καὶ
7177	ὁπλίταις
7178	ἐξείλετο
7179	ἁμὲ
7180	ἐκ
7181	τῶν
7182	μεγάλων
7183	κινδύνων
7184	καὶ
7185	ἀποκατέστασε
7186	τὰν
7187	πάτριον
7188	πολιτείαν
7189	καὶ
7190	τὼς
7191	νόμως
7192	καὶ
7193	τὼς
7194	τάφως
7195	,
7196	δεδόχθαι
7197	τῷ
7198	δάμῳ
7199	τῷ
7200	Βυζαντίων
7201	καὶ
7202	Περινθίων
7203	Ἀθαναίοις
7204	δόμεν
7205	ἐπιγαμίαν
7206	,
7207	πολιτείαν
7208	,
7209	ἔγκτασιν
7210	γᾶς
7211	καὶ
7212	οἰκιᾶν
7213	,
7214	προεδρίαν
7215	ἐν
7216	τοῖς
7217	ἀγῶσι
7218	,
7219	πόθοδον
7220	ποτὶ
7221	τὰν
7222	βωλὰν
7223	καὶ
7224	τὸν
7225	δᾶμον
7226	πράτοις
7227	πεδὰ
7228	τὰ
7229	ἱερά
7230	,
7231	καὶ
7232	τοῖς
7233	κατοικεῖν
7234	ἐθέλουσι
7235	τὰν
7236	πόλιν
7237	ἀλειτουργήτοις
7238	ἦμεν
7239	πασᾶν
7240	τᾶν
7241	λειτουργιᾶν
7242	·
7243	στᾶσαι
7244	δὲ
7245	καὶ
7246	εἰκόνας
7247	τρεῖς
7248	ἑκκαιδεκαπάχεις
7249	ἐν
7250	τῷ
7251	Βοσπορείῳ
7252	,
7253	στεφανούμενον
7254	τὸν
7255	δᾶμον
7256	τὸν
7257	Ἀθαναίων
7258	ὑπὸ
7259	τῶ
7260	δάμω
7261	τῶ
7262	Βυζαντίων
7263	καὶ
7264	Περινθίων
7265	·
7266	ἀποστεῖλαι
7267	δὲ
7268	καὶ
7269	θεαρίας
7270	ἐς
7271	τὰς
7272	ἐν
7273	τᾷ
7274	Ἑλλάδι
7275	παναγύριας
7276	,
7277	Ἴσθμια
7278	καὶ
7279	Νέμεα
7280	καὶ
7281	Ὀλύμπια
7282	καὶ
7283	Πύθια
7284	,
7285	καὶ
7286	ἀνακαρῦξαι
7287	τὼς
7288	στεφάνως
7289	οἷς
7290	ἐστεφάνωται
7291	ὁ
7292	δᾶμος
7293	ὁ
7294	Ἀθαναίων
7295	ὑφ’
7296	ἁμέων
7297	,
7298	ὅπως
7299	ἐπιστέωνται
7300	οἱ
7301	Ἕλλανες
7302	τάν
7303	τε
7304	Ἀθαναίων
7305	ἀρετὰν
7306	καὶ
7307	τὰν
7308	Βυζαντίων
7309	καὶ
7310	Περινθίων
7311	εὐχαριστίαν
7312	.
7313	λέγε
7314	καὶ
7315	τοὺς
7316	παρὰ
7317	τῶν
7318	ἐν
7319	Χερρονήσῳ
7320	στεφάνους
7321	.
7322	ΨΗΦΙΣΜΑ
7323	ΧΕΡΡΟΝΗΣΙΤΩΝ
7324	.
7325	Χερρονησιτῶν
7326	οἱ
7327	κατοικοῦντες
7328	Σηστόν
7329	,
7330	Ἐλαιοῦντα
7331	,
7332	Μάδυτον
7333	,
7334	Ἀλωπεκόννησον
7335	,
7336	στεφανοῦσιν
7337	Ἀθηναίων
7338	τὴν
7339	βουλὴν
7340	καὶ
7341	τὸν
7342	δῆμον
7343	χρυσῷ
7344	στεφάνῳ
7345	ἀπὸ
7346	ταλάντων
7347	ἑξήκοντα
7348	,
7349	καὶ
7350	Χάριτος
7351	βωμὸν
7352	ἱδρύονται
7353	καὶ
7354	Δήμου
7355	Ἀθηναίων
7356	,
7357	ὅτι
7358	πάντων
7359	τῶν
7360	μεγίστων
7361	ἀγαθῶν
7362	παραίτιος
7363	γέγονε
7364	Χερρονησίταις
7365	,
7366	ἐξελόμενος
7367	ἐκ
7368	τῆς
7369	Φιλίππου
7370	καὶ
7371	ἀποδοὺς
7372	τὰς
7373	πατρίδας
7374	,
7375	τοὺς
7376	νόμους
7377	,
7378	τὴν
7379	ἐλευθερίαν
7380	,
7381	τὰ
7382	ἱερά
7383	.
7384	καὶ
7385	ἐν
7386	τῷ
7387	μετὰ
7388	ταῦτα
7389	αἰῶνι
7390	παντὶ
7391	οὐκ
7392	ἐλλείψει
7393	εὐχαριστῶν
7394	καὶ
7395	ποιῶν
7396	ὅ
7397	τι
7398	ἂν
7399	δύνηται
7400	ἀγαθόν
7401	.
7402	ταῦτα
7403	ἐψηφίσαντο
7404	ἐν
7405	τῷ
7406	κοινῷ
7407	βουλευτηρίῳ
7408	.
7409	οὐκοῦν
7410	οὐ
7411	μόνον
7412	τὸ
7413	Χερρόνησον
7414	καὶ
7415	Βυζάντιον
7416	σῶσαι
7417	,
7418	οὐ
7419	δὲ
7420	τὸ
7421	κωλῦσαι
7422	τὸν
7423	Ἑλλήσποντον
7424	ὑπὸ
7425	Φιλίππῳ
7426	γενέσθαι
7427	τότε
7428	,
7429	οὐ
7430	δὲ
7431	τὸ
7432	τιμᾶσθαι
7433	τὴν
7434	πόλιν
7435	ἐκ
7436	τούτων
7437	ἡ
7438	προαίρεσις
7439	ἡ
7440	ἐμὴ
7441	καὶ
7442	ἡ
7443	πολιτεία
7444	διεπράξατο
7445	,
7446	ἀλλὰ
7447	καὶ
7448	πᾶσιν
7449	ἔδειξεν
7450	ἀνθρώποις
7451	τήν
7452	τε
7453	τῆς
7454	πόλεως
7455	καλοκαγαθίαν
7456	καὶ
7457	τὴν
7458	Φιλίππου
7459	κακίαν
7460	.
7461	ὁ
7462	μὲν
7463	γὰρ
7464	σύμμαχος
7465	ὢν
7466	τοῖς
7467	Βυζαντίοις
7468	πολιορκῶν
7469	αὐτοὺς
7470	ἑωρᾶθ’
7471	ὑπὸ
7472	πάντων
7473	,
7474	οὗ
7475	τί
7476	γένοιτ’
7477	ἂν
7478	αἴσχιον
7479	ἢ
7480	μιαρώτερον
7481	;
7482	ὑμεῖς
7483	δ’
7484	,
7485	οἱ
7486	καὶ
7487	μεμψάμενοι
7488	πολλὰ
7489	καὶ
7490	δίκαι’
7491	ἂν
7492	ἐκείνοις
7493	εἰκότως
7494	περὶ
7495	ὧν
7496	ἠγνωμονήκεσαν
7497	εἰς
7498	ὑμᾶς
7499	ἐν
7500	τοῖς
7501	ἔμπροσθεν
7502	χρόνοις
7503	,
7504	οὐ
7505	μόνον
7506	οὐ
7507	μνησικακοῦντες
7508	οὐ
7509	δὲ
7510	προϊέμενοι
7511	τοὺς
7512	ἀδικουμένους
7513	ἀλλὰ
7514	καὶ
7515	σῴζοντες
7516	ἐφαίνεσθε
7517	,
7518	ἐξ
7519	ὧν
7520	δόξαν
7521	,
7522	εὔνοιαν
7523	παρὰ
7524	πάντων
7525	ἐκτᾶσθε
7526	.
7527	καὶ
7528	μὴν
7529	ὅτι
7530	μὲν
7531	πολλοὺς
7532	ἐστεφανώκατ’
7533	ἤδη
7534	τῶν
7535	πολιτευομένων
7536	ἅπαντες
7537	ἴσασι
7538	·
7539	δι’
7540	ὅντινα
7541	δ’
7542	ἄλλον
7543	ἡ
7544	πόλις
7545	ἐστεφάνωται
7546	,
7547	σύμβουλον
7548	λέγω
7549	καὶ
7550	ῥήτορα
7551	,
7552	πλὴν
7553	δι’
7554	ἐμέ
7555	,
7556	οὐδ’
7557	ἂν
7558	εἷς
7559	εἰπεῖν
7560	ἔχοι
7561	.
7562	ἵνα
7563	τοίνυν
7564	καὶ
7565	τὰς
7566	βλασφημίας
7567	ἃς
7568	κατὰ
7569	τῶν
7570	Εὐβοέων
7571	καὶ
7572	τῶν
7573	Βυζαντίων
7574	ἐποιήσατο
7575	,
7576	εἴ
7577	τι
7578	δυσχερὲς
7579	αὐτοῖς
7580	ἐπέπρακτο
7581	πρὸς
7582	ὑμᾶς
7583	ὑπομιμνῄσκων
7584	,
7585	συκοφαντίας
7586	οὔσας
7587	ἐπιδείξω
7588	μὴ
7589	μόνον
7590	τῷ
7591	ψευδεῖς
7592	εἶναι
7593	(
7594	τοῦτο
7595	μὲν
7596	γὰρ
7597	ὑπάρχειν
7598	ὑμᾶς
7599	εἰδότας
7600	ἡγοῦμαι
7601	)
7602	,
7603	ἀλλὰ
7604	καὶ
7605	τῷ
7606	,
7607	εἰ
7608	τὰ
7609	μάλιστ’
7610	ἦσαν
7611	ἀληθεῖς
7612	,
7613	οὕτως
7614	ὡς
7615	ἐγὼ
7616	κέχρημαι
7617	τοῖς
7618	πράγμασι
7619	συμφέρειν
7620	χρήσασθαι
7621	,
7622	ἓν
7623	ἢ
7624	δύο
7625	βούλομαι
7626	τῶν
7627	καθ’
7628	ὑμᾶς
7629	πεπραγμένων
7630	καλῶν
7631	τῇ
7632	πόλει
7633	διεξελθεῖν
7634	,
7635	καὶ
7636	ταῦτ’
7637	ἐν
7638	βραχέσι
7639	·
7640	καὶ
7641	γὰρ
7642	ἄνδρ’
7643	ἰδίᾳ
7644	καὶ
7645	πόλιν
7646	κοινῇ
7647	πρὸς
7648	τὰ
7649	κάλλιστα
7650	τῶν
7651	ὑπαρχόντων
7652	ἀεὶ
7653	δεῖ
7654	πειρᾶσθαι
7655	τὰ
7656	λοιπὰ
7657	πράττειν
7658	.
7659	ὑμεῖς
7660	τοίνυν
7661	,
7662	ἄνδρες
7663	Ἀθηναῖοι
7664	,
7665	Λακεδαιμονίων
7666	γῆς
7667	καὶ
7668	θαλάττης
7669	ἀρχόντων
7670	καὶ
7671	τὰ
7672	κύκλῳ
7673	τῆς
7674	Ἀττικῆς
7675	κατεχόντων
7676	ἁρμοσταῖς
7677	καὶ
7678	φρουραῖς
7679	,
7680	Εὔβοιαν
7681	,
7682	Τάναγραν
7683	,
7684	τὴν
7685	Βοιωτίαν
7686	ἅπασαν
7687	,
7688	Μέγαρα
7689	,
7690	Αἴγιναν
7691	,
7692	Κέω
7693	,
7694	τὰς
7695	ἄλλας
7696	νήσους
7697	,
7698	οὐ
7699	ναῦς
7700	,
7701	οὐ
7702	τείχη
7703	τῆς
7704	πόλεως
7705	τότε
7706	κεκτημένης
7707	,
7708	ἐξήλθετ’
7709	εἰς
7710	Ἁλίαρτον
7711	καὶ
7712	πάλιν
7713	οὐ
7714	πολλαῖς
7715	ἡμέραις
7716	ὕστερον
7717	εἰς
7718	Κόρινθον
7719	,
7720	τῶν
7721	τότ’
7722	Ἀθηναίων
7723	πόλλ’
7724	ἂν
7725	ἐχόντων
7726	μνησικακῆσαι
7727	καὶ
7728	Κορινθίοις
7729	καὶ
7730	Θηβαίοις
7731	τῶν
7732	περὶ
7733	τὸν
7734	Δεκελεικὸν
7735	πόλεμον
7736	πραχθέντων
7737	·
7738	ἀλλ’
7739	οὐκ
7740	ἐποίουν
7741	τοῦτο
7742	,
7743	οὐδ’
7744	ἐγγύς
7745	.
7746	καίτοι
7747	τότε
7748	ταῦτ’
7749	ἀμφότερ’
7750	,
7751	Αἰσχίνη
7752	,
7753	οὔθ’
7754	ὑπὲρ
7755	εὐεργετῶν
7756	ἐποίουν
7757	οὔτ’
7758	ἀκίνδυν’
7759	ἑώρων
7760	.
7761	ἀλλ’
7762	οὐ
7763	διὰ
7764	ταῦτα
7765	προΐεντο
7766	τοὺς
7767	καταφεύγοντας
7768	ἐφ’
7769	ἑαυτούς
7770	,
7771	ἀλλ’
7772	ὑπὲρ
7773	εὐδοξίας
7774	καὶ
7775	τιμῆς
7776	ἤθελον
7777	τοῖς
7778	δεινοῖς
7779	αὑτοὺς
7780	διδόναι
7781	,
7782	ὀρθῶς
7783	καὶ
7784	καλῶς
7785	βουλευόμενοι
7786	.
7787	πέρας
7788	μὲν
7789	γὰρ
7790	ἅπασιν
7791	ἀνθρώποις
7792	ἐστὶ
7793	τοῦ
7794	βίου
7795	θάνατος
7796	,
7797	κ
7798	ἂν
7799	ἐν
7800	οἰκίσκῳ
7801	τις
7802	αὑτὸν
7803	καθείρξας
7804	τηρῇ
7805	·
7806	δεῖ
7807	δὲ
7808	τοὺς
7809	ἀγαθοὺς
7810	ἄνδρας
7811	ἐγχειρεῖν
7812	μὲν
7813	ἅπασιν
7814	ἀεὶ
7815	τοῖς
7816	καλοῖς
7817	,
7818	τὴν
7819	ἀγαθὴν
7820	προβαλλομένους
7821	ἐλπίδα
7822	,
7823	φέρειν
7824	δ’
7825	ἃν
7826	ὁ
7827	θεὸς
7828	διδῷ
7829	γενναίως
7830	.
7831	ταῦτ’
7832	ἐποίουν
7833	οἱ
7834	ὑμέτεροι
7835	πρόγονοι
7836	,
7837	ταῦθ’
7838	ὑμεῖς
7839	οἱ
7840	πρεσβύτεροι
7841	,
7842	οἳ
7843	Λακεδαιμονίους
7844	οὐ
7845	φίλους
7846	ὄντας
7847	οὐδ’
7848	εὐεργέτας
7849	,
7850	ἀλλὰ
7851	πολλὰ
7852	τὴν
7853	πόλιν
7854	ἡμῶν
7855	ἠδικηκότας
7856	καὶ
7857	μεγάλα
7858	,
7859	ἐπειδὴ
7860	Θηβαῖοι
7861	κρατήσαντες
7862	ἐν
7863	Λεύκτροις
7864	ἀνελεῖν
7865	ἐπεχείρουν
7866	,
7867	διεκωλύσατε
7868	,
7869	οὐ
7870	φοβηθέντες
7871	τὴν
7872	τότε
7873	Θηβαίοις
7874	ῥώμην
7875	καὶ
7876	δόξαν
7877	ὑπάρχουσαν
7878	,
7879	οὐδ’
7880	ὑπὲρ
7881	οἷα
7882	πεποιηκότων
7883	ἀνθρώπων
7884	κινδυνεύσετε
7885	διαλογισάμενοι
7886	.
7887	καὶ
7888	γάρ
7889	τοι
7890	πᾶσι
7891	τοῖς
7892	Ἕλλησιν
7893	ἐδείξατ’
7894	ἐκ
7895	τούτων
7896	ὅτι
7897	,
7898	κ
7899	ἂν
7900	ὁτιοῦν
7901	τις
7902	εἰς
7903	ὑμᾶς
7904	ἐξαμάρτῃ
7905	,
7906	τούτων
7907	τὴν
7908	ὀργὴν
7909	εἰς
7910	τ
7911	ἄλλ’
7912	ἔχετε
7913	,
7914	ἐὰν
7915	δ’
7916	ὑπὲρ
7917	σωτηρίας
7918	ἢ
7919	ἐλευθερίας
7920	κίνδυνός
7921	τις
7922	αὐτοὺς
7923	καταλαμβάνῃ
7924	,
7925	οὔ
7926	τε
7927	μνησικακήσετ’
7928	οὔθ’
7929	ὑπολογιεῖσθε
7930	.
7931	καὶ
7932	οὐκ
7933	ἐπὶ
7934	τούτων
7935	μόνον
7936	οὕτως
7937	ἐσχήκατε
7938	,
7939	ἀλλὰ
7940	πάλιν
7941	σφετεριζομένων
7942	Θηβαίων
7943	τὴν
7944	Εὔβοιαν
7945	οὐ
7946	περιείδετε
7947	,
7948	οὐδ’
7949	ὧν
7950	ὑπὸ
7951	Θεμίσωνος
7952	καὶ
7953	Θεοδώρου
7954	περὶ
7955	Ὠρωπὸν
7956	ἠδίκησθ’
7957	ἀνεμνήσθητε
7958	,
7959	ἀλλ’
7960	ἐβοηθήσατε
7961	καὶ
7962	τούτοις
7963	,
7964	τῶν
7965	ἐθελοντῶν
7966	τότε
7967	τριηράρχων
7968	πρῶτον
7969	γενομένων
7970	τῇ
7971	πόλει
7972	,
7973	ὧν
7974	εἷς
7975	ἦν
7976	ἐγώ
7977	.
7978	ἀλλ’
7979	οὔπω
7980	περὶ
7981	τούτων
7982	.
7983	καὶ
7984	καλὸν
7985	μὲν
7986	ἐποιήσατε
7987	καὶ
7988	τὸ
7989	σῶσαι
7990	τὴν
7991	νῆσον
7992	,
7993	πολλῷ
7994	δ’
7995	ἔτι
7996	τούτου
7997	κάλλιον
7998	τὸ
7999	καταστάντες
8000	κύριοι
8001	καὶ
8002	τῶν
8003	σωμάτων
8004	καὶ
8005	τῶν
8006	πόλεων
8007	ἀποδοῦναι
8008	ταῦτα
8009	δικαίως
8010	αὐτοῖς
8011	τοῖς
8012	ἐξημαρτηκόσιν
8013	εἰς
8014	ὑμᾶς
8015	,
8016	μηδὲν
8017	ὧν
8018	ἠδίκησθε
8019	ἐν
8020	οἷς
8021	ἐπιστεύθητε
8022	ὑπολογισάμενοι
8023	.
8024	μυρία
8025	τοίνυν
8026	ἕτερ’
8027	εἰπεῖν
8028	ἔχων
8029	παραλείπω
8030	,
8031	ναυμαχίας
8032	,
8033	ἐξόδους
8034	καὶ
8035	πάλαι
8036	γεγονυίας
8037	καὶ
8038	νῦν
8039	ἐφ’
8040	ἡμῶν
8041	αὐτῶν
8042	,
8043	ἃς
8044	ἁπάσας
8045	ἡ
8046	πόλις
8047	τῆς
8048	τῶν
8049	ἄλλων
8050	Ἑλλήνων
8051	ἐλευθερίας
8052	καὶ
8053	σωτηρίας
8054	πεποίηται
8055	.
8056	εἶτ’
8057	ἐγὼ
8058	τεθεωρηκὼς
8059	ἐν
8060	τοσούτοις
8061	καὶ
8062	τοιούτοις
8063	τὴν
8064	πόλιν
8065	ὑπὲρ
8066	τῶν
8067	τοῖς
8068	ἄλλοις
8069	συμφερόντων
8070	ἐθέλουσαν
8071	ἀγωνίζεσθαι
8072	,
8073	ὑπὲρ
8074	αὐτῆς
8075	τρόπον
8076	τινὰ
8077	τῆς
8078	βουλῆς
8079	οὔσης
8080	τί
8081	ἔμελλον
8082	κελεύσειν
8083	ἢ
8084	τί
8085	συμβουλεύσειν
8086	αὐτῇ
8087	ποιεῖν
8088	;
8089	μνησικακεῖν
8090	νὴ
8091	Δία
8092	πρὸς
8093	τοὺς
8094	βουλομένους
8095	σῴζεσθαι
8096	,
8097	καὶ
8098	προφάσεις
8099	ζητεῖν
8100	δι’
8101	ἃς
8102	ἅπαντα
8103	προησόμεθα
8104	.
8105	καὶ
8106	τίς
8107	οὐκ
8108	ἂν
8109	ἀπέκτεινέν
8110	με
8111	δικαίως
8112	,
8113	εἴ
8114	τι
8115	τῶν
8116	ὑπαρχόντων
8117	τῇ
8118	πόλει
8119	καλῶν
8120	λόγῳ
8121	μόνον
8122	καταισχύνειν
8123	ἐπεχείρησα
8124	;
8125	ἐπεὶ
8126	τό
8127	γ’
8128	ἔργον
8129	οὐκ
8130	ἂν
8131	ἐποιήσαθ’
8132	ὑμεῖς
8133	,
8134	ἀκριβῶς
8135	οἶδ’
8136	ἐγώ
8137	·
8138	εἰ
8139	γὰρ
8140	ἐβούλεσθε
8141	,
8142	τί
8143	ἦν
8144	ἐμποδών
8145	;
8146	οὐκ
8147	ἐξῆν
8148	;
8149	οὐχ
8150	ὑπῆρχον
8151	οἱ
8152	ταῦτ’
8153	ἐροῦντες
8154	οὗτοι
8155	;
8156	βούλομαι
8157	τοίνυν
8158	ἐπανελθεῖν
8159	ἐφ’
8160	ἃ
8161	τούτων
8162	ἑξῆς
8163	ἐπολιτευόμην
8164	·
8165	καὶ
8166	σκοπεῖτ’
8167	ἐν
8168	τούτοις
8169	πάλιν
8170	αὖ
8171	,
8172	τί
8173	τὸ
8174	τῇ
8175	πόλει
8176	βέλτιστον
8177	ἦν
8178	.
8179	ὁρῶν
8180	γάρ
8181	,
8182	ὦ
8183	ἄνδρες
8184	Ἀθηναῖοι
8185	,
8186	τὸ
8187	ναυτικὸν
8188	ὑμῶν
8189	καταλυόμενον
8190	καὶ
8191	τοὺς
8192	μὲν
8193	πλουσίους
8194	ἀτελεῖς
8195	ἀπὸ
8196	μικρῶν
8197	ἀναλωμάτων
8198	γιγνομένους
8199	,
8200	τοὺς
8201	δὲ
8202	μέτρι’
8203	ἢ
8204	μικρὰ
8205	κεκτημένους
8206	τῶν
8207	πολιτῶν
8208	τὰ
8209	ὄντ’
8210	ἀπολλύοντας
8211	,
8212	ἔτι
8213	δ’
8214	ὑστερίζουσαν
8215	ἐκ
8216	τούτων
8217	τὴν
8218	πόλιν
8219	τῶν
8220	καιρῶν
8221	,
8222	ἔθηκα
8223	νόμον
8224	καθ’
8225	ὃν
8226	τοὺς
8227	μὲν
8228	τὰ
8229	δίκαια
8230	ποιεῖν
8231	ἠνάγκασα
8232	,
8233	τοὺς
8234	πλουσίους
8235	,
8236	τοὺς
8237	δὲ
8238	πένητας
8239	ἔπαυσ’
8240	ἀδικουμένους
8241	,
8242	τῇ
8243	πόλει
8244	δ’
8245	ὅπερ
8246	ἦν
8247	χρησιμώτατον
8248	,
8249	ἐν
8250	καιρῷ
8251	γίγνεσθαι
8252	τὰς
8253	παρασκευὰς
8254	ἐποίησα
8255	.
8256	καὶ
8257	γραφεὶς
8258	τὸν
8259	ἀγῶνα
8260	τοῦτον
8261	εἰς
8262	ὑμᾶς
8263	εἰσῆλθον
8264	καὶ
8265	ἀπέφυγον
8266	,
8267	καὶ
8268	τὸ
8269	μέρος
8270	τῶν
8271	ψήφων
8272	ὁ
8273	διώκων
8274	οὐκ
8275	ἔλαβεν
8276	.
8277	καίτοι
8278	πόσα
8279	χρήματα
8280	τοὺς
8281	ἡγεμόνας
8282	τῶν
8283	συμμοριῶν
8284	ἢ
8285	τοὺς
8286	δευτέρους
8287	καὶ
8288	τρίτους
8289	οἴεσθέ
8290	μοι
8291	διδόναι
8292	,
8293	ὥστε
8294	μάλιστα
8295	μὲν
8296	μὴ
8297	θεῖναι
8298	τὸν
8299	νόμον
8300	τοῦτον
8301	,
8302	εἰ
8303	δὲ
8304	μή
8305	,
8306	καταβάλλοντ’
8307	ἐᾶν
8308	ἐν
8309	ὑπωμοσίᾳ
8310	;
8311	τοσαῦτ’
8312	,
8313	ὦ
8314	ἄνδρες
8315	Ἀθηναῖοι
8316	,
8317	ὅσ’
8318	ὀκνήσαιμ’
8319	ἂν
8320	πρὸς
8321	ὑμᾶς
8322	εἰπεῖν
8323	.
8324	καὶ
8325	ταῦτ’
8326	εἰκότως
8327	ἔπραττον
8328	ἐκεῖνοι
8329	.
8330	ἦν
8331	γὰρ
8332	αὐτοῖς
8333	ἐκ
8334	μὲν
8335	τῶν
8336	προτέρων
8337	νόμων
8338	συνεκκαίδεκα
8339	λῃτουργεῖν
8340	,
8341	αὐτοῖς
8342	μὲν
8343	μικρὰ
8344	καὶ
8345	οὐδὲν
8346	ἀναλίσκουσι
8347	,
8348	τοὺς
8349	δ’
8350	ἀπόρους
8351	τῶν
8352	πολιτῶν
8353	ἐπιτρίβουσιν
8354	,
8355	ἐκ
8356	δὲ
8357	τοῦ
8358	ἐμοῦ
8359	νόμου
8360	τὸ
8361	γιγνόμενον
8362	κατὰ
8363	τὴν
8364	οὐσίαν
8365	ἕκαστον
8366	τιθέναι
8367	,
8368	καὶ
8369	δυοῖν
8370	ἐφάνη
8371	τριήραρχος
8372	ὁ
8373	τῆς
8374	μιᾶς
8375	ἕκτος
8376	καὶ
8377	δέκατος
8378	πρότερον
8379	συντελής
8380	·
8381	οὐ
8382	δὲ
8383	γὰρ
8384	τριηράρχους
8385	ἔτ’
8386	ὠνόμαζον
8387	ἑαυτούς
8388	,
8389	ἀλλὰ
8390	συντελεῖς
8391	.
8392	ὥστε
8393	δὴ
8394	ταῦτα
8395	λυθῆναι
8396	καὶ
8397	μὴ
8398	τὰ
8399	δίκαια
8400	ποιεῖν
8401	ἀναγκασθῆναι
8402	,
8403	οὐκ
8404	ἔσθ’
8405	ὅ
8406	τι
8407	οὐκ
8408	ἐδίδοσαν
8409	.
8410	καί
8411	μοι
8412	λέγε
8413	πρῶτον
8414	μὲν
8415	τὸ
8416	ψήφισμα
8417	καθ’
8418	ὃ
8419	εἰσῆλθον
8420	τὴν
8421	γραφήν
8422	,
8423	εἶτα
8424	τοὺς
8425	καταλόγους
8426	,
8427	τόν
8428	τ’
8429	ἐκ
8430	τοῦ
8431	προτέρου
8432	νόμου
8433	καὶ
8434	τὸν
8435	κατὰ
8436	τὸν
8437	ἐμόν
8438	.
8439	λέγε
8440	.
8441	ΨΗΦΙΣΜΑ
8442	.
8443	ἐπὶ
8444	ἄρχοντος
8445	Πολυκλέους
8446	,
8447	μηνὸς
8448	βοηδρομιῶνος
8449	ἕκτῃ
8450	ἐπὶ
8451	δέκα
8452	,
8453	φυλῆς
8454	πρυτανευούσης
8455	Ἱπποθωντίδος
8456	,
8457	Δημοσθένης
8458	Δημοσθένους
8459	Παιανιεὺς
8460	εἰσήνεγκε
8461	νόμον
8462	τριηραρχικὸν
8463	ἀντὶ
8464	τοῦ
8465	πρότερον
8466	,
8467	καθ’
8468	ὃν
8469	αἱ
8470	συντέλειαι
8471	ἦσαν
8472	τῶν
8473	τριηράρχων
8474	·
8475	καὶ
8476	ἐπεχειροτόνησεν
8477	ἡ
8478	βουλὴ
8479	καὶ
8480	ὁ
8481	δῆμος
8482	·
8483	καὶ
8484	ἀπήνεγκε
8485	παρανόμων
8486	Δημοσθένει
8487	Πατροκλῆς
8488	Φλυεύς
8489	,
8490	καὶ
8491	τὸ
8492	μέρος
8493	τῶν
8494	ψήφων
8495	οὐ
8496	λαβὼν
8497	ἀπέτεισε
8498	τὰς
8499	πεντακοσίας
8500	δραχμάς
8501	.
8502	φέρε
8503	δὴ
8504	καὶ
8505	τὸν
8506	καλὸν
8507	κατάλογον
8508	.
8509	ΚΑΤΑΛΟΓΟΣ
8510	.
8511	Τοὺς
8512	τριηράρχους
8513	καλεῖσθαι
8514	ἐπὶ
8515	τὴν
8516	τριήρη
8517	συνεκκαίδεκα
8518	ἐκ
8519	τῶν
8520	ἐν
8521	τοῖς
8522	λόχοις
8523	συντελειῶν
8524	,
8525	ἀπὸ
8526	εἴκοσι
8527	καὶ
8528	πέντε
8529	ἐτῶν
8530	εἰς
8531	τετταράκοντα
8532	,
8533	ἐπὶ
8534	ἴσον
8535	τῇ
8536	χορηγίᾳ
8537	χρωμένους
8538	.
8539	Φέρε
8540	δὴ
8541	παρὰ
8542	τοῦτον
8543	τὸν
8544	ἐκ
8545	τοῦ
8546	ἐμοῦ
8547	νόμου
8548	κατάλογον
8549	.
8550	ΚΑΤΑΛΟΓΟΣ
8551	.
8552	Τοὺς
8553	τριηράρχους
8554	αἱρεῖσθαι
8555	ἐπὶ
8556	τὴν
8557	τριήρη
8558	ἀπὸ
8559	τῆς
8560	οὐσίας
8561	κατὰ
8562	τίμησιν
8563	,
8564	ἀπὸ
8565	ταλάντων
8566	δέκα
8567	·
8568	ἐὰν
8569	δὲ
8570	πλειόνων
8571	ἡ
8572	οὐσία
8573	ἀποτετιμημένη
8574	ᾖ
8575	χρημάτων
8576	,
8577	κατὰ
8578	τὸν
8579	ἀναλογισμὸν
8580	ἕως
8581	τριῶν
8582	πλοίων
8583	καὶ
8584	ὑπηρετικοῦ
8585	ἡ
8586	λειτουργία
8587	ἔστω
8588	.
8589	κατὰ
8590	τὴν
8591	αὐτὴν
8592	δὲ
8593	ἀναλογίαν
8594	ἔστω
8595	καὶ
8596	οἷς
8597	ἐλάττων
8598	οὐσία
8599	ἐστὶ
8600	τῶν
8601	δέκα
8602	ταλάντων
8603	,
8604	εἰς
8605	συντέλειαν
8606	συναγομένοις
8607	εἰς
8608	τὰ
8609	δέκα
8610	τάλαντα
8611	.
8612	ἆρα
8613	μικρὰ
8614	βοηθῆσαι
8615	τοῖς
8616	πένησιν
8617	ὑμῶν
8618	δοκῶ
8619	,
8620	ἢ
8621	μίκρ’
8622	ἀναλῶσαι
8623	ἂν
8624	τοῦ
8625	μὴ
8626	τὰ
8627	δίκαια
8628	ποιεῖν
8629	οἱ
8630	πλούσιοι
8631	;
8632	οὐ
8633	τοίνυν
8634	μόνον
8635	τῷ
8636	μὴ
8637	καθυφεῖναι
8638	ταῦτα
8639	σεμνύνομαι
8640	,
8641	οὐ
8642	δὲ
8643	τῷ
8644	γραφεὶς
8645	ἀποφυγεῖν
8646	,
8647	ἀλλὰ
8648	καὶ
8649	τῷ
8650	συμφέροντα
8651	θεῖναι
8652	τὸν
8653	νόμον
8654	καὶ
8655	τῷ
8656	πεῖραν
8657	ἔργῳ
8658	δεδωκέναι
8659	.
8660	πάντα
8661	γὰρ
8662	τὸν
8663	πόλεμον
8664	τῶν
8665	ἀποστόλων
8666	γιγνομένων
8667	κατὰ
8668	τὸν
8669	νόμον
8670	τὸν
8671	ἐμόν
8672	,
8673	οὐχ
8674	ἱκετηρίαν
8675	ἔθηκε
8676	τριήραρχος
8677	οὐδεὶς
8678	πώποθ’
8679	ὡς
8680	ἀδικούμενος
8681	παρ’
8682	ὑμῖν
8683	,
8684	οὐκ
8685	ἐν
8686	Μουνιχίας
8687	ἐκαθέζετο
8688	,
8689	οὐχ
8690	ὑπὸ
8691	τῶν
8692	ἀποστολέων
8693	ἐδέθη
8694	,
8695	οὐ
8696	τριήρης
8697	οὔτ’
8698	ἔξω
8699	καταλειφθεῖσ’
8700	ἀπώλετο
8701	τῇ
8702	πόλει
8703	,
8704	οὔτ’
8705	αὐτοῦ
8706	ἀπελείφθη
8707	οὐ
8708	δυναμένη
8709	ἀνάγεσθαι
8710	.
8711	καίτοι
8712	κατὰ
8713	τοὺς
8714	προτέρους
8715	νόμους
8716	ἅπαντα
8717	ταῦτ’
8718	ἐγίγνετο
8719	.
8720	τὸ
8721	δ’
8722	αἴτιον
8723	,
8724	ἐν
8725	τοῖς
8726	πένησιν
8727	ἦν
8728	τὸ
8729	λῃτουργεῖν
8730	·
8731	πολλὰ
8732	δὴ
8733	τ
8734	ἀδύνατα
8735	συνέβαινεν
8736	.
8737	ἐγὼ
8738	δ’
8739	ἐκ
8740	τῶν
8741	ἀπόρων
8742	εἰς
8743	τοὺς
8744	εὐπόρους
8745	μετήνεγκα
8746	τὰς
8747	τριηραρχίας
8748	·
8749	πάντ’
8750	οὖν
8751	τὰ
8752	δέοντ’
8753	ἐγίγνετο
8754	.
8755	καὶ
8756	μὴν
8757	καὶ
8758	κατ’
8759	αὐτὸ
8760	τοῦτ’
8761	ἄξιός
8762	εἰμ’
8763	ἐπαίνου
8764	τυχεῖν
8765	,
8766	ὅτι
8767	πάντα
8768	τὰ
8769	τοιαῦτα
8770	προῃρούμην
8771	πολιτεύματα
8772	,
8773	ἀφ’
8774	ὧν
8775	ἅμα
8776	δόξαι
8777	καὶ
8778	τιμαὶ
8779	καὶ
8780	δυνάμεις
8781	συνέβαινον
8782	τῇ
8783	πόλει
8784	·
8785	βάσκανον
8786	δὲ
8787	καὶ
8788	πικρὸν
8789	καὶ
8790	κακόηθες
8791	οὐδέν
8792	ἐστι
8793	πολίτευμ’
8794	ἐμόν
8795	,
8796	οὐ
8797	δὲ
8798	ταπεινόν
8799	,
8800	οὐ
8801	δὲ
8802	τῆς
8803	πόλεως
8804	ἀνάξιον
8805	.
8806	τ
8807	αὐτὸ
8808	τοίνυν
8809	ἦθος
8810	ἔχων
8811	ἔν
8812	τε
8813	τοῖς
8814	κατὰ
8815	τὴν
8816	πόλιν
8817	πολιτεύμασι
8818	καὶ
8819	ἐν
8820	τοῖς
8821	Ἑλληνικοῖς
8822	φανήσομαι
8823	·
8824	οὔ
8825	τε
8826	γὰρ
8827	ἐν
8828	τῇ
8829	πόλει
8830	τὰς
8831	παρὰ
8832	τῶν
8833	πλουσίων
8834	χάριτας
8835	μᾶλλον
8836	ἢ
8837	τὰ
8838	τῶν
8839	πολλῶν
8840	δίκαι’
8841	εἱλόμην
8842	,
8843	οὔτ’
8844	ἐν
8845	τοῖς
8846	Ἑλληνικοῖς
8847	τὰ
8848	Φιλίππου
8849	δῶρα
8850	καὶ
8851	τὴν
8852	ξενίαν
8853	ἠγάπησα
8854	ἀντὶ
8855	τῶν
8856	κοινῇ
8857	πᾶσι
8858	τοῖς
8859	Ἕλλησι
8860	συμφερόντων
8861	.
8862	ἡγοῦμαι
8863	τοίνυν
8864	λοιπὸν
8865	εἶναί
8866	μοι
8867	περὶ
8868	τοῦ
8869	κηρύγματος
8870	εἰπεῖν
8871	καὶ
8872	τῶν
8873	εὐθυνῶν
8874	·
8875	τὸ
8876	γὰρ
8877	ὡς
8878	τ
8879	ἄριστά
8880	τ’
8881	ἔπραττον
8882	καὶ
8883	διὰ
8884	παντὸς
8885	εὔνους
8886	εἰμὶ
8887	καὶ
8888	πρόθυμος
8889	εὖ
8890	ποιεῖν
8891	ὑμᾶς
8892	,
8893	ἱκανῶς
8894	ἐκ
8895	τῶν
8896	εἰρημένων
8897	δεδηλῶσθαί
8898	μοι
8899	νομίζω
8900	.
8901	καίτοι
8902	τὰ
8903	μέγιστά
8904	γε
8905	τῶν
8906	πεπολιτευμένων
8907	καὶ
8908	πεπραγμένων
8909	ἐμαυτῷ
8910	παραλείπω
8911	,
8912	ὑπολαμβάνων
8913	πρῶτον
8914	μὲν
8915	ἐφεξῆς
8916	τοὺς
8917	περὶ
8918	αὐτοῦ
8919	τοῦ
8920	παρανόμου
8921	λόγους
8922	ἀποδοῦναί
8923	με
8924	δεῖν
8925	,
8926	εἶτα
8927	,
8928	κ
8929	ἂν
8930	μηδὲν
8931	εἴπω
8932	περὶ
8933	τῶν
8934	λοιπῶν
8935	πολιτευμάτων
8936	,
8937	ὁμοίως
8938	παρ’
8939	ὑμῶν
8940	ἑκάστῳ
8941	τὸ
8942	συνειδὸς
8943	ὑπάρχειν
8944	μοι
8945	.
8946	τῶν
8947	μὲν
8948	οὖν
8949	λόγων
8950	,
8951	οὓς
8952	οὗτος
8953	ἄνω
8954	καὶ
8955	κάτω
8956	διακυκῶν
8957	ἔλεγε
8958	περὶ
8959	τῶν
8960	παραγεγραμμένων
8961	νόμων
8962	,
8963	οὔ
8964	τε
8965	μὰ
8966	τοὺς
8967	θεοὺς
8968	ὑμᾶς
8969	οἶμαι
8970	μανθάνειν
8971	οὔτ’
8972	αὐτὸς
8973	ἐδυνάμην
8974	συνεῖναι
8975	τοὺς
8976	πολλούς
8977	·
8978	ἁπλῶς
8979	δὲ
8980	τὴν
8981	ὀρθὴν
8982	περὶ
8983	τῶν
8984	δικαίων
8985	διαλέξομαι
8986	.
8987	τοσούτου
8988	γὰρ
8989	δέω
8990	λέγειν
8991	ὡς
8992	οὐκ
8993	εἴμ’
8994	ὑπεύθυνος
8995	,
8996	ὃ
8997	νῦν
8998	οὗτος
8999	διέβαλλε
9000	καὶ
9001	διωρίζετο
9002	,
9003	ὥσθ’
9004	ἅπαντα
9005	τὸν
9006	βίον
9007	ὑπεύθυνος
9008	εἶναι
9009	ὁμολογῶ
9010	ὧν
9011	ἢ
9012	διακεχείρικ’
9013	ἢ
9014	πεπολίτευμαι
9015	παρ’
9016	ὑμῖν
9017	.
9018	ὧν
9019	μέντοι
9020	γ’
9021	ἐκ
9022	τῆς
9023	ἰδίας
9024	οὐσίας
9025	ἐπαγγειλάμενος
9026	δέδωκα
9027	τῷ
9028	δήμῳ
9029	,
9030	οὐδεμίαν
9031	ἡμέραν
9032	ὑπεύθυνος
9033	εἶναί
9034	φημι
9035	(
9036	ἀκούεις
9037	Αἰσχίνη
9038	;
9039	)
9040	οὐδ’
9041	ἄλλον
9042	οὐδένα
9043	,
9044	οὐδ’
9045	ἂν
9046	τῶν
9047	ἐννέ’
9048	ἀρχόντων
9049	τις
9050	ὢν
9051	τύχῃ
9052	.
9053	τίς
9054	γάρ
9055	ἐστι
9056	νόμος
9057	τοσαύτης
9058	ἀδικίας
9059	καὶ
9060	μισανθρωπίας
9061	μεστὸς
9062	ὥστε
9063	τὸν
9064	δόντα
9065	τι
9066	τῶν
9067	ἰδίων
9068	καὶ
9069	ποιήσαντα
9070	πρᾶγμα
9071	φιλάνθρωπον
9072	καὶ
9073	φιλόδωρον
9074	τῆς
9075	χάριτος
9076	μὲν
9077	ἀποστερεῖν
9078	,
9079	εἰς
9080	τοὺς
9081	συκοφάντας
9082	δ’
9083	ἄγειν
9084	,
9085	καὶ
9086	τούτους
9087	ἐπὶ
9088	τὰς
9089	εὐθύνας
9090	ὧν
9091	ἔδωκεν
9092	ἐφιστάναι
9093	;
9094	οὐ
9095	δὲ
9096	εἷς
9097	.
9098	εἰ
9099	δέ
9100	φησιν
9101	οὗτος
9102	,
9103	δειξάτω
9104	,
9105	κ
9106	ἀγὼ
9107	στέρξω
9108	καὶ
9109	σιωπήσομαι
9110	.
9111	ἀλλ’
9112	οὐκ
9113	ἔστιν
9114	,
9115	ἄνδρες
9116	Ἀθηναῖοι
9117	,
9118	ἀλλ’
9119	οὗτος
9120	συκοφαντῶν
9121	,
9122	ὅτι
9123	ἐπὶ
9124	τῷ
9125	θεωρικῷ
9126	τότ’
9127	ὢν
9128	ἐπέδωκα
9129	τὰ
9130	χρήματα
9131	,
9132	ἐπῄνεσεν
9133	αὐτό
9134	φησίν
9135	ὑπεύθυνον
9136	ὄντα
9137	οὐ
9138	περὶ
9139	τούτων
9140	γ’
9141	οὐδενὸς
9142	ὧν
9143	ὑπεύθυνος
9144	ἦν
9145	,
9146	ἀλλ’
9147	ἐφ’
9148	οἷς
9149	ἐπέδωκα
9150	,
9151	ὦ
9152	συκοφάντα
9153	.
9154	ἀλλὰ
9155	καὶ
9156	τειχοποιὸς
9157	ἦσθα
9158	καὶ
9159	διά
9160	γε
9161	τοῦτο
9162	ὀρθῶς
9163	ἐπῃνούμην
9164	,
9165	ὅτι
9166	τ
9167	ἀνηλωμέν’
9168	ἔδωκα
9169	καὶ
9170	οὐκ
9171	ἐλογιζόμην
9172	.
9173	ὁ
9174	μὲν
9175	γὰρ
9176	λογισμὸς
9177	εὐθυνῶν
9178	καὶ
9179	τῶν
9180	ἐξετασόντων
9181	προσδεῖται
9182	,
9183	ἡ
9184	δὲ
9185	δωρειὰ
9186	χάριτος
9187	καὶ
9188	ἐπαίνου
9189	δικαία
9190	ἐστὶ
9191	τυγχάνειν
9192	·
9193	διόπερ
9194	ταῦτ’
9195	ἔγραψεν
9196	ὁδὶ
9197	περὶ
9198	ἐμοῦ
9199	.
9200	ὅτι
9201	δ’
9202	οὕτω
9203	ταῦτ’
9204	οὐ
9205	μόνον
9206	ἐν
9207	τοῖς
9208	νόμοις
9209	,
9210	ἀλλὰ
9211	καὶ
9212	ἐν
9213	τοῖς
9214	ὑμετέροις
9215	ἤθεσιν
9216	ὥρισται
9217	,
9218	ἐγὼ
9219	ῥᾳδίως
9220	πολλαχόθεν
9221	δείξω
9222	.
9223	πρῶτον
9224	μὲν
9225	γὰρ
9226	Ναυσικλῆς
9227	στρατηγῶν
9228	ἐφ’
9229	οἷς
9230	ἀπὸ
9231	τῶν
9232	ἰδίων
9233	προεῖτο
9234	πολλάκις
9235	ἐστεφάνωται
9236	ὑφ’
9237	ὑμῶν
9238	·
9239	εἶθ’
9240	ὅτε
9241	τὰς
9242	ἀσπίδας
9243	Διότιμος
9244	ἔδωκε
9245	καὶ
9246	πάλιν
9247	Χαρίδημος
9248	,
9249	ἐστεφανοῦντο
9250	·
9251	εἶθ’
9252	οὑτοσὶ
9253	Νεοπτόλεμος
9254	πολλῶν
9255	ἔργων
9256	ἐπιστάτης
9257	ὤν
9258	,
9259	ἐφ’
9260	οἷς
9261	ἐπέδωκε
9262	τετίμηται
9263	.
9264	σχέτλιον
9265	γὰρ
9266	ἂν
9267	εἴη
9268	τοῦτό
9269	γε
9270	,
9271	εἰ
9272	τῷ
9273	τιν’
9274	ἀρχὴν
9275	ἄρχοντι
9276	ἢ
9277	διδόναι
9278	τῇ
9279	πόλει
9280	τὰ
9281	ἑαυτοῦ
9282	διὰ
9283	τὴν
9284	ἀρχὴν
9285	μὴ
9286	ἐξέσται
9287	,
9288	ἢ
9289	τῶν
9290	δοθέντων
9291	ἀντὶ
9292	τοῦ
9293	κομίσασθαι
9294	χάριν
9295	εὐθύνας
9296	ὑφέξει
9297	.
9298	ὅτι
9299	τοίνυν
9300	ταῦτ’
9301	ἀληθῆ
9302	λέγω
9303	,
9304	λέγε
9305	τὰ
9306	ψηφίσματά
9307	μοι
9308	τὰ
9309	τούτοις
9310	γεγενημέν’
9311	αὐτὰ
9312	λαβών
9313	.
9314	λέγε
9315	.
9316	ΨΗΦΙΣΜΑ
9317	.
9318	Ἄρχων
9319	Δημόνικος
9320	Φλυεύς
9321	,
9322	βοηδρομιῶνος
9323	ἕκτῃ
9324	μετ’
9325	εἰκάδα
9326	,
9327	γνώμη
9328	βουλῆς
9329	καὶ
9330	δήμου
9331	,
9332	Καλλίας
9333	Φρεάρριος
9334	εἶπεν
9335	,
9336	ὅτι
9337	δοκεῖ
9338	τῇ
9339	βουλῇ
9340	καὶ
9341	τῷ
9342	δήμῳ
9343	στεφανῶσαι
9344	Ναυσικλέα
9345	τὸν
9346	ἐπὶ
9347	τῶν
9348	ὅπλων
9349	,
9350	ὅτι
9351	Ἀθηναίων
9352	ὁπλιτῶν
9353	δισχιλίων
9354	ὄντων
9355	ἐν
9356	Ἴμβρῳ
9357	καὶ
9358	βοηθούντων
9359	τοῖς
9360	κατοικοῦσιν
9361	Ἀθηναίων
9362	τὴν
9363	νῆσον
9364	,
9365	οὐ
9366	δυναμένου
9367	Φίλωνος
9368	τοῦ
9369	ἐπὶ
9370	τῆς
9371	διοικήσεως
9372	κεχειροτονημένου
9373	διὰ
9374	τοὺς
9375	χειμῶνας
9376	πλεῦσαι
9377	καὶ
9378	μισθοδοτῆσαι
9379	τοὺς
9380	ὁπλίτας
9381	,
9382	ἐκ
9383	τῆς
9384	ἰδίας
9385	οὐσίας
9386	ἔδωκε
9387	καὶ
9388	οὐκ
9389	εἰσέπραξε
9390	τὸν
9391	δῆμον
9392	,
9393	καὶ
9394	ἀναγορεῦσαι
9395	τὸν
9396	στέφανον
9397	Διονυσίοις
9398	τραγῳδοῖς
9399	καινοῖς
9400	.
9401	ΕΤΕΡΟΝ
9402	ΨΗΦΙΣΜΑ
9403	.
9404	Εἶπε
9405	Καλλίας
9406	Φρεάρριος
9407	,
9408	πρυτάνεων
9409	λεγόντων
9410	,
9411	βουλῆς
9412	γνώμη
9413	·
9414	ἐπειδὴ
9415	Χαρίδημος
9416	ὁ
9417	ἐπὶ
9418	τῶν
9419	ὁπλιτῶν
9420	,
9421	ἀποσταλεὶς
9422	εἰς
9423	Σαλαμῖνα
9424	,
9425	καὶ
9426	Διότιμος
9427	ὁ
9428	ἐπὶ
9429	τῶν
9430	ἱππέων
9431	,
9432	ἐν
9433	τῇ
9434	ἐπὶ
9435	τοῦ
9436	ποταμοῦ
9437	μάχῃ
9438	τῶν
9439	στρατιωτῶν
9440	τινῶν
9441	ὑπὸ
9442	τῶν
9443	πολεμίων
9444	σκυλευθέντων
9445	,
9446	ἐκ
9447	τῶν
9448	ἰδίων
9449	ἀναλωμάτων
9450	καθώπλισαν
9451	τοὺς
9452	νεανίσκους
9453	ἀσπίσιν
9454	ὀκτακοσίαις
9455	,
9456	δεδόχθαι
9457	τῇ
9458	βουλῇ
9459	καὶ
9460	τῷ
9461	δήμῳ
9462	στεφανῶσαι
9463	Χαρίδημον
9464	καὶ
9465	Διότιμον
9466	χρυσῷ
9467	στεφάνῳ
9468	,
9469	καὶ
9470	ἀναγορεῦσαι
9471	Παναθηναίοις
9472	τοῖς
9473	μεγάλοις
9474	ἐν
9475	τῷ
9476	γυμνικῷ
9477	ἀγῶνι
9478	καὶ
9479	Διονυσίοις
9480	τραγῳδοῖς
9481	καινοῖς
9482	·
9483	τῆς
9484	δὲ
9485	ἀναγορεύσεως
9486	ἐπιμεληθῆναι
9487	θεσμοθέτας
9488	,
9489	πρυτάνεις
9490	,
9491	ἀγωνοθέτας
9492	.
9493	τούτων
9494	ἕκαστος
9495	,
9496	Αἰσχίνη
9497	,
9498	τῆς
9499	μὲν
9500	ἀρχῆς
9501	ἧς
9502	ἦρχεν
9503	ὑπεύθυνος
9504	ἦν
9505	,
9506	ἐφ’
9507	οἷς
9508	δ’
9509	ἐστεφανοῦτο
9510	οὐχ
9511	ὑπεύθυνος
9512	.
9513	οὐκοῦν
9514	οὐδ’
9515	ἐγώ
9516	·
9517	τ
9518	αὐτὰ
9519	γὰρ
9520	δίκαι’
9521	ἐστί
9522	μοι
9523	περὶ
9524	τῶν
9525	αὐτῶν
9526	τοῖς
9527	ἄλλοις
9528	δήπου
9529	.
9530	ἐπέδωκα
9531	·
9532	ἐπαινοῦμαι
9533	διὰ
9534	ταῦτα
9535	,
9536	οὐκ
9537	ὢν
9538	ὧν
9539	ἔδωχ’
9540	ὑπεύθυνος
9541	.
9542	ἦρχον
9543	·
9544	καὶ
9545	δέδωκά
9546	γ’
9547	εὐθύνας
9548	ἐκείνων
9549	,
9550	οὐχ
9551	ὧν
9552	ἐπέδωκα
9553	.
9554	νὴ
9555	Δί’
9556	,
9557	ἀλλ’
9558	ἀδίκως
9559	ἦρξα
9560	.
9561	εἶτα
9562	παρών
9563	,
9564	ὅτε
9565	μ’
9566	εἰσῆγον
9567	οἱ
9568	λογισταί
9569	,
9570	οὐ
9571	κατηγόρεις
9572	;
9573	ἵνα
9574	τοίνυν
9575	ἴδηθ’
9576	ὅτι
9577	αὐτὸς
9578	οὗτός
9579	μοι
9580	μαρτυρεῖ
9581	ἐφ’
9582	οἷς
9583	οὐχ
9584	ὑπεύθυνος
9585	ἦν
9586	ἐστεφανῶσθαι
9587	,
9588	λαβὼν
9589	ἀνάγνωθι
9590	τὸ
9591	ψήφισμ’
9592	ὅλον
9593	τὸ
9594	γραφέν
9595	μοι
9596	.
9597	οἷς
9598	γὰρ
9599	οὐκ
9600	ἐγράψατο
9601	τοῦ
9602	προβουλεύματος
9603	,
9604	τούτοις
9605	ἃ
9606	διώκει
9607	συκοφαντῶν
9608	φανήσεται
9609	.
9610	λέγε
9611	.
9612	ΨΗΦΙΣΜΑ
9613	.
9614	ἐπὶ
9615	ἄρχοντος
9616	Εὐθυκλέους
9617	,
9618	πυανεψιῶνος
9619	ἐνάτῃ
9620	ἀπιόντος
9621	,
9622	φυλῆς
9623	πρυτανευούσης
9624	Οἰνῇδος
9625	,
9626	Κτησιφῶν
9627	Λεωσθένους
9628	Ἀναφλύστιος
9629	εἶπεν
9630	·
9631	ἐπειδὴ
9632	Δημοσθένης
9633	Δημοσθένους
9634	Παιανιεὺς
9635	γενόμενος
9636	ἐπιμελητὴς
9637	τῆς
9638	τῶν
9639	τειχῶν
9640	ἐπισκευῆς
9641	καὶ
9642	προσαναλώσας
9643	εἰς
9644	τὰ
9645	ἔργα
9646	ἀπὸ
9647	τῆς
9648	ἰδίας
9649	οὐσίας
9650	τρία
9651	τάλαντα
9652	ἐπέδωκε
9653	ταῦτα
9654	τῷ
9655	δήμῳ
9656	,
9657	καὶ
9658	ἐπὶ
9659	τοῦ
9660	θεωρικοῦ
9661	κατασταθεὶς
9662	ἐπέδωκε
9663	τοῖς
9664	ἐκ
9665	πασῶν
9666	τῶν
9667	φυλῶν
9668	θεωροῖς
9669	ἑκατὸν
9670	μνᾶς
9671	εἰς
9672	θυσίας
9673	,
9674	δεδόχθαι
9675	τῇ
9676	βουλῇ
9677	καὶ
9678	τῷ
9679	δήμῳ
9680	τῷ
9681	Ἀθηναίων
9682	ἐπαινέσαι
9683	Δημοσθένην
9684	Δημοσθένους
9685	Παιανιέα
9686	ἀρετῆς
9687	ἕνεκα
9688	καὶ
9689	καλοκαγαθίας
9690	ἧς
9691	ἔχων
9692	διατελεῖ
9693	ἐν
9694	παντὶ
9695	καιρῷ
9696	εἰς
9697	τὸν
9698	δῆμον
9699	τὸν
9700	Ἀθηναίων
9701	,
9702	καὶ
9703	στεφανῶσαι
9704	χρυσῷ
9705	στεφάνῳ
9706	,
9707	καὶ
9708	ἀναγορεῦσαι
9709	τὸν
9710	στέφανον
9711	ἐν
9712	τῷ
9713	θεάτρῳ
9714	Διονυσίοις
9715	τραγῳδοῖς
9716	καινοῖς
9717	·
9718	τῆς
9719	δὲ
9720	ἀναγορεύσεως
9721	ἐπιμεληθῆναι
9722	τὸν
9723	ἀγωνοθέτην
9724	.
9725	οὐκοῦν
9726	ἃ
9727	μὲν
9728	ἐπέδωκα
9729	,
9730	ταῦτ’
9731	ἐστὶν
9732	ὧν
9733	οὐδὲν
9734	σὺ
9735	γέγραψαι
9736	·
9737	ἃ
9738	δέ
9739	φησιν
9740	ἡ
9741	βουλὴ
9742	δεῖν
9743	ἀντὶ
9744	τούτων
9745	γενέσθαι
9746	μοι
9747	,
9748	ταῦτ’
9749	ἔσθ’
9750	ἃ
9751	διώκεις
9752	.
9753	τὸ
9754	λαβεῖν
9755	οὖν
9756	τὰ
9757	διδόμεν’
9758	ὁμολογῶν
9759	ἔννομον
9760	εἶναι
9761	,
9762	τὸ
9763	χάριν
9764	τούτων
9765	ἀποδοῦναι
9766	παρανόμων
9767	γράφει
9768	.
9769	ὁ
9770	δὲ
9771	παμπόνηρος
9772	ἄνθρωπος
9773	καὶ
9774	θεοῖς
9775	ἐχθρὸς
9776	καὶ
9777	βάσκανος
9778	ὄντως
9779	ποῖός
9780	τις
9781	ἂν
9782	εἴη
9783	πρὸς
9784	θεῶν
9785	;
9786	οὐχ
9787	ὁ
9788	τοιοῦτος
9789	;
9790	καὶ
9791	μὴν
9792	περὶ
9793	τοῦ
9794	γ’
9795	ἐν
9796	τῷ
9797	θεάτρῳ
9798	κηρύττεσθαι
9799	,
9800	τὸ
9801	μὲν
9802	μυριάκις
9803	μυρίους
9804	κεκηρῦχθαι
9805	παραλείπω
9806	καὶ
9807	τὸ
9808	πολλάκις
9809	αὐτὸς
9810	πρότερον
9811	.
9812	ἀλλὰ
9813	πρὸς
9814	θεῶν
9815	οὕτω
9816	σκαιὸς
9817	εἶ
9818	καὶ
9819	ἀναίσθητος
9820	,
9821	Αἰσχίνη
9822	,
9823	ὥστ’
9824	οὐ
9825	δύνασαι
9826	λογίσασθαι
9827	ὅτι
9828	τῷ
9829	μὲν
9830	στεφανουμένῳ
9831	τὸν
9832	αὐτὸν
9833	ἔχει
9834	ζῆλον
9835	ὁ
9836	στέφανος
9837	,
9838	ὅπου
9839	ἂν
9840	ἀναρρηθῇ
9841	,
9842	τοῦ
9843	δὲ
9844	τῶν
9845	στεφανούντων
9846	εἵνεκα
9847	συμφέροντος
9848	ἐν
9849	τῷ
9850	θεάτρῳ
9851	γίγνεται
9852	τὸ
9853	κήρυγμα
9854	;
9855	οἱ
9856	γὰρ
9857	ἀκούσαντες
9858	ἅπαντες
9859	εἰς
9860	τὸ
9861	ποιεῖν
9862	εὖ
9863	τὴν
9864	πόλιν
9865	προτρέπονται
9866	,
9867	καὶ
9868	τοὺς
9869	ἀποδιδόντας
9870	τὴν
9871	χάριν
9872	μᾶλλον
9873	ἐπαινοῦσι
9874	τοῦ
9875	στεφανουμένου
9876	·
9877	διόπερ
9878	τὸν
9879	νόμον
9880	τοῦτον
9881	ἡ
9882	πόλις
9883	γέγραφεν
9884	.
9885	λέγε
9886	δ’
9887	αὐτόν
9888	μοι
9889	τὸν
9890	νόμον
9891	λαβών
9892	.
9893	ΝΟΜΟΣ
9894	.
9895	Ὅσους
9896	στεφανοῦσί
9897	τινες
9898	τῶν
9899	δήμων
9900	,
9901	τὰς
9902	ἀναγορεύσεις
9903	τῶν
9904	στεφάνων
9905	ποιεῖσθαι
9906	ἐν
9907	αὐτοῖς
9908	ἑκάστους
9909	τοῖς
9910	ἰδίοις
9911	δήμοις
9912	,
9913	ἐὰν
9914	μή
9915	τινας
9916	ὁ
9917	δῆμος
9918	ὁ
9919	τῶν
9920	Ἀθηναίων
9921	ἢ
9922	ἡ
9923	βουλὴ
9924	στεφανοῖ
9925	·
9926	τούτους
9927	δ’
9928	ἐξεῖναι
9929	ἐν
9930	τῷ
9931	θεάτρῳ
9932	Διονυσίοις
9933	ἀκούεις
9934	,
9935	Αἰσχίνη
9936	,
9937	τοῦ
9938	νόμου
9939	λέγοντος
9940	σαφῶς
9941	,
9942	πλὴν
9943	ἐάν
9944	τινας
9945	ὁ
9946	δῆμος
9947	ἢ
9948	ἡ
9949	βουλὴ
9950	ψηφίσηται
9951	·
9952	τούτους
9953	δ’
9954	ἀναγορευέτω
9955	τί
9956	οὖν
9957	,
9958	ὦ
9959	ταλαίπωρε
9960	,
9961	συκοφαντεῖς
9962	;
9963	τί
9964	λόγους
9965	πλάττεις
9966	;
9967	τί
9968	σαυτὸν
9969	οὐκ
9970	ἐλλεβορίζεις
9971	ἐπὶ
9972	τούτοις
9973	;
9974	ἀλλ’
9975	οὐδ’
9976	αἰσχύνει
9977	φθόνου
9978	δίκην
9979	εἰσάγων
9980	,
9981	οὐκ
9982	ἀδικήματος
9983	οὐδενός
9984	,
9985	καὶ
9986	νόμους
9987	μεταποιῶν
9988	,
9989	τῶν
9990	δ’
9991	ἀφαιρῶν
9992	μέρη
9993	,
9994	οὓς
9995	ὅλους
9996	δίκαιον
9997	ἦν
9998	ἀναγιγνώσκεσθαι
9999	τοῖς
10000	γ’
10001	ὀμωμοκόσιν
10002	κατὰ
10003	τοὺς
10004	νόμους
10005	ψηφιεῖσθαι
10006	;
10007	ἔπειτα
10008	τοιαῦτα
10009	ποιῶν
10010	λέγεις
10011	πόσα
10012	δεῖ
10013	προσεῖναι
10014	τῷ
10015	δημοτικῷ
10016	,
10017	ὥσπερ
10018	ἀνδριάντ’
10019	ἐκδεδωκὼς
10020	κατὰ
10021	συγγραφήν
10022	,
10023	εἶτ’
10024	οὐκ
10025	ἔχονθ’
10026	ἃ
10027	προσῆκεν
10028	ἐκ
10029	τῆς
10030	συγγραφῆς
10031	κομιζόμενος
10032	,
10033	ἢ
10034	λόγῳ
10035	τοὺς
10036	δημοτικούς
10037	,
10038	ἀλλ’
10039	οὐ
10040	τοῖς
10041	πράγμασι
10042	καὶ
10043	τοῖς
10044	πολιτεύμασιν
10045	γιγνωσκομένους
10046	.
10047	καὶ
10048	βοᾷς
10049	ῥητὰ
10050	καὶ
10051	ἄρρητ’
10052	ὀνομάζων
10053	,
10054	ὥσπερ
10055	ἐξ
10056	ἁμάξης
10057	,
10058	ἃ
10059	σοὶ
10060	καὶ
10061	τῷ
10062	σῷ
10063	γένει
10064	πρόσεστιν
10065	,
10066	οὐκ
10067	ἐμοί
10068	.
10069	καίτοι
10070	καὶ
10071	τοῦτ’
10072	,
10073	ὦ
10074	ἄνδρες
10075	Ἀθηναῖοι
10076	·
10077	ἐγὼ
10078	λοιδορίαν
10079	κατηγορίας
10080	τούτῳ
10081	διαφέρειν
10082	ἡγοῦμαι
10083	,
10084	τῷ
10085	τὴν
10086	μὲν
10087	κατηγορίαν
10088	ἀδικήματ’
10089	ἔχειν
10090	,
10091	ὧν
10092	ἐν
10093	τοῖς
10094	νόμοις
10095	εἰσὶν
10096	αἱ
10097	τιμωρίαι
10098	,
10099	τὴν
10100	δὲ
10101	λοιδορίαν
10102	βλασφημίας
10103	,
10104	ἃς
10105	κατὰ
10106	τὴν
10107	αὑτῶν
10108	φύσιν
10109	τοῖς
10110	ἐχθροῖς
10111	περὶ
10112	ἀλλήλων
10113	συμβαίνει
10114	λέγειν
10115	.
10116	οἰκοδομῆσαι
10117	δὲ
10118	τοὺς
10119	προγόνους
10120	ταυτὶ
10121	τὰ
10122	δικαστήρι’
10123	ὑπείληφα
10124	,
10125	οὐχ
10126	ἵνα
10127	συλλέξαντες
10128	ὑμᾶς
10129	εἰς
10130	ταῦτα
10131	ἀπὸ
10132	τῶν
10133	ἰδίων
10134	κακῶς
10135	τ
10136	ἀπόρρητα
10137	λέγωμεν
10138	ἀλλήλους
10139	,
10140	ἀλλ’
10141	ἵν’
10142	ἐξελέγχωμεν
10143	ἐάν
10144	τις
10145	ἠδικηκώς
10146	τι
10147	τυγχάνῃ
10148	τὴν
10149	πόλιν
10150	.
10151	ταῦτα
10152	τοίνυν
10153	εἰδὼς
10154	Αἰσχίνης
10155	οὐδὲν
10156	ἧττον
10157	ἐμοῦ
10158	πομπεύειν
10159	ἀντὶ
10160	τοῦ
10161	κατηγορεῖν
10162	εἵλετο
10163	.
10164	οὐ
10165	μὴν
10166	οὐδ’
10167	ἐνταῦθ’
10168	ἔλαττον
10169	ἔχων
10170	δίκαιός
10171	ἐστιν
10172	ἀπελθεῖν
10173	.
10174	ἤδη
10175	δ’
10176	ἐπὶ
10177	ταῦτα
10178	πορεύσομαι
10179	,
10180	τοσοῦτον
10181	αὐτὸν
10182	ἐρωτήσας
10183	.
10184	πότερόν
10185	σέ
10186	τις
10187	,
10188	Αἰσχίνη
10189	,
10190	τῆς
10191	πόλεως
10192	ἐχθρὸν
10193	ἢ
10194	ἐμὸν
10195	εἶναι
10196	φῇ
10197	;
10198	ἐμὸν
10199	δῆλον
10200	ὅτι
10201	.
10202	εἶθ’
10203	οὗ
10204	μὲν
10205	ἦν
10206	παρ’
10207	ἐμοῦ
10208	δίκην
10209	κατὰ
10210	τοὺς
10211	νόμους
10212	ὑπὲρ
10213	τούτων
10214	λαβεῖν
10215	,
10216	εἴπερ
10217	ἠδίκουν
10218	,
10219	ἐξέλειπες
10220	,
10221	ἐν
10222	ταῖς
10223	εὐθύναις
10224	,
10225	ἐν
10226	ταῖς
10227	γραφαῖς
10228	,
10229	ἐν
10230	ταῖς
10231	ἄλλαις
10232	κρίσεσιν
10233	·
10234	οὗ
10235	δ’
10236	ἐγὼ
10237	μὲν
10238	ἀθῷος
10239	ἅπασι
10240	,
10241	τοῖς
10242	νόμοις
10243	,
10244	τῷ
10245	χρόνῳ
10246	,
10247	τῇ
10248	προθεσμίᾳ
10249	,
10250	τῷ
10251	κεκρίσθαι
10252	περὶ
10253	πάντων
10254	πολλάκις
10255	πρότερον
10256	,
10257	τῷ
10258	μηδεπώποτ’
10259	ἐξελεγχθῆναι
10260	μηδὲν
10261	ὑμᾶς
10262	ἀδικῶν
10263	,
10264	τῇ
10265	πόλει
10266	δ’
10267	ἢ
10268	πλέον
10269	ἢ
10270	ἔλαττον
10271	ἀνάγκη
10272	τῶν
10273	γε
10274	δημοσίᾳ
10275	πεπραγμένων
10276	μετεῖναι
10277	τῆς
10278	δόξης
10279	,
10280	ἐνταῦθ’
10281	ἀπήντηκας
10282	;
10283	ὅρα
10284	μὴ
10285	τούτων
10286	μὲν
10287	ἐχθρὸς
10288	ᾖς
10289	,
10290	ἐμοὶ
10291	δὲ
10292	προσποιῇ
10293	.
10294	ἐπειδὴ
10295	τοίνυν
10296	ἡ
10297	μὲν
10298	εὐσεβὴς
10299	καὶ
10300	δικαία
10301	ψῆφος
10302	ἅπασι
10303	δέδεικται
10304	,
10305	δεῖ
10306	δέ
10307	μ’
10308	,
10309	ὡς
10310	ἔοικε
10311	,
10312	καίπερ
10313	οὐ
10314	φιλολοίδορον
10315	ὄντα
10316	,
10317	διὰ
10318	τὰς
10319	ὑπὸ
10320	τούτου
10321	βλασφημίας
10322	εἰρημένας
10323	ἀντὶ
10324	πολλῶν
10325	καὶ
10326	ψευδῶν
10327	αὐτὰ
10328	τ
10329	ἀναγκαιότατ’
10330	εἰπεῖν
10331	περὶ
10332	αὐτοῦ
10333	,
10334	καὶ
10335	δεῖξαι
10336	τίς
10337	ὢν
10338	κ
10339	ἀκ
10340	τίνων
10341	ῥᾳδίως
10342	οὕτως
10343	ἄρχει
10344	τοῦ
10345	κακῶς
10346	λέγειν
10347	,
10348	καὶ
10349	λόγους
10350	τινὰς
10351	διασύρει
10352	,
10353	αὐτὸς
10354	εἰρηκὼς
10355	ἃ
10356	τίς
10357	οὐκ
10358	ἂν
10359	ὤκνησεν
10360	τῶν
10361	μετρίων
10362	ἀνθρώπων
10363	φθέγξασθαι
10364	;
10365	—εἰ
10366	γὰρ
10367	Αἰακὸς
10368	ἢ
10369	Ῥαδάμανθυς
10370	ἢ
10371	Μίνως
10372	ἦν
10373	ὁ
10374	κατηγορῶν
10375	,
10376	ἀλλὰ
10377	μὴ
10378	σπερμολόγος
10379	,
10380	περίτριμμ’
10381	ἀγορᾶς
10382	,
10383	ὄλεθρος
10384	γραμματεύς
10385	,
10386	οὐκ
10387	ἂν
10388	αὐτὸν
10389	οἶμαι
10390	ταῦτ’
10391	εἰπεῖν
10392	οὐδ’
10393	ἂν
10394	οὕτως
10395	ἐπαχθεῖς
10396	λόγους
10397	πορίσασθαι
10398	,
10399	ὥσπερ
10400	ἐν
10401	τραγῳδίᾳ
10402	βοῶντα
10403	ὦ
10404	γῆ
10405	καὶ
10406	ἥλιε
10407	καὶ
10408	ἀρετὴ
10409	καὶ
10410	τὰ
10411	τοιαῦτα
10412	,
10413	καὶ
10414	πάλιν
10415	σύνεσιν
10416	καὶ
10417	παιδεία
10418	ἐπικαλούμενον
10419	,
10420	ᾗ
10421	τὰ
10422	καλὰ
10423	καὶ
10424	τὰ
10425	αἰσχρὰ
10426	διαγιγνώσκεται
10427	.
10428	ταῦτα
10429	γὰρ
10430	δήπουθεν
10431	ἠκούετ’
10432	αὐτοῦ
10433	λέγοντος
10434	.
10435	σοὶ
10436	δ’
10437	ἀρετῆς
10438	,
10439	ὦ
10440	κάθαρμα
10441	,
10442	ἢ
10443	τοῖς
10444	σοῖς
10445	τίς
10446	μετουσία
10447	;
10448	ἢ
10449	καλῶν
10450	ἢ
10451	μὴ
10452	τοιούτων
10453	τίς
10454	διάγνωσις
10455	;
10456	πόθεν
10457	ἢ
10458	πῶς
10459	ἀξιωθέντι
10460	;
10461	ποῦ
10462	δὲ
10463	παιδείας
10464	σοὶ
10465	θέμις
10466	μνησθῆναι
10467	;
10468	ἧς
10469	τῶν
10470	μὲν
10471	ὡς
10472	ἀληθῶς
10473	τετυχηκότων
10474	οὐδ’
10475	ἂν
10476	εἷς
10477	εἴποι
10478	περὶ
10479	αὑτοῦ
10480	τοιοῦτον
10481	οὐδέν
10482	,
10483	ἀλλὰ
10484	κ
10485	ἂν
10486	ἑτέρου
10487	λέγοντος
10488	ἐρυθριάσειε
10489	,
10490	τοῖς
10491	δ’
10492	ἀπολειφθεῖσι
10493	μέν
10494	,
10495	ὥσπερ
10496	σύ
10497	,
10498	προσποιουμένοις
10499	δ’
10500	ὑπ’
10501	ἀναισθησίας
10502	τὸ
10503	τοὺς
10504	ἀκούοντας
10505	ἀλγεῖν
10506	ποιεῖν
10507	ὅταν
10508	λέγωσιν
10509	,
10510	οὐ
10511	τὸ
10512	δοκεῖν
10513	τοιούτοις
10514	εἶναι
10515	περίεστιν
10516	.
10517	οὐκ
10518	ἀπορῶν
10519	δ’
10520	ὅ
10521	τι
10522	χρὴ
10523	περὶ
10524	σοῦ
10525	καὶ
10526	τῶν
10527	σῶν
10528	εἰπεῖν
10529	,
10530	ἀπορῶ
10531	τοῦ
10532	πρώτου
10533	μνησθῶ
10534	·
10535	πότερ’
10536	ὡς
10537	ὁ
10538	πατήρ
10539	σου
10540	Τρόμης
10541	ἐδούλευε
10542	παρ’
10543	Ἐλπίᾳ
10544	τῷ
10545	πρὸς
10546	τῷ
10547	Θησείῳ
10548	διδάσκοντι
10549	γράμματα
10550	,
10551	χοίνικας
10552	παχείας
10553	ἔχων
10554	καὶ
10555	ξύλον
10556	;
10557	ἢ
10558	ὡς
10559	ἡ
10560	μήτηρ
10561	τοῖς
10562	μεθημερινοῖς
10563	γάμοις
10564	ἐν
10565	τῷ
10566	κλεισίῳ
10567	τῷ
10568	πρὸς
10569	τῷ
10570	καλαμίτῃ
10571	ἥρῳ
10572	χρωμένη
10573	τὸν
10574	καλὸν
10575	ἀνδριάντα
10576	καὶ
10577	τριταγωνιστὴν
10578	ἄκρον
10579	ἐξέθρεψέ
10580	σε
10581	;
10582	ἀλλὰ
10583	πάντες
10584	ἴσασι
10585	ταῦτα
10586	,
10587	κ
10588	ἂν
10589	ἐγὼ
10590	μὴ
10591	λέγω
10592	.
10593	ἀλλ’
10594	ὡς
10595	ὁ
10596	τριηραύλης
10597	Φορμίων
10598	,
10599	ὁ
10600	Δίωνος
10601	τοῦ
10602	Φρεαρρίου
10603	δοῦλος
10604	,
10605	ἀνέστησεν
10606	αὐτὴν
10607	ἀπὸ
10608	ταύτης
10609	τῆς
10610	καλῆς
10611	ἐργασίας
10612	;
10613	ἀλλὰ
10614	νὴ
10615	τὸν
10616	Δία
10617	καὶ
10618	θεοὺς
10619	ὀκνῶ
10620	μὴ
10621	περὶ
10622	σοῦ
10623	τὰ
10624	προσήκοντα
10625	λέγων
10626	αὐτὸς
10627	οὐ
10628	προσήκοντας
10629	ἐμαυτῷ
10630	δόξω
10631	προῃρῆσθαι
10632	λόγους
10633	.
10634	ταῦτα
10635	μὲν
10636	οὖν
10637	ἐάσω
10638	,
10639	ἀπ’
10640	αὐτῶν
10641	δ’
10642	ὧν
10643	αὐτὸς
10644	βεβίωκεν
10645	ἄρξομαι
10646	·
10647	οὐ
10648	δὲ
10649	γὰρ
10650	ὧν
10651	ἔτυχεν
10652	ἦν
10653	,
10654	ἀλλ’
10655	οἷς
10656	ὁ
10657	δῆμος
10658	καταρᾶται
10659	.
10660	ὀψὲ
10661	γάρ
10662	ποτε—ὀψὲ
10663	λέγω
10664	;
10665	χθὲς
10666	μὲν
10667	οὖν
10668	καὶ
10669	πρώην
10670	ἅμ’
10671	Ἀθηναῖος
10672	καὶ
10673	ῥήτωρ
10674	γέγονεν
10675	,
10676	καὶ
10677	δύο
10678	συλλαβὰς
10679	προσθεὶς
10680	τὸν
10681	μὲν
10682	πατέρ’
10683	ἀντὶ
10684	Τρόμητος
10685	ἐποίησεν
10686	Ἀτρόμητον
10687	,
10688	τὴν
10689	δὲ
10690	μητέρα
10691	σεμνῶς
10692	πάνυ
10693	Γλαυκοθέαν
10694	,
10695	ἣν
10696	Ἔμπουσαν
10697	ἅπαντες
10698	ἴσασι
10699	καλουμένην
10700	,
10701	ἐκ
10702	τοῦ
10703	πάντα
10704	ποιεῖν
10705	καὶ
10706	πάσχειν
10707	δηλονότι
10708	ταύτης
10709	τῆς
10710	ἐπωνυμίας
10711	τυχοῦσαν
10712	·
10713	πόθεν
10714	γὰρ
10715	ἄλλοθεν
10716	;
10717	ἀλλ’
10718	ὅμως
10719	οὕτως
10720	ἀχάριστος
10721	εἶ
10722	καὶ
10723	πονηρὸς
10724	φύσει
10725	ὥστ’
10726	ἐλεύθερος
10727	ἐκ
10728	δούλου
10729	καὶ
10730	πλούσιος
10731	ἐκ
10732	πτωχοῦ
10733	διὰ
10734	τουτουσὶ
10735	γεγονὼς
10736	οὐχ
10737	ὅπως
10738	χάριν
10739	αὐτοῖς
10740	ἔχεις
10741	,
10742	ἀλλὰ
10743	μισθώσας
10744	σαυτὸν
10745	κατὰ
10746	τουτωνὶ
10747	πολιτεύει
10748	.
10749	καὶ
10750	περὶ
10751	ὧν
10752	μὲν
10753	ἔστι
10754	τις
10755	ἀμφισβήτησις
10756	,
10757	ὡς
10758	ἄρ’
10759	ὑπὲρ
10760	τῆς
10761	πόλεως
10762	εἴρηκεν
10763	,
10764	ἐάσω
10765	·
10766	ἃ
10767	δ’
10768	ὑπὲρ
10769	τῶν
10770	ἐχθρῶν
10771	φανερῶς
10772	ἀπεδείχθη
10773	πράττων
10774	,
10775	ταῦτ’
10776	ἀναμνήσω
10777	.
10778	τίς
10779	γὰρ
10780	ὑμῶν
10781	οὐκ
10782	οἶδεν
10783	τὸν
10784	ἀποψηφισθέντ’
10785	Ἀντιφῶντα
10786	,
10787	ὃς
10788	ἐπαγγειλάμενος
10789	Φιλίππῳ
10790	τὰ
10791	νεώρι’
10792	ἐμπρήσειν
10793	εἰς
10794	τὴν
10795	πόλιν
10796	ἦλθεν
10797	;
10798	ὃν
10799	λαβόντος
10800	ἐμοῦ
10801	κεκρυμμένον
10802	ἐν
10803	Πειραιεῖ
10804	καὶ
10805	καταστήσαντος
10806	εἰς
10807	τὴν
10808	ἐκκλησίαν
10809	βοῶν
10810	ὁ
10811	βάσκανος
10812	οὗτος
10813	καὶ
10814	κεκραγώς
10815	,
10816	ὡς
10817	ἐν
10818	δημοκρατίᾳ
10819	δεινὰ
10820	ποιῶ
10821	τοὺς
10822	ἠτυχηκότας
10823	τῶν
10824	πολιτῶν
10825	ὑβρίζων
10826	καὶ
10827	ἐπ’
10828	οἰκίας
10829	βαδίζων
10830	ἄνευ
10831	ψηφίσματος
10832	,
10833	ἀφεθῆναι
10834	ἐποίησεν
10835	.
10836	καὶ
10837	εἰ
10838	μὴ
10839	ἡ
10840	βουλὴ
10841	ἡ
10842	ἐξ
10843	Ἀρείου
10844	πάγου
10845	τὸ
10846	πρᾶγμ’
10847	αἰσθομένη
10848	καὶ
10849	τὴν
10850	ὑμετέραν
10851	ἄγνοιαν
10852	ἐν
10853	οὐ
10854	δέοντι
10855	συμβεβηκυῖαν
10856	ἰδοῦσα
10857	ἐπεζήτησε
10858	τὸν
10859	ἄνθρωπον
10860	καὶ
10861	συλλαβοῦσ’
10862	ἐπανήγαγεν
10863	ὡς
10864	ὑμᾶς
10865	,
10866	ἐξήρπαστ’
10867	ἂν
10868	ὁ
10869	τοιοῦτος
10870	καὶ
10871	τὸ
10872	δίκην
10873	δοῦναι
10874	διαδὺς
10875	ἐξεπέπεμπτ’
10876	ἂν
10877	ὑπὸ
10878	τοῦ
10879	σεμνολόγου
10880	τουτουί
10881	·
10882	νῦν
10883	δ’
10884	ὑμεῖς
10885	στρεβλώσαντες
10886	αὐτὸν
10887	ἀπεκτείνατε
10888	,
10889	ὡς
10890	ἔδει
10891	γε
10892	καὶ
10893	τοῦτον
10894	.
10895	τοιγαροῦν
10896	εἰδυῖα
10897	ταῦθ’
10898	ἡ
10899	βουλὴ
10900	ἡ
10901	ἐξ
10902	Ἀρείου
10903	πάγου
10904	τότε
10905	τούτῳ
10906	πεπραγμένα
10907	,
10908	χειροτονησάντων
10909	αὐτὸν
10910	ὑμῶν
10911	σύνδικον
10912	ὑπὲρ
10913	τοῦ
10914	ἱεροῦ
10915	τοῦ
10916	ἐν
10917	Δήλῳ
10918	ἀπὸ
10919	τῆς
10920	αὐτῆς
10921	ἀγνοίας
10922	ἧσπερ
10923	πολλὰ
10924	προΐεσθε
10925	τῶν
10926	κοινῶν
10927	,
10928	ὡς
10929	προσείλεσθε
10930	κ
10931	ἀκείνην
10932	καὶ
10933	τοῦ
10934	πράγματος
10935	κυρίαν
10936	ἐποιήσατε
10937	,
10938	τοῦτον
10939	μὲν
10940	εὐθὺς
10941	ἀπήλασεν
10942	ὡς
10943	προδότην
10944	,
10945	Ὑπερείδῃ
10946	δὲ
10947	λέγειν
10948	προσέταξε
10949	·
10950	καὶ
10951	ταῦτ’
10952	ἀπὸ
10953	τοῦ
10954	βωμοῦ
10955	φέρουσα
10956	τὴν
10957	ψῆφον
10958	ἔπραξε
10959	,
10960	καὶ
10961	οὐδεμία
10962	ψῆφος
10963	ἠνέχθη
10964	τῷ
10965	μιαρῷ
10966	τούτῳ
10967	.
10968	καὶ
10969	ὅτι
10970	ταῦτ’
10971	ἀληθῆ
10972	λέγω
10973	,
10974	κάλει
10975	τούτων
10976	τοὺς
10977	μάρτυρας
10978	.
10979	ΜΑΡΤΥΡΕΣ
10980	.
10981	Μαρτυροῦσι
10982	Δημοσθένει
10983	ὑπὲρ
10984	ἁπάντων
10985	οἵδε
10986	,
10987	Καλλίας
10988	Σουνιεύς
10989	,
10990	Ζήνων
10991	Φλυεύς
10992	,
10993	Κλέων
10994	Φαληρεύς
10995	,
10996	Δημόνικος
10997	Μαραθώνιος
10998	,
10999	ὅτι
11000	τοῦ
11001	δήμου
11002	ποτὲ
11003	χειροτονήσαντος
11004	Αἰσχίνην
11005	σύνδικον
11006	ὑπὲρ
11007	τοῦ
11008	ἱεροῦ
11009	τοῦ
11010	ἐν
11011	Δήλῳ
11012	εἰς
11013	τοὺς
11014	Ἀμφικτύονας
11015	συνεδρεύσαντες
11016	ἡμεῖς
11017	ἐκρίναμεν
11018	Ὑπερείδην
11019	ἄξιον
11020	εἶναι
11021	μᾶλλον
11022	ὑπὲρ
11023	τῆς
11024	πόλεως
11025	λέγειν
11026	,
11027	καὶ
11028	ἀπεστάλη
11029	Ὑπερείδης
11030	.
11031	οὐκοῦν
11032	ὅτε
11033	τοῦτον
11034	τοῦ
11035	λέγειν
11036	ἀπήλασεν
11037	ἡ
11038	βουλὴ
11039	καὶ
11040	προσέταξ’
11041	ἑτέρῳ
11042	,
11043	τότε
11044	καὶ
11045	προδότην
11046	εἶναι
11047	καὶ
11048	κακόνουν
11049	ὑμῖν
11050	ἀπέφηνεν
11051	.
11052	ἓν
11053	μὲν
11054	τοίνυν
11055	τοῦτο
11056	τοιοῦτο
11057	πολίτευμα
11058	τοῦ
11059	νεανίου
11060	τούτου
11061	,
11062	ὅμοιόν
11063	γε
11064	,
11065	οὐ
11066	γάρ
11067	;
11068	οἷς
11069	ἐμοῦ
11070	κατηγορεῖ
11071	·
11072	ἕτερον
11073	δ’
11074	ἀναμιμνῄσκεσθε
11075	.
11076	ὅτε
11077	γὰρ
11078	Πύθωνα
11079	Φίλιππος
11080	ἔπεμψε
11081	τὸν
11082	Βυζάντιον
11083	καὶ
11084	παρὰ
11085	τῶν
11086	αὑτοῦ
11087	συμμάχων
11088	πάντων
11089	συνέπεμψε
11090	πρέσβεις
11091	,
11092	ὡς
11093	ἐν
11094	αἰσχύνῃ
11095	ποιήσων
11096	τὴν
11097	πόλιν
11098	καὶ
11099	δείξων
11100	ἀδικοῦσαν
11101	,
11102	τότ’
11103	ἐγὼ
11104	μὲν
11105	τῷ
11106	Πύθωνι
11107	θρασυνομένῳ
11108	καὶ
11109	πολλῷ
11110	ῥέοντι
11111	καθ’
11112	ὑμῶν
11113	οὐχ
11114	ὑπεχώρησα
11115	,
11116	ἀλλ’
11117	ἀναστὰς
11118	ἀντεῖπον
11119	καὶ
11120	τὰ
11121	τῆς
11122	πόλεως
11123	δίκαι’
11124	οὐχὶ
11125	προὔδωκα
11126	,
11127	ἀλλ’
11128	ἀδικοῦντα
11129	Φίλιππον
11130	ἐξήλεγξα
11131	φανερῶς
11132	οὕτως
11133	ὥστε
11134	τοὺς
11135	ἐκείνου
11136	συμμάχους
11137	αὐτοὺς
11138	ἀνισταμένους
11139	ὁμολογεῖν
11140	·
11141	οὗτος
11142	δὲ
11143	συνηγωνίζετο
11144	καὶ
11145	τ
11146	ἀναντί’
11147	ἐμαρτύρει
11148	τῇ
11149	πατρίδι
11150	,
11151	καὶ
11152	ταῦτα
11153	ψευδῆ
11154	.
11155	καὶ
11156	οὐκ
11157	ἀπέχρη
11158	ταῦτα
11159	,
11160	ἀλλὰ
11161	πάλιν
11162	μετὰ
11163	ταῦθ’
11164	ὕστερον
11165	Ἀναξίνῳ
11166	τῷ
11167	κατασκόπῳ
11168	συνιὼν
11169	εἰς
11170	τὴν
11171	Θράσωνος
11172	οἰκίαν
11173	ἐλήφθη
11174	.
11175	καίτοι
11176	ὅστις
11177	τῷ
11178	ὑπὸ
11179	τῶν
11180	πολεμίων
11181	πεμφθέντι
11182	μόνος
11183	μόνῳ
11184	συνῄει
11185	καὶ
11186	ἐκοινολογεῖτο
11187	,
11188	οὗτος
11189	αὐτὸς
11190	ὑπῆρχε
11191	τῇ
11192	φύσει
11193	κατάσκοπος
11194	καὶ
11195	πολέμιος
11196	τῇ
11197	πατρίδι
11198	.
11199	καὶ
11200	ὅτι
11201	ταῦτ’
11202	ἀληθῆ
11203	λέγω
11204	,
11205	κάλει
11206	μοι
11207	τούτων
11208	τοὺς
11209	μάρτυρας
11210	.
11211	ΜΑΡΤΥΡΕΣ
11212	.
11213	Τελέδημος
11214	Κλέωνος
11215	,
11216	Ὑπερείδης
11217	Καλλαίσχρου
11218	,
11219	Νικόμαχος
11220	Διοφάντου
11221	μαρτυροῦσι
11222	Δημοσθένει
11223	καὶ
11224	ἐπωμόσαντο
11225	ἐπὶ
11226	τῶν
11227	στρατηγῶν
11228	εἰδέναι
11229	Αἰσχίνην
11230	Ἀτρομήτου
11231	Κοθωκίδην
11232	συνερχόμενον
11233	νυκτὸς
11234	εἰς
11235	τὴν
11236	Θράσωνος
11237	οἰκίαν
11238	καὶ
11239	κοινολογούμενον
11240	Ἀναξίνῳ
11241	,
11242	ὃς
11243	ἐκρίθη
11244	εἶναι
11245	κατάσκοπος
11246	παρὰ
11247	Φιλίππου
11248	.
11249	αὗται
11250	ἀπεδόθησαν
11251	αἱ
11252	μαρτυρίαι
11253	ἐπὶ
11254	Νικίου
11255	,
11256	ἑκατομβαιῶνος
11257	τρίτῃ
11258	ἱσταμένου
11259	.
11260	μυρία
11261	τοίνυν
11262	ἕτερ’
11263	εἰπεῖν
11264	ἔχων
11265	περὶ
11266	αὐτοῦ
11267	παραλείπω
11268	.
11269	καὶ
11270	γὰρ
11271	οὕτω
11272	πως
11273	ἔχει
11274	.
11275	πόλλ’
11276	ἂν
11277	ἐγὼ
11278	ἔτι
11279	τούτων
11280	ἔχοιμι
11281	δεῖξαι
11282	,
11283	ὧν
11284	οὗτος
11285	κατ’
11286	ἐκείνους
11287	τοὺς
11288	χρόνους
11289	τοῖς
11290	μὲν
11291	ἐχθροῖς
11292	ὑπηρετῶν
11293	,
11294	ἐμοὶ
11295	δ’
11296	ἐπηρεάζων
11297	εὑρέθη
11298	.
11299	ἀλλ’
11300	οὐ
11301	τίθεται
11302	ταῦτα
11303	παρ’
11304	ὑμῖν
11305	εἰς
11306	ἀκριβῆ
11307	μνήμην
11308	οὐδ’
11309	ἣν
11310	προσῆκεν
11311	ὀργήν
11312	,
11313	ἀλλὰ
11314	δεδώκατ’
11315	ἔθει
11316	τινὶ
11317	φαύλῳ
11318	πολλὴν
11319	ἐξουσίαν
11320	τῷ
11321	βουλομένῳ
11322	τὸν
11323	λέγοντά
11324	τι
11325	τῶν
11326	ὑμῖν
11327	συμφερόντων
11328	ὑποσκελίζειν
11329	καὶ
11330	συκοφαντεῖν
11331	,
11332	τῆς
11333	ἐπὶ
11334	ταῖς
11335	λοιδορίαις
11336	ἡδονῆς
11337	καὶ
11338	χάριτος
11339	τὸ
11340	τῆς
11341	πόλεως
11342	συμφέρον
11343	ἀνταλλαττόμενοι
11344	·
11345	διόπερ
11346	ῥᾷόν
11347	ἐστι
11348	καὶ
11349	ἀσφαλέστερον
11350	ἀεὶ
11351	τοῖς
11352	ἐχθροῖς
11353	ὑπηρετοῦντα
11354	μισθαρνεῖν
11355	ἢ
11356	τὴν
11357	ὑπὲρ
11358	ὑμῶν
11359	ἑλόμενον
11360	τάξιν
11361	πολιτεύεσθαι
11362	.
11363	καὶ
11364	τὸ
11365	μὲν
11366	δὴ
11367	πρὸ
11368	τοῦ
11369	πολεμεῖν
11370	φανερῶς
11371	συναγωνίζεσθαι
11372	Φιλίππῳ
11373	δεινὸν
11374	μέν
11375	,
11376	ὦ
11377	γῆ
11378	καὶ
11379	θεοί
11380	,
11381	πῶς
11382	γὰρ
11383	οὔ
11384	;
11385	κατὰ
11386	τῆς
11387	πατρίδος
11388	·
11389	δότε
11390	δ’
11391	,
11392	εἰ
11393	βούλεσθε
11394	,
11395	δότ’
11396	αὐτῷ
11397	τοῦτο
11398	.
11399	ἀλλ’
11400	ἐπειδὴ
11401	φανερῶς
11402	ἤδη
11403	τὰ
11404	πλοῖ’
11405	ἐσεσύλητο
11406	,
11407	Χερρόνησος
11408	ἐπορθεῖτο
11409	,
11410	ἐπὶ
11411	τὴν
11412	Ἀττικὴν
11413	ἐπορεύεθ’
11414	ἅνθρωπος
11415	,
11416	οὐκέτ’
11417	ἐν
11418	ἀμφισβητησίμῳ
11419	τὰ
11420	πράγματ’
11421	ἦν
11422	,
11423	ἀλλ’
11424	ἐνειστήκει
11425	πόλεμος
11426	,
11427	ὅ
11428	τι
11429	μὲν
11430	πώποτ’
11431	ἔπραξ’
11432	ὑπὲρ
11433	ὑμῶν
11434	ὁ
11435	βάσκανος
11436	οὗτος
11437	ἰαμβειοφάγος
11438	,
11439	οὐκ
11440	ἂν
11441	ἔχοι
11442	δεῖξαι
11443	,
11444	οὐδ’
11445	ἔστιν
11446	οὔ
11447	τε
11448	μεῖζον
11449	οὔτ’
11450	ἔλαττον
11451	ψήφισμ’
11452	οὐδὲν
11453	Αἰσχίνῃ
11454	περὶ
11455	τῶν
11456	συμφερόντων
11457	τῇ
11458	πόλει
11459	.
11460	εἰ
11461	δέ
11462	φησι
11463	,
11464	νῦν
11465	δειξάτω
11466	ἐν
11467	τῷ
11468	ἐμῷ
11469	ὕδατι
11470	.
11471	ἀλλ’
11472	οὐκ
11473	ἔστιν
11474	οὐδέν
11475	.
11476	καίτοι
11477	δυοῖν
11478	αὐτὸν
11479	ἀνάγκη
11480	θάτερον
11481	,
11482	ἢ
11483	μηδὲν
11484	τοῖς
11485	πραττομένοις
11486	ὑπ’
11487	ἐμοῦ
11488	τότ’
11489	ἔχοντ’
11490	ἐγκαλεῖν
11491	μὴ
11492	γράφειν
11493	παρὰ
11494	ταῦθ’
11495	ἕτερα
11496	,
11497	ἢ
11498	τὸ
11499	τῶν
11500	ἐχθρῶν
11501	συμφέρον
11502	ζητοῦντα
11503	μὴ
11504	φέρειν
11505	εἰς
11506	μέσον
11507	τὰ
11508	τούτων
11509	ἀμείνω
11510	.
11511	ἆρ’
11512	οὖν
11513	οὐδ’
11514	ἔλεγεν
11515	,
11516	ὥσπερ
11517	οὐδ’
11518	ἔγραφεν
11519	,
11520	ἡνίκ’
11521	ἐργάσασθαί
11522	τι
11523	δέοι
11524	κακόν
11525	;
11526	οὐ
11527	μὲν
11528	οὖν
11529	ἦν
11530	εἰπεῖν
11531	ἑτέρῳ
11532	.
11533	καὶ
11534	τὰ
11535	μὲν
11536	ἄλλα
11537	καὶ
11538	φέρειν
11539	ἐδύναθ’
11540	,
11541	ὡς
11542	ἔοικεν
11543	,
11544	ἡ
11545	πόλις
11546	καὶ
11547	ποιῶν
11548	οὗτος
11549	λανθάνειν
11550	·
11551	ἓν
11552	δ’
11553	ἐπεξειργάσατ’
11554	,
11555	ἄνδρες
11556	Ἀθηναῖοι
11557	,
11558	τοιοῦτον
11559	ὃ
11560	πᾶσι
11561	τοῖς
11562	προτέροις
11563	ἐπέθηκε
11564	τέλος
11565	·
11566	περὶ
11567	οὗ
11568	τοὺς
11569	πολλοὺς
11570	ἀνήλωσε
11571	λόγους
11572	,
11573	τὰ
11574	τῶν
11575	Ἀμφισσέων
11576	διεξιὼν
11577	δόγματα
11578	,
11579	ὡς
11580	διαστρέψων
11581	τ
11582	ἀληθές
11583	.
11584	τὸ
11585	δ’
11586	οὐ
11587	τοιοῦτόν
11588	ἐστι
11589	·
11590	πόθεν
11591	;
11592	οὐδέποτ’
11593	ἐκνίψει
11594	σὺ
11595	τ
11596	ἀκεῖ
11597	πεπραγμένα
11598	σαυτῷ
11599	·
11600	οὐχ
11601	οὕτω
11602	πόλλ’
11603	ἐρεῖς
11604	.
11605	καλῶ
11606	δ’
11607	ἐναντίον
11608	ὑμῶν
11609	,
11610	ἄνδρες
11611	Ἀθηναῖοι
11612	,
11613	τοὺς
11614	θεοὺς
11615	πάντας
11616	καὶ
11617	πάσας
11618	ὅσοι
11619	τὴν
11620	χώραν
11621	ἔχουσι
11622	τὴν
11623	Ἀττικήν
11624	,
11625	καὶ
11626	τὸν
11627	Ἀπόλλω
11628	τὸν
11629	Πύθιον
11630	,
11631	ὃς
11632	πατρῷός
11633	ἐστι
11634	τῇ
11635	πόλει
11636	,
11637	καὶ
11638	ἐπεύχομαι
11639	πᾶσι
11640	τούτοις
11641	,
11642	εἰ
11643	μὲν
11644	ἀληθῆ
11645	πρὸς
11646	ὑμᾶς
11647	εἴποιμι
11648	καὶ
11649	εἶπον
11650	καὶ
11651	τότ’
11652	εὐθὺς
11653	ἐν
11654	τῷ
11655	δήμῳ
11656	,
11657	ὅτε
11658	πρῶτον
11659	εἶδον
11660	τουτονὶ
11661	τὸν
11662	μιαρὸν
11663	τούτου
11664	τοῦ
11665	πράγματος
11666	ἁπτόμενον
11667	(
11668	ἔγνων
11669	γάρ
11670	,
11671	εὐθέως
11672	ἔγνων
11673	)
11674	,
11675	εὐτυχίαν
11676	μοι
11677	δοῦναι
11678	καὶ
11679	σωτηρίαν
11680	,
11681	εἰ
11682	δὲ
11683	πρὸς
11684	ἔχθραν
11685	ἢ
11686	φιλονικίας
11687	ἰδίας
11688	ἕνεκ’
11689	αἰτίαν
11690	ἐπάγω
11691	τούτῳ
11692	ψευδῆ
11693	,
11694	πάντων
11695	τῶν
11696	ἀγαθῶν
11697	ἀνόνητόν
11698	με
11699	ποιῆσαι
11700	.
11701	τί
11702	οὖν
11703	ταῦτ’
11704	ἐπήραμαι
11705	καὶ
11706	διετεινάμην
11707	οὑτωσὶ
11708	σφοδρῶς
11709	;
11710	ὅτι
11711	καὶ
11712	γράμματ’
11713	ἔχων
11714	ἐν
11715	τῷ
11716	δημοσίῳ
11717	κείμενα
11718	,
11719	ἐξ
11720	ὧν
11721	ταῦτ’
11722	ἐπιδείξω
11723	σαφῶς
11724	,
11725	καὶ
11726	ὑμᾶς
11727	εἰδὼς
11728	τὰ
11729	πεπραγμένα
11730	μνημονεύοντας
11731	,
11732	ἐκεῖνο
11733	φοβοῦμαι
11734	,
11735	μὴ
11736	τῶν
11737	εἰργασμένων
11738	αὐτῷ
11739	κακῶν
11740	οὗτος
11741	ἐλάττων
11742	ὑποληφθῇ
11743	·
11744	ὅπερ
11745	πρότερον
11746	συνέβη
11747	,
11748	ὅτε
11749	τοὺς
11750	ταλαιπώρους
11751	Φωκέας
11752	ἐποίησ’
11753	ἀπολέσθαι
11754	τὰ
11755	ψευδῆ
11756	δεῦρ’
11757	ἀπαγγείλας
11758	.
11759	τὸν
11760	γὰρ
11761	ἐν
11762	Ἀμφίσσῃ
11763	πόλεμον
11764	,
11765	δι’
11766	ὃν
11767	εἰς
11768	Ἐλάτειαν
11769	ἦλθε
11770	Φίλιππος
11771	καὶ
11772	δι’
11773	ὃν
11774	ᾑρέθη
11775	τῶν
11776	Ἀμφικτυόνων
11777	ἡγεμών
11778	,
11779	ὃς
11780	ἅπαντ’
11781	ἀνέτρεψε
11782	τὰ
11783	τῶν
11784	Ἑλλήνων
11785	,
11786	οὗτός
11787	ἐστιν
11788	ὁ
11789	συγκατασκευάσας
11790	καὶ
11791	πάντων
11792	εἷς
11793	ἀνὴρ
11794	μεγίστων
11795	αἴτιος
11796	κακῶν
11797	.
11798	καὶ
11799	τότ’
11800	εὐθὺς
11801	ἐμοῦ
11802	διαμαρτυρομένου
11803	καὶ
11804	βοῶντος
11805	ἐν
11806	τῇ
11807	ἐκκλησίᾳ
11808	πόλεμον
11809	εἰς
11810	τὴν
11811	Ἀττικὴν
11812	εἰσάγεις
11813	,
11814	Αἰσχίνη
11815	,
11816	πόλεμον
11817	Ἀμφικτυονικόν
11818	οἱ
11819	μὲν
11820	ἐκ
11821	παρακλήσεως
11822	συγκαθήμενοι
11823	οὐκ
11824	εἴων
11825	με
11826	λέγειν
11827	,
11828	οἱ
11829	δ’
11830	ἐθαύμαζον
11831	καὶ
11832	κενὴν
11833	αἰτίαν
11834	διὰ
11835	τὴν
11836	ἰδίαν
11837	ἔχθραν
11838	ἐπάγειν
11839	μ’
11840	ὑπελάμβανον
11841	αὐτῷ
11842	.
11843	ἥτις
11844	δ’
11845	ἡ
11846	φύσις
11847	,
11848	ἄνδρες
11849	Ἀθηναῖοι
11850	,
11851	γέγονεν
11852	τούτων
11853	τῶν
11854	πραγμάτων
11855	,
11856	καὶ
11857	τίνος
11858	εἵνεκα
11859	ταῦτα
11860	συνεσκευάσθη
11861	καὶ
11862	πῶς
11863	ἐπράχθη
11864	,
11865	νῦν
11866	ἀκούσατε
11867	,
11868	ἐπειδὴ
11869	τότ’
11870	ἐκωλύθητε
11871	·
11872	καὶ
11873	γὰρ
11874	εὖ
11875	πρᾶγμα
11876	συντεθὲν
11877	ὄψεσθε
11878	,
11879	καὶ
11880	μεγάλ’
11881	ὠφελήσεσθε
11882	πρὸς
11883	ἱστορίαν
11884	τῶν
11885	κοινῶν
11886	,
11887	καὶ
11888	ὅση
11889	δεινότης
11890	ἦν
11891	ἐν
11892	τῷ
11893	Φιλίππῳ
11894	θεάσεσθε
11895	.
11896	οὐκ
11897	ἦν
11898	τοῦ
11899	πρὸς
11900	ὑμᾶς
11901	πολέμου
11902	πέρας
11903	οὐδ’
11904	ἀπαλλαγὴ
11905	Φιλίππῳ
11906	,
11907	εἰ
11908	μὴ
11909	Θηβαίους
11910	καὶ
11911	Θετταλοὺς
11912	ἐχθροὺς
11913	ποιήσειε
11914	τῇ
11915	πόλει
11916	·
11917	ἀλλὰ
11918	καίπερ
11919	ἀθλίως
11920	καὶ
11921	κακῶς
11922	τῶν
11923	στρατηγῶν
11924	τῶν
11925	ὑμετέρων
11926	πολεμούντων
11927	αὐτῷ
11928	,
11929	ὅμως
11930	ὑπ’
11931	αὐτοῦ
11932	τοῦ
11933	πολέμου
11934	καὶ
11935	τῶν
11936	λῃστῶν
11937	μυρί’
11938	ἔπασχε
11939	κακά
11940	.
11941	οὔ
11942	τε
11943	γὰρ
11944	ἐξήγετο
11945	τῶν
11946	ἐκ
11947	τῆς
11948	χώρας
11949	γιγνομένων
11950	οὐδὲν
11951	οὔτ’
11952	εἰσήγεθ’
11953	ὧν
11954	ἐδεῖτ’
11955	αὐτῷ
11956	·
11957	ἦν
11958	δ’
11959	οὔτ’
11960	ἐν
11961	τῇ
11962	θαλάττῃ
11963	τότε
11964	κρείττων
11965	ὑμῶν
11966	οὔτ’
11967	εἰς
11968	τὴν
11969	Ἀττικὴν
11970	ἐλθεῖν
11971	δυνατὸς
11972	μή
11973	τε
11974	Θετταλῶν
11975	ἀκολουθούντων
11976	μή
11977	τε
11978	Θηβαίων
11979	διιέντων
11980	·
11981	συνέβαινε
11982	δ’
11983	αὐτῷ
11984	τῷ
11985	πολέμῳ
11986	κρατοῦντι
11987	τοὺς
11988	ὁποιουσδήποθ’
11989	ὑμεῖς
11990	ἐξεπέμπετε
11991	στρατηγούς
11992	(
11993	ἐῶ
11994	γὰρ
11995	τοῦτό
11996	γε
11997	)
11998	αὐτῇ
11999	τῇ
12000	φύσει
12001	τοῦ
12002	τόπου
12003	καὶ
12004	τῶν
12005	ὑπαρχόντων
12006	ἑκατέροις
12007	κακοπαθεῖν
12008	.
12009	εἰ
12010	μὲν
12011	οὖν
12012	τῆς
12013	ἰδίας
12014	ἕνεκ’
12015	ἔχθρας
12016	ἢ
12017	τοὺς
12018	Θετταλοὺς
12019	ἢ
12020	τοὺς
12021	Θηβαίους
12022	συμπείθοι
12023	βαδίζειν
12024	ἐφ’
12025	ὑμᾶς
12026	,
12027	οὐδέν’
12028	ἡγεῖτο
12029	προσέξειν
12030	αὐτῷ
12031	τὸν
12032	νοῦν
12033	·
12034	ἐὰν
12035	δὲ
12036	τὰς
12037	ἐκείνων
12038	κοινὰς
12039	προφάσεις
12040	λαβὼν
12041	ἡγεμὼν
12042	αἱρεθῇ
12043	,
12044	ῥᾷον
12045	ἤλπιζε
12046	τὰ
12047	μὲν
12048	παρακρούσεσθαι
12049	,
12050	τὰ
12051	δὲ
12052	πείσειν
12053	.
12054	τί
12055	οὖν
12056	;
12057	ἐπιχειρεῖ
12058	,
12059	θεάσασθ’
12060	ὡς
12061	εὖ
12062	,
12063	πόλεμον
12064	ποιῆσαι
12065	τοῖς
12066	Ἀμφικτύοσι
12067	καὶ
12068	περὶ
12069	τὴν
12070	Πυλαίαν
12071	ταραχήν
12072	·
12073	εἰς
12074	γὰρ
12075	ταῦτ’
12076	εὐθὺς
12077	αὐτοὺς
12078	ὑπελάμβανεν
12079	αὑτοῦ
12080	δεήσεσθαι
12081	.
12082	εἰ
12083	μὲν
12084	τοίνυν
12085	τοῦτ’
12086	ἢ
12087	τῶν
12088	παρ’
12089	ἑαυτοῦ
12090	πεμπομένων
12091	ἱερομνημόνων
12092	ἢ
12093	τῶν
12094	ἐκείνου
12095	συμμάχων
12096	εἰσηγοῖτό
12097	τις
12098	,
12099	ὑπόψεσθαι
12100	τὸ
12101	πρᾶγμ’
12102	ἐνόμιζε
12103	καὶ
12104	τοὺς
12105	Θηβαίους
12106	καὶ
12107	τοὺς
12108	Θετταλοὺς
12109	καὶ
12110	πάντας
12111	φυλάξεσθαι
12112	,
12113	ἂν
12114	δ’
12115	Ἀθηναῖος
12116	ᾖ
12117	καὶ
12118	παρ’
12119	ὑμῶν
12120	τῶν
12121	ὑπεναντίων
12122	ὁ
12123	τοῦτο
12124	ποιῶν
12125	,
12126	εὐπόρως
12127	λήσειν
12128	·
12129	ὅπερ
12130	συνέβη
12131	.
12132	πῶς
12133	οὖν
12134	ταῦτ’
12135	ἐποίησεν
12136	;
12137	μισθοῦται
12138	τουτονί
12139	.
12140	οὐδενὸς
12141	δὲ
12142	προειδότος
12143	,
12144	οἶμαι
12145	,
12146	τὸ
12147	πρᾶγμ’
12148	οὐ
12149	δὲ
12150	φυλάττοντος
12151	,
12152	ὥσπερ
12153	εἴωθε
12154	τὰ
12155	τοιαῦτα
12156	παρ’
12157	ὑμῖν
12158	γίγνεσθαι
12159	,
12160	προβληθεὶς
12161	πυλάγορος
12162	οὗτος
12163	καὶ
12164	τριῶν
12165	ἢ
12166	τεττάρων
12167	χειροτονησάντων
12168	αὐτὸν
12169	ἀνερρήθη
12170	.
12171	ὡς
12172	δὲ
12173	τὸ
12174	τῆς
12175	πόλεως
12176	ἀξίωμα
12177	λαβὼν
12178	ἀφίκετ’
12179	εἰς
12180	τοὺς
12181	Ἀμφικτύονας
12182	,
12183	πάντα
12184	τ
12185	ἄλλ’
12186	ἀφεὶς
12187	καὶ
12188	παριδὼν
12189	ἐπέραινεν
12190	ἐφ’
12191	οἷς
12192	ἐμισθώθη
12193	,
12194	καὶ
12195	λόγους
12196	εὐπροσώπους
12197	καὶ
12198	μύθους
12199	,
12200	ὅθεν
12201	ἡ
12202	Κιρραία
12203	χώρα
12204	καθιερώθη
12205	,
12206	συνθεὶς
12207	καὶ
12208	διεξελθὼν
12209	ἀνθρώπους
12210	ἀπείρους
12211	λόγων
12212	καὶ
12213	τὸ
12214	μέλλον
12215	οὐ
12216	προορωμένους
12217	,
12218	τοὺς
12219	ἱερομνήμονας
12220	,
12221	πείθει
12222	ψηφίσασθαι
12223	περιελθεῖν
12224	τὴν
12225	χώραν
12226	,
12227	ἣν
12228	οἱ
12229	μὲν
12230	Ἀμφισσεῖς
12231	σφῶν
12232	αὐτῶν
12233	οὖσαν
12234	γεωργεῖν
12235	ἔφασαν
12236	,
12237	οὗτος
12238	δὲ
12239	τῆς
12240	ἱερᾶς
12241	χώρας
12242	ᾐτιᾶτ’
12243	εἶναι
12244	,
12245	οὐδεμίαν
12246	δίκην
12247	τῶν
12248	Λοκρῶν
12249	ἐπαγόντων
12250	ἡμῖν
12251	,
12252	οὐδ’
12253	ἃ
12254	νῦν
12255	προφασίζεται
12256	λέγων
12257	οὐκ
12258	ἀληθῆ
12259	.
12260	γνώσεσθε
12261	δ’
12262	ἐκεῖθεν
12263	.
12264	οὐκ
12265	ἐνῆν
12266	ἄνευ
12267	τοῦ
12268	προσκαλέσασθαι
12269	δήπου
12270	τοῖς
12271	Λοκροῖς
12272	δίκην
12273	κατὰ
12274	τῆς
12275	πόλεως
12276	τελέσασθαι
12277	.
12278	τίς
12279	οὖν
12280	ἐκλήτευσεν
12281	ἡμᾶς
12282	;
12283	ἐπὶ
12284	ποίας
12285	ἀρχῆς
12286	;
12287	εἰπὲ
12288	τὸν
12289	εἰδότα
12290	,
12291	δεῖξον
12292	.
12293	ἀλλ’
12294	οὐκ
12295	ἂν
12296	ἔχοις
12297	,
12298	ἀλλὰ
12299	κενῇ
12300	προφάσει
12301	ταύτῃ
12302	κατεχρῶ
12303	καὶ
12304	ψευδεῖ
12305	.
12306	περιιόντων
12307	τοίνυν
12308	τὴν
12309	χώραν
12310	τῶν
12311	Ἀμφικτυόνων
12312	κατὰ
12313	τὴν
12314	ὑφήγησιν
12315	τὴν
12316	τούτου
12317	,
12318	προσπεσόντες
12319	οἱ
12320	Λοκροὶ
12321	μικροῦ
12322	κατηκόντισαν
12323	ἅπαντας
12324	,
12325	τινὰς
12326	δὲ
12327	καὶ
12328	συνήρπασαν
12329	τῶν
12330	ἱερομνημόνων
12331	.
12332	ὡς
12333	δ’
12334	ἅπαξ
12335	ἐκ
12336	τούτων
12337	ἐγκλήματα
12338	καὶ
12339	πόλεμος
12340	πρὸς
12341	τοὺς
12342	Ἀμφισσεῖς
12343	ἐταράχθη
12344	,
12345	τὸ
12346	μὲν
12347	πρῶτον
12348	ὁ
12349	Κόττυφος
12350	αὐτῶν
12351	τῶν
12352	Ἀμφικτυόνων
12353	ἤγαγε
12354	στρατιάν
12355	,
12356	ὡς
12357	δ’
12358	οἱ
12359	μὲν
12360	οὐκ
12361	ἦλθον
12362	,
12363	οἱ
12364	δ’
12365	ἐλθόντες
12366	οὐδὲν
12367	ἐποίουν
12368	,
12369	εἰς
12370	τὴν
12371	ἐπιοῦσαν
12372	πυλαίαν
12373	ἐπὶ
12374	τὸν
12375	Φίλιππον
12376	εὐθὺς
12377	ἡγεμόν’
12378	ἦγον
12379	οἱ
12380	κατεσκευασμένοι
12381	καὶ
12382	πάλαι
12383	πονηροὶ
12384	τῶν
12385	Θετταλῶν
12386	καὶ
12387	τῶν
12388	ἐν
12389	ταῖς
12390	ἄλλαις
12391	πόλεσι
12392	.
12393	καὶ
12394	προφάσεις
12395	εὐλόγους
12396	εἰλήφεσαν
12397	·
12398	ἢ
12399	γὰρ
12400	αὐτοὺς
12401	εἰσφέρειν
12402	καὶ
12403	ξένους
12404	τρέφειν
12405	ἔφασαν
12406	δεῖν
12407	καὶ
12408	ζημιοῦν
12409	τοὺς
12410	μὴ
12411	ταῦτα
12412	ποιοῦντας
12413	,
12414	ἢ
12415	’κεῖνον
12416	αἱρεῖσθαι
12417	.
12418	τί
12419	δεῖ
12420	τὰ
12421	πολλὰ
12422	λέγειν
12423	;
12424	ᾑρέθη
12425	γὰρ
12426	ἐκ
12427	τούτων
12428	ἡγεμών
12429	.
12430	καὶ
12431	μετὰ
12432	ταῦτ’
12433	εὐθέως
12434	δύναμιν
12435	συλλέξας
12436	καὶ
12437	παρελθὼν
12438	ὡς
12439	ἐπὶ
12440	τὴν
12441	Κιρραίαν
12442	,
12443	ἐρρῶσθαι
12444	φράσας
12445	πολλὰ
12446	Κιρραίοις
12447	καὶ
12448	Λοκροῖς
12449	,
12450	τὴν
12451	Ἐλάτειαν
12452	καταλαμβάνει
12453	.
12454	εἰ
12455	μὲν
12456	οὖν
12457	μὴ
12458	μετέγνωσαν
12459	εὐθέως
12460	,
12461	ὡς
12462	τοῦτ’
12463	εἶδον
12464	,
12465	οἱ
12466	Θηβαῖοι
12467	καὶ
12468	μεθ’
12469	ἡμῶν
12470	ἐγένοντο
12471	,
12472	ὥσπερ
12473	χειμάρρους
12474	ἂν
12475	ἅπαν
12476	τοῦτο
12477	τὸ
12478	πρᾶγμ’
12479	εἰς
12480	τὴν
12481	πόλιν
12482	εἰσέπεσε
12483	·
12484	νῦν
12485	δὲ
12486	τό
12487	γ’
12488	ἐξαίφνης
12489	ἐπέσχον
12490	ἐκεῖνοι
12491	,
12492	μάλιστα
12493	μέν
12494	,
12495	ὦ
12496	ἄνδρες
12497	Ἀθηναῖοι
12498	,
12499	θεῶν
12500	τινὸς
12501	εὐνοίᾳ
12502	πρὸς
12503	ὑμᾶς
12504	,
12505	εἶτα
12506	μέντοι
12507	καὶ
12508	ὅσον
12509	καθ’
12510	ἕν’
12511	ἄνδρα
12512	,
12513	καὶ
12514	δι’
12515	ἐμέ
12516	.
12517	δὸς
12518	δέ
12519	μοι
12520	τὰ
12521	δόγματα
12522	ταῦτα
12523	καὶ
12524	τοὺς
12525	χρόνους
12526	ἐν
12527	οἷς
12528	ἕκαστα
12529	πέπρακται
12530	,
12531	ἵν’
12532	εἰδῆθ’
12533	ἡλίκα
12534	πράγμαθ’
12535	ἡ
12536	μιαρὰ
12537	κεφαλὴ
12538	ταράξασ’
12539	αὕτη
12540	δίκην
12541	οὐκ
12542	ἔδωκε
12543	.
12544	λέγε
12545	μοι
12546	τὰ
12547	δόγματα
12548	.
12549	ΔΟΓΜΑ
12550	ΑΜΦΙΚΤΥΟΝΩΝ
12551	.
12552	ἐπὶ
12553	ἱερέως
12554	Κλειναγόρου
12555	,
12556	ἐαρινῆς
12557	πυλαίας
12558	,
12559	ἔδοξε
12560	τοῖς
12561	πυλαγόροις
12562	καὶ
12563	τοῖς
12564	συνέδροις
12565	τῶν
12566	Ἀμφικτυόνων
12567	καὶ
12568	τῷ
12569	κοινῷ
12570	τῶν
12571	Ἀμφικτυόνων
12572	,
12573	ἐπειδὴ
12574	Ἀμφισσεῖς
12575	ἐπιβαίνουσιν
12576	ἐπὶ
12577	τὴν
12578	ἱερὰν
12579	χώραν
12580	καὶ
12581	σπείρουσι
12582	καὶ
12583	βοσκήμασι
12584	κατανέμουσιν
12585	,
12586	ἐπελθεῖν
12587	τοὺς
12588	πυλαγόρους
12589	καὶ
12590	τοὺς
12591	συνέδρους
12592	καὶ
12593	στήλαις
12594	διαλαβεῖν
12595	τοὺς
12596	ὅρους
12597	,
12598	καὶ
12599	ἀπειπεῖν
12600	τοῖς
12601	Ἀμφισσεῦσι
12602	τοῦ
12603	λοιποῦ
12604	μὴ
12605	ἐπιβαίνειν
12606	.
12607	ΕΤΕΡΟΝ
12608	ΔΟΓΜΑ
12609	.
12610	ἐπὶ
12611	ἱερέως
12612	Κλειναγόρου
12613	,
12614	ἐαρινῆς
12615	πυλαίας
12616	,
12617	ἔδοξε
12618	τοῖς
12619	πυλαγόροις
12620	καὶ
12621	τοῖς
12622	συνέδροις
12623	τῶν
12624	Ἀμφικτυόνων
12625	καὶ
12626	τῷ
12627	κοινῷ
12628	τῶν
12629	Ἀμφικτυόνων
12630	,
12631	ἐπειδὴ
12632	οἱ
12633	ἐξ
12634	Ἀμφίσσης
12635	τὴν
12636	ἱερὰν
12637	χώραν
12638	κατανειμάμενοι
12639	γεωργοῦσι
12640	καὶ
12641	βοσκήματα
12642	νέμουσι
12643	,
12644	καὶ
12645	κωλυόμενοι
12646	τοῦτο
12647	ποιεῖν
12648	ἐν
12649	τοῖς
12650	ὅπλοις
12651	παραγενόμενοι
12652	τὸ
12653	κοινὸν
12654	τῶν
12655	Ἑλλήνων
12656	συνέδριον
12657	κεκωλύκασι
12658	μετὰ
12659	βίας
12660	,
12661	τινὰς
12662	δὲ
12663	καὶ
12664	τετραυματίκασι
12665	,
12666	τὸν
12667	στρατηγὸν
12668	τὸν
12669	ᾑρημένον
12670	τῶν
12671	Ἀμφικτυόνων
12672	Κόττυφον
12673	τὸν
12674	Ἀρκάδα
12675	πρεσβεῦσαι
12676	πρὸς
12677	Φίλιππον
12678	τὸν
12679	Μακεδόνα
12680	,
12681	καὶ
12682	ἀξιοῦν
12683	ἵνα
12684	βοηθήσῃ
12685	τῷ
12686	τε
12687	Ἀπόλλωνι
12688	καὶ
12689	τοῖς
12690	Ἀμφικτύοσιν
12691	,
12692	ὅπως
12693	μὴ
12694	περιίδῃ
12695	ὑπὸ
12696	τῶν
12697	ἀσεβῶν
12698	Ἀμφισσέων
12699	τὸν
12700	θεὸν
12701	πλημμελούμενον
12702	·
12703	καὶ
12704	διότι
12705	αὐτὸν
12706	στρατηγὸν
12707	αὐτοκράτορα
12708	αἱροῦνται
12709	οἱ
12710	Ἕλληνες
12711	οἱ
12712	μετέχοντες
12713	τοῦ
12714	συνεδρίου
12715	τῶν
12716	Ἀμφικτυόνων
12717	.
12718	λέγε
12719	δὴ
12720	καὶ
12721	τοὺς
12722	χρόνους
12723	ἐν
12724	οἷς
12725	ταῦτ’
12726	ἐγίγνετο
12727	·
12728	εἰσὶ
12729	γὰρ
12730	καθ’
12731	οὓς
12732	ἐπυλαγόρησεν
12733	οὗτος
12734	.
12735	λέγε
12736	.
12737	ΧΡΟΝΟΙ
12738	.
12739	Ἄρχων
12740	Μνησιθείδης
12741	,
12742	μηνὸς
12743	ἀνθεστηριῶνος
12744	ἕκτῃ
12745	ἐπὶ
12746	δέκα
12747	.
12748	δὸς
12749	δὴ
12750	τὴν
12751	ἐπιστολὴν
12752	ἥν
12753	,
12754	ὡς
12755	οὐχ
12756	ὑπήκουον
12757	οἱ
12758	Θηβαῖοι
12759	,
12760	πέμπει
12761	πρὸς
12762	τοὺς
12763	ἐν
12764	Πελοποννήσῳ
12765	συμμάχους
12766	ὁ
12767	Φίλιππος
12768	,
12769	ἵν’
12770	εἰδῆτε
12771	καὶ
12772	ἐκ
12773	ταύτης
12774	σαφῶς
12775	ὅτι
12776	τὴν
12777	μὲν
12778	ἀληθῆ
12779	πρόφασιν
12780	τῶν
12781	πραγμάτων
12782	,
12783	τὸ
12784	ταῦτ’
12785	ἐπὶ
12786	τὴν
12787	Ἑλλάδα
12788	καὶ
12789	τοὺς
12790	Θηβαίους
12791	καὶ
12792	ὑμᾶς
12793	πράττειν
12794	,
12795	ἀπεκρύπτετο
12796	,
12797	κοινὰ
12798	δὲ
12799	καὶ
12800	τοῖς
12801	Ἀμφικτύοσιν
12802	δόξαντα
12803	ποιεῖν
12804	προσεποιεῖτο
12805	·
12806	ὁ
12807	δὲ
12808	τὰς
12809	ἀφορμὰς
12810	ταύτας
12811	καὶ
12812	τὰς
12813	προφάσεις
12814	αὐτῷ
12815	παρασχὼν
12816	οὗτος
12817	ἦν
12818	.
12819	λέγε
12820	.
12821	ΕΠΙΣΤΟΛΗ
12822	.
12823	Βασιλεὺς
12824	Μακεδόνων
12825	Φίλιππος
12826	Πελοποννησίων
12827	τῶν
12828	ἐν
12829	τῇ
12830	συμμαχίᾳ
12831	τοῖς
12832	δημιουργοῖς
12833	καὶ
12834	τοῖς
12835	συνέδροις
12836	καὶ
12837	τοῖς
12838	ἄλλοις
12839	συμμάχοις
12840	πᾶσι
12841	χαίρειν
12842	.
12843	ἐπειδὴ
12844	Λοκροὶ
12845	οἱ
12846	καλούμενοι
12847	Ὀζόλαι
12848	,
12849	κατοικοῦντες
12850	ἐν
12851	Ἀμφίσσῃ
12852	,
12853	πλημμελοῦσιν
12854	εἰς
12855	τὸ
12856	ἱερὸν
12857	τοῦ
12858	Ἀπόλλωνος
12859	τοῦ
12860	ἐν
12861	Δελφοῖς
12862	καὶ
12863	τὴν
12864	ἱερὰν
12865	χώραν
12866	ἐρχόμενοι
12867	μεθ’
12868	ὅπλων
12869	λεηλατοῦσι
12870	,
12871	βούλομαι
12872	τῷ
12873	θεῷ
12874	μεθ’
12875	ὑμῶν
12876	βοηθεῖν
12877	καὶ
12878	ἀμύνασθαι
12879	τοὺς
12880	παραβαίνοντάς
12881	τι
12882	τῶν
12883	ἐν
12884	ἀνθρώποις
12885	εὐσεβῶν
12886	·
12887	ὥστε
12888	συναντᾶτε
12889	μετὰ
12890	τῶν
12891	ὅπλων
12892	εἰς
12893	τὴν
12894	Φωκίδα
12895	,
12896	ἔχοντες
12897	ἐπισιτισμὸν
12898	ἡμερῶν
12899	τετταράκοντα
12900	,
12901	τοῦ
12902	ἐνεστῶτος
12903	μηνὸς
12904	λῴου
12905	,
12906	ὡς
12907	ἡμεῖς
12908	ἄγομεν
12909	,
12910	ὡς
12911	δὲ
12912	Ἀθηναῖοι
12913	,
12914	βοηδρομιῶνος
12915	,
12916	ὡς
12917	δὲ
12918	Κορίνθιοι
12919	,
12920	πανήμου
12921	.
12922	τοῖς
12923	δὲ
12924	μὴ
12925	συναντήσασι
12926	πανδημεὶ
12927	χρησόμεθα
12928	τοῖς
12929	δὲ
12930	συμβούλοις
12931	ἡμῖν
12932	κειμένοις
12933	ἐπιζημίοις
12934	.
12935	εὐτυχεῖτε
12936	.
12937	ὁρᾶθ’
12938	ὅτι
12939	φεύγει
12940	μὲν
12941	τὰς
12942	ἰδίας
12943	προφάσεις
12944	,
12945	εἰς
12946	δὲ
12947	τὰς
12948	Ἀμφικτυονικὰς
12949	καταφεύγει
12950	.
12951	τίς
12952	οὖν
12953	ὁ
12954	ταῦτα
12955	συμπαρασκευάσας
12956	αὐτῷ
12957	;
12958	τίς
12959	ὁ
12960	τὰς
12961	προφάσες
12962	ταύτας
12963	ἐνδούς
12964	;
12965	τίς
12966	ὁ
12967	τῶν
12968	κακῶν
12969	τῶν
12970	γεγενημένων
12971	μάλιστ’
12972	αἴτιος
12973	;
12974	οὐχ
12975	οὗτος
12976	;
12977	μὴ
12978	τοίνυν
12979	λέγετ’
12980	,
12981	ὦ
12982	ἄνδρες
12983	Ἀθηναῖοι
12984	,
12985	περιιόντες
12986	ὡς
12987	ὑφ’
12988	ἑνὸς
12989	τοιαῦτα
12990	πέπονθεν
12991	ἡ
12992	Ἑλλὰς
12993	ἀνθρώπου
12994	.
12995	οὐχ
12996	ὑφ’
12997	ἑνός
12998	,
12999	ἀλλ’
13000	ὑπὸ
13001	πολλῶν
13002	καὶ
13003	πονηρῶν
13004	τῶν
13005	παρ’
13006	ἑκάστοις
13007	,
13008	ὦ
13009	γῆ
13010	καὶ
13011	θεοί
13012	·
13013	ὧν
13014	εἷς
13015	οὑτοσί
13016	,
13017	ὅν
13018	,
13019	εἰ
13020	μηδὲν
13021	εὐλαβηθέντα
13022	τ
13023	ἀληθὲς
13024	εἰπεῖν
13025	δέοι
13026	,
13027	οὐκ
13028	ἂν
13029	ὀκνήσαιμ’
13030	ἔγωγε
13031	κοινὸν
13032	ἀλειτήριον
13033	τῶν
13034	μετὰ
13035	ταῦτ’
13036	ἀπολωλότων
13037	ἁπάντων
13038	εἰπεῖν
13039	,
13040	ἀνθρώπων
13041	,
13042	τόπων
13043	,
13044	πόλεων
13045	·
13046	ὁ
13047	γὰρ
13048	τὸ
13049	σπέρμα
13050	παρασχών
13051	,
13052	οὗτος
13053	τῶν
13054	φύντων
13055	αἴτιος
13056	.
13057	ὃν
13058	ὅπως
13059	ποτ’
13060	οὐκ
13061	εὐθὺς
13062	ἰδόντες
13063	ἀπεστράφητε
13064	θαυμάζω
13065	.
13066	πλὴν
13067	πολύ
13068	τι
13069	σκότος
13070	,
13071	ὡς
13072	ἔοικεν
13073	,
13074	ἐστὶν
13075	παρ’
13076	ὑμῖν
13077	πρὸ
13078	τῆς
13079	ἀληθείας
13080	.
13081	συμβέβηκε
13082	τοίνυν
13083	μοι
13084	τῶν
13085	κατὰ
13086	τῆς
13087	πατρίδος
13088	τούτῳ
13089	πεπραγμένων
13090	ἁψαμένῳ
13091	εἰς
13092	ἃ
13093	τούτοις
13094	ἐναντιούμενος
13095	αὐτὸς
13096	πεπολίτευμαι
13097	ἀφῖχθαι
13098	·
13099	ἃ
13100	πολλῶν
13101	μὲν
13102	εἵνεκ’
13103	ἂν
13104	εἰκότως
13105	ἀκούσαιτέ
13106	μου
13107	,
13108	μάλιστα
13109	δ’
13110	ὅτι
13111	αἰσχρόν
13112	ἐστιν
13113	,
13114	ὦ
13115	ἄνδρες
13116	Ἀθηναῖοι
13117	,
13118	εἰ
13119	ἐγὼ
13120	μὲν
13121	τὰ
13122	ἔργα
13123	τῶν
13124	ὑπὲρ
13125	ὑμῶν
13126	πόνων
13127	ὑπέμεινα
13128	,
13129	ὑμεῖς
13130	δὲ
13131	μη
13132	δὲ
13133	τοὺς
13134	λόγους
13135	αὐτῶν
13136	ἀνέξεσθε
13137	.
13138	ὁρῶν
13139	γὰρ
13140	ἐγὼ
13141	Θηβαίους
13142	,
13143	σχεδὸν
13144	δὲ
13145	καὶ
13146	ὑμᾶς
13147	ὑπὸ
13148	τῶν
13149	τὰ
13150	Φιλίππου
13151	φρονούντων
13152	καὶ
13153	διεφθαρμένων
13154	παρ’
13155	ἑκατέροις
13156	,
13157	ὃ
13158	μὲν
13159	ἦν
13160	ἀμφοτέροις
13161	φοβερὸν
13162	καὶ
13163	φυλακῆς
13164	πολλῆς
13165	δεόμενον
13166	,
13167	τὸ
13168	τὸν
13169	Φίλιππον
13170	ἐᾶν
13171	αὐξάνεσθαι
13172	,
13173	παρορῶντας
13174	καὶ
13175	οὐ
13176	δὲ
13177	καθ’
13178	ἓν
13179	φυλαττομένους
13180	,
13181	εἰς
13182	ἔχθραν
13183	δὲ
13184	καὶ
13185	τὸ
13186	προσκρούειν
13187	ἀλλήλοις
13188	ἑτοίμως
13189	ἔχοντας
13190	,
13191	ὅπως
13192	τοῦτο
13193	μὴ
13194	γένοιτο
13195	παρατηρῶν
13196	διετέλουν
13197	,
13198	οὐκ
13199	ἀπὸ
13200	τῆς
13201	ἐμαυτοῦ
13202	γνώμης
13203	μόνον
13204	ταῦτα
13205	συμφέρειν
13206	ὑπολαμβάνων
13207	,
13208	ἀλλ’
13209	εἰδὼς
13210	Ἀριστοφῶντα
13211	καὶ
13212	πάλιν
13213	Εὔβουλον
13214	πάντα
13215	τὸν
13216	χρόνον
13217	βουλομένους
13218	πρᾶξαι
13219	ταύτην
13220	τὴν
13221	φιλίαν
13222	,
13223	καὶ
13224	περὶ
13225	τῶν
13226	ἄλλων
13227	πολλάκις
13228	ἀντιλέγοντας
13229	ἑαυτοῖς
13230	τοῦθ’
13231	ὁμογνωμονοῦντας
13232	ἀεί
13233	.
13234	οὓς
13235	σὺ
13236	ζῶντας
13237	μέν
13238	,
13239	ὦ
13240	κίναδος
13241	,
13242	κολακεύων
13243	παρηκολούθεις
13244	,
13245	τεθνεώτων
13246	δ’
13247	οὐκ
13248	αἰσθάνει
13249	κατηγορῶν
13250	·
13251	ἃ
13252	γὰρ
13253	περὶ
13254	Θηβαίων
13255	ἐπιτιμᾷς
13256	ἐμοί
13257	,
13258	ἐκείνων
13259	πολὺ
13260	μᾶλλον
13261	ἢ
13262	ἐμοῦ
13263	κατηγορεῖς
13264	,
13265	τῶν
13266	πρότερον
13267	ἢ
13268	ἐγὼ
13269	ταύτην
13270	τὴν
13271	συμμαχίαν
13272	δοκιμασάντων
13273	.
13274	ἀλλ’
13275	ἐκεῖσ’
13276	ἐπάνειμι
13277	,
13278	ὅτι
13279	τὸν
13280	ἐν
13281	Ἀμφίσσῃ
13282	πόλεμον
13283	τούτου
13284	μὲν
13285	ποιήσαντος
13286	,
13287	συμπεραναμένων
13288	δὲ
13289	τῶν
13290	ἄλλων
13291	τῶν
13292	συνεργῶν
13293	αὐτῷ
13294	τὴν
13295	πρὸς
13296	Θηβαίους
13297	ἔχθραν
13298	,
13299	συνέβη
13300	τὸν
13301	Φίλιππον
13302	ἐλθεῖν
13303	ἐφ’
13304	ἡμᾶς
13305	,
13306	οὗπερ
13307	εἵνεκα
13308	τὰς
13309	πόλεις
13310	οὗτοι
13311	συνέκρουον
13312	,
13313	καὶ
13314	εἰ
13315	μὴ
13316	προεξανέστημεν
13317	μικρόν
13318	,
13319	οὐδ’
13320	ἀναλαβεῖν
13321	ἂν
13322	ἠδυνήθημεν
13323	·
13324	οὕτω
13325	μέχρι
13326	πόρρω
13327	προήγαγον
13328	οὗτοι
13329	.
13330	ἐν
13331	οἷς
13332	δ’
13333	ἦτ’
13334	ἤδη
13335	τὰ
13336	πρὸς
13337	ἀλλήλους
13338	,
13339	τουτωνὶ
13340	τῶν
13341	ψηφισμάτων
13342	ἀκούσαντες
13343	καὶ
13344	τῶν
13345	ἀποκρίσεων
13346	εἴσεσθε
13347	.
13348	καί
13349	μοι
13350	λέγε
13351	ταῦτα
13352	λαβών
13353	.
13354	ΨΗΦΙΣΜΑ
13355	.
13356	Ἐπ’
13357	ἄρχοντος
13358	Ἡροπύθου
13359	,
13360	μηνὸς
13361	ἐλαφηβολιῶνος
13362	ἕκτῃ
13363	φθίνοντος
13364	,
13365	φυλῆς
13366	πρυτανευούσης
13367	Ἐρεχθῇδος
13368	,
13369	βουλῆς
13370	καὶ
13371	στρατηγῶν
13372	γνώμη
13373	·
13374	ἐπειδὴ
13375	Φίλιππος
13376	ἃς
13377	μὲν
13378	κατείληφε
13379	πόλεις
13380	τῶν
13381	ἀστυγειτόνων
13382	,
13383	τινὰς
13384	δὲ
13385	πορθεῖ
13386	,
13387	κεφαλαίῳ
13388	δ’
13389	ἐπὶ
13390	τὴν
13391	Ἀττικὴν
13392	παρασκευάζεται
13393	παραγίγνεσθαι
13394	,
13395	παρ’
13396	οὐδὲν
13397	ἡγούμενος
13398	τὰς
13399	ἡμετέρας
13400	συνθήκας
13401	,
13402	καὶ
13403	τοὺς
13404	ὅρκους
13405	λύειν
13406	ἐπιβάλλεται
13407	καὶ
13408	τὴν
13409	εἰρήνην
13410	,
13411	παραβαίνων
13412	τὰς
13413	κοινὰς
13414	πίστεις
13415	,
13416	δεδόχθαι
13417	τῇ
13418	βουλῇ
13419	καὶ
13420	τῷ
13421	δήμῳ
13422	πέμπειν
13423	πρὸς
13424	αὐτὸν
13425	πρέσβεις
13426	,
13427	οἵτινες
13428	αὐτῷ
13429	διαλέξονται
13430	καὶ
13431	παρακαλέσουσιν
13432	αὐτὸν
13433	μάλιστα
13434	μὲν
13435	τὴν
13436	πρὸς
13437	ἡμᾶς
13438	ὁμόνοιαν
13439	διατηρεῖν
13440	καὶ
13441	τὰς
13442	συνθήκας
13443	,
13444	εἰ
13445	δὲ
13446	μή
13447	,
13448	πρὸς
13449	τὸ
13450	βουλεύσασθαι
13451	δοῦναι
13452	χρόνον
13453	τῇ
13454	πόλει
13455	καὶ
13456	τὰς
13457	ἀνοχὰς
13458	ποιήσασθαι
13459	μέχρι
13460	τοῦ
13461	θαργηλιῶνος
13462	μηνός
13463	.
13464	ᾑρέθησαν
13465	ἐκ
13466	βουλῆς
13467	Σῖμος
13468	Ἀναγυράσιος
13469	,
13470	Εὐθύδημος
13471	Φυλάσιος
13472	,
13473	Βουλαγόρας
13474	Ἀλωπεκῆθεν
13475	.
13476	ΕΤΕΡΟΝ
13477	ΨΗΦΙΣΜΑ
13478	.
13479	Ἐπ’
13480	ἄρχοντος
13481	Ἡροπύθου
13482	,
13483	μηνὸς
13484	μουνυχιῶνος
13485	ἕνῃ
13486	καὶ
13487	νέᾳ
13488	,
13489	πολεμάρχου
13490	γνώμη
13491	·
13492	ἐπειδὴ
13493	Φίλιππος
13494	εἰς
13495	ἀλλοτριότητα
13496	Θηβαίους
13497	πρὸς
13498	ἡμᾶς
13499	ἐπιβάλλεται
13500	καταστῆσαι
13501	,
13502	παρεσκεύασται
13503	δὲ
13504	καὶ
13505	παντὶ
13506	τῷ
13507	στρατεύματι
13508	πρὸς
13509	τοὺς
13510	ἔγγιστα
13511	τῆς
13512	Ἀττικῆς
13513	παραγίγνεσθαι
13514	τόπους
13515	,
13516	παραβαίνων
13517	τὰς
13518	πρὸς
13519	ἡμᾶς
13520	ὑπαρχούσας
13521	αὐτῷ
13522	συνθήκας
13523	,
13524	δεδόχθαι
13525	τῇ
13526	βουλῇ
13527	καὶ
13528	τῷ
13529	δήμῳ
13530	πέμψαι
13531	πρὸς
13532	αὐτὸν
13533	κήρυκα
13534	καὶ
13535	πρέσβεις
13536	,
13537	οἵτινες
13538	ἀξιώσουσι
13539	καὶ
13540	παρακαλέσουσιν
13541	αὐτὸν
13542	ποιήσασθαι
13543	τὰς
13544	ἀνοχάς
13545	,
13546	ὅπως
13547	ἐνδεχομένως
13548	ὁ
13549	δῆμος
13550	βουλεύσηται
13551	·
13552	καὶ
13553	γὰρ
13554	νῦν
13555	οὐ
13556	κέκρικε
13557	βοηθεῖν
13558	ἐν
13559	οὐδενὶ
13560	τῶν
13561	μετρίων
13562	.
13563	ᾑρέθησαν
13564	ἐκ
13565	βουλῆς
13566	Νέαρχος
13567	Σωσινόμου
13568	,
13569	Πολυκράτης
13570	Ἐπίφρονος
13571	,
13572	καὶ
13573	κῆρυξ
13574	Εὔνομος
13575	Ἀναφλύστιος
13576	ἐκ
13577	τοῦ
13578	δήμου
13579	.
13580	λέγε
13581	δὴ
13582	καὶ
13583	τὰς
13584	ἀποκρίσεις
13585	.
13586	ΑΠΟΚΡΙΣΙΣ
13587	ΑΘΗΝΑΙΟΙΣ
13588	.
13589	Βασιλεὺς
13590	Μακεδόνων
13591	Φίλιππος
13592	Ἀθηναίων
13593	τῇ
13594	βουλῇ
13595	καὶ
13596	τῷ
13597	δήμῳ
13598	χαίρειν
13599	.
13600	ἣν
13601	μὲν
13602	ἀπ’
13603	ἀρχῆς
13604	εἴχετε
13605	πρὸς
13606	ἡμᾶς
13607	αἵρεσιν
13608	,
13609	οὐκ
13610	ἀγνοῶ
13611	,
13612	καὶ
13613	τίνα
13614	σπουδὴν
13615	ἐποιεῖσθε
13616	προσκαλέσασθαι
13617	βουλόμενοι
13618	Θετταλοὺς
13619	καὶ
13620	Θηβαίους
13621	,
13622	ἔτι
13623	δὲ
13624	καὶ
13625	Βοιωτούς
13626	·
13627	βέλτιον
13628	δ’
13629	αὐτῶν
13630	φρονούντων
13631	καὶ
13632	μὴ
13633	βουλομένων
13634	ἐφ’
13635	ὑμῖν
13636	ποιήσασθαι
13637	τὴν
13638	ἑαυτῶν
13639	αἵρεσιν
13640	,
13641	ἀλλὰ
13642	κατὰ
13643	τὸ
13644	συμφέρον
13645	ἱσταμένων
13646	,
13647	νῦν
13648	ἐξ
13649	ὑποστροφῆς
13650	ἀποστείλαντες
13651	ὑμεῖς
13652	πρός
13653	με
13654	πρέσβεις
13655	καὶ
13656	κήρυκα
13657	συνθηκῶν
13658	μνημονεύετε
13659	καὶ
13660	τὰς
13661	ἀνοχὰς
13662	αἰτεῖσθε
13663	,
13664	κατ’
13665	οὐδὲν
13666	ὑφ’
13667	ἡμῶν
13668	πεπλημμελημένοι
13669	.
13670	ἐγὼ
13671	μέντοι
13672	ἀκούσας
13673	τῶν
13674	πρεσβευτῶν
13675	συγκατατίθεμαι
13676	τοῖς
13677	παρακαλουμένοις
13678	καὶ
13679	ἕτοιμός
13680	εἰμι
13681	ποιεῖσθαι
13682	τὰς
13683	ἀνοχάς
13684	,
13685	ἄν
13686	περ
13687	τοὺς
13688	οὐκ
13689	ὀρθῶς
13690	συμβουλεύοντας
13691	ὑμῖν
13692	παραπέμψαντες
13693	τῆς
13694	προσηκούσης
13695	ἀτιμίας
13696	ἀξιώσητε
13697	.
13698	ἔρρωσθε
13699	.
13700	ΑΠΟΚΡΙΣΙΣ
13701	ΘΗΒΑΙΟΙΣ
13702	.
13703	Βασιλεὺς
13704	Μακεδόνων
13705	Φίλιππος
13706	Θηβαίων
13707	τῇ
13708	βουλῇ
13709	καὶ
13710	τῷ
13711	δήμῳ
13712	χαίρειν
13713	.
13714	ἐκομισάμην
13715	τὴν
13716	παρ’
13717	ὑμῶν
13718	ἐπιστολήν
13719	,
13720	δι’
13721	ἧς
13722	μοι
13723	τὴν
13724	ὁμόνοιαν
13725	καὶ
13726	τὴν
13727	εἰρήνην
13728	ἀνανεοῦσθε
13729	.
13730	πυνθάνομαι
13731	μέντοι
13732	διότι
13733	πᾶσαν
13734	ὑμῖν
13735	Ἀθηναῖοι
13736	προσφέρονται
13737	φιλοτιμίαν
13738	βουλόμενοι
13739	ὑμᾶς
13740	συγκαταίνους
13741	γενέσθαι
13742	τοῖς
13743	ὑπ’
13744	αὐτῶν
13745	παρακαλουμένοις
13746	.
13747	πρότερον
13748	μὲν
13749	οὖν
13750	ὑμῶν
13751	κατεγίγνωσκον
13752	ἐπὶ
13753	τῷ
13754	μέλλειν
13755	πείθεσθαι
13756	ταῖς
13757	ἐκείνων
13758	ἐλπίσι
13759	καὶ
13760	ἐπακολουθεῖν
13761	αὐτῶν
13762	τῇ
13763	προαιρέσει
13764	.
13765	νῦν
13766	δ’
13767	ἐπιγνοὺς
13768	ὑμᾶς
13769	τὰ
13770	πρὸς
13771	ἡμᾶς
13772	ἐζητηκότας
13773	ἔχειν
13774	εἰρήνην
13775	μᾶλλον
13776	ἢ
13777	ταῖς
13778	ἑτέρων
13779	ἐπακολουθεῖν
13780	γνώμαις
13781	,
13782	ἥσθην
13783	καὶ
13784	μᾶλλον
13785	ὑμᾶς
13786	ἐπαινῶ
13787	κατὰ
13788	πολλά
13789	,
13790	μάλιστα
13791	δ’
13792	ἐπὶ
13793	τῷ
13794	βουλεύσασθαι
13795	περὶ
13796	τούτων
13797	ἀσφαλέστερον
13798	καὶ
13799	τὰ
13800	πρὸς
13801	ἡμᾶς
13802	ἔχειν
13803	ἐν
13804	εὐνοίᾳ
13805	·
13806	ὅπερ
13807	οὐ
13808	μικρὰν
13809	ὑμῖν
13810	οἴσειν
13811	ἐλπίζω
13812	ῥοπήν
13813	,
13814	ἐάν
13815	περ
13816	ἐπὶ
13817	ταύτης
13818	μένητε
13819	τῆς
13820	προθέσεως
13821	.
13822	ἔρρωσθε
13823	.
13824	οὕτω
13825	διαθεὶς
13826	ὁ
13827	Φίλιππος
13828	τὰς
13829	πόλεις
13830	πρὸς
13831	ἀλλήλας
13832	διὰ
13833	τούτων
13834	καὶ
13835	τούτοις
13836	ἐπαρθεὶς
13837	τοῖς
13838	ψηφίσμασιν
13839	καὶ
13840	ταῖς
13841	ἀποκρίσεσιν
13842	,
13843	ἧκεν
13844	ἔχων
13845	τὴν
13846	δύναμιν
13847	καὶ
13848	τὴν
13849	Ἐλάτειαν
13850	κατέλαβεν
13851	,
13852	ὡς
13853	οὐδ’
13854	ἂν
13855	εἴ
13856	τι
13857	γένοιτ’
13858	ἔτι
13859	συμπνευσάντων
13860	ἂν
13861	ἡμῶν
13862	καὶ
13863	τῶν
13864	Θηβαίων
13865	.
13866	ἀλλὰ
13867	μὴν
13868	τὸν
13869	τότε
13870	συμβάντ’
13871	ἐν
13872	τῇ
13873	πόλει
13874	θόρυβον
13875	ἴστε
13876	μὲν
13877	ἅπαντες
13878	·
13879	μικρὰ
13880	δ’
13881	ἀκούσαθ’
13882	ὅμως
13883	αὐτὰ
13884	τ
13885	ἀναγκαιότατα
13886	.
13887	ἑσπέρα
13888	μὲν
13889	γὰρ
13890	ἦν
13891	,
13892	ἧκε
13893	δ’
13894	ἀγγέλλων
13895	τις
13896	ὡς
13897	τοὺς
13898	πρυτάνεις
13899	ὡς
13900	Ἐλάτεια
13901	κατείληπται
13902	.
13903	καὶ
13904	μετὰ
13905	ταῦθ’
13906	οἱ
13907	μὲν
13908	εὐθὺς
13909	ἐξαναστάντες
13910	μεταξὺ
13911	δειπνοῦντες
13912	τούς
13913	τ’
13914	ἐκ
13915	τῶν
13916	σκηνῶν
13917	τῶν
13918	κατὰ
13919	τὴν
13920	ἀγορὰν
13921	ἐξεῖργον
13922	καὶ
13923	τὰ
13924	γέρρ’
13925	ἐνεπίμπρασαν
13926	,
13927	οἱ
13928	δὲ
13929	τοὺς
13930	στρατηγοὺς
13931	μετεπέμποντο
13932	καὶ
13933	τὸν
13934	σαλπικτὴν
13935	ἐκάλουν
13936	·
13937	καὶ
13938	θορύβου
13939	πλήρης
13940	ἦν
13941	ἡ
13942	πόλις
13943	.
13944	τῇ
13945	δ’
13946	ὑστεραίᾳ
13947	,
13948	ἅμα
13949	τῇ
13950	ἡμέρᾳ
13951	,
13952	οἱ
13953	μὲν
13954	πρυτάνεις
13955	τὴν
13956	βουλὴν
13957	ἐκάλουν
13958	εἰς
13959	τὸ
13960	βουλευτήριον
13961	,
13962	ὑμεῖς
13963	δ’
13964	εἰς
13965	τὴν
13966	ἐκκλησίαν
13967	ἐπορεύεσθε
13968	,
13969	καὶ
13970	πρὶν
13971	ἐκείνην
13972	χρηματίσαι
13973	καὶ
13974	προβουλεῦσαι
13975	πᾶς
13976	ὁ
13977	δῆμος
13978	ἄνω
13979	καθῆτο
13980	.
13981	καὶ
13982	μετὰ
13983	ταῦτα
13984	ὡς
13985	ἦλθεν
13986	ἡ
13987	βουλὴ
13988	καὶ
13989	ἀπήγγειλαν
13990	οἱ
13991	πρυτάνεις
13992	τὰ
13993	προσηγγελμέν’
13994	ἑαυτοῖς
13995	καὶ
13996	τὸν
13997	ἥκοντα
13998	παρήγαγον
13999	κ
14000	ἀκεῖνος
14001	εἶπεν
14002	,
14003	ἠρώτα
14004	μὲν
14005	ὁ
14006	κῆρυξ
14007	τίς
14008	ἀγορεύειν
14009	βούλεται
14010	παρῄει
14011	δ’
14012	οὐδείς
14013	.
14014	πολλάκις
14015	δὲ
14016	τοῦ
14017	κήρυκος
14018	ἐρωτῶντος
14019	οὐδὲν
14020	μᾶλλον
14021	ἀνίστατ’
14022	οὐδείς
14023	,
14024	ἁπάντων
14025	μὲν
14026	τῶν
14027	στρατηγῶν
14028	παρόντων
14029	,
14030	ἁπάντων
14031	δὲ
14032	τῶν
14033	ῥητόρων
14034	,
14035	καλούσης
14036	δὲ
14037	τῆς
14038	πατρίδος
14039	τὸν
14040	ἐροῦνθ’
14041	ὑπὲρ
14042	σωτηρίας
14043	·
14044	ἣν
14045	γὰρ
14046	ὁ
14047	κῆρυξ
14048	κατὰ
14049	τοὺς
14050	νόμους
14051	φωνὴν
14052	ἀφίησι
14053	,
14054	ταύτην
14055	κοινὴν
14056	τῆς
14057	πατρίδος
14058	δίκαιον
14059	ἡγεῖσθαι
14060	.
14061	καίτοι
14062	εἰ
14063	μὲν
14064	τοὺς
14065	σωθῆναι
14066	τὴν
14067	πόλιν
14068	βουλομένους
14069	παρελθεῖν
14070	ἔδει
14071	,
14072	πάντες
14073	ἂν
14074	ὑμεῖς
14075	καὶ
14076	οἱ
14077	ἄλλοι
14078	Ἀθηναῖοι
14079	ἀναστάντες
14080	ἐπὶ
14081	τὸ
14082	βῆμ’
14083	ἐβαδίζετε
14084	·
14085	πάντες
14086	γὰρ
14087	οἶδ’
14088	ὅτι
14089	σωθῆναι
14090	αὐτὴν
14091	ἐβούλεσθε
14092	·
14093	εἰ
14094	δὲ
14095	τοὺς
14096	πλουσιωτάτους
14097	,
14098	οἱ
14099	τριακόσιοι
14100	·
14101	εἰ
14102	δὲ
14103	τοὺς
14104	ἀμφότερα
14105	ταῦτα
14106	,
14107	καὶ
14108	εὔνους
14109	τῇ
14110	πόλει
14111	καὶ
14112	πλουσίους
14113	,
14114	οἱ
14115	μετὰ
14116	ταῦτα
14117	τὰς
14118	μεγάλας
14119	ἐπιδόσεις
14120	ἐπιδόντες
14121	·
14122	καὶ
14123	γὰρ
14124	εὐνοίᾳ
14125	καὶ
14126	πλούτῳ
14127	τοῦτ’
14128	ἐποίησαν
14129	.
14130	ἀλλ’
14131	,
14132	ὡς
14133	ἔοικεν
14134	,
14135	ἐκεῖνος
14136	ὁ
14137	καιρὸς
14138	καὶ
14139	ἡ
14140	ἡμέρα
14141	’κείνη
14142	οὐ
14143	μόνον
14144	εὔνουν
14145	καὶ
14146	πλούσιον
14147	ἄνδρ’
14148	ἐκάλει
14149	,
14150	ἀλλὰ
14151	καὶ
14152	παρηκολουθηκότα
14153	τοῖς
14154	πράγμασιν
14155	ἐξ
14156	ἀρχῆς
14157	,
14158	καὶ
14159	συλλελογισμένον
14160	ὀρθῶς
14161	τίνος
14162	εἵνεκα
14163	ταῦτ’
14164	ἔπραττεν
14165	ὁ
14166	Φίλιππος
14167	καὶ
14168	τί
14169	βουλόμενος
14170	·
14171	ὁ
14172	γὰρ
14173	μὴ
14174	ταῦτ’
14175	εἰδὼς
14176	μηδ’
14177	ἐξητακὼς
14178	πόρρωθεν
14179	,
14180	οὔτ’
14181	εἰ
14182	εὔνους
14183	ἦν
14184	οὔτ’
14185	εἰ
14186	πλούσιος
14187	,
14188	οὐδὲν
14189	μᾶλλον
14190	ἔμελλ’
14191	ὅ
14192	τι
14193	χρὴ
14194	ποιεῖν
14195	εἴσεσθαι
14196	οὐδ’
14197	ὑμῖν
14198	ἕξειν
14199	συμβουλεύειν
14200	.
14201	ἐφάνην
14202	τοίνυν
14203	οὗτος
14204	ἐν
14205	ἐκείνῃ
14206	τῇ
14207	ἡμέρᾳ
14208	ἐγὼ
14209	καὶ
14210	παρελθὼν
14211	εἶπον
14212	εἰς
14213	ὑμᾶς
14214	,
14215	ἅ
14216	μου
14217	δυοῖν
14218	εἵνεκ’
14219	ἀκούσατε
14220	προσσχόντες
14221	τὸν
14222	νοῦν
14223	,
14224	ἑνὸς
14225	μέν
14226	,
14227	ἵν’
14228	εἰδῆθ’
14229	ὅτι
14230	μόνος
14231	τῶν
14232	λεγόντων
14233	καὶ
14234	πολιτευομένων
14235	ἐγὼ
14236	τὴν
14237	τῆς
14238	εὐνοίας
14239	τάξιν
14240	ἐν
14241	τοῖς
14242	δεινοῖς
14243	οὐκ
14244	ἔλιπον
14245	,
14246	ἀλλὰ
14247	καὶ
14248	λέγων
14249	καὶ
14250	γράφων
14251	ἐξηταζόμην
14252	τὰ
14253	δέονθ’
14254	ὑπὲρ
14255	ὑμῶν
14256	ἐν
14257	αὐτοῖς
14258	τοῖς
14259	φοβεροῖς
14260	,
14261	ἑτέρου
14262	δέ
14263	,
14264	ὅτι
14265	μικρὸν
14266	ἀναλώσαντες
14267	χρόνον
14268	πολλῷ
14269	πρὸς
14270	τὰ
14271	λοιπὰ
14272	τῆς
14273	πάσης
14274	πολιτείας
14275	ἔσεσθ’
14276	ἐμπειρότεροι
14277	.
14278	εἶπον
14279	τοίνυν
14280	ὅτι
14281	τοὺς
14282	μὲν
14283	ὡς
14284	ὑπαρχόντων
14285	Θηβαίων
14286	Φιλίππῳ
14287	λίαν
14288	θορυβουμένους
14289	ἀγνοεῖν
14290	τὰ
14291	παρόντα
14292	πράγμαθ’
14293	ἡγοῦμαι
14294	·
14295	εὖ
14296	γὰρ
14297	οἶδ’
14298	ὅτι
14299	,
14300	εἰ
14301	τοῦθ’
14302	οὕτως
14303	ἐτύγχανεν
14304	ἔχον
14305	,
14306	οὐκ
14307	ἂν
14308	αὐτὸν
14309	ἠκούομεν
14310	ἐν
14311	Ἐλατείᾳ
14312	ὄντα
14313	,
14314	ἀλλ’
14315	ἐπὶ
14316	τοῖς
14317	ἡμετέροις
14318	ὁρίοις
14319	.
14320	ὅτι
14321	μέντοι
14322	ἵν’
14323	ἕτοιμα
14324	ποιήσηται
14325	τ
14326	ἀν
14327	Θήβαις
14328	ἥκει
14329	,
14330	σαφῶς
14331	ἐπίσταμαι
14332	.
14333	ὡς
14334	δ’
14335	ἔχε
14336	ἔφην
14337	ταῦτα
14338	,
14339	ἀκούσατέ
14340	μου
14341	.
14342	ἐκεῖνος
14343	ὅσους
14344	ἢ
14345	πεῖσαι
14346	χρήμασιν
14347	Θηβαίων
14348	ἢ
14349	ἐξαπατῆσαι
14350	ἐνῆν
14351	ἅπαντας
14352	ηὐτρέπισται
14353	·
14354	τοὺς
14355	δ’
14356	ἀπ’
14357	ἀρχῆς
14358	ἀνθεστηκότας
14359	αὐτῷ
14360	καὶ
14361	νῦν
14362	ἐναντιουμένους
14363	οὐδαμῶς
14364	πεῖσαι
14365	δύναται
14366	.
14367	τί
14368	οὖν
14369	βούλεται
14370	,
14371	καὶ
14372	τίνος
14373	εἵνεκα
14374	τὴν
14375	Ἐλάτειαν
14376	κατείληφεν
14377	;
14378	πλησίον
14379	δύναμιν
14380	δείξας
14381	καὶ
14382	παραστήσας
14383	τὰ
14384	ὅπλα
14385	τοὺς
14386	μὲν
14387	ἑαυτοῦ
14388	φίλους
14389	ἐπᾶραι
14390	καὶ
14391	θρασεῖς
14392	ποιῆσαι
14393	,
14394	τοὺς
14395	δ’
14396	ἐναντιουμένους
14397	καταπλῆξαι
14398	,
14399	ἵν’
14400	ἢ
14401	συγχωρήσωσι
14402	φοβηθέντες
14403	ἃ
14404	νῦν
14405	οὐκ
14406	ἐθέλουσιν
14407	,
14408	ἢ
14409	βιασθῶσιν
14410	.
14411	εἰ
14412	μὲν
14413	τοίνυν
14414	προαιρησόμεθ’
14415	ἡμεῖς
14416	ἔφην
14417	ἐν
14418	τῷ
14419	παρόντι
14420	,
14421	εἴ
14422	τι
14423	δύσκολον
14424	πέπρακται
14425	Θηβαίοις
14426	πρὸς
14427	ἡμᾶς
14428	,
14429	τούτου
14430	μεμνῆσθαι
14431	καὶ
14432	ἀπιστεῖν
14433	αὐτοῖς
14434	ὡς
14435	ἐν
14436	τῇ
14437	τῶν
14438	ἐχθρῶν
14439	οὖσιν
14440	μερίδι
14441	,
14442	πρῶτον
14443	μὲν
14444	ἃν
14445	εὔξαιτο
14446	Φίλιππος
14447	ποιήσομεν
14448	,
14449	εἶτα
14450	φοβοῦμαι
14451	μὴ
14452	προσδεξαμένων
14453	τῶν
14454	νῦν
14455	ἀνθεστηκότων
14456	αὐτῷ
14457	καὶ
14458	μιᾷ
14459	γνώμῃ
14460	πάντων
14461	φιλιππισάντων
14462	,
14463	εἰς
14464	τὴν
14465	Ἀττικὴν
14466	ἔλθωσιν
14467	ἀμφότεροι
14468	.
14469	ἂν
14470	μέντοι
14471	πεισθῆτ’
14472	ἐμοὶ
14473	καὶ
14474	πρὸς
14475	τῷ
14476	σκοπεῖν
14477	,
14478	ἀλλὰ
14479	μὴ
14480	φιλονικεῖν
14481	περὶ
14482	ὧν
14483	ἂν
14484	λέγω
14485	γένησθε
14486	,
14487	οἶμαι
14488	καὶ
14489	τὰ
14490	δέοντα
14491	λέγειν
14492	δόξειν
14493	καὶ
14494	τὸν
14495	ἐφεστηκότα
14496	κίνδυνον
14497	τῇ
14498	πόλει
14499	διαλύσειν
14500	.
14501	τί
14502	οὖν
14503	φημὶ
14504	δεῖν
14505	;
14506	πρῶτον
14507	μὲν
14508	τὸν
14509	παρόντ’
14510	ἐπανεῖναι
14511	φόβον
14512	,
14513	εἶτα
14514	μεταθέσθαι
14515	καὶ
14516	φοβεῖσθαι
14517	πάντας
14518	ὑπὲρ
14519	Θηβαίων
14520	·
14521	πολὺ
14522	γὰρ
14523	τῶν
14524	δεινῶν
14525	εἰσιν
14526	ἡμῶν
14527	ἐγγυτέρω
14528	,
14529	καὶ
14530	προτέροις
14531	αὐτοῖς
14532	ἐστιν
14533	ὁ
14534	κίνδυνος
14535	·
14536	ἔπειτ’
14537	ἐξελθόντας
14538	Ἐλευσῖνάδε
14539	τοὺς
14540	ἐν
14541	ἡλικίᾳ
14542	καὶ
14543	τοὺς
14544	ἱππέας
14545	δεῖξαι
14546	πᾶσιν
14547	ὑμᾶς
14548	αὐτοὺς
14549	ἐν
14550	τοῖς
14551	ὅπλοις
14552	ὄντας
14553	,
14554	ἵνα
14555	τοῖς
14556	ἐν
14557	Θήβαις
14558	φρονοῦσι
14559	τὰ
14560	ὑμέτερα
14561	ἐξ
14562	ἴσου
14563	γένηται
14564	τὸ
14565	παρρησιάζεσθαι
14566	περὶ
14567	τῶν
14568	δικαίων
14569	,
14570	ἰδοῦσιν
14571	ὅτι
14572	,
14573	ὥσπερ
14574	τοῖς
14575	πωλοῦσι
14576	Φιλίππῳ
14577	τὴν
14578	πατρίδα
14579	πάρεσθ’
14580	ἡ
14581	βοηθήσουσα
14582	δύναμις
14583	ἐν
14584	Ἐλατείᾳ
14585	,
14586	οὕτω
14587	τοῖς
14588	ὑπὲρ
14589	τῆς
14590	ἐλευθερίας
14591	ἀγωνίζεσθαι
14592	βουλομένοις
14593	ὑπάρχεθ’
14594	ὑμεῖς
14595	ἕτοιμοι
14596	καὶ
14597	βοηθήσετε
14598	,
14599	ἐάν
14600	τις
14601	ἐπ’
14602	αὐτοὺς
14603	ἴῃ
14604	.
14605	μετὰ
14606	ταῦτα
14607	χειροτονῆσαι
14608	κελεύω
14609	δέκα
14610	πρέσβεις
14611	,
14612	καὶ
14613	ποιῆσαι
14614	τούτους
14615	κυρίους
14616	μετὰ
14617	τῶν
14618	στρατηγῶν
14619	καὶ
14620	τοῦ
14621	πότε
14622	δεῖ
14623	βαδίζειν
14624	ἐκεῖσε
14625	καὶ
14626	τῆς
14627	ἐξόδου
14628	.
14629	ἐπειδὰν
14630	δ’
14631	ἔλθωσιν
14632	οἱ
14633	πρέσβεις
14634	εἰς
14635	Θήβας
14636	,
14637	πῶς
14638	χρήσασθαι
14639	τῷ
14640	πράγματι
14641	παραινῶ
14642	;
14643	τούτῳ
14644	πάνυ
14645	μοι
14646	προσέχετε
14647	τὸν
14648	νοῦν
14649	.
14650	μὴ
14651	δεῖσθαι
14652	Θηβαίων
14653	μηδέν
14654	(
14655	αἰσχρὸς
14656	γὰρ
14657	ὁ
14658	καιρός
14659	)
14660	,
14661	ἀλλ’
14662	ἐπαγγέλλεσθαι
14663	βοηθήσειν
14664	,
14665	ἂν
14666	κελεύωσιν
14667	,
14668	ὡς
14669	ἐκείνων
14670	ὄντων
14671	ἐν
14672	τοῖς
14673	ἐσχάτοις
14674	,
14675	ἡμῶν
14676	δ’
14677	ἄμεινον
14678	ἢ
14679	’κεῖνοι
14680	προορωμένων
14681	·
14682	ἵν’
14683	ἐὰν
14684	μὲν
14685	δέξωνται
14686	ταῦτα
14687	καὶ
14688	πεισθῶσιν
14689	ἡμῖν
14690	,
14691	καὶ
14692	ἃ
14693	βουλόμεθ’
14694	ὦμεν
14695	διῳκημένοι
14696	καὶ
14697	μετὰ
14698	προσχήματος
14699	ἀξίου
14700	τῆς
14701	πόλεως
14702	ταῦτα
14703	πράξωμεν
14704	,
14705	ἂν
14706	δ’
14707	ἄρα
14708	μὴ
14709	συμβῇ
14710	κατατυχεῖν
14711	,
14712	ἐκεῖνοι
14713	μὲν
14714	αὑτοῖς
14715	ἐγκαλῶσιν
14716	ἄν
14717	τι
14718	νῦν
14719	ἐξαμαρτάνωσιν
14720	,
14721	ἡμῖν
14722	δὲ
14723	μηδὲν
14724	αἰσχρὸν
14725	μη
14726	δὲ
14727	ταπεινὸν
14728	ᾖ
14729	πεπραγμένον
14730	.
14731	ταῦτα
14732	καὶ
14733	παραπλήσια
14734	τούτοις
14735	εἰπὼν
14736	κατέβην
14737	.
14738	συνεπαινεσάντων
14739	δὲ
14740	πάντων
14741	καὶ
14742	οὐδενὸς
14743	εἰπόντος
14744	ἐναντίον
14745	οὐδέν
14746	,
14747	οὐκ
14748	εἶπον
14749	μὲν
14750	ταῦτα
14751	,
14752	οὐκ
14753	ἔγραψα
14754	δέ
14755	,
14756	οὐδ’
14757	ἔγραψα
14758	μέν
14759	,
14760	οὐκ
14761	ἐπρέσβευσα
14762	δέ
14763	,
14764	οὐδ’
14765	ἐπρέσβευσα
14766	μέν
14767	,
14768	οὐκ
14769	ἔπεισα
14770	δὲ
14771	Θηβαίους
14772	,
14773	ἀλλ’
14774	ἀπὸ
14775	τῆς
14776	ἀρχῆς
14777	ἄχρι
14778	τῆς
14779	τελευτῆς
14780	διεξῆλθον
14781	,
14782	καὶ
14783	ἔδωκ’
14784	ἐμαυτὸν
14785	ὑμῖν
14786	ἁπλῶς
14787	εἰς
14788	τοὺς
14789	περιεστηκότας
14790	τῇ
14791	πόλει
14792	κινδύνους
14793	.
14794	καί
14795	μοι
14796	φέρε
14797	τὸ
14798	ψήφισμα
14799	τὸ
14800	τότε
14801	γενόμενον
14802	.
14803	καίτοι
14804	τίνα
14805	βούλει
14806	σέ
14807	,
14808	Αἰσχίνη
14809	,
14810	καὶ
14811	τίν’
14812	ἐμαυτὸν
14813	ἐκείνην
14814	τὴν
14815	ἡμέραν
14816	εἶναι
14817	θῶ
14818	;
14819	βούλει
14820	ἐμαυτὸν
14821	μέν
14822	,
14823	ὃν
14824	ἂν
14825	σὺ
14826	λοιδορούμενος
14827	καὶ
14828	διασύρων
14829	καλέσαις
14830	,
14831	Βάτταλον
14832	,
14833	σὲ
14834	δὲ
14835	μηδ’
14836	ἥρω
14837	τὸν
14838	τυχόντα
14839	,
14840	ἀλλὰ
14841	τούτων
14842	τινὰ
14843	τῶν
14844	ἀπὸ
14845	τῆς
14846	σκηνῆς
14847	,
14848	Κρεσφόντην
14849	ἢ
14850	Κρέοντα
14851	ἢ
14852	ὃν
14853	ἐν
14854	Κολλυτῷ
14855	ποτ’
14856	Οἰνόμαον
14857	κακῶς
14858	ἐπέτριψας
14859	;
14860	τότε
14861	τοίνυν
14862	κατ’
14863	ἐκεῖνον
14864	τὸν
14865	καιρὸν
14866	ὁ
14867	Παιανιεὺς
14868	ἐγὼ
14869	Βάτταλος
14870	Οἰνομάου
14871	τοῦ
14872	Κοθωκίδου
14873	σοῦ
14874	πλείονος
14875	ἄξιος
14876	ὢν
14877	ἐφάνην
14878	τῇ
14879	πατρίδι
14880	.
14881	σὺ
14882	μέν
14883	γ’
14884	οὐδὲν
14885	οὐδαμοῦ
14886	χρήσιμος
14887	ἦσθα
14888	·
14889	ἐγὼ
14890	δὲ
14891	πάνθ’
14892	ὅσα
14893	προσῆκε
14894	τὸν
14895	ἀγαθὸν
14896	πολίτην
14897	ἔπραττον
14898	.
14899	λέγε
14900	τὸ
14901	ψήφισμά
14902	μοι
14903	.
14904	ΨΗΦΙΣΜΑ
14905	ΔΗΜΟΣΘΕΝΟΥΣ
14906	.
14907	ἐπὶ
14908	ἄρχοντος
14909	Ναυσικλέους
14910	,
14911	φυλῆς
14912	πρυτανευούσης
14913	Αἰαντίδος
14914	,
14915	σκιροφοριῶνος
14916	ἕκτῃ
14917	ἐπὶ
14918	δέκα
14919	,
14920	Δημοσθένης
14921	Δημοσθένους
14922	Παιανιεὺς
14923	εἶπεν
14924	·
14925	ἐπειδὴ
14926	Φίλιππος
14927	ὁ
14928	Μακεδὼν
14929	ἔν
14930	τε
14931	τῷ
14932	παρεληλυθότι
14933	χρόνῳ
14934	παραβαίνων
14935	φαίνεται
14936	τὰς
14937	γεγενημένας
14938	αὐτῷ
14939	συνθήκας
14940	πρὸς
14941	τὸν
14942	Ἀθηναίων
14943	δῆμον
14944	περὶ
14945	τῆς
14946	εἰρήνης
14947	,
14948	ὑπεριδὼν
14949	τοὺς
14950	ὅρκους
14951	καὶ
14952	τὰ
14953	παρὰ
14954	πᾶσι
14955	τοῖς
14956	Ἕλλησι
14957	νομιζόμενα
14958	εἶναι
14959	δίκαια
14960	,
14961	καὶ
14962	πόλεις
14963	παραιρεῖται
14964	οὐδὲν
14965	αὐτῷ
14966	προσηκούσας
14967	,
14968	τινὰς
14969	δὲ
14970	καὶ
14971	Ἀθηναίων
14972	οὔσας
14973	δοριαλώτους
14974	πεποίηκεν
14975	οὐδὲν
14976	προαδικηθεὶς
14977	ὑπὸ
14978	τοῦ
14979	δήμου
14980	τοῦ
14981	Ἀθηναίων
14982	,
14983	ἔν
14984	τε
14985	τῷ
14986	παρόντι
14987	ἐπὶ
14988	πολὺ
14989	προάγει
14990	τῇ
14991	τε
14992	βίᾳ
14993	καὶ
14994	τῇ
14995	ὠμότητι
14996	·
14997	καὶ
14998	γὰρ
14999	Ἑλληνίδας
15000	πόλεις
15001	ἃς
15002	μὲν
15003	ἐμφρούρους
15004	ποιεῖ
15005	καὶ
15006	τὰς
15007	πολιτείας
15008	καταλύει
15009	,
15010	τινὰς
15011	δὲ
15012	καὶ
15013	ἐξανδραποδιζόμενος
15014	κατασκάπτει
15015	,
15016	εἰς
15017	ἐνίας
15018	δὲ
15019	καὶ
15020	ἀντὶ
15021	Ἑλλήνων
15022	βαρβάρους
15023	κατοικίζει
15024	ἐπὶ
15025	τὰ
15026	ἱερὰ
15027	καὶ
15028	τοὺς
15029	τάφους
15030	ἐπάγων
15031	,
15032	οὐδὲν
15033	ἀλλότριον
15034	ποιῶν
15035	οὔ
15036	τε
15037	τῆς
15038	ἑαυτοῦ
15039	πατρίδος
15040	οὔ
15041	τε
15042	τοῦ
15043	τρόπου
15044	,
15045	καὶ
15046	τῇ
15047	νῦν
15048	αὐτῷ
15049	παρούσῃ
15050	τύχῃ
15051	κατακόρως
15052	χρώμενος
15053	,
15054	ἐπιλελησμένος
15055	ἑαυτοῦ
15056	ὅτι
15057	ἐκ
15058	μικροῦ
15059	καὶ
15060	τοῦ
15061	τυχόντος
15062	γέγονεν
15063	ἀνελπίστως
15064	μέγας
15065	·
15066	καὶ
15067	ἕως
15068	μὲν
15069	πόλεις
15070	ἑώρα
15071	παραιρούμενον
15072	αὐτὸν
15073	βαρβάρους
15074	καὶ
15075	ἰδίας
15076	,
15077	ὑπελάμβανεν
15078	ἔλαττον
15079	εἶναι
15080	ὁ
15081	δῆμος
15082	ὁ
15083	Ἀθηναίων
15084	τὸ
15085	εἰς
15086	αὑτὸν
15087	πλημμελεῖσθαι
15088	·
15089	νῦν
15090	δὲ
15091	ὁρῶν
15092	Ἑλληνίδας
15093	πόλεις
15094	τὰς
15095	μὲν
15096	ὑβριζομένας
15097	,
15098	τὰς
15099	δὲ
15100	ἀναστάτους
15101	γιγνομένας
15102	,
15103	δεινὸν
15104	ἡγεῖται
15105	εἶναι
15106	καὶ
15107	ἀνάξιον
15108	τῆς
15109	τῶν
15110	προγόνων
15111	δόξης
15112	τὸ
15113	περιορᾶν
15114	τοὺς
15115	Ἕλληνας
15116	καταδουλουμένους
15117	·
15118	διὸ
15119	δεδόχθαι
15120	τῇ
15121	βουλῇ
15122	καὶ
15123	τῷ
15124	δήμῳ
15125	τῷ
15126	Ἀθηναίων
15127	,
15128	εὐξαμένους
15129	καὶ
15130	θύσαντας
15131	τοῖς
15132	θεοῖς
15133	καὶ
15134	ἥρωσι
15135	τοῖς
15136	κατέχουσι
15137	τὴν
15138	πόλιν
15139	καὶ
15140	τὴν
15141	χώραν
15142	τὴν
15143	Ἀθηναίων
15144	,
15145	καὶ
15146	ἐνθυμηθέντας
15147	τῆς
15148	τῶν
15149	προγόνων
15150	ἀρετῆς
15151	,
15152	διότι
15153	περὶ
15154	πλείονος
15155	ἐποιοῦντο
15156	τὴν
15157	τῶν
15158	Ἑλλήνων
15159	ἐλευθερίαν
15160	διατηρεῖν
15161	ἢ
15162	τὴν
15163	ἰδίαν
15164	πατρίδα
15165	,
15166	διακοσίας
15167	ναῦς
15168	καθέλκειν
15169	εἰς
15170	τὴν
15171	θάλατταν
15172	καὶ
15173	τὸν
15174	ναύαρχον
15175	ἀναπλεῖν
15176	ἐντὸς
15177	Πυλῶν
15178	,
15179	καὶ
15180	τὸν
15181	στρατηγὸν
15182	καὶ
15183	τὸν
15184	ἵππαρχον
15185	τὰς
15186	πεζὰς
15187	καὶ
15188	τὰς
15189	ἱππικὰς
15190	δυνάμεις
15191	Ἐλευσῖνάδε
15192	ἐξάγειν
15193	,
15194	πέμψαι
15195	δὲ
15196	καὶ
15197	πρέσβεις
15198	πρὸς
15199	τοὺς
15200	ἄλλους
15201	Ἕλληνας
15202	,
15203	πρῶτον
15204	δὲ
15205	πάντων
15206	πρὸς
15207	Θηβαίους
15208	διὰ
15209	τὸ
15210	ἐγγυτάτω
15211	εἶναι
15212	τὸν
15213	Φίλιππον
15214	τῆς
15215	ἐκείνων
15216	χώρας
15217	,
15218	παρακαλεῖν
15219	δὲ
15220	αὐτοὺς
15221	μηδὲν
15222	καταπλαγέντας
15223	τὸν
15224	Φίλιππον
15225	ἀντέχεσθαι
15226	τῆς
15227	ἑαυτῶν
15228	καὶ
15229	τῆς
15230	τῶν
15231	ἄλλων
15232	Ἑλλήνων
15233	ἐλευθερίας
15234	,
15235	καὶ
15236	ὅτι
15237	ὁ
15238	Ἀθηναίων
15239	δῆμος
15240	,
15241	οὐδὲν
15242	μνησικακῶν
15243	εἴ
15244	τι
15245	πρότερον
15246	γέγονεν
15247	ἀλλότριον
15248	ταῖς
15249	πόλεσι
15250	πρὸς
15251	ἀλλήλας
15252	,
15253	βοηθήσει
15254	καὶ
15255	δυνάμεσι
15256	καὶ
15257	χρήμασι
15258	καὶ
15259	βέλεσι
15260	καὶ
15261	ὅπλοις
15262	,
15263	εἰδὼς
15264	ὅτι
15265	αὐτοῖς
15266	μὲν
15267	πρὸς
15268	ἀλλήλους
15269	διαμφισβητεῖν
15270	περὶ
15271	τῆς
15272	ἡγεμονίας
15273	οὖσιν
15274	Ἕλλησι
15275	καλόν
15276	,
15277	ὑπὸ
15278	δὲ
15279	ἀλλοφύλου
15280	ἀνθρώπου
15281	ἄρχεσθαι
15282	καὶ
15283	τῆς
15284	ἡγεμονίας
15285	ἀποστερεῖσθαι
15286	ἀνάξιον
15287	εἶναι
15288	καὶ
15289	τῆς
15290	τῶν
15291	Ἑλλήνων
15292	δόξης
15293	καὶ
15294	τῆς
15295	τῶν
15296	προγόνων
15297	ἀρετῆς
15298	.
15299	ἔτι
15300	δὲ
15301	οὐ
15302	δὲ
15303	ἀλλότριον
15304	ἡγεῖται
15305	εἶναι
15306	ὁ
15307	Ἀθηναίων
15308	δῆμος
15309	τὸν
15310	Θηβαίων
15311	δῆμον
15312	οὔ
15313	τε
15314	τῇ
15315	συγγενείᾳ
15316	οὔ
15317	τε
15318	τῷ
15319	ὁμοφύλῳ
15320	.
15321	ἀναμιμνῄσκεται
15322	δὲ
15323	καὶ
15324	τὰς
15325	τῶν
15326	προγόνων
15327	τῶν
15328	ἑαυτοῦ
15329	εἰς
15330	τοὺς
15331	Θηβαίων
15332	προγόνους
15333	εὐεργεσίας
15334	·
15335	καὶ
15336	γὰρ
15337	τοὺς
15338	Ἡρακλέους
15339	παῖδας
15340	ἀποστερουμένους
15341	ὑπὸ
15342	Πελοποννησίων
15343	τῆς
15344	πατρῴας
15345	ἀρχῆς
15346	κατήγαγον
15347	,
15348	τοῖς
15349	ὅπλοις
15350	κρατήσαντες
15351	τοὺς
15352	ἀντιβαίνειν
15353	πειρωμένους
15354	τοῖς
15355	Ἡρακλέους
15356	ἐγγόνοις
15357	,
15358	καὶ
15359	τὸν
15360	Οἰδίπουν
15361	καὶ
15362	τοὺς
15363	μετ’
15364	ἐκείνου
15365	ἐκπεσόντας
15366	ὑπεδεξάμεθα
15367	,
15368	καὶ
15369	ἕτερα
15370	πολλὰ
15371	ἡμῖν
15372	ὑπάρχει
15373	φιλάνθρωπα
15374	καὶ
15375	ἔνδοξα
15376	πρὸς
15377	Θηβαίους
15378	·
15379	διόπερ
15380	οὐ
15381	δὲ
15382	νῦν
15383	ἀποστήσεται
15384	ὁ
15385	Ἀθηναίων
15386	δῆμος
15387	τῶν
15388	Θηβαίοις
15389	τε
15390	καὶ
15391	τοῖς
15392	ἄλλοις
15393	Ἕλλησι
15394	συμφερόντων
15395	.
15396	συνθέσθαι
15397	δὲ
15398	πρὸς
15399	αὐτοὺς
15400	συμμαχίαν
15401	καὶ
15402	ἐπιγαμίαν
15403	ποιήσασθαι
15404	καὶ
15405	ὅρκους
15406	δοῦναι
15407	καὶ
15408	λαβεῖν
15409	.
15410	πρέσβεις
15411	Δημοσθένης
15412	Δημοσθένους
15413	Παιανιεύς
15414	,
15415	Ὑπερείδης
15416	Κλεάνδρου
15417	Σφήττιος
15418	,
15419	Μνησιθείδης
15420	Ἀντιφάνους
15421	Φρεάρριος
15422	,
15423	Δημοκράτης
15424	Σωφίλου
15425	Φλυεύς
15426	,
15427	Κάλλαισχρος
15428	Διοτίμου
15429	Κοθωκίδης
15430	.
15431	αὕτη
15432	τῶν
15433	περὶ
15434	Θήβας
15435	ἐγίγνετο
15436	πραγμάτων
15437	ἀρχὴ
15438	καὶ
15439	κατάστασις
15440	πρώτη
15441	,
15442	τὰ
15443	πρὸ
15444	τούτων
15445	εἰς
15446	ἔχθραν
15447	καὶ
15448	μῖσος
15449	καὶ
15450	ἀπιστίαν
15451	τῶν
15452	πόλεων
15453	ὑπηγμένων
15454	ὑπὸ
15455	τούτων
15456	.
15457	τοῦτο
15458	τὸ
15459	ψήφισμα
15460	τὸν
15461	τότε
15462	τῇ
15463	πόλει
15464	περιστάντα
15465	κίνδυνον
15466	παρελθεῖν
15467	ἐποίησεν
15468	ὥσπερ
15469	νέφος
15470	.
15471	ἦν
15472	μὲν
15473	τοίνυν
15474	τοῦ
15475	δικαίου
15476	πολίτου
15477	τότε
15478	δεῖξαι
15479	πᾶσιν
15480	,
15481	εἴ
15482	τι
15483	τούτων
15484	εἶχεν
15485	ἄμεινον
15486	,
15487	μὴ
15488	νῦν
15489	ἐπιτιμᾶν
15490	.
15491	ὁ
15492	γὰρ
15493	σύμβουλος
15494	καὶ
15495	ὁ
15496	συκοφάντης
15497	,
15498	οὐ
15499	δὲ
15500	τῶν
15501	ἄλλων
15502	οὐδὲν
15503	ἐοικότες
15504	,
15505	ἐν
15506	τούτῳ
15507	πλεῖστον
15508	ἀλλήλων
15509	διαφέρουσιν
15510	·
15511	ὁ
15512	μέν
15513	γε
15514	πρὸ
15515	τῶν
15516	πραγμάτων
15517	γνώμην
15518	ἀποφαίνεται
15519	,
15520	καὶ
15521	δίδωσιν
15522	ἑαυτὸν
15523	ὑπεύθυνον
15524	τοῖς
15525	πεισθεῖσι
15526	,
15527	τῇ
15528	τύχῃ
15529	,
15530	τῷ
15531	καιρῷ
15532	,
15533	τῷ
15534	βουλομένῳ
15535	·
15536	ὁ
15537	δὲ
15538	σιγήσας
15539	ἡνίκ’
15540	ἔδει
15541	λέγειν
15542	,
15543	ἄν
15544	τι
15545	δύσκολον
15546	συμβῇ
15547	,
15548	τοῦτο
15549	βασκαίνει
15550	.
15551	ἦν
15552	μὲν
15553	οὖν
15554	,
15555	ὅπερ
15556	εἶπον
15557	,
15558	ἐκεῖνος
15559	ὁ
15560	καιρὸς
15561	τοῦ
15562	γε
15563	φροντίζοντος
15564	ἀνδρὸς
15565	τῆς
15566	πόλεως
15567	καὶ
15568	τῶν
15569	δικαίων
15570	λόγων
15571	·
15572	ἐγὼ
15573	δὲ
15574	τοσαύτην
15575	ὑπερβολὴν
15576	ποιοῦμαι
15577	ὥστε
15578	,
15579	ἂν
15580	νῦν
15581	ἔχῃ
15582	τις
15583	δεῖξαί
15584	τι
15585	βέλτιον
15586	,
15587	ἢ
15588	ὅλως
15589	εἴ
15590	τι
15591	ἄλλ’
15592	ἐνῆν
15593	πλὴν
15594	ὧν
15595	ἐγὼ
15596	προειλόμην
15597	,
15598	ἀδικεῖν
15599	ὁμολογῶ
15600	.
15601	εἰ
15602	γὰρ
15603	ἔσθ’
15604	ὅ
15605	τι
15606	τις
15607	νῦν
15608	ἑόρακεν
15609	,
15610	ὃ
15611	συνήνεγκεν
15612	ἂν
15613	τότε
15614	πραχθέν
15615	,
15616	τοῦτ’
15617	ἐγώ
15618	φημι
15619	δεῖν
15620	ἐμὲ
15621	μὴ
15622	λαθεῖν
15623	.
15624	εἰ
15625	δὲ
15626	μήτ’
15627	ἔστι
15628	μήτ’
15629	ἦν
15630	μήτ’
15631	ἂν
15632	εἰπεῖν
15633	ἔχοι
15634	μηδεὶς
15635	μηδέπω
15636	καὶ
15637	τήμερον
15638	,
15639	τί
15640	τὸν
15641	σύμβουλον
15642	ἐχρῆν
15643	ποιεῖν
15644	;
15645	οὐ
15646	τῶν
15647	φαινομένων
15648	καὶ
15649	ἐνόντων
15650	τὰ
15651	κράτισθ’
15652	ἑλέσθαι
15653	;
15654	τοῦτο
15655	τοίνυν
15656	ἐποίησα
15657	,
15658	τοῦ
15659	κήρυκος
15660	ἐρωτῶντος
15661	,
15662	Αἰσχίνη
15663	,
15664	τίς
15665	ἀγορεύειν
15666	βούλεται
15667	,
15668	οὐ
15669	τίς
15670	αἰτιᾶσθαι
15671	περὶ
15672	τῶν
15673	παρεληλυθότων
15674	,
15675	οὐ
15676	δὲ
15677	τίς
15678	ἐγγυᾶσθαι
15679	τὰ
15680	μέλλοντ’
15681	ἔσεσθαι
15682	;
15683	σοῦ
15684	δ’
15685	ἀφώνου
15686	κατ’
15687	ἐκείνους
15688	τοὺς
15689	χρόνους
15690	ἐν
15691	ταῖς
15692	ἐκκλησίαις
15693	καθημένου
15694	,
15695	ἐγὼ
15696	παριὼν
15697	ἔλεγον
15698	.
15699	ἐπειδὴ
15700	δ’
15701	οὐ
15702	τότε
15703	,
15704	ἀλλὰ
15705	νῦν
15706	δεῖξον
15707	.
15708	εἰπὲ
15709	τίς
15710	ἢ
15711	λόγος
15712	,
15713	ὅντιν’
15714	ἐχρῆν
15715	εὐπορεῖν
15716	,
15717	ἢ
15718	καιρὸς
15719	συμφέρων
15720	ὑπ’
15721	ἐμοῦ
15722	παρελείφθη
15723	τῇ
15724	πόλει
15725	;
15726	τίς
15727	δὲ
15728	συμμαχία
15729	,
15730	τίς
15731	πρᾶξις
15732	,
15733	ἐφ’
15734	ἣν
15735	μᾶλλον
15736	ἔδει
15737	μ’
15738	ἀγαγεῖν
15739	τουτουσί
15740	;
15741	ἀλλὰ
15742	μὴν
15743	τὸ
15744	μὲν
15745	παρεληλυθὸς
15746	ἀεὶ
15747	παρὰ
15748	πᾶσιν
15749	ἀφεῖται
15750	,
15751	καὶ
15752	οὐδεὶς
15753	περὶ
15754	τούτου
15755	προτίθησιν
15756	οὐδαμοῦ
15757	βουλήν
15758	·
15759	τὸ
15760	δὲ
15761	μέλλον
15762	ἢ
15763	τὸ
15764	παρὸν
15765	τὴν
15766	τοῦ
15767	συμβούλου
15768	τάξιν
15769	ἀπαιτεῖ
15770	.
15771	τότε
15772	τοίνυν
15773	τὰ
15774	μὲν
15775	ἔμελλεν
15776	,
15777	ὡς
15778	ἐδόκει
15779	,
15780	τῶν
15781	δεινῶν
15782	,
15783	τὰ
15784	δ’
15785	ἤδη
15786	παρῆν
15787	,
15788	ἐν
15789	οἷς
15790	τὴν
15791	προαίρεσίν
15792	μου
15793	σκόπει
15794	τῆς
15795	πολιτείας
15796	,
15797	μὴ
15798	τὰ
15799	συμβάντα
15800	συκοφάντει
15801	.
15802	τὸ
15803	μὲν
15804	γὰρ
15805	πέρας
15806	ὡς
15807	ἂν
15808	ὁ
15809	δαίμων
15810	βουληθῇ
15811	πάντων
15812	γίγνεται
15813	·
15814	ἡ
15815	δὲ
15816	προαίρεσις
15817	αὐτὴ
15818	τὴν
15819	τοῦ
15820	συμβούλου
15821	διάνοιαν
15822	δηλοῖ
15823	.
15824	μὴ
15825	δὴ
15826	τοῦθ’
15827	ὡς
15828	ἀδίκημ’
15829	ἐμὸν
15830	θῇς
15831	,
15832	εἰ
15833	κρατῆσαι
15834	συνέβη
15835	Φιλίππῳ
15836	τῇ
15837	μάχῃ
15838	·
15839	ἐν
15840	γὰρ
15841	τῷ
15842	θεῷ
15843	τὸ
15844	τούτου
15845	τέλος
15846	ἦν
15847	,
15848	οὐκ
15849	ἐμοί
15850	.
15851	ἀλλ’
15852	ὡς
15853	οὐχ
15854	ἅπανθ’
15855	ὅσ’
15856	ἐνῆν
15857	κατ’
15858	ἀνθρώπινον
15859	λογισμὸν
15860	εἱλόμην
15861	,
15862	καὶ
15863	δικαίως
15864	ταῦτα
15865	καὶ
15866	ἐπιμελῶς
15867	ἔπραξα
15868	καὶ
15869	φιλοπόνως
15870	ὑπὲρ
15871	δύναμιν
15872	,
15873	ἢ
15874	ὡς
15875	οὐ
15876	καλὰ
15877	καὶ
15878	τῆς
15879	πόλεως
15880	ἄξια
15881	πράγματ’
15882	ἐνεστησάμην
15883	καὶ
15884	ἀναγκαῖα
15885	,
15886	ταῦτά
15887	μοι
15888	δεῖξον
15889	,
15890	καὶ
15891	τότ’
15892	ἤδη
15893	κατηγόρει
15894	μου
15895	.
15896	εἰ
15897	δ’
15898	ὁ
15899	συμβὰς
15900	σκηπτὸς
15901	μὴ
15902	μόνον
15903	ἡμῶν
15904	ἀλλὰ
15905	καὶ
15906	πάντων
15907	τῶν
15908	ἄλλων
15909	Ἑλλήνων
15910	μείζων
15911	γέγονε
15912	,
15913	τί
15914	χρὴ
15915	ποιεῖν
15916	;
15917	ὥσπερ
15918	ἂν
15919	εἴ
15920	τις
15921	ναύκληρον
15922	πάντ’
15923	ἐπὶ
15924	σωτηρίᾳ
15925	πράξαντα
15926	καὶ
15927	κατασκευάσαντα
15928	τὸ
15929	πλοῖον
15930	ἀφ’
15931	ὧν
15932	ὑπελάμβανε
15933	σωθήσεσθαι
15934	,
15935	εἶτα
15936	χειμῶνι
15937	χρησάμενον
15938	καὶ
15939	πονησάντων
15940	αὐτῷ
15941	τῶν
15942	σκευῶν
15943	ἢ
15944	καὶ
15945	συντριβέντων
15946	ὅλως
15947	,
15948	τῆς
15949	ναυαγίας
15950	αἰτιῷτο
15951	.
15952	ἀλλ’
15953	οὔτ’
15954	ἐκυβέρνων
15955	τὴν
15956	ναῦν
15957	,
15958	φήσειεν
15959	ἄν
15960	(
15961	ὥσπερ
15962	οὐδ’
15963	ἐστρατήγουν
15964	ἐγώ
15965	)
15966	,
15967	οὔ
15968	τε
15969	τῆς
15970	τύχης
15971	κύριος
15972	ἦν
15973	,
15974	ἀλλ’
15975	ἐκείνη
15976	τῶν
15977	πάντων
15978	.
15979	ἀλλ’
15980	ἐκεῖνο
15981	λογίζου
15982	καὶ
15983	ὅρα
15984	·
15985	εἰ
15986	μετὰ
15987	Θηβαίων
15988	ἡμῖν
15989	ἀγωνιζομένοις
15990	οὕτως
15991	εἵμαρτο
15992	πρᾶξαι
15993	,
15994	τί
15995	χρῆν
15996	προσδοκᾶν
15997	εἰ
15998	μη
15999	δὲ
16000	τούτους
16001	ἔσχομεν
16002	συμμάχους
16003	ἀλλὰ
16004	Φιλίππῳ
16005	προσέθεντο
16006	,
16007	ὑπὲρ
16008	οὗ
16009	τότ’
16010	ἐκεῖνος
16011	πάσας
16012	ἀφῆκε
16013	φωνάς
16014	;
16015	καὶ
16016	εἰ
16017	νῦν
16018	τριῶν
16019	ἡμερῶν
16020	ἀπὸ
16021	τῆς
16022	Ἀττικῆς
16023	ὁδὸν
16024	τῆς
16025	μάχης
16026	γενομένης
16027	τοσοῦτος
16028	κίνδυνος
16029	καὶ
16030	φόβος
16031	περιέστη
16032	τὴν
16033	πόλιν
16034	,
16035	τί
16036	ἄν
16037	,
16038	εἴ
16039	που
16040	τῆς
16041	χώρας
16042	τ
16043	αὐτὸ
16044	τοῦτο
16045	πάθος
16046	συνέβη
16047	,
16048	προσδοκῆσαι
16049	χρῆν
16050	;
16051	ἆρ’
16052	οἶσθ’
16053	ὅτι
16054	νῦν
16055	μὲν
16056	στῆναι
16057	,
16058	συνελθεῖν
16059	,
16060	ἀναπνεῦσαι
16061	,
16062	πολλὰ
16063	μί’
16064	ἡμέρα
16065	καὶ
16066	δύο
16067	καὶ
16068	τρεῖς
16069	ἔδοσαν
16070	τῶν
16071	εἰς
16072	σωτηρίαν
16073	τῇ
16074	πόλει
16075	,
16076	τότε
16077	δ’—οὐκ
16078	ἄξιον
16079	εἰπεῖν
16080	,
16081	ἅ
16082	γε
16083	μη
16084	δὲ
16085	πεῖραν
16086	ἔδωκε
16087	θεῶν
16088	τινὸς
16089	εὐνοίᾳ
16090	καὶ
16091	τῷ
16092	προβαλέσθαι
16093	τὴν
16094	πόλιν
16095	ταύτην
16096	τὴν
16097	συμμαχίαν
16098	,
16099	ἧς
16100	σὺ
16101	κατηγορεῖς
16102	.
16103	ἔστι
16104	δὲ
16105	ταυτὶ
16106	πάντα
16107	μοι
16108	,
16109	τὰ
16110	πολλά
16111	,
16112	πρὸς
16113	ὑμᾶς
16114	,
16115	ἄνδρες
16116	δικασταί
16117	,
16118	καὶ
16119	τοὺς
16120	περιεστηκότας
16121	ἔξωθεν
16122	καὶ
16123	ἀκροωμένους
16124	,
16125	ἐπεὶ
16126	πρός
16127	γε
16128	τοῦτον
16129	τὸν
16130	κατάπτυστον
16131	βραχὺς
16132	καὶ
16133	σαφὴς
16134	ἐξήρκει
16135	λόγος
16136	.
16137	εἰ
16138	μὲν
16139	γὰρ
16140	ἦν
16141	σοὶ
16142	πρόδηλα
16143	τὰ
16144	μέλλοντ’
16145	,
16146	Αἰσχίνη
16147	,
16148	μόνῳ
16149	τῶν
16150	ἄλλων
16151	,
16152	ὅτ’
16153	ἐβουλεύεθ’
16154	ἡ
16155	πόλις
16156	περὶ
16157	τούτων
16158	,
16159	τότ’
16160	ἔδει
16161	προλέγειν
16162	·
16163	εἰ
16164	δὲ
16165	μὴ
16166	προῄδεις
16167	,
16168	τῆς
16169	αὐτῆς
16170	ἀγνοίας
16171	ὑπεύθυνος
16172	εἶ
16173	τοῖς
16174	ἄλλοις
16175	,
16176	ὥστε
16177	τί
16178	μᾶλλον
16179	ἐμοῦ
16180	σὺ
16181	ταῦτα
16182	κατηγορεῖς
16183	ἢ
16184	ἐγὼ
16185	σοῦ
16186	;
16187	τοσοῦτον
16188	γὰρ
16189	ἀμείνων
16190	ἐγὼ
16191	σοῦ
16192	πολίτης
16193	γέγον’
16194	εἰς
16195	αὐτὰ
16196	ταῦθ’
16197	ἃ
16198	λέγω
16199	(
16200	καὶ
16201	οὔπω
16202	περὶ
16203	τῶν
16204	ἄλλων
16205	διαλέγομαι
16206	)
16207	,
16208	ὅσον
16209	ἐγὼ
16210	μὲν
16211	ἔδωκ’
16212	ἐμαυτὸν
16213	εἰς
16214	τὰ
16215	πᾶσι
16216	δοκοῦντα
16217	συμφέρειν
16218	,
16219	οὐδένα
16220	κίνδυνον
16221	ὀκνήσας
16222	ἴδιον
16223	οὐδ’
16224	ὑπολογισάμενος
16225	,
16226	σὺ
16227	δ’
16228	οὔθ’
16229	ἕτερ’
16230	εἶπες
16231	βελτίω
16232	τούτων
16233	(
16234	οὐ
16235	γὰρ
16236	ἂν
16237	τούτοις
16238	ἐχρῶντο
16239	)
16240	,
16241	οὔτ’
16242	εἰς
16243	ταῦτα
16244	χρήσιμον
16245	οὐδὲν
16246	σαυτὸν
16247	παρέσχες
16248	,
16249	ὅπερ
16250	δ’
16251	ἂν
16252	ὁ
16253	φαυλότατος
16254	καὶ
16255	δυσμενέστατος
16256	ἄνθρωπος
16257	τῇ
16258	πόλει
16259	,
16260	τοῦτο
16261	πεποιηκὼς
16262	ἐπὶ
16263	τοῖς
16264	συμβᾶσιν
16265	ἐξήτασαι
16266	,
16267	καὶ
16268	ἅμ’
16269	Ἀρίστρατος
16270	ἐν
16271	Νάξῳ
16272	καὶ
16273	Ἀριστόλεως
16274	ἐν
16275	Θάσῳ
16276	,
16277	οἱ
16278	καθάπαξ
16279	ἐχθροὶ
16280	τῆς
16281	πόλεως
16282	,
16283	τοὺς
16284	Ἀθηναίων
16285	κρίνουσι
16286	φίλους
16287	καὶ
16288	Ἀθήνησιν
16289	Αἰσχίνης
16290	Δημοσθένους
16291	κατηγορεῖ
16292	.
16293	καίτοι
16294	ὅτῳ
16295	τὰ
16296	τῶν
16297	Ἑλλήνων
16298	ἀτυχήματ’
16299	ἐνευδοκιμεῖν
16300	ἀπέκειτο
16301	,
16302	ἀπολωλέναι
16303	μᾶλλον
16304	οὗτός
16305	ἐστι
16306	δίκαιος
16307	ἢ
16308	κατηγορεῖν
16309	ἑτέρου
16310	·
16311	καὶ
16312	ὅτῳ
16313	συνενηνόχασιν
16314	οἱ
16315	αὐτοὶ
16316	καιροὶ
16317	καὶ
16318	τοῖς
16319	τῆς
16320	πόλεως
16321	ἐχθροῖς
16322	,
16323	οὐκ
16324	ἔνι
16325	τοῦτον
16326	εὔνουν
16327	εἶναι
16328	τῇ
16329	πατρίδι
16330	.
16331	δηλοῖς
16332	δὲ
16333	καὶ
16334	ἐξ
16335	ὧν
16336	ζῇς
16337	καὶ
16338	ποιεῖς
16339	καὶ
16340	πολιτεύει
16341	καὶ
16342	πάλιν
16343	οὐ
16344	πολιτεύει
16345	.
16346	πράττεταί
16347	τι
16348	τῶν
16349	ὑμῖν
16350	δοκούντων
16351	συμφέρειν
16352	·
16353	ἄφωνος
16354	Αἰσχίνης
16355	.
16356	ἀντέκρουσέ
16357	τι
16358	καὶ
16359	γέγον’
16360	οἷον
16361	οὐκ
16362	ἔδει
16363	·
16364	πάρεστιν
16365	Αἰσχίνης
16366	.
16367	ὥσπερ
16368	τὰ
16369	ῥήγματα
16370	καὶ
16371	τὰ
16372	σπάσματα
16373	,
16374	ὅταν
16375	τι
16376	κακὸν
16377	τὸ
16378	σῶμα
16379	λάβῃ
16380	,
16381	τότε
16382	κινεῖται
16383	.
16384	ἐπειδὴ
16385	δὲ
16386	πολὺς
16387	τοῖς
16388	συμβεβηκόσιν
16389	ἔγκειται
16390	,
16391	βούλομαί
16392	τι
16393	καὶ
16394	παράδοξον
16395	εἰπεῖν
16396	.
16397	καί
16398	μου
16399	πρὸς
16400	Διὸς
16401	καὶ
16402	θεῶν
16403	μηδεὶς
16404	τὴν
16405	ὑπερβολὴν
16406	θαυμάσῃ
16407	,
16408	ἀλλὰ
16409	μετ’
16410	εὐνοίας
16411	ὃ
16412	λέγω
16413	θεωρησάτω
16414	.
16415	εἰ
16416	γὰρ
16417	ἦν
16418	ἅπασι
16419	πρόδηλα
16420	τὰ
16421	μέλλοντα
16422	γενήσεσθαι
16423	καὶ
16424	προῄδεσαν
16425	πάντες
16426	καὶ
16427	σὺ
16428	προὔλεγες
16429	,
16430	Αἰσχίνη
16431	,
16432	καὶ
16433	διεμαρτύρου
16434	βοῶν
16435	καὶ
16436	κεκραγώς
16437	,
16438	ὃς
16439	οὐδ’
16440	ἐφθέγξω
16441	,
16442	οὐδ’
16443	οὕτως
16444	ἀποστατέον
16445	τῇ
16446	πόλει
16447	τούτων
16448	ἦν
16449	,
16450	εἴπερ
16451	ἢ
16452	δόξης
16453	ἢ
16454	προγόνων
16455	ἢ
16456	τοῦ
16457	μέλλοντος
16458	αἰῶνος
16459	εἶχε
16460	λόγον
16461	.
16462	νῦν
16463	μέν
16464	γ’
16465	ἀποτυχεῖν
16466	δοκεῖ
16467	τῶν
16468	πραγμάτων
16469	,
16470	ὃ
16471	πᾶσι
16472	κοινόν
16473	ἐστιν
16474	ἀνθρώποις
16475	ὅταν
16476	τῷ
16477	θεῷ
16478	ταῦτα
16479	δοκῇ
16480	·
16481	τότε
16482	δ’
16483	ἀξιοῦσα
16484	προεστάναι
16485	τῶν
16486	ἄλλων
16487	,
16488	εἶτ’
16489	ἀποστᾶσα
16490	τούτου
16491	Φιλίππῳ
16492	,
16493	προδεδωκέναι
16494	πάντας
16495	ἂν
16496	ἔσχεν
16497	αἰτίαν
16498	.
16499	εἰ
16500	γὰρ
16501	ταῦτα
16502	προεῖτ’
16503	ἀκονιτεί
16504	,
16505	περὶ
16506	ὧν
16507	οὐδένα
16508	κίνδυνον
16509	ὅντιν’
16510	οὐχ
16511	ὑπέμειναν
16512	οἱ
16513	πρόγονοι
16514	,
16515	τίς
16516	οὐχὶ
16517	κατέπτυσεν
16518	ἂν
16519	σοῦ
16520	;
16521	μὴ
16522	γὰρ
16523	τῆς
16524	πόλεώς
16525	γε
16526	,
16527	μηδ’
16528	ἐμοῦ
16529	.
16530	τίσι
16531	δ’
16532	ὀφθαλμοῖς
16533	πρὸς
16534	Διὸς
16535	ἑωρῶμεν
16536	ἂν
16537	τοὺς
16538	εἰς
16539	τὴν
16540	πόλιν
16541	ἀνθρώπους
16542	ἀφικνουμένους
16543	,
16544	εἰ
16545	τὰ
16546	μὲν
16547	πράγματ’
16548	εἰς
16549	ὅπερ
16550	νυνὶ
16551	περιέστη
16552	,
16553	ἡγεμὼν
16554	δὲ
16555	καὶ
16556	κύριος
16557	ᾑρέθη
16558	Φίλιππος
16559	ἁπάντων
16560	,
16561	τὸν
16562	δ’
16563	ὑπὲρ
16564	τοῦ
16565	μὴ
16566	γενέσθαι
16567	ταῦτ’
16568	ἀγῶνα
16569	ἕτεροι
16570	χωρὶς
16571	ἡμῶν
16572	ἦσαν
16573	πεποιημένοι
16574	,
16575	καὶ
16576	ταῦτα
16577	μηδεπώποτε
16578	τῆς
16579	πόλεως
16580	ἐν
16581	τοῖς
16582	ἔμπροσθεν
16583	χρόνοις
16584	ἀσφάλειαν
16585	ἄδοξον
16586	μᾶλλον
16587	ἢ
16588	τὸν
16589	ὑπὲρ
16590	τῶν
16591	καλῶν
16592	κίνδυνον
16593	ᾑρημένης
16594	.
16595	τίς
16596	γὰρ
16597	οὐκ
16598	οἶδεν
16599	Ἑλλήνων
16600	,
16601	τίς
16602	δὲ
16603	βαρβάρων
16604	,
16605	ὅτι
16606	καὶ
16607	παρὰ
16608	Θηβαίων
16609	καὶ
16610	παρὰ
16611	τῶν
16612	ἔτι
16613	τούτων
16614	πρότερον
16615	ἰσχυρῶν
16616	γενομένων
16617	Λακεδαιμονίων
16618	καὶ
16619	παρὰ
16620	τοῦ
16621	Περσῶν
16622	βασιλέως
16623	μετὰ
16624	πολλῆς
16625	χάριτος
16626	τοῦτ’
16627	ἂν
16628	ἀσμένως
16629	ἐδόθη
16630	τῇ
16631	πόλει
16632	,
16633	ὅ
16634	τι
16635	βούλεται
16636	λαβούσῃ
16637	καὶ
16638	τὰ
16639	ἑαυτῆς
16640	ἐχούσῃ
16641	τὸ
16642	κελευόμενον
16643	ποιεῖν
16644	καὶ
16645	ἐᾶν
16646	ἕτερον
16647	τῶν
16648	Ἑλλήνων
16649	προεστάναι
16650	;
16651	ἀλλ’
16652	οὐκ
16653	ἦν
16654	ταῦθ’
16655	,
16656	ὡς
16657	ἔοικε
16658	,
16659	τοῖς
16660	Ἀθηναίοις
16661	πάτρια
16662	οὐδ’
16663	ἀνεκτὰ
16664	οὐδ’
16665	ἔμφυτα
16666	,
16667	οὐδ’
16668	ἐδυνήθη
16669	πώποτε
16670	τὴν
16671	πόλιν
16672	οὐδεὶς
16673	ἐκ
16674	παντὸς
16675	τοῦ
16676	χρόνου
16677	πεῖσαι
16678	τοῖς
16679	ἰσχύουσι
16680	μέν
16681	,
16682	μὴ
16683	δίκαια
16684	δὲ
16685	πράττουσι
16686	προσθεμένην
16687	ἀσφαλῶς
16688	δουλεύειν
16689	,
16690	ἀλλ’
16691	ἀγωνιζομένη
16692	περὶ
16693	πρωτείων
16694	καὶ
16695	τιμῆς
16696	καὶ
16697	δόξης
16698	κινδυνεύουσα
16699	πάντα
16700	τὸν
16701	αἰῶνα
16702	διατετέλεκε
16703	.
16704	καὶ
16705	ταῦθ’
16706	οὕτω
16707	σεμνὰ
16708	καὶ
16709	προσήκοντα
16710	τοῖς
16711	ὑμετέροις
16712	ἤθεσιν
16713	ὑμεῖς
16714	ὑπολαμβάνετ’
16715	εἶναι
16716	ὥστε
16717	καὶ
16718	τῶν
16719	προγόνων
16720	τοὺς
16721	ταῦτα
16722	πράξαντας
16723	μάλιστ’
16724	ἐπαινεῖτε
16725	.
16726	εἰκότως
16727	·
16728	τίς
16729	γὰρ
16730	οὐκ
16731	ἂν
16732	ἀγάσαιτο
16733	τῶν
16734	ἀνδρῶν
16735	ἐκείνων
16736	τῆς
16737	ἀρετῆς
16738	,
16739	οἳ
16740	καὶ
16741	τὴν
16742	χώραν
16743	καὶ
16744	τὴν
16745	πόλιν
16746	ἐκλιπεῖν
16747	ὑπέμειναν
16748	εἰς
16749	τὰς
16750	τριήρεις
16751	ἐμβάντες
16752	ὑπὲρ
16753	τοῦ
16754	μὴ
16755	τὸ
16756	κελευόμενον
16757	ποιῆσαι
16758	,
16759	τὸν
16760	μὲν
16761	ταῦτα
16762	συμβουλεύσαντα
16763	Θεμιστοκλέα
16764	στρατηγὸν
16765	ἑλόμενοι
16766	,
16767	τὸν
16768	δ’
16769	ὑπακούειν
16770	ἀποφηνάμενον
16771	τοῖς
16772	ἐπιταττομένοις
16773	Κυρσίλον
16774	καταλιθώσαντες
16775	,
16776	οὐ
16777	μόνον
16778	αὐτόν
16779	,
16780	ἀλλὰ
16781	καὶ
16782	αἱ
16783	γυναῖκες
16784	αἱ
16785	ὑμέτεραι
16786	τὴν
16787	γυναῖκ’
16788	αὐτοῦ
16789	.
16790	οὐ
16791	γὰρ
16792	ἐζήτουν
16793	οἱ
16794	τότ’
16795	Ἀθηναῖοι
16796	οὔ
16797	τε
16798	ῥήτορ’
16799	οὔ
16800	τε
16801	στρατηγὸν
16802	δι’
16803	ὅτου
16804	δουλεύσουσιν
16805	εὐτυχῶς
16806	,
16807	ἀλλ’
16808	οὐ
16809	δὲ
16810	ζῆν
16811	ἠξίουν
16812	,
16813	εἰ
16814	μὴ
16815	μετ’
16816	ἐλευθερίας
16817	ἐξέσται
16818	τοῦτο
16819	ποιεῖν
16820	.
16821	ἡγεῖτο
16822	γὰρ
16823	αὐτῶν
16824	ἕκαστος
16825	οὐχὶ
16826	τῷ
16827	πατρὶ
16828	καὶ
16829	τῇ
16830	μητρὶ
16831	μόνον
16832	γεγενῆσθαι
16833	,
16834	ἀλλὰ
16835	καὶ
16836	τῇ
16837	πατρίδι
16838	.
16839	διαφέρει
16840	δὲ
16841	τί
16842	;
16843	ὅτι
16844	ὁ
16845	μὲν
16846	τοῖς
16847	γονεῦσι
16848	μόνον
16849	γεγενῆσθαι
16850	νομίζων
16851	τὸν
16852	τῆς
16853	εἱμαρμένης
16854	καὶ
16855	τὸν
16856	αὐτόματον
16857	θάνατον
16858	περιμένει
16859	,
16860	ὁ
16861	δὲ
16862	καὶ
16863	τῇ
16864	πατρίδι
16865	,
16866	ὑπὲρ
16867	τοῦ
16868	μὴ
16869	ταύτην
16870	ἐπιδεῖν
16871	δουλεύουσαν
16872	ἀποθνῄσκειν
16873	ἐθελήσει
16874	,
16875	καὶ
16876	φοβερωτέρας
16877	ἡγήσεται
16878	τὰς
16879	ὕβρεις
16880	καὶ
16881	τὰς
16882	ἀτιμίας
16883	,
16884	ἃς
16885	ἐν
16886	δουλευούσῃ
16887	τῇ
16888	πόλει
16889	φέρειν
16890	ἀνάγκη
16891	,
16892	τοῦ
16893	θανάτου
16894	.
16895	εἰ
16896	μὲν
16897	τοίνυν
16898	τοῦτ’
16899	ἐπεχείρουν
16900	λέγειν
16901	,
16902	ὡς
16903	ἐγὼ
16904	προήγαγον
16905	ὑμᾶς
16906	ἄξια
16907	τῶν
16908	προγόνων
16909	φρονεῖν
16910	,
16911	οὐκ
16912	ἔσθ’
16913	ὅστις
16914	οὐκ
16915	ἂν
16916	εἰκότως
16917	ἐπιτιμήσειέ
16918	μοι
16919	.
16920	νῦν
16921	δ’
16922	ἐγὼ
16923	μὲν
16924	ὑμετέρας
16925	τὰς
16926	τοιαύτας
16927	προαιρέσεις
16928	ἀποφαίνω
16929	,
16930	καὶ
16931	δείκνυμ’
16932	ὅτι
16933	καὶ
16934	πρὸ
16935	ἐμοῦ
16936	τοῦτ’
16937	εἶχεν
16938	τὸ
16939	φρόνημ’
16940	ἡ
16941	πόλις
16942	,
16943	τῆς
16944	μέντοι
16945	διακονίας
16946	τῆς
16947	ἐφ’
16948	ἑκάστοις
16949	τῶν
16950	πεπραγμένων
16951	καὶ
16952	ἐμαυτῷ
16953	μετεῖναί
16954	φημι
16955	·
16956	οὗτος
16957	δὲ
16958	τῶν
16959	ὅλων
16960	κατηγορῶν
16961	καὶ
16962	κελεύων
16963	ὑμᾶς
16964	ἐμοὶ
16965	πικρῶς
16966	ἔχειν
16967	ὡς
16968	φόβων
16969	καὶ
16970	κινδύνων
16971	αἰτίῳ
16972	τῇ
16973	πόλει
16974	,
16975	τῆς
16976	μὲν
16977	εἰς
16978	τὸ
16979	παρὸν
16980	τιμῆς
16981	ἔμ’
16982	ἀποστερῆσαι
16983	γλίχεται
16984	,
16985	τὰ
16986	δ’
16987	εἰς
16988	ἅπαντα
16989	τὸν
16990	λοιπὸν
16991	χρόνον
16992	ἐγκώμι’
16993	ὑμῶν
16994	ἀφαιρεῖται
16995	.
16996	εἰ
16997	γὰρ
16998	ὡς
16999	οὐ
17000	τὰ
17001	βέλτιστ’
17002	ἐμοῦ
17003	πολιτευσαμένου
17004	τουδὶ
17005	καταψηφιεῖσθε
17006	,
17007	ἡμαρτηκέναι
17008	δόξετε
17009	,
17010	οὐ
17011	τῇ
17012	τῆς
17013	τύχης
17014	ἀγνωμοσύνῃ
17015	τὰ
17016	συμβάντα
17017	παθεῖν
17018	.
17019	ἀλλ’
17020	οὐκ
17021	ἔστιν
17022	,
17023	οὐκ
17024	ἔστιν
17025	ὅπως
17026	ἡμάρτετ’
17027	,
17028	ἄνδρες
17029	Ἀθηναῖοι
17030	,
17031	τὸν
17032	ὑπὲρ
17033	τῆς
17034	ἁπάντων
17035	ἐλευθερίας
17036	καὶ
17037	σωτηρίας
17038	κίνδυνον
17039	ἀράμενοι
17040	,
17041	μὰ
17042	τοὺς
17043	Μαραθῶνι
17044	προκινδυνεύσαντας
17045	τῶν
17046	προγόνων
17047	,
17048	καὶ
17049	τοὺς
17050	ἐν
17051	Πλαταιαῖς
17052	παραταξαμένους
17053	,
17054	καὶ
17055	τοὺς
17056	ἐν
17057	Σαλαμῖνι
17058	ναυμαχήσαντας
17059	καὶ
17060	τοὺς
17061	ἐπ’
17062	Ἀρτεμισίῳ
17063	,
17064	καὶ
17065	πολλοὺς
17066	ἑτέρους
17067	τοὺς
17068	ἐν
17069	τοῖς
17070	δημοσίοις
17071	μνήμασιν
17072	κειμένους
17073	ἀγαθοὺς
17074	ἄνδρας
17075	,
17076	οὓς
17077	ἅπαντας
17078	ὁμοίως
17079	ἡ
17080	πόλις
17081	τῆς
17082	αὐτῆς
17083	ἀξιώσασα
17084	τιμῆς
17085	ἔθαψεν
17086	,
17087	Αἰσχίνη
17088	,
17089	οὐχὶ
17090	τοὺς
17091	κατορθώσαντας
17092	αὐτῶν
17093	οὐ
17094	δὲ
17095	τοὺς
17096	κρατήσαντας
17097	μόνους
17098	.
17099	δικαίως
17100	·
17101	ὃ
17102	μὲν
17103	γὰρ
17104	ἦν
17105	ἀνδρῶν
17106	ἀγαθῶν
17107	ἔργον
17108	ἅπασι
17109	πέπρακται
17110	·
17111	τῇ
17112	τύχῃ
17113	δ’
17114	,
17115	ἣν
17116	ὁ
17117	δαίμων
17118	ἔνειμεν
17119	ἑκάστοις
17120	,
17121	ταύτῃ
17122	κέχρηνται
17123	.
17124	ἔπειτ’
17125	,
17126	ὦ
17127	κατάρατε
17128	καὶ
17129	γραμματοκύφων
17130	,
17131	σὺ
17132	μὲν
17133	τῆς
17134	παρὰ
17135	τουτωνὶ
17136	τιμῆς
17137	καὶ
17138	φιλανθρωπίας
17139	ἔμ’
17140	ἀποστερῆσαι
17141	βουλόμενος
17142	τρόπαια
17143	καὶ
17144	μάχας
17145	καὶ
17146	παλαί’
17147	ἔργ’
17148	ἔλεγες
17149	,
17150	ὧν
17151	τίνος
17152	προσεδεῖθ’
17153	ὁ
17154	παρὼν
17155	ἀγὼν
17156	οὑτοσί
17157	;
17158	ἐμὲ
17159	δ’
17160	,
17161	ὦ
17162	τριταγωνιστά
17163	,
17164	τὸν
17165	περὶ
17166	τῶν
17167	πρωτείων
17168	σύμβουλον
17169	τῇ
17170	πόλει
17171	παριόντα
17172	τὸ
17173	τίνος
17174	φρόνημα
17175	λαβόντ’
17176	ἀναβαίνειν
17177	ἐπὶ
17178	τὸ
17179	βῆμ’
17180	ἔδει
17181	;
17182	τὸ
17183	τοῦ
17184	τούτων
17185	ἀνάξι’
17186	ἐροῦντος
17187	;
17188	δικαίως
17189	μέντἂν
17190	ἀπέθανον
17191	.
17192	ἐπεὶ
17193	οὐδ’
17194	ὑμᾶς
17195	,
17196	ἄνδρες
17197	Ἀθηναῖοι
17198	,
17199	ἀπὸ
17200	τῆς
17201	αὐτῆς
17202	διανοίας
17203	δεῖ
17204	τάς
17205	τ’
17206	ἰδίας
17207	δίκας
17208	καὶ
17209	τὰς
17210	δημοσίας
17211	κρίνειν
17212	,
17213	ἀλλὰ
17214	τὰ
17215	μὲν
17216	τοῦ
17217	καθ’
17218	ἡμέραν
17219	βίου
17220	συμβόλαια
17221	ἐπὶ
17222	τῶν
17223	ἰδίων
17224	νόμων
17225	καὶ
17226	ἔργων
17227	σκοποῦντας
17228	,
17229	τὰς
17230	δὲ
17231	κοινὰς
17232	προαιρέσεις
17233	εἰς
17234	τὰ
17235	τῶν
17236	προγόνων
17237	ἀξιώματ’
17238	ἀποβλέποντας
17239	.
17240	καὶ
17241	παραλαμβάνειν
17242	γ’
17243	ἅμα
17244	τῇ
17245	βακτηρίᾳ
17246	καὶ
17247	τῷ
17248	συμβόλῳ
17249	τὸ
17250	φρόνημα
17251	τὸ
17252	τῆς
17253	πόλεως
17254	νομίζειν
17255	ἕκαστον
17256	ὑμῶν
17257	δεῖ
17258	,
17259	ὅταν
17260	τὰ
17261	δημόσι’
17262	εἰσίητε
17263	κρινοῦντες
17264	,
17265	εἴπερ
17266	ἄξι’
17267	ἐκείνων
17268	πράττειν
17269	οἴεσθε
17270	χρῆναι
17271	.
17272	ἀλλὰ
17273	γὰρ
17274	ἐμπεσὼν
17275	εἰς
17276	τὰ
17277	πεπραγμένα
17278	τοῖς
17279	προγόνοις
17280	ὑμῶν
17281	ἔστιν
17282	ἃ
17283	τῶν
17284	ψηφισμάτων
17285	παρέβην
17286	καὶ
17287	τῶν
17288	πραχθέντων
17289	.
17290	ἐπανελθεῖν
17291	οὖν
17292	ὁπόθεν
17293	ἐνταῦθ’
17294	ἐξέβην
17295	βούλομαι
17296	.
17297	ὡς
17298	γὰρ
17299	ἀφικόμεθ’
17300	εἰς
17301	τὰς
17302	Θήβας
17303	,
17304	κατελαμβάνομεν
17305	Φιλίππου
17306	καὶ
17307	Θετταλῶν
17308	καὶ
17309	τῶν
17310	ἄλλων
17311	συμμάχων
17312	παρόντας
17313	πρέσβεις
17314	,
17315	καὶ
17316	τοὺς
17317	μὲν
17318	ἡμετέρους
17319	φίλους
17320	ἐν
17321	φόβῳ
17322	,
17323	τοὺς
17324	δ’
17325	ἐκείνου
17326	θρασεῖς
17327	.
17328	ὅτι
17329	δ’
17330	οὐ
17331	νῦν
17332	ταῦτα
17333	λέγω
17334	τοῦ
17335	συμφέροντος
17336	εἵνεκ’
17337	ἐμαυτῷ
17338	,
17339	λέγε
17340	μοι
17341	τὴν
17342	ἐπιστολὴν
17343	ἣν
17344	τότ’
17345	ἐπέμψαμεν
17346	εὐθὺς
17347	οἱ
17348	πρέσβεις
17349	.
17350	καίτοι
17351	τοσαύτῃ
17352	γ’
17353	ὑπερβολῇ
17354	συκοφαντίας
17355	οὗτος
17356	κέχρηται
17357	ὥστε
17358	,
17359	εἰ
17360	μέν
17361	τι
17362	τῶν
17363	δεόντων
17364	ἐπράχθη
17365	,
17366	τὸν
17367	καιρόν
17368	,
17369	οὐκ
17370	ἐμέ
17371	φησιν
17372	αἴτιον
17373	γεγενῆσθαι
17374	,
17375	τῶν
17376	δ’
17377	ὡς
17378	ἑτέρως
17379	συμβάντων
17380	ἁπάντων
17381	ἐμὲ
17382	καὶ
17383	τὴν
17384	ἐμὴν
17385	τύχην
17386	αἰτίαν
17387	εἶναι
17388	·
17389	καί
17390	,
17391	ὡς
17392	ἔοικεν
17393	,
17394	ὁ
17395	σύμβουλος
17396	καὶ
17397	ῥήτωρ
17398	ἐγὼ
17399	τῶν
17400	μὲν
17401	ἐκ
17402	λόγου
17403	καὶ
17404	τοῦ
17405	βουλεύσασθαι
17406	πραχθέντων
17407	οὐδὲν
17408	αὐτῷ
17409	συναίτιος
17410	εἶναι
17411	δοκῶ
17412	,
17413	τῶν
17414	δ’
17415	ἐν
17416	τοῖς
17417	ὅπλοις
17418	καὶ
17419	κατὰ
17420	τὴν
17421	στρατηγίαν
17422	ἀτυχηθέντων
17423	μόνος
17424	αἴτιος
17425	εἶναι
17426	.
17427	πῶς
17428	ἂν
17429	ὠμότερος
17430	συκοφάντης
17431	γένοιτ’
17432	ἢ
17433	καταρατότερος
17434	;
17435	λέγε
17436	τὴν
17437	ἐπιστολήν
17438	.
17439	ΕΠΙΣΤΟΛΗ
17440	.
17441	ἐπειδὴ
17442	τοίνυν
17443	ἐποιήσαντο
17444	τὴν
17445	ἐκκλησίαν
17446	,
17447	προσῆγον
17448	ἐκείνους
17449	προτέρους
17450	διὰ
17451	τὸ
17452	τὴν
17453	τῶν
17454	συμμάχων
17455	τάξιν
17456	ἐκείνους
17457	ἔχειν
17458	.
17459	καὶ
17460	παρελθόντες
17461	ἐδημηγόρουν
17462	πολλὰ
17463	μὲν
17464	Φίλιππον
17465	ἐγκωμιάζοντες
17466	,
17467	πολλὰ
17468	δ’
17469	ὑμῶν
17470	κατηγοροῦντες
17471	,
17472	πάνθ’
17473	ὅσα
17474	πώποτ’
17475	ἐναντί’
17476	ἐπράξατε
17477	Θηβαίοις
17478	ἀναμιμνῄσκοντες
17479	.
17480	τὸ
17481	δ’
17482	οὖν
17483	κεφάλαιον
17484	,
17485	ἠξίουν
17486	ὧν
17487	μὲν
17488	εὖ
17489	’πεπόνθεσαν
17490	ὑπὸ
17491	Φιλίππου
17492	χάριν
17493	αὐτοὺς
17494	ἀποδοῦναι
17495	,
17496	ὧν
17497	δ’
17498	ὑφ’
17499	ὑμῶν
17500	ἠδίκηντο
17501	δίκην
17502	λαβεῖν
17503	,
17504	ὁποτέρως
17505	βούλονται
17506	,
17507	ἢ
17508	διέντας
17509	αὐτοὺς
17510	ἐφ’
17511	ὑμᾶς
17512	ἢ
17513	συνεμβαλόντας
17514	εἰς
17515	τὴν
17516	Ἀττικήν
17517	·
17518	καὶ
17519	ἐδείκνυσαν
17520	,
17521	ὡς
17522	ᾤοντο
17523	,
17524	ἐκ
17525	μὲν
17526	ὧν
17527	αὐτοὶ
17528	συνεβούλευον
17529	τ
17530	ἀκ
17531	τῆς
17532	Ἀττικῆς
17533	βοσκήματα
17534	καὶ
17535	ἀνδράποδα
17536	καὶ
17537	τ
17538	ἄλλ’
17539	ἀγάθ’
17540	εἰς
17541	τὴν
17542	Βοιωτίαν
17543	ἥξοντα
17544	,
17545	ἐκ
17546	δ’
17547	ὧν
17548	ἡμᾶς
17549	ἐρεῖν
17550	ἔφασαν
17551	τ
17552	ἀν
17553	τῇ
17554	Βοιωτίᾳ
17555	διαρπασθησόμεν’
17556	ὑπὸ
17557	τοῦ
17558	πολέμου
17559	.
17560	καὶ
17561	ἄλλα
17562	πολλὰ
17563	πρὸς
17564	τούτοις
17565	,
17566	εἰς
17567	τ
17568	αὐτὰ
17569	δὲ
17570	πάντα
17571	συντείνοντ’
17572	ἔλεγον
17573	.
17574	ἃ
17575	δ’
17576	ἡμεῖς
17577	πρὸς
17578	ταῦτα
17579	,
17580	τὰ
17581	μὲν
17582	καθ’
17583	ἕκαστ’
17584	ἐγὼ
17585	μὲν
17586	ἀντὶ
17587	παντὸς
17588	ἂν
17589	τιμησαίμην
17590	εἰπεῖν
17591	τοῦ
17592	βίου
17593	,
17594	ὑμᾶς
17595	δὲ
17596	δέδοικα
17597	,
17598	μὴ
17599	παρεληλυθότων
17600	τῶν
17601	καιρῶν
17602	,
17603	ὥσπερ
17604	ἂν
17605	εἰ
17606	καὶ
17607	κατακλυσμὸν
17608	γεγενῆσθαι
17609	τῶν
17610	πραγμάτων
17611	ἡγούμενοι
17612	,
17613	μάταιον
17614	ὄχλον
17615	τοὺς
17616	περὶ
17617	τούτων
17618	λόγους
17619	νομίσητε
17620	·
17621	ὅ
17622	τι
17623	δ’
17624	οὖν
17625	ἐπείσαμεν
17626	ἡμεῖς
17627	καὶ
17628	ἡμῖν
17629	ἀπεκρίναντο
17630	,
17631	ἀκούσατε
17632	.
17633	λέγε
17634	ταυτὶ
17635	λαβών
17636	.
17637	ΑΠΟΚΡΙΣΙΣ
17638	ΘΗΒΑΙΩΝ
17639	.
17640	μετὰ
17641	ταῦτα
17642	τοίνυν
17643	ἐκάλουν
17644	ὑμᾶς
17645	καὶ
17646	μετεπέμποντο
17647	.
17648	ἐξῇτε
17649	,
17650	ἐβοηθεῖτε
17651	,
17652	ἵνα
17653	τ
17654	ἀν
17655	μέσῳ
17656	παραλείπω
17657	,
17658	οὕτως
17659	οἰκείως
17660	ὑμᾶς
17661	ἐδέχοντο
17662	ὥστ’
17663	ἔξω
17664	τῶν
17665	ὁπλιτῶν
17666	καὶ
17667	τῶν
17668	ἱππέων
17669	ὄντων
17670	εἰς
17671	τὰς
17672	οἰκίας
17673	καὶ
17674	τὸ
17675	ἄστυ
17676	δέχεσθαι
17677	τὴν
17678	στρατιὰν
17679	ἐπὶ
17680	παῖδας
17681	καὶ
17682	γυναῖκας
17683	καὶ
17684	τὰ
17685	τιμιώτατα
17686	.
17687	καίτοι
17688	τρί’
17689	ἐν
17690	ἐκείνῃ
17691	τῇ
17692	ἡμέρᾳ
17693	πᾶσιν
17694	ἀνθρώποις
17695	ἔδειξαν
17696	ἐγκώμια
17697	Θηβαῖοι
17698	καθ’
17699	ὑμῶν
17700	τὰ
17701	κάλλιστα
17702	,
17703	ἓν
17704	μὲν
17705	ἀνδρείας
17706	,
17707	ἕτερον
17708	δὲ
17709	δικαιοσύνης
17710	,
17711	τρίτον
17712	δὲ
17713	σωφροσύνης
17714	.
17715	καὶ
17716	γὰρ
17717	τὸν
17718	ἀγῶνα
17719	μεθ’
17720	ὑμῶν
17721	μᾶλλον
17722	ἢ
17723	πρὸς
17724	ὑμᾶς
17725	ἑλόμενοι
17726	ποιήσασθαι
17727	καὶ
17728	ἀμείνους
17729	εἶναι
17730	καὶ
17731	δικαιότερ’
17732	ἀξιοῦν
17733	ὑμᾶς
17734	ἔκριναν
17735	Φιλίππου
17736	·
17737	καὶ
17738	τὰ
17739	παρ’
17740	αὐτοῖς
17741	καὶ
17742	παρὰ
17743	πᾶσι
17744	δ’
17745	ἐν
17746	πλείστῃ
17747	φυλακῇ
17748	,
17749	παῖδας
17750	καὶ
17751	γυναῖκας
17752	,
17753	ἐφ’
17754	ὑμῖν
17755	ποιήσαντες
17756	σωφροσύνης
17757	πίστιν
17758	περὶ
17759	ὑμῶν
17760	ἔχοντες
17761	ἔδειξαν
17762	.
17763	ἐν
17764	οἷς
17765	πᾶσιν
17766	,
17767	ἄνδρες
17768	Ἀθηναῖοι
17769	,
17770	κατά
17771	γ’
17772	ὑμᾶς
17773	ὀρθῶς
17774	ἐφάνησαν
17775	ἐγνωκότες
17776	.
17777	οὔ
17778	τε
17779	γὰρ
17780	εἰς
17781	τὴν
17782	πόλιν
17783	εἰσελθόντος
17784	τοῦ
17785	στρατοπέδου
17786	οὐδεὶς
17787	οὐδὲν
17788	οὐδ’
17789	ἀδίκως
17790	ὑμῖν
17791	ἐνεκάλεσεν
17792	·
17793	οὕτω
17794	σώφρονας
17795	παρέσχεθ’
17796	ὑμᾶς
17797	αὐτούς
17798	·
17799	δίς
17800	τε
17801	συμπαραταξάμενοι
17802	τὰς
17803	πρώτας
17804	μάχας
17805	,
17806	τήν
17807	τ’
17808	ἐπὶ
17809	τοῦ
17810	ποταμοῦ
17811	καὶ
17812	τὴν
17813	χειμερινήν
17814	,
17815	οὐκ
17816	ἀμέμπτους
17817	μόνον
17818	ὑμᾶς
17819	αὐτοὺς
17820	ἀλλὰ
17821	καὶ
17822	θαυμαστοὺς
17823	ἐδείξατε
17824	τῷ
17825	κόσμῳ
17826	,
17827	ταῖς
17828	παρασκευαῖς
17829	,
17830	τῇ
17831	προθυμίᾳ
17832	.
17833	ἐφ’
17834	οἷς
17835	παρὰ
17836	μὲν
17837	τῶν
17838	ἄλλων
17839	ὑμῖν
17840	ἐγίγνοντ’
17841	ἔπαινοι
17842	,
17843	παρὰ
17844	δ’
17845	ὑμῶν
17846	θυσίαι
17847	καὶ
17848	πομπαὶ
17849	τοῖς
17850	θεοῖς
17851	.
17852	καὶ
17853	ἔγωγ’
17854	ἡδέως
17855	ἂν
17856	ἐροίμην
17857	Αἰσχίνην
17858	,
17859	ὅτε
17860	ταῦτ’
17861	ἐπράττετο
17862	καὶ
17863	ζήλου
17864	καὶ
17865	χαρᾶς
17866	καὶ
17867	ἐπαίνων
17868	ἡ
17869	πόλις
17870	ἦν
17871	μεστή
17872	,
17873	πότερον
17874	συνέθυε
17875	καὶ
17876	συνευφραίνετο
17877	τοῖς
17878	πολλοῖς
17879	,
17880	ἢ
17881	λυπούμενος
17882	καὶ
17883	στένων
17884	καὶ
17885	δυσμεναίνων
17886	τοῖς
17887	κοινοῖς
17888	ἀγαθοῖς
17889	οἴκοι
17890	καθῆτο
17891	.
17892	εἰ
17893	μὲν
17894	γὰρ
17895	παρῆν
17896	καὶ
17897	μετὰ
17898	τῶν
17899	ἄλλων
17900	ἐξητάζετο
17901	,
17902	πῶς
17903	οὐ
17904	δεινὰ
17905	ποιεῖ
17906	,
17907	μᾶλλον
17908	δ’
17909	οὐδ’
17910	ὅσια
17911	,
17912	εἰ
17913	ὧν
17914	ὡς
17915	ἀρίστων
17916	αὐτὸς
17917	τοὺς
17918	θεοὺς
17919	ἐποιήσατο
17920	μάρτυρας
17921	,
17922	ταῦθ’
17923	ὡς
17924	οὐκ
17925	ἄριστα
17926	νῦν
17927	ὑμᾶς
17928	ἀξιοῖ
17929	ψηφίσασθαι
17930	τοὺς
17931	ὀμωμοκότας
17932	τοὺς
17933	θεούς
17934	;
17935	εἰ
17936	δὲ
17937	μὴ
17938	παρῆν
17939	,
17940	πῶς
17941	οὐκ
17942	ἀπολωλέναι
17943	πολλάκις
17944	ἐστὶ
17945	δίκαιος
17946	,
17947	εἰ
17948	ἐφ’
17949	οἷς
17950	ἔχαιρον
17951	οἱ
17952	ἄλλοι
17953	,
17954	ταῦτ’
17955	ἐλυπεῖθ’
17956	ὁρῶν
17957	;
17958	λέγε
17959	δὴ
17960	καὶ
17961	ταῦτα
17962	τὰ
17963	ψηφίσματά
17964	μοι
17965	.
17966	ΨΗΦΙΣΜΑΤΑ
17967	ΘΥΣΙΩΝ
17968	.
17969	οὐκοῦν
17970	ἡμεῖς
17971	μὲν
17972	ἐν
17973	θυσίαις
17974	ἦμεν
17975	τότε
17976	,
17977	Θηβαῖοι
17978	δ’
17979	ἐν
17980	τῷ
17981	δι’
17982	ἡμᾶς
17983	σεσῶσθαι
17984	νομίζειν
17985	,
17986	καὶ
17987	περιειστήκει
17988	τοῖς
17989	βοηθείας
17990	δεήσεσθαι
17991	δοκοῦσιν
17992	ἀφ’
17993	ὧν
17994	ἔπραττον
17995	οὗτοι
17996	,
17997	αὐτοὺς
17998	βοηθεῖν
17999	ἑτέροις
18000	ἐξ
18001	ὧν
18002	ἐπείσθητ’
18003	ἐμοί
18004	.
18005	ἀλλὰ
18006	μὴν
18007	οἵας
18008	τότ’
18009	ἀφίει
18010	φωνὰς
18011	ὁ
18012	Φίλιππος
18013	καὶ
18014	ἐν
18015	οἵαις
18016	ἦν
18017	ταραχαῖς
18018	ἐπὶ
18019	τούτοις
18020	,
18021	ἐκ
18022	τῶν
18023	ἐπιστολῶν
18024	τῶν
18025	ἐκείνου
18026	μαθήσεσθε
18027	ὧν
18028	εἰς
18029	Πελοπόννησον
18030	ἔπεμπεν
18031	.
18032	καί
18033	μοι
18034	λέγε
18035	ταύτας
18036	λαβών
18037	,
18038	ἵν’
18039	εἰδῆτε
18040	,
18041	ἡ
18042	ἐμὴ
18043	συνέχεια
18044	καὶ
18045	πλάνοι
18046	καὶ
18047	ταλαιπωρίαι
18048	καὶ
18049	τὰ
18050	πολλὰ
18051	ψηφίσματα
18052	,
18053	ἃ
18054	νῦν
18055	οὗτος
18056	διέσυρε
18057	,
18058	τί
18059	ἀπειργάσατο
18060	.
18061	καίτοι
18062	πολλοὶ
18063	παρ’
18064	ὑμῖν
18065	,
18066	ἄνδρες
18067	Ἀθηναῖοι
18068	,
18069	γεγόνασι
18070	ῥήτορες
18071	ἔνδοξοι
18072	καὶ
18073	μεγάλοι
18074	πρὸ
18075	ἐμοῦ
18076	,
18077	Καλλίστρατος
18078	ἐκεῖνος
18079	,
18080	Ἀριστοφῶν
18081	,
18082	Κέφαλος
18083	,
18084	Θρασύβουλος
18085	,
18086	ἕτεροι
18087	μυρίοι
18088	·
18089	ἀλλ’
18090	ὅμως
18091	οὐδεὶς
18092	πώποτε
18093	τούτων
18094	διὰ
18095	παντὸς
18096	ἔδωκεν
18097	ἑαυτὸν
18098	εἰς
18099	οὐδὲν
18100	τῇ
18101	πόλει
18102	,
18103	ἀλλ’
18104	ὁ
18105	μὲν
18106	γράφων
18107	οὐκ
18108	ἂν
18109	ἐπρέσβευσεν
18110	,
18111	ὁ
18112	δὲ
18113	πρεσβεύων
18114	οὐκ
18115	ἂν
18116	ἔγραψεν
18117	.
18118	ὑπέλειπε
18119	γὰρ
18120	αὐτῶν
18121	ἕκαστος
18122	ἑαυτῷ
18123	ἅμα
18124	μὲν
18125	ῥᾳστώνην
18126	,
18127	ἅμα
18128	δ’
18129	εἴ
18130	τι
18131	γένοιτ’
18132	ἀναφοράν
18133	.
18134	τί
18135	οὖν
18136	;
18137	εἴποι
18138	τις
18139	ἄν
18140	,
18141	σὺ
18142	τοσοῦθ’
18143	ὑπερῆρας
18144	ῥώμῃ
18145	καὶ
18146	τόλμῃ
18147	ὥστε
18148	πάντα
18149	ποιεῖν
18150	αὐτός
18151	;
18152	οὐ
18153	ταῦτα
18154	λέγω
18155	,
18156	ἀλλ’
18157	οὕτως
18158	ἐπεπείσμην
18159	μέγαν
18160	εἶναι
18161	τὸν
18162	κατειληφότα
18163	κίνδυνον
18164	τὴν
18165	πόλιν
18166	ὥστ’
18167	οὐκ
18168	ἐδόκει
18169	μοι
18170	χώραν
18171	οὐ
18172	δὲ
18173	πρόνοιαν
18174	οὐδεμίαν
18175	τῆς
18176	ἰδίας
18177	ἀσφαλείας
18178	διδόναι
18179	,
18180	ἀλλ’
18181	ἀγαπητὸν
18182	εἶναι
18183	,
18184	εἰ
18185	μηδὲν
18186	παραλιπών
18187	τις
18188	ἃ
18189	δεῖ
18190	πράξειεν
18191	.
18192	ἐπεπείσμην
18193	δ’
18194	ὑπὲρ
18195	ἐμαυτοῦ
18196	,
18197	τυχὸν
18198	μὲν
18199	ἀναισθητῶν
18200	,
18201	ὅμως
18202	δ’
18203	ἐπεπείσμην
18204	,
18205	μή
18206	τε
18207	γράφοντ’
18208	ἂν
18209	ἐμοῦ
18210	γράψαι
18211	μηδένα
18212	μή
18213	τε
18214	πράττοντα
18215	πρᾶξαι
18216	μή
18217	τε
18218	πρεσβεύοντα
18219	πρεσβεῦσαι
18220	προθυμότερον
18221	μη
18222	δὲ
18223	δικαιότερον
18224	.
18225	διὰ
18226	ταῦτ’
18227	ἐν
18228	πᾶσιν
18229	ἐμαυτὸν
18230	ἔταττον
18231	.
18232	λέγε
18233	τὰς
18234	ἐπιστολὰς
18235	τὰς
18236	τοῦ
18237	Φιλίππου
18238	.
18239	ΕΠΙΣΤΟΛΑΙ
18240	.
18241	εἰς
18242	ταῦτα
18243	κατέστησε
18244	Φίλιππον
18245	ἡ
18246	ἐμὴ
18247	πολιτεία
18248	,
18249	Αἰσχίνη
18250	·
18251	ταύτην
18252	τὴν
18253	φωνὴν
18254	ἐκεῖνος
18255	ἀφῆκε
18256	,
18257	πολλοὺς
18258	καὶ
18259	θρασεῖς
18260	τὰ
18261	πρὸ
18262	τούτων
18263	τῇ
18264	πόλει
18265	λόγους
18266	ἐπαιρόμενος
18267	.
18268	ἀνθ’
18269	ὧν
18270	δικαίως
18271	ἐστεφανούμην
18272	ὑπὸ
18273	τουτωνί
18274	,
18275	καὶ
18276	σὺ
18277	παρὼν
18278	οὐκ
18279	ἀντέλεγες
18280	,
18281	ὁ
18282	δὲ
18283	γραψάμενος
18284	Διώνδας
18285	τὸ
18286	μέρος
18287	τῶν
18288	ψήφων
18289	οὐκ
18290	ἔλαβεν
18291	.
18292	καί
18293	μοι
18294	λέγε
18295	ταῦτα
18296	τὰ
18297	ψηφίσματα
18298	τὰ
18299	ἀποπεφευγότα
18300	,
18301	ὑπὸ
18302	τούτου
18303	δ’
18304	οὐ
18305	δὲ
18306	γραφέντα
18307	.
18308	ΨΗΦΙΣΜΑΤΑ
18309	.
18310	ταυτὶ
18311	τὰ
18312	ψηφίσματ’
18313	,
18314	ἄνδρες
18315	Ἀθηναῖοι
18316	,
18317	τὰς
18318	αὐτὰς
18319	συλλαβὰς
18320	καὶ
18321	τ
18322	αὐτὰ
18323	ῥήματ’
18324	ἔχει
18325	ἅπερ
18326	πρότερον
18327	μὲν
18328	Ἀριστόνικος
18329	,
18330	νῦν
18331	δὲ
18332	Κτησιφῶν
18333	γέγραφεν
18334	οὑτοσί
18335	.
18336	καὶ
18337	ταῦτ’
18338	Αἰσχίνης
18339	οὔτ’
18340	ἐδίωξεν
18341	αὐτὸς
18342	οὔ
18343	τε
18344	τῷ
18345	γραψαμένῳ
18346	συγκατηγόρησεν
18347	.
18348	καίτοι
18349	τότε
18350	τὸν
18351	Δημομέλη
18352	τὸν
18353	ταῦτα
18354	γράφοντα
18355	καὶ
18356	τὸν
18357	Ὑπερείδην
18358	,
18359	εἴπερ
18360	ἀληθῆ
18361	μου
18362	νῦν
18363	κατηγορεῖ
18364	,
18365	μᾶλλον
18366	ἂν
18367	εἰκότως
18368	ἢ
18369	τόνδ’
18370	ἐδίωκεν
18371	.
18372	διὰ
18373	τί
18374	;
18375	ὅτι
18376	τῷδε
18377	μὲν
18378	ἔστ’
18379	ἀνενεγκεῖν
18380	ἐπ’
18381	ἐκείνους
18382	καὶ
18383	τὰς
18384	τῶν
18385	δικαστηρίων
18386	γνώσεις
18387	καὶ
18388	τὸ
18389	τοῦτον
18390	αὐτὸν
18391	ἐκείνων
18392	μὴ
18393	κατηγορηκέναι
18394	τ
18395	αὐτὰ
18396	γραψάντων
18397	ἅπερ
18398	οὗτος
18399	νῦν
18400	,
18401	καὶ
18402	τὸ
18403	τοὺς
18404	νόμους
18405	μηκέτ’
18406	ἐᾶν
18407	περὶ
18408	τῶν
18409	οὕτω
18410	πραχθέντων
18411	κατηγορεῖν
18412	,
18413	καὶ
18414	πόλλ’
18415	ἕτερα
18416	·
18417	τότε
18418	δ’
18419	αὐτὸ
18420	τὸ
18421	πρᾶγμ’
18422	ἂν
18423	ἐκρίνετ’
18424	ἐφ’
18425	αὑτοῦ
18426	,
18427	πρίν
18428	τι
18429	τούτων
18430	προλαβεῖν
18431	.
18432	ἀλλ’
18433	οὐκ
18434	ἦν
18435	,
18436	οἶμαι
18437	,
18438	τόθ’
18439	ὃ
18440	νυνὶ
18441	ποιεῖν
18442	,
18443	ἐκ
18444	παλαιῶν
18445	χρόνων
18446	καὶ
18447	ψηφισμάτων
18448	πολλῶν
18449	ἐκλέξαντα
18450	,
18451	ἃ
18452	μή
18453	τε
18454	προῄδει
18455	μηδεὶς
18456	μήτ’
18457	ἂν
18458	ᾠήθη
18459	τήμερον
18460	ῥηθῆναι
18461	,
18462	διαβάλλειν
18463	,
18464	καὶ
18465	μετενεγκόντα
18466	τοὺς
18467	χρόνους
18468	καὶ
18469	προφάσεις
18470	ἀντὶ
18471	τῶν
18472	ἀληθῶν
18473	ψευδεῖς
18474	μεταθέντα
18475	τοῖς
18476	πεπραγμένοις
18477	δοκεῖν
18478	τι
18479	λέγειν
18480	.
18481	οὐκ
18482	ἦν
18483	τότε
18484	ταῦτα
18485	,
18486	ἀλλ’
18487	ἐπὶ
18488	τῆς
18489	ἀληθείας
18490	,
18491	ἐγγὺς
18492	τῶν
18493	ἔργων
18494	,
18495	ἔτι
18496	μεμνημένων
18497	ὑμῶν
18498	καὶ
18499	μόνον
18500	οὐκ
18501	ἐν
18502	ταῖς
18503	χερσὶν
18504	ἕκαστ’
18505	ἐχόντων
18506	,
18507	πάντες
18508	ἐγίγνοντ’
18509	ἂν
18510	οἱ
18511	λόγοι
18512	.
18513	διόπερ
18514	τοὺς
18515	παρ’
18516	αὐτὰ
18517	τὰ
18518	πράγματ’
18519	ἐλέγχους
18520	φυγὼν
18521	νῦν
18522	ἥκει
18523	,
18524	ῥητόρων
18525	ἀγῶνα
18526	νομίζων
18527	,
18528	ὥς
18529	γ’
18530	ἐμοὶ
18531	δοκεῖ
18532	,
18533	καὶ
18534	οὐχὶ
18535	τῶν
18536	πεπολιτευμένων
18537	ἐξέτασιν
18538	ποιήσειν
18539	ὑμᾶς
18540	,
18541	καὶ
18542	λόγου
18543	κρίσιν
18544	,
18545	οὐχὶ
18546	τοῦ
18547	τῇ
18548	πόλει
18549	συμφέροντος
18550	ἔσεσθαι
18551	.
18552	εἶτα
18553	σοφίζεται
18554	καὶ
18555	φησὶ
18556	προσήκειν
18557	ἧς
18558	μὲν
18559	οἴκοθεν
18560	ἥκετ’
18561	ἔχοντες
18562	δόξης
18563	περὶ
18564	ἡμῶν
18565	ἀμελῆσαι
18566	,
18567	ὥσπερ
18568	δ’
18569	,
18570	ὅταν
18571	οἰόμενοι
18572	περιεῖναι
18573	χρήματά
18574	τῳ
18575	λογίζησθε
18576	,
18577	ἂν
18578	καθαραὶ
18579	ὦσιν
18580	αἱ
18581	ψῆφοι
18582	καὶ
18583	μηδὲν
18584	περιῇ
18585	,
18586	συγχωρεῖτε
18587	,
18588	οὕτω
18589	καὶ
18590	νῦν
18591	τοῖς
18592	ἐκ
18593	τοῦ
18594	λόγου
18595	φαινομένοις
18596	προσθέσθαι
18597	.
18598	θεάσασθε
18599	τοίνυν
18600	ὡς
18601	σαθρόν
18602	,
18603	ὡς
18604	ἔοικεν
18605	,
18606	ἔστι
18607	φύσει
18608	πᾶν
18609	ὅ
18610	τι
18611	ἂν
18612	μὴ
18613	δικαίως
18614	ᾖ
18615	πεπραγμένον
18616	.
18617	ἐκ
18618	γὰρ
18619	αὐτοῦ
18620	τοῦ
18621	σοφοῦ
18622	τούτου
18623	παραδείγματος
18624	ὡμολόγηκε
18625	νῦν
18626	γ’
18627	ἡμᾶς
18628	ὑπάρχειν
18629	ἐγνωσμένους
18630	ἐμὲ
18631	μὲν
18632	λέγειν
18633	ὑπὲρ
18634	τῆς
18635	πατρίδος
18636	,
18637	αὐτὸν
18638	δ’
18639	ὑπὲρ
18640	Φιλίππου
18641	·
18642	οὐ
18643	γὰρ
18644	ἂν
18645	μεταπείθειν
18646	ὑμᾶς
18647	ἐζήτει
18648	μὴ
18649	τοιαύτης
18650	οὔσης
18651	τῆς
18652	ὑπαρχούσης
18653	ὑπολήψεως
18654	περὶ
18655	ἑκατέρου
18656	.
18657	καὶ
18658	μὴν
18659	ὅτι
18660	γ’
18661	οὐ
18662	δίκαια
18663	λέγει
18664	μεταθέσθαι
18665	ταύτην
18666	τὴν
18667	δόξαν
18668	ἀξιῶν
18669	,
18670	ἐγὼ
18671	διδάξω
18672	ῥᾳδίως
18673	,
18674	οὐ
18675	τιθεὶς
18676	ψήφους
18677	(
18678	οὐ
18679	γάρ
18680	ἐστιν
18681	ὁ
18682	τῶν
18683	πραγμάτων
18684	οὗτος
18685	λογισμός
18686	)
18687	,
18688	ἀλλ’
18689	ἀναμιμνῄσκων
18690	ἕκαστ’
18691	ἐν
18692	βραχέσι
18693	,
18694	λογισταῖς
18695	ἅμα
18696	καὶ
18697	μάρτυσι
18698	τοῖς
18699	ἀκούουσιν
18700	ὑμῖν
18701	χρώμενος
18702	.
18703	ἡ
18704	γὰρ
18705	ἐμὴ
18706	πολιτεία
18707	,
18708	ἧς
18709	οὗτος
18710	κατηγορεῖ
18711	,
18712	ἀντὶ
18713	μὲν
18714	τοῦ
18715	Θηβαίους
18716	μετὰ
18717	Φιλίππου
18718	συνεμβαλεῖν
18719	εἰς
18720	τὴν
18721	χώραν
18722	,
18723	ὃ
18724	πάντες
18725	ᾤοντο
18726	,
18727	μεθ’
18728	ἡμῶν
18729	παραταξαμένους
18730	ἐκεῖνον
18731	κωλύειν
18732	ἐποίησεν
18733	·
18734	ἀντὶ
18735	δὲ
18736	τοῦ
18737	ἐν
18738	τῇ
18739	Ἀττικῇ
18740	τὸν
18741	πόλεμον
18742	εἶναι
18743	,
18744	ἑπτακόσια
18745	στάδι’
18746	ἀπὸ
18747	τῆς
18748	πόλεως
18749	ἐπὶ
18750	τοῖς
18751	Βοιωτῶν
18752	ὁρίοις
18753	γενέσθαι
18754	·
18755	ἀντὶ
18756	δὲ
18757	τοῦ
18758	τοὺς
18759	λῃστὰς
18760	ἡμᾶς
18761	φέρειν
18762	καὶ
18763	ἄγειν
18764	ἐκ
18765	τῆς
18766	Εὐβοίας
18767	,
18768	ἐν
18769	εἰρήνῃ
18770	τὴν
18771	Ἀττικὴν
18772	ἐκ
18773	θαλάττης
18774	εἶναι
18775	πάντα
18776	τὸν
18777	πόλεμον
18778	·
18779	ἀντὶ
18780	δὲ
18781	τοῦ
18782	τὸν
18783	Ἑλλήσποντον
18784	ἔχειν
18785	Φίλιππον
18786	λαβόντα
18787	Βυζάντιον
18788	,
18789	συμπολεμεῖν
18790	τοὺς
18791	Βυζαντίους
18792	μεθ’
18793	ἡμῶν
18794	πρὸς
18795	ἐκεῖνον
18796	.
18797	ἆρά
18798	σοι
18799	ψήφοις
18800	ὅμοιος
18801	ὁ
18802	τῶν
18803	ἔργων
18804	λογισμὸς
18805	φαίνεται
18806	;
18807	ἢ
18808	δεῖν
18809	ἀντανελεῖν
18810	ταῦτα
18811	,
18812	ἀλλ’
18813	οὐχ
18814	ὅπως
18815	τὸν
18816	ἅπαντα
18817	χρόνον
18818	μνημονευθήσεται
18819	σκέψασθαι
18820	;
18821	καὶ
18822	οὐκέτι
18823	προστίθημι
18824	ὅτι
18825	τῆς
18826	μὲν
18827	ὠμότητος
18828	,
18829	ἣν
18830	ἐν
18831	οἷς
18832	καθάπαξ
18833	τινῶν
18834	κατέστη
18835	κύριος
18836	Φίλιππος
18837	ἔστιν
18838	ἰδεῖν
18839	,
18840	ἑτέροις
18841	πειραθῆναι
18842	συνέβη
18843	,
18844	τῆς
18845	δὲ
18846	φιλανθρωπίας
18847	,
18848	ἣν
18849	τὰ
18850	λοιπὰ
18851	τῶν
18852	πραγμάτων
18853	ἐκεῖνος
18854	περιβαλλόμενος
18855	ἐπλάττετο
18856	,
18857	ὑμεῖς
18858	καλῶς
18859	ποιοῦντες
18860	τοὺς
18861	καρποὺς
18862	κεκόμισθε
18863	.
18864	ἀλλ’
18865	ἐῶ
18866	ταῦτα
18867	.
18868	καὶ
18869	μὴν
18870	οὐ
18871	δὲ
18872	τοῦτ’
18873	εἰπεῖν
18874	ὀκνήσω
18875	,
18876	ὅτι
18877	ὁ
18878	τὸν
18879	ῥήτορα
18880	βουλόμενος
18881	δικαίως
18882	ἐξετάζειν
18883	καὶ
18884	μὴ
18885	συκοφαντεῖν
18886	οὐκ
18887	ἂν
18888	οἷα
18889	σὺ
18890	νῦν
18891	ἔλεγες
18892	,
18893	τοιαῦτα
18894	κατηγόρει
18895	,
18896	παραδείγματα
18897	πλάττων
18898	καὶ
18899	ῥήματα
18900	καὶ
18901	σχήματα
18902	μιμούμενος
18903	(
18904	πάνυ
18905	γὰρ
18906	παρὰ
18907	τοῦτο
18908	,
18909	οὐχ
18910	ὁρᾷς
18911	;
18912	γέγονεν
18913	τὰ
18914	τῶν
18915	Ἑλλήνων
18916	,
18917	εἰ
18918	τουτὶ
18919	τὸ
18920	ῥῆμα
18921	,
18922	ἀλλὰ
18923	μὴ
18924	τουτὶ
18925	διελέχθην
18926	ἐγώ
18927	,
18928	ἢ
18929	δευρὶ
18930	τὴν
18931	χεῖρα
18932	,
18933	ἀλλὰ
18934	μὴ
18935	δευρὶ
18936	παρήνεγκα
18937	)
18938	,
18939	ἀλλ’
18940	ἐπ’
18941	αὐτῶν
18942	τῶν
18943	ἔργων
18944	ἂν
18945	ἐσκόπει
18946	τίνας
18947	εἶχεν
18948	ἀφορμὰς
18949	ἡ
18950	πόλις
18951	καὶ
18952	τίνας
18953	δυνάμεις
18954	,
18955	ὅτ’
18956	εἰς
18957	τὰ
18958	πράγματ’
18959	εἰσῄειν
18960	,
18961	καὶ
18962	τίνας
18963	συνήγαγον
18964	αὐτῇ
18965	μετὰ
18966	ταῦτ’
18967	ἐπιστὰς
18968	ἐγώ
18969	,
18970	καὶ
18971	πῶς
18972	εἶχε
18973	τὰ
18974	τῶν
18975	ἐναντίων
18976	.
18977	εἶτ’
18978	εἰ
18979	μὲν
18980	ἐλάττους
18981	ἐποίησα
18982	τὰς
18983	δυνάμεις
18984	,
18985	παρ’
18986	ἐμοὶ
18987	τ
18988	ἀδίκημ’
18989	ἂν
18990	ἐδείκνυεν
18991	ὄν
18992	,
18993	εἰ
18994	δὲ
18995	πολλῷ
18996	μείζους
18997	,
18998	οὐκ
18999	ἂν
19000	ἐσυκοφάντει
19001	.
19002	ἐπειδὴ
19003	δὲ
19004	σὺ
19005	τοῦτο
19006	πέφευγας
19007	,
19008	ἐγὼ
19009	ποιήσω
19010	·
19011	καὶ
19012	σκοπεῖτ’
19013	εἰ
19014	δικαίως
19015	χρήσομαι
19016	τῷ
19017	λόγῳ
19018	.
19019	δύναμιν
19020	μὲν
19021	τοίνυν
19022	εἶχεν
19023	ἡ
19024	πόλις
19025	τοὺς
19026	νησιώτας
19027	,
19028	οὐχ
19029	ἅπαντας
19030	,
19031	ἀλλὰ
19032	τοὺς
19033	ἀσθενεστάτους
19034	·
19035	οὔ
19036	τε
19037	γὰρ
19038	Χίος
19039	οὔ
19040	τε
19041	Ῥόδος
19042	οὔ
19043	τε
19044	Κέρκυρα
19045	μεθ’
19046	ἡμῶν
19047	ἦν
19048	·
19049	χρημάτων
19050	δὲ
19051	σύνταξιν
19052	εἰς
19053	πέντε
19054	καὶ
19055	τετταράκοντα
19056	τάλαντα
19057	,
19058	καὶ
19059	ταῦτ’
19060	ἦν
19061	προεξειλεγμένα
19062	·
19063	ὁπλίτην
19064	δ’
19065	ἢ
19066	ἱππέα
19067	πλὴν
19068	τῶν
19069	οἰκείων
19070	οὐδένα
19071	.
19072	ὃ
19073	δὲ
19074	πάντων
19075	καὶ
19076	φοβερώτατον
19077	καὶ
19078	μάλισθ’
19079	ὑπὲρ
19080	τῶν
19081	ἐχθρῶν
19082	,
19083	οὗτοι
19084	παρεσκευάκεσαν
19085	τοὺς
19086	περιχώρους
19087	πάντας
19088	ἔχθρας
19089	ἢ
19090	φιλίας
19091	ἐγγυτέρω
19092	,
19093	Μεγαρέας
19094	,
19095	Θηβαίους
19096	,
19097	Εὐβοέας
19098	.
19099	τὰ
19100	μὲν
19101	τῆς
19102	πόλεως
19103	οὕτως
19104	ὑπῆρχεν
19105	ἔχοντα
19106	,
19107	καὶ
19108	οὐδεὶς
19109	ἂν
19110	ἔχοι
19111	παρὰ
19112	ταῦτ’
19113	εἰπεῖν
19114	ἄλλ’
19115	οὐδέν
19116	·
19117	τὰ
19118	δὲ
19119	τοῦ
19120	Φιλίππου
19121	,
19122	πρὸς
19123	ὃν
19124	ἦν
19125	ἡμῖν
19126	ὁ
19127	ἀγών
19128	,
19129	σκέψασθε
19130	πῶς
19131	.
19132	πρῶτον
19133	μὲν
19134	ἦρχε
19135	τῶν
19136	ἀκολουθούντων
19137	αὐτὸς
19138	αὐτοκράτωρ
19139	,
19140	ὃ
19141	τῶν
19142	εἰς
19143	τὸν
19144	πόλεμον
19145	μέγιστόν
19146	ἐστιν
19147	ἁπάντων
19148	·
19149	εἶθ’
19150	οὗτοι
19151	τὰ
19152	ὅπλ’
19153	εἶχον
19154	ἐν
19155	ταῖς
19156	χερσὶν
19157	ἀεί
19158	·
19159	ἔπειτα
19160	χρημάτων
19161	ηὐπόρει
19162	καὶ
19163	ἔπραττεν
19164	ἃ
19165	δόξειεν
19166	αὐτῷ
19167	,
19168	οὐ
19169	προλέγων
19170	ἐν
19171	τοῖς
19172	ψηφίσμασιν
19173	,
19174	οὐδ’
19175	ἐν
19176	τῷ
19177	φανερῷ
19178	βουλευόμενος
19179	,
19180	οὐδ’
19181	ὑπὸ
19182	τῶν
19183	συκοφαντούντων
19184	κρινόμενος
19185	,
19186	οὐ
19187	δὲ
19188	γραφὰς
19189	φεύγων
19190	παρανόμων
19191	,
19192	οὐδ’
19193	ὑπεύθυνος
19194	ὢν
19195	οὐδενί
19196	,
19197	ἀλλ’
19198	ἁπλῶς
19199	αὐτὸς
19200	δεσπότης
19201	,
19202	ἡγεμών
19203	,
19204	κύριος
19205	πάντων
19206	.
19207	ἐγὼ
19208	δ’
19209	ὁ
19210	πρὸς
19211	τοῦτον
19212	ἀντιτεταγμένος
19213	(
19214	καὶ
19215	γὰρ
19216	τοῦτ’
19217	ἐξετάσαι
19218	δίκαιον
19219	)
19220	τίνος
19221	κύριος
19222	ἦν
19223	;
19224	οὐδενός
19225	·
19226	αὐτὸ
19227	γὰρ
19228	τὸ
19229	δημηγορεῖν
19230	πρῶτον
19231	,
19232	οὗ
19233	μόνου
19234	μετεῖχον
19235	ἐγώ
19236	,
19237	ἐξ
19238	ἴσου
19239	προὐτίθεθ’
19240	ὑμεῖς
19241	τοῖς
19242	παρ’
19243	ἐκείνου
19244	μισθαρνοῦσι
19245	καὶ
19246	ἐμοί
19247	,
19248	καὶ
19249	ὅσ’
19250	οὗτοι
19251	περιγένοιντ’
19252	ἐμοῦ
19253	(
19254	πολλὰ
19255	δ’
19256	ἐγίγνετο
19257	ταῦτα
19258	,
19259	δι’
19260	ἣν
19261	ἕκαστον
19262	τύχοι
19263	πρόφασιν
19264	)
19265	,
19266	ταῦθ’
19267	ὑπὲρ
19268	τῶν
19269	ἐχθρῶν
19270	ἀπῇτε
19271	βεβουλευμένοι
19272	.
19273	ἀλλ’
19274	ὅμως
19275	ἐκ
19276	τοιούτων
19277	ἐλαττωμάτων
19278	ἐγὼ
19279	συμμάχους
19280	μὲν
19281	ὑμῖν
19282	ἐποίησα
19283	Εὐβοέας
19284	,
19285	Ἀχαιούς
19286	,
19287	Κορινθίους
19288	,
19289	Θηβαίους
19290	,
19291	Μεγαρέας
19292	,
19293	Λευκαδίους
19294	,
19295	Κερκυραίους
19296	,
19297	ἀφ’
19298	ὧν
19299	μύριοι
19300	μὲν
19301	καὶ
19302	πεντακισχίλιοι
19303	ξένοι
19304	,
19305	δισχίλιοι
19306	δ’
19307	ἱππεῖς
19308	ἄνευ
19309	τῶν
19310	πολιτικῶν
19311	δυνάμεων
19312	συνήχθησαν
19313	·
19314	χρημάτων
19315	δ’
19316	ὅσων
19317	ἐδυνήθην
19318	ἐγὼ
19319	πλείστων
19320	συντέλειαν
19321	ἐποίησα
19322	.
19323	εἰ
19324	δὲ
19325	λέγεις
19326	ἢ
19327	τὰ
19328	πρὸς
19329	Θηβαίους
19330	δίκαι’
19331	,
19332	Αἰσχίνη
19333	,
19334	ἢ
19335	τὰ
19336	πρὸς
19337	Βυζαντίους
19338	ἢ
19339	τὰ
19340	πρὸς
19341	Εὐβοέας
19342	,
19343	ἢ
19344	περὶ
19345	τῶν
19346	ἴσων
19347	νυνὶ
19348	διαλέγει
19349	,
19350	πρῶτον
19351	μὲν
19352	ἀγνοεῖς
19353	ὅτι
19354	καὶ
19355	πρότερον
19356	τῶν
19357	ὑπὲρ
19358	τῶν
19359	Ἑλλήνων
19360	ἐκείνων
19361	ἀγωνισαμένων
19362	τριήρων
19363	,
19364	τριακοσίων
19365	οὐσῶν
19366	τῶν
19367	πασῶν
19368	,
19369	τὰς
19370	διακοσίας
19371	ἡ
19372	πόλις
19373	παρέσχετο
19374	,
19375	καὶ
19376	οὐκ
19377	ἐλαττοῦσθαι
19378	νομίζουσα
19379	οὐ
19380	δὲ
19381	κρίνουσα
19382	τοὺς
19383	ταῦτα
19384	συμβουλεύσαντας
19385	οὐδ’
19386	ἀγανακτοῦσ’
19387	ἐπὶ
19388	τούτοις
19389	ἑωρᾶτο
19390	(
19391	αἰσχρὸν
19392	γάρ
19393	)
19394	,
19395	ἀλλὰ
19396	τοῖς
19397	θεοῖς
19398	ἔχουσα
19399	χάριν
19400	,
19401	εἰ
19402	κοινοῦ
19403	κινδύνου
19404	τοῖς
19405	Ἕλλησι
19406	περιστάντος
19407	αὐτὴ
19408	διπλάσια
19409	τῶν
19410	ἄλλων
19411	εἰς
19412	τὴν
19413	ἁπάντων
19414	σωτηρίαν
19415	παρέσχετο
19416	.
19417	εἶτα
19418	κενὰς
19419	χαρίζει
19420	χάριτας
19421	τουτοισὶ
19422	συκοφαντῶν
19423	ἐμέ
19424	.
19425	τί
19426	γὰρ
19427	νῦν
19428	λέγεις
19429	οἷ’
19430	ἐχρῆν
19431	πράττειν
19432	,
19433	ἀλλ’
19434	οὐ
19435	τότ’
19436	ὢν
19437	ἐν
19438	τῇ
19439	πόλει
19440	καὶ
19441	παρὼν
19442	ταῦτ’
19443	ἔγραφες
19444	,
19445	εἴπερ
19446	ἐνεδέχετο
19447	παρὰ
19448	τοὺς
19449	παρόντας
19450	καιρούς
19451	,
19452	ἐν
19453	οἷς
19454	οὐχ
19455	ὅσ’
19456	ἐβουλόμεθα
19457	,
19458	ἀλλ’
19459	ὅσα
19460	δοίη
19461	τὰ
19462	πράγματ’
19463	ἔδει
19464	δέχεσθαι
19465	·
19466	ὁ
19467	γὰρ
19468	ἀντωνούμενος
19469	καὶ
19470	ταχὺ
19471	τοὺς
19472	παρ’
19473	ἡμῶν
19474	ἀπελαυνομένους
19475	προσδεξόμενος
19476	καὶ
19477	χρήματα
19478	προσθήσων
19479	ὑπῆρχεν
19480	ἕτοιμος
19481	.
19482	ἀλλ’
19483	εἰ
19484	νῦν
19485	ἐπὶ
19486	τοῖς
19487	πεπραγμένοις
19488	κατηγορίας
19489	ἔχω
19490	,
19491	τί
19492	ἂν
19493	οἴεσθε
19494	,
19495	εἰ
19496	τότ’
19497	ἐμοῦ
19498	περὶ
19499	τούτων
19500	ἀκριβολογουμένου
19501	,
19502	ἀπῆλθον
19503	αἱ
19504	πόλεις
19505	καὶ
19506	προσέθεντο
19507	Φιλίππῳ
19508	,
19509	καὶ
19510	ἅμ’
19511	Εὐβοίας
19512	καὶ
19513	Θηβῶν
19514	καὶ
19515	Βυζαντίου
19516	κύριος
19517	κατέστη
19518	,
19519	τί
19520	ποιεῖν
19521	ἂν
19522	ἢ
19523	τί
19524	λέγειν
19525	τοὺς
19526	ἀσεβεῖς
19527	ἀνθρώπους
19528	τουτουσί
19529	;
19530	οὐχ
19531	ὡς
19532	ἐξεδόθησαν
19533	;
19534	οὐχ
19535	ὡς
19536	ἀπηλάθησαν
19537	βουλόμενοι
19538	μεθ’
19539	ὑμῶν
19540	εἶναι
19541	;
19542	εἶτα
19543	τοῦ
19544	μὲν
19545	Ἑλλησπόντου
19546	διὰ
19547	Βυζαντίων
19548	ἐγκρατὴς
19549	καθέστηκε
19550	,
19551	καὶ
19552	τῆς
19553	σιτοπομπίας
19554	τῆς
19555	τῶν
19556	Ἑλλήνων
19557	κύριος
19558	,
19559	πόλεμος
19560	δ’
19561	ὅμορος
19562	καὶ
19563	βαρὺς
19564	εἰς
19565	τὴν
19566	Ἀττικὴν
19567	διὰ
19568	Θηβαίων
19569	κεκόμισται
19570	,
19571	ἄπλους
19572	δ’
19573	ἡ
19574	θάλαττα
19575	ὑπὸ
19576	τῶν
19577	ἐκ
19578	τῆς
19579	Εὐβοίας
19580	ὁρμωμένων
19581	λῃστῶν
19582	γέγονεν
19583	·
19584	οὐκ
19585	ἂν
19586	ταῦτ’
19587	ἔλεγον
19588	καὶ
19589	πολλά
19590	γε
19591	πρὸς
19592	τούτοις
19593	ἕτερα
19594	;
19595	πονηρόν
19596	,
19597	ἄνδρες
19598	Ἀθηναῖοι
19599	,
19600	πονηρὸν
19601	ὁ
19602	συκοφάντης
19603	ἀεὶ
19604	καὶ
19605	πανταχόθεν
19606	βάσκανον
19607	καὶ
19608	φιλαίτιον
19609	·
19610	τοῦτο
19611	δὲ
19612	καὶ
19613	φύσει
19614	κίναδος
19615	τ
19616	ἀνθρώπιόν
19617	ἐστιν
19618	,
19619	οὐδὲν
19620	ἐξ
19621	ἀρχῆς
19622	ὑγιὲς
19623	πεποιηκὸς
19624	οὐδ’
19625	ἐλεύθερον
19626	,
19627	αὐτοτραγικὸς
19628	πίθηκος
19629	,
19630	ἀρουραῖος
19631	Οἰνόμαος
19632	,
19633	παράσημος
19634	ῥήτωρ
19635	.
19636	τί
19637	γὰρ
19638	ἡ
19639	σὴ
19640	δεινότης
19641	εἰς
19642	ὄνησιν
19643	ἥκει
19644	τῇ
19645	πατρίδι
19646	;
19647	νῦν
19648	ἡμῖν
19649	λέγεις
19650	περὶ
19651	τῶν
19652	παρεληλυθότων
19653	;
19654	ὥσπερ
19655	ἂν
19656	εἴ
19657	τις
19658	ἰατρὸς
19659	ἀσθενοῦσι
19660	μὲν
19661	τοῖς
19662	κάμνουσιν
19663	εἰσιὼν
19664	μὴ
19665	λέγοι
19666	μη
19667	δὲ
19668	δεικνύοι
19669	δι’
19670	ὧν
19671	ἀποφεύξονται
19672	τὴν
19673	νόσον
19674	,
19675	ἐπειδὴ
19676	δὲ
19677	τελευτήσειέ
19678	τις
19679	αὐτῶν
19680	καὶ
19681	τὰ
19682	νομιζόμεν’
19683	αὐτῷ
19684	φέροιτο
19685	,
19686	ἀκολουθῶν
19687	ἐπὶ
19688	τὸ
19689	μνῆμα
19690	διεξίοι
19691	εἰ
19692	τὸ
19693	καὶ
19694	τὸ
19695	ἐποίησεν
19696	ἅνθρωπος
19697	οὑτοσί
19698	,
19699	οὐκ
19700	ἂν
19701	ἀπέθανεν
19702	.
19703	ἐμβρόντητε
19704	,
19705	εἶτα
19706	νῦν
19707	λέγεις
19708	;
19709	οὐ
19710	τοίνυν
19711	οὐ
19712	δὲ
19713	τὴν
19714	ἧτταν
19715	,
19716	εἰ
19717	ταύτῃ
19718	γαυριᾷς
19719	ἐφ’
19720	ᾗ
19721	στένειν
19722	σ’
19723	,
19724	ὦ
19725	κατάρατε
19726	,
19727	προσῆκεν
19728	,
19729	ἐν
19730	οὐδενὶ
19731	τῶν
19732	παρ’
19733	ἐμοὶ
19734	γεγονυῖαν
19735	εὑρήσετε
19736	τῇ
19737	πόλει
19738	.
19739	οὑτωσὶ
19740	δὲ
19741	λογίζεσθε
19742	.
19743	οὐδαμοῦ
19744	πώποθ’
19745	,
19746	ὅποι
19747	πρεσβευτὴς
19748	ἐπέμφθην
19749	ὑφ’
19750	ὑμῶν
19751	ἐγώ
19752	,
19753	ἡττηθεὶς
19754	ἀπῆλθον
19755	τῶν
19756	παρὰ
19757	Φιλίππου
19758	πρέσβεων
19759	,
19760	οὐκ
19761	ἐκ
19762	Θετταλίας
19763	οὐδ’
19764	ἐξ
19765	Ἀμβρακίας
19766	,
19767	οὐκ
19768	ἐξ
19769	Ἰλλυριῶν
19770	οὐ
19771	δὲ
19772	παρὰ
19773	τῶν
19774	Θρᾳκῶν
19775	βασιλέων
19776	,
19777	οὐκ
19778	ἐκ
19779	Βυζαντίου
19780	,
19781	οὐκ
19782	ἄλλοθεν
19783	οὐδαμόθεν
19784	,
19785	οὐ
19786	τὰ
19787	τελευταῖ’
19788	ἐκ
19789	Θηβῶν
19790	,
19791	ἀλλ’
19792	ἐν
19793	οἷς
19794	κρατηθεῖεν
19795	οἱ
19796	πρέσβεις
19797	αὐτοῦ
19798	τῷ
19799	λόγῳ
19800	,
19801	ταῦτα
19802	τοῖς
19803	ὅπλοις
19804	ἐπιὼν
19805	κατεστρέφετο
19806	.
19807	ταῦτ’
19808	οὖν
19809	ἀπαιτεῖς
19810	παρ’
19811	ἐμοῦ
19812	,
19813	καὶ
19814	οὐκ
19815	αἰσχύνει
19816	τὸν
19817	αὐτὸν
19818	εἴς
19819	τε
19820	μαλακίαν
19821	σκώπτων
19822	καὶ
19823	τῆς
19824	Φιλίππου
19825	δυνάμεως
19826	ἀξιῶν
19827	ἕν’
19828	ὄντα
19829	κρείττω
19830	γενέσθαι
19831	;
19832	καὶ
19833	ταῦτα
19834	τοῖς
19835	λόγοις
19836	;
19837	τίνος
19838	γὰρ
19839	ἄλλου
19840	κύριος
19841	ἦν
19842	ἐγώ
19843	;
19844	οὐ
19845	γὰρ
19846	τῆς
19847	γ’
19848	ἑκάστου
19849	ψυχῆς
19850	,
19851	οὐ
19852	δὲ
19853	τῆς
19854	τύχης
19855	τῶν
19856	παραταξαμένων
19857	,
19858	οὐ
19859	δὲ
19860	τῆς
19861	στρατηγίας
19862	,
19863	ἧς
19864	ἔμ’
19865	ἀπαιτεῖς
19866	εὐθύνας
19867	·
19868	οὕτω
19869	σκαιὸς
19870	εἶ
19871	.
19872	ἀλλὰ
19873	μὴν
19874	ὧν
19875	γ’
19876	ἂν
19877	ὁ
19878	ῥήτωρ
19879	ὑπεύθυνος
19880	εἴη
19881	,
19882	πᾶσαν
19883	ἐξέτασιν
19884	λαμβάνετε
19885	·
19886	οὐ
19887	παραιτοῦμαι
19888	.
19889	τίν’
19890	οὖν
19891	ἐστι
19892	ταῦτα
19893	;
19894	ἰδεῖν
19895	τὰ
19896	πράγματ’
19897	ἀρχόμενα
19898	καὶ
19899	προαισθέσθαι
19900	καὶ
19901	προειπεῖν
19902	τοῖς
19903	ἄλλοις
19904	.
19905	ταῦτα
19906	πέπρακταί
19907	μοι
19908	.
19909	καὶ
19910	ἔτι
19911	τὰς
19912	ἑκασταχοῦ
19913	βραδυτῆτας
19914	,
19915	ὄκνους
19916	,
19917	ἀγνοίας
19918	,
19919	φιλονικίας
19920	,
19921	ἃ
19922	πολιτικὰ
19923	ταῖς
19924	πόλεσιν
19925	πρόσεστιν
19926	ἁπάσαις
19927	καὶ
19928	ἀναγκαῖ’
19929	ἁμαρτήματα
19930	,
19931	ταῦθ’
19932	ὡς
19933	εἰς
19934	ἐλάχιστα
19935	συστεῖλαι
19936	,
19937	καὶ
19938	τ
19939	οὐναντίον
19940	εἰς
19941	ὁμόνοιαν
19942	καὶ
19943	φιλίαν
19944	καὶ
19945	τὴν
19946	τοῦ
19947	τὰ
19948	δέοντα
19949	ποιεῖν
19950	ὁρμὴν
19951	προτρέψαι
19952	.
19953	καὶ
19954	ταῦτά
19955	μοι
19956	πάντα
19957	πεποίηται
19958	,
19959	καὶ
19960	οὐδεὶς
19961	μήποθ’
19962	εὕρῃ
19963	κατ’
19964	ἔμ’
19965	οὐδὲν
19966	ἐλλειφθέν
19967	.
19968	εἰ
19969	τοίνυν
19970	τις
19971	ἔροιθ’
19972	ὁντινοῦν
19973	τίσιν
19974	τὰ
19975	πλεῖστα
19976	Φίλιππος
19977	ὧν
19978	κατέπραξε
19979	διῳκήσατο
19980	,
19981	πάντες
19982	ἂν
19983	εἴποιεν
19984	τῷ
19985	στρατοπέδῳ
19986	καὶ
19987	τῷ
19988	διδόναι
19989	καὶ
19990	διαφθείρειν
19991	τοὺς
19992	ἐπὶ
19993	τῶν
19994	πραγμάτων
19995	.
19996	οὐκοῦν
19997	τῶν
19998	μὲν
19999	δυνάμεων
20000	οὔ
20001	τε
20002	κύριος
20003	οὔθ’
20004	ἡγεμὼν
20005	ἦν
20006	ἐγώ
20007	,
20008	ὥστ’
20009	οὐδ’
20010	ὁ
20011	λόγος
20012	τῶν
20013	κατὰ
20014	ταῦτα
20015	πραχθέντων
20016	πρὸς
20017	ἐμέ
20018	.
20019	καὶ
20020	μὴν
20021	τῷ
20022	διαφθαρῆναι
20023	χρήμασιν
20024	ἢ
20025	μὴ
20026	κεκράτηκα
20027	Φίλιππον
20028	·
20029	ὥσπερ
20030	γὰρ
20031	ὁ
20032	ὠνούμενος
20033	νενίκηκε
20034	τὸν
20035	λαβόντα
20036	,
20037	ἐὰν
20038	πρίηται
20039	,
20040	οὕτως
20041	ὁ
20042	μὴ
20043	λαβὼν
20044	νενίκηκε
20045	τὸν
20046	ὠνούμενον
20047	.
20048	ὥστ’
20049	ἀήττητος
20050	ἡ
20051	πόλις
20052	τὸ
20053	κατ’
20054	ἐμέ
20055	.
20056	ἃ
20057	μὲν
20058	τοίνυν
20059	ἐγὼ
20060	παρεσχόμην
20061	εἰς
20062	τὸ
20063	δικαίως
20064	τοιαῦτα
20065	γράφειν
20066	τοῦτον
20067	περὶ
20068	ἐμοῦ
20069	,
20070	πρὸς
20071	πολλοῖς
20072	ἑτέροις
20073	ταῦτα
20074	καὶ
20075	παραπλήσια
20076	τούτοις
20077	ἐστίν
20078	·
20079	ἃ
20080	δ’
20081	οἱ
20082	πάντες
20083	ὑμεῖς
20084	,
20085	ταῦτ’
20086	ἤδη
20087	λέξω
20088	.
20089	μετὰ
20090	γὰρ
20091	τὴν
20092	μάχην
20093	εὐθὺς
20094	ὁ
20095	δῆμος
20096	,
20097	εἰδὼς
20098	καὶ
20099	ἑορακὼς
20100	πάνθ’
20101	ὅσ’
20102	ἔπραττον
20103	ἐγώ
20104	,
20105	ἐν
20106	αὐτοῖς
20107	τοῖς
20108	δεινοῖς
20109	καὶ
20110	φοβεροῖς
20111	ἐμβεβηκώς
20112	,
20113	ἡνίκ’
20114	οὐδ’
20115	ἀγνωμονῆσαί
20116	τι
20117	θαυμαστὸν
20118	ἦν
20119	τοὺς
20120	πολλοὺς
20121	πρὸς
20122	ἐμέ
20123	,
20124	πρῶτον
20125	μὲν
20126	περὶ
20127	σωτηρίας
20128	τῆς
20129	πόλεως
20130	τὰς
20131	ἐμὰς
20132	γνώμας
20133	ἐχειροτόνει
20134	,
20135	καὶ
20136	πάνθ’
20137	ὅσα
20138	τῆς
20139	φυλακῆς
20140	εἵνεκ’
20141	ἐπράττετο
20142	,
20143	ἡ
20144	διάταξις
20145	τῶν
20146	φυλάκων
20147	,
20148	αἱ
20149	τάφροι
20150	,
20151	τὰ
20152	εἰς
20153	τὰ
20154	τείχη
20155	χρήματα
20156	,
20157	διὰ
20158	τῶν
20159	ἐμῶν
20160	ψηφισμάτων
20161	ἐγίγνετο
20162	·
20163	ἔπειθ’
20164	αἱρούμενος
20165	σιτώνην
20166	ἐκ
20167	πάντων
20168	ἔμ’
20169	ἐχειροτόνησεν
20170	ὁ
20171	δῆμος
20172	.
20173	καὶ
20174	μετὰ
20175	ταῦτα
20176	συστάντων
20177	οἷς
20178	ἦν
20179	ἐπιμελὲς
20180	κακῶς
20181	ἐμὲ
20182	ποιεῖν
20183	,
20184	καὶ
20185	γραφάς
20186	,
20187	εὐθύνας
20188	,
20189	εἰσαγγελίας
20190	,
20191	πάντα
20192	ταῦτ’
20193	ἐπαγόντων
20194	μοι
20195	,
20196	οὐ
20197	δι’
20198	ἑαυτῶν
20199	τό
20200	γε
20201	πρῶτον
20202	,
20203	ἀλλὰ
20204	δι’
20205	ὧν
20206	μάλισθ’
20207	ὑπελάμβανον
20208	ἀγνοήσεσθαι
20209	(
20210	ἴστε
20211	γὰρ
20212	δήπου
20213	καὶ
20214	μέμνησθ’
20215	ὅτι
20216	τοὺς
20217	πρώτους
20218	χρόνους
20219	κατὰ
20220	τὴν
20221	ἡμέραν
20222	ἑκάστην
20223	ἐκρινόμην
20224	ἐγώ
20225	,
20226	καὶ
20227	οὔτ’
20228	ἀπόνοια
20229	Σωσικλέους
20230	οὔ
20231	τε
20232	συκοφαντία
20233	Φιλοκράτους
20234	οὔ
20235	τε
20236	Διώνδου
20237	καὶ
20238	Μελάντου
20239	μανία
20240	οὔτ’
20241	ἄλλ’
20242	οὐδὲν
20243	ἀπείρατον
20244	ἦν
20245	τούτοις
20246	κατ’
20247	ἐμοῦ
20248	)
20249	,
20250	ἐν
20251	τοίνυν
20252	τούτοις
20253	πᾶσι
20254	μάλιστα
20255	μὲν
20256	διὰ
20257	τοὺς
20258	θεούς
20259	,
20260	δεύτερον
20261	δὲ
20262	δι’
20263	ὑμᾶς
20264	καὶ
20265	τοὺς
20266	ἄλλους
20267	Ἀθηναίους
20268	ἐσῳζόμην
20269	.
20270	δικαίως
20271	·
20272	τοῦτο
20273	γὰρ
20274	καὶ
20275	ἀληθές
20276	ἐστι
20277	καὶ
20278	ὑπὲρ
20279	τῶν
20280	ὀμωμοκότων
20281	καὶ
20282	γνόντων
20283	τὰ
20284	εὔορκα
20285	δικαστῶν
20286	.
20287	οὐκοῦν
20288	ἐν
20289	μὲν
20290	οἷς
20291	εἰσηγγελλόμην
20292	,
20293	ὅτ’
20294	ἀπεψηφίζεσθέ
20295	μου
20296	καὶ
20297	τὸ
20298	μέρος
20299	τῶν
20300	ψήφων
20301	τοῖς
20302	διώκουσιν
20303	οὐ
20304	μετεδίδοτε
20305	,
20306	τότ’
20307	ἐψηφίζεσθε
20308	τ
20309	ἄριστά
20310	με
20311	πράττειν
20312	·
20313	ἐν
20314	οἷς
20315	δὲ
20316	τὰς
20317	γραφὰς
20318	ἀπέφευγον
20319	,
20320	ἔννομα
20321	καὶ
20322	γράφειν
20323	καὶ
20324	λέγειν
20325	ἀπεδεικνύμην
20326	·
20327	ἐν
20328	οἷς
20329	δὲ
20330	τὰς
20331	εὐθύνας
20332	ἐπεσημαίνεσθε
20333	,
20334	δικαίως
20335	καὶ
20336	ἀδωροδοκήτως
20337	πάντα
20338	πεπρᾶχθαί
20339	μοι
20340	προσωμολογεῖτε
20341	.
20342	τούτων
20343	οὖν
20344	οὕτως
20345	ἐχόντων
20346	,
20347	τί
20348	προσῆκεν
20349	ἢ
20350	τί
20351	δίκαιον
20352	ἦν
20353	τοῖς
20354	ὑπ’
20355	ἐμοῦ
20356	πεπραγμένοις
20357	θέσθαι
20358	τὸν
20359	Κτησιφῶντ’
20360	ὄνομα
20361	;
20362	οὐχ
20363	ὃ
20364	τὸν
20365	δῆμον
20366	ἑώρα
20367	τιθέμενον
20368	,
20369	οὐχ
20370	ὃ
20371	τοὺς
20372	ὀμωμοκότας
20373	δικαστάς
20374	,
20375	οὐχ
20376	ὃ
20377	τὴν
20378	ἀλήθειαν
20379	παρὰ
20380	πᾶσι
20381	βεβαιοῦσαν
20382	;
20383	ναί
20384	,
20385	φησίν
20386	,
20387	ἀλλὰ
20388	τὸ
20389	τοῦ
20390	Κεφάλου
20391	καλόν
20392	,
20393	τὸ
20394	μηδεμίαν
20395	γραφὴν
20396	φυγεῖν
20397	.
20398	καὶ
20399	νὴ
20400	Δί’
20401	εὔδαιμόν
20402	γε
20403	.
20404	ἀλλὰ
20405	τί
20406	μᾶλλον
20407	ὁ
20408	πολλάκις
20409	μὲν
20410	φυγών
20411	,
20412	μηδεπώποτε
20413	δ’
20414	ἐξελεγχθεὶς
20415	ἀδικῶν
20416	ἐν
20417	ἐγκλήματι
20418	γίγνοιτ’
20419	ἂν
20420	διὰ
20421	τοῦτο
20422	δικαίως
20423	;
20424	καίτοι
20425	πρός
20426	γε
20427	τοῦτον
20428	,
20429	ἄνδρες
20430	Ἀθηναῖοι
20431	,
20432	καὶ
20433	τὸ
20434	τοῦ
20435	Κεφάλου
20436	καλὸν
20437	εἰπεῖν
20438	ἔστι
20439	μοι
20440	.
20441	οὐδεμίαν
20442	γὰρ
20443	πώποτ’
20444	ἐγράψατό
20445	μ’
20446	οὐδ’
20447	ἐδίωξε
20448	γραφήν
20449	,
20450	ὥσθ’
20451	ὑπὸ
20452	σοῦ
20453	γ’
20454	ὡμολόγημαι
20455	μηδὲν
20456	εἶναι
20457	τοῦ
20458	Κεφάλου
20459	χείρων
20460	πολίτης
20461	.
20462	πανταχόθεν
20463	μὲν
20464	τοίνυν
20465	ἄν
20466	τις
20467	ἴδοι
20468	τὴν
20469	ἀγνωμοσύνην
20470	αὐτοῦ
20471	καὶ
20472	τὴν
20473	βασκανίαν
20474	,
20475	οὐχ
20476	ἥκιστα
20477	δ’
20478	ἀφ’
20479	ὧν
20480	περὶ
20481	τῆς
20482	τύχης
20483	διελέχθη
20484	.
20485	ἐγὼ
20486	δ’
20487	ὅλως
20488	μέν
20489	,
20490	ὅστις
20491	ἄνθρωπος
20492	ὢν
20493	ἀνθρώπῳ
20494	τύχην
20495	προφέρει
20496	,
20497	ἀνόητον
20498	ἡγοῦμαι
20499	·
20500	ἣν
20501	γὰρ
20502	ὁ
20503	βέλτιστα
20504	πράττειν
20505	νομίζων
20506	καὶ
20507	ἀρίστην
20508	ἔχειν
20509	οἰόμενος
20510	οὐκ
20511	οἶδεν
20512	εἰ
20513	μενεῖ
20514	τοιαύτη
20515	μέχρι
20516	τῆς
20517	ἑσπέρας
20518	,
20519	πῶς
20520	χρὴ
20521	περὶ
20522	ταύτης
20523	λέγειν
20524	ἢ
20525	πῶς
20526	ὀνειδίζειν
20527	ἑτέρῳ
20528	;
20529	ἐπειδὴ
20530	δ’
20531	οὗτος
20532	πρὸς
20533	πολλοῖς
20534	ἄλλοις
20535	καὶ
20536	περὶ
20537	τούτων
20538	ὑπερηφάνως
20539	χρῆται
20540	τῷ
20541	λόγῳ
20542	,
20543	σκέψασθ’
20544	,
20545	ὦ
20546	ἄνδρες
20547	Ἀθηναῖοι
20548	,
20549	καὶ
20550	θεωρήσατε
20551	ὅσῳ
20552	καὶ
20553	ἀληθέστερον
20554	καὶ
20555	ἀνθρωπινώτερον
20556	ἐγὼ
20557	περὶ
20558	τῆς
20559	τύχης
20560	τούτου
20561	διαλεχθήσομαι
20562	.
20563	ἐγὼ
20564	τὴν
20565	τῆς
20566	πόλεως
20567	τύχην
20568	ἀγαθὴν
20569	ἡγοῦμαι
20570	,
20571	καὶ
20572	ταῦθ’
20573	ὁρῶ
20574	καὶ
20575	τὸν
20576	Δία
20577	τὸν
20578	Δωδωναῖον
20579	ὑμῖν
20580	μαντευόμενον
20581	,
20582	τὴν
20583	μέντοι
20584	τῶν
20585	πάντων
20586	ἀνθρώπων
20587	,
20588	ἣ
20589	νῦν
20590	ἐπέχει
20591	,
20592	χαλεπὴν
20593	καὶ
20594	δεινήν
20595	·
20596	τίς
20597	γὰρ
20598	Ἑλλήνων
20599	ἢ
20600	τίς
20601	βαρβάρων
20602	οὐ
20603	πολλῶν
20604	κακῶν
20605	ἐν
20606	τῷ
20607	παρόντι
20608	πεπείραται
20609	;
20610	τὸ
20611	μὲν
20612	τοίνυν
20613	προελέσθαι
20614	τὰ
20615	κάλλιστα
20616	καὶ
20617	τὸ
20618	τῶν
20619	οἰηθέντων
20620	Ἑλλήνων
20621	,
20622	εἰ
20623	προοῖνθ’
20624	ἡμᾶς
20625	,
20626	ἐν
20627	εὐδαιμονίᾳ
20628	διάξειν
20629	αὐτῶν
20630	ἄμεινον
20631	πράττειν
20632	,
20633	τῆς
20634	ἀγαθῆς
20635	τύχης
20636	τῆς
20637	πόλεως
20638	εἶναι
20639	τίθημι
20640	·
20641	τὸ
20642	δὲ
20643	προσκροῦσαι
20644	καὶ
20645	μὴ
20646	πάνθ’
20647	ὡς
20648	ἐβουλόμεθ’
20649	ἡμῖν
20650	συμβῆναι
20651	,
20652	τῆς
20653	τῶν
20654	ἄλλων
20655	ἀνθρώπων
20656	τύχης
20657	τὸ
20658	ἐπιβάλλον
20659	ἐφ’
20660	ἡμᾶς
20661	μέρος
20662	μετειληφέναι
20663	νομίζω
20664	τὴν
20665	πόλιν
20666	.
20667	τὴν
20668	δ’
20669	ἰδίαν
20670	τύχην
20671	τὴν
20672	ἐμὴν
20673	καὶ
20674	τὴν
20675	ἑνὸς
20676	ἡμῶν
20677	ἑκάστου
20678	ἐν
20679	τοῖς
20680	ἰδίοις
20681	ἐξετάζειν
20682	δίκαιον
20683	εἶναι
20684	νομίζω
20685	.
20686	ἐγὼ
20687	μὲν
20688	οὑτωσὶ
20689	περὶ
20690	τῆς
20691	τύχης
20692	ἀξιῶ
20693	,
20694	ὀρθῶς
20695	καὶ
20696	δικαίως
20697	,
20698	ὡς
20699	ἐμαυτῷ
20700	δοκῶ
20701	,
20702	νομίζω
20703	δὲ
20704	καὶ
20705	ὑμῖν
20706	·
20707	ὁ
20708	δὲ
20709	τὴν
20710	ἰδίαν
20711	τύχην
20712	τὴν
20713	ἐμὴν
20714	τῆς
20715	κοινῆς
20716	τῆς
20717	πόλεως
20718	κυριωτέραν
20719	εἶναί
20720	φησι
20721	,
20722	τὴν
20723	μικρὰν
20724	καὶ
20725	φαύλην
20726	τῆς
20727	ἀγαθῆς
20728	καὶ
20729	μεγάλης
20730	.
20731	καὶ
20732	πῶς
20733	ἔνι
20734	τοῦτο
20735	γενέσθαι
20736	;
20737	καὶ
20738	μὴν
20739	εἴ
20740	γε
20741	τὴν
20742	ἐμὴν
20743	τύχην
20744	πάντως
20745	ἐξετάζειν
20746	,
20747	Αἰσχίνη
20748	,
20749	προαιρεῖ
20750	,
20751	πρὸς
20752	τὴν
20753	σεαυτοῦ
20754	σκόπει
20755	,
20756	κ
20757	ἂν
20758	εὕρῃς
20759	τὴν
20760	ἐμὴν
20761	βελτίω
20762	τῆς
20763	σῆς
20764	,
20765	παῦσαι
20766	λοιδορούμενος
20767	αὐτῇ
20768	.
20769	σκόπει
20770	τοίνυν
20771	εὐθὺς
20772	ἐξ
20773	ἀρχῆς
20774	.
20775	καί
20776	μου
20777	πρὸς
20778	Διὸς
20779	μηδεμίαν
20780	ψυχρότητα
20781	καταγνῷ
20782	μηδείς
20783	.
20784	ἐγὼ
20785	γὰρ
20786	οὔτ’
20787	εἴ
20788	τις
20789	πενίαν
20790	προπηλακίζει
20791	,
20792	νοῦν
20793	ἔχειν
20794	ἡγοῦμαι
20795	,
20796	οὔτ’
20797	εἴ
20798	τις
20799	ἐν
20800	ἀφθόνοις
20801	τραφεὶς
20802	ἐπὶ
20803	τούτῳ
20804	σεμνύνεται
20805	·
20806	ἀλλ’
20807	ὑπὸ
20808	τῆς
20809	τουτουὶ
20810	τοῦ
20811	χαλεποῦ
20812	βλασφημίας
20813	καὶ
20814	συκοφαντίας
20815	εἰς
20816	τοιούτους
20817	λόγους
20818	ἐμπίπτειν
20819	ἀναγκάζομαι
20820	,
20821	οἷς
20822	ἐκ
20823	τῶν
20824	ἐνόντων
20825	ὡς
20826	ἂν
20827	δύνωμαι
20828	μετριώτατα
20829	χρήσομαι
20830	.
20831	ἐμοὶ
20832	μὲν
20833	τοίνυν
20834	ὑπῆρξεν
20835	,
20836	Αἰσχίνη
20837	,
20838	παιδὶ
20839	μὲν
20840	ὄντι
20841	φοιτᾶν
20842	εἰς
20843	τὰ
20844	προσήκοντα
20845	διδασκαλεῖα
20846	,
20847	καὶ
20848	ἔχειν
20849	ὅσα
20850	χρὴ
20851	τὸν
20852	μηδὲν
20853	αἰσχρὸν
20854	ποιήσοντα
20855	δι’
20856	ἔνδειαν
20857	,
20858	ἐξελθόντι
20859	δ’
20860	ἐκ
20861	παίδων
20862	ἀκόλουθα
20863	τούτοις
20864	πράττειν
20865	,
20866	χορηγεῖν
20867	,
20868	τριηραρχεῖν
20869	,
20870	εἰσφέρειν
20871	,
20872	μηδεμιᾶς
20873	φιλοτιμίας
20874	μήτ’
20875	ἰδίας
20876	μή
20877	τε
20878	δημοσίας
20879	ἀπολείπεσθαι
20880	,
20881	ἀλλὰ
20882	καὶ
20883	τῇ
20884	πόλει
20885	καὶ
20886	τοῖς
20887	φίλοις
20888	χρήσιμον
20889	εἶναι
20890	,
20891	ἐπειδὴ
20892	δὲ
20893	πρὸς
20894	τὰ
20895	κοινὰ
20896	προσελθεῖν
20897	ἔδοξέ
20898	μοι
20899	,
20900	τοιαῦτα
20901	πολιτεύμαθ’
20902	ἑλέσθαι
20903	ὥστε
20904	καὶ
20905	ὑπὸ
20906	τῆς
20907	πατρίδος
20908	καὶ
20909	ὑπ’
20910	ἄλλων
20911	Ἑλλήνων
20912	πολλῶν
20913	πολλάκις
20914	ἐστεφανῶσθαι
20915	,
20916	καὶ
20917	μη
20918	δὲ
20919	τοὺς
20920	ἐχθροὺς
20921	ὑμᾶς
20922	,
20923	ὡς
20924	οὐ
20925	καλά
20926	γ’
20927	ἦν
20928	ἃ
20929	προειλόμην
20930	,
20931	ἐπιχειρεῖν
20932	λέγειν
20933	.
20934	ἐγὼ
20935	μὲν
20936	δὴ
20937	τοιαύτῃ
20938	συμβεβίωκα
20939	τύχῃ
20940	,
20941	καὶ
20942	πόλλ’
20943	ἂν
20944	ἔχων
20945	ἕτερ’
20946	εἰπεῖν
20947	περὶ
20948	αὐτῆς
20949	παραλείπω
20950	,
20951	φυλαττόμενος
20952	τὸ
20953	λυπῆσαί
20954	τιν’
20955	ἐν
20956	οἷς
20957	σεμνύνομαι
20958	.
20959	σὺ
20960	δ’
20961	ὁ
20962	σεμνὸς
20963	ἀνὴρ
20964	καὶ
20965	διαπτύων
20966	τοὺς
20967	ἄλλους
20968	σκόπει
20969	πρὸς
20970	ταύτην
20971	ποίᾳ
20972	τινὶ
20973	κέχρησαι
20974	τύχῃ
20975	,
20976	δι’
20977	ἣν
20978	παῖς
20979	μὲν
20980	ὢν
20981	μετὰ
20982	πολλῆς
20983	τῆς
20984	ἐνδείας
20985	ἐτράφης
20986	,
20987	ἅμα
20988	τῷ
20989	πατρὶ
20990	πρὸς
20991	τῷ
20992	διδασκαλείῳ
20993	προσεδρεύων
20994	,
20995	τὸ
20996	μέλαν
20997	τρίβων
20998	καὶ
20999	τὰ
21000	βάθρα
21001	σπογγίζων
21002	καὶ
21003	τὸ
21004	παιδαγωγεῖον
21005	κορῶν
21006	,
21007	οἰκέτου
21008	τάξιν
21009	,
21010	οὐκ
21011	ἐλευθέρου
21012	παιδὸς
21013	ἔχων
21014	,
21015	ἀνὴρ
21016	δὲ
21017	γενόμενος
21018	τῇ
21019	μητρὶ
21020	τελούσῃ
21021	τὰς
21022	βίβλους
21023	ἀνεγίγνωσκες
21024	καὶ
21025	τ
21026	ἄλλα
21027	συνεσκευωροῦ
21028	,
21029	τὴν
21030	μὲν
21031	νύκτα
21032	νεβρίζων
21033	καὶ
21034	κρατηρίζων
21035	καὶ
21036	καθαίρων
21037	τοὺς
21038	τελουμένους
21039	καὶ
21040	ἀπομάττων
21041	τῷ
21042	πηλῷ
21043	καὶ
21044	τοῖς
21045	πιτύροις
21046	,
21047	καὶ
21048	ἀνιστὰς
21049	ἀπὸ
21050	τοῦ
21051	καθαρμοῦ
21052	κελεύων
21053	λέγειν
21054	ἔφυγον
21055	κακόν
21056	,
21057	εὗρον
21058	ἄμεινον
21059	,
21060	ἐπὶ
21061	τῷ
21062	μηδένα
21063	πώποτε
21064	τηλικοῦτ’
21065	ὀλολύξαι
21066	σεμνυνόμενος
21067	(
21068	καὶ
21069	ἔγωγε
21070	νομίζω
21071	·
21072	μὴ
21073	γὰρ
21074	οἴεσθ’
21075	αὐτὸν
21076	φθέγγεσθαι
21077	μὲν
21078	οὕτω
21079	μέγα
21080	,
21081	ὀλολύζειν
21082	δ’
21083	οὐχ
21084	ὑπέρλαμπρον
21085	)
21086	,
21087	ἐν
21088	δὲ
21089	ταῖς
21090	ἡμέραις
21091	τοὺς
21092	καλοὺς
21093	θιάσους
21094	ἄγων
21095	διὰ
21096	τῶν
21097	ὁδῶν
21098	,
21099	τοὺς
21100	ἐστεφανωμένους
21101	τῷ
21102	μαράθῳ
21103	καὶ
21104	τῇ
21105	λεύκῃ
21106	,
21107	τοὺς
21108	ὄφεις
21109	τοὺς
21110	παρείας
21111	θλίβων
21112	καὶ
21113	ὑπὲρ
21114	τῆς
21115	κεφαλῆς
21116	αἰωρῶν
21117	,
21118	καὶ
21119	βοῶν
21120	εὐοῖ
21121	σαβοῖ
21122	,
21123	καὶ
21124	ἐπορχούμενος
21125	ὑῆς
21126	ἄττης
21127	ἄττης
21128	ὑῆς
21129	,
21130	ἔξαρχος
21131	καὶ
21132	προηγεμὼν
21133	καὶ
21134	κιττοφόρος
21135	καὶ
21136	λικνοφόρος
21137	καὶ
21138	τοιαῦθ’
21139	ὑπὸ
21140	τῶν
21141	γρᾳδίων
21142	προσαγορευόμενος
21143	,
21144	μισθὸν
21145	λαμβάνων
21146	τούτων
21147	ἔνθρυπτα
21148	καὶ
21149	στρεπτοὺς
21150	καὶ
21151	νεήλατα
21152	,
21153	ἐφ’
21154	οἷς
21155	τίς
21156	οὐκ
21157	ἂν
21158	ὡς
21159	ἀληθῶς
21160	αὑτὸν
21161	εὐδαιμονίσειε
21162	καὶ
21163	τὴν
21164	αὑτοῦ
21165	τύχην
21166	;
21167	ἐπειδὴ
21168	δ’
21169	εἰς
21170	τοὺς
21171	δημότας
21172	ἐνεγράφης
21173	ὁπωσδήποτε
21174	,
21175	(
21176	ἐῶ
21177	γὰρ
21178	τοῦτο
21179	,
21180	)
21181	ἐπειδή
21182	γ’
21183	ἐνεγράφης
21184	,
21185	εὐθέως
21186	τὸ
21187	κάλλιστον
21188	ἐξελέξω
21189	τῶν
21190	ἔργων
21191	,
21192	γραμματεύειν
21193	καὶ
21194	ὑπηρετεῖν
21195	τοῖς
21196	ἀρχιδίοις
21197	.
21198	ὡς
21199	δ’
21200	ἀπηλλάγης
21201	ποτὲ
21202	καὶ
21203	τούτου
21204	,
21205	πάνθ’
21206	ἃ
21207	τῶν
21208	ἄλλων
21209	κατηγορεῖς
21210	αὐτὸς
21211	ποιήσας
21212	,
21213	οὐ
21214	κατῄσχυνας
21215	μὰ
21216	Δί’
21217	οὐδὲν
21218	τῶν
21219	προϋπηργμένων
21220	τῷ
21221	μετὰ
21222	ταῦτα
21223	βίῳ
21224	,
21225	ἀλλὰ
21226	μισθώσας
21227	σαυτὸν
21228	τοῖς
21229	βαρυστόνοις
21230	ἐπικαλουμένοις
21231	ὑποκριταῖς
21232	Σιμύκᾳ
21233	καὶ
21234	Σωκράτει
21235	,
21236	ἐτριταγωνίστεις
21237	,
21238	σῦκα
21239	καὶ
21240	βότρυς
21241	καὶ
21242	ἐλάας
21243	συλλέγων
21244	ὥσπερ
21245	ὀπωρώνης
21246	ἐκ
21247	τῶν
21248	ἀλλοτρίων
21249	χωρίων
21250	,
21251	πλείω
21252	λαμβάνων
21253	ἀπὸ
21254	τούτων
21255	ἢ
21256	τῶν
21257	ἀγώνων
21258	,
21259	οὓς
21260	ὑμεῖς
21261	περὶ
21262	τῆς
21263	ψυχῆς
21264	ἠγωνίζεσθε
21265	·
21266	ἦν
21267	γὰρ
21268	ἄσπονδος
21269	καὶ
21270	ἀκήρυκτος
21271	ὑμῖν
21272	πρὸς
21273	τοὺς
21274	θεατὰς
21275	πόλεμος
21276	,
21277	ὑφ’
21278	ὧν
21279	πολλὰ
21280	τραύματ’
21281	εἰληφὼς
21282	εἰκότως
21283	τοὺς
21284	ἀπείρους
21285	τῶν
21286	τοιούτων
21287	κινδύνων
21288	ὡς
21289	δειλοὺς
21290	σκώπτεις
21291	.
21292	ἀλλὰ
21293	γὰρ
21294	παρεὶς
21295	ὧν
21296	τὴν
21297	πενίαν
21298	αἰτιάσαιτ’
21299	ἄν
21300	τις
21301	,
21302	πρὸς
21303	αὐτὰ
21304	τὰ
21305	τοῦ
21306	τρόπου
21307	σου
21308	βαδιοῦμαι
21309	κατηγορήματα
21310	.
21311	τοιαύτην
21312	γὰρ
21313	εἵλου
21314	πολιτείαν
21315	,
21316	ἐπειδή
21317	ποτε
21318	καὶ
21319	τοῦτ’
21320	ἐπῆλθέ
21321	σοι
21322	ποιῆσαι
21323	,
21324	δι’
21325	ἣν
21326	εὐτυχούσης
21327	μὲν
21328	τῆς
21329	πατρίδος
21330	λαγὼ
21331	βίον
21332	ἔζης
21333	δεδιὼς
21334	καὶ
21335	τρέμων
21336	καὶ
21337	ἀεὶ
21338	πληγήσεσθαι
21339	προσδοκῶν
21340	ἐφ’
21341	οἷς
21342	σαυτῷ
21343	συνῄδεις
21344	ἀδικοῦντι
21345	,
21346	ἐν
21347	οἷς
21348	δ’
21349	ἠτύχησαν
21350	οἱ
21351	ἄλλοι
21352	,
21353	θρασὺς
21354	ὢν
21355	ὑφ’
21356	ἁπάντων
21357	ὦψαι
21358	.
21359	καίτοι
21360	ὅστις
21361	χιλίων
21362	πολιτῶν
21363	ἀποθανόντων
21364	ἐθάρρησε
21365	,
21366	τί
21367	οὗτος
21368	παθεῖν
21369	ὑπὸ
21370	τῶν
21371	ζώντων
21372	δίκαιός
21373	ἐστιν
21374	;
21375	πολλὰ
21376	τοίνυν
21377	ἕτερ’
21378	εἰπεῖν
21379	ἔχων
21380	περὶ
21381	αὐτοῦ
21382	παραλείψω
21383	·
21384	οὐ
21385	γὰρ
21386	ὅσ’
21387	ἂν
21388	δείξαιμι
21389	προσόντ’
21390	αἰσχρὰ
21391	τούτῳ
21392	καὶ
21393	ὀνείδη
21394	,
21395	πάντ’
21396	οἶμαι
21397	δεῖν
21398	εὐχερῶς
21399	λέγειν
21400	,
21401	ἀλλ’
21402	ὅσα
21403	μηδὲν
21404	αἰσχρόν
21405	ἐστιν
21406	εἰπεῖν
21407	ἐμοί
21408	.
21409	ἐξέτασον
21410	τοίνυν
21411	παρ’
21412	ἄλληλα
21413	τὰ
21414	σοὶ
21415	κ
21416	ἀμοὶ
21417	βεβιωμένα
21418	,
21419	πράως
21420	,
21421	μὴ
21422	πικρῶς
21423	,
21424	Αἰσχίνη
21425	·
21426	εἶτ’
21427	ἐρώτησον
21428	τουτουσὶ
21429	τὴν
21430	ποτέρου
21431	τύχην
21432	ἂν
21433	ἕλοιθ’
21434	ἕκαστος
21435	αὐτῶν
21436	.
21437	ἐδίδασκες
21438	γράμματα
21439	,
21440	ἐγὼ
21441	δ’
21442	ἐφοίτων
21443	.
21444	ἐτέλεις
21445	,
21446	ἐγὼ
21447	δ’
21448	ἐτελούμην
21449	.
21450	ἐγραμμάτευες
21451	,
21452	ἐγὼ
21453	δ’
21454	ἠκκλησίαζον
21455	.
21456	ἐτριταγωνίστεις
21457	,
21458	ἐγὼ
21459	δ’
21460	ἐθεώρουν
21461	.
21462	ἐξέπιπτες
21463	,
21464	ἐγὼ
21465	δ’
21466	ἐσύριττον
21467	.
21468	ὑπὲρ
21469	τῶν
21470	ἐχθρῶν
21471	πεπολίτευσαι
21472	πάντα
21473	,
21474	ἐγὼ
21475	δ’
21476	ὑπὲρ
21477	τῆς
21478	πατρίδος
21479	.
21480	ἐῶ
21481	τ
21482	ἄλλα
21483	,
21484	ἀλλὰ
21485	νυνὶ
21486	τήμερον
21487	ἐγὼ
21488	μὲν
21489	ὑπὲρ
21490	τοῦ
21491	στεφανωθῆναι
21492	δοκιμάζομαι
21493	,
21494	τὸ
21495	δὲ
21496	μηδ’
21497	ὁτιοῦν
21498	ἀδικεῖν
21499	ἀνωμολόγημαι
21500	,
21501	σοὶ
21502	δὲ
21503	συκοφάντῃ
21504	μὲν
21505	εἶναι
21506	δοκεῖν
21507	ὑπάρχει
21508	,
21509	κινδυνεύεις
21510	δ’
21511	εἴ
21512	τε
21513	δεῖ
21514	σ’
21515	ἔτι
21516	τοῦτο
21517	ποιεῖν
21518	,
21519	εἴτ’
21520	ἤδη
21521	πεπαῦσθαι
21522	μὴ
21523	μεταλαβόντα
21524	τὸ
21525	πέμπτον
21526	μέρος
21527	τῶν
21528	ψήφων
21529	.
21530	ἀγαθῇ
21531	γ’
21532	,
21533	οὐχ
21534	ὁρᾷς
21535	;
21536	τύχῃ
21537	συμβεβιωκὼς
21538	τῆς
21539	ἐμῆς
21540	κατηγορεῖς
21541	.
21542	φέρε
21543	δὴ
21544	καὶ
21545	τὰς
21546	τῶν
21547	λῃτουργιῶν
21548	μαρτυρίας
21549	ὧν
21550	λελῃτούργηκα
21551	ὑμῖν
21552	ἀναγνῶ
21553	.
21554	παρ’
21555	ἃς
21556	παρανάγνωθι
21557	καὶ
21558	σύ
21559	μοι
21560	τὰς
21561	ῥήσεις
21562	ἃς
21563	ἐλυμαίνου
21564	,
21565	ἥκω
21566	νεκρῶν
21567	κευθμῶνα
21568	καὶ
21569	σκότου
21570	πύλας
21571	καὶ
21572	κακαγγελεῖν
21573	μὲν
21574	ἴσθι
21575	μὴ
21576	θέλοντά
21577	με
21578	,
21579	καὶ
21580	κακὸν
21581	κακῶς
21582	σε
21583	μάλιστα
21584	μὲν
21585	οἱ
21586	θεοί
21587	,
21588	ἔπειθ’
21589	οὗτοι
21590	πάντες
21591	ἀπολέσειαν
21592	,
21593	πονηρὸν
21594	ὄντα
21595	καὶ
21596	πολίτην
21597	καὶ
21598	τριταγωνιστήν
21599	.
21600	λέγε
21601	τὰς
21602	μαρτυρίας
21603	.
21604	ΜΑΡΤΥΡΙΑΙ
21605	.
21606	ἐν
21607	μὲν
21608	τοίνυν
21609	τοῖς
21610	πρὸς
21611	τὴν
21612	πόλιν
21613	τοιοῦτος
21614	·
21615	ἐν
21616	δὲ
21617	τοῖς
21618	ἰδίοις
21619	εἰ
21620	μὴ
21621	πάντες
21622	ἴσθ’
21623	ὅτι
21624	κοινὸς
21625	καὶ
21626	φιλάνθρωπος
21627	καὶ
21628	τοῖς
21629	δεομένοις
21630	ἐπαρκῶν
21631	,
21632	σιωπῶ
21633	καὶ
21634	οὐδὲν
21635	ἂν
21636	εἴποιμι
21637	οὐ
21638	δὲ
21639	παρασχοίμην
21640	περὶ
21641	τούτων
21642	οὐδεμίαν
21643	μαρτυρίαν
21644	,
21645	οὔτ’
21646	εἴ
21647	τινας
21648	ἐκ
21649	τῶν
21650	πολεμίων
21651	ἐλυσάμην
21652	,
21653	οὔτ’
21654	εἴ
21655	τισιν
21656	θυγατέρας
21657	συνεξέδωκα
21658	,
21659	οὔ
21660	τε
21661	τῶν
21662	τοιούτων
21663	οὐδέν
21664	.
21665	καὶ
21666	γὰρ
21667	οὕτω
21668	πως
21669	ὑπείληφα
21670	.
21671	ἐγὼ
21672	νομίζω
21673	τὸν
21674	μὲν
21675	εὖ
21676	παθόντα
21677	δεῖν
21678	μεμνῆσθαι
21679	πάντα
21680	τὸν
21681	χρόνον
21682	,
21683	τὸν
21684	δὲ
21685	ποιήσαντ’
21686	εὐθὺς
21687	ἐπιλελῆσθαι
21688	,
21689	εἰ
21690	δεῖ
21691	τὸν
21692	μὲν
21693	χρηστοῦ
21694	,
21695	τὸν
21696	δὲ
21697	μὴ
21698	μικροψύχου
21699	ποιεῖν
21700	ἔργον
21701	ἀνθρώπου
21702	.
21703	τὸ
21704	δὲ
21705	τὰς
21706	ἰδίας
21707	εὐεργεσίας
21708	ὑπομιμνῄσκειν
21709	καὶ
21710	λέγειν
21711	μικροῦ
21712	δεῖν
21713	ὅμοιόν
21714	ἐστι
21715	τῷ
21716	ὀνειδίζειν
21717	.
21718	οὐ
21719	δὴ
21720	ποιήσω
21721	τοιοῦτον
21722	οὐδέν
21723	,
21724	οὐ
21725	δὲ
21726	προαχθήσομαι
21727	,
21728	ἀλλ’
21729	ὅπως
21730	ποθ’
21731	ὑπείλημμαι
21732	περὶ
21733	τούτων
21734	,
21735	ἀρκεῖ
21736	μοι
21737	.
21738	βούλομαι
21739	δὲ
21740	τῶν
21741	ἰδίων
21742	ἀπαλλαγεὶς
21743	ἔτι
21744	μικρὰ
21745	πρὸς
21746	ὑμᾶς
21747	εἰπεῖν
21748	περὶ
21749	τῶν
21750	κοινῶν
21751	.
21752	εἰ
21753	μὲν
21754	γὰρ
21755	ἔχεις
21756	,
21757	Αἰσχίνη
21758	,
21759	τῶν
21760	ὑπὸ
21761	τοῦτον
21762	τὸν
21763	ἥλιον
21764	εἰπεῖν
21765	ἀνθρώπων
21766	ὅστις
21767	ἀθῷος
21768	τῆς
21769	Φιλίππου
21770	πρότερον
21771	καὶ
21772	νῦν
21773	τῆς
21774	Ἀλεξάνδρου
21775	δυναστείας
21776	γέγονεν
21777	,
21778	ἢ
21779	τῶν
21780	Ἑλλήνων
21781	ἢ
21782	τῶν
21783	βαρβάρων
21784	,
21785	ἔστω
21786	,
21787	συγχωρῶ
21788	τὴν
21789	ἐμὴν
21790	εἴ
21791	τε
21792	τύχην
21793	εἴ
21794	τε
21795	δυστυχίαν
21796	ὀνομάζειν
21797	βούλει
21798	πάντων
21799	αἰτίαν
21800	γεγενῆσθαι
21801	.
21802	εἰ
21803	δὲ
21804	καὶ
21805	τῶν
21806	μηδεπώποτ’
21807	ἰδόντων
21808	ἐμὲ
21809	μη
21810	δὲ
21811	φωνὴν
21812	ἀκηκοότων
21813	ἐμοῦ
21814	πολλοὶ
21815	πολλὰ
21816	καὶ
21817	δεινὰ
21818	πεπόνθασι
21819	,
21820	μὴ
21821	μόνον
21822	κατ’
21823	ἄνδρα
21824	,
21825	ἀλλὰ
21826	καὶ
21827	πόλεις
21828	ὅλαι
21829	καὶ
21830	ἔθνη
21831	,
21832	πόσῳ
21833	δικαιότερον
21834	καὶ
21835	ἀληθέστερον
21836	τὴν
21837	ἁπάντων
21838	,
21839	ὡς
21840	ἔοικεν
21841	,
21842	ἀνθρώπων
21843	τύχην
21844	κοινὴν
21845	καὶ
21846	φοράν
21847	τινα
21848	πραγμάτων
21849	χαλεπὴν
21850	καὶ
21851	οὐχ
21852	οἵαν
21853	ἔδει
21854	τούτων
21855	αἰτίαν
21856	ἡγεῖσθαι
21857	.
21858	σὺ
21859	τοίνυν
21860	ταῦτ’
21861	ἀφεὶς
21862	ἐμὲ
21863	τὸν
21864	παρὰ
21865	τουτοισὶ
21866	πεπολιτευμένον
21867	αἰτιᾷ
21868	,
21869	καὶ
21870	ταῦτ’
21871	εἰδὼς
21872	ὅτι
21873	,
21874	καὶ
21875	εἰ
21876	μὴ
21877	τὸ
21878	ὅλον
21879	,
21880	μέρος
21881	γ’
21882	ἐπιβάλλει
21883	τῆς
21884	βλασφημίας
21885	ἅπασι
21886	,
21887	καὶ
21888	μάλιστα
21889	σοί
21890	.
21891	εἰ
21892	μὲν
21893	γὰρ
21894	ἐγὼ
21895	κατ’
21896	ἐμαυτὸν
21897	αὐτοκράτωρ
21898	περὶ
21899	τῶν
21900	πραγμάτων
21901	ἐβουλευόμην
21902	,
21903	ἦν
21904	ἂν
21905	τοῖς
21906	ἄλλοις
21907	ῥήτορσιν
21908	ὑμῖν
21909	ἔμ’
21910	αἰτιᾶσθαι
21911	·
21912	εἰ
21913	δὲ
21914	παρῆτε
21915	μὲν
21916	ἐν
21917	ταῖς
21918	ἐκκλησίαις
21919	ἁπάσαις
21920	,
21921	ἀεὶ
21922	δ’
21923	ἐν
21924	κοινῷ
21925	τὸ
21926	συμφέρον
21927	ἡ
21928	πόλις
21929	προὐτίθει
21930	σκοπεῖν
21931	,
21932	πᾶσι
21933	δὲ
21934	ταῦτ’
21935	ἐδόκει
21936	τότ’
21937	ἄριστ’
21938	εἶναι
21939	,
21940	καὶ
21941	μάλιστα
21942	σοί
21943	(
21944	οὐ
21945	γὰρ
21946	ἐπὶ
21947	εὐνοίᾳ
21948	γ’
21949	ἐμοὶ
21950	παρεχώρεις
21951	ἐλπίδων
21952	καὶ
21953	ζήλου
21954	καὶ
21955	τιμῶν
21956	,
21957	ἃ
21958	πάντα
21959	προσῆν
21960	τοῖς
21961	τότε
21962	πραττομένοις
21963	ὑπ’
21964	ἐμοῦ
21965	,
21966	ἀλλὰ
21967	τῆς
21968	ἀληθείας
21969	ἡττώμενος
21970	δηλονότι
21971	καὶ
21972	τῷ
21973	μηδὲν
21974	ἔχειν
21975	εἰπεῖν
21976	βέλτιον
21977	)
21978	,
21979	πῶς
21980	οὐκ
21981	ἀδικεῖς
21982	καὶ
21983	δεινὰ
21984	ποιεῖς
21985	τούτοις
21986	νῦν
21987	ἐγκαλῶν
21988	ὧν
21989	τότ’
21990	οὐκ
21991	εἶχες
21992	λέγειν
21993	βελτίω
21994	;
21995	παρὰ
21996	μὲν
21997	τοίνυν
21998	τοῖς
21999	ἄλλοις
22000	ἔγωγ’
22001	ὁρῶ
22002	πᾶσιν
22003	ἀνθρώποις
22004	διωρισμένα
22005	καὶ
22006	τεταγμένα
22007	πως
22008	τὰ
22009	τοιαῦτα
22010	.
22011	ἀδικεῖ
22012	τις
22013	ἑκών
22014	·
22015	ὀργὴν
22016	καὶ
22017	τιμωρίαν
22018	κατὰ
22019	τούτου
22020	.
22021	ἐξήμαρτέ
22022	τις
22023	ἄκων
22024	·
22025	συγγνώμην
22026	ἀντὶ
22027	τῆς
22028	τιμωρίας
22029	τούτῳ
22030	.
22031	οὔτ’
22032	ἀδικῶν
22033	τις
22034	οὔτ’
22035	ἐξαμαρτάνων
22036	εἰς
22037	τὰ
22038	πᾶσι
22039	δοκοῦντα
22040	συμφέρειν
22041	ἑαυτὸν
22042	δοὺς
22043	οὐ
22044	κατώρθωσεν
22045	μεθ’
22046	ἁπάντων
22047	·
22048	οὐκ
22049	ὀνειδίζειν
22050	οὐ
22051	δὲ
22052	λοιδορεῖσθαι
22053	τῷ
22054	τοιούτῳ
22055	δίκαιον
22056	,
22057	ἀλλὰ
22058	συνάχθεσθαι
22059	.
22060	φανήσεται
22061	ταῦτα
22062	πάνθ’
22063	οὕτως
22064	οὐ
22065	μόνον
22066	ἐν
22067	τοῖς
22068	νόμοις
22069	,
22070	ἀλλὰ
22071	καὶ
22072	ἡ
22073	φύσις
22074	αὐτὴ
22075	τοῖς
22076	ἀγράφοις
22077	νομίμοις
22078	καὶ
22079	τοῖς
22080	ἀνθρωπίνοις
22081	ἤθεσιν
22082	διώρικεν
22083	.
22084	Αἰσχίνης
22085	τοίνυν
22086	τοσοῦτον
22087	ὑπερβέβληκεν
22088	ἅπαντας
22089	ἀνθρώπους
22090	ὠμότητι
22091	καὶ
22092	συκοφαντίᾳ
22093	,
22094	ὥστε
22095	καὶ
22096	ὧν
22097	αὐτὸς
22098	ὡς
22099	ἀτυχημάτων
22100	ἐμέμνητο
22101	,
22102	καὶ
22103	ταῦτ’
22104	ἐμοῦ
22105	κατηγορεῖ
22106	.
22107	καὶ
22108	πρὸς
22109	τοῖς
22110	ἄλλοις
22111	,
22112	ὥσπερ
22113	αὐτὸς
22114	ἁπλῶς
22115	καὶ
22116	μετ’
22117	εὐνοίας
22118	πάντας
22119	εἰρηκὼς
22120	τοὺς
22121	λόγους
22122	,
22123	φυλάττειν
22124	ἐμὲ
22125	καὶ
22126	τηρεῖν
22127	ἐκέλευεν
22128	,
22129	ὅπως
22130	μὴ
22131	παρακρούσομαι
22132	μηδ’
22133	ἐξαπατήσω
22134	,
22135	δεινὸν
22136	καὶ
22137	γόητα
22138	καὶ
22139	σοφιστὴν
22140	καὶ
22141	τὰ
22142	τοιαῦτ’
22143	ὀνομάζων
22144	,
22145	ὡς
22146	ἐὰν
22147	πρότερός
22148	τις
22149	εἴπῃ
22150	τὰ
22151	προσόνθ’
22152	ἑαυτῷ
22153	περὶ
22154	ἄλλου
22155	,
22156	καὶ
22157	δὴ
22158	ταῦθ’
22159	οὕτως
22160	ἔχοντα
22161	,
22162	καὶ
22163	οὐκέτι
22164	τοὺς
22165	ἀκούοντας
22166	σκεψομένους
22167	τίς
22168	ποτ’
22169	αὐτός
22170	ἐστιν
22171	ὁ
22172	ταῦτα
22173	λέγων
22174	.
22175	ἐγὼ
22176	δ’
22177	οἶδ’
22178	οἶδ’
22179	ὅτι
22180	γιγνώσκετε
22181	τοῦτον
22182	ἅπαντες
22183	,
22184	καὶ
22185	πολὺ
22186	τούτῳ
22187	μᾶλλον
22188	ἢ
22189	ἐμοὶ
22190	νομίζετε
22191	ταῦτα
22192	προσεῖναι
22193	.
22194	κ
22195	ἀκεῖν’
22196	εὖ
22197	οἶδ’
22198	ὅτι
22199	τὴν
22200	ἐμὴν
22201	δεινότητα—ἔστω
22202	γάρ
22203	.
22204	καίτοι
22205	ἔγωγ’
22206	ὁρῶ
22207	τῆς
22208	τῶν
22209	λεγόντων
22210	δυνάμεως
22211	τοὺς
22212	ἀκούοντας
22213	τὸ
22214	πλεῖστον
22215	κυρίους
22216	·
22217	ὡς
22218	γὰρ
22219	ἂν
22220	ὑμεῖς
22221	ἀποδέξησθε
22222	καὶ
22223	πρὸς
22224	ἕκαστον
22225	ἔχητ’
22226	εὐνοίας
22227	,
22228	οὕτως
22229	ὁ
22230	λέγων
22231	ἔδοξε
22232	φρονεῖν
22233	.
22234	εἰ
22235	δ’
22236	οὖν
22237	ἐστι
22238	καὶ
22239	παρ’
22240	ἐμοί
22241	τις
22242	ἐμπειρία
22243	τοιαύτη
22244	,
22245	ταύτην
22246	μὲν
22247	εὑρήσετε
22248	πάντες
22249	ἐν
22250	τοῖς
22251	κοινοῖς
22252	ἐξεταζομένην
22253	ὑπὲρ
22254	ὑμῶν
22255	ἀεὶ
22256	καὶ
22257	οὐδαμοῦ
22258	καθ’
22259	ὑμῶν
22260	οὐδ’
22261	ἰδίᾳ
22262	,
22263	τὴν
22264	δὲ
22265	τούτου
22266	τ
22267	οὐναντίον
22268	οὐ
22269	μόνον
22270	τῷ
22271	λέγειν
22272	ὑπὲρ
22273	τῶν
22274	ἐχθρῶν
22275	,
22276	ἀλλὰ
22277	καὶ
22278	εἴ
22279	τις
22280	ἐλύπησέ
22281	τι
22282	τοῦτον
22283	ἢ
22284	προσέκρουσέ
22285	που
22286	,
22287	κατὰ
22288	τούτων
22289	.
22290	οὐ
22291	γὰρ
22292	αὐτῇ
22293	δικαίως
22294	,
22295	οὐδ’
22296	ἐφ’
22297	ἃ
22298	συμφέρει
22299	τῇ
22300	πόλει
22301	,
22302	χρῆται
22303	.
22304	οὔ
22305	τε
22306	γὰρ
22307	τὴν
22308	ὀργὴν
22309	οὔ
22310	τε
22311	τὴν
22312	ἔχθραν
22313	οὔτ’
22314	ἄλλ’
22315	οὐδὲν
22316	τῶν
22317	τοιούτων
22318	τὸν
22319	καλὸν
22320	κ
22321	ἀγαθὸν
22322	πολίτην
22323	δεῖ
22324	τοὺς
22325	ὑπὲρ
22326	τῶν
22327	κοινῶν
22328	εἰσεληλυθότας
22329	δικαστὰς
22330	ἀξιοῦν
22331	αὑτῷ
22332	βεβαιοῦν
22333	,
22334	οὐδ’
22335	ὑπὲρ
22336	τούτων
22337	εἰς
22338	ὑμᾶς
22339	εἰσιέναι
22340	,
22341	ἀλλὰ
22342	μάλιστα
22343	μὲν
22344	μὴ
22345	ἔχειν
22346	ταῦτ’
22347	ἐν
22348	τῇ
22349	φύσει
22350	,
22351	εἰ
22352	δ’
22353	ἄρ’
22354	ἀνάγκη
22355	,
22356	πράως
22357	καὶ
22358	μετρίως
22359	διακείμεν’
22360	ἔχειν
22361	.
22362	ἐν
22363	τίσιν
22364	οὖν
22365	σφοδρὸν
22366	εἶναι
22367	τὸν
22368	πολιτευόμενον
22369	καὶ
22370	τὸν
22371	ῥήτορα
22372	δεῖ
22373	;
22374	ἐν
22375	οἷς
22376	τῶν
22377	ὅλων
22378	τι
22379	κινδυνεύεται
22380	τῇ
22381	πόλει
22382	,
22383	καὶ
22384	ἐν
22385	οἷς
22386	πρὸς
22387	τοὺς
22388	ἐναντίους
22389	ἐστὶ
22390	τῷ
22391	δήμῳ
22392	,
22393	ἐν
22394	τούτοις
22395	·
22396	ταῦτα
22397	γὰρ
22398	γενναίου
22399	καὶ
22400	ἀγαθοῦ
22401	πολίτου
22402	.
22403	μηδενὸς
22404	δ’
22405	ἀδικήματος
22406	πώποτε
22407	δημοσίου
22408	,
22409	προσθήσω
22410	δὲ
22411	μηδ’
22412	ἰδίου
22413	,
22414	δίκην
22415	ἀξιώσαντα
22416	λαβεῖν
22417	παρ’
22418	ἐμοῦ
22419	μήθ’
22420	ὑπὲρ
22421	τῆς
22422	πόλεως
22423	μήθ’
22424	ὑπὲρ
22425	αὑτοῦ
22426	,
22427	στεφάνου
22428	καὶ
22429	ἐπαίνου
22430	κατηγορίαν
22431	ἥκειν
22432	συνεσκευασμένον
22433	καὶ
22434	τοσουτουσὶ
22435	λόγους
22436	ἀνηλωκέναι
22437	ἰδίας
22438	ἔχθρας
22439	καὶ
22440	φθόνου
22441	καὶ
22442	μικροψυχίας
22443	ἐστὶ
22444	σημεῖον
22445	,
22446	οὐδενὸς
22447	χρηστοῦ
22448	.
22449	τὸ
22450	δὲ
22451	δὴ
22452	καὶ
22453	τοὺς
22454	πρὸς
22455	ἔμ’
22456	αὐτὸν
22457	ἀγῶνας
22458	ἐάσαντα
22459	νῦν
22460	ἐπὶ
22461	τόνδ’
22462	ἥκειν
22463	,
22464	καὶ
22465	πᾶσαν
22466	ἔχει
22467	κακίαν
22468	.
22469	καί
22470	μοι
22471	δοκεῖς
22472	ἐκ
22473	τούτων
22474	,
22475	Αἰσχίνη
22476	,
22477	λόγων
22478	ἐπίδειξίν
22479	τινα
22480	καὶ
22481	φωνασκίας
22482	βουλόμενος
22483	ποιήσασθαι
22484	τοῦτον
22485	προελέσθαι
22486	τὸν
22487	ἀγῶνα
22488	,
22489	οὐκ
22490	ἀδικήματος
22491	οὐδενὸς
22492	λαβεῖν
22493	τιμωρίαν
22494	.
22495	ἔστι
22496	δ’
22497	οὐχ
22498	ὁ
22499	λόγος
22500	τοῦ
22501	ῥήτορος
22502	,
22503	Αἰσχίνη
22504	,
22505	τίμιον
22506	,
22507	οὐδ’
22508	ὁ
22509	τόνος
22510	τῆς
22511	φωνῆς
22512	,
22513	ἀλλὰ
22514	τὸ
22515	τ
22516	αὐτὰ
22517	προαιρεῖσθαι
22518	τοῖς
22519	πολλοῖς
22520	καὶ
22521	τὸ
22522	τοὺς
22523	αὐτοὺς
22524	μισεῖν
22525	καὶ
22526	φιλεῖν
22527	οὕσπερ
22528	ἂν
22529	ἡ
22530	πατρίς
22531	.
22532	ὁ
22533	γὰρ
22534	οὕτως
22535	ἔχων
22536	τὴν
22537	ψυχήν
22538	,
22539	οὗτος
22540	ἐπ’
22541	εὐνοίᾳ
22542	πάντ’
22543	ἐρεῖ
22544	·
22545	ὁ
22546	δ’
22547	ἀφ’
22548	ὧν
22549	ἡ
22550	πόλις
22551	προορᾶταί
22552	τινα
22553	κίνδυνον
22554	ἑαυτῇ
22555	,
22556	τούτους
22557	θεραπεύων
22558	οὐκ
22559	ἐπὶ
22560	τῆς
22561	αὐτῆς
22562	ὁρμεῖ
22563	τοῖς
22564	πολλοῖς
22565	,
22566	οὔκουν
22567	οὐ
22568	δὲ
22569	τῆς
22570	ἀσφαλείας
22571	τὴν
22572	αὐτὴν
22573	ἔχει
22574	προσδοκίαν
22575	.
22576	ἀλλ’
22577	,
22578	ὁρᾷς
22579	;
22580	ἐγώ
22581	·
22582	τ
22583	αὐτὰ
22584	γὰρ
22585	συμφέρονθ’
22586	εἱλόμην
22587	τουτοισί
22588	,
22589	καὶ
22590	οὐδὲν
22591	ἐξαίρετον
22592	οὐδ’
22593	ἴδιον
22594	πεποίημαι
22595	.
22596	ἆρ’
22597	οὖν
22598	οὐ
22599	δὲ
22600	σύ
22601	;
22602	καὶ
22603	πῶς
22604	;
22605	ὃς
22606	εὐθέως
22607	μετὰ
22608	τὴν
22609	μάχην
22610	πρεσβευτὴς
22611	ἐπορεύου
22612	πρὸς
22613	Φίλιππον
22614	,
22615	ὃς
22616	ἦν
22617	τῶν
22618	ἐν
22619	ἐκείνοις
22620	τοῖς
22621	χρόνοις
22622	συμφορῶν
22623	αἴτιος
22624	τῇ
22625	πατρίδι
22626	,
22627	καὶ
22628	ταῦτ’
22629	ἀρνούμενος
22630	πάντα
22631	τὸν
22632	ἔμπροσθε
22633	χρόνον
22634	ταύτην
22635	τὴν
22636	χρείαν
22637	,
22638	ὡς
22639	πάντες
22640	ἴσασιν
22641	.
22642	καίτοι
22643	τίς
22644	ὁ
22645	τὴν
22646	πόλιν
22647	ἐξαπατῶν
22648	;
22649	οὐχ
22650	ὁ
22651	μὴ
22652	λέγων
22653	ἃ
22654	φρονεῖ
22655	;
22656	τῷ
22657	δ’
22658	ὁ
22659	κῆρυξ
22660	καταρᾶται
22661	δικαίως
22662	;
22663	οὐ
22664	τῷ
22665	τοιούτῳ
22666	;
22667	τί
22668	δὲ
22669	μεῖζον
22670	ἔχοι
22671	τις
22672	ἂν
22673	εἰπεῖν
22674	ἀδίκημα
22675	κατ’
22676	ἀνδρὸς
22677	ῥήτορος
22678	ἢ
22679	εἰ
22680	μὴ
22681	τ
22682	αὐτὰ
22683	φρονεῖ
22684	καὶ
22685	λέγει
22686	;
22687	σὺ
22688	τοίνυν
22689	οὗτος
22690	εὑρέθης
22691	.
22692	εἶτα
22693	σὺ
22694	φθέγγει
22695	καὶ
22696	βλέπειν
22697	εἰς
22698	τὰ
22699	τούτων
22700	πρόσωπα
22701	τολμᾷς
22702	;
22703	πότερ’
22704	οὐχ
22705	ἡγεῖ
22706	γιγνώσκειν
22707	αὐτοὺς
22708	ὅστις
22709	εἶ
22710	;
22711	ἢ
22712	τοσοῦτον
22713	ὕπνον
22714	καὶ
22715	λήθην
22716	ἅπαντας
22717	ἔχειν
22718	ὥστ’
22719	οὐ
22720	μεμνῆσθαι
22721	τοὺς
22722	λόγους
22723	οὓς
22724	ἐδημηγόρεις
22725	ἐν
22726	τῷ
22727	πολέμῳ
22728	,
22729	καταρώμενος
22730	καὶ
22731	διομνύμενος
22732	μηδὲν
22733	εἶναι
22734	σοὶ
22735	καὶ
22736	Φιλίππῳ
22737	πρᾶγμα
22738	,
22739	ἀλλ’
22740	ἐμὲ
22741	τὴν
22742	αἰτίαν
22743	σοι
22744	ταύτην
22745	ἐπάγειν
22746	τῆς
22747	ἰδίας
22748	ἕνεκ’
22749	ἔχθρας
22750	,
22751	οὐκ
22752	οὖσαν
22753	ἀληθῆ
22754	.
22755	ὡς
22756	δ’
22757	ἀπηγγέλθη
22758	τάχισθ’
22759	ἡ
22760	μάχη
22761	,
22762	οὐδὲν
22763	τούτων
22764	φροντίσας
22765	εὐθέως
22766	ὡμολόγεις
22767	καὶ
22768	προσεποιοῦ
22769	φιλίαν
22770	καὶ
22771	ξενίαν
22772	εἶναί
22773	σοι
22774	πρὸς
22775	αὐτόν
22776	,
22777	τῇ
22778	μισθαρνίᾳ
22779	ταῦτα
22780	μετατιθέμενος
22781	τὰ
22782	ὀνόματα
22783	·
22784	ἐκ
22785	ποίας
22786	γὰρ
22787	ἴσης
22788	ἢ
22789	δικαίας
22790	προφάσεως
22791	Αἰσχίνῃ
22792	τῷ
22793	Γλαυκοθέας
22794	τῆς
22795	τυμπανιστρίας
22796	ξένος
22797	ἢ
22798	φίλος
22799	ἢ
22800	γνώριμος
22801	ἦν
22802	Φίλιππος
22803	;
22804	ἐγὼ
22805	μὲν
22806	οὐχ
22807	ὁρῶ
22808	,
22809	ἀλλ’
22810	ἐμισθώθης
22811	ἐπὶ
22812	τῷ
22813	τὰ
22814	τουτωνὶ
22815	συμφέροντα
22816	διαφθείρειν
22817	.
22818	ἀλλ’
22819	ὅμως
22820	,
22821	οὕτω
22822	φανερῶς
22823	αὐτὸς
22824	εἰλημμένος
22825	προδότης
22826	καὶ
22827	κατὰ
22828	σαυτοῦ
22829	μηνυτὴς
22830	ἐπὶ
22831	τοῖς
22832	συμβᾶσιν
22833	γεγονώς
22834	,
22835	ἐμοὶ
22836	λοιδορεῖ
22837	καὶ
22838	ὀνειδίζεις
22839	ταῦτα
22840	,
22841	ὧν
22842	πάντας
22843	μᾶλλον
22844	αἰτίους
22845	εὑρήσεις
22846	.
22847	πολλὰ
22848	καὶ
22849	καλὰ
22850	καὶ
22851	μεγάλ’
22852	ἡ
22853	πόλις
22854	,
22855	Αἰσχίνη
22856	,
22857	καὶ
22858	προείλετο
22859	καὶ
22860	κατώρθωσεν
22861	δι’
22862	ἐμοῦ
22863	,
22864	ὧν
22865	οὐκ
22866	ἠμνημόνησεν
22867	.
22868	σημεῖον
22869	δέ
22870	·
22871	χειροτονῶν
22872	γὰρ
22873	ὁ
22874	δῆμος
22875	τὸν
22876	ἐροῦντ’
22877	ἐπὶ
22878	τοῖς
22879	τετελευτηκόσιν
22880	παρ’
22881	αὐτὰ
22882	τὰ
22883	συμβάντα
22884	,
22885	οὐ
22886	σὲ
22887	ἐχειροτόνησε
22888	προβληθέντα
22889	,
22890	καίπερ
22891	εὔφωνον
22892	ὄντα
22893	,
22894	οὐ
22895	δὲ
22896	Δημάδην
22897	,
22898	ἄρτι
22899	πεποιηκότα
22900	τὴν
22901	εἰρήνην
22902	,
22903	οὐδ’
22904	Ἡγήμονα
22905	,
22906	οὐδ’
22907	ἄλλον
22908	ὑμῶν
22909	οὐδένα
22910	,
22911	ἀλλ’
22912	ἐμέ
22913	.
22914	καὶ
22915	παρελθόντος
22916	σοῦ
22917	καὶ
22918	Πυθοκλέους
22919	ὠμῶς
22920	καὶ
22921	ἀναιδῶς
22922	,
22923	ὦ
22924	Ζεῦ
22925	καὶ
22926	θεοί
22927	,
22928	καὶ
22929	κατηγορούντων
22930	ἐμοῦ
22931	ταὔθ’
22932	ἃ
22933	καὶ
22934	σὺ
22935	νυνί
22936	,
22937	καὶ
22938	λοιδορουμένων
22939	,
22940	ἔτ’
22941	ἄμεινον
22942	ἐχειροτόνησεν
22943	ἐμέ
22944	.
22945	τὸ
22946	δ’
22947	αἴτιον
22948	οὐκ
22949	ἀγνοεῖς
22950	μέν
22951	,
22952	ὅμως
22953	δὲ
22954	φράσω
22955	σοι
22956	κ
22957	ἀγώ
22958	.
22959	ἀμφότερ’
22960	ᾔδεσαν
22961	αὐτοί
22962	,
22963	τήν
22964	τ’
22965	ἐμὴν
22966	εὔνοιαν
22967	καὶ
22968	προθυμίαν
22969	μεθ’
22970	ἧς
22971	τὰ
22972	πράγματ’
22973	ἔπραττον
22974	,
22975	καὶ
22976	τὴν
22977	ὑμετέραν
22978	ἀδικίαν
22979	·
22980	ἃ
22981	γὰρ
22982	εὐθενούντων
22983	τῶν
22984	πραγμάτων
22985	ἠρνεῖσθε
22986	διομνύμενοι
22987	,
22988	ταῦτ’
22989	ἐν
22990	οἷς
22991	ἔπταισεν
22992	ἡ
22993	πόλις
22994	ὡμολογήσατε
22995	.
22996	τοὺς
22997	οὖν
22998	ἐπὶ
22999	τοῖς
23000	κοινοῖς
23001	ἀτυχήμασιν
23002	ὧν
23003	ἐφρόνουν
23004	λαβόντας
23005	ἄδειαν
23006	ἐχθροὺς
23007	μὲν
23008	πάλαι
23009	,
23010	φανεροὺς
23011	δὲ
23012	τόθ’
23013	ἡγήσανθ’
23014	αὑτοῖς
23015	γεγενῆσθαι
23016	·
23017	εἶτα
23018	καὶ
23019	προσήκειν
23020	τὸν
23021	ἐροῦντ’
23022	ἐπὶ
23023	τοῖς
23024	τετελευτηκόσι
23025	καὶ
23026	τὴν
23027	ἐκείνων
23028	ἀρετὴν
23029	κοσμήσοντα
23030	μήθ’
23031	ὁμωρόφιον
23032	μήθ’
23033	ὁμόσπονδον
23034	γεγενημένον
23035	εἶναι
23036	τοῖς
23037	πρὸς
23038	ἐκείνους
23039	παραταξαμένοις
23040	,
23041	μηδ’
23042	ἐκεῖ
23043	μὲν
23044	κωμάζειν
23045	καὶ
23046	παιωνίζειν
23047	ἐπὶ
23048	ταῖς
23049	τῶν
23050	Ἑλλήνων
23051	συμφοραῖς
23052	μετὰ
23053	τῶν
23054	αὐτοχείρων
23055	τοῦ
23056	φόνου
23057	,
23058	δεῦρο
23059	δ’
23060	ἐλθόντα
23061	τιμᾶσθαι
23062	,
23063	μη
23064	δὲ
23065	τῇ
23066	φωνῇ
23067	δακρύειν
23068	ὑποκρινόμενον
23069	τὴν
23070	ἐκείνων
23071	τύχην
23072	,
23073	ἀλλὰ
23074	τῇ
23075	ψυχῇ
23076	συναλγεῖν
23077	.
23078	τοῦτο
23079	δ’
23080	ἑώρων
23081	παρ’
23082	ἑαυτοῖς
23083	καὶ
23084	παρ’
23085	ἐμοί
23086	,
23087	παρὰ
23088	δ’
23089	ὑμῖν
23090	οὔ
23091	.
23092	διὰ
23093	ταῦτ’
23094	ἔμ’
23095	ἐχειροτόνησαν
23096	καὶ
23097	οὐχ
23098	ὑμᾶς
23099	.
23100	καὶ
23101	οὐχ
23102	ὁ
23103	μὲν
23104	δῆμος
23105	οὕτως
23106	,
23107	οἱ
23108	δὲ
23109	τῶν
23110	τετελευτηκότων
23111	πατέρες
23112	καὶ
23113	ἀδελφοὶ
23114	οἱ
23115	ὑπὸ
23116	τοῦ
23117	δήμου
23118	τόθ’
23119	αἱρεθέντες
23120	ἐπὶ
23121	τὰς
23122	ταφὰς
23123	ἄλλως
23124	πως
23125	,
23126	ἀλλὰ
23127	δέον
23128	ποιεῖν
23129	αὐτοὺς
23130	τὸ
23131	περίδειπνον
23132	ὡς
23133	παρ’
23134	οἰκειοτάτῳ
23135	τῶν
23136	τετελευτηκότων
23137	,
23138	ὥσπερ
23139	τ
23140	ἄλλ’
23141	εἴωθε
23142	γίγνεσθαι
23143	,
23144	τοῦτ’
23145	ἐποίησαν
23146	παρ’
23147	ἐμοί
23148	.
23149	εἰκότως
23150	·
23151	γένει
23152	μὲν
23153	γὰρ
23154	ἕκαστος
23155	ἑκάστῳ
23156	μᾶλλον
23157	οἰκεῖος
23158	ἦν
23159	ἐμοῦ
23160	,
23161	κοινῇ
23162	δὲ
23163	πᾶσιν
23164	οὐδεὶς
23165	ἐγγυτέρω
23166	·
23167	ᾧ
23168	γὰρ
23169	ἐκείνους
23170	σωθῆναι
23171	καὶ
23172	κατορθῶσαι
23173	μάλιστα
23174	διέφερεν
23175	,
23176	οὗτος
23177	καὶ
23178	παθόντων
23179	ἃ
23180	μήποτ’
23181	ὤφελον
23182	τῆς
23183	ὑπὲρ
23184	ἁπάντων
23185	λύπης
23186	πλεῖστον
23187	μετεῖχεν
23188	.
23189	λέγε
23190	δ’
23191	αὐτῷ
23192	τουτὶ
23193	τὸ
23194	ἐπίγραμμα
23195	,
23196	ὃ
23197	δημοσίᾳ
23198	προείλεθ’
23199	ἡ
23200	πόλις
23201	αὐτοῖς
23202	ἐπιγράψαι
23203	,
23204	ἵν’
23205	εἰδῇς
23206	,
23207	Αἰσχίνη
23208	,
23209	καὶ
23210	ἐν
23211	αὐτῷ
23212	τούτῳ
23213	σαυτὸν
23214	ἀγνώμονα
23215	καὶ
23216	συκοφάντην
23217	ὄντα
23218	καὶ
23219	μιαρόν
23220	.
23221	λέγε
23222	.
23223	ΕΠΙΓΡΑΜΜΑ
23224	.
23225	οἵδε
23226	πάτρας
23227	ἕνεκα
23228	σφετέρας
23229	εἰς
23230	δῆριν
23231	ἔθεντο
23232	ὅπλα
23233	,
23234	καὶ
23235	ἀντιπάλων
23236	ὕβριν
23237	ἀπεσκέδασαν·μαρνάμενοι
23238	δ’
23239	ἀρετῆς
23240	καὶ
23241	δείματος
23242	οὐκ
23243	ἐσάωσαν
23244	ψυχάς
23245	,
23246	ἀλλ’
23247	Ἀΐδην
23248	κοινὸν
23249	ἔθεντο
23250	βραβῆ
23251	,
23252	οὕνεκεν
23253	Ἑλλήνων
23254	,
23255	ὡς
23256	μὴ
23257	ζυγὸν
23258	αὐχένι
23259	θέντες
23260	δουλοσύνης
23261	στυγερὰν
23262	ἀμφὶς
23263	ἔχωσιν
23264	ὕβριν
23265	.
23266	γαῖα
23267	δὲ
23268	πατρὶς
23269	ἔχει
23270	κόλποις
23271	τῶν
23272	πλεῖστα
23273	καμόντων
23274	σώματ’
23275	,
23276	ἐπεὶ
23277	θνητοῖς
23278	ἐκ
23279	Διὸς
23280	ἥδε
23281	κρίσις
23282	·
23283	μηδὲν
23284	ἁμαρτεῖν
23285	ἐστι
23286	θεῶν
23287	καὶ
23288	πάντα
23289	κατορθοῦν
23290	ἐν
23291	βιοτῇ
23292	·
23293	μοῖραν
23294	δ’
23295	οὔ
23296	τι
23297	φυγεῖν
23298	ἔπορεν
23299	.
23300	ἀκούεις
23301	,
23302	Αἰσχίνη
23303	,
23304	μηδὲν
23305	ἁμαρτεῖν
23306	ἐστι
23307	θεῶν
23308	καὶ
23309	πάντα
23310	κατορθοῦν
23311	;
23312	οὐ
23313	τῷ
23314	συμβούλῳ
23315	τὴν
23316	τοῦ
23317	κατορθοῦν
23318	τοὺς
23319	ἀγωνιζομένους
23320	ἀνέθηκεν
23321	δύναμιν
23322	,
23323	ἀλλὰ
23324	τοῖς
23325	θεοῖς
23326	.
23327	τί
23328	οὖν
23329	,
23330	ὦ
23331	κατάρατ’
23332	,
23333	ἐμοὶ
23334	περὶ
23335	τούτων
23336	λοιδορεῖ
23337	,
23338	καὶ
23339	λέγεις
23340	ἃ
23341	σοὶ
23342	καὶ
23343	τοῖς
23344	σοῖς
23345	οἱ
23346	θεοὶ
23347	τρέψειαν
23348	εἰς
23349	κεφαλήν
23350	;
23351	πολλὰ
23352	τοίνυν
23353	,
23354	ὦ
23355	ἄνδρες
23356	Ἀθηναῖοι
23357	,
23358	καὶ
23359	ἄλλα
23360	κατηγορηκότος
23361	αὐτοῦ
23362	καὶ
23363	κατεψευσμένου
23364	,
23365	μάλιστ’
23366	ἐθαύμασα
23367	πάντων
23368	ὅτε
23369	τῶν
23370	συμβεβηκότων
23371	τότε
23372	τῇ
23373	πόλει
23374	μνησθεὶς
23375	οὐχ
23376	ὡς
23377	ἂν
23378	εὔνους
23379	καὶ
23380	δίκαιος
23381	πολίτης
23382	ἔσχε
23383	τὴν
23384	γνώμην
23385	οὐδ’
23386	ἐδάκρυσεν
23387	,
23388	οὐδ’
23389	ἔπαθεν
23390	τοιοῦτον
23391	οὐδὲν
23392	τῇ
23393	ψυχῇ
23394	,
23395	ἀλλ’
23396	ἐπάρας
23397	τὴν
23398	φωνὴν
23399	καὶ
23400	γεγηθὼς
23401	καὶ
23402	λαρυγγίζων
23403	ᾤετο
23404	μὲν
23405	ἐμοῦ
23406	κατηγορεῖν
23407	δηλονότι
23408	,
23409	δεῖγμα
23410	δ’
23411	ἐξέφερεν
23412	καθ’
23413	ἑαυτοῦ
23414	ὅτι
23415	τοῖς
23416	γεγενημένοις
23417	ἀνιαροῖς
23418	οὐδὲν
23419	ὁμοίως
23420	ἔσχε
23421	τοῖς
23422	ἄλλοις
23423	.
23424	καίτοι
23425	τὸν
23426	τῶν
23427	νόμων
23428	καὶ
23429	τῆς
23430	πολιτείας
23431	φάσκοντα
23432	φροντίζειν
23433	,
23434	ὥσπερ
23435	οὗτος
23436	νυνί
23437	,
23438	καὶ
23439	εἰ
23440	μηδὲν
23441	ἄλλο
23442	,
23443	τοῦτό
23444	γ’
23445	ἔχειν
23446	δεῖ
23447	,
23448	τ
23449	αὐτὰ
23450	λυπεῖσθαι
23451	καὶ
23452	τ
23453	αὐτὰ
23454	χαίρειν
23455	τοῖς
23456	πολλοῖς
23457	,
23458	καὶ
23459	μὴ
23460	τῇ
23461	προαιρέσει
23462	τῶν
23463	κοινῶν
23464	ἐν
23465	τῷ
23466	τῶν
23467	ἐναντίων
23468	μέρει
23469	τετάχθαι
23470	·
23471	ὃ
23472	σὺ
23473	νυνὶ
23474	πεποιηκὼς
23475	εἶ
23476	φανερός
23477	,
23478	ἐμὲ
23479	πάντων
23480	αἴτιον
23481	καὶ
23482	δι’
23483	ἔμ’
23484	εἰς
23485	πράγματα
23486	φάσκων
23487	ἐμπεσεῖν
23488	τὴν
23489	πόλιν
23490	,
23491	οὐκ
23492	ἀπὸ
23493	τῆς
23494	ἐμῆς
23495	πολιτείας
23496	οὐ
23497	δὲ
23498	προαιρέσεως
23499	ἀρξαμένων
23500	ὑμῶν
23501	τοῖς
23502	Ἕλλησι
23503	βοηθεῖν
23504	,
23505	ἐπεὶ
23506	ἔμοιγ’
23507	εἰ
23508	τοῦτο
23509	δοθείη
23510	παρ’
23511	ὑμῶν
23512	,
23513	δι’
23514	ἔμ’
23515	ὑμᾶς
23516	ἠναντιῶσθαι
23517	τῇ
23518	κατὰ
23519	τῶν
23520	Ἑλλήνων
23521	ἀρχῇ
23522	πραττομένῃ
23523	,
23524	μείζων
23525	ἂν
23526	δοθείη
23527	δωρειὰ
23528	συμπασῶν
23529	ὧν
23530	τοῖς
23531	ἄλλοις
23532	δεδώκατε
23533	.
23534	ἀλλ’
23535	οὔτ’
23536	ἂν
23537	ἐγὼ
23538	ταῦτα
23539	φήσαιμι
23540	(
23541	ἀδικοίην
23542	γὰρ
23543	ἂν
23544	ὑμᾶς
23545	)
23546	,
23547	οὔτ’
23548	ἂν
23549	ὑμεῖς
23550	εὖ
23551	οἶδ’
23552	ὅτι
23553	συγχωρήσαιτε
23554	·
23555	οὗτός
23556	τ’
23557	εἰ
23558	δίκαι’
23559	ἐποίει
23560	,
23561	οὐκ
23562	ἂν
23563	εἵνεκα
23564	τῆς
23565	πρὸς
23566	ἔμ’
23567	ἔχθρας
23568	τὰ
23569	μέγιστα
23570	τῶν
23571	ὑμετέρων
23572	καλῶν
23573	ἔβλαπτε
23574	καὶ
23575	διέβαλλεν
23576	.
23577	ἀλλὰ
23578	τί
23579	ταῦτ’
23580	ἐπιτιμῶ
23581	,
23582	πολλῷ
23583	σχετλιώτερ’
23584	ἄλλα
23585	κατηγορηκότος
23586	αὐτοῦ
23587	καὶ
23588	κατεψευσμένου
23589	;
23590	ὃς
23591	γὰρ
23592	ἐμοῦ
23593	φιλιππισμόν
23594	,
23595	ὦ
23596	γῆ
23597	καὶ
23598	θεοί
23599	,
23600	κατηγορεῖ
23601	,
23602	τί
23603	οὗτος
23604	οὐκ
23605	ἂν
23606	εἴποι
23607	;
23608	καίτοι
23609	νὴ
23610	τὸν
23611	Ἡρακλέα
23612	καὶ
23613	πάντας
23614	θεούς
23615	,
23616	εἴ
23617	γ’
23618	ἐπ’
23619	ἀληθείας
23620	δέοι
23621	σκοπεῖσθαι
23622	,
23623	τὸ
23624	καταψεύδεσθαι
23625	καὶ
23626	δι’
23627	ἔχθραν
23628	τι
23629	λέγειν
23630	ἀνελόντας
23631	ἐκ
23632	μέσου
23633	,
23634	τίνες
23635	ὡς
23636	ἀληθῶς
23637	εἰσὶν
23638	οἷς
23639	ἂν
23640	εἰκότως
23641	καὶ
23642	δικαίως
23643	τὴν
23644	τῶν
23645	γεγενημένων
23646	αἰτίαν
23647	ἐπὶ
23648	τὴν
23649	κεφαλὴν
23650	ἀναθεῖεν
23651	ἅπαντες
23652	,
23653	τοὺς
23654	ὁμοίους
23655	τούτῳ
23656	παρ’
23657	ἑκάστῃ
23658	τῶν
23659	πόλεων
23660	εὕροιτ’
23661	ἄν
23662	,
23663	οὐ
23664	τοὺς
23665	ἐμοί
23666	·
23667	οἵ
23668	,
23669	ὅτ’
23670	ἦν
23671	ἀσθενῆ
23672	τὰ
23673	Φιλίππου
23674	πράγματα
23675	καὶ
23676	κομιδῇ
23677	μικρά
23678	,
23679	πολλάκις
23680	προλεγόντων
23681	ἡμῶν
23682	καὶ
23683	παρακαλούντων
23684	καὶ
23685	διδασκόντων
23686	τὰ
23687	βέλτιστα
23688	,
23689	τῆς
23690	ἰδίας
23691	ἕνεκ’
23692	αἰσχροκερδίας
23693	τὰ
23694	κοινῇ
23695	συμφέροντα
23696	προΐεντο
23697	,
23698	τοὺς
23699	ὑπάρχοντας
23700	ἕκαστοι
23701	πολίτας
23702	ἐξαπατῶντες
23703	καὶ
23704	διαφθείροντες
23705	,
23706	ἕως
23707	δούλους
23708	ἐποίησαν
23709	,
23710	Θετταλοὺς
23711	Δάοχος
23712	,
23713	Κινέας
23714	,
23715	Θρασύδαος
23716	·
23717	Ἀρκάδας
23718	Κερκιδᾶς
23719	,
23720	Ἱερώνυμος
23721	,
23722	Εὐκαμπίδας
23723	·
23724	Ἀργείους
23725	Μύρτις
23726	,
23727	Τελέδαμος
23728	,
23729	Μνασέας
23730	·
23731	Ἠλείους
23732	Εὐξίθεος
23733	,
23734	Κλεότιμος
23735	,
23736	Ἀρίσταιχμος
23737	·
23738	Μεσσηνίους
23739	οἱ
23740	Φιλιάδου
23741	τοῦ
23742	θεοῖς
23743	ἐχθροῦ
23744	παῖδες
23745	Νέων
23746	καὶ
23747	Θρασύλοχος
23748	·
23749	Σικυωνίους
23750	Ἀρίστρατος
23751	,
23752	Ἐπιχάρης
23753	·
23754	Κορινθίους
23755	Δείναρχος
23756	,
23757	Δημάρετος
23758	·
23759	Μεγαρέας
23760	Πτοιόδωρος
23761	,
23762	Ἕλιξος
23763	,
23764	Πέριλλος
23765	·
23766	Θηβαίους
23767	Τιμόλαος
23768	,
23769	Θεογείτων
23770	,
23771	Ἀνεμοίτας
23772	·
23773	Εὐβοέας
23774	Ἵππαρχος
23775	,
23776	Κλείταρχος
23777	,
23778	Σωσίστρατος
23779	.
23780	ἐπιλείψει
23781	με
23782	λέγονθ’
23783	ἡ
23784	ἡμέρα
23785	τὰ
23786	τῶν
23787	προδοτῶν
23788	ὀνόματα
23789	.
23790	οὗτοι
23791	πάντες
23792	εἰσίν
23793	,
23794	ἄνδρες
23795	Ἀθηναῖοι
23796	,
23797	τῶν
23798	αὐτῶν
23799	βουλευμάτων
23800	ἐν
23801	ταῖς
23802	αὑτῶν
23803	πατρίσιν
23804	ὧνπερ
23805	οὗτοι
23806	παρ’
23807	ὑμῖν
23808	,
23809	ἄνθρωποι
23810	μιαροὶ
23811	καὶ
23812	κόλακες
23813	καὶ
23814	ἀλάστορες
23815	,
23816	ἠκρωτηριασμένοι
23817	τὰς
23818	αὑτῶν
23819	ἕκαστοι
23820	πατρίδας
23821	,
23822	τὴν
23823	ἐλευθερίαν
23824	προπεπωκότες
23825	πρότερον
23826	μὲν
23827	Φιλίππῳ
23828	,
23829	νῦν
23830	δ’
23831	Ἀλεξάνδρῳ
23832	,
23833	τῇ
23834	γαστρὶ
23835	μετροῦντες
23836	καὶ
23837	τοῖς
23838	αἰσχίστοις
23839	τὴν
23840	εὐδαιμονίαν
23841	,
23842	τὴν
23843	δ’
23844	ἐλευθερίαν
23845	καὶ
23846	τὸ
23847	μηδέν’
23848	ἔχειν
23849	δεσπότην
23850	αὑτῶν
23851	,
23852	ἃ
23853	τοῖς
23854	προτέροις
23855	Ἕλλησιν
23856	ὅροι
23857	τῶν
23858	ἀγαθῶν
23859	ἦσαν
23860	καὶ
23861	κανόνες
23862	,
23863	ἀνατετροφότες
23864	.
23865	ταύτης
23866	τοίνυν
23867	τῆς
23868	οὕτως
23869	αἰσχρᾶς
23870	καὶ
23871	περιβοήτου
23872	συστάσεως
23873	καὶ
23874	κακίας
23875	,
23876	μᾶλλον
23877	δ’
23878	,
23879	ὦ
23880	ἄνδρες
23881	Ἀθηναῖοι
23882	,
23883	προδοσίας
23884	,
23885	εἰ
23886	δεῖ
23887	μὴ
23888	ληρεῖν
23889	,
23890	τῆς
23891	τῶν
23892	Ἑλλήνων
23893	ἐλευθερίας
23894	ἥ
23895	τε
23896	πόλις
23897	παρὰ
23898	πᾶσιν
23899	ἀνθρώποις
23900	ἀναίτιος
23901	γέγον’
23902	ἐκ
23903	τῶν
23904	ἐμῶν
23905	πολιτευμάτων
23906	καὶ
23907	ἐγὼ
23908	παρ’
23909	ὑμῖν
23910	.
23911	εἶτά
23912	μ’
23913	ἐρωτᾷς
23914	ἀντὶ
23915	ποίας
23916	ἀρετῆς
23917	ἀξιῶ
23918	τιμᾶσθαι
23919	;
23920	ἐγὼ
23921	δέ
23922	σοι
23923	λέγω
23924	,
23925	ὅτι
23926	τῶν
23927	πολιτευομένων
23928	παρὰ
23929	τοῖς
23930	Ἕλλησι
23931	διαφθαρέντων
23932	ἁπάντων
23933	,
23934	ἀρξαμένων
23935	ἀπὸ
23936	σοῦ
23937	,
23938	ἔμ’
23939	οὔ
23940	τε
23941	καιρὸς
23942	οὔ
23943	τε
23944	φιλανθρωπία
23945	λόγων
23946	οὔτ’
23947	ἐπαγγελιῶν
23948	μέγεθος
23949	οὔτ’
23950	ἐλπὶς
23951	οὔ
23952	τε
23953	φόβος
23954	οὔτ’
23955	ἄλλ’
23956	οὐδὲν
23957	ἐπῆρεν
23958	οὐ
23959	δὲ
23960	προηγάγετο
23961	ὧν
23962	ἔκρινα
23963	δικαίων
23964	καὶ
23965	συμφερόντων
23966	τῇ
23967	πατρίδι
23968	οὐδὲν
23969	προδοῦναι
23970	,
23971	οὐδ’
23972	,
23973	ὅσα
23974	συμβεβούλευκα
23975	πώποτε
23976	τουτοισί
23977	,
23978	ὁμοίως
23979	ὑμῖν
23980	ὥσπερ
23981	ἂν
23982	τρυτάνη
23983	ῥέπων
23984	ἐπὶ
23985	τὸ
23986	λῆμμα
23987	συμβεβούλευκα
23988	,
23989	ἀλλ’
23990	ἀπ’
23991	ὀρθῆς
23992	καὶ
23993	δικαίας
23994	καὶ
23995	ἀδιαφθόρου
23996	τῆς
23997	ψυχῆς
23998	·
23999	καὶ
24000	μεγίστων
24001	δὴ
24002	πραγμάτων
24003	τῶν
24004	κατ’
24005	ἐμαυτὸν
24006	ἀνθρώπων
24007	προστὰς
24008	πάνθ’
24009	ὑγιῶς
24010	καὶ
24011	δικαίως
24012	πεπολίτευμαι
24013	.
24014	διὰ
24015	ταῦτ’
24016	ἀξιῶ
24017	τιμᾶσθαι
24018	.
24019	τὸν
24020	δὲ
24021	τειχισμὸν
24022	τοῦτον
24023	,
24024	ὃν
24025	σύ
24026	μου
24027	διέσυρες
24028	,
24029	καὶ
24030	τὴν
24031	ταφρείαν
24032	ἄξια
24033	μὲν
24034	χάριτος
24035	καὶ
24036	ἐπαίνου
24037	κρίνω
24038	,
24039	πῶς
24040	γὰρ
24041	οὔ
24042	;
24043	πόρρω
24044	μέντοι
24045	που
24046	τῶν
24047	ἐμαυτῷ
24048	πεπολιτευμένων
24049	τίθεμαι
24050	.
24051	οὐ
24052	λίθοις
24053	ἐτείχισα
24054	τὴν
24055	πόλιν
24056	οὐ
24057	δὲ
24058	πλίνθοις
24059	ἐγώ
24060	,
24061	οὐδ’
24062	ἐπὶ
24063	τούτοις
24064	μέγιστον
24065	τῶν
24066	ἐμαυτοῦ
24067	φρονῶ
24068	·
24069	ἀλλ’
24070	ἐὰν
24071	τὸν
24072	ἐμὸν
24073	τειχισμὸν
24074	βούλῃ
24075	δικαίως
24076	σκοπεῖν
24077	,
24078	εὑρήσεις
24079	ὅπλα
24080	καὶ
24081	πόλεις
24082	καὶ
24083	τόπους
24084	καὶ
24085	λιμένας
24086	καὶ
24087	ναῦς
24088	καὶ
24089	ἵππους
24090	καὶ
24091	τοὺς
24092	ὑπὲρ
24093	τούτων
24094	ἀμυνομένους
24095	·
24096	ταῦτα
24097	προὐβαλόμην
24098	ἐγὼ
24099	πρὸ
24100	τῆς
24101	Ἀττικῆς
24102	,
24103	ὅσον
24104	ἦν
24105	ἀνθρωπίνῳ
24106	λογισμῷ
24107	δυνατόν
24108	,
24109	καὶ
24110	τούτοις
24111	ἐτείχισα
24112	τὴν
24113	χώραν
24114	,
24115	οὐχὶ
24116	τὸν
24117	κύκλον
24118	τοῦ
24119	Πειραιῶς
24120	οὐ
24121	δὲ
24122	τοῦ
24123	ἄστεως
24124	.
24125	οὐ
24126	δέ
24127	γ’
24128	ἡττήθην
24129	ἐγὼ
24130	τοῖς
24131	λογισμοῖς
24132	Φιλίππου
24133	,
24134	πολλοῦ
24135	γε
24136	καὶ
24137	δεῖ
24138	,
24139	οὐ
24140	δὲ
24141	ταῖς
24142	παρασκευαῖς
24143	,
24144	ἀλλ’
24145	οἱ
24146	τῶν
24147	συμμάχων
24148	στρατηγοὶ
24149	καὶ
24150	αἱ
24151	δυνάμεις
24152	τῇ
24153	τύχῃ
24154	.
24155	τίνες
24156	αἱ
24157	τούτων
24158	ἀποδείξεις
24159	;
24160	ἐναργεῖς
24161	καὶ
24162	φανεραί
24163	.
24164	σκοπεῖτε
24165	δέ
24166	.
24167	τί
24168	χρῆν
24169	τὸν
24170	εὔνουν
24171	πολίτην
24172	ποιεῖν
24173	,
24174	τί
24175	τὸν
24176	μετὰ
24177	πάσης
24178	προνοίας
24179	καὶ
24180	προθυμίας
24181	καὶ
24182	δικαιοσύνης
24183	ὑπὲρ
24184	τῆς
24185	πατρίδος
24186	πολιτευόμενον
24187	;
24188	οὐκ
24189	ἐκ
24190	μὲν
24191	θαλάττης
24192	τὴν
24193	Εὔβοιαν
24194	προβαλέσθαι
24195	πρὸ
24196	τῆς
24197	Ἀττικῆς
24198	,
24199	ἐκ
24200	δὲ
24201	τῆς
24202	μεσογείας
24203	τὴν
24204	Βοιωτίαν
24205	,
24206	ἐκ
24207	δὲ
24208	τῶν
24209	πρὸς
24210	Πελοπόννησον
24211	τόπων
24212	τοὺς
24213	ὁμόρους
24214	ταύτῃ
24215	;
24216	οὐ
24217	τὴν
24218	σιτοπομπίαν
24219	,
24220	ὅπως
24221	παρὰ
24222	πᾶσαν
24223	φιλίαν
24224	ἄχρι
24225	τοῦ
24226	Πειραιῶς
24227	κομισθήσεται
24228	,
24229	προϊδέσθαι
24230	;
24231	καὶ
24232	τὰ
24233	μὲν
24234	σῶσαι
24235	τῶν
24236	ὑπαρχόντων
24237	ἐκπέμποντα
24238	βοηθείας
24239	καὶ
24240	λέγοντα
24241	καὶ
24242	γράφοντα
24243	τοιαῦτα
24244	,
24245	τὴν
24246	Προκόννησον
24247	,
24248	τὴν
24249	Χερρόνησον
24250	,
24251	τὴν
24252	Τένεδον
24253	,
24254	τὰ
24255	δ’
24256	ὅπως
24257	οἰκεῖα
24258	καὶ
24259	σύμμαχ’
24260	ὑπάρξει
24261	πρᾶξαι
24262	,
24263	τὸ
24264	Βυζάντιον
24265	,
24266	τὴν
24267	Ἄβυδον
24268	,
24269	τὴν
24270	Εὔβοιαν
24271	;
24272	καὶ
24273	τῶν
24274	μὲν
24275	τοῖς
24276	ἐχθροῖς
24277	ὑπαρχουσῶν
24278	δυνάμεων
24279	τὰς
24280	μεγίστας
24281	ἀφελεῖν
24282	,
24283	ὧν
24284	δ’
24285	ἐνέλειπε
24286	τῇ
24287	πόλει
24288	,
24289	ταῦτα
24290	προσθεῖναι
24291	;
24292	ταῦτα
24293	τοίνυν
24294	ἅπαντα
24295	πέπρακται
24296	τοῖς
24297	ἐμοῖς
24298	ψηφίσμασι
24299	καὶ
24300	τοῖς
24301	ἐμοῖς
24302	πολιτεύμασιν
24303	,
24304	ἃ
24305	καὶ
24306	βεβουλευμέν’
24307	,
24308	ὦ
24309	ἄνδρες
24310	Ἀθηναῖοι
24311	,
24312	ἐὰν
24313	ἄνευ
24314	φθόνου
24315	τις
24316	βούληται
24317	σκοπεῖν
24318	,
24319	ὀρθῶς
24320	εὑρήσει
24321	καὶ
24322	πεπραγμένα
24323	πάσῃ
24324	δικαιοσύνῃ
24325	,
24326	καὶ
24327	τὸν
24328	ἑκάστου
24329	καιρὸν
24330	οὐ
24331	παρεθέντ’
24332	οὐδ’
24333	ἀγνοηθέντ’
24334	οὐ
24335	δὲ
24336	προεθένθ’
24337	ὑπ’
24338	ἐμοῦ
24339	,
24340	καὶ
24341	ὅσ’
24342	εἰς
24343	ἑνὸς
24344	ἀνδρὸς
24345	δύναμιν
24346	καὶ
24347	λογισμὸν
24348	ἧκεν
24349	,
24350	οὐδὲν
24351	ἐλλειφθέν
24352	.
24353	εἰ
24354	δ’
24355	ἢ
24356	δαίμονός
24357	τινος
24358	ἢ
24359	τύχης
24360	ἰσχὺς
24361	ἢ
24362	στρατηγῶν
24363	φαυλότης
24364	ἢ
24365	τῶν
24366	προδιδόντων
24367	τὰς
24368	πόλεις
24369	ὑμῶν
24370	κακία
24371	ἢ
24372	πάντα
24373	ταῦτ’
24374	ἐλυμαίνετο
24375	τοῖς
24376	ὅλοις
24377	,
24378	ἕως
24379	ἀνέτρεψεν
24380	,
24381	τί
24382	Δημοσθένης
24383	ἀδικεῖ
24384	;
24385	εἰ
24386	δ’
24387	οἷος
24388	ἐγὼ
24389	παρ’
24390	ὑμῖν
24391	κατὰ
24392	τὴν
24393	ἐμαυτοῦ
24394	τάξιν
24395	,
24396	εἷς
24397	ἐν
24398	ἑκάστῃ
24399	τῶν
24400	Ἑλληνίδων
24401	πόλεων
24402	ἀνὴρ
24403	ἐγένετο
24404	,
24405	μᾶλλον
24406	δ’
24407	εἰ
24408	ἕν’
24409	ἄνδρα
24410	μόνον
24411	Θετταλία
24412	καὶ
24413	ἕν’
24414	ἄνδρ’
24415	Ἀρκαδία
24416	τ
24417	αὐτὰ
24418	φρονοῦντ’
24419	ἔσχεν
24420	ἐμοί
24421	,
24422	οὐδένες
24423	οὔ
24424	τε
24425	τῶν
24426	ἔξω
24427	Πυλῶν
24428	Ἑλλήνων
24429	οὔ
24430	τε
24431	τῶν
24432	εἴσω
24433	τοῖς
24434	παροῦσι
24435	κακοῖς
24436	ἐκέχρηντ’
24437	ἄν
24438	,
24439	ἀλλὰ
24440	πάντες
24441	ἂν
24442	ὄντες
24443	ἐλεύθεροι
24444	καὶ
24445	αὐτόνομοι
24446	μετὰ
24447	πάσης
24448	ἀδείας
24449	ἀσφαλῶς
24450	ἐν
24451	εὐδαιμονίᾳ
24452	τὰς
24453	ἑαυτῶν
24454	ᾤκουν
24455	πατρίδας
24456	,
24457	τῶν
24458	τοσούτων
24459	καὶ
24460	τοιούτων
24461	ἀγαθῶν
24462	ὑμῖν
24463	καὶ
24464	τοῖς
24465	ἄλλοις
24466	Ἀθηναίοις
24467	ἔχοντες
24468	χάριν
24469	δι’
24470	ἐμέ
24471	.
24472	ἵνα
24473	δ’
24474	εἰδῆθ’
24475	ὅτι
24476	πολλῷ
24477	τοῖς
24478	λόγοις
24479	ἐλάττοσι
24480	χρῶμαι
24481	τῶν
24482	ἔργων
24483	,
24484	εὐλαβούμενος
24485	τὸν
24486	φθόνον
24487	,
24488	λέγε
24489	μοι
24490	ταυτὶ
24491	καὶ
24492	ἀνάγνωθι
24493	λαβὼν
24494	τὸν
24495	ἀριθμὸν
24496	τῶν
24497	βοηθειῶν
24498	κατὰ
24499	τὰ
24500	ἐμὰ
24501	ψηφίσματα
24502	.
24503	ΑΡΙΘΜΟΣ
24504	ΒΟΗΘΕΙΩΝ
24505	.
24506	ταῦτα
24507	καὶ
24508	τοιαῦτα
24509	πράττειν
24510	,
24511	Αἰσχίνη
24512	,
24513	τὸν
24514	καλὸν
24515	κ
24516	ἀγαθὸν
24517	πολίτην
24518	ἔδει
24519	,
24520	ὧν
24521	κατορθουμένων
24522	μὲν
24523	μεγίστοις
24524	ἀναμφισβητήτως
24525	ὑπῆρχεν
24526	εἶναι
24527	καὶ
24528	τὸ
24529	δικαίως
24530	προσῆν
24531	,
24532	ὡς
24533	ἑτέρως
24534	δὲ
24535	συμβάντων
24536	τὸ
24537	γοῦν
24538	εὐδοκιμεῖν
24539	περίεστι
24540	καὶ
24541	τὸ
24542	μηδένα
24543	μέμφεσθαι
24544	τὴν
24545	πόλιν
24546	μη
24547	δὲ
24548	τὴν
24549	προαίρεσιν
24550	αὐτῆς
24551	,
24552	ἀλλὰ
24553	τὴν
24554	τύχην
24555	κακίζειν
24556	τὴν
24557	οὕτω
24558	τὰ
24559	πράγματα
24560	κρίνασαν
24561	·
24562	οὐ
24563	μὰ
24564	Δί’
24565	οὐκ
24566	ἀποστάντα
24567	τῶν
24568	συμφερόντων
24569	τῇ
24570	πόλει
24571	,
24572	μισθώσαντα
24573	δ’
24574	αὑτὸν
24575	τοῖς
24576	ἐναντίοις
24577	,
24578	τοὺς
24579	ὑπὲρ
24580	τῶν
24581	ἐχθρῶν
24582	καιροὺς
24583	ἀντὶ
24584	τῶν
24585	τῆς
24586	πατρίδος
24587	θεραπεύειν
24588	,
24589	οὐ
24590	δὲ
24591	τὸν
24592	μὲν
24593	πράγματ’
24594	ἄξια
24595	τῆς
24596	πόλεως
24597	ὑποστάντα
24598	λέγειν
24599	καὶ
24600	γράφειν
24601	καὶ
24602	μένειν
24603	ἐπὶ
24604	τούτων
24605	βασκαίνειν
24606	,
24607	ἂν
24608	δέ
24609	τις
24610	ἰδίᾳ
24611	τι
24612	λυπήσῃ
24613	,
24614	τοῦτο
24615	μεμνῆσθαι
24616	καὶ
24617	τηρεῖν
24618	,
24619	οὐ
24620	δέ
24621	γ’
24622	ἡσυχίαν
24623	ἄγειν
24624	ἄδικον
24625	καὶ
24626	ὕπουλον
24627	,
24628	ὃ
24629	σὺ
24630	ποιεῖς
24631	πολλάκις
24632	.
24633	ἔστι
24634	γάρ
24635	,
24636	ἔστιν
24637	ἡσυχία
24638	δικαία
24639	καὶ
24640	συμφέρουσα
24641	τῇ
24642	πόλει
24643	,
24644	ἣν
24645	οἱ
24646	πολλοὶ
24647	τῶν
24648	πολιτῶν
24649	ὑμεῖς
24650	ἁπλῶς
24651	ἄγετε
24652	.
24653	ἀλλ’
24654	οὐ
24655	ταύτην
24656	οὗτος
24657	ἄγει
24658	τὴν
24659	ἡσυχίαν
24660	,
24661	πολλοῦ
24662	γε
24663	καὶ
24664	δεῖ
24665	,
24666	ἀλλ’
24667	ἀποστὰς
24668	ὅταν
24669	αὐτῷ
24670	δόξῃ
24671	τῆς
24672	πολιτείας
24673	(
24674	πολλάκις
24675	δὲ
24676	δοκεῖ
24677	)
24678	,
24679	φυλάττει
24680	πηνίκ’
24681	ἔσεσθε
24682	μεστοὶ
24683	τοῦ
24684	συνεχῶς
24685	λέγοντος
24686	ἢ
24687	παρὰ
24688	τῆς
24689	τύχης
24690	τι
24691	συμβέβηκεν
24692	ἐναντίωμα
24693	ἢ
24694	ἄλλο
24695	τι
24696	δύσκολον
24697	γέγονεν
24698	(
24699	πολλὰ
24700	δὲ
24701	τ
24702	ἀνθρώπινα
24703	)
24704	·
24705	εἶτ’
24706	ἐπὶ
24707	τούτῳ
24708	τῷ
24709	καιρῷ
24710	ῥήτωρ
24711	ἐξαίφνης
24712	ἐκ
24713	τῆς
24714	ἡσυχίας
24715	ὥσπερ
24716	πνεῦμ’
24717	ἐφάνη
24718	,
24719	καὶ
24720	πεφωνασκηκὼς
24721	καὶ
24722	συνειλοχὼς
24723	ῥήματα
24724	καὶ
24725	λόγους
24726	συνείρει
24727	τούτους
24728	σαφῶς
24729	καὶ
24730	ἀπνευστεί
24731	,
24732	ὄνησιν
24733	μὲν
24734	οὐδεμίαν
24735	φέροντας
24736	οὐδ’
24737	ἀγαθοῦ
24738	κτῆσιν
24739	οὐδενός
24740	,
24741	συμφορὰν
24742	δὲ
24743	τῷ
24744	τυχόντι
24745	τῶν
24746	πολιτῶν
24747	καὶ
24748	κοινὴν
24749	αἰσχύνην
24750	.
24751	καίτοι
24752	ταύτης
24753	τῆς
24754	μελέτης
24755	καὶ
24756	τῆς
24757	ἐπιμελείας
24758	,
24759	Αἰσχίνη
24760	,
24761	εἴπερ
24762	ἐκ
24763	ψυχῆς
24764	δικαίας
24765	ἐγίγνετο
24766	καὶ
24767	τὰ
24768	τῆς
24769	πατρίδος
24770	συμφέροντα
24771	προῃρημένης
24772	,
24773	τοὺς
24774	καρποὺς
24775	ἔδει
24776	γενναίους
24777	καὶ
24778	καλοὺς
24779	καὶ
24780	πᾶσιν
24781	ὠφελίμους
24782	εἶναι
24783	,
24784	συμμαχίας
24785	πόλεων
24786	,
24787	πόρους
24788	χρημάτων
24789	,
24790	ἐμπορίου
24791	κατασκευήν
24792	,
24793	νόμων
24794	συμφερόντων
24795	θέσεις
24796	,
24797	τοῖς
24798	ἀποδειχθεῖσιν
24799	ἐχθροῖς
24800	ἐναντιώματα
24801	.
24802	τούτων
24803	γὰρ
24804	ἁπάντων
24805	ἦν
24806	ἐν
24807	τοῖς
24808	ἄνω
24809	χρόνοις
24810	ἐξέτασις
24811	,
24812	καὶ
24813	ἔδωκεν
24814	ὁ
24815	παρελθὼν
24816	χρόνος
24817	πολλὰς
24818	ἀποδείξεις
24819	ἀνδρὶ
24820	καλῷ
24821	τε
24822	κ
24823	ἀγαθῷ
24824	,
24825	ἐν
24826	οἷς
24827	οὐδαμοῦ
24828	σὺ
24829	φανήσει
24830	γεγονώς
24831	,
24832	οὐ
24833	πρῶτος
24834	,
24835	οὐ
24836	δεύτερος
24837	,
24838	οὐ
24839	τρίτος
24840	,
24841	οὐ
24842	τέταρτος
24843	,
24844	οὐ
24845	πέμπτος
24846	,
24847	οὐχ
24848	ἕκτος
24849	,
24850	οὐχ
24851	ὁποστοσοῦν
24852	,
24853	οὔκουν
24854	ἐπί
24855	γ’
24856	οἷς
24857	ἡ
24858	πατρὶς
24859	ηὐξάνετο
24860	.
24861	τίς
24862	γὰρ
24863	συμμαχία
24864	σοῦ
24865	πράξαντος
24866	γέγονεν
24867	τῇ
24868	πόλει
24869	;
24870	τίς
24871	δὲ
24872	βοήθεια
24873	ἢ
24874	κτῆσις
24875	εὐνοίας
24876	ἢ
24877	δόξης
24878	;
24879	τίς
24880	δὲ
24881	πρεσβεία
24882	,
24883	τίς
24884	διακονία
24885	δι’
24886	ἣν
24887	ἡ
24888	πόλις
24889	ἐντιμοτέρα
24890	;
24891	τί
24892	τῶν
24893	οἰκείων
24894	ἢ
24895	τῶν
24896	Ἑλληνικῶν
24897	καὶ
24898	ξενικῶν
24899	,
24900	οἷς
24901	ἐπέστης
24902	,
24903	ἐπηνώρθωται
24904	;
24905	ποῖαι
24906	τριήρεις
24907	;
24908	ποῖα
24909	βέλη
24910	;
24911	ποῖοι
24912	νεώσοικοι
24913	;
24914	τίς
24915	ἐπισκευὴ
24916	τειχῶν
24917	;
24918	ποῖον
24919	ἱππικόν
24920	;
24921	τί
24922	τῶν
24923	ἁπάντων
24924	σὺ
24925	χρήσιμος
24926	;
24927	τίς
24928	ἢ
24929	τοῖς
24930	εὐπόροις
24931	ἢ
24932	τοῖς
24933	ἀπόροις
24934	πολιτικὴ
24935	καὶ
24936	κοινὴ
24937	βοήθεια
24938	χρημάτων
24939	;
24940	οὐδεμία
24941	.
24942	ἀλλ’
24943	,
24944	ὦ
24945	τᾶν
24946	,
24947	εἰ
24948	μηδὲν
24949	τούτων
24950	,
24951	εὔνοιά
24952	γε
24953	καὶ
24954	προθυμία
24955	·
24956	ποῦ
24957	;
24958	πότε
24959	;
24960	ὅστις
24961	,
24962	ὦ
24963	πάντων
24964	ἀδικώτατε
24965	,
24966	οὐδ’
24967	ὅθ’
24968	ἅπαντες
24969	,
24970	ὅσοι
24971	πώποτ’
24972	ἐφθέγξαντ’
24973	ἐπὶ
24974	τοῦ
24975	βήματος
24976	,
24977	εἰς
24978	σωτηρίαν
24979	ἐπεδίδοσαν
24980	,
24981	καὶ
24982	τὸ
24983	τελευταῖον
24984	Ἀριστόνικος
24985	τὸ
24986	συνειλεγμένον
24987	εἰς
24988	τὴν
24989	ἐπιτιμίαν
24990	,
24991	οὐ
24992	δὲ
24993	τότ’
24994	οὔ
24995	τε
24996	παρῆλθες
24997	οὔτ’
24998	ἐπέδωκας
24999	οὐδέν
25000	,
25001	οὐκ
25002	ἀπορῶν
25003	,
25004	πῶς
25005	γάρ
25006	;
25007	ὅς
25008	γ’
25009	ἐκεκληρονομήκεις
25010	μὲν
25011	τῶν
25012	Φίλωνος
25013	τοῦ
25014	κηδεστοῦ
25015	χρημάτων
25016	πλεῖν
25017	ἢ
25018	πέντε
25019	ταλάντων
25020	,
25021	διτάλαντον
25022	δ’
25023	εἶχες
25024	ἔρανον
25025	παρὰ
25026	τῶν
25027	ἡγεμόνων
25028	τῶν
25029	συμμοριῶν
25030	ἐφ’
25031	οἷς
25032	ἐλυμήνω
25033	τὸν
25034	τριηραρχικὸν
25035	νόμον
25036	.
25037	ἀλλ’
25038	ἵνα
25039	μὴ
25040	λόγον
25041	ἐκ
25042	λόγου
25043	λέγων
25044	τοῦ
25045	παρόντος
25046	ἐμαυτὸν
25047	ἐκκρούσω
25048	,
25049	παραλείψω
25050	ταῦτα
25051	.
25052	ἀλλ’
25053	ὅτι
25054	γ’
25055	οὐχὶ
25056	δι’
25057	ἔνδειαν
25058	οὐκ
25059	ἐπέδωκας
25060	,
25061	ἐκ
25062	τούτων
25063	δῆλον
25064	,
25065	ἀλλὰ
25066	φυλάττων
25067	τὸ
25068	μηδὲν
25069	ἐναντίον
25070	γενέσθαι
25071	παρὰ
25072	σοῦ
25073	τούτοις
25074	οἷς
25075	ἅπαντα
25076	πολιτεύει
25077	.
25078	ἐν
25079	τίσιν
25080	οὖν
25081	σὺ
25082	νεανίας
25083	καὶ
25084	πηνίκα
25085	λαμπρός
25086	;
25087	ἡνίκ’
25088	ἂν
25089	κατὰ
25090	τούτων
25091	τι
25092	δέῃ
25093	,
25094	ἐν
25095	τούτοις
25096	λαμπροφωνότατος
25097	,
25098	μνημονικώτατος
25099	,
25100	ὑποκριτὴς
25101	ἄριστος
25102	,
25103	τραγικὸς
25104	Θεοκρίνης
25105	.
25106	εἶτα
25107	τῶν
25108	πρότερον
25109	γεγενημένων
25110	ἀγαθῶν
25111	ἀνδρῶν
25112	μέμνησαι
25113	.
25114	καὶ
25115	καλῶς
25116	ποιεῖς
25117	.
25118	οὐ
25119	μέντοι
25120	δίκαιόν
25121	ἐστιν
25122	,
25123	ἄνδρες
25124	Ἀθηναῖοι
25125	,
25126	τὴν
25127	πρὸς
25128	τοὺς
25129	τετελευτηκότας
25130	εὔνοιαν
25131	ὑπάρχουσαν
25132	προλαβόντα
25133	παρ’
25134	ὑμῶν
25135	πρὸς
25136	ἐκείνους
25137	ἐξετάζειν
25138	καὶ
25139	παραβάλλειν
25140	ἐμὲ
25141	τὸν
25142	νῦν
25143	ζῶντα
25144	μεθ’
25145	ὑμῶν
25146	.
25147	τίς
25148	γὰρ
25149	οὐκ
25150	οἶδε
25151	τῶν
25152	πάντων
25153	,
25154	ὅτι
25155	τοῖς
25156	μὲν
25157	ζῶσι
25158	πᾶσιν
25159	ὕπεστί
25160	τις
25161	ἢ
25162	πλείων
25163	ἢ
25164	ἐλάττων
25165	φθόνος
25166	,
25167	τοὺς
25168	τεθνεῶτας
25169	δ’
25170	οὐ
25171	δὲ
25172	τῶν
25173	ἐχθρῶν
25174	οὐδεὶς
25175	ἔτι
25176	μισεῖ
25177	;
25178	οὕτως
25179	οὖν
25180	ἐχόντων
25181	τούτων
25182	τῇ
25183	φύσει
25184	,
25185	πρὸς
25186	τοὺς
25187	πρὸ
25188	ἐμαυτοῦ
25189	νῦν
25190	ἐγὼ
25191	κρίνωμαι
25192	καὶ
25193	θεωρῶμαι
25194	;
25195	μηδαμῶς
25196	·
25197	οὔ
25198	τε
25199	γὰρ
25200	δίκαιον
25201	οὔτ’
25202	ἴσον
25203	,
25204	Αἰσχίνη
25205	,
25206	ἀλλὰ
25207	πρὸς
25208	σὲ
25209	καὶ
25210	ἄλλον
25211	εἴ
25212	τινα
25213	βούλει
25214	τῶν
25215	τ
25216	αὐτά
25217	σοι
25218	προῃρημένων
25219	καὶ
25220	ζώντων
25221	.
25222	κ
25223	ἀκεῖνο
25224	σκόπει
25225	.
25226	πότερον
25227	κάλλιον
25228	καὶ
25229	ἄμεινον
25230	τῇ
25231	πόλει
25232	διὰ
25233	τὰς
25234	τῶν
25235	πρότερον
25236	εὐεργεσίας
25237	,
25238	οὔσας
25239	ὑπερμεγέθεις
25240	,
25241	οὐ
25242	μὲν
25243	οὖν
25244	εἴποι
25245	τις
25246	ἂν
25247	ἡλίκας
25248	,
25249	τὰς
25250	ἐπὶ
25251	τὸν
25252	παρόντα
25253	βίον
25254	γιγνομένας
25255	εἰς
25256	ἀχαριστίαν
25257	καὶ
25258	προπηλακισμὸν
25259	ἄγειν
25260	,
25261	ἢ
25262	πᾶσιν
25263	,
25264	ὅσοι
25265	τι
25266	μετ’
25267	εὐνοίας
25268	πράττουσι
25269	,
25270	τῆς
25271	παρὰ
25272	τούτων
25273	τιμῆς
25274	καὶ
25275	φιλανθρωπίας
25276	μετεῖναι
25277	;
25278	καὶ
25279	μὴν
25280	εἰ
25281	καὶ
25282	τοῦτ’
25283	ἄρα
25284	δεῖ
25285	μ’
25286	εἰπεῖν
25287	,
25288	ἡ
25289	μὲν
25290	ἐμὴ
25291	πολιτεία
25292	καὶ
25293	προαίρεσις
25294	,
25295	ἄν
25296	τις
25297	σκοπῇ
25298	,
25299	ταῖς
25300	τῶν
25301	τότ’
25302	ἐπαινουμένων
25303	ἀνδρῶν
25304	ὁμοία
25305	καὶ
25306	τ
25307	αὐτὰ
25308	βουλομένη
25309	φανήσεται
25310	,
25311	ἡ
25312	δὲ
25313	σὴ
25314	ταῖς
25315	τῶν
25316	τοὺς
25317	τοιούτους
25318	τότε
25319	συκοφαντούντων
25320	·
25321	δῆλον
25322	γὰρ
25323	ὅτι
25324	καὶ
25325	κατ’
25326	ἐκείνους
25327	ἦσάν
25328	τινες
25329	,
25330	οἳ
25331	διασύροντες
25332	τοὺς
25333	ὄντας
25334	τότε
25335	τοὺς
25336	πρότερον
25337	γεγενημένους
25338	ἐπῄνουν
25339	,
25340	βάσκανον
25341	πρᾶγμα
25342	καὶ
25343	τ
25344	αὐτὸ
25345	ποιοῦντες
25346	σοί
25347	.
25348	εἶτα
25349	λέγεις
25350	ὡς
25351	οὐδὲν
25352	ὅμοιός
25353	εἰμ’
25354	ἐκείνοις
25355	ἐγώ
25356	;
25357	σὺ
25358	δ’
25359	ὅμοιος
25360	,
25361	Αἰσχίνη
25362	;
25363	ὁ
25364	δ’
25365	ἀδελφὸς
25366	ὁ
25367	σός
25368	;
25369	ἄλλος
25370	δέ
25371	τις
25372	τῶν
25373	νῦν
25374	ῥητόρων
25375	;
25376	ἐγὼ
25377	μὲν
25378	γὰρ
25379	οὐδένα
25380	φημί
25381	.
25382	ἀλλὰ
25383	πρὸς
25384	τοὺς
25385	ζῶντας
25386	,
25387	ὦ
25388	χρηστέ
25389	,
25390	ἵνα
25391	μηδὲν
25392	ἄλλ’
25393	εἴπω
25394	,
25395	τὸν
25396	ζῶντ’
25397	ἐξέταζε
25398	καὶ
25399	τοὺς
25400	καθ’
25401	αὑτόν
25402	,
25403	ὥσπερ
25404	τ
25405	ἄλλα
25406	πάντα
25407	,
25408	τοὺς
25409	ποιητάς
25410	,
25411	τοὺς
25412	χορούς
25413	,
25414	τοὺς
25415	ἀγωνιστάς
25416	.
25417	ὁ
25418	Φιλάμμων
25419	οὐχ
25420	ὅτι
25421	Γλαύκου
25422	τοῦ
25423	Καρυστίου
25424	καί
25425	τινων
25426	ἑτέρων
25427	πρότερον
25428	γεγενημένων
25429	ἀθλητῶν
25430	ἀσθενέστερος
25431	ἦν
25432	,
25433	ἀστεφάνωτος
25434	ἐκ
25435	τῆς
25436	Ὀλυμπίας
25437	ἀπῄει
25438	,
25439	ἀλλ’
25440	ὅτι
25441	τῶν
25442	εἰσελθόντων
25443	πρὸς
25444	αὐτὸν
25445	ἄριστ’
25446	ἐμάχετο
25447	,
25448	ἐστεφανοῦτο
25449	καὶ
25450	νικῶν
25451	ἀνηγορεύετο
25452	.
25453	καὶ
25454	σὺ
25455	πρὸς
25456	τοὺς
25457	νῦν
25458	ὅρα
25459	με
25460	ῥήτορας
25461	,
25462	πρὸς
25463	σαυτόν
25464	,
25465	πρὸς
25466	ὅντινα
25467	βούλει
25468	τῶν
25469	ἁπάντων
25470	·
25471	οὐδέν’
25472	ἐξίσταμαι
25473	.
25474	ὧν
25475	,
25476	ὅτε
25477	μὲν
25478	τῇ
25479	πόλει
25480	τὰ
25481	βέλτισθ’
25482	ἑλέσθαι
25483	παρῆν
25484	,
25485	ἐφαμίλλου
25486	τῆς
25487	εἰς
25488	τὴν
25489	πατρίδ’
25490	εὐνοίας
25491	ἐν
25492	κοινῷ
25493	πᾶσι
25494	κειμένης
25495	,
25496	ἐγὼ
25497	κράτιστα
25498	λέγων
25499	ἐφαινόμην
25500	,
25501	καὶ
25502	τοῖς
25503	ἐμοῖς
25504	καὶ
25505	ψηφίσμασι
25506	καὶ
25507	νόμοις
25508	καὶ
25509	πρεσβείαις
25510	ἅπαντα
25511	διῳκεῖτο
25512	,
25513	ὑμῶν
25514	δ’
25515	οὐδεὶς
25516	ἦν
25517	οὐδαμοῦ
25518	,
25519	πλὴν
25520	εἰ
25521	τούτοις
25522	ἐπηρεάσαι
25523	τι
25524	δέοι
25525	·
25526	ἐπειδὴ
25527	δ’
25528	ἃ
25529	μήποτ’
25530	ὤφελεν
25531	συνέβη
25532	,
25533	καὶ
25534	οὐκέτι
25535	συμβούλων
25536	ἀλλὰ
25537	τῶν
25538	τοῖς
25539	ἐπιταττομένοις
25540	ὑπηρετούντων
25541	καὶ
25542	τῶν
25543	κατὰ
25544	τῆς
25545	πατρίδος
25546	μισθαρνεῖν
25547	ἑτοίμων
25548	καὶ
25549	τῶν
25550	κολακεύειν
25551	ἕτερον
25552	βουλομένων
25553	ἐξέτασις
25554	ἦν
25555	,
25556	τηνικαῦτα
25557	σὺ
25558	καὶ
25559	τούτων
25560	ἕκαστος
25561	ἐν
25562	τάξει
25563	καὶ
25564	μέγας
25565	καὶ
25566	λαμπρὸς
25567	ἱπποτρόφος
25568	,
25569	ἐγὼ
25570	δ’
25571	ἀσθενής
25572	,
25573	ὁμολογῶ
25574	,
25575	ἀλλ’
25576	εὔνους
25577	μᾶλλον
25578	ὑμῶν
25579	τουτοισί
25580	.
25581	δύο
25582	δ’
25583	,
25584	ἄνδρες
25585	Ἀθηναῖοι
25586	,
25587	τὸν
25588	φύσει
25589	μέτριον
25590	πολίτην
25591	ἔχειν
25592	δεῖ
25593	(
25594	οὕτω
25595	γάρ
25596	μοι
25597	περὶ
25598	ἐμαυτοῦ
25599	λέγοντι
25600	ἀνεπιφθονώτατον
25601	εἰπεῖν
25602	)
25603	,
25604	ἐν
25605	μὲν
25606	ταῖς
25607	ἐξουσίαις
25608	τὴν
25609	τοῦ
25610	γενναίου
25611	καὶ
25612	τοῦ
25613	πρωτείου
25614	τῇ
25615	πόλει
25616	προαίρεσιν
25617	διαφυλάττειν
25618	,
25619	ἐν
25620	παντὶ
25621	δὲ
25622	καιρῷ
25623	καὶ
25624	πράξει
25625	τὴν
25626	εὔνοιαν
25627	·
25628	τούτου
25629	γὰρ
25630	ἡ
25631	φύσις
25632	κυρία
25633	,
25634	τοῦ
25635	δύνασθαι
25636	δὲ
25637	καὶ
25638	ἰσχύειν
25639	ἕτερα
25640	.
25641	ταύτην
25642	τοίνυν
25643	παρ’
25644	ἐμοὶ
25645	μεμενηκυῖαν
25646	εὑρήσεθ’
25647	ἁπλῶς
25648	.
25649	ὁρᾶτε
25650	δέ
25651	.
25652	οὐκ
25653	ἐξαιτούμενος
25654	,
25655	οὐκ
25656	εἰς
25657	Ἀμφικτύονας
25658	δίκας
25659	ἐπαγόντων
25660	,
25661	οὐκ
25662	ἀπειλούντων
25663	,
25664	οὐκ
25665	ἐπαγγελλομένων
25666	,
25667	οὐχὶ
25668	τοὺς
25669	καταράτους
25670	τούτους
25671	ὥσπερ
25672	θηρία
25673	μοι
25674	προσβαλλόντων
25675	,
25676	οὐδαμῶς
25677	ἐγὼ
25678	προδέδωκα
25679	τὴν
25680	εἰς
25681	ὑμᾶς
25682	εὔνοιαν
25683	.
25684	τὸ
25685	γὰρ
25686	ἐξ
25687	ἀρχῆς
25688	εὐθὺς
25689	ὀρθὴν
25690	καὶ
25691	δικαίαν
25692	τὴν
25693	ὁδὸν
25694	τῆς
25695	πολιτείας
25696	εἱλόμην
25697	,
25698	τὰς
25699	τιμάς
25700	,
25701	τὰς
25702	δυναστείας
25703	,
25704	τὰς
25705	εὐδοξίας
25706	τὰς
25707	τῆς
25708	πατρίδος
25709	θεραπεύειν
25710	,
25711	ταύτας
25712	αὔξειν
25713	,
25714	μετὰ
25715	τούτων
25716	εἶναι
25717	.
25718	οὐκ
25719	ἐπὶ
25720	μὲν
25721	τοῖς
25722	ἑτέρων
25723	εὐτυχήμασι
25724	φαιδρὸς
25725	ἐγὼ
25726	καὶ
25727	γεγηθὼς
25728	κατὰ
25729	τὴν
25730	ἀγορὰν
25731	περιέρχομαι
25732	,
25733	τὴν
25734	δεξιὰν
25735	προτείνων
25736	καὶ
25737	εὐαγγελιζόμενος
25738	τούτοις
25739	οὓς
25740	ἂν
25741	ἐκεῖσ’
25742	ἀπαγγελεῖν
25743	οἴωμαι
25744	,
25745	τῶν
25746	δὲ
25747	τῆς
25748	πόλεως
25749	ἀγαθῶν
25750	πεφρικὼς
25751	ἀκούω
25752	καὶ
25753	στένων
25754	καὶ
25755	κύπτων
25756	εἰς
25757	τὴν
25758	γῆν
25759	,
25760	ὥσπερ
25761	οἱ
25762	δυσσεβεῖς
25763	οὗτοι
25764	,
25765	οἳ
25766	τὴν
25767	μὲν
25768	πόλιν
25769	διασύρουσιν
25770	,
25771	ὥσπερ
25772	οὐχ
25773	αὑτοὺς
25774	διασύροντες
25775	,
25776	ὅταν
25777	τοῦτο
25778	ποιῶσιν
25779	,
25780	ἔξω
25781	δὲ
25782	βλέπουσι
25783	,
25784	καὶ
25785	ἐν
25786	οἷς
25787	ἀτυχησάντων
25788	τῶν
25789	Ἑλλήνων
25790	ηὐτύχησ’
25791	ἕτερος
25792	,
25793	ταῦτ’
25794	ἐπαινοῦσι
25795	καὶ
25796	ὅπως
25797	τὸν
25798	ἅπαντα
25799	χρόνον
25800	μενεῖ
25801	φασὶ
25802	δεῖν
25803	τηρεῖν
25804	.
25805	μὴ
25806	δῆτ’
25807	,
25808	ὦ
25809	πάντες
25810	θεοί
25811	,
25812	μηδεὶς
25813	ταῦθ’
25814	ὑμῶν
25815	ἐπινεύσειεν
25816	,
25817	ἀλλὰ
25818	μάλιστα
25819	μὲν
25820	καὶ
25821	τούτοις
25822	βελτίω
25823	τινὰ
25824	νοῦν
25825	καὶ
25826	φρένας
25827	ἐνθείητε
25828	,
25829	εἰ
25830	δ’
25831	ἄρ’
25832	ἔχουσιν
25833	ἀνιάτως
25834	,
25835	τούτους
25836	μὲν
25837	αὐτοὺς
25838	καθ’
25839	ἑαυτοὺς
25840	ἐξώλεις
25841	καὶ
25842	προώλεις
25843	ἐν
25844	γῇ
25845	καὶ
25846	θαλάττῃ
25847	ποιήσατε
25848	,
25849	ἡμῖν
25850	δὲ
25851	τοῖς
25852	λοιποῖς
25853	τὴν
25854	ταχίστην
25855	ἀπαλλαγὴν
25856	τῶν
25857	ἐπηρτημένων
25858	φόβων
25859	δότε
25860	καὶ
25861	σωτηρίαν
25862	ἀσφαλῆ
25863	.
