token_ref	lemma	postag	oga_lemma	glaux_lemma	oga_postag	glaux_postag	notes
1	εἰ	c--------	εἰ	εἰ	c--------	c--------	
2	μέν	g--------	μέν	μέν	d--------	g--------	
3	ὅμοιος	a-s---mn-	ὅμοιος	ὅμοιος	a-s---mn-	a-s---mn-	
4	εἰμί	v3siia---	εἰμί	εἰμί	v3siia---	v3siia---	
5	ὁ	l-s---mn-	ὁ	ὁ	l-s---mn-	l-s---mn-	
6	λόγος	n-s---mn-	λόγος	λόγος	n-s---mn-	n-s---mn-	
7	ὁ	l-s---mn-	ὁ	ὁ	l-s---mn-	l-s---mn-	
8	μέλλω	v-sppamn-	μέλλω	μέλλω	v-sppamn-	v-sppamn-	
9	ἀναγιγνώσκω	v--fnp---	ἀναγιγνώσκω	ἀναγιγνώσκω	v--fnp---	v--fnp---	
10	ὁ	l-p---nd-	ὁ	ὁ	l-p---md-	l-p---nd-	
11	ἤ	c--------	ἤ1	ἤ	d--------	c--------	
12	πρός	r--------	πρός	πρός	r--------	r--------	
13	ὁ	l-p---ma-	ὁ	ὁ	l-p---ma-	l-p---ma-	
14	ἀγών	n-p---ma-	ἀγών	ἀγών	n-p---ma-	n-p---ma-	
15	ἤ	c--------	ἤ1	ἤ	c--------	c--------	
16	πρός	r--------	πρός	πρός	r--------	r--------	
17	ὁ	l-p---fa-	ὁ	ὁ	l-p---fa-	l-p---fa-	
18	ἐπίδειξις	n-p---fa-	ἐπίδειξις	ἐπίδειξις	n-p---fa-	n-p---fa-	
19	γίγνομαι	v-pppmnd-	γίγνομαι	γίγνομαι	v-pppend-	v-pppmnd-	
20	,	u--------	,	,	u--------	u--------	
21	οὐδείς	p-s---na-	οὐδείς	οὐδείς	p-s---na-	p-s---na-	
22	ἄν	g--------	ἄν	ἄν	d--------	g--------	
23	οἴομαι	v1spim---	οἴομαι	οἴομαι	v1spie---	v1spim---	
24	προδιαλέγω	v--anp---	πρόδιαλέγω	προδιαλέγω	v--anp---	v--anp---	
25	περί	r--------	περί	περί	r--------	r--------	
26	αὐτός	p-s---mg-	αὐτός	αὐτός	p-s---mg-	p-s---mg-	
27	·	u--------	·	·	u--------	u--------	
28	νῦν	d--------	νῦν	νῦν	d--------	d--------	
29	δέ	c--------	δέ	δέ	d--------	c--------	
30	διά	r--------	διά	διά	r--------	r--------	
31	ὁ	l-s---fa-	ὁ	ὁ	l-s---fa-	l-s---fa-	
32	καινότης	n-s---fa-	καινότης	καινότης	n-s---fa-	n-s---fa-	
33	καί	c--------	καί	καί	c--------	c--------	
34	ὁ	l-s---fa-	ὁ	ὁ	l-s---fa-	l-s---fa-	
35	διαφορά	n-s---fa-	διαφορά	διαφορά	n-s---fa-	n-s---fa-	
36	ἀναγκαῖος	a-s---nn-	ἀναγκαῖος	ἀναγκαῖος	a-s---nn-	a-s---nn-	
37	εἰμί	v3spia---	εἰμί	εἰμί	v3spia---	v3spia---	
38	προλέγω	v--ana---	προεῖπον	προλέγω	v--ana---	v--ana---	DISAGREE
39	ὁ	l-p---fa-	ὁ	ὁ	l-p---fa-	l-p---fa-	
40	αἰτία	n-p---fa-	αἰτία	αἰτία	n-p---fa-	n-p---fa-	
41	,	u--------	,	,	u--------	u--------	
42	διά	r--------	διά	διά	r--------	r--------	
43	ὅς	p-p---fa-	ὅς	ὅς	p-p---fa-	p-p---fa-	
44	οὕτως	d--------	οὕτως	οὕτως	d--------	d--------	
45	ἀνόμοιος	a-s---ma-	ἀνόμοιος	ἀνόμοιος	a-s---ma-	a-s---ma-	
46	αὐτός	p-s---ma-	αὐτός	αὐτός	p-s---ma-	p-s---ma-	
47	εἰμί	v-sppama-	εἰμί	εἰμί	v-sppama-	v-sppama-	
48	ὁ	l-p---md-	ὁ	ὁ	l-p---md-	l-p---md-	
49	ἄλλος	p-p---md-	ἄλλος	ἄλλος	p-p---md-	p-p---md-	
50	γράφω	v--pna---	γράφω	γράφω	v--pna---	v--pna---	
51	προαιρέω	v1saim---	προαιρέω	προαιρέω	v1saim---	v1saim---	
52	·	u--------	·	·	u--------	u--------	
53	μή	d--------	μή	μή	d--------	d--------	
54	γάρ	g--------	γάρ	γάρ	d--------	g--------	
55	οὗτος	p-p---fg-	οὗτος	οὗτος	p-p---fg-	p-p---fg-	
56	δηλόω	v-pappfg-	δηλόω	δηλόω	v-pappfg-	v-pappfg-	
57	πολύς	a-p---md-	πολύς	πολύς	a-p---md-	a-p---md-	
58	ἄν	g--------	ἄν	ἄν	d--------	g--------	
59	ἴσως	d--------	ἴσως	ἴσως	d--------	d--------	
60	ἄτοπος	a-s---fn-	ἄτοπος	ἄτοπος	a-s---mn-	a-s---fn-	
61	εἰμί	v--pna---	εἰμί	εἰμί	v--pna---	v--pna---	
62	δοκέω	v3saoa---	δοκέω	δοκέω	v3saoa---	v3saoa---	
63	.	u--------	.	.	u--------	u--------	
64	ἐγώ	p-s---cn-	ἐγώ	ἐγώ	p1s---mn-	p-s---cn-	
65	γάρ	g--------	γάρ	γάρ	d--------	g--------	
66	οἶδα	v-srpamn-	οἶδα	οἶδα	v-srpamn-	v-srpamn-	
67	ἔνιοι	a-p---ma-	ἔνιοι	ἔνιοι	a-p---ma-	a-p---ma-	
68	ὁ	l-p---mg-	ὁ	ὁ	l-p---mg-	l-p---mg-	
69	σοφιστής	n-p---mg-	σοφιστής	σοφιστής	n-p---mg-	n-p---mg-	
70	βλασφημέω	v-pppama-	βλασφημέω	βλασφημέω	v-pppama-	v-pppama-	
71	περί	r--------	περί	περί	r--------	r--------	
72	ὁ	l-s---fg-	ὁ	ὁ	l-s---fg-	l-s---fg-	
73	ἐμός	a-s---fg-	ἐμός	ἐμός	a-s---fg-	a-s---fg-	
74	διατριβή	n-s---fg-	διατριβή	διατριβή	n-s---fg-	n-s---fg-	
75	,	u--------	,	,	u--------	u--------	
76	καί	c--------	καί	καί	d--------	c--------	
77	λέγω	v-pppama-	λέγω3	λέγω	v-pppama-	v-pppama-	
78	ὡς	c--------	ὡς	ὡς	c--------	c--------	
79	εἰμί	v3spia---	εἰμί	εἰμί	v3spia---	v3spia---	
80	περί	r--------	περί	περί	r--------	r--------	
81	δικογραφία	n-s---fa-	δικογραφία	δικογραφία	n-s---fa-	n-s---fa-	
82	,	u--------	,	,	u--------	u--------	
83	καί	c--------	καί	καί	c--------	c--------	
84	παραπλήσιος	a-s---na-	παραπλήσιος	παραπλήσιος	a-s---na-	a-s---na-	
85	ποιέω	v-pppama-	ποιέω	ποιέω	v-pppama-	v-pppama-	
86	ὥσπερ	c--------	ὥσπερ	ὥσπερ	c--------	c--------	
87	ἄν	g--------	ἄν	ἄν	d--------	g--------	
88	εἰ	c--------	εἰ	εἰ	c--------	c--------	
89	τις	p-s---cn-	τις	τις	p-s---mn-	p-s---cn-	
90	Φειδίας	n-s---ma-	φειδίας	Φειδίας	n-s---ma-	n-s---ma-	
91	ὁ	l-s---ma-	ὁ	ὁ	l-s---ma-	l-s---ma-	
92	ὁ	l-s---na-	ὁ	ὁ	l-s---na-	l-s---na-	
93	ὁ	l-s---fg-	ὁ	ὁ	l-s---fg-	l-s---fg-	
94	Ἀθήνη	n-s---fg-	ἀθήνη	Ἀθήνη	n-s---fg-	n-s---fg-	
95	ἕδος	n-s---na-	ἕδος	ἕδος	n-s---na-	n-s---na-	
96	ἐργάζομαι	v-sapmma-	ἐργάζομαι	ἐργάζομαι	v-sapmma-	v-sapmma-	
97	τολμάω	v3spoa---	τολμάω	τολμάω	v3spoa---	v3spoa---	
98	καλέω	v--pna---	καλέω	καλέω	v--pna---	v--pna---	
99	κοροπλάθος	n-s---ma-	κοροπλάθος	κοροπλάθος	n-s---ma-	n-s---ma-	
100	,	u--------	,	,	u--------	u--------	
101	ἤ	c--------	ἤ1	ἤ	c--------	c--------	
102	Ζεῦξις	n-s---ma-	ζεῦξις	Ζεῦξις	n-s---fa-	n-s---ma-	
103	καί	c--------	καί	καί	c--------	c--------	
104	Παρράσιος	n-s---ma-	παρράσιος	Παρράσιος	n-s---na-	n-s---ma-	
105	ὁ	l-s---fa-	ὁ	ὁ	l-s---fa-	l-s---fa-	
106	αὐτός	p-s---fa-	αὐτός	αὐτός	a-s---fa-	p-s---fa-	
107	ἔχω	v--pna---	ἔχω	ἔχω	v--pna---	v--pna---	
108	φημί	v3spoa---	φημί	φημί	v3spoa---	v3spoa---	
109	τέχνη	n-s---fa-	τέχνη	τέχνη	n-s---fa-	n-s---fa-	
110	ὁ	l-p---md-	ὁ	ὁ	l-p---md-	l-p---md-	
111	ὁ	l-p---na-	ὁ	ὁ	l-p---na-	l-p---na-	
112	πινάκιον	n-p---na-	πινάκιον	πινάκιον	n-p---na-	n-p---na-	
113	γράφω	v-pppamd-	γράφω	γράφω	v-pppamd-	v-pppamd-	
114	,	u--------	,	,	u--------	u--------	
115	ὅμως	d--------	ὅμως	ὅμως	d--------	d--------	
116	οὐ	d--------	οὐ	οὐ	d--------	d--------	
117	δέ	d--------	δέ		d--------		oga_only
118	πώποτε	d--------	πώποτε		d--------		oga_only
119	ὁ	l-s---fa-	ὁ		l-s---fa-		oga_only
120	μικρολογία	n-s---fa-	μικρολογία		n-s---fa-		oga_only
121	οὗτος	a-s---fa-	οὗτος		a-s---fa-		oga_only
122	ἀμύνω	v1saim---	ἀμύνω		v1saim---		oga_only
123	αὐτός	p-p---mg-	αὐτός		p-p---mg-		oga_only
124	,	u--------	,		u--------		oga_only
125	ἡγέομαι	v-sppmmn-	ἡγέομαι	ἡγέομαι	v-sppemn-	v-sppmmn-	
126	ὁ	l-p---fa-	ὁ	ὁ	l-p---fa-	l-p---fa-	
127	μέν	g--------	μέν	μέν	d--------	g--------	
128	ἐκεῖνος	p-p---mg-	ἐκεῖνος	ἐκεῖνος	p-p---fg-	p-p---mg-	
129	φλυαρία	n-p---fa-	φλυαρία	φλυαρία	n-p---fa-	n-p---fa-	
130	οὐδείς	p-s---fa-	οὐδείς	οὐδείς	a-s---fa-	p-s---fa-	
131	δύναμις	n-s---fa-	δύναμις	δύναμις	n-s---fa-	n-s---fa-	
132	ἔχω	v--pna---	ἔχω	ἔχω	v--pna---	v--pna---	
133	,	u--------	,	,	u--------	u--------	
134	αὐτός	p-s---mn-	αὐτός	αὐτός	p-s---mn-	p-s---mn-	
135	δέ	c--------	δέ	δέ	c--------	c--------	
136	πᾶς	p-p---md-	πᾶς	πᾶς	a-p---md-	p-p---md-	
137	οὗτος	p-s---na-	οὗτος	οὗτος	p-s---na-	p-s---na-	
138	ποιέω	v--rna---	ποιέω	ποιέω	v--rna---	v--rna---	
139	φανερός	a-s---na-	φανερός	φανερός	a-s---na-	a-s---na-	
140	,	u--------	,	,	u--------	u--------	
141	ὅτι	c--------	ὅτι	ὅτι	c--------	c--------	
142	προαιρέω	v1srim---	προαιρέω	προαιρέω	v1srie---	v1srim---	
143	καί	c--------	καί	καί	d--------	c--------	
144	λέγω	v--pna---	λέγω3	λέγω	v--pna---	v--pna---	
145	καί	c--------	καί	καί	c--------	c--------	
146	γράφω	v--pna---	γράφω	γράφω	v--pna---	v--pna---	
147	οὐ	d--------	οὐ	οὐ	d--------	d--------	
148	περί	r--------	περί	περί	r--------	r--------	
149	ὁ	l-p---ng-	ὁ	ὁ	l-p---ng-	l-p---ng-	
150	ἴδιος	a-p---ng-	ἴδιος	ἴδιος	a-p---ng-	a-p---ng-	
151	συμβόλαιον	n-p---ng-	συμβόλαιον	συμβόλαιον	a-p---ng-	n-p---ng-	
152	,	u--------	,	,	u--------	u--------	
153	ἀλλά	c--------	ἀλλά	ἀλλά	c--------	c--------	
154	ὑπέρ	r--------	ὑπέρ	ὑπέρ	r--------	r--------	
155	τηλικοῦτος	p-p---ng-	τηλικοῦτος	τηλικοῦτος	a-p---ng-	p-p---ng-	
156	ὁ	l-s---na-	ὁ	ὁ	l-s---na-	l-s---na-	
157	μέγεθος	n-s---na-	μέγεθος	μέγεθος	n-s---na-	n-s---na-	
158	καί	c--------	καί	καί	c--------	c--------	
159	τοιοῦτος	p-p---ng-	τοιοῦτος	τοιοῦτος	a-p---ng-	p-p---ng-	
160	πρᾶγμα	n-p---ng-	πρᾶγμα	πρᾶγμα	n-p---ng-	n-p---ng-	
161	,	u--------	,	,	u--------	u--------	
162	ὑπέρ	r--------	ὑπέρ	ὑπέρ	r--------	r--------	
163	ὅς	p-p---ng-	ὅς	ὅς	p-p---ng-	p-p---ng-	
164	οὐδείς	p-s---mn-	οὐδείς	οὐδείς	p-s---mn-	p-s---mn-	
165	ἄν	g--------	ἄν	ἄν	d--------	g--------	
166	ἄλλος	p-s---mn-	ἄλλος	ἄλλος	a-s---mn-	p-s---mn-	
167	ἐπιχειρέω	v3saoa---	ἐπιχειρέω	ἐπιχειρέω	v3saoa---	v3saoa---	
168	,	u--------	,	,	u--------	u--------	
169	πλήν	r--------	πλήν	πλήν	r--------	r--------	
170	ὁ	l-p---ng-	ὁ	ὁ	l-p---mg-	l-p---ng-	
171	ἐγώ	p-s---cd-	ἐγώ	ἐγώ	p-s---md-	p-s---cd-	
172	πλησιάζω	v-prpamg-	πλησιάζω	πλησιάζω	v-prpamg-	v-prpamg-	
173	ἤ	c--------	ἤ1	ἤ	c--------	c--------	
174	ὁ	l-p---mg-	ὁ	ὁ	l-p---mg-	l-p---mg-	
175	οὗτος	p-p---ma-	οὗτος	οὗτος	p-p---ma-	p-p---ma-	
176	μιμέομαι	v--pnm---	μιμέομαι	μιμέομαι	v--pne---	v--pnm---	
177	βούλομαι	v-pppmmg-	βούλομαι	βούλομαι	v-pppemg-	v-pppmmg-	
178	.	u--------	.	.	u--------	u--------	
179	μέχρι	r--------	μέχρι	μέχρι	r--------	r--------	
180	μέν	g--------	μέν	μέν	d--------	g--------	
181	οὖν	g--------	οὖν	οὖν	d--------	g--------	
182	πρόσω	d--------	πρόσω	πρόσω	d--------	d--------	
183	ὁ	l-s---fg-	ὁ	ὁ	l-s---fg-	l-s---fg-	
184	ἡλικία	n-s---fg-	ἡλικία	ἡλικία	n-s---fg-	n-s---fg-	
185	οἴομαι	v1siim---	οἴομαι	οἴομαι	v1siie---	v1siim---	
186	καί	c--------	καί	καί	d--------	c--------	
187	διά	r--------	διά	διά	r--------	r--------	
188	ὁ	l-s---fa-	ὁ	ὁ	l-s---fa-	l-s---fa-	
189	προαίρεσις	n-s---fa-	προαίρεσις	προαίρεσις	n-s---fa-	n-s---fa-	
190	οὗτος	p-s---fa-	οὗτος	οὗτος	a-s---fa-	p-s---fa-	
191	καί	c--------	καί	καί	c--------	c--------	
192	διά	r--------	διά	διά	r--------	r--------	
193	ὁ	l-s---fa-	ὁ	ὁ	l-s---fa-	l-s---fa-	
194	ἄλλος	p-s---fa-	ἄλλος	ἄλλος	a-s---fa-	p-s---fa-	
195	ἀπραγμοσύνη	n-s---fa-	ἀπραγμοσύνη	ἀπραγμοσύνη	n-s---fa-	n-s---fa-	
196	ἐπιεικής	d--------	ἐπιεικής	ἐπιεικής	d--------	d--------	
197	ἔχω	v--pna---	ἔχω	ἔχω	v--pna---	v--pna---	
198	πρός	r--------	πρός	πρός	r--------	r--------	
199	ἅπας	p-p---ma-	ἅπας	ἅπας	a-p---ma-	p-p---ma-	
200	ὁ	l-p---ma-	ὁ	ὁ	l-p---ma-	l-p---ma-	
201	ἰδιώτης	n-p---ma-	ἰδιώτης	ἰδιώτης	n-p---ma-	n-p---ma-	
202	·	u--------	·	·	u--------	u--------	
203	ἤδη	d--------	ἤδη	ἤδη	d--------	d--------	
204	δέ	c--------	δέ	δέ	d--------	c--------	
205	ὑπόγυιος	a-s---fg-	ὑπόγυιος	ὑπόγυιος	a-s---fg-	a-s---fg-	
206	ἐγώ	p-s---cd-	ἐγώ	ἐγώ	p1s---md-	p-s---cd-	
207	ὁ	l-s---fg-	ὁ	ὁ	l-s---fg-	l-s---fg-	
208	ὁ	l-s---mg-	ὁ	ὁ	l-s---mg-	l-s---mg-	
209	βίος	n-s---mg-	βίος	βίος	n-s---mg-	n-s---mg-	
210	τελευτή	n-s---fg-	τελευτή	τελευτή	n-s---fg-	n-s---fg-	
211	εἰμί	v-sppafg-	εἰμί	εἰμί	v-sppafg-	v-sppafg-	
212	,	u--------	,	,	u--------	u--------	
213	ἀντίδοσις	n-s---fg-	ἀντίδοσις	ἀντίδοσις	n-s---fg-	n-s---fg-	
214	γίγνομαι	v-sapmfg-	γίγνομαι	γίγνομαι	v-sapmfg-	v-sapmfg-	
215	περί	r--------	περί	περί	r--------	r--------	
216	τριηραρχία	n-s---fg-	τριηραρχία	τριηραρχία	n-s---fg-	n-s---fg-	
217	καί	c--------	καί	καί	c--------	c--------	
218	περί	r--------	περί	περί	r--------	r--------	
219	οὗτος	p-s---fg-	οὗτος	οὗτος	p-s---fg-	p-s---fg-	
220	ἀγών	n-s---mg-	ἀγών	ἀγών	n-s---mg-	n-s---mg-	
221	γιγνώσκω	v1saia---	γιγνώσκω	γιγνώσκω	v1saia---	v1saia---	
222	καί	c--------	καί	καί	c--------	c--------	
223	οὗτος	p-p---mg-	οὗτος	οὗτος	p-p---mg-	p-p---mg-	
224	τις	p-p---ca-	τις	τις	p-p---ma-	p-p---ca-	
225	οὐ	d--------	οὐ	οὐ	d--------	d--------	
226	οὕτως	d--------	οὕτως	οὕτως	d--------	d--------	
227	πρός	r--------	πρός	πρός	r--------	r--------	
228	ἐγώ	p-s---ca-	ἐγώ	ἐγώ	p1s---ma-	p-s---ca-	
229	διάκειμαι	v-prpmma-	διάκειμαι	διάκειμαι	v-prpema-	v-prpmma-	
230	ὥσπερ	c--------	ὥσπερ	ὥσπερ	c--------	c--------	
231	ἐλπίζω	v1siia---	ἐλπίζω	ἐλπίζω	v1siia---	v1siia---	
232	,	u--------	,	,	u--------	u--------	
233	ἀλλά	c--------	ἀλλά	ἀλλά	c--------	c--------	
234	ὁ	l-p---ma-	ὁ	ὁ	l-p---ma-	l-p---ma-	
235	μέν	g--------	μέν	μέν	d--------	g--------	
236	πολύς	a-s---na-	πολύς	πολύς	a-s---na-	a-s---na-	
237	διαψεύδω	v-prpmma-	ψεύδω	διαψεύδω	v-prpema-	v-prpmma-	DISAGREE
238	ὁ	l-p---ng-	ὁ	ὁ	l-p---ng-	l-p---ng-	
239	ἐμός	a-p---ng-	ἐμός	ἐμός	a-p---ng-	a-p---ng-	
240	ἐπιτήδευμα	n-p---ng-	ἐπιτήδευμα	ἐπιτήδευμα	n-p---ng-	n-p---ng-	
241	καί	c--------	καί	καί	c--------	c--------	
242	ῥέπω	v-pppama-	ῥέπω	ῥέπω	v-pppama-	v-pppama-	
243	ἐπί	r--------	ἐπί	ἐπί	r--------	r--------	
244	ὁ	l-s---na-	ὁ	ὁ	l-s---na-	l-s---na-	
245	πείθω	v--pnm---	πείθω	πείθω	v--pne---	v--pnm---	
246	ὁ	l-p---md-	ὁ	ὁ	l-p---md-	l-p---md-	
247	ἀνεπιτήδειος	a-s---na-	ἀνεπιτήδειος	ἀνεπιτήδειος	a-s---na-	a-s---na-	
248	τις	p-s---na-	τις	τις	p-s---na-	p-s---na-	
249	λέγω	v-pppamd-	λέγω3	λέγω	v-pppamd-	v-pppamd-	
250	,	u--------	,	,	u--------	u--------	
251	ὁ	l-p---ma-	ὁ	ὁ	l-p---ma-	l-p---ma-	
252	δέ	c--------	δέ	δέ	c--------	c--------	
253	σαφής	d--------	σαφής	σαφής	d--------	d--------	
254	μέν	g--------	μέν	μέν	d--------	g--------	
255	οἶδα	v-prpama-	οἶδα	οἶδα	v-prpama-	v-prpama-	
256	περί	r--------	περί	περί	r--------	r--------	
257	ὅς	p-p---na-	ὅς	ὅς	p-p---na-	p-p---na-	
258	τυγχάνω	v1spia---	τυγχάνω	τυγχάνω	v1spia---	v1spia---	
259	διατρίβω	v-sppamn-	διατρίβω	διατρίβω	v-sppamn-	v-sppamn-	
260	,	u--------	,	,	u--------	u--------	
261	φθονέω	v-pppama-	φθονέω	φθονέω	v-pppama-	v-pppama-	
262	δέ	c--------	δέ	δέ	c--------	c--------	
263	καί	c--------	καί	καί	d--------	c--------	
264	ὁ	l-s---na-	ὁ		l-s---na-		oga_only
265	αὐτός	p-s---na-	αὐτός		p-s---na-		oga_only
266	πάσχω	v-prpama-	πάσχω	πάσχω	v-prpama-	v-prpama-	
267	ὁ	l-p---md-	ὁ	ὁ	l-p---md-	l-p---md-	
268	σοφιστής	n-p---md-	σοφιστής	σοφιστής	n-p---md-	n-p---md-	
269	καί	c--------	καί	καί	c--------	c--------	
270	χαίρω	v-pppama-	χαίρω	χαίρω	v-pppama-	v-pppama-	
271	ἐπί	r--------	ἐπί	ἐπί	r--------	r--------	
272	ὁ	l-p---md-	ὁ	ὁ	l-p---md-	l-p---md-	
273	ψευδής	a-s---fa-	ψευδής	ψευδής	n-s---ma-	a-s---fa-	
274	περί	r--------	περί	περί	r--------	r--------	
275	ἐγώ	p-s---cg-	ἐγώ	ἐγώ	p1s---mg-	p-s---cg-	
276	δόξα	n-s---fa-	δόξα	δόξα	n-s---fa-	n-s---fa-	
277	ἔχω	v-pppamd-	ἔχω	ἔχω	v3ppia---	v-pppamd-	
278	.	u--------	.	.	u--------	u--------	
279	δηλόω	v3paia---	δηλόω	δηλόω	v3paia---	v3paia---	
280	δέ	c--------	δέ	δέ	d--------	c--------	
281	οὕτως	d--------	οὕτως	οὕτως	d--------	d--------	
282	διάκειμαι	v-prpmmn-	διάκειμαι	διάκειμαι	v-prpemn-	v-prpmmn-	
283	·	u--------	·	·	u--------	u--------	
284	ὁ	l-s---mg-	ὁ	ὁ	l-s---mg-	l-s---mg-	
285	γάρ	g--------	γάρ	γάρ	d--------	g--------	
286	ἀντίδικος	n-s---mg-	ἀντίδικος	ἀντίδικος	a-s---mg-	n-s---mg-	
287	περί	r--------	περί	περί	r--------	r--------	
288	μέν	g--------	μέν	μέν	d--------	g--------	
289	ὅς	p-p---ng-	ὅς	ὅς	p-p---ng-	p-p---ng-	
290	ὁ	l-s---fn-	ὁ	ὁ	l-s---fn-	l-s---fn-	
291	κρίσις	n-s---fn-	κρίσις	κρίσις	n-s---fn-	n-s---fn-	
292	εἰμί	v3siia---	εἰμί	εἰμί	v3siia---	v3siia---	
293	οὐδείς	p-s---na-	οὐδείς	οὐδείς	p-s---na-	p-s---na-	
294	λέγω	v-sppamg-	λέγω3	λέγω	v-sppamg-	v-sppamg-	
295	δίκαιος	a-s---na-	δίκαιος	δίκαιος	a-s---nn-	a-s---na-	
296	,	u--------	,	,	u--------	u--------	
297	διαβάλλω	v-sppamg-	διαβάλλω	διαβάλλω	v-sppamg-	v-sppamg-	
298	δέ	c--------	δέ	δέ	c--------	c--------	
299	ὁ	l-s---fa-	ὁ	ὁ	l-s---fa-	l-s---fa-	
300	ὁ	l-p---mg-	ὁ	ὁ	l-p---mg-	l-p---mg-	
301	λόγος	n-p---mg-	λόγος	λόγος	n-p---mg-	n-p---mg-	
302	ὁ	l-p---mg-	ὁ	ὁ	l-p---mg-	l-p---mg-	
303	ἐμός	a-p---mg-	ἐμός	ἐμός	a-p---mg-	a-p---mg-	
304	δύναμις	n-s---fa-	δύναμις	δύναμις	n-s---fa-	n-s---fa-	
305	καί	c--------	καί	καί	c--------	c--------	
306	καταλαζονεύομαι	v-sppmmg-	καταλαζονεύομαι	καταλαζονεύομαι	v-sppemg-	v-sppmmg-	
307	περί	r--------	περί	περί	r--------	r--------	
308	τε	c--------	τε	τε	d--------	c--------	
309	ὁ	l-s---mg-	ὁ	ὁ	l-s---mg-	l-s---mg-	
310	πλοῦτος	n-s---mg-	πλοῦτος	πλοῦτος	n-s---mg-	n-s---mg-	
311	καί	c--------	καί	καί	c--------	c--------	
312	ὁ	l-s---ng-	ὁ	ὁ	l-s---ng-	l-s---ng-	
313	πλῆθος	n-s---ng-	πλῆθος	πλῆθος	n-s---ng-	n-s---ng-	
314	ὁ	l-p---mg-	ὁ	ὁ	l-p---mg-	l-p---mg-	
315	μαθητής	n-p---mg-	μαθητής	μαθητής	n-p---mg-	n-p---mg-	
316	,	u--------	,	,	u--------	u--------	
317	γιγνώσκω	v3paia---	γιγνώσκω	γιγνώσκω	v3paia---	v3paia---	
318	ἐμός	a-s---fa-	ἐμός	ἐμός	a-s---fa-	a-s---fa-	
319	εἰμί	v--pna---	εἰμί	εἰμί	v--pna---	v--pna---	
320	ὁ	l-s---fa-	ὁ	ὁ	l-s---fa-	l-s---fa-	
321	λειτουργία	n-s---fa-	λειτουργία	λειτουργία	n-s---fa-	n-s---fa-	
322	.	u--------	.	.	u--------	u--------	
323	ὁ	l-s---fa-	ὁ	ὁ	l-s---fa-	l-s---fa-	
324	μέν	g--------	μέν	μέν	d--------	g--------	
325	οὖν	g--------	οὖν	οὖν	d--------	g--------	
326	δαπάνη	n-s---fa-	δαπάνη	δαπάνη	n-s---fa-	n-s---fa-	
327	οὕτως	d--------	οὕτως	οὕτως	d--------	d--------	
328	φέρω	v1paia---	φέρω	φέρω	v1paia---	v1paia---	
329	,	u--------	,	,	u--------	u--------	
330	ὥσπερ	c--------	ὥσπερ	ὥσπερ	c--------	c--------	
331	προσήκω	v3spia---	προσήκω	προσήκω	v3spia---	v3spia---	
332	ὁ	l-p---ma-	ὁ	ὁ	l-p---ma-	l-p---ma-	
333	μή	d--------	μή	μή	d--------	d--------	
334	τε	d--------	τε		d--------		oga_only
335	λίαν	d--------	λίαν		d--------		oga_only
336	ὑπό	r--------	ὑπό		r--------		oga_only
337	ὁ	l-p---ng-	ὁ		l-p---ng-		oga_only
338	τοιοῦτος	p-p---ng-	τοιοῦτος		p-p---ng-		oga_only
339	ἐκπλήσσω	v-pppema-	ἐκπλήσσω		v-pppema-		oga_only
340	μή	d--------	μή		d--------		oga_only
341	τε	c--------	τε		c--------		oga_only
342	παντάπασι	d--------	παντάπασι		d--------		oga_only
343	ἄσωτος	d--------	ἄσωτος		d--------		oga_only
344							unmatched
345	ὀλίγωρος	d--------	ὀλίγωρος		d--------		oga_only
346	πρός	r--------	πρός		r--------		oga_only
347	χρῆμα	n-p---na-	χρῆμα		n-p---na-		oga_only
348	διάκειμαι	v-prpema-	διάκειμαι		v-prpema-		oga_only
349							unmatched
350	αἰσθάνομαι	v-srpmmn-	αἰσθάνομαι	αἰσθάνομαι	v-srpemn-	v-srpmmn-	
351	δέ	c--------	δέ	δέ	d--------	c--------	
352	ὥσπερ	c--------	ὥσπερ	ὥσπερ	c--------	c--------	
353	λέγω	v1saia---	εἶπον	λέγω	v1saia---	v1saia---	DISAGREE
354	πολύς	a-p---mac	πλείων	πολύς	a-p---mac	a-p---mac	DISAGREE
355	εἰμί	v-pppama-	εἰμί	εἰμί	v-pppama-	v-pppama-	
356	ὅς	p-p---mg-	ὅς	ὅς	p-p---mg-	p-p---mg-	
357	οἴομαι	v1siim---	οἴομαι	οἴομαι	v1siie---	v1siim---	
358	ὁ	l-p---ma-	ὁ	ὁ	l-p---ma-	l-p---ma-	
359	οὐ	d--------	οὐ	οὐ	d--------	d--------	
360	ὀρθός	d--------	ὀρθός	ὀρθός	d--------	d--------	
361	περί	r--------	περί	περί	r--------	r--------	
362	ἐγώ	p-s---cg-	ἐγώ	ἐγώ	p1s---mg-	p-s---cg-	
363	γιγνώσκω	v-pppama-	γιγνώσκω	γιγνώσκω	v-pppama-	v-pppama-	
364	,	u--------	,	,	u--------	u--------	
365	ἐνθυμέομαι	v1siim---	ἐνθυμέομαι	ἐνθυμέομαι	v1siie---	v1siim---	
366	πῶς	d--------	πῶς	πῶς	d--------	d--------	
367	ἄν	g--------	ἄν	ἄν	d--------	g--------	
368	δηλόω	v1saoa---	δηλόω	δηλόω	v1saoa---	v1saoa---	
369	καί	c--------	καί	καί	d--------	c--------	
370	οὗτος	p-p---md-	οὗτος	οὗτος	p-p---md-	p-p---md-	
371	καί	c--------	καί	καί	c--------	c--------	
372	ὁ	l-p---md-	ὁ	ὁ	l-p---md-	l-p---md-	
373	ἐπιγίγνομαι	v-pppmmd-	ἐπιγίγνομαι	ἐπιγίγνομαι	v-pppemd-	v-pppmmd-	
374	καί	c--------	καί	καί	d--------	c--------	
375	ὁ	l-s---ma-	ὁ	ὁ	l-s---ma-	l-s---ma-	
376	τρόπος	n-s---ma-	τρόπος	τρόπος	n-s---ma-	n-s---ma-	
377	ὅς	p-s---ma-	ὅς	ὅς	p-s---ma-	p-s---ma-	
378	ἔχω	v1spia---	ἔχω	ἔχω	v1spia---	v1spia---	
379	καί	c--------	καί	καί	d--------	c--------	
380	ὁ	l-s---ma-	ὁ	ὁ	l-s---ma-	l-s---ma-	
381	βίος	n-s---ma-	βίος	βίος	n-s---ma-	n-s---ma-	
382	ὅς	p-s---ma-	ὅς	ὅς	p-s---ma-	p-s---ma-	
383	ζάω	v1spia---	ζάω	ζάω	v1spia---	v1spia---	
384	καί	c--------	καί	καί	c--------	c--------	
385	ὁ	l-s---fa-	ὁ	ὁ	l-s---fa-	l-s---fa-	
386	παιδεία	n-s---fa-	παιδεία	παιδεία	n-s---fa-	n-s---fa-	
387	περί	r--------	περί	περί	r--------	r--------	
388	ὅς	p-s---fa-	ὅς	ὅς	p-p---ng-	p-s---fa-	
389	διατρίβω	v1spia---	διατρίβω	διατρίβω	v1spia---	v1spia---	
390	,	u--------	,	,	u--------	u--------	
391	καί	c--------	καί	καί	c--------	c--------	
392	μή	d--------	μή	μή	d--------	d--------	
393	περιοράω	v1saoa---	περιοράω	περιοράω	v1saoa---	v1saoa---	
394	περί	r--------	περί	περί	r--------	r--------	
395	ὁ	l-p---ng-	ὁ	ὁ	l-p---ng-	l-p---ng-	
396	τοιοῦτος	p-p---ng-	τοιοῦτος	τοιοῦτος	p-p---ng-	p-p---ng-	
397	ἄκριτος	a-s---ma-	ἄκριτος	ἄκριτος	a-s---ma-	a-s---ma-	
398	ἐμαυτοῦ	p-s---ma-	ἐμαυτοῦ	ἐμαυτοῦ	p-s---ma-	p-s---ma-	
399	εἰμί	v-sppama-	εἰμί	εἰμί	v-sppama-	v-sppama-	
400	,	u--------	,	,	u--------	u--------	
401							unmatched
402	ἐπί	r--------	ἐπί	ἐπί	r--------	r--------	
403	ὁ	l-p---md-	ὁ	ὁ	l-p---md-	l-p---md-	
404	βλασφημέω	v--pna---	βλασφημέω	βλασφημέω	v--pna---	v--pna---	
405	ἐθίζω	v-prpmmd-	ἐθίζω	ἐθίζω	v-prpend-	v-prpmmd-	
406	ὥσπερ	c--------	ὥσπερ	ὥσπερ	c--------	c--------	
407	νῦν	d--------	νῦν	νῦν	d--------	d--------	
408	γίγνομαι	v-sapmma-	γίγνομαι	γίγνομαι	v-sapmma-	v-sapmma-	
409	.	u--------	.	.	u--------	u--------	
410	σκοπέω	v-sppmmn-	σκοπέω	σκοπέω	v-sppemn-	v-sppmmn-	
411	οὖν	g--------	οὖν	οὖν	d--------	g--------	
412	εὑρίσκω	v1siia---	εὑρίσκω	εὑρίσκω	v1siia---	v1siia---	
413	οὐδαμῶς	d--------	οὐδαμῶς	οὐδαμῶς	d--------	d--------	
414	ἄν	g--------	ἄν	ἄν	d--------	g--------	
415	ἄλλος	d--------	ἄλλως	ἄλλος	d--------	d--------	DISAGREE
416	οὗτος	p-s---na-	οὗτος	οὗτος	p-s---na-	p-s---na-	
417	διαπράσσω	v-sfpmmn-	διαπράσσω	διαπράσσω	v-sfpmmn-	v-sfpmmn-	
418	,	u--------	,	,	u--------	u--------	
419	πλήν	r--------	πλήν	πλήν	d--------	r--------	
420	εἰ	c--------	εἰ	εἰ	c--------	c--------	
421	γράφω	v3saop---	γράφω	γράφω	v3saop---	v3saop---	
422	λόγος	n-s---mn-	λόγος	λόγος	n-s---mn-	n-s---mn-	
423	ὥσπερ	c--------	ὥσπερ	ὥσπερ	c--------	c--------	
424	εἰκών	n-s---fn-	εἰκών	εἰκών	v-srpamn-	n-s---fn-	
425	ὁ	l-s---fg-	ὁ	ὁ	l-s---fg-	l-s---fg-	
426	ἐμός	a-s---fg-	ἐμός	ἐμός	a-s---fg-	a-s---fg-	
427	διάνοια	n-s---fg-	διάνοια	διάνοια	n-s---fg-	n-s---fg-	
428	καί	c--------	καί	καί	c--------	c--------	
429	ὁ	l-p---ng-	ὁ	ὁ	l-p---ng-	l-p---ng-	
430	ἄλλος	p-p---ng-	ἄλλος	ἄλλος	p-p---ng-	p-p---ng-	
431	ὁ	l-p---ng-	ὁ	ὁ	l-p---ng-	l-p---ng-	
432	ἐγώ	p-s---cd-	ἐγώ	ἐγώ	p-s---md-	p-s---cd-	
433	βιόω	v-prpmng-	βιόω	βιόω	v-prpeng-	v-prpmng-	
434	·	u--------		·		u--------	glaux_only
435	διά	r--------	διά	διά	r--------	r--------	
436	οὗτος	p-s---ng-	οὗτος	οὗτος	p-s---ng-	p-s---ng-	
437	γάρ	g--------	γάρ	γάρ	d--------	g--------	
438	ἐλπίζω	v1siia---	ἐλπίζω	ἐλπίζω	v1siia---	v1siia---	
439	καί	c--------	καί	καί	d--------	c--------	
440	ὁ	l-p---na-	ὁ	ὁ	l-p---na-	l-p---na-	
441	περί	r--------	περί	περί	r--------	r--------	
442	ἐγώ	p-s---ca-	ἐγώ	ἐγώ	p1s---ma-	p-s---ca-	
443	μάλα	d-------s	μάλιστα	μάλα	d--------	d-------s	DISAGREE
444	γιγνώσκω	v--fnp---	γιγνώσκω	γιγνώσκω	v--fnp---	v--fnp---	
445	,	u--------	,	,	u--------	u--------	
446	καί	c--------	καί	καί	c--------	c--------	
447	ὁ	l-s---ma-	ὁ	ὁ	l-s---ma-	l-s---ma-	
448	αὐτός	p-s---ma-	αὐτός	αὐτός	a-s---ma-	p-s---ma-	
449	οὗτος	p-s---ma-	οὗτος	οὗτος	a-s---na-	p-s---ma-	
450	μνημεῖον	n-s---na-	μνημεῖον	μνημεῖον	n-s---na-	n-s---na-	
451	ἐγώ	p-s---cg-	ἐγώ	ἐγώ	p1s---mg-	p-s---cg-	
452	καταλείπω	v--fnp---	καταλείπω	καταλείπω	v--fnp---	v--fnp---	
453	πολύς	a-s---na-	πολύς	πολύς	a-s---na-	a-s---na-	
454	καλός	a-s---nac	καλός	καλός	a-s---nac	a-s---nac	
455	ὁ	l-p---ng-	ὁ	ὁ	l-p---ng-	l-p---ng-	
456	χάλκεος	a-p---ng-	χάλκεος	χάλκεος	a-p---ng-	a-p---ng-	
457	ἀνάθημα	n-p---ng-	ἀνάθημα	ἀνάθημα	n-p---ng-	n-p---ng-	
458	.	u--------	.	.	u--------	u--------	
459	εἰ	c--------	εἰ	εἰ	c--------	c--------	
460	μέν	g--------	μέν	μέν	d--------	g--------	
461	οὖν	g--------	οὖν	οὖν	d--------	g--------	
462	ἐπαινέω	v--pna---	ἐπαινέω	ἐπαινέω	v--pna---	v--pna---	
463	ἐμαυτοῦ	p-s---ma-	ἐμαυτοῦ	ἐμαυτοῦ	p-s---ma-	p-s---ma-	
464	ἐπιχειρέω	v1spoa---	ἐπιχειρέω	ἐπιχειρέω	v1spoa---	v1spoa---	
465	,	u--------	,	,	u--------	u--------	
466	ὁράω	v1siia---	ὁράω	ὁράω	v1siia---	v1siia---	
467	οὐ	d--------	οὐ	οὐ	d--------	d--------	
468	τε	c--------	τε	τε	d--------	c--------	
469	περιλαμβάνω	v--ana---	περιλαμβάνω		v--ana---		oga_only
470	ἅπας	a-p---na-	ἅπας		a-p---na-		oga_only
471	περί	r--------	περί	περί	r--------	r--------	
472	ὅς	p-p---ng-	ὅς		p-p---ng-		oga_only
473	διέρχομαι	v--ana---	διέρχομαι		v--ana---		oga_only
474	προαιρέω	v1siie---	προαιρέω		v1siie---		oga_only
475	οἷος	a-s---mn-	οἷος		a-s---mn-		oga_only
476	τε	d--------	τε		d--------		oga_only
477	γίγνομαι	v-sfpmmn-	γίγνομαι		v-sfpmmn-		oga_only
478	,	u--------	,		u--------		oga_only
479							unmatched
480	ἐπίχαρις	d--------	ἐπίχαρις		d--------		oga_only
481							unmatched
482	ἀνεπίφθονος	d--------	ἀνεπίφθονος		d--------		oga_only
483	εἶπον	v--ana---	εἶπον		v--ana---		oga_only
484	περί	r--------	περί	περί	r--------	r--------	
485	αὐτός	p-p---ng-	αὐτός		p-p---ng-		oga_only
486	δύναμαι	v-sfpmmn-	δύναμαι		v-sfpmmn-		oga_only
487	·	u--------	·		u--------		oga_only
488	εἰ	c--------	εἰ		c--------		oga_only
489	δέ	c--------	δέ	δέ	d--------	c--------	
490	ὑποτίθημι	v1spoe---	ὑποτίθημι		v1spoe---		oga_only
491	ἀγών	n-s---ma-	ἀγών		n-s---ma-		oga_only
492	μέν	d--------	μέν		d--------		oga_only
493	καί	c--------	καί	καί	c--------	c--------	
494	κίνδυνος	n-s---ma-	κίνδυνος		n-s---ma-		oga_only
495	τις	a-s---ma-	τις		a-s---ma-		oga_only
496	περί	r--------	περί		r--------		oga_only
497	ἐγώ	p-s---ma-	ἐγώ		p-s---ma-		oga_only
498	γίγνομαι	v-sppema-	γίγνομαι		v-sppema-		oga_only
499	,	u--------	,		u--------		oga_only
500	συκοφάντης	n-s---ma-	συκοφάντης		n-s---ma-		oga_only
501	δέ	d--------	δέ		d--------		oga_only
502	εἰμί	v-sppama-	εἰμί		v-sppama-		oga_only
503	ὁ	l-s---ma-	ὁ		l-s---ma-		oga_only
504	γράφω	v-srpena-	γράφω		v-srpena-		oga_only
505	καί	c--------	καί		c--------		oga_only
506	ὁ	l-s---ma-	ὁ		l-s---ma-		oga_only
507	πρᾶγμα	n-p---na-	πρᾶγμα		n-p---na-		oga_only
508	ἐγώ	p1s---md-	ἐγώ		p1s---md-		oga_only
509	παρέχω	v-sppama-	παρέχω		v-sppama-		oga_only
510	,	u--------	,		u--------		oga_only
511	καί	d--------	καί		d--------		oga_only
512	ἐκεῖνος	p-s---ma-	ἐκεῖνος		p-s---ma-		oga_only
513	μέν	d--------	μέν		d--------		oga_only
514	ὁ	l-p---fd-	ὁ		l-p---fd-		oga_only
515	διαβολή	n-p---fd-	διαβολή		n-p---fd-		oga_only
516	χράομαι	v-sppema-	χράομαι		v-sppema-		oga_only
517	ὁ	l-p---fd-	ὁ		l-p---fd-		oga_only
518	ἐπί	r--------	ἐπί		r--------		oga_only
519	ὁ	l-s---fg-	ὁ		l-s---fg-		oga_only
520	ἀντίδοσις	n-s---fg-	ἀντίδοσις		n-s---fg-		oga_only
521	ἐρῶ	v-pppafd-	ἐρῶ		v-pppafd-		oga_only
522	,	u--------	,		u--------		oga_only
523	ἐμαυτοῦ	p-s---ma-	ἐμαυτοῦ		p-s---ma-		oga_only
524	δέ	c--------	δέ		c--------		oga_only
525	ἐν	r--------	ἐν		r--------		oga_only
526	ἀπολογία	n-s---fg-	ἀπολογία		n-s---fg-		oga_only
527	σχῆμα	n-s---nd-	σχῆμα		n-s---nd-		oga_only
528	ὁ	l-p---ma-	ὁ		l-p---ma-		oga_only
529	λόγος	n-p---ma-	λόγος		n-p---ma-		oga_only
530	ποιέω	v-sppema-	ποιέω		v-sppema-		oga_only
531	,	u--------	,		u--------		oga_only
532	οὕτως	d--------	οὕτως		d--------		oga_only
533	ἄν	d--------	ἄν		d--------		oga_only
534	ἐκγίγνομαι	v--anm---	ἐκγίγνομαι		v--anm---		oga_only
535	ἐγώ	p1s---md-	ἐγώ		p1s---md-		oga_only
536	μάλιστα	d-------s	μάλιστα		d-------s		oga_only
537	διαλέγω	v--anp---	διαλέγω		v--anp---		oga_only
538	περί	r--------	περί		r--------		oga_only
539	ἅπας	a-p---ng-	ἅπας		a-p---ng-		oga_only
540	ὅς	p-p---ng-	ὅς		p-p---ng-		oga_only
541	τυγχάνω	v1spia---	τυγχάνω		v1spia---		oga_only
542	βούλομαι	v-sppemn-	βούλομαι		v-sppemn-		oga_only
543	.	u--------	.		u--------		oga_only
544	οὗτος	p-p---na-	οὗτος	οὗτος	p-p---na-	p-p---na-	
545	δέ	c--------	δέ	δέ	d--------	c--------	
546	διανοέω	v-sappmn-	διανοέω	διανοέω	v-sappmn-	v-sappmn-	
547	γράφω	v1siia---	γράφω	γράφω	v1siia---	v1siia---	
548	ὁ	l-s---ma-	ὁ	ὁ	l-s---ma-	l-s---ma-	
549	λόγος	n-s---ma-	λόγος	λόγος	n-s---ma-	n-s---ma-	
550	οὗτος	p-s---ma-	οὗτος	οὗτος	a-s---ma-	p-s---ma-	
551	,	u--------	,	,	u--------	u--------	
552	οὐ	d--------	οὐ	οὐ	d--------	d--------	
553	ἀκμάζω	v-sppamn-	ἀκμάζω	ἀκμάζω	v-sppamn-	v-sppamn-	
554	,	u--------	,	,	u--------	u--------	
555	ἀλλά	c--------	ἀλλά	ἀλλά	c--------	c--------	
556	ἔτος	n-p---na-	ἔτος	ἔτος	n-p---na-	n-p---na-	
557	γίγνομαι	v-srpamn-	γίγνομαι	γίγνομαι	v-srpamn-	v-srpamn-	
558	δύο	m--------	δύο	δύο	a--------	m--------	
559	καί	c--------	καί	καί	c--------	c--------	
560	ὀγδοήκοντα	m--------	ὀγδοήκοντα	ὀγδοήκοντα	a--------	m--------	
561	.	u--------	.	.	u--------	u--------	
562	διόπερ	d--------	διόπερ	διόπερ	d--------	d--------	
563	χρή	v3spia---	χρή	χρή	v3spia---	v3spia---	
564	συγγνώμη	n-s---fa-	συγγνώμη	συγγνώμη	n-s---fa-	n-s---fa-	
565	ἔχω	v--pna---	ἔχω	ἔχω	v--pna---	v--pna---	
566	,	u--------	,	,	u--------	u--------	
567	ἐάν	c--------	ἐάν	ἐάν	c--------	c--------	
568	μαλακός	a-s---mnc	μαλακός	μαλακός	a-s---mnc	a-s---mnc	
569	εἰμί	v-sppamn-	εἰμί	εἰμί	v-sppamn-	v-sppamn-	
570	φαίνω	v3spsm---	φαίνω	φαίνω	v3spse---	v3spsm---	
571	ὁ	l-p---ng-	ὁ	ὁ	l-p---mg-	l-p---ng-	
572	παρά	r--------	παρά	παρά	r--------	r--------	
573	ἐγώ	p-s---cg-	ἐγώ	ἐγώ	p1s---mg-	p-s---cg-	
574	πρότερος	d-------c	πρότερος	πρότερος	a-s---na-	d-------c	
575	ἐκδίδωμι	v-prpmng-	ἐκδίδωμι	ἐκδίδωμι	v-papmmg-	v-prpmng-	
576	.	u--------	.	.	u--------	u--------	
577	καί	c--------	καί	καί	d--------	c--------	
578	γάρ	g--------	γάρ	γάρ	d--------	g--------	
579	οὐ	d--------	οὐ	οὐ	d--------	d--------	
580	δέ	d--------	δέ		d--------		oga_only
581	ῥᾴδιος	a-s---mn-	ῥᾴδιος		a-s---mn-		oga_only
582	εἰμί	v3siia---	εἰμί		v3siia---		oga_only
583							unmatched
584	ἁπλόος	a-s---mn-	ἁπλόος		a-s---mn-		oga_only
585	,	u--------	,		u--------		oga_only
586	ἀλλά	c--------	ἀλλά		c--------		oga_only
587	πολύς	a-s---fa-	πολύς		a-s---fa-		oga_only
588	ἔχω	v-sppamn-	ἔχω		v-sppamn-		oga_only
589	πραγματεία	n-s---fa-	πραγματεία		n-s---fa-		oga_only
590	.	u--------	.		u--------		oga_only
591	εἰμί	v3spia---	εἰμί	εἰμί	v3spia---	v3spia---	
592	γάρ	g--------	γάρ	γάρ	d--------	g--------	
593	ὁ	l-p---ng-	ὁ	ὁ	l-p---ng-	l-p---ng-	
594	γράφω	v-prpmng-	γράφω	γράφω	v-prpeng-	v-prpmng-	
595	ἔνιοι	a-p---nn-	ἔνιοι	ἔνιοι	a-p---nn-	a-p---nn-	
596	μέν	g--------	μέν	μέν	d--------	g--------	
597	ἐν	r--------	ἐν	ἐν	r--------	r--------	
598	δικαστήριον	n-s---nd-	δικαστήριον	δικαστήριον	n-s---nd-	n-s---nd-	
599	πρέπω	v-pppann-	πρέπω	πρέπω	v-pppana-	v-pppann-	
600	λέγω	v--anp---	ἐρῶ	λέγω	v--anp---	v--anp---	DISAGREE
601	,	u--------	,	,	u--------	u--------	
602	ὁ	l-p---nn-	ὁ	ὁ	l-p---na-	l-p---nn-	
603	δέ	c--------	δέ	δέ	d--------	c--------	
604	πρός	r--------	πρός	πρός	r--------	r--------	
605	μέν	g--------	μέν	μέν	d--------	g--------	
606	ὁ	l-p---ma-	ὁ	ὁ	l-p---ma-	l-p---ma-	
607	τοιοῦτος	p-p---ma-	τοιοῦτος	τοιοῦτος	a-p---ma-	p-p---ma-	
608	ἀγών	n-p---ma-	ἀγών	ἀγών	n-p---ma-	n-p---ma-	
609	οὐ	d--------	οὐ	οὐ	d--------	d--------	
610	ἁρμόζω	v-pppann-	ἁρμόζω	ἁρμόζω	v-pppana-	v-pppann-	
611	,	u--------	,	,	u--------	u--------	
612	περί	r--------	περί	περί	r--------	r--------	
613	δέ	c--------	δέ	δέ	c--------	c--------	
614	φιλοσοφία	n-s---fg-	φιλοσοφία	φιλοσοφία	n-s---fg-	n-s---fg-	
615	παρρησιάζομαι	v-prpmnn-	σιωπάω	παρρησιάζομαι	v-prpenn-	v-prpmnn-	DISAGREE
616	καί	c--------	καί	καί	c--------	c--------	
617	δηλόω	v-prpann-	δηλόω	δηλόω	v-prpann-	v-prpann-	
618	ὁ	l-s---fa-	ὁ	ὁ	l-s---fa-	l-s---fa-	
619	δύναμις	n-s---fa-	δύναμις	δύναμις	n-s---fa-	n-s---fa-	
620	αὐτός	p-s---fg-	αὐτός	αὐτός	p-s---fg-	p-s---fg-	
621	·	u--------	·	·	u--------	u--------	
622	εἰμί	v3spia---	εἰμί	εἰμί	v3spia---	v3spia---	
623	δέ	c--------	δέ	δέ	d--------	c--------	
624	τις	p-s---nn-	τις	τις	p-s---nn-	p-s---nn-	
625	καί	c--------	καί	καί	d--------	c--------	
626	τοιοῦτος	p-s---nn-	τοιοῦτος	τοιοῦτος	p-s---nn-	p-s---nn-	
627	ὅς	p-s---nn-	ὅς	ὅς	p-s---nn-	p-s---nn-	
628	ὁ	l-p---mg-	ὁ	ὁ	l-p---mg-	l-p---mg-	
629	νέος	a-p---mgc	νέος	νέος	a-p---mgc	a-p---mgc	
630	ὁ	l-p---md-	ὁ	ὁ	l-p---md-	l-p---md-	
631	ἐπί	r--------	ἐπί	ἐπί	r--------	r--------	
632	ὁ	l-p---na-	ὁ	ὁ	l-p---na-	l-p---na-	
633	μάθημα	n-p---na-	μάθημα	μάθημα	n-p---na-	n-p---na-	
634	καί	c--------	καί	καί	c--------	c--------	
635	ὁ	l-s---fa-	ὁ	ὁ	l-s---fa-	l-s---fa-	
636	παιδεία	n-s---fa-	παιδεία	παιδεία	n-s---fa-	n-s---fa-	
637	ὁρμάω	v-pppamd-	ὁρμάω	ὁρμάω	v-pppamd-	v-pppamd-	
638	ἀκούω	v-papamd-	ἀκούω	ἀκούω	v-papamd-	v-papamd-	
639	ἄν	g--------	ἄν	ἄν	d--------	g--------	
640	συμφέρω	v3saoa---	συμφέρω	συμφέρω	v3saoa---	v3saoa---	
641	,	u--------	,	,	u--------	u--------	
642	πολύς	a-p---nn-	πολύς	πολύς	a-p---nn-	a-p---nn-	
643	δέ	c--------	δέ	δέ	d--------	c--------	
644	καί	c--------	καί	καί	d--------	c--------	
645	ὁ	l-p---ng-	ὁ	ὁ	l-p---ng-	l-p---ng-	
646	ὑπό	r--------	ὑπό	ὑπό	r--------	r--------	
647	ἐγώ	p-s---cg-	ἐγώ	ἐγώ	p1s---mg-	p-s---cg-	
648	πάλαι	d--------	πάλαι	πάλαι	d--------	d--------	
649	γράφω	v-prpmng-	γράφω	γράφω	v-prpeng-	v-prpmng-	
650	ἐγκαταμίγνυμαι	v-prpmnn-	ἐγκαταμίγνυμι	ἐγκαταμίγνυμαι	v-prpenn-	v-prpmnn-	DISAGREE
651	ὁ	l-p---nd-	ὁ	ὁ	l-p---nd-	l-p---nd-	
652	νῦν	d--------	νῦν	νῦν	d--------	d--------	
653	λέγω	v-pppmnd-	λέγω3	λέγω	v-pppend-	v-pppmnd-	
654	οὐ	d--------	οὐ	οὐ	d--------	d--------	
655	ἄλογος	d--------	ἄλογος	ἄλογος	d--------	d--------	
656							unmatched
657	ἄκαιρος	d--------	ἄκαιρος	ἄκαιρος	d--------	d--------	
658	,	u--------	,	,	u--------	u--------	
659	ἀλλά	c--------	ἀλλά	ἀλλά	c--------	c--------	
660	προσηκόντως	d--------	προσηκόντως	προσηκόντως	d--------	d--------	
661	ὁ	l-p---nd-	ὁ	ὁ	l-p---md-	l-p---nd-	
662	ὑπόκειμαι	v-prpmnd-	ὑπόκειμαι	ὑπόκειμαι	v-prpemd-	v-prpmnd-	
663	.	u--------	.	.	u--------	u--------	
664	τοσοῦτος	p-s---na-	τοσοῦτος	τοσοῦτος	a-s---na-	p-s---na-	
665	οὖν	g--------	οὖν	οὖν	d--------	g--------	
666	μῆκος	n-s---na-	μῆκος	μῆκος	n-s---na-	n-s---na-	
667	λόγος	n-s---mg-	λόγος	λόγος	n-s---mg-	n-s---mg-	
668	συνοράω	v--ana---	σύνεἶδον	συνοράω	v--ana---	v--ana---	DISAGREE
669	,	u--------	,	,	u--------	u--------	
670	καί	c--------	καί	καί	d--------	c--------	
671	τοσοῦτος	p-p---fa-	τοσοῦτος	τοσοῦτος	a-p---fa-	p-p---fa-	
672	ἰδέα	n-p---fa-	ἰδέα	ἰδέα	n-p---fa-	n-p---fa-	
673	καί	c--------	καί	καί	c--------	c--------	
674	τοσοῦτος	p-s---na-	τοσοῦτος	τοσοῦτος	p-s---na-	p-s---na-	
675	ἀλλήλων	p-p---fg-	ἀλλήλων	ἀλλήλων	p-p---fg-	p-p---fg-	
676	ἀφίστημι	v-prpafa-	ἀφίστημι	ἀφίστημι	v-prpafa-	v-prpafa-	
677	συναρμόζω	v--ana---	συναρμόζω	συναρμόζω	v--ana---	v--ana---	
678	καί	c--------	καί	καί	c--------	c--------	
679	συνάγω	v--ana---	συνάγω	συνάγω	v--ana---	v--ana---	
680	,	u--------	,	,	u--------	u--------	
681	καί	c--------	καί	καί	d--------	c--------	
682	ὁ	l-p---fa-	ὁ	ὁ	l-p---fa-	l-p---fa-	
683	ἐπιφέρω	v-pppmfa-	ἐπιφέρω	ἐπιφέρω	v-pppefa-	v-pppmfa-	
684	οἰκειόω	v--ana---	οἰκειόω	οἰκειόω	v--ana---	v--ana---	
685	ὁ	l-p---fd-	ὁ	ὁ	l-p---fd-	l-p---fd-	
686	προλέγω	v-prpmfd-	προερέω	προλέγω	v-prpefd-	v-prpmfd-	DISAGREE
687	,	u--------	,	,	u--------	u--------	
688	καί	c--------	καί	καί	c--------	c--------	
689	πᾶς	p-p---fa-	πᾶς	πᾶς	a-p---fa-	p-p---fa-	
690	ποιέω	v--ana---	ποιέω	ποιέω	v--ana---	v--ana---	
691	σφεῖς	p-p---cd-	σφεῖς	σφεῖς	p-p---fd-	p-p---cd-	
692	αὐτός	p-p---fd-	αὐτός	αὐτός	a-p---fd-	p-p---fd-	
693	ὁμολογέω	v-pppmfa-	ὁμολογέω	ὁμολογέω	v-pppefa-	v-pppmfa-	
694	,	u--------	,	,	u--------	u--------	
695	οὐ	d--------	οὐ	οὐ	d--------	d--------	
696	πάνυ	d--------	πάνυ	πάνυ	d--------	d--------	
697	μικρός	a-s---nn-	μικρός	μικρός	a-s---nn-	a-s---nn-	
698	εἰμί	v3siia---	εἰμί	εἰμί	v3siia---	v3siia---	
699	ἔργον	n-s---nn-	ἔργον	ἔργον	n-s---nn-	n-s---nn-	
700	.	u--------	.	.	u--------	u--------	
701	ὅμως	d--------	ὅμως	ὅμως	d--------	d--------	
702	δέ	c--------	δέ	δέ	d--------	c--------	
703	οὐ	d--------	οὐ	οὐ	d--------	d--------	
704	ἀφίστημι	v1saia---	ἀφίστημι	ἀφίστημι	v1saia---	v1saia---	
705	,	u--------	,	,	u--------	u--------	
706	καίπερ	d--------	καίπερ	καίπερ	d--------	d--------	
707	τηλικοῦτος	p-s---mn-	τηλικοῦτος	τηλικοῦτος	p-s---mn-	p-s---mn-	
708	εἰμί	v-sppamn-	εἰμί	εἰμί	v-sppamn-	v-sppamn-	
709	.	u--------	.	.	u--------	u--------	
710	πρίν	c--------	πρίν	πρίν	d--------	c--------	
711	αὐτός	p-s---ma-	αὐτός	αὐτός	p-s---ma-	p-s---ma-	
712	ἀποτελέω	v1saia---	ἀποτελέω	ἀποτελέω	v1saia---	v1saia---	
713	,	u--------	,	,	u--------	u--------	
714	μετά	r--------	μετά	μετά	r--------	r--------	
715	πολύς	a-s---fg-	πολύς	πολύς	a-s---fg-	a-s---fg-	
716	μέν	g--------	μέν	μέν	d--------	g--------	
717	ἀλήθεια	n-s---fg-	ἀλήθεια	ἀλήθεια	n-s---fg-	n-s---fg-	
718	λέγω	v-srpmma-	ἐρῶ	λέγω	v-srpema-	v-srpmma-	DISAGREE
719	,	u--------	,	,	u--------	u--------	
720	ὁ	l-p---na-	ὁ	ὁ	l-p---na-	l-p---na-	
721	δέ	c--------	δέ	δέ	d--------	c--------	
722	ἄλλος	p-p---na-	ἄλλος	ἄλλος	p-p---na-	p-p---na-	
723	τοιοῦτος	p-s---ma-	τοιοῦτος	τοιοῦτος	p-s---ma-	p-s---ma-	
724	οἷος	p-s---mn-	οἷος	οἷος	a-s---mn-	p-s---mn-	
725	ἄν	g--------	ἄν	ἄν	d--------	g--------	
726	εἰμί	v--pna---	εἰμί	εἰμί	v--pna---	v--pna---	
727	δόξα	n-s---fn-	δόξα	δόξα	v3siia---	n-s---fn-	
728	ὁ	l-p---md-	ὁ	ὁ	l-p---md-	l-p---md-	
729	ἀκροάομαι	v-pppmmd-	ἀκροάομαι	ἀκροάομαι	v-pppmmd-	v-pppmmd-	
730	.	u--------	.	.	u--------	u--------	
731	χρή	v3spia---	χρή	χρή	v3spia---	v3spia---	
732	δέ	c--------	δέ	δέ	d--------	c--------	
733	ὁ	l-p---ma-	ὁ	ὁ	l-p---ma-	l-p---ma-	
734	διεξέρχομαι	v-pppama-	διέξειμι	διεξέρχομαι	v-pppama-	v-pppama-	DISAGREE
735	αὐτός	p-s---ma-	αὐτός	αὐτός	p-s---ma-	p-s---ma-	
736	πρῶτος	a-s---na-	πρῶτος	πρῶτος	a-s---na-	a-s---na-	
737	μέν	g--------	μέν	μέν	d--------	g--------	
738	ὡς	c--------	ὡς	ὡς	d--------	c--------	
739	εἰμί	v-sppamg-	εἰμί	εἰμί	v-sppamg-	v-sppamg-	
740	μικτός	a-s---mg-	μικτός	μικτός	a-s---mg-	a-s---mg-	
741	ὁ	l-s---mg-	ὁ	ὁ	l-s---mg-	l-s---mg-	
742	λόγος	n-s---mg-	λόγος	λόγος	n-s---mg-	n-s---mg-	
743	καί	c--------	καί	καί	c--------	c--------	
744	πρός	r--------	πρός	πρός	r--------	r--------	
745	ἅπας	p-p---fa-	ἅπας	ἅπας	a-p---fa-	p-p---fa-	
746	ὁ	l-p---fa-	ὁ	ὁ	l-p---fa-	l-p---fa-	
747	ὑπόθεσις	n-p---fa-	ὑπόθεσις	ὑπόθεσις	n-p---fa-	n-p---fa-	
748	οὗτος	p-p---fa-	οὗτος	οὗτος	a-p---fa-	p-p---fa-	
749	γράφω	v-srpmmg-	γράφω	γράφω	v-srpemg-	v-srpmmg-	
750	ποιέω	v--pnm---	ποιέω	ποιέω	v--pne---	v--pnm---	
751	ὁ	l-s---fa-	ὁ	ὁ	l-s---fa-	l-s---fa-	
752	ἀκρόασις	n-s---fa-	ἀκρόασις	ἀκρόασις	n-s---fa-	n-s---fa-	
753	,	u--------	,	,	u--------	u--------	
754	ἔπειτα	d--------	ἔπειτα	ἔπειτα	d--------	d--------	
755	προσέχω	v--pna---	προσέχω	προσέχω	v--pna---	v--pna---	
756	ὁ	l-s---ma-	ὁ	ὁ	l-s---ma-	l-s---ma-	
757	νόος	n-s---ma-	νόος	νόος	n-s---ma-	n-s---ma-	
758	ἔτι	d--------	ἔτι	ἔτι	d--------	d--------	
759	μάλα	d-------c	μᾶλλον	μάλα	d-------c	d-------c	DISAGREE
760	ὁ	l-p---nd-	ὁ	ὁ	l-p---md-	l-p---nd-	
761	λέγω	v--pnm---	λέγω3	λέγω	v--pne---	v--pnm---	
762	μέλλω	v-pppand-	μέλλω	μέλλω	v-pppamd-	v-pppand-	
763	ἤ	c--------	ἤ1	ἤ	c--------	c--------	
764	ὁ	l-p---nd-	ὁ	ὁ	l-p---md-	l-p---nd-	
765	ἤδη	d--------	ἤδη	ἤδη	d--------	d--------	
766	προλέγω	v-prpmnd-	προερέω	προλέγω	v-prpemd-	v-prpmnd-	DISAGREE
767	,	u--------	,	,	u--------	u--------	
768	πρός	r--------	πρός	πρός	r--------	r--------	
769	δέ	c--------	δέ	δέ	c--------	c--------	
770	οὗτος	p-p---nd-	οὗτος	οὗτος	p-p---nd-	p-p---nd-	
771	μή	d--------	μή	μή	d--------	d--------	
772	ζητέω	v--pna---	ζητέω	ζητέω	v--pna---	v--pna---	
773	εὐθύς	d--------	εὐθύς2	εὐθύς	d--------	d--------	
774	ἐπέρχομαι	v-papama-	ἐπέρχομαι	ἐπέρχομαι	v-papama-	v-papama-	
775	ὅλος	a-s---ma-	ὅλος	ὅλος	a-s---ma-	a-s---ma-	
776	αὐτός	p-s---ma-	αὐτός	αὐτός	p-s---ma-	p-s---ma-	
777	διέρχομαι	v--ana---	διέρχομαι	διέρχομαι	v--ana---	v--ana---	
778	,	u--------	,	,	u--------	u--------	
779	ἀλλά	c--------	ἀλλά	ἀλλά	c--------	c--------	
780	τοσοῦτος	p-s---na-	τοσοῦτος	τοσοῦτος	a-s---na-	p-s---na-	
781	μέρος	n-s---na-	μέρος	μέρος	n-s---na-	n-s---na-	
782	ὅσος	p-s---na-	ὅσος	ὅσος	a-s---na-	p-s---na-	
783	μή	d--------	μή	μή	d--------	d--------	
784	λυπέω	v3sfia---	λυπέω	λυπέω	v3sfia---	v3sfia---	
785	ὁ	l-p---ma-	ὁ	ὁ	l-p---ma-	l-p---ma-	
786	πάρειμι	v-pppama-	πάρειμι1	πάρειμι	v-pppama-	v-pppama-	
787	.	u--------	.	.	u--------	u--------	
788	ἐάν	c--------	ἐάν	ἐάν	c--------	c--------	
789	γάρ	g--------	γάρ	γάρ	d--------	g--------	
790	ἐμμένω	v2pasa---	ἐμμένω	ἐμμένω	v2pasa---	v2pasa---	
791	οὗτος	p-p---nd-	οὗτος	οὗτος	p-p---nd-	p-p---nd-	
792	,	u--------	,	,	u--------	u--------	
793	μάλα	d-------c	μᾶλλον	μάλα	d-------c	d-------c	DISAGREE
794	δύναμαι	v2pfim---	δύναμαι	δύναμαι	v2pfim---	v2pfim---	
795	κατοράω	v--ana---	κατεῖδον	κατοράω	v--ana---	v--ana---	DISAGREE
796	εἰ	c--------	εἰ	εἰ	c--------	c--------	
797	τις	p-s---na-	τις	τις	p-s---na-	p-s---na-	
798	τυγχάνω	v1ppia---	τυγχάνω	τυγχάνω	v1ppia---	v1ppia---	
799	λέγω	v-pppamn-	λέγω3	λέγω	v-pppamn-	v-pppamn-	
800	ἄξιος	a-s---na-	ἄξιος	ἄξιος	a-s---na-	a-s---na-	
801	ἐγώ	p-p---cg-	ἐγώ	ἐγώ	p1p---mg-	p-p---cg-	
802	αὐτός	p-p---mg-	αὐτός	αὐτός	a-p---mg-	p-p---mg-	
803	.	u--------	.	.	u--------	u--------	
804	ὅς	p-p---na-	ὅς	ὅς	p-p---na-	p-p---na-	
805	μέν	g--------	μέν	μέν	d--------	g--------	
806	οὖν	g--------	οὖν	οὖν	d--------	g--------	
807	ἀναγκαῖος	a-s---nn-	ἀναγκαῖος	ἀναγκαῖος	a-s---nn-	a-s---nn-	
808	εἰμί	v3siia---	εἰμί	εἰμί	v3siia---	v3siia---	
809	προλέγω	v--ana---	προεῖπον	προλέγω	v--ana---	v--ana---	DISAGREE
810	,	u--------	,	,	u--------	u--------	
811	οὗτος	p-p---nn-	οὗτος	οὗτος	p-p---nn-	p-p---nn-	
812	εἰμί	v3spia---	εἰμί	εἰμί	v3spia---	v3spia---	
813	·	u--------	·	·	u--------	u--------	
814	ἤδη	d--------	ἤδη	ἤδη	d--------	d--------	
815	δέ	c--------	δέ	δέ	d--------	c--------	
816	ἀναγιγνώσκω	v2ppma---	ἀναγιγνώσκω	ἀναγιγνώσκω	v2ppia---	v2ppma---	
817	ὁ	l-s---fa-	ὁ	ὁ	l-s---fa-	l-s---fa-	
818	ἀπολογία	n-s---fa-	ἀπολογία	ἀπολογία	n-s---fa-	n-s---fa-	
819	ὁ	l-s---fa-	ὁ	ὁ	l-s---fa-	l-s---fa-	
820	προσποιέω	v-sppmfa-	προσποιέω	προσποιέω	v-sppefa-	v-sppmfa-	
821	μέν	g--------	μέν	μέν	d--------	g--------	
822	περί	r--------	περί	περί	r--------	r--------	
823	κρίσις	n-s---fg-	κρίσις	κρίσις	n-s---fg-	n-s---fg-	
824	γράφω	v--rnm---	γράφω	γράφω	v--rne---	v--rnm---	
825	,	u--------	,	,	u--------	u--------	
826	βούλομαι	v-sppmfa-	βούλομαι	βούλομαι	v-sppefa-	v-sppmfa-	
827	δέ	c--------	δέ	δέ	c--------	c--------	
828	περί	r--------	περί	περί	r--------	r--------	
829	ἐγώ	p-s---cg-	ἐγώ	ἐγώ	p1s---mg-	p-s---cg-	
830	δηλόω	v--ana---	δηλόω	δηλόω	v--ana---	v--ana---	
831	ὁ	l-s---fa-	ὁ	ὁ	l-s---fa-	l-s---fa-	
832	ἀλήθεια	n-s---fa-	ἀλήθεια	ἀλήθεια	n-s---fa-	n-s---fa-	
833	,	u--------	,	,	u--------	u--------	
834	καί	c--------	καί	καί	c--------	c--------	
835	ὁ	l-p---ma-	ὁ	ὁ	l-p---ma-	l-p---ma-	
836	μέν	g--------	μέν	μέν	d--------	g--------	
837	ἀγνοέω	v-pppama-	ἀγνοέω	ἀγνοέω	v-pppama-	v-pppama-	
838	οἶδα	v--rna---	οἶδα	οἶδα	v--rna---	v--rna---	
839	ποιέω	v--ana---	ποιέω	ποιέω	v--ana---	v--ana---	
840	,	u--------	,	,	u--------	u--------	
841	ὁ	l-p---ma-	ὁ	ὁ	l-p---ma-	l-p---ma-	
842	δέ	c--------	δέ	δέ	c--------	c--------	
843	φθονέω	v-pppama-	φθονέω	φθονέω	v-pppama-	v-pppama-	
844	ἔτι	d--------	ἔτι	ἔτι	d--------	d--------	
845	μάλα	d-------c	μᾶλλον	μάλα	d--------	d-------c	DISAGREE
846	ὑπό	r--------	ὑπό	ὑπό	r--------	r--------	
847	ὁ	l-s---fg-	ὁ	ὁ	l-s---fg-	l-s---fg-	
848	νόσος	n-s---fg-	νόσος	νόσος	n-s---fg-	n-s---fg-	
849	οὗτος	p-s---fg-	οὗτος	οὗτος	a-s---fg-	p-s---fg-	
850	λυπέω	v--pnm---	λυπέω	λυπέω	v--pne---	v--pnm---	
851	·	u--------	·	·	u--------	u--------	
852	μέγας	a-s---fac	μέγας	μέγας	a-s---fac	a-s---fac	
853	γάρ	g--------	γάρ	γάρ	d--------	g--------	
854	δίκη	n-s---fa-	δίκη	δίκη	n-s---fa-	n-s---fa-	
855	οὐ	d--------	οὐ	οὐ	d--------	d--------	
856	ἄν	g--------	ἄν	ἄν	d--------	g--------	
857	δύναμαι	v1spom---	δύναμαι	δύναμαι	v1spoe---	v1spom---	
858	λαμβάνω	v--ana---	λαμβάνω	λαμβάνω	v--ana---	v--ana---	
859	παρά	r--------	παρά	παρά	r--------	r--------	
860	αὐτός	p-p---mg-	αὐτός	αὐτός	p-p---mg-	p-p---mg-	
861	.	u--------	.	.	u--------	u--------	
862	πᾶς	p-p---mg-	πᾶς	πᾶς	a-p---mg-	p-p---mg-	
863	ἡγέομαι	v1spim---	ἡγέομαι	ἡγέομαι	v1spie---	v1spim---	
864	πονηρός	a-p---mas	πονηρός	πονηρός	a-p---mas	a-p---mas	
865	εἰμί	v--pna---	εἰμί	εἰμί	v--pna---	v--pna---	
866	καί	c--------	καί	καί	c--------	c--------	
867	μέγας	a-s---fgs	μέγας	μέγας	a-s---fgs	a-s---fgs	
868	ζημία	n-s---fg-	ζημία	ζημία	n-s---fg-	n-s---fg-	
869	ἄξιος	a-p---ma-	ἄξιος	ἄξιος	a-p---ma-	a-p---ma-	
870	,	u--------	,	,	u--------	u--------	
871	ὅστις	p-p---mn-	ὅστις	ὅστις	p-p---mn-	p-p---mn-	
872	ὅς	p-p---nd-	ὅς	ὅς	p-p---nd-	p-p---nd-	
873	αὐτός	p-p---mn-	αὐτός	αὐτός	p-p---mn-	p-p---mn-	
874	τυγχάνω	v3ppia---	τυγχάνω	τυγχάνω	v3ppia---	v3ppia---	
875	εἰμί	v-pppamn-	εἰμί	εἰμί	v-pppamn-	v-pppamn-	
876	ἔνοχος	a-p---mn-	ἔνοχος	ἔνοχος	a-p---mn-	a-p---mn-	
877	,	u--------	,	,	u--------	u--------	
878	οὗτος	p-p---na-	οὗτος	οὗτος	p-p---na-	p-p---na-	
879	ὁ	l-p---mg-	ὁ	ὁ	l-p---mg-	l-p---mg-	
880	ἄλλος	p-p---mg-	ἄλλος	ἄλλος	p-p---mg-	p-p---mg-	
881	τολμάω	v3ppia---	τολμάω	τολμάω	v3ppia---	v3ppia---	
882	κατηγορέω	v--pna---	κατηγορέω	κατηγορέω	v--pna---	v--pna---	
883	·	u--------	·	·	u--------	u--------	
884	ὅς	p-s---na-	ὅσπερ	ὅς	p-s---na-	p-s---na-	DISAGREE
885	Λυσίμαχος	n-s---mn-	λυσίμαχος	Λυσίμαχος	n-s---mn-	n-s---mn-	
886	ποιέω	v3sria---	ποιέω	ποιέω	v3sria---	v3sria---	
887	.	u--------	.	.	u--------	u--------	
888	οὗτος	p-s---mn-	οὗτος	οὗτος	p-s---mn-	p-s---mn-	
889	γάρ	g--------	γάρ	γάρ	d--------	g--------	
890	αὐτός	p-s---mn-	αὐτός	αὐτός	p-s---mn-	p-s---mn-	
891	συγγράφω	v-prpmna-	συγγράφω	συγγράφω	v-prpena-	v-prpmna-	
892	λέγω	v-sppamn-	λέγω3	λέγω	v-sppamn-	v-sppamn-	
893	περί	r--------	περί	περί	r--------	r--------	
894	ὁ	l-p---ng-	ὁ	ὁ	l-p---ng-	l-p---ng-	
895	ἐμός	a-p---ng-	ἐμός	ἐμός	a-p---ng-	a-p---ng-	
896	σύγγραμμα	n-p---ng-	σύγγραμμα	σύγγραμμα	n-p---ng-	n-p---ng-	
897	πολύς	a-s---mac	πλείων	πολύς	a-s---mac	a-s---mac	DISAGREE
898	ποιέω	v3srim---	ποιέω	ποιέω	v3srie---	v3srim---	
899	λόγος	n-s---ma-	λόγος	λόγος	n-s---ma-	n-s---ma-	
900	ἤ	c--------	ἤ1	ἤ	c--------	c--------	
901	περί	r--------	περί	περί	r--------	r--------	
902	ὁ	l-p---ng-	ὁ	ὁ	l-p---mg-	l-p---ng-	
903	ἄλλος	p-p---ng-	ἄλλος	ἄλλος	p-p---ng-	p-p---ng-	
904	ἅπας	p-p---ng-	ἅπας	ἅπας	a-p---mg-	p-p---ng-	
905	,	u--------	,	,	u--------	u--------	
906	ὅμοιος	a-s---na-	ὅμοιος	ὅμοιος	d--------	a-s---na-	
907	ἐργάζομαι	v-sppmmn-	ἐργάζομαι	ἐργάζομαι	v-sppemn-	v-sppmmn-	
908	ὥσπερ	c--------	ὥσπερ	ὥσπερ	c--------	c--------	
909	ἄν	g--------	ἄν	ἄν	d--------	g--------	
910	εἰ	c--------	εἰ	εἰ	c--------	c--------	
911	τις	p-s---cn-	τις	τις	p-s---mn-	p-s---cn-	
912	ἱεροσυλία	n-s---fg-	ἱεροσυλία	ἱεροσυλία	n-s---fg-	n-s---fg-	
913	ἕτερος	p-s---ma-	ἕτερος	ἕτερος	a-s---na-	p-s---ma-	
914	διώκω	v-sppamn-	διώκω	διώκω	v-sppamn-	v-sppamn-	
915	αὐτός	p-s---mn-	αὐτός	αὐτός	a-s---mn-	p-s---mn-	
916	ὁ	l-p---na-	ὁ	ὁ	l-p---na-	l-p---na-	
917	ὁ	l-p---mg-	ὁ	ὁ	l-p---mg-	l-p---mg-	
918	θεός	n-p---mg-	θεός	θεός	n-p---mg-	n-p---mg-	
919	ἐν	r--------	ἐν	ἐν	r--------	r--------	
920	ὁ	l-d---fd-	ὁ	ὁ	l-d---fg-	l-d---fd-	
921	χείρ	n-d---fd-	χείρ	χείρ	n-d---fd-	n-d---fd-	
922	ἔχω	v-sppamn-	ἔχω	ἔχω	v-sppamn-	v-sppamn-	
923	φαίνω	v3saop---	φαίνω	φαίνω	v3saop---	v3saop---	
924	.	u--------	.	.	u--------	u--------	
925	πρό	r--------	πρό	πρό	r--------	r--------	
926	πολύς	a-s---ng-	πολύς	πολύς	a-s---ng-	a-s---ng-	
927	δέ	c--------	δέ	δέ	d--------	c--------	
928	ἄν	g--------	ἄν	ἄν	d--------	g--------	
929	ποιέω	v1saim---	ποιέω	ποιέω	v1saim---	v1saim---	
930	οὕτως	d--------	οὕτως	οὕτως	d--------	d--------	
931	αὐτός	p-s---ma-	αὐτός	αὐτός	p-s---ma-	p-s---ma-	
932	νομίζω	v--pna---	νομίζω	νομίζω	v--pna---	v--pna---	
933	εἰμί	v--pna---	εἰμί	εἰμί	v--pna---	v--pna---	
934	ἐγώ	p-s---ca-	ἐγώ	ἐγώ	p1s---ma-	p-s---ca-	
935	δεινός	a-s---ma-	δεινός	δεινός	a-s---ma-	a-s---ma-	
936	,	u--------	,	,	u--------	u--------	
937	ὥσπερ	c--------	ὥσπερ	ὥσπερ	c--------	c--------	
938	ἐν	r--------	ἐν	ἐν	r--------	r--------	
939	σύ	p-p---cd-	σύ	σύ	p-p---md-	p-p---cd-	
940	λέγω	v3sria---	ἐρῶ	λέγω	v3sria---	v3sria---	DISAGREE
941	·	u--------	·	·	u--------	u--------	
942	οὐ	d--------	οὐ	οὐ	d--------	d--------	
943	γάρ	g--------	γάρ	γάρ	d--------	g--------	
944	ἄν	g--------	ἄν	ἄν	d--------	g--------	
945	ποτέ	d--------	ποτέ	ποτέ	d--------	d--------	
946	ἐγώ	p-s---cd-	ἐγώ	ἐγώ	p1s---md-	p-s---cd-	
947	πρᾶγμα	n-p---na-	πρᾶγμα	πρᾶγμα	n-p---na-	n-p---na-	
948	ποιέω	v--pna---	ποιέω	ποιέω	v--pna---	v--pna---	
949	ἐπιχειρέω	v3saia---	ἐπιχειρέω	ἐπιχειρέω	v3saia---	v3saia---	
950	.	u--------	.	.	u--------	u--------	
951	νῦν	d--------	νῦν	νῦν	d--------	d--------	
952	δέ	c--------	δέ	δέ	d--------	c--------	
953	λέγω	v3spia---	λέγω3	λέγω	v3spia---	v3spia---	
954	μέν	g--------	μέν	μέν	d--------	g--------	
955	ὡς	c--------	ὡς	ὡς	c--------	c--------	
956	ἐγώ	p-s---cn-	ἐγώ	ἐγώ	p1s---mn-	p-s---cn-	
957	ὁ	l-p---ma-	ὁ	ὁ	l-p---ma-	l-p---ma-	
958	ἥσσων	a-p---mac	ἥσσων	ἥσσων	a-p---mac	a-p---mac	
959	λόγος	n-p---ma-	λόγος	λόγος	n-p---ma-	n-p---ma-	
960	κρατύς	a-p---mac	κρείσσων	κρατύς	a-p---mac	a-p---mac	DISAGREE
961	δύναμαι	v1spim---	δύναμαι	δύναμαι	v1spie---	v1spim---	
962	ποιέω	v--pna---	ποιέω	ποιέω	v--pna---	v--pna---	
963	,	u--------	,	,	u--------	u--------	
964	τοσοῦτος	p-s---na-	τοσοῦτος	τοσοῦτος	p-s---na-	p-s---na-	
965	δέ	c--------	δέ	δέ	c--------	c--------	
966	ἐγώ	p-s---cg-	ἐγώ	ἐγώ	p1s---mg-	p-s---cg-	
967	καταφρονέω	v3sria---	καταφρονέω	καταφρονέω	v3sria---	v3sria---	
968	,	u--------	,	,	u--------	u--------	
969	ὥστε	c--------	ὥστε	ὥστε	c--------	c--------	
970	αὐτός	p-s---mn-	αὐτός	αὐτός	a-s---mn-	p-s---mn-	
971	ψεύδω	v-sppmmn-	ψεύδω	ψεύδω	v-sppemn-	v-sppmmn-	
972	ἐγώ	p-s---cg-	ἐγώ	ἐγώ	p1s---mg-	p-s---cg-	
973	ὁ	l-p---na-	ὁ		l-p---na-		oga_only
974	ἀληθής	a-p---na-	ἀληθής		a-p---na-		oga_only
975	λέγω	v-sppamg-	λέγω3	λέγω	v-sppamg-	v-sppamg-	
976	ἐλπίζω	v3spia---	ἐλπίζω	ἐλπίζω	v3spia---	v3spia---	
977	ῥᾴδιος	d--------	ῥᾴδιος	ῥᾴδιος	d--------	d--------	
978	ἐπικρατέω	v--fna---	ἐπικρατέω	ἐπικρατέω	v--fna---	v--fna---	
979	.	u--------	.	.	u--------	u--------	
980	οὕτως	d--------	οὕτως	οὕτως	d--------	d--------	
981	δέ	c--------	δέ	δέ	d--------	c--------	
982	ἐγώ	p-s---cd-	ἐγώ	ἐγώ	p1s---md-	p-s---cd-	
983	δύσκολος	d--------	δύσκολος	δύσκολος	d--------	d--------	
984	ἅπας	p-p---nn-	ἅπας	ἅπας	a-p---nn-	p-p---nn-	
985	συμβαίνω	v3sria---	συμβαίνω	συμβαίνω	v3sria---	v3sria---	
986	,	u--------	,	,	u--------	u--------	
987	ὥστε	c--------	ὥστε	ὥστε	c--------	c--------	
988	ὁ	l-p---mn-	ὁ	ὁ	l-p---mn-	l-p---mn-	
989	μέν	g--------	μέν	μέν	d--------	g--------	
990	ἄλλος	p-p---mn-	ἄλλος	ἄλλος	p-p---mn-	p-p---mn-	
991	ὁ	l-p---md-	ὁ	ὁ	l-p---md-	l-p---md-	
992	λόγος	n-p---md-	λόγος	λόγος	n-p---md-	n-p---md-	
993	διαλύω	v3ppim---	διαλύω	διαλύω	v3ppie---	v3ppim---	
994	ὁ	l-p---fa-	ὁ	ὁ	l-p---fa-	l-p---fa-	
995	διαβολή	n-p---fa-	διαβολή	διαβολή	n-p---fa-	n-p---fa-	
996	,	u--------	,	,	u--------	u--------	
997	ἐγώ	p-s---cg-	ἐγώ	ἐγώ	p1s---mg-	p-s---cg-	
998	δέ	c--------	δέ	δέ	c--------	c--------	
999	Λυσίμαχος	n-s---mn-	λυσίμαχος	Λυσίμαχος	n-s---mn-	n-s---mn-	
1000	αὐτός	p-p---ma-	αὐτός	αὐτός	a-p---ma-	p-p---ma-	
1001	ὁ	l-p---ma-	ὁ	ὁ	l-p---ma-	l-p---ma-	
1002	λόγος	n-p---ma-	λόγος	λόγος	n-p---ma-	n-p---ma-	
1003	μάλα	d-------s	μάλιστα	μάλα	d-------s	d-------s	DISAGREE
1004	διαβάλλω	v3sria---	διαβάλλω	διαβάλλω	v3sria---	v3sria---	
1005	,	u--------	,	,	u--------	u--------	
1006	ἵνα	c--------	ἵνα	ἵνα	c--------	c--------	
1007	ἐάν	c--------	ἐάν	ἐάν	c--------	c--------	
1008	μέν	g--------	μέν	μέν	d--------	g--------	
1009	ἱκανός	d--------	ἱκανός	ἱκανός	d--------	d--------	
1010	δοκέω	v1sasa---	δοκέω	δοκέω	v1sasa---	v1sasa---	
1011	λέγω	v--pna---	λέγω3	λέγω	v--pna---	v--pna---	
1012	,	u--------	,	,	u--------	u--------	
1013	ἔνοχος	a-s---mn-	ἔνοχος	ἔνοχος	a-s---mn-	a-s---mn-	
1014	εἰμί	v-sppamn-	εἰμί	εἰμί	v-sppamn-	v-sppamn-	
1015	φαίνω	v1sasp---	φαίνω	φαίνω	v1sfia---	v1sasp---	
1016	ὁ	l-p---nd-	ὁ	ὁ	l-p---nd-	l-p---nd-	
1017	ὑπό	r--------	ὑπό	ὑπό	r--------	r--------	
1018	οὗτος	p-s---mg-	οὗτος	οὗτος	p-s---mg-	p-s---mg-	
1019	περί	r--------	περί	περί	r--------	r--------	
1020	ὁ	l-s---fg-	ὁ	ὁ	l-s---fg-	l-s---fg-	
1021	δεινότης	n-s---fg-	δεινότης	δεινότης	n-s---fg-	n-s---fg-	
1022	ὁ	l-s---fg-	ὁ	ὁ	l-s---fg-	l-s---fg-	
1023	ἐμός	a-s---fg-	ἐμός	ἐμός	a-s---fg-	a-s---fg-	
1024	προλέγω	v-prpmmd-	προερέω	προλέγω	v-prpend-	v-prpmmd-	DISAGREE
1025	,	u--------	,	,	u--------	u--------	
1026	ἐάν	c--------	ἐάν	ἐάν	c--------	c--------	
1027	δέ	c--------	δέ	δέ	c--------	c--------	
1028	ἐνδεής	a-s---nac	ἐνδεής	ἐνδεής	a-s---nac	a-s---nac	
1029	τυγχάνω	v1sasa---	τυγχάνω	τυγχάνω	v1sasa---	v1sasa---	
1030	διαλέγω	v-sappmn-	διαλέγω	διαλέγω	v-sappmn-	v-sappmn-	
1031	ὅς	p-p---ng-	ὅς	ὅς	p-p---ng-	p-p---ng-	
1032	οὗτος	p-s---mn-	οὗτος	οὗτος	p-s---mn-	p-s---mn-	
1033	σύ	p-p---ca-	σύ	σύ	p-p---ma-	p-p---ca-	
1034	προσδοκάω	v--pna---	προσδοκάω	προσδοκάω	v--pna---	v--pna---	
1035	ποιέω	v3sria---	ποιέω	ποιέω	v3sria---	v3sria---	
1036	,	u--------	,	,	u--------	u--------	
1037	ὁ	l-p---fa-	ὁ	ὁ	l-p---fa-	l-p---fa-	
1038	πρᾶξις	n-p---fa-	πρᾶξις	πρᾶξις	n-p---fa-	n-p---fa-	
1039	ἡγέομαι	v2ppsm---	ἡγέομαι	ἡγέομαι	v2ppse---	v2ppsm---	
1040	ἐγώ	p-s---cg-	ἐγώ	ἐγώ	p1s---mg-	p-s---cg-	
1041	κακός	a-p---fac	χείρων	κακός	a-p---fnc	a-p---fac	DISAGREE
1042	εἰμί	v--pna---	εἰμί	εἰμί	v--pna---	v--pna---	
1043	.	u--------	.	.	u--------	u--------	
1044	δέω	v1spim---	δέω	δέω	v1spie---	v1spim---	
1045	οὖν	g--------	οὖν	οὖν	d--------	g--------	
1046	σύ	p-p---cg-	σύ	σύ	p-p---mg-	p-p---cg-	
1047	μή	d--------	μή	μή	d--------	d--------	
1048	τε	d--------	τε		d--------		oga_only
1049	πιστεύω	v--pna---	πιστεύω		v--pna---		oga_only
1050	πω	d--------	πω		d--------		oga_only
1051							unmatched
1052	ἀπιστέω	v--pna---	ἀπιστέω		v--pna---		oga_only
1053	ὁ	l-p---nd-	ὁ		l-p---nd-		oga_only
1054	ἐρῶ	v-prpend-	ἐρῶ		v-prpend-		oga_only
1055	,	u--------	,		u--------		oga_only
1056	πρίν	c--------	πρίν		c--------		oga_only
1057	ἄν	d--------	ἄν		d--------		oga_only
1058	διά	r--------	διά		r--------		oga_only
1059	τέλος	n-s---ng-	τέλος		n-s---ng-		oga_only
1060	ἀκούω	v2pasa---	ἀκούω		v2pasa---		oga_only
1061	καί	d--------	καί		d--------		oga_only
1062	ὁ	l-p---na-	ὁ		l-p---na-		oga_only
1063	παρά	r--------	παρά		r--------		oga_only
1064	ἐγώ	p1p---mg-	ἐγώ		p1p---mg-		oga_only
1065	,	u--------	,		u--------		oga_only
1066	ἐνθυμέομαι	v-pppema-	ἐνθυμέομαι		v-pppema-		oga_only
1067	ὅτι	c--------	ὅτι		c--------		oga_only
1068	οὐδείς	p-s---na-	οὐδείς		p-s---na-		oga_only
1069	ἄν	d--------	ἄν		d--------		oga_only
1070	δεῖ	v3siia---	δεῖ		v3siia---		oga_only
1071	δίδωμι	v--pne---	δίδωμι		v--pne---		oga_only
1072	ὁ	l-p---md-	ὁ		l-p---md-		oga_only
1073	φεύγω	v-pppamd-	φεύγω		v-pppamd-		oga_only
1074	ἀπολογία	n-s---fa-	ἀπολογία		n-s---fa-		oga_only
1075	,	u--------	,		u--------		oga_only
1076	εἴπερ	c--------	εἴπερ		c--------		oga_only
1077	οἷος	a-s---nn-	οἷος		a-s---nn-		oga_only
1078	τε	d--------	τε		d--------		oga_only
1079	εἰμί	v3siia---	εἰμί		v3siia---		oga_only
1080	ἐκ	r--------	ἐκ		r--------		oga_only
1081	ὁ	l-p---mg-	ὁ		l-p---mg-		oga_only
1082	ὁ	l-s---mg-	ὁ		l-s---mg-		oga_only
1083	διώκω	v-sppamg-	διώκω		v-sppamg-		oga_only
1084	λόγος	n-p---mg-	λόγος		n-p---mg-		oga_only
1085	ψηφίζω	v--anm---	ψηφίζω		v--anm---		oga_only
1086	ὁ	l-p---na-	ὁ		l-p---na-		oga_only
1087	δίκαιος	a-p---na-	δίκαιος		a-p---na-		oga_only
1088	.	u--------	.		u--------		oga_only
1089	νῦν	d--------	νῦν		d--------		oga_only
1090	δέ	d--------	δέ		d--------		oga_only
1091	εἰ	c--------	εἰ		c--------		oga_only
1092	μέν	d--------	μέν		d--------		oga_only
1093	εὖ	d--------	εὖ		d--------		oga_only
1094	τυγχάνω	v2spie---	τυγχάνω		v2spie---		oga_only
1095	κατηγορέω	v-srpamn-	κατηγορέω		v-srpamn-		oga_only
1096	ἤ1	c--------	ἤ1		c--------		oga_only
1097	κακός	d--------	κακός		d--------		oga_only
1098	,	u--------	,		u--------		oga_only
1099	οὐδείς	p-s---mn-	οὐδείς		p-s---mn-		oga_only
1100	ἄν	d--------	ἄν		d--------		oga_only
1101	ὁ	l-p---mg-	ὁ		l-p---mg-		oga_only
1102	πάρειμι1	v-pppamg-	πάρειμι1		v-pppamg-		oga_only
1103	ἀγνοέω	v3saoa---	ἀγνοέω		v3saoa---		oga_only
1104	·	u--------	·		u--------		oga_only
1105	εἰ	c--------	εἰ	εἰ	c--------	c--------	
1106	δέ	c--------	δέ	δέ	d--------	c--------	
1107	ἀληθής	a-p---md-	ἀληθής	ἀληθής	a-p---nd-	a-p---md-	
1108	χράω	v3srim---	χράω2	χράω	v3srie---	v3srim---	
1109	ὁ	l-p---md-	ὁ	ὁ	l-p---md-	l-p---md-	
1110	λόγος	n-p---md-	λόγος	λόγος	n-p---md-	n-p---md-	
1111	,	u--------	,	,	u--------	u--------	
1112	οὐκέτι	d--------	οὐκέτι	οὐκέτι	d--------	d--------	
1113	οὗτος	p-s---na-	οὗτος	οὗτος	p-s---na-	p-s---na-	
1114	ὁ	l-p---md-	ὁ	ὁ	l-p---md-	l-p---md-	
1115	κρίνω	v-pppamd-	κρίνω	κρίνω	v-pppamd-	v-pppamd-	
1116	γιγνώσκω	v--ana---	γιγνώσκω	γιγνώσκω	v--ana---	v--ana---	
1117	ῥᾴδιος	a-s---nn-	ῥᾴδιος	ῥᾴδιος	a-s---nn-	a-s---nn-	
1118	ἐκ	r--------	ἐκ	ἐκ	r--------	r--------	
1119	ὅς	p-p---ng-	ὅς	ὅς	p-p---ng-	p-p---ng-	
1120	ὁ	l-s---mn-	ὁ	ὁ	l-s---mn-	l-s---mn-	
1121	πρότερος	a-s---mnc	πρότερος	πρότερος	a-s---mn-	a-s---mnc	
1122	λέγω	v3sria---	ἐρῶ	λέγω	v3sria---	v3sria---	DISAGREE
1123	,	u--------	,	,	u--------	u--------	
1124	ἀλλά	c--------	ἀλλά	ἀλλά	c--------	c--------	
1125	ἀγαπητός	a-s---nn-	ἀγαπητός	ἀγαπητός	a-s---nn-	a-s---nn-	
1126	ἐάν	c--------	ἐάν	ἐάν	c--------	c--------	
1127	ἐκ	r--------	ἐκ	ἐκ	r--------	r--------	
1128	ἀμφότερος	a-p---mg-	ἀμφότερος	ἀμφότερος	a-p---mg-	a-p---mg-	
1129	ὁ	l-p---mg-	ὁ	ὁ	l-p---mg-	l-p---mg-	
1130	λόγος	n-p---mg-	λόγος	λόγος	n-p---mg-	n-p---mg-	
1131	ἐκλαμβάνω	v--ana---	ἐκλαμβάνω	ἐκλαμβάνω	v--ana---	v--ana---	
1132	δύναμαι	v3pasp---	δύναμαι	δύναμαι	v3pasp---	v3pasp---	
1133	ὁ	l-s---na-	ὁ	ὁ	l-s---na-	l-s---na-	
1134	δίκαιος	a-s---na-	δίκαιος	δίκαιος	a-s---na-	a-s---na-	
1135	.	u--------	.	.	u--------	u--------	
1136	οὐ	d--------		οὐ		d--------	glaux_only
1137	θαυμάζω	v1spia---	θαυμάζω	θαυμάζω	v1spia---	v1spia---	
1138	δέ	c--------	δέ	δέ	d--------	c--------	
1139	ὁ	l-p---mg-	ὁ	ὁ	l-p---mg-	l-p---mg-	
1140	πολύς	a-s---mac	πλείων	πολύς	a-s---mac	a-s---mac	DISAGREE
1141	χρόνος	n-s---ma-	χρόνος	χρόνος	a-s---ma-	n-s---ma-	
1142	διατρίβω	v-pppamg-	διατρίβω	διατρίβω	v-pppamg-	v-pppamg-	
1143	ἐπί	r--------	ἐπί	ἐπί	r--------	r--------	
1144	ὁ	l-p---fd-	ὁ	ὁ	l-p---fd-	l-p---fd-	
1145	ὁ	l-p---mg-	ὁ	ὁ	l-p---mg-	l-p---mg-	
1146	ἐξαπατάω	v-pppamg-	ἐξαπατάω	ἐξαπατάω	v-pppamg-	v-pppamg-	
1147	κατηγορία	n-p---fd-	κατηγορία	κατηγορία	n-p---fd-	n-p---fd-	
1148	ἤ	c--------	ἤ1	ἤ	c--------	c--------	
1149	ὁ	l-p---fd-	ὁ	ὁ	l-p---fd-	l-p---fd-	
1150	ὑπέρ	r--------	ὑπέρ	ὑπέρ	r--------	r--------	
1151	ἑαυτοῦ	p-p---mg-	ἑαυτοῦ	ἑαυτοῦ	p-p---mg-	p-p---mg-	
1152	ἀπολογία	n-p---fd-	ἀπολογία	ἀπολογία	n-p---fd-	n-p---fd-	
1153	,	u--------	,	,	u--------	u--------	
1154	οὐ	d--------	οὐ	οὐ	d--------	d--------	
1155	δέ	c--------	δέ		c--------		oga_only
1156	ὁ	l-p---mg-	ὁ		l-p---mg-		oga_only
1157	λέγω3	v-pppamg-	λέγω3		v-pppamg-		oga_only
1158	ὡς	c--------	ὡς		c--------		oga_only
1159	εἰμί	v3spia---	εἰμί		v3spia---		oga_only
1160	μέγας	a-s---nns	μέγας		a-s---nns		oga_only
1161	κακός	a-s---nn-	κακός		a-s---nn-		oga_only
1162	διαβολή	n-s---fn-	διαβολή		n-s---fn-		oga_only
1163							unmatched
1164	τίς	p-s---nn-	τίς	τίς	p-s---nn-	p-s---nn-	
1165	γάρ	g--------	γάρ	γάρ	d--------	g--------	
1166	ἄν	g--------	ἄν	ἄν	d--------	g--------	
1167	γίγνομαι	v3saom---	γίγνομαι	γίγνομαι	v3saom---	v3saom---	
1168	οὗτος	p-s---fg-	οὗτος	οὗτος	p-s---fg-	p-s---fg-	
1169	κακοῦργος	a-s---nnc	κακοῦργος	κακοῦργος	a-s---nnc	a-s---nnc	
1170	,	u--------	,	,	u--------	u--------	
1171	ὅς	p-s---fn-	ὅς	ὅς	p-s---fn-	p-s---fn-	
1172	ποιέω	v3spia---	ποιέω	ποιέω	v3spia---	v3spia---	
1173	ὁ	l-p---ma-	ὁ	ὁ	l-p---ma-	l-p---ma-	
1174	μέν	g--------	μέν	μέν	d--------	g--------	
1175	ψεύδω	v-pppmma-	ψεύδω	ψεύδω	v-pppema-	v-pppmma-	
1176	εὐδοκιμέω	v--pna---	εὐδοκιμέω	εὐδοκιμέω	v--pna---	v--pna---	
1177	,	u--------	,	,	u--------	u--------	
1178	ὁ	l-p---ma-	ὁ	ὁ	l-p---ma-	l-p---ma-	
1179	δέ	c--------	δέ	δέ	d--------	c--------	
1180	δικάζω	v-pppama-	δικάζω	δικάζω	v-pppama-	v-pppama-	
1181	ἐπιορκέω	v--pna---	ἐπιορκέω	ἐπιορκέω	v--pna---	v--pna---	
1182	,	u--------	,	,	u--------	u--------	
1183	ὅλος	d--------	ὅλος	ὅλος	d--------	d--------	
1184	δέ	c--------	δέ	δέ	c--------	c--------	
1185	ὁ	l-s---fa-	ὁ	ὁ	l-s---fa-	l-s---fa-	
1186	μέν	g--------	μέν	μέν	d--------	g--------	
1187	ἀλήθεια	n-s---fa-	ἀλήθεια	ἀλήθεια	n-s---fa-	n-s---fa-	
1188	ἀφανίζω	v3spia---	ἀφανίζω	ἀφανίζω	v3spia---	v3spia---	
1189	,	u--------	,	,	u--------	u--------	
1190	ψευδής	a-s---fa-	ψευδής	ψευδής	a-s---fa-	a-s---fa-	
1191	δέ	c--------	δέ	δέ	c--------	c--------	
1192	δόξα	n-s---fa-	δόξα	δόξα	n-s---fa-	n-s---fa-	
1193	παρίστημι	v-sapafn-	παρίστημι	παρίστημι	v-sapafn-	v-sapafn-	
1194	ὁ	l-p---md-	ὁ	ὁ	l-p---md-	l-p---md-	
1195	ἀκούω	v-pppamd-	ἀκούω	ἀκούω	v-pppamd-	v-pppamd-	
1196	ὅς	p-s---ma-	ὅς	ὅς	p-s---ma-	p-s---ma-	
1197	ἄν	g--------	ἄν	ἄν	d--------	g--------	
1198	τυγχάνω	v3sasa---	τύχη	τυγχάνω	v3sasa---	v3sasa---	DISAGREE
1199	ὁ	l-p---mg-	ὁ	ὁ	l-p---mg-	l-p---mg-	
1200	πολίτης	n-p---mg-	πολίτης	πολίτης	n-p---mg-	n-p---mg-	
1201	ἄδικος	d--------	ἄδικος	ἄδικος	d--------	d--------	
1202	ἀπόλλυμι	v3spia---	ἀπόλλυμι	ἀπόλλυμι	v3spsa---	v3spia---	
1203	;	u--------	;	;	u--------	u--------	
1204	ὅς	p-p---na-	ὅς	ὅς	p-s---md-	p-p---na-	
1205	φυλάσσω	a-s---nn-	φυλακτέος	φυλάσσω	a-s---nn-	a-s---nn-	DISAGREE
1206	εἰμί	v3spia---	εἰμί	εἰμί	v3spia---	v3spia---	
1207	,	u--------	,	,	u--------	u--------	
1208	ὅπως	c--------	ὅπως	ὅπως	c--------	c--------	
1209	μηδείς	p-s---nn-	μηδείς	μηδείς	p-s---nn-	p-s---nn-	
1210	σύ	p-p---cd-	σύ	σύ	p-p---md-	p-p---cd-	
1211	συμβαίνω	v3sfim---	συμβαίνω	συμβαίνω	v3sfim---	v3sfim---	
1212	τοιοῦτος	p-s---nn-	τοιοῦτος	τοιοῦτος	a-s---nn-	p-s---nn-	
1213	,	u--------	,	,	u--------	u--------	
1214							unmatched
1215	ὅς	p-p---na-	ὅς	ὅς	p-p---na-	p-p---na-	
1216	ὁ	l-p---md-	ὁ	ὁ	l-p---md-	l-p---md-	
1217	ἄλλος	p-p---md-	ἄλλος	ἄλλος	p-p---md-	p-p---md-	
1218	ἄν	g--------	ἄν	ἄν	d--------	g--------	
1219	ἐπιτιμάω	v2paoa---	ἐπιτιμάω	ἐπιτιμάω	v2paoa---	v2paoa---	
1220	οὗτος	p-p---md-	οὗτος	οὗτος	p-p---nd-	p-p---md-	
1221	αὐτός	p-p---mn-	αὐτός	αὐτός	a-p---mn-	p-p---mn-	
1222	φαίνω	v2pfip---	φαίνω	φαίνω	v2pfim---	v2pfip---	
1223	περιπίπτω	v-pppamn-	περιπίπτω	περιπίπτω	v-pppamn-	v-pppamn-	
1224	.	u--------	.	.	u--------	u--------	
1225	οἴομαι	v1spim---	οἴομαι	οἴομαι	v1spie---	v1spim---	
1226	δέ	c--------	δέ	δέ	d--------	c--------	
1227	σύ	p-p---ca-	σύ	σύ	p-p---ma-	p-p---ca-	
1228	οὐ	d--------	οὐ	οὐ	d--------	d--------	
1229	ἀγνοέω	v--pna---	ἀγνοέω	ἀγνοέω	v--pna---	v--pna---	
1230	ὅτι	c--------	ὅτι	ὅτι	c--------	c--------	
1231	ὁ	l-s---fd-	ὁ	ὁ	l-s---fd-	l-s---fd-	
1232	πόλις	n-s---fd-	πόλις	πόλις	n-s---fd-	n-s---fd-	
1233	πολλάκις	d--------	πολλάκις	πολλάκις	d--------	d--------	
1234	οὕτως	d--------	οὕτως	οὕτως	d--------	d--------	
1235	ἤδη	d--------	ἤδη	ἤδη	d--------	d--------	
1236	μεταμέλομαι	v3saia---	μεταμέλομαι	μεταμέλομαι	v3saia---	v3saia---	
1237	ὁ	l-p---fg-	ὁ	ὁ	l-p---fg-	l-p---fg-	
1238	κρίσις	n-p---fg-	κρίσις	κρίσις	n-p---fg-	n-p---fg-	
1239	ὁ	l-p---fg-	ὁ	ὁ	l-p---fg-	l-p---fg-	
1240	μετά	r--------	μετά	μετά	r--------	r--------	
1241	ὀργή	n-s---fg-	ὀργή	ὀργή	n-s---fg-	n-s---fg-	
1242	καί	c--------	καί	καί	c--------	c--------	
1243	μή	d--------	μή	μή	d--------	d--------	
1244	μετά	r--------	μετά	μετά	r--------	r--------	
1245	ἔλεγχος	n-s---mg-	ἔλεγχος2	ἔλεγχος	n-s---mg-	n-s---mg-	
1246	γίγνομαι	v-papmfg-	γίγνομαι	γίγνομαι	v-papmfg-	v-papmfg-	
1247	,	u--------	,	,	u--------	u--------	
1248	ὥστε	c--------	ὥστε	ὥστε	c--------	c--------	
1249	οὐ	d--------	οὐ	οὐ	d--------	d--------	
1250	πολύς	a-s---ma-	πολύς	πολύς	a-s---ma-	a-s---ma-	
1251	χρόνος	n-s---ma-	χρόνος	χρόνος	n-s---ma-	n-s---ma-	
1252	διαλείπω	v-sapafn-	διαλείπω	διαλείπω	v-sapafn-	v-sapafn-	
1253	παρά	r--------	παρά	παρά	r--------	r--------	
1254	μέν	g--------	μέν	μέν	d--------	g--------	
1255	ὁ	l-p---mg-	ὁ	ὁ	l-p---mg-	l-p---mg-	
1256	ἐξαπατάω	v-papamg-	ἐξαπατάω	ἐξαπατάω	v-papamg-	v-papamg-	
1257	δίκη	n-s---fa-	δίκη	δίκη	n-s---fa-	n-s---fa-	
1258	λαμβάνω	v--ana---	λαμβάνω	λαμβάνω	v--ana---	v--ana---	
1259	ἐπιθυμέω	v3saia---	ἐπιθυμέω	ἐπιθυμέω	v3saia---	v3saia---	
1260	,	u--------	,	,	u--------	u--------	
1261	ὁ	l-p---ma-	ὁ	ὁ	l-p---ma-	l-p---ma-	
1262	δέ	c--------	δέ	δέ	c--------	c--------	
1263	διαβάλλω	v-pappma-	διαβάλλω	διαβάλλω	v-pappma-	v-pappma-	
1264	ἡδύς	d--------	ἡδέως	ἡδύς	d--------	d--------	DISAGREE
1265	ἄν	g--------	ἄν	ἄν	d--------	g--------	
1266	ὁράω	v3saia---	ὁράω	ὁράω	v3saia---	v3saia---	
1267	ἀγαθός	a-s---nac	ἀμείνων	ἀγαθός	a-s---nac	a-s---nac	DISAGREE
1268	ἤ	c--------	ἤ1	ἤ	c--------	c--------	
1269	πρότερος	d-------c	πρότερος	πρότερος	a-s---na-	d-------c	
1270	πράσσω	v-pppama-	πράσσω	πράσσω	v-pppama-	v-pppama-	
1271	.	u--------	.	.	u--------	u--------	
1272	ὅς	p-p---ng-	ὅς	ὅς	p-p---ng-	p-p---ng-	
1273	χρή	v3spia---	χρή	χρή	v3spia---	v3spia---	
1274	μιμνῄσκω	v-prpmma-	μιμνήσκω	μιμνῄσκω	v-prpema-	v-prpmma-	
1275	μή	d--------	μή	μή	d--------	d--------	
1276	προπετής	d--------	προπετής	προπετής	d--------	d--------	
1277	πιστεύω	v--pna---	πιστεύω	πιστεύω	v--pna---	v--pna---	
1278	ὁ	l-p---md-	ὁ	ὁ	l-p---md-	l-p---md-	
1279	ὁ	l-p---mg-	ὁ	ὁ	l-p---mg-	l-p---mg-	
1280	κατήγορος	a-p---mg-	κατήγορος	κατήγορος	a-p---mg-	a-p---mg-	
1281	λόγος	n-p---md-	λόγος	λόγος	n-p---md-	n-p---md-	
1282	,	u--------	,	,	u--------	u--------	
1283	μή	d--------	μη	μή	d--------	d--------	
1284	δέ	c--------	δέ		c--------		oga_only
1285	μετά	r--------	μετά		r--------		oga_only
1286	θόρυβος	n-s---mg-	θόρυβος		n-s---mg-		oga_only
1287	καί	c--------	καί	καί	c--------	c--------	
1288	χαλεπότης	n-s---fg-	χαλεπότης		n-s---fg-		oga_only
1289	ἀκροάομαι	v--pnm---	ἀκροάομαι		v--pnm---		oga_only
1290	ὁ	l-p---ng-	ὁ	ὁ	l-p---ng-	l-p---ng-	
1291	ἀπολογέομαι	v-pppeng-	ἀπολογέομαι		v-pppeng-		oga_only
1292	.	u--------	.		u--------		oga_only
1293	καί	c--------	καί	καί	d--------	c--------	
1294	γάρ	d--------	γάρ		d--------		oga_only
1295	αἰσχρός	a-s---nn-	αἰσχρός		a-s---nn-		oga_only
1296	ἐπί	r--------	ἐπί	ἐπί	r--------	r--------	
1297	μέν	d--------	μέν		d--------		oga_only
1298	ὁ	l-p---ng-	ὁ		l-p---ng-		oga_only
1299	ἄλλος	p-p---ng-	ἄλλος		p-p---ng-		oga_only
1300	πρᾶγμα	n-p---ng-	πρᾶγμα		n-p---ng-		oga_only
1301	ἐλεήμων	a-p---mas	ἐλεήμων		a-p---mas		oga_only
1302	ὁμολογέω	v--pne---	ὁμολογέω		v--pne---		oga_only
1303	καί	c--------	καί		c--------		oga_only
1304	πρᾶος	a-p---mas	πρᾶος		a-p---mas		oga_only
1305	ἅπας	a-p---mg-	ἅπας		a-p---mg-		oga_only
1306	εἰμί	v--pna---	εἰμί		v--pna---		oga_only
1307	ὁ	l-p---mg-	ὁ		l-p---mg-		oga_only
1308	ἕλλην	n-p---mg-	ἕλλην		n-p---mg-		oga_only
1309	,	u--------	,		u--------		oga_only
1310	ἐπί	r--------	ἐπί		r--------		oga_only
1311	δέ	c--------	δέ		c--------		oga_only
1312	ὁ	l-p---md-	ὁ		l-p---md-		oga_only
1313	ἀγών	n-p---md-	ἀγών		n-p---md-		oga_only
1314	ὁ	l-p---md-	ὁ		l-p---md-		oga_only
1315	ἐνθάδε	d--------	ἐνθάδε		d--------		oga_only
1316	γίγνομαι	v-pppemd-	γίγνομαι		v-pppemd-		oga_only
1317	ὁ	l-p---na-	ὁ		l-p---na-		oga_only
1318	ἐναντίος	a-p---na-	ἐναντίος		a-p---na-		oga_only
1319	ὁ	l-s---fd-	ὁ		l-s---fd-		oga_only
1320	δόξα	n-s---fd-	δόξα		n-s---fd-		oga_only
1321	οὗτος	a-s---fd-	οὗτος		a-s---fd-		oga_only
1322	φαίνω	v--pne---	φαίνω		v--pne---		oga_only
1323	πράσσω	v-pppama-	πράσσω		v-pppama-		oga_only
1324							unmatched
1325	καί	c--------	καί	καί	d--------	c--------	
1326	παρά	r--------	παρά	παρά	r--------	r--------	
1327	ἕτερος	p-p---md-	ἕτερος	ἕτερος	a-p---nd-	p-p---md-	
1328	μέν	g--------	μέν	μέν	d--------	g--------	
1329	ἐπειδάν	c--------	ἐπειδάν	ἐπειδάν	c--------	c--------	
1330	περί	r--------	περί	περί	r--------	r--------	
1331	ψυχή	n-s---fg-	ψυχή	ψυχή	n-s---fg-	n-s---fg-	
1332	ἄνθρωπος	n-s---fg-	ἄνθρωπος	ἄνθρωπος	n-s---fg-	n-s---fg-	
1333	δικάζω	v3ppsa---	δικάζω	δικάζω	v3ppsa---	v3ppsa---	
1334	,	u--------	,	,	u--------	u--------	
1335	μέρος	n-s---na-	μέρος	μέρος	n-s---na-	n-s---na-	
1336	τις	p-s---na-	τις	τις	a-s---na-	p-s---na-	
1337	ὁ	l-p---fg-	ὁ	ὁ	l-p---fg-	l-p---fg-	
1338	ψῆφος	n-p---fg-	ψῆφος	ψῆφος	n-p---fg-	n-p---fg-	
1339	ὑποβάλλω	v--pnm---	ὑποβάλλω	ὑποβάλλω	v--pne---	v--pnm---	
1340	ὁ	l-p---md-	ὁ	ὁ	l-p---md-	l-p---md-	
1341	φεύγω	v-pppamd-	φεύγω	φεύγω	v-pppamd-	v-pppamd-	
1342	,	u--------	,	,	u--------	u--------	
1343	παρά	r--------	παρά	παρά	r--------	r--------	
1344	σύ	p-p---cd-	σύ	σύ	p-p---md-	p-p---cd-	
1345	δέ	c--------	δέ	δέ	c--------	c--------	
1346	μή	d--------	μη	μή	d--------	d--------	
1347	δέ	d--------	δέ		d--------		oga_only
1348	ὁ	l-p---ng-	ὁ		l-p---ng-		oga_only
1349	ἴσος	a-p---ng-	ἴσος		a-p---ng-		oga_only
1350	τυγχάνω	v--pna---	τυγχάνω		v--pna---		oga_only
1351	ὁ	l-p---ma-	ὁ		l-p---ma-		oga_only
1352	κινδυνεύω	v-pppama-	κινδυνεύω		v-pppama-		oga_only
1353	ὁ	l-p---md-	ὁ		l-p---md-		oga_only
1354	συκοφαντέω	v-pppamd-	συκοφαντέω		v-pppamd-		oga_only
1355	,	u--------	,		u--------		oga_only
1356	ἀλλά	c--------	ἀλλά		c--------		oga_only
1357	ὄμνυμι	v--pna---	ὄμνυμι		v--pna---		oga_only
1358	μέν	d--------	μέν		d--------		oga_only
1359	κατά	r--------	κατά		r--------		oga_only
1360	ἕκαστος	a-s---ma-	ἕκαστος		a-s---ma-		oga_only
1361	ὁ	l-s---ma-	ὁ		l-s---ma-		oga_only
1362	ἐνιαυτός	n-s---ma-	ἐνιαυτός		n-s---ma-		oga_only
1363	ἦ	d--------	ἦ		d--------		oga_only
1364	μήν	d--------	μήν		d--------		oga_only
1365	ὅμοιος	d--------	ὅμοιος		d--------		oga_only
1366	ἀκροάομαι	v--fnm---	ἀκροάομαι		v--fnm---		oga_only
1367	ὁ	l-p---mg-	ὁ	ὁ	l-p---mg-	l-p---mg-	
1368	κατηγορέω	v-pppamg-	κατηγορέω		v-pppamg-		oga_only
1369	καί	c--------	καί		c--------		oga_only
1370	ὁ	l-p---mg-	ὁ		l-p---mg-		oga_only
1371	ἀπολογέομαι	v-pppemg-	ἀπολογέομαι		v-pppemg-		oga_only
1372	,	u--------	,		u--------		oga_only
1373	τοσοῦτος	p-s---na-	τοσοῦτος	τοσοῦτος	a-s---na-	p-s---na-	
1374	δέ	c--------	δέ	δέ	c--------	c--------	
1375	ὁ	l-s---na-	ὁ	ὁ	l-s---na-	l-s---na-	
1376	μεταξύ	r--------	μεταξύ	μεταξύ	d--------	r--------	
1377	ποιέω	v--pna---	ποιέω	ποιέω	v--pna---	v--pna---	
1378	,	u--------	,	,	u--------	u--------	
1379	ὥστε	c--------	ὥστε	ὥστε	c--------	c--------	
1380	ὁ	l-p---mg-	ὁ	ὁ	l-p---mg-	l-p---mg-	
1381	μέν	g--------	μέν	μέν	d--------	g--------	
1382	αἰτιάομαι	v-pppmmg-	αἰτιάομαι	αἰτιάομαι	v-pppemg-	v-pppmmg-	
1383	ὅς	p-s---na-	ὅς	ὅς	p-s---na-	p-s---na-	
1384	τις	p-s---na-	τις	τις	a-s---na-	p-s---na-	
1385	ἄν	g--------	ἄν	ἄν	d--------	g--------	
1386	λέγω	v3ppsa---	λέγω3	λέγω	v3ppsa---	v3ppsa---	
1387	ἀποδέχομαι	v--pnm---	ἀποδέχομαι	ἀποδέχομαι	v--pne---	v--pnm---	
1388	,	u--------	,	,	u--------	u--------	
1389	ὁ	l-p---mg-	ὁ	ὁ	l-p---mg-	l-p---mg-	
1390	δέ	c--------	δέ	δέ	d--------	c--------	
1391	οὗτος	p-p---ma-	οὗτος	οὗτος	p-p---ma-	p-p---ma-	
1392	ἐξελέγχω	v--pna---	ἐξελέγχω	ἐξελέγχω	v--pna---	v--pna---	
1393	πειράω	v-pppmmg-	πειράω	πειράω	v-pppemg-	v-pppmmg-	
1394	ἐνίοτε	d--------	ἐνίοτε	ἐνίοτε	d--------	d--------	
1395	μή	d--------	μη	μή	d--------	d--------	
1396	δέ	d--------	δέ		d--------		oga_only
1397	ὁ	l-s---fa-	ὁ		l-s---fa-		oga_only
1398	φωνή	n-s---fa-	φωνή		n-s---fa-		oga_only
1399	ἀκούω	v-pppama-	ἀκούω		v-pppama-		oga_only
1400	ἀνέχω	v--pne---	ἀνέχω		v--pne---		oga_only
1401	,	u--------	,		u--------		oga_only
1402	καί	c--------	καί		c--------		oga_only
1403	νομίζω	v--pna---	νομίζω		v--pna---		oga_only
1404	μέν	d--------	μέν		d--------		oga_only
1405	ἀοίκητος	a-p---fa-	ἀοίκητος		a-p---fa-		oga_only
1406	εἰμί	v--pna---	εἰμί		v--pna---		oga_only
1407	οὗτος	p-p---fa-	οὗτος		p-p---fa-		oga_only
1408	ὁ	l-p---mg-	ὁ	ὁ	l-p---fg-	l-p---mg-	
1409	πόλις	n-p---fg-	πόλις		n-p---fg-		oga_only
1410	ἐν	r--------	ἐν		r--------		oga_only
1411	ὅς	p-p---fd-	ὅς		p-p---fd-		oga_only
1412	ἄκρατος	a-p---mn-	ἄκρατος		a-p---mn-		oga_only
1413	τις	p-p---mn-	τις		p-p---mn-		oga_only
1414	ἀπόλλυμι	v3ppie---	ἀπόλλυμι		v3ppie---		oga_only
1415	ὁ	l-p---mg-	ὁ		l-p---mg-		oga_only
1416	πολίτης	n-p---mg-	πολίτης		n-p---mg-		oga_only
1417	,	u--------	,		u--------		oga_only
1418	ἀγνοέω	v--pna---	ἀγνοέω		v--pna---		oga_only
1419	δέ	c--------	δέ		c--------		oga_only
1420	ὅτι	c--------	ὅτι		c--------		oga_only
1421	οὗτος	p-s---na-	οὗτος		p-s---na-		oga_only
1422	ποιέω	v3ppia---	ποιέω		v3ppia---		oga_only
1423	ὁ	l-p---mn-	ὁ		l-p---mn-		oga_only
1424	μή	d--------	μή		d--------		oga_only
1425	κοινός	a-s---fa-	κοινός		a-s---fa-		oga_only
1426	ὁ	l-s---fa-	ὁ		l-s---fa-		oga_only
1427	εὔνοια	n-s---fa-	εὔνοια		n-s---fa-		oga_only
1428	ὁ	l-p---md-	ὁ		l-p---md-		oga_only
1429	ἀγωνίζομαι	v-pppemd-	ἀγωνίζομαι		v-pppemd-		oga_only
1430	παρέχω	v-pppamn-	παρέχω		v-pppamn-		oga_only
1431	.	u--------	.		u--------		oga_only
1432	ὅς	p-s---nn-	ὅς	ὅς	l-s---nn-	p-s---nn-	
1433	δέ	c--------	δέ	δέ	d--------	c--------	
1434	πᾶς	p-p---ng-	πᾶς	πᾶς	a-p---ng-	p-p---ng-	
1435	δεινός	a-s---nns	δεινός	δεινός	a-s---nns	a-s---nns	
1436	,	u--------	,	,	u--------	u--------	
1437	ὅταν	c--------	ὅταν	ὅταν	c--------	c--------	
1438	τις	p-s---cn-	τις	τις	p-s---mn-	p-s---cn-	
1439	αὐτός	p-s---mn-	αὐτός	αὐτός	a-s---mn-	p-s---mn-	
1440	μέν	g--------	μέν	μέν	d--------	g--------	
1441	κινδυνεύω	v-sppamn-	κινδυνεύω	κινδυνεύω	v-sppamn-	v-sppamn-	
1442	κατηγορέω	v3spsa---	κατηγορέω	κατηγορέω	v3spsa---	v3spsa---	
1443	ὁ	l-p---mg-	ὁ	ὁ	l-p---mg-	l-p---mg-	
1444	διαβάλλω	v-pppamg-	διαβάλλω	διαβάλλω	v-pppamg-	v-pppamg-	
1445	,	u--------	,	,	u--------	u--------	
1446	ἕτερος	p-s---md-	ἕτερος	ἕτερος	a-s---md-	p-s---md-	
1447	δέ	c--------	δέ	δέ	c--------	c--------	
1448	δικάζω	v-sppamn-	δικάζω	δικάζω	v-sppamn-	v-sppamn-	
1449	μή	d--------	μή	μή	c--------	d--------	
1450	ὁ	l-s---fa-	ὁ	ὁ	l-s---fa-	l-s---fa-	
1451	αὐτός	p-s---fa-	αὐτός	αὐτός	a-s---fa-	p-s---fa-	
1452	ἔχω	v3spsa---	ἔχω	ἔχω	v3spsa---	v3spsa---	
1453	γνώμη	n-s---fa-	γνώμη	γνώμη	n-s---fa-	n-s---fa-	
1454	περί	r--------	περί	περί	r--------	r--------	
1455	αὐτός	p-p---mg-	αὐτός	αὐτός	p-p---mg-	p-p---mg-	
1456	.	u--------	.	.	u--------	u--------	
1457	καίτοι	g--------	καίτοι	καίτοι	d--------	g--------	
1458	χρή	v3spia---	χρή	χρή	v3spia---	v3spia---	
1459	ὁ	l-p---ma-	ὁ	ὁ	l-p---ma-	l-p---ma-	
1460	νόος	n-s---ma-	νόος	νόος	n-s---ma-	n-s---ma-	
1461	ἔχω	v-pppama-	ἔχω	ἔχω	v-pppama-	v-pppama-	
1462	τοιοῦτος	p-p---ma-	τοιοῦτος	τοιοῦτος	a-p---ma-	p-p---ma-	
1463	εἰμί	v--pna---	εἰμί	εἰμί	v--pna---	v--pna---	
1464	κριτής	n-p---ma-	κριτής	κριτής	n-p---ma-	n-p---ma-	
1465	ὁ	l-p---md-	ὁ	ὁ	l-p---md-	l-p---md-	
1466	ἄλλος	p-p---md-	ἄλλος	ἄλλος	p-p---md-	p-p---md-	
1467	,	u--------	,	,	u--------	u--------	
1468	οἷος	p-p---mg-	οἷος	οἷος	a-p---mg-	p-p---mg-	
1469	περ	d--------	πέρ	περ	d--------	d--------	
1470	ἄν	g--------	ἄν	ἄν	d--------	g--------	
1471	αὐτός	p-p---mn-	αὐτός	αὐτός	p-p---mn-	p-p---mn-	
1472	τυγχάνω	v--pna---	τυγχάνω	τυγχάνω	v--pna---	v--pna---	
1473	ἀξιόω	v3paoa---	ἀξιόω	ἀξιόω	v3paoa---	v3paoa---	
1474	,	u--------	,	,	u--------	u--------	
1475	λογίζομαι	v-pppmma-	λογίζομαι	λογίζομαι	v-pppema-	v-pppmma-	
1476	ὅτι	c--------	ὅτι	ὅτι	c--------	c--------	
1477	διά	r--------	διά	διά	r--------	r--------	
1478	ὁ	l-p---ma-	ὁ	ὁ	l-p---ma-	l-p---ma-	
1479	συκοφαντέω	v--pna---	συκοφαντέω	συκοφαντέω	v--pna---	v--pna---	
1480	τολμάω	v-pppama-	τολμάω	τολμάω	v-pppama-	v-pppama-	
1481	ἄδηλος	a-s---nn-	ἄδηλος	ἄδηλος	a-s---nn-	a-s---nn-	
1482	ὅστις	p-s---mn-	ὅστις	ὅστις	p-s---mn-	p-s---mn-	
1483	εἰς	r--------	εἰς	εἰς	r--------	r--------	
1484	κίνδυνος	n-s---ma-	κίνδυνος	κίνδυνος	n-s---ma-	n-s---ma-	
1485	καθίστημι	v-sapamn-	καθίστημι	καθίστημι	v-sapamn-	v-sapamn-	
1486	ἀναγκάζω	v3sfip---	ἀναγκάζω	ἀναγκάζω	v3sfip---	v3sfip---	
1487	λέγω	v--pna---	λέγω3	λέγω	v--pna---	v--pna---	
1488	ὅς	p-p---na-	ὅσπερ	ὅς	p-p---na-	p-p---na-	DISAGREE
1489	ἐγώ	p-s---cn-	ἐγώ	ἐγώ	p-s---mn-	p-s---cn-	
1490	νῦν	d--------	νῦν	νῦν	d--------	d--------	
1491	πρός	r--------	πρός	πρός	r--------	r--------	
1492	ὁ	l-p---ma-	ὁ	ὁ	l-p---ma-	l-p---ma-	
1493	μέλλω	v-pppama-	μέλλω	μέλλω	v-pppama-	v-pppama-	
1494	περί	r--------	περί	περί	r--------	r--------	
1495	αὐτός	p-s---mg-	αὐτός	αὐτός	p-s---mg-	p-s---mg-	
1496	ὁ	l-s---fa-	ὁ	ὁ	l-s---fa-	l-s---fa-	
1497	ψῆφος	n-s---fa-	ψῆφος	ψῆφος	n-s---fa-	n-s---fa-	
1498	διαφέρω	v--fna---	διαφέρω	διαφέρω	v--fna---	v--fna---	
1499	.	u--------	.	.	u--------	u--------	
1500	οὐ	d--------		οὐ		d--------	glaux_only
1501	γάρ	g--------	γάρ	γάρ	d--------	g--------	
1502	δή	g--------	δή	δή	d--------	g--------	
1503	ὁ	l-s---nd-	ὁ	ὁ	l-s---md-	l-s---nd-	
1504	γε	g--------	γε	γε	d--------	g--------	
1505	κόσμιος	d--------	κόσμιος	κόσμιος	d--------	d--------	
1506	ζάω	v--pna---	ζάω	ζάω	v--pna---	v--pna---	
1507	ἄξιος	a-s---nn-	ἄξιος	ἄξιος	a-s---nn-	a-s---nn-	
1508	πιστεύω	v--pna---	πιστεύω	πιστεύω	v--pna---	v--pna---	
1509	ὡς	c--------	ὡς	ὡς	c--------	c--------	
1510	ἀδεής	d--------	ἀδεής	ἀδεής	d--------	d--------	
1511	ἔξεστι	v3sfim---	ἔξεστι	ἔξεστι	v3sfim---	v3sfim---	
1512	ὁ	l-s---fa-	ὁ	ὁ	l-s---fa-	l-s---fa-	
1513	πόλις	n-s---fa-	πόλις	πόλις	n-s---fa-	n-s---fa-	
1514	οἰκέω	v--pna---	οἰκέω	οἰκέω	v--pna---	v--pna---	
1515	·	u--------		·		u--------	glaux_only
1516	ὁ	l-p---mn-	ὁ	ὁ	l-p---mn-	l-p---mn-	
1517	γάρ	g--------	γάρ	γάρ	d--------	g--------	
1518	προαιρέω	v-prpmmn-	προαιρέω	προαιρέω	v-prpemn-	v-prpmmn-	
1519	ὁ	l-p---mg-	ὁ	ὁ	l-p---ng-	l-p---mg-	
1520	μέν	g--------	μέν	μέν	d--------	g--------	
1521	ἴδιος	a-p---mg-	ἴδιος	ἴδιος	a-p---ng-	a-p---mg-	
1522	ἀμελέω	v--pna---	ἀμελέω	ἀμελέω	v--pna---	v--pna---	
1523	ὁ	l-p---md-	ὁ	ὁ	l-p---md-	l-p---md-	
1524	δέ	c--------	δέ	δέ	c--------	c--------	
1525	ἀλλότριος	a-p---md-	ἀλλότριος	ἀλλότριος	a-p---md-	a-p---md-	
1526	ἐπιβουλεύω	v--pna---	ἐπιβουλεύω	ἐπιβουλεύω	v--pna---	v--pna---	
1527	οὐ	d--------	οὐ	οὐ	d--------	d--------	
1528	ὁ	l-p---mg-	ὁ	ὁ	l-p---mg-	l-p---mg-	
1529	μέν	g--------	μέν	μέν	d--------	g--------	
1530	σώφρων	d--------	σώφρων	σώφρων	d--------	d--------	
1531	πολιτεύω	v-pppmmg-	πολιτεύω	πολιτεύω	v-pppemg-	v-pppmmg-	
1532	ἀπέχω	v3ppim---	ἀπέχω	ἀπέχω	v3ppie---	v3ppim---	
1533	,	u--------	,	,	u--------	u--------	
1534	ὁ	l-p---ma-	ὁ	ὁ	l-p---ma-	l-p---ma-	
1535	δέ	c--------	δέ	δέ	c--------	c--------	
1536	κακός	a-s---na-	κακός	κακός	a-s---na-	a-s---na-	
1537	τις	p-s---na-	τις	τις	p-s---na-	p-s---na-	
1538	δράω	v-pppama-	δράω	δράω	v-pppama-	v-pppama-	
1539	εἰς	r--------	εἰς	εἰς	r--------	r--------	
1540	σύ	p-p---ca-	σύ	σύ	p-p---ma-	p-p---ca-	
1541	εἰσάγω	v3ppia---	εἰσάγω	εἰσάγω	v3ppia---	v3ppia---	
1542	,	u--------	,	,	u--------	u--------	
1543	ἀλλά	c--------	ἀλλά	ἀλλά	c--------	c--------	
1544	ἐν	r--------	ἐν	ἐν	r--------	r--------	
1545	ὁ	l-p---md-	ὁ	ὁ	l-p---md-	l-p---md-	
1546	μηδείς	p-s---na-	μηδείς	μηδείς	p-s---na-	p-s---na-	
1547	ἀδικέω	v-pppamd-	ἀδικέω	ἀδικέω	v-pppamd-	v-pppamd-	
1548	ἐπιδείκνυμι	v-papmmn-	ἐπιδείκνυμι	ἐπιδείκνυμι	v-papmmn-	v-papmmn-	
1549	ὁ	l-p---fa-	ὁ	ὁ	l-p---fa-	l-p---fa-	
1550	ἑαυτοῦ	p-p---mg-	ἑαυτοῦ	ἑαυτοῦ	p-p---mg-	p-p---mg-	
1551	δύναμις	n-p---fa-	δύναμις	δύναμις	n-p---fa-	n-p---fa-	
1552	παρά	r--------	παρά	παρά	r--------	r--------	
1553	ὁ	l-p---mg-	ὁ	ὁ	l-p---mg-	l-p---mg-	
1554	φανερός	d--------	φανερός	φανερός	d--------	d--------	
1555	ἐξαμαρτάνω	v-prpamg-	ἐξαμαρτάνω	ἐξαμαρτάνω	v-prpamg-	v-prpamg-	
1556	πολύς	a-s---nac	πλέος	πολύς	a-s---na-	a-s---nac	DISAGREE
1557	λαμβάνω	v3ppia---	λαμβάνω	λαμβάνω	v3ppia---	v3ppia---	
1558	ἀργύριον	n-s---na-	ἀργύριον	ἀργύριον	n-s---na-	n-s---na-	
1559	.	u--------	.	.	u--------	u--------	
1560	ὅς	p-p---na-	ὅσπερ	ὅς	p-p---na-	p-p---na-	DISAGREE
1561	Λυσίμαχος	n-s---mn-	λυσίμαχος	Λυσίμαχος	n-s---mn-	n-s---mn-	
1562	διανοέω	v-sappmn-	διανοέω	διανοέω	v-sappmn-	v-sappmn-	
1563	εἰς	r--------	εἰς	εἰς	r--------	r--------	
1564	οὗτος	p-s---ma-	οὗτος	οὗτος	a-s---ma-	p-s---ma-	
1565	ὁ	l-s---ma-	ὁ	ὁ	l-s---ma-	l-s---ma-	
1566	κίνδυνος	n-s---ma-	κίνδυνος	κίνδυνος	n-s---ma-	n-s---ma-	
1567	ἐγώ	p-s---ca-	ἐγώ	ἐγώ	p1s---ma-	p-s---ca-	
1568	καθίστημι	v3saia---	καθίστημι	καθίστημι	v3saia---	v3saia---	
1569	,	u--------	,	,	u--------	u--------	
1570	ἡγέομαι	v-sppmmn-	ἡγέομαι	ἡγέομαι	v-sppmmn-	v-sppmmn-	
1571	ὁ	l-s---ma-	ὁ	ὁ	l-s---ma-	l-s---ma-	
1572	ἀγών	n-s---ma-	ἀγών	ἀγών	n-s---ma-	n-s---ma-	
1573	ὁ	l-s---ma-	ὁ	ὁ	l-s---ma-	l-s---ma-	
1574	πρός	r--------	πρός	πρός	r--------	r--------	
1575	ἐγώ	p-s---ca-	ἐγώ	ἐγώ	p-s---ma-	p-s---ca-	
1576	παρά	r--------	παρά	παρά	r--------	r--------	
1577	ἕτερος	p-p---mg-	ἕτερος	ἕτερος	a-p---ng-	p-p---mg-	
1578	ἑαυτοῦ	p-s---md-	ἑαυτοῦ	ἑαυτοῦ	p-s---md-	p-s---md-	
1579	χρηματισμός	n-s---ma-	χρηματισμός	χρηματισμός	n-s---ma-	n-s---ma-	
1580	ποιέω	v--fna---	ποιέω	ποιέω	v--fna---	v--fna---	
1581	,	u--------	,	,	u--------	u--------	
1582	καί	c--------	καί	καί	c--------	c--------	
1583	προσδοκάω	v-sppamn-	προσδοκέω	προσδοκάω	v-sppamn-	v-sppamn-	DISAGREE
1584	,	u--------	,	,	u--------	u--------	
1585	ἐάν	c--------	ἐάν	ἐάν	c--------	c--------	
1586	ἐγώ	p-s---cg-	ἐγώ	ἐγώ	p1s---mg-	p-s---cg-	
1587	περιγίγνομαι	v3sasm---	περιγίγνομαι	περιγίγνομαι	v3sasm---	v3sasm---	
1588	ὁ	l-p---md-	ὁ	ὁ	l-p---md-	l-p---md-	
1589	λόγος	n-p---md-	λόγος	λόγος	n-p---md-	n-p---md-	
1590	,	u--------	,	,	u--------	u--------	
1591	ὅς	p-s---ma-	ὅς	ὅς	p-s---ma-	p-s---ma-	
1592	φημί	v3spia---	φημί	φημί	v3spia---	v3spia---	
1593	διδάσκαλος	n-s---ma-	διδάσκαλος	διδάσκαλος	n-s---ma-	n-s---ma-	
1594	εἰμί	v--pna---	εἰμί	εἰμί	v--pna---	v--pna---	
1595	ὁ	l-p---mg-	ὁ	ὁ	l-p---mg-	l-p---mg-	
1596	ἄλλος	p-p---mg-	ἄλλος	ἄλλος	p-p---mg-	p-p---mg-	
1597	,	u--------	,	,	u--------	u--------	
1598	ἀνυπόστατος	a-s---fa-	ἀνυπόστατος	ἀνυπόστατος	a-s---fa-	a-s---fa-	
1599	ὁ	l-s---fa-	ὁ	ὁ	l-s---fa-	l-s---fa-	
1600	ἑαυτοῦ	p-s---mg-	ἑαυτοῦ	ἑαυτοῦ	p-s---mg-	p-s---mg-	
1601	δύναμις	n-s---fa-	δύναμις	δύναμις	n-s---fa-	n-s---fa-	
1602	ἅπας	p-p---md-	ἅπας	ἅπας	a-p---md-	p-p---md-	
1603	εἰμί	v--pna---	εἰμί	εἰμί	v--pna---	v--pna---	
1604	δοκέω	v--fna---	δοκέω	δοκέω	v--fna---	v--fna---	
1605	.	u--------	.	.	u--------	u--------	
1606	ἐλπίζω	v3spia---	ἐλπίζω	ἐλπίζω	v3spia---	v3spia---	
1607	δέ	c--------	δέ	δέ	d--------	c--------	
1608	ῥᾴδιος	d--------	ῥᾴδιος	ῥᾴδιος	d--------	d--------	
1609	οὗτος	p-s---na-	οὗτος	οὗτος	p-s---na-	p-s---na-	
1610	ποιέω	v--fna---	ποιέω	ποιέω	v--fna---	v--fna---	
1611	·	u--------	·	·	u--------	u--------	
1612	ὁράω	v3spia---	ὁράω	ὁράω	v3spia---	v3spia---	
1613	γάρ	g--------	γάρ	γάρ	d--------	g--------	
1614	σύ	p-p---ca-	σύ	σύ	p-p---ma-	p-p---ca-	
1615	μέν	g--------	μέν	μέν	d--------	g--------	
1616	λίαν	d--------	λίαν	λίαν	d--------	d--------	
1617	ταχύς	d--------	ταχύς	ταχύς	d--------	d--------	
1618	ἀποδέχομαι	v-pppmma-	ἀποδέχομαι	ἀποδέχομαι	v-pppema-	v-pppmma-	
1619	ὁ	l-p---fa-	ὁ	ὁ	l-p---fa-	l-p---fa-	
1620	αἰτία	n-p---fa-	αἰτία	αἰτία	n-p---fa-	n-p---fa-	
1621	καί	c--------	καί	καί	c--------	c--------	
1622	ὁ	l-p---fa-	ὁ	ὁ	l-p---fa-	l-p---fa-	
1623	διαβολή	n-p---fa-	διαβολή	διαβολή	n-p---fa-	n-p---fa-	
1624	,	u--------	,	,	u--------	u--------	
1625	ἐγώ	p-s---ca-	ἐγώ	ἐγώ	p1s---ma-	p-s---ca-	
1626	δέ	c--------	δέ	δέ	c--------	c--------	
1627	ὑπέρ	r--------	ὑπέρ	ὑπέρ	r--------	r--------	
1628	αὐτός	p-p---mg-	αὐτός	αὐτός	p-p---ng-	p-p---mg-	
1629	οὐ	d--------	οὐ	οὐ	d--------	d--------	
1630	δύναμαι	v-sfpmma-	δύναμαι	δύναμαι	v-sfpmma-	v-sfpmma-	
1631	ἄξιος	d--------	ἄξιος	ἄξιος	d--------	d--------	
1632	ὁ	l-s---fg-	ὁ	ὁ	l-s---fg-	l-s---fg-	
1633	δόξα	n-s---fg-	δόξα	δόξα	n-s---fg-	n-s---fg-	
1634	ἀπολογέομαι	v--anm---	ἀπολογέομαι	ἀπολογέομαι	v--anm---	v--anm---	
1635	καί	c--------	καί	καί	d--------	c--------	
1636	διά	r--------	διά	διά	r--------	r--------	
1637	ὁ	l-s---na-	ὁ	ὁ	l-s---na-	l-s---na-	
1638	γῆρας	n-s---na-	γῆρας	γῆρας	n-s---na-	n-s---na-	
1639	καί	c--------	καί	καί	c--------	c--------	
1640	διά	r--------	διά	διά	r--------	r--------	
1641	ὁ	l-s---fa-	ὁ	ὁ	l-s---fa-	l-s---fa-	
1642	ἀπειρία	n-s---fa-	ἀπειρία	ἀπειρία	n-s---fa-	n-s---fa-	
1643	ὁ	l-p---mg-	ὁ	ὁ	l-p---mg-	l-p---mg-	
1644	τοιοῦτος	p-p---mg-	τοιοῦτος	τοιοῦτος	a-p---mg-	p-p---mg-	
1645	ἀγών	n-p---mg-	ἀγών	ἀγών	n-p---mg-	n-p---mg-	
1646	.	u--------	.	.	u--------	u--------	
1647	οὕτως	d--------	οὕτως	οὕτως	d--------	d--------	
1648	γάρ	g--------	γάρ	γάρ	d--------	g--------	
1649	βιόω	v1sria---	βιόω	βιόω	v1sria---	v1sria---	
1650	ὁ	l-s---ma-	ὁ	ὁ	l-s---ma-	l-s---ma-	
1651	παρέρχομαι	v-sapama-	παρέρχομαι	παρέρχομαι	v-sapama-	v-sapama-	
1652	χρόνος	n-s---ma-	χρόνος	χρόνος	n-s---ma-	n-s---ma-	
1653	,	u--------	,	,	u--------	u--------	
1654	ὥστε	c--------	ὥστε	ὥστε	c--------	c--------	
1655	μηδείς	p-s---ma-	μηδείς	μηδείς	p-s---ma-	p-s---ma-	
1656	ἐγώ	p-s---cd-	ἐγώ	ἐγώ	p-s---md-	p-s---cd-	
1657	πώποτε	d--------	πώποτε	πώποτε	d--------	d--------	
1658							unmatched
1659	ἐν	r--------	ἐν	ἐν	r--------	r--------	
1660	ὀλιγαρχία	n-s---fn-	ὀλιγαρχία	ὀλιγαρχία	n-s---fa-	n-s---fn-	
1661							unmatched
1662	ἐν	r--------	ἐν	ἐν	r--------	r--------	
1663	δημοκρατία	n-s---fn-	δημοκρατία	δημοκρατία	n-d---fn-	n-s---fn-	
1664							unmatched
1665	ὕβρις	n-s---fa-	ὕβρις	ὕβρις	n-s---fa-	n-s---fa-	
1666							unmatched
1667	ἀδικία	n-s---fa-	ἀδικία	ἀδικία	n-s---fa-	n-s---fa-	
1668	ἐγκαλέω	v--ana---	ἐγκαλέω	ἐγκαλέω	v--ana---	v--ana---	
1669	,	u--------	,	,	u--------	u--------	
1670							unmatched
1671	εἰμί	v--pna---	εἰμί	εἰμί	v--pna---	v--pna---	
1672	μή	d--------	μή	μή	d--------	d--------	
1673	τε	d--------	τε		d--------		oga_only
1674	διαιτητής	n-s---ma-	διαιτητής		n-s---ma-		oga_only
1675	μή	d--------	μή		d--------		oga_only
1676	τε	c--------	τε		c--------		oga_only
1677	δικαστής	n-s---ma-	δικαστής		n-s---ma-		oga_only
1678	ὅστις	p-s---mn-	ὅστις		p-s---mn-		oga_only
1679	περί	r--------	περί		r--------		oga_only
1680	ὁ	l-p---ng-	ὁ		l-p---ng-		oga_only
1681	ἐγώ	p1s---md-	ἐγώ		p1s---md-		oga_only
1682	πράσσω	v-prpeng-	πράσσω		v-prpeng-		oga_only
1683	φαίνω	v3sfip---	φαίνω		v3sfip---		oga_only
1684	κριτής	n-s---mn-	κριτής		n-s---mn-		oga_only
1685	γίγνομαι	v-srpemn-	γίγνομαι		v-srpemn-		oga_only
1686	·	u--------	·		u--------		oga_only
1687	ἐπίσταμαι	v1siim---	ἐπίσταμαι	ἐπίσταμαι	v1siie---	v1siim---	
1688	γάρ	g--------	γάρ	γάρ	d--------	g--------	
1689	αὐτός	p-s---mn-	αὐτός	αὐτός	p-s---mn-	p-s---mn-	
1690	μέν	g--------	μέν	μέν	d--------	g--------	
1691	εἰς	r--------	εἰς	εἰς	r--------	r--------	
1692	ὁ	l-p---ma-	ὁ	ὁ	l-p---ma-	l-p---ma-	
1693	ἄλλος	p-p---ma-	ἄλλος	ἄλλος	p-p---ma-	p-p---ma-	
1694	μηδείς	p-s---na-	μηδείς	μηδείς	p-s---na-	p-s---na-	
1695	ἐξαμαρτάνω	v--pna---	ἐξαμαρτάνω	ἐξαμαρτάνω	v--pna---	v--pna---	
1696	,	u--------	,	,	u--------	u--------	
1697	ἀδικέω	v-sppmmn-	ἀδικέω	ἀδικέω	v-sppemn-	v-sppmmn-	
1698	δέ	c--------	δέ	δέ	c--------	c--------	
1699	μή	d--------	μή	μή	d--------	d--------	
1700	μετά	r--------	μετά	μετά	r--------	r--------	
1701	δικαστήριον	n-s---ng-	δικαστήριον	δικαστήριον	n-s---ng-	n-s---ng-	
1702	ποιέω	v--pnm---	ποιέω	ποιέω	v--pne---	v--pnm---	
1703	ὁ	l-p---fa-	ὁ	ὁ	l-p---fa-	l-p---fa-	
1704	τιμωρία	n-p---fa-	τιμωρία	τιμωρία	n-p---fa-	n-p---fa-	
1705	,	u--------	,	,	u--------	u--------	
1706	ἀλλά	c--------	ἀλλά	ἀλλά	c--------	c--------	
1707	ἐν	r--------	ἐν	ἐν	r--------	r--------	
1708	ὁ	l-p---md-	ὁ	ὁ	l-p---md-	l-p---md-	
1709	φίλος	a-p---md-	φίλος	φίλος	n-p---md-	a-p---md-	
1710	ὁ	l-p---md-	ὁ	ὁ	l-p---md-	l-p---md-	
1711	ἐκεῖνος	p-p---mg-	ἐκεῖνος	ἐκεῖνος	p-p---mg-	p-p---mg-	
1712	διαλύω	v--pnm---	διαλύω	διαλύω	v--pne---	v--pnm---	
1713	περί	r--------	περί	περί	r--------	r--------	
1714	ὁ	l-p---ng-	ὁ	ὁ	l-p---ng-	l-p---ng-	
1715	ἀμφισβητέω	v-pppmng-	ἀμφισβητέω	ἀμφισβητέω	v-pppeng-	v-pppmng-	
1716	.	u--------	.	.	u--------	u--------	
1717	ὅς	p-p---ng-	ὅς	ὅς	p-p---ng-	p-p---ng-	
1718	οὐδείς	p-s---nn-	οὐδείς	οὐδείς	p-s---nn-	p-s---nn-	
1719	ἐγώ	p-s---cd-	ἐγώ	ἐγώ	p1s---md-	p-s---cd-	
1720	πολύς	a-s---nnc	πλέος	πολύς	a-s---nnc	a-s---nnc	DISAGREE
1721	γίγνομαι	v3sria---	γίγνομαι	γίγνομαι	v3sria---	v3sria---	
1722	,	u--------	,	,	u--------	u--------	
1723	ἀλλά	c--------	ἀλλά	ἀλλά	c--------	c--------	
1724	ἀνεγκλητεί	d--------	ἀνεγκλητί	ἀνεγκλητεί	d--------	d--------	DISAGREE
1725	μέχρι	r--------	μέχρι	μέχρι	r--------	r--------	
1726	οὗτος	p-s---fg-	οὗτος	οὗτος	a-s---fg-	p-s---fg-	
1727	ὁ	l-s---fg-	ὁ	ὁ	l-s---fg-	l-s---fg-	
1728	ἡλικία	n-s---fg-	ἡλικία	ἡλικία	n-s---fg-	n-s---fg-	
1729	βιόω	v-srpamn-	βιόω	βιόω	v-srpamn-	v-srpamn-	
1730	εἰς	r--------	εἰς	εἰς	r--------	r--------	
1731	ὁ	l-s---ma-	ὁ	ὁ	l-s---ma-	l-s---ma-	
1732	αὐτός	p-s---ma-	αὐτός	αὐτός	a-s---ma-	p-s---ma-	
1733	καθίστημι	v1sria---	καθίστημι	καθίστημι	v1sria---	v1sria---	
1734	κίνδυνος	n-s---ma-	κίνδυνος	κίνδυνος	n-s---ma-	n-s---ma-	
1735	,	u--------	,	,	u--------	u--------	
1736	εἰς	r--------	εἰς	εἰς	r--------	r--------	
1737	ὅς	p-s---ma-	ὅς	ὅς	p-s---ma-	p-s---ma-	
1738	ἄν	g--------	ἄν	ἄν	d--------	g--------	
1739	εἰ	c--------	εἰ	εἰ	c--------	c--------	
1740	πᾶς	p-p---ma-	πᾶς	πᾶς	a-p---ma-	p-p---ma-	
1741	τυγχάνω	v1siia---	τυγχάνω	τυγχάνω	v1siia---	v1siia---	
1742	ἀδικέω	v-srpamn-	ἀδικέω	ἀδικέω	v-srpamn-	v-srpamn-	
1743	.	u--------	.	.	u--------	u--------	
1744	οὐ	d--------	οὐ	οὐ	d--------	d--------	
1745	μήν	g--------	μήν	μήν	d--------	g--------	
1746	παντάπασι	d--------	παντάπασι	παντάπασι	d--------	d--------	
1747	ἀθυμέω	v1spia---	ἀθυμέω	ἀθυμέω	v1spia---	v1spia---	
1748	διά	r--------	διά	διά	r--------	r--------	
1749	ὁ	l-s---na-	ὁ	ὁ	l-s---na-	l-s---na-	
1750	μέγεθος	n-s---na-	μέγεθος	μέγεθος	n-s---na-	n-s---na-	
1751	ὁ	l-s---ng-	ὁ	ὁ	l-s---ng-	l-s---ng-	
1752	τίμημα	n-s---ng-	τίμημα	τίμημα	n-s---ng-	n-s---ng-	
1753	,	u--------	,	,	u--------	u--------	
1754	ἀλλά	c--------	ἀλλά	ἀλλά	c--------	c--------	
1755	ἐάν	c--------	ἐάν	ἐάν	c--------	c--------	
1756	περ	d--------	πέρ	περ	d--------	d--------	
1757	ἐθέλω	v2pasa---	ἐθέλω	ἐθέλω	v2pasa---	v2pasa---	
1758	μετά	r--------	μετά	μετά	r--------	r--------	
1759	εὔνοια	n-s---fg-	εὔνοια	εὔνοια	n-s---fg-	n-s---fg-	
1760	ἀκροάομαι	v--anm---	ἀκροάομαι	ἀκροάομαι	v--anm---	v--anm---	
1761	,	u--------	,	,	u--------	u--------	
1762	πολύς	a-p---fa-	πολύς	πολύς	a-p---fa-	a-p---fa-	
1763	ἐλπίς	n-p---fa-	ἐλπίς	ἐλπίς	n-p---fa-	n-p---fa-	
1764	ἔχω	v1spia---	ἔχω	ἔχω	v1spia---	v1spia---	
1765	ὁ	l-p---ma-	ὁ	ὁ	l-p---ma-	l-p---ma-	
1766	μέν	g--------	μέν	μέν	d--------	g--------	
1767	διαψεύδω	v-prpmma-	ψεύδω	διαψεύδω	v-prpema-	v-prpmma-	DISAGREE
1768	ὁ	l-p---ng-	ὁ	ὁ	l-p---ng-	l-p---ng-	
1769	ἐμός	a-p---ng-	ἐμός	ἐμός	a-p---ng-	a-p---ng-	
1770	ἐπιτήδευμα	n-p---ng-	ἐπιτήδευμα	ἐπιτήδευμα	n-p---ng-	n-p---ng-	
1771	καί	c--------	καί	καί	c--------	c--------	
1772	πείθω	v-prpmma-	πείθω	πείθω	v-prpema-	v-prpmma-	
1773	ὑπό	r--------	ὑπό	ὑπό	r--------	r--------	
1774	ὁ	l-p---mg-	ὁ	ὁ	l-p---mg-	l-p---mg-	
1775	βούλομαι	v-pppmmg-	βούλομαι	βούλομαι	v-pppemg-	v-pppmmg-	
1776	βλασφημέω	v--pna---	βλασφημέω	βλασφημέω	v--pna---	v--pna---	
1777	ταχύς	d--------	ταχύς	ταχύς	d--------	d--------	
1778	μεταπείθω	v--fnp---	μεταπείθω	μεταπείθω	v--fnm---	v--fnp---	
1779	περί	r--------	περί	περί	r--------	r--------	
1780	αὐτός	p-p---ng-	αὐτός	αὐτός	p-p---mg-	p-p---ng-	
1781	,	u--------	,	,	u--------	u--------	
1782	ὁ	l-p---ma-	ὁ	ὁ	l-p---ma-	l-p---ma-	
1783	δέ	c--------	δέ	δέ	c--------	c--------	
1784	τοιοῦτος	p-s---ma-	τοιοῦτος	τοιοῦτος	a-s---ma-	p-s---ma-	
1785	εἰμί	v--pna---	εἰμί	εἰμί	v--pna---	v--pna---	
1786	ἐγώ	p-s---ca-	ἐγώ	ἐγώ	p1s---ma-	p-s---ca-	
1787	νομίζω	v-pppama-	νομίζω	νομίζω	v-pppama-	v-pppama-	
1788	οἷος	p-s---mn-	οἷος	οἷος	p-s---mn-	p-s---mn-	
1789	περ	d--------	πέρ	περ	d--------	d--------	
1790	εἰμί	v1spia---	εἰμί	εἰμί	v1spia---	v1spia---	
1791	,	u--------	,	,	u--------	u--------	
1792	βέβαιος	a-s---nac	βέβαιος	βέβαιος	a-s---nac	a-s---nac	
1793	ἔτι	d--------	ἔτι	ἔτι	d--------	d--------	
1794	οὗτος	p-s---fa-	οὗτος	οὗτος	a-s---fa-	p-s---fa-	
1795	ἔχω	v--fna---	ἔχω	ἔχω	v--fna---	v--fna---	
1796	ὁ	l-s---fa-	ὁ	ὁ	l-s---fa-	l-s---fa-	
1797	διάνοια	n-s---fa-	διάνοια	διάνοια	n-s---fa-	n-s---fa-	
1798	.	u--------	.	.	u--------	u--------	
1799	ἵνα	c--------	ἵνα	ἵνα	c--------	c--------	
1800	δέ	c--------	δέ	δέ	d--------	c--------	
1801	μή	d--------	μή	μή	d--------	d--------	
1802	λίαν	d--------	λίαν	λίαν	d--------	d--------	
1803	ἐνοχλέω	v1spia---	ἐνοχλέω	ἐνοχλέω	v1spsa---	v1spia---	
1804	πολύς	a-p---na-	πολύς	πολύς	a-p---na-	a-p---na-	
1805	πρό	r--------	πρό	πρό	r--------	r--------	
1806	ὁ	l-s---ng-	ὁ	ὁ	l-s---ng-	l-s---ng-	
1807	πρᾶγμα	n-s---ng-	πρᾶγμα	πρᾶγμα	n-s---ng-	n-s---ng-	
1808	λέγω	v-sppamn-	λέγω3	λέγω	v-sppamn-	v-sppamn-	
1809	,	u--------	,	,	u--------	u--------	
1810	ἀφίημι	v-sapmmn-	ἀφίημι	ἀφίημι	v-sapmmn-	v-sapmmn-	
1811	οὗτος	p-p---ng-	οὗτος	οὗτος	p-p---ng-	p-p---ng-	
1812	,	u--------	,	,	u--------	u--------	
1813	περί	r--------	περί	περί	r--------	r--------	
1814	ὅς	p-p---ng-	ὅς	ὅς	p-p---ng-	p-p---ng-	
1815	φέρω	v2pfia---	φέρω	φέρω	v2pfia---	v2pfia---	
1816	ὁ	l-s---fa-	ὁ	ὁ	l-s---fa-	l-s---fa-	
1817	ψῆφος	n-s---fa-	ψῆφος	ψῆφος	n-s---fa-	n-s---fa-	
1818	,	u--------	,	,	u--------	u--------	
1819	ἤδη	d--------	ἤδη	ἤδη	d--------	d--------	
1820	πειράω	v1sfim---	πειράω	πειράω	v1sfim---	v1sfim---	
1821	διδάσκω	v--pna---	διδάσκω	διδάσκω	v--pna---	v--pna---	
1822	σύ	p-p---ca-	σύ	σύ	p-p---ma-	p-p---ca-	
1823	.	u--------	.	.	u--------	u--------	
1824	καί	c--------	καί	καί	d--------	c--------	
1825	ἐγώ	p-s---cd-	ἐγώ	ἐγώ	p1s---md-	p-s---cd-	
1826	ἀναγιγνώσκω	v2sama---	ἀναγιγνώσκω	ἀναγιγνώσκω	v2sama---	v2sama---	
1827	ὁ	l-s---fa-	ὁ	ὁ	l-s---fa-	l-s---fa-	
1828	γραφή	n-s---fa-	γραφή	γραφή	n-s---fa-	n-s---fa-	
1829	.	u--------	.	.	u--------	u--------	
1830	γραφή	n-s---fn-	γραφή		n-s---fn-		oga_only
1831	.	u--------	.		u--------		oga_only
1832	ἐκ	r--------	ἐκ	ἐκ	r--------	r--------	
1833	μέν	g--------	μέν	μέν	d--------	g--------	
1834	τοίνυν	g--------	τοίνυν	τοίνυν	d--------	g--------	
1835	ὁ	l-s---fg-	ὁ	ὁ	l-s---fg-	l-s---fg-	
1836	γραφή	n-s---fg-	γραφή	γραφή	n-s---fg-	n-s---fg-	
1837	πειράω	v3spim---	πειράω	πειράω	v3spie---	v3spim---	
1838	ἐγώ	p-s---ca-	ἐγώ	ἐγώ	p1s---ma-	p-s---ca-	
1839	διαβάλλω	v--pna---	διαβάλλω	διαβάλλω	v--pna---	v--pna---	
1840	ὁ	l-s---mn-	ὁ	ὁ	l-s---mn-	l-s---mn-	
1841	κατήγορος	a-s---mn-	κατήγορος	κατήγορος	n-s---mn-	a-s---mn-	
1842	ὡς	c--------	ὡς	ὡς	c--------	c--------	
1843	διαφθείρω	v1spia---	διαφθείρω	διαφθείρω	v1spia---	v1spia---	
1844	ὁ	l-p---ma-	ὁ	ὁ	l-p---ma-	l-p---ma-	
1845	νέος	a-p---mac	νέος	νέος	a-p---mac	a-p---mac	
1846	λέγω	v--pna---	λέγω3	λέγω	v--pna---	v--pna---	
1847	διδάσκω	v-sppamn-	διδάσκω	διδάσκω	v-sppamn-	v-sppamn-	
1848	καί	c--------	καί	καί	c--------	c--------	
1849	παρά	r--------	παρά	παρά	r--------	r--------	
1850	ὁ	l-s---na-	ὁ	ὁ	l-s---na-	l-s---na-	
1851	δίκαιος	a-s---na-	δίκαιος	δίκαιος	a-s---na-	a-s---na-	
1852	ἐν	r--------	ἐν	ἐν	r--------	r--------	
1853	ὁ	l-p---md-	ὁ	ὁ	l-p---md-	l-p---md-	
1854	ἀγών	n-p---md-	ἀγών	ἀγών	n-p---md-	n-p---md-	
1855	πλεονεκτέω	v--pna---	πλεονεκτέω	πλεονεκτέω	v--pna---	v--pna---	
1856	,	u--------	,	,	u--------	u--------	
1857	ἐκ	r--------	ἐκ	ἐκ	r--------	r--------	
1858	δέ	c--------	δέ	δέ	c--------	c--------	
1859	ὁ	l-p---mg-	ὁ	ὁ	l-p---mg-	l-p---mg-	
1860	ἄλλος	p-p---mg-	ἄλλος	ἄλλος	a-p---mg-	p-p---mg-	
1861	λόγος	n-p---mg-	λόγος	λόγος	n-p---mg-	n-p---mg-	
1862	ποιέω	v3spia---	ποιέω	ποιέω	v3spia---	v3spia---	
1863	ἐγώ	p-s---ca-	ἐγώ	ἐγώ	p-s---ma-	p-s---ca-	
1864	τηλικοῦτος	p-s---ma-	τηλικοῦτος	τηλικοῦτος	p-s---ma-	p-s---ma-	
1865	,	u--------	,	,	u--------	u--------	
1866	ὅσος	p-s---mn-	ὅσος	ὅσος	p-s---mn-	p-s---mn-	
1867	οὐδείς	p-s---mn-	οὐδείς	οὐδείς	p-s---mn-	p-s---mn-	
1868	πώποτε	d--------	πώποτε	πώποτε	d--------	d--------	
1869	γίγνομαι	v3sria---	γίγνομαι	γίγνομαι	v3sria---	v3sria---	
1870	οὐ	d--------	οὐ	οὐ	d--------	d--------	
1871	τε	d--------	τε		d--------		oga_only
1872	ὁ	l-p---mg-	ὁ	ὁ	l-p---mg-	l-p---mg-	
1873	περί	r--------	περί	περί	r--------	r--------	
1874	ὁ	l-p---na-	ὁ		l-p---na-		oga_only
1875	δικαστήριον	n-p---na-	δικαστήριον		n-p---na-		oga_only
1876	καλινδέομαι	v-pppemg-	καλινδέομαι		v-pppemg-		oga_only
1877	οὐ	d--------	οὐ		d--------		oga_only
1878	τε	c--------	τε		c--------		oga_only
1879	ὁ	l-p---mg-	ὁ		l-p---mg-		oga_only
1880	περί	r--------	περί		r--------		oga_only
1881	ὁ	l-s---fa-	ὁ		l-s---fa-		oga_only
1882	φιλοσοφία	n-s---fa-	φιλοσοφία		n-s---fa-		oga_only
1883	διατρίβω	v-papamg-	διατρίβω		v-papamg-		oga_only
1884	·	u--------	·		u--------		oga_only
1885	οὐ	d--------	οὐ		d--------		oga_only
1886	γάρ	d--------	γάρ		d--------		oga_only
1887	μόνος	a-s---na-	μόνος		a-s---na-		oga_only
1888	ἰδιώτης	n-p---ma-	ἰδιώτης		n-p---ma-		oga_only
1889	φημί	v3spia---	φημί		v3spia---		oga_only
1890	ἐγώ	p1s---mg-	ἐγώ		p1s---mg-		oga_only
1891	γίγνομαι	v--rne---	γίγνομαι		v--rne---		oga_only
1892	μαθητής	n-p---ma-	μαθητής		n-p---ma-		oga_only
1893	,	u--------	,		u--------		oga_only
1894	ἀλλά	c--------	ἀλλά		c--------		oga_only
1895	καί	c--------	καί	καί	d--------	c--------	
1896	ῥήτωρ	n-p---ma-	ῥήτωρ		n-p---ma-		oga_only
1897	καί	c--------	καί	καί	d--------	c--------	
1898	στρατηγός	n-p---ma-	στρατηγός		n-p---ma-		oga_only
1899	καί	c--------	καί	καί	d--------	c--------	
1900	βασιλεύς	n-p---ma-	βασιλεύς		n-p---ma-		oga_only
1901	καί	c--------	καί		c--------		oga_only
1902	τύραννος	n-p---ma-	τύραννος		n-p---ma-		oga_only
1903	,	u--------	,		u--------		oga_only
1904	καί	c--------	καί	καί	c--------	c--------	
1905	χρῆμα	n-p---na-	χρῆμα		n-p---na-		oga_only
1906	παρά	r--------	παρά		r--------		oga_only
1907	αὐτός	p-p---mg-	αὐτός		p-p---mg-		oga_only
1908	παμπληθής	a-p---na-	παμπληθής		a-p---na-		oga_only
1909	ὁ	l-p---na-	ὁ		l-p---na-		oga_only
1910	μέν	d--------	μέν		d--------		oga_only
1911	λαμβάνω	v--rna---	λαμβάνω		v--rna---		oga_only
1912	ὁ	l-p---na-	ὁ		l-p---na-		oga_only
1913	δέ	c--------	δέ		c--------		oga_only
1914	ἔτι	d--------	ἔτι		d--------		oga_only
1915	καί	d--------	καί		d--------		oga_only
1916	νῦν	d--------	νῦν		d--------		oga_only
1917	λαμβάνω	v--pna---	λαμβάνω		v--pna---		oga_only
1918	.	u--------	.		u--------		oga_only
1919	οὗτος	p-s---ma-	οὗτος	οὗτος	a-s---ma-	p-s---ma-	
1920	δέ	c--------	δέ	δέ	d--------	c--------	
1921	ὁ	l-s---ma-	ὁ	ὁ	l-s---ma-	l-s---ma-	
1922	τρόπος	n-s---ma-	τρόπος	τρόπος	n-s---ma-	n-s---ma-	
1923	ποιέω	v3srim---	ποιέω	ποιέω	v3srie---	v3srim---	
1924	ὁ	l-s---fa-	ὁ	ὁ	l-s---fa-	l-s---fa-	
1925	κατηγορία	n-s---fa-	κατηγορία	κατηγορία	n-s---fa-	n-s---fa-	
1926	,	u--------	,	,	u--------	u--------	
1927	ἡγέομαι	v-sppmmn-	ἡγέομαι	ἡγέομαι	v-sppmmn-	v-sppmmn-	
1928	ἐκ	r--------	ἐκ	ἐκ	r--------	r--------	
1929	μέν	g--------	μέν	μέν	d--------	g--------	
1930	ὅς	p-p---ng-	ὅς	ὅς	p-p---ng-	p-p---ng-	
1931	καταλαζονεύομαι	v3spim---	καταλαζονεύομαι	καταλαζονεύομαι	v3spie---	v3spim---	
1932	περί	r--------	περί	περί	r--------	r--------	
1933	ἐγώ	p-s---cg-	ἐγώ	ἐγώ	p1s---mg-	p-s---cg-	
1934	καί	c--------	καί	καί	d--------	c--------	
1935	ὁ	l-s---mg-	ὁ	ὁ	l-s---mg-	l-s---mg-	
1936	πλοῦτος	n-s---mg-	πλοῦτος	πλοῦτος	n-s---mg-	n-s---mg-	
1937	καί	c--------	καί	καί	c--------	c--------	
1938	ὁ	l-s---ng-	ὁ	ὁ	l-s---ng-	l-s---ng-	
1939	πλῆθος	n-s---ng-	πλῆθος	πλῆθος	n-s---ng-	n-s---ng-	
1940	ὁ	l-p---mg-	ὁ	ὁ	l-p---mg-	l-p---mg-	
1941	μαθητής	n-p---mg-	μαθητής	μαθητής	n-p---mg-	n-p---mg-	
1942	φθόνος	n-s---ma-	φθόνος	φθόνος	n-s---ma-	n-s---ma-	
1943	ἅπας	p-p---md-	ἅπας	ἅπας	a-p---md-	p-p---md-	
1944	ὁ	l-p---md-	ὁ	ὁ	l-p---md-	l-p---md-	
1945	ἀκούω	v-pppamd-	ἀκούω	ἀκούω	v-pppamd-	v-pppamd-	
1946	ἐμποιέω	v--fna---	ἐμποιέω	ἐμποιέω	v--fna---	v--fna---	
1947	,	u--------	,	,	u--------	u--------	
1948	ἐκ	r--------	ἐκ	ἐκ	r--------	r--------	
1949	δέ	c--------	δέ	δέ	c--------	c--------	
1950	ὁ	l-s---fg-	ὁ	ὁ	l-s---fg-	l-s---fg-	
1951	περί	r--------	περί	περί	r--------	r--------	
1952	ὁ	l-p---na-	ὁ	ὁ	l-p---na-	l-p---na-	
1953	δικαστήριον	n-p---na-	δικαστήριον	δικαστήριον	n-p---na-	n-p---na-	
1954	πραγματεία	n-s---fg-	πραγματεία	πραγματεία	n-s---fg-	n-s---fg-	
1955	εἰς	r--------	εἰς	εἰς	r--------	r--------	
1956	ὀργή	n-s---fa-	ὀργή	ὀργή	n-s---fa-	n-s---fa-	
1957	καί	c--------	καί	καί	c--------	c--------	
1958	μῖσος	n-s---na-	μῖσος	μῖσος	n-s---na-	n-s---na-	
1959	σύ	p-p---ca-	σύ	σύ	p-p---ma-	p-p---ca-	
1960	καθίστημι	v--fna---	καθίστημι	καθίστημι	v--fna---	v--fna---	
1961	·	u--------	·	·	u--------	u--------	
1962	ὅς	p-p---na-	ὅσπερ	ὅς	p-p---na-	p-p---na-	DISAGREE
1963	ὅταν	c--------	ὅταν	ὅταν	c--------	c--------	
1964	πάσχω	v3pasa---	πάσχω	πάσχω	v3pasa---	v3pasa---	
1965	ὁ	l-p---mn-	ὁ	ὁ	l-p---mn-	l-p---mn-	
1966	κρίνω	v-pppamn-	κρίνω	κρίνω	v-pppamn-	v-pppamn-	
1967	,	u--------	,	,	u--------	u--------	
1968	χαλεπός	a-p---mns	χαλεπός	χαλεπός	a-p---mns	a-p---mns	
1969	ὁ	l-p---md-	ὁ	ὁ	l-p---md-	l-p---md-	
1970	ἀγωνίζομαι	v-pppmmd-	ἀγωνίζομαι	ἀγωνίζομαι	v-pppemd-	v-pppmmd-	
1971	εἰμί	v3ppia---	εἰμί	εἰμί	v3ppia---	v3ppia---	
1972	.	u--------	.	.	u--------	u--------	
1973	ὡς	c--------	ὡς	ὡς	c--------	c--------	
1974	οὖν	g--------	οὖν	οὖν	d--------	g--------	
1975	ὁ	l-p---na-	ὁ	ὁ	l-p---nn-	l-p---na-	
1976	μέν	g--------	μέν	μέν	d--------	g--------	
1977	μέγας	a-p---nac	μέγας	μέγας	a-p---nac	a-p---nac	
1978	ὁ	l-s---ng-	ὁ	ὁ	l-s---ng-	l-s---ng-	
1979	προσήκω	v-sppang-	προσήκω	προσήκω	v-sppang-	v-sppang-	
1980	λέγω	v3sria---	ἐρῶ	λέγω	v3sria---	v3sria---	DISAGREE
1981	,	u--------	,	,	u--------	u--------	
1982	ὁ	l-p---na-	ὁ	ὁ	l-p---nn-	l-p---na-	
1983	δέ	c--------	δέ	δέ	d--------	c--------	
1984	ὅλος	d--------	ὅλος	ὅλος	d--------	d--------	
1985	ψεύδω	v3spim---	ψεύδω	ψεύδω	v3spie---	v3spim---	
1986	,	u--------	,	,	u--------	u--------	
1987	ῥᾴδιος	d--------	ῥᾴδιος	ῥᾴδιος	d--------	d--------	
1988	οἴομαι	v1spim---	οἴομαι	οἴομαι	v1spie---	v1spim---	
1989	φανερός	a-s---na-	φανερός	φανερός	a-s---nn-	a-s---na-	
1990	ποιέω	v--fna---	ποιέω	ποιέω	v--fna---	v--fna---	
1991	.	u--------	.	.	u--------	u--------	
1992	ἀξιόω	v1spia---	ἀξιόω	ἀξιόω	v1spia---	v1spia---	
1993	δέ	c--------	δέ	δέ	d--------	c--------	
1994	σύ	p-p---ca-	σύ	σύ	p-p---ma-	p-p---ca-	
1995	ὁ	l-p---md-	ὁ	ὁ	l-p---md-	l-p---md-	
1996	μέν	g--------	μέν	μέν	d--------	g--------	
1997	λόγος	n-p---md-	λόγος	λόγος	n-p---md-	n-p---md-	
1998	ὅς	p-p---md-	ὅς	ὅς	p-p---md-	p-p---md-	
1999	πρότερος	d-------c	πρότερος	πρότερος	d-------c	d-------c	
2000	ἀκούω	v2pria---	ἀκούω	ἀκούω	v2pria---	v2pria---	
2001	περί	r--------	περί	περί	r--------	r--------	
2002	ἐγώ	p-s---cg-	ἐγώ	ἐγώ	p-s---mg-	p-s---cg-	
2003	ὁ	l-p---mg-	ὁ	ὁ	l-p---mg-	l-p---mg-	
2004	βλασφημέω	v--pna---	βλασφημέω	βλασφημέω	v--pna---	v--pna---	
2005	καί	c--------	καί	καί	c--------	c--------	
2006	διαβάλλω	v--pna---	διαβάλλω	διαβάλλω	v--pna---	v--pna---	
2007	βούλομαι	v-pppmmg-	βούλομαι	βούλομαι	v-pppemg-	v-pppmmg-	
2008	,	u--------	,	,	u--------	u--------	
2009	μή	d--------	μή	μή	d--------	d--------	
2010	προσέχω	v--pna---	προσέχω	προσέχω	v--pna---	v--pna---	
2011	ὁ	l-s---ma-	ὁ	ὁ	l-s---ma-	l-s---ma-	
2012	νόος	n-s---ma-	νόος	νόος	n-s---ma-	n-s---ma-	
2013	,	u--------	,	,	u--------	u--------	
2014	μή	d--------	μη	μή	d--------	d--------	
2015	δέ	d--------	δέ		d--------		oga_only
2016	πιστεύω	v--pna---	πιστεύω		v--pna---		oga_only
2017	ὁ	l-p---nd-	ὁ		l-p---nd-		oga_only
2018	μή	d--------	μή		d--------		oga_only
2019	τε	d--------	τε		d--------		oga_only
2020	μετά	r--------	μετά		r--------		oga_only
2021	ἔλεγχος2	n-s---mg-	ἔλεγχος2		n-s---mg-		oga_only
2022	μή	d--------	μή		d--------		oga_only
2023	τε	c--------	τε		c--------		oga_only
2024	μετά	r--------	μετά		r--------		oga_only
2025	κρίσις	n-s---fg-	κρίσις		n-s---fg-		oga_only
2026	ἐρῶ	v-prpend-	ἐρῶ		v-prpend-		oga_only
2027	,	u--------	,		u--------		oga_only
2028	μη	d--------	μη		d--------		oga_only
2029	δέ	c--------	δέ		c--------		oga_only
2030	ὁ	l-p---fd-	ὁ	ὁ	l-p---fd-	l-p---fd-	
2031	δοκέω	n-p---fd-	δοκέω		n-p---fd-		oga_only
2032	χράω	v--pne---	χράω		v--pne---		oga_only
2033	ὁ	l-p---fd-	ὁ		l-p---fd-		oga_only
2034	ἄδικος	d--------	ἄδικος		d--------		oga_only
2035	ὑπό	r--------	ὑπό		r--------		oga_only
2036	ἐκεῖνος	p-p---mg-	ἐκεῖνος		p-p---mg-		oga_only
2037	σύ	p-p---md-	σύ		p-p---md-		oga_only
2038	ἐγγίγνομαι	v-prpefd-	ἐγγίγνομαι		v-prpefd-		oga_only
2039	,	u--------	,		u--------		oga_only
2040	ἀλλά	c--------	ἀλλά		c--------		oga_only
2041	ὁποῖος	a-s---mn-	ὁποῖος		a-s---mn-		oga_only
2042	τις	a-s---fn-	τις		a-s---fn-		oga_only
2043	ἄν	d--------	ἄν		d--------		oga_only
2044	ἐκ	r--------	ἐκ		r--------		oga_only
2045	ὁ	l-s---fg-	ὁ	ὁ	l-s---fg-	l-s---fg-	
2046	κατηγορία	n-s---fg-	κατηγορία		n-s---fg-		oga_only
2047	ὁ	l-s---fg-	ὁ		l-s---fg-		oga_only
2048	νῦν	d--------	νῦν		d--------		oga_only
2049	καί	c--------	καί		c--------		oga_only
2050	ὁ	l-s---fg-	ὁ		l-s---fg-		oga_only
2051	ἀπολογία	n-s---fg-	ἀπολογία		n-s---fg-		oga_only
2052	φαίνω	v1spse---	φαίνω		v1spse---		oga_only
2053	,	u--------	,		u--------		oga_only
2054	τοιοῦτος	p-s---ma-	τοιοῦτος		p-s---ma-		oga_only
2055	εἰμί	v--pna---	εἰμί		v--pna---		oga_only
2056	ἐγώ	p1s---ma-	ἐγώ		p1s---ma-		oga_only
2057	νομίζω	v--pna---	νομίζω		v--pna---		oga_only
2058	·	u--------	·		u--------		oga_only
2059	οὕτως	d--------	οὕτως		d--------		oga_only
2060	γάρ	d--------	γάρ		d--------		oga_only
2061	γιγνώσκω	v-pppamn-	γιγνώσκω		v-pppamn-		oga_only
2062	αὐτός	p-p---mn-	αὐτός		p-p---mn-		oga_only
2063	τε	c--------	τε	τε	d--------	c--------	
2064	δοκέω	v2pfia---	δοκέω		v2pfia---		oga_only
2065	καλός	d--------	καλός		d--------		oga_only
2066	κρίνω	v--pna---	κρίνω		v--pna---		oga_only
2067	καί	c--------	καί		c--------		oga_only
2068	νομίμως	d--------	νομίμως		d--------		oga_only
2069	,	u--------	,		u--------		oga_only
2070	ἐγώ	p1s---mn-	ἐγώ		p1s---mn-		oga_only
2071	τε	c--------	τε		c--------		oga_only
2072	τυγχάνω	v1sfim---	τυγχάνω		v1sfim---		oga_only
2073	πᾶς	a-p---ng-	πᾶς		a-p---ng-		oga_only
2074	ὁ	l-p---ng-	ὁ		l-p---ng-		oga_only
2075	δίκαιος	a-p---ng-	δίκαιος		a-p---ng-		oga_only
2076	.	u--------	.		u--------		oga_only
2077	ὅτι	c--------	ὅτι	ὅτι	c--------	c--------	
2078	μέν	g--------	μέν	μέν	d--------	g--------	
2079	οὖν	g--------	οὖν	οὖν	d--------	g--------	
2080	οὐδείς	p-s---mn-	οὐδείς	οὐδείς	p-s---mn-	p-s---mn-	
2081							unmatched
2082	ὑπό	r--------	ὑπό	ὑπό	r--------	r--------	
2083	ὁ	l-s---fg-	ὁ	ὁ	l-s---fg-	l-s---fg-	
2084	δεινότης	n-s---fg-	δεινότης	δεινότης	n-s---fg-	n-s---fg-	
2085	ὁ	l-s---fg-	ὁ	ὁ	l-s---fg-	l-s---fg-	
2086	ἐμός	a-s---fg-	ἐμός	ἐμός	a-s---fg-	a-s---fg-	
2087							unmatched
2088	ὑπό	r--------	ὑπό	ὑπό	r--------	r--------	
2089	ὁ	l-p---ng-	ὁ	ὁ	l-p---ng-	l-p---ng-	
2090	σύγγραμμα	n-p---ng-	σύγγραμμα	σύγγραμμα	n-p---ng-	n-p---ng-	
2091	βλάπτω	v3srim---	βάλλω	βλάπτω	v3srie---	v3srim---	DISAGREE
2092	ὁ	l-p---mg-	ὁ	ὁ	l-p---mg-	l-p---mg-	
2093	πολίτης	n-p---mg-	πολίτης	πολίτης	n-p---mg-	n-p---mg-	
2094	,	u--------	,	,	u--------	u--------	
2095	ὁ	l-s---ma-	ὁ	ὁ	l-s---ma-	l-s---ma-	
2096	ἐνίστημι	v-srpama-	ἐνίστημι	ἐνίστημι	v-srpama-	v-srpama-	
2097	κίνδυνος	n-s---ma-	κίνδυνος	κίνδυνος	n-s---ma-	n-s---ma-	
2098	ἡγέομαι	v1spim---	ἡγέομαι	ἡγέομαι	v1spim---	v1spim---	
2099	μέγας	a-s---nas	μέγας	μέγας	a-s---nas	a-s---nas	
2100	εἰμί	v--pna---	εἰμί	εἰμί	v--pna---	v--pna---	
2101	τεκμήριον	n-s---na-	τεκμήριον	τεκμήριον	n-s---na-	n-s---na-	
2102	.	u--------	.	.	u--------	u--------	
2103	εἰ	c--------	εἰ	εἰ	c--------	c--------	
2104	γάρ	g--------	γάρ	γάρ	d--------	g--------	
2105	τις	p-s---cn-	τις	τις	p-s---mn-	p-s---cn-	
2106	εἰμί	v3siia---	εἰμί	εἰμί	v3siia---	v3siia---	
2107	ἀδικέω	v-srpmmn-	ἀδικέω	ἀδικέω	v-srpemn-	v-srpmmn-	
2108	,	u--------	,	,	u--------	u--------	
2109	εἰ	c--------	εἰ	εἰ	c--------	c--------	
2110	καί	c--------	καί	καί	d--------	c--------	
2111	ὁ	l-s---ma-	ὁ	ὁ	l-s---ma-	l-s---ma-	
2112	ἄλλος	p-s---ma-	ἄλλος	ἄλλος	a-s---ma-	p-s---ma-	
2113	χρόνος	n-s---ma-	χρόνος	χρόνος	n-s---ma-	n-s---ma-	
2114	ἡσυχία	n-s---fa-	ἡσυχία	ἡσυχία	n-s---fa-	n-s---fa-	
2115	ἔχω	v3siia---	ἔχω	ἔχω	v3siia---	v3siia---	
2116	,	u--------	,	,	u--------	u--------	
2117	οὐ	d--------	οὐ	οὐ	d--------	d--------	
2118	ἄν	g--------	ἄν	ἄν	d--------	g--------	
2119	ἀμελέω	v3saia---	ἀμελέω	ἀμελέω	v3saia---	v3saia---	
2120	ὁ	l-s---mg-	ὁ	ὁ	l-s---mg-	l-s---mg-	
2121	καιρός	n-s---mg-	καιρός	καιρός	n-s---mg-	n-s---mg-	
2122	ὁ	l-s---mg-	ὁ	ὁ	l-s---mg-	l-s---mg-	
2123	πάρειμι	v-sppamg-	πάρειμι1	πάρειμι	v-sppamg-	v-sppamg-	
2124	,	u--------	,	,	u--------	u--------	
2125	ἀλλά	c--------	ἀλλά	ἀλλά	c--------	c--------	
2126	ἔρχομαι	v3saia---	ἔρχομαι	ἔρχομαι	v3saia---	v3saia---	
2127	ἄν	g--------	ἄν	ἄν	d--------	g--------	
2128	ἤτοι	g--------	ἤτοι	ἤτοι	d--------	g--------	
2129	κατηγορέω	v-sfpamn-	κατηγορέω	κατηγορέω	v-sfpamn-	v-sfpamn-	
2130	ἤ	c--------	ἤ1	ἤ	c--------	c--------	
2131	καταμαρτυρέω	v-sfpamn-	καταμαρτυρέω	καταμαρτυρέω	v-sfpamn-	v-sfpamn-	
2132	.	u--------	.	.	u--------	u--------	
2133	ὅπου	d--------	ὅπου	ὅπου	d--------	d--------	
2134	γάρ	g--------	γάρ	γάρ	d--------	g--------	
2135	ὁ	l-s---mn-	ὁ	ὁ	l-s---mn-	l-s---mn-	
2136							unmatched
2137	ἀκούω	v-srpamn-	ἀκούω	ἀκούω	v-srpamn-	v-srpamn-	
2138	μηδείς	p-s---na-	μηδείς	μηδείς	p-s---na-	p-s---na-	
2139	πώποτε	d--------	πώποτε	πώποτε	d--------	d--------	
2140	φλαῦρος	a-s---na-	φλαῦρος	φλαῦρος	a-s---ma-	a-s---na-	
2141	εἰς	r--------	εἰς	εἰς	r--------	r--------	
2142	ἀγών	n-s---ma-	ἀγών	ἀγών	n-s---ma-	n-s---ma-	
2143	ἐγώ	p-s---ca-	ἐγώ	ἐγώ	p1s---ca-	p-s---ca-	
2144	τηλικουτον́ς	a-s---ma-	τηλικοῦτος	τηλικουτον́ς	a-s---ma-	a-s---ma-	DISAGREE
2145	καθίστημι	v3saia---	καθίστημι	καθίστημι	v3saia---	v3saia---	
2146	,	u--------	,	,	u--------	u--------	
2147	ἦ	g--------	ἦ	ἦ	d--------	g--------	
2148	που	d--------	πού	που	d--------	d--------	
2149	σφόδρα	d--------	σφόδρα	σφόδρα	d--------	d--------	
2150	ἄν	g--------	ἄν	ἄν	d--------	g--------	
2151	ὁ	l-p---mn-	ὁ	ὁ	l-p---mn-	l-p---mn-	
2152	κακός	d--------	κακός	κακός	d--------	d--------	
2153	πάσχω	v-prpamn-	πάσχω	πάσχω	v-prpamn-	v-prpamn-	
2154	πειράω	v3piim---	πειράω	πειράω	v3piie---	v3piim---	
2155	ἄν	g--------	ἄν	ἄν	d--------	g--------	
2156	δίκη	n-s---fa-	δίκη	δίκη	n-s---fa-	n-s---fa-	
2157	παρά	r--------	παρά	παρά	r--------	r--------	
2158	ἐγώ	p-s---cg-	ἐγώ	ἐγώ	p1s---cg-	p-s---cg-	
2159	λαμβάνω	v--pna---	λαμβάνω	λαμβάνω	v--pna---	v--pna---	
2160	.	u--------	.	.	u--------	u--------	
2161	οὐ	d--------	οὐ	οὐ	d--------	d--------	
2162	γάρ	g--------	γάρ	γάρ	d--------	g--------	
2163	δή	g--------	δή	δή	d--------	g--------	
2164	οὗτος	p-s---nn-	οὗτος	οὗτος	p-s---nn-	p-s---nn-	
2165	γε	g--------	γε	γε	d--------	g--------	
2166	εἰμί	v3spia---	εἰμί	εἰμί	v3spia---	v3spia---	
2167							unmatched
2168	ἔοικα	v-srpann-	ἔοικα	ἔοικα	v-srpann-	v-srpann-	
2169	οὐ	d--------	οὐ	οὐ	d--------	d--------	
2170	τε	c--------	τε		c--------		oga_only
2171	δυνατός	a-s---nn-	δυνατός		a-s---nn-		oga_only
2172	,	u--------	,		u--------		oga_only
2173	ἐγώ	p1s---ma-	ἐγώ		p1s---ma-		oga_only
2174	μέν	d--------	μέν		d--------		oga_only
2175	περί	r--------	περί		r--------		oga_only
2176	πολύς	a-p---ma-	πολύς		a-p---ma-		oga_only
2177	ἁμαρτάνω	v--rna---	ἁμαρτάνω		v--rna---		oga_only
2178	,	u--------	,		u--------		oga_only
2179	ὁ	l-p---ma-	ὁ		l-p---ma-		oga_only
2180	δέ	c--------	δέ		c--------		oga_only
2181	ὁ	l-p---fd-	ὁ		l-p---fd-		oga_only
2182	συμφορά	n-p---fd-	συμφορά		n-p---fd-		oga_only
2183	διά	r--------	διά		r--------		oga_only
2184	ἐγώ	p1s---ma-	ἐγώ		p1s---ma-		oga_only
2185	περιπίπτω	v-prpama-	περιπίπτω		v-prpama-		oga_only
2186	ἡσυχία	n-s---fa-	ἡσυχία		n-s---fa-		oga_only
2187	ἔχω	v--pna---	ἔχω		v--pna---		oga_only
2188	καί	c--------	καί		c--------		oga_only
2189	μή	d--------	μή		d--------		oga_only
2190	τολμάω	v--pna---	τολμάω		v--pna---		oga_only
2191	ἐγκαλέω	v--pna---	ἐγκαλέω		v--pna---		oga_only
2192	,	u--------	,		u--------		oga_only
2193	ἀλλά	c--------	ἀλλά		c--------		oga_only
2194	πρᾶος	a-p---mac	πρᾶος		a-p---mac		oga_only
2195	ἐν	r--------	ἐν		r--------		oga_only
2196	ὁ	l-p---md-	ὁ		l-p---md-		oga_only
2197	ἐμός	a-p---md-	ἐμός		a-p---md-		oga_only
2198	εἰμί	v--pna---	εἰμί		v--pna---		oga_only
2199	κίνδυνος	n-p---md-	κίνδυνος		n-p---md-		oga_only
2200	ὁ	l-p---mg-	ὁ		l-p---mg-		oga_only
2201	μηδείς	p-s---na-	μηδείς		p-s---na-		oga_only
2202	ἀδικέω	v-prpemg-	ἀδικέω		v-prpemg-		oga_only
2203	,	u--------	,		u--------		oga_only
2204	ἔξεστι	v-sppana-	ἔξεστι		v-sppana-		oga_only
2205	αὐτός	p-p---md-	αὐτός		p-p---md-		oga_only
2206	δηλόω	v-papamd-	δηλόω		v-papamd-		oga_only
2207	ὅς	p-p---na-	ὅς		p-p---na-		oga_only
2208	πάσχω	v3pria---	πάσχω		v3pria---		oga_only
2209	ὁ	l-s---fa-	ὁ		l-s---fa-		oga_only
2210	μέγας	a-s---fa-	μέγας		a-s---fa-		oga_only
2211	παρά	r--------	παρά		r--------		oga_only
2212	ἐγώ	p1s---mg-	ἐγώ		p1s---mg-		oga_only
2213	λαμβάνω	v--ana---	λαμβάνω		v--ana---		oga_only
2214	τιμωρία	n-s---fa-	τιμωρία		n-s---fa-		oga_only
2215	.	u--------	.		u--------		oga_only
2216	ἀλλά	c--------	ἀλλά	ἀλλά	d--------	c--------	
2217	γάρ	g--------	γάρ	γάρ	d--------	g--------	
2218	οὐ	d--------	οὐ	οὐ	d--------	d--------	
2219	τε	d--------	τε		d--------		oga_only
2220	πρότερος	a-s---na-	πρότερος		a-s---na-		oga_only
2221	οὐ	d--------	οὐ		d--------		oga_only
2222	τε	c--------	τε		c--------		oga_only
2223	νῦν	d--------	νῦν		d--------		oga_only
2224	οὐδείς	p-s---mn-	οὐδείς		p-s---mn-		oga_only
2225	ἐγώ	p-s---md-	ἐγώ		p-s---md-		oga_only
2226	φαίνω	v3sfip---	φαίνω		v3sfip---		oga_only
2227	τοιοῦτος	p-s---na-	τοιοῦτος		p-s---na-		oga_only
2228	οὐδείς	p-s---na-	οὐδείς		p-s---na-		oga_only
2229	ἐγκαλέω	v-sapamn-	ἐγκαλέω		v-sapamn-		oga_only
2230	.	u--------	.		u--------		oga_only
2231	ὥστε	d--------	ὥστε		d--------		oga_only
2232	εἰ	c--------	εἰ		c--------		oga_only
2233	συγχωρέω	v1saoa---	συγχωρέω		v1saoa---		oga_only
2234	ὁ	l-s---md-	ὁ		l-s---md-		oga_only
2235	κατήγορος	a-s---md-	κατήγορος		a-s---md-		oga_only
2236	καί	c--------	καί	καί	c--------	c--------	
2237	προσομολογέω	v1saoa---	προσομολογέω		v1saoa---		oga_only
2238	πᾶς	a-p---mg-	πᾶς		a-p---mg-		oga_only
2239	ἄνθρωπος	n-p---mg-	ἄνθρωπος		n-p---mg-		oga_only
2240	εἰμί	v--pna---	εἰμί		v--pna---		oga_only
2241	δεινός	a-s---mns	δεινός		a-s---mns		oga_only
2242	,	u--------	,		u--------		oga_only
2243	καί	c--------	καί		c--------		oga_only
2244	συγγραφεύς	n-s---mn-	συγγραφεύς		n-s---mn-		oga_only
2245	ὁ	l-p---mg-	ὁ		l-p---mg-		oga_only
2246	λόγος	n-p---mg-	λόγος		n-p---mg-		oga_only
2247	ὁ	l-p---mg-	ὁ		l-p---mg-		oga_only
2248	λυπέω	v-pppamg-	λυπέω		v-pppamg-		oga_only
2249	σύ	p-p---ma-	σύ		p-p---ma-		oga_only
2250	τοιοῦτος	p-s---mn-	τοιοῦτος		p-s---mn-		oga_only
2251	οἷος	a-s---mn-	οἷος		a-s---mn-		oga_only
2252	οὐδείς	p-s---mn-	οὐδείς		p-s---mn-		oga_only
2253	ἄλλος	a-s---mn-	ἄλλος		a-s---mn-		oga_only
2254	γίγνομαι	v3sria---	γίγνομαι		v3sria---		oga_only
2255	,	u--------	,		u--------		oga_only
2256	πολύς	a-s---na-	πολύς		a-s---na-		oga_only
2257	ἄν	d--------	ἄν		d--------		oga_only
2258	δίκαιος	a-s---nac	δίκαιος		a-s---nac		oga_only
2259	ἐπιεικής	a-s---mn-	ἐπιεικής		a-s---mn-		oga_only
2260	εἰμί	v--pna---	εἰμί		v--pna---		oga_only
2261	δοκέω	v1spoa---	δοκέω		v1spoa---		oga_only
2262	ἤ1	c--------	ἤ1		c--------		oga_only
2263	ζημιόω	v1saop---	ζημιόω		v1saop---		oga_only
2264	.	u--------	.		u--------		oga_only
2265	ὁ	l-s---ng-	ὁ	ὁ	l-s---ng-	l-s---ng-	
2266	μέν	g--------	μέν	μέν	d--------	g--------	
2267	γάρ	g--------	γάρ	γάρ	d--------	g--------	
2268	γίγνομαι	v--anm---	γίγνομαι	γίγνομαι	v--anm---	v--anm---	
2269	προέχω	v-sppama-	προέχω	προέχω	v-sppama-	v-sppama-	
2270	ὁ	l-p---ng-	ὁ	ὁ	l-p---mg-	l-p---ng-	
2271	ἄλλος	p-p---ng-	ἄλλος	ἄλλος	p-p---mg-	p-p---ng-	
2272	ἤ	c--------	ἤ1	ἤ	d--------	c--------	
2273	περί	r--------	περί	περί	r--------	r--------	
2274	ὁ	l-p---ma-	ὁ	ὁ	l-p---ma-	l-p---ma-	
2275	λόγος	n-p---ma-	λόγος	λόγος	n-p---ma-	n-p---ma-	
2276	ἤ	c--------	ἤ1	ἤ	c--------	c--------	
2277	περί	r--------	περί	περί	r--------	r--------	
2278	ὁ	l-p---fa-	ὁ	ὁ	l-p---fa-	l-p---fa-	
2279	πρᾶξις	n-p---fa-	πρᾶξις	πρᾶξις	n-p---fa-	n-p---fa-	
2280	ἔοικα	d--------	εἰκότως	ἔοικα	d--------	d--------	DISAGREE
2281	ἄν	g--------	ἄν	ἄν	d--------	g--------	
2282	τις	p-s---cn-	τις	τις	p-s---mn-	p-s---cn-	
2283	ὁ	l-s---fa-	ὁ	ὁ	l-s---fa-	l-s---fa-	
2284	τύχη	n-s---fa-	τύχη	τύχη	n-s---fa-	n-s---fa-	
2285	αἰτιάομαι	v3saom---	αἰτιάομαι	αἰτιάομαι	v3saoe---	v3saom---	
2286	,	u--------	,	,	u--------	u--------	
2287	ὁ	l-s---ng-	ὁ	ὁ	l-s---ng-	l-s---ng-	
2288	δέ	c--------	δέ	δέ	c--------	c--------	
2289	καλός	d--------	καλός	καλός	d--------	d--------	
2290	καί	c--------	καί	καί	c--------	c--------	
2291	μέτριος	d--------	μέτριος	μέτριος	d--------	d--------	
2292	χράω	v--rnm---	χράω2	χράω	v--rne---	v--rnm---	
2293	ὁ	l-s---fd-	ὁ	ὁ	l-s---fd-	l-s---fd-	
2294	φύσις	n-s---fd-	φύσις	φύσις	n-s---fd-	n-s---fd-	
2295	δίκαιος	d--------	δίκαιος	δίκαιος	d--------	d--------	
2296	ἄν	g--------	ἄν	ἄν	d--------	g--------	
2297	ἅπας	p-p---mn-	ἅπας	ἅπας	a-p---mn-	p-p---mn-	
2298	ὁ	l-s---ma-	ὁ	ὁ	l-s---ma-	l-s---ma-	
2299	τρόπος	n-s---ma-	τρόπος	τρόπος	n-s---ma-	n-s---ma-	
2300	ὁ	l-s---ma-	ὁ	ὁ	l-s---ma-	l-s---ma-	
2301	ἐμός	a-s---ma-	ἐμός	ἐμός	a-s---ma-	a-s---ma-	
2302	ἐπαινέω	v3paoa---	ἐπαινέω	ἐπαινέω	v3paoa---	v3paoa---	
2303	.	u--------	.	.	u--------	u--------	
2304	οὐ	d--------		οὐ		d--------	glaux_only
2305	μήν	g--------	μήν	μήν	d--------	g--------	
2306							unmatched
2307	εἰ	c--------	εἰ	εἰ	c--------	c--------	
2308	οὗτος	p-p---na-	οὗτος	οὗτος	p-p---na-	p-p---na-	
2309	ἔχω	v-sppamn-	ἔχω	ἔχω	v-sppamn-	v-sppamn-	
2310	περί	r--------	περί	περί	r--------	r--------	
2311	ἐμαυτοῦ	p-s---mg-	ἐμαυτοῦ	ἐμαυτοῦ	p-s---mg-	p-s---mg-	
2312	λέγω	v--pna---	λέγω3	λέγω	v--pna---	v--pna---	
2313	,	u--------	,	,	u--------	u--------	
2314							unmatched
2315	οὕτως	d--------	οὕτως	οὕτως	d--------	d--------	
2316	φαίνω	v1sfip---	φαίνω	φαίνω	v1sfip---	v1sfip---	
2317	περί	r--------	περί	περί	r--------	r--------	
2318	ὁ	l-p---ma-	ὁ	ὁ	l-p---ma-	l-p---ma-	
2319	λόγος	n-p---ma-	λόγος	λόγος	n-p---ma-	n-p---ma-	
2320	ὁ	l-p---ma-	ὁ	ὁ	l-p---ma-	l-p---ma-	
2321	τοιοῦτος	p-p---ma-	τοιοῦτος	τοιοῦτος	a-p---ma-	p-p---ma-	
2322	γίγνομαι	v-srpmmn-	γίγνομαι	γίγνομαι	v-srpemn-	v-srpmmn-	
2323	.	u--------	.	.	u--------	u--------	
2324	γιγνώσκω	v2pfim---	γιγνώσκω	γιγνώσκω	v2pfim---	v2pfim---	
2325	δέ	c--------	δέ	δέ	d--------	c--------	
2326	ἐκ	r--------	ἐκ	ἐκ	r--------	r--------	
2327	ὁ	l-p---ng-	ὁ	ὁ	l-p---ng-	l-p---ng-	
2328	ἐπιτήδευμα	n-p---ng-	ἐπιτήδευμα	ἐπιτήδευμα	n-p---ng-	n-p---ng-	
2329	ὁ	l-p---ng-	ὁ	ὁ	l-p---ng-	l-p---ng-	
2330	ἐμός	a-p---ng-	ἐμός	ἐμός	a-p---ng-	a-p---ng-	
2331	,	u--------	,	,	u--------	u--------	
2332	ἐκ	r--------	ἐκ	ἐκ	r--------	r--------	
2333	ὅς	p-p---ng-	ὅς	ὅς	p-p---ng-	p-p---ng-	
2334	οἷος	p-s---nn-	οἷος	οἷος	a-s---nn-	p-s---nn-	
2335	τε	g--------	τε	τε	d--------	g--------	
2336	εἰμί	v3spia---	εἰμί	εἰμί	v3spia---	v3spia---	
2337	οἶδα	v--rna---	οἶδα	οἶδα	v--rna---	v--rna---	
2338	ὁ	l-s---fa-	ὁ	ὁ	l-s---fa-	l-s---fa-	
2339	ἀλήθεια	n-s---fa-	ἀλήθεια	ἀλήθεια	n-s---fa-	n-s---fa-	
2340	πολύς	a-s---na-	πολύς	πολύς	a-s---na-	a-s---na-	
2341	μάλα	d-------c	μᾶλλον	μάλα	d--------	d-------c	DISAGREE
2342	ἤ	c--------	ἤ1	ἤ	c--------	c--------	
2343	παρά	r--------	παρά	παρά	r--------	r--------	
2344	ὁ	l-p---mg-	ὁ	ὁ	l-p---mg-	l-p---mg-	
2345	διαβάλλω	v-pppamg-	διαβάλλω	διαβάλλω	v-pppamg-	v-pppamg-	
2346	.	u--------	.	.	u--------	u--------	
2347	οἴομαι	v1spim---	οἴομαι	οἴομαι	v1spie---	v1spim---	
2348	γάρ	g--------	γάρ	γάρ	d--------	g--------	
2349	οὐδείς	p-s---ma-	οὐδείς	οὐδείς	p-s---ma-	p-s---ma-	
2350	οὗτος	p-s---na-	οὗτος	οὗτος	p-s---na-	p-s---na-	
2351	ἀγνοέω	v--pna---	ἀγνοέω	ἀγνοέω	v--pna---	v--pna---	
2352	,	u--------	,	,	u--------	u--------	
2353	ὅτι	c--------	ὅτι	ὅτι	c--------	c--------	
2354	πᾶς	p-p---mn-	πᾶς	πᾶς	a-p---mn-	p-p---mn-	
2355	ἄνθρωπος	n-p---mn-	ἄνθρωπος	ἄνθρωπος	n-p---mn-	n-p---mn-	
2356	περί	r--------	περί	περί	r--------	r--------	
2357	ὁ	l-s---ma-	ὁ	ὁ	l-s---ma-	l-s---ma-	
2358	τόπος	n-s---ma-	τόπος	τόπος	n-s---ma-	n-s---ma-	
2359	οὗτος	p-s---ma-	οὗτος	οὗτος	a-s---ma-	p-s---ma-	
2360	εἴωθα	v3pria---	ἔθω	εἴωθα	v3pria---	v3pria---	DISAGREE
2361	διατρίβω	v--pna---	διατρίβω	διατρίβω	v--pna---	v--pna---	
2362	,	u--------	,	,	u--------	u--------	
2363	ὅθεν	d--------	ὅθεν	ὅθεν	d--------	d--------	
2364	ἄν	g--------	ἄν	ἄν	d--------	g--------	
2365	προαιρέω	v3pasm---	προαιρέω	προαιρέω	v3ppse---	v3pasm---	
2366	ὁ	l-s---ma-	ὁ	ὁ	l-s---ma-	l-s---ma-	
2367	βίος	n-s---ma-	βίος	βίος	n-s---ma-	n-s---ma-	
2368	πορίζω	v--pnm---	πορίζω	πορίζω	v--pne---	v--pnm---	
2369	.	u--------	.	.	u--------	u--------	
2370	ὁ	l-p---ma-	ὁ	ὁ	l-p---ma-	l-p---ma-	
2371	μέν	g--------	μέν	μέν	d--------	g--------	
2372	τοίνυν	g--------	τοίνυν	τοίνυν	d--------	g--------	
2373	ἀπό	r--------	ἀπό	ἀπό	r--------	r--------	
2374	ὁ	l-p---ng-	ὁ	ὁ	l-p---ng-	l-p---ng-	
2375	συμβόλαιον	n-p---ng-	συμβόλαιον	συμβόλαιον	a-p---ng-	n-p---ng-	
2376	ὁ	l-p---ng-	ὁ	ὁ	l-p---ng-	l-p---ng-	
2377	ὑμέτερος	a-p---ng-	ὑμέτερος	ὑμέτερος	a-p---ng-	a-p---ng-	
2378	ζάω	v-pppama-	ζάω	ζάω	v-pppama-	v-pppama-	
2379	καί	c--------	καί	καί	c--------	c--------	
2380	ὁ	l-s---fg-	ὁ	ὁ	l-s---fg-	l-s---fg-	
2381	περί	r--------	περί	περί	r--------	r--------	
2382	οὗτος	p-p---na-	οὗτος	οὗτος	p-p---na-	p-p---na-	
2383	πραγματεία	n-s---fg-	πραγματεία	πραγματεία	n-s---fg-	n-s---fg-	
2384	ὁράω	v2paoa---	εἶδον	ὁράω	v2paoa---	v2paoa---	DISAGREE
2385	ἄν	g--------	ἄν	ἄν	d--------	g--------	
2386	μόνος	d--------	μόνος	μόνος	a-s---na-	d--------	
2387	οὐ	d--------	οὐ	οὐ	d--------	d--------	
2388	ἐν	r--------	ἐν	ἐν	r--------	r--------	
2389	ὁ	l-p---nd-	ὁ	ὁ	l-p---nd-	l-p---nd-	
2390	δικαστήριον	n-p---nd-	δικαστήριον	δικαστήριον	n-p---nd-	n-p---nd-	
2391	οἰκέω	v-pppama-	οἰκέω	οἰκέω	v-pppama-	v-pppama-	
2392	,	u--------	,	,	u--------	u--------	
2393	ἐγώ	p-s---ca-	ἐγώ	ἐγώ	p1s---ma-	p-s---ca-	
2394	δέ	c--------	δέ	δέ	c--------	c--------	
2395	οὐδείς	p-s---mn-	οὐδείς	οὐδείς	p-s---mn-	p-s---mn-	
2396	πώποτε	d--------	πώποτε	πώποτε	d--------	d--------	
2397	ὁράω	v3sria---	ὁράω	ὁράω	v3sria---	v3sria---	
2398							unmatched
2399	ἐν	r--------	ἐν	ἐν	r--------	r--------	
2400	ὁ	l-p---nd-	ὁ	ὁ	l-p---nd-	l-p---nd-	
2401	συνέδριον	n-p---nd-	συνέδριον	συνέδριον	n-p---nd-	n-p---nd-	
2402	οὐ	d--------	οὐ	οὐ	d--------	d--------	
2403	τε	d--------	τε		d--------		oga_only
2404	περί	r--------	περί		r--------		oga_only
2405	ὁ	l-p---fa-	ὁ		l-p---fa-		oga_only
2406	ἀνάκρισις	n-p---fa-	ἀνάκρισις		n-p---fa-		oga_only
2407							unmatched
2408	ἐπί	r--------	ἐπί		r--------		oga_only
2409	ὁ	l-p---md-	ὁ	ὁ	l-p---nd-	l-p---md-	
2410	δικαστήριον	n-p---nd-	δικαστήριον		n-p---nd-		oga_only
2411	οὐ	d--------	οὐ		d--------		oga_only
2412	τε	c--------	τε		c--------		oga_only
2413	πρός	r--------	πρός		r--------		oga_only
2414	ὁ	l-p---md-	ὁ		l-p---md-		oga_only
2415	διαιτητής	n-p---md-	διαιτητής		n-p---md-		oga_only
2416	,	u--------	,		u--------		oga_only
2417	ἀλλά	c--------	ἀλλά		c--------		oga_only
2418	οὕτως	d--------	οὕτως		d--------		oga_only
2419	ἀπέχω	v1spie---	ἀπέχω		v1spie---		oga_only
2420	οὗτος	p-p---ng-	οὗτος		p-p---ng-		oga_only
2421	ἅπας	a-p---ng-	ἅπας		a-p---ng-		oga_only
2422	ὡς	c--------	ὡς		c--------		oga_only
2423	οὐδείς	p-s---mn-	οὐδείς		p-s---mn-		oga_only
2424	ἄλλος	a-s---mn-	ἄλλος		a-s---mn-		oga_only
2425	ὁ	l-p---mg-	ὁ		l-p---mg-		oga_only
2426	πολίτης	n-p---mg-	πολίτης		n-p---mg-		oga_only
2427	.	u--------	.		u--------		oga_only
2428	ἔπειτα	d--------	ἔπειτα	ἔπειτα	d--------	d--------	
2429	ἐκεῖνος	p-p---ma-	ἐκεῖνος	ἐκεῖνος	p-p---ma-	p-p---ma-	
2430	μέν	g--------	μέν	μέν	d--------	g--------	
2431	ἄν	g--------	ἄν	ἄν	d--------	g--------	
2432	εὑρίσκω	v2paoa---	εὑρίσκω	εὑρίσκω	v2paoa---	v2paoa---	
2433	παρά	r--------	παρά	παρά	r--------	r--------	
2434	σύ	p-p---cd-	σύ	σύ	p-p---md-	p-p---cd-	
2435	μόνος	a-p---md-	μόνος	μόνος	a-p---md-	a-p---md-	
2436	χρηματίζω	v--pnm---	χρηματίζω	χρηματίζω	v--pne---	v--pnm---	
2437	δύναμαι	v-pppmma-	δύναμαι	δύναμαι	v-pppema-	v-pppmma-	
2438	,	u--------	,	,	u--------	u--------	
2439	εἰ	c--------	εἰ	εἰ	c--------	c--------	
2440	δέ	c--------	δέ	δέ	c--------	c--------	
2441	ἄλλοτε	d--------	ἄλλοτε	ἄλλοτε	d--------	d--------	
2442	ποι	d--------	ποι	ποι	d--------	d--------	
2443	πλέω	v3paoa---	πλέω	πλέω	v3paoa---	v3paoa---	
2444	,	u--------	,	,	u--------	u--------	
2445	ἐνδεής	a-p---ma-	ἐνδεής	ἐνδεής	a-p---mn-	a-p---ma-	
2446	ἄν	g--------	ἄν	ἄν	d--------	g--------	
2447	εἰμί	v-pppama-	εἰμί	εἰμί	v-pppama-	v-pppama-	
2448	ὁ	l-p---ng-	ὁ	ὁ	l-p---ng-	l-p---ng-	
2449	κατά	r--------	κατά	κατά	r--------	r--------	
2450	ἡμέρα	n-s---fa-	ἡμέρα	ἡμέρα	n-s---fa-	n-s---fa-	
2451	,	u--------	,	,	u--------	u--------	
2452	ἐγώ	p-s---cd-	ἐγώ	ἐγώ	p-s---md-	p-s---cd-	
2453	δέ	c--------	δέ	δέ	c--------	c--------	
2454	ὁ	l-p---fa-	ὁ	ὁ	l-p---fa-	l-p---fa-	
2455	εὐπορία	n-p---fa-	εὐπορία	εὐπορία	n-p---fa-	n-p---fa-	
2456	,	u--------	,	,	u--------	u--------	
2457	περί	r--------	περί	περί	r--------	r--------	
2458	ὅς	p-p---fg-	ὅς	ὅς	p-p---fg-	p-p---fg-	
2459	οὗτος	p-s---mn-	οὗτος	οὗτος	p-s---mn-	p-s---mn-	
2460	μέγας	d-------c	μέγας	μέγας	d-------c	d-------c	
2461	λέγω	v3sria---	ἐρῶ	λέγω	v3sria---	v3sria---	DISAGREE
2462	,	u--------	,	,	u--------	u--------	
2463	ἔξωθεν	d--------	ἔξωθεν	ἔξωθεν	d--------	d--------	
2464	ἅπας	p-p---fa-	ἅπας	ἅπας	a-p---fa-	p-p---fa-	
2465	γίγνομαι	v-prpmfa-	γίγνομαι	γίγνομαι	v-prpefa-	v-prpmfa-	
2466	·	u--------	·	·	u--------	u--------	
2467	ἔτι	d--------	ἔτι	ἔτι	d--------	d--------	
2468	δέ	c--------	δέ	δέ	d--------	c--------	
2469	ὁ	l-p---md-	ὁ	ὁ	l-p---md-	l-p---md-	
2470	μέν	g--------	μέν	μέν	d--------	g--------	
2471	πλησιάζω	v-pppama-	πλησιάζω	πλησιάζω	v-pppama-	v-pppama-	
2472	ἤ	c--------	ἤ1	ἤ	d--------	c--------	
2473	ὁ	l-p---ma-	ὁ	ὁ	l-p---ma-	l-p---ma-	
2474	ἐν	r--------	ἐν	ἐν	r--------	r--------	
2475	κακός	a-p---nd-	κακός	κακός	a-p---md-	a-p---nd-	
2476	αὐτός	p-p---ma-	αὐτός	αὐτός	p-p---ma-	p-p---ma-	
2477	εἰμί	v-pppama-	εἰμί	εἰμί	v-pppama-	v-pppama-	
2478	ἤ	c--------	ἤ1	ἤ	c--------	c--------	
2479	ὁ	l-p---ma-	ὁ	ὁ	l-p---ma-	l-p---ma-	
2480	ἕτερος	p-p---md-	ἕτερος	ἕτερος	a-p---md-	p-p---md-	
2481	πρᾶγμα	n-p---na-	πρᾶγμα	πρᾶγμα	n-p---na-	n-p---na-	
2482	παρέχω	v--pna---	παρέχω	παρέχω	v--pna---	v--pna---	
2483	βούλομαι	v-pppmma-	βούλομαι	βούλομαι	v-pppema-	v-pppmma-	
2484	,	u--------	,	,	u--------	u--------	
2485	ἐγώ	p-s---cd-	ἐγώ	ἐγώ	p1s---md-	p-s---cd-	
2486	δέ	c--------	δέ	δέ	c--------	c--------	
2487	ὁ	l-p---ma-	ὁ	ὁ	l-p---ma-	l-p---ma-	
2488	πολύς	a-s---fas	πλεῖστος	πολύς	a-s---fa-	a-s---fas	DISAGREE
2489	σχολή	n-s---fa-	σχολή	σχολή	n-s---fa-	n-s---fa-	
2490	ὁ	l-p---mg-	ὁ	ὁ	l-p---mg-	l-p---mg-	
2491	Ἕλλην	n-p---mg-	ἕλλην	Ἕλλην	n-p---mg-	n-p---mg-	
2492	ἄγω	v-pppama-	ἄγω	ἄγω	v-pppama-	v-pppama-	
2493	.	u--------	.	.	u--------	u--------	
2494	ἀκούω	v2paia---	ἀκούω	ἀκούω	v2paia---	v2paia---	
2495	δέ	c--------	δέ	δέ	d--------	c--------	
2496	καί	c--------	καί	καί	d--------	c--------	
2497	ὁ	l-s---mg-	ὁ	ὁ	l-s---mg-	l-s---mg-	
2498	κατήγορος	a-s---mg-	κατήγορος	κατήγορος	n-s---mg-	a-s---mg-	
2499	λέγω	v-sppamg-	λέγω3	λέγω	v-sppamg-	v-sppamg-	
2500	ὅτι	c--------	ὅτι	ὅτι	c--------	c--------	
2501	παρά	r--------	παρά	παρά	r--------	r--------	
2502	Νικοκλῆς	n-s---mg-	νικοκλῆς	Νικοκλῆς	n-s---mg-	n-s---mg-	
2503	ὁ	l-s---mg-	ὁ	ὁ	l-s---mg-	l-s---mg-	
2504	Σαλαμίνιος	a-p---mg-	σαλαμίνιος	Σαλαμίνιος	n-p---mg-	a-p---mg-	
2505	βασιλεύς	n-s---mg-	βασιλεύς	βασιλεύς	n-s---mg-	n-s---mg-	
2506	πολύς	a-p---fa-	πολύς	πολύς	a-p---fa-	a-p---fa-	
2507	λαμβάνω	v3paia---	λαμβάνω	λαμβάνω	v3paia---	v3paia---	
2508	καί	c--------	καί	καί	c--------	c--------	
2509	μέγας	a-p---fa-	μέγας	μέγας	a-p---fa-	a-p---fa-	
2510	δωρεά	n-p---fa-	δωρεά	δωρεά	n-p---fa-	n-p---fa-	
2511	.	u--------	.	.	u--------	u--------	
2512	καίτοι	g--------	καίτοι	καίτοι	d--------	g--------	
2513	τίς	p-s---cd-	τις	τίς	p-s---md-	p-s---cd-	
2514	πιστός	a-s---nn-	πιστός1	πιστός	a-s---nn-	a-s---nn-	
2515	σύ	p-p---cg-	σύ	σύ	p-p---mg-	p-p---cg-	
2516	εἰμί	v3spia---	εἰμί	εἰμί	v3spia---	v3spia---	
2517	ὡς	c--------	ὡς	ὡς	c--------	c--------	
2518	Νικοκλῆς	n-s---mn-	νικοκλῆς	Νικοκλῆς	n-s---mn-	n-s---mn-	
2519	δίδωμι	v3saia---	δίδωμι	δίδωμι	v3saia---	v3saia---	
2520	ἐγώ	p-s---cd-	ἐγώ	ἐγώ	p-s---md-	p-s---cd-	
2521	οὗτος	p-p---fa-	οὗτος	οὗτος	p-p---fa-	p-p---fa-	
2522	,	u--------	,	,	u--------	u--------	
2523	ἵνα	c--------	ἵνα	ἵνα	c--------	c--------	
2524	δίκη	n-p---fa-	δίκη	δίκη	n-p---fa-	n-p---fa-	
2525	μανθάνω	v3spsa---	μανθάνω	μανθάνω	v3spsa---	v3spsa---	
2526	λέγω	v--pna---	λέγω3	λέγω	v--pna---	v--pna---	
2527	,	u--------	,	,	u--------	u--------	
2528	ὅς	p-s---mn-	ὅς	ὅς	p-s---mn-	p-s---mn-	
2529	καί	c--------	καί	καί	d--------	c--------	
2530	ὁ	l-p---md-	ὁ	ὁ	l-p---md-	l-p---md-	
2531	ἄλλος	p-p---md-	ἄλλος	ἄλλος	p-p---md-	p-p---md-	
2532	περί	r--------	περί	περί	r--------	r--------	
2533	ὁ	l-p---ng-	ὁ	ὁ	l-p---ng-	l-p---ng-	
2534	ἀμφισβητέω	v-pppmng-	ἀμφισβητέω	ἀμφισβητέω	v-pppeng-	v-pppmng-	
2535	ὥσπερ	c--------	ὥσπερ	ὥσπερ	c--------	c--------	
2536	δεσπότης	n-s---mn-	δεσπότης	δεσπότης	n-s---mn-	n-s---mn-	
2537	δικάζω	v3siia---	δικάζω	δικάζω	v3siia---	v3siia---	
2538	;	u--------		;		u--------	glaux_only
2539	ὥστε	c--------	ὥστε	ὥστε	d--------	c--------	
2540	ἐκ	r--------	ἐκ	ἐκ	r--------	r--------	
2541	ὅς	p-p---ng-	ὅς	ὅς	p-p---ng-	p-p---ng-	
2542	αὐτός	p-s---mn-	αὐτός	αὐτός	a-s---mn-	p-s---mn-	
2543	οὗτος	p-s---mn-	οὗτος	οὗτος	p-s---mn-	p-s---mn-	
2544	λέγω	v3sria---	ἐρῶ	λέγω	v3sria---	v3sria---	DISAGREE
2545	,	u--------	,	,	u--------	u--------	
2546	ῥᾴδιος	a-s---nn-	ῥᾴδιος	ῥᾴδιος	a-s---nnc	a-s---nn-	
2547	καταμανθάνω	v--ana---	καταμανθάνω	καταμανθάνω	v--ana---	v--ana---	
2548	ὅτι	c--------	ὅτι	ὅτι	c--------	c--------	
2549	πρόσω	d--------	πρόσω	πρόσω	d--------	d--------	
2550	ὁ	l-p---fg-	ὁ	ὁ	l-p---fg-	l-p---fg-	
2551	πραγματεία	n-p---fg-	πραγματεία	πραγματεία	n-p---fg-	n-p---fg-	
2552	εἰμί	v1spia---	εἰμί	εἰμί	v1spia---	v1spia---	
2553	ὁ	l-p---fg-	ὁ	ὁ	l-p---fg-	l-p---fg-	
2554	περί	r--------	περί	περί	r--------	r--------	
2555	ὁ	l-p---na-	ὁ	ὁ	l-p---na-	l-p---na-	
2556	συμβόλαιον	n-p---na-	συμβόλαιον	συμβόλαιον	n-p---na-	n-p---na-	
2557	γίγνομαι	v-pppmfg-	γίγνομαι	γίγνομαι	v-pppefg-	v-pppmfg-	
2558	.	u--------	.	.	u--------	u--------	
2559	ἀλλά	c--------	ἀλλά	ἀλλά	d--------	c--------	
2560	μήν	g--------	μήν	μήν	d--------	g--------	
2561	καί	d--------	καί		d--------		oga_only
2562	ἐκεῖνος	p-s---nn-	ἐκεῖνος		p-s---nn-		oga_only
2563	πᾶς	p-p---md-	πᾶς	πᾶς	a-p---md-	p-p---md-	
2564	φανερός	a-s---nn-	φανερός	φανερός	a-s---nn-	a-s---nn-	
2565	εἰμί	v3spia---	εἰμί	εἰμί	v3spia---	v3spia---	
2566	ὅτι	c--------	ὅτι	ὅτι	c--------	c--------	
2567	παμπληθής	a-p---mn-	παμπληθής	παμπληθής	a-p---mn-	a-p---mn-	
2568	εἰμί	v3ppia---	εἰμί	εἰμί	v3ppia---	v3ppia---	
2569	ὁ	l-p---mn-	ὁ	ὁ	l-p---mn-	l-p---mn-	
2570	παρασκευάζω	v-pppamn-	παρασκευάζω	παρασκευάζω	v-pppamn-	v-pppamn-	
2571	ὁ	l-p---ma-	ὁ	ὁ	l-p---ma-	l-p---ma-	
2572	λόγος	n-p---ma-	λόγος	λόγος	n-p---ma-	n-p---ma-	
2573	ὁ	l-p---md-	ὁ	ὁ	l-p---md-	l-p---md-	
2574	ἐν	r--------	ἐν	ἐν	r--------	r--------	
2575	ὁ	l-p---nd-	ὁ	ὁ	l-p---nd-	l-p---nd-	
2576	δικαστήριον	n-p---nd-	δικαστήριον	δικαστήριον	n-p---nd-	n-p---nd-	
2577	ἀγωνίζομαι	v-pppmmd-	ἀγωνίζομαι	ἀγωνίζομαι	v-pppemd-	v-pppmmd-	
2578	.	u--------	.	.	u--------	u--------	
2579	οὗτος	p-p---mg-	οὗτος	οὗτος	p-p---ng-	p-p---mg-	
2580	μέν	g--------	μέν	μέν	d--------	g--------	
2581	τοίνυν	g--------	τοίνυν	τοίνυν	d--------	g--------	
2582	τοσοῦτος	p-p---mg-	τοσοῦτος	τοσοῦτος	a-p---ng-	p-p---mg-	
2583	εἰμί	v-pppamg-	εἰμί	εἰμί	v-pppang-	v-pppamg-	
2584	οὐδείς	p-s---mn-	οὐδείς	οὐδείς	p-s---mn-	p-s---mn-	
2585	πώποτε	d--------	πώποτε	πώποτε	d--------	d--------	
2586	φαίνω	v3sfip---	φαίνω	φαίνω	v3sfip---	v3sfip---	
2587	μαθητής	n-p---mg-	μαθητής	μαθητής	n-p---mg-	n-p---mg-	
2588	ἀξιόω	v-srpmmn-	ἀξιόω	ἀξιόω	v-srpemn-	v-srpmmn-	
2589	,	u--------	,	,	u--------	u--------	
2590	ἐγώ	p-s---cn-	ἐγώ	ἐγώ	p1s---mn-	p-s---cn-	
2591	δέ	c--------	δέ	δέ	c--------	c--------	
2592	πολύς	a-p---fac	πλείων	πολύς	a-p---mnc	a-p---fac	DISAGREE
2593	λαμβάνω	v-srpamn-	λαμβάνω	λαμβάνω	v-srpamn-	v-srpamn-	
2594	,	u--------	,	,	u--------	u--------	
2595	ὡς	c--------	ὡς	ὡς	c--------	c--------	
2596	φημί	v3spia---	φημί	φημί	v3spia---	v3spia---	
2597	ὁ	l-s---mn-	ὁ	ὁ	l-s---mn-	l-s---mn-	
2598	κατήγορος	a-s---mn-	κατήγορος	κατήγορος	n-s---mn-	a-s---mn-	
2599	,	u--------	,	,	u--------	u--------	
2600	ἤ	c--------	ἤ1	ἤ	c--------	c--------	
2601	σύμπας	a-p---mn-	σύμπας	σύμπας	a-p---mn-	a-p---mn-	
2602	ὁ	l-p---mn-	ὁ	ὁ	l-p---mn-	l-p---mn-	
2603	περί	r--------	περί	περί	r--------	r--------	
2604	ὁ	l-s---fa-	ὁ	ὁ	l-s---fa-	l-s---fa-	
2605	φιλοσοφία	n-s---fa-	φιλοσοφία	φιλοσοφία	n-s---fa-	n-s---fa-	
2606	διατρίβω	v-pppamn-	διατρίβω	διατρίβω	v-pppamn-	v-pppamn-	
2607	.	u--------	.	.	u--------	u--------	
2608	καίτοι	g--------	καίτοι	καίτοι	d--------	g--------	
2609	πῶς	d--------	πῶς	πῶς	d--------	d--------	
2610	ἔοικα	v-srpann-	ἔοικα	ἔοικα	v-srpann-	v-srpann-	
2611	ὁ	l-p---ma-	ὁ	ὁ	l-p---ma-	l-p---ma-	
2612	τοσοῦτος	p-s---na-	τοσοῦτος	τοσοῦτος	p-s---na-	p-s---na-	
2613	ὁ	l-p---nd-	ὁ	ὁ	l-p---nd-	l-p---nd-	
2614	ἐπιτήδευμα	n-p---nd-	ἐπιτήδευμα	ἐπιτήδευμα	n-p---nd-	n-p---nd-	
2615	ἀλλήλων	p-p---mg-	ἀλλήλων	ἀλλήλων	p-p---mg-	p-p---mg-	
2616	ἀφίστημι	v-prpama-	ἀφεστήξω	ἀφίστημι	v-prpama-	v-prpama-	DISAGREE
2617	περί	r--------	περί	περί	r--------	r--------	
2618	ὁ	l-p---fa-	ὁ	ὁ	l-p---fa-	l-p---fa-	
2619	αὐτός	p-p---fa-	αὐτός	αὐτός	a-p---fa-	p-p---fa-	
2620	πρᾶξις	n-p---fa-	πρᾶξις	πρᾶξις	n-p---fa-	n-p---fa-	
2621	ἡγέομαι	v--pnm---	ἡγέομαι	ἡγέομαι	v--pnm---	v--pnm---	
2622	διατρίβω	v--pna---	διατρίβω	διατρίβω	v--pna---	v--pna---	
2623	;	u--------		;		u--------	glaux_only
2624	ἔχω	v-sppamn-	ἔχω	ἔχω	v-sppamn-	v-sppamn-	
2625	δέ	c--------	δέ	δέ	d--------	c--------	
2626	πολύς	a-p---fa-	πολύς	πολύς	a-p---fa-	a-p---fa-	
2627	λέγω	v--ana---	εἶπον	λέγω	v--ana---	v--ana---	DISAGREE
2628	διαφορά	n-p---fa-	διαφορά	διαφορά	n-p---fa-	n-p---fa-	
2629	περί	r--------	περί	περί	r--------	r--------	
2630	ὁ	l-s---mg-	ὁ	ὁ	l-s---mg-	l-s---mg-	
2631	βίος	n-s---mg-	βίος	βίος	n-s---mg-	n-s---mg-	
2632	ὁ	l-s---mg-	ὁ	ὁ	l-s---mg-	l-s---mg-	
2633	τε	c--------	τε	τε	d--------	c--------	
2634	ἐγώ	p-s---cg-	ἐγώ	ἐγώ	a-s---mg-	p-s---cg-	
2635	καί	c--------	καί	καί	c--------	c--------	
2636	ὁ	l-p---ng-	ὁ	ὁ	l-p---ng-	l-p---ng-	
2637	περί	r--------	περί	περί	r--------	r--------	
2638	ὁ	l-p---fa-	ὁ	ὁ	l-p---fa-	l-p---fa-	
2639	δίκη	n-p---fa-	δίκη	δίκη	n-p---fa-	n-p---fa-	
2640	,	u--------	,	,	u--------	u--------	
2641	ἐκεῖνος	d--------	ἐκεῖνος	ἐκεῖνος	d--------	d--------	
2642	σύ	p-p---ca-	σύ	σύ	p-p---ma-	p-p---ca-	
2643	ἡγέομαι	v1spim---	ἡγέομαι	ἡγέομαι	v1spie---	v1spim---	
2644	ταχύς	a-p---nas	ταχύς	ταχύς	a-p---nas	a-p---nas	
2645	ἄν	g--------	ἄν	ἄν	d--------	g--------	
2646	ἀφίημι	v--anm---	ἀφίημι	ἀφίημι	v--anm---	v--anm---	
2647	ὁ	l-s---fg-	ὁ	ὁ	l-s---fg-	l-s---fg-	
2648	δόξα	n-s---fg-	δόξα	δόξα	n-s---fg-	n-s---fg-	
2649	οὗτος	p-s---fg-	οὗτος	οὗτος	a-s---fg-	p-s---fg-	
2650	,	u--------	,	,	u--------	u--------	
2651	εἰ	c--------	εἰ	εἰ	c--------	c--------	
2652	τις	p-s---cn-	τις	τις	p-s---mn-	p-s---cn-	
2653	σύ	p-p---cd-	σύ	σύ	p-p---md-	p-p---cd-	
2654	ἐπιδείκνυμι	v3saoa---	ἐπιδείκνυμι	ἐπιδείκνυμι	v3saoa---	v3saoa---	
2655	μή	d--------	μή	μή	d--------	d--------	
2656	οὗτος	p-p---ng-	οὗτος	οὗτος	a-p---ng-	p-p---ng-	
2657	ὁ	l-p---ng-	ὁ	ὁ	l-p---ng-	l-p---ng-	
2658	πρᾶγμα	n-p---ng-	πρᾶγμα	πρᾶγμα	n-p---ng-	n-p---ng-	
2659	μαθητής	n-p---ma-	μαθητής	μαθητής	n-p---ma-	n-p---ma-	
2660	ἐγώ	p-s---cg-	ἐγώ	ἐγώ	p1s---mg-	p-s---cg-	
2661	γίγνομαι	v-pppmma-	γίγνομαι	γίγνομαι	v-pppema-	v-pppmma-	
2662	ὅς	p-p---ng-	ὅς	ὅς	p-p---ng-	p-p---ng-	
2663	ὁ	l-s---mn-	ὁ	ὁ	l-s---mn-	l-s---mn-	
2664	κατήγορος	a-s---mn-	κατήγορος	κατήγορος	a-s---mn-	a-s---mn-	
2665	λέγω	v3sria---	ἐρῶ	λέγω	v3sria---	v3sria---	DISAGREE
2666	,	u--------	,	,	u--------	u--------	
2667	μή	d--------	μη	μή	d--------	d--------	
2668	δέ	c--------	δέ		c--------		oga_only
2669	περί	r--------	περί	περί	r--------	r--------	
2670	ὁ	l-p---ma-	ὁ		l-p---ma-		oga_only
2671	λόγος	n-p---ma-	λόγος		n-p---ma-		oga_only
2672	εἰμί	v-sppama-	εἰμί		v-sppama-		oga_only
2673	ἐγώ	p1s---ma-	ἐγώ		p1s---ma-		oga_only
2674	δεινός	a-s---ma-	δεινός		a-s---ma-		oga_only
2675	ὁ	l-p---ma-	ὁ		l-p---ma-		oga_only
2676	περί	r--------	περί		r--------		oga_only
2677	ὁ	l-p---ng-	ὁ		l-p---ng-		oga_only
2678	ἴδιος	a-p---ng-	ἴδιος		a-p---ng-		oga_only
2679	συμβόλαιον	a-p---ng-	συμβόλαιον		a-p---ng-		oga_only
2680	.	u--------	.		u--------		oga_only
2681	οἴομαι	v1spim---	οἴομαι	οἴομαι	v1spie---	v1spim---	
2682	γάρ	g--------	γάρ	γάρ	d--------	g--------	
2683	σύ	p-p---ca-	σύ	σύ	p-p---ma-	p-p---ca-	
2684	,	u--------	,	,	u--------	u--------	
2685	ἐξελέγχω	v-sppmfg-	ἐξελέγχω	ἐξελέγχω	v-sppefg-	v-sppmfg-	
2686	ὁ	l-s---fg-	ὁ	ὁ	l-s---fg-	l-s---fg-	
2687	αἰτία	n-s---fg-	αἰτία	αἰτία	n-s---fg-	n-s---fg-	
2688	ὅς	p-s---fg-	ὅς	ὅς	p-s---fg-	p-s---fg-	
2689	ἔχω	v1siia---	ἔχω	ἔχω	v3piia---	v1siia---	
2690	πρότερος	d-------c	πρότερος	πρότερος	a-s---na-	d-------c	
2691	,	u--------	,	,	u--------	u--------	
2692	ζητέω	v--pna---	ζητέω	ζητέω	v--pna---	v--pna---	
2693	ἕτερος	p-s---fa-	ἕτερος	ἕτερος	a-s---fa-	p-s---fa-	
2694	μεταλαμβάνω	v--ana---	μεταλαμβάνω	μεταλαμβάνω	v--ana---	v--ana---	
2695	διάνοια	n-s---fa-	διάνοια	διάνοια	n-s---fa-	n-s---fa-	
2696	,	u--------	,	,	u--------	u--------	
2697	καί	c--------	καί	καί	c--------	c--------	
2698	ποθέω	v--pna---	ποθέω	ποθέω	v--pna---	v--pna---	
2699	ἀκούω	v--ana---	ἀκούω	ἀκούω	v--ana---	v--ana---	
2700	περί	r--------	περί	περί	r--------	r--------	
2701	ποῖος	p-p---ma-	ποῖος	ποῖος	a-p---ma-	p-p---ma-	
2702	ἄλλος	p-p---ma-	ἄλλος	ἄλλος	a-p---ma-	p-p---ma-	
2703	λόγος	n-p---ma-	λόγος	λόγος	n-p---ma-	n-p---ma-	
2704	γίγνομαι	v-srpmmn-	γίγνομαι	γίγνομαι	v-srpemn-	v-srpmmn-	
2705	τηλικοῦτος	p-s---fa-	τηλικοῦτος	τηλικοῦτος	a-s---fa-	p-s---fa-	
2706	δόξα	n-s---fa-	δόξα	δόξα	n-s---fa-	n-s---fa-	
2707	λαμβάνω	v1saia---	λαμβάνω	λαμβάνω	v1saia---	v1saia---	
2708	.	u--------	.	.	u--------	u--------	
2709	εἰ	c--------	εἰ	εἰ	c--------	c--------	
2710	μέν	g--------	μέν	μέν	d--------	g--------	
2711	οὖν	g--------	οὖν	οὖν	d--------	g--------	
2712	ἐγώ	p-s---cd-	ἐγώ	ἐγώ	p1s---md-	p-s---cd-	
2713	συμφέρω	v3sfia---	συμφέρω	συμφέρω	v3sfia---	v3sfia---	
2714	καταλέγω	v-sapamd-	κατέλέγω	καταλέγω	v-sppamd-	v-sapamd-	DISAGREE
2715	ὁ	l-s---fa-	ὁ	ὁ	l-s---fa-	l-s---fa-	
2716	ἀλήθεια	n-s---fa-	ἀλήθεια	ἀλήθεια	n-s---fa-	n-s---fa-	
2717	,	u--------	,	,	u--------	u--------	
2718	οὐ	d--------	οὐ	οὐ	d--------	d--------	
2719	οἶδα	v1sria---	οἶδα	οἶδα	v1sria---	v1sria---	
2720	·	u--------	·	·	u--------	u--------	
2721	χαλεπός	a-s---nn-	χαλεπός	χαλεπός	a-s---nn-	a-s---nn-	
2722	γάρ	g--------	γάρ	γάρ	d--------	g--------	
2723	στοχάζομαι	v--pnm---	στοχάζομαι	στοχάζομαι	v--pne---	v--pnm---	
2724	ὁ	l-s---fg-	ὁ	ὁ	l-s---fg-	l-s---fg-	
2725	ὑμέτερος	a-s---fg-	ὑμέτερος	ὑμέτερος	a-s---fg-	a-s---fg-	
2726	διάνοια	n-s---fg-	διάνοια	διάνοια	n-s---fg-	n-s---fg-	
2727	·	u--------		·		u--------	glaux_only
2728	οὐ	d--------		οὐ		d--------	glaux_only
2729	μήν	g--------	μήν	μήν	d--------	g--------	
2730	ἀλλά	c--------	ἀλλά	ἀλλά	d--------	c--------	
2731	παρρησιάζομαι	v1sfim---	παρρησιάζομαι	παρρησιάζομαι	v1sfim---	v1sfim---	
2732	γε	g--------	γε	γε	d--------	g--------	
2733	πρός	r--------	πρός	πρός	r--------	r--------	
2734	σύ	p-p---ca-	σύ	σύ	p-p---ma-	p-p---ca-	
2735	.	u--------	.	.	u--------	u--------	
2736	καί	c--------	καί	καί	d--------	c--------	
2737	γάρ	g--------	γάρ	γάρ	d--------	g--------	
2738	ἄν	g--------	ἄν	ἄν	d--------	g--------	
2739	αἰσχύνω	v1saop---	αἰσχύνω	αἰσχύνω	v1saop---	v1saop---	
2740	ὁ	l-p---ma-	ὁ	ὁ	l-p---ma-	l-p---ma-	
2741	πλησιάζω	v-papama-	πλησιάζω	πλησιάζω	v-papama-	v-papama-	
2742	,	u--------	,	,	u--------	u--------	
2743	εἰ	c--------	εἰ	εἰ	c--------	c--------	
2744	πολλάκις	d--------	πολλάκις	πολλάκις	d--------	d--------	
2745	λέγω	v-srpamn-	ἐρῶ	λέγω	v-srpamn-	v-srpamn-	DISAGREE
2746	ὅτι	c--------	ὅτι	ὅτι	c--------	c--------	
2747	δέχομαι	v1saom---	δέχομαι	δέχομαι	v1saom---	v1saom---	
2748	ἄν	g--------	ἄν	ἄν	d--------	g--------	
2749	ἅπας	p-p---ma-	ἅπας	ἅπας	a-p---ma-	p-p---ma-	
2750	οἶδα	v--rna---	οἶδα	οἶδα	v--rna---	v--rna---	
2751	ὁ	l-p---ma-	ὁ	ὁ	l-p---ma-	l-p---ma-	
2752	πολίτης	n-p---ma-	πολίτης	πολίτης	n-p---ma-	n-p---ma-	
2753	καί	c--------	καί	καί	d--------	c--------	
2754	ὁ	l-s---ma-	ὁ	ὁ	l-s---ma-	l-s---ma-	
2755	βίος	n-s---ma-	βίος	βίος	n-s---ma-	n-s---ma-	
2756	ὅς	p-s---ma-	ὅς	ὅς	p-s---ma-	p-s---ma-	
2757	ζάω	v1spia---	ζάω	ζάω	v1spia---	v1spia---	
2758	καί	c--------	καί	καί	c--------	c--------	
2759	ὁ	l-p---ma-	ὁ	ὁ	l-p---ma-	l-p---ma-	
2760	λόγος	n-p---ma-	λόγος	λόγος	n-p---ma-	n-p---ma-	
2761	ὅς	p-p---ma-	ὅς	ὅς	p-p---ma-	p-p---ma-	
2762	λέγω	v1spia---	λέγω3	λέγω	v1spia---	v1spia---	
2763	,	u--------	,	,	u--------	u--------	
2764	νῦν	d--------	νῦν	νῦν	d--------	d--------	
2765	μή	d--------	μή	μή	d--------	d--------	
2766	δηλόω	v1spoa---	δηλόω	δηλόω	v1spoa---	v1spoa---	
2767	σύ	p-p---cd-	σύ	σύ	p-p---md-	p-p---cd-	
2768	αὐτός	p-p---ma-	αὐτός	αὐτός	p-p---ma-	p-p---ma-	
2769	ἀλλά	c--------	ἀλλά	ἀλλά	c--------	c--------	
2770	ἀποκρύπτω	v-sppmmn-	ἀποκρύπτω	ἀποκρύπτω	v-sppemn-	v-sppmmn-	
2771	φαίνω	v1saop---	φαίνω	φαίνω	v1saop---	v1saop---	
2772	.	u--------	.	.	u--------	u--------	
2773	ὡς	c--------	ὡς	ὡς	c--------	c--------	
2774	οὖν	g--------	οὖν	οὖν	d--------	g--------	
2775	ἀκούω	v-pfpmmn-	ἀκούω	ἀκούω	v-pfpmmn-	v-pfpmmn-	
2776	ὁ	l-s---fa-	ὁ	ὁ	l-s---fa-	l-s---fa-	
2777	ἀλήθεια	n-s---fa-	ἀλήθεια	ἀλήθεια	n-s---fa-	n-s---fa-	
2778	,	u--------	,	,	u--------	u--------	
2779	οὕτως	d--------	οὕτως	οὕτως	d--------	d--------	
2780	προσέχω	v2ppma---	προσέχω	προσέχω	v2ppma---	v2ppma---	
2781	ὁ	l-s---ma-	ὁ	ὁ	l-s---ma-	l-s---ma-	
2782	νόος	n-s---ma-	νόος	νόος	n-s---ma-	n-s---ma-	
2783	.	u--------	.	.	u--------	u--------	
2784	πρῶτος	a-s---na-	πρῶτος	πρῶτος	a-s---na-	a-s---na-	
2785	μέν	g--------	μέν	μέν	d--------	g--------	
2786	οὖν	g--------	οὖν	οὖν	d--------	g--------	
2787	ἐκεῖνος	p-s---na-	ἐκεῖνος	ἐκεῖνος	p-s---na-	p-s---na-	
2788	δέω	v3spia---	δεῖ	δέω	v3spia---	v3spia---	DISAGREE
2789	μανθάνω	v--ana---	μανθάνω	μανθάνω	v--ana---	v--ana---	
2790	σύ	p-p---ca-	σύ	σύ	p-p---ma-	p-p---ca-	
2791	,	u--------	,	,	u--------	u--------	
2792	ὅτι	c--------	ὅτι	ὅτι	c--------	c--------	
2793	τρόπος	n-p---mn-	τρόπος	τρόπος	n-p---mn-	n-p---mn-	
2794	ὁ	l-p---mg-	ὁ	ὁ	l-p---mg-	l-p---mg-	
2795	λόγος	n-p---mg-	λόγος	λόγος	n-p---mg-	n-p---mg-	
2796	εἰμί	v3ppia---	εἰμί	εἰμί	v3ppia---	v3ppia---	
2797	οὐ	d--------	οὐ	οὐ	d--------	d--------	
2798	ἐλαχύς	a-p---mnc	ἐλάσσων	ἐλαχύς	a-p---mnc	a-p---mnc	DISAGREE
2799	ἤ	c--------	ἤ1	ἤ	c--------	c--------	
2800	ὁ	l-p---ng-	ὁ	ὁ	l-p---ng-	l-p---ng-	
2801	μετά	r--------	μετά	μετά	r--------	r--------	
2802	μέτρον	n-s---ng-	μέτρον	μέτρον	n-s---na-	n-s---ng-	
2803	ποίημα	n-p---ng-	ποίημα	ποίημα	n-p---ng-	n-p---ng-	
2804	.	u--------	.	.	u--------	u--------	
2805	ὁ	l-p---mn-	ὁ	ὁ	l-p---mn-	l-p---mn-	
2806	μέν	g--------	μέν	μέν	d--------	g--------	
2807	γάρ	g--------	γάρ	γάρ	d--------	g--------	
2808	ὁ	l-p---na-	ὁ	ὁ	l-p---na-	l-p---na-	
2809	γένος	n-p---na-	γένος	γένος	n-p---na-	n-p---na-	
2810	ὁ	l-p---na-	ὁ	ὁ	l-p---na-	l-p---na-	
2811	ὁ	l-p---mg-	ὁ	ὁ	l-p---mg-	l-p---mg-	
2812	ἡμίθεος	n-p---mg-	ἡμίθεος	ἡμίθεος	a-p---mg-	n-p---mg-	
2813	ἀναζητέω	v-pppamn-	ἀναζητέω	ἀναζητέω	v-pppamn-	v-pppamn-	
2814	ὁ	l-s---ma-	ὁ	ὁ	l-s---ma-	l-s---ma-	
2815	βίος	n-s---ma-	βίος	βίος	n-s---ma-	n-s---ma-	
2816	ὁ	l-s---ma-	ὁ	ὁ	l-s---ma-	l-s---ma-	
2817	ἑαυτοῦ	p-p---mg-	ἑαυτοῦ	ἑαυτοῦ	p-p---mg-	p-p---mg-	
2818	κατατρίβω	v3paia---	κατατρίβω	κατατρίβω	v3paia---	v3paia---	
2819	,	u--------	,	,	u--------	u--------	
2820	ὁ	l-p---mn-	ὁ	ὁ	l-p---mn-	l-p---mn-	
2821	δέ	c--------	δέ	δέ	d--------	c--------	
2822	περί	r--------	περί	περί	r--------	r--------	
2823	ὁ	l-p---ma-	ὁ	ὁ	l-p---ma-	l-p---ma-	
2824	ποιητής	n-p---ma-	ποιητής	ποιητής	n-p---ma-	n-p---ma-	
2825	φιλοσοφέω	v3paia---	φιλοσοφέω	φιλοσοφέω	v3paia---	v3paia---	
2826	,	u--------	,	,	u--------	u--------	
2827	ἕτερος	p-p---mn-	ἕτερος	ἕτερος	a-p---mn-	p-p---mn-	
2828	δέ	c--------	δέ	δέ	d--------	c--------	
2829	ὁ	l-p---fa-	ὁ	ὁ	l-p---fa-	l-p---fa-	
2830	πρᾶξις	n-p---fa-	πρᾶξις	πρᾶξις	n-p---fa-	n-p---fa-	
2831	ὁ	l-p---fa-	ὁ	ὁ	l-p---fa-	l-p---fa-	
2832	ἐν	r--------	ἐν	ἐν	r--------	r--------	
2833	ὁ	l-p---md-	ὁ	ὁ	l-p---md-	l-p---md-	
2834	πόλεμος	n-p---md-	πόλεμος	πόλεμος	n-p---md-	n-p---md-	
2835	συνάγω	v--ana---	συνάγω	συνάγω	v--ana---	v--ana---	
2836	βούλομαι	v3paip---	βούλομαι	βούλομαι	v3paip---	v3paip---	
2837	,	u--------	,	,	u--------	u--------	
2838	ἄλλος	p-p---mn-	ἄλλος	ἄλλος	a-p---mn-	p-p---mn-	
2839	δέ	c--------	δέ	δέ	c--------	c--------	
2840	τις	p-p---cn-	τις	τις	p-p---mn-	p-p---cn-	
2841	περί	r--------	περί	περί	r--------	r--------	
2842	ὁ	l-p---fa-	ὁ	ὁ	l-p---fa-	l-p---fa-	
2843	ἐρώτησις	n-p---fa-	ἐρώτησις	ἐρώτησις	n-p---fa-	n-p---fa-	
2844	καί	c--------	καί	καί	c--------	c--------	
2845	ὁ	l-p---fa-	ὁ	ὁ	l-p---fa-	l-p---fa-	
2846	ἀπόκρισις	n-p---fa-	ἀπόκρισις	ἀπόκρισις	n-p---fa-	n-p---fa-	
2847	γίγνομαι	v3pria---	γίγνομαι	γίγνομαι	v3pria---	v3pria---	
2848	,	u--------	,	,	u--------	u--------	
2849	ὅς	p-p---ma-	ὅς	ὅς	p-p---ma-	p-p---ma-	
2850	ἀντιλογικός	a-p---ma-	ἀντιλογικός	ἀντιλογικός	a-p---ma-	a-p---ma-	
2851	καλέω	v3ppia---	καλέω	καλέω	v3ppia---	v3ppia---	
2852	.	u--------	.	.	u--------	u--------	
2853	εἰμί	v3spoa---	εἰμί	εἰμί	v3spoa---	v3spoa---	
2854	δέ	c--------	δέ	δέ	d--------	c--------	
2855	ἄν	g--------	ἄν	ἄν	d--------	g--------	
2856	οὐ	d--------	οὐ	οὐ	d--------	d--------	
2857	μικρός	a-s---nn-	μικρός	μικρός	a-s---nn-	a-s---nn-	
2858	ἔργον	n-s---nn-	ἔργον	ἔργον	n-s---nn-	n-s---nn-	
2859	,	u--------	,	,	u--------	u--------	
2860	εἰ	c--------	εἰ	εἰ	c--------	c--------	
2861	πᾶς	p-p---fa-	πᾶς	πᾶς	a-p---fa-	p-p---fa-	
2862	τις	p-s---cn-	τις	τις	p-s---mn-	p-s---cn-	
2863	ὁ	l-p---fa-	ὁ	ὁ	l-p---fa-	l-p---fa-	
2864	ἰδέα	n-p---fa-	ἰδέα	ἰδέα	n-p---fa-	n-p---fa-	
2865	ὁ	l-p---fa-	ὁ	ὁ	l-p---fa-	l-p---fa-	
2866	ὁ	l-p---mg-	ὁ	ὁ	l-p---mg-	l-p---mg-	
2867	λόγος	n-p---mg-	λόγος	λόγος	n-p---mg-	n-p---mg-	
2868	ἐξαριθμέω	v--pna---	ἐξαριθμέω	ἐξαριθμέω	v--pna---	v--pna---	
2869	ἐπιχειρέω	v3saoa---	ἐπιχειρέω	ἐπιχειρέω	v3saoa---	v3saoa---	
2870	·	u--------	·	·	u--------	u--------	
2871	ὅς	p-s---fg-	ὅς	ὅς	p-s---fg-	p-s---fg-	
2872	δέ	c--------	δέ	δέ	d--------	c--------	
2873	οὖν	g--------	οὖν	οὖν	d--------	g--------	
2874	ἐγώ	p-s---cd-	ἐγώ	ἐγώ	p-s---md-	p-s---cd-	
2875	προσήκω	v3spia---	προσήκω	προσήκω	v3spia---	v3spia---	
2876	,	u--------	,	,	u--------	u--------	
2877	οὗτος	p-s---fg-	οὗτος	οὗτος	p-s---fg-	p-s---fg-	
2878	μιμνῄσκω	v-sappmn-	μιμνήσκω	μιμνῄσκω	v-sappmn-	v-sappmn-	
2879	ἐάω	v1sfia---	ἐάω	ἐάω	v1sfia---	v1sfia---	
2880	ὁ	l-p---fa-	ὁ	ὁ	l-p---fa-	l-p---fa-	
2881	ἄλλος	p-p---fa-	ἄλλος	ἄλλος	p-p---fa-	p-p---fa-	
2882	.	u--------	.	.	u--------	u--------	
2883	εἰμί	v3ppia---	εἰμί	εἰμί	v3ppia---	v3ppia---	
2884	γάρ	g--------	γάρ	γάρ	d--------	g--------	
2885	τις	p-p---cn-	τις	τις	p-p---mn-	p-p---cn-	
2886	ὅς	p-p---mn-	ὅς	ὅς	p-p---mn-	p-p---mn-	
2887	ὁ	l-p---ng-	ὁ	ὁ	l-p---ng-	l-p---ng-	
2888	μέν	g--------	μέν	μέν	d--------	g--------	
2889	προλέγω	v-prpmng-	προερέω	προλέγω	v-prpeng-	v-prpmng-	DISAGREE
2890	οὐ	d--------	οὐ	οὐ	d--------	d--------	
2891	ἄπειρος	d--------	ἄπειρος	ἄπειρος	d--------	d--------	
2892	ἔχω	v3ppia---	ἔχω	ἔχω	v3ppia---	v3ppia---	
2893	,	u--------	,	,	u--------	u--------	
2894	γράφω	v--pna---	γράφω	γράφω	v--pna---	v--pna---	
2895	δέ	c--------	δέ	δέ	c--------	c--------	
2896	προλέγω	v3prim---	προαιρέω	προλέγω	v3prie---	v3prim---	DISAGREE
2897	λόγος	n-p---ma-	λόγος	λόγος	n-p---ma-	n-p---ma-	
2898	οὐ	d--------	οὐ	οὐ	d--------	d--------	
2899	περί	r--------	περί	περί	r--------	r--------	
2900	ὁ	l-p---ng-	ὁ	ὁ	l-p---ng-	l-p---ng-	
2901	ἴδιος	a-p---ng-	ἴδιος	ἴδιος	a-p---ng-	a-p---ng-	
2902	συμβόλαιον	n-p---ng-	συμβόλαιον	συμβόλαιον	n-p---ng-	n-p---ng-	
2903	,	u--------	,	,	u--------	u--------	
2904	ἀλλά	c--------	ἀλλά	ἀλλά	c--------	c--------	
2905	Ἑλληνικός	a-p---ma-	ἑλληνικός	Ἑλληνικός	a-p---ma-	a-p---ma-	
2906	καί	c--------	καί	καί	d--------	c--------	
2907	πολιτικός	a-p---ma-	πολιτικός	πολιτικός	a-p---ma-	a-p---ma-	
2908	καί	c--------	καί	καί	c--------	c--------	
2909	πανηγυρικός	a-p---ma-	πανηγυρικός	πανηγυρικός	a-p---ma-	a-p---ma-	
2910	,	u--------	,	,	u--------	u--------	
2911	ὅς	p-p---ma-	ὅς	ὅς	p-p---ma-	p-p---ma-	
2912	ἅπας	p-p---mn-	ἅπας	ἅπας	a-p---mn-	p-p---mn-	
2913	ἄν	g--------	ἄν	ἄν	d--------	g--------	
2914	φημί	v3paoa---	φημί	φημί	v3paoa---	v3paoa---	
2915	ὅμοιος	a-p---mac	ὅμοιος	ὅμοιος	a-p---mac	a-p---mac	
2916	εἰμί	v--pna---	εἰμί	εἰμί	v--pna---	v--pna---	
2917	ὁ	l-p---md-	ὁ	ὁ	l-p---nd-	l-p---md-	
2918	μετά	r--------	μετά	μετά	r--------	r--------	
2919	μουσική	n-s---fg-	μουσικός	μουσική	n-s---fg-	n-s---fg-	DISAGREE
2920	καί	c--------	καί	καί	c--------	c--------	
2921	ῥυθμός	n-p---mg-	ῥυθμός	ῥυθμός	n-p---mg-	n-p---mg-	
2922	ποιέω	v-prpmmd-	ποιέω	ποιέω	v-prpend-	v-prpmmd-	
2923	ἤ	c--------	ἤ1	ἤ	c--------	c--------	
2924	ὁ	l-p---nd-	ὁ	ὁ	l-p---nd-	l-p---nd-	
2925	ἐν	r--------	ἐν	ἐν	r--------	r--------	
2926	δικαστήριον	n-s---nd-	δικαστήριον	δικαστήριον	n-s---nd-	n-s---nd-	
2927	λέγω	v-pppmnd-	λέγω3	λέγω	v-pppemd-	v-pppmnd-	
2928	.	u--------	.	.	u--------	u--------	
2929	καί	c--------	καί	καί	d--------	c--------	
2930	γάρ	g--------	γάρ	γάρ	d--------	g--------	
2931	ὁ	l-s---fd-	ὁ	ὁ	l-s---fd-	l-s---fd-	
2932	λέξις	n-s---fd-	λέξις	λέξις	n-s---fd-	n-s---fd-	
2933	ποιητικός	a-s---fdc	ποιητικός	ποιητικός	a-s---fdc	a-s---fdc	
2934	καί	c--------	καί	καί	c--------	c--------	
2935	ποικίλος	a-s---fdc	ποικίλος	ποικίλος	a-s---fdc	a-s---fdc	
2936	ὁ	l-p---fa-	ὁ	ὁ	l-p---fa-	l-p---fa-	
2937	πρᾶξις	n-p---fa-	πρᾶξις	πρᾶξις	n-p---fa-	n-p---fa-	
2938	δηλόω	v3ppia---	δηλόω	δηλόω	v3ppia---	v3ppia---	
2939	,	u--------	,	,	u--------	u--------	
2940	καί	c--------	καί	καί	c--------	c--------	
2941	ὁ	l-p---nd-	ὁ	ὁ	l-p---nd-	l-p---nd-	
2942	ἐνθύμημα	n-p---nd-	ἐνθύμημα	ἐνθύμημα	n-p---nd-	n-p---nd-	
2943	ὀγκώδης	a-p---ndc	ὀγκώδης	ὀγκώδης	a-p---ndc	a-p---ndc	
2944	καί	c--------	καί	καί	c--------	c--------	
2945	καινός	a-p---ndc	καινός	καινός	a-p---ndc	a-p---ndc	
2946	χράω	v--pnm---	χράω	χράω	v--pne---	v--pnm---	
2947	ζητέω	v3ppia---	ζητέω	ζητέω	v3ppia---	v3ppia---	
2948	,	u--------	,	,	u--------	u--------	
2949	ἔτι	d--------	ἔτι	ἔτι	d--------	d--------	
2950	δέ	c--------	δέ	δέ	c--------	c--------	
2951	ὁ	l-p---fd-	ὁ	ὁ	l-p---fd-	l-p---fd-	
2952	ἄλλος	p-p---fd-	ἄλλος	ἄλλος	a-p---fd-	p-p---fd-	
2953	ἰδέα	n-p---fd-	ἰδέα	ἰδέα	n-p---fd-	n-p---fd-	
2954	ἐπιφανής	a-p---fdc	ἐπιφανής	ἐπιφανής	a-p---fdc	a-p---fdc	
2955	καί	c--------	καί	καί	c--------	c--------	
2956	πολύς	a-p---fdc	πλείων	πολύς	a-p---ndc	a-p---fdc	DISAGREE
2957	ὅλος	a-s---ma-	ὅλος	ὅλος	a-s---ma-	a-s---ma-	
2958	ὁ	l-s---ma-	ὁ	ὁ	l-s---ma-	l-s---ma-	
2959	λόγος	n-s---ma-	λόγος	λόγος	n-s---ma-	n-s---ma-	
2960	διοικέω	v3ppia---	διοικέω	διοικέω	v3ppia---	v3ppia---	
2961	.	u--------	.	.	u--------	u--------	
2962	ὅς	p-p---mg-	ὅς	ὅς	p-p---mg-	p-p---mg-	
2963	ἅπας	p-p---mn-	ἅπας	ἅπας	a-p---mn-	p-p---mn-	
2964	μέν	g--------	μέν	μέν	d--------	g--------	
2965	ἀκούω	v-pppamn-	ἀκούω	ἀκούω	v-pppamn-	v-pppamn-	
2966	χαίρω	v3ppia---	χαίρω	χαίρω	v3ppia---	v3ppia---	
2967	οὐδείς	p-s---na-	οὐδείς	οὐδείς	p-s---na-	p-s---na-	
2968	ἥσσων	a-s---nac	ἥσσων	ἥσσων	a-s---nac	a-s---nac	
2969	ἤ	c--------	ἤ1	ἤ	c--------	c--------	
2970	ὁ	l-p---mg-	ὁ	ὁ	l-p---ng-	l-p---mg-	
2971	ἐν	r--------	ἐν	ἐν	r--------	r--------	
2972	ὁ	l-p---nd-	ὁ	ὁ	l-p---nd-	l-p---nd-	
2973	μέτρον	n-p---nd-	μέτρον	μέτρον	n-p---nd-	n-p---nd-	
2974	ποιέω	v-prpmmg-	ποιέω	ποιέω	v-prpemg-	v-prpmmg-	
2975	,	u--------	,	,	u--------	u--------	
2976	πολύς	a-p---mn-	πολύς	πολύς	a-p---mn-	a-p---mn-	
2977	δέ	c--------	δέ	δέ	c--------	c--------	
2978	καί	c--------	καί	καί	d--------	c--------	
2979	μαθητής	n-p---mn-	μαθητής	μαθητής	n-p---mn-	n-p---mn-	
2980	γίγνομαι	v--pnm---	γίγνομαι	γίγνομαι	v--pne---	v--pnm---	
2981	βούλομαι	v3ppim---	βούλομαι	βούλομαι	v3ppie---	v3ppim---	
2982	,	u--------	,	,	u--------	u--------	
2983	νομίζω	v-pppamn-	νομίζω	νομίζω	v-pppamn-	v-pppamn-	
2984	ὁ	l-p---ma-	ὁ	ὁ	l-p---ma-	l-p---ma-	
2985	ἐν	r--------	ἐν	ἐν	r--------	r--------	
2986	οὗτος	p-p---nd-	οὗτος	οὗτος	p-p---md-	p-p---nd-	
2987	πρωτεύω	v-pppama-	πρωτεύω	πρωτεύω	v-pppama-	v-pppama-	
2988	πολύς	a-s---na-	πολύς	πολύς	a-s---na-	a-s---na-	
2989	σοφός	a-p---mac	σοφός	σοφός	a-p---mac	a-p---mac	
2990	καί	c--------	καί	καί	d--------	c--------	
2991	ἀγαθός	a-p---mac	βελτίων	ἀγαθός	a-p---mac	a-p---mac	DISAGREE
2992	καί	c--------	καί	καί	c--------	c--------	
2993	μάλα	d-------c	μᾶλλον	μάλα	d-------c	d-------c	DISAGREE
2994	ὠφελέω	v--pna---	ὠφελέω	ὠφελέω	v--pna---	v--pna---	
2995	δύναμαι	v-pppmma-	δύναμαι	δύναμαι	v-pppema-	v-pppmma-	
2996	εἰμί	v--pna---	εἰμί	εἰμί	v--pna---	v--pna---	
2997	ὁ	l-p---mg-	ὁ	ὁ	l-p---mg-	l-p---mg-	
2998	ὁ	l-p---fa-	ὁ	ὁ	l-p---fa-	l-p---fa-	
2999	δίκη	n-p---fa-	δίκη	δίκη	n-p---fa-	n-p---fa-	
3000	εὖ	d--------	εὖ	εὖ	d--------	d--------	
3001	λέγω	v-pppamg-	λέγω3	λέγω	v-pppamg-	v-pppamg-	
3002	.	u--------	.	.	u--------	u--------	
3003	σύνοιδα	v3ppia---	σύνοιδα	σύνοιδα	v3ppia---	v3ppia---	
3004	γάρ	g--------	γάρ	γάρ	d--------	g--------	
3005	ὁ	l-p---md-	ὁ	ὁ	l-p---md-	l-p---md-	
3006	μέν	g--------	μέν	μέν	d--------	g--------	
3007	διά	r--------	διά	διά	r--------	r--------	
3008	πολυπραγμοσύνη	n-s---fa-	πολυπραγμοσύνη	πολυπραγμοσύνη	n-s---fa-	n-s---fa-	
3009	ἤπειρος	n-p---fd-	ἤπειρος	ἤπειρος	a-p---md-	n-p---fd-	
3010	ὁ	l-p---mg-	ὁ	ὁ	l-p---mg-	l-p---mg-	
3011	ἀγών	n-p---mg-	ἀγών	ἀγών	n-p---mg-	n-p---mg-	
3012	γίγνομαι	v-prpmmd-	γίγνομαι	γίγνομαι	v-prpemd-	v-prpmmd-	
3013	,	u--------	,	,	u--------	u--------	
3014	ὁ	l-p---ma-	ὁ	ὁ	l-p---ma-	l-p---ma-	
3015	δέ	c--------	δέ	δέ	d--------	c--------	
3016	ἐκ	r--------	ἐκ	ἐκ	r--------	r--------	
3017	φιλοσοφία	n-s---fg-	φιλοσοφία	φιλοσοφία	n-s---fg-	n-s---fg-	
3018	ἐκεῖνος	p-p---mg-	ἐκεῖνος	ἐκεῖνος	a-p---mg-	p-p---mg-	
3019	ὁ	l-p---mg-	ὁ	ὁ	l-p---mg-	l-p---mg-	
3020	λόγος	n-p---mg-	λόγος	λόγος	n-p---mg-	n-p---mg-	
3021	ὅς	p-p---mg-	ὅς	ὅς	p-p---mg-	p-p---mg-	
3022	ἄρτι	d--------	ἄρτι	ἄρτι	d--------	d--------	
3023	προλέγω	v1saia---	προεῖπον	προλέγω	v3paia---	v1saia---	DISAGREE
3024	ὁ	l-s---fa-	ὁ	ὁ	l-s---fa-	l-s---fa-	
3025	δύναμις	n-s---fa-	δύναμις	δύναμις	n-s---fa-	n-s---fa-	
3026	λαμβάνω	v-prpama-	λαμβάνω	λαμβάνω	v-prpama-	v-prpama-	
3027	,	u--------	,	,	u--------	u--------	
3028	καί	c--------	καί	καί	c--------	c--------	
3029	ὁ	l-p---ma-	ὁ	ὁ	l-p---ma-	l-p---ma-	
3030	μέν	g--------	μέν	μέν	d--------	g--------	
3031	δικανικός	a-p---ma-	δικανικός	δικανικός	a-p---ma-	a-p---ma-	
3032	δοκέω	v-pppama-	δοκέω	δοκέω	v-pppama-	v-pppama-	
3033	εἰμί	v--pna---	εἰμί	εἰμί	v--pna---	v--pna---	
3034	οὗτος	p-s---fa-	οὗτος	οὗτος	a-s---fa-	p-s---fa-	
3035	ὁ	l-s---fa-	ὁ	ὁ	l-s---fa-	l-s---fa-	
3036	ἡμέρα	n-s---fa-	ἡμέρα	ἡμέρα	n-s---fa-	n-s---fa-	
3037	μόνος	a-s---fa-	μόνος	μόνος	a-s---fa-	a-s---fa-	
3038	ἀνεκτός	a-p---ma-	ἀνεκτός	ἀνεκτός	a-p---ma-	a-p---ma-	
3039	εἰμί	v-pppama-	εἰμί	εἰμί	v-pppama-	v-pppama-	
3040	ἐν	r--------	ἐν	ἐν	r--------	r--------	
3041	ὅς	p-s---fd-	ὅς	ὅς	p-s---nd-	p-s---fd-	
3042	περ	d--------	πέρ	περ	d--------	d--------	
3043	ἄν	g--------	ἄν	ἄν	d--------	g--------	
3044	ἀγωνίζομαι	v-pppmmn-	ἀγωνίζομαι	ἀγωνίζομαι	v-pppemn-	v-pppmmn-	
3045	τυγχάνω	v3ppsa---	τυγχάνω	τυγχάνω	v3ppsa---	v3ppsa---	
3046	,	u--------	,	,	u--------	u--------	
3047	ὁ	l-p---ma-	ὁ	ὁ	l-p---ma-	l-p---ma-	
3048	δέ	c--------	δέ	δέ	c--------	c--------	
3049	ἐν	r--------	ἐν	ἐν	r--------	r--------	
3050	ἅπας	p-p---fd-	ἅπας	ἅπας	a-p---fd-	p-p---fd-	
3051	ὁ	l-p---fd-	ὁ	ὁ	l-p---fd-	l-p---fd-	
3052	ὁμιλία	n-p---fd-	ὁμιλία	ὁμιλία	n-p---fd-	n-p---fd-	
3053	καί	c--------	καί	καί	c--------	c--------	
3054	παρά	r--------	παρά	παρά	r--------	r--------	
3055	πᾶς	p-s---ma-	πᾶς	πᾶς	a-s---ma-	p-s---ma-	
3056	ὁ	l-s---ma-	ὁ	ὁ	l-s---ma-	l-s---ma-	
3057	χρόνος	n-s---ma-	χρόνος	χρόνος	n-s---ma-	n-s---ma-	
3058	ἔντιμος	a-p---ma-	ἔντιμος	ἔντιμος	a-p---ma-	a-p---ma-	
3059	εἰμί	v-pppama-	εἰμί	εἰμί	v-pppama-	v-pppama-	
3060	καί	c--------	καί	καί	c--------	c--------	
3061	δόξα	n-s---fg-	δόξα	δόξα	n-s---fg-	n-s---fg-	
3062	ἐπιεικής	a-s---fg-	ἐπιεικής	ἐπιεικής	a-p---ma-	a-s---fg-	
3063	τυγχάνω	v-pppama-	τυγχάνω	τυγχάνω	v-pppama-	v-pppama-	
3064	·	u--------		·		u--------	glaux_only
3065	ἔτι	d--------	ἔτι	ἔτι	d--------	d--------	
3066	δέ	c--------	δέ	δέ	d--------	c--------	
3067	ὁ	l-p---ma-	ὁ	ὁ	l-p---ma-	l-p---ma-	
3068	μέν	g--------	μέν	μέν	d--------	g--------	
3069	,	u--------	,	,	u--------	u--------	
3070	ἐάν	c--------	ἐάν	ἐάν	c--------	c--------	
3071	ὁράω	v3pasp---	ὁράω	ὁράω	v3pasp---	v3pasp---	
3072	δίς	d--------	δίς	δίς	d--------	d--------	
3073	ἤ	c--------	ἤ1	ἤ	c--------	c--------	
3074	τρίς	d--------	τρίς	τρίς	d--------	d--------	
3075	ἐπί	r--------	ἐπί	ἐπί	r--------	r--------	
3076	ὁ	l-p---ng-	ὁ	ὁ	l-p---ng-	l-p---ng-	
3077	δικαστήριον	n-p---ng-	δικαστήριον	δικαστήριον	n-p---ng-	n-p---ng-	
3078	,	u--------	,	,	u--------	u--------	
3079	μισέω	v-pppmma-	μισέω	μισέω	v-pppema-	v-pppmma-	
3080	καί	c--------	καί	καί	c--------	c--------	
3081	διαβάλλω	v-pppmma-	διαβάλλω	διαβάλλω	v-pppema-	v-pppmma-	
3082	,	u--------	,	,	u--------	u--------	
3083	ὁ	l-p---ma-	ὁ	ὁ	l-p---ma-	l-p---ma-	
3084	δέ	c--------	δέ	δέ	c--------	c--------	
3085	ὅσος	p-s---nd-	ὅσος	ὅσος	a-s---nd-	p-s---nd-	
3086	περ	d--------	πέρ	περ	d--------	d--------	
3087	ἄν	g--------	ἄν	ἄν	d--------	g--------	
3088	πολύς	a-p---ndc	πλείων	πολύς	a-p---ndc	a-p---ndc	DISAGREE
3089	καί	c--------	καί	καί	c--------	c--------	
3090	πλεονάκις	d--------	πλεονάκις	πλεονάκις	d--------	d--------	
3091	συγγίγνομαι	v3ppsm---	συγγίγνομαι	συγγίγνομαι	v3ppse---	v3ppsm---	
3092	,	u--------	,	,	u--------	u--------	
3093	τοσοῦτος	p-s---nd-	τοσοῦτος	τοσοῦτος	p-s---nd-	p-s---nd-	
3094	μάλα	d-------c	μᾶλλον	μάλα	d--------	d-------c	DISAGREE
3095	θαυμάζω	v-pppmma-	θαυμάζω	θαυμάζω	v-pppema-	v-pppmma-	
3096	·	u--------		·		u--------	glaux_only
3097	πρός	r--------	πρός	πρός	r--------	r--------	
3098	δέ	c--------	δέ	δέ	d--------	c--------	
3099	οὗτος	p-p---nd-	οὗτος	οὗτος	p-p---nd-	p-p---nd-	
3100	ὁ	l-p---ma-	ὁ	ὁ	l-p---ma-	l-p---ma-	
3101	μέν	g--------	μέν	μέν	d--------	g--------	
3102	περί	r--------	περί	περί	r--------	r--------	
3103	ὁ	l-p---fa-	ὁ	ὁ	l-p---fa-	l-p---fa-	
3104	δίκη	n-p---fa-	δίκη	δίκη	n-p---fa-	n-p---fa-	
3105	δεινός	a-p---ma-	δεινός	δεινός	a-p---ma-	a-p---ma-	
3106	πρόσω	d--------	πρόσω	πρόσω	d--------	d--------	
3107	ὁ	l-p---mg-	ὁ	ὁ	l-p---mg-	l-p---mg-	
3108	λόγος	n-p---mg-	λόγος	λόγος	n-p---mg-	n-p---mg-	
3109	ἐκεῖνος	p-p---mg-	ἐκεῖνος	ἐκεῖνος	a-p---mg-	p-p---mg-	
3110	εἰμί	v-pppama-	εἰμί	εἰμί	v-pppama-	v-pppama-	
3111	,	u--------	,	,	u--------	u--------	
3112	ὁ	l-p---ma-	ὁ	ὁ	l-p---ma-	l-p---ma-	
3113	δέ	c--------	δέ	δέ	c--------	c--------	
3114	εἰ	c--------	εἰ	εἰ	c--------	c--------	
3115	βούλομαι	v3paop---	βούλομαι	βούλομαι	v3paop---	v3paop---	
3116	ταχύς	d--------	ταχύς	ταχύς	d--------	d--------	
3117	ἄν	g--------	ἄν	ἄν	d--------	g--------	
3118	αἱρέω	v--ana---	αἱρέω	αἱρέω	v--ana---	v--ana---	
3119	καί	c--------	καί	καί	d--------	c--------	
3120	οὗτος	p-p---ma-	οὗτος	οὗτος	l-p---ma-	p-p---ma-	
3121	δύναμαι	v-pappma-	δύναμαι	δύναμαι	v-pappma-	v-pappma-	
3122	.	u--------	.	.	u--------	u--------	
3123	οὗτος	p-p---na-	οὗτος	οὗτος	p-p---na-	p-p---na-	
3124	λογίζομαι	v-pppmmn-	λογίζομαι	λογίζομαι	v-pppemn-	v-pppmmn-	
3125	καί	c--------	καί	καί	c--------	c--------	
3126	πολύς	a-s---na-	πολύς	πολύς	a-s---na-	a-s---na-	
3127	κρατύς	a-s---fac	κρείσσων	κρατύς	a-s---fac	a-s---fac	DISAGREE
3128	νομίζω	v-pppamn-	νομίζω	νομίζω	v-pppamn-	v-pppamn-	
3129	εἰμί	v--pna---	εἰμί	εἰμί	v--pna---	v--pna---	
3130	ὁ	l-s---fa-	ὁ	ὁ	l-s---fa-	l-s---fa-	
3131	αἵρεσις	n-s---fa-	αἵρεσις	αἵρεσις	n-s---fa-	n-s---fa-	
3132	,	u--------	,	,	u--------	u--------	
3133	βούλομαι	v3ppim---	βούλομαι	βούλομαι	v3ppie---	v3ppim---	
3134	μετέχω	v--ana---	μετέχω	μετέχω	v--ana---	v--ana---	
3135	ὁ	l-s---fg-	ὁ	ὁ	l-s---fg-	l-s---fg-	
3136	παιδεία	n-s---fg-	παιδεία	παιδεία	n-s---fg-	n-s---fg-	
3137	οὗτος	p-s---fg-	οὗτος	οὗτος	a-s---fg-	p-s---fg-	
3138	,	u--------	,	,	u--------	u--------	
3139	ὅς	p-s---fg-	ὅς	ὅς	p-s---fg-	p-s---fg-	
3140							unmatched
3141	ἄν	g--------	ἄν	ἄν	d--------	g--------	
3142	ἐγώ	p-s---cn-	ἐγώ	ἐγώ	p1s---mn-	p-s---cn-	
3143	φαίνω	v1saop---	φαίνω	φαίνω	v1saop---	v1saop---	
3144	ἀπελαύνω	v-srpmmn-	ἀπελαύνω	ἀπελαύνω	v-srpemn-	v-srpmmn-	
3145	,	u--------	,	,	u--------	u--------	
3146	ἀλλά	c--------	ἀλλά	ἀλλά	c--------	c--------	
3147	πολύς	a-s---nd-	πολύς	πολύς	a-s---nd-	a-s---nd-	
3148	χαρίεις	a-s---fac	χαρίεις	χαρίεις	a-s---fac	a-s---fac	
3149	δόξα	n-s---fa-	δόξα	δόξα	n-s---fa-	n-s---fa-	
3150	λαμβάνω	v-srpamn-	λαμβάνω	λαμβάνω	v-srpamn-	v-srpamn-	
3151	.	u--------	.	.	u--------	u--------	
3152	περί	r--------	περί	περί	r--------	r--------	
3153	μέν	g--------	μέν	μέν	d--------	g--------	
3154	οὖν	g--------	οὖν	οὖν	d--------	g--------	
3155	ὁ	l-s---fg-	ὁ	ὁ	l-s---fg-	l-s---fg-	
3156	ἐμός	a-s---fg-	ἐμός	ἐμός	a-s---fg-	a-s---fg-	
3157	εἰ	c--------	εἰ	εἰ	c--------	c--------	
3158	τε	c--------	τε		c--------		oga_only
3159	βούλομαι	v2ppie---	βούλομαι		v2ppie---		oga_only
3160	καλέω	v--pna---	καλέω		v--pna---		oga_only
3161	δύναμις	n-s---fg-	δύναμις		n-s---fg-		oga_only
3162	εἰ	c--------	εἰ		c--------		oga_only
3163	τε	c--------	τε		c--------		oga_only
3164	φιλοσοφία	n-s---fg-	φιλοσοφία		n-s---fg-		oga_only
3165	εἰ	c--------	εἰ		c--------		oga_only
3166	τε	c--------	τε		c--------		oga_only
3167	διατριβή	n-s---fg-	διατριβή		n-s---fg-		oga_only
3168	,	u--------	,		u--------		oga_only
3169	ἀκούω	v2pria---	ἀκούω		v2pria---		oga_only
3170	πᾶς	a-s---fa-	πᾶς		a-s---fa-		oga_only
3171	ὁ	l-s---fa-	ὁ		l-s---fa-		oga_only
3172	ἀλήθεια	n-s---fa-	ἀλήθεια		n-s---fa-		oga_only
3173	.	u--------	.		u--------		oga_only
3174	βούλομαι	v1spim---	βούλομαι	βούλομαι	v1spie---	v1spim---	
3175	δέ	c--------	δέ	δέ	d--------	c--------	
3176	περί	r--------	περί	περί	r--------	r--------	
3177	ἐμαυτοῦ	p-s---mg-	ἐμαυτοῦ	ἐμαυτοῦ	p-s---mg-	p-s---mg-	
3178	καί	c--------	καί	καί	d--------	c--------	
3179	νόμος	n-s---ma-	νόμος	νόμος	n-s---ma-	n-s---ma-	
3180	τίθημι	v--ana---	τίθημι	τίθημι	v--ana---	v--ana---	
3181	χαλεπός	a-s---mac	χαλεπός	χαλεπός	a-s---mac	a-s---mac	
3182	ἤ	c--------	ἤ1	ἤ	c--------	c--------	
3183	περί	r--------	περί	περί	r--------	r--------	
3184	ὁ	l-p---mg-	ὁ	ὁ	l-p---mg-	l-p---mg-	
3185	ἄλλος	p-p---mg-	ἄλλος	ἄλλος	p-p---mg-	p-p---mg-	
3186	,	u--------	,	,	u--------	u--------	
3187	καί	c--------	καί	καί	c--------	c--------	
3188	λόγος	n-s---ma-	λόγος	λόγος	n-s---ma-	n-s---ma-	
3189	λέγω	v--ana---	εἶπον	λέγω	v--ana---	v--ana---	DISAGREE
3190	θρασύς	a-s---mac	θρασύς	θρασύς	a-s---mac	a-s---mac	
3191	ἤ	c--------	ἤ1	ἤ	c--------	c--------	
3192	κατά	r--------	κατά	κατά	r--------	r--------	
3193	ὁ	l-s---fa-	ὁ	ὁ	l-s---fa-	l-s---fa-	
3194	ἐμός	a-s---fa-	ἐμός	ἐμός	a-s---fa-	a-s---fa-	
3195	ἡλικία	n-s---fa-	ἡλικία	ἡλικία	n-s---fa-	n-s---fa-	
3196	.	u--------	.	.	u--------	u--------	
3197	ἀξιόω	v1spia---	ἀξιόω	ἀξιόω	v1spia---	v1spia---	
3198	γάρ	g--------	γάρ	γάρ	d--------	g--------	
3199	οὐ	d--------	οὐ	οὐ	d--------	d--------	
3200	μόνος	d--------	μόνος	μόνος	d--------	d--------	
3201	,	u--------	,	,	u--------	u--------	
3202	εἰ	c--------	εἰ	εἰ	c--------	c--------	
3203	βλαβερός	a-p---md-	βλαβερός	βλαβερός	a-p---md-	a-p---md-	
3204	χράω	v1spim---	χράω	χράω	v1spie---	v1spim---	
3205	ὁ	l-p---md-	ὁ	ὁ	l-p---md-	l-p---md-	
3206	λόγος	n-p---md-	λόγος	λόγος	n-p---md-	n-p---md-	
3207	,	u--------	,	,	u--------	u--------	
3208	μηδείς	p-s---fg-	μηδείς	μηδείς	a-s---fg-	p-s---fg-	
3209	συγγνώμη	n-s---fg-	συγγνώμη	συγγνώμη	n-s---fg-	n-s---fg-	
3210	τυγχάνω	v--pna---	τυγχάνω	τυγχάνω	v--pna---	v--pna---	
3211	παρά	r--------	παρά	παρά	r--------	r--------	
3212	σύ	p-p---cg-	σύ	σύ	p-p---mg-	p-p---cg-	
3213	,	u--------	,	,	u--------	u--------	
3214	ἀλλά	c--------	ἀλλά	ἀλλά	c--------	c--------	
3215	εἰ	c--------	εἰ	εἰ	c--------	c--------	
3216	μή	d--------	μή	μή	d--------	d--------	
3217	τοιοῦτος	p-p---md-	τοιοῦτος	τοιοῦτος	p-p---md-	p-p---md-	
3218	,	u--------	,	,	u--------	u--------	
3219	οἷος	p-p---md-	οἷος	οἷος	a-p---md-	p-p---md-	
3220	οὐδείς	p-s---mn-	οὐδείς	οὐδείς	p-s---mn-	p-s---mn-	
3221	ἄλλος	p-s---mn-	ἄλλος	ἄλλος	a-s---mn-	p-s---mn-	
3222	,	u--------	,	,	u--------	u--------	
3223	ὁ	l-s---fa-	ὁ	ὁ	l-s---fa-	l-s---fa-	
3224	μέγας	a-s---fas	μέγας	μέγας	a-s---fas	a-s---fas	
3225	ὑπέχω	v--ana---	ὑπέχω	ὑπέχω	v--ana---	v--ana---	
3226	τιμωρία	n-s---fa-	τιμωρία	τιμωρία	n-s---fa-	n-s---fa-	
3227	.	u--------	.	.	u--------	u--------	
3228	οὐ	d--------	οὐ	οὐ	d--------	d--------	
3229	οὕτως	d--------	οὕτως	οὕτως	d--------	d--------	
3230	δέ	c--------	δέ	δέ	d--------	c--------	
3231	ἄν	g--------	ἄν	ἄν	d--------	g--------	
3232	τολμηρός	a-s---fa-	τολμηρός	τολμηρός	a-s---fa-	a-s---fa-	
3233	ποιέω	v1saim---	ποιέω	ποιέω	v1saim---	v1saim---	
3234	ὁ	l-s---fa-	ὁ	ὁ	l-s---fa-	l-s---fa-	
3235	ὑπόσχεσις	n-s---fa-	ὑπόσχεσις	ὑπόσχεσις	n-s---fa-	n-s---fa-	
3236	,	u--------	,	,	u--------	u--------	
3237	εἰ	c--------	εἰ	εἰ	c--------	c--------	
3238	μή	d--------	μή	μή	d--------	d--------	
3239	καί	c--------	καί	καί	d--------	c--------	
3240	δείκνυμι	v--fna---	δείκνυμι	δείκνυμι	v--fna---	v--fna---	
3241	μέλλω	v1siia---	μέλλω	μέλλω	v1siia---	v1siia---	
3242	σύ	p-p---cd-	σύ	σύ	p-p---md-	p-p---cd-	
3243	καί	c--------	καί	καί	c--------	c--------	
3244	ῥᾴδιος	a-s---fa-	ῥᾴδιος	ῥᾴδιος	a-s---fa-	a-s---fa-	
3245	ποιέω	v--fna---	ποιέω	ποιέω	v--fna---	v--fna---	
3246	ὁ	l-s---fa-	ὁ	ὁ	l-s---fa-	l-s---fa-	
3247	διάγνωσις	n-s---fa-	διάγνωσις	διάγνωσις	n-s---fa-	n-s---fa-	
3248	αὐτός	p-p---mg-	αὐτός	αὐτός	p-p---mg-	p-p---mg-	
3249	.	u--------	.	.	u--------	u--------	
3250	ἔχω	v3spia---	ἔχω	ἔχω	v3spia---	v3spia---	
3251	γάρ	g--------	γάρ	γάρ	d--------	g--------	
3252	οὕτως	d--------	οὕτως	οὕτως	d--------	d--------	
3253	·	u--------	·	·	u--------	u--------	
3254	ἐγώ	p-s---cn-	ἐγώ	ἐγώ	p1s---mn-	p-s---cn-	
3255	καλός	a-s---fas	καλός	καλός	a-s---fas	a-s---fas	
3256	ἡγέομαι	v1spim---	ἡγέομαι	ἡγέομαι	v1spim---	v1spim---	
3257	καί	c--------	καί	καί	c--------	c--------	
3258	δίκαιος	a-s---fas	δίκαιος	δίκαιος	a-s---fas	a-s---fas	
3259	εἰμί	v--pna---	εἰμί	εἰμί	v--pna---	v--pna---	
3260	ὁ	l-s---fa-	ὁ	ὁ	l-s---fa-	l-s---fa-	
3261	τοιοῦτος	p-s---fa-	τοιοῦτος	τοιοῦτος	a-s---fa-	p-s---fa-	
3262	ἀπολογία	n-s---fa-	ἀπολογία	ἀπολογία	n-s---fa-	n-s---fa-	
3263	,	u--------	,	,	u--------	u--------	
3264	ὅστις	p-s---fn-	ὅστις	ὅστις	p-s---fn-	p-s---fn-	
3265	οἶδα	v--rna---	οἶδα	οἶδα	v--rna---	v--rna---	
3266	ποιέω	v3spia---	ποιέω	ποιέω	v3spia---	v3spia---	
3267	ὁ	l-p---ma-	ὁ	ὁ	l-p---ma-	l-p---ma-	
3268	δικάζω	v-pppama-	δικάζω	δικάζω	v-pppama-	v-pppama-	
3269	ὡς	c--------	ὡς	ὡς	c--------	c--------	
3270	δυνατός	a-s---nn-	δυνατός	δυνατός	a-s---nn-	a-s---nn-	
3271	μάλα	d-------s	μάλιστα	μάλα	d--------	d-------s	DISAGREE
3272	,	u--------	,	,	u--------	u--------	
3273	περί	r--------	περί	περί	r--------	r--------	
3274	ὅς	p-p---ng-	ὅς	ὅς	p-p---ng-	p-p---ng-	
3275	ὁ	l-s---fa-	ὁ	ὁ	l-s---fa-	l-s---fa-	
3276	ψῆφος	n-s---fa-	ψῆφος	ψῆφος	n-s---fa-	n-s---fa-	
3277	φέρω	v3pfia---	φέρω	φέρω	v3pfia---	v3pfia---	
3278	,	u--------	,	,	u--------	u--------	
3279	καί	c--------	καί	καί	c--------	c--------	
3280	μή	d--------	μή	μή	d--------	d--------	
3281	πλανάω	v--pnm---	πλανάω	πλανάω	v--pne---	v--pnm---	
3282	ὁ	l-s---fd-	ὁ	ὁ	l-s---fd-	l-s---fd-	
3283	διάνοια	n-s---fd-	διάνοια	διάνοια	n-s---fd-	n-s---fd-	
3284							unmatched
3285	ἀμφιγνοέω	v--pna---	ἀμφιγνοέω	ἀμφιγνοέω	v--pna---	v--pna---	
3286	ὁ	l-p---ma-	ὁ	ὁ	l-p---ma-	l-p---ma-	
3287	ὁ	l-p---na-	ὁ		l-p---na-		oga_only
3288	ἀληθής	a-p---na-	ἀληθής		a-p---na-		oga_only
3289	λέγω	v-pppama-	λέγω3	λέγω	v-pppama-	v-pppama-	
3290	.	u--------	.	.	u--------	u--------	
3291	εἰ	c--------	εἰ	εἰ	c--------	c--------	
3292	μέν	g--------	μέν	μέν	d--------	g--------	
3293	τοίνυν	g--------	τοίνυν	τοίνυν	d--------	g--------	
3294	ἀγωνίζομαι	v1siim---	ἀγωνίζομαι	ἀγωνίζομαι	v1siie---	v1siim---	
3295	ὡς	c--------	ὡς	ὡς	d--------	c--------	
3296	περί	r--------	περί	περί	r--------	r--------	
3297	πρᾶξις	n-p---fa-	πρᾶξις	πρᾶξις	n-p---fa-	n-p---fa-	
3298	τις	p-p---ca-	τις	τις	a-p---fa-	p-p---ca-	
3299	ἁμαρτάνω	v-srpamn-	ἁμαρτάνω	ἁμαρτάνω	v-srpamn-	v-srpamn-	
3300	,	u--------	,	,	u--------	u--------	
3301	οὐ	d--------	οὐ	οὐ	d--------	d--------	
3302	ἄν	g--------	ἄν	ἄν	d--------	g--------	
3303	οἷος	p-s---mn-	οἷος	οἷος	a-s---mn-	p-s---mn-	
3304	τε	g--------	τε	τε	d--------	g--------	
3305	εἰμί	v3siia---	εἰμί	εἰμί	v3siia---	v3siia---	
3306	ὁράω	v--ana---	εἶδον	ὁράω	v--ana---	v--ana---	DISAGREE
3307	σύ	p-p---cd-	σύ	σύ	p-p---md-	p-p---cd-	
3308	αὐτός	p-p---fa-	αὐτός	αὐτός	p-p---fa-	p-p---fa-	
3309	παρέχω	v--ana---	παρέχω	παρέχω	v--ana---	v--ana---	
3310	,	u--------	,	,	u--------	u--------	
3311	ἀλλά	c--------	ἀλλά	ἀλλά	c--------	c--------	
3312	ἀναγκαῖος	d--------	ἀναγκαῖος	ἀναγκαῖος	d--------	d--------	
3313	ἔχω	v3siia---	ἔχω	ἔχω	v3siia---	v3siia---	
3314	εἰκάζω	v-pppama-	εἰκάζω	εἰκάζω	v-pppama-	v-pppama-	
3315	σύ	p-p---ca-	σύ	σύ	p-p---ma-	p-p---ca-	
3316	ἐκ	r--------	ἐκ	ἐκ	r--------	r--------	
3317	ὁ	l-p---ng-	ὁ	ὁ	l-p---ng-	l-p---ng-	
3318	λέγω	v-prpmng-	ἐρῶ	λέγω	v-prpeng-	v-prpmng-	DISAGREE
3319	διαγιγνώσκω	v--pna---	διαγιγνώσκω	διαγιγνώσκω	v--pna---	v--pna---	
3320	ὅπως	c--------	ὅπως	ὅπως	c--------	c--------	
3321	τυγχάνω	v2paia---	τυγχάνω	τυγχάνω	v2piia---	v2paia---	
3322	περί	r--------	περί	περί	r--------	r--------	
3323	ὁ	l-p---ng-	ὁ	ὁ	l-p---ng-	l-p---ng-	
3324	πράσσω	v-prpmng-	πράσσω	πράσσω	v-prpeng-	v-prpmng-	
3325	·	u--------	·	·	u--------	u--------	
3326	ἐπειδή	c--------	ἐπεί	ἐπειδή	c--------	c--------	DISAGREE
3327	δέ	c--------	δέ	δέ	d--------	c--------	
3328	περί	r--------	περί	περί	r--------	r--------	
3329	ὁ	l-p---ma-	ὁ	ὁ	l-p---ma-	l-p---ma-	
3330	λόγος	n-p---ma-	λόγος	λόγος	n-p---ma-	n-p---ma-	
3331	ἔχω	v1spia---	ἔχω	ἔχω	v1spia---	v1spia---	
3332	ὁ	l-s---fa-	ὁ	ὁ	l-s---fa-	l-s---fa-	
3333	αἰτία	n-s---fa-	αἰτία	αἰτία	n-s---fa-	n-s---fa-	
3334	,	u--------	,	,	u--------	u--------	
3335	οἴομαι	v1spim---	οἴομαι	οἴομαι	v1spie---	v1spim---	
3336	μάλα	d-------c	μᾶλλον	μάλα	d--------	d-------c	DISAGREE
3337	σύ	p-p---cd-	σύ	σύ	p-p---md-	p-p---cd-	
3338	ἐμφανίζω	v--fna---	ἐμφανίζω	ἐμφανίζω	v--fna---	v--fna---	
3339	ὁ	l-s---fa-	ὁ	ὁ	l-s---fa-	l-s---fa-	
3340	ἀλήθεια	n-s---fa-	ἀλήθεια	ἀλήθεια	n-s---fa-	n-s---fa-	
3341	.	u--------	.	.	u--------	u--------	
3342	αὐτός	p-p---ma-	αὐτός	αὐτός	a-p---ma-	p-p---ma-	
3343	γάρ	g--------	γάρ	γάρ	d--------	g--------	
3344	σύ	p-p---cd-	σύ	σύ	p-p---md-	p-p---cd-	
3345	δείκνυμι	v1sfia---	δείκνυμι	δείκνυμι	v1sfia---	v1sfia---	
3346	ὁ	l-p---ma-	ὁ	ὁ	l-p---ma-	l-p---ma-	
3347	λέγω	v-prpmma-	ἐρῶ	λέγω	v-prpema-	v-prpmma-	DISAGREE
3348	ὑπό	r--------	ὑπό	ὑπό	r--------	r--------	
3349	ἐγώ	p-s---cg-	ἐγώ	ἐγώ	p1s---mg-	p-s---cg-	
3350	καί	c--------	καί	καί	c--------	c--------	
3351	γράφω	v-prpmma-	γράφω	γράφω	v-prpema-	v-prpmma-	
3352	,	u--------	,	,	u--------	u--------	
3353	ὥστε	c--------	ὥστε	ὥστε	c--------	c--------	
3354	οὐ	d--------	οὐ	οὐ	d--------	d--------	
3355	δοξάζω	v-papamn-	δοξάζω	δοξάζω	v-papamn-	v-papamn-	
3356	ἀλλά	c--------	ἀλλά	ἀλλά	c--------	c--------	
3357	σαφής	d--------	σαφής	σαφής	d--------	d--------	
3358	οἶδα	v-prpamn-	οἶδα	οἶδα	v-prpamn-	v-prpamn-	
3359	ὁποῖος	p-p---mn-	ὁποῖος	ὁποῖος	a-p---mn-	p-p---mn-	
3360	τις	p-p---cn-	τις	τις	p-p---mn-	p-p---cn-	
3361	εἰμί	v3ppia---	εἰμί	εἰμί	v3ppia---	v3ppia---	
3362	ὁ	l-s---fa-	ὁ	ὁ	l-s---fa-	l-s---fa-	
3363	ψῆφος	n-s---fa-	ψῆφος	ψῆφος	n-s---fa-	n-s---fa-	
3364	φέρω	v2pfia---	φέρω	φέρω	v2pasa---	v2pfia---	
3365	περί	r--------	περί	περί	r--------	r--------	
3366	αὐτός	p-p---mg-	αὐτός	αὐτός	p-p---mg-	p-p---mg-	
3367	.	u--------	.	.	u--------	u--------	
3368	ἅπας	p-p---ma-	ἅπας	ἅπας	a-p---ma-	p-p---ma-	
3369	μέν	g--------	μέν	μέν	d--------	g--------	
3370	οὖν	g--------	οὖν	οὖν	d--------	g--------	
3371	διά	r--------	διά	διά	r--------	r--------	
3372	τέλος	n-s---ng-	τέλος	τέλος	n-s---ng-	n-s---ng-	
3373	λέγω	v--ana---	εἶπον	λέγω	v--ana---	v--ana---	DISAGREE
3374	οὐ	d--------	οὐ	οὐ	d--------	d--------	
3375	ἄν	g--------	ἄν	ἄν	d--------	g--------	
3376	δύναμαι	v1spom---	δύναμαι	δύναμαι	v1spoe---	v1spom---	
3377	·	u--------	·	·	u--------	u--------	
3378	ὁ	l-s---mn-	ὁ	ὁ	l-s---mn-	l-s---mn-	
3379	γάρ	g--------	γάρ	γάρ	d--------	g--------	
3380	χρόνος	n-s---mn-	χρόνος	χρόνος	n-s---mn-	n-s---mn-	
3381	ὁ	l-s---mn-	ὁ	ὁ	l-s---mn-	l-s---mn-	
3382	δίδωμι	v-srpmmn-	δίδωμι	δίδωμι	v-sppemn-	v-srpmmn-	
3383	ἐγώ	p-p---cd-	ἐγώ	ἐγώ	p1p---md-	p-p---cd-	
3384	ὀλίγος	a-s---mn-	ὀλίγος	ὀλίγος	a-s---mn-	a-s---mn-	
3385	εἰμί	v3spia---	εἰμί	εἰμί	v3spia---	v3spia---	
3386	·	u--------	·	·	u--------	u--------	
3387	ὥσπερ	c--------	ὥσπερ	ὥσπερ	c--------	c--------	
3388	δέ	c--------	δέ	δέ	d--------	c--------	
3389	ὁ	l-p---mg-	ὁ	ὁ	l-p---mg-	l-p---mg-	
3390	καρπός	n-p---mg-	καρπός1	καρπός	n-p---mg-	n-p---mg-	
3391	,	u--------	,	,	u--------	u--------	
3392	ἐκφέρω	v--ana---	ἐκφέρω	ἐκφέρω	v--ana---	v--ana---	
3393	ἕκαστος	p-s---mg-	ἕκαστος	ἕκαστος	a-s---ng-	p-s---mg-	
3394	δεῖγμα	n-s---na-	δεῖγμα	δεῖγμα	n-s---na-	n-s---na-	
3395	πειράω	v1sfim---	πειράω	πειράω	v1sfim---	v1sfim---	
3396	.	u--------	.	.	u--------	u--------	
3397	μικρός	a-s---na-	μικρός	μικρός	a-s---na-	a-s---na-	
3398	γάρ	g--------	γάρ	γάρ	d--------	g--------	
3399	μέρος	n-s---na-	μέρος	μέρος	n-s---na-	n-s---na-	
3400	ἀκούω	v-papamn-	ἀκούω	ἀκούω	v-papamn-	v-papamn-	
3401	ῥᾴδιος	d--------	ῥᾴδιος	ῥᾴδιος	d--------	d--------	
3402	ὁ	l-s---na-	ὁ	ὁ	l-s---na-	l-s---na-	
3403	τε	c--------	τε	τε	d--------	c--------	
3404	ἐμός	a-s---na-	ἐμός	ἐμός	a-s---na-	a-s---na-	
3405	ἦθος	n-s---na-	ἦθος	ἦθος	n-s---na-	n-s---na-	
3406	γνωρίζω	v2pfia---	γνωρίζω	γνωρίζω	v2pfia---	v2pfia---	
3407	καί	c--------	καί	καί	c--------	c--------	
3408	ὁ	l-p---mg-	ὁ	ὁ	l-p---mg-	l-p---mg-	
3409	λόγος	n-p---mg-	λόγος	λόγος	n-p---mg-	n-p---mg-	
3410	ὁ	l-s---fa-	ὁ	ὁ	l-s---fa-	l-s---fa-	
3411	δύναμις	n-s---fa-	δύναμις	δύναμις	n-s---fa-	n-s---fa-	
3412	ἅπας	p-p---mg-	ἅπας	ἅπας	a-p---mg-	p-p---mg-	
3413	μανθάνω	v2pfim---	μανθάνω	μανθάνω	v2pfim---	v2pfim---	
3414	.	u--------	.	.	u--------	u--------	
3415	δέω	v1spim---	δέω	δέω	v1spie---	v1spim---	
3416	δέ	c--------	δέ	δέ	d--------	c--------	
3417	ὁ	l-p---mg-	ὁ	ὁ	l-p---mg-	l-p---mg-	
3418	πολλάκις	d--------	πολλάκις	πολλάκις	d--------	d--------	
3419	ἀναγιγνώσκω	v-prpamg-	ἀναγιγνώσκω	ἀναγιγνώσκω	v-prpamg-	v-prpamg-	
3420	ὁ	l-p---na-	ὁ	ὁ	l-p---na-	l-p---na-	
3421	μέλλω	v-pppana-	μέλλω	μέλλω	v-pppana-	v-pppana-	
3422	λέγω	v--fnp---	ἐρῶ	λέγω	v--fnp---	v--fnp---	DISAGREE
3423	μή	d--------	μή	μή	d--------	d--------	
3424	ζητέω	v--pna---	ζητέω	ζητέω	v--pna---	v--pna---	
3425	ἐν	r--------	ἐν	ἐν	r--------	r--------	
3426	ὁ	l-s---nd-	ὁ	ὁ	l-s---nd-	l-s---nd-	
3427	πάρειμι	v-sppand-	πάρειμι1	πάρειμι	v-sppand-	v-sppand-	
3428	παρά	r--------	παρά	παρά	r--------	r--------	
3429	ἐγώ	p-s---cg-	ἐγώ	ἐγώ	p1s---mg-	p-s---cg-	
3430	καινός	a-p---ma-	καινός	καινός	a-p---ma-	a-p---ma-	
3431	λόγος	n-p---ma-	λόγος	λόγος	n-p---ma-	n-p---ma-	
3432	,	u--------	,	,	u--------	u--------	
3433							unmatched
3434	ὀχληρός	a-s---ma-	ὀχληρός	ὀχληρός	a-s---ma-	a-s---ma-	
3435	ἐγώ	p-s---ca-	ἐγώ	ἐγώ	p1s---ma-	p-s---ca-	
3436	νομίζω	v--pna---	νομίζω	νομίζω	v--pna---	v--pna---	
3437	,	u--------	,	,	u--------	u--------	
3438	ὅτι	c--------	ὅτι	ὅτι	c--------	c--------	
3439	λέγω	v1spia---	λέγω3	λέγω	v1spia---	v1spia---	
3440	ὁ	l-p---ma-	ὁ	ὁ	l-p---ma-	l-p---ma-	
3441	πάλαι	d--------	πάλαι	πάλαι	d--------	d--------	
3442	παρά	r--------	παρά	παρά	r--------	r--------	
3443	σύ	p-p---cd-	σύ	σύ	p-p---md-	p-p---cd-	
3444	διαθρυλέω	v-prpmma-	διαθρυλέω	διαθρυλέω	v-prpema-	v-prpmma-	
3445	.	u--------	.	.	u--------	u--------	
3446	εἰ	c--------	εἰ	εἰ	c--------	c--------	
3447	μέν	g--------	μέν	μέν	d--------	g--------	
3448	γάρ	g--------	γάρ	γάρ	d--------	g--------	
3449	ἐπίδειξις	n-s---fa-	ἐπίδειξις	ἐπίδειξις	n-s---fa-	n-s---fa-	
3450	ποιέω	v-sppmmn-	ποιέω	ποιέω	v-sppemn-	v-sppmmn-	
3451	λέγω	v1siia---	λέγω3	λέγω	v1siia---	v1siia---	
3452	αὐτός	p-p---ma-	αὐτός	αὐτός	p-p---ma-	p-p---ma-	
3453	,	u--------	,	,	u--------	u--------	
3454	ἔοικα	d--------	εἰκότως	ἔοικα	d--------	d--------	DISAGREE
3455	ἄν	g--------	ἄν	ἄν	d--------	g--------	
3456	ἔχω	v1siia---	ἔχω	ἔχω	v3piia---	v1siia---	
3457	ὁ	l-s---fa-	ὁ	ὁ	l-s---fa-	l-s---fa-	
3458	αἰτία	n-s---fa-	αἰτία	αἰτία	n-s---fa-	n-s---fa-	
3459	οὗτος	p-s---fa-	οὗτος	οὗτος	a-s---fa-	p-s---fa-	
3460	·	u--------	·	·	u--------	u--------	
3461	νῦν	d--------	νῦν	νῦν	d--------	d--------	
3462	δέ	c--------	δέ	δέ	d--------	c--------	
3463	κρίνω	v-sppmmn-	κρίνω	κρίνω	v-sppemn-	v-sppmmn-	
3464	καί	c--------	καί	καί	c--------	c--------	
3465	κινδυνεύω	v-sppamn-	κινδυνεύω	κινδυνεύω	v-sppamn-	v-sppamn-	
3466	ἀναγκάζω	v1spim---	ἀναγκάζω	ἀναγκάζω	v1spie---	v1spim---	
3467	χράω	v--pnm---	χράω	χράω	v--pne---	v--pnm---	
3468	οὗτος	p-s---ma-	οὗτος	οὗτος	a-s---ma-	p-s---ma-	
3469	ὁ	l-s---ma-	ὁ	ὁ	l-s---ma-	l-s---ma-	
3470	τρόπος	n-s---ma-	τρόπος	τρόπος	n-s---ma-	n-s---ma-	
3471	αὐτός	p-p---md-	αὐτός	αὐτός	p-p---md-	p-p---md-	
3472	.	u--------	.	.	u--------	u--------	
3473	καί	c--------	καί	καί	d--------	c--------	
3474	γάρ	g--------	γάρ	γάρ	d--------	g--------	
3475	ἄν	g--------	ἄν	ἄν	d--------	g--------	
3476	πᾶς	p-p---mg-	πᾶς	πᾶς	a-p---mg-	p-p---mg-	
3477	εἰμί	v1spoa---	εἰμί	εἰμί	v1spoa---	v1spoa---	
3478	καταγέλαστος	a-s---mns	καταγελάω	καταγέλαστος	a-s---mns	a-s---mns	DISAGREE
3479	,	u--------	,	,	u--------	u--------	
3480	εἰ	c--------	εἰ	εἰ	c--------	c--------	
3481	ὁ	l-s---mg-	ὁ	ὁ	l-s---mg-	l-s---mg-	
3482	κατήγορος	a-s---mg-	κατήγορος	κατήγορος	n-s---mg-	a-s---mg-	
3483	διαβάλλω	v-sppamg-	διαβάλλω	διαβάλλω	v-sppamg-	v-sppamg-	
3484	ὅτι	c--------	ὅτι	ὅτι	c--------	c--------	
3485	τοιοῦτος	p-p---ma-	τοιοῦτος	τοιοῦτος	a-p---ma-	p-p---ma-	
3486	γράφω	v1spia---	γράφω	γράφω	v1spia---	v1spia---	
3487	λόγος	n-p---ma-	λόγος	λόγος	n-p---ma-	n-p---ma-	
3488	ὅς	p-p---mn-	ὅς	ὅς	p-p---mn-	p-p---mn-	
3489	καί	c--------	καί	καί	d--------	c--------	
3490	ὁ	l-s---fa-	ὁ	ὁ	l-s---fa-	l-s---fa-	
3491	πόλις	n-s---fa-	πόλις	πόλις	n-s---fa-	n-s---fa-	
3492	βλάπτω	v3ppia---	βλάπτω	βλάπτω	v3ppia---	v3ppia---	
3493	καί	c--------	καί	καί	c--------	c--------	
3494	ὁ	l-p---ma-	ὁ	ὁ	l-p---ma-	l-p---ma-	
3495	νέος	a-p---mac	νέος	νέος	a-p---mac	a-p---mac	
3496	διαφθείρω	v3ppia---	διαφθείρω	διαφθείρω	v3ppia---	v3ppia---	
3497	,	u--------	,	,	u--------	u--------	
3498	διά	r--------	διά	διά	r--------	r--------	
3499	ἕτερος	p-p---mg-	ἕτερος	ἕτερος	a-p---ng-	p-p---mg-	
3500	ποιέω	v1spom---	ποιέω	ποιέω	v1spoe---	v1spom---	
3501	ὁ	l-s---fa-	ὁ	ὁ	l-s---fa-	l-s---fa-	
3502	ἀπολογία	n-s---fa-	ἀπολογία	ἀπολογία	n-s---fa-	n-s---fa-	
3503	,	u--------	,	,	u--------	u--------	
3504	ἔξεστι	v-sppana-	ἔξεστι	ἔξεστι	v-sppana-	v-sppana-	
3505	αὐτός	p-p---ma-	αὐτός	αὐτός	p-p---ma-	p-p---ma-	
3506	δείκνυμι	v-sapamd-	δείκνυμι	δείκνυμι	v-sapamd-	v-sapamd-	
3507	οὗτος	p-p---ma-	οὗτος	οὗτος	p-p---ma-	p-p---ma-	
3508	ἀπολύω	v--anm---	ἀπολύω	ἀπολύω	v--anm---	v--anm---	
3509	ὁ	l-s---fa-	ὁ	ὁ	l-s---fa-	l-s---fa-	
3510	διαβολή	n-s---fa-	διαβολή	διαβολή	n-s---fa-	n-s---fa-	
3511	ὁ	l-s---fa-	ὁ	ὁ	l-s---fa-	l-s---fa-	
3512	λέγω	v-sppmfa-	λέγω3	λέγω	v-sppefa-	v-sppmfa-	
3513	περί	r--------	περί	περί	r--------	r--------	
3514	ἐγώ	p-p---cg-	ἐγώ	ἐγώ	p-p---mg-	p-p---cg-	
3515	.	u--------	.	.	u--------	u--------	
3516	σύ	p-p---ca-	σύ	σύ	p-p---ma-	p-p---ca-	
3517	μέν	g--------	μέν	μέν	d--------	g--------	
3518	οὖν	g--------	οὖν	οὖν	d--------	g--------	
3519	ἀξιόω	v1spia---	ἀξιόω	ἀξιόω	v1spia---	v1spia---	
3520	ἐγώ	p-s---cd-	ἐγώ	ἐγώ	p-s---md-	p-s---cd-	
3521	διά	r--------	διά	διά	r--------	r--------	
3522	οὗτος	p-p---na-	οὗτος	οὗτος	p-p---na-	p-p---na-	
3523	συγγνώμη	n-s---fa-	συγγνώμη	συγγνώμη	n-s---fa-	n-s---fa-	
3524	ἔχω	v--pna---	ἔχω	ἔχω	v--pna---	v--pna---	
3525	καί	c--------	καί	καί	c--------	c--------	
3526	συναγωνιστής	n-p---ma-	συναγωνιστής	συναγωνιστής	n-p---ma-	n-p---ma-	
3527	γίγνομαι	v--pnm---	γίγνομαι	γίγνομαι	v--pne---	v--pnm---	
3528	,	u--------	,	,	u--------	u--------	
3529	ὁ	l-p---md-	ὁ	ὁ	l-p---md-	l-p---md-	
3530	δέ	c--------	δέ	δέ	c--------	c--------	
3531	ἄλλος	p-p---md-	ἄλλος	ἄλλος	p-p---md-	p-p---md-	
3532	ἤδη	d--------	ἤδη	ἤδη	d--------	d--------	
3533	περαίνω	v--pna---	περαίνω	περαίνω	v--pna---	v--pna---	
3534	ἐπιχειρέω	v1sfia---	ἐπιχειρέω	ἐπιχειρέω	v1sfia---	v1sfia---	
3535	,	u--------	,	,	u--------	u--------	
3536	μικρός	a-s---na-	μικρός	μικρός	a-s---na-	a-s---na-	
3537	ἔτι	d--------	ἔτι	ἔτι	d--------	d--------	
3538	προλέγω	v-sapamn-	προεῖπον	προλέγω	v-sapamn-	v-sapamn-	DISAGREE
3539	,	u--------	,	,	u--------	u--------	
3540	ἵνα	c--------	ἵνα	ἵνα	c--------	c--------	
3541	ῥᾴδιος	a-s---nac	ῥᾴδιος	ῥᾴδιος	a-s---nac	a-s---nac	
3542	ἐπακολουθέω	v3ppsa---	ἐπακολουθέω	ἐπακολουθέω	v3ppsa---	v3ppsa---	
3543	ὁ	l-p---nd-	ὁ	ὁ	l-p---nd-	l-p---nd-	
3544	λέγω	v-pppmnd-	λέγω3	λέγω	v-pppend-	v-pppmnd-	
3545	.	u--------	.	.	u--------	u--------	
3546	ὁ	l-s---mn-	ὁ	ὁ	l-s---mn-	l-s---mn-	
3547	μέν	g--------	μέν	μέν	d--------	g--------	
3548	γάρ	g--------	γάρ	γάρ	d--------	g--------	
3549	λόγος	n-s---mn-	λόγος	λόγος	n-s---mn-	n-s---mn-	
3550	ὁ	l-s---mn-	ὁ	ὁ	l-s---mn-	l-s---mn-	
3551	μέλλω	v-sppamn-	μέλλω	μέλλω	v-sppamn-	v-sppamn-	
3552	πρῶτος	a-s---mn-	πρῶτος	πρῶτος	a-s---mn-	a-s---mn-	
3553	σύ	p-p---cd-	σύ	σύ	p-p---md-	p-p---cd-	
3554	δείκνυμι	v--fnp---	δείκνυμι	δείκνυμι	v--fnp---	v--fnp---	
3555	κατά	r--------	κατά	κατά	r--------	r--------	
3556	ἐκεῖνος	p-p---ma-	ἐκεῖνος	ἐκεῖνος	p-p---ma-	p-p---ma-	
3557	γράφω	v3saip---	γράφω	γράφω	v3saip---	v3saip---	
3558	ὁ	l-p---ma-	ὁ	ὁ	l-p---ma-	l-p---ma-	
3559	χρόνος	n-p---ma-	χρόνος	χρόνος	n-p---ma-	n-p---ma-	
3560	,	u--------	,	,	u--------	u--------	
3561	ὅτε	c--------	ὅτε	ὅτε	c--------	c--------	
3562	Λακεδαιμόνιος	a-p---mn-	λακεδαιμόνιος	Λακεδαιμόνιος	n-p---mn-	a-p---mn-	
3563	μέν	g--------	μέν	μέν	d--------	g--------	
3564	ἄρχω	v3piia---	ἄρχω	ἄρχω	v3piia---	v3piia---	
3565	ὁ	l-p---mg-	ὁ	ὁ	l-p---mg-	l-p---mg-	
3566	Ἕλλην	n-p---mg-	ἕλλην	Ἕλλην	n-p---mg-	n-p---mg-	
3567	,	u--------	,	,	u--------	u--------	
3568	ἐγώ	p-p---cn-	ἐγώ	ἐγώ	p1p---mn-	p-p---cn-	
3569	δέ	c--------	δέ	δέ	c--------	c--------	
3570	ταπεινός	d--------	ταπεινός	ταπεινός	d--------	d--------	
3571	πράσσω	v1piia---	πράσσω	πράσσω	v1piia---	v1piia---	
3572	.	u--------	.	.	u--------	u--------	
3573	εἰμί	v3spia---	εἰμί	εἰμί	v3spia---	v3spia---	
3574	δέ	c--------	δέ	δέ	d--------	c--------	
3575	ὁ	l-p---ma-	ὁ	ὁ	l-p---ma-	l-p---ma-	
3576	μέν	g--------	μέν	μέν	d--------	g--------	
3577	Ἕλλην	n-p---ma-	ἕλλην	Ἕλλην	n-p---ma-	n-p---ma-	
3578	παρακαλέω	v-sppamn-	παρακαλέω	παρακαλέω	v-sppamn-	v-sppamn-	
3579	ἐπί	r--------	ἐπί	ἐπί	r--------	r--------	
3580	ὁ	l-s---fa-	ὁ	ὁ	l-s---fa-	l-s---fa-	
3581	ὁ	l-p---mg-	ὁ	ὁ	l-p---mg-	l-p---mg-	
3582	βάρβαρος	a-p---mg-	βάρβαρος	βάρβαρος	n-p---mg-	a-p---mg-	
3583	στρατεία	n-s---fa-	στρατεία	στρατεία	n-s---fa-	n-s---fa-	
3584	,	u--------	,	,	u--------	u--------	
3585	Λακεδαιμόνιος	a-p---md-	λακεδαιμόνιος	Λακεδαιμόνιος	n-p---md-	a-p---md-	
3586	δέ	c--------	δέ	δέ	c--------	c--------	
3587	περί	r--------	περί	περί	r--------	r--------	
3588	ὁ	l-s---fg-	ὁ	ὁ	l-s---fg-	l-s---fg-	
3589	ἡγεμονία	n-s---fg-	ἡγεμονία	ἡγεμονία	n-s---fg-	n-s---fg-	
3590	ἀμφισβητέω	v-sppamn-	ἀμφισβητέω	ἀμφισβητέω	v-sppamn-	v-sppamn-	
3591	.	u--------	.	.	u--------	u--------	
3592	τοιοῦτος	p-s---fa-	τοιοῦτος	τοιοῦτος	a-s---fa-	p-s---fa-	
3593	δέ	c--------	δέ	δέ	d--------	c--------	
3594	ὁ	l-s---fa-	ὁ	ὁ	l-s---fa-	l-s---fa-	
3595	ὑπόθεσις	n-s---fa-	ὑπόθεσις	ὑπόθεσις	n-s---fa-	n-s---fa-	
3596	ποιέω	v-sapmmn-	ποιέω	ποιέω	v-sapmmn-	v-sapmmn-	
3597	,	u--------	,	,	u--------	u--------	
3598	ἀποφαίνω	v1spia---	ἀποφαίνω	ἀποφαίνω	v1spia---	v1spia---	
3599	ὁ	l-s---fa-	ὁ	ὁ	l-s---fa-	l-s---fa-	
3600	πόλις	n-s---fa-	πόλις	πόλις	n-s---fa-	n-s---fa-	
3601	ἅπας	p-p---ng-	ἅπας	ἅπας	a-p---ng-	p-p---ng-	
3602	ὁ	l-p---ng-	ὁ	ὁ	l-p---ng-	l-p---ng-	
3603	ὑπάρχω	v-pppang-	ὑπάρχω	ὑπάρχω	v-pppang-	v-pppang-	
3604	ὁ	l-p---md-	ὁ	ὁ	l-p---md-	l-p---md-	
3605	Ἕλλην	n-p---md-	ἕλλην	Ἕλλην	n-p---md-	n-p---md-	
3606	ἀγαθός	a-p---ng-	ἀγαθός	ἀγαθός	a-p---ng-	a-p---ng-	
3607	αἰτία	n-s---fa-	αἰτία	αἰτία	a-s---fa-	n-s---fa-	
3608	γίγνομαι	v-srpmfa-	γίγνομαι	γίγνομαι	v-srpefa-	v-srpmfa-	
3609	.	u--------	.	.	u--------	u--------	
3610	ἀφορίζω	v-sapmmn-	ἀφορίζω	ἀφορίζω	v-sapmmn-	v-sapmmn-	
3611	δέ	c--------	δέ	δέ	d--------	c--------	
3612	ὁ	l-s---ma-	ὁ	ὁ	l-s---ma-	l-s---ma-	
3613	λόγος	n-s---ma-	λόγος	λόγος	n-s---ma-	n-s---ma-	
3614	ὁ	l-s---ma-	ὁ	ὁ	l-s---ma-	l-s---ma-	
3615	περί	r--------	περί	περί	r--------	r--------	
3616	ὁ	l-p---fg-	ὁ	ὁ	l-p---fg-	l-p---fg-	
3617	τοιοῦτος	p-p---fg-	τοιοῦτος	τοιοῦτος	a-p---fg-	p-p---fg-	
3618	εὐεργεσία	n-p---fg-	εὐεργεσία	εὐεργεσία	n-p---fg-	n-p---fg-	
3619	,	u--------	,	,	u--------	u--------	
3620	καί	c--------	καί	καί	c--------	c--------	
3621	βούλομαι	v-sppmmn-	βούλομαι	βούλομαι	v-sppemn-	v-sppmmn-	
3622	ὁ	l-s---fa-	ὁ	ὁ	l-s---fa-	l-s---fa-	
3623	ἡγεμονία	n-s---fa-	ἡγεμονία	ἡγεμονία	n-s---fa-	n-s---fa-	
3624	ἔτι	d--------	ἔτι	ἔτι	d--------	d--------	
3625	σαφής	a-s---nac	σαφής	σαφής	a-s---nac	a-s---nac	
3626	ἀποφαίνω	v--pna---	ἀποφαίνω	ἀποφαίνω	v--pna---	v--pna---	
3627	ὡς	c--------	ὡς	ὡς	c--------	c--------	
3628	εἰμί	v3spia---	εἰμί	εἰμί	v3spia---	v3spia---	
3629	ὁ	l-s---fg-	ὁ	ὁ	l-s---fg-	l-s---fg-	
3630	πόλις	n-s---fg-	πόλις	πόλις	n-s---fg-	n-s---fg-	
3631	,	u--------	,	,	u--------	u--------	
3632	ἐνθένδε	d--------	ἐνθένδε	ἐνθένδε	d--------	d--------	
3633	ποθεν	d--------	ποθεν	ποθεν	d--------	d--------	
3634	ἐπιχειρέω	v1spia---	ἐπιχειρέω	ἐπιχειρέω	v1spia---	v1spia---	
3635	διδάσκω	v--pna---	διδάσκω	διδάσκω	v--pna---	v--pna---	
3636	περί	r--------	περί	περί	r--------	r--------	
3637	οὗτος	p-p---ng-	οὗτος	οὗτος	p-p---ng-	p-p---ng-	
3638	,	u--------	,	,	u--------	u--------	
3639	ὡς	c--------	ὡς	ὡς	c--------	c--------	
3640	ὁ	l-s---fd-	ὁ	ὁ	l-s---fd-	l-s---fd-	
3641	πόλις	n-s---fd-	πόλις	πόλις	n-s---fd-	n-s---fd-	
3642	τιμάω	v--pnm---	τιμάω	τιμάω	v--pne---	v--pnm---	
3643	προσήκω	v3spia---	προσήκω	προσήκω	v3spia---	v3spia---	
3644	πολύς	a-s---na-	πολύς	πολύς	a-s---na-	a-s---na-	
3645	μάλα	d-------c	μᾶλλον	μάλα	d-------c	d-------c	DISAGREE
3646	ἐκ	r--------	ἐκ	ἐκ	r--------	r--------	
3647	ὁ	l-p---mg-	ὁ	ὁ	l-p---mg-	l-p---mg-	
3648	περί	r--------	περί	περί	r--------	r--------	
3649	ὁ	l-s---ma-	ὁ	ὁ	l-s---ma-	l-s---ma-	
3650	πόλεμος	n-s---ma-	πόλεμος	πόλεμος	n-s---ma-	n-s---ma-	
3651	κίνδυνος	n-p---mg-	κίνδυνος	κίνδυνος	n-p---mg-	n-p---mg-	
3652	ἤ	c--------	ἤ1	ἤ	c--------	c--------	
3653	ὁ	l-p---fg-	ὁ	ὁ	l-p---fg-	l-p---fg-	
3654	ἄλλος	p-p---fg-	ἄλλος	ἄλλος	a-p---fg-	p-p---fg-	
3655	εὐεργεσία	n-p---fg-	εὐεργεσία	εὐεργεσία	n-p---fg-	n-p---fg-	
3656	.	u--------	.	.	u--------	u--------	
3657	οἴομαι	v1siia---	οἴομαι	οἴομαι	v1siie---	v1siia---	
3658	μέν	g--------	μέν	μέν	d--------	g--------	
3659	οὖν	g--------	οὖν	οὖν	d--------	g--------	
3660	αὐτός	p-s---mn-	αὐτός	αὐτός	p-s---mn-	p-s---mn-	
3661	δύναμαι	v--fnm---	δύναμαι	δύναμαι	v--fnm---	v--fnm---	
3662	διέρχομαι	v--ana---	διέρχομαι	διέρχομαι	v--ana---	v--ana---	
3663	περί	r--------	περί	περί	r--------	r--------	
3664	αὐτός	p-p---ng-	αὐτός	αὐτός	p-p---ng-	p-p---ng-	
3665	·	u--------	·	·	u--------	u--------	
3666	νῦν	d--------	νῦν	νῦν	d--------	d--------	
3667	δέ	c--------	δέ	δέ	d--------	c--------	
3668	ἐγώ	p-s---ca-	ἐγώ	ἐγώ	p1s---ma-	p-s---ca-	
3669	ὁ	l-s---nn-	ὁ	ὁ	l-s---nn-	l-s---nn-	
3670	γῆρας	n-s---nn-	γῆρας	γῆρας	n-s---nn-	n-s---nn-	
3671	ἐμποδίζω	v3spia---	ἐμποδίζω	ἐμποδίζω	v3spia---	v3spia---	
3672	καί	c--------	καί	καί	c--------	c--------	
3673	ποιέω	v3spia---	ποιέω	ποιέω	v3spia---	v3spia---	
3674	προαπαγορεύω	v--pna---	προαπαγορεύω	προαπαγορεύω	v--pna---	v--pna---	
3675	.	u--------	.	.	u--------	u--------	
3676	ἵνα	c--------	ἵνα	ἵνα	c--------	c--------	
3677	οὖν	g--------	οὖν	οὖν	d--------	g--------	
3678	μή	d--------	μή	μή	d--------	d--------	
3679	παντάπασι	d--------	παντάπασι	παντάπασι	d--------	d--------	
3680	ἐκλύω	v1sasp---	ἐκλύω	ἐκλύω	v1sasp---	v1sasp---	
3681	πολύς	a-p---ng-	πολύς	πολύς	a-p---ng-	a-p---ng-	
3682	ἔτι	d--------	ἔτι	ἔτι	d--------	d--------	
3683	ἐγώ	p-s---cd-	ἐγώ	ἐγώ	p1s---md-	p-s---cd-	
3684	λεκτέος	a-p---ng-	λεκτέος	λεκτέος	a-p---ng-	a-p---ng-	
3685	εἰμί	v-pppang-	εἰμί	εἰμί	v-pppang-	v-pppang-	
3686	,	u--------	,	,	u--------	u--------	
3687	ἄρχω	v-sapmmn-	ἄρχω	ἄρχω	v-sapmmn-	v-sapmmn-	
3688	ἀπό	r--------	ἀπό	ἀπό	r--------	r--------	
3689	ὁ	l-s---fg-	ὁ	ὁ	l-s---fg-	l-s---fg-	
3690	παραγραφή	n-s---fg-	παραγραφή	παραγραφή	n-s---fg-	n-s---fg-	
3691	ἀναγιγνώσκω	v2sama---	ἀναγιγνώσκω	ἀναγιγνώσκω	v2sama---	v2sama---	
3692	ὁ	l-p---na-	ὁ	ὁ	l-p---na-	l-p---na-	
3693	περί	r--------	περί	περί	r--------	r--------	
3694	ὁ	l-s---fg-	ὁ	ὁ	l-s---fg-	l-s---fg-	
3695	ἡγεμονία	n-s---fg-	ἡγεμονία	ἡγεμονία	n-s---fg-	n-s---fg-	
3696	αὐτός	p-p---md-	αὐτός	αὐτός	p-p---md-	p-p---md-	
3697	.	u--------	.	.	u--------	u--------	
3698	περί	r--------	περί	περί	r--------	r--------	
3699	μέν	g--------	μέν	μέν	d--------	g--------	
3700	οὖν	g--------	οὖν	οὖν	d--------	g--------	
3701	ὁ	l-s---fg-	ὁ	ὁ	l-s---fg-	l-s---fg-	
3702	ἡγεμονία	n-s---fg-	ἡγεμονία	ἡγεμονία	n-s---fg-	n-s---fg-	
3703	,	u--------	,	,	u--------	u--------	
3704	ὡς	c--------	ὡς	ὡς	c--------	c--------	
3705	δίκαιος	d--------	δίκαιος	δίκαιος	d--------	d--------	
3706	ἄν	g--------	ἄν	ἄν	d--------	g--------	
3707	εἰμί	v3spoa---	εἰμί	εἰμί	v3spoa---	v3spoa---	
3708	ὁ	l-s---fg-	ὁ	ὁ	l-s---fg-	l-s---fg-	
3709	πόλις	n-s---fg-	πόλις	πόλις	n-s---fg-	n-s---fg-	
3710	,	u--------	,	,	u--------	u--------	
3711	ῥᾴδιος	a-s---nn-	ῥᾴδιος	ῥᾴδιος	a-s---nnc	a-s---nn-	
3712	ἐκ	r--------	ἐκ	ἐκ	r--------	r--------	
3713	ὁ	l-p---ng-	ὁ	ὁ	l-p---ng-	l-p---ng-	
3714	λέγω	v-prpmng-	ἐρῶ	λέγω	v-prpeng-	v-prpmng-	DISAGREE
3715	καταμανθάνω	v--ana---	καταμανθάνω	καταμανθάνω	v--ana---	v--ana---	
3716	.	u--------	.	.	u--------	u--------	
3717	ἐνθυμέομαι	v2pamp---	ἐνθυμέομαι	ἐνθυμέομαι	v3saip---	v2pamp---	
3718	δέ	c--------	δέ	δέ	d--------	c--------	
3719	πρός	r--------	πρός	πρός	r--------	r--------	
3720	σύ	p-p---ca-	σύ	σύ	p-p---ma-	p-p---ca-	
3721	αὐτός	p-p---ma-	αὐτός	αὐτός	a-p---ma-	p-p---ma-	
3722	,	u--------	,	,	u--------	u--------	
3723	εἰ	c--------	εἰ	εἰ	c--------	c--------	
3724	δοκέω	v1spia---	δοκέω	δοκέω	v1spia---	v1spia---	
3725	ὁ	l-p---md-	ὁ	ὁ	l-p---md-	l-p---md-	
3726	λόγος	n-p---md-	λόγος	λόγος	n-p---md-	n-p---md-	
3727	διαφθείρω	v--pna---	διαφθείρω	διαφθείρω	v--pna---	v--pna---	
3728	ὁ	l-p---ma-	ὁ	ὁ	l-p---ma-	l-p---ma-	
3729	νέος	a-p---mac	νέος	νέος	a-p---mac	a-p---mac	
3730	,	u--------	,	,	u--------	u--------	
3731	ἀλλά	c--------	ἀλλά	ἀλλά	c--------	c--------	
3732	μή	d--------	μή	μή	d--------	d--------	
3733	προτρέπω	v--pna---	προσρέπω	προτρέπω	v--pna---	v--pna---	DISAGREE
3734	ἐπί	r--------	ἐπί	ἐπί	r--------	r--------	
3735	ἀρετή	n-s---fa-	ἀρετή	ἀρετή	n-s---fa-	n-s---fa-	
3736	καί	c--------	καί	καί	c--------	c--------	
3737	ὁ	l-p---ma-	ὁ	ὁ	l-p---ma-	l-p---ma-	
3738	ὑπέρ	r--------	ὑπέρ	ὑπέρ	r--------	r--------	
3739	ὁ	l-s---fg-	ὁ	ὁ	l-s---fg-	l-s---fg-	
3740	πόλις	n-s---fg-	πόλις	πόλις	n-s---fg-	n-s---fg-	
3741	κίνδυνος	n-p---ma-	κίνδυνος	κίνδυνος	n-p---ma-	n-p---ma-	
3742	,	u--------	,	,	u--------	u--------	
3743	ἤ	c--------	ἤ1	ἤ	c--------	c--------	
3744	δίκαιος	d--------	δίκαιος	δίκαιος	d--------	d--------	
3745	ἄν	g--------	ἄν	ἄν	d--------	g--------	
3746	δίδωμι	v--ana---	δίδωμι	δίδωμι	v--ana---	v--ana---	
3747	δίκη	n-s---fa-	δίκη	δίκη	n-s---fa-	n-s---fa-	
3748	ὑπέρ	r--------	ὑπέρ	ὑπέρ	r--------	r--------	
3749	ὁ	l-p---ng-	ὁ	ὁ	l-p---ng-	l-p---ng-	
3750	λέγω	v-prpmng-	ἐρῶ	λέγω	v-prpeng-	v-prpmng-	DISAGREE
3751	,	u--------	,	,	u--------	u--------	
3752	ἀλλά	c--------	ἀλλά	ἀλλά	c--------	c--------	
3753	οὐ	d--------	οὐ	οὐ	d--------	d--------	
3754	ἄν	g--------	ἄν	ἄν	d--------	g--------	
3755	χάρις	n-s---fa-	χάρις	χάρις	n-s---fa-	n-s---fa-	
3756	κομίζω	v--anm---	κομίζω	κομίζω	v--anm---	v--anm---	
3757	παρά	r--------	παρά	παρά	r--------	r--------	
3758	σύ	p-p---cg-	σύ	σύ	p-p---mg-	p-p---cg-	
3759	ὁ	l-s---fa-	ὁ	ὁ	l-s---fa-	l-s---fa-	
3760	μέγας	a-s---fas	μέγας	μέγας	a-s---fas	a-s---fas	
3761	,	u--------	,	,	u--------	u--------	
3762	ὅς	p-s---mn-	ὅς	ὅς	p-s---mn-	p-s---mn-	
3763	οὕτως	d--------	οὕτως	οὕτως	d--------	d--------	
3764	ἐγκωμιάζω	v1sria---	ἐγκωμιάζω	ἐγκωμιάζω	v1sria---	v1sria---	
3765	ὁ	l-s---fa-	ὁ	ὁ	l-s---fa-	l-s---fa-	
3766	πόλις	n-s---fa-	πόλις	πόλις	n-s---fa-	n-s---fa-	
3767	καί	c--------	καί	καί	d--------	c--------	
3768	ὁ	l-p---ma-	ὁ	ὁ	l-p---ma-	l-p---ma-	
3769	πρόγονος	n-p---ma-	πρόγονος	πρόγονος	n-p---ma-	n-p---ma-	
3770	καί	c--------	καί	καί	c--------	c--------	
3771	ὁ	l-p---ma-	ὁ	ὁ	l-p---ma-	l-p---ma-	
3772	κίνδυνος	n-p---ma-	κίνδυνος	κίνδυνος	n-p---ma-	n-p---ma-	
3773	ὁ	l-p---ma-	ὁ	ὁ	l-p---ma-	l-p---ma-	
3774	ἐν	r--------	ἐν	ἐν	r--------	r--------	
3775	ἐκεῖνος	p-p---md-	ἐκεῖνος	ἐκεῖνος	a-p---md-	p-p---md-	
3776	ὁ	l-p---md-	ὁ	ὁ	l-p---md-	l-p---md-	
3777	χρόνος	n-p---md-	χρόνος	χρόνος	n-p---md-	n-p---md-	
3778	γίγνομαι	v-prpmma-	γίγνομαι	γίγνομαι	v-prpema-	v-prpmma-	
3779	,	u--------	,	,	u--------	u--------	
3780	ὥστε	c--------	ὥστε	ὥστε	c--------	c--------	
3781	ὁ	l-p---ma-	ὁ	ὁ	l-p---ma-	l-p---ma-	
3782	τε	c--------	τε	τε	d--------	c--------	
3783	πρότερος	d-------c	πρότερος	πρότερος	d-------c	d-------c	
3784	γράφω	v-papama-	γράφω	γράφω	v-papama-	v-papama-	
3785	περί	r--------	περί	περί	r--------	r--------	
3786	ὁ	l-s---fa-	ὁ	ὁ	l-s---fa-	l-s---fa-	
3787	ὑπόθεσις	n-s---fa-	ὑπόθεσις	ὑπόθεσις	n-s---fa-	n-s---fa-	
3788	οὗτος	p-s---fa-	οὗτος	οὗτος	a-s---fa-	p-s---fa-	
3789	ἅπας	p-p---ma-	ἅπας	ἅπας	a-p---ma-	p-p---ma-	
3790	ἀφανίζω	v--rna---	ἀφανίζω	ἀφανίζω	v--rna---	v--rna---	
3791	ὁ	l-p---ma-	ὁ	ὁ	l-p---ma-	l-p---ma-	
3792	λόγος	n-p---ma-	λόγος	λόγος	n-p---ma-	n-p---ma-	
3793	,	u--------	,	,	u--------	u--------	
3794	αἰσχύνω	v-pppmma-	αἰσχύνω	αἰσχύνω	v-pppema-	v-pppmma-	
3795	ὑπέρ	r--------	ὑπέρ	ὑπέρ	r--------	r--------	
3796	ὁ	l-p---ng-	ὁ	ὁ	l-p---ng-	l-p---ng-	
3797	λέγω	v-prpmng-	ἐρῶ	λέγω	v-prpeng-	v-prpmng-	DISAGREE
3798	ἑαυτοῦ	p-p---md-	ἑαυτοῦ	ἑαυτοῦ	p-p---md-	p-p---md-	
3799	,	u--------	,	,	u--------	u--------	
3800	ὁ	l-p---ma-	ὁ	ὁ	l-p---ma-	l-p---ma-	
3801	τε	c--------	τε	τε	c--------	c--------	
3802	νῦν	d--------	νῦν	νῦν	d--------	d--------	
3803	δοκέω	v-pppama-	δοκέω	δοκέω	v-pppama-	v-pppama-	
3804	εἰμί	v--pna---	εἰμί	εἰμί	v--pna---	v--pna---	
3805	δεινός	a-p---ma-	δεινός	δεινός	a-p---ma-	a-p---ma-	
3806	μή	d--------	μή	μή	d--------	d--------	
3807	τολμάω	v--pna---	τολμάω	τολμάω	v--pna---	v--pna---	
3808	ἔτι	d--------	ἔτι	ἔτι	d--------	d--------	
3809	λέγω	v--pna---	λέγω3	λέγω	v--pna---	v--pna---	
3810	περί	r--------	περί	περί	r--------	r--------	
3811	οὗτος	p-p---ng-	οὗτος	οὗτος	p-p---ng-	p-p---ng-	
3812	,	u--------	,	,	u--------	u--------	
3813	ἀλλά	c--------	ἀλλά	ἀλλά	c--------	c--------	
3814	καταμέμφομαι	v--pnm---	καταμέμφομαι	καταμέμφομαι	v--pne---	v--pnm---	
3815	ὁ	l-s---fa-	ὁ	ὁ	l-s---fa-	l-s---fa-	
3816	δύναμις	n-s---fa-	δύναμις	δύναμις	n-s---fa-	n-s---fa-	
3817	ὁ	l-s---fa-	ὁ	ὁ	l-s---fa-	l-s---fa-	
3818	σφέτερος	a-s---fa-	σφέτερος	σφέτερος	a-s---fa-	a-s---fa-	
3819	αὐτός	p-p---mg-	αὐτός	αὐτός	p-p---mg-	p-p---mg-	
3820	.	u--------	.	.	u--------	u--------	
3821	ἀλλά	c--------	ἀλλά	ἀλλά	c--------	c--------	
3822	ὅμως	d--------	ὅμως	ὅμως	d--------	d--------	
3823	,	u--------	,	,	u--------	u--------	
3824	οὗτος	p-p---ng-	οὗτος	οὗτος	p-p---ng-	p-p---ng-	
3825	οὕτως	d--------	οὕτως	οὕτως	d--------	d--------	
3826	ἔχω	v-pppang-	ἔχω	ἔχω	v-pppang-	v-pppang-	
3827	,	u--------	,	,	u--------	u--------	
3828	φανάω	v3pfip---	φαίνω	φανάω	v3pfip---	v3pfip---	DISAGREE
3829	τις	p-p---cn-	τις	τις	p-p---mn-	p-p---cn-	
3830	ὁ	l-p---mg-	ὁ	ὁ	l-p---mg-	l-p---mg-	
3831	εὑρίσκω	v--ana---	εὑρίσκω	εὑρίσκω	v--ana---	v--ana---	
3832	μέν	g--------	μέν	μέν	d--------	g--------	
3833	οὐδείς	p-s---na-	οὐδείς	οὐδείς	p-s---na-	p-s---na-	
3834							unmatched
3835	λέγω	v--ana---	εἶπον	λέγω	v--ana---	v--ana---	DISAGREE
3836	ἄξιος	a-s---na-	ἄξιος	ἄξιος	a-s---na-	a-s---na-	
3837	λόγος	n-s---mg-	λόγος	λόγος	n-s---mg-	n-s---mg-	
3838	δύναμαι	v-pppmmg-	δύναμαι	δύναμαι	v-pppemg-	v-pppmmg-	
3839	,	u--------	,	,	u--------	u--------	
3840	ἐπιτιμάω	v--pna---	ἐπιτιμάω	ἐπιτιμάω	v--pna---	v--pna---	
3841	δέ	c--------	δέ	δέ	c--------	c--------	
3842	καί	c--------	καί	καί	c--------	c--------	
3843	βασκαίνω	v--pna---	βασκαίνω	βασκαίνω	v--pna---	v--pna---	
3844	ὁ	l-p---na-	ὁ	ὁ	l-p---na-	l-p---na-	
3845	ὁ	l-p---mg-	ὁ	ὁ	l-p---mg-	l-p---mg-	
3846	ἄλλος	p-p---mg-	ἄλλος	ἄλλος	p-p---mg-	p-p---mg-	
3847	μελετάω	v-prpamg-	μελετάω	μελετάω	v-prpamg-	v-prpamg-	
3848	,	u--------	,	,	u--------	u--------	
3849	ὅς	p-p---mn-	ὅς	ὅς	p-p---mn-	p-p---mn-	
3850	χαρίεις	d--------	χαρίεις	χαρίεις	d--------	d--------	
3851	μέν	g--------	μέν	μέν	d--------	g--------	
3852	λέγω	v--rnm---	ἐρῶ	λέγω	v--rne---	v--rnm---	DISAGREE
3853	οὗτος	p-p---na-	οὗτος	οὗτος	p-p---na-	p-p---na-	
3854	φημί	v3pfia---	φημί	φημί	v3pfia---	v3pfia---	
3855	(	u--------	̔	(	u--------	u--------	DISAGREE
3856	ὁ	l-s---na-	ὁ	ὁ	l-s---na-	l-s---na-	
3857	γάρ	g--------	γάρ	γάρ	d--------	g--------	
3858	εὖ	d--------	εὖ	εὖ	d--------	d--------	
3859	φθονέω	v3pfia---	φθονέω	φθονέω	v3pfia---	v3pfia---	
3860	λέγω	v--ana---	εἶπον	λέγω	v--ana---	v--ana---	DISAGREE
3861	)	u--------	)	)	u--------	u--------	
3862	,	u--------	,	,	u--------	u--------	
3863	πολύς	a-s---na-	πολύς	πολύς	a-s---na-	a-s---na-	
3864	μέντοι	c--------	μέντοι	μέντοι	c--------	c--------	
3865	χρήσιμος	a-p---mac	χρήσιμος	χρήσιμος	a-p---mac	a-p---mac	
3866	εἰμί	v--pna---	εἰμί	εἰμί	v--pna---	v--pna---	
3867	ὁ	l-p---mg-	ὁ	ὁ	l-p---mg-	l-p---mg-	
3868	λόγος	n-p---mg-	λόγος	λόγος	n-p---mg-	n-p---mg-	
3869	καί	c--------	καί	καί	c--------	c--------	
3870	κρατύς	a-p---mac	κρείσσων	κρατύς	a-p---mac	a-p---mac	DISAGREE
3871	ὁ	l-p---ma-	ὁ	ὁ	l-p---ma-	l-p---ma-	
3872	ἐπιπλήσσω	v-pppama-	ἐπιπλήσσω	ἐπιπλήσσω	v-pppama-	v-pppama-	
3873	ὁ	l-p---nd-	ὁ	ὁ	l-p---nd-	l-p---nd-	
3874	νῦν	d--------	νῦν	νῦν	d--------	d--------	
3875	ἁμαρτάνω	v-pppmnd-	ἁμαρτάνω	ἁμαρτάνω	v-pppend-	v-pppmnd-	
3876	ἤ	c--------	ἤ1	ἤ	c--------	c--------	
3877	ὁ	l-p---ma-	ὁ	ὁ	l-p---ma-	l-p---ma-	
3878	ὁ	l-p---na-	ὁ	ὁ	l-p---na-	l-p---na-	
3879	πράσσω	v-prpmna-	πράσσω	πράσσω	v-prpena-	v-prpmna-	
3880	πρότερος	d-------c	πρότερος	πρότερος	a-s---na-	d-------c	
3881	ἐπαινέω	v-pppama-	ἐπαινέω	ἐπαινέω	v-pppama-	v-pppama-	
3882	,	u--------	,	,	u--------	u--------	
3883	καί	c--------	καί	καί	c--------	c--------	
3884	ὁ	l-p---ma-	ὁ	ὁ	l-p---ma-	l-p---ma-	
3885	ὑπέρ	r--------	ὑπέρ	ὑπέρ	r--------	r--------	
3886	ὅς	p-p---ng-	ὅς	ὅς	p-p---mg-	p-p---ng-	
3887	δέω	v3spia---	δεῖ	δέω	v3spia---	v3spia---	DISAGREE
3888	πράσσω	v--pna---	πράσσω	πράσσω	v--pna---	v--pna---	
3889	συμβουλεύω	v-pppama-	συμβουλεύω	συμβουλεύω	v-pppama-	v-pppama-	
3890	ἤ	c--------	ἤ1	ἤ	c--------	c--------	
3891	ὁ	l-p---ma-	ὁ	ὁ	l-p---ma-	l-p---ma-	
3892	ὁ	l-p---na-	ὁ	ὁ	l-p---na-	l-p---na-	
3893	παλαιός	a-p---na-	παλαιός	παλαιός	a-p---na-	a-p---na-	
3894	ὁ	l-p---ng-	ὁ	ὁ	l-p---ng-	l-p---ng-	
3895	ἔργον	n-p---ng-	ἔργον	ἔργον	n-p---ng-	n-p---ng-	
3896	διεξέρχομαι	v-pppama-	διέξειμι	διεξέρχομαι	v-pppama-	v-pppama-	DISAGREE
3897	.	u--------	.	.	u--------	u--------	
3898	ἵνα	c--------	ἵνα	ἵνα	c--------	c--------	
3899	οὖν	g--------	οὖν	οὖν	d--------	g--------	
3900	μή	d--------	μη	μή	d--------	d--------	
3901	δέ	d--------	δέ		d--------		oga_only
3902	οὗτος	p-p---na-	οὗτος		p-p---na-		oga_only
3903	ἔχω	v3ppsa---	ἔχω		v3ppsa---		oga_only
3904	εἶπον	v--ana---	εἶπον		v--ana---		oga_only
3905	,	u--------	,		u--------		oga_only
3906	ἀφίημι	v-sapmmn-	ἀφίημι		v-sapmmn-		oga_only
3907	ὁ	l-s---ng-	ὁ		l-s---ng-		oga_only
3908	βοηθέω	v--pna---	βοηθέω		v--pna---		oga_only
3909	ὁ	l-p---nd-	ὁ		l-p---nd-		oga_only
3910	ἐρῶ	v-prpend-	ἐρῶ		v-prpend-		oga_only
3911	πειράω	v1sfim---	πειράω		v1sfim---		oga_only
3912	μέρος	n-s---na-	μέρος		n-s---na-		oga_only
3913	ἕτερος	a-s---mg-	ἕτερος		a-s---mg-		oga_only
3914	λόγος	n-s---mg-	λόγος		n-s---mg-		oga_only
3915	τοσοῦτος	a-s---na-	τοσοῦτος		a-s---na-		oga_only
3916	,	u--------	,		u--------		oga_only
3917	ὅσος	a-s---nn-	ὅσος		a-s---nn-		oga_only
3918	πέρ	d--------	πέρ		d--------		oga_only
3919	ἄρτι	d--------	ἄρτι		d--------		oga_only
3920	,	u--------	,		u--------		oga_only
3921	διέρχομαι	v--ana---	διέρχομαι		v--ana---		oga_only
3922	σύ	p-p---md-	σύ		p-p---md-		oga_only
3923	,	u--------	,		u--------		oga_only
3924	ἐν	r--------	ἐν		r--------		oga_only
3925	ὅς	p-s---nd-	ὅς		p-s---nd-		oga_only
3926	φαίνω	v1sfip---	φαίνω		v1sfip---		oga_only
3927	περί	r--------	περί		r--------		oga_only
3928	οὗτος	p-p---ng-	οὗτος		p-p---ng-		oga_only
3929	ἅπας	a-p---ng-	ἅπας		a-p---ng-		oga_only
3930	πολύς	a-s---fa-	πολύς		a-s---fa-		oga_only
3931	ἐπιμέλεια	n-s---fa-	ἐπιμέλεια		n-s---fa-		oga_only
3932	ποιέω	v-srpemn-	ποιέω		v-srpemn-		oga_only
3933	.	u--------	.		u--------		oga_only
3934	εἰμί	v3spia---	εἰμί		v3spia---		oga_only
3935	δέ	d--------	δέ		d--------		oga_only
3936	ὁ	l-p---nn-	ὁ		l-p---nn-		oga_only
3937	μέν	d--------	μέν		d--------		oga_only
3938	ἐν	r--------	ἐν		r--------		oga_only
3939	ἀρχή	n-s---fd-	ἀρχή		n-s---fd-		oga_only
3940	λέγω3	v-pppenn-	λέγω3		v-pppenn-		oga_only
3941	περί	r--------	περί		r--------		oga_only
3942	ὁ	l-s---fg-	ὁ	ὁ	l-s---fg-	l-s---fg-	
3943	εἰρήνη	n-s---fg-	εἰρήνη		n-s---fg-		oga_only
3944	ὁ	l-s---fg-	ὁ		l-s---fg-		oga_only
3945	πρός	r--------	πρός		r--------		oga_only
3946	χίος	n-p---ma-	χίος		n-p---ma-		oga_only
3947	καί	c--------	καί	καί	d--------	c--------	
3948	ῥόδιος	n-p---ma-	ῥόδιος		n-p---ma-		oga_only
3949	καί	c--------	καί		c--------		oga_only
3950	βυζάντιος	n-p---ma-	βυζάντιος		n-p---ma-		oga_only
3951	,	u--------	,		u--------		oga_only
3952	ἐπιδείκνυμι	v-sapamn-	ἐπιδείκνυμι	ἐπιδείκνυμι	v-sapamn-	v-sapamn-	
3953	δέ	c--------	δέ	δέ	c--------	c--------	
3954	ὡς	c--------	ὡς	ὡς	c--------	c--------	
3955	συμφέρω	v3spia---	συμφέρω	συμφέρω	v3spia---	v3spia---	
3956	ὁ	l-s---fd-	ὁ	ὁ	l-s---fd-	l-s---fd-	
3957	πόλις	n-s---fd-	πόλις	πόλις	n-s---fd-	n-s---fd-	
3958	διαλύω	v--anm---	διαλύω	διαλύω	v--anm---	v--anm---	
3959	ὁ	l-s---ma-	ὁ	ὁ	l-s---ma-	l-s---ma-	
3960	πόλεμος	n-s---ma-	πόλεμος	πόλεμος	n-s---ma-	n-s---ma-	
3961	,	u--------	,	,	u--------	u--------	
3962	κατηγορέω	v1spia---	κατηγορέω	κατηγορέω	v2spme---	v1spia---	
3963	ὁ	l-s---fg-	ὁ	ὁ	l-s---fg-	l-s---fg-	
3964	δυναστεία	n-s---fg-	δυναστεία	δυναστεία	n-s---fg-	n-s---fg-	
3965	ὁ	l-s---fg-	ὁ	ὁ	l-s---fg-	l-s---fg-	
3966	ἐν	r--------	ἐν	ἐν	r--------	r--------	
3967	ὁ	l-p---md-	ὁ	ὁ	l-p---md-	l-p---md-	
3968	Ἕλλην	n-p---md-	ἕλλην	Ἕλλην	n-p---md-	n-p---md-	
3969	καί	c--------	καί	καί	c--------	c--------	
3970	ὁ	l-s---fg-	ὁ	ὁ	l-s---fg-	l-s---fg-	
3971	ἀρχή	n-s---fg-	ἀρχή	ἀρχή	n-s---fg-	n-s---fg-	
3972	ὁ	l-s---fg-	ὁ	ὁ	l-s---fg-	l-s---fg-	
3973	κατά	r--------	κατά	κατά	r--------	r--------	
3974	θάλασσα	n-s---fa-	θάλασσα	θάλασσα	n-s---fa-	n-s---fa-	
3975	,	u--------	,	,	u--------	u--------	
3976	ἀποφαίνω	v-sppamn-	ἀποφαίνω	ἀποφαίνω	v-sppamn-	v-sppamn-	
3977	αὐτός	p-s---fa-	αὐτός	αὐτός	p-s---fa-	p-s---fa-	
3978	οὐδείς	p-s---na-	οὐδείς	οὐδείς	a-s---na-	p-s---na-	
3979	διαφέρω	v-sppafa-	διαφέρω	διαφέρω	v-sppafa-	v-sppafa-	
3980	οὐ	d--------	οὐ	οὐ	d--------	d--------	
3981	τε	d--------	τε		d--------		oga_only
3982	ὁ	l-p---fd-	ὁ		l-p---fd-		oga_only
3983	πρᾶξις	n-p---fd-	πρᾶξις		n-p---fd-		oga_only
3984	οὐ	d--------	οὐ		d--------		oga_only
3985	τε	c--------	τε		c--------		oga_only
3986	ὁ	l-p---nd-	ὁ		l-p---nd-		oga_only
3987	πάθος	n-p---nd-	πάθος		n-p---nd-		oga_only
3988	ὁ	l-p---fg-	ὁ		l-p---fg-		oga_only
3989	μοναρχία	n-p---fg-	μοναρχία		n-p---fg-		oga_only
3990	·	u--------	·		u--------		oga_only
3991	ἀναμιμνῄσκω	v1spia---	ἀναμιμνήσκω	ἀναμιμνῄσκω	v1spia---	v1spia---	
3992	δέ	c--------	δέ	δέ	d--------	c--------	
3993	καί	c--------	καί	καί	d--------	c--------	
3994	ὁ	l-p---na-	ὁ	ὁ	l-p---na-	l-p---na-	
3995	συμβαίνω	v-papana-	συμβαίνω	συμβαίνω	v-papana-	v-papana-	
3996	διά	r--------	διά	διά	r--------	r--------	
3997	αὐτός	p-s---fa-	αὐτός	αὐτός	p-s---fa-	p-s---fa-	
3998	ὁ	l-s---fd-	ὁ	ὁ	l-s---fd-	l-s---fd-	
3999	πόλις	n-s---fd-	πόλις	πόλις	n-s---fd-	n-s---fd-	
4000	καί	c--------	καί	καί	d--------	c--------	
4001	Λακεδαιμόνιος	a-p---md-	λακεδαιμόνιος	Λακεδαιμόνιος	n-p---md-	a-p---md-	
4002	καί	c--------	καί	καί	c--------	c--------	
4003	ὁ	l-p---md-	ὁ	ὁ	l-p---md-	l-p---md-	
4004	ἄλλος	p-p---md-	ἄλλος	ἄλλος	p-p---md-	p-p---md-	
4005	ἅπας	p-p---md-	ἅπας	ἅπας	a-p---md-	p-p---md-	
4006	.	u--------	.	.	u--------	u--------	
4007	διαλέγω	v-sappmn-	διαλέγω	διαλέγω	v-sappmn-	v-sappmn-	
4008	δέ	c--------	δέ	δέ	d--------	c--------	
4009	περί	r--------	περί	περί	r--------	r--------	
4010	οὗτος	p-p---ng-	οὗτος	οὗτος	p-p---ng-	p-p---ng-	
4011	,	u--------	,	,	u--------	u--------	
4012	καί	c--------	καί	καί	d--------	c--------	
4013	ὁ	l-p---fa-	ὁ	ὁ	l-p---fa-	l-p---fa-	
4014	ὁ	l-s---fg-	ὁ	ὁ	l-s---fg-	l-s---fg-	
4015	Ἑλλάς	n-s---fg-	ἑλλάς	Ἑλλάς	n-s---fg-	n-s---fg-	
4016	συμφορά	n-p---fa-	συμφορά	συμφορά	n-p---fa-	n-p---fa-	
4017	ὀδύρομαι	v-sapmmn-	ὀδύρομαι	ὀδύρομαι	v-sapmmn-	v-sapmmn-	
4018	,	u--------	,	,	u--------	u--------	
4019	καί	c--------	καί	καί	c--------	c--------	
4020	ὁ	l-s---fd-	ὁ	ὁ	l-s---fd-	l-s---fd-	
4021	πόλις	n-s---fd-	πόλις	πόλις	n-s---fd-	n-s---fd-	
4022	παραινέω	v-sapamn-	παραινέω	παραινέω	v-sapamn-	v-sapamn-	
4023	ὡς	c--------	ὡς	ὡς	c--------	c--------	
4024	χρή	v3spia---	χρή	χρή	v3spia---	v3spia---	
4025	μή	d--------	μή	μή	d--------	d--------	
4026	περιοράω	v--pna---	περιοράω	περιοράω	v--pna---	v--pna---	
4027	αὐτός	p-s---fa-	αὐτός	αὐτός	p-s---fa-	p-s---fa-	
4028	οὕτως	d--------	οὕτως	οὕτως	d--------	d--------	
4029	πράσσω	v-sppafa-	πράσσω	πράσσω	v-sppafa-	v-sppafa-	
4030	,	u--------	,	,	u--------	u--------	
4031	ἐπί	r--------	ἐπί	ἐπί	r--------	r--------	
4032	τελευτή	n-s---fg-	τελευτή	τελευτή	n-s---fg-	n-s---fg-	
4033	ἐπί	r--------	ἐπί	ἐπί	r--------	r--------	
4034	τε	c--------	τε	τε	d--------	c--------	
4035	ὁ	l-s---fa-	ὁ	ὁ	l-s---fa-	l-s---fa-	
4036	δικαιοσύνη	n-s---fa-	δικαιοσύνη	δικαιοσύνη	n-s---fa-	n-s---fa-	
4037	παρακαλέω	v1spia---	παρακαλέω	παρακαλέω	v1spia---	v1spia---	
4038	καί	c--------	καί	καί	d--------	c--------	
4039	ὁ	l-p---nd-	ὁ	ὁ	l-p---nd-	l-p---nd-	
4040	ἁμαρτάνω	v-pppmnd-	ἁμαρτάνω	ἁμαρτάνω	v-pppemd-	v-pppmnd-	
4041	ἐπιπλήσσω	v1spia---	ἐπιπλήσσω	ἐπιπλήσσω	v1spia---	v1spia---	
4042	καί	c--------	καί	καί	c--------	c--------	
4043	περί	r--------	περί	περί	r--------	r--------	
4044	ὁ	l-p---ng-	ὁ	ὁ	l-p---ng-	l-p---ng-	
4045	μέλλω	v-pppang-	μέλλω	μέλλω	v-pppang-	v-pppang-	
4046	συμβουλεύω	v1spia---	συμβουλεύω	συμβουλεύω	v1spia---	v1spia---	
4047	.	u--------	.	.	u--------	u--------	
4048	λαμβάνω	v-sapamn-	λαμβάνω	λαμβάνω	v-sapamn-	v-sapamn-	
4049	οὖν	g--------	οὖν	οὖν	d--------	g--------	
4050	ἀρχή	n-s---fa-	ἀρχή	ἀρχή	n-s---fa-	n-s---fa-	
4051	οὗτος	p-s---fa-	οὗτος	οὗτος	a-s---fa-	p-s---fa-	
4052	ὅθεν	d--------	ὅθεν	ὅθεν	d--------	d--------	
4053	διαλέγω	v1spim---	διαλέγω	διαλέγω	v1spie---	v1spim---	
4054	περί	r--------	περί	περί	r--------	r--------	
4055	αὐτός	p-p---mg-	αὐτός	αὐτός	p-p---ng-	p-p---mg-	
4056	,	u--------	,	,	u--------	u--------	
4057	ἀναγιγνώσκω	v2sama---	ἀναγιγνώσκω	ἀναγιγνώσκω	v2sama---	v2sama---	
4058	καί	c--------	καί	καί	d--------	c--------	
4059	οὗτος	p-s---na-	οὗτος	οὗτος	a-s---na-	p-s---na-	
4060	ὁ	l-s---na-	ὁ	ὁ	l-s---na-	l-s---na-	
4061	μέρος	n-s---na-	μέρος	μέρος	n-s---na-	n-s---na-	
4062	αὐτός	p-p---md-	αὐτός	αὐτός	p-p---nd-	p-p---md-	
4063	.	u--------	.	.	u--------	u--------	
4064	δύο	m-d----g-	δύο	δύο	a-d---md-	m-d----g-	
4065	μέν	g--------	μέν	μέν	d--------	g--------	
4066	τοίνυν	g--------	τοίνυν	τοίνυν	d--------	g--------	
4067	λόγος	n-d---mg-	λόγος	λόγος	n-d---mg-	n-d---mg-	
4068	ἀκούω	v2pria---	ἀκούω	ἀκούω	v2pria---	v2pria---	
4069	·	u--------	·	·	u--------	u--------	
4070	βούλομαι	v1spim---	βούλομαι	βούλομαι	v1spie---	v1spim---	
4071	δέ	c--------	δέ	δέ	d--------	c--------	
4072	καί	c--------	καί	καί	d--------	c--------	
4073	ὁ	l-s---ng-	ὁ	ὁ	l-s---ng-	l-s---ng-	
4074	τρίτος	a-s---ng-	τρίτος	τρίτος	a-s---ng-	a-s---ng-	
4075	μικρός	a-p---na-	μικρός	μικρός	a-p---na-	a-p---na-	
4076	διέρχομαι	v--ana---	διέρχομαι	διέρχομαι	v--ana---	v--ana---	
4077	,	u--------	,	,	u--------	u--------	
4078	ἵνα	c--------	ἵνα	ἵνα	c--------	c--------	
4079	σύ	p-p---cd-	σύ	σύ	p-p---md-	p-p---cd-	
4080	ἔτι	d--------	ἔτι	ἔτι	d--------	d--------	
4081	μάλα	d-------c	μᾶλλον	μάλα	d-------c	d-------c	DISAGREE
4082	γίγνομαι	v3sasm---	γίγνομαι	γίγνομαι	v3sasm---	v3sasm---	
4083	καταφανής	a-s---nn-	καταφανής	καταφανής	a-s---nn-	a-s---nn-	
4084	ὅτι	c--------	ὅτι	ὅτι	c--------	c--------	
4085	πᾶς	p-p---mn-	πᾶς	πᾶς	a-p---mn-	p-p---mn-	
4086	ὁ	l-p---mn-	ὁ	ὁ	l-p---mn-	l-p---mn-	
4087	λόγος	n-p---mn-	λόγος	λόγος	n-p---mn-	n-p---mn-	
4088	πρός	r--------	πρός	πρός	r--------	r--------	
4089	ἀρετή	n-s---fa-	ἀρετή	ἀρετή	n-s---fa-	n-s---fa-	
4090	καί	c--------	καί	καί	c--------	c--------	
4091	δικαιοσύνη	n-s---fa-	δικαιοσύνη	δικαιοσύνη	n-s---fa-	n-s---fa-	
4092	συντείνω	v3ppia---	συντείνω	συντείνω	v3ppia---	v3ppia---	
4093	.	u--------	.	.	u--------	u--------	
4094	εἰμί	v3spia---	εἰμί	εἰμί	v3spia---	v3spia---	
4095	δέ	c--------	δέ	δέ	d--------	c--------	
4096	ὁ	l-s---mn-	ὁ	ὁ	l-s---mn-	l-s---mn-	
4097	μέλλω	v-sppamn-	μέλλω	μέλλω	v-sppamn-	v-sppamn-	
4098	δείκνυμι	v--fnp---	δείκνυμι	δείκνυμι	v--fnp---	v--fnp---	
4099	Νικοκλῆς	n-s---md-	νικοκλῆς	Νικοκλῆς	n-s---md-	n-s---md-	
4100	ὁ	l-s---md-	ὁ	ὁ	l-s---md-	l-s---md-	
4101	Κύπριος	a-s---md-	κύπριος	Κύπριος	a-s---md-	a-s---md-	
4102	,	u--------	,	,	u--------	u--------	
4103	ὁ	l-s---md-	ὁ	ὁ	l-s---md-	l-s---md-	
4104	κατά	r--------	κατά	κατά	r--------	r--------	
4105	ἐκεῖνος	p-s---ma-	ἐκεῖνος	ἐκεῖνος	a-s---ma-	p-s---ma-	
4106	ὁ	l-s---ma-	ὁ	ὁ	l-s---ma-	l-s---ma-	
4107	χρόνος	n-s---ma-	χρόνος	χρόνος	n-s---ma-	n-s---ma-	
4108	βασιλεύω	v-sppamd-	βασιλεύω	βασιλεύω	v-sppamd-	v-sppamd-	
4109	,	u--------	,	,	u--------	u--------	
4110	συμβουλεύω	v-sppamn-	συμβουλεύω	συμβουλεύω	v-sppamn-	v-sppamn-	
4111	ὡς	c--------	ὡς	ὡς	c--------	c--------	
4112	δέω	v3spia---	δεῖ	δέω	v3spia---	v3spia---	DISAGREE
4113	ὁ	l-p---mg-	ὁ	ὁ	l-p---mg-	l-p---mg-	
4114	πολίτης	n-p---mg-	πολίτης	πολίτης	n-p---mg-	n-p---mg-	
4115	ἄρχω	v--pna---	ἄρχω	ἄρχω	v--pna---	v--pna---	
4116	·	u--------	·	·	u--------	u--------	
4117	οὐ	d--------	οὐ	οὐ	d--------	d--------	
4118	ὅμοιος	d--------	ὅμοιος	ὅμοιος	d--------	d--------	
4119	δέ	c--------	δέ	δέ	d--------	c--------	
4120	γράφω	v3srim---	γράφω	γράφω	v3srie---	v3srim---	
4121	ὁ	l-p---nd-	ὁ	ὁ	l-p---md-	l-p---nd-	
4122	ἀναγιγνώσκω	v-prpmnd-	ἀναγιγνώσκω	ἀναγιγνώσκω	v-prpend-	v-prpmnd-	
4123	.	u--------	.	.	u--------	u--------	
4124	οὗτος	p-p---mn-	οὗτος	οὗτος	p-p---mn-	p-p---mn-	
4125	μέν	g--------	μέν	μέν	d--------	g--------	
4126	γάρ	g--------	γάρ	γάρ	d--------	g--------	
4127	ὁ	l-s---na-	ὁ	ὁ	l-s---na-	l-s---na-	
4128	λέγω	v-sppmna-	λέγω3	λέγω	v-sppena-	v-sppmna-	
4129	ὁμολογέω	v-sppmna-	ὁμολογέω	ὁμολογέω	v-sppena-	v-sppmna-	
4130	ἀεί	d--------	ἀεί	ἀεί	d--------	d--------	
4131	ὁ	l-s---nd-	ὁ	ὁ	l-s---md-	l-s---nd-	
4132	προλέγω	v-srpmnd-	προερέω	προλέγω	v-srpemd-	v-srpmnd-	DISAGREE
4133	καί	c--------	καί	καί	c--------	c--------	
4134	συγκλείω	v-srpmna-	συγκλείω	συγκλείω	v-srpena-	v-srpmna-	
4135	ἔχω	v3ppia---	ἔχω	ἔχω	v3ppia---	v3ppia---	
4136	,	u--------	,	,	u--------	u--------	
4137	ἐν	r--------	ἐν	ἐν	r--------	r--------	
4138	δέ	c--------	δέ	δέ	c--------	c--------	
4139	οὗτος	p-s---nd-	οὗτος	οὗτος	p-s---nd-	p-s---nd-	
4140	ὁ	l-s---na-	ὁ		l-s---na-		oga_only
4141	ἐναντίος	a-s---na-	ἐναντίος		a-s---na-		oga_only
4142	·	u--------		·		u--------	glaux_only
4143	ἀπολύω	v-sapamn-	ἀπολύω	ἀπολύω	v-sapamn-	v-sapamn-	
4144	γάρ	g--------	γάρ	γάρ	d--------	g--------	
4145	ἀπό	r--------	ἀπό	ἀπό	r--------	r--------	
4146	ὁ	l-s---ng-	ὁ	ὁ	l-s---ng-	l-s---ng-	
4147	πρότερος	a-s---ngc	πρότερος	πρότερος	a-s---ng-	a-s---ngc	
4148	καί	c--------	καί	καί	c--------	c--------	
4149	χωρίς	r--------	χωρίς	χωρίς	d--------	r--------	
4150	,	u--------	,	,	u--------	u--------	
4151	ὥσπερ	c--------	ὥσπερ	ὥσπερ	c--------	c--------	
4152	ὁ	l-p---nn-	ὁ	ὁ	l-p---na-	l-p---nn-	
4153	καλέω	v-pppmnn-	καλέω	καλέω	v-pppena-	v-pppmnn-	
4154	κεφάλαιος	a-p---nn-	κεφάλαιος	κεφάλαιος	n-p---na-	a-p---nn-	
4155	,	u--------	,	,	u--------	u--------	
4156	ποιέω	v-sapamn-	ποιέω	ποιέω	v-sapamn-	v-sapamn-	
4157	,	u--------	,	,	u--------	u--------	
4158	πειράω	v1spim---	πειράω	πειράω	v1spie---	v1spim---	
4159	διά	r--------	διά	διά	r--------	r--------	
4160	βραχύς	a-p---ng-	βραχύς	βραχύς	a-p---ng-	a-p---ng-	
4161	ἕκαστος	p-s---na-	ἕκαστος	ἕκαστος	a-s---na-	p-s---na-	
4162	ὅς	p-p---ng-	ὅς	ὅς	p-p---ng-	p-p---ng-	
4163	συμβουλεύω	v1spia---	συμβουλεύω	συμβουλεύω	v1spia---	v1spia---	
4164	φράζω	v--pna---	φράζω	φράζω	v--pna---	v--pna---	
4165	.	u--------	.	.	u--------	u--------	
4166	οὗτος	p-s---ng-	οὗτος	οὗτος	p-s---ng-	p-s---ng-	
4167	δέ	c--------	δέ	δέ	d--------	c--------	
4168	ἕνεκα	r--------	ἕνεκα	ἕνεκα	r--------	r--------	
4169	οὗτος	p-s---fa-	οὗτος	οὗτος	a-s---fa-	p-s---fa-	
4170	ποιέω	v1saim---	ποιέω	ποιέω	v1saim---	v1saim---	
4171	ὁ	l-s---fa-	ὁ	ὁ	l-s---fa-	l-s---fa-	
4172	ὑπόθεσις	n-s---fa-	ὑπόθεσις	ὑπόθεσις	n-s---fa-	n-s---fa-	
4173	,	u--------	,	,	u--------	u--------	
4174	ἡγέομαι	v-sppmmn-	ἡγέομαι	ἡγέομαι	v-sppemn-	v-sppmmn-	
4175	ἐκ	r--------	ἐκ	ἐκ	r--------	r--------	
4176	ὁ	l-s---ng-	ὁ	ὁ	l-s---ng-	l-s---ng-	
4177	παραινέω	v--pna---	παραινέω	παραινέω	v--pna---	v--pna---	
4178	ὁ	l-s---fa-	ὁ	ὁ	l-s---fa-	l-s---fa-	
4179	τε	c--------	τε	τε	d--------	c--------	
4180	διάνοια	n-s---fa-	διάνοια	διάνοια	n-s---fa-	n-s---fa-	
4181	ὁ	l-s---fa-	ὁ	ὁ	l-s---fa-	l-s---fa-	
4182	ἐκεῖνος	p-s---mg-	ἐκεῖνος	ἐκεῖνος	p-s---mg-	p-s---mg-	
4183	μάλα	d-------s	μάλιστα	μάλα	d-------s	d-------s	DISAGREE
4184	ὠφελέω	v--fna---	ὠφελέω	ὠφελέω	v--fna---	v--fna---	
4185	καί	c--------	καί	καί	c--------	c--------	
4186	ὁ	l-s---ma-	ὁ	ὁ	l-s---ma-	l-s---ma-	
4187	τρόπος	n-s---ma-	τρόπος	τρόπος	n-s---ma-	n-s---ma-	
4188	ὁ	l-s---ma-	ὁ	ὁ	l-s---ma-	l-s---ma-	
4189	ἐμαυτοῦ	p-s---mg-	ἐμαυτοῦ	ἐμαυτοῦ	p-s---mg-	p-s---mg-	
4190	ταχύς	a-p---nas	ταχύς	ταχύς	a-p---nas	a-p---nas	
4191	δηλόω	v--fna---	δηλόω	δηλόω	v--fna---	v--fna---	
4192	.	u--------	.	.	u--------	u--------	
4193	διά	r--------	διά	διά	r--------	r--------	
4194	ὁ	l-s---fa-	ὁ	ὁ	l-s---fa-	l-s---fa-	
4195	αὐτός	p-s---fa-	αὐτός	αὐτός	a-s---fa-	p-s---fa-	
4196	δέ	c--------	δέ	δέ	d--------	c--------	
4197	οὗτος	p-s---fa-	οὗτος	οὗτος	a-s---fa-	p-s---fa-	
4198	πρόφασις	n-s---fa-	πρόφασις	πρόφασις	n-s---fa-	n-s---fa-	
4199	καί	c--------	καί	καί	d--------	c--------	
4200	νῦν	d--------	νῦν	νῦν	d--------	d--------	
4201	αὐτός	p-s---ma-	αὐτός	αὐτός	a-s---ma-	p-s---ma-	
4202	αὐτός	p-s---ma-	αὐτός	αὐτός	a-s---ma-	p-s---ma-	
4203	σύ	p-p---cd-	σύ	σύ	p-p---md-	p-p---cd-	
4204	δείκνυμι	v--ana---	δείκνυμι	δείκνυμι	v--ana---	v--ana---	
4205	προαιρέω	v1saim---	προαιρέω	προαιρέω	v1saim---	v1saim---	
4206	,	u--------	,	,	u--------	u--------	
4207	οὐ	d--------	οὐ	οὐ	d--------	d--------	
4208	ὡς	c--------	ὡς	ὡς	d--------	c--------	
4209	ἀγαθός	a-p---nas	ἄριστος	ἀγαθός	a-p---nas	a-p---nas	DISAGREE
4210	ὁ	l-p---ng-	ὁ	ὁ	l-p---ng-	l-p---ng-	
4211	λοιπός	a-p---ng-	λοιπός	λοιπός	a-p---mg-	a-p---ng-	
4212	γράφω	v-srpmma-	γράφω	γράφω	v-srpena-	v-srpmma-	
4213	,	u--------	,	,	u--------	u--------	
4214	ἀλλά	c--------	ἀλλά	ἀλλά	c--------	c--------	
4215	ὡς	c--------	ὡς	ὡς	d--------	c--------	
4216	ἐκ	r--------	ἐκ	ἐκ	r--------	r--------	
4217	οὗτος	p-s---ng-	οὗτος	οὗτος	p-s---ng-	p-s---ng-	
4218	μάλα	d-------s	μάλιστα	μάλα	d--------	d-------s	DISAGREE
4219	φανερός	a-s---mn-	φανερός	φανερός	a-s---mn-	a-s---mn-	
4220	γίγνομαι	v-sfpmmn-	γίγνομαι	γίγνομαι	v-sfpmmn-	v-sfpmmn-	
4221	,	u--------	,	,	u--------	u--------	
4222	ὅς	p-s---ma-	ὅς	ὅς	a-s---ma-	p-s---ma-	
4223	τρόπος	n-s---ma-	τρόπος	τρόπος	n-s---ma-	n-s---ma-	
4224	ἐθίζω	v1srim---	ἐθίζω	ἐθίζω	v1srie---	v1srim---	
4225	καί	c--------	καί	καί	d--------	c--------	
4226	ὁ	l-p---md-	ὁ	ὁ	l-p---md-	l-p---md-	
4227	ἰδιώτης	n-p---md-	ἰδιώτης	ἰδιώτης	n-p---md-	n-p---md-	
4228	καί	c--------	καί	καί	c--------	c--------	
4229	ὁ	l-p---md-	ὁ	ὁ	l-p---md-	l-p---md-	
4230	δυνάστης	n-p---md-	δυνάστης	δυνάστης	n-p---md-	n-p---md-	
4231	πλησιάζω	v--pna---	πλησιάζω	πλησιάζω	v--pna---	v--pna---	
4232	·	u--------	·	·	u--------	u--------	
4233	φαίνω	v1sfip---	φαίνω	φαίνω	v1sfip---	v1sfip---	
4234	γάρ	g--------	γάρ	γάρ	d--------	g--------	
4235	πρός	r--------	πρός	πρός	r--------	r--------	
4236	αὐτός	p-s---ma-	αὐτός	αὐτός	p-s---ma-	p-s---ma-	
4237	ἐλεύθερος	d--------	ἐλεύθερος	ἐλεύθερος	a-s---mn-	d--------	
4238	καί	c--------	καί	καί	c--------	c--------	
4239	ὁ	l-s---fg-	ὁ	ὁ	l-s---fg-	l-s---fg-	
4240	πόλις	n-s---fg-	πόλις	πόλις	n-s---fg-	n-s---fg-	
4241	ἄξιος	d--------	ἄξιος	ἄξιος	d--------	d--------	
4242	διαλέγω	v-srpmmn-	διαλέγω	διαλέγω	v-srpemn-	v-srpmmn-	
4243	,	u--------	,	,	u--------	u--------	
4244	καί	c--------	καί	καί	c--------	c--------	
4245	οὐ	d--------	οὐ	οὐ	d--------	d--------	
4246	ὁ	l-s---ma-	ὁ	ὁ	l-s---ma-	l-s---ma-	
4247	ἐκεῖνος	p-s---mg-	ἐκεῖνος	ἐκεῖνος	p-s---mg-	p-s---mg-	
4248	πλοῦτος	n-s---ma-	πλοῦτος1	πλοῦτος	n-s---ma-	n-s---ma-	
4249	οὐ	d--------	οὐ	οὐ	d--------	d--------	
4250	δέ	c--------	δέ		c--------		oga_only
4251	ὁ	l-s---fa-	ὁ		l-s---fa-		oga_only
4252	δύναμις	n-s---fa-	δύναμις		n-s---fa-		oga_only
4253	θεραπεύω	v-sppamn-	θεραπεύω		v-sppamn-		oga_only
4254	ἀλλά	c--------	ἀλλά		c--------		oga_only
4255	ὁ	l-p---md-	ὁ		l-p---md-		oga_only
4256	ἄρχω	v-pppemd-	ἄρχω		v-pppemd-		oga_only
4257	ἐπαμύνω	v-sppamn-	ἐπαμύνω		v-sppamn-		oga_only
4258	,	u--------	,		u--------		oga_only
4259	καί	c--------	καί		c--------		oga_only
4260	παρασκευάζω	v-sppamn-	παρασκευάζω		v-sppamn-		oga_only
4261	κατά	r--------	κατά		r--------		oga_only
4262	ὅσος	a-s---na-	ὅσος		a-s---na-		oga_only
4263	δύναμαι	v1saim---	δύναμαι		v1saim---		oga_only
4264	ὁ	l-s---fa-	ὁ		l-s---fa-		oga_only
4265	πολιτεία	n-s---fa-	πολιτεία		n-s---fa-		oga_only
4266	αὐτός	p-p---md-	αὐτός		p-p---md-		oga_only
4267	ὡς	c--------	ὡς		c--------		oga_only
4268	οἷος	a-s---nn-	οἷος		a-s---nn-		oga_only
4269	τε	d--------	τε		d--------		oga_only
4270	πρᾶος	a-s---fas	πρᾶος		a-s---fas		oga_only
4271	.	u--------	.		u--------		oga_only
4272	ὅπου	d--------	ὅπου		d--------		oga_only
4273	δέ	d--------	δέ		d--------		oga_only
4274	βασιλεύς	n-s---md-	βασιλεύς		n-s---md-		oga_only
4275	διαλέγω	v-sfpmmn-	διαλέγω		v-sfpmmn-		oga_only
4276	ὑπέρ	r--------	ὑπέρ		r--------		oga_only
4277	ὁ	l-s---mg-	ὁ		l-s---mg-		oga_only
4278	δῆμος	n-s---mg-	δῆμος		n-s---mg-		oga_only
4279	ὁ	l-p---ma-	ὁ		l-p---ma-		oga_only
4280	λόγος	n-p---ma-	λόγος		n-p---ma-		oga_only
4281	ποιέω	v1siie---	ποιέω		v1siie---		oga_only
4282	,	u--------	,		u--------		oga_only
4283							unmatched
4284							unmatched
4285							unmatched
4286							unmatched
4287							unmatched
4288							unmatched
4289							unmatched
4290							unmatched
4291							unmatched
4292							unmatched
4293							unmatched
4294							unmatched
4295							unmatched
4296	ἐν	r--------		ἐν		r--------	glaux_only
4297	μέν	g--------		μέν		g--------	glaux_only
4298	οὖν	g--------		οὖν		g--------	glaux_only
4299	ὁ	l-s---nd-		ὁ		l-s---nd-	glaux_only
4300	προοίμιον	n-s---nd-		προοίμιον		n-s---nd-	glaux_only
4301	καί	c--------		καί		c--------	glaux_only
4302	ὁ	l-p---nd-		ὁ		l-p---nd-	glaux_only
4303	πρῶτος	a-p---nd-		πρῶτος		a-p---nd-	glaux_only
4304	λέγω	v-pppmnd-		λέγω		v-pppmnd-	glaux_only
4305	ἐπιτιμάω	v1spia---		ἐπιτιμάω		v1spia---	glaux_only
4306	ὁ	l-p---fd-		ὁ		l-p---fd-	glaux_only
4307	μοναρχία	n-p---fd-		μοναρχία		n-p---fd-	glaux_only
4308	,	u--------		,		u--------	glaux_only
4309	ὅτι	c--------		ὅτι		c--------	glaux_only
4310	δέω	v-sppann-		δέω		v-sppann-	glaux_only
4311	αὐτός	p-p---ma-		αὐτός		p-p---ma-	glaux_only
4312	ὁ	l-s---fa-		ὁ		l-s---fa-	glaux_only
4313	φρόνησις	n-s---fa-		φρόνησις		n-s---fa-	glaux_only
4314	ἀσκέω	v--pna---		ἀσκέω		v--pna---	glaux_only
4315	μάλα	d-------c		μάλα		d-------c	glaux_only
4316	ὁ	l-p---mg-	ὁ	ὁ	l-p---mg-	l-p---mg-	
4317	ἄλλος	p-p---mg-		ἄλλος		p-p---mg-	glaux_only
4318	,	u--------		,		u--------	glaux_only
4319	ὁ	l-p---mn-		ὁ		l-p---mn-	glaux_only
4320	δέ	c--------	δέ	δέ	d--------	c--------	
4321	κακός	a-s---nac		κακός		a-s---nac	glaux_only
4322	παιδεύω	v3ppim---		παιδεύω		v3ppim---	glaux_only
4323	ὁ	l-p---mg-		ὁ		l-p---mg-	glaux_only
4324	ἰδιώτης	n-p---mg-		ἰδιώτης		n-p---mg-	glaux_only
4325	.	u--------		.		u--------	glaux_only
4326	διαλέγω	v-sappmn-		διαλέγω		v-sappmn-	glaux_only
4327	δέ	c--------		δέ		c--------	glaux_only
4328	περί	r--------		περί		r--------	glaux_only
4329	οὗτος	p-p---ng-		οὗτος		p-p---ng-	glaux_only
4330	,	u--------		,		u--------	glaux_only
4331	παραινέω	v1spia---		παραινέω		v1spia---	glaux_only
4332	ὁ	l-s---md-		ὁ		l-s---md-	glaux_only
4333	Νικοκλῆς	n-s---md-		Νικοκλῆς		n-s---md-	glaux_only
4334	μή	d--------		μή		d--------	glaux_only
4335	ῥαθυμέω	v--pna---		ῥαθυμέω		v--pna---	glaux_only
4336							unmatched
4337							unmatched
4338	ὡς	c--------		ὡς		c--------	glaux_only
4339	περ	d--------		περ		d--------	glaux_only
4340	ἱερωσύνη	n-s---fa-		ἱερωσύνη		n-s---fa-	glaux_only
4341	λαμβάνω	v-srpama-		λαμβάνω		v-srpama-	glaux_only
4342	ὁ	l-s---fa-		ὁ		l-s---fa-	glaux_only
4343	βασιλεία	n-s---fa-		βασιλεία		n-s---fa-	glaux_only
4344	,	u--------		,		u--------	glaux_only
4345	οὕτως	d--------		οὕτως		d--------	glaux_only
4346	ὁ	l-s---fa-		ὁ		l-s---fa-	glaux_only
4347	γνώμη	n-s---fa-		γνώμη		n-s---fa-	glaux_only
4348	ἔχω	v--pna---		ἔχω		v--pna---	glaux_only
4349	,	u--------		,		u--------	glaux_only
4350	ἀλλά	c--------		ἀλλά		c--------	glaux_only
4351	ὁ	l-p---fg-		ὁ		l-p---fg-	glaux_only
4352	ἡδονή	n-p---fg-		ἡδονή		n-p---fg-	glaux_only
4353	ἀμελέω	v-sapama-		ἀμελέω		v-sapama-	glaux_only
4354	προσέχω	v--pna---		προσέχω		v--pna---	glaux_only
4355	ὁ	l-s---ma-		ὁ		l-s---ma-	glaux_only
4356	νόος	n-s---ma-		νόος		n-s---ma-	glaux_only
4357	ὁ	l-p---nd-		ὁ		l-p---nd-	glaux_only
4358	πρᾶγμα	n-p---nd-		πρᾶγμα		n-p---nd-	glaux_only
4359	.	u--------		.		u--------	glaux_only
4360	ἐπιχειρέω	v1spia---		ἐπιχειρέω		v1spia---	glaux_only
4361	δέ	c--------		δέ		c--------	glaux_only
4362	καί	c--------		καί		c--------	glaux_only
4363	οὗτος	p-s---na-		οὗτος		p-s---na-	glaux_only
4364	πείθω	v--pna---		πείθω		v--pna---	glaux_only
4365	αὐτός	p-s---ma-		αὐτός		p-s---ma-	glaux_only
4366	,	u--------		,		u--------	glaux_only
4367	ὡς	c--------		ὡς		c--------	glaux_only
4368	χρή	v3spia---		χρή		v3spia---	glaux_only
4369	δεινός	a-s---na-		δεινός		a-s---na-	glaux_only
4370	νομίζω	v--pna---		νομίζω		v--pna---	glaux_only
4371	,	u--------		,		u--------	glaux_only
4372	ὅταν	c--------		ὅταν		c--------	glaux_only
4373	ὁράω	v3spsa---		ὁράω		v3spsa---	glaux_only
4374	ὁ	l-p---ma-	ὁ	ὁ	l-p---ma-	l-p---ma-	
4375	μέν	g--------		μέν		g--------	glaux_only
4376	κακός	a-p---mac		κακός		a-p---mac	glaux_only
4377	ὁ	l-p---mg-		ὁ		l-p---mg-	glaux_only
4378	ἀγαθός	a-p---mgc		ἀγαθός		a-p---mgc	glaux_only
4379	ἄρχω	v-pppama-		ἄρχω		v-pppama-	glaux_only
4380	καί	c--------		καί		c--------	glaux_only
4381	ὁ	l-p---ma-		ὁ		l-p---ma-	glaux_only
4382	ἀνόητος	a-p---mac		ἀνόητος		a-p---mac	glaux_only
4383	ὁ	l-p---md-		ὁ		l-p---md-	glaux_only
4384	φρόνιμος	a-p---mdc		φρόνιμος		a-p---mdc	glaux_only
4385	προστάσσω	v-pppama-		προστάσσω		v-pppama-	glaux_only
4386	,	u--------		,		u--------	glaux_only
4387	λέγω	v-sppamn-		λέγω		v-sppamn-	glaux_only
4388	ὡς	c--------		ὡς		c--------	glaux_only
4389	ὅσος	p-s---nd-		ὅσος		p-s---nd-	glaux_only
4390	περ	d--------		περ		d--------	glaux_only
4391	ἄν	g--------		ἄν		g--------	glaux_only
4392	ἐρρωμένος	a-s---nac		ἐρρωμένος		a-s---nac	glaux_only
4393	ὁ	l-s---fa-	ὁ	ὁ	l-s---fa-	l-s---fa-	
4394	ὁ	l-p---mg-		ὁ		l-p---mg-	glaux_only
4395	ἄλλος	p-p---mg-		ἄλλος		p-p---mg-	glaux_only
4396	ἄνοια	n-s---fa-		ἄνοια		n-s---fa-	glaux_only
4397	ἀτιμάζω	v3sasa---		ἀτιμάζω		v3sasa---	glaux_only
4398	,	u--------		,		u--------	glaux_only
4399	τοσοῦτος	p-s---nd-		τοσοῦτος		p-s---nd-	glaux_only
4400	μάλα	d-------c		μάλα		d-------c	glaux_only
4401	ὁ	l-s---fa-		ὁ		l-s---fa-	glaux_only
4402	ἑαυτοῦ	p-s---mg-		ἑαυτοῦ		p-s---mg-	glaux_only
4403	διάνοια	n-s---fa-		διάνοια		n-s---fa-	glaux_only
4404	ἀσκέω	v3sfia---		ἀσκέω		v3sfia---	glaux_only
4405	.	u--------		.		u--------	glaux_only
4406	ποιέω	v-sapmmn-		ποιέω		v-sapmmn-	glaux_only
4407	οὖν	g--------		οὖν		g--------	glaux_only
4408	ἀρχή	n-s---fa-		ἀρχή		n-s---fa-	glaux_only
4409	ὅς	p-s---fa-		ὅς		p-s---fa-	glaux_only
4410	ἐγώ	p-s---cn-		ἐγώ		p-s---cn-	glaux_only
4411	τελευτή	n-s---fa-		τελευτή		n-s---fa-	glaux_only
4412	,	u--------		,		u--------	glaux_only
4413	ἀναγιγνώσκω	v2sama---		ἀναγιγνώσκω		v2sama---	glaux_only
4414	καί	c--------		καί		c--------	glaux_only
4415	οὗτος	p-s---mg-		οὗτος		p-s---mg-	glaux_only
4416	ὁ	l-s---mg-		ὁ		l-s---mg-	glaux_only
4417	λόγος	n-s---mg-		λόγος		n-s---mg-	glaux_only
4418	ὁ	l-s---na-		ὁ		l-s---na-	glaux_only
4419	λοιπός	a-s---na-		λοιπός		a-s---na-	glaux_only
4420	μέρος	n-s---na-		μέρος		n-s---na-	glaux_only
4421	αὐτός	p-p---md-		αὐτός		p-p---md-	glaux_only
4422	.	u--------		.		u--------	glaux_only
4423	ὁ	l-p---mg-	ὁ	ὁ	l-p---mg-	l-p---mg-	
4424	μέν	g--------		μέν		g--------	glaux_only
4425	τοίνυν	g--------		τοίνυν		g--------	glaux_only
4426	λόγος	n-p---mg-		λόγος		n-p---mg-	glaux_only
4427	ἅλις	d--------		ἅλις		d--------	glaux_only
4428	ἐγώ	p-p---cd-		ἐγώ		p-p---cd-	glaux_only
4429	εἰμί	v3spma---		εἰμί		v3spma---	glaux_only
4430	ὁ	l-p---mg-	ὁ	ὁ	l-p---ng-	l-p---mg-	
4431	ἀναγιγνώσκω	v-pppmmg-		ἀναγιγνώσκω		v-pppmmg-	glaux_only
4432	καί	c--------		καί		c--------	glaux_only
4433	τηλικοῦτος	p-s---na-		τηλικοῦτος		p-s---na-	glaux_only
4434	μῆκος	n-s---na-		μῆκος		n-s---na-	glaux_only
4435	ἔχω	v-pppamg-		ἔχω		v-pppamg-	glaux_only
4436	·	u--------		·		u--------	glaux_only
4437	ἐπεί	g--------		ἐπεί		g--------	glaux_only
4438	μικρός	a-s---ng-		μικρός		a-s---ng-	glaux_only
4439	γε	g--------		γε		g--------	glaux_only
4440	μέρος	n-s---ng-		μέρος		n-s---ng-	glaux_only
4441	ὁ	l-p---ng-		ὁ		l-p---ng-	glaux_only
4442	πάλαι	d--------		πάλαι		d--------	glaux_only
4443	γράφω	v-prpmng-		γράφω		v-prpmng-	glaux_only
4444	οὐ	d--------		οὐ		d--------	glaux_only
4445	ἄν	g--------	ἄν	ἄν	d--------	g--------	
4446	ἀπέχω	v1saom---		ἀπέχω		v1saom---	glaux_only
4447	,	u--------		,		u--------	glaux_only
4448	ἀλλά	c--------		ἀλλά		c--------	glaux_only
4449	λέγω	v1saoa---		λέγω		v1saoa---	glaux_only
4450	ἄν	g--------		ἄν		g--------	glaux_only
4451	εἰ	c--------		εἰ		c--------	glaux_only
4452	τις	p-s---nn-		τις		p-s---nn-	glaux_only
4453	ἐγώ	p-s---cd-		ἐγώ		p-s---cd-	glaux_only
4454	δοκέω	v3saoa---		δοκέω		v3saoa---	glaux_only
4455	πρέπω	v-sppann-		πρέπω		v-sppann-	glaux_only
4456	εἰμί	v--pna---		εἰμί		v--pna---	glaux_only
4457	ὁ	l-s---mg-		ὁ		l-s---mg-	glaux_only
4458	πάρειμι	v-sppamd-		πάρειμι		v-sppamd-	glaux_only
4459	καιρός	n-s---md-		καιρός		n-s---md-	glaux_only
4460	·	u--------		·		u--------	glaux_only
4461	καί	c--------	καί	καί	c--------	c--------	
4462	γάρ	g--------		γάρ		g--------	glaux_only
4463	ἄν	g--------		ἄν		g--------	glaux_only
4464	ἄτοπος	a-s---mn-		ἄτοπος		a-s---mn-	glaux_only
4465	εἰμί	v1spoa---		εἰμί		v1spoa---	glaux_only
4466	,	u--------		,		u--------	glaux_only
4467	εἰ	c--------		εἰ		c--------	glaux_only
4468	ὁ	l-p---ma-		ὁ		l-p---ma-	glaux_only
4469	ἄλλος	p-p---ma-		ἄλλος		p-p---ma-	glaux_only
4470	ὁράω	v-sppamn-		ὁράω		v-sppamn-	glaux_only
4471	ὁ	l-p---nd-		ὁ		l-p---nd-	glaux_only
4472	ἐμός	a-p---nd-		ἐμός		a-p---nd-	glaux_only
4473	χράω	v-pppmma-		χράω		v-pppmma-	glaux_only
4474	ἐγώ	p-s---cn-		ἐγώ		p-s---cn-	glaux_only
4475	μόνος	a-s---mn-		μόνος		a-s---mn-	glaux_only
4476	ἀπέχω	v1spom---		ἀπέχω		v1spom---	glaux_only
4477	ὁ	l-p---ng-		ὁ		l-p---ng-	glaux_only
4478	ὑπό	r--------		ὑπό		r--------	glaux_only
4479	ἐγώ	p-s---cg-		ἐγώ		p-s---cg-	glaux_only
4480	πρότερος	d-------c		πρότερος		d-------c	glaux_only
4481	λέγω	v-prpmng-		λέγω		v-prpmng-	glaux_only
4482	,	u--------		,		u--------	glaux_only
4483	ἄλλος	d--------		ἄλλος		d--------	glaux_only
4484	τε	c--------		τε		c--------	glaux_only
4485	καί	c--------		καί		c--------	glaux_only
4486	νῦν	d--------		νῦν		d--------	glaux_only
4487	ὅτε	c--------		ὅτε		c--------	glaux_only
4488	οὐ	d--------		οὐ		d--------	glaux_only
4489	μόνος	d--------	μόνος	μόνος	d--------	d--------	
4490	μικρός	a-p---nd-		μικρός		a-p---nd-	glaux_only
4491	μέρος	n-p---nd-		μέρος		n-p---nd-	glaux_only
4492	ἀλλά	c--------	ἀλλά	ἀλλά	c--------	c--------	
4493	ὅλος	a-p---nd-		ὅλος		a-p---nd-	glaux_only
4494	εἶδος	n-p---nd-		εἶδος		n-p---nd-	glaux_only
4495	προαιρέω	v1saim---		προαιρέω		v1saim---	glaux_only
4496	χράω	v--pnm---		χράω		v--pnm---	glaux_only
4497	πρός	r--------		πρός		r--------	glaux_only
4498	σύ	p-p---ca-		σύ		p-p---ca-	glaux_only
4499	.	u--------		.		u--------	glaux_only
4500	οὗτος	p-p---na-		οὗτος		p-p---na-	glaux_only
4501	μέν	g--------		μέν		g--------	glaux_only
4502	οὖν	g--------	οὖν	οὖν	d--------	g--------	
4503	,	u--------		,		u--------	glaux_only
4504	ὅπως	c--------		ὅπως		c--------	glaux_only
4505	ἄν	g--------		ἄν		g--------	glaux_only
4506	ἐγώ	p-p---cd-		ἐγώ		p-p---cd-	glaux_only
4507	συμπίπτω	v3spsa---		συμπίπτω		v3spsa---	glaux_only
4508	,	u--------		,		u--------	glaux_only
4509	ποιέω	v1pfia---		ποιέω		v1pfia---	glaux_only
4510	.	u--------		.		u--------	glaux_only
4511	λέγω	v1saia---		λέγω		v1saia---	glaux_only
4512	δέ	c--------		δέ		c--------	glaux_only
4513	που	d--------		που		d--------	glaux_only
4514	,	u--------		,		u--------	glaux_only
4515	πρίν	c--------		πρίν		c--------	glaux_only
4516	ἀναγιγνώσκω	v--pnm---		ἀναγιγνώσκω		v--pnm---	glaux_only
4517	οὗτος	p-p---ma-		οὗτος		p-p---ma-	glaux_only
4518	,	u--------		,		u--------	glaux_only
4519	ὡς	c--------		ὡς		c--------	glaux_only
4520	ἄξιος	a-s---mn-		ἄξιος		a-s---mn-	glaux_only
4521	εἰμί	v1spoa---		εἰμί		v1spoa---	glaux_only
4522	οὐ	d--------		οὐ		d--------	glaux_only
4523	μόνος	d--------		μόνος		d--------	glaux_only
4524	,	u--------		,		u--------	glaux_only
4525	εἰ	c--------		εἰ		c--------	glaux_only
4526	βλαβερός	a-p---md-		βλαβερός		a-p---md-	glaux_only
4527	χράω	v1spim---		χράω		v1spim---	glaux_only
4528	ὁ	l-p---md-		ὁ		l-p---md-	glaux_only
4529	λόγος	n-p---md-		λόγος		n-p---md-	glaux_only
4530	,	u--------		,		u--------	glaux_only
4531	δίδωμι	v--ana---		δίδωμι		v--ana---	glaux_only
4532	δίκη	n-s---fa-		δίκη		n-s---fa-	glaux_only
4533	σύ	p-p---cd-		σύ		p-p---cd-	glaux_only
4534	,	u--------		,		u--------	glaux_only
4535	ἀλλά	c--------		ἀλλά		c--------	glaux_only
4536	εἰ	c--------		εἰ		c--------	glaux_only
4537	μή	d--------		μή		d--------	glaux_only
4538	τοιοῦτος	p-p---nd-		τοιοῦτος		p-p---nd-	glaux_only
4539	οἷος	p-p---nd-		οἷος		p-p---nd-	glaux_only
4540	οὐδείς	p-s---mn-		οὐδείς		p-s---mn-	glaux_only
4541	ἄλλος	p-s---mn-		ἄλλος		p-s---mn-	glaux_only
4542	,	u--------		,		u--------	glaux_only
4543	ὁ	l-s---fg-		ὁ		l-s---fg-	glaux_only
4544	μέγας	a-s---fgs		μέγας		a-s---fgs	glaux_only
4545	τυγχάνω	v--ana---		τυγχάνω		v--ana---	glaux_only
4546	τιμωρία	n-s---fg-		τιμωρία		n-s---fg-	glaux_only
4547	.	u--------		.		u--------	glaux_only
4548	εἰ	c--------		εἰ		c--------	glaux_only
4549	τις	p-p---cn-		τις		p-p---cn-	glaux_only
4550	οὖν	g--------		οὖν		g--------	glaux_only
4551	σύ	p-p---cg-		σύ		p-p---cg-	glaux_only
4552	ὑπολαμβάνω	v3paia---		ὑπολαμβάνω		v3paia---	glaux_only
4553	τότε	d--------		τότε		d--------	glaux_only
4554	λίαν	d--------		λίαν		d--------	glaux_only
4555	ἀλαζονικός	a-s---na-		ἀλαζονικός		a-s---na-	glaux_only
4556	εἰμί	v--pna---		εἰμί		v--pna---	glaux_only
4557	καί	c--------	καί	καί	c--------	c--------	
4558	μέγας	a-s---na-		μέγας		a-s---na-	glaux_only
4559	ὁ	l-s---na-		ὁ		l-s---na-	glaux_only
4560	λέγω	v-sappna-		λέγω		v-sappna-	glaux_only
4561	,	u--------		,		u--------	glaux_only
4562	οὐ	d--------		οὐ		d--------	glaux_only
4563	ἄν	g--------		ἄν		g--------	glaux_only
4564	δίκαιος	d--------		δίκαιος		d--------	glaux_only
4565	ἔτι	d--------		ἔτι		d--------	glaux_only
4566	ὁ	l-s---fa-		ὁ		l-s---fa-	glaux_only
4567	γνώμη	n-s---fa-		γνώμη		n-s---fa-	glaux_only
4568	οὗτος	p-s---fa-		οὗτος		p-s---fa-	glaux_only
4569	ἔχω	v3ppoa---		ἔχω		v3ppoa---	glaux_only
4570	·	u--------		·		u--------	glaux_only
4571	οἴομαι	v1spim---		οἴομαι		v1spim---	glaux_only
4572	γάρ	g--------		γάρ		g--------	glaux_only
4573	ἀποδίδωμι	v--rna---		ἀποδίδωμι		v--rna---	glaux_only
4574	ὁ	l-s---fa-		ὁ		l-s---fa-	glaux_only
4575	ὑπόσχεσις	n-s---fa-		ὑπόσχεσις		n-s---fa-	glaux_only
4576	καί	c--------		καί		c--------	glaux_only
4577	τοιοῦτος	p-p---ma-		τοιοῦτος		p-p---ma-	glaux_only
4578	εἰμί	v--pna---		εἰμί		v--pna---	glaux_only
4579	ὁ	l-p---ma-	ὁ	ὁ	l-p---ma-	l-p---ma-	
4580	λόγος	n-p---ma-		λόγος		n-p---ma-	glaux_only
4581	ὁ	l-p---ma-		ὁ		l-p---ma-	glaux_only
4582	ἀναγιγνώσκω	v-pappma-		ἀναγιγνώσκω		v-pappma-	glaux_only
4583	οἷος	p-p---ma-		οἷος		p-p---ma-	glaux_only
4584	περ	d--------		περ		d--------	glaux_only
4585	ἐκ	r--------		ἐκ		r--------	glaux_only
4586	ἀρχή	n-s---fg-		ἀρχή		n-s---fg-	glaux_only
4587	ὑποτίθημι	v1saim---		ὑποτίθημι		v1saim---	glaux_only
4588	.	u--------		.		u--------	glaux_only
4589	βούλομαι	v1spim---		βούλομαι		v1spim---	glaux_only
4590	δέ	c--------		δέ		c--------	glaux_only
4591	σύ	p-p---cd-		σύ		p-p---cd-	glaux_only
4592	διά	r--------		διά		r--------	glaux_only
4593	βραχύς	a-p---ng-		βραχύς		a-p---ng-	glaux_only
4594	ἀπολογέομαι	v--anm---		ἀπολογέομαι		v--anm---	glaux_only
4595	περί	r--------		περί		r--------	glaux_only
4596	ἕκαστος	p-s---ng-		ἕκαστος		p-s---ng-	glaux_only
4597	,	u--------		,		u--------	glaux_only
4598	καί	c--------	καί	καί	c--------	c--------	
4599	ποιέω	v--ana---		ποιέω		v--ana---	glaux_only
4600	μάλα	d-------c		μάλα		d-------c	glaux_only
4601	ἔτι	d--------		ἔτι		d--------	glaux_only
4602	καταφανής	a-s---na-		καταφανής		a-s---na-	glaux_only
4603	ὡς	c--------		ὡς		c--------	glaux_only
4604	ἀληθής	a-p---na-		ἀληθής		a-p---na-	glaux_only
4605	καί	c--------	καί	καί	c--------	c--------	
4606	τότε	d--------		τότε		d--------	glaux_only
4607	προλέγω	v1saia---		προλέγω		v1saia---	glaux_only
4608	καί	c--------		καί		c--------	glaux_only
4609	νῦν	d--------		νῦν		d--------	glaux_only
4610	λέγω	v1spia---		λέγω		v1spia---	glaux_only
4611	περί	r--------		περί		r--------	glaux_only
4612	αὐτός	p-p---ng-		αὐτός		p-p---ng-	glaux_only
4613	.	u--------	.	.	u--------	u--------	
4614	καί	c--------	καί	καί	c--------	c--------	
4615	πρῶτος	a-s---na-		πρῶτος		a-s---na-	glaux_only
4616	μέν	g--------		μέν		g--------	glaux_only
4617	ποῖος	p-s---mn-		ποῖος		p-s---mn-	glaux_only
4618	γίγνομαι	v3saom---		γίγνομαι		v3saom---	glaux_only
4619	ἄν	g--------		ἄν		g--------	glaux_only
4620	λόγος	n-s---mn-		λόγος		n-s---mn-	glaux_only
4621	ὅσιος	a-s---mnc		ὅσιος		a-s---mnc	glaux_only
4622	ἤ	c--------		ἤ		c--------	glaux_only
4623	δίκαιος	a-s---mnc		δίκαιος		a-s---mnc	glaux_only
4624	ὁ	l-s---mg-		ὁ		l-s---mg-	glaux_only
4625	ὁ	l-p---ma-		ὁ		l-p---ma-	glaux_only
4626	πρόγονος	n-p---ma-		πρόγονος		n-p---ma-	glaux_only
4627	ἐγκωμιάζω	v-sppamg-		ἐγκωμιάζω		v-sppamg-	glaux_only
4628	ἄξιος	d--------		ἄξιος		d--------	glaux_only
4629	ὁ	l-s---fg-	ὁ	ὁ	l-s---fg-	l-s---fg-	
4630	ἀρετή	n-s---fg-		ἀρετή		n-s---fg-	glaux_only
4631	ὁ	l-s---fg-		ὁ		l-s---fg-	glaux_only
4632	ἐκεῖνος	p-p---mg-		ἐκεῖνος		p-p---mg-	glaux_only
4633	καί	c--------		καί		c--------	glaux_only
4634	ὁ	l-p---ng-		ὁ		l-p---ng-	glaux_only
4635	ἔργον	n-p---ng-		ἔργον		n-p---ng-	glaux_only
4636	ὁ	l-p---ng-		ὁ		l-p---ng-	glaux_only
4637	πράσσω	v-prpmng-		πράσσω		v-prpmng-	glaux_only
4638	αὐτός	p-p---md-		αὐτός		p-p---md-	glaux_only
4639	;	u--------		;		u--------	glaux_only
4640	ἔπειτα	d--------		ἔπειτα		d--------	glaux_only
4641	τίς	p-s---cn-		τίς		p-s---cn-	glaux_only
4642	ἄν	g--------		ἄν		g--------	glaux_only
4643	πολιτικός	a-s---mnc		πολιτικός		a-s---mnc	glaux_only
4644	καί	c--------		καί		c--------	glaux_only
4645	μάλα	d-------c		μάλα		d-------c	glaux_only
4646	πρέπω	v-sppamn-		πρέπω		v-sppamn-	glaux_only
4647	ὁ	l-s---fd-		ὁ		l-s---fd-	glaux_only
4648	πόλις	n-s---fd-		πόλις		n-s---fd-	glaux_only
4649	ὁ	l-s---mg-		ὁ		l-s---mg-	glaux_only
4650	ὁ	l-s---fa-		ὁ		l-s---fa-	glaux_only
4651	ἡγεμονία	n-s---fa-		ἡγεμονία		n-s---fa-	glaux_only
4652	ἀποφαίνω	v-sppamg-		ἀποφαίνω		v-sppamg-	glaux_only
4653	ἐκ	r--------		ἐκ		r--------	glaux_only
4654	τε	c--------		τε		c--------	glaux_only
4655	ὁ	l-p---fg-		ὁ		l-p---fg-	glaux_only
4656	ἄλλος	p-p---fg-		ἄλλος		p-p---fg-	glaux_only
4657	εὐεργεσία	n-p---fg-		εὐεργεσία		n-p---fg-	glaux_only
4658	καί	c--------		καί		c--------	glaux_only
4659	ὁ	l-p---mg-		ὁ		l-p---mg-	glaux_only
4660	κίνδυνος	n-p---mg-		κίνδυνος		n-p---mg-	glaux_only
4661	ἡμέτερος	a-s---fa-		ἡμέτερος		a-s---fa-	glaux_only
4662	εἰμί	v-sppafa-		εἰμί		v-sppafa-	glaux_only
4663	μάλα	d-------c		μάλα		d-------c	glaux_only
4664	ἤ	c--------		ἤ		c--------	glaux_only
4665	Λακεδαιμόνιος	a-p---mg-		Λακεδαιμόνιος		a-p---mg-	glaux_only
4666	;	u--------		;		u--------	glaux_only
4667	ἔτι	d--------		ἔτι		d--------	glaux_only
4668	δέ	c--------		δέ		c--------	glaux_only
4669	τίς	p-s---cn-		τίς		p-s---cn-	glaux_only
4670	ἄν	g--------		ἄν		g--------	glaux_only
4671	περί	r--------		περί		r--------	glaux_only
4672	καλός	a-p---ngc		καλός		a-p---ngc	glaux_only
4673	καί	c--------	καί	καί	c--------	c--------	
4674	μέγας	a-p---ngc		μέγας		a-p---ngc	glaux_only
4675	πρᾶγμα	n-p---ng-		πρᾶγμα		n-p---ng-	glaux_only
4676	ὁ	l-s---mg-		ὁ		l-s---mg-	glaux_only
4677	ὁ	l-p---ma-	ὁ	ὁ	l-p---ma-	l-p---ma-	
4678	Ἕλλην	n-p---ma-		Ἕλλην		n-p---ma-	glaux_only
4679	ἐπί	r--------		ἐπί		r--------	glaux_only
4680	τε	c--------		τε		c--------	glaux_only
4681	ὁ	l-s---fa-		ὁ		l-s---fa-	glaux_only
4682	ὁ	l-p---mg-	ὁ	ὁ	l-p---mg-	l-p---mg-	
4683	βάρβαρος	a-p---mg-		βάρβαρος		a-p---mg-	glaux_only
4684	στρατεία	n-s---fa-		στρατεία		n-s---fa-	glaux_only
4685	παρακαλέω	v-sppamg-		παρακαλέω		v-sppamg-	glaux_only
4686	καί	c--------		καί		c--------	glaux_only
4687	περί	r--------		περί		r--------	glaux_only
4688	ὁ	l-s---fg-		ὁ		l-s---fg-	glaux_only
4689	πρός	r--------		πρός		r--------	glaux_only
4690	ἀλλήλων	p-p---ma-		ἀλλήλων		p-p---ma-	glaux_only
4691	ὁμόνοια	n-s---fg-		ὁμόνοια		n-s---fg-	glaux_only
4692	συμβουλεύω	v-sppamg-		συμβουλεύω		v-sppamg-	glaux_only
4693	;	u--------		;		u--------	glaux_only
4694	ἐν	r--------		ἐν		r--------	glaux_only
4695	μέν	g--------		μέν		g--------	glaux_only
4696	τοίνυν	g--------		τοίνυν		g--------	glaux_only
4697	ὁ	l-s---md-		ὁ		l-s---md-	glaux_only
4698	πρῶτος	a-s---md-		πρῶτος		a-s---md-	glaux_only
4699	λόγος	n-s---md-		λόγος		n-s---md-	glaux_only
4700	περί	r--------		περί		r--------	glaux_only
4701	οὗτος	p-p---ng-		οὗτος		p-p---ng-	glaux_only
4702	τυγχάνω	v1spia---		τυγχάνω		v1spia---	glaux_only
4703	διαλέγω	v-srpmmn-		διαλέγω		v-srpmmn-	glaux_only
4704	,	u--------		,		u--------	glaux_only
4705	ἐν	r--------		ἐν		r--------	glaux_only
4706	δέ	c--------	δέ	δέ	d--------	c--------	
4707	ὁ	l-p---nd-	ὁ	ὁ	l-p---md-	l-p---nd-	
4708	ὕστερος	a-p---md-		ὕστερος		a-p---md-	glaux_only
4709	περί	r--------		περί		r--------	glaux_only
4710	ἐλαχύς	a-p---ngc		ἐλαχύς		a-p---ngc	glaux_only
4711	μέν	g--------		μέν		g--------	glaux_only
4712	ἤ	c--------		ἤ		c--------	glaux_only
4713	τηλικοῦτος	p-p---ng-		τηλικοῦτος		p-p---ng-	glaux_only
4714	,	u--------		,		u--------	glaux_only
4715	οὐ	d--------		οὐ		d--------	glaux_only
4716	μήν	g--------		μήν		g--------	glaux_only
4717	περί	r--------		περί		r--------	glaux_only
4718	ἄχρηστος	a-p---ngc		ἄχρηστος		a-p---ngc	glaux_only
4719							unmatched
4720	ἥσσων	a-s---nac		ἥσσων		a-s---nac	glaux_only
4721	ὁ	l-s---fd-	ὁ	ὁ	l-s---fd-	l-s---fd-	
4722	πόλις	n-s---fd-	πόλις	πόλις	n-s---fd-	n-s---fd-	
4723	συμφέρω	v-pppang-		συμφέρω		v-pppang-	glaux_only
4724	.	u--------	.	.	u--------	u--------	
4725	γιγνώσκω	v2pfim---		γιγνώσκω		v2pfim---	glaux_only
4726	δέ	c--------	δέ	δέ	d--------	c--------	
4727	ὁ	l-s---fa-		ὁ		l-s---fa-	glaux_only
4728	δύναμις	n-s---fa-		δύναμις		n-s---fa-	glaux_only
4729	αὐτός	p-p---mg-		αὐτός		p-p---mg-	glaux_only
4730	,	u--------		,		u--------	glaux_only
4731	ἐάν	c--------		ἐάν		c--------	glaux_only
4732	παραβάλλω	v2ppsa---		παραβάλλω		v2ppsa---	glaux_only
4733	πρός	r--------		πρός		r--------	glaux_only
4734	ἕτερος	p-p---na-		ἕτερος		p-p---na-	glaux_only
4735	ὁ	l-p---mg-		ὁ		l-p---mg-	glaux_only
4736	εὐδοκιμέω	v-pppamg-		εὐδοκιμέω		v-pppamg-	glaux_only
4737	καί	c--------	καί	καί	c--------	c--------	
4738	ὁ	l-p---mg-		ὁ		l-p---mg-	glaux_only
4739	ὠφέλιμος	a-p---mg-		ὠφέλιμος		a-p---mg-	glaux_only
4740	εἰμί	v--pna---		εἰμί		v--pna---	glaux_only
4741	δοκέω	v-pppamg-		δοκέω		v-pppamg-	glaux_only
4742	.	u--------		.		u--------	glaux_only
4743	οἴομαι	v1spim---		οἴομαι		v1spim---	glaux_only
4744	δή	g--------		δή		g--------	glaux_only
4745	πᾶς	p-p---ma-		πᾶς		p-p---ma-	glaux_only
4746	ἄν	g--------		ἄν		g--------	glaux_only
4747	ὁμολογέω	v--ana---		ὁμολογέω		v--ana---	glaux_only
4748	ὁ	l-p---ma-		ὁ		l-p---ma-	glaux_only
4749	νόμος	n-p---ma-		νόμος		n-p---ma-	glaux_only
4750	πολύς	a-p---ngs		πολύς		a-p---ngs	glaux_only
4751	καί	c--------	καί	καί	d--------	c--------	
4752	μέγας	a-p---ngs		μέγας		a-p---ngs	glaux_only
4753	ἀγαθός	a-p---ng-		ἀγαθός		a-p---ng-	glaux_only
4754	αἴτιος	a-p---ma-		αἴτιος		a-p---ma-	glaux_only
4755	εἰμί	v--pna---		εἰμί		v--pna---	glaux_only
4756	ὁ	l-s---md-		ὁ		l-s---md-	glaux_only
4757	βίος	n-s---md-		βίος		n-s---md-	glaux_only
4758	ὁ	l-p---mg-	ὁ	ὁ	l-p---ng-	l-p---mg-	
4759	ἄνθρωπος	n-p---mg-		ἄνθρωπος		n-p---mg-	glaux_only
4760	·	u--------		·		u--------	glaux_only
4761	ἀλλά	c--------		ἀλλά		c--------	glaux_only
4762	ὁ	l-s---fn-		ὁ		l-s---fn-	glaux_only
4763	μέν	g--------		μέν		g--------	glaux_only
4764	οὗτος	p-p---mg-		οὗτος		p-p---mg-	glaux_only
4765	χρῆσις	n-s---fn-		χρῆσις		n-s---fn-	glaux_only
4766	οὗτος	p-s---na-		οὗτος		p-s---na-	glaux_only
4767	ὠφελέω	v--pna---		ὠφελέω		v--pna---	glaux_only
4768	μόνος	d--------		μόνος		d--------	glaux_only
4769	φύω	v3sria---		φύω		v3sria---	glaux_only
4770	,	u--------		,		u--------	glaux_only
4771	ὁ	l-p---na-		ὁ		l-p---na-	glaux_only
4772	κατά	r--------		κατά		r--------	glaux_only
4773	ὁ	l-s---fa-		ὁ		l-s---fa-	glaux_only
4774	πόλις	n-s---fa-		πόλις		n-s---fa-	glaux_only
4775	καί	c--------		καί		c--------	glaux_only
4776	ὁ	l-p---na-		ὁ		l-p---na-	glaux_only
4777	συμβόλαιον	n-p---na-		συμβόλαιον		n-p---na-	glaux_only
4778	ὁ	l-p---na-		ὁ		l-p---na-	glaux_only
4779	γίγνομαι	v-pppmna-		γίγνομαι		v-pppmna-	glaux_only
4780	πρός	r--------		πρός		r--------	glaux_only
4781	ἐγώ	p-p---ca-		ἐγώ		p-p---ca-	glaux_only
4782	αὐτός	p-p---ma-		αὐτός		p-p---ma-	glaux_only
4783	·	u--------		·		u--------	glaux_only
4784	εἰ	c--------		εἰ		c--------	glaux_only
4785	δέ	c--------		δέ		c--------	glaux_only
4786	ὁ	l-p---md-		ὁ		l-p---md-	glaux_only
4787	λόγος	n-p---md-		λόγος		n-p---md-	glaux_only
4788	πείθω	v2ppom---		πείθω		v2ppom---	glaux_only
4789	ὁ	l-p---md-		ὁ		l-p---md-	glaux_only
4790	ἐμός	a-p---md-		ἐμός		a-p---md-	glaux_only
4791	,	u--------		,		u--------	glaux_only
4792	ὅλος	a-s---fa-		ὅλος		a-s---fa-	glaux_only
4793	ὁ	l-s---fa-		ὁ		l-s---fa-	glaux_only
4794	Ἑλλάς	n-s---fa-		Ἑλλάς		n-s---fa-	glaux_only
4795	καλός	d--------		καλός		d--------	glaux_only
4796	ἄν	g--------		ἄν		g--------	glaux_only
4797	διοικέω	v2ppoa---		διοικέω		v2ppoa---	glaux_only
4798	καί	c--------	καί	καί	d--------	c--------	
4799	δίκαιος	d--------		δίκαιος		d--------	glaux_only
4800	καί	c--------	καί	καί	c--------	c--------	
4801	ὁ	l-s---fd-		ὁ		l-s---fd-	glaux_only
4802	πόλις	n-s---fd-		πόλις		n-s---fd-	glaux_only
4803	συμφερόντως	d--------		συμφερόντως		d--------	glaux_only
4804	.	u--------		.		u--------	glaux_only
4805	χρή	v3spia---		χρή		v3spia---	glaux_only
4806	δέ	c--------		δέ		c--------	glaux_only
4807	ὁ	l-p---ma-		ὁ		l-p---ma-	glaux_only
4808	νόος	n-s---ma-		νόος		n-s---ma-	glaux_only
4809	ἔχω	v-pppama-		ἔχω		v-pppama-	glaux_only
4810	περί	r--------		περί		r--------	glaux_only
4811	ἀμφότερος	a-p---na-		ἀμφότερος		a-p---na-	glaux_only
4812	μέν	g--------	μέν	μέν	d--------	g--------	
4813	οὗτος	p-p---na-		οὗτος		p-p---na-	glaux_only
4814	σπουδάζω	v--pna---		σπουδάζω		v--pna---	glaux_only
4815	,	u--------		,		u--------	glaux_only
4816	αὐτός	p-d---md-		αὐτός		p-d---md-	glaux_only
4817	δέ	c--------		δέ		c--------	glaux_only
4818	οὗτος	p-d---md-		οὗτος		p-d---md-	glaux_only
4819	ὁ	l-s---na-		ὁ		l-s---na-	glaux_only
4820	μέγας	a-s---nac		μέγας		a-s---nac	glaux_only
4821	καί	c--------	καί	καί	c--------	c--------	
4822	ὁ	l-s---na-		ὁ		l-s---na-	glaux_only
4823	πολύς	a-s---ngc		πολύς		a-s---ngc	glaux_only
4824	ἄξιος	a-s---na-		ἄξιος		a-s---na-	glaux_only
4825	προτιμάω	v--pna---		προτιμάω		v--pna---	glaux_only
4826	,	u--------		,		u--------	glaux_only
4827	ἔπειτα	d--------		ἔπειτα		d--------	glaux_only
4828							unmatched
4829							unmatched
4830	γιγνώσκω	v--pna---		γιγνώσκω		v--pna---	glaux_only
4831	,	u--------		,		u--------	glaux_only
4832	ὅτι	c--------		ὅτι		c--------	glaux_only
4833	νόμος	n-p---ma-		νόμος		n-p---ma-	glaux_only
4834	μέν	g--------		μέν		g--------	glaux_only
4835	τίθημι	v--ana---		τίθημι		v--ana---	glaux_only
4836	μυρίος	a-p---mn-		μυρίος		a-p---mn-	glaux_only
4837	καί	c--------	καί	καί	d--------	c--------	
4838	ὁ	l-p---mg-		ὁ		l-p---mg-	glaux_only
4839	ἄλλος	p-p---mg-		ἄλλος		p-p---mg-	glaux_only
4840	Ἕλλην	n-p---mg-		Ἕλλην		n-p---mg-	glaux_only
4841	καί	c--------	καί	καί	c--------	c--------	
4842	ὁ	l-p---mg-	ὁ	ὁ	l-p---mg-	l-p---mg-	
4843	βάρβαρος	a-p---mg-		βάρβαρος		a-p---mg-	glaux_only
4844	ἱκανός	a-p---mn-		ἱκανός		a-p---mn-	glaux_only
4845	γίγνομαι	v3pria---		γίγνομαι		v3pria---	glaux_only
4846	,	u--------		,		u--------	glaux_only
4847	λέγω	v--ana---		λέγω		v--ana---	glaux_only
4848	δέ	c--------	δέ	δέ	c--------	c--------	
4849	περί	r--------		περί		r--------	glaux_only
4850	ὁ	l-p---ng-		ὁ		l-p---ng-	glaux_only
4851	συμφέρω	v-pppang-		συμφέρω		v-pppang-	glaux_only
4852	ἄξιος	d--------		ἄξιος		d--------	glaux_only
4853	ὁ	l-s---fg-	ὁ	ὁ	l-s---fg-	l-s---fg-	
4854	πόλις	n-s---fg-		πόλις		n-s---fg-	glaux_only
4855	καί	c--------		καί		c--------	glaux_only
4856	ὁ	l-s---fg-		ὁ		l-s---fg-	glaux_only
4857	Ἑλλάς	n-s---fg-		Ἑλλάς		n-s---fg-	glaux_only
4858	οὐ	d--------		οὐ		d--------	glaux_only
4859	ἄν	g--------		ἄν		g--------	glaux_only
4860	πολύς	a-p---mn-		πολύς		a-p---mn-	glaux_only
4861	δύναμαι	v3paop---		δύναμαι		v3paop---	glaux_only
4862	.	u--------		.		u--------	glaux_only
4863	ὅς	p-p---ng-		ὅς		p-p---ng-	glaux_only
4864	ἕνεκα	r--------		ἕνεκα		r--------	glaux_only
4865	ὁ	l-p---ma-		ὁ		l-p---ma-	glaux_only
4866	ἔργον	n-s---na-		ἔργον		n-s---na-	glaux_only
4867	ποιέω	v-pppmma-		ποιέω		v-pppmma-	glaux_only
4868	ὁ	l-p---ma-		ὁ		l-p---ma-	glaux_only
4869	τοιοῦτος	p-p---ma-		τοιοῦτος		p-p---ma-	glaux_only
4870	λόγος	n-p---ma-		λόγος		n-p---ma-	glaux_only
4871	εὑρίσκω	v--pna---		εὑρίσκω		v--pna---	glaux_only
4872	τοσοῦτος	p-s---nd-		τοσοῦτος		p-s---nd-	glaux_only
4873	χρή	v3spia---		χρή		v3spia---	glaux_only
4874	περί	r--------		περί		r--------	glaux_only
4875	πολύς	a-s---ngc		πολύς		a-s---ngc	glaux_only
4876	ποιέω	v--pnm---		ποιέω		v--pnm---	glaux_only
4877	ὁ	l-p---mg-		ὁ		l-p---mg-	glaux_only
4878	ὁ	l-p---ma-	ὁ	ὁ	l-p---ma-	l-p---ma-	
4879	νόμος	n-p---ma-		νόμος		n-p---ma-	glaux_only
4880	τίθημι	v-pppamg-		τίθημι		v-pppamg-	glaux_only
4881	καί	c--------		καί		c--------	glaux_only
4882	γράφω	v-pppamg-		γράφω		v-pppamg-	glaux_only
4883	,	u--------		,		u--------	glaux_only
4884	ὅσος	p-s---nd-		ὅσος		p-s---nd-	glaux_only
4885	περ	d--------		περ		d--------	glaux_only
4886	εἰμί	v3ppia---		εἰμί		v3ppia---	glaux_only
4887	σπάνιος	a-p---mnc		σπάνιος		a-p---mnc	glaux_only
4888	καί	c--------		καί		c--------	glaux_only
4889	χαλεπός	a-p---mnc		χαλεπός		a-p---mnc	glaux_only
4890	καί	c--------		καί		c--------	glaux_only
4891	ψυχή	n-s---fg-		ψυχή		n-s---fg-	glaux_only
4892	φρόνιμος	a-s---fgc		φρόνιμος		a-s---fgc	glaux_only
4893	δέω	v-pppmmn-		δέω		v-pppmmn-	glaux_only
4894	τυγχάνω	v3ppia---		τυγχάνω		v3ppia---	glaux_only
4895	,	u--------		,		u--------	glaux_only
4896	ἄλλος	d--------		ἄλλος		d--------	glaux_only
4897	τε	c--------		τε		c--------	glaux_only
4898	δή	g--------		δή		g--------	glaux_only
4899	καί	c--------		καί		c--------	glaux_only
4900	νῦν	d--------		νῦν		d--------	glaux_only
4901	.	u--------		.		u--------	glaux_only
4902	ὅτε	c--------		ὅτε		c--------	glaux_only
4903	μέν	g--------		μέν		g--------	glaux_only
4904	γάρ	g--------		γάρ		g--------	glaux_only
4905	ἄρχω	v3siim---		ἄρχω		v3siim---	glaux_only
4906	ὁ	l-s---nn-		ὁ		l-s---nn-	glaux_only
4907	γένος	n-s---nn-		γένος		n-s---nn-	glaux_only
4908	ὁ	l-s---nn-		ὁ		l-s---nn-	glaux_only
4909	ὁ	l-p---mg-		ὁ		l-p---mg-	glaux_only
4910	ἄνθρωπος	n-p---mg-		ἄνθρωπος		n-p---mg-	glaux_only
4911	γίγνομαι	v--pnm---		γίγνομαι		v--pnm---	glaux_only
4912	καί	c--------	καί	καί	c--------	c--------	
4913	συνοικίζω	v--pnm---		συνοικίζω		v--pnm---	glaux_only
4914	κατά	r--------		κατά		r--------	glaux_only
4915	πόλις	n-p---fa-		πόλις		n-p---fa-	glaux_only
4916	,	u--------		,		u--------	glaux_only
4917	ἔοικα	v-srpann-		ἔοικα		v-srpann-	glaux_only
4918	εἰμί	v3siia---		εἰμί		v3siia---	glaux_only
4919	παραπλήσιος	a-s---fa-		παραπλήσιος		a-s---fa-	glaux_only
4920	εἰμί	v--pna---		εἰμί		v--pna---	glaux_only
4921	ὁ	l-s---fa-		ὁ		l-s---fa-	glaux_only
4922	ζήτησις	n-s---fa-		ζήτησις		n-s---fa-	glaux_only
4923	αὐτός	p-p---mg-		αὐτός		p-p---mg-	glaux_only
4924	·	u--------		·		u--------	glaux_only
4925	ἐπειδή	c--------		ἐπειδή		c--------	glaux_only
4926	δέ	c--------		δέ		c--------	glaux_only
4927	ἐνταῦθα	d--------		ἐνταῦθα		d--------	glaux_only
4928	προέρχομαι	v1pria---		προέρχομαι		v1pria---	glaux_only
4929	ὥστε	c--------		ὥστε		c--------	glaux_only
4930	καί	c--------		καί		c--------	glaux_only
4931	ὁ	l-p---ma-		ὁ		l-p---ma-	glaux_only
4932	λόγος	n-p---ma-		λόγος		n-p---ma-	glaux_only
4933	ὁ	l-p---ma-		ὁ		l-p---ma-	glaux_only
4934	λέγω	v-prpmma-		λέγω		v-prpmma-	glaux_only
4935	καί	c--------	καί	καί	d--------	c--------	
4936	ὁ	l-p---ma-		ὁ		l-p---ma-	glaux_only
4937	νόμος	n-p---ma-		νόμος		n-p---ma-	glaux_only
4938	ὁ	l-p---ma-		ὁ		l-p---ma-	glaux_only
4939	κεῖμαι	v-prpmma-		κεῖμαι		v-prpmma-	glaux_only
4940	ἀναρίθμητος	a-p---ma-		ἀναρίθμητος		a-p---ma-	glaux_only
4941	εἰμί	v--pna---		εἰμί		v--pna---	glaux_only
4942	,	u--------		,		u--------	glaux_only
4943	καί	c--------	καί	καί	c--------	c--------	
4944	ὁ	l-p---mg-		ὁ		l-p---mg-	glaux_only
4945	μέν	g--------	μέν	μέν	d--------	g--------	
4946	νόμος	n-p---mg-		νόμος		n-p---mg-	glaux_only
4947	ἐπαινέω	v--pnm---		ἐπαινέω		v--pnm---	glaux_only
4948	ὁ	l-p---ma-		ὁ		l-p---ma-	glaux_only
4949	ἀρχαῖος	a-p---mas		ἀρχαῖος		a-p---mas	glaux_only
4950	ὁ	l-p---mg-	ὁ	ὁ	l-p---mg-	l-p---mg-	
4951	δέ	c--------	δέ	δέ	d--------	c--------	
4952	λόγος	n-p---mg-		λόγος		n-p---mg-	glaux_only
4953	ὁ	l-p---ma-		ὁ		l-p---ma-	glaux_only
4954	καινός	a-p---mas		καινός		a-p---mas	glaux_only
4955	,	u--------		,		u--------	glaux_only
4956	οὐκέτι	d--------		οὐκέτι		d--------	glaux_only
4957	ὁ	l-s---fg-		ὁ		l-s---fg-	glaux_only
4958	αὐτός	p-s---fg-		αὐτός		p-s---fg-	glaux_only
4959	διάνοια	n-s---fg-		διάνοια		n-s---fg-	glaux_only
4960	ἔργον	n-s---nn-		ἔργον		n-s---nn-	glaux_only
4961	εἰμί	v3spia---		εἰμί		v3spia---	glaux_only
4962	,	u--------		,		u--------	glaux_only
4963	ἀλλά	c--------		ἀλλά		c--------	glaux_only
4964	ὁ	l-p---md-		ὁ		l-p---md-	glaux_only
4965	μέν	g--------	μέν	μέν	d--------	g--------	
4966	ὁ	l-p---ma-		ὁ		l-p---ma-	glaux_only
4967	νόμος	n-p---ma-		νόμος		n-p---ma-	glaux_only
4968	τίθημι	v--pna---		τίθημι		v--pna---	glaux_only
4969	προαιρέω	v-pppmmd-		προαιρέω		v-pppmmd-	glaux_only
4970	προὔργου	d--------		προὔργου		d--------	glaux_only
4971	γίγνομαι	v3sria---		γίγνομαι		v3sria---	glaux_only
4972	ὁ	l-s---nn-		ὁ		l-s---nn-	glaux_only
4973	πλῆθος	n-s---nn-		πλῆθος		n-s---nn-	glaux_only
4974	ὁ	l-p---ng-	ὁ	ὁ	l-p---ng-	l-p---ng-	
4975	κεῖμαι	v-prpmmg-		κεῖμαι		v-prpmmg-	glaux_only
4976	(	u--------		(		u--------	glaux_only
4977	οὐδείς	p-s---na-		οὐδείς		p-s---na-	glaux_only
4978	γάρ	g--------		γάρ		g--------	glaux_only
4979	αὐτός	p-p---ma-		αὐτός		p-p---ma-	glaux_only
4980	δέω	v3siia---		δέω		v3siia---	glaux_only
4981	ζητέω	v--pna---		ζητέω		v--pna---	glaux_only
4982	ἕτερος	p-p---ma-		ἕτερος		p-p---ma-	glaux_only
4983	,	u--------		,		u--------	glaux_only
4984	ἀλλά	c--------		ἀλλά		c--------	glaux_only
4985	ὁ	l-p---ma-		ὁ		l-p---ma-	glaux_only
4986	παρά	r--------		παρά		r--------	glaux_only
4987	ὁ	l-p---md-		ὁ		l-p---md-	glaux_only
4988	ἄλλος	p-p---md-		ἄλλος		p-p---md-	glaux_only
4989	εὐδοκιμέω	v-pppama-		εὐδοκιμέω		v-pppama-	glaux_only
4990	πειράω	v--anp---		πειράω		v--anp---	glaux_only
4991	συνάγω	v--ana---		συνάγω		v--ana---	glaux_only
4992	,	u--------		,		u--------	glaux_only
4993	ὅς	p-s---na-		ὅς		p-s---na-	glaux_only
4994	ῥᾴδιος	d--------		ῥᾴδιος		d--------	glaux_only
4995	ὅστις	p-s---mn-		ὅστις		p-s---mn-	glaux_only
4996	ἄν	g--------		ἄν		g--------	glaux_only
4997	οὖν	g--------		οὖν		g--------	glaux_only
4998	βούλομαι	v-sappmn-		βούλομαι		v-sappmn-	glaux_only
4999	ποιέω	v3saoa---		ποιέω		v3saoa---	glaux_only
5000	)	u--------		)		u--------	glaux_only
5001	,	u--------		,		u--------	glaux_only
5002	ὁ	l-p---md-		ὁ		l-p---md-	glaux_only
5003	δέ	c--------		δέ		c--------	glaux_only
5004	περί	r--------		περί		r--------	glaux_only
5005	ὁ	l-p---ma-	ὁ	ὁ	l-p---ma-	l-p---ma-	
5006	λόγος	n-p---ma-		λόγος		n-p---ma-	glaux_only
5007	πραγματεύομαι	v-pppmmd-		πραγματεύομαι		v-pppmmd-	glaux_only
5008	διά	r--------		διά		r--------	glaux_only
5009	ὁ	l-s---na-		ὁ		l-s---na-	glaux_only
5010	προκαταλαμβάνω	v--rnm---		προκαταλαμβάνω		v--rnm---	glaux_only
5011	ὁ	l-p---na-		ὁ		l-p---na-	glaux_only
5012	πολύς	a-p---nas		πολύς		a-p---nas	glaux_only
5013							unmatched
5014							unmatched
5015	συμβαίνω	v3sria---		συμβαίνω		v3sria---	glaux_only
5016	·	u--------		·		u--------	glaux_only
5017	λέγω	v-pppamn-		λέγω		v-pppamn-	glaux_only
5018	μέν	g--------		μέν		g--------	glaux_only
5019	γάρ	g--------		γάρ		g--------	glaux_only
5020							unmatched
5021							unmatched
5022	ὁ	l-p---nd-		ὁ		l-p---nd-	glaux_only
5023	πρότερος	d-------c		πρότερος		d-------c	glaux_only
5024	λέγω	v-prpmnd-		λέγω		v-prpmnd-	glaux_only
5025	ἀναισχυντέω	v--pna---		ἀναισχυντέω		v--pna---	glaux_only
5026	καί	c--------	καί	καί	c--------	c--------	
5027	ληρέω	v--pna---		ληρέω		v--pna---	glaux_only
5028	δοκέω	v3pfia---		δοκέω		v3pfia---	glaux_only
5029	,	u--------		,		u--------	glaux_only
5030	καινός	a-p---na-		καινός		a-p---na-	glaux_only
5031	δέ	c--------		δέ		c--------	glaux_only
5032	ζητέω	v-pppamn-		ζητέω		v-pppamn-	glaux_only
5033	ἐπίπονος	d--------		ἐπίπονος		d--------	glaux_only
5034	εὑρίσκω	v3pfia---		εὑρίσκω		v3pfia---	glaux_only
5035	.	u--------		.		u--------	glaux_only
5036	διόπερ	d--------		διόπερ		d--------	glaux_only
5037	φάσκω	v3piia---		φάσκω		v3piia---	glaux_only
5038	ἀμφότερος	a-p---md-		ἀμφότερος		a-p---md-	glaux_only
5039	μέν	g--------		μέν		g--------	glaux_only
5040	ἐπαινέω	v--pnm---		ἐπαινέω		v--pnm---	glaux_only
5041	προσήκω	v--pna---		προσήκω		v--pna---	glaux_only
5042	,	u--------		,		u--------	glaux_only
5043	πολύς	a-s---na-		πολύς		a-s---na-	glaux_only
5044	δέ	c--------		δέ		c--------	glaux_only
5045	μάλα	d-------c		μάλα		d-------c	glaux_only
5046	ὁ	l-p---md-		ὁ		l-p---md-	glaux_only
5047	ὁ	l-s---na-		ὁ		l-s---na-	glaux_only
5048	χαλεπός	a-s---nac		χαλεπός		a-s---nac	glaux_only
5049	ἐξεργάζομαι	v--pnm---		ἐξεργάζομαι		v--pnm---	glaux_only
5050	δύναμαι	v-pppmmd-		δύναμαι		v-pppmmd-	glaux_only
5051	.	u--------		.		u--------	glaux_only
5052	ἀλλά	c--------		ἀλλά		c--------	glaux_only
5053	μήν	g--------		μήν		g--------	glaux_only
5054	καί	c--------	καί	καί	c--------	c--------	
5055	ὁ	l-p---mg-		ὁ		l-p---mg-	glaux_only
5056	ἐπί	r--------		ἐπί		r--------	glaux_only
5057	ὁ	l-s---fa-		ὁ		l-s---fa-	glaux_only
5058	σωφροσύνη	n-s---fa-		σωφροσύνη		n-s---fa-	glaux_only
5059	καί	c--------	καί	καί	c--------	c--------	
5060	ὁ	l-s---fa-		ὁ		l-s---fa-	glaux_only
5061	δικαιοσύνη	n-s---fa-		δικαιοσύνη		n-s---fa-	glaux_only
5062	προσποιέω	v-pppmmg-		προσποιέω		v-pppmmg-	glaux_only
5063	προτρέπω	v--pna---		προτρέπω		v--pna---	glaux_only
5064	ἐγώ	p-p---cn-		ἐγώ		p-p---cn-	glaux_only
5065	ἄν	g--------	ἄν	ἄν	d--------	g--------	
5066	ἀληθής	a-p---mnc		ἀληθής		a-p---mnc	glaux_only
5067	καί	c--------		καί		c--------	glaux_only
5068	χρήσιμος	a-p---mnc		χρήσιμος		a-p---mnc	glaux_only
5069	φαίνω	v1paop---		φαίνω		v1paop---	glaux_only
5070	εἰμί	v-pppamn-		εἰμί		v-pppamn-	glaux_only
5071	.	u--------		.		u--------	glaux_only
5072	ὁ	l-p---mn-		ὁ		l-p---mn-	glaux_only
5073	μέν	g--------		μέν		g--------	glaux_only
5074	γάρ	g--------		γάρ		g--------	glaux_only
5075	παρακαλέω	v3ppia---		παρακαλέω		v3ppia---	glaux_only
5076	ἐπί	r--------		ἐπί		r--------	glaux_only
5077	ὁ	l-s---fa-		ὁ		l-s---fa-	glaux_only
5078	ἀρετή	n-s---fa-		ἀρετή		n-s---fa-	glaux_only
5079	καί	c--------	καί	καί	c--------	c--------	
5080	ὁ	l-s---fa-		ὁ		l-s---fa-	glaux_only
5081	φρόνησις	n-s---fa-		φρόνησις		n-s---fa-	glaux_only
5082	ὁ	l-s---fa-		ὁ		l-s---fa-	glaux_only
5083	ὑπό	r--------		ὑπό		r--------	glaux_only
5084	ὁ	l-p---mg-	ὁ	ὁ	l-p---mg-	l-p---mg-	
5085	ἄλλος	p-p---mg-		ἄλλος		p-p---mg-	glaux_only
5086	μέν	g--------		μέν		g--------	glaux_only
5087	ἀγνοέω	v-sppmfa-		ἀγνοέω		v-sppmfa-	glaux_only
5088	,	u--------	,	,	u--------	u--------	
5089	ὑπό	r--------		ὑπό		r--------	glaux_only
5090	αὐτός	p-p---mg-		αὐτός		p-p---mg-	glaux_only
5091	δέ	c--------		δέ		c--------	glaux_only
5092	οὗτος	p-p---ng-		οὗτος		p-p---ng-	glaux_only
5093	ἀντιλέγω	v-sppmfa-		ἀντιλέγω		v-sppmfa-	glaux_only
5094	,	u--------		,		u--------	glaux_only
5095	ἐγώ	p-s---cn-		ἐγώ		p-s---cn-	glaux_only
5096	δέ	c--------		δέ		c--------	glaux_only
5097	ἐπί	r--------	ἐπί	ἐπί	r--------	r--------	
5098	ὁ	l-s---fa-		ὁ		l-s---fa-	glaux_only
5099	ὑπό	r--------		ὑπό		r--------	glaux_only
5100	πᾶς	p-p---mg-		πᾶς		p-p---mg-	glaux_only
5101	ὁμολογέω	v-sppmfa-		ὁμολογέω		v-sppmfa-	glaux_only
5102	.	u--------		.		u--------	glaux_only
5103							unmatched
5104							unmatched
5105	μέν	g--------		μέν		g--------	glaux_only
5106	ἀποχράω	v3spia---		ἀποχράω		v3spia---	glaux_only
5107	τοσοῦτος	p-s---na-		τοσοῦτος		p-s---na-	glaux_only
5108	,	u--------		,		u--------	glaux_only
5109	ἐάν	c--------		ἐάν		c--------	glaux_only
5110	ἐπάγω	v--anm---		ἐπάγω		v--anm---	glaux_only
5111	τις	p-p---ca-		τις		p-p---ca-	glaux_only
5112	ὁ	l-s---fd-		ὁ		l-s---fd-	glaux_only
5113	δόξα	n-s---fd-		δόξα		n-s---fd-	glaux_only
5114	ὁ	l-s---fd-		ὁ		l-s---fd-	glaux_only
5115	ὁ	l-p---ng-		ὁ		l-p---ng-	glaux_only
5116	ὄνομα	n-p---ng-		ὄνομα		n-p---ng-	glaux_only
5117	δύναμαι	v3pasp---		δύναμαι		v3pasp---	glaux_only
5118	εἰς	r--------		εἰς		r--------	glaux_only
5119	ὁ	l-s---fa-	ὁ	ὁ	l-s---fa-	l-s---fa-	
5120	ἑαυτοῦ	p-p---mg-		ἑαυτοῦ		p-p---mg-	glaux_only
5121	ὁμιλία	n-s---fa-		ὁμιλία		n-s---fa-	glaux_only
5122	,	u--------		,		u--------	glaux_only
5123	ἐγώ	p-s---cn-		ἐγώ		p-s---cn-	glaux_only
5124	δέ	c--------		δέ		c--------	glaux_only
5125	ὁ	l-p---mg-		ὁ		l-p---mg-	glaux_only
5126	μέν	g--------		μέν		g--------	glaux_only
5127	ἰδιώτης	n-p---mg-		ἰδιώτης		n-p---mg-	glaux_only
5128	οὐδείς	p-s---ma-		οὐδείς		p-s---ma-	glaux_only
5129	πώποτε	d--------		πώποτε		d--------	glaux_only
5130	φαίνω	v1sfip---		φαίνω		v1sfip---	glaux_only
5131	παρακαλέω	v-sapamn-		παρακαλέω		v-sapamn-	glaux_only
5132	ἐπί	r--------		ἐπί		r--------	glaux_only
5133	ἐμαυτοῦ	p-s---ma-		ἐμαυτοῦ		p-s---ma-	glaux_only
5134	,	u--------		,		u--------	glaux_only
5135	ὁ	l-s---fa-		ὁ		l-s---fa-	glaux_only
5136	δέ	c--------		δέ		c--------	glaux_only
5137	πόλις	n-s---fa-		πόλις		n-s---fa-	glaux_only
5138	ὅλος	a-s---fa-		ὅλος		a-s---fa-	glaux_only
5139	πειράω	v1spim---		πειράω		v1spim---	glaux_only
5140	πείθω	v--pna---		πείθω		v--pna---	glaux_only
5141	τοιοῦτος	p-p---nd-		τοιοῦτος		p-p---nd-	glaux_only
5142	πρᾶγμα	n-p---nd-		πρᾶγμα		n-p---nd-	glaux_only
5143	ἐπιχειρέω	v--pna---		ἐπιχειρέω		v--pna---	glaux_only
5144	,	u--------		,		u--------	glaux_only
5145	ἐκ	r--------		ἐκ		r--------	glaux_only
5146	ὅς	p-p---ng-		ὅς		p-p---ng-	glaux_only
5147	αὐτός	p-p---mn-		αὐτός		p-p---mn-	glaux_only
5148	τε	c--------		τε		c--------	glaux_only
5149	εὐδαιμονέω	v3pfia---		εὐδαιμονέω		v3pfia---	glaux_only
5150	καί	c--------	καί	καί	c--------	c--------	
5151	ὁ	l-p---ma-		ὁ		l-p---ma-	glaux_only
5152	ἄλλος	p-p---ma-		ἄλλος		p-p---ma-	glaux_only
5153	Ἕλλην	n-p---ma-		Ἕλλην		n-p---ma-	glaux_only
5154	ὁ	l-p---ng-		ὁ		l-p---ng-	glaux_only
5155	πάρειμι	v-pppang-		πάρειμι		v-pppang-	glaux_only
5156	κακός	a-p---ng-		κακός		a-p---ng-	glaux_only
5157	ἀπαλλάσσω	v3pfia---		ἀπαλλάσσω		v3pfia---	glaux_only
5158	.	u--------		.		u--------	glaux_only
5159	καί	c--------		καί		c--------	glaux_only
5160	τοι	g--------		τοι		g--------	glaux_only
5161	ὁ	l-s---ma-		ὁ		l-s---ma-	glaux_only
5162	πᾶς	p-p---ma-		πᾶς		p-p---ma-	glaux_only
5163	ὁ	l-p---ma-		ὁ		l-p---ma-	glaux_only
5164	πολίτης	n-p---ma-		πολίτης		n-p---ma-	glaux_only
5165	προτρέπω	v--pna---		προτρέπω		v--pna---	glaux_only
5166	προθυμέομαι	v-sppmma-		προθυμέομαι		v-sppmma-	glaux_only
5167	πρός	r--------		πρός		r--------	glaux_only
5168	ὁ	l-s---na-		ὁ		l-s---na-	glaux_only
5169	ἀγαθός	a-s---nac		ἀγαθός		a-s---nac	glaux_only
5170	καί	c--------		καί		c--------	glaux_only
5171	δίκαιος	a-s---nac		δίκαιος		a-s---nac	glaux_only
5172	προΐστημι	v--ana---		προΐστημι		v--ana---	glaux_only
5173	ὁ	l-p---mg-		ὁ		l-p---mg-	glaux_only
5174	Ἕλλην	n-p---mg-		Ἕλλην		n-p---mg-	glaux_only
5175	,	u--------		,		u--------	glaux_only
5176	πῶς	d--------		πῶς		d--------	glaux_only
5177	ἔοικα	v-srpann-		ἔοικα		v-srpann-	glaux_only
5178	οὗτος	p-s---ma-		οὗτος		p-s---ma-	glaux_only
5179	ὁ	l-p---ma-		ὁ		l-p---ma-	glaux_only
5180	σύνειμι	v-pppama-		σύνειμι		v-pppama-	glaux_only
5181	διαφθείρω	v--pna---		διαφθείρω		v--pna---	glaux_only
5182	;	u--------		;		u--------	glaux_only
5183	τίς	p-s---cn-		τίς		p-s---cn-	glaux_only
5184	δέ	c--------		δέ		c--------	glaux_only
5185	τοιοῦτος	p-p---ma-		τοιοῦτος		p-p---ma-	glaux_only
5186	λόγος	n-p---ma-		λόγος		n-p---ma-	glaux_only
5187	εὑρίσκω	v--pna---		εὑρίσκω		v--pna---	glaux_only
5188	δύναμαι	v-sppmmn-		δύναμαι		v-sppmmn-	glaux_only
5189	πονηρός	a-p---ma-		πονηρός		a-p---ma-	glaux_only
5190	ἄν	g--------		ἄν		g--------	glaux_only
5191	καί	c--------		καί		c--------	glaux_only
5192	περί	r--------		περί		r--------	glaux_only
5193	πονηρός	a-p---ng-		πονηρός		a-p---ng-	glaux_only
5194	πρᾶγμα	n-p---ng-		πρᾶγμα		n-p---ng-	glaux_only
5195	ζητέω	v--pna---		ζητέω		v--pna---	glaux_only
5196	ἐπιχειρέω	v3saoa---		ἐπιχειρέω		v3saoa---	glaux_only
5197	,	u--------		,		u--------	glaux_only
5198	ἄλλος	d--------		ἄλλος		d--------	glaux_only
5199	τε	c--------		τε		c--------	glaux_only
5200	καί	c--------	καί	καί	d--------	c--------	
5201	διαπράσσω	v-srpmmn-		διαπράσσω		v-srpmmn-	glaux_only
5202	ἀπό	r--------		ἀπό		r--------	glaux_only
5203	αὐτός	p-p---ng-		αὐτός		p-p---ng-	glaux_only
5204	ὅς	p-p---na-		ὅς		p-p---na-	glaux_only
5205	ἐγώ	p-s---cn-		ἐγώ		p-s---cn-	glaux_only
5206	;	u--------		;		u--------	glaux_only
5207	οὗτος	p-p---ng-		οὗτος		p-p---ng-	glaux_only
5208	γάρ	g--------		γάρ		g--------	glaux_only
5209	γράφω	v-pappng-		γράφω		v-pappng-	glaux_only
5210	καί	c--------	καί	καί	c--------	c--------	
5211	διαδίδωμι	v-pappng-		διαδίδωμι		v-pappng-	glaux_only
5212	καί	c--------		καί		c--------	glaux_only
5213	δόξα	n-s---fa-		δόξα		n-s---fa-	glaux_only
5214	ἔχω	v3paia---		ἔχω		v3paia---	glaux_only
5215	παρά	r--------		παρά		r--------	glaux_only
5216	πολύς	a-p---md-		πολύς		a-p---md-	glaux_only
5217	καί	c--------		καί		c--------	glaux_only
5218	μαθητής	n-p---ma-		μαθητής		n-p---ma-	glaux_only
5219	πολύς	a-p---ma-		πολύς		a-p---ma-	glaux_only
5220	λαμβάνω	v3paia---		λαμβάνω		v3paia---	glaux_only
5221	,	u--------		,		u--------	glaux_only
5222	ὅς	p-p---mg-		ὅς		p-p---mg-	glaux_only
5223	οὐδείς	p-s---mn-		οὐδείς		p-s---mn-	glaux_only
5224	ἄν	g--------	ἄν	ἄν	d--------	g--------	
5225	παραμένω	v3saia---		παραμένω		v3saia---	glaux_only
5226	,	u--------		,		u--------	glaux_only
5227	εἰ	c--------		εἰ		c--------	glaux_only
5228	μή	d--------		μή		d--------	glaux_only
5229	τοιοῦτος	p-s---ma-		τοιοῦτος		p-s---ma-	glaux_only
5230	εἰμί	v-sppama-		εἰμί		v-sppama-	glaux_only
5231	ἐγώ	p-s---ca-		ἐγώ		p-s---ca-	glaux_only
5232	καταλαμβάνω	v3paia---		καταλαμβάνω		v3paia---	glaux_only
5233	οἷος	p-s---ma-		οἷος		p-s---ma-	glaux_only
5234	περ	d--------		περ		d--------	glaux_only
5235	προσδοκέω	v3paia---		προσδοκέω		v3paia---	glaux_only
5236	·	u--------		·		u--------	glaux_only
5237	νῦν	d--------		νῦν		d--------	glaux_only
5238	δέ	c--------		δέ		c--------	glaux_only
5239	τοσοῦτος	p-p---ng-		τοσοῦτος		p-p---ng-	glaux_only
5240	γίγνομαι	v-prpmng-		γίγνομαι		v-prpmng-	glaux_only
5241	,	u--------		,		u--------	glaux_only
5242	καί	c--------	καί	καί	d--------	c--------	
5243	ὁ	l-p---mg-		ὁ		l-p---mg-	glaux_only
5244	μέν	g--------		μέν		g--------	glaux_only
5245	ἔτος	n-p---na-		ἔτος		n-p---na-	glaux_only
5246	τρεῖς	m-p---na-		τρεῖς		m-p---na-	glaux_only
5247	ὁ	l-p---mg-	ὁ	ὁ	l-p---fg-	l-p---mg-	
5248	δέ	c--------		δέ		c--------	glaux_only
5249	τέσσαρες	m-p---na-		τέσσαρες		m-p---na-	glaux_only
5250	συνδιαιτάομαι	v-pappmg-		συνδιαιτάομαι		v-pappmg-	glaux_only
5251	,	u--------		,		u--------	glaux_only
5252	οὐδείς	p-s---mn-		οὐδείς		p-s---mn-	glaux_only
5253	οὐδείς	p-s---na-		οὐδείς		p-s---na-	glaux_only
5254	φαίνω	v3sfip---		φαίνω		v3sfip---	glaux_only
5255	ὁ	l-p---ng-	ὁ	ὁ	l-p---mg-	l-p---ng-	
5256	παρά	r--------		παρά		r--------	glaux_only
5257	ἐγώ	p-s---cd-		ἐγώ		p-s---cd-	glaux_only
5258	μέμφομαι	v-sapmmn-		μέμφομαι		v-sapmmn-	glaux_only
5259	,	u--------		,		u--------	glaux_only
5260	ἀλλά	c--------	ἀλλά	ἀλλά	c--------	c--------	
5261	ἐπί	r--------		ἐπί		r--------	glaux_only
5262	τελευτή	n-s---fg-		τελευτή		n-s---fg-	glaux_only
5263	,	u--------		,		u--------	glaux_only
5264	ὅτε	c--------		ὅτε		c--------	glaux_only
5265	ἤδη	d--------		ἤδη		d--------	glaux_only
5266	μέλλω	v3ppoa---		μέλλω		v3ppoa---	glaux_only
5267	ἀποπλέω	v--pna---		ἀποπλέω		v--pna---	glaux_only
5268	ὡς	c--------		ὡς		c--------	glaux_only
5269	ὁ	l-p---ma-		ὁ		l-p---ma-	glaux_only
5270	γονεύς	n-p---ma-		γονεύς		n-p---ma-	glaux_only
5271	καί	c--------	καί	καί	d--------	c--------	
5272	ὁ	l-p---ma-	ὁ	ὁ	l-p---ma-	l-p---ma-	
5273	φίλος	a-p---ma-		φίλος		a-p---ma-	glaux_only
5274	ὁ	l-p---ma-	ὁ	ὁ	l-p---ma-	l-p---ma-	
5275	ἑαυτοῦ	p-p---mg-		ἑαυτοῦ		p-p---mg-	glaux_only
5276	,	u--------	,	,	u--------	u--------	
5277	οὕτως	d--------		οὕτως		d--------	glaux_only
5278	ἀγαπάω	v3piia---		ἀγαπάω		v3piia---	glaux_only
5279	ὁ	l-s---fa-		ὁ		l-s---fa-	glaux_only
5280	διατριβή	n-s---fa-		διατριβή		n-s---fa-	glaux_only
5281	ὥστε	c--------		ὥστε		c--------	glaux_only
5282	μετά	r--------		μετά		r--------	glaux_only
5283	πόθος	n-s---mg-		πόθος		n-s---mg-	glaux_only
5284	καί	c--------		καί		c--------	glaux_only
5285	δάκρυον	n-p---ng-		δάκρυον		n-p---ng-	glaux_only
5286	ποιέω	v--pnm---		ποιέω		v--pnm---	glaux_only
5287	ὁ	l-s---fa-	ὁ	ὁ	l-s---fa-	l-s---fa-	
5288	ἀπαλλαγή	n-s---fa-		ἀπαλλαγή		n-s---fa-	glaux_only
5289	.	u--------		.		u--------	glaux_only
5290	καί	c--------		καί		c--------	glaux_only
5291	τοι	g--------		τοι		g--------	glaux_only
5292	πότερος	p-p---na-		πότερος		p-p---na-	glaux_only
5293	χρή	v3spia---		χρή		v3spia---	glaux_only
5294	πιστεύω	v--pna---		πιστεύω		v--pna---	glaux_only
5295	σύ	p-p---ca-		σύ		p-p---ca-	glaux_only
5296	ὁ	l-p---md-		ὁ		l-p---md-	glaux_only
5297	σαφής	d--------		σαφής		d--------	glaux_only
5298	ἐφίστημι	v-pppmmd-		ἐφίστημι		v-pppmmd-	glaux_only
5299	καί	c--------		καί		c--------	glaux_only
5300	ὁ	l-p---ma-		ὁ		l-p---ma-	glaux_only
5301	λόγος	n-p---ma-		λόγος		n-p---ma-	glaux_only
5302	καί	c--------		καί		c--------	glaux_only
5303	ὁ	l-s---ma-		ὁ		l-s---ma-	glaux_only
5304	τρόπος	n-s---ma-		τρόπος		n-s---ma-	glaux_only
5305	ὁ	l-s---ma-		ὁ		l-s---ma-	glaux_only
5306	ἐμός	a-s---ma-		ἐμός		a-s---ma-	glaux_only
5307	,	u--------		,		u--------	glaux_only
5308	ἤ	c--------		ἤ		c--------	glaux_only
5309	ὁ	l-s---md-		ὁ		l-s---md-	glaux_only
5310	μηδείς	p-s---na-		μηδείς		p-s---na-	glaux_only
5311	μέν	g--------		μέν		g--------	glaux_only
5312	οἶδα	v-srpamd-		οἶδα		v-srpamd-	glaux_only
5313	ὁ	l-p---ng-		ὁ		l-p---ng-	glaux_only
5314	ἐμός	a-p---ng-		ἐμός		a-p---ng-	glaux_only
5315	,	u--------		,		u--------	glaux_only
5316	προλέγω	v-srpmmd-		προλέγω		v-srpmmd-	glaux_only
5317	δέ	c--------		δέ		c--------	glaux_only
5318	συκοφαντέω	v--pna---		συκοφαντέω		v--pna---	glaux_only
5319	;	u--------		;		u--------	glaux_only
5320	ὅς	p-s---mn-		ὅς		p-s---mn-	glaux_only
5321	εἰς	r--------		εἰς		r--------	glaux_only
5322	τοσοῦτος	p-s---na-		τοσοῦτος		p-s---na-	glaux_only
5323	πονηρία	n-s---fg-		πονηρία		n-s---fg-	glaux_only
5324	καί	c--------	καί	καί	d--------	c--------	
5325	τόλμα	n-s---fg-		τόλμα		n-s---fg-	glaux_only
5326	ἔρχομαι	v3sria---		ἔρχομαι		v3sria---	glaux_only
5327	,	u--------		,		u--------	glaux_only
5328	ὥστε	c--------		ὥστε		c--------	glaux_only
5329	γράφω	v-sapmmn-		γράφω		v-sapmmn-	glaux_only
5330	ὡς	c--------		ὡς		c--------	glaux_only
5331	λόγος	n-p---ma-		λόγος		n-p---ma-	glaux_only
5332	διδάσκω	v1spia---		διδάσκω		v1spia---	glaux_only
5333	διά	r--------		διά		r--------	glaux_only
5334	ὅς	p-p---ng-		ὅς		p-p---ng-	glaux_only
5335	πλεονεκτέω	v3pfia---		πλεονεκτέω		v3pfia---	glaux_only
5336	παρά	r--------		παρά		r--------	glaux_only
5337	ὁ	l-s---na-		ὁ		l-s---na-	glaux_only
5338	δίκαιος	a-s---na-		δίκαιος		a-s---na-	glaux_only
5339	ἀπόδειξις	n-s---fa-		ἀπόδειξις		n-s---fa-	glaux_only
5340	μέν	g--------		μέν		g--------	glaux_only
5341	οὐδείς	p-s---fa-		οὐδείς		p-s---fa-	glaux_only
5342	οὗτος	p-p---ng-		οὗτος		p-p---ng-	glaux_only
5343	φέρω	v3saia---		φέρω		v3saia---	glaux_only
5344	,	u--------		,		u--------	glaux_only
5345	λέγω	v-sppamn-		λέγω		v-sppamn-	glaux_only
5346	δέ	c--------		δέ		c--------	glaux_only
5347	διατελέω	v3sria---		διατελέω		v3sria---	glaux_only
5348	ὡς	c--------		ὡς		c--------	glaux_only
5349	δεινός	a-s---nn-		δεινός		a-s---nn-	glaux_only
5350	εἰμί	v3spia---		εἰμί		v3spia---	glaux_only
5351	διαφθείρω	v--pnm---		διαφθείρω		v--pnm---	glaux_only
5352	ὁ	l-p---ma-	ὁ	ὁ	l-p---ma-	l-p---ma-	
5353	τηλικοῦτος	p-p---ma-		τηλικοῦτος		p-p---ma-	glaux_only
5354	,	u--------		,		u--------	glaux_only
5355	ὥσπερ	c--------		ὥσπερ		c--------	glaux_only
5356	ἀντιλέγω	v-sppamg-		ἀντιλέγω		v-sppamg-	glaux_only
5357	τις	p-s---cg-		τις		p-s---cg-	glaux_only
5358	περί	r--------		περί		r--------	glaux_only
5359	οὗτος	p-p---ng-		οὗτος		p-p---ng-	glaux_only
5360	,	u--------		,		u--------	glaux_only
5361	ἤ	c--------		ἤ		c--------	glaux_only
5362	οὗτος	p-s---na-		οὗτος		p-s---na-	glaux_only
5363	δέω	v-sppana-		δέω		v-sppana-	glaux_only
5364	αὐτός	p-s---ma-		αὐτός		p-s---ma-	glaux_only
5365	ἀποφαίνω	v--pna---		ἀποφαίνω		v--pna---	glaux_only
5366	ὅς	p-s---na-		ὅς		p-s---na-	glaux_only
5367	πᾶς	p-p---mn-		πᾶς		p-p---mn-	glaux_only
5368	ὁμολογέω	v3ppia---		ὁμολογέω		v3ppia---	glaux_only
5369	,	u--------		,		u--------	glaux_only
5370	ἀλλά	c--------		ἀλλά		c--------	glaux_only
5371	οὐ	d--------		οὐ		d--------	glaux_only
5372	ἐκεῖνος	p-s---na-		ἐκεῖνος		p-s---na-	glaux_only
5373	μόνος	d--------		μόνος		d--------	glaux_only
5374	διδάσκω	v--pna---		διδάσκω		v--pna---	glaux_only
5375	ὡς	c--------		ὡς		c--------	glaux_only
5376	ἐγώ	p-s---cn-		ἐγώ		p-s---cn-	glaux_only
5377	τυγχάνω	v1spia---		τυγχάνω		v1spia---	glaux_only
5378	οὗτος	p-p---na-		οὗτος		p-p---na-	glaux_only
5379	διαπράσσω	v-sppmmn-		διαπράσσω		v-sppmmn-	glaux_only
5380	.	u--------		.		u--------	glaux_only
5381	καί	c--------		καί		c--------	glaux_only
5382	εἰ	c--------		εἰ		c--------	glaux_only
5383	μέν	g--------		μέν		g--------	glaux_only
5384	τις	p-s---cn-		τις		p-s---cn-	glaux_only
5385	οὗτος	p-s---ma-		οὗτος		p-s---ma-	glaux_only
5386	ἀπάγω	v-sapamn-		ἀπάγω		v-sapamn-	glaux_only
5387	ἀνδραποδιστής	n-s---ma-		ἀνδραποδιστής		n-s---ma-	glaux_only
5388	καί	c--------		καί		c--------	glaux_only
5389	κλέπτης	n-s---ma-		κλέπτης		n-s---ma-	glaux_only
5390	καί	c--------		καί		c--------	glaux_only
5391	λωποδύτης	n-s---ma-		λωποδύτης		n-s---ma-	glaux_only
5392	μηδείς	p-s---na-		μηδείς		p-s---na-	glaux_only
5393	μέν	g--------		μέν		g--------	glaux_only
5394	αὐτός	p-s---ma-		αὐτός		p-s---ma-	glaux_only
5395	ἀποφαίνω	v3spoa---		ἀποφαίνω		v3spoa---	glaux_only
5396	οὗτος	p-p---ng-		οὗτος		p-p---ng-	glaux_only
5397	ἐργάζομαι	v-srpmma-		ἐργάζομαι		v-srpmma-	glaux_only
5398	,	u--------		,		u--------	glaux_only
5399	διεξέρχομαι	v3spoa---		διεξέρχομαι		v3spoa---	glaux_only
5400	δέ	c--------		δέ		c--------	glaux_only
5401	ὡς	c--------		ὡς		c--------	glaux_only
5402	δεινός	a-s---nn-		δεινός		a-s---nn-	glaux_only
5403	ἕκαστος	p-s---nn-		ἕκαστος		p-s---nn-	glaux_only
5404	εἰμί	v3spia---		εἰμί		v3spia---	glaux_only
5405	ὁ	l-p---ng-		ὁ		l-p---ng-	glaux_only
5406	κακούργημα	n-p---ng-		κακούργημα		n-p---ng-	glaux_only
5407	,	u--------		,		u--------	glaux_only
5408	ληρέω	v--pna---		ληρέω		v--pna---	glaux_only
5409	ἄν	g--------		ἄν		g--------	glaux_only
5410	φημί	v3spoa---		φημί		v3spoa---	glaux_only
5411	καί	c--------		καί		c--------	glaux_only
5412	μαίνομαι	v--pnm---		μαίνομαι		v--pnm---	glaux_only
5413	ὁ	l-s---ma-		ὁ		l-s---ma-	glaux_only
5414	κατήγορος	a-s---ma-		κατήγορος		a-s---ma-	glaux_only
5415	,	u--------		,		u--------	glaux_only
5416	αὐτός	p-s---mn-		αὐτός		p-s---mn-	glaux_only
5417	δέ	c--------		δέ		c--------	glaux_only
5418	τοιοῦτος	p-p---md-		τοιοῦτος		p-p---md-	glaux_only
5419	λόγος	n-p---md-		λόγος		n-p---md-	glaux_only
5420	χράω	v-srpmmn-		χράω		v-srpmmn-	glaux_only
5421	οἴομαι	v3spim---		οἴομαι		v3spim---	glaux_only
5422	λανθάνω	v--pna---		λανθάνω		v--pna---	glaux_only
5423	σύ	p-p---ca-		σύ		p-p---ca-	glaux_only
5424	.	u--------		.		u--------	glaux_only
5425	ἐγώ	p-s---cn-		ἐγώ		p-s---cn-	glaux_only
5426	δέ	c--------		δέ		c--------	glaux_only
5427	ἡγέομαι	v1spim---		ἡγέομαι		v1spim---	glaux_only
5428	οὗτος	p-s---na-		οὗτος		p-s---na-	glaux_only
5429	γε	g--------		γε		g--------	glaux_only
5430	καί	c--------	καί	καί	c--------	c--------	
5431	ὁ	l-p---ma-		ὁ		l-p---ma-	glaux_only
5432	ἀμαθής	a-p---mas		ἀμαθής		a-p---mas	glaux_only
5433	γιγνώσκω	v--pna---		γιγνώσκω		v--pna---	glaux_only
5434	,	u--------		,		u--------	glaux_only
5435	ὅτι	c--------		ὅτι		c--------	glaux_only
5436	δέω	v3spia---		δέω		v3spia---	glaux_only
5437	πιστός	a-p---fa-		πιστός		a-p---fa-	glaux_only
5438	εἰμί	v--pna---		εἰμί		v--pna---	glaux_only
5439	καί	c--------		καί		c--------	glaux_only
5440	μέγας	a-s---na-		μέγας		a-s---na-	glaux_only
5441	δύναμαι	v-pppmfa-		δύναμαι		v-pppmfa-	glaux_only
5442	ὁ	l-p---fg-		ὁ		l-p---fg-	glaux_only
5443	κατηγορία	n-p---fg-		κατηγορία		n-p---fg-	glaux_only
5444	οὐ	d--------		οὐ		d--------	glaux_only
5445	ὅς	p-p---fd-		ὅς		p-p---fd-	glaux_only
5446	ἔξεστι	v3spia---		ἔξεστι		v3spia---	glaux_only
5447	χράω	v--anm---		χράω		v--anm---	glaux_only
5448	καί	c--------		καί		c--------	glaux_only
5449	περί	r--------		περί		r--------	glaux_only
5450	ὁ	l-p---mg-		ὁ		l-p---mg-	glaux_only
5451	μηδείς	p-s---na-		μηδείς		p-s---na-	glaux_only
5452	ἀδικέω	v-prpamg-		ἀδικέω		v-prpamg-	glaux_only
5453	,	u--------		,		u--------	glaux_only
5454	ἀλλά	c--------		ἀλλά		c--------	glaux_only
5455	ὅς	p-p---fa-		ὅς		p-p---fa-	glaux_only
5456	οὐ	d--------		οὐ		d--------	glaux_only
5457	οἷος	p-s---nn-		οἷος		p-s---nn-	glaux_only
5458	τε	c--------		τε		c--------	glaux_only
5459	λέγω	v--ana---		λέγω		v--ana---	glaux_only
5460	ἀλλά	c--------		ἀλλά		c--------	glaux_only
5461	ἤ	c--------		ἤ		c--------	glaux_only
5462	κατά	r--------		κατά		r--------	glaux_only
5463	ὁ	l-p---mg-		ὁ		l-p---mg-	glaux_only
5464	ἁμαρτάνω	v-prpamg-		ἁμαρτάνω		v-prpamg-	glaux_only
5465	·	u--------		·		u--------	glaux_only
5466	ὅς	p-p---ng-		ὅς		p-p---ng-	glaux_only
5467	αὐτός	p-s---mn-		αὐτός		p-s---mn-	glaux_only
5468	ὀλιγωρέω	v-sapamn-		ὀλιγωρέω		v-sapamn-	glaux_only
5469	οὐδείς	p-s---na-		οὐδείς		p-s---na-	glaux_only
5470	προσήκω	v-pppama-		προσήκω		v-pppama-	glaux_only
5471	ὁ	l-s---fd-		ὁ		l-s---fd-	glaux_only
5472	γραφή	n-s---fd-		γραφή		n-s---fd-	glaux_only
5473	λόγος	n-p---ma-		λόγος		n-p---ma-	glaux_only
5474	λέγω	v3sria---		λέγω		v3sria---	glaux_only
5475	·	u--------		·		u--------	glaux_only
5476	δέω	v3siia---		δέω		v3siia---	glaux_only
5477	γάρ	g--------		γάρ		g--------	glaux_only
5478	αὐτός	p-s---ma-		αὐτός		p-s---ma-	glaux_only
5479	καί	c--------	καί	καί	c--------	c--------	
5480	ὁ	l-p---ma-		ὁ		l-p---ma-	glaux_only
5481	λόγος	n-p---ma-		λόγος		n-p---ma-	glaux_only
5482	δείκνυμι	v--pna---		δείκνυμι		v--pna---	glaux_only
5483	ὁ	l-p---ma-		ὁ		l-p---ma-	glaux_only
5484	ἐμός	a-p---ma-		ἐμός		a-p---ma-	glaux_only
5485	,	u--------		,		u--------	glaux_only
5486	ὅς	p-p---md-		ὅς		p-p---md-	glaux_only
5487	διαφθείρω	v1spia---		διαφθείρω		v1spia---	glaux_only
5488	ὁ	l-p---ma-		ὁ		l-p---ma-	glaux_only
5489	σύνειμι	v-pppama-		σύνειμι		v-pppama-	glaux_only
5490	,	u--------		,		u--------	glaux_only
5491	καί	c--------	καί	καί	d--------	c--------	
5492	ὁ	l-p---ma-		ὁ		l-p---ma-	glaux_only
5493	μαθητής	n-p---ma-		μαθητής		n-p---ma-	glaux_only
5494	φράζω	v--pna---		φράζω		v--pna---	glaux_only
5495	ὁ	l-p---ma-		ὁ		l-p---ma-	glaux_only
5496	κακός	a-p---mac		κακός		a-p---mac	glaux_only
5497	διά	r--------		διά		r--------	glaux_only
5498	ὁ	l-s---fa-		ὁ		l-s---fa-	glaux_only
5499	συνουσία	n-s---fa-		συνουσία		n-s---fa-	glaux_only
5500	ὁ	l-s---fa-		ὁ		l-s---fa-	glaux_only
5501	ἐμός	a-s---fa-		ἐμός		a-s---fa-	glaux_only
5502	γίγνομαι	v-prpmma-		γίγνομαι		v-prpmma-	glaux_only
5503	·	u--------		·		u--------	glaux_only
5504	νῦν	d--------		νῦν		d--------	glaux_only
5505	δέ	c--------	δέ	δέ	d--------	c--------	
5506	οὗτος	p-p---ng-		οὗτος		p-p---ng-	glaux_only
5507	μέν	g--------		μέν		g--------	glaux_only
5508	οὐδέτερος	p-s---na-		οὐδέτερος		p-s---na-	glaux_only
5509	ποιέω	v3sria---		ποιέω		v3sria---	glaux_only
5510	,	u--------		,		u--------	glaux_only
5511	παραλείπω	v-sapamn-		παραλείπω		v-sapamn-	glaux_only
5512	δέ	c--------		δέ		c--------	glaux_only
5513	ὁ	l-s---fa-		ὁ		l-s---fa-	glaux_only
5514	δίκαιος	a-s---fas		δίκαιος		a-s---fas	glaux_only
5515	ὁ	l-p---fg-		ὁ		l-p---fg-	glaux_only
5516	κατηγορία	n-p---fg-		κατηγορία		n-p---fg-	glaux_only
5517	ἐξαπατάω	v--pna---		ἐξαπατάω		v--pna---	glaux_only
5518	σύ	p-p---ca-		σύ		p-p---ca-	glaux_only
5519	ἐπιχειρέω	v3saia---		ἐπιχειρέω		v3saia---	glaux_only
5520	.	u--------		.		u--------	glaux_only
5521	ἐγώ	p-s---cn-		ἐγώ		p-s---cn-	glaux_only
5522	δέ	c--------		δέ		c--------	glaux_only
5523	ἐκ	r--------		ἐκ		r--------	glaux_only
5524	αὐτός	p-p---ng-		αὐτός		p-p---ng-	glaux_only
5525	οὗτος	p-p---ng-		οὗτος		p-p---ng-	glaux_only
5526	ἐκ	r--------		ἐκ		r--------	glaux_only
5527	ὅς	p-p---ng-		ὅς		p-p---ng-	glaux_only
5528	περ	d--------		περ		d--------	glaux_only
5529	προσήκω	v3spia---		προσήκω		v3spia---	glaux_only
5530	καί	c--------	καί	καί	c--------	c--------	
5531	δίκαιος	a-s---nn-		δίκαιος		a-s---nn-	glaux_only
5532	εἰμί	v3spia---		εἰμί		v3spia---	glaux_only
5533	,	u--------		,		u--------	glaux_only
5534	ποιέω	v1sfim---		ποιέω		v1sfim---	glaux_only
5535	ὁ	l-s---fa-		ὁ		l-s---fa-	glaux_only
5536	ἀπολογία	n-s---fa-		ἀπολογία		n-s---fa-	glaux_only
5537	.	u--------		.		u--------	glaux_only
5538	καί	c--------		καί		c--------	glaux_only
5539	ὁ	l-p---ma-		ὁ		l-p---ma-	glaux_only
5540	μέν	g--------		μέν		g--------	glaux_only
5541	λόγος	n-p---ma-		λόγος		n-p---ma-	glaux_only
5542	ὀλίγος	a-s---nd-		ὀλίγος		a-s---nd-	glaux_only
5543	πρότερος	d-------c		πρότερος		d-------c	glaux_only
5544	ἀναγιγνώσκω	v1paia---		ἀναγιγνώσκω		v1paia---	glaux_only
5545	σύ	p-p---cd-		σύ		p-p---cd-	glaux_only
5546	,	u--------		,		u--------	glaux_only
5547	ὁ	l-p---ma-		ὁ		l-p---ma-	glaux_only
5548	δέ	c--------		δέ		c--------	glaux_only
5549	χράω	v-prpmma-		χράω		v-prpmma-	glaux_only
5550	ἐκ	r--------		ἐκ		r--------	glaux_only
5551	μειράκιον	n-p---ng-		μειράκιον		n-p---ng-	glaux_only
5552	ἐγώ	p-s---cd-		ἐγώ		p-s---cd-	glaux_only
5553	μέχρι	r--------	μέχρι	μέχρι	r--------	r--------	
5554	γῆρας	n-s---ng-		γῆρας		n-s---ng-	glaux_only
5555	δηλόω	v1sfia---		δηλόω		v1sfia---	glaux_only
5556	,	u--------		,		u--------	glaux_only
5557	καί	c--------		καί		c--------	glaux_only
5558	μάρτυς	n-p---ma-		μάρτυς		n-p---ma-	glaux_only
5559	σύ	p-p---cg-		σύ		p-p---cg-	glaux_only
5560	αὐτός	p-p---mg-		αὐτός		p-p---mg-	glaux_only
5561	παρέχω	v1sfim---		παρέχω		v1sfim---	glaux_only
5562	περί	r--------		περί		r--------	glaux_only
5563	ὅς	p-p---ng-		ὅς		p-p---ng-	glaux_only
5564	ἄν	g--------		ἄν		g--------	glaux_only
5565	λέγω	v1spsa---		λέγω		v1spsa---	glaux_only
5566	ὁ	l-p---ma-		ὁ		l-p---ma-	glaux_only
5567	κατά	r--------		κατά		r--------	glaux_only
5568	ὁ	l-s---fa-		ὁ		l-s---fa-	glaux_only
5569	ἡλικία	n-s---fa-		ἡλικία		n-s---fa-	glaux_only
5570	ὁ	l-s---fa-		ὁ		l-s---fa-	glaux_only
5571	ἐμός	a-s---fa-		ἐμός		a-s---fa-	glaux_only
5572	γίγνομαι	v-prpmma-		γίγνομαι		v-prpmma-	glaux_only
5573	.	u--------		.		u--------	glaux_only
5574	ἄρχω	v3paim---		ἄρχω		v3paim---	glaux_only
5575	μέν	g--------		μέν		g--------	glaux_only
5576	οὖν	g--------		οὖν		g--------	glaux_only
5577	ἐν	r--------		ἐν		r--------	glaux_only
5578	πρῶτος	a-p---md-		πρῶτος		a-p---md-	glaux_only
5579	Εὔνομος	n-s---mn-		Εὔνομος		n-s---mn-	glaux_only
5580	ἐγώ	p-s---cd-	ἐγώ	ἐγώ	p-s---md-	p-s---cd-	
5581	καί	c--------		καί		c--------	glaux_only
5582	Λυσιθείδης	n-s---mn-		Λυσιθείδης		n-s---mn-	glaux_only
5583	καί	c--------		καί		c--------	glaux_only
5584	Κάλλιππος	n-s---mn-		Κάλλιππος		n-s---mn-	glaux_only
5585	πλησιάζω	v--pna---		πλησιάζω		v--pna---	glaux_only
5586	,	u--------		,		u--------	glaux_only
5587	μετά	r--------		μετά		r--------	glaux_only
5588	δέ	c--------		δέ		c--------	glaux_only
5589	οὗτος	p-p---ma-		οὗτος		p-p---ma-	glaux_only
5590	Ὀνήτωρ	n-s---mn-		Ὀνήτωρ		n-s---mn-	glaux_only
5591	,	u--------		,		u--------	glaux_only
5592	Ἀντικλῆς	n-s---mn-		Ἀντικλῆς		n-s---mn-	glaux_only
5593	,	u--------		,		u--------	glaux_only
5594	Φιλωνίδης	n-s---mn-		Φιλωνίδης		n-s---mn-	glaux_only
5595	,	u--------		,		u--------	glaux_only
5596	Φιλόμηλος	n-s---mn-		Φιλόμηλος		n-s---mn-	glaux_only
5597	,	u--------		,		u--------	glaux_only
5598	Χαρμαντίδης	n-s---mn-		Χαρμαντίδης		n-s---mn-	glaux_only
5599	.	u--------		.		u--------	glaux_only
5600	οὗτος	p-p---ma-		οὗτος		p-p---ma-	glaux_only
5601	ἅπας	p-p---ma-		ἅπας		p-p---ma-	glaux_only
5602	ὁ	l-s---fn-		ὁ		l-s---fn-	glaux_only
5603	πόλις	n-s---fn-		πόλις		n-s---fn-	glaux_only
5604	χρύσεος	a-p---md-		χρύσεος		a-p---md-	glaux_only
5605	στέφανος	n-p---md-		στέφανος		n-p---md-	glaux_only
5606	στεφανόω	v3saia---		στεφανόω		v3saia---	glaux_only
5607	,	u--------		,		u--------	glaux_only
5608	οὐ	d--------		οὐ		d--------	glaux_only
5609	ὡς	c--------		ὡς		c--------	glaux_only
5610	ὁ	l-p---ng-		ὁ		l-p---ng-	glaux_only
5611	ἀλλότριος	a-p---ng-		ἀλλότριος		a-p---ng-	glaux_only
5612	ἐφίημι	v-pppmma-		ἐφίημι		v-pppmma-	glaux_only
5613	,	u--------		,		u--------	glaux_only
5614	ἀλλά	c--------		ἀλλά		c--------	glaux_only
5615	ὡς	c--------		ὡς		c--------	glaux_only
5616	ἀνήρ	n-p---ma-		ἀνήρ		n-p---ma-	glaux_only
5617	ἀγαθός	a-p---ma-		ἀγαθός		a-p---ma-	glaux_only
5618	εἰμί	v-pppama-		εἰμί		v-pppama-	glaux_only
5619	καί	c--------		καί		c--------	glaux_only
5620	πολύς	a-p---na-		πολύς		a-p---na-	glaux_only
5621	ὁ	l-p---ng-	ὁ	ὁ	l-p---mg-	l-p---ng-	
5622	ἴδιος	a-p---ng-		ἴδιος		a-p---ng-	glaux_only
5623	εἰς	r--------		εἰς		r--------	glaux_only
5624	ὁ	l-s---fa-		ὁ		l-s---fa-	glaux_only
5625	πόλις	n-s---fa-		πόλις		n-s---fa-	glaux_only
5626	ἀναλίσκω	v-prpama-		ἀναλίσκω		v-prpama-	glaux_only
5627	.	u--------		.		u--------	glaux_only
5628	πρός	r--------		πρός		r--------	glaux_only
5629	ὅς	p-p---ma-		ὅς		p-p---ma-	glaux_only
5630	ὅπως	c--------		ὅπως		c--------	glaux_only
5631	βούλομαι	v2ppim---		βούλομαι		v2ppim---	glaux_only
5632	τίθημι	v2pama---		τίθημι		v2pama---	glaux_only
5633	ἐγώ	p-s---ca-		ἐγώ		p-s---ca-	glaux_only
5634	διάκειμαι	v--pnm---		διάκειμαι		v--pnm---	glaux_only
5635	·	u--------		·		u--------	glaux_only
5636	πρός	r--------		πρός		r--------	glaux_only
5637	γάρ	g--------		γάρ		g--------	glaux_only
5638	ὁ	l-s---na-		ὁ		l-s---na-	glaux_only
5639	πάρειμι	v-sppana-		πάρειμι		v-sppana-	glaux_only
5640	πανταχῶς	d--------		πανταχῶς		d--------	glaux_only
5641	ἔχω	v3sfia---		ἔχω		v3sfia---	glaux_only
5642	ἐγώ	p-s---cd-	ἐγώ	ἐγώ	p1s---md-	p-s---cd-	
5643	καλός	d--------		καλός		d--------	glaux_only
5644	.	u--------		.		u--------	glaux_only
5645	ἐάν	c--------		ἐάν		c--------	glaux_only
5646	τε	c--------		τε		c--------	glaux_only
5647	γάρ	g--------		γάρ		g--------	glaux_only
5648	ὑπολαμβάνω	v2pasa---		ὑπολαμβάνω		v2pasa---	glaux_only
5649	σύμβουλος	n-s---ma-		σύμβουλος		n-s---ma-	glaux_only
5650	εἰμί	v--pna---		εἰμί		v--pna---	glaux_only
5651	ἐγώ	p-s---ca-		ἐγώ		p-s---ca-	glaux_only
5652	καί	c--------	καί	καί	c--------	c--------	
5653	διδάσκαλος	n-s---ma-		διδάσκαλος		n-s---ma-	glaux_only
5654	οὗτος	p-p---ng-		οὗτος		p-p---ng-	glaux_only
5655	,	u--------		,		u--------	glaux_only
5656	δίκαιος	d--------		δίκαιος		d--------	glaux_only
5657	ἄν	g--------		ἄν		g--------	glaux_only
5658	ἔχω	v2ppoa---		ἔχω		v2ppoa---	glaux_only
5659	ἐγώ	p-s---cd-		ἐγώ		p-s---cd-	glaux_only
5660	πολύς	a-s---fac		πολύς		a-s---fac	glaux_only
5661	χάρις	n-s---fa-		χάρις		n-s---fa-	glaux_only
5662	ἤ	c--------		ἤ		c--------	glaux_only
5663	ὁ	l-p---md-		ὁ		l-p---md-	glaux_only
5664	διά	r--------		διά		r--------	glaux_only
5665	ἀρετή	n-s---fa-		ἀρετή		n-s---fa-	glaux_only
5666	ἐν	r--------		ἐν		r--------	glaux_only
5667	πρυτανεῖον	n-s---nd-		πρυτανεῖον		n-s---nd-	glaux_only
5668	σιτέω	v-pppmmd-		σιτέω		v-pppmmd-	glaux_only
5669	·	u--------		·		u--------	glaux_only
5670	οὗτος	p-p---mg-		οὗτος		p-p---mg-	glaux_only
5671	μέν	g--------		μέν		g--------	glaux_only
5672	γάρ	g--------		γάρ		g--------	glaux_only
5673	ἕκαστος	p-s---mn-		ἕκαστος		p-s---mn-	glaux_only
5674	ἑαυτοῦ	p-s---ma-		ἑαυτοῦ		p-s---ma-	glaux_only
5675	μόνος	a-s---ma-		μόνος		a-s---ma-	glaux_only
5676	παρέχω	v3saia---		παρέχω		v3saia---	glaux_only
5677	καλός	a-s---ma-		καλός		a-s---ma-	glaux_only
5678							unmatched
5679							unmatched
5680	,	u--------		,		u--------	glaux_only
5681	ἐγώ	p-s---cn-		ἐγώ		p-s---cn-	glaux_only
5682	δέ	c--------	δέ	δέ	d--------	c--------	
5683	τοσοῦτος	p-p---ma-		τοσοῦτος		p-p---ma-	glaux_only
5684	ὁ	l-s---na-		ὁ		l-s---na-	glaux_only
5685	πλῆθος	n-s---na-		πλῆθος		n-s---na-	glaux_only
5686	ὅσος	p-p---ma-		ὅσος		p-p---ma-	glaux_only
5687	ὀλίγος	a-s---nd-		ὀλίγος		a-s---nd-	glaux_only
5688	πρότερος	d-------c		πρότερος		d-------c	glaux_only
5689	διέρχομαι	v1saia---		διέρχομαι		v1saia---	glaux_only
5690	σύ	p-p---cd-		σύ		p-p---cd-	glaux_only
5691	.	u--------		.		u--------	glaux_only
5692	εἰ	c--------		εἰ		c--------	glaux_only
5693	τε	c--------		τε		c--------	glaux_only
5694	ὁ	l-p---ng-	ὁ	ὁ	l-p---ng-	l-p---ng-	
5695	μέν	g--------		μέν		g--------	glaux_only
5696	πράσσω	v-prpmng-		πράσσω		v-prpmng-	glaux_only
5697	ἐκεῖνος	p-p---md-		ἐκεῖνος		p-p---md-	glaux_only
5698	μηδείς	p-s---na-		μηδείς		p-s---na-	glaux_only
5699	συναίτιος	a-s---mn-		συναίτιος		a-s---mn-	glaux_only
5700	γίγνομαι	v1saim---		γίγνομαι		v1saim---	glaux_only
5701	,	u--------		,		u--------	glaux_only
5702	ὡς	c--------		ὡς		c--------	glaux_only
5703	ἑταῖρος	n-p---md-		ἑταῖρος		n-p---md-	glaux_only
5704	δέ	c--------		δέ		c--------	glaux_only
5705	καί	c--------	καί	καί	c--------	c--------	
5706	φίλος	a-p---md-		φίλος		a-p---md-	glaux_only
5707	αὐτός	p-p---md-		αὐτός		p-p---md-	glaux_only
5708	χράω	v1siim---		χράω		v1siim---	glaux_only
5709	,	u--------		,		u--------	glaux_only
5710	ἱκανός	a-s---fa-		ἱκανός		a-s---fa-	glaux_only
5711	ὑπέρ	r--------		ὑπέρ		r--------	glaux_only
5712	ὅς	p-p---ng-		ὅς		p-p---ng-	glaux_only
5713	φεύγω	v1spsa---		φεύγω		v1spsa---	glaux_only
5714	ὁ	l-s---fa-		ὁ		l-s---fa-	glaux_only
5715	γραφή	n-s---fa-		γραφή		n-s---fa-	glaux_only
5716	ἡγέομαι	v1spim---		ἡγέομαι		v1spim---	glaux_only
5717	καί	c--------		καί		c--------	glaux_only
5718	οὗτος	p-s---fa-		οὗτος		p-s---fa-	glaux_only
5719	εἰμί	v--pna---		εἰμί		v--pna---	glaux_only
5720	ὁ	l-s---fa-		ὁ		l-s---fa-	glaux_only
5721	ἀπολογία	n-s---fa-		ἀπολογία		n-s---fa-	glaux_only
5722	·	u--------		·		u--------	glaux_only
5723	εἰ	c--------		εἰ		c--------	glaux_only
5724	γάρ	g--------		γάρ		g--------	glaux_only
5725	ὁ	l-p---md-		ὁ		l-p---md-	glaux_only
5726	μέν	g--------		μέν		g--------	glaux_only
5727	διά	r--------		διά		r--------	glaux_only
5728	ἀρετή	n-s---fa-		ἀρετή		n-s---fa-	glaux_only
5729	δωρεά	n-p---fa-		δωρεά		n-p---fa-	glaux_only
5730	λαμβάνω	v-prpamd-		λαμβάνω		v-prpamd-	glaux_only
5731	ἀρέσκω	v1siia---		ἀρέσκω		v1siia---	glaux_only
5732	,	u--------		,		u--------	glaux_only
5733	ὁ	l-s---md-	ὁ	ὁ	l-s---md-	l-s---md-	
5734	δέ	c--------		δέ		c--------	glaux_only
5735	συκοφάντης	n-s---md-		συκοφάντης		n-s---md-	glaux_only
5736	μή	d--------		μή		d--------	glaux_only
5737	ὁ	l-s---fa-		ὁ		l-s---fa-	glaux_only
5738	αὐτός	p-s---fa-		αὐτός		p-s---fa-	glaux_only
5739	ἔχω	v1spia---		ἔχω		v1spia---	glaux_only
5740	γνώμη	n-s---fa-		γνώμη		n-s---fa-	glaux_only
5741	,	u--------		,		u--------	glaux_only
5742	πῶς	d--------		πῶς		d--------	glaux_only
5743	ἄν	g--------		ἄν		g--------	glaux_only
5744	ἔοικα	d--------		ἔοικα		d--------	glaux_only
5745	γιγνώσκω	v1saop---		γιγνώσκω		v1saop---	glaux_only
5746	ὁ	l-p---ma-		ὁ		l-p---ma-	glaux_only
5747	σύνειμι	v-pppama-		σύνειμι		v-pppama-	glaux_only
5748	διαφθείρω	v--pna---		διαφθείρω		v--pna---	glaux_only
5749	;	u--------		;		u--------	glaux_only
5750	ἤ	c--------		ἤ		c--------	glaux_only
5751	πᾶς	p-p---mg-		πᾶς		p-p---mg-	glaux_only
5752	γε	g--------		γε		g--------	glaux_only
5753	ἄν	g--------		ἄν		g--------	glaux_only
5754	εἰμί	v1spoa---		εἰμί		v1spoa---	glaux_only
5755	δυστυχής	a-s---mns		δυστυχής		a-s---mns	glaux_only
5756	,	u--------	,	,	u--------	u--------	
5757	εἰ	c--------		εἰ		c--------	glaux_only
5758	ὁ	l-p---mg-		ὁ		l-p---mg-	glaux_only
5759	ἄλλος	p-p---mg-		ἄλλος		p-p---mg-	glaux_only
5760	ἄνθρωπος	n-p---mg-		ἄνθρωπος		n-p---mg-	glaux_only
5761	ἐκ	r--------		ἐκ		r--------	glaux_only
5762	τε	c--------		τε		c--------	glaux_only
5763	ὁ	l-p---ng-		ὁ		l-p---ng-	glaux_only
5764	ἐπιτήδευμα	n-p---ng-		ἐπιτήδευμα		n-p---ng-	glaux_only
5765	καί	c--------		καί		c--------	glaux_only
5766	ὁ	l-p---fg-		ὁ		l-p---fg-	glaux_only
5767	συνουσία	n-p---fg-		συνουσία		n-p---fg-	glaux_only
5768	ὁ	l-p---mg-		ὁ		l-p---mg-	glaux_only
5769	μέν	g--------	μέν	μέν	d--------	g--------	
5770	κακός	a-s---fac		κακός		a-s---fac	glaux_only
5771	ὁ	l-p---fg-		ὁ		l-p---fg-	glaux_only
5772	δέ	c--------		δέ		c--------	glaux_only
5773	ἀγαθός	a-s---fac		ἀγαθός		a-s---fac	glaux_only
5774	δόξα	n-s---fa-		δόξα		n-s---fa-	glaux_only
5775	λαμβάνω	v-pppamg-		λαμβάνω		v-pppamg-	glaux_only
5776	ἐγώ	p-s---cn-		ἐγώ		p-s---cn-	glaux_only
5777	μόνος	a-s---mn-		μόνος		a-s---mn-	glaux_only
5778	μή	d--------		μή		d--------	glaux_only
5779	τυγχάνω	v1saoa---		τυγχάνω		v1saoa---	glaux_only
5780	ὁ	l-s---fg-		ὁ		l-s---fg-	glaux_only
5781	δοκιμασία	n-s---fg-		δοκιμασία		n-s---fg-	glaux_only
5782	οὗτος	p-s---fg-		οὗτος		p-s---fg-	glaux_only
5783	,	u--------		,		u--------	glaux_only
5784	ἀλλά	c--------		ἀλλά		c--------	glaux_only
5785	τοιοῦτος	p-p---md-		τοιοῦτος		p-p---md-	glaux_only
5786	μέν	g--------		μέν		g--------	glaux_only
5787	ἀνήρ	n-p---md-		ἀνήρ		n-p---md-	glaux_only
5788	συμβιόω	v-srpamn-		συμβιόω		v-srpamn-	glaux_only
5789	,	u--------		,		u--------	glaux_only
5790	ἀνέγκλητος	a-s---ma-		ἀνέγκλητος		a-s---ma-	glaux_only
5791	δέ	c--------		δέ		c--------	glaux_only
5792	ἐμαυτοῦ	p-s---ma-		ἐμαυτοῦ		p-s---ma-	glaux_only
5793	μέχρι	r--------		μέχρι		r--------	glaux_only
5794	οὗτος	p-s---fg-		οὗτος		p-s---fg-	glaux_only
5795	ὁ	l-s---fg-		ὁ		l-s---fg-	glaux_only
5796	ἡλικία	n-s---fg-		ἡλικία		n-s---fg-	glaux_only
5797	παρέχω	v-srpamn-		παρέχω		v-srpamn-	glaux_only
5798	,	u--------		,		u--------	glaux_only
5799	ὅμοιος	a-s---mn-		ὅμοιος		a-s---mn-	glaux_only
5800	εἰμί	v--pna---		εἰμί		v--pna---	glaux_only
5801	δοκέω	v1saoa---		δοκέω		v1saoa---	glaux_only
5802	ὁ	l-p---md-		ὁ		l-p---md-	glaux_only
5803	ἐκ	r--------		ἐκ		r--------	glaux_only
5804	τε	c--------		τε		c--------	glaux_only
5805	ὁ	l-p---ng-		ὁ		l-p---ng-	glaux_only
5806	ἐπιτήδευμα	n-p---ng-		ἐπιτήδευμα		n-p---ng-	glaux_only
5807	καί	c--------	καί	καί	c--------	c--------	
5808	ὁ	l-p---fg-		ὁ		l-p---fg-	glaux_only
5809	ἄλλος	p-p---fg-		ἄλλος		p-p---fg-	glaux_only
5810	συνουσία	n-p---fg-		συνουσία		n-p---fg-	glaux_only
5811	διαβάλλω	v-prpmmd-		διαβάλλω		v-prpmmd-	glaux_only
5812	.	u--------		.		u--------	glaux_only
5813	ἡδύς	d--------		ἡδύς		d--------	glaux_only
5814	δέ	c--------	δέ	δέ	d--------	c--------	
5815	ἄν	g--------		ἄν		g--------	glaux_only
5816	οἶδα	v1sroa---		οἶδα		v1sroa---	glaux_only
5817	τίς	p-s---na-		τίς		p-s---na-	glaux_only
5818	ποτέ	d--------		ποτέ		d--------	glaux_only
5819	ἄν	g--------		ἄν		g--------	glaux_only
5820	πάσχω	v1saia---		πάσχω		v1saia---	glaux_only
5821	,	u--------		,		u--------	glaux_only
5822	εἰ	c--------		εἰ		c--------	glaux_only
5823	τις	p-s---cn-		τις		p-s---cn-	glaux_only
5824	ἐγώ	p-s---cd-	ἐγώ	ἐγώ	p1s---md-	p-s---cd-	
5825	τοιοῦτος	p-s---mn-		τοιοῦτος		p-s---mn-	glaux_only
5826	εἰμί	v3siia---		εἰμί		v3siia---	glaux_only
5827	συγγίγνομαι	v-srpmmn-		συγγίγνομαι		v-srpmmn-	glaux_only
5828	οἷος	p-s---mn-		οἷος		p-s---mn-	glaux_only
5829	περ	d--------		περ		d--------	glaux_only
5830	εἰμί	v3spia---		εἰμί		v3spia---	glaux_only
5831	ὁ	l-s---mn-		ὁ		l-s---mn-	glaux_only
5832	κατήγορος	a-s---mn-		κατήγορος		a-s---mn-	glaux_only
5833	,	u--------		,		u--------	glaux_only
5834	ὅς	p-s---mn-		ὅς		p-s---mn-	glaux_only
5835	μισέω	v-sppamn-		μισέω		v-sppamn-	glaux_only
5836	ἅπας	p-p---ma-		ἅπας		p-p---ma-	glaux_only
5837	ὁ	l-p---ma-		ὁ		l-p---ma-	glaux_only
5838	τοιοῦτος	p-p---ma-		τοιοῦτος		p-p---ma-	glaux_only
5839	καί	c--------		καί		c--------	glaux_only
5840	μισέω	v-sppmmn-		μισέω		v-sppmmn-	glaux_only
5841	εἰς	r--------		εἰς		r--------	glaux_only
5842	οὗτος	p-s---ma-		οὗτος		p-s---ma-	glaux_only
5843	καθίστημι	v1sria---		καθίστημι		v1sria---	glaux_only
5844	ὁ	l-s---ma-		ὁ		l-s---ma-	glaux_only
5845	κίνδυνος	n-s---ma-		κίνδυνος		n-s---ma-	glaux_only
5846	.	u--------	.	.	u--------	u--------	
5847	καί	c--------	καί	καί	c--------	c--------	
5848	μήν	g--------		μήν		g--------	glaux_only
5849							unmatched
5850	ἐκεῖνος	p-s---mn-		ἐκεῖνος		p-s---mn-	glaux_only
5851	ὁ	l-s---mn-		ὁ		l-s---mn-	glaux_only
5852	λόγος	n-s---mn-		λόγος		n-s---mn-	glaux_only
5853	δίκαιος	d--------		δίκαιος		d--------	glaux_only
5854	ἄν	g--------		ἄν		g--------	glaux_only
5855	ἐγώ	p-s---ca-		ἐγώ		p-s---ca-	glaux_only
5856	βλάπτω	v3saoa---		βλάπτω		v3saoa---	glaux_only
5857	,	u--------		,		u--------	glaux_only
5858	ὅς	p-s---ma-		ὅς		p-s---ma-	glaux_only
5859	ἴσως	d--------		ἴσως		d--------	glaux_only
5860	ἄν	g--------		ἄν		g--------	glaux_only
5861	τις	p-p---cn-		τις		p-p---cn-	glaux_only
5862	τολμάω	v3paoa---		τολμάω		v3paoa---	glaux_only
5863	λέγω	v--ana---	εἶπον	λέγω	v--ana---	v--ana---	DISAGREE
5864	ὁ	l-p---mg-		ὁ		l-p---mg-	glaux_only
5865	παντάπασι	d--------		παντάπασι		d--------	glaux_only
5866	πρός	r--------		πρός		r--------	glaux_only
5867	ἐγώ	p-s---ca-		ἐγώ		p-s---ca-	glaux_only
5868	δύσκολος	d--------		δύσκολος		d--------	glaux_only
5869	διάκειμαι	v-prpmmg-		διάκειμαι		v-prpmmg-	glaux_only
5870	,	u--------		,		u--------	glaux_only
5871	ὡς	c--------		ὡς		c--------	glaux_only
5872	οὗτος	p-p---nd-		οὗτος		p-p---nd-	glaux_only
5873	μέν	g--------		μέν		g--------	glaux_only
5874	ὅς	p-p---nd-		ὅς		p-p---nd-	glaux_only
5875	λέγω	v1sria---		λέγω		v1sria---	glaux_only
5876	τοσοῦτος	p-s---na-		τοσοῦτος		p-s---na-	glaux_only
5877	μόνος	d--------		μόνος		d--------	glaux_only
5878	χράω	v1siim---		χράω		v1siim---	glaux_only
5879	ὅσος	p-s---na-		ὅσος		p-s---na-	glaux_only
5880	ὁράω	v--anp---		ὁράω		v--anp---	glaux_only
5881	διαλέγω	v-sppmmn-		διαλέγω		v-sppmmn-	glaux_only
5882	,	u--------		,		u--------	glaux_only
5883	ἕτερος	p-p---mn-		ἕτερος		p-p---mn-	glaux_only
5884	δέ	c--------		δέ		c--------	glaux_only
5885	τις	p-p---cn-		τις		p-p---cn-	glaux_only
5886	ἐγώ	p-s---cd-		ἐγώ		p-s---cd-	glaux_only
5887	πολύς	a-p---mn-		πολύς		a-p---mn-	glaux_only
5888	καί	c--------		καί		c--------	glaux_only
5889	πολυπράγμων	a-p---mn-		πολυπράγμων		a-p---mn-	glaux_only
5890	μαθητής	n-p---mn-		μαθητής		n-p---mn-	glaux_only
5891	γίγνομαι	v3pria---		γίγνομαι		v3pria---	glaux_only
5892	,	u--------		,		u--------	glaux_only
5893	ὅς	p-p---ma-		ὅς		p-p---ma-	glaux_only
5894	ἀποκρύπτω	v1spim---		ἀποκρύπτω		v1spim---	glaux_only
5895	πρός	r--------		πρός		r--------	glaux_only
5896	σύ	p-p---ca-		σύ		p-p---ca-	glaux_only
5897	.	u--------		.		u--------	glaux_only
5898	ἔχω	v1spia---		ἔχω		v1spia---	glaux_only
5899	γάρ	g--------		γάρ		g--------	glaux_only
5900	λόγος	n-s---ma-		λόγος		n-s---ma-	glaux_only
5901	ὅς	p-s---mn-		ὅς		p-s---mn-	glaux_only
5902	ἐξελέγχω	v3sfia---		ἐξελέγχω		v3sfia---	glaux_only
5903	καί	c--------	καί	καί	c--------	c--------	
5904	διαλύω	v3sfia---		διαλύω		v3sfia---	glaux_only
5905	πᾶς	p-p---fa-		πᾶς		p-p---fa-	glaux_only
5906	ὁ	l-p---fa-		ὁ		l-p---fa-	glaux_only
5907	τοιόσδε	p-p---fa-		τοιόσδε		p-p---fa-	glaux_only
5908	βλασφημία	n-p---fa-		βλασφημία		n-p---fa-	glaux_only
5909	·	u--------		·		u--------	glaux_only
5910	ἀξιόω	v1spia---		ἀξιόω		v1spia---	glaux_only
5911	γάρ	g--------		γάρ		g--------	glaux_only
5912	,	u--------		,		u--------	glaux_only
5913	εἰ	c--------		εἰ		c--------	glaux_only
5914	μέν	g--------		μέν		g--------	glaux_only
5915	τις	p-p---cn-		τις		p-p---cn-	glaux_only
5916	ὁ	l-p---mg-	ὁ	ὁ	l-p---mg-	l-p---mg-	
5917	ἐγώ	p-s---cd-		ἐγώ		p-s---cd-	glaux_only
5918	συγγίγνομαι	v-prpmmg-		συγγίγνομαι		v-prpmmg-	glaux_only
5919	ἀνήρ	n-p---mn-		ἀνήρ		n-p---mn-	glaux_only
5920	ἀγαθός	a-p---mn-		ἀγαθός		a-p---mn-	glaux_only
5921	γίγνομαι	v3pria---		γίγνομαι		v3pria---	glaux_only
5922	περί	r--------	περί	περί	r--------	r--------	
5923	ὁ	l-s---fa-		ὁ		l-s---fa-	glaux_only
5924	πόλις	n-s---fa-		πόλις		n-s---fa-	glaux_only
5925	καί	c--------		καί		c--------	glaux_only
5926	ὁ	l-p---ma-		ὁ		l-p---ma-	glaux_only
5927	φίλος	a-p---ma-		φίλος		a-p---ma-	glaux_only
5928	καί	c--------		καί		c--------	glaux_only
5929	ὁ	l-s---ma-		ὁ		l-s---ma-	glaux_only
5930	ἴδιος	a-s---ma-		ἴδιος		a-s---ma-	glaux_only
5931	οἶκος	n-s---ma-		οἶκος		n-s---ma-	glaux_only
5932	,	u--------		,		u--------	glaux_only
5933	ἐκεῖνος	p-p---ma-		ἐκεῖνος		p-p---ma-	glaux_only
5934	σύ	p-p---ca-		σύ		p-p---ca-	glaux_only
5935	ἐπαινέω	v--pna---		ἐπαινέω		v--pna---	glaux_only
5936	,	u--------		,		u--------	glaux_only
5937	ἐγώ	p-s---cd-		ἐγώ		p-s---cd-	glaux_only
5938	δέ	c--------		δέ		c--------	glaux_only
5939	μηδείς	p-s---fa-		μηδείς		p-s---fa-	glaux_only
5940	ὑπέρ	r--------		ὑπέρ		r--------	glaux_only
5941	οὗτος	p-p---ng-		οὗτος		p-p---ng-	glaux_only
5942	χάρις	n-s---fa-		χάρις		n-s---fa-	glaux_only
5943	ἔχω	v--pna---		ἔχω		v--pna---	glaux_only
5944	,	u--------		,		u--------	glaux_only
5945	εἰ	c--------		εἰ		c--------	glaux_only
5946	δέ	c--------		δέ		c--------	glaux_only
5947	πονηρός	a-p---mn-		πονηρός		a-p---mn-	glaux_only
5948	καί	c--------		καί		c--------	glaux_only
5949	τοιοῦτος	p-p---mn-		τοιοῦτος		p-p---mn-	glaux_only
5950	ὁ	l-p---fa-		ὁ		l-p---fa-	glaux_only
5951	φύσις	n-p---fa-		φύσις		n-p---fa-	glaux_only
5952	οἷος	p-p---mn-		οἷος		p-p---mn-	glaux_only
5953	φαίνω	v--pna---		φαίνω		v--pna---	glaux_only
5954	καί	c--------		καί		c--------	glaux_only
5955	γράφω	v--pnm---		γράφω		v--pnm---	glaux_only
5956	καί	c--------		καί		c--------	glaux_only
5957	ὁ	l-p---ng-		ὁ		l-p---ng-	glaux_only
5958	ἀλλότριος	a-p---ng-		ἀλλότριος		a-p---ng-	glaux_only
5959	ἐπιθυμέω	v--pna---		ἐπιθυμέω		v--pna---	glaux_only
5960	,	u--------		,		u--------	glaux_only
5961	παρά	r--------		παρά		r--------	glaux_only
5962	ἐγώ	p-s---cg-		ἐγώ		p-s---cg-	glaux_only
5963	δίκη	n-s---fa-		δίκη		n-s---fa-	glaux_only
5964	λαμβάνω	v--pna---		λαμβάνω		v--pna---	glaux_only
5965	.	u--------		.		u--------	glaux_only
5966	καίτοι	g--------		καίτοι		g--------	glaux_only
5967	τίς	p-s---cn-		τίς		p-s---cn-	glaux_only
5968	ἄν	g--------		ἄν		g--------	glaux_only
5969	πρόκλησις	n-s---fn-		πρόκλησις		n-s---fn-	glaux_only
5970	γίγνομαι	v3saom---		γίγνομαι		v3saom---	glaux_only
5971	οὗτος	p-s---fg-		οὗτος		p-s---fg-	glaux_only
5972	ἀνεπίφθονος	a-s---fnc		ἀνεπίφθονος		a-s---fnc	glaux_only
5973	,	u--------		,		u--------	glaux_only
5974	καί	c--------		καί		c--------	glaux_only
5975	δίκαιος	a-s---fnc		δίκαιος		a-s---fnc	glaux_only
5976	ὁ	l-s---fg-		ὁ		l-s---fg-	glaux_only
5977	ὁ	l-p---mg-		ὁ		l-p---mg-	glaux_only
5978	μέν	g--------		μέν		g--------	glaux_only
5979	καλός	a-p---mg-		καλός		a-p---mg-	glaux_only
5980							unmatched
5981							unmatched
5982	οὐ	d--------		οὐ		d--------	glaux_only
5983	ἀμφισβητέω	v-sppafg-		ἀμφισβητέω		v-sppafg-	glaux_only
5984	,	u--------		,		u--------	glaux_only
5985	εἰ	c--------		εἰ		c--------	glaux_only
5986	δέ	c--------		δέ		c--------	glaux_only
5987	τις	p-p---cn-		τις		p-p---cn-	glaux_only
5988	πονηρός	a-p---mn-		πονηρός		a-p---mn-	glaux_only
5989	γίγνομαι	v3pria---		γίγνομαι		v3pria---	glaux_only
5990	,	u--------		,		u--------	glaux_only
5991	ὑπέρ	r--------		ὑπέρ		r--------	glaux_only
5992	οὗτος	p-p---mg-		οὗτος		p-p---mg-	glaux_only
5993	δίκη	n-s---fa-		δίκη		n-s---fa-	glaux_only
5994	ὑπέχω	v--ana---		ὑπέχω		v--ana---	glaux_only
5995	ἐθέλω	v-sppafg-		ἐθέλω		v-sppafg-	glaux_only
5996	;	u--------		;		u--------	glaux_only
5997	καί	c--------		καί		c--------	glaux_only
5998	οὗτος	p-p---na-		οὗτος		p-p---na-	glaux_only
5999	οὐ	d--------		οὐ		d--------	glaux_only
6000	λόγος	n-s---mn-		λόγος		n-s---mn-	glaux_only
6001	μάτην	d--------		μάτην		d--------	glaux_only
6002	λέγω	v-srpmmn-		λέγω		v-srpmmn-	glaux_only
6003	εἰμί	v3spia---		εἰμί		v3spia---	glaux_only
6004	,	u--------		,		u--------	glaux_only
6005	ἀλλά	c--------		ἀλλά		c--------	glaux_only
6006	παραχωρέω	v1spia---		παραχωρέω		v1spia---	glaux_only
6007	καί	c--------		καί		c--------	glaux_only
6008	ὁ	l-s---md-		ὁ		l-s---md-	glaux_only
6009	κατήγορος	a-s---md-		κατήγορος		a-s---md-	glaux_only
6010	καί	c--------		καί		c--------	glaux_only
6011	ὁ	l-s---md-		ὁ		l-s---md-	glaux_only
6012	βούλομαι	v-sppmmd-		βούλομαι		v-sppmmd-	glaux_only
6013	ὁ	l-p---mg-		ὁ		l-p---mg-	glaux_only
6014	ἄλλος	p-p---mg-		ἄλλος		p-p---mg-	glaux_only
6015	,	u--------		,		u--------	glaux_only
6016	εἰ	c--------	εἰ	εἰ	c--------	c--------	
6017	τις	p-s---cn-		τις		p-s---cn-	glaux_only
6018	ἔχω	v3spia---		ἔχω		v3spia---	glaux_only
6019	τις	p-s---ca-		τις		p-s---ca-	glaux_only
6020	φράζω	v--ana---		φράζω		v--ana---	glaux_only
6021	τοιοῦτος	p-s---ma-		τοιοῦτος		p-s---ma-	glaux_only
6022	,	u--------		,		u--------	glaux_only
6023	οὐ	d--------		οὐ		d--------	glaux_only
6024	ὡς	c--------		ὡς		c--------	glaux_only
6025	οὐ	d--------		οὐ		d--------	glaux_only
6026	ἡδύς	d--------		ἡδύς		d--------	glaux_only
6027	ἄν	g--------		ἄν		g--------	glaux_only
6028	τινάν	a-p---cg-		τινάν		a-p---cg-	glaux_only
6029	ἐγώ	p-s---cg-		ἐγώ		p-s---cg-	glaux_only
6030	καταψεύδομαι	v-papmmg-		καταψεύδομαι		v-papmmg-	glaux_only
6031	,	u--------		,		u--------	glaux_only
6032	ἀλλά	c--------	ἀλλά	ἀλλά	c--------	c--------	
6033	ὡς	c--------	ὡς	ὡς	d--------	c--------	
6034	εὐθύς	d--------		εὐθύς		d--------	glaux_only
6035	φανερός	a-p---mg-		φανερός		a-p---mg-	glaux_only
6036	εἰμί	v-pfpmng-		εἰμί		v-pfpmng-	glaux_only
6037	σύ	p-p---cd-		σύ		p-p---cd-	glaux_only
6038	καί	c--------	καί	καί	d--------	c--------	
6039	ὁ	l-s---fg-		ὁ		l-s---fg-	glaux_only
6040	ζημία	n-s---fg-		ζημία		n-s---fg-	glaux_only
6041	ἐκεῖνος	p-p---md-		ἐκεῖνος		p-p---md-	glaux_only
6042	ἀλλά	c--------		ἀλλά		c--------	glaux_only
6043	οὐ	d--------		οὐ		d--------	glaux_only
6044	ἐγώ	p-s---cd-		ἐγώ		p-s---cd-	glaux_only
6045	γίγνομαι	v-sfpmfg-		γίγνομαι		v-sfpmfg-	glaux_only
6046	.	u--------		.		u--------	glaux_only
6047	περί	r--------		περί		r--------	glaux_only
6048	μέν	g--------	μέν	μέν	d--------	g--------	
6049	οὖν	g--------		οὖν		g--------	glaux_only
6050	ὅς	p-p---ng-		ὅς		p-p---ng-	glaux_only
6051	φεύγω	v1spia---		φεύγω		v1spia---	glaux_only
6052	ὁ	l-s---fa-	ὁ	ὁ	l-s---fa-	l-s---fa-	
6053	γραφή	n-s---fa-		γραφή		n-s---fa-	glaux_only
6054	καί	c--------	καί	καί	d--------	c--------	
6055	ὁ	l-s---ng-		ὁ		l-s---ng-	glaux_only
6056	μή	d--------		μή		d--------	glaux_only
6057	διαφθείρω	v--pna---		διαφθείρω		v--pna---	glaux_only
6058	ὁ	l-p---ma-		ὁ		l-p---ma-	glaux_only
6059	σύνειμι	v-pppama-		σύνειμι		v-pppama-	glaux_only
6060	,	u--------	,	,	u--------	u--------	
6061	οὐ	d--------		οὐ		d--------	glaux_only
6062	οἶδα	v1sria---		οἶδα		v1sria---	glaux_only
6063	ὅπως	c--------		ὅπως		c--------	glaux_only
6064	ἄν	g--------		ἄν		g--------	glaux_only
6065	σαφής	a-s---nac		σαφής		a-s---nac	glaux_only
6066	ἐπιδείκνυμι	v--ana---		ἐπιδείκνυμι		v--ana---	glaux_only
6067	δύναμαι	v1saop---		δύναμαι		v1saop---	glaux_only
6068	.	u--------		.		u--------	glaux_only
6069	μιμνῄσκω	v3saip---		μιμνῄσκω		v3saip---	glaux_only
6070	δέ	c--------		δέ		c--------	glaux_only
6071	καί	c--------	καί	καί	d--------	c--------	
6072	ὁ	l-s---fg-		ὁ		l-s---fg-	glaux_only
6073	πρός	r--------		πρός		r--------	glaux_only
6074	Τιμόθεος	n-s---ma-		Τιμόθεος		n-s---ma-	glaux_only
6075	ἐγώ	p-s---cd-		ἐγώ		p-s---cd-	glaux_only
6076	φιλία	n-s---fg-		φιλία		n-s---fg-	glaux_only
6077	γίγνομαι	v-srpmfg-		γίγνομαι		v-srpmfg-	glaux_only
6078	,	u--------		,		u--------	glaux_only
6079	καί	c--------	καί	καί	d--------	c--------	
6080	διαβάλλω	v--pna---		διαβάλλω		v--pna---	glaux_only
6081	ἐγώ	p-p---ca-		ἐγώ		p-p---ca-	glaux_only
6082	ἀμφότερος	a-p---ma-		ἀμφότερος		a-p---ma-	glaux_only
6083	ἐπιχειρέω	v3saia---		ἐπιχειρέω		v3saia---	glaux_only
6084	,	u--------		,		u--------	glaux_only
6085	καί	c--------		καί		c--------	glaux_only
6086	οὐ	d--------		οὐ		d--------	glaux_only
6087	αἰσχύνω	v3saip---		αἰσχύνω		v3saip---	glaux_only
6088	περί	r--------		περί		r--------	glaux_only
6089	ἀνήρ	n-s---mg-		ἀνήρ		n-s---mg-	glaux_only
6090	τελευτάω	v-srpamg-		τελευτάω		v-srpamg-	glaux_only
6091	καί	c--------		καί		c--------	glaux_only
6092	πολύς	a-p---ng-		πολύς		a-p---ng-	glaux_only
6093	ἀγαθός	a-p---ng-		ἀγαθός		a-p---ng-	glaux_only
6094	αἴτιος	a-s---mg-		αἴτιος		a-s---mg-	glaux_only
6095	ὁ	l-s---fd-		ὁ		l-s---fd-	glaux_only
6096	πόλις	n-s---fd-		πόλις		n-s---fd-	glaux_only
6097	βλάσφημος	a-p---ma-		βλάσφημος		a-p---ma-	glaux_only
6098	καί	c--------	καί	καί	c--------	c--------	
6099	λίαν	d--------		λίαν		d--------	glaux_only
6100	ἀσελγής	a-p---ma-		ἀσελγής		a-p---ma-	glaux_only
6101	λόγος	n-p---ma-		λόγος		n-p---ma-	glaux_only
6102	λέγω	v-sapamn-		λέγω		v-sapamn-	glaux_only
6103	.	u--------		.		u--------	glaux_only
6104	ἐγώ	p-s---cn-		ἐγώ		p-s---cn-	glaux_only
6105	δέ	c--------		δέ		c--------	glaux_only
6106	οἴομαι	v1siim---		οἴομαι		v1siim---	glaux_only
6107	μέν	g--------		μέν		g--------	glaux_only
6108	,	u--------		,		u--------	glaux_only
6109	εἰ	c--------		εἰ		c--------	glaux_only
6110	καί	c--------		καί		c--------	glaux_only
6111	φανερός	d--------		φανερός		d--------	glaux_only
6112	ἐξελέγχω	v1siim---		ἐξελέγχω		v1siim---	glaux_only
6113	ἀδικέω	v-sppamn-		ἀδικέω		v-sppamn-	glaux_only
6114	,	u--------		,		u--------	glaux_only
6115	διά	r--------		διά		r--------	glaux_only
6116	ὁ	l-s---fa-		ὁ		l-s---fa-	glaux_only
6117	πρός	r--------		πρός		r--------	glaux_only
6118	ἐκεῖνος	p-s---ma-		ἐκεῖνος		p-s---ma-	glaux_only
6119	φιλία	n-s---fa-		φιλία		n-s---fa-	glaux_only
6120	σῴζω	v--pnm---		σῴζω		v--pnm---	glaux_only
6121	ἐγώ	p-s---cd-		ἐγώ		p-s---cd-	glaux_only
6122	προσήκω	v--pna---		προσήκω		v--pna---	glaux_only
6123	·	u--------		·		u--------	glaux_only
6124	ἐπειδή	c--------		ἐπειδή		c--------	glaux_only
6125	δέ	c--------		δέ		c--------	glaux_only
6126	Λυσίμαχος	n-s---mn-		Λυσίμαχος		n-s---mn-	glaux_only
6127	καί	c--------	καί	καί	c--------	c--------	
6128	ὁ	l-p---nd-		ὁ		l-p---nd-	glaux_only
6129	τοιοῦτος	p-p---nd-		τοιοῦτος		p-p---nd-	glaux_only
6130	ἐπιχειρέω	v3spia---		ἐπιχειρέω		v3spia---	glaux_only
6131	ἐγώ	p-s---ca-		ἐγώ		p-s---ca-	glaux_only
6132	βλάπτω	v--pna---		βλάπτω		v--pna---	glaux_only
6133	ἐκ	r--------		ἐκ		r--------	glaux_only
6134	ὅς	p-p---ng-		ὅς		p-p---ng-	glaux_only
6135	δίκαιος	d--------		δίκαιος		d--------	glaux_only
6136	ἄν	g--------		ἄν		g--------	glaux_only
6137	ὠφελέω	v1spom---		ὠφελέω		v1spom---	glaux_only
6138	,	u--------		,		u--------	glaux_only
6139	ἀναγκαῖος	d--------		ἀναγκαῖος		d--------	glaux_only
6140	ἔχω	v3spia---		ἔχω		v3spia---	glaux_only
6141	διαλέγω	v--anm---		διαλέγω		v--anm---	glaux_only
6142	περί	r--------		περί		r--------	glaux_only
6143	αὐτός	p-p---ng-		αὐτός		p-p---ng-	glaux_only
6144	.	u--------		.		u--------	glaux_only
6145	διά	r--------		διά		r--------	glaux_only
6146	οὗτος	p-s---na-		οὗτος		p-s---na-	glaux_only
6147	δέ	c--------		δέ		c--------	glaux_only
6148	οὐ	d--------		οὐ		d--------	glaux_only
6149	ἅμα	d--------		ἅμα		d--------	glaux_only
6150	περί	r--------		περί		r--------	glaux_only
6151	οὗτος	p-s---ng-		οὗτος		p-s---ng-	glaux_only
6152	καί	c--------	καί	καί	c--------	c--------	
6153	ὁ	l-p---ng-		ὁ		l-p---ng-	glaux_only
6154	ἄλλος	p-p---ng-		ἄλλος		p-p---ng-	glaux_only
6155	ἐπιτήδειος	a-p---ng-		ἐπιτήδειος		a-p---ng-	glaux_only
6156	ποιέω	v1saim---		ποιέω		v1saim---	glaux_only
6157	ὁ	l-s---fa-		ὁ		l-s---fa-	glaux_only
6158	μνεία	n-s---fa-		μνεία		n-s---fa-	glaux_only
6159	,	u--------		,		u--------	glaux_only
6160	ὅτι	c--------		ὅτι		c--------	glaux_only
6161	πολύς	a-s---na-		πολύς		a-s---na-	glaux_only
6162	ὁ	l-p---nn-		ὁ		l-p---nn-	glaux_only
6163	πρᾶγμα	n-p---nn-		πρᾶγμα		n-p---nn-	glaux_only
6164	διαφέρω	v3siia---		διαφέρω		v3siia---	glaux_only
6165	αὐτός	p-p---mg-		αὐτός		p-p---mg-	glaux_only
6166	.	u--------		.		u--------	glaux_only
6167	περί	r--------		περί		r--------	glaux_only
6168	μέν	g--------		μέν		g--------	glaux_only
6169	γάρ	g--------	γάρ	γάρ	d--------	g--------	
6170	ἐκεῖνος	p-p---ng-		ἐκεῖνος		p-p---ng-	glaux_only
6171	οὐδείς	p-s---na-		οὐδείς		p-s---na-	glaux_only
6172	φλαῦρος	a-s---na-		φλαῦρος		a-s---na-	glaux_only
6173	λέγω	v--ana---		λέγω		v--ana---	glaux_only
6174	ὁ	l-s---mn-		ὁ		l-s---mn-	glaux_only
6175	κατήγορος	a-s---mn-		κατήγορος		a-s---mn-	glaux_only
6176	τολμάω	v3saia---		τολμάω		v3saia---	glaux_only
6177	,	u--------		,		u--------	glaux_only
6178	περί	r--------	περί	περί	r--------	r--------	
6179	δέ	c--------	δέ	δέ	d--------	c--------	
6180	ὁ	l-s---fa-		ὁ		l-s---fa-	glaux_only
6181	Τιμόθεος	n-s---mg-		Τιμόθεος		n-s---mg-	glaux_only
6182	κατηγορία	n-s---fa-		κατηγορία		n-s---fa-	glaux_only
6183	μάλα	d-------c		μάλα		d-------c	glaux_only
6184	σπουδάζω	v3saia---		σπουδάζω		v3saia---	glaux_only
6185	ἤ	c--------		ἤ		c--------	glaux_only
6186	περί	r--------		περί		r--------	glaux_only
6187	ὅς	p-p---ng-		ὅς		p-p---ng-	glaux_only
6188	ἀποφέρω	v3saia---		ἀποφέρω		v3saia---	glaux_only
6189	ὁ	l-s---fa-		ὁ		l-s---fa-	glaux_only
6190	γραφή	n-s---fa-		γραφή		n-s---fa-	glaux_only
6191	·	u--------		·		u--------	glaux_only
6192	ἔπειτα	d--------		ἔπειτα		d--------	glaux_only
6193	ὁ	l-p---mn-		ὁ		l-p---mn-	glaux_only
6194	μέν	g--------		μέν		g--------	glaux_only
6195	ὀλίγος	a-p---mg-		ὀλίγος		a-p---mg-	glaux_only
6196	ἐπιστατέω	v3paia---		ἐπιστατέω		v3paia---	glaux_only
6197	,	u--------		,		u--------	glaux_only
6198	ὁ	l-p---ng-		ὁ		l-p---ng-	glaux_only
6199	δέ	c--------		δέ		c--------	glaux_only
6200	ἕκαστος	p-s---md-		ἕκαστος		p-s---md-	glaux_only
6201	προστάσσω	v-pappng-		προστάσσω		v-pappng-	glaux_only
6202	οὕτως	d--------		οὕτως		d--------	glaux_only
6203	ἐπιμελέομαι	v3paip---		ἐπιμελέομαι		v3paip---	glaux_only
6204	ὥστε	c--------		ὥστε		c--------	glaux_only
6205	τυγχάνω	v--ana---		τυγχάνω		v--ana---	glaux_only
6206	ὁ	l-s---fg-		ὁ		l-s---fg-	glaux_only
6207	τιμή	n-s---fg-		τιμή		n-s---fg-	glaux_only
6208	ὁ	l-s---fg-		ὁ		l-s---fg-	glaux_only
6209	ὀλίγος	a-s---nd-		ὀλίγος		a-s---nd-	glaux_only
6210	πρότερος	d-------c		πρότερος		d-------c	glaux_only
6211	ὑπό	r--------		ὑπό		r--------	glaux_only
6212	ἐγώ	p-s---cg-		ἐγώ		p-s---cg-	glaux_only
6213	λέγω	v-sappfg-		λέγω		v-sappfg-	glaux_only
6214	,	u--------		,		u--------	glaux_only
6215	ὁ	l-s---mn-		ὁ		l-s---mn-	glaux_only
6216	δέ	c--------	δέ	δέ	c--------	c--------	
6217	πολύς	a-p---ng-		πολύς		a-p---ng-	glaux_only
6218	καί	c--------		καί		c--------	glaux_only
6219	μέγας	a-p---ng-		μέγας		a-p---ng-	glaux_only
6220	πρᾶγμα	n-p---ng-		πρᾶγμα		n-p---ng-	glaux_only
6221	καί	c--------		καί		c--------	glaux_only
6222	πολύς	a-s---ma-		πολύς		a-s---ma-	glaux_only
6223	χρόνος	n-s---ma-		χρόνος		n-s---ma-	glaux_only
6224	καθίστημι	v3saia---		καθίστημι		v3saia---	glaux_only
6225	κύριος	n-s---mn-		κύριος		n-s---mn-	glaux_only
6226	.	u--------		.		u--------	glaux_only
6227	ὥστε	c--------		ὥστε		c--------	glaux_only
6228	οὐ	d--------		οὐ		d--------	glaux_only
6229	ἄν	g--------		ἄν		g--------	glaux_only
6230	ἁρμόζω	v3saia---		ἁρμόζω		v3saia---	glaux_only
6231	ἅμα	d--------		ἅμα		d--------	glaux_only
6232	περί	r--------		περί		r--------	glaux_only
6233	οὗτος	p-s---ng-		οὗτος		p-s---ng-	glaux_only
6234	καί	c--------	καί	καί	d--------	c--------	
6235	ὁ	l-p---ng-		ὁ		l-p---ng-	glaux_only
6236	ἄλλος	p-p---ng-		ἄλλος		p-p---ng-	glaux_only
6237	χράω	v--anm---		χράω		v--anm---	glaux_only
6238	ὁ	l-p---md-		ὁ		l-p---md-	glaux_only
6239	λόγος	n-p---md-		λόγος		n-p---md-	glaux_only
6240	,	u--------		,		u--------	glaux_only
6241	ἀλλά	c--------		ἀλλά		c--------	glaux_only
6242	ἀναγκαῖος	d--------		ἀναγκαῖος		d--------	glaux_only
6243	ἔχω	v3siia---		ἔχω		v3siia---	glaux_only
6244	οὕτως	d--------		οὕτως		d--------	glaux_only
6245	διαιρέω	v--anm---		διαιρέω		v--anm---	glaux_only
6246	καί	c--------	καί	καί	c--------	c--------	
6247	διατάσσω	v--anm---		διατάσσω		v--anm---	glaux_only
6248	περί	r--------		περί		r--------	glaux_only
6249	αὐτός	p-p---ng-		αὐτός		p-p---ng-	glaux_only
6250	.	u--------		.		u--------	glaux_only
6251	χρή	v3spia---		χρή		v3spia---	glaux_only
6252	δέ	c--------		δέ		c--------	glaux_only
6253	ὁ	l-s---ma-		ὁ		l-s---ma-	glaux_only
6254	ὑπέρ	r--------		ὑπέρ		r--------	glaux_only
6255	ἐκεῖνος	p-s---mg-		ἐκεῖνος		p-s---mg-	glaux_only
6256	λόγος	n-s---ma-		λόγος		n-s---ma-	glaux_only
6257	οὐ	d--------		οὐ		d--------	glaux_only
6258	ἀλλότριος	a-s---ma-		ἀλλότριος		a-s---ma-	glaux_only
6259	εἰμί	v--pna---		εἰμί		v--pna---	glaux_only
6260	νομίζω	v--pna---		νομίζω		v--pna---	glaux_only
6261	ὁ	l-p---nd-		ὁ		l-p---nd-	glaux_only
6262	ἐνίστημι	v-prpand-		ἐνίστημι		v-prpand-	glaux_only
6263	πρᾶγμα	n-p---nd-		πρᾶγμα		n-p---nd-	glaux_only
6264	,	u--------		,		u--------	glaux_only
6265							unmatched
6266	ἐγώ	p-s---ca-		ἐγώ		p-s---ca-	glaux_only
6267	λέγω	v--pna---		λέγω		v--pna---	glaux_only
6268	ἔξω	d--------		ἔξω		d--------	glaux_only
6269	ὁ	l-s---fg-		ὁ		l-s---fg-	glaux_only
6270	γραφή	n-s---fg-		γραφή		n-s---fg-	glaux_only
6271	·	u--------		·		u--------	glaux_only
6272	ὁ	l-p---md-		ὁ		l-p---md-	glaux_only
6273	μέν	g--------		μέν		g--------	glaux_only
6274	γάρ	g--------		γάρ		g--------	glaux_only
6275	ἰδιώτης	n-p---md-		ἰδιώτης		n-p---md-	glaux_only
6276	ὑπέρ	r--------		ὑπέρ		r--------	glaux_only
6277	ὅς	p-p---ng-		ὅς		p-p---ng-	glaux_only
6278	ἕκαστος	p-s---mn-		ἕκαστος		p-s---mn-	glaux_only
6279	πράσσω	v3saia---		πράσσω		v3saia---	glaux_only
6280	προσήκω	v3spia---		προσήκω		v3spia---	glaux_only
6281	διαλέγω	v-pappmd-		διαλέγω		v-pappmd-	glaux_only
6282	καταβαίνω	v--pna---		καταβαίνω		v--pna---	glaux_only
6283	ἤ	c--------		ἤ		c--------	glaux_only
6284	δοκέω	v--pna---		δοκέω		v--pna---	glaux_only
6285	περιεργάζομαι	v--pnm---		περιεργάζομαι		v--pnm---	glaux_only
6286	,	u--------		,		u--------	glaux_only
6287	ὁ	l-p---md-		ὁ		l-p---md-	glaux_only
6288	δέ	c--------	δέ	δέ	c--------	c--------	
6289	ὑπολαμβάνω	v-pppmmd-		ὑπολαμβάνω		v-pppmmd-	glaux_only
6290	σύμβουλος	n-p---md-		σύμβουλος		n-p---md-	glaux_only
6291	εἰμί	v--pna---		εἰμί		v--pna---	glaux_only
6292	καί	c--------		καί		c--------	glaux_only
6293	διδάσκαλος	n-p---md-		διδάσκαλος		n-p---md-	glaux_only
6294	ὅμοιος	d--------		ὅμοιος		d--------	glaux_only
6295	ὑπέρ	r--------		ὑπέρ		r--------	glaux_only
6296	ὁ	l-p---mg-		ὁ		l-p---mg-	glaux_only
6297	συγγίγνομαι	v-prpmmg-		συγγίγνομαι		v-prpmmg-	glaux_only
6298	ὥσπερ	c--------		ὥσπερ		c--------	glaux_only
6299	ὑπέρ	r--------		ὑπέρ		r--------	glaux_only
6300	ἑαυτοῦ	p-p---mg-		ἑαυτοῦ		p-p---mg-	glaux_only
6301	ἀναγκαῖος	a-s---nn-		ἀναγκαῖος		a-s---nn-	glaux_only
6302	ποιέω	v--pnm---		ποιέω		v--pnm---	glaux_only
6303	ὁ	l-s---fa-		ὁ		l-s---fa-	glaux_only
6304	ἀπολογία	n-s---fa-		ἀπολογία		n-s---fa-	glaux_only
6305	,	u--------		,		u--------	glaux_only
6306	ἄλλος	d--------		ἄλλος		d--------	glaux_only
6307	τε	c--------		τε		c--------	glaux_only
6308	ἐάν	c--------		ἐάν		c--------	glaux_only
6309	καί	c--------		καί		c--------	glaux_only
6310	τυγχάνω	v3sasa---		τυγχάνω		v3sasa---	glaux_only
6311	τις	p-s---cn-	τις	τις	p-s---mn-	p-s---cn-	
6312	διά	r--------		διά		r--------	glaux_only
6313	ὁ	l-s---fa-		ὁ		l-s---fa-	glaux_only
6314	αἰτία	n-s---fa-		αἰτία		n-s---fa-	glaux_only
6315	οὗτος	p-s---fa-		οὗτος		p-s---fa-	glaux_only
6316	κρίνω	v-sppmmn-		κρίνω		v-sppmmn-	glaux_only
6317	·	u--------		·		u--------	glaux_only
6318	ὅς	p-s---nn-		ὅς		p-s---nn-	glaux_only
6319	περ	d--------		περ		d--------	glaux_only
6320	ἐγώ	p-s---cd-		ἐγώ		p-s---cd-	glaux_only
6321	συμβαίνω	v3sria---		συμβαίνω		v3sria---	glaux_only
6322	.	u--------		.		u--------	glaux_only
6323	ἕτερος	p-s---md-		ἕτερος		p-s---md-	glaux_only
6324	μέν	g--------		μέν		g--------	glaux_only
6325	οὖν	g--------		οὖν		g--------	glaux_only
6326	ἀποχράω	v3saia---		ἀποχράω		v3saia---	glaux_only
6327	ἄν	g--------		ἄν		g--------	glaux_only
6328	οὗτος	p-s---na-		οὗτος		p-s---na-	glaux_only
6329	λέγω	v--ana---		λέγω		v--ana---	glaux_only
6330	,	u--------		,		u--------	glaux_only
6331	ὡς	c--------		ὡς		c--------	glaux_only
6332	οὐ	d--------		οὐ		d--------	glaux_only
6333	δίκαιος	a-s---nn-		δίκαιος		a-s---nn-	glaux_only
6334	εἰμί	v3spia---		εἰμί		v3spia---	glaux_only
6335	μετέχω	v--pna---		μετέχω		v--pna---	glaux_only
6336	εἰ	c--------		εἰ		c--------	glaux_only
6337	τις	p-s---na-		τις		p-s---na-	glaux_only
6338	Τιμόθεος	n-s---mn-		Τιμόθεος		n-s---mn-	glaux_only
6339	πράσσω	v-sppamn-		πράσσω		v-sppamn-	glaux_only
6340	μή	d--------		μή		d--------	glaux_only
6341	κατορθόω	v3saia---		κατορθόω		v3saia---	glaux_only
6342	·	u--------		·		u--------	glaux_only
6343	οὐ	d--------		οὐ		d--------	glaux_only
6344							unmatched
6345							unmatched
6346	ὁ	l-p---fg-		ὁ		l-p---fg-	glaux_only
6347							unmatched
6348							unmatched
6349							unmatched
6350	ὁ	l-p---fg-		ὁ		l-p---fg-	glaux_only
6351							unmatched
6352	οὐδείς	p-s---mn-		οὐδείς		p-s---mn-	glaux_only
6353							unmatched
6354							unmatched
6355	ὁ	l-p---ng-	ὁ	ὁ	l-p---mg-	l-p---ng-	
6356							unmatched
6357							unmatched
6358	,	u--------	,		u--------		oga_only
6359							unmatched
6360							unmatched
6361							unmatched
6362							unmatched
6363							unmatched
6364							unmatched
6365							unmatched
6366							unmatched
6367							unmatched
6368							unmatched
6369							unmatched
6370							unmatched
6371							unmatched
6372							unmatched
6373							unmatched
6374	καί	d--------	καί		d--------		oga_only
6375							unmatched
6376							unmatched
6377							unmatched
6378							unmatched
6379							unmatched
6380							unmatched
6381							unmatched
6382							unmatched
6383							unmatched
6384							unmatched
6385	ἐγώ	p-s---cn-		ἐγώ		p-s---cn-	glaux_only
6386	δέ	c--------		δέ		c--------	glaux_only
6387	οὗτος	p-p---na-		οὗτος		p-p---na-	glaux_only
6388	μέν	g--------		μέν		g--------	glaux_only
6389	αἰσχύνω	v1saop---		αἰσχύνω		v1saop---	glaux_only
6390	ἄν	g--------		ἄν		g--------	glaux_only
6391	λέγω	v--ana---		λέγω		v--ana---	glaux_only
6392	,	u--------		,		u--------	glaux_only
6393	ὁ	l-s---fa-		ὁ		l-s---fa-	glaux_only
6394	αὐτός	p-s---fa-		αὐτός		p-s---fa-	glaux_only
6395	δέ	c--------		δέ		c--------	glaux_only
6396	ποιέω	v1spim---		ποιέω		v1spim---	glaux_only
6397	πρόκλησις	n-s---fa-		πρόκλησις		n-s---fa-	glaux_only
6398	ὅς	p-s---fa-		ὅς		p-s---fa-	glaux_only
6399	περ	d--------		περ		d--------	glaux_only
6400	καί	c--------	καί	καί	c--------	c--------	
6401	περί	r--------		περί		r--------	glaux_only
6402	ὁ	l-p---ng-		ὁ		l-p---ng-	glaux_only
6403	ἄλλος	p-p---ng-		ἄλλος		p-p---ng-	glaux_only
6404	·	u--------		·		u--------	glaux_only
6405	ἀξιόω	v1spia---		ἀξιόω		v1spia---	glaux_only
6406	γάρ	g--------		γάρ		g--------	glaux_only
6407	,	u--------		,		u--------	glaux_only
6408	εἰ	c--------		εἰ		c--------	glaux_only
6409	μέν	g--------		μέν		g--------	glaux_only
6410	κακός	a-s---mn-		κακός		a-s---mn-	glaux_only
6411	ἀνήρ	n-s---mn-		ἀνήρ		n-s---mn-	glaux_only
6412	γίγνομαι	v3sria---		γίγνομαι		v3sria---	glaux_only
6413	Τιμόθεος	n-s---mn-		Τιμόθεος		n-s---mn-	glaux_only
6414	καί	c--------		καί		c--------	glaux_only
6415	πολύς	a-p---na-		πολύς		a-p---na-	glaux_only
6416	περί	r--------		περί		r--------	glaux_only
6417	σύ	p-p---ca-		σύ		p-p---ca-	glaux_only
6418	ἐξαμαρτάνω	v3saia---		ἐξαμαρτάνω		v3saia---	glaux_only
6419	,	u--------		,		u--------	glaux_only
6420	μετέχω	v--pna---		μετέχω		v--pna---	glaux_only
6421	καί	c--------	καί	καί	c--------	c--------	
6422	δίκη	n-s---fa-		δίκη		n-s---fa-	glaux_only
6423	δίδωμι	v--pna---		δίδωμι		v--pna---	glaux_only
6424	καί	c--------		καί		c--------	glaux_only
6425	πάσχω	v--pna---		πάσχω		v--pna---	glaux_only
6426	ὅμοιος	a-p---na-		ὅμοιος		a-p---na-	glaux_only
6427	ὁ	l-p---md-		ὁ		l-p---md-	glaux_only
6428	ἀδικέω	v-pppamd-		ἀδικέω		v-pppamd-	glaux_only
6429	·	u--------		·		u--------	glaux_only
6430	ἐάν	c--------		ἐάν		c--------	glaux_only
6431	δέ	c--------		δέ		c--------	glaux_only
6432	ἐπιδείκνυμι	v3sasp---		ἐπιδείκνυμι		v3sasp---	glaux_only
6433	καί	c--------	καί	καί	c--------	c--------	
6434	πολίτης	n-s---mn-		πολίτης		n-s---mn-	glaux_only
6435	εἰμί	v-sppamn-		εἰμί		v-sppamn-	glaux_only
6436	ἀγαθός	a-s---mn-		ἀγαθός		a-s---mn-	glaux_only
6437	καί	c--------	καί	καί	d--------	c--------	
6438	στρατηγός	n-s---mn-		στρατηγός		n-s---mn-	glaux_only
6439	τοιοῦτος	p-s---mn-		τοιοῦτος		p-s---mn-	glaux_only
6440	οἷος	p-s---mn-		οἷος		p-s---mn-	glaux_only
6441	οὐδείς	p-s---mn-		οὐδείς		p-s---mn-	glaux_only
6442	ἄλλος	p-s---mn-		ἄλλος		p-s---mn-	glaux_only
6443	ὅς	p-p---mg-		ὅς		p-p---mg-	glaux_only
6444	ἐγώ	p-p---cn-		ἐγώ		p-p---cn-	glaux_only
6445	οἶδα	v1pria---		οἶδα		v1pria---	glaux_only
6446	,	u--------		,		u--------	glaux_only
6447	ἐκεῖνος	p-s---ma-		ἐκεῖνος		p-s---ma-	glaux_only
6448	μέν	g--------		μέν		g--------	glaux_only
6449	οἴομαι	v1spim---		οἴομαι		v1spim---	glaux_only
6450	δέω	v--pna---		δέω		v--pna---	glaux_only
6451	σύ	p-p---ca-	σύ	σύ	p-p---ma-	p-p---ca-	
6452	ἐπαινέω	v--pna---		ἐπαινέω		v--pna---	glaux_only
6453	καί	c--------		καί		c--------	glaux_only
6454	χάρις	n-s---fa-		χάρις		n-s---fa-	glaux_only
6455	ἔχω	v--pna---		ἔχω		v--pna---	glaux_only
6456	αὐτός	p-s---md-		αὐτός		p-s---md-	glaux_only
6457	,	u--------		,		u--------	glaux_only
6458	περί	r--------		περί		r--------	glaux_only
6459	δέ	c--------		δέ		c--------	glaux_only
6460	οὗτος	p-s---fg-		οὗτος		p-s---fg-	glaux_only
6461	ὁ	l-s---fg-		ὁ		l-s---fg-	glaux_only
6462	γραφή	n-s---fg-		γραφή		n-s---fg-	glaux_only
6463	ἐκ	r--------		ἐκ		r--------	glaux_only
6464	ὁ	l-p---ng-		ὁ		l-p---ng-	glaux_only
6465	ἐγώ	p-s---cd-		ἐγώ		p-s---cd-	glaux_only
6466	πράσσω	v-prpmng-		πράσσω		v-prpmng-	glaux_only
6467	,	u--------		,		u--------	glaux_only
6468	ὅς	p-s---nn-		ὅς		p-s---nn-	glaux_only
6469	τις	p-s---nn-		τις		p-s---nn-	glaux_only
6470	ἄν	g--------		ἄν		g--------	glaux_only
6471	σύ	p-p---cd-		σύ		p-p---cd-	glaux_only
6472	δίκαιος	a-s---nn-		δίκαιος		a-s---nn-	glaux_only
6473	εἰμί	v--pna---	εἰμί	εἰμί	v--pna---	v--pna---	
6474	δοκέω	v3spsa---		δοκέω		v3spsa---	glaux_only
6475	,	u--------		,		u--------	glaux_only
6476	οὗτος	p-s---na-		οὗτος		p-s---na-	glaux_only
6477	γιγνώσκω	v--pna---		γιγνώσκω		v--pna---	glaux_only
6478	.	u--------		.		u--------	glaux_only
6479	ἀθρόος	a-s---nas		ἀθρόος		a-s---nas	glaux_only
6480	μέν	g--------		μέν		g--------	glaux_only
6481	οὖν	g--------		οὖν		g--------	glaux_only
6482	οὗτος	p-s---na-		οὗτος		p-s---na-	glaux_only
6483	λέγω	v--ana---		λέγω		v--ana---	glaux_only
6484	ἔχω	v1spia---		ἔχω		v1spia---	glaux_only
6485	περί	r--------		περί		r--------	glaux_only
6486	Τιμόθεος	n-s---mg-		Τιμόθεος		n-s---mg-	glaux_only
6487	καί	c--------	καί	καί	c--------	c--------	
6488	μάλα	d-------s		μάλα		d-------s	glaux_only
6489	κατά	r--------		κατά		r--------	glaux_only
6490	ἅπας	p-p---mg-		ἅπας		p-p---mg-	glaux_only
6491	,	u--------		,		u--------	glaux_only
6492	ὅτι	c--------		ὅτι		c--------	glaux_only
6493	τοσοῦτος	p-p---fa-		τοσοῦτος		p-p---fa-	glaux_only
6494	αἱρέω	v3sria---		αἱρέω		v3sria---	glaux_only
6495	πόλις	n-p---fa-		πόλις		n-p---fa-	glaux_only
6496	κατά	r--------		κατά		r--------	glaux_only
6497	κράτος	n-s---na-		κράτος		n-s---na-	glaux_only
6498	ὅσος	p-p---fa-		ὅσος		p-p---fa-	glaux_only
6499	οὐδείς	p-s---mn-		οὐδείς		p-s---mn-	glaux_only
6500	πώποτε	d--------		πώποτε		d--------	glaux_only
6501	ὁ	l-p---mg-		ὁ		l-p---mg-	glaux_only
6502	στρατηγέω	v-prpamg-		στρατηγέω		v-prpamg-	glaux_only
6503	,	u--------		,		u--------	glaux_only
6504	οὐ	d--------		οὐ		d--------	glaux_only
6505							unmatched
6506	ὁ	l-p---fg-		ὁ		l-p---fg-	glaux_only
6507	ἐκ	r--------		ἐκ		r--------	glaux_only
6508							unmatched
6509							unmatched
6510							unmatched
6511							unmatched
6512							unmatched
6513							unmatched
6514							unmatched
6515							unmatched
6516							unmatched
6517							unmatched
6518							unmatched
6519							unmatched
6520							unmatched
6521							unmatched
6522							unmatched
6523							unmatched
6524							unmatched
6525							unmatched
6526							unmatched
6527							unmatched
6528							unmatched
6529							unmatched
6530							unmatched
6531							unmatched
6532							unmatched
6533							unmatched
6534							unmatched
6535							unmatched
6536							unmatched
6537							unmatched
6538							unmatched
6539							unmatched
6540							unmatched
6541	τίς	p-s---cn-		τίς		p-s---cn-	glaux_only
6542	γάρ	g--------		γάρ		g--------	glaux_only
6543	οὐ	d--------		οὐ		d--------	glaux_only
6544	οἶδα	v3sria---		οἶδα		v3sria---	glaux_only
6545	Κέρκυρα	n-s---fa-		Κέρκυρα		n-s---fa-	glaux_only
6546	μέν	g--------		μέν		g--------	glaux_only
6547	ἐν	r--------		ἐν		r--------	glaux_only
6548	ἐπίκαιρος	a-s---nds		ἐπίκαιρος		a-s---nds	glaux_only
6549	καί	c--------		καί		c--------	glaux_only
6550	καλός	a-p---nas		καλός		a-p---nas	glaux_only
6551	κεῖμαι	v-sppmfa-		κεῖμαι		v-sppmfa-	glaux_only
6552	ὁ	l-p---mg-		ὁ		l-p---mg-	glaux_only
6553	περί	r--------		περί		r--------	glaux_only
6554	Πελοπόννησος	n-s---fa-		Πελοπόννησος		n-s---fa-	glaux_only
6555	,	u--------		,		u--------	glaux_only
6556	Σάμος	n-s---fa-		Σάμος		n-s---fa-	glaux_only
6557	δέ	c--------		δέ		c--------	glaux_only
6558	ὁ	l-p---mg-		ὁ		l-p---mg-	glaux_only
6559	ἐν	r--------	ἐν	ἐν	r--------	r--------	
6560	Ἰωνία	n-s---fd-		Ἰωνία		n-s---fd-	glaux_only
6561	,	u--------		,		u--------	glaux_only
6562	Σηστός	n-s---fa-		Σηστός		n-s---fa-	glaux_only
6563	δέ	c--------		δέ		c--------	glaux_only
6564	καί	c--------		καί		c--------	glaux_only
6565	Κριθώτη	n-s---fa-		Κριθώτη		n-s---fa-	glaux_only
6566	ὁ	l-p---mg-		ὁ		l-p---mg-	glaux_only
6567	ἐν	r--------		ἐν		r--------	glaux_only
6568	Ἑλλήσποντος	n-s---md-		Ἑλλήσποντος		n-s---md-	glaux_only
6569	,	u--------		,		u--------	glaux_only
6570	πόντος	n-s---md-		πόντος		n-s---md-	glaux_only
6571	,	u--------		,		u--------	glaux_only
6572	Ποτιδαία	n-s---fa-		Ποτιδαία		n-s---fa-	glaux_only
6573	δέ	c--------		δέ		c--------	glaux_only
6574	καί	c--------		καί		c--------	glaux_only
6575	Τορώνη	n-s---fa-		Τορώνη		n-s---fa-	glaux_only
6576	ὁ	l-p---fg-		ὁ		l-p---fg-	glaux_only
6577	ἐπί	r--------		ἐπί		r--------	glaux_only
6578	Θρᾴκη	n-s---fg-		Θρᾴκη		n-s---fg-	glaux_only
6579	;	u--------		;		u--------	glaux_only
6580	ὅς	p-p---fa-		ὅς		p-p---fa-	glaux_only
6581	ἐκεῖνος	p-s---mn-		ἐκεῖνος		p-s---mn-	glaux_only
6582	ἅπας	p-p---fa-		ἅπας		p-p---fa-	glaux_only
6583	κτάομαι	v-sapmmn-		κτάομαι		v-sapmmn-	glaux_only
6584	παραδίδωμι	v3saia---		παραδίδωμι		v3saia---	glaux_only
6585	σύ	p-p---cd-		σύ		p-p---cd-	glaux_only
6586	,	u--------		,		u--------	glaux_only
6587	οὐ	d--------		οὐ		d--------	glaux_only
6588	δαπάνη	n-p---fd-		δαπάνη		n-p---fd-	glaux_only
6589	μέγας	a-p---fd-		μέγας		a-p---fd-	glaux_only
6590	,	u--------		,		u--------	glaux_only
6591	οὐ	d--------		οὐ		d--------	glaux_only
6592							unmatched
6593							unmatched
6594							unmatched
6595							unmatched
6596							unmatched
6597							unmatched
6598							unmatched
6599							unmatched
6600							unmatched
6601							unmatched
6602							unmatched
6603							unmatched
6604							unmatched
6605							unmatched
6606	ἀλλά	c--------		ἀλλά		c--------	glaux_only
6607	εἰς	r--------		εἰς		r--------	glaux_only
6608	μέν	g--------		μέν		g--------	glaux_only
6609	ὁ	l-s---ma-		ὁ		l-s---ma-	glaux_only
6610	περίπλοος	a-s---ma-		περίπλοος		a-s---ma-	glaux_only
6611	ὁ	l-s---ma-		ὁ		l-s---ma-	glaux_only
6612	περί	r--------		περί		r--------	glaux_only
6613	Πελοπόννησος	n-s---fa-		Πελοπόννησος		n-s---fa-	glaux_only
6614	τρεῖς	m-p---na-		τρεῖς		m-p---na-	glaux_only
6615	καί	c--------		καί		c--------	glaux_only
6616	δέκα	m--------		δέκα		m--------	glaux_only
6617	μόνος	d--------		μόνος		d--------	glaux_only
6618	τάλαντον	n-p---na-		τάλαντον		n-p---na-	glaux_only
6619	δίδωμι	v-sapafg-		δίδωμι		v-sapafg-	glaux_only
6620	αὐτός	p-s---md-		αὐτός		p-s---md-	glaux_only
6621	ὁ	l-s---fg-		ὁ		l-s---fg-	glaux_only
6622	πόλις	n-s---fg-		πόλις		n-s---fg-	glaux_only
6623	καί	c--------	καί	καί	c--------	c--------	
6624	τριήρης	n-p---fa-		τριήρης		n-p---fa-	glaux_only
6625	πεντήκοντα	m--------		πεντήκοντα		m--------	glaux_only
6626	Κέρκυρα	n-s---fa-		Κέρκυρα		n-s---fa-	glaux_only
6627	αἱρέω	v3saia---		αἱρέω		v3saia---	glaux_only
6628	,	u--------		,		u--------	glaux_only
6629	πόλις	n-s---fa-		πόλις		n-s---fa-	glaux_only
6630	ὀγδοήκοντα	m--------		ὀγδοήκοντα		m--------	glaux_only
6631	τριήρης	n-p---fa-		τριήρης		n-p---fa-	glaux_only
6632	κτάομαι	v-srpmfa-		κτάομαι		v-srpmfa-	glaux_only
6633	,	u--------		,		u--------	glaux_only
6634	καί	c--------		καί		c--------	glaux_only
6635	περί	r--------		περί		r--------	glaux_only
6636	ὁ	l-s---ma-		ὁ		l-s---ma-	glaux_only
6637	αὐτός	p-s---ma-		αὐτός		p-s---ma-	glaux_only
6638	χρόνος	n-s---ma-		χρόνος		n-s---ma-	glaux_only
6639	Λακεδαιμόνιος	a-p---ma-		Λακεδαιμόνιος		a-p---ma-	glaux_only
6640	νικάω	v3saia---		νικάω		v3saia---	glaux_only
6641	ναυμαχέω	v-sppamn-		ναυμαχέω		v-sppamn-	glaux_only
6642	,	u--------		,		u--------	glaux_only
6643	καί	c--------	καί	καί	c--------	c--------	
6644	οὗτος	p-s---fa-		οὗτος		p-s---fa-	glaux_only
6645	αὐτός	p-p---ma-		αὐτός		p-p---ma-	glaux_only
6646	ἀναγκάζω	v3saia---		ἀναγκάζω		v3saia---	glaux_only
6647	συντίθημι	v--anm---		συντίθημι		v--anm---	glaux_only
6648	ὁ	l-s---fa-		ὁ		l-s---fa-	glaux_only
6649	εἰρήνη	n-s---fa-		εἰρήνη		n-s---fa-	glaux_only
6650	,	u--------		,		u--------	glaux_only
6651	ὅς	p-s---fn-		ὅς		p-s---fn-	glaux_only
6652	τοσοῦτος	p-s---fa-		τοσοῦτος		p-s---fa-	glaux_only
6653	μεταβολή	n-s---fa-		μεταβολή		n-s---fa-	glaux_only
6654	ἑκάτερος	p-s---fd-		ἑκάτερος		p-s---fd-	glaux_only
6655	ὁ	l-p---fg-		ὁ		l-p---fg-	glaux_only
6656	πόλις	n-p---fg-		πόλις		n-p---fg-	glaux_only
6657	ποιέω	v3saia---		ποιέω		v3saia---	glaux_only
6658	,	u--------		,		u--------	glaux_only
6659	ὥστε	c--------		ὥστε		c--------	glaux_only
6660	ἐγώ	p-p---ca-		ἐγώ		p-p---ca-	glaux_only
6661	μέν	g--------		μέν		g--------	glaux_only
6662	ἀπό	r--------		ἀπό		r--------	glaux_only
6663	ἐκεῖνος	p-s---fg-		ἐκεῖνος		p-s---fg-	glaux_only
6664	ὁ	l-s---fg-		ὁ		l-s---fg-	glaux_only
6665	ἡμέρα	n-s---fg-		ἡμέρα		n-s---fg-	glaux_only
6666	θύω	v--pna---		θύω		v--pna---	glaux_only
6667	αὐτός	p-s---fd-		αὐτός		p-s---fd-	glaux_only
6668	κατά	r--------		κατά		r--------	glaux_only
6669	ἕκαστος	p-s---ma-		ἕκαστος		p-s---ma-	glaux_only
6670	ὁ	l-s---ma-		ὁ		l-s---ma-	glaux_only
6671	ἐνιαυτός	n-s---ma-		ἐνιαυτός		n-s---ma-	glaux_only
6672	ὡς	c--------		ὡς		c--------	glaux_only
6673	οὐδείς	p-s---fg-		οὐδείς		p-s---fg-	glaux_only
6674	ἄλλος	p-s---fg-		ἄλλος		p-s---fg-	glaux_only
6675	οὕτως	d--------		οὕτως		d--------	glaux_only
6676	ὁ	l-s---fd-		ὁ		l-s---fd-	glaux_only
6677	πόλις	n-s---fd-		πόλις		n-s---fd-	glaux_only
6678	συμφέρω	v-sapafg-		συμφέρω		v-sapafg-	glaux_only
6679	,	u--------		,		u--------	glaux_only
6680	Λακεδαιμόνιος	a-p---mg-		Λακεδαιμόνιος		a-p---mg-	glaux_only
6681	δέ	c--------		δέ		c--------	glaux_only
6682	μετά	r--------		μετά		r--------	glaux_only
6683	ἐκεῖνος	p-s---ma-		ἐκεῖνος		p-s---ma-	glaux_only
6684	ὁ	l-s---ma-		ὁ		l-s---ma-	glaux_only
6685	χρόνος	n-s---ma-		χρόνος		n-s---ma-	glaux_only
6686							unmatched
6687	ὑπό	r--------		ὑπό		r--------	glaux_only
6688	εἷς	m-s---ng-		εἷς		m-s---ng-	glaux_only
6689	ὁράω	v--rnm---		ὁράω		v--rnm---	glaux_only
6690	μή	d--------		μή		d--------	glaux_only
6691							unmatched
6692							unmatched
6693							unmatched
6694							unmatched
6695							unmatched
6696							unmatched
6697							unmatched
6698							unmatched
6699							unmatched
6700							unmatched
6701							unmatched
6702							unmatched
6703							unmatched
6704							unmatched
6705							unmatched
6706							unmatched
6707							unmatched
6708	περί	r--------	περί		r--------		oga_only
6709							unmatched
6710							unmatched
6711							unmatched
6712							unmatched
6713							unmatched
6714							unmatched
6715							unmatched
6716							unmatched
6717	μετά	r--------		μετά		r--------	glaux_only
6718	δέ	c--------	δέ	δέ	c--------	c--------	
6719	οὗτος	p-p---fa-		οὗτος		p-p---fa-	glaux_only
6720	ὁ	l-p---fa-		ὁ		l-p---fa-	glaux_only
6721	πρᾶξις	n-p---fa-		πρᾶξις		n-p---fa-	glaux_only
6722	ἐπί	r--------		ἐπί		r--------	glaux_only
6723	Σάμος	n-s---fa-		Σάμος		n-s---fa-	glaux_only
6724	στρατεύω	v-sapamn-		στρατεύω		v-sapamn-	glaux_only
6725	,	u--------		,		u--------	glaux_only
6726	ὅς	p-s---fa-		ὅς		p-s---fa-	glaux_only
6727	Περικλῆς	n-s---mn-		Περικλῆς		n-s---mn-	glaux_only
6728	ὁ	l-s---mn-		ὁ		l-s---mn-	glaux_only
6729	μέγας	a-s---fas		μέγας		a-s---fas	glaux_only
6730	ἐπί	r--------		ἐπί		r--------	glaux_only
6731	σοφία	n-s---fd-		σοφία		n-s---fd-	glaux_only
6732	καί	c--------	καί	καί	c--------	c--------	
6733	δικαιοσύνη	n-s---fd-		δικαιοσύνη		n-s---fd-	glaux_only
6734	καί	c--------	καί	καί	d--------	c--------	
6735	σωφροσύνη	n-s---fd-		σωφροσύνη		n-s---fd-	glaux_only
6736	δόξα	n-s---fa-		δόξα		n-s---fa-	glaux_only
6737	λαμβάνω	v-srpamn-		λαμβάνω		v-srpamn-	glaux_only
6738	ἀπό	r--------		ἀπό		r--------	glaux_only
6739	διακόσιοι	m-p---fg-		διακόσιοι		m-p---fg-	glaux_only
6740	ναῦς	n-p---fg-		ναῦς		n-p---fg-	glaux_only
6741	καί	c--------	καί	καί	c--------	c--------	
6742	χίλιοι	m-p---ng-		χίλιοι		m-p---ng-	glaux_only
6743	τάλαντον	n-p---ng-		τάλαντον		n-p---ng-	glaux_only
6744	καταπολεμέω	v3saia---		καταπολεμέω		v3saia---	glaux_only
6745	,	u--------		,		u--------	glaux_only
6746	οὗτος	p-s---fa-		οὗτος		p-s---fa-	glaux_only
6747	οὐ	d--------		οὐ		d--------	glaux_only
6748							unmatched
6749							unmatched
6750							unmatched
6751							unmatched
6752							unmatched
6753							unmatched
6754							unmatched
6755							unmatched
6756							unmatched
6757							unmatched
6758							unmatched
6759							unmatched
6760							unmatched
6761							unmatched
6762							unmatched
6763							unmatched
6764							unmatched
6765							unmatched
6766							unmatched
6767							unmatched
6768	καί	c--------		καί		c--------	glaux_only
6769							unmatched
6770							unmatched
6771							unmatched
6772							unmatched
6773							unmatched
6774							unmatched
6775							unmatched
6776							unmatched
6777							unmatched
6778							unmatched
6779							unmatched
6780							unmatched
6781							unmatched
6782	καί	c--------	καί	καί	d--------	c--------	
6783	τοι	g--------		τοι		g--------	glaux_only
6784	τοιοῦτος	p-s---na-		τοιοῦτος		p-s---na-	glaux_only
6785	ἔργον	n-s---na-		ἔργον		n-s---na-	glaux_only
6786	ἐάν	c--------		ἐάν		c--------	glaux_only
6787	τις	p-s---cn-		τις		p-s---cn-	glaux_only
6788	ἄλλος	p-s---mn-		ἄλλος		p-s---mn-	glaux_only
6789	φαίνω	v3sasp---		φαίνω		v3sasp---	glaux_only
6790	ποιέω	v-srpamn-		ποιέω		v-srpamn-	glaux_only
6791	,	u--------		,		u--------	glaux_only
6792	ὁμολογέω	v1spia---		ὁμολογέω		v1spia---	glaux_only
6793	ληρέω	v--pna---		ληρέω		v--pna---	glaux_only
6794	,	u--------	,	,	u--------	u--------	
6795	ὅτι	c--------		ὅτι		c--------	glaux_only
6796	διαφερόντως	d--------		διαφερόντως		d--------	glaux_only
6797	ἐπαινέω	v--pna---		ἐπαινέω		v--pna---	glaux_only
6798	ἐπιχειρέω	v1spia---		ἐπιχειρέω		v1spia---	glaux_only
6799	ὁ	l-s---ma-		ὁ		l-s---ma-	glaux_only
6800	οὐδείς	p-s---na-		οὐδείς		p-s---na-	glaux_only
6801	περισσός	a-s---nac		περισσός		a-s---nac	glaux_only
6802	ὁ	l-p---mg-		ὁ		l-p---mg-	glaux_only
6803	ἄλλος	p-p---mg-		ἄλλος		p-p---mg-	glaux_only
6804	διαπράσσω	v-srpmma-		διαπράσσω		v-srpmma-	glaux_only
6805	.	u--------		.		u--------	glaux_only
6806	ἐντεῦθεν	d--------		ἐντεῦθεν		d--------	glaux_only
6807	τοίνυν	g--------		τοίνυν		g--------	glaux_only
6808	ἀναπλέω	v-sapamn-		ἀναπλέω		v-sapamn-	glaux_only
6809	Σηστός	n-s---fa-		Σηστός		n-s---fa-	glaux_only
6810	καί	c--------	καί	καί	c--------	c--------	
6811	Κριθώτη	n-s---fa-		Κριθώτη		n-s---fa-	glaux_only
6812	λαμβάνω	v3saia---		λαμβάνω		v3saia---	glaux_only
6813	,	u--------		,		u--------	glaux_only
6814	καί	c--------		καί		c--------	glaux_only
6815	ὁ	l-s---ma-		ὁ		l-s---ma-	glaux_only
6816	ἄλλος	p-s---ma-		ἄλλος		p-s---ma-	glaux_only
6817	χρόνος	n-s---ma-		χρόνος		n-s---ma-	glaux_only
6818	ἀμελέω	v-sppmfg-		ἀμελέω		v-sppmfg-	glaux_only
6819	Χερρόνησος	n-s---fg-		Χερρόνησος		n-s---fg-	glaux_only
6820	προσέχω	v--pna---		προσέχω		v--pna---	glaux_only
6821	σύ	p-p---ca-		σύ		p-p---ca-	glaux_only
6822	αὐτός	p-s---fd-		αὐτός		p-s---fd-	glaux_only
6823	ὁ	l-s---ma-		ὁ		l-s---ma-	glaux_only
6824	νόος	n-s---ma-		νόος		n-s---ma-	glaux_only
6825	ποιέω	v3saia---		ποιέω		v3saia---	glaux_only
6826	.	u--------		.		u--------	glaux_only
6827	ὁ	l-s---na-		ὁ		l-s---na-	glaux_only
6828	δέ	c--------		δέ		c--------	glaux_only
6829	τελευταῖος	a-s---na-		τελευταῖος		a-s---na-	glaux_only
6830	Ποτιδαία	n-s---fa-		Ποτιδαία		n-s---fa-	glaux_only
6831	,	u--------		,		u--------	glaux_only
6832	εἰς	r--------		εἰς		r--------	glaux_only
6833	ὅς	p-s---fa-		ὅς		p-s---fa-	glaux_only
6834	ὁ	l-s---fn-		ὁ		l-s---fn-	glaux_only
6835	πόλις	n-s---fn-		πόλις		n-s---fn-	glaux_only
6836	τετρακόσιοι	m-p---na-		τετρακόσιοι		m-p---na-	glaux_only
6837	καί	c--------		καί		c--------	glaux_only
6838	δισχίλιοι	m-p---na-		δισχίλιοι		m-p---na-	glaux_only
6839	τάλαντον	n-p---na-		τάλαντον		n-p---na-	glaux_only
6840	ὁ	l-s---na-		ὁ		l-s---na-	glaux_only
6841	πρότερος	d-------c		πρότερος		d-------c	glaux_only
6842	ἀναλίσκω	v3saia---		ἀναλίσκω		v3saia---	glaux_only
6843	,	u--------		,		u--------	glaux_only
6844	οὗτος	p-s---fa-		οὗτος		p-s---fa-	glaux_only
6845	αἱρέω	v3saia---		αἱρέω		v3saia---	glaux_only
6846	ἀπό	r--------		ἀπό		r--------	glaux_only
6847	ὁ	l-p---ng-		ὁ		l-p---ng-	glaux_only
6848	χρῆμα	n-p---ng-		χρῆμα		n-p---ng-	glaux_only
6849	ὅς	p-p---ng-		ὅς		p-p---ng-	glaux_only
6850	αὐτός	p-s---mn-		αὐτός		p-s---mn-	glaux_only
6851	πορίζω	v3saia---		πορίζω		v3saia---	glaux_only
6852	καί	c--------		καί		c--------	glaux_only
6853	ὁ	l-p---fg-		ὁ		l-p---fg-	glaux_only
6854	σύνταξις	n-p---fg-		σύνταξις		n-p---fg-	glaux_only
6855	ὁ	l-p---fg-	ὁ	ὁ	l-p---mg-	l-p---fg-	
6856	ἀπό	r--------		ἀπό		r--------	glaux_only
6857	Θρᾴκη	n-s---fg-		Θρᾴκη		n-s---fg-	glaux_only
6858	·	u--------		·		u--------	glaux_only
6859	καί	c--------	καί	καί	c--------	c--------	
6860	προσέτι	d--------		προσέτι		d--------	glaux_only
6861	Χαλκιδεύς	n-p---ma-		Χαλκιδεύς		n-p---ma-	glaux_only
6862	ἅπας	p-p---ma-		ἅπας		p-p---ma-	glaux_only
6863	καταπολεμέω	v3saia---		καταπολεμέω		v3saia---	glaux_only
6864	.	u--------		.		u--------	glaux_only
6865	εἰ	c--------		εἰ		c--------	glaux_only
6866	δέ	c--------		δέ		c--------	glaux_only
6867	δέω	v3spia---		δέω		v3spia---	glaux_only
6868	μή	d--------		μή		d--------	glaux_only
6869	κατά	r--------		κατά		r--------	glaux_only
6870	ἕκαστος	p-s---na-		ἕκαστος		p-s---na-	glaux_only
6871	ἀλλά	c--------		ἀλλά		c--------	glaux_only
6872	διά	r--------		διά		r--------	glaux_only
6873	βραχύς	a-p---ng-		βραχύς		a-p---ng-	glaux_only
6874	λέγω	v--ana---		λέγω		v--ana---	glaux_only
6875	,	u--------	,	,	u--------	u--------	
6876	τέσσαρες	m-p---fg-		τέσσαρες		m-p---fg-	glaux_only
6877	καί	c--------		καί		c--------	glaux_only
6878	εἴκοσι	m--------		εἴκοσι		m--------	glaux_only
6879	πόλις	n-p---fg-		πόλις		n-p---fg-	glaux_only
6880	κύριος	n-p---ma-		κύριος		n-p---ma-	glaux_only
6881	σύ	p-p---ca-	σύ	σύ	p-p---ma-	p-p---ca-	
6882	ποιέω	v3saia---		ποιέω		v3saia---	glaux_only
6883	ἐλαχύς	a-p---nac		ἐλαχύς		a-p---nac	glaux_only
6884	δαπανάω	v-sapamn-		δαπανάω		v-sapamn-	glaux_only
6885	ὅς	p-p---ng-		ὅς		p-p---ng-	glaux_only
6886	ὁ	l-p---mn-		ὁ		l-p---mn-	glaux_only
6887	πατήρ	n-p---mn-		πατήρ		n-p---mn-	glaux_only
6888	ἐγώ	p-p---cg-		ἐγώ		p-p---cg-	glaux_only
6889	εἰς	r--------		εἰς		r--------	glaux_only
6890	ὁ	l-s---fa-		ὁ		l-s---fa-	glaux_only
6891	Μήλιος	a-p---mg-		Μήλιος		a-p---mg-	glaux_only
6892	πολιορκία	n-s---fa-		πολιορκία		n-s---fa-	glaux_only
6893	ἀναλίσκω	v3paia---		ἀναλίσκω		v3paia---	glaux_only
6894	.	u--------		.		u--------	glaux_only
6895	βούλομαι	v1siim---		βούλομαι		v1siim---	glaux_only
6896	δέ	c--------		δέ		c--------	glaux_only
6897	ἄν	g--------		ἄν		g--------	glaux_only
6898	,	u--------		,		u--------	glaux_only
6899	ὥσπερ	c--------		ὥσπερ		c--------	glaux_only
6900	ἐξαριθμέω	v--ana---		ἐξαριθμέω		v--ana---	glaux_only
6901	ὁ	l-p---fa-		ὁ		l-p---fa-	glaux_only
6902	πρᾶξις	n-p---fa-		πρᾶξις		n-p---fa-	glaux_only
6903	ῥᾴδιος	a-s---nn-		ῥᾴδιος		a-s---nn-	glaux_only
6904	γίγνομαι	v3sria---		γίγνομαι		v3sria---	glaux_only
6905	,	u--------		,		u--------	glaux_only
6906	οὕτως	d--------		οὕτως		d--------	glaux_only
6907	οἷος	p-s---na-		οἷος		p-s---na-	glaux_only
6908	τε	c--------		τε		c--------	glaux_only
6909	εἰμί	v--pna---		εἰμί		v--pna---	glaux_only
6910	σύντομος	d--------		σύντομος		d--------	glaux_only
6911	δηλόω	v--ana---		δηλόω		v--ana---	glaux_only
6912	ὁ	l-p---ma-		ὁ		l-p---ma-	glaux_only
6913	καιρός	n-p---ma-		καιρός		n-p---ma-	glaux_only
6914	ἐν	r--------		ἐν		r--------	glaux_only
6915	ὅς	p-p---md-		ὅς		p-p---md-	glaux_only
6916	ἕκαστος	p-p---nn-		ἕκαστος		p-p---nn-	glaux_only
6917	οὗτος	p-p---ng-		οὗτος		p-p---ng-	glaux_only
6918	πράσσω	v3saip---		πράσσω		v3saip---	glaux_only
6919	,	u--------		,		u--------	glaux_only
6920	καί	c--------	καί	καί	c--------	c--------	
6921	ὁ	l-p---na-		ὁ		l-p---na-	glaux_only
6922	ὁ	l-s---fg-		ὁ		l-s---fg-	glaux_only
6923	πόλις	n-s---fg-		πόλις		n-s---fg-	glaux_only
6924	ὡς	c--------		ὡς		c--------	glaux_only
6925	ἔχω	v3siia---		ἔχω		v3siia---	glaux_only
6926	,	u--------		,		u--------	glaux_only
6927	καί	c--------		καί		c--------	glaux_only
6928	ὁ	l-s---fa-		ὁ		l-s---fa-	glaux_only
6929	ὁ	l-p---mg-	ὁ	ὁ	l-p---fg-	l-p---mg-	
6930	πολέμιος	a-p---mg-		πολέμιος		a-p---mg-	glaux_only
6931	δύναμις	n-s---fa-		δύναμις		n-s---fa-	glaux_only
6932	·	u--------		·		u--------	glaux_only
6933	πολύς	a-s---na-		πολύς		a-s---na-	glaux_only
6934	γάρ	g--------	γάρ	γάρ	d--------	g--------	
6935	ἄν	g--------	ἄν	ἄν	d--------	g--------	
6936	σύ	p-p---cd-		σύ		p-p---cd-	glaux_only
6937	ὁ	l-p---fn-		ὁ		l-p---fn-	glaux_only
6938	τε	c--------		τε		c--------	glaux_only
6939	εὐεργεσία	n-p---fn-		εὐεργεσία		n-p---fn-	glaux_only
6940	μέγας	a-p---fnc		μέγας		a-p---fnc	glaux_only
6941							unmatched
6942							unmatched
6943	πολύς	a-s---ngc		πολύς		a-s---ngc	glaux_only
6944	ἄξιος	a-s---mn-		ἄξιος		a-s---mn-	glaux_only
6945	δοκέω	v3saia---		δοκέω		v3saia---	glaux_only
6946	εἰμί	v--pna---		εἰμί		v--pna---	glaux_only
6947	.	u--------		.		u--------	glaux_only
6948	νῦν	d--------		νῦν		d--------	glaux_only
6949	δέ	c--------	δέ	δέ	c--------	c--------	
6950	οὗτος	p-p---na-		οὗτος		p-p---na-	glaux_only
6951	μέν	g--------		μέν		g--------	glaux_only
6952	ἐάω	v1sfia---		ἐάω		v1sfia---	glaux_only
6953	διά	r--------		διά		r--------	glaux_only
6954	ὁ	l-s---na-		ὁ		l-s---na-	glaux_only
6955	πλῆθος	n-s---na-		πλῆθος		n-s---na-	glaux_only
6956	.	u--------		.		u--------	glaux_only
6957	ἡγέομαι	v1spim---		ἡγέομαι		v1spim---	glaux_only
6958	δέ	c--------		δέ		c--------	glaux_only
6959	σύ	p-p---ca-		σύ		p-p---ca-	glaux_only
6960	ἡδύς	d--------		ἡδύς		d--------	glaux_only
6961	ἄν	g--------		ἄν		g--------	glaux_only
6962	ἀκούω	v--ana---		ἀκούω		v--ana---	glaux_only
6963	διά	r--------		διά		r--------	glaux_only
6964	τίς	p-s---na-		τίς		p-s---na-	glaux_only
6965	ποτέ	d--------		ποτέ		d--------	glaux_only
6966	ὁ	l-p---mg-		ὁ		l-p---mg-	glaux_only
6967	μέν	g--------		μέν		g--------	glaux_only
6968	εὐδοκιμέω	v-pppamg-		εὐδοκιμέω		v-pppamg-	glaux_only
6969	ἀνήρ	n-p---mg-		ἀνήρ		n-p---mg-	glaux_only
6970	παρά	r--------		παρά		r--------	glaux_only
6971	σύ	p-p---cd-		σύ		p-p---cd-	glaux_only
6972	καί	c--------		καί		c--------	glaux_only
6973	πολεμικός	a-p---mg-		πολεμικός		a-p---mg-	glaux_only
6974	εἰμί	v--pna---		εἰμί		v--pna---	glaux_only
6975	δοκέω	v-pppamg-		δοκέω		v-pppamg-	glaux_only
6976	οὐ	d--------		οὐ		d--------	glaux_only
6977							unmatched
6978							unmatched
6979							unmatched
6980							unmatched
6981							unmatched
6982							unmatched
6983							unmatched
6984							unmatched
6985							unmatched
6986							unmatched
6987							unmatched
6988							unmatched
6989							unmatched
6990							unmatched
6991							unmatched
6992							unmatched
6993							unmatched
6994							unmatched
6995	ὁ	l-p---nd-		ὁ		l-p---nd-	glaux_only
6996							unmatched
6997							unmatched
6998							unmatched
6999							unmatched
7000							unmatched
7001							unmatched
7002							unmatched
7003							unmatched
7004							unmatched
7005							unmatched
7006							unmatched
7007							unmatched
7008							unmatched
7009							unmatched
7010							unmatched
7011							unmatched
7012	δέ	c--------		δέ		c--------	glaux_only
7013							unmatched
7014							unmatched
7015							unmatched
7016							unmatched
7017							unmatched
7018							unmatched
7019							unmatched
7020	,	u--------	,		u--------		oga_only
7021							unmatched
7022							unmatched
7023							unmatched
7024							unmatched
7025							unmatched
7026							unmatched
7027							unmatched
7028							unmatched
7029							unmatched
7030							unmatched
7031							unmatched
7032							unmatched
7033	ὅτι	c--------		ὅτι		c--------	glaux_only
7034	περί	r--------		περί		r--------	glaux_only
7035	ὁ	l-p---ng-	ὁ	ὁ	l-p---mg-	l-p---ng-	
7036	Ἑλληνικός	a-p---ng-		Ἑλληνικός		a-p---ng-	glaux_only
7037	καί	c--------	καί	καί	c--------	c--------	
7038	συμμαχικός	a-p---ng-		συμμαχικός		a-p---ng-	glaux_only
7039	πρᾶγμα	n-p---ng-		πρᾶγμα		n-p---ng-	glaux_only
7040	καί	c--------		καί		c--------	glaux_only
7041	ὁ	l-s---fg-		ὁ		l-s---fg-	glaux_only
7042	ἐπιμέλεια	n-s---fg-		ἐπιμέλεια		n-s---fg-	glaux_only
7043	ὁ	l-s---fg-		ὁ		l-s---fg-	glaux_only
7044	οὗτος	p-p---mg-		οὗτος		p-p---mg-	glaux_only
7045	οὐ	d--------		οὐ		d--------	glaux_only
7046	ὁ	l-s---fa-	ὁ	ὁ	l-s---fa-	l-s---fa-	
7047	αὐτός	p-s---fa-		αὐτός		p-s---fa-	glaux_only
7048	σύ	p-p---cd-		σύ		p-p---cd-	glaux_only
7049	γνώμη	n-s---fa-		γνώμη		n-s---fa-	glaux_only
7050	ἔχω	v3siia---		ἔχω		v3siia---	glaux_only
7051	.	u--------		.		u--------	glaux_only
7052	σύ	p-p---cn-		σύ		p-p---cn-	glaux_only
7053	μέν	g--------		μέν		g--------	glaux_only
7054	γάρ	g--------		γάρ		g--------	glaux_only
7055	χειροτονέω	v2ppia---		χειροτονέω		v2ppia---	glaux_only
7056	στρατηγός	n-p---ma-		στρατηγός		n-p---ma-	glaux_only
7057	ὁ	l-p---ma-		ὁ		l-p---ma-	glaux_only
7058	εὔρωστος	a-p---mas		εὔρωστος		a-p---mas	glaux_only
7059	ὁ	l-p---nd-		ὁ		l-p---nd-	glaux_only
7060	σῶμα	n-p---nd-		σῶμα		n-p---nd-	glaux_only
7061	καί	c--------		καί		c--------	glaux_only
7062	πολλάκις	d--------		πολλάκις		d--------	glaux_only
7063	ἐν	r--------		ἐν		r--------	glaux_only
7064	ὁ	l-p---nd-		ὁ		l-p---nd-	glaux_only
7065	ξενικός	a-p---nd-		ξενικός		a-p---nd-	glaux_only
7066	στράτευμα	n-p---nd-		στράτευμα		n-p---nd-	glaux_only
7067	γίγνομαι	v-prpmma-		γίγνομαι		v-prpmma-	glaux_only
7068	,	u--------		,		u--------	glaux_only
7069	ὡς	c--------		ὡς		c--------	glaux_only
7070	διά	r--------		διά		r--------	glaux_only
7071	οὗτος	p-p---ng-		οὗτος		p-p---ng-	glaux_only
7072	διαπράσσω	v-pfpmmn-		διαπράσσω		v-pfpmmn-	glaux_only
7073	τις	p-s---na-		τις		p-s---na-	glaux_only
7074	ὁ	l-p---ng-	ὁ	ὁ	l-p---ng-	l-p---ng-	
7075	δέω	v-pppang-		δέω		v-pppang-	glaux_only
7076	.	u--------	.	.	u--------	u--------	
7077	ὁ	l-s---mn-		ὁ		l-s---mn-	glaux_only
7078	δέ	c--------		δέ		c--------	glaux_only
7079	ὁ	l-p---md-		ὁ		l-p---md-	glaux_only
7080	μέν	g--------		μέν		g--------	glaux_only
7081	τοιοῦτος	p-p---md-		τοιοῦτος		p-p---md-	glaux_only
7082	λοχαγός	n-p---md-		λοχαγός		n-p---md-	glaux_only
7083	χράω	v3siim---		χράω		v3siim---	glaux_only
7084	καί	c--------		καί		c--------	glaux_only
7085	ταξίαρχος	n-p---md-		ταξίαρχος		n-p---md-	glaux_only
7086	,	u--------		,		u--------	glaux_only
7087	αὐτός	p-s---mn-	αὐτός	αὐτός	p-s---mn-	p-s---mn-	
7088	δέ	c--------		δέ		c--------	glaux_only
7089	περί	r--------		περί		r--------	glaux_only
7090	οὗτος	p-p---na-		οὗτος		p-p---na-	glaux_only
7091	δεινός	a-s---mn-		δεινός		a-s---mn-	glaux_only
7092	εἰμί	v3siia---		εἰμί		v3siia---	glaux_only
7093	,	u--------		,		u--------	glaux_only
7094	περί	r--------		περί		r--------	glaux_only
7095	ὅς	p-p---na-		ὅς		p-p---na-	glaux_only
7096	χρή	v3spia---		χρή		v3spia---	glaux_only
7097	φρόνιμος	a-s---ma-		φρόνιμος		a-s---ma-	glaux_only
7098	εἰμί	v--pna---		εἰμί		v--pna---	glaux_only
7099	ὁ	l-s---ma-		ὁ		l-s---ma-	glaux_only
7100	στρατηγός	n-s---ma-		στρατηγός		n-s---ma-	glaux_only
7101	ὁ	l-s---ma-		ὁ		l-s---ma-	glaux_only
7102	ἀγαθός	a-s---ma-		ἀγαθός		a-s---ma-	glaux_only
7103	.	u--------		.		u--------	glaux_only
7104	εἰμί	v3spia---		εἰμί		v3spia---	glaux_only
7105	δέ	c--------		δέ		c--------	glaux_only
7106	οὗτος	p-p---nn-		οὗτος		p-p---nn-	glaux_only
7107	τίς	p-s---ca-		τίς		p-s---ca-	glaux_only
7108	δύναμις	n-s---fa-		δύναμις		n-s---fa-	glaux_only
7109	ἔχω	v-pppann-		ἔχω		v-pppann-	glaux_only
7110	;	u--------		;		u--------	glaux_only
7111	δέω	v3spia---		δέω		v3spia---	glaux_only
7112	γάρ	g--------		γάρ		g--------	glaux_only
7113	οὐ	d--------		οὐ		d--------	glaux_only
7114	ἁπλῶς	d--------		ἁπλῶς		d--------	glaux_only
7115	λέγω	v--ana---		λέγω		v--ana---	glaux_only
7116	,	u--------		,		u--------	glaux_only
7117	ἀλλά	c--------		ἀλλά		c--------	glaux_only
7118	σαφής	d--------		σαφής		d--------	glaux_only
7119	φράζω	v--ana---		φράζω		v--ana---	glaux_only
7120	περί	r--------	περί	περί	r--------	r--------	
7121	αὐτός	p-p---ng-		αὐτός		p-p---ng-	glaux_only
7122	.	u--------		.		u--------	glaux_only
7123	πρῶτος	a-s---na-		πρῶτος		a-s---na-	glaux_only
7124	μέν	g--------		μέν		g--------	glaux_only
7125	δύναμαι	v--pnm---		δύναμαι		v--pnm---	glaux_only
7126	γιγνώσκω	v--ana---		γιγνώσκω		v--ana---	glaux_only
7127	πρός	r--------		πρός		r--------	glaux_only
7128	τίς	p-p---ca-		τίς		p-p---ca-	glaux_only
7129	πολεμέω	a-s---nn-		πολεμέω		a-s---nn-	glaux_only
7130	καί	c--------		καί		c--------	glaux_only
7131	τίς	p-p---ca-		τίς		p-p---ca-	glaux_only
7132	σύμμαχος	a-p---ma-		σύμμαχος		a-p---ma-	glaux_only
7133	ποιέω	a-s---nn-		ποιέω		a-s---nn-	glaux_only
7134	·	u--------		·		u--------	glaux_only
7135	ἀρχή	n-s---fn-		ἀρχή		n-s---fn-	glaux_only
7136	γάρ	g--------		γάρ		g--------	glaux_only
7137	οὗτος	p-s---fn-		οὗτος		p-s---fn-	glaux_only
7138	στρατηγία	n-s---fg-		στρατηγία		n-s---fg-	glaux_only
7139	εἰμί	v3spia---		εἰμί		v3spia---	glaux_only
7140	,	u--------		,		u--------	glaux_only
7141	ὅς	p-s---fg-		ὅς		p-s---fg-	glaux_only
7142	ἐάν	c--------		ἐάν		c--------	glaux_only
7143	διαμαρτάνω	v3sasa---		διαμαρτάνω		v3sasa---	glaux_only
7144	τις	p-s---cn-		τις		p-s---cn-	glaux_only
7145	,	u--------		,		u--------	glaux_only
7146	ἀνάγκη	n-s---fn-		ἀνάγκη		n-s---fn-	glaux_only
7147	ὁ	l-s---ma-		ὁ		l-s---ma-	glaux_only
7148	πόλεμος	n-s---ma-		πόλεμος		n-s---ma-	glaux_only
7149	ἀσύμφορος	a-s---ma-		ἀσύμφορος		a-s---ma-	glaux_only
7150	καί	c--------		καί		c--------	glaux_only
7151	χαλεπός	a-s---ma-		χαλεπός		a-s---ma-	glaux_only
7152	καί	c--------		καί		c--------	glaux_only
7153	περίεργος	a-s---ma-		περίεργος		a-s---ma-	glaux_only
7154	εἰμί	v--pna---		εἰμί		v--pna---	glaux_only
7155	.	u--------		.		u--------	glaux_only
7156	περί	r--------		περί		r--------	glaux_only
7157	τοίνυν	g--------		τοίνυν		g--------	glaux_only
7158	ὁ	l-s---fa-		ὁ		l-s---fa-	glaux_only
7159	τοιοῦτος	p-s---fa-		τοιοῦτος		p-s---fa-	glaux_only
7160	προαίρεσις	n-s---fa-		προαίρεσις		n-s---fa-	glaux_only
7161	οὐ	d--------		οὐ		d--------	glaux_only
7162	μόνος	d--------		μόνος		d--------	glaux_only
7163	οὐδείς	p-s---mn-		οὐδείς		p-s---mn-	glaux_only
7164	τοιοῦτος	p-s---mn-		τοιοῦτος		p-s---mn-	glaux_only
7165	γίγνομαι	v3sria---		γίγνομαι		v3sria---	glaux_only
7166	,	u--------		,		u--------	glaux_only
7167	ἀλλά	c--------	ἀλλά	ἀλλά	c--------	c--------	
7168	οὐ	d--------		οὐ		d--------	glaux_only
7169							unmatched
7170							unmatched
7171							unmatched
7172							unmatched
7173							unmatched
7174							unmatched
7175							unmatched
7176							unmatched
7177							unmatched
7178							unmatched
7179							unmatched
7180	πολύς	a-p---mas		πολύς		a-p---mas	glaux_only
7181	γάρ	g--------	γάρ	γάρ	d--------	g--------	
7182	πόλεμος	n-p---ma-		πόλεμος		n-p---ma-	glaux_only
7183	ἄνευ	r--------		ἄνευ		r--------	glaux_only
7184	ὁ	l-s---fg-		ὁ		l-s---fg-	glaux_only
7185	πόλις	n-s---fg-		πόλις		n-s---fg-	glaux_only
7186	ἀναιρέω	v-sapmmn-		ἀναιρέω		v-sapmmn-	glaux_only
7187	,	u--------		,		u--------	glaux_only
7188	ἅπας	p-p---ma-		ἅπας		p-p---ma-	glaux_only
7189	οὗτος	p-p---ma-		οὗτος		p-p---ma-	glaux_only
7190	κατορθόω	v3saia---		κατορθόω		v3saia---	glaux_only
7191	καί	c--------		καί		c--------	glaux_only
7192	δίκαιος	d--------		δίκαιος		d--------	glaux_only
7193	ἅπας	p-p---md-		ἅπας		p-p---md-	glaux_only
7194	ὁ	l-p---md-		ὁ		l-p---md-	glaux_only
7195	Ἕλλην	n-p---md-		Ἕλλην		n-p---md-	glaux_only
7196	δοκέω	v3saia---		δοκέω		v3saia---	glaux_only
7197	αὐτός	p-p---ma-		αὐτός		p-p---ma-	glaux_only
7198	ποιέω	v--anm---		ποιέω		v--anm---	glaux_only
7199	.	u--------		.		u--------	glaux_only
7200	καί	c--------		καί		c--------	glaux_only
7201	τοι	g--------		τοι		g--------	glaux_only
7202	ὁ	l-s---ng-		ὁ		l-s---ng-	glaux_only
7203	καλός	d--------		καλός		d--------	glaux_only
7204	βουλεύω	v--anm---		βουλεύω		v--anm---	glaux_only
7205	τίς	p-s---cn-		τίς		p-s---cn-	glaux_only
7206	ἄν	g--------		ἄν		g--------	glaux_only
7207	ἀπόδειξις	n-s---fa-		ἀπόδειξις		n-s---fa-	glaux_only
7208	ἔχω	v3spoa---		ἔχω		v3spoa---	glaux_only
7209	σαφής	a-s---fac		σαφής		a-s---fac	glaux_only
7210	καί	c--------	καί	καί	c--------	c--------	
7211	μέγας	a-s---fac		μέγας		a-s---fac	glaux_only
7212	οὗτος	p-s---fg-		οὗτος		p-s---fg-	glaux_only
7213	παρέχω	v--anm---		παρέχω		v--anm---	glaux_only
7214	;	u--------		;		u--------	glaux_only
7215	δεύτερος	a-s---na-		δεύτερος		a-s---na-	glaux_only
7216	τίς	p-s---na-		τίς		p-s---na-	glaux_only
7217	προσήκω	v3spia---		προσήκω		v3spia---	glaux_only
7218	ὁ	l-s---ma-		ὁ		l-s---ma-	glaux_only
7219	στρατηγός	n-s---ma-		στρατηγός		n-s---ma-	glaux_only
7220	ὁ	l-s---ma-	ὁ	ὁ	l-s---ma-	l-s---ma-	
7221	ἀγαθός	a-s---ma-		ἀγαθός		a-s---ma-	glaux_only
7222	;	u--------		;		u--------	glaux_only
7223	στρατόπεδον	n-s---na-		στρατόπεδον		n-s---na-	glaux_only
7224	συνάγω	v--ana---		συνάγω		v--ana---	glaux_only
7225	ἁρμόζω	v-sppana-		ἁρμόζω		v-sppana-	glaux_only
7226	ὁ	l-s---md-		ὁ		l-s---md-	glaux_only
7227	πόλεμος	n-s---md-		πόλεμος		n-s---md-	glaux_only
7228	ὁ	l-s---md-		ὁ		l-s---md-	glaux_only
7229	πάρειμι	v-sppamd-		πάρειμι		v-sppamd-	glaux_only
7230	,	u--------		,		u--------	glaux_only
7231	καί	c--------	καί	καί	d--------	c--------	
7232	οὗτος	p-s---na-		οὗτος		p-s---na-	glaux_only
7233	συντάσσω	v--ana---		συντάσσω		v--ana---	glaux_only
7234	καί	c--------		καί		c--------	glaux_only
7235	χράω	v--anm---		χράω		v--anm---	glaux_only
7236	συμφερόντως	d--------		συμφερόντως		d--------	glaux_only
7237	.	u--------		.		u--------	glaux_only
7238	ὡς	c--------		ὡς		c--------	glaux_only
7239	μέν	g--------		μέν		g--------	glaux_only
7240	τοίνυν	g--------		τοίνυν		g--------	glaux_only
7241	ἐπίσταμαι	v3siim---		ἐπίσταμαι		v3siim---	glaux_only
7242	χράω	v--pnm---		χράω		v--pnm---	glaux_only
7243	καλός	d--------		καλός		d--------	glaux_only
7244	,	u--------		,		u--------	glaux_only
7245	ὁ	l-p---fn-		ὁ		l-p---fn-	glaux_only
7246	πρᾶξις	n-p---fn-		πρᾶξις		n-p---fn-	glaux_only
7247	αὐτός	p-p---fn-		αὐτός		p-p---fn-	glaux_only
7248	δηλόω	v3pria---		δηλόω		v3pria---	glaux_only
7249	·	u--------		·		u--------	glaux_only
7250	ὡς	c--------		ὡς		c--------	glaux_only
7251	δέ	c--------		δέ		c--------	glaux_only
7252	καί	c--------		καί		c--------	glaux_only
7253	πρός	r--------		πρός		r--------	glaux_only
7254	ὁ	l-s---na-		ὁ		l-s---na-	glaux_only
7255	παρασκευάζω	v--anm---		παρασκευάζω		v--anm---	glaux_only
7256	μεγαλοπρεπής	d--------		μεγαλοπρεπής		d--------	glaux_only
7257	καί	c--------	καί	καί	d--------	c--------	
7258	ὁ	l-s---fg-		ὁ		l-s---fg-	glaux_only
7259	πόλις	n-s---fg-		πόλις		n-s---fg-	glaux_only
7260	ἄξιος	d--------		ἄξιος		d--------	glaux_only
7261	ἅπας	p-p---ng-		ἅπας		p-p---ng-	glaux_only
7262	διαφέρω	v3saia---		διαφέρω		v3saia---	glaux_only
7263	,	u--------		,		u--------	glaux_only
7264	οὐ	d--------		οὐ		d--------	glaux_only
7265							unmatched
7266							unmatched
7267							unmatched
7268							unmatched
7269							unmatched
7270							unmatched
7271							unmatched
7272							unmatched
7273							unmatched
7274	ἔτι	d--------		ἔτι		d--------	glaux_only
7275	τοίνυν	g--------		τοίνυν		g--------	glaux_only
7276	πρός	r--------		πρός		r--------	glaux_only
7277	οὗτος	p-p---nd-		οὗτος		p-p---nd-	glaux_only
7278	ἀπορία	n-p---fa-		ἀπορία		n-p---fa-	glaux_only
7279	φέρω	v--ana---		φέρω		v--ana---	glaux_only
7280	στρατόπεδον	n-s---ng-		στρατόπεδον		n-s---ng-	glaux_only
7281	καί	c--------	καί	καί	c--------	c--------	
7282	πενία	n-s---fg-		πενία		n-s---fg-	glaux_only
7283	,	u--------		,		u--------	glaux_only
7284	καί	c--------		καί		c--------	glaux_only
7285	πάλιν	d--------		πάλιν		d--------	glaux_only
7286	εὐπορία	n-p---fa-		εὐπορία		n-p---fa-	glaux_only
7287	εὑρίσκω	v--ana---		εὑρίσκω		v--ana---	glaux_only
7288	,	u--------		,		u--------	glaux_only
7289	τίς	p-s---cn-		τίς		p-s---cn-	glaux_only
7290	οὐ	d--------		οὐ		d--------	glaux_only
7291	ἄν	g--------		ἄν		g--------	glaux_only
7292	ὁ	l-p---mg-		ὁ		l-p---mg-	glaux_only
7293	συστρατεύω	v-prpmmg-		συστρατεύω		v-prpmmg-	glaux_only
7294	πρός	r--------		πρός		r--------	glaux_only
7295	ἀμφότερος	a-p---na-		ἀμφότερος		a-p---na-	glaux_only
7296	οὗτος	p-p---na-		οὗτος		p-p---na-	glaux_only
7297	διαφέρω	v--pna---		διαφέρω		v--pna---	glaux_only
7298	ἐκεῖνος	p-s---ma-		ἐκεῖνος		p-s---ma-	glaux_only
7299	προκρίνω	v3saoa---		προκρίνω		v3saoa---	glaux_only
7300	;	u--------		;		u--------	glaux_only
7301	σύνοιδα	v3ppia---		σύνοιδα		v3ppia---	glaux_only
7302	γάρ	g--------		γάρ		g--------	glaux_only
7303	αὐτός	p-s---md-		αὐτός		p-s---md-	glaux_only
7304	κατά	r--------		κατά		r--------	glaux_only
7305	μέν	g--------		μέν		g--------	glaux_only
7306	ἀρχή	n-p---fa-		ἀρχή		n-p---fa-	glaux_only
7307	ὁ	l-p---mg-		ὁ		l-p---mg-	glaux_only
7308	πόλεμος	n-p---mg-		πόλεμος		n-p---mg-	glaux_only
7309	διά	r--------		διά		r--------	glaux_only
7310	ὁ	l-s---na-		ὁ		l-s---na-	glaux_only
7311	μηδείς	p-s---na-		μηδείς		p-s---na-	glaux_only
7312	παρά	r--------		παρά		r--------	glaux_only
7313	ὁ	l-s---fg-		ὁ		l-s---fg-	glaux_only
7314	πόλις	n-s---fg-		πόλις		n-s---fg-	glaux_only
7315	λαμβάνω	v--pna---		λαμβάνω		v--pna---	glaux_only
7316	εἰς	r--------		εἰς		r--------	glaux_only
7317	ὁ	l-p---fa-		ὁ		l-p---fa-	glaux_only
7318	ἔσχατος	a-p---fa-		ἔσχατος		a-p---fa-	glaux_only
7319	ἔνδεια	n-p---fa-		ἔνδεια		n-p---fa-	glaux_only
7320	καθίστημι	v-sppmma-		καθίστημι		v-sppmma-	glaux_only
7321	,	u--------		,		u--------	glaux_only
7322	ἐκ	r--------		ἐκ		r--------	glaux_only
7323	δέ	c--------	δέ	δέ	c--------	c--------	
7324	οὗτος	p-p---ng-		οὗτος		p-p---ng-	glaux_only
7325	εἰς	r--------		εἰς		r--------	glaux_only
7326	οὗτος	p-s---na-		οὗτος		p-s---na-	glaux_only
7327	ὁ	l-p---na-		ὁ		l-p---na-	glaux_only
7328	πρᾶγμα	n-p---na-		πρᾶγμα		n-p---na-	glaux_only
7329	περιίστημι	v--pna---		περιίστημι		v--pna---	glaux_only
7330	δύναμαι	v-sppmma-		δύναμαι		v-sppmma-	glaux_only
7331	,	u--------		,		u--------	glaux_only
7332	ὥστε	c--------		ὥστε		c--------	glaux_only
7333	καί	c--------	καί	καί	d--------	c--------	
7334	ὁ	l-p---mg-		ὁ		l-p---mg-	glaux_only
7335	πολέμιος	a-p---mg-		πολέμιος		a-p---mg-	glaux_only
7336	περιγίγνομαι	v--pnm---		περιγίγνομαι		v--pnm---	glaux_only
7337	καί	c--------		καί		c--------	glaux_only
7338	ὁ	l-p---md-		ὁ		l-p---md-	glaux_only
7339	στρατιώτης	n-p---md-		στρατιώτης		n-p---md-	glaux_only
7340	ἐντελής	a-p---ma-		ἐντελής		a-p---ma-	glaux_only
7341	ἀποδίδωμι	v--pna---		ἀποδίδωμι		v--pna---	glaux_only
7342	ὁ	l-p---ma-		ὁ		l-p---ma-	glaux_only
7343	μισθός	n-p---ma-		μισθός		n-p---ma-	glaux_only
7344	.	u--------		.		u--------	glaux_only
7345	οὕτως	d--------		οὕτως		d--------	glaux_only
7346	τοίνυν	g--------		τοίνυν		g--------	glaux_only
7347	οὗτος	p-p---ng-	οὗτος	οὗτος	p-p---ng-	p-p---ng-	
7348	μέγας	a-p---ng-		μέγας		a-p---ng-	glaux_only
7349	εἰμί	v-pppang-		εἰμί		v-pppang-	glaux_only
7350	καί	c--------	καί	καί	c--------	c--------	
7351	σφόδρα	d--------		σφόδρα		d--------	glaux_only
7352	κατεπείγω	v-pppang-		κατεπείγω		v-pppang-	glaux_only
7353	,	u--------		,		u--------	glaux_only
7354	ἐπί	r--------		ἐπί		r--------	glaux_only
7355	ὁ	l-p---nd-		ὁ		l-p---nd-	glaux_only
7356	ἔχω	v-pppmnd-		ἔχω		v-pppmnd-	glaux_only
7357	δίκαιος	d--------		δίκαιος		d--------	glaux_only
7358	ἄν	g--------		ἄν		g--------	glaux_only
7359	τις	p-s---cn-		τις		p-s---cn-	glaux_only
7360	αὐτός	p-s---ma-		αὐτός		p-s---ma-	glaux_only
7361	ἔτι	d--------		ἔτι		d--------	glaux_only
7362	μάλα	d-------c		μάλα		d-------c	glaux_only
7363	ἐπαινέω	v3saoa---		ἐπαινέω		v3saoa---	glaux_only
7364	.	u--------		.		u--------	glaux_only
7365	ὁράω	v-sppamn-		ὁράω		v-sppamn-	glaux_only
7366	γάρ	g--------		γάρ		g--------	glaux_only
7367	σύ	p-p---ca-		σύ		p-p---ca-	glaux_only
7368	οὗτος	p-p---ma-		οὗτος		p-p---ma-	glaux_only
7369	μόνος	a-p---ma-		μόνος		a-p---ma-	glaux_only
7370	ἀνήρ	n-p---ma-		ἀνήρ		n-p---ma-	glaux_only
7371	νομίζω	v-pppama-		νομίζω		v-pppama-	glaux_only
7372	,	u--------		,		u--------	glaux_only
7373	ὁ	l-p---ma-	ὁ	ὁ	l-p---ma-	l-p---ma-	
7374	ἀπειλέω	v-pppama-		ἀπειλέω		v-pppama-	glaux_only
7375	καί	c--------	καί	καί	c--------	c--------	
7376	ὁ	l-p---ma-		ὁ		l-p---ma-	glaux_only
7377	ἐκφοβέω	v-pppama-		ἐκφοβέω		v-pppama-	glaux_only
7378	ὁ	l-p---fa-		ὁ		l-p---fa-	glaux_only
7379	ἄλλος	p-p---fa-		ἄλλος		p-p---fa-	glaux_only
7380	πόλις	n-p---fa-		πόλις		n-p---fa-	glaux_only
7381	καί	c--------		καί		c--------	glaux_only
7382	ὁ	l-p---ma-		ὁ		l-p---ma-	glaux_only
7383	ἀεί	d--------		ἀεί		d--------	glaux_only
7384	τις	p-s---na-		τις		p-s---na-	glaux_only
7385	νεωτερίζω	v-pppama-		νεωτερίζω		v-pppama-	glaux_only
7386	ἐν	r--------		ἐν		r--------	glaux_only
7387	ὁ	l-p---md-		ὁ		l-p---md-	glaux_only
7388	σύμμαχος	a-p---md-		σύμμαχος		a-p---md-	glaux_only
7389	,	u--------		,		u--------	glaux_only
7390	οὐ	d--------		οὐ		d--------	glaux_only
7391	ἐπακολουθέω	v3saia---		ἐπακολουθέω		v3saia---	glaux_only
7392	ὁ	l-p---fd-		ὁ		l-p---fd-	glaux_only
7393	ὑμέτερος	a-p---fd-		ὑμέτερος		a-p---fd-	glaux_only
7394	γνώμη	n-p---fd-		γνώμη		n-p---fd-	glaux_only
7395	,	u--------		,		u--------	glaux_only
7396							unmatched
7397	βούλομαι	v3saip---		βούλομαι		v3saip---	glaux_only
7398	βλάπτω	v-sppamn-		βλάπτω		v-sppamn-	glaux_only
7399	ὁ	l-s---fa-		ὁ		l-s---fa-	glaux_only
7400	πόλις	n-s---fa-		πόλις		n-s---fa-	glaux_only
7401	εὐδοκιμέω	v--pna---		εὐδοκιμέω		v--pna---	glaux_only
7402	,	u--------		,		u--------	glaux_only
7403	ἀλλά	c--------		ἀλλά		c--------	glaux_only
7404	οὗτος	p-s---na-		οὗτος		p-s---na-	glaux_only
7405	φιλοσοφέω	v3siia---		φιλοσοφέω		v3siia---	glaux_only
7406	καί	c--------		καί		c--------	glaux_only
7407	οὗτος	p-s---na-		οὗτος		p-s---na-	glaux_only
7408	πράσσω	v3siia---		πράσσω		v3siia---	glaux_only
7409	,	u--------		,		u--------	glaux_only
7410	ὅπως	c--------		ὅπως		c--------	glaux_only
7411	μηδείς	p-s---fn-		μηδείς		p-s---fn-	glaux_only
7412	ὁ	l-p---fg-		ὁ		l-p---fg-	glaux_only
7413	πόλις	n-p---fg-		πόλις		n-p---fg-	glaux_only
7414	αὐτός	p-s---ma-		αὐτός		p-s---ma-	glaux_only
7415	φοβέω	v3sfim---		φοβέω		v3sfim---	glaux_only
7416	ὁ	l-p---fg-		ὁ		l-p---fg-	glaux_only
7417	Ἑλληνίς	a-p---fg-		Ἑλληνίς		a-p---fg-	glaux_only
7418	,	u--------		,		u--------	glaux_only
7419	ἀλλά	c--------		ἀλλά		c--------	glaux_only
7420	πᾶς	p-p---fn-		πᾶς		p-p---fn-	glaux_only
7421	θαρσέω	v3pfia---		θαρσέω		v3pfia---	glaux_only
7422	πλήν	r--------		πλήν		r--------	glaux_only
7423	ὁ	l-p---fg-	ὁ	ὁ	l-p---ng-	l-p---fg-	
7424	ἀδικέω	v-pppafg-		ἀδικέω		v-pppafg-	glaux_only
7425	.	u--------		.		u--------	glaux_only
7426	ἐπίσταμαι	v3siim---		ἐπίσταμαι		v3siim---	glaux_only
7427	γάρ	g--------		γάρ		g--------	glaux_only
7428	ὁ	l-p---ma-		ὁ		l-p---ma-	glaux_only
7429	τε	c--------		τε		c--------	glaux_only
7430	δείδω	v-prpama-		δείδω		v-prpama-	glaux_only
7431	ὅτι	c--------		ὅτι		c--------	glaux_only
7432	μισέω	v3ppia---		μισέω		v3ppia---	glaux_only
7433	διά	r--------		διά		r--------	glaux_only
7434	ὅς	p-p---ma-		ὅς		p-p---ma-	glaux_only
7435	ἄν	g--------		ἄν		g--------	glaux_only
7436	οὗτος	p-s---na-		οὗτος		p-s---na-	glaux_only
7437	πάσχω	v-prpamn-		πάσχω		v-prpamn-	glaux_only
7438	τυγχάνω	v3ppsa---		τυγχάνω		v3ppsa---	glaux_only
7439	,	u--------		,		u--------	glaux_only
7440	ὁ	l-s---fa-		ὁ		l-s---fa-	glaux_only
7441	τε	c--------		τε		c--------	glaux_only
7442	πόλις	n-s---fa-		πόλις		n-s---fa-	glaux_only
7443	διά	r--------		διά		r--------	glaux_only
7444	μέν	g--------		μέν		g--------	glaux_only
7445	ὁ	l-s---fa-		ὁ		l-s---fa-	glaux_only
7446	φιλία	n-s---fa-		φιλία		n-s---fa-	glaux_only
7447	ὁ	l-s---fa-		ὁ		l-s---fa-	glaux_only
7448	ὁ	l-p---mg-		ὁ		l-p---mg-	glaux_only
7449	ἄλλος	p-p---fg-		ἄλλος		p-p---fg-	glaux_only
7450	εὐδαίμων	a-s---fas		εὐδαίμων		a-s---fas	glaux_only
7451	καί	c--------		καί		c--------	glaux_only
7452	μέγας	a-s---fas		μέγας		a-s---fas	glaux_only
7453	γίγνομαι	v-sapmfa-		γίγνομαι		v-sapmfa-	glaux_only
7454	,	u--------		,		u--------	glaux_only
7455	διά	r--------		διά		r--------	glaux_only
7456	δέ	c--------		δέ		c--------	glaux_only
7457	ὁ	l-s---na-		ὁ		l-s---na-	glaux_only
7458	μῖσος	n-s---na-		μῖσος		n-s---na-	glaux_only
7459	μικρός	a-s---na-		μικρός		a-s---na-	glaux_only
7460	ἀπολείπω	v-sapafa-		ἀπολείπω		v-sapafa-	glaux_only
7461	ὁ	l-s---ng-		ὁ		l-s---ng-	glaux_only
7462	μή	d--------		μή		d--------	glaux_only
7463	ὁ	l-p---fd-		ὁ		l-p---fd-	glaux_only
7464	ἔσχατος	a-p---fds		ἔσχατος		a-p---fds	glaux_only
7465	συμφορά	n-p---fd-		συμφορά		n-p---fd-	glaux_only
7466	περιπίπτω	v--ana---		περιπίπτω		v--ana---	glaux_only
7467	.	u--------		.		u--------	glaux_only
7468	ὅς	p-p---ng-		ὅς		p-p---ng-	glaux_only
7469	ἐνθυμέομαι	v-sppmmn-		ἐνθυμέομαι		v-sppmmn-	glaux_only
7470	ὁ	l-s---fd-		ὁ		l-s---fd-	glaux_only
7471	μέν	g--------		μέν		g--------	glaux_only
7472	δύναμις	n-s---fd-		δύναμις		n-s---fd-	glaux_only
7473	ὁ	l-s---fd-		ὁ		l-s---fd-	glaux_only
7474	ὁ	l-s---fg-		ὁ		l-s---fg-	glaux_only
7475	πόλις	n-s---fg-		πόλις		n-s---fg-	glaux_only
7476	ὁ	l-p---ma-	ὁ	ὁ	l-p---ma-	l-p---ma-	
7477	πολέμιος	a-p---ma-		πολέμιος		a-p---ma-	glaux_only
7478	καταστρέφω	v3siim---		καταστρέφω		v3siim---	glaux_only
7479	,	u--------		,		u--------	glaux_only
7480	ὁ	l-s---nd-		ὁ		l-s---nd-	glaux_only
7481	δέ	c--------		δέ		c--------	glaux_only
7482	ἦθος	n-s---nd-		ἦθος		n-s---nd-	glaux_only
7483	ὁ	l-s---nd-		ὁ		l-s---nd-	glaux_only
7484	ἑαυτοῦ	p-s---mg-		ἑαυτοῦ		p-s---mg-	glaux_only
7485	ὁ	l-s---fa-		ὁ		l-s---fa-	glaux_only
7486	εὔνοια	n-s---fa-		εὔνοια		n-s---fa-	glaux_only
7487	ὁ	l-s---fa-		ὁ		l-s---fa-	glaux_only
7488	ὁ	l-p---mg-	ὁ	ὁ	l-p---mg-	l-p---mg-	
7489	ἄλλος	p-p---mg-		ἄλλος		p-p---mg-	glaux_only
7490	προσάγω	v3siim---		προσάγω		v3siim---	glaux_only
7491	,	u--------		,		u--------	glaux_only
7492	νομίζω	v-sppamn-		νομίζω		v-sppamn-	glaux_only
7493	οὗτος	p-s---na-		οὗτος		p-s---na-	glaux_only
7494	στρατήγημα	n-s---na-		στρατήγημα		n-s---na-	glaux_only
7495	μέγας	a-s---nac		μέγας		a-s---nac	glaux_only
7496	εἰμί	v--pna---		εἰμί		v--pna---	glaux_only
7497	καί	c--------	καί	καί	c--------	c--------	
7498	καλός	a-s---nac		καλός		a-s---nac	glaux_only
7499	ἤ	c--------		ἤ		c--------	glaux_only
7500	πολύς	a-p---fa-		πολύς		a-p---fa-	glaux_only
7501	πόλις	n-p---fa-		πόλις		n-p---fa-	glaux_only
7502	αἱρέω	v--ana---		αἱρέω		v--ana---	glaux_only
7503	καί	c--------	καί	καί	c--------	c--------	
7504	πολλάκις	d--------		πολλάκις		d--------	glaux_only
7505	νικάω	v--ana---		νικάω		v--ana---	glaux_only
7506	μάχομαι	v-sppmmn-		μάχομαι		v-sppmmn-	glaux_only
7507	.	u--------		.		u--------	glaux_only
7508	οὕτως	d--------		οὕτως		d--------	glaux_only
7509	δέ	c--------		δέ		c--------	glaux_only
7510	σπουδάζω	v3siia---		σπουδάζω		v3siia---	glaux_only
7511	περί	r--------		περί		r--------	glaux_only
7512	ὁ	l-s---na-		ὁ		l-s---na-	glaux_only
7513	μηδείς	p-s---fa-		μηδείς		p-s---fa-	glaux_only
7514	ὁ	l-p---fg-		ὁ		l-p---fg-	glaux_only
7515	πόλις	n-p---fg-		πόλις		n-p---fg-	glaux_only
7516	μή	d--------		μή		d--------	glaux_only
7517	δέ	d--------	δέ		d--------		oga_only
7518							unmatched
7519							unmatched
7520							unmatched
7521							unmatched
7522							unmatched
7523	ὡς	c--------	ὡς		c--------		oga_only
7524							unmatched
7525							unmatched
7526							unmatched
7527	ὁπότε	c--------		ὁπότε		c--------	glaux_only
7528							unmatched
7529							unmatched
7530							unmatched
7531							unmatched
7532							unmatched
7533							unmatched
7534							unmatched
7535							unmatched
7536							unmatched
7537							unmatched
7538							unmatched
7539							unmatched
7540							unmatched
7541							unmatched
7542	,	u--------	,		u--------		oga_only
7543							unmatched
7544							unmatched
7545							unmatched
7546							unmatched
7547							unmatched
7548							unmatched
7549							unmatched
7550							unmatched
7551							unmatched
7552	καί	c--------	καί		c--------		oga_only
7553							unmatched
7554							unmatched
7555							unmatched
7556							unmatched
7557	εἰ	c--------		εἰ		c--------	glaux_only
7558	δέ	c--------		δέ		c--------	glaux_only
7559	τυγχάνω	v3saoa---		τυγχάνω		v3saoa---	glaux_only
7560	καθορμίζω	v-sappmn-		καθορμίζω		v-sappmn-	glaux_only
7561	πρός	r--------		πρός		r--------	glaux_only
7562	ὁ	l-s---fa-		ὁ		l-s---fa-	glaux_only
7563	χώρα	n-s---fa-		χώρα		n-s---fa-	glaux_only
7564	,	u--------		,		u--------	glaux_only
7565	οὐ	d--------		οὐ		d--------	glaux_only
7566	ἄν	g--------		ἄν		g--------	glaux_only
7567	ἐφίημι	v3saia---		ἐφίημι		v3saia---	glaux_only
7568	ὁ	l-p---md-		ὁ		l-p---md-	glaux_only
7569	στρατιώτης	n-p---md-		στρατιώτης		n-p---md-	glaux_only
7570	ἁρπάζω	v--pna---		ἁρπάζω		v--pna---	glaux_only
7571	καί	c--------		καί		c--------	glaux_only
7572	κλέπτω	v--pna---		κλέπτω		v--pna---	glaux_only
7573	καί	c--------		καί		c--------	glaux_only
7574	πορθέω	v--pna---		πορθέω		v--pna---	glaux_only
7575	ὁ	l-p---fa-		ὁ		l-p---fa-	glaux_only
7576	οἰκία	n-p---fa-		οἰκία		n-p---fa-	glaux_only
7577	,	u--------		,		u--------	glaux_only
7578	ἀλλά	c--------	ἀλλά	ἀλλά	c--------	c--------	
7579	τοσοῦτος	p-s---fa-		τοσοῦτος		p-s---fa-	glaux_only
7580	ἔχω	v3siia---		ἔχω		v3siia---	glaux_only
7581	ἐπιμέλεια	n-s---fa-		ἐπιμέλεια		n-s---fa-	glaux_only
7582	ὑπέρ	r--------		ὑπέρ		r--------	glaux_only
7583	ὁ	l-s---ng-		ὁ		l-s---ng-	glaux_only
7584	μηδείς	p-s---na-		μηδείς		p-s---na-	glaux_only
7585	γίγνομαι	v--pnm---		γίγνομαι		v--pnm---	glaux_only
7586	τοιοῦτος	p-s---na-		τοιοῦτος		p-s---na-	glaux_only
7587	,	u--------	,	,	u--------	u--------	
7588	ὅσος	p-s---fa-		ὅσος		p-s---fa-	glaux_only
7589	περ	d--------		περ		d--------	glaux_only
7590	ὁ	l-p---mn-		ὁ		l-p---mn-	glaux_only
7591	δεσπότης	n-p---mn-		δεσπότης		n-p---mn-	glaux_only
7592	ὁ	l-p---ng-		ὁ		l-p---ng-	glaux_only
7593	χρῆμα	n-p---ng-		χρῆμα		n-p---ng-	glaux_only
7594	·	u--------		·		u--------	glaux_only
7595	οὐ	d--------		οὐ		d--------	glaux_only
7596	γάρ	g--------		γάρ		g--------	glaux_only
7597	οὗτος	p-s---md-		οὗτος		p-s---md-	glaux_only
7598	προσέχω	v3siia---		προσέχω		v3siia---	glaux_only
7599	ὁ	l-s---ma-		ὁ		l-s---ma-	glaux_only
7600	νόος	n-s---ma-		νόος		n-s---ma-	glaux_only
7601	,	u--------		,		u--------	glaux_only
7602	ὅπως	c--------		ὅπως		c--------	glaux_only
7603	ἐκ	r--------		ἐκ		r--------	glaux_only
7604	ὁ	l-p---ng-		ὁ		l-p---ng-	glaux_only
7605	τοιοῦτος	p-p---ng-		τοιοῦτος		p-p---ng-	glaux_only
7606	αὐτός	p-s---mn-		αὐτός		p-s---mn-	glaux_only
7607	εὐδοκιμέω	v3sfia---		εὐδοκιμέω		v3sfia---	glaux_only
7608	παρά	r--------		παρά		r--------	glaux_only
7609	ὁ	l-p---md-		ὁ		l-p---md-	glaux_only
7610	στρατιώτης	n-p---md-		στρατιώτης		n-p---md-	glaux_only
7611	,	u--------		,		u--------	glaux_only
7612	ἀλλά	c--------		ἀλλά		c--------	glaux_only
7613	ὅπως	c--------		ὅπως		c--------	glaux_only
7614	ὁ	l-s---fn-	ὁ	ὁ	l-s---fn-	l-s---fn-	
7615	πόλις	n-s---fn-		πόλις		n-s---fn-	glaux_only
7616	παρά	r--------		παρά		r--------	glaux_only
7617	ὁ	l-p---md-		ὁ		l-p---md-	glaux_only
7618	Ἕλλην	n-p---md-		Ἕλλην		n-p---md-	glaux_only
7619	.	u--------		.		u--------	glaux_only
7620	πρός	r--------		πρός		r--------	glaux_only
7621	δέ	c--------		δέ		c--------	glaux_only
7622	οὗτος	p-p---nd-		οὗτος		p-p---nd-	glaux_only
7623	ὁ	l-p---fa-		ὁ		l-p---fa-	glaux_only
7624	δοριάλωτος	a-p---fa-		δοριάλωτος		a-p---fa-	glaux_only
7625	ὁ	l-p---fg-	ὁ	ὁ	l-p---mg-	l-p---fg-	
7626	πόλις	n-p---fg-		πόλις		n-p---fg-	glaux_only
7627	οὕτως	d--------		οὕτως		d--------	glaux_only
7628	πρᾶος	d--------		πρᾶος		d--------	glaux_only
7629	διοικέω	v3siia---		διοικέω		v3siia---	glaux_only
7630	καί	c--------		καί		c--------	glaux_only
7631	νόμιμος	d--------		νόμιμος		d--------	glaux_only
7632	ὡς	c--------		ὡς		c--------	glaux_only
7633	οὐδείς	p-s---mn-		οὐδείς		p-s---mn-	glaux_only
7634	ἄλλος	p-s---mn-		ἄλλος		p-s---mn-	glaux_only
7635	ὁ	l-p---fa-		ὁ		l-p---fa-	glaux_only
7636	συμμαχίς	n-p---fa-		συμμαχίς		n-p---fa-	glaux_only
7637	,	u--------	,	,	u--------	u--------	
7638	ἡγέομαι	v-sppmmn-		ἡγέομαι		v-sppmmn-	glaux_only
7639	,	u--------		,		u--------	glaux_only
7640	εἰ	c--------		εἰ		c--------	glaux_only
7641	τοιοῦτος	p-s---mn-		τοιοῦτος		p-s---mn-	glaux_only
7642	εἰμί	v-sppamn-		εἰμί		v-sppamn-	glaux_only
7643	φαίνω	v3spom---		φαίνω		v3spom---	glaux_only
7644	περί	r--------		περί		r--------	glaux_only
7645	ὁ	l-p---ma-		ὁ		l-p---ma-	glaux_only
7646	πολεμέω	v-papama-		πολεμέω		v-papama-	glaux_only
7647	,	u--------		,		u--------	glaux_only
7648	ὁ	l-s---fa-	ὁ	ὁ	l-s---fa-	l-s---fa-	
7649	μέγας	a-s---fas		μέγας		a-s---fas	glaux_only
7650	πίστις	n-s---fa-		πίστις		n-s---fa-	glaux_only
7651	εἰμί	v--fnm---		εἰμί		v--fnm---	glaux_only
7652	δίδωμι	v-srpamn-		δίδωμι		v-srpamn-	glaux_only
7653	ὡς	c--------		ὡς		c--------	glaux_only
7654	οὐδέποτε	d--------		οὐδέποτε		d--------	glaux_only
7655	ἄν	g--------		ἄν		g--------	glaux_only
7656	περί	r--------		περί		r--------	glaux_only
7657	γε	g--------		γε		g--------	glaux_only
7658	ὁ	l-p---ma-		ὁ		l-p---ma-	glaux_only
7659	ἄλλος	p-p---ma-		ἄλλος		p-p---ma-	glaux_only
7660	ἐξαμαρτάνω	v--ana---		ἐξαμαρτάνω		v--ana---	glaux_only
7661	τολμάω	v3saoa---		τολμάω		v3saoa---	glaux_only
7662	.	u--------		.		u--------	glaux_only
7663	τοιγάρ	g--------		τοιγάρ		g--------	glaux_only
7664	διά	r--------		διά		r--------	glaux_only
7665	ὁ	l-s---fa-		ὁ		l-s---fa-	glaux_only
7666	δόξα	n-s---fa-		δόξα		n-s---fa-	glaux_only
7667	ὁ	l-s---fa-		ὁ		l-s---fa-	glaux_only
7668	ἐκ	r--------		ἐκ		r--------	glaux_only
7669	οὗτος	p-p---ng-		οὗτος		p-p---ng-	glaux_only
7670	γίγνομαι	v-sppmfa-		γίγνομαι		v-sppmfa-	glaux_only
7671	πολύς	a-p---fn-		πολύς		a-p---fn-	glaux_only
7672	ὁ	l-p---fg-		ὁ		l-p---fg-	glaux_only
7673	πόλις	n-p---fg-		πόλις		n-p---fg-	glaux_only
7674	ὁ	l-p---fg-		ὁ		l-p---fg-	glaux_only
7675	πρός	r--------		πρός		r--------	glaux_only
7676	σύ	p-p---ca-		σύ		p-p---ca-	glaux_only
7677	δύσκολος	d--------		δύσκολος		d--------	glaux_only
7678	ἔχω	v-pppafg-		ἔχω		v-pppafg-	glaux_only
7679	ἀναπετάννυμι	v-prpmfd-		ἀναπετάννυμι		v-prpmfd-	glaux_only
7680	αὐτός	p-s---ma-		αὐτός		p-s---ma-	glaux_only
7681	δέχομαι	v3piim---		δέχομαι		v3piim---	glaux_only
7682	ὁ	l-p---fd-		ὁ		l-p---fd-	glaux_only
7683	πύλη	n-p---fd-		πύλη		n-p---fd-	glaux_only
7684	·	u--------		·		u--------	glaux_only
7685	ἐν	r--------		ἐν		r--------	glaux_only
7686	ὅς	p-p---fd-		ὅς		p-p---fd-	glaux_only
7687	ἐκεῖνος	p-s---mn-		ἐκεῖνος		p-s---mn-	glaux_only
7688	οὐδείς	p-s---fa-		οὐδείς		p-s---fa-	glaux_only
7689	ταραχή	n-s---fa-		ταραχή		n-s---fa-	glaux_only
7690	ποιέω	v3saia---		ποιέω		v3saia---	glaux_only
7691	,	u--------	,	,	u--------	u--------	
7692	ἀλλά	c--------		ἀλλά		c--------	glaux_only
7693	ὥσπερ	c--------		ὥσπερ		c--------	glaux_only
7694	οἰκέω	v-pppmfa-		οἰκέω		v-pppmfa-	glaux_only
7695	αὐτός	p-p---fa-		αὐτός		p-p---fa-	glaux_only
7696	εἰσέρχομαι	v-sppamn-		εἰσέρχομαι		v-sppamn-	glaux_only
7697	καταλαμβάνω	v3saia---		καταλαμβάνω		v3saia---	glaux_only
7698	,	u--------		,		u--------	glaux_only
7699	οὕτως	d--------		οὕτως		d--------	glaux_only
7700	ἐξέρχομαι	v-sppamn-		ἐξέρχομαι		v-sppamn-	glaux_only
7701	καταλείπω	v3siia---		καταλείπω		v3siia---	glaux_only
7702	.	u--------		.		u--------	glaux_only
7703	κεφάλαιος	a-s---nn-		κεφάλαιος		a-s---nn-	glaux_only
7704	δέ	c--------		δέ		c--------	glaux_only
7705	πᾶς	p-p---ng-		πᾶς		p-p---ng-	glaux_only
7706	οὗτος	p-p---ng-	οὗτος	οὗτος	p-p---ng-	p-p---ng-	
7707	·	u--------		·		u--------	glaux_only
7708	ἐθίζω	v-prpmng-		ἐθίζω		v-prpmng-	glaux_only
7709	γάρ	g--------		γάρ		g--------	glaux_only
7710	ὁ	l-s---ma-		ὁ		l-s---ma-	glaux_only
7711	ἄλλος	p-s---ma-		ἄλλος		p-s---ma-	glaux_only
7712	χρόνος	n-s---ma-		χρόνος		n-s---ma-	glaux_only
7713	πολύς	a-p---ng-		πολύς		a-p---ng-	glaux_only
7714	γίγνομαι	v--pnm---		γίγνομαι		v--pnm---	glaux_only
7715	καί	c--------		καί		c--------	glaux_only
7716	δεινός	a-p---ng-		δεινός		a-p---ng-	glaux_only
7717	ἐν	r--------		ἐν		r--------	glaux_only
7718	ὁ	l-p---md-		ὁ		l-p---md-	glaux_only
7719	Ἕλλην	n-p---md-		Ἕλλην		n-p---md-	glaux_only
7720	,	u--------		,		u--------	glaux_only
7721	ἐπί	r--------		ἐπί		r--------	glaux_only
7722	ὁ	l-s---fg-		ὁ		l-s---fg-	glaux_only
7723	ἐκεῖνος	p-s---mg-		ἐκεῖνος		p-s---mg-	glaux_only
7724	στρατηγία	n-s---fg-		στρατηγία		n-s---fg-	glaux_only
7725	οὐδείς	p-s---mn-		οὐδείς		p-s---mn-	glaux_only
7726	ἄν	g--------		ἄν		g--------	glaux_only
7727							unmatched
7728	ἀνάστασις	n-p---fa-		ἀνάστασις		n-p---fa-	glaux_only
7729	εὑρίσκω	v3saoa---		εὑρίσκω		v3saoa---	glaux_only
7730	γίγνομαι	v-prpmfa-		γίγνομαι		v-prpmfa-	glaux_only
7731	οὐ	d--------		οὐ		d--------	glaux_only
7732							unmatched
7733							unmatched
7734							unmatched
7735							unmatched
7736							unmatched
7737							unmatched
7738	καί	c--------	καί		c--------		oga_only
7739							unmatched
7740	οὕτως	d--------		οὕτως		d--------	glaux_only
7741							unmatched
7742							unmatched
7743							unmatched
7744							unmatched
7745							unmatched
7746							unmatched
7747							unmatched
7748							unmatched
7749							unmatched
7750							unmatched
7751							unmatched
7752							unmatched
7753							unmatched
7754							unmatched
7755							unmatched
7756							unmatched
7757							unmatched
7758							unmatched
7759							unmatched
7760							unmatched
7761							unmatched
7762							unmatched
7763							unmatched
7764							unmatched
7765							unmatched
7766							unmatched
7767							unmatched
7768							unmatched
7769							unmatched
7770							unmatched
7771	καί	c--------	καί	καί	d--------	c--------	
7772	τοι	g--------		τοι		g--------	glaux_only
7773	χρή	v3spia---		χρή		v3spia---	glaux_only
7774	στρατηγός	n-s---ma-		στρατηγός		n-s---ma-	glaux_only
7775	ἀγαθός	a-s---mas		ἀγαθός		a-s---mas	glaux_only
7776	νομίζω	v--pna---		νομίζω		v--pna---	glaux_only
7777	οὐ	d--------		οὐ		d--------	glaux_only
7778	εἰ	c--------		εἰ		c--------	glaux_only
7779	τις	p-s---cn-		τις		p-s---cn-	glaux_only
7780	εἷς	m-s---fd-		εἷς		m-s---fd-	glaux_only
7781	τύχη	n-s---fd-		τύχη		n-s---fd-	glaux_only
7782	τηλικοῦτος	p-s---na-		τηλικοῦτος		p-s---na-	glaux_only
7783	τις	p-s---na-		τις		p-s---na-	glaux_only
7784	κατορθόω	v3saia---		κατορθόω		v3saia---	glaux_only
7785	ὥσπερ	c--------		ὥσπερ		c--------	glaux_only
7786	Λύσανδρος	n-s---mn-		Λύσανδρος		n-s---mn-	glaux_only
7787	,	u--------		,		u--------	glaux_only
7788	ὅς	p-s---na-		ὅς		p-s---na-	glaux_only
7789	μηδείς	p-s---md-		μηδείς		p-s---md-	glaux_only
7790	ὁ	l-p---mg-		ὁ		l-p---mg-	glaux_only
7791	ἄλλος	p-p---mg-		ἄλλος		p-p---mg-	glaux_only
7792	διαπράσσω	v--anm---		διαπράσσω		v--anm---	glaux_only
7793	συμβαίνω	v3sria---		συμβαίνω		v3sria---	glaux_only
7794	,	u--------		,		u--------	glaux_only
7795	ἀλλά	c--------		ἀλλά		c--------	glaux_only
7796	ὅστις	p-s---mn-		ὅστις		p-s---mn-	glaux_only
7797	ἐπί	r--------		ἐπί		r--------	glaux_only
7798	πολύς	a-p---ng-		πολύς		a-p---ng-	glaux_only
7799	καί	c--------		καί		c--------	glaux_only
7800	παντοδαπής	a-p---ng-		παντοδαπής		a-p---ng-	glaux_only
7801	καί	c--------		καί		c--------	glaux_only
7802	δύσκολος	a-p---ng-		δύσκολος		a-p---ng-	glaux_only
7803	πρᾶγμα	n-p---ng-		πρᾶγμα		n-p---ng-	glaux_only
7804	ὀρθός	d--------	ὀρθός	ὀρθός	d--------	d--------	
7805	ἀεί	d--------		ἀεί		d--------	glaux_only
7806	πράσσω	v-sppamn-		πράσσω		v-sppamn-	glaux_only
7807	καί	c--------		καί		c--------	glaux_only
7808	νόος	n-s---ma-		νόος		n-s---ma-	glaux_only
7809	ἐχόντως	d--------		ἐχόντως		d--------	glaux_only
7810	διατελέω	v3sria---		διατελέω		v3sria---	glaux_only
7811	·	u--------		·		u--------	glaux_only
7812	ὅς	p-s---nn-		ὅς		p-s---nn-	glaux_only
7813	Τιμόθεος	n-s---md-		Τιμόθεος		n-s---md-	glaux_only
7814	συμβαίνω	v3sria---		συμβαίνω		v3sria---	glaux_only
7815	.	u--------		.		u--------	glaux_only
7816	οἴομαι	v1spim---		οἴομαι		v1spim---	glaux_only
7817	οὖν	g--------		οὖν		g--------	glaux_only
7818	σύ	p-p---cg-		σύ		p-p---cg-	glaux_only
7819	ὁ	l-p---ma-		ὁ		l-p---ma-	glaux_only
7820	πολύς	a-p---ma-		πολύς		a-p---ma-	glaux_only
7821	θαυμάζω	v--pna---		θαυμάζω		v--pna---	glaux_only
7822	ὁ	l-p---na-		ὁ		l-p---na-	glaux_only
7823	λέγω	v-pppmna-		λέγω		v-pppmna-	glaux_only
7824	καί	c--------	καί	καί	d--------	c--------	
7825	νομίζω	v--pna---		νομίζω		v--pna---	glaux_only
7826	ὁ	l-s---ma-		ὁ		l-s---ma-	glaux_only
7827	ἔπαινος	n-s---ma-		ἔπαινος		n-s---ma-	glaux_only
7828	ὁ	l-s---ma-		ὁ		l-s---ma-	glaux_only
7829	ἐκεῖνος	p-s---mg-		ἐκεῖνος		p-s---mg-	glaux_only
7830	κατηγορία	n-s---fa-		κατηγορία		n-s---fa-	glaux_only
7831	εἰμί	v--pna---		εἰμί		v--pna---	glaux_only
7832	ὁ	l-s---fg-		ὁ		l-s---fg-	glaux_only
7833	πόλις	n-s---fg-		πόλις		n-s---fg-	glaux_only
7834	,	u--------		,		u--------	glaux_only
7835	εἰ	c--------		εἰ		c--------	glaux_only
7836	τοσοῦτος	p-p---fa-		τοσοῦτος		p-p---fa-	glaux_only
7837	μέν	g--------		μέν		g--------	glaux_only
7838	πόλις	n-p---fa-		πόλις		n-p---fa-	glaux_only
7839	αἱρέω	v-sapama-		αἱρέω		v-sapama-	glaux_only
7840	μηδείς	p-s---fa-		μηδείς		p-s---fa-	glaux_only
7841	δέ	c--------		δέ		c--------	glaux_only
7842	ἀπόλλυμι	v-sapama-		ἀπόλλυμι		v-sapama-	glaux_only
7843	περί	r--------		περί		r--------	glaux_only
7844	προδοσία	n-s---fg-		προδοσία		n-s---fg-	glaux_only
7845	κρίνω	v3saia---		κρίνω		v3saia---	glaux_only
7846	,	u--------		,		u--------	glaux_only
7847	καί	c--------		καί		c--------	glaux_only
7848	πάλιν	d--------		πάλιν		d--------	glaux_only
7849	εἰ	c--------		εἰ		c--------	glaux_only
7850	δίδωμι	v-sppamg-		δίδωμι		v-sppamg-	glaux_only
7851	εὔθυνα	n-p---fa-		εὔθυνα		n-p---fa-	glaux_only
7852	αὐτός	p-s---mg-	αὐτός	αὐτός	p-s---ng-	p-s---mg-	
7853	,	u--------		,		u--------	glaux_only
7854	καί	c--------	καί	καί	c--------	c--------	
7855	ὁ	l-p---fa-	ὁ	ὁ	l-p---fa-	l-p---fa-	
7856	μέν	g--------		μέν		g--------	glaux_only
7857	πρᾶξις	n-p---fa-		πρᾶξις		n-p---fa-	glaux_only
7858	Ἰφικράτης	n-s---mg-		Ἰφικράτης		n-s---mg-	glaux_only
7859	ἀναδέχομαι	v-sppmmg-		ἀναδέχομαι		v-sppmmg-	glaux_only
7860	,	u--------		,		u--------	glaux_only
7861	ὁ	l-s---ma-		ὁ		l-s---ma-	glaux_only
7862	δέ	c--------		δέ		c--------	glaux_only
7863	ὑπέρ	r--------		ὑπέρ		r--------	glaux_only
7864	ὁ	l-p---ng-		ὁ		l-p---ng-	glaux_only
7865	χρῆμα	n-p---ng-		χρῆμα		n-p---ng-	glaux_only
7866	λόγος	n-s---ma-		λόγος		n-s---ma-	glaux_only
7867	Μενεσθεύς	n-s---mg-		Μενεσθεύς		n-s---mg-	glaux_only
7868	,	u--------		,		u--------	glaux_only
7869	οὗτος	p-p---ma-		οὗτος		p-p---ma-	glaux_only
7870	μέν	g--------		μέν		g--------	glaux_only
7871	ἀπολύω	v3saia---		ἀπολύω		v3saia---	glaux_only
7872	,	u--------		,		u--------	glaux_only
7873	Τιμόθεος	n-s---ma-		Τιμόθεος		n-s---ma-	glaux_only
7874	δέ	c--------		δέ		c--------	glaux_only
7875	τοσοῦτος	p-p---nd-		τοσοῦτος		p-p---nd-	glaux_only
7876	ζημιόω	v3saia---		ζημιόω		v3saia---	glaux_only
7877	χρῆμα	n-p---nd-		χρῆμα		n-p---nd-	glaux_only
7878	ὅσος	p-p---nd-		ὅσος		p-p---nd-	glaux_only
7879	οὐδείς	p-s---ma-		οὐδείς		p-s---ma-	glaux_only
7880	πώποτε	d--------		πώποτε		d--------	glaux_only
7881	ὁ	l-p---mg-		ὁ		l-p---mg-	glaux_only
7882	προγίγνομαι	v-prpmmg-		προγίγνομαι		v-prpmmg-	glaux_only
7883	.	u--------		.		u--------	glaux_only
7884	ἔχω	v3spia---		ἔχω		v3spia---	glaux_only
7885	δέ	c--------		δέ		c--------	glaux_only
7886	οὕτως	d--------		οὕτως		d--------	glaux_only
7887	·	u--------		·		u--------	glaux_only
7888	βούλομαι	v1spim---		βούλομαι		v1spim---	glaux_only
7889	γάρ	g--------		γάρ		g--------	glaux_only
7890	καί	c--------		καί		c--------	glaux_only
7891	ὁ	l-s---ma-		ὁ		l-s---ma-	glaux_only
7892	ὑπέρ	r--------		ὑπέρ		r--------	glaux_only
7893	ὁ	l-s---fg-		ὁ		l-s---fg-	glaux_only
7894	πόλις	n-s---fg-		πόλις		n-s---fg-	glaux_only
7895	λόγος	n-s---ma-		λόγος		n-s---ma-	glaux_only
7896	λέγω	v--ana---		λέγω		v--ana---	glaux_only
7897	.	u--------	.	.	u--------	u--------	
7898	εἰ	c--------		εἰ		c--------	glaux_only
7899	μέν	g--------	μέν	μέν	d--------	g--------	
7900	σύ	p-p---cn-		σύ		p-p---cn-	glaux_only
7901	πρός	r--------		πρός		r--------	glaux_only
7902	αὐτός	p-s---na-		αὐτός		p-s---na-	glaux_only
7903	ὁ	l-s---na-		ὁ		l-s---na-	glaux_only
7904	δίκαιος	a-s---na-		δίκαιος		a-s---na-	glaux_only
7905	ἀποβλέπω	v-pppamn-		ἀποβλέπω		v-pppamn-	glaux_only
7906	σκοπέω	v2pfim---		σκοπέω		v2pfim---	glaux_only
7907	περί	r--------		περί		r--------	glaux_only
7908	οὗτος	p-p---ng-		οὗτος		p-p---ng-	glaux_only
7909	,	u--------		,		u--------	glaux_only
7910	οὐ	d--------		οὐ		d--------	glaux_only
7911	εἰμί	v3spia---		εἰμί		v3spia---	glaux_only
7912	ὅπως	c--------		ὅπως		c--------	glaux_only
7913	οὐ	d--------		οὐ		d--------	glaux_only
7914	δεινός	a-p---nn-		δεινός		a-p---nn-	glaux_only
7915	καί	c--------	καί	καί	c--------	c--------	
7916	σχέτλιος	a-p---nn-		σχέτλιος		a-p---nn-	glaux_only
7917	πᾶς	p-p---md-		πᾶς		p-p---md-	glaux_only
7918	εἰμί	v--pna---		εἰμί		v--pna---	glaux_only
7919	δοκέω	v3sfia---		δοκέω		v3sfia---	glaux_only
7920	ὁ	l-p---nn-		ὁ		l-p---nn-	glaux_only
7921	πράσσω	v-prpmnn-		πράσσω		v-prpmnn-	glaux_only
7922	περί	r--------		περί		r--------	glaux_only
7923	Τιμόθεος	n-s---ma-		Τιμόθεος		n-s---ma-	glaux_only
7924	·	u--------		·		u--------	glaux_only
7925	ἐάν	c--------		ἐάν		c--------	glaux_only
7926	δέ	c--------		δέ		c--------	glaux_only
7927	ἀναλογίζομαι	v2pasm---		ἀναλογίζομαι		v2pasm---	glaux_only
7928	ὁ	l-s---fa-		ὁ		l-s---fa-	glaux_only
7929	ἄγνοια	n-s---fa-		ἄγνοια		n-s---fa-	glaux_only
7930	ὅσος	p-s---fa-		ὅσος		p-s---fa-	glaux_only
7931	ἔχω	v1ppia---		ἔχω		v1ppia---	glaux_only
7932	πᾶς	p-p---mn-		πᾶς		p-p---mn-	glaux_only
7933	ἄνθρωπος	n-p---mn-		ἄνθρωπος		n-p---mn-	glaux_only
7934	,	u--------	,	,	u--------	u--------	
7935	καί	c--------		καί		c--------	glaux_only
7936	ὁ	l-p---ma-		ὁ		l-p---ma-	glaux_only
7937	φθόνος	n-p---ma-		φθόνος		n-p---ma-	glaux_only
7938	ὁ	l-p---ma-		ὁ		l-p---ma-	glaux_only
7939	ἐπιγίγνομαι	v-pppmma-		ἐπιγίγνομαι		v-pppmma-	glaux_only
7940	ἐγώ	p-p---cd-		ἐγώ		p-p---cd-	glaux_only
7941	,	u--------		,		u--------	glaux_only
7942	ἔτι	d--------		ἔτι		d--------	glaux_only
7943	δέ	c--------		δέ		c--------	glaux_only
7944	ὁ	l-p---fa-		ὁ		l-p---fa-	glaux_only
7945	ταραχή	n-p---fa-		ταραχή		n-p---fa-	glaux_only
7946	καί	c--------	καί	καί	c--------	c--------	
7947	ὁ	l-s---fa-		ὁ		l-s---fa-	glaux_only
7948	τύρβη	n-s---fa-		τύρβη		n-s---fa-	glaux_only
7949	ἐν	r--------		ἐν		r--------	glaux_only
7950	ὅς	p-s---fd-		ὅς		p-s---fd-	glaux_only
7951	ζάω	v1ppia---		ζάω		v1ppia---	glaux_only
7952	,	u--------		,		u--------	glaux_only
7953	οὐδείς	p-s---nn-		οὐδείς		p-s---nn-	glaux_only
7954	οὗτος	p-p---ng-		οὗτος		p-p---ng-	glaux_only
7955	ἄλογος	d--------		ἄλογος		d--------	glaux_only
7956							unmatched
7957	ἔξω	d--------		ἔξω		d--------	glaux_only
7958	ὁ	l-s---fg-		ὁ		l-s---fg-	glaux_only
7959	ἀνθρώπινος	a-s---fg-		ἀνθρώπινος		a-s---fg-	glaux_only
7960	φύσις	n-s---fg-		φύσις		n-s---fg-	glaux_only
7961	εὑρίσκω	v3sfip---		εὑρίσκω		v3sfip---	glaux_only
7962	γίγνομαι	v-srpmnn-		γίγνομαι		v-srpmnn-	glaux_only
7963	,	u--------		,		u--------	glaux_only
7964	ἀλλά	c--------		ἀλλά		c--------	glaux_only
7965	καί	c--------		καί		c--------	glaux_only
7966	Τιμόθεος	n-s---mn-		Τιμόθεος		n-s---mn-	glaux_only
7967	μέρος	n-s---nn-		μέρος		n-s---nn-	glaux_only
7968	τις	p-s---nn-		τις		p-s---nn-	glaux_only
7969	συμβάλλω	v-srpmmn-		συμβάλλω		v-srpmmn-	glaux_only
7970	ὁ	l-s---ng-		ὁ		l-s---ng-	glaux_only
7971	μή	d--------		μή		d--------	glaux_only
7972	κατά	r--------		κατά		r--------	glaux_only
7973	τρόπος	n-s---ma-		τρόπος		n-s---ma-	glaux_only
7974	γιγνώσκω	v--anp---		γιγνώσκω		v--anp---	glaux_only
7975	περί	r--------		περί		r--------	glaux_only
7976	αὐτός	p-p---ng-		αὐτός		p-p---ng-	glaux_only
7977	.	u--------		.		u--------	glaux_only
7978	ἐκεῖνος	p-s---mn-		ἐκεῖνος		p-s---mn-	glaux_only
7979	γάρ	g--------		γάρ		g--------	glaux_only
7980	οὐ	d--------		οὐ		d--------	glaux_only
7981	τε	d--------	τε		d--------		oga_only
7982							unmatched
7983							unmatched
7984							unmatched
7985							unmatched
7986							unmatched
7987							unmatched
7988							unmatched
7989							unmatched
7990							unmatched
7991							unmatched
7992							unmatched
7993							unmatched
7994							unmatched
7995							unmatched
7996							unmatched
7997							unmatched
7998							unmatched
7999	ὁ	l-s---fa-		ὁ		l-s---fa-	glaux_only
8000							unmatched
8001							unmatched
8002							unmatched
8003							unmatched
8004							unmatched
8005							unmatched
8006							unmatched
8007	πρός	r--------	πρός		r--------		oga_only
8008							unmatched
8009							unmatched
8010							unmatched
8011							unmatched
8012							unmatched
8013							unmatched
8014							unmatched
8015							unmatched
8016							unmatched
8017							unmatched
8018							unmatched
8019							unmatched
8020							unmatched
8021							unmatched
8022							unmatched
8023							unmatched
8024							unmatched
8025							unmatched
8026							unmatched
8027							unmatched
8028							unmatched
8029	ὁ	l-s---fa-		ὁ		l-s---fa-	glaux_only
8030	ὁ	l-p---ng-	ὁ	ὁ	l-p---mg-	l-p---ng-	
8031							unmatched
8032							unmatched
8033							unmatched
8034							unmatched
8035							unmatched
8036							unmatched
8037	ὁ	l-p---fg-	ὁ		l-p---fg-		oga_only
8038							unmatched
8039							unmatched
8040							unmatched
8041	καί	c--------	καί	καί	c--------	c--------	
8042	τοι	g--------		τοι		g--------	glaux_only
8043	πολλάκις	d--------		πολλάκις		d--------	glaux_only
8044	καί	c--------		καί		c--------	glaux_only
8045	παρά	r--------		παρά		r--------	glaux_only
8046	ἐγώ	p-s---cg-		ἐγώ		p-s---cg-	glaux_only
8047	τοιοῦτος	p-p---ma-		τοιοῦτος		p-p---ma-	glaux_only
8048	λόγος	n-p---ma-		λόγος		n-p---ma-	glaux_only
8049	ἀκούω	v3saia---		ἀκούω		v3saia---	glaux_only
8050	,	u--------		,		u--------	glaux_only
8051	ὡς	c--------		ὡς		c--------	glaux_only
8052	χρή	v3spia---		χρή		v3spia---	glaux_only
8053	ὁ	l-p---ma-	ὁ	ὁ	l-p---ma-	l-p---ma-	
8054	πολιτεύω	v-pppmma-		πολιτεύω		v-pppmma-	glaux_only
8055	καί	c--------	καί	καί	d--------	c--------	
8056	βούλομαι	v-pppmma-		βούλομαι		v-pppmma-	glaux_only
8057	ἀρέσκω	v--pna---		ἀρέσκω		v--pna---	glaux_only
8058	προαιρέω	v--pnm---		προαιρέω		v--pnm---	glaux_only
8059	μέν	g--------	μέν	μέν	d--------	g--------	
8060	ὁ	l-p---fg-		ὁ		l-p---fg-	glaux_only
8061	τε	c--------		τε		c--------	glaux_only
8062	πρᾶξις	n-p---fg-		πρᾶξις		n-p---fg-	glaux_only
8063	ὁ	l-p---fa-		ὁ		l-p---fa-	glaux_only
8064	ὠφέλιμος	a-p---fas		ὠφέλιμος		a-p---fas	glaux_only
8065	καί	c--------		καί		c--------	glaux_only
8066	ἀγαθός	a-p---fas		ἀγαθός		a-p---fas	glaux_only
8067	καί	c--------		καί		c--------	glaux_only
8068	ὁ	l-p---mg-		ὁ		l-p---mg-	glaux_only
8069	λόγος	n-p---mg-		λόγος		n-p---mg-	glaux_only
8070	ὁ	l-p---ma-		ὁ		l-p---ma-	glaux_only
8071	ἀληθής	a-p---mas		ἀληθής		a-p---mas	glaux_only
8072	καί	c--------		καί		c--------	glaux_only
8073	δίκαιος	a-p---mas		δίκαιος		a-p---mas	glaux_only
8074	,	u--------		,		u--------	glaux_only
8075	οὐ	d--------		οὐ		d--------	glaux_only
8076	μήν	g--------		μήν		g--------	glaux_only
8077	ἀλλά	c--------		ἀλλά		c--------	glaux_only
8078							unmatched
8079							unmatched
8080	παρατηρέω	v--pna---		παρατηρέω		v--pna---	glaux_only
8081	καί	c--------		καί		c--------	glaux_only
8082	σκοπέω	v--pna---		σκοπέω		v--pna---	glaux_only
8083	,	u--------		,		u--------	glaux_only
8084	ὅπως	c--------		ὅπως		c--------	glaux_only
8085	ἐπίχαρις	d--------		ἐπίχαρις		d--------	glaux_only
8086	καί	c--------		καί		c--------	glaux_only
8087	φιλάνθρωπος	d--------		φιλάνθρωπος		d--------	glaux_only
8088	ἅπας	p-p---na-		ἅπας		p-p---na-	glaux_only
8089	φανάω	v3pfip---		φανάω		v3pfip---	glaux_only
8090	καί	c--------		καί		c--------	glaux_only
8091	λέγω	v-pppamn-		λέγω		v-pppamn-	glaux_only
8092	καί	c--------		καί		c--------	glaux_only
8093	πράσσω	v-pppamn-		πράσσω		v-pppamn-	glaux_only
8094	,	u--------		,		u--------	glaux_only
8095	ὡς	c--------		ὡς		c--------	glaux_only
8096	ὁ	l-p---mn-		ὁ		l-p---mn-	glaux_only
8097	οὗτος	p-p---ng-		οὗτος		p-p---ng-	glaux_only
8098	ὀλιγωρέω	v-pppamn-		ὀλιγωρέω		v-pppamn-	glaux_only
8099	ἐπαχθής	a-p---mnc		ἐπαχθής		a-p---mnc	glaux_only
8100	καί	c--------		καί		c--------	glaux_only
8101	βαρύς	a-p---mnc		βαρύς		a-p---mnc	glaux_only
8102	δοκέω	v3ppia---		δοκέω		v3ppia---	glaux_only
8103	εἰμί	v--pna---		εἰμί		v--pna---	glaux_only
8104	ὁ	l-p---md-		ὁ		l-p---md-	glaux_only
8105	συμπολιτεύω	v-pppmmd-		συμπολιτεύω		v-pppmmd-	glaux_only
8106	.	u--------		.		u--------	glaux_only
8107							unmatched
8108	δέ	c--------		δέ		c--------	glaux_only
8109	ὁ	l-s---fa-		ὁ		l-s---fa-	glaux_only
8110	φύσις	n-s---fa-		φύσις		n-s---fa-	glaux_only
8111	ὁ	l-s---fa-		ὁ		l-s---fa-	glaux_only
8112	ὁ	l-p---mg-		ὁ		l-p---mg-	glaux_only
8113	πολύς	a-p---mg-		πολύς		a-p---mg-	glaux_only
8114	ὡς	c--------		ὡς		c--------	glaux_only
8115	διάκειμαι	v3spim---		διάκειμαι		v3spim---	glaux_only
8116	πρός	r--------	πρός	πρός	r--------	r--------	
8117	ὁ	l-p---fa-		ὁ		l-p---fa-	glaux_only
8118	ἡδονή	n-p---fa-		ἡδονή		n-p---fa-	glaux_only
8119	,	u--------		,		u--------	glaux_only
8120	καί	c--------		καί		c--------	glaux_only
8121	διότι	c--------		διότι		c--------	glaux_only
8122	μάλα	d-------c		μάλα		d-------c	glaux_only
8123	φιλέω	v3ppia---		φιλέω		v3ppia---	glaux_only
8124	ὁ	l-p---ma-	ὁ	ὁ	l-p---ma-	l-p---ma-	
8125	πρός	r--------		πρός		r--------	glaux_only
8126	χάρις	n-s---fa-		χάρις		n-s---fa-	glaux_only
8127	ὁμιλέω	v-pppama-		ὁμιλέω		v-pppama-	glaux_only
8128	ἤ	c--------		ἤ		c--------	glaux_only
8129	ὁ	l-p---ma-		ὁ		l-p---ma-	glaux_only
8130	εὖ	d--------		εὖ		d--------	glaux_only
8131	ποιέω	v-pppama-		ποιέω		v-pppama-	glaux_only
8132	,	u--------		,		u--------	glaux_only
8133	καί	c--------	καί	καί	c--------	c--------	
8134	ὁ	l-p---ma-		ὁ		l-p---ma-	glaux_only
8135	μετά	r--------		μετά		r--------	glaux_only
8136	φαιδρότης	n-s---fg-		φαιδρότης		n-s---fg-	glaux_only
8137	καί	c--------		καί		c--------	glaux_only
8138	φιλανθρωπία	n-s---fg-		φιλανθρωπία		n-s---fg-	glaux_only
8139	φενακίζω	v-pppama-		φενακίζω		v-pppama-	glaux_only
8140	ἤ	c--------		ἤ		c--------	glaux_only
8141	ὁ	l-p---ma-		ὁ		l-p---ma-	glaux_only
8142	μετά	r--------		μετά		r--------	glaux_only
8143	ὄγκος	n-s---mg-		ὄγκος		n-s---mg-	glaux_only
8144	καί	c--------		καί		c--------	glaux_only
8145	σεμνότης	n-s---fg-		σεμνότης		n-s---fg-	glaux_only
8146	ὠφελέω	v-pppama-		ὠφελέω		v-pppama-	glaux_only
8147	.	u--------		.		u--------	glaux_only
8148	ὅς	p-p---ng-		ὅς		p-p---ng-	glaux_only
8149	οὐδείς	p-s---nn-		οὐδείς		p-s---nn-	glaux_only
8150	σύ	p-s---cd-		σύ		p-s---cd-	glaux_only
8151	μέλω	v3sria---		μέλω		v3sria---	glaux_only
8152	,	u--------		,		u--------	glaux_only
8153	ἀλλά	c--------		ἀλλά		c--------	glaux_only
8154	ἐάν	c--------		ἐάν		c--------	glaux_only
8155	ἐπιεικής	d--------		ἐπιεικής		d--------	glaux_only
8156	ὁ	l-p---ng-		ὁ		l-p---ng-	glaux_only
8157	ἔξω	d--------		ἔξω		d--------	glaux_only
8158	πρᾶγμα	n-p---ng-		πρᾶγμα		n-p---ng-	glaux_only
8159	ἐπιμελέομαι	v2sasp---		ἐπιμελέομαι		v2sasp---	glaux_only
8160	,	u--------		,		u--------	glaux_only
8161	οἴομαι	v2spim---		οἴομαι		v2spim---	glaux_only
8162	σύ	p-s---cd-		σύ		p-s---cd-	glaux_only
8163	καί	c--------		καί		c--------	glaux_only
8164	ὁ	l-p---ma-		ὁ		l-p---ma-	glaux_only
8165	ἐνθάδε	d--------		ἐνθάδε		d--------	glaux_only
8166	πολιτεύω	v-pppmma-		πολιτεύω		v-pppmma-	glaux_only
8167	καλός	d--------		καλός		d--------	glaux_only
8168	ἔχω	v--fna---		ἔχω		v--fna---	glaux_only
8169	.	u--------		.		u--------	glaux_only
8170	ὁ	l-s---nn-		ὁ		l-s---nn-	glaux_only
8171	δέ	c--------		δέ		c--------	glaux_only
8172	οὐ	d--------		οὐ		d--------	glaux_only
8173	οὕτως	d--------		οὕτως		d--------	glaux_only
8174	ἀλλά	c--------		ἀλλά		c--------	glaux_only
8175							unmatched
8176							unmatched
8177	φιλέω	v3spia---		φιλέω		v3spia---	glaux_only
8178	συμβαίνω	v--pna---		συμβαίνω		v--pna---	glaux_only
8179	.	u--------		.		u--------	glaux_only
8180	ἐάν	c--------		ἐάν		c--------	glaux_only
8181	γάρ	g--------		γάρ		g--------	glaux_only
8182	οὗτος	p-p---md-		οὗτος		p-p---md-	glaux_only
8183	ἀρέσκω	v2spsa---		ἀρέσκω		v2spsa---	glaux_only
8184	,	u--------	,	,	u--------	u--------	
8185	ἅπας	p-s---na-		ἅπας		p-s---na-	glaux_only
8186	ὅς	p-s---na-		ὅς		p-s---na-	glaux_only
8187	τις	p-s---na-		τις		p-s---na-	glaux_only
8188	ἄν	g--------		ἄν		g--------	glaux_only
8189	πράσσω	v2sasa---		πράσσω		v2sasa---	glaux_only
8190	οὐ	d--------		οὐ		d--------	glaux_only
8191	πρός	r--------		πρός		r--------	glaux_only
8192	ὁ	l-s---fa-		ὁ		l-s---fa-	glaux_only
8193	ἀλήθεια	n-s---fa-		ἀλήθεια		n-s---fa-	glaux_only
8194	κρίνω	v3pfia---		κρίνω		v3pfia---	glaux_only
8195	ἀλλά	c--------		ἀλλά		c--------	glaux_only
8196	πρός	r--------		πρός		r--------	glaux_only
8197	ὁ	l-s---na-		ὁ		l-s---na-	glaux_only
8198	σύ	p-s---cd-		σύ		p-s---cd-	glaux_only
8199	συμφέρω	v-sppana-		συμφέρω		v-sppana-	glaux_only
8200	ὑπολαμβάνω	v3pfim---		ὑπολαμβάνω		v3pfim---	glaux_only
8201	,	u--------		,		u--------	glaux_only
8202	καί	c--------		καί		c--------	glaux_only
8203	ὁ	l-p---na-		ὁ		l-p---na-	glaux_only
8204	μέν	g--------		μέν		g--------	glaux_only
8205	ἁμαρτάνω	v-pppmna-		ἁμαρτάνω		v-pppmna-	glaux_only
8206	παροράω	v3pfim---		παροράω		v3pfim---	glaux_only
8207	,	u--------		,		u--------	glaux_only
8208	ὁ	l-s---na-		ὁ		l-s---na-	glaux_only
8209	δέ	c--------	δέ	δέ	c--------	c--------	
8210	κατορθόω	v-sappna-		κατορθόω		v-sappna-	glaux_only
8211	οὐρανομήκης	a-s---na-		οὐρανομήκης		a-s---na-	glaux_only
8212	ποιέω	v3pfia---		ποιέω		v3pfia---	glaux_only
8213	·	u--------		·		u--------	glaux_only
8214	ὁ	l-s---fn-		ὁ		l-s---fn-	glaux_only
8215	γάρ	g--------		γάρ		g--------	glaux_only
8216	εὔνοια	n-s---fn-		εὔνοια		n-s---fn-	glaux_only
8217	πᾶς	p-p---ma-		πᾶς		p-p---ma-	glaux_only
8218	οὕτως	d--------		οὕτως		d--------	glaux_only
8219	διατίθημι	v3spia---		διατίθημι		v3spia---	glaux_only
8220	.	u--------		.		u--------	glaux_only
8221							unmatched
8222	σύ	p-s---cn-		σύ		p-s---cn-	glaux_only
8223	ὁ	l-s---fd-		ὁ		l-s---fd-	glaux_only
8224	μέν	g--------		μέν		g--------	glaux_only
8225	πόλις	n-s---fd-		πόλις		n-s---fd-	glaux_only
8226	παρά	r--------		παρά		r--------	glaux_only
8227	ὁ	l-p---mg-		ὁ		l-p---mg-	glaux_only
8228	ἄλλος	p-p---mg-		ἄλλος		p-p---mg-	glaux_only
8229	ἐκ	r--------		ἐκ		r--------	glaux_only
8230	πᾶς	p-s---mg-		πᾶς		p-s---mg-	glaux_only
8231	τρόπος	n-s---mg-		τρόπος		n-s---mg-	glaux_only
8232	κτάομαι	v--anm---		κτάομαι		v--anm---	glaux_only
8233	ζητέω	v2spia---		ζητέω		v2spia---	glaux_only
8234	,	u--------	,	,	u--------	u--------	
8235	ἡγέομαι	v-sppmmn-		ἡγέομαι		v-sppmmn-	glaux_only
8236	μέγας	a-s---nas		μέγας		a-s---nas	glaux_only
8237	εἰμί	v--pna---		εἰμί		v--pna---	glaux_only
8238	ὁ	l-p---ng-		ὁ		l-p---ng-	glaux_only
8239	ἀγαθός	a-p---ng-		ἀγαθός		a-p---ng-	glaux_only
8240	,	u--------		,		u--------	glaux_only
8241	αὐτός	p-s---mn-		αὐτός		p-s---mn-	glaux_only
8242	δέ	c--------	δέ	δέ	d--------	c--------	
8243	σεαυτοῦ	p-s---md-		σεαυτοῦ		p-s---md-	glaux_only
8244	παρά	r--------		παρά		r--------	glaux_only
8245	ὁ	l-s---fg-		ὁ		l-s---fg-	glaux_only
8246	πόλις	n-s---fg-		πόλις		n-s---fg-	glaux_only
8247	οὐ	d--------		οὐ		d--------	glaux_only
8248	οἴομαι	v2spim---		οἴομαι		v2spim---	glaux_only
8249	δέω	v--pna---		δέω		v--pna---	glaux_only
8250	ὁ	l-s---fa-		ὁ		l-s---fa-	glaux_only
8251	αὐτός	p-s---fa-		αὐτός		p-s---fa-	glaux_only
8252	οὗτος	p-s---fa-		οὗτος		p-s---fa-	glaux_only
8253	παρασκευάζω	v--pna---		παρασκευάζω		v--pna---	glaux_only
8254	,	u--------		,		u--------	glaux_only
8255	ἀλλά	c--------		ἀλλά		c--------	glaux_only
8256	πολύς	a-p---ngs		πολύς		a-p---ngs	glaux_only
8257	ἀγαθός	a-p---ng-		ἀγαθός		a-p---ng-	glaux_only
8258	αἴτιος	a-s---mn-		αἴτιος		a-s---mn-	glaux_only
8259	γίγνομαι	v-srpmmn-		γίγνομαι		v-srpmmn-	glaux_only
8260	κακός	a-s---nac		κακός		a-s---nac	glaux_only
8261	διάκειμαι	v2spim---		διάκειμαι		v2spim---	glaux_only
8262	ὁ	l-p---ng-	ὁ	ὁ	l-p---ng-	l-p---ng-	
8263	οὐδείς	p-s---na-		οὐδείς		p-s---na-	glaux_only
8264	ἄξιος	a-s---na-		ἄξιος		a-s---na-	glaux_only
8265	λόγος	n-s---mg-		λόγος		n-s---mg-	glaux_only
8266	διαπράσσω	v-prpmng-		διαπράσσω		v-prpmng-	glaux_only
8267	.	u--------		.		u--------	glaux_only
8268							unmatched
8269	·	u--------		·		u--------	glaux_only
8270	ὁ	l-p---mn-		ὁ		l-p---mn-	glaux_only
8271	μέν	g--------		μέν		g--------	glaux_only
8272	γάρ	g--------		γάρ		g--------	glaux_only
8273	ὁ	l-p---ma-	ὁ	ὁ	l-p---ma-	l-p---ma-	
8274	ῥήτωρ	n-p---ma-		ῥήτωρ		n-p---ma-	glaux_only
8275	καί	c--------	καί	καί	c--------	c--------	
8276	ὁ	l-p---ma-		ὁ		l-p---ma-	glaux_only
8277	ἐν	r--------		ἐν		r--------	glaux_only
8278	ὁ	l-p---md-		ὁ		l-p---md-	glaux_only
8279	ἴδιος	a-p---md-		ἴδιος		a-p---md-	glaux_only
8280	σύλλογος	n-p---md-		σύλλογος		n-p---md-	glaux_only
8281	λογοποιέω	v--pna---		λογοποιέω		v--pna---	glaux_only
8282	δύναμαι	v-pppmma-		δύναμαι		v-pppmma-	glaux_only
8283	καί	c--------	καί	καί	c--------	c--------	
8284	πᾶς	p-p---na-		πᾶς		p-p---na-	glaux_only
8285	προσποιέω	v-pppmma-		προσποιέω		v-pppmma-	glaux_only
8286	οἶδα	v--rna---		οἶδα		v--rna---	glaux_only
8287	θεραπεύω	v3ppia---		θεραπεύω		v3ppia---	glaux_only
8288	,	u--------	,	,	u--------	u--------	
8289	σύ	p-s---cn-		σύ		p-s---cn-	glaux_only
8290	δέ	c--------	δέ	δέ	c--------	c--------	
8291	οὐ	d--------		οὐ		d--------	glaux_only
8292	μόνος	d--------		μόνος		d--------	glaux_only
8293	ἀμελέω	v2spia---		ἀμελέω		v2spia---	glaux_only
8294	,	u--------		,		u--------	glaux_only
8295	ἀλλά	c--------		ἀλλά		c--------	glaux_only
8296	καί	c--------	καί	καί	c--------	c--------	
8297	πολεμέω	v2spia---		πολεμέω		v2spia---	glaux_only
8298	ὁ	l-p---md-		ὁ		l-p---md-	glaux_only
8299	μέγας	a-s---nas		μέγας		a-s---nas	glaux_only
8300	ἀεί	d--------		ἀεί		d--------	glaux_only
8301	δύναμαι	v-pppmmd-		δύναμαι		v-pppmmd-	glaux_only
8302	αὐτός	p-p---mg-		αὐτός		p-p---mg-	glaux_only
8303	.	u--------		.		u--------	glaux_only
8304							unmatched
8305	τοι	g--------		τοι		g--------	glaux_only
8306	πόσος	p-p---ma-		πόσος		p-p---ma-	glaux_only
8307	οἴομαι	v2spim---	οἴομαι	οἴομαι	v2spie---	v2spim---	
8308	διά	r--------		διά		r--------	glaux_only
8309	ὁ	l-p---fa-		ὁ		l-p---fa-	glaux_only
8310	οὗτος	p-p---mg-		οὗτος		p-p---mg-	glaux_only
8311	ψευδολογία	n-p---fa-		ψευδολογία		n-p---fa-	glaux_only
8312	ὁ	l-p---ma-		ὁ		l-p---ma-	glaux_only
8313	μέν	g--------		μέν		g--------	glaux_only
8314	συμφορά	n-p---fd-		συμφορά		n-p---fd-	glaux_only
8315	περιπίπτω	v--rna---		περιπίπτω		v--rna---	glaux_only
8316	,	u--------		,		u--------	glaux_only
8317	ὁ	l-p---ma-		ὁ		l-p---ma-	glaux_only
8318	δέ	c--------		δέ		c--------	glaux_only
8319	ἄτιμος	a-p---ma-		ἄτιμος		a-p---ma-	glaux_only
8320	εἰμί	v--pna---		εἰμί		v--pna---	glaux_only
8321	;	u--------	;	;	u--------	u--------	
8322	πόσος	p-p---ma-		πόσος		p-p---ma-	glaux_only
8323	δέ	c--------		δέ		c--------	glaux_only
8324	ὁ	l-p---mg-		ὁ		l-p---mg-	glaux_only
8325	προγίγνομαι	v-prpmmg-		προγίγνομαι		v-prpmmg-	glaux_only
8326	ἀνώνυμος	a-p---ma-		ἀνώνυμος		a-p---ma-	glaux_only
8327	εἰμί	v--pna---		εἰμί		v--pna---	glaux_only
8328	;	u--------		;		u--------	glaux_only
8329	πολύς	a-s---na-		πολύς		a-s---na-	glaux_only
8330	σπουδαῖος	a-p---mac		σπουδαῖος		a-p---mac	glaux_only
8331	καί	c--------	καί	καί	c--------	c--------	
8332	πολύς	a-s---ngc		πολύς		a-s---ngc	glaux_only
8333	ἄξιος	a-p---ma-		ἄξιος		a-p---ma-	glaux_only
8334	γίγνομαι	v-prpmma-		γίγνομαι		v-prpmma-	glaux_only
8335	ὁ	l-p---ng-		ὁ		l-p---ng-	glaux_only
8336	ἀείδω	v-pppmng-		ἀείδω		v-pppmng-	glaux_only
8337	καί	c--------		καί		c--------	glaux_only
8338	τραγῳδέω	v-pppmng-		τραγῳδέω		v-pppmng-	glaux_only
8339	;	u--------		;		u--------	glaux_only
8340	ἀλλά	c--------		ἀλλά		c--------	glaux_only
8341	ὁ	l-p---mn-		ὁ		l-p---mn-	glaux_only
8342	μέν	g--------		μέν		g--------	glaux_only
8343	,	u--------		,		u--------	glaux_only
8344	οἴομαι	v1spim---		οἴομαι		v1spim---	glaux_only
8345	,	u--------		,		u--------	glaux_only
8346	ποιητής	n-p---mg-		ποιητής		n-p---mg-	glaux_only
8347	τυγχάνω	v3paia---		τυγχάνω		v3paia---	glaux_only
8348	καί	c--------		καί		c--------	glaux_only
8349	λογοποιός	n-p---mg-		λογοποιός		n-p---mg-	glaux_only
8350	,	u--------		,		u--------	glaux_only
8351	ὁ	l-p---mn-		ὁ		l-p---mn-	glaux_only
8352	δέ	c--------		δέ		c--------	glaux_only
8353	οὐ	d--------		οὐ		d--------	glaux_only
8354	ἔχω	v3paia---		ἔχω		v3paia---	glaux_only
8355	ὁ	l-p---ma-		ὁ		l-p---ma-	glaux_only
8356	ὑμνέω	v-pfpama-		ὑμνέω		v-pfpama-	glaux_only
8357	.	u--------		.		u--------	glaux_only
8358	ἐάν	c--------		ἐάν		c--------	glaux_only
8359	οὖν	g--------		οὖν		g--------	glaux_only
8360	ἐγώ	p-s---cd-		ἐγώ		p-s---cd-	glaux_only
8361	πείθω	v2spsm---		πείθω		v2spsm---	glaux_only
8362	καί	c--------		καί		c--------	glaux_only
8363	νόος	n-s---ma-		νόος		n-s---ma-	glaux_only
8364	ἔχω	v2spsa---		ἔχω		v2spsa---	glaux_only
8365	,	u--------		,		u--------	glaux_only
8366	οὐ	d--------		οὐ		d--------	glaux_only
8367	καταφρονέω	v2sfia---		καταφρονέω		v2sfia---	glaux_only
8368	ὁ	l-p---mg-	ὁ	ὁ	l-p---mg-	l-p---mg-	
8369	ἀνήρ	n-p---mg-		ἀνήρ		n-p---mg-	glaux_only
8370	οὗτος	p-p---mg-		οὗτος		p-p---mg-	glaux_only
8371	,	u--------		,		u--------	glaux_only
8372	ὅς	p-p---md-		ὅς		p-p---md-	glaux_only
8373	ὁ	l-s---nn-		ὁ		l-s---nn-	glaux_only
8374	πλῆθος	n-s---nn-		πλῆθος		n-s---nn-	glaux_only
8375	ἐθίζω	v3srim---		ἐθίζω		v3srim---	glaux_only
8376	πιστεύω	v--pna---		πιστεύω		v--pna---	glaux_only
8377	οὐ	d--------		οὐ		d--------	glaux_only
8378	μόνος	d--------		μόνος		d--------	glaux_only
8379	περί	r--------		περί		r--------	glaux_only
8380	εἷς	m-s---mg-		εἷς		m-s---mg-	glaux_only
8381	ἕκαστος	p-s---mg-		ἕκαστος		p-s---mg-	glaux_only
8382	ὁ	l-p---mg-		ὁ		l-p---mg-	glaux_only
8383	πολίτης	n-p---mg-		πολίτης		n-p---mg-	glaux_only
8384	ἀλλά	c--------		ἀλλά		c--------	glaux_only
8385	καί	c--------		καί		c--------	glaux_only
8386	περί	r--------		περί		r--------	glaux_only
8387	ὅλος	a-p---ng-		ὅλος		a-p---ng-	glaux_only
8388	ὁ	l-p---ng-	ὁ	ὁ	l-p---mg-	l-p---ng-	
8389	πρᾶγμα	n-p---ng-		πρᾶγμα		n-p---ng-	glaux_only
8390	,	u--------		,		u--------	glaux_only
8391	ἀλλά	c--------		ἀλλά		c--------	glaux_only
8392	ἐπιμέλεια	n-s---fa-		ἐπιμέλεια		n-s---fa-	glaux_only
8393	τις	p-s---ca-		τις		p-s---ca-	glaux_only
8394	ποιέω	v3sfia---		ποιέω		v3sfia---	glaux_only
8395	καί	c--------	καί	καί	c--------	c--------	
8396	θεραπεία	n-s---fa-		θεραπεία		n-s---fa-	glaux_only
8397	αὐτός	p-p---mg-		αὐτός		p-p---mg-	glaux_only
8398	,	u--------		,		u--------	glaux_only
8399	ἵνα	c--------		ἵνα		c--------	glaux_only
8400	εὐδοκιμέω	v2sasa---		εὐδοκιμέω		v2sasa---	glaux_only
8401	διά	r--------		διά		r--------	glaux_only
8402	ἀμφότερος	a-p---na-		ἀμφότερος		a-p---na-	glaux_only
8403	,	u--------		,		u--------	glaux_only
8404	καί	c--------		καί		c--------	glaux_only
8405	διά	r--------		διά		r--------	glaux_only
8406	ὁ	l-p---fa-		ὁ		l-p---fa-	glaux_only
8407	σεαυτοῦ	p-s---mg-		σεαυτοῦ		p-s---mg-	glaux_only
8408	πρᾶξις	n-p---fa-		πρᾶξις		n-p---fa-	glaux_only
8409	καί	c--------		καί		c--------	glaux_only
8410	διά	r--------		διά		r--------	glaux_only
8411	ὁ	l-p---ma-		ὁ		l-p---ma-	glaux_only
8412	οὗτος	p-p---mg-		οὗτος		p-p---mg-	glaux_only
8413							unmatched
8414	οὗτος	p-p---na-		οὗτος		p-p---na-	glaux_only
8415	δέ	c--------	δέ	δέ	c--------	c--------	
8416	ἀκούω	v-sppamn-		ἀκούω		v-sppamn-	glaux_only
8417	ὀρθός	d--------		ὀρθός		d--------	glaux_only
8418	μέν	g--------	μέν	μέν	d--------	g--------	
8419	φάσκω	v3siia---		φάσκω		v3siia---	glaux_only
8420	ἐγώ	p-s---ca-		ἐγώ		p-s---ca-	glaux_only
8421	λέγω	v--pna---		λέγω		v--pna---	glaux_only
8422	,	u--------	,	,	u--------	u--------	
8423	οὐ	d--------		οὐ		d--------	glaux_only
8424	μήν	g--------		μήν		g--------	glaux_only
8425	οἷος	p-s---mn-		οἷος		p-s---mn-	glaux_only
8426	τε	c--------		τε		c--------	glaux_only
8427	εἰμί	v3siia---		εἰμί		v3siia---	glaux_only
8428	ὁ	l-s---fa-		ὁ		l-s---fa-	glaux_only
8429	φύσις	n-s---fa-		φύσις		n-s---fa-	glaux_only
8430	μεταβάλλω	v--ana---		μεταβάλλω		v--ana---	glaux_only
8431	,	u--------	,	,	u--------	u--------	
8432	ἀλλά	c--------		ἀλλά		c--------	glaux_only
8433	εἰμί	v3siia---		εἰμί		v3siia---	glaux_only
8434	μέν	g--------		μέν		g--------	glaux_only
8435	καλός	a-s---mn-		καλός		a-s---mn-	glaux_only
8436							unmatched
8437							unmatched
8438	ἀνήρ	n-s---mn-		ἀνήρ		n-s---mn-	glaux_only
8439	καί	c--------		καί		c--------	glaux_only
8440	ὁ	l-s---fg-		ὁ		l-s---fg-	glaux_only
8441	πόλις	n-s---fg-		πόλις		n-s---fg-	glaux_only
8442	καί	c--------	καί	καί	d--------	c--------	
8443	ὁ	l-s---fg-		ὁ		l-s---fg-	glaux_only
8444	Ἑλλάς	n-s---fg-		Ἑλλάς		n-s---fg-	glaux_only
8445	ἄξιος	a-s---mn-		ἄξιος		a-s---mn-	glaux_only
8446	,	u--------		,		u--------	glaux_only
8447	οὐ	d--------		οὐ		d--------	glaux_only
8448	μήν	g--------		μήν		g--------	glaux_only
8449	σύμμετρος	a-s---mn-		σύμμετρος		a-s---mn-	glaux_only
8450	γε	g--------		γε		g--------	glaux_only
8451	ὁ	l-p---md-	ὁ	ὁ	l-p---md-	l-p---md-	
8452	τοιοῦτος	p-p---md-		τοιοῦτος		p-p---md-	glaux_only
8453	ὁ	l-p---mg-		ὁ		l-p---mg-	glaux_only
8454	ἄνθρωπος	n-p---mg-		ἄνθρωπος		n-p---mg-	glaux_only
8455	,	u--------		,		u--------	glaux_only
8456	ὅσος	p-p---mn-		ὅσος		p-p---mn-	glaux_only
8457	ὁ	l-p---nd-		ὁ		l-p---nd-	glaux_only
8458	ὑπέρ	r--------		ὑπέρ		r--------	glaux_only
8459	ἑαυτοῦ	p-p---ma-		ἑαυτοῦ		p-p---ma-	glaux_only
8460	φύω	v-prpamd-		φύω		v-prpamd-	glaux_only
8461	ἄχθομαι	v-pppmmn-		ἄχθομαι		v-pppmmn-	glaux_only
8462	τυγχάνω	v3ppia---		τυγχάνω		v3ppia---	glaux_only
8463	.	u--------		.		u--------	glaux_only
8464	τοιγαροῦν	g--------		τοιγαροῦν		g--------	glaux_only
8465	ὁ	l-p---mn-		ὁ		l-p---mn-	glaux_only
8466	μέν	g--------		μέν		g--------	glaux_only
8467	ῥήτωρ	n-p---mn-		ῥήτωρ		n-p---mn-	glaux_only
8468	ἔργον	n-s---na-		ἔργον		n-s---na-	glaux_only
8469	ἔχω	v3piia---		ἔχω		v3piia---	glaux_only
8470	αἰτία	n-p---fa-		αἰτία		n-p---fa-	glaux_only
8471	περί	r--------		περί		r--------	glaux_only
8472	αὐτός	p-s---mg-		αὐτός		p-s---mg-	glaux_only
8473	πολύς	a-p---fa-		πολύς		a-p---fa-	glaux_only
8474	καί	c--------	καί	καί	c--------	c--------	
8475	ψευδής	a-p---fa-		ψευδής		a-p---fa-	glaux_only
8476	πλάσσω	v--pna---		πλάσσω		v--pna---	glaux_only
8477	,	u--------		,		u--------	glaux_only
8478	ὁ	l-s---nn-		ὁ		l-s---nn-	glaux_only
8479	δέ	c--------		δέ		c--------	glaux_only
8480	πλῆθος	n-s---nn-		πλῆθος		n-s---nn-	glaux_only
8481	ἀποδέχομαι	v--pnm---		ἀποδέχομαι		v--pnm---	glaux_only
8482	ὁ	l-p---fa-		ὁ		l-p---fa-	glaux_only
8483	ὑπό	r--------		ὑπό		r--------	glaux_only
8484	οὗτος	p-p---mg-		οὗτος		p-p---mg-	glaux_only
8485	λέγω	v-pppmfa-		λέγω		v-pppmfa-	glaux_only
8486	.	u--------		.		u--------	glaux_only
8487	περί	r--------		περί		r--------	glaux_only
8488	ὅς	p-p---ng-		ὅς		p-p---ng-	glaux_only
8489	ἡδύς	d--------		ἡδύς		d--------	glaux_only
8490	ἄν	g--------		ἄν		g--------	glaux_only
8491	ἀπολογέομαι	v1saim---		ἀπολογέομαι		v1saim---	glaux_only
8492	,	u--------		,		u--------	glaux_only
8493	εἰ	c--------		εἰ		c--------	glaux_only
8494	καιρός	n-s---ma-		καιρός		n-s---ma-	glaux_only
8495	ἔχω	v1siia---		ἔχω		v1siia---	glaux_only
8496	·	u--------		·		u--------	glaux_only
8497	οἴομαι	v1spim---		οἴομαι		v1spim---	glaux_only
8498	γάρ	g--------		γάρ		g--------	glaux_only
8499	ἄν	g--------		ἄν		g--------	glaux_only
8500	σύ	p-p---ca-		σύ		p-p---ca-	glaux_only
8501	ἀκούω	v-papama-		ἀκούω		v-papama-	glaux_only
8502	μισέω	v--ana---		μισέω		v--ana---	glaux_only
8503	ὁ	l-p---ma-		ὁ		l-p---ma-	glaux_only
8504	τε	c--------		τε		c--------	glaux_only
8505	προάγω	v-papama-		προάγω		v-papama-	glaux_only
8506	ὁ	l-s---fa-		ὁ		l-s---fa-	glaux_only
8507	πόλις	n-s---fa-		πόλις		n-s---fa-	glaux_only
8508	ἐπί	r--------		ἐπί		r--------	glaux_only
8509	ὁ	l-s---fa-		ὁ		l-s---fa-	glaux_only
8510	ὀργή	n-s---fa-		ὀργή		n-s---fa-	glaux_only
8511	ὁ	l-s---fa-		ὁ		l-s---fa-	glaux_only
8512	πρός	r--------		πρός		r--------	glaux_only
8513	ἐκεῖνος	p-s---ma-		ἐκεῖνος		p-s---ma-	glaux_only
8514	καί	c--------	καί	καί	d--------	c--------	
8515	ὁ	l-p---ma-		ὁ		l-p---ma-	glaux_only
8516	φλαῦρος	a-s---na-		φλαῦρος		a-s---na-	glaux_only
8517	τις	p-s---na-		τις		p-s---na-	glaux_only
8518	περί	r--------		περί		r--------	glaux_only
8519	αὐτός	p-s---mg-		αὐτός		p-s---mg-	glaux_only
8520	λέγω	v--pna---		λέγω		v--pna---	glaux_only
8521	τολμάω	v-pppama-		τολμάω		v-pppama-	glaux_only
8522	.	u--------		.		u--------	glaux_only
8523	νῦν	d--------		νῦν		d--------	glaux_only
8524	δέ	c--------		δέ		c--------	glaux_only
8525	οὗτος	p-p---na-		οὗτος		p-p---na-	glaux_only
8526	μέν	g--------	μέν	μέν	d--------	g--------	
8527	ἐάω	v1sfia---		ἐάω		v1sfia---	glaux_only
8528	,	u--------		,		u--------	glaux_only
8529	περί	r--------		περί		r--------	glaux_only
8530	ἐμαυτοῦ	p-s---mg-		ἐμαυτοῦ		p-s---mg-	glaux_only
8531	δέ	c--------	δέ	δέ	c--------	c--------	
8532	καί	c--------		καί		c--------	glaux_only
8533	ὁ	l-p---ng-	ὁ	ὁ	l-p---fg-	l-p---ng-	
8534	ἐνίστημι	v-prpang-		ἐνίστημι		v-prpang-	glaux_only
8535	πρᾶγμα	n-p---ng-		πρᾶγμα		n-p---ng-	glaux_only
8536	πάλιν	d--------		πάλιν		d--------	glaux_only
8537	ποιέω	v1sfim---		ποιέω		v1sfim---	glaux_only
8538	ὁ	l-p---ma-		ὁ		l-p---ma-	glaux_only
8539	λόγος	n-p---ma-		λόγος		n-p---ma-	glaux_only
8540	.	u--------		.		u--------	glaux_only
8541	ἀπορέω	v1spia---		ἀπορέω		v1spia---	glaux_only
8542	δέ	c--------		δέ		c--------	glaux_only
8543	ὅς	p-s---na-		ὅς		p-s---na-	glaux_only
8544	τις	p-s---na-		τις		p-s---na-	glaux_only
8545	χράω	v1sfim---		χράω		v1sfim---	glaux_only
8546	ὁ	l-p---nd-		ὁ		l-p---nd-	glaux_only
8547	ὑπόλοιπος	a-p---nd-		ὑπόλοιπος		a-p---nd-	glaux_only
8548	,	u--------		,		u--------	glaux_only
8549	καί	c--------		καί		c--------	glaux_only
8550	τίς	p-s---ng-		τίς		p-s---ng-	glaux_only
8551	πρῶτος	a-s---ng-		πρῶτος		a-s---ng-	glaux_only
8552	μιμνῄσκω	v1sasp---		μιμνῄσκω		v1sasp---	glaux_only
8553	καί	c--------		καί		c--------	glaux_only
8554	ποῖος	p-s---ng-		ποῖος		p-s---ng-	glaux_only
8555	δεύτερος	a-s---ng-		δεύτερος		a-s---ng-	glaux_only
8556	·	u--------		·		u--------	glaux_only
8557	ὁ	l-s---nn-		ὁ		l-s---nn-	glaux_only
8558	γάρ	g--------		γάρ		g--------	glaux_only
8559	ἐφεξῆς	d--------		ἐφεξῆς		d--------	glaux_only
8560	ἐγώ	p-s---ca-		ἐγώ		p-s---ca-	glaux_only
8561	λέγω	v--pna---		λέγω		v--pna---	glaux_only
8562	διαφεύγω	v3sria---		διαφεύγω		v3sria---	glaux_only
8563	.	u--------		.		u--------	glaux_only
8564	ἴσως	d--------		ἴσως		d--------	glaux_only
8565	μέν	g--------		μέν		g--------	glaux_only
8566	οὖν	g--------		οὖν		g--------	glaux_only
8567	ἀναγκαῖος	a-s---nn-		ἀναγκαῖος		a-s---nn-	glaux_only
8568	εἰμί	v3spia---		εἰμί		v3spia---	glaux_only
8569	,	u--------		,		u--------	glaux_only
8570	ὡς	c--------		ὡς		c--------	glaux_only
8571	ἄν	g--------		ἄν		g--------	glaux_only
8572	ἕκαστος	p-s---nn-		ἕκαστος		p-s---nn-	glaux_only
8573	τυγχάνω	v3sasa---		τυγχάνω		v3sasa---	glaux_only
8574	προσπίπτω	v-sapann-		προσπίπτω		v-sapann-	glaux_only
8575	,	u--------		,		u--------	glaux_only
8576	οὕτως	d--------		οὕτως		d--------	glaux_only
8577	λέγω	v--ana---		λέγω		v--ana---	glaux_only
8578	περί	r--------		περί		r--------	glaux_only
8579	αὐτός	p-p---ng-		αὐτός		p-p---ng-	glaux_only
8580	·	u--------		·		u--------	glaux_only
8581	ὅς	p-p---nn-		ὅς		p-p---nn-	glaux_only
8582	δέ	c--------	δέ	δέ	c--------	c--------	
8583	οὖν	g--------		οὖν		g--------	glaux_only
8584	ἐγώ	p-s---cd-		ἐγώ		p-s---cd-	glaux_only
8585	νῦν	d--------		νῦν		d--------	glaux_only
8586	ἐπέρχομαι	v3sria---		ἐπέρχομαι		v3sria---	glaux_only
8587	,	u--------		,		u--------	glaux_only
8588	καί	c--------	καί	καί	c--------	c--------	
8589	περί	r--------		περί		r--------	glaux_only
8590	ὅς	p-p---ng-		ὅς		p-p---ng-	glaux_only
8591	ἐγώ	p-s---cn-		ἐγώ		p-s---cn-	glaux_only
8592	μέν	g--------		μέν		g--------	glaux_only
8593	νομίζω	v1siia---		νομίζω		v1siia---	glaux_only
8594	εἰμί	v--pna---	εἰμί	εἰμί	v--pna---	v--pna---	
8595	δηλόω	a-s---na-		δηλόω		a-s---na-	glaux_only
8596	,	u--------		,		u--------	glaux_only
8597	ἄλλος	p-s---mn-		ἄλλος		p-s---mn-	glaux_only
8598	δέ	c--------	δέ	δέ	c--------	c--------	
8599	τις	p-s---cn-		τις		p-s---cn-	glaux_only
8600	ἐγώ	p-s---cd-		ἐγώ		p-s---cd-	glaux_only
8601	συμβουλεύω	v3siia---		συμβουλεύω		v3siia---	glaux_only
8602	μή	d--------		μή		d--------	glaux_only
8603	λέγω	v--pna---		λέγω		v--pna---	glaux_only
8604	,	u--------	,	,	u--------	u--------	
8605	οὐ	d--------		οὐ		d--------	glaux_only
8606	ἀποκρύπτω	v1sfim---		ἀποκρύπτω		v1sfim---	glaux_only
8607	πρός	r--------		πρός		r--------	glaux_only
8608	σύ	p-p---ca-		σύ		p-p---ca-	glaux_only
8609	.	u--------	.	.	u--------	u--------	
8610	ἐπειδή	c--------		ἐπειδή		c--------	glaux_only
8611	γάρ	g--------		γάρ		g--------	glaux_only
8612	ἀποφέρω	v3saia---		ἀποφέρω		v3saia---	glaux_only
8613	ὁ	l-s---fa-		ὁ		l-s---fa-	glaux_only
8614	γραφή	n-s---fa-		γραφή		n-s---fa-	glaux_only
8615	,	u--------		,		u--------	glaux_only
8616	σκοπέω	v1siia---		σκοπέω		v1siia---	glaux_only
8617	περί	r--------		περί		r--------	glaux_only
8618	αὐτός	p-p---ng-		αὐτός		p-p---ng-	glaux_only
8619	οὗτος	p-p---ng-		οὗτος		p-p---ng-	glaux_only
8620	ὥσπερ	c--------		ὥσπερ		c--------	glaux_only
8621	ἄν	g--------		ἄν		g--------	glaux_only
8622	σύ	p-p---cg-		σύ		p-p---cg-	glaux_only
8623	ἕκαστος	p-s---mn-		ἕκαστος		p-s---mn-	glaux_only
8624	,	u--------		,		u--------	glaux_only
8625	καί	c--------		καί		c--------	glaux_only
8626	ὁ	l-s---ma-		ὁ		l-s---ma-	glaux_only
8627	τε	c--------		τε		c--------	glaux_only
8628	βίος	n-s---ma-		βίος		n-s---ma-	glaux_only
8629	ὁ	l-s---ma-		ὁ		l-s---ma-	glaux_only
8630	ἐμαυτοῦ	p-s---mg-		ἐμαυτοῦ		p-s---mg-	glaux_only
8631	καί	c--------		καί		c--------	glaux_only
8632	ὁ	l-p---fa-		ὁ		l-p---fa-	glaux_only
8633	πρᾶξις	n-p---fa-		πρᾶξις		n-p---fa-	glaux_only
8634	ἐξετάζω	v1siia---		ἐξετάζω		v1siia---	glaux_only
8635	,	u--------		,		u--------	glaux_only
8636	καί	c--------		καί		c--------	glaux_only
8637	πολύς	a-s---mas		πολύς		a-s---mas	glaux_only
8638	χρόνος	n-s---ma-		χρόνος		n-s---ma-	glaux_only
8639	περί	r--------		περί		r--------	glaux_only
8640	ὁ	l-p---fa-		ὁ		l-p---fa-	glaux_only
8641	τοιοῦτος	p-p---fa-		τοιοῦτος		p-p---fa-	glaux_only
8642	διατρίβω	v1siia---		διατρίβω		v1siia---	glaux_only
8643	ἐπί	r--------		ἐπί		r--------	glaux_only
8644	ὅς	p-p---fd-		ὅς		p-p---fd-	glaux_only
8645	οἴομαι	v1siim---		οἴομαι		v1siim---	glaux_only
8646	ἐπαινέω	v--pnm---		ἐπαινέω		v--pnm---	glaux_only
8647	ἐγώ	p-s---ca-		ἐγώ		p-s---ca-	glaux_only
8648	προσήκω	v--pna---		προσήκω		v--pna---	glaux_only
8649	.	u--------		.		u--------	glaux_only
8650	ἀκροάομαι	v-sppmmn-		ἀκροάομαι		v-sppmmn-	glaux_only
8651	δέ	c--------		δέ		c--------	glaux_only
8652	τις	p-s---cn-	τις	τις	p-s---mn-	p-s---cn-	
8653	ὁ	l-p---mg-	ὁ	ὁ	l-p---ng-	l-p---mg-	
8654	ἐπιτήδειος	a-p---mg-		ἐπιτήδειος		a-p---mg-	glaux_only
8655	τολμάω	v3saia---		τολμάω		v3saia---	glaux_only
8656	λέγω	v--ana---		λέγω		v--ana---	glaux_only
8657	πρός	r--------		πρός		r--------	glaux_only
8658	ἐγώ	p-s---ca-		ἐγώ		p-s---ca-	glaux_only
8659	λόγος	n-s---ma-		λόγος		n-s---ma-	glaux_only
8660	πᾶς	p-p---ng-		πᾶς		p-p---ng-	glaux_only
8661	σχέτλιος	a-s---mas		σχέτλιος		a-s---mas	glaux_only
8662	,	u--------		,		u--------	glaux_only
8663	ὡς	c--------		ὡς		c--------	glaux_only
8664	ἄξιος	a-p---nn-		ἄξιος		a-p---nn-	glaux_only
8665	μέν	g--------		μέν		g--------	glaux_only
8666	εἰμί	v3spoa---		εἰμί		v3spoa---	glaux_only
8667	ὁ	l-p---nn-		ὁ		l-p---nn-	glaux_only
8668	λέγω	v-pppmnn-		λέγω		v-pppmnn-	glaux_only
8669	φιλοτιμία	n-s---fg-		φιλοτιμία		n-s---fg-	glaux_only
8670	,	u--------		,		u--------	glaux_only
8671	οὐ	d--------		οὐ		d--------	glaux_only
8672	μήν	g--------		μήν		g--------	glaux_only
8673	ἀλλά	c--------		ἀλλά		c--------	glaux_only
8674	αὐτός	p-s---mn-		αὐτός		p-s---mn-	glaux_only
8675	γε	g--------		γε		g--------	glaux_only
8676	δείδω	v--rna---		δείδω		v--rna---	glaux_only
8677	οὗτος	p-p---na-		οὗτος		p-p---na-	glaux_only
8678	μάλα	d-------s		μάλα		d-------s	glaux_only
8679	,	u--------		,		u--------	glaux_only
8680	μή	d--------		μή		d--------	glaux_only
8681	πολύς	a-p---ma-		πολύς		a-p---ma-	glaux_only
8682	λυπέω	v3sasa---		λυπέω		v3sasa---	glaux_only
8683	ὁ	l-p---mg-		ὁ		l-p---mg-	glaux_only
8684	ἀκούω	v-pppamg-		ἀκούω		v-pppamg-	glaux_only
8685	.	u--------		.		u--------	glaux_only
8686							unmatched
8687							unmatched
8688	φημί	v3siia---		φημί		v3siia---	glaux_only
8689							unmatched
8690	ὑπό	r--------		ὑπό		r--------	glaux_only
8691	ὁ	l-s---mg-		ὁ		l-s---mg-	glaux_only
8692	φθόνος	n-s---mg-		φθόνος		n-s---mg-	glaux_only
8693	καί	c--------		καί		c--------	glaux_only
8694	ὁ	l-p---fg-		ὁ		l-p---fg-	glaux_only
8695	ἀπορία	n-p---fg-		ἀπορία		n-p---fg-	glaux_only
8696	ἐξαγριόω	v3prim---		ἐξαγριόω		v3prim---	glaux_only
8697	καί	c--------		καί		c--------	glaux_only
8698	δυσμενής	d--------		δυσμενής		d--------	glaux_only
8699	ἔχω	v3ppia---		ἔχω		v3ppia---	glaux_only
8700	,	u--------	,	,	u--------	u--------	
8701	ὥστε	c--------		ὥστε		c--------	glaux_only
8702	οὐ	d--------		οὐ		d--------	glaux_only
8703	ὁ	l-p---fd-		ὁ		l-p---fd-	glaux_only
8704	πονηρία	n-p---fd-		πονηρία		n-p---fd-	glaux_only
8705	ἀλλά	c--------		ἀλλά		c--------	glaux_only
8706	ὁ	l-p---fd-		ὁ		l-p---fd-	glaux_only
8707	εὐπραγία	n-p---fd-		εὐπραγία		n-p---fd-	glaux_only
8708	πολεμέω	v3ppia---		πολεμέω		v3ppia---	glaux_only
8709	,	u--------		,		u--------	glaux_only
8710	καί	c--------		καί		c--------	glaux_only
8711	μισέω	v3ppia---		μισέω		v3ppia---	glaux_only
8712	οὐ	d--------		οὐ		d--------	glaux_only
8713	μόνος	d--------		μόνος		d--------	glaux_only
8714	ὁ	l-p---mg-		ὁ		l-p---mg-	glaux_only
8715	ἄνθρωπος	n-p---mg-		ἄνθρωπος		n-p---mg-	glaux_only
8716	ὁ	l-p---ma-	ὁ	ὁ	l-p---ma-	l-p---ma-	
8717	ἐπιεικής	a-p---mas		ἐπιεικής		a-p---mas	glaux_only
8718	,	u--------		,		u--------	glaux_only
8719	ἀλλά	c--------		ἀλλά		c--------	glaux_only
8720	καί	c--------	καί	καί	c--------	c--------	
8721	ὁ	l-p---ng-		ὁ		l-p---ng-	glaux_only
8722	ἐπιτήδευμα	n-p---ng-		ἐπιτήδευμα		n-p---ng-	glaux_only
8723	ὁ	l-p---na-		ὁ		l-p---na-	glaux_only
8724	ἀγαθός	a-p---nas		ἀγαθός		a-p---nas	glaux_only
8725	,	u--------		,		u--------	glaux_only
8726	καί	c--------		καί		c--------	glaux_only
8727	πρός	r--------		πρός		r--------	glaux_only
8728	ὁ	l-p---nd-	ὁ	ὁ	l-p---md-	l-p---nd-	
8729	ἄλλος	p-p---nd-	ἄλλος	ἄλλος	p-p---md-	p-p---nd-	
8730	κακός	a-p---nd-		κακός		a-p---nd-	glaux_only
8731	ὁ	l-p---md-	ὁ	ὁ	l-p---md-	l-p---md-	
8732	μέν	g--------		μέν		g--------	glaux_only
8733	ἀδικέω	v-pppamd-	ἀδικέω	ἀδικέω	v-pppamd-	v-pppamd-	
8734	συναγωνίζομαι	v3ppim---		συναγωνίζομαι		v3ppim---	glaux_only
8735	καί	c--------		καί		c--------	glaux_only
8736	συγγνώμη	n-s---fa-		συγγνώμη		n-s---fa-	glaux_only
8737	ἔχω	v3ppia---		ἔχω		v3ppia---	glaux_only
8738	,	u--------		,		u--------	glaux_only
8739	ὅς	p-p---md-		ὅς		p-p---md-	glaux_only
8740	δέ	c--------		δέ		c--------	glaux_only
8741	ἄν	g--------	ἄν	ἄν	c--------	g--------	
8742	φθονέω	v3pasa---		φθονέω		v3pasa---	glaux_only
8743	ἀπόλλυμι	v3ppia---		ἀπόλλυμι		v3ppia---	glaux_only
8744	,	u--------		,		u--------	glaux_only
8745	ἐάν	c--------		ἐάν		c--------	glaux_only
8746	περ	d--------		περ		d--------	glaux_only
8747	δύναμαι	v3pasp---		δύναμαι		v3pasp---	glaux_only
8748	.	u--------		.		u--------	glaux_only
8749	οὗτος	p-p---na-		οὗτος		p-p---na-	glaux_only
8750	δέ	c--------	δέ	δέ	d--------	c--------	
8751	δράω	v-pppamn-		δράω		v-pppamn-	glaux_only
8752	οὐ	d--------		οὐ		d--------	glaux_only
8753	ἀγνοέω	v3ppia---		ἀγνοέω		v3ppia---	glaux_only
8754	περί	r--------		περί		r--------	glaux_only
8755	ὅς	p-p---ng-		ὅς		p-p---ng-	glaux_only
8756	ὁ	l-s---fa-	ὁ	ὁ	l-s---fa-	l-s---fa-	
8757	ψῆφος	n-s---fa-		ψῆφος		n-s---fa-	glaux_only
8758	φέρω	v3pfia---		φέρω		v3pfia---	glaux_only
8759	,	u--------		,		u--------	glaux_only
8760	ἀλλά	c--------		ἀλλά		c--------	glaux_only
8761	ἀδικέω	v--fna---		ἀδικέω		v--fna---	glaux_only
8762	μέν	g--------		μέν		g--------	glaux_only
8763	ἐλπίζω	v-pppamn-		ἐλπίζω		v-pppamn-	glaux_only
8764	,	u--------		,		u--------	glaux_only
8765	ὁράω	v--fnp---		ὁράω		v--fnp---	glaux_only
8766	δέ	c--------		δέ		c--------	glaux_only
8767	οὐ	d--------		οὐ		d--------	glaux_only
8768	προσδοκάω	v-pppamn-		προσδοκάω		v-pppamn-	glaux_only
8769	·	u--------		·		u--------	glaux_only
8770	σῴζω	v-pppamn-		σῴζω		v-pppamn-	glaux_only
8771	οὖν	g--------		οὖν		g--------	glaux_only
8772	ὁ	l-p---ma-		ὁ		l-p---ma-	glaux_only
8773	ὅμοιος	a-p---ma-		ὅμοιος		a-p---ma-	glaux_only
8774	σφεῖς	p-p---cd-		σφεῖς		p-p---cd-	glaux_only
8775	αὐτός	p-p---md-		αὐτός		p-p---md-	glaux_only
8776	βοηθέω	v--pna---		βοηθέω		v--pna---	glaux_only
8777	νομίζω	v3ppia---		νομίζω		v3ppia---	glaux_only
8778	.	u--------		.		u--------	glaux_only
8779							unmatched
8780	δέ	c--------		δέ		c--------	glaux_only
8781	ἕνεκα	r--------		ἕνεκα		r--------	glaux_only
8782	σύ	p-s---cd-		σύ		p-s---cd-	glaux_only
8783	οὗτος	p-p---na-		οὗτος		p-p---na-	glaux_only
8784	διέρχομαι	v1saia---		διέρχομαι		v1saia---	glaux_only
8785	,	u--------		,		u--------	glaux_only
8786	ἵνα	c--------		ἵνα		c--------	glaux_only
8787	πρόοιδα	v-srpamn-		πρόοιδα		v-srpamn-	glaux_only
8788	ἀγαθός	a-s---nac		ἀγαθός		a-s---nac	glaux_only
8789	προσφέρω	v2spsm---		προσφέρω		v2spsm---	glaux_only
8790	καί	c--------		καί		c--------	glaux_only
8791	ὁ	l-p---md-		ὁ		l-p---md-	glaux_only
8792	λόγος	n-p---md-		λόγος		n-p---md-	glaux_only
8793	ἀσφαλής	a-p---mdc		ἀσφαλής		a-p---mdc	glaux_only
8794	χράω	v2spsm---		χράω		v2spsm---	glaux_only
8795	πρός	r--------		πρός		r--------	glaux_only
8796	αὐτός	p-p---ma-		αὐτός		p-p---ma-	glaux_only
8797	,	u--------		,		u--------	glaux_only
8798	ἐπεί	c--------		ἐπεί		c--------	glaux_only
8799	νῦν	d--------		νῦν		d--------	glaux_only
8800	γε	g--------		γε		g--------	glaux_only
8801	τίς	p-s---ca-		τίς		p-s---ca-	glaux_only
8802	χρή	v3spia---		χρή		v3spia---	glaux_only
8803	προσδοκάω	v--pna---		προσδοκάω		v--pna---	glaux_only
8804	γνώμη	n-s---fa-		γνώμη		n-s---fa-	glaux_only
8805	ἔχω	v--fna---		ἔχω		v--fna---	glaux_only
8806	ὁ	l-p---ma-		ὁ		l-p---ma-	glaux_only
8807	τοιοῦτος	p-p---ma-		τοιοῦτος		p-p---ma-	glaux_only
8808	,	u--------		,		u--------	glaux_only
8809	ὅταν	c--------		ὅταν		c--------	glaux_only
8810	ὁ	l-s---ma-		ὁ		l-s---ma-	glaux_only
8811	τε	c--------		τε		c--------	glaux_only
8812	βίος	n-s---ma-		βίος		n-s---ma-	glaux_only
8813	ὁ	l-s---ma-		ὁ		l-s---ma-	glaux_only
8814	σεαυτοῦ	p-s---mg-		σεαυτοῦ		p-s---mg-	glaux_only
8815	καί	c--------		καί		c--------	glaux_only
8816	ὁ	l-p---fa-		ὁ		l-p---fa-	glaux_only
8817	πρᾶξις	n-p---fa-		πρᾶξις		n-p---fa-	glaux_only
8818	διεξέρχομαι	v2spsa---		διεξέρχομαι		v2spsa---	glaux_only
8819	μή	d--------		μή		d--------	glaux_only
8820							unmatched
8821							unmatched
8822							unmatched
8823							unmatched
8824							unmatched
8825							unmatched
8826							unmatched
8827							unmatched
8828							unmatched
8829							unmatched
8830							unmatched
8831							unmatched
8832							unmatched
8833							unmatched
8834							unmatched
8835							unmatched
8836	ἀποφαίνω	v2spia---		ἀποφαίνω		v2spia---	glaux_only
8837	γάρ	g--------		γάρ		g--------	glaux_only
8838	ὁ	l-p---ma-		ὁ		l-p---ma-	glaux_only
8839	τε	c--------		τε		c--------	glaux_only
8840	λόγος	n-p---ma-		λόγος		n-p---ma-	glaux_only
8841	ὅς	p-p---ma-		ὅς		p-p---ma-	glaux_only
8842	γράφω	v2sria---		γράφω		v2sria---	glaux_only
8843	οὐ	d--------		οὐ		d--------	glaux_only
8844	μέμψις	n-s---fg-		μέμψις		n-s---fg-	glaux_only
8845	ἀλλά	c--------		ἀλλά		c--------	glaux_only
8846	χάρις	n-s---fg-		χάρις		n-s---fg-	glaux_only
8847	ὁ	l-s---fg-		ὁ		l-s---fg-	glaux_only
8848	μέγας	a-s---fgs		μέγας		a-s---fgs	glaux_only
8849	ἄξιος	a-p---ma-		ἄξιος		a-p---ma-	glaux_only
8850	εἰμί	v-pppama-		εἰμί		v-pppama-	glaux_only
8851	,	u--------		,		u--------	glaux_only
8852	ὁ	l-p---mg-		ὁ		l-p---mg-	glaux_only
8853	τε	c--------		τε		c--------	glaux_only
8854	πλησιάζω	v-prpamg-		πλησιάζω		v-prpamg-	glaux_only
8855	σύ	p-s---cd-		σύ		p-s---cd-	glaux_only
8856	ὁ	l-p---ma-		ὁ		l-p---ma-	glaux_only
8857	μέν	g--------		μέν		g--------	glaux_only
8858	οὐδείς	p-s---na-		οὐδείς		p-s---na-	glaux_only
8859	ἀδικέω	v-prpama-		ἀδικέω		v-prpama-	glaux_only
8860							unmatched
8861	ἁμαρτάνω	v-prpama-		ἁμαρτάνω		v-prpama-	glaux_only
8862	,	u--------		,		u--------	glaux_only
8863	ὁ	l-p---ma-		ὁ		l-p---ma-	glaux_only
8864	δέ	c--------		δέ		c--------	glaux_only
8865	διά	r--------		διά		r--------	glaux_only
8866	ἀρετή	n-s---fa-		ἀρετή		n-s---fa-	glaux_only
8867	ὑπό	r--------		ὑπό		r--------	glaux_only
8868	ὁ	l-s---fg-		ὁ		l-s---fg-	glaux_only
8869	πόλις	n-s---fg-		πόλις		n-s---fg-	glaux_only
8870	στεφανόω	v-prpmma-		στεφανόω		v-prpmma-	glaux_only
8871	,	u--------		,		u--------	glaux_only
8872	ὁ	l-p---na-		ὁ		l-p---na-	glaux_only
8873	τε	c--------		τε		c--------	glaux_only
8874	κατά	r--------		κατά		r--------	glaux_only
8875	ἡμέρα	n-s---fa-		ἡμέρα		n-s---fa-	glaux_only
8876	οὕτως	d--------		οὕτως		d--------	glaux_only
8877	κόσμιος	d--------		κόσμιος		d--------	glaux_only
8878	καί	c--------	καί	καί	c--------	c--------	
8879	τεταγμένως	d--------		τεταγμένως		d--------	glaux_only
8880	βιόω	v-srpama-		βιόω		v-srpama-	glaux_only
8881	σεαυτοῦ	p-s---ma-		σεαυτοῦ		p-s---ma-	glaux_only
8882	ὡς	c--------		ὡς		c--------	glaux_only
8883	οὐ	d--------		οὐ		d--------	glaux_only
8884	οἶδα	v1sria---		οἶδα		v1sria---	glaux_only
8885	εἰ	c--------		εἰ		c--------	glaux_only
8886	τις	p-s---cn-		τις		p-s---cn-	glaux_only
8887	ἄλλος	p-s---mn-		ἄλλος		p-s---mn-	glaux_only
8888	ὁ	l-p---mg-		ὁ		l-p---mg-	glaux_only
8889	πολίτης	n-p---mg-		πολίτης		n-p---mg-	glaux_only
8890	,	u--------		,		u--------	glaux_only
8891	ἔτι	d--------		ἔτι		d--------	glaux_only
8892	δέ	c--------		δέ		c--------	glaux_only
8893	μή	d--------		μή		d--------	glaux_only
8894							unmatched
8895							unmatched
8896							unmatched
8897							unmatched
8898							unmatched
8899							unmatched
8900							unmatched
8901							unmatched
8902							unmatched
8903							unmatched
8904							unmatched
8905							unmatched
8906							unmatched
8907							unmatched
8908							unmatched
8909							unmatched
8910							unmatched
8911							unmatched
8912							unmatched
8913							unmatched
8914							unmatched
8915							unmatched
8916							unmatched
8917							unmatched
8918							unmatched
8919							unmatched
8920							unmatched
8921							unmatched
8922	πρός	r--------		πρός		r--------	glaux_only
8923	δέ	c--------		δέ		c--------	glaux_only
8924	οὗτος	p-p---nd-		οὗτος		p-p---nd-	glaux_only
8925	οὕτως	d--------		οὕτως		d--------	glaux_only
8926	ἴδιος	a-p---nd-		ἴδιος		a-p---nd-	glaux_only
8927	εἰμί	v-pppand-		εἰμί		v-pppand-	glaux_only
8928	καί	c--------		καί		c--------	glaux_only
8929	περισσός	a-p---md-		περισσός		a-p---md-	glaux_only
8930							unmatched
8931							unmatched
8932	λέγω	v2spia---		λέγω		v2spia---	glaux_only
8933	,	u--------		,		u--------	glaux_only
8934	ὡς	c--------		ὡς		c--------	glaux_only
8935	ὁ	l-p---fg-		ὁ		l-p---fg-	glaux_only
8936	μέν	g--------		μέν		g--------	glaux_only
8937	ἀρχή	n-p---fg-		ἀρχή		n-p---fg-	glaux_only
8938	καί	c--------	καί	καί	c--------	c--------	
8939	ὁ	l-p---fg-		ὁ		l-p---fg-	glaux_only
8940	ὠφέλεια	n-p---fg-		ὠφέλεια		n-p---fg-	glaux_only
8941	ὁ	l-p---fg-		ὁ		l-p---fg-	glaux_only
8942	ἐντεῦθεν	d--------		ἐντεῦθεν		d--------	glaux_only
8943	γίγνομαι	v-pppmfg-		γίγνομαι		v-pppmfg-	glaux_only
8944	καί	c--------	καί	καί	d--------	c--------	
8945	ὁ	l-p---ng-		ὁ		l-p---ng-	glaux_only
8946	ἄλλος	p-p---ng-		ἄλλος		p-p---ng-	glaux_only
8947	ἅπας	p-p---ng-		ἅπας		p-p---ng-	glaux_only
8948	ὁ	l-p---ng-		ὁ		l-p---ng-	glaux_only
8949	κοινός	a-p---ng-		κοινός		a-p---ng-	glaux_only
8950	ἐξίστημι	v2sria---		ἐξίστημι		v2sria---	glaux_only
8951	,	u--------		,		u--------	glaux_only
8952	εἰς	r--------		εἰς		r--------	glaux_only
8953	δέ	c--------		δέ		c--------	glaux_only
8954	ὁ	l-p---ma-		ὁ		l-p---ma-	glaux_only
8955	διακόσιοι	m-p---ma-		διακόσιοι		m-p---ma-	glaux_only
8956	καί	c--------	καί	καί	c--------	c--------	
8957	χίλιοι	m-p---ma-		χίλιοι		m-p---ma-	glaux_only
8958	ὁ	l-p---ma-		ὁ		l-p---ma-	glaux_only
8959	εἰσφέρω	v-pppama-		εἰσφέρω		v-pppama-	glaux_only
8960	καί	c--------		καί		c--------	glaux_only
8961	λειτουργέω	v-pppama-		λειτουργέω		v-pppama-	glaux_only
8962	οὐ	d--------		οὐ		d--------	glaux_only
8963	μόνος	d--------		μόνος		d--------	glaux_only
8964	ἑαυτοῦ	p-s---ma-		ἑαυτοῦ		p-s---ma-	glaux_only
8965	παρέχω	v2spia---		παρέχω		v2spia---	glaux_only
8966	ἀλλά	c--------		ἀλλά		c--------	glaux_only
8967	καί	c--------		καί		c--------	glaux_only
8968	ὁ	l-s---ma-		ὁ		l-s---ma-	glaux_only
8969	υἱός	n-s---ma-		υἱός		n-s---ma-	glaux_only
8970	,	u--------		,		u--------	glaux_only
8971	καί	c--------		καί		c--------	glaux_only
8972	τρίς	d--------		τρίς		d--------	glaux_only
8973	μέν	g--------		μέν		g--------	glaux_only
8974	ἤδη	d--------		ἤδη		d--------	glaux_only
8975	τριηραρχέω	v2pria---		τριηραρχέω		v2pria---	glaux_only
8976	,	u--------		,		u--------	glaux_only
8977	ὁ	l-p---fa-		ὁ		l-p---fa-	glaux_only
8978	δέ	c--------		δέ		c--------	glaux_only
8979	ἄλλος	p-p---fa-		ἄλλος		p-p---fa-	glaux_only
8980	λειτουργία	n-p---fa-		λειτουργία		n-p---fa-	glaux_only
8981	πολυτελής	a-s---nac		πολυτελής		a-s---nac	glaux_only
8982	λειτουργέω	v2pria---		λειτουργέω		v2pria---	glaux_only
8983	καί	c--------		καί		c--------	glaux_only
8984	καλός	a-s---nac		καλός		a-s---nac	glaux_only
8985	ὅς	p-p---ng-		ὅς		p-p---ng-	glaux_only
8986	ὁ	l-p---mn-		ὁ		l-p---mn-	glaux_only
8987	νόμος	n-p---mn-		νόμος		n-p---mn-	glaux_only
8988	προστάσσω	v3ppia---		προστάσσω		v3ppia---	glaux_only
8989	.	u--------		.		u--------	glaux_only
8990							unmatched
8991	ἀκούω	v-pppama-		ἀκούω		v-pppama-	glaux_only
8992	ὁ	l-p---ma-		ὁ		l-p---ma-	glaux_only
8993							unmatched
8994							unmatched
8995	πᾶς	p-p---nd-		πᾶς		p-p---nd-	glaux_only
8996	ὁ	l-p---nd-		ὁ		l-p---nd-	glaux_only
8997	προλέγω	v-prpmnd-		προλέγω		v-prpmnd-	glaux_only
8998	ἐπιτηδεύω	v-prpama-		ἐπιτηδεύω		v-prpama-	glaux_only
8999	οὐ	d--------		οὐ		d--------	glaux_only
9000	οἴομαι	v2spim---		οἴομαι		v2spim---	glaux_only
9001	βαρύς	d--------		βαρύς		d--------	glaux_only
9002	φέρω	v--fna---		φέρω		v--fna---	glaux_only
9003	καί	c--------	καί	καί	d--------	c--------	
9004	νομίζω	v--fna---		νομίζω		v--fna---	glaux_only
9005	ἐλέγχω	v--pnm---		ἐλέγχω		v--pnm---	glaux_only
9006	ὁ	l-s---ma-		ὁ		l-s---ma-	glaux_only
9007	βίος	n-s---ma-		βίος		n-s---ma-	glaux_only
9008	ὁ	l-s---ma-		ὁ		l-s---ma-	glaux_only
9009	ἑαυτοῦ	p-p---mg-		ἑαυτοῦ		p-p---mg-	glaux_only
9010	οὐ	d--------		οὐ		d--------	glaux_only
9011	σπουδαῖος	a-s---ma-		σπουδαῖος		a-s---ma-	glaux_only
9012	εἰμί	v-sppama-		εἰμί		v-sppama-	glaux_only
9013	;	u--------		;		u--------	glaux_only
9014	καί	c--------		καί		c--------	glaux_only
9015	γάρ	g--------		γάρ		g--------	glaux_only
9016	εἰ	c--------		εἰ		c--------	glaux_only
9017	μέν	g--------		μέν		g--------	glaux_only
9018	μετά	r--------		μετά		r--------	glaux_only
9019	πόνος	n-s---mg-		πόνος		n-s---mg-	glaux_only
9020	καί	c--------		καί		c--------	glaux_only
9021	ταλαιπωρία	n-s---fg-		ταλαιπωρία		n-s---fg-	glaux_only
9022	αἰσθάνομαι	v3piim---		αἰσθάνομαι		v3piim---	glaux_only
9023	σύ	p-s---ca-		σύ		p-s---ca-	glaux_only
9024	πορίζω	v-sppmma-		πορίζω		v-sppmma-	glaux_only
9025	εἰς	r--------		εἰς		r--------	glaux_only
9026	τε	c--------		τε		c--------	glaux_only
9027	ὁ	l-p---fa-	ὁ	ὁ	l-p---fa-	l-p---fa-	
9028	λειτουργία	n-p---fa-		λειτουργία		n-p---fa-	glaux_only
9029	καί	c--------		καί		c--------	glaux_only
9030	περί	r--------	περί	περί	r--------	r--------	
9031	ὁ	l-s---fa-		ὁ		l-s---fa-	glaux_only
9032	ἄλλος	p-s---fa-		ἄλλος		p-s---fa-	glaux_only
9033	διοίκησις	n-s---fa-		διοίκησις		n-s---fa-	glaux_only
9034	,	u--------		,		u--------	glaux_only
9035	οὐ	d--------		οὐ		d--------	glaux_only
9036	ἄν	g--------		ἄν		g--------	glaux_only
9037	ὅμοιος	d--------		ὅμοιος		d--------	glaux_only
9038	μέλω	v3siia---		μέλω		v3siia---	glaux_only
9039	αὐτός	p-p---md-		αὐτός		p-p---md-	glaux_only
9040	·	u--------		·		u--------	glaux_only
9041	νῦν	d--------		νῦν		d--------	glaux_only
9042	δέ	c--------		δέ		c--------	glaux_only
9043	ὁ	l-p---na-		ὁ		l-p---na-	glaux_only
9044	τε	c--------		τε		c--------	glaux_only
9045	παρά	r--------		παρά		r--------	glaux_only
9046	ὁ	l-p---mg-		ὁ		l-p---mg-	glaux_only
9047	ξένος	a-p---mg-		ξένος		a-p---mg-	glaux_only
9048	σύ	p-s---cd-		σύ		p-s---cd-	glaux_only
9049	γίγνομαι	v-pppmna-		γίγνομαι		v-pppmna-	glaux_only
9050	πολύς	a-s---na-		πολύς		a-s---na-	glaux_only
9051	πολύς	a-p---nac		πολύς		a-p---nac	glaux_only
9052	νομίζω	v3ppia---		νομίζω		v3ppia---	glaux_only
9053	εἰμί	v--pna---		εἰμί		v--pna---	glaux_only
9054	ὁ	l-p---ng-		ὁ		l-p---ng-	glaux_only
9055	δίδωμι	v-pppmng-		δίδωμι		v-pppmng-	glaux_only
9056	,	u--------		,		u--------	glaux_only
9057	αὐτός	p-s---ma-		αὐτός		p-s---ma-	glaux_only
9058	τε	c--------		τε		c--------	glaux_only
9059	σύ	p-s---ca-		σύ		p-s---ca-	glaux_only
9060	ῥᾴθυμος	a-s---mac		ῥᾴθυμος		a-s---mac	glaux_only
9061	ἡγέομαι	v3ppim---		ἡγέομαι		v3ppim---	glaux_only
9062	ζάω	v--pna---		ζάω		v--pna---	glaux_only
9063	οὐ	d--------		οὐ		d--------	glaux_only
9064	μόνος	d--------		μόνος		d--------	glaux_only
9065	ὁ	l-p---mg-		ὁ		l-p---mg-	glaux_only
9066	ἄλλος	p-p---mg-		ἄλλος		p-p---mg-	glaux_only
9067	ἀλλά	c--------		ἀλλά		c--------	glaux_only
9068	καί	c--------		καί		c--------	glaux_only
9069	ὁ	l-p---ng-		ὁ		l-p---ng-	glaux_only
9070	περί	r--------		περί		r--------	glaux_only
9071	ὁ	l-s---fa-		ὁ		l-s---fa-	glaux_only
9072	φιλοσοφία	n-s---fa-		φιλοσοφία		n-s---fa-	glaux_only
9073	καί	c--------		καί		c--------	glaux_only
9074	ὁ	l-s---fa-		ὁ		l-s---fa-	glaux_only
9075	αὐτός	p-s---fa-		αὐτός		p-s---fa-	glaux_only
9076	σύ	p-s---cd-		σύ		p-s---cd-	glaux_only
9077	πραγματεία	n-s---fa-		πραγματεία		n-s---fa-	glaux_only
9078	εἰμί	v-pppang-		εἰμί		v-pppang-	glaux_only
9079	.	u--------		.		u--------	glaux_only
9080							unmatched
9081	γάρ	g--------		γάρ		g--------	glaux_only
9082	ἐκεῖνος	p-p---mg-		ἐκεῖνος		p-p---mg-	glaux_only
9083	μέν	g--------		μέν		g--------	glaux_only
9084	ὁ	l-p---ma-		ὁ		l-p---ma-	glaux_only
9085	πολύς	a-p---mas		πολύς		a-p---mas	glaux_only
9086	,	u--------		,		u--------	glaux_only
9087	πλήν	r--------		πλήν		r--------	glaux_only
9088	ὁ	l-p---mg-		ὁ		l-p---mg-	glaux_only
9089	ὁ	l-s---ma-		ὁ		l-s---ma-	glaux_only
9090	σός	a-s---ma-		σός		a-s---ma-	glaux_only
9091	βίος	n-s---ma-		βίος		n-s---ma-	glaux_only
9092	καί	c--------		καί		c--------	glaux_only
9093	ὁ	l-s---ma-		ὁ		l-s---ma-	glaux_only
9094	τρόπος	n-s---ma-		τρόπος		n-s---ma-	glaux_only
9095	ἀγαπάω	v-prpamg-		ἀγαπάω		v-prpamg-	glaux_only
9096	,	u--------		,		u--------	glaux_only
9097	ἐν	r--------		ἐν		r--------	glaux_only
9098	τε	c--------		τε		c--------	glaux_only
9099	ὁ	l-p---fd-		ὁ		l-p---fd-	glaux_only
9100	πανήγυρις	n-p---fd-		πανήγυρις		n-p---fd-	glaux_only
9101	καί	c--------		καί		c--------	glaux_only
9102	ὁ	l-p---md-		ὁ		l-p---md-	glaux_only
9103	ἴδιος	a-p---md-		ἴδιος		a-p---md-	glaux_only
9104	σύλλογος	n-p---md-		σύλλογος		n-p---md-	glaux_only
9105	ἐπίδειξις	n-p---fa-		ἐπίδειξις		n-p---fa-	glaux_only
9106	ποιέω	v-pppmma-		ποιέω		v-pppmma-	glaux_only
9107	,	u--------		,		u--------	glaux_only
9108	διαγωνίζομαι	v-pppmma-		διαγωνίζομαι		v-pppmma-	glaux_only
9109	πρός	r--------		πρός		r--------	glaux_only
9110	ἀλλήλων	p-p---ma-		ἀλλήλων		p-p---ma-	glaux_only
9111	,	u--------		,		u--------	glaux_only
9112	κατά	r--------		κατά		r--------	glaux_only
9113	ὑπερβολή	n-s---fa-		ὑπερβολή		n-s---fa-	glaux_only
9114	ὑπισχνέομαι	v-pppmma-		ὑπισχνέομαι		v-pppmma-	glaux_only
9115	,	u--------		,		u--------	glaux_only
9116	ἐρίζω	v-pppama-		ἐρίζω		v-pppama-	glaux_only
9117	,	u--------		,		u--------	glaux_only
9118	λοιδορέω	v-pppmma-		λοιδορέω		v-pppmma-	glaux_only
9119	,	u--------		,		u--------	glaux_only
9120	οὐδείς	p-s---na-		οὐδείς		p-s---na-	glaux_only
9121	ἀπολείπω	v-pppama-		ἀπολείπω		v-pppama-	glaux_only
9122	κακός	a-p---ng-		κακός		a-p---ng-	glaux_only
9123	,	u--------		,		u--------	glaux_only
9124	ἀλλά	c--------		ἀλλά		c--------	glaux_only
9125	σφεῖς	p-p---cd-		σφεῖς		p-p---cd-	glaux_only
9126	μέν	g--------		μέν		g--------	glaux_only
9127	αὐτός	p-p---md-		αὐτός		p-p---md-	glaux_only
9128	πρᾶγμα	n-p---na-		πρᾶγμα		n-p---na-	glaux_only
9129	παρέχω	v-pppama-		παρέχω		v-pppama-	glaux_only
9130	,	u--------		,		u--------	glaux_only
9131	ὁ	l-p---md-		ὁ		l-p---md-	glaux_only
9132	δέ	c--------		δέ		c--------	glaux_only
9133	ἀκροάομαι	v-pppmmd-		ἀκροάομαι		v-pppmmd-	glaux_only
9134	ἐξουσία	n-s---fa-		ἐξουσία		n-s---fa-	glaux_only
9135	παραδίδωμι	v-pppama-		παραδίδωμι		v-pppama-	glaux_only
9136	ὁ	l-p---md-		ὁ		l-p---md-	glaux_only
9137	μέν	g--------		μέν		g--------	glaux_only
9138	καταγελάω	v--ana---		καταγελάω		v--ana---	glaux_only
9139	ὁ	l-p---ng-	ὁ	ὁ	l-p---ng-	l-p---ng-	
9140	λέγω	v-pppmng-		λέγω		v-pppmng-	glaux_only
9141	,	u--------		,		u--------	glaux_only
9142	ἔνιοι	a-p---md-		ἔνιοι		a-p---md-	glaux_only
9143	δέ	c--------		δέ		c--------	glaux_only
9144	ἐπαινέω	v--ana---		ἐπαινέω		v--ana---	glaux_only
9145	,	u--------		,		u--------	glaux_only
9146	ὁ	l-p---md-		ὁ		l-p---md-	glaux_only
9147	δέ	c--------		δέ		c--------	glaux_only
9148	πολύς	a-p---mds		πολύς		a-p---mds	glaux_only
9149	μισέω	v--ana---		μισέω		v--ana---	glaux_only
9150	,	u--------		,		u--------	glaux_only
9151	ὁ	l-p---md-		ὁ		l-p---md-	glaux_only
9152	δέ	c--------		δέ		c--------	glaux_only
9153	ὅπως	c--------		ὅπως		c--------	glaux_only
9154	ἕκαστος	p-p---mn-		ἕκαστος		p-p---mn-	glaux_only
9155	βούλομαι	v3ppim---		βούλομαι		v3ppim---	glaux_only
9156	διατίθημι	v--anp---		διατίθημι		v--anp---	glaux_only
9157	πρός	r--------		πρός		r--------	glaux_only
9158	αὐτός	p-p---ma-		αὐτός		p-p---ma-	glaux_only
9159	·	u--------		·		u--------	glaux_only
9160	σύ	p-s---ca-		σύ		p-s---ca-	glaux_only
9161	δέ	c--------		δέ		c--------	glaux_only
9162	οὐδείς	p-s---ng-		οὐδείς		p-s---ng-	glaux_only
9163	μετέχω	v-sppama-		μετέχω		v-sppama-	glaux_only
9164	οὗτος	p-p---ng-		οὗτος		p-p---ng-	glaux_only
9165	,	u--------		,		u--------	glaux_only
9166	ἀλλά	c--------		ἀλλά		c--------	glaux_only
9167	ἀνόμοιος	d--------		ἀνόμοιος		d--------	glaux_only
9168	ζάω	v-sppama-		ζάω		v-sppama-	glaux_only
9169	καί	c--------		καί		c--------	glaux_only
9170	ὁ	l-p---md-	ὁ	ὁ	l-p---md-	l-p---md-	
9171	σοφιστής	n-p---md-		σοφιστής		n-p---md-	glaux_only
9172	καί	c--------		καί		c--------	glaux_only
9173	ὁ	l-p---md-		ὁ		l-p---md-	glaux_only
9174	ἰδιώτης	n-p---md-		ἰδιώτης		n-p---md-	glaux_only
9175	,	u--------		,		u--------	glaux_only
9176	καί	c--------		καί		c--------	glaux_only
9177	ὁ	l-p---md-		ὁ		l-p---md-	glaux_only
9178	πολύς	a-p---na-		πολύς		a-p---na-	glaux_only
9179	κτάομαι	v-prpmmd-		κτάομαι		v-prpmmd-	glaux_only
9180	καί	c--------		καί		c--------	glaux_only
9181	ὁ	l-p---md-		ὁ		l-p---md-	glaux_only
9182	ἄπορος	d--------		ἄπορος		d--------	glaux_only
9183	διάκειμαι	v-prpmmd-		διάκειμαι		v-prpmmd-	glaux_only
9184	.	u--------		.		u--------	glaux_only
9185	ἐπί	r--------		ἐπί		r--------	glaux_only
9186	ὅς	p-p---nd-		ὅς		p-p---nd-	glaux_only
9187	ὁ	l-p---mn-		ὁ		l-p---mn-	glaux_only
9188	μέν	g--------		μέν		g--------	glaux_only
9189	λογίζομαι	v--pnm---		λογίζομαι		v--pnm---	glaux_only
9190	δύναμαι	v-pppmmn-		δύναμαι		v-pppmmn-	glaux_only
9191	καί	c--------		καί		c--------	glaux_only
9192	νόος	n-s---ma-		νόος		n-s---ma-	glaux_only
9193	ἔχω	v-pppamn-		ἔχω		v-pppamn-	glaux_only
9194	ἴσως	d--------		ἴσως		d--------	glaux_only
9195	ἄν	g--------		ἄν		g--------	glaux_only
9196	σύ	p-s---ca-		σύ		p-s---ca-	glaux_only
9197	ζηλόω	v3paoa---		ζηλόω		v3paoa---	glaux_only
9198	,	u--------		,		u--------	glaux_only
9199	ὁ	l-p---mn-		ὁ		l-p---mn-	glaux_only
9200	δέ	c--------		δέ		c--------	glaux_only
9201	καταδεής	a-s---nac		καταδεής		a-s---nac	glaux_only
9202	πράσσω	v-pppamn-		πράσσω		v-pppamn-	glaux_only
9203	καί	c--------	καί	καί	c--------	c--------	
9204	λυπέω	v--pnm---		λυπέω		v--pnm---	glaux_only
9205	μάλα	d-------c		μάλα		d-------c	glaux_only
9206	εἴωθα	v-prpamn-		εἴωθα		v-prpamn-	glaux_only
9207	ἐπί	r--------		ἐπί		r--------	glaux_only
9208	ὁ	l-p---fd-		ὁ		l-p---fd-	glaux_only
9209	ὁ	l-p---mg-		ὁ		l-p---mg-	glaux_only
9210	ἄλλος	p-p---mg-		ἄλλος		p-p---mg-	glaux_only
9211	ἐπιείκεια	n-p---fd-		ἐπιείκεια		n-p---fd-	glaux_only
9212	ἤ	c--------		ἤ		c--------	glaux_only
9213	ὁ	l-p---fd-		ὁ		l-p---fd-	glaux_only
9214	ἑαυτοῦ	p-p---mg-		ἑαυτοῦ		p-p---mg-	glaux_only
9215	ἀτυχία	n-p---fd-		ἀτυχία		n-p---fd-	glaux_only
9216	οὐ	d--------		οὐ		d--------	glaux_only
9217	εἰμί	v3spia---		εἰμί		v3spia---	glaux_only
9218	ὅπως	c--------		ὅπως		c--------	glaux_only
9219	οὐ	d--------		οὐ		d--------	glaux_only
9220	δυσκολαίνω	v3pfia---		δυσκολαίνω		v3pfia---	glaux_only
9221	καί	c--------		καί		c--------	glaux_only
9222	χαλεπός	d--------		χαλεπός		d--------	glaux_only
9223	φέρω	v3pfia---		φέρω		v3pfia---	glaux_only
9224	.	u--------		.		u--------	glaux_only
9225	ὡς	c--------		ὡς		c--------	glaux_only
9226	οὖν	g--------		οὖν		g--------	glaux_only
9227	οὕτως	d--------		οὕτως		d--------	glaux_only
9228	αὐτός	p-p---ng-		αὐτός		p-p---ng-	glaux_only
9229	διατίθημι	v-pfppng-		διατίθημι		v-pfppng-	glaux_only
9230	σκοπέω	v2spma---		σκοπέω		v2spma---	glaux_only
9231	τίς	p-s---nn-		τίς		p-s---nn-	glaux_only
9232	σύ	p-s---cd-		σύ		p-s---cd-	glaux_only
9233	λεκτέος	a-s---nn-		λεκτέος		a-s---nn-	glaux_only
9234	οὗτος	p-p---ng-		οὗτος		p-p---ng-	glaux_only
9235	καί	c--------	καί	καί	d--------	c--------	
9236	τίς	p-s---nn-		τίς		p-s---nn-	glaux_only
9237	παραλείπω	a-s---nn-		παραλείπω		a-s---nn-	glaux_only
9238							unmatched
9239	ἐγώ	p-s---cn-		ἐγώ		p-s---cn-	glaux_only
9240	δέ	c--------	δέ	δέ	d--------	c--------	
9241							unmatched
9242							unmatched
9243	τότε	d--------		τότε		d--------	glaux_only
9244	οὗτος	p-p---na-		οὗτος		p-p---na-	glaux_only
9245	λέγω	v-sppamg-		λέγω		v-sppamg-	glaux_only
9246	καί	c--------		καί		c--------	glaux_only
9247	νῦν	d--------		νῦν		d--------	glaux_only
9248	ἡγέομαι	v1spim---		ἡγέομαι		v1spim---	glaux_only
9249	πᾶς	p-p---mg-		πᾶς		p-p---mg-	glaux_only
9250	ἄνθρωπος	n-p---mg-		ἄνθρωπος		n-p---mg-	glaux_only
9251	ἄτοπος	a-p---mas		ἄτοπος		a-p---mas	glaux_only
9252	εἰμί	v--pna---		εἰμί		v--pna---	glaux_only
9253	καί	c--------		καί		c--------	glaux_only
9254	σχέτλιος	a-p---mas		σχέτλιος		a-p---mas	glaux_only
9255	,	u--------		,		u--------	glaux_only
9256	ὅστις	p-p---mn-		ὅστις		p-p---mn-	glaux_only
9257	βαρύς	d--------		βαρύς		d--------	glaux_only
9258	ἄν	g--------	ἄν	ἄν	d--------	g--------	
9259	ἀκούω	v3ppoa---		ἀκούω		v3ppoa---	glaux_only
9260	εἰ	c--------		εἰ		c--------	glaux_only
9261	λειτουργέω	v-sppama-		λειτουργέω		v-sppama-	glaux_only
9262	μέν	g--------		μέν		g--------	glaux_only
9263	ἐμαυτοῦ	p-s---ma-		ἐμαυτοῦ		p-s---ma-	glaux_only
9264	ὁ	l-s---fd-		ὁ		l-s---fd-	glaux_only
9265	πόλις	n-s---fd-		πόλις		n-s---fd-	glaux_only
9266	παραχώννυμι	v1spia---		παραχώννυμι		v1spia---	glaux_only
9267	καί	c--------		καί		c--------	glaux_only
9268	ποιέω	v-sppama-		ποιέω		v-sppama-	glaux_only
9269	ὁ	l-s---na-		ὁ		l-s---na-	glaux_only
9270	προστάσσω	v-sppmna-		προστάσσω		v-sppmna-	glaux_only
9271	,	u--------		,		u--------	glaux_only
9272	μηδείς	p-s---na-		μηδείς		p-s---na-	glaux_only
9273	δέ	c--------		δέ		c--------	glaux_only
9274	δέω	v1spim---		δέω		v1spim---	glaux_only
9275	μή	d--------		μή		d--------	glaux_only
9276							unmatched
9277							unmatched
9278							unmatched
9279							unmatched
9280							unmatched
9281							unmatched
9282							unmatched
9283							unmatched
9284							unmatched
9285							unmatched
9286							unmatched
9287							unmatched
9288	ὁ	l-s---fn-	ὁ		l-s---fn-		oga_only
9289	πόλις	n-s---fn-	πόλις		n-s---fn-		oga_only
9290							unmatched
9291							unmatched
9292							unmatched
9293							unmatched
9294							unmatched
9295							unmatched
9296							unmatched
9297							unmatched
9298							unmatched
9299							unmatched
9300	οὗτος	p-p---na-		οὗτος		p-p---na-	glaux_only
9301	γάρ	g--------		γάρ		g--------	glaux_only
9302	συντάσσω	v1saim---		συντάσσω		v1saim---	glaux_only
9303	οὐ	d--------		οὐ		d--------	glaux_only
9304	διά	r--------		διά		r--------	glaux_only
9305	πλοῦτος	n-s---ma-		πλοῦτος		n-s---ma-	glaux_only
9306	οὐ	d--------		οὐ		d--------	glaux_only
9307	δέ	c--------	δέ		c--------		oga_only
9308							unmatched
9309							unmatched
9310							unmatched
9311							unmatched
9312							unmatched
9313							unmatched
9314							unmatched
9315							unmatched
9316							unmatched
9317							unmatched
9318							unmatched
9319							unmatched
9320							unmatched
9321	,	u--------	,		u--------		oga_only
9322							unmatched
9323	ὁ	l-s---fa-		ὁ		l-s---fa-	glaux_only
9324	μέν	d--------	μέν		d--------		oga_only
9325							unmatched
9326	καί	c--------	καί	καί	c--------	c--------	
9327							unmatched
9328							unmatched
9329							unmatched
9330							unmatched
9331							unmatched
9332	δέ	c--------	δέ		c--------		oga_only
9333							unmatched
9334							unmatched
9335							unmatched
9336							unmatched
9337							unmatched
9338							unmatched
9339							unmatched
9340	παρά	r--------	παρά		r--------		oga_only
9341							unmatched
9342							unmatched
9343							unmatched
9344							unmatched
9345							unmatched
9346							unmatched
9347							unmatched
9348							unmatched
9349							unmatched
9350							unmatched
9351							unmatched
9352							unmatched
9353							unmatched
9354							unmatched
9355							unmatched
9356							unmatched
9357							unmatched
9358							unmatched
9359							unmatched
9360							unmatched
9361							unmatched
9362							unmatched
9363							unmatched
9364							unmatched
9365							unmatched
9366							unmatched
9367							unmatched
9368							unmatched
9369							unmatched
9370							unmatched
9371	οὗτος	p-p---ng-		οὗτος		p-p---ng-	glaux_only
9372	μέν	g--------		μέν		g--------	glaux_only
9373	ἕνεκα	r--------		ἕνεκα		r--------	glaux_only
9374	οὗτος	p-s---ma-		οὗτος		p-s---ma-	glaux_only
9375	ὁ	l-s---ma-		ὁ		l-s---ma-	glaux_only
9376	τρόπος	n-s---ma-		τρόπος		n-s---ma-	glaux_only
9377	ζάω	v--pna---		ζάω		v--pna---	glaux_only
9378	προαιρέω	v1saim---		προαιρέω		v1saim---	glaux_only
9379	·	u--------		·		u--------	glaux_only
9380	ὁ	l-p---ng-		ὁ		l-p---ng-	glaux_only
9381	δέ	c--------		δέ		c--------	glaux_only
9382	λῆμμα	n-p---ng-		λῆμμα		n-p---ng-	glaux_only
9383	ὁ	l-p---ng-		ὁ		l-p---ng-	glaux_only
9384	παρά	r--------		παρά		r--------	glaux_only
9385	ὁ	l-s---fg-		ὁ		l-s---fg-	glaux_only
9386	πόλις	n-s---fg-		πόλις		n-s---fg-	glaux_only
9387	ἀπέχω	v1saim---		ἀπέχω		v1saim---	glaux_only
9388	δεινός	a-s---na-		δεινός		a-s---na-	glaux_only
9389	ἡγέομαι	v-sapmmn-		ἡγέομαι		v-sapmmn-	glaux_only
9390	,	u--------		,		u--------	glaux_only
9391	εἰ	c--------		εἰ		c--------	glaux_only
9392	δύναμαι	v-sppmmn-		δύναμαι		v-sppmmn-	glaux_only
9393	ἐκ	r--------		ἐκ		r--------	glaux_only
9394	ὁ	l-p---ng-		ὁ		l-p---ng-	glaux_only
9395	ἴδιος	a-p---ng-		ἴδιος		a-p---ng-	glaux_only
9396	τρέφω	v--pna---		τρέφω		v--pna---	glaux_only
9397	ἐμαυτοῦ	p-s---ma-		ἐμαυτοῦ		p-s---ma-	glaux_only
9398	ἐμποδών	d--------		ἐμποδών		d--------	glaux_only
9399	τις	p-s---cd-		τις		p-s---cd-	glaux_only
9400	γίγνομαι	v1sfim---		γίγνομαι		v1sfim---	glaux_only
9401	ὁ	l-p---mg-		ὁ		l-p---mg-	glaux_only
9402	ἐντεῦθεν	d--------		ἐντεῦθεν		d--------	glaux_only
9403	ζάω	v--pna---		ζάω		v--pna---	glaux_only
9404	ἀναγκάζω	v-prpmmg-		ἀναγκάζω		v-prpmmg-	glaux_only
9405	,	u--------		,		u--------	glaux_only
9406	καί	c--------		καί		c--------	glaux_only
9407	διά	r--------		διά		r--------	glaux_only
9408	ὁ	l-s---fa-		ὁ		l-s---fa-	glaux_only
9409	ἐμός	a-s---fa-		ἐμός		a-s---fa-	glaux_only
9410	παρουσία	n-s---fa-		παρουσία		n-s---fa-	glaux_only
9411	ἐνδεής	a-s---mn-		ἐνδεής		a-s---mn-	glaux_only
9412	τις	p-s---cn-		τις		p-s---cn-	glaux_only
9413	γίγνομαι	v3sfim---		γίγνομαι		v3sfim---	glaux_only
9414	ὁ	l-p---ng-		ὁ		l-p---ng-	glaux_only
9415	ἀναγκαῖος	a-p---ng-		ἀναγκαῖος		a-p---ng-	glaux_only
9416	.	u--------		.		u--------	glaux_only
9417	ὑπέρ	r--------		ὑπέρ		r--------	glaux_only
9418	ὅς	p-p---ng-		ὅς		p-p---ng-	glaux_only
9419	ἔπαινος	n-s---mg-		ἔπαινος		n-s---mg-	glaux_only
9420	τυγχάνω	v--pna---		τυγχάνω		v--pna---	glaux_only
9421	ἄξιος	a-s---mn-		ἄξιος		a-s---mn-	glaux_only
9422	εἰμί	v3siia---		εἰμί		v3siia---	glaux_only
9423	μάλα	d-------c		μάλα		d-------c	glaux_only
9424	ἤ	c--------		ἤ		c--------	glaux_only
9425	διαβολή	n-s---fg-		διαβολή		n-s---fg-	glaux_only
9426	.	u--------		.		u--------	glaux_only
9427	νῦν	d--------		νῦν		d--------	glaux_only
9428	δέ	c--------		δέ		c--------	glaux_only
9429	εἰς	r--------		εἰς		r--------	glaux_only
9430	πολύς	a-s---fa-		πολύς		a-s---fa-	glaux_only
9431	ἀπορία	n-s---fa-		ἀπορία		n-s---fa-	glaux_only
9432	καθίστημι	v1sria---		καθίστημι		v1sria---	glaux_only
9433	,	u--------		,		u--------	glaux_only
9434	τίς	p-s---na-		τίς		p-s---na-	glaux_only
9435	δράω	v-sppamn-		δράω		v-sppamn-	glaux_only
9436	ἀρέσκω	v--ana---		ἀρέσκω		v--ana---	glaux_only
9437	δύναμαι	v1saop---		δύναμαι		v1saop---	glaux_only
9438	ἄν	g--------		ἄν		g--------	glaux_only
9439	ὁ	l-p---md-		ὁ		l-p---md-	glaux_only
9440	τοιοῦτος	p-p---md-		τοιοῦτος		p-p---md-	glaux_only
9441	.	u--------		.		u--------	glaux_only
9442	εἰ	c--------		εἰ		c--------	glaux_only
9443	γάρ	g--------		γάρ		g--------	glaux_only
9444	ἅπας	p-s---ma-		ἅπας		p-s---ma-	glaux_only
9445	ὁ	l-s---ma-		ὁ		l-s---ma-	glaux_only
9446	χρόνος	n-s---ma-		χρόνος		n-s---ma-	glaux_only
9447	ἔργον	n-s---na-		ἔργον		n-s---na-	glaux_only
9448	ποιέω	v-sppmmn-		ποιέω		v-sppmmn-	glaux_only
9449	ὅπως	c--------		ὅπως		c--------	glaux_only
9450	μηδείς	p-s---ma-		μηδείς		p-s---ma-	glaux_only
9451							unmatched
9452	ἀδικέω	v1sasa---		ἀδικέω		v1sasa---	glaux_only
9453							unmatched
9454	ἐνοχλέω	v1sfia---		ἐνοχλέω		v1sfia---	glaux_only
9455	μή	d--------		μή		d--------	glaux_only
9456							unmatched
9457							unmatched
9458							unmatched
9459							unmatched
9460							unmatched
9461							unmatched
9462							unmatched
9463							unmatched
9464							unmatched
9465	τίς	p-s---nn-		τίς		p-s---nn-	glaux_only
9466							unmatched
9467							unmatched
9468							unmatched
9469							unmatched
9470							unmatched
9471							unmatched
9472							unmatched
9473							unmatched
9474							unmatched
9475							unmatched
9476							unmatched
9477							unmatched
9478							unmatched
9479	ὁ	l-p---ma-	ὁ		l-p---ma-		oga_only
9480							unmatched
9481							unmatched
9482							unmatched
9483							unmatched
9484							unmatched
9485							unmatched
9486							unmatched
9487							unmatched
9488							unmatched
9489							unmatched
9490	πρός	r--------		πρός		r--------	glaux_only
9491	μέν	g--------	μέν	μέν	d--------	g--------	
9492	οὖν	g--------	οὖν	οὖν	d--------	g--------	
9493	ὁ	l-p---ma-		ὁ		l-p---ma-	glaux_only
9494	μηδείς	p-s---na-		μηδείς		p-s---na-	glaux_only
9495	ὁ	l-p---ng-	ὁ	ὁ	l-p---ng-	l-p---ng-	
9496	αὐτός	p-p---ng-		αὐτός		p-p---ng-	glaux_only
9497	ὁ	l-p---md-		ὁ		l-p---md-	glaux_only
9498	ἄλλος	p-p---md-		ἄλλος		p-p---md-	glaux_only
9499	γιγνώσκω	v-pppama-		γιγνώσκω		v-pppama-	glaux_only
9500	,	u--------		,		u--------	glaux_only
9501	ἀλλά	c--------		ἀλλά		c--------	glaux_only
9502	χαλεπός	a-p---mac		χαλεπός		a-p---mac	glaux_only
9503	εἰμί	v-pppama-		εἰμί		v-pppama-	glaux_only
9504	ὁ	l-p---md-		ὁ		l-p---md-	glaux_only
9505	μή	d--------		μή		d--------	glaux_only
9506	κακός	d--------		κακός		d--------	glaux_only
9507	πράσσω	v-pppamd-		πράσσω		v-pppamd-	glaux_only
9508	ἤ	c--------		ἤ		c--------	glaux_only
9509	ὁ	l-p---md-		ὁ		l-p---md-	glaux_only
9510	ἀδικέω	v-pppamd-		ἀδικέω		v-pppamd-	glaux_only
9511	,	u--------		,		u--------	glaux_only
9512	μωρός	a-s---nn-		μωρός		a-s---nn-	glaux_only
9513	εἰμί	v3spia---		εἰμί		v3spia---	glaux_only
9514	ἀπολογία	n-s---fa-		ἀπολογία		n-s---fa-	glaux_only
9515	ζητέω	v--pna---		ζητέω		v--pna---	glaux_only
9516	·	u--------		·		u--------	glaux_only
9517	ὅσος	p-d---ma-		ὅσος		p-d---ma-	glaux_only
9518	γάρ	g--------		γάρ		g--------	glaux_only
9519	ἄν	g--------		ἄν		g--------	glaux_only
9520	τις	p-s---cn-		τις		p-s---cn-	glaux_only
9521	ἐπιεικής	a-s---mac		ἐπιεικής		a-s---mac	glaux_only
9522	ἑαυτοῦ	p-s---ma-		ἑαυτοῦ		p-s---ma-	glaux_only
9523	ἐπιδείκνυμι	v3sasa---		ἐπιδείκνυμι		v3sasa---	glaux_only
9524	,	u--------		,		u--------	glaux_only
9525	δῆλος	a-s---nn-		δῆλος		a-s---nn-	glaux_only
9526	ὅτι	c--------		ὅτι		c--------	glaux_only
9527	τοσοῦτος	a-d---ma-		τοσοῦτος		a-d---ma-	glaux_only
9528	κακός	a-s---nac		κακός		a-s---nac	glaux_only
9529	ἀγωνίζομαι	v3sfim---		ἀγωνίζομαι		v3sfim---	glaux_only
9530	παρά	r--------		παρά		r--------	glaux_only
9531	αὐτός	p-p---md-		αὐτός		p-p---md-	glaux_only
9532	·	u--------		·		u--------	glaux_only
9533	πρός	r--------	πρός	πρός	r--------	r--------	
9534	δέ	c--------		δέ		c--------	glaux_only
9535	ὁ	l-p---ma-		ὁ		l-p---ma-	glaux_only
9536	ἄλλος	p-p---ma-		ἄλλος		p-p---ma-	glaux_only
9537	,	u--------		,		u--------	glaux_only
9538	περί	r--------		περί		r--------	glaux_only
9539	ὅς	p-p---mg-		ὅς		p-p---mg-	glaux_only
9540	Λυσίμαχος	n-s---mn-		Λυσίμαχος		n-s---mn-	glaux_only
9541	διαβάλλω	v3saia---		διαβάλλω		v3saia---	glaux_only
9542	,	u--------		,		u--------	glaux_only
9543	ὡς	c--------		ὡς		c--------	glaux_only
9544	παμπληθής	a-s---fa-		παμπληθής		a-s---fa-	glaux_only
9545	κτάομαι	v1prim---		κτάομαι		v1prim---	glaux_only
9546	ὁ	l-s---fa-		ὁ		l-s---fa-	glaux_only
9547	οὐσία	n-s---fa-		οὐσία		n-s---fa-	glaux_only
9548	,	u--------		,		u--------	glaux_only
9549	ἀναγκαῖος	a-s---nn-		ἀναγκαῖος		a-s---nn-	glaux_only
9550	εἰμί	v3spia---		εἰμί		v3spia---	glaux_only
9551	λέγω	v--ana---		λέγω		v--ana---	glaux_only
9552	,	u--------		,		u--------	glaux_only
9553	ἵνα	c--------		ἵνα		c--------	glaux_only
9554	μή	d--------		μή		d--------	glaux_only
9555	πιστεύω	v-sappmn-		πιστεύω		v-sappmn-	glaux_only
9556	ὁ	l-s---mn-		ὁ		l-s---mn-	glaux_only
9557	λόγος	n-s---mn-		λόγος		n-s---mn-	glaux_only
9558	εἰς	r--------		εἰς		r--------	glaux_only
9559	μέγας	a-p---fac		μέγας		a-p---fac	glaux_only
9560	καί	c--------	καί	καί	c--------	c--------	
9561	πολύς	a-p---fac		πολύς		a-p---fac	glaux_only
9562	ἐγώ	p-p---ca-		ἐγώ		p-p---ca-	glaux_only
9563	ἐμβάλλω	v3sasa---		ἐμβάλλω		v3sasa---	glaux_only
9564	λειτουργία	n-p---fa-		λειτουργία		n-p---fa-	glaux_only
9565	ὅς	p-p---fg-		ὅς		p-p---fg-	glaux_only
9566	ὑποφέρω	v--ana---		ὑποφέρω		v--ana---	glaux_only
9567	ἄν	g--------		ἄν		g--------	glaux_only
9568	δύναμαι	v1paop---		δύναμαι		v1paop---	glaux_only
9569	.	u--------		.		u--------	glaux_only
9570	ὅλος	d--------		ὅλος		d--------	glaux_only
9571	μέν	g--------		μέν		g--------	glaux_only
9572	οὖν	g--------		οὖν		g--------	glaux_only
9573	οὐδείς	p-s---mn-		οὐδείς		p-s---mn-	glaux_only
9574	εὑρίσκω	v3sfip---		εὑρίσκω		v3sfip---	glaux_only
9575	ὁ	l-p---mg-	ὁ	ὁ	l-p---mg-	l-p---mg-	
9576	καλέω	v-pfpmmg-		καλέω		v-pfpmmg-	glaux_only
9577	σοφιστής	n-p---mg-		σοφιστής		n-p---mg-	glaux_only
9578	πολύς	a-p---na-		πολύς		a-p---na-	glaux_only
9579	χρῆμα	n-p---na-		χρῆμα		n-p---na-	glaux_only
9580	συλλέγω	v-sapmmn-		συλλέγω		v-sapmmn-	glaux_only
9581	,	u--------		,		u--------	glaux_only
9582	ἀλλά	c--------		ἀλλά		c--------	glaux_only
9583	ὁ	l-p---mn-		ὁ		l-p---mn-	glaux_only
9584	μέν	g--------		μέν		g--------	glaux_only
9585	ἐν	r--------		ἐν		r--------	glaux_only
9586	ὀλίγος	a-p---md-		ὀλίγος		a-p---md-	glaux_only
9587	ὁ	l-p---mn-		ὁ		l-p---mn-	glaux_only
9588	δέ	c--------		δέ		c--------	glaux_only
9589	ἐν	r--------		ἐν		r--------	glaux_only
9590	πάνυ	d--------		πάνυ		d--------	glaux_only
9591	μέτριος	a-p---md-		μέτριος		a-p---md-	glaux_only
9592	ὁ	l-s---ma-		ὁ		l-s---ma-	glaux_only
9593	βίος	n-s---ma-		βίος		n-s---ma-	glaux_only
9594	διάγω	v-papamn-		διάγω		v-papamn-	glaux_only
9595	·	u--------		·		u--------	glaux_only
9596	ὁ	l-s---mn-		ὁ		l-s---mn-	glaux_only
9597	δέ	c--------	δέ	δέ	c--------	c--------	
9598	πολύς	a-p---nas		πολύς		a-p---nas	glaux_only
9599	κτάομαι	v-sapmmn-		κτάομαι		v-sapmmn-	glaux_only
9600	ὅς	p-p---ng-		ὅς		p-p---ng-	glaux_only
9601	ἐγώ	p-p---cn-		ἐγώ		p-p---cn-	glaux_only
9602	μνημονεύω	v1ppia---		μνημονεύω		v1ppia---	glaux_only
9603	,	u--------		,		u--------	glaux_only
9604	Γοργίας	n-s---mn-		Γοργίας		n-s---mn-	glaux_only
9605	ὁ	l-s---mn-		ὁ		l-s---mn-	glaux_only
9606	Λεοντῖνος	n-s---mn-		Λεοντῖνος		n-s---mn-	glaux_only
9607	,	u--------		,		u--------	glaux_only
9608	οὗτος	p-s---mn-		οὗτος		p-s---mn-	glaux_only
9609	διατρίβω	v-sapamn-		διατρίβω		v-sapamn-	glaux_only
9610	μέν	g--------		μέν		g--------	glaux_only
9611	περί	r--------		περί		r--------	glaux_only
9612	Θεσσαλία	n-s---fa-		Θεσσαλία		n-s---fa-	glaux_only
9613	,	u--------		,		u--------	glaux_only
9614	ὅτε	c--------		ὅτε		c--------	glaux_only
9615	εὐδαίμων	a-p---mns		εὐδαίμων		a-p---mns	glaux_only
9616	ὁ	l-p---mg-		ὁ		l-p---mg-	glaux_only
9617	Ἕλλην	n-p---mg-		Ἕλλην		n-p---mg-	glaux_only
9618	εἰμί	v3piia---		εἰμί		v3piia---	glaux_only
9619	,	u--------		,		u--------	glaux_only
9620	πολύς	a-s---mas		πολύς		a-s---mas	glaux_only
9621	δέ	c--------		δέ		c--------	glaux_only
9622	χρόνος	n-s---ma-		χρόνος		n-s---ma-	glaux_only
9623	βιόω	v-sapamn-		βιόω		v-sapamn-	glaux_only
9624	καί	c--------	καί	καί	c--------	c--------	
9625	περί	r--------		περί		r--------	glaux_only
9626	ὁ	l-s---ma-		ὁ		l-s---ma-	glaux_only
9627	χρηματισμός	n-s---ma-		χρηματισμός		n-s---ma-	glaux_only
9628	οὗτος	p-s---ma-		οὗτος		p-s---ma-	glaux_only
9629	γίγνομαι	v-sapmmn-		γίγνομαι		v-sapmmn-	glaux_only
9630	,	u--------	,	,	u--------	u--------	
9631	πόλις	n-s---fa-		πόλις		n-s---fa-	glaux_only
9632	δέ	c--------		δέ		c--------	glaux_only
9633	οὐδείς	p-s---fa-		οὐδείς		p-s---fa-	glaux_only
9634	καταπάγιος	d--------		καταπάγιος		d--------	glaux_only
9635	οἰκέω	v-sapamn-		οἰκέω		v-sapamn-	glaux_only
9636	οὐ	d--------		οὐ		d--------	glaux_only
9637							unmatched
9638							unmatched
9639							unmatched
9640							unmatched
9641							unmatched
9642							unmatched
9643							unmatched
9644							unmatched
9645							unmatched
9646							unmatched
9647							unmatched
9648							unmatched
9649							unmatched
9650							unmatched
9651							unmatched
9652							unmatched
9653							unmatched
9654							unmatched
9655							unmatched
9656							unmatched
9657							unmatched
9658							unmatched
9659							unmatched
9660	ἀλλά	c--------	ἀλλά		c--------		oga_only
9661							unmatched
9662							unmatched
9663	καί	c--------	καί	καί	c--------	c--------	
9664							unmatched
9665							unmatched
9666							unmatched
9667							unmatched
9668							unmatched
9669							unmatched
9670							unmatched
9671							unmatched
9672							unmatched
9673							unmatched
9674							unmatched
9675							unmatched
9676							unmatched
9677							unmatched
9678							unmatched
9679							unmatched
9680	,	u--------	,		u--------		oga_only
9681							unmatched
9682							unmatched
9683							unmatched
9684							unmatched
9685							unmatched
9686	καί	c--------	καί	καί	d--------	c--------	
9687	τοι	g--------		τοι		g--------	glaux_only
9688	χρή	v3spia---		χρή		v3spia---	glaux_only
9689	περί	r--------		περί		r--------	glaux_only
9690	ὁ	l-s---fg-		ὁ		l-s---fg-	glaux_only
9691	οὐσία	n-s---fg-		οὐσία		n-s---fg-	glaux_only
9692	ὁ	l-s---fg-		ὁ		l-s---fg-	glaux_only
9693	ἀλλήλων	p-p---mg-		ἀλλήλων		p-p---mg-	glaux_only
9694	μή	d--------		μή		d--------	glaux_only
9695	ὁ	l-p---md-		ὁ		l-p---md-	glaux_only
9696	αἰτιάομαι	v-pppmmd-		αἰτιάομαι		v-pppmmd-	glaux_only
9697	εἰκῇ	d--------		εἰκῇ		d--------	glaux_only
9698	πιστεύω	v--pna---		πιστεύω		v--pna---	glaux_only
9699	,	u--------		,		u--------	glaux_only
9700	μή	d--------		μή		d--------	glaux_only
9701							unmatched
9702	ὁ	l-p---fa-		ὁ		l-p---fa-	glaux_only
9703							unmatched
9704							unmatched
9705							unmatched
9706	ὁ	l-p---fa-		ὁ		l-p---fa-	glaux_only
9707							unmatched
9708							unmatched
9709							unmatched
9710	καί	d--------	καί		d--------		oga_only
9711							unmatched
9712							unmatched
9713							unmatched
9714							unmatched
9715							unmatched
9716	ὁ	l-p---ma-		ὁ		l-p---ma-	glaux_only
9717	ἐν	r--------		ἐν		r--------	glaux_only
9718							unmatched
9719							unmatched
9720							unmatched
9721							unmatched
9722							unmatched
9723							unmatched
9724							unmatched
9725							unmatched
9726	καί	d--------	καί		d--------		oga_only
9727							unmatched
9728							unmatched
9729							unmatched
9730							unmatched
9731							unmatched
9732							unmatched
9733							unmatched
9734	καί	c--------	καί		c--------		oga_only
9735							unmatched
9736							unmatched
9737							unmatched
9738							unmatched
9739							unmatched
9740	ἐάν	c--------		ἐάν		c--------	glaux_only
9741	οὖν	g--------		οὖν		g--------	glaux_only
9742	ἐξισόω	v2pasa---		ἐξισόω		v2pasa---	glaux_only
9743	ἐγώ	p-s---ca-		ἐγώ		p-s---ca-	glaux_only
9744	ὁ	l-s---nd-		ὁ		l-s---nd-	glaux_only
9745	πολύς	a-s---nas		πολύς		a-s---nas	glaux_only
9746	ἐξεργάζομαι	v-srpmmd-		ἐξεργάζομαι		v-srpmmd-	glaux_only
9747	καί	c--------	καί	καί	c--------	c--------	
9748	τίθημι	v2pasa---		τίθημι		v2pasa---	glaux_only
9749	πρός	r--------		πρός		r--------	glaux_only
9750	ἐκεῖνος	p-s---ma-		ἐκεῖνος		p-s---ma-	glaux_only
9751	,	u--------		,		u--------	glaux_only
9752							unmatched
9753	σύ	p-p---cn-		σύ		p-p---cn-	glaux_only
9754	παντάπασι	d--------		παντάπασι		d--------	glaux_only
9755	ἄσκεπτος	d--------		ἄσκεπτος		d--------	glaux_only
9756	εἰκάζω	v--pna---		εἰκάζω		v--pna---	glaux_only
9757	δοκέω	v2pfia---		δοκέω		v2pfia---	glaux_only
9758	περί	r--------		περί		r--------	glaux_only
9759	ὁ	l-p---ng-		ὁ		l-p---ng-	glaux_only
9760	τοιοῦτος	p-p---ng-		τοιοῦτος		p-p---ng-	glaux_only
9761	,	u--------		,		u--------	glaux_only
9762							unmatched
9763	ἐγώ	p-p---cn-		ἐγώ		p-p---cn-	glaux_only
9764	εὑρίσκω	v1paop---		εὑρίσκω		v1paop---	glaux_only
9765	ἄν	g--------		ἄν		g--------	glaux_only
9766	οὐ	d--------		οὐ		d--------	glaux_only
9767							unmatched
9768	ὁ	l-p---na-		ὁ		l-p---na-	glaux_only
9769	περί	r--------		περί		r--------	glaux_only
9770							unmatched
9771							unmatched
9772							unmatched
9773							unmatched
9774							unmatched
9775							unmatched
9776							unmatched
9777							unmatched
9778							unmatched
9779							unmatched
9780							unmatched
9781							unmatched
9782							unmatched
9783							unmatched
9784							unmatched
9785							unmatched
9786							unmatched
9787							unmatched
9788							unmatched
9789							unmatched
9790							unmatched
9791							unmatched
9792							unmatched
9793							unmatched
9794							unmatched
9795							unmatched
9796							unmatched
9797							unmatched
9798							unmatched
9799							unmatched
9800							unmatched
9801							unmatched
9802							unmatched
9803							unmatched
9804							unmatched
9805							unmatched
9806	ἐνθυμέομαι	v1spim---		ἐνθυμέομαι		v1spim---	glaux_only
9807	δέ	c--------		δέ		c--------	glaux_only
9808	μεταξύ	r--------		μεταξύ		r--------	glaux_only
9809	λέγω	v-sppamn-		λέγω		v-sppamn-	glaux_only
9810	,	u--------		,		u--------	glaux_only
9811	ὅσος	p-s---na-		ὅσος		p-s---na-	glaux_only
9812	ὁ	l-p---nn-		ὁ		l-p---nn-	glaux_only
9813	ὁ	l-s---fg-		ὁ		l-s---fg-	glaux_only
9814	πόλις	n-s---fg-		πόλις		n-s---fg-	glaux_only
9815	μεταπίπτω	v3sria---		μεταπίπτω		v3sria---	glaux_only
9816	,	u--------		,		u--------	glaux_only
9817	καί	c--------	καί	καί	c--------	c--------	
9818	ὁ	l-p---fa-		ὁ		l-p---fa-	glaux_only
9819	διάνοια	n-p---fa-		διάνοια		n-p---fa-	glaux_only
9820	ὡς	c--------		ὡς		c--------	glaux_only
9821	οὐδείς	p-s---na-		οὐδείς		p-s---na-	glaux_only
9822	ὅμοιος	a-p---fa-		ὅμοιος		a-p---fa-	glaux_only
9823	περί	r--------		περί		r--------	glaux_only
9824	ὁ	l-p---ng-	ὁ	ὁ	l-p---mg-	l-p---ng-	
9825	πρᾶγμα	n-p---ng-		πρᾶγμα		n-p---ng-	glaux_only
9826	ὁ	l-p---mn-		ὁ		l-p---mn-	glaux_only
9827	νῦν	d--------		νῦν		d--------	glaux_only
9828	ὁ	l-p---md-		ὁ		l-p---md-	glaux_only
9829	πρότερος	d-------c		πρότερος		d-------c	glaux_only
9830	πολιτεύω	v-prpmmd-		πολιτεύω		v-prpmmd-	glaux_only
9831	ἔχω	v3ppia---		ἔχω		v3ppia---	glaux_only
9832	.	u--------		.		u--------	glaux_only
9833	ὅτε	c--------		ὅτε		c--------	glaux_only
9834	μέν	g--------		μέν		g--------	glaux_only
9835	γάρ	g--------		γάρ		g--------	glaux_only
9836	ἐγώ	p-s---cn-		ἐγώ		p-s---cn-	glaux_only
9837	παῖς	n-s---cn-		παῖς		n-s---cn-	glaux_only
9838	εἰμί	v1siia---		εἰμί		v1siia---	glaux_only
9839	,	u--------		,		u--------	glaux_only
9840	οὕτως	d--------		οὕτως		d--------	glaux_only
9841	νομίζω	v3siim---		νομίζω		v3siim---	glaux_only
9842	ὁ	l-s---na-		ὁ		l-s---na-	glaux_only
9843	πλουτέω	v--pna---		πλουτέω		v--pna---	glaux_only
9844	ἀσφαλής	a-s---na-		ἀσφαλής		a-s---na-	glaux_only
9845	εἰμί	v--pna---		εἰμί		v--pna---	glaux_only
9846	καί	c--------		καί		c--------	glaux_only
9847	σεμνός	a-s---na-		σεμνός		a-s---na-	glaux_only
9848	ὥστε	c--------		ὥστε		c--------	glaux_only
9849	ὀλίγος	a-s---ng-		ὀλίγος		a-s---ng-	glaux_only
9850	δέω	v--pna---		δέω		v--pna---	glaux_only
9851	πᾶς	p-p---mn-		πᾶς		p-p---mn-	glaux_only
9852	προσποιέω	v3piim---		προσποιέω		v3piim---	glaux_only
9853	πολύς	a-s---fac		πολύς		a-s---fac	glaux_only
9854	κτάομαι	v--rnm---		κτάομαι		v--rnm---	glaux_only
9855	ὁ	l-s---fa-	ὁ	ὁ	l-s---fa-	l-s---fa-	
9856	οὐσία	n-s---fa-		οὐσία		n-s---fa-	glaux_only
9857	ὅς	p-s---fg-		ὅς		p-s---fg-	glaux_only
9858	ἔχω	v-pppamn-		ἔχω		v-pppamn-	glaux_only
9859	τυγχάνω	v3piia---		τυγχάνω		v3piia---	glaux_only
9860	,	u--------		,		u--------	glaux_only
9861	βούλομαι	v-pppmmn-		βούλομαι		v-pppmmn-	glaux_only
9862	μετέχω	v--ana---		μετέχω		v--ana---	glaux_only
9863	ὁ	l-s---fg-		ὁ		l-s---fg-	glaux_only
9864	δόξα	n-s---fg-		δόξα		n-s---fg-	glaux_only
9865	οὗτος	p-s---fg-		οὗτος		p-s---fg-	glaux_only
9866	·	u--------		·		u--------	glaux_only
9867	νῦν	d--------		νῦν		d--------	glaux_only
9868	δέ	c--------	δέ	δέ	d--------	c--------	
9869	ὑπέρ	r--------		ὑπέρ		r--------	glaux_only
9870	ὁ	l-s---ng-		ὁ		l-s---ng-	glaux_only
9871	μή	d--------		μή		d--------	glaux_only
9872	πλουτέω	v--pna---		πλουτέω		v--pna---	glaux_only
9873	ὥσπερ	c--------		ὥσπερ		c--------	glaux_only
9874	ὁ	l-p---ng-		ὁ		l-p---ng-	glaux_only
9875	μέγας	a-p---ngs		μέγας		a-p---ngs	glaux_only
9876	ἀδίκημα	n-p---ng-		ἀδίκημα		n-p---ng-	glaux_only
9877	ἀπολογία	n-s---fa-		ἀπολογία		n-s---fa-	glaux_only
9878	δέω	v3spia---		δέω		v3spia---	glaux_only
9879	παρασκευάζω	v--pnm---		παρασκευάζω		v--pnm---	glaux_only
9880	καί	c--------		καί		c--------	glaux_only
9881	σκοπέω	v--pna---		σκοπέω		v--pna---	glaux_only
9882	,	u--------		,		u--------	glaux_only
9883	εἰ	c--------		εἰ		c--------	glaux_only
9884	μέλλω	v3spia---		μέλλω		v3spia---	glaux_only
9885	τις	p-s---cn-		τις		p-s---cn-	glaux_only
9886	σῴζω	v--fnp---		σῴζω		v--fnp---	glaux_only
9887	.	u--------		.		u--------	glaux_only
9888	πολύς	a-s---na-		πολύς		a-s---na-	glaux_only
9889	γάρ	g--------		γάρ		g--------	glaux_only
9890	δεινός	a-s---nnc		δεινός		a-s---nnc	glaux_only
9891	καθίστημι	v3sria---		καθίστημι		v3sria---	glaux_only
9892	ὁ	l-s---nn-		ὁ		l-s---nn-	glaux_only
9893	δοκέω	v--pna---		δοκέω		v--pna---	glaux_only
9894	εὐπορέω	v--pna---		εὐπορέω		v--pna---	glaux_only
9895	ἤ	c--------		ἤ		c--------	glaux_only
9896	ὁ	l-s---nn-		ὁ		l-s---nn-	glaux_only
9897	φανερός	d--------		φανερός		d--------	glaux_only
9898	ἀδικέω	v--pna---		ἀδικέω		v--pna---	glaux_only
9899	·	u--------		·		u--------	glaux_only
9900	ὁ	l-p---mn-		ὁ		l-p---mn-	glaux_only
9901	μέν	g--------		μέν		g--------	glaux_only
9902	γάρ	g--------		γάρ		g--------	glaux_only
9903	ἤ	c--------		ἤ		c--------	glaux_only
9904	συγγνώμη	n-s---fg-		συγγνώμη		n-s---fg-	glaux_only
9905	τυγχάνω	v3paia---		τυγχάνω		v3paia---	glaux_only
9906	ἤ	c--------		ἤ		c--------	glaux_only
9907	μικρός	a-p---nd-		μικρός		a-p---nd-	glaux_only
9908	ζημιόω	v3paip---		ζημιόω		v3paip---	glaux_only
9909	,	u--------		,		u--------	glaux_only
9910	ὁ	l-p---mn-		ὁ		l-p---mn-	glaux_only
9911	δέ	c--------		δέ		c--------	glaux_only
9912	ἄρδην	d--------		ἄρδην		d--------	glaux_only
9913	ἀπόλλυμι	v3ppim---		ἀπόλλυμι		v3ppim---	glaux_only
9914	,	u--------		,		u--------	glaux_only
9915	καί	c--------		καί		c--------	glaux_only
9916	πολύς	a-p---mac		πολύς		a-p---mac	glaux_only
9917	ἄν	g--------		ἄν		g--------	glaux_only
9918	εὑρίσκω	v1paoa---		εὑρίσκω		v1paoa---	glaux_only
9919	ὁ	l-p---ma-		ὁ		l-p---ma-	glaux_only
9920	ἐκ	r--------		ἐκ		r--------	glaux_only
9921	ὁ	l-p---ng-		ὁ		l-p---ng-	glaux_only
9922	εἰμί	v-pppang-		εἰμί		v-pppang-	glaux_only
9923	ἐκπίπτω	v-prpama-		ἐκπίπτω		v-prpama-	glaux_only
9924	ἤ	c--------		ἤ		c--------	glaux_only
9925	ὁ	l-p---ma-		ὁ		l-p---ma-	glaux_only
9926	δίκη	n-s---fa-		δίκη		n-s---fa-	glaux_only
9927	ὑπέρ	r--------		ὑπέρ		r--------	glaux_only
9928	ὁ	l-p---ng-		ὁ		l-p---ng-	glaux_only
9929	ἁμάρτημα	n-p---ng-		ἁμάρτημα		n-p---ng-	glaux_only
9930	δίδωμι	v-prpama-		δίδωμι		v-prpama-	glaux_only
9931	.	u--------		.		u--------	glaux_only
9932	καί	c--------		καί		c--------	glaux_only
9933	τίς	p-s---na-	τις	τίς	a-s---na-	p-s---na-	
9934	δέω	v3spia---		δέω		v3spia---	glaux_only
9935	λέγω	v--pna---		λέγω		v--pna---	glaux_only
9936	περί	r--------		περί		r--------	glaux_only
9937	ὁ	l-p---ng-		ὁ		l-p---ng-	glaux_only
9938	κοινός	a-p---ng-		κοινός		a-p---ng-	glaux_only
9939	;	u--------		;		u--------	glaux_only
9940	αὐτός	p-s---mn-		αὐτός		p-s---mn-	glaux_only
9941	γάρ	g--------		γάρ		g--------	glaux_only
9942	οὐ	d--------		οὐ		d--------	glaux_only
9943	μικρός	a-s---na-		μικρός		a-s---na-	glaux_only
9944	διαμαρτάνω	v1saia---		διαμαρτάνω		v1saia---	glaux_only
9945	διά	r--------		διά		r--------	glaux_only
9946	οὗτος	p-s---fa-		οὗτος		p-s---fa-	glaux_only
9947	ὁ	l-s---fa-		ὁ		l-s---fa-	glaux_only
9948	μεταβολή	n-s---fa-		μεταβολή		n-s---fa-	glaux_only
9949	ὁ	l-p---ng-		ὁ		l-p---ng-	glaux_only
9950	ἐμαυτοῦ	p-s---mg-		ἐμαυτοῦ		p-s---mg-	glaux_only
9951	πρᾶγμα	n-p---ng-		πρᾶγμα		n-p---ng-	glaux_only
9952	.	u--------		.		u--------	glaux_only
9953	ὅτε	c--------		ὅτε		c--------	glaux_only
9954	γάρ	g--------		γάρ		g--------	glaux_only
9955	ἐπαμύνω	v--pna---		ἐπαμύνω		v--pna---	glaux_only
9956	ἄρχω	v1siim---		ἄρχω		v1siim---	glaux_only
9957	ὁ	l-p---md-		ὁ		l-p---md-	glaux_only
9958	ἴδιος	a-p---md-		ἴδιος		a-p---md-	glaux_only
9959	,	u--------		,		u--------	glaux_only
9960	ἀπόλλυμι	v-papmng-		ἀπόλλυμι		v-papmng-	glaux_only
9961	ἐν	r--------		ἐν		r--------	glaux_only
9962	ὁ	l-s---md-		ὁ		l-s---md-	glaux_only
9963	πόλεμος	n-s---md-		πόλεμος		n-s---md-	glaux_only
9964	ὁ	l-s---md-		ὁ		l-s---md-	glaux_only
9965	πρός	r--------		πρός		r--------	glaux_only
9966	Λακεδαιμόνιος	a-p---ma-		Λακεδαιμόνιος		a-p---ma-	glaux_only
9967	ἅπας	p-p---ng-		ἅπας		p-p---ng-	glaux_only
9968	ὁ	l-p---ng-		ὁ		l-p---ng-	glaux_only
9969	ὑπάρχω	v-pppang-		ὑπάρχω		v-pppang-	glaux_only
9970	ἐγώ	p-p---cd-		ἐγώ		p-p---cd-	glaux_only
9971	,	u--------		,		u--------	glaux_only
9972	ἀπό	r--------		ἀπό		r--------	glaux_only
9973	ὅς	p-p---ng-		ὅς		p-p---ng-	glaux_only
9974	ὁ	l-s---mn-		ὁ		l-s---mn-	glaux_only
9975	πατήρ	n-s---mn-		πατήρ		n-s---mn-	glaux_only
9976	ἅμα	d--------		ἅμα		d--------	glaux_only
9977	ὁ	l-s---fd-		ὁ		l-s---fd-	glaux_only
9978	τε	c--------		τε		c--------	glaux_only
9979	πόλις	n-s---fd-		πόλις		n-s---fd-	glaux_only
9980	χρήσιμος	a-s---ma-		χρήσιμος		a-s---ma-	glaux_only
9981	ἑαυτοῦ	p-s---ma-		ἑαυτοῦ		p-s---ma-	glaux_only
9982	παρέχω	v3siia---		παρέχω		v3siia---	glaux_only
9983	,	u--------		,		u--------	glaux_only
9984	ἐγώ	p-p---ca-		ἐγώ		p-p---ca-	glaux_only
9985	τε	c--------		τε		c--------	glaux_only
9986	οὕτως	d--------		οὕτως		d--------	glaux_only
9987	ἐπιμελής	d--------		ἐπιμελής		d--------	glaux_only
9988	παιδεύω	v3saia---		παιδεύω		v3saia---	glaux_only
9989	ὥστε	c--------		ὥστε		c--------	glaux_only
9990	ἐπιφανής	a-s---mac		ἐπιφανής		a-s---mac	glaux_only
9991	εἰμί	v--pna---		εἰμί		v--pna---	glaux_only
9992	ἐγώ	p-s---ca-		ἐγώ		p-s---ca-	glaux_only
9993	τότε	d--------		τότε		d--------	glaux_only
9994	καί	c--------		καί		c--------	glaux_only
9995	γνώριμος	a-s---mac		γνώριμος		a-s---mac	glaux_only
9996	ἐν	r--------	ἐν	ἐν	r--------	r--------	
9997	ὁ	l-p---md-	ὁ	ὁ	l-p---nd-	l-p---md-	
9998	ἡλικιώτης	n-p---md-		ἡλικιώτης		n-p---md-	glaux_only
9999	καί	c--------		καί		c--------	glaux_only
10000	συμπαιδεύω	v-pppmmd-		συμπαιδεύω		v-pppmmd-	glaux_only
10001	ἤ	c--------		ἤ		c--------	glaux_only
10002	νῦν	d--------		νῦν		d--------	glaux_only
10003	ἐν	r--------		ἐν		r--------	glaux_only
10004	ὁ	l-p---md-		ὁ		l-p---md-	glaux_only
10005							unmatched
10006	ὅτε	c--------		ὅτε		c--------	glaux_only
10007	δέ	c--------		δέ		c--------	glaux_only
10008	οὖν	g--------		οὖν		g--------	glaux_only
10009	,	u--------		,		u--------	glaux_only
10010	ὥσπερ	c--------		ὥσπερ		c--------	glaux_only
10011	λέγω	v1saia---		λέγω		v1saia---	glaux_only
10012	,	u--------		,		u--------	glaux_only
10013	ἄρχω	v1siim---		ἄρχω		v1siim---	glaux_only
10014	πλησιάζω	v--pna---		πλησιάζω		v--pna---	glaux_only
10015	τις	p-p---cd-		τις		p-p---cd-	glaux_only
10016	,	u--------		,		u--------	glaux_only
10017	οἴομαι	v1siim---		οἴομαι		v1siim---	glaux_only
10018	,	u--------		,		u--------	glaux_only
10019	εἰ	c--------		εἰ		c--------	glaux_only
10020	δύναμαι	v1saop---		δύναμαι		v1saop---	glaux_only
10021	πολύς	a-p---nac		πολύς		a-p---nac	glaux_only
10022	κτάομαι	v--anm---		κτάομαι		v--anm---	glaux_only
10023	καί	c--------		καί		c--------	glaux_only
10024	περιποιέω	v--anm---		περιποιέω		v--anm---	glaux_only
10025	ὁ	l-p---mg-		ὁ		l-p---mg-	glaux_only
10026	ἐπί	r--------		ἐπί		r--------	glaux_only
10027	ὁ	l-s---ma-	ὁ	ὁ	l-s---ma-	l-s---ma-	
10028	αὐτός	p-s---ma-		αὐτός		p-s---ma-	glaux_only
10029	βίος	n-s---ma-		βίος		n-s---ma-	glaux_only
10030	ὁρμάω	v-papamg-		ὁρμάω		v-papamg-	glaux_only
10031	,	u--------		,		u--------	glaux_only
10032	ἀμφότερος	a-p---na-		ἀμφότερος		a-p---na-	glaux_only
10033	δοκέω	v--fna---		δοκέω		v--fna---	glaux_only
10034	,	u--------		,		u--------	glaux_only
10035	καί	c--------		καί		c--------	glaux_only
10036	περί	r--------		περί		r--------	glaux_only
10037	ὁ	l-s---fa-		ὁ		l-s---fa-	glaux_only
10038	φιλοσοφία	n-s---fa-		φιλοσοφία		n-s---fa-	glaux_only
10039	διαφέρω	v--pna---		διαφέρω		v--pna---	glaux_only
10040	καί	c--------		καί		c--------	glaux_only
10041	κόσμιος	a-s---nac		κόσμιος		a-s---nac	glaux_only
10042	βιόω	v--rna---		βιόω		v--rna---	glaux_only
10043	ὁ	l-p---mg-		ὁ		l-p---mg-	glaux_only
10044	ἄλλος	p-p---mg-		ἄλλος		p-p---mg-	glaux_only
10045	.	u--------		.		u--------	glaux_only
10046	ἐγώ	p-s---cd-		ἐγώ		p-s---cd-	glaux_only
10047	δέ	c--------		δέ		c--------	glaux_only
10048							unmatched
10049							unmatched
10050	ἀποβαίνω	v3sria---		ἀποβαίνω		v3sria---	glaux_only
10051	.	u--------		.		u--------	glaux_only
10052	εἰ	c--------		εἰ		c--------	glaux_only
10053	μέν	g--------		μέν		g--------	glaux_only
10054	γάρ	g--------		γάρ		g--------	glaux_only
10055							unmatched
10056	ἄξιος	a-s---mn-		ἄξιος		a-s---mn-	glaux_only
10057	μηδείς	p-s---ng-		μηδείς		p-s---ng-	glaux_only
10058	γίγνομαι	v1saim---		γίγνομαι		v1saim---	glaux_only
10059	μή	d--------		μή		d--------	glaux_only
10060							unmatched
10061							unmatched
10062							unmatched
10063							unmatched
10064							unmatched
10065	ἄν	g--------	ἄν	ἄν	d--------	g--------	
10066							unmatched
10067							unmatched
10068							unmatched
10069							unmatched
10070							unmatched
10071							unmatched
10072							unmatched
10073							unmatched
10074							unmatched
10075							unmatched
10076							unmatched
10077							unmatched
10078							unmatched
10079							unmatched
10080							unmatched
10081							unmatched
10082							unmatched
10083							unmatched
10084	ὁ	l-s---fg-	ὁ		l-s---fg-		oga_only
10085							unmatched
10086							unmatched
10087							unmatched
10088							unmatched
10089							unmatched
10090							unmatched
10091							unmatched
10092							unmatched
10093							unmatched
10094							unmatched
10095							unmatched
10096							unmatched
10097							unmatched
10098							unmatched
10099	οὕτως	d--------		οὕτως		d--------	glaux_only
10100	γάρ	g--------		γάρ		g--------	glaux_only
10101	ὁ	l-s---fn-		ὁ		l-s---fn-	glaux_only
10102	πόλις	n-s---fn-		πόλις		n-s---fn-	glaux_only
10103	ἐν	r--------		ἐν		r--------	glaux_only
10104	ὁ	l-s---nd-		ὁ		l-s---nd-	glaux_only
10105	πάρειμι	v-sppand-		πάρειμι		v-sppand-	glaux_only
10106	χαίρω	v3spia---		χαίρω		v3spia---	glaux_only
10107	ὁ	l-p---ma-		ὁ		l-p---ma-	glaux_only
10108	μέν	g--------	μέν	μέν	d--------	g--------	
10109	ἐπιεικής	a-p---ma-		ἐπιεικής		a-p---ma-	glaux_only
10110	πιέζω	v-sppafn-		πιέζω		v-sppafn-	glaux_only
10111	καί	c--------		καί		c--------	glaux_only
10112	ταπεινός	a-p---ma-		ταπεινός		a-p---ma-	glaux_only
10113	ποιέω	v-sppafn-		ποιέω		v-sppafn-	glaux_only
10114	,	u--------		,		u--------	glaux_only
10115	ὁ	l-p---md-		ὁ		l-p---md-	glaux_only
10116	δέ	c--------		δέ		c--------	glaux_only
10117	πονηρός	a-p---md-		πονηρός		a-p---md-	glaux_only
10118	ἐξουσία	n-s---fa-		ἐξουσία		n-s---fa-	glaux_only
10119	δίδωμι	v-sppafn-		δίδωμι		v-sppafn-	glaux_only
10120	καί	c--------		καί		c--------	glaux_only
10121	λέγω	v--pna---		λέγω		v--pna---	glaux_only
10122	καί	c--------	καί	καί	c--------	c--------	
10123	ποιέω	v--pna---		ποιέω		v--pna---	glaux_only
10124	ὅς	p-s---na-		ὅς		p-s---na-	glaux_only
10125	τις	p-s---na-		τις		p-s---na-	glaux_only
10126	ἄν	g--------		ἄν		g--------	glaux_only
10127	βούλομαι	v3pasp---		βούλομαι		v3pasp---	glaux_only
10128	,	u--------		,		u--------	glaux_only
10129	ὥστε	c--------		ὥστε		c--------	glaux_only
10130	Λυσίμαχος	n-s---mn-		Λυσίμαχος		n-s---mn-	glaux_only
10131	μέν	g--------		μέν		g--------	glaux_only
10132	ὁ	l-s---mn-		ὁ		l-s---mn-	glaux_only
10133	προαιρέω	v-srpmmn-		προαιρέω		v-srpmmn-	glaux_only
10134	ζάω	v--pna---		ζάω		v--pna---	glaux_only
10135	ἐκ	r--------		ἐκ		r--------	glaux_only
10136	ὁ	l-s---ng-		ὁ		l-s---ng-	glaux_only
10137	συκοφαντέω	v--pna---		συκοφαντέω		v--pna---	glaux_only
10138	καί	c--------	καί	καί	c--------	c--------	
10139	κακός	d--------		κακός		d--------	glaux_only
10140	ἀεί	d--------		ἀεί		d--------	glaux_only
10141	τις	p-s---ca-		τις		p-s---ca-	glaux_only
10142	ποιέω	v--pna---		ποιέω		v--pna---	glaux_only
10143	ὁ	l-p---mg-		ὁ		l-p---mg-	glaux_only
10144	πολίτης	n-p---mg-		πολίτης		n-p---mg-	glaux_only
10145	κατηγορέω	v-sfpamn-		κατηγορέω		v-sfpamn-	glaux_only
10146	ἐγώ	p-p---cg-		ἐγώ		p-p---cg-	glaux_only
10147	ἀναβαίνω	v3sria---		ἀναβαίνω		v3sria---	glaux_only
10148	,	u--------		,		u--------	glaux_only
10149	ἐγώ	p-s---cn-		ἐγώ		p-s---cn-	glaux_only
10150	δέ	c--------		δέ		c--------	glaux_only
10151	ὅς	p-s---mn-		ὅς		p-s---mn-	glaux_only
10152	οὐ	d--------		οὐ		d--------	glaux_only
10153							unmatched
10154	περί	r--------	περί		r--------		oga_only
10155							unmatched
10156							unmatched
10157							unmatched
10158							unmatched
10159							unmatched
10160	ὁ	l-p---ng-	ὁ		l-p---ng-		oga_only
10161							unmatched
10162							unmatched
10163							unmatched
10164							unmatched
10165							unmatched
10166							unmatched
10167							unmatched
10168							unmatched
10169							unmatched
10170							unmatched
10171							unmatched
10172							unmatched
10173							unmatched
10174							unmatched
10175							unmatched
10176							unmatched
10177							unmatched
10178							unmatched
10179							unmatched
10180							unmatched
10181							unmatched
10182							unmatched
10183							unmatched
10184							unmatched
10185	καί	c--------	καί	καί	d--------	c--------	
10186	τοι	g--------		τοι		g--------	glaux_only
10187	προσήκω	v3siia---		προσήκω		v3siia---	glaux_only
10188	ὁ	l-p---ma-		ὁ		l-p---ma-	glaux_only
10189	εὖ	d--------		εὖ		d--------	glaux_only
10190	φρονέω	v-pppama-		φρονέω		v-pppama-	glaux_only
10191	εὔχομαι	v--pnm---		εὔχομαι		v--pnm---	glaux_only
10192	ὁ	l-p---md-		ὁ		l-p---md-	glaux_only
10193	θεός	n-p---md-		θεός		n-p---md-	glaux_only
10194	ὡς	c--------		ὡς		c--------	glaux_only
10195	πολύς	a-p---mds		πολύς		a-p---mds	glaux_only
10196	ὁ	l-p---mg-	ὁ	ὁ	l-p---ng-	l-p---mg-	
10197	πολίτης	n-p---mg-		πολίτης		n-p---mg-	glaux_only
10198	παραγίγνομαι	v--anm---		παραγίγνομαι		v--anm---	glaux_only
10199	ὁ	l-s---fa-	ὁ	ὁ	l-s---fa-	l-s---fa-	
10200	δύναμις	n-s---fa-		δύναμις		n-s---fa-	glaux_only
10201	οὗτος	p-s---fa-		οὗτος		p-s---fa-	glaux_only
10202	,	u--------		,		u--------	glaux_only
10203	διά	r--------		διά		r--------	glaux_only
10204	ὅς	p-s---fa-		ὅς		p-s---fa-	glaux_only
10205	μέλλω	v3piia---		μέλλω		v3piia---	glaux_only
10206	παρά	r--------		παρά		r--------	glaux_only
10207	ἕτερος	p-p---mg-		ἕτερος		p-p---mg-	glaux_only
10208	λαμβάνω	v-pppamn-		λαμβάνω		v-pppamn-	glaux_only
10209	χρήσιμος	a-p---ma-		χρήσιμος		a-p---ma-	glaux_only
10210	ἑαυτοῦ	p-p---ma-		ἑαυτοῦ		p-p---ma-	glaux_only
10211	,	u--------		,		u--------	glaux_only
10212	ὥσπερ	c--------		ὥσπερ		c--------	glaux_only
10213	ἐγώ	p-s---cn-		ἐγώ		p-s---cn-	glaux_only
10214	,	u--------		,		u--------	glaux_only
10215	ὁ	l-s---fd-		ὁ		l-s---fd-	glaux_only
10216	πόλις	n-s---fd-		πόλις		n-s---fd-	glaux_only
10217	παρέχω	v--fna---		παρέχω		v--fna---	glaux_only
10218	.	u--------		.		u--------	glaux_only
10219	πολύς	a-s---fg-		πολύς		a-s---fg-	glaux_only
10220	δέ	c--------		δέ		c--------	glaux_only
10221	ἀλογία	n-s---fg-		ἀλογία		n-s---fg-	glaux_only
10222	περί	r--------		περί		r--------	glaux_only
10223	ἐγώ	p-s---ca-		ἐγώ		p-s---ca-	glaux_only
10224	γίγνομαι	v-srpmfg-		γίγνομαι		v-srpmfg-	glaux_only
10225	πᾶς	p-p---ng-		πᾶς		p-p---ng-	glaux_only
10226	ἄν	g--------		ἄν		g--------	glaux_only
10227	συμβαίνω	v3saoa---		συμβαίνω		v3saoa---	glaux_only
10228	δεινός	a-s---nns		δεινός		a-s---nns	glaux_only
10229	,	u--------		,		u--------	glaux_only
10230	εἰ	c--------		εἰ		c--------	glaux_only
10231	ὁ	l-p---mn-	ὁ	ὁ	l-p---mn-	l-p---mn-	
10232	μέν	g--------	μέν	μέν	d--------	g--------	
10233	δίδωμι	v-prpamn-		δίδωμι		v-prpamn-	glaux_only
10234	ἐγώ	p-s---cd-		ἐγώ		p-s---cd-	glaux_only
10235	χρῆμα	n-p---na-		χρῆμα		n-p---na-	glaux_only
10236	τοσοῦτος	p-s---fa-		τοσοῦτος		p-s---fa-	glaux_only
10237	ἔχω	v3ppoa---		ἔχω		v3ppoa---	glaux_only
10238	χάρις	n-s---fa-		χάρις		n-s---fa-	glaux_only
10239	,	u--------		,		u--------	glaux_only
10240	ὥστε	c--------		ὥστε		c--------	glaux_only
10241	ἔτι	d--------		ἔτι		d--------	glaux_only
10242	καί	c--------	καί	καί	c--------	c--------	
10243	νῦν	d--------		νῦν		d--------	glaux_only
10244	ἐγώ	p-s---ca-		ἐγώ		p-s---ca-	glaux_only
10245	θεραπεύω	v--pna---		θεραπεύω		v--pna---	glaux_only
10246	,	u--------		,		u--------	glaux_only
10247	σύ	p-p---cn-		σύ		p-p---cn-	glaux_only
10248	δέ	c--------		δέ		c--------	glaux_only
10249	,	u--------		,		u--------	glaux_only
10250	εἰς	r--------		εἰς		r--------	glaux_only
10251	ὅς	p-p---ma-		ὅς		p-p---ma-	glaux_only
10252	ἀναλίσκω	v1sria---		ἀναλίσκω		v1sria---	glaux_only
10253							unmatched
10254							unmatched
10255	,	u--------		,		u--------	glaux_only
10256	δίκη	n-s---fa-		δίκη		n-s---fa-	glaux_only
10257	ἐπιθυμέω	v2paoa---		ἐπιθυμέω		v2paoa---	glaux_only
10258	παρά	r--------		παρά		r--------	glaux_only
10259	ἐγώ	p-s---cg-		ἐγώ		p-s---cg-	glaux_only
10260	λαμβάνω	v--ana---		λαμβάνω		v--ana---	glaux_only
10261	.	u--------		.		u--------	glaux_only
10262	ἔτι	d--------		ἔτι		d--------	glaux_only
10263	δέ	c--------		δέ		c--------	glaux_only
10264	δεινός	a-s---nnc		δεινός		a-s---nnc	glaux_only
10265	,	u--------		,		u--------	glaux_only
10266	εἰ	c--------		εἰ		c--------	glaux_only
10267	Πίνδαρος	n-s---ma-		Πίνδαρος		n-s---ma-	glaux_only
10268	μέν	g--------	μέν	μέν	d--------	g--------	
10269	ὁ	l-s---ma-		ὁ		l-s---ma-	glaux_only
10270	ποιητής	n-s---ma-		ποιητής		n-s---ma-	glaux_only
10271	ὁ	l-p---mn-		ὁ		l-p---mn-	glaux_only
10272	πρό	r--------		πρό		r--------	glaux_only
10273	ἐγώ	p-p---cg-		ἐγώ		p-p---cg-	glaux_only
10274	γίγνομαι	v-prpamn-		γίγνομαι		v-prpamn-	glaux_only
10275	ὑπέρ	r--------		ὑπέρ		r--------	glaux_only
10276	εἷς	m-s---ng-		εἷς		m-s---ng-	glaux_only
10277	μόνος	d--------		μόνος		d--------	glaux_only
10278	ῥῆμα	n-s---ng-		ῥῆμα		n-s---ng-	glaux_only
10279	,	u--------		,		u--------	glaux_only
10280	ὅτι	c--------		ὅτι		c--------	glaux_only
10281	ὁ	l-s---fa-		ὁ		l-s---fa-	glaux_only
10282	πόλις	n-s---fa-		πόλις		n-s---fa-	glaux_only
10283	ἔρεισμα	n-s---na-		ἔρεισμα		n-s---na-	glaux_only
10284	ὁ	l-s---fg-	ὁ	ὁ	l-s---fg-	l-s---fg-	
10285	Ἑλλάς	n-s---fg-		Ἑλλάς		n-s---fg-	glaux_only
10286	ὀνομάζω	v3saia---		ὀνομάζω		v3saia---	glaux_only
10287	,	u--------		,		u--------	glaux_only
10288	οὕτως	d--------		οὕτως		d--------	glaux_only
10289	τιμάω	v3paia---		τιμάω		v3paia---	glaux_only
10290	ὥστε	c--------		ὥστε		c--------	glaux_only
10291	καί	c--------		καί		c--------	glaux_only
10292	πρόξενος	n-s---ma-		πρόξενος		n-s---ma-	glaux_only
10293	ποιέω	v--anm---		ποιέω		v--anm---	glaux_only
10294	καί	c--------		καί		c--------	glaux_only
10295	δωρεά	n-s---fa-		δωρεά		n-s---fa-	glaux_only
10296	μυρίος	a-p---fa-		μυρίος		a-p---fa-	glaux_only
10297	αὐτός	p-s---md-		αὐτός		p-s---md-	glaux_only
10298	δίδωμι	v--ana---		δίδωμι		v--ana---	glaux_only
10299	δραχμή	n-p---fa-		δραχμή		n-p---fa-	glaux_only
10300	,	u--------		,		u--------	glaux_only
10301	ἐγώ	p-s---cd-		ἐγώ		p-s---cd-	glaux_only
10302	δέ	c--------	δέ	δέ	c--------	c--------	
10303	πολύς	a-s---na-		πολύς		a-s---na-	glaux_only
10304	πολύς	a-p---nac		πολύς		a-p---nac	glaux_only
10305	καί	c--------	καί	καί	c--------	c--------	
10306	καλός	a-s---nac		καλός		a-s---nac	glaux_only
10307	ἐγκωμιάζω	v-srpamd-		ἐγκωμιάζω		v-srpamd-	glaux_only
10308	καί	c--------		καί		c--------	glaux_only
10309	ὁ	l-s---fa-		ὁ		l-s---fa-	glaux_only
10310	πόλις	n-s---fa-		πόλις		n-s---fa-	glaux_only
10311	καί	c--------		καί		c--------	glaux_only
10312	ὁ	l-p---ma-		ὁ		l-p---ma-	glaux_only
10313	πρόγονος	n-p---ma-		πρόγονος		n-p---ma-	glaux_only
10314							unmatched
10315	ἀσφαλής	d--------		ἀσφαλής		d--------	glaux_only
10316	ἐγγίγνομαι	v3saom---		ἐγγίγνομαι		v3saom---	glaux_only
10317	ἐπιβιόω	v--ana---		ἐπιβιόω		v--ana---	glaux_only
10318	ὁ	l-s---ma-		ὁ		l-s---ma-	glaux_only
10319	ἐπίλοιπος	a-s---ma-		ἐπίλοιπος		a-s---ma-	glaux_only
10320	χρόνος	n-s---ma-		χρόνος		n-s---ma-	glaux_only
10321	.	u--------		.		u--------	glaux_only
10322	περί	r--------	περί	περί	r--------	r--------	
10323	μέν	g--------		μέν		g--------	glaux_only
10324	οὖν	g--------		οὖν		g--------	glaux_only
10325	οὗτος	p-p---ng-		οὗτος		p-p---ng-	glaux_only
10326	καί	c--------		καί		c--------	glaux_only
10327	ὁ	l-p---ng-		ὁ		l-p---ng-	glaux_only
10328	ἄλλος	p-p---ng-		ἄλλος		p-p---ng-	glaux_only
10329	ὁ	l-p---ng-		ὁ		l-p---ng-	glaux_only
10330	κατηγορέω	v-pappng-		κατηγορέω		v-pappng-	glaux_only
10331	ἱκανός	a-s---fa-		ἱκανός		a-s---fa-	glaux_only
10332	εἰμί	v--pna---		εἰμί		v--pna---	glaux_only
10333	νομίζω	v1spia---		νομίζω		v1spia---	glaux_only
10334	ὁ	l-s---fa-		ὁ		l-s---fa-	glaux_only
10335	λέγω	v-srpmfa-		λέγω		v-srpmfa-	glaux_only
10336	ἀπολογία	n-s---fa-		ἀπολογία		n-s---fa-	glaux_only
10337	·	u--------		·		u--------	glaux_only
10338	οὐ	d--------		οὐ		d--------	glaux_only
10339	ὀκνέω	v1sfia---		ὀκνέω		v1sfia---	glaux_only
10340	δέ	c--------		δέ		c--------	glaux_only
10341	πρός	r--------		πρός		r--------	glaux_only
10342	σύ	p-p---ca-		σύ		p-p---ca-	glaux_only
10343							unmatched
10344	ὡς	c--------		ὡς		c--------	glaux_only
10345	ἔχω	v1spia---		ἔχω		v1spia---	glaux_only
10346	νῦν	d--------		νῦν		d--------	glaux_only
10347	πρός	r--------		πρός		r--------	glaux_only
10348	ὁ	l-s---ma-		ὁ		l-s---ma-	glaux_only
10349	ἐνίστημι	v-srpama-		ἐνίστημι		v-srpama-	glaux_only
10350	κίνδυνος	n-s---ma-		κίνδυνος		n-s---ma-	glaux_only
10351	καταλέγω	v--ana---		καταλέγω		v--ana---	glaux_only
10352	ὁ	l-s---fa-		ὁ		l-s---fa-	glaux_only
10353	ἀλήθεια	n-s---fa-		ἀλήθεια		n-s---fa-	glaux_only
10354	,	u--------		,		u--------	glaux_only
10355							unmatched
10356	ὡς	c--------		ὡς		c--------	glaux_only
10357	ὁ	l-s---na-		ὁ		l-s---na-	glaux_only
10358	πρῶτος	a-s---na-		πρῶτος		a-s---na-	glaux_only
10359	διατίθημι	v1saip---		διατίθημι		v1saip---	glaux_only
10360	πρός	r--------		πρός		r--------	glaux_only
10361	αὐτός	p-s---ma-		αὐτός		p-s---ma-	glaux_only
10362	.	u--------		.		u--------	glaux_only
10363	ἐγώ	p-s---cn-		ἐγώ		p-s---cn-	glaux_only
10364	γάρ	g--------		γάρ		g--------	glaux_only
10365	ὑπέρ	r--------		ὑπέρ		r--------	glaux_only
10366	μέν	g--------		μέν		g--------	glaux_only
10367	ὁ	l-p---ng-		ὁ		l-p---ng-	glaux_only
10368	ἴδιος	a-p---ng-		ἴδιος		a-p---ng-	glaux_only
10369	πολύς	a-p---fa-		πολύς		a-p---fa-	glaux_only
10370	ἐλπίς	n-p---fa-		ἐλπίς		n-p---fa-	glaux_only
10371	ἔχω	v1siia---		ἔχω		v1siia---	glaux_only
10372	καλός	d--------		καλός		d--------	glaux_only
10373	ἀγωνίζομαι	v--fnm---		ἀγωνίζομαι		v--fnm---	glaux_only
10374	·	u--------		·		u--------	glaux_only
10375	καί	c--------	καί	καί	c--------	c--------	
10376	γάρ	g--------	γάρ	γάρ	d--------	g--------	
10377	ὁ	l-p---nd-		ὁ		l-p---nd-	glaux_only
10378	βιόω	v-prpmnd-		βιόω		v-prpmnd-	glaux_only
10379	καί	c--------		καί		c--------	glaux_only
10380	ὁ	l-p---nd-		ὁ		l-p---nd-	glaux_only
10381	πράσσω	v-prpmnd-		πράσσω		v-prpmnd-	glaux_only
10382	πιστεύω	v1siia---		πιστεύω		v1siia---	glaux_only
10383	,	u--------		,		u--------	glaux_only
10384	καί	c--------		καί		c--------	glaux_only
10385	πολύς	a-p---ma-		πολύς		a-p---ma-	glaux_only
10386	λόγος	n-p---ma-		λόγος		n-p---ma-	glaux_only
10387	καί	c--------		καί		c--------	glaux_only
10388	δίκαιος	a-p---ma-		δίκαιος		a-p---ma-	glaux_only
10389	οἴομαι	v1siim---		οἴομαι		v1siim---	glaux_only
10390	ἔχω	v--pna---		ἔχω		v--pna---	glaux_only
10391	ὑπέρ	r--------		ὑπέρ		r--------	glaux_only
10392	αὐτός	p-p---ng-		αὐτός		p-p---ng-	glaux_only
10393	·	u--------		·		u--------	glaux_only
10394	ὁράω	v-sppamn-		ὁράω		v-sppamn-	glaux_only
10395	δέ	c--------		δέ		c--------	glaux_only
10396	οὐ	d--------		οὐ		d--------	glaux_only
10397	μόνος	d--------		μόνος		d--------	glaux_only
10398	δύσκολος	d--------		δύσκολος		d--------	glaux_only
10399	διάκειμαι	v-pppmma-		διάκειμαι		v-pppmma-	glaux_only
10400	περί	r--------		περί		r--------	glaux_only
10401	ὁ	l-s---fa-		ὁ		l-s---fa-	glaux_only
10402	ὁ	l-p---mg-		ὁ		l-p---mg-	glaux_only
10403	λόγος	n-p---mg-		λόγος		n-p---mg-	glaux_only
10404	παιδεία	n-s---fa-		παιδεία		n-s---fa-	glaux_only
10405	ὁ	l-p---ma-		ὁ		l-p---ma-	glaux_only
10406	ἐθίζω	v-prpmma-		ἐθίζω		v-prpmma-	glaux_only
10407	ἅπας	p-p---md-		ἅπας		p-p---md-	glaux_only
10408	χαλεπαίνω	v--pna---		χαλεπαίνω		v--pna---	glaux_only
10409	,	u--------	,	,	u--------	u--------	
10410	ἀλλά	c--------		ἀλλά		c--------	glaux_only
10411	καί	c--------	καί	καί	c--------	c--------	
10412	ὁ	l-p---mg-		ὁ		l-p---mg-	glaux_only
10413	ἄλλος	p-p---mg-		ἄλλος		p-p---mg-	glaux_only
10414	πολίτης	n-p---mg-		πολίτης		n-p---mg-	glaux_only
10415	πολύς	a-p---ma-		πολύς		a-p---ma-	glaux_only
10416	τραχύς	d--------		τραχύς		d--------	glaux_only
10417	πρός	r--------		πρός		r--------	glaux_only
10418	αὐτός	p-s---fa-		αὐτός		p-s---fa-	glaux_only
10419	διάκειμαι	v-prpmma-		διάκειμαι		v-prpmma-	glaux_only
10420	,	u--------		,		u--------	glaux_only
10421	φοβέω	v1siim---		φοβέω		v1siim---	glaux_only
10422	μή	d--------		μή		d--------	glaux_only
10423	ὁ	l-p---nn-		ὁ		l-p---nn-	glaux_only
10424	μέν	g--------		μέν		g--------	glaux_only
10425	ἴδιος	a-p---nn-		ἴδιος		a-p---nn-	glaux_only
10426	ἐγώ	p-s---cg-		ἐγώ		p-s---cg-	glaux_only
10427	παραμελέω	v3sasp---		παραμελέω		v3sasp---	glaux_only
10428	,	u--------		,		u--------	glaux_only
10429	ὁ	l-s---fg-		ὁ		l-s---fg-	glaux_only
10430	δέ	c--------		δέ		c--------	glaux_only
10431	κοινός	a-s---fg-		κοινός		a-s---fg-	glaux_only
10432	ὁ	l-s---fg-		ὁ		l-s---fg-	glaux_only
10433	περί	r--------		περί		r--------	glaux_only
10434	ὁ	l-p---ma-		ὁ		l-p---ma-	glaux_only
10435	σοφιστής	n-p---ma-		σοφιστής		n-p---ma-	glaux_only
10436	διαβολή	n-s---fg-		διαβολή		n-s---fg-	glaux_only
10437	ἀπολαύω	v1sasa---		ἀπολαύω		v1sasa---	glaux_only
10438	τις	p-s---na-		τις		p-s---na-	glaux_only
10439	φλαῦρος	a-s---na-		φλαῦρος		a-s---na-	glaux_only
10440	.	u--------		.		u--------	glaux_only
10441	ἐπειδή	c--------		ἐπειδή		c--------	glaux_only
10442	δέ	c--------		δέ		c--------	glaux_only
10443	χρόνος	n-p---mg-		χρόνος		n-p---mg-	glaux_only
10444	ἐγγίγνομαι	v-pppmmg-		ἐγγίγνομαι		v-pppmmg-	glaux_only
10445	εἰσπίπτω	v1saia---		εἰσπίπτω		v1saia---	glaux_only
10446	εἰς	r--------		εἰς		r--------	glaux_only
10447	ὁ	l-s---na-		ὁ		l-s---na-	glaux_only
10448	λογίζομαι	v--pnm---		λογίζομαι		v--pnm---	glaux_only
10449	καί	c--------		καί		c--------	glaux_only
10450	σκοπέω	v--pna---		σκοπέω		v--pna---	glaux_only
10451	τίς	p-s---na-		τίς		p-s---na-	glaux_only
10452	χράω	v1sfim---		χράω		v1sfim---	glaux_only
10453	ὁ	l-p---nd-		ὁ		l-p---nd-	glaux_only
10454	πάρειμι	v-pppand-		πάρειμι		v-pppand-	glaux_only
10455	,	u--------		,		u--------	glaux_only
10456	παύω	v1saim---		παύω		v1saim---	glaux_only
10457	ὁ	l-s---ng-		ὁ		l-s---ng-	glaux_only
10458	δέος	n-s---ng-		δέος		n-s---ng-	glaux_only
10459	καί	c--------		καί		c--------	glaux_only
10460	ὁ	l-s---fg-		ὁ		l-s---fg-	glaux_only
10461	ταραχή	n-s---fg-		ταραχή		n-s---fg-	glaux_only
10462	οὗτος	p-s---fg-		οὗτος		p-s---fg-	glaux_only
10463	,	u--------		,		u--------	glaux_only
10464	οὐ	d--------		οὐ		d--------	glaux_only
10465	ἄλογος	d--------		ἄλογος		d--------	glaux_only
10466	,	u--------		,		u--------	glaux_only
10467	ἀλλά	c--------		ἀλλά		c--------	glaux_only
10468	ἐκ	r--------		ἐκ		r--------	glaux_only
10469	ὁ	l-p---ng-		ὁ		l-p---ng-	glaux_only
10470	ἔοικα	v-prpang-		ἔοικα		v-prpang-	glaux_only
10471	λογίζομαι	v-sapmmn-		λογίζομαι		v-sapmmn-	glaux_only
10472	καί	c--------		καί		c--------	glaux_only
10473	παραμυθέομαι	v-sapmmn-		παραμυθέομαι		v-sapmmn-	glaux_only
10474	ἐμαυτοῦ	p-s---ma-		ἐμαυτοῦ		p-s---ma-	glaux_only
10475	·	u--------		·		u--------	glaux_only
10476	ὁ	l-p---ma-		ὁ		l-p---ma-	glaux_only
10477	τε	c--------		τε		c--------	glaux_only
10478	γάρ	g--------		γάρ		g--------	glaux_only
10479	ἐπιεικής	a-p---ma-		ἐπιεικής		a-p---ma-	glaux_only
10480	σύ	p-p---cg-		σύ		p-p---cg-	glaux_only
10481	,	u--------		,		u--------	glaux_only
10482	πρός	r--------		πρός		r--------	glaux_only
10483	ὅς	p-p---ma-		ὅς		p-p---ma-	glaux_only
10484	περ	d--------		περ		d--------	glaux_only
10485	ἐγώ	p-s---cn-		ἐγώ		p-s---cn-	glaux_only
10486	ποιέω	v1sfim---		ποιέω		v1sfim---	glaux_only
10487	ὁ	l-p---ma-		ὁ		l-p---ma-	glaux_only
10488	λόγος	n-p---ma-		λόγος		n-p---ma-	glaux_only
10489	,	u--------		,		u--------	glaux_only
10490	ἐπίσταμαι	v1siim---		ἐπίσταμαι		v1siim---	glaux_only
10491	οὐ	d--------		οὐ		d--------	glaux_only
10492	ἐμμένω	v-pppama-		ἐμμένω		v-pppama-	glaux_only
10493	ὁ	l-p---fd-		ὁ		l-p---fd-	glaux_only
10494	δόξα	n-p---fd-		δόξα		n-p---fd-	glaux_only
10495	ὁ	l-p---fd-		ὁ		l-p---fd-	glaux_only
10496	ἄδικος	d--------		ἄδικος		d--------	glaux_only
10497	ἐγγίγνομαι	v-prpmfd-		ἐγγίγνομαι		v-prpmfd-	glaux_only
10498	,	u--------		,		u--------	glaux_only
10499	ἀλλά	c--------		ἀλλά		c--------	glaux_only
10500	ἐπακολουθέω	v-pppama-		ἐπακολουθέω		v-pppama-	glaux_only
10501	ὁ	l-p---fd-		ὁ		l-p---fd-	glaux_only
10502	ἀλήθεια	n-p---fd-		ἀλήθεια		n-p---fd-	glaux_only
10503	καί	c--------		καί		c--------	glaux_only
10504	μεταπείθω	v-pppmma-		μεταπείθω		v-pppmma-	glaux_only
10505	ὑπό	r--------		ὑπό		r--------	glaux_only
10506	ὁ	l-p---mg-	ὁ	ὁ	l-p---ng-	l-p---mg-	
10507	λέγω	v-pppamg-		λέγω		v-pppamg-	glaux_only
10508	ὁ	l-p---na-		ὁ		l-p---na-	glaux_only
10509	δίκαιος	a-p---na-		δίκαιος		a-p---na-	glaux_only
10510	,	u--------		,		u--------	glaux_only
10511	ὁ	l-s---fa-	ὁ	ὁ	l-s---fa-	l-s---fa-	
10512	τε	c--------		τε		c--------	glaux_only
10513	φιλοσοφία	n-s---fa-		φιλοσοφία		n-s---fa-	glaux_only
10514	ἐκ	r--------		ἐκ		r--------	glaux_only
10515	πολύς	a-p---mg-		πολύς		a-p---mg-	glaux_only
10516	νομίζω	v1siia---		νομίζω		v1siia---	glaux_only
10517	ἐπιδείκνυμι	v--fna---		ἐπιδείκνυμι		v--fna---	glaux_only
10518	ἄδικος	d--------		ἄδικος		d--------	glaux_only
10519	διαβάλλω	v-srpmfa-		διαβάλλω		v-srpmfa-	glaux_only
10520	,	u--------		,		u--------	glaux_only
10521	καί	c--------		καί		c--------	glaux_only
10522	πολύς	a-s---na-		πολύς		a-s---na-	glaux_only
10523	ἄν	g--------		ἄν		g--------	glaux_only
10524	δίκαιος	a-p---mac		δίκαιος		a-p---mac	glaux_only
10525	ἀγαπάω	v-sppmfa-		ἀγαπάω		v-sppmfa-	glaux_only
10526	αὐτός	p-s---fa-		αὐτός		p-s---fa-	glaux_only
10527	ἤ	c--------		ἤ		c--------	glaux_only
10528	μισέω	v-sppmfa-		μισέω		v-sppmfa-	glaux_only
10529	.	u--------		.		u--------	glaux_only
10530	ἔχω	v1spia---		ἔχω		v1spia---	glaux_only
10531	δέ	c--------		δέ		c--------	glaux_only
10532	καί	c--------		καί		c--------	glaux_only
10533	νῦν	d--------		νῦν		d--------	glaux_only
10534	ἔτι	d--------		ἔτι		d--------	glaux_only
10535	οὗτος	p-s---fa-		οὗτος		p-s---fa-	glaux_only
10536	ὁ	l-s---fa-		ὁ		l-s---fa-	glaux_only
10537	γνώμη	n-s---fa-		γνώμη		n-s---fa-	glaux_only
10538	.	u--------		.		u--------	glaux_only
10539	οὐ	d--------		οὐ		d--------	glaux_only
10540	ἄξιος	a-s---nn-		ἄξιος		a-s---nn-	glaux_only
10541	δέ	c--------		δέ		c--------	glaux_only
10542	θαυμάζω	v--pna---		θαυμάζω		v--pna---	glaux_only
10543	εἰ	c--------		εἰ		c--------	glaux_only
10544	τις	p-s---nn-		τις		p-s---nn-	glaux_only
10545	ὁ	l-p---ng-		ὁ		l-p---ng-	glaux_only
10546	καλός	a-p---ng-		καλός		a-p---ng-	glaux_only
10547	ἐπιτήδευμα	n-p---ng-		ἐπιτήδευμα		n-p---ng-	glaux_only
10548	ἀγνοέω	v3srim---		ἀγνοέω		v3srim---	glaux_only
10549	καί	c--------	καί	καί	c--------	c--------	
10550	διαλανθάνω	v3sria---		διαλανθάνω		v3sria---	glaux_only
10551	,	u--------		,		u--------	glaux_only
10552							unmatched
10553	εἰ	c--------		εἰ		c--------	glaux_only
10554	διαψεύδω	v-prpmmn-		διαψεύδω		v-prpmmn-	glaux_only
10555	τις	p-p---cn-		τις		p-p---cn-	glaux_only
10556	αὐτός	p-s---mg-		αὐτός		p-s---mg-	glaux_only
10557	τυγχάνω	v3ppia---		τυγχάνω		v3ppia---	glaux_only
10558	·	u--------		·		u--------	glaux_only
10559	καί	c--------		καί		c--------	glaux_only
10560	γάρ	g--------		γάρ		g--------	glaux_only
10561	περί	r--------		περί		r--------	glaux_only
10562	ἐγώ	p-p---cg-		ἐγώ		p-p---cg-	glaux_only
10563	αὐτός	p-p---mg-		αὐτός		p-p---mg-	glaux_only
10564	καί	c--------		καί		c--------	glaux_only
10565	περί	r--------		περί		r--------	glaux_only
10566	ἄλλος	p-p---ng-		ἄλλος		p-p---ng-	glaux_only
10567	πρᾶγμα	n-p---ng-		πρᾶγμα		n-p---ng-	glaux_only
10568	ἀναρίθμητος	a-p---ng-		ἀναρίθμητος		a-p---ng-	glaux_only
10569	οὕτως	d--------		οὕτως		d--------	glaux_only
10570	ἔχω	v-pppamn-		ἔχω		v-pppamn-	glaux_only
10571	ἄν	g--------		ἄν		g--------	glaux_only
10572	εὑρίσκω	v1paop---		εὑρίσκω		v1paop---	glaux_only
10573	.	u--------		.		u--------	glaux_only
10574	ὁ	l-s---fn-		ὁ		l-s---fn-	glaux_only
10575	γάρ	g--------		γάρ		g--------	glaux_only
10576	πόλις	n-s---fn-		πόλις		n-s---fn-	glaux_only
10577	ἐγώ	p-p---cg-		ἐγώ		p-p---cg-	glaux_only
10578	πολύς	a-p---ng-		πολύς		a-p---ng-	glaux_only
10579	ἀγαθός	a-p---ng-		ἀγαθός		a-p---ng-	glaux_only
10580	αἴτιος	a-s---fn-		αἴτιος		a-s---fn-	glaux_only
10581	καί	c--------		καί		c--------	glaux_only
10582	νῦν	d--------		νῦν		d--------	glaux_only
10583	εἰμί	v-sppafn-		εἰμί		v-sppafn-	glaux_only
10584	καί	c--------		καί		c--------	glaux_only
10585	πρότερος	d-------c		πρότερος		d-------c	glaux_only
10586	γίγνομαι	v-srpmfn-		γίγνομαι		v-srpmfn-	glaux_only
10587	καί	c--------		καί		c--------	glaux_only
10588	ὁ	l-p---md-		ὁ		l-p---md-	glaux_only
10589	πολίτης	n-p---md-		πολίτης		n-p---md-	glaux_only
10590	καί	c--------		καί		c--------	glaux_only
10591	ὁ	l-p---md-		ὁ		l-p---md-	glaux_only
10592	ἄλλος	p-p---md-		ἄλλος		p-p---md-	glaux_only
10593	Ἕλλην	n-p---md-		Ἕλλην		n-p---md-	glaux_only
10594	,	u--------		,		u--------	glaux_only
10595	καί	c--------		καί		c--------	glaux_only
10596	πολύς	a-p---fg-		πολύς		a-p---fg-	glaux_only
10597	ἡδονή	n-p---fg-		ἡδονή		n-p---fg-	glaux_only
10598	γέμω	v-sppafn-		γέμω		v-sppafn-	glaux_only
10599	,	u--------		,		u--------	glaux_only
10600	οὗτος	p-s---na-		οὗτος		p-s---na-	glaux_only
10601	ἔχω	v3spia---		ἔχω		v3spia---	glaux_only
10602	δύσκολος	a-s---nas		δύσκολος		a-s---nas	glaux_only
10603	·	u--------		·		u--------	glaux_only
10604	διά	r--------		διά		r--------	glaux_only
10605	γάρ	g--------		γάρ		g--------	glaux_only
10606	ὁ	l-s---na-		ὁ		l-s---na-	glaux_only
10607	μέγεθος	n-s---na-		μέγεθος		n-s---na-	glaux_only
10608	καί	c--------		καί		c--------	glaux_only
10609	ὁ	l-s---na-		ὁ		l-s---na-	glaux_only
10610	πλῆθος	n-s---na-		πλῆθος		n-s---na-	glaux_only
10611	ὁ	l-p---mg-		ὁ		l-p---mg-	glaux_only
10612	ἐνοικέω	v-pppamg-		ἐνοικέω		v-pppamg-	glaux_only
10613	οὐ	d--------		οὐ		d--------	glaux_only
10614	εὐσύνοπτος	a-s---mn-		εὐσύνοπτος		a-s---mn-	glaux_only
10615	εἰμί	v3spia---		εἰμί		v3spia---	glaux_only
10616							unmatched
10617	ἀκριβής	a-s---mn-		ἀκριβής		a-s---mn-	glaux_only
10618	,	u--------		,		u--------	glaux_only
10619	ἀλλά	c--------		ἀλλά		c--------	glaux_only
10620	ὥσπερ	c--------		ὥσπερ		c--------	glaux_only
10621	χειμάρρους	a-s---mn-		χειμάρρους		a-s---mn-	glaux_only
10622	,	u--------		,		u--------	glaux_only
10623	ὅπως	c--------		ὅπως		c--------	glaux_only
10624	ἄν	g--------	ἄν	ἄν	d--------	g--------	
10625	ἕκαστος	p-s---ma-		ἕκαστος		p-s---ma-	glaux_only
10626	ὑπολαμβάνω	v-sapafn-		ὑπολαμβάνω		v-sapafn-	glaux_only
10627	τυγχάνω	v3sasa---		τυγχάνω		v3sasa---	glaux_only
10628	καί	c--------	καί	καί	c--------	c--------	
10629	ὁ	l-p---mg-		ὁ		l-p---mg-	glaux_only
10630	ἄνθρωπος	n-p---mg-		ἄνθρωπος		n-p---mg-	glaux_only
10631	καί	c--------	καί	καί	c--------	c--------	
10632	ὁ	l-p---ng-		ὁ		l-p---ng-	glaux_only
10633	πρᾶγμα	n-p---ng-		πρᾶγμα		n-p---ng-	glaux_only
10634	,	u--------		,		u--------	glaux_only
10635	οὕτως	d--------		οὕτως		d--------	glaux_only
10636	καταφέρω	v3saia---		καταφέρω		v3saia---	glaux_only
10637	,	u--------		,		u--------	glaux_only
10638	καί	c--------	καί	καί	c--------	c--------	
10639	δόξα	n-s---fa-		δόξα		n-s---fa-	glaux_only
10640	ἔνιοι	a-p---md-		ἔνιοι		a-p---md-	glaux_only
10641	ὁ	l-s---fa-		ὁ		l-s---fa-	glaux_only
10642	ἐναντίος	a-s---fa-		ἐναντίος		a-s---fa-	glaux_only
10643	ὁ	l-s---fg-		ὁ		l-s---fg-	glaux_only
10644	προσήκω	v-sppafg-		προσήκω		v-sppafg-	glaux_only
10645	περιτίθημι	v3saia---		περιτίθημι		v3saia---	glaux_only
10646	·	u--------		·		u--------	glaux_only
10647	ὅς	p-s---nn-		ὅς		p-s---nn-	glaux_only
10648	καί	c--------	καί	καί	c--------	c--------	
10649	ὁ	l-s---fd-		ὁ		l-s---fd-	glaux_only
10650	παιδεία	n-s---fn-		παιδεία		n-s---fn-	glaux_only
10651	οὗτος	p-s---fd-		οὗτος		p-s---fd-	glaux_only
10652	συμβαίνω	v3sria---		συμβαίνω		v3sria---	glaux_only
10653	.	u--------		.		u--------	glaux_only
10654	ὅς	p-p---ng-		ὅς		p-p---ng-	glaux_only
10655	ἐνθυμέομαι	v-pppmma-		ἐνθυμέομαι		v-pppmma-	glaux_only
10656	χρή	v3spia---		χρή		v3spia---	glaux_only
10657	μηδείς	p-s---ng-		μηδείς		p-s---ng-	glaux_only
10658	πρᾶγμα	n-s---ng-		πρᾶγμα		n-s---ng-	glaux_only
10659	ἄνευ	r--------		ἄνευ		r--------	glaux_only
10660	λόγος	n-s---mg-		λόγος		n-s---mg-	glaux_only
10661	καταγιγνώσκω	v--pna---		καταγιγνώσκω		v--pna---	glaux_only
10662	,	u--------		,		u--------	glaux_only
10663							unmatched
10664	ὅμοιος	d--------		ὅμοιος		d--------	glaux_only
10665	διάκειμαι	v--pnm---		διάκειμαι		v--pnm---	glaux_only
10666	δικάζω	v-pppama-		δικάζω		v-pppama-	glaux_only
10667	ὥσπερ	c--------		ὥσπερ		c--------	glaux_only
10668	ἐν	r--------		ἐν		r--------	glaux_only
10669	ὁ	l-p---fd-		ὁ		l-p---fd-	glaux_only
10670	ἴδιος	a-p---fd-		ἴδιος		a-p---fd-	glaux_only
10671	διατριβή	n-p---fd-		διατριβή		n-p---fd-	glaux_only
10672	,	u--------		,		u--------	glaux_only
10673	ἀλλά	c--------		ἀλλά		c--------	glaux_only
10674	διακριβόω	v--pnm---		διακριβόω		v--pnm---	glaux_only
10675	περί	r--------		περί		r--------	glaux_only
10676	ἕκαστος	p-s---ng-		ἕκαστος		p-s---ng-	glaux_only
10677	καί	c--------		καί		c--------	glaux_only
10678	ὁ	l-s---fa-		ὁ		l-s---fa-	glaux_only
10679	ἀλήθεια	n-s---fa-		ἀλήθεια		n-s---fa-	glaux_only
10680	ζητέω	v--pna---		ζητέω		v--pna---	glaux_only
10681	,	u--------		,		u--------	glaux_only
10682	μιμνῄσκω	v-prpmma-		μιμνῄσκω		v-prpmma-	glaux_only
10683	ὁ	l-p---mg-		ὁ		l-p---mg-	glaux_only
10684	ὅρκος	n-p---mg-		ὅρκος		n-p---mg-	glaux_only
10685	καί	c--------		καί		c--------	glaux_only
10686	ὁ	l-p---mg-		ὁ		l-p---mg-	glaux_only
10687	νόμος	n-p---mg-		νόμος		n-p---mg-	glaux_only
10688	κατά	r--------		κατά		r--------	glaux_only
10689	ὅς	p-p---ma-		ὅς		p-p---ma-	glaux_only
10690	συνέρχομαι	v2pria---		συνέρχομαι		v2pria---	glaux_only
10691	δικάζω	v-pfpamn-		δικάζω		v-pfpamn-	glaux_only
10692	·	u--------		·		u--------	glaux_only
10693	εἰμί	v3spia---		εἰμί		v3spia---	glaux_only
10694	δέ	c--------		δέ		c--------	glaux_only
10695	οὐ	d--------		οὐ		d--------	glaux_only
10696	περί	r--------		περί		r--------	glaux_only
10697	μικρός	a-p---ng-		μικρός		a-p---ng-	glaux_only
10698							unmatched
10699	ὁ	l-s---mn-		ὁ		l-s---mn-	glaux_only
10700	λόγος	n-s---mn-		λόγος		n-s---mn-	glaux_only
10701							unmatched
10702	ὁ	l-s---fn-		ὁ		l-s---fn-	glaux_only
10703	κρίσις	n-s---fn-		κρίσις		n-s---fn-	glaux_only
10704	ἐν	r--------		ἐν		r--------	glaux_only
10705	ὅς	p-s---fd-		ὅς		p-s---fd-	glaux_only
10706	καθίστημι	v1plia---		καθίστημι		v1plia---	glaux_only
10707	,	u--------		,		u--------	glaux_only
10708	ἀλλά	c--------		ἀλλά		c--------	glaux_only
10709	περί	r--------		περί		r--------	glaux_only
10710	ὁ	l-p---ng-	ὁ	ὁ	l-p---ng-	l-p---ng-	
10711	μέγας	a-p---ngs		μέγας		a-p---ngs	glaux_only
10712	·	u--------		·		u--------	glaux_only
10713	οὐ	d--------		οὐ		d--------	glaux_only
10714	γάρ	g--------		γάρ		g--------	glaux_only
10715	περί	r--------		περί		r--------	glaux_only
10716	ἐγώ	p-s---cg-		ἐγώ		p-s---cg-	glaux_only
10717	μέλλω	v2ppia---		μέλλω		v2ppia---	glaux_only
10718	μόνος	d--------		μόνος		d--------	glaux_only
10719	ὁ	l-s---fa-	ὁ	ὁ	l-s---fa-	l-s---fa-	
10720	ψῆφος	n-s---fa-		ψῆφος		n-s---fa-	glaux_only
10721	διαφέρω	v--fna---		διαφέρω		v--fna---	glaux_only
10722	,	u--------		,		u--------	glaux_only
10723	ἀλλά	c--------		ἀλλά		c--------	glaux_only
10724	καί	c--------	καί	καί	c--------	c--------	
10725	περί	r--------		περί		r--------	glaux_only
10726	ἐπιτήδευμα	n-s---ng-		ἐπιτήδευμα		n-s---ng-	glaux_only
10727	ὅς	p-s---nd-		ὅς		p-s---nd-	glaux_only
10728	πολύς	a-p---mn-		πολύς		a-p---mn-	glaux_only
10729	ὁ	l-p---mg-		ὁ		l-p---mg-	glaux_only
10730	νέος	a-p---mgc		νέος		a-p---mgc	glaux_only
10731	προσέχω	v3ppia---		προσέχω		v3ppia---	glaux_only
10732	ὁ	l-s---ma-		ὁ		l-s---ma-	glaux_only
10733	νόος	n-s---ma-		νόος		n-s---ma-	glaux_only
10734	.	u--------		.		u--------	glaux_only
10735	οἴομαι	v1spim---		οἴομαι		v1spim---	glaux_only
10736	δέ	c--------		δέ		c--------	glaux_only
10737	σύ	p-p---ca-		σύ		p-p---ca-	glaux_only
10738	οὐ	d--------		οὐ		d--------	glaux_only
10739	ἀγνοέω	v--pna---		ἀγνοέω		v--pna---	glaux_only
10740	ὅτι	c--------		ὅτι		c--------	glaux_only
10741	ὁ	l-p---na-		ὁ		l-p---na-	glaux_only
10742	πρᾶγμα	n-p---na-		πρᾶγμα		n-p---na-	glaux_only
10743	ὁ	l-s---fg-		ὁ		l-s---fg-	glaux_only
10744	πόλις	n-s---fg-		πόλις		n-s---fg-	glaux_only
10745	ὁ	l-p---md-		ὁ		l-p---md-	glaux_only
10746	ἐπιγίγνομαι	v-pppmmd-		ἐπιγίγνομαι		v-pppmmd-	glaux_only
10747	καί	c--------		καί		c--------	glaux_only
10748	ὁ	l-p---md-	ὁ	ὁ	l-p---nd-	l-p---md-	
10749	τοιοῦτος	p-p---md-		τοιοῦτος		p-p---md-	glaux_only
10750	ὁ	l-p---mn-		ὁ		l-p---mn-	glaux_only
10751	πρέσβυς	a-p---mnc		πρέσβυς		a-p---mnc	glaux_only
10752	παραδίδωμι	v3ppia---		παραδίδωμι		v3ppia---	glaux_only
10753	.	u--------		.		u--------	glaux_only
10754	τοιοῦτος	p-s---fg-		τοιοῦτος		p-s---fg-	glaux_only
10755	οὖν	g--------		οὖν		g--------	glaux_only
10756	ἀεί	d--------		ἀεί		d--------	glaux_only
10757	ὁ	l-s---fg-		ὁ		l-s---fg-	glaux_only
10758	περίοδος	n-s---fg-		περίοδος		n-s---fg-	glaux_only
10759	γίγνομαι	v-sppmfg-		γίγνομαι		v-sppmfg-	glaux_only
10760	ἀναγκαῖος	a-s---nn-		ἀναγκαῖος		a-s---nn-	glaux_only
10761	εἰμί	v3spia---		εἰμί		v3spia---	glaux_only
10762	,	u--------		,		u--------	glaux_only
10763	ὅπως	c--------		ὅπως		c--------	glaux_only
10764	ὅς	p-p---na-		ὅς		p-p---na-	glaux_only
10765	ὁ	l-p---mn-		ὁ		l-p---mn-	glaux_only
10766	νέος	a-p---mnc		νέος		a-p---mnc	glaux_only
10767	παιδεύω	v3pasp---		παιδεύω		v3pasp---	glaux_only
10768	,	u--------		,		u--------	glaux_only
10769	οὕτως	d--------	οὕτως	οὕτως	d--------	d--------	
10770	ὁ	l-s---fa-	ὁ	ὁ	l-s---fa-	l-s---fa-	
10771	πόλις	n-s---fa-		πόλις		n-s---fa-	glaux_only
10772	πράσσω	v-sppafa-		πράσσω		v-sppafa-	glaux_only
10773	διατελέω	v--pna---		διατελέω		v--pna---	glaux_only
10774	·	u--------		·		u--------	glaux_only
10775	ὥστε	c--------		ὥστε		c--------	glaux_only
10776	σύ	p-s---cn-		σύ		p-s---cn-	glaux_only
10777	ποιέω	a-s---nn-		ποιέω		a-s---nn-	glaux_only
10778	ὁ	l-p---ma-	ὁ	ὁ	l-p---ma-	l-p---ma-	
10779	συκοφάντης	n-p---ma-		συκοφάντης		n-p---ma-	glaux_only
10780	κύριος	a-p---ma-		κύριος		a-p---ma-	glaux_only
10781	τηλικοῦτος	p-s---mg-		τηλικοῦτος		p-s---mg-	glaux_only
10782	πρᾶγμα	n-s---ng-		πρᾶγμα		n-s---ng-	glaux_only
10783	,	u--------		,		u--------	glaux_only
10784	οὐ	d--------		οὐ		d--------	glaux_only
10785							unmatched
10786							unmatched
10787							unmatched
10788	μή	d--------	μή		d--------		oga_only
10789							unmatched
10790							unmatched
10791							unmatched
10792							unmatched
10793							unmatched
10794							unmatched
10795							unmatched
10796							unmatched
10797	ἄν	g--------	ἄν	ἄν	d--------	g--------	
10798							unmatched
10799							unmatched
10800							unmatched
10801							unmatched
10802							unmatched
10803							unmatched
10804							unmatched
10805							unmatched
10806	ἀλλά	c--------		ἀλλά		c--------	glaux_only
10807	εἰ	c--------		εἰ		c--------	glaux_only
10808	μέν	g--------	μέν	μέν	d--------	g--------	
10809	ὁ	l-s---fn-		ὁ		l-s---fn-	glaux_only
10810	φιλοσοφία	n-s---fn-		φιλοσοφία		n-s---fn-	glaux_only
10811	τοιοῦτος	p-s---fa-		τοιοῦτος		p-s---fa-	glaux_only
10812	ἔχω	v3spia---		ἔχω		v3spia---	glaux_only
10813	δύναμις	n-s---fa-		δύναμις		n-s---fa-	glaux_only
10814	ὥστε	c--------		ὥστε		c--------	glaux_only
10815	διαφθείρω	v--pna---		διαφθείρω		v--pna---	glaux_only
10816	ὁ	l-p---ma-		ὁ		l-p---ma-	glaux_only
10817	νέος	a-p---mac		νέος		a-p---mac	glaux_only
10818	,	u--------		,		u--------	glaux_only
10819	οὐ	d--------		οὐ		d--------	glaux_only
10820	οὗτος	p-s---ma-		οὗτος		p-s---ma-	glaux_only
10821	χρή	v3spia---		χρή		v3spia---	glaux_only
10822	μόνος	d--------		μόνος		d--------	glaux_only
10823	κολάζω	v--pna---		κολάζω		v--pna---	glaux_only
10824	ὅς	p-s---ma-		ὅς		p-s---ma-	glaux_only
10825	ἄν	g--------		ἄν		g--------	glaux_only
10826	γράφω	v3sasm---		γράφω		v3sasm---	glaux_only
10827	τις	p-s---cn-		τις		p-s---cn-	glaux_only
10828	οὗτος	p-p---mg-		οὗτος		p-p---mg-	glaux_only
10829	,	u--------	,	,	u--------	u--------	
10830	ἀλλά	c--------	ἀλλά	ἀλλά	c--------	c--------	
10831	πᾶς	p-p---ma-		πᾶς		p-p---ma-	glaux_only
10832	ἐκποδών	d--------		ἐκποδών		d--------	glaux_only
10833	ποιέω	v--pnm---		ποιέω		v--pnm---	glaux_only
10834	ὁ	l-p---ma-		ὁ		l-p---ma-	glaux_only
10835	περί	r--------		περί		r--------	glaux_only
10836	ὁ	l-s---fa-		ὁ		l-s---fa-	glaux_only
10837	διατριβή	n-s---fa-		διατριβή		n-s---fa-	glaux_only
10838	οὗτος	p-s---fa-		οὗτος		p-s---fa-	glaux_only
10839	εἰμί	v-pppama-		εἰμί		v-pppama-	glaux_only
10840	·	u--------	·	·	u--------	u--------	
10841	εἰ	c--------		εἰ		c--------	glaux_only
10842	δέ	c--------		δέ		c--------	glaux_only
10843							unmatched
10844							unmatched
10845	φύω	v3sria---		φύω		v3sria---	glaux_only
10846	ὥστε	c--------		ὥστε		c--------	glaux_only
10847	ὠφελέω	v--pna---		ὠφελέω		v--pna---	glaux_only
10848	καί	c--------	καί	καί	c--------	c--------	
10849	ἀγαθός	a-p---mac		ἀγαθός		a-p---mac	glaux_only
10850	ποιέω	v--pna---		ποιέω		v--pna---	glaux_only
10851	ὁ	l-p---ma-		ὁ		l-p---ma-	glaux_only
10852	πλησιάζω	v-pppama-		πλησιάζω		v-pppama-	glaux_only
10853	καί	c--------		καί		c--------	glaux_only
10854	πολύς	a-s---ngc		πολύς		a-s---ngc	glaux_only
10855	ἄξιος	a-p---ma-		ἄξιος		a-p---ma-	glaux_only
10856	,	u--------		,		u--------	glaux_only
10857	ὁ	l-p---ma-		ὁ		l-p---ma-	glaux_only
10858	μέν	g--------		μέν		g--------	glaux_only
10859	διαβάλλω	v-prpmma-		διαβάλλω		v-prpmma-	glaux_only
10860	πρός	r--------		πρός		r--------	glaux_only
10861	αὐτός	p-s---fa-		αὐτός		p-s---fa-	glaux_only
10862	παυστέον	a-s---nn-		παυστέον		a-s---nn-	glaux_only
10863	,	u--------		,		u--------	glaux_only
10864	ὁ	l-p---ma-		ὁ		l-p---ma-	glaux_only
10865	δέ	c--------		δέ		c--------	glaux_only
10866	συκοφαντέω	v-pppama-		συκοφαντέω		v-pppama-	glaux_only
10867	ἀτιμητέον	a-s---nn-		ἀτιμητέον		a-s---nn-	glaux_only
10868	,	u--------		,		u--------	glaux_only
10869	ὁ	l-p---md-		ὁ		l-p---md-	glaux_only
10870	δέ	c--------		δέ		c--------	glaux_only
10871	νεώτερος	a-p---mdc		νεώτερος		a-p---mdc	glaux_only
10872	συμβουλευτέος	a-s---nn-		συμβουλευτέος		a-s---nn-	glaux_only
10873	ἐν	r--------		ἐν		r--------	glaux_only
10874	οὗτος	p-s---fd-		οὗτος		p-s---fd-	glaux_only
10875	διατρίβω	v--pna---		διατρίβω		v--pna---	glaux_only
10876	μάλα	d-------c		μάλα		d-------c	glaux_only
10877	ἤ	c--------		ἤ		c--------	glaux_only
10878	ὁ	l-p---nd-		ὁ		l-p---nd-	glaux_only
10879	ἄλλος	p-p---nd-		ἄλλος		p-p---nd-	glaux_only
10880	ἐπιτήδευμα	n-p---nd-		ἐπιτήδευμα		n-p---nd-	glaux_only
10881	.	u--------		.		u--------	glaux_only
10882	πρό	r--------		πρό		r--------	glaux_only
10883	πολύς	a-p---ng-		πολύς		a-p---ng-	glaux_only
10884	δέ	c--------		δέ		c--------	glaux_only
10885	ἄν	g--------		ἄν		g--------	glaux_only
10886	ποιέω	v1saim---		ποιέω		v1saim---	glaux_only
10887	,	u--------		,		u--------	glaux_only
10888	εἴπερ	c--------		εἴπερ		c--------	glaux_only
10889	εἰμί	v3siia---		εἰμί		v3siia---	glaux_only
10890	μείρομαι	v-srpmnn-		μείρομαι		v-srpmnn-	glaux_only
10891	ἐγώ	p-s---cd-		ἐγώ		p-s---cd-	glaux_only
10892	φεύγω	v--pna---		φεύγω		v--pna---	glaux_only
10893	ὁ	l-s---fa-	ὁ	ὁ	l-s---fa-	l-s---fa-	
10894	γραφή	n-s---fa-		γραφή		n-s---fa-	glaux_only
10895	οὗτος	p-s---fa-		οὗτος		p-s---fa-	glaux_only
10896	,	u--------		,		u--------	glaux_only
10897	ἀκμάζω	v-sppamd-		ἀκμάζω		v-sppamd-	glaux_only
10898	ἐγώ	p-s---cd-		ἐγώ		p-s---cd-	glaux_only
10899	προσπίπτω	v--ana---		προσπίπτω		v--ana---	glaux_only
10900	ὁ	l-s---ma-		ὁ		l-s---ma-	glaux_only
10901	κίνδυνος	n-s---ma-		κίνδυνος		n-s---ma-	glaux_only
10902	·	u--------		·		u--------	glaux_only
10903	οὐ	d--------		οὐ		d--------	glaux_only
10904	γάρ	g--------		γάρ		g--------	glaux_only
10905	ἄν	g--------		ἄν		g--------	glaux_only
10906	ἀθυμέω	v1siia---		ἀθυμέω		v1siia---	glaux_only
10907	,	u--------		,		u--------	glaux_only
10908	ἀλλά	c--------		ἀλλά		c--------	glaux_only
10909	μάλα	d-------c	μᾶλλον	μάλα	d--------	d-------c	DISAGREE
10910	οἷος	p-s---mn-		οἷος		p-s---mn-	glaux_only
10911	τε	c--------		τε		c--------	glaux_only
10912	ἄν	g--------	ἄν	ἄν	d--------	g--------	
10913	γίγνομαι	v1saim---		γίγνομαι		v1saim---	glaux_only
10914	καί	c--------		καί		c--------	glaux_only
10915	ὁ	l-s---ma-		ὁ		l-s---ma-	glaux_only
10916	κατήγορος	a-s---ma-		κατήγορος		a-s---ma-	glaux_only
10917	ἀμύνω	v--anm---		ἀμύνω		v--anm---	glaux_only
10918	καί	c--------		καί		c--------	glaux_only
10919	ὁ	l-s---fd-		ὁ		l-s---fd-	glaux_only
10920	φιλοσοφία	n-s---fd-		φιλοσοφία		n-s---fd-	glaux_only
10921	βοηθέω	v--ana---		βοηθέω		v--ana---	glaux_only
10922	·	u--------		·		u--------	glaux_only
10923	νῦν	d--------		νῦν		d--------	glaux_only
10924	δέ	c--------		δέ		c--------	glaux_only
10925	φοβέω	v1spim---		φοβέω		v1spim---	glaux_only
10926	μή	d--------		μή		d--------	glaux_only
10927	διά	r--------		διά		r--------	glaux_only
10928	οὗτος	p-s---fa-		οὗτος		p-s---fa-	glaux_only
10929	ὑπέρ	r--------		ὑπέρ		r--------	glaux_only
10930	ἄλλος	p-p---ng-		ἄλλος		p-p---ng-	glaux_only
10931	πρᾶγμα	n-p---ng-		πρᾶγμα		n-p---ng-	glaux_only
10932	ἐπιεικής	d--------		ἐπιεικής		d--------	glaux_only
10933	λέγω	v-srpamn-		λέγω		v-srpamn-	glaux_only
10934	,	u--------		,		u--------	glaux_only
10935	περί	r--------		περί		r--------	glaux_only
10936	αὐτός	p-s---fg-		αὐτός		p-s---fg-	glaux_only
10937	οὗτος	p-s---fg-		οὗτος		p-s---fg-	glaux_only
10938	κακός	a-s---nac		κακός		a-s---nac	glaux_only
10939	τυγχάνω	v1sasa---		τυγχάνω		v1sasa---	glaux_only
10940	διαλέγω	v-sappmn-		διαλέγω		v-sappmn-	glaux_only
10941	ἤ	c--------		ἤ		c--------	glaux_only
10942	περί	r--------		περί		r--------	glaux_only
10943	ὅς	p-p---ng-		ὅς		p-p---ng-	glaux_only
10944	ἥσσων	a-s---nac		ἥσσων		a-s---nac	glaux_only
10945	ἐγώ	p-s---cd-	ἐγώ	ἐγώ	p-s---md-	p-s---cd-	
10946	σπουδάζω	v--ana---		σπουδάζω		v--ana---	glaux_only
10947	προσήκω	v3siia---		προσήκω		v3siia---	glaux_only
10948	.	u--------		.		u--------	glaux_only
10949	καίτοι	g--------		καίτοι		g--------	glaux_only
10950	δέχομαι	v1saom---		δέχομαι		v1saom---	glaux_only
10951	ἄν	g--------		ἄν		g--------	glaux_only
10952	,	u--------		,		u--------	glaux_only
10953	λέγω	v3sfim---		λέγω		v3sfim---	glaux_only
10954	γάρ	g--------	γάρ	γάρ	d--------	g--------	
10955							unmatched
10956							unmatched
10957	εἰ	c--------		εἰ		c--------	glaux_only
10958	καί	c--------		καί		c--------	glaux_only
10959	μωρός	a-s---mn-		μωρός		a-s---mn-	glaux_only
10960	ὁ	l-s---mn-		ὁ		l-s---mn-	glaux_only
10961	λόγος	n-s---mn-		λόγος		n-s---mn-	glaux_only
10962	εἰμί	v3spia---		εἰμί		v3spia---	glaux_only
10963	,	u--------		,		u--------	glaux_only
10964	ἤδη	d--------		ἤδη		d--------	glaux_only
10965	τελευτάω	v--ana---		τελευτάω		v--ana---	glaux_only
10966	ὁ	l-s---ma-		ὁ		l-s---ma-	glaux_only
10967	βίος	n-s---ma-		βίος		n-s---ma-	glaux_only
10968	ἄξιος	d--------		ἄξιος		d--------	glaux_only
10969	λέγω	v-sapamn-		λέγω		v-sapamn-	glaux_only
10970	ὁ	l-s---fg-		ὁ		l-s---fg-	glaux_only
10971	ὑπόθεσις	n-s---fg-		ὑπόθεσις		n-s---fg-	glaux_only
10972	καί	c--------	καί	καί	c--------	c--------	
10973	πείθω	v-sapamn-		πείθω		v-sapamn-	glaux_only
10974	σύ	p-p---ca-		σύ		p-p---ca-	glaux_only
10975	τοιοῦτος	p-s---fa-		τοιοῦτος		p-s---fa-	glaux_only
10976	νομίζω	v--pna---		νομίζω		v--pna---	glaux_only
10977	ὁ	l-s---fa-		ὁ		l-s---fa-	glaux_only
10978	ὁ	l-p---mg-	ὁ	ὁ	l-p---mg-	l-p---mg-	
10979	λόγος	n-p---mg-		λόγος		n-p---mg-	glaux_only
10980	μελέτη	n-s---fa-		μελέτη		n-s---fa-	glaux_only
10981	οἷος	p-s---fn-		οἷος		p-s---fn-	glaux_only
10982	περ	d--------		περ		d--------	glaux_only
10983	εἰμί	v3spia---	εἰμί	εἰμί	v3spia---	v3spia---	
10984	,	u--------		,		u--------	glaux_only
10985	μάλα	d-------c		μάλα		d-------c	glaux_only
10986	ἤ	c--------		ἤ		c--------	glaux_only
10987	ζάω	v--pna---		ζάω		v--pna---	glaux_only
10988	πολυπλάσιος	a-s---mg-		πολυπλάσιος		a-s---mg-	glaux_only
10989	χρόνος	n-s---ma-		χρόνος		n-s---ma-	glaux_only
10990	ἐφοράω	v-sppamn-		ἐφοράω		v-sppamn-	glaux_only
10991	οὕτως	d--------		οὕτως		d--------	glaux_only
10992	αὐτός	p-s---fa-		αὐτός		p-s---fa-	glaux_only
10993	ὥσπερ	c--------		ὥσπερ		c--------	glaux_only
10994	νῦν	d--------		νῦν		d--------	glaux_only
10995	παρά	r--------		παρά		r--------	glaux_only
10996	σύ	p-p---cd-	σύ	σύ	p-p---md-	p-p---cd-	
10997	φέρω	v-sppmfa-		φέρω		v-sppmfa-	glaux_only
10998	.	u--------		.		u--------	glaux_only
10999	ὁ	l-s---fg-		ὁ		l-s---fg-	glaux_only
11000	μέν	g--------	μέν	μέν	d--------	g--------	
11001	οὖν	g--------		οὖν		g--------	glaux_only
11002	ἐπιθυμία	n-s---fg-		ἐπιθυμία		n-s---fg-	glaux_only
11003	οἶδα	v1sria---		οἶδα		v1sria---	glaux_only
11004	ὅτι	c--------		ὅτι		c--------	glaux_only
11005	πολύς	a-s---na-		πολύς		a-s---na-	glaux_only
11006	καταδεής	a-s---nac		καταδεής		a-s---nac	glaux_only
11007	λέγω	v1pfia---		λέγω		v1pfia---	glaux_only
11008	·	u--------		·		u--------	glaux_only
11009	ὅμως	d--------		ὅμως		d--------	glaux_only
11010	δέ	c--------		δέ		c--------	glaux_only
11011	ὅπως	c--------		ὅπως		c--------	glaux_only
11012	ἄν	g--------		ἄν		g--------	glaux_only
11013	δύναμαι	v1spsm---		δύναμαι		v1spsm---	glaux_only
11014	,	u--------		,		u--------	glaux_only
11015	πειράω	v1sfim---		πειράω		v1sfim---	glaux_only
11016	διέρχομαι	v--ana---		διέρχομαι		v--ana---	glaux_only
11017	ὁ	l-s---fa-		ὁ		l-s---fa-	glaux_only
11018	τε	c--------		τε		c--------	glaux_only
11019	φύσις	n-s---fa-		φύσις		n-s---fa-	glaux_only
11020	αὐτός	p-s---fg-		αὐτός		p-s---fg-	glaux_only
11021	καί	c--------		καί		c--------	glaux_only
11022	ὁ	l-s---fa-		ὁ		l-s---fa-	glaux_only
11023	δύναμις	n-s---fa-		δύναμις		n-s---fa-	glaux_only
11024	ὅς	p-s---fa-	εἰμί	ὅς	v1siia---	p-s---fa-	DISAGREE
11025	ἔχω	v3spia---		ἔχω		v3spia---	glaux_only
11026	,	u--------	,	,	u--------	u--------	
11027	καί	c--------	καί	καί	c--------	c--------	
11028	ποῖος	p-s---fd-		ποῖος		p-s---fd-	glaux_only
11029	ὁ	l-p---fg-		ὁ		l-p---fg-	glaux_only
11030	ἄλλος	p-p---fg-		ἄλλος		p-p---fg-	glaux_only
11031	τέχνη	n-p---fg-		τέχνη		n-p---fg-	glaux_only
11032	ὁμοιοειδής	a-s---fn-		ὁμοιοειδής		a-s---fn-	glaux_only
11033	εἰμί	v3spia---		εἰμί		v3spia---	glaux_only
11034	,	u--------		,		u--------	glaux_only
11035	καί	c--------	καί	καί	c--------	c--------	
11036	τίς	p-s---na-		τίς		p-s---na-	glaux_only
11037	ὁ	l-p---ma-		ὁ		l-p---ma-	glaux_only
11038	σύνειμι	v-pppama-		σύνειμι		v-pppama-	glaux_only
11039	ὠφελέω	v3spia---		ὠφελέω		v3spia---	glaux_only
11040	,	u--------		,		u--------	glaux_only
11041	καί	c--------		καί		c--------	glaux_only
11042	ποῖος	p-p---fa-		ποῖος		p-p---fa-	glaux_only
11043	τις	p-p---ca-		τις		p-p---ca-	glaux_only
11044	ποιέω	v1ppim---		ποιέω		v1ppim---	glaux_only
11045	ἐγώ	p-p---cn-		ἐγώ		p-p---cn-	glaux_only
11046	ὁ	l-p---fa-		ὁ		l-p---fa-	glaux_only
11047	ὑπόσχεσις	n-p---fa-		ὑπόσχεσις		n-p---fa-	glaux_only
11048	·	u--------		·		u--------	glaux_only
11049	οἴομαι	v1spim---		οἴομαι		v1spim---	glaux_only
11050	γάρ	g--------		γάρ		g--------	glaux_only
11051	σύ	p-p---ca-		σύ		p-p---ca-	glaux_only
11052	μανθάνω	v-papama-		μανθάνω		v-papama-	glaux_only
11053	ὁ	l-s---fa-		ὁ		l-s---fa-	glaux_only
11054	ἀλήθεια	n-s---fa-		ἀλήθεια		n-s---fa-	glaux_only
11055	ἀγαθός	a-s---nac		ἀγαθός		a-s---nac	glaux_only
11056	καί	c--------	καί	καί	c--------	c--------	
11057	βουλεύω	v--fnm---		βουλεύω		v--fnm---	glaux_only
11058	καί	c--------	καί	καί	c--------	c--------	
11059	διαγιγνώσκω	v--fnm---		διαγιγνώσκω		v--fnm---	glaux_only
11060	περί	r--------	περί	περί	r--------	r--------	
11061	αὐτός	p-s---fg-		αὐτός		p-s---fg-	glaux_only
11062	.	u--------		.		u--------	glaux_only
11063	ἀξιόω	v1spia---		ἀξιόω		v1spia---	glaux_only
11064	δέ	c--------		δέ		c--------	glaux_only
11065	σύ	p-p---ca-		σύ		p-p---ca-	glaux_only
11066	,	u--------	,	,	u--------	u--------	
11067	ἐάν	c--------		ἐάν		c--------	glaux_only
11068	ἄρα	g--------		ἄρα		g--------	glaux_only
11069	φαίνω	v1spsm---		φαίνω		v1spsm---	glaux_only
11070	λόγος	n-p---ma-		λόγος		n-p---ma-	glaux_only
11071	διεξέρχομαι	v-sppamn-		διεξέρχομαι		v-sppamn-	glaux_only
11072	πολύς	a-s---na-		πολύς		a-s---na-	glaux_only
11073	ὁ	l-p---ng-		ὁ		l-p---ng-	glaux_only
11074	ἐθίζω	v-prpmng-		ἐθίζω		v-prpmng-	glaux_only
11075	λέγω	v--pnm---		λέγω		v--pnm---	glaux_only
11076	παρά	r--------		παρά		r--------	glaux_only
11077	σύ	p-p---cd-		σύ		p-p---cd-	glaux_only
11078	ἐξαλλάσσω	v-prpmma-		ἐξαλλάσσω		v-prpmma-	glaux_only
11079	,	u--------		,		u--------	glaux_only
11080	μή	d--------		μή		d--------	glaux_only
11081	δυσχεραίνω	v--pna---		δυσχεραίνω		v--pna---	glaux_only
11082	ἀλλά	c--------		ἀλλά		c--------	glaux_only
11083	ἔχω	v--pna---		ἔχω		v--pna---	glaux_only
11084	συγγνώμη	n-s---fa-		συγγνώμη		n-s---fa-	glaux_only
11085	,	u--------		,		u--------	glaux_only
11086	ἐνθυμέομαι	v-pppmma-		ἐνθυμέομαι		v-pppmma-	glaux_only
11087	ὅτι	c--------		ὅτι		c--------	glaux_only
11088	ὁ	l-p---ma-		ὁ		l-p---ma-	glaux_only
11089	περί	r--------	περί	περί	r--------	r--------	
11090	πρᾶγμα	n-p---ng-		πρᾶγμα		n-p---ng-	glaux_only
11091	ἀνόμοιος	a-p---ng-		ἀνόμοιος		a-p---ng-	glaux_only
11092	ὁ	l-p---md-		ὁ		l-p---md-	glaux_only
11093	ἄλλος	p-p---md-		ἄλλος		p-p---md-	glaux_only
11094	ἀγωνίζομαι	v-pppmma-		ἀγωνίζομαι		v-pppmma-	glaux_only
11095	ἀναγκαῖος	a-s---nn-		ἀναγκαῖος		a-s---nn-	glaux_only
11096	εἰμί	v3spia---		εἰμί		v3spia---	glaux_only
11097	καί	c--------		καί		c--------	glaux_only
11098	ὁ	l-p---md-		ὁ		l-p---md-	glaux_only
11099	λόγος	n-p---md-		λόγος		n-p---md-	glaux_only
11100	τοιοῦτος	p-p---md-		τοιοῦτος		p-p---md-	glaux_only
11101	χράω	v--pnm---		χράω		v--pnm---	glaux_only
11102	περί	r--------		περί		r--------	glaux_only
11103	αὐτός	p-p---ng-		αὐτός		p-p---ng-	glaux_only
11104	.	u--------		.		u--------	glaux_only
11105	ὑπομένω	v-papamn-		ὑπομένω		v-papamn-	glaux_only
11106	οὖν	g--------		οὖν		g--------	glaux_only
11107	ὁ	l-s---ma-		ὁ		l-s---ma-	glaux_only
11108	τρόπος	n-s---ma-		τρόπος		n-s---ma-	glaux_only
11109	ὁ	l-p---ng-		ὁ		l-p---ng-	glaux_only
11110	λέγω	v-pppmng-		λέγω		v-pppmng-	glaux_only
11111	καί	c--------	καί	καί	c--------	c--------	
11112	ὁ	l-s---fa-		ὁ		l-s---fa-	glaux_only
11113	παρρησία	n-s---fa-		παρρησία		n-s---fa-	glaux_only
11114	,	u--------		,		u--------	glaux_only
11115	καί	c--------		καί		c--------	glaux_only
11116	ὁ	l-s---ma-		ὁ		l-s---ma-	glaux_only
11117	χρόνος	n-s---ma-		χρόνος		n-s---ma-	glaux_only
11118	ἐάω	v-papamn-		ἐάω		v-papamn-	glaux_only
11119	ἀναλίσκω	v--ana---		ἀναλίσκω		v--ana---	glaux_only
11120	ἐγώ	p-s---ca-		ἐγώ		p-s---ca-	glaux_only
11121	ὁ	l-s---ma-		ὁ		l-s---ma-	glaux_only
11122	δίδωμι	v-srpmma-		δίδωμι		v-srpmma-	glaux_only
11123	ὁ	l-p---fd-		ὁ		l-p---fd-	glaux_only
11124	ἀπολογία	n-p---fd-		ἀπολογία		n-p---fd-	glaux_only
11125	,	u--------		,		u--------	glaux_only
11126	ὅπως	c--------		ὅπως		c--------	glaux_only
11127	ἄν	g--------		ἄν		g--------	glaux_only
11128	σύ	p-p---cg-		σύ		p-p---cg-	glaux_only
11129	ἕκαστος	p-s---md-		ἕκαστος		p-s---md-	glaux_only
11130	δοκέω	v3spsa---		δοκέω		v3spsa---	glaux_only
11131	δίκαιος	a-s---nn-		δίκαιος		a-s---nn-	glaux_only
11132	εἰμί	v--pna---		εἰμί		v--pna---	glaux_only
11133	καί	c--------		καί		c--------	glaux_only
11134	νόμιμος	a-s---nn-		νόμιμος		a-s---nn-	glaux_only
11135	,	u--------		,		u--------	glaux_only
11136	οὕτως	d--------		οὕτως		d--------	glaux_only
11137	φέρω	v2ppma---		φέρω		v2ppma---	glaux_only
11138	ὁ	l-s---fa-		ὁ		l-s---fa-	glaux_only
11139	ψῆφος	n-s---fa-		ψῆφος		n-s---fa-	glaux_only
11140	.	u--------		.		u--------	glaux_only
11141	βούλομαι	v1spim---		βούλομαι		v1spim---	glaux_only
11142	δέ	c--------		δέ		c--------	glaux_only
11143	περί	r--------		περί		r--------	glaux_only
11144	ὁ	l-s---fg-		ὁ		l-s---fg-	glaux_only
11145	ὁ	l-p---mg-		ὁ		l-p---mg-	glaux_only
11146	λόγος	n-p---mg-		λόγος		n-p---mg-	glaux_only
11147	παιδεία	n-s---fg-		παιδεία		n-s---fg-	glaux_only
11148	ὥσπερ	c--------		ὥσπερ		c--------	glaux_only
11149	ὁ	l-p---mn-		ὁ		l-p---mn-	glaux_only
11150	γενεαλογέω	v-pppamn-		γενεαλογέω		v-pppamn-	glaux_only
11151	πρῶτος	a-s---na-		πρῶτος		a-s---na-	glaux_only
11152	διέρχομαι	v--ana---		διέρχομαι		v--ana---	glaux_only
11153	πρός	r--------		πρός		r--------	glaux_only
11154	σύ	p-p---ca-		σύ		p-p---ca-	glaux_only
11155	.	u--------		.		u--------	glaux_only
11156	ὁμολογέω	v3spim---		ὁμολογέω		v3spim---	glaux_only
11157	μέν	g--------		μέν		g--------	glaux_only
11158	γάρ	g--------	γάρ	γάρ	d--------	g--------	
11159	ὁ	l-s---fa-		ὁ		l-s---fa-	glaux_only
11160	φύσις	n-s---fa-		φύσις		n-s---fa-	glaux_only
11161	ἐγώ	p-p---cg-		ἐγώ		p-p---cg-	glaux_only
11162	ἐκ	r--------		ἐκ		r--------	glaux_only
11163	τε	c--------		τε		c--------	glaux_only
11164	ὁ	l-s---ng-		ὁ		l-s---ng-	glaux_only
11165	σῶμα	n-s---ng-		σῶμα		n-s---ng-	glaux_only
11166	σύγκειμαι	v--pnm---		σύγκειμαι		v--pnm---	glaux_only
11167	καί	c--------	καί	καί	c--------	c--------	
11168	ὁ	l-s---fg-		ὁ		l-s---fg-	glaux_only
11169	ψυχή	n-s---fg-		ψυχή		n-s---fg-	glaux_only
11170	,	u--------		,		u--------	glaux_only
11171	αὐτός	p-d---md-		αὐτός		p-d---md-	glaux_only
11172	δέ	c--------		δέ		c--------	glaux_only
11173	οὗτος	p-d---md-		οὗτος		p-d---md-	glaux_only
11174	οὐδείς	p-s---mn-		οὐδείς		p-s---mn-	glaux_only
11175	εἰμί	v3spia---		εἰμί		v3spia---	glaux_only
11176	ὅστις	p-s---mn-		ὅστις		p-s---mn-	glaux_only
11177	οὐ	d--------		οὐ		d--------	glaux_only
11178	ἄν	g--------	ἄν	ἄν	d--------	g--------	
11179	φημί	v3saoa---		φημί		v3saoa---	glaux_only
11180	ἡγεμονικός	a-s---fac		ἡγεμονικός		a-s---fac	glaux_only
11181	φύω	v--rna---		φύω		v--rna---	glaux_only
11182	ὁ	l-s---fa-		ὁ		l-s---fa-	glaux_only
11183	ψυχή	n-s---fa-		ψυχή		n-s---fa-	glaux_only
11184	καί	c--------		καί		c--------	glaux_only
11185	πολύς	a-s---ngc		πολύς		a-s---ngc	glaux_only
11186	ἄξιος	a-s---fa-		ἄξιος		a-s---fa-	glaux_only
11187	·	u--------		·		u--------	glaux_only
11188	ὁ	l-s---fg-		ὁ		l-s---fg-	glaux_only
11189	μέν	g--------		μέν		g--------	glaux_only
11190	γάρ	g--------		γάρ		g--------	glaux_only
11191	ἔργον	n-s---na-		ἔργον		n-s---na-	glaux_only
11192	εἰμί	v--pna---		εἰμί		v--pna---	glaux_only
11193	βουλεύω	v--anm---		βουλεύω		v--anm---	glaux_only
11194	καί	c--------		καί		c--------	glaux_only
11195	περί	r--------		περί		r--------	glaux_only
11196	ὁ	l-p---ng-	ὁ	ὁ	l-p---mg-	l-p---ng-	
11197	ἴδιος	a-p---ng-		ἴδιος		a-p---ng-	glaux_only
11198	καί	c--------		καί		c--------	glaux_only
11199	περί	r--------	περί	περί	r--------	r--------	
11200	ὁ	l-p---ng-		ὁ		l-p---ng-	glaux_only
11201	κοινός	a-p---ng-		κοινός		a-p---ng-	glaux_only
11202	,	u--------		,		u--------	glaux_only
11203	ὁ	l-s---ng-		ὁ		l-s---ng-	glaux_only
11204	δέ	c--------		δέ		c--------	glaux_only
11205	σῶμα	n-s---ng-		σῶμα		n-s---ng-	glaux_only
11206	ὑπηρετέω	v--ana---		ὑπηρετέω		v--ana---	glaux_only
11207	ὁ	l-p---nd-		ὁ		l-p---nd-	glaux_only
11208	ὑπό	r--------		ὑπό		r--------	glaux_only
11209	ὁ	l-s---fg-		ὁ		l-s---fg-	glaux_only
11210	ψυχή	n-s---fg-		ψυχή		n-s---fg-	glaux_only
11211	γιγνώσκω	v-pappnd-		γιγνώσκω		v-pappnd-	glaux_only
11212	.	u--------		.		u--------	glaux_only
11213	οὕτως	d--------		οὕτως		d--------	glaux_only
11214	δέ	c--------		δέ		c--------	glaux_only
11215	οὗτος	p-p---ng-		οὗτος		p-p---ng-	glaux_only
11216	ἔχω	v-pppang-		ἔχω		v-pppang-	glaux_only
11217	ὁράω	v-pppamn-		ὁράω		v-pppamn-	glaux_only
11218	τις	p-p---cn-		τις		p-p---cn-	glaux_only
11219	ὁ	l-p---mg-		ὁ		l-p---mg-	glaux_only
11220	πολύς	a-s---na-		πολύς		a-s---na-	glaux_only
11221	πρό	r--------		πρό		r--------	glaux_only
11222	ἐγώ	p-p---cg-		ἐγώ		p-p---cg-	glaux_only
11223	γίγνομαι	v-prpamg-		γίγνομαι		v-prpamg-	glaux_only
11224	περί	r--------		περί		r--------	glaux_only
11225	μέν	g--------		μέν		g--------	glaux_only
11226	ὁ	l-p---ng-		ὁ		l-p---ng-	glaux_only
11227	ἄλλος	p-p---ng-		ἄλλος		p-p---ng-	glaux_only
11228	πολύς	a-p---fa-	πολύς	πολύς	a-p---fa-	a-p---fa-	
11229	τέχνη	n-p---fa-		τέχνη		n-p---fa-	glaux_only
11230	συνίστημι	v-prpafa-		συνίστημι		v-prpafa-	glaux_only
11231	,	u--------		,		u--------	glaux_only
11232	περί	r--------	περί	περί	r--------	r--------	
11233	δέ	c--------		δέ		c--------	glaux_only
11234	ὁ	l-s---na-		ὁ		l-s---na-	glaux_only
11235	σῶμα	n-s---na-		σῶμα		n-s---na-	glaux_only
11236	καί	c--------		καί		c--------	glaux_only
11237	ὁ	l-s---fa-	ὁ	ὁ	l-s---fa-	l-s---fa-	
11238	ψυχή	n-s---fa-		ψυχή		n-s---fa-	glaux_only
11239	οὐδείς	p-s---na-		οὐδείς		p-s---na-	glaux_only
11240	τοιοῦτος	p-s---na-		τοιοῦτος		p-s---na-	glaux_only
11241	συντάσσω	v-srpmna-		συντάσσω		v-srpmna-	glaux_only
11242	,	u--------		,		u--------	glaux_only
11243	εὑρίσκω	v-papamn-		εὑρίσκω		v-papamn-	glaux_only
11244	δισσός	a-p---fa-		δισσός		a-p---fa-	glaux_only
11245	ἐπιμέλεια	n-p---fa-		ἐπιμέλεια		n-p---fa-	glaux_only
11246	καταλείπω	v3paia---		καταλείπω		v3paia---	glaux_only
11247	ἐγώ	p-p---cd-		ἐγώ		p-p---cd-	glaux_only
11248	,	u--------		,		u--------	glaux_only
11249	περί	r--------		περί		r--------	glaux_only
11250	μέν	g--------		μέν		g--------	glaux_only
11251	ὁ	l-p---na-		ὁ		l-p---na-	glaux_only
11252	σῶμα	n-p---na-		σῶμα		n-p---na-	glaux_only
11253	ὁ	l-s---fa-		ὁ		l-s---fa-	glaux_only
11254	παιδοτριβικός	a-s---fa-		παιδοτριβικός		a-s---fa-	glaux_only
11255	,	u--------		,		u--------	glaux_only
11256	ὅς	p-s---fg-		ὅς		p-s---fg-	glaux_only
11257	ὁ	l-s---fn-		ὁ		l-s---fn-	glaux_only
11258	γυμναστικός	a-s---fn-		γυμναστικός		a-s---fn-	glaux_only
11259	μέρος	n-s---nn-		μέρος		n-s---nn-	glaux_only
11260	εἰμί	v3spia---		εἰμί		v3spia---	glaux_only
11261	,	u--------		,		u--------	glaux_only
11262	περί	r--------		περί		r--------	glaux_only
11263	δέ	c--------		δέ		c--------	glaux_only
11264	ὁ	l-p---fa-		ὁ		l-p---fa-	glaux_only
11265	ψυχή	n-p---fa-		ψυχή		n-p---fa-	glaux_only
11266	ὁ	l-s---fa-		ὁ		l-s---fa-	glaux_only
11267	φιλοσοφία	n-s---fa-		φιλοσοφία		n-s---fa-	glaux_only
11268	,	u--------		,		u--------	glaux_only
11269	περί	r--------		περί		r--------	glaux_only
11270	ὅς	p-s---fg-		ὅς		p-s---fg-	glaux_only
11271	ἐγώ	p-s---cn-		ἐγώ		p-s---cn-	glaux_only
11272	μέλλω	v1spia---		μέλλω		v1spia---	glaux_only
11273	ποιέω	v--pnm---		ποιέω		v--pnm---	glaux_only
11274	ὁ	l-p---ma-		ὁ		l-p---ma-	glaux_only
11275	λόγος	n-p---ma-		λόγος		n-p---ma-	glaux_only
11276	,	u--------		,		u--------	glaux_only
11277	ἀντίστροφος	a-p---fa-		ἀντίστροφος		a-p---fa-	glaux_only
11278	καί	c--------	καί	καί	c--------	c--------	
11279	σύζυξ	n-p---fa-		σύζυξ		n-p---fa-	glaux_only
11280	καί	c--------	καί	καί	d--------	c--------	
11281	σφεῖς	p-p---cd-		σφεῖς		p-p---cd-	glaux_only
11282	αὐτός	p-p---fd-		αὐτός		p-p---fd-	glaux_only
11283	ὁμολογέω	v-pppmfa-		ὁμολογέω		v-pppmfa-	glaux_only
11284	,	u--------		,		u--------	glaux_only
11285	διά	r--------		διά		r--------	glaux_only
11286	ὅς	p-p---fg-		ὅς		p-p---fg-	glaux_only
11287	ὁ	l-p---mn-		ὁ		l-p---mn-	glaux_only
11288	προΐστημι	v-prpamn-		προΐστημι		v-prpamn-	glaux_only
11289	αὐτός	p-p---mg-		αὐτός		p-p---mg-	glaux_only
11290	ὁ	l-p---fa-		ὁ		l-p---fa-	glaux_only
11291	τε	c--------		τε		c--------	glaux_only
11292	ψυχή	n-p---fa-		ψυχή		n-p---fa-	glaux_only
11293	φρόνιμος	a-p---fac		φρόνιμος		a-p---fac	glaux_only
11294	καί	c--------	καί	καί	d--------	c--------	
11295	ὁ	l-p---na-		ὁ		l-p---na-	glaux_only
11296	σῶμα	n-p---na-		σῶμα		n-p---na-	glaux_only
11297	χρήσιμος	a-p---nac		χρήσιμος		a-p---nac	glaux_only
11298	παρασκευάζω	v3ppia---		παρασκευάζω		v3ppia---	glaux_only
11299	,	u--------		,		u--------	glaux_only
11300	οὐ	d--------		οὐ		d--------	glaux_only
11301	πολύς	a-s---na-		πολύς		a-s---na-	glaux_only
11302	διίστημι	v-papmmn-		διίστημι		v-papmmn-	glaux_only
11303	ὁ	l-p---fa-	ὁ	ὁ	l-p---fa-	l-p---fa-	
11304	παιδεία	n-p---fa-		παιδεία		n-p---fa-	glaux_only
11305	ἀπό	r--------		ἀπό		r--------	glaux_only
11306	ἀλλήλων	p-p---mg-		ἀλλήλων		p-p---mg-	glaux_only
11307	,	u--------		,		u--------	glaux_only
11308	ἀλλά	c--------		ἀλλά		c--------	glaux_only
11309	παραπλήσιος	a-p---fd-		παραπλήσιος		a-p---fd-	glaux_only
11310	χράω	v-pppmmn-		χράω		v-pppmmn-	glaux_only
11311	καί	c--------		καί		c--------	glaux_only
11312	ὁ	l-p---fd-		ὁ		l-p---fd-	glaux_only
11313	διδασκαλία	n-p---fd-		διδασκαλία		n-p---fd-	glaux_only
11314	καί	c--------		καί		c--------	glaux_only
11315	ὁ	l-p---fd-	ὁ	ὁ	l-p---fd-	l-p---fd-	
11316	γυμνασία	n-p---fd-		γυμνασία		n-p---fd-	glaux_only
11317	καί	c--------	καί	καί	c--------	c--------	
11318	ὁ	l-p---fd-		ὁ		l-p---fd-	glaux_only
11319	ἄλλος	p-p---fd-		ἄλλος		p-p---fd-	glaux_only
11320	ἐπιμέλεια	n-p---fd-		ἐπιμέλεια		n-p---fd-	glaux_only
11321	.	u--------		.		u--------	glaux_only
11322	ἐπειδάν	c--------		ἐπειδάν		c--------	glaux_only
11323	γάρ	g--------		γάρ		g--------	glaux_only
11324	λαμβάνω	v3pasa---		λαμβάνω		v3pasa---	glaux_only
11325	μαθητής	n-p---ma-		μαθητής		n-p---ma-	glaux_only
11326	,	u--------		,		u--------	glaux_only
11327	ὁ	l-p---mn-		ὁ		l-p---mn-	glaux_only
11328	μέν	g--------		μέν		g--------	glaux_only
11329	παιδοτρίβης	n-p---mn-		παιδοτρίβης		n-p---mn-	glaux_only
11330	ὁ	l-p---na-		ὁ		l-p---na-	glaux_only
11331	σχῆμα	n-p---na-		σχῆμα		n-p---na-	glaux_only
11332	ὁ	l-p---na-		ὁ		l-p---na-	glaux_only
11333	πρός	r--------		πρός		r--------	glaux_only
11334	ὁ	l-s---fa-		ὁ		l-s---fa-	glaux_only
11335	ἀγωνία	n-s---fa-		ἀγωνία		n-s---fa-	glaux_only
11336	εὑρίσκω	v-prpmna-		εὑρίσκω		v-prpmna-	glaux_only
11337	ὁ	l-p---ma-		ὁ		l-p---ma-	glaux_only
11338	φοιτάω	v-pppama-		φοιτάω		v-pppama-	glaux_only
11339	διδάσκω	v3ppia---		διδάσκω		v3ppia---	glaux_only
11340	,	u--------		,		u--------	glaux_only
11341	ὁ	l-p---mn-		ὁ		l-p---mn-	glaux_only
11342	δέ	c--------		δέ		c--------	glaux_only
11343	περί	r--------		περί		r--------	glaux_only
11344	ὁ	l-s---fa-		ὁ		l-s---fa-	glaux_only
11345	φιλοσοφία	n-s---fa-		φιλοσοφία		n-s---fa-	glaux_only
11346	εἰμί	v-pppamn-		εἰμί		v-pppamn-	glaux_only
11347	ὁ	l-p---fa-		ὁ		l-p---fa-	glaux_only
11348	ἰδέα	n-p---fa-		ἰδέα		n-p---fa-	glaux_only
11349	ἅπας	p-p---fa-		ἅπας		p-p---fa-	glaux_only
11350	,	u--------		,		u--------	glaux_only
11351	ὅς	p-p---fd-		ὅς		p-p---fd-	glaux_only
11352	ὁ	l-s---mn-		ὁ		l-s---mn-	glaux_only
11353	λόγος	n-s---mn-		λόγος		n-s---mn-	glaux_only
11354	τυγχάνω	v3spia---		τυγχάνω		v3spia---	glaux_only
11355	χράω	v-sppmmn-		χράω		v-sppmmn-	glaux_only
11356	,	u--------		,		u--------	glaux_only
11357	διεξέρχομαι	v3ppim---		διεξέρχομαι		v3ppim---	glaux_only
11358	ὁ	l-p---md-		ὁ		l-p---md-	glaux_only
11359	μαθητής	n-p---md-		μαθητής		n-p---md-	glaux_only
11360	.	u--------		.		u--------	glaux_only
11361	ἔμπειρος	a-p---ma-		ἔμπειρος		a-p---ma-	glaux_only
11362	δέ	c--------		δέ		c--------	glaux_only
11363	οὗτος	p-p---ng-		οὗτος		p-p---ng-	glaux_only
11364	ποιέω	v-papamn-		ποιέω		v-papamn-	glaux_only
11365	καί	c--------		καί		c--------	glaux_only
11366	διακριβόω	v-papamn-		διακριβόω		v-papamn-	glaux_only
11367	ἐν	r--------	ἐν	ἐν	r--------	r--------	
11368	οὗτος	p-p---nd-		οὗτος		p-p---nd-	glaux_only
11369	πάλιν	d--------		πάλιν		d--------	glaux_only
11370	γυμνάζω	v3ppia---		γυμνάζω		v3ppia---	glaux_only
11371	αὐτός	p-p---ma-		αὐτός		p-p---ma-	glaux_only
11372	,	u--------		,		u--------	glaux_only
11373	καί	c--------		καί		c--------	glaux_only
11374	πονέω	v--pna---		πονέω		v--pna---	glaux_only
11375	ἐθίζω	v3ppia---		ἐθίζω		v3ppia---	glaux_only
11376	,	u--------		,		u--------	glaux_only
11377	καί	c--------		καί		c--------	glaux_only
11378	συνείρω	v--pna---		συνείρω		v--pna---	glaux_only
11379	κατά	r--------		κατά		r--------	glaux_only
11380	εἷς	m-s---na-		εἷς		m-s---na-	glaux_only
11381	ἕκαστος	p-s---na-		ἕκαστος		p-s---na-	glaux_only
11382	ὅς	p-p---ng-		ὅς		p-p---ng-	glaux_only
11383	μανθάνω	v3paia---		μανθάνω		v3paia---	glaux_only
11384	ἀναγκάζω	v3ppia---		ἀναγκάζω		v3ppia---	glaux_only
11385	,	u--------	,	,	u--------	u--------	
11386	ἵνα	c--------		ἵνα		c--------	glaux_only
11387	οὗτος	p-p---na-		οὗτος		p-p---na-	glaux_only
11388	βέβαιος	a-s---nac		βέβαιος		a-s---nac	glaux_only
11389	κατέχω	v3pasa---		κατέχω		v3pasa---	glaux_only
11390	καί	c--------		καί		c--------	glaux_only
11391	ὁ	l-p---mg-	ὁ	ὁ	l-p---fg-	l-p---mg-	
11392	καιρός	n-p---mg-		καιρός		n-p---mg-	glaux_only
11393	ἐγγύς	d--------		ἐγγύς		d--------	glaux_only
11394	ὁ	l-p---fd-		ὁ		l-p---fd-	glaux_only
11395	δόξα	n-p---fd-		δόξα		n-p---fd-	glaux_only
11396	γίγνομαι	v3pasm---		γίγνομαι		v3pasm---	glaux_only
11397	.	u--------		.		u--------	glaux_only
11398	ὁ	l-s---nd-		ὁ		l-s---nd-	glaux_only
11399	μέν	g--------		μέν		g--------	glaux_only
11400	γάρ	g--------		γάρ		g--------	glaux_only
11401	οἶδα	v--rna---		οἶδα		v--rna---	glaux_only
11402	περιλαμβάνω	v--ana---		περιλαμβάνω		v--ana---	glaux_only
11403	αὐτός	p-p---ma-		αὐτός		p-p---ma-	glaux_only
11404	οὐ	d--------		οὐ		d--------	glaux_only
11405	οἷος	p-s---nn-		οἷος		p-s---nn-	glaux_only
11406	τε	c--------		τε		c--------	glaux_only
11407	εἰμί	v3spia---		εἰμί		v3spia---	glaux_only
11408	·	u--------		·		u--------	glaux_only
11409	ἐπί	r--------		ἐπί		r--------	glaux_only
11410	γάρ	g--------		γάρ		g--------	glaux_only
11411	ἅπας	p-p---ng-		ἅπας		p-p---ng-	glaux_only
11412	ὁ	l-p---ng-		ὁ		l-p---ng-	glaux_only
11413	πρᾶγμα	n-p---ng-		πρᾶγμα		n-p---ng-	glaux_only
11414	διαφεύγω	v3ppia---		διαφεύγω		v3ppia---	glaux_only
11415	ὁ	l-p---fa-		ὁ		l-p---fa-	glaux_only
11416	ἐπιστήμη	n-p---fa-		ἐπιστήμη		n-p---fa-	glaux_only
11417	,	u--------		,		u--------	glaux_only
11418	ὁ	l-p---mn-		ὁ		l-p---mn-	glaux_only
11419	δέ	c--------		δέ		c--------	glaux_only
11420	μάλα	d-------s		μάλα		d-------s	glaux_only
11421	προσέχω	v-pppamn-		προσέχω		v-pppamn-	glaux_only
11422	ὁ	l-s---ma-		ὁ		l-s---ma-	glaux_only
11423	νόος	n-s---ma-		νόος		n-s---ma-	glaux_only
11424	καί	c--------		καί		c--------	glaux_only
11425	δύναμαι	v-pppmmn-		δύναμαι		v-pppmmn-	glaux_only
11426	θεωρέω	v--pna---		θεωρέω		v--pna---	glaux_only
11427	ὁ	l-s---na-		ὁ		l-s---na-	glaux_only
11428	συμβαίνω	v-sppana-		συμβαίνω		v-sppana-	glaux_only
11429	ὡς	c--------		ὡς		c--------	glaux_only
11430	ἐπί	r--------		ἐπί		r--------	glaux_only
11431	ὁ	l-s---na-		ὁ		l-s---na-	glaux_only
11432	πολύς	a-s---na-		πολύς		a-s---na-	glaux_only
11433	πλειστάκις	d--------		πλειστάκις		d--------	glaux_only
11434	αὐτός	p-p---ng-		αὐτός		p-p---ng-	glaux_only
11435	τυγχάνω	v3ppia---		τυγχάνω		v3ppia---	glaux_only
11436	.	u--------		.		u--------	glaux_only
11437	οὗτος	p-s---ma-		οὗτος		p-s---ma-	glaux_only
11438	δέ	c--------		δέ		c--------	glaux_only
11439	ὁ	l-s---ma-		ὁ		l-s---ma-	glaux_only
11440	τρόπος	n-s---ma-		τρόπος		n-s---ma-	glaux_only
11441	ἐπιμελέομαι	v-pppmmn-		ἐπιμελέομαι		v-pppmmn-	glaux_only
11442	καί	c--------		καί		c--------	glaux_only
11443	παιδεύω	v-pppamn-		παιδεύω		v-pppamn-	glaux_only
11444	μέχρι	r--------		μέχρι		r--------	glaux_only
11445	μέν	g--------	μέν	μέν	d--------	g--------	
11446	ὁ	l-s---ng-		ὁ		l-s---ng-	glaux_only
11447	γίγνομαι	v--anm---		γίγνομαι		v--anm---	glaux_only
11448	ἀγαθός	a-p---mac		ἀγαθός		a-p---mac	glaux_only
11449	αὐτός	p-p---ma-		αὐτός		p-p---ma-	glaux_only
11450	ἑαυτοῦ	p-p---mg-	αὐτός	ἑαυτοῦ	p-p---mg-	p-p---mg-	DISAGREE
11451	ὁ	l-p---ma-		ὁ		l-p---ma-	glaux_only
11452	μαθητής	n-p---ma-		μαθητής		n-p---ma-	glaux_only
11453	καί	c--------		καί		c--------	glaux_only
11454	ἔχω	v--pna---		ἔχω		v--pna---	glaux_only
11455	ἀγαθός	a-s---nac		ἀγαθός		a-s---nac	glaux_only
11456	,	u--------		,		u--------	glaux_only
11457	ὁ	l-p---ma-		ὁ		l-p---ma-	glaux_only
11458	μέν	g--------		μέν		g--------	glaux_only
11459	ὁ	l-p---fa-		ὁ		l-p---fa-	glaux_only
11460	διάνοια	n-p---fa-		διάνοια		n-p---fa-	glaux_only
11461	ὁ	l-p---ma-		ὁ		l-p---ma-	glaux_only
11462	δέ	c--------		δέ		c--------	glaux_only
11463	ὁ	l-p---fa-		ὁ		l-p---fa-	glaux_only
11464	ὁ	l-p---ng-	ὁ	ὁ	l-p---mg-	l-p---ng-	
11465	σῶμα	n-p---ng-		σῶμα		n-p---ng-	glaux_only
11466	ἕξις	n-p---fa-		ἕξις		n-p---fa-	glaux_only
11467	,	u--------		,		u--------	glaux_only
11468	ἀμφότερος	a-p---mn-		ἀμφότερος		a-p---mn-	glaux_only
11469	δύναμαι	v3ppim---		δύναμαι		v3ppim---	glaux_only
11470	προάγω	v--ana---		προάγω		v--ana---	glaux_only
11471	·	u--------		·		u--------	glaux_only
11472	ἐκεῖνος	p-s---fa-		ἐκεῖνος		p-s---fa-	glaux_only
11473	δέ	c--------		δέ		c--------	glaux_only
11474	ὁ	l-s---fa-		ὁ		l-s---fa-	glaux_only
11475	ἐπιστήμη	n-s---fa-		ἐπιστήμη		n-s---fa-	glaux_only
11476	οὐδέτερος	p-p---mn-		οὐδέτερος		p-p---mn-	glaux_only
11477	τυγχάνω	v3ppia---		τυγχάνω		v3ppia---	glaux_only
11478	ἔχω	v-pppamn-		ἔχω		v-pppamn-	glaux_only
11479	,	u--------		,		u--------	glaux_only
11480	διά	r--------		διά		r--------	glaux_only
11481	ὅς	p-s---fg-		ὅς		p-s---fg-	glaux_only
11482	ἄν	g--------	ἄν	ἄν	d--------	g--------	
11483	ὁ	l-p---mn-		ὁ		l-p---mn-	glaux_only
11484	μέν	g--------		μέν		g--------	glaux_only
11485	ἀθλητής	n-p---ma-		ἀθλητής		n-p---ma-	glaux_only
11486	ὅς	p-p---ma-		ὅς		p-p---ma-	glaux_only
11487	βούλομαι	v3paop---		βούλομαι		v3paop---	glaux_only
11488	,	u--------		,		u--------	glaux_only
11489	ὁ	l-p---mn-	ὅς	ὁ	p-p---mn-	l-p---mn-	DISAGREE
11490	δέ	c--------		δέ		c--------	glaux_only
11491	ῥήτωρ	n-p---ma-		ῥήτωρ		n-p---ma-	glaux_only
11492	ἱκανός	a-p---ma-		ἱκανός		a-p---ma-	glaux_only
11493	ποιέω	v3paoa---		ποιέω		v3paoa---	glaux_only
11494	,	u--------		,		u--------	glaux_only
11495	ἀλλά	c--------		ἀλλά		c--------	glaux_only
11496	μέρος	n-s---nn-		μέρος		n-s---nn-	glaux_only
11497	μέν	g--------		μέν		g--------	glaux_only
11498	ἄν	g--------		ἄν		g--------	glaux_only
11499	τις	p-s---nn-		τις		p-s---nn-	glaux_only
11500	συμβάλλω	v3paom---		συμβάλλω		v3paom---	glaux_only
11501	,	u--------		,		u--------	glaux_only
11502	ὁ	l-s---na-		ὁ		l-s---na-	glaux_only
11503	δέ	c--------		δέ		c--------	glaux_only
11504	ὅλος	a-s---na-		ὅλος		a-s---na-	glaux_only
11505	ὁ	l-p---fn-		ὁ		l-p---fn-	glaux_only
11506	δύναμις	n-p---fn-		δύναμις		n-p---fn-	glaux_only
11507	οὗτος	p-p---fn-		οὗτος		p-p---fn-	glaux_only
11508	παραγίγνομαι	v3ppim---		παραγίγνομαι		v3ppim---	glaux_only
11509	ὁ	l-p---md-		ὁ		l-p---md-	glaux_only
11510	καί	c--------	καί	καί	c--------	c--------	
11511	ὁ	l-s---fd-		ὁ		l-s---fd-	glaux_only
11512	φύσις	n-s---fd-		φύσις		n-s---fd-	glaux_only
11513	καί	c--------		καί		c--------	glaux_only
11514	ὁ	l-p---fd-		ὁ		l-p---fd-	glaux_only
11515	ἐπιμέλεια	n-p---fd-		ἐπιμέλεια		n-p---fd-	glaux_only
11516	διαφέρω	v-papamd-		διαφέρω		v-papamd-	glaux_only
11517	.	u--------		.		u--------	glaux_only
11518	ὁ	l-s---mn-		ὁ		l-s---mn-	glaux_only
11519	μέν	g--------		μέν		g--------	glaux_only
11520	οὖν	g--------		οὖν		g--------	glaux_only
11521	τύπος	n-s---mn-		τύπος		n-s---mn-	glaux_only
11522	ὁ	l-s---fg-	ὁ	ὁ	l-s---fg-	l-s---fg-	
11523	φιλοσοφία	n-s---fg-		φιλοσοφία		n-s---fg-	glaux_only
11524	τοιοῦτος	p-s---mn-		τοιοῦτος		p-s---mn-	glaux_only
11525	τίς	p-s---cn-		τίς		p-s---cn-	glaux_only
11526	εἰμί	v3spia---		εἰμί		v3spia---	glaux_only
11527	·	u--------		·		u--------	glaux_only
11528	ἡγέομαι	v1spim---		ἡγέομαι		v1spim---	glaux_only
11529	δέ	c--------		δέ		c--------	glaux_only
11530	σύ	p-p---ca-		σύ		p-p---ca-	glaux_only
11531	μάλα	d-------c		μάλα		d-------c	glaux_only
11532	ἄν	g--------		ἄν		g--------	glaux_only
11533	ἔτι	d--------		ἔτι		d--------	glaux_only
11534	καταμανθάνω	v--ana---		καταμανθάνω		v--ana---	glaux_only
11535	ὁ	l-s---fa-		ὁ		l-s---fa-	glaux_only
11536	δύναμις	n-s---fa-		δύναμις		n-s---fa-	glaux_only
11537	αὐτός	p-s---fg-		αὐτός		p-s---fg-	glaux_only
11538	,	u--------		,		u--------	glaux_only
11539	εἰ	c--------		εἰ		c--------	glaux_only
11540	διέρχομαι	v1saoa---		διέρχομαι		v1saoa---	glaux_only
11541	ὁ	l-p---fa-		ὁ		l-p---fa-	glaux_only
11542	ὑπόσχεσις	n-p---fa-		ὑπόσχεσις		n-p---fa-	glaux_only
11543	ὅς	p-p---fa-		ὅς		p-p---fa-	glaux_only
11544	ποιέω	v1ppim---		ποιέω		v1ppim---	glaux_only
11545	πρός	r--------		πρός		r--------	glaux_only
11546	ὁ	l-p---ma-		ὁ		l-p---ma-	glaux_only
11547	πλησιάζω	v--pna---		πλησιάζω		v--pna---	glaux_only
11548	ἐγώ	p-p---cd-		ἐγώ		p-p---cd-	glaux_only
11549	βούλομαι	v-pppmma-		βούλομαι		v-pppmma-	glaux_only
11550	.	u--------		.		u--------	glaux_only
11551	λέγω	v1ppia---		λέγω		v1ppia---	glaux_only
11552	γάρ	g--------		γάρ		g--------	glaux_only
11553	ὡς	c--------		ὡς		c--------	glaux_only
11554	δέω	v3spia---		δέω		v3spia---	glaux_only
11555	ὁ	l-p---ma-		ὁ		l-p---ma-	glaux_only
11556	μέλλω	v-pppama-		μέλλω		v-pppama-	glaux_only
11557	διαφέρω	v--fna---		διαφέρω		v--fna---	glaux_only
11558	ἤ	c--------		ἤ		c--------	glaux_only
11559	περί	r--------		περί		r--------	glaux_only
11560	ὁ	l-p---ma-		ὁ		l-p---ma-	glaux_only
11561	λόγος	n-p---ma-		λόγος		n-p---ma-	glaux_only
11562	ἤ	c--------		ἤ		c--------	glaux_only
11563	περί	r--------		περί		r--------	glaux_only
11564	ὁ	l-p---fa-		ὁ		l-p---fa-	glaux_only
11565	πρᾶξις	n-p---fa-		πρᾶξις		n-p---fa-	glaux_only
11566	ἤ	c--------		ἤ		c--------	glaux_only
11567	περί	r--------		περί		r--------	glaux_only
11568	ὁ	l-p---fa-		ὁ		l-p---fa-	glaux_only
11569	ἄλλος	p-p---fa-		ἄλλος		p-p---fa-	glaux_only
11570	ἐργασία	n-p---fa-		ἐργασία		n-p---fa-	glaux_only
11571	πρῶτος	a-s---na-		πρῶτος		a-s---na-	glaux_only
11572	μέν	g--------		μέν		g--------	glaux_only
11573	πρός	r--------		πρός		r--------	glaux_only
11574	οὗτος	p-s---na-		οὗτος		p-s---na-	glaux_only
11575	φύω	v--rna---		φύω		v--rna---	glaux_only
11576	καλός	d--------		καλός		d--------	glaux_only
11577	,	u--------		,		u--------	glaux_only
11578	πρός	r--------	πρός	πρός	r--------	r--------	
11579	ὅς	p-s---na-		ὅς		p-s---na-	glaux_only
11580	ἄν	g--------		ἄν		g--------	glaux_only
11581	προαιρέω	v-prpmmn-		προαιρέω		v-prpmmn-	glaux_only
11582	τυγχάνω	v3ppsa---		τυγχάνω		v3ppsa---	glaux_only
11583	,	u--------		,		u--------	glaux_only
11584	ἔπειτα	d--------		ἔπειτα		d--------	glaux_only
11585	παιδεύω	v--anp---		παιδεύω		v--anp---	glaux_only
11586	καί	c--------		καί		c--------	glaux_only
11587	λαμβάνω	v--ana---		λαμβάνω		v--ana---	glaux_only
11588	ὁ	l-s---fa-		ὁ		l-s---fa-	glaux_only
11589	ἐπιστήμη	n-s---fa-		ἐπιστήμη		n-s---fa-	glaux_only
11590	,	u--------		,		u--------	glaux_only
11591	ὅστις	p-s---fn-		ὅστις		p-s---fn-	glaux_only
11592	ἄν	g--------	ἄν	ἄν	d--------	g--------	
11593	ἵημι	v3sasa---		ἵημι		v3sasa---	glaux_only
11594	περί	r--------		περί		r--------	glaux_only
11595	ἕκαστος	p-s---ng-		ἕκαστος		p-s---ng-	glaux_only
11596	,	u--------		,		u--------	glaux_only
11597	τρίτος	a-s---na-		τρίτος		a-s---na-	glaux_only
11598	ἐντριβής	a-p---ma-		ἐντριβής		a-p---ma-	glaux_only
11599	γίγνομαι	v--anm---		γίγνομαι		v--anm---	glaux_only
11600	καί	c--------		καί		c--------	glaux_only
11601	γυμνάζω	v--anp---		γυμνάζω		v--anp---	glaux_only
11602	περί	r--------		περί		r--------	glaux_only
11603	ὁ	l-s---fa-		ὁ		l-s---fa-	glaux_only
11604	χρεία	n-s---fa-		χρεία		n-s---fa-	glaux_only
11605	καί	c--------		καί		c--------	glaux_only
11606	ὁ	l-s---fa-		ὁ		l-s---fa-	glaux_only
11607	ἐμπειρία	n-s---fa-		ἐμπειρία		n-s---fa-	glaux_only
11608	αὐτός	p-p---mg-		αὐτός		p-p---mg-	glaux_only
11609	·	u--------		·		u--------	glaux_only
11610	ἐκ	r--------		ἐκ		r--------	glaux_only
11611	οὗτος	p-p---ng-		οὗτος		p-p---ng-	glaux_only
11612	γάρ	g--------		γάρ		g--------	glaux_only
11613	ἐν	r--------		ἐν		r--------	glaux_only
11614	ἅπας	p-p---fd-		ἅπας		p-p---fd-	glaux_only
11615	ὁ	l-p---fd-		ὁ		l-p---fd-	glaux_only
11616	ἐργασία	n-p---fd-		ἐργασία		n-p---fd-	glaux_only
11617	τέλειος	a-p---ma-		τέλειος		a-p---ma-	glaux_only
11618	γίγνομαι	v--pnm---		γίγνομαι		v--pnm---	glaux_only
11619	καί	c--------	καί	καί	c--------	c--------	
11620	πολύς	a-s---na-		πολύς		a-s---na-	glaux_only
11621	διαφέρω	v-pppama-		διαφέρω		v-pppama-	glaux_only
11622	ὁ	l-p---mg-		ὁ		l-p---mg-	glaux_only
11623	ἄλλος	p-p---mg-		ἄλλος		p-p---mg-	glaux_only
11624	.	u--------		.		u--------	glaux_only
11625	εἰμί	v--pna---		εἰμί		v--pna---	glaux_only
11626	δέ	c--------	δέ	δέ	c--------	c--------	
11627	οὗτος	p-p---ng-		οὗτος		p-p---ng-	glaux_only
11628	προσήκω	v-sppana-		προσήκω		v-sppana-	glaux_only
11629	ἑκάτερος	p-p---md-		ἑκάτερος		p-p---md-	glaux_only
11630	,	u--------		,		u--------	glaux_only
11631	ὁ	l-p---md-		ὁ		l-p---md-	glaux_only
11632	τε	c--------		τε		c--------	glaux_only
11633	διδάσκω	v-pppamd-		διδάσκω		v-pppamd-	glaux_only
11634	καί	c--------	καί	καί	d--------	c--------	
11635	ὁ	l-p---md-		ὁ		l-p---md-	glaux_only
11636	μανθάνω	v-pppamd-		μανθάνω		v-pppamd-	glaux_only
11637	,	u--------		,		u--------	glaux_only
11638	ἴδιος	a-s---na-		ἴδιος		a-s---na-	glaux_only
11639	μέν	g--------		μέν		g--------	glaux_only
11640	ὁ	l-p---md-		ὁ		l-p---md-	glaux_only
11641	μέν	g--------		μέν		g--------	glaux_only
11642	εἰσφέρω	v--anm---		εἰσφέρω		v--anm---	glaux_only
11643	ὁ	l-s---fa-		ὁ		l-s---fa-	glaux_only
11644	φύσις	n-s---fa-		φύσις		n-s---fa-	glaux_only
11645	οἷος	p-s---fa-		οἷος		p-s---fa-	glaux_only
11646	δέω	v3spia---		δέω		v3spia---	glaux_only
11647	,	u--------		,		u--------	glaux_only
11648	ὁ	l-p---md-		ὁ		l-p---md-	glaux_only
11649	δέ	c--------		δέ		c--------	glaux_only
11650	δύναμαι	v--pnm---		δύναμαι		v--pnm---	glaux_only
11651	παιδεύω	v--ana---		παιδεύω		v--ana---	glaux_only
11652	ὁ	l-p---ma-		ὁ		l-p---ma-	glaux_only
11653	τοιοῦτος	p-p---ma-		τοιοῦτος		p-p---ma-	glaux_only
11654	,	u--------		,		u--------	glaux_only
11655	κοινός	a-s---na-		κοινός		a-s---na-	glaux_only
11656	δέ	c--------	δέ	δέ	c--------	c--------	
11657	ἀμφότερος	a-p---mg-		ἀμφότερος		a-p---mg-	glaux_only
11658	ὁ	l-s---na-		ὁ		l-s---na-	glaux_only
11659	περί	r--------		περί		r--------	glaux_only
11660	ὁ	l-s---fa-		ὁ		l-s---fa-	glaux_only
11661	ἐμπειρία	n-s---fa-		ἐμπειρία		n-s---fa-	glaux_only
11662	γυμνάσιον	n-s---na-		γυμνάσιον		n-s---na-	glaux_only
11663	·	u--------		·		u--------	glaux_only
11664	δέω	v--pna---		δέω		v--pna---	glaux_only
11665	γάρ	g--------		γάρ		g--------	glaux_only
11666	ὁ	l-p---ma-		ὁ		l-p---ma-	glaux_only
11667	μέν	g--------		μέν		g--------	glaux_only
11668	ἐπιμελής	d--------		ἐπιμελής		d--------	glaux_only
11669	ἐπιστατέω	v--ana---		ἐπιστατέω		v--ana---	glaux_only
11670	ὁ	l-p---md-		ὁ		l-p---md-	glaux_only
11671	παιδεύω	v-pppmmd-		παιδεύω		v-pppmmd-	glaux_only
11672	,	u--------		,		u--------	glaux_only
11673	ὁ	l-p---ma-		ὁ		l-p---ma-	glaux_only
11674	δέ	c--------	δέ	δέ	d--------	c--------	
11675	ἐγκρατής	d--------		ἐγκρατής		d--------	glaux_only
11676	ἐμμένω	v--ana---		ἐμμένω		v--ana---	glaux_only
11677	ὁ	l-p---md-		ὁ		l-p---md-	glaux_only
11678	προστάσσω	v-pppmmd-		προστάσσω		v-pppmmd-	glaux_only
11679	.	u--------		.		u--------	glaux_only
11680	οὗτος	p-p---nn-		οὗτος		p-p---nn-	glaux_only
11681	μέν	g--------		μέν		g--------	glaux_only
11682	οὖν	g--------		οὖν		g--------	glaux_only
11683	εἰμί	v3spia---		εἰμί		v3spia---	glaux_only
11684	ὅς	p-p---na-		ὅς		p-p---na-	glaux_only
11685	κατά	r--------		κατά		r--------	glaux_only
11686	πᾶς	p-p---fg-		πᾶς		p-p---fg-	glaux_only
11687	λέγω	v1ppia---		λέγω		v1ppia---	glaux_only
11688	ὁ	l-p---fg-	ὁ	ὁ	l-p---mg-	l-p---fg-	
11689	τέχνη	n-p---fg-		τέχνη		n-p---fg-	glaux_only
11690	·	u--------		·		u--------	glaux_only
11691	εἰ	c--------	εἰ	εἰ	c--------	c--------	
11692	δέ	c--------		δέ		c--------	glaux_only
11693	δή	g--------		δή		g--------	glaux_only
11694	τις	p-s---cn-		τις		p-s---cn-	glaux_only
11695	ἀφίημι	v-sapmmn-		ἀφίημι		v-sapmmn-	glaux_only
11696	ὁ	l-p---ng-		ὁ		l-p---ng-	glaux_only
11697	ἄλλος	p-p---ng-		ἄλλος		p-p---ng-	glaux_only
11698	ἔρομαι	v3saom---		ἔρομαι		v3saom---	glaux_only
11699	ἐγώ	p-s---ca-		ἐγώ		p-s---ca-	glaux_only
11700	τίς	p-s---nn-		τίς		p-s---nn-	glaux_only
11701	οὗτος	p-p---ng-		οὗτος		p-p---ng-	glaux_only
11702	μέγας	a-s---fas		μέγας		a-s---fas	glaux_only
11703	ἔχω	v3spia---		ἔχω		v3spia---	glaux_only
11704	δύναμις	n-s---fa-		δύναμις		n-s---fa-	glaux_only
11705	πρός	r--------	πρός	πρός	r--------	r--------	
11706	ὁ	l-s---fa-	ὁ	ὁ	l-s---fa-	l-s---fa-	
11707	ὁ	l-p---mg-		ὁ		l-p---mg-	glaux_only
11708	λόγος	n-p---mg-		λόγος		n-p---mg-	glaux_only
11709	παιδεία	n-s---fa-		παιδεία		n-s---fa-	glaux_only
11710	,	u--------		,		u--------	glaux_only
11711	ἀποκρίνω	v1saom---		ἀποκρίνω		v1saom---	glaux_only
11712	ἄν	g--------		ἄν		g--------	glaux_only
11713	ὅτι	c--------		ὅτι		c--------	glaux_only
11714	ὁ	l-s---nn-		ὁ		l-s---nn-	glaux_only
11715	ὁ	l-s---fg-		ὁ		l-s---fg-	glaux_only
11716	φύσις	n-s---fg-		φύσις		n-s---fg-	glaux_only
11717	ἀνυπέρβλητος	a-s---nn-		ἀνυπέρβλητος		a-s---nn-	glaux_only
11718	εἰμί	v3spia---		εἰμί		v3spia---	glaux_only
11719	καί	c--------		καί		c--------	glaux_only
11720	πολύς	a-s---na-		πολύς		a-s---na-	glaux_only
11721	πᾶς	p-p---ng-		πᾶς		p-p---ng-	glaux_only
11722	διαφέρω	v3spia---		διαφέρω		v3spia---	glaux_only
11723	·	u--------		·		u--------	glaux_only
11724	ὁ	l-s---ma-		ὁ		l-s---ma-	glaux_only
11725	γάρ	g--------		γάρ		g--------	glaux_only
11726	ἔχω	v-sppama-		ἔχω		v-sppama-	glaux_only
11727	ὁ	l-s---fa-		ὁ		l-s---fa-	glaux_only
11728	μέν	g--------		μέν		g--------	glaux_only
11729	ψυχή	n-s---fa-		ψυχή		n-s---fa-	glaux_only
11730	εὑρίσκω	v--ana---		εὑρίσκω		v--ana---	glaux_only
11731	καί	c--------	καί	καί	c--------	c--------	
11732	μανθάνω	v--ana---		μανθάνω		v--ana---	glaux_only
11733	καί	c--------		καί		c--------	glaux_only
11734	πονέω	v--ana---		πονέω		v--ana---	glaux_only
11735	καί	c--------		καί		c--------	glaux_only
11736	μνημονεύω	v--ana---		μνημονεύω		v--ana---	glaux_only
11737	δύναμαι	v-sppmfa-		δύναμαι		v-sppmfa-	glaux_only
11738	,	u--------		,		u--------	glaux_only
11739	ὁ	l-s---fa-		ὁ		l-s---fa-	glaux_only
11740	δέ	c--------		δέ		c--------	glaux_only
11741	φωνή	n-s---fa-		φωνή		n-s---fa-	glaux_only
11742	καί	c--------		καί		c--------	glaux_only
11743	ὁ	l-s---fa-		ὁ		l-s---fa-	glaux_only
11744	ὁ	l-s---ng-		ὁ		l-s---ng-	glaux_only
11745	στόμα	n-s---ng-		στόμα		n-s---ng-	glaux_only
11746	σαφήνεια	n-s---fa-		σαφήνεια		n-s---fa-	glaux_only
11747	τοιοῦτος	p-s---fa-		τοιοῦτος		p-s---fa-	glaux_only
11748	ὥστε	c--------		ὥστε		c--------	glaux_only
11749	μή	d--------		μή		d--------	glaux_only
11750	μόνος	a-p---nd-		μόνος		a-p---nd-	glaux_only
11751	ὁ	l-p---nd-		ὁ		l-p---nd-	glaux_only
11752	λέγω	v-pppmnd-		λέγω		v-pppmnd-	glaux_only
11753	ἀλλά	c--------		ἀλλά		c--------	glaux_only
11754	καί	c--------		καί		c--------	glaux_only
11755	ὁ	l-p---fd-		ὁ		l-p---fd-	glaux_only
11756	οὗτος	p-p---mg-		οὗτος		p-p---mg-	glaux_only
11757	εὐαρμοστία	n-p---fd-		εὐαρμοστία		n-p---fd-	glaux_only
11758	συμπείθω	v--pna---		συμπείθω		v--pna---	glaux_only
11759	ὁ	l-p---ma-	ὁ	ὁ	l-p---ma-	l-p---ma-	
11760	ἀκούω	v-pppama-		ἀκούω		v-pppama-	glaux_only
11761	,	u--------		,		u--------	glaux_only
11762	ἔτι	d--------		ἔτι		d--------	glaux_only
11763	δέ	c--------		δέ		c--------	glaux_only
11764	ὁ	l-s---fa-		ὁ		l-s---fa-	glaux_only
11765	τόλμα	n-s---fa-		τόλμα		n-s---fa-	glaux_only
11766	μή	d--------		μή		d--------	glaux_only
11767	ὁ	l-s---fa-		ὁ		l-s---fa-	glaux_only
11768	ἀναισχυντία	n-s---fg-		ἀναισχυντία		n-s---fg-	glaux_only
11769	σημεῖον	n-s---na-		σημεῖον		n-s---na-	glaux_only
11770	γίγνομαι	v-sppmfa-		γίγνομαι		v-sppmfa-	glaux_only
11771	,	u--------		,		u--------	glaux_only
11772	ἀλλά	c--------		ἀλλά		c--------	glaux_only
11773	ὁ	l-s---fa-		ὁ		l-s---fa-	glaux_only
11774	μετά	r--------		μετά		r--------	glaux_only
11775	σωφροσύνη	n-s---fg-		σωφροσύνη		n-s---fg-	glaux_only
11776	οὕτως	d--------		οὕτως		d--------	glaux_only
11777	παρασκευάζω	v-sppafa-		παρασκευάζω		v-sppafa-	glaux_only
11778	ὁ	l-s---fa-		ὁ		l-s---fa-	glaux_only
11779	ψυχή	n-s---fa-		ψυχή		n-s---fa-	glaux_only
11780	ὥστε	c--------		ὥστε		c--------	glaux_only
11781	μηδείς	p-s---na-		μηδείς		p-s---na-	glaux_only
11782	ἥσσων	a-s---nac		ἥσσων		a-s---nac	glaux_only
11783	θαρσέω	v--pna---		θαρσέω		v--pna---	glaux_only
11784	ἐν	r--------		ἐν		r--------	glaux_only
11785	δή	g--------		δή		g--------	glaux_only
11786	πᾶς	p-p---md-		πᾶς		p-p---md-	glaux_only
11787	ὁ	l-p---md-		ὁ		l-p---md-	glaux_only
11788	πολίτης	n-p---md-		πολίτης		n-p---md-	glaux_only
11789	ὁ	l-p---ma-		ὁ		l-p---ma-	glaux_only
11790	λόγος	n-p---ma-		λόγος		n-p---ma-	glaux_only
11791	ποιέω	v-sppmma-		ποιέω		v-sppmma-	glaux_only
11792	ἤ	c--------	ὅς	ἤ	p-s---fn-	c--------	DISAGREE
11793	πρός	r--------		πρός		r--------	glaux_only
11794	ἑαυτοῦ	p-s---ma-		ἑαυτοῦ		p-s---ma-	glaux_only
11795	διανοέω	v-sppmma-		διανοέω		v-sppmma-	glaux_only
11796	,	u--------		,		u--------	glaux_only
11797	τίς	p-s---cn-		τίς		p-s---cn-	glaux_only
11798	οὐ	d--------		οὐ		d--------	glaux_only
11799	οἶδα	v3sria---		οἶδα		v3sria---	glaux_only
11800	ὅτι	c--------		ὅτι		c--------	glaux_only
11801	τυγχάνω	v-sapamn-		τυγχάνω		v-sapamn-	glaux_only
11802	ὁ	l-s---mn-		ὁ		l-s---mn-	glaux_only
11803	τοιοῦτος	p-s---mn-		τοιοῦτος		p-s---mn-	glaux_only
11804	παιδεία	n-s---fg-		παιδεία		n-s---fg-	glaux_only
11805	μή	d--------		μή		d--------	glaux_only
11806	ὁ	l-s---fg-		ὁ		l-s---fg-	glaux_only
11807	ἀπακριβόομαι	v-srpmfg-		ἀπακριβόομαι		v-srpmfg-	glaux_only
11808	,	u--------		,		u--------	glaux_only
11809	ἀλλά	c--------		ἀλλά		c--------	glaux_only
11810	ὁ	l-s---fg-		ὁ		l-s---fg-	glaux_only
11811	ἐπιπόλαιος	a-s---fg-		ἐπιπόλαιος		a-s---fg-	glaux_only
11812	καί	c--------		καί		c--------	glaux_only
11813	πᾶς	p-p---md-		πᾶς		p-p---md-	glaux_only
11814	κοινός	a-s---fg-		κοινός		a-s---fg-	glaux_only
11815	,	u--------		,		u--------	glaux_only
11816	τοιοῦτος	p-s---mn-		τοιοῦτος		p-s---mn-	glaux_only
11817	ἄν	g--------	ἄν	ἄν	d--------	g--------	
11818	εἰμί	v3spoa---		εἰμί		v3spoa---	glaux_only
11819	ῥήτωρ	n-s---mn-		ῥήτωρ		n-s---mn-	glaux_only
11820	οἷος	p-s---mn-		οἷος		p-s---mn-	glaux_only
11821	οὐ	d--------		οὐ		d--------	glaux_only
11822	οἶδα	v1sria---		οἶδα		v1sria---	glaux_only
11823	εἰ	c--------		εἰ		c--------	glaux_only
11824	τις	p-s---cn-		τις		p-s---cn-	glaux_only
11825	ὁ	l-p---mg-		ὁ		l-p---mg-	glaux_only
11826	Ἕλλην	n-p---mg-		Ἕλλην		n-p---mg-	glaux_only
11827	γίγνομαι	v3sria---		γίγνομαι		v3sria---	glaux_only
11828	;	u--------		;		u--------	glaux_only
11829	καί	c--------		καί		c--------	glaux_only
11830	μέν	g--------		μέν		g--------	glaux_only
11831	δή	g--------		δή		g--------	glaux_only
11832							unmatched
11833							unmatched
11834	οἶδα	v1pria---		οἶδα		v1pria---	glaux_only
11835	,	u--------		,		u--------	glaux_only
11836	ὁ	l-p---ma-		ὁ		l-p---ma-	glaux_only
11837	καταδεής	a-s---fac		καταδεής		a-s---fac	glaux_only
11838	μέν	g--------		μέν		g--------	glaux_only
11839	οὗτος	p-p---mg-		οὗτος		p-p---mg-	glaux_only
11840	ὁ	l-s---fa-		ὁ		l-s---fa-	glaux_only
11841	φύσις	n-s---fa-		φύσις		n-s---fa-	glaux_only
11842	ἔχω	v-pppama-		ἔχω		v-pppama-	glaux_only
11843	,	u--------		,		u--------	glaux_only
11844	ὁ	l-p---fd-		ὁ		l-p---fd-	glaux_only
11845	δέ	c--------		δέ		c--------	glaux_only
11846	ἐμπειρία	n-p---fd-		ἐμπειρία		n-p---fd-	glaux_only
11847	καί	c--------		καί		c--------	glaux_only
11848	ὁ	l-p---fd-		ὁ		l-p---fd-	glaux_only
11849	ἐπιμέλεια	n-p---fd-		ἐπιμέλεια		n-p---fd-	glaux_only
11850	προέχω	v-pppama-		προέχω		v-pppama-	glaux_only
11851	,	u--------		,		u--------	glaux_only
11852	ὅτι	c--------		ὅτι		c--------	glaux_only
11853	γίγνομαι	v3ppim---		γίγνομαι		v3ppim---	glaux_only
11854	κρατύς	a-p---mnc		κρατύς		a-p---mnc	glaux_only
11855	οὐ	d--------		οὐ		d--------	glaux_only
11856	μόνος	d--------		μόνος		d--------	glaux_only
11857	ἑαυτοῦ	p-p---mg-		ἑαυτοῦ		p-p---mg-	glaux_only
11858	ἀλλά	c--------		ἀλλά		c--------	glaux_only
11859	καί	c--------		καί		c--------	glaux_only
11860	ὁ	l-p---mg-		ὁ		l-p---mg-	glaux_only
11861	εὖ	d--------		εὖ		d--------	glaux_only
11862	μέν	g--------		μέν		g--------	glaux_only
11863	φύζω	v-prpamg-		φύζω		v-prpamg-	glaux_only
11864	λίαν	d--------		λίαν		d--------	glaux_only
11865	δέ	c--------		δέ		c--------	glaux_only
11866	ἑαυτοῦ	p-p---mg-		ἑαυτοῦ		p-p---mg-	glaux_only
11867	καταμελέω	v-prpamg-		καταμελέω		v-prpamg-	glaux_only
11868	·	u--------		·		u--------	glaux_only
11869	ὥστε	c--------		ὥστε		c--------	glaux_only
11870	ἑκάτερος	p-s---na-		ἑκάτερος		p-s---na-	glaux_only
11871	τε	c--------		τε		c--------	glaux_only
11872	οὗτος	p-p---ng-		οὗτος		p-p---ng-	glaux_only
11873	δεινός	a-s---na-		δεινός		a-s---na-	glaux_only
11874	ἄν	g--------		ἄν		g--------	glaux_only
11875	καί	c--------		καί		c--------	glaux_only
11876	λέγω	v--pna---		λέγω		v--pna---	glaux_only
11877	καί	c--------		καί		c--------	glaux_only
11878	πράσσω	v--pna---		πράσσω		v--pna---	glaux_only
11879	ποιέω	v3saoa---		ποιέω		v3saoa---	glaux_only
11880	,	u--------		,		u--------	glaux_only
11881	ἀμφότερος	a-p---na-		ἀμφότερος		a-p---na-	glaux_only
11882	τε	c--------		τε		c--------	glaux_only
11883	γίγνομαι	v-papmnn-		γίγνομαι		v-papmnn-	glaux_only
11884	περί	r--------		περί		r--------	glaux_only
11885	ὁ	l-s---ma-		ὁ		l-s---ma-	glaux_only
11886	αὐτός	p-s---ma-		αὐτός		p-s---ma-	glaux_only
11887	ἀνυπέρβλητος	a-s---na-		ἀνυπέρβλητος		a-s---na-	glaux_only
11888	ἄν	g--------		ἄν		g--------	glaux_only
11889	ὁ	l-p---md-		ὁ		l-p---md-	glaux_only
11890	ἄλλος	p-p---md-		ἄλλος		p-p---md-	glaux_only
11891	ἀποτελέω	v3saoa---		ἀποτελέω		v3saoa---	glaux_only
11892	.	u--------		.		u--------	glaux_only
11893	περί	r--------		περί		r--------	glaux_only
11894	μέν	g--------		μέν		g--------	glaux_only
11895	οὖν	g--------		οὖν		g--------	glaux_only
11896	ὁ	l-s---fg-		ὁ		l-s---fg-	glaux_only
11897	φύσις	n-s---fg-		φύσις		n-s---fg-	glaux_only
11898	καί	c--------		καί		c--------	glaux_only
11899	ὁ	l-s---fg-		ὁ		l-s---fg-	glaux_only
11900	ἐμπειρία	n-s---fg-		ἐμπειρία		n-s---fg-	glaux_only
11901	οὗτος	p-p---na-		οὗτος		p-p---na-	glaux_only
11902	γιγνώσκω	v1spia---		γιγνώσκω		v1spia---	glaux_only
11903	·	u--------		·		u--------	glaux_only
11904	περί	r--------		περί		r--------	glaux_only
11905	δέ	c--------		δέ		c--------	glaux_only
11906	ὁ	l-s---fg-		ὁ		l-s---fg-	glaux_only
11907	παιδεία	n-s---fg-		παιδεία		n-s---fg-	glaux_only
11908	οὐ	d--------		οὐ		d--------	glaux_only
11909	ἔχω	v1spia---		ἔχω		v1spia---	glaux_only
11910	τοιοῦτος	p-s---ma-		τοιοῦτος		p-s---ma-	glaux_only
11911	λόγος	n-s---ma-		λόγος		n-s---ma-	glaux_only
11912	λέγω	v--ana---		λέγω		v--ana---	glaux_only
11913	·	u--------		·		u--------	glaux_only
11914	οὐ	d--------		οὐ		d--------	glaux_only
11915							unmatched
11916							unmatched
11917							unmatched
11918							unmatched
11919							unmatched
11920							unmatched
11921							unmatched
11922							unmatched
11923	ὁ	l-s---fa-	ὁ		l-s---fa-		oga_only
11924							unmatched
11925							unmatched
11926							unmatched
11927							unmatched
11928							unmatched
11929							unmatched
11930							unmatched
11931							unmatched
11932							unmatched
11933							unmatched
11934							unmatched
11935							unmatched
11936							unmatched
11937							unmatched
11938	ὁ	l-p---ng-	ὁ		l-p---ng-		oga_only
11939							unmatched
11940							unmatched
11941							unmatched
11942							unmatched
11943							unmatched
11944							unmatched
11945							unmatched
11946							unmatched
11947							unmatched
11948	ὁ	l-p---mg-	ὁ		l-p---mg-		oga_only
11949							unmatched
11950							unmatched
11951							unmatched
11952							unmatched
11953							unmatched
11954							unmatched
11955							unmatched
11956							unmatched
11957							unmatched
11958							unmatched
11959							unmatched
11960							unmatched
11961							unmatched
11962							unmatched
11963							unmatched
11964							unmatched
11965							unmatched
11966							unmatched
11967							unmatched
11968	καί	c--------		καί		c--------	glaux_only
11969	μηδείς	p-s---mn-		μηδείς		p-s---mn-	glaux_only
11970	οἴομαι	v3spmm---		οἴομαι		v3spmm---	glaux_only
11971	ἐγώ	p-s---ca-		ἐγώ		p-s---ca-	glaux_only
11972	πρός	r--------		πρός		r--------	glaux_only
11973	μέν	g--------		μέν		g--------	glaux_only
11974	σύ	p-p---ca-		σύ		p-p---ca-	glaux_only
11975	συστέλλω	v--pna---		συστέλλω		v--pna---	glaux_only
11976	ὁ	l-s---fa-		ὁ		l-s---fa-	glaux_only
11977	ὑπόσχεσις	n-s---fa-		ὑπόσχεσις		n-s---fa-	glaux_only
11978	,	u--------		,		u--------	glaux_only
11979	ἐπειδάν	c--------		ἐπειδάν		c--------	glaux_only
11980	δέ	c--------		δέ		c--------	glaux_only
11981	διαλέγω	v1spsm---		διαλέγω		v1spsm---	glaux_only
11982	πρός	r--------		πρός		r--------	glaux_only
11983	ὁ	l-p---ma-		ὁ		l-p---ma-	glaux_only
11984	σύνειμι	v--pna---		σύνειμι		v--pna---	glaux_only
11985	ἐγώ	p-s---cd-		ἐγώ		p-s---cd-	glaux_only
11986	βούλομαι	v-pppmma-		βούλομαι		v-pppmma-	glaux_only
11987	,	u--------		,		u--------	glaux_only
11988	ἅπας	p-s---fa-		ἅπας		p-s---fa-	glaux_only
11989	ὑπό	r--------		ὑπό		r--------	glaux_only
11990	ἐμαυτοῦ	p-s---md-		ἐμαυτοῦ		p-s---md-	glaux_only
11991	ποιέω	v--pnm---		ποιέω		v--pnm---	glaux_only
11992	ὁ	l-s---fa-		ὁ		l-s---fa-	glaux_only
11993	δύναμις	n-s---fa-		δύναμις		n-s---fa-	glaux_only
11994	·	u--------		·		u--------	glaux_only
11995	φεύγω	v-sppamn-		φεύγω		v-sppamn-	glaux_only
11996	γάρ	g--------		γάρ		g--------	glaux_only
11997	ὁ	l-p---fa-		ὁ		l-p---fa-	glaux_only
11998	τοιοῦτος	p-p---fa-		τοιοῦτος		p-p---fa-	glaux_only
11999	αἰτία	n-p---fa-		αἰτία		n-p---fa-	glaux_only
12000	,	u--------		,		u--------	glaux_only
12001	ὅτε	c--------		ὅτε		c--------	glaux_only
12002	ἄρχω	v1siim---		ἄρχω		v1siim---	glaux_only
12003	περί	r--------		περί		r--------	glaux_only
12004	οὗτος	p-s---fa-		οὗτος		p-s---fa-	glaux_only
12005	εἰμί	v--pna---	εἰμί	εἰμί	v--pna---	v--pna---	
12006	ὁ	l-s---fa-		ὁ		l-s---fa-	glaux_only
12007	πραγματεία	n-s---fa-		πραγματεία		n-s---fa-	glaux_only
12008	,	u--------		,		u--------	glaux_only
12009	λόγος	n-s---ma-		λόγος		n-s---ma-	glaux_only
12010	διαδίδωμι	v1saia---		διαδίδωμι		v1saia---	glaux_only
12011	γράφω	v-sapamn-		γράφω		v-sapamn-	glaux_only
12012	ἐν	r--------		ἐν		r--------	glaux_only
12013	ὅς	p-s---md-		ὅς		p-s---md-	glaux_only
12014	φαίνω	v1sfip---		φαίνω		v1sfip---	glaux_only
12015	ὁ	l-p---md-		ὁ		l-p---md-	glaux_only
12016	τε	c--------		τε		c--------	glaux_only
12017	μέγας	a-p---fac		μέγας		a-p---fac	glaux_only
12018	ποιέω	v-pppmmd-		ποιέω		v-pppmmd-	glaux_only
12019	ὁ	l-p---fa-		ὁ		l-p---fa-	glaux_only
12020	ὑπόσχεσις	n-p---fa-		ὑπόσχεσις		n-p---fa-	glaux_only
12021	ἐπιτιμάω	v-sppamn-		ἐπιτιμάω		v-sppamn-	glaux_only
12022	καί	c--------		καί		c--------	glaux_only
12023	ὁ	l-s---fa-		ὁ		l-s---fa-	glaux_only
12024	ἐμαυτοῦ	p-s---mg-		ἐμαυτοῦ		p-s---mg-	glaux_only
12025	γνώμη	n-s---fa-		γνώμη		n-s---fa-	glaux_only
12026	ἀποφαίνω	v-sppmmn-		ἀποφαίνω		v-sppmmn-	glaux_only
12027	.	u--------		.		u--------	glaux_only
12028	ὅς	p-p---na-		ὅς		p-p---na-	glaux_only
12029	μέν	g--------		μέν		g--------	glaux_only
12030	οὖν	g--------		οὖν		g--------	glaux_only
12031	κατηγορέω	v1spia---		κατηγορέω		v1spia---	glaux_only
12032	ὁ	l-p---ng-	ὁ	ὁ	l-p---mg-	l-p---ng-	
12033	ἄλλος	p-p---ng-		ἄλλος		p-p---ng-	glaux_only
12034	παραλείπω	v1sfia---		παραλείπω		v1sfia---	glaux_only
12035	·	u--------		·		u--------	glaux_only
12036	καί	c--------		καί		c--------	glaux_only
12037	γάρ	g--------		γάρ		g--------	glaux_only
12038	εἰμί	v3spia---		εἰμί		v3spia---	glaux_only
12039	πολύς	a-p---nnc		πολύς		a-p---nnc	glaux_only
12040	ὁ	l-s---mg-		ὁ		l-s---mg-	glaux_only
12041	καιρός	n-s---mg-		καιρός		n-s---mg-	glaux_only
12042	ὁ	l-s---mg-		ὁ		l-s---mg-	glaux_only
12043	πάρειμι	v-sppamg-		πάρειμι		v-sppamg-	glaux_only
12044	·	u--------		·		u--------	glaux_only
12045	ὅς	p-p---na-		ὅς		p-p---na-	glaux_only
12046	δέ	c--------		δέ		c--------	glaux_only
12047	αὐτός	p-s---mn-		αὐτός		p-s---mn-	glaux_only
12048	ἀποφαίνω	v1spim---		ἀποφαίνω		v1spim---	glaux_only
12049	,	u--------		,		u--------	glaux_only
12050	πειράω	v1sfim---		πειράω		v1sfim---	glaux_only
12051	διέρχομαι	v--ana---		διέρχομαι		v--ana---	glaux_only
12052	σύ	p-p---cd-		σύ		p-p---cd-	glaux_only
12053	.	u--------		.		u--------	glaux_only
12054	ἄρχω	v1spim---		ἄρχω		v1spim---	glaux_only
12055	δέ	c--------		δέ		c--------	glaux_only
12056	ἐνθένδε	d--------		ἐνθένδε		d--------	glaux_only
12057	ποθεν	d--------		ποθεν		d--------	glaux_only
12058	.	u--------		.		u--------	glaux_only
12059	οὗτος	p-p---nn-		οὗτος		p-p---nn-	glaux_only
12060	κομψός	a-p---mac		κομψός		a-p---mac	glaux_only
12061	μέν	g--------	μέν	μέν	d--------	g--------	
12062	φράζω	v3srim---		φράζω		v3srim---	glaux_only
12063	ὁ	l-p---ng-		ὁ		l-p---ng-	glaux_only
12064	ἔμπροσθεν	r--------		ἔμπροσθεν		r--------	glaux_only
12065	λέγω	v-prpmng-		λέγω		v-prpmng-	glaux_only
12066	,	u--------		,		u--------	glaux_only
12067	βούλομαι	v3spim---		βούλομαι		v3spim---	glaux_only
12068	δέ	c--------		δέ		c--------	glaux_only
12069							unmatched
12070							unmatched
12071	δηλόω	v--pna---		δηλόω		v--pna---	glaux_only
12072	ἐκεῖνος	p-p---nd-		ἐκεῖνος		p-p---nd-	glaux_only
12073	.	u--------		.		u--------	glaux_only
12074	ὅς	p-s---na-		ὅς		p-s---na-	glaux_only
12075	χρή	v3spia---		χρή		v3spia---	glaux_only
12076	μέγας	a-s---nas		μέγας		a-s---nas	glaux_only
12077	σύ	p-p---cd-		σύ		p-p---cd-	glaux_only
12078	γίγνομαι	v--anm---		γίγνομαι		v--anm---	glaux_only
12079	τεκμήριον	n-s---na-		τεκμήριον		n-s---na-	glaux_only
12080	ὁ	l-s---fg-		ὁ		l-s---fg-	glaux_only
12081	ἐμός	a-s---fg-		ἐμός		a-s---fg-	glaux_only
12082	ἐπιείκεια	n-s---fg-		ἐπιείκεια		n-s---fg-	glaux_only
12083	·	u--------		·		u--------	glaux_only
12084	οὐ	d--------		οὐ		d--------	glaux_only
12085	γάρ	g--------		γάρ		g--------	glaux_only
12086	,	u--------		,		u--------	glaux_only
12087	ὅτε	c--------		ὅτε		c--------	glaux_only
12088	μέν	g--------		μέν		g--------	glaux_only
12089	εἰμί	v1siia---		εἰμί		v1siia---	glaux_only
12090	νέος	a-s---mnc		νέος		a-s---mnc	glaux_only
12091	,	u--------		,		u--------	glaux_only
12092	ἀλαζονεύομαι	v-sppmmn-		ἀλαζονεύομαι		v-sppmmn-	glaux_only
12093	φαίνω	v1spim---		φαίνω		v1spim---	glaux_only
12094	καί	c--------		καί		c--------	glaux_only
12095	μέγας	a-p---fa-		μέγας		a-p---fa-	glaux_only
12096	ὁ	l-p---fa-		ὁ		l-p---fa-	glaux_only
12097	ὑπόσχεσις	n-p---fa-		ὑπόσχεσις		n-p---fa-	glaux_only
12098	ποιέω	v-sppmmn-		ποιέω		v-sppmmn-	glaux_only
12099	,	u--------		,		u--------	glaux_only
12100	ἐπειδή	c--------		ἐπειδή		c--------	glaux_only
12101	δέ	c--------		δέ		c--------	glaux_only
12102	ἀπολαύω	v1sria---		ἀπολαύω		v1sria---	glaux_only
12103	ὁ	l-s---ng-		ὁ		l-s---ng-	glaux_only
12104	πρᾶγμα	n-s---ng-		πρᾶγμα		n-s---ng-	glaux_only
12105	καί	c--------		καί		c--------	glaux_only
12106	πρέσβυς	a-s---mnc		πρέσβυς		a-s---mnc	glaux_only
12107	γίγνομαι	v1sria---		γίγνομαι		v1sria---	glaux_only
12108	,	u--------		,		u--------	glaux_only
12109	τηνικαῦτα	d--------		τηνικαῦτα		d--------	glaux_only
12110	ταπεινός	a-s---fa-		ταπεινός		a-s---fa-	glaux_only
12111	ποιέω	v-sppamn-		ποιέω		v-sppamn-	glaux_only
12112	ὁ	l-s---fa-		ὁ		l-s---fa-	glaux_only
12113	φιλοσοφία	n-s---fa-		φιλοσοφία		n-s---fa-	glaux_only
12114	,	u--------		,		u--------	glaux_only
12115	ἀλλά	c--------		ἀλλά		c--------	glaux_only
12116	ὁ	l-p---md-	ὁ	ὁ	l-p---md-	l-p---md-	
12117	αὐτός	p-p---md-		αὐτός		p-p---md-	glaux_only
12118	λόγος	n-p---md-		λόγος		n-p---md-	glaux_only
12119	χράω	v-sppmmn-		χράω		v-sppmmn-	glaux_only
12120	καί	c--------		καί		c--------	glaux_only
12121	ἀκμάζω	v-sppamn-		ἀκμάζω		v-sppamn-	glaux_only
12122	καί	c--------		καί		c--------	glaux_only
12123	παύω	v-sppmmn-		παύω		v-sppmmn-	glaux_only
12124	αὐτός	p-s---fg-		αὐτός		p-s---fg-	glaux_only
12125	,	u--------		,		u--------	glaux_only
12126	καί	c--------		καί		c--------	glaux_only
12127	θαρσέω	v-sppamn-		θαρσέω		v-sppamn-	glaux_only
12128	καί	c--------		καί		c--------	glaux_only
12129	κινδυνεύω	v-sppamn-		κινδυνεύω		v-sppamn-	glaux_only
12130	,	u--------		,		u--------	glaux_only
12131	καί	c--------		καί		c--------	glaux_only
12132	πρός	r--------		πρός		r--------	glaux_only
12133	ὁ	l-p---ma-	ὁ	ὁ	l-p---ma-	l-p---ma-	
12134	βούλομαι	v-pppmma-		βούλομαι		v-pppmma-	glaux_only
12135	πλησιάζω	v--pna---		πλησιάζω		v--pna---	glaux_only
12136	καί	c--------	καί	καί	d--------	c--------	
12137	πρός	r--------		πρός		r--------	glaux_only
12138	ὁ	l-p---ma-		ὁ		l-p---ma-	glaux_only
12139	μέλλω	v-pppama-		μέλλω		v-pppama-	glaux_only
12140	περί	r--------		περί		r--------	glaux_only
12141	ἐγώ	p-s---cg-		ἐγώ		p-s---cg-	glaux_only
12142	ὁ	l-s---fa-		ὁ		l-s---fa-	glaux_only
12143	ψῆφος	n-s---fa-		ψῆφος		n-s---fa-	glaux_only
12144	φέρω	v--fna---		φέρω		v--fna---	glaux_only
12145	,	u--------		,		u--------	glaux_only
12146	ὥστε	c--------		ὥστε		c--------	glaux_only
12147	οὐ	d--------	οὐ	οὐ	d--------	d--------	
12148	οἶδα	v1sria---		οἶδα		v1sria---	glaux_only
12149	ὅπως	c--------		ὅπως		c--------	glaux_only
12150	ἄν	g--------		ἄν		g--------	glaux_only
12151	τις	p-s---cn-		τις		p-s---cn-	glaux_only
12152	ἀληθής	a-s---mnc		ἀληθής		a-s---mnc	glaux_only
12153	ἤ	c--------		ἤ		c--------	glaux_only
12154	δίκαιος	a-s---mnc		δίκαιος		a-s---mnc	glaux_only
12155	περί	r--------		περί		r--------	glaux_only
12156	αὐτός	p-s---fa-		αὐτός		p-s---fa-	glaux_only
12157	ἐπιδείκνυμι	v3saop---		ἐπιδείκνυμι		v3saop---	glaux_only
12158	γίγνομαι	v-srpmmn-		γίγνομαι		v-srpmmn-	glaux_only
12159	.	u--------		.		u--------	glaux_only
12160	οὗτος	p-p---nn-		οὗτος		p-p---nn-	glaux_only
12161	μέν	g--------		μέν		g--------	glaux_only
12162	οὖν	g--------		οὖν		g--------	glaux_only
12163	ἐκεῖνος	p-p---nd-		ἐκεῖνος		p-p---nd-	glaux_only
12164	πρόσκειμαι	v3spmm---		πρόσκειμαι		v3spmm---	glaux_only
12165	ὁ	l-p---nd-		ὁ		l-p---nd-	glaux_only
12166	πρότερος	d-------c		πρότερος		d-------c	glaux_only
12167	περί	r--------		περί		r--------	glaux_only
12168	ἐγώ	p-p---cg-		ἐγώ		p-p---cg-	glaux_only
12169	λέγω	v-prpmnd-		λέγω		v-prpmnd-	glaux_only
12170	·	u--------		·		u--------	glaux_only
12171	οὐ	d--------		οὐ		d--------	glaux_only
12172	ἀγνοέω	v1spia---		ἀγνοέω		v1spia---	glaux_only
12173	δέ	c--------		δέ		c--------	glaux_only
12174	ὅτι	c--------		ὅτι		c--------	glaux_only
12175	ὁ	l-p---ma-		ὁ		l-p---ma-	glaux_only
12176	δύσκολος	d--------		δύσκολος		d--------	glaux_only
12177	διάκειμαι	v-prpmma-		διάκειμαι		v-prpmma-	glaux_only
12178	οὐδείς	p-s---na-		οὐδείς		p-s---na-	glaux_only
12179	πω	d--------		πω		d--------	glaux_only
12180	ὁ	l-p---ng-		ὁ		l-p---ng-	glaux_only
12181	λέγω	v-prpmng-		λέγω		v-prpmng-	glaux_only
12182	ἱκανός	a-s---nn-		ἱκανός		a-s---nn-	glaux_only
12183	εἰμί	v3spia---		εἰμί		v3spia---	glaux_only
12184	ἀπαλλάσσω	v--ana---		ἀπαλλάσσω		v--ana---	glaux_only
12185	ὁ	l-s---fg-		ὁ		l-s---fg-	glaux_only
12186	διάνοια	n-s---fg-		διάνοια		n-s---fg-	glaux_only
12187	οὗτος	p-s---fg-		οὗτος		p-s---fg-	glaux_only
12188	,	u--------		,		u--------	glaux_only
12189	ἀλλά	c--------		ἀλλά		c--------	glaux_only
12190	πολύς	a-p---mg-		πολύς		a-p---mg-	glaux_only
12191	ἔτι	d--------		ἔτι		d--------	glaux_only
12192	δέω	v3ppim---		δέω		v3ppim---	glaux_only
12193	λόγος	n-p---mg-		λόγος		n-p---mg-	glaux_only
12194	καί	c--------		καί		c--------	glaux_only
12195	παντοδαπής	a-p---mg-		παντοδαπής		a-p---mg-	glaux_only
12196	,	u--------		,		u--------	glaux_only
12197	εἰ	c--------		εἰ		c--------	glaux_only
12198	μέλλω	v3ppia---		μέλλω		v3ppia---	glaux_only
12199	ἕτερος	p-s---fa-		ἕτερος		p-s---fa-	glaux_only
12200	μεταλαμβάνω	v--fnm---		μεταλαμβάνω		v--fnm---	glaux_only
12201	δόξα	n-s---fa-		δόξα		n-s---fa-	glaux_only
12202	ἀντί	r--------		ἀντί		r--------	glaux_only
12203	ὅς	p-s---fg-		ὅς		p-s---fg-	glaux_only
12204	νῦν	d--------		νῦν		d--------	glaux_only
12205	τυγχάνω	v3ppia---		τυγχάνω		v3ppia---	glaux_only
12206	ἔχω	v-pppamn-		ἔχω		v-pppamn-	glaux_only
12207	.	u--------		.		u--------	glaux_only
12208	δέω	v3spia---		δέω		v3spia---	glaux_only
12209	δή	g--------		δή		g--------	glaux_only
12210							unmatched
12211	ἐγώ	p-p---ca-		ἐγώ		p-p---ca-	glaux_only
12212	προαπολέγω	v--ana---		προαπολέγω		v--ana---	glaux_only
12213	διδάσκω	v-pppama-		διδάσκω		v-pppama-	glaux_only
12214	καί	c--------	καί	καί	c--------	c--------	
12215	λέγω	v-pppama-		λέγω		v-pppama-	glaux_only
12216	,	u--------	,	,	u--------	u--------	
12217	ἐκ	r--------		ἐκ		r--------	glaux_only
12218	ὅς	p-p---ng-		ὅς		p-p---ng-	glaux_only
12219	,	u--------		,		u--------	glaux_only
12220	δύο	m-d----g-		δύο		m-d----g-	glaux_only
12221	ἕτερος	p-s---na-		ἕτερος		p-s---na-	glaux_only
12222	,	u--------		,		u--------	glaux_only
12223	ἤ	c--------		ἤ		c--------	glaux_only
12224	μεθίστημι	v1pfia---		μεθίστημι		v1pfia---	glaux_only
12225	ὁ	l-p---fa-		ὁ		l-p---fa-	glaux_only
12226	γνώμη	n-p---fa-		γνώμη		n-p---fa-	glaux_only
12227	αὐτός	p-p---mg-		αὐτός		p-p---mg-	glaux_only
12228	,	u--------		,		u--------	glaux_only
12229	ἤ	c--------		ἤ		c--------	glaux_only
12230	ὁ	l-p---fa-		ὁ		l-p---fa-	glaux_only
12231	βλασφημία	n-p---fa-		βλασφημία		n-p---fa-	glaux_only
12232	καί	c--------		καί		c--------	glaux_only
12233	κατηγορία	n-p---fa-		κατηγορία		n-p---fa-	glaux_only
12234	ὅς	p-p---fd-		ὅς		p-p---fd-	glaux_only
12235	χράω	v3ppim---		χράω		v3ppim---	glaux_only
12236	κατά	r--------		κατά		r--------	glaux_only
12237	ἐγώ	p-p---cg-		ἐγώ		p-p---cg-	glaux_only
12238	ἐξελέγχω	v1pfia---		ἐξελέγχω		v1pfia---	glaux_only
12239	ψευδής	a-p---fa-		ψευδής		a-p---fa-	glaux_only
12240	εἰμί	v-pppafa-		εἰμί		v-pppafa-	glaux_only
12241	.	u--------		.		u--------	glaux_only
12242	εἰμί	v3ppia---		εἰμί		v3ppia---	glaux_only
12243	δέ	c--------	δέ	δέ	d--------	c--------	
12244	δισσός	a-p---fn-		δισσός		a-p---fn-	glaux_only
12245	.	u--------		.		u--------	glaux_only
12246	λέγω	v3ppia---		λέγω		v3ppia---	glaux_only
12247	γάρ	g--------		γάρ		g--------	glaux_only
12248	ὁ	l-p---mn-		ὁ		l-p---mn-	glaux_only
12249	μέν	g--------		μέν		g--------	glaux_only
12250	ὡς	c--------		ὡς		c--------	glaux_only
12251	εἰμί	v3spia---		εἰμί		v3spia---	glaux_only
12252	ὁ	l-s---fn-		ὁ		l-s---fn-	glaux_only
12253	περί	r--------		περί		r--------	glaux_only
12254	ὁ	l-p---ma-		ὁ		l-p---ma-	glaux_only
12255	σοφιστής	n-p---ma-		σοφιστής		n-p---ma-	glaux_only
12256	διατριβή	n-s---fn-		διατριβή		n-s---fn-	glaux_only
12257	φλυαρία	n-s---fn-		φλυαρία		n-s---fn-	glaux_only
12258	καί	c--------		καί		c--------	glaux_only
12259	φενακισμός	n-s---mn-		φενακισμός		n-s---mn-	glaux_only
12260	·	u--------		·		u--------	glaux_only
12261	οὐδείς	p-s---fn-		οὐδείς		p-s---fn-	glaux_only
12262	γάρ	g--------		γάρ		g--------	glaux_only
12263	εὑρίσκω	v3srim---		εὑρίσκω		v3srim---	glaux_only
12264	παιδεία	n-s---fn-		παιδεία		n-s---fn-	glaux_only
12265	τοιοῦτος	p-s---fn-		τοιοῦτος		p-s---fn-	glaux_only
12266	διά	r--------		διά		r--------	glaux_only
12267	ὅς	p-s---fg-		ὅς		p-s---fg-	glaux_only
12268	γίγνομαι	v3saom---		γίγνομαι		v3saom---	glaux_only
12269	τις	p-s---cn-	τις	τις	p-s---mn-	p-s---cn-	
12270	ἄν	g--------		ἄν		g--------	glaux_only
12271	ἤ	c--------		ἤ		c--------	glaux_only
12272	περί	r--------		περί		r--------	glaux_only
12273	ὁ	l-p---ma-		ὁ		l-p---ma-	glaux_only
12274	λόγος	n-p---ma-		λόγος		n-p---ma-	glaux_only
12275	δεινός	a-s---mnc		δεινός		a-s---mnc	glaux_only
12276	ἤ	c--------		ἤ		c--------	glaux_only
12277	περί	r--------		περί		r--------	glaux_only
12278	ὁ	l-p---fa-	ὁ	ὁ	l-p---fa-	l-p---fa-	
12279	πρᾶξις	n-p---fa-		πρᾶξις		n-p---fa-	glaux_only
12280	φρόνιμος	a-s---mnc		φρόνιμος		a-s---mnc	glaux_only
12281	,	u--------		,		u--------	glaux_only
12282	ἀλλά	c--------	ἀλλά	ἀλλά	c--------	c--------	
12283	ὁ	l-p---mn-		ὁ		l-p---mn-	glaux_only
12284	προέχω	v-pppamn-		προέχω		v-pppamn-	glaux_only
12285	ἐν	r--------		ἐν		r--------	glaux_only
12286	οὗτος	p-p---nd-		οὗτος		p-p---nd-	glaux_only
12287	ὁ	l-s---fd-		ὁ		l-s---fd-	glaux_only
12288	φύσις	n-s---fd-		φύσις		n-s---fd-	glaux_only
12289	ὁ	l-p---mg-	ὁ	ὁ	l-p---mg-	l-p---mg-	
12290	ἄλλος	p-p---mg-	ἄλλος	ἄλλος	a-p---mg-	p-p---mg-	
12291	διαφέρω	v3ppia---		διαφέρω		v3ppia---	glaux_only
12292	·	u--------		·		u--------	glaux_only
12293	ὁ	l-p---mn-		ὁ		l-p---mn-	glaux_only
12294	δέ	c--------		δέ		c--------	glaux_only
12295	δεινός	a-p---mac		δεινός		a-p---mac	glaux_only
12296	μέν	g--------		μέν		g--------	glaux_only
12297	ὁμολογέω	v3ppia---		ὁμολογέω		v3ppia---	glaux_only
12298	εἰμί	v--pna---		εἰμί		v--pna---	glaux_only
12299	ὁ	l-p---ma-		ὁ		l-p---ma-	glaux_only
12300	περί	r--------		περί		r--------	glaux_only
12301	ὁ	l-s---fa-		ὁ		l-s---fa-	glaux_only
12302	μελέτη	n-s---fa-		μελέτη		n-s---fa-	glaux_only
12303	οὗτος	p-s---fa-		οὗτος		p-s---fa-	glaux_only
12304	εἰμί	v-pppama-		εἰμί		v-pppama-	glaux_only
12305	,	u--------		,		u--------	glaux_only
12306	οὐ	d--------	οὐ	οὐ	d--------	d--------	
12307	μήν	g--------		μήν		g--------	glaux_only
12308	ἀλλά	c--------		ἀλλά		c--------	glaux_only
12309							unmatched
12310	καί	c--------	καί	καί	d--------	c--------	
12311	γίγνομαι	v--pnm---		γίγνομαι		v--pnm---	glaux_only
12312	κακός	a-p---mac		κακός		a-p---mac	glaux_only
12313	·	u--------		·		u--------	glaux_only
12314	ἐπειδάν	c--------		ἐπειδάν		c--------	glaux_only
12315	γάρ	g--------	γάρ	γάρ	d--------	g--------	
12316	λαμβάνω	v3pasa---		λαμβάνω		v3pasa---	glaux_only
12317	δύναμις	n-s---fa-		δύναμις		n-s---fa-	glaux_only
12318	,	u--------		,		u--------	glaux_only
12319	ὁ	l-p---md-		ὁ		l-p---md-	glaux_only
12320	ἀλλότριος	a-p---md-		ἀλλότριος		a-p---md-	glaux_only
12321	ἐπιβουλεύω	v--pna---		ἐπιβουλεύω		v--pna---	glaux_only
12322	.	u--------		.		u--------	glaux_only
12323	ὡς	c--------		ὡς		c--------	glaux_only
12324	οὖν	g--------		οὖν		g--------	glaux_only
12325	οὐδείς	p-s---na-		οὐδείς		p-s---na-	glaux_only
12326	ὑγιής	a-s---na-		ὑγιής		a-s---na-	glaux_only
12327							unmatched
12328	ἀληθής	a-s---na-		ἀληθής		a-s---na-	glaux_only
12329	οὐδέτερος	p-p---mn-		οὐδέτερος		p-p---mn-	glaux_only
12330	οὗτος	p-p---mg-		οὗτος		p-p---mg-	glaux_only
12331	λέγω	v3ppia---		λέγω		v3ppia---	glaux_only
12332	,	u--------		,		u--------	glaux_only
12333	πολύς	a-p---fa-		πολύς		a-p---fa-	glaux_only
12334	ἐλπίς	n-p---fa-		ἐλπίς		n-p---fa-	glaux_only
12335	ἔχω	v1spia---		ἔχω		v1spia---	glaux_only
12336	πᾶς	p-p---md-		πᾶς		p-p---md-	glaux_only
12337	φανερός	a-s---na-		φανερός		a-s---na-	glaux_only
12338	ποιέω	v--fna---		ποιέω		v--fna---	glaux_only
12339	.	u--------		.		u--------	glaux_only
12340	πρῶτος	a-s---na-		πρῶτος		a-s---na-	glaux_only
12341	δέ	c--------		δέ		c--------	glaux_only
12342	ἐνθυμέομαι	v2pamp---		ἐνθυμέομαι		v2pamp---	glaux_only
12343	περί	r--------		περί		r--------	glaux_only
12344	ὁ	l-p---mg-		ὁ		l-p---mg-	glaux_only
12345	φλυαρία	n-s---fa-		φλυαρία		n-s---fa-	glaux_only
12346	φάσκω	v-pppamg-		φάσκω		v-pppamg-	glaux_only
12347	εἰμί	v--pna---		εἰμί		v--pna---	glaux_only
12348	ὁ	l-s---fa-		ὁ		l-s---fa-	glaux_only
12349	παιδεία	n-s---fa-		παιδεία		n-s---fa-	glaux_only
12350	,	u--------	,	,	u--------	u--------	
12351	ὡς	c--------		ὡς		c--------	glaux_only
12352	αὐτός	p-p---mn-		αὐτός		p-p---mn-	glaux_only
12353	λίαν	d--------		λίαν		d--------	glaux_only
12354	καταφανής	d--------		καταφανής		d--------	glaux_only
12355	ληρέω	v3ppia---		ληρέω		v3ppia---	glaux_only
12356	.	u--------		.		u--------	glaux_only
12357	διασύρω	v3ppia---		διασύρω		v3ppia---	glaux_only
12358	μέν	g--------		μέν		g--------	glaux_only
12359	γάρ	g--------	γάρ	γάρ	d--------	g--------	
12360	αὐτός	p-s---fa-		αὐτός		p-s---fa-	glaux_only
12361	ὡς	c--------		ὡς		c--------	glaux_only
12362	οὐδείς	p-s---na-		οὐδείς		p-s---na-	glaux_only
12363	ὠφελέω	v--pna---		ὠφελέω		v--pna---	glaux_only
12364	δύναμαι	v-sppmfa-		δύναμαι		v-sppmfa-	glaux_only
12365	ἀλλά	c--------		ἀλλά		c--------	glaux_only
12366	ἀπάτη	n-s---fa-		ἀπάτη		n-s---fa-	glaux_only
12367	καί	c--------	καί	καί	c--------	c--------	
12368	φενακισμός	n-s---ma-		φενακισμός		n-s---ma-	glaux_only
12369	εἰμί	v-sppafa-		εἰμί		v-sppafa-	glaux_only
12370	,	u--------		,		u--------	glaux_only
12371	ἀξιόω	v3ppia---		ἀξιόω		v3ppia---	glaux_only
12372	δέ	c--------		δέ		c--------	glaux_only
12373	ὁ	l-p---ma-		ὁ		l-p---ma-	glaux_only
12374	σύνειμι	v-pppama-		σύνειμι		v-pppama-	glaux_only
12375	ἐγώ	p-p---cd-		ἐγώ		p-p---cd-	glaux_only
12376	εὐθύς	d--------		εὐθύς		d--------	glaux_only
12377	μέν	g--------		μέν		g--------	glaux_only
12378	προσέρχομαι	v-papama-		προσέρχομαι		v-papama-	glaux_only
12379	διαφέρω	v--pna---		διαφέρω		v--pna---	glaux_only
12380	αὐτός	p-p---ma-		αὐτός		p-p---ma-	glaux_only
12381	ἑαυτοῦ	p-p---mg-		ἑαυτοῦ		p-p---mg-	glaux_only
12382	,	u--------		,		u--------	glaux_only
12383	ὀλίγος	a-p---fa-		ὀλίγος		a-p---fa-	glaux_only
12384	δέ	c--------		δέ		c--------	glaux_only
12385	ἡμέρα	n-p---fa-		ἡμέρα		n-p---fa-	glaux_only
12386	συνδιατρίβω	v-papama-		συνδιατρίβω		v-papama-	glaux_only
12387	σοφός	a-p---mac		σοφός		a-p---mac	glaux_only
12388	ἐν	r--------		ἐν		r--------	glaux_only
12389	ὁ	l-p---md-		ὁ		l-p---md-	glaux_only
12390	λόγος	n-p---md-		λόγος		n-p---md-	glaux_only
12391	καί	c--------		καί		c--------	glaux_only
12392	κρατύς	a-p---mac		κρατύς		a-p---mac	glaux_only
12393	φαίνω	v--pnm---		φαίνω		v--pnm---	glaux_only
12394	ὁ	l-p---mg-	ὁ	ὁ	l-p---mg-	l-p---mg-	
12395	καί	c--------		καί		c--------	glaux_only
12396	ὁ	l-p---fd-		ὁ		l-p---fd-	glaux_only
12397	ἡλικία	n-p---fd-		ἡλικία		n-p---fd-	glaux_only
12398	καί	c--------		καί		c--------	glaux_only
12399	ὁ	l-p---fd-		ὁ		l-p---fd-	glaux_only
12400	ἐμπειρία	n-p---fd-		ἐμπειρία		n-p---fd-	glaux_only
12401	προέχω	v-pppamg-		προέχω		v-pppamg-	glaux_only
12402	,	u--------		,		u--------	glaux_only
12403	ἐνιαυτός	n-s---ma-		ἐνιαυτός		n-s---ma-	glaux_only
12404	δέ	c--------		δέ		c--------	glaux_only
12405	μόνος	d--------		μόνος		d--------	glaux_only
12406	παραμένω	v-papama-		παραμένω		v-papama-	glaux_only
12407	ῥήτωρ	n-p---ma-		ῥήτωρ		n-p---ma-	glaux_only
12408	ἅπας	p-p---ma-		ἅπας		p-p---ma-	glaux_only
12409	ἀγαθός	a-p---ma-		ἀγαθός		a-p---ma-	glaux_only
12410	εἰμί	v--pna---		εἰμί		v--pna---	glaux_only
12411	καί	c--------		καί		c--------	glaux_only
12412	τέλειος	a-p---ma-		τέλειος		a-p---ma-	glaux_only
12413	καί	c--------		καί		c--------	glaux_only
12414	μηδείς	p-s---na-		μηδείς		p-s---na-	glaux_only
12415	φαῦλος	a-p---mac		φαῦλος		a-p---mac	glaux_only
12416	ὁ	l-p---ma-		ὁ		l-p---ma-	glaux_only
12417	ἀμελής	a-p---ma-		ἀμελής		a-p---ma-	glaux_only
12418	ὁ	l-p---mg-	ὁ	ὁ	l-p---mg-	l-p---mg-	
12419	πονέω	v--pna---		πονέω		v--pna---	glaux_only
12420	ἐθέλω	v-pppamg-		ἐθέλω		v-pppamg-	glaux_only
12421	μή	d--------		μή		d--------	glaux_only
12422							unmatched
12423							unmatched
12424							unmatched
12425	ὁ	l-p---mg-	ὁ		l-p---mg-		oga_only
12426							unmatched
12427							unmatched
12428							unmatched
12429							unmatched
12430							unmatched
12431	καί	c--------		καί		c--------	glaux_only
12432	οὗτος	p-p---na-		οὗτος		p-p---na-	glaux_only
12433	προστάσσω	v3ppia---		προστάσσω		v3ppia---	glaux_only
12434							unmatched
12435	ἐγώ	p-p---cg-		ἐγώ		p-p---cg-	glaux_only
12436	ἀκούω	v-prpamn-		ἀκούω		v-prpamn-	glaux_only
12437	τοιοῦτος	p-p---fa-		τοιοῦτος		p-p---fa-	glaux_only
12438	ποιέω	v-pppmmg-		ποιέω		v-pppmmg-	glaux_only
12439	ὁ	l-p---fa-		ὁ		l-p---fa-	glaux_only
12440	ὑπόσχεσις	n-p---fa-		ὑπόσχεσις		n-p---fa-	glaux_only
12441	,	u--------		,		u--------	glaux_only
12442							unmatched
12443	ἐν	r--------		ἐν		r--------	glaux_only
12444	ὁ	l-p---fd-		ὁ		l-p---fd-	glaux_only
12445	ἄλλος	p-p---fd-		ἄλλος		p-p---fd-	glaux_only
12446	τέχνη	n-p---fd-		τέχνη		n-p---fd-	glaux_only
12447	καί	c--------	καί	καί	c--------	c--------	
12448	παιδεία	n-p---fd-		παιδεία		n-p---fd-	glaux_only
12449	οὐδείς	p-s---na-		οὐδείς		p-s---na-	glaux_only
12450	ὁράω	v-prpamn-		ὁράω		v-prpamn-	glaux_only
12451	οὗτος	p-p---ng-		οὗτος		p-p---ng-	glaux_only
12452	συμβαίνω	v-sppana-		συμβαίνω		v-sppana-	glaux_only
12453	,	u--------		,		u--------	glaux_only
12454	ἀλλά	c--------		ἀλλά		c--------	glaux_only
12455	μόλις	d--------		μόλις		d--------	glaux_only
12456	μέν	g--------		μέν		g--------	glaux_only
12457	ἐγώ	p-p---cd-		ἐγώ		p-p---cd-	glaux_only
12458	ὁ	l-p---fa-		ὁ		l-p---fa-	glaux_only
12459	ἐπιστήμη	n-p---fa-		ἐπιστήμη		n-p---fa-	glaux_only
12460	παραγίγνομαι	v-pppmfa-		παραγίγνομαι		v-pppmfa-	glaux_only
12461	,	u--------		,		u--------	glaux_only
12462	οὐ	d--------		οὐ		d--------	glaux_only
12463	ὅμοιος	d--------		ὅμοιος		d--------	glaux_only
12464	δέ	c--------		δέ		c--------	glaux_only
12465	ἀλλήλων	p-p---md-		ἀλλήλων		p-p---md-	glaux_only
12466	ὅς	p-s---na-		ὅς		p-s---na-	glaux_only
12467	τις	p-s---na-		τις		p-s---na-	glaux_only
12468	ἄν	g--------	ἄν	ἄν	d--------	g--------	
12469	μανθάνω	v1pasa---		μανθάνω		v1pasa---	glaux_only
12470	ἐξεργάζομαι	v-pppmma-		ἐξεργάζομαι		v-pppmma-	glaux_only
12471	,	u--------		,		u--------	glaux_only
12472	ἀλλά	c--------		ἀλλά		c--------	glaux_only
12473	δύο	m--------		δύο		m--------	glaux_only
12474	μέν	g--------		μέν		g--------	glaux_only
12475	ἤ	c--------	ἤ1	ἤ	c--------	c--------	
12476	τρεῖς	m-p----a-		τρεῖς		m-p----a-	glaux_only
12477	ἐκ	r--------		ἐκ		r--------	glaux_only
12478	ἅπας	p-p---ng-		ἅπας		p-p---ng-	glaux_only
12479	ὁ	l-p---ng-	ὁ	ὁ	l-p---ng-	l-p---ng-	
12480	διδασκαλεῖον	n-p---ng-		διδασκαλεῖον		n-p---ng-	glaux_only
12481	ἀγωνιστής	n-p---ma-		ἀγωνιστής		n-p---ma-	glaux_only
12482	γίγνομαι	v-pppmma-		γίγνομαι		v-pppmma-	glaux_only
12483	,	u--------		,		u--------	glaux_only
12484	ὁ	l-p---ma-		ὁ		l-p---ma-	glaux_only
12485	δέ	c--------		δέ		c--------	glaux_only
12486	ἄλλος	p-p---ma-		ἄλλος		p-p---ma-	glaux_only
12487	ἐκ	r--------		ἐκ		r--------	glaux_only
12488	αὐτός	p-p---ng-		αὐτός		p-p---ng-	glaux_only
12489	ἰδιώτης	n-p---ma-		ἰδιώτης		n-p---ma-	glaux_only
12490	ἀπαλλάσσω	v-pppmma-		ἀπαλλάσσω		v-pppmma-	glaux_only
12491	.	u--------		.		u--------	glaux_only
12492	καί	c--------		καί		c--------	glaux_only
12493	τοι	g--------		τοι		g--------	glaux_only
12494	πῶς	d--------		πῶς		d--------	glaux_only
12495	οὐ	d--------		οὐ		d--------	glaux_only
12496	ἄφρων	a-p---ma-		ἄφρων		a-p---ma-	glaux_only
12497	εἰμί	v--pna---		εἰμί		v--pna---	glaux_only
12498	χρή	v3spia---		χρή		v3spia---	glaux_only
12499	νομίζω	v--pna---		νομίζω		v--pna---	glaux_only
12500	ὁ	l-p---ma-		ὁ		l-p---ma-	glaux_only
12501	ὁ	l-p---fa-		ὁ		l-p---fa-	glaux_only
12502	δύναμις	n-p---fa-		δύναμις		n-p---fa-	glaux_only
12503	ὁ	l-p---fa-		ὁ		l-p---fa-	glaux_only
12504	ἐν	r--------		ἐν		r--------	glaux_only
12505	ὁ	l-p---fd-		ὁ		l-p---fd-	glaux_only
12506	ὁμολογέω	v-pppmfd-		ὁμολογέω		v-pppmfd-	glaux_only
12507	ὁ	l-p---fg-	ὁ	ὁ	l-p---ng-	l-p---fg-	
12508	τέχνη	n-p---fg-		τέχνη		n-p---fg-	glaux_only
12509	οὐ	d--------		οὐ		d--------	glaux_only
12510	ἔνειμι	v-pppafa-		ἔνειμι		v-pppafa-	glaux_only
12511	,	u--------		,		u--------	glaux_only
12512	οὗτος	p-p---fa-		οὗτος		p-p---fa-	glaux_only
12513	ἀπαιτέω	v--pna---		ἀπαιτέω		v--pna---	glaux_only
12514	τολμάω	v-pppama-		τολμάω		v-pppama-	glaux_only
12515	παρά	r--------		παρά		r--------	glaux_only
12516	οὗτος	p-s---fg-		οὗτος		p-s---fg-	glaux_only
12517	ὅς	p-s---fa-		ὅς		p-s---fa-	glaux_only
12518	οὐ	d--------		οὐ		d--------	glaux_only
12519	εἰμί	v--pna---		εἰμί		v--pna---	glaux_only
12520	φημί	v3ppia---		φημί		v3ppia---	glaux_only
12521	,	u--------		,		u--------	glaux_only
12522	καί	c--------	καί	καί	c--------	c--------	
12523	πολύς	a-p---fac		πολύς		a-p---fac	glaux_only
12524	ὁ	l-p---fa-		ὁ		l-p---fa-	glaux_only
12525	ὠφέλεια	n-p---fa-		ὠφέλεια		n-p---fa-	glaux_only
12526	ἀξιόω	v-pppama-		ἀξιόω		v-pppama-	glaux_only
12527	γίγνομαι	v--pnm---		γίγνομαι		v--pnm---	glaux_only
12528	παρά	r--------	παρά	παρά	r--------	r--------	
12529	ὁ	l-s---fg-		ὁ		l-s---fg-	glaux_only
12530	ἀπιστέω	v-sppmfg-		ἀπιστέω		v-sppmfg-	glaux_only
12531	ὑπό	r--------		ὑπό		r--------	glaux_only
12532	ἑαυτοῦ	p-p---mg-		ἑαυτοῦ		p-p---mg-	glaux_only
12533	ἤ	c--------		ἤ		c--------	glaux_only
12534	παρά	r--------		παρά		r--------	glaux_only
12535	ὁ	l-p---fg-		ὁ		l-p---fg-	glaux_only
12536	ἀκριβής	d--------		ἀκριβής		d--------	glaux_only
12537	εὑρίσκω	v--rnm---		εὑρίσκω		v--rnm---	glaux_only
12538	δοκέω	v-pppafg-		δοκέω		v-pppafg-	glaux_only
12539	;	u--------		;		u--------	glaux_only
12540	χρή	v3spia---		χρή		v3spia---	glaux_only
12541	δέ	c--------		δέ		c--------	glaux_only
12542	ὁ	l-p---ma-	ὁ	ὁ	l-p---ma-	l-p---ma-	
12543	νόος	n-s---ma-		νόος		n-s---ma-	glaux_only
12544	ἔχω	v-pppama-		ἔχω		v-pppama-	glaux_only
12545	οὐ	d--------		οὐ		d--------	glaux_only
12546	ἀνώμαλος	d--------		ἀνώμαλος		d--------	glaux_only
12547	ποιέω	v--pnm---		ποιέω		v--pnm---	glaux_only
12548	ὁ	l-p---fa-		ὁ		l-p---fa-	glaux_only
12549	κρίσις	n-p---fa-		κρίσις		n-p---fa-	glaux_only
12550	περί	r--------		περί		r--------	glaux_only
12551	ὁ	l-p---ng-		ὁ		l-p---ng-	glaux_only
12552	ὅμοιος	a-p---ng-		ὅμοιος		a-p---ng-	glaux_only
12553	πρᾶγμα	n-p---ng-		πρᾶγμα		n-p---ng-	glaux_only
12554	,	u--------		,		u--------	glaux_only
12555							unmatched
12556	ἀποδοκιμάζω	v--pna---		ἀποδοκιμάζω		v--pna---	glaux_only
12557	ὁ	l-s---fa-		ὁ		l-s---fa-	glaux_only
12558	παιδεία	n-s---fa-		παιδεία		n-s---fa-	glaux_only
12559	ὁ	l-s---fa-		ὁ		l-s---fa-	glaux_only
12560							unmatched
12561							unmatched
12562	ὁ	l-p---fd-		ὁ		l-p---fd-	glaux_only
12563	πολύς	a-p---fds		πολύς		a-p---fds	glaux_only
12564	ὁ	l-p---fg-		ὁ		l-p---fg-	glaux_only
12565	τέχνη	n-p---fg-		τέχνη		n-p---fg-	glaux_only
12566	ἀπεργάζομαι	v-sppmfa-		ἀπεργάζομαι		v-sppmfa-	glaux_only
12567	.	u--------		.		u--------	glaux_only
12568	τίς	p-s---cn-		τίς		p-s---cn-	glaux_only
12569	γάρ	g--------		γάρ		g--------	glaux_only
12570	οὐ	d--------		οὐ		d--------	glaux_only
12571	οἶδα	v3sria---		οἶδα		v3sria---	glaux_only
12572	σύ	p-p---cg-		σύ		p-p---cg-	glaux_only
12573	πολύς	a-p---ma-		πολύς		a-p---ma-	glaux_only
12574	ὁ	l-p---mg-	ὁ	ὁ	l-p---mg-	l-p---mg-	
12575	ὑπό	r--------		ὑπό		r--------	glaux_only
12576	ὁ	l-p---md-		ὁ		l-p---md-	glaux_only
12577	σοφιστής	n-p---md-		σοφιστής		n-p---md-	glaux_only
12578	γίγνομαι	v-papmmg-		γίγνομαι		v-papmmg-	glaux_only
12579	οὐ	d--------		οὐ		d--------	glaux_only
12580	φενακίζω	v-pappma-		φενακίζω		v-pappma-	glaux_only
12581							unmatched
12582	οὕτως	d--------		οὕτως		d--------	glaux_only
12583	διατίθημι	v-pappma-		διατίθημι		v-pappma-	glaux_only
12584	ὡς	c--------		ὡς		c--------	glaux_only
12585	οὗτος	p-p---mn-		οὗτος		p-p---mn-	glaux_only
12586	λέγω	v3ppia---		λέγω		v3ppia---	glaux_only
12587	,	u--------		,		u--------	glaux_only
12588	ἀλλά	c--------		ἀλλά		c--------	glaux_only
12589	ὁ	l-p---ma-		ὁ		l-p---ma-	glaux_only
12590	μέν	g--------		μέν		g--------	glaux_only
12591	αὐτός	p-p---mg-		αὐτός		p-p---mg-	glaux_only
12592	ἱκανός	a-p---ma-		ἱκανός		a-p---ma-	glaux_only
12593	ἀγωνιστής	n-p---ma-		ἀγωνιστής		n-p---ma-	glaux_only
12594	ἀποτελέω	v-pappma-		ἀποτελέω		v-pappma-	glaux_only
12595	,	u--------		,		u--------	glaux_only
12596	ὁ	l-p---ma-		ὁ		l-p---ma-	glaux_only
12597	δέ	c--------	δέ	δέ	d--------	c--------	
12598	παιδεύω	v--pna---		παιδεύω		v--pna---	glaux_only
12599	ἕτερος	p-p---ma-		ἕτερος		p-p---ma-	glaux_only
12600	δύναμαι	v-pappma-		δύναμαι		v-pappma-	glaux_only
12601	,	u--------		,		u--------	glaux_only
12602	ὅσος	p-p---mn-		ὅσος		p-p---mn-	glaux_only
12603	δέ	c--------		δέ		c--------	glaux_only
12604	αὐτός	p-p---mg-		αὐτός		p-p---mg-	glaux_only
12605	ἰδιωτεύω	v--pna---		ἰδιωτεύω		v--pna---	glaux_only
12606	βούλομαι	v3paip---		βούλομαι		v3paip---	glaux_only
12607	,	u--------		,		u--------	glaux_only
12608	ἐν	r--------		ἐν		r--------	glaux_only
12609	τε	c--------		τε		c--------	glaux_only
12610	ὁ	l-p---fd-		ὁ		l-p---fd-	glaux_only
12611	ὁμιλία	n-p---fd-		ὁμιλία		n-p---fd-	glaux_only
12612	χαρίεις	a-p---mac		χαρίεις		a-p---mac	glaux_only
12613	εἰμί	v-pppama-		εἰμί		v-pppama-	glaux_only
12614	ἤ	c--------		ἤ		c--------	glaux_only
12615	πρότερος	d-------c		πρότερος		d-------c	glaux_only
12616	εἰμί	v3piia---		εἰμί		v3piia---	glaux_only
12617	,	u--------		,		u--------	glaux_only
12618	ὁ	l-p---mg-	ὁ	ὁ	l-p---mg-	l-p---mg-	
12619	τε	c--------		τε		c--------	glaux_only
12620	λόγος	n-p---mg-		λόγος		n-p---mg-	glaux_only
12621	κριτής	n-p---ma-		κριτής		n-p---ma-	glaux_only
12622	καί	c--------		καί		c--------	glaux_only
12623	σύμβουλος	n-p---ma-		σύμβουλος		n-p---ma-	glaux_only
12624	ἀκριβής	a-p---mac		ἀκριβής		a-p---mac	glaux_only
12625	ὁ	l-p---mg-		ὁ		l-p---mg-	glaux_only
12626	πολύς	a-p---mgs		πολύς		a-p---mgs	glaux_only
12627	γίγνομαι	v-prpmma-		γίγνομαι		v-prpmma-	glaux_only
12628	;	u--------		;		u--------	glaux_only
12629	ὥστε	c--------		ὥστε		c--------	glaux_only
12630	πῶς	d--------		πῶς		d--------	glaux_only
12631	χρή	v3spia---		χρή		v3spia---	glaux_only
12632	ὁ	l-s---fg-		ὁ		l-s---fg-	glaux_only
12633	τοιοῦτος	p-s---fg-		τοιοῦτος		p-s---fg-	glaux_only
12634	διατριβή	n-s---fg-		διατριβή		n-s---fg-	glaux_only
12635	καταφρονέω	v--pna---		καταφρονέω		v--pna---	glaux_only
12636	,	u--------		,		u--------	glaux_only
12637	ὁ	l-s---fg-		ὁ		l-s---fg-	glaux_only
12638	ὁ	l-p---ma-		ὁ		l-p---ma-	glaux_only
12639	χράω	v-prpmma-		χράω		v-prpmma-	glaux_only
12640	αὐτός	p-s---fd-		αὐτός		p-s---fd-	glaux_only
12641	τοιοῦτος	p-p---ma-		τοιοῦτος		p-p---ma-	glaux_only
12642	παρασκευάζω	v--pna---		παρασκευάζω		v--pna---	glaux_only
12643	δύναμαι	v-sppmfg-		δύναμαι		v-sppmfg-	glaux_only
12644	;	u--------		;		u--------	glaux_only
12645	ἀλλά	c--------		ἀλλά		c--------	glaux_only
12646	μήν	g--------		μήν		g--------	glaux_only
12647	καί	c--------	καί	καί	d--------	c--------	
12648	ὅδε	p-s---na-		ὅδε		p-s---na-	glaux_only
12649	πᾶς	p-p---mn-		πᾶς		p-p---mn-	glaux_only
12650	ἄν	g--------	ἄν	ἄν	d--------	g--------	
12651	ὁμολογέω	v3paoa---		ὁμολογέω		v3paoa---	glaux_only
12652	,	u--------		,		u--------	glaux_only
12653	ὅτι	c--------		ὅτι		c--------	glaux_only
12654	οὗτος	p-p---ma-		οὗτος		p-p---ma-	glaux_only
12655	τεχνικός	a-p---mas		τεχνικός		a-p---mas	glaux_only
12656	εἰμί	v--pna---		εἰμί		v--pna---	glaux_only
12657	νομίζω	v1ppia---		νομίζω		v1ppia---	glaux_only
12658	ἐπί	r--------		ἐπί		r--------	glaux_only
12659	πᾶς	p-p---fg-		πᾶς		p-p---fg-	glaux_only
12660	ὁ	l-p---fg-		ὁ		l-p---fg-	glaux_only
12661	τέχνη	n-p---fg-		τέχνη		n-p---fg-	glaux_only
12662	καί	c--------	καί	καί	c--------	c--------	
12663	χειρουργία	n-p---fg-		χειρουργία		n-p---fg-	glaux_only
12664	,	u--------		,		u--------	glaux_only
12665	ὅς	p-p---mn-		ὅς		p-p---mn-	glaux_only
12666	τις	p-p---cn-		τις		p-p---cn-	glaux_only
12667	ἄν	g--------		ἄν		g--------	glaux_only
12668	ὁ	l-p---ma-		ὁ		l-p---ma-	glaux_only
12669	μαθητής	n-p---ma-		μαθητής		n-p---ma-	glaux_only
12670	ὡς	c--------		ὡς		c--------	glaux_only
12671	οἷος	p-s---na-		οἷος		p-s---na-	glaux_only
12672	τε	c--------		τε		c--------	glaux_only
12673	ὅμοιος	a-p---mas		ὅμοιος		a-p---mas	glaux_only
12674	ἐργάτης	n-p---ma-		ἐργάτης		n-p---ma-	glaux_only
12675	ἀλλήλων	p-p---md-		ἀλλήλων		p-p---md-	glaux_only
12676	ἀποδείκνυμι	v3pasa---		ἀποδείκνυμι		v3pasa---	glaux_only
12677	.	u--------		.		u--------	glaux_only
12678	ὁ	l-s---fd-		ὁ		l-s---fd-	glaux_only
12679	τοίνυν	g--------		τοίνυν		g--------	glaux_only
12680	φιλοσοφία	n-s---fd-		φιλοσοφία		n-s---fd-	glaux_only
12681	φαίνω	v3sfip---		φαίνω		v3sfip---	glaux_only
12682	καί	c--------		καί		c--------	glaux_only
12683	οὗτος	p-s---nn-		οὗτος		p-s---nn-	glaux_only
12684	συμβαίνω	v-srpann-		συμβαίνω		v-srpann-	glaux_only
12685	.	u--------		.		u--------	glaux_only
12686	ὅσος	p-p---mn-		ὅσος		p-p---mn-	glaux_only
12687	γάρ	g--------		γάρ		g--------	glaux_only
12688	ἡγεμών	n-s---mg-		ἡγεμών		n-s---mg-	glaux_only
12689	τυγχάνω	v3paia---		τυγχάνω		v3paia---	glaux_only
12690	ἀληθινός	a-s---mg-		ἀληθινός		a-s---mg-	glaux_only
12691	καί	c--------	καί	καί	c--------	c--------	
12692	νόος	n-s---ma-		νόος		n-s---ma-	glaux_only
12693	ἔχω	v-sppamg-		ἔχω		v-sppamg-	glaux_only
12694	,	u--------		,		u--------	glaux_only
12695	εὑρίσκω	v3paop---		εὑρίσκω		v3paop---	glaux_only
12696	ἄν	g--------		ἄν		g--------	glaux_only
12697	ἐν	r--------	ἐν	ἐν	r--------	r--------	
12698	ὁ	l-p---md-		ὁ		l-p---md-	glaux_only
12699	λόγος	n-p---md-		λόγος		n-p---md-	glaux_only
12700	οὕτως	d--------		οὕτως		d--------	glaux_only
12701	ὅμοιος	a-s---fa-		ὅμοιος		a-s---fa-	glaux_only
12702	ὁ	l-s---fa-		ὁ		l-s---fa-	glaux_only
12703	δύναμις	n-s---fa-		δύναμις		n-s---fa-	glaux_only
12704	ἔχω	v-pppamn-		ἔχω		v-pppamn-	glaux_only
12705	ὥστε	c--------		ὥστε		c--------	glaux_only
12706	πᾶς	p-p---md-		πᾶς		p-p---md-	glaux_only
12707	εἰμί	v--pna---		εἰμί		v--pna---	glaux_only
12708	φανερός	a-s---na-		φανερός		a-s---na-	glaux_only
12709	ὅτι	c--------		ὅτι		c--------	glaux_only
12710	ὁ	l-s---fg-		ὁ		l-s---fg-	glaux_only
12711	αὐτός	p-s---fg-		αὐτός		p-s---fg-	glaux_only
12712	παιδεία	n-s---fg-		παιδεία		n-s---fg-	glaux_only
12713	μετέχω	v3pria---		μετέχω		v3pria---	glaux_only
12714	.	u--------		.		u--------	glaux_only
12715	καί	c--------		καί		c--------	glaux_only
12716	τοι	g--------		τοι		g--------	glaux_only
12717	μηδείς	p-s---ng-		μηδείς		p-s---ng-	glaux_only
12718	ἔθος	n-s---ng-		ἔθος		n-s---ng-	glaux_only
12719	αὐτός	p-p---md-		αὐτός		p-p---md-	glaux_only
12720	ἐγγίγνομαι	v-sapmng-		ἐγγίγνομαι		v-sapmng-	glaux_only
12721	κοινός	a-s---ng-		κοινός		a-s---ng-	glaux_only
12722	μή	d--------		μή		d--------	glaux_only
12723							unmatched
12724	διατριβή	n-s---fg-		διατριβή		n-s---fg-	glaux_only
12725							unmatched
12726	δέ	c--------	δέ		c--------		oga_only
12727							unmatched
12728							unmatched
12729							unmatched
12730							unmatched
12731							unmatched
12732							unmatched
12733							unmatched
12734							unmatched
12735							unmatched
12736							unmatched
12737							unmatched
12738							unmatched
12739							unmatched
12740	ἔτι	d--------		ἔτι		d--------	glaux_only
12741	τοίνυν	g--------		τοίνυν		g--------	glaux_only
12742	σύ	p-p---cg-		σύ		p-p---cg-	glaux_only
12743	αὐτός	p-p---mg-		αὐτός		p-p---mg-	glaux_only
12744	οὐδείς	p-s---mn-		οὐδείς		p-s---mn-	glaux_only
12745	εἰμί	v3spia---		εἰμί		v3spia---	glaux_only
12746	ὅστις	p-s---mn-		ὅστις		p-s---mn-	glaux_only
12747	οὐ	d--------		οὐ		d--------	glaux_only
12748	ἄν	g--------		ἄν		g--------	glaux_only
12749	λέγω	v--ana---		λέγω		v--ana---	glaux_only
12750	ἔχω	v3spoa---		ἔχω		v3spoa---	glaux_only
12751	πολύς	a-p---ma-		πολύς		a-p---ma-	glaux_only
12752	ὁ	l-p---mg-		ὁ		l-p---mg-	glaux_only
12753	συμπαιδεύω	v-pappmg-		συμπαιδεύω		v-pappmg-	glaux_only
12754	,	u--------		,		u--------	glaux_only
12755	ὅς	p-p---mn-		ὅς		p-p---mn-	glaux_only
12756	παῖς	n-p---cn-		παῖς		n-p---cn-	glaux_only
12757	μέν	g--------		μέν		g--------	glaux_only
12758	εἰμί	v-pppamn-		εἰμί		v-pppamn-	glaux_only
12759	ἀμαθής	a-p---mns		ἀμαθής		a-p---mns	glaux_only
12760	ὁ	l-p---mg-		ὁ		l-p---mg-	glaux_only
12761	ἡλικιώτης	n-p---mg-		ἡλικιώτης		n-p---mg-	glaux_only
12762	δοκέω	v3paia---		δοκέω		v3paia---	glaux_only
12763	εἰμί	v--pna---		εἰμί		v--pna---	glaux_only
12764	,	u--------	,	,	u--------	u--------	
12765	πρέσβυς	a-p---mnc		πρέσβυς		a-p---mnc	glaux_only
12766	δέ	c--------		δέ		c--------	glaux_only
12767	γίγνομαι	v-papmmn-		γίγνομαι		v-papmmn-	glaux_only
12768	πολύς	a-s---nac		πολύς		a-s---nac	glaux_only
12769	διαφέρω	v3paia---		διαφέρω		v3paia---	glaux_only
12770	πρός	r--------		πρός		r--------	glaux_only
12771	ὁ	l-s---na-		ὁ		l-s---na-	glaux_only
12772	φρονέω	v--pna---		φρονέω		v--pna---	glaux_only
12773	καί	c--------		καί		c--------	glaux_only
12774	λέγω	v--pna---		λέγω		v--pna---	glaux_only
12775	ὁ	l-p---ng-		ὁ		l-p---ng-	glaux_only
12776	αὐτός	p-p---ng-		αὐτός		p-p---ng-	glaux_only
12777	οὗτος	p-p---ng-		οὗτος		p-p---ng-	glaux_only
12778	ὅς	p-p---ng-		ὅς		p-p---ng-	glaux_only
12779	παῖς	n-p---cn-		παῖς		n-p---cn-	glaux_only
12780	εἰμί	v-pppamn-		εἰμί		v-pppamn-	glaux_only
12781	ἀπολείπω	v3paip---		ἀπολείπω		v3paip---	glaux_only
12782	.	u--------		.		u--------	glaux_only
12783	ὅθεν	d--------		ὅθεν		d--------	glaux_only
12784	μάλα	d-------s		μάλα		d-------s	glaux_only
12785	ἄν	g--------		ἄν		g--------	glaux_only
12786	τις	p-s---cn-		τις		p-s---cn-	glaux_only
12787	γιγνώσκω	v3saoa---		γιγνώσκω		v3saoa---	glaux_only
12788	ὁ	l-s---fa-		ὁ		l-s---fa-	glaux_only
12789	ἐπιμέλεια	n-s---fa-		ἐπιμέλεια		n-s---fa-	glaux_only
12790	ὅσος	p-s---fa-		ὅσος		p-s---fa-	glaux_only
12791	ἔχω	v3spia---		ἔχω		v3spia---	glaux_only
12792	δύναμις	n-s---fa-		δύναμις		n-s---fa-	glaux_only
12793	·	u--------		·		u--------	glaux_only
12794	δῆλος	a-s---nn-		δῆλος		a-s---nn-	glaux_only
12795	γάρ	g--------		γάρ		g--------	glaux_only
12796	ὅτι	c--------		ὅτι		c--------	glaux_only
12797	τότε	d--------		τότε		d--------	glaux_only
12798	μέν	g--------		μέν		g--------	glaux_only
12799	ἅπας	p-p---mn-		ἅπας		p-p---mn-	glaux_only
12800	τοιοῦτος	p-p---fd-		τοιοῦτος		p-p---fd-	glaux_only
12801	χράω	v3piim---		χράω		v3piim---	glaux_only
12802	ὁ	l-p---fd-		ὁ		l-p---fd-	glaux_only
12803	διάνοια	n-p---fd-		διάνοια		n-p---fd-	glaux_only
12804	οἷος	p-p---fa-		οἷος		p-p---fa-	glaux_only
12805	περ	d--------		περ		d--------	glaux_only
12806	ἐκ	r--------		ἐκ		r--------	glaux_only
12807	ἀρχή	n-s---fg-		ἀρχή		n-s---fg-	glaux_only
12808	φύω	v3paia---		φύω		v3paia---	glaux_only
12809	ἔχω	v-pppamn-		ἔχω		v-pppamn-	glaux_only
12810	,	u--------		,		u--------	glaux_only
12811	ἀνήρ	n-p---mn-		ἀνήρ		n-p---mn-	glaux_only
12812	δέ	c--------		δέ		c--------	glaux_only
12813	γίγνομαι	v-papmmn-		γίγνομαι		v-papmmn-	glaux_only
12814	οὗτος	p-p---ng-		οὗτος		p-p---ng-	glaux_only
12815	διαφέρω	v3paia---		διαφέρω		v3paia---	glaux_only
12816	καί	c--------		καί		c--------	glaux_only
12817	μεταλλάσσω	v3paia---		μεταλλάσσω		v3paia---	glaux_only
12818	ὁ	l-s---fa-		ὁ		l-s---fa-	glaux_only
12819	φρόνησις	n-s---fa-		φρόνησις		n-s---fa-	glaux_only
12820	ὁ	l-s---nd-	ὁ	ὁ	l-s---md-	l-s---nd-	
12821	ὁ	l-p---ma-		ὁ		l-p---ma-	glaux_only
12822	μέν	g--------		μέν		g--------	glaux_only
12823	ἐκκεχυμένως	d--------		ἐκκεχυμένως		d--------	glaux_only
12824	ζάω	v--pna---		ζάω		v--pna---	glaux_only
12825	καί	c--------		καί		c--------	glaux_only
12826	ῥᾴθυμος	d--------		ῥᾴθυμος		d--------	glaux_only
12827	,	u--------		,		u--------	glaux_only
12828	ὁ	l-p---ma-		ὁ		l-p---ma-	glaux_only
12829	δέ	c--------		δέ		c--------	glaux_only
12830	ὁ	l-p---nd-		ὁ		l-p---nd-	glaux_only
12831	τε	c--------		τε		c--------	glaux_only
12832	πρᾶγμα	n-p---nd-		πρᾶγμα		n-p---nd-	glaux_only
12833	καί	c--------		καί		c--------	glaux_only
12834	σφεῖς	p-p---cd-		σφεῖς		p-p---cd-	glaux_only
12835	αὐτός	p-p---md-		αὐτός		p-p---md-	glaux_only
12836	προσέχω	v--pna---		προσέχω		v--pna---	glaux_only
12837	ὁ	l-s---ma-		ὁ		l-s---ma-	glaux_only
12838	νόος	n-s---ma-		νόος		n-s---ma-	glaux_only
12839	.	u--------		.		u--------	glaux_only
12840	ὅπου	d--------		ὅπου		d--------	glaux_only
12841	δέ	c--------		δέ		c--------	glaux_only
12842	καί	c--------		καί		c--------	glaux_only
12843	διά	r--------		διά		r--------	glaux_only
12844	ὁ	l-p---fa-		ὁ		l-p---fa-	glaux_only
12845	ἑαυτοῦ	p-p---mg-	αὐτός	ἑαυτοῦ	p-p---mg-	p-p---mg-	DISAGREE
12846	ἐπιμέλεια	n-p---fa-		ἐπιμέλεια		n-p---fa-	glaux_only
12847	γίγνομαι	v3ppim---		γίγνομαι		v3ppim---	glaux_only
12848	τις	p-p---cn-		τις		p-p---cn-	glaux_only
12849	ἀγαθός	a-p---mnc		ἀγαθός		a-p---mnc	glaux_only
12850	,	u--------		,		u--------	glaux_only
12851	πῶς	d--------		πῶς		d--------	glaux_only
12852	οὐ	d--------		οὐ		d--------	glaux_only
12853	ἄν	g--------		ἄν		g--------	glaux_only
12854	οὗτος	p-p---mn-		οὗτος		p-p---mn-	glaux_only
12855	λαμβάνω	v-papamn-		λαμβάνω		v-papamn-	glaux_only
12856	ἐπιστάτης	n-s---ma-		ἐπιστάτης		n-s---ma-	glaux_only
12857	καί	c--------		καί		c--------	glaux_only
12858	πρέσβυς	a-s---mac		πρέσβυς		a-s---mac	glaux_only
12859	καί	c--------	καί	καί	d--------	c--------	
12860	πολύς	a-p---ng-		πολύς		a-p---ng-	glaux_only
12861	πρᾶγμα	n-p---ng-		πρᾶγμα		n-p---ng-	glaux_only
12862	ἔμπειρος	a-s---ma-		ἔμπειρος		a-s---ma-	glaux_only
12863	,	u--------		,		u--------	glaux_only
12864	καί	c--------	καί	καί	c--------	c--------	
12865	ὁ	l-p---na-		ὁ		l-p---na-	glaux_only
12866	μέν	g--------		μέν		g--------	glaux_only
12867	παραλαμβάνω	v-srpama-		παραλαμβάνω		v-srpama-	glaux_only
12868	ὁ	l-p---na-		ὁ		l-p---na-	glaux_only
12869	δέ	c--------		δέ		c--------	glaux_only
12870	αὐτός	p-s---ma-		αὐτός		p-s---ma-	glaux_only
12871	εὑρίσκω	v-srpama-		εὑρίσκω		v-srpama-	glaux_only
12872	,	u--------		,		u--------	glaux_only
12873	πολύς	a-s---na-		πολύς		a-s---na-	glaux_only
12874	ὅς	p-p---na-		ὅς		p-p---na-	glaux_only
12875	ἔτι	d--------		ἔτι		d--------	glaux_only
12876	πολύς	a-s---nac		πολύς		a-s---nac	glaux_only
12877	καί	c--------	καί	καί	c--------	c--------	
12878	σφεῖς	p-p---cg-		σφεῖς		p-p---cg-	glaux_only
12879	αὐτός	p-p---mg-		αὐτός		p-p---mg-	glaux_only
12880	καί	c--------	καί	καί	d--------	c--------	
12881	ὁ	l-p---mg-		ὁ		l-p---mg-	glaux_only
12882	ἄλλος	p-p---mg-		ἄλλος		p-p---mg-	glaux_only
12883	διαφέρω	v3paia---		διαφέρω		v3paia---	glaux_only
12884	;	u--------		;		u--------	glaux_only
12885	οὐ	d--------		οὐ		d--------	glaux_only
12886	μόνος	d--------	μόνος	μόνος	a-s---na-	d--------	
12887	δέ	c--------		δέ		c--------	glaux_only
12888	ἐκ	r--------		ἐκ		r--------	glaux_only
12889	οὗτος	p-p---mg-		οὗτος		p-p---mg-	glaux_only
12890	ἀλλά	c--------	ἀλλά	ἀλλά	c--------	c--------	
12891	καί	c--------	καί	καί	d--------	c--------	
12892	ὁ	l-p---mg-	ὁ	ὁ	l-p---ng-	l-p---mg-	
12893	λοιπός	a-p---mg-		λοιπός		a-p---mg-	glaux_only
12894	ἔοικα	d--------		ἔοικα		d--------	glaux_only
12895	ἄν	g--------		ἄν		g--------	glaux_only
12896	ἅπας	p-p---mn-		ἅπας		p-p---mn-	glaux_only
12897	ὁ	l-s---fa-	ὁ	ὁ	l-s---fa-	l-s---fa-	
12898	ἄγνοια	n-s---fa-		ἄγνοια		n-s---fa-	glaux_only
12899	θαυμάζω	v3paoa---		θαυμάζω		v3paoa---	glaux_only
12900	ὁ	l-p---mg-	ὁ	ὁ	l-p---mg-	l-p---mg-	
12901	τολμάω	v-pppamg-		τολμάω		v-pppamg-	glaux_only
12902	οὕτως	d--------		οὕτως		d--------	glaux_only
12903	εἰκῇ	d--------		εἰκῇ		d--------	glaux_only
12904	καταφρονέω	v--pna---		καταφρονέω		v--pna---	glaux_only
12905	ὁ	l-s---fg-		ὁ		l-s---fg-	glaux_only
12906	φιλοσοφία	n-s---fg-		φιλοσοφία		n-s---fg-	glaux_only
12907	·	u--------		·		u--------	glaux_only
12908	πρῶτος	a-s---na-		πρῶτος		a-s---na-	glaux_only
12909	μέν	g--------		μέν		g--------	glaux_only
12910	εἰ	c--------		εἰ		c--------	glaux_only
12911	πᾶς	p-p---fa-		πᾶς		p-p---fa-	glaux_only
12912	ὁ	l-p---fa-		ὁ		l-p---fa-	glaux_only
12913	πρᾶξις	n-p---fa-		πρᾶξις		n-p---fa-	glaux_only
12914	καί	c--------		καί		c--------	glaux_only
12915	ὁ	l-p---fa-		ὁ		l-p---fa-	glaux_only
12916	τέχνη	n-p---fa-		τέχνη		n-p---fa-	glaux_only
12917	οἶδα	v-prpamn-		οἶδα		v-prpamn-	glaux_only
12918	ὁ	l-p---fd-		ὁ		l-p---fd-	glaux_only
12919	μελέτη	n-p---fd-		μελέτη		n-p---fd-	glaux_only
12920	καί	c--------	καί	καί	c--------	c--------	
12921	ὁ	l-p---fd-		ὁ		l-p---fd-	glaux_only
12922	φιλοπονία	n-p---fd-		φιλοπονία		n-p---fd-	glaux_only
12923	ἁλίσκομαι	v-pppmfa-		ἁλίσκομαι		v-pppmfa-	glaux_only
12924	πρός	r--------		πρός		r--------	glaux_only
12925	ὁ	l-s---fa-	ὁ	ὁ	l-s---fa-	l-s---fa-	
12926	ὁ	l-s---fg-		ὁ		l-s---fg-	glaux_only
12927	φρόνησις	n-s---fg-		φρόνησις		n-s---fg-	glaux_only
12928	ἄσκησις	n-s---fa-		ἄσκησις		n-s---fa-	glaux_only
12929	οὗτος	p-p---na-		οὗτος		p-p---na-	glaux_only
12930	μηδείς	p-s---fa-		μηδείς		p-s---fa-	glaux_only
12931	ἡγέομαι	v3ppim---		ἡγέομαι		v3ppim---	glaux_only
12932	δύναμις	n-s---fa-		δύναμις		n-s---fa-	glaux_only
12933	ἔχω	v--pna---		ἔχω		v--pna---	glaux_only
12934	,	u--------		,		u--------	glaux_only
12935	ἔπειτα	d--------		ἔπειτα		d--------	glaux_only
12936	εἰ	c--------		εἰ		c--------	glaux_only
12937	ὁ	l-p---ng-		ὁ		l-p---ng-	glaux_only
12938	μέν	g--------		μέν		g--------	glaux_only
12939	σῶμα	n-p---ng-		σῶμα		n-p---ng-	glaux_only
12940	μηδείς	p-s---na-		μηδείς		p-s---na-	glaux_only
12941	οὕτως	d--------		οὕτως		d--------	glaux_only
12942	ἄν	g--------		ἄν		g--------	glaux_only
12943	φημί	v3paoa---		φημί		v3paoa---	glaux_only
12944	εἰμί	v--pna---	εἰμί	εἰμί	v--pna---	v--pna---	
12945	φαῦλος	a-s---na-		φαῦλος		a-s---na-	glaux_only
12946	,	u--------		,		u--------	glaux_only
12947	ὅς	p-s---nn-		ὅς		p-s---nn-	glaux_only
12948	τις	p-s---nn-		τις		p-s---nn-	glaux_only
12949	γυμνάζω	v-sappnn-		γυμνάζω		v-sappnn-	glaux_only
12950	καί	c--------		καί		c--------	glaux_only
12951	πονέω	v-sapann-		πονέω		v-sapann-	glaux_only
12952	οὐ	d--------		οὐ		d--------	glaux_only
12953	ἄν	g--------		ἄν		g--------	glaux_only
12954	εἰμί	v3spoa---		εἰμί		v3spoa---	glaux_only
12955	ἀγαθός	a-s---nnc		ἀγαθός		a-s---nnc	glaux_only
12956	,	u--------		,		u--------	glaux_only
12957	ὁ	l-p---fa-		ὁ		l-p---fa-	glaux_only
12958	δέ	c--------		δέ		c--------	glaux_only
12959	ψυχή	n-p---fa-		ψυχή		n-p---fa-	glaux_only
12960	ὁ	l-p---fa-		ὁ		l-p---fa-	glaux_only
12961	ἀγαθός	a-s---nac		ἀγαθός		a-s---nac	glaux_only
12962	φύω	v-prpafa-		φύω		v-prpafa-	glaux_only
12963	ὁ	l-p---ng-		ὁ		l-p---ng-	glaux_only
12964	σῶμα	n-p---ng-		σῶμα		n-p---ng-	glaux_only
12965	μηδείς	p-s---na-		μηδείς		p-s---na-	glaux_only
12966	ἄν	g--------		ἄν		g--------	glaux_only
12967	νομίζω	v3ppia---		νομίζω		v3ppia---	glaux_only
12968	γίγνομαι	v--anm---		γίγνομαι		v--anm---	glaux_only
12969	σπουδαῖος	a-p---fac		σπουδαῖος		a-p---fac	glaux_only
12970	παιδεύω	v-pappfa-		παιδεύω		v-pappfa-	glaux_only
12971	καί	c--------		καί		c--------	glaux_only
12972	τυγχάνω	v-papafa-		τυγχάνω		v-papafa-	glaux_only
12973	ὁ	l-s---fg-		ὁ		l-s---fg-	glaux_only
12974	προσήκω	v-sppafg-		προσήκω		v-sppafg-	glaux_only
12975	ἐπιμέλεια	n-s---fg-		ἐπιμέλεια		n-s---fg-	glaux_only
12976	·	u--------		·		u--------	glaux_only
12977	ἔτι	g--------		ἔτι		g--------	glaux_only
12978	δέ	c--------		δέ		c--------	glaux_only
12979	εἰ	c--------		εἰ		c--------	glaux_only
12980	περί	r--------		περί		r--------	glaux_only
12981	ὁ	l-p---ma-		ὁ		l-p---ma-	glaux_only
12982	ἵππος	n-p---ma-		ἵππος		n-p---ma-	glaux_only
12983	καί	c--------	καί	καί	c--------	c--------	
12984	ὁ	l-p---ma-		ὁ		l-p---ma-	glaux_only
12985	κύων	n-p---ma-		κύων		n-p---ma-	glaux_only
12986	καί	c--------	καί	καί	d--------	c--------	
12987	ὁ	l-p---na-		ὁ		l-p---na-	glaux_only
12988	πολύς	a-p---nas		πολύς		a-p---nas	glaux_only
12989	ὁ	l-p---ng-		ὁ		l-p---ng-	glaux_only
12990	ζῷον	n-p---ng-		ζῷον		n-p---ng-	glaux_only
12991	ὁράω	v-pppamn-		ὁράω		v-pppamn-	glaux_only
12992	τέχνη	n-p---fa-		τέχνη		n-p---fa-	glaux_only
12993	ἔχω	v-pppama-		ἔχω		v-pppama-	glaux_only
12994	τις	p-p---ca-		τις		p-p---ca-	glaux_only
12995	,	u--------		,		u--------	glaux_only
12996	ὅς	p-p---fd-		ὅς		p-p---fd-	glaux_only
12997	ὁ	l-p---na-		ὁ		l-p---na-	glaux_only
12998	μέν	g--------		μέν		g--------	glaux_only
12999	ἀνδρεῖος	a-p---nac		ἀνδρεῖος		a-p---nac	glaux_only
13000	ὁ	l-p---na-		ὁ		l-p---na-	glaux_only
13001	δέ	c--------		δέ		c--------	glaux_only
13002	πρᾶος	a-p---nac		πρᾶος		a-p---nac	glaux_only
13003	ὁ	l-p---na-		ὁ		l-p---na-	glaux_only
13004	δέ	c--------		δέ		c--------	glaux_only
13005	φρόνιμος	a-p---nac		φρόνιμος		a-p---nac	glaux_only
13006	ποιέω	v3ppia---		ποιέω		v3ppia---	glaux_only
13007	,	u--------		,		u--------	glaux_only
13008	περί	r--------		περί		r--------	glaux_only
13009	ὁ	l-s---fa-		ὁ		l-s---fa-	glaux_only
13010	ὁ	l-p---mg-	ὁ	ὁ	l-p---mg-	l-p---mg-	
13011	ἄνθρωπος	n-p---mg-		ἄνθρωπος		n-p---mg-	glaux_only
13012	φύσις	n-s---fa-		φύσις		n-s---fa-	glaux_only
13013	μηδείς	p-s---fa-		μηδείς		p-s---fa-	glaux_only
13014	οἴομαι	v3ppim---		οἴομαι		v3ppim---	glaux_only
13015	τοιοῦτος	p-s---fa-		τοιοῦτος		p-s---fa-	glaux_only
13016	εὑρίσκω	v--rnm---		εὑρίσκω		v--rnm---	glaux_only
13017	παιδεία	n-s---fa-		παιδεία		n-s---fa-	glaux_only
13018	,	u--------		,		u--------	glaux_only
13019	ὅς	p-s---fn-		ὅς		p-s---fn-	glaux_only
13020	τις	p-s---cn-		τις		p-s---cn-	glaux_only
13021	ἄν	g--------		ἄν		g--------	glaux_only
13022	αὐτός	p-p---ma-		αὐτός		p-p---ma-	glaux_only
13023	ἐπί	r--------		ἐπί		r--------	glaux_only
13024	τις	p-s---na-		τις		p-s---na-	glaux_only
13025	οὗτος	p-p---ng-		οὗτος		p-p---ng-	glaux_only
13026	ὅς	p-p---ng-		ὅς		p-p---ng-	glaux_only
13027	περ	d--------		περ		d--------	glaux_only
13028	καί	c--------	καί	καί	c--------	c--------	
13029	ὁ	l-p---na-		ὁ		l-p---na-	glaux_only
13030	θηρίον	n-p---na-		θηρίον		n-p---na-	glaux_only
13031	δύναμαι	v3saop---		δύναμαι		v3saop---	glaux_only
13032	προάγω	v--ana---		προάγω		v--ana---	glaux_only
13033	,	u--------		,		u--------	glaux_only
13034	ἀλλά	c--------		ἀλλά		c--------	glaux_only
13035	τοσοῦτος	p-s---fa-		τοσοῦτος		p-s---fa-	glaux_only
13036	ἅπας	p-p---mg-		ἅπας		p-p---mg-	glaux_only
13037	ἐγώ	p-p---cg-		ἐγώ		p-p---cg-	glaux_only
13038	ἀτυχία	n-s---fa-		ἀτυχία		n-s---fa-	glaux_only
13039	καταγιγνώσκω	v3pria---		καταγιγνώσκω		v3pria---	glaux_only
13040	,	u--------		,		u--------	glaux_only
13041	ὥστε	c--------		ὥστε		c--------	glaux_only
13042	ὁμολογέω	v3paoa---		ὁμολογέω		v3paoa---	glaux_only
13043	μέν	g--------		μέν		g--------	glaux_only
13044	ἄν	g--------		ἄν		g--------	glaux_only
13045	ὁ	l-p---fd-	ὁ	ὁ	l-p---fd-	l-p---fd-	
13046	ἡμέτερος	a-p---fd-		ἡμέτερος		a-p---fd-	glaux_only
13047	διάνοια	n-p---fd-		διάνοια		n-p---fd-	glaux_only
13048	ἕκαστος	p-s---na-		ἕκαστος		p-s---na-	glaux_only
13049	ὁ	l-p---ng-		ὁ		l-p---ng-	glaux_only
13050	εἰμί	v-pppang-		εἰμί		v-pppang-	glaux_only
13051	ἀγαθός	a-s---nac		ἀγαθός		a-s---nac	glaux_only
13052	γίγνομαι	v--pnm---		γίγνομαι		v--pnm---	glaux_only
13053	καί	c--------	καί	καί	c--------	c--------	
13054	χρήσιμος	a-s---nac		χρήσιμος		a-s---nac	glaux_only
13055	,	u--------		,		u--------	glaux_only
13056	αὐτός	p-p---ma-		αὐτός		p-p---ma-	glaux_only
13057	δέ	c--------		δέ		c--------	glaux_only
13058	ἐγώ	p-p---ca-		ἐγώ		p-p---ca-	glaux_only
13059	ὁ	l-p---ma-	ὁ	ὁ	l-p---ma-	l-p---ma-	
13060	ἔχω	v-pppama-		ἔχω		v-pppama-	glaux_only
13061	ὁ	l-s---fa-		ὁ		l-s---fa-	glaux_only
13062	φρόνησις	n-s---fa-		φρόνησις		n-s---fa-	glaux_only
13063	οὗτος	p-s---fa-		οὗτος		p-s---fa-	glaux_only
13064	,	u--------		,		u--------	glaux_only
13065	ὅς	p-s---fd-		ὅς		p-s---fd-	glaux_only
13066	πᾶς	p-p---na-		πᾶς		p-p---na-	glaux_only
13067	πολύς	a-s---ngc		πολύς		a-s---ngc	glaux_only
13068	ἄξιος	a-p---na-		ἄξιος		a-p---na-	glaux_only
13069	ποιέω	v1ppia---		ποιέω		v1ppia---	glaux_only
13070	,	u--------		,		u--------	glaux_only
13071	τολμάω	v3ppia---		τολμάω		v3ppia---	glaux_only
13072	λέγω	v--pna---		λέγω		v--pna---	glaux_only
13073	ὡς	c--------		ὡς		c--------	glaux_only
13074	οὐδείς	p-s---na-		οὐδείς		p-s---na-	glaux_only
13075	ἄν	g--------		ἄν		g--------	glaux_only
13076	ἀλλήλων	p-p---ma-		ἀλλήλων		p-p---ma-	glaux_only
13077	πρός	r--------		πρός		r--------	glaux_only
13078	ἐπιείκεια	n-s---fa-		ἐπιείκεια		n-s---fa-	glaux_only
13079	εὐεργετέω	v1paoa---		εὐεργετέω		v1paoa---	glaux_only
13080	.	u--------		.		u--------	glaux_only
13081	ὅς	p-s---nn-		ὅς		p-s---nn-	glaux_only
13082	δέ	c--------		δέ		c--------	glaux_only
13083	πᾶς	p-p---ng-		πᾶς		p-p---ng-	glaux_only
13084	δεινός	a-s---nns		δεινός		a-s---nns	glaux_only
13085	,	u--------		,		u--------	glaux_only
13086	ὅτι	c--------		ὅτι		c--------	glaux_only
13087	κατά	r--------		κατά		r--------	glaux_only
13088	ἕκαστος	p-s---ma-		ἕκαστος		p-s---ma-	glaux_only
13089	ὁ	l-s---ma-		ὁ		l-s---ma-	glaux_only
13090	ἐνιαυτός	n-s---ma-		ἐνιαυτός		n-s---ma-	glaux_only
13091	θεωρέω	v-pppamn-		θεωρέω		v-pppamn-	glaux_only
13092	ἐν	r--------		ἐν		r--------	glaux_only
13093	ὁ	l-p---nd-		ὁ		l-p---nd-	glaux_only
13094	θαῦμα	n-p---nd-		θαῦμα		n-p---nd-	glaux_only
13095	ὁ	l-p---ma-		ὁ		l-p---ma-	glaux_only
13096	μέν	g--------		μέν		g--------	glaux_only
13097	λέων	n-p---ma-		λέων		n-p---ma-	glaux_only
13098	πρᾶος	a-s---nac		πρᾶος		a-s---nac	glaux_only
13099	διάκειμαι	v-prpmma-		διάκειμαι		v-prpmma-	glaux_only
13100	πρός	r--------		πρός		r--------	glaux_only
13101	ὁ	l-p---ma-	ὁ	ὁ	l-p---ma-	l-p---ma-	
13102	θεραπεύω	v-pppama-		θεραπεύω		v-pppama-	glaux_only
13103	ἤ	c--------		ἤ		c--------	glaux_only
13104	ὁ	l-p---mg-		ὁ		l-p---mg-	glaux_only
13105	ἄνθρωπος	n-p---mg-		ἄνθρωπος		n-p---mg-	glaux_only
13106	ἔνιοι	a-p---mn-		ἔνιοι		a-p---mn-	glaux_only
13107	πρός	r--------		πρός		r--------	glaux_only
13108	ὁ	l-p---ma-		ὁ		l-p---ma-	glaux_only
13109	εὖ	d--------		εὖ		d--------	glaux_only
13110	ποιέω	v-pppama-		ποιέω		v-pppama-	glaux_only
13111	,	u--------		,		u--------	glaux_only
13112	ὁ	l-p---fa-		ὁ		l-p---fa-	glaux_only
13113	δέ	c--------		δέ		c--------	glaux_only
13114	ἄρκτος	n-p---fa-		ἄρκτος		n-p---fa-	glaux_only
13115	καλινδέομαι	v-pppmfa-		καλινδέομαι		v-pppmfa-	glaux_only
13116	καί	c--------		καί		c--------	glaux_only
13117	παλαίω	v-pppafa-		παλαίω		v-pppafa-	glaux_only
13118	καί	c--------		καί		c--------	glaux_only
13119	μιμέομαι	v-pppmfa-		μιμέομαι		v-pppmfa-	glaux_only
13120	ὁ	l-p---fa-		ὁ		l-p---fa-	glaux_only
13121	ἡμέτερος	a-p---fa-		ἡμέτερος		a-p---fa-	glaux_only
13122	ἐπιστήμη	n-p---fa-		ἐπιστήμη		n-p---fa-	glaux_only
13123	,	u--------		,		u--------	glaux_only
13124							unmatched
13125	ἐκ	r--------		ἐκ		r--------	glaux_only
13126	οὗτος	p-p---ng-		οὗτος		p-p---ng-	glaux_only
13127	δύναμαι	v3ppim---		δύναμαι		v3ppim---	glaux_only
13128	γιγνώσκω	v--ana---		γιγνώσκω		v--ana---	glaux_only
13129	ὁ	l-s---fa-		ὁ		l-s---fa-	glaux_only
13130	παιδεία	n-s---fa-		παιδεία		n-s---fa-	glaux_only
13131	καί	c--------		καί		c--------	glaux_only
13132	ὁ	l-s---fa-		ὁ		l-s---fa-	glaux_only
13133	ἐπιμέλεια	n-s---fa-		ἐπιμέλεια		n-s---fa-	glaux_only
13134	ὅσος	p-s---fa-		ὅσος		p-s---fa-	glaux_only
13135	ἔχω	v3spia---		ἔχω		v3spia---	glaux_only
13136	δύναμις	n-s---fa-		δύναμις		n-s---fa-	glaux_only
13137	,	u--------	,	,	u--------	u--------	
13138							unmatched
13139	ὅτι	c--------		ὅτι		c--------	glaux_only
13140	οὗτος	p-p---na-		οὗτος		p-p---na-	glaux_only
13141	πολύς	a-s---na-		πολύς		a-s---na-	glaux_only
13142	ἄν	g--------		ἄν		g--------	glaux_only
13143	ταχύς	a-s---nac		ταχύς		a-s---nac	glaux_only
13144	ὁ	l-s---fa-		ὁ		l-s---fa-	glaux_only
13145	ἡμέτερος	a-s---fa-		ἡμέτερος		a-s---fa-	glaux_only
13146	φύσις	n-s---fa-		φύσις		n-s---fa-	glaux_only
13147	ἤ	c--------		ἤ		c--------	glaux_only
13148	ὁ	l-s---fa-		ὁ		l-s---fa-	glaux_only
13149	ἐκεῖνος	p-p---mg-		ἐκεῖνος		p-p---mg-	glaux_only
13150	ὠφελέω	v3saoa---		ὠφελέω		v3saoa---	glaux_only
13151	·	u--------		·		u--------	glaux_only
13152	ὥστε	c--------		ὥστε		c--------	glaux_only
13153	ἀπορέω	v1spia---		ἀπορέω		v1spia---	glaux_only
13154	πότερος	p-s---na-		πότερος		p-s---na-	glaux_only
13155	ἄν	g--------		ἄν		g--------	glaux_only
13156	τις	p-s---cn-		τις		p-s---cn-	glaux_only
13157	δίκαιος	a-s---nac		δίκαιος		a-s---nac	glaux_only
13158	θαυμάζω	v3saoa---		θαυμάζω		v3saoa---	glaux_only
13159	ὁ	l-p---fa-		ὁ		l-p---fa-	glaux_only
13160	πραότης	n-p---fa-		πραότης		n-p---fa-	glaux_only
13161	ὁ	l-p---fa-		ὁ		l-p---fa-	glaux_only
13162	ὁ	l-p---nd-		ὁ		l-p---nd-	glaux_only
13163	χαλεπός	a-p---nds		χαλεπός		a-p---nds	glaux_only
13164	ὁ	l-p---ng-		ὁ		l-p---ng-	glaux_only
13165	θηρίον	n-p---ng-		θηρίον		n-p---ng-	glaux_only
13166	ἐγγίγνομαι	v-pppmfa-		ἐγγίγνομαι		v-pppmfa-	glaux_only
13167	ἤ	c--------		ἤ		c--------	glaux_only
13168	ὁ	l-p---fa-		ὁ		l-p---fa-	glaux_only
13169	ἀγριότης	n-p---fa-		ἀγριότης		n-p---fa-	glaux_only
13170	ὁ	l-p---fa-		ὁ		l-p---fa-	glaux_only
13171	ἐν	r--------		ἐν		r--------	glaux_only
13172	ὁ	l-p---fd-		ὁ		l-p---fd-	glaux_only
13173	ψυχή	n-p---fd-		ψυχή		n-p---fd-	glaux_only
13174	ὁ	l-p---mg-	ὁ	ὁ	l-p---mg-	l-p---mg-	
13175	τοιοῦτος	p-p---mg-	τοιοῦτος	τοιοῦτος	p-p---mg-	p-p---mg-	
13176	ἄνθρωπος	n-p---mg-		ἄνθρωπος		n-p---mg-	glaux_only
13177	ἔνειμι	v-pppafa-		ἔνειμι		v-pppafa-	glaux_only
13178	.	u--------		.		u--------	glaux_only
13179	ἔχω	v3spoa---		ἔχω		v3spoa---	glaux_only
13180	δέ	c--------		δέ		c--------	glaux_only
13181	ἄν	g--------		ἄν		g--------	glaux_only
13182	τις	p-s---cn-		τις		p-s---cn-	glaux_only
13183	πολύς	a-p---nac		πολύς		a-p---nac	glaux_only
13184	περί	r--------		περί		r--------	glaux_only
13185	οὗτος	p-p---ng-		οὗτος		p-p---ng-	glaux_only
13186	λέγω	v--ana---		λέγω		v--ana---	glaux_only
13187	·	u--------		·		u--------	glaux_only
13188	ἀλλά	c--------		ἀλλά		c--------	glaux_only
13189	γάρ	g--------		γάρ		g--------	glaux_only
13190	ἐάν	c--------		ἐάν		c--------	glaux_only
13191	πολύς	a-p---na-		πολύς		a-p---na-	glaux_only
13192	λίαν	d--------		λίαν		d--------	glaux_only
13193	λέγω	v1spsa---		λέγω		v1spsa---	glaux_only
13194	περί	r--------		περί		r--------	glaux_only
13195	ὁ	l-p---ng-		ὁ		l-p---ng-	glaux_only
13196	παρά	r--------		παρά		r--------	glaux_only
13197	ὁ	l-p---md-		ὁ		l-p---md-	glaux_only
13198	πολύς	a-p---mds		πολύς		a-p---mds	glaux_only
13199	ὁμολογέω	v-pppmng-		ὁμολογέω		v-pppmng-	glaux_only
13200	,	u--------		,		u--------	glaux_only
13201	δείδω	v1sria---		δείδω		v1sria---	glaux_only
13202	μή	d--------		μή		d--------	glaux_only
13203	περί	r--------		περί		r--------	glaux_only
13204	ὁ	l-p---ng-		ὁ		l-p---ng-	glaux_only
13205	ἀμφισβητέω	v-pppmng-		ἀμφισβητέω		v-pppmng-	glaux_only
13206	ἀπορέω	v--pna---		ἀπορέω		v--pna---	glaux_only
13207	δοκέω	v1sasa---		δοκέω		v1sasa---	glaux_only
13208	.	u--------		.		u--------	glaux_only
13209	παύω	v-sapmmn-		παύω		v-sapmmn-	glaux_only
13210	οὖν	g--------		οὖν		g--------	glaux_only
13211	οὗτος	p-p---ng-		οὗτος		p-p---ng-	glaux_only
13212	ἐπί	r--------		ἐπί		r--------	glaux_only
13213	ἐκεῖνος	p-p---ma-		ἐκεῖνος		p-p---ma-	glaux_only
13214	τρέπω	v1sfim---		τρέπω		v1sfim---	glaux_only
13215	,	u--------		,		u--------	glaux_only
13216	ὁ	l-p---ma-		ὁ		l-p---ma-	glaux_only
13217	οὐ	d--------		οὐ		d--------	glaux_only
13218	καταφρονέω	v-pppama-		καταφρονέω		v-pppama-	glaux_only
13219	μέν	g--------		μέν		g--------	glaux_only
13220	ὁ	l-s---fg-		ὁ		l-s---fg-	glaux_only
13221	φιλοσοφία	n-s---fg-		φιλοσοφία		n-s---fg-	glaux_only
13222	,	u--------	,	,	u--------	u--------	
13223	πολύς	a-s---na-		πολύς		a-s---na-	glaux_only
13224	δέ	c--------	δέ	δέ	c--------	c--------	
13225	πικρός	a-s---nac		πικρός		a-s---nac	glaux_only
13226	κατηγορέω	v-pppama-		κατηγορέω		v-pppama-	glaux_only
13227	αὐτός	p-s---fg-		αὐτός		p-s---fg-	glaux_only
13228	,	u--------		,		u--------	glaux_only
13229	καί	c--------		καί		c--------	glaux_only
13230	μεταφέρω	v-pppama-		μεταφέρω		v-pppama-	glaux_only
13231	ὁ	l-p---fa-		ὁ		l-p---fa-	glaux_only
13232	πονηρία	n-p---fa-		πονηρία		n-p---fa-	glaux_only
13233	ὁ	l-p---fa-		ὁ		l-p---fa-	glaux_only
13234	ὁ	l-p---mg-	ὁ	ὁ	l-p---mg-	l-p---mg-	
13235	φάσκω	v-pppamg-		φάσκω		v-pppamg-	glaux_only
13236	μέν	g--------		μέν		g--------	glaux_only
13237	εἰμί	v--pna---		εἰμί		v--pna---	glaux_only
13238	σοφιστής	n-p---mg-		σοφιστής		n-p---mg-	glaux_only
13239	ἄλλος	p-s---na-		ἄλλος		p-s---na-	glaux_only
13240	δέ	c--------		δέ		c--------	glaux_only
13241	τις	p-s---na-		τις		p-s---na-	glaux_only
13242	πράσσω	v-pppamg-		πράσσω		v-pppamg-	glaux_only
13243	ἐπί	r--------		ἐπί		r--------	glaux_only
13244	ὁ	l-p---ma-		ὁ		l-p---ma-	glaux_only
13245	οὐδείς	p-s---na-		οὐδείς		p-s---na-	glaux_only
13246	ὁ	l-p---ng-	ὁ	ὁ	l-p---mg-	l-p---ng-	
13247	αὐτός	p-p---ng-		αὐτός		p-p---ng-	glaux_only
13248	ἐκεῖνος	p-p---md-		ἐκεῖνος		p-p---md-	glaux_only
13249	ἐπιτηδεύω	v-pppama-		ἐπιτηδεύω		v-pppama-	glaux_only
13250	.	u--------		.		u--------	glaux_only
13251	ἐγώ	p-s---cn-		ἐγώ		p-s---cn-	glaux_only
13252	δέ	c--------		δέ		c--------	glaux_only
13253	οὐ	d--------		οὐ		d--------	glaux_only
13254	ὑπέρ	r--------		ὑπέρ		r--------	glaux_only
13255	ἅπας	p-p---mg-		ἅπας		p-p---mg-	glaux_only
13256	ὁ	l-p---mg-		ὁ		l-p---mg-	glaux_only
13257	προσποιέω	v-pppmmg-		προσποιέω		v-pppmmg-	glaux_only
13258	δύναμαι	v--pnm---		δύναμαι		v--pnm---	glaux_only
13259	παιδεύω	v--pna---		παιδεύω		v--pna---	glaux_only
13260	ποιέω	v1spim---		ποιέω		v1spim---	glaux_only
13261	ὁ	l-p---ma-		ὁ		l-p---ma-	glaux_only
13262	λόγος	n-p---ma-		λόγος		n-p---ma-	glaux_only
13263	,	u--------		,		u--------	glaux_only
13264	ἀλλά	c--------		ἀλλά		c--------	glaux_only
13265	ὑπέρ	r--------		ὑπέρ		r--------	glaux_only
13266	ὁ	l-p---mg-		ὁ		l-p---mg-	glaux_only
13267	δίκαιος	d--------		δίκαιος		d--------	glaux_only
13268	ὁ	l-s---fa-		ὁ		l-s---fa-	glaux_only
13269	δόξα	n-s---fa-		δόξα		n-s---fa-	glaux_only
13270	οὗτος	p-s---fa-		οὗτος		p-s---fa-	glaux_only
13271	ἔχω	v-pppamg-		ἔχω		v-pppamg-	glaux_only
13272	.	u--------		.		u--------	glaux_only
13273	οἴομαι	v1spim---		οἴομαι		v1spim---	glaux_only
13274	δέ	c--------		δέ		c--------	glaux_only
13275	σαφής	d--------		σαφής		d--------	glaux_only
13276	ἐπιδείκνυμι	v--fna---		ἐπιδείκνυμι		v--fna---	glaux_only
13277	ὁ	l-p---ma-		ὁ		l-p---ma-	glaux_only
13278	κατηγορέω	v-pppama-		κατηγορέω		v-pppama-	glaux_only
13279	ἐγώ	p-p---cg-		ἐγώ		p-p---cg-	glaux_only
13280	πολύς	a-s---na-		πολύς		a-s---na-	glaux_only
13281	ὁ	l-s---fg-		ὁ		l-s---fg-	glaux_only
13282	ἀλήθεια	n-s---fg-		ἀλήθεια		n-s---fg-	glaux_only
13283	διαμαρτάνω	v-prpama-		διαμαρτάνω		v-prpama-	glaux_only
13284	,	u--------		,		u--------	glaux_only
13285	ἐάν	c--------		ἐάν		c--------	glaux_only
13286	περ	d--------		περ		d--------	glaux_only
13287	ἐθέλω	v2pasa---		ἐθέλω		v2pasa---	glaux_only
13288	διά	r--------		διά		r--------	glaux_only
13289	τέλος	n-s---ng-		τέλος		n-s---ng-	glaux_only
13290	ἀκούω	v--ana---		ἀκούω		v--ana---	glaux_only
13291	ὁ	l-p---ng-	ὁ	ὁ	l-p---ng-	l-p---ng-	
13292	λέγω	v-pppmng-		λέγω		v-pppmng-	glaux_only
13293	.	u--------		.		u--------	glaux_only
13294	πρῶτος	a-s---na-		πρῶτος		a-s---na-	glaux_only
13295	μέν	g--------		μέν		g--------	glaux_only
13296	οὖν	g--------		οὖν		g--------	glaux_only
13297	ὁρίζω	v--anm---		ὁρίζω		v--anm---	glaux_only
13298	δέω	v3spia---		δέω		v3spia---	glaux_only
13299	τίς	p-p---ng-		τίς		p-p---ng-	glaux_only
13300	ὀρέγω	v-pppmmn-		ὀρέγω		v-pppmmn-	glaux_only
13301	καί	c--------		καί		c--------	glaux_only
13302	τίς	p-s---ng-		τίς		p-s---ng-	glaux_only
13303	τυγχάνω	v--ana---		τυγχάνω		v--ana---	glaux_only
13304	βούλομαι	v-pppmmn-		βούλομαι		v-pppmmn-	glaux_only
13305	τολμάω	v3ppia---		τολμάω		v3ppia---	glaux_only
13306	τις	p-p---cn-	τις	τις	p-p---mn-	p-p---cn-	
13307	ἀδικέω	v--pna---		ἀδικέω		v--pna---	glaux_only
13308	·	u--------		·		u--------	glaux_only
13309	ἐάν	c--------		ἐάν		c--------	glaux_only
13310	γάρ	g--------	γάρ	γάρ	d--------	g--------	
13311	οὗτος	p-p---na-		οὗτος		p-p---na-	glaux_only
13312	καλός	d--------		καλός		d--------	glaux_only
13313	περιλαμβάνω	v1pasa---		περιλαμβάνω		v1pasa---	glaux_only
13314	,	u--------		,		u--------	glaux_only
13315	ἀγαθός	a-s---nac		ἀγαθός		a-s---nac	glaux_only
13316	γιγνώσκω	v2pfim---		γιγνώσκω		v2pfim---	glaux_only
13317	ὁ	l-p---fa-		ὁ		l-p---fa-	glaux_only
13318	αἰτία	n-p---fa-		αἰτία		n-p---fa-	glaux_only
13319	ὁ	l-p---fa-		ὁ		l-p---fa-	glaux_only
13320	κατά	r--------		κατά		r--------	glaux_only
13321	ἐγώ	p-p---cg-		ἐγώ		p-p---cg-	glaux_only
13322	λέγω	v-pppmfa-		λέγω		v-pppmfa-	glaux_only
13323	,	u--------		,		u--------	glaux_only
13324							unmatched
13325	ἀληθής	a-p---fn-		ἀληθής		a-p---fn-	glaux_only
13326	εἰμί	v3ppia---		εἰμί		v3ppia---	glaux_only
13327	εἰ	c--------		εἰ		c--------	glaux_only
13328							unmatched
13329							unmatched
13330							unmatched
13331							unmatched
13332							unmatched
13333							unmatched
13334							unmatched
13335	ἤ	c--------		ἤ		c--------	glaux_only
13336							unmatched
13337							unmatched
13338							unmatched
13339							unmatched
13340							unmatched
13341							unmatched
13342							unmatched
13343							unmatched
13344							unmatched
13345							unmatched
13346							unmatched
13347							unmatched
13348							unmatched
13349							unmatched
13350							unmatched
13351							unmatched
13352							unmatched
13353							unmatched
13354							unmatched
13355	εἰ	c--------		εἰ		c--------	glaux_only
13356	δή	g--------		δή		g--------	glaux_only
13357	οὗτος	p-p---nn-		οὗτος		p-p---nn-	glaux_only
13358	οὕτως	d--------		οὕτως		d--------	glaux_only
13359	ἔχω	v3spia---		ἔχω		v3spia---	glaux_only
13360	,	u--------		,		u--------	glaux_only
13361	λοιπός	a-s---nn-		λοιπός		a-s---nn-	glaux_only
13362	εἰμί	v3spia---		εἰμί		v3spia---	glaux_only
13363	σκοπέω	v--anm---		σκοπέω		v--anm---	glaux_only
13364	τίς	p-s---nn-		τίς		p-s---nn-	glaux_only
13365	οὗτος	p-p---ng-		οὗτος		p-p---ng-	glaux_only
13366	ἄν	g--------		ἄν		g--------	glaux_only
13367	ἐγώ	p-p---cd-		ἐγώ		p-p---cd-	glaux_only
13368	γίγνομαι	v3spom---		γίγνομαι		v3spom---	glaux_only
13369	διαφθείρω	v-pppamd-		διαφθείρω		v-pppamd-	glaux_only
13370	ὁ	l-p---ma-		ὁ		l-p---ma-	glaux_only
13371	νέος	a-p---mac		νέος		a-p---mac	glaux_only
13372	.	u--------		.		u--------	glaux_only
13373	πότερος	g--------		πότερος		g--------	glaux_only
13374	ἄν	g--------		ἄν		g--------	glaux_only
13375	ἥδομαι	v1paop---		ἥδομαι		v1paop---	glaux_only
13376	ὁράω	v-pppamn-		ὁράω		v-pppamn-	glaux_only
13377	ἤ	c--------		ἤ		c--------	glaux_only
13378	καί	c--------	καί	καί	c--------	c--------	
13379	πυνθάνομαι	v-pppmmn-		πυνθάνομαι		v-pppmmn-	glaux_only
13380	πονηρός	a-p---ma-		πονηρός		a-p---ma-	glaux_only
13381	αὐτός	p-p---ma-		αὐτός		p-p---ma-	glaux_only
13382	εἰμί	v-pppama-		εἰμί		v-pppama-	glaux_only
13383	καί	c--------		καί		c--------	glaux_only
13384	δοκέω	v-pppama-		δοκέω		v-pppama-	glaux_only
13385	ὁ	l-p---md-		ὁ		l-p---md-	glaux_only
13386	συμπολιτεύω	v-pppmmd-		συμπολιτεύω		v-pppmmd-	glaux_only
13387	;	u--------		;		u--------	glaux_only
13388	καί	c--------		καί		c--------	glaux_only
13389	τίς	p-s---cn-		τίς		p-s---cn-	glaux_only
13390	οὕτως	d--------		οὕτως		d--------	glaux_only
13391	εἰμί	v3spia---		εἰμί		v3spia---	glaux_only
13392	ἀναίσθητος	a-s---mn-		ἀναίσθητος		a-s---mn-	glaux_only
13393	ὅστις	p-s---mn-		ὅστις		p-s---mn-	glaux_only
13394	οὐ	d--------		οὐ		d--------	glaux_only
13395	ἄν	g--------		ἄν		g--------	glaux_only
13396	ἀλγέω	v3saoa---		ἀλγέω		v3saoa---	glaux_only
13397	τοιοῦτος	p-s---fg-		τοιοῦτος		p-s---fg-	glaux_only
13398	διαβολή	n-s---fg-		διαβολή		n-s---fg-	glaux_only
13399	περί	r--------		περί		r--------	glaux_only
13400	ἑαυτοῦ	p-s---ma-		ἑαυτοῦ		p-s---ma-	glaux_only
13401	γίγνομαι	v-sppmfg-		γίγνομαι		v-sppmfg-	glaux_only
13402	;	u--------		;		u--------	glaux_only
13403	ἀλλά	c--------		ἀλλά		c--------	glaux_only
13404	μήν	g--------		μήν		g--------	glaux_only
13405							unmatched
13406	ἄν	g--------		ἄν		g--------	glaux_only
13407	θαυμάζω	v1paop---		θαυμάζω		v1paop---	glaux_only
13408	οὐ	d--------		οὐ		d--------	glaux_only
13409	δέ	d--------	δέ		d--------		oga_only
13410							unmatched
13411							unmatched
13412							unmatched
13413							unmatched
13414	ὁ	l-p---ma-	ὁ		l-p---ma-		oga_only
13415							unmatched
13416							unmatched
13417							unmatched
13418							unmatched
13419							unmatched
13420							unmatched
13421							unmatched
13422							unmatched
13423	καί	c--------		καί		c--------	glaux_only
13424							unmatched
13425							unmatched
13426							unmatched
13427							unmatched
13428							unmatched
13429							unmatched
13430							unmatched
13431							unmatched
13432							unmatched
13433							unmatched
13434							unmatched
13435							unmatched
13436							unmatched
13437							unmatched
13438							unmatched
13439							unmatched
13440							unmatched
13441							unmatched
13442							unmatched
13443							unmatched
13444							unmatched
13445							unmatched
13446							unmatched
13447	οἴομαι	v1spim---		οἴομαι		v1spim---	glaux_only
13448	γάρ	g--------		γάρ		g--------	glaux_only
13449	δήπου	g--------		δήπου		g--------	glaux_only
13450	οὗτος	p-s---na-		οὗτος		p-s---na-	glaux_only
13451	γε	g--------		γε		g--------	glaux_only
13452	πᾶς	p-p---ma-		πᾶς		p-p---ma-	glaux_only
13453	γιγνώσκω	v--pna---		γιγνώσκω		v--pna---	glaux_only
13454	,	u--------		,		u--------	glaux_only
13455	ὅτι	c--------		ὅτι		c--------	glaux_only
13456	σοφιστής	n-s---md-		σοφιστής		n-s---md-	glaux_only
13457	μισθός	n-s---mn-		μισθός		n-s---mn-	glaux_only
13458	καλός	a-s---mns		καλός		a-s---mns	glaux_only
13459	εἰμί	v3spia---		εἰμί		v3spia---	glaux_only
13460	καί	c--------		καί		c--------	glaux_only
13461	μέγας	a-s---mns		μέγας		a-s---mns	glaux_only
13462	,	u--------		,		u--------	glaux_only
13463	ἐάν	c--------		ἐάν		c--------	glaux_only
13464	ὁ	l-p---mg-		ὁ		l-p---mg-	glaux_only
13465	μαθητής	n-p---mg-		μαθητής		n-p---mg-	glaux_only
13466	τις	p-p---cn-		τις		p-p---cn-	glaux_only
13467	καλός	a-p---mn-		καλός		a-p---mn-	glaux_only
13468							unmatched
13469							unmatched
13470	καί	c--------	καί	καί	c--------	c--------	
13471	φρόνιμος	a-p---mn-		φρόνιμος		a-p---mn-	glaux_only
13472	γίγνομαι	v3pasm---		γίγνομαι		v3pasm---	glaux_only
13473	καί	c--------		καί		c--------	glaux_only
13474	παρά	r--------		παρά		r--------	glaux_only
13475	ὁ	l-p---md-	ὁ	ὁ	l-p---md-	l-p---md-	
13476	πολίτης	n-p---md-		πολίτης		n-p---md-	glaux_only
13477	εὐδοκιμέω	v-pppamn-		εὐδοκιμέω		v-pppamn-	glaux_only
13478	·	u--------		·		u--------	glaux_only
13479	ὁ	l-p---mn-		ὁ		l-p---mn-	glaux_only
13480	μέν	g--------	μέν	μέν	d--------	g--------	
13481	γάρ	g--------		γάρ		g--------	glaux_only
13482	τοιοῦτος	p-p---mn-		τοιοῦτος		p-p---mn-	glaux_only
13483	πολύς	a-p---ma-		πολύς		a-p---ma-	glaux_only
13484	μετέχω	v--ana---		μετέχω		v--ana---	glaux_only
13485	ὁ	l-s---fg-		ὁ		l-s---fg-	glaux_only
13486	παιδεία	n-s---fg-		παιδεία		n-s---fg-	glaux_only
13487	εἰς	r--------		εἰς		r--------	glaux_only
13488	ἐπιθυμία	n-s---fa-		ἐπιθυμία		n-s---fa-	glaux_only
13489	καθίστημι	v3ppia---		καθίστημι		v3ppia---	glaux_only
13490	,	u--------		,		u--------	glaux_only
13491	ὁ	l-p---mn-		ὁ		l-p---mn-	glaux_only
13492	δέ	c--------	δέ	δέ	c--------	c--------	
13493	πονηρός	a-p---mn-		πονηρός		a-p---mn-	glaux_only
13494	καί	c--------	καί	καί	c--------	c--------	
13495	ὁ	l-p---ma-	ὁ	ὁ	l-p---ma-	l-p---ma-	
13496	πρότερος	d-------c		πρότερος		d-------c	glaux_only
13497	σύνειμι	v--pna---		σύνειμι		v--pna---	glaux_only
13498	διανοέω	v-pppmma-		διανοέω		v-pppmma-	glaux_only
13499	ἀποτρέπω	v3ppia---		ἀποτρέπω		v3ppia---	glaux_only
13500	.	u--------		.		u--------	glaux_only
13501	ὥστε	c--------		ὥστε		c--------	glaux_only
13502	τίς	p-s---cn-		τίς		p-s---cn-	glaux_only
13503	ἄν	g--------		ἄν		g--------	glaux_only
13504	ἐν	r--------		ἐν		r--------	glaux_only
13505	οὗτος	p-p---nd-		οὗτος		p-p---nd-	glaux_only
13506	ὁ	l-s---na-		ὁ		l-s---na-	glaux_only
13507	κρατύς	a-s---nac		κρατύς		a-s---nac	glaux_only
13508	ἀγνοέω	v3saoa---		ἀγνοέω		v3saoa---	glaux_only
13509	,	u--------		,		u--------	glaux_only
13510	οὕτως	d--------		οὕτως		d--------	glaux_only
13511	μέγας	a-s---fa-		μέγας		a-s---fa-	glaux_only
13512	ὁ	l-s---fa-		ὁ		l-s---fa-	glaux_only
13513	διαφορά	n-s---fa-		διαφορά		n-s---fa-	glaux_only
13514	ὁ	l-p---ng-	ὁ	ὁ	l-p---ng-	l-p---ng-	
13515	πρᾶγμα	n-p---ng-		πρᾶγμα		n-p---ng-	glaux_only
13516	ἔχω	v-pppang-		ἔχω		v-pppang-	glaux_only
13517	;	u--------		;		u--------	glaux_only
13518	ἴσως	d--------		ἴσως		d--------	glaux_only
13519	οὖν	g--------		οὖν		g--------	glaux_only
13520	ἄν	g--------		ἄν		g--------	glaux_only
13521	τις	p-s---cn-		τις		p-s---cn-	glaux_only
13522	πρός	r--------		πρός		r--------	glaux_only
13523	οὗτος	p-p---na-		οὗτος		p-p---na-	glaux_only
13524	τολμάω	v3saoa---		τολμάω		v3saoa---	glaux_only
13525	λέγω	v--ana---		λέγω		v--ana---	glaux_only
13526	ὡς	c--------	ὡς	ὡς	c--------	c--------	
13527	πολύς	a-p---mn-		πολύς		a-p---mn-	glaux_only
13528	ὁ	l-p---mg-		ὁ		l-p---mg-	glaux_only
13529	ἄνθρωπος	n-p---mg-		ἄνθρωπος		n-p---mg-	glaux_only
13530	διά	r--------		διά		r--------	glaux_only
13531	ὁ	l-p---fa-		ὁ		l-p---fa-	glaux_only
13532	ἀκρασία	n-p---fa-		ἀκρασία		n-p---fa-	glaux_only
13533	οὐ	d--------		οὐ		d--------	glaux_only
13534	ἐμμένω	v3ppia---		ἐμμένω		v3ppia---	glaux_only
13535	ὁ	l-p---md-		ὁ		l-p---md-	glaux_only
13536	λογισμός	n-p---md-		λογισμός		n-p---md-	glaux_only
13537	,	u--------		,		u--------	glaux_only
13538	ἀλλά	c--------		ἀλλά		c--------	glaux_only
13539	ἀμελέω	v-papamn-		ἀμελέω		v-papamn-	glaux_only
13540	ὁ	l-s---ng-		ὁ		l-s---ng-	glaux_only
13541	συμφέρω	v-sppang-		συμφέρω		v-sppang-	glaux_only
13542	ἐπί	r--------		ἐπί		r--------	glaux_only
13543	ὁ	l-p---fa-		ὁ		l-p---fa-	glaux_only
13544	ἡδονή	n-p---fa-		ἡδονή		n-p---fa-	glaux_only
13545	ὁρμάω	v3ppia---		ὁρμάω		v3ppia---	glaux_only
13546	.	u--------		.		u--------	glaux_only
13547	ἐγώ	p-s---cn-		ἐγώ		p-s---cn-	glaux_only
13548	δέ	c--------		δέ		c--------	glaux_only
13549	ὁμολογέω	v1spia---		ὁμολογέω		v1spia---	glaux_only
13550	καί	c--------	καί	καί	c--------	c--------	
13551	ὁ	l-p---mg-		ὁ		l-p---mg-	glaux_only
13552	ἄλλος	p-p---mg-		ἄλλος		p-p---mg-	glaux_only
13553	πολύς	a-p---ma-		πολύς		a-p---ma-	glaux_only
13554	καί	c--------		καί		c--------	glaux_only
13555	ὁ	l-p---mg-		ὁ		l-p---mg-	glaux_only
13556	προσποιέω	v-pppmmg-		προσποιέω		v-pppmmg-	glaux_only
13557	εἰμί	v--pna---		εἰμί		v--pna---	glaux_only
13558	σοφιστής	n-p---mg-		σοφιστής		n-p---mg-	glaux_only
13559	ἔχω	v--pna---		ἔχω		v--pna---	glaux_only
13560	τις	p-p---ca-		τις		p-p---ca-	glaux_only
13561	ὁ	l-s---fa-		ὁ		l-s---fa-	glaux_only
13562	φύσις	n-s---fa-		φύσις		n-s---fa-	glaux_only
13563	οὗτος	p-s---fa-		οὗτος		p-s---fa-	glaux_only
13564	,	u--------		,		u--------	glaux_only
13565	ἀλλά	c--------		ἀλλά		c--------	glaux_only
13566	ὅμως	d--------		ὅμως		d--------	glaux_only
13567	οὐ	d--------		οὐ		d--------	glaux_only
13568							unmatched
13569							unmatched
13570							unmatched
13571							unmatched
13572							unmatched
13573							unmatched
13574							unmatched
13575							unmatched
13576							unmatched
13577							unmatched
13578	καί	d--------	καί		d--------		oga_only
13579							unmatched
13580							unmatched
13581							unmatched
13582							unmatched
13583							unmatched
13584	ὁ	l-p---fg-		ὁ		l-p---fg-	glaux_only
13585	μέν	g--------		μέν		g--------	glaux_only
13586	γάρ	g--------		γάρ		g--------	glaux_only
13587	ἡδονή	n-p---fg-		ἡδονή		n-p---fg-	glaux_only
13588	ὁ	l-p---fg-		ὁ		l-p---fg-	glaux_only
13589	διά	r--------		διά		r--------	glaux_only
13590	ὁ	l-s---fa-	ὁ	ὁ	l-s---fa-	l-s---fa-	
13591	ἀκρασία	n-s---fa-		ἀκρασία		n-s---fa-	glaux_only
13592	ἐκεῖνος	p-p---md-		ἐκεῖνος		p-p---md-	glaux_only
13593	συμβαίνω	v-pppafg-		συμβαίνω		v-pppafg-	glaux_only
13594	οὐ	d--------		οὐ		d--------	glaux_only
13595	ἄν	g--------		ἄν		g--------	glaux_only
13596	δύναμαι	v3spom---		δύναμαι		v3spom---	glaux_only
13597	μετέχω	v--ana---		μετέχω		v--ana---	glaux_only
13598	,	u--------		,		u--------	glaux_only
13599	ὁ	l-s---fg-	ὁ	ὁ	l-s---fg-	l-s---fg-	
13600	δέ	c--------		δέ		c--------	glaux_only
13601	δόξα	n-s---fg-		δόξα		n-s---fg-	glaux_only
13602	ὁ	l-s---fg-		ὁ		l-s---fg-	glaux_only
13603	διά	r--------		διά		r--------	glaux_only
13604	ὁ	l-s---fa-	ὁ	ὁ	l-s---fa-	l-s---fa-	
13605	πονηρία	n-s---fa-		πονηρία		n-s---fa-	glaux_only
13606	γίγνομαι	v-sppmfg-		γίγνομαι		v-sppmfg-	glaux_only
13607	αὐτός	p-s---mn-		αὐτός		p-s---mn-	glaux_only
13608	ἄν	g--------		ἄν		g--------	glaux_only
13609	ὁ	l-s---na-		ὁ		l-s---na-	glaux_only
13610	πολύς	a-s---nas		πολύς		a-s---nas	glaux_only
13611	μέρος	n-s---na-		μέρος		n-s---na-	glaux_only
13612	ἀπολαύω	v3saoa---		ἀπολαύω		v3saoa---	glaux_only
13613	.	u--------		.		u--------	glaux_only
13614	ἔπειτα	d--------		ἔπειτα		d--------	glaux_only
13615	τίς	p-p---ca-		τίς		p-p---ca-	glaux_only
13616	ἄν	g--------		ἄν		g--------	glaux_only
13617	καί	c--------		καί		c--------	glaux_only
13618	διαφθείρω	v3paoa---		διαφθείρω		v3paoa---	glaux_only
13619	,	u--------		,		u--------	glaux_only
13620	καί	c--------		καί		c--------	glaux_only
13621	ὁ	l-p---ma-	ὁ	ὁ	l-p---ma-	l-p---ma-	
13622	πῶς	d--------		πῶς		d--------	glaux_only
13623	διάκειμαι	v-prpmma-		διάκειμαι		v-prpmma-	glaux_only
13624	λαμβάνω	v3paoa---		λαμβάνω		v3paoa---	glaux_only
13625	ἄν	g--------		ἄν		g--------	glaux_only
13626	μαθητής	n-p---ma-		μαθητής		n-p---ma-	glaux_only
13627	;	u--------		;		u--------	glaux_only
13628	ἄξιος	a-s---nn-		ἄξιος		a-s---nn-	glaux_only
13629	γάρ	g--------		γάρ		g--------	glaux_only
13630	καί	c--------		καί		c--------	glaux_only
13631	οὗτος	p-p---na-		οὗτος		p-p---na-	glaux_only
13632	διέρχομαι	v--ana---		διέρχομαι		v--ana---	glaux_only
13633	.	u--------		.		u--------	glaux_only
13634	πότερος	g--------		πότερος		g--------	glaux_only
13635	ὁ	l-p---ma-		ὁ		l-p---ma-	glaux_only
13636	ἤδη	d--------		ἤδη		d--------	glaux_only
13637	κακοήθης	a-p---ma-		κακοήθης		a-p---ma-	glaux_only
13638	εἰμί	v-pppama-		εἰμί		v-pppama-	glaux_only
13639	καί	c--------		καί		c--------	glaux_only
13640	πονηρός	a-p---ma-		πονηρός		a-p---ma-	glaux_only
13641	;	u--------		;		u--------	glaux_only
13642	καί	c--------		καί		c--------	glaux_only
13643	τίς	p-s---cn-		τίς		p-s---cn-	glaux_only
13644	ἄν	g--------	ἄν	ἄν	d--------	g--------	
13645	,	u--------		,		u--------	glaux_only
13646	ὅς	p-p---na-		ὅς		p-p---na-	glaux_only
13647	παρά	r--------		παρά		r--------	glaux_only
13648	ὁ	l-s---fg-		ὁ		l-s---fg-	glaux_only
13649	ἑαυτοῦ	p-s---mg-		ἑαυτοῦ		p-s---mg-	glaux_only
13650	φύσις	n-s---fg-		φύσις		n-s---fg-	glaux_only
13651	ἐπίσταμαι	v3spim---		ἐπίσταμαι		v3spim---	glaux_only
13652	,	u--------	,	,	u--------	u--------	
13653	οὗτος	p-p---na-		οὗτος		p-p---na-	glaux_only
13654	παρά	r--------		παρά		r--------	glaux_only
13655	ἕτερος	p-s---mg-		ἕτερος		p-s---mg-	glaux_only
13656	μανθάνω	v--pna---		μανθάνω		v--pna---	glaux_only
13657	ἐπιχειρέω	v3saoa---		ἐπιχειρέω		v3saoa---	glaux_only
13658	;	u--------		;		u--------	glaux_only
13659	ἀλλά	c--------		ἀλλά		c--------	glaux_only
13660	ὁ	l-p---ma-		ὁ		l-p---ma-	glaux_only
13661	ἐπιεικής	a-p---ma-		ἐπιεικής		a-p---ma-	glaux_only
13662	καί	c--------	καί	καί	d--------	c--------	
13663	χρηστός	a-p---ng-		χρηστός		a-p---ng-	glaux_only
13664	ἐπιτήδευμα	n-p---ng-		ἐπιτήδευμα		n-p---ng-	glaux_only
13665	ἐπιθυμέω	v-pppama-		ἐπιθυμέω		v-pppama-	glaux_only
13666	;	u--------		;		u--------	glaux_only
13667	ἀλλά	c--------		ἀλλά		c--------	glaux_only
13668							unmatched
13669	ἄν	g--------		ἄν		g--------	glaux_only
13670	εἷς	m-s---mn-		εἷς		m-s---mn-	glaux_only
13671	ὁ	l-p---mg-		ὁ		l-p---mg-	glaux_only
13672	τοιοῦτος	p-p---mg-		τοιοῦτος		p-p---mg-	glaux_only
13673	ὁ	l-p---md-		ὁ		l-p---md-	glaux_only
13674	κακός	a-s---na-		κακός		a-s---na-	glaux_only
13675	τις	p-s---na-		τις		p-s---na-	glaux_only
13676	λέγω	v-pppamd-		λέγω		v-pppamd-	glaux_only
13677	ἤ	c--------		ἤ		c--------	glaux_only
13678	πράσσω	v-pppamd-		πράσσω		v-pppamd-	glaux_only
13679	διαλέγω	v--anp---		διαλέγω		v--anp---	glaux_only
13680	τολμάω	v3saoa---		τολμάω		v3saoa---	glaux_only
13681	.	u--------		.		u--------	glaux_only
13682	ἡδύς	d--------		ἡδύς		d--------	glaux_only
13683	δέ	c--------		δέ		c--------	glaux_only
13684	ἄν	g--------		ἄν		g--------	glaux_only
13685							unmatched
13686							unmatched
13687	πυνθάνομαι	v1saom---		πυνθάνομαι		v1saom---	glaux_only
13688	παρά	r--------		παρά		r--------	glaux_only
13689	ὁ	l-p---mg-	ὁ	ὁ	l-p---ng-	l-p---mg-	
13690	χαλεπός	d--------		χαλεπός		d--------	glaux_only
13691	ἔχω	v-pppamg-		ἔχω		v-pppamg-	glaux_only
13692	πρός	r--------		πρός		r--------	glaux_only
13693	ἐγώ	p-p---ca-		ἐγώ		p-p---ca-	glaux_only
13694	,	u--------		,		u--------	glaux_only
13695	τίς	p-s---ca-		τίς		p-s---ca-	glaux_only
13696	ποτέ	d--------		ποτέ		d--------	glaux_only
13697	γνώμη	n-s---fa-		γνώμη		n-s---fa-	glaux_only
13698	ἔχω	v3ppia---		ἔχω		v3ppia---	glaux_only
13699	περί	r--------		περί		r--------	glaux_only
13700	ὁ	l-p---mg-	ὁ	ὁ	l-p---fg-	l-p---mg-	
13701	ἐκ	r--------		ἐκ		r--------	glaux_only
13702	Σικελία	n-s---fg-		Σικελία		n-s---fg-	glaux_only
13703	καί	c--------		καί		c--------	glaux_only
13704	ὁ	l-s---mg-		ὁ		l-s---mg-	glaux_only
13705	Πόντος	n-s---mg-		Πόντος		n-s---mg-	glaux_only
13706	καί	c--------		καί		c--------	glaux_only
13707	ὁ	l-p---mg-	ὁ	ὁ	l-p---mg-	l-p---mg-	
13708	ἄλλος	p-p---mg-		ἄλλος		p-p---mg-	glaux_only
13709	τόπος	n-p---mg-		τόπος		n-p---mg-	glaux_only
13710	δεῦρο	d--------		δεῦρο		d--------	glaux_only
13711	πλέω	v-pppamg-		πλέω		v-pppamg-	glaux_only
13712	,	u--------		,		u--------	glaux_only
13713	ἵνα	c--------		ἵνα		c--------	glaux_only
13714	παιδεύω	v3pasp---		παιδεύω		v3pasp---	glaux_only
13715	.	u--------		.		u--------	glaux_only
13716	πότερος	g--------		πότερος		g--------	glaux_only
13717	αὐτός	p-p---ma-		αὐτός		p-p---ma-	glaux_only
13718	οἴομαι	v3ppim---		οἴομαι		v3ppim---	glaux_only
13719	σπανίζω	v-pppama-		σπανίζω		v-pppama-	glaux_only
13720	ἐκεῖ	d--------		ἐκεῖ		d--------	glaux_only
13721	πονηρός	a-p---mg-		πονηρός		a-p---mg-	glaux_only
13722	ἄνθρωπος	n-p---mg-		ἄνθρωπος		n-p---mg-	glaux_only
13723	ἐνθάδε	d--------		ἐνθάδε		d--------	glaux_only
13724	ποιέω	v--pnm---		ποιέω		v--pnm---	glaux_only
13725	ὁ	l-s---fa-		ὁ		l-s---fa-	glaux_only
13726	πορεία	n-s---fa-		πορεία		n-s---fa-	glaux_only
13727	;	u--------		;		u--------	glaux_only
13728	ἀλλά	c--------		ἀλλά		c--------	glaux_only
13729	πανταχοῦ	d--------		πανταχοῦ		d--------	glaux_only
13730	πολύς	a-s---fa-		πολύς		a-s---fa-	glaux_only
13731	ἀφθονία	n-s---fa-		ἀφθονία		n-s---fa-	glaux_only
13732	εὑρίσκω	v3saoa---		εὑρίσκω		v3saoa---	glaux_only
13733	τις	p-s---cn-		τις		p-s---cn-	glaux_only
13734	ἄν	g--------		ἄν		g--------	glaux_only
13735	ὁ	l-p---mg-	ὁ	ὁ	l-p---mg-	l-p---mg-	
13736	συμπονηρεύομαι	v--pnm---		συμπονηρεύομαι		v--pnm---	glaux_only
13737	καί	c--------		καί		c--------	glaux_only
13738	συνεξαμαρτάνω	v--pna---		συνεξαμαρτάνω		v--pna---	glaux_only
13739	βούλομαι	v-pppmmg-		βούλομαι		v-pppmmg-	glaux_only
13740	.	u--------		.		u--------	glaux_only
13741	ἀλλά	c--------		ἀλλά		c--------	glaux_only
13742	ἵνα	c--------		ἵνα		c--------	glaux_only
13743	κακοπράγμων	a-p---mn-		κακοπράγμων		a-p---mn-	glaux_only
13744	καί	c--------	καί	καί	c--------	c--------	
13745	συκοφάντης	n-p---mn-		συκοφάντης		n-p---mn-	glaux_only
13746	γίγνομαι	v3pasm---		γίγνομαι		v3pasm---	glaux_only
13747	,	u--------		,		u--------	glaux_only
13748	πολύς	a-p---na-		πολύς		a-p---na-	glaux_only
13749	χρῆμα	n-p---na-		χρῆμα		n-p---na-	glaux_only
13750	τελέω	v-papamn-		τελέω		v-papamn-	glaux_only
13751	;	u--------		;		u--------	glaux_only
13752	ἀλλά	c--------		ἀλλά		c--------	glaux_only
13753	πρῶτος	a-s---na-		πρῶτος		a-s---na-	glaux_only
13754	μέν	g--------		μέν		g--------	glaux_only
13755	ὁ	l-p---mn-		ὁ		l-p---mn-	glaux_only
13756	οὗτος	p-s---fa-		οὗτος		p-s---fa-	glaux_only
13757	ἔχω	v-pppamn-		ἔχω		v-pppamn-	glaux_only
13758	ὁ	l-s---fa-		ὁ		l-s---fa-	glaux_only
13759	γνώμη	n-s---fa-		γνώμη		n-s---fa-	glaux_only
13760	πολύς	a-s---na-		πολύς		a-s---na-	glaux_only
13761	ἄν	g--------	ἄν	ἄν	d--------	g--------	
13762	ἡδύς	a-s---nac		ἡδύς		a-s---nac	glaux_only
13763	ὁ	l-p---na-		ὁ		l-p---na-	glaux_only
13764	ὁ	l-p---mg-		ὁ		l-p---mg-	glaux_only
13765	ἄλλος	p-p---mg-		ἄλλος		p-p---mg-	glaux_only
13766	λαμβάνω	v3paoa---		λαμβάνω		v3paoa---	glaux_only
13767	ἤ	c--------		ἤ		c--------	glaux_only
13768	δίδωμι	v3paoa---		δίδωμι		v3paoa---	glaux_only
13769	ἕτερος	p-p---md-		ἕτερος		p-p---md-	glaux_only
13770	ὁστισοῦν	p-s---na-		ὁστισοῦν		p-s---na-	glaux_only
13771	ὁ	l-p---ng-		ὁ		l-p---ng-	glaux_only
13772	σφέτερος	a-p---ng-		σφέτερος		a-p---ng-	glaux_only
13773	αὐτός	p-p---mg-		αὐτός		p-p---mg-	glaux_only
13774	·	u--------		·		u--------	glaux_only
13775	ἔτι	d--------		ἔτι		d--------	glaux_only
13776	δέ	c--------	δέ	δέ	d--------	c--------	
13777	τίς	p-p---cn-		τίς		p-p---cn-	glaux_only
13778	ἄν	g--------		ἄν		g--------	glaux_only
13779	ὑπέρ	r--------		ὑπέρ		r--------	glaux_only
13780	πονηρία	n-s---fg-		πονηρία		n-s---fg-	glaux_only
13781	ἀργύριον	n-s---na-		ἀργύριον		n-s---na-	glaux_only
13782	ἀναλίσκω	v3paoa---		ἀναλίσκω		v3paoa---	glaux_only
13783	,	u--------		,		u--------	glaux_only
13784	ἔξεστι	v-sppana-		ἔξεστι		v-sppana-	glaux_only
13785	αὐτός	p-p---md-		αὐτός		p-p---md-	glaux_only
13786	μηδείς	p-s---na-		μηδείς		p-s---na-	glaux_only
13787	δαπανάω	v-pappmd-		δαπανάω		v-pappmd-	glaux_only
13788	εἰμί	v--pna---		εἰμί		v--pna---	glaux_only
13789	τοιοῦτος	p-p---md-		τοιοῦτος		p-p---md-	glaux_only
13790	,	u--------		,		u--------	glaux_only
13791	ὁπόταν	c--------		ὁπόταν		c--------	glaux_only
13792	βούλομαι	v3pasp---		βούλομαι		v3pasp---	glaux_only
13793	;	u--------		;		u--------	glaux_only
13794	οὐ	d--------		οὐ		d--------	glaux_only
13795	γάρ	g--------		γάρ		g--------	glaux_only
13796	μανθάνω	v--ana---		μανθάνω		v--ana---	glaux_only
13797	ἀλλά	c--------		ἀλλά		c--------	glaux_only
13798	ἐπιχειρέω	v--ana---		ἐπιχειρέω		v--ana---	glaux_only
13799	μόνος	d--------		μόνος		d--------	glaux_only
13800	δέω	v3spia---		δέω		v3spia---	glaux_only
13801	ὁ	l-p---nd-		ὁ		l-p---nd-	glaux_only
13802	τοιοῦτος	p-p---nd-		τοιοῦτος		p-p---nd-	glaux_only
13803	ὁ	l-p---ng-		ὁ		l-p---ng-	glaux_only
13804	ἔργον	n-p---ng-		ἔργον		n-p---ng-	glaux_only
13805	.	u--------		.		u--------	glaux_only
13806	ἀλλά	c--------		ἀλλά		c--------	glaux_only
13807	δῆλος	a-s---nn-		δῆλος		a-s---nn-	glaux_only
13808	ὅτι	c--------		ὅτι		c--------	glaux_only
13809	καί	c--------		καί		c--------	glaux_only
13810	πλέω	v3ppia---		πλέω		v3ppia---	glaux_only
13811	καί	c--------		καί		c--------	glaux_only
13812	χρῆμα	n-p---na-		χρῆμα		n-p---na-	glaux_only
13813	δίδωμι	v3ppia---		δίδωμι		v3ppia---	glaux_only
13814	καί	c--------		καί		c--------	glaux_only
13815	πᾶς	p-p---na-		πᾶς		p-p---na-	glaux_only
13816	ποιέω	v3ppia---		ποιέω		v3ppia---	glaux_only
13817	νομίζω	v-pppamn-		νομίζω		v-pppamn-	glaux_only
13818	αὐτός	p-p---mn-		αὐτός		p-p---mn-	glaux_only
13819	τε	c--------		τε		c--------	glaux_only
13820	ἀγαθός	a-p---mac		ἀγαθός		a-p---mac	glaux_only
13821	γίγνομαι	v--fnm---		γίγνομαι		v--fnm---	glaux_only
13822	καί	c--------	καί	καί	d--------	c--------	
13823	ὁ	l-p---ma-		ὁ		l-p---ma-	glaux_only
13824	ἐνθάδε	d--------		ἐνθάδε		d--------	glaux_only
13825	παιδεύω	v-pppama-		παιδεύω		v-pppama-	glaux_only
13826	πολύς	a-s---na-		πολύς		a-s---na-	glaux_only
13827	φρόνιμος	a-p---mac		φρόνιμος		a-p---mac	glaux_only
13828	εἰμί	v--pna---		εἰμί		v--pna---	glaux_only
13829	ὁ	l-p---mg-	ὁ	ὁ	l-p---ng-	l-p---mg-	
13830	παρά	r--------		παρά		r--------	glaux_only
13831	σφεῖς	p-p---cd-		σφεῖς		p-p---cd-	glaux_only
13832	αὐτός	p-p---md-		αὐτός		p-p---md-	glaux_only
13833	·	u--------		·		u--------	glaux_only
13834	ἐπί	r--------		ἐπί		r--------	glaux_only
13835	ὅς	p-p---nd-		ὅς		p-p---nd-	glaux_only
13836	ἄξιος	a-s---nn-		ἄξιος		a-s---nn-	glaux_only
13837	εἰμί	v3siia---		εἰμί		v3siia---	glaux_only
13838	ἅπας	p-p---ma-		ἅπας		p-p---ma-	glaux_only
13839	ὁ	l-p---ma-		ὁ		l-p---ma-	glaux_only
13840	πολίτης	n-p---ma-		πολίτης		n-p---ma-	glaux_only
13841	φιλοτιμέομαι	v--pnm---		φιλοτιμέομαι		v--pnm---	glaux_only
13842	,	u--------		,		u--------	glaux_only
13843	καί	c--------		καί		c--------	glaux_only
13844	περί	r--------		περί		r--------	glaux_only
13845	πολύς	a-s---ng-		πολύς		a-s---ng-	glaux_only
13846	ποιέω	v--pnm---		ποιέω		v--pnm---	glaux_only
13847	ὁ	l-p---ma-		ὁ		l-p---ma-	glaux_only
13848	αἴτιος	a-p---ma-		αἴτιος		a-p---ma-	glaux_only
13849	ὁ	l-s---fd-	ὁ	ὁ	l-s---fd-	l-s---fd-	
13850	πόλις	n-s---fd-		πόλις		n-s---fd-	glaux_only
13851	ὁ	l-s---fg-		ὁ		l-s---fg-	glaux_only
13852	δόξα	n-s---fg-		δόξα		n-s---fg-	glaux_only
13853	οὗτος	p-s---fg-		οὗτος		p-s---fg-	glaux_only
13854	γίγνομαι	v-papmma-		γίγνομαι		v-papmma-	glaux_only
13855	.	u--------		.		u--------	glaux_only
13856	ἀλλά	c--------		ἀλλά		c--------	glaux_only
13857	γάρ	g--------	γάρ	γάρ	d--------	g--------	
13858	οὕτως	d--------		οὕτως		d--------	glaux_only
13859	τις	p-p---cn-		τις		p-p---cn-	glaux_only
13860	ἀγνώμων	d--------		ἀγνώμων		d--------	glaux_only
13861	ἔχω	v3ppia---		ἔχω		v3ppia---	glaux_only
13862	ὥστε	c--------		ὥστε		c--------	glaux_only
13863	οἶδα	v-prpamn-		οἶδα		v-prpamn-	glaux_only
13864	καί	c--------	καί	καί	d--------	c--------	
13865	ὁ	l-p---ma-		ὁ		l-p---ma-	glaux_only
13866	ξένος	a-p---ma-		ξένος		a-p---ma-	glaux_only
13867	ὁ	l-p---ma-		ὁ		l-p---ma-	glaux_only
13868	ἀφικνέομαι	v-pppmma-		ἀφικνέομαι		v-pppmma-	glaux_only
13869	καί	c--------	καί	καί	c--------	c--------	
13870	ὁ	l-p---ma-		ὁ		l-p---ma-	glaux_only
13871	προΐστημι	v-prpama-		προΐστημι		v-prpama-	glaux_only
13872	ὁ	l-s---fg-		ὁ		l-s---fg-	glaux_only
13873	παιδεία	n-s---fg-		παιδεία		n-s---fg-	glaux_only
13874	οὐδείς	p-s---na-		οὐδείς		p-s---na-	glaux_only
13875	κακός	a-s---na-		κακός		a-s---na-	glaux_only
13876	ἐπιτηδεύω	v-pppama-		ἐπιτηδεύω		v-pppama-	glaux_only
13877	,	u--------		,		u--------	glaux_only
13878	ἀλλά	c--------		ἀλλά		c--------	glaux_only
13879	ἀπράγμων	a-p---mas		ἀπράγμων		a-p---mas	glaux_only
13880	μέν	g--------		μέν		g--------	glaux_only
13881	εἰμί	v-pppama-		εἰμί		v-pppama-	glaux_only
13882	ὁ	l-p---mg-		ὁ		l-p---mg-	glaux_only
13883	ἐν	r--------		ἐν		r--------	glaux_only
13884	ὁ	l-s---fd-		ὁ		l-s---fd-	glaux_only
13885	πόλις	n-s---fd-		πόλις		n-s---fd-	glaux_only
13886	καί	c--------	καί	καί	c--------	c--------	
13887	πολύς	a-s---fas		πολύς		a-s---fas	glaux_only
13888	ἡσυχία	n-s---fa-		ἡσυχία		n-s---fa-	glaux_only
13889	ἄγω	v-pppama-		ἄγω		v-pppama-	glaux_only
13890	,	u--------		,		u--------	glaux_only
13891	προσέχω	v-pppama-		προσέχω		v-pppama-	glaux_only
13892	δέ	c--------		δέ		c--------	glaux_only
13893	ὁ	l-s---ma-		ὁ		l-s---ma-	glaux_only
13894	νόος	n-s---ma-		νόος		n-s---ma-	glaux_only
13895	σφεῖς	p-p---cd-		σφεῖς		p-p---cd-	glaux_only
13896	αὐτός	p-p---md-		αὐτός		p-p---md-	glaux_only
13897	καί	c--------	καί	καί	d--------	c--------	
13898	ὁ	l-p---fa-		ὁ		l-p---fa-	glaux_only
13899	συνουσία	n-p---fa-		συνουσία		n-p---fa-	glaux_only
13900	μετά	r--------		μετά		r--------	glaux_only
13901	ἀλλήλων	p-p---mg-		ἀλλήλων		p-p---mg-	glaux_only
13902	ποιέω	v-pppmma-		ποιέω		v-pppmma-	glaux_only
13903	,	u--------		,		u--------	glaux_only
13904	ἔτι	d--------		ἔτι		d--------	glaux_only
13905	δέ	c--------		δέ		c--------	glaux_only
13906	ὁ	l-p---na-	ὁ	ὁ	l-p---na-	l-p---na-	
13907	κατά	r--------		κατά		r--------	glaux_only
13908	ἡμέρα	n-s---fa-		ἡμέρα		n-s---fa-	glaux_only
13909	εὐτελής	a-p---nas		εὐτελής		a-p---nas	glaux_only
13910	καί	c--------		καί		c--------	glaux_only
13911	κόσμιος	a-p---nas		κόσμιος		a-p---nas	glaux_only
13912	ζάω	v-pppama-		ζάω		v-pppama-	glaux_only
13913	,	u--------		,		u--------	glaux_only
13914	καί	c--------	καί	καί	d--------	c--------	
13915	ὁ	l-p---mg-	ὁ	ὁ	l-p---mg-	l-p---mg-	
13916	λόγος	n-p---mg-		λόγος		n-p---mg-	glaux_only
13917	ἐπιθυμέω	v-pppama-		ἐπιθυμέω		v-pppama-	glaux_only
13918	οὐ	d--------		οὐ		d--------	glaux_only
13919	ὁ	l-p---mg-	ὁ	ὁ	l-p---ng-	l-p---mg-	
13920	ἐπί	r--------		ἐπί		r--------	glaux_only
13921	ὁ	l-p---md-		ὁ		l-p---md-	glaux_only
13922	ἴδιος	a-p---md-		ἴδιος		a-p---md-	glaux_only
13923	συμβόλαιον	n-p---nd-		συμβόλαιον		n-p---nd-	glaux_only
13924	λέγω	v-pppmmg-		λέγω		v-pppmmg-	glaux_only
13925	οὐ	d--------		οὐ		d--------	glaux_only
13926							unmatched
13927	ὁ	l-p---mg-		ὁ		l-p---mg-	glaux_only
13928							unmatched
13929							unmatched
13930							unmatched
13931							unmatched
13932							unmatched
13933							unmatched
13934							unmatched
13935							unmatched
13936							unmatched
13937							unmatched
13938							unmatched
13939							unmatched
13940							unmatched
13941							unmatched
13942							unmatched
13943	καί	c--------	καί		c--------		oga_only
13944							unmatched
13945							unmatched
13946							unmatched
13947							unmatched
13948							unmatched
13949							unmatched
13950							unmatched
13951							unmatched
13952							unmatched
13953							unmatched
13954							unmatched
13955							unmatched
13956	ὁ	l-s---na-	ὁ		l-s---na-		oga_only
13957							unmatched
13958							unmatched
13959							unmatched
13960	καί	c--------		καί		c--------	glaux_only
13961	τοι	g--------		τοι		g--------	glaux_only
13962	τίς	p-p---cn-		τίς		p-p---cn-	glaux_only
13963	ἄν	g--------		ἄν		g--------	glaux_only
13964	ἀδικία	n-s---fa-		ἀδικία		n-s---fa-	glaux_only
13965	καί	c--------	καί	καί	c--------	c--------	
13966	κακία	n-s---fa-		κακία		n-s---fa-	glaux_only
13967	ἀσκέω	v-pppamn-		ἀσκέω		v-pppamn-	glaux_only
13968	σώφρων	a-s---nac		σώφρων		a-s---nac	glaux_only
13969	ὁ	l-p---mg-		ὁ		l-p---mg-	glaux_only
13970	ἄλλος	p-p---mg-		ἄλλος		p-p---mg-	glaux_only
13971	ζάω	v--pna---		ζάω		v--pna---	glaux_only
13972	ἐθέλω	v3paoa---		ἐθέλω		v3paoa---	glaux_only
13973	;	u--------		;		u--------	glaux_only
13974	τίς	p-p---ca-		τίς		p-p---ca-	glaux_only
13975	δέ	c--------		δέ		c--------	glaux_only
13976	πώποτε	d--------		πώποτε		d--------	glaux_only
13977	ὁράω	v3pria---		ὁράω		v3pria---	glaux_only
13978	ὁ	l-p---mn-		ὁ		l-p---mn-	glaux_only
13979	οὗτος	p-p---na-		οὗτος		p-p---na-	glaux_only
13980	λέγω	v-pppamn-		λέγω		v-pppamn-	glaux_only
13981	ἀναβάλλω	v-pppmma-		ἀναβάλλω		v-pppmma-	glaux_only
13982	καί	c--------	καί	καί	c--------	c--------	
13983	θησαυρίζω	v-pppmma-		θησαυρίζω		v-pppmma-	glaux_only
13984	ὁ	l-p---fa-		ὁ		l-p---fa-	glaux_only
13985	πονηρία	n-p---fa-		πονηρία		n-p---fa-	glaux_only
13986	,	u--------		,		u--------	glaux_only
13987	ἀλλά	c--------		ἀλλά		c--------	glaux_only
13988	οὐ	d--------		οὐ		d--------	glaux_only
13989	εὐθύς	d--------		εὐθύς		d--------	glaux_only
13990	ὁ	l-s---fd-		ὁ		l-s---fd-	glaux_only
13991	φύσις	n-s---fd-		φύσις		n-s---fd-	glaux_only
13992	ὁ	l-s---fd-		ὁ		l-s---fd-	glaux_only
13993	πάρειμι	v-sppafd-		πάρειμι		v-sppafd-	glaux_only
13994	χράω	v-pppmma-		χράω		v-pppmma-	glaux_only
13995	;	u--------		;		u--------	glaux_only
13996	χωρίς	r--------		χωρίς		r--------	glaux_only
13997	δέ	c--------		δέ		c--------	glaux_only
13998	οὗτος	p-p---ng-		οὗτος		p-p---ng-	glaux_only
13999	,	u--------		,		u--------	glaux_only
14000	εἴπερ	c--------		εἴπερ		c--------	glaux_only
14001	ὁ	l-s---fn-		ὁ		l-s---fn-	glaux_only
14002	περί	r--------		περί		r--------	glaux_only
14003	ὁ	l-p---ma-	ὁ	ὁ	l-p---ma-	l-p---ma-	
14004	λόγος	n-p---ma-		λόγος		n-p---ma-	glaux_only
14005	δεινότης	n-s---fn-		δεινότης		n-s---fn-	glaux_only
14006	ποιέω	v3spia---		ποιέω		v3spia---	glaux_only
14007	ὁ	l-p---md-		ὁ		l-p---md-	glaux_only
14008	ἀλλότριος	a-p---md-		ἀλλότριος		a-p---md-	glaux_only
14009	ἐπιβουλεύω	v--pna---		ἐπιβουλεύω		v--pna---	glaux_only
14010	,	u--------		,		u--------	glaux_only
14011	προσήκω	v3siia---		προσήκω		v3siia---	glaux_only
14012	ἅπας	p-p---ma-		ἅπας		p-p---ma-	glaux_only
14013	ὁ	l-p---ma-		ὁ		l-p---ma-	glaux_only
14014	δύναμαι	v-pppmma-		δύναμαι		v-pppmma-	glaux_only
14015	λέγω	v--ana---		λέγω		v--ana---	glaux_only
14016	πολυπράγμων	a-p---ma-		πολυπράγμων		a-p---ma-	glaux_only
14017	καί	c--------		καί		c--------	glaux_only
14018	συκοφάντης	n-p---ma-		συκοφάντης		n-p---ma-	glaux_only
14019	εἰμί	v--pna---		εἰμί		v--pna---	glaux_only
14020	·	u--------		·		u--------	glaux_only
14021	ὁ	l-s---nn-		ὁ		l-s---nn-	glaux_only
14022	γάρ	g--------		γάρ		g--------	glaux_only
14023	αἴτιος	a-s---nn-		αἴτιος		a-s---nn-	glaux_only
14024	ἐν	r--------		ἐν		r--------	glaux_only
14025	ἅπας	p-p---nd-		ἅπας		p-p---nd-	glaux_only
14026							unmatched
14027							unmatched
14028	φύω	v3sria---		φύω		v3sria---	glaux_only
14029	ἐνεργάζομαι	v--pnm---		ἐνεργάζομαι		v--pnm---	glaux_only
14030	.	u--------		.		u--------	glaux_only
14031	νῦν	d--------		νῦν		d--------	glaux_only
14032	δέ	c--------		δέ		c--------	glaux_only
14033	εὑρίσκω	v2pfia---		εὑρίσκω		v2pfia---	glaux_only
14034	καί	c--------		καί		c--------	glaux_only
14035	ὁ	l-p---mg-	ὁ	ὁ	l-p---ng-	l-p---mg-	
14036	ἐν	r--------		ἐν		r--------	glaux_only
14037	ὁ	l-s---nd-		ὁ		l-s---nd-	glaux_only
14038	πάρειμι	v-sppand-		πάρειμι		v-sppand-	glaux_only
14039	πολιτεύω	v-pppmmg-		πολιτεύω		v-pppmmg-	glaux_only
14040	καί	c--------	καί	καί	d--------	c--------	
14041	ὁ	l-p---mg-	ὁ	ὁ	l-p---ng-	l-p---mg-	
14042	νεωστί	d--------		νεωστί		d--------	glaux_only
14043	τελευτάω	v-prpamg-		τελευτάω		v-prpamg-	glaux_only
14044	ὁ	l-p---ma-		ὁ		l-p---ma-	glaux_only
14045	πολύς	a-s---fas		πολύς		a-s---fas	glaux_only
14046	ἐπιμέλεια	n-s---fa-		ἐπιμέλεια		n-s---fa-	glaux_only
14047	ὁ	l-p---mg-		ὁ		l-p---mg-	glaux_only
14048	λόγος	n-p---mg-		λόγος		n-p---mg-	glaux_only
14049	ποιέω	v-pppmma-		ποιέω		v-pppmma-	glaux_only
14050	ἀγαθός	a-p---mas		ἀγαθός		a-p---mas	glaux_only
14051	εἰμί	v-pppama-		εἰμί		v-pppama-	glaux_only
14052	ὁ	l-p---mg-		ὁ		l-p---mg-	glaux_only
14053	ἐπί	r--------		ἐπί		r--------	glaux_only
14054	ὁ	l-s---na-		ὁ		l-s---na-	glaux_only
14055	βῆμα	n-s---na-		βῆμα		n-s---na-	glaux_only
14056	παρέρχομαι	v-pppamg-		παρέρχομαι		v-pppamg-	glaux_only
14057	,	u--------		,		u--------	glaux_only
14058	ἔτι	d--------		ἔτι		d--------	glaux_only
14059	δέ	c--------		δέ		c--------	glaux_only
14060	ὁ	l-p---mg-	ὁ	ὁ	l-p---mg-	l-p---mg-	
14061	παλαιός	a-p---mg-		παλαιός		a-p---mg-	glaux_only
14062	ὁ	l-p---ma-		ὁ		l-p---ma-	glaux_only
14063	ἀγαθός	a-p---mas		ἀγαθός		a-p---mas	glaux_only
14064	ῥήτωρ	n-p---ma-		ῥήτωρ		n-p---ma-	glaux_only
14065	καί	c--------	καί	καί	c--------	c--------	
14066	μέγας	a-s---fas		μέγας		a-s---fas	glaux_only
14067	δόξα	n-s---fa-		δόξα		n-s---fa-	glaux_only
14068	λαμβάνω	v-papama-		λαμβάνω		v-papama-	glaux_only
14069	πολύς	a-p---ngs		πολύς		a-p---ngs	glaux_only
14070	ἀγαθός	a-p---ng-		ἀγαθός		a-p---ng-	glaux_only
14071	αἴτιος	a-p---ma-		αἴτιος		a-p---ma-	glaux_only
14072	ὁ	l-s---fd-		ὁ		l-s---fd-	glaux_only
14073	πόλις	n-s---fd-		πόλις		n-s---fd-	glaux_only
14074	γίγνομαι	v-prpmma-		γίγνομαι		v-prpmma-	glaux_only
14075	,	u--------		,		u--------	glaux_only
14076	ἄρχω	v-papmma-		ἄρχω		v-papmma-	glaux_only
14077	ἀπό	r--------		ἀπό		r--------	glaux_only
14078	Σόλων	n-s---mg-		Σόλων		n-s---mg-	glaux_only
14079	.	u--------		.		u--------	glaux_only
14080	ἐκεῖνος	p-s---mn-		ἐκεῖνος		p-s---mn-	glaux_only
14081	τε	c--------		τε		c--------	glaux_only
14082	γάρ	g--------		γάρ		g--------	glaux_only
14083	προστάτης	n-s---mn-		προστάτης		n-s---mn-	glaux_only
14084	ὁ	l-s---mg-		ὁ		l-s---mg-	glaux_only
14085	δῆμος	n-s---mg-		δῆμος		n-s---mg-	glaux_only
14086	καθίστημι	v-sapamn-		καθίστημι		v-sapamn-	glaux_only
14087	οὕτως	d--------		οὕτως		d--------	glaux_only
14088	νομοθετέω	v3saia---		νομοθετέω		v3saia---	glaux_only
14089	καί	c--------	καί	καί	c--------	c--------	
14090	ὁ	l-p---na-		ὁ		l-p---na-	glaux_only
14091	πρᾶγμα	n-p---na-		πρᾶγμα		n-p---na-	glaux_only
14092	διατάσσω	v3saia---		διατάσσω		v3saia---	glaux_only
14093	καί	c--------		καί		c--------	glaux_only
14094	ὁ	l-s---fa-	ὁ	ὁ	l-s---fa-	l-s---fa-	
14095	πόλις	n-s---fa-		πόλις		n-s---fa-	glaux_only
14096	κατασκευάζω	v3saia---		κατασκευάζω		v3saia---	glaux_only
14097	,	u--------	,	,	u--------	u--------	
14098	ὥστε	c--------		ὥστε		c--------	glaux_only
14099	ἔτι	d--------		ἔτι		d--------	glaux_only
14100	καί	c--------		καί		c--------	glaux_only
14101	νῦν	d--------		νῦν		d--------	glaux_only
14102	ἀγαπάω	v--pnm---		ἀγαπάω		v--pnm---	glaux_only
14103	ὁ	l-s---fa-		ὁ		l-s---fa-	glaux_only
14104	διοίκησις	n-s---fa-		διοίκησις		n-s---fa-	glaux_only
14105	ὁ	l-s---fa-		ὁ		l-s---fa-	glaux_only
14106	ὑπό	r--------		ὑπό		r--------	glaux_only
14107	ἐκεῖνος	p-s---mg-		ἐκεῖνος		p-s---mg-	glaux_only
14108	συντάσσω	v-sappfa-		συντάσσω		v-sappfa-	glaux_only
14109	·	u--------		·		u--------	glaux_only
14110	μετά	r--------		μετά		r--------	glaux_only
14111	δέ	c--------		δέ		c--------	glaux_only
14112	οὗτος	p-p---na-		οὗτος		p-p---na-	glaux_only
14113	Κλεισθένης	n-s---mn-		Κλεισθένης		n-s---mn-	glaux_only
14114	ἐκπίπτω	v-sapamn-		ἐκπίπτω		v-sapamn-	glaux_only
14115	ἐκ	r--------		ἐκ		r--------	glaux_only
14116	ὁ	l-s---fg-		ὁ		l-s---fg-	glaux_only
14117	πόλις	n-s---fg-		πόλις		n-s---fg-	glaux_only
14118	ὑπό	r--------		ὑπό		r--------	glaux_only
14119	ὁ	l-p---mg-		ὁ		l-p---mg-	glaux_only
14120	τύραννος	n-p---mg-		τύραννος		n-p---mg-	glaux_only
14121	,	u--------		,		u--------	glaux_only
14122	λόγος	n-s---md-		λόγος		n-s---md-	glaux_only
14123	πείθω	v-sapamn-		πείθω		v-sapamn-	glaux_only
14124	ὁ	l-p---ma-		ὁ		l-p---ma-	glaux_only
14125	Ἀμφικτύονες	n-p---ma-		Ἀμφικτύονες		n-p---ma-	glaux_only
14126	δανείζω	v--ana---		δανείζω		v--ana---	glaux_only
14127	ὁ	l-p---ng-		ὁ		l-p---ng-	glaux_only
14128	ὁ	l-s---mg-		ὁ		l-s---mg-	glaux_only
14129	θεός	n-s---mg-		θεός		n-s---mg-	glaux_only
14130	χρῆμα	n-p---ng-		χρῆμα		n-p---ng-	glaux_only
14131	ἑαυτοῦ	p-s---md-		ἑαυτοῦ		p-s---md-	glaux_only
14132	,	u--------		,		u--------	glaux_only
14133	ὁ	l-s---ma-		ὁ		l-s---ma-	glaux_only
14134	τε	c--------		τε		c--------	glaux_only
14135	δῆμος	n-s---ma-		δῆμος		n-s---ma-	glaux_only
14136	κατάγω	v3saia---		κατάγω		v3saia---	glaux_only
14137	καί	c--------		καί		c--------	glaux_only
14138	ὁ	l-p---ma-		ὁ		l-p---ma-	glaux_only
14139	τύραννος	n-p---ma-		τύραννος		n-p---ma-	glaux_only
14140	ἐκβάλλω	v3saia---		ἐκβάλλω		v3saia---	glaux_only
14141	καί	c--------		καί		c--------	glaux_only
14142	ὁ	l-s---fa-		ὁ		l-s---fa-	glaux_only
14143	δημοκρατία	n-s---fa-		δημοκρατία		n-s---fa-	glaux_only
14144	ἐκεῖνος	p-s---fa-		ἐκεῖνος		p-s---fa-	glaux_only
14145	καθίστημι	v3saia---		καθίστημι		v3saia---	glaux_only
14146	,	u--------		,		u--------	glaux_only
14147	ὁ	l-s---fa-		ὁ		l-s---fa-	glaux_only
14148	αἰτία	n-s---fa-		αἰτία		n-s---fa-	glaux_only
14149	ὁ	l-p---md-		ὁ		l-p---md-	glaux_only
14150	Ἕλλην	n-p---md-		Ἕλλην		n-p---md-	glaux_only
14151	ὁ	l-p---ng-		ὁ		l-p---ng-	glaux_only
14152	μέγας	a-p---ngs		μέγας		a-p---ngs	glaux_only
14153	ἀγαθός	a-p---ng-		ἀγαθός		a-p---ng-	glaux_only
14154	γίγνομαι	v-sapmfa-		γίγνομαι		v-sapmfa-	glaux_only
14155	·	u--------		·		u--------	glaux_only
14156	ἐπί	r--------		ἐπί		r--------	glaux_only
14157	δέ	c--------		δέ		c--------	glaux_only
14158	οὗτος	p-s---nd-		οὗτος		p-s---nd-	glaux_only
14159	Θεμιστοκλῆς	n-s---mn-		Θεμιστοκλῆς		n-s---mn-	glaux_only
14160	ἡγεμών	n-s---mn-		ἡγεμών		n-s---mn-	glaux_only
14161	ἐν	r--------		ἐν		r--------	glaux_only
14162	ὁ	l-s---md-		ὁ		l-s---md-	glaux_only
14163	πόλεμος	n-s---md-		πόλεμος		n-s---md-	glaux_only
14164	ὁ	l-s---md-		ὁ		l-s---md-	glaux_only
14165	Περσικός	a-s---md-		Περσικός		a-s---md-	glaux_only
14166	γίγνομαι	v-sapmmn-		γίγνομαι		v-sapmmn-	glaux_only
14167	,	u--------		,		u--------	glaux_only
14168	συμβουλεύω	v-sapamn-		συμβουλεύω		v-sapamn-	glaux_only
14169	ὁ	l-p---md-		ὁ		l-p---md-	glaux_only
14170	πρόγονος	n-p---md-		πρόγονος		n-p---md-	glaux_only
14171	ἐγώ	p-p---cg-	ἐγώ	ἐγώ	p-p---mg-	p-p---cg-	
14172	ἐκλείπω	v--ana---		ἐκλείπω		v--ana---	glaux_only
14173	ὁ	l-s---fa-	ὁ	ὁ	l-s---fa-	l-s---fa-	
14174	πόλις	n-s---fa-		πόλις		n-s---fa-	glaux_only
14175	,	u--------		,		u--------	glaux_only
14176	(	u--------		(		u--------	glaux_only
14177	ὅς	p-s---na-		ὅς		p-s---na-	glaux_only
14178	τίς	p-s---cn-		τίς		p-s---cn-	glaux_only
14179	ἄν	g--------		ἄν		g--------	glaux_only
14180	οἷος	p-s---mn-		οἷος		p-s---mn-	glaux_only
14181	τε	c--------		τε		c--------	glaux_only
14182	γίγνομαι	v3saim---		γίγνομαι		v3saim---	glaux_only
14183	πείθω	v--ana---		πείθω		v--ana---	glaux_only
14184	μή	d--------		μή		d--------	glaux_only
14185	πολύς	a-s---na-		πολύς		a-s---na-	glaux_only
14186	ὁ	l-s---md-		ὁ		l-s---md-	glaux_only
14187	λόγος	n-s---md-		λόγος		n-s---md-	glaux_only
14188	διαφέρω	v-sapamn-		διαφέρω		v-sapamn-	glaux_only
14189							unmatched
14190	)	u--------		)		u--------	glaux_only
14191	εἰς	r--------		εἰς		r--------	glaux_only
14192	οὗτος	p-s---na-		οὗτος		p-s---na-	glaux_only
14193	αὐτός	p-p---mg-		αὐτός		p-p---mg-	glaux_only
14194	ὁ	l-p---na-		ὁ		l-p---na-	glaux_only
14195	πρᾶγμα	n-p---na-		πρᾶγμα		n-p---na-	glaux_only
14196	προάγω	v3saia---		προάγω		v3saia---	glaux_only
14197	ὥστε	c--------		ὥστε		c--------	glaux_only
14198	ὀλίγος	a-p---fa-		ὀλίγος		a-p---fa-	glaux_only
14199	ἡμέρα	n-p---fa-		ἡμέρα		n-p---fa-	glaux_only
14200	ἀνάστατος	a-p---mn-		ἀνάστατος		a-p---mn-	glaux_only
14201	γίγνομαι	v-papmmn-		γίγνομαι		v-papmmn-	glaux_only
14202	πολύς	a-s---ma-		πολύς		a-s---ma-	glaux_only
14203	χρόνος	n-s---ma-		χρόνος		n-s---ma-	glaux_only
14204	δεσπότης	n-p---mn-		δεσπότης		n-p---mn-	glaux_only
14205	ὁ	l-p---mg-		ὁ		l-p---mg-	glaux_only
14206	Ἕλλην	n-p---mg-		Ἕλλην		n-p---mg-	glaux_only
14207	καθίστημι	v3paia---		καθίστημι		v3paia---	glaux_only
14208	·	u--------		·		u--------	glaux_only
14209	ὁ	l-s---na-		ὁ		l-s---na-	glaux_only
14210	δέ	c--------		δέ		c--------	glaux_only
14211	τελευταῖος	a-s---na-		τελευταῖος		a-s---na-	glaux_only
14212	Περικλῆς	n-s---mn-		Περικλῆς		n-s---mn-	glaux_only
14213	καί	c--------		καί		c--------	glaux_only
14214	δημαγωγός	n-s---mn-		δημαγωγός		n-s---mn-	glaux_only
14215	εἰμί	v-sppamn-		εἰμί		v-sppamn-	glaux_only
14216	ἀγαθός	a-s---mn-		ἀγαθός		a-s---mn-	glaux_only
14217	καί	c--------		καί		c--------	glaux_only
14218	ῥήτωρ	n-s---mn-		ῥήτωρ		n-s---mn-	glaux_only
14219	ἀγαθός	a-s---mns		ἀγαθός		a-s---mns	glaux_only
14220	οὕτως	d--------		οὕτως		d--------	glaux_only
14221	κοσμέω	v3saia---		κοσμέω		v3saia---	glaux_only
14222	ὁ	l-s---fa-		ὁ		l-s---fa-	glaux_only
14223	πόλις	n-s---fa-		πόλις		n-s---fa-	glaux_only
14224	καί	c--------		καί		c--------	glaux_only
14225	ὁ	l-p---nd-		ὁ		l-p---nd-	glaux_only
14226	ἱερόν	n-p---nd-		ἱερόν		n-p---nd-	glaux_only
14227	καί	c--------		καί		c--------	glaux_only
14228	ὁ	l-p---nd-		ὁ		l-p---nd-	glaux_only
14229	ἀνάθημα	n-p---nd-		ἀνάθημα		n-p---nd-	glaux_only
14230	καί	c--------	καί	καί	c--------	c--------	
14231	ὁ	l-p---nd-	ὁ	ὁ	l-p---md-	l-p---nd-	
14232	ἄλλος	p-p---nd-		ἄλλος		p-p---nd-	glaux_only
14233	ἅπας	p-p---nd-		ἅπας		p-p---nd-	glaux_only
14234	,	u--------		,		u--------	glaux_only
14235	ὥστε	c--------		ὥστε		c--------	glaux_only
14236	ἔτι	d--------		ἔτι		d--------	glaux_only
14237	καί	c--------	καί	καί	c--------	c--------	
14238	νῦν	d--------		νῦν		d--------	glaux_only
14239	ὁ	l-p---ma-		ὁ		l-p---ma-	glaux_only
14240	εἰσαφικνέομαι	v-pppmma-		εἰσαφικνέομαι		v-pppmma-	glaux_only
14241	εἰς	r--------		εἰς		r--------	glaux_only
14242	αὐτός	p-s---fa-		αὐτός		p-s---fa-	glaux_only
14243	νομίζω	v--pna---		νομίζω		v--pna---	glaux_only
14244	μή	d--------		μή		d--------	glaux_only
14245	μόνος	d--------		μόνος		d--------	glaux_only
14246	ἄρχω	v--pna---		ἄρχω		v--pna---	glaux_only
14247	ἄξιος	a-s---fa-		ἄξιος		a-s---fa-	glaux_only
14248	εἰμί	v--pna---		εἰμί		v--pna---	glaux_only
14249	ὁ	l-p---mg-		ὁ		l-p---mg-	glaux_only
14250	Ἕλλην	n-p---mg-		Ἕλλην		n-p---mg-	glaux_only
14251	ἀλλά	c--------		ἀλλά		c--------	glaux_only
14252	καί	c--------		καί		c--------	glaux_only
14253	ὁ	l-p---mg-		ὁ		l-p---mg-	glaux_only
14254	ἄλλος	p-p---mg-		ἄλλος		p-p---mg-	glaux_only
14255	ἅπας	p-p---mg-		ἅπας		p-p---mg-	glaux_only
14256	,	u--------	,	,	u--------	u--------	
14257	καί	c--------		καί		c--------	glaux_only
14258	πρός	r--------		πρός		r--------	glaux_only
14259	οὗτος	p-p---nd-		οὗτος		p-p---nd-	glaux_only
14260	εἰς	r--------		εἰς		r--------	glaux_only
14261	ὁ	l-s---fa-		ὁ		l-s---fa-	glaux_only
14262	ἀκρόπολις	n-s---fa-		ἀκρόπολις		n-s---fa-	glaux_only
14263	οὐ	d--------		οὐ		d--------	glaux_only
14264	ἐλαχύς	a-p---nac		ἐλαχύς		a-p---nac	glaux_only
14265	μυρίος	a-p---ng-		μυρίος		a-p---ng-	glaux_only
14266	τάλαντον	n-p---ng-		τάλαντον		n-p---ng-	glaux_only
14267	ἀναφέρω	v3saia---		ἀναφέρω		v3saia---	glaux_only
14268	.	u--------		.		u--------	glaux_only
14269	καί	c--------	καί	καί	c--------	c--------	
14270	οὗτος	p-p---mg-		οὗτος		p-p---mg-	glaux_only
14271	ὁ	l-p---mg-	ὁ	ὁ	l-p---ng-	l-p---mg-	
14272	ἀνήρ	n-p---mg-		ἀνήρ		n-p---mg-	glaux_only
14273	ὁ	l-p---mg-	ὁ	ὁ	l-p---ng-	l-p---mg-	
14274	τηλικοῦτος	p-p---na-		τηλικοῦτος		p-p---na-	glaux_only
14275	διαπράσσω	v-papmmg-		διαπράσσω		v-papmmg-	glaux_only
14276	οὐδείς	p-s---mn-		οὐδείς		p-s---mn-	glaux_only
14277	λόγος	n-p---mg-		λόγος		n-p---mg-	glaux_only
14278	ἀμελέω	v3saia---		ἀμελέω		v3saia---	glaux_only
14279	,	u--------		,		u--------	glaux_only
14280	ἀλλά	c--------		ἀλλά		c--------	glaux_only
14281	τοσοῦτος	p-s---nd-		τοσοῦτος		p-s---nd-	glaux_only
14282	μάλα	d-------c		μάλα		d-------c	glaux_only
14283	ὁ	l-p---mg-		ὁ		l-p---mg-	glaux_only
14284	ἄλλος	p-p---mg-		ἄλλος		p-p---mg-	glaux_only
14285	προσέχω	v3paia---		προσέχω		v3paia---	glaux_only
14286	αὐτός	p-p---md-		αὐτός		p-p---md-	glaux_only
14287	ὁ	l-s---ma-		ὁ		l-s---ma-	glaux_only
14288	νόος	n-s---ma-		νόος		n-s---ma-	glaux_only
14289	,	u--------		,		u--------	glaux_only
14290	ὥστε	c--------		ὥστε		c--------	glaux_only
14291	Σόλων	n-s---mn-		Σόλων		n-s---mn-	glaux_only
14292	μέν	g--------		μέν		g--------	glaux_only
14293	ὁ	l-p---mg-	ὁ	ὁ	l-p---mg-	l-p---mg-	
14294	ἑπτά	m--------		ἑπτά		m--------	glaux_only
14295	σοφιστής	n-p---mg-		σοφιστής		n-p---mg-	glaux_only
14296	καλέω	v3saip---		καλέω		v3saip---	glaux_only
14297	καί	c--------		καί		c--------	glaux_only
14298	οὗτος	p-s---fa-		οὗτος		p-s---fa-	glaux_only
14299	ἔχω	v3saia---		ἔχω		v3saia---	glaux_only
14300	ὁ	l-s---fa-		ὁ		l-s---fa-	glaux_only
14301	ἐπωνυμία	n-s---fa-		ἐπωνυμία		n-s---fa-	glaux_only
14302	,	u--------		,		u--------	glaux_only
14303	ὁ	l-s---fa-		ὁ		l-s---fa-	glaux_only
14304	νῦν	d--------		νῦν		d--------	glaux_only
14305	ἀτιμάζω	v-sppmfa-		ἀτιμάζω		v-sppmfa-	glaux_only
14306	καί	c--------		καί		c--------	glaux_only
14307	κρίνω	v-sppmfa-		κρίνω		v-sppmfa-	glaux_only
14308	παρά	r--------		παρά		r--------	glaux_only
14309	σύ	p-p---cd-		σύ		p-p---cd-	glaux_only
14310	,	u--------		,		u--------	glaux_only
14311	Περικλῆς	n-s---mn-		Περικλῆς		n-s---mn-	glaux_only
14312	δέ	c--------		δέ		c--------	glaux_only
14313	δύο	m-d----g-		δύο		m-d----g-	glaux_only
14314	γίγνομαι	v3saim---		γίγνομαι		v3saim---	glaux_only
14315	μαθητής	n-s---mn-		μαθητής		n-s---mn-	glaux_only
14316	,	u--------		,		u--------	glaux_only
14317	Ἀναξαγόρας	n-s---mg-		Ἀναξαγόρας		n-s---mg-	glaux_only
14318	τε	c--------	τε	τε	c--------	c--------	
14319	ὁ	l-s---mg-		ὁ		l-s---mg-	glaux_only
14320	Κλαζομένιος	a-s---mg-		Κλαζομένιος		a-s---mg-	glaux_only
14321	καί	c--------		καί		c--------	glaux_only
14322	Δάμων	n-s---mg-		Δάμων		n-s---mg-	glaux_only
14323	,	u--------		,		u--------	glaux_only
14324	ὁ	l-s---mg-		ὁ		l-s---mg-	glaux_only
14325	κατά	r--------		κατά		r--------	glaux_only
14326	ἐκεῖνος	p-s---ma-		ἐκεῖνος		p-s---ma-	glaux_only
14327	ὁ	l-s---ma-		ὁ		l-s---ma-	glaux_only
14328	χρόνος	n-s---ma-		χρόνος		n-s---ma-	glaux_only
14329	φρόνιμος	a-s---mgs		φρόνιμος		a-s---mgs	glaux_only
14330	δοκέω	v-sapamg-		δοκέω		v-sapamg-	glaux_only
14331	εἰμί	v--pna---	εἰμί	εἰμί	v--pna---	v--pna---	
14332	ὁ	l-p---mg-		ὁ		l-p---mg-	glaux_only
14333	πολίτης	n-p---mg-		πολίτης		n-p---mg-	glaux_only
14334	.	u--------		.		u--------	glaux_only
14335	ὥστε	c--------		ὥστε		c--------	glaux_only
14336	ἐκ	r--------		ἐκ		r--------	glaux_only
14337	τίς	p-p---ng-		τίς		p-p---ng-	glaux_only
14338	ἄν	g--------		ἄν		g--------	glaux_only
14339	τις	p-s---cn-		τις		p-s---cn-	glaux_only
14340	σύ	p-p---cd-		σύ		p-p---cd-	glaux_only
14341	σαφής	a-s---nac		σαφής		a-s---nac	glaux_only
14342	ἐπιδείκνυμι	v3saoa---		ἐπιδείκνυμι		v3saoa---	glaux_only
14343	ὡς	c--------		ὡς		c--------	glaux_only
14344	οὐ	d--------		οὐ		d--------	glaux_only
14345	ὁ	l-p---fn-		ὁ		l-p---fn-	glaux_only
14346	δύναμις	n-p---fn-		δύναμις		n-p---fn-	glaux_only
14347	ὁ	l-p---fn-		ὁ		l-p---fn-	glaux_only
14348	ὁ	l-p---mg-		ὁ		l-p---mg-	glaux_only
14349	λόγος	n-p---mg-		λόγος		n-p---mg-	glaux_only
14350	κακοπράγμων	a-p---ma-		κακοπράγμων		a-p---ma-	glaux_only
14351	ὁ	l-p---ma-		ὁ		l-p---ma-	glaux_only
14352	ἄνθρωπος	n-p---ma-		ἄνθρωπος		n-p---ma-	glaux_only
14353	ποιέω	v3ppia---		ποιέω		v3ppia---	glaux_only
14354	;	u--------		;		u--------	glaux_only
14355	ἀλλά	c--------		ἀλλά		c--------	glaux_only
14356	ὁ	l-p---mn-		ὁ		l-p---mn-	glaux_only
14357	τοιοῦτος	p-s---fa-		τοιοῦτος		p-s---fa-	glaux_only
14358	φύσις	n-s---fa-		φύσις		n-s---fa-	glaux_only
14359	ἔχω	v-pppamn-		ἔχω		v-pppamn-	glaux_only
14360	,	u--------	,	,	u--------	u--------	
14361	οἷος	p-s---fa-		οἷος		p-s---fa-	glaux_only
14362	περ	d--------		περ		d--------	glaux_only
14363	ὁ	l-s---mn-		ὁ		l-s---mn-	glaux_only
14364	κατήγορος	a-s---mn-		κατήγορος		a-s---mn-	glaux_only
14365	,	u--------		,		u--------	glaux_only
14366	πονηρός	a-p---md-		πονηρός		a-p---md-	glaux_only
14367	οἴομαι	v1spim---		οἴομαι		v1spim---	glaux_only
14368	καί	c--------		καί		c--------	glaux_only
14369	ὁ	l-p---md-	ὁ	ὁ	l-p---nd-	l-p---md-	
14370	λόγος	n-p---md-		λόγος		n-p---md-	glaux_only
14371	καί	c--------		καί		c--------	glaux_only
14372	ὁ	l-p---nd-		ὁ		l-p---nd-	glaux_only
14373	πρᾶγμα	n-p---nd-		πρᾶγμα		n-p---nd-	glaux_only
14374	χράω	v-pppmmn-		χράω		v-pppmmn-	glaux_only
14375	διατελέω	v3ppia---		διατελέω		v3ppia---	glaux_only
14376	.	u--------		.		u--------	glaux_only
14377	ἔχω	v1spia---		ἔχω		v1spia---	glaux_only
14378	δέ	c--------		δέ		c--------	glaux_only
14379	δείκνυμι	v--ana---		δείκνυμι		v--ana---	glaux_only
14380	καί	c--------		καί		c--------	glaux_only
14381	τόπος	n-p---ma-		τόπος		n-p---ma-	glaux_only
14382	ἐν	r--------		ἐν		r--------	glaux_only
14383	ὅς	p-p---md-		ὅς		p-p---md-	glaux_only
14384	ἔξεστι	v3spia---		ἔξεστι		v3spia---	glaux_only
14385	ὁράω	v--ana---		ὁράω		v--ana---	glaux_only
14386	ὁ	l-p---md-		ὁ		l-p---md-	glaux_only
14387	βούλομαι	v-pppmmd-		βούλομαι		v-pppmmd-	glaux_only
14388	ὁ	l-p---ma-	ὁ	ὁ	l-p---ma-	l-p---ma-	
14389	πολυπράγμων	a-p---ma-		πολυπράγμων		a-p---ma-	glaux_only
14390	καί	c--------		καί		c--------	glaux_only
14391	ὁ	l-p---ma-	ὁ	ὁ	l-p---ma-	l-p---ma-	
14392	ὁ	l-p---fd-		ὁ		l-p---fd-	glaux_only
14393	αἰτία	n-p---fd-		αἰτία		n-p---fd-	glaux_only
14394	ἔνοχος	a-p---ma-		ἔνοχος		a-p---ma-	glaux_only
14395	εἰμί	v-pppama-		εἰμί		v-pppama-	glaux_only
14396	ὅς	p-p---fa-		ὅς		p-p---fa-	glaux_only
14397	οὗτος	p-p---mn-		οὗτος		p-p---mn-	glaux_only
14398	ὁ	l-p---md-		ὁ		l-p---md-	glaux_only
14399	σοφιστής	n-p---md-		σοφιστής		n-p---md-	glaux_only
14400	ἐπιφέρω	v3ppia---		ἐπιφέρω		v3ppia---	glaux_only
14401	.	u--------		.		u--------	glaux_only
14402	ἐν	r--------		ἐν		r--------	glaux_only
14403	γάρ	g--------		γάρ		g--------	glaux_only
14404	ὁ	l-p---fd-		ὁ		l-p---fd-	glaux_only
14405	σανίς	n-p---fd-		σανίς		n-p---fd-	glaux_only
14406	ὁ	l-p---fd-		ὁ		l-p---fd-	glaux_only
14407	ὑπό	r--------		ὑπό		r--------	glaux_only
14408	ὁ	l-p---mg-		ὁ		l-p---mg-	glaux_only
14409	ἄρχων	n-p---mg-		ἄρχων		n-p---mg-	glaux_only
14410	ἐκτίθημι	v-pppmfd-		ἐκτίθημι		v-pppmfd-	glaux_only
14411	ἀναγκαῖος	a-s---nn-		ἀναγκαῖος		a-s---nn-	glaux_only
14412	εἰμί	v3spia---		εἰμί		v3spia---	glaux_only
14413	,	u--------		,		u--------	glaux_only
14414	ἐν	r--------		ἐν		r--------	glaux_only
14415	μέν	g--------		μέν		g--------	glaux_only
14416	ὁ	l-p---fd-		ὁ		l-p---fd-	glaux_only
14417	ὑπό	r--------		ὑπό		r--------	glaux_only
14418	ὁ	l-p---mg-		ὁ		l-p---mg-	glaux_only
14419	θεσμοθέτης	n-p---mg-		θεσμοθέτης		n-p---mg-	glaux_only
14420	ἀμφότερος	a-p---ma-		ἀμφότερος		a-p---ma-	glaux_only
14421	ἔνειμι	v--ana---		ἔνειμι		v--ana---	glaux_only
14422	,	u--------		,		u--------	glaux_only
14423	ὁ	l-p---ma-		ὁ		l-p---ma-	glaux_only
14424	τε	c--------		τε		c--------	glaux_only
14425	ὁ	l-s---fa-		ὁ		l-s---fa-	glaux_only
14426	πόλις	n-s---fa-		πόλις		n-s---fa-	glaux_only
14427	ἀδικέω	v-pppama-		ἀδικέω		v-pppama-	glaux_only
14428	καί	c--------	καί	καί	d--------	c--------	
14429	ὁ	l-p---ma-		ὁ		l-p---ma-	glaux_only
14430	συκοφαντέω	v-pppama-		συκοφαντέω		v-pppama-	glaux_only
14431	,	u--------		,		u--------	glaux_only
14432	ἐν	r--------	ἐν	ἐν	r--------	r--------	
14433	δέ	c--------		δέ		c--------	glaux_only
14434	ὁ	l-p---fd-		ὁ		l-p---fd-	glaux_only
14435	ὁ	l-p---mg-		ὁ		l-p---mg-	glaux_only
14436	ἕνδεκα	m--------		ἕνδεκα		m--------	glaux_only
14437	ὁ	l-p---ma-		ὁ		l-p---ma-	glaux_only
14438	τε	c--------		τε		c--------	glaux_only
14439	κακουργέω	v-pppama-		κακουργέω		v-pppama-	glaux_only
14440	καί	c--------	καί	καί	c--------	c--------	
14441	ὁ	l-p---ma-		ὁ		l-p---ma-	glaux_only
14442	οὗτος	p-p---md-		οὗτος		p-p---md-	glaux_only
14443	ἐφίστημι	v-prpama-		ἐφίστημι		v-prpama-	glaux_only
14444	,	u--------		,		u--------	glaux_only
14445	ἐν	r--------		ἐν		r--------	glaux_only
14446	δέ	c--------		δέ		c--------	glaux_only
14447	ὁ	l-p---fd-		ὁ		l-p---fd-	glaux_only
14448	ὁ	l-p---mg-		ὁ		l-p---mg-	glaux_only
14449	τεσσαράκοντα	m--------		τεσσαράκοντα		m--------	glaux_only
14450	ὁ	l-p---ma-		ὁ		l-p---ma-	glaux_only
14451	τε	c--------		τε		c--------	glaux_only
14452	ἐν	r--------	ἐν	ἐν	r--------	r--------	
14453	ὁ	l-p---nd-		ὁ		l-p---nd-	glaux_only
14454	ἴδιος	a-p---nd-		ἴδιος		a-p---nd-	glaux_only
14455	πρᾶγμα	n-p---nd-		πρᾶγμα		n-p---nd-	glaux_only
14456	ἀδικέω	v-pppama-		ἀδικέω		v-pppama-	glaux_only
14457	καί	c--------		καί		c--------	glaux_only
14458	ὁ	l-p---ma-		ὁ		l-p---ma-	glaux_only
14459	μή	d--------	μή	μή	d--------	d--------	
14460	δίκαιος	d--------		δίκαιος		d--------	glaux_only
14461	ἐγκαλέω	v-pppama-		ἐγκαλέω		v-pppama-	glaux_only
14462	·	u--------		·		u--------	glaux_only
14463	ἐν	r--------		ἐν		r--------	glaux_only
14464	ὅς	p-p---fd-		ὅς		p-p---fd-	glaux_only
14465	οὗτος	p-s---ma-		οὗτος		p-s---ma-	glaux_only
14466	μέν	g--------		μέν		g--------	glaux_only
14467	καί	c--------	καί	καί	c--------	c--------	
14468	ὁ	l-p---ma-		ὁ		l-p---ma-	glaux_only
14469	οὗτος	p-s---mg-		οὗτος		p-s---mg-	glaux_only
14470	φίλος	a-p---ma-		φίλος		a-p---ma-	glaux_only
14471	εὑρίσκω	v2paoa---		εὑρίσκω		v2paoa---	glaux_only
14472	ἄν	g--------		ἄν		g--------	glaux_only
14473	ἐν	r--------	ἐν	ἐν	r--------	r--------	
14474	πολύς	a-p---fd-		πολύς		a-p---fd-	glaux_only
14475	ἐγγράφω	v-prpmma-		ἐγγράφω		v-prpmma-	glaux_only
14476	,	u--------		,		u--------	glaux_only
14477	ἐγώ	p-s---ca-		ἐγώ		p-s---ca-	glaux_only
14478	δέ	c--------	δέ	δέ	d--------	c--------	
14479	καί	c--------	καί	καί	d--------	c--------	
14480	ὁ	l-p---ma-		ὁ		l-p---ma-	glaux_only
14481	περί	r--------	περί	περί	r--------	r--------	
14482	ὁ	l-s---fa-	ὁ	ὁ	l-s---fa-	l-s---fa-	
14483	αὐτός	p-s---fa-		αὐτός		p-s---fa-	glaux_only
14484	ἐγώ	p-s---cd-		ἐγώ		p-s---cd-	glaux_only
14485	διατριβή	n-s---fa-		διατριβή		n-s---fa-	glaux_only
14486	εἰμί	v-pppama-		εἰμί		v-pppama-	glaux_only
14487							unmatched
14488	ἐν	r--------		ἐν		r--------	glaux_only
14489	εἷς	m-s---fd-		εἷς		m-s---fd-	glaux_only
14490	οὗτος	p-p---fg-		οὗτος		p-p---fg-	glaux_only
14491	ἔνειμι	v-pppama-		ἔνειμι		v-pppama-	glaux_only
14492	,	u--------		,		u--------	glaux_only
14493	ἀλλά	c--------		ἀλλά		c--------	glaux_only
14494	οὕτως	d--------		οὕτως		d--------	glaux_only
14495	ὁ	l-p---na-		ὁ		l-p---na-	glaux_only
14496	περί	r--------	περί	περί	r--------	r--------	
14497	ἐγώ	p-p---ca-		ἐγώ		p-p---ca-	glaux_only
14498	αὐτός	p-p---ma-		αὐτός		p-p---ma-	glaux_only
14499	διοικέω	v-pppama-		διοικέω		v-pppama-	glaux_only
14500	ὥστε	c--------		ὥστε		c--------	glaux_only
14501	μηδείς	p-s---na-		μηδείς		p-s---na-	glaux_only
14502	δέω	v--pnm---		δέω		v--pnm---	glaux_only
14503	ὁ	l-p---mg-		ὁ		l-p---mg-	glaux_only
14504	ἀγών	n-p---mg-		ἀγών		n-p---mg-	glaux_only
14505	ὁ	l-p---mg-	ὁ	ὁ	l-p---ng-	l-p---mg-	
14506	παρά	r--------		παρά		r--------	glaux_only
14507	σύ	p-p---cd-		σύ		p-p---cd-	glaux_only
14508	.	u--------		.		u--------	glaux_only
14509	καί	c--------		καί		c--------	glaux_only
14510	τοι	g--------		τοι		g--------	glaux_only
14511	ὁ	l-p---ma-		ὁ		l-p---ma-	glaux_only
14512							unmatched
14513	ἐν	r--------		ἐν		r--------	glaux_only
14514	ὁ	l-p---fd-		ὁ		l-p---fd-	glaux_only
14515	πραγματεία	n-p---fd-		πραγματεία		n-p---fd-	glaux_only
14516	οὗτος	p-p---fd-		οὗτος		p-p---fd-	glaux_only
14517	εἰμί	v-pppama-		εἰμί		v-pppama-	glaux_only
14518							unmatched
14519	ἀκόλαστος	d--------		ἀκόλαστος		d--------	glaux_only
14520	ζάω	v-pppama-		ζάω		v-pppama-	glaux_only
14521	μή	d--------		μή		d--------	glaux_only
14522							unmatched
14523							unmatched
14524							unmatched
14525							unmatched
14526							unmatched
14527							unmatched
14528							unmatched
14529							unmatched
14530							unmatched
14531							unmatched
14532							unmatched
14533							unmatched
14534							unmatched
14535							unmatched
14536							unmatched
14537							unmatched
14538							unmatched
14539							unmatched
14540							unmatched
14541							unmatched
14542							unmatched
14543							unmatched
14544							unmatched
14545							unmatched
14546							unmatched
14547							unmatched
14548							unmatched
14549							unmatched
14550							unmatched
14551	ἔτι	d--------		ἔτι		d--------	glaux_only
14552	τοίνυν	g--------		τοίνυν		g--------	glaux_only
14553	γιγνώσκω	v2pfim---		γιγνώσκω		v2pfim---	glaux_only
14554	σαφής	a-s---nac		σαφής		a-s---nac	glaux_only
14555	ἐκ	r--------		ἐκ		r--------	glaux_only
14556	ὁ	l-p---ng-		ὁ		l-p---ng-	glaux_only
14557	λέγω	v--fnp---		λέγω		v--fnp---	glaux_only
14558	μέλλω	v-pppang-		μέλλω		v-pppang-	glaux_only
14559	ὡς	c--------		ὡς		c--------	glaux_only
14560	πρόσω	d--------		πρόσω		d--------	glaux_only
14561	ὁ	l-s---ng-		ὁ		l-s---ng-	glaux_only
14562	διαφθείρω	v--pna---		διαφθείρω		v--pna---	glaux_only
14563	ὁ	l-p---ma-		ὁ		l-p---ma-	glaux_only
14564	νέος	a-p---mac		νέος		a-p---mac	glaux_only
14565	εἰμί	v1ppia---		εἰμί		v1ppia---	glaux_only
14566	.	u--------		.		u--------	glaux_only
14567	εἰ	c--------		εἰ		c--------	glaux_only
14568	γάρ	g--------		γάρ		g--------	glaux_only
14569	τις	p-s---na-		τις		p-s---na-	glaux_only
14570	τοιοῦτος	p-s---na-		τοιοῦτος		p-s---na-	glaux_only
14571	ποιέω	v1piia---		ποιέω		v1piia---	glaux_only
14572	,	u--------	,	,	u--------	u--------	
14573	οὐ	d--------		οὐ		d--------	glaux_only
14574	ἄν	g--------		ἄν		g--------	glaux_only
14575	Λυσίμαχος	n-s---mn-		Λυσίμαχος		n-s---mn-	glaux_only
14576	εἰμί	v3siia---		εἰμί		v3siia---	glaux_only
14577	ὁ	l-s---mn-		ὁ		l-s---mn-	glaux_only
14578	λυπέω	v-sppmmn-		λυπέω		v-sppmmn-	glaux_only
14579	ὑπέρ	r--------		ὑπέρ		r--------	glaux_only
14580	αὐτός	p-p---mg-		αὐτός		p-p---mg-	glaux_only
14581							unmatched
14582	ἄλλος	p-s---mn-		ἄλλος		p-s---mn-	glaux_only
14583	οὐδείς	p-s---mn-		οὐδείς		p-s---mn-	glaux_only
14584	ὁ	l-p---mg-		ὁ		l-p---mg-	glaux_only
14585	τοιοῦτος	p-p---mg-		τοιοῦτος		p-p---mg-	glaux_only
14586	,	u--------		,		u--------	glaux_only
14587	ἀλλά	c--------		ἀλλά		c--------	glaux_only
14588	ὁ	l-p---ma-		ὁ		l-p---ma-	glaux_only
14589	πατήρ	n-p---ma-		πατήρ		n-p---ma-	glaux_only
14590	ἄν	g--------		ἄν		g--------	glaux_only
14591	ὁράω	v2piia---		ὁράω		v2piia---	glaux_only
14592	ὁ	l-p---mg-	ὁ	ὁ	l-p---ng-	l-p---mg-	
14593	σύνειμι	v-pppamg-		σύνειμι		v-pppamg-	glaux_only
14594	ἐγώ	p-p---cd-		ἐγώ		p-p---cd-	glaux_only
14595	καί	c--------		καί		c--------	glaux_only
14596	ὁ	l-p---ma-	ὁ	ὁ	l-p---ma-	l-p---ma-	
14597	οἰκεῖος	a-p---ma-		οἰκεῖος		a-p---ma-	glaux_only
14598	ἀγανακτέω	v-pppama-		ἀγανακτέω		v-pppama-	glaux_only
14599	καί	c--------	καί	καί	c--------	c--------	
14600	γράφω	v-pppmma-		γράφω		v-pppmma-	glaux_only
14601	καί	c--------	καί	καί	c--------	c--------	
14602	δίκη	n-s---fa-		δίκη		n-s---fa-	glaux_only
14603	ζητέω	v-pppama-		ζητέω		v-pppama-	glaux_only
14604	παρά	r--------		παρά		r--------	glaux_only
14605	ἐγώ	p-p---cg-		ἐγώ		p-p---cg-	glaux_only
14606	λαμβάνω	v--pna---		λαμβάνω		v--pna---	glaux_only
14607	.	u--------		.		u--------	glaux_only
14608	νῦν	d--------		νῦν		d--------	glaux_only
14609	δέ	c--------		δέ		c--------	glaux_only
14610	ἐκεῖνος	p-p---mn-		ἐκεῖνος		p-p---mn-	glaux_only
14611	μέν	g--------	μέν	μέν	d--------	g--------	
14612	συνίστημι	v3ppia---		συνίστημι		v3ppia---	glaux_only
14613	ὁ	l-p---ma-		ὁ		l-p---ma-	glaux_only
14614	παῖς	n-p---ca-		παῖς		n-p---ca-	glaux_only
14615	ὁ	l-p---ma-		ὁ		l-p---ma-	glaux_only
14616	ἑαυτοῦ	p-p---mg-		ἑαυτοῦ		p-p---mg-	glaux_only
14617	,	u--------		,		u--------	glaux_only
14618	καί	c--------	καί	καί	c--------	c--------	
14619	χρῆμα	n-p---na-		χρῆμα		n-p---na-	glaux_only
14620	δίδωμι	v3ppia---		δίδωμι		v3ppia---	glaux_only
14621	,	u--------		,		u--------	glaux_only
14622	καί	c--------	καί	καί	c--------	c--------	
14623	χαίρω	v3ppia---		χαίρω		v3ppia---	glaux_only
14624	ὁπόταν	c--------		ὁπόταν		c--------	glaux_only
14625	ὁράω	v3ppsa---		ὁράω		v3ppsa---	glaux_only
14626	αὐτός	p-p---ma-		αὐτός		p-p---ma-	glaux_only
14627	μετά	r--------		μετά		r--------	glaux_only
14628	ἐγώ	p-p---cg-		ἐγώ		p-p---cg-	glaux_only
14629	ἡμερεύω	v-pppama-		ἡμερεύω		v-pppama-	glaux_only
14630	,	u--------		,		u--------	glaux_only
14631	ὁ	l-p---mn-		ὁ		l-p---mn-	glaux_only
14632	δέ	c--------		δέ		c--------	glaux_only
14633	συκοφάντης	n-p---mn-		συκοφάντης		n-p---mn-	glaux_only
14634	διαβάλλω	v3ppia---		διαβάλλω		v3ppia---	glaux_only
14635	καί	c--------		καί		c--------	glaux_only
14636	πρᾶγμα	n-p---na-		πρᾶγμα		n-p---na-	glaux_only
14637	παρέχω	v3ppia---		παρέχω		v3ppia---	glaux_only
14638	ἐγώ	p-p---cd-		ἐγώ		p-p---cd-	glaux_only
14639	,	u--------		,		u--------	glaux_only
14640	ὅς	p-p---mg-		ὅς		p-p---mg-	glaux_only
14641	τίς	p-p---cn-		τίς		p-p---cn-	glaux_only
14642	ἄν	g--------		ἄν		g--------	glaux_only
14643	ἡδύς	a-s---nac		ἡδύς		a-s---nac	glaux_only
14644	ὁράω	v3paoa---		ὁράω		v3paoa---	glaux_only
14645	πολύς	a-p---ma-		πολύς		a-p---ma-	glaux_only
14646	ὁ	l-p---mg-	ὁ	ὁ	l-p---ng-	l-p---mg-	
14647	πολίτης	n-p---mg-		πολίτης		n-p---mg-	glaux_only
14648	διαφθείρω	v-pppmma-		διαφθείρω		v-pppmma-	glaux_only
14649	καί	c--------		καί		c--------	glaux_only
14650	πονηρός	a-p---ma-		πονηρός		a-p---ma-	glaux_only
14651	γίγνομαι	v-pppmma-		γίγνομαι		v-pppmma-	glaux_only
14652	;	u--------		;		u--------	glaux_only
14653	οἶδα	v3pria---		οἶδα		v3pria---	glaux_only
14654	γάρ	g--------		γάρ		g--------	glaux_only
14655	σφεῖς	p-p---ca-		σφεῖς		p-p---ca-	glaux_only
14656	αὐτός	p-p---ma-		αὐτός		p-p---ma-	glaux_only
14657	ἐν	r--------		ἐν		r--------	glaux_only
14658	μέν	g--------		μέν		g--------	glaux_only
14659	ὁ	l-p---nd-		ὁ		l-p---nd-	glaux_only
14660	τοιοῦτος	p-p---nd-		τοιοῦτος		p-p---nd-	glaux_only
14661	δυναστεύω	v-pppama-		δυναστεύω		v-pppama-	glaux_only
14662	,	u--------		,		u--------	glaux_only
14663	ὑπό	r--------		ὑπό		r--------	glaux_only
14664	δέ	c--------	δέ	δέ	d--------	c--------	
14665	ὁ	l-p---mg-		ὁ		l-p---mg-	glaux_only
14666	καλός	a-p---mg-		καλός		a-p---mg-	glaux_only
14667							unmatched
14668							unmatched
14669	καί	c--------		καί		c--------	glaux_only
14670	νόος	n-s---ma-		νόος		n-s---ma-	glaux_only
14671	ἔχω	v-pppamg-		ἔχω		v-pppamg-	glaux_only
14672	ἀπόλλυμι	v-pppmma-		ἀπόλλυμι		v-pppmma-	glaux_only
14673	,	u--------		,		u--------	glaux_only
14674	ὁπόταν	c--------		ὁπόταν		c--------	glaux_only
14675	λαμβάνω	v3pasp---		λαμβάνω		v3pasp---	glaux_only
14676	.	u--------		.		u--------	glaux_only
14677	ὥστε	c--------		ὥστε		c--------	glaux_only
14678	οὗτος	p-p---mn-		οὗτος		p-p---mn-	glaux_only
14679	μέν	g--------		μέν		g--------	glaux_only
14680	σωφρονέω	v3ppia---		σωφρονέω		v3ppia---	glaux_only
14681	ἀναιρέω	v--pna---		ἀναιρέω		v--pna---	glaux_only
14682	ζητέω	v-pppamn-		ζητέω		v-pppamn-	glaux_only
14683	ἅπας	p-p---fa-		ἅπας		p-p---fa-	glaux_only
14684	ὁ	l-p---fa-		ὁ		l-p---fa-	glaux_only
14685	τοιοῦτος	p-p---fa-		τοιοῦτος		p-p---fa-	glaux_only
14686	διατριβή	n-p---fa-		διατριβή		n-p---fa-	glaux_only
14687	,	u--------		,		u--------	glaux_only
14688	ἐν	r--------		ἐν		r--------	glaux_only
14689	ὅς	p-p---fd-		ὅς		p-p---fd-	glaux_only
14690	ἡγέομαι	v3ppim---		ἡγέομαι		v3ppim---	glaux_only
14691	ἀγαθός	a-p---mac		ἀγαθός		a-p---mac	glaux_only
14692	γίγνομαι	v-papmma-		γίγνομαι		v-papmma-	glaux_only
14693	χαλεπός	a-p---mac		χαλεπός		a-p---mac	glaux_only
14694	εἰμί	v--fnm---		εἰμί		v--fnm---	glaux_only
14695	ὁ	l-p---fd-		ὁ		l-p---fd-	glaux_only
14696	ἑαυτοῦ	p-p---mg-		ἑαυτοῦ		p-p---mg-	glaux_only
14697	πονηρία	n-p---fd-		πονηρία		n-p---fd-	glaux_only
14698	καί	c--------		καί		c--------	glaux_only
14699	συκοφαντία	n-p---fd-		συκοφαντία		n-p---fd-	glaux_only
14700	,	u--------		,		u--------	glaux_only
14701	σύ	p-p---ca-		σύ		p-p---ca-	glaux_only
14702	δέ	c--------		δέ		c--------	glaux_only
14703	προσήκω	v3spia---		προσήκω		v3spia---	glaux_only
14704							unmatched
14705							unmatched
14706	οὗτος	p-p---md-		οὗτος		p-p---md-	glaux_only
14707	πράσσω	v--pna---		πράσσω		v--pna---	glaux_only
14708	,	u--------		,		u--------	glaux_only
14709	καί	c--------		καί		c--------	glaux_only
14710	οὗτος	p-p---na-		οὗτος		p-p---na-	glaux_only
14711	νομίζω	v--pna---		νομίζω		v--pna---	glaux_only
14712	εἰμί	v--pna---		εἰμί		v--pna---	glaux_only
14713	καλός	a-p---nas		καλός		a-p---nas	glaux_only
14714	ὁ	l-p---ng-		ὁ		l-p---ng-	glaux_only
14715	ἐπιτήδευμα	n-p---ng-		ἐπιτήδευμα		n-p---ng-	glaux_only
14716	ὅς	p-p---nd-		ὅς		p-p---nd-	glaux_only
14717	ἄν	g--------		ἄν		g--------	glaux_only
14718	οὗτος	p-p---ma-		οὗτος		p-p---ma-	glaux_only
14719	ὁράω	v2ppia---		ὁράω		v2ppia---	glaux_only
14720	μάλα	d-------s		μάλα		d-------s	glaux_only
14721	πολεμέω	v-pppama-		πολεμέω		v-pppama-	glaux_only
14722	.	u--------		.		u--------	glaux_only
14723	ἄτοπος	a-s---na-		ἄτοπος		a-s---na-	glaux_only
14724	δέ	c--------		δέ		c--------	glaux_only
14725	τις	p-s---na-		τις		p-s---na-	glaux_only
14726	τυγχάνω	v1spia---		τυγχάνω		v1spia---	glaux_only
14727	πάσχω	v-srpamn-		πάσχω		v-srpamn-	glaux_only
14728	·	u--------		·		u--------	glaux_only
14729	λέγω	v3sfim---		λέγω		v3sfim---	glaux_only
14730	γάρ	g--------		γάρ		g--------	glaux_only
14731	,	u--------		,		u--------	glaux_only
14732	εἰ	c--------		εἰ		c--------	glaux_only
14733	καί	c--------		καί		c--------	glaux_only
14734	τις	p-p---cn-		τις		p-p---cn-	glaux_only
14735	λίαν	d--------		λίαν		d--------	glaux_only
14736	εὐμετάβολος	a-s---ma-		εὐμετάβολος		a-s---ma-	glaux_only
14737	εἰμί	v--pna---		εἰμί		v--pna---	glaux_only
14738	ἐγώ	p-s---ca-		ἐγώ		p-s---ca-	glaux_only
14739	φημί	v3pfia---		φημί		v3pfia---	glaux_only
14740	.	u--------		.		u--------	glaux_only
14741	ὀλίγος	a-s---nd-		ὀλίγος		a-s---nd-	glaux_only
14742	μέν	g--------	μέν	μέν	d--------	g--------	
14743	γάρ	g--------	γάρ	γάρ	d--------	g--------	
14744	πρότερος	d-------c		πρότερος		d-------c	glaux_only
14745	λέγω	v3piia---		λέγω		v3piia---	glaux_only
14746	ὡς	c--------		ὡς		c--------	glaux_only
14747	πολύς	a-p---mn-		πολύς		a-p---mn-	glaux_only
14748	ὁ	l-p---mg-	ὁ	ὁ	l-p---mg-	l-p---mg-	
14749	καλός	a-p---mg-		καλός		a-p---mg-	glaux_only
14750							unmatched
14751							unmatched
14752	ἀνήρ	n-p---mg-		ἀνήρ		n-p---mg-	glaux_only
14753	διαψεύδω	v-prpmmn-		διαψεύδω		v-prpmmn-	glaux_only
14754	ὁ	l-s---fg-		ὁ		l-s---fg-	glaux_only
14755	φιλοσοφία	n-s---fg-		φιλοσοφία		n-s---fg-	glaux_only
14756	τραχύς	a-s---na-		τραχύς		a-s---na-	glaux_only
14757	πρός	r--------		πρός		r--------	glaux_only
14758	αὐτός	p-s---fa-		αὐτός		p-s---fa-	glaux_only
14759	ἔχω	v3ppia---		ἔχω		v3ppia---	glaux_only
14760	·	u--------		·		u--------	glaux_only
14761	νῦν	d--------		νῦν		d--------	glaux_only
14762	δέ	c--------		δέ		c--------	glaux_only
14763	οὕτως	d--------		οὕτως		d--------	glaux_only
14764	ἐναργής	a-p---ma-		ἐναργής		a-p---ma-	glaux_only
14765	ὑπολαμβάνω	v1sria---		ὑπολαμβάνω		v1sria---	glaux_only
14766	ὁ	l-p---ma-		ὁ		l-p---ma-	glaux_only
14767	λόγος	n-p---ma-		λόγος		n-p---ma-	glaux_only
14768	εἰμί	v--pna---		εἰμί		v--pna---	glaux_only
14769	ὁ	l-p---ma-		ὁ		l-p---ma-	glaux_only
14770	λέγω	v-prpmma-		λέγω		v-prpmma-	glaux_only
14771	καί	c--------		καί		c--------	glaux_only
14772	πᾶς	p-p---md-		πᾶς		p-p---md-	glaux_only
14773	φανερός	a-p---ma-		φανερός		a-p---ma-	glaux_only
14774	,	u--------		,		u--------	glaux_only
14775	ὥστε	c--------		ὥστε		c--------	glaux_only
14776	οὐδείς	p-s---mn-		οὐδείς		p-s---mn-	glaux_only
14777	ἀγνοέω	v--pna---		ἀγνοέω		v--pna---	glaux_only
14778	ἐγώ	p-s---cd-		ἐγώ		p-s---cd-	glaux_only
14779	δοκέω	v3spia---		δοκέω		v3spia---	glaux_only
14780	ὁ	l-s---fa-		ὁ		l-s---fa-	glaux_only
14781	δύναμις	n-s---fa-		δύναμις		n-s---fa-	glaux_only
14782	αὐτός	p-s---fg-		αὐτός		p-s---fg-	glaux_only
14783	,	u--------		,		u--------	glaux_only
14784	οὐ	d--------		οὐ		d--------	glaux_only
14785							unmatched
14786							unmatched
14787							unmatched
14788							unmatched
14789							unmatched
14790							unmatched
14791							unmatched
14792							unmatched
14793							unmatched
14794							unmatched
14795							unmatched
14796							unmatched
14797							unmatched
14798							unmatched
14799							unmatched
14800							unmatched
14801							unmatched
14802							unmatched
14803							unmatched
14804	ἀλλά	c--------		ἀλλά		c--------	glaux_only
14805	εἰ	c--------		εἰ		c--------	glaux_only
14806	δέω	v3spia---		δέω		v3spia---	glaux_only
14807							unmatched
14808							unmatched
14809	λέγω	v--ana---	εἶπον	λέγω	v--ana---	v--ana---	DISAGREE
14810	καί	c--------	καί	καί	d--------	c--------	
14811	ὁ	l-s---na-		ὁ		l-s---na-	glaux_only
14812	νῦν	d--------		νῦν		d--------	glaux_only
14813	ἐν	r--------		ἐν		r--------	glaux_only
14814	ὁ	l-s---fd-		ὁ		l-s---fd-	glaux_only
14815	διάνοια	n-s---fd-		διάνοια		n-s---fd-	glaux_only
14816	ἐγώ	p-s---cd-		ἐγώ		p-s---cd-	glaux_only
14817	παρίστημι	v-srpana-		παρίστημι		v-srpana-	glaux_only
14818	,	u--------		,		u--------	glaux_only
14819	ἡγέομαι	v1spim---		ἡγέομαι		v1spim---	glaux_only
14820	πᾶς	p-p---ma-		πᾶς		p-p---ma-	glaux_only
14821	ὁ	l-p---ma-		ὁ		l-p---ma-	glaux_only
14822	φιλότιμος	d--------		φιλότιμος		d--------	glaux_only
14823	ἐγώ	p-s---cd-		ἐγώ		p-s---cd-	glaux_only
14824	διάκειμαι	v-prpmma-		διάκειμαι		v-prpmma-	glaux_only
14825	ἐπιθυμητικός	d--------		ἐπιθυμητικός		d--------	glaux_only
14826	ἔχω	v-pppama-		ἔχω		v-pppama-	glaux_only
14827	ὁ	l-s---ng-		ὁ		l-s---ng-	glaux_only
14828	φρονέω	v--pna---		φρονέω		v--pna---	glaux_only
14829	εὖ	d--------		εὖ		d--------	glaux_only
14830	καί	c--------		καί		c--------	glaux_only
14831	λέγω	v--pna---		λέγω		v--pna---	glaux_only
14832	αὐτός	p-p---ma-		αὐτός		p-p---ma-	glaux_only
14833	μέν	g--------		μέν		g--------	glaux_only
14834	ἀμελέω	v--pna---		ἀμελέω		v--pna---	glaux_only
14835	οὗτος	p-p---ng-		οὗτος		p-p---ng-	glaux_only
14836	,	u--------		,		u--------	glaux_only
14837	ὁ	l-p---ma-		ὁ		l-p---ma-	glaux_only
14838	μέν	g--------		μέν		g--------	glaux_only
14839	διά	r--------		διά		r--------	glaux_only
14840	ῥαθυμία	n-s---fa-		ῥαθυμία		n-s---fa-	glaux_only
14841	,	u--------		,		u--------	glaux_only
14842	ὁ	l-p---ma-		ὁ		l-p---ma-	glaux_only
14843	δέ	c--------		δέ		c--------	glaux_only
14844	καταμέμφομαι	v-pppmma-		καταμέμφομαι		v-pppmma-	glaux_only
14845	ὁ	l-s---fa-		ὁ		l-s---fa-	glaux_only
14846	φύσις	n-s---fa-		φύσις		n-s---fa-	glaux_only
14847	ὁ	l-s---fa-		ὁ		l-s---fa-	glaux_only
14848	ἑαυτοῦ	p-p---mg-		ἑαυτοῦ		p-p---mg-	glaux_only
14849	,	u--------		,		u--------	glaux_only
14850	ὁ	l-p---ma-	ὁ	ὁ	l-p---ma-	l-p---ma-	
14851	δέ	c--------		δέ		c--------	glaux_only
14852	διά	r--------		διά		r--------	glaux_only
14853	ἄλλος	p-p---fa-		ἄλλος		p-p---fa-	glaux_only
14854	τις	p-p---ca-		τις		p-p---ca-	glaux_only
14855	πρόφασις	n-p---fa-		πρόφασις		n-p---fa-	glaux_only
14856	(	u--------		(		u--------	glaux_only
14857	παμπληθής	a-p---mn-		παμπληθής		a-p---mn-	glaux_only
14858	δέ	c--------		δέ		c--------	glaux_only
14859	εἰμί	v3ppia---		εἰμί		v3ppia---	glaux_only
14860	)	u--------		)		u--------	glaux_only
14861	,	u--------		,		u--------	glaux_only
14862	πρός	r--------		πρός		r--------	glaux_only
14863	δέ	c--------		δέ		c--------	glaux_only
14864	ὁ	l-p---ma-		ὁ		l-p---ma-	glaux_only
14865	πολύς	a-s---fa-		πολύς		a-s---fa-	glaux_only
14866	ἐπιμέλεια	n-s---fa-		ἐπιμέλεια		n-s---fa-	glaux_only
14867	ποιέω	v-pppmma-		ποιέω		v-pppmma-	glaux_only
14868	καί	c--------		καί		c--------	glaux_only
14869	τυγχάνω	v--ana---		τυγχάνω		v--ana---	glaux_only
14870	βούλομαι	v-pppmma-		βούλομαι		v-pppmma-	glaux_only
14871	ὅς	p-p---ng-		ὅς		p-p---ng-	glaux_only
14872	εἰς	r--------		εἰς		r--------	glaux_only
14873	ἐπιθυμία	n-s---fa-		ἐπιθυμία		n-s---fa-	glaux_only
14874	αὐτός	p-p---mn-		αὐτός		p-p---mn-	glaux_only
14875	καθίστημι	v3pria---		καθίστημι		v3pria---	glaux_only
14876	,	u--------		,		u--------	glaux_only
14877	δύσκολος	d--------		δύσκολος		d--------	glaux_only
14878	ἔχω	v--pna---		ἔχω		v--pna---	glaux_only
14879	καί	c--------	καί	καί	c--------	c--------	
14880	ζηλοτυπέω	v--pna---		ζηλοτυπέω		v--pna---	glaux_only
14881	καί	c--------		καί		c--------	glaux_only
14882	ὁ	l-p---fa-		ὁ		l-p---fa-	glaux_only
14883	ψυχή	n-p---fa-		ψυχή		n-p---fa-	glaux_only
14884	τεταραγμένως	d--------		τεταραγμένως		d--------	glaux_only
14885	διάκειμαι	v--pnm---		διάκειμαι		v--pnm---	glaux_only
14886	καί	c--------	καί	καί	d--------	c--------	
14887	πάσχω	v--rna---		πάσχω		v--rna---	glaux_only
14888	παραπλήσιος	a-p---na-		παραπλήσιος		a-p---na-	glaux_only
14889	ὁ	l-p---md-		ὁ		l-p---md-	glaux_only
14890	ἐράω	v-pppamd-		ἐράω		v-pppamd-	glaux_only
14891	·	u--------		·		u--------	glaux_only
14892	τίς	p-s---ca-		τίς		p-s---ca-	glaux_only
14893	γάρ	g--------		γάρ		g--------	glaux_only
14894	ἄν	g--------		ἄν		g--------	glaux_only
14895	τις	p-s---cn-		τις		p-s---cn-	glaux_only
14896	αὐτός	p-p---md-		αὐτός		p-p---md-	glaux_only
14897	ἐπιφέρω	v--ana---		ἐπιφέρω		v--ana---	glaux_only
14898	αἰτία	n-s---fa-		αἰτία		n-s---fa-	glaux_only
14899	ἔχω	v3spoa---		ἔχω		v3spoa---	glaux_only
14900	πρεπώδης	a-s---fac		πρεπώδης		a-s---fac	glaux_only
14901	οὗτος	p-s---fg-		οὗτος		p-s---fg-	glaux_only
14902	;	u--------		;		u--------	glaux_only
14903	ὅστις	p-p---mn-		ὅστις		p-p---mn-	glaux_only
14904	μακαρίζω	v3ppia---		μακαρίζω		v3ppia---	glaux_only
14905	μέν	g--------		μέν		g--------	glaux_only
14906	καί	c--------		καί		c--------	glaux_only
14907	ζηλόω	v3ppia---		ζηλόω		v3ppia---	glaux_only
14908	ὁ	l-p---ma-		ὁ		l-p---ma-	glaux_only
14909	καλός	d--------		καλός		d--------	glaux_only
14910	χράω	v--pnm---		χράω		v--pnm---	glaux_only
14911	ὁ	l-s---md-		ὁ		l-s---md-	glaux_only
14912	λόγος	n-s---md-		λόγος		n-s---md-	glaux_only
14913	δύναμαι	v-pppmma-		δύναμαι		v-pppmma-	glaux_only
14914	,	u--------		,		u--------	glaux_only
14915	ἐπιτιμάω	v3ppia---		ἐπιτιμάω		v3ppia---	glaux_only
14916	δέ	c--------		δέ		c--------	glaux_only
14917	ὁ	l-p---mg-		ὁ		l-p---mg-	glaux_only
14918	νέος	a-p---mgc		νέος		a-p---mgc	glaux_only
14919	ὁ	l-p---md-		ὁ		l-p---md-	glaux_only
14920	τυγχάνω	v--ana---		τυγχάνω		v--ana---	glaux_only
14921	οὗτος	p-s---fg-		οὗτος		p-s---fg-	glaux_only
14922	ὁ	l-s---fg-		ὁ		l-s---fg-	glaux_only
14923	τιμή	n-s---fg-		τιμή		n-s---fg-	glaux_only
14924	βούλομαι	v-pppmmd-		βούλομαι		v-pppmmd-	glaux_only
14925	.	u--------		.		u--------	glaux_only
14926	καί	c--------		καί		c--------	glaux_only
14927	ὁ	l-p---md-		ὁ		l-p---md-	glaux_only
14928	μέν	g--------		μέν		g--------	glaux_only
14929	θεός	n-p---md-		θεός		n-p---md-	glaux_only
14930	οὐδείς	p-s---mn-		οὐδείς		p-s---mn-	glaux_only
14931	εἰμί	v3spia---	εἰμί	εἰμί	v3spia---	v3spia---	
14932	ὅστις	p-s---mn-		ὅστις		p-s---mn-	glaux_only
14933	οὐ	d--------		οὐ		d--------	glaux_only
14934	ἄν	g--------		ἄν		g--------	glaux_only
14935	εὔχομαι	v3saom---		εὔχομαι		v3saom---	glaux_only
14936	μάλα	d-------s		μάλα		d-------s	glaux_only
14937	μέν	g--------		μέν		g--------	glaux_only
14938	αὐτός	p-s---mn-		αὐτός		p-s---mn-	glaux_only
14939	δύναμαι	v--pnm---		δύναμαι		v--pnm---	glaux_only
14940	λέγω	v--pna---		λέγω		v--pna---	glaux_only
14941	,	u--------		,		u--------	glaux_only
14942	εἰ	c--------		εἰ		c--------	glaux_only
14943	δέ	c--------		δέ		c--------	glaux_only
14944	μή	d--------		μή		d--------	glaux_only
14945	,	u--------		,		u--------	glaux_only
14946	ὁ	l-p---ma-		ὁ		l-p---ma-	glaux_only
14947	παῖς	n-p---ca-		παῖς		n-p---ca-	glaux_only
14948	καί	c--------	καί	καί	d--------	c--------	
14949	ὁ	l-p---ma-		ὁ		l-p---ma-	glaux_only
14950	οἰκεῖος	a-p---ma-		οἰκεῖος		a-p---ma-	glaux_only
14951	ὁ	l-p---ma-		ὁ		l-p---ma-	glaux_only
14952	ἑαυτοῦ	p-s---mg-		ἑαυτοῦ		p-s---mg-	glaux_only
14953	·	u--------		·		u--------	glaux_only
14954	ὁ	l-p---ma-		ὁ		l-p---ma-	glaux_only
14955	δέ	c--------		δέ		c--------	glaux_only
14956	πόνος	n-s---md-		πόνος		n-s---md-	glaux_only
14957	καί	c--------		καί		c--------	glaux_only
14958	φιλοσοφία	n-s---fd-		φιλοσοφία		n-s---fd-	glaux_only
14959	οὗτος	p-s---na-		οὗτος		p-s---na-	glaux_only
14960	κατεργάζομαι	v--anm---		κατεργάζομαι		v--anm---	glaux_only
14961	πειράω	v-pppmma-		πειράω		v-pppmma-	glaux_only
14962	,	u--------		,		u--------	glaux_only
14963	ὅς	p-s---na-		ὅς		p-s---na-	glaux_only
14964	παρά	r--------		παρά		r--------	glaux_only
14965	ὁ	l-p---mg-	ὁ	ὁ	l-p---ng-	l-p---mg-	
14966	θεός	n-p---mg-		θεός		n-p---mg-	glaux_only
14967	αὐτός	p-p---mn-		αὐτός		p-p---mn-	glaux_only
14968	βούλομαι	v3ppim---		βούλομαι		v3ppim---	glaux_only
14969	λαμβάνω	v--ana---		λαμβάνω		v--ana---	glaux_only
14970	,	u--------		,		u--------	glaux_only
14971	οὐδείς	p-s---na-		οὐδείς		p-s---na-	glaux_only
14972	φημί	v3ppia---		φημί		v3ppia---	glaux_only
14973	ὁ	l-p---ng-		ὁ		l-p---ng-	glaux_only
14974	δέω	v-pppang-		δέω		v-pppang-	glaux_only
14975	πράσσω	v--pna---		πράσσω		v--pna---	glaux_only
14976	,	u--------		,		u--------	glaux_only
14977	ἀλλά	c--------		ἀλλά		c--------	glaux_only
14978	ἐνίοτε	d--------		ἐνίοτε		d--------	glaux_only
14979	μέν	g--------		μέν		g--------	glaux_only
14980	ὡς	c--------		ὡς		c--------	glaux_only
14981	ἐξαπατάω	v-prpmmg-		ἐξαπατάω		v-prpmmg-	glaux_only
14982	καί	c--------	καί	καί	c--------	c--------	
14983	φενακίζω	v-prpmmg-		φενακίζω		v-prpmmg-	glaux_only
14984	προσποιέω	v3ppim---		προσποιέω		v3ppim---	glaux_only
14985	καταγελάω	v--pna---		καταγελάω		v--pna---	glaux_only
14986	αὐτός	p-p---mg-		αὐτός		p-p---mg-	glaux_only
14987	,	u--------		,		u--------	glaux_only
14988	ὁπόταν	c--------		ὁπόταν		c--------	glaux_only
14989	δέ	c--------		δέ		c--------	glaux_only
14990	τυγχάνω	v3pasa---		τυγχάνω		v3pasa---	glaux_only
14991	,	u--------		,		u--------	glaux_only
14992	μεταβάλλω	v-papamn-		μεταβάλλω		v-papamn-	glaux_only
14993	ὡς	c--------		ὡς		c--------	glaux_only
14994	περί	r--------	περί	περί	r--------	r--------	
14995	πλεονεκτέω	v--pna---		πλεονεκτέω		v--pna---	glaux_only
14996	δύναμαι	v-pppmmg-		δύναμαι		v-pppmmg-	glaux_only
14997	ὁ	l-p---ma-		ὁ		l-p---ma-	glaux_only
14998	λόγος	n-p---ma-		λόγος		n-p---ma-	glaux_only
14999	ποιέω	v3ppim---		ποιέω		v3ppim---	glaux_only
15000	.	u--------		.		u--------	glaux_only
15001	καί	c--------		καί		c--------	glaux_only
15002	σύμβουλος	n-p---md-		σύμβουλος		n-p---md-	glaux_only
15003	μέν	g--------		μέν		g--------	glaux_only
15004	,	u--------	,	,	u--------	u--------	
15005	ὅταν	c--------		ὅταν		c--------	glaux_only
15006	κίνδυνος	n-s---mn-		κίνδυνος		n-s---mn-	glaux_only
15007	τις	p-s---cn-		τις		p-s---cn-	glaux_only
15008	καταλαμβάνω	v3sasa---		καταλαμβάνω		v3sasa---	glaux_only
15009	ὁ	l-s---fa-		ὁ		l-s---fa-	glaux_only
15010	πόλις	n-s---fa-		πόλις		n-s---fa-	glaux_only
15011	,	u--------		,		u--------	glaux_only
15012	ὁ	l-p---md-	ὁ	ὁ	l-p---md-	l-p---md-	
15013	ἀγαθός	a-p---nas		ἀγαθός		a-p---nas	glaux_only
15014	περί	r--------		περί		r--------	glaux_only
15015	ὁ	l-p---ng-		ὁ		l-p---ng-	glaux_only
15016	πρᾶγμα	n-p---ng-		πρᾶγμα		n-p---ng-	glaux_only
15017	λέγω	v-pppamd-		λέγω		v-pppamd-	glaux_only
15018	,	u--------		,		u--------	glaux_only
15019	οὗτος	p-p---md-		οὗτος		p-p---md-	glaux_only
15020	χράω	v3ppim---		χράω		v3ppim---	glaux_only
15021	,	u--------		,		u--------	glaux_only
15022	καί	c--------	καί	καί	d--------	c--------	
15023	πράσσω	v3ppia---		πράσσω		v3ppia---	glaux_only
15024	ὅς	p-s---na-	ὁ	ὅς	l-s---mn-	p-s---na-	DISAGREE
15025	τις	p-s---na-		τις		p-s---na-	glaux_only
15026	ἄν	g--------		ἄν		g--------	glaux_only
15027	ὁ	l-p---mn-		ὁ		l-p---mn-	glaux_only
15028	τοιοῦτος	p-p---mn-		τοιοῦτος		p-p---mn-	glaux_only
15029	παραινέω	v3pasa---		παραινέω		v3pasa---	glaux_only
15030	·	u--------		·		u--------	glaux_only
15031	περί	r--------		περί		r--------	glaux_only
15032	δέ	c--------		δέ		c--------	glaux_only
15033	ὁ	l-p---ma-		ὁ		l-p---ma-	glaux_only
15034	ἔργον	n-s---na-		ἔργον		n-s---na-	glaux_only
15035	ποιέω	v-pppmma-		ποιέω		v-pppmma-	glaux_only
15036	ὅπως	c--------	ὅπως	ὅπως	c--------	c--------	
15037	χρήσιμος	a-p---ma-		χρήσιμος		a-p---ma-	glaux_only
15038	ἑαυτοῦ	p-p---ma-		ἑαυτοῦ		p-p---ma-	glaux_only
15039	ἐν	r--------		ἐν		r--------	glaux_only
15040	ὁ	l-p---md-	ὁ	ὁ	l-p---md-	l-p---md-	
15041	καιρός	n-p---md-		καιρός		n-p---md-	glaux_only
15042	ὁ	l-p---md-		ὁ		l-p---md-	glaux_only
15043	τοιοῦτος	p-p---md-		τοιοῦτος		p-p---md-	glaux_only
15044	ὁ	l-s---fd-		ὁ		l-s---fd-	glaux_only
15045	πόλις	n-s---fd-		πόλις		n-s---fd-	glaux_only
15046	παρέχω	v3pfia---		παρέχω		v3pfia---	glaux_only
15047	,	u--------		,		u--------	glaux_only
15048	βλασφημέω	v--pna---		βλασφημέω		v--pna---	glaux_only
15049	οἴομαι	v3ppim---		οἴομαι		v3ppim---	glaux_only
15050	χρή	v--pna---		χρή		v--pna---	glaux_only
15051	.	u--------		.		u--------	glaux_only
15052	καί	c--------		καί		c--------	glaux_only
15053	Θηβαῖος	a-p---md-		Θηβαῖος		a-p---md-	glaux_only
15054	μέν	g--------		μέν		g--------	glaux_only
15055	καί	c--------		καί		c--------	glaux_only
15056	ὁ	l-p---md-		ὁ		l-p---md-	glaux_only
15057	ἄλλος	p-p---md-		ἄλλος		p-p---md-	glaux_only
15058	ἐχθρός	a-p---md-		ἐχθρός		a-p---md-	glaux_only
15059	ὁ	l-s---fa-		ὁ		l-s---fa-	glaux_only
15060	ἀμαθία	n-s---fa-		ἀμαθία		n-s---fa-	glaux_only
15061	ὀνειδίζω	v3ppia---		ὀνειδίζω		v3ppia---	glaux_only
15062	,	u--------		,		u--------	glaux_only
15063	ὁ	l-p---ma-		ὁ		l-p---ma-	glaux_only
15064	δέ	c--------		δέ		c--------	glaux_only
15065	ἐκ	r--------	ἐκ	ἐκ	r--------	r--------	
15066	πᾶς	p-s---mg-		πᾶς		p-s---mg-	glaux_only
15067	τρόπος	n-s---mg-		τρόπος		n-s---mg-	glaux_only
15068	ζητέω	v-pppama-		ζητέω		v-pppama-	glaux_only
15069	ὁ	l-s---fa-		ὁ		l-s---fa-	glaux_only
15070	νόσος	n-s---fa-		νόσος		n-s---fa-	glaux_only
15071	οὗτος	p-s---fa-		οὗτος		p-s---fa-	glaux_only
15072	διαφεύγω	v--ana---		διαφεύγω		v--ana---	glaux_only
15073	λοιδορέω	v-pppamn-		λοιδορέω		v-pppamn-	glaux_only
15074	διατελέω	v3ppia---		διατελέω		v3ppia---	glaux_only
15075	.	u--------	.	.	u--------	u--------	
15076	ὅς	p-s---nn-		ὅς		p-s---nn-	glaux_only
15077	δέ	c--------		δέ		c--------	glaux_only
15078	οὐ	d--------		οὐ		d--------	glaux_only
15079	μόνος	d--------		μόνος		d--------	glaux_only
15080	ταραχή	n-s---fg-		ταραχή		n-s---fg-	glaux_only
15081	σημεῖον	n-s---nn-		σημεῖον		n-s---nn-	glaux_only
15082	εἰμί	v3spia---		εἰμί		v3spia---	glaux_only
15083	,	u--------		,		u--------	glaux_only
15084	ἀλλά	c--------		ἀλλά		c--------	glaux_only
15085	καί	c--------		καί		c--------	glaux_only
15086	ὁ	l-s---fg-		ὁ		l-s---fg-	glaux_only
15087	περί	r--------		περί		r--------	glaux_only
15088	ὁ	l-p---ma-		ὁ		l-p---ma-	glaux_only
15089	θεός	n-p---ma-		θεός		n-p---ma-	glaux_only
15090	ὀλιγωρία	n-s---fg-		ὀλιγωρία		n-s---fg-	glaux_only
15091	·	u--------		·		u--------	glaux_only
15092	ὁ	l-s---fa-		ὁ		l-s---fa-	glaux_only
15093	μέν	g--------		μέν		g--------	glaux_only
15094	γάρ	g--------		γάρ		g--------	glaux_only
15095	Πειθώ	n-s---fa-		Πειθώ		n-s---fa-	glaux_only
15096	εἷς	m-s---fa-		εἷς		m-s---fa-	glaux_only
15097	ὁ	l-p---mg-		ὁ		l-p---mg-	glaux_only
15098	θεός	n-p---mg-		θεός		n-p---mg-	glaux_only
15099	νομίζω	v3ppia---		νομίζω		v3ppia---	glaux_only
15100	εἰμί	v--pna---		εἰμί		v--pna---	glaux_only
15101	,	u--------		,		u--------	glaux_only
15102	καί	c--------		καί		c--------	glaux_only
15103	ὁ	l-s---fa-		ὁ		l-s---fa-	glaux_only
15104	πόλις	n-s---fa-		πόλις		n-s---fa-	glaux_only
15105	ὁράω	v3ppia---		ὁράω		v3ppia---	glaux_only
15106	κατά	r--------		κατά		r--------	glaux_only
15107	ἕκαστος	p-s---ma-		ἕκαστος		p-s---ma-	glaux_only
15108	ὁ	l-s---ma-		ὁ		l-s---ma-	glaux_only
15109	ἐνιαυτός	n-s---ma-		ἐνιαυτός		n-s---ma-	glaux_only
15110	θυσία	n-s---fa-		θυσία		n-s---fa-	glaux_only
15111	αὐτός	p-s---fd-		αὐτός		p-s---fd-	glaux_only
15112	ποιέω	v-sppmfa-		ποιέω		v-sppmfa-	glaux_only
15113	,	u--------		,		u--------	glaux_only
15114	ὁ	l-p---ma-	ὁ	ὁ	l-p---ma-	l-p---ma-	
15115	δέ	c--------	δέ	δέ	c--------	c--------	
15116	ὁ	l-s---fg-	ὁ	ὁ	l-s---fg-	l-s---fg-	
15117	δύναμις	n-s---fg-		δύναμις		n-s---fg-	glaux_only
15118	ὅς	p-s---fg-		ὅς		p-s---fg-	glaux_only
15119	ὁ	l-s---fn-		ὁ		l-s---fn-	glaux_only
15120	θεός	n-s---fn-		θεός		n-s---fn-	glaux_only
15121	ἔχω	v3spia---		ἔχω		v3spia---	glaux_only
15122	μετέχω	v--ana---		μετέχω		v--ana---	glaux_only
15123	βούλομαι	v-pppmma-		βούλομαι		v-pppmma-	glaux_only
15124	ὡς	c--------		ὡς		c--------	glaux_only
15125	κακός	a-s---ng-		κακός		a-s---ng-	glaux_only
15126	πρᾶγμα	n-s---ng-		πρᾶγμα		n-s---ng-	glaux_only
15127	ἐπιθυμέω	v-pppama-		ἐπιθυμέω		v-pppama-	glaux_only
15128	διαφθείρω	v--pnm---		διαφθείρω		v--pnm---	glaux_only
15129	φημί	v3ppia---		φημί		v3ppia---	glaux_only
15130	.	u--------		.		u--------	glaux_only
15131	ὅς	p-s---nn-		ὅς		p-s---nn-	glaux_only
15132	δέ	c--------		δέ		c--------	glaux_only
15133	πᾶς	p-p---ng-		πᾶς		p-p---ng-	glaux_only
15134	δεινός	a-s---nns		δεινός		a-s---nns	glaux_only
15135	,	u--------		,		u--------	glaux_only
15136	ὅτι	c--------		ὅτι		c--------	glaux_only
15137	προκρίνω	v3paoa---		προκρίνω		v3paoa---	glaux_only
15138	μέν	g--------		μέν		g--------	glaux_only
15139	ἄν	g--------		ἄν		g--------	glaux_only
15140	ὁ	l-s---fa-		ὁ		l-s---fa-	glaux_only
15141	ψυχή	n-s---fa-		ψυχή		n-s---fa-	glaux_only
15142	σπουδαῖος	a-s---fac		σπουδαῖος		a-s---fac	glaux_only
15143	εἰμί	v--pna---		εἰμί		v--pna---	glaux_only
15144	ὁ	l-s---ng-		ὁ		l-s---ng-	glaux_only
15145	σῶμα	n-s---ng-		σῶμα		n-s---ng-	glaux_only
15146	,	u--------		,		u--------	glaux_only
15147	οὕτως	d--------		οὕτως		d--------	glaux_only
15148	δέ	c--------		δέ		c--------	glaux_only
15149	γιγνώσκω	v-pppamn-		γιγνώσκω		v-pppamn-	glaux_only
15150	ἀποδέχομαι	v3ppim---		ἀποδέχομαι		v3ppim---	glaux_only
15151	μάλα	d-------c		μάλα		d-------c	glaux_only
15152	ὁ	l-p---ma-		ὁ		l-p---ma-	glaux_only
15153	γυμνάζω	v-pppmma-		γυμνάζω		v-pppmma-	glaux_only
15154	ὁ	l-p---mg-		ὁ		l-p---mg-	glaux_only
15155	φιλοσοφέω	v-pppamg-		φιλοσοφέω		v-pppamg-	glaux_only
15156	.	u--------		.		u--------	glaux_only
15157	καί	c--------		καί		c--------	glaux_only
15158	τοι	g--------		τοι		g--------	glaux_only
15159	πῶς	d--------		πῶς		d--------	glaux_only
15160	οὐ	d--------		οὐ		d--------	glaux_only
15161	ἄλογος	a-s---nn-		ἄλογος		a-s---nn-	glaux_only
15162	ὁ	l-p---ma-		ὁ		l-p---ma-	glaux_only
15163	ὁ	l-s---ng-		ὁ		l-s---ng-	glaux_only
15164	φαῦλος	a-s---ngc		φαῦλος		a-s---ngc	glaux_only
15165	ποιέω	v-pppmma-		ποιέω		v-pppmma-	glaux_only
15166	ὁ	l-s---fa-		ὁ		l-s---fa-	glaux_only
15167	ἐπιμέλεια	n-s---fa-		ἐπιμέλεια		n-s---fa-	glaux_only
15168	ἐπαινέω	v--pna---		ἐπαινέω		v--pna---	glaux_only
15169	μάλα	d-------c		μάλα		d-------c	glaux_only
15170	ἤ	c--------		ἤ		c--------	glaux_only
15171	ὁ	l-p---ma-		ὁ		l-p---ma-	glaux_only
15172	ὁ	l-s---ng-	ὁ	ὁ	l-s---mg-	l-s---ng-	
15173	σπουδαῖος	a-s---ngc		σπουδαῖος		a-s---ngc	glaux_only
15174	,	u--------		,		u--------	glaux_only
15175	καί	c--------		καί		c--------	glaux_only
15176	οὗτος	p-p---na-		οὗτος		p-p---na-	glaux_only
15177	πᾶς	p-p---mg-		πᾶς		p-p---mg-	glaux_only
15178	οἶδα	v-prpamg-		οἶδα		v-prpamg-	glaux_only
15179	διά	r--------		διά		r--------	glaux_only
15180	μέν	g--------		μέν		g--------	glaux_only
15181	εὐεξία	n-s---fa-		εὐεξία		n-s---fa-	glaux_only
15182	σῶμα	n-s---ng-		σῶμα		n-s---ng-	glaux_only
15183	οὐδείς	p-s---na-		οὐδείς		p-s---na-	glaux_only
15184	πώποτε	d--------		πώποτε		d--------	glaux_only
15185	ὁ	l-s---fa-		ὁ		l-s---fa-	glaux_only
15186	πόλις	n-s---fa-		πόλις		n-s---fa-	glaux_only
15187	ὁ	l-p---ng-	ὁ	ὁ	l-p---ng-	l-p---ng-	
15188	ἐλλόγιμος	a-p---ng-		ἐλλόγιμος		a-p---ng-	glaux_only
15189	ἔργον	n-p---ng-		ἔργον		n-p---ng-	glaux_only
15190	διαπράσσω	v-sapmfa-		διαπράσσω		v-sapmfa-	glaux_only
15191	,	u--------		,		u--------	glaux_only
15192	διά	r--------		διά		r--------	glaux_only
15193	δέ	c--------		δέ		c--------	glaux_only
15194	φρόνησις	n-s---fa-		φρόνησις		n-s---fa-	glaux_only
15195	ἀνήρ	n-s---mg-		ἀνήρ		n-s---mg-	glaux_only
15196	εὐδαίμων	a-s---fas		εὐδαίμων		a-s---fas	glaux_only
15197	καί	c--------		καί		c--------	glaux_only
15198	μέγας	a-s---fas		μέγας		a-s---fas	glaux_only
15199	ὁ	l-p---fg-	ὁ	ὁ	l-p---ng-	l-p---fg-	
15200	Ἑλληνίς	a-p---fg-		Ἑλληνίς		a-p---fg-	glaux_only
15201	πόλις	n-p---fg-		πόλις		n-p---fg-	glaux_only
15202	γίγνομαι	v-sapmfa-		γίγνομαι		v-sapmfa-	glaux_only
15203	;	u--------		;		u--------	glaux_only
15204	πολύς	a-s---na-		πολύς		a-s---na-	glaux_only
15205	δέ	c--------		δέ		c--------	glaux_only
15206	ἄν	g--------		ἄν		g--------	glaux_only
15207	τις	p-s---cn-		τις		p-s---cn-	glaux_only
15208	ἔχω	v3spoa---		ἔχω		v3spoa---	glaux_only
15209	πολύς	a-p---fac		πολύς		a-p---fac	glaux_only
15210	οὗτος	p-p---ng-		οὗτος		p-p---ng-	glaux_only
15211	ἐναντίωσις	n-p---fa-		ἐναντίωσις		n-p---fa-	glaux_only
15212	συνάγω	v--ana---		συνάγω		v--ana---	glaux_only
15213	ὁ	l-p---mg-		ὁ		l-p---mg-	glaux_only
15214	ἀκμάζω	v-pppamg-		ἀκμάζω		v-pppamg-	glaux_only
15215	τε	c--------		τε		c--------	glaux_only
15216	μάλα	d-------c		μάλα		d-------c	glaux_only
15217	ἤ	c--------		ἤ		c--------	glaux_only
15218	ἐγώ	p-s---cn-		ἐγώ		p-s---cn-	glaux_only
15219	καί	c--------		καί		c--------	glaux_only
15220	ὁ	l-s---mg-		ὁ		l-s---mg-	glaux_only
15221	καιρός	n-s---mg-		καιρός		n-s---mg-	glaux_only
15222	ὁ	l-s---mg-		ὁ		l-s---mg-	glaux_only
15223	πάρειμι	v-sppamg-		πάρειμι		v-sppamg-	glaux_only
15224	μή	d--------		μή		d--------	glaux_only
15225	φροντίζω	v-pppamg-		φροντίζω		v-pppamg-	glaux_only
15226	·	u--------		·		u--------	glaux_only
15227	ἐπεί	g--------		ἐπεί		g--------	glaux_only
15228	καί	c--------		καί		c--------	glaux_only
15229	ὅδε	p-p---na-		ὅδε		p-p---na-	glaux_only
15230	περί	r--------		περί		r--------	glaux_only
15231	ὁ	l-p---ng-		ὁ		l-p---ng-	glaux_only
15232	αὐτός	p-p---ng-		αὐτός		p-p---ng-	glaux_only
15233	οὗτος	p-p---ng-		οὗτος		p-p---ng-	glaux_only
15234	ἔνειμι	v3spia---		ἔνειμι		v3spia---	glaux_only
15235	λέγω	v--ana---		λέγω		v--ana---	glaux_only
15236	.	u--------		.		u--------	glaux_only
15237	φέρω	v2spma---		φέρω		v2spma---	glaux_only
15238	γάρ	g--------		γάρ		g--------	glaux_only
15239	εἰ	c--------		εἰ		c--------	glaux_only
15240	τις	p-p---cn-		τις		p-p---cn-	glaux_only
15241	πολύς	a-p---na-		πολύς		a-p---na-	glaux_only
15242	χρῆμα	n-p---na-		χρῆμα		n-p---na-	glaux_only
15243	παρά	r--------		παρά		r--------	glaux_only
15244	ὁ	l-p---mg-		ὁ		l-p---mg-	glaux_only
15245	πρόγονος	n-p---mg-		πρόγονος		n-p---mg-	glaux_only
15246	παραλαμβάνω	v-papamn-		παραλαμβάνω		v-papamn-	glaux_only
15247	ὁ	l-s---fd-		ὁ		l-s---fd-	glaux_only
15248	μέν	g--------		μέν		g--------	glaux_only
15249	πόλις	n-s---fd-		πόλις		n-s---fd-	glaux_only
15250	μηδείς	p-s---na-		μηδείς		p-s---na-	glaux_only
15251	εἰμί	v3ppoa---		εἰμί		v3ppoa---	glaux_only
15252	χρήσιμος	a-p---mn-		χρήσιμος		a-p---mn-	glaux_only
15253	,	u--------		,		u--------	glaux_only
15254	ὁ	l-p---ma-	ὁ	ὁ	l-p---ma-	l-p---ma-	
15255	δέ	c--------		δέ		c--------	glaux_only
15256	πολίτης	n-p---ma-		πολίτης		n-p---ma-	glaux_only
15257	ὑβρίζω	v3ppoa---		ὑβρίζω		v3ppoa---	glaux_only
15258	καί	c--------		καί		c--------	glaux_only
15259	ὁ	l-p---ma-		ὁ		l-p---ma-	glaux_only
15260	τε	c--------		τε		c--------	glaux_only
15261	παῖς	n-p---ca-		παῖς		n-p---ca-	glaux_only
15262	καί	c--------		καί		c--------	glaux_only
15263	ὁ	l-p---fa-		ὁ		l-p---fa-	glaux_only
15264	γυνή	n-p---fa-		γυνή		n-p---fa-	glaux_only
15265	αἰσχύνω	v3ppoa---		αἰσχύνω		v3ppoa---	glaux_only
15266	,	u--------		,		u--------	glaux_only
15267	εἰμί	v3spia---		εἰμί		v3spia---	glaux_only
15268	ὅστις	p-s---mn-		ὅστις		p-s---mn-	glaux_only
15269	ἄν	g--------	ἄν	ἄν	d--------	g--------	
15270	ὁ	l-p---ma-	ὁ	ὁ	l-p---ma-	l-p---ma-	
15271	αἴτιος	a-p---ma-		αἴτιος		a-p---ma-	glaux_only
15272	ὁ	l-s---mg-		ὁ		l-s---mg-	glaux_only
15273	πλοῦτος	n-s---mg-		πλοῦτος		n-s---mg-	glaux_only
15274	μέμφομαι	v--anm---		μέμφομαι		v--anm---	glaux_only
15275	τολμάω	v3saoa---		τολμάω		v3saoa---	glaux_only
15276	,	u--------		,		u--------	glaux_only
15277	ἀλλά	c--------		ἀλλά		c--------	glaux_only
15278	οὐ	d--------		οὐ		d--------	glaux_only
15279	ἄν	g--------		ἄν		g--------	glaux_only
15280	αὐτός	p-p---ma-		αὐτός		p-p---ma-	glaux_only
15281	ὁ	l-p---ma-		ὁ		l-p---ma-	glaux_only
15282	ἐξαμαρτάνω	v-pppama-		ἐξαμαρτάνω		v-pppama-	glaux_only
15283	κολάζω	v--pna---		κολάζω		v--pna---	glaux_only
15284	ἀξιόω	v3saoa---		ἀξιόω		v3saoa---	glaux_only
15285	;	u--------		;		u--------	glaux_only
15286	τίς	p-s---na-		τίς		p-s---na-	glaux_only
15287	δέ	c--------		δέ		c--------	glaux_only
15288	εἰ	c--------		εἰ		c--------	glaux_only
15289	τις	p-p---cn-		τις		p-p---cn-	glaux_only
15290	ὁπλομαχέω	v--pna---		ὁπλομαχέω		v--pna---	glaux_only
15291	μανθάνω	v-papamn-		μανθάνω		v-papamn-	glaux_only
15292	πρός	r--------		πρός		r--------	glaux_only
15293	μέν	g--------		μέν		g--------	glaux_only
15294	ὁ	l-p---ma-		ὁ		l-p---ma-	glaux_only
15295	πολέμιος	a-p---ma-		πολέμιος		a-p---ma-	glaux_only
15296	μή	d--------		μή		d--------	glaux_only
15297	χράω	v3ppom---		χράω		v3ppom---	glaux_only
15298	ὁ	l-p---fd-		ὁ		l-p---fd-	glaux_only
15299	ἐπιστήμη	n-p---fd-		ἐπιστήμη		n-p---fd-	glaux_only
15300	,	u--------		,		u--------	glaux_only
15301	ἐπανάστασις	n-s---fa-		ἐπανάστασις		n-s---fa-	glaux_only
15302	δέ	c--------	δέ	δέ	c--------	c--------	
15303	ποιέω	v-papamn-		ποιέω		v-papamn-	glaux_only
15304	πολύς	a-p---ma-		πολύς		a-p---ma-	glaux_only
15305	ὁ	l-p---mg-		ὁ		l-p---mg-	glaux_only
15306	πολίτης	n-p---mg-		πολίτης		n-p---mg-	glaux_only
15307	διαφθείρω	v3paoa---		διαφθείρω		v3paoa---	glaux_only
15308	,	u--------		,		u--------	glaux_only
15309	ἤ	c--------		ἤ		c--------	glaux_only
15310	καί	c--------		καί		c--------	glaux_only
15311	πυκτεύω	v--pna---		πυκτεύω		v--pna---	glaux_only
15312	καί	c--------		καί		c--------	glaux_only
15313	παγκρατιάζω	v--pna---		παγκρατιάζω		v--pna---	glaux_only
15314	ὡς	c--------		ὡς		c--------	glaux_only
15315	οἷος	p-s---na-		οἷος		p-s---na-	glaux_only
15316	τε	c--------		τε		c--------	glaux_only
15317	ἀγαθός	a-p---nas		ἀγαθός		a-p---nas	glaux_only
15318	παιδεύω	v-pappmn-		παιδεύω		v-pappmn-	glaux_only
15319	ὁ	l-p---mg-	ὁ	ὁ	l-p---ng-	l-p---mg-	
15320	μέν	g--------	μέν	μέν	d--------	g--------	
15321	ἀγών	n-p---mg-		ἀγών		n-p---mg-	glaux_only
15322	ἀμελέω	v3ppoa---		ἀμελέω		v3ppoa---	glaux_only
15323	,	u--------		,		u--------	glaux_only
15324	ὁ	l-p---ma-		ὁ		l-p---ma-	glaux_only
15325	δέ	c--------		δέ		c--------	glaux_only
15326	ἀπαντάω	v-pppama-		ἀπαντάω		v-pppama-	glaux_only
15327	τύπτω	v3ppoa---		τύπτω		v3ppoa---	glaux_only
15328	,	u--------		,		u--------	glaux_only
15329	τίς	p-s---cn-		τίς		p-s---cn-	glaux_only
15330	οὐ	d--------		οὐ		d--------	glaux_only
15331	ἄν	g--------		ἄν		g--------	glaux_only
15332	οὗτος	p-p---mg-		οὗτος		p-p---mg-	glaux_only
15333	ὁ	l-p---ma-	ὁ	ὁ	l-p---ma-	l-p---ma-	
15334	μέν	g--------		μέν		g--------	glaux_only
15335	διδάσκαλος	n-p---ma-		διδάσκαλος		n-p---ma-	glaux_only
15336	ἐπαινέω	v3saoa---		ἐπαινέω		v3saoa---	glaux_only
15337	,	u--------		,		u--------	glaux_only
15338	ὁ	l-p---ma-	ὁ	ὁ	l-p---ma-	l-p---ma-	
15339	δέ	c--------	δέ	δέ	d--------	c--------	
15340	κακός	d--------		κακός		d--------	glaux_only
15341	χράω	v-pppmma-	χράομαι	χράω	v-pppema-	v-pppmma-	DISAGREE
15342	ὅς	p-p---md-		ὅς		p-p---md-	glaux_only
15343	μανθάνω	v3paia---		μανθάνω		v3paia---	glaux_only
15344	ἀποκτείνω	v3saoa---		ἀποκτείνω		v3saoa---	glaux_only
15345	;	u--------		;		u--------	glaux_only
15346	οὐκοῦν	g--------		οὐκοῦν		g--------	glaux_only
15347	χρή	v3spia---		χρή		v3spia---	glaux_only
15348	καί	c--------		καί		c--------	glaux_only
15349	περί	r--------		περί		r--------	glaux_only
15350	ὁ	l-p---mg-		ὁ		l-p---mg-	glaux_only
15351	λόγος	n-p---mg-		λόγος		n-p---mg-	glaux_only
15352	ὁ	l-s---fa-		ὁ		l-s---fa-	glaux_only
15353	αὐτός	p-s---fa-		αὐτός		p-s---fa-	glaux_only
15354	ἔχω	v--pna---		ἔχω		v--pna---	glaux_only
15355	διάνοια	n-s---fa-		διάνοια		n-s---fa-	glaux_only
15356	ὅς	p-s---fa-		ὅς		p-s---fa-	glaux_only
15357	περ	d--------		περ		d--------	glaux_only
15358	καί	c--------		καί		c--------	glaux_only
15359	περί	r--------	περί	περί	r--------	r--------	
15360	ὁ	l-p---ng-	ὁ	ὁ	l-p---ng-	l-p---ng-	
15361	ἄλλος	p-p---ng-		ἄλλος		p-p---ng-	glaux_only
15362	,	u--------		,		u--------	glaux_only
15363	καί	c--------		καί		c--------	glaux_only
15364	μή	d--------		μή		d--------	glaux_only
15365	περί	r--------		περί		r--------	glaux_only
15366	ὁ	l-p---ng-	ὁ	ὁ	l-p---ng-	l-p---ng-	
15367	ὅμοιος	a-p---ng-		ὅμοιος		a-p---ng-	glaux_only
15368							unmatched
15369							unmatched
15370	γιγνώσκω	v--pna---		γιγνώσκω		v--pna---	glaux_only
15371	,	u--------	,	,	u--------	u--------	
15372	μή	d--------		μή		d--------	glaux_only
15373	δέ	c--------	δέ		c--------		oga_only
15374							unmatched
15375							unmatched
15376							unmatched
15377							unmatched
15378							unmatched
15379							unmatched
15380							unmatched
15381							unmatched
15382							unmatched
15383	ὁ	l-p---mg-		ὁ		l-p---mg-	glaux_only
15384							unmatched
15385							unmatched
15386							unmatched
15387							unmatched
15388							unmatched
15389							unmatched
15390							unmatched
15391							unmatched
15392							unmatched
15393							unmatched
15394							unmatched
15395							unmatched
15396							unmatched
15397							unmatched
15398							unmatched
15399							unmatched
15400							unmatched
15401							unmatched
15402							unmatched
15403							unmatched
15404							unmatched
15405	καί	c--------	καί	καί	c--------	c--------	
15406							unmatched
15407							unmatched
15408							unmatched
15409							unmatched
15410							unmatched
15411							unmatched
15412							unmatched
15413							unmatched
15414							unmatched
15415							unmatched
15416							unmatched
15417							unmatched
15418							unmatched
15419							unmatched
15420							unmatched
15421							unmatched
15422							unmatched
15423							unmatched
15424							unmatched
15425							unmatched
15426							unmatched
15427							unmatched
15428							unmatched
15429							unmatched
15430							unmatched
15431	ἐγγίγνομαι	v-sapmng-		ἐγγίγνομαι		v-sapmng-	glaux_only
15432	δέ	c--------		δέ		c--------	glaux_only
15433	ἐγώ	p-p---cd-		ἐγώ		p-p---cd-	glaux_only
15434	ὁ	l-s---ng-		ὁ		l-s---ng-	glaux_only
15435	πείθω	v--pna---		πείθω		v--pna---	glaux_only
15436	ἀλλήλων	p-p---ma-		ἀλλήλων		p-p---ma-	glaux_only
15437	καί	c--------	καί	καί	d--------	c--------	
15438	δηλόω	v--pna---		δηλόω		v--pna---	glaux_only
15439	πρός	r--------		πρός		r--------	glaux_only
15440	ἐγώ	p-p---ca-		ἐγώ		p-p---ca-	glaux_only
15441	αὐτός	p-p---ma-		αὐτός		p-p---ma-	glaux_only
15442	περί	r--------		περί		r--------	glaux_only
15443	ὅς	p-p---ng-		ὅς		p-p---ng-	glaux_only
15444	ἄν	g--------		ἄν		g--------	glaux_only
15445	βούλομαι	v1pasp---		βούλομαι		v1pasp---	glaux_only
15446	,	u--------	,	,	u--------	u--------	
15447	οὐ	d--------		οὐ		d--------	glaux_only
15448	μόνος	d--------		μόνος		d--------	glaux_only
15449	ὁ	l-s---ng-	ὁ	ὁ	l-s---ng-	l-s---ng-	
15450	θηριώδης	d--------		θηριώδης		d--------	glaux_only
15451	ζάω	v--pna---		ζάω		v--pna---	glaux_only
15452	ἀπαλλάσσω	v1paip---		ἀπαλλάσσω		v1paip---	glaux_only
15453	,	u--------		,		u--------	glaux_only
15454	ἀλλά	c--------		ἀλλά		c--------	glaux_only
15455	καί	c--------		καί		c--------	glaux_only
15456	συνέρχομαι	v-papamn-		συνέρχομαι		v-papamn-	glaux_only
15457	πόλις	n-p---fa-		πόλις		n-p---fa-	glaux_only
15458	οἰκίζω	v1paia---		οἰκίζω		v1paia---	glaux_only
15459	καί	c--------		καί		c--------	glaux_only
15460	νόμος	n-p---ma-		νόμος		n-p---ma-	glaux_only
15461	τίθημι	v1paim---		τίθημι		v1paim---	glaux_only
15462	καί	c--------		καί		c--------	glaux_only
15463	τέχνη	n-p---fa-		τέχνη		n-p---fa-	glaux_only
15464	εὑρίσκω	v1paia---		εὑρίσκω		v1paia---	glaux_only
15465	,	u--------	,	,	u--------	u--------	
15466	καί	c--------		καί		c--------	glaux_only
15467	σχεδόν	d--------		σχεδόν		d--------	glaux_only
15468	ἅπας	p-p---na-		ἅπας		p-p---na-	glaux_only
15469	ὁ	l-p---na-		ὁ		l-p---na-	glaux_only
15470	διά	r--------		διά		r--------	glaux_only
15471	ἐγώ	p-p---cg-		ἐγώ		p-p---cg-	glaux_only
15472	μηχανάομαι	v-prpmna-		μηχανάομαι		v-prpmna-	glaux_only
15473	λόγος	n-s---mn-		λόγος		n-s---mn-	glaux_only
15474	ἐγώ	p-p---cd-		ἐγώ		p-p---cd-	glaux_only
15475	εἰμί	v3spia---		εἰμί		v3spia---	glaux_only
15476	ὁ	l-s---mn-		ὁ		l-s---mn-	glaux_only
15477	συγκατασκευάζω	v-sapamn-		συγκατασκευάζω		v-sapamn-	glaux_only
15478	.	u--------		.		u--------	glaux_only
15479	οὗτος	p-s---mn-		οὗτος		p-s---mn-	glaux_only
15480	γάρ	g--------		γάρ		g--------	glaux_only
15481	περί	r--------		περί		r--------	glaux_only
15482	ὁ	l-p---ng-		ὁ		l-p---ng-	glaux_only
15483	δίκαιος	a-p---ng-		δίκαιος		a-p---ng-	glaux_only
15484	καί	c--------		καί		c--------	glaux_only
15485	ὁ	l-p---ng-		ὁ		l-p---ng-	glaux_only
15486	ἄδικος	a-p---ng-		ἄδικος		a-p---ng-	glaux_only
15487	καί	c--------		καί		c--------	glaux_only
15488	ὁ	l-p---ng-		ὁ		l-p---ng-	glaux_only
15489	καλός	a-p---ng-		καλός		a-p---ng-	glaux_only
15490	καί	c--------		καί		c--------	glaux_only
15491	ὁ	l-p---ng-		ὁ		l-p---ng-	glaux_only
15492	αἰσχρός	a-p---ng-		αἰσχρός		a-p---ng-	glaux_only
15493	νομοθετέω	v3saia---		νομοθετέω		v3saia---	glaux_only
15494	,	u--------		,		u--------	glaux_only
15495	ὅς	p-p---ng-		ὅς		p-p---ng-	glaux_only
15496	μή	d--------		μή		d--------	glaux_only
15497	διατάσσω	v-pappng-		διατάσσω		v-pappng-	glaux_only
15498	οὐ	d--------		οὐ		d--------	glaux_only
15499	ἄν	g--------		ἄν		g--------	glaux_only
15500	οἷος	p-p---mn-		οἷος		p-p---mn-	glaux_only
15501	τε	c--------		τε		c--------	glaux_only
15502	εἰμί	v1piia---		εἰμί		v1piia---	glaux_only
15503	οἰκέω	v--pna---		οἰκέω		v--pna---	glaux_only
15504	μετά	r--------		μετά		r--------	glaux_only
15505	ἀλλήλων	p-p---mg-		ἀλλήλων		p-p---mg-	glaux_only
15506	.	u--------		.		u--------	glaux_only
15507	οὗτος	p-s---nd-		οὗτος		p-s---nd-	glaux_only
15508	καί	c--------	καί	καί	d--------	c--------	
15509	ὁ	l-p---ma-	ὁ	ὁ	l-p---ma-	l-p---ma-	
15510	κακός	a-p---ma-		κακός		a-p---ma-	glaux_only
15511	ἐξελέγχω	v1ppia---		ἐξελέγχω		v1ppia---	glaux_only
15512	καί	c--------		καί		c--------	glaux_only
15513	ὁ	l-p---ma-		ὁ		l-p---ma-	glaux_only
15514	ἀγαθός	a-p---ma-		ἀγαθός		a-p---ma-	glaux_only
15515	ἐγκωμιάζω	v1ppia---		ἐγκωμιάζω		v1ppia---	glaux_only
15516	.	u--------		.		u--------	glaux_only
15517	διά	r--------		διά		r--------	glaux_only
15518	οὗτος	p-s---ng-		οὗτος		p-s---ng-	glaux_only
15519	ὁ	l-p---ma-		ὁ		l-p---ma-	glaux_only
15520	τε	c--------		τε		c--------	glaux_only
15521	ἀνόητος	a-p---ma-		ἀνόητος		a-p---ma-	glaux_only
15522	παιδεύω	v1ppia---		παιδεύω		v1ppia---	glaux_only
15523	καί	c--------		καί		c--------	glaux_only
15524	ὁ	l-p---ma-		ὁ		l-p---ma-	glaux_only
15525	φρόνιμος	a-p---ma-		φρόνιμος		a-p---ma-	glaux_only
15526	δοκιμάζω	v1ppia---		δοκιμάζω		v1ppia---	glaux_only
15527	·	u--------		·		u--------	glaux_only
15528	ὁ	l-s---na-		ὁ		l-s---na-	glaux_only
15529	γάρ	g--------		γάρ		g--------	glaux_only
15530	λέγω	v--pna---		λέγω		v--pna---	glaux_only
15531	ὡς	c--------		ὡς		c--------	glaux_only
15532	δέω	v3spia---		δέω		v3spia---	glaux_only
15533	ὁ	l-s---ng-		ὁ		l-s---ng-	glaux_only
15534	φρονέω	v--pna---		φρονέω		v--pna---	glaux_only
15535	εὖ	d--------		εὖ		d--------	glaux_only
15536	μέγας	a-s---nas		μέγας		a-s---nas	glaux_only
15537	σημεῖον	n-s---na-		σημεῖον		n-s---na-	glaux_only
15538	ποιέω	v1ppim---		ποιέω		v1ppim---	glaux_only
15539	,	u--------		,		u--------	glaux_only
15540	καί	c--------		καί		c--------	glaux_only
15541	λόγος	n-s---mn-		λόγος		n-s---mn-	glaux_only
15542	ἀληθής	a-s---mn-		ἀληθής		a-s---mn-	glaux_only
15543	καί	c--------		καί		c--------	glaux_only
15544	νόμιμος	a-s---mn-		νόμιμος		a-s---mn-	glaux_only
15545	καί	c--------		καί		c--------	glaux_only
15546	δίκαιος	a-s---mn-		δίκαιος		a-s---mn-	glaux_only
15547	ψυχή	n-s---fg-		ψυχή		n-s---fg-	glaux_only
15548	ἀγαθός	a-s---fg-		ἀγαθός		a-s---fg-	glaux_only
15549	καί	c--------		καί		c--------	glaux_only
15550	πιστός	a-s---fg-		πιστός		a-s---fg-	glaux_only
15551	εἴδωλον	n-s---nn-		εἴδωλον		n-s---nn-	glaux_only
15552	εἰμί	v3spia---	εἰμί	εἰμί	v3spia---	v3spia---	
15553	.	u--------		.		u--------	glaux_only
15554	μετά	r--------		μετά		r--------	glaux_only
15555	οὗτος	p-s---ng-		οὗτος		p-s---ng-	glaux_only
15556	καί	c--------		καί		c--------	glaux_only
15557	περί	r--------		περί		r--------	glaux_only
15558	ὁ	l-p---ng-		ὁ		l-p---ng-	glaux_only
15559	ἀμφισβητήσιμος	a-p---ng-		ἀμφισβητήσιμος		a-p---ng-	glaux_only
15560	ἀγωνίζομαι	v1ppim---		ἀγωνίζομαι		v1ppim---	glaux_only
15561	καί	c--------	καί	καί	c--------	c--------	
15562	περί	r--------		περί		r--------	glaux_only
15563	ὁ	l-p---ng-		ὁ		l-p---ng-	glaux_only
15564	ἀγνοέω	v-pppmng-		ἀγνοέω		v-pppmng-	glaux_only
15565	σκοπέω	v1ppim---		σκοπέω		v1ppim---	glaux_only
15566	·	u--------		·		u--------	glaux_only
15567	ὁ	l-p---fd-		ὁ		l-p---fd-	glaux_only
15568	γάρ	g--------		γάρ		g--------	glaux_only
15569	πίστις	n-p---fd-		πίστις		n-p---fd-	glaux_only
15570	,	u--------		,		u--------	glaux_only
15571	ὅς	p-p---fd-		ὅς		p-p---fd-	glaux_only
15572	ὁ	l-p---ma-		ὁ		l-p---ma-	glaux_only
15573	ἄλλος	p-p---ma-		ἄλλος		p-p---ma-	glaux_only
15574	λέγω	v-pppamn-		λέγω		v-pppamn-	glaux_only
15575	πείθω	v1ppia---		πείθω		v1ppia---	glaux_only
15576	,	u--------		,		u--------	glaux_only
15577	ὁ	l-p---fd-	ὁ	ὁ	l-p---fd-	l-p---fd-	
15578	αὐτός	p-p---fd-		αὐτός		p-p---fd-	glaux_only
15579	οὗτος	p-p---fd-		οὗτος		p-p---fd-	glaux_only
15580	βουλεύω	v-pppmmn-		βουλεύω		v-pppmmn-	glaux_only
15581	χράω	v1ppim---		χράω		v1ppim---	glaux_only
15582	,	u--------		,		u--------	glaux_only
15583	καί	c--------		καί		c--------	glaux_only
15584	ῥητορικός	a-p---ma-		ῥητορικός		a-p---ma-	glaux_only
15585	μέν	g--------		μέν		g--------	glaux_only
15586	καλέω	v1ppia---		καλέω		v1ppia---	glaux_only
15587	ὁ	l-p---ma-		ὁ		l-p---ma-	glaux_only
15588	ἐν	r--------		ἐν		r--------	glaux_only
15589	ὁ	l-s---nd-		ὁ		l-s---nd-	glaux_only
15590	πλῆθος	n-s---nd-		πλῆθος		n-s---nd-	glaux_only
15591	λέγω	v--pna---		λέγω		v--pna---	glaux_only
15592	δύναμαι	v-pppmma-		δύναμαι		v-pppmma-	glaux_only
15593	,	u--------		,		u--------	glaux_only
15594	εὔβουλος	a-p---ma-		εὔβουλος		a-p---ma-	glaux_only
15595	δέ	c--------		δέ		c--------	glaux_only
15596	νομίζω	v1ppia---		νομίζω		v1ppia---	glaux_only
15597	ὅστις	p-p---mn-	ὅστις	ὅστις	p-p---mn-	p-p---mn-	
15598	ἄν	g--------		ἄν		g--------	glaux_only
15599	αὐτός	p-p---mn-		αὐτός		p-p---mn-	glaux_only
15600	πρός	r--------		πρός		r--------	glaux_only
15601	ἑαυτοῦ	p-p---ma-		ἑαυτοῦ		p-p---ma-	glaux_only
15602	ἀγαθός	a-p---nas		ἀγαθός		a-p---nas	glaux_only
15603	περί	r--------		περί		r--------	glaux_only
15604	ὁ	l-p---ng-	ὁ	ὁ	l-p---ng-	l-p---ng-	
15605	πρᾶγμα	n-p---ng-		πρᾶγμα		n-p---ng-	glaux_only
15606	διαλέγω	v3pasp---		διαλέγω		v3pasp---	glaux_only
15607	.	u--------		.		u--------	glaux_only
15608	εἰ	c--------		εἰ		c--------	glaux_only
15609	δέ	c--------		δέ		c--------	glaux_only
15610	δέω	v3siia---		δέω		v3siia---	glaux_only
15611	συλλήβδην	d--------		συλλήβδην		d--------	glaux_only
15612	περί	r--------		περί		r--------	glaux_only
15613	ὁ	l-s---fg-		ὁ		l-s---fg-	glaux_only
15614	δύναμις	n-s---fg-		δύναμις		n-s---fg-	glaux_only
15615	οὗτος	p-s---fg-		οὗτος		p-s---fg-	glaux_only
15616	λέγω	v--ana---		λέγω		v--ana---	glaux_only
15617	,	u--------		,		u--------	glaux_only
15618	οὐδείς	p-s---na-		οὐδείς		p-s---na-	glaux_only
15619	ὁ	l-p---ng-		ὁ		l-p---ng-	glaux_only
15620	φρόνιμος	d--------		φρόνιμος		d--------	glaux_only
15621	πράσσω	v-pppmng-		πράσσω		v-pppmng-	glaux_only
15622	εὑρίσκω	v1pfia---		εὑρίσκω		v1pfia---	glaux_only
15623	ἄλογος	d--------		ἄλογος		d--------	glaux_only
15624	γίγνομαι	v-sppmna-		γίγνομαι		v-sppmna-	glaux_only
15625	,	u--------		,		u--------	glaux_only
15626	ἀλλά	c--------		ἀλλά		c--------	glaux_only
15627	καί	c--------		καί		c--------	glaux_only
15628	ὁ	l-p---ng-	ὁ	ὁ	l-p---mg-	l-p---ng-	
15629	ἔργον	n-p---ng-		ἔργον		n-p---ng-	glaux_only
15630	καί	c--------	καί	καί	c--------	c--------	
15631	ὁ	l-p---ng-		ὁ		l-p---ng-	glaux_only
15632	διανόημα	n-p---ng-		διανόημα		n-p---ng-	glaux_only
15633	ἅπας	p-p---ng-		ἅπας		p-p---ng-	glaux_only
15634	ἡγεμών	n-s---ma-		ἡγεμών		n-s---ma-	glaux_only
15635	λόγος	n-s---ma-		λόγος		n-s---ma-	glaux_only
15636	εἰμί	v-sppama-		εἰμί		v-sppama-	glaux_only
15637	,	u--------		,		u--------	glaux_only
15638	καί	c--------		καί		c--------	glaux_only
15639	μάλα	d-------s		μάλα		d-------s	glaux_only
15640	χράω	v-pppmma-		χράω		v-pppmma-	glaux_only
15641	αὐτός	p-s---md-		αὐτός		p-s---md-	glaux_only
15642	ὁ	l-p---ma-		ὁ		l-p---ma-	glaux_only
15643	πολύς	a-s---mas		πολύς		a-s---mas	glaux_only
15644	νόος	n-s---ma-		νόος		n-s---ma-	glaux_only
15645	ἔχω	v-pppama-		ἔχω		v-pppama-	glaux_only
15646	.	u--------		.		u--------	glaux_only
15647	ὅς	p-p---ng-		ὅς		p-p---ng-	glaux_only
15648	οὐδείς	p-s---na-		οὐδείς		p-s---na-	glaux_only
15649	ἐνθυμέομαι	v-sapmmn-		ἐνθυμέομαι		v-sapmmn-	glaux_only
15650	Λυσίμαχος	n-s---mn-		Λυσίμαχος		n-s---mn-	glaux_only
15651	κατηγορέω	v--pna---		κατηγορέω		v--pna---	glaux_only
15652	τολμάω	v3saia---		τολμάω		v3saia---	glaux_only
15653	ὁ	l-p---mg-		ὁ		l-p---mg-	glaux_only
15654	ἐπιθυμέω	v-pppamg-		ἐπιθυμέω		v-pppamg-	glaux_only
15655	τοιοῦτος	p-s---ng-		τοιοῦτος		p-s---ng-	glaux_only
15656	πρᾶγμα	n-s---ng-		πρᾶγμα		n-s---ng-	glaux_only
15657	,	u--------		,		u--------	glaux_only
15658	ὅς	p-s---nn-		ὅς		p-s---nn-	glaux_only
15659	τοσοῦτος	p-p---ng-		τοσοῦτος		p-p---ng-	glaux_only
15660	ὁ	l-s---nn-		ὁ		l-s---nn-	glaux_only
15661	πλῆθος	n-s---nn-		πλῆθος		n-s---nn-	glaux_only
15662	καί	c--------		καί		c--------	glaux_only
15663	τηλικοῦτος	p-p---ng-		τηλικοῦτος		p-p---ng-	glaux_only
15664	ὁ	l-s---na-		ὁ		l-s---na-	glaux_only
15665	μέγεθος	n-s---na-		μέγεθος		n-s---na-	glaux_only
15666	ἀγαθός	a-p---ng-		ἀγαθός		a-p---ng-	glaux_only
15667	αἴτιος	a-s---nn-		αἴτιος		a-s---nn-	glaux_only
15668	εἰμί	v3spia---		εἰμί		v3spia---	glaux_only
15669	.	u--------		.		u--------	glaux_only
15670	καί	c--------		καί		c--------	glaux_only
15671	τίς	p-s---na-		τίς		p-s---na-	glaux_only
15672	δέω	v3spia---		δέω		v3spia---	glaux_only
15673	οὗτος	p-s---ng-		οὗτος		p-s---ng-	glaux_only
15674	θαυμάζω	v--pna---		θαυμάζω		v--pna---	glaux_only
15675	,	u--------		,		u--------	glaux_only
15676	ὅπου	d--------		ὅπου		d--------	glaux_only
15677	καί	c--------		καί		c--------	glaux_only
15678	ὁ	l-p---mg-		ὁ		l-p---mg-	glaux_only
15679	περί	r--------		περί		r--------	glaux_only
15680	ὁ	l-p---fa-		ὁ		l-p---fa-	glaux_only
15681	ἔρις	n-p---fa-		ἔρις		n-p---fa-	glaux_only
15682	σπουδάζω	v-pppamg-		σπουδάζω		v-pppamg-	glaux_only
15683	ἔνιοι	a-p---mn-		ἔνιοι		a-p---mn-	glaux_only
15684	τις	p-p---cn-		τις		p-p---cn-	glaux_only
15685	ὅμοιος	d--------		ὅμοιος		d--------	glaux_only
15686	βλασφημέω	v3ppia---		βλασφημέω		v3ppia---	glaux_only
15687	περί	r--------		περί		r--------	glaux_only
15688	ὁ	l-p---mg-		ὁ		l-p---mg-	glaux_only
15689	λόγος	n-p---mg-		λόγος		n-p---mg-	glaux_only
15690	ὁ	l-p---ng-		ὁ		l-p---ng-	glaux_only
15691	κοινός	a-p---ng-		κοινός		a-p---ng-	glaux_only
15692	καί	c--------	καί	καί	d--------	c--------	
15693	ὁ	l-p---ng-		ὁ		l-p---ng-	glaux_only
15694	χρήσιμος	a-p---ng-		χρήσιμος		a-p---ng-	glaux_only
15695	ὥσπερ	c--------		ὥσπερ		c--------	glaux_only
15696	ὁ	l-p---mn-		ὁ		l-p---mn-	glaux_only
15697	φαῦλος	a-p---mns		φαῦλος		a-p---mns	glaux_only
15698	ὁ	l-p---mg-		ὁ		l-p---mg-	glaux_only
15699	ἄνθρωπος	n-p---mg-		ἄνθρωπος		n-p---mg-	glaux_only
15700	,	u--------		,		u--------	glaux_only
15701	οὐ	d--------		οὐ		d--------	glaux_only
15702	ἀγνοέω	v-pppamn-		ἀγνοέω		v-pppamn-	glaux_only
15703	ὁ	l-s---fa-		ὁ		l-s---fa-	glaux_only
15704	δύναμις	n-s---fa-		δύναμις		n-s---fa-	glaux_only
15705	αὐτός	p-p---mg-		αὐτός		p-p---mg-	glaux_only
15706	,	u--------	,	,	u--------	u--------	
15707							unmatched
15708	ὅτι	c--------		ὅτι		c--------	glaux_only
15709	ταχύς	a-p---nas		ταχύς		a-p---nas	glaux_only
15710	ἄν	g--------		ἄν		g--------	glaux_only
15711	οὗτος	p-p---mn-		οὗτος		p-p---mn-	glaux_only
15712	ὁ	l-p---ma-	ὁ	ὁ	l-p---ma-	l-p---ma-	
15713	χράω	v-pppmma-		χράω		v-pppmma-	glaux_only
15714	ὠφελέω	v3paoa---		ὠφελέω		v3paoa---	glaux_only
15715	,	u--------		,		u--------	glaux_only
15716	ἀλλά	c--------		ἀλλά		c--------	glaux_only
15717	ἐλπίζω	v-pppamn-		ἐλπίζω		v-pppamn-	glaux_only
15718	,	u--------		,		u--------	glaux_only
15719	ἐάν	c--------		ἐάν		c--------	glaux_only
15720	οὗτος	p-p---ma-		οὗτος		p-p---ma-	glaux_only
15721	διαβάλλω	v3ppsa---		διαβάλλω		v3ppsa---	glaux_only
15722	,	u--------		,		u--------	glaux_only
15723	ὁ	l-p---ma-	ὁ	ὁ	l-p---ma-	l-p---ma-	
15724	ἑαυτοῦ	p-p---mg-		ἑαυτοῦ		p-p---mg-	glaux_only
15725	ἔντιμος	a-p---mac		ἔντιμος		a-p---mac	glaux_only
15726	ποιέω	v--fna---		ποιέω		v--fna---	glaux_only
15727	.	u--------		.		u--------	glaux_only
15728	περί	r--------		περί		r--------	glaux_only
15729	ὅς	p-p---ng-		ὅς		p-p---ng-	glaux_only
15730	δύναμαι	v1saop---		δύναμαι		v1saop---	glaux_only
15731	μέν	g--------		μέν		g--------	glaux_only
15732	ἄν	g--------		ἄν		g--------	glaux_only
15733	ἴσως	d--------		ἴσως		d--------	glaux_only
15734	διαλέγω	v--anp---		διαλέγω		v--anp---	glaux_only
15735	πολύς	a-s---na-		πολύς		a-s---na-	glaux_only
15736	πικρός	a-s---nac		πικρός		a-s---nac	glaux_only
15737	ἤ	c--------		ἤ		c--------	glaux_only
15738	ἐκεῖνος	p-p---mn-		ἐκεῖνος		p-p---mn-	glaux_only
15739	περί	r--------		περί		r--------	glaux_only
15740	ἐγώ	p-p---cg-		ἐγώ		p-p---cg-	glaux_only
15741	,	u--------		,		u--------	glaux_only
15742	οὐδέτερος	p-s---na-		οὐδέτερος		p-s---na-	glaux_only
15743	δέ	c--------		δέ		c--------	glaux_only
15744	οἴομαι	v1spim---		οἴομαι		v1spim---	glaux_only
15745	δέω	v--pna---		δέω		v--pna---	glaux_only
15746	,	u--------		,		u--------	glaux_only
15747							unmatched
15748	ὅμοιος	a-s---mn-		ὅμοιος		a-s---mn-	glaux_only
15749	γίγνομαι	v--pnm---		γίγνομαι		v--pnm---	glaux_only
15750	ὁ	l-p---md-		ὁ		l-p---md-	glaux_only
15751	ὑπό	r--------		ὑπό		r--------	glaux_only
15752	ὁ	l-s---mg-		ὁ		l-s---mg-	glaux_only
15753	φθόνος	n-s---mg-		φθόνος		n-s---mg-	glaux_only
15754	διαφθείρω	v-prpmmd-		διαφθείρω		v-prpmmd-	glaux_only
15755	,	u--------	,	,	u--------	u--------	
15756	οὐ	d--------		οὐ		d--------	glaux_only
15757							unmatched
15758							unmatched
15759	ὁ	l-p---ma-	ὁ	ὁ	l-p---ma-	l-p---ma-	
15760							unmatched
15761							unmatched
15762							unmatched
15763	ὁ	l-p---ma-	ὁ		l-p---ma-		oga_only
15764							unmatched
15765							unmatched
15766							unmatched
15767							unmatched
15768							unmatched
15769							unmatched
15770							unmatched
15771							unmatched
15772							unmatched
15773							unmatched
15774							unmatched
15775							unmatched
15776							unmatched
15777							unmatched
15778							unmatched
15779	περί	r--------		περί		r--------	glaux_only
15780							unmatched
15781	,	u--------		,		u--------	glaux_only
15782							unmatched
15783							unmatched
15784							unmatched
15785							unmatched
15786							unmatched
15787							unmatched
15788	ἐγώ	p-p---cg-		ἐγώ		p-p---cg-	glaux_only
15789							unmatched
15790							unmatched
15791							unmatched
15792							unmatched
15793							unmatched
15794							unmatched
15795							unmatched
15796							unmatched
15797							unmatched
15798							unmatched
15799							unmatched
15800							unmatched
15801	πρός	r--------	πρός		r--------		oga_only
15802							unmatched
15803							unmatched
15804							unmatched
15805							unmatched
15806							unmatched
15807							unmatched
15808	πρός	r--------		πρός		r--------	glaux_only
15809	δέ	c--------		δέ		c--------	glaux_only
15810	οὗτος	p-p---nd-		οὗτος		p-p---nd-	glaux_only
15811	ἵνα	c--------		ἵνα		c--------	glaux_only
15812	καί	c--------	καί	καί	c--------	c--------	
15813	οὗτος	p-s---na-		οὗτος		p-s---na-	glaux_only
15814	ποιέω	v1sasa---		ποιέω		v1sasa---	glaux_only
15815	φανερός	a-s---na-		φανερός		a-s---na-	glaux_only
15816	,	u--------		,		u--------	glaux_only
15817	ὅτι	c--------		ὅτι		c--------	glaux_only
15818	περί	r--------	περί	περί	r--------	r--------	
15819	ὁ	l-p---ma-		ὁ		l-p---ma-	glaux_only
15820	πολιτικός	a-p---ma-		πολιτικός		a-p---ma-	glaux_only
15821	λόγος	n-p---ma-		λόγος		n-p---ma-	glaux_only
15822	ἐγώ	p-p---cn-		ἐγώ		p-p---cn-	glaux_only
15823	εἰμί	v-pppamn-		εἰμί		v-pppamn-	glaux_only
15824	,	u--------		,		u--------	glaux_only
15825	ὅς	p-p---ma-		ὅς		p-p---ma-	glaux_only
15826	ἐκεῖνος	p-p---mn-		ἐκεῖνος		p-p---mn-	glaux_only
15827	φημί	v3ppia---		φημί		v3ppia---	glaux_only
15828	εἰμί	v--pna---	εἰμί	εἰμί	v--pna---	v--pna---	
15829	φιλαπεχθήμων	a-p---ma-		φιλαπεχθήμων		a-p---ma-	glaux_only
15830	,	u--------		,		u--------	glaux_only
15831	πολύς	a-s---na-		πολύς		a-s---na-	glaux_only
15832	πρᾶος	a-p---mnc		πρᾶος		a-p---mnc	glaux_only
15833	τυγχάνω	v1ppia---		τυγχάνω		v1ppia---	glaux_only
15834	αὐτός	p-p---mg-		αὐτός		p-p---mg-	glaux_only
15835	εἰμί	v-pppamn-		εἰμί		v-pppamn-	glaux_only
15836	·	u--------		·		u--------	glaux_only
15837	ὁ	l-p---mn-		ὁ		l-p---mn-	glaux_only
15838	μέν	g--------		μέν		g--------	glaux_only
15839	γάρ	g--------	γάρ	γάρ	d--------	g--------	
15840	ἀεί	d--------		ἀεί		d--------	glaux_only
15841	τις	p-s---na-		τις		p-s---na-	glaux_only
15842	περί	r--------	περί	περί	r--------	r--------	
15843	ἐγώ	p-p---cg-		ἐγώ		p-p---cg-	glaux_only
15844	φλαῦρος	a-s---na-		φλαῦρος		a-s---na-	glaux_only
15845	λέγω	v3ppia---		λέγω		v3ppia---	glaux_only
15846	,	u--------	,	,	u--------	u--------	
15847	ἐγώ	p-s---cn-		ἐγώ		p-s---cn-	glaux_only
15848	δέ	c--------	δέ	δέ	c--------	c--------	
15849	οὐδείς	p-s---na-		οὐδείς		p-s---na-	glaux_only
15850	ἄν	g--------		ἄν		g--------	glaux_only
15851	λέγω	v1saoa---		λέγω		v1saoa---	glaux_only
15852	τοιοῦτος	p-s---na-		τοιοῦτος		p-s---na-	glaux_only
15853	,	u--------		,		u--------	glaux_only
15854	ἀλλά	c--------		ἀλλά		c--------	glaux_only
15855	ὁ	l-p---fd-		ὁ		l-p---fd-	glaux_only
15856	ἀλήθεια	n-p---fd-		ἀλήθεια		n-p---fd-	glaux_only
15857	χράω	v1sfim---		χράω		v1sfim---	glaux_only
15858	περί	r--------		περί		r--------	glaux_only
15859	αὐτός	p-p---ng-		αὐτός		p-p---ng-	glaux_only
15860	.	u--------		.		u--------	glaux_only
15861	ἡγέομαι	v1spim---		ἡγέομαι		v1spim---	glaux_only
15862	γάρ	g--------		γάρ		g--------	glaux_only
15863	καί	c--------		καί		c--------	glaux_only
15864	ὁ	l-p---ma-		ὁ		l-p---ma-	glaux_only
15865	ἐν	r--------		ἐν		r--------	glaux_only
15866	ὁ	l-p---md-		ὁ		l-p---md-	glaux_only
15867	ἐριστικός	a-p---md-		ἐριστικός		a-p---md-	glaux_only
15868	λόγος	n-p---md-		λόγος		n-p---md-	glaux_only
15869	δυναστεύω	v-pppama-		δυναστεύω		v-pppama-	glaux_only
15870	καί	c--------	καί	καί	c--------	c--------	
15871	ὁ	l-p---ma-		ὁ		l-p---ma-	glaux_only
15872	περί	r--------		περί		r--------	glaux_only
15873	ὁ	l-s---fa-		ὁ		l-s---fa-	glaux_only
15874	ἀστρολογία	n-s---fa-		ἀστρολογία		n-s---fa-	glaux_only
15875	καί	c--------	καί	καί	d--------	c--------	
15876	ὁ	l-s---fa-	ὁ	ὁ	l-s---fa-	l-s---fa-	
15877	γεωμετρία	n-s---fa-		γεωμετρία		n-s---fa-	glaux_only
15878	καί	c--------	καί	καί	c--------	c--------	
15879	ὁ	l-p---na-		ὁ		l-p---na-	glaux_only
15880	τοιοῦτος	p-p---na-		τοιοῦτος		p-p---na-	glaux_only
15881	ὁ	l-p---ng-	ὁ	ὁ	l-p---mg-	l-p---ng-	
15882	μάθημα	n-p---ng-		μάθημα		n-p---ng-	glaux_only
15883	διατρίβω	v-pppama-		διατρίβω		v-pppama-	glaux_only
15884	οὐ	d--------		οὐ		d--------	glaux_only
15885	βλάπτω	v--pna---		βλάπτω		v--pna---	glaux_only
15886	ἀλλά	c--------		ἀλλά		c--------	glaux_only
15887	ὠφελέω	v--pna---		ὠφελέω		v--pna---	glaux_only
15888	ὁ	l-p---ma-	ὁ	ὁ	l-p---ma-	l-p---ma-	
15889	σύνειμι	v-pppama-		σύνειμι		v-pppama-	glaux_only
15890	,	u--------		,		u--------	glaux_only
15891	ἐλαχύς	a-p---nac		ἐλαχύς		a-p---nac	glaux_only
15892	μέν	g--------		μέν		g--------	glaux_only
15893	ὅς	p-p---ng-		ὅς		p-p---ng-	glaux_only
15894	ὑπισχνέομαι	v3ppim---		ὑπισχνέομαι		v3ppim---	glaux_only
15895	,	u--------		,		u--------	glaux_only
15896	πολύς	a-p---nac		πολύς		a-p---nac	glaux_only
15897	δέ	c--------		δέ		c--------	glaux_only
15898	ὅς	p-p---ng-		ὅς		p-p---ng-	glaux_only
15899	ὁ	l-p---md-		ὁ		l-p---md-	glaux_only
15900	ἄλλος	p-p---md-		ἄλλος		p-p---md-	glaux_only
15901	δοκέω	v3ppia---		δοκέω		v3ppia---	glaux_only
15902	.	u--------		.		u--------	glaux_only
15903	ὁ	l-p---mn-		ὁ		l-p---mn-	glaux_only
15904	μέν	g--------		μέν		g--------	glaux_only
15905	γάρ	g--------		γάρ		g--------	glaux_only
15906	πολύς	a-p---mns		πολύς		a-p---mns	glaux_only
15907	ὁ	l-p---mg-		ὁ		l-p---mg-	glaux_only
15908	ἄνθρωπος	n-p---mg-		ἄνθρωπος		n-p---mg-	glaux_only
15909	ὑπολαμβάνω	v3pria---		ὑπολαμβάνω		v3pria---	glaux_only
15910	ἀδολεσχία	n-s---fa-		ἀδολεσχία		n-s---fa-	glaux_only
15911	καί	c--------		καί		c--------	glaux_only
15912	μικρολογία	n-s---fa-		μικρολογία		n-s---fa-	glaux_only
15913	εἰμί	v--pna---		εἰμί		v--pna---	glaux_only
15914	ὁ	l-p---na-		ὁ		l-p---na-	glaux_only
15915	τοιοῦτος	p-p---na-		τοιοῦτος		p-p---na-	glaux_only
15916	ὁ	l-p---ng-		ὁ		l-p---ng-	glaux_only
15917	μάθημα	n-p---ng-		μάθημα		n-p---ng-	glaux_only
15918	·	u--------		·		u--------	glaux_only
15919	οὐδείς	p-s---na-		οὐδείς		p-s---na-	glaux_only
15920	γάρ	g--------	γάρ	γάρ	d--------	g--------	
15921	αὐτός	p-p---ng-		αὐτός		p-p---ng-	glaux_only
15922							unmatched
15923	ἐπί	r--------		ἐπί		r--------	glaux_only
15924	ὁ	l-p---ng-	ὁ	ὁ	l-p---ng-	l-p---ng-	
15925	ἴδιος	a-p---ng-		ἴδιος		a-p---ng-	glaux_only
15926							unmatched
15927	ἐπί	r--------		ἐπί		r--------	glaux_only
15928	ὁ	l-p---ng-		ὁ		l-p---ng-	glaux_only
15929	κοινός	a-p---ng-		κοινός		a-p---ng-	glaux_only
15930	εἰμί	v--pna---		εἰμί		v--pna---	glaux_only
15931	χρήσιμος	a-s---na-		χρήσιμος		a-s---na-	glaux_only
15932	,	u--------		,		u--------	glaux_only
15933	ἀλλά	c--------		ἀλλά		c--------	glaux_only
15934							unmatched
15935	ἐν	r--------		ἐν		r--------	glaux_only
15936	ὁ	l-p---fd-		ὁ		l-p---fd-	glaux_only
15937	μνεία	n-p---fd-		μνεία		n-p---fd-	glaux_only
15938	οὐδείς	p-s---ma-		οὐδείς		p-s---ma-	glaux_only
15939	χρόνος	n-s---ma-		χρόνος		n-s---ma-	glaux_only
15940	ἐμμένω	v--pna---		ἐμμένω		v--pna---	glaux_only
15941	ὁ	l-p---fd-		ὁ		l-p---fd-	glaux_only
15942	ὁ	l-p---mg-		ὁ		l-p---mg-	glaux_only
15943	μανθάνω	v-papamg-		μανθάνω		v-papamg-	glaux_only
15944	διά	r--------		διά		r--------	glaux_only
15945	ὁ	l-s---na-		ὁ		l-s---na-	glaux_only
15946	μή	d--------		μή		d--------	glaux_only
15947							unmatched
15948							unmatched
15949							unmatched
15950							unmatched
15951							unmatched
15952							unmatched
15953							unmatched
15954							unmatched
15955							unmatched
15956							unmatched
15957							unmatched
15958							unmatched
15959							unmatched
15960							unmatched
15961							unmatched
15962							unmatched
15963							unmatched
15964	ἐγώ	p-s---cn-		ἐγώ		p-s---cn-	glaux_only
15965	δέ	c--------		δέ		c--------	glaux_only
15966							unmatched
15967	οὕτως	d--------		οὕτως		d--------	glaux_only
15968	οὐ	d--------		οὐ		d--------	glaux_only
15969	τε	c--------		τε		c--------	glaux_only
15970							unmatched
15971							unmatched
15972							unmatched
15973							unmatched
15974							unmatched
15975							unmatched
15976							unmatched
15977							unmatched
15978							unmatched
15979							unmatched
15980							unmatched
15981							unmatched
15982							unmatched
15983	ὁ	l-s---fa-	ὁ		l-s---fa-		oga_only
15984							unmatched
15985							unmatched
15986							unmatched
15987							unmatched
15988							unmatched
15989							unmatched
15990							unmatched
15991							unmatched
15992							unmatched
15993							unmatched
15994							unmatched
15995							unmatched
15996							unmatched
15997							unmatched
15998							unmatched
15999							unmatched
16000							unmatched
16001							unmatched
16002							unmatched
16003							unmatched
16004							unmatched
16005							unmatched
16006							unmatched
16007							unmatched
16008							unmatched
16009							unmatched
16010							unmatched
16011							unmatched
16012							unmatched
16013							unmatched
16014							unmatched
16015							unmatched
16016							unmatched
16017							unmatched
16018							unmatched
16019							unmatched
16020							unmatched
16021							unmatched
16022							unmatched
16023							unmatched
16024							unmatched
16025							unmatched
16026							unmatched
16027	ὁ	l-p---nn-		ὁ		l-p---nn-	glaux_only
16028	μέν	g--------		μέν		g--------	glaux_only
16029	γάρ	g--------		γάρ		g--------	glaux_only
16030	ἄλλος	p-p---nn-		ἄλλος		p-p---nn-	glaux_only
16031	τότε	d--------		τότε		d--------	glaux_only
16032	ὠφελέω	v--pna---		ὠφελέω		v--pna---	glaux_only
16033	ἐγώ	p-p---ca-		ἐγώ		p-p---ca-	glaux_only
16034	φύω	v3sria---		φύω		v3sria---	glaux_only
16035	,	u--------		,		u--------	glaux_only
16036	ὅταν	c--------		ὅταν		c--------	glaux_only
16037	λαμβάνω	v1pasa---		λαμβάνω		v1pasa---	glaux_only
16038	αὐτός	p-p---ng-		αὐτός		p-p---ng-	glaux_only
16039	ὁ	l-s---fa-		ὁ		l-s---fa-	glaux_only
16040	ἐπιστήμη	n-s---fa-		ἐπιστήμη		n-s---fa-	glaux_only
16041	,	u--------		,		u--------	glaux_only
16042	οὗτος	p-p---nn-		οὗτος		p-p---nn-	glaux_only
16043	δέ	c--------		δέ		c--------	glaux_only
16044	ὁ	l-p---ma-		ὁ		l-p---ma-	glaux_only
16045	μέν	g--------		μέν		g--------	glaux_only
16046	ἀπακριβόομαι	v-prpmma-		ἀπακριβόομαι		v-prpmma-	glaux_only
16047	οὐδείς	p-s---na-	οὐδείς	οὐδείς	a-s---na-	p-s---na-	
16048	ἄν	g--------		ἄν		g--------	glaux_only
16049	εὐεργετέω	v3saoa---		εὐεργετέω		v3saoa---	glaux_only
16050	,	u--------		,		u--------	glaux_only
16051	πλήν	r--------		πλήν		r--------	glaux_only
16052	ὁ	l-p---ma-		ὁ		l-p---ma-	glaux_only
16053	ἐντεῦθεν	d--------		ἐντεῦθεν		d--------	glaux_only
16054	ζάω	v--pna---		ζάω		v--pna---	glaux_only
16055	προλέγω	v-prpmma-		προλέγω		v-prpmma-	glaux_only
16056	,	u--------		,		u--------	glaux_only
16057	ὁ	l-p---ma-		ὁ		l-p---ma-	glaux_only
16058	δέ	c--------		δέ		c--------	glaux_only
16059	μανθάνω	v-pppama-		μανθάνω		v-pppama-	glaux_only
16060	ὀνίνημι	v3spia---		ὀνίνημι		v3spia---	glaux_only
16061	·	u--------		·		u--------	glaux_only
16062	περί	r--------		περί		r--------	glaux_only
16063	γάρ	g--------		γάρ		g--------	glaux_only
16064	ὁ	l-s---fa-		ὁ		l-s---fa-	glaux_only
16065	περισσολογία	n-s---fa-		περισσολογία		n-s---fa-	glaux_only
16066	καί	c--------		καί		c--------	glaux_only
16067	ὁ	l-s---fa-		ὁ		l-s---fa-	glaux_only
16068	ἀκρίβεια	n-s---fa-		ἀκρίβεια		n-s---fa-	glaux_only
16069	ὁ	l-s---fg-		ὁ		l-s---fg-	glaux_only
16070	ἀστρολογία	n-s---fg-		ἀστρολογία		n-s---fg-	glaux_only
16071	καί	c--------		καί		c--------	glaux_only
16072	γεωμετρία	n-s---fg-		γεωμετρία		n-s---fg-	glaux_only
16073	διατρίβω	v-pppamn-		διατρίβω		v-pppamn-	glaux_only
16074	,	u--------		,		u--------	glaux_only
16075	καί	c--------		καί		c--------	glaux_only
16076	δυσκαταμάθητος	a-p---nd-		δυσκαταμάθητος		a-p---nd-	glaux_only
16077	πρᾶγμα	n-p---nd-		πρᾶγμα		n-p---nd-	glaux_only
16078	ἀναγκάζω	v-pppmmn-		ἀναγκάζω		v-pppmmn-	glaux_only
16079	προσέχω	v--pna---		προσέχω		v--pna---	glaux_only
16080	ὁ	l-s---ma-		ὁ		l-s---ma-	glaux_only
16081	νόος	n-s---ma-		νόος		n-s---ma-	glaux_only
16082	,	u--------		,		u--------	glaux_only
16083	ἔτι	d--------		ἔτι		d--------	glaux_only
16084	δέ	c--------		δέ		c--------	glaux_only
16085	συνεθίζω	v-pppmmn-		συνεθίζω		v-pppmmn-	glaux_only
16086	λέγω	v--pna---		λέγω		v--pna---	glaux_only
16087	καί	c--------		καί		c--------	glaux_only
16088	πονέω	v--pna---		πονέω		v--pna---	glaux_only
16089	ἐπί	r--------		ἐπί		r--------	glaux_only
16090	ὁ	l-p---nd-		ὁ		l-p---nd-	glaux_only
16091	λέγω	v-pppmnd-		λέγω		v-pppmnd-	glaux_only
16092	καί	c--------		καί		c--------	glaux_only
16093	δείκνυμι	v-pppmnd-		δείκνυμι		v-pppmnd-	glaux_only
16094	καί	c--------		καί		c--------	glaux_only
16095	μή	d--------	μη	μή	d--------	d--------	
16096	πλανάω	v-srpmfa-		πλανάω		v-srpmfa-	glaux_only
16097	ἔχω	v--pna---		ἔχω		v--pna---	glaux_only
16098	ὁ	l-s---fa-		ὁ		l-s---fa-	glaux_only
16099	διάνοια	n-s---fa-		διάνοια		n-s---fa-	glaux_only
16100	,	u--------		,		u--------	glaux_only
16101	ἐν	r--------		ἐν		r--------	glaux_only
16102	οὗτος	p-p---nd-		οὗτος		p-p---nd-	glaux_only
16103	γυμνάζω	v-pappmn-		γυμνάζω		v-pappmn-	glaux_only
16104	καί	c--------		καί		c--------	glaux_only
16105	παροξύνω	v-pappmn-		παροξύνω		v-pappmn-	glaux_only
16106	ῥᾴδιος	a-s---nac		ῥᾴδιος		a-s---nac	glaux_only
16107	καί	c--------		καί		c--------	glaux_only
16108	ταχύς	a-s---nac		ταχύς		a-s---nac	glaux_only
16109	ὁ	l-p---na-		ὁ		l-p---na-	glaux_only
16110	σπουδαῖος	a-p---nac		σπουδαῖος		a-p---nac	glaux_only
16111	καί	c--------		καί		c--------	glaux_only
16112	πολύς	a-s---ngc		πολύς		a-s---ngc	glaux_only
16113	ἄξιος	a-p---na-		ἄξιος		a-p---na-	glaux_only
16114	ὁ	l-p---ng-	ὁ	ὁ	l-p---mg-	l-p---ng-	
16115	πρᾶγμα	n-p---ng-		πρᾶγμα		n-p---ng-	glaux_only
16116	ἀποδέχομαι	v--pnm---		ἀποδέχομαι		v--pnm---	glaux_only
16117	καί	c--------		καί		c--------	glaux_only
16118	μανθάνω	v--pna---		μανθάνω		v--pna---	glaux_only
16119	δύναμαι	v3ppim---		δύναμαι		v3ppim---	glaux_only
16120	.	u--------		.		u--------	glaux_only
16121	φιλοσοφία	n-s---fa-		φιλοσοφία		n-s---fa-	glaux_only
16122	μέν	g--------		μέν		g--------	glaux_only
16123	οὖν	g--------		οὖν		g--------	glaux_only
16124	οὐ	d--------		οὐ		d--------	glaux_only
16125	οἴομαι	v1spim---		οἴομαι		v1spim---	glaux_only
16126	δέω	v--pna---		δέω		v--pna---	glaux_only
16127	προσαγορεύω	v--pna---		προσαγορεύω		v--pna---	glaux_only
16128	ὁ	l-s---fa-		ὁ		l-s---fa-	glaux_only
16129	μηδείς	p-s---na-		μηδείς		p-s---na-	glaux_only
16130	ἐν	r--------	ἐν	ἐν	r--------	r--------	
16131	ὁ	l-s---nd-		ὁ		l-s---nd-	glaux_only
16132	πάρειμι	v-sppand-		πάρειμι		v-sppand-	glaux_only
16133	μή	d--------		μή		d--------	glaux_only
16134							unmatched
16135	πρός	r--------		πρός		r--------	glaux_only
16136	ὁ	l-s---na-		ὁ		l-s---na-	glaux_only
16137							unmatched
16138							unmatched
16139							unmatched
16140							unmatched
16141							unmatched
16142							unmatched
16143							unmatched
16144	,	u--------	,		u--------		oga_only
16145							unmatched
16146							unmatched
16147	ὁ	l-s---fg-	ὁ		l-s---fg-		oga_only
16148							unmatched
16149	καί	d--------	καί		d--------		oga_only
16150							unmatched
16151							unmatched
16152							unmatched
16153							unmatched
16154							unmatched
16155							unmatched
16156							unmatched
16157							unmatched
16158							unmatched
16159							unmatched
16160							unmatched
16161							unmatched
16162							unmatched
16163							unmatched
16164							unmatched
16165							unmatched
16166							unmatched
16167							unmatched
16168							unmatched
16169							unmatched
16170							unmatched
16171							unmatched
16172							unmatched
16173	καί	c--------		καί		c--------	glaux_only
16174	γάρ	g--------		γάρ		g--------	glaux_only
16175	ἐκεῖνος	p-p---mg-		ἐκεῖνος		p-p---mg-	glaux_only
16176	ὁ	l-p---mn-		ὁ		l-p---mn-	glaux_only
16177	περί	r--------		περί		r--------	glaux_only
16178	ὁ	l-s---fa-		ὁ		l-s---fa-	glaux_only
16179	γραμματικός	a-s---fa-		γραμματικός		a-s---fa-	glaux_only
16180	καί	c--------		καί		c--------	glaux_only
16181	ὁ	l-s---fa-		ὁ		l-s---fa-	glaux_only
16182	μουσική	n-s---fa-		μουσική		n-s---fa-	glaux_only
16183	καί	c--------		καί		c--------	glaux_only
16184	ὁ	l-s---fa-		ὁ		l-s---fa-	glaux_only
16185	ἄλλος	p-s---fa-		ἄλλος		p-s---fa-	glaux_only
16186	παιδεία	n-s---fa-		παιδεία		n-s---fa-	glaux_only
16187	διαπονέω	v-pappmn-		διαπονέω		v-pappmn-	glaux_only
16188	πρός	r--------		πρός		r--------	glaux_only
16189	μέν	g--------		μέν		g--------	glaux_only
16190	ὁ	l-s---na-		ὁ		l-s---na-	glaux_only
16191	ἀγαθός	a-s---nac		ἀγαθός		a-s---nac	glaux_only
16192	λέγω	v--ana---		λέγω		v--ana---	glaux_only
16193	ἤ	c--------		ἤ		c--------	glaux_only
16194	βουλεύω	v--anm---		βουλεύω		v--anm---	glaux_only
16195	περί	r--------		περί		r--------	glaux_only
16196	ὁ	l-p---ng-		ὁ		l-p---ng-	glaux_only
16197	πρᾶγμα	n-p---ng-		πρᾶγμα		n-p---ng-	glaux_only
16198	οὐδείς	p-s---fa-		οὐδείς		p-s---fa-	glaux_only
16199	πω	d--------		πω		d--------	glaux_only
16200	λαμβάνω	v3ppia---		λαμβάνω		v3ppia---	glaux_only
16201	ἐπίδοσις	n-s---fa-		ἐπίδοσις		n-s---fa-	glaux_only
16202	,	u--------		,		u--------	glaux_only
16203	αὐτός	p-p---mn-		αὐτός		p-p---mn-	glaux_only
16204	δέ	c--------		δέ		c--------	glaux_only
16205	ἑαυτοῦ	p-p---mg-		ἑαυτοῦ		p-p---mg-	glaux_only
16206	εὐμαθής	a-p---mnc		εὐμαθής		a-p---mnc	glaux_only
16207	γίγνομαι	v3ppim---		γίγνομαι		v3ppim---	glaux_only
16208	πρός	r--------		πρός		r--------	glaux_only
16209	ὁ	l-p---na-		ὁ		l-p---na-	glaux_only
16210	μέγας	a-p---nac		μέγας		a-p---nac	glaux_only
16211	καί	c--------		καί		c--------	glaux_only
16212	σπουδαῖος	a-p---nac		σπουδαῖος		a-p---nac	glaux_only
16213	ὁ	l-p---ng-		ὁ		l-p---ng-	glaux_only
16214	μάθημα	n-p---ng-		μάθημα		n-p---ng-	glaux_only
16215	.	u--------		.		u--------	glaux_only
16216	διατρίβω	v--ana---		διατρίβω		v--ana---	glaux_only
16217	μέν	g--------	μέν	μέν	d--------	g--------	
16218	οὖν	g--------		οὖν		g--------	glaux_only
16219	περί	r--------		περί		r--------	glaux_only
16220	ὁ	l-p---fa-	ὁ	ὁ	l-p---fa-	l-p---fa-	
16221	παιδεία	n-p---fa-		παιδεία		n-p---fa-	glaux_only
16222	οὗτος	p-p---fa-		οὗτος		p-p---fa-	glaux_only
16223	χρόνος	n-s---ma-		χρόνος		n-s---ma-	glaux_only
16224	τις	p-s---ca-		τις		p-s---ca-	glaux_only
16225	συμβουλεύω	v1saoa---		συμβουλεύω		v1saoa---	glaux_only
16226	ἄν	g--------		ἄν		g--------	glaux_only
16227	ὁ	l-p---md-		ὁ		l-p---md-	glaux_only
16228	νεώτερος	a-p---mdc		νεώτερος		a-p---mdc	glaux_only
16229	,	u--------		,		u--------	glaux_only
16230	μή	d--------		μή		d--------	glaux_only
16231	μέντοι	g--------		μέντοι		g--------	glaux_only
16232	περιοράω	v--pna---		περιοράω		v--pna---	glaux_only
16233	ὁ	l-s---fa-		ὁ		l-s---fa-	glaux_only
16234	ἑαυτοῦ	p-p---mg-		ἑαυτοῦ		p-p---mg-	glaux_only
16235	κατασκελετεύω	v-sappfa-		κατασκελετεύω		v-sappfa-	glaux_only
16236	ἐπί	r--------		ἐπί		r--------	glaux_only
16237	οὗτος	p-p---nd-		οὗτος		p-p---nd-	glaux_only
16238	,	u--------		,		u--------	glaux_only
16239							unmatched
16240	ἐξοκέλλω	v-sapafa-		ἐξοκέλλω		v-sapafa-	glaux_only
16241	εἰς	r--------		εἰς		r--------	glaux_only
16242	ὁ	l-p---ma-	ὁ	ὁ	l-p---ma-	l-p---ma-	
16243	λόγος	n-p---ma-		λόγος		n-p---ma-	glaux_only
16244	ὁ	l-p---ma-		ὁ		l-p---ma-	glaux_only
16245	ὁ	l-p---mg-		ὁ		l-p---mg-	glaux_only
16246	παλαιός	a-p---mg-		παλαιός		a-p---mg-	glaux_only
16247	σοφιστής	n-p---mg-		σοφιστής		n-p---mg-	glaux_only
16248	,	u--------		,		u--------	glaux_only
16249	ὅς	p-p---mg-		ὅς		p-p---mg-	glaux_only
16250	ὁ	l-s---mn-		ὁ		l-s---mn-	glaux_only
16251	μέν	g--------		μέν		g--------	glaux_only
16252	ἄπειρος	a-s---na-		ἄπειρος		a-s---na-	glaux_only
16253	ὁ	l-s---na-		ὁ		l-s---na-	glaux_only
16254	πλῆθος	n-s---na-		πλῆθος		n-s---na-	glaux_only
16255	φημί	v3saia---		φημί		v3saia---	glaux_only
16256	εἰμί	v--pna---		εἰμί		v--pna---	glaux_only
16257	ὁ	l-p---ng-	ὁ	ὁ	l-p---mg-	l-p---ng-	
16258	εἰμί	v-pppang-		εἰμί		v-pppang-	glaux_only
16259	,	u--------		,		u--------	glaux_only
16260	Ἐμπεδοκλῆς	n-s---mn-		Ἐμπεδοκλῆς		n-s---mn-	glaux_only
16261	δέ	c--------		δέ		c--------	glaux_only
16262	τέσσαρες	m-p---na-		τέσσαρες		m-p---na-	glaux_only
16263	,	u--------		,		u--------	glaux_only
16264	καί	c--------		καί		c--------	glaux_only
16265	νεῖκος	n-s---na-		νεῖκος		n-s---na-	glaux_only
16266	καί	c--------		καί		c--------	glaux_only
16267	φιλία	n-s---fa-		φιλία		n-s---fa-	glaux_only
16268	ἐν	r--------	ἐν	ἐν	r--------	r--------	
16269	αὐτός	p-p---nd-		αὐτός		p-p---nd-	glaux_only
16270	,	u--------		,		u--------	glaux_only
16271	Ἴων	n-s---mn-		Ἴων		n-s---mn-	glaux_only
16272	δέ	c--------		δέ		c--------	glaux_only
16273	οὐ	d--------		οὐ		d--------	glaux_only
16274	πολύς	a-p---nac		πολύς		a-p---nac	glaux_only
16275	τρεῖς	m-p---ng-		τρεῖς		m-p---ng-	glaux_only
16276	,	u--------		,		u--------	glaux_only
16277	Ἀλκμαίων	n-s---mn-		Ἀλκμαίων		n-s---mn-	glaux_only
16278	δέ	c--------		δέ		c--------	glaux_only
16279	δύο	m--------		δύο		m--------	glaux_only
16280	μόνος	a-p---na-		μόνος		a-p---na-	glaux_only
16281	,	u--------		,		u--------	glaux_only
16282	Παρμενίδης	n-s---mn-		Παρμενίδης		n-s---mn-	glaux_only
16283	δέ	c--------		δέ		c--------	glaux_only
16284	καί	c--------	καί	καί	c--------	c--------	
16285	Μέλισσος	n-s---mn-		Μέλισσος		n-s---mn-	glaux_only
16286	εἷς	m-s---na-		εἷς		m-s---na-	glaux_only
16287	,	u--------		,		u--------	glaux_only
16288	Γοργίας	n-s---mn-		Γοργίας		n-s---mn-	glaux_only
16289	δέ	c--------		δέ		c--------	glaux_only
16290	παντελής	d--------		παντελής		d--------	glaux_only
16291	οὐδείς	p-s---na-		οὐδείς		p-s---na-	glaux_only
16292	.	u--------		.		u--------	glaux_only
16293	ἡγέομαι	v1spim---		ἡγέομαι		v1spim---	glaux_only
16294	γάρ	g--------		γάρ		g--------	glaux_only
16295	ὁ	l-p---fa-		ὁ		l-p---fa-	glaux_only
16296	μέν	g--------		μέν		g--------	glaux_only
16297	τοιοῦτος	p-p---fa-		τοιοῦτος		p-p---fa-	glaux_only
16298	περισσολογία	n-p---fa-		περισσολογία		n-p---fa-	glaux_only
16299	ὅμοιος	a-p---fa-		ὅμοιος		a-p---fa-	glaux_only
16300	εἰμί	v--pna---		εἰμί		v--pna---	glaux_only
16301	ὁ	l-p---fd-		ὁ		l-p---fd-	glaux_only
16302	θαυματοποιία	n-p---fd-		θαυματοποιία		n-p---fd-	glaux_only
16303	,	u--------		,		u--------	glaux_only
16304	ὁ	l-p---fd-		ὁ		l-p---fd-	glaux_only
16305	οὐδείς	p-s---na-		οὐδείς		p-s---na-	glaux_only
16306	μέν	g--------		μέν		g--------	glaux_only
16307	ὠφελέω	v-pppafd-		ὠφελέω		v-pppafd-	glaux_only
16308	ὑπό	r--------		ὑπό		r--------	glaux_only
16309	δέ	c--------	δέ	δέ	d--------	c--------	
16310	ὁ	l-p---mg-		ὁ		l-p---mg-	glaux_only
16311	ἀνόητος	a-p---mg-		ἀνόητος		a-p---mg-	glaux_only
16312	περίστατος	a-p---fd-		περίστατος		a-p---fd-	glaux_only
16313	γίγνομαι	v-pppmfd-		γίγνομαι		v-pppmfd-	glaux_only
16314	,	u--------		,		u--------	glaux_only
16315	δέω	v--pna---		δέω		v--pna---	glaux_only
16316	δέ	c--------		δέ		c--------	glaux_only
16317	ὁ	l-p---ma-		ὁ		l-p---ma-	glaux_only
16318	προὔργου	d--------		προὔργου		d--------	glaux_only
16319	τις	p-s---na-		τις		p-s---na-	glaux_only
16320	ποιέω	v--pna---		ποιέω		v--pna---	glaux_only
16321	βούλομαι	v-pppmma-		βούλομαι		v-pppmma-	glaux_only
16322	καί	c--------		καί		c--------	glaux_only
16323	ὁ	l-p---mg-		ὁ		l-p---mg-	glaux_only
16324	λόγος	n-p---mg-		λόγος		n-p---mg-	glaux_only
16325	ὁ	l-p---ma-		ὁ		l-p---ma-	glaux_only
16326	μάταιος	a-p---ma-		μάταιος		a-p---ma-	glaux_only
16327	καί	c--------	καί	καί	d--------	c--------	
16328	ὁ	l-p---fg-		ὁ		l-p---fg-	glaux_only
16329	πρᾶξις	n-p---fg-		πρᾶξις		n-p---fg-	glaux_only
16330	ὁ	l-p---fa-		ὁ		l-p---fa-	glaux_only
16331	μηδείς	p-s---na-		μηδείς		p-s---na-	glaux_only
16332	πρός	r--------		πρός		r--------	glaux_only
16333	ὁ	l-s---ma-		ὁ		l-s---ma-	glaux_only
16334	βίος	n-s---ma-		βίος		n-s---ma-	glaux_only
16335	φέρω	v-pppafa-		φέρω		v-pppafa-	glaux_only
16336	ἀναιρέω	v--pna---		ἀναιρέω		v--pna---	glaux_only
16337	ἐκ	r--------		ἐκ		r--------	glaux_only
16338	ἅπας	p-p---fg-		ἅπας		p-p---fg-	glaux_only
16339	ὁ	l-p---fg-		ὁ		l-p---fg-	glaux_only
16340	διατριβή	n-p---fg-		διατριβή		n-p---fg-	glaux_only
16341	.	u--------		.		u--------	glaux_only
16342	περί	r--------		περί		r--------	glaux_only
16343	μέν	g--------		μέν		g--------	glaux_only
16344	οὖν	g--------		οὖν		g--------	glaux_only
16345	οὗτος	p-p---ng-		οὗτος		p-p---ng-	glaux_only
16346	ἀποχράω	v3spia---		ἀποχράω		v3spia---	glaux_only
16347	ἐγώ	p-s---cd-		ἐγώ		p-s---cd-	glaux_only
16348	ὁ	l-s---nn-		ὁ		l-s---nn-	glaux_only
16349	νῦν	d--------		νῦν		d--------	glaux_only
16350	εἰμί	v--pna---		εἰμί		v--pna---	glaux_only
16351	οὗτος	p-p---na-		οὗτος		p-p---na-	glaux_only
16352	λέγω	v--rna---		λέγω		v--rna---	glaux_only
16353	καί	c--------		καί		c--------	glaux_only
16354	συμβουλεύω	v--rna---		συμβουλεύω		v--rna---	glaux_only
16355	·	u--------		·		u--------	glaux_only
16356	περί	r--------		περί		r--------	glaux_only
16357	δέ	c--------		δέ		c--------	glaux_only
16358	σοφία	n-s---fg-		σοφία		n-s---fg-	glaux_only
16359	καί	c--------	καί	καί	c--------	c--------	
16360	φιλοσοφία	n-s---fg-		φιλοσοφία		n-s---fg-	glaux_only
16361	ὁ	l-p---md-		ὁ		l-p---md-	glaux_only
16362	μέν	g--------		μέν		g--------	glaux_only
16363	περί	r--------		περί		r--------	glaux_only
16364	ἄλλος	p-p---ng-		ἄλλος		p-p---ng-	glaux_only
16365	τις	p-p---ng-		τις		p-p---ng-	glaux_only
16366	ἀγωνίζομαι	v-pppmmd-		ἀγωνίζομαι		v-pppmmd-	glaux_only
16367	οὐ	d--------		οὐ		d--------	glaux_only
16368	ἄν	g--------		ἄν		g--------	glaux_only
16369	ἁρμόζω	v3saoa---		ἁρμόζω		v3saoa---	glaux_only
16370	λέγω	v--pna---		λέγω		v--pna---	glaux_only
16371	περί	r--------		περί		r--------	glaux_only
16372	ὁ	l-p---ng-		ὁ		l-p---ng-	glaux_only
16373	ὄνομα	n-p---ng-		ὄνομα		n-p---ng-	glaux_only
16374	οὗτος	p-p---ng-		οὗτος		p-p---ng-	glaux_only
16375	(	u--------		(		u--------	glaux_only
16376	εἰμί	v3spia---		εἰμί		v3spia---	glaux_only
16377	γάρ	g--------		γάρ		g--------	glaux_only
16378	ἀλλότριος	a-p---nn-		ἀλλότριος		a-p---nn-	glaux_only
16379	πᾶς	p-p---fd-		πᾶς		p-p---fd-	glaux_only
16380	ὁ	l-p---fd-		ὁ		l-p---fd-	glaux_only
16381	πραγματεία	n-p---fd-		πραγματεία		n-p---fd-	glaux_only
16382	)	u--------		)		u--------	glaux_only
16383	,	u--------		,		u--------	glaux_only
16384	ἐγώ	p-s---cd-		ἐγώ		p-s---cd-	glaux_only
16385	δέ	c--------		δέ		c--------	glaux_only
16386	ἐπειδή	c--------		ἐπειδή		c--------	glaux_only
16387	καί	c--------		καί		c--------	glaux_only
16388	κρίνω	v1spim---		κρίνω		v1spim---	glaux_only
16389	περί	r--------		περί		r--------	glaux_only
16390	ὁ	l-p---ng-		ὁ		l-p---ng-	glaux_only
16391	τοιοῦτος	p-p---ng-		τοιοῦτος		p-p---ng-	glaux_only
16392	καί	c--------		καί		c--------	glaux_only
16393	ὁ	l-s---fa-		ὁ		l-s---fa-	glaux_only
16394	καλέω	v-sppmfa-		καλέω		v-sppmfa-	glaux_only
16395	ὑπό	r--------		ὑπό		r--------	glaux_only
16396	τις	p-p---cg-		τις		p-p---cg-	glaux_only
16397	φιλοσοφία	n-s---fa-		φιλοσοφία		n-s---fa-	glaux_only
16398	οὐ	d--------		οὐ		d--------	glaux_only
16399	εἰμί	v--pna---		εἰμί		v--pna---	glaux_only
16400	φημί	v1spia---		φημί		v1spia---	glaux_only
16401	,	u--------		,		u--------	glaux_only
16402	προσήκω	v3spia---		προσήκω		v3spia---	glaux_only
16403	ὁ	l-s---fa-	ὁ	ὁ	l-s---fa-	l-s---fa-	
16404	δίκαιος	d--------		δίκαιος		d--------	glaux_only
16405	ἄν	g--------		ἄν		g--------	glaux_only
16406	νομίζω	v-sppmfa-		νομίζω		v-sppmfa-	glaux_only
16407	ὁρίζω	v--ana---		ὁρίζω		v--ana---	glaux_only
16408	καί	c--------	καί	καί	c--------	c--------	
16409	δηλόω	v--ana---		δηλόω		v--ana---	glaux_only
16410	πρός	r--------		πρός		r--------	glaux_only
16411	σύ	p-p---ca-		σύ		p-p---ca-	glaux_only
16412	.	u--------		.		u--------	glaux_only
16413	ἁπλῶς	d--------		ἁπλῶς		d--------	glaux_only
16414	δέ	c--------		δέ		c--------	glaux_only
16415	πως	d--------		πως		d--------	glaux_only
16416	τυγχάνω	v1spia---		τυγχάνω		v1spia---	glaux_only
16417	γιγνώσκω	v-sppamn-		γιγνώσκω		v-sppamn-	glaux_only
16418	περί	r--------		περί		r--------	glaux_only
16419	αὐτός	p-p---ng-		αὐτός		p-p---ng-	glaux_only
16420	.	u--------		.		u--------	glaux_only
16421	ἐπειδή	c--------		ἐπειδή		c--------	glaux_only
16422	γάρ	g--------		γάρ		g--------	glaux_only
16423	οὐ	d--------		οὐ		d--------	glaux_only
16424	ἔνειμι	v3spia---		ἔνειμι		v3spia---	glaux_only
16425	ἐν	r--------		ἐν		r--------	glaux_only
16426	ὁ	l-s---fd-		ὁ		l-s---fd-	glaux_only
16427	φύσις	n-s---fd-		φύσις		n-s---fd-	glaux_only
16428	ὁ	l-s---fd-		ὁ		l-s---fd-	glaux_only
16429	ὁ	l-p---mg-		ὁ		l-p---mg-	glaux_only
16430	ἄνθρωπος	n-p---mg-		ἄνθρωπος		n-p---mg-	glaux_only
16431	ἐπιστήμη	n-s---fa-		ἐπιστήμη		n-s---fa-	glaux_only
16432	λαμβάνω	v--ana---		λαμβάνω		v--ana---	glaux_only
16433	ὅς	p-s---fa-		ὅς		p-s---fa-	glaux_only
16434	ἔχω	v-pppamn-		ἔχω		v-pppamn-	glaux_only
16435	ἄν	g--------		ἄν		g--------	glaux_only
16436	οἶδα	v1proa---		οἶδα		v1proa---	glaux_only
16437	ὅς	p-s---na-		ὅς		p-s---na-	glaux_only
16438	τις	p-s---nn-		τις		p-s---nn-	glaux_only
16439	πράσσω	a-s---nn-		πράσσω		a-s---nn-	glaux_only
16440	ἤ	c--------		ἤ		c--------	glaux_only
16441	λεκτέος	a-s---nn-		λεκτέος		a-s---nn-	glaux_only
16442	εἰμί	v3spia---		εἰμί		v3spia---	glaux_only
16443	,	u--------		,		u--------	glaux_only
16444	ἐκ	r--------		ἐκ		r--------	glaux_only
16445	ὁ	l-p---ng-		ὁ		l-p---ng-	glaux_only
16446	λοιπός	a-p---ng-		λοιπός		a-p---ng-	glaux_only
16447	σοφός	a-p---ma-		σοφός		a-p---ma-	glaux_only
16448	μέν	g--------		μέν		g--------	glaux_only
16449	νομίζω	v1spia---		νομίζω		v1spia---	glaux_only
16450	ὁ	l-p---ma-	ὁ	ὁ	l-p---ma-	l-p---ma-	
16451	ὁ	l-p---fd-		ὁ		l-p---fd-	glaux_only
16452	δόξα	n-p---fd-		δόξα		n-p---fd-	glaux_only
16453	ἐπιτυγχάνω	v--pna---		ἐπιτυγχάνω		v--pna---	glaux_only
16454	ὡς	c--------		ὡς		c--------	glaux_only
16455	ἐπί	r--------		ἐπί		r--------	glaux_only
16456	ὁ	l-s---na-		ὁ		l-s---na-	glaux_only
16457	πολύς	a-s---na-		πολύς		a-s---na-	glaux_only
16458	ὁ	l-s---ng-		ὁ		l-s---ng-	glaux_only
16459	ἀγαθός	a-s---ngs		ἀγαθός		a-s---ngs	glaux_only
16460	δύναμαι	v-pppmma-		δύναμαι		v-pppmma-	glaux_only
16461	,	u--------		,		u--------	glaux_only
16462	φιλόσοφος	n-p---ma-		φιλόσοφος		n-p---ma-	glaux_only
16463	δέ	c--------	δέ	δέ	c--------	c--------	
16464	ὁ	l-p---ma-		ὁ		l-p---ma-	glaux_only
16465	ἐν	r--------		ἐν		r--------	glaux_only
16466	οὗτος	p-p---nd-		οὗτος		p-p---nd-	glaux_only
16467	διατρίβω	v-pppama-		διατρίβω		v-pppama-	glaux_only
16468	ἐκ	r--------		ἐκ		r--------	glaux_only
16469	ὅς	p-p---ng-		ὅς		p-p---ng-	glaux_only
16470	ταχύς	a-p---nas		ταχύς		a-p---nas	glaux_only
16471	λαμβάνω	v3pfim---		λαμβάνω		v3pfim---	glaux_only
16472	ὁ	l-s---fa-		ὁ		l-s---fa-	glaux_only
16473	τοιοῦτος	p-s---fa-		τοιοῦτος		p-s---fa-	glaux_only
16474	φρόνησις	n-s---fa-		φρόνησις		n-s---fa-	glaux_only
16475	.	u--------		.		u--------	glaux_only
16476	ὅς	p-p---nn-		ὅς		p-p---nn-	glaux_only
16477	δέ	c--------		δέ		c--------	glaux_only
16478	εἰμί	v3spia---		εἰμί		v3spia---	glaux_only
16479	ὁ	l-p---ng-		ὁ		l-p---ng-	glaux_only
16480	ἐπιτήδευμα	n-p---ng-		ἐπιτήδευμα		n-p---ng-	glaux_only
16481	οὗτος	p-s---fa-		οὗτος		p-s---fa-	glaux_only
16482	ἔχω	v-pppann-		ἔχω		v-pppann-	glaux_only
16483	ὁ	l-s---fa-		ὁ		l-s---fa-	glaux_only
16484	δύναμις	n-s---fa-		δύναμις		n-s---fa-	glaux_only
16485	,	u--------		,		u--------	glaux_only
16486	ἔχω	v1spia---		ἔχω		v1spia---	glaux_only
16487	μέν	g--------		μέν		g--------	glaux_only
16488	λέγω	v--ana---		λέγω		v--ana---	glaux_only
16489	,	u--------		,		u--------	glaux_only
16490	ὀκνέω	v1spia---		ὀκνέω		v1spia---	glaux_only
16491	δέ	c--------		δέ		c--------	glaux_only
16492	λέγω	v--pna---		λέγω		v--pna---	glaux_only
16493	·	u--------		·		u--------	glaux_only
16494	οὕτως	d--------		οὕτως		d--------	glaux_only
16495	γάρ	g--------		γάρ		g--------	glaux_only
16496	εἰμί	v3spia---		εἰμί		v3spia---	glaux_only
16497	σφόδρα	d--------		σφόδρα		d--------	glaux_only
16498	καί	c--------	καί	καί	c--------	c--------	
16499	παράδοξος	a-p---nn-		παράδοξος		a-p---nn-	glaux_only
16500	καί	c--------	καί	καί	c--------	c--------	
16501	πολύς	a-s---na-		πολύς		a-s---na-	glaux_only
16502	ὁ	l-s---fg-		ὁ		l-s---fg-	glaux_only
16503	ὁ	l-p---mg-	ὁ	ὁ	l-p---ng-	l-p---mg-	
16504	ἄλλος	p-p---mg-		ἄλλος		p-p---mg-	glaux_only
16505	ἀφίστημι	v-prpann-		ἀφίστημι		v-prpann-	glaux_only
16506	διάνοια	n-s---fg-		διάνοια		n-s---fg-	glaux_only
16507	,	u--------		,		u--------	glaux_only
16508	ὥστε	c--------		ὥστε		c--------	glaux_only
16509	φοβέω	v1spim---		φοβέω		v1spim---	glaux_only
16510	μή	d--------		μή		d--------	glaux_only
16511	ὁ	l-s---fa-		ὁ		l-s---fa-	glaux_only
16512	ἀρχή	n-s---fa-		ἀρχή		n-s---fa-	glaux_only
16513	αὐτός	p-p---mg-		αὐτός		p-p---mg-	glaux_only
16514	ἀκούω	v-papamn-		ἀκούω		v-papamn-	glaux_only
16515	θόρυβος	n-s---mg-		θόρυβος		n-s---mg-	glaux_only
16516	καί	c--------	καί	καί	c--------	c--------	
16517	βοή	n-s---fg-		βοή		n-s---fg-	glaux_only
16518	ἅπας	p-s---na-		ἅπας		p-s---na-	glaux_only
16519	ἐμπίμπλημι	v2pasa---		ἐμπίμπλημι		v2pasa---	glaux_only
16520	ὁ	l-s---na-		ὁ		l-s---na-	glaux_only
16521	δικαστήριον	n-s---na-		δικαστήριον		n-s---na-	glaux_only
16522	.	u--------		.		u--------	glaux_only
16523	ὅμως	d--------		ὅμως		d--------	glaux_only
16524	δέ	c--------		δέ		c--------	glaux_only
16525	καί	c--------	καί	καί	c--------	c--------	
16526	περ	d--------		περ		d--------	glaux_only
16527	οὕτως	d--------		οὕτως		d--------	glaux_only
16528	διάκειμαι	v-srpmmn-		διάκειμαι		v-srpmmn-	glaux_only
16529	ἐπιχειρέω	v1sfia---		ἐπιχειρέω		v1sfia---	glaux_only
16530	διαλέγω	v--anp---		διαλέγω		v--anp---	glaux_only
16531	περί	r--------		περί		r--------	glaux_only
16532	αὐτός	p-p---ng-		αὐτός		p-p---ng-	glaux_only
16533	·	u--------		·		u--------	glaux_only
16534	αἰσχύνω	v1spim---		αἰσχύνω		v1spim---	glaux_only
16535	γάρ	g--------		γάρ		g--------	glaux_only
16536	εἰ	c--------		εἰ		c--------	glaux_only
16537	τις	p-p---cd-		τις		p-p---cd-	glaux_only
16538	δοκέω	v1sfia---		δοκέω		v1sfia---	glaux_only
16539	δείδω	v-srpamn-		δείδω		v-srpamn-	glaux_only
16540	ὑπέρ	r--------		ὑπέρ		r--------	glaux_only
16541	γῆρας	n-s---ng-		γῆρας		n-s---ng-	glaux_only
16542	καί	c--------		καί		c--------	glaux_only
16543	μικρός	a-s---mg-		μικρός		a-s---mg-	glaux_only
16544	βίος	n-s---mg-		βίος		n-s---mg-	glaux_only
16545	προδίδωμι	v--pna---		προδίδωμι		v--pna---	glaux_only
16546	ὁ	l-s---fa-	ὁ	ὁ	l-s---fa-	l-s---fa-	
16547	ἀλήθεια	n-s---fa-		ἀλήθεια		n-s---fa-	glaux_only
16548	.	u--------		.		u--------	glaux_only
16549	δέω	v1spim---		δέω		v1spim---	glaux_only
16550	δέ	c--------	δέ	δέ	c--------	c--------	
16551	σύ	p-p---cg-		σύ		p-p---cg-	glaux_only
16552	μή	d--------		μή		d--------	glaux_only
16553	προκαταγιγνώσκω	v--ana---		προκαταγιγνώσκω		v--ana---	glaux_only
16554	ἐγώ	p-s---cg-		ἐγώ		p-s---cg-	glaux_only
16555	τοιοῦτος	p-s---fa-		τοιοῦτος		p-s---fa-	glaux_only
16556	μανία	n-s---fa-		μανία		n-s---fa-	glaux_only
16557	,	u--------		,		u--------	glaux_only
16558	ὡς	c--------		ὡς		c--------	glaux_only
16559	ἄρα	g--------		ἄρα		g--------	glaux_only
16560	ἐγώ	p-s---cn-		ἐγώ		p-s---cn-	glaux_only
16561	κινδυνεύω	v-sppamn-		κινδυνεύω		v-sppamn-	glaux_only
16562	προαιρέω	v1saim---		προαιρέω		v1saim---	glaux_only
16563	ἄν	g--------		ἄν		g--------	glaux_only
16564	λόγος	n-p---ma-		λόγος		n-p---ma-	glaux_only
16565	λέγω	v--ana---		λέγω		v--ana---	glaux_only
16566	ἐναντίος	a-p---ma-		ἐναντίος		a-p---ma-	glaux_only
16567	ὁ	l-p---fd-		ὁ		l-p---fd-	glaux_only
16568	ὑμέτερος	a-p---fd-		ὑμέτερος		a-p---fd-	glaux_only
16569	γνώμη	n-p---fd-		γνώμη		n-p---fd-	glaux_only
16570	,	u--------	,	,	u--------	u--------	
16571	εἰ	c--------		εἰ		c--------	glaux_only
16572	μή	d--------		μή		d--------	glaux_only
16573	καί	c--------	καί	καί	c--------	c--------	
16574	ὁ	l-p---nd-		ὁ		l-p---nd-	glaux_only
16575	προλέγω	v-prpmnd-		προλέγω		v-prpmnd-	glaux_only
16576	ἀκόλουθος	a-p---ma-		ἀκόλουθος		a-p---ma-	glaux_only
16577	αὐτός	p-p---ma-		αὐτός		p-p---ma-	glaux_only
16578	νομίζω	v3piia---		νομίζω		v3piia---	glaux_only
16579	εἰμί	v--pna---		εἰμί		v--pna---	glaux_only
16580	,	u--------		,		u--------	glaux_only
16581	καί	c--------	καί	καί	c--------	c--------	
16582	ὁ	l-p---fa-		ὁ		l-p---fa-	glaux_only
16583	ἀπόδειξις	n-p---fa-		ἀπόδειξις		n-p---fa-	glaux_only
16584	ἀληθής	a-p---fa-		ἀληθής		a-p---fa-	glaux_only
16585	καί	c--------	καί	καί	c--------	c--------	
16586	σαφής	a-p---fa-		σαφής		a-p---fa-	glaux_only
16587	οἴομαι	v1siim---		οἴομαι		v1siim---	glaux_only
16588	ἔχω	v--pna---		ἔχω		v--pna---	glaux_only
16589	ὑπέρ	r--------		ὑπέρ		r--------	glaux_only
16590	αὐτός	p-p---mg-		αὐτός		p-p---mg-	glaux_only
16591	.	u--------		.		u--------	glaux_only
16592	ἡγέομαι	v1spim---		ἡγέομαι		v1spim---	glaux_only
16593	δέ	c--------		δέ		c--------	glaux_only
16594	τοιοῦτος	p-s---fa-		τοιοῦτος		p-s---fa-	glaux_only
16595	μέν	g--------		μέν		g--------	glaux_only
16596	τέχνη	n-s---fa-		τέχνη		n-s---fa-	glaux_only
16597	,	u--------		,		u--------	glaux_only
16598	ὅστις	p-s---fn-		ὅστις		p-s---fn-	glaux_only
16599	ὁ	l-p---md-		ὁ		l-p---md-	glaux_only
16600	κακός	d--------		κακός		d--------	glaux_only
16601	φύω	v-prpamd-		φύω		v-prpamd-	glaux_only
16602	ἀρετή	n-s---fa-		ἀρετή		n-s---fa-	glaux_only
16603	ἐνεργάζομαι	v3saom---		ἐνεργάζομαι		v3saom---	glaux_only
16604	ἄν	g--------		ἄν		g--------	glaux_only
16605	καί	c--------		καί		c--------	glaux_only
16606	δικαιοσύνη	n-s---fa-		δικαιοσύνη		n-s---fa-	glaux_only
16607	,	u--------		,		u--------	glaux_only
16608	οὐ	d--------		οὐ		d--------	glaux_only
16609	τε	c--------		τε		c--------	glaux_only
16610	πρότερος	d-------c		πρότερος		d-------c	glaux_only
16611							unmatched
16612							unmatched
16613							unmatched
16614							unmatched
16615							unmatched
16616	,	u--------		,		u--------	glaux_only
16617	ὁ	l-p---ma-	ὁ		l-p---ma-		oga_only
16618							unmatched
16619							unmatched
16620							unmatched
16621							unmatched
16622							unmatched
16623							unmatched
16624							unmatched
16625							unmatched
16626	καί	c--------	καί		c--------		oga_only
16627							unmatched
16628							unmatched
16629							unmatched
16630							unmatched
16631							unmatched
16632							unmatched
16633							unmatched
16634							unmatched
16635							unmatched
16636	οὐ	d--------		οὐ		d--------	glaux_only
16637	μήν	g--------		μήν		g--------	glaux_only
16638	ἀλλά	c--------		ἀλλά		c--------	glaux_only
16639	αὐτός	p-p---ma-		αὐτός		p-p---ma-	glaux_only
16640	γε	g--------		γε		g--------	glaux_only
16641	ἑαυτοῦ	p-p---mg-		ἑαυτοῦ		p-p---mg-	glaux_only
16642	ἀγαθός	a-p---mac		ἀγαθός		a-p---mac	glaux_only
16643	ἄν	g--------		ἄν		g--------	glaux_only
16644	γίγνομαι	v--pnm---		γίγνομαι		v--pnm---	glaux_only
16645	καί	c--------		καί		c--------	glaux_only
16646	πολύς	a-s---ngc		πολύς		a-s---ngc	glaux_only
16647	ἄξιος	a-p---ma-		ἄξιος		a-p---ma-	glaux_only
16648	,	u--------		,		u--------	glaux_only
16649	εἰ	c--------		εἰ		c--------	glaux_only
16650	πρός	r--------		πρός		r--------	glaux_only
16651	τε	c--------		τε		c--------	glaux_only
16652	ὁ	l-s---na-		ὁ		l-s---na-	glaux_only
16653	λέγω	v--pna---		λέγω		v--pna---	glaux_only
16654	εὖ	d--------		εὖ		d--------	glaux_only
16655	φιλότιμος	d--------		φιλότιμος		d--------	glaux_only
16656	διατίθημι	v3paop---		διατίθημι		v3paop---	glaux_only
16657	,	u--------		,		u--------	glaux_only
16658	καί	c--------		καί		c--------	glaux_only
16659	ὁ	l-s---ng-		ὁ		l-s---ng-	glaux_only
16660	πείθω	v--pna---		πείθω		v--pna---	glaux_only
16661	δύναμαι	v--pnm---		δύναμαι		v--pnm---	glaux_only
16662	ὁ	l-p---ma-		ὁ		l-p---ma-	glaux_only
16663	ἀκούω	v-pppama-		ἀκούω		v-pppama-	glaux_only
16664	ἔραμαι	v3paop---		ἔραμαι		v3paop---	glaux_only
16665	,	u--------		,		u--------	glaux_only
16666	καί	c--------	καί	καί	c--------	c--------	
16667	πρός	r--------		πρός		r--------	glaux_only
16668	οὗτος	p-p---nd-		οὗτος		p-p---nd-	glaux_only
16669	ὁ	l-s---fg-		ὁ		l-s---fg-	glaux_only
16670	πλεονεξία	n-s---fg-		πλεονεξία		n-s---fg-	glaux_only
16671	ἐπιθυμέω	v3paoa---		ἐπιθυμέω		v3paoa---	glaux_only
16672	,	u--------	,	,	u--------	u--------	
16673	μή	d--------		μή		d--------	glaux_only
16674	ὁ	l-s---fg-		ὁ		l-s---fg-	glaux_only
16675	ὑπό	r--------		ὑπό		r--------	glaux_only
16676	ὁ	l-p---mg-		ὁ		l-p---mg-	glaux_only
16677	ἀνόητος	a-p---mg-		ἀνόητος		a-p---mg-	glaux_only
16678	νομίζω	v-sppmfg-		νομίζω		v-sppmfg-	glaux_only
16679	,	u--------		,		u--------	glaux_only
16680	ἀλλά	c--------		ἀλλά		c--------	glaux_only
16681	ὁ	l-s---fg-		ὁ		l-s---fg-	glaux_only
16682	ὡς	c--------		ὡς		c--------	glaux_only
16683	ἀληθής	d--------		ἀληθής		d--------	glaux_only
16684	ὁ	l-s---fa-		ὁ		l-s---fa-	glaux_only
16685	δύναμις	n-s---fa-		δύναμις		n-s---fa-	glaux_only
16686	οὗτος	p-s---fa-		οὗτος		p-s---fa-	glaux_only
16687	ἔχω	v-sppafg-		ἔχω		v-sppafg-	glaux_only
16688	.	u--------		.		u--------	glaux_only
16689	καί	c--------	καί	καί	d--------	c--------	
16690	οὗτος	p-p---nn-		οὗτος		p-p---nn-	glaux_only
16691	ὡς	c--------		ὡς		c--------	glaux_only
16692	οὕτως	d--------		οὕτως		d--------	glaux_only
16693	φύω	v3sria---		φύω		v3sria---	glaux_only
16694	,	u--------		,		u--------	glaux_only
16695	ταχύς	d--------		ταχύς		d--------	glaux_only
16696	οἴομαι	v1spim---		οἴομαι		v1spim---	glaux_only
16697	δηλόω	v--fna---		δηλόω		v--fna---	glaux_only
16698	.	u--------		.		u--------	glaux_only
16699	πρῶτος	a-s---na-		πρῶτος		a-s---na-	glaux_only
16700	μέν	g--------		μέν		g--------	glaux_only
16701	γάρ	g--------		γάρ		g--------	glaux_only
16702	ὁ	l-s---mn-		ὁ		l-s---mn-	glaux_only
16703	λέγω	v--pna---		λέγω		v--pna---	glaux_only
16704	ἤ	c--------		ἤ		c--------	glaux_only
16705	γράφω	v--pna---		γράφω		v--pna---	glaux_only
16706	προαιρέω	v-sppmmn-		προαιρέω		v-sppmmn-	glaux_only
16707	λόγος	n-p---ma-		λόγος		n-p---ma-	glaux_only
16708	ἄξιος	a-p---ma-		ἄξιος		a-p---ma-	glaux_only
16709	ἔπαινος	n-s---mg-		ἔπαινος		n-s---mg-	glaux_only
16710	καί	c--------	καί	καί	c--------	c--------	
16711	τιμή	n-s---fg-		τιμή		n-s---fg-	glaux_only
16712	οὐ	d--------	οὐ	οὐ	d--------	d--------	
16713	εἰμί	v3spia---		εἰμί		v3spia---	glaux_only
16714	ὅπως	c--------		ὅπως		c--------	glaux_only
16715	ποιέω	v3sfim---		ποιέω		v3sfim---	glaux_only
16716	ὁ	l-p---fa-		ὁ		l-p---fa-	glaux_only
16717	ὑπόθεσις	n-p---fa-		ὑπόθεσις		n-p---fa-	glaux_only
16718	ἄδικος	a-p---fa-		ἄδικος		a-p---fa-	glaux_only
16719	ἤ	c--------		ἤ		c--------	glaux_only
16720	μικρός	a-p---fa-		μικρός		a-p---fa-	glaux_only
16721	ἤ	c--------		ἤ		c--------	glaux_only
16722	περί	r--------		περί		r--------	glaux_only
16723	ὁ	l-p---ng-		ὁ		l-p---ng-	glaux_only
16724	ἴδιος	a-p---ng-		ἴδιος		a-p---ng-	glaux_only
16725	συμβόλαιον	n-p---ng-		συμβόλαιον		n-p---ng-	glaux_only
16726	,	u--------		,		u--------	glaux_only
16727	ἀλλά	c--------		ἀλλά		c--------	glaux_only
16728	μέγας	a-p---fa-		μέγας		a-p---fa-	glaux_only
16729	καί	c--------		καί		c--------	glaux_only
16730	καλός	a-p---fa-		καλός		a-p---fa-	glaux_only
16731	καί	c--------		καί		c--------	glaux_only
16732	φιλάνθρωπος	a-p---fa-		φιλάνθρωπος		a-p---fa-	glaux_only
16733	καί	c--------		καί		c--------	glaux_only
16734	περί	r--------		περί		r--------	glaux_only
16735	ὁ	l-p---ng-		ὁ		l-p---ng-	glaux_only
16736	κοινός	a-p---ng-		κοινός		a-p---ng-	glaux_only
16737	πρᾶγμα	n-p---ng-		πρᾶγμα		n-p---ng-	glaux_only
16738	·	u--------		·		u--------	glaux_only
16739	μή	d--------		μή		d--------	glaux_only
16740	γάρ	g--------		γάρ		g--------	glaux_only
16741	τοιοῦτος	p-p---fa-		τοιοῦτος		p-p---fa-	glaux_only
16742	εὑρίσκω	v-sppamn-		εὑρίσκω		v-sppamn-	glaux_only
16743	οὐδείς	p-s---na-		οὐδείς		p-s---na-	glaux_only
16744	διαπράσσω	v3sfim---		διαπράσσω		v3sfim---	glaux_only
16745	ὁ	l-p---ng-		ὁ		l-p---ng-	glaux_only
16746	δέω	v-pppang-		δέω		v-pppang-	glaux_only
16747	.	u--------		.		u--------	glaux_only
16748	ἔπειτα	d--------		ἔπειτα		d--------	glaux_only
16749	ὁ	l-p---fg-		ὁ		l-p---fg-	glaux_only
16750	πρᾶξις	n-p---fg-		πρᾶξις		n-p---fg-	glaux_only
16751	ὁ	l-p---fg-	ὁ	ὁ	l-p---ng-	l-p---fg-	
16752	συντείνω	v-pppafg-		συντείνω		v-pppafg-	glaux_only
16753	πρός	r--------		πρός		r--------	glaux_only
16754	ὁ	l-s---fa-		ὁ		l-s---fa-	glaux_only
16755	ὑπόθεσις	n-s---fa-		ὑπόθεσις		n-s---fa-	glaux_only
16756	ἐκλέγω	v3sfim---		ἐκλέγω		v3sfim---	glaux_only
16757	ὁ	l-p---fa-		ὁ		l-p---fa-	glaux_only
16758	πρεπώδης	a-p---fas		πρεπώδης		a-p---fas	glaux_only
16759	καί	c--------		καί		c--------	glaux_only
16760	μάλα	d-------s		μάλα		d-------s	glaux_only
16761	συμφέρω	v-pppafa-		συμφέρω		v-pppafa-	glaux_only
16762	·	u--------		·		u--------	glaux_only
16763	ὁ	l-s---mn-		ὁ		l-s---mn-	glaux_only
16764	δέ	c--------		δέ		c--------	glaux_only
16765	ὁ	l-p---fa-		ὁ		l-p---fa-	glaux_only
16766	τοιοῦτος	p-p---fa-		τοιοῦτος		p-p---fa-	glaux_only
16767	συνεθίζω	v-sppmmn-		συνεθίζω		v-sppmmn-	glaux_only
16768	θεωρέω	v--pna---		θεωρέω		v--pna---	glaux_only
16769	καί	c--------		καί		c--------	glaux_only
16770	δοκιμάζω	v--pna---		δοκιμάζω		v--pna---	glaux_only
16771	οὐ	d--------		οὐ		d--------	glaux_only
16772	μόνος	d--------		μόνος		d--------	glaux_only
16773	περί	r--------		περί		r--------	glaux_only
16774	ὁ	l-s---ma-		ὁ		l-s---ma-	glaux_only
16775	ἐνίστημι	v-srpama-		ἐνίστημι		v-srpama-	glaux_only
16776	λόγος	n-s---ma-		λόγος		n-s---ma-	glaux_only
16777	ἀλλά	c--------		ἀλλά		c--------	glaux_only
16778	καί	c--------	καί	καί	c--------	c--------	
16779	περί	r--------		περί		r--------	glaux_only
16780	ὁ	l-p---fa-		ὁ		l-p---fa-	glaux_only
16781	ἄλλος	p-p---fa-		ἄλλος		p-p---fa-	glaux_only
16782	πρᾶξις	n-p---fa-		πρᾶξις		n-p---fa-	glaux_only
16783	ὁ	l-s---fa-		ὁ		l-s---fa-	glaux_only
16784	αὐτός	p-s---fa-		αὐτός		p-s---fa-	glaux_only
16785	ἔχω	v3sfia---		ἔχω		v3sfia---	glaux_only
16786	οὗτος	p-s---fa-		οὗτος		p-s---fa-	glaux_only
16787	δύναμις	n-s---fa-		δύναμις		n-s---fa-	glaux_only
16788	,	u--------		,		u--------	glaux_only
16789	ὥστε	c--------		ὥστε		c--------	glaux_only
16790	ἅμα	d--------		ἅμα		d--------	glaux_only
16791	ὁ	l-s---nn-		ὁ		l-s---nn-	glaux_only
16792	λέγω	v--pna---		λέγω		v--pna---	glaux_only
16793	εὖ	d--------		εὖ		d--------	glaux_only
16794	καί	c--------		καί		c--------	glaux_only
16795	ὁ	l-s---nn-		ὁ		l-s---nn-	glaux_only
16796	φρονέω	v--pna---		φρονέω		v--pna---	glaux_only
16797	παραγίγνομαι	v3sfim---		παραγίγνομαι		v3sfim---	glaux_only
16798	ὁ	l-p---md-		ὁ		l-p---md-	glaux_only
16799	φιλόσοφος	d--------		φιλόσοφος		d--------	glaux_only
16800	καί	c--------	καί	καί	d--------	c--------	
16801	φιλότιμος	d--------		φιλότιμος		d--------	glaux_only
16802	πρός	r--------		πρός		r--------	glaux_only
16803	ὁ	l-p---ma-		ὁ		l-p---ma-	glaux_only
16804	λόγος	n-p---ma-		λόγος		n-p---ma-	glaux_only
16805	διάκειμαι	v-prpmmd-		διάκειμαι		v-prpmmd-	glaux_only
16806	.	u--------		.		u--------	glaux_only
16807	καί	c--------		καί		c--------	glaux_only
16808	μήν	g--------		μήν		g--------	glaux_only
16809							unmatched
16810	ὁ	l-s---mn-		ὁ		l-s---mn-	glaux_only
16811	πείθω	v--pna---		πείθω		v--pna---	glaux_only
16812	τις	p-p---ca-		τις		p-p---ca-	glaux_only
16813	βούλομαι	v-sppmmn-		βούλομαι		v-sppmmn-	glaux_only
16814	ἀμελέω	v3sfia---		ἀμελέω		v3sfia---	glaux_only
16815	ὁ	l-s---fg-	ὁ	ὁ	l-s---fg-	l-s---fg-	
16816	ἀρετή	n-s---fg-		ἀρετή		n-s---fg-	glaux_only
16817	,	u--------		,		u--------	glaux_only
16818	ἀλλά	c--------		ἀλλά		c--------	glaux_only
16819	οὗτος	p-s---md-		οὗτος		p-s---md-	glaux_only
16820	μάλα	d-------s		μάλα		d-------s	glaux_only
16821	προσέχω	v3sfia---		προσέχω		v3sfia---	glaux_only
16822	ὁ	l-s---ma-		ὁ		l-s---ma-	glaux_only
16823	νόος	n-s---ma-		νόος		n-s---ma-	glaux_only
16824	,	u--------		,		u--------	glaux_only
16825	ὅπως	c--------		ὅπως		c--------	glaux_only
16826	δόξα	n-s---fa-		δόξα		n-s---fa-	glaux_only
16827	ὡς	c--------		ὡς		c--------	glaux_only
16828	ἐπιεικής	a-s---fas		ἐπιεικής		a-s---fas	glaux_only
16829	λαμβάνω	v3sfim---		λαμβάνω		v3sfim---	glaux_only
16830	παρά	r--------		παρά		r--------	glaux_only
16831	ὁ	l-p---md-		ὁ		l-p---md-	glaux_only
16832	συμπολιτεύω	v-pppmmd-		συμπολιτεύω		v-pppmmd-	glaux_only
16833	.	u--------		.		u--------	glaux_only
16834	τίς	p-s---cn-		τίς		p-s---cn-	glaux_only
16835	γάρ	g--------		γάρ		g--------	glaux_only
16836	οὐ	d--------		οὐ		d--------	glaux_only
16837	οἶδα	v3sria---		οἶδα		v3sria---	glaux_only
16838	καί	c--------	καί	καί	c--------	c--------	
16839	ὁ	l-p---ma-		ὁ		l-p---ma-	glaux_only
16840	λόγος	n-p---ma-		λόγος		n-p---ma-	glaux_only
16841	ἀληθής	a-p---mac		ἀληθής		a-p---mac	glaux_only
16842	δοκέω	v-pppama-		δοκέω		v-pppama-	glaux_only
16843	εἰμί	v--pna---		εἰμί		v--pna---	glaux_only
16844	ὁ	l-p---ma-		ὁ		l-p---ma-	glaux_only
16845	ὑπό	r--------		ὑπό		r--------	glaux_only
16846	ὁ	l-p---mg-	ὁ	ὁ	l-p---mg-	l-p---mg-	
16847	εὖ	d--------		εὖ		d--------	glaux_only
16848	διάκειμαι	v-prpmmg-		διάκειμαι		v-prpmmg-	glaux_only
16849	λέγω	v-pppmma-		λέγω		v-pppmma-	glaux_only
16850	ἤ	c--------		ἤ		c--------	glaux_only
16851	ὁ	l-p---ma-	ὁ	ὁ	l-p---ma-	l-p---ma-	
16852	ὑπό	r--------		ὑπό		r--------	glaux_only
16853	ὁ	l-p---mg-		ὁ		l-p---mg-	glaux_only
16854	διαβάλλω	v-prpmmg-		διαβάλλω		v-prpmmg-	glaux_only
16855	,	u--------		,		u--------	glaux_only
16856	καί	c--------	καί	καί	c--------	c--------	
16857	ὁ	l-p---fa-		ὁ		l-p---fa-	glaux_only
16858	πίστις	n-p---fa-		πίστις		n-p---fa-	glaux_only
16859	μέγας	a-s---nac		μέγας		a-s---nac	glaux_only
16860	δύναμαι	v-pppmfa-		δύναμαι		v-pppmfa-	glaux_only
16861	ὁ	l-p---fa-		ὁ		l-p---fa-	glaux_only
16862	ἐκ	r--------		ἐκ		r--------	glaux_only
16863	ὁ	l-s---mg-		ὁ		l-s---mg-	glaux_only
16864	βίος	n-s---mg-		βίος		n-s---mg-	glaux_only
16865	γίγνομαι	v-prpmfa-		γίγνομαι		v-prpmfa-	glaux_only
16866	ἤ	c--------		ἤ		c--------	glaux_only
16867	ὁ	l-p---fa-		ὁ		l-p---fa-	glaux_only
16868	ὑπό	r--------		ὑπό		r--------	glaux_only
16869	ὁ	l-s---mg-		ὁ		l-s---mg-	glaux_only
16870	λόγος	n-s---mg-		λόγος		n-s---mg-	glaux_only
16871	πορίζω	v-prpmfa-		πορίζω		v-prpmfa-	glaux_only
16872	;	u--------		;		u--------	glaux_only
16873	ὥστε	c--------		ὥστε		c--------	glaux_only
16874	ὅσος	p-s---nd-		ὅσος		p-s---nd-	glaux_only
16875	ἄν	g--------		ἄν		g--------	glaux_only
16876	τις	p-s---cn-		τις		p-s---cn-	glaux_only
16877	ἐρρωμένος	d--------		ἐρρωμένος		d--------	glaux_only
16878	ἐπιθυμέω	v3spsa---		ἐπιθυμέω		v3spsa---	glaux_only
16879	πείθω	v--pna---		πείθω		v--pna---	glaux_only
16880	ὁ	l-p---ma-		ὁ		l-p---ma-	glaux_only
16881	ἀκούω	v-pppama-		ἀκούω		v-pppama-	glaux_only
16882	,	u--------		,		u--------	glaux_only
16883	τοσοῦτος	p-s---nd-		τοσοῦτος		p-s---nd-	glaux_only
16884	μάλα	d-------c		μάλα		d-------c	glaux_only
16885	ἀσκέω	v3sfia---		ἀσκέω		v3sfia---	glaux_only
16886	καλός	a-s---mn-		καλός		a-s---mn-	glaux_only
16887							unmatched
16888							unmatched
16889	εἰμί	v--pna---	εἰμί	εἰμί	v--pna---	v--pna---	
16890	καί	c--------		καί		c--------	glaux_only
16891	παρά	r--------		παρά		r--------	glaux_only
16892	ὁ	l-p---md-		ὁ		l-p---md-	glaux_only
16893	πολίτης	n-p---md-		πολίτης		n-p---md-	glaux_only
16894	εὐδοκιμέω	v--pna---		εὐδοκιμέω		v--pna---	glaux_only
16895	.	u--------		.		u--------	glaux_only
16896	καί	c--------		καί		c--------	glaux_only
16897	μηδείς	p-s---mn-		μηδείς		p-s---mn-	glaux_only
16898	σύ	p-p---cg-		σύ		p-p---cg-	glaux_only
16899	οἴομαι	v3spmm---		οἴομαι		v3spmm---	glaux_only
16900	ὁ	l-p---ma-	ὁ	ὁ	l-p---ma-	l-p---ma-	
16901	μέν	g--------	μέν	μέν	d--------	g--------	
16902	ἄλλος	p-p---ma-		ἄλλος		p-p---ma-	glaux_only
16903	ἅπας	p-p---ma-		ἅπας		p-p---ma-	glaux_only
16904	γιγνώσκω	v--pna---		γιγνώσκω		v--pna---	glaux_only
16905	ὅσος	p-s---fa-		ὅσος		p-s---fa-	glaux_only
16906	ἔχω	v3spia---		ἔχω		v3spia---	glaux_only
16907	ῥοπή	n-s---fa-		ῥοπή		n-s---fa-	glaux_only
16908	εἰς	r--------		εἰς		r--------	glaux_only
16909	ὁ	l-s---na-		ὁ		l-s---na-	glaux_only
16910	πείθω	v--pna---		πείθω		v--pna---	glaux_only
16911	ὁ	l-s---na-		ὁ		l-s---na-	glaux_only
16912	ὁ	l-p---md-		ὁ		l-p---md-	glaux_only
16913	κρίνω	v-pppamd-		κρίνω		v-pppamd-	glaux_only
16914	ἀρέσκω	v--pna---		ἀρέσκω		v--pna---	glaux_only
16915	,	u--------		,		u--------	glaux_only
16916	ὁ	l-p---ma-	ὁ	ὁ	l-p---ma-	l-p---ma-	
16917	δέ	c--------		δέ		c--------	glaux_only
16918	περί	r--------		περί		r--------	glaux_only
16919	ὁ	l-s---fa-	ὁ	ὁ	l-s---fa-	l-s---fa-	
16920	φιλοσοφία	n-s---fa-		φιλοσοφία		n-s---fa-	glaux_only
16921	εἰμί	v-pppama-		εἰμί		v-pppama-	glaux_only
16922	μόνος	a-p---ma-		μόνος		a-p---ma-	glaux_only
16923	ἀγνοέω	v--pna---		ἀγνοέω		v--pna---	glaux_only
16924	ὁ	l-s---fa-		ὁ		l-s---fa-	glaux_only
16925	ὁ	l-s---fg-		ὁ		l-s---fg-	glaux_only
16926	εὔνοια	n-s---fg-		εὔνοια		n-s---fg-	glaux_only
16927	δύναμις	n-s---fa-		δύναμις		n-s---fa-	glaux_only
16928	·	u--------		·		u--------	glaux_only
16929	πολύς	a-s---na-		πολύς		a-s---na-	glaux_only
16930	γάρ	g--------		γάρ		g--------	glaux_only
16931	ἀκριβής	a-s---nac		ἀκριβής		a-s---nac	glaux_only
16932	ὁ	l-p---ng-		ὁ		l-p---ng-	glaux_only
16933	ἄλλος	p-p---ng-		ἄλλος		p-p---ng-	glaux_only
16934	καί	c--------		καί		c--------	glaux_only
16935	οὗτος	p-p---na-		οὗτος		p-p---na-	glaux_only
16936	οἶδα	v3pria---		οἶδα		v3pria---	glaux_only
16937	,	u--------		,		u--------	glaux_only
16938	καί	c--------		καί		c--------	glaux_only
16939	πρός	r--------		πρός		r--------	glaux_only
16940	οὗτος	p-p---nd-		οὗτος		p-p---nd-	glaux_only
16941	ὅτι	c--------		ὅτι		c--------	glaux_only
16942	ὁ	l-p---na-		ὁ		l-p---na-	glaux_only
16943	μέν	g--------		μέν		g--------	glaux_only
16944	ἔοικα	v-prpana-		ἔοικα		v-prpana-	glaux_only
16945	καί	c--------		καί		c--------	glaux_only
16946	ὁ	l-p---na-		ὁ		l-p---na-	glaux_only
16947	τεκμήριον	n-p---na-		τεκμήριον		n-p---na-	glaux_only
16948	καί	c--------	καί	καί	d--------	c--------	
16949	πᾶς	p-s---na-		πᾶς		p-s---na-	glaux_only
16950	ὁ	l-s---nn-		ὁ		l-s---nn-	glaux_only
16951	ὁ	l-p---fg-		ὁ		l-p---fg-	glaux_only
16952	πίστις	n-p---fg-		πίστις		n-p---fg-	glaux_only
16953	εἶδος	n-s---nn-		εἶδος		n-s---nn-	glaux_only
16954	οὗτος	p-s---nn-		οὗτος		p-s---nn-	glaux_only
16955	μόνος	a-s---na-		μόνος		a-s---na-	glaux_only
16956	ὠφελέω	v3spia---		ὠφελέω		v3spia---	glaux_only
16957	ὁ	l-s---nn-		ὁ		l-s---nn-	glaux_only
16958	μέρος	n-s---nn-		μέρος		n-s---nn-	glaux_only
16959	,	u--------		,		u--------	glaux_only
16960	ἐπί	r--------		ἐπί		r--------	glaux_only
16961	ὅς	p-s---nd-		ὅς		p-s---nd-	glaux_only
16962	ἄν	g--------		ἄν		g--------	glaux_only
16963	αὐτός	p-p---ng-		αὐτός		p-p---ng-	glaux_only
16964	ἕκαστος	p-s---nn-		ἕκαστος		p-s---nn-	glaux_only
16965	τυγχάνω	v3sasa---		τυγχάνω		v3sasa---	glaux_only
16966	λέγω	v-sappnn-		λέγω		v-sappnn-	glaux_only
16967	,	u--------	,	,	u--------	u--------	
16968	ὁ	l-s---na-		ὁ		l-s---na-	glaux_only
16969	δέ	c--------		δέ		c--------	glaux_only
16970	δοκέω	v--pna---		δοκέω		v--pna---	glaux_only
16971	εἰμί	v--pna---		εἰμί		v--pna---	glaux_only
16972	καλός	a-s---na-		καλός		a-s---na-	glaux_only
16973							unmatched
16974							unmatched
16975	οὐ	d--------		οὐ		d--------	glaux_only
16976	μόνος	d--------		μόνος		d--------	glaux_only
16977	ὁ	l-s---ma-		ὁ		l-s---ma-	glaux_only
16978	λόγος	n-s---ma-		λόγος		n-s---ma-	glaux_only
16979	πιστός	a-s---mac		πιστός		a-s---mac	glaux_only
16980	ποιέω	v3saia---		ποιέω		v3saia---	glaux_only
16981	,	u--------		,		u--------	glaux_only
16982	ἀλλά	c--------		ἀλλά		c--------	glaux_only
16983	καί	c--------		καί		c--------	glaux_only
16984	ὁ	l-p---fa-		ὁ		l-p---fa-	glaux_only
16985	πρᾶξις	n-p---fa-		πρᾶξις		n-p---fa-	glaux_only
16986	ὁ	l-s---mg-		ὁ		l-s---mg-	glaux_only
16987	ὁ	l-s---fa-		ὁ		l-s---fa-	glaux_only
16988	τοιοῦτος	p-s---fa-		τοιοῦτος		p-s---fa-	glaux_only
16989	δόξα	n-s---fa-		δόξα		n-s---fa-	glaux_only
16990	ἔχω	v-sppamg-		ἔχω		v-sppamg-	glaux_only
16991	ἔντιμος	a-p---fac		ἔντιμος		a-p---fac	glaux_only
16992	καθίστημι	v3saia---		καθίστημι		v3saia---	glaux_only
16993	,	u--------		,		u--------	glaux_only
16994	ὑπέρ	r--------		ὑπέρ		r--------	glaux_only
16995	ὅς	p-s---ng-		ὅς		p-s---ng-	glaux_only
16996	σπουδαστέος	a-s---nn-		σπουδαστέος		a-s---nn-	glaux_only
16997	εἰμί	v3spia---		εἰμί		v3spia---	glaux_only
16998	ὁ	l-p---md-	ὁ	ὁ	l-p---nd-	l-p---md-	
16999	εὖ	d--------		εὖ		d--------	glaux_only
17000	φρονέω	v-pppamd-		φρονέω		v-pppamd-	glaux_only
17001	μάλα	d-------c		μάλα		d-------c	glaux_only
17002	ἤ	c--------		ἤ		c--------	glaux_only
17003	περί	r--------		περί		r--------	glaux_only
17004	ὁ	l-p---ng-		ὁ		l-p---ng-	glaux_only
17005	ἄλλος	p-p---ng-		ἄλλος		p-p---ng-	glaux_only
17006	ἅπας	p-p---ng-		ἅπας		p-p---ng-	glaux_only
17007	.	u--------		.		u--------	glaux_only
17008	ὁ	l-s---nn-		ὁ		l-s---nn-	glaux_only
17009	τοίνυν	g--------		τοίνυν		g--------	glaux_only
17010	περί	r--------		περί		r--------	glaux_only
17011	ὁ	l-s---fa-	ὁ	ὁ	l-s---fa-	l-s---fa-	
17012	πλεονεξία	n-s---fa-		πλεονεξία		n-s---fa-	glaux_only
17013	,	u--------		,		u--------	glaux_only
17014	ὅς	p-s---nn-		ὅς		p-s---nn-	glaux_only
17015	δυσχερής	a-s---nns		δυσχερής		a-s---nns	glaux_only
17016	εἰμί	v3siia---		εἰμί		v3siia---	glaux_only
17017	ὁ	l-p---ng-		ὁ		l-p---ng-	glaux_only
17018	λέγω	v-pappng-		λέγω		v-pappng-	glaux_only
17019	·	u--------		·		u--------	glaux_only
17020	εἰ	c--------		εἰ		c--------	glaux_only
17021	μέν	g--------	μέν	μέν	d--------	g--------	
17022	τις	p-s---cn-		τις		p-s---cn-	glaux_only
17023	ὑπολαμβάνω	v3spia---		ὑπολαμβάνω		v3spia---	glaux_only
17024	ὁ	l-p---ma-		ὁ		l-p---ma-	glaux_only
17025	ἀποστερέω	v-pppama-		ἀποστερέω		v-pppama-	glaux_only
17026	ἤ	c--------		ἤ		c--------	glaux_only
17027	παραλογίζομαι	v-pppmma-		παραλογίζομαι		v-pppmma-	glaux_only
17028	ἤ	c--------		ἤ		c--------	glaux_only
17029	κακός	a-s---na-		κακός		a-s---na-	glaux_only
17030	τις	p-s---na-		τις		p-s---na-	glaux_only
17031	ποιέω	v-pppama-		ποιέω		v-pppama-	glaux_only
17032	πλεονεκτέω	v--pna---		πλεονεκτέω		v--pna---	glaux_only
17033	,	u--------		,		u--------	glaux_only
17034	οὐ	d--------		οὐ		d--------	glaux_only
17035	ὀρθός	d--------		ὀρθός		d--------	glaux_only
17036	γιγνώσκω	v3sria---		γιγνώσκω		v3sria---	glaux_only
17037	·	u--------		·		u--------	glaux_only
17038	οὐδείς	p-p---mn-		οὐδείς		p-p---mn-	glaux_only
17039	γάρ	g--------		γάρ		g--------	glaux_only
17040	ἐν	r--------		ἐν		r--------	glaux_only
17041	ἅπας	p-s---md-		ἅπας		p-s---md-	glaux_only
17042	ὁ	l-s---md-		ὁ		l-s---md-	glaux_only
17043	βίος	n-s---md-		βίος		n-s---md-	glaux_only
17044	μάλα	d-------c		μάλα		d-------c	glaux_only
17045	ἐλασσόω	v3ppim---		ἐλασσόω		v3ppim---	glaux_only
17046	ὁ	l-p---ng-		ὁ		l-p---ng-	glaux_only
17047	τοιοῦτος	p-p---ng-		τοιοῦτος		p-p---ng-	glaux_only
17048	,	u--------		,		u--------	glaux_only
17049							unmatched
17050	ἐν	r--------		ἐν		r--------	glaux_only
17051	πολύς	a-p---fdc		πολύς		a-p---fdc	glaux_only
17052	ἀπορία	n-p---fd-		ἀπορία		n-p---fd-	glaux_only
17053	εἰμί	v3ppia---		εἰμί		v3ppia---	glaux_only
17054	,	u--------		,		u--------	glaux_only
17055							unmatched
17056	ἐπονείδιστος	a-s---nac		ἐπονείδιστος		a-s---nac	glaux_only
17057	ζάω	v3ppia---		ζάω		v3ppia---	glaux_only
17058	,	u--------		,		u--------	glaux_only
17059							unmatched
17060	ὅλος	d--------		ὅλος		d--------	glaux_only
17061	ἄθλιος	a-p---mnc		ἄθλιος		a-p---mnc	glaux_only
17062	τυγχάνω	v3ppia---		τυγχάνω		v3ppia---	glaux_only
17063	εἰμί	v-pppamn-		εἰμί		v-pppamn-	glaux_only
17064	·	u--------		·		u--------	glaux_only
17065	χρή	v3spia---		χρή		v3spia---	glaux_only
17066	δέ	c--------		δέ		c--------	glaux_only
17067	καί	c--------		καί		c--------	glaux_only
17068	νῦν	d--------		νῦν		d--------	glaux_only
17069	πολύς	a-s---nac		πολύς		a-s---nac	glaux_only
17070	ἔχω	v--pna---		ἔχω		v--pna---	glaux_only
17071	ἡγέομαι	v--pnm---		ἡγέομαι		v--pnm---	glaux_only
17072	καί	c--------		καί		c--------	glaux_only
17073	πλεονεκτέω	v--fna---		πλεονεκτέω		v--fna---	glaux_only
17074	νομίζω	v--pna---		νομίζω		v--pna---	glaux_only
17075	παρά	r--------		παρά		r--------	glaux_only
17076	μέν	g--------		μέν		g--------	glaux_only
17077	ὁ	l-p---mg-	ὁ	ὁ	l-p---ng-	l-p---mg-	
17078	θεός	n-p---mg-		θεός		n-p---mg-	glaux_only
17079	ὁ	l-p---ma-		ὁ		l-p---ma-	glaux_only
17080	εὐσεβής	a-p---mas		εὐσεβής		a-p---mas	glaux_only
17081	καί	c--------		καί		c--------	glaux_only
17082	ὁ	l-p---ma-		ὁ		l-p---ma-	glaux_only
17083	περί	r--------		περί		r--------	glaux_only
17084	ὁ	l-s---fa-	ὁ	ὁ	l-s---fa-	l-s---fa-	
17085	θεραπεία	n-s---fa-		θεραπεία		n-s---fa-	glaux_only
17086	ὁ	l-s---fa-		ὁ		l-s---fa-	glaux_only
17087	ἐκεῖνος	p-p---mg-		ἐκεῖνος		p-p---mg-	glaux_only
17088	ἐπιμελής	a-p---mas		ἐπιμελής		a-p---mas	glaux_only
17089	εἰμί	v-pppama-		εἰμί		v-pppama-	glaux_only
17090	,	u--------		,		u--------	glaux_only
17091	παρά	r--------		παρά		r--------	glaux_only
17092	δέ	c--------		δέ		c--------	glaux_only
17093	ὁ	l-p---mg-	ὁ	ὁ	l-p---mg-	l-p---mg-	
17094	ἄνθρωπος	n-p---mg-		ἄνθρωπος		n-p---mg-	glaux_only
17095	ὁ	l-p---ma-		ὁ		l-p---ma-	glaux_only
17096	ἀγαθός	a-p---nas		ἀγαθός		a-p---nas	glaux_only
17097	πρός	r--------		πρός		r--------	glaux_only
17098	οὗτος	p-p---ma-		οὗτος		p-p---ma-	glaux_only
17099	μετά	r--------		μετά		r--------	glaux_only
17100	ὅς	p-p---mg-		ὅς		p-p---mg-	glaux_only
17101	ἄν	g--------		ἄν		g--------	glaux_only
17102	οἰκέω	v3ppsa---		οἰκέω		v3ppsa---	glaux_only
17103	καί	c--------	καί	καί	c--------	c--------	
17104	πολιτεύω	v3ppsm---		πολιτεύω		v3ppsm---	glaux_only
17105	διάκειμαι	v-prpmma-		διάκειμαι		v-prpmma-	glaux_only
17106	καί	c--------		καί		c--------	glaux_only
17107	ὁ	l-p---ma-		ὁ		l-p---ma-	glaux_only
17108	ἀγαθός	a-p---mas		ἀγαθός		a-p---mas	glaux_only
17109	αὐτός	p-p---ma-		αὐτός		p-p---ma-	glaux_only
17110	εἰμί	v--pna---		εἰμί		v--pna---	glaux_only
17111	δοκέω	v-pppama-		δοκέω		v-pppama-	glaux_only
17112	.	u--------		.		u--------	glaux_only
17113	καί	c--------		καί		c--------	glaux_only
17114	οὗτος	p-p---nn-		οὗτος		p-p---nn-	glaux_only
17115	καί	c--------		καί		c--------	glaux_only
17116	ὁ	l-p---fd-		ὁ		l-p---fd-	glaux_only
17117	ἀλήθεια	n-p---fd-		ἀλήθεια		n-p---fd-	glaux_only
17118	οὕτως	d--------		οὕτως		d--------	glaux_only
17119	ἔχω	v3spia---		ἔχω		v3spia---	glaux_only
17120	,	u--------		,		u--------	glaux_only
17121	καί	c--------	καί	καί	d--------	c--------	
17122	συμφέρω	v3spia---		συμφέρω		v3spia---	glaux_only
17123	ὁ	l-s---ma-		ὁ		l-s---ma-	glaux_only
17124	τρόπος	n-s---ma-		τρόπος		n-s---ma-	glaux_only
17125	οὗτος	p-s---ma-		οὗτος		p-s---ma-	glaux_only
17126	λέγω	v--pnm---		λέγω		v--pnm---	glaux_only
17127	περί	r--------		περί		r--------	glaux_only
17128	αὐτός	p-p---ng-		αὐτός		p-p---ng-	glaux_only
17129	,	u--------		,		u--------	glaux_only
17130	ἐπεί	c--------		ἐπεί		c--------	glaux_only
17131	νῦν	d--------		νῦν		d--------	glaux_only
17132	γε	g--------		γε		g--------	glaux_only
17133	οὕτως	d--------		οὕτως		d--------	glaux_only
17134	ἀναστρέφω	v3srim---		ἀναστρέφω		v3srim---	glaux_only
17135	καί	c--------	καί	καί	c--------	c--------	
17136	συγχέω	v3srim---		συγχέω		v3srim---	glaux_only
17137	πολύς	a-p---nn-		πολύς		a-p---nn-	glaux_only
17138	ὁ	l-p---ng-	ὁ	ὁ	l-p---mg-	l-p---ng-	
17139	κατά	r--------		κατά		r--------	glaux_only
17140	ὁ	l-s---fa-		ὁ		l-s---fa-	glaux_only
17141	πόλις	n-s---fa-		πόλις		n-s---fa-	glaux_only
17142	,	u--------		,		u--------	glaux_only
17143	ὥστε	c--------		ὥστε		c--------	glaux_only
17144	οὐ	d--------		οὐ		d--------	glaux_only
17145							unmatched
17146	ὁ	l-p---md-	ὁ		l-p---md-		oga_only
17147							unmatched
17148							unmatched
17149							unmatched
17150	ἔτι	d--------	ἔτι		d--------		oga_only
17151							unmatched
17152							unmatched
17153							unmatched
17154							unmatched
17155							unmatched
17156							unmatched
17157							unmatched
17158	ὁ	l-p---ng-		ὁ		l-p---ng-	glaux_only
17159							unmatched
17160							unmatched
17161							unmatched
17162							unmatched
17163							unmatched
17164							unmatched
17165							unmatched
17166							unmatched
17167	ὁ	l-p---ma-		ὁ		l-p---ma-	glaux_only
17168	μέν	g--------		μέν		g--------	glaux_only
17169	γε	g--------		γε		g--------	glaux_only
17170	βωμολοχεύομαι	v-pppmma-		βωμολοχεύομαι		v-pppmma-	glaux_only
17171	καί	c--------	καί	καί	c--------	c--------	
17172	σκώπτω	v--pna---		σκώπτω		v--pna---	glaux_only
17173	καί	c--------		καί		c--------	glaux_only
17174	μιμέομαι	v--pnm---		μιμέομαι		v--pnm---	glaux_only
17175	δύναμαι	v-pppmma-		δύναμαι		v-pppmma-	glaux_only
17176	εὐφυής	a-p---ma-		εὐφυής		a-p---ma-	glaux_only
17177	καλέω	v3ppia---		καλέω		v3ppia---	glaux_only
17178	,	u--------		,		u--------	glaux_only
17179	προσήκω	v-sppann-		προσήκω		v-sppann-	glaux_only
17180	ὁ	l-s---fg-	ὁ	ὁ	l-s---fg-	l-s---fg-	
17181	προσηγορία	n-s---fg-		προσηγορία		n-s---fg-	glaux_only
17182	οὗτος	p-s---fg-		οὗτος		p-s---fg-	glaux_only
17183	τυγχάνω	v--pna---		τυγχάνω		v--pna---	glaux_only
17184	ὁ	l-p---ma-		ὁ		l-p---ma-	glaux_only
17185	ἀγαθός	a-p---nas		ἀγαθός		a-p---nas	glaux_only
17186	πρός	r--------		πρός		r--------	glaux_only
17187	ἀρετή	n-s---fa-		ἀρετή		n-s---fa-	glaux_only
17188	φύω	v-prpama-		φύω		v-prpama-	glaux_only
17189	·	u--------		·		u--------	glaux_only
17190	ὁ	l-p---ma-		ὁ		l-p---ma-	glaux_only
17191	δέ	c--------		δέ		c--------	glaux_only
17192	ὁ	l-p---fd-		ὁ		l-p---fd-	glaux_only
17193	κακοήθεια	n-p---fd-		κακοήθεια		n-p---fd-	glaux_only
17194	καί	c--------	καί	καί	c--------	c--------	
17195	ὁ	l-p---fd-		ὁ		l-p---fd-	glaux_only
17196	κακουργία	n-p---fd-		κακουργία		n-p---fd-	glaux_only
17197	χράω	v-pppmma-		χράω		v-pppmma-	glaux_only
17198	,	u--------		,		u--------	glaux_only
17199	καί	c--------		καί		c--------	glaux_only
17200	μικρός	a-p---na-		μικρός		a-p---na-	glaux_only
17201	μέν	g--------		μέν		g--------	glaux_only
17202	λαμβάνω	v-pppama-		λαμβάνω		v-pppama-	glaux_only
17203	πονηρός	a-s---fa-		πονηρός		a-s---fa-	glaux_only
17204	δέ	c--------		δέ		c--------	glaux_only
17205	δόξα	n-s---fa-		δόξα		n-s---fa-	glaux_only
17206	κτάομαι	v-pppmma-		κτάομαι		v-pppmma-	glaux_only
17207	,	u--------	,	,	u--------	u--------	
17208	πλεονεκτέω	v--pna---		πλεονεκτέω		v--pna---	glaux_only
17209	νομίζω	v3ppia---		νομίζω		v3ppia---	glaux_only
17210	,	u--------		,		u--------	glaux_only
17211	ἀλλά	c--------		ἀλλά		c--------	glaux_only
17212	οὐ	d--------		οὐ		d--------	glaux_only
17213	ὁ	l-p---ma-		ὁ		l-p---ma-	glaux_only
17214	ὅσιος	a-p---mas		ὅσιος		a-p---mas	glaux_only
17215	καί	c--------		καί		c--------	glaux_only
17216	δίκαιος	a-p---mas		δίκαιος		a-p---mas	glaux_only
17217	,	u--------		,		u--------	glaux_only
17218	ὅς	p-p---mn-		ὅς		p-p---mn-	glaux_only
17219	περί	r--------		περί		r--------	glaux_only
17220	ὁ	l-p---ng-		ὁ		l-p---ng-	glaux_only
17221	ἀγαθός	a-p---ng-		ἀγαθός		a-p---ng-	glaux_only
17222	ἀλλά	c--------		ἀλλά		c--------	glaux_only
17223	οὐ	d--------		οὐ		d--------	glaux_only
17224	ὁ	l-p---ng-		ὁ		l-p---ng-	glaux_only
17225	κακός	a-p---ng-		κακός		a-p---ng-	glaux_only
17226	πλεονεκτέω	v3ppia---		πλεονεκτέω		v3ppia---	glaux_only
17227	·	u--------		·		u--------	glaux_only
17228	ὁ	l-p---ma-	ὁ	ὁ	l-p---ma-	l-p---ma-	
17229	δέ	c--------		δέ		c--------	glaux_only
17230	ὁ	l-p---ng-		ὁ		l-p---ng-	glaux_only
17231	μέν	g--------		μέν		g--------	glaux_only
17232	ἀναγκαῖος	a-p---ng-		ἀναγκαῖος		a-p---ng-	glaux_only
17233	ἀμελέω	v-pppama-		ἀμελέω		v-pppama-	glaux_only
17234	,	u--------		,		u--------	glaux_only
17235	ὁ	l-p---fa-		ὁ		l-p---fa-	glaux_only
17236	δέ	c--------		δέ		c--------	glaux_only
17237	ὁ	l-p---mg-		ὁ		l-p---mg-	glaux_only
17238	παλαιός	a-p---mg-		παλαιός		a-p---mg-	glaux_only
17239	σοφιστής	n-p---mg-		σοφιστής		n-p---mg-	glaux_only
17240	τερατολογία	n-p---fa-		τερατολογία		n-p---fa-	glaux_only
17241	ἀγαπάω	v-pppama-		ἀγαπάω		v-pppama-	glaux_only
17242	φιλοσοφέω	v--pna---		φιλοσοφέω		v--pna---	glaux_only
17243	φημί	v3ppia---		φημί		v3ppia---	glaux_only
17244	,	u--------	,	,	u--------	u--------	
17245	ἀλλά	c--------		ἀλλά		c--------	glaux_only
17246	οὐ	d--------		οὐ		d--------	glaux_only
17247	ὁ	l-p---ma-	ὁ	ὁ	l-p---ma-	l-p---ma-	
17248	ὁ	l-p---na-		ὁ		l-p---na-	glaux_only
17249	τοιοῦτος	p-p---na-		τοιοῦτος		p-p---na-	glaux_only
17250	μανθάνω	v-pppama-		μανθάνω		v-pppama-	glaux_only
17251	καί	c--------		καί		c--------	glaux_only
17252	μελετάω	v-pppama-		μελετάω		v-pppama-	glaux_only
17253	ἐκ	r--------		ἐκ		r--------	glaux_only
17254	ὅς	p-p---ng-		ὅς		p-p---ng-	glaux_only
17255	καί	c--------		καί		c--------	glaux_only
17256	ὁ	l-s---ma-		ὁ		l-s---ma-	glaux_only
17257	ἴδιος	a-s---ma-		ἴδιος		a-s---ma-	glaux_only
17258	οἶκος	n-s---ma-		οἶκος		n-s---ma-	glaux_only
17259	καί	c--------		καί		c--------	glaux_only
17260	ὁ	l-p---na-		ὁ		l-p---na-	glaux_only
17261	κοινός	a-p---na-		κοινός		a-p---na-	glaux_only
17262	ὁ	l-p---na-		ὁ		l-p---na-	glaux_only
17263	ὁ	l-s---fg-		ὁ		l-s---fg-	glaux_only
17264	πόλις	n-s---fg-		πόλις		n-s---fg-	glaux_only
17265	καλός	d--------		καλός		d--------	glaux_only
17266	διοικέω	v3pfia---		διοικέω		v3pfia---	glaux_only
17267	,	u--------		,		u--------	glaux_only
17268	ὅς	p-p---ng-		ὅς		p-p---ng-	glaux_only
17269	ἕνεκα	r--------		ἕνεκα		r--------	glaux_only
17270	καί	c--------		καί		c--------	glaux_only
17271	πονέω	a-s---nn-		πονέω		a-s---nn-	glaux_only
17272	καί	c--------		καί		c--------	glaux_only
17273	φιλοσοφέω	a-s---nn-		φιλοσοφέω		a-s---nn-	glaux_only
17274	καί	c--------		καί		c--------	glaux_only
17275	πᾶς	p-p---na-		πᾶς		p-p---na-	glaux_only
17276	πράσσω	a-s---nn-		πράσσω		a-s---nn-	glaux_only
17277	εἰμί	v3spia---		εἰμί		v3spia---	glaux_only
17278	.	u--------		.		u--------	glaux_only
17279	ἀπό	r--------		ἀπό		r--------	glaux_only
17280	ὅς	p-p---ng-		ὅς		p-p---ng-	glaux_only
17281	σύ	p-p---cn-		σύ		p-p---cn-	glaux_only
17282	πολύς	a-s---ma-		πολύς		a-s---ma-	glaux_only
17283	ἤδη	d--------		ἤδη		d--------	glaux_only
17284	χρόνος	n-s---ma-		χρόνος		n-s---ma-	glaux_only
17285	ἀπελαύνω	v2ppia---		ἀπελαύνω		v2ppia---	glaux_only
17286	ὁ	l-p---ma-		ὁ		l-p---ma-	glaux_only
17287	νέος	a-p---mac		νέος		a-p---mac	glaux_only
17288	,	u--------		,		u--------	glaux_only
17289	ἀποδέχομαι	v-pppmmn-		ἀποδέχομαι		v-pppmmn-	glaux_only
17290	ὁ	l-p---ma-		ὁ		l-p---ma-	glaux_only
17291	λόγος	n-p---ma-		λόγος		n-p---ma-	glaux_only
17292	ὁ	l-p---mg-		ὁ		l-p---mg-	glaux_only
17293	διαβάλλω	v-pppamg-		διαβάλλω		v-pppamg-	glaux_only
17294	ὁ	l-s---fa-	ὁ	ὁ	l-s---fa-	l-s---fa-	
17295	τοιοῦτος	p-s---fa-		τοιοῦτος		p-s---fa-	glaux_only
17296	παιδεία	n-s---fa-		παιδεία		n-s---fa-	glaux_only
17297	.	u--------		.		u--------	glaux_only
17298	καί	c--------	καί	καί	c--------	c--------	
17299	γάρ	g--------		γάρ		g--------	glaux_only
17300	τοι	g--------		τοι		g--------	glaux_only
17301	ποιέω	v2pria---		ποιέω		v2pria---	glaux_only
17302	ὁ	l-p---ma-		ὁ		l-p---ma-	glaux_only
17303	μέν	g--------		μέν		g--------	glaux_only
17304	ἐπιεικής	a-p---mas		ἐπιεικής		a-p---mas	glaux_only
17305	αὐτός	p-p---mg-		αὐτός		p-p---mg-	glaux_only
17306	ἐν	r--------		ἐν		r--------	glaux_only
17307	πότος	n-p---md-		πότος		n-p---md-	glaux_only
17308	καί	c--------		καί		c--------	glaux_only
17309	συνουσία	n-p---fd-		συνουσία		n-p---fd-	glaux_only
17310	καί	c--------		καί		c--------	glaux_only
17311	ῥαθυμία	n-p---fd-		ῥαθυμία		n-p---fd-	glaux_only
17312	καί	c--------		καί		c--------	glaux_only
17313	παιδιά	n-p---fd-		παιδιά		n-p---fd-	glaux_only
17314	ὁ	l-s---fa-		ὁ		l-s---fa-	glaux_only
17315	ἡλικία	n-s---fa-		ἡλικία		n-s---fa-	glaux_only
17316	διάγω	v--pna---		διάγω		v--pna---	glaux_only
17317	,	u--------		,		u--------	glaux_only
17318	ἀμελέω	v-papama-		ἀμελέω		v-papama-	glaux_only
17319	ὁ	l-s---ng-		ὁ		l-s---ng-	glaux_only
17320	σπουδάζω	v--pna---		σπουδάζω		v--pna---	glaux_only
17321	ὅπως	c--------		ὅπως		c--------	glaux_only
17322	εἰμί	v3pfim---		εἰμί		v3pfim---	glaux_only
17323	ἀγαθός	a-p---mnc		ἀγαθός		a-p---mnc	glaux_only
17324	,	u--------		,		u--------	glaux_only
17325	ὁ	l-p---ma-		ὁ		l-p---ma-	glaux_only
17326	δέ	c--------		δέ		c--------	glaux_only
17327	κακός	a-s---fac		κακός		a-s---fac	glaux_only
17328	ὁ	l-s---fa-		ὁ		l-s---fa-	glaux_only
17329	φύσις	n-s---fa-		φύσις		n-s---fa-	glaux_only
17330	ἔχω	v-pppama-		ἔχω		v-pppama-	glaux_only
17331	ἐν	r--------		ἐν		r--------	glaux_only
17332	τοιοῦτος	p-p---fd-		τοιοῦτος		p-p---fd-	glaux_only
17333	ἀκολασία	n-p---fd-		ἀκολασία		n-p---fd-	glaux_only
17334	ἡμερεύω	v--pna---		ἡμερεύω		v--pna---	glaux_only
17335	,	u--------		,		u--------	glaux_only
17336	ἐν	r--------		ἐν		r--------	glaux_only
17337	ὅς	p-p---fd-		ὅς		p-p---fd-	glaux_only
17338	πρότερος	d-------c		πρότερος		d-------c	glaux_only
17339							unmatched
17340	ἄν	g--------		ἄν		g--------	glaux_only
17341	οἰκέτης	n-s---mn-		οἰκέτης		n-s---mn-	glaux_only
17342	ἐπιεικής	a-s---mn-		ἐπιεικής		a-s---mn-	glaux_only
17343	οὐδείς	p-s---mn-		οὐδείς		p-s---mn-	glaux_only
17344	τολμάω	v3saia---		τολμάω		v3saia---	glaux_only
17345	·	u--------		·		u--------	glaux_only
17346	ὁ	l-p---mn-		ὁ		l-p---mn-	glaux_only
17347	μέν	g--------		μέν		g--------	glaux_only
17348	γάρ	g--------		γάρ		g--------	glaux_only
17349	αὐτός	p-p---mg-		αὐτός		p-p---mg-	glaux_only
17350	ἐπί	r--------		ἐπί		r--------	glaux_only
17351	ὁ	l-s---fg-		ὁ		l-s---fg-	glaux_only
17352	Ἐννεάκρουνος	n-s---mg-		Ἐννεάκρουνος		n-s---mg-	glaux_only
17353	ψύχω	v3ppia---		ψύχω		v3ppia---	glaux_only
17354	οἶνος	n-s---ma-		οἶνος		n-s---ma-	glaux_only
17355	,	u--------		,		u--------	glaux_only
17356	ὁ	l-p---mn-		ὁ		l-p---mn-	glaux_only
17357	δέ	c--------		δέ		c--------	glaux_only
17358	ἐν	r--------		ἐν		r--------	glaux_only
17359	ὁ	l-p---nd-		ὁ		l-p---nd-	glaux_only
17360	καπηλεῖον	n-p---nd-		καπηλεῖον		n-p---nd-	glaux_only
17361	πίνω	v3ppia---		πίνω		v3ppia---	glaux_only
17362	,	u--------		,		u--------	glaux_only
17363	ἕτερος	p-p---mn-		ἕτερος		p-p---mn-	glaux_only
17364	δέ	c--------		δέ		c--------	glaux_only
17365	ἐν	r--------		ἐν		r--------	glaux_only
17366	ὁ	l-p---nd-		ὁ		l-p---nd-	glaux_only
17367	σκιραφεῖον	n-p---nd-		σκιραφεῖον		n-p---nd-	glaux_only
17368	κυβεύω	v3ppia---		κυβεύω		v3ppia---	glaux_only
17369	,	u--------		,		u--------	glaux_only
17370	πολύς	a-p---mn-		πολύς		a-p---mn-	glaux_only
17371	δέ	c--------		δέ		c--------	glaux_only
17372	ἐν	r--------		ἐν		r--------	glaux_only
17373	ὁ	l-p---nd-		ὁ		l-p---nd-	glaux_only
17374	ὁ	l-p---fg-	ὁ	ὁ	l-p---mg-	l-p---fg-	
17375	αὐλητρίς	n-p---fg-		αὐλητρίς		n-p---fg-	glaux_only
17376	διδασκαλεῖον	n-p---nd-		διδασκαλεῖον		n-p---nd-	glaux_only
17377	διατρίβω	v3ppia---		διατρίβω		v3ppia---	glaux_only
17378	.	u--------		.		u--------	glaux_only
17379	καί	c--------	καί	καί	c--------	c--------	
17380	ὁ	l-p---ma-		ὁ		l-p---ma-	glaux_only
17381	μέν	g--------		μέν		g--------	glaux_only
17382	ἐπί	r--------		ἐπί		r--------	glaux_only
17383	οὗτος	p-p---na-		οὗτος		p-p---na-	glaux_only
17384	προσρέπω	v-pppama-		προσρέπω		v-pppama-	glaux_only
17385	οὐδείς	p-s---mn-		οὐδείς		p-s---mn-	glaux_only
17386	πώποτε	d--------		πώποτε		d--------	glaux_only
17387	ὁ	l-p---mg-		ὁ		l-p---mg-	glaux_only
17388	κήδω	v--pnm---		κήδω		v--pnm---	glaux_only
17389	φάσκω	v-pppamg-		φάσκω		v-pppamg-	glaux_only
17390	ὁ	l-s---fg-		ὁ		l-s---fg-	glaux_only
17391	ἡλικία	n-s---fg-		ἡλικία		n-s---fg-	glaux_only
17392	οὗτος	p-s---fg-		οὗτος		p-s---fg-	glaux_only
17393	εἰς	r--------		εἰς		r--------	glaux_only
17394	σύ	p-p---ca-		σύ		p-p---ca-	glaux_only
17395	εἰσάγω	v3saia---		εἰσάγω		v3saia---	glaux_only
17396	·	u--------		·		u--------	glaux_only
17397	ἐγώ	p-p---cd-		ἐγώ		p-p---cd-	glaux_only
17398	δέ	c--------		δέ		c--------	glaux_only
17399	κακός	a-p---na-		κακός		a-p---na-	glaux_only
17400	παρέχω	v3ppia---		παρέχω		v3ppia---	glaux_only
17401	,	u--------		,		u--------	glaux_only
17402	ὅς	p-p---md-		ὅς		p-p---md-	glaux_only
17403	ἄξιος	a-s---nn-		ἄξιος		a-s---nn-	glaux_only
17404	εἰμί	v3siia---		εἰμί		v3siia---	glaux_only
17405	,	u--------		,		u--------	glaux_only
17406	εἰ	c--------		εἰ		c--------	glaux_only
17407	καί	c--------		καί		c--------	glaux_only
17408	μηδείς	p-s---ng-		μηδείς		p-s---ng-	glaux_only
17409	ἄλλος	p-s---ng-		ἄλλος		p-s---ng-	glaux_only
17410	,	u--------		,		u--------	glaux_only
17411	οὗτος	p-s---ng-		οὗτος		p-s---ng-	glaux_only
17412	γε	g--------		γε		g--------	glaux_only
17413	χάρις	n-s---fa-		χάρις		n-s---fa-	glaux_only
17414	ἔχω	v--pna---		ἔχω		v--pna---	glaux_only
17415	,	u--------		,		u--------	glaux_only
17416	ὅτι	c--------		ὅτι		c--------	glaux_only
17417	ὁ	l-p---ma-		ὁ		l-p---ma-	glaux_only
17418	σύνειμι	v-pppama-		σύνειμι		v-pppama-	glaux_only
17419	ὁ	l-p---ng-		ὁ		l-p---ng-	glaux_only
17420	τοιοῦτος	p-p---ng-		τοιοῦτος		p-p---ng-	glaux_only
17421	ἐπιτήδευμα	n-p---ng-		ἐπιτήδευμα		n-p---ng-	glaux_only
17422	ἀποτρέπω	v1ppia---		ἀποτρέπω		v1ppia---	glaux_only
17423	.	u--------		.		u--------	glaux_only
17424	οὕτως	d--------		οὕτως		d--------	glaux_only
17425	δέ	c--------		δέ		c--------	glaux_only
17426	εἰμί	v3spia---		εἰμί		v3spia---	glaux_only
17427	δυσμενής	a-s---nn-		δυσμενής		a-s---nn-	glaux_only
17428	ἅπας	p-p---md-		ἅπας		p-p---md-	glaux_only
17429	ὁ	l-s---nn-		ὁ		l-s---nn-	glaux_only
17430	ὁ	l-p---mg-		ὁ		l-p---mg-	glaux_only
17431	συκοφάντης	n-p---mg-		συκοφάντης		n-p---mg-	glaux_only
17432	γένος	n-s---nn-		γένος		n-s---nn-	glaux_only
17433	,	u--------		,		u--------	glaux_only
17434	ὥστε	c--------		ὥστε		c--------	glaux_only
17435	ὁ	l-p---md-		ὁ		l-p---md-	glaux_only
17436	μέν	g--------		μέν		g--------	glaux_only
17437	λύω	v-pppmmd-		λύω		v-pppmmd-	glaux_only
17438	εἴκοσι	m--------		εἴκοσι		m--------	glaux_only
17439	καί	c--------		καί		c--------	glaux_only
17440	τριάκοντα	m--------		τριάκοντα		m--------	glaux_only
17441	μνᾶ	n-p---fg-		μνᾶ		n-p---fg-	glaux_only
17442	ὁ	l-p---fa-		ὁ		l-p---fa-	glaux_only
17443	μέλλω	v-pppafa-		μέλλω		v-pppafa-	glaux_only
17444	καί	c--------		καί		c--------	glaux_only
17445	ὁ	l-s---ma-		ὁ		l-s---ma-	glaux_only
17446	ἄλλος	p-s---ma-		ἄλλος		p-s---ma-	glaux_only
17447	οἶκος	n-s---ma-		οἶκος		n-s---ma-	glaux_only
17448	συναναιρέω	v--fna---		συναναιρέω		v--fna---	glaux_only
17449	οὐ	d--------		οὐ		d--------	glaux_only
17450	ὅπως	c--------		ὅπως		c--------	glaux_only
17451	ἄν	g--------		ἄν		g--------	glaux_only
17452	ἐπιπλήσσω	v3paoa---		ἐπιπλήσσω		v3paoa---	glaux_only
17453	,	u--------		,		u--------	glaux_only
17454	ἀλλά	c--------		ἀλλά		c--------	glaux_only
17455	καί	c--------		καί		c--------	glaux_only
17456	συγχαίρω	v3ppia---		συγχαίρω		v3ppia---	glaux_only
17457	ὁ	l-p---fd-		ὁ		l-p---fd-	glaux_only
17458	ἀσωτία	n-p---fd-		ἀσωτία		n-p---fd-	glaux_only
17459	αὐτός	p-p---mg-		αὐτός		p-p---mg-	glaux_only
17460	,	u--------		,		u--------	glaux_only
17461	ὁ	l-p---ma-		ὁ		l-p---ma-	glaux_only
17462	δέ	c--------		δέ		c--------	glaux_only
17463	εἰς	r--------		εἰς		r--------	glaux_only
17464	ὁ	l-s---fa-		ὁ		l-s---fa-	glaux_only
17465	ἑαυτοῦ	p-p---mg-		ἑαυτοῦ		p-p---mg-	glaux_only
17466	παιδεία	n-s---fa-		παιδεία		n-s---fa-	glaux_only
17467	ὁστισοῦν	p-s---na-		ὁστισοῦν		p-s---na-	glaux_only
17468	ἀναλίσκω	v-pppama-		ἀναλίσκω		v-pppama-	glaux_only
17469	διαφθείρω	v--pnm---		διαφθείρω		v--pnm---	glaux_only
17470	φημί	v3ppia---		φημί		v3ppia---	glaux_only
17471	.	u--------		.		u--------	glaux_only
17472	ὅς	p-p---mg-		ὅς		p-p---mg-	glaux_only
17473	τίς	p-p---cn-		τίς		p-p---cn-	glaux_only
17474	ἄν	g--------		ἄν		g--------	glaux_only
17475	ἄδικος	a-s---nac		ἄδικος		a-s---nac	glaux_only
17476	ἔχω	v3ppoa---		ἔχω		v3ppoa---	glaux_only
17477	ὁ	l-s---fa-		ὁ		l-s---fa-	glaux_only
17478	αἰτία	n-s---fa-		αἰτία		n-s---fa-	glaux_only
17479	οὗτος	p-s---fa-		οὗτος		p-s---fa-	glaux_only
17480	;	u--------		;		u--------	glaux_only
17481	ὅστις	p-p---mn-		ὅστις		p-p---mn-	glaux_only
17482	ἐν	r--------		ἐν		r--------	glaux_only
17483	οὗτος	p-p---fd-		οὗτος		p-p---fd-	glaux_only
17484	μέν	g--------		μέν		g--------	glaux_only
17485	ὁ	l-p---fd-		ὁ		l-p---fd-	glaux_only
17486	ἀκμή	n-p---fd-		ἀκμή		n-p---fd-	glaux_only
17487	εἰμί	v-pppamn-		εἰμί		v-pppamn-	glaux_only
17488	ὑπεροράω	v3paia---		ὑπεροράω		v3paia---	glaux_only
17489	ὁ	l-p---fa-		ὁ		l-p---fa-	glaux_only
17490	ἡδονή	n-p---fa-		ἡδονή		n-p---fa-	glaux_only
17491	,	u--------		,		u--------	glaux_only
17492	ἐν	r--------		ἐν		r--------	glaux_only
17493	ὅς	p-p---fd-		ὅς		p-p---fd-	glaux_only
17494	ὁ	l-p---mn-		ὁ		l-p---mn-	glaux_only
17495	πολύς	a-p---mns		πολύς		a-p---mns	glaux_only
17496	ὁ	l-p---mg-		ὁ		l-p---mg-	glaux_only
17497	τηλικοῦτος	p-p---ng-		τηλικοῦτος		p-p---ng-	glaux_only
17498	μάλα	d-------s		μάλα		d-------s	glaux_only
17499	αὐτός	p-p---mg-		αὐτός		p-p---mg-	glaux_only
17500	ἐπιθυμέω	v3ppia---		ἐπιθυμέω		v3ppia---	glaux_only
17501	,	u--------		,		u--------	glaux_only
17502	ἔξεστι	v-sppana-		ἔξεστι		v-sppana-	glaux_only
17503	δέ	c--------		δέ		c--------	glaux_only
17504	αὐτός	p-p---md-		αὐτός		p-p---md-	glaux_only
17505	ῥαθυμέω	v--pna---		ῥαθυμέω		v--pna---	glaux_only
17506	μηδείς	p-s---na-		μηδείς		p-s---na-	glaux_only
17507	δαπανάω	v-pppmmd-		δαπανάω		v-pppmmd-	glaux_only
17508	αἱρέω	v3paim---		αἱρέω		v3paim---	glaux_only
17509	πονέω	v--pna---		πονέω		v--pna---	glaux_only
17510	χρῆμα	n-p---na-		χρῆμα		n-p---na-	glaux_only
17511	τελέω	v-papamn-		τελέω		v-papamn-	glaux_only
17512	,	u--------		,		u--------	glaux_only
17513	ἄρτι	d--------		ἄρτι		d--------	glaux_only
17514	δέ	c--------		δέ		c--------	glaux_only
17515	ἐκ	r--------		ἐκ		r--------	glaux_only
17516	παῖς	n-p---cg-		παῖς		n-p---cg-	glaux_only
17517	ἐξέρχομαι	v-prpamn-		ἐξέρχομαι		v-prpamn-	glaux_only
17518	γιγνώσκω	v3paia---		γιγνώσκω		v3paia---	glaux_only
17519	ὅς	p-p---na-		ὅς		p-p---na-	glaux_only
17520	πολύς	a-p---mn-		πολύς		a-p---mn-	glaux_only
17521	ὁ	l-p---mg-		ὁ		l-p---mg-	glaux_only
17522	πρέσβυς	a-p---mgc		πρέσβυς		a-p---mgc	glaux_only
17523	οὐ	d--------		οὐ		d--------	glaux_only
17524	οἶδα	v3pria---		οἶδα		v3pria---	glaux_only
17525	,	u--------		,		u--------	glaux_only
17526	ὅτι	c--------		ὅτι		c--------	glaux_only
17527	δέω	v3spia---		δέω		v3spia---	glaux_only
17528	ὁ	l-s---ma-		ὁ		l-s---ma-	glaux_only
17529	ὀρθός	d--------		ὀρθός		d--------	glaux_only
17530	καί	c--------		καί		c--------	glaux_only
17531	πρεπόντως	d--------		πρεπόντως		d--------	glaux_only
17532	προΐστημι	v-srpama-		προΐστημι		v-srpama-	glaux_only
17533	ὁ	l-s---fg-		ὁ		l-s---fg-	glaux_only
17534	ἡλικία	n-s---fg-		ἡλικία		n-s---fg-	glaux_only
17535	καί	c--------		καί		c--------	glaux_only
17536	καλός	a-s---fa-		καλός		a-s---fa-	glaux_only
17537	ἀρχή	n-s---fa-		ἀρχή		n-s---fa-	glaux_only
17538	ὁ	l-s---mg-		ὁ		l-s---mg-	glaux_only
17539	βίος	n-s---mg-		βίος		n-s---mg-	glaux_only
17540	ποιέω	v-sppmma-		ποιέω		v-sppmma-	glaux_only
17541	ἑαυτοῦ	p-s---mg-		ἑαυτοῦ		p-s---mg-	glaux_only
17542	πρότερος	d-------c		πρότερος		d-------c	glaux_only
17543	ἤ	c--------		ἤ		c--------	glaux_only
17544	ὁ	l-p---ng-		ὁ		l-p---ng-	glaux_only
17545	ἑαυτοῦ	p-s---mg-		ἑαυτοῦ		p-s---mg-	glaux_only
17546	ποιέω	v--anm---		ποιέω		v--anm---	glaux_only
17547	ὁ	l-s---fa-		ὁ		l-s---fa-	glaux_only
17548	ἐπιμέλεια	n-s---fa-		ἐπιμέλεια		n-s---fa-	glaux_only
17549	,	u--------		,		u--------	glaux_only
17550	καί	c--------		καί		c--------	glaux_only
17551	μή	d--------		μή		d--------	glaux_only
17552	σπεύδω	v--pna---		σπεύδω		v--pna---	glaux_only
17553	μή	d--------		μή		d--------	glaux_only
17554							unmatched
17555							unmatched
17556							unmatched
17557							unmatched
17558							unmatched
17559							unmatched
17560							unmatched
17561							unmatched
17562							unmatched
17563							unmatched
17564							unmatched
17565							unmatched
17566							unmatched
17567							unmatched
17568							unmatched
17569							unmatched
17570							unmatched
17571							unmatched
17572							unmatched
17573							unmatched
17574	ἐπί	r--------		ἐπί		r--------	glaux_only
17575	ὁ	l-p---nd-		ὁ		l-p---nd-	glaux_only
17576							unmatched
17577							unmatched
17578							unmatched
17579							unmatched
17580							unmatched
17581							unmatched
17582							unmatched
17583							unmatched
17584							unmatched
17585							unmatched
17586							unmatched
17587							unmatched
17588							unmatched
17589							unmatched
17590							unmatched
17591							unmatched
17592							unmatched
17593							unmatched
17594							unmatched
17595							unmatched
17596							unmatched
17597							unmatched
17598							unmatched
17599							unmatched
17600							unmatched
17601							unmatched
17602							unmatched
17603							unmatched
17604							unmatched
17605							unmatched
17606							unmatched
17607							unmatched
17608							unmatched
17609							unmatched
17610							unmatched
17611							unmatched
17612	θαυμάζω	v1spia---		θαυμάζω		v1spia---	glaux_only
17613	δέ	c--------		δέ		c--------	glaux_only
17614	ὅσος	p-p---mn-		ὅσος		p-p---mn-	glaux_only
17615	ὁ	l-p---ma-		ὁ		l-p---ma-	glaux_only
17616	μέν	g--------		μέν		g--------	glaux_only
17617	φύσις	n-s---fd-		φύσις		n-s---fd-	glaux_only
17618	δεινός	a-p---ma-		δεινός		a-p---ma-	glaux_only
17619	εἰμί	v-pppama-		εἰμί		v-pppama-	glaux_only
17620	λέγω	v--ana---		λέγω		v--ana---	glaux_only
17621	εὐδαιμονίζω	v3ppia---		εὐδαιμονίζω		v3ppia---	glaux_only
17622	ὡς	c--------		ὡς		c--------	glaux_only
17623	ἀγαθός	a-s---ng-		ἀγαθός		a-s---ng-	glaux_only
17624	καί	c--------		καί		c--------	glaux_only
17625	καλός	a-s---ng-		καλός		a-s---ng-	glaux_only
17626	πρᾶγμα	n-s---ng-		πρᾶγμα		n-s---ng-	glaux_only
17627	αὐτός	p-p---md-		αὐτός		p-p---md-	glaux_only
17628	συμβαίνω	v-srpang-		συμβαίνω		v-srpang-	glaux_only
17629	,	u--------		,		u--------	glaux_only
17630	ὁ	l-p---ma-		ὁ		l-p---ma-	glaux_only
17631	δέ	c--------		δέ		c--------	glaux_only
17632	τοιοῦτος	p-p---ma-		τοιοῦτος		p-p---ma-	glaux_only
17633	γίγνομαι	v--anm---		γίγνομαι		v--anm---	glaux_only
17634	βούλομαι	v-pppmma-		βούλομαι		v-pppmma-	glaux_only
17635	λοιδορέω	v3ppia---		λοιδορέω		v3ppia---	glaux_only
17636	ὡς	c--------		ὡς		c--------	glaux_only
17637	ἄδικος	a-s---ng-		ἄδικος		a-s---ng-	glaux_only
17638	καί	c--------		καί		c--------	glaux_only
17639	κακός	a-s---ng-		κακός		a-s---ng-	glaux_only
17640	παίδευμα	n-s---ng-		παίδευμα		n-s---ng-	glaux_only
17641	ἐπιθυμέω	v-pppama-		ἐπιθυμέω		v-pppama-	glaux_only
17642	.	u--------		.		u--------	glaux_only
17643	καί	c--------		καί		c--------	glaux_only
17644	τοι	g--------		τοι		g--------	glaux_only
17645	τίς	p-s---nn-		τίς		p-s---nn-	glaux_only
17646	ὁ	l-p---ng-		ὁ		l-p---ng-	glaux_only
17647	φύσις	n-s---fd-		φύσις		n-s---fd-	glaux_only
17648	καλός	a-p---ng-		καλός		a-p---ng-	glaux_only
17649	εἰμί	v-pppang-		εἰμί		v-pppang-	glaux_only
17650	μελέτη	n-s---fd-		μελέτη		n-s---fd-	glaux_only
17651	κατεργάζομαι	v-sapmnn-		κατεργάζομαι		v-sapmnn-	glaux_only
17652	αἰσχρός	a-s---nn-		αἰσχρός		a-s---nn-	glaux_only
17653	ἤ	c--------		ἤ		c--------	glaux_only
17654	κακός	a-s---nn-		κακός		a-s---nn-	glaux_only
17655	εἰμί	v3spia---		εἰμί		v3spia---	glaux_only
17656	;	u--------		;		u--------	glaux_only
17657	οὐδείς	p-s---na-		οὐδείς		p-s---na-	glaux_only
17658	γάρ	g--------		γάρ		g--------	glaux_only
17659	εὑρίσκω	v1pfia---		εὑρίσκω		v1pfia---	glaux_only
17660	τοιοῦτος	p-s---na-		τοιοῦτος		p-s---na-	glaux_only
17661	,	u--------		,		u--------	glaux_only
17662	ἀλλά	c--------		ἀλλά		c--------	glaux_only
17663	ἐν	r--------		ἐν		r--------	glaux_only
17664	γε	g--------		γε		g--------	glaux_only
17665	ὁ	l-p---nd-		ὁ		l-p---nd-	glaux_only
17666	ἄλλος	p-p---nd-		ἄλλος		p-p---nd-	glaux_only
17667	ἐπαινέω	v1ppia---		ἐπαινέω		v1ppia---	glaux_only
17668	ὁ	l-p---ma-		ὁ		l-p---ma-	glaux_only
17669	ὁ	l-p---fd-		ὁ		l-p---fd-	glaux_only
17670	φιλοπονία	n-p---fd-		φιλοπονία		n-p---fd-	glaux_only
17671	ὁ	l-p---fd-		ὁ		l-p---fd-	glaux_only
17672	ἑαυτοῦ	p-p---mg-		ἑαυτοῦ		p-p---mg-	glaux_only
17673	ἀγαθός	a-s---na-		ἀγαθός		a-s---na-	glaux_only
17674	τις	p-s---na-		τις		p-s---na-	glaux_only
17675	κτάομαι	v--anm---		κτάομαι		v--anm---	glaux_only
17676	δύναμαι	v-pappma-		δύναμαι		v-pappma-	glaux_only
17677	μάλα	d-------c		μάλα		d-------c	glaux_only
17678	ἤ	c--------		ἤ		c--------	glaux_only
17679	ὁ	l-p---ma-		ὁ		l-p---ma-	glaux_only
17680	παρά	r--------		παρά		r--------	glaux_only
17681	ὁ	l-p---mg-		ὁ		l-p---mg-	glaux_only
17682	πρόγονος	n-p---mg-		πρόγονος		n-p---mg-	glaux_only
17683	παραλαμβάνω	v-papama-		παραλαμβάνω		v-papama-	glaux_only
17684	,	u--------		,		u--------	glaux_only
17685	ἔοικα	d--------		ἔοικα		d--------	glaux_only
17686	·	u--------		·		u--------	glaux_only
17687	συμφέρω	v3spia---		συμφέρω		v3spia---	glaux_only
17688	γάρ	g--------		γάρ		g--------	glaux_only
17689	ἐπί	r--------		ἐπί		r--------	glaux_only
17690	τε	c--------		τε		c--------	glaux_only
17691	ὁ	l-p---ng-		ὁ		l-p---ng-	glaux_only
17692	ἄλλος	p-p---ng-		ἄλλος		p-p---ng-	glaux_only
17693	ἅπας	p-p---ng-		ἅπας		p-p---ng-	glaux_only
17694	,	u--------		,		u--------	glaux_only
17695	καί	c--------		καί		c--------	glaux_only
17696	μάλα	d-------s		μάλα		d-------s	glaux_only
17697	ἐπί	r--------		ἐπί		r--------	glaux_only
17698	ὁ	l-p---mg-		ὁ		l-p---mg-	glaux_only
17699	λόγος	n-p---mg-		λόγος		n-p---mg-	glaux_only
17700	,	u--------		,		u--------	glaux_only
17701	μή	d--------		μή		d--------	glaux_only
17702	ὁ	l-p---fa-		ὁ		l-p---fa-	glaux_only
17703	εὐτυχία	n-p---fa-		εὐτυχία		n-p---fa-	glaux_only
17704	ἀλλά	c--------		ἀλλά		c--------	glaux_only
17705	ὁ	l-p---fa-		ὁ		l-p---fa-	glaux_only
17706	ἐπιμέλεια	n-p---fa-		ἐπιμέλεια		n-p---fa-	glaux_only
17707	εὐδοκιμέω	v--pna---		εὐδοκιμέω		v--pna---	glaux_only
17708	.	u--------		.		u--------	glaux_only
17709	ὁ	l-p---mn-		ὁ		l-p---mn-	glaux_only
17710	μέν	g--------		μέν		g--------	glaux_only
17711	γάρ	g--------		γάρ		g--------	glaux_only
17712	φύσις	n-s---fd-		φύσις		n-s---fd-	glaux_only
17713	καί	c--------		καί		c--------	glaux_only
17714	τύχη	n-s---fd-		τύχη		n-s---fd-	glaux_only
17715	δεινός	a-p---mn-		δεινός		a-p---mn-	glaux_only
17716	γίγνομαι	v-papmmn-		γίγνομαι		v-papmmn-	glaux_only
17717	λέγω	v--pna---		λέγω		v--pna---	glaux_only
17718	οὐ	d--------		οὐ		d--------	glaux_only
17719	πρός	r--------		πρός		r--------	glaux_only
17720	ὁ	l-s---na-		ὁ		l-s---na-	glaux_only
17721	ἀγαθός	a-s---nas		ἀγαθός		a-s---nas	glaux_only
17722	ἀποβλέπω	v3ppia---		ἀποβλέπω		v3ppia---	glaux_only
17723	,	u--------		,		u--------	glaux_only
17724	ἀλλά	c--------		ἀλλά		c--------	glaux_only
17725	ὅπως	c--------		ὅπως		c--------	glaux_only
17726	ἄν	g--------		ἄν		g--------	glaux_only
17727	τυγχάνω	v3pasa---		τυγχάνω		v3pasa---	glaux_only
17728	,	u--------		,		u--------	glaux_only
17729	οὕτως	d--------		οὕτως		d--------	glaux_only
17730	χράω	v--pnm---		χράω		v--pnm---	glaux_only
17731	ὁ	l-p---md-		ὁ		l-p---md-	glaux_only
17732	λόγος	n-p---md-		λόγος		n-p---md-	glaux_only
17733	εἴωθα	v3pria---		εἴωθα		v3pria---	glaux_only
17734	·	u--------		·		u--------	glaux_only
17735	ὁ	l-p---mn-		ὁ		l-p---mn-	glaux_only
17736	δέ	c--------		δέ		c--------	glaux_only
17737	φιλοσοφία	n-s---fd-		φιλοσοφία		n-s---fd-	glaux_only
17738	καί	c--------		καί		c--------	glaux_only
17739	λογισμός	n-s---md-		λογισμός		n-s---md-	glaux_only
17740	ὁ	l-s---fa-		ὁ		l-s---fa-	glaux_only
17741	δύναμις	n-s---fa-		δύναμις		n-s---fa-	glaux_only
17742	οὗτος	p-s---fa-		οὗτος		p-s---fa-	glaux_only
17743	λαμβάνω	v-papamn-		λαμβάνω		v-papamn-	glaux_only
17744	,	u--------		,		u--------	glaux_only
17745	οὐδείς	p-s---na-		οὐδείς		p-s---na-	glaux_only
17746	ἄσκεπτος	d--------		ἄσκεπτος		d--------	glaux_only
17747	λέγω	v-pppamn-		λέγω		v-pppamn-	glaux_only
17748	,	u--------		,		u--------	glaux_only
17749	ἥσσων	a-s---nac		ἥσσων		a-s---nac	glaux_only
17750	περί	r--------		περί		r--------	glaux_only
17751	ὁ	l-p---fa-		ὁ		l-p---fa-	glaux_only
17752	πρᾶξις	n-p---fa-		πρᾶξις		n-p---fa-	glaux_only
17753	πλημμελέω	v3ppia---		πλημμελέω		v3ppia---	glaux_only
17754	.	u--------		.		u--------	glaux_only
17755	ὥστε	c--------		ὥστε		c--------	glaux_only
17756	ἅπας	p-p---md-		ἅπας		p-p---md-	glaux_only
17757	μέν	g--------		μέν		g--------	glaux_only
17758	βούλομαι	v--pnm---		βούλομαι		v--pnm---	glaux_only
17759	προσήκω	v3spia---		προσήκω		v3spia---	glaux_only
17760	πολύς	a-p---ma-		πολύς		a-p---ma-	glaux_only
17761	εἰμί	v--pna---		εἰμί		v--pna---	glaux_only
17762	ὁ	l-p---ma-		ὁ		l-p---ma-	glaux_only
17763	ἐκ	r--------		ἐκ		r--------	glaux_only
17764	παιδεία	n-s---fg-		παιδεία		n-s---fg-	glaux_only
17765	δεινός	a-p---ma-		δεινός		a-p---ma-	glaux_only
17766	λέγω	v--ana---		λέγω		v--ana---	glaux_only
17767	γίγνομαι	v-pppmma-		γίγνομαι		v-pppmma-	glaux_only
17768	,	u--------		,		u--------	glaux_only
17769	μάλα	d-------s		μάλα		d-------s	glaux_only
17770	δέ	c--------		δέ		c--------	glaux_only
17771	σύ	p-p---cd-		σύ		p-p---cd-	glaux_only
17772	·	u--------		·		u--------	glaux_only
17773	καί	c--------		καί		c--------	glaux_only
17774	γάρ	g--------		γάρ		g--------	glaux_only
17775	αὐτός	p-p---mn-		αὐτός		p-p---mn-	glaux_only
17776	προέχω	v2ppia---		προέχω		v2ppia---	glaux_only
17777	καί	c--------		καί		c--------	glaux_only
17778	διαφέρω	v2ppia---		διαφέρω		v2ppia---	glaux_only
17779	ὁ	l-p---mg-		ὁ		l-p---mg-	glaux_only
17780	ἄλλος	p-p---mg-		ἄλλος		p-p---mg-	glaux_only
17781	οὐ	d--------		οὐ		d--------	glaux_only
17782	ὁ	l-p---fd-		ὁ		l-p---fd-	glaux_only
17783	περί	r--------		περί		r--------	glaux_only
17784	ὁ	l-s---ma-		ὁ		l-s---ma-	glaux_only
17785	πόλεμος	n-s---ma-		πόλεμος		n-s---ma-	glaux_only
17786	ἐπιμέλεια	n-p---fd-		ἐπιμέλεια		n-p---fd-	glaux_only
17787	,	u--------		,		u--------	glaux_only
17788							unmatched
17789	ὅτι	c--------		ὅτι		c--------	glaux_only
17790	καλός	a-p---nas		καλός		a-p---nas	glaux_only
17791	πολιτεύω	v2ppim---		πολιτεύω		v2ppim---	glaux_only
17792	καί	c--------		καί		c--------	glaux_only
17793	μάλα	d-------s		μάλα		d-------s	glaux_only
17794	φυλάσσω	v2ppia---		φυλάσσω		v2ppia---	glaux_only
17795	ὁ	l-p---ma-		ὁ		l-p---ma-	glaux_only
17796	νόμος	n-p---ma-		νόμος		n-p---ma-	glaux_only
17797	ὅς	p-p---ma-		ὅς		p-p---ma-	glaux_only
17798	σύ	p-p---cd-		σύ		p-p---cd-	glaux_only
17799	ὁ	l-p---mn-		ὁ		l-p---mn-	glaux_only
17800	πρόγονος	n-p---mn-		πρόγονος		n-p---mn-	glaux_only
17801	καταλείπω	v3paia---		καταλείπω		v3paia---	glaux_only
17802	,	u--------		,		u--------	glaux_only
17803	ἀλλά	c--------		ἀλλά		c--------	glaux_only
17804	οὗτος	p-p---md-		οὗτος		p-p---md-	glaux_only
17805	ὅς	p-p---md-		ὅς		p-p---md-	glaux_only
17806	περ	d--------		περ		d--------	glaux_only
17807	ὁ	l-s---fn-		ὁ		l-s---fn-	glaux_only
17808	φύσις	n-s---fn-		φύσις		n-s---fn-	glaux_only
17809	ὁ	l-s---fn-		ὁ		l-s---fn-	glaux_only
17810	ὁ	l-p---mg-		ὁ		l-p---mg-	glaux_only
17811	ἄνθρωπος	n-p---mg-		ἄνθρωπος		n-p---mg-	glaux_only
17812	ὁ	l-p---ng-		ὁ		l-p---ng-	glaux_only
17813	ἄλλος	p-p---ng-		ἄλλος		p-p---ng-	glaux_only
17814	ζῷον	n-p---ng-		ζῷον		n-p---ng-	glaux_only
17815	,	u--------		,		u--------	glaux_only
17816	καί	c--------		καί		c--------	glaux_only
17817	ὁ	l-s---nn-		ὁ		l-s---nn-	glaux_only
17818	γένος	n-s---nn-		γένος		n-s---nn-	glaux_only
17819	ὁ	l-s---nn-		ὁ		l-s---nn-	glaux_only
17820	ὁ	l-p---mg-		ὁ		l-p---mg-	glaux_only
17821	Ἕλλην	n-p---mg-		Ἕλλην		n-p---mg-	glaux_only
17822	ὁ	l-p---mg-		ὁ		l-p---mg-	glaux_only
17823	βάρβαρος	a-p---mg-		βάρβαρος		a-p---mg-	glaux_only
17824	,	u--------		,		u--------	glaux_only
17825	ὁ	l-s---nd-		ὁ		l-s---nd-	glaux_only
17826	καί	c--------		καί		c--------	glaux_only
17827	πρός	r--------		πρός		r--------	glaux_only
17828	ὁ	l-s---fa-		ὁ		l-s---fa-	glaux_only
17829	φρόνησις	n-s---fa-		φρόνησις		n-s---fa-	glaux_only
17830	καί	c--------		καί		c--------	glaux_only
17831	πρός	r--------		πρός		r--------	glaux_only
17832	ὁ	l-p---ma-		ὁ		l-p---ma-	glaux_only
17833	λόγος	n-p---ma-		λόγος		n-p---ma-	glaux_only
17834	ἀγαθός	a-s---nac		ἀγαθός		a-s---nac	glaux_only
17835	παιδεύω	v--rnm---		παιδεύω		v--rnm---	glaux_only
17836	ὁ	l-p---mg-		ὁ		l-p---mg-	glaux_only
17837	ἄλλος	p-p---mg-		ἄλλος		p-p---mg-	glaux_only
17838	.	u--------		.		u--------	glaux_only
17839	ὥστε	c--------		ὥστε		c--------	glaux_only
17840	πᾶς	p-p---ng-		πᾶς		p-p---ng-	glaux_only
17841	ἄν	g--------		ἄν		g--------	glaux_only
17842	συμβαίνω	v3saoa---		συμβαίνω		v3saoa---	glaux_only
17843	δεινός	a-s---nns		δεινός		a-s---nns	glaux_only
17844	,	u--------		,		u--------	glaux_only
17845	εἰ	c--------		εἰ		c--------	glaux_only
17846	ὁ	l-p---ma-		ὁ		l-p---ma-	glaux_only
17847	βούλομαι	v-pppmma-		βούλομαι		v-pppmma-	glaux_only
17848	ὁ	l-p---nd-		ὁ		l-p---nd-	glaux_only
17849	αὐτός	p-p---nd-		αὐτός		p-p---nd-	glaux_only
17850	οὗτος	p-p---nd-		οὗτος		p-p---nd-	glaux_only
17851	διαφέρω	v--ana---		διαφέρω		v--ana---	glaux_only
17852	ὁ	l-p---mg-		ὁ		l-p---mg-	glaux_only
17853	ἡλικιώτης	n-p---mg-		ἡλικιώτης		n-p---mg-	glaux_only
17854	,	u--------		,		u--------	glaux_only
17855	ὅς	p-p---nd-		ὅς		p-p---nd-	glaux_only
17856	περ	d--------		περ		d--------	glaux_only
17857	σύ	p-p---cn-		σύ		p-p---cn-	glaux_only
17858	ἅπας	p-p---mg-		ἅπας		p-p---mg-	glaux_only
17859	,	u--------		,		u--------	glaux_only
17860	διαφθείρω	v--pnm---		διαφθείρω		v--pnm---	glaux_only
17861	ψηφίζω	v2paom---		ψηφίζω		v2paom---	glaux_only
17862	,	u--------		,		u--------	glaux_only
17863	καί	c--------		καί		c--------	glaux_only
17864	ὁ	l-p---ma-		ὁ		l-p---ma-	glaux_only
17865	ὁ	l-s---fd-		ὁ		l-s---fd-	glaux_only
17866	παιδεία	n-s---fd-		παιδεία		n-s---fd-	glaux_only
17867	οὗτος	p-s---fd-		οὗτος		p-s---fd-	glaux_only
17868	χράω	v-pppmma-		χράω		v-pppmma-	glaux_only
17869	,	u--------		,		u--------	glaux_only
17870	ὅς	p-s---fg-		ὅς		p-s---fg-	glaux_only
17871	σύ	p-p---cn-		σύ		p-p---cn-	glaux_only
17872	ἡγεμών	n-p---mn-		ἡγεμών		n-p---mn-	glaux_only
17873	γίγνομαι	v2prim---		γίγνομαι		v2prim---	glaux_only
17874	,	u--------		,		u--------	glaux_only
17875	συμφορά	n-s---fd-		συμφορά		n-s---fd-	glaux_only
17876	τις	p-s---cd-		τις		p-s---cd-	glaux_only
17877	περιβάλλω	v2paoa---		περιβάλλω		v2paoa---	glaux_only
17878	.	u--------		.		u--------	glaux_only
17879	χρή	v3spia---		χρή		v3spia---	glaux_only
17880	γάρ	g--------		γάρ		g--------	glaux_only
17881	μή	d--------		μή		d--------	glaux_only
17882							unmatched
17883							unmatched
17884							unmatched
17885							unmatched
17886							unmatched
17887							unmatched
17888							unmatched
17889							unmatched
17890							unmatched
17891							unmatched
17892	ὁ	l-s---fn-		ὁ		l-s---fn-	glaux_only
17893							unmatched
17894							unmatched
17895							unmatched
17896							unmatched
17897							unmatched
17898							unmatched
17899							unmatched
17900							unmatched
17901							unmatched
17902							unmatched
17903							unmatched
17904							unmatched
17905							unmatched
17906							unmatched
17907							unmatched
17908							unmatched
17909							unmatched
17910							unmatched
17911							unmatched
17912							unmatched
17913							unmatched
17914							unmatched
17915							unmatched
17916	καί	c--------		καί		c--------	glaux_only
17917							unmatched
17918							unmatched
17919	καί	c--------		καί		c--------	glaux_only
17920							unmatched
17921							unmatched
17922							unmatched
17923							unmatched
17924							unmatched
17925							unmatched
17926							unmatched
17927							unmatched
17928							unmatched
17929							unmatched
17930							unmatched
17931							unmatched
17932	ἔτι	d--------		ἔτι		d--------	glaux_only
17933	δέ	c--------		δέ		c--------	glaux_only
17934	ὁ	l-s---fa-		ὁ		l-s---fa-	glaux_only
17935	ἐμπειρία	n-s---fa-		ἐμπειρία		n-s---fa-	glaux_only
17936	,	u--------		,		u--------	glaux_only
17937	ὅς	p-s---fn-		ὅς		p-s---fn-	glaux_only
17938	περ	d--------		περ		d--------	glaux_only
17939	μάλα	d-------s		μάλα		d-------s	glaux_only
17940	ποιέω	v3spia---		ποιέω		v3spia---	glaux_only
17941	δύναμαι	v--pnm---		δύναμαι		v--pnm---	glaux_only
17942	λέγω	v--pna---		λέγω		v--pna---	glaux_only
17943	,	u--------		,		u--------	glaux_only
17944	ἐνθένδε	d--------		ἐνθένδε		d--------	glaux_only
17945	πᾶς	p-p---ma-		πᾶς		p-p---ma-	glaux_only
17946	λαμβάνω	v-pppama-		λαμβάνω		v-pppama-	glaux_only
17947	·	u--------		·		u--------	glaux_only
17948	πρός	r--------		πρός		r--------	glaux_only
17949	δέ	c--------		δέ		c--------	glaux_only
17950	οὗτος	p-p---nd-		οὗτος		p-p---nd-	glaux_only
17951	καί	c--------		καί		c--------	glaux_only
17952	ὁ	l-s---fa-		ὁ		l-s---fa-	glaux_only
17953	ὁ	l-s---fg-		ὁ		l-s---fg-	glaux_only
17954	φωνή	n-s---fg-		φωνή		n-s---fg-	glaux_only
17955	κοινότης	n-s---fa-		κοινότης		n-s---fa-	glaux_only
17956	καί	c--------		καί		c--------	glaux_only
17957	μετριότης	n-s---fa-		μετριότης		n-s---fa-	glaux_only
17958	καί	c--------		καί		c--------	glaux_only
17959	ὁ	l-s---fa-		ὁ		l-s---fa-	glaux_only
17960	ἄλλος	p-s---fa-		ἄλλος		p-s---fa-	glaux_only
17961	εὐτραπελία	n-s---fa-		εὐτραπελία		n-s---fa-	glaux_only
17962	καί	c--------		καί		c--------	glaux_only
17963	φιλολογία	n-s---fa-		φιλολογία		n-s---fa-	glaux_only
17964	οὐ	d--------		οὐ		d--------	glaux_only
17965	μικρός	a-s---na-		μικρός		a-s---na-	glaux_only
17966	ἡγέομαι	v3ppim---		ἡγέομαι		v3ppim---	glaux_only
17967	συμβάλλω	v--anm---		συμβάλλω		v--anm---	glaux_only
17968	μέρος	n-s---na-		μέρος		n-s---na-	glaux_only
17969	πρός	r--------		πρός		r--------	glaux_only
17970	ὁ	l-s---fa-		ὁ		l-s---fa-	glaux_only
17971	ὁ	l-p---mg-		ὁ		l-p---mg-	glaux_only
17972	λόγος	n-p---mg-		λόγος		n-p---mg-	glaux_only
17973	παιδεία	n-s---fa-		παιδεία		n-s---fa-	glaux_only
17974	·	u--------		·		u--------	glaux_only
17975	ὥστε	c--------		ὥστε		c--------	glaux_only
17976	οὐ	d--------		οὐ		d--------	glaux_only
17977	ἄδικος	d--------		ἄδικος		d--------	glaux_only
17978	ὑπολαμβάνω	v3ppia---		ὑπολαμβάνω		v3ppia---	glaux_only
17979	ἅπας	p-p---ma-		ἅπας		p-p---ma-	glaux_only
17980	ὁ	l-p---ma-		ὁ		l-p---ma-	glaux_only
17981	λέγω	v--pna---		λέγω		v--pna---	glaux_only
17982	εἰμί	v-pppama-		εἰμί		v-pppama-	glaux_only
17983	δεινός	a-p---ma-		δεινός		a-p---ma-	glaux_only
17984	ὁ	l-s---fg-		ὁ		l-s---fg-	glaux_only
17985	πόλις	n-s---fg-		πόλις		n-s---fg-	glaux_only
17986	εἰμί	v--pna---		εἰμί		v--pna---	glaux_only
17987	μαθητής	n-p---ma-		μαθητής		n-p---ma-	glaux_only
17988	.	u--------		.		u--------	glaux_only
17989	σκοπέω	v2ppma---		σκοπέω		v2ppma---	glaux_only
17990	οὖν	g--------		οὖν		g--------	glaux_only
17991	μή	d--------		μή		d--------	glaux_only
17992	παντάπασι	d--------		παντάπασι		d--------	glaux_only
17993	εἰμί	v3spsa---		εἰμί		v3spsa---	glaux_only
17994	καταγέλαστος	a-s---nn-		καταγέλαστος		a-s---nn-	glaux_only
17995	ὁ	l-s---fg-		ὁ		l-s---fg-	glaux_only
17996	δόξα	n-s---fg-		δόξα		n-s---fg-	glaux_only
17997	οὗτος	p-s---fg-		οὗτος		p-s---fg-	glaux_only
17998	φλαῦρος	a-s---na-		φλαῦρος		a-s---na-	glaux_only
17999	τις	p-s---na-		τις		p-s---na-	glaux_only
18000	καταγιγνώσκω	v--pna---		καταγιγνώσκω		v--pna---	glaux_only
18001	,	u--------		,		u--------	glaux_only
18002	ὅς	p-s---fa-		ὅς		p-s---fa-	glaux_only
18003	σύ	p-p---cn-		σύ		p-p---cn-	glaux_only
18004	ἔχω	v2ppia---		ἔχω		v2ppia---	glaux_only
18005	παρά	r--------		παρά		r--------	glaux_only
18006	ὁ	l-p---md-		ὁ		l-p---md-	glaux_only
18007	Ἕλλην	n-p---md-		Ἕλλην		n-p---md-	glaux_only
18008	πολύς	a-s---na-		πολύς		a-s---na-	glaux_only
18009	μάλα	d-------c		μάλα		d-------c	glaux_only
18010	ἤ	c--------		ἤ		c--------	glaux_only
18011	ἐγώ	p-s---cn-		ἐγώ		p-s---cn-	glaux_only
18012	παρά	r--------		παρά		r--------	glaux_only
18013	σύ	p-p---cd-		σύ		p-p---cd-	glaux_only
18014	·	u--------		·		u--------	glaux_only
18015	οὐδείς	p-s---na-		οὐδείς		p-s---na-	glaux_only
18016	γάρ	g--------		γάρ		g--------	glaux_only
18017	ἀλλά	c--------		ἀλλά		c--------	glaux_only
18018	ἤ	c--------		ἤ		c--------	glaux_only
18019	φανερός	d--------		φανερός		d--------	glaux_only
18020	σύ	p-p---cg-		σύ		p-p---cg-	glaux_only
18021	αὐτός	p-p---mg-		αὐτός		p-p---mg-	glaux_only
18022	εἰμί	v2pfim---		εἰμί		v2pfim---	glaux_only
18023	καταψηφίζομαι	v-prpmmn-		καταψηφίζομαι		v-prpmmn-	glaux_only
18024	ὁ	l-s---fa-		ὁ		l-s---fa-	glaux_only
18025	τοιοῦτος	p-s---fa-		τοιοῦτος		p-s---fa-	glaux_only
18026	ἀδικία	n-s---fa-		ἀδικία		n-s---fa-	glaux_only
18027	,	u--------		,		u--------	glaux_only
18028	καί	c--------		καί		c--------	glaux_only
18029	ποιέω	v-prpamn-		ποιέω		v-prpamn-	glaux_only
18030	ὅμοιος	a-s---na-		ὅμοιος		a-s---na-	glaux_only
18031	ὥσπερ	c--------		ὥσπερ		c--------	glaux_only
18032	ἄν	g--------		ἄν		g--------	glaux_only
18033	εἰ	c--------		εἰ		c--------	glaux_only
18034	Λακεδαιμόνιος	a-p---mn-		Λακεδαιμόνιος		a-p---mn-	glaux_only
18035	ὁ	l-p---ma-		ὁ		l-p---ma-	glaux_only
18036	ὁ	l-p---na-		ὁ		l-p---na-	glaux_only
18037	περί	r--------		περί		r--------	glaux_only
18038	ὁ	l-s---ma-		ὁ		l-s---ma-	glaux_only
18039	πόλεμος	n-s---ma-		πόλεμος		n-s---ma-	glaux_only
18040	ἀσκέω	v-pppama-		ἀσκέω		v-pppama-	glaux_only
18041	ζημιόω	v--pna---		ζημιόω		v--pna---	glaux_only
18042	ἐπιχειρέω	v3ppoa---		ἐπιχειρέω		v3ppoa---	glaux_only
18043	,	u--------		,		u--------	glaux_only
18044	ἤ	c--------		ἤ		c--------	glaux_only
18045	Θεσσαλός	a-p---mn-		Θεσσαλός		a-p---mn-	glaux_only
18046	παρά	r--------		παρά		r--------	glaux_only
18047	ὁ	l-p---mg-		ὁ		l-p---mg-	glaux_only
18048	ἱππεύω	v--pna---		ἱππεύω		v--pna---	glaux_only
18049	μελετάω	v-pppamg-		μελετάω		v-pppamg-	glaux_only
18050	δίκη	n-s---fa-		δίκη		n-s---fa-	glaux_only
18051	λαμβάνω	v--pna---		λαμβάνω		v--pna---	glaux_only
18052	ἀξιόω	v3ppoa---		ἀξιόω		v3ppoa---	glaux_only
18053	.	u--------		.		u--------	glaux_only
18054	ὑπέρ	r--------		ὑπέρ		r--------	glaux_only
18055	ὅς	p-p---ng-		ὅς		p-p---ng-	glaux_only
18056	φυλάσσω	a-s---nn-		φυλάσσω		a-s---nn-	glaux_only
18057	εἰμί	v3spia---		εἰμί		v3spia---	glaux_only
18058	,	u--------		,		u--------	glaux_only
18059	ὅπως	c--------		ὅπως		c--------	glaux_only
18060	μηδείς	p-s---na-		μηδείς		p-s---na-	glaux_only
18061	τοιοῦτος	p-s---na-		τοιοῦτος		p-s---na-	glaux_only
18062	ἐξαμαρτάνω	v2pfim---		ἐξαμαρτάνω		v2pfim---	glaux_only
18063	περί	r--------		περί		r--------	glaux_only
18064	σύ	p-p---ca-		σύ		p-p---ca-	glaux_only
18065	αὐτός	p-p---ma-		αὐτός		p-p---ma-	glaux_only
18066	,	u--------		,		u--------	glaux_only
18067	μή	d--------		μή		d--------	glaux_only
18068							unmatched
18069							unmatched
18070							unmatched
18071	ὁ	l-p---ma-		ὁ		l-p---ma-	glaux_only
18072							unmatched
18073	ὁ	l-p---ma-		ὁ		l-p---ma-	glaux_only
18074	ὁ	l-p---mg-		ὁ		l-p---mg-	glaux_only
18075							unmatched
18076							unmatched
18077							unmatched
18078							unmatched
18079							unmatched
18080							unmatched
18081							unmatched
18082							unmatched
18083	οἴομαι	v1spim---		οἴομαι		v1spim---	glaux_only
18084	δέ	c--------		δέ		c--------	glaux_only
18085	σύ	p-p---ca-		σύ		p-p---ca-	glaux_only
18086	οὐ	d--------		οὐ		d--------	glaux_only
18087	ἀγνοέω	v--pna---		ἀγνοέω		v--pna---	glaux_only
18088	ὅτι	c--------		ὅτι		c--------	glaux_only
18089	ὁ	l-p---mg-		ὁ		l-p---mg-	glaux_only
18090	Ἕλλην	n-p---mg-		Ἕλλην		n-p---mg-	glaux_only
18091	ὁ	l-p---mn-		ὁ		l-p---mn-	glaux_only
18092	μέν	g--------		μέν		g--------	glaux_only
18093	δύσκολος	d--------		δύσκολος		d--------	glaux_only
18094	πρός	r--------		πρός		r--------	glaux_only
18095	σύ	p-p---ca-		σύ		p-p---ca-	glaux_only
18096	ἔχω	v3ppia---		ἔχω		v3ppia---	glaux_only
18097	,	u--------		,		u--------	glaux_only
18098	ὁ	l-p---mn-		ὁ		l-p---mn-	glaux_only
18099	δέ	c--------		δέ		c--------	glaux_only
18100	ὡς	c--------		ὡς		c--------	glaux_only
18101	οἷος	p-s---na-		οἷος		p-s---na-	glaux_only
18102	τε	c--------		τε		c--------	glaux_only
18103	μάλα	d-------s		μάλα		d-------s	glaux_only
18104	φιλέω	v3ppia---		φιλέω		v3ppia---	glaux_only
18105	καί	c--------		καί		c--------	glaux_only
18106	ὁ	l-p---fa-		ὁ		l-p---fa-	glaux_only
18107	ἐλπίς	n-p---fa-		ἐλπίς		n-p---fa-	glaux_only
18108	ὁ	l-s---fg-		ὁ		l-s---fg-	glaux_only
18109	σωτηρία	n-s---fg-		σωτηρία		n-s---fg-	glaux_only
18110	ἐν	r--------		ἐν		r--------	glaux_only
18111	σύ	p-p---cd-		σύ		p-p---cd-	glaux_only
18112	ἔχω	v3ppia---		ἔχω		v3ppia---	glaux_only
18113	.	u--------		.		u--------	glaux_only
18114	καί	c--------		καί		c--------	glaux_only
18115	φημί	v3ppia---		φημί		v3ppia---	glaux_only
18116	ὁ	l-p---mn-		ὁ		l-p---mn-	glaux_only
18117	μέν	g--------		μέν		g--------	glaux_only
18118	τοιοῦτος	p-p---mn-		τοιοῦτος		p-p---mn-	glaux_only
18119	μόνος	a-s---fa-		μόνος		a-s---fa-	glaux_only
18120	εἰμί	v--pna---		εἰμί		v--pna---	glaux_only
18121	οὗτος	p-s---fa-		οὗτος		p-s---fa-	glaux_only
18122	πόλις	n-s---fa-		πόλις		n-s---fa-	glaux_only
18123	,	u--------		,		u--------	glaux_only
18124	ὁ	l-p---fa-		ὁ		l-p---fa-	glaux_only
18125	δέ	c--------		δέ		c--------	glaux_only
18126	ἄλλος	p-p---fa-		ἄλλος		p-p---fa-	glaux_only
18127	κώμη	n-p---fa-		κώμη		n-p---fa-	glaux_only
18128	,	u--------		,		u--------	glaux_only
18129	καί	c--------		καί		c--------	glaux_only
18130	δίκαιος	d--------		δίκαιος		d--------	glaux_only
18131	ἄν	g--------		ἄν		g--------	glaux_only
18132	αὐτός	p-s---fa-		αὐτός		p-s---fa-	glaux_only
18133	ἄστυ	n-s---na-		ἄστυ		n-s---na-	glaux_only
18134	ὁ	l-s---fg-		ὁ		l-s---fg-	glaux_only
18135	Ἑλλάς	n-s---fg-		Ἑλλάς		n-s---fg-	glaux_only
18136	προσαγορεύω	v--pnm---		προσαγορεύω		v--pnm---	glaux_only
18137	καί	c--------		καί		c--------	glaux_only
18138	διά	r--------		διά		r--------	glaux_only
18139	ὁ	l-s---na-		ὁ		l-s---na-	glaux_only
18140	μέγεθος	n-s---na-		μέγεθος		n-s---na-	glaux_only
18141	καί	c--------		καί		c--------	glaux_only
18142	διά	r--------		διά		r--------	glaux_only
18143	ὁ	l-p---fa-		ὁ		l-p---fa-	glaux_only
18144	εὐπορία	n-p---fa-		εὐπορία		n-p---fa-	glaux_only
18145	ὁ	l-p---fa-		ὁ		l-p---fa-	glaux_only
18146	ἐνθένδε	d--------		ἐνθένδε		d--------	glaux_only
18147	ὁ	l-p---md-		ὁ		l-p---md-	glaux_only
18148	ἄλλος	p-p---md-		ἄλλος		p-p---md-	glaux_only
18149	γίγνομαι	v-pppmfa-		γίγνομαι		v-pppmfa-	glaux_only
18150	καί	c--------		καί		c--------	glaux_only
18151	μάλα	d-------s		μάλα		d-------s	glaux_only
18152	διά	r--------		διά		r--------	glaux_only
18153	ὁ	l-s---ma-		ὁ		l-s---ma-	glaux_only
18154	τρόπος	n-s---ma-		τρόπος		n-s---ma-	glaux_only
18155	ὁ	l-p---mg-		ὁ		l-p---mg-	glaux_only
18156	ἐνοικέω	v-pppamg-		ἐνοικέω		v-pppamg-	glaux_only
18157	·	u--------		·		u--------	glaux_only
18158	οὐδείς	p-p---ma-		οὐδείς		p-p---ma-	glaux_only
18159	γάρ	g--------		γάρ		g--------	glaux_only
18160	εἰμί	v--pna---		εἰμί		v--pna---	glaux_only
18161	πρᾶος	a-p---mac		πρᾶος		a-p---mac	glaux_only
18162	οὐ	d--------		οὐ		d--------	glaux_only
18163							unmatched
18164							unmatched
18165							unmatched
18166							unmatched
18167							unmatched
18168							unmatched
18169							unmatched
18170							unmatched
18171							unmatched
18172							unmatched
18173							unmatched
18174							unmatched
18175							unmatched
18176							unmatched
18177							unmatched
18178							unmatched
18179							unmatched
18180							unmatched
18181							unmatched
18182							unmatched
18183							unmatched
18184							unmatched
18185							unmatched
18186							unmatched
18187							unmatched
18188							unmatched
18189							unmatched
18190							unmatched
18191							unmatched
18192							unmatched
18193							unmatched
18194							unmatched
18195							unmatched
18196							unmatched
18197							unmatched
18198							unmatched
18199							unmatched
18200							unmatched
18201							unmatched
18202							unmatched
18203							unmatched
18204	δέ	c--------		δέ		c--------	glaux_only
18205							unmatched
18206							unmatched
18207							unmatched
18208							unmatched
18209							unmatched
18210							unmatched
18211							unmatched
18212							unmatched
18213							unmatched
18214							unmatched
18215	καί	c--------		καί		c--------	glaux_only
18216							unmatched
18217							unmatched
18218							unmatched
18219							unmatched
18220							unmatched
18221							unmatched
18222							unmatched
18223							unmatched
18224							unmatched
18225							unmatched
18226							unmatched
18227	εἰμί	v3spia---		εἰμί		v3spia---	glaux_only
18228	οὖν	g--------		οὖν		g--------	glaux_only
18229	δικαστής	n-p---mg-		δικαστής		n-p---mg-	glaux_only
18230	νόος	n-s---ma-		νόος		n-s---ma-	glaux_only
18231	ἔχω	v-pppamg-		ἔχω		v-pppamg-	glaux_only
18232	ὁ	l-p---ma-		ὁ		l-p---ma-	glaux_only
18233	μέν	g--------		μέν		g--------	glaux_only
18234	ὁ	l-p---mg-		ὁ		l-p---mg-	glaux_only
18235	τοιοῦτος	p-p---mg-		τοιοῦτος		p-p---mg-	glaux_only
18236	λόγος	n-p---mg-		λόγος		n-p---mg-	glaux_only
18237	αἴτιος	a-p---ma-		αἴτιος		a-p---ma-	glaux_only
18238	γίγνομαι	v-pppmma-		γίγνομαι		v-pppmma-	glaux_only
18239	ἀποκτείνω	v--pna---		ἀποκτείνω		v--pna---	glaux_only
18240	ὡς	c--------		ὡς		c--------	glaux_only
18241	μέγας	a-s---fa-		μέγας		a-s---fa-	glaux_only
18242	αἰσχύνη	n-s---fa-		αἰσχύνη		n-s---fa-	glaux_only
18243	ὁ	l-s---fd-		ὁ		l-s---fd-	glaux_only
18244	πόλις	n-s---fd-		πόλις		n-s---fd-	glaux_only
18245	περιποιέω	v-pppama-		περιποιέω		v-pppama-	glaux_only
18246	,	u--------		,		u--------	glaux_only
18247	ὁ	l-p---ma-		ὁ		l-p---ma-	glaux_only
18248	δέ	c--------		δέ		c--------	glaux_only
18249	ὁ	l-p---mg-		ὁ		l-p---mg-	glaux_only
18250	ἔπαινος	n-p---mg-		ἔπαινος		n-p---mg-	glaux_only
18251	ὁ	l-p---mg-		ὁ		l-p---mg-	glaux_only
18252	λέγω	v-pppmmg-		λέγω		v-pppmmg-	glaux_only
18253	περί	r--------		περί		r--------	glaux_only
18254	αὐτός	p-s---fg-		αὐτός		p-s---fg-	glaux_only
18255	μέρος	n-s---na-		μέρος		n-s---na-	glaux_only
18256	τις	p-s---na-		τις		p-s---na-	glaux_only
18257	συμβάλλω	v-pppmma-		συμβάλλω		v-pppmma-	glaux_only
18258	τιμάω	v--pna---		τιμάω		v--pna---	glaux_only
18259	μάλα	d-------c		μάλα		d-------c	glaux_only
18260	ἤ	c--------		ἤ		c--------	glaux_only
18261	ὁ	l-p---ma-		ὁ		l-p---ma-	glaux_only
18262	ἀθλητής	n-p---ma-		ἀθλητής		n-p---ma-	glaux_only
18263	ὁ	l-p---ma-		ὁ		l-p---ma-	glaux_only
18264	ἐν	r--------		ἐν		r--------	glaux_only
18265	ὁ	l-p---md-		ὁ		l-p---md-	glaux_only
18266	στεφανίτης	n-p---md-		στεφανίτης		n-p---md-	glaux_only
18267	ἀγών	n-p---md-		ἀγών		n-p---md-	glaux_only
18268	νικάω	v-pppama-		νικάω		v-pppama-	glaux_only
18269	·	u--------		·		u--------	glaux_only
18270	πολύς	a-s---na-		πολύς		a-s---na-	glaux_only
18271	γάρ	g--------		γάρ		g--------	glaux_only
18272	καλός	a-s---fac		καλός		a-s---fac	glaux_only
18273	δόξα	n-s---fa-		δόξα		n-s---fa-	glaux_only
18274	ἐκεῖνος	p-p---mg-		ἐκεῖνος		p-p---mg-	glaux_only
18275	κτάομαι	v-pppmmn-		κτάομαι		v-pppmmn-	glaux_only
18276	ὁ	l-s---fd-		ὁ		l-s---fd-	glaux_only
18277	πόλις	n-s---fd-		πόλις		n-s---fd-	glaux_only
18278	τυγχάνω	v3ppia---		τυγχάνω		v3ppia---	glaux_only
18279	καί	c--------		καί		c--------	glaux_only
18280	μάλα	d-------c		μάλα		d-------c	glaux_only
18281	ἁρμόζω	v-sppafa-		ἁρμόζω		v-sppafa-	glaux_only
18282	.	u--------		.		u--------	glaux_only
18283	περί	r--------		περί		r--------	glaux_only
18284	μέν	g--------		μέν		g--------	glaux_only
18285	γάρ	g--------		γάρ		g--------	glaux_only
18286	ὁ	l-s---fa-		ὁ		l-s---fa-	glaux_only
18287	ὁ	l-p---ng-		ὁ		l-p---ng-	glaux_only
18288	σῶμα	n-p---ng-		σῶμα		n-p---ng-	glaux_only
18289	ἀγωνία	n-s---fa-		ἀγωνία		n-s---fa-	glaux_only
18290	πολύς	a-p---ma-		πολύς		a-p---ma-	glaux_only
18291	ὁ	l-p---ma-		ὁ		l-p---ma-	glaux_only
18292	ἀμφισβητέω	v-pppama-		ἀμφισβητέω		v-pppama-	glaux_only
18293	ἔχω	v1ppia---		ἔχω		v1ppia---	glaux_only
18294	,	u--------		,		u--------	glaux_only
18295	περί	r--------		περί		r--------	glaux_only
18296	δέ	c--------		δέ		c--------	glaux_only
18297	ὁ	l-s---fa-		ὁ		l-s---fa-	glaux_only
18298	παιδεία	n-s---fa-		παιδεία		n-s---fa-	glaux_only
18299	ἅπας	p-p---mn-		ἅπας		p-p---mn-	glaux_only
18300	ἄν	g--------		ἄν		g--------	glaux_only
18301	ἐγώ	p-p---ca-		ἐγώ		p-p---ca-	glaux_only
18302	πρωτεύω	v--pna---		πρωτεύω		v--pna---	glaux_only
18303	προκρίνω	v3paoa---		προκρίνω		v3paoa---	glaux_only
18304	.	u--------		.		u--------	glaux_only
18305	χρή	v3spia---		χρή		v3spia---	glaux_only
18306	δέ	c--------		δέ		c--------	glaux_only
18307	ὁ	l-p---ma-		ὁ		l-p---ma-	glaux_only
18308	καί	c--------		καί		c--------	glaux_only
18309	μικρός	a-p---na-		μικρός		a-p---na-	glaux_only
18310	λογίζομαι	v--pnm---		λογίζομαι		v--pnm---	glaux_only
18311	δύναμαι	v-pppmma-		δύναμαι		v-pppmma-	glaux_only
18312	ὁ	l-p---ma-		ὁ		l-p---ma-	glaux_only
18313	ἐν	r--------		ἐν		r--------	glaux_only
18314	ὁ	l-p---nd-		ὁ		l-p---nd-	glaux_only
18315	τοιοῦτος	p-p---nd-		τοιοῦτος		p-p---nd-	glaux_only
18316	ὁ	l-p---ng-		ὁ		l-p---ng-	glaux_only
18317	ἔργον	n-p---ng-		ἔργον		n-p---ng-	glaux_only
18318	διαφέρω	v-pppama-		διαφέρω		v-pppama-	glaux_only
18319	,	u--------		,		u--------	glaux_only
18320	ἐν	r--------		ἐν		r--------	glaux_only
18321	ὅς	p-p---nd-		ὅς		p-p---nd-	glaux_only
18322	ὁ	l-s---fn-		ὁ		l-s---fn-	glaux_only
18323	πόλις	n-s---fn-		πόλις		n-s---fn-	glaux_only
18324	εὐδοκιμέω	v3spia---		εὐδοκιμέω		v3spia---	glaux_only
18325	,	u--------		,		u--------	glaux_only
18326	τιμάω	v-pppama-		τιμάω		v-pppama-	glaux_only
18327	φαίνω	v--pnm---		φαίνω		v--pnm---	glaux_only
18328	,	u--------		,		u--------	glaux_only
18329	καί	c--------		καί		c--------	glaux_only
18330	μή	d--------		μή		d--------	glaux_only
18331	φθονερός	d--------		φθονερός		d--------	glaux_only
18332	ἔχω	v--pna---		ἔχω		v--pna---	glaux_only
18333	,	u--------		,		u--------	glaux_only
18334							unmatched
18335	ἐναντίος	a-p---na-		ἐναντίος		a-p---na-	glaux_only
18336	ὁ	l-p---md-		ὁ		l-p---md-	glaux_only
18337	ἄλλος	p-p---md-		ἄλλος		p-p---md-	glaux_only
18338	Ἕλλην	n-p---md-		Ἕλλην		n-p---md-	glaux_only
18339	γιγνώσκω	v--pna---		γιγνώσκω		v--pna---	glaux_only
18340	περί	r--------		περί		r--------	glaux_only
18341	αὐτός	p-p---ng-		αὐτός		p-p---ng-	glaux_only
18342	.	u--------		.		u--------	glaux_only
18343	ὅς	p-p---ng-		ὅς		p-p---ng-	glaux_only
18344	σύ	p-p---cd-		σύ		p-p---cd-	glaux_only
18345	οὐδείς	p-s---nn-		οὐδείς		p-s---nn-	glaux_only
18346	πώποτε	d--------		πώποτε		d--------	glaux_only
18347	μέλω	v3saia---		μέλω		v3saia---	glaux_only
18348	,	u--------		,		u--------	glaux_only
18349	ἀλλά	c--------		ἀλλά		c--------	glaux_only
18350	τοσοῦτος	p-s---na-		τοσοῦτος		p-s---na-	glaux_only
18351	διαμαρτάνω	v2pria---		διαμαρτάνω		v2pria---	glaux_only
18352	ὁ	l-s---ng-		ὁ		l-s---ng-	glaux_only
18353	συμφέρω	v-sppang-		συμφέρω		v-sppang-	glaux_only
18354	,	u--------		,		u--------	glaux_only
18355	ὥστε	c--------		ὥστε		c--------	glaux_only
18356	ἡδύς	a-s---nac		ἡδύς		a-s---nac	glaux_only
18357	ἔχω	v2ppia---		ἔχω		v2ppia---	glaux_only
18358	διά	r--------		διά		r--------	glaux_only
18359	ὅς	p-p---ma-		ὅς		p-p---ma-	glaux_only
18360	ἀκούω	v2ppia---		ἀκούω		v2ppia---	glaux_only
18361	κακός	d--------		κακός		d--------	glaux_only
18362	ἤ	c--------		ἤ		c--------	glaux_only
18363	διά	r--------		διά		r--------	glaux_only
18364	ὅς	p-p---ma-		ὅς		p-p---ma-	glaux_only
18365	ἐπαινέω	v2ppim---		ἐπαινέω		v2ppim---	glaux_only
18366	,	u--------		,		u--------	glaux_only
18367	καί	c--------		καί		c--------	glaux_only
18368	δημοτικός	a-p---mac		δημοτικός		a-p---mac	glaux_only
18369	εἰμί	v--pna---		εἰμί		v--pna---	glaux_only
18370	νομίζω	v2ppia---		νομίζω		v2ppia---	glaux_only
18371	ὁ	l-p---ma-		ὁ		l-p---ma-	glaux_only
18372	ὁ	l-s---ng-		ὁ		l-s---ng-	glaux_only
18373	μισέω	v--pnm---		μισέω		v--pnm---	glaux_only
18374	ὁ	l-s---fa-		ὁ		l-s---fa-	glaux_only
18375	πόλις	n-s---fa-		πόλις		n-s---fa-	glaux_only
18376	ὑπό	r--------		ὑπό		r--------	glaux_only
18377	πολύς	a-p---mg-		πολύς		a-p---mg-	glaux_only
18378	αἴτιος	a-p---ma-		αἴτιος		a-p---ma-	glaux_only
18379	εἰμί	v-pppama-		εἰμί		v-pppama-	glaux_only
18380	,	u--------		,		u--------	glaux_only
18381	ἤ	c--------		ἤ		c--------	glaux_only
18382	ὁ	l-p---ma-		ὁ		l-p---ma-	glaux_only
18383	ἅπας	p-p---ma-		ἅπας		p-p---ma-	glaux_only
18384	ὅς	p-p---md-		ὅς		p-p---md-	glaux_only
18385	πλησιάζω	v3pria---		πλησιάζω		v3pria---	glaux_only
18386	εὖ	d--------		εὖ		d--------	glaux_only
18387	διάκειμαι	v--pnm---		διάκειμαι		v--pnm---	glaux_only
18388	πρός	r--------		πρός		r--------	glaux_only
18389	αὐτός	p-s---fa-		αὐτός		p-s---fa-	glaux_only
18390	ποιέω	v-prpama-		ποιέω		v-prpama-	glaux_only
18391	.	u--------		.		u--------	glaux_only
18392	ἐάν	c--------		ἐάν		c--------	glaux_only
18393	οὖν	g--------		οὖν		g--------	glaux_only
18394	σωφρονέω	v2ppsa---		σωφρονέω		v2ppsa---	glaux_only
18395	,	u--------		,		u--------	glaux_only
18396	ὁ	l-s---fg-		ὁ		l-s---fg-	glaux_only
18397	μέν	g--------		μέν		g--------	glaux_only
18398	ταραχή	n-s---fg-		ταραχή		n-s---fg-	glaux_only
18399	παύω	v2pfim---		παύω		v2pfim---	glaux_only
18400	οὗτος	p-s---fg-		οὗτος		p-s---fg-	glaux_only
18401	,	u--------		,		u--------	glaux_only
18402	οὐ	d--------		οὐ		d--------	glaux_only
18403	οὕτως	d--------		οὕτως		d--------	glaux_only
18404	δέ	c--------		δέ		c--------	glaux_only
18405	ὥσπερ	c--------		ὥσπερ		c--------	glaux_only
18406	νῦν	d--------		νῦν		d--------	glaux_only
18407	ὁ	l-p---mn-		ὁ		l-p---mn-	glaux_only
18408	μέν	g--------		μέν		g--------	glaux_only
18409	τραχύς	d--------		τραχύς		d--------	glaux_only
18410	ὁ	l-p---mn-		ὁ		l-p---mn-	glaux_only
18411	δέ	c--------		δέ		c--------	glaux_only
18412	ὀλίγωρος	d--------		ὀλίγωρος		d--------	glaux_only
18413	διάκειμαι	v2pfim---		διάκειμαι		v2pfim---	glaux_only
18414	πρός	r--------		πρός		r--------	glaux_only
18415	ὁ	l-s---fa-		ὁ		l-s---fa-	glaux_only
18416	φιλοσοφία	n-s---fa-		φιλοσοφία		n-s---fa-	glaux_only
18417	,	u--------		,		u--------	glaux_only
18418	ἀλλά	c--------		ἀλλά		c--------	glaux_only
18419	ὑπολαμβάνω	v-papamn-		ὑπολαμβάνω		v-papamn-	glaux_only
18420	καλός	a-s---mas		καλός		a-s---mas	glaux_only
18421	εἰμί	v--pna---		εἰμί		v--pna---	glaux_only
18422	καί	c--------		καί		c--------	glaux_only
18423	σπουδαῖος	a-s---mas		σπουδαῖος		a-s---mas	glaux_only
18424	ὁ	l-p---ng-		ὁ		l-p---ng-	glaux_only
18425	ἐπιτήδευμα	n-p---ng-		ἐπιτήδευμα		n-p---ng-	glaux_only
18426	ὁ	l-s---fa-		ὁ		l-s---fa-	glaux_only
18427	ὁ	l-s---fg-		ὁ		l-s---fg-	glaux_only
18428	ψυχή	n-s---fg-		ψυχή		n-s---fg-	glaux_only
18429	ἐπιμέλεια	n-s---fa-		ἐπιμέλεια		n-s---fa-	glaux_only
18430	,	u--------		,		u--------	glaux_only
18431	προσρέπω	v2pfia---		προσρέπω		v2pfia---	glaux_only
18432	ὁ	l-p---mg-		ὁ		l-p---mg-	glaux_only
18433	νέος	a-p---mgc		νέος		a-p---mgc	glaux_only
18434	ὁ	l-p---ma-		ὁ		l-p---ma-	glaux_only
18435	βίος	n-s---ma-		βίος		n-s---ma-	glaux_only
18436	ἱκανός	a-s---ma-		ἱκανός		a-s---ma-	glaux_only
18437	κτάομαι	v-prpmma-		κτάομαι		v-prpmma-	glaux_only
18438	καί	c--------		καί		c--------	glaux_only
18439	σχολή	n-s---fa-		σχολή		n-s---fa-	glaux_only
18440	ἄγω	v--pna---		ἄγω		v--pna---	glaux_only
18441	δύναμαι	v-pppmma-		δύναμαι		v-pppmma-	glaux_only
18442	ἐπί	r--------		ἐπί		r--------	glaux_only
18443	ὁ	l-s---fa-		ὁ		l-s---fa-	glaux_only
18444	παιδεία	n-s---fa-		παιδεία		n-s---fa-	glaux_only
18445	καί	c--------		καί		c--------	glaux_only
18446	ὁ	l-s---fa-		ὁ		l-s---fa-	glaux_only
18447	ἄσκησις	n-s---fa-		ἄσκησις		n-s---fa-	glaux_only
18448	ὁ	l-s---fa-		ὁ		l-s---fa-	glaux_only
18449	τοιοῦτος	p-s---fa-		τοιοῦτος		p-s---fa-	glaux_only
18450	,	u--------		,		u--------	glaux_only
18451	καί	c--------		καί		c--------	glaux_only
18452	ὁ	l-p---ma-		ὁ		l-p---ma-	glaux_only
18453	μέν	g--------		μέν		g--------	glaux_only
18454	πονέω	v--pna---		πονέω		v--pna---	glaux_only
18455	ἐθέλω	v-pppama-		ἐθέλω		v-pppama-	glaux_only
18456	καί	c--------		καί		c--------	glaux_only
18457	παρασκευάζω	v--pna---		παρασκευάζω		v--pna---	glaux_only
18458	σφεῖς	p-p---ca-		σφεῖς		p-p---ca-	glaux_only
18459	αὐτός	p-p---ma-		αὐτός		p-p---ma-	glaux_only
18460	χρήσιμος	a-p---ma-		χρήσιμος		a-p---ma-	glaux_only
18461	ὁ	l-s---fd-		ὁ		l-s---fd-	glaux_only
18462	πόλις	n-s---fd-		πόλις		n-s---fd-	glaux_only
18463	περί	r--------		περί		r--------	glaux_only
18464	πολύς	a-s---ng-		πολύς		a-s---ng-	glaux_only
18465	ποιέω	v2pfim---		ποιέω		v2pfim---	glaux_only
18466	,	u--------		,		u--------	glaux_only
18467	ὁ	l-p---ma-		ὁ		l-p---ma-	glaux_only
18468	δέ	c--------		δέ		c--------	glaux_only
18469	καταβεβλημένως	d--------		καταβεβλημένως		d--------	glaux_only
18470	ζάω	v-pppama-		ζάω		v-pppama-	glaux_only
18471	καί	c--------		καί		c--------	glaux_only
18472	μηδείς	p-s---ng-		μηδείς		p-s---ng-	glaux_only
18473	ἄλλος	p-s---ng-		ἄλλος		p-s---ng-	glaux_only
18474	φροντίζω	v-pppama-		φροντίζω		v-pppama-	glaux_only
18475	πλήν	r--------		πλήν		r--------	glaux_only
18476	ὅπως	c--------		ὅπως		c--------	glaux_only
18477	ἀσελγής	d--------		ἀσελγής		d--------	glaux_only
18478	ἀπολαύω	v3pfim---		ἀπολαύω		v3pfim---	glaux_only
18479	ὁ	l-p---mg-		ὁ		l-p---mg-	glaux_only
18480	καταλείπω	v-pappmg-		καταλείπω		v-pappmg-	glaux_only
18481	,	u--------		,		u--------	glaux_only
18482	οὗτος	p-p---ma-		οὗτος		p-p---ma-	glaux_only
18483	δέ	c--------		δέ		c--------	glaux_only
18484	μισέω	v2pfia---		μισέω		v2pfia---	glaux_only
18485	καί	c--------		καί		c--------	glaux_only
18486	προδότης	n-p---ma-		προδότης		n-p---ma-	glaux_only
18487	νομίζω	v2pfia---		νομίζω		v2pfia---	glaux_only
18488	καί	c--------		καί		c--------	glaux_only
18489	ὁ	l-s---fg-		ὁ		l-s---fg-	glaux_only
18490	πόλις	n-s---fg-		πόλις		n-s---fg-	glaux_only
18491	καί	c--------		καί		c--------	glaux_only
18492	ὁ	l-s---fg-		ὁ		l-s---fg-	glaux_only
18493	ὁ	l-p---mg-		ὁ		l-p---mg-	glaux_only
18494	πρόγονος	n-p---mg-		πρόγονος		n-p---mg-	glaux_only
18495	δόξα	n-s---fg-		δόξα		n-s---fg-	glaux_only
18496	·	u--------		·		u--------	glaux_only
18497	μόλις	d--------		μόλις		d--------	glaux_only
18498	γάρ	g--------		γάρ		g--------	glaux_only
18499	ἐάν	c--------		ἐάν		c--------	glaux_only
18500	οὕτως	d--------		οὕτως		d--------	glaux_only
18501	σύ	p-p---ca-		σύ		p-p---ca-	glaux_only
18502	αἰσθάνομαι	v3pasm---		αἰσθάνομαι		v3pasm---	glaux_only
18503	πρός	r--------		πρός		r--------	glaux_only
18504	ἑκάτερος	p-p---ma-		ἑκάτερος		p-p---ma-	glaux_only
18505	αὐτός	p-p---mg-		αὐτός		p-p---mg-	glaux_only
18506	διάκειμαι	v-prpmma-		διάκειμαι		v-prpmma-	glaux_only
18507	,	u--------		,		u--------	glaux_only
18508	ἐθέλω	v3pfia---		ἐθέλω		v3pfia---	glaux_only
18509	ὁ	l-p---mn-		ὁ		l-p---mn-	glaux_only
18510	νέος	a-p---mnc		νέος		a-p---mnc	glaux_only
18511	καταφρονέω	v-papamn-		καταφρονέω		v-papamn-	glaux_only
18512	ὁ	l-s---fg-		ὁ		l-s---fg-	glaux_only
18513	ῥαθυμία	n-s---fg-		ῥαθυμία		n-s---fg-	glaux_only
18514	προσέχω	v--pna---		προσέχω		v--pna---	glaux_only
18515	σφεῖς	p-p---cd-		σφεῖς		p-p---cd-	glaux_only
18516	αὐτός	p-p---md-		αὐτός		p-p---md-	glaux_only
18517	καί	c--------		καί		c--------	glaux_only
18518	ὁ	l-s---fd-		ὁ		l-s---fd-	glaux_only
18519	φιλοσοφία	n-s---fd-		φιλοσοφία		n-s---fd-	glaux_only
18520	ὁ	l-s---ma-		ὁ		l-s---ma-	glaux_only
18521	νόος	n-s---ma-		νόος		n-s---ma-	glaux_only
18522	.	u--------		.		u--------	glaux_only
18523	ἀναμιμνῄσκω	v2pamp---		ἀναμιμνῄσκω		v2pamp---	glaux_only
18524	δέ	c--------		δέ		c--------	glaux_only
18525	ὁ	l-s---na-		ὁ		l-s---na-	glaux_only
18526	κάλλος	n-s---na-		κάλλος		n-s---na-	glaux_only
18527	καί	c--------		καί		c--------	glaux_only
18528	ὁ	l-s---na-		ὁ		l-s---na-	glaux_only
18529	μέγεθος	n-s---na-		μέγεθος		n-s---na-	glaux_only
18530	ὁ	l-p---ng-		ὁ		l-p---ng-	glaux_only
18531	ἔργον	n-p---ng-		ἔργον		n-p---ng-	glaux_only
18532	ὁ	l-p---ng-		ὁ		l-p---ng-	glaux_only
18533	ὁ	l-s---fd-		ὁ		l-s---fd-	glaux_only
18534	πόλις	n-s---fd-		πόλις		n-s---fd-	glaux_only
18535	καί	c--------		καί		c--------	glaux_only
18536	ὁ	l-p---md-		ὁ		l-p---md-	glaux_only
18537	πρόγονος	n-p---md-		πρόγονος		n-p---md-	glaux_only
18538	πράσσω	v-prpmng-		πράσσω		v-prpmng-	glaux_only
18539	,	u--------		,		u--------	glaux_only
18540	καί	c--------		καί		c--------	glaux_only
18541	διέρχομαι	v2pama---		διέρχομαι		v2pama---	glaux_only
18542	πρός	r--------		πρός		r--------	glaux_only
18543	σύ	p-p---ca-		σύ		p-p---ca-	glaux_only
18544	αὐτός	p-p---ma-		αὐτός		p-p---ma-	glaux_only
18545	καί	c--------		καί		c--------	glaux_only
18546	σκοπέω	v2pamm---		σκοπέω		v2pamm---	glaux_only
18547	ποῖος	p-s---mn-		ποῖος		p-s---mn-	glaux_only
18548	τις	p-s---cn-		τις		p-s---cn-	glaux_only
18549	εἰμί	v3siia---		εἰμί		v3siia---	glaux_only
18550	καί	c--------		καί		c--------	glaux_only
18551	πῶς	d--------		πῶς		d--------	glaux_only
18552	γίγνομαι	v-srpamn-		γίγνομαι		v-srpamn-	glaux_only
18553	καί	c--------		καί		c--------	glaux_only
18554	τίς	p-s---ca-		τίς		p-s---ca-	glaux_only
18555	τρόπος	n-s---ma-		τρόπος		n-s---ma-	glaux_only
18556	παιδεύω	v-srpmmn-		παιδεύω		v-srpmmn-	glaux_only
18557	ὁ	l-s---mn-		ὁ		l-s---mn-	glaux_only
18558	ὁ	l-p---ma-		ὁ		l-p---ma-	glaux_only
18559	τύραννος	n-p---ma-		τύραννος		n-p---ma-	glaux_only
18560	ἐκβάλλω	v-sapamn-		ἐκβάλλω		v-sapamn-	glaux_only
18561	καί	c--------		καί		c--------	glaux_only
18562	ὁ	l-s---ma-		ὁ		l-s---ma-	glaux_only
18563	δῆμος	n-s---ma-		δῆμος		n-s---ma-	glaux_only
18564	καταραρίσκω	v-sapamn-		καταραρίσκω		v-sapamn-	glaux_only
18565	καί	c--------		καί		c--------	glaux_only
18566	ὁ	l-s---fa-		ὁ		l-s---fa-	glaux_only
18567	δημοκρατία	n-s---fa-		δημοκρατία		n-s---fa-	glaux_only
18568	καθίστημι	v-sapamn-		καθίστημι		v-sapamn-	glaux_only
18569	,	u--------		,		u--------	glaux_only
18570	ποῖος	p-s---mn-		ποῖος		p-s---mn-	glaux_only
18571	δέ	c--------		δέ		c--------	glaux_only
18572	τις	p-s---cn-		τις		p-s---cn-	glaux_only
18573	ὁ	l-s---mn-		ὁ		l-s---mn-	glaux_only
18574	ὁ	l-p---ma-		ὁ		l-p---ma-	glaux_only
18575	βάρβαρος	a-p---ma-		βάρβαρος		a-p---ma-	glaux_only
18576	Μαραθών	n-s---md-		Μαραθών		n-s---md-	glaux_only
18577	ὁ	l-s---fd-		ὁ		l-s---fd-	glaux_only
18578	μάχη	n-s---fd-		μάχη		n-s---fd-	glaux_only
18579	νικάω	v-sapamn-		νικάω		v-sapamn-	glaux_only
18580	καί	c--------		καί		c--------	glaux_only
18581	ὁ	l-s---fa-		ὁ		l-s---fa-	glaux_only
18582	δόξα	n-s---fa-		δόξα		n-s---fa-	glaux_only
18583	ὁ	l-s---fa-		ὁ		l-s---fa-	glaux_only
18584	ἐκ	r--------		ἐκ		r--------	glaux_only
18585	οὗτος	p-s---fg-		οὗτος		p-s---fg-	glaux_only
18586	γίγνομαι	v-sapmfa-		γίγνομαι		v-sapmfa-	glaux_only
18587	ὁ	l-s---fd-		ὁ		l-s---fd-	glaux_only
18588	πόλις	n-s---fd-		πόλις		n-s---fd-	glaux_only
18589	κτάομαι	v-sapmmn-		κτάομαι		v-sapmmn-	glaux_only
18590	,	u--------		,		u--------	glaux_only
18591	τίς	p-s---cn-		τίς		p-s---cn-	glaux_only
18592	δέ	c--------		δέ		c--------	glaux_only
18593	εἰμί	v3siia---		εἰμί		v3siia---	glaux_only
18594	,	u--------		,		u--------	glaux_only
18595	ὁ	l-s---mn-		ὁ		l-s---mn-	glaux_only
18596	μετά	r--------		μετά		r--------	glaux_only
18597	ἐκεῖνος	p-s---ma-		ἐκεῖνος		p-s---ma-	glaux_only
18598	ὁ	l-p---ma-		ὁ		l-p---ma-	glaux_only
18599	Ἕλλην	n-p---ma-		Ἕλλην		n-p---ma-	glaux_only
18600	ἐλευθερόω	v-sapamn-		ἐλευθερόω		v-sapamn-	glaux_only
18601	καί	c--------		καί		c--------	glaux_only
18602	ὁ	l-p---ma-		ὁ		l-p---ma-	glaux_only
18603	πρόγονος	n-p---ma-		πρόγονος		n-p---ma-	glaux_only
18604	ἐπί	r--------		ἐπί		r--------	glaux_only
18605	ἡγεμονία	n-s---fa-		ἡγεμονία		n-s---fa-	glaux_only
18606	καί	c--------		καί		c--------	glaux_only
18607	ὁ	l-s---fa-		ὁ		l-s---fa-	glaux_only
18608	δυναστεία	n-s---fa-		δυναστεία		n-s---fa-	glaux_only
18609	ὅς	p-s---fa-		ὅς		p-s---fa-	glaux_only
18610	ἔχω	v3paia---		ἔχω		v3paia---	glaux_only
18611	προάγω	v-sapamn-		προάγω		v-sapamn-	glaux_only
18612	,	u--------		,		u--------	glaux_only
18613	ἔτι	d--------		ἔτι		d--------	glaux_only
18614	δέ	c--------		δέ		c--------	glaux_only
18615	ὁ	l-s---fa-		ὁ		l-s---fa-	glaux_only
18616	φύσις	n-s---fa-		φύσις		n-s---fa-	glaux_only
18617	ὁ	l-s---fa-		ὁ		l-s---fa-	glaux_only
18618	ὁ	l-s---mg-		ὁ		l-s---mg-	glaux_only
18619	Πειραιεύς	n-s---mg-		Πειραιεύς		n-s---mg-	glaux_only
18620	κατοράω	v-sapamn-		κατοράω		v-sapamn-	glaux_only
18621	καί	c--------		καί		c--------	glaux_only
18622	ὁ	l-s---na-		ὁ		l-s---na-	glaux_only
18623	τεῖχος	n-s---na-		τεῖχος		n-s---na-	glaux_only
18624	ἄκων	a-p---mg-		ἄκων		a-p---mg-	glaux_only
18625	Λακεδαιμόνιος	a-p---mg-		Λακεδαιμόνιος		a-p---mg-	glaux_only
18626	ὁ	l-s---fd-		ὁ		l-s---fd-	glaux_only
18627	πόλις	n-s---fd-		πόλις		n-s---fd-	glaux_only
18628	περιβάλλω	v-sapamn-		περιβάλλω		v-sapamn-	glaux_only
18629	,	u--------		,		u--------	glaux_only
18630	τίς	p-s---cn-		τίς		p-s---cn-	glaux_only
18631	δέ	c--------		δέ		c--------	glaux_only
18632	ὁ	l-s---mn-		ὁ		l-s---mn-	glaux_only
18633	μετά	r--------		μετά		r--------	glaux_only
18634	οὗτος	p-s---ma-		οὗτος		p-s---ma-	glaux_only
18635	ἀργύριον	n-s---ng-		ἀργύριον		n-s---ng-	glaux_only
18636	καί	c--------		καί		c--------	glaux_only
18637	χρυσίον	n-s---ng-		χρυσίον		n-s---ng-	glaux_only
18638	ὁ	l-s---fa-		ὁ		l-s---fa-	glaux_only
18639	ἀκρόπολις	n-s---fa-		ἀκρόπολις		n-s---fa-	glaux_only
18640	ἐμπίμπλημι	v-sapamn-		ἐμπίμπλημι		v-sapamn-	glaux_only
18641	καί	c--------		καί		c--------	glaux_only
18642	ὁ	l-p---ma-		ὁ		l-p---ma-	glaux_only
18643	οἶκος	n-p---ma-		οἶκος		n-p---ma-	glaux_only
18644	ὁ	l-p---ma-		ὁ		l-p---ma-	glaux_only
18645	ἴδιος	a-p---ma-		ἴδιος		a-p---ma-	glaux_only
18646	μεστός	a-p---ma-		μεστός		a-p---ma-	glaux_only
18647	πολύς	a-s---fg-		πολύς		a-s---fg-	glaux_only
18648	εὐδαιμονία	n-s---fg-		εὐδαιμονία		n-s---fg-	glaux_only
18649	καί	c--------		καί		c--------	glaux_only
18650	πλοῦτος	n-s---mg-		πλοῦτος		n-s---mg-	glaux_only
18651	ποιέω	v-sapamn-		ποιέω		v-sapamn-	glaux_only
18652	·	u--------		·		u--------	glaux_only
18653	εὑρίσκω	v2pfia---		εὑρίσκω		v2pfia---	glaux_only
18654	γάρ	g--------		γάρ		g--------	glaux_only
18655	,	u--------		,		u--------	glaux_only
18656	ἐάν	c--------		ἐάν		c--------	glaux_only
18657	ἐξετάζω	v2ppsa---		ἐξετάζω		v2ppsa---	glaux_only
18658	οὗτος	p-p---ng-		οὗτος		p-p---ng-	glaux_only
18659	ἕκαστος	p-s---na-		ἕκαστος		p-s---na-	glaux_only
18660	,	u--------		,		u--------	glaux_only
18661	οὐ	d--------		οὐ		d--------	glaux_only
18662	ὁ	l-p---ma-		ὁ		l-p---ma-	glaux_only
18663	συκοφαντικός	d--------		συκοφαντικός		d--------	glaux_only
18664	βιόω	v-prpama-		βιόω		v-prpama-	glaux_only
18665	οὐ	d--------		οὐ		d--------	glaux_only
18666							unmatched
18667	ὁ	l-p---ma-		ὁ		l-p---ma-	glaux_only
18668							unmatched
18669							unmatched
18670							unmatched
18671							unmatched
18672	ὁ	l-p---ma-		ὁ		l-p---ma-	glaux_only
18673							unmatched
18674							unmatched
18675							unmatched
18676							unmatched
18677							unmatched
18678							unmatched
18679							unmatched
18680							unmatched
18681	ἀλλά	c--------		ἀλλά		c--------	glaux_only
18682							unmatched
18683							unmatched
18684	καί	c--------		καί		c--------	glaux_only
18685							unmatched
18686							unmatched
18687							unmatched
18688							unmatched
18689							unmatched
18690							unmatched
18691							unmatched
18692							unmatched
18693							unmatched
18694							unmatched
18695							unmatched
18696							unmatched
18697							unmatched
18698							unmatched
18699							unmatched
18700							unmatched
18701							unmatched
18702							unmatched
18703							unmatched
18704							unmatched
18705							unmatched
18706							unmatched
18707	ὅς	p-p---ng-		ὅς		p-p---ng-	glaux_only
18708	ἔοικα	v-srpann-		ἔοικα		v-srpann-	glaux_only
18709	σύ	p-p---ca-		σύ		p-p---ca-	glaux_only
18710	ἐνθυμέομαι	v-pppmma-		ἐνθυμέομαι		v-pppmma-	glaux_only
18711	ὑπέρ	r--------		ὑπέρ		r--------	glaux_only
18712	μέν	g--------		μέν		g--------	glaux_only
18713	ὁ	l-s---ng-		ὁ		l-s---ng-	glaux_only
18714	πλῆθος	n-s---ng-		πλῆθος		n-s---ng-	glaux_only
18715	οὗτος	p-s---na-		οὗτος		p-s---na-	glaux_only
18716	σκοπέω	v--pna---		σκοπέω		v--pna---	glaux_only
18717	,	u--------		,		u--------	glaux_only
18718	ὅπως	c--------		ὅπως		c--------	glaux_only
18719	ἐν	r--------		ἐν		r--------	glaux_only
18720	τε	c--------		τε		c--------	glaux_only
18721	ὁ	l-p---md-		ὁ		l-p---md-	glaux_only
18722	ἀγών	n-p---md-		ἀγών		n-p---md-	glaux_only
18723	ὁ	l-p---md-		ὁ		l-p---md-	glaux_only
18724	περί	r--------		περί		r--------	glaux_only
18725	ὁ	l-p---ng-		ὁ		l-p---ng-	glaux_only
18726	συμβόλαιον	n-p---ng-		συμβόλαιον		n-p---ng-	glaux_only
18727	ὁ	l-p---ng-		ὁ		l-p---ng-	glaux_only
18728	δίκαιος	a-p---ng-		δίκαιος		a-p---ng-	glaux_only
18729	τυγχάνω	v3pfim---		τυγχάνω		v3pfim---	glaux_only
18730	καί	c--------		καί		c--------	glaux_only
18731	ὁ	l-p---ng-		ὁ		l-p---ng-	glaux_only
18732	ἄλλος	p-p---ng-		ἄλλος		p-p---ng-	glaux_only
18733	ὁ	l-p---ng-		ὁ		l-p---ng-	glaux_only
18734	κοινός	a-p---ng-		κοινός		a-p---ng-	glaux_only
18735	μετέχω	v3pfia---		μετέχω		v3pfia---	glaux_only
18736	,	u--------		,		u--------	glaux_only
18737	ὁ	l-p---ma-		ὁ		l-p---ma-	glaux_only
18738	δέ	c--------		δέ		c--------	glaux_only
18739	ὑπερέχω	v-pppama-		ὑπερέχω		v-pppama-	glaux_only
18740	καί	c--------		καί		c--------	glaux_only
18741	ὁ	l-s---fd-		ὁ		l-s---fd-	glaux_only
18742	φύσις	n-s---fd-		φύσις		n-s---fd-	glaux_only
18743	καί	c--------		καί		c--------	glaux_only
18744	ὁ	l-p---fd-		ὁ		l-p---fd-	glaux_only
18745	μελέτη	n-p---fd-		μελέτη		n-p---fd-	glaux_only
18746	,	u--------		,		u--------	glaux_only
18747	καί	c--------		καί		c--------	glaux_only
18748	ὁ	l-p---ma-		ὁ		l-p---ma-	glaux_only
18749	τοιοῦτος	p-p---ma-		τοιοῦτος		p-p---ma-	glaux_only
18750	γίγνομαι	v--anm---		γίγνομαι		v--anm---	glaux_only
18751	προθυμέομαι	v-pppmma-		προθυμέομαι		v-pppmma-	glaux_only
18752	,	u--------		,		u--------	glaux_only
18753	ἀγαπάω	v--pna---		ἀγαπάω		v--pna---	glaux_only
18754	καί	c--------		καί		c--------	glaux_only
18755	τιμάω	v--pna---		τιμάω		v--pna---	glaux_only
18756	καί	c--------		καί		c--------	glaux_only
18757	θεραπεύω	v--pna---		θεραπεύω		v--pna---	glaux_only
18758	,	u--------		,		u--------	glaux_only
18759	ἐπίσταμαι	v-pppmma-		ἐπίσταμαι		v-pppmma-	glaux_only
18760	ὅτι	c--------		ὅτι		c--------	glaux_only
18761	καί	c--------		καί		c--------	glaux_only
18762	ὁ	l-s---nn-		ὁ		l-s---nn-	glaux_only
18763	καλός	a-p---ng-		καλός		a-p---ng-	glaux_only
18764	καί	c--------		καί		c--------	glaux_only
18765	μέγας	a-p---ng-		μέγας		a-p---ng-	glaux_only
18766	ἡγέομαι	v--anm---		ἡγέομαι		v--anm---	glaux_only
18767	πρᾶγμα	n-p---ng-		πρᾶγμα		n-p---ng-	glaux_only
18768	καί	c--------		καί		c--------	glaux_only
18769	ὁ	l-s---nn-		ὁ		l-s---nn-	glaux_only
18770	δύναμαι	v--pnm---		δύναμαι		v--pnm---	glaux_only
18771	ὁ	l-p---fa-		ὁ		l-p---fa-	glaux_only
18772	πόλις	n-p---fa-		πόλις		n-p---fa-	glaux_only
18773	ἐκ	r--------		ἐκ		r--------	glaux_only
18774	ὁ	l-p---mg-		ὁ		l-p---mg-	glaux_only
18775	κίνδυνος	n-p---mg-		κίνδυνος		n-p---mg-	glaux_only
18776	σῴζω	v--pna---		σῴζω		v--pna---	glaux_only
18777	καί	c--------		καί		c--------	glaux_only
18778	ὁ	l-s---fa-		ὁ		l-s---fa-	glaux_only
18779	δημοκρατία	n-s---fa-		δημοκρατία		n-s---fa-	glaux_only
18780	διαφυλάσσω	v--pna---		διαφυλάσσω		v--pna---	glaux_only
18781	ἐν	r--------		ἐν		r--------	glaux_only
18782	ὁ	l-p---nd-		ὁ		l-p---nd-	glaux_only
18783	τοιοῦτος	p-p---nd-		τοιοῦτος		p-p---nd-	glaux_only
18784	ἔνειμι	v3spia---		ἔνειμι		v3spia---	glaux_only
18785	,	u--------		,		u--------	glaux_only
18786	ἀλλά	c--------		ἀλλά		c--------	glaux_only
18787	οὐ	d--------		οὐ		d--------	glaux_only
18788	ἐν	r--------		ἐν		r--------	glaux_only
18789	ὁ	l-p---md-		ὁ		l-p---md-	glaux_only
18790	συκοφάντης	n-p---md-		συκοφάντης		n-p---md-	glaux_only
18791	.	u--------		.		u--------	glaux_only
18792	πολύς	a-p---mg-		πολύς		a-p---mg-	glaux_only
18793	δέ	c--------		δέ		c--------	glaux_only
18794	ἐφίστημι	v-prpamg-		ἐφίστημι		v-prpamg-	glaux_only
18795	ἐγώ	p-s---cd-		ἐγώ		p-s---cd-	glaux_only
18796	λόγος	n-p---mg-		λόγος		n-p---mg-	glaux_only
18797	ἀπορέω	v1spia---		ἀπορέω		v1spia---	glaux_only
18798	πῶς	d--------		πῶς		d--------	glaux_only
18799	αὐτός	p-p---ma-		αὐτός		p-p---ma-	glaux_only
18800	διατίθημι	v1sasm---		διατίθημι		v1sasm---	glaux_only
18801	·	u--------		·		u--------	glaux_only
18802	δοκέω	v3spia---		δοκέω		v3spia---	glaux_only
18803	γάρ	g--------		γάρ		g--------	glaux_only
18804	ἐγώ	p-s---cd-		ἐγώ		p-s---cd-	glaux_only
18805	κατά	r--------		κατά		r--------	glaux_only
18806	ἑαυτοῦ	p-s---na-		ἑαυτοῦ		p-s---na-	glaux_only
18807	μέν	g--------		μέν		g--------	glaux_only
18808	ἕκαστος	p-s---na-		ἕκαστος		p-s---na-	glaux_only
18809	ὅς	p-p---ng-		ὅς		p-p---ng-	glaux_only
18810	διανοέω	v1spim---		διανοέω		v1spim---	glaux_only
18811	λέγω	v-sappna-		λέγω		v-sappna-	glaux_only
18812	ἐπιεικής	a-s---na-		ἐπιεικής		a-s---na-	glaux_only
18813	ἄν	g--------		ἄν		g--------	glaux_only
18814	φαίνω	v--anp---		φαίνω		v--anp---	glaux_only
18815	,	u--------		,		u--------	glaux_only
18816	πᾶς	p-p---na-		πᾶς		p-p---na-	glaux_only
18817	δέ	c--------		δέ		c--------	glaux_only
18818	νυνί	d--------		νυνί		d--------	glaux_only
18819	λέγω	v-pppmna-		λέγω		v-pppmna-	glaux_only
18820	πολύς	a-s---ma-		πολύς		a-s---ma-	glaux_only
18821	ἄν	g--------		ἄν		g--------	glaux_only
18822	ὄχλος	n-s---ma-		ὄχλος		n-s---ma-	glaux_only
18823	ἐγώ	p-s---cd-		ἐγώ		p-s---cd-	glaux_only
18824	τε	c--------		τε		c--------	glaux_only
18825	καί	c--------		καί		c--------	glaux_only
18826	ὁ	l-p---md-		ὁ		l-p---md-	glaux_only
18827	ἀκούω	v-pppamd-		ἀκούω		v-pppamd-	glaux_only
18828	παρέχω	v--ana---		παρέχω		v--ana---	glaux_only
18829	.	u--------		.		u--------	glaux_only
18830	ὅς	p-s---na-		ὅς		p-s---na-	glaux_only
18831	καί	c--------		καί		c--------	glaux_only
18832	περί	r--------		περί		r--------	glaux_only
18833	ὁ	l-p---ng-		ὁ		l-p---ng-	glaux_only
18834	ἤδη	d--------		ἤδη		d--------	glaux_only
18835	προλέγω	v-prpmng-		προλέγω		v-prpmng-	glaux_only
18836	δείδω	v1sria---		δείδω		v1sria---	glaux_only
18837	,	u--------		,		u--------	glaux_only
18838	μή	d--------		μή		d--------	glaux_only
18839	τοιοῦτος	p-s---nn-		τοιοῦτος		p-s---nn-	glaux_only
18840	τις	p-s---nn-		τις		p-s---nn-	glaux_only
18841	πάθος	n-s---nn-		πάθος		n-s---nn-	glaux_only
18842	αὐτός	p-p---md-		αὐτός		p-p---md-	glaux_only
18843	διά	r--------		διά		r--------	glaux_only
18844	ὁ	l-s---na-		ὁ		l-s---na-	glaux_only
18845	πλῆθος	n-s---na-		πλῆθος		n-s---na-	glaux_only
18846	τυγχάνω	v3spsa---		τυγχάνω		v3spsa---	glaux_only
18847	συμβαίνω	v-srpann-		συμβαίνω		v-srpann-	glaux_only
18848	.	u--------		.		u--------	glaux_only
18849	οὕτως	d--------		οὕτως		d--------	glaux_only
18850	γάρ	g--------		γάρ		g--------	glaux_only
18851	ἄπληστος	d--------		ἄπληστος		d--------	glaux_only
18852	ἅπας	p-p---mn-		ἅπας		p-p---mn-	glaux_only
18853	ἔχω	v1ppia---		ἔχω		v1ppia---	glaux_only
18854	περί	r--------		περί		r--------	glaux_only
18855	ὁ	l-p---ma-		ὁ		l-p---ma-	glaux_only
18856	λόγος	n-p---ma-		λόγος		n-p---ma-	glaux_only
18857	,	u--------		,		u--------	glaux_only
18858	ὥστε	c--------		ὥστε		c--------	glaux_only
18859	ἐπαινέω	v1ppia---		ἐπαινέω		v1ppia---	glaux_only
18860	μέν	g--------		μέν		g--------	glaux_only
18861	ὁ	l-s---fa-		ὁ		l-s---fa-	glaux_only
18862	εὐκαιρία	n-s---fa-		εὐκαιρία		n-s---fa-	glaux_only
18863	καί	c--------		καί		c--------	glaux_only
18864	φημί	v1ppia---		φημί		v1ppia---	glaux_only
18865	οὐδείς	p-s---na-		οὐδείς		p-s---na-	glaux_only
18866	εἰμί	v--pna---		εἰμί		v--pna---	glaux_only
18867	τοιοῦτος	p-s---na-		τοιοῦτος		p-s---na-	glaux_only
18868	,	u--------		,		u--------	glaux_only
18869	ἐπειδάν	c--------		ἐπειδάν		c--------	glaux_only
18870	δέ	c--------		δέ		c--------	glaux_only
18871	οἴομαι	v1pasp---		οἴομαι		v1pasp---	glaux_only
18872	ὡς	c--------		ὡς		c--------	glaux_only
18873	ἔχω	v1ppia---		ἔχω		v1ppia---	glaux_only
18874	τις	p-s---na-		τις		p-s---na-	glaux_only
18875	λέγω	v--pna---		λέγω		v--pna---	glaux_only
18876	,	u--------		,		u--------	glaux_only
18877	ἀμελέω	v-papamn-		ἀμελέω		v-papamn-	glaux_only
18878	ὁ	l-s---ng-		ὁ		l-s---ng-	glaux_only
18879	μετριάζω	v--pna---		μετριάζω		v--pna---	glaux_only
18880	,	u--------		,		u--------	glaux_only
18881	κατά	r--------		κατά		r--------	glaux_only
18882	μικρός	a-s---na-		μικρός		a-s---na-	glaux_only
18883	ἀεί	d--------		ἀεί		d--------	glaux_only
18884	προστίθημι	v-pppamn-		προστίθημι		v-pppamn-	glaux_only
18885	εἰς	r--------		εἰς		r--------	glaux_only
18886	ὁ	l-p---fa-		ὁ		l-p---fa-	glaux_only
18887	ἔσχατος	a-p---fa-		ἔσχατος		a-p---fa-	glaux_only
18888	ἀκαιρία	n-p---fa-		ἀκαιρία		n-p---fa-	glaux_only
18889	ἐμβάλλω	v1ppia---		ἐμβάλλω		v1ppia---	glaux_only
18890	ἐγώ	p-p---ca-		ἐγώ		p-p---ca-	glaux_only
18891	αὐτός	p-p---ma-		αὐτός		p-p---ma-	glaux_only
18892	·	u--------		·		u--------	glaux_only
18893	ὅπου	d--------		ὅπου		d--------	glaux_only
18894	γε	g--------		γε		g--------	glaux_only
18895	καί	c--------		καί		c--------	glaux_only
18896	λέγω	v-sppamn-		λέγω		v-sppamn-	glaux_only
18897	ἐγώ	p-s---cn-		ἐγώ		p-s---cn-	glaux_only
18898	οὗτος	p-p---na-		οὗτος		p-p---na-	glaux_only
18899	καί	c--------		καί		c--------	glaux_only
18900	γιγνώσκω	v-sppamn-		γιγνώσκω		v-sppamn-	glaux_only
18901	,	u--------		,		u--------	glaux_only
18902	ὅμως	d--------		ὅμως		d--------	glaux_only
18903	ἔτι	d--------		ἔτι		d--------	glaux_only
18904	βούλομαι	v1spim---		βούλομαι		v1spim---	glaux_only
18905	διαλέγω	v--anp---		διαλέγω		v--anp---	glaux_only
18906	πρός	r--------		πρός		r--------	glaux_only
18907	σύ	p-p---ca-		σύ		p-p---ca-	glaux_only
18908	.	u--------		.		u--------	glaux_only
18909	ἀγανακτέω	v1spia---		ἀγανακτέω		v1spia---	glaux_only
18910	γάρ	g--------		γάρ		g--------	glaux_only
18911	ὁράω	v-sppamn-		ὁράω		v-sppamn-	glaux_only
18912	ὁ	l-s---fa-		ὁ		l-s---fa-	glaux_only
18913	συκοφαντία	n-s---fa-		συκοφαντία		n-s---fa-	glaux_only
18914	ἀγαθός	a-s---nac		ἀγαθός		a-s---nac	glaux_only
18915	ὁ	l-s---fg-		ὁ		l-s---fg-	glaux_only
18916	φιλοσοφία	n-s---fg-		φιλοσοφία		n-s---fg-	glaux_only
18917	φέρω	v-sppmfa-		φέρω		v-sppmfa-	glaux_only
18918	,	u--------		,		u--------	glaux_only
18919	καί	c--------		καί		c--------	glaux_only
18920	ὁ	l-s---fa-		ὁ		l-s---fa-	glaux_only
18921	μέν	g--------		μέν		g--------	glaux_only
18922	κατηγορέω	v-sppafa-		κατηγορέω		v-sppafa-	glaux_only
18923	,	u--------		,		u--------	glaux_only
18924	ὁ	l-s---fa-		ὁ		l-s---fa-	glaux_only
18925	δέ	c--------		δέ		c--------	glaux_only
18926	κρίνω	v-sppmfa-		κρίνω		v-sppmfa-	glaux_only
18927	.	u--------		.		u--------	glaux_only
18928	ὅς	p-s---na-		ὅς		p-s---na-	glaux_only
18929	τίς	p-s---cn-		τίς		p-s---cn-	glaux_only
18930	ἄν	g--------		ἄν		g--------	glaux_only
18931	ὁ	l-p---mg-		ὁ		l-p---mg-	glaux_only
18932	παλαιός	a-p---mg-		παλαιός		a-p---mg-	glaux_only
18933	ἀνήρ	n-p---mg-		ἀνήρ		n-p---mg-	glaux_only
18934	γίγνομαι	v--fnm---		γίγνομαι		v--fnm---	glaux_only
18935	προσδοκέω	v3saia---		προσδοκέω		v3saia---	glaux_only
18936	,	u--------		,		u--------	glaux_only
18937	ἄλλος	d--------		ἄλλος		d--------	glaux_only
18938	τε	c--------		τε		c--------	glaux_only
18939	καί	c--------		καί		c--------	glaux_only
18940	παρά	r--------		παρά		r--------	glaux_only
18941	σύ	p-p---cd-		σύ		p-p---cd-	glaux_only
18942	ὁ	l-p---md-		ὁ		l-p---md-	glaux_only
18943	ἐπί	r--------		ἐπί		r--------	glaux_only
18944	σοφία	n-s---fd-		σοφία		n-s---fd-	glaux_only
18945	μέγας	a-s---nac		μέγας		a-s---nac	glaux_only
18946	ὁ	l-p---mg-		ὁ		l-p---mg-	glaux_only
18947	ἄλλος	p-p---mg-		ἄλλος		p-p---mg-	glaux_only
18948	φρονέω	v-pppamd-		φρονέω		v-pppamd-	glaux_only
18949	;	u--------		;		u--------	glaux_only
18950	οὔκουν	g--------		οὔκουν		g--------	glaux_only
18951	ἐπί	r--------		ἐπί		r--------	glaux_only
18952	γε	g--------		γε		g--------	glaux_only
18953	ὁ	l-p---mg-		ὁ		l-p---mg-	glaux_only
18954	πρόγονος	n-p---mg-		πρόγονος		n-p---mg-	glaux_only
18955	οὕτως	d--------		οὕτως		d--------	glaux_only
18956	ἔχω	v3siia---		ἔχω		v3siia---	glaux_only
18957	,	u--------		,		u--------	glaux_only
18958	ἀλλά	c--------		ἀλλά		c--------	glaux_only
18959	ὁ	l-p---ma-		ὁ		l-p---ma-	glaux_only
18960	μέν	g--------		μέν		g--------	glaux_only
18961	καλέω	v-pppmma-		καλέω		v-pppmma-	glaux_only
18962	σοφιστής	n-p---ma-		σοφιστής		n-p---ma-	glaux_only
18963	θαυμάζω	v3piia---		θαυμάζω		v3piia---	glaux_only
18964	καί	c--------		καί		c--------	glaux_only
18965	ὁ	l-p---ma-		ὁ		l-p---ma-	glaux_only
18966	σύνειμι	v-pppama-		σύνειμι		v-pppama-	glaux_only
18967	αὐτός	p-p---md-		αὐτός		p-p---md-	glaux_only
18968	ζηλόω	v3piia---		ζηλόω		v3piia---	glaux_only
18969	,	u--------		,		u--------	glaux_only
18970	ὁ	l-p---ma-		ὁ		l-p---ma-	glaux_only
18971	δέ	c--------		δέ		c--------	glaux_only
18972	συκοφάντης	n-p---ma-		συκοφάντης		n-p---ma-	glaux_only
18973	πολύς	a-p---ngs		πολύς		a-p---ngs	glaux_only
18974	κακός	a-p---ng-		κακός		a-p---ng-	glaux_only
18975	αἴτιος	a-p---ma-		αἴτιος		a-p---ma-	glaux_only
18976	νομίζω	v3piia---		νομίζω		v3piia---	glaux_only
18977	εἰμί	v--pna---		εἰμί		v--pna---	glaux_only
18978	.	u--------		.		u--------	glaux_only
18979	μέγας	a-s---nns		μέγας		a-s---nns	glaux_only
18980	δέ	c--------		δέ		c--------	glaux_only
18981	τεκμήριον	n-s---nn-		τεκμήριον		n-s---nn-	glaux_only
18982	·	u--------		·		u--------	glaux_only
18983	Σόλων	n-s---ma-		Σόλων		n-s---ma-	glaux_only
18984	μέν	g--------		μέν		g--------	glaux_only
18985	γάρ	g--------		γάρ		g--------	glaux_only
18986	,	u--------		,		u--------	glaux_only
18987	ὁ	l-s---ma-		ὁ		l-s---ma-	glaux_only
18988	πρῶτος	a-s---ma-		πρῶτος		a-s---ma-	glaux_only
18989	ὁ	l-p---mg-		ὁ		l-p---mg-	glaux_only
18990	πολίτης	n-p---mg-		πολίτης		n-p---mg-	glaux_only
18991	λαμβάνω	v-sapama-		λαμβάνω		v-sapama-	glaux_only
18992	ὁ	l-s---fa-		ὁ		l-s---fa-	glaux_only
18993	ἐπωνυμία	n-s---fa-		ἐπωνυμία		n-s---fa-	glaux_only
18994	οὗτος	p-s---fa-		οὗτος		p-s---fa-	glaux_only
18995	,	u--------		,		u--------	glaux_only
18996	προστάτης	n-s---ma-		προστάτης		n-s---ma-	glaux_only
18997	ἀξιόω	v3paia---		ἀξιόω		v3paia---	glaux_only
18998	ὁ	l-s---fg-		ὁ		l-s---fg-	glaux_only
18999	πόλις	n-s---fg-		πόλις		n-s---fg-	glaux_only
19000	εἰμί	v--pna---		εἰμί		v--pna---	glaux_only
19001	,	u--------		,		u--------	glaux_only
19002	περί	r--------		περί		r--------	glaux_only
19003	δέ	c--------		δέ		c--------	glaux_only
19004	ὁ	l-p---mg-		ὁ		l-p---mg-	glaux_only
19005	συκοφάντης	n-p---mg-		συκοφάντης		n-p---mg-	glaux_only
19006	χαλεπός	a-p---mac		χαλεπός		a-p---mac	glaux_only
19007	ἤ	c--------		ἤ		c--------	glaux_only
19008	περί	r--------		περί		r--------	glaux_only
19009	ὁ	l-p---fg-		ὁ		l-p---fg-	glaux_only
19010	ἄλλος	p-p---fg-		ἄλλος		p-p---fg-	glaux_only
19011	κακουργία	n-p---fg-		κακουργία		n-p---fg-	glaux_only
19012	ὁ	l-p---ma-		ὁ		l-p---ma-	glaux_only
19013	νόμος	n-p---ma-		νόμος		n-p---ma-	glaux_only
19014	τίθημι	v3paia---		τίθημι		v3paia---	glaux_only
19015	.	u--------		.		u--------	glaux_only
19016	ὁ	l-p---nd-		ὁ		l-p---nd-	glaux_only
19017	μέν	g--------		μέν		g--------	glaux_only
19018	γάρ	g--------		γάρ		g--------	glaux_only
19019	μέγας	a-p---nds		μέγας		a-p---nds	glaux_only
19020	ὁ	l-p---ng-		ὁ		l-p---ng-	glaux_only
19021	ἀδίκημα	n-p---ng-		ἀδίκημα		n-p---ng-	glaux_only
19022	ἐν	r--------		ἐν		r--------	glaux_only
19023	εἷς	m-s---nd-		εἷς		m-s---nd-	glaux_only
19024	ὁ	l-p---ng-		ὁ		l-p---ng-	glaux_only
19025	δικαστήριον	n-p---ng-		δικαστήριον		n-p---ng-	glaux_only
19026	ὁ	l-s---fa-		ὁ		l-s---fa-	glaux_only
19027	κρίσις	n-s---fa-		κρίσις		n-s---fa-	glaux_only
19028	ποιέω	v3paia---		ποιέω		v3paia---	glaux_only
19029	,	u--------		,		u--------	glaux_only
19030	κατά	r--------		κατά		r--------	glaux_only
19031	δέ	c--------		δέ		c--------	glaux_only
19032	οὗτος	p-p---ng-		οὗτος		p-p---ng-	glaux_only
19033	γραφή	n-p---fa-		γραφή		n-p---fa-	glaux_only
19034	μέν	g--------		μέν		g--------	glaux_only
19035	πρός	r--------		πρός		r--------	glaux_only
19036	ὁ	l-p---ma-		ὁ		l-p---ma-	glaux_only
19037	θεσμοθέτης	n-p---ma-		θεσμοθέτης		n-p---ma-	glaux_only
19038	,	u--------		,		u--------	glaux_only
19039	εἰσαγγελία	n-p---fa-		εἰσαγγελία		n-p---fa-	glaux_only
19040	δέ	c--------		δέ		c--------	glaux_only
19041	εἰς	r--------		εἰς		r--------	glaux_only
19042	ὁ	l-s---fa-		ὁ		l-s---fa-	glaux_only
19043	βουλή	n-s---fa-		βουλή		n-s---fa-	glaux_only
19044	,	u--------		,		u--------	glaux_only
19045	προβολή	n-p---fa-		προβολή		n-p---fa-	glaux_only
19046	δέ	c--------		δέ		c--------	glaux_only
19047	ἐν	r--------		ἐν		r--------	glaux_only
19048	ὁ	l-s---md-		ὁ		l-s---md-	glaux_only
19049	δῆμος	n-s---md-		δῆμος		n-s---md-	glaux_only
19050	,	u--------		,		u--------	glaux_only
19051	νομίζω	v-pppamn-		νομίζω		v-pppamn-	glaux_only
19052	ὁ	l-p---ma-		ὁ		l-p---ma-	glaux_only
19053	οὗτος	p-s---fd-		οὗτος		p-s---fd-	glaux_only
19054	ὁ	l-s---fd-		ὁ		l-s---fd-	glaux_only
19055	τέχνη	n-s---fd-		τέχνη		n-s---fd-	glaux_only
19056	χράω	v-pppmma-		χράω		v-pppmma-	glaux_only
19057	ἅπας	p-p---fa-		ἅπας		p-p---fa-	glaux_only
19058	ὑπερβάλλω	v--pna---		ὑπερβάλλω		v--pna---	glaux_only
19059	ὁ	l-p---fa-		ὁ		l-p---fa-	glaux_only
19060	πονηρία	n-p---fa-		πονηρία		n-p---fa-	glaux_only
19061	.	u--------		.		u--------	glaux_only
19062	ὁ	l-p---ma-		ὁ		l-p---ma-	glaux_only
19063	μέν	g--------		μέν		g--------	glaux_only
19064	γάρ	g--------		γάρ		g--------	glaux_only
19065	ἄλλος	p-p---ma-		ἄλλος		p-p---ma-	glaux_only
19066	ἀλλά	c--------		ἀλλά		c--------	glaux_only
19067	οὖν	g--------		οὖν		g--------	glaux_only
19068	πειράω	v--pnm---		πειράω		v--pnm---	glaux_only
19069	γε	g--------		γε		g--------	glaux_only
19070	λανθάνω	v--pna---		λανθάνω		v--pna---	glaux_only
19071	κακουργέω	v-pppama-		κακουργέω		v-pppama-	glaux_only
19072	,	u--------		,		u--------	glaux_only
19073	οὗτος	p-p---ma-		οὗτος		p-p---ma-	glaux_only
19074	δέ	c--------		δέ		c--------	glaux_only
19075	ἐν	r--------		ἐν		r--------	glaux_only
19076	ἅπας	p-p---nd-		ἅπας		p-p---nd-	glaux_only
19077	ἐπιδείκνυμι	v--pnm---		ἐπιδείκνυμι		v--pnm---	glaux_only
19078	ὁ	l-s---fa-		ὁ		l-s---fa-	glaux_only
19079	ἑαυτοῦ	p-p---mg-		ἑαυτοῦ		p-p---mg-	glaux_only
19080	ὠμότης	n-s---fa-		ὠμότης		n-s---fa-	glaux_only
19081	καί	c--------		καί		c--------	glaux_only
19082	μισανθρωπία	n-s---fa-		μισανθρωπία		n-s---fa-	glaux_only
19083	καί	c--------		καί		c--------	glaux_only
19084	φιλαπεχθημοσύνη	n-s---fa-		φιλαπεχθημοσύνη		n-s---fa-	glaux_only
19085	.	u--------		.		u--------	glaux_only
19086							unmatched
19087							unmatched
19088	μέν	g--------		μέν		g--------	glaux_only
19089	οὕτως	d--------		οὕτως		d--------	glaux_only
19090	γιγνώσκω	v3piia---		γιγνώσκω		v3piia---	glaux_only
19091	περί	r--------		περί		r--------	glaux_only
19092	αὐτός	p-p---ng-		αὐτός		p-p---ng-	glaux_only
19093	·	u--------		·		u--------	glaux_only
19094	σύ	p-p---cn-		σύ		p-p---cn-	glaux_only
19095	δέ	c--------		δέ		c--------	glaux_only
19096	τοσοῦτος	p-s---na-		τοσοῦτος		p-s---na-	glaux_only
19097	ἀπέχω	v2ppia---		ἀπέχω		v2ppia---	glaux_only
19098	ὁ	l-s---ng-		ὁ		l-s---ng-	glaux_only
19099	κολάζω	v--pna---		κολάζω		v--pna---	glaux_only
19100	αὐτός	p-p---ma-		αὐτός		p-p---ma-	glaux_only
19101	,	u--------		,		u--------	glaux_only
19102	ὥστε	c--------		ὥστε		c--------	glaux_only
19103	οὗτος	p-p---md-		οὗτος		p-p---md-	glaux_only
19104	χράω	v2ppim---		χράω		v2ppim---	glaux_only
19105	καί	c--------		καί		c--------	glaux_only
19106	κατήγορος	a-p---md-		κατήγορος		a-p---md-	glaux_only
19107	καί	c--------		καί		c--------	glaux_only
19108	νομοθέτης	n-p---md-		νομοθέτης		n-p---md-	glaux_only
19109	περί	r--------		περί		r--------	glaux_only
19110	ὁ	l-p---ng-		ὁ		l-p---ng-	glaux_only
19111	ἄλλος	p-p---ng-		ἄλλος		p-p---ng-	glaux_only
19112	.	u--------		.		u--------	glaux_only
19113	καί	c--------		καί		c--------	glaux_only
19114	τοι	g--------		τοι		g--------	glaux_only
19115	προσήκω	v3siia---		προσήκω		v3siia---	glaux_only
19116	αὐτός	p-p---ma-		αὐτός		p-p---ma-	glaux_only
19117	νῦν	d--------		νῦν		d--------	glaux_only
19118	μισέω	v--pnm---		μισέω		v--pnm---	glaux_only
19119	μάλα	d-------c		μάλα		d-------c	glaux_only
19120	ἤ	c--------		ἤ		c--------	glaux_only
19121	κατά	r--------		κατά		r--------	glaux_only
19122	ἐκεῖνος	p-s---ma-		ἐκεῖνος		p-s---ma-	glaux_only
19123	ὁ	l-s---ma-		ὁ		l-s---ma-	glaux_only
19124	χρόνος	n-s---ma-		χρόνος		n-s---ma-	glaux_only
19125	.	u--------		.		u--------	glaux_only
19126	τότε	d--------		τότε		d--------	glaux_only
19127	μέν	g--------		μέν		g--------	glaux_only
19128	γάρ	g--------		γάρ		g--------	glaux_only
19129	ἐν	r--------		ἐν		r--------	glaux_only
19130	ὁ	l-p---nd-		ὁ		l-p---nd-	glaux_only
19131	ἐγκύκλιος	a-p---nd-		ἐγκύκλιος		a-p---nd-	glaux_only
19132	μόνος	d--------		μόνος		d--------	glaux_only
19133	καί	c--------		καί		c--------	glaux_only
19134	ὁ	l-p---nd-		ὁ		l-p---nd-	glaux_only
19135	κατά	r--------		κατά		r--------	glaux_only
19136	ὁ	l-s---fa-		ὁ		l-s---fa-	glaux_only
19137	πόλις	n-s---fa-		πόλις		n-s---fa-	glaux_only
19138	βλάπτω	v3piia---		βλάπτω		v3piia---	glaux_only
19139	ὁ	l-p---ma-		ὁ		l-p---ma-	glaux_only
19140	συμπολιτεύω	v-pppmma-		συμπολιτεύω		v-pppmma-	glaux_only
19141	·	u--------		·		u--------	glaux_only
19142	ἐπειδή	c--------		ἐπειδή		c--------	glaux_only
19143	δέ	c--------		δέ		c--------	glaux_only
19144	αὐξάνω	v-sappfg-		αὐξάνω		v-sappfg-	glaux_only
19145	ὁ	l-s---fg-		ὁ		l-s---fg-	glaux_only
19146	πόλις	n-s---fg-		πόλις		n-s---fg-	glaux_only
19147	καί	c--------		καί		c--------	glaux_only
19148	λαμβάνω	v-sapafg-		λαμβάνω		v-sapafg-	glaux_only
19149	ὁ	l-s---fa-		ὁ		l-s---fa-	glaux_only
19150	ἀρχή	n-s---fa-		ἀρχή		n-s---fa-	glaux_only
19151	ὁ	l-p---mn-		ὁ		l-p---mn-	glaux_only
19152	πατήρ	n-p---mn-		πατήρ		n-p---mn-	glaux_only
19153	ἐγώ	p-p---cg-		ἐγώ		p-p---cg-	glaux_only
19154	,	u--------		,		u--------	glaux_only
19155	μάλα	d-------c		μάλα		d-------c	glaux_only
19156	θαρσέω	v-papamn-		θαρσέω		v-papamn-	glaux_only
19157	ὁ	l-s---ng-		ὁ		l-s---ng-	glaux_only
19158	συμφέρω	v-sppang-		συμφέρω		v-sppang-	glaux_only
19159	,	u--------		,		u--------	glaux_only
19160	ὁ	l-p---md-		ὁ		l-p---md-	glaux_only
19161	μέν	g--------		μέν		g--------	glaux_only
19162	καλός	a-p---md-		καλός		a-p---md-	glaux_only
19163							unmatched
19164							unmatched
19165	ὁ	l-p---mg-		ὁ		l-p---mg-	glaux_only
19166	ἀνήρ	n-p---mg-		ἀνήρ		n-p---mg-	glaux_only
19167	καί	c--------		καί		c--------	glaux_only
19168	μέγας	a-s---fa-		μέγας		a-s---fa-	glaux_only
19169	ὁ	l-s---fa-		ὁ		l-s---fa-	glaux_only
19170	πόλις	n-s---fa-		πόλις		n-s---fa-	glaux_only
19171	ποιέω	v-papamd-		ποιέω		v-papamd-	glaux_only
19172	διά	r--------		διά		r--------	glaux_only
19173	ὁ	l-p---fa-		ὁ		l-p---fa-	glaux_only
19174	δυναστεία	n-p---fa-		δυναστεία		n-p---fa-	glaux_only
19175	φθονέω	v3paia---		φθονέω		v3paia---	glaux_only
19176	,	u--------		,		u--------	glaux_only
19177	πονηρός	a-p---mg-		πονηρός		a-p---mg-	glaux_only
19178	δέ	c--------		δέ		c--------	glaux_only
19179	ἄνθρωπος	n-p---mg-		ἄνθρωπος		n-p---mg-	glaux_only
19180	καί	c--------		καί		c--------	glaux_only
19181	μεστός	a-p---mg-		μεστός		a-p---mg-	glaux_only
19182	θρασύτης	n-s---fg-		θρασύτης		n-s---fg-	glaux_only
19183	ἐπιθυμέω	v3paia---		ἐπιθυμέω		v3paia---	glaux_only
19184	,	u--------		,		u--------	glaux_only
19185	οἴομαι	v-pappmn-		οἴομαι		v-pappmn-	glaux_only
19186	ὁ	l-p---fd-		ὁ		l-p---fd-	glaux_only
19187	μέν	g--------		μέν		g--------	glaux_only
19188	τόλμα	n-p---fd-		τόλμα		n-p---fd-	glaux_only
19189	καί	c--------		καί		c--------	glaux_only
19190	ὁ	l-p---fd-		ὁ		l-p---fd-	glaux_only
19191	φιλαπεχθημοσύνη	n-p---fd-		φιλαπεχθημοσύνη		n-p---fd-	glaux_only
19192	ἱκανός	a-p---ma-		ἱκανός		a-p---ma-	glaux_only
19193	αὐτός	p-p---ma-		αὐτός		p-p---ma-	glaux_only
19194	εἰμί	v--fnm---		εἰμί		v--fnm---	glaux_only
19195	διαφυλάσσω	v--pna---		διαφυλάσσω		v--pna---	glaux_only
19196	ὁ	l-s---fa-		ὁ		l-s---fa-	glaux_only
19197	δημοκρατία	n-s---fa-		δημοκρατία		n-s---fa-	glaux_only
19198	,	u--------		,		u--------	glaux_only
19199	διά	r--------		διά		r--------	glaux_only
19200	δέ	c--------		δέ		c--------	glaux_only
19201	ὁ	l-s---fa-		ὁ		l-s---fa-	glaux_only
19202	φαυλότης	n-s---fa-		φαυλότης		n-s---fa-	glaux_only
19203	ὁ	l-p---ng-		ὁ		l-p---ng-	glaux_only
19204	ἐκ	r--------		ἐκ		r--------	glaux_only
19205	ἀρχή	n-s---fg-		ἀρχή		n-s---fg-	glaux_only
19206	αὐτός	p-p---md-		αὐτός		p-p---md-	glaux_only
19207	ὑπάρχω	v-papang-		ὑπάρχω		v-papang-	glaux_only
19208	οὐ	d--------		οὐ		d--------	glaux_only
19209	μέγας	a-s---na-		μέγας		a-s---na-	glaux_only
19210	φρονέω	v--fna---		φρονέω		v--fna---	glaux_only
19211							unmatched
19212	ἐπιθυμέω	v--fna---		ἐπιθυμέω		v--fna---	glaux_only
19213	ἕτερος	p-s---fg-		ἕτερος		p-s---fg-	glaux_only
19214	πολιτεία	n-s---fg-		πολιτεία		n-s---fg-	glaux_only
19215	.	u--------		.		u--------	glaux_only
19216	ἐκ	r--------		ἐκ		r--------	glaux_only
19217	οὗτος	p-s---fg-		οὗτος		p-s---fg-	glaux_only
19218	ὁ	l-s---fg-		ὁ		l-s---fg-	glaux_only
19219	μεταβολή	n-s---fg-		μεταβολή		n-s---fg-	glaux_only
19220	τίς	p-s---nn-		τίς		p-s---nn-	glaux_only
19221	ὁ	l-p---ng-		ὁ		l-p---ng-	glaux_only
19222	δεινός	a-p---ng-		δεινός		a-p---ng-	glaux_only
19223	οὐ	d--------		οὐ		d--------	glaux_only
19224	συμπίπτω	v3saia---		συμπίπτω		v3saia---	glaux_only
19225	ὁ	l-s---fd-		ὁ		l-s---fd-	glaux_only
19226	πόλις	n-s---fd-		πόλις		n-s---fd-	glaux_only
19227	,	u--------		,		u--------	glaux_only
19228	τίς	p-s---nn-		τίς		p-s---nn-	glaux_only
19229	δέ	c--------		δέ		c--------	glaux_only
19230	ὁ	l-p---ng-		ὁ		l-p---ng-	glaux_only
19231	μέγας	a-p---ngs		μέγας		a-p---ngs	glaux_only
19232	κακός	a-p---ng-		κακός		a-p---ng-	glaux_only
19233	ὁ	l-p---mn-		ὁ		l-p---mn-	glaux_only
19234	οὗτος	p-s---fa-		οὗτος		p-s---fa-	glaux_only
19235	ἔχω	v-pppamn-		ἔχω		v-pppamn-	glaux_only
19236	ὁ	l-s---fa-		ὁ		l-s---fa-	glaux_only
19237	φύσις	n-s---fa-		φύσις		n-s---fa-	glaux_only
19238	οὐ	d--------		οὐ		d--------	glaux_only
19239	καί	c--------		καί		c--------	glaux_only
19240	λέγω	v-pppamn-		λέγω		v-pppamn-	glaux_only
19241	καί	c--------		καί		c--------	glaux_only
19242	πράσσω	v-pppamn-		πράσσω		v-pppamn-	glaux_only
19243	διατελέω	v3paia---		διατελέω		v3paia---	glaux_only
19244	;	u--------		;		u--------	glaux_only
19245	οὐ	d--------		οὐ		d--------	glaux_only
19246	ὁ	l-p---ma-		ὁ		l-p---ma-	glaux_only
19247	μέν	g--------		μέν		g--------	glaux_only
19248	ἔνδοξος	a-p---mas		ἔνδοξος		a-p---mas	glaux_only
19249	ὁ	l-p---mg-		ὁ		l-p---mg-	glaux_only
19250	πολίτης	n-p---mg-		πολίτης		n-p---mg-	glaux_only
19251	καί	c--------		καί		c--------	glaux_only
19252	μάλα	d-------s		μάλα		d-------s	glaux_only
19253	δύναμαι	v-pppmma-		δύναμαι		v-pppmma-	glaux_only
19254	ποιέω	v--ana---		ποιέω		v--ana---	glaux_only
19255	τις	p-s---na-		τις		p-s---na-	glaux_only
19256	ὁ	l-s---fa-		ὁ		l-s---fa-	glaux_only
19257	πόλις	n-s---fa-		πόλις		n-s---fa-	glaux_only
19258	ἀγαθός	a-s---na-		ἀγαθός		a-s---na-	glaux_only
19259	,	u--------		,		u--------	glaux_only
19260	ὀλιγαρχία	n-s---fa-		ὀλιγαρχία		n-s---fa-	glaux_only
19261	ὀνειδίζω	v-pppamn-		ὀνειδίζω		v-pppamn-	glaux_only
19262	καί	c--------		καί		c--------	glaux_only
19263	λακωνισμός	n-s---ma-		λακωνισμός		n-s---ma-	glaux_only
19264	,	u--------		,		u--------	glaux_only
19265	οὐ	d--------		οὐ		d--------	glaux_only
19266	πρότερος	d-------c		πρότερος		d-------c	glaux_only
19267	παύω	v3piim---		παύω		v3piim---	glaux_only
19268	πρίν	c--------		πρίν		c--------	glaux_only
19269	ἀναγκάζω	v3paia---		ἀναγκάζω		v3paia---	glaux_only
19270	ὅμοιος	a-p---ma-		ὅμοιος		a-p---ma-	glaux_only
19271	γίγνομαι	v--anm---		γίγνομαι		v--anm---	glaux_only
19272	ὁ	l-p---fd-		ὁ		l-p---fd-	glaux_only
19273	αἰτία	n-p---fd-		αἰτία		n-p---fd-	glaux_only
19274	ὁ	l-p---fd-		ὁ		l-p---fd-	glaux_only
19275	λέγω	v-pppmfd-		λέγω		v-pppmfd-	glaux_only
19276	περί	r--------		περί		r--------	glaux_only
19277	αὐτός	p-p---mg-		αὐτός		p-p---mg-	glaux_only
19278	·	u--------		·		u--------	glaux_only
19279	ὁ	l-p---ma-		ὁ		l-p---ma-	glaux_only
19280	δέ	c--------		δέ		c--------	glaux_only
19281	σύμμαχος	a-p---ma-		σύμμαχος		a-p---ma-	glaux_only
19282	λυμαίνομαι	v-pppmmn-		λυμαίνομαι		v-pppmmn-	glaux_only
19283	καί	c--------		καί		c--------	glaux_only
19284	συκοφαντέω	v-pppamn-		συκοφαντέω		v-pppamn-	glaux_only
19285	,	u--------		,		u--------	glaux_only
19286	καί	c--------		καί		c--------	glaux_only
19287	ὁ	l-p---ma-		ὁ		l-p---ma-	glaux_only
19288	ἀγαθός	a-p---mas		ἀγαθός		a-p---mas	glaux_only
19289	ἐκ	r--------		ἐκ		r--------	glaux_only
19290	ὁ	l-p---mg-		ὁ		l-p---mg-	glaux_only
19291	εἰμί	v-pppamg-		εἰμί		v-pppamg-	glaux_only
19292	ἐκβάλλω	v-pppamn-		ἐκβάλλω		v-pppamn-	glaux_only
19293	,	u--------		,		u--------	glaux_only
19294	οὕτως	d--------		οὕτως		d--------	glaux_only
19295	διατίθημι	v3paia---		διατίθημι		v3paia---	glaux_only
19296	ὥστε	c--------		ὥστε		c--------	glaux_only
19297	ἐγώ	p-p---cg-		ἐγώ		p-p---cg-	glaux_only
19298	μέν	g--------		μέν		g--------	glaux_only
19299	ἀφίστημι	v--ana---		ἀφίστημι		v--ana---	glaux_only
19300	,	u--------		,		u--------	glaux_only
19301	ὁ	l-s---fg-		ὁ		l-s---fg-	glaux_only
19302	δέ	c--------		δέ		c--------	glaux_only
19303	Λακεδαιμόνιος	a-p---mg-		Λακεδαιμόνιος		a-p---mg-	glaux_only
19304	ἔραμαι	v--anp---		ἔραμαι		v--anp---	glaux_only
19305	φιλία	n-s---fg-		φιλία		n-s---fg-	glaux_only
19306	καί	c--------		καί		c--------	glaux_only
19307	συμμαχία	n-s---fg-		συμμαχία		n-s---fg-	glaux_only
19308	;	u--------		;		u--------	glaux_only
19309	ἐκ	r--------		ἐκ		r--------	glaux_only
19310	ὅς	p-p---ng-		ὅς		p-p---ng-	glaux_only
19311	εἰς	r--------		εἰς		r--------	glaux_only
19312	πόλεμος	n-s---ma-		πόλεμος		n-s---ma-	glaux_only
19313	καθίστημι	v-papamn-		καθίστημι		v-papamn-	glaux_only
19314	πολύς	a-p---ma-		πολύς		a-p---ma-	glaux_only
19315	ἐφοράω	v1paia---		ἐφοράω		v1paia---	glaux_only
19316	ὁ	l-p---mg-		ὁ		l-p---mg-	glaux_only
19317	πολίτης	n-p---mg-		πολίτης		n-p---mg-	glaux_only
19318	ὁ	l-p---ma-		ὁ		l-p---ma-	glaux_only
19319	μέν	g--------		μέν		g--------	glaux_only
19320	τελευτάω	v-papama-		τελευτάω		v-papama-	glaux_only
19321	,	u--------		,		u--------	glaux_only
19322	ὁ	l-p---ma-		ὁ		l-p---ma-	glaux_only
19323	δέ	c--------		δέ		c--------	glaux_only
19324	ἐπί	r--------		ἐπί		r--------	glaux_only
19325	ὁ	l-p---md-		ὁ		l-p---md-	glaux_only
19326	πολέμιος	a-p---md-		πολέμιος		a-p---md-	glaux_only
19327	γίγνομαι	v-papmma-		γίγνομαι		v-papmma-	glaux_only
19328	,	u--------		,		u--------	glaux_only
19329	ὁ	l-p---ma-		ὁ		l-p---ma-	glaux_only
19330	δέ	c--------		δέ		c--------	glaux_only
19331	εἰς	r--------		εἰς		r--------	glaux_only
19332	ἔνδεια	n-s---fa-		ἔνδεια		n-s---fa-	glaux_only
19333	ὁ	l-p---ng-		ὁ		l-p---ng-	glaux_only
19334	ἀναγκαῖος	a-p---ng-		ἀναγκαῖος		a-p---ng-	glaux_only
19335	καθίστημι	v-papama-		καθίστημι		v-papama-	glaux_only
19336	,	u--------		,		u--------	glaux_only
19337	ἔτι	d--------		ἔτι		d--------	glaux_only
19338	δέ	c--------		δέ		c--------	glaux_only
19339	ὁ	l-s---fa-		ὁ		l-s---fa-	glaux_only
19340	δημοκρατία	n-s---fa-		δημοκρατία		n-s---fa-	glaux_only
19341	δίς	d--------		δίς		d--------	glaux_only
19342	καταλύω	v-sappfa-		καταλύω		v-sappfa-	glaux_only
19343	καί	c--------		καί		c--------	glaux_only
19344	ὁ	l-p---na-		ὁ		l-p---na-	glaux_only
19345	τεῖχος	n-p---na-		τεῖχος		n-p---na-	glaux_only
19346	ὁ	l-s---fg-		ὁ		l-s---fg-	glaux_only
19347	πατρίς	n-s---fg-		πατρίς		n-s---fg-	glaux_only
19348	κατασκάπτω	v-pappna-		κατασκάπτω		v-pappna-	glaux_only
19349	,	u--------		,		u--------	glaux_only
19350	ὁ	l-s---na-		ὁ		l-s---na-	glaux_only
19351	δέ	c--------		δέ		c--------	glaux_only
19352	μέγας	a-s---nas		μέγας		a-s---nas	glaux_only
19353	,	u--------		,		u--------	glaux_only
19354	ὅλος	a-s---fa-		ὅλος		a-s---fa-	glaux_only
19355	ὁ	l-s---fa-		ὁ		l-s---fa-	glaux_only
19356	πόλις	n-s---fa-		πόλις		n-s---fa-	glaux_only
19357	περί	r--------		περί		r--------	glaux_only
19358	ἀνδραποδισμός	n-s---mg-		ἀνδραποδισμός		n-s---mg-	glaux_only
19359	κινδυνεύω	v-sapafa-		κινδυνεύω		v-sapafa-	glaux_only
19360	καί	c--------		καί		c--------	glaux_only
19361	ὁ	l-s---fa-		ὁ		l-s---fa-	glaux_only
19362	ἀκρόπολις	n-s---fa-		ἀκρόπολις		n-s---fa-	glaux_only
19363	ὁ	l-p---ma-		ὁ		l-p---ma-	glaux_only
19364	πολέμιος	a-p---ma-		πολέμιος		a-p---ma-	glaux_only
19365	οἰκέω	v-papama-		οἰκέω		v-papama-	glaux_only
19366	.	u--------		.		u--------	glaux_only
19367	ἀλλά	c--------		ἀλλά		c--------	glaux_only
19368	γάρ	g--------		γάρ		g--------	glaux_only
19369	αἰσθάνομαι	v1spim---		αἰσθάνομαι		v1spim---	glaux_only
19370	,	u--------		,		u--------	glaux_only
19371	καίπερ	d--------		καίπερ		d--------	glaux_only
19372	ὑπό	r--------		ὑπό		r--------	glaux_only
19373	ὁ	l-s---fg-		ὁ		l-s---fg-	glaux_only
19374	ὀργή	n-s---fg-		ὀργή		n-s---fg-	glaux_only
19375	βία	n-s---fd-		βία		n-s---fd-	glaux_only
19376	φέρω	v-sppmmn-		φέρω		v-sppmmn-	glaux_only
19377	,	u--------		,		u--------	glaux_only
19378	ὁ	l-s---na-		ὁ		l-s---na-	glaux_only
19379	μέν	g--------		μέν		g--------	glaux_only
19380	ὕδωρ	n-s---na-		ὕδωρ		n-s---na-	glaux_only
19381	ἐγώ	p-p---ca-		ἐγώ		p-p---ca-	glaux_only
19382	ἐπιλείπω	v-sppana-		ἐπιλείπω		v-sppana-	glaux_only
19383	,	u--------		,		u--------	glaux_only
19384	αὐτός	p-s---mn-		αὐτός		p-s---mn-	glaux_only
19385	δέ	c--------		δέ		c--------	glaux_only
19386	ἐμπίπτω	v-srpamn-		ἐμπίπτω		v-srpamn-	glaux_only
19387	εἰς	r--------		εἰς		r--------	glaux_only
19388	λόγος	n-p---ma-		λόγος		n-p---ma-	glaux_only
19389	ἡμερήσιος	a-p---ma-		ἡμερήσιος		a-p---ma-	glaux_only
19390	καί	c--------		καί		c--------	glaux_only
19391	κατηγορία	n-p---fa-		κατηγορία		n-p---fa-	glaux_only
19392	.	u--------		.		u--------	glaux_only
19393	ὑπερβαίνω	v-sapamn-		ὑπερβαίνω		v-sapamn-	glaux_only
19394	οὖν	g--------		οὖν		g--------	glaux_only
19395	ὁ	l-s---na-		ὁ		l-s---na-	glaux_only
19396	πλῆθος	n-s---na-		πλῆθος		n-s---na-	glaux_only
19397	ὁ	l-p---fg-		ὁ		l-p---fg-	glaux_only
19398	συμφορά	n-p---fg-		συμφορά		n-p---fg-	glaux_only
19399	ὁ	l-p---fg-		ὁ		l-p---fg-	glaux_only
19400	διά	r--------		διά		r--------	glaux_only
19401	οὗτος	p-p---ma-		οὗτος		p-p---ma-	glaux_only
19402	γίγνομαι	v-prpmfg-		γίγνομαι		v-prpmfg-	glaux_only
19403	,	u--------		,		u--------	glaux_only
19404	καί	c--------		καί		c--------	glaux_only
19405	διωθέω	v-sapmmn-		διωθέω		v-sapmmn-	glaux_only
19406	ὁ	l-s---ma-		ὁ		l-s---ma-	glaux_only
19407	ὄχλος	n-s---ma-		ὄχλος		n-s---ma-	glaux_only
19408	ὁ	l-p---mg-		ὁ		l-p---mg-	glaux_only
19409	ἔνειμι	v-pppang-		ἔνειμι		v-pppang-	glaux_only
19410	λέγω	v--ana---		λέγω		v--ana---	glaux_only
19411	περί	r--------		περί		r--------	glaux_only
19412	ὁ	l-s---fg-		ὁ		l-s---fg-	glaux_only
19413	οὗτος	p-p---mg-		οὗτος		p-p---mg-	glaux_only
19414	συκοφαντία	n-s---fg-		συκοφαντία		n-s---fg-	glaux_only
19415	,	u--------		,		u--------	glaux_only
19416	μικρός	a-p---ng-		μικρός		a-p---ng-	glaux_only
19417	ἔτι	d--------		ἔτι		d--------	glaux_only
19418	πάνυ	d--------		πάνυ		d--------	glaux_only
19419	μιμνῄσκω	v-sappmn-		μιμνῄσκω		v-sappmn-	glaux_only
19420	ἤδη	d--------		ἤδη		d--------	glaux_only
19421	καταλύω	v1sfia---		καταλύω		v1sfia---	glaux_only
19422	ὁ	l-s---ma-		ὁ		l-s---ma-	glaux_only
19423	λόγος	n-s---ma-		λόγος		n-s---ma-	glaux_only
19424	.	u--------		.		u--------	glaux_only
19425	ὁ	l-p---ma-		ὁ		l-p---ma-	glaux_only
19426	μέν	g--------		μέν		g--------	glaux_only
19427	οὖν	g--------		οὖν		g--------	glaux_only
19428	ἄλλος	p-p---ma-		ἄλλος		p-p---ma-	glaux_only
19429	ὁράω	v1spia---		ὁράω		v1spia---	glaux_only
19430	ὁ	l-p---ma-		ὁ		l-p---ma-	glaux_only
19431	κινδυνεύω	v-pppama-		κινδυνεύω		v-pppama-	glaux_only
19432	,	u--------		,		u--------	glaux_only
19433	ἐπειδάν	c--------		ἐπειδάν		c--------	glaux_only
19434	περί	r--------		περί		r--------	glaux_only
19435	ὁ	l-s---fa-		ὁ		l-s---fa-	glaux_only
19436	τελευτή	n-s---fa-		τελευτή		n-s---fa-	glaux_only
19437	εἰμί	v3ppsa---		εἰμί		v3ppsa---	glaux_only
19438	ὁ	l-s---fg-		ὁ		l-s---fg-	glaux_only
19439	ἀπολογία	n-s---fg-		ἀπολογία		n-s---fg-	glaux_only
19440	,	u--------		,		u--------	glaux_only
19441	ἱκετεύω	v-pppama-		ἱκετεύω		v-pppama-	glaux_only
19442	,	u--------		,		u--------	glaux_only
19443	δέω	v-pppmma-		δέω		v-pppmma-	glaux_only
19444	,	u--------		,		u--------	glaux_only
19445	ὁ	l-p---ma-		ὁ		l-p---ma-	glaux_only
19446	παῖς	n-p---ca-		παῖς		n-p---ca-	glaux_only
19447	,	u--------		,		u--------	glaux_only
19448	ὁ	l-p---ma-		ὁ		l-p---ma-	glaux_only
19449	φίλος	a-p---ma-		φίλος		a-p---ma-	glaux_only
19450	ἀναβιβάζω	v-pppmma-		ἀναβιβάζω		v-pppmma-	glaux_only
19451	·	u--------		·		u--------	glaux_only
19452	ἐγώ	p-s---cn-		ἐγώ		p-s---cn-	glaux_only
19453	δέ	c--------		δέ		c--------	glaux_only
19454	οὐ	d--------		οὐ		d--------	glaux_only
19455							unmatched
19456							unmatched
19457							unmatched
19458							unmatched
19459							unmatched
19460							unmatched
19461							unmatched
19462							unmatched
19463							unmatched
19464							unmatched
19465							unmatched
19466							unmatched
19467							unmatched
19468							unmatched
19469							unmatched
19470							unmatched
19471							unmatched
19472							unmatched
19473							unmatched
19474							unmatched
19475							unmatched
19476							unmatched
19477							unmatched
19478							unmatched
19479							unmatched
19480	ὁ	l-p---ma-		ὁ		l-p---ma-	glaux_only
19481							unmatched
19482							unmatched
19483							unmatched
19484							unmatched
19485							unmatched
19486							unmatched
19487							unmatched
19488							unmatched
19489							unmatched
19490	καί	c--------		καί		c--------	glaux_only
19491							unmatched
19492							unmatched
19493							unmatched
19494	καί	c--------		καί		c--------	glaux_only
19495	περί	r--------		περί		r--------	glaux_only
19496							unmatched
19497							unmatched
19498	καί	c--------		καί		c--------	glaux_only
19499	περί	r--------		περί		r--------	glaux_only
19500	ὁ	l-p---ma-		ὁ		l-p---ma-	glaux_only
19501							unmatched
19502							unmatched
19503							unmatched
19504							unmatched
19505							unmatched
19506							unmatched
19507							unmatched
19508							unmatched
19509							unmatched
19510							unmatched
19511							unmatched
19512							unmatched
19513							unmatched
19514							unmatched
19515							unmatched
19516							unmatched
19517							unmatched
19518	οὐ	d--------		οὐ		d--------	glaux_only
19519							unmatched
19520							unmatched
19521							unmatched
19522							unmatched
19523							unmatched
19524							unmatched
19525							unmatched
19526							unmatched
19527							unmatched
19528							unmatched
19529							unmatched
19530							unmatched
19531							unmatched
19532							unmatched
19533							unmatched
19534							unmatched
19535							unmatched
19536							unmatched
19537							unmatched
19538							unmatched
19539							unmatched
19540							unmatched
19541							unmatched
19542							unmatched
19543							unmatched
19544							unmatched
19545							unmatched
19546							unmatched
19547							unmatched
19548							unmatched
19549							unmatched
19550							unmatched
19551							unmatched
19552							unmatched
19553							unmatched
19554							unmatched
19555							unmatched
19556							unmatched
19557							unmatched
19558							unmatched
19559							unmatched
19560							unmatched
19561							unmatched
19562							unmatched
19563							unmatched
19564							unmatched
19565							unmatched
19566							unmatched
19567							unmatched
19568							unmatched
19569							unmatched
19570							unmatched
19571							unmatched
19572							unmatched
19573							unmatched
19574							unmatched
19575							unmatched
19576							unmatched
19577							unmatched
19578							unmatched
19579							unmatched
19580							unmatched
19581							unmatched
19582							unmatched
19583	ὡς	c--------		ὡς		c--------	glaux_only
19584	οὖν	g--------		οὖν		g--------	glaux_only
19585	ἐγώ	p-s---cg-		ἐγώ		p-s---cg-	glaux_only
19586	οὗτος	p-s---fa-		οὗτος		p-s---fa-	glaux_only
19587	ἔχω	v-sppamg-		ἔχω		v-sppamg-	glaux_only
19588	ὁ	l-s---fa-		ὁ		l-s---fa-	glaux_only
19589	γνώμη	n-s---fa-		γνώμη		n-s---fa-	glaux_only
19590	,	u--------		,		u--------	glaux_only
19591	καί	c--------		καί		c--------	glaux_only
19592	νομίζω	v-sppamg-		νομίζω		v-sppamg-	glaux_only
19593	ὅς	p-s---nn-		ὅς		p-s---nn-	glaux_only
19594	τις	p-s---nn-		τις		p-s---nn-	glaux_only
19595	ἄν	g--------		ἄν		g--------	glaux_only
19596	σύ	p-p---cd-		σύ		p-p---cd-	glaux_only
19597	δοκέω	v3sasa---		δοκέω		v3sasa---	glaux_only
19598	,	u--------		,		u--------	glaux_only
19599	οὗτος	p-s---na-		οὗτος		p-s---na-	glaux_only
19600	ἔχω	v--fna---		ἔχω		v--fna---	glaux_only
19601	ἐγώ	p-s---cd-		ἐγώ		p-s---cd-	glaux_only
19602	καλός	d--------		καλός		d--------	glaux_only
19603	καί	c--------		καί		c--------	glaux_only
19604	συμφερόντως	d--------		συμφερόντως		d--------	glaux_only
19605	,	u--------		,		u--------	glaux_only
19606	ὅπως	c--------		ὅπως		c--------	glaux_only
19607	ἕκαστος	p-s---mn-		ἕκαστος		p-s---mn-	glaux_only
19608	σύ	p-p---cg-		σύ		p-p---cg-	glaux_only
19609	χαίρω	v3spia---		χαίρω		v3spia---	glaux_only
19610	καί	c--------		καί		c--------	glaux_only
19611	βούλομαι	v3spim---		βούλομαι		v3spim---	glaux_only
19612	,	u--------		,		u--------	glaux_only
19613	οὗτος	p-s---ma-		οὗτος		p-s---ma-	glaux_only
19614	ὁ	l-s---ma-		ὁ		l-s---ma-	glaux_only
19615	τρόπος	n-s---ma-		τρόπος		n-s---ma-	glaux_only
19616	φέρω	v3spma---		φέρω		v3spma---	glaux_only
19617	ὁ	l-s---fa-		ὁ		l-s---fa-	glaux_only
19618	ψῆφος	n-s---fa-		ψῆφος		n-s---fa-	glaux_only
19619	.	u--------		.		u--------	glaux_only
