section_ref	token_id
1	1
1	2
1	3
1	4
1	5
1	6
1	7
1	8
1	9
1	10
1	11
1	12
1	13
1	14
1	15
1	16
1	17
1	18
1	19
1	20
1	21
1	22
1	23
1	24
1	25
1	26
1	27
1	28
1	29
1	30
1	31
1	32
1	33
1	34
1	35
1	36
1	37
1	38
1	39
1	40
1	41
1	42
1	43
1	44
1	45
1	46
1	47
1	48
1	49
1	50
1	51
1	52
1	53
1	54
1	55
1	56
1	57
1	58
1	59
1	60
1	61
1	62
1	63
2	64
2	65
2	66
2	67
2	68
2	69
2	70
2	71
2	72
2	73
2	74
2	75
2	76
2	77
2	78
2	79
2	80
2	81
2	82
2	83
2	84
2	85
2	86
2	87
2	88
2	89
2	90
2	91
2	92
2	93
2	94
2	95
2	96
2	97
2	98
2	99
2	100
2	101
2	102
2	103
2	104
2	105
2	106
2	107
2	108
2	109
2	110
2	111
2	112
2	113
2	114
2	115
2	116
2	117
2	118
2	119
2	120
2	121
2	122
2	123
2	124
3	125
3	126
3	127
3	128
3	129
3	130
3	131
3	132
3	133
3	134
3	135
3	136
3	137
3	138
3	139
3	140
3	141
3	142
3	143
3	144
3	145
3	146
3	147
3	148
3	149
3	150
3	151
3	152
3	153
3	154
3	155
3	156
3	157
3	158
3	159
3	160
3	161
3	162
3	163
3	164
3	165
3	166
3	167
3	168
3	169
3	170
3	171
3	172
3	173
3	174
3	175
3	176
3	177
3	178
4	179
4	180
4	181
4	182
4	183
4	184
4	185
4	186
4	187
4	188
4	189
4	190
4	191
4	192
4	193
4	194
4	195
4	196
4	197
4	198
4	199
4	200
4	201
4	202
4	203
4	204
4	205
4	206
4	207
4	208
4	209
4	210
4	211
4	212
4	213
4	214
4	215
4	216
4	217
4	218
4	219
4	220
4	221
4	222
4	223
4	224
4	225
4	226
4	227
4	228
4	229
4	230
4	231
4	232
4	233
4	234
4	235
4	236
4	237
4	238
4	239
4	240
4	241
4	242
4	243
4	244
4	245
4	246
4	247
4	248
4	249
4	250
4	251
4	252
4	253
4	254
4	255
4	256
4	257
4	258
4	259
4	260
4	261
4	262
4	263
4	264
4	265
4	266
4	267
4	268
4	269
4	270
4	271
4	272
4	273
4	274
4	275
4	276
4	277
4	278
5	279
5	280
5	281
5	282
5	283
5	284
5	285
5	286
5	287
5	288
5	289
5	290
5	291
5	292
5	293
5	294
5	295
5	296
5	297
5	298
5	299
5	300
5	301
5	302
5	303
5	304
5	305
5	306
5	307
5	308
5	309
5	310
5	311
5	312
5	313
5	314
5	315
5	316
5	317
5	318
5	319
5	320
5	321
5	322
5	323
5	324
5	325
5	326
5	327
5	328
5	329
5	330
5	331
5	332
5	333
5	334
5	335
5	336
5	337
5	338
5	339
5	340
5	341
5	342
5	343
5	344
5	345
5	346
5	347
5	348
5	349
6	350
6	351
6	352
6	353
6	354
6	355
6	356
6	357
6	358
6	359
6	360
6	361
6	362
6	363
6	364
6	365
6	366
6	367
6	368
6	369
6	370
6	371
6	372
6	373
6	374
6	375
6	376
6	377
6	378
6	379
6	380
6	381
6	382
6	383
6	384
6	385
6	386
6	387
6	388
6	389
6	390
6	391
6	392
6	393
6	394
6	395
6	396
6	397
6	398
6	399
6	400
6	401
6	402
6	403
6	404
6	405
6	406
6	407
6	408
6	409
7	410
7	411
7	412
7	413
7	414
7	415
7	416
7	417
7	418
7	419
7	420
7	421
7	422
7	423
7	424
7	425
7	426
7	427
7	428
7	429
7	430
7	431
7	432
7	433
7	434
7	435
7	436
7	437
7	438
7	439
7	440
7	441
7	442
7	443
7	444
7	445
7	446
7	447
7	448
7	449
7	450
7	451
7	452
7	453
7	454
7	455
7	456
7	457
7	458
8	459
8	460
8	461
8	462
8	463
8	464
8	465
8	466
8	467
8	468
8	469
8	470
8	471
8	472
8	473
8	474
8	475
8	476
8	477
8	478
8	479
8	480
8	481
8	482
8	483
8	484
8	485
8	486
8	487
8	488
8	489
8	490
8	491
8	492
8	493
8	494
8	495
8	496
8	497
8	498
8	499
8	500
8	501
8	502
8	503
8	504
8	505
8	506
8	507
8	508
8	509
8	510
8	511
8	512
8	513
8	514
8	515
8	516
8	517
8	518
8	519
8	520
8	521
8	522
8	523
8	524
8	525
8	526
8	527
8	528
8	529
8	530
8	531
8	532
8	533
8	534
8	535
8	536
8	537
8	538
8	539
8	540
8	541
8	542
8	543
9	544
9	545
9	546
9	547
9	548
9	549
9	550
9	551
9	552
9	553
9	554
9	555
9	556
9	557
9	558
9	559
9	560
9	561
9	562
9	563
9	564
9	565
9	566
9	567
9	568
9	569
9	570
9	571
9	572
9	573
9	574
9	575
9	576
9	577
9	578
9	579
9	580
9	581
9	582
9	583
9	584
9	585
9	586
9	587
9	588
9	589
9	590
10	591
10	592
10	593
10	594
10	595
10	596
10	597
10	598
10	599
10	600
10	601
10	602
10	603
10	604
10	605
10	606
10	607
10	608
10	609
10	610
10	611
10	612
10	613
10	614
10	615
10	616
10	617
10	618
10	619
10	620
10	621
10	622
10	623
10	624
10	625
10	626
10	627
10	628
10	629
10	630
10	631
10	632
10	633
10	634
10	635
10	636
10	637
10	638
10	639
10	640
10	641
10	642
10	643
10	644
10	645
10	646
10	647
10	648
10	649
10	650
10	651
10	652
10	653
10	654
10	655
10	656
10	657
10	658
10	659
10	660
10	661
10	662
10	663
11	664
11	665
11	666
11	667
11	668
11	669
11	670
11	671
11	672
11	673
11	674
11	675
11	676
11	677
11	678
11	679
11	680
11	681
11	682
11	683
11	684
11	685
11	686
11	687
11	688
11	689
11	690
11	691
11	692
11	693
11	694
11	695
11	696
11	697
11	698
11	699
11	700
11	701
11	702
11	703
11	704
11	705
11	706
11	707
11	708
11	709
11	710
11	711
11	712
11	713
11	714
11	715
11	716
11	717
11	718
11	719
11	720
11	721
11	722
11	723
11	724
11	725
11	726
11	727
11	728
11	729
11	730
12	731
12	732
12	733
12	734
12	735
12	736
12	737
12	738
12	739
12	740
12	741
12	742
12	743
12	744
12	745
12	746
12	747
12	748
12	749
12	750
12	751
12	752
12	753
12	754
12	755
12	756
12	757
12	758
12	759
12	760
12	761
12	762
12	763
12	764
12	765
12	766
12	767
12	768
12	769
12	770
12	771
12	772
12	773
12	774
12	775
12	776
12	777
12	778
12	779
12	780
12	781
12	782
12	783
12	784
12	785
12	786
12	787
12	788
12	789
12	790
12	791
12	792
12	793
12	794
12	795
12	796
12	797
12	798
12	799
12	800
12	801
12	802
12	803
13	804
13	805
13	806
13	807
13	808
13	809
13	810
13	811
13	812
13	813
13	814
13	815
13	816
13	817
13	818
13	819
13	820
13	821
13	822
13	823
13	824
13	825
13	826
13	827
13	828
13	829
13	830
13	831
13	832
13	833
13	834
13	835
13	836
13	837
13	838
13	839
13	840
13	841
13	842
13	843
13	844
13	845
13	846
13	847
13	848
13	849
13	850
13	851
13	852
13	853
13	854
13	855
13	856
13	857
13	858
13	859
13	860
13	861
14	862
14	863
14	864
14	865
14	866
14	867
14	868
14	869
14	870
14	871
14	872
14	873
14	874
14	875
14	876
14	877
14	878
14	879
14	880
14	881
14	882
14	883
14	884
14	885
14	886
14	887
14	888
14	889
14	890
14	891
14	892
14	893
14	894
14	895
14	896
14	897
14	898
14	899
14	900
14	901
14	902
14	903
14	904
14	905
14	906
14	907
14	908
14	909
14	910
14	911
14	912
14	913
14	914
14	915
14	916
14	917
14	918
14	919
14	920
14	921
14	922
14	923
14	924
15	925
15	926
15	927
15	928
15	929
15	930
15	931
15	932
15	933
15	934
15	935
15	936
15	937
15	938
15	939
15	940
15	941
15	942
15	943
15	944
15	945
15	946
15	947
15	948
15	949
15	950
15	951
15	952
15	953
15	954
15	955
15	956
15	957
15	958
15	959
15	960
15	961
15	962
15	963
15	964
15	965
15	966
15	967
15	968
15	969
15	970
15	971
15	972
15	973
15	974
15	975
15	976
15	977
15	978
15	979
16	980
16	981
16	982
16	983
16	984
16	985
16	986
16	987
16	988
16	989
16	990
16	991
16	992
16	993
16	994
16	995
16	996
16	997
16	998
16	999
16	1000
16	1001
16	1002
16	1003
16	1004
16	1005
16	1006
16	1007
16	1008
16	1009
16	1010
16	1011
16	1012
16	1013
16	1014
16	1015
16	1016
16	1017
16	1018
16	1019
16	1020
16	1021
16	1022
16	1023
16	1024
16	1025
16	1026
16	1027
16	1028
16	1029
16	1030
16	1031
16	1032
16	1033
16	1034
16	1035
16	1036
16	1037
16	1038
16	1039
16	1040
16	1041
16	1042
16	1043
17	1044
17	1045
17	1046
17	1047
17	1048
17	1049
17	1050
17	1051
17	1052
17	1053
17	1054
17	1055
17	1056
17	1057
17	1058
17	1059
17	1060
17	1061
17	1062
17	1063
17	1064
17	1065
17	1066
17	1067
17	1068
17	1069
17	1070
17	1071
17	1072
17	1073
17	1074
17	1075
17	1076
17	1077
17	1078
17	1079
17	1080
17	1081
17	1082
17	1083
17	1084
17	1085
17	1086
17	1087
17	1088
17	1089
17	1090
17	1091
17	1092
17	1093
17	1094
17	1095
17	1096
17	1097
17	1098
17	1099
17	1100
17	1101
17	1102
17	1103
17	1104
17	1105
17	1106
17	1107
17	1108
17	1109
17	1110
17	1111
17	1112
17	1113
17	1114
17	1115
17	1116
17	1117
17	1118
17	1119
17	1120
17	1121
17	1122
17	1123
17	1124
17	1125
17	1126
17	1127
17	1128
17	1129
17	1130
17	1131
17	1132
17	1133
17	1134
17	1135
18	1136
18	1137
18	1138
18	1139
18	1140
18	1141
18	1142
18	1143
18	1144
18	1145
18	1146
18	1147
18	1148
18	1149
18	1150
18	1151
18	1152
18	1153
18	1154
18	1155
18	1156
18	1157
18	1158
18	1159
18	1160
18	1161
18	1162
18	1163
18	1164
18	1165
18	1166
18	1167
18	1168
18	1169
18	1170
18	1171
18	1172
18	1173
18	1174
18	1175
18	1176
18	1177
18	1178
18	1179
18	1180
18	1181
18	1182
18	1183
18	1184
18	1185
18	1186
18	1187
18	1188
18	1189
18	1190
18	1191
18	1192
18	1193
18	1194
18	1195
18	1196
18	1197
18	1198
18	1199
18	1200
18	1201
18	1202
18	1203
19	1204
19	1205
19	1206
19	1207
19	1208
19	1209
19	1210
19	1211
19	1212
19	1213
19	1214
19	1215
19	1216
19	1217
19	1218
19	1219
19	1220
19	1221
19	1222
19	1223
19	1224
19	1225
19	1226
19	1227
19	1228
19	1229
19	1230
19	1231
19	1232
19	1233
19	1234
19	1235
19	1236
19	1237
19	1238
19	1239
19	1240
19	1241
19	1242
19	1243
19	1244
19	1245
19	1246
19	1247
19	1248
19	1249
19	1250
19	1251
19	1252
19	1253
19	1254
19	1255
19	1256
19	1257
19	1258
19	1259
19	1260
19	1261
19	1262
19	1263
19	1264
19	1265
19	1266
19	1267
19	1268
19	1269
19	1270
19	1271
20	1272
20	1273
20	1274
20	1275
20	1276
20	1277
20	1278
20	1279
20	1280
20	1281
20	1282
20	1283
20	1284
20	1285
20	1286
20	1287
20	1288
20	1289
20	1290
20	1291
20	1292
20	1293
20	1294
20	1295
20	1296
20	1297
20	1298
20	1299
20	1300
20	1301
20	1302
20	1303
20	1304
20	1305
20	1306
20	1307
20	1308
20	1309
20	1310
20	1311
20	1312
20	1313
20	1314
20	1315
20	1316
20	1317
20	1318
20	1319
20	1320
20	1321
20	1322
20	1323
20	1324
21	1325
21	1326
21	1327
21	1328
21	1329
21	1330
21	1331
21	1332
21	1333
21	1334
21	1335
21	1336
21	1337
21	1338
21	1339
21	1340
21	1341
21	1342
21	1343
21	1344
21	1345
21	1346
21	1347
21	1348
21	1349
21	1350
21	1351
21	1352
21	1353
21	1354
21	1355
21	1356
21	1357
21	1358
21	1359
21	1360
21	1361
21	1362
21	1363
21	1364
21	1365
21	1366
21	1367
21	1368
21	1369
21	1370
21	1371
21	1372
22	1373
22	1374
22	1375
22	1376
22	1377
22	1378
22	1379
22	1380
22	1381
22	1382
22	1383
22	1384
22	1385
22	1386
22	1387
22	1388
22	1389
22	1390
22	1391
22	1392
22	1393
22	1394
22	1395
22	1396
22	1397
22	1398
22	1399
22	1400
22	1401
22	1402
22	1403
22	1404
22	1405
22	1406
22	1407
22	1408
22	1409
22	1410
22	1411
22	1412
22	1413
22	1414
22	1415
22	1416
22	1417
22	1418
22	1419
22	1420
22	1421
22	1422
22	1423
22	1424
22	1425
22	1426
22	1427
22	1428
22	1429
22	1430
22	1431
23	1432
23	1433
23	1434
23	1435
23	1436
23	1437
23	1438
23	1439
23	1440
23	1441
23	1442
23	1443
23	1444
23	1445
23	1446
23	1447
23	1448
23	1449
23	1450
23	1451
23	1452
23	1453
23	1454
23	1455
23	1456
23	1457
23	1458
23	1459
23	1460
23	1461
23	1462
23	1463
23	1464
23	1465
23	1466
23	1467
23	1468
23	1469
23	1470
23	1471
23	1472
23	1473
23	1474
23	1475
23	1476
23	1477
23	1478
23	1479
23	1480
23	1481
23	1482
23	1483
23	1484
23	1485
23	1486
23	1487
23	1488
23	1489
23	1490
23	1491
23	1492
23	1493
23	1494
23	1495
23	1496
23	1497
23	1498
23	1499
24	1500
24	1501
24	1502
24	1503
24	1504
24	1505
24	1506
24	1507
24	1508
24	1509
24	1510
24	1511
24	1512
24	1513
24	1514
24	1515
24	1516
24	1517
24	1518
24	1519
24	1520
24	1521
24	1522
24	1523
24	1524
24	1525
24	1526
24	1527
24	1528
24	1529
24	1530
24	1531
24	1532
24	1533
24	1534
24	1535
24	1536
24	1537
24	1538
24	1539
24	1540
24	1541
24	1542
24	1543
24	1544
24	1545
24	1546
24	1547
24	1548
24	1549
24	1550
24	1551
24	1552
24	1553
24	1554
24	1555
24	1556
24	1557
24	1558
24	1559
25	1560
25	1561
25	1562
25	1563
25	1564
25	1565
25	1566
25	1567
25	1568
25	1569
25	1570
25	1571
25	1572
25	1573
25	1574
25	1575
25	1576
25	1577
25	1578
25	1579
25	1580
25	1581
25	1582
25	1583
25	1584
25	1585
25	1586
25	1587
25	1588
25	1589
25	1590
25	1591
25	1592
25	1593
25	1594
25	1595
25	1596
25	1597
25	1598
25	1599
25	1600
25	1601
25	1602
25	1603
25	1604
25	1605
26	1606
26	1607
26	1608
26	1609
26	1610
26	1611
26	1612
26	1613
26	1614
26	1615
26	1616
26	1617
26	1618
26	1619
26	1620
26	1621
26	1622
26	1623
26	1624
26	1625
26	1626
26	1627
26	1628
26	1629
26	1630
26	1631
26	1632
26	1633
26	1634
26	1635
26	1636
26	1637
26	1638
26	1639
26	1640
26	1641
26	1642
26	1643
26	1644
26	1645
26	1646
27	1647
27	1648
27	1649
27	1650
27	1651
27	1652
27	1653
27	1654
27	1655
27	1656
27	1657
27	1658
27	1659
27	1660
27	1661
27	1662
27	1663
27	1664
27	1665
27	1666
27	1667
27	1668
27	1669
27	1670
27	1671
27	1672
27	1673
27	1674
27	1675
27	1676
27	1677
27	1678
27	1679
27	1680
27	1681
27	1682
27	1683
27	1684
27	1685
27	1686
27	1687
27	1688
27	1689
27	1690
27	1691
27	1692
27	1693
27	1694
27	1695
27	1696
27	1697
27	1698
27	1699
27	1700
27	1701
27	1702
27	1703
27	1704
27	1705
27	1706
27	1707
27	1708
27	1709
27	1710
27	1711
27	1712
27	1713
27	1714
27	1715
27	1716
27	1717
27	1718
27	1719
27	1720
27	1721
27	1722
28	1723
28	1724
28	1725
28	1726
28	1727
28	1728
28	1729
28	1730
28	1731
28	1732
28	1733
28	1734
28	1735
28	1736
28	1737
28	1738
28	1739
28	1740
28	1741
28	1742
28	1743
28	1744
28	1745
28	1746
28	1747
28	1748
28	1749
28	1750
28	1751
28	1752
28	1753
28	1754
28	1755
28	1756
28	1757
28	1758
28	1759
28	1760
28	1761
28	1762
28	1763
28	1764
28	1765
28	1766
28	1767
28	1768
28	1769
28	1770
28	1771
28	1772
28	1773
28	1774
28	1775
28	1776
28	1777
28	1778
28	1779
28	1780
28	1781
28	1782
28	1783
28	1784
28	1785
28	1786
28	1787
28	1788
28	1789
28	1790
28	1791
28	1792
28	1793
28	1794
28	1795
28	1796
28	1797
28	1798
29	1799
29	1800
29	1801
29	1802
29	1803
29	1804
29	1805
29	1806
29	1807
29	1808
29	1809
29	1810
29	1811
29	1812
29	1813
29	1814
29	1815
29	1816
29	1817
29	1818
29	1819
29	1820
29	1821
29	1822
29	1823
29	1824
29	1825
29	1826
29	1827
29	1828
29	1829
29	1830
29	1831
30	1832
30	1833
30	1834
30	1835
30	1836
30	1837
30	1838
30	1839
30	1840
30	1841
30	1842
30	1843
30	1844
30	1845
30	1846
30	1847
30	1848
30	1849
30	1850
30	1851
30	1852
30	1853
30	1854
30	1855
30	1856
30	1857
30	1858
30	1859
30	1860
30	1861
30	1862
30	1863
30	1864
30	1865
30	1866
30	1867
30	1868
30	1869
30	1870
30	1871
30	1872
30	1873
30	1874
30	1875
30	1876
30	1877
30	1878
30	1879
30	1880
30	1881
30	1882
30	1883
30	1884
30	1885
30	1886
30	1887
30	1888
30	1889
30	1890
30	1891
30	1892
30	1893
30	1894
30	1895
30	1896
30	1897
30	1898
30	1899
30	1900
30	1901
30	1902
30	1903
30	1904
30	1905
30	1906
30	1907
30	1908
30	1909
30	1910
30	1911
30	1912
30	1913
30	1914
30	1915
30	1916
30	1917
30	1918
31	1919
31	1920
31	1921
31	1922
31	1923
31	1924
31	1925
31	1926
31	1927
31	1928
31	1929
31	1930
31	1931
31	1932
31	1933
31	1934
31	1935
31	1936
31	1937
31	1938
31	1939
31	1940
31	1941
31	1942
31	1943
31	1944
31	1945
31	1946
31	1947
31	1948
31	1949
31	1950
31	1951
31	1952
31	1953
31	1954
31	1955
31	1956
31	1957
31	1958
31	1959
31	1960
31	1961
31	1962
31	1963
31	1964
31	1965
31	1966
31	1967
31	1968
31	1969
31	1970
31	1971
31	1972
31	1973
31	1974
31	1975
31	1976
31	1977
31	1978
31	1979
31	1980
31	1981
31	1982
31	1983
31	1984
31	1985
31	1986
31	1987
31	1988
31	1989
31	1990
31	1991
32	1992
32	1993
32	1994
32	1995
32	1996
32	1997
32	1998
32	1999
32	2000
32	2001
32	2002
32	2003
32	2004
32	2005
32	2006
32	2007
32	2008
32	2009
32	2010
32	2011
32	2012
32	2013
32	2014
32	2015
32	2016
32	2017
32	2018
32	2019
32	2020
32	2021
32	2022
32	2023
32	2024
32	2025
32	2026
32	2027
32	2028
32	2029
32	2030
32	2031
32	2032
32	2033
32	2034
32	2035
32	2036
32	2037
32	2038
32	2039
32	2040
32	2041
32	2042
32	2043
32	2044
32	2045
32	2046
32	2047
32	2048
32	2049
32	2050
32	2051
32	2052
32	2053
32	2054
32	2055
32	2056
32	2057
32	2058
32	2059
32	2060
32	2061
32	2062
32	2063
32	2064
32	2065
32	2066
32	2067
32	2068
32	2069
32	2070
32	2071
32	2072
32	2073
32	2074
32	2075
32	2076
33	2077
33	2078
33	2079
33	2080
33	2081
33	2082
33	2083
33	2084
33	2085
33	2086
33	2087
33	2088
33	2089
33	2090
33	2091
33	2092
33	2093
33	2094
33	2095
33	2096
33	2097
33	2098
33	2099
33	2100
33	2101
33	2102
33	2103
33	2104
33	2105
33	2106
33	2107
33	2108
33	2109
33	2110
33	2111
33	2112
33	2113
33	2114
33	2115
33	2116
33	2117
33	2118
33	2119
33	2120
33	2121
33	2122
33	2123
33	2124
33	2125
33	2126
33	2127
33	2128
33	2129
33	2130
33	2131
33	2132
33	2133
33	2134
33	2135
33	2136
33	2137
33	2138
33	2139
33	2140
33	2141
33	2142
33	2143
33	2144
33	2145
33	2146
33	2147
33	2148
33	2149
33	2150
33	2151
33	2152
33	2153
33	2154
33	2155
33	2156
33	2157
33	2158
33	2159
33	2160
34	2161
34	2162
34	2163
34	2164
34	2165
34	2166
34	2167
34	2168
34	2169
34	2170
34	2171
34	2172
34	2173
34	2174
34	2175
34	2176
34	2177
34	2178
34	2179
34	2180
34	2181
34	2182
34	2183
34	2184
34	2185
34	2186
34	2187
34	2188
34	2189
34	2190
34	2191
34	2192
34	2193
34	2194
34	2195
34	2196
34	2197
34	2198
34	2199
34	2200
34	2201
34	2202
34	2203
34	2204
34	2205
34	2206
34	2207
34	2208
34	2209
34	2210
34	2211
34	2212
34	2213
34	2214
34	2215
35	2216
35	2217
35	2218
35	2219
35	2220
35	2221
35	2222
35	2223
35	2224
35	2225
35	2226
35	2227
35	2228
35	2229
35	2230
35	2231
35	2232
35	2233
35	2234
35	2235
35	2236
35	2237
35	2238
35	2239
35	2240
35	2241
35	2242
35	2243
35	2244
35	2245
35	2246
35	2247
35	2248
35	2249
35	2250
35	2251
35	2252
35	2253
35	2254
35	2255
35	2256
35	2257
35	2258
35	2259
35	2260
35	2261
35	2262
35	2263
35	2264
36	2265
36	2266
36	2267
36	2268
36	2269
36	2270
36	2271
36	2272
36	2273
36	2274
36	2275
36	2276
36	2277
36	2278
36	2279
36	2280
36	2281
36	2282
36	2283
36	2284
36	2285
36	2286
36	2287
36	2288
36	2289
36	2290
36	2291
36	2292
36	2293
36	2294
36	2295
36	2296
36	2297
36	2298
36	2299
36	2300
36	2301
36	2302
36	2303
36	2304
36	2305
36	2306
36	2307
36	2308
36	2309
36	2310
36	2311
36	2312
36	2313
36	2314
36	2315
36	2316
36	2317
36	2318
36	2319
36	2320
36	2321
36	2322
36	2323
37	2324
37	2325
37	2326
37	2327
37	2328
37	2329
37	2330
37	2331
37	2332
37	2333
37	2334
37	2335
37	2336
37	2337
37	2338
37	2339
37	2340
37	2341
37	2342
37	2343
37	2344
37	2345
37	2346
37	2347
37	2348
37	2349
37	2350
37	2351
37	2352
37	2353
37	2354
37	2355
37	2356
37	2357
37	2358
37	2359
37	2360
37	2361
37	2362
37	2363
37	2364
37	2365
37	2366
37	2367
37	2368
37	2369
38	2370
38	2371
38	2372
38	2373
38	2374
38	2375
38	2376
38	2377
38	2378
38	2379
38	2380
38	2381
38	2382
38	2383
38	2384
38	2385
38	2386
38	2387
38	2388
38	2389
38	2390
38	2391
38	2392
38	2393
38	2394
38	2395
38	2396
38	2397
38	2398
38	2399
38	2400
38	2401
38	2402
38	2403
38	2404
38	2405
38	2406
38	2407
38	2408
38	2409
38	2410
38	2411
38	2412
38	2413
38	2414
38	2415
38	2416
38	2417
38	2418
38	2419
38	2420
38	2421
38	2422
38	2423
38	2424
38	2425
38	2426
38	2427
39	2428
39	2429
39	2430
39	2431
39	2432
39	2433
39	2434
39	2435
39	2436
39	2437
39	2438
39	2439
39	2440
39	2441
39	2442
39	2443
39	2444
39	2445
39	2446
39	2447
39	2448
39	2449
39	2450
39	2451
39	2452
39	2453
39	2454
39	2455
39	2456
39	2457
39	2458
39	2459
39	2460
39	2461
39	2462
39	2463
39	2464
39	2465
39	2466
39	2467
39	2468
39	2469
39	2470
39	2471
39	2472
39	2473
39	2474
39	2475
39	2476
39	2477
39	2478
39	2479
39	2480
39	2481
39	2482
39	2483
39	2484
39	2485
39	2486
39	2487
39	2488
39	2489
39	2490
39	2491
39	2492
39	2493
40	2494
40	2495
40	2496
40	2497
40	2498
40	2499
40	2500
40	2501
40	2502
40	2503
40	2504
40	2505
40	2506
40	2507
40	2508
40	2509
40	2510
40	2511
40	2512
40	2513
40	2514
40	2515
40	2516
40	2517
40	2518
40	2519
40	2520
40	2521
40	2522
40	2523
40	2524
40	2525
40	2526
40	2527
40	2528
40	2529
40	2530
40	2531
40	2532
40	2533
40	2534
40	2535
40	2536
40	2537
40	2538
40	2539
40	2540
40	2541
40	2542
40	2543
40	2544
40	2545
40	2546
40	2547
40	2548
40	2549
40	2550
40	2551
40	2552
40	2553
40	2554
40	2555
40	2556
40	2557
40	2558
41	2559
41	2560
41	2561
41	2562
41	2563
41	2564
41	2565
41	2566
41	2567
41	2568
41	2569
41	2570
41	2571
41	2572
41	2573
41	2574
41	2575
41	2576
41	2577
41	2578
41	2579
41	2580
41	2581
41	2582
41	2583
41	2584
41	2585
41	2586
41	2587
41	2588
41	2589
41	2590
41	2591
41	2592
41	2593
41	2594
41	2595
41	2596
41	2597
41	2598
41	2599
41	2600
41	2601
41	2602
41	2603
41	2604
41	2605
41	2606
41	2607
41	2608
41	2609
41	2610
41	2611
41	2612
41	2613
41	2614
41	2615
41	2616
41	2617
41	2618
41	2619
41	2620
41	2621
41	2622
41	2623
42	2624
42	2625
42	2626
42	2627
42	2628
42	2629
42	2630
42	2631
42	2632
42	2633
42	2634
42	2635
42	2636
42	2637
42	2638
42	2639
42	2640
42	2641
42	2642
42	2643
42	2644
42	2645
42	2646
42	2647
42	2648
42	2649
42	2650
42	2651
42	2652
42	2653
42	2654
42	2655
42	2656
42	2657
42	2658
42	2659
42	2660
42	2661
42	2662
42	2663
42	2664
42	2665
42	2666
42	2667
42	2668
42	2669
42	2670
42	2671
42	2672
42	2673
42	2674
42	2675
42	2676
42	2677
42	2678
42	2679
42	2680
43	2681
43	2682
43	2683
43	2684
43	2685
43	2686
43	2687
43	2688
43	2689
43	2690
43	2691
43	2692
43	2693
43	2694
43	2695
43	2696
43	2697
43	2698
43	2699
43	2700
43	2701
43	2702
43	2703
43	2704
43	2705
43	2706
43	2707
43	2708
43	2709
43	2710
43	2711
43	2712
43	2713
43	2714
43	2715
43	2716
43	2717
43	2718
43	2719
43	2720
43	2721
43	2722
43	2723
43	2724
43	2725
43	2726
43	2727
43	2728
43	2729
43	2730
43	2731
43	2732
43	2733
43	2734
43	2735
44	2736
44	2737
44	2738
44	2739
44	2740
44	2741
44	2742
44	2743
44	2744
44	2745
44	2746
44	2747
44	2748
44	2749
44	2750
44	2751
44	2752
44	2753
44	2754
44	2755
44	2756
44	2757
44	2758
44	2759
44	2760
44	2761
44	2762
44	2763
44	2764
44	2765
44	2766
44	2767
44	2768
44	2769
44	2770
44	2771
44	2772
44	2773
44	2774
44	2775
44	2776
44	2777
44	2778
44	2779
44	2780
44	2781
44	2782
44	2783
45	2784
45	2785
45	2786
45	2787
45	2788
45	2789
45	2790
45	2791
45	2792
45	2793
45	2794
45	2795
45	2796
45	2797
45	2798
45	2799
45	2800
45	2801
45	2802
45	2803
45	2804
45	2805
45	2806
45	2807
45	2808
45	2809
45	2810
45	2811
45	2812
45	2813
45	2814
45	2815
45	2816
45	2817
45	2818
45	2819
45	2820
45	2821
45	2822
45	2823
45	2824
45	2825
45	2826
45	2827
45	2828
45	2829
45	2830
45	2831
45	2832
45	2833
45	2834
45	2835
45	2836
45	2837
45	2838
45	2839
45	2840
45	2841
45	2842
45	2843
45	2844
45	2845
45	2846
45	2847
45	2848
45	2849
45	2850
45	2851
45	2852
46	2853
46	2854
46	2855
46	2856
46	2857
46	2858
46	2859
46	2860
46	2861
46	2862
46	2863
46	2864
46	2865
46	2866
46	2867
46	2868
46	2869
46	2870
46	2871
46	2872
46	2873
46	2874
46	2875
46	2876
46	2877
46	2878
46	2879
46	2880
46	2881
46	2882
46	2883
46	2884
46	2885
46	2886
46	2887
46	2888
46	2889
46	2890
46	2891
46	2892
46	2893
46	2894
46	2895
46	2896
46	2897
46	2898
46	2899
46	2900
46	2901
46	2902
46	2903
46	2904
46	2905
46	2906
46	2907
46	2908
46	2909
46	2910
46	2911
46	2912
46	2913
46	2914
46	2915
46	2916
46	2917
46	2918
46	2919
46	2920
46	2921
46	2922
46	2923
46	2924
46	2925
46	2926
46	2927
46	2928
47	2929
47	2930
47	2931
47	2932
47	2933
47	2934
47	2935
47	2936
47	2937
47	2938
47	2939
47	2940
47	2941
47	2942
47	2943
47	2944
47	2945
47	2946
47	2947
47	2948
47	2949
47	2950
47	2951
47	2952
47	2953
47	2954
47	2955
47	2956
47	2957
47	2958
47	2959
47	2960
47	2961
47	2962
47	2963
47	2964
47	2965
47	2966
47	2967
47	2968
47	2969
47	2970
47	2971
47	2972
47	2973
47	2974
47	2975
47	2976
47	2977
47	2978
47	2979
47	2980
47	2981
47	2982
47	2983
47	2984
47	2985
47	2986
47	2987
47	2988
47	2989
47	2990
47	2991
47	2992
47	2993
47	2994
47	2995
47	2996
47	2997
47	2998
47	2999
47	3000
47	3001
47	3002
48	3003
48	3004
48	3005
48	3006
48	3007
48	3008
48	3009
48	3010
48	3011
48	3012
48	3013
48	3014
48	3015
48	3016
48	3017
48	3018
48	3019
48	3020
48	3021
48	3022
48	3023
48	3024
48	3025
48	3026
48	3027
48	3028
48	3029
48	3030
48	3031
48	3032
48	3033
48	3034
48	3035
48	3036
48	3037
48	3038
48	3039
48	3040
48	3041
48	3042
48	3043
48	3044
48	3045
48	3046
48	3047
48	3048
48	3049
48	3050
48	3051
48	3052
48	3053
48	3054
48	3055
48	3056
48	3057
48	3058
48	3059
48	3060
48	3061
48	3062
48	3063
48	3064
48	3065
48	3066
48	3067
48	3068
48	3069
49	3070
49	3071
49	3072
49	3073
49	3074
49	3075
49	3076
49	3077
49	3078
49	3079
49	3080
49	3081
49	3082
49	3083
49	3084
49	3085
49	3086
49	3087
49	3088
49	3089
49	3090
49	3091
49	3092
49	3093
49	3094
49	3095
49	3096
49	3097
49	3098
49	3099
49	3100
49	3101
49	3102
49	3103
49	3104
49	3105
49	3106
49	3107
49	3108
49	3109
49	3110
49	3111
49	3112
49	3113
49	3114
49	3115
49	3116
49	3117
49	3118
49	3119
49	3120
49	3121
49	3122
50	3123
50	3124
50	3125
50	3126
50	3127
50	3128
50	3129
50	3130
50	3131
50	3132
50	3133
50	3134
50	3135
50	3136
50	3137
50	3138
50	3139
50	3140
50	3141
50	3142
50	3143
50	3144
50	3145
50	3146
50	3147
50	3148
50	3149
50	3150
50	3151
50	3152
50	3153
50	3154
50	3155
50	3156
50	3157
50	3158
50	3159
50	3160
50	3161
50	3162
50	3163
50	3164
50	3165
50	3166
50	3167
50	3168
50	3169
50	3170
50	3171
50	3172
50	3173
51	3174
51	3175
51	3176
51	3177
51	3178
51	3179
51	3180
51	3181
51	3182
51	3183
51	3184
51	3185
51	3186
51	3187
51	3188
51	3189
51	3190
51	3191
51	3192
51	3193
51	3194
51	3195
51	3196
51	3197
51	3198
51	3199
51	3200
51	3201
51	3202
51	3203
51	3204
51	3205
51	3206
51	3207
51	3208
51	3209
51	3210
51	3211
51	3212
51	3213
51	3214
51	3215
51	3216
51	3217
51	3218
51	3219
51	3220
51	3221
51	3222
51	3223
51	3224
51	3225
51	3226
51	3227
51	3228
51	3229
51	3230
51	3231
51	3232
51	3233
51	3234
51	3235
51	3236
51	3237
51	3238
51	3239
51	3240
51	3241
51	3242
51	3243
51	3244
51	3245
51	3246
51	3247
51	3248
51	3249
52	3250
52	3251
52	3252
52	3253
52	3254
52	3255
52	3256
52	3257
52	3258
52	3259
52	3260
52	3261
52	3262
52	3263
52	3264
52	3265
52	3266
52	3267
52	3268
52	3269
52	3270
52	3271
52	3272
52	3273
52	3274
52	3275
52	3276
52	3277
52	3278
52	3279
52	3280
52	3281
52	3282
52	3283
52	3284
52	3285
52	3286
52	3287
52	3288
52	3289
52	3290
53	3291
53	3292
53	3293
53	3294
53	3295
53	3296
53	3297
53	3298
53	3299
53	3300
53	3301
53	3302
53	3303
53	3304
53	3305
53	3306
53	3307
53	3308
53	3309
53	3310
53	3311
53	3312
53	3313
53	3314
53	3315
53	3316
53	3317
53	3318
53	3319
53	3320
53	3321
53	3322
53	3323
53	3324
53	3325
53	3326
53	3327
53	3328
53	3329
53	3330
53	3331
53	3332
53	3333
53	3334
53	3335
53	3336
53	3337
53	3338
53	3339
53	3340
53	3341
54	3342
54	3343
54	3344
54	3345
54	3346
54	3347
54	3348
54	3349
54	3350
54	3351
54	3352
54	3353
54	3354
54	3355
54	3356
54	3357
54	3358
54	3359
54	3360
54	3361
54	3362
54	3363
54	3364
54	3365
54	3366
54	3367
54	3368
54	3369
54	3370
54	3371
54	3372
54	3373
54	3374
54	3375
54	3376
54	3377
54	3378
54	3379
54	3380
54	3381
54	3382
54	3383
54	3384
54	3385
54	3386
54	3387
54	3388
54	3389
54	3390
54	3391
54	3392
54	3393
54	3394
54	3395
54	3396
54	3397
54	3398
54	3399
54	3400
54	3401
54	3402
54	3403
54	3404
54	3405
54	3406
54	3407
54	3408
54	3409
54	3410
54	3411
54	3412
54	3413
54	3414
55	3415
55	3416
55	3417
55	3418
55	3419
55	3420
55	3421
55	3422
55	3423
55	3424
55	3425
55	3426
55	3427
55	3428
55	3429
55	3430
55	3431
55	3432
55	3433
55	3434
55	3435
55	3436
55	3437
55	3438
55	3439
55	3440
55	3441
55	3442
55	3443
55	3444
55	3445
55	3446
55	3447
55	3448
55	3449
55	3450
55	3451
55	3452
55	3453
55	3454
55	3455
55	3456
55	3457
55	3458
55	3459
55	3460
55	3461
55	3462
55	3463
55	3464
55	3465
55	3466
55	3467
55	3468
55	3469
55	3470
55	3471
55	3472
56	3473
56	3474
56	3475
56	3476
56	3477
56	3478
56	3479
56	3480
56	3481
56	3482
56	3483
56	3484
56	3485
56	3486
56	3487
56	3488
56	3489
56	3490
56	3491
56	3492
56	3493
56	3494
56	3495
56	3496
56	3497
56	3498
56	3499
56	3500
56	3501
56	3502
56	3503
56	3504
56	3505
56	3506
56	3507
56	3508
56	3509
56	3510
56	3511
56	3512
56	3513
56	3514
56	3515
56	3516
56	3517
56	3518
56	3519
56	3520
56	3521
56	3522
56	3523
56	3524
56	3525
56	3526
56	3527
56	3528
56	3529
56	3530
56	3531
56	3532
56	3533
56	3534
56	3535
56	3536
56	3537
56	3538
56	3539
56	3540
56	3541
56	3542
56	3543
56	3544
56	3545
57	3546
57	3547
57	3548
57	3549
57	3550
57	3551
57	3552
57	3553
57	3554
57	3555
57	3556
57	3557
57	3558
57	3559
57	3560
57	3561
57	3562
57	3563
57	3564
57	3565
57	3566
57	3567
57	3568
57	3569
57	3570
57	3571
57	3572
57	3573
57	3574
57	3575
57	3576
57	3577
57	3578
57	3579
57	3580
57	3581
57	3582
57	3583
57	3584
57	3585
57	3586
57	3587
57	3588
57	3589
57	3590
57	3591
57	3592
57	3593
57	3594
57	3595
57	3596
57	3597
58	3598
58	3599
58	3600
58	3601
58	3602
58	3603
58	3604
58	3605
58	3606
58	3607
58	3608
58	3609
58	3610
58	3611
58	3612
58	3613
58	3614
58	3615
58	3616
58	3617
58	3618
58	3619
58	3620
58	3621
58	3622
58	3623
58	3624
58	3625
58	3626
58	3627
58	3628
58	3629
58	3630
58	3631
58	3632
58	3633
58	3634
58	3635
58	3636
58	3637
58	3638
58	3639
58	3640
58	3641
58	3642
58	3643
58	3644
58	3645
58	3646
58	3647
58	3648
58	3649
58	3650
58	3651
58	3652
58	3653
58	3654
58	3655
58	3656
59	3657
59	3658
59	3659
59	3660
59	3661
59	3662
59	3663
59	3664
59	3665
59	3666
59	3667
59	3668
59	3669
59	3670
59	3671
59	3672
59	3673
59	3674
59	3675
59	3676
59	3677
59	3678
59	3679
59	3680
59	3681
59	3682
59	3683
59	3684
59	3685
59	3686
59	3687
59	3688
59	3689
59	3690
59	3691
59	3692
59	3693
59	3694
59	3695
59	3696
59	3697
60	3698
60	3699
60	3700
60	3701
60	3702
60	3703
60	3704
60	3705
60	3706
60	3707
60	3708
60	3709
60	3710
60	3711
60	3712
60	3713
60	3714
60	3715
60	3716
60	3717
60	3718
60	3719
60	3720
60	3721
60	3722
60	3723
60	3724
60	3725
60	3726
60	3727
60	3728
60	3729
60	3730
60	3731
60	3732
60	3733
60	3734
60	3735
60	3736
60	3737
60	3738
60	3739
60	3740
60	3741
60	3742
60	3743
60	3744
60	3745
60	3746
60	3747
60	3748
60	3749
60	3750
60	3751
60	3752
60	3753
60	3754
60	3755
60	3756
60	3757
60	3758
60	3759
60	3760
60	3761
61	3762
61	3763
61	3764
61	3765
61	3766
61	3767
61	3768
61	3769
61	3770
61	3771
61	3772
61	3773
61	3774
61	3775
61	3776
61	3777
61	3778
61	3779
61	3780
61	3781
61	3782
61	3783
61	3784
61	3785
61	3786
61	3787
61	3788
61	3789
61	3790
61	3791
61	3792
61	3793
61	3794
61	3795
61	3796
61	3797
61	3798
61	3799
61	3800
61	3801
61	3802
61	3803
61	3804
61	3805
61	3806
61	3807
61	3808
61	3809
61	3810
61	3811
61	3812
61	3813
61	3814
61	3815
61	3816
61	3817
61	3818
61	3819
61	3820
62	3821
62	3822
62	3823
62	3824
62	3825
62	3826
62	3827
62	3828
62	3829
62	3830
62	3831
62	3832
62	3833
62	3834
62	3835
62	3836
62	3837
62	3838
62	3839
62	3840
62	3841
62	3842
62	3843
62	3844
62	3845
62	3846
62	3847
62	3848
62	3849
62	3850
62	3851
62	3852
62	3853
62	3854
62	3855
62	3856
62	3857
62	3858
62	3859
62	3860
62	3861
62	3862
62	3863
62	3864
62	3865
62	3866
62	3867
62	3868
62	3869
62	3870
62	3871
62	3872
62	3873
62	3874
62	3875
62	3876
62	3877
62	3878
62	3879
62	3880
62	3881
62	3882
62	3883
62	3884
62	3885
62	3886
62	3887
62	3888
62	3889
62	3890
62	3891
62	3892
62	3893
62	3894
62	3895
62	3896
62	3897
63	3898
63	3899
63	3900
63	3901
63	3902
63	3903
63	3904
63	3905
63	3906
63	3907
63	3908
63	3909
63	3910
63	3911
63	3912
63	3913
63	3914
63	3915
63	3916
63	3917
63	3918
63	3919
63	3920
63	3921
63	3922
63	3923
63	3924
63	3925
63	3926
63	3927
63	3928
63	3929
63	3930
63	3931
63	3932
63	3933
63	3934
63	3935
63	3936
63	3937
63	3938
63	3939
63	3940
63	3941
63	3942
63	3943
63	3944
63	3945
63	3946
63	3947
63	3948
63	3949
63	3950
63	3951
64	3952
64	3953
64	3954
64	3955
64	3956
64	3957
64	3958
64	3959
64	3960
64	3961
64	3962
64	3963
64	3964
64	3965
64	3966
64	3967
64	3968
64	3969
64	3970
64	3971
64	3972
64	3973
64	3974
64	3975
64	3976
64	3977
64	3978
64	3979
64	3980
64	3981
64	3982
64	3983
64	3984
64	3985
64	3986
64	3987
64	3988
64	3989
64	3990
64	3991
64	3992
64	3993
64	3994
64	3995
64	3996
64	3997
64	3998
64	3999
64	4000
64	4001
64	4002
64	4003
64	4004
64	4005
64	4006
64	4007
64	4008
64	4009
64	4010
64	4011
65	4012
65	4013
65	4014
65	4015
65	4016
65	4017
65	4018
65	4019
65	4020
65	4021
65	4022
65	4023
65	4024
65	4025
65	4026
65	4027
65	4028
65	4029
65	4030
65	4031
65	4032
65	4033
65	4034
65	4035
65	4036
65	4037
65	4038
65	4039
65	4040
65	4041
65	4042
65	4043
65	4044
65	4045
65	4046
65	4047
65	4048
65	4049
65	4050
65	4051
65	4052
65	4053
65	4054
65	4055
65	4056
65	4057
65	4058
65	4059
65	4060
65	4061
65	4062
65	4063
67	4064
67	4065
67	4066
67	4067
67	4068
67	4069
67	4070
67	4071
67	4072
67	4073
67	4074
67	4075
67	4076
67	4077
67	4078
67	4079
67	4080
67	4081
67	4082
67	4083
67	4084
67	4085
67	4086
67	4087
67	4088
67	4089
67	4090
67	4091
67	4092
67	4093
67	4094
67	4095
67	4096
67	4097
67	4098
67	4099
67	4100
67	4101
67	4102
67	4103
67	4104
67	4105
67	4106
67	4107
67	4108
67	4109
67	4110
67	4111
67	4112
67	4113
67	4114
67	4115
67	4116
67	4117
67	4118
67	4119
67	4120
67	4121
67	4122
67	4123
68	4124
68	4125
68	4126
68	4127
68	4128
68	4129
68	4130
68	4131
68	4132
68	4133
68	4134
68	4135
68	4136
68	4137
68	4138
68	4139
68	4140
68	4141
68	4142
68	4143
68	4144
68	4145
68	4146
68	4147
68	4148
68	4149
68	4150
68	4151
68	4152
68	4153
68	4154
68	4155
68	4156
68	4157
68	4158
68	4159
68	4160
68	4161
68	4162
68	4163
68	4164
68	4165
68	4166
68	4167
68	4168
68	4169
68	4170
68	4171
68	4172
68	4173
69	4174
69	4175
69	4176
69	4177
69	4178
69	4179
69	4180
69	4181
69	4182
69	4183
69	4184
69	4185
69	4186
69	4187
69	4188
69	4189
69	4190
69	4191
69	4192
69	4193
69	4194
69	4195
69	4196
69	4197
69	4198
69	4199
69	4200
69	4201
69	4202
69	4203
69	4204
69	4205
69	4206
69	4207
69	4208
69	4209
69	4210
69	4211
69	4212
69	4213
69	4214
69	4215
69	4216
69	4217
69	4218
69	4219
69	4220
69	4221
69	4222
69	4223
69	4224
69	4225
69	4226
69	4227
69	4228
69	4229
69	4230
69	4231
69	4232
70	4233
70	4234
70	4235
70	4236
70	4237
70	4238
70	4239
70	4240
70	4241
70	4242
70	4243
70	4244
70	4245
70	4246
70	4247
70	4248
70	4249
70	4250
70	4251
70	4252
70	4253
70	4254
70	4255
70	4256
70	4257
70	4258
70	4259
70	4260
70	4261
70	4262
70	4263
70	4264
70	4265
70	4266
70	4267
70	4268
70	4269
70	4270
70	4271
70	4272
70	4273
70	4274
70	4275
70	4276
70	4277
70	4278
70	4279
70	4280
70	4281
70	4282
70	4283
70	4284
70	4285
70	4286
70	4287
70	4288
70	4289
70	4290
70	4291
70	4292
70	4293
70	4294
70	4295
71	4296
71	4297
71	4298
71	4299
71	4300
71	4301
71	4302
71	4303
71	4304
71	4305
71	4306
71	4307
71	4308
71	4309
71	4310
71	4311
71	4312
71	4313
71	4314
71	4315
71	4316
71	4317
71	4318
71	4319
71	4320
71	4321
71	4322
71	4323
71	4324
71	4325
71	4326
71	4327
71	4328
71	4329
71	4330
71	4331
71	4332
71	4333
71	4334
71	4335
71	4336
71	4337
71	4338
71	4339
71	4340
71	4341
71	4342
71	4343
71	4344
71	4345
71	4346
71	4347
71	4348
71	4349
71	4350
71	4351
71	4352
71	4353
71	4354
71	4355
71	4356
71	4357
71	4358
71	4359
72	4360
72	4361
72	4362
72	4363
72	4364
72	4365
72	4366
72	4367
72	4368
72	4369
72	4370
72	4371
72	4372
72	4373
72	4374
72	4375
72	4376
72	4377
72	4378
72	4379
72	4380
72	4381
72	4382
72	4383
72	4384
72	4385
72	4386
72	4387
72	4388
72	4389
72	4390
72	4391
72	4392
72	4393
72	4394
72	4395
72	4396
72	4397
72	4398
72	4399
72	4400
72	4401
72	4402
72	4403
72	4404
72	4405
72	4406
72	4407
72	4408
72	4409
72	4410
72	4411
72	4412
72	4413
72	4414
72	4415
72	4416
72	4417
72	4418
72	4419
72	4420
72	4421
72	4422
74	4423
74	4424
74	4425
74	4426
74	4427
74	4428
74	4429
74	4430
74	4431
74	4432
74	4433
74	4434
74	4435
74	4436
74	4437
74	4438
74	4439
74	4440
74	4441
74	4442
74	4443
74	4444
74	4445
74	4446
74	4447
74	4448
74	4449
74	4450
74	4451
74	4452
74	4453
74	4454
74	4455
74	4456
74	4457
74	4458
74	4459
74	4460
74	4461
74	4462
74	4463
74	4464
74	4465
74	4466
74	4467
74	4468
74	4469
74	4470
74	4471
74	4472
74	4473
74	4474
74	4475
74	4476
74	4477
74	4478
74	4479
74	4480
74	4481
74	4482
74	4483
74	4484
74	4485
74	4486
74	4487
74	4488
74	4489
74	4490
74	4491
74	4492
74	4493
74	4494
74	4495
74	4496
74	4497
74	4498
74	4499
74	4500
74	4501
74	4502
74	4503
74	4504
74	4505
74	4506
74	4507
74	4508
74	4509
74	4510
75	4511
75	4512
75	4513
75	4514
75	4515
75	4516
75	4517
75	4518
75	4519
75	4520
75	4521
75	4522
75	4523
75	4524
75	4525
75	4526
75	4527
75	4528
75	4529
75	4530
75	4531
75	4532
75	4533
75	4534
75	4535
75	4536
75	4537
75	4538
75	4539
75	4540
75	4541
75	4542
75	4543
75	4544
75	4545
75	4546
75	4547
75	4548
75	4549
75	4550
75	4551
75	4552
75	4553
75	4554
75	4555
75	4556
75	4557
75	4558
75	4559
75	4560
75	4561
75	4562
75	4563
75	4564
75	4565
75	4566
75	4567
75	4568
75	4569
75	4570
75	4571
75	4572
75	4573
75	4574
75	4575
75	4576
75	4577
75	4578
75	4579
75	4580
75	4581
75	4582
75	4583
75	4584
75	4585
75	4586
75	4587
75	4588
76	4589
76	4590
76	4591
76	4592
76	4593
76	4594
76	4595
76	4596
76	4597
76	4598
76	4599
76	4600
76	4601
76	4602
76	4603
76	4604
76	4605
76	4606
76	4607
76	4608
76	4609
76	4610
76	4611
76	4612
76	4613
76	4614
76	4615
76	4616
76	4617
76	4618
76	4619
76	4620
76	4621
76	4622
76	4623
76	4624
76	4625
76	4626
76	4627
76	4628
76	4629
76	4630
76	4631
76	4632
76	4633
76	4634
76	4635
76	4636
76	4637
76	4638
76	4639
77	4640
77	4641
77	4642
77	4643
77	4644
77	4645
77	4646
77	4647
77	4648
77	4649
77	4650
77	4651
77	4652
77	4653
77	4654
77	4655
77	4656
77	4657
77	4658
77	4659
77	4660
77	4661
77	4662
77	4663
77	4664
77	4665
77	4666
77	4667
77	4668
77	4669
77	4670
77	4671
77	4672
77	4673
77	4674
77	4675
77	4676
77	4677
77	4678
77	4679
77	4680
77	4681
77	4682
77	4683
77	4684
77	4685
77	4686
77	4687
77	4688
77	4689
77	4690
77	4691
77	4692
77	4693
78	4694
78	4695
78	4696
78	4697
78	4698
78	4699
78	4700
78	4701
78	4702
78	4703
78	4704
78	4705
78	4706
78	4707
78	4708
78	4709
78	4710
78	4711
78	4712
78	4713
78	4714
78	4715
78	4716
78	4717
78	4718
78	4719
78	4720
78	4721
78	4722
78	4723
78	4724
78	4725
78	4726
78	4727
78	4728
78	4729
78	4730
78	4731
78	4732
78	4733
78	4734
78	4735
78	4736
78	4737
78	4738
78	4739
78	4740
78	4741
78	4742
79	4743
79	4744
79	4745
79	4746
79	4747
79	4748
79	4749
79	4750
79	4751
79	4752
79	4753
79	4754
79	4755
79	4756
79	4757
79	4758
79	4759
79	4760
79	4761
79	4762
79	4763
79	4764
79	4765
79	4766
79	4767
79	4768
79	4769
79	4770
79	4771
79	4772
79	4773
79	4774
79	4775
79	4776
79	4777
79	4778
79	4779
79	4780
79	4781
79	4782
79	4783
79	4784
79	4785
79	4786
79	4787
79	4788
79	4789
79	4790
79	4791
79	4792
79	4793
79	4794
79	4795
79	4796
79	4797
79	4798
79	4799
79	4800
79	4801
79	4802
79	4803
79	4804
80	4805
80	4806
80	4807
80	4808
80	4809
80	4810
80	4811
80	4812
80	4813
80	4814
80	4815
80	4816
80	4817
80	4818
80	4819
80	4820
80	4821
80	4822
80	4823
80	4824
80	4825
80	4826
80	4827
80	4828
80	4829
80	4830
80	4831
80	4832
80	4833
80	4834
80	4835
80	4836
80	4837
80	4838
80	4839
80	4840
80	4841
80	4842
80	4843
80	4844
80	4845
80	4846
80	4847
80	4848
80	4849
80	4850
80	4851
80	4852
80	4853
80	4854
80	4855
80	4856
80	4857
80	4858
80	4859
80	4860
80	4861
80	4862
81	4863
81	4864
81	4865
81	4866
81	4867
81	4868
81	4869
81	4870
81	4871
81	4872
81	4873
81	4874
81	4875
81	4876
81	4877
81	4878
81	4879
81	4880
81	4881
81	4882
81	4883
81	4884
81	4885
81	4886
81	4887
81	4888
81	4889
81	4890
81	4891
81	4892
81	4893
81	4894
81	4895
81	4896
81	4897
81	4898
81	4899
81	4900
81	4901
82	4902
82	4903
82	4904
82	4905
82	4906
82	4907
82	4908
82	4909
82	4910
82	4911
82	4912
82	4913
82	4914
82	4915
82	4916
82	4917
82	4918
82	4919
82	4920
82	4921
82	4922
82	4923
82	4924
82	4925
82	4926
82	4927
82	4928
82	4929
82	4930
82	4931
82	4932
82	4933
82	4934
82	4935
82	4936
82	4937
82	4938
82	4939
82	4940
82	4941
82	4942
82	4943
82	4944
82	4945
82	4946
82	4947
82	4948
82	4949
82	4950
82	4951
82	4952
82	4953
82	4954
82	4955
82	4956
82	4957
82	4958
82	4959
82	4960
82	4961
82	4962
83	4963
83	4964
83	4965
83	4966
83	4967
83	4968
83	4969
83	4970
83	4971
83	4972
83	4973
83	4974
83	4975
83	4976
83	4977
83	4978
83	4979
83	4980
83	4981
83	4982
83	4983
83	4984
83	4985
83	4986
83	4987
83	4988
83	4989
83	4990
83	4991
83	4992
83	4993
83	4994
83	4995
83	4996
83	4997
83	4998
83	4999
83	5000
83	5001
83	5002
83	5003
83	5004
83	5005
83	5006
83	5007
83	5008
83	5009
83	5010
83	5011
83	5012
83	5013
83	5014
83	5015
83	5016
83	5017
83	5018
83	5019
83	5020
83	5021
83	5022
83	5023
83	5024
83	5025
83	5026
83	5027
83	5028
83	5029
83	5030
83	5031
83	5032
83	5033
83	5034
83	5035
83	5036
83	5037
83	5038
83	5039
83	5040
83	5041
83	5042
83	5043
83	5044
83	5045
83	5046
83	5047
83	5048
83	5049
83	5050
83	5051
84	5052
84	5053
84	5054
84	5055
84	5056
84	5057
84	5058
84	5059
84	5060
84	5061
84	5062
84	5063
84	5064
84	5065
84	5066
84	5067
84	5068
84	5069
84	5070
84	5071
84	5072
84	5073
84	5074
84	5075
84	5076
84	5077
84	5078
84	5079
84	5080
84	5081
84	5082
84	5083
84	5084
84	5085
84	5086
84	5087
84	5088
84	5089
84	5090
84	5091
84	5092
84	5093
84	5094
84	5095
84	5096
84	5097
84	5098
84	5099
84	5100
84	5101
84	5102
85	5103
85	5104
85	5105
85	5106
85	5107
85	5108
85	5109
85	5110
85	5111
85	5112
85	5113
85	5114
85	5115
85	5116
85	5117
85	5118
85	5119
85	5120
85	5121
85	5122
85	5123
85	5124
85	5125
85	5126
85	5127
85	5128
85	5129
85	5130
85	5131
85	5132
85	5133
85	5134
85	5135
85	5136
85	5137
85	5138
85	5139
85	5140
85	5141
85	5142
85	5143
85	5144
85	5145
85	5146
85	5147
85	5148
85	5149
85	5150
85	5151
85	5152
85	5153
85	5154
85	5155
85	5156
85	5157
85	5158
86	5159
86	5160
86	5161
86	5162
86	5163
86	5164
86	5165
86	5166
86	5167
86	5168
86	5169
86	5170
86	5171
86	5172
86	5173
86	5174
86	5175
86	5176
86	5177
86	5178
86	5179
86	5180
86	5181
86	5182
86	5183
86	5184
86	5185
86	5186
86	5187
86	5188
86	5189
86	5190
86	5191
86	5192
86	5193
86	5194
86	5195
86	5196
86	5197
86	5198
86	5199
86	5200
86	5201
86	5202
86	5203
86	5204
86	5205
86	5206
87	5207
87	5208
87	5209
87	5210
87	5211
87	5212
87	5213
87	5214
87	5215
87	5216
87	5217
87	5218
87	5219
87	5220
87	5221
87	5222
87	5223
87	5224
87	5225
87	5226
87	5227
87	5228
87	5229
87	5230
87	5231
87	5232
87	5233
87	5234
87	5235
87	5236
87	5237
87	5238
87	5239
87	5240
87	5241
87	5242
87	5243
87	5244
87	5245
87	5246
87	5247
87	5248
87	5249
87	5250
87	5251
87	5252
87	5253
87	5254
87	5255
87	5256
87	5257
87	5258
87	5259
88	5260
88	5261
88	5262
88	5263
88	5264
88	5265
88	5266
88	5267
88	5268
88	5269
88	5270
88	5271
88	5272
88	5273
88	5274
88	5275
88	5276
88	5277
88	5278
88	5279
88	5280
88	5281
88	5282
88	5283
88	5284
88	5285
88	5286
88	5287
88	5288
88	5289
88	5290
88	5291
88	5292
88	5293
88	5294
88	5295
88	5296
88	5297
88	5298
88	5299
88	5300
88	5301
88	5302
88	5303
88	5304
88	5305
88	5306
88	5307
88	5308
88	5309
88	5310
88	5311
88	5312
88	5313
88	5314
88	5315
88	5316
88	5317
88	5318
88	5319
88	5320
88	5321
88	5322
88	5323
88	5324
88	5325
88	5326
88	5327
89	5328
89	5329
89	5330
89	5331
89	5332
89	5333
89	5334
89	5335
89	5336
89	5337
89	5338
89	5339
89	5340
89	5341
89	5342
89	5343
89	5344
89	5345
89	5346
89	5347
89	5348
89	5349
89	5350
89	5351
89	5352
89	5353
89	5354
89	5355
89	5356
89	5357
89	5358
89	5359
89	5360
89	5361
89	5362
89	5363
89	5364
89	5365
89	5366
89	5367
89	5368
89	5369
89	5370
89	5371
89	5372
89	5373
89	5374
89	5375
89	5376
89	5377
89	5378
89	5379
89	5380
90	5381
90	5382
90	5383
90	5384
90	5385
90	5386
90	5387
90	5388
90	5389
90	5390
90	5391
90	5392
90	5393
90	5394
90	5395
90	5396
90	5397
90	5398
90	5399
90	5400
90	5401
90	5402
90	5403
90	5404
90	5405
90	5406
90	5407
90	5408
90	5409
90	5410
90	5411
90	5412
90	5413
90	5414
90	5415
90	5416
90	5417
90	5418
90	5419
90	5420
90	5421
90	5422
90	5423
90	5424
91	5425
91	5426
91	5427
91	5428
91	5429
91	5430
91	5431
91	5432
91	5433
91	5434
91	5435
91	5436
91	5437
91	5438
91	5439
91	5440
91	5441
91	5442
91	5443
91	5444
91	5445
91	5446
91	5447
91	5448
91	5449
91	5450
91	5451
91	5452
91	5453
91	5454
91	5455
91	5456
91	5457
91	5458
91	5459
91	5460
91	5461
91	5462
91	5463
91	5464
91	5465
91	5466
91	5467
91	5468
91	5469
91	5470
91	5471
91	5472
91	5473
91	5474
91	5475
92	5476
92	5477
92	5478
92	5479
92	5480
92	5481
92	5482
92	5483
92	5484
92	5485
92	5486
92	5487
92	5488
92	5489
92	5490
92	5491
92	5492
92	5493
92	5494
92	5495
92	5496
92	5497
92	5498
92	5499
92	5500
92	5501
92	5502
92	5503
92	5504
92	5505
92	5506
92	5507
92	5508
92	5509
92	5510
92	5511
92	5512
92	5513
92	5514
92	5515
92	5516
92	5517
92	5518
92	5519
92	5520
92	5521
92	5522
92	5523
92	5524
92	5525
92	5526
92	5527
92	5528
92	5529
92	5530
92	5531
92	5532
92	5533
92	5534
92	5535
92	5536
92	5537
93	5538
93	5539
93	5540
93	5541
93	5542
93	5543
93	5544
93	5545
93	5546
93	5547
93	5548
93	5549
93	5550
93	5551
93	5552
93	5553
93	5554
93	5555
93	5556
93	5557
93	5558
93	5559
93	5560
93	5561
93	5562
93	5563
93	5564
93	5565
93	5566
93	5567
93	5568
93	5569
93	5570
93	5571
93	5572
93	5573
93	5574
93	5575
93	5576
93	5577
93	5578
93	5579
93	5580
93	5581
93	5582
93	5583
93	5584
93	5585
93	5586
93	5587
93	5588
93	5589
93	5590
93	5591
93	5592
93	5593
93	5594
93	5595
93	5596
93	5597
94	5598
94	5599
94	5600
94	5601
94	5602
94	5603
94	5604
94	5605
94	5606
94	5607
94	5608
94	5609
94	5610
94	5611
94	5612
94	5613
94	5614
94	5615
94	5616
94	5617
94	5618
94	5619
94	5620
94	5621
94	5622
94	5623
94	5624
94	5625
94	5626
94	5627
94	5628
94	5629
94	5630
94	5631
94	5632
94	5633
94	5634
94	5635
94	5636
94	5637
94	5638
94	5639
94	5640
94	5641
94	5642
94	5643
94	5644
95	5645
95	5646
95	5647
95	5648
95	5649
95	5650
95	5651
95	5652
95	5653
95	5654
95	5655
95	5656
95	5657
95	5658
95	5659
95	5660
95	5661
95	5662
95	5663
95	5664
95	5665
95	5666
95	5667
95	5668
95	5669
95	5670
95	5671
95	5672
95	5673
95	5674
95	5675
95	5676
95	5677
95	5678
95	5679
95	5680
95	5681
95	5682
95	5683
95	5684
95	5685
95	5686
95	5687
95	5688
95	5689
95	5690
95	5691
96	5692
96	5693
96	5694
96	5695
96	5696
96	5697
96	5698
96	5699
96	5700
96	5701
96	5702
96	5703
96	5704
96	5705
96	5706
96	5707
96	5708
96	5709
96	5710
96	5711
96	5712
96	5713
96	5714
96	5715
96	5716
96	5717
96	5718
96	5719
96	5720
96	5721
96	5722
96	5723
96	5724
96	5725
96	5726
96	5727
96	5728
96	5729
96	5730
96	5731
96	5732
96	5733
96	5734
96	5735
96	5736
96	5737
96	5738
96	5739
96	5740
96	5741
96	5742
96	5743
96	5744
96	5745
96	5746
96	5747
96	5748
96	5749
97	5750
97	5751
97	5752
97	5753
97	5754
97	5755
97	5756
97	5757
97	5758
97	5759
97	5760
97	5761
97	5762
97	5763
97	5764
97	5765
97	5766
97	5767
97	5768
97	5769
97	5770
97	5771
97	5772
97	5773
97	5774
97	5775
97	5776
97	5777
97	5778
97	5779
97	5780
97	5781
97	5782
97	5783
97	5784
97	5785
97	5786
97	5787
97	5788
97	5789
97	5790
97	5791
97	5792
97	5793
97	5794
97	5795
97	5796
97	5797
97	5798
97	5799
97	5800
97	5801
97	5802
97	5803
97	5804
97	5805
97	5806
97	5807
97	5808
97	5809
97	5810
97	5811
97	5812
97	5813
97	5814
97	5815
97	5816
97	5817
97	5818
97	5819
97	5820
97	5821
97	5822
97	5823
97	5824
97	5825
97	5826
97	5827
97	5828
97	5829
97	5830
97	5831
97	5832
97	5833
97	5834
97	5835
97	5836
97	5837
97	5838
97	5839
97	5840
97	5841
97	5842
97	5843
97	5844
97	5845
97	5846
98	5847
98	5848
98	5849
98	5850
98	5851
98	5852
98	5853
98	5854
98	5855
98	5856
98	5857
98	5858
98	5859
98	5860
98	5861
98	5862
98	5863
98	5864
98	5865
98	5866
98	5867
98	5868
98	5869
98	5870
98	5871
98	5872
98	5873
98	5874
98	5875
98	5876
98	5877
98	5878
98	5879
98	5880
98	5881
98	5882
98	5883
98	5884
98	5885
98	5886
98	5887
98	5888
98	5889
98	5890
98	5891
98	5892
98	5893
98	5894
98	5895
98	5896
98	5897
98	5898
98	5899
98	5900
98	5901
98	5902
98	5903
98	5904
98	5905
98	5906
98	5907
98	5908
98	5909
98	5910
98	5911
98	5912
99	5913
99	5914
99	5915
99	5916
99	5917
99	5918
99	5919
99	5920
99	5921
99	5922
99	5923
99	5924
99	5925
99	5926
99	5927
99	5928
99	5929
99	5930
99	5931
99	5932
99	5933
99	5934
99	5935
99	5936
99	5937
99	5938
99	5939
99	5940
99	5941
99	5942
99	5943
99	5944
99	5945
99	5946
99	5947
99	5948
99	5949
99	5950
99	5951
99	5952
99	5953
99	5954
99	5955
99	5956
99	5957
99	5958
99	5959
99	5960
100	5961
100	5962
100	5963
100	5964
100	5965
100	5966
100	5967
100	5968
100	5969
100	5970
100	5971
100	5972
100	5973
100	5974
100	5975
100	5976
100	5977
100	5978
100	5979
100	5980
100	5981
100	5982
100	5983
100	5984
100	5985
100	5986
100	5987
100	5988
100	5989
100	5990
100	5991
100	5992
100	5993
100	5994
100	5995
100	5996
100	5997
100	5998
100	5999
100	6000
100	6001
100	6002
100	6003
100	6004
100	6005
100	6006
100	6007
100	6008
100	6009
100	6010
100	6011
100	6012
100	6013
100	6014
100	6015
100	6016
100	6017
100	6018
100	6019
100	6020
100	6021
100	6022
100	6023
100	6024
100	6025
100	6026
100	6027
100	6028
100	6029
100	6030
100	6031
100	6032
100	6033
100	6034
100	6035
100	6036
100	6037
100	6038
100	6039
100	6040
100	6041
100	6042
100	6043
100	6044
100	6045
100	6046
101	6047
101	6048
101	6049
101	6050
101	6051
101	6052
101	6053
101	6054
101	6055
101	6056
101	6057
101	6058
101	6059
101	6060
101	6061
101	6062
101	6063
101	6064
101	6065
101	6066
101	6067
101	6068
101	6069
101	6070
101	6071
101	6072
101	6073
101	6074
101	6075
101	6076
101	6077
101	6078
101	6079
101	6080
101	6081
101	6082
101	6083
101	6084
101	6085
101	6086
101	6087
101	6088
101	6089
101	6090
101	6091
101	6092
101	6093
101	6094
101	6095
101	6096
101	6097
101	6098
101	6099
101	6100
101	6101
101	6102
101	6103
101	6104
101	6105
101	6106
101	6107
101	6108
102	6109
102	6110
102	6111
102	6112
102	6113
102	6114
102	6115
102	6116
102	6117
102	6118
102	6119
102	6120
102	6121
102	6122
102	6123
102	6124
102	6125
102	6126
102	6127
102	6128
102	6129
102	6130
102	6131
102	6132
102	6133
102	6134
102	6135
102	6136
102	6137
102	6138
102	6139
102	6140
102	6141
102	6142
102	6143
102	6144
102	6145
102	6146
102	6147
102	6148
102	6149
102	6150
102	6151
102	6152
102	6153
102	6154
102	6155
102	6156
102	6157
102	6158
102	6159
102	6160
102	6161
102	6162
102	6163
102	6164
102	6165
102	6166
103	6167
103	6168
103	6169
103	6170
103	6171
103	6172
103	6173
103	6174
103	6175
103	6176
103	6177
103	6178
103	6179
103	6180
103	6181
103	6182
103	6183
103	6184
103	6185
103	6186
103	6187
103	6188
103	6189
103	6190
103	6191
103	6192
103	6193
103	6194
103	6195
103	6196
103	6197
103	6198
103	6199
103	6200
103	6201
103	6202
103	6203
103	6204
103	6205
103	6206
103	6207
103	6208
103	6209
103	6210
103	6211
103	6212
103	6213
103	6214
103	6215
103	6216
103	6217
103	6218
103	6219
103	6220
103	6221
103	6222
103	6223
103	6224
103	6225
103	6226
103	6227
103	6228
103	6229
103	6230
103	6231
103	6232
103	6233
103	6234
103	6235
103	6236
103	6237
103	6238
103	6239
103	6240
103	6241
103	6242
103	6243
103	6244
103	6245
103	6246
103	6247
103	6248
103	6249
103	6250
104	6251
104	6252
104	6253
104	6254
104	6255
104	6256
104	6257
104	6258
104	6259
104	6260
104	6261
104	6262
104	6263
104	6264
104	6265
104	6266
104	6267
104	6268
104	6269
104	6270
104	6271
104	6272
104	6273
104	6274
104	6275
104	6276
104	6277
104	6278
104	6279
104	6280
104	6281
104	6282
104	6283
104	6284
104	6285
104	6286
104	6287
104	6288
104	6289
104	6290
104	6291
104	6292
104	6293
104	6294
104	6295
104	6296
104	6297
104	6298
104	6299
104	6300
104	6301
104	6302
104	6303
104	6304
104	6305
104	6306
104	6307
104	6308
104	6309
104	6310
104	6311
104	6312
104	6313
104	6314
104	6315
104	6316
104	6317
104	6318
104	6319
104	6320
104	6321
104	6322
105	6323
105	6324
105	6325
105	6326
105	6327
105	6328
105	6329
105	6330
105	6331
105	6332
105	6333
105	6334
105	6335
105	6336
105	6337
105	6338
105	6339
105	6340
105	6341
105	6342
105	6343
105	6344
105	6345
105	6346
105	6347
105	6348
105	6349
105	6350
105	6351
105	6352
105	6353
105	6354
105	6355
105	6356
105	6357
105	6358
105	6359
105	6360
105	6361
105	6362
105	6363
105	6364
105	6365
105	6366
105	6367
105	6368
105	6369
105	6370
105	6371
105	6372
105	6373
105	6374
105	6375
105	6376
105	6377
105	6378
105	6379
105	6380
105	6381
105	6382
105	6383
105	6384
106	6385
106	6386
106	6387
106	6388
106	6389
106	6390
106	6391
106	6392
106	6393
106	6394
106	6395
106	6396
106	6397
106	6398
106	6399
106	6400
106	6401
106	6402
106	6403
106	6404
106	6405
106	6406
106	6407
106	6408
106	6409
106	6410
106	6411
106	6412
106	6413
106	6414
106	6415
106	6416
106	6417
106	6418
106	6419
106	6420
106	6421
106	6422
106	6423
106	6424
106	6425
106	6426
106	6427
106	6428
106	6429
106	6430
106	6431
106	6432
106	6433
106	6434
106	6435
106	6436
106	6437
106	6438
106	6439
106	6440
106	6441
106	6442
106	6443
106	6444
106	6445
106	6446
106	6447
106	6448
106	6449
106	6450
106	6451
106	6452
106	6453
106	6454
106	6455
106	6456
106	6457
106	6458
106	6459
106	6460
106	6461
106	6462
106	6463
106	6464
106	6465
106	6466
106	6467
106	6468
106	6469
106	6470
106	6471
106	6472
106	6473
106	6474
106	6475
106	6476
106	6477
106	6478
107	6479
107	6480
107	6481
107	6482
107	6483
107	6484
107	6485
107	6486
107	6487
107	6488
107	6489
107	6490
107	6491
107	6492
107	6493
107	6494
107	6495
107	6496
107	6497
107	6498
107	6499
107	6500
107	6501
107	6502
107	6503
107	6504
107	6505
107	6506
107	6507
107	6508
107	6509
107	6510
107	6511
107	6512
107	6513
107	6514
107	6515
107	6516
107	6517
107	6518
107	6519
107	6520
107	6521
107	6522
107	6523
107	6524
107	6525
107	6526
107	6527
107	6528
107	6529
107	6530
107	6531
107	6532
107	6533
107	6534
107	6535
107	6536
107	6537
107	6538
107	6539
107	6540
108	6541
108	6542
108	6543
108	6544
108	6545
108	6546
108	6547
108	6548
108	6549
108	6550
108	6551
108	6552
108	6553
108	6554
108	6555
108	6556
108	6557
108	6558
108	6559
108	6560
108	6561
108	6562
108	6563
108	6564
108	6565
108	6566
108	6567
108	6568
108	6569
108	6570
108	6571
108	6572
108	6573
108	6574
108	6575
108	6576
108	6577
108	6578
108	6579
108	6580
108	6581
108	6582
108	6583
108	6584
108	6585
108	6586
108	6587
108	6588
108	6589
108	6590
108	6591
108	6592
108	6593
108	6594
108	6595
108	6596
108	6597
108	6598
108	6599
108	6600
108	6601
108	6602
108	6603
108	6604
108	6605
109	6606
109	6607
109	6608
109	6609
109	6610
109	6611
109	6612
109	6613
109	6614
109	6615
109	6616
109	6617
109	6618
109	6619
109	6620
109	6621
109	6622
109	6623
109	6624
109	6625
109	6626
109	6627
109	6628
109	6629
109	6630
109	6631
109	6632
109	6633
109	6634
109	6635
109	6636
109	6637
109	6638
109	6639
109	6640
109	6641
109	6642
109	6643
109	6644
109	6645
109	6646
109	6647
109	6648
109	6649
109	6650
109	6651
109	6652
109	6653
109	6654
109	6655
109	6656
109	6657
109	6658
110	6659
110	6660
110	6661
110	6662
110	6663
110	6664
110	6665
110	6666
110	6667
110	6668
110	6669
110	6670
110	6671
110	6672
110	6673
110	6674
110	6675
110	6676
110	6677
110	6678
110	6679
110	6680
110	6681
110	6682
110	6683
110	6684
110	6685
110	6686
110	6687
110	6688
110	6689
110	6690
110	6691
110	6692
110	6693
110	6694
110	6695
110	6696
110	6697
110	6698
110	6699
110	6700
110	6701
110	6702
110	6703
110	6704
110	6705
110	6706
110	6707
110	6708
110	6709
110	6710
110	6711
110	6712
110	6713
110	6714
110	6715
110	6716
111	6717
111	6718
111	6719
111	6720
111	6721
111	6722
111	6723
111	6724
111	6725
111	6726
111	6727
111	6728
111	6729
111	6730
111	6731
111	6732
111	6733
111	6734
111	6735
111	6736
111	6737
111	6738
111	6739
111	6740
111	6741
111	6742
111	6743
111	6744
111	6745
111	6746
111	6747
111	6748
111	6749
111	6750
111	6751
111	6752
111	6753
111	6754
111	6755
111	6756
111	6757
111	6758
111	6759
111	6760
111	6761
111	6762
111	6763
111	6764
111	6765
111	6766
111	6767
111	6768
111	6769
111	6770
111	6771
111	6772
111	6773
111	6774
111	6775
111	6776
111	6777
111	6778
111	6779
111	6780
111	6781
112	6782
112	6783
112	6784
112	6785
112	6786
112	6787
112	6788
112	6789
112	6790
112	6791
112	6792
112	6793
112	6794
112	6795
112	6796
112	6797
112	6798
112	6799
112	6800
112	6801
112	6802
112	6803
112	6804
112	6805
112	6806
112	6807
112	6808
112	6809
112	6810
112	6811
112	6812
112	6813
112	6814
112	6815
112	6816
112	6817
112	6818
112	6819
112	6820
112	6821
112	6822
112	6823
112	6824
112	6825
112	6826
112	6827
112	6828
112	6829
112	6830
112	6831
113	6832
113	6833
113	6834
113	6835
113	6836
113	6837
113	6838
113	6839
113	6840
113	6841
113	6842
113	6843
113	6844
113	6845
113	6846
113	6847
113	6848
113	6849
113	6850
113	6851
113	6852
113	6853
113	6854
113	6855
113	6856
113	6857
113	6858
113	6859
113	6860
113	6861
113	6862
113	6863
113	6864
113	6865
113	6866
113	6867
113	6868
113	6869
113	6870
113	6871
113	6872
113	6873
113	6874
113	6875
113	6876
113	6877
113	6878
113	6879
113	6880
113	6881
113	6882
113	6883
113	6884
113	6885
113	6886
113	6887
113	6888
113	6889
113	6890
113	6891
113	6892
113	6893
113	6894
114	6895
114	6896
114	6897
114	6898
114	6899
114	6900
114	6901
114	6902
114	6903
114	6904
114	6905
114	6906
114	6907
114	6908
114	6909
114	6910
114	6911
114	6912
114	6913
114	6914
114	6915
114	6916
114	6917
114	6918
114	6919
114	6920
114	6921
114	6922
114	6923
114	6924
114	6925
114	6926
114	6927
114	6928
114	6929
114	6930
114	6931
114	6932
114	6933
114	6934
114	6935
114	6936
114	6937
114	6938
114	6939
114	6940
114	6941
114	6942
114	6943
114	6944
114	6945
114	6946
114	6947
114	6948
114	6949
114	6950
114	6951
114	6952
114	6953
114	6954
114	6955
114	6956
115	6957
115	6958
115	6959
115	6960
115	6961
115	6962
115	6963
115	6964
115	6965
115	6966
115	6967
115	6968
115	6969
115	6970
115	6971
115	6972
115	6973
115	6974
115	6975
115	6976
115	6977
115	6978
115	6979
115	6980
115	6981
115	6982
115	6983
115	6984
115	6985
115	6986
115	6987
115	6988
115	6989
115	6990
115	6991
115	6992
115	6993
115	6994
115	6995
115	6996
115	6997
115	6998
115	6999
115	7000
115	7001
115	7002
115	7003
115	7004
115	7005
115	7006
115	7007
115	7008
115	7009
115	7010
115	7011
115	7012
115	7013
115	7014
115	7015
115	7016
115	7017
115	7018
115	7019
115	7020
115	7021
115	7022
115	7023
115	7024
115	7025
115	7026
115	7027
115	7028
115	7029
115	7030
115	7031
115	7032
116	7033
116	7034
116	7035
116	7036
116	7037
116	7038
116	7039
116	7040
116	7041
116	7042
116	7043
116	7044
116	7045
116	7046
116	7047
116	7048
116	7049
116	7050
116	7051
116	7052
116	7053
116	7054
116	7055
116	7056
116	7057
116	7058
116	7059
116	7060
116	7061
116	7062
116	7063
116	7064
116	7065
116	7066
116	7067
116	7068
116	7069
116	7070
116	7071
116	7072
116	7073
116	7074
116	7075
116	7076
116	7077
116	7078
116	7079
116	7080
116	7081
116	7082
116	7083
116	7084
116	7085
116	7086
117	7087
117	7088
117	7089
117	7090
117	7091
117	7092
117	7093
117	7094
117	7095
117	7096
117	7097
117	7098
117	7099
117	7100
117	7101
117	7102
117	7103
117	7104
117	7105
117	7106
117	7107
117	7108
117	7109
117	7110
117	7111
117	7112
117	7113
117	7114
117	7115
117	7116
117	7117
117	7118
117	7119
117	7120
117	7121
117	7122
117	7123
117	7124
117	7125
117	7126
117	7127
117	7128
117	7129
117	7130
117	7131
117	7132
117	7133
117	7134
117	7135
117	7136
117	7137
117	7138
117	7139
117	7140
117	7141
117	7142
117	7143
117	7144
117	7145
117	7146
117	7147
117	7148
117	7149
117	7150
117	7151
117	7152
117	7153
117	7154
117	7155
118	7156
118	7157
118	7158
118	7159
118	7160
118	7161
118	7162
118	7163
118	7164
118	7165
118	7166
118	7167
118	7168
118	7169
118	7170
118	7171
118	7172
118	7173
118	7174
118	7175
118	7176
118	7177
118	7178
118	7179
118	7180
118	7181
118	7182
118	7183
118	7184
118	7185
118	7186
118	7187
118	7188
118	7189
118	7190
118	7191
118	7192
118	7193
118	7194
118	7195
118	7196
118	7197
118	7198
118	7199
118	7200
118	7201
118	7202
118	7203
118	7204
118	7205
118	7206
118	7207
118	7208
118	7209
118	7210
118	7211
118	7212
118	7213
118	7214
119	7215
119	7216
119	7217
119	7218
119	7219
119	7220
119	7221
119	7222
119	7223
119	7224
119	7225
119	7226
119	7227
119	7228
119	7229
119	7230
119	7231
119	7232
119	7233
119	7234
119	7235
119	7236
119	7237
119	7238
119	7239
119	7240
119	7241
119	7242
119	7243
119	7244
119	7245
119	7246
119	7247
119	7248
119	7249
119	7250
119	7251
119	7252
119	7253
119	7254
119	7255
119	7256
119	7257
119	7258
119	7259
119	7260
119	7261
119	7262
119	7263
119	7264
119	7265
119	7266
119	7267
119	7268
119	7269
119	7270
119	7271
119	7272
119	7273
120	7274
120	7275
120	7276
120	7277
120	7278
120	7279
120	7280
120	7281
120	7282
120	7283
120	7284
120	7285
120	7286
120	7287
120	7288
120	7289
120	7290
120	7291
120	7292
120	7293
120	7294
120	7295
120	7296
120	7297
120	7298
120	7299
120	7300
120	7301
120	7302
120	7303
120	7304
120	7305
120	7306
120	7307
120	7308
120	7309
120	7310
120	7311
120	7312
120	7313
120	7314
120	7315
120	7316
120	7317
120	7318
120	7319
120	7320
120	7321
120	7322
120	7323
120	7324
120	7325
120	7326
120	7327
120	7328
120	7329
120	7330
120	7331
120	7332
120	7333
120	7334
120	7335
120	7336
120	7337
120	7338
120	7339
120	7340
120	7341
120	7342
120	7343
120	7344
121	7345
121	7346
121	7347
121	7348
121	7349
121	7350
121	7351
121	7352
121	7353
121	7354
121	7355
121	7356
121	7357
121	7358
121	7359
121	7360
121	7361
121	7362
121	7363
121	7364
121	7365
121	7366
121	7367
121	7368
121	7369
121	7370
121	7371
121	7372
121	7373
121	7374
121	7375
121	7376
121	7377
121	7378
121	7379
121	7380
121	7381
121	7382
121	7383
121	7384
121	7385
121	7386
121	7387
121	7388
121	7389
121	7390
121	7391
121	7392
121	7393
121	7394
121	7395
121	7396
121	7397
121	7398
121	7399
121	7400
121	7401
121	7402
121	7403
121	7404
121	7405
121	7406
121	7407
121	7408
121	7409
121	7410
121	7411
121	7412
121	7413
121	7414
121	7415
121	7416
121	7417
121	7418
121	7419
121	7420
121	7421
121	7422
121	7423
121	7424
121	7425
122	7426
122	7427
122	7428
122	7429
122	7430
122	7431
122	7432
122	7433
122	7434
122	7435
122	7436
122	7437
122	7438
122	7439
122	7440
122	7441
122	7442
122	7443
122	7444
122	7445
122	7446
122	7447
122	7448
122	7449
122	7450
122	7451
122	7452
122	7453
122	7454
122	7455
122	7456
122	7457
122	7458
122	7459
122	7460
122	7461
122	7462
122	7463
122	7464
122	7465
122	7466
122	7467
122	7468
122	7469
122	7470
122	7471
122	7472
122	7473
122	7474
122	7475
122	7476
122	7477
122	7478
122	7479
122	7480
122	7481
122	7482
122	7483
122	7484
122	7485
122	7486
122	7487
122	7488
122	7489
122	7490
122	7491
122	7492
122	7493
122	7494
122	7495
122	7496
122	7497
122	7498
122	7499
122	7500
122	7501
122	7502
122	7503
122	7504
122	7505
122	7506
122	7507
123	7508
123	7509
123	7510
123	7511
123	7512
123	7513
123	7514
123	7515
123	7516
123	7517
123	7518
123	7519
123	7520
123	7521
123	7522
123	7523
123	7524
123	7525
123	7526
123	7527
123	7528
123	7529
123	7530
123	7531
123	7532
123	7533
123	7534
123	7535
123	7536
123	7537
123	7538
123	7539
123	7540
123	7541
123	7542
123	7543
123	7544
123	7545
123	7546
123	7547
123	7548
123	7549
123	7550
123	7551
123	7552
123	7553
123	7554
123	7555
123	7556
124	7557
124	7558
124	7559
124	7560
124	7561
124	7562
124	7563
124	7564
124	7565
124	7566
124	7567
124	7568
124	7569
124	7570
124	7571
124	7572
124	7573
124	7574
124	7575
124	7576
124	7577
124	7578
124	7579
124	7580
124	7581
124	7582
124	7583
124	7584
124	7585
124	7586
124	7587
124	7588
124	7589
124	7590
124	7591
124	7592
124	7593
124	7594
124	7595
124	7596
124	7597
124	7598
124	7599
124	7600
124	7601
124	7602
124	7603
124	7604
124	7605
124	7606
124	7607
124	7608
124	7609
124	7610
124	7611
124	7612
124	7613
124	7614
124	7615
124	7616
124	7617
124	7618
124	7619
125	7620
125	7621
125	7622
125	7623
125	7624
125	7625
125	7626
125	7627
125	7628
125	7629
125	7630
125	7631
125	7632
125	7633
125	7634
125	7635
125	7636
125	7637
125	7638
125	7639
125	7640
125	7641
125	7642
125	7643
125	7644
125	7645
125	7646
125	7647
125	7648
125	7649
125	7650
125	7651
125	7652
125	7653
125	7654
125	7655
125	7656
125	7657
125	7658
125	7659
125	7660
125	7661
125	7662
126	7663
126	7664
126	7665
126	7666
126	7667
126	7668
126	7669
126	7670
126	7671
126	7672
126	7673
126	7674
126	7675
126	7676
126	7677
126	7678
126	7679
126	7680
126	7681
126	7682
126	7683
126	7684
126	7685
126	7686
126	7687
126	7688
126	7689
126	7690
126	7691
126	7692
126	7693
126	7694
126	7695
126	7696
126	7697
126	7698
126	7699
126	7700
126	7701
126	7702
127	7703
127	7704
127	7705
127	7706
127	7707
127	7708
127	7709
127	7710
127	7711
127	7712
127	7713
127	7714
127	7715
127	7716
127	7717
127	7718
127	7719
127	7720
127	7721
127	7722
127	7723
127	7724
127	7725
127	7726
127	7727
127	7728
127	7729
127	7730
127	7731
127	7732
127	7733
127	7734
127	7735
127	7736
127	7737
127	7738
127	7739
127	7740
127	7741
127	7742
127	7743
127	7744
127	7745
127	7746
127	7747
127	7748
127	7749
127	7750
127	7751
127	7752
127	7753
127	7754
127	7755
127	7756
127	7757
127	7758
127	7759
127	7760
127	7761
127	7762
127	7763
127	7764
127	7765
127	7766
127	7767
127	7768
127	7769
127	7770
128	7771
128	7772
128	7773
128	7774
128	7775
128	7776
128	7777
128	7778
128	7779
128	7780
128	7781
128	7782
128	7783
128	7784
128	7785
128	7786
128	7787
128	7788
128	7789
128	7790
128	7791
128	7792
128	7793
128	7794
128	7795
128	7796
128	7797
128	7798
128	7799
128	7800
128	7801
128	7802
128	7803
128	7804
128	7805
128	7806
128	7807
128	7808
128	7809
128	7810
128	7811
128	7812
128	7813
128	7814
128	7815
129	7816
129	7817
129	7818
129	7819
129	7820
129	7821
129	7822
129	7823
129	7824
129	7825
129	7826
129	7827
129	7828
129	7829
129	7830
129	7831
129	7832
129	7833
129	7834
129	7835
129	7836
129	7837
129	7838
129	7839
129	7840
129	7841
129	7842
129	7843
129	7844
129	7845
129	7846
129	7847
129	7848
129	7849
129	7850
129	7851
129	7852
129	7853
129	7854
129	7855
129	7856
129	7857
129	7858
129	7859
129	7860
129	7861
129	7862
129	7863
129	7864
129	7865
129	7866
129	7867
129	7868
129	7869
129	7870
129	7871
129	7872
129	7873
129	7874
129	7875
129	7876
129	7877
129	7878
129	7879
129	7880
129	7881
129	7882
129	7883
130	7884
130	7885
130	7886
130	7887
130	7888
130	7889
130	7890
130	7891
130	7892
130	7893
130	7894
130	7895
130	7896
130	7897
130	7898
130	7899
130	7900
130	7901
130	7902
130	7903
130	7904
130	7905
130	7906
130	7907
130	7908
130	7909
130	7910
130	7911
130	7912
130	7913
130	7914
130	7915
130	7916
130	7917
130	7918
130	7919
130	7920
130	7921
130	7922
130	7923
130	7924
130	7925
130	7926
130	7927
130	7928
130	7929
130	7930
130	7931
130	7932
130	7933
130	7934
130	7935
130	7936
130	7937
130	7938
130	7939
130	7940
130	7941
130	7942
130	7943
130	7944
130	7945
130	7946
130	7947
130	7948
130	7949
130	7950
130	7951
130	7952
130	7953
130	7954
130	7955
130	7956
130	7957
130	7958
130	7959
130	7960
130	7961
130	7962
130	7963
130	7964
130	7965
130	7966
130	7967
130	7968
130	7969
130	7970
130	7971
130	7972
130	7973
130	7974
130	7975
130	7976
130	7977
131	7978
131	7979
131	7980
131	7981
131	7982
131	7983
131	7984
131	7985
131	7986
131	7987
131	7988
131	7989
131	7990
131	7991
131	7992
131	7993
131	7994
131	7995
131	7996
131	7997
131	7998
131	7999
131	8000
131	8001
131	8002
131	8003
131	8004
131	8005
131	8006
131	8007
131	8008
131	8009
131	8010
131	8011
131	8012
131	8013
131	8014
131	8015
131	8016
131	8017
131	8018
131	8019
131	8020
131	8021
131	8022
131	8023
131	8024
131	8025
131	8026
131	8027
131	8028
131	8029
131	8030
131	8031
131	8032
131	8033
131	8034
131	8035
131	8036
131	8037
131	8038
131	8039
131	8040
132	8041
132	8042
132	8043
132	8044
132	8045
132	8046
132	8047
132	8048
132	8049
132	8050
132	8051
132	8052
132	8053
132	8054
132	8055
132	8056
132	8057
132	8058
132	8059
132	8060
132	8061
132	8062
132	8063
132	8064
132	8065
132	8066
132	8067
132	8068
132	8069
132	8070
132	8071
132	8072
132	8073
132	8074
132	8075
132	8076
132	8077
132	8078
132	8079
132	8080
132	8081
132	8082
132	8083
132	8084
132	8085
132	8086
132	8087
132	8088
132	8089
132	8090
132	8091
132	8092
132	8093
132	8094
132	8095
132	8096
132	8097
132	8098
132	8099
132	8100
132	8101
132	8102
132	8103
132	8104
132	8105
132	8106
133	8107
133	8108
133	8109
133	8110
133	8111
133	8112
133	8113
133	8114
133	8115
133	8116
133	8117
133	8118
133	8119
133	8120
133	8121
133	8122
133	8123
133	8124
133	8125
133	8126
133	8127
133	8128
133	8129
133	8130
133	8131
133	8132
133	8133
133	8134
133	8135
133	8136
133	8137
133	8138
133	8139
133	8140
133	8141
133	8142
133	8143
133	8144
133	8145
133	8146
133	8147
133	8148
133	8149
133	8150
133	8151
133	8152
133	8153
133	8154
133	8155
133	8156
133	8157
133	8158
133	8159
133	8160
133	8161
133	8162
133	8163
133	8164
133	8165
133	8166
133	8167
133	8168
133	8169
134	8170
134	8171
134	8172
134	8173
134	8174
134	8175
134	8176
134	8177
134	8178
134	8179
134	8180
134	8181
134	8182
134	8183
134	8184
134	8185
134	8186
134	8187
134	8188
134	8189
134	8190
134	8191
134	8192
134	8193
134	8194
134	8195
134	8196
134	8197
134	8198
134	8199
134	8200
134	8201
134	8202
134	8203
134	8204
134	8205
134	8206
134	8207
134	8208
134	8209
134	8210
134	8211
134	8212
134	8213
134	8214
134	8215
134	8216
134	8217
134	8218
134	8219
134	8220
135	8221
135	8222
135	8223
135	8224
135	8225
135	8226
135	8227
135	8228
135	8229
135	8230
135	8231
135	8232
135	8233
135	8234
135	8235
135	8236
135	8237
135	8238
135	8239
135	8240
135	8241
135	8242
135	8243
135	8244
135	8245
135	8246
135	8247
135	8248
135	8249
135	8250
135	8251
135	8252
135	8253
135	8254
135	8255
135	8256
135	8257
135	8258
135	8259
135	8260
135	8261
135	8262
135	8263
135	8264
135	8265
135	8266
135	8267
136	8268
136	8269
136	8270
136	8271
136	8272
136	8273
136	8274
136	8275
136	8276
136	8277
136	8278
136	8279
136	8280
136	8281
136	8282
136	8283
136	8284
136	8285
136	8286
136	8287
136	8288
136	8289
136	8290
136	8291
136	8292
136	8293
136	8294
136	8295
136	8296
136	8297
136	8298
136	8299
136	8300
136	8301
136	8302
136	8303
136	8304
136	8305
136	8306
136	8307
136	8308
136	8309
136	8310
136	8311
136	8312
136	8313
136	8314
136	8315
136	8316
136	8317
136	8318
136	8319
136	8320
136	8321
136	8322
136	8323
136	8324
136	8325
136	8326
136	8327
136	8328
136	8329
136	8330
136	8331
136	8332
136	8333
136	8334
136	8335
136	8336
136	8337
136	8338
136	8339
137	8340
137	8341
137	8342
137	8343
137	8344
137	8345
137	8346
137	8347
137	8348
137	8349
137	8350
137	8351
137	8352
137	8353
137	8354
137	8355
137	8356
137	8357
137	8358
137	8359
137	8360
137	8361
137	8362
137	8363
137	8364
137	8365
137	8366
137	8367
137	8368
137	8369
137	8370
137	8371
137	8372
137	8373
137	8374
137	8375
137	8376
137	8377
137	8378
137	8379
137	8380
137	8381
137	8382
137	8383
137	8384
137	8385
137	8386
137	8387
137	8388
137	8389
137	8390
137	8391
137	8392
137	8393
137	8394
137	8395
137	8396
137	8397
137	8398
137	8399
137	8400
137	8401
137	8402
137	8403
137	8404
137	8405
137	8406
137	8407
137	8408
137	8409
137	8410
137	8411
137	8412
137	8413
138	8414
138	8415
138	8416
138	8417
138	8418
138	8419
138	8420
138	8421
138	8422
138	8423
138	8424
138	8425
138	8426
138	8427
138	8428
138	8429
138	8430
138	8431
138	8432
138	8433
138	8434
138	8435
138	8436
138	8437
138	8438
138	8439
138	8440
138	8441
138	8442
138	8443
138	8444
138	8445
138	8446
138	8447
138	8448
138	8449
138	8450
138	8451
138	8452
138	8453
138	8454
138	8455
138	8456
138	8457
138	8458
138	8459
138	8460
138	8461
138	8462
138	8463
138	8464
138	8465
138	8466
138	8467
138	8468
138	8469
138	8470
138	8471
138	8472
138	8473
138	8474
138	8475
138	8476
138	8477
138	8478
138	8479
138	8480
138	8481
138	8482
138	8483
138	8484
138	8485
138	8486
139	8487
139	8488
139	8489
139	8490
139	8491
139	8492
139	8493
139	8494
139	8495
139	8496
139	8497
139	8498
139	8499
139	8500
139	8501
139	8502
139	8503
139	8504
139	8505
139	8506
139	8507
139	8508
139	8509
139	8510
139	8511
139	8512
139	8513
139	8514
139	8515
139	8516
139	8517
139	8518
139	8519
139	8520
139	8521
139	8522
139	8523
139	8524
139	8525
139	8526
139	8527
139	8528
139	8529
139	8530
139	8531
139	8532
139	8533
139	8534
139	8535
139	8536
139	8537
139	8538
139	8539
139	8540
140	8541
140	8542
140	8543
140	8544
140	8545
140	8546
140	8547
140	8548
140	8549
140	8550
140	8551
140	8552
140	8553
140	8554
140	8555
140	8556
140	8557
140	8558
140	8559
140	8560
140	8561
140	8562
140	8563
140	8564
140	8565
140	8566
140	8567
140	8568
140	8569
140	8570
140	8571
140	8572
140	8573
140	8574
140	8575
140	8576
140	8577
140	8578
140	8579
140	8580
140	8581
140	8582
140	8583
140	8584
140	8585
140	8586
140	8587
140	8588
140	8589
140	8590
140	8591
140	8592
140	8593
140	8594
140	8595
140	8596
140	8597
140	8598
140	8599
140	8600
140	8601
140	8602
140	8603
140	8604
140	8605
140	8606
140	8607
140	8608
140	8609
141	8610
141	8611
141	8612
141	8613
141	8614
141	8615
141	8616
141	8617
141	8618
141	8619
141	8620
141	8621
141	8622
141	8623
141	8624
141	8625
141	8626
141	8627
141	8628
141	8629
141	8630
141	8631
141	8632
141	8633
141	8634
141	8635
141	8636
141	8637
141	8638
141	8639
141	8640
141	8641
141	8642
141	8643
141	8644
141	8645
141	8646
141	8647
141	8648
141	8649
141	8650
141	8651
141	8652
141	8653
141	8654
141	8655
141	8656
141	8657
141	8658
141	8659
141	8660
141	8661
141	8662
141	8663
141	8664
141	8665
141	8666
141	8667
141	8668
141	8669
141	8670
141	8671
141	8672
141	8673
141	8674
141	8675
141	8676
141	8677
141	8678
141	8679
141	8680
141	8681
141	8682
141	8683
141	8684
141	8685
142	8686
142	8687
142	8688
142	8689
142	8690
142	8691
142	8692
142	8693
142	8694
142	8695
142	8696
142	8697
142	8698
142	8699
142	8700
142	8701
142	8702
142	8703
142	8704
142	8705
142	8706
142	8707
142	8708
142	8709
142	8710
142	8711
142	8712
142	8713
142	8714
142	8715
142	8716
142	8717
142	8718
142	8719
142	8720
142	8721
142	8722
142	8723
142	8724
142	8725
142	8726
142	8727
142	8728
142	8729
142	8730
142	8731
142	8732
142	8733
142	8734
142	8735
142	8736
142	8737
142	8738
142	8739
142	8740
142	8741
142	8742
142	8743
142	8744
142	8745
142	8746
142	8747
142	8748
143	8749
143	8750
143	8751
143	8752
143	8753
143	8754
143	8755
143	8756
143	8757
143	8758
143	8759
143	8760
143	8761
143	8762
143	8763
143	8764
143	8765
143	8766
143	8767
143	8768
143	8769
143	8770
143	8771
143	8772
143	8773
143	8774
143	8775
143	8776
143	8777
143	8778
143	8779
143	8780
143	8781
143	8782
143	8783
143	8784
143	8785
143	8786
143	8787
143	8788
143	8789
143	8790
143	8791
143	8792
143	8793
143	8794
143	8795
143	8796
143	8797
143	8798
143	8799
143	8800
143	8801
143	8802
143	8803
143	8804
143	8805
143	8806
143	8807
143	8808
143	8809
143	8810
143	8811
143	8812
143	8813
143	8814
143	8815
143	8816
143	8817
143	8818
143	8819
143	8820
143	8821
143	8822
143	8823
143	8824
143	8825
143	8826
143	8827
143	8828
143	8829
143	8830
143	8831
143	8832
143	8833
143	8834
143	8835
144	8836
144	8837
144	8838
144	8839
144	8840
144	8841
144	8842
144	8843
144	8844
144	8845
144	8846
144	8847
144	8848
144	8849
144	8850
144	8851
144	8852
144	8853
144	8854
144	8855
144	8856
144	8857
144	8858
144	8859
144	8860
144	8861
144	8862
144	8863
144	8864
144	8865
144	8866
144	8867
144	8868
144	8869
144	8870
144	8871
144	8872
144	8873
144	8874
144	8875
144	8876
144	8877
144	8878
144	8879
144	8880
144	8881
144	8882
144	8883
144	8884
144	8885
144	8886
144	8887
144	8888
144	8889
144	8890
144	8891
144	8892
144	8893
144	8894
144	8895
144	8896
144	8897
144	8898
144	8899
144	8900
144	8901
144	8902
144	8903
144	8904
144	8905
144	8906
144	8907
144	8908
144	8909
144	8910
144	8911
144	8912
144	8913
144	8914
144	8915
144	8916
144	8917
144	8918
144	8919
144	8920
144	8921
145	8922
145	8923
145	8924
145	8925
145	8926
145	8927
145	8928
145	8929
145	8930
145	8931
145	8932
145	8933
145	8934
145	8935
145	8936
145	8937
145	8938
145	8939
145	8940
145	8941
145	8942
145	8943
145	8944
145	8945
145	8946
145	8947
145	8948
145	8949
145	8950
145	8951
145	8952
145	8953
145	8954
145	8955
145	8956
145	8957
145	8958
145	8959
145	8960
145	8961
145	8962
145	8963
145	8964
145	8965
145	8966
145	8967
145	8968
145	8969
145	8970
145	8971
145	8972
145	8973
145	8974
145	8975
145	8976
145	8977
145	8978
145	8979
145	8980
145	8981
145	8982
145	8983
145	8984
145	8985
145	8986
145	8987
145	8988
145	8989
146	8990
146	8991
146	8992
146	8993
146	8994
146	8995
146	8996
146	8997
146	8998
146	8999
146	9000
146	9001
146	9002
146	9003
146	9004
146	9005
146	9006
146	9007
146	9008
146	9009
146	9010
146	9011
146	9012
146	9013
146	9014
146	9015
146	9016
146	9017
146	9018
146	9019
146	9020
146	9021
146	9022
146	9023
146	9024
146	9025
146	9026
146	9027
146	9028
146	9029
146	9030
146	9031
146	9032
146	9033
146	9034
146	9035
146	9036
146	9037
146	9038
146	9039
146	9040
146	9041
146	9042
146	9043
146	9044
146	9045
146	9046
146	9047
146	9048
146	9049
146	9050
146	9051
146	9052
146	9053
146	9054
146	9055
146	9056
147	9057
147	9058
147	9059
147	9060
147	9061
147	9062
147	9063
147	9064
147	9065
147	9066
147	9067
147	9068
147	9069
147	9070
147	9071
147	9072
147	9073
147	9074
147	9075
147	9076
147	9077
147	9078
147	9079
147	9080
147	9081
147	9082
147	9083
147	9084
147	9085
147	9086
147	9087
147	9088
147	9089
147	9090
147	9091
147	9092
147	9093
147	9094
147	9095
147	9096
147	9097
147	9098
147	9099
147	9100
147	9101
147	9102
147	9103
147	9104
147	9105
147	9106
147	9107
147	9108
147	9109
147	9110
147	9111
147	9112
147	9113
147	9114
147	9115
147	9116
147	9117
147	9118
147	9119
148	9120
148	9121
148	9122
148	9123
148	9124
148	9125
148	9126
148	9127
148	9128
148	9129
148	9130
148	9131
148	9132
148	9133
148	9134
148	9135
148	9136
148	9137
148	9138
148	9139
148	9140
148	9141
148	9142
148	9143
148	9144
148	9145
148	9146
148	9147
148	9148
148	9149
148	9150
148	9151
148	9152
148	9153
148	9154
148	9155
148	9156
148	9157
148	9158
148	9159
148	9160
148	9161
148	9162
148	9163
148	9164
148	9165
148	9166
148	9167
148	9168
148	9169
148	9170
148	9171
148	9172
148	9173
148	9174
148	9175
148	9176
148	9177
148	9178
148	9179
148	9180
148	9181
148	9182
148	9183
148	9184
149	9185
149	9186
149	9187
149	9188
149	9189
149	9190
149	9191
149	9192
149	9193
149	9194
149	9195
149	9196
149	9197
149	9198
149	9199
149	9200
149	9201
149	9202
149	9203
149	9204
149	9205
149	9206
149	9207
149	9208
149	9209
149	9210
149	9211
149	9212
149	9213
149	9214
149	9215
149	9216
149	9217
149	9218
149	9219
149	9220
149	9221
149	9222
149	9223
149	9224
149	9225
149	9226
149	9227
149	9228
149	9229
149	9230
149	9231
149	9232
149	9233
149	9234
149	9235
149	9236
149	9237
149	9238
150	9239
150	9240
150	9241
150	9242
150	9243
150	9244
150	9245
150	9246
150	9247
150	9248
150	9249
150	9250
150	9251
150	9252
150	9253
150	9254
150	9255
150	9256
150	9257
150	9258
150	9259
150	9260
150	9261
150	9262
150	9263
150	9264
150	9265
150	9266
150	9267
150	9268
150	9269
150	9270
150	9271
150	9272
150	9273
150	9274
150	9275
150	9276
150	9277
150	9278
150	9279
150	9280
150	9281
150	9282
150	9283
150	9284
150	9285
150	9286
150	9287
150	9288
150	9289
150	9290
150	9291
150	9292
150	9293
150	9294
150	9295
150	9296
150	9297
150	9298
150	9299
151	9300
151	9301
151	9302
151	9303
151	9304
151	9305
151	9306
151	9307
151	9308
151	9309
151	9310
151	9311
151	9312
151	9313
151	9314
151	9315
151	9316
151	9317
151	9318
151	9319
151	9320
151	9321
151	9322
151	9323
151	9324
151	9325
151	9326
151	9327
151	9328
151	9329
151	9330
151	9331
151	9332
151	9333
151	9334
151	9335
151	9336
151	9337
151	9338
151	9339
151	9340
151	9341
151	9342
151	9343
151	9344
151	9345
151	9346
151	9347
151	9348
151	9349
151	9350
151	9351
151	9352
151	9353
151	9354
151	9355
151	9356
151	9357
151	9358
151	9359
151	9360
151	9361
151	9362
151	9363
151	9364
151	9365
151	9366
151	9367
151	9368
151	9369
151	9370
152	9371
152	9372
152	9373
152	9374
152	9375
152	9376
152	9377
152	9378
152	9379
152	9380
152	9381
152	9382
152	9383
152	9384
152	9385
152	9386
152	9387
152	9388
152	9389
152	9390
152	9391
152	9392
152	9393
152	9394
152	9395
152	9396
152	9397
152	9398
152	9399
152	9400
152	9401
152	9402
152	9403
152	9404
152	9405
152	9406
152	9407
152	9408
152	9409
152	9410
152	9411
152	9412
152	9413
152	9414
152	9415
152	9416
152	9417
152	9418
152	9419
152	9420
152	9421
152	9422
152	9423
152	9424
152	9425
152	9426
153	9427
153	9428
153	9429
153	9430
153	9431
153	9432
153	9433
153	9434
153	9435
153	9436
153	9437
153	9438
153	9439
153	9440
153	9441
153	9442
153	9443
153	9444
153	9445
153	9446
153	9447
153	9448
153	9449
153	9450
153	9451
153	9452
153	9453
153	9454
153	9455
153	9456
153	9457
153	9458
153	9459
153	9460
153	9461
153	9462
153	9463
153	9464
153	9465
153	9466
153	9467
153	9468
153	9469
153	9470
153	9471
153	9472
153	9473
153	9474
153	9475
153	9476
153	9477
153	9478
153	9479
153	9480
153	9481
153	9482
153	9483
153	9484
153	9485
153	9486
153	9487
153	9488
153	9489
154	9490
154	9491
154	9492
154	9493
154	9494
154	9495
154	9496
154	9497
154	9498
154	9499
154	9500
154	9501
154	9502
154	9503
154	9504
154	9505
154	9506
154	9507
154	9508
154	9509
154	9510
154	9511
154	9512
154	9513
154	9514
154	9515
154	9516
154	9517
154	9518
154	9519
154	9520
154	9521
154	9522
154	9523
154	9524
154	9525
154	9526
154	9527
154	9528
154	9529
154	9530
154	9531
154	9532
154	9533
154	9534
154	9535
154	9536
154	9537
154	9538
154	9539
154	9540
154	9541
154	9542
154	9543
154	9544
154	9545
154	9546
154	9547
154	9548
154	9549
154	9550
154	9551
154	9552
154	9553
154	9554
154	9555
154	9556
154	9557
154	9558
154	9559
154	9560
154	9561
154	9562
154	9563
154	9564
154	9565
154	9566
154	9567
154	9568
154	9569
155	9570
155	9571
155	9572
155	9573
155	9574
155	9575
155	9576
155	9577
155	9578
155	9579
155	9580
155	9581
155	9582
155	9583
155	9584
155	9585
155	9586
155	9587
155	9588
155	9589
155	9590
155	9591
155	9592
155	9593
155	9594
155	9595
155	9596
155	9597
155	9598
155	9599
155	9600
155	9601
155	9602
155	9603
155	9604
155	9605
155	9606
155	9607
155	9608
155	9609
155	9610
155	9611
155	9612
155	9613
155	9614
155	9615
155	9616
155	9617
155	9618
155	9619
155	9620
155	9621
155	9622
155	9623
155	9624
155	9625
155	9626
155	9627
155	9628
155	9629
155	9630
156	9631
156	9632
156	9633
156	9634
156	9635
156	9636
156	9637
156	9638
156	9639
156	9640
156	9641
156	9642
156	9643
156	9644
156	9645
156	9646
156	9647
156	9648
156	9649
156	9650
156	9651
156	9652
156	9653
156	9654
156	9655
156	9656
156	9657
156	9658
156	9659
156	9660
156	9661
156	9662
156	9663
156	9664
156	9665
156	9666
156	9667
156	9668
156	9669
156	9670
156	9671
156	9672
156	9673
156	9674
156	9675
156	9676
156	9677
156	9678
156	9679
156	9680
156	9681
156	9682
156	9683
156	9684
156	9685
157	9686
157	9687
157	9688
157	9689
157	9690
157	9691
157	9692
157	9693
157	9694
157	9695
157	9696
157	9697
157	9698
157	9699
157	9700
157	9701
157	9702
157	9703
157	9704
157	9705
157	9706
157	9707
157	9708
157	9709
157	9710
157	9711
157	9712
157	9713
157	9714
157	9715
157	9716
157	9717
157	9718
157	9719
157	9720
157	9721
157	9722
157	9723
157	9724
157	9725
157	9726
157	9727
157	9728
157	9729
157	9730
157	9731
157	9732
157	9733
157	9734
157	9735
157	9736
157	9737
157	9738
157	9739
158	9740
158	9741
158	9742
158	9743
158	9744
158	9745
158	9746
158	9747
158	9748
158	9749
158	9750
158	9751
158	9752
158	9753
158	9754
158	9755
158	9756
158	9757
158	9758
158	9759
158	9760
158	9761
158	9762
158	9763
158	9764
158	9765
158	9766
158	9767
158	9768
158	9769
158	9770
158	9771
158	9772
158	9773
158	9774
158	9775
158	9776
158	9777
158	9778
158	9779
158	9780
158	9781
158	9782
158	9783
158	9784
158	9785
158	9786
158	9787
158	9788
158	9789
158	9790
158	9791
158	9792
158	9793
158	9794
158	9795
158	9796
158	9797
158	9798
158	9799
158	9800
158	9801
158	9802
158	9803
158	9804
158	9805
159	9806
159	9807
159	9808
159	9809
159	9810
159	9811
159	9812
159	9813
159	9814
159	9815
159	9816
159	9817
159	9818
159	9819
159	9820
159	9821
159	9822
159	9823
159	9824
159	9825
159	9826
159	9827
159	9828
159	9829
159	9830
159	9831
159	9832
159	9833
159	9834
159	9835
159	9836
159	9837
159	9838
159	9839
159	9840
159	9841
159	9842
159	9843
159	9844
159	9845
159	9846
159	9847
159	9848
159	9849
159	9850
159	9851
159	9852
159	9853
159	9854
159	9855
159	9856
159	9857
159	9858
159	9859
159	9860
160	9861
160	9862
160	9863
160	9864
160	9865
160	9866
160	9867
160	9868
160	9869
160	9870
160	9871
160	9872
160	9873
160	9874
160	9875
160	9876
160	9877
160	9878
160	9879
160	9880
160	9881
160	9882
160	9883
160	9884
160	9885
160	9886
160	9887
160	9888
160	9889
160	9890
160	9891
160	9892
160	9893
160	9894
160	9895
160	9896
160	9897
160	9898
160	9899
160	9900
160	9901
160	9902
160	9903
160	9904
160	9905
160	9906
160	9907
160	9908
160	9909
160	9910
160	9911
160	9912
160	9913
160	9914
160	9915
160	9916
160	9917
160	9918
160	9919
160	9920
160	9921
160	9922
160	9923
160	9924
160	9925
160	9926
160	9927
160	9928
160	9929
160	9930
160	9931
161	9932
161	9933
161	9934
161	9935
161	9936
161	9937
161	9938
161	9939
161	9940
161	9941
161	9942
161	9943
161	9944
161	9945
161	9946
161	9947
161	9948
161	9949
161	9950
161	9951
161	9952
161	9953
161	9954
161	9955
161	9956
161	9957
161	9958
161	9959
161	9960
161	9961
161	9962
161	9963
161	9964
161	9965
161	9966
161	9967
161	9968
161	9969
161	9970
161	9971
161	9972
161	9973
161	9974
161	9975
161	9976
161	9977
161	9978
161	9979
161	9980
161	9981
161	9982
161	9983
161	9984
161	9985
161	9986
161	9987
161	9988
161	9989
161	9990
161	9991
161	9992
161	9993
161	9994
161	9995
161	9996
161	9997
161	9998
161	9999
161	10000
161	10001
161	10002
161	10003
161	10004
161	10005
162	10006
162	10007
162	10008
162	10009
162	10010
162	10011
162	10012
162	10013
162	10014
162	10015
162	10016
162	10017
162	10018
162	10019
162	10020
162	10021
162	10022
162	10023
162	10024
162	10025
162	10026
162	10027
162	10028
162	10029
162	10030
162	10031
162	10032
162	10033
162	10034
162	10035
162	10036
162	10037
162	10038
162	10039
162	10040
162	10041
162	10042
162	10043
162	10044
162	10045
162	10046
162	10047
162	10048
162	10049
162	10050
162	10051
163	10052
163	10053
163	10054
163	10055
163	10056
163	10057
163	10058
163	10059
163	10060
163	10061
163	10062
163	10063
163	10064
163	10065
163	10066
163	10067
163	10068
163	10069
163	10070
163	10071
163	10072
163	10073
163	10074
163	10075
163	10076
163	10077
163	10078
163	10079
163	10080
163	10081
163	10082
163	10083
163	10084
163	10085
163	10086
163	10087
163	10088
163	10089
163	10090
163	10091
163	10092
163	10093
163	10094
163	10095
163	10096
163	10097
163	10098
164	10099
164	10100
164	10101
164	10102
164	10103
164	10104
164	10105
164	10106
164	10107
164	10108
164	10109
164	10110
164	10111
164	10112
164	10113
164	10114
164	10115
164	10116
164	10117
164	10118
164	10119
164	10120
164	10121
164	10122
164	10123
164	10124
164	10125
164	10126
164	10127
164	10128
164	10129
164	10130
164	10131
164	10132
164	10133
164	10134
164	10135
164	10136
164	10137
164	10138
164	10139
164	10140
164	10141
164	10142
164	10143
164	10144
164	10145
164	10146
164	10147
164	10148
164	10149
164	10150
164	10151
164	10152
164	10153
164	10154
164	10155
164	10156
164	10157
164	10158
164	10159
164	10160
164	10161
164	10162
164	10163
164	10164
164	10165
164	10166
164	10167
164	10168
164	10169
164	10170
164	10171
164	10172
164	10173
164	10174
164	10175
164	10176
164	10177
164	10178
164	10179
164	10180
164	10181
164	10182
164	10183
164	10184
165	10185
165	10186
165	10187
165	10188
165	10189
165	10190
165	10191
165	10192
165	10193
165	10194
165	10195
165	10196
165	10197
165	10198
165	10199
165	10200
165	10201
165	10202
165	10203
165	10204
165	10205
165	10206
165	10207
165	10208
165	10209
165	10210
165	10211
165	10212
165	10213
165	10214
165	10215
165	10216
165	10217
165	10218
165	10219
165	10220
165	10221
165	10222
165	10223
165	10224
165	10225
165	10226
165	10227
165	10228
165	10229
165	10230
165	10231
165	10232
165	10233
165	10234
165	10235
165	10236
165	10237
165	10238
165	10239
165	10240
165	10241
165	10242
165	10243
165	10244
165	10245
165	10246
166	10247
166	10248
166	10249
166	10250
166	10251
166	10252
166	10253
166	10254
166	10255
166	10256
166	10257
166	10258
166	10259
166	10260
166	10261
166	10262
166	10263
166	10264
166	10265
166	10266
166	10267
166	10268
166	10269
166	10270
166	10271
166	10272
166	10273
166	10274
166	10275
166	10276
166	10277
166	10278
166	10279
166	10280
166	10281
166	10282
166	10283
166	10284
166	10285
166	10286
166	10287
166	10288
166	10289
166	10290
166	10291
166	10292
166	10293
166	10294
166	10295
166	10296
166	10297
166	10298
166	10299
166	10300
166	10301
166	10302
166	10303
166	10304
166	10305
166	10306
166	10307
166	10308
166	10309
166	10310
166	10311
166	10312
166	10313
166	10314
166	10315
166	10316
166	10317
166	10318
166	10319
166	10320
166	10321
167	10322
167	10323
167	10324
167	10325
167	10326
167	10327
167	10328
167	10329
167	10330
167	10331
167	10332
167	10333
167	10334
167	10335
167	10336
167	10337
167	10338
167	10339
167	10340
167	10341
167	10342
167	10343
167	10344
167	10345
167	10346
167	10347
167	10348
167	10349
167	10350
167	10351
167	10352
167	10353
167	10354
167	10355
167	10356
167	10357
167	10358
167	10359
167	10360
167	10361
167	10362
167	10363
167	10364
167	10365
167	10366
167	10367
167	10368
167	10369
167	10370
167	10371
167	10372
167	10373
167	10374
168	10375
168	10376
168	10377
168	10378
168	10379
168	10380
168	10381
168	10382
168	10383
168	10384
168	10385
168	10386
168	10387
168	10388
168	10389
168	10390
168	10391
168	10392
168	10393
168	10394
168	10395
168	10396
168	10397
168	10398
168	10399
168	10400
168	10401
168	10402
168	10403
168	10404
168	10405
168	10406
168	10407
168	10408
168	10409
168	10410
168	10411
168	10412
168	10413
168	10414
168	10415
168	10416
168	10417
168	10418
168	10419
168	10420
168	10421
168	10422
168	10423
168	10424
168	10425
168	10426
168	10427
168	10428
168	10429
168	10430
168	10431
168	10432
168	10433
168	10434
168	10435
168	10436
168	10437
168	10438
168	10439
168	10440
169	10441
169	10442
169	10443
169	10444
169	10445
169	10446
169	10447
169	10448
169	10449
169	10450
169	10451
169	10452
169	10453
169	10454
169	10455
169	10456
169	10457
169	10458
169	10459
169	10460
169	10461
169	10462
169	10463
169	10464
169	10465
169	10466
169	10467
169	10468
169	10469
169	10470
169	10471
169	10472
169	10473
169	10474
169	10475
170	10476
170	10477
170	10478
170	10479
170	10480
170	10481
170	10482
170	10483
170	10484
170	10485
170	10486
170	10487
170	10488
170	10489
170	10490
170	10491
170	10492
170	10493
170	10494
170	10495
170	10496
170	10497
170	10498
170	10499
170	10500
170	10501
170	10502
170	10503
170	10504
170	10505
170	10506
170	10507
170	10508
170	10509
170	10510
170	10511
170	10512
170	10513
170	10514
170	10515
170	10516
170	10517
170	10518
170	10519
170	10520
170	10521
170	10522
170	10523
170	10524
170	10525
170	10526
170	10527
170	10528
170	10529
170	10530
170	10531
170	10532
170	10533
170	10534
170	10535
170	10536
170	10537
170	10538
171	10539
171	10540
171	10541
171	10542
171	10543
171	10544
171	10545
171	10546
171	10547
171	10548
171	10549
171	10550
171	10551
171	10552
171	10553
171	10554
171	10555
171	10556
171	10557
171	10558
171	10559
171	10560
171	10561
171	10562
171	10563
171	10564
171	10565
171	10566
171	10567
171	10568
171	10569
171	10570
171	10571
171	10572
171	10573
171	10574
171	10575
171	10576
171	10577
171	10578
171	10579
171	10580
171	10581
171	10582
171	10583
171	10584
171	10585
171	10586
171	10587
171	10588
171	10589
171	10590
171	10591
171	10592
171	10593
171	10594
171	10595
171	10596
171	10597
171	10598
171	10599
172	10600
172	10601
172	10602
172	10603
172	10604
172	10605
172	10606
172	10607
172	10608
172	10609
172	10610
172	10611
172	10612
172	10613
172	10614
172	10615
172	10616
172	10617
172	10618
172	10619
172	10620
172	10621
172	10622
172	10623
172	10624
172	10625
172	10626
172	10627
172	10628
172	10629
172	10630
172	10631
172	10632
172	10633
172	10634
172	10635
172	10636
172	10637
172	10638
172	10639
172	10640
172	10641
172	10642
172	10643
172	10644
172	10645
172	10646
172	10647
172	10648
172	10649
172	10650
172	10651
172	10652
172	10653
173	10654
173	10655
173	10656
173	10657
173	10658
173	10659
173	10660
173	10661
173	10662
173	10663
173	10664
173	10665
173	10666
173	10667
173	10668
173	10669
173	10670
173	10671
173	10672
173	10673
173	10674
173	10675
173	10676
173	10677
173	10678
173	10679
173	10680
173	10681
173	10682
173	10683
173	10684
173	10685
173	10686
173	10687
173	10688
173	10689
173	10690
173	10691
173	10692
173	10693
173	10694
173	10695
173	10696
173	10697
173	10698
173	10699
173	10700
173	10701
173	10702
173	10703
173	10704
173	10705
173	10706
173	10707
173	10708
173	10709
173	10710
173	10711
173	10712
173	10713
173	10714
173	10715
173	10716
173	10717
173	10718
173	10719
173	10720
173	10721
173	10722
173	10723
173	10724
173	10725
173	10726
173	10727
173	10728
173	10729
173	10730
173	10731
173	10732
173	10733
173	10734
174	10735
174	10736
174	10737
174	10738
174	10739
174	10740
174	10741
174	10742
174	10743
174	10744
174	10745
174	10746
174	10747
174	10748
174	10749
174	10750
174	10751
174	10752
174	10753
174	10754
174	10755
174	10756
174	10757
174	10758
174	10759
174	10760
174	10761
174	10762
174	10763
174	10764
174	10765
174	10766
174	10767
174	10768
174	10769
174	10770
174	10771
174	10772
174	10773
174	10774
174	10775
174	10776
174	10777
174	10778
174	10779
174	10780
174	10781
174	10782
174	10783
174	10784
174	10785
174	10786
174	10787
174	10788
174	10789
174	10790
174	10791
174	10792
174	10793
174	10794
174	10795
174	10796
174	10797
174	10798
174	10799
174	10800
174	10801
174	10802
174	10803
174	10804
174	10805
175	10806
175	10807
175	10808
175	10809
175	10810
175	10811
175	10812
175	10813
175	10814
175	10815
175	10816
175	10817
175	10818
175	10819
175	10820
175	10821
175	10822
175	10823
175	10824
175	10825
175	10826
175	10827
175	10828
175	10829
175	10830
175	10831
175	10832
175	10833
175	10834
175	10835
175	10836
175	10837
175	10838
175	10839
175	10840
175	10841
175	10842
175	10843
175	10844
175	10845
175	10846
175	10847
175	10848
175	10849
175	10850
175	10851
175	10852
175	10853
175	10854
175	10855
175	10856
175	10857
175	10858
175	10859
175	10860
175	10861
175	10862
175	10863
175	10864
175	10865
175	10866
175	10867
175	10868
175	10869
175	10870
175	10871
175	10872
175	10873
175	10874
175	10875
175	10876
175	10877
175	10878
175	10879
175	10880
175	10881
176	10882
176	10883
176	10884
176	10885
176	10886
176	10887
176	10888
176	10889
176	10890
176	10891
176	10892
176	10893
176	10894
176	10895
176	10896
176	10897
176	10898
176	10899
176	10900
176	10901
176	10902
176	10903
176	10904
176	10905
176	10906
176	10907
176	10908
176	10909
176	10910
176	10911
176	10912
176	10913
176	10914
176	10915
176	10916
176	10917
176	10918
176	10919
176	10920
176	10921
176	10922
176	10923
176	10924
176	10925
176	10926
176	10927
176	10928
176	10929
176	10930
176	10931
176	10932
176	10933
176	10934
176	10935
176	10936
176	10937
176	10938
176	10939
176	10940
176	10941
176	10942
176	10943
176	10944
176	10945
176	10946
176	10947
176	10948
177	10949
177	10950
177	10951
177	10952
177	10953
177	10954
177	10955
177	10956
177	10957
177	10958
177	10959
177	10960
177	10961
177	10962
177	10963
177	10964
177	10965
177	10966
177	10967
177	10968
177	10969
177	10970
177	10971
177	10972
177	10973
177	10974
177	10975
177	10976
177	10977
177	10978
177	10979
177	10980
177	10981
177	10982
177	10983
177	10984
177	10985
177	10986
177	10987
177	10988
177	10989
177	10990
177	10991
177	10992
177	10993
177	10994
177	10995
177	10996
177	10997
177	10998
178	10999
178	11000
178	11001
178	11002
178	11003
178	11004
178	11005
178	11006
178	11007
178	11008
178	11009
178	11010
178	11011
178	11012
178	11013
178	11014
178	11015
178	11016
178	11017
178	11018
178	11019
178	11020
178	11021
178	11022
178	11023
178	11024
178	11025
178	11026
178	11027
178	11028
178	11029
178	11030
178	11031
178	11032
178	11033
178	11034
178	11035
178	11036
178	11037
178	11038
178	11039
178	11040
178	11041
178	11042
178	11043
178	11044
178	11045
178	11046
178	11047
178	11048
178	11049
178	11050
178	11051
178	11052
178	11053
178	11054
178	11055
178	11056
178	11057
178	11058
178	11059
178	11060
178	11061
178	11062
179	11063
179	11064
179	11065
179	11066
179	11067
179	11068
179	11069
179	11070
179	11071
179	11072
179	11073
179	11074
179	11075
179	11076
179	11077
179	11078
179	11079
179	11080
179	11081
179	11082
179	11083
179	11084
179	11085
179	11086
179	11087
179	11088
179	11089
179	11090
179	11091
179	11092
179	11093
179	11094
179	11095
179	11096
179	11097
179	11098
179	11099
179	11100
179	11101
179	11102
179	11103
179	11104
179	11105
179	11106
179	11107
179	11108
179	11109
179	11110
179	11111
179	11112
179	11113
179	11114
179	11115
179	11116
179	11117
179	11118
179	11119
179	11120
179	11121
179	11122
179	11123
179	11124
179	11125
179	11126
179	11127
179	11128
179	11129
179	11130
179	11131
179	11132
179	11133
179	11134
179	11135
179	11136
179	11137
179	11138
179	11139
179	11140
180	11141
180	11142
180	11143
180	11144
180	11145
180	11146
180	11147
180	11148
180	11149
180	11150
180	11151
180	11152
180	11153
180	11154
180	11155
180	11156
180	11157
180	11158
180	11159
180	11160
180	11161
180	11162
180	11163
180	11164
180	11165
180	11166
180	11167
180	11168
180	11169
180	11170
180	11171
180	11172
180	11173
180	11174
180	11175
180	11176
180	11177
180	11178
180	11179
180	11180
180	11181
180	11182
180	11183
180	11184
180	11185
180	11186
180	11187
180	11188
180	11189
180	11190
180	11191
180	11192
180	11193
180	11194
180	11195
180	11196
180	11197
180	11198
180	11199
180	11200
180	11201
180	11202
180	11203
180	11204
180	11205
180	11206
180	11207
180	11208
180	11209
180	11210
180	11211
180	11212
181	11213
181	11214
181	11215
181	11216
181	11217
181	11218
181	11219
181	11220
181	11221
181	11222
181	11223
181	11224
181	11225
181	11226
181	11227
181	11228
181	11229
181	11230
181	11231
181	11232
181	11233
181	11234
181	11235
181	11236
181	11237
181	11238
181	11239
181	11240
181	11241
181	11242
181	11243
181	11244
181	11245
181	11246
181	11247
181	11248
181	11249
181	11250
181	11251
181	11252
181	11253
181	11254
181	11255
181	11256
181	11257
181	11258
181	11259
181	11260
181	11261
181	11262
181	11263
181	11264
181	11265
181	11266
181	11267
181	11268
181	11269
181	11270
181	11271
181	11272
181	11273
181	11274
181	11275
181	11276
182	11277
182	11278
182	11279
182	11280
182	11281
182	11282
182	11283
182	11284
182	11285
182	11286
182	11287
182	11288
182	11289
182	11290
182	11291
182	11292
182	11293
182	11294
182	11295
182	11296
182	11297
182	11298
182	11299
182	11300
182	11301
182	11302
182	11303
182	11304
182	11305
182	11306
182	11307
182	11308
182	11309
182	11310
182	11311
182	11312
182	11313
182	11314
182	11315
182	11316
182	11317
182	11318
182	11319
182	11320
182	11321
183	11322
183	11323
183	11324
183	11325
183	11326
183	11327
183	11328
183	11329
183	11330
183	11331
183	11332
183	11333
183	11334
183	11335
183	11336
183	11337
183	11338
183	11339
183	11340
183	11341
183	11342
183	11343
183	11344
183	11345
183	11346
183	11347
183	11348
183	11349
183	11350
183	11351
183	11352
183	11353
183	11354
183	11355
183	11356
184	11357
184	11358
184	11359
184	11360
184	11361
184	11362
184	11363
184	11364
184	11365
184	11366
184	11367
184	11368
184	11369
184	11370
184	11371
184	11372
184	11373
184	11374
184	11375
184	11376
184	11377
184	11378
184	11379
184	11380
184	11381
184	11382
184	11383
184	11384
184	11385
184	11386
184	11387
184	11388
184	11389
184	11390
184	11391
184	11392
184	11393
184	11394
184	11395
184	11396
184	11397
184	11398
184	11399
184	11400
184	11401
184	11402
184	11403
184	11404
184	11405
184	11406
184	11407
184	11408
184	11409
184	11410
184	11411
184	11412
184	11413
184	11414
184	11415
184	11416
184	11417
184	11418
184	11419
184	11420
184	11421
184	11422
184	11423
184	11424
184	11425
184	11426
184	11427
184	11428
184	11429
184	11430
184	11431
184	11432
184	11433
184	11434
184	11435
184	11436
185	11437
185	11438
185	11439
185	11440
185	11441
185	11442
185	11443
185	11444
185	11445
185	11446
185	11447
185	11448
185	11449
185	11450
185	11451
185	11452
185	11453
185	11454
185	11455
185	11456
185	11457
185	11458
185	11459
185	11460
185	11461
185	11462
185	11463
185	11464
185	11465
185	11466
185	11467
185	11468
185	11469
185	11470
185	11471
185	11472
185	11473
185	11474
185	11475
185	11476
185	11477
185	11478
185	11479
185	11480
185	11481
185	11482
185	11483
185	11484
185	11485
185	11486
185	11487
185	11488
185	11489
185	11490
185	11491
185	11492
185	11493
185	11494
185	11495
185	11496
185	11497
185	11498
185	11499
185	11500
185	11501
185	11502
185	11503
185	11504
185	11505
185	11506
185	11507
185	11508
185	11509
185	11510
185	11511
185	11512
185	11513
185	11514
185	11515
185	11516
185	11517
186	11518
186	11519
186	11520
186	11521
186	11522
186	11523
186	11524
186	11525
186	11526
186	11527
186	11528
186	11529
186	11530
186	11531
186	11532
186	11533
186	11534
186	11535
186	11536
186	11537
186	11538
186	11539
186	11540
186	11541
186	11542
186	11543
186	11544
186	11545
186	11546
186	11547
186	11548
186	11549
186	11550
187	11551
187	11552
187	11553
187	11554
187	11555
187	11556
187	11557
187	11558
187	11559
187	11560
187	11561
187	11562
187	11563
187	11564
187	11565
187	11566
187	11567
187	11568
187	11569
187	11570
187	11571
187	11572
187	11573
187	11574
187	11575
187	11576
187	11577
187	11578
187	11579
187	11580
187	11581
187	11582
187	11583
187	11584
187	11585
187	11586
187	11587
187	11588
187	11589
187	11590
187	11591
187	11592
187	11593
187	11594
187	11595
187	11596
187	11597
187	11598
187	11599
187	11600
187	11601
187	11602
187	11603
187	11604
187	11605
187	11606
187	11607
187	11608
187	11609
187	11610
187	11611
187	11612
187	11613
187	11614
187	11615
187	11616
187	11617
187	11618
187	11619
187	11620
187	11621
187	11622
187	11623
187	11624
187	11625
187	11626
187	11627
187	11628
187	11629
187	11630
188	11631
188	11632
188	11633
188	11634
188	11635
188	11636
188	11637
188	11638
188	11639
188	11640
188	11641
188	11642
188	11643
188	11644
188	11645
188	11646
188	11647
188	11648
188	11649
188	11650
188	11651
188	11652
188	11653
188	11654
188	11655
188	11656
188	11657
188	11658
188	11659
188	11660
188	11661
188	11662
188	11663
188	11664
188	11665
188	11666
188	11667
188	11668
188	11669
188	11670
188	11671
188	11672
188	11673
188	11674
188	11675
188	11676
188	11677
188	11678
188	11679
189	11680
189	11681
189	11682
189	11683
189	11684
189	11685
189	11686
189	11687
189	11688
189	11689
189	11690
189	11691
189	11692
189	11693
189	11694
189	11695
189	11696
189	11697
189	11698
189	11699
189	11700
189	11701
189	11702
189	11703
189	11704
189	11705
189	11706
189	11707
189	11708
189	11709
189	11710
189	11711
189	11712
189	11713
189	11714
189	11715
189	11716
189	11717
189	11718
189	11719
189	11720
189	11721
189	11722
189	11723
189	11724
189	11725
189	11726
189	11727
189	11728
189	11729
189	11730
189	11731
189	11732
189	11733
189	11734
189	11735
189	11736
189	11737
189	11738
189	11739
189	11740
189	11741
189	11742
189	11743
189	11744
189	11745
189	11746
189	11747
189	11748
189	11749
189	11750
189	11751
189	11752
189	11753
189	11754
189	11755
189	11756
189	11757
189	11758
189	11759
189	11760
189	11761
190	11762
190	11763
190	11764
190	11765
190	11766
190	11767
190	11768
190	11769
190	11770
190	11771
190	11772
190	11773
190	11774
190	11775
190	11776
190	11777
190	11778
190	11779
190	11780
190	11781
190	11782
190	11783
190	11784
190	11785
190	11786
190	11787
190	11788
190	11789
190	11790
190	11791
190	11792
190	11793
190	11794
190	11795
190	11796
190	11797
190	11798
190	11799
190	11800
190	11801
190	11802
190	11803
190	11804
190	11805
190	11806
190	11807
190	11808
190	11809
190	11810
190	11811
190	11812
190	11813
190	11814
190	11815
190	11816
190	11817
190	11818
190	11819
190	11820
190	11821
190	11822
190	11823
190	11824
190	11825
190	11826
190	11827
190	11828
191	11829
191	11830
191	11831
191	11832
191	11833
191	11834
191	11835
191	11836
191	11837
191	11838
191	11839
191	11840
191	11841
191	11842
191	11843
191	11844
191	11845
191	11846
191	11847
191	11848
191	11849
191	11850
191	11851
191	11852
191	11853
191	11854
191	11855
191	11856
191	11857
191	11858
191	11859
191	11860
191	11861
191	11862
191	11863
191	11864
191	11865
191	11866
191	11867
191	11868
191	11869
191	11870
191	11871
191	11872
191	11873
191	11874
191	11875
191	11876
191	11877
191	11878
191	11879
191	11880
191	11881
191	11882
191	11883
191	11884
191	11885
191	11886
191	11887
191	11888
191	11889
191	11890
191	11891
191	11892
192	11893
192	11894
192	11895
192	11896
192	11897
192	11898
192	11899
192	11900
192	11901
192	11902
192	11903
192	11904
192	11905
192	11906
192	11907
192	11908
192	11909
192	11910
192	11911
192	11912
192	11913
192	11914
192	11915
192	11916
192	11917
192	11918
192	11919
192	11920
192	11921
192	11922
192	11923
192	11924
192	11925
192	11926
192	11927
192	11928
192	11929
192	11930
192	11931
192	11932
192	11933
192	11934
192	11935
192	11936
192	11937
192	11938
192	11939
192	11940
192	11941
192	11942
192	11943
192	11944
192	11945
192	11946
192	11947
192	11948
192	11949
192	11950
192	11951
192	11952
192	11953
192	11954
192	11955
192	11956
192	11957
192	11958
192	11959
192	11960
192	11961
192	11962
192	11963
192	11964
192	11965
192	11966
192	11967
193	11968
193	11969
193	11970
193	11971
193	11972
193	11973
193	11974
193	11975
193	11976
193	11977
193	11978
193	11979
193	11980
193	11981
193	11982
193	11983
193	11984
193	11985
193	11986
193	11987
193	11988
193	11989
193	11990
193	11991
193	11992
193	11993
193	11994
193	11995
193	11996
193	11997
193	11998
193	11999
193	12000
193	12001
193	12002
193	12003
193	12004
193	12005
193	12006
193	12007
193	12008
193	12009
193	12010
193	12011
193	12012
193	12013
193	12014
193	12015
193	12016
193	12017
193	12018
193	12019
193	12020
193	12021
193	12022
193	12023
193	12024
193	12025
193	12026
193	12027
194	12028
194	12029
194	12030
194	12031
194	12032
194	12033
194	12034
194	12035
194	12036
194	12037
194	12038
194	12039
194	12040
194	12041
194	12042
194	12043
194	12044
194	12045
194	12046
194	12047
194	12048
194	12049
194	12050
194	12051
194	12052
194	12053
194	12054
194	12055
194	12056
194	12057
194	12058
195	12059
195	12060
195	12061
195	12062
195	12063
195	12064
195	12065
195	12066
195	12067
195	12068
195	12069
195	12070
195	12071
195	12072
195	12073
195	12074
195	12075
195	12076
195	12077
195	12078
195	12079
195	12080
195	12081
195	12082
195	12083
195	12084
195	12085
195	12086
195	12087
195	12088
195	12089
195	12090
195	12091
195	12092
195	12093
195	12094
195	12095
195	12096
195	12097
195	12098
195	12099
195	12100
195	12101
195	12102
195	12103
195	12104
195	12105
195	12106
195	12107
195	12108
195	12109
195	12110
195	12111
195	12112
195	12113
195	12114
195	12115
195	12116
195	12117
195	12118
195	12119
195	12120
195	12121
195	12122
195	12123
195	12124
195	12125
195	12126
195	12127
195	12128
195	12129
195	12130
195	12131
195	12132
195	12133
195	12134
195	12135
195	12136
195	12137
195	12138
195	12139
195	12140
195	12141
195	12142
195	12143
195	12144
195	12145
195	12146
195	12147
195	12148
195	12149
195	12150
195	12151
195	12152
195	12153
195	12154
195	12155
195	12156
195	12157
195	12158
195	12159
196	12160
196	12161
196	12162
196	12163
196	12164
196	12165
196	12166
196	12167
196	12168
196	12169
196	12170
196	12171
196	12172
196	12173
196	12174
196	12175
196	12176
196	12177
196	12178
196	12179
196	12180
196	12181
196	12182
196	12183
196	12184
196	12185
196	12186
196	12187
196	12188
196	12189
196	12190
196	12191
196	12192
196	12193
196	12194
196	12195
196	12196
196	12197
196	12198
196	12199
196	12200
196	12201
196	12202
196	12203
196	12204
196	12205
196	12206
196	12207
197	12208
197	12209
197	12210
197	12211
197	12212
197	12213
197	12214
197	12215
197	12216
197	12217
197	12218
197	12219
197	12220
197	12221
197	12222
197	12223
197	12224
197	12225
197	12226
197	12227
197	12228
197	12229
197	12230
197	12231
197	12232
197	12233
197	12234
197	12235
197	12236
197	12237
197	12238
197	12239
197	12240
197	12241
197	12242
197	12243
197	12244
197	12245
197	12246
197	12247
197	12248
197	12249
197	12250
197	12251
197	12252
197	12253
197	12254
197	12255
197	12256
197	12257
197	12258
197	12259
197	12260
197	12261
197	12262
197	12263
197	12264
197	12265
197	12266
197	12267
197	12268
197	12269
197	12270
197	12271
197	12272
197	12273
197	12274
197	12275
197	12276
197	12277
197	12278
197	12279
197	12280
197	12281
197	12282
197	12283
197	12284
197	12285
197	12286
197	12287
197	12288
197	12289
197	12290
197	12291
197	12292
198	12293
198	12294
198	12295
198	12296
198	12297
198	12298
198	12299
198	12300
198	12301
198	12302
198	12303
198	12304
198	12305
198	12306
198	12307
198	12308
198	12309
198	12310
198	12311
198	12312
198	12313
198	12314
198	12315
198	12316
198	12317
198	12318
198	12319
198	12320
198	12321
198	12322
198	12323
198	12324
198	12325
198	12326
198	12327
198	12328
198	12329
198	12330
198	12331
198	12332
198	12333
198	12334
198	12335
198	12336
198	12337
198	12338
198	12339
199	12340
199	12341
199	12342
199	12343
199	12344
199	12345
199	12346
199	12347
199	12348
199	12349
199	12350
199	12351
199	12352
199	12353
199	12354
199	12355
199	12356
199	12357
199	12358
199	12359
199	12360
199	12361
199	12362
199	12363
199	12364
199	12365
199	12366
199	12367
199	12368
199	12369
199	12370
199	12371
199	12372
199	12373
199	12374
199	12375
199	12376
199	12377
199	12378
199	12379
199	12380
199	12381
199	12382
200	12383
200	12384
200	12385
200	12386
200	12387
200	12388
200	12389
200	12390
200	12391
200	12392
200	12393
200	12394
200	12395
200	12396
200	12397
200	12398
200	12399
200	12400
200	12401
200	12402
200	12403
200	12404
200	12405
200	12406
200	12407
200	12408
200	12409
200	12410
200	12411
200	12412
200	12413
200	12414
200	12415
200	12416
200	12417
200	12418
200	12419
200	12420
200	12421
200	12422
200	12423
200	12424
200	12425
200	12426
200	12427
200	12428
200	12429
200	12430
201	12431
201	12432
201	12433
201	12434
201	12435
201	12436
201	12437
201	12438
201	12439
201	12440
201	12441
201	12442
201	12443
201	12444
201	12445
201	12446
201	12447
201	12448
201	12449
201	12450
201	12451
201	12452
201	12453
201	12454
201	12455
201	12456
201	12457
201	12458
201	12459
201	12460
201	12461
201	12462
201	12463
201	12464
201	12465
201	12466
201	12467
201	12468
201	12469
201	12470
201	12471
201	12472
201	12473
201	12474
201	12475
201	12476
201	12477
201	12478
201	12479
201	12480
201	12481
201	12482
201	12483
201	12484
201	12485
201	12486
201	12487
201	12488
201	12489
201	12490
201	12491
202	12492
202	12493
202	12494
202	12495
202	12496
202	12497
202	12498
202	12499
202	12500
202	12501
202	12502
202	12503
202	12504
202	12505
202	12506
202	12507
202	12508
202	12509
202	12510
202	12511
202	12512
202	12513
202	12514
202	12515
202	12516
202	12517
202	12518
202	12519
202	12520
202	12521
202	12522
202	12523
202	12524
202	12525
202	12526
202	12527
202	12528
202	12529
202	12530
202	12531
202	12532
202	12533
202	12534
202	12535
202	12536
202	12537
202	12538
202	12539
203	12540
203	12541
203	12542
203	12543
203	12544
203	12545
203	12546
203	12547
203	12548
203	12549
203	12550
203	12551
203	12552
203	12553
203	12554
203	12555
203	12556
203	12557
203	12558
203	12559
203	12560
203	12561
203	12562
203	12563
203	12564
203	12565
203	12566
203	12567
203	12568
203	12569
203	12570
203	12571
203	12572
203	12573
203	12574
203	12575
203	12576
203	12577
203	12578
203	12579
203	12580
203	12581
203	12582
203	12583
203	12584
203	12585
203	12586
203	12587
204	12588
204	12589
204	12590
204	12591
204	12592
204	12593
204	12594
204	12595
204	12596
204	12597
204	12598
204	12599
204	12600
204	12601
204	12602
204	12603
204	12604
204	12605
204	12606
204	12607
204	12608
204	12609
204	12610
204	12611
204	12612
204	12613
204	12614
204	12615
204	12616
204	12617
204	12618
204	12619
204	12620
204	12621
204	12622
204	12623
204	12624
204	12625
204	12626
204	12627
204	12628
204	12629
204	12630
204	12631
204	12632
204	12633
204	12634
204	12635
204	12636
204	12637
204	12638
204	12639
204	12640
204	12641
204	12642
204	12643
204	12644
205	12645
205	12646
205	12647
205	12648
205	12649
205	12650
205	12651
205	12652
205	12653
205	12654
205	12655
205	12656
205	12657
205	12658
205	12659
205	12660
205	12661
205	12662
205	12663
205	12664
205	12665
205	12666
205	12667
205	12668
205	12669
205	12670
205	12671
205	12672
205	12673
205	12674
205	12675
205	12676
205	12677
205	12678
205	12679
205	12680
205	12681
205	12682
205	12683
205	12684
205	12685
206	12686
206	12687
206	12688
206	12689
206	12690
206	12691
206	12692
206	12693
206	12694
206	12695
206	12696
206	12697
206	12698
206	12699
206	12700
206	12701
206	12702
206	12703
206	12704
206	12705
206	12706
206	12707
206	12708
206	12709
206	12710
206	12711
206	12712
206	12713
206	12714
206	12715
206	12716
206	12717
206	12718
206	12719
206	12720
206	12721
206	12722
206	12723
206	12724
206	12725
206	12726
206	12727
206	12728
206	12729
206	12730
206	12731
206	12732
206	12733
206	12734
206	12735
206	12736
206	12737
206	12738
206	12739
207	12740
207	12741
207	12742
207	12743
207	12744
207	12745
207	12746
207	12747
207	12748
207	12749
207	12750
207	12751
207	12752
207	12753
207	12754
207	12755
207	12756
207	12757
207	12758
207	12759
207	12760
207	12761
207	12762
207	12763
207	12764
207	12765
207	12766
207	12767
207	12768
207	12769
207	12770
207	12771
207	12772
207	12773
207	12774
207	12775
207	12776
207	12777
207	12778
207	12779
207	12780
207	12781
207	12782
207	12783
207	12784
207	12785
207	12786
207	12787
207	12788
207	12789
207	12790
207	12791
207	12792
207	12793
207	12794
207	12795
207	12796
207	12797
207	12798
207	12799
207	12800
207	12801
207	12802
207	12803
207	12804
207	12805
207	12806
207	12807
207	12808
207	12809
207	12810
207	12811
207	12812
207	12813
207	12814
207	12815
207	12816
207	12817
207	12818
207	12819
207	12820
207	12821
207	12822
207	12823
207	12824
207	12825
207	12826
207	12827
207	12828
207	12829
207	12830
207	12831
207	12832
207	12833
207	12834
207	12835
207	12836
207	12837
207	12838
207	12839
208	12840
208	12841
208	12842
208	12843
208	12844
208	12845
208	12846
208	12847
208	12848
208	12849
208	12850
208	12851
208	12852
208	12853
208	12854
208	12855
208	12856
208	12857
208	12858
208	12859
208	12860
208	12861
208	12862
208	12863
208	12864
208	12865
208	12866
208	12867
208	12868
208	12869
208	12870
208	12871
208	12872
208	12873
208	12874
208	12875
208	12876
208	12877
208	12878
208	12879
208	12880
208	12881
208	12882
208	12883
208	12884
209	12885
209	12886
209	12887
209	12888
209	12889
209	12890
209	12891
209	12892
209	12893
209	12894
209	12895
209	12896
209	12897
209	12898
209	12899
209	12900
209	12901
209	12902
209	12903
209	12904
209	12905
209	12906
209	12907
209	12908
209	12909
209	12910
209	12911
209	12912
209	12913
209	12914
209	12915
209	12916
209	12917
209	12918
209	12919
209	12920
209	12921
209	12922
209	12923
209	12924
209	12925
209	12926
209	12927
209	12928
209	12929
209	12930
209	12931
209	12932
209	12933
209	12934
210	12935
210	12936
210	12937
210	12938
210	12939
210	12940
210	12941
210	12942
210	12943
210	12944
210	12945
210	12946
210	12947
210	12948
210	12949
210	12950
210	12951
210	12952
210	12953
210	12954
210	12955
210	12956
210	12957
210	12958
210	12959
210	12960
210	12961
210	12962
210	12963
210	12964
210	12965
210	12966
210	12967
210	12968
210	12969
210	12970
210	12971
210	12972
210	12973
210	12974
210	12975
210	12976
211	12977
211	12978
211	12979
211	12980
211	12981
211	12982
211	12983
211	12984
211	12985
211	12986
211	12987
211	12988
211	12989
211	12990
211	12991
211	12992
211	12993
211	12994
211	12995
211	12996
211	12997
211	12998
211	12999
211	13000
211	13001
211	13002
211	13003
211	13004
211	13005
211	13006
211	13007
211	13008
211	13009
211	13010
211	13011
211	13012
211	13013
211	13014
211	13015
211	13016
211	13017
211	13018
211	13019
211	13020
211	13021
211	13022
211	13023
211	13024
211	13025
211	13026
211	13027
211	13028
211	13029
211	13030
211	13031
211	13032
211	13033
212	13034
212	13035
212	13036
212	13037
212	13038
212	13039
212	13040
212	13041
212	13042
212	13043
212	13044
212	13045
212	13046
212	13047
212	13048
212	13049
212	13050
212	13051
212	13052
212	13053
212	13054
212	13055
212	13056
212	13057
212	13058
212	13059
212	13060
212	13061
212	13062
212	13063
212	13064
212	13065
212	13066
212	13067
212	13068
212	13069
212	13070
212	13071
212	13072
212	13073
212	13074
212	13075
212	13076
212	13077
212	13078
212	13079
212	13080
213	13081
213	13082
213	13083
213	13084
213	13085
213	13086
213	13087
213	13088
213	13089
213	13090
213	13091
213	13092
213	13093
213	13094
213	13095
213	13096
213	13097
213	13098
213	13099
213	13100
213	13101
213	13102
213	13103
213	13104
213	13105
213	13106
213	13107
213	13108
213	13109
213	13110
213	13111
213	13112
213	13113
213	13114
213	13115
213	13116
213	13117
213	13118
213	13119
213	13120
213	13121
213	13122
213	13123
214	13124
214	13125
214	13126
214	13127
214	13128
214	13129
214	13130
214	13131
214	13132
214	13133
214	13134
214	13135
214	13136
214	13137
214	13138
214	13139
214	13140
214	13141
214	13142
214	13143
214	13144
214	13145
214	13146
214	13147
214	13148
214	13149
214	13150
214	13151
214	13152
214	13153
214	13154
214	13155
214	13156
214	13157
214	13158
214	13159
214	13160
214	13161
214	13162
214	13163
214	13164
214	13165
214	13166
214	13167
214	13168
214	13169
214	13170
214	13171
214	13172
214	13173
214	13174
214	13175
214	13176
214	13177
214	13178
215	13179
215	13180
215	13181
215	13182
215	13183
215	13184
215	13185
215	13186
215	13187
215	13188
215	13189
215	13190
215	13191
215	13192
215	13193
215	13194
215	13195
215	13196
215	13197
215	13198
215	13199
215	13200
215	13201
215	13202
215	13203
215	13204
215	13205
215	13206
215	13207
215	13208
215	13209
215	13210
215	13211
215	13212
215	13213
215	13214
215	13215
215	13216
215	13217
215	13218
215	13219
215	13220
215	13221
215	13222
215	13223
215	13224
215	13225
215	13226
215	13227
215	13228
215	13229
215	13230
215	13231
215	13232
215	13233
215	13234
215	13235
215	13236
215	13237
215	13238
215	13239
215	13240
215	13241
215	13242
215	13243
215	13244
215	13245
215	13246
215	13247
215	13248
215	13249
215	13250
216	13251
216	13252
216	13253
216	13254
216	13255
216	13256
216	13257
216	13258
216	13259
216	13260
216	13261
216	13262
216	13263
216	13264
216	13265
216	13266
216	13267
216	13268
216	13269
216	13270
216	13271
216	13272
216	13273
216	13274
216	13275
216	13276
216	13277
216	13278
216	13279
216	13280
216	13281
216	13282
216	13283
216	13284
216	13285
216	13286
216	13287
216	13288
216	13289
216	13290
216	13291
216	13292
216	13293
217	13294
217	13295
217	13296
217	13297
217	13298
217	13299
217	13300
217	13301
217	13302
217	13303
217	13304
217	13305
217	13306
217	13307
217	13308
217	13309
217	13310
217	13311
217	13312
217	13313
217	13314
217	13315
217	13316
217	13317
217	13318
217	13319
217	13320
217	13321
217	13322
217	13323
217	13324
217	13325
217	13326
217	13327
217	13328
217	13329
217	13330
217	13331
217	13332
217	13333
217	13334
217	13335
217	13336
217	13337
217	13338
217	13339
217	13340
217	13341
217	13342
217	13343
217	13344
217	13345
217	13346
217	13347
217	13348
217	13349
217	13350
217	13351
217	13352
217	13353
217	13354
218	13355
218	13356
218	13357
218	13358
218	13359
218	13360
218	13361
218	13362
218	13363
218	13364
218	13365
218	13366
218	13367
218	13368
218	13369
218	13370
218	13371
218	13372
218	13373
218	13374
218	13375
218	13376
218	13377
218	13378
218	13379
218	13380
218	13381
218	13382
218	13383
218	13384
218	13385
218	13386
218	13387
218	13388
218	13389
218	13390
218	13391
218	13392
218	13393
218	13394
218	13395
218	13396
218	13397
218	13398
218	13399
218	13400
218	13401
218	13402
219	13403
219	13404
219	13405
219	13406
219	13407
219	13408
219	13409
219	13410
219	13411
219	13412
219	13413
219	13414
219	13415
219	13416
219	13417
219	13418
219	13419
219	13420
219	13421
219	13422
219	13423
219	13424
219	13425
219	13426
219	13427
219	13428
219	13429
219	13430
219	13431
219	13432
219	13433
219	13434
219	13435
219	13436
219	13437
219	13438
219	13439
219	13440
219	13441
219	13442
219	13443
219	13444
219	13445
219	13446
220	13447
220	13448
220	13449
220	13450
220	13451
220	13452
220	13453
220	13454
220	13455
220	13456
220	13457
220	13458
220	13459
220	13460
220	13461
220	13462
220	13463
220	13464
220	13465
220	13466
220	13467
220	13468
220	13469
220	13470
220	13471
220	13472
220	13473
220	13474
220	13475
220	13476
220	13477
220	13478
220	13479
220	13480
220	13481
220	13482
220	13483
220	13484
220	13485
220	13486
220	13487
220	13488
220	13489
220	13490
220	13491
220	13492
220	13493
220	13494
220	13495
220	13496
220	13497
220	13498
220	13499
220	13500
220	13501
220	13502
220	13503
220	13504
220	13505
220	13506
220	13507
220	13508
220	13509
220	13510
220	13511
220	13512
220	13513
220	13514
220	13515
220	13516
220	13517
221	13518
221	13519
221	13520
221	13521
221	13522
221	13523
221	13524
221	13525
221	13526
221	13527
221	13528
221	13529
221	13530
221	13531
221	13532
221	13533
221	13534
221	13535
221	13536
221	13537
221	13538
221	13539
221	13540
221	13541
221	13542
221	13543
221	13544
221	13545
221	13546
221	13547
221	13548
221	13549
221	13550
221	13551
221	13552
221	13553
221	13554
221	13555
221	13556
221	13557
221	13558
221	13559
221	13560
221	13561
221	13562
221	13563
221	13564
222	13565
222	13566
222	13567
222	13568
222	13569
222	13570
222	13571
222	13572
222	13573
222	13574
222	13575
222	13576
222	13577
222	13578
222	13579
222	13580
222	13581
222	13582
222	13583
222	13584
222	13585
222	13586
222	13587
222	13588
222	13589
222	13590
222	13591
222	13592
222	13593
222	13594
222	13595
222	13596
222	13597
222	13598
222	13599
222	13600
222	13601
222	13602
222	13603
222	13604
222	13605
222	13606
222	13607
222	13608
222	13609
222	13610
222	13611
222	13612
222	13613
222	13614
222	13615
222	13616
222	13617
222	13618
222	13619
222	13620
222	13621
222	13622
222	13623
222	13624
222	13625
222	13626
222	13627
222	13628
222	13629
222	13630
222	13631
222	13632
222	13633
223	13634
223	13635
223	13636
223	13637
223	13638
223	13639
223	13640
223	13641
223	13642
223	13643
223	13644
223	13645
223	13646
223	13647
223	13648
223	13649
223	13650
223	13651
223	13652
223	13653
223	13654
223	13655
223	13656
223	13657
223	13658
223	13659
223	13660
223	13661
223	13662
223	13663
223	13664
223	13665
223	13666
223	13667
223	13668
223	13669
223	13670
223	13671
223	13672
223	13673
223	13674
223	13675
223	13676
223	13677
223	13678
223	13679
223	13680
223	13681
224	13682
224	13683
224	13684
224	13685
224	13686
224	13687
224	13688
224	13689
224	13690
224	13691
224	13692
224	13693
224	13694
224	13695
224	13696
224	13697
224	13698
224	13699
224	13700
224	13701
224	13702
224	13703
224	13704
224	13705
224	13706
224	13707
224	13708
224	13709
224	13710
224	13711
224	13712
224	13713
224	13714
224	13715
224	13716
224	13717
224	13718
224	13719
224	13720
224	13721
224	13722
224	13723
224	13724
224	13725
224	13726
224	13727
224	13728
224	13729
224	13730
224	13731
224	13732
224	13733
224	13734
224	13735
224	13736
224	13737
224	13738
224	13739
224	13740
224	13741
224	13742
224	13743
224	13744
224	13745
224	13746
224	13747
225	13748
225	13749
225	13750
225	13751
225	13752
225	13753
225	13754
225	13755
225	13756
225	13757
225	13758
225	13759
225	13760
225	13761
225	13762
225	13763
225	13764
225	13765
225	13766
225	13767
225	13768
225	13769
225	13770
225	13771
225	13772
225	13773
225	13774
225	13775
225	13776
225	13777
225	13778
225	13779
225	13780
225	13781
225	13782
225	13783
225	13784
225	13785
225	13786
225	13787
225	13788
225	13789
225	13790
225	13791
225	13792
225	13793
225	13794
225	13795
225	13796
225	13797
225	13798
225	13799
225	13800
225	13801
225	13802
225	13803
225	13804
225	13805
226	13806
226	13807
226	13808
226	13809
226	13810
226	13811
226	13812
226	13813
226	13814
226	13815
226	13816
226	13817
226	13818
226	13819
226	13820
226	13821
226	13822
226	13823
226	13824
226	13825
226	13826
226	13827
226	13828
226	13829
226	13830
226	13831
226	13832
226	13833
226	13834
226	13835
226	13836
226	13837
226	13838
226	13839
226	13840
226	13841
226	13842
226	13843
226	13844
226	13845
226	13846
226	13847
226	13848
226	13849
226	13850
226	13851
226	13852
226	13853
226	13854
226	13855
227	13856
227	13857
227	13858
227	13859
227	13860
227	13861
227	13862
227	13863
227	13864
227	13865
227	13866
227	13867
227	13868
227	13869
227	13870
227	13871
227	13872
227	13873
227	13874
227	13875
227	13876
227	13877
227	13878
227	13879
227	13880
227	13881
227	13882
227	13883
227	13884
227	13885
227	13886
227	13887
227	13888
227	13889
227	13890
227	13891
227	13892
227	13893
227	13894
227	13895
227	13896
227	13897
227	13898
227	13899
227	13900
227	13901
227	13902
227	13903
228	13904
228	13905
228	13906
228	13907
228	13908
228	13909
228	13910
228	13911
228	13912
228	13913
228	13914
228	13915
228	13916
228	13917
228	13918
228	13919
228	13920
228	13921
228	13922
228	13923
228	13924
228	13925
228	13926
228	13927
228	13928
228	13929
228	13930
228	13931
228	13932
228	13933
228	13934
228	13935
228	13936
228	13937
228	13938
228	13939
228	13940
228	13941
228	13942
228	13943
228	13944
228	13945
228	13946
228	13947
228	13948
228	13949
228	13950
228	13951
228	13952
228	13953
228	13954
228	13955
228	13956
228	13957
228	13958
228	13959
229	13960
229	13961
229	13962
229	13963
229	13964
229	13965
229	13966
229	13967
229	13968
229	13969
229	13970
229	13971
229	13972
229	13973
229	13974
229	13975
229	13976
229	13977
229	13978
229	13979
229	13980
229	13981
229	13982
229	13983
229	13984
229	13985
229	13986
229	13987
229	13988
229	13989
229	13990
229	13991
229	13992
229	13993
229	13994
229	13995
230	13996
230	13997
230	13998
230	13999
230	14000
230	14001
230	14002
230	14003
230	14004
230	14005
230	14006
230	14007
230	14008
230	14009
230	14010
230	14011
230	14012
230	14013
230	14014
230	14015
230	14016
230	14017
230	14018
230	14019
230	14020
230	14021
230	14022
230	14023
230	14024
230	14025
230	14026
230	14027
230	14028
230	14029
230	14030
231	14031
231	14032
231	14033
231	14034
231	14035
231	14036
231	14037
231	14038
231	14039
231	14040
231	14041
231	14042
231	14043
231	14044
231	14045
231	14046
231	14047
231	14048
231	14049
231	14050
231	14051
231	14052
231	14053
231	14054
231	14055
231	14056
231	14057
231	14058
231	14059
231	14060
231	14061
231	14062
231	14063
231	14064
231	14065
231	14066
231	14067
231	14068
231	14069
231	14070
231	14071
231	14072
231	14073
231	14074
231	14075
231	14076
231	14077
231	14078
231	14079
232	14080
232	14081
232	14082
232	14083
232	14084
232	14085
232	14086
232	14087
232	14088
232	14089
232	14090
232	14091
232	14092
232	14093
232	14094
232	14095
232	14096
232	14097
232	14098
232	14099
232	14100
232	14101
232	14102
232	14103
232	14104
232	14105
232	14106
232	14107
232	14108
232	14109
232	14110
232	14111
232	14112
232	14113
232	14114
232	14115
232	14116
232	14117
232	14118
232	14119
232	14120
232	14121
232	14122
232	14123
232	14124
232	14125
232	14126
232	14127
232	14128
232	14129
232	14130
232	14131
232	14132
232	14133
232	14134
232	14135
232	14136
232	14137
232	14138
232	14139
232	14140
232	14141
232	14142
232	14143
232	14144
232	14145
232	14146
232	14147
232	14148
232	14149
232	14150
232	14151
232	14152
232	14153
232	14154
232	14155
233	14156
233	14157
233	14158
233	14159
233	14160
233	14161
233	14162
233	14163
233	14164
233	14165
233	14166
233	14167
233	14168
233	14169
233	14170
233	14171
233	14172
233	14173
233	14174
233	14175
233	14176
233	14177
233	14178
233	14179
233	14180
233	14181
233	14182
233	14183
233	14184
233	14185
233	14186
233	14187
233	14188
233	14189
233	14190
233	14191
233	14192
233	14193
233	14194
233	14195
233	14196
233	14197
233	14198
233	14199
233	14200
233	14201
233	14202
233	14203
233	14204
233	14205
233	14206
233	14207
233	14208
234	14209
234	14210
234	14211
234	14212
234	14213
234	14214
234	14215
234	14216
234	14217
234	14218
234	14219
234	14220
234	14221
234	14222
234	14223
234	14224
234	14225
234	14226
234	14227
234	14228
234	14229
234	14230
234	14231
234	14232
234	14233
234	14234
234	14235
234	14236
234	14237
234	14238
234	14239
234	14240
234	14241
234	14242
234	14243
234	14244
234	14245
234	14246
234	14247
234	14248
234	14249
234	14250
234	14251
234	14252
234	14253
234	14254
234	14255
234	14256
234	14257
234	14258
234	14259
234	14260
234	14261
234	14262
234	14263
234	14264
234	14265
234	14266
234	14267
234	14268
235	14269
235	14270
235	14271
235	14272
235	14273
235	14274
235	14275
235	14276
235	14277
235	14278
235	14279
235	14280
235	14281
235	14282
235	14283
235	14284
235	14285
235	14286
235	14287
235	14288
235	14289
235	14290
235	14291
235	14292
235	14293
235	14294
235	14295
235	14296
235	14297
235	14298
235	14299
235	14300
235	14301
235	14302
235	14303
235	14304
235	14305
235	14306
235	14307
235	14308
235	14309
235	14310
235	14311
235	14312
235	14313
235	14314
235	14315
235	14316
235	14317
235	14318
235	14319
235	14320
235	14321
235	14322
235	14323
235	14324
235	14325
235	14326
235	14327
235	14328
235	14329
235	14330
235	14331
235	14332
235	14333
235	14334
236	14335
236	14336
236	14337
236	14338
236	14339
236	14340
236	14341
236	14342
236	14343
236	14344
236	14345
236	14346
236	14347
236	14348
236	14349
236	14350
236	14351
236	14352
236	14353
236	14354
236	14355
236	14356
236	14357
236	14358
236	14359
236	14360
236	14361
236	14362
236	14363
236	14364
236	14365
236	14366
236	14367
236	14368
236	14369
236	14370
236	14371
236	14372
236	14373
236	14374
236	14375
236	14376
237	14377
237	14378
237	14379
237	14380
237	14381
237	14382
237	14383
237	14384
237	14385
237	14386
237	14387
237	14388
237	14389
237	14390
237	14391
237	14392
237	14393
237	14394
237	14395
237	14396
237	14397
237	14398
237	14399
237	14400
237	14401
237	14402
237	14403
237	14404
237	14405
237	14406
237	14407
237	14408
237	14409
237	14410
237	14411
237	14412
237	14413
237	14414
237	14415
237	14416
237	14417
237	14418
237	14419
237	14420
237	14421
237	14422
237	14423
237	14424
237	14425
237	14426
237	14427
237	14428
237	14429
237	14430
237	14431
237	14432
237	14433
237	14434
237	14435
237	14436
237	14437
237	14438
237	14439
237	14440
237	14441
237	14442
237	14443
237	14444
237	14445
237	14446
237	14447
237	14448
237	14449
237	14450
237	14451
237	14452
237	14453
237	14454
237	14455
237	14456
237	14457
237	14458
237	14459
237	14460
237	14461
237	14462
238	14463
238	14464
238	14465
238	14466
238	14467
238	14468
238	14469
238	14470
238	14471
238	14472
238	14473
238	14474
238	14475
238	14476
238	14477
238	14478
238	14479
238	14480
238	14481
238	14482
238	14483
238	14484
238	14485
238	14486
238	14487
238	14488
238	14489
238	14490
238	14491
238	14492
238	14493
238	14494
238	14495
238	14496
238	14497
238	14498
238	14499
238	14500
238	14501
238	14502
238	14503
238	14504
238	14505
238	14506
238	14507
238	14508
239	14509
239	14510
239	14511
239	14512
239	14513
239	14514
239	14515
239	14516
239	14517
239	14518
239	14519
239	14520
239	14521
239	14522
239	14523
239	14524
239	14525
239	14526
239	14527
239	14528
239	14529
239	14530
239	14531
239	14532
239	14533
239	14534
239	14535
239	14536
239	14537
239	14538
239	14539
239	14540
239	14541
239	14542
239	14543
239	14544
239	14545
239	14546
239	14547
239	14548
239	14549
239	14550
240	14551
240	14552
240	14553
240	14554
240	14555
240	14556
240	14557
240	14558
240	14559
240	14560
240	14561
240	14562
240	14563
240	14564
240	14565
240	14566
240	14567
240	14568
240	14569
240	14570
240	14571
240	14572
240	14573
240	14574
240	14575
240	14576
240	14577
240	14578
240	14579
240	14580
240	14581
240	14582
240	14583
240	14584
240	14585
240	14586
240	14587
240	14588
240	14589
240	14590
240	14591
240	14592
240	14593
240	14594
240	14595
240	14596
240	14597
240	14598
240	14599
240	14600
240	14601
240	14602
240	14603
240	14604
240	14605
240	14606
240	14607
241	14608
241	14609
241	14610
241	14611
241	14612
241	14613
241	14614
241	14615
241	14616
241	14617
241	14618
241	14619
241	14620
241	14621
241	14622
241	14623
241	14624
241	14625
241	14626
241	14627
241	14628
241	14629
241	14630
241	14631
241	14632
241	14633
241	14634
241	14635
241	14636
241	14637
241	14638
241	14639
241	14640
241	14641
241	14642
241	14643
241	14644
241	14645
241	14646
241	14647
241	14648
241	14649
241	14650
241	14651
241	14652
241	14653
241	14654
241	14655
241	14656
241	14657
241	14658
241	14659
241	14660
241	14661
241	14662
241	14663
241	14664
241	14665
241	14666
241	14667
241	14668
241	14669
241	14670
241	14671
241	14672
241	14673
241	14674
241	14675
241	14676
242	14677
242	14678
242	14679
242	14680
242	14681
242	14682
242	14683
242	14684
242	14685
242	14686
242	14687
242	14688
242	14689
242	14690
242	14691
242	14692
242	14693
242	14694
242	14695
242	14696
242	14697
242	14698
242	14699
242	14700
242	14701
242	14702
242	14703
242	14704
242	14705
242	14706
242	14707
242	14708
242	14709
242	14710
242	14711
242	14712
242	14713
242	14714
242	14715
242	14716
242	14717
242	14718
242	14719
242	14720
242	14721
242	14722
243	14723
243	14724
243	14725
243	14726
243	14727
243	14728
243	14729
243	14730
243	14731
243	14732
243	14733
243	14734
243	14735
243	14736
243	14737
243	14738
243	14739
243	14740
243	14741
243	14742
243	14743
243	14744
243	14745
243	14746
243	14747
243	14748
243	14749
243	14750
243	14751
243	14752
243	14753
243	14754
243	14755
243	14756
243	14757
243	14758
243	14759
243	14760
243	14761
243	14762
243	14763
243	14764
243	14765
243	14766
243	14767
243	14768
243	14769
243	14770
243	14771
243	14772
243	14773
243	14774
243	14775
243	14776
243	14777
243	14778
243	14779
243	14780
243	14781
243	14782
243	14783
243	14784
243	14785
243	14786
243	14787
243	14788
243	14789
243	14790
243	14791
243	14792
243	14793
243	14794
243	14795
243	14796
243	14797
243	14798
243	14799
243	14800
243	14801
243	14802
243	14803
244	14804
244	14805
244	14806
244	14807
244	14808
244	14809
244	14810
244	14811
244	14812
244	14813
244	14814
244	14815
244	14816
244	14817
244	14818
244	14819
244	14820
244	14821
244	14822
244	14823
244	14824
244	14825
244	14826
244	14827
244	14828
244	14829
244	14830
244	14831
244	14832
244	14833
244	14834
244	14835
244	14836
244	14837
244	14838
244	14839
244	14840
244	14841
244	14842
244	14843
244	14844
244	14845
244	14846
244	14847
244	14848
244	14849
244	14850
244	14851
244	14852
244	14853
244	14854
244	14855
244	14856
244	14857
244	14858
244	14859
244	14860
244	14861
245	14862
245	14863
245	14864
245	14865
245	14866
245	14867
245	14868
245	14869
245	14870
245	14871
245	14872
245	14873
245	14874
245	14875
245	14876
245	14877
245	14878
245	14879
245	14880
245	14881
245	14882
245	14883
245	14884
245	14885
245	14886
245	14887
245	14888
245	14889
245	14890
245	14891
245	14892
245	14893
245	14894
245	14895
245	14896
245	14897
245	14898
245	14899
245	14900
245	14901
245	14902
246	14903
246	14904
246	14905
246	14906
246	14907
246	14908
246	14909
246	14910
246	14911
246	14912
246	14913
246	14914
246	14915
246	14916
246	14917
246	14918
246	14919
246	14920
246	14921
246	14922
246	14923
246	14924
246	14925
246	14926
246	14927
246	14928
246	14929
246	14930
246	14931
246	14932
246	14933
246	14934
246	14935
246	14936
246	14937
246	14938
246	14939
246	14940
246	14941
246	14942
246	14943
246	14944
246	14945
246	14946
246	14947
246	14948
246	14949
246	14950
246	14951
246	14952
246	14953
247	14954
247	14955
247	14956
247	14957
247	14958
247	14959
247	14960
247	14961
247	14962
247	14963
247	14964
247	14965
247	14966
247	14967
247	14968
247	14969
247	14970
247	14971
247	14972
247	14973
247	14974
247	14975
247	14976
247	14977
247	14978
247	14979
247	14980
247	14981
247	14982
247	14983
247	14984
247	14985
247	14986
247	14987
247	14988
247	14989
247	14990
247	14991
247	14992
247	14993
247	14994
247	14995
247	14996
247	14997
247	14998
247	14999
247	15000
248	15001
248	15002
248	15003
248	15004
248	15005
248	15006
248	15007
248	15008
248	15009
248	15010
248	15011
248	15012
248	15013
248	15014
248	15015
248	15016
248	15017
248	15018
248	15019
248	15020
248	15021
248	15022
248	15023
248	15024
248	15025
248	15026
248	15027
248	15028
248	15029
248	15030
248	15031
248	15032
248	15033
248	15034
248	15035
248	15036
248	15037
248	15038
248	15039
248	15040
248	15041
248	15042
248	15043
248	15044
248	15045
248	15046
248	15047
248	15048
248	15049
248	15050
248	15051
248	15052
248	15053
248	15054
248	15055
248	15056
248	15057
248	15058
248	15059
248	15060
248	15061
248	15062
248	15063
248	15064
248	15065
248	15066
248	15067
248	15068
248	15069
248	15070
248	15071
248	15072
248	15073
248	15074
248	15075
249	15076
249	15077
249	15078
249	15079
249	15080
249	15081
249	15082
249	15083
249	15084
249	15085
249	15086
249	15087
249	15088
249	15089
249	15090
249	15091
249	15092
249	15093
249	15094
249	15095
249	15096
249	15097
249	15098
249	15099
249	15100
249	15101
249	15102
249	15103
249	15104
249	15105
249	15106
249	15107
249	15108
249	15109
249	15110
249	15111
249	15112
249	15113
249	15114
249	15115
249	15116
249	15117
249	15118
249	15119
249	15120
249	15121
249	15122
249	15123
249	15124
249	15125
249	15126
249	15127
249	15128
249	15129
249	15130
250	15131
250	15132
250	15133
250	15134
250	15135
250	15136
250	15137
250	15138
250	15139
250	15140
250	15141
250	15142
250	15143
250	15144
250	15145
250	15146
250	15147
250	15148
250	15149
250	15150
250	15151
250	15152
250	15153
250	15154
250	15155
250	15156
250	15157
250	15158
250	15159
250	15160
250	15161
250	15162
250	15163
250	15164
250	15165
250	15166
250	15167
250	15168
250	15169
250	15170
250	15171
250	15172
250	15173
250	15174
250	15175
250	15176
250	15177
250	15178
250	15179
250	15180
250	15181
250	15182
250	15183
250	15184
250	15185
250	15186
250	15187
250	15188
250	15189
250	15190
250	15191
250	15192
250	15193
250	15194
250	15195
250	15196
250	15197
250	15198
250	15199
250	15200
250	15201
250	15202
250	15203
251	15204
251	15205
251	15206
251	15207
251	15208
251	15209
251	15210
251	15211
251	15212
251	15213
251	15214
251	15215
251	15216
251	15217
251	15218
251	15219
251	15220
251	15221
251	15222
251	15223
251	15224
251	15225
251	15226
251	15227
251	15228
251	15229
251	15230
251	15231
251	15232
251	15233
251	15234
251	15235
251	15236
251	15237
251	15238
251	15239
251	15240
251	15241
251	15242
251	15243
251	15244
251	15245
251	15246
251	15247
251	15248
251	15249
251	15250
251	15251
251	15252
251	15253
251	15254
251	15255
251	15256
251	15257
251	15258
251	15259
251	15260
251	15261
251	15262
251	15263
251	15264
251	15265
251	15266
251	15267
251	15268
251	15269
251	15270
251	15271
251	15272
251	15273
251	15274
251	15275
251	15276
251	15277
251	15278
251	15279
251	15280
251	15281
251	15282
251	15283
251	15284
251	15285
252	15286
252	15287
252	15288
252	15289
252	15290
252	15291
252	15292
252	15293
252	15294
252	15295
252	15296
252	15297
252	15298
252	15299
252	15300
252	15301
252	15302
252	15303
252	15304
252	15305
252	15306
252	15307
252	15308
252	15309
252	15310
252	15311
252	15312
252	15313
252	15314
252	15315
252	15316
252	15317
252	15318
252	15319
252	15320
252	15321
252	15322
252	15323
252	15324
252	15325
252	15326
252	15327
252	15328
252	15329
252	15330
252	15331
252	15332
252	15333
252	15334
252	15335
252	15336
252	15337
252	15338
252	15339
252	15340
252	15341
252	15342
252	15343
252	15344
252	15345
253	15346
253	15347
253	15348
253	15349
253	15350
253	15351
253	15352
253	15353
253	15354
253	15355
253	15356
253	15357
253	15358
253	15359
253	15360
253	15361
253	15362
253	15363
253	15364
253	15365
253	15366
253	15367
253	15368
253	15369
253	15370
253	15371
253	15372
253	15373
253	15374
253	15375
253	15376
253	15377
253	15378
253	15379
253	15380
253	15381
253	15382
253	15383
253	15384
253	15385
253	15386
253	15387
253	15388
253	15389
253	15390
253	15391
253	15392
253	15393
253	15394
253	15395
253	15396
253	15397
253	15398
253	15399
253	15400
253	15401
253	15402
253	15403
253	15404
253	15405
253	15406
253	15407
253	15408
253	15409
253	15410
253	15411
253	15412
253	15413
253	15414
253	15415
253	15416
253	15417
253	15418
253	15419
253	15420
253	15421
253	15422
253	15423
253	15424
253	15425
253	15426
253	15427
253	15428
253	15429
253	15430
254	15431
254	15432
254	15433
254	15434
254	15435
254	15436
254	15437
254	15438
254	15439
254	15440
254	15441
254	15442
254	15443
254	15444
254	15445
254	15446
254	15447
254	15448
254	15449
254	15450
254	15451
254	15452
254	15453
254	15454
254	15455
254	15456
254	15457
254	15458
254	15459
254	15460
254	15461
254	15462
254	15463
254	15464
254	15465
254	15466
254	15467
254	15468
254	15469
254	15470
254	15471
254	15472
254	15473
254	15474
254	15475
254	15476
254	15477
254	15478
255	15479
255	15480
255	15481
255	15482
255	15483
255	15484
255	15485
255	15486
255	15487
255	15488
255	15489
255	15490
255	15491
255	15492
255	15493
255	15494
255	15495
255	15496
255	15497
255	15498
255	15499
255	15500
255	15501
255	15502
255	15503
255	15504
255	15505
255	15506
255	15507
255	15508
255	15509
255	15510
255	15511
255	15512
255	15513
255	15514
255	15515
255	15516
255	15517
255	15518
255	15519
255	15520
255	15521
255	15522
255	15523
255	15524
255	15525
255	15526
255	15527
255	15528
255	15529
255	15530
255	15531
255	15532
255	15533
255	15534
255	15535
255	15536
255	15537
255	15538
255	15539
255	15540
255	15541
255	15542
255	15543
255	15544
255	15545
255	15546
255	15547
255	15548
255	15549
255	15550
255	15551
255	15552
255	15553
256	15554
256	15555
256	15556
256	15557
256	15558
256	15559
256	15560
256	15561
256	15562
256	15563
256	15564
256	15565
256	15566
256	15567
256	15568
256	15569
256	15570
256	15571
256	15572
256	15573
256	15574
256	15575
256	15576
256	15577
256	15578
256	15579
256	15580
256	15581
256	15582
256	15583
256	15584
256	15585
256	15586
256	15587
256	15588
256	15589
256	15590
256	15591
256	15592
256	15593
256	15594
256	15595
256	15596
256	15597
256	15598
256	15599
256	15600
256	15601
256	15602
256	15603
256	15604
256	15605
256	15606
256	15607
257	15608
257	15609
257	15610
257	15611
257	15612
257	15613
257	15614
257	15615
257	15616
257	15617
257	15618
257	15619
257	15620
257	15621
257	15622
257	15623
257	15624
257	15625
257	15626
257	15627
257	15628
257	15629
257	15630
257	15631
257	15632
257	15633
257	15634
257	15635
257	15636
257	15637
257	15638
257	15639
257	15640
257	15641
257	15642
257	15643
257	15644
257	15645
257	15646
257	15647
257	15648
257	15649
257	15650
257	15651
257	15652
257	15653
257	15654
257	15655
257	15656
257	15657
257	15658
257	15659
257	15660
257	15661
257	15662
257	15663
257	15664
257	15665
257	15666
257	15667
257	15668
257	15669
258	15670
258	15671
258	15672
258	15673
258	15674
258	15675
258	15676
258	15677
258	15678
258	15679
258	15680
258	15681
258	15682
258	15683
258	15684
258	15685
258	15686
258	15687
258	15688
258	15689
258	15690
258	15691
258	15692
258	15693
258	15694
258	15695
258	15696
258	15697
258	15698
258	15699
258	15700
258	15701
258	15702
258	15703
258	15704
258	15705
258	15706
258	15707
258	15708
258	15709
258	15710
258	15711
258	15712
258	15713
258	15714
258	15715
258	15716
258	15717
258	15718
258	15719
258	15720
258	15721
258	15722
258	15723
258	15724
258	15725
258	15726
258	15727
259	15728
259	15729
259	15730
259	15731
259	15732
259	15733
259	15734
259	15735
259	15736
259	15737
259	15738
259	15739
259	15740
259	15741
259	15742
259	15743
259	15744
259	15745
259	15746
259	15747
259	15748
259	15749
259	15750
259	15751
259	15752
259	15753
259	15754
259	15755
259	15756
259	15757
259	15758
259	15759
259	15760
259	15761
259	15762
259	15763
259	15764
259	15765
259	15766
259	15767
259	15768
259	15769
259	15770
259	15771
259	15772
259	15773
259	15774
259	15775
259	15776
259	15777
259	15778
259	15779
259	15780
259	15781
259	15782
259	15783
259	15784
259	15785
259	15786
259	15787
259	15788
259	15789
259	15790
259	15791
259	15792
259	15793
259	15794
259	15795
259	15796
259	15797
259	15798
259	15799
259	15800
259	15801
259	15802
259	15803
259	15804
259	15805
259	15806
259	15807
260	15808
260	15809
260	15810
260	15811
260	15812
260	15813
260	15814
260	15815
260	15816
260	15817
260	15818
260	15819
260	15820
260	15821
260	15822
260	15823
260	15824
260	15825
260	15826
260	15827
260	15828
260	15829
260	15830
260	15831
260	15832
260	15833
260	15834
260	15835
260	15836
260	15837
260	15838
260	15839
260	15840
260	15841
260	15842
260	15843
260	15844
260	15845
260	15846
260	15847
260	15848
260	15849
260	15850
260	15851
260	15852
260	15853
260	15854
260	15855
260	15856
260	15857
260	15858
260	15859
260	15860
261	15861
261	15862
261	15863
261	15864
261	15865
261	15866
261	15867
261	15868
261	15869
261	15870
261	15871
261	15872
261	15873
261	15874
261	15875
261	15876
261	15877
261	15878
261	15879
261	15880
261	15881
261	15882
261	15883
261	15884
261	15885
261	15886
261	15887
261	15888
261	15889
261	15890
261	15891
261	15892
261	15893
261	15894
261	15895
261	15896
261	15897
261	15898
261	15899
261	15900
261	15901
261	15902
262	15903
262	15904
262	15905
262	15906
262	15907
262	15908
262	15909
262	15910
262	15911
262	15912
262	15913
262	15914
262	15915
262	15916
262	15917
262	15918
262	15919
262	15920
262	15921
262	15922
262	15923
262	15924
262	15925
262	15926
262	15927
262	15928
262	15929
262	15930
262	15931
262	15932
262	15933
262	15934
262	15935
262	15936
262	15937
262	15938
262	15939
262	15940
262	15941
262	15942
262	15943
262	15944
262	15945
262	15946
262	15947
262	15948
262	15949
262	15950
262	15951
262	15952
262	15953
262	15954
262	15955
262	15956
262	15957
262	15958
262	15959
262	15960
262	15961
262	15962
262	15963
263	15964
263	15965
263	15966
263	15967
263	15968
263	15969
263	15970
263	15971
263	15972
263	15973
263	15974
263	15975
263	15976
263	15977
263	15978
263	15979
263	15980
263	15981
263	15982
263	15983
263	15984
263	15985
263	15986
263	15987
263	15988
263	15989
263	15990
263	15991
263	15992
263	15993
263	15994
263	15995
263	15996
263	15997
263	15998
263	15999
263	16000
263	16001
263	16002
263	16003
263	16004
263	16005
263	16006
263	16007
263	16008
263	16009
263	16010
263	16011
263	16012
263	16013
263	16014
263	16015
263	16016
263	16017
263	16018
263	16019
263	16020
263	16021
263	16022
263	16023
263	16024
263	16025
263	16026
264	16027
264	16028
264	16029
264	16030
264	16031
264	16032
264	16033
264	16034
264	16035
264	16036
264	16037
264	16038
264	16039
264	16040
264	16041
264	16042
264	16043
264	16044
264	16045
264	16046
264	16047
264	16048
264	16049
264	16050
264	16051
264	16052
264	16053
264	16054
264	16055
264	16056
264	16057
264	16058
264	16059
264	16060
264	16061
264	16062
264	16063
264	16064
264	16065
264	16066
264	16067
264	16068
264	16069
264	16070
264	16071
264	16072
264	16073
264	16074
265	16075
265	16076
265	16077
265	16078
265	16079
265	16080
265	16081
265	16082
265	16083
265	16084
265	16085
265	16086
265	16087
265	16088
265	16089
265	16090
265	16091
265	16092
265	16093
265	16094
265	16095
265	16096
265	16097
265	16098
265	16099
265	16100
265	16101
265	16102
265	16103
265	16104
265	16105
265	16106
265	16107
265	16108
265	16109
265	16110
265	16111
265	16112
265	16113
265	16114
265	16115
265	16116
265	16117
265	16118
265	16119
265	16120
266	16121
266	16122
266	16123
266	16124
266	16125
266	16126
266	16127
266	16128
266	16129
266	16130
266	16131
266	16132
266	16133
266	16134
266	16135
266	16136
266	16137
266	16138
266	16139
266	16140
266	16141
266	16142
266	16143
266	16144
266	16145
266	16146
266	16147
266	16148
266	16149
266	16150
266	16151
266	16152
266	16153
266	16154
266	16155
266	16156
266	16157
266	16158
266	16159
266	16160
266	16161
266	16162
266	16163
266	16164
266	16165
266	16166
266	16167
266	16168
266	16169
266	16170
266	16171
266	16172
267	16173
267	16174
267	16175
267	16176
267	16177
267	16178
267	16179
267	16180
267	16181
267	16182
267	16183
267	16184
267	16185
267	16186
267	16187
267	16188
267	16189
267	16190
267	16191
267	16192
267	16193
267	16194
267	16195
267	16196
267	16197
267	16198
267	16199
267	16200
267	16201
267	16202
267	16203
267	16204
267	16205
267	16206
267	16207
267	16208
267	16209
267	16210
267	16211
267	16212
267	16213
267	16214
267	16215
268	16216
268	16217
268	16218
268	16219
268	16220
268	16221
268	16222
268	16223
268	16224
268	16225
268	16226
268	16227
268	16228
268	16229
268	16230
268	16231
268	16232
268	16233
268	16234
268	16235
268	16236
268	16237
268	16238
268	16239
268	16240
268	16241
268	16242
268	16243
268	16244
268	16245
268	16246
268	16247
268	16248
268	16249
268	16250
268	16251
268	16252
268	16253
268	16254
268	16255
268	16256
268	16257
268	16258
268	16259
268	16260
268	16261
268	16262
268	16263
268	16264
268	16265
268	16266
268	16267
268	16268
268	16269
268	16270
268	16271
268	16272
268	16273
268	16274
268	16275
268	16276
268	16277
268	16278
268	16279
268	16280
268	16281
268	16282
268	16283
268	16284
268	16285
268	16286
268	16287
268	16288
268	16289
268	16290
268	16291
268	16292
269	16293
269	16294
269	16295
269	16296
269	16297
269	16298
269	16299
269	16300
269	16301
269	16302
269	16303
269	16304
269	16305
269	16306
269	16307
269	16308
269	16309
269	16310
269	16311
269	16312
269	16313
269	16314
269	16315
269	16316
269	16317
269	16318
269	16319
269	16320
269	16321
269	16322
269	16323
269	16324
269	16325
269	16326
269	16327
269	16328
269	16329
269	16330
269	16331
269	16332
269	16333
269	16334
269	16335
269	16336
269	16337
269	16338
269	16339
269	16340
269	16341
270	16342
270	16343
270	16344
270	16345
270	16346
270	16347
270	16348
270	16349
270	16350
270	16351
270	16352
270	16353
270	16354
270	16355
270	16356
270	16357
270	16358
270	16359
270	16360
270	16361
270	16362
270	16363
270	16364
270	16365
270	16366
270	16367
270	16368
270	16369
270	16370
270	16371
270	16372
270	16373
270	16374
270	16375
270	16376
270	16377
270	16378
270	16379
270	16380
270	16381
270	16382
270	16383
270	16384
270	16385
270	16386
270	16387
270	16388
270	16389
270	16390
270	16391
270	16392
270	16393
270	16394
270	16395
270	16396
270	16397
270	16398
270	16399
270	16400
270	16401
270	16402
270	16403
270	16404
270	16405
270	16406
270	16407
270	16408
270	16409
270	16410
270	16411
270	16412
270	16413
270	16414
270	16415
270	16416
270	16417
270	16418
270	16419
270	16420
271	16421
271	16422
271	16423
271	16424
271	16425
271	16426
271	16427
271	16428
271	16429
271	16430
271	16431
271	16432
271	16433
271	16434
271	16435
271	16436
271	16437
271	16438
271	16439
271	16440
271	16441
271	16442
271	16443
271	16444
271	16445
271	16446
271	16447
271	16448
271	16449
271	16450
271	16451
271	16452
271	16453
271	16454
271	16455
271	16456
271	16457
271	16458
271	16459
271	16460
271	16461
271	16462
271	16463
271	16464
271	16465
271	16466
271	16467
271	16468
271	16469
271	16470
271	16471
271	16472
271	16473
271	16474
271	16475
272	16476
272	16477
272	16478
272	16479
272	16480
272	16481
272	16482
272	16483
272	16484
272	16485
272	16486
272	16487
272	16488
272	16489
272	16490
272	16491
272	16492
272	16493
272	16494
272	16495
272	16496
272	16497
272	16498
272	16499
272	16500
272	16501
272	16502
272	16503
272	16504
272	16505
272	16506
272	16507
272	16508
272	16509
272	16510
272	16511
272	16512
272	16513
272	16514
272	16515
272	16516
272	16517
272	16518
272	16519
272	16520
272	16521
272	16522
272	16523
272	16524
272	16525
272	16526
272	16527
272	16528
272	16529
272	16530
272	16531
272	16532
272	16533
272	16534
272	16535
272	16536
272	16537
272	16538
272	16539
272	16540
272	16541
272	16542
272	16543
272	16544
272	16545
272	16546
272	16547
272	16548
273	16549
273	16550
273	16551
273	16552
273	16553
273	16554
273	16555
273	16556
273	16557
273	16558
273	16559
273	16560
273	16561
273	16562
273	16563
273	16564
273	16565
273	16566
273	16567
273	16568
273	16569
273	16570
273	16571
273	16572
273	16573
273	16574
273	16575
273	16576
273	16577
273	16578
273	16579
273	16580
273	16581
273	16582
273	16583
273	16584
273	16585
273	16586
273	16587
273	16588
273	16589
273	16590
273	16591
274	16592
274	16593
274	16594
274	16595
274	16596
274	16597
274	16598
274	16599
274	16600
274	16601
274	16602
274	16603
274	16604
274	16605
274	16606
274	16607
274	16608
274	16609
274	16610
274	16611
274	16612
274	16613
274	16614
274	16615
274	16616
274	16617
274	16618
274	16619
274	16620
274	16621
274	16622
274	16623
274	16624
274	16625
274	16626
274	16627
274	16628
274	16629
274	16630
274	16631
274	16632
274	16633
274	16634
274	16635
275	16636
275	16637
275	16638
275	16639
275	16640
275	16641
275	16642
275	16643
275	16644
275	16645
275	16646
275	16647
275	16648
275	16649
275	16650
275	16651
275	16652
275	16653
275	16654
275	16655
275	16656
275	16657
275	16658
275	16659
275	16660
275	16661
275	16662
275	16663
275	16664
275	16665
275	16666
275	16667
275	16668
275	16669
275	16670
275	16671
275	16672
275	16673
275	16674
275	16675
275	16676
275	16677
275	16678
275	16679
275	16680
275	16681
275	16682
275	16683
275	16684
275	16685
275	16686
275	16687
275	16688
276	16689
276	16690
276	16691
276	16692
276	16693
276	16694
276	16695
276	16696
276	16697
276	16698
276	16699
276	16700
276	16701
276	16702
276	16703
276	16704
276	16705
276	16706
276	16707
276	16708
276	16709
276	16710
276	16711
276	16712
276	16713
276	16714
276	16715
276	16716
276	16717
276	16718
276	16719
276	16720
276	16721
276	16722
276	16723
276	16724
276	16725
276	16726
276	16727
276	16728
276	16729
276	16730
276	16731
276	16732
276	16733
276	16734
276	16735
276	16736
276	16737
276	16738
276	16739
276	16740
276	16741
276	16742
276	16743
276	16744
276	16745
276	16746
276	16747
277	16748
277	16749
277	16750
277	16751
277	16752
277	16753
277	16754
277	16755
277	16756
277	16757
277	16758
277	16759
277	16760
277	16761
277	16762
277	16763
277	16764
277	16765
277	16766
277	16767
277	16768
277	16769
277	16770
277	16771
277	16772
277	16773
277	16774
277	16775
277	16776
277	16777
277	16778
277	16779
277	16780
277	16781
277	16782
277	16783
277	16784
277	16785
277	16786
277	16787
277	16788
277	16789
277	16790
277	16791
277	16792
277	16793
277	16794
277	16795
277	16796
277	16797
277	16798
277	16799
277	16800
277	16801
277	16802
277	16803
277	16804
277	16805
277	16806
278	16807
278	16808
278	16809
278	16810
278	16811
278	16812
278	16813
278	16814
278	16815
278	16816
278	16817
278	16818
278	16819
278	16820
278	16821
278	16822
278	16823
278	16824
278	16825
278	16826
278	16827
278	16828
278	16829
278	16830
278	16831
278	16832
278	16833
278	16834
278	16835
278	16836
278	16837
278	16838
278	16839
278	16840
278	16841
278	16842
278	16843
278	16844
278	16845
278	16846
278	16847
278	16848
278	16849
278	16850
278	16851
278	16852
278	16853
278	16854
278	16855
278	16856
278	16857
278	16858
278	16859
278	16860
278	16861
278	16862
278	16863
278	16864
278	16865
278	16866
278	16867
278	16868
278	16869
278	16870
278	16871
278	16872
278	16873
278	16874
278	16875
278	16876
278	16877
278	16878
278	16879
278	16880
278	16881
278	16882
278	16883
278	16884
278	16885
278	16886
278	16887
278	16888
278	16889
278	16890
278	16891
278	16892
278	16893
278	16894
278	16895
279	16896
279	16897
279	16898
279	16899
279	16900
279	16901
279	16902
279	16903
279	16904
279	16905
279	16906
279	16907
279	16908
279	16909
279	16910
279	16911
279	16912
279	16913
279	16914
279	16915
279	16916
279	16917
279	16918
279	16919
279	16920
279	16921
279	16922
279	16923
279	16924
279	16925
279	16926
279	16927
279	16928
279	16929
279	16930
279	16931
279	16932
279	16933
279	16934
279	16935
279	16936
279	16937
280	16938
280	16939
280	16940
280	16941
280	16942
280	16943
280	16944
280	16945
280	16946
280	16947
280	16948
280	16949
280	16950
280	16951
280	16952
280	16953
280	16954
280	16955
280	16956
280	16957
280	16958
280	16959
280	16960
280	16961
280	16962
280	16963
280	16964
280	16965
280	16966
280	16967
280	16968
280	16969
280	16970
280	16971
280	16972
280	16973
280	16974
280	16975
280	16976
280	16977
280	16978
280	16979
280	16980
280	16981
280	16982
280	16983
280	16984
280	16985
280	16986
280	16987
280	16988
280	16989
280	16990
280	16991
280	16992
280	16993
280	16994
280	16995
280	16996
280	16997
280	16998
280	16999
280	17000
280	17001
280	17002
280	17003
280	17004
280	17005
280	17006
280	17007
281	17008
281	17009
281	17010
281	17011
281	17012
281	17013
281	17014
281	17015
281	17016
281	17017
281	17018
281	17019
281	17020
281	17021
281	17022
281	17023
281	17024
281	17025
281	17026
281	17027
281	17028
281	17029
281	17030
281	17031
281	17032
281	17033
281	17034
281	17035
281	17036
281	17037
281	17038
281	17039
281	17040
281	17041
281	17042
281	17043
281	17044
281	17045
281	17046
281	17047
281	17048
281	17049
281	17050
281	17051
281	17052
281	17053
281	17054
281	17055
281	17056
281	17057
281	17058
281	17059
281	17060
281	17061
281	17062
281	17063
281	17064
282	17065
282	17066
282	17067
282	17068
282	17069
282	17070
282	17071
282	17072
282	17073
282	17074
282	17075
282	17076
282	17077
282	17078
282	17079
282	17080
282	17081
282	17082
282	17083
282	17084
282	17085
282	17086
282	17087
282	17088
282	17089
282	17090
282	17091
282	17092
282	17093
282	17094
282	17095
282	17096
282	17097
282	17098
282	17099
282	17100
282	17101
282	17102
282	17103
282	17104
282	17105
282	17106
282	17107
282	17108
282	17109
282	17110
282	17111
282	17112
283	17113
283	17114
283	17115
283	17116
283	17117
283	17118
283	17119
283	17120
283	17121
283	17122
283	17123
283	17124
283	17125
283	17126
283	17127
283	17128
283	17129
283	17130
283	17131
283	17132
283	17133
283	17134
283	17135
283	17136
283	17137
283	17138
283	17139
283	17140
283	17141
283	17142
283	17143
283	17144
283	17145
283	17146
283	17147
283	17148
283	17149
283	17150
283	17151
283	17152
283	17153
283	17154
283	17155
283	17156
283	17157
283	17158
283	17159
283	17160
283	17161
283	17162
283	17163
283	17164
283	17165
283	17166
284	17167
284	17168
284	17169
284	17170
284	17171
284	17172
284	17173
284	17174
284	17175
284	17176
284	17177
284	17178
284	17179
284	17180
284	17181
284	17182
284	17183
284	17184
284	17185
284	17186
284	17187
284	17188
284	17189
284	17190
284	17191
284	17192
284	17193
284	17194
284	17195
284	17196
284	17197
284	17198
284	17199
284	17200
284	17201
284	17202
284	17203
284	17204
284	17205
284	17206
284	17207
284	17208
284	17209
284	17210
284	17211
284	17212
284	17213
284	17214
284	17215
284	17216
284	17217
284	17218
284	17219
284	17220
284	17221
284	17222
284	17223
284	17224
284	17225
284	17226
284	17227
285	17228
285	17229
285	17230
285	17231
285	17232
285	17233
285	17234
285	17235
285	17236
285	17237
285	17238
285	17239
285	17240
285	17241
285	17242
285	17243
285	17244
285	17245
285	17246
285	17247
285	17248
285	17249
285	17250
285	17251
285	17252
285	17253
285	17254
285	17255
285	17256
285	17257
285	17258
285	17259
285	17260
285	17261
285	17262
285	17263
285	17264
285	17265
285	17266
285	17267
285	17268
285	17269
285	17270
285	17271
285	17272
285	17273
285	17274
285	17275
285	17276
285	17277
285	17278
285	17279
285	17280
285	17281
285	17282
285	17283
285	17284
285	17285
285	17286
285	17287
285	17288
285	17289
285	17290
285	17291
285	17292
285	17293
285	17294
285	17295
285	17296
285	17297
286	17298
286	17299
286	17300
286	17301
286	17302
286	17303
286	17304
286	17305
286	17306
286	17307
286	17308
286	17309
286	17310
286	17311
286	17312
286	17313
286	17314
286	17315
286	17316
286	17317
286	17318
286	17319
286	17320
286	17321
286	17322
286	17323
286	17324
286	17325
286	17326
286	17327
286	17328
286	17329
286	17330
286	17331
286	17332
286	17333
286	17334
286	17335
286	17336
286	17337
286	17338
286	17339
286	17340
286	17341
286	17342
286	17343
286	17344
286	17345
287	17346
287	17347
287	17348
287	17349
287	17350
287	17351
287	17352
287	17353
287	17354
287	17355
287	17356
287	17357
287	17358
287	17359
287	17360
287	17361
287	17362
287	17363
287	17364
287	17365
287	17366
287	17367
287	17368
287	17369
287	17370
287	17371
287	17372
287	17373
287	17374
287	17375
287	17376
287	17377
287	17378
287	17379
287	17380
287	17381
287	17382
287	17383
287	17384
287	17385
287	17386
287	17387
287	17388
287	17389
287	17390
287	17391
287	17392
287	17393
287	17394
287	17395
287	17396
287	17397
287	17398
287	17399
287	17400
287	17401
287	17402
287	17403
287	17404
287	17405
287	17406
287	17407
287	17408
287	17409
287	17410
287	17411
287	17412
287	17413
287	17414
287	17415
287	17416
287	17417
287	17418
287	17419
287	17420
287	17421
287	17422
287	17423
288	17424
288	17425
288	17426
288	17427
288	17428
288	17429
288	17430
288	17431
288	17432
288	17433
288	17434
288	17435
288	17436
288	17437
288	17438
288	17439
288	17440
288	17441
288	17442
288	17443
288	17444
288	17445
288	17446
288	17447
288	17448
288	17449
288	17450
288	17451
288	17452
288	17453
288	17454
288	17455
288	17456
288	17457
288	17458
288	17459
288	17460
288	17461
288	17462
288	17463
288	17464
288	17465
288	17466
288	17467
288	17468
288	17469
288	17470
288	17471
288	17472
288	17473
288	17474
288	17475
288	17476
288	17477
288	17478
288	17479
288	17480
289	17481
289	17482
289	17483
289	17484
289	17485
289	17486
289	17487
289	17488
289	17489
289	17490
289	17491
289	17492
289	17493
289	17494
289	17495
289	17496
289	17497
289	17498
289	17499
289	17500
289	17501
289	17502
289	17503
289	17504
289	17505
289	17506
289	17507
289	17508
289	17509
289	17510
289	17511
289	17512
289	17513
289	17514
289	17515
289	17516
289	17517
289	17518
289	17519
289	17520
289	17521
289	17522
289	17523
289	17524
289	17525
290	17526
290	17527
290	17528
290	17529
290	17530
290	17531
290	17532
290	17533
290	17534
290	17535
290	17536
290	17537
290	17538
290	17539
290	17540
290	17541
290	17542
290	17543
290	17544
290	17545
290	17546
290	17547
290	17548
290	17549
290	17550
290	17551
290	17552
290	17553
290	17554
290	17555
290	17556
290	17557
290	17558
290	17559
290	17560
290	17561
290	17562
290	17563
290	17564
290	17565
290	17566
290	17567
290	17568
290	17569
290	17570
290	17571
290	17572
290	17573
290	17574
290	17575
290	17576
290	17577
290	17578
290	17579
290	17580
290	17581
290	17582
290	17583
290	17584
290	17585
290	17586
290	17587
290	17588
290	17589
290	17590
290	17591
290	17592
290	17593
290	17594
290	17595
290	17596
290	17597
290	17598
290	17599
290	17600
290	17601
290	17602
290	17603
290	17604
290	17605
290	17606
290	17607
290	17608
290	17609
290	17610
290	17611
291	17612
291	17613
291	17614
291	17615
291	17616
291	17617
291	17618
291	17619
291	17620
291	17621
291	17622
291	17623
291	17624
291	17625
291	17626
291	17627
291	17628
291	17629
291	17630
291	17631
291	17632
291	17633
291	17634
291	17635
291	17636
291	17637
291	17638
291	17639
291	17640
291	17641
291	17642
291	17643
291	17644
291	17645
291	17646
291	17647
291	17648
291	17649
291	17650
291	17651
291	17652
291	17653
291	17654
291	17655
291	17656
291	17657
291	17658
291	17659
291	17660
291	17661
291	17662
291	17663
291	17664
291	17665
291	17666
291	17667
291	17668
291	17669
291	17670
291	17671
291	17672
291	17673
291	17674
291	17675
291	17676
291	17677
291	17678
291	17679
291	17680
291	17681
291	17682
291	17683
291	17684
292	17685
292	17686
292	17687
292	17688
292	17689
292	17690
292	17691
292	17692
292	17693
292	17694
292	17695
292	17696
292	17697
292	17698
292	17699
292	17700
292	17701
292	17702
292	17703
292	17704
292	17705
292	17706
292	17707
292	17708
292	17709
292	17710
292	17711
292	17712
292	17713
292	17714
292	17715
292	17716
292	17717
292	17718
292	17719
292	17720
292	17721
292	17722
292	17723
292	17724
292	17725
292	17726
292	17727
292	17728
292	17729
292	17730
292	17731
292	17732
292	17733
292	17734
292	17735
292	17736
292	17737
292	17738
292	17739
292	17740
292	17741
292	17742
292	17743
292	17744
292	17745
292	17746
292	17747
292	17748
292	17749
292	17750
292	17751
292	17752
292	17753
292	17754
293	17755
293	17756
293	17757
293	17758
293	17759
293	17760
293	17761
293	17762
293	17763
293	17764
293	17765
293	17766
293	17767
293	17768
293	17769
293	17770
293	17771
293	17772
293	17773
293	17774
293	17775
293	17776
293	17777
293	17778
293	17779
293	17780
293	17781
293	17782
293	17783
293	17784
293	17785
293	17786
293	17787
293	17788
293	17789
293	17790
293	17791
293	17792
293	17793
293	17794
293	17795
293	17796
293	17797
293	17798
293	17799
293	17800
293	17801
293	17802
293	17803
293	17804
293	17805
293	17806
293	17807
293	17808
293	17809
293	17810
293	17811
293	17812
293	17813
293	17814
293	17815
293	17816
293	17817
293	17818
293	17819
293	17820
293	17821
293	17822
293	17823
293	17824
294	17825
294	17826
294	17827
294	17828
294	17829
294	17830
294	17831
294	17832
294	17833
294	17834
294	17835
294	17836
294	17837
294	17838
294	17839
294	17840
294	17841
294	17842
294	17843
294	17844
294	17845
294	17846
294	17847
294	17848
294	17849
294	17850
294	17851
294	17852
294	17853
294	17854
294	17855
294	17856
294	17857
294	17858
294	17859
294	17860
294	17861
294	17862
294	17863
294	17864
294	17865
294	17866
294	17867
294	17868
294	17869
294	17870
294	17871
294	17872
294	17873
294	17874
294	17875
294	17876
294	17877
294	17878
295	17879
295	17880
295	17881
295	17882
295	17883
295	17884
295	17885
295	17886
295	17887
295	17888
295	17889
295	17890
295	17891
295	17892
295	17893
295	17894
295	17895
295	17896
295	17897
295	17898
295	17899
295	17900
295	17901
295	17902
295	17903
295	17904
295	17905
295	17906
295	17907
295	17908
295	17909
295	17910
295	17911
295	17912
295	17913
295	17914
295	17915
295	17916
295	17917
295	17918
295	17919
295	17920
295	17921
295	17922
295	17923
295	17924
295	17925
295	17926
295	17927
295	17928
295	17929
295	17930
295	17931
296	17932
296	17933
296	17934
296	17935
296	17936
296	17937
296	17938
296	17939
296	17940
296	17941
296	17942
296	17943
296	17944
296	17945
296	17946
296	17947
296	17948
296	17949
296	17950
296	17951
296	17952
296	17953
296	17954
296	17955
296	17956
296	17957
296	17958
296	17959
296	17960
296	17961
296	17962
296	17963
296	17964
296	17965
296	17966
296	17967
296	17968
296	17969
296	17970
296	17971
296	17972
296	17973
296	17974
296	17975
296	17976
296	17977
296	17978
296	17979
296	17980
296	17981
296	17982
296	17983
296	17984
296	17985
296	17986
296	17987
296	17988
297	17989
297	17990
297	17991
297	17992
297	17993
297	17994
297	17995
297	17996
297	17997
297	17998
297	17999
297	18000
297	18001
297	18002
297	18003
297	18004
297	18005
297	18006
297	18007
297	18008
297	18009
297	18010
297	18011
297	18012
297	18013
297	18014
297	18015
297	18016
297	18017
297	18018
297	18019
297	18020
297	18021
297	18022
297	18023
297	18024
297	18025
297	18026
297	18027
298	18028
298	18029
298	18030
298	18031
298	18032
298	18033
298	18034
298	18035
298	18036
298	18037
298	18038
298	18039
298	18040
298	18041
298	18042
298	18043
298	18044
298	18045
298	18046
298	18047
298	18048
298	18049
298	18050
298	18051
298	18052
298	18053
298	18054
298	18055
298	18056
298	18057
298	18058
298	18059
298	18060
298	18061
298	18062
298	18063
298	18064
298	18065
298	18066
298	18067
298	18068
298	18069
298	18070
298	18071
298	18072
298	18073
298	18074
298	18075
298	18076
298	18077
298	18078
298	18079
298	18080
298	18081
298	18082
299	18083
299	18084
299	18085
299	18086
299	18087
299	18088
299	18089
299	18090
299	18091
299	18092
299	18093
299	18094
299	18095
299	18096
299	18097
299	18098
299	18099
299	18100
299	18101
299	18102
299	18103
299	18104
299	18105
299	18106
299	18107
299	18108
299	18109
299	18110
299	18111
299	18112
299	18113
299	18114
299	18115
299	18116
299	18117
299	18118
299	18119
299	18120
299	18121
299	18122
299	18123
299	18124
299	18125
299	18126
299	18127
299	18128
299	18129
299	18130
299	18131
299	18132
299	18133
299	18134
299	18135
299	18136
299	18137
299	18138
299	18139
299	18140
299	18141
299	18142
299	18143
299	18144
299	18145
299	18146
299	18147
299	18148
299	18149
299	18150
299	18151
299	18152
299	18153
299	18154
299	18155
299	18156
299	18157
300	18158
300	18159
300	18160
300	18161
300	18162
300	18163
300	18164
300	18165
300	18166
300	18167
300	18168
300	18169
300	18170
300	18171
300	18172
300	18173
300	18174
300	18175
300	18176
300	18177
300	18178
300	18179
300	18180
300	18181
300	18182
300	18183
300	18184
300	18185
300	18186
300	18187
300	18188
300	18189
300	18190
300	18191
300	18192
300	18193
300	18194
300	18195
300	18196
300	18197
300	18198
300	18199
300	18200
300	18201
300	18202
300	18203
300	18204
300	18205
300	18206
300	18207
300	18208
300	18209
300	18210
300	18211
300	18212
300	18213
300	18214
300	18215
300	18216
300	18217
300	18218
300	18219
300	18220
300	18221
300	18222
300	18223
300	18224
300	18225
300	18226
301	18227
301	18228
301	18229
301	18230
301	18231
301	18232
301	18233
301	18234
301	18235
301	18236
301	18237
301	18238
301	18239
301	18240
301	18241
301	18242
301	18243
301	18244
301	18245
301	18246
301	18247
301	18248
301	18249
301	18250
301	18251
301	18252
301	18253
301	18254
301	18255
301	18256
301	18257
301	18258
301	18259
301	18260
301	18261
301	18262
301	18263
301	18264
301	18265
301	18266
301	18267
301	18268
301	18269
301	18270
301	18271
301	18272
301	18273
301	18274
301	18275
301	18276
301	18277
301	18278
301	18279
301	18280
301	18281
301	18282
302	18283
302	18284
302	18285
302	18286
302	18287
302	18288
302	18289
302	18290
302	18291
302	18292
302	18293
302	18294
302	18295
302	18296
302	18297
302	18298
302	18299
302	18300
302	18301
302	18302
302	18303
302	18304
302	18305
302	18306
302	18307
302	18308
302	18309
302	18310
302	18311
302	18312
302	18313
302	18314
302	18315
302	18316
302	18317
302	18318
302	18319
302	18320
302	18321
302	18322
302	18323
302	18324
302	18325
302	18326
302	18327
302	18328
302	18329
302	18330
302	18331
302	18332
302	18333
302	18334
302	18335
302	18336
302	18337
302	18338
302	18339
302	18340
302	18341
302	18342
303	18343
303	18344
303	18345
303	18346
303	18347
303	18348
303	18349
303	18350
303	18351
303	18352
303	18353
303	18354
303	18355
303	18356
303	18357
303	18358
303	18359
303	18360
303	18361
303	18362
303	18363
303	18364
303	18365
303	18366
303	18367
303	18368
303	18369
303	18370
303	18371
303	18372
303	18373
303	18374
303	18375
303	18376
303	18377
303	18378
303	18379
303	18380
303	18381
303	18382
303	18383
303	18384
303	18385
303	18386
303	18387
303	18388
303	18389
303	18390
303	18391
304	18392
304	18393
304	18394
304	18395
304	18396
304	18397
304	18398
304	18399
304	18400
304	18401
304	18402
304	18403
304	18404
304	18405
304	18406
304	18407
304	18408
304	18409
304	18410
304	18411
304	18412
304	18413
304	18414
304	18415
304	18416
304	18417
304	18418
304	18419
304	18420
304	18421
304	18422
304	18423
304	18424
304	18425
304	18426
304	18427
304	18428
304	18429
304	18430
304	18431
304	18432
304	18433
304	18434
304	18435
304	18436
304	18437
304	18438
304	18439
304	18440
304	18441
304	18442
304	18443
304	18444
304	18445
304	18446
304	18447
304	18448
304	18449
304	18450
305	18451
305	18452
305	18453
305	18454
305	18455
305	18456
305	18457
305	18458
305	18459
305	18460
305	18461
305	18462
305	18463
305	18464
305	18465
305	18466
305	18467
305	18468
305	18469
305	18470
305	18471
305	18472
305	18473
305	18474
305	18475
305	18476
305	18477
305	18478
305	18479
305	18480
305	18481
305	18482
305	18483
305	18484
305	18485
305	18486
305	18487
305	18488
305	18489
305	18490
305	18491
305	18492
305	18493
305	18494
305	18495
305	18496
305	18497
305	18498
305	18499
305	18500
305	18501
305	18502
305	18503
305	18504
305	18505
305	18506
305	18507
305	18508
305	18509
305	18510
305	18511
305	18512
305	18513
305	18514
305	18515
305	18516
305	18517
305	18518
305	18519
305	18520
305	18521
305	18522
306	18523
306	18524
306	18525
306	18526
306	18527
306	18528
306	18529
306	18530
306	18531
306	18532
306	18533
306	18534
306	18535
306	18536
306	18537
306	18538
306	18539
306	18540
306	18541
306	18542
306	18543
306	18544
306	18545
306	18546
306	18547
306	18548
306	18549
306	18550
306	18551
306	18552
306	18553
306	18554
306	18555
306	18556
306	18557
306	18558
306	18559
306	18560
306	18561
306	18562
306	18563
306	18564
306	18565
306	18566
306	18567
306	18568
306	18569
306	18570
306	18571
306	18572
306	18573
306	18574
306	18575
306	18576
306	18577
306	18578
306	18579
306	18580
306	18581
306	18582
306	18583
306	18584
306	18585
306	18586
306	18587
306	18588
306	18589
306	18590
307	18591
307	18592
307	18593
307	18594
307	18595
307	18596
307	18597
307	18598
307	18599
307	18600
307	18601
307	18602
307	18603
307	18604
307	18605
307	18606
307	18607
307	18608
307	18609
307	18610
307	18611
307	18612
307	18613
307	18614
307	18615
307	18616
307	18617
307	18618
307	18619
307	18620
307	18621
307	18622
307	18623
307	18624
307	18625
307	18626
307	18627
307	18628
307	18629
307	18630
307	18631
307	18632
307	18633
307	18634
307	18635
307	18636
307	18637
307	18638
307	18639
307	18640
307	18641
307	18642
307	18643
307	18644
307	18645
307	18646
307	18647
307	18648
307	18649
307	18650
307	18651
307	18652
308	18653
308	18654
308	18655
308	18656
308	18657
308	18658
308	18659
308	18660
308	18661
308	18662
308	18663
308	18664
308	18665
308	18666
308	18667
308	18668
308	18669
308	18670
308	18671
308	18672
308	18673
308	18674
308	18675
308	18676
308	18677
308	18678
308	18679
308	18680
308	18681
308	18682
308	18683
308	18684
308	18685
308	18686
308	18687
308	18688
308	18689
308	18690
308	18691
308	18692
308	18693
308	18694
308	18695
308	18696
308	18697
308	18698
308	18699
308	18700
308	18701
308	18702
308	18703
308	18704
308	18705
308	18706
309	18707
309	18708
309	18709
309	18710
309	18711
309	18712
309	18713
309	18714
309	18715
309	18716
309	18717
309	18718
309	18719
309	18720
309	18721
309	18722
309	18723
309	18724
309	18725
309	18726
309	18727
309	18728
309	18729
309	18730
309	18731
309	18732
309	18733
309	18734
309	18735
309	18736
309	18737
309	18738
309	18739
309	18740
309	18741
309	18742
309	18743
309	18744
309	18745
309	18746
309	18747
309	18748
309	18749
309	18750
309	18751
309	18752
309	18753
309	18754
309	18755
309	18756
309	18757
309	18758
309	18759
309	18760
309	18761
309	18762
309	18763
309	18764
309	18765
309	18766
309	18767
309	18768
309	18769
309	18770
309	18771
309	18772
309	18773
309	18774
309	18775
309	18776
309	18777
309	18778
309	18779
309	18780
309	18781
309	18782
309	18783
309	18784
309	18785
309	18786
309	18787
309	18788
309	18789
309	18790
309	18791
310	18792
310	18793
310	18794
310	18795
310	18796
310	18797
310	18798
310	18799
310	18800
310	18801
310	18802
310	18803
310	18804
310	18805
310	18806
310	18807
310	18808
310	18809
310	18810
310	18811
310	18812
310	18813
310	18814
310	18815
310	18816
310	18817
310	18818
310	18819
310	18820
310	18821
310	18822
310	18823
310	18824
310	18825
310	18826
310	18827
310	18828
310	18829
310	18830
310	18831
310	18832
310	18833
310	18834
310	18835
310	18836
310	18837
310	18838
310	18839
310	18840
310	18841
310	18842
310	18843
310	18844
310	18845
310	18846
310	18847
310	18848
311	18849
311	18850
311	18851
311	18852
311	18853
311	18854
311	18855
311	18856
311	18857
311	18858
311	18859
311	18860
311	18861
311	18862
311	18863
311	18864
311	18865
311	18866
311	18867
311	18868
311	18869
311	18870
311	18871
311	18872
311	18873
311	18874
311	18875
311	18876
311	18877
311	18878
311	18879
311	18880
311	18881
311	18882
311	18883
311	18884
311	18885
311	18886
311	18887
311	18888
311	18889
311	18890
311	18891
311	18892
311	18893
311	18894
311	18895
311	18896
311	18897
311	18898
311	18899
311	18900
311	18901
311	18902
311	18903
311	18904
311	18905
311	18906
311	18907
311	18908
312	18909
312	18910
312	18911
312	18912
312	18913
312	18914
312	18915
312	18916
312	18917
312	18918
312	18919
312	18920
312	18921
312	18922
312	18923
312	18924
312	18925
312	18926
312	18927
312	18928
312	18929
312	18930
312	18931
312	18932
312	18933
312	18934
312	18935
312	18936
312	18937
312	18938
312	18939
312	18940
312	18941
312	18942
312	18943
312	18944
312	18945
312	18946
312	18947
312	18948
312	18949
313	18950
313	18951
313	18952
313	18953
313	18954
313	18955
313	18956
313	18957
313	18958
313	18959
313	18960
313	18961
313	18962
313	18963
313	18964
313	18965
313	18966
313	18967
313	18968
313	18969
313	18970
313	18971
313	18972
313	18973
313	18974
313	18975
313	18976
313	18977
313	18978
313	18979
313	18980
313	18981
313	18982
313	18983
313	18984
313	18985
313	18986
313	18987
313	18988
313	18989
313	18990
313	18991
313	18992
313	18993
313	18994
313	18995
313	18996
313	18997
313	18998
313	18999
313	19000
313	19001
313	19002
313	19003
313	19004
313	19005
313	19006
313	19007
313	19008
313	19009
313	19010
313	19011
313	19012
313	19013
313	19014
313	19015
314	19016
314	19017
314	19018
314	19019
314	19020
314	19021
314	19022
314	19023
314	19024
314	19025
314	19026
314	19027
314	19028
314	19029
314	19030
314	19031
314	19032
314	19033
314	19034
314	19035
314	19036
314	19037
314	19038
314	19039
314	19040
314	19041
314	19042
314	19043
314	19044
314	19045
314	19046
314	19047
314	19048
314	19049
314	19050
314	19051
314	19052
314	19053
314	19054
314	19055
314	19056
314	19057
314	19058
314	19059
314	19060
314	19061
314	19062
314	19063
314	19064
314	19065
314	19066
314	19067
314	19068
314	19069
314	19070
314	19071
314	19072
315	19073
315	19074
315	19075
315	19076
315	19077
315	19078
315	19079
315	19080
315	19081
315	19082
315	19083
315	19084
315	19085
315	19086
315	19087
315	19088
315	19089
315	19090
315	19091
315	19092
315	19093
315	19094
315	19095
315	19096
315	19097
315	19098
315	19099
315	19100
315	19101
315	19102
315	19103
315	19104
315	19105
315	19106
315	19107
315	19108
315	19109
315	19110
315	19111
315	19112
315	19113
315	19114
315	19115
315	19116
315	19117
315	19118
315	19119
315	19120
315	19121
315	19122
315	19123
315	19124
315	19125
316	19126
316	19127
316	19128
316	19129
316	19130
316	19131
316	19132
316	19133
316	19134
316	19135
316	19136
316	19137
316	19138
316	19139
316	19140
316	19141
316	19142
316	19143
316	19144
316	19145
316	19146
316	19147
316	19148
316	19149
316	19150
316	19151
316	19152
316	19153
316	19154
316	19155
316	19156
316	19157
316	19158
316	19159
316	19160
316	19161
316	19162
316	19163
316	19164
316	19165
316	19166
316	19167
316	19168
316	19169
316	19170
316	19171
316	19172
316	19173
316	19174
316	19175
316	19176
316	19177
316	19178
316	19179
316	19180
316	19181
316	19182
316	19183
316	19184
317	19185
317	19186
317	19187
317	19188
317	19189
317	19190
317	19191
317	19192
317	19193
317	19194
317	19195
317	19196
317	19197
317	19198
317	19199
317	19200
317	19201
317	19202
317	19203
317	19204
317	19205
317	19206
317	19207
317	19208
317	19209
317	19210
317	19211
317	19212
317	19213
317	19214
317	19215
317	19216
317	19217
317	19218
317	19219
317	19220
317	19221
317	19222
317	19223
317	19224
317	19225
317	19226
317	19227
317	19228
317	19229
317	19230
317	19231
317	19232
317	19233
317	19234
317	19235
317	19236
317	19237
317	19238
317	19239
317	19240
317	19241
317	19242
317	19243
317	19244
318	19245
318	19246
318	19247
318	19248
318	19249
318	19250
318	19251
318	19252
318	19253
318	19254
318	19255
318	19256
318	19257
318	19258
318	19259
318	19260
318	19261
318	19262
318	19263
318	19264
318	19265
318	19266
318	19267
318	19268
318	19269
318	19270
318	19271
318	19272
318	19273
318	19274
318	19275
318	19276
318	19277
318	19278
318	19279
318	19280
318	19281
318	19282
318	19283
318	19284
318	19285
318	19286
318	19287
318	19288
318	19289
318	19290
318	19291
318	19292
318	19293
318	19294
318	19295
318	19296
318	19297
318	19298
318	19299
318	19300
318	19301
318	19302
318	19303
318	19304
318	19305
318	19306
318	19307
318	19308
319	19309
319	19310
319	19311
319	19312
319	19313
319	19314
319	19315
319	19316
319	19317
319	19318
319	19319
319	19320
319	19321
319	19322
319	19323
319	19324
319	19325
319	19326
319	19327
319	19328
319	19329
319	19330
319	19331
319	19332
319	19333
319	19334
319	19335
319	19336
319	19337
319	19338
319	19339
319	19340
319	19341
319	19342
319	19343
319	19344
319	19345
319	19346
319	19347
319	19348
319	19349
319	19350
319	19351
319	19352
319	19353
319	19354
319	19355
319	19356
319	19357
319	19358
319	19359
319	19360
319	19361
319	19362
319	19363
319	19364
319	19365
319	19366
320	19367
320	19368
320	19369
320	19370
320	19371
320	19372
320	19373
320	19374
320	19375
320	19376
320	19377
320	19378
320	19379
320	19380
320	19381
320	19382
320	19383
320	19384
320	19385
320	19386
320	19387
320	19388
320	19389
320	19390
320	19391
320	19392
320	19393
320	19394
320	19395
320	19396
320	19397
320	19398
320	19399
320	19400
320	19401
320	19402
320	19403
320	19404
320	19405
320	19406
320	19407
320	19408
320	19409
320	19410
320	19411
320	19412
320	19413
320	19414
320	19415
320	19416
320	19417
320	19418
320	19419
320	19420
320	19421
320	19422
320	19423
320	19424
321	19425
321	19426
321	19427
321	19428
321	19429
321	19430
321	19431
321	19432
321	19433
321	19434
321	19435
321	19436
321	19437
321	19438
321	19439
321	19440
321	19441
321	19442
321	19443
321	19444
321	19445
321	19446
321	19447
321	19448
321	19449
321	19450
321	19451
321	19452
321	19453
321	19454
321	19455
321	19456
321	19457
321	19458
321	19459
321	19460
321	19461
321	19462
321	19463
321	19464
321	19465
321	19466
321	19467
321	19468
321	19469
321	19470
321	19471
321	19472
321	19473
321	19474
321	19475
321	19476
321	19477
321	19478
321	19479
321	19480
321	19481
321	19482
321	19483
321	19484
321	19485
321	19486
321	19487
321	19488
321	19489
321	19490
321	19491
321	19492
321	19493
321	19494
321	19495
321	19496
321	19497
321	19498
321	19499
321	19500
321	19501
321	19502
321	19503
321	19504
321	19505
321	19506
321	19507
321	19508
321	19509
321	19510
321	19511
321	19512
321	19513
321	19514
321	19515
321	19516
321	19517
322	19518
322	19519
322	19520
322	19521
322	19522
322	19523
322	19524
322	19525
322	19526
322	19527
322	19528
322	19529
322	19530
322	19531
322	19532
322	19533
322	19534
322	19535
322	19536
322	19537
322	19538
322	19539
322	19540
322	19541
322	19542
322	19543
322	19544
322	19545
322	19546
322	19547
322	19548
322	19549
322	19550
322	19551
322	19552
322	19553
322	19554
322	19555
322	19556
322	19557
322	19558
322	19559
322	19560
322	19561
322	19562
322	19563
322	19564
322	19565
322	19566
322	19567
322	19568
322	19569
322	19570
322	19571
322	19572
322	19573
322	19574
322	19575
322	19576
322	19577
322	19578
322	19579
322	19580
322	19581
322	19582
323	19583
323	19584
323	19585
323	19586
323	19587
323	19588
323	19589
323	19590
323	19591
323	19592
323	19593
323	19594
323	19595
323	19596
323	19597
323	19598
323	19599
323	19600
323	19601
323	19602
323	19603
323	19604
323	19605
323	19606
323	19607
323	19608
323	19609
323	19610
323	19611
323	19612
323	19613
323	19614
323	19615
323	19616
323	19617
323	19618
323	19619
