token_ref	lemma	postag	oga_lemma	glaux_lemma	oga_postag	glaux_postag	notes
1	ἀλλά	d--------	ἀλλά	ἀλλά	d--------	d--------	
2	ἐγώ	p1s---cd-	ἐγώ	ἐγώ	p-s---md-	p1s---cd-	
3	δοκέω	v3spia---	δοκέω	δοκέω	v3spia---	v3spia---	
4	ὁ	l-p---mg-	ὁ	ὁ	l-p---mg-	l-p---mg-	
5	καλός	a-p---mg-	καλός	καλός	a-p---mg-	a-p---mg-	
6	καί	c--------	καί		c--------		oga_only
7	ἀγαθός	a-p---mg-	ἀγαθός		a-p---mg-		oga_only
8	ἀνήρ	n-p---mg-	ἀνήρ	ἀνήρ	n-p---mg-	n-p---mg-	
9	ἔργον	n-p---nn-	ἔργον	ἔργον	n-p---nn-	n-p---nn-	
10	οὐ	d--------	οὐ	οὐ	d--------	d--------	
11	μόνος	a-s---na-	μόνος	μόνος	a-s---na-	a-s---na-	
12	ὁ	l-p---nn-	ὁ	ὁ	l-p---nn-	l-p---nn-	
13	μετά	r--------	μετά	μετά	r--------	r--------	
14	σπουδή	n-s---fg-	σπουδή	σπουδή	n-s---fg-	n-s---fg-	
15	πράσσω	v-pppmnn-	πράσσω	πράσσω	v-pppenn-	v-pppmnn-	
16	ἀξιομνημόνευτος	a-p---nn-	ἀξιομνημόνευτος	ἀξιομνημόνευτος	a-p---nn-	a-p---nn-	
17	εἰμί	v--pna---	εἰμί	εἰμί	v--pna---	v--pna---	
18	,	u--------	,	,	u--------	u--------	
19	ἀλλά	b--------	ἀλλά	ἀλλά	c--------	b--------	
20	καί	d--------	καί	καί	d--------	d--------	
21	ὁ	l-p---nn-	ὁ	ὁ	l-p---nn-	l-p---nn-	
22	ἐν	r--------	ἐν	ἐν	r--------	r--------	
23	ὁ	l-p---fd-	ὁ	ὁ	l-p---fd-	l-p---fd-	
24	παιδιά	n-p---fd-	παιδιή	παιδιά	n-p---fd-	n-p---fd-	DISAGREE
25	.	u--------	.	.	u--------	u--------	
26	ὅς	p-p---nd-	ὅς	ὅς	p-p---nd-	p-p---nd-	
27	δέ	b--------	δέ	δέ	d--------	b--------	
28	παραγίγνομαι	v-sapmmn-	παραγίγνομαι	παραγίγνομαι	v-sapmmn-	v-sapmmn-	
29	οὗτος	p-p---na-	οὗτος	οὗτος	p-p---na-	p-p---na-	
30	γιγνώσκω	v1spia---	γιγνώσκω	γιγνώσκω	v1spia---	v1spia---	
31	δηλόω	v--ana---	δηλόω	δηλόω	v--ana---	v--ana---	
32	βούλομαι	v1spim---	βούλομαι	βούλομαι	v1spie---	v1spim---	
33	.	u--------	.	.	u--------	u--------	
34	εἰμί	v3siia---	εἰμί	εἰμί	v3siia---	v3siia---	
35	μέν	g--------	μέν	μέν	d--------	g--------	
36	γάρ	g--------	γάρ	γάρ	d--------	g--------	
37	Παναθήναια	a-p---ng-	παναθήναια	Παναθήναια	a-p---ng-	a-p---ng-	
38	ὁ	l-p---ng-	ὁ	ὁ	l-p---ng-	l-p---ng-	
39	μέγας	a-p---ng-	μέγας	μέγας	a-p---ng-	a-p---ng-	
40	ἱπποδρομία	n-s---fn-	ἱπποδρομία	ἱπποδρομία	n-s---fn-	n-s---fn-	
41	,	u--------	,	,	u--------	u--------	
42	Καλλίας	n-s---mn-	καλλίας	Καλλίας	n-s---mn-	n-s---mn-	
43	δέ	b--------	δέ	δέ	c--------	b--------	
44	ὁ	l-s---mn-	ὁ	ὁ	l-s---mn-	l-s---mn-	
45	Ἱππόνικος	n-s---mg-	ἱππόνικος	Ἱππόνικος	n-s---mg-	n-s---mg-	
46	ἐράω	v-sppamn-	ἐράω1	ἐράω	v-sppamn-	v-sppamn-	
47	τυγχάνω	v3siia---	τυγχάνω	τυγχάνω	v3siia---	v3siia---	
48	Αὐτόλυκος	n-s---mg-	αὐτόλυκος	Αὐτόλυκος	n-s---mg-	n-s---mg-	
49	παῖς	n-s---mg-	παῖς	παῖς	n-s---mg-	n-s---mg-	
50	εἰμί	v-sppamg-	εἰμί	εἰμί	v-sppamg-	v-sppamg-	
51	,	u--------	,	,	u--------	u--------	
52	καί	b--------	καί	καί	c--------	b--------	
53	νικάω	v-srpama-	νικάω	νικάω	v-srpama-	v-srpama-	
54	αὐτός	p-s---ma-	αὐτός	αὐτός	p-s---ma-	p-s---ma-	
55	παγκράτιον	n-s---na-	παγκράτιον	παγκράτιον	n-s---na-	n-s---na-	
56	ἥκω	v3siia---	ἥκω	ἥκω	v3siia---	v3siia---	
57	ἄγω	v-sppamn-	ἄγω	ἄγω	v-sppamn-	v-sppamn-	
58	ἐπί	r--------	ἐπί	ἐπί	r--------	r--------	
59	ὁ	l-s---fa-	ὁ	ὁ	l-s---fa-	l-s---fa-	
60	θέα	n-s---fa-	θέα	θέα	n-s---fa-	n-s---fa-	
61	.	u--------	.	.	u--------	u--------	
62	ὡς	c--------	ὡς	ὡς	c--------	c--------	
63	δέ	b--------	δέ	δέ	d--------	b--------	
64	ὁ	l-s---fn-	ὁ	ὁ	l-s---fn-	l-s---fn-	
65	ἱπποδρομία	n-s---fn-	ἱπποδρομία	ἱπποδρομία	n-s---fn-	n-s---fn-	
66	λήγω	v3saia---	λήγω	λήγω	v3saia---	v3saia---	
67	,	u--------	,	,	u--------	u--------	
68	ἔχω	v-sppamn-	ἔχω	ἔχω	v-sppamn-	v-sppamn-	
69	ὁ	l-s---ma-	ὁ	ὁ	l-s---ma-	l-s---ma-	
70	τε	b--------	τε	τε	d--------	b--------	
71	Αὐτόλυκος	n-s---ma-	αὐτόλυκος	Αὐτόλυκος	n-s---ma-	n-s---ma-	
72	καί	b--------	καί	καί	c--------	b--------	
73	ὁ	l-s---ma-	ὁ	ὁ	l-s---ma-	l-s---ma-	
74	πατήρ	n-s---ma-	πατήρ	πατήρ	n-s---ma-	n-s---ma-	
75	αὐτός	p-s---mg-	αὐτός	αὐτός	p-s---mg-	p-s---mg-	
76	ἀπέρχομαι	v3siia---	ἄπειμι2	ἀπέρχομαι	v3siia---	v3siia---	DISAGREE
77	εἰς	r--------	εἰς	εἰς	r--------	r--------	
78	ὁ	l-s---fa-	ὁ	ὁ	l-s---fa-	l-s---fa-	
79	ἐν	r--------	ἐν	ἐν	r--------	r--------	
80	Πειραιεύς	n-s---md-	πειραιεύς	Πειραιεύς	n-s---md-	n-s---md-	
81	οἰκία	n-s---fa-	οἰκία	οἰκία	n-s---fa-	n-s---fa-	
82	·	u--------	·	·	u--------	u--------	
83	συνέπομαι	v3siim---	συνέπομαι	συνέπομαι	v3siie---	v3siim---	
84	δέ	b--------	δέ	δέ	d--------	b--------	
85	αὐτός	p-s---md-	αὐτός	αὐτός	p-s---md-	p-s---md-	
86	καί	d--------	καί	καί	d--------	d--------	
87	Νικήρατος	n-s---mn-	νικήρατος	Νικήρατος	n-s---mn-	n-s---mn-	
88	.	u--------	.	.	u--------	u--------	
89	ὁράω	v-sapamn-	εἶδον	ὁράω	v-sapamn-	v-sapamn-	DISAGREE
90	δέ	b--------	δέ	δέ	d--------	b--------	
91	ὁμοῦ	d--------	ὁμοῦ	ὁμοῦ	d--------	d--------	
92	εἰμί	v-pppama-	εἰμί	εἰμί	v-pppama-	v-pppama-	
93	Σωκράτης	n-s---ma-	σωκράτης	Σωκράτης	n-s---ma-	n-s---ma-	
94	τε	b--------	τε	τε	d--------	b--------	
95	καί	b--------	καί	καί	d--------	b--------	
96	Κριτόβουλος	n-s---ma-	κριτόβουλος	Κριτόβουλος	n-s---ma-	n-s---ma-	
97	καί	b--------	καί	καί	d--------	b--------	
98	Ἑρμογένης	n-s---ma-	ἑρμογένης	Ἑρμογένης	n-s---ma-	n-s---ma-	
99	καί	b--------	καί	καί	d--------	b--------	
100	Ἀντισθένης	n-s---ma-	ἀντισθένης	Ἀντισθένης	n-s---ma-	n-s---ma-	
101	καί	b--------	καί	καί	c--------	b--------	
102	Χαρμίδης	n-s---ma-	χαρμίδης	Χαρμίδης	n-s---ma-	n-s---ma-	
103	,	u--------	,	,	u--------	u--------	
104	ὁ	l-p---md-	ὁ	ὁ	l-p---md-	l-p---md-	
105	μέν	g--------	μέν	μέν	d--------	g--------	
106	ἀμφί	r--------	ἀμφί	ἀμφί	r--------	r--------	
107	Αὐτόλυκος	n-s---ma-	αὐτόλυκος	Αὐτόλυκος	n-s---ma-	n-s---ma-	
108	ἡγέομαι	v--pnm---	ἡγέομαι	ἡγέομαι	v--pnm---	v--pnm---	
109	τις	p-s---ca-	τις	τις	p-s---ma-	p-s---ca-	
110	τάσσω	v3saia---	τάσσω	τάσσω	v3saia---	v3saia---	
111	,	u--------	,	,	u--------	u--------	
112	αὐτός	p-s---mn-	αὐτός	αὐτός	p-s---mn-	p-s---mn-	
113	δέ	b--------	δέ	δέ	c--------	b--------	
114	προσέρχομαι	v3saia---	προσέρχομαι	προσέρχομαι	v3saia---	v3saia---	
115	ὁ	l-p---md-	ὁ	ὁ	l-p---md-	l-p---md-	
116	ἀμφί	r--------	ἀμφί	ἀμφί	r--------	r--------	
117	Σωκράτης	n-s---ma-	σωκράτης	Σωκράτης	n-s---ma-	n-s---ma-	
118	,	u--------	,	,	u--------	u--------	
119	καί	b--------	καί	καί	c--------	b--------	
120	λέγω	v3saia---	λέγω	λέγω	v3saia---	v3saia---	
121	·	u--------	·	·	u--------	u--------	
122	εἰς	r--------	εἰς	εἰς	r--------	r--------	
123	καλός	a-s---na-	καλός	καλός	a-s---na-	a-s---na-	
124	γε	d--------	γε	γε	d--------	d--------	
125	σύ	p-p---md-	σύ	σύ	p-p---md-	p-p---md-	
126	συντυγχάνω	v1sria---	συντυγχάνω	συντυγχάνω	v1sria---	v1sria---	
127	·	u--------	·	·	u--------	u--------	
128	ἑστιάω	v--pna---	ἑστιάω	ἑστιάω	v--pna---	v--pna---	
129	γάρ	g--------	γάρ	γάρ	d--------	g--------	
130	μέλλω	v1spia---	μέλλω	μέλλω	v1spia---	v1spia---	
131	Αὐτόλυκος	n-s---ma-	αὐτόλυκος	Αὐτόλυκος	n-s---ma-	n-s---ma-	
132	καί	b--------	καί	καί	c--------	b--------	
133	ὁ	l-s---ma-	ὁ	ὁ	l-s---ma-	l-s---ma-	
134	πατήρ	n-s---ma-	πατήρ	πατήρ	n-s---ma-	n-s---ma-	
135	αὐτός	p-s---mg-	αὐτός	αὐτός	p-s---mg-	p-s---mg-	
136	.	u--------	.	.	u--------	u--------	
137	οἴομαι	v1spim---	οἴομαι	οἴομαι	v1spie---	v1spim---	
138	οὖν	g--------	οὖν	οὖν	d--------	g--------	
139	πολύς	a-s---na-	πολύς	πολύς	a-s---na-	a-s---na-	
140	ἄν	g--------	ἄν	ἄν	d--------	g--------	
141	ὁ	l-s---fa-	ὁ	ὁ	l-s---fa-	l-s---fa-	
142	κατασκευή	n-s---fa-	κατασκευή	κατασκευή	n-s---fa-	n-s---fa-	
143	ἐγώ	p1s---cd-	ἐγώ	ἐγώ	p1s---md-	p1s---cd-	
144	λαμπρός	a-s---fac	λαμπρός	λαμπρός	a-s---fac	a-s---fac	
145	φαίνω	v--anp---	φαίνω	φαίνω	v--anp---	v--anp---	
146	εἰ	c--------	εἰ	εἰ	c--------	c--------	
147	ἀνήρ	n-p---md-	ἀνήρ	ἀνήρ	n-p---md-	n-p---md-	
148	ἐκκαθαίρω	v-prpmmd-	ἐκκαθαίρω	ἐκκαθαίρω	v-prpemd-	v-prpmmd-	
149	ὁ	l-p---fa-	ὁ	ὁ	l-p---fa-	l-p---fa-	
150	ψυχή	n-p---fa-	ψυχή	ψυχή	n-p---fa-	n-p---fa-	
151	ὥσπερ	c--------	ὥσπερ	ὥσπερ	c--------	c--------	
152	σύ	p-p---md-	σύ	σύ	p-p---md-	p-p---md-	
153	ὁ	l-s---mn-	ὁ	ὁ	l-s---mn-	l-s---mn-	
154	ἀνδρών	n-s---mn-	ἀνδρών	ἀνδρών	n-p---mg-	n-s---mn-	
155	κοσμέω	v-srpmmn-	κοσμέω	κοσμέω	v-srpemn-	v-srpmmn-	
156	εἰμί	v3spoa---	εἰμί	εἰμί	v3spoa---	v3spoa---	
157	μάλα	d-------c	μᾶλλον	μάλα	d--------	d-------c	DISAGREE
158	ἤ	c--------	ἤ1	ἤ	c--------	c--------	
159	εἰ	c--------	εἰ	εἰ	c--------	c--------	
160	στρατηγός	n-p---md-	στρατηγός	στρατηγός	n-p---md-	n-p---md-	
161	καί	b--------	καί	καί	d--------	b--------	
162	Ἵππαρχος	n-p---md-	ἵππαρχος	Ἵππαρχος	n-p---md-	n-p---md-	
163	καί	b--------	καί	καί	c--------	b--------	
164	σπουδαρχία	n-p---fd-	σπουδαρχία	σπουδαρχία	n-p---fd-	n-p---fd-	
165	.	u--------	.	.	u--------	u--------	
166	καί	b--------	καί	καί	d--------	b--------	
167	ὁ	l-s---mn-	ὁ	ὁ	l-s---mn-	l-s---mn-	
168	Σωκράτης	n-s---mn-	σωκράτης	Σωκράτης	n-s---mn-	n-s---mn-	
169	λέγω	v3saia---	λέγω	λέγω	v3saia---	v3saia---	
170	·	u--------	·	·	u--------	u--------	
171	ἀεί	d--------	ἀεί	ἀεί	d--------	d--------	
172	σύ	p2s---cn-	σύ	σύ	p-s---mn-	p2s---cn-	
173	ἐπισκώπτω	v2spia---	ἐπισκώπτω	ἐπισκώπτω	v2spia---	v2spia---	
174	ἐγώ	p-p---ma-	ἐγώ	ἐγώ	p-p---ma-	p-p---ma-	
175	καταφρονέω	v-sppamn-	καταφρονέω	καταφρονέω	v-sppamn-	v-sppamn-	
176	,	u--------	,	,	u--------	u--------	
177	ὅτι	c--------	ὅτι	ὅτι	c--------	c--------	
178	σύ	p2s---cn-	σύ	σύ	p-s---mn-	p2s---cn-	
179	μέν	g--------	μέν	μέν	d--------	g--------	
180	Πρωταγόρας	n-s---md-	πρωταγόρας	Πρωταγόρας	n-s---md-	n-s---md-	
181	τε	b--------	τε	τε	d--------	b--------	
182	πολύς	a-s---na-	πολύς	πολύς	a-s---na-	a-s---na-	
183	ἀργύριον	n-s---na-	ἀργύριον	ἀργύριον	n-s---na-	n-s---na-	
184	δίδωμι	v2sria---	δίδωμι	δίδωμι	v2sria---	v2sria---	
185	ἐπί	r--------	ἐπί	ἐπί	r--------	r--------	
186	σοφία	n-s---fd-	σοφία	σοφία	n-s---fd-	n-s---fd-	
187	καί	b--------	καί	καί	d--------	b--------	
188	Γοργίης	n-s---md-	γοργίας	Γοργίης	n-s---md-	n-s---md-	DISAGREE
189	καί	b--------	καί	καί	d--------	b--------	
190	Πρόδικος	n-s---md-	πρόδικος	Πρόδικος	n-s---md-	n-s---md-	
191	καί	b--------	καί	καί	c--------	b--------	
192	ἄλλος	p-p---md-	ἄλλος	ἄλλος	p-p---md-	p-p---md-	
193	πολύς	a-p---md-	πολύς	πολύς	a-p---md-	a-p---md-	
194	,	u--------	,	,	u--------	u--------	
195	ἐγώ	p-p---ma-	ἐγώ	ἐγώ	p-p---ma-	p-p---ma-	
196	δέ	b--------	δέ	δέ	c--------	b--------	
197	ὁράω	v2spia---	ὁράω	ὁράω	v2spia---	v2spia---	
198	αὐτουργός	a-p---ma-	αὐτουργός	αὐτουργός	a-p---ma-	a-p---ma-	
199	τις	p-p---ca-	τις	τις	p-p---ma-	p-p---ca-	
200	ὁ	l-s---fg-	ὁ	ὁ	l-s---fg-	l-s---fg-	
201	φιλοσοφία	n-s---fg-	φιλοσοφία	φιλοσοφία	n-s---fg-	n-s---fg-	
202	εἰμί	v-pppama-	εἰμί	εἰμί	v-pppama-	v-pppama-	
203	.	u--------	.	.	u--------	u--------	
204	καί	b--------	καί	καί	d--------	b--------	
205	ὁ	l-s---mn-	ὁ	ὁ	l-s---mn-	l-s---mn-	
206	Καλλίας	n-s---mn-	καλλίας	Καλλίας	n-s---mn-	n-s---mn-	
207	,	u--------	,	,	u--------	u--------	
208	καί	b--------	καί	καί	d--------	b--------	
209	πρόσθεν	d--------	πρόσθεν	πρόσθεν	d--------	d--------	
210	μέν	g--------	μέν	μέν	d--------	g--------	
211	γε	d--------	γε	γε	d--------	d--------	
212	,	u--------	,	,	u--------	u--------	
213	φημί	v3siia---	φημί	φημί	v3siia---	v3siia---	
214	,	u--------	,	,	u--------	u--------	
215	ἀποκρύπτω	v1siim---	ἀποκρύπτω	ἀποκρύπτω	v1siie---	v1siim---	
216	σύ	p-p---ma-	σύ	σύ	p-p---ma-	p-p---ma-	
217	ἔχω	v-sppamn-	ἔχω	ἔχω	v-sppamn-	v-sppamn-	
218	πολύς	a-p---na-	πολύς	πολύς	a-p---na-	a-p---na-	
219	καί	b--------	καί	καί	c--------	b--------	
220	σοφός	a-p---na-	σοφός	σοφός	a-p---na-	a-p---na-	
221	λέγω	v--pna---	λέγω3	λέγω	v--pna---	v--pna---	
222	,	u--------	,	,	u--------	u--------	
223	νῦν	d--------	νῦν	νῦν	d--------	d--------	
224	δέ	b--------	δέ	δέ	c--------	b--------	
225	,	u--------	,	,	u--------	u--------	
226	ἐάν	c--------	ἐάν	ἐάν	c--------	c--------	
227	παρά	r--------	παρά	παρά	r--------	r--------	
228	ἐγώ	p1s---cd-	ἐγώ	ἐγώ	p-s---md-	p1s---cd-	
229	εἰμί	v2ppsa---	εἰμί	εἰμί	v2ppsa---	v2ppsa---	
230	,	u--------	,	,	u--------	u--------	
231	ἐπιδείκνυμι	v1sfia---	ἐπιδείκνυμι	ἐπιδείκνυμι	v1sfia---	v1sfia---	
232	σύ	p-p---md-	σύ	σύ	p-p---md-	p-p---md-	
233	ἐμαυτοῦ	p-s---ma-	ἐμαυτοῦ	ἐμαυτοῦ	p-s---ma-	p-s---ma-	
234	πάνυ	d--------	πάνυ	πάνυ	d--------	d--------	
235	πολύς	a-s---fg-	πολύς	πολύς	a-s---fg-	a-s---fg-	
236	σπουδή	n-s---fg-	σπουδή	σπουδή	n-s---fg-	n-s---fg-	
237	ἄξιος	a-s---ma-	ἄξιος	ἄξιος	a-s---ma-	a-s---ma-	
238	εἰμί	v-sppama-	εἰμί	εἰμί	v-sppama-	v-sppama-	
239	.	u--------	.	.	u--------	u--------	
240	ὁ	l-p---mn-	ὁ	ὁ	l-p---mn-	l-p---mn-	
241	οὖν	g--------	οὖν	οὖν	d--------	g--------	
242	ἀμφί	r--------	ἀμφί	ἀμφί	r--------	r--------	
243	ὁ	l-s---ma-	ὁ	ὁ	l-s---ma-	l-s---ma-	
244	Σωκράτης	n-s---ma-	σωκράτης	Σωκράτης	n-s---ma-	n-s---ma-	
245	πρότερος	a-s---nac	πρῶτος	πρότερος	a-s---na-	a-s---nac	DISAGREE
246	μέν	g--------	μέν	μέν	d--------	g--------	
247	,	u--------	,	,	u--------	u--------	
248	ὥσπερ	c--------	ὥσπερ	ὥσπερ	c--------	c--------	
249	ἔοικα	v-srpann-	ἔοικα	ἔοικα	v-srpann-	v-srpann-	
250	εἰμί	v3siia---	εἰμί	εἰμί	v3siia---	v3siia---	
251	,	u--------	,	,	u--------	u--------	
252	ἐπαινέω	v-pppamn-	ἐπαινέω	ἐπαινέω	v-pppamn-	v-pppamn-	
253	ὁ	l-s---fa-	ὁ	ὁ	l-s---fa-	l-s---fa-	
254	κλῆσις	n-s---fa-	κλῆσις	κλῆσις	n-s---fa-	n-s---fa-	
255	οὐ	d--------	οὐ	οὐ	d--------	d--------	
256	ὑπισχνέομαι	v3piim---	ὑπισχνέομαι	ὑπισχνέομαι	v3piie---	v3piim---	
257	συνδειπνέω	v--fna---	συνδειπνέω	συνδειπνέω	v--fna---	v--fna---	
258	·	u--------	·	·	u--------	u--------	
259	ὡς	c--------	ὡς	ὡς	c--------	c--------	
260	δέ	b--------	δέ	δέ	d--------	b--------	
261	πάνυ	d--------	πάνυ	πάνυ	d--------	d--------	
262	ἄχθομαι	v-sppmmn-	ἄχθομαι	ἄχθομαι	v-sppemn-	v-sppmmn-	
263	φανερός	a-s---mn-	φανερός	φανερός	a-s---mn-	a-s---mn-	
264	εἰμί	v3siia---	εἰμί	εἰμί	v3siia---	v3siia---	
265	,	u--------	,	,	u--------	u--------	
266	εἰ	c--------	εἰ	εἰ	c--------	c--------	
267	μή	d--------	μή	μή	d--------	d--------	
268	ἕπομαι	v3pfom---	ἕπομαι	ἕπομαι	v3pfom---	v3pfom---	
269	,	u--------	,	,	u--------	u--------	
270	συνακολουθέω	v3paia---	συνακολουθέω	συνακολουθέω	v3paia---	v3paia---	
271	.	u--------	.	.	u--------	u--------	
272	ἔπειτα	d--------	ἔπειτα	ἔπειτα	d--------	d--------	
273	δέ	b--------	δέ	δέ	d--------	b--------	
274	αὐτός	p-s---md-	αὐτός	αὐτός	p-s---md-	p-s---md-	
275	ὁ	l-p---mn-	ὁ	ὁ	l-p---mn-	l-p---mn-	
276	μέν	g--------	μέν	μέν	d--------	g--------	
277	γυμνάζω	v-papmmn-	γυμνάζω	γυμνάζω	v-papmmn-	v-papmmn-	
278	καί	b--------	καί	καί	c--------	b--------	
279	χρίω	v-papmmn-	χρίω	χρίω	v-papmmn-	v-papmmn-	
280	,	u--------	,	,	u--------	u--------	
281	ὁ	l-p---mn-	ὁ	ὁ	l-p---mn-	l-p---mn-	
282	δέ	b--------	δέ	δέ	c--------	b--------	
283	καί	d--------	καί	καί	d--------	d--------	
284	λούω	v-papmmn-	λούω	λούω	v-papmmn-	v-papmmn-	
285	παρέρχομαι	v3paia---	παρέρχομαι	παρέρχομαι	v3paia---	v3paia---	
286	.	u--------	.	.	u--------	u--------	
287	Αὐτόλυκος	n-s---mn-	αὐτόλυκος	Αὐτόλυκος	n-s---mn-	n-s---mn-	
288	μέν	g--------	μέν	μέν	d--------	g--------	
289	οὖν	g--------	οὖν	οὖν	d--------	g--------	
290	παρά	r--------	παρά	παρά	r--------	r--------	
291	ὁ	l-s---ma-	ὁ	ὁ	l-s---ma-	l-s---ma-	
292	πατήρ	n-s---ma-	πατήρ	πατήρ	n-s---ma-	n-s---ma-	
293	καθέζομαι	v3siim---	κατάκαθέζομαι	καθέζομαι	v3siim---	v3siim---	DISAGREE
294	,	u--------	,	,	u--------	u--------	
295	ὁ	l-p---mn-	ὁ	ὁ	l-p---mn-	l-p---mn-	
296	δέ	b--------	δέ	δέ	c--------	b--------	
297	ἄλλος	p-p---mn-	ἄλλος	ἄλλος	p-p---mn-	p-p---mn-	
298	,	u--------	,	,	u--------	u--------	
299	ὥσπερ	c--------	ὥσπερ	ὥσπερ	c--------	c--------	
300	ἔοικα	v-srpann-	εἰκός	ἔοικα	v-srpann-	v-srpann-	DISAGREE
301	,	u--------	,	,	u--------	u--------	
302	κατακλίνω	v3paip---	κατακλίνω	κατακλίνω	v3paip---	v3paip---	
303	.	u--------	.	.	u--------	u--------	
304	εὐθύς	d--------	εὐθύς2	εὐθύς	d--------	d--------	
305	μέν	g--------	μέν	μέν	d--------	g--------	
306	οὖν	g--------	οὖν	οὖν	d--------	g--------	
307	ἐννοέω	v-sapamn-	ἐννοέω	ἐννοέω	v-sapamn-	v-sapamn-	
308	τις	p-s---cn-	τις	τις	p-s---mn-	p-s---cn-	
309	ὁ	l-p---na-	ὁ	ὁ	l-p---na-	l-p---na-	
310	γίγνομαι	v-pppmna-	γίγνομαι	γίγνομαι	v-pppena-	v-pppmna-	
311	ἡγέομαι	v3saim---	ἡγέομαι	ἡγέομαι	v3saim---	v3saim---	
312	ἄν	g--------	ἄν	ἄν	d--------	g--------	
313	φύσις	n-s---fd-	φύσις	φύσις	n-s---fd-	n-s---fd-	
314	βασιλικός	a-s---na-	βασιλικός	βασιλικός	a-s---na-	a-s---na-	
315	τις	p-s---na-	τις	τις	p-s---na-	p-s---na-	
316	κάλλος	n-s---na-	κάλλος	κάλλος	n-s---na-	n-s---na-	
317	εἰμί	v--pna---	εἰμί	εἰμί	v--pna---	v--pna---	
318	,	u--------	,	,	u--------	u--------	
319	ἄλλος	d--------	ἄλλως	ἄλλος	d--------	d--------	DISAGREE
320	τε	b--------	τε	τε	d--------	b--------	
321	καί	b--------	καί	καί	c--------	b--------	
322	ἐάν	c--------	ἄν	ἐάν	c--------	c--------	DISAGREE
323	μετά	r--------	μετά	μετά	r--------	r--------	
324	αἰδώς	n-s---fg-	αἰδώς	αἰδώς	n-s---fg-	n-s---fg-	
325	καί	b--------	καί	καί	c--------	b--------	
326	σωφροσύνη	n-s---fg-	σωφροσύνη	σωφροσύνη	n-s---fg-	n-s---fg-	
327	,	u--------	,	,	u--------	u--------	
328	καθά	c--------	καθά	καθά	c--------	c--------	
329	Αὐτόλυκος	n-s---mn-	αὐτόλυκος	Αὐτόλυκος	n-s---mn-	n-s---mn-	
330	τότε	d--------	τότε	τότε	d--------	d--------	
331	,	u--------	,	,	u--------	u--------	
332	κτάομαι	v3srsm---	κτάομαι	κτάομαι	v3srse---	v3srsm---	
333	τις	p-s---cn-	τις	τις	p-s---mn-	p-s---cn-	
334	αὐτός	p-s---na-	αὐτός	αὐτός	p-s---na-	p-s---na-	
335	.	u--------	.	.	u--------	u--------	
336	πρότερος	a-s---nac	πρῶτος	πρότερος	a-s---na-	a-s---nac	DISAGREE
337	μέν	g--------	μέν	μέν	d--------	g--------	
338	γάρ	g--------	γάρ	γάρ	d--------	g--------	
339	,	u--------	,	,	u--------	u--------	
340	ὥσπερ	c--------	ὥσπερ	ὥσπερ	c--------	c--------	
341	ὅταν	c--------	ὅταν	ὅταν	c--------	c--------	
342	φέγγος	n-s---nn-	φέγγος	φέγγος	n-s---nn-	n-s---nn-	
343	τις	p-s---nn-	τις	τις	a-s---nn-	p-s---nn-	
344	ἐν	r--------	ἐν	ἐν	r--------	r--------	
345	νύξ	n-s---fd-	νύξ	νύξ	n-s---fd-	n-s---fd-	
346	φαίνω	v3sasp---	φαίνω	φαίνω	v3sasp---	v3sasp---	
347	,	u--------	,	,	u--------	u--------	
348	πᾶς	a-p---mg-	πᾶς	πᾶς	a-p---mg-	a-p---mg-	
349	προσάγω	v3spim---	προσάγω	προσάγω	v3spie---	v3spim---	
350	ὁ	l-p---nn-	ὁ	ὁ	l-p---nn-	l-p---nn-	
351	ὄμμα	n-p---nn-	ὄμμα	ὄμμα	n-p---nn-	n-p---nn-	
352	,	u--------	,	,	u--------	u--------	
353	οὕτως	d--------	οὕτως	οὕτως	d--------	d--------	
354	καί	d--------	καί	καί	d--------	d--------	
355	τότε	d--------	τότε	τότε	d--------	d--------	
356	ὁ	l-s---mg-	ὁ	ὁ	l-s---mg-	l-s---mg-	
357	Αὐτόλυκος	n-s---mg-	αὐτόλυκος	Αὐτόλυκος	n-s---mg-	n-s---mg-	
358	ὁ	l-s---nn-	ὁ	ὁ	l-s---nn-	l-s---nn-	
359	κάλλος	n-s---nn-	κάλλος	κάλλος	n-s---nn-	n-s---nn-	
360	πᾶς	a-p---mg-	πᾶς	πᾶς	a-p---mg-	a-p---mg-	
361	ἕλκω	v3siia---	ἕλκω	ἕλκω	v3siia---	v3siia---	
362	ὁ	l-p---fa-	ὁ	ὁ	l-p---fa-	l-p---fa-	
363	ὄψις	n-p---fa-	ὄψις	ὄψις	n-p---fa-	n-p---fa-	
364	πρός	r--------	πρός	πρός	r--------	r--------	
365	αὐτός	p-s---ma-	αὐτός	αὐτός	p-s---ma-	p-s---ma-	
366	·	u--------	·	·	u--------	u--------	
367	ἔπειτα	d--------	ἔπειτα	ἔπειτα	d--------	d--------	
368	ὁ	l-p---mg-	ὁ	ὁ	l-p---mg-	l-p---mg-	
369	ὁράω	v-pppamg-	ὁράω	ὁράω	v-pppamg-	v-pppamg-	
370	οὐδείς	p-s---mn-	οὐδείς	οὐδείς	p-s---mn-	p-s---mn-	
371	οὐ	d--------	οὐ	οὐ	d--------	d--------	
372	πάσχω	v3siia---	πάσχω	πάσχω	v3siia---	v3siia---	
373	τις	p-s---na-	τις	τις	p-s---na-	p-s---na-	
374	ὁ	l-s---fa-	ὁ	ὁ	l-s---fa-	l-s---fa-	
375	ψυχή	n-s---fa-	ψυχή	ψυχή	n-s---fa-	n-s---fa-	
376	ὑπό	r--------	ὑπό	ὑπό	r--------	r--------	
377	ἐκεῖνος	p-s---mg-	ἐκεῖνος	ἐκεῖνος	p-s---mg-	p-s---mg-	
378	.	u--------	.	.	u--------	u--------	
379	ὁ	l-p---mn-	ὁ	ὁ	l-p---mn-	l-p---mn-	
380	μέν	g--------	μέν	μέν	d--------	g--------	
381	γε	d--------	γε	γε	d--------	d--------	
382	σιωπηλός	a-p---mnc	σιωπηλός	σιωπηλός	a-p---mnc	a-p---mnc	
383	γίγνομαι	v3piim---	γίγνομαι	γίγνομαι	v3piie---	v3piim---	
384	,	u--------	,	,	u--------	u--------	
385	ὁ	l-p---mn-	ὁ	ὁ	l-p---mn-	l-p---mn-	
386	δέ	b--------	δέ	δέ	c--------	b--------	
387	καί	d--------	καί	καί	d--------	d--------	
388	σχηματίζω	v3piim---	σχηματίζω	σχηματίζω	v3piie---	v3piim---	
389	πως	d--------	πως	πως	d--------	d--------	
390	.	u--------	.	.	u--------	u--------	
391	πᾶς	a-p---mn-	πᾶς	πᾶς	a-p---mn-	a-p---mn-	
392	μέν	g--------	μέν	μέν	d--------	g--------	
393	οὖν	g--------	οὖν	οὖν	d--------	g--------	
394	ὁ	l-p---mn-	ὁ	ὁ	l-p---mn-	l-p---mn-	
395	ἐκ	r--------	ἐκ	ἐκ	r--------	r--------	
396	θεός	n-p---mg-	θεός	θεός	n-p---mg-	n-p---mg-	
397	τις	p-s---ng-	τις	τις	p-s---ng-	p-s---ng-	
398	κατέχω	v-pppmmn-	κατέχω	κατέχω	v-pppemn-	v-pppmmn-	
399	ἀξιοθέατος	a-p---mn-	ἀξιοθέατος	ἀξιοθέατος	a-p---mn-	a-p---mn-	
400	δοκέω	v3ppia---	δοκέω	δοκέω	v3ppia---	v3ppia---	
401	εἰμί	v--pna---	εἰμί	εἰμί	v--pna---	v--pna---	
402	·	u--------	·	·	u--------	u--------	
403	ἀλλά	b--------	ἀλλά	ἀλλά	d--------	b--------	
404	ὁ	l-p---mn-	ὁ	ὁ	l-p---mn-	l-p---mn-	
405	μέν	g--------	μέν	μέν	d--------	g--------	
406	ἐκ	r--------	ἐκ	ἐκ	r--------	r--------	
407	ἄλλος	p-p---mg-	ἄλλος	ἄλλος	p-p---mg-	p-p---mg-	
408	πρός	r--------	πρός	πρός	r--------	r--------	
409	ὁ	l-s---na-	ὁ	ὁ	l-s---na-	l-s---na-	
410	γοργός	a-p---mnc	γοργός	γοργός	a-p---mnc	a-p---mnc	
411	τε	b--------	τε	τε	d--------	b--------	
412	ὁράω	v--pnm---	ὁράω	ὁράω	v--pnm---	v--pnm---	
413	καί	b--------	καί	καί	d--------	b--------	
414	φοβερός	a-s---nac	φοβερός	φοβερός	a-s---nac	a-s---nac	
415	φθέγγομαι	v--pnm---	φθέγγομαι	φθέγγομαι	v--pne---	v--pnm---	
416	καί	b--------	καί	καί	c--------	b--------	
417	σφοδρός	a-p---mnc	σφοδρός	σφοδρός	a-p---mnc	a-p---mnc	
418	εἰμί	v--pna---	εἰμί	εἰμί	v--pna---	v--pna---	
419	φέρω	v3ppim---	φέρω	φέρω	v3ppie---	v3ppim---	
420	,	u--------	,	,	u--------	u--------	
421	ὁ	l-p---mn-	ὁ	ὁ	l-p---mn-	l-p---mn-	
422	δέ	b--------	δέ	δέ	c--------	b--------	
423	ὑπό	r--------	ὑπό	ὑπό	r--------	r--------	
424	ὁ	l-s---mg-	ὁ	ὁ	l-s---mg-	l-s---mg-	
425	σώφρων	a-s---mg-	σώφρων	σώφρων	a-s---mg-	a-s---mg-	
426	ἔρως	n-s---mg-	ἔρως	ἔρως	n-s---mg-	n-s---mg-	
427	ἔνθεος	a-p---mn-	ἔνθεος	ἔνθεος	a-p---mn-	a-p---mn-	
428	ὁ	l-p---na-	ὁ	ὁ	l-p---na-	l-p---na-	
429	τε	b--------	τε	τε	d--------	b--------	
430	ὄμμα	n-p---nn-	ὄμμα	ὄμμα	n-p---na-	n-p---nn-	
431	φιλόφρων	d-------c	φιλόφρων	φιλόφρων	d-------c	d-------c	
432	ἔχω	v3ppia---	ἔχω	ἔχω	v3ppia---	v3ppia---	
433	καί	b--------	καί	καί	d--------	b--------	
434	ὁ	l-s---fa-	ὁ	ὁ	l-s---fa-	l-s---fa-	
435	φωνή	n-s---fa-	φωνή	φωνή	n-s---fa-	n-s---fa-	
436	πρᾶος	a-s---fac	πρᾶος	πρᾶος	a-s---fac	a-s---fac	
437	ποιέω	v3ppim---	ποιέω	ποιέω	v3ppie---	v3ppim---	
438	καί	b--------	καί	καί	c--------	b--------	
439	ὁ	l-p---na-	ὁ	ὁ	l-p---na-	l-p---na-	
440	σχῆμα	n-p---na-	σχῆμα	σχῆμα	n-p---na-	n-p---na-	
441	εἰς	r--------	εἰς	εἰς	r--------	r--------	
442	ὁ	l-s---na-	ὁ	ὁ	l-s---na-	l-s---na-	
443	ἐλευθέριος	a-s---nac	ἐλευθέριος	ἐλευθέριος	a-s---nac	a-s---nac	
444	ἄγω	v3ppia---	ἄγω	ἄγω	v3ppia---	v3ppia---	
445	.	u--------	.	.	u--------	u--------	
446	ὅς	p-p---na-	ὅς	ὅς	p-p---na-	p-p---na-	
447	δή	g--------	δή	δή	d--------	g--------	
448	καί	d--------	καί	καί	d--------	d--------	
449	Καλλίας	n-s---mn-	καλλίας	Καλλίας	n-s---mn-	n-s---mn-	
450	τότε	d--------	τότε	τότε	d--------	d--------	
451	διά	r--------	διά	διά	r--------	r--------	
452	ὁ	l-s---ma-	ὁ	ὁ	l-s---ma-	l-s---ma-	
453	ἔρως	n-s---ma-	ἔρως	ἔρως	n-s---ma-	n-s---ma-	
454	πράσσω	v-sppamn-	πράσσω	πράσσω	v-sppamn-	v-sppamn-	
455	ἀξιοθέατος	a-s---mn-	ἀξιοθέατος	ἀξιοθέατος	a-s---mn-	a-s---mn-	
456	εἰμί	v3siia---	εἰμί	εἰμί	v3siia---	v3siia---	
457	ὁ	l-p---md-	ὁ	ὁ	l-p---md-	l-p---md-	
458	τελέω	v-prpmmd-	τελέω	τελέω	v-prpemd-	v-prpmmd-	
459	οὗτος	p-s---md-	οὗτος	οὗτος	a-s---md-	p-s---md-	
460	ὁ	l-s---md-	ὁ	ὁ	l-s---md-	l-s---md-	
461	θεός	n-s---md-	θεός	θεός	n-s---md-	n-s---md-	
462	.	u--------	.	.	u--------	u--------	
463	ἐκεῖνος	p-p---mn-	ἐκεῖνος	ἐκεῖνος	p-p---mn-	p-p---mn-	
464	μέν	g--------	μέν	μέν	d--------	g--------	
465	οὖν	g--------	οὖν	οὖν	d--------	g--------	
466	σιωπή	n-s---fd-	σιωπή	σιωπή	n-s---fd-	n-s---fd-	
467	δειπνέω	v3piia---	δειπνέω	δειπνέω	v3piia---	v3piia---	
468	,	u--------	,	,	u--------	u--------	
469	ὥσπερ	d--------	ὥσπερ	ὥσπερ	d--------	d--------	
470	οὗτος	p-s---na-	οὗτος	οὗτος	p-s---na-	p-s---na-	
471	ἐπιτάσσω	v-srpmna-	ἐπιτάσσω	ἐπιτάσσω	v-srpena-	v-srpmna-	
472	αὐτός	p-p---md-	αὐτός	αὐτός	p-p---md-	p-p---md-	
473	ὑπό	r--------	ὑπό	ὑπό	r--------	r--------	
474	κρατύς	a-s---mgc	κρείσσων	κρατύς	a-s---mgc	a-s---mgc	DISAGREE
475	τις	p-s---cg-	τις	τις	p-s---mg-	p-s---cg-	
476	.	u--------	.	.	u--------	u--------	
477	Φίλιππος	n-s---mn-	φίλιππος	Φίλιππος	n-s---mn-	n-s---mn-	
478	δέ	b--------	δέ	δέ	d--------	b--------	
479	ὁ	l-s---mn-	ὁ	ὁ	l-s---mn-	l-s---mn-	
480	γελωτοποιός	a-s---mn-	γελωτοποιός	γελωτοποιός	a-s---mn-	a-s---mn-	
481	κρούω	v-sapamn-	κρούω	κρούω	v-sapamn-	v-sapamn-	
482	ὁ	l-s---fa-	ὁ	ὁ	l-s---fa-	l-s---fa-	
483	θύρα	n-s---fa-	θύρα	θύρα	n-s---fa-	n-s---fa-	
484	λέγω	v3saia---	εἶπον	λέγω	v3saia---	v3saia---	DISAGREE
485	ὁ	l-s---md-	ὁ	ὁ	l-s---md-	l-s---md-	
486	ὑπακούω	v-sapamd-	ὑπακούω	ὑπακούω	v-sapamd-	v-sapamd-	
487	εἰσαγγέλλω	v--ana---	εἰσαγγέλλω	εἰσαγγέλλω	v--ana---	v--ana---	
488	ὅστις	p-s---mn-	ὅστις	ὅστις	p-s---mn-	p-s---mn-	
489	τε	b--------	τε	τε	d--------	b--------	
490	εἰμί	v3spoa---	εἰμί	εἰμί	v3spoa---	v3spoa---	
491	καί	b--------	καί	καί	c--------	b--------	
492	διά	r--------	διά	διά	r--------	r--------	
493	ὅς	p-s---na-	ὅς	ὅς	p-s---na-	p-s---na-	
494	τις	p-s---na-	τις	τις	a-s---na-	p-s---na-	
495	κατάγω	v--pnm---	κατάγω	κατάγω	v--pne---	v--pnm---	
496	βούλομαι	v3spom---	βούλομαι	βούλομαι	v3spoe---	v3spom---	
497	,	u--------	,	,	u--------	u--------	
498	συσκευάζω	v-srpmmn-	συσκευάζω	συσκευάζω	v-srpemn-	v-srpmmn-	
499	τε	b--------	τε	τε	c--------	b--------	
500	παρίημι	v--ana---	πάρειμι	παρίημι	v--ana---	v--ana---	DISAGREE
501	φημί	v3siia---	φημί	φημί	v3siia---	v3siia---	
502	πᾶς	a-p---na-	πᾶς	πᾶς	a-p---na-	a-p---na-	
503	ὁ	l-p---na-	ὁ	ὁ	l-p---na-	l-p---na-	
504	ἐπιτήδειος	a-p---na-	ἐπιτήδειος	ἐπιτήδειος	a-p---na-	a-p---na-	
505	ὥστε	c--------	ὥστε	ὥστε	c--------	c--------	
506	δειπνέω	v--pna---	δειπνέω	δειπνέω	v--pna---	v--pna---	
507	ὁ	l-p---na-	ὁ		l-p---na-		oga_only
508	ἀλλότριος	a-p---na-	ἀλλότριος		a-p---na-		oga_only
509	,	u--------	,	,	u--------	u--------	
510	καί	d--------	καί	καί	d--------	d--------	
511	ὁ	l-s---ma-	ὁ	ὁ	l-s---ma-	l-s---ma-	
512	παῖς	n-s---ma-	παῖς	παῖς	n-s---ma-	n-s---ma-	
513	δέ	b--------	δέ	δέ	c--------	b--------	
514	φημί	v3siia---	φημί	φημί	v3siia---	v3siia---	
515	πάνυ	d--------	πάνυ	πάνυ	d--------	d--------	
516	πιέζω	v--pnm---	πιέζω	πιέζω	v--pne---	v--pnm---	
517	διά	r--------	διά	διά	r--------	r--------	
518	τε	b--------	τε	τε	d--------	b--------	
519	ὁ	l-s---na-	ὁ	ὁ	l-s---na-	l-s---na-	
520	φέρω	v--pna---	φέρω	φέρω	v--pna---	v--pna---	
521	μηδείς	p-s---na-	μηδείς	μηδείς	p-s---na-	p-s---na-	
522	καί	b--------	καί	καί	c--------	b--------	
523	διά	r--------	διά	διά	r--------	r--------	
524	ὁ	l-s---na-	ὁ	ὁ	l-s---na-	l-s---na-	
525	ἀνάριστος	a-s---ma-	ἀνάριστος	ἀνάριστος	a-s---ma-	a-s---ma-	
526	εἰμί	v--pna---	εἰμί	εἰμί	v--pna---	v--pna---	
527	.	u--------	.	.	u--------	u--------	
528	ὁ	l-s---mn-	ὁ	ὁ	l-s---mn-	l-s---mn-	
529	οὖν	g--------	οὖν	οὖν	d--------	g--------	
530	Καλλίας	n-s---mn-	καλλίας	Καλλίας	n-s---mn-	n-s---mn-	
531	ἀκούω	v-sapamn-	ἀκούω	ἀκούω	v-sapamn-	v-sapamn-	
532	οὗτος	p-p---na-	οὗτος	οὗτος	p-p---na-	p-p---na-	
533	λέγω	v3saia---	λέγω	λέγω	v3saia---	v3saia---	
534	·	u--------	·	·	u--------	u--------	
535	ἀλλά	b--------	ἀλλά	ἀλλά	d--------	b--------	
536	μέντοι	g--------	μέντοι	μέντοι	d--------	g--------	
537	,	u--------	,	,	u--------	u--------	
538	ὦ	i--------	ὦ	ὦ	i--------	i--------	
539	ἀνήρ	n-p---mv-	ἀνήρ	ἀνήρ	n-p---mv-	n-p---mv-	
540	,	u--------	,	,	u--------	u--------	
541	αἰσχρός	a-s---nn-	αἰσχρός	αἰσχρός	a-s---nn-	a-s---nn-	
542	στέγη	n-s---fg-	στέγη	στέγη	n-s---fg-	n-s---fg-	
543	γε	d--------	γε	γε	d--------	d--------	
544	φθονέω	v--ana---	φθονέω	φθονέω	v--ana---	v--ana---	
545	·	u--------		·		u--------	glaux_only
546	εἰσέρχομαι	v3spma---	εἴσειμι	εἰσέρχομαι	v3spma---	v3spma---	DISAGREE
547	οὖν	g--------	οὖν	οὖν	d--------	g--------	
548	.	u--------	.	.	u--------	u--------	
549	καί	b--------	καί	καί	d--------	b--------	
550	ἅμα	d--------	ἅμα	ἅμα	d--------	d--------	
551	ἀποβλέπω	v3saia---	ἀποβλέπω	ἀποβλέπω	v3saia---	v3saia---	
552	εἰς	r--------	εἰς	εἰς	r--------	r--------	
553	ὁ	l-s---ma-	ὁ	ὁ	l-s---ma-	l-s---ma-	
554	Αὐτόλυκος	n-s---ma-	αὐτόλυκος	Αὐτόλυκος	n-s---ma-	n-s---ma-	
555	,	u--------	,	,	u--------	u--------	
556	δῆλος	a-s---nn-	δῆλος	δῆλος	a-s---nn-	a-s---nn-	
557	ὅτι	c--------	ὅτι	ὅτι	c--------	c--------	
558	ἐπισκοπέω	v-sppamn-	ἐπισκοπέω	ἐπισκοπέω	v-sppamn-	v-sppamn-	
559	τις	p-s---na-	τίς	τις	p-s---nn-	p-s---na-	
560	ἐκεῖνος	p-s---md-	ἐκεῖνος	ἐκεῖνος	p-s---md-	p-s---md-	
561	δοκέω	v3saoa---	δοκέω	δοκέω	v3saoa---	v3saoa---	
562	ὁ	l-s---nn-	ὁ	ὁ	l-s---nn-	l-s---nn-	
563	σκῶμμα	n-s---nn-	σκῶμμα	σκῶμμα	n-s---nn-	n-s---nn-	
564	εἰμί	v--pna---	εἰμί	εἰμί	v--pna---	v--pna---	
565	.	u--------	.	.	u--------	u--------	
566	ὁ	l-s---mn-	ὁ	ὁ	l-s---mn-	l-s---mn-	
567	δέ	b--------	δέ	δέ	d--------	b--------	
568	ἵστημι	v-sapamn-	ἵστημι	ἵστημι	v-sapamn-	v-sapamn-	
569	ἐπί	r--------	ἐπί	ἐπί	r--------	r--------	
570	ὁ	l-s---md-	ὁ	ὁ	l-s---md-	l-s---md-	
571	ἀνδρών	n-s---md-	ἀνδρών	ἀνδρών	n-s---md-	n-s---md-	
572	ἔνθα	d--------	ἔνθα	ἔνθα	d--------	d--------	
573	ὁ	l-s---nn-	ὁ	ὁ	l-s---nn-	l-s---nn-	
574	δεῖπνον	n-s---nn-	δεῖπνον	δεῖπνον	n-s---nn-	n-s---nn-	
575	εἰμί	v3siia---	εἰμί	εἰμί	v3siia---	v3siia---	
576	λέγω	v3saia---	λέγω	λέγω	v3saia---	v3saia---	
577	·	u--------	·	·	u--------	u--------	
578	ὅτι	c--------	ὅτι	ὅτι	c--------	c--------	
579	μέν	g--------	μέν	μέν	d--------	g--------	
580	γελωτοποιός	a-s---mn-	γελωτοποιός	γελωτοποιός	a-s---mn-	a-s---mn-	
581	εἰμί	v1spia---	εἰμί	εἰμί	v1spia---	v1spia---	
582	οἶδα	v2prma---	οἶδα	οἶδα	v2prma---	v2prma---	
583	πᾶς	a-p---mn-	πᾶς	πᾶς	a-p---mn-	a-p---mn-	
584	·	u--------	·	·	u--------	u--------	
585	ἥκω	v1spia---	ἥκω	ἥκω	v1spia---	v1spia---	
586	δέ	b--------	δέ	δέ	d--------	b--------	
587	πρόθυμος	d--------	πρόθυμος	πρόθυμος	d--------	d--------	
588	νομίζω	v-sapamn-	νομίζω	νομίζω	v-sapamn-	v-sapamn-	
589	γέλοιος	a-s---nac	γέλοιος	γέλοιος	a-s---nac	a-s---nac	
590	εἰμί	v--pna---	εἰμί	εἰμί	v--pna---	v--pna---	
591	ὁ	l-s---na-	ὁ	ὁ	l-s---na-	l-s---na-	
592	ἄκλητος	a-s---ma-	ἄκλητος	ἄκλητος	a-s---ma-	a-s---ma-	
593	ἤ	c--------	ἤ1	ἤ	c--------	c--------	
594	ὁ	l-s---na-	ὁ	ὁ	l-s---na-	l-s---na-	
595	καλέω	v-srpmma-	καλέω	καλέω	v-srpema-	v-srpmma-	
596	ἔρχομαι	v--ana---	ἔρχομαι	ἔρχομαι	v--ana---	v--ana---	
597	ἐπί	r--------	ἐπί	ἐπί	r--------	r--------	
598	ὁ	l-s---na-	ὁ	ὁ	l-s---na-	l-s---na-	
599	δεῖπνον	n-s---na-	δεῖπνον	δεῖπνον	n-s---na-	n-s---na-	
600	.	u--------	.	.	u--------	u--------	
601	κατακλίνω	v2spmm---	κατακλίνω	κατακλίνω	v2spme---	v2spmm---	
602	τοίνυν	g--------	τοίνυν	τοίνυν	d--------	g--------	
603	,	u--------	,	,	u--------	u--------	
604	φημί	v3siia---	φημί	φημί	v3siia---	v3siia---	
605	ὁ	l-s---mn-	ὁ	ὁ	l-s---mn-	l-s---mn-	
606	Καλλίας	n-s---mn-	καλλίας	Καλλίας	n-s---mn-	n-s---mn-	
607	.	u--------	.	.	u--------	u--------	
608	καί	b--------	καί	καί	d--------	b--------	
609	γάρ	g--------	γάρ	γάρ	d--------	g--------	
610	ὁ	l-p---mn-	ὁ	ὁ	l-p---mn-	l-p---mn-	
611	πάρειμι	v-pppamn-	πάρειμι1	πάρειμι	v-pppamn-	v-pppamn-	
612	σπουδή	n-s---fg-	σπουδή	σπουδή	n-s---fg-	n-s---fg-	
613	μέν	g--------	μέν	μέν	d--------	g--------	
614	,	u--------	,	,	u--------	u--------	
615	ὡς	c--------	ὡς	ὡς	c--------	c--------	
616	ὁράω	v2spia---	ὁράω	ὁράω	v2spia---	v2spia---	
617	,	u--------	,	,	u--------	u--------	
618	μεστός	a-p---mn-	μεστός	μεστός	a-p---mn-	a-p---mn-	
619	,	u--------	,	,	u--------	u--------	
620	γέλως	n-s---mg-	γέλως	γέλως	n-s---mg-	n-s---mg-	
621	δέ	b--------	δέ	δέ	c--------	b--------	
622	ἴσως	d--------	ἴσως	ἴσως	d--------	d--------	
623	ἐνδεής	a-p---mnc	ἐνδεής	ἐνδεής	a-p---mnc	a-p---mnc	
624	.	u--------	.	.	u--------	u--------	
625	δειπνέω	v-pppamg-	δειπνέω	δειπνέω	v-pppamg-	v-pppamg-	
626	δέ	b--------	δέ	δέ	d--------	b--------	
627	αὐτός	p-p---mg-	αὐτός	αὐτός	p-p---mg-	p-p---mg-	
628	ὁ	l-s---mn-	ὁ	ὁ	l-s---mn-	l-s---mn-	
629	Φίλιππος	n-s---mn-	φίλιππος	Φίλιππος	n-s---mn-	n-s---mn-	
630	γέλοιος	a-s---na-	γέλοιος	γέλοιος	a-s---na-	a-s---na-	
631	τις	p-s---na-	τις	τις	p-s---na-	p-s---na-	
632	εὐθύς	d--------	εὐθύς2	εὐθύς	d--------	d--------	
633	ἐπιχειρέω	v3siia---	ἐπιχειρέω	ἐπιχειρέω	v3siia---	v3siia---	
634	λέγω	v--pna---	λέγω3	λέγω	v--pna---	v--pna---	
635	,	u--------	,	,	u--------	u--------	
636	ἵνα	c--------	ἵνα	ἵνα	c--------	c--------	
637	δή	g--------	δή	δή	d--------	g--------	
638	ἐπιτελέω	v3spoa---	ἐπιτελέω	ἐπιτελέω	v3spoa---	v3spoa---	
639	ὅς	p-p---ng-	ὅς	ὅς	p-p---ng-	p-p---ng-	
640	ἕνεκα	r--------	ἕνεκα	ἕνεκα	r--------	r--------	
641	καλέω	v3siim---	καλέω	καλέω	v3siie---	v3siim---	
642	ἑκάστοτε	d--------	ἑκάστοτε	ἑκάστοτε	d--------	d--------	
643	ἐπί	r--------	ἐπί	ἐπί	r--------	r--------	
644	ὁ	l-p---na-	ὁ	ὁ	l-p---na-	l-p---na-	
645	δεῖπνον	n-p---na-	δεῖπνον	δεῖπνον	n-p---na-	n-p---na-	
646	.	u--------	.	.	u--------	u--------	
647	ὡς	c--------	ὡς	ὡς	c--------	c--------	
648	δέ	b--------	δέ	δέ	d--------	b--------	
649	οὐ	d--------	οὐ	οὐ	d--------	d--------	
650	κινέω	v3saia---	κινέω	κινέω	v3saia---	v3saia---	
651	γέλως	n-s---ma-	γέλως	γέλως	n-s---ma-	n-s---ma-	
652	,	u--------	,	,	u--------	u--------	
653	τότε	d--------	τότε	τότε	d--------	d--------	
654	μέν	g--------	μέν	μέν	d--------	g--------	
655	ἄχθομαι	v-sappmn-	ἄχθομαι	ἄχθομαι	v-sappmn-	v-sappmn-	
656	φανερός	a-s---mn-	φανερός	φανερός	a-s---mn-	a-s---mn-	
657	γίγνομαι	v3saim---	γίγνομαι	γίγνομαι	v3saim---	v3saim---	
658	.	u--------	.	.	u--------	u--------	
659	αὖθις	d--------	αὖθις	αὖθις	d--------	d--------	
660	δέ	b--------	δέ	δέ	d--------	b--------	
661	ὀλίγος	a-s---na-	ὀλίγος	ὀλίγος	a-s---na-	a-s---na-	
662	ὕστερος	a-s---nac	ὕστερος	ὕστερος	a-s---na-	a-s---nac	
663	ἄλλος	p-s---na-	ἄλλος	ἄλλος	a-s---na-	p-s---na-	
664	τις	p-s---na-	τις	τις	p-s---na-	p-s---na-	
665	γέλοιος	a-s---na-	γέλοιος	γέλοιος	a-s---na-	a-s---na-	
666	βούλομαι	v3siim---	βούλομαι	βούλομαι	v3siie---	v3siim---	
667	λέγω	v--pna---	λέγω3	λέγω	v--pna---	v--pna---	
668	.	u--------	.	.	u--------	u--------	
669	ὡς	c--------	ὡς	ὡς	c--------	c--------	
670	δέ	b--------	δέ	δέ	d--------	b--------	
671	οὐ	d--------	οὐ	οὐ	d--------	d--------	
672	δέ	d--------	δέ		d--------		oga_only
673	τότε	d--------	τότε		d--------		oga_only
674	γελάω	v3paia---	γελάω		v3paia---		oga_only
675	ἐπί	r--------	ἐπί		r--------		oga_only
676	αὐτός	p-s---md-	αὐτός		p-s---md-		oga_only
677	,	u--------	,		u--------		oga_only
678	ἐν	r--------	ἐν		r--------		oga_only
679	ὁ	l-s---nd-	ὁ		l-s---nd-		oga_only
680	μεταξύ	d--------	μεταξύ		d--------		oga_only
681	παύω	v-sapmmn-	παύω		v-sapmmn-		oga_only
682	ὁ	l-s---ng-	ὁ		l-s---ng-		oga_only
683	δεῖπνον	n-s---ng-	δεῖπνον		n-s---ng-		oga_only
684	συγκαλύπτω	v-sapmmn-	συγκαλύπτω		v-sapmmn-		oga_only
685	κατάκειμαι	v3siie---	κατάκειμαι		v3siie---		oga_only
686	.	u--------	.		u--------		oga_only
687	καί	b--------	καί	καί	d--------	b--------	
688	ὁ	l-s---mn-	ὁ	ὁ	l-s---mn-	l-s---mn-	
689	Καλλίας	n-s---mn-	καλλίας	Καλλίας	n-s---mn-	n-s---mn-	
690	,	u--------	,	,	u--------	u--------	
691	τις	p-s---nn-	τίς	τις	p-s---nn-	p-s---nn-	
692	οὗτος	p-s---nn-	οὗτος	οὗτος	p-s---nn-	p-s---nn-	
693	,	u--------	,	,	u--------	u--------	
694	φημί	v3siia---	φημί	φημί	v3siia---	v3siia---	
695	,	u--------	,	,	u--------	u--------	
696	ὦ	i--------	ὦ	ὦ	i--------	i--------	
697	Φίλιππος	n-s---mv-	φίλιππος	Φίλιππος	n-s---mv-	n-s---mv-	
698	;	u--------		;		u--------	glaux_only
699	ἀλλά	b--------	ἀλλά	ἀλλά	d--------	b--------	
700	ἤ	b--------	ἤ1	ἤ	d--------	b--------	
701	ὀδύνη	n-s---fn-	ὀδύνη	ὀδύνη	n-s---fn-	n-s---fn-	
702	σύ	p2s---ca-	σύ	σύ	p-s---ma-	p2s---ca-	
703	λαμβάνω	v3sria---	λαμβάνω	λαμβάνω	v3sria---	v3sria---	
704	;	u--------	;	;	u--------	u--------	
705	καί	b--------	καί	καί	d--------	b--------	
706	ὅς	p-s---mn-	ὅς	ὅς	p-s---mn-	p-s---mn-	
707	ἀναστενάζω	v-sapamn-	ἀναστενάζω	ἀναστενάζω	v-sapamn-	v-sapamn-	
708	λέγω	v3saia---	εἶπον	λέγω	v3saia---	v3saia---	DISAGREE
709	·	u--------	·	·	u--------	u--------	
710	ναί	d--------	ναί	ναί	d--------	d--------	
711	μά	r--------	μά	μά	r--------	r--------	
712	Ζεύς	n-s---ma-	ζεύς	Ζεύς	n-s---ma-	n-s---ma-	
713	,	u--------	,	,	u--------	u--------	
714	φημί	v3siia---	φημί	φημί	v3siia---	v3siia---	
715	,	u--------	,	,	u--------	u--------	
716	ὦ	i--------	ὦ	ὦ	i--------	i--------	
717	Καλλίης	n-s---mv-	καλλίης	Καλλίης	n-s---mv-	n-s---mv-	
718	,	u--------	,	,	u--------	u--------	
719	μέγας	a-s---fn-	μέγας	μέγας	a-s---fn-	a-s---fn-	
720	γε	d--------	γε	γε	d--------	d--------	
721	·	u--------		·		u--------	glaux_only
722	ἐπεί	c--------	ἐπεί	ἐπεί	c--------	c--------	
723	γάρ	g--------	γάρ	γάρ	d--------	g--------	
724	γέλως	n-s---mn-	γέλως	γέλως	n-s---mn-	n-s---mn-	
725	ἐκ	r--------	ἐκ	ἐκ	r--------	r--------	
726	ἄνθρωπος	n-p---mg-	ἄνθρωπος	ἄνθρωπος	n-p---mg-	n-p---mg-	
727	ἀπόλλυμι	v3sria---	ἀπόλλυμι	ἀπόλλυμι	v3sria---	v3sria---	
728	,	u--------	,	,	u--------	u--------	
729	ἔρρω	v3spia---	ἔρρω	ἔρρω	v3spia---	v3spia---	
730	ὁ	l-p---na-	ὁ	ὁ	l-p---na-	l-p---na-	
731	ἐμός	a-p---na-	ἐμός	ἐμός	a-p---na-	a-p---na-	
732	πρᾶγμα	n-p---na-	πρᾶγμα	πρᾶγμα	n-p---na-	n-p---na-	
733	.	u--------	.	.	u--------	u--------	
734	πρόσθεν	d--------	πρόσθεν	πρόσθεν	d--------	d--------	
735	μέν	g--------	μέν	μέν	d--------	g--------	
736	γάρ	g--------	γάρ	γάρ	d--------	g--------	
737	οὗτος	p-s---ng-	οὗτος	οὗτος	p-s---ng-	p-s---ng-	
738	ἕνεκα	r--------	ἕνεκα	ἕνεκα	r--------	r--------	
739	καλέω	v1siim---	καλέω	καλέω	v1siie---	v1siim---	
740	ἐπί	r--------	ἐπί	ἐπί	r--------	r--------	
741	ὁ	l-p---na-	ὁ	ὁ	l-p---na-	l-p---na-	
742	δεῖπνον	n-p---na-	δεῖπνον	δεῖπνον	n-p---na-	n-p---na-	
743	,	u--------	,	,	u--------	u--------	
744	ἵνα	c--------	ἵνα	ἵνα	c--------	c--------	
745	εὐφραίνω	v3ppom---	εὐφραίνω	εὐφραίνω	v3ppoe---	v3ppom---	
746	ὁ	l-p---mn-	ὁ	ὁ	l-p---mn-	l-p---mn-	
747	σύνειμι	v-pppamn-	σύνειμι	σύνειμι	v-pppamn-	v-pppamn-	
748	διά	r--------	διά	διά	r--------	r--------	
749	ἐγώ	p1s---ca-	ἐγώ	ἐγώ	p-s---ma-	p1s---ca-	
750	γελάω	v-pppamn-	γελάω	γελάω	v-pppamn-	v-pppamn-	
751	·	u--------	·	·	u--------	u--------	
752	νῦν	d--------	νῦν	νῦν	d--------	d--------	
753	δέ	b--------	δέ	δέ	d--------	b--------	
754	τις	p-s---ng-	τις	τις	p-s---ng-	p-s---ng-	
755	ἕνεκα	r--------	ἕνεκα	ἕνεκα	r--------	r--------	
756	καί	b--------	καί	καί	d--------	b--------	
757	καλέω	v3sfia---	καλέω	καλέω	v3sfia---	v3sfia---	
758	ἐγώ	p1s---ca-	ἐγώ	ἐγώ	p-s---ma-	p1s---ca-	
759	τις	p-s---cn-	τις	τις	p-s---mn-	p-s---cn-	
760	;	u--------	;	;	u--------	u--------	
761	οὐ	d--------	οὐ	οὐ	d--------	d--------	
762	τε	d--------	τε		d--------		oga_only
763	γάρ	d--------	γάρ		d--------		oga_only
764	ἐγώ	p-s---mn-	ἐγώ		p-s---mn-		oga_only
765	σπουδάζω	v--ana---	σπουδάζω		v--ana---		oga_only
766	ἄν	d--------	ἄν		d--------		oga_only
767	δύναμαι	v1spoe---	δύναμαι		v1spoe---		oga_only
768	μᾶλλον	d-------c	μᾶλλον		d-------c		oga_only
769	ἤπερ	c--------	ἤπερ		c--------		oga_only
770	ἀθάνατος	a-s---mn-	ἀθάνατος		a-s---mn-		oga_only
771	γίγνομαι	v--anm---	γίγνομαι		v--anm---		oga_only
772	,	u--------	,		u--------		oga_only
773	οὐ	d--------	οὐ		d--------		oga_only
774	τε	c--------	τε		c--------		oga_only
775	μήν	d--------	μήν		d--------		oga_only
776	ὡς	d--------	ὡς		d--------		oga_only
777	ἀντικαλέω	v-sfppmn-	ἀντικαλέω		v-sfppmn-		oga_only
778	καλέω	v3sfia---	καλέω		v3sfia---		oga_only
779	ἐγώ	p-s---ma-	ἐγώ		p-s---ma-		oga_only
780	τις	p-s---mn-	τις		p-s---mn-		oga_only
781	,	u--------	,		u--------		oga_only
782	ἐπεί	c--------	ἐπεί		c--------		oga_only
783	πᾶς	a-p---mn-	πᾶς		a-p---mn-		oga_only
784	οἶδα	v3ppia---	οἶδα		v3ppia---		oga_only
785	ὅτι	c--------	ὅτι		c--------		oga_only
786	ἀρχή	n-s---fa-	ἀρχή		n-s---fa-		oga_only
787	οὐ	d--------	οὐ		d--------		oga_only
788	δέ	d--------	δέ		d--------		oga_only
789	νομίζω	v3spie---	νομίζω		v3spie---		oga_only
790	εἰς	r--------	εἰς		r--------		oga_only
791	ὁ	l-s---fa-	ὁ		l-s---fa-		oga_only
792	ἐμός	a-s---fa-	ἐμός		a-s---fa-		oga_only
793	οἰκία	n-s---fa-	οἰκία		n-s---fa-		oga_only
794	δεῖπνον	n-s---na-	δεῖπνον		n-s---na-		oga_only
795	προσφέρω	v--pne---	προσφέρω		v--pne---		oga_only
796	.	u--------	.		u--------		oga_only
797	καί	b--------	καί	καί	d--------	b--------	
798	ἅμα	d--------	ἅμα		d--------		oga_only
799	λέγω3	v-sppamn-	λέγω3		v-sppamn-		oga_only
800	οὗτος	p-p---na-	οὗτος		p-p---na-		oga_only
801	ἀπομύσσω	v3siie---	ἀπομύσσω		v3siie---		oga_only
802	τε	d--------	τε		d--------		oga_only
803	καί	c--------	καί		c--------		oga_only
804	ὁ	l-s---fd-	ὁ		l-s---fd-		oga_only
805	φωνή	n-s---fd-	φωνή		n-s---fd-		oga_only
806	σαφής	d--------	σαφής		d--------		oga_only
807	κλαίω	v--pna---	κλαίω		v--pna---		oga_only
808	φαίνω	v3siie---	φαίνω		v3siie---		oga_only
809	.	u--------	.		u--------		oga_only
810	πᾶς	a-p---mn-	πᾶς	πᾶς	a-p---mn-	a-p---mn-	
811	μέν	g--------	μέν	μέν	d--------	g--------	
812	οὖν	g--------	οὖν	οὖν	d--------	g--------	
813	παραμυθέομαι	v3piim---	παραμυθέομαι	παραμυθέομαι	v3piie---	v3piim---	
814	τε	b--------	τε	τε	d--------	b--------	
815	αὐτός	p-s---ma-	αὐτός	αὐτός	p-s---ma-	p-s---ma-	
816	ὡς	d--------	ὡς	ὡς	d--------	d--------	
817	αὖθις	d--------	αὖθις	αὖθις	d--------	d--------	
818	γελάω	v-pfpmmn-	γελάω	γελάω	v-pfpmmn-	v-pfpmmn-	
819	καί	b--------	καί	καί	c--------	b--------	
820	δειπνέω	v--pna---	δειπνέω	δειπνέω	v--pna---	v--pna---	
821	κελεύω	v3piia---	κελεύω	κελεύω	v3piia---	v3piia---	
822	,	u--------	,	,	u--------	u--------	
823	Κριτόβουλος	n-s---mn-	κριτόβουλος	Κριτόβουλος	n-s---mn-	n-s---mn-	
824	δέ	b--------	δέ	δέ	c--------	b--------	
825	καί	d--------	καί	καί	d--------	d--------	
826	ἐκκαγχάζω	v3saia---	ἐκκαγχάζω	ἐκκαγχάζω	v3saia---	v3saia---	
827	ἐπί	r--------	ἐπί	ἐπί	r--------	r--------	
828	ὁ	l-s---md-	ὁ	ὁ	l-s---md-	l-s---md-	
829	οἰκτισμός	n-s---md-	οἰκτισμός	οἰκτισμός	n-s---md-	n-s---md-	
830	αὐτός	p-s---mg-	αὐτός	αὐτός	p-s---mg-	p-s---mg-	
831	.	u--------	.	.	u--------	u--------	
832	ὁ	l-s---mn-	ὁ	ὁ	l-s---mn-	l-s---mn-	
833	δέ	b--------	δέ	δέ	d--------	b--------	
834	ὡς	c--------	ὡς	ὡς	c--------	c--------	
835	αἰσθάνομαι	v3saim---	αἰσθάνομαι	αἰσθάνομαι	v3saim---	v3saim---	
836	ὁ	l-s---mg-	ὁ	ὁ	l-s---mg-	l-s---mg-	
837	γέλως	n-s---mg-	γέλως	γέλως	n-s---mg-	n-s---mg-	
838	,	u--------	,	,	u--------	u--------	
839	ἀνακαλύπτω	v3saim---	ἀνακαλύπτω	ἀνακαλύπτω	v3saim---	v3saim---	
840	τε	b--------	τε	τε	d--------	b--------	
841	καί	b--------	καί	καί	c--------	b--------	
842	ὁ	l-s---fd-	ὁ	ὁ	l-s---fd-	l-s---fd-	
843	ψυχή	n-s---fd-	ψυχή	ψυχή	n-s---fd-	n-s---fd-	
844	παρακελεύομαι	v-sapmmn-	παρακελεύομαι	παρακελεύομαι	v-sapemn-	v-sapmmn-	
845	θαρσέω	v--pna---	θαρσέω	θαρσέω	v--pna---	v--pna---	
846	,	u--------	,	,	u--------	u--------	
847	ὅτι	c--------	ὅτι	ὅτι	c--------	c--------	
848	εἰμί	v3pfim---	εἰμί	εἰμί	v3pfim---	v3pfim---	
849	συμβολή	n-p---fn-	συμβολή	συμβολή	n-p---fn-	n-p---fn-	
850	,	u--------	,	,	u--------	u--------	
851	πάλιν	d--------	πάλιν	πάλιν	d--------	d--------	
852	δειπνέω	v3siia---	δειπνέω	δειπνέω	v3siia---	v3siia---	
853	.	u--------	.	.	u--------	u--------	
854	ὡς	c--------	ὡς	ὡς	c--------	c--------	
855	δέ	b--------	δέ	δέ	d--------	b--------	
856	ἀφαιρέω	v3paip---	ἀφαιρέω	ἀφαιρέω	v3paip---	v3paip---	
857	ὁ	l-p---fn-	ὁ	ὁ	l-p---fn-	l-p---fn-	
858	τράπεζα	n-p---fn-	τράπεζα	τράπεζα	n-p---fn-	n-p---fn-	
859	καί	b--------	καί	καί	c--------	b--------	
860	σπένδω	v3paia---	σπένδω	σπένδω	v3paia---	v3paia---	
861	τε	b--------	τε	τε	d--------	b--------	
862	καί	b--------	καί	καί	c--------	b--------	
863	παιανίζω	v3paia---	παιανίζω	παιανίζω	v3paia---	v3paia---	
864	,	u--------	,	,	u--------	u--------	
865	ἔρχομαι	v3spim---	ἔρχομαι	ἔρχομαι	v3spie---	v3spim---	
866	αὐτός	p-p---md-	αὐτός	αὐτός	p-p---md-	p-p---md-	
867	ἐπί	r--------	ἐπί	ἐπί	r--------	r--------	
868	κῶμος	n-s---ma-	κῶμος	κῶμος	n-s---ma-	n-s---ma-	
869	Συρακούσιος	a-s---mn-	συρακόσιος	Συρακούσιος	a-s---mn-	a-s---mn-	DISAGREE
870	τις	p-s---cn-	τις	τις	a-s---mn-	p-s---cn-	
871	ἄνθρωπος	n-s---mn-	ἄνθρωπος	ἄνθρωπος	n-s---mn-	n-s---mn-	
872	,	u--------	,	,	u--------	u--------	
873	ἔχω	v-sppamn-	ἔχω	ἔχω	v-sppamn-	v-sppamn-	
874	τε	b--------	τε	τε	d--------	b--------	
875	αὐλητρίς	n-s---fa-	αὐλητρίς	αὐλητρίς	n-s---fa-	n-s---fa-	
876	ἀγαθός	a-s---fa-	ἀγαθός	ἀγαθός	a-s---fa-	a-s---fa-	
877	καί	b--------	καί	καί	d--------	b--------	
878	ὀρχηστρίς	n-s---fa-	ὀρχηστρίς	ὀρχηστρίς	n-s---fa-	n-s---fa-	
879	ὁ	l-p---fg-	ὁ	ὁ	l-p---fg-	l-p---fg-	
880	ὁ	l-p---na-	ὁ	ὁ	l-p---na-	l-p---na-	
881	θαῦμα	n-p---na-	θαῦμα	θαῦμα	n-p---na-	n-p---na-	
882	δύναμαι	v-pppmfg-	δύναμαι	δύναμαι	v-pppefg-	v-pppmfg-	
883	ποιέω	v--pna---	ποιέω	ποιέω	v--pna---	v--pna---	
884	,	u--------	,	,	u--------	u--------	
885	καί	b--------	καί	καί	c--------	b--------	
886	παῖς	n-s---ma-	παῖς	παῖς	n-s---ma-	n-s---ma-	
887	πάνυ	d--------	πάνυ	πάνυ	d--------	d--------	
888	γε	d--------	γε	γε	d--------	d--------	
889	ὡραῖος	a-s---ma-	ὡραῖος	ὡραῖος	a-s---ma-	a-s---ma-	
890	καί	b--------	καί	καί	d--------	b--------	
891	πάνυ	d--------	πάνυ	πάνυ	d--------	d--------	
892	καλός	d--------	καλός	καλός	d--------	d--------	
893	κιθαρίζω	v-sppama-	κιθαρίζω	κιθαρίζω	v-sppama-	v-sppama-	
894	καί	b--------	καί	καί	c--------	b--------	
895	ὀρχέομαι	v-sppmma-	ὀρχέομαι	ὀρχέομαι	v-sppema-	v-sppmma-	
896	.	u--------	.	.	u--------	u--------	
897	οὗτος	p-p---na-	οὗτος	οὗτος	p-p---na-	p-p---na-	
898	δέ	b--------	δέ	δέ	d--------	b--------	
899	καί	d--------	καί	καί	d--------	d--------	
900	ἐπιδείκνυμι	v-sppamn-	ἐπιδείκνυμι	ἐπιδείκνυμι	v-sppamn-	v-sppamn-	
901	ὡς	d--------	ὡς	ὡς	d--------	d--------	
902	ἐν	r--------	ἐν	ἐν	r--------	r--------	
903	θαῦμα	n-s---nd-	θαῦμα	θαῦμα	n-s---nd-	n-s---nd-	
904	ἀργύριον	n-s---na-	ἀργύριον	ἀργύριον	n-s---na-	n-s---na-	
905	λαμβάνω	v3siia---	λαμβάνω	λαμβάνω	v3siia---	v3siia---	
906	.	u--------	.	.	u--------	u--------	
907	ἐπεί	c--------	ἐπεί	ἐπεί	c--------	c--------	
908	δέ	b--------	δέ	δέ	d--------	b--------	
909	αὐτός	p-p---md-	αὐτός	αὐτός	p-p---md-	p-p---md-	
910	ὁ	l-s---fn-	ὁ	ὁ	l-s---fn-	l-s---fn-	
911	αὐλητρίς	n-s---fn-	αὐλητρίς	αὐλητρίς	n-s---fn-	n-s---fn-	
912	μέν	g--------	μέν	μέν	d--------	g--------	
913	αὐλέω	v3saia---	αὐλέω	αὐλέω	v3saia---	v3saia---	
914	,	u--------	,	,	u--------	u--------	
915	ὁ	l-s---mn-	ὁ	ὁ	l-s---mn-	l-s---mn-	
916	δέ	b--------	δέ	δέ	c--------	b--------	
917	παῖς	n-s---mn-	παῖς	παῖς	n-s---mn-	n-s---mn-	
918	κιθαρίζω	v3saia---	κιθαρίζω	κιθαρίζω	v3saia---	v3saia---	
919	,	u--------	,	,	u--------	u--------	
920	καί	b--------	καί	καί	c--------	b--------	
921	δοκέω	v3piia---	δοκέω	δοκέω	v3piia---	v3piia---	
922	μάλα	d--------	μάλα	μάλα	d--------	d--------	
923	ἀμφότερος	a-p---mn-	ἀμφότερος	ἀμφότερος	a-p---mn-	a-p---mn-	
924	ἱκανός	d--------	ἱκανός	ἱκανός	d--------	d--------	
925	εὐφραίνω	v--pna---	εὐφραίνω	εὐφραίνω	v--pna---	v--pna---	
926	,	u--------	,	,	u--------	u--------	
927	λέγω	v3saia---	λέγω	λέγω	v3saia---	v3saia---	
928	ὁ	l-s---mn-	ὁ	ὁ	l-s---mn-	l-s---mn-	
929	Σωκράτης	n-s---mn-	σωκράτης	Σωκράτης	n-s---mn-	n-s---mn-	
930	·	u--------	·	·	u--------	u--------	
931	νή	r--------	νή	νή	r--------	r--------	
932	Ζεύς	n-s---ma-	ζεύς	Ζεύς	n-s---ma-	n-s---ma-	
933	,	u--------	,	,	u--------	u--------	
934	ὦ	i--------	ὦ	ὦ	i--------	i--------	
935	Καλλίης	n-s---mv-	καλλίης	Καλλίης	n-s---mv-	n-s---mv-	
936	,	u--------	,	,	u--------	u--------	
937	τέλειος	d--------	τέλειος	τέλειος	d--------	d--------	
938	ἐγώ	p-p---ma-	ἐγώ	ἐγώ	p-p---ma-	p-p---ma-	
939	ἑστιάω	v2spia---	ἑστιάω	ἑστιάω	v2spia---	v2spia---	
940	.	u--------	.	.	u--------	u--------	
941	οὐ	d--------	οὐ	οὐ	d--------	d--------	
942	γάρ	g--------	γάρ	γάρ	d--------	g--------	
943	μόνος	a-s---na-	μόνος	μόνος	a-s---na-	a-s---na-	
944	δεῖπνον	n-s---na-	δεῖπνον	δεῖπνον	n-s---na-	n-s---na-	
945	ἄμεμπτος	a-s---na-	ἄμεμπτος	ἄμεμπτος	a-s---na-	a-s---na-	
946	παρατίθημι	v2saia---	παρατίθημι	παρατίθημι	v2saia---	v2saia---	
947	,	u--------	,	,	u--------	u--------	
948	ἀλλά	b--------	ἀλλά	ἀλλά	c--------	b--------	
949	καί	d--------	καί	καί	d--------	d--------	
950	θέαμα	n-p---na-	θέαμα	θέαμα	n-p---na-	n-p---na-	
951	καί	b--------	καί	καί	c--------	b--------	
952	ἀκρόαμα	n-p---na-	ἀκρόαμα	ἀκρόαμα	n-p---na-	n-p---na-	
953	ἡδύς	a-p---nas	ἡδύς	ἡδύς	a-p---nas	a-p---nas	
954	παρέχω	v2spia---	παρέχω	παρέχω	v2spia---	v2spia---	
955	.	u--------	.	.	u--------	u--------	
956	καί	b--------	καί	καί	d--------	b--------	
957	ὅς	p-s---mn-	ὅς	ὅς	p-s---mn-	p-s---mn-	
958	φημί	v3siia---	φημί	φημί	v3siia---	v3siia---	
959	·	u--------	·	·	u--------	u--------	
960	τις	p-s---na-	τίς	τις	a-s---na-	p-s---na-	
961	οὖν	g--------	οὖν	οὖν	d--------	g--------	
962	εἰ	c--------	εἰ	εἰ	c--------	c--------	
963	καί	d--------	καί	καί	d--------	d--------	
964	μύρον	n-s---na-	μύρον	μύρον	n-s---na-	n-s---na-	
965	τις	p-s---cn-	τις	τις	p-s---mn-	p-s---cn-	
966	ἐγώ	p-p---md-	ἐγώ	ἐγώ	p-p---md-	p-p---md-	
967	φέρω	v3saoa---	φέρω	φέρω	v3saoa---	v3saoa---	
968	,	u--------	,	,	u--------	u--------	
969	ἵνα	c--------	ἵνα	ἵνα	c--------	c--------	
970	καί	d--------	καί	καί	d--------	d--------	
971	εὐωδία	n-s---fd-	εὐωδία	εὐωδία	n-s---fd-	n-s---fd-	
972	ἑστιάω	v1ppsm---	ἑστιάω	ἑστιάω	v1ppse---	v1ppsm---	
973	;	u--------		;		u--------	glaux_only
974	μηδαμῶς	d--------	μηδαμῶς	μηδαμῶς	d--------	d--------	
975	,	u--------	,	,	u--------	u--------	
976	φημί	v3siia---	φημί	φημί	v3siia---	v3siia---	
977	ὁ	l-s---mn-	ὁ	ὁ	l-s---mn-	l-s---mn-	
978	Σωκράτης	n-s---mn-	σωκράτης	Σωκράτης	n-s---mn-	n-s---mn-	
979	.	u--------	.	.	u--------	u--------	
980	ὥσπερ	c--------	ὥσπερ	ὥσπερ	c--------	c--------	
981	γάρ	g--------	γάρ	γάρ	d--------	g--------	
982	τοι	g--------	σύ	τοι	d--------	g--------	DISAGREE
983	ἐσθής	n-s---fn-	ἐσθής	ἐσθής	n-s---fn-	n-s---fn-	
984	ἄλλος	p-s---fn-	ἄλλος	ἄλλος	p-s---fn-	p-s---fn-	
985	μέν	g--------	μέν	μέν	d--------	g--------	
986	γυνή	n-s---fd-	γυνή	γυνή	n-s---fd-	n-s---fd-	
987	,	u--------	,	,	u--------	u--------	
988	ἄλλος	p-s---fn-	ἄλλος	ἄλλος	p-s---fn-	p-s---fn-	
989	δέ	b--------	δέ	δέ	c--------	b--------	
990	ἀνήρ	n-s---md-	ἀνήρ	ἀνήρ	n-s---md-	n-s---md-	
991	καλός	a-s---fn-	καλός	καλός	a-s---fn-	a-s---fn-	
992	,	u--------	,	,	u--------	u--------	
993	οὕτως	d--------	οὕτως	οὕτως	d--------	d--------	
994	καί	b--------	καί	καί	c--------	b--------	
995	ὀσμή	n-s---fn-	ὀσμή	ὀσμή	n-s---fn-	n-s---fn-	
996	ἄλλος	p-s---fn-	ἄλλος	ἄλλος	a-s---fn-	p-s---fn-	
997	μέν	g--------	μέν	μέν	d--------	g--------	
998	ἀνήρ	n-s---md-	ἀνήρ	ἀνήρ	n-s---md-	n-s---md-	
999	,	u--------	,	,	u--------	u--------	
1000	ἄλλος	p-s---fn-	ἄλλος	ἄλλος	p-s---fn-	p-s---fn-	
1001	δέ	b--------	δέ	δέ	c--------	b--------	
1002	γυνή	n-s---fd-	γυνή	γυνή	n-s---fd-	n-s---fd-	
1003	πρέπω	v3spia---	πρέπω	πρέπω	v3spia---	v3spia---	
1004	.	u--------	.	.	u--------	u--------	
1005	καί	b--------	καί	καί	d--------	b--------	
1006	γάρ	g--------	γάρ	γάρ	d--------	g--------	
1007	ἀνήρ	n-s---mg-	ἀνήρ	ἀνήρ	n-s---mg-	n-s---mg-	
1008	μέν	g--------	μέν	μέν	d--------	g--------	
1009	δήπου	d--------	δήπου	δήπου	d--------	d--------	
1010	ἕνεκα	r--------	ἕνεκα	ἕνεκα	r--------	r--------	
1011	ἀνήρ	n-s---mn-	ἀνήρ	ἀνήρ	n-s---mn-	n-s---mn-	
1012	οὐδείς	p-s---mn-	οὐδείς	οὐδείς	p-s---mn-	p-s---mn-	
1013	μύρον	n-s---nd-	μύρον	μύρον	n-s---nd-	n-s---nd-	
1014	χρίω	v3spim---	χρίω	χρίω	v3spie---	v3spim---	
1015	.	u--------	.	.	u--------	u--------	
1016	ὁ	l-p---fn-	ὁ	ὁ	l-p---fn-	l-p---fn-	
1017	μέντοι	g--------	μέντοι	μέντοι	d--------	g--------	
1018	γυνή	n-p---fn-	γυνή	γυνή	n-p---fn-	n-p---fn-	
1019	ἄλλος	d--------	ἄλλως	ἄλλος	d--------	d--------	DISAGREE
1020	τε	b--------	τε	τε	d--------	b--------	
1021	καί	b--------	καί	καί	c--------	b--------	
1022	ἐάν	c--------	ἄν	ἐάν	c--------	c--------	DISAGREE
1023	νύμφη	n-p---fn-	νύμφη	νύμφη	n-p---fn-	n-p---fn-	
1024	τυγχάνω	v3pasa---	τυγχάνω	τυγχάνω	v3pasa---	v3pasa---	
1025	εἰμί	v-pppafn-	εἰμί	εἰμί	v-pppafn-	v-pppafn-	
1026	,	u--------	,	,	u--------	u--------	
1027	ὥσπερ	c--------	ὥσπερ	ὥσπερ	c--------	c--------	
1028	ὁ	l-s---fn-	ὁ	ὁ	l-s---fn-	l-s---fn-	
1029	Νικήρατος	n-s---mg-	νικήρατος	Νικήρατος	n-s---mg-	n-s---mg-	
1030	ὅδε	p-s---mg-	ὅδε	ὅδε	a-s---mg-	p-s---mg-	
1031	καί	b--------	καί	καί	c--------	b--------	
1032	ὁ	l-s---fn-	ὁ	ὁ	l-s---fn-	l-s---fn-	
1033	Κριτόβουλος	n-s---mg-	κριτόβουλος	Κριτόβουλος	n-s---mg-	n-s---mg-	
1034	,	u--------	,	,	u--------	u--------	
1035	μύρον	n-s---ng-	μύρον	μύρον	n-s---ng-	n-s---ng-	
1036	μέν	g--------	μέν	μέν	d--------	g--------	
1037	τις	p-s---na-	τίς	τις	a-s---na-	p-s---na-	
1038	καί	d--------	καί	καί	d--------	d--------	
1039	προσδέω	v3ppim---	προσδέω	προσδέω	v3ppie---	v3ppim---	
1040	;	u--------		;		u--------	glaux_only
1041	αὐτός	p-p---fn-	αὐτός	αὐτός	p-p---fn-	p-p---fn-	
1042	γάρ	g--------	γάρ	γάρ	d--------	g--------	
1043	οὗτος	p-s---ng-	οὗτος	οὗτος	p-s---ng-	p-s---ng-	
1044	ὄζω	v3ppia---	ὄζω	ὄζω	v3ppia---	v3ppia---	
1045	·	u--------	·	·	u--------	u--------	
1046	ἔλαιον	n-s---ng-	ἔλαιον	ἔλαιον	n-s---ng-	n-s---ng-	
1047	δέ	b--------	δέ	δέ	d--------	b--------	
1048	ὁ	l-s---ng-	ὁ	ὁ	l-s---ng-	l-s---ng-	
1049	ἐν	r--------	ἐν	ἐν	r--------	r--------	
1050	γυμνάσιον	n-p---nd-	γυμνάσιον	γυμνάσιον	n-p---nd-	n-p---nd-	
1051	ὀσμή	n-s---fn-	ὀσμή	ὀσμή	n-s---fn-	n-s---fn-	
1052	καί	b--------	καί	καί	d--------	b--------	
1053	πάρειμι	v-sppafn-	πάρειμι1	πάρειμι	v-sppafn-	v-sppafn-	
1054	ἡδύς	a-s---fnc	ἡδύς	ἡδύς	a-s---fnc	a-s---fnc	
1055	ἤ	c--------	ἤ1	ἤ	c--------	c--------	
1056	μύρον	n-s---ng-	μύρον	μύρον	n-s---ng-	n-s---ng-	
1057	γυνή	n-p---fd-	γυνή	γυνή	n-p---fd-	n-p---fd-	
1058	καί	b--------	καί	καί	c--------	b--------	
1059	ἄπειμι	v-sppafn-	ἄπειμι1	ἄπειμι	v-sapafn-	v-sppafn-	
1060	ποθεινός	a-s---fnc	ποθεινός	ποθεινός	a-s---fnc	a-s---fnc	
1061	.	u--------	.	.	u--------	u--------	
1062	καί	b--------	καί	καί	d--------	b--------	
1063	γάρ	g--------	γάρ	γάρ	d--------	g--------	
1064	δή	g--------	δή	δή	d--------	g--------	
1065	μύρον	n-s---nd-	μύρον	μύρον	n-s---nd-	n-s---nd-	
1066	μέν	g--------	μέν	μέν	d--------	g--------	
1067	ὁ	l-s---mn-	ὁ	ὁ	l-s---mn-	l-s---mn-	
1068	ἀλείφω	v-sapmmn-	ἀλείφω	ἀλείφω	v-sapmmn-	v-sapmmn-	
1069	καί	b--------	καί	καί	d--------	b--------	
1070	δοῦλος	n-s---mn-	δοῦλος	δοῦλος	a-s---mn-	n-s---mn-	
1071	καί	b--------	καί	καί	c--------	b--------	
1072	ἐλεύθερος	a-s---mn-	ἐλεύθερος	ἐλεύθερος	a-s---mn-	a-s---mn-	
1073	εὐθύς	d--------	εὐθύς2	εὐθύς	d--------	d--------	
1074	ἅπας	a-s---mn-	ἅπας	ἅπας	a-s---mn-	a-s---mn-	
1075	ὅμοιος	a-s---na-	ὅμοιος	ὅμοιος	a-s---na-	a-s---na-	
1076	ὄζω	v3spia---	ὄζω	ὄζω	v3spia---	v3spia---	
1077	·	u--------	·	·	u--------	u--------	
1078	ὁ	l-p---fn-	ὁ	ὁ	l-p---fn-	l-p---fn-	
1079	δέ	b--------	δέ	δέ	d--------	b--------	
1080	ἀπό	r--------	ἀπό	ἀπό	r--------	r--------	
1081	ὁ	l-p---mg-	ὁ	ὁ	l-p---mg-	l-p---mg-	
1082	ἐλευθέριος	a-p---mg-	ἐλευθέριος	ἐλευθέριος	a-p---mg-	a-p---mg-	
1083	μόχθος	n-p---mg-	μόχθος	μόχθος	n-p---mg-	n-p---mg-	
1084	ὀσμή	n-p---fn-	ὀσμή	ὀσμή	n-p---fn-	n-p---fn-	
1085	ἐπιτήδευμα	n-p---ng-	ἐπιτήδευμα	ἐπιτήδευμα	n-p---ng-	n-p---ng-	
1086	τε	b--------	τε	τε	d--------	b--------	
1087	πρότερος	a-s---nac	πρῶτος	πρότερος	a-s---na-	a-s---nac	DISAGREE
1088	χρηστός	a-p---ng-	χρηστός	χρηστός	a-p---ng-	a-p---ng-	
1089	καί	b--------	καί	καί	c--------	b--------	
1090	χρόνος	n-s---mg-	χρόνος	χρόνος	n-s---mg-	n-s---mg-	
1091	πολύς	a-s---mg-	πολύς	πολύς	a-s---mg-	a-s---mg-	
1092	δέω	v3ppim---	δέω2	δέω	v3ppie---	v3ppim---	
1093	,	u--------	,	,	u--------	u--------	
1094	εἰ	c--------	εἰ	εἰ	c--------	c--------	
1095	μέλλω	v3ppia---	μέλλω	μέλλω	v3ppia---	v3ppia---	
1096	ἡδύς	a-p---fn-	ἡδύς	ἡδύς	a-p---fn-	a-p---fn-	
1097	τε	b--------	τε	τε	d--------	b--------	
1098	καί	b--------	καί	καί	c--------	b--------	
1099	ἐλευθέριος	a-p---fn-	ἐλευθέριος	ἐλευθέριος	a-p---fn-	a-p---fn-	
1100	εἰμί	v--fnm---	εἰμί	εἰμί	v--fnm---	v--fnm---	
1101	.	u--------	.	.	u--------	u--------	
1102	καί	b--------	καί	καί	d--------	b--------	
1103	ὁ	l-s---mn-	ὁ	ὁ	l-s---mn-	l-s---mn-	
1104	Λύκων	n-s---mn-	λύκων	Λύκων	n-s---mn-	n-s---mn-	
1105	λέγω	v3saia---	λέγω	λέγω	v3saia---	v3saia---	
1106	·	u--------	·	·	u--------	u--------	
1107	οὐκοῦν	g--------	οὐκοῦν	οὐκοῦν	d--------	g--------	
1108	νέος	a-p---md-	νέος	νέος	a-p---md-	a-p---md-	
1109	μέν	g--------	μέν	μέν	d--------	g--------	
1110	ἄν	g--------	ἄν	ἄν	d--------	g--------	
1111	εἰμί	v3spoa---	εἰμί	εἰμί	v3spoa---	v3spoa---	
1112	οὗτος	p-p---nn-	οὗτος	οὗτος	p-p---nn-	p-p---nn-	
1113	·	u--------	·	·	u--------	u--------	
1114	ἐγώ	p-p---ma-	ἐγώ	ἐγώ	p-p---ma-	p-p---ma-	
1115	δέ	b--------	δέ	δέ	d--------	b--------	
1116	ὁ	l-p---ma-	ὁ	ὁ	l-p---ma-	l-p---ma-	
1117	μηκέτι	d--------	μηκέτι	μηκέτι	d--------	d--------	
1118	γυμνάζω	v-pppmma-	γυμνάζω	γυμνάζω	v-pppema-	v-pppmma-	
1119	τις	p-s---ng-	τις	τις	p-s---ng-	p-s---ng-	
1120	ὄζω	v--pna---	ὄζω	ὄζω	v--pna---	v--pna---	
1121	δέω	v3sfia---	δέω2	δέω	v3sfia---	v3sfia---	
1122	;	u--------	;	;	u--------	u--------	
1123	καλοκἀγαθία	n-s---fg-		καλοκἀγαθία		n-s---fg-	glaux_only
1124	νή	r--------	νή	νή	r--------	r--------	
1125	Ζεύς	n-s---ma-	ζεύς	Ζεύς	n-s---ma-	n-s---ma-	
1126	,	u--------	,	,	u--------	u--------	
1127	φημί	v3siia---	φημί	φημί	v3siia---	v3siia---	
1128	ὁ	l-s---mn-	ὁ	ὁ	l-s---mn-	l-s---mn-	
1129	Σωκράτης	n-s---mn-	σωκράτης	Σωκράτης	n-s---mn-	n-s---mn-	
1130	.	u--------	.	.	u--------	u--------	
1131	καί	b--------	καί	καί	d--------	b--------	
1132	πόθεν	d--------	πόθεν	πόθεν	d--------	d--------	
1133	ἄν	g--------	ἄν	ἄν	d--------	g--------	
1134	τις	p-s---cn-	τις	τις	p-s---mn-	p-s---cn-	
1135	οὗτος	p-s---na-	οὗτος	οὗτος	a-s---na-	p-s---na-	
1136	ὁ	l-s---na-	ὁ	ὁ	l-s---na-	l-s---na-	
1137	χρῖμα	n-s---na-	χρῖμα	χρῖμα	n-s---na-	n-s---na-	
1138	λαμβάνω	v3saoa---	λαμβάνω	λαμβάνω	v3saoa---	v3saoa---	
1139	;	u--------	;	;	u--------	u--------	
1140	οὐ	d--------	οὐ	οὐ	d--------	d--------	
1141	μά	r--------	μά	μά	r--------	r--------	
1142	Ζεύς	n-s---ma-	ζεύς	Ζεύς	n-s---ma-	n-s---ma-	
1143	,	u--------	,	,	u--------	u--------	
1144	φημί	v3siia---	φημί	φημί	v3siia---	v3siia---	
1145	,	u--------	,	,	u--------	u--------	
1146	οὐ	d--------	οὐ	οὐ	d--------	d--------	
1147	παρά	r--------	παρά	παρά	r--------	r--------	
1148	ὁ	l-p---mg-	ὁ	ὁ	l-p---mg-	l-p---mg-	
1149	μυροπώλης	n-p---mg-	μυροπώλης	μυροπώλης	n-p---mg-	n-p---mg-	
1150	.	u--------	.	.	u--------	u--------	
1151	ἀλλά	b--------	ἀλλά	ἀλλά	d--------	b--------	
1152	πόθεν	d--------	πόθεν	πόθεν	d--------	d--------	
1153	δή	g--------	δή	δή	d--------	g--------	
1154	;	u--------		;		u--------	glaux_only
1155	ὁ	l-s---mn-	ὁ	ὁ	l-s---mn-	l-s---mn-	
1156	μέν	g--------	μέν	μέν	d--------	g--------	
1157	Θέογνις	n-s---mn-	θέογνις	Θέογνις	n-s---mn-	n-s---mn-	
1158	φημί	v3siia---	φημί	φημί	v3siia---	v3siia---	
1159	·	u--------	·	·	u--------	u--------	
1160	ἐσθλός	a-p---ng-	ἐσθλός	ἐσθλός	a-p---ng-	a-p---ng-	
1161	μέν	g--------	μέν	μέν	g--------	g--------	
1162	γάρ	g--------	γάρ	γάρ	g--------	g--------	
1163	ἀπό	r--------	ἀπό	ἀπό	r--------	r--------	
1164	ἐσθλός	a-p---na-	ἐσθλός	ἐσθλός	a-p---na-	a-p---na-	
1165	διδάσκω	v2sasm---	διδάσκω	διδάσκω	v2sfim---	v2sasm---	
1166	·	u--------	·	·	u--------	u--------	
1167	ἐάν	c--------	ἐάν	ἐάν	c--------	c--------	
1168	δέ	b--------	δέ	δέ	d--------	b--------	
1169	κακός	a-p---md-	κακός	κακός	a-p---md-	a-p---md-	
1170	συμμείγνυμι	v2spsa---	συμμείγνυμι	συμμείγνυμι	v2spsa---	v2spsa---	
1171	,	u--------	,	,	u--------	u--------	
1172	ἀπόλλυμι	v2sfia---	ἀπόλλυμι	ἀπόλλυμι	v2sfia---	v2sfia---	
1173	καί	d--------	καί	καί	d--------	d--------	
1174	ὁ	l-s---ma-	ὁ	ὁ	l-s---ma-	l-s---ma-	
1175	εἰμί	v-sppama-	εἰμί	εἰμί	v-sppama-	v-sppama-	
1176	νόος	n-s---ma-	νόος	νόος	n-s---ma-	n-s---ma-	
1177	.	u--------	.	.	u--------	u--------	
1178	καί	b--------	καί	καί	d--------	b--------	
1179	ὁ	l-s---mn-	ὁ	ὁ	l-s---mn-	l-s---mn-	
1180	Λύκων	n-s---mn-	λύκων	Λύκων	n-s---mn-	n-s---mn-	
1181	λέγω	v3saia---	λέγω	λέγω	v3saia---	v3saia---	
1182	·	u--------	·	·	u--------	u--------	
1183	ἀκούω	v2spia---	ἀκούω	ἀκούω	v2spia---	v2spia---	
1184	οὗτος	p-p---na-	οὗτος	οὗτος	p-p---na-	p-p---na-	
1185	,	u--------	,	,	u--------	u--------	
1186	ὦ	i--------	ὦ	ὦ	i--------	i--------	
1187	υἱός	n-s---mv-	υἱός	υἱός	n-s---mv-	n-s---mv-	
1188	;	u--------	;	;	u--------	u--------	
1189	ναί	d--------	ναί	ναί	d--------	d--------	
1190	μά	r--------	μά	μά	r--------	r--------	
1191	Ζεύς	n-s---ma-	ζεύς	Ζεύς	n-s---ma-	n-s---ma-	
1192	,	u--------	,	,	u--------	u--------	
1193	φημί	v3siia---	φημί	φημί	v3siia---	v3siia---	
1194	ὁ	l-s---mn-	ὁ	ὁ	l-s---mn-	l-s---mn-	
1195	Σωκράτης	n-s---mn-	σωκράτης	Σωκράτης	n-s---mn-	n-s---mn-	
1196	,	u--------	,	,	u--------	u--------	
1197	καί	b--------	καί	καί	c--------	b--------	
1198	χράω	v3spim---	χράομαι	χράω	v3spie---	v3spim---	DISAGREE
1199	γε	d--------	γε	γε	d--------	d--------	
1200	.	u--------	.	.	u--------	u--------	
1201	ἐπεί	c--------	ἐπεί	ἐπεί	c--------	c--------	
1202	γοῦν	g--------	γοῦν	γοῦν	d--------	g--------	
1203	νικηφόρος	a-s---mn-	νικηφόρος	νικηφόρος	a-s---mn-	a-s---mn-	
1204	βούλομαι	v3siim---	βούλομαι	βούλομαι	v3siie---	v3siim---	
1205	ὁ	l-s---ng-	ὁ	ὁ	l-s---ng-	l-s---ng-	
1206	παγκράτιον	n-s---ng-	παγκράτιον	παγκράτιον	n-s---ng-	n-s---ng-	
1207	γίγνομαι	v--anm---	γίγνομαι	γίγνομαι	v--anm---	v--anm---	
1208	,	u--------	,	,	u--------	u--------	
1209	σύν	r--------	σύν	σύν	r--------	r--------	
1210	σύ	p2s---cd-	σύ	σύ	p-s---md-	p2s---cd-	
1211	σκοπέω	v-sapmmn-	σκέπτομαι	σκοπέω	v-sapmmn-	v-sapmmn-	DISAGREE
1212	σύν	r--------	σύν		r--------		oga_only
1213	σύ	p-s---md-	σύ		p-s---md-		oga_only
1214	σκέπτομαι	v-sapemn-	σκέπτομαι		v-sapemn-		oga_only
1215	αὖ	d--------	αὖ		d--------		oga_only
1216	,	u--------	,		u--------		oga_only
1217	ὅς	p-s---mn-	ὅς		p-s---mn-		oga_only
1218	ἄν	d--------	ἄν		d--------		oga_only
1219	δοκέω	v3spsa---	δοκέω		v3spsa---		oga_only
1220	αὐτός	p-s---md-	αὐτός		p-s---md-		oga_only
1221	ἱκανός	a-s---mns	ἱκανός		a-s---mns		oga_only
1222	εἰμί	v--pna---	εἰμί		v--pna---		oga_only
1223	εἰς	r--------	εἰς		r--------		oga_only
1224	ὁ	l-s---na-	ὁ		l-s---na-		oga_only
1225	οὗτος	p-p---na-	οὗτος		p-p---na-		oga_only
1226	ἐπιτηδεύω	v--ana---	ἐπιτηδεύω		v--ana---		oga_only
1227	,	u--------	,		u--------		oga_only
1228	οὗτος	p-s---md-	οὗτος		p-s---md-		oga_only
1229	σύνειμι1	v3sfim---	σύνειμι1		v3sfim---		oga_only
1230	.	u--------	.		u--------		oga_only
1231	ἐνταῦθα	d--------	ἐνταῦθα	ἐνταῦθα	d--------	d--------	
1232	δή	g--------	δή	δή	d--------	g--------	
1233	πολύς	a-p---mn-	πολύς	πολύς	a-p---mn-	a-p---mn-	
1234	φθέγγομαι	v3paim---	φθέγγομαι	φθέγγομαι	v3paim---	v3paim---	
1235	·	u--------	·	·	u--------	u--------	
1236	καί	b--------	καί	καί	d--------	b--------	
1237	ὁ	l-s---mn-	ὁ	ὁ	l-s---mn-	l-s---mn-	
1238	μέν	g--------	μέν	μέν	d--------	g--------	
1239	τις	p-s---cn-	τις	τις	p-s---mn-	p-s---cn-	
1240	αὐτός	p-p---mg-	αὐτός	αὐτός	p-p---mg-	p-p---mg-	
1241	λέγω	v3saia---	εἶπον	λέγω	v3saia---	v3saia---	DISAGREE
1242	·	u--------	·	·	u--------	u--------	
1243	ποῦ	d--------	ποῦ	ποῦ	d--------	d--------	
1244	οὖν	g--------	οὖν	οὖν	d--------	g--------	
1245	εὑρίσκω	v3sfia---	εὑρίσκω	εὑρίσκω	v3sfia---	v3sfia---	
1246	οὗτος	p-s---ng-	οὗτος	οὗτος	p-s---ng-	p-s---ng-	
1247	διδάσκαλος	n-s---ma-	διδάσκαλος	διδάσκαλος	n-s---ma-	n-s---ma-	
1248	;	u--------	;	;	u--------	u--------	
1249	ὁ	l-s---mn-	ὁ	ὁ	l-s---mn-	l-s---mn-	
1250	δέ	b--------	δέ	δέ	d--------	b--------	
1251	τις	p-s---cn-	τις	τις	p-s---mn-	p-s---cn-	
1252	ὡς	c--------	ὡς	ὡς	c--------	c--------	
1253	οὐ	d--------	οὐ	οὐ	d--------	d--------	
1254	δέ	b--------	δέ	δέ	d--------	b--------	
1255	διδακτός	a-s---nn-	διδακτός		a-s---nn-		oga_only
1256	οὗτος	p-s---nn-	οὗτος	οὗτος	p-s---nn-	p-s---nn-	
1257	εἰμί	v3spoa---	εἰμί		v3spoa---		oga_only
1258	,	u--------	,		u--------		oga_only
1259	ἕτερος	a-s---mn-	ἕτερος		a-s---mn-		oga_only
1260	δέ	c--------	δέ		c--------		oga_only
1261	τις	p-s---mn-	τις		p-s---mn-		oga_only
1262	ὡς	c--------	ὡς		c--------		oga_only
1263	εἴπερ	c--------	εἴπερ		c--------		oga_only
1264	τις	p-s---nn-	τις		p-s---nn-		oga_only
1265	καί	d--------	καί		d--------		oga_only
1266	ἄλλος	a-s---nn-	ἄλλος		a-s---nn-		oga_only
1267	καί	d--------	καί		d--------		oga_only
1268	οὗτος	p-s---nn-	οὗτος		p-s---nn-		oga_only
1269	μαθητός	a-s---nn-	μαθητός		a-s---nn-		oga_only
1270	.	u--------	.		u--------		oga_only
1271	ὁ	l-s---mn-	ὁ	ὁ	l-s---mn-	l-s---mn-	
1272	δέ	b--------	δέ	δέ	d--------	b--------	
1273	Σωκράτης	n-s---mn-	σωκράτης	Σωκράτης	n-s---mn-	n-s---mn-	
1274	φημί	v3siia---	φημί	φημί	v3siia---	v3siia---	
1275	·	u--------	·	·	u--------	u--------	
1276	οὗτος	p-s---nn-	οὗτος	οὗτος	p-s---nn-	p-s---nn-	
1277	μέν	g--------	μέν	μέν	d--------	g--------	
1278	ἐπειδή	c--------	ἐπεί	ἐπειδή	c--------	c--------	DISAGREE
1279	ἀμφίλογος	a-s---nn-	ἀμφίλογος	ἀμφίλογος	a-s---nn-	a-s---nn-	
1280	εἰμί	v3spia---	εἰμί	εἰμί	v3spia---	v3spia---	
1281	,	u--------	,	,	u--------	u--------	
1282	εἰς	r--------	εἰς	εἰς	r--------	r--------	
1283	αὖθις	d--------	αὖθις	αὖθις	d--------	d--------	
1284	ἀποτίθημι	v1pasm---	ἀποτίθημι	ἀποτίθημι	v1pasm---	v1pasm---	
1285	·	u--------	·	·	u--------	u--------	
1286	νυνί	d--------	νυνί	νυνί	d--------	d--------	
1287	δέ	b--------	δέ	δέ	d--------	b--------	
1288	ὁ	l-p---na-	ὁ	ὁ	l-p---na-	l-p---na-	
1289	πρόκειμαι	v-prpmna-	πρόκειμαι	πρόκειμαι	v-prpena-	v-prpmna-	
1290	ἀποτελέω	v1ppsa---	ἀποτελέω	ἀποτελέω	v1ppsa---	v1ppsa---	
1291	.	u--------	.	.	u--------	u--------	
1292	ὁράω	v1spia---	ὁράω	ὁράω	v1spia---	v1spia---	
1293	γάρ	g--------	γάρ	γάρ	d--------	g--------	
1294	ἐγώ	p1s---cn-	ἐγώ	ἐγώ	p-s---mn-	p1s---cn-	
1295	ὅδε	p-s---fa-	ὅδε	ὅδε	a-s---fa-	p-s---fa-	
1296	ὁ	l-s---fa-	ὁ	ὁ	l-s---fa-	l-s---fa-	
1297	ὀρχηστρίς	n-s---fa-	ὀρχηστρίς	ὀρχηστρίς	n-s---fa-	n-s---fa-	
1298	ἐφίστημι	v-srpafa-	ἐφίστημι	ἐφίστημι	v-srpafa-	v-srpafa-	
1299	καί	b--------	καί	καί	c--------	b--------	
1300	τροχός	n-p---ma-	τροχός	τροχός	n-p---ma-	n-p---ma-	
1301	τις	p-s---ca-	τις	τις	p-s---ma-	p-s---ca-	
1302	αὐτός	p-s---fd-	αὐτός	αὐτός	p-s---fd-	p-s---fd-	
1303	προσφέρω	v-sppama-	προσφέρω	προσφέρω	v-sppama-	v-sppama-	
1304	.	u--------	.	.	u--------	u--------	
1305	ἐκ	r--------	ἐκ	ἐκ	r--------	r--------	
1306	οὗτος	p-s---ng-	οὗτος	οὗτος	p-s---ng-	p-s---ng-	
1307	δή	g--------	δή	δή	d--------	g--------	
1308	αὐλέω	v3siia---	αὐλέω	αὐλέω	v3siia---	v3siia---	
1309	μέν	g--------	μέν	μέν	d--------	g--------	
1310	αὐτός	p-s---fd-	αὐτός	αὐτός	p-s---fd-	p-s---fd-	
1311	ὁ	l-s---fn-	ὁ	ὁ	l-s---fn-	l-s---fn-	
1312	ἕτερος	a-s---fn-	ἕτερος	ἕτερος	a-s---fn-	a-s---fn-	
1313	,	u--------	,	,	u--------	u--------	
1314	παρίστημι	v-srpamn-	παρίστημι	παρίστημι	v-srpamn-	v-srpamn-	
1315	δέ	b--------	δέ	δέ	c--------	b--------	
1316	τις	p-s---cn-	τις	τις	p-s---mn-	p-s---cn-	
1317	ὁ	l-s---fd-	ὁ	ὁ	l-s---fd-	l-s---fd-	
1318	ὀρχηστρίς	n-s---fd-	ὀρχηστρίς	ὀρχηστρίς	n-s---fd-	n-s---fd-	
1319	ἀναδίδωμι	v3siia---	ἀναδίδωμι	ἀναδίδωμι	v3siia---	v3siia---	
1320	ὁ	l-p---ma-	ὁ	ὁ	l-p---ma-	l-p---ma-	
1321	τροχός	n-p---ma-	τροχός	τροχός	n-p---ma-	n-p---ma-	
1322	μέχρι	r--------	μέχρι	μέχρι	r--------	r--------	
1323	δώδεκα	m--------	δώδεκα	δώδεκα	a--------	m--------	
1324	.	u--------	.	.	u--------	u--------	
1325	ὁ	l-s---fn-	ὁ	ὁ	l-s---fn-	l-s---fn-	
1326	δέ	b--------	δέ	δέ	d--------	b--------	
1327	λαμβάνω	v-sppafn-	λαμβάνω	λαμβάνω	v-sppafn-	v-sppafn-	
1328	ἅμα	d--------	ἅμα	ἅμα	d--------	d--------	
1329	τε	b--------	τε	τε	d--------	b--------	
1330	ὀρχέομαι	v3siim---	ὀρχέω	ὀρχέομαι	v3siie---	v3siim---	DISAGREE
1331	καί	b--------	καί	καί	c--------	b--------	
1332	ἀναρρίπτω	v3siia---	ἀναρρίπτω	ἀναρρίπτω	v3siia---	v3siia---	
1333	δονέω	v-pppmma-	δονέω	δονέω	v-pppema-	v-pppmma-	
1334	συντεκμαίρομαι	v-sppmfn-	συντεκμαίρομαι	συντεκμαίρομαι	v-sppefn-	v-sppmfn-	
1335	ὅσος	p-s---na-	ὅσος	ὅσος	a-s---na-	p-s---na-	
1336	δέω	v3siia---	δεῖ	δέω	v3siia---	v3siia---	DISAGREE
1337	ῥίπτω	v--pna---	ῥίπτω	ῥίπτω	v--pna---	v--pna---	
1338	ὕψος	n-s---na-	ὕψος	ὕψος	n-s---na-	n-s---na-	
1339	ὡς	c--------	ὡς	ὡς	c--------	c--------	
1340	ἐν	r--------	ἐν	ἐν	r--------	r--------	
1341	ῥυθμός	n-s---md-	ῥυθμός	ῥυθμός	n-s---md-	n-s---md-	
1342	δέχομαι	v--pnm---	δέχομαι	δέχομαι	v--pne---	v--pnm---	
1343	αὐτός	p-p---ma-	αὐτός	αὐτός	p-p---ma-	p-p---ma-	
1344	.	u--------	.	.	u--------	u--------	
1345	καί	b--------	καί	καί	d--------	b--------	
1346	ὁ	l-s---mn-	ὁ	ὁ	l-s---mn-	l-s---mn-	
1347	Σωκράτης	n-s---mn-	σωκράτης	Σωκράτης	n-s---mn-	n-s---mn-	
1348	λέγω	v3saia---	λέγω	λέγω	v3saia---	v3saia---	
1349	·	u--------	·	·	u--------	u--------	
1350	ἐν	r--------	ἐν	ἐν	r--------	r--------	
1351	πολύς	a-p---nd-	πολύς	πολύς	a-p---nd-	a-p---nd-	
1352	μέν	g--------	μέν	μέν	d--------	g--------	
1353	,	u--------	,	,	u--------	u--------	
1354	ὦ	i--------	ὦ	ὦ	i--------	i--------	
1355	ἀνήρ	n-p---mv-	ἀνήρ	ἀνήρ	n-p---mv-	n-p---mv-	
1356	,	u--------	,	,	u--------	u--------	
1357	καί	b--------	καί	καί	d--------	b--------	
1358	ἄλλος	p-p---nd-	ἄλλος	ἄλλος	p-p---nd-	p-p---nd-	
1359	δῆλος	a-s---nn-	δῆλος	δῆλος	a-s---nn-	a-s---nn-	
1360	καί	b--------	καί	καί	c--------	b--------	
1361	ἐν	r--------	ἐν	ἐν	r--------	r--------	
1362	ὅς	p-p---nd-	ὅς	ὅς	p-p---nd-	p-p---nd-	
1363	δέ	b--------	δέ	δέ	d--------	b--------	
1364	ὁ	l-s---fn-	ὁ	ὁ	l-s---fn-	l-s---fn-	
1365	παῖς	n-s---fn-	παῖς	παῖς	n-s---fn-	n-s---fn-	
1366	ποιέω	v3spia---	ποιέω	ποιέω	v3spia---	v3spia---	
1367	ὅτι	c--------	ὅτι	ὅτι	c--------	c--------	
1368	ὁ	l-s---fn-	ὁ	ὁ	l-s---fn-	l-s---fn-	
1369	γυναικεῖος	a-s---fn-	γυναικεῖος	γυναικεῖος	a-s---fn-	a-s---fn-	
1370	φύσις	n-s---fn-	φύσις	φύσις	n-s---fn-	n-s---fn-	
1371	οὐδείς	p-s---na-	οὐδείς	οὐδείς	a-s---na-	p-s---na-	
1372	κακός	a-s---fnc	χείρων	κακός	a-s---fnc	a-s---fnc	DISAGREE
1373	ὁ	l-s---fg-	ὁ	ὁ	l-s---fg-	l-s---fg-	
1374	ὁ	l-s---mg-	ὁ	ὁ	l-s---mg-	l-s---mg-	
1375	ἀνήρ	n-s---mg-	ἀνήρ	ἀνήρ	n-s---mg-	n-s---mg-	
1376	εἰμί	v-sppafn-	εἰμί	εἰμί	v-sppafn-	v-sppafn-	
1377	τυγχάνω	v3spia---	τυγχάνω	τυγχάνω	v3spia---	v3spia---	
1378	,	u--------	,	,	u--------	u--------	
1379	γνώμη	n-s---fg-	γνώμη	γνώμη	n-s---fg-	n-s---fg-	
1380	δέ	b--------	δέ	δέ	c--------	b--------	
1381	καί	b--------	καί	καί	c--------	b--------	
1382	ἰσχύς	n-s---fg-	ἰσχύς	ἰσχύς	n-s---fg-	n-s---fg-	
1383	δέω	v3spim---	δέω	δέω	v3spie---	v3spim---	
1384	.	u--------	.	.	u--------	u--------	
1385	ὥστε	g--------	ὥστε	ὥστε	d--------	g--------	
1386	εἰ	g--------	εἰ	εἰ	c--------	g--------	
1387	τις	p-s---cn-	τις	τις	p-s---mn-	p-s---cn-	
1388	σύ	p-p---mg-	σύ	σύ	p-p---mg-	p-p---mg-	
1389	γυνή	n-s---fa-	γυνή	γυνή	n-s---fa-	n-s---fa-	
1390	ἔχω	v3spia---	ἔχω	ἔχω	v3spia---	v3spia---	
1391	,	u--------	,	,	u--------	u--------	
1392	θαρσέω	v-sppamn-	θαρσέω	θαρσέω	v-sppamn-	v-sppamn-	
1393	διδάσκω	v3spma---	διδάσκω	διδάσκω	v3spma---	v3spma---	
1394	ὅς	p-s---na-	ὅς	ὅς	p-s---na-	p-s---na-	
1395	τις	p-s---na-	τις	τις	a-s---na-	p-s---na-	
1396	βούλομαι	v3spom---	βούλομαι	βούλομαι	v3spoe---	v3spom---	
1397	ἄν	g--------	ἄν	ἄν	d--------	g--------	
1398	αὐτός	p-s---fd-	αὐτός	αὐτός	p-s---fd-	p-s---fd-	
1399	ἐφίστημι	v-sppmfd-	ἐφίστημι	ἐφίστημι	v-sppefd-	v-sppmfd-	
1400	χράω	v--pnm---	χράω	χράω	v--pne---	v--pnm---	
1401	.	u--------	.	.	u--------	u--------	
1402	καί	b--------	καί	καί	d--------	b--------	
1403	ὁ	l-s---mn-	ὁ	ὁ	l-s---mn-	l-s---mn-	
1404	Ἀντισθένης	n-s---mn-	ἀντισθένης	Ἀντισθένης	n-s---mn-	n-s---mn-	
1405	,	u--------	,	,	u--------	u--------	
1406	πῶς	d--------	πῶς	πῶς	d--------	d--------	
1407	οὖν	g--------	οὖν	οὖν	d--------	g--------	
1408	,	u--------	,	,	u--------	u--------	
1409	φημί	v3siia---	φημί	φημί	v3siia---	v3siia---	
1410	,	u--------	,	,	u--------	u--------	
1411	ὦ	i--------	ὦ	ὦ	i--------	i--------	
1412	Σωκράτης	n-s---mv-	σωκράτης	Σωκράτης	n-s---mv-	n-s---mv-	
1413	,	u--------	,	,	u--------	u--------	
1414	οὕτως	d--------	οὕτως	οὕτως	d--------	d--------	
1415	γιγνώσκω	v-sppamn-	γιγνώσκω	γιγνώσκω	v-sppamn-	v-sppamn-	
1416	οὐ	d--------	οὐ	οὐ	d--------	d--------	
1417	καί	d--------	καί	καί	d--------	d--------	
1418	σύ	p2s---cn-	σύ	σύ	p-s---mn-	p2s---cn-	
1419	παιδεύω	v2spia---	παιδεύω	παιδεύω	v2spia---	v2spia---	
1420	Ξανθίππη	n-s---fa-	ξάνθιππος	Ξανθίππη	n-s---fa-	n-s---fa-	DISAGREE
1421	,	u--------	,	,	u--------	u--------	
1422	ἀλλά	b--------	ἀλλά	ἀλλά	c--------	b--------	
1423	χράω	v2spim---	χράω	χράω	v2spie---	v2spim---	
1424	γυνή	n-s---fd-	γυνή	γυνή	n-s---fd-	n-s---fd-	
1425	ὁ	l-p---fg-	ὁ	ὁ	l-p---fg-	l-p---fg-	
1426	εἰμί	v-pppafg-	εἰμί	εἰμί	v-pppafg-	v-pppafg-	
1427	,	u--------	,	,	u--------	u--------	
1428	οἴομαι	v1spim---	οἴομαι	οἴομαι	v1spie---	v1spim---	
1429	δέ	b--------	δέ	δέ	c--------	b--------	
1430	καί	b--------	καί	καί	d--------	b--------	
1431	ὁ	l-p---fg-	ὁ	ὁ	l-p---fg-	l-p---fg-	
1432	γίγνομαι	v-prpmfg-	γίγνομαι	γίγνομαι	v-prpefg-	v-prpmfg-	
1433	καί	b--------	καί	καί	c--------	b--------	
1434	ὁ	l-p---fg-	ὁ	ὁ	l-p---fg-	l-p---fg-	
1435	εἰμί	v-pfpmfg-	εἰμί	εἰμί	v-pfpmfg-	v-pfpmfg-	
1436	χαλεπός	a-s---fds	χαλεπός	χαλεπός	a-s---fds	a-s---fds	
1437	;	u--------		;		u--------	glaux_only
1438	ὅτι	g--------	ὅτι	ὅτι	d--------	g--------	
1439	,	u--------	,	,	u--------	u--------	
1440	φημί	v3siia---	φημί	φημί	v3siia---	v3siia---	
1441	,	u--------	,	,	u--------	u--------	
1442	ὁράω	v1spia---	ὁράω	ὁράω	v1spia---	v1spia---	
1443	καί	d--------	καί	καί	d--------	d--------	
1444	ὁ	l-p---ma-	ὁ	ὁ	l-p---ma-	l-p---ma-	
1445	ἱππικός	a-p---ma-	ἱππικός	ἱππικός	a-p---ma-	a-p---ma-	
1446	βούλομαι	v-pppmma-	βούλομαι	βούλομαι	v-pppema-	v-pppmma-	
1447	γίγνομαι	v--anm---	γίγνομαι	γίγνομαι	v--anm---	v--anm---	
1448	οὐ	d--------	οὐ	οὐ	d--------	d--------	
1449	ὁ	l-p---ma-	ὁ	ὁ	l-p---ma-	l-p---ma-	
1450	εὐπειθής	a-p---mas	εὐπειθής	εὐπειθής	a-p---mas	a-p---mas	
1451	ἀλλά	b--------	ἀλλά	ἀλλά	c--------	b--------	
1452	ὁ	l-p---ma-	ὁ	ὁ	l-p---ma-	l-p---ma-	
1453	θυμοειδής	a-p---ma-	θυμοειδής	θυμοειδής	a-p---ma-	a-p---ma-	
1454	ἵππος	n-p---ma-	ἵππος	ἵππος	n-p---ma-	n-p---ma-	
1455	κτάομαι	v-pppmma-	κτάομαι	κτάομαι	v-pppema-	v-pppmma-	
1456	.	u--------	.	.	u--------	u--------	
1457	νομίζω	v3ppia---	νομίζω	νομίζω	v3ppia---	v3ppia---	
1458	γάρ	g--------	γάρ	γάρ	d--------	g--------	
1459	,	u--------	,	,	u--------	u--------	
1460	ἐάν	c--------	ἄν	ἐάν	c--------	c--------	DISAGREE
1461	ὁ	l-p---ma-	ὁ	ὁ	l-p---ma-	l-p---ma-	
1462	τοιοῦτος	p-p---ma-	τοιοῦτος	τοιοῦτος	p-p---ma-	p-p---ma-	
1463	δύναμαι	v3ppsm---	δύναμαι	δύναμαι	v3ppse---	v3ppsm---	
1464	κατέχω	v--pna---	κατέχω	κατέχω	v--pna---	v--pna---	
1465	,	u--------	,	,	u--------	u--------	
1466	ῥᾴδιος	d--------	ῥᾴδιος	ῥᾴδιος	d--------	d--------	
1467	ὁ	l-p---md-	ὁ	ὁ	l-p---md-	l-p---md-	
1468	γε	d--------	γε	γε	d--------	d--------	
1469	ἄλλος	p-p---md-	ἄλλος	ἄλλος	a-p---md-	p-p---md-	
1470	ἵππος	n-p---md-	ἵππος	ἵππος	n-p---md-	n-p---md-	
1471	χράω	v--fnm---	χράω2	χράω	v--fnm---	v--fnm---	
1472	.	u--------	.	.	u--------	u--------	
1473	καί	d--------	καί		d--------		oga_only
1474	ἐγώ	p-s---mn-	ἐγώ		p-s---mn-		oga_only
1475	δή	g--------	δή	δή	d--------	g--------	
1476	βούλομαι	v-sppmmn-	βούλομαι	βούλομαι	v-sppemn-	v-sppmmn-	
1477	ἄνθρωπος	n-p---md-	ἄνθρωπος	ἄνθρωπος	n-p---md-	n-p---md-	
1478	χράω	v--pnm---	χράω	χράω	v--pne---	v--pnm---	
1479	καί	b--------	καί	καί	c--------	b--------	
1480	ὁμιλέω	v--pna---	ὁμιλέω	ὁμιλέω	v--pna---	v--pna---	
1481	οὗτος	p-s---fa-	οὗτος	οὗτος	p-s---fa-	p-s---fa-	
1482	κτάομαι	v1srim---	κτάομαι	κτάομαι	v1srie---	v1srim---	
1483	,	u--------	,	,	u--------	u--------	
1484	εὖ	d--------	εὖ	εὖ	d--------	d--------	
1485	οἶδα	v-srpamn-	οἶδα	οἶδα	v-srpamn-	v-srpamn-	
1486	ὅτι	c--------	ὅτι	ὅτι	c--------	c--------	
1487	εἰ	c--------	εἰ	εἰ	c--------	c--------	
1488	οὗτος	p-s---fa-	οὗτος	οὗτος	p-s---fa-	p-s---fa-	
1489	ὑποφέρω	v1sfia---	ὑποφέρω	ὑποφέρω	v1sfia---	v1sfia---	
1490	,	u--------	,	,	u--------	u--------	
1491	ῥᾴδιος	d--------	ῥᾴδιος	ῥᾴδιος	d--------	d--------	
1492	ὁ	l-p---md-	ὁ	ὁ	l-p---md-	l-p---md-	
1493	γε	d--------	γε	γε	d--------	d--------	
1494	ἄλλος	p-p---md-	ἄλλος	ἄλλος	a-p---md-	p-p---md-	
1495	ἅπας	a-p---md-	ἅπας	ἅπας	a-p---md-	a-p---md-	
1496	ἄνθρωπος	n-p---md-	ἄνθρωπος	ἄνθρωπος	n-p---md-	n-p---md-	
1497	σύνειμι	v1sfim---	σύνειμι1	σύνειμι	v1sfim---	v1sfim---	
1498	.	u--------	.	.	u--------	u--------	
1499	καί	b--------	καί	καί	d--------	b--------	
1500	οὗτος	p-s---mn-	οὗτος	οὗτος	a-s---mn-	p-s---mn-	
1501	μέν	g--------	μέν	μέν	d--------	g--------	
1502	δή	g--------	δή	δή	d--------	g--------	
1503	ὁ	l-s---mn-	ὁ	ὁ	l-s---mn-	l-s---mn-	
1504	λόγος	n-s---mn-	λόγος	λόγος	n-s---mn-	n-s---mn-	
1505	οὐ	d--------	οὐ	οὐ	d--------	d--------	
1506	ἀπό	r--------	ἀπό	ἀπό	r--------	r--------	
1507	ὁ	l-s---mg-	ὁ	ὁ	l-s---mg-	l-s---mg-	
1508	σκοπός	n-s---mg-	σκοπός	σκοπός	n-s---mg-	n-s---mg-	
1509	δοκέω	v3saia---	δοκέω	δοκέω	v3saia---	v3saia---	
1510	λέγω	v--pnm---	ἐρῶ	λέγω	v--pne---	v--pnm---	DISAGREE
1511	.	u--------	.	.	u--------	u--------	
1512	μετά	r--------	μετά	μετά	r--------	r--------	
1513	δέ	b--------	δέ	δέ	d--------	b--------	
1514	οὗτος	p-s---na-	οὗτος	οὗτος	p-s---na-	p-s---na-	
1515	κύκλος	n-s---mn-	κύκλος	κύκλος	n-s---mn-	n-s---mn-	
1516	εἰσφέρω	v3saip---	εἰσφέρω	εἰσφέρω	v3saip---	v3saip---	
1517	περίμεστος	a-s---mn-	περίμεστος	περίμεστος	a-s---mn-	a-s---mn-	
1518	ξίφος	n-p---ng-	ξίφος	ξίφος	n-p---ng-	n-p---ng-	
1519	ὀρθός	a-p---ng-	ὀρθός	ὀρθός	a-p---ng-	a-p---ng-	
1520	.	u--------	.	.	u--------	u--------	
1521	εἰς	r--------	εἰς	εἰς	r--------	r--------	
1522	οὖν	g--------	οὖν	οὖν	d--------	g--------	
1523	οὗτος	p-p---na-	οὗτος	οὗτος	p-p---na-	p-p---na-	
1524	ὁ	l-s---fn-	ὁ	ὁ	l-s---fn-	l-s---fn-	
1525	ὀρχηστρίς	n-s---fn-	ὀρχηστρίς	ὀρχηστρίς	n-s---fn-	n-s---fn-	
1526	κυβιστάω	v3siia---	κυβιστάω	κυβιστάω	v3siia---	v3siia---	
1527	τε	b--------	τε	τε	d--------	b--------	
1528	καί	b--------	καί	καί	c--------	b--------	
1529	ἐκκυβιστάω	v3siia---	ἐκκυβιστάω	ἐκκυβιστάω	v3siia---	v3siia---	
1530	ὑπέρ	r--------	ὑπέρ	ὑπέρ	r--------	r--------	
1531	αὐτός	p-p---ng-	αὐτός	αὐτός	p-p---ng-	p-p---ng-	
1532	.	u--------	.	.	u--------	u--------	
1533	ὥστε	g--------	ὥστε	ὥστε	d--------	g--------	
1534	ὁ	l-p---mn-	ὁ	ὁ	l-p---mn-	l-p---mn-	
1535	μέν	g--------	μέν	μέν	d--------	g--------	
1536	θεάομαι	v-pppmmn-	θεάομαι	θεάομαι	v-pppemn-	v-pppmmn-	
1537	φοβέω	v3piim---	φοβέω	φοβέω	v3piie---	v3piim---	
1538	μή	c--------	μή	μή	c--------	c--------	
1539	τις	p-s---na-	τις	τις	p-s---na-	p-s---na-	
1540	πάσχω	v3sasa---	πάσχω	πάσχω	v3sasa---	v3sasa---	
1541	,	u--------	,	,	u--------	u--------	
1542	ὁ	l-s---fn-	ὁ	ὁ	l-s---fn-	l-s---fn-	
1543	δέ	b--------	δέ	δέ	c--------	b--------	
1544	θαρσούντως	d--------	θαρσούντως	θαρσούντως	d--------	d--------	
1545	τε	b--------	τε	τε	d--------	b--------	
1546	καί	b--------	καί	καί	c--------	b--------	
1547	ἀσφαλής	d--------	ἀσφαλής	ἀσφαλής	d--------	d--------	
1548	οὗτος	p-p---na-	οὗτος	οὗτος	p-p---na-	p-p---na-	
1549	διαπράσσω	v3siim---	διαπράσσω	διαπράσσω	v3siie---	v3siim---	
1550	.	u--------	.	.	u--------	u--------	
1551	καί	b--------	καί	καί	d--------	b--------	
1552	ὁ	l-s---mn-	ὁ	ὁ	l-s---mn-	l-s---mn-	
1553	Σωκράτης	n-s---mn-	σωκράτης	Σωκράτης	n-s---mn-	n-s---mn-	
1554	καλέω	v-sapamn-	καλέω	καλέω	v-sapamn-	v-sapamn-	
1555	ὁ	l-s---ma-	ὁ	ὁ	l-s---ma-	l-s---ma-	
1556	Ἀντισθένης	n-s---ma-	ἀντισθένης	Ἀντισθένης	n-s---ma-	n-s---ma-	
1557	λέγω	v3saia---	λέγω	λέγω	v3saia---	v3saia---	
1558	·	u--------	·	·	u--------	u--------	
1559	οὔτοι	d--------	οὔτοι	οὔτοι	d--------	d--------	
1560	ὁ	l-p---ma-	ὁ	ὁ	l-p---ma-	l-p---ma-	
1561	γε	d--------	γε	γε	d--------	d--------	
1562	θεάομαι	v-pppmma-	θεάομαι	θεάομαι	v-pppema-	v-pppmma-	
1563	ὅδε	p-p---na-	ὅδε	ὅδε	p-p---na-	p-p---na-	
1564	ἀντιλέγω	v--fna---	ἀντιλέγω	ἀντιλέγω	v--fna---	v--fna---	
1565	ἔτι	d--------	ἔτι	ἔτι	d--------	d--------	
1566	οἴομαι	v1spim---	οἴομαι	οἴομαι	v1spie---	v1spim---	
1567	,	u--------	,	,	u--------	u--------	
1568	ὡς	c--------	ὡς	ὡς	c--------	c--------	
1569	οὐ	d--------	οὐ	οὐ	d--------	d--------	
1570	καί	d--------	καί	καί	d--------	d--------	
1571	ὁ	l-s---fn-	ὁ	ὁ	l-s---fn-	l-s---fn-	
1572	ἀνδρεία	n-s---fn-	ἀνδρεία	ἀνδρεία	n-s---fn-	n-s---fn-	
1573	διδακτός	a-s---nn-	διδακτός	διδακτός	a-s---nn-	a-s---nn-	
1574	,	u--------	,	,	u--------	u--------	
1575	ὁπότε	c--------	ὁπότε	ὁπότε	c--------	c--------	
1576	οὗτος	p-s---fn-	οὗτος	οὗτος	p-s---fn-	p-s---fn-	
1577	καίπερ	d--------	καίπερ	καίπερ	d--------	d--------	
1578	γυνή	n-s---fn-	γυνή	γυνή	n-s---fn-	n-s---fn-	
1579	εἰμί	v-sppafn-	εἰμί	εἰμί	v-sppafn-	v-sppafn-	
1580	οὕτως	d--------	οὕτως	οὕτως	d--------	d--------	
1581	τολμηρός	d--------	τολμηρός	τολμηρός	d--------	d--------	
1582	εἰς	r--------	εἰς	εἰς	r--------	r--------	
1583	ὁ	l-p---na-	ὁ	ὁ	l-p---na-	l-p---na-	
1584	ξίφος	n-p---na-	ξίφος	ξίφος	n-p---na-	n-p---na-	
1585	ἵημι	v3spim---	ἵημι	ἵημι	v3spie---	v3spim---	
1586	.	u--------	.	.	u--------	u--------	
1587	καί	b--------	καί	καί	d--------	b--------	
1588	ὁ	l-s---mn-	ὁ	ὁ	l-s---mn-	l-s---mn-	
1589	Ἀντισθένης	n-s---mn-	ἀντισθένης	Ἀντισθένης	n-s---mn-	n-s---mn-	
1590	λέγω	v3saia---	λέγω	λέγω	v3saia---	v3saia---	
1591	·	u--------	·	·	u--------	u--------	
1592	ἆρα	g--------	ἆρα	ἆρα	d--------	g--------	
1593	οὖν	g--------	οὖν	οὖν	d--------	g--------	
1594	καί	d--------	καί	καί	d--------	d--------	
1595	ὅδε	p-s---md-	ὅδε	ὅδε	a-s---md-	p-s---md-	
1596	ὁ	l-s---md-	ὁ	ὁ	l-s---md-	l-s---md-	
1597	Συρακούσιος	n-s---md-	συρακούσιος	Συρακούσιος	n-s---md-	n-s---md-	
1598	κρατύς	a-s---nn-	κράτιστος	κρατύς	a-s---na-	a-s---nn-	DISAGREE
1599	ἐπιδείκνυμι	v-sapamd-	ἐπιδείκνυμι	ἐπιδείκνυμι	v-sapamd-	v-sapamd-	
1600	ὁ	l-s---fd-	ὁ	ὁ	l-s---fd-	l-s---fd-	
1601	πόλις	n-s---fd-	πόλις	πόλις	n-s---fd-	n-s---fd-	
1602	ὁ	l-s---fa-	ὁ	ὁ	l-s---fa-	l-s---fa-	
1603	ὀρχηστρίς	n-s---fa-	ὀρχηστρίς	ὀρχηστρίς	n-s---fa-	n-s---fa-	
1604	λέγω	v--ana---	εἶπον	λέγω	v--ana---	v--ana---	DISAGREE
1605	,	u--------	,	,	u--------	u--------	
1606	ἐάν	c--------	ἐάν	ἐάν	c--------	c--------	
1607	δίδημι	v3ppsa---	δίδημι	δίδημι	v3ppsa---	v3ppsa---	
1608	αὐτός	p-s---md-	αὐτός	αὐτός	p-s---md-	p-s---md-	
1609	Ἀθηναῖος	a-p---mn-	ἀθηναῖος	Ἀθηναῖος	n-p---mn-	a-p---mn-	
1610	χρῆμα	n-p---na-	χρῆμα	χρῆμα	n-p---na-	n-p---na-	
1611	,	u--------	,	,	u--------	u--------	
1612	ποιέω	v--fna---	ποιέω	ποιέω	v--fna---	v--fna---	
1613	πᾶς	a-p---ma-	πᾶς	πᾶς	a-p---ma-	a-p---ma-	
1614	Ἀθηναῖος	a-p---ma-	ἀθήναιος	Ἀθηναῖος	n-p---ma-	a-p---ma-	
1615	τολμάω	v--pna---	τολμάω	τολμάω	v--pna---	v--pna---	
1616	ὁμόσε	d--------	ὁμόσε	ὁμόσε	d--------	d--------	
1617	ὁ	l-p---fd-	ὁ	ὁ	l-p---fd-	l-p---fd-	
1618	λόγχη	n-p---fd-	λόγχη	λόγχη	n-p---fd-	n-p---fd-	
1619	ἔρχομαι	v--pna---	εἶμι	ἔρχομαι	v--pna---	v--pna---	DISAGREE
1620	;	u--------	;	;	u--------	u--------	
1621	καί	b--------	καί	καί	d--------	b--------	
1622	ὁ	l-s---mn-	ὁ	ὁ	l-s---mn-	l-s---mn-	
1623	Φίλιππος	n-s---mn-	φίλιππος	Φίλιππος	n-s---mn-	n-s---mn-	
1624	,	u--------	,	,	u--------	u--------	
1625	νή	r--------	νή	νή	r--------	r--------	
1626	Ζεύς	n-s---ma-	ζεύς	Ζεύς	n-s---ma-	n-s---ma-	
1627	,	u--------	,	,	u--------	u--------	
1628	φημί	v3siia---	φημί	φημί	v3siia---	v3siia---	
1629	,	u--------	,	,	u--------	u--------	
1630	καί	b--------	καί	καί	d--------	b--------	
1631	μήν	g--------	μήν	μήν	d--------	g--------	
1632	ἐγώ	p1s---cn-	ἐγώ	ἐγώ	p-s---mn-	p1s---cn-	
1633	ἡδύς	d--------	ἡδέως	ἡδύς	d--------	d--------	DISAGREE
1634	ἄν	g--------	ἄν	ἄν	d--------	g--------	
1635	θεάομαι	v1spom---	θεάομαι	θεάομαι	v1spoe---	v1spom---	
1636	Πείσανδρος	n-s---ma-	πείσανδρος	Πείσανδρος	n-s---ma-	n-s---ma-	
1637	ὁ	l-s---ma-	ὁ	ὁ	l-s---ma-	l-s---ma-	
1638	δημηγόρος	n-s---ma-	δημηγόρος	δημηγόρος	n-s---ma-	n-s---ma-	
1639	μανθάνω	v-sppama-	μανθάνω	μανθάνω	v-sppama-	v-sppama-	
1640	κυβιστάω	v--pna---	κυβιστάω	κυβιστάω	v--pna---	v--pna---	
1641	εἰς	r--------	εἰς	εἰς	r--------	r--------	
1642	ὁ	l-p---fa-	ὁ	ὁ	l-p---fa-	l-p---fa-	
1643	μάχαιρα	n-p---fa-	μάχαιρα	μάχαιρα	n-p---fa-	n-p---fa-	
1644	,	u--------	,	,	u--------	u--------	
1645	ὅς	p-s---mn-	ὅς	ὅς	p-s---mn-	p-s---mn-	
1646	νῦν	d--------	νῦν	νῦν	d--------	d--------	
1647	διά	r--------	διά	διά	r--------	r--------	
1648	ὁ	l-s---na-	ὁ	ὁ	l-s---na-	l-s---na-	
1649	μή	d--------	μή	μή	d--------	d--------	
1650	δύναμαι	v--pnm---	δύναμαι	δύναμαι	v--pne---	v--pnm---	
1651	λόγχη	n-p---fd-	λόγχη	λόγχη	n-p---fd-	n-p---fd-	
1652	ἀντιβλέπω	v--pna---	ἀντιβλέπω	ἀντιβλέπω	v--pna---	v--pna---	
1653	οὐ	d--------	οὐ	οὐ	d--------	d--------	
1654	δέ	c--------	δέ		c--------		oga_only
1655	συστρατεύομαι	v--pne---	συστρατεύομαι		v--pne---		oga_only
1656	ἐθέλω	v3spia---	ἐθέλω		v3spia---		oga_only
1657	.	u--------	.		u--------		oga_only
1658	ἐκ	r--------	ἐκ	ἐκ	r--------	r--------	
1659	οὗτος	p-s---ng-	οὗτος	οὗτος	p-s---ng-	p-s---ng-	
1660	ὁ	l-s---mn-	ὁ	ὁ	l-s---mn-	l-s---mn-	
1661	παῖς	n-s---mn-	παῖς	παῖς	n-s---mn-	n-s---mn-	
1662	ὀρχέομαι	v3saim---	ὀρχέομαι	ὀρχέομαι	v3saie---	v3saim---	
1663	.	u--------	.	.	u--------	u--------	
1664	καί	b--------	καί	καί	d--------	b--------	
1665	ὁ	l-s---mn-	ὁ	ὁ	l-s---mn-	l-s---mn-	
1666	Σωκράτης	n-s---mn-	σωκράτης	Σωκράτης	n-s---mn-	n-s---mn-	
1667	λέγω	v3saia---	λέγω	λέγω	v3saia---	v3saia---	
1668	·	u--------	·	·	u--------	u--------	
1669	ὁράω	v2paia---	εἶδον	ὁράω	v2paia---	v2paia---	DISAGREE
1670	,	u--------	,	,	u--------	u--------	
1671	φημί	v3siia---	φημί	φημί	v3siia---	v3siia---	
1672	,	u--------	,	,	u--------	u--------	
1673	ὡς	c--------	ὡς	ὡς	c--------	c--------	
1674	καλός	a-s---mn-	καλός	καλός	a-s---mn-	a-s---mn-	
1675	ὁ	l-s---mn-	ὁ	ὁ	l-s---mn-	l-s---mn-	
1676	παῖς	n-s---mn-	παῖς	παῖς	n-s---mn-	n-s---mn-	
1677	εἰμί	v-sppamn-	εἰμί	εἰμί	v-sppamn-	v-sppamn-	
1678	ὅμως	d--------	ὅμως	ὅμως	d--------	d--------	
1679	σύν	r--------	σύν	σύν	r--------	r--------	
1680	ὁ	l-p---md-	ὁ	ὁ	l-p---nd-	l-p---md-	
1681	σχῆμα	n-p---nd-	σχῆμα	σχῆμα	n-p---nd-	n-p---nd-	
1682	ἔτι	d--------	ἔτι	ἔτι	d--------	d--------	
1683	καλός	a-s---fnc	καλός	καλός	a-s---fnc	a-s---fnc	
1684	φαίνω	v3spim---	φαίνω	φαίνω	v3spie---	v3spim---	
1685	ἤ	c--------	ἤ1	ἤ	c--------	c--------	
1686	ὅταν	c--------	ὅταν	ὅταν	c--------	c--------	
1687	ἡσυχία	n-s---fa-	ἡσυχία	ἡσυχία	n-s---fa-	n-s---fa-	
1688	ἔχω	v3spsa---	ἔχω	ἔχω	v3spsa---	v3spsa---	
1689	;	u--------		;		u--------	glaux_only
1690	καί	b--------	καί	καί	d--------	b--------	
1691	ὁ	l-s---mn-	ὁ	ὁ	l-s---mn-	l-s---mn-	
1692	Χαρμίδης	n-s---mn-	χαρμίδης	Χαρμίδης	n-s---mn-	n-s---mn-	
1693	λέγω	v3saia---	λέγω	λέγω	v3saia---	v3saia---	
1694	·	u--------	·	·	u--------	u--------	
1695	ἐπαινέω	v-sppamd-	ἐπαινέω	ἐπαινέω	v-sppamd-	v-sppamd-	
1696	ἔοικα	v2sria---	ἔοικα	ἔοικα	v2sria---	v2sria---	
1697	ὁ	l-s---ma-	ὁ	ὁ	l-s---ma-	l-s---ma-	
1698	ὀρχηστοδιδάσκαλος	n-s---ma-	ὀρχηστοδιδάσκαλος	ὀρχηστοδιδάσκαλος	n-s---ma-	n-s---ma-	
1699	.	u--------	.	.	u--------	u--------	
1700	ναί	d--------	ναί	ναί	i--------	d--------	
1701	μά	r--------	μά	μά	r--------	r--------	
1702	ὁ	l-s---ma-	ὁ	ὁ	l-s---ma-	l-s---ma-	
1703	Ζεύς	n-s---ma-	ζεύς	Ζεύς	n-s---ma-	n-s---ma-	
1704	,	u--------	,	,	u--------	u--------	
1705	φημί	v3siia---	φημί	φημί	v3siia---	v3siia---	
1706	ὁ	l-s---mn-	ὁ	ὁ	l-s---mn-	l-s---mn-	
1707	Σωκράτης	n-s---mn-	σωκράτης	Σωκράτης	n-s---mn-	n-s---mn-	
1708	·	u--------		·		u--------	glaux_only
1709	καί	b--------	καί	καί	d--------	b--------	
1710	γάρ	g--------	γάρ	γάρ	d--------	g--------	
1711	ἄλλος	p-s---na-	ἄλλος	ἄλλος	a-s---na-	p-s---na-	
1712	τις	p-s---na-	τις	τις	p-s---na-	p-s---na-	
1713	προσεννοέω	v1saia---	προσεννοέω	προσεννοέω	v1saia---	v1saia---	
1714	,	u--------	,	,	u--------	u--------	
1715	ὅτι	c--------	ὅτι	ὅτι	c--------	c--------	
1716	οὐδείς	p-s---nn-	οὐδείς	οὐδείς	p-s---nn-	p-s---nn-	
1717	ἀργός	a-s---nn-	ἀργός2	ἀργός	a-s---nn-	a-s---nn-	
1718	ὁ	l-s---ng-	ὁ	ὁ	l-s---ng-	l-s---ng-	
1719	σῶμα	n-s---ng-	σῶμα	σῶμα	n-s---ng-	n-s---ng-	
1720	ἐν	r--------	ἐν	ἐν	r--------	r--------	
1721	ὁ	l-s---fd-	ὁ	ὁ	l-s---fd-	l-s---fd-	
1722	ὄρχησις	n-s---fd-	ὄρχησις	ὄρχησις	n-s---fd-	n-s---fd-	
1723	εἰμί	v3siia---	εἰμί	εἰμί	v3siia---	v3siia---	
1724	,	u--------	,	,	u--------	u--------	
1725	ἀλλά	b--------	ἀλλά	ἀλλά	c--------	b--------	
1726	ἅμα	d--------	ἅμα	ἅμα	d--------	d--------	
1727	καί	b--------	καί	καί	d--------	b--------	
1728	τράχηλος	n-s---mn-	τράχηλος	τράχηλος	n-s---mn-	n-s---mn-	
1729	καί	b--------	καί	καί	d--------	b--------	
1730	σκέλος	n-p---nn-	σκέλος	σκέλος	n-p---nn-	n-p---nn-	
1731	καί	b--------	καί	καί	c--------	b--------	
1732	χείρ	n-p---fn-	χείρ	χείρ	n-p---fn-	n-p---fn-	
1733	γυμνάζω	v3piim---	γυμνάζω	γυμνάζω	v3piie---	v3piim---	
1734	,	u--------	,	,	u--------	u--------	
1735	ὥσπερ	c--------	ὥσπερ	ὥσπερ	c--------	c--------	
1736	χρή	v3spia---	χρή	χρή	v3spia---	v3spia---	
1737	ὀρχέομαι	v--pnm---	ὀρχέομαι	ὀρχέομαι	v--pne---	v--pnm---	
1738	ὁ	l-s---ma-	ὁ	ὁ	l-s---ma-	l-s---ma-	
1739	μέλλω	v-sppama-	μέλλω	μέλλω	v-sppama-	v-sppama-	
1740	εὔφορος	a-s---nac	εὔφορος	εὔφορος	a-s---nac	a-s---nac	
1741	ὁ	l-s---na-	ὁ	ὁ	l-s---na-	l-s---na-	
1742	σῶμα	n-s---na-	σῶμα	σῶμα	n-s---na-	n-s---na-	
1743	ἔχω	v--fna---	ἔχω	ἔχω	v--fna---	v--fna---	
1744	.	u--------	.	.	u--------	u--------	
1745	καί	b--------	καί	καί	d--------	b--------	
1746	ἐγώ	p1s---cn-	ἐγώ	ἐγώ	p-s---mn-	p1s---cn-	
1747	μέν	g--------	μέν	μέν	d--------	g--------	
1748	,	u--------	,	,	u--------	u--------	
1749	φημί	v3siia---	φημί	φημί	v3siia---	v3siia---	
1750	,	u--------	,	,	u--------	u--------	
1751	πάνυ	d--------	πάνυ	πάνυ	d--------	d--------	
1752	ἄν	g--------	ἄν	ἄν	d--------	g--------	
1753	ἡδύς	d--------	ἡδέως	ἡδύς	d--------	d--------	DISAGREE
1754	,	u--------	,	,	u--------	u--------	
1755	ὦ	i--------	ὦ	ὦ	i--------	i--------	
1756	Συρακούσιος	n-s---mv-	συρακόσιος	Συρακούσιος	n-s---mv-	n-s---mv-	DISAGREE
1757	,	u--------	,	,	u--------	u--------	
1758	μανθάνω	v1saoa---	μανθάνω	μανθάνω	v1saoa---	v1saoa---	
1759	ὁ	l-p---na-	ὁ	ὁ	l-p---na-	l-p---na-	
1760	σχῆμα	n-p---na-	σχῆμα	σχῆμα	n-p---na-	n-p---na-	
1761	παρά	r--------	παρά	παρά	r--------	r--------	
1762	σύ	p2s---cg-	σύ	σύ	p-s---mg-	p2s---cg-	
1763	.	u--------	.	.	u--------	u--------	
1764	καί	b--------	καί	καί	d--------	b--------	
1765	ὅς	p-s---mn-	ὅς	ὅς	p-s---mn-	p-s---mn-	
1766	,	u--------	,	,	u--------	u--------	
1767	τις	p-s---na-	τίς	τις	a-s---na-	p-s---na-	
1768	οὖν	g--------	οὖν	οὖν	d--------	g--------	
1769	χράω	v2sfim---	χράω2	χράω	v2sfim---	v2sfim---	
1770	αὐτός	p-p---nd-	αὐτός	αὐτός	p-p---nd-	p-p---nd-	
1771	;	u--------	;	;	u--------	u--------	
1772	φημί	v3siia---	φημί	φημί	v3siia---	v3siia---	
1773	.	u--------	.	.	u--------	u--------	
1774	ὀρχέομαι	v1sfim---	ὀρχέομαι	ὀρχέομαι	v1sfie---	v1sfim---	
1775	νή	r--------	νή	νή	r--------	r--------	
1776	Ζεύς	n-s---ma-	ζεύς	Ζεύς	n-s---ma-	n-s---ma-	
1777	.	u--------	.	.	u--------	u--------	
1778	ἐνταῦθα	d--------	ἐνταῦθα	ἐνταῦθα	d--------	d--------	
1779	δή	c--------	δή	δή	d--------	c--------	
1780	γελάω	v3paia---	γελάω	γελάω	v3paia---	v3paia---	
1781	ἅπας	a-p---mn-	ἅπας	ἅπας	a-p---mn-	a-p---mn-	
1782	.	u--------	.	.	u--------	u--------	
1783	καί	b--------	καί	καί	d--------	b--------	
1784	ὁ	l-s---mn-	ὁ	ὁ	l-s---mn-	l-s---mn-	
1785	Σωκράτης	n-s---mn-	σωκράτης	Σωκράτης	n-s---mn-	n-s---mn-	
1786	μάλα	d--------	μάλα	μάλα	d--------	d--------	
1787	σπουδάζω	v-srpand-	σπουδάζω	σπουδάζω	v-srpand-	v-srpand-	
1788	ὁ	l-s---nd-	ὁ	ὁ	l-s---nd-	l-s---nd-	
1789	πρόσωπον	n-s---nd-	πρόσωπον	πρόσωπον	n-s---nd-	n-s---nd-	
1790	,	u--------	,	,	u--------	u--------	
1791	γελάω	v2ppia---	γελάω	γελάω	v2ppia---	v2ppia---	
1792	,	u--------	,	,	u--------	u--------	
1793	φημί	v3siia---	φημί	φημί	v3siia---	v3siia---	
1794	,	u--------	,	,	u--------	u--------	
1795	ἐπί	r--------	ἐπί	ἐπί	r--------	r--------	
1796	ἐγώ	p1s---cd-	ἐγώ	ἐγώ	p-s---md-	p1s---cd-	
1797	;	u--------	;	;	u--------	u--------	
1798	πότερος	p-s---na-	πότερον	πότερος	d--------	p-s---na-	DISAGREE
1799	ἐπί	r--------	ἐπί	ἐπί	r--------	r--------	
1800	οὗτος	p-s---nd-	οὗτος	οὗτος	p-s---nd-	p-s---nd-	
1801	εἰ	c--------	εἰ	εἰ	c--------	c--------	
1802	βούλομαι	v1spim---	βούλομαι	βούλομαι	v1spie---	v1spim---	
1803	γυμνάζω	v-sppmmn-	γυμνάζω	γυμνάζω	v-sppemn-	v-sppmmn-	
1804	μάλα	d-------c	μᾶλλον	μάλα	d-------c	d-------c	DISAGREE
1805	ὑγιαίνω	v--pna---	ὑγιαίνω	ὑγιαίνω	v--pna---	v--pna---	
1806	ἤ	b--------	ἤ1	ἤ	c--------	b--------	
1807	εἰ	c--------	εἰ	εἰ	c--------	c--------	
1808	ἡδύς	a-s---nac	ἡδύς	ἡδύς	a-s---nac	a-s---nac	
1809	ἐσθίω	v--pna---	ἐσθίω	ἐσθίω	v--pna---	v--pna---	
1810	καί	b--------	καί	καί	c--------	b--------	
1811	καθεύδω	v--pna---	καθεύδω	καθεύδω	v--pna---	v--pna---	
1812	ἤ	b--------	ἤ1	ἤ	c--------	b--------	
1813	εἰ	c--------	εἰ	εἰ	c--------	c--------	
1814	τοιοῦτος	p-p---ng-	τοιοῦτος	τοιοῦτος	p-p---ng-	p-p---ng-	
1815	γυμνάσιον	n-p---ng-	γυμνάσιον	γυμνάσιον	n-p---ng-	n-p---ng-	
1816	ἐπιθυμέω	v1spia---	ἐπιθυμέω	ἐπιθυμέω	v1spsa---	v1spia---	
1817	,	u--------	,	,	u--------	u--------	
1818	μή	d--------	μή	μή	d--------	d--------	
1819	ὥσπερ	c--------	ὥσπερ	ὥσπερ	c--------	c--------	
1820	ὁ	l-p---mn-	ὁ	ὁ	l-p---mn-	l-p---mn-	
1821	δολιχοδρόμος	a-p---mn-	δολιχοδρόμος	δολιχοδρόμος	a-p---mn-	a-p---mn-	
1822	ὁ	l-p---na-	ὁ	ὁ	l-p---na-	l-p---na-	
1823	σκέλος	n-p---nn-	σκέλος	σκέλος	n-p---na-	n-p---nn-	
1824	μέν	g--------	μέν	μέν	d--------	g--------	
1825	παχύνω	v3ppim---	παχύνω	παχύνω	v3ppie---	v3ppim---	
1826	,	u--------	,	,	u--------	u--------	
1827	ὁ	l-p---ma-	ὁ	ὁ	l-p---ma-	l-p---ma-	
1828	ὦμος	n-p---ma-	ὦμος	ὦμος	n-p---ma-	n-p---ma-	
1829	δέ	b--------	δέ	δέ	d--------	b--------	
1830	λεπτύνω	v3ppim---	λεπτύνω	λεπτύνω	v3ppie---	v3ppim---	
1831	,	u--------	,	,	u--------	u--------	
1832							unmatched
1833	ὥσπερ	c--------	ὥσπερ	ὥσπερ	c--------	c--------	
1834	ὁ	l-p---mn-	ὁ	ὁ	l-p---mn-	l-p---mn-	
1835	πύκτης	n-p---mn-	πύκτης	πύκτης	n-p---mn-	n-p---mn-	
1836	ὁ	l-p---ma-	ὁ	ὁ	l-p---ma-	l-p---ma-	
1837	μέν	g--------	μέν	μέν	d--------	g--------	
1838	ὦμος	n-p---ma-	ὦμος	ὦμος	n-p---ma-	n-p---ma-	
1839	παχύνω	v3ppim---	παχύνω	παχύνω	v3ppie---	v3ppim---	
1840	,	u--------	,	,	u--------	u--------	
1841	ὁ	l-p---na-	ὁ	ὁ	l-p---na-	l-p---na-	
1842	δέ	b--------	δέ	δέ	d--------	b--------	
1843	σκέλος	n-p---nn-	σκέλος	σκέλος	n-p---na-	n-p---nn-	
1844	λεπτύνω	v3ppim---	λεπτύνω	λεπτύνω	v3ppie---	v3ppim---	
1845	,	u--------	,	,	u--------	u--------	
1846	ἀλλά	b--------	ἀλλά	ἀλλά	c--------	b--------	
1847	πᾶς	a-s---md-	πᾶς	πᾶς	a-s---nd-	a-s---md-	
1848	διαπονέω	v-sppamn-	διαπονέω	διαπονέω	v-sppamn-	v-sppamn-	
1849	ὁ	l-s---md-	ὁ	ὁ	l-s---nd-	l-s---md-	
1850	σῶμα	n-s---nd-	σῶμα	σῶμα	n-s---nd-	n-s---nd-	
1851	πᾶς	a-s---na-	πᾶς	πᾶς	a-s---na-	a-s---na-	
1852	ἰσόρροπος	a-s---ma-	ἰσόρροπος	ἰσόρροπος	a-s---na-	a-s---ma-	
1853	ποιέω	v--pna---	ποιέω	ποιέω	v--pna---	v--pna---	
1854	;	u--------		;		u--------	glaux_only
1855	ἤ	b--------	ἤ1	ἤ	d--------	b--------	
1856	ἐπί	r--------	ἐπί	ἐπί	r--------	r--------	
1857	ἐκεῖνος	p-s---nd-	ἐκεῖνος	ἐκεῖνος	p-s---nd-	p-s---nd-	
1858	γελάω	v2ppia---	γελάω	γελάω	v2ppia---	v2ppia---	
1859	,	u--------	,	,	u--------	u--------	
1860	ὅτι	c--------	ὅτι	ὅτι	c--------	c--------	
1861	οὐ	d--------	οὐ	οὐ	d--------	d--------	
1862	δέω	v3sfia---	δέω2	δέω	v3sfia---	v3sfia---	
1863	ἐγώ	p1s---ca-	ἐγώ	ἐγώ	p1s---ma-	p1s---ca-	
1864	συγγυμναστής	n-s---ma-	συγγυμναστής	συγγυμναστής	n-s---ma-	n-s---ma-	
1865	ζητέω	v--pna---	ζητέω	ζητέω	v--pna---	v--pna---	
1866	,	u--------	,	,	u--------	u--------	
1867							unmatched
1868	ἐν	r--------	ἐν	ἐν	r--------	r--------	
1869	ὄχλος	n-s---md-	ὄχλος	ὄχλος	n-s---md-	n-s---md-	
1870	πρεσβύτης	n-s---ma-	πρεσβύτης	πρεσβύτης	n-s---ma-	n-s---ma-	
1871	εἰμί	v-sppama-	εἰμί	εἰμί	v-sppama-	v-sppama-	
1872	ἀποδύω	v--pnm---	ἀποδύω	ἀποδύω	v--pne---	v--pnm---	
1873	,	u--------	,	,	u--------	u--------	
1874	ἀλλά	b--------	ἀλλά	ἀλλά	c--------	b--------	
1875	ἀρκέω	v3sfia---	ἀρκέω	ἀρκέω	v3sfia---	v3sfia---	
1876	ἐγώ	p1s---cd-	ἐγώ	ἐγώ	p-s---md-	p1s---cd-	
1877	οἶκος	n-s---mn-	οἶκος	οἶκος	n-s---mn-	n-s---mn-	
1878	ἑπτάκλινος	a-s---mn-	ἑπτάκλινος	ἑπτάκλινος	a-s---mn-	a-s---mn-	
1879	,	u--------	,	,	u--------	u--------	
1880	ὥσπερ	c--------	ὥσπερ	ὥσπερ	c--------	c--------	
1881	καί	d--------	καί	καί	d--------	d--------	
1882	νῦν	d--------	νῦν	νῦν	d--------	d--------	
1883	ὅδε	p-s---md-	ὅδε	ὅδε	a-s---md-	p-s---md-	
1884	ὁ	l-s---md-	ὁ	ὁ	l-s---md-	l-s---md-	
1885	παῖς	n-s---md-	παῖς	παῖς	n-s---md-	n-s---md-	
1886	ἀρκέω	v3saia---	ἀρκέω	ἀρκέω	v3saia---	v3saia---	
1887	ὅδε	p-s---nn-	ὅδε	ὅδε	a-s---nn-	p-s---nn-	
1888	ὁ	l-s---nn-	ὁ	ὁ	l-s---nn-	l-s---nn-	
1889	οἴκημα	n-s---nn-	οἴκημα	οἴκημα	n-s---nn-	n-s---nn-	
1890	ἐνιδρόω	v--ana---	ἐνιδρόω	ἐνιδρόω	v--ana---	v--ana---	
1891	,	u--------	,	,	u--------	u--------	
1892	καί	b--------	καί	καί	c--------	b--------	
1893	χειμών	n-s---mg-	χειμών	χειμών	n-s---mg-	n-s---mg-	
1894	μέν	g--------	μέν	μέν	d--------	g--------	
1895	ἐν	r--------	ἐν	ἐν	r--------	r--------	
1896	στέγη	n-s---fd-	στέγη	στέγη	n-s---fd-	n-s---fd-	
1897	γυμνάζω	v1sfim---	γυμνάζω	γυμνάζω	v1sfim---	v1sfim---	
1898	,	u--------	,	,	u--------	u--------	
1899	ὅταν	c--------	ὅταν	ὅταν	c--------	c--------	
1900	δέ	b--------	δέ	δέ	c--------	b--------	
1901	ἄγαν	d--------	ἄγαν	ἄγαν	d--------	d--------	
1902	καῦμα	n-s---nn-	καῦμα	καῦμα	n-s---nn-	n-s---nn-	
1903	εἰμί	v3spsa---	εἰμί	εἰμί	v3spsa---	v3spsa---	
1904	,	u--------	,	,	u--------	u--------	
1905	ἐν	r--------	ἐν	ἐν	r--------	r--------	
1906	σκιά	n-s---fd-	σκιά	σκιά	n-s---fd-	n-s---fd-	
1907	;	u--------		;		u--------	glaux_only
1908	ἤ	b--------	ἤ1	ἤ	d--------	b--------	
1909	ὅδε	p-s---na-	ὅδε	ὅδε	p-s---na-	p-s---na-	
1910	γελάω	v2ppia---	γελάω	γελάω	v2ppia---	v2ppia---	
1911	,	u--------	,	,	u--------	u--------	
1912	εἰ	c--------	εἰ	εἰ	c--------	c--------	
1913	μέγας	a-s---fac	μέγας	μέγας	a-s---fac	a-s---fac	
1914	ὁ	l-s---mg-	ὁ	ὁ	l-s---mg-	l-s---mg-	
1915	καιρός	n-s---mg-	καιρός	καιρός	n-s---mg-	n-s---mg-	
1916	ὁ	l-s---fa-	ὁ	ὁ	l-s---fa-	l-s---fa-	
1917	γαστήρ	n-s---fa-	γαστήρ	γαστήρ	n-s---fa-	n-s---fa-	
1918	ἔχω	v-sppamn-	ἔχω	ἔχω	v-sppamn-	v-sppamn-	
1919	μέτριος	a-s---fac	μέτριος	μέτριος	a-s---fac	a-s---fac	
1920	βούλομαι	v1spim---	βούλομαι	βούλομαι	v1spie---	v1spim---	
1921	ποιέω	v--ana---	ποιέω	ποιέω	v--ana---	v--ana---	
1922	αὐτός	p-s---fa-	αὐτός	αὐτός	p-s---fa-	p-s---fa-	
1923	;	u--------	;	;	u--------	u--------	
1924	ἤ	b--------	ἤ1	ἤ	d--------	b--------	
1925	οὐ	d--------	οὐ	οὐ	d--------	d--------	
1926	οἶδα	v2prma---	οἶδα	οἶδα	v2prma---	v2prma---	
1927	ὅτι	c--------	ὅτι	ὅτι	c--------	c--------	
1928	ἔναγχος	d--------	ἔναγχος	ἔναγχος	d--------	d--------	
1929	ἕωθεν	d--------	ἕωθεν	ἕωθεν	d--------	d--------	
1930	Χαρμίδης	n-s---mn-	χαρμίδης	Χαρμίδης	n-s---mn-	n-s---mn-	
1931	οὗτος	p-s---mn-	οὗτος	οὗτος	a-s---mn-	p-s---mn-	
1932	καταλαμβάνω	v3saia---	καταλαμβάνω	καταλαμβάνω	v3saia---	v3saia---	
1933	ἐγώ	p1s---ca-	ἐγώ	ἐγώ	p-s---ma-	p1s---ca-	
1934	ὀρχέομαι	v-sppmma-	ὀρχέομαι	ὀρχέομαι	v-sppema-	v-sppmma-	
1935	;	u--------	;	;	u--------	u--------	
1936	ναί	d--------	ναί	ναί	d--------	d--------	
1937	μά	r--------	μά	μά	r--------	r--------	
1938	ὁ	l-s---ma-	ὁ	ὁ	l-s---ma-	l-s---ma-	
1939	Ζεύς	n-s---ma-	ζεύς	Ζεύς	n-s---ma-	n-s---ma-	
1940	,	u--------	,	,	u--------	u--------	
1941	φημί	v3siia---	φημί	φημί	v3siia---	v3siia---	
1942	ὁ	l-s---mn-	ὁ	ὁ	l-s---mn-	l-s---mn-	
1943	Χαρμίδης	n-s---mn-	χαρμίδης	Χαρμίδης	n-s---mn-	n-s---mn-	
1944	·	u--------		·		u--------	glaux_only
1945	καί	b--------	καί	καί	d--------	b--------	
1946	ὁ	l-s---na-	ὁ	ὁ	l-s---na-	l-s---na-	
1947	μέν	g--------	μέν	μέν	d--------	g--------	
1948	γε	d--------	γε	γε	d--------	d--------	
1949	πρότερος	a-s---nac	πρῶτος	πρότερος	a-s---na-	a-s---nac	DISAGREE
1950	ἐκπλήσσω	v1saip---	ἐκπλήσσω	ἐκπλήσσω	v1saip---	v1saip---	
1951	καί	b--------	καί	καί	c--------	b--------	
1952	δείδω	v1saia---	δείδω	δείδω	v1saia---	v1saia---	
1953	μή	c--------	μή	μή	c--------	c--------	
1954	μαίνομαι	v2spom---	μαίνομαι	μαίνομαι	v2spoe---	v2spom---	
1955	·	u--------	·	·	u--------	u--------	
1956	ἐπεί	c--------	ἐπεί	ἐπεί	c--------	c--------	
1957	δέ	b--------	δέ	δέ	d--------	b--------	
1958	σύ	p2s---cg-	σύ	σύ	p-s---mg-	p2s---cg-	
1959	ἀκούω	v1saia---	ἀκούω	ἀκούω	v1saia---	v1saia---	
1960	ὅμοιος	a-p---na-	ὅμοιος	ὅμοιος	a-p---na-	a-p---na-	
1961	ὅς	p-p---nd-	ὅς	ὅς	p-p---nd-	p-p---nd-	
1962	νῦν	d--------	νῦν	νῦν	d--------	d--------	
1963	λέγω	v2spia---	λέγω	λέγω	v2spia---	v2spia---	
1964	,	u--------	,	,	u--------	u--------	
1965	καί	d--------	καί	καί	d--------	d--------	
1966	αὐτός	p-s---mn-	αὐτός	αὐτός	a-s---mn-	p-s---mn-	
1967	ἔρχομαι	v-sapamn-	ἔρχομαι	ἔρχομαι	v-sapamn-	v-sapamn-	
1968	οἴκαδε	d--------	οἴκαδε	οἴκαδε	d--------	d--------	
1969	ὀρχέομαι	v1siim---	ὀρχέομαι	ὀρχέομαι	v1siie---	v1siim---	
1970	μέν	g--------	μέν	μέν	d--------	g--------	
1971	οὐ	d--------	οὐ	οὐ	d--------	d--------	
1972	,	u--------	,	,	u--------	u--------	
1973	οὐ	d--------	οὐ	οὐ	d--------	d--------	
1974	γάρ	g--------	γάρ	γάρ	d--------	g--------	
1975	πώποτε	d--------	πώποτε	πώποτε	d--------	d--------	
1976	οὗτος	p-s---na-	οὗτος	οὗτος	p-s---na-	p-s---na-	
1977	μανθάνω	v1saia---	μανθάνω	μανθάνω	v1saia---	v1saia---	
1978	,	u--------	,	,	u--------	u--------	
1979	χειρονομέω	v1siia---	χειρονομέω	χειρονομέω	v1siia---	v1siia---	
1980	δέ	b--------	δέ	δέ	c--------	b--------	
1981	·	u--------	·	·	u--------	u--------	
1982	οὗτος	p-p---na-	οὗτος	οὗτος	p-p---na-	p-p---na-	
1983	γάρ	g--------	γάρ	γάρ	d--------	g--------	
1984	ἐπίσταμαι	v1siim---	ἐπίσταμαι	ἐπίσταμαι	v1siie---	v1siim---	
1985	.	u--------	.	.	u--------	u--------	
1986	νή	r--------	νή	νή	r--------	r--------	
1987	Ζεύς	n-s---ma-	ζεύς	Ζεύς	n-s---ma-	n-s---ma-	
1988	,	u--------	,	,	u--------	u--------	
1989	φημί	v3siia---	φημί	φημί	v3siia---	v3siia---	
1990	ὁ	l-s---mn-	ὁ	ὁ	l-s---mn-	l-s---mn-	
1991	Φίλιππος	n-s---mn-	φίλιππος	Φίλιππος	n-s---mn-	n-s---mn-	
1992	,	u--------	,	,	u--------	u--------	
1993	καί	d--------	καί	καί	d--------	d--------	
1994	γάρ	g--------	γάρ	γάρ	d--------	g--------	
1995	οὖν	g--------	οὖν	οὖν	d--------	g--------	
1996	οὕτως	d--------	οὕτως	οὕτως	d--------	d--------	
1997	ὁ	l-p---nn-	ὁ	ὁ	l-p---nn-	l-p---nn-	
1998	σκέλος	n-p---nn-	σκέλος	σκέλος	n-p---nn-	n-p---nn-	
1999	ὁ	l-p---md-	ὁ	ὁ	l-p---md-	l-p---md-	
2000	ὦμος	n-p---md-	ὦμος	ὦμος	n-p---md-	n-p---md-	
2001	φαίνω	v3spia---	φαίνω	φαίνω	v3spia---	v3spia---	
2002	ἰσοφόρος	a-p---nn-	ἰσοφόρος	ἰσοφόρος	a-p---nn-	a-p---nn-	
2003	ἔχω	v--pna---	ἔχω	ἔχω	v--pna---	v--pna---	
2004	ὥστε	c--------	ὥστε	ὥστε	c--------	c--------	
2005	δοκέω	v2spia---	δοκέω	δοκέω	v2spia---	v2spia---	
2006	ἐγώ	p1s---cd-	ἐγώ	ἐγώ	p1s---md-	p1s---cd-	
2007	,	u--------	,	,	u--------	u--------	
2008	καί	d--------	καί		d--------		oga_only
2009	ἄν	d--------	ἄν		d--------		oga_only
2010	εἰ	c--------	εἰ	εἰ	c--------	c--------	
2011	ὁ	l-p---md-	ὁ	ὁ	l-p---md-	l-p---md-	
2012	ἀγορανόμος	n-p---md-	ἀγορανόμος	ἀγορανόμος	n-p---md-	n-p---md-	
2013	ἀφίστημι	v2spoa---	ἀφίστημι	ἀφίστημι	v2spoa---	v2spoa---	
2014	ὥσπερ	c--------	ὥσπερ	ὥσπερ	c--------	c--------	
2015	ἄρτος	n-p---ma-	ἄρτος	ἄρτος	n-p---ma-	n-p---ma-	
2016	ὁ	l-p---na-	ὁ	ὁ	l-p---na-	l-p---na-	
2017	κάτω	d--------	κάτω	κάτω	d--------	d--------	
2018	πρός	r--------	πρός	πρός	r--------	r--------	
2019	ὁ	l-p---na-	ὁ	ὁ	l-p---na-	l-p---na-	
2020	ἄνω	d--------	ἄνω	ἄνω	d--------	d--------	
2021	,	u--------	,	,	u--------	u--------	
2022	ἀζήμιος	a-s---mn-	ἀζήμιος	ἀζήμιος	a-s---mn-	a-s---mn-	
2023	ἄν	g--------	ἄν	ἄν	d--------	g--------	
2024	γίγνομαι	v--anm---	γίγνομαι	γίγνομαι	v--anm---	v--anm---	
2025	.	u--------	.	.	u--------	u--------	
2026	καί	b--------	καί	καί	d--------	b--------	
2027	ὁ	l-s---mn-	ὁ	ὁ	l-s---mn-	l-s---mn-	
2028	Καλλίας	n-s---mn-	καλλίας	Καλλίας	n-s---mn-	n-s---mn-	
2029	λέγω	v3saia---	λέγω	λέγω	v3saia---	v3saia---	
2030	·	u--------	·	·	u--------	u--------	
2031	ὦ	i--------	ὦ	ὦ	i--------	i--------	
2032	Σωκράτης	n-s---mv-	σωκράτης	Σωκράτης	n-s---mv-	n-s---mv-	
2033	,	u--------	,	,	u--------	u--------	
2034	ἐγώ	p1s---ca-	ἐγώ	ἐγώ	p-s---ma-	p1s---ca-	
2035	μέν	g--------	μέν	μέν	d--------	g--------	
2036	παρακαλέω	v2spma---	παρακαλέω	παρακαλέω	v2spma---	v2spma---	
2037	,	u--------	,	,	u--------	u--------	
2038	ὅταν	c--------	ὅταν	ὅταν	c--------	c--------	
2039	μέλλω	v2spsa---	μέλλω	μέλλω	v2spsa---	v2spsa---	
2040	μανθάνω	v--pna---	μανθάνω	μανθάνω	v--pna---	v--pna---	
2041	ὀρχέομαι	v--pnm---	ὀρχέομαι	ὀρχέομαι	v--pne---	v--pnm---	
2042	,	u--------	,	,	u--------	u--------	
2043	ἵνα	c--------	ἵνα	ἵνα	c--------	c--------	
2044	σύ	p2s---cd-	σύ	σύ	p-s---md-	p2s---cd-	
2045	ἀντιστοιχέω	v1spsa---	ἀντιστοιχέω	ἀντιστοιχέω	v1spsa---	v1spsa---	
2046	τε	b--------	τε	τε	d--------	b--------	
2047	καί	b--------	καί	καί	c--------	b--------	
2048	συμμανθάνω	v1spsa---	συμμανθάνω	συμμανθάνω	v1spsa---	v1spsa---	
2049	.	u--------	.	.	u--------	u--------	
2050	ἄγε	d--------	ἄγε	ἄγε	d--------	d--------	
2051	δή	g--------	δή	δή	d--------	g--------	
2052	,	u--------	,	,	u--------	u--------	
2053	φημί	v3siia---	φημί	φημί	v3siia---	v3siia---	
2054	ὁ	l-s---mn-	ὁ	ὁ	l-s---mn-	l-s---mn-	
2055	Φίλιππος	n-s---mn-	φίλιππος	Φίλιππος	n-s---mn-	n-s---mn-	
2056	,	u--------	,	,	u--------	u--------	
2057	καί	d--------	καί	καί	d--------	d--------	
2058	ἐγώ	p1s---cd-	ἐγώ	ἐγώ	p1s---md-	p1s---cd-	
2059	αὐλέω	v3sama---	αὐλέω	αὐλέω	v3sama---	v3sama---	
2060	,	u--------	,	,	u--------	u--------	
2061	ἵνα	c--------	ἵνα	ἵνα	c--------	c--------	
2062	καί	d--------	καί	καί	d--------	d--------	
2063	ἐγώ	p1s---cn-	ἐγώ	ἐγώ	p-s---mn-	p1s---cn-	
2064	ὀρχέομαι	v1sasm---	ὀρχέομαι	ὀρχέομαι	v1sase---	v1sasm---	
2065	.	u--------	.	.	u--------	u--------	
2066	ἐπειδή	c--------	ἐπεί	ἐπειδή	c--------	c--------	DISAGREE
2067	δέ	b--------	δέ	δέ	d--------	b--------	
2068	ἀνίστημι	v3saia---	ἀνίστημι	ἀνίστημι	v3saia---	v3saia---	
2069	,	u--------	,	,	u--------	u--------	
2070	διέρχομαι	v3saia---	διέρχομαι	διέρχομαι	v3saia---	v3saia---	
2071	μιμέομαι	v-sppmmn-	μιμέομαι	μιμέομαι	v-sppemn-	v-sppmmn-	
2072	ὁ	l-s---fa-	ὁ	ὁ	l-s---fa-	l-s---fa-	
2073	τε	b--------	τε	τε	d--------	b--------	
2074	ὁ	l-s---mg-	ὁ	ὁ	l-s---mg-	l-s---mg-	
2075	παῖς	n-s---mg-	παῖς	παῖς	n-s---mg-	n-s---mg-	
2076	καί	b--------	καί	καί	c--------	b--------	
2077	ὁ	l-s---fa-	ὁ	ὁ	l-s---fa-	l-s---fa-	
2078	ὁ	l-s---fg-	ὁ	ὁ	l-s---fg-	l-s---fg-	
2079	παῖς	n-s---fg-	παῖς	παῖς	n-s---fg-	n-s---fg-	
2080	ὄρχησις	n-s---fa-	ὄρχησις	ὄρχησις	n-s---fa-	n-s---fa-	
2081	.	u--------	.	.	u--------	u--------	
2082	καί	b--------	καί	καί	d--------	b--------	
2083	πρότερος	a-s---nac	πρῶτος	πρότερος	a-s---na-	a-s---nac	DISAGREE
2084	μέν	g--------	μέν	μέν	d--------	g--------	
2085	ὅτι	c--------	ὅτι	ὅτι	c--------	c--------	
2086	ἐπαινέω	v3paia---	ἐπαινέω	ἐπαινέω	v3paia---	v3paia---	
2087	ὡς	c--------	ὡς	ὡς	c--------	c--------	
2088	ὁ	l-s---mn-	ὁ	ὁ	l-s---mn-	l-s---mn-	
2089	παῖς	n-s---mn-	παῖς	παῖς	n-s---mn-	n-s---mn-	
2090	σύν	r--------	σύν	σύν	r--------	r--------	
2091	ὁ	l-p---nd-	ὁ	ὁ	l-p---nd-	l-p---nd-	
2092	σχῆμα	n-p---nd-	σχῆμα	σχῆμα	n-p---nd-	n-p---nd-	
2093	ἔτι	d--------	ἔτι	ἔτι	d--------	d--------	
2094	καλός	a-s---mnc	καλός	καλός	a-s---mnc	a-s---mnc	
2095	φαίνω	v3siim---	φαίνω	φαίνω	v3siie---	v3siim---	
2096	,	u--------	,	,	u--------	u--------	
2097	ἀνταποδείκνυμι	v3saia---	ἀνταποδείκνυμι	ἀνταποδείκνυμι	v3saia---	v3saia---	
2098	ὅς	p-s---na-	ὅς	ὅς	p-s---na-	p-s---na-	
2099	τις	p-s---na-	τις	τις	a-s---na-	p-s---na-	
2100	κινέω	v3spoa---	κινέω	κινέω	v3spoa---	v3spoa---	
2101	ὁ	l-s---ng-	ὁ	ὁ	l-s---ng-	l-s---ng-	
2102	σῶμα	n-s---ng-	σῶμα	σῶμα	n-s---ng-	n-s---ng-	
2103	ἅπας	a-s---na-	ἅπας	ἅπας	a-s---na-	a-s---na-	
2104	ὁ	l-s---fg-	ὁ	ὁ	l-s---fg-	l-s---fg-	
2105	φύσις	n-s---fg-	φύσις	φύσις	n-s---fg-	n-s---fg-	
2106	γέλοιος	a-s---nac	γέλοιος	γέλοιος	a-s---nac	a-s---nac	
2107	·	u--------	·	·	u--------	u--------	
2108	ὅτι	c--------	ὅτι	ὅτι	c--------	c--------	
2109	δέ	b--------	δέ	δέ	d--------	b--------	
2110	ὁ	l-s---fn-	ὁ	ὁ	l-s---fn-	l-s---fn-	
2111	παῖς	n-s---fn-	παῖς	παῖς	n-s---fn-	n-s---fn-	
2112	εἰς	r--------	εἰς	εἰς	r--------	r--------	
2113	ὁ	l-s---na-	ὁ		l-s---na-		oga_only
2114	ὄπισθεν	d--------	ὄπισθεν		d--------		oga_only
2115	κάμπτω	v-sppmfn-	κάμπτω	κάμπτω	v-sppefn-	v-sppmfn-	
2116	τροχός	n-p---ma-	τροχός	τροχός	n-p---ma-	n-p---ma-	
2117	μιμέομαι	v3siim---	μιμέομαι	μιμέομαι	v3siie---	v3siim---	
2118	,	u--------	,	,	u--------	u--------	
2119	ἐκεῖνος	p-s---mn-	ἐκεῖνος	ἐκεῖνος	p-s---mn-	p-s---mn-	
2120	ὁ	l-s---na-	ὁ		l-s---na-		oga_only
2121	αὐτός	p-p---na-	αὐτός		p-p---na-		oga_only
2122	εἰς	r--------	εἰς	εἰς	r--------	r--------	
2123	ὁ	l-s---na-	ὁ	ὁ	l-s---na-	l-s---na-	
2124	ἔμπροσθεν	d--------	ἔμπροσθεν	ἔμπροσθεν	d--------	d--------	
2125	ἐπικύπτω	v-sppamn-	ἐπικύπτω	ἐπικύπτω	v-sppamn-	v-sppamn-	
2126	μιμέομαι	v--pnm---	μιμέομαι	μιμέομαι	v--pne---	v--pnm---	
2127	τροχός	n-p---ma-	τροχός	τροχός	n-p---ma-	n-p---ma-	
2128	πειράω	v3siim---	πειράω	πειράω	v3siie---	v3siim---	
2129	.	u--------	.	.	u--------	u--------	
2130	τέλος	n-s---na-	τέλος	τέλος	n-s---na-	n-s---na-	
2131	δέ	b--------	δέ	δέ	d--------	b--------	
2132	ὅτι	c--------	ὅτι	ὅτι	c--------	c--------	
2133	ὁ	l-s---ma-	ὁ	ὁ	l-s---ma-	l-s---ma-	
2134	παῖς	n-s---ma-	παῖς	παῖς	n-s---ma-	n-s---ma-	
2135	ἐπαινέω	v3piia---	ἐπαινέω	ἐπαινέω	v3piia---	v3piia---	
2136	ὡς	c--------	ὡς	ὡς	c--------	c--------	
2137	ἐν	r--------	ἐν	ἐν	r--------	r--------	
2138	ὁ	l-s---fd-	ὁ	ὁ	l-s---fd-	l-s---fd-	
2139	ὄρχησις	n-s---fd-	ὄρχησις	ὄρχησις	n-s---fd-	n-s---fd-	
2140	ἅπας	a-s---na-	ἅπας	ἅπας	a-s---na-	a-s---na-	
2141	ὁ	l-s---na-	ὁ	ὁ	l-s---na-	l-s---na-	
2142	σῶμα	n-s---na-	σῶμα	σῶμα	n-s---na-	n-s---na-	
2143	γυμνάζω	v3spoa---	γυμνάζω	γυμνάζω	v3spoa---	v3spoa---	
2144	,	u--------	,	,	u--------	u--------	
2145	κέλλω	v-pfpafa-	κελεύω	κέλλω	v-pfpafa-	v-pfpafa-	DISAGREE
2146	ὁ	l-s---fa-	ὁ	ὁ	l-s---fa-	l-s---fa-	
2147	αὐλητρίς	n-s---fa-	αὐλητρίς	αὐλητρίς	n-s---fa-	n-s---fa-	
2148	ταχύς	a-s---mac	θάσσων	ταχύς	a-s---mac	a-s---mac	DISAGREE
2149	ῥυθμός	n-s---ma-	ῥυθμός	ῥυθμός	n-s---ma-	n-s---ma-	
2150	ἐπάγω	v--pna---	ἐπάγω	ἐπάγω	v--pna---	v--pna---	
2151	ἵημι	v3siia---	ἵημι	ἵημι	v3siia---	v3siia---	
2152	ἅμα	d--------	ἅμα	ἅμα	d--------	d--------	
2153	πᾶς	a-p---na-	πᾶς	πᾶς	a-p---na-	a-p---na-	
2154	καί	b--------	καί	καί	d--------	b--------	
2155	σκέλος	n-p---na-	σκέλος	σκέλος	n-p---na-	n-p---na-	
2156	καί	b--------	καί	καί	d--------	b--------	
2157	χείρ	n-p---fa-	χείρ	χείρ	n-p---fa-	n-p---fa-	
2158	καί	b--------	καί	καί	c--------	b--------	
2159	κεφαλή	n-s---fa-	κεφαλή	κεφαλή	n-s---fa-	n-s---fa-	
2160	.	u--------	.	.	u--------	u--------	
2161	ἐπειδή	c--------	ἐπεί	ἐπειδή	c--------	c--------	DISAGREE
2162	δέ	b--------	δέ	δέ	d--------	b--------	
2163	ἀπολέγω	v3slia---	ἀπόἐρῶ	ἀπολέγω	v3slia---	v3slia---	DISAGREE
2164	,	u--------	,	,	u--------	u--------	
2165	κατακλίνω	v-sppmmn-	κατακλίνω	κατακλίνω	v-sppemn-	v-sppmmn-	
2166	λέγω	v3saia---	εἶπον	λέγω	v3saia---	v3saia---	DISAGREE
2167	·	u--------	·	·	u--------	u--------	
2168	τεκμήριον	n-s---nn-	τεκμήριον	τεκμήριον	n-s---nn-	n-s---nn-	
2169	,	u--------	,	,	u--------	u--------	
2170	ὦ	i--------	ὦ	ὦ	i--------	i--------	
2171	ἀνήρ	n-p---mv-	ἀνήρ	ἀνήρ	n-p---mv-	n-p---mv-	
2172	,	u--------	,	,	u--------	u--------	
2173	ὅτι	c--------	ὅτι	ὅτι	c--------	c--------	
2174	καλός	d--------	καλός	καλός	d--------	d--------	
2175	γυμνάζω	v3spia---	γυμνάζω	γυμνάζω	v3spia---	v3spia---	
2176	καί	d--------	καί	καί	d--------	d--------	
2177	ὁ	l-p---nn-	ὁ	ὁ	l-p---nn-	l-p---nn-	
2178	ἐμός	a-p---nn-	ἐμός	ἐμός	a-p---nn-	a-p---nn-	
2179	ὄρχημα	n-p---nn-	ὄρχημα	ὄρχημα	n-p---nn-	n-p---nn-	
2180	.	u--------	.	.	u--------	u--------	
2181	ἐγώ	p1s---cn-	ἐγώ	ἐγώ	p-s---mn-	p1s---cn-	
2182	γοῦν	g--------	γοῦν	γοῦν	d--------	g--------	
2183	διψάω	v1spia---	διψάω	διψάω	v1spia---	v1spia---	
2184	·	u--------	·	·	u--------	u--------	
2185	καί	b--------	καί	καί	c--------	b--------	
2186	ὁ	l-s---mn-	ὁ	ὁ	l-s---mn-	l-s---mn-	
2187	παῖς	n-s---mn-	παῖς	παῖς	n-s---mn-	n-s---mn-	
2188	ἐγχέω	v3sama---	ἐγχύνω	ἐγχέω	v3sama---	v3sama---	DISAGREE
2189	ἐγώ	p1s---cd-	ἐγώ	ἐγώ	p1s---cd-	p1s---cd-	
2190	ὁ	l-s---fa-	ὁ	ὁ	l-s---fa-	l-s---fa-	
2191	μέγας	a-s---fa-	μέγας	μέγας	a-s---fa-	a-s---fa-	
2192	φιάλη	n-s---fa-	φιάλη	φιάλη	n-s---fa-	n-s---fa-	
2193	.	u--------	.	.	u--------	u--------	
2194	νή	r--------	νή	νή	r--------	r--------	
2195	Ζεύς	n-s---ma-	ζεύς	Ζεύς	n-s---ma-	n-s---ma-	
2196	,	u--------	,	,	u--------	u--------	
2197	φημί	v3siia---	φημί	φημί	v3siia---	v3siia---	
2198	ὁ	l-s---mn-	ὁ	ὁ	l-s---mn-	l-s---mn-	
2199	Καλλίας	n-s---mn-	καλλίας	Καλλίας	n-s---mn-	n-s---mn-	
2200	,	u--------	,	,	u--------	u--------	
2201	καί	d--------	καί	καί	d--------	d--------	
2202	ἐγώ	p-p---md-	ἐγώ	ἐγώ	p-p---md-	p-p---md-	
2203	γε	d--------	γε	γε	d--------	d--------	
2204	,	u--------	,	,	u--------	u--------	
2205	ἐπεί	c--------	ἐπεί	ἐπεί	c--------	c--------	
2206	καί	d--------	καί	καί	d--------	d--------	
2207	ἐγώ	p-p---mn-	ἐγώ	ἐγώ	p-p---mn-	p-p---mn-	
2208	διψάω	v1ppia---	διψάω	διψάω	v1ppia---	v1ppia---	
2209	ἐπί	r--------	ἐπί	ἐπί	r--------	r--------	
2210	σύ	p2s---cd-	σύ	σύ	p-s---md-	p2s---cd-	
2211	γελάω	v-pppamn-	γελάω	γελάω	v-pppamn-	v-pppamn-	
2212	.	u--------	.	.	u--------	u--------	
2213	ὁ	l-s---mn-	ὁ	ὁ	l-s---mn-	l-s---mn-	
2214	δέ	b--------	δέ	δέ	d--------	b--------	
2215	αὖ	d--------	αὖ	αὖ	d--------	d--------	
2216	Σωκράτης	n-s---mn-	σωκράτης	Σωκράτης	n-s---mn-	n-s---mn-	
2217	λέγω	v3saia---	λέγω	λέγω	v3saia---	v3saia---	
2218	·	u--------	·	·	u--------	u--------	
2219	ἀλλά	b--------	ἀλλά	ἀλλά	d--------	b--------	
2220	πίνω	v--pna---	πίνω	πίνω	v--pna---	v--pna---	
2221	μέν	g--------	μέν	μέν	d--------	g--------	
2222	,	u--------	,	,	u--------	u--------	
2223	ὦ	i--------	ὦ	ὦ	i--------	i--------	
2224	ἀνήρ	n-p---mv-	ἀνήρ	ἀνήρ	n-p---mv-	n-p---mv-	
2225	,	u--------	,	,	u--------	u--------	
2226	καί	d--------	καί	καί	d--------	d--------	
2227	ἐγώ	p1s---cd-	ἐγώ	ἐγώ	p-s---md-	p1s---cd-	
2228	πάνυ	d--------	πάνυ	πάνυ	d--------	d--------	
2229	δοκέω	v3spia---	δοκέω	δοκέω	v3spia---	v3spia---	
2230	·	u--------	·	·	u--------	u--------	
2231	ὁ	l-s---nd-	ὁ	ὁ	l-s---nd-	l-s---nd-	
2232	γάρ	g--------	γάρ	γάρ	d--------	g--------	
2233	εἰμί	v-sppand-	εἰμί	εἰμί	v-sppand-	v-sppand-	
2234	ὁ	l-s---mn-	ὁ	ὁ	l-s---mn-	l-s---mn-	
2235	οἶνος	n-s---mn-	οἶνος	οἶνος	n-s---mn-	n-s---mn-	
2236	ἄρδω	v-sppamn-	ἄρδω	ἄρδω	v-sppamn-	v-sppamn-	
2237	ὁ	l-p---fa-	ὁ	ὁ	l-p---fa-	l-p---fa-	
2238	ψυχή	n-p---fa-	ψυχή	ψυχή	n-p---fa-	n-p---fa-	
2239	ὁ	l-p---fa-	ὁ	ὁ	l-p---fa-	l-p---fa-	
2240	μέν	g--------	μέν	μέν	d--------	g--------	
2241	λύπη	n-p---fa-	λύπη	λύπη	n-p---fa-	n-p---fa-	
2242	,	u--------	,	,	u--------	u--------	
2243	ὥσπερ	c--------	ὥσπερ	ὥσπερ	c--------	c--------	
2244	ὁ	l-s---mn-	ὁ	ὁ	l-s---mn-	l-s---mn-	
2245	μανδραγόρας	n-s---mn-	μανδραγόρας	μανδραγόρας	n-s---mn-	n-s---mn-	
2246	ὁ	l-p---ma-	ὁ	ὁ	l-p---ma-	l-p---ma-	
2247	ἄνθρωπος	n-p---ma-	ἄνθρωπος	ἄνθρωπος	n-p---ma-	n-p---ma-	
2248	,	u--------	,	,	u--------	u--------	
2249	κοιμίζω	v3spia---	κοιμίζω	κοιμίζω	v3spia---	v3spia---	
2250	,	u--------	,	,	u--------	u--------	
2251	ὁ	l-p---fa-	ὁ	ὁ	l-p---fa-	l-p---fa-	
2252	δέ	b--------	δέ	δέ	c--------	b--------	
2253	φιλόφρων	a-p---fa-	φιλόφρων	φιλόφρων	n-p---fa-	a-p---fa-	
2254	,	u--------	,	,	u--------	u--------	
2255	ὥσπερ	c--------	ὥσπερ	ὥσπερ	c--------	c--------	
2256	ἔλαιον	n-s---nn-	ἔλαιον	ἔλαιον	n-s---nn-	n-s---nn-	
2257	φλόξ	n-s---fa-	φλόξ	φλόξ	n-s---fa-	n-s---fa-	
2258	,	u--------	,	,	u--------	u--------	
2259	ἐγείρω	v3sasa---	ἐγείρω	ἐγείρω	v3spia---	v3sasa---	
2260	.	u--------	.	.	u--------	u--------	
2261	δοκέω	v3spia---	δοκέω	δοκέω	v3spia---	v3spia---	
2262	μέντοι	g--------	μέντοι	μέντοι	d--------	g--------	
2263	ἐγώ	p1s---cd-	ἐγώ	ἐγώ	p-s---md-	p1s---cd-	
2264	καί	d--------	καί	καί	d--------	d--------	
2265	ὁ	l-p---na-	ὁ	ὁ	l-p---na-	l-p---na-	
2266	ὁ	l-p---mg-	ὁ	ὁ	l-p---mg-	l-p---mg-	
2267	ἀνήρ	n-p---mg-	ἀνήρ	ἀνήρ	n-p---mg-	n-p---mg-	
2268	σῶμα	n-p---na-	σῶμα	σῶμα	n-p---na-	n-p---na-	
2269	ὁ	l-s---na-	ὁ		l-s---na-		oga_only
2270	αὐτός	p-p---na-	αὐτός		p-p---na-		oga_only
2271	πάσχω	v--pna---	πάσχω	πάσχω	v--pna---	v--pna---	
2272	ὅς	p-p---na-	ὅσπερ	ὅς	p-p---na-	p-p---na-	DISAGREE
2273	καί	d--------	καί	καί	d--------	d--------	
2274	ὁ	l-p---na-	ὁ	ὁ	l-p---na-	l-p---na-	
2275	ὁ	l-p---ng-	ὁ	ὁ	l-p---ng-	l-p---ng-	
2276	ἐν	r--------	ἐν	ἐν	r--------	r--------	
2277	γῆ	n-s---fd-	γῆ	γῆ	n-s---fd-	n-s---fd-	
2278	φύω	v-pppmng-	φύω	φύω	v-pppeng-	v-pppmng-	
2279	.	u--------	.	.	u--------	u--------	
2280	καί	b--------	καί	καί	d--------	b--------	
2281	γάρ	g--------	γάρ	γάρ	d--------	g--------	
2282	ἐκεῖνος	p-p---na-	ἐκεῖνος	ἐκεῖνος	p-p---na-	p-p---na-	
2283	,	u--------	,	,	u--------	u--------	
2284	ὅταν	c--------	ὅταν	ὅταν	c--------	c--------	
2285	μέν	g--------	μέν	μέν	d--------	g--------	
2286	ὁ	l-s---mn-	ὁ	ὁ	l-s---mn-	l-s---mn-	
2287	θεός	n-s---mn-	θεός	θεός	n-s---mn-	n-s---mn-	
2288	αὐτός	p-p---na-	αὐτός	αὐτός	p-p---na-	p-p---na-	
2289	ἄγαν	d--------	ἄγαν	ἄγαν	d--------	d--------	
2290	ἀθρόος	d--------	ἀθρόος	ἀθρόος	d--------	d--------	
2291	ποτίζω	v3spsa---	ποτίζω	ποτίζω	v3spsa---	v3spsa---	
2292	,	u--------	,	,	u--------	u--------	
2293	οὐ	d--------	οὐ	οὐ	d--------	d--------	
2294	δύναμαι	v3spim---	δύναμαι	δύναμαι	v3spie---	v3spim---	
2295	ὀρθόω	v--pnm---	ὀρθόω	ὀρθόω	v--pne---	v--pnm---	
2296	οὐ	d--------	οὐ	οὐ	d--------	d--------	
2297	δέ	c--------	δέ		c--------		oga_only
2298	ὁ	l-p---fd-	ὁ		l-p---fd-		oga_only
2299	αὔρα	n-p---fd-	αὔρα		n-p---fd-		oga_only
2300	διαπνέω	v--pne---	διαπνέω		v--pne---		oga_only
2301	·	u--------	·		u--------		oga_only
2302	ὅταν	c--------	ὅταν	ὅταν	c--------	c--------	
2303	δέ	b--------	δέ	δέ	d--------	b--------	
2304	ὅσος	p-s---nd-	ὅσος	ὅσος	a-s---nd-	p-s---nd-	
2305	ἥδομαι	v3spim---	ἥδομαι	ἥδομαι	v3spie---	v3spim---	
2306	τοσοῦτος	p-s---na-	τοσοῦτος	τοσοῦτος	p-s---na-	p-s---na-	
2307	πίνη	n-s---fd-	πίνω	πίνη	v3spsa---	n-s---fd-	DISAGREE
2308	,	u--------	,	,	u--------	u--------	
2309	καί	d--------	καί	καί	d--------	d--------	
2310	μάλα	d--------	μάλα	μάλα	d--------	d--------	
2311	ὀρθός	a-p---nn-	ὀρθός	ὀρθός	a-p---nn-	a-p---nn-	
2312	τε	b--------	τε	τε	d--------	b--------	
2313	αὐξάνω	v3spim---	αὐξάνω	αὐξάνω	v3spie---	v3spim---	
2314	καί	b--------	καί	καί	c--------	b--------	
2315	θάλλω	v-pppann-	θάλλω	θάλλω	v-pppann-	v-pppann-	
2316	ἀφικνέομαι	v3spim---	ἀφικνέομαι	ἀφικνέομαι	v3spie---	v3spim---	
2317	εἰς	r--------	εἰς	εἰς	r--------	r--------	
2318	ὁ	l-s---fa-	ὁ	ὁ	l-s---fa-	l-s---fa-	
2319	καρπογονία	n-s---fa-	καρπογονία	καρπογονία	n-s---fa-	n-s---fa-	
2320	.	u--------	.	.	u--------	u--------	
2321	οὕτως	d--------	οὕτως	οὕτως	d--------	d--------	
2322	δέ	b--------	δέ	δέ	d--------	b--------	
2323	καί	d--------	καί	καί	d--------	d--------	
2324	ἐγώ	p-p---mn-	ἐγώ	ἐγώ	p-p---mn-	p-p---mn-	
2325	ἐάν	c--------	ἄν	ἐάν	c--------	c--------	DISAGREE
2326	μέν	g--------	μέν	μέν	d--------	g--------	
2327	ἀθρόος	a-s---na-	ἀθρόος	ἀθρόος	a-s---na-	a-s---na-	
2328	ὁ	l-s---na-	ὁ	ὁ	l-s---na-	l-s---na-	
2329	ποτόν	n-s---na-	ποτός	ποτόν	n-s---na-	n-s---na-	DISAGREE
2330	ἐγχέω	v1ppsm---	ἐγχέω	ἐγχέω	v1ppse---	v1ppsm---	
2331	,	u--------	,	,	u--------	u--------	
2332	ταχύς	a-s---na-	ταχύς	ταχύς	a-s---na-	a-s---na-	
2333	ἐγώ	p-p---md-	ἐγώ	ἐγώ	p-p---md-	p-p---md-	
2334	καί	b--------	καί	καί	d--------	b--------	
2335	ὁ	l-p---nn-	ὁ	ὁ	l-p---nn-	l-p---nn-	
2336	σῶμα	n-p---nn-	σῶμα	σῶμα	n-p---nn-	n-p---nn-	
2337	καί	b--------	καί	καί	c--------	b--------	
2338	ὁ	l-p---fn-	ὁ	ὁ	l-p---fn-	l-p---fn-	
2339	γνώμη	n-p---fn-	γνώμη	γνώμη	n-p---fn-	n-p---fn-	
2340	σφάλλω	v3pfim---	σφάλλω	σφάλλω	v3pfim---	v3pfim---	
2341	,	u--------	,	,	u--------	u--------	
2342	καί	b--------	καί	καί	c--------	b--------	
2343	οὐ	d--------	οὐ	οὐ	d--------	d--------	
2344	δέ	d--------	δέ		d--------		oga_only
2345	ἀναπνέω	v--pna---	ἀναπνέω		v--pna---		oga_only
2346	,	u--------	,		u--------		oga_only
2347	μή	d--------	μή		d--------		oga_only
2348	ὅτι	c--------	ὅτι		c--------		oga_only
2349	λέγω3	v--pna---	λέγω3		v--pna---		oga_only
2350	τις	p-s---na-	τις		p-s---na-		oga_only
2351	δύναμαι	v1pfim---	δύναμαι		v1pfim---		oga_only
2352	·	u--------	·		u--------		oga_only
2353	ἐάν	c--------	ἄν	ἐάν	c--------	c--------	DISAGREE
2354	δέ	b--------	δέ	δέ	d--------	b--------	
2355	ἐγώ	p-p---md-	ἐγώ	ἐγώ	p1p---md-	p-p---md-	
2356	ὁ	l-p---mn-	ὁ	ὁ	l-p---mn-	l-p---mn-	
2357	παῖς	n-p---mn-	παῖς	παῖς	n-p---mn-	n-p---mn-	
2358	μικρός	a-p---fd-	μικρός	μικρός	a-p---fd-	a-p---fd-	
2359	κύλιξ	n-p---fd-	κύλιξ	κύλιξ	n-p---fd-	n-p---fd-	
2360	πυκνός	a-p---na-	πυκνός	πυκνός	a-p---na-	a-p---na-	
2361	ἐπί-ψακάζω	v3ppsa---	ἐπίψακάζω	ἐπί-ψακάζω	v3ppsa---	v3ppsa---	DISAGREE
2362	,	u--------	,	,	u--------	u--------	
2363	ἵνα	c--------	ἵνα	ἵνα	c--------	c--------	
2364	καί	d--------	καί	καί	d--------	d--------	
2365	ἐγώ	p1s---cn-	ἐγώ	ἐγώ	p-s---mn-	p1s---cn-	
2366	ἐν	r--------	ἐν	ἐν	r--------	r--------	
2367	Γοργίειος	a-p---nd-	γοργίειος	Γοργίειος	a-p---nd-	a-p---nd-	
2368	ῥῆμα	n-p---nd-	ῥῆμα	ῥῆμα	n-p---nd-	n-p---nd-	
2369	λέγω	v1sasa---	εἶπον	λέγω	v1sasa---	v1sasa---	DISAGREE
2370	,	u--------	,	,	u--------	u--------	
2371	οὕτως	d--------	οὕτως	οὕτως	d--------	d--------	
2372	οὐ	d--------	οὐ	οὐ	d--------	d--------	
2373	βιάζω	v-pppmmn-	βιάζω	βιάζω	v-pppemn-	v-pppmmn-	
2374	μεθύω	v--pna---	μεθύω	μεθύω	v--pna---	v--pna---	
2375	ὑπό	r--------	ὑπό	ὑπό	r--------	r--------	
2376	ὁ	l-s---mg-	ὁ	ὁ	l-s---mg-	l-s---mg-	
2377	οἶνος	n-s---mg-	οἶνος	οἶνος	n-s---mg-	n-s---mg-	
2378	ἀλλά	b--------	ἀλλά	ἀλλά	c--------	b--------	
2379	ἀναπείθω	v-pppmmn-	ἀναπείθω	ἀναπείθω	v-pppemn-	v-pppmmn-	
2380	πρός	r--------	πρός	πρός	r--------	r--------	
2381	ὁ	l-s---na-	ὁ	ὁ	l-s---na-	l-s---na-	
2382	παιγνιώδης	a-s---nac	παιγνιώδης	παιγνιώδης	a-s---nac	a-s---nac	
2383	ἀφικνέομαι	v1pfim---	ἀφικνέομαι	ἀφικνέομαι	v1pfim---	v1pfim---	
2384	.	u--------	.	.	u--------	u--------	
2385	δοκέω	v3siia---	δοκέω	δοκέω	v3siia---	v3siia---	
2386	μέν	g--------	μέν	μέν	d--------	g--------	
2387	δή	g--------	δή	δή	d--------	g--------	
2388	οὗτος	p-p---nn-	οὗτος	οὗτος	p-p---nn-	p-p---nn-	
2389	πᾶς	a-p---md-	πᾶς	πᾶς	a-p---md-	a-p---md-	
2390	·	u--------	·	·	u--------	u--------	
2391	προστίθημι	v3saia---	προστίθημι	προστίθημι	v3saia---	v3saia---	
2392	δέ	b--------	δέ	δέ	d--------	b--------	
2393	ὁ	l-s---mn-	ὁ	ὁ	l-s---mn-	l-s---mn-	
2394	Φίλιππος	n-s---mn-	φίλιππος	Φίλιππος	n-s---mn-	n-s---mn-	
2395	ὡς	c--------	ὡς	ὡς	c--------	c--------	
2396	χρή	v3spia---	χρή	χρή	v3spia---	v3spia---	
2397	ὁ	l-p---ma-	ὁ	ὁ	l-p---ma-	l-p---ma-	
2398	οἰνόχοος	n-p---ma-	οἰνόχοος	οἰνόχοος	n-p---ma-	n-p---ma-	
2399	μιμέομαι	v--pnm---	μιμέομαι	μιμέομαι	v--pne---	v--pnm---	
2400	ὁ	l-p---ma-	ὁ	ὁ	l-p---ma-	l-p---ma-	
2401	ἀγαθός	a-p---ma-	ἀγαθός	ἀγαθός	a-p---ma-	a-p---ma-	
2402	ἁρματηλάτης	n-p---ma-	ἁρματηλάτης	ἁρματηλάτης	n-p---ma-	n-p---ma-	
2403	,	u--------	,	,	u--------	u--------	
2404	ταχύς	a-s---nac	ταχύς	ταχύς	a-s---nac	a-s---nac	
2405	περιελαύνω	v-pppama-	περιελαύνω	περιελαύνω	v-pppama-	v-pppama-	
2406	ὁ	l-p---fa-	ὁ	ὁ	l-p---fa-	l-p---fa-	
2407	κύλιξ	n-p---fa-	κύλιξ	κύλιξ	n-p---fa-	n-p---fa-	
2408	.	u--------	.	.	u--------	u--------	
2409	ὁ	l-p---mn-	ὁ	ὁ	l-p---mn-	l-p---mn-	
2410	μέν	g--------	μέν	μέν	d--------	g--------	
2411	δή	g--------	δή	δή	d--------	g--------	
2412	οἰνοχόος	n-p---mn-	οἰνοχόος	οἰνοχόος	n-p---mn-	n-p---mn-	
2413	οὕτως	d--------	οὕτως	οὕτως	d--------	d--------	
2414	ποιέω	v3piia---	ποιέω	ποιέω	v3piia---	v3piia---	
2415	.	u--------	.	.	u--------	u--------	
2416	ἐκ	r--------	ἐκ	ἐκ	r--------	r--------	
2417	δέ	b--------	δέ	δέ	d--------	b--------	
2418	οὗτος	p-s---ng-	οὗτος	οὗτος	p-s---ng-	p-s---ng-	
2419	συναρμόζω	v-srpmfd-	συναρμόζω	συναρμόζω	v-srpefd-	v-srpmfd-	
2420	ὁ	l-s---fd-	ὁ	ὁ	l-s---fd-	l-s---fd-	
2421	λύρα	n-s---fd-	λύρα	λύρα	n-s---fd-	n-s---fd-	
2422	πρός	r--------	πρός	πρός	r--------	r--------	
2423	ὁ	l-s---ma-	ὁ	ὁ	l-s---ma-	l-s---ma-	
2424	αὐλός	n-s---ma-	αὐλός	αὐλός	n-s---ma-	n-s---ma-	
2425	κιθαρίζω	v3saia---	κιθαρίζω	κιθαρίζω	v3saia---	v3saia---	
2426	ὁ	l-s---mn-	ὁ	ὁ	l-s---mn-	l-s---mn-	
2427	παῖς	n-s---cn-	παῖς	παῖς	n-s---cn-	n-s---cn-	
2428	καί	b--------	καί	καί	c--------	b--------	
2429	ἀείδω	v3saia---	ἀείδω	ἀείδω	v3saia---	v3saia---	
2430	.	u--------	.	.	u--------	u--------	
2431	ἔνθα	d--------	ἔνθα	ἔνθα	d--------	d--------	
2432	δή	g--------	δή	δή	d--------	g--------	
2433	ἐπαινέω	v3paia---	ἐπαινέω	ἐπαινέω	v3paia---	v3paia---	
2434	μέν	g--------	μέν	μέν	d--------	g--------	
2435	ἅπας	a-p---mn-	ἅπας	ἅπας	a-p---mn-	a-p---mn-	
2436	·	u--------	·	·	u--------	u--------	
2437	ὁ	l-s---mn-	ὁ	ὁ	l-s---mn-	l-s---mn-	
2438	δέ	b--------	δέ	δέ	d--------	b--------	
2439	Χαρμίδης	n-s---mn-	χαρμίδης	Χαρμίδης	n-s---mn-	n-s---mn-	
2440	καί	d--------	καί	καί	d--------	d--------	
2441	λέγω	v3saia---	λέγω	λέγω	v3saia---	v3saia---	
2442	·	u--------	·	·	u--------	u--------	
2443	ἀλλά	b--------	ἀλλά	ἀλλά	d--------	b--------	
2444	ἐγώ	p1s---cd-	ἐγώ	ἐγώ	p-s---md-	p1s---cd-	
2445	μέν	g--------	μέν	μέν	d--------	g--------	
2446	δοκέω	v3spia---	δοκέω	δοκέω	v3spia---	v3spia---	
2447	,	u--------	,	,	u--------	u--------	
2448	ὦ	i--------	ὦ	ὦ	i--------	i--------	
2449	ἀνήρ	n-p---mv-	ἀνήρ	ἀνήρ	n-p---mv-	n-p---mv-	
2450	,	u--------	,	,	u--------	u--------	
2451	ὥσπερ	c--------	ὥσπερ	ὥσπερ	c--------	c--------	
2452	Σωκράτης	n-s---mn-	σωκράτης	Σωκράτης	n-s---mn-	n-s---mn-	
2453	φημί	v3siia---	φημί	φημί	v3siia---	v3siia---	
2454	ὁ	l-s---ma-	ὁ	ὁ	l-s---ma-	l-s---ma-	
2455	οἶνος	n-s---ma-	οἶνος	οἶνος	n-s---ma-	n-s---ma-	
2456	,	u--------	,	,	u--------	u--------	
2457	οὕτως	d--------	οὕτως	οὕτως	d--------	d--------	
2458	καί	d--------	καί	καί	d--------	d--------	
2459	οὗτος	p-s---fn-	οὗτος	οὗτος	a-s---fn-	p-s---fn-	
2460	ὁ	l-s---fn-	ὁ	ὁ	l-s---fn-	l-s---fn-	
2461	κρᾶσις	n-s---fn-	κρᾶσις	κρᾶσις	n-s---fn-	n-s---fn-	
2462	ὁ	l-p---fg-	ὁ	ὁ	l-p---mg-	l-p---fg-	
2463	τε	b--------	τε	τε	d--------	b--------	
2464	παῖς	n-p---cg-	παῖς	παῖς	n-p---cg-	n-p---cg-	
2465	ὁ	l-s---fg-	ὁ	ὁ	l-s---fg-	l-s---fg-	
2466	ὥρα	n-s---fg-	ὥρα	ὥρα	n-s---fg-	n-s---fg-	
2467	καί	b--------	καί	καί	c--------	b--------	
2468	ὁ	l-p---mg-	ὁ	ὁ	l-p---mg-	l-p---mg-	
2469	φθόγγος	n-p---mg-	φθόγγος	φθόγγος	n-p---mg-	n-p---mg-	
2470	ὁ	l-p---fa-	ὁ	ὁ	l-p---fa-	l-p---fa-	
2471	μέν	g--------	μέν	μέν	d--------	g--------	
2472	λύπη	n-p---fa-	λύπη	λύπη	n-p---fa-	n-p---fa-	
2473	κοιμίζω	v--pna---	κοιμίζω	κοιμίζω	v--pna---	v--pna---	
2474	,	u--------	,	,	u--------	u--------	
2475	ὁ	l-s---fa-	ὁ	ὁ	l-s---fa-	l-s---fa-	
2476	δέ	b--------	δέ	δέ	c--------	b--------	
2477	Ἀφροδίτη	n-s---fa-	ἀφροδίτη	Ἀφροδίτη	n-s---fa-	n-s---fa-	
2478	ἐγείρω	v--pna---	ἐγείρω	ἐγείρω	v--pna---	v--pna---	
2479	.	u--------	.	.	u--------	u--------	
2480	ἐκ	r--------	ἐκ	ἐκ	r--------	r--------	
2481	οὗτος	p-s---ng-	οὗτος	οὗτος	p-s---ng-	p-s---ng-	
2482	δέ	b--------	δέ	δέ	d--------	b--------	
2483	πάλιν	d--------	πάλιν	πάλιν	d--------	d--------	
2484	λέγω	v3saia---	λέγω	λέγω	v3saia---	v3saia---	
2485	ὁ	l-s---mn-	ὁ	ὁ	l-s---mn-	l-s---mn-	
2486	Σωκράτης	n-s---mn-	σωκράτης	Σωκράτης	n-s---mn-	n-s---mn-	
2487	·	u--------	·	·	u--------	u--------	
2488	οὗτος	p-p---mn-	οὗτος	οὗτος	p-p---mn-	p-p---mn-	
2489	μέν	g--------	μέν	μέν	d--------	g--------	
2490	δή	g--------	δή	δή	d--------	g--------	
2491	,	u--------	,	,	u--------	u--------	
2492	ὦ	i--------	ὦ	ὦ	i--------	i--------	
2493	ἀνήρ	n-p---mv-	ἀνήρ	ἀνήρ	n-p---mv-	n-p---mv-	
2494	,	u--------	,	,	u--------	u--------	
2495	ἱκανός	a-p---mn-	ἱκανός	ἱκανός	a-p---mn-	a-p---mn-	
2496	τέρπω	v--pna---	τέρπω	τέρπω	v--pna---	v--pna---	
2497	ἐγώ	p-p---ma-	ἐγώ	ἐγώ	p-p---ma-	p-p---ma-	
2498	φαίνω	v3ppim---	φαίνω	φαίνω	v3ppie---	v3ppim---	
2499	·	u--------	·	·	u--------	u--------	
2500	ἐγώ	p-p---mn-	ἐγώ	ἐγώ	p-p---mn-	p-p---mn-	
2501	δέ	b--------	δέ	δέ	d--------	b--------	
2502	οὗτος	p-p---mg-	οὗτος	οὗτος	p-p---mg-	p-p---mg-	
2503	οἶδα	v1sria---	οἶδα	οἶδα	v1sria---	v1sria---	
2504	ὅτι	c--------	ὅτι	ὅτι	c--------	c--------	
2505	πολύς	a-s---na-	πολύς	πολύς	a-s---na-	a-s---na-	
2506	ἀγαθός	a-p---mnc	βελτίων	ἀγαθός	a-p---mnc	a-p---mnc	DISAGREE
2507	οἴομαι	v1ppim---	οἴομαι	οἴομαι	v1ppie---	v1ppim---	
2508	εἰμί	v--pna---	εἰμί	εἰμί	v--pna---	v--pna---	
2509	·	u--------	·	·	u--------	u--------	
2510	οὐ	d--------	οὐ	οὐ	d--------	d--------	
2511	αἰσχρός	a-s---nn-	αἰσχρός	αἰσχρός	a-s---nn-	a-s---nn-	
2512	οὖν	g--------	οὖν	οὖν	d--------	g--------	
2513	εἰ	c--------	εἰ	εἰ	c--------	c--------	
2514	μήδε	d--------	μήδε		d--------		oga_only
2515	ἐπιχειρέω	v1pasa---	ἐπιχειρέω	ἐπιχειρέω	v1pasa---	v1pasa---	
2516	σύνειμι	v-pppamn-	σύνειμι	σύνειμι	v-pppamn-	v-pppamn-	
2517	ὠφελέω	v--pna---	ὠφελέω	ὠφελέω	v--pna---	v--pna---	
2518	τις	p-s---na-	τις	τις	p-s---na-	p-s---na-	
2519	ἤ	b--------	ἤ1	ἤ	c--------	b--------	
2520	εὐφραίνω	v--pna---	εὐφραίνω	εὐφραίνω	v--pna---	v--pna---	
2521	ἀλλήλων	p-p---ma-	ἀλλήλων	ἀλλήλων	p-p---ma-	p-p---ma-	
2522	;	u--------		;		u--------	glaux_only
2523	ἐντεῦθεν	d--------	ἐντεῦθεν	ἐντεῦθεν	d--------	d--------	
2524	λέγω	v3paia---	λέγω	λέγω	v3paia---	v3paia---	
2525	πολύς	a-p---mn-	πολύς	πολύς	a-p---mn-	a-p---mn-	
2526	·	u--------	·	·	u--------	u--------	
2527	σύ	p2s---cn-	σύ	σύ	p-s---mn-	p2s---cn-	
2528	τοίνυν	g--------	τοίνυν	τοίνυν	d--------	g--------	
2529	ἐγώ	p-p---md-	ἐγώ	ἐγώ	p-p---md-	p-p---md-	
2530	ἐξηγέομαι	v2spmm---	ἐξηγέομαι	ἐξηγέομαι	v2spme---	v2spmm---	
2531	ποῖος	a-p---mg-	ποῖος	ποῖος	a-p---mg-	a-p---mg-	
2532	λόγος	n-p---mg-	λόγος	λόγος	n-p---mg-	n-p---mg-	
2533	ἅπτω	v-pppmmn-	ἅπτω	ἅπτω	v-pppemn-	v-pppmmn-	
2534	μάλα	d-------s	μάλιστα	μάλα	d-------s	d-------s	DISAGREE
2535	ἄν	g--------	ἄν	ἄν	d--------	g--------	
2536	οὗτος	p-p---na-	οὗτος	οὗτος	p-p---na-	p-p---na-	
2537	ποιέω	v1ppoa---	ποιέω	ποιέω	v1ppoa---	v1ppoa---	
2538	.	u--------	.	.	u--------	u--------	
2539	ἐγώ	p1s---cn-	ἐγώ	ἐγώ	p-s---mn-	p1s---cn-	
2540	μέν	g--------	μέν	μέν	d--------	g--------	
2541	τοίνυν	g--------	τοίνυν	τοίνυν	d--------	g--------	
2542	,	u--------	,	,	u--------	u--------	
2543	φημί	v3siia---	φημί	φημί	v3siia---	v3siia---	
2544	,	u--------	,	,	u--------	u--------	
2545	ἡδύς	a-p---na-	ἡδύς	ἡδύς	a-p---na-	a-p---na-	
2546	ἄν	g--------	ἄν	ἄν	d--------	g--------	
2547	ἀπολαμβάνω	v1saoa---	ἀπολαμβάνω	ἀπολαμβάνω	v1saoa---	v1saoa---	
2548	παρά	r--------	παρά	παρά	r--------	r--------	
2549	Καλλίας	n-s---mg-	καλλίας	Καλλίας	n-s---mg-	n-s---mg-	
2550	ὁ	l-s---fa-	ὁ	ὁ	l-s---fa-	l-s---fa-	
2551	ὑπόσχεσις	n-s---fa-	ὑπόσχεσις	ὑπόσχεσις	n-s---fa-	n-s---fa-	
2552	.	u--------	.	.	u--------	u--------	
2553	φημί	v3siia---	φημί	φημί	v3siia---	v3siia---	
2554	γάρ	g--------	γάρ	γάρ	d--------	g--------	
2555	δήπου	d--------	δήπου	δήπου	d--------	d--------	
2556	,	u--------	,	,	u--------	u--------	
2557	εἰ	c--------	εἰ	εἰ	c--------	c--------	
2558	συνδειπνέω	v1ppoa---	συνδειπνέω	συνδειπνέω	v1ppoa---	v1ppoa---	
2559	,	u--------	,	,	u--------	u--------	
2560	ἐπιδείκνυμι	v--fna---	ἐπιδείκνυμι	ἐπιδείκνυμι	v--fna---	v--fna---	
2561	ὁ	l-s---fa-	ὁ	ὁ	l-s---fa-	l-s---fa-	
2562	ἑαυτοῦ	p-s---mg-	ἑαυτοῦ	ἑαυτοῦ	p-s---mg-	p-s---mg-	
2563	σοφία	n-s---fa-	σοφία	σοφία	n-s---fa-	n-s---fa-	
2564	.	u--------	.	.	u--------	u--------	
2565	καί	b--------	καί	καί	d--------	b--------	
2566	ἐπιδείκνυμι	v1sfia---	ἐπιδείκνυμι	ἐπιδείκνυμι	v1sfia---	v1sfia---	
2567	γε	d--------	γε	γε	d--------	d--------	
2568	,	u--------	,	,	u--------	u--------	
2569	φημί	v3siia---	φημί	φημί	v3siia---	v3siia---	
2570	,	u--------	,	,	u--------	u--------	
2571	ἐάν	c--------	ἐάν	ἐάν	c--------	c--------	
2572	καί	d--------	καί	καί	d--------	d--------	
2573	σύ	p-p---mn-	σύ	σύ	p-p---mn-	p-p---mn-	
2574	ἅπας	a-p---mn-	ἅπας	ἅπας	a-p---mn-	a-p---mn-	
2575	εἰς	r--------	εἰς	εἰς	r--------	r--------	
2576	μέσος	a-s---na-	μέσος	μέσος	a-s---na-	a-s---na-	
2577	φέρω	v2ppsa---	φέρω	φέρω	v2ppsa---	v2ppsa---	
2578	ὅς	p-s---na-	ὅς	ὅς	p-s---na-	p-s---na-	
2579	τις	p-s---na-	τις	τις	a-s---na-	p-s---na-	
2580	ἕκαστος	a-s---mn-	ἕκαστος	ἕκαστος	a-s---mn-	a-s---mn-	
2581	ἐπίσταμαι	v2ppim---	ἐπίσταμαι	ἐπίσταμαι	v2ppie---	v2ppim---	
2582	ἀγαθός	a-s---na-	ἀγαθός	ἀγαθός	a-s---na-	a-s---na-	
2583	.	u--------	.	.	u--------	u--------	
2584	ἀλλά	b--------	ἀλλά	ἀλλά	d--------	b--------	
2585	οὐδείς	p-s---mn-	οὐδείς	οὐδείς	p-s---mn-	p-s---mn-	
2586	σύ	p2s---cd-	σύ	σύ	p-s---md-	p2s---cd-	
2587	,	u--------	,	,	u--------	u--------	
2588	φημί	v3siia---	φημί	φημί	v3siia---	v3siia---	
2589	,	u--------	,	,	u--------	u--------	
2590	ἀντιλέγω	v3spia---	ἀντιλέγω	ἀντιλέγω	v3spia---	v3spia---	
2591	ὁ	l-s---na-	ὁ	ὁ	l-s---na-	l-s---na-	
2592	μή	d--------	μή	μή	d--------	d--------	
2593	οὐ	d--------	οὐ	οὐ	d--------	d--------	
2594	λέγω	v--fna---	λέγω	λέγω	v--fna---	v--fna---	
2595	ὅς	p-s---na-	ὅς	ὅς	p-s---na-	p-s---na-	
2596	τις	p-s---na-	τις	τις	a-s---na-	p-s---na-	
2597	ἕκαστος	a-s---mn-	ἕκαστος	ἕκαστος	a-s---mn-	a-s---mn-	
2598	ἡγέομαι	v3spim---	ἡγέομαι	ἡγέομαι	v3spie---	v3spim---	
2599	πολύς	a-s---ngs	πολύς	πολύς	a-s---ngs	a-s---ngs	
2600	ἄξιος	a-s---na-	ἄξιος	ἄξιος	a-s---na-	a-s---na-	
2601	ἐπίσταμαι	v--pnm---	ἐπίσταμαι	ἐπίσταμαι	v--pne---	v--pnm---	
2602	.	u--------	.	.	u--------	u--------	
2603	ἐγώ	p1s---cn-	ἐγώ	ἐγώ	p-s---mn-	p1s---cn-	
2604	μέν	g--------	μέν	μέν	d--------	g--------	
2605	τοίνυν	g--------	τοίνυν	τοίνυν	d--------	g--------	
2606	,	u--------	,	,	u--------	u--------	
2607	φημί	v3siia---	φημί	φημί	v3siia---	v3siia---	
2608	,	u--------	,	,	u--------	u--------	
2609	λέγω	v1spia---	λέγω3	λέγω	v1spia---	v1spia---	
2610	σύ	p-p---md-	σύ	σύ	p-p---md-	p-p---md-	
2611	ἐπί	r--------	ἐπί	ἐπί	r--------	r--------	
2612	ὅς	p-s---nd-	ὅς	ὅς	p-s---nd-	p-s---nd-	
2613	μέγας	a-s---nas	μέγας	μέγας	a-s---nas	a-s---nas	
2614	φρονέω	v1spia---	φρονέω	φρονέω	v1spia---	v1spia---	
2615	.	u--------	.	.	u--------	u--------	
2616	ἄνθρωπος	n-p---ma-	ἄνθρωπος	ἄνθρωπος	n-p---ma-	n-p---ma-	
2617	γάρ	g--------	γάρ	γάρ	d--------	g--------	
2618	οἴομαι	v1spim---	οἴομαι	οἴομαι	v1spie---	v1spim---	
2619	ἱκανός	a-s---mn-	ἱκανός	ἱκανός	a-s---mn-	a-s---mn-	
2620	εἰμί	v--pna---	εἰμί	εἰμί	v--pna---	v--pna---	
2621	ἀγαθός	a-p---mac	βελτίων	ἀγαθός	a-p---mac	a-p---mac	DISAGREE
2622	ποιέω	v--pna---	ποιέω	ποιέω	v--pna---	v--pna---	
2623	.	u--------	.	.	u--------	u--------	
2624	καί	b--------	καί	καί	d--------	b--------	
2625	ὁ	l-s---mn-	ὁ	ὁ	l-s---mn-	l-s---mn-	
2626	Ἀντισθένης	n-s---mn-	ἀντισθένης	Ἀντισθένης	n-s---mn-	n-s---mn-	
2627	λέγω	v3saia---	εἶπον	λέγω	v3saia---	v3saia---	DISAGREE
2628	·	u--------	·	·	u--------	u--------	
2629	πότερος	p-s---na-	πότερον	πότερος	a-s---na-	p-s---na-	DISAGREE
2630	τέχνη	n-s---fa-	τέχνη	τέχνη	n-s---fa-	n-s---fa-	
2631	τις	p-s---ca-	τις	τις	p-s---ca-	p-s---ca-	
2632	βαναυσικός	a-s---fa-	βαναυσικός	βαναυσικός	a-s---fa-	a-s---fa-	
2633	ἤ	b--------	ἤ1	ἤ	c--------	b--------	
2634	καλοκἀγαθία	n-s---fa-		καλοκἀγαθία		n-s---fa-	glaux_only
2635	διδάσκω	v-sppamn-	διδάσκω	διδάσκω	v-sppamn-	v-sppamn-	
2636	;	u--------		;		u--------	glaux_only
2637	εἰ	c--------	εἰ	εἰ	c--------	c--------	
2638	καλοκἀγαθία	n-s---fn-		καλοκἀγαθία		n-s---fn-	glaux_only
2639	εἰμί	v3spia---	εἰμί	εἰμί	v3spia---	v3spia---	
2640	ὁ	l-s---fn-	ὁ	ὁ	l-s---fn-	l-s---fn-	
2641	δικαιοσύνη	n-s---fn-	δικαιοσύνη	δικαιοσύνη	n-s---fn-	n-s---fn-	
2642	.	u--------	.	.	u--------	u--------	
2643	νή	r--------	νή	νή	r--------	r--------	
2644	Ζεύς	n-s---ma-	ζεύς	Ζεύς	n-s---ma-	n-s---ma-	
2645	,	u--------	,	,	u--------	u--------	
2646	φημί	v3siia---	φημί	φημί	v3siia---	v3siia---	
2647	ὁ	l-s---mn-	ὁ	ὁ	l-s---mn-	l-s---mn-	
2648	Ἀντισθένης	n-s---mn-	ἀντισθένης	Ἀντισθένης	n-s---mn-	n-s---mn-	
2649	,	u--------	,	,	u--------	u--------	
2650	ὁ	l-s---fn-	ὅς	ὁ	l-s---fn-	l-s---fn-	DISAGREE
2651	γε	d--------	γε	γε	d--------	d--------	
2652	ἀναμφίλογος	a-s---fns	ἀναμφίλογος	ἀναμφίλογος	a-s---fns	a-s---fns	
2653	·	u--------		·		u--------	glaux_only
2654	ἐπεί	g--------	ἐπεί	ἐπεί	d--------	g--------	
2655	τοι	g--------	σύ	τοι	d--------	g--------	DISAGREE
2656	ἀνδρεία	n-s---fn-	ἀνδρεία	ἀνδρεία	n-s---fn-	n-s---fn-	
2657	μέν	g--------	μέν	μέν	d--------	g--------	
2658	καί	b--------	καί	καί	c--------	b--------	
2659	σοφία	n-s---fn-	σοφία	σοφία	n-s---fn-	n-s---fn-	
2660	εἰμί	v3spia---	εἰμί	εἰμί	v3spia---	v3spia---	
2661	ὅτε	c--------	ὅτε	ὅτε	c--------	c--------	
2662	βλαβερός	a-s---fn-	βλαβερός	βλαβερός	a-s---fn-	a-s---fn-	
2663	καί	b--------	καί	καί	d--------	b--------	
2664	φίλος	a-p---md-	φίλος	φίλος	a-p---md-	a-p---md-	
2665	καί	b--------	καί	καί	c--------	b--------	
2666	πόλις	n-s---fd-	πόλις	πόλις	n-s---fd-	n-s---fd-	
2667	δοκέω	v3spia---	δοκέω	δοκέω	v3spia---	v3spia---	
2668	εἰμί	v--pna---	εἰμί	εἰμί	v--pna---	v--pna---	
2669	,	u--------	,	,	u--------	u--------	
2670	ὁ	l-s---fn-	ὁ	ὁ	l-s---fn-	l-s---fn-	
2671	δέ	b--------	δέ	δέ	c--------	b--------	
2672	δικαιοσύνη	n-s---fn-	δικαιοσύνη	δικαιοσύνη	n-s---fn-	n-s---fn-	
2673	οὐ	d--------	οὐ	οὐ	d--------	d--------	
2674	δέ	d--------	δέ		d--------		oga_only
2675	κατά	r--------	κατά		r--------		oga_only
2676	εἷς	n-s---na-	εἷς		n-s---na-		oga_only
2677	συμμείγνυμι	v3spie---	συμμείγνυμι		v3spie---		oga_only
2678	ὁ	l-s---fd-	ὁ		l-s---fd-		oga_only
2679	ἀδικία	n-s---fd-	ἀδικία		n-s---fd-		oga_only
2680	.	u--------	.		u--------		oga_only
2681	ἐπειδάν	c--------	ἐπειδάν	ἐπειδάν	c--------	c--------	
2682	τοίνυν	g--------	τοίνυν	τοίνυν	d--------	g--------	
2683	καί	d--------	καί	καί	d--------	d--------	
2684	σύ	p-p---mg-	σύ	σύ	p-p---mg-	p-p---mg-	
2685	ἕκαστος	a-s---mn-	ἕκαστος	ἕκαστος	a-s---mn-	a-s---mn-	
2686	λέγω	v3sasa---	εἶπον	λέγω	v3sasa---	v3sasa---	DISAGREE
2687	ὅς	p-s---na-	ὅς	ὅς	p-s---na-	p-s---na-	
2688	τις	p-s---na-	τις	τις	a-s---na-	p-s---na-	
2689	ὠφέλιμος	a-s---na-	ὠφέλιμος	ὠφέλιμος	a-s---na-	a-s---na-	
2690	ἔχω	v3spia---	ἔχω	ἔχω	v3spia---	v3spia---	
2691	,	u--------	,	,	u--------	u--------	
2692	τότε	d--------	τότε	τότε	d--------	d--------	
2693	καί	d--------	καί		d--------		oga_only
2694	ἐγώ	p-s---mn-	ἐγώ		p-s---mn-		oga_only
2695	οὐ	d--------	οὐ	οὐ	d--------	d--------	
2696	φθονέω	v1sfia---	φθονέω	φθονέω	v1sfia---	v1sfia---	
2697	λέγω	v--ana---	εἶπον	λέγω	v--ana---	v--ana---	DISAGREE
2698	ὁ	l-s---fa-	ὁ	ὁ	l-s---fa-	l-s---fa-	
2699	τέχνη	n-s---fa-	τέχνη	τέχνη	n-s---fa-	n-s---fa-	
2700	διά	r--------	διά	διά	r--------	r--------	
2701	ὅς	p-s---fg-	ὅς	ὅς	p-s---fg-	p-s---fg-	
2702	οὗτος	p-s---na-	οὗτος	οὗτος	p-s---na-	p-s---na-	
2703	ἀπεργάζομαι	v1spim---	ἀπεργάζομαι	ἀπεργάζομαι	v1spie---	v1spim---	
2704	.	u--------	.	.	u--------	u--------	
2705	ἀλλά	b--------	ἀλλά	ἀλλά	d--------	b--------	
2706	σύ	p2s---cn-	σύ	σύ	p-s---mn-	p2s---cn-	
2707	αὖ	d--------	αὖ	αὖ	d--------	d--------	
2708	,	u--------	,	,	u--------	u--------	
2709	φημί	v3siia---	φημί	φημί	v3siia---	v3siia---	
2710	,	u--------	,	,	u--------	u--------	
2711	λέγω	v2spma---	λέγω3	λέγω	v2spma---	v2spma---	
2712	,	u--------	,	,	u--------	u--------	
2713	ὦ	i--------	ὦ	ὦ	i--------	i--------	
2714	Νικήρατος	n-s---mv-	νικήρατος	Νικήρατος	n-s---mv-	n-s---mv-	
2715	,	u--------	,	,	u--------	u--------	
2716	ἐπί	r--------	ἐπί	ἐπί	r--------	r--------	
2717	ποῖος	p-s---fd-	ποῖος	ποῖος	a-s---fd-	p-s---fd-	
2718	ἐπιστήμη	n-s---fd-	ἐπιστήμη	ἐπιστήμη	n-s---fd-	n-s---fd-	
2719	μέγας	a-s---na-	μέγας	μέγας	a-s---na-	a-s---na-	
2720	φρονέω	v2spia---	φρονέω	φρονέω	v2spia---	v2spia---	
2721	.	u--------	.	.	u--------	u--------	
2722	καί	d--------	καί	καί	d--------	d--------	
2723	ὅς	p-s---mn-	ὅς	ὅς	p-s---mn-	p-s---mn-	
2724	λέγω	v3saia---	λέγω	λέγω	v3saia---	v3saia---	
2725	·	u--------	·	·	u--------	u--------	
2726	ὁ	l-s---mn-	ὁ	ὁ	l-s---mn-	l-s---mn-	
2727	πατήρ	n-s---mn-	πατήρ	πατήρ	n-s---mn-	n-s---mn-	
2728	ὁ	l-s---mn-	ὁ	ὁ	l-s---mn-	l-s---mn-	
2729	ἐπιμελέομαι	v-sppmmn-	ἐπιμελέομαι	ἐπιμελέομαι	v-sppemn-	v-sppmmn-	
2730	ὅπως	c--------	ὅπως	ὅπως	c--------	c--------	
2731	ἀνήρ	n-s---mn-	ἀνήρ	ἀνήρ	n-s---mn-	n-s---mn-	
2732	ἀγαθός	a-s---mn-	ἀγαθός	ἀγαθός	a-s---mn-	a-s---mn-	
2733	γίγνομαι	v1saom---	γίγνομαι	γίγνομαι	v1saom---	v1saom---	
2734	ἀναγκάζω	v3saia---	ἀναγκάζω	ἀναγκάζω	v3saia---	v3saia---	
2735	ἐγώ	p1s---ca-	ἐγώ	ἐγώ	p-s---ma-	p1s---ca-	
2736	πᾶς	a-p---na-	πᾶς	πᾶς	a-p---na-	a-p---na-	
2737	ὁ	l-p---na-	ὁ	ὁ	l-p---na-	l-p---na-	
2738	Ὅμηρος	n-s---mg-	ὅμηρος	Ὅμηρος	n-s---mg-	n-s---mg-	
2739	ἔπος	n-p---na-	ἔπος	ἔπος	n-p---na-	n-p---na-	
2740	μανθάνω	v--ana---	μανθάνω	μανθάνω	v--ana---	v--ana---	
2741	·	u--------	·	·	u--------	u--------	
2742	καί	b--------	καί	καί	d--------	b--------	
2743	νῦν	d--------	νῦν	νῦν	d--------	d--------	
2744	δύναμαι	v1spom---	δύναμαι	δύναμαι	v1spoe---	v1spom---	
2745	ἄν	g--------	ἄν	ἄν	d--------	g--------	
2746	Ἰλιάς	n-s---fa-	ἰλιάς	Ἰλιάς	n-s---fa-	n-s---fa-	
2747	ὅλος	a-s---fa-	ὅλος	ὅλος	a-s---fa-	a-s---fa-	
2748	καί	b--------	καί	καί	c--------	b--------	
2749	Ὀδύσσεια	n-s---fa-	ὀδύσσεια	Ὀδύσσεια	n-s---fa-	n-s---fa-	
2750	ἀπό	r--------	ἀπό	ἀπό	r--------	r--------	
2751	στόμα	n-s---ng-	στόμα	στόμα	n-s---ng-	n-s---ng-	
2752	λέγω	v--ana---	εἶπον	λέγω	v--ana---	v--ana---	DISAGREE
2753	.	u--------	.	.	u--------	u--------	
2754	ἐκεῖνος	p-s---nn-	ἐκεῖνος	ἐκεῖνος	p-s---nn-	p-s---nn-	
2755	δέ	b--------	δέ	δέ	d--------	b--------	
2756	,	u--------	,	,	u--------	u--------	
2757	φημί	v3siia---	φημί	φημί	v3siia---	v3siia---	
2758	ὁ	l-s---mn-	ὁ	ὁ	l-s---mn-	l-s---mn-	
2759	Ἀντισθένης	n-s---mn-	ἀντισθένης	Ἀντισθένης	n-s---mn-	n-s---mn-	
2760	,	u--------	,	,	u--------	u--------	
2761	λανθάνω	v3sria---	λανθάνω	λανθάνω	v3sria---	v3sria---	
2762	σύ	p2s---ca-	σύ	σύ	p-s---ma-	p2s---ca-	
2763	,	u--------	,	,	u--------	u--------	
2764	ὅτι	c--------	ὅτι	ὅτι	c--------	c--------	
2765	καί	d--------	καί	καί	d--------	d--------	
2766	ὁ	l-p---mn-	ὁ	ὁ	l-p---mn-	l-p---mn-	
2767	ῥαψῳδός	n-p---mn-	ῥαψῳδός	ῥαψῳδός	n-p---mn-	n-p---mn-	
2768	πᾶς	a-p---mn-	πᾶς	πᾶς	a-p---mn-	a-p---mn-	
2769	ἐπίσταμαι	v3ppim---	ἐπίσταμαι	ἐπίσταμαι	v3ppie---	v3ppim---	
2770	οὗτος	p-p---na-	οὗτος	οὗτος	a-p---na-	p-p---na-	
2771	ὁ	l-p---na-	ὁ	ὁ	l-p---na-	l-p---na-	
2772	ἔπος	n-p---na-	ἔπος	ἔπος	n-p---na-	n-p---na-	
2773	;	u--------	;	;	u--------	u--------	
2774	καί	b--------	καί	καί	d--------	b--------	
2775	πῶς	d--------	πῶς	πῶς	d--------	d--------	
2776	ἄν	g--------	ἄν	ἄν	d--------	g--------	
2777	,	u--------	,	,	u--------	u--------	
2778	φημί	v3siia---	φημί	φημί	v3siia---	v3siia---	
2779	,	u--------	,	,	u--------	u--------	
2780	λανθάνω	v3sroa---	λανθάνω	λανθάνω	v3sroa---	v3sroa---	
2781	ἀκροάομαι	v-sppmma-	ἀκροάομαι	ἀκροάομαι	v-sppema-	v-sppmma-	
2782	γε	d--------	γε	γε	d--------	d--------	
2783	αὐτός	p-p---mg-	αὐτός	αὐτός	p-p---mg-	p-p---mg-	
2784	ὀλίγος	a-s---ng-	ὀλίγος	ὀλίγος	a-s---ng-	a-s---ng-	
2785	ἀνά	r--------	ἀνά	ἀνά	r--------	r--------	
2786	ἕκαστος	a-s---fa-	ἕκαστος	ἕκαστος	a-s---fa-	a-s---fa-	
2787	ἡμέρα	n-s---fa-	ἡμέρα	ἡμέρα	n-s---fa-	n-s---fa-	
2788	;	u--------	;	;	u--------	u--------	
2789	οἶδα	v2sria---	οἶδα	οἶδα	v2sria---	v2sria---	
2790	τις	p-s---na-	τις	τις	a-s---na-	p-s---na-	
2791	οὖν	g--------	οὖν	οὖν	d--------	g--------	
2792	ἔθνος	n-s---na-	ἔθνος	ἔθνος	n-s---na-	n-s---na-	
2793	,	u--------	,	,	u--------	u--------	
2794	φημί	v3siia---	φημί	φημί	v3siia---	v3siia---	
2795	,	u--------	,	,	u--------	u--------	
2796	ἠλίθιος	a-s---nac	ἠλίθιος	ἠλίθιος	a-s---nac	a-s---nac	
2797	ῥαψῳδός	n-p---mg-	ῥαψῳδός	ῥαψῳδός	n-p---mg-	n-p---mg-	
2798	;	u--------		;		u--------	glaux_only
2799	οὐ	d--------		οὐ		d--------	glaux_only
2800	μά	r--------	μά	μά	r--------	r--------	
2801	ὁ	l-s---ma-	ὁ	ὁ	l-s---ma-	l-s---ma-	
2802	Ζεύς	n-s---ma-	ζεύς	Ζεύς	n-s---ma-	n-s---ma-	
2803	,	u--------	,	,	u--------	u--------	
2804	φημί	v3siia---	φημί	φημί	v3siia---	v3siia---	
2805	ὁ	l-s---mn-	ὁ	ὁ	l-s---mn-	l-s---mn-	
2806	Νικήρατος	n-s---mn-	νικήρατος	Νικήρατος	n-s---mn-	n-s---mn-	
2807	,	u--------	,	,	u--------	u--------	
2808	οὔκουν	g--------	οὔκουν	οὔκουν	d--------	g--------	
2809	ἐγώ	p1s---cd-	ἐγώ	ἐγώ	p1s---md-	p1s---cd-	
2810	δοκέω	v1spia---	δοκέω	δοκέω	v1spia---	v1spia---	
2811	.	u--------	.	.	u--------	u--------	
2812	δῆλος	a-s---nn-	δῆλος	δῆλος	a-s---nn-	a-s---nn-	
2813	γάρ	g--------	γάρ	γάρ	d--------	g--------	
2814	,	u--------	,	,	u--------	u--------	
2815	φημί	v3siia---	φημί	φημί	v3siia---	v3siia---	
2816	ὁ	l-s---mn-	ὁ	ὁ	l-s---mn-	l-s---mn-	
2817	Σωκράτης	n-s---mn-	σωκράτης	Σωκράτης	n-s---mn-	n-s---mn-	
2818	,	u--------	,	,	u--------	u--------	
2819	ὅτι	c--------	ὅτι	ὅτι	c--------	c--------	
2820	ὁ	l-p---fa-	ὁ	ὁ	l-p---fa-	l-p---fa-	
2821	ὑπόνοια	n-p---fa-	ὑπόνοια	ὑπόνοια	n-p---fa-	n-p---fa-	
2822	οὐ	d--------	οὐ	οὐ	d--------	d--------	
2823	ἐπίσταμαι	v3ppim---	ἐπίσταμαι	ἐπίσταμαι	v3ppie---	v3ppim---	
2824	.	u--------	.	.	u--------	u--------	
2825	σύ	p2s---cn-	σύ	σύ	p-s---mn-	p2s---cn-	
2826	δέ	b--------	δέ	δέ	d--------	b--------	
2827	Στησίμβροτος	n-s---md-	στησίμβροτος	Στησίμβροτος	n-s---md-	n-s---md-	
2828	τε	b--------	τε	τε	d--------	b--------	
2829	καί	b--------	καί	καί	d--------	b--------	
2830	Ἀναξίμανδρος	n-s---md-	ἀναξίμανδρος	Ἀναξίμανδρος	n-s---md-	n-s---md-	
2831	καί	b--------	καί	καί	c--------	b--------	
2832	ἄλλος	p-p---md-	ἄλλος	ἄλλος	p-p---md-	p-p---md-	
2833	πολύς	a-p---md-	πολύς	πολύς	a-p---md-	a-p---md-	
2834	πολύς	a-s---na-	πολύς	πολύς	a-s---na-	a-s---na-	
2835	δίδωμι	v2sria---	δίδωμι	δίδωμι	v2sria---	v2sria---	
2836	ἀργύριον	n-s---na-	ἀργύριον	ἀργύριον	n-s---na-	n-s---na-	
2837	,	u--------	,	,	u--------	u--------	
2838	ὥστε	c--------	ὥστε	ὥστε	c--------	c--------	
2839	οὐδείς	p-s---nn-	οὐδείς	οὐδείς	p-s---nn-	p-s---nn-	
2840	σύ	p2s---ca-	σύ	σύ	p-s---ma-	p2s---ca-	
2841	ὁ	l-p---ng-	ὁ	ὁ	l-p---ng-	l-p---ng-	
2842	πολύς	a-s---ng-	πολύς	πολύς	a-s---ng-	a-s---ng-	
2843	ἄξιος	a-p---ng-	ἄξιος	ἄξιος	a-p---ng-	a-p---ng-	
2844	λανθάνω	v3sria---	λανθάνω	λανθάνω	v3sria---	v3sria---	
2845	.	u--------	.	.	u--------	u--------	
2846	τις	p-s---na-	τίς	τις	a-s---na-	p-s---na-	
2847	γάρ	g--------	γάρ	γάρ	d--------	g--------	
2848	σύ	p2s---cn-	σύ	σύ	p-s---mn-	p2s---cn-	
2849	,	u--------	,	,	u--------	u--------	
2850	φημί	v3siia---	φημί	φημί	v3siia---	v3siia---	
2851	,	u--------	,	,	u--------	u--------	
2852	ὦ	i--------	ὦ	ὦ	i--------	i--------	
2853	Κριτόβουλος	n-s---mv-	κριτόβουλος	Κριτόβουλος	n-s---mv-	n-s---mv-	
2854	,	u--------	,	,	u--------	u--------	
2855	ἐπί	r--------	ἐπί	ἐπί	r--------	r--------	
2856	τις	p-s---nd-	τις	τις	p-s---nd-	p-s---nd-	
2857	μέγας	a-s---nas	μέγας	μέγας	a-s---nas	a-s---nas	
2858	φρονέω	v2spia---	φρονέω	φρονέω	v2spia---	v2spia---	
2859	;	u--------	;	;	u--------	u--------	
2860	ἐπί	r--------	ἐπί	ἐπί	r--------	r--------	
2861	κάλλος	n-s---nd-	κάλλος	κάλλος	n-s---nd-	n-s---nd-	
2862	,	u--------	,	,	u--------	u--------	
2863	φημί	v3siia---	φημί	φημί	v3siia---	v3siia---	
2864	.	u--------	.	.	u--------	u--------	
2865	ἦ	g--------	ἦ	ἦ	d--------	g--------	
2866	οὖν	g--------	οὖν	οὖν	d--------	g--------	
2867	καί	d--------	καί	καί	d--------	d--------	
2868	σύ	p2s---cn-	σύ	σύ	p-s---mn-	p2s---cn-	
2869	,	u--------	,	,	u--------	u--------	
2870	φημί	v3siia---	φημί	φημί	v3siia---	v3siia---	
2871	ὁ	l-s---mn-	ὁ	ὁ	l-s---mn-	l-s---mn-	
2872	Σωκράτης	n-s---mn-	σωκράτης	Σωκράτης	n-s---mn-	n-s---mn-	
2873	,	u--------	,	,	u--------	u--------	
2874	ἔχω	v2sfia---	ἔχω	ἔχω	v2sfia---	v2sfia---	
2875	λέγω	v--pna---	λέγω3	λέγω	v--pna---	v--pna---	
2876	ὅτι	c--------	ὅτι	ὅτι	c--------	c--------	
2877	ὁ	l-s---nd-	ὁ	ὁ	l-s---nd-	l-s---nd-	
2878	σός	a-s---nd-	σός	σός	a-s---nd-	a-s---nd-	
2879	κάλλος	n-s---nd-	κάλλος	κάλλος	n-s---nd-	n-s---nd-	
2880	ἱκανός	a-s---mn-	ἱκανός	ἱκανός	a-s---mn-	a-s---mn-	
2881	εἰμί	v2spia---	εἰμί	εἰμί	v2spia---	v2spia---	
2882	ἀγαθός	a-p---mac	βελτίων	ἀγαθός	a-p---mac	a-p---mac	DISAGREE
2883	ἐγώ	p-p---ma-	ἐγώ	ἐγώ	p-p---ma-	p-p---ma-	
2884	ποιέω	v--pna---	ποιέω	ποιέω	v--pna---	v--pna---	
2885	;	u--------	;	;	u--------	u--------	
2886	εἰ	c--------	εἰ	εἰ	c--------	c--------	
2887	δέ	b--------	δέ	δέ	d--------	b--------	
2888	μή	d--------	μή	μή	d--------	d--------	
2889	,	u--------	,	,	u--------	u--------	
2890	δῆλος	a-s---nn-	δῆλος	δῆλος	a-s---nn-	a-s---nn-	
2891	γε	d--------	γε	γε	d--------	d--------	
2892	ὅτι	c--------	ὅτι	ὅτι	c--------	c--------	
2893	φαῦλος	a-s---mn-	φαῦλος	φαῦλος	a-s---mn-	a-s---mn-	
2894	φαίνω	v1sfim---	φαίνω	φαίνω	v1sfim---	v1sfim---	
2895	.	u--------	.	.	u--------	u--------	
2896	τις	p-s---na-	τίς	τις	a-s---na-	p-s---na-	
2897	γάρ	g--------	γάρ	γάρ	d--------	g--------	
2898	σύ	p2s---cn-	σύ	σύ	p-s---mn-	p2s---cn-	
2899	,	u--------	,	,	u--------	u--------	
2900	λέγω	v3saia---	λέγω	λέγω	v3saia---	v3saia---	
2901	,	u--------	,	,	u--------	u--------	
2902	ἐπί	r--------	ἐπί	ἐπί	r--------	r--------	
2903	τις	p-s---nd-	τις	τις	p-s---nd-	p-s---nd-	
2904	μέγας	a-s---na-	μέγας	μέγας	a-s---na-	a-s---na-	
2905	φρονέω	v2spia---	φρονέω	φρονέω	v2spia---	v2spia---	
2906	,	u--------	,	,	u--------	u--------	
2907	ὦ	i--------	ὦ	ὦ	i--------	i--------	
2908	Ἀντισθένης	n-s---mv-	ἀντισθένης	Ἀντισθένης	n-s---mv-	n-s---mv-	
2909	;	u--------	;	;	u--------	u--------	
2910	ἐπί	r--------	ἐπί	ἐπί	r--------	r--------	
2911	πλοῦτος	n-s---md-	πλοῦτος1	πλοῦτος	n-s---md-	n-s---md-	
2912	,	u--------	,	,	u--------	u--------	
2913	φημί	v3siia---	φημί	φημί	v3siia---	v3siia---	
2914	.	u--------	.	.	u--------	u--------	
2915	ὁ	l-s---mn-	ὁ	ὁ	l-s---mn-	l-s---mn-	
2916	μέν	g--------	μέν	μέν	d--------	g--------	
2917	δή	g--------	δή	δή	d--------	g--------	
2918	Ἑρμογένης	n-s---mn-	ἑρμογένης	Ἑρμογένης	n-s---mn-	n-s---mn-	
2919	ἀνέρομαι	v3saim---	ἀνέρομαι	ἀνέρομαι	v3saim---	v3saim---	
2920	εἰ	c--------	εἰ	εἰ	c--------	c--------	
2921	πολύς	a-s---nn-	πολύς	πολύς	a-s---nn-	a-s---nn-	
2922	εἰμί	v3spoa---	εἰμί	εἰμί	v3spoa---	v3spoa---	
2923	αὐτός	p-s---md-	αὐτός	αὐτός	p-s---md-	p-s---md-	
2924	ἀργύριον	n-s---nn-	ἀργύριον	ἀργύριον	n-s---nn-	n-s---nn-	
2925	.	u--------	.	.	u--------	u--------	
2926	ὁ	l-s---mn-	ὁ	ὁ	l-s---mn-	l-s---mn-	
2927	δέ	b--------	δέ	δέ	d--------	b--------	
2928	ἀπόμνυμι	v3saia---	ἀπόμνυμι	ἀπόμνυμι	v3saia---	v3saia---	
2929	μή	d--------	μη	μή	d--------	d--------	
2930	δέ	d--------	δέ		d--------		oga_only
2931	ὀβολός	n-s---ma-	ὀβολός		n-s---ma-		oga_only
2932	.	u--------	.		u--------		oga_only
2933	ἀλλά	d--------	ἀλλά		d--------		oga_only
2934	γῆ	n-s---fa-	γῆ		n-s---fa-		oga_only
2935	πολύς	a-s---fa-	πολύς		a-s---fa-		oga_only
2936	κτάομαι	v2srie---	κτάομαι		v2srie---		oga_only
2937	;	u--------	;		u--------		oga_only
2938	ἴσως	d--------	ἴσως		d--------		oga_only
2939	ἄν	d--------	ἄν		d--------		oga_only
2940	,	u--------	,	,	u--------	u--------	
2941	φημί	v3siia---	φημί		v3siia---		oga_only
2942	,	u--------	,		u--------		oga_only
2943	αὐτόλυκος	n-s---md-	αὐτόλυκος		n-s---md-		oga_only
2944	οὗτος	a-s---md-	οὗτος		a-s---md-		oga_only
2945	ἱκανός	a-s---fn-	ἱκανός		a-s---fn-		oga_only
2946	γίγνομαι	v3saom---	γίγνομαι		v3saom---		oga_only
2947	ἐγκονίζω	v--anm---	ἐγκονίζω		v--anm---		oga_only
2948	.	u--------	.		u--------		oga_only
2949	ἀκούω	a-s---nn-	ἀκούω	ἀκούω	a-s---nn-	a-s---nn-	
2950	ἄν	g--------	ἄν	ἄν	d--------	g--------	
2951	εἰμί	v3spoa---	εἰμί	εἰμί	v3spoa---	v3spoa---	
2952	καί	d--------	καί	καί	d--------	d--------	
2953	σύ	p2s---cg-	σύ	σύ	p-s---mg-	p2s---cg-	
2954	.	u--------	.	.	u--------	u--------	
2955	τίς	p-s---na-	τίς	τίς	a-s---na-	p-s---na-	
2956	γάρ	g--------	γάρ	γάρ	d--------	g--------	
2957	σύ	p2s---cn-	σύ	σύ	p-s---mn-	p2s---cn-	
2958	,	u--------	,	,	u--------	u--------	
2959	φημί	v3siia---	φημί	φημί	v3siia---	v3siia---	
2960	,	u--------	,	,	u--------	u--------	
2961	ὦ	i--------	ὦ	ὦ	i--------	i--------	
2962	Χαρμίδης	n-s---ma-	χαρμίδης	Χαρμίδης	n-s---ma-	n-s---ma-	
2963	,	u--------	,	,	u--------	u--------	
2964	ἐπί	r--------	ἐπί	ἐπί	r--------	r--------	
2965	τις	p-s---nd-	τις	τις	p-s---nd-	p-s---nd-	
2966	μέγας	a-s---na-	μέγας	μέγας	a-s---na-	a-s---na-	
2967	φρονέω	v2spia---	φρονέω	φρονέω	v2spia---	v2spia---	
2968	;	u--------	;	;	u--------	u--------	
2969	ἐγώ	p1s---cn-	ἐγώ	ἐγώ	p1s---cn-	p1s---cn-	
2970	αὖ	d--------	αὖ	αὖ	d--------	d--------	
2971	,	u--------	,	,	u--------	u--------	
2972	φημί	v3siia---	φημί	φημί	v3siia---	v3siia---	
2973	,	u--------	,	,	u--------	u--------	
2974	ἐπί	r--------	ἐπί	ἐπί	r--------	r--------	
2975	πενία	n-s---fd-	πενία	πενία	n-s---fd-	n-s---fd-	
2976	μέγας	a-s---na-	μέγας	μέγας	a-s---na-	a-s---na-	
2977	φρονέω	v1spia---	φρονέω	φρονέω	v1spia---	v1spia---	
2978	.	u--------	.	.	u--------	u--------	
2979	νή	r--------	νή	νή	r--------	r--------	
2980	Ζεύς	n-s---ma-	ζεύς	Ζεύς	n-s---ma-	n-s---ma-	
2981	,	u--------	,	,	u--------	u--------	
2982	φημί	v3siia---	φημί	φημί	v3siia---	v3siia---	
2983	ὁ	l-s---mn-	ὁ	ὁ	l-s---mn-	l-s---mn-	
2984	Σωκράτης	n-s---mn-	σωκράτης	Σωκράτης	n-s---mn-	n-s---mn-	
2985	,	u--------	,	,	u--------	u--------	
2986	ἐπί	r--------	ἐπί	ἐπί	r--------	r--------	
2987	εὐχάριτος	a-s---nd-	εὐχάριτος	εὐχάριτος	a-s---nd-	a-s---nd-	
2988	γε	d--------	γε	γε	d--------	d--------	
2989	πρᾶγμα	n-s---nd-	πρᾶγμα	πρᾶγμα	n-s---nd-	n-s---nd-	
2990	.	u--------	.	.	u--------	u--------	
2991	οὗτος	p-s---nn-	οὗτος	οὗτος	p-s---nn-	p-s---nn-	
2992	γάρ	g--------	γάρ	γάρ	d--------	g--------	
2993	δή	g--------	δή	δή	d--------	g--------	
2994	ἦκα	a-p---na-	ἥκιστος	ἦκα	a-p---na-	a-p---na-	DISAGREE
2995	μέν	g--------	μέν	μέν	d--------	g--------	
2996	ἐπίφθονος	a-s---nn-	ἐπίφθονος	ἐπίφθονος	a-s---nn-	a-s---nn-	
2997	,	u--------	,	,	u--------	u--------	
2998	ἦκα	a-p---na-	ἥκιστος	ἦκα	a-p---na-	a-p---na-	DISAGREE
2999	δέ	b--------	δέ	δέ	c--------	b--------	
3000	περιμάχητος	a-s---nn-	περιμάχητος	περιμάχητος	a-s---nn-	a-s---nn-	
3001	,	u--------	,	,	u--------	u--------	
3002	καί	b--------	καί	καί	c--------	b--------	
3003	ἀφύλακτος	a-s---nn-	ἀφύλακτος	ἀφύλακτος	a-s---nn-	a-s---nn-	
3004	εἰμί	v-sppann-	εἰμί	εἰμί	v-sppann-	v-sppann-	
3005	σῴζω	v3spim---	σώζω	σῴζω	v3spie---	v3spim---	
3006	καί	b--------	καί	καί	c--------	b--------	
3007	ἀμελέω	v-sppmnn-	ἀμελέω	ἀμελέω	v-sppenn-	v-sppmnn-	
3008	ἰσχυρός	a-s---nac	ἰσχυρός	ἰσχυρός	a-s---nac	a-s---nac	
3009	γίγνομαι	v3spim---	γίγνομαι	γίγνομαι	v3spie---	v3spim---	
3010	.	u--------	.	.	u--------	u--------	
3011	σύ	p2s---cn-	σύ	σύ	p-s---mn-	p2s---cn-	
3012	δέ	b--------	δέ	δέ	d--------	b--------	
3013	δή	g--------	δή	δή	d--------	g--------	
3014	,	u--------	,	,	u--------	u--------	
3015	φημί	v3siia---	φημί	φημί	v3siia---	v3siia---	
3016	ὁ	l-s---mn-	ὁ	ὁ	l-s---mn-	l-s---mn-	
3017	Καλλίας	n-s---mn-	καλλίας	Καλλίας	n-s---mn-	n-s---mn-	
3018	,	u--------	,	,	u--------	u--------	
3019	ἐπί	r--------	ἐπί	ἐπί	r--------	r--------	
3020	τις	p-s---nd-	τις	τις	p-s---nd-	p-s---nd-	
3021	μέγας	a-s---na-	μέγας	μέγας	a-s---na-	a-s---na-	
3022	φρονέω	v2spia---	φρονέω	φρονέω	v2spia---	v2spia---	
3023	,	u--------	,	,	u--------	u--------	
3024	ὦ	i--------	ὦ	ὦ	i--------	i--------	
3025	Σωκράτης	n-s---mv-	σωκράτης	Σωκράτης	n-s---mv-	n-s---mv-	
3026	;	u--------	;	;	u--------	u--------	
3027	καί	b--------	καί	καί	d--------	b--------	
3028	ὅς	p-s---mn-	ὅς	ὅς	p-s---mn-	p-s---mn-	
3029	μάλα	d--------	μάλα	μάλα	d--------	d--------	
3030	σεμνός	d--------	σεμνός	σεμνός	d--------	d--------	
3031	ἀνασπάω	v-sapamn-	ἀνασπάω	ἀνασπάω	v-sapamn-	v-sapamn-	
3032	ὁ	l-s---na-	ὁ	ὁ	l-s---na-	l-s---na-	
3033	πρόσωπον	n-s---na-	πρόσωπον	πρόσωπον	n-s---na-	n-s---na-	
3034	,	u--------	,	,	u--------	u--------	
3035	ἐπί	r--------	ἐπί	ἐπί	r--------	r--------	
3036	μαστροπεία	n-s---fd-	μαστροπεία	μαστροπεία	n-s---fd-	n-s---fd-	
3037	,	u--------	,	,	u--------	u--------	
3038	λέγω	v3saia---	λέγω	λέγω	v3saia---	v3saia---	
3039	.	u--------	.	.	u--------	u--------	
3040	ἐπεί	c--------	ἐπεί	ἐπεί	c--------	c--------	
3041	δέ	b--------	δέ	δέ	d--------	b--------	
3042	γελάω	v3paia---	γελάω	γελάω	v3paia---	v3paia---	
3043	ἐπί	r--------	ἐπί	ἐπί	r--------	r--------	
3044	αὐτός	p-s---md-	αὐτός	αὐτός	p-s---md-	p-s---md-	
3045	,	u--------	,	,	u--------	u--------	
3046	σύ	p-p---mn-	σύ	σύ	p-p---mn-	p-p---mn-	
3047	μέν	g--------	μέν	μέν	d--------	g--------	
3048	γελάω	v2ppia---	γελάω	γελάω	v2ppia---	v2ppia---	
3049	,	u--------	,	,	u--------	u--------	
3050	φημί	v3siia---	φημί	φημί	v3siia---	v3siia---	
3051	,	u--------	,	,	u--------	u--------	
3052	ἐγώ	p1s---cn-	ἐγώ	ἐγώ	p-s---mn-	p1s---cn-	
3053	δέ	b--------	δέ	δέ	c--------	b--------	
3054	οἶδα	v1sria---	οἶδα	οἶδα	v1sria---	v1sria---	
3055	ὅτι	c--------	ὅτι	ὅτι	c--------	c--------	
3056	καί	d--------	καί	καί	d--------	d--------	
3057	πάνυ	d--------	πάνυ	πάνυ	d--------	d--------	
3058	ἄν	g--------	ἄν	ἄν	d--------	g--------	
3059	πολύς	a-p---na-	πολύς	πολύς	a-p---na-	a-p---na-	
3060	χρῆμα	n-p---na-	χρῆμα	χρῆμα	n-p---na-	n-p---na-	
3061	λαμβάνω	v1spoa---	λαμβάνω	λαμβάνω	v1spoa---	v1spoa---	
3062	,	u--------	,	,	u--------	u--------	
3063	εἰ	c--------	εἰ	εἰ	c--------	c--------	
3064	βούλομαι	v1spom---	βούλομαι	βούλομαι	v1spoe---	v1spom---	
3065	χράω	v--pnm---	χράω	χράω	v--pne---	v--pnm---	
3066	ὁ	l-s---fd-	ὁ	ὁ	l-s---fd-	l-s---fd-	
3067	τέχνη	n-s---fd-	τέχνη	τέχνη	n-s---fd-	n-s---fd-	
3068	.	u--------	.	.	u--------	u--------	
3069	σύ	p2s---cn-	σύ	σύ	p-s---mn-	p2s---cn-	
3070	γε	d--------	γε	γε	d--------	d--------	
3071	μήν	g--------	μήν	μήν	d--------	g--------	
3072	δῆλος	a-s---nn-	δῆλος	δῆλος	a-s---nn-	a-s---nn-	
3073	,	u--------	,	,	u--------	u--------	
3074	φημί	v3siia---	φημί	φημί	v3siia---	v3siia---	
3075	ὁ	l-s---mn-	ὁ	ὁ	l-s---mn-	l-s---mn-	
3076	Λύκων	n-s---mn-	λύκων	Λύκων	n-s---mn-	n-s---mn-	
3077	ὁ	l-s---ma-	ὁ	ὁ	l-s---ma-	l-s---ma-	
3078	Φίλιππος	n-s---ma-	φίλιππος	Φίλιππος	n-s---ma-	n-s---ma-	
3079	προσεἶπον	v-sapamn-	προσεῖπον	προσεἶπον	v-sapamn-	v-sapamn-	
3080	,	u--------	,	,	u--------	u--------	
3081	ὅτι	c--------	ὅτι	ὅτι	c--------	c--------	
3082	ἐπί	r--------	ἐπί	ἐπί	r--------	r--------	
3083	ὁ	l-s---nd-	ὁ	ὁ	l-s---nd-	l-s---nd-	
3084	γελωτοποιέω	v--pna---	γελωτοποιέω	γελωτοποιέω	v--pna---	v--pna---	
3085	μέγας	a-s---na-	μέγας	μέγας	a-s---na-	a-s---na-	
3086	φρονέω	v2spia---	φρονέω	φρονέω	v2spia---	v2spia---	
3087	.	u--------	.	.	u--------	u--------	
3088	δίκαιος	a-s---nnc	δίκαιος	δίκαιος	a-s---nnc	a-s---nnc	
3089	γε	d--------	γε	γε	d--------	d--------	
3090	,	u--------	,	,	u--------	u--------	
3091	φημί	v3siia---	φημί	φημί	v3siia---	v3siia---	
3092	,	u--------	,	,	u--------	u--------	
3093	οἴομαι	v1spim---	οἴομαι	οἴομαι	v1spie---	v1spim---	
3094	,	u--------	,	,	u--------	u--------	
3095	ἤ	c--------	ἤ1	ἤ	c--------	c--------	
3096	Καλλιππίδης	n-s---mn-	καλλιππίδης	Καλλιππίδης	n-s---mn-	n-s---mn-	
3097	ὁ	l-s---mn-	ὁ	ὁ	l-s---mn-	l-s---mn-	
3098	ὑποκριτής	n-s---mn-	ὑποκριτής	ὑποκριτής	n-s---mn-	n-s---mn-	
3099	,	u--------	,	,	u--------	u--------	
3100	ὅς	p-s---mn-	ὅς	ὅς	p-s---mn-	p-s---mn-	
3101	ὑπερσεμνύνω	v3spim---	ὑπερσεμνύνω	ὑπερσεμνύνω	v3spie---	v3spim---	
3102	ὅτι	c--------	ὅτι	ὅτι	c--------	c--------	
3103	δύναμαι	v3spim---	δύναμαι	δύναμαι	v3spie---	v3spim---	
3104	πολύς	a-p---ma-	πολύς	πολύς	a-p---ma-	a-p---ma-	
3105	κλαίω	v-pppama-	κλαίω	κλαίω	v-pppama-	v-pppama-	
3106	καθίζω	v--pna---	καθίζω	καθίζω	v--pna---	v--pna---	
3107	.	u--------	.	.	u--------	u--------	
3108	οὐκοῦν	g--------	οὐκοῦν	οὐκοῦν	d--------	g--------	
3109	καί	d--------	καί	καί	d--------	d--------	
3110	σύ	p2s---cn-	σύ	σύ	p-s---mn-	p2s---cn-	
3111	,	u--------	,	,	u--------	u--------	
3112	φημί	v3siia---	φημί	φημί	v3siia---	v3siia---	
3113	ὁ	l-s---mn-	ὁ	ὁ	l-s---mn-	l-s---mn-	
3114	Ἀντισθένης	n-s---mn-	ἀντισθένης	Ἀντισθένης	n-s---mn-	n-s---mn-	
3115	,	u--------	,	,	u--------	u--------	
3116	λέγω	v2sfia---	λέγω	λέγω	v2sfia---	v2sfia---	
3117	,	u--------	,	,	u--------	u--------	
3118	ὦ	i--------	ὦ	ὦ	i--------	i--------	
3119	Λύκων	n-s---mv-	λύκων	Λύκων	n-s---mv-	n-s---mv-	
3120	,	u--------	,	,	u--------	u--------	
3121	ἐπί	r--------	ἐπί	ἐπί	r--------	r--------	
3122	τις	p-s---nd-	τις	τις	p-s---nd-	p-s---nd-	
3123	μέγας	a-s---na-	μέγας	μέγας	a-s---na-	a-s---na-	
3124	φρονέω	v2spia---	φρονέω	φρονέω	v2spia---	v2spia---	
3125	;	u--------	;	;	u--------	u--------	
3126	καί	b--------	καί	καί	d--------	b--------	
3127	ὅς	p-s---mn-	ὅς	ὅς	p-s---mn-	p-s---mn-	
3128	φημί	v3siia---	φημί	φημί	v3siia---	v3siia---	
3129	·	u--------	·	·	u--------	u--------	
3130	οὐ	d--------	οὐ	οὐ	d--------	d--------	
3131	γάρ	g--------	γάρ	γάρ	d--------	g--------	
3132	ἅπας	a-p---mn-	ἅπας	ἅπας	a-p---mn-	a-p---mn-	
3133	οἶδα	v2prma---	οἶδα	οἶδα	v2prma---	v2prma---	
3134	,	u--------	,	,	u--------	u--------	
3135	φημί	v3siia---	φημί	φημί	v3siia---	v3siia---	
3136	,	u--------	,	,	u--------	u--------	
3137	ὅτι	c--------	ὅτι	ὅτι	c--------	c--------	
3138	ἐπί	r--------	ἐπί	ἐπί	r--------	r--------	
3139	οὗτος	p-s---md-	οὗτος	οὗτος	a-s---md-	p-s---md-	
3140	ὁ	l-s---md-	ὁ	ὁ	l-s---md-	l-s---md-	
3141	υἱός	n-s---md-	υἱός	υἱός	n-s---md-	n-s---md-	
3142	;	u--------		;		u--------	glaux_only
3143	οὗτος	p-s---mn-	οὗτος	οὗτος	p-s---mn-	p-s---mn-	
3144	γε	d--------	γε	γε	d--------	d--------	
3145	μήν	g--------	μήν	μήν	d--------	g--------	
3146	,	u--------	,	,	u--------	u--------	
3147	φημί	v3siia---	φημί	φημί	v3siia---	v3siia---	
3148	τις	p-s---cn-	τις	τις	p-s---mn-	p-s---cn-	
3149	,	u--------	,	,	u--------	u--------	
3150	δῆλος	a-s---nn-	δῆλος	δῆλος	a-s---nn-	a-s---nn-	
3151	ὅτι	c--------	ὅτι	ὅτι	c--------	c--------	
3152	ἐπί	r--------	ἐπί	ἐπί	r--------	r--------	
3153	ὁ	l-s---nd-	ὁ	ὁ	l-s---nd-	l-s---nd-	
3154	νικηφόρος	a-s---mn-	νικηφόρος	νικηφόρος	a-s---mn-	a-s---mn-	
3155	εἰμί	v--pna---	εἰμί	εἰμί	v--pna---	v--pna---	
3156	.	u--------	.	.	u--------	u--------	
3157	καί	b--------	καί	καί	d--------	b--------	
3158	ὁ	l-s---mn-	ὁ	ὁ	l-s---mn-	l-s---mn-	
3159	Αὐτόλυκος	n-s---mn-	αὐτόλυκος	Αὐτόλυκος	n-s---mn-	n-s---mn-	
3160	ἀνερυθριάω	v-sapamn-	ἀνερυθριάω	ἀνερυθριάω	v-sapamn-	v-sapamn-	
3161	λέγω	v3saia---	εἶπον	λέγω	v3saia---	v3saia---	DISAGREE
3162	·	u--------	·	·	u--------	u--------	
3163	μά	r--------	μά	μά	r--------	r--------	
3164	Ζεύς	n-s---ma-	ζεύς	Ζεύς	n-s---ma-	n-s---ma-	
3165	οὐ	d--------	οὐ	οὐ	d--------	d--------	
3166	ἐγώ	p1s---cn-	ἐγώ	ἐγώ	p1s---mn-	p1s---cn-	
3167	.	u--------	.	.	u--------	u--------	
3168	ἐπεί	c--------	ἐπεί	ἐπεί	c--------	c--------	
3169	δέ	b--------	δέ	δέ	d--------	b--------	
3170	ἅπας	a-p---mn-	ἅπας	ἅπας	a-p---mn-	a-p---mn-	
3171	ἥδομαι	v-pappmn-	ἥδομαι	ἥδομαι	v-pappmn-	v-pappmn-	
3172	ὅτι	c--------	ὅτι	ὅτι	c--------	c--------	
3173	ἀκούω	v3paia---	ἀκούω	ἀκούω	v3paia---	v3paia---	
3174	αὐτός	p-s---mg-	αὐτός	αὐτός	p-s---mg-	p-s---mg-	
3175	φωνέω	v-sapamg-	φωνέω	φωνέω	v-sapamg-	v-sapamg-	
3176	προσβλέπω	v3paia---	προσβλέπω	προσβλέπω	v3paia---	v3paia---	
3177	,	u--------	,	,	u--------	u--------	
3178	ἔρομαι	v3saim---	ἔρομαι	ἔρομαι	v3saim---	v3saim---	
3179	τις	p-s---cn-	τις	τις	p-s---mn-	p-s---cn-	
3180	αὐτός	p-s---ma-	αὐτός	αὐτός	p-s---ma-	p-s---ma-	
3181	·	u--------	·	·	u--------	u--------	
3182	ἀλλά	b--------	ἀλλά	ἀλλά	d--------	b--------	
3183	ἐπί	r--------	ἐπί	ἐπί	r--------	r--------	
3184	ὁ	p-s---nd-	ὁ	ὁ	p-s---nd-	p-s---nd-	
3185	μήν	d--------	μήν	μήν	d--------	d--------	
3186	,	u--------	,	,	u--------	u--------	
3187	ὦ	i--------	ὦ	ὦ	i--------	i--------	
3188	Αὐτόλυκος	n-s---mv-	αὐτόλυκος	Αὐτόλυκος	n-s---mv-	n-s---mv-	
3189	;	u--------		;		u--------	glaux_only
3190	ὁ	l-s---mn-	ὁ	ὁ	l-s---mn-	l-s---mn-	
3191	δέ	b--------	δέ	δέ	d--------	b--------	
3192	λέγω	v3saia---	λέγω	λέγω	v3saia---	v3saia---	
3193	·	u--------	·	·	u--------	u--------	
3194	ἐπί	r--------	ἐπί	ἐπί	r--------	r--------	
3195	ὁ	l-s---md-	ὁ	ὁ	l-s---md-	l-s---md-	
3196	πατήρ	n-s---md-	πατήρ	πατήρ	n-s---md-	n-s---md-	
3197	,	u--------	,	,	u--------	u--------	
3198	καί	b--------	καί	καί	c--------	b--------	
3199	ἅμα	d--------	ἅμα	ἅμα	d--------	d--------	
3200	ἐνεκλιθάω	v3siia---	ἐνεκλιθάω	ἐνεκλιθάω	v3siia---	v3siia---	
3201	αὐτός	p-s---md-	αὐτός	αὐτός	p-s---md-	p-s---md-	
3202	.	u--------	.	.	u--------	u--------	
3203	καί	b--------	καί	καί	d--------	b--------	
3204	ὁ	l-s---mn-	ὁ	ὁ	l-s---mn-	l-s---mn-	
3205	Καλλίας	n-s---mn-	καλλίας	Καλλίας	n-s---mn-	n-s---mn-	
3206	ὁράω	v-sapamn-	εἶδον	ὁράω	v-sapamn-	v-sapamn-	DISAGREE
3207	,	u--------	,	,	u--------	u--------	
3208	ἆρα	g--------	ἆρα	ἆρα	d--------	g--------	
3209	οἶδα	v2sria---	οἶδα	οἶδα	v2sria---	v2sria---	
3210	,	u--------	,	,	u--------	u--------	
3211	φημί	v3siia---	φημί	φημί	v3siia---	v3siia---	
3212	,	u--------	,	,	u--------	u--------	
3213	ὦ	i--------	ὦ	ὦ	i--------	i--------	
3214	Λύκων	n-s---mv-	λύκων	Λύκων	n-s---mv-	n-s---mv-	
3215	,	u--------	,	,	u--------	u--------	
3216	ὅτι	c--------	ὅτι	ὅτι	c--------	c--------	
3217	πλούσιος	a-s---mns	πλούσιος	πλούσιος	a-s---mns	a-s---mns	
3218	εἰμί	v2spia---	εἰμί	εἰμί	v2spia---	v2spia---	
3219	ἄνθρωπος	n-p---mg-	ἄνθρωπος	ἄνθρωπος	n-p---mg-	n-p---mg-	
3220	;	u--------	;	;	u--------	u--------	
3221	μά	r--------	μά	μά	r--------	r--------	
3222	Ζεύς	n-s---ma-	ζεύς	Ζεύς	n-s---ma-	n-s---ma-	
3223	,	u--------	,	,	u--------	u--------	
3224	φημί	v3siia---	φημί	φημί	v3siia---	v3siia---	
3225	,	u--------	,	,	u--------	u--------	
3226	οὗτος	p-s---na-	οὗτος	οὗτος	p-s---na-	p-s---na-	
3227	μέντοι	g--------	μέντοι	μέντοι	d--------	g--------	
3228	ἐγώ	p1s---cn-	ἐγώ	ἐγώ	p-s---mn-	p1s---cn-	
3229	οὐ	d--------	οὐ	οὐ	d--------	d--------	
3230	οἶδα	v1sria---	οἶδα	οἶδα	v1sria---	v1sria---	
3231	.	u--------	.	.	u--------	u--------	
3232	ἀλλά	b--------	ἀλλά	ἀλλά	d--------	b--------	
3233	λανθάνω	v3spia---	λανθάνω	λανθάνω	v3spia---	v3spia---	
3234	σύ	p2s---ca-	σύ	σύ	p-s---ma-	p2s---ca-	
3235	ὅτι	c--------	ὅτι	ὅτι	c--------	c--------	
3236	οὐ	d--------	οὐ	οὐ	d--------	d--------	
3237	ἄν	g--------	ἄν	ἄν	d--------	g--------	
3238	δέχομαι	v2saom---	δέχομαι	δέχομαι	v2saom---	v2saom---	
3239	ὁ	l-p---na-	ὁ	ὁ	l-p---na-	l-p---na-	
3240	βασιλεύς	n-s---mg-	βασιλεύς	βασιλεύς	n-s---mg-	n-s---mg-	
3241	χρῆμα	n-p---na-	χρῆμα	χρῆμα	n-p---na-	n-p---na-	
3242	ἀντί	r--------	ἀντί	ἀντί	r--------	r--------	
3243	ὁ	l-s---mg-	ὁ	ὁ	l-s---mg-	l-s---mg-	
3244	υἱός	n-s---mg-	υἱός	υἱός	n-s---mg-	n-s---mg-	
3245	;	u--------	;	;	u--------	u--------	
3246	ἐπί	r--------	ἐπί	ἐπί	r--------	r--------	
3247	αὐτόφωρος	a-s---nd-	αὐτόφωρος	αὐτόφωρος	a-s---nd-	a-s---nd-	
3248	λαμβάνω	v1srim---	λαμβάνω	λαμβάνω	v1srie---	v1srim---	
3249	,	u--------	,	,	u--------	u--------	
3250	φημί	v3siia---	φημί	φημί	v3siia---	v3siia---	
3251	,	u--------	,	,	u--------	u--------	
3252	πλούσιος	a-s---mns	πλούσιος	πλούσιος	a-s---mns	a-s---mns	
3253	,	u--------	,	,	u--------	u--------	
3254	ὡς	c--------	ὡς	ὡς	c--------	c--------	
3255	ἔοικα	v3sria---	ἔοικα	ἔοικα	v3sria---	v3sria---	
3256	,	u--------	,	,	u--------	u--------	
3257	ἄνθρωπος	n-p---mg-	ἄνθρωπος	ἄνθρωπος	n-p---mg-	n-p---mg-	
3258	εἰμί	v-sppamn-	εἰμί	εἰμί	v-sppamn-	v-sppamn-	
3259	.	u--------	.	.	u--------	u--------	
3260	σύ	p2s---cn-	σύ	σύ	p-s---mn-	p2s---cn-	
3261	δέ	b--------	δέ	δέ	d--------	b--------	
3262	,	u--------	,	,	u--------	u--------	
3263	φημί	v3siia---	φημί	φημί	v3siia---	v3siia---	
3264	ὁ	l-s---mn-	ὁ	ὁ	l-s---mn-	l-s---mn-	
3265	Νικήρατος	n-s---mn-	νικήρατος	Νικήρατος	n-s---mn-	n-s---mn-	
3266	,	u--------	,	,	u--------	u--------	
3267	ὦ	i--------	ὦ	ὦ	i--------	i--------	
3268	Ἑρμογένης	n-s---mv-	ἑρμογένης	Ἑρμογένης	n-s---mv-	n-s---mv-	
3269	,	u--------	,	,	u--------	u--------	
3270	ἐπί	r--------	ἐπί	ἐπί	r--------	r--------	
3271	τις	p-s---nd-	τις	τις	p-s---nd-	p-s---nd-	
3272	μάλα	d-------s	μάλιστα	μάλα	d-------s	d-------s	DISAGREE
3273	ἀγάλλω	v2spim---	ἀγάλλω	ἀγάλλω	v2spie---	v2spim---	
3274	;	u--------	;	;	u--------	u--------	
3275	καί	b--------	καί	καί	d--------	b--------	
3276	ὅς	p-s---mn-	ὅς	ὅς	p-s---mn-	p-s---mn-	
3277	,	u--------	,	,	u--------	u--------	
3278	ἐπί	r--------	ἐπί	ἐπί	r--------	r--------	
3279	φίλος	a-p---mg-	φίλος	φίλος	n-p---mg-	a-p---mg-	
3280	,	u--------	,	,	u--------	u--------	
3281	φημί	v3siia---	φημί	φημί	v3siia---	v3siia---	
3282	,	u--------	,	,	u--------	u--------	
3283	ἀρετή	n-s---fd-	ἀρετή	ἀρετή	n-s---fd-	n-s---fd-	
3284	καί	b--------	καί	καί	c--------	b--------	
3285	δύναμις	n-s---fd-	δύναμις	δύναμις	n-s---fd-	n-s---fd-	
3286	,	u--------	,	,	u--------	u--------	
3287	καί	b--------	καί	καί	c--------	b--------	
3288	ὅτι	c--------	ὅτι	ὅτι	c--------	c--------	
3289	τοιοῦτος	p-p---mn-	τοιοῦτος	τοιοῦτος	a-p---mn-	p-p---mn-	
3290	εἰμί	v-pppamn-	εἰμί	εἰμί	v-pppamn-	v-pppamn-	
3291	ἐγώ	p1s---cg-	ἐγώ	ἐγώ	p-s---mg-	p1s---cg-	
3292	ἐπιμελέομαι	v3ppim---	ἐπιμελέομαι	ἐπιμελέομαι	v3ppie---	v3ppim---	
3293	.	u--------	.	.	u--------	u--------	
3294	ἐνταῦθα	d--------	ἐνταῦθα	ἐνταῦθα	d--------	d--------	
3295	τοίνυν	g--------	τοίνυν	τοίνυν	d--------	g--------	
3296	πᾶς	a-p---mn-	πᾶς	πᾶς	a-p---mn-	a-p---mn-	
3297	προσβλέπω	v3paia---	προσβλέπω	προσβλέπω	v3paia---	v3paia---	
3298	αὐτός	p-s---md-	αὐτός	αὐτός	p-s---md-	p-s---md-	
3299	,	u--------	,	,	u--------	u--------	
3300	καί	b--------	καί	καί	c--------	b--------	
3301	πολύς	a-p---mn-	πολύς	πολύς	a-p---mn-	a-p---mn-	
3302	ἅμα	d--------	ἅμα	ἅμα	d--------	d--------	
3303	ἔρομαι	v3paim---	ἔρομαι	ἔρομαι	v3paim---	v3paim---	
3304	εἰ	c--------	εἰ	εἰ	c--------	c--------	
3305	καί	d--------	καί	καί	d--------	d--------	
3306	σφεῖς	p3p---cd-	σφεῖς	σφεῖς	p-p---md-	p3p---cd-	
3307	δηλόω	v3sfoa---	δηλόω	δηλόω	v3sfoa---	v3sfoa---	
3308	αὐτός	p-p---ma-	αὐτός	αὐτός	p-p---ma-	p-p---ma-	
3309	.	u--------	.	.	u--------	u--------	
3310	ὁ	l-s---mn-	ὁ	ὁ	l-s---mn-	l-s---mn-	
3311	δέ	b--------	δέ	δέ	d--------	b--------	
3312	λέγω	v3saia---	λέγω	λέγω	v3saia---	v3saia---	
3313	ὅτι	c--------	ὅτι	ὅτι	c--------	c--------	
3314	οὐ	d--------	οὐ	οὐ	d--------	d--------	
3315	φθονέω	v3sasa---	φθονέω	φθονέω	v3sasa---	v3sasa---	
3316	.	u--------	.	.	u--------	u--------	
3317	ἐκ	r--------	ἐκ	ἐκ	r--------	r--------	
3318	οὗτος	p-s---ng-	οὗτος	οὗτος	p-s---ng-	p-s---ng-	
3319	λέγω	v3saia---	λέγω3	λέγω	v3saia---	v3saia---	
3320	ὁ	l-s---mn-	ὁ	ὁ	l-s---mn-	l-s---mn-	
3321	Σωκράτης	n-s---mn-	σωκράτης	Σωκράτης	n-s---mn-	n-s---mn-	
3322	·	u--------	·	·	u--------	u--------	
3323	οὐκοῦν	g--------	οὐκοῦν	οὐκοῦν	d--------	g--------	
3324	λοιπός	a-s---nn-	λοιπός	λοιπός	a-s---nn-	a-s---nn-	
3325	ἄν	g--------	ἄν	ἄν	d--------	g--------	
3326	εἰμί	v3spoa---	εἰμί	εἰμί	v3spoa---	v3spoa---	
3327	ἐγώ	p-p---md-	ἐγώ	ἐγώ	p1p---md-	p-p---md-	
3328	ὅς	p-p---na-	ὅς	ὅς	p-p---na-	p-p---na-	
3329	ἕκαστος	a-s---mn-	ἕκαστος	ἕκαστος	a-s---mn-	a-s---mn-	
3330	ὑπισχνέομαι	v3saim---	ὑπισχνέομαι	ὑπισχνέομαι	v3saim---	v3saim---	
3331	ἀποδείκνυμι	v--pna---	ἀποδείκνυμι	ἀποδείκνυμι	v--pna---	v--pna---	
3332	ὡς	c--------	ὡς	ὡς	c--------	c--------	
3333	πολύς	a-s---ng-	πολύς	πολύς	a-s---ng-	a-s---ng-	
3334	ἄξιος	a-p---nn-	ἄξιος	ἄξιος	a-p---nn-	a-p---nn-	
3335	εἰμί	v3spia---	εἰμί	εἰμί	v3spia---	v3spia---	
3336	.	u--------	.	.	u--------	u--------	
3337	ἀκούω	v2ppoa---	ἀκούω	ἀκούω	v2ppoa---	v2ppoa---	
3338	ἄν	g--------	ἄν	ἄν	d--------	g--------	
3339	,	u--------	,	,	u--------	u--------	
3340	φημί	v3siia---	φημί	φημί	v3siia---	v3siia---	
3341	ὁ	l-s---mn-	ὁ	ὁ	l-s---mn-	l-s---mn-	
3342	Καλλίας	n-s---mn-	καλλίας	Καλλίας	n-s---mn-	n-s---mn-	
3343	,	u--------	,	,	u--------	u--------	
3344	ἐγώ	p1s---cg-	ἐγώ	ἐγώ	p-s---mg-	p1s---cg-	
3345	πρότερος	a-s---nac	πρῶτος	πρότερος	a-s---na-	a-s---nac	DISAGREE
3346	.	u--------	.	.	u--------	u--------	
3347	ἐγώ	p1s---cn-	ἐγώ	ἐγώ	p-s---mn-	p1s---cn-	
3348	γάρ	g--------	γάρ	γάρ	d--------	g--------	
3349	ἐν	r--------	ἐν	ἐν	r--------	r--------	
3350	ὁ	l-s---md-	ὁ	ὁ	l-s---md-	l-s---md-	
3351	χρόνος	n-s---md-	χρόνος	χρόνος	n-s---md-	n-s---md-	
3352	ὅς	p-s---md-	ὅς	ὅς	p-s---md-	p-s---md-	
3353	σύ	p-p---mg-	σύ	σύ	p-p---mg-	p-p---mg-	
3354	ἀκούω	v1spia---	ἀκούω	ἀκούω	v1spia---	v1spia---	
3355	ἀπορέω	v-pppamg-	ἀπορέω	ἀπορέω	v-pppamg-	v-pppamg-	
3356	τις	p-s---na-	τίς	τις	p-s---na-	p-s---na-	
3357	ὁ	l-s---na-	ὁ	ὁ	l-s---na-	l-s---na-	
3358	δίκαιος	a-s---na-	δίκαιος	δίκαιος	a-s---na-	a-s---na-	
3359	,	u--------	,	,	u--------	u--------	
3360	ἐν	r--------	ἐν	ἐν	r--------	r--------	
3361	οὗτος	p-s---md-	οὗτος	οὗτος	p-s---md-	p-s---md-	
3362	δίκαιος	a-p---mac	δίκαιος	δίκαιος	a-p---mac	a-p---mac	
3363	ὁ	l-p---ma-	ὁ	ὁ	l-p---ma-	l-p---ma-	
3364	ἄνθρωπος	n-p---ma-	ἄνθρωπος	ἄνθρωπος	n-p---ma-	n-p---ma-	
3365	ποιέω	v1spia---	ποιέω	ποιέω	v1spia---	v1spia---	
3366	.	u--------	.	.	u--------	u--------	
3367	καί	b--------	καί	καί	d--------	b--------	
3368	ὁ	l-s---mn-	ὁ	ὁ	l-s---mn-	l-s---mn-	
3369	Σωκράτης	n-s---mn-	σωκράτης	Σωκράτης	n-s---mn-	n-s---mn-	
3370	,	u--------	,	,	u--------	u--------	
3371	πῶς	d--------	πῶς	πῶς	d--------	d--------	
3372	,	u--------	,	,	u--------	u--------	
3373	ὦ	i--------	ὦ	ὦ	i--------	i--------	
3374	λωΐων	a-s---mvs	λωίων	λωΐων	a-s---mvs	a-s---mvs	
3375	;	u--------		;		u--------	glaux_only
3376	φημί	v3siia---	φημί	φημί	v3siia---	v3siia---	
3377	.	u--------	.	.	u--------	u--------	
3378	δίδωμι	v-sppamn-	δίδωμι	δίδωμι	v-sppamn-	v-sppamn-	
3379	νή	r--------	νή	νή	r--------	r--------	
3380	Ζεύς	n-s---ma-	ζεύς	Ζεύς	n-s---ma-	n-s---ma-	
3381	ἀργύριον	n-s---na-	ἀργύριον	ἀργύριον	n-s---na-	n-s---na-	
3382	.	u--------	.	.	u--------	u--------	
3383	καί	b--------	καί	καί	d--------	b--------	
3384	ὁ	l-s---mn-	ὁ	ὁ	l-s---mn-	l-s---mn-	
3385	Ἀντισθένης	n-s---mn-	ἀντισθένης	Ἀντισθένης	n-s---mn-	n-s---mn-	
3386	ἐπανίστημι	v-sapamn-	ἐπανίστημι	ἐπανίστημι	v-sapamn-	v-sapamn-	
3387	μάλα	d--------	μάλα	μάλα	d--------	d--------	
3388	ἐλεγκτικός	d--------	ἐλεγκτικός	ἐλεγκτικός	d--------	d--------	
3389	αὐτός	p-s---ma-	αὐτός	αὐτός	p-s---ma-	p-s---ma-	
3390	ἐπέρομαι	v3saim---	ἐπέρομαι	ἐπέρομαι	v3saim---	v3saim---	
3391	·	u--------	·	·	u--------	u--------	
3392	ὁ	l-p---mn-	ὁ	ὁ	l-p---mn-	l-p---mn-	
3393	δέ	b--------	δέ	δέ	d--------	b--------	
3394	ἄνθρωπος	n-p---mn-	ἄνθρωπος	ἄνθρωπος	n-p---mn-	n-p---mn-	
3395	,	u--------	,	,	u--------	u--------	
3396	ὦ	i--------	ὦ	ὦ	i--------	i--------	
3397	Καλλίης	n-s---mv-	καλλίης	Καλλίης	n-s---mv-	n-s---mv-	
3398	,	u--------	,	,	u--------	u--------	
3399	πότερος	g--------	πότερον	πότερος	d--------	g--------	DISAGREE
3400	ἐν	r--------	ἐν	ἐν	r--------	r--------	
3401	ὁ	l-p---fd-	ὁ	ὁ	l-p---fd-	l-p---fd-	
3402	ψυχή	n-p---fd-	ψυχή	ψυχή	n-p---fd-	n-p---fd-	
3403	ἤ	b--------	ἤ1	ἤ	c--------	b--------	
3404	ἐν	r--------	ἐν	ἐν	r--------	r--------	
3405	ὁ	l-s---nd-	ὁ	ὁ	l-s---nd-	l-s---nd-	
3406	βαλλάντιον	n-s---nd-	βαλλάντιον	βαλλάντιον	n-s---nd-	n-s---nd-	
3407	ὁ	l-s---na-	ὁ	ὁ	l-s---na-	l-s---na-	
3408	δίκαιος	a-s---na-	δίκαιος	δίκαιος	a-s---na-	a-s---na-	
3409	σύ	p2s---cd-	σύ	σύ	p-s---md-	p2s---cd-	
3410	δοκέω	v3ppia---	δοκέω	δοκέω	v3ppia---	v3ppia---	
3411	ἔχω	v--pna---	ἔχω	ἔχω	v--pna---	v--pna---	
3412	;	u--------	;	;	u--------	u--------	
3413	ἐν	r--------	ἐν	ἐν	r--------	r--------	
3414	ὁ	l-p---fd-	ὁ	ὁ	l-p---fd-	l-p---fd-	
3415	ψυχή	n-p---fd-	ψυχή	ψυχή	n-p---fd-	n-p---fd-	
3416	,	u--------	,	,	u--------	u--------	
3417	φημί	v3siia---	φημί	φημί	v3siia---	v3siia---	
3418	.	u--------	.	.	u--------	u--------	
3419							unmatched
3420	ἔπειτα	d--------	ἔπειτα		d--------		oga_only
3421	σύ	p2s---cn-	σύ	σύ	p-s---mn-	p2s---cn-	
3422	εἰς	r--------	εἰς	εἰς	r--------	r--------	
3423	ὁ	l-s---na-	ὁ	ὁ	l-s---na-	l-s---na-	
3424	βαλλάντιον	n-s---na-	βαλλάντιον	βαλλάντιον	n-s---na-	n-s---na-	
3425	δίδωμι	v-sppamn-	δίδωμι	δίδωμι	v-sppamn-	v-sppamn-	
3426	ἀργύριον	n-s---na-	ἀργύριον	ἀργύριον	n-s---na-	n-s---na-	
3427	ὁ	l-p---fa-	ὁ	ὁ	l-p---fa-	l-p---fa-	
3428	ψυχή	n-p---fa-	ψυχή	ψυχή	n-p---fa-	n-p---fa-	
3429	δίκαιος	a-p---fac	δίκαιος	δίκαιος	a-p---fac	a-p---fac	
3430	ποιέω	v2spia---	ποιέω	ποιέω	v2spia---	v2spia---	
3431	;	u--------	;	;	u--------	u--------	
3432	μάλα	d-------s	μάλιστα	μάλα	d-------s	d-------s	DISAGREE
3433	.	u--------	.	.	u--------	u--------	
3434	πῶς	d--------	πῶς	πῶς	d--------	d--------	
3435	;	u--------		;		u--------	glaux_only
3436	ὅτι	g--------	ὅτι	ὅτι	c--------	g--------	
3437	διά	r--------	διά	διά	r--------	r--------	
3438	ὁ	l-s---na-	ὁ	ὁ	l-s---na-	l-s---na-	
3439	οἶδα	v--rna---	οἶδα	οἶδα	v--rna---	v--rna---	
3440	ὡς	c--------	ὡς	ὡς	c--------	c--------	
3441	εἰμί	v3spia---	εἰμί	εἰμί	v3spia---	v3spia---	
3442	ὅστις	p-s---ng-	ὅστις	ὅστις	p-s---ng-	p-s---ng-	
3443	πρίαμαι	v-pppmmn-	πρίαμαι	πρίαμαι	v-pppemn-	v-pppmmn-	
3444	ὁ	l-p---na-	ὁ	ὁ	l-p---na-	l-p---na-	
3445	ἐπιτήδειος	a-p---na-	ἐπιτήδειος	ἐπιτήδειος	a-p---na-	a-p---na-	
3446	ἔχω	v3pfia---	ἔχω	ἔχω	v3pfia---	v3pfia---	
3447	οὐ	d--------	οὐ	οὐ	d--------	d--------	
3448	ἐθέλω	v3ppia---	ἐθέλω	ἐθέλω	v3ppia---	v3ppia---	
3449	κακουργέω	v-pppamn-	κακουργέω	κακουργέω	v-pppamn-	v-pppamn-	
3450	κινδυνεύω	v--pna---	κινδυνεύω	κινδυνεύω	v--pna---	v--pna---	
3451	.	u--------	.	.	u--------	u--------	
3452	ἦ	g--------	ἦ	ἦ	d--------	g--------	
3453	καί	b--------	καί	καί	d--------	b--------	
3454	σύ	p2s---cd-	σύ	σύ	p-s---md-	p2s---cd-	
3455	,	u--------	,	,	u--------	u--------	
3456	φημί	v3siia---	φημί	φημί	v3siia---	v3siia---	
3457	,	u--------	,	,	u--------	u--------	
3458	ἀποδίδωμι	v3ppia---	ἀποδίδωμι	ἀποδίδωμι	v3ppia---	v3ppia---	
3459	ὅς	p-s---na-	ὅς	ὅς	p-s---na-	p-s---na-	
3460	τις	p-s---na-	τις	τις	a-s---na-	p-s---na-	
3461	ἄν	g--------	ἄν	ἄν	d--------	g--------	
3462	λαμβάνω	v3pasa---	λαμβάνω	λαμβάνω	v3pasa---	v3pasa---	
3463	;	u--------	;	;	u--------	u--------	
3464	μά	r--------	μά	μά	r--------	r--------	
3465	ὁ	l-s---ma-	ὁ	ὁ	l-s---ma-	l-s---ma-	
3466	Ζεύς	n-s---ma-	ζεύς	Ζεύς	n-s---ma-	n-s---ma-	
3467	,	u--------	,	,	u--------	u--------	
3468	φημί	v3siia---	φημί	φημί	v3siia---	v3siia---	
3469	,	u--------	,	,	u--------	u--------	
3470	οὐ	d--------	οὐ	οὐ	d--------	d--------	
3471	μέν	g--------	μέν	μέν	d--------	g--------	
3472	δή	g--------	δή	δή	d--------	g--------	
3473	.	u--------	.	.	u--------	u--------	
3474	τίς	p-s---na-	τίς	τίς	p-s---na-	p-s---na-	
3475	δέ	b--------	δέ	δέ	d--------	b--------	
3476	,	u--------	,	,	u--------	u--------	
3477	ἀντί	r--------	ἀντί	ἀντί	r--------	r--------	
3478	ὁ	l-s---ng-	ὁ	ὁ	l-s---ng-	l-s---ng-	
3479	ἀργύριον	n-s---ng-	ἀργύριον	ἀργύριον	n-s---ng-	n-s---ng-	
3480	χάρις	n-p---fa-	χάρις	χάρις	n-p---fa-	n-p---fa-	
3481	;	u--------		;		u--------	glaux_only
3482	οὐ	d--------		οὐ		d--------	glaux_only
3483	μά	r--------	μά	μά	r--------	r--------	
3484	ὁ	l-s---ma-	ὁ	ὁ	l-s---ma-	l-s---ma-	
3485	Ζεύς	n-s---ma-	ζεύς	Ζεύς	n-s---ma-	n-s---ma-	
3486	,	u--------	,	,	u--------	u--------	
3487	φημί	v3siia---	φημί	φημί	v3siia---	v3siia---	
3488	,	u--------	,	,	u--------	u--------	
3489	οὐ	d--------	οὐ	οὐ	d--------	d--------	
3490	δέ	d--------	δέ		d--------		oga_only
3491	οὗτος	p-s---na-	οὗτος		p-s---na-		oga_only
3492	,	u--------	,		u--------		oga_only
3493	ἀλλά	c--------	ἀλλά		c--------		oga_only
3494	ἔνιοι	a-p---mn-	ἔνιοι		a-p---mn-		oga_only
3495	καί	d--------	καί		d--------		oga_only
3496	ἐχθίων	d--------	ἐχθίων		d--------		oga_only
3497	ἔχω	v3ppia---	ἔχω		v3ppia---		oga_only
3498	ἤ1	c--------	ἤ1		c--------		oga_only
3499	πρίν	c--------	πρίν		c--------		oga_only
3500	λαμβάνω	v--ana---	λαμβάνω		v--ana---		oga_only
3501	.	u--------	.		u--------		oga_only
3502	θαυμαστός	a-p---nn-	θαυμαστός		a-p---nn-		oga_only
3503	γε	d--------	γε		d--------		oga_only
3504	,	u--------	,		u--------		oga_only
3505	φημί	v3siia---	φημί		v3siia---		oga_only
3506	ὁ	l-s---mn-	ὁ		l-s---mn-		oga_only
3507	ἀντισθένης	n-s---mn-	ἀντισθένης		n-s---mn-		oga_only
3508	ἅμα	d--------	ἅμα		d--------		oga_only
3509	εἰσβλέπω	v-sppamn-	εἰσβλέπω		v-sppamn-		oga_only
3510	ὡς	d--------	ὡς		d--------		oga_only
3511	ἔλεγχος	v-sppamn-	ἔλεγχος		v-sppamn-		oga_only
3512	αὐτός	p-s---ma-	αὐτός		p-s---ma-		oga_only
3513	,	u--------	,		u--------		oga_only
3514	εἰ	c--------	εἰ		c--------		oga_only
3515	πρός	r--------	πρός	πρός	r--------	r--------	
3516	μέν	d--------	μέν		d--------		oga_only
3517	ὁ	l-p---ma-	ὁ		l-p---ma-		oga_only
3518	ἄλλος	p-p---ma-	ἄλλος		p-p---ma-		oga_only
3519	δύναμαι	v2spie---	δύναμαι		v2spie---		oga_only
3520	δίκαιος	a-p---ma-	δίκαιος		a-p---ma-		oga_only
3521	ἄν	d--------	ἄν		d--------		oga_only
3522	ποιέω	v--pna---	ποιέω		v--pna---		oga_only
3523	αὐτός	p-p---ma-	αὐτός		p-p---ma-		oga_only
3524	,	u--------	,		u--------		oga_only
3525	πρός	r--------	πρός		r--------		oga_only
3526	δέ	c--------	δέ		c--------		oga_only
3527	σεαυτοῦ	p-s---ma-	σεαυτοῦ		p-s---ma-		oga_only
3528	οὐ	d--------	οὐ		d--------		oga_only
3529	.	u--------	.		u--------		oga_only
3530	καί	b--------	καί	καί	d--------	b--------	
3531	τίς	p-s---na-	τίς	τίς	a-s---na-	p-s---na-	
3532	οὗτος	p-s---nn-	οὗτος	οὗτος	p-s---nn-	p-s---nn-	
3533	,	u--------	,	,	u--------	u--------	
3534	φημί	v3siia---	φημί	φημί	v3siia---	v3siia---	
3535	ὁ	l-s---mn-	ὁ	ὁ	l-s---mn-	l-s---mn-	
3536	Καλλίας	n-s---mn-	καλλίας	Καλλίας	n-s---mn-	n-s---mn-	
3537	,	u--------	,	,	u--------	u--------	
3538	θαυμαστός	a-s---nn-	θαυμαστός	θαυμαστός	a-s---nn-	a-s---nn-	
3539	;	u--------		;		u--------	glaux_only
3540	οὐ	d--------		οὐ		d--------	glaux_only
3541	καί	b--------	καί	καί	d--------	b--------	
3542	τέκτων	n-p---ma-	τέκτων	τέκτων	n-p---ma-	n-p---ma-	
3543	τε	b--------	τε	τε	d--------	b--------	
3544	καί	b--------	καί	καί	c--------	b--------	
3545	οἰκοδόμος	n-p---ma-	οἰκοδόμος	οἰκοδόμος	n-p---ma-	n-p---ma-	
3546	πολύς	a-p---ma-	πολύς	πολύς	a-p---ma-	a-p---ma-	
3547	ὁράω	v2spia---	ὁράω	ὁράω	v2spia---	v2spia---	
3548	ὅς	p-p---mn-	ὅς	ὅς	p-p---mn-	p-p---mn-	
3549	ἄλλος	p-p---md-	ἄλλος	ἄλλος	p-p---md-	p-p---md-	
3550	μέν	g--------	μέν	μέν	d--------	g--------	
3551	πολύς	a-p---md-	πολύς	πολύς	a-p---md-	a-p---md-	
3552	ποιέω	v3ppia---	ποιέω	ποιέω	v3ppia---	v3ppia---	
3553	οἰκία	n-p---fa-	οἰκία	οἰκία	n-p---fa-	n-p---fa-	
3554	,	u--------	,	,	u--------	u--------	
3555	ἑαυτοῦ	p-p---md-	ἑαυτοῦ	ἑαυτοῦ	p-p---md-	p-p---md-	
3556	δέ	b--------	δέ	δέ	c--------	b--------	
3557	οὐ	d--------	οὐ	οὐ	d--------	d--------	
3558	δύναμαι	v3ppim---	δύναμαι	δύναμαι	v3ppie---	v3ppim---	
3559	ποιέω	v--ana---	ποιέω	ποιέω	v--ana---	v--ana---	
3560	,	u--------	,	,	u--------	u--------	
3561	ἀλλά	b--------	ἀλλά	ἀλλά	c--------	b--------	
3562	ἐν	r--------	ἐν	ἐν	r--------	r--------	
3563	μισθωτής	n-p---md-	μισθωτής	μισθωτής	n-p---md-	n-p---md-	
3564	οἰκέω	v-pppamd-	οἰκέω	οἰκέω	v-pppamd-	v-pppamd-	
3565	;	u--------	;	;	u--------	u--------	
3566	καί	b--------	καί	καί	d--------	b--------	
3567	ἀνέχω	v2saim---	ἀνέχω	ἀνέχω	v2saim---	v2saim---	
3568	μέντοι	g--------	μέντοι	μέντοι	d--------	g--------	
3569	,	u--------	,	,	u--------	u--------	
3570	ὦ	i--------	ὦ	ὦ	i--------	i--------	
3571	σοφιστής	n-s---mv-	σοφιστής	σοφιστής	n-s---mv-	n-s---mv-	
3572	,	u--------	,	,	u--------	u--------	
3573	ἐλέγχω	v-sppmmn-	ἐλέγχω	ἐλέγχω	v-sppemn-	v-sppmmn-	
3574	.	u--------	.	.	u--------	u--------	
3575	νή	r--------	νή	νή	r--------	r--------	
3576	Ζεύς	n-s---ma-	ζεύς	Ζεύς	n-s---ma-	n-s---ma-	
3577	,	u--------	,	,	u--------	u--------	
3578	φημί	v3siia---	φημί	φημί	v3siia---	v3siia---	
3579	ὁ	l-s---mn-	ὁ	ὁ	l-s---mn-	l-s---mn-	
3580	Σωκράτης	n-s---mn-	σωκράτης	Σωκράτης	n-s---mn-	n-s---mn-	
3581	,	u--------	,	,	u--------	u--------	
3582	ἀνέχω	v3spmm---	ἀνέχω	ἀνέχω	v3spme---	v3spmm---	
3583	μέντοι	g--------	μέντοι	μέντοι	d--------	g--------	
3584	·	u--------	·	·	u--------	u--------	
3585	ἐπεί	c--------	ἐπεί	ἐπεί	d--------	c--------	
3586	καί	d--------	καί	καί	d--------	d--------	
3587	ὁ	l-p---mn-	ὁ	ὁ	l-p---mn-	l-p---mn-	
3588	μάντις	n-p---mn-	μάντις	μάντις	n-p---mn-	n-p---mn-	
3589	λέγω	v3ppim---	λέγω3	λέγω	v3ppie---	v3ppim---	
3590	δήπου	d--------	δήπου	δήπου	d--------	d--------	
3591	ἄλλος	p-p---md-	ἄλλος	ἄλλος	p-p---md-	p-p---md-	
3592	μέν	g--------	μέν	μέν	d--------	g--------	
3593	προαγορεύω	v--pna---	προαγορεύω	προαγορεύω	v--pna---	v--pna---	
3594	ὁ	l-s---na-	ὁ	ὁ	l-s---na-	l-s---na-	
3595	μέλλω	v-sppana-	μέλλω	μέλλω	v-sppana-	v-sppana-	
3596	,	u--------	,	,	u--------	u--------	
3597	ἑαυτοῦ	p-p---md-	ἑαυτοῦ	ἑαυτοῦ	p-p---md-	p-p---md-	
3598	δέ	b--------	δέ	δέ	c--------	b--------	
3599	μή	d--------	μή	μή	d--------	d--------	
3600	προοράω	v--pna---	προοράω	προοράω	v--pna---	v--pna---	
3601	ὁ	l-s---na-	ὁ	ὁ	l-s---na-	l-s---na-	
3602	ἐπέρχομαι	v-sppana-	ἐπέρχομαι	ἐπέρχομαι	v-sppana-	v-sppana-	
3603	.	u--------	.	.	u--------	u--------	
3604	οὗτος	p-s---mn-	οὗτος	οὗτος	a-s---mn-	p-s---mn-	
3605	μέν	g--------	μέν	μέν	d--------	g--------	
3606	δή	g--------	δή	δή	d--------	g--------	
3607	ὁ	l-s---mn-	ὁ	ὁ	l-s---mn-	l-s---mn-	
3608	λόγος	n-s---mn-	λόγος	λόγος	n-s---mn-	n-s---mn-	
3609	ἐνταῦθα	d--------	ἐνταῦθα	ἐνταῦθα	d--------	d--------	
3610	λήγω	v3saia---	λήγω	λήγω	v3saia---	v3saia---	
3611	.	u--------	.	.	u--------	u--------	
3612	ἐκ	r--------	ἐκ	ἐκ	r--------	r--------	
3613	οὗτος	p-s---ng-	οὗτος	οὗτος	p-s---ng-	p-s---ng-	
3614	δέ	b--------	δέ	δέ	d--------	b--------	
3615	ὁ	l-s---mn-	ὁ	ὁ	l-s---mn-	l-s---mn-	
3616	Νικήρατος	n-s---mn-	νικήρατος	Νικήρατος	n-s---mn-	n-s---mn-	
3617	,	u--------	,	,	u--------	u--------	
3618	ἀκούω	v3spom---	ἀκούω	ἀκούω	v3spoe---	v3spom---	
3619	ἄν	g--------	ἄν	ἄν	d--------	g--------	
3620	,	u--------	,	,	u--------	u--------	
3621	φημί	v3siia---	φημί	φημί	v3siia---	v3siia---	
3622	,	u--------	,	,	u--------	u--------	
3623	καί	d--------	καί	καί	d--------	d--------	
3624	ἐγώ	p1s---cg-	ἐγώ	ἐγώ	p-s---mg-	p1s---cg-	
3625	ὅς	p-p---na-	ὅς	ὅς	p-p---na-	p-p---na-	
3626	εἰμί	v2pfim---	εἰμί	εἰμί	v2pfim---	v2pfim---	
3627	ἀγαθός	a-p---mnc	βελτίων	ἀγαθός	a-p---mnc	a-p---mnc	DISAGREE
3628	,	u--------	,	,	u--------	u--------	
3629	ἐάν	c--------	ἄν	ἐάν	c--------	c--------	DISAGREE
3630	ἐγώ	p1s---cd-	ἐγώ	ἐγώ	p-s---md-	p1s---cd-	
3631	συνίημι	v2pasa---	συνίημι	συνίημι	v2pasa---	v2pasa---	
3632	.	u--------	.	.	u--------	u--------	
3633	οἶδα	v2prma---	οἶδα	οἶδα	v2prma---	v2prma---	
3634	γάρ	g--------	γάρ	γάρ	d--------	g--------	
3635	δήπου	d--------	δήπου	δήπου	d--------	d--------	
3636	ὅτι	c--------	ὅτι	ὅτι	c--------	c--------	
3637	Ὅμηρος	n-s---mn-	ὅμηρος	Ὅμηρος	n-s---mn-	n-s---mn-	
3638	ὁ	l-s---mn-	ὁ	ὁ	l-s---mn-	l-s---mn-	
3639	σοφός	a-s---mns	σοφός	σοφός	a-s---mns	a-s---mns	
3640	ποιέω	v3sria---	ποιέω	ποιέω	v3sria---	v3sria---	
3641	σχεδόν	d--------	σχεδόν	σχεδόν	d--------	d--------	
3642	περί	r--------	περί	περί	r--------	r--------	
3643	πᾶς	a-p---ng-	πᾶς	πᾶς	a-p---ng-	a-p---ng-	
3644	ὁ	l-p---ng-	ὁ	ὁ	l-p---ng-	l-p---ng-	
3645	ἀνθρώπινος	a-p---ng-	ἀνθρώπινος	ἀνθρώπινος	a-p---ng-	a-p---ng-	
3646	.	u--------	.	.	u--------	u--------	
3647	ὅστις	p-s---mn-	ὅστις	ὅστις	p-s---mn-	p-s---mn-	
3648	ἄν	g--------	ἄν	ἄν	d--------	g--------	
3649	οὖν	g--------	οὖν	οὖν	d--------	g--------	
3650	σύ	p-p---mg-	σύ	σύ	p-p---mg-	p-p---mg-	
3651	βούλομαι	v3spsm---	βούλομαι	βούλομαι	v3spse---	v3spsm---	
3652	ἤ	b--------	ἤ1	ἤ	d--------	b--------	
3653	οἰκονομικός	a-s---mn-	οἰκονομικός	οἰκονομικός	a-s---mn-	a-s---mn-	
3654	ἤ	b--------	ἤ1	ἤ	d--------	b--------	
3655	δημηγορικός	a-s---mn-	δημηγορικός	δημηγορικός	a-s---mn-	a-s---mn-	
3656	ἤ	b--------	ἤ1	ἤ	d--------	b--------	
3657	στρατηγικός	a-s---mn-	στρατηγικός	στρατηγικός	a-s---mn-	a-s---mn-	
3658	γίγνομαι	v--anm---	γίγνομαι	γίγνομαι	v--anm---	v--anm---	
3659	ἤ	b--------	ἤ1	ἤ	c--------	b--------	
3660	ὅμοιος	a-s---mn-	ὅμοιος	ὅμοιος	a-s---mn-	a-s---mn-	
3661	Ἀχιλλεύς	n-s---md-	ἀχιλλεύς	Ἀχιλλεύς	n-s---md-	n-s---md-	
3662	ἤ	b--------	ἤ1	ἤ	d--------	b--------	
3663	Αἴας	n-s---md-	αἴας	Αἴας	n-s---md-	n-s---md-	
3664	ἤ	b--------	ἤ1	ἤ	d--------	b--------	
3665	Νέστωρ	n-s---md-	νέστωρ	Νέστωρ	n-s---md-	n-s---md-	
3666	ἤ	b--------	ἤ1	ἤ	c--------	b--------	
3667	Ὀδυσσεύς	n-s---md-	ὀδυσσεύς	Ὀδυσσεύς	n-s---md-	n-s---md-	
3668	,	u--------	,	,	u--------	u--------	
3669	ἐγώ	p1s---ca-	ἐγώ	ἐγώ	p-s---ma-	p1s---ca-	
3670	θεραπεύω	v3spma---	θεραπεύω	θεραπεύω	v3spma---	v3spma---	
3671	.	u--------	.	.	u--------	u--------	
3672	ἐγώ	p1s---cn-	ἐγώ	ἐγώ	p-s---mn-	p1s---cn-	
3673	γάρ	g--------	γάρ	γάρ	d--------	g--------	
3674	οὗτος	p-p---na-	οὗτος	οὗτος	p-p---na-	p-p---na-	
3675	πᾶς	a-p---na-	πᾶς	πᾶς	a-p---na-	a-p---na-	
3676	ἐπίσταμαι	v1spim---	ἐπίσταμαι	ἐπίσταμαι	v1spie---	v1spim---	
3677	.	u--------	.	.	u--------	u--------	
3678	ἦ	g--------	ἦ	ἦ	d--------	g--------	
3679	καί	b--------	καί	καί	d--------	b--------	
3680	βασιλεύω	v--pna---	βασιλεύω	βασιλεύω	v--pna---	v--pna---	
3681	,	u--------	,	,	u--------	u--------	
3682	φημί	v3siia---	φημί	φημί	v3siia---	v3siia---	
3683	ὁ	l-s---mn-	ὁ	ὁ	l-s---mn-	l-s---mn-	
3684	Ἀντισθένης	n-s---mn-	ἀντισθένης	Ἀντισθένης	n-s---mn-	n-s---mn-	
3685	,	u--------	,	,	u--------	u--------	
3686	ἐπίσταμαι	v2spim---	ἐπίσταμαι	ἐπίσταμαι	v2spie---	v2spim---	
3687	,	u--------	,	,	u--------	u--------	
3688	ὅτι	c--------	ὅτι	ὅτι	c--------	c--------	
3689	οἶδα	v2sria---	οἶδα	οἶδα	v2sria---	v2sria---	
3690	ἐπαινέω	v-sapama-	ἐπαινέω	ἐπαινέω	v-sapama-	v-sapama-	
3691	αὐτός	p-s---ma-	αὐτός	αὐτός	p-s---ma-	p-s---ma-	
3692	ὁ	l-s---ma-	ὁ	ὁ	l-s---ma-	l-s---ma-	
3693	Ἀγαμέμνων	n-s---ma-	ἀγαμέμνων	Ἀγαμέμνων	n-s---ma-	n-s---ma-	
3694	ὡς	c--------	ὡς	ὡς	c--------	c--------	
3695	βασιλεύς	n-s---mn-	βασιλεύς	βασιλεύς	n-s---mn-	n-s---mn-	
3696	τε	b--------	τε	τε	d--------	b--------	
3697	εἰμί	v3spoa---	εἰμί	εἰμί	v3spoa---	v3spoa---	
3698	ἀγαθός	a-s---mn-	ἀγαθός	ἀγαθός	a-s---mn-	a-s---mn-	
3699	κρατερός	a-s---mn-	κρατερός	κρατερός	a-s---mn-	a-s---mn-	
3700	τε	b--------	τε	τε	c--------	b--------	
3701	αἰχμητής	n-s---mn-	αἰχμητής	αἰχμητής	n-s---mn-	n-s---mn-	
3702	;	u--------	;	;	u--------	u--------	
3703	καί	b--------	καί	καί	d--------	b--------	
3704	ναί	d--------	ναί	ναί	i--------	d--------	
3705	μά	r--------	μά	μά	r--------	r--------	
3706	Ζεύς	n-s---ma-	ζεύς	Ζεύς	n-s---ma-	n-s---ma-	
3707	,	u--------	,	,	u--------	u--------	
3708	φημί	v3siia---	φημί	φημί	v3siia---	v3siia---	
3709	,	u--------	,	,	u--------	u--------	
3710	ἐγώ	p1s---cn-	ἐγώ	ἐγώ	p-s---mn-	p1s---cn-	
3711	ὅτι	c--------	ὅτι	ὅτι	c--------	c--------	
3712	ἁρματηλατέω	v-sppama-	ἁρματηλατέω	ἁρματηλατέω	v-sppama-	v-sppama-	
3713	δέω	v3siia---	δεῖ	δέω	v3siia---	v3siia---	DISAGREE
3714	ἐγγύς	r--------	ἐγγύς	ἐγγύς	d--------	r--------	
3715	μέν	g--------	μέν	μέν	d--------	g--------	
3716	ὁ	l-s---fg-	ὁ	ὁ	l-s---fg-	l-s---fg-	
3717	στήλη	n-s---fg-	στήλη	στήλη	n-s---fg-	n-s---fg-	
3718	κάμπτω	v--ana---	κάμπτω	κάμπτω	v--ana---	v--ana---	
3719	,	u--------	,	,	u--------	u--------	
3720	αὐτός	p-s---ma-	αὐτός	αὐτός	p-s---ma-	p-s---ma-	
3721	δέ	b--------	δέ	δέ	c--------	b--------	
3722	κλίνω	v--anp---	κλίνω	κλίνω	v--anp---	v--anp---	
3723	εὔξεστος	a-s---mg-	εὔξεστος	εὔξεστος	a-s---mg-	a-s---mg-	
3724	ἐπί	r--------	ἐπί	ἐπί	r--------	r--------	
3725	δίφρος	n-s---mg-	δίφρος	δίφρος	n-s---mg-	n-s---mg-	
3726	ἦκα	d--------	ἦκα	ἦκα	d--------	d--------	
3727	ἐπί	r--------	ἐπί	ἐπί	r--------	r--------	
3728	ἀριστερός	a-p---na-	ἀριστερός	ἀριστερός	a-p---na-	a-p---na-	
3729	ὁ	l-d---ng-	ὁ	ὁ	l-d---ng-	l-d---ng-	
3730	,	u--------	,	,	u--------	u--------	
3731	ἀτάρ	b--------	ἀτάρ	ἀτάρ	c--------	b--------	
3732	ὁ	l-s---ma-	ὁ	ὁ	l-s---ma-	l-s---ma-	
3733	δεξιός	a-s---ma-	δεξιός	δεξιός	a-s---ma-	a-s---ma-	
3734	ἵππος	n-s---ma-	ἵππος	ἵππος	n-s---ma-	n-s---ma-	
3735	κεντέω	v--ana---	κεντέω	κεντέω	v--ana---	v--ana---	
3736	ὁμοκλάω	v-sapama-	ὁμοκλάω	ὁμοκλάω	v-sapama-	v-sapama-	
3737	εἴκω	v--ana---	εἴκω	εἴκω	v--ana---	v--ana---	
3738	τε	b--------	τε	τε	c--------	b--------	
3739	ἕ	p-s---md-	ὁ	ἕ	p-s---md-	p-s---md-	DISAGREE
3740	ἡνία	n-p---nn-	ἡνία	ἡνία	n-p---na-	n-p---nn-	
3741	χείρ	n-p---fd-	χείρ	χείρ	n-p---fd-	n-p---fd-	
3742	.	u--------	.	.	u--------	u--------	
3743	καί	b--------	καί	καί	d--------	b--------	
3744	πρός	r--------	πρός	πρός	r--------	r--------	
3745	οὗτος	p-p---nd-	οὗτος	οὗτος	p-p---nd-	p-p---nd-	
3746	γε	d--------	γε	γε	d--------	d--------	
3747	ἄλλος	p-s---na-	ἄλλος	ἄλλος	p-s---na-	p-s---na-	
3748	οἶδα	v1sria---	οἶδα	οἶδα	v1sria---	v1sria---	
3749	,	u--------	,	,	u--------	u--------	
3750	καί	b--------	καί	καί	c--------	b--------	
3751	σύ	p-p---md-	σύ	σύ	p-p---md-	p-p---md-	
3752	αὐτίκα	d--------	αὐτίκα	αὐτίκα	d--------	d--------	
3753	μάλα	d--------	μάλα	μάλα	d--------	d--------	
3754	ἔξεστι	v3spia---	ἔξεστι	ἔξεστι	v3spia---	v3spia---	
3755	πειράω	v--pnm---	πειράω	πειράω	v--pne---	v--pnm---	
3756	.	u--------	.	.	u--------	u--------	
3757	λέγω	v3saia---	εἶπον	λέγω	v3saia---	v3saia---	DISAGREE
3758	γάρ	g--------	γάρ	γάρ	d--------	g--------	
3759	που	d--------	πού	που	d--------	d--------	
3760	Ὅμηρος	n-s---mn-	ὅμηρος	Ὅμηρος	n-s---mn-	n-s---mn-	
3761	·	u--------	·	·	u--------	u--------	
3762	ἐπί	r--------	ἐπί	ἐπί	r--------	r--------	
3763	δέ	b--------	δέ	δέ	d--------	b--------	
3764	κρόμυον	n-s---nn-	κρόμυον	κρόμυον	a-s---nn-	n-s---nn-	
3765	ποτόν	n-s---nd-	ποτόν	ποτόν	n-s---nd-	n-s---nd-	
3766	ὄψον	n-s---nn-	ὄψον	ὄψον	n-s---nn-	n-s---nn-	
3767	.	u--------	.	.	u--------	u--------	
3768	ἐάν	c--------	ἐάν	ἐάν	c--------	c--------	
3769	οὖν	g--------	οὖν	οὖν	d--------	g--------	
3770	φέρω	v3sasa---	φέρω	φέρω	v3sasa---	v3sasa---	
3771	τις	p-s---cn-	τις	τις	p-s---mn-	p-s---cn-	
3772	κρόμμυον	n-s---na-	κρόμμυον	κρόμμυον	n-s---na-	n-s---na-	
3773	,	u--------	,	,	u--------	u--------	
3774	αὐτίκα	d--------	αὐτίκα	αὐτίκα	d--------	d--------	
3775	μάλα	d--------	μάλα	μάλα	d--------	d--------	
3776	οὗτος	p-s---na-	οὗτος	οὗτος	p-s---na-	p-s---na-	
3777	γε	d--------	γε	γε	d--------	d--------	
3778	ὠφελέω	v-prpmmn-	ὠφελέω	ὠφελέω	v-prpemn-	v-prpmmn-	
3779	εἰμί	v2pfim---	εἰμί	εἰμί	v2pfim---	v2pfim---	
3780	·	u--------	·	·	u--------	u--------	
3781	ἡδύς	a-s---nac	ἡδύς	ἡδύς	a-s---nac	a-s---nac	
3782	γάρ	g--------	γάρ	γάρ	d--------	g--------	
3783	πίνω	v2pfim---	πίνω	πίνω	v2pfim---	v2pfim---	
3784	.	u--------	.	.	u--------	u--------	
3785	καί	b--------	καί	καί	d--------	b--------	
3786	ὁ	l-s---mn-	ὁ	ὁ	l-s---mn-	l-s---mn-	
3787	Χαρμίδης	n-s---mn-	χαρμίδης	Χαρμίδης	n-s---mn-	n-s---mn-	
3788	λέγω	v3saia---	λέγω	λέγω	v3saia---	v3saia---	
3789	·	u--------	·	·	u--------	u--------	
3790	ὦ	i--------	ὦ	ὦ	i--------	i--------	
3791	ἀνήρ	n-p---mv-	ἀνήρ	ἀνήρ	n-p---mv-	n-p---mv-	
3792	,	u--------	,	,	u--------	u--------	
3793	ὁ	l-s---mn-	ὁ	ὁ	l-s---mn-	l-s---mn-	
3794	Νικήρατος	n-s---mn-	νικήρατος	Νικήρατος	n-s---mn-	n-s---mn-	
3795	κρόμμυον	n-p---ng-	κρόμμυον	κρόμμυον	n-p---ng-	n-p---ng-	
3796	ὄζω	v-sppamn-	ὄζω	ὄζω	v-sppamn-	v-sppamn-	
3797	ἐπιθυμέω	v3spia---	ἐπιθυμέω	ἐπιθυμέω	v3spia---	v3spia---	
3798	οἴκαδε	d--------	οἴκαδε	οἴκαδε	d--------	d--------	
3799	ἔρχομαι	v--ana---	ἔρχομαι	ἔρχομαι	v--ana---	v--ana---	
3800	,	u--------	,	,	u--------	u--------	
3801	ἵνα	c--------	ἵνα	ἵνα	c--------	c--------	
3802	ὁ	l-s---fn-	ὁ	ὁ	l-s---fn-	l-s---fn-	
3803	γυνή	n-s---fn-	γυνή	γυνή	n-s---fn-	n-s---fn-	
3804	αὐτός	p-s---mg-	αὐτός	αὐτός	p-s---mg-	p-s---mg-	
3805	πιστεύω	v3spsa---	πιστεύω	πιστεύω	v3spsa---	v3spsa---	
3806	μή	d--------	μη	μή	d--------	d--------	
3807	δέ	c--------	δέ		c--------		oga_only
3808	διανοέομαι	v--anm---	διανοέομαι		v--anm---		oga_only
3809	μηδείς	p-s---ma-	μηδείς		p-s---ma-		oga_only
3810	ἄν	d--------	ἄν		d--------		oga_only
3811	φιλέω	v--ana---	φιλέω		v--ana---		oga_only
3812	αὐτός	p-s---ma-	αὐτός		p-s---ma-		oga_only
3813	.	u--------	.		u--------		oga_only
3814	νή	r--------	νή		r--------		oga_only
3815	ζεύς	n-s---ma-	ζεύς		n-s---ma-		oga_only
3816	,	u--------	,		u--------		oga_only
3817	φημί	v3siia---	φημί		v3siia---		oga_only
3818	ὁ	l-s---mn-	ὁ		l-s---mn-		oga_only
3819	σωκράτης	n-s---mn-	σωκράτης		n-s---mn-		oga_only
3820	,	u--------	,		u--------		oga_only
3821	ἀλλά	d--------	ἀλλά		d--------		oga_only
3822	ἄλλος	a-s---fa-	ἄλλος		a-s---fa-		oga_only
3823	πού	d--------	πού		d--------		oga_only
3824	δόξα	n-s---fa-	δόξα		n-s---fa-		oga_only
3825	γέλοιος	a-s---fa-	γέλοιος		a-s---fa-		oga_only
3826	κίνδυνος	n-s---mn-	κίνδυνος		n-s---mn-		oga_only
3827	ἐγώ	p-p---md-	ἐγώ		p-p---md-		oga_only
3828	προσλαμβάνω	v--ana---	προσλαμβάνω		v--ana---		oga_only
3829	.	u--------	.		u--------		oga_only
3830	ὄψον	n-s---na-	ὄψον		n-s---na-		oga_only
3831	μέν	d--------	μέν		d--------		oga_only
3832	γάρ	d--------	γάρ		d--------		oga_only
3833	δή	d--------	δή		d--------		oga_only
3834	ὄντως	d--------	ὄντως		d--------		oga_only
3835	ἔοικα	v3sria---	ἔοικα		v3sria---		oga_only
3836	εἰμί	v--pna---	εἰμί		v--pna---		oga_only
3837	,	u--------	,		u--------		oga_only
3838	ὡς	c--------	ὡς		c--------		oga_only
3839	κρόμμυον	n-s---nn-	κρόμμυον		n-s---nn-		oga_only
3840	γε	d--------	γε		d--------		oga_only
3841	οὐ	d--------	οὐ		d--------		oga_only
3842	μόνος	d--------	μόνος	μόνος	d--------	d--------	
3843	σῖτος	n-s---ma-	σῖτος	σῖτος	n-s---ma-	n-s---ma-	
3844	ἀλλά	b--------	ἀλλά	ἀλλά	c--------	b--------	
3845	καί	d--------	καί	καί	d--------	d--------	
3846	ποτόν	n-s---ma-	ποτός	ποτόν	n-s---ma-	n-s---ma-	DISAGREE
3847	ἡδύνω	v3spia---	ἡδύνω	ἡδύνω	v3spia---	v3spia---	
3848	.	u--------	.	.	u--------	u--------	
3849	εἰ	c--------	εἰ	εἰ	c--------	c--------	
3850	δέ	b--------	δέ	δέ	d--------	b--------	
3851	δή	g--------	δή	δή	d--------	g--------	
3852	οὗτος	p-s---na-	οὗτος	οὗτος	p-s---na-	p-s---na-	
3853	καί	d--------	καί	καί	d--------	d--------	
3854	μετά	r--------	μετά	μετά	r--------	r--------	
3855	δεῖπνον	n-s---na-	δεῖπνον	δεῖπνον	n-s---na-	n-s---na-	
3856	τρώγω	v1pfim---	τρώγω	τρώγω	v1pfim---	v1pfim---	
3857	,	u--------	,	,	u--------	u--------	
3858	ὅπως	c--------	ὅπως	ὅπως	c--------	c--------	
3859	μή	d--------	μή	μή	d--------	d--------	
3860	φημί	v3sasa---	φημί	φημί	v3sasa---	v3sasa---	
3861	τις	p-s---cn-	τις	τις	p-s---mn-	p-s---cn-	
3862	ἐγώ	p-p---ma-	ἐγώ	ἐγώ	p-p---ma-	p-p---ma-	
3863	πρός	r--------	πρός	πρός	r--------	r--------	
3864	Καλλίας	n-s---ma-	καλλίας	Καλλίας	n-s---ma-	n-s---ma-	
3865	ἔρχομαι	v-papama-	ἔρχομαι	ἔρχομαι	v-papama-	v-papama-	
3866	ἡδυπαθέω	v--pna---	ἡδυπαθέω	ἡδυπαθέω	v--pna---	v--pna---	
3867	.	u--------	.	.	u--------	u--------	
3868	μηδαμῶς	d--------	μηδαμῶς	μηδαμῶς	d--------	d--------	
3869	,	u--------	,	,	u--------	u--------	
3870	φημί	v3siia---	φημί	φημί	v3siia---	v3siia---	
3871	,	u--------	,	,	u--------	u--------	
3872	ὦ	i--------	ὦ	ὦ	i--------	i--------	
3873	Σωκράτης	n-s---mv-	σωκράτης	Σωκράτης	n-s---mv-	n-s---mv-	
3874	.	u--------	.	.	u--------	u--------	
3875	εἰς	r--------	εἰς	εἰς	r--------	r--------	
3876	μέν	g--------	μέν	μέν	d--------	g--------	
3877	γάρ	g--------	γάρ	γάρ	d--------	g--------	
3878	μάχη	n-s---fa-	μάχη	μάχη	n-s---fa-	n-s---fa-	
3879	ὁρμάω	v-sppmmd-	ὁρμάω	ὁρμάω	v-sppemd-	v-sppmmd-	
3880	καλός	d--------	καλός	καλός	d--------	d--------	
3881	ἔχω	v3spia---	ἔχω	ἔχω	v3spia---	v3spia---	
3882	κρόμμυον	n-s---na-	κρόμμυον	κρόμμυον	n-s---na-	n-s---na-	
3883	ὑποτρώγω	v--pna---	ὑποτρώγω	ὑποτρώγω	v--pna---	v--pna---	
3884	,	u--------	,	,	u--------	u--------	
3885	ὥσπερ	c--------	ὥσπερ	ὥσπερ	c--------	c--------	
3886	ἔνιοι	a-p---mn-	ἔνιοι	ἔνιοι	a-p---mn-	a-p---mn-	
3887	ὁ	l-p---ma-	ὁ	ὁ	l-p---ma-	l-p---ma-	
3888	ἀλεκτρυών	n-p---ma-	ἀλεκτρυών	ἀλεκτρυών	n-p---ma-	n-p---ma-	
3889	σκόροδον	n-p---na-	σκόροδον	σκόροδον	n-p---na-	n-p---na-	
3890	σιτίζω	v-papamn-	σιτίζω	σιτίζω	v-papamn-	v-papamn-	
3891	συμβάλλω	v3ppia---	συμβάλλω	συμβάλλω	v3ppia---	v3ppia---	
3892	·	u--------	·	·	u--------	u--------	
3893	ἐγώ	p-p---mn-	ἐγώ	ἐγώ	p-p---mn-	p-p---mn-	
3894	δέ	b--------	δέ	δέ	d--------	b--------	
3895	ἴσως	d--------	ἴσως	ἴσως	d--------	d--------	
3896	βουλεύω	v1ppim---	βουλεύω	βουλεύω	v1ppie---	v1ppim---	
3897	ὅπως	c--------	ὅπως	ὅπως	c--------	c--------	
3898	φιλέω	v1pfia---	φιλέω	φιλέω	v1pfia---	v1pfia---	
3899	τις	p-s---ca-	τις	τις	p-s---ma-	p-s---ca-	
3900	μάλα	d-------c	μᾶλλον	μάλα	d-------c	d-------c	DISAGREE
3901	ἤ	c--------	ἤ1	ἤ	c--------	c--------	
3902	μάχομαι	v1pfim---	μάχομαι	μάχομαι	v1pfim---	v1pfim---	
3903	.	u--------	.	.	u--------	u--------	
3904	καί	b--------	καί	καί	d--------	b--------	
3905	οὗτος	p-s---mn-	οὗτος	οὗτος	a-s---mn-	p-s---mn-	
3906	μέν	g--------	μέν	μέν	d--------	g--------	
3907	δή	g--------	δή	δή	d--------	g--------	
3908	ὁ	l-s---mn-	ὁ	ὁ	l-s---mn-	l-s---mn-	
3909	λόγος	n-s---mn-	λόγος	λόγος	n-s---mn-	n-s---mn-	
3910	οὕτως	d--------	οὕτως	οὕτως	d--------	d--------	
3911	πως	d--------	πως	πως	d--------	d--------	
3912	παύω	v3saim---	παύω	παύω	v3saim---	v3saim---	
3913	.	u--------	.	.	u--------	u--------	
3914	ὁ	l-s---mn-	ὁ	ὁ	l-s---mn-	l-s---mn-	
3915	δέ	b--------	δέ	δέ	d--------	b--------	
3916	Κριτόβουλος	n-s---mn-	κριτόβουλος	Κριτόβουλος	n-s---mn-	n-s---mn-	
3917	,	u--------	,	,	u--------	u--------	
3918	οὐκοῦν	g--------	οὐκοῦν	οὐκοῦν	d--------	g--------	
3919	αὖ	d--------	αὖ	αὖ	d--------	d--------	
3920	ἐγώ	p1s---cn-	ἐγώ	ἐγώ	p-s---mn-	p1s---cn-	
3921	λέγω	v1sfia---	λέγω	λέγω	v1sfia---	v1sfia---	
3922	,	u--------	,	,	u--------	u--------	
3923	φημί	v3siia---	φημί	φημί	v3siia---	v3siia---	
3924	,	u--------	,	,	u--------	u--------	
3925	ἐκ	r--------	ἐκ	ἐκ	r--------	r--------	
3926	ὅς	p-p---ng-	ὅς	ὅς	p-p---ng-	p-p---ng-	
3927	ἐπί	r--------	ἐπί	ἐπί	r--------	r--------	
3928	ὁ	l-s---nd-	ὁ	ὁ	l-s---nd-	l-s---nd-	
3929	κάλλος	n-s---nd-	κάλλος	κάλλος	n-s---nd-	n-s---nd-	
3930	μέγας	a-s---na-	μέγας	μέγας	a-s---na-	a-s---na-	
3931	φρονέω	v1spia---	φρονέω	φρονέω	v1spia---	v1spia---	
3932	.	u--------	.	.	u--------	u--------	
3933	λέγω	v2spma---	λέγω3	λέγω	v2spma---	v2spma---	
3934	,	u--------	,	,	u--------	u--------	
3935	φημί	v3piia---	φημί	φημί	v3piia---	v3piia---	
3936	.	u--------	.	.	u--------	u--------	
3937	εἰ	c--------	εἰ	εἰ	c--------	c--------	
3938	μέν	g--------	μέν	μέν	d--------	g--------	
3939	τοίνυν	g--------	τοίνυν	τοίνυν	d--------	g--------	
3940	μή	d--------	μή	μή	d--------	d--------	
3941	καλός	a-s---mn-	καλός	καλός	a-s---mn-	a-s---mn-	
3942	εἰμί	v1spia---	εἰμί	εἰμί	v1spia---	v1spia---	
3943	,	u--------	,	,	u--------	u--------	
3944	ὡς	c--------	ὡς	ὡς	c--------	c--------	
3945	οἴομαι	v1spim---	οἴομαι	οἴομαι	v1spie---	v1spim---	
3946	,	u--------	,	,	u--------	u--------	
3947	σύ	p-p---mn-	σύ	σύ	p-p---mn-	p-p---mn-	
3948	ἄν	g--------	ἄν	ἄν	d--------	g--------	
3949	δίκαιος	d--------	δίκαιος	δίκαιος	d--------	d--------	
3950	ἀπάτη	n-s---fg-	ἀπάτη	ἀπάτη	n-s---fg-	n-s---fg-	
3951	δίκη	n-s---fa-	δίκη	δίκη	n-s---fa-	n-s---fa-	
3952	ὑπέχω	v2ppoa---	ὑπέχω	ὑπέχω	v2ppoa---	v2ppoa---	
3953	·	u--------	·	·	u--------	u--------	
3954	οὐδείς	p-s---mg-	οὐδείς	οὐδείς	p-s---mg-	p-s---mg-	
3955	γάρ	g--------	γάρ	γάρ	d--------	g--------	
3956	ὁρκίζω	v-sppamg-	ὁρκίζω	ὁρκίζω	v-sppamg-	v-sppamg-	
3957	ἀεί	d--------	ἀεί	ἀεί	d--------	d--------	
3958	ὄμνυμι	v-pppamn-	ὄμνυμι	ὄμνυμι	v-pppamn-	v-pppamn-	
3959	καλός	a-s---na-	καλός	καλός	a-s---na-	a-s---na-	
3960	ἐγώ	p1s---ca-	ἐγώ	ἐγώ	p-s---ma-	p1s---ca-	
3961	φημί	v2ppia---	φημί	φημί	v2ppia---	v2ppia---	
3962	εἰμί	v--pna---	εἰμί	εἰμί	v--pna---	v--pna---	
3963	.	u--------	.	.	u--------	u--------	
3964	καί	d--------	καί		d--------		oga_only
3965	ἐγώ	p-s---mn-	ἐγώ		p-s---mn-		oga_only
3966	μέντοι	g--------	μέντοι	μέντοι	d--------	g--------	
3967	πιστεύω	v1spia---	πιστεύω	πιστεύω	v1spia---	v1spia---	
3968	.	u--------	.	.	u--------	u--------	
3969	καλός	a-p---ma-	καλός	καλός	a-p---ma-	a-p---ma-	
3970	γάρ	g--------	γάρ	γάρ	d--------	g--------	
3971	καί	b--------	καί	καί	c--------	b--------	
3972	ἀγαθός	a-p---ma-	ἀγαθός	ἀγαθός	a-p---ma-	a-p---ma-	
3973	σύ	p-p---ma-	σύ	σύ	p-p---ma-	p-p---ma-	
3974	ἀνήρ	n-p---ma-	ἀνήρ	ἀνήρ	n-p---ma-	n-p---ma-	
3975	νομίζω	v1spia---	νομίζω	νομίζω	v1spia---	v1spia---	
3976	.	u--------	.	.	u--------	u--------	
3977	εἰ	c--------	εἰ	εἰ	c--------	c--------	
3978	δέ	b--------	δέ	δέ	d--------	b--------	
3979	εἰμί	v1spia---	εἰμί	εἰμί	v1spia---	v1spia---	
3980	τε	b--------	τε	τε	d--------	b--------	
3981	ὁ	l-s---nd-	ὁ	ὁ	l-s---nd-	l-s---nd-	
3982	εἰμί	v-sppand-	εἰμί	εἰμί	v-sppand-	v-sppand-	
3983	καλός	a-s---mn-	καλός	καλός	a-s---mn-	a-s---mn-	
3984	καί	b--------	καί	καί	c--------	b--------	
3985	σύ	p-p---mn-	σύ	σύ	p-p---mn-	p-p---mn-	
3986	ὁ	l-p---na-	ὁ	ὁ	l-p---na-	l-p---na-	
3987	αὐτός	p-p---na-	αὐτός	αὐτός	a-p---na-	p-p---na-	
3988	πρός	r--------	πρός	πρός	r--------	r--------	
3989	ἐγώ	p1s---ca-	ἐγώ	ἐγώ	p-s---ma-	p1s---ca-	
3990	πάσχω	v2ppia---	πάσχω	πάσχω	v2ppia---	v2ppia---	
3991	οἷος	p-p---na-	οἷος	οἷος	a-p---na-	p-p---na-	
3992	ἐγώ	p1s---cn-	ἐγώ	ἐγώ	p-s---mn-	p1s---cn-	
3993	πρός	r--------	πρός	πρός	r--------	r--------	
3994	ὁ	l-s---ma-	ὁ	ὁ	l-s---ma-	l-s---ma-	
3995	ἐγώ	p1s---cd-	ἐγώ	ἐγώ	p-s---md-	p1s---cd-	
3996	δοκέω	v-sppama-	δοκέω	δοκέω	v-sppama-	v-sppama-	
3997	καλός	a-s---ma-	καλός	καλός	a-s---ma-	a-s---ma-	
3998	εἰμί	v--pna---	εἰμί	εἰμί	v--pna---	v--pna---	
3999	,	u--------	,	,	u--------	u--------	
4000	ὄμνυμι	v1spia---	ὄμνυμι	ὄμνυμι	v1spia---	v1spia---	
4001	πᾶς	a-p---ma-	πᾶς	πᾶς	a-p---ma-	a-p---ma-	
4002	θεός	n-p---ma-	θεός	θεός	n-p---ma-	n-p---ma-	
4003	μή	d--------	μή	μή	d--------	d--------	
4004	αἱρέω	v--anm---	αἱρέω	αἱρέω	v--anm---	v--anm---	
4005	ἄν	g--------	ἄν	ἄν	d--------	g--------	
4006	ὁ	l-s---fa-	ὁ	ὁ	l-s---fa-	l-s---fa-	
4007	βασιλεύς	n-s---mg-	βασιλεύς	βασιλεύς	n-s---mg-	n-s---mg-	
4008	ἀρχή	n-s---fa-	ἀρχή	ἀρχή	n-s---fa-	n-s---fa-	
4009	ἀντί	r--------	ἀντί	ἀντί	r--------	r--------	
4010	ὁ	l-s---mg-	ὁ	ὁ	l-s---ng-	l-s---mg-	
4011	καλός	a-s---mn-	καλός	καλός	a-s---mn-	a-s---mn-	
4012	εἰμί	v--pna---	εἰμί	εἰμί	v--pna---	v--pna---	
4013	.	u--------	.	.	u--------	u--------	
4014	νῦν	d--------	νῦν	νῦν	d--------	d--------	
4015	γάρ	g--------	γάρ	γάρ	d--------	g--------	
4016	ἐγώ	p1s---cn-	ἐγώ	ἐγώ	p-s---mn-	p1s---cn-	
4017	Κλεινίας	n-s---ma-	κλεινίας	Κλεινίας	n-s---ma-	n-s---ma-	
4018	ἡδύς	a-s---mac	ἡδύς	ἡδύς	a-s---mac	a-s---mac	
4019	μέν	g--------	μέν	μέν	d--------	g--------	
4020	θεάομαι	v1spim---	θεάομαι	θεάομαι	v1spie---	v1spim---	
4021	ἤ	c--------	ἤ1	ἤ	c--------	c--------	
4022	ὁ	l-p---na-	ὁ		l-p---na-		oga_only
4023	ἄλλος	p-p---na-	ἄλλος		p-p---na-		oga_only
4024	πᾶς	a-p---na-	πᾶς	πᾶς	a-p---na-	a-p---na-	
4025	ὁ	l-p---na-	ὁ	ὁ	l-p---na-	l-p---na-	
4026	ἐν	r--------	ἐν	ἐν	r--------	r--------	
4027	ἄνθρωπος	n-p---md-	ἄνθρωπος	ἄνθρωπος	n-p---md-	n-p---md-	
4028	καλός	a-p---na-	καλός	καλός	a-p---na-	a-p---na-	
4029	·	u--------		·		u--------	glaux_only
4030	τυφλός	a-s---mn-	τυφλός	τυφλός	a-s---mn-	a-s---mn-	
4031	δέ	b--------	δέ	δέ	d--------	b--------	
4032	ὁ	l-p---ng-	ὁ	ὁ	l-p---ng-	l-p---ng-	
4033	ἄλλος	p-p---ng-	ἄλλος	ἄλλος	p-p---ng-	p-p---ng-	
4034	ἅπας	a-p---ng-	ἅπας	ἅπας	a-p---ng-	a-p---ng-	
4035	μάλα	d-------c	μᾶλλον	μάλα	d-------c	d-------c	DISAGREE
4036	δέχομαι	v1saom---	δέχομαι	δέχομαι	v1saom---	v1saom---	
4037	ἄν	g--------	ἄν	ἄν	d--------	g--------	
4038	εἰμί	v--pna---	εἰμί	εἰμί	v--pna---	v--pna---	
4039	ἤ	c--------	ἤ1	ἤ	c--------	c--------	
4040	Κλεινίας	n-s---mg-	κλεινίας	Κλεινίας	n-s---mg-	n-s---mg-	
4041	εἷς	m-s---mg-	εἷς	εἷς	n-s---mg-	m-s---mg-	
4042	εἰμί	v-sppamg-	εἰμί	εἰμί	v-sppamg-	v-sppamg-	
4043	·	u--------		·		u--------	glaux_only
4044	ἄχθομαι	v1spim---	ἄχθομαι	ἄχθομαι	v1spie---	v1spim---	
4045	δέ	b--------	δέ	δέ	d--------	b--------	
4046	καί	b--------	καί	καί	d--------	b--------	
4047	νύξ	n-s---fd-	νύξ	νύξ	n-s---fd-	n-s---fd-	
4048	καί	b--------	καί	καί	c--------	b--------	
4049	ὕπνος	n-s---md-	ὕπνος	ὕπνος	n-s---md-	n-s---md-	
4050	ὅτι	c--------	ὅτι	ὅτι	c--------	c--------	
4051	ἐκεῖνος	p-s---ma-	ἐκεῖνος	ἐκεῖνος	p-s---ma-	p-s---ma-	
4052	οὐ	d--------	οὐ	οὐ	d--------	d--------	
4053	ὁράω	v1spia---	ὁράω	ὁράω	v1spia---	v1spia---	
4054	,	u--------	,	,	u--------	u--------	
4055	ἡμέρα	n-s---fd-	ἡμέρα	ἡμέρα	n-s---fd-	n-s---fd-	
4056	δέ	b--------	δέ	δέ	c--------	b--------	
4057	καί	b--------	καί	καί	c--------	b--------	
4058	ἥλιος	n-s---md-	ἥλιος	ἥλιος	n-s---md-	n-s---md-	
4059	ὁ	l-s---fa-	ὁ	ὁ	l-s---fa-	l-s---fa-	
4060	μέγας	a-s---fas	μέγας	μέγας	a-s---fas	a-s---fas	
4061	χάρις	n-s---fa-	χάρις	χάρις	n-s---fa-	n-s---fa-	
4062	οἶδα	v1sria---	οἶδα	οἶδα	v1sria---	v1sria---	
4063	ὅτι	c--------	ὅτι	ὅτι	c--------	c--------	
4064	ἐγώ	p1s---cd-	ἐγώ	ἐγώ	p-s---md-	p1s---cd-	
4065	Κλεινίας	n-s---ma-	κλεινίας	Κλεινίας	n-s---ma-	n-s---ma-	
4066	ἀναφαίνω	v3ppia---	ἀναφαίνω	ἀναφαίνω	v3ppia---	v3ppia---	
4067	.	u--------	.	.	u--------	u--------	
4068	ἄξιος	a-s---nn-	ἄξιος	ἄξιος	a-s---nn-	a-s---nn-	
4069	γε	d--------	γε	γε	d--------	d--------	
4070	μήν	d--------	μήν	μήν	d--------	d--------	
4071	ἐγώ	p-p---md-	ἐγώ	ἐγώ	p-p---md-	p-p---md-	
4072	ὁ	l-p---md-	ὁ	ὁ	l-p---md-	l-p---md-	
4073	καλός	a-p---md-	καλός	καλός	a-p---md-	a-p---md-	
4074	καί	d--------	καί	καί	d--------	d--------	
4075	ἐπί	r--------	ἐπί	ἐπί	r--------	r--------	
4076	ὅδε	p-p---nd-	ὅδε	ὅδε	p-p---nd-	p-p---nd-	
4077	μέγας	a-s---na-	μέγας	μέγας	a-s---na-	a-s---na-	
4078	φρονέω	v--pna---	φρονέω	φρονέω	v--pna---	v--pna---	
4079	,	u--------	,	,	u--------	u--------	
4080	ὅτι	c--------	ὅτι	ὅτι	c--------	c--------	
4081	ὁ	l-s---ma-	ὁ	ὁ	l-s---ma-	l-s---ma-	
4082	μέν	g--------	μέν	μέν	d--------	g--------	
4083	ἰσχυρός	a-s---ma-	ἰσχυρός	ἰσχυρός	a-s---ma-	a-s---ma-	
4084	πονέω	v-sppama-	πονέω	πονέω	v-sppama-	v-sppama-	
4085	δέω	v3spia---	δεῖ	δέω	v3spia---	v3spia---	DISAGREE
4086	κτάομαι	v--pnm---	κτάομαι	κτάομαι	v--pne---	v--pnm---	
4087	ὁ	l-p---na-	ὁ		l-p---na-		oga_only
4088	ἀγαθός	a-p---na-	ἀγαθός		a-p---na-		oga_only
4089	καί	b--------	καί	καί	c--------	b--------	
4090	ὁ	l-s---ma-	ὁ	ὁ	l-s---ma-	l-s---ma-	
4091	ἀνδρεῖος	a-s---ma-	ἀνδρεῖος	ἀνδρεῖος	a-s---ma-	a-s---ma-	
4092	κινδυνεύω	v-sppama-	κινδυνεύω	κινδυνεύω	v-sppama-	v-sppama-	
4093	,	u--------	,	,	u--------	u--------	
4094	ὁ	l-s---ma-	ὁ	ὁ	l-s---ma-	l-s---ma-	
4095	δέ	b--------	δέ	δέ	c--------	b--------	
4096	γε	d--------	γε	γε	d--------	d--------	
4097	σοφός	a-s---ma-	σοφός	σοφός	a-s---ma-	a-s---ma-	
4098	λέγω	v-sppama-	λέγω3	λέγω	v-sppama-	v-sppama-	
4099	·	u--------		·		u--------	glaux_only
4100	ὁ	l-s---mn-	ὁ	ὁ	l-s---mn-	l-s---mn-	
4101	δέ	b--------	δέ	δέ	d--------	b--------	
4102	καλός	a-s---mn-	καλός	καλός	a-s---mn-	a-s---mn-	
4103	καί	d--------	καί	καί	d--------	d--------	
4104	ἡσυχία	n-s---fa-	ἡσυχία	ἡσυχία	n-s---fa-	n-s---fa-	
4105	ἔχω	v-sppamn-	ἔχω	ἔχω	v-sppamn-	v-sppamn-	
4106	πᾶς	a-p---na-	πᾶς	πᾶς	a-p---na-	a-p---na-	
4107	ἄν	g--------	ἄν	ἄν	d--------	g--------	
4108	διαπράσσω	v3saom---	διαπορρήγνυμι	διαπράσσω	v3saom---	v3saom---	DISAGREE
4109	.	u--------	.	.	u--------	u--------	
4110	ἐγώ	p1s---cn-	ἐγώ	ἐγώ	p-s---mn-	p1s---cn-	
4111	γοῦν	g--------	γοῦν	γοῦν	d--------	g--------	
4112	καίπερ	d--------	καίπερ	καίπερ	d--------	d--------	
4113	οἶδα	v-srpamn-	οἶδα	οἶδα	v-srpamn-	v-srpamn-	
4114	ὅτι	c--------	ὅτι	ὅτι	c--------	c--------	
4115	χρῆμα	n-p---nn-	χρῆμα	χρῆμα	n-p---nn-	n-p---nn-	
4116	ἡδύς	a-s---nn-	ἡδύς	ἡδύς	a-s---nn-	a-s---nn-	
4117	κτῆμα	n-s---nn-	κτῆμα	κτῆμα	n-s---nn-	n-s---nn-	
4118	ἡδύς	a-s---nac	ἡδύς	ἡδύς	a-s---nac	a-s---nac	
4119	μέν	g--------	μέν	μέν	d--------	g--------	
4120	ἄν	g--------	ἄν	ἄν	d--------	g--------	
4121	Κλεινίας	n-s---md-	κλεινίας	Κλεινίας	n-s---md-	n-s---md-	
4122	ὁ	l-p---na-	ὁ	ὁ	l-p---na-	l-p---na-	
4123	εἰμί	v-pppana-	εἰμί	εἰμί	v-pppana-	v-pppana-	
4124	δίδωμι	v1spoa---	δίδωμι	δίδωμι	v1spoa---	v1spoa---	
4125	ἤ	b--------	ἤ1	ἤ	c--------	b--------	
4126	ἕτερος	a-p---na-	ἕτερος	ἕτερος	a-p---na-	a-p---na-	
4127	παρά	r--------	παρά	παρά	r--------	r--------	
4128	ἄλλος	p-s---mg-	ἄλλος	ἄλλος	p-s---mg-	p-s---mg-	
4129	λαμβάνω	v1spoa---	λαμβάνω	λαμβάνω	v1spoa---	v1spoa---	
4130	,	u--------	,	,	u--------	u--------	
4131	ἡδύς	a-s---nac	ἡδύς	ἡδύς	a-s---nac	a-s---nac	
4132	δέ	b--------	δέ	δέ	c--------	b--------	
4133	ἄν	g--------	ἄν	ἄν	d--------	g--------	
4134	δουλεύω	v1spoa---	δουλεύω	δουλεύω	v1spoa---	v1spoa---	
4135	ἤ	b--------	ἤ1	ἤ	c--------	b--------	
4136	ἐλεύθερος	a-s---mn-	ἐλεύθερος	ἐλεύθερος	a-s---mn-	a-s---mn-	
4137	εἰμί	v1spoa---	εἰμί	εἰμί	v1spoa---	v1spoa---	
4138	,	u--------	,	,	u--------	u--------	
4139	εἰ	c--------	εἰ	εἰ	c--------	c--------	
4140	ἐγώ	p1s---cg-	ἐγώ	ἐγώ	p-s---mg-	p1s---cg-	
4141	Κλεινίας	n-s---mn-	κλεινίας	Κλεινίας	n-s---mn-	n-s---mn-	
4142	ἄρχω	v--pna---	ἄρχω	ἄρχω	v--pna---	v--pna---	
4143	ἐθέλω	v3spoa---	ἐθέλω	ἐθέλω	v3spoa---	v3spoa---	
4144	.	u--------	.	.	u--------	u--------	
4145	καί	b--------	καί	καί	d--------	b--------	
4146	γάρ	g--------	γάρ	γάρ	d--------	g--------	
4147	πονέω	v1spoa---	πονέω	πονέω	v1spoa---	v1spoa---	
4148	ἄν	g--------	ἄν	ἄν	d--------	g--------	
4149	ῥᾴδιος	a-s---nac	ῥᾴδιος	ῥᾴδιος	a-s---nac	a-s---nac	
4150	ἐκεῖνος	p-s---md-	ἐκεῖνος	ἐκεῖνος	p-s---md-	p-s---md-	
4151	ἤ	c--------	ἤ1	ἤ	c--------	c--------	
4152	ἀναπαύω	v1spom---	ἀναπαύω	ἀναπαύω	v1spoe---	v1spom---	
4153	,	u--------	,	,	u--------	u--------	
4154	καί	b--------	καί	καί	c--------	b--------	
4155	κινδυνεύω	v1spoa---	κινδυνεύω	κινδυνεύω	v1spoa---	v1spoa---	
4156	ἄν	g--------	ἄν	ἄν	d--------	g--------	
4157	πρό	r--------	πρό	πρό	r--------	r--------	
4158	ἐκεῖνος	p-s---mg-	ἐκεῖνος	ἐκεῖνος	p-s---mg-	p-s---mg-	
4159	ἡδύς	a-s---nac	ἡδύς	ἡδύς	a-s---nac	a-s---nac	
4160	ἤ	c--------	ἤ1	ἤ	c--------	c--------	
4161	ἀκίνδυνος	a-s---mn-	ἀκίνδυνος	ἀκίνδυνος	a-s---mn-	a-s---mn-	
4162	ζάω	v1spoa---	ζάω	ζάω	v1spoa---	v1spoa---	
4163	.	u--------	.	.	u--------	u--------	
4164	ὥστε	g--------	ὥστε	ὥστε	d--------	g--------	
4165	εἰ	c--------	εἰ	εἰ	c--------	c--------	
4166	σύ	p2s---cn-	σύ	σύ	p-s---mn-	p2s---cn-	
4167	,	u--------	,	,	u--------	u--------	
4168	ὦ	i--------	ὦ	ὦ	i--------	i--------	
4169	Καλλίης	n-s---mv-	καλλίης	Καλλίης	n-s---mv-	n-s---mv-	
4170	,	u--------	,	,	u--------	u--------	
4171	μέγας	a-s---na-	μέγας	μέγας	a-s---na-	a-s---na-	
4172	φρονέω	v2spia---	φρονέω	φρονέω	v2spia---	v2spia---	
4173	ὅτι	c--------	ὅτι	ὅτι	c--------	c--------	
4174	δίκαιος	a-p---mac	δίκαιος	δίκαιος	a-p---mac	a-p---mac	
4175	δύναμαι	v2spim---	δύναμαι	δύναμαι	v2spie---	v2spim---	
4176	ποιέω	v--pna---	ποιέω	ποιέω	v--pna---	v--pna---	
4177	,	u--------	,	,	u--------	u--------	
4178	ἐγώ	p1s---cn-	ἐγώ	ἐγώ	p-s---mn-	p1s---cn-	
4179	πρός	r--------	πρός	πρός	r--------	r--------	
4180	πᾶς	a-s---fa-	πᾶς	πᾶς	a-s---fa-	a-s---fa-	
4181	ἀρετή	n-s---fa-	ἀρετή	ἀρετή	n-s---fa-	n-s---fa-	
4182	δίκαιος	a-s---mnc	δίκαιος	δίκαιος	a-s---mnc	a-s---mnc	
4183	σύ	p2s---cg-	σύ	σύ	p-s---mg-	p2s---cg-	
4184	εἰμί	v1spia---	εἰμί	εἰμί	v1spia---	v1spia---	
4185	ἄγω	v-sppamn-	ἄγω	ἄγω	v-sppamn-	v-sppamn-	
4186	ἄνθρωπος	n-p---ma-	ἄνθρωπος	ἄνθρωπος	n-p---ma-	n-p---ma-	
4187	.	u--------	.	.	u--------	u--------	
4188	διά	r--------	διά	διά	r--------	r--------	
4189	γάρ	g--------	γάρ	γάρ	d--------	g--------	
4190	ὁ	l-s---na-	ὁ	ὁ	l-s---na-	l-s---na-	
4191	ἐμπνέω	v--pna---	ἐμπνέω	ἐμπνέω	v--pna---	v--pna---	
4192	τις	p-s---na-	τις	τις	p-s---na-	p-s---na-	
4193	ἐγώ	p-p---ma-	ἐγώ	ἐγώ	p-p---ma-	p-p---ma-	
4194	ὁ	l-p---ma-	ὁ	ὁ	l-p---ma-	l-p---ma-	
4195	καλός	a-p---ma-	καλός	καλός	a-p---ma-	a-p---ma-	
4196	ὁ	l-p---md-	ὁ	ὁ	l-p---md-	l-p---md-	
4197	ἐρωτικός	a-p---md-	ἐρωτικός	ἐρωτικός	a-p---md-	a-p---md-	
4198	ἐλευθέριος	a-p---mac	ἐλευθέριος	ἐλευθέριος	a-p---mac	a-p---mac	
4199	μέν	g--------	μέν	μέν	d--------	g--------	
4200	αὐτός	p-p---ma-	αὐτός	αὐτός	p-p---ma-	p-p---ma-	
4201	ποιέω	v1ppia---	ποιέω	ποιέω	v1ppia---	v1ppia---	
4202	εἰς	r--------	εἰς	εἰς	r--------	r--------	
4203	χρῆμα	n-p---na-	χρῆμα	χρῆμα	n-p---na-	n-p---na-	
4204	,	u--------	,	,	u--------	u--------	
4205	φιλόπονος	a-p---mac	φιλόπονος	φιλόπονος	a-p---mac	a-p---mac	
4206	δέ	b--------	δέ	δέ	c--------	b--------	
4207	καί	b--------	καί	καί	c--------	b--------	
4208	φιλόκαλος	a-p---mac	φιλόκαλος	φιλόκαλος	a-p---mac	a-p---mac	
4209	ἐν	r--------	ἐν	ἐν	r--------	r--------	
4210	ὁ	l-p---md-	ὁ	ὁ	l-p---md-	l-p---md-	
4211	κίνδυνος	n-p---md-	κίνδυνος	κίνδυνος	n-p---md-	n-p---md-	
4212	,	u--------	,	,	u--------	u--------	
4213	καί	b--------	καί	καί	c--------	b--------	
4214	μήν	d--------	μήν	μήν	d--------	d--------	
4215	αἰδήμων	a-p---mac	αἰδήμων	αἰδήμων	a-p---mac	a-p---mac	
4216	τε	b--------	τε	τε	c--------	b--------	
4217	καί	b--------	καί	καί	c--------	b--------	
4218	ἐγκρατής	a-p---mac	ἐγκρατής	ἐγκρατής	a-p---mac	a-p---mac	
4219	,	u--------	,	,	u--------	u--------	
4220	ὅς	p-p---mn-	ὅς	ὅς	p-p---mn-	p-p---mn-	
4221	γε	d--------	γε	γε	d--------	d--------	
4222	καί	d--------	καί	καί	d--------	d--------	
4223	ὅς	p-p---ng-	ὅς	ὅς	p-p---ng-	p-p---ng-	
4224	δέω	v3ppim---	δέω2	δέω	v3ppie---	v3ppim---	
4225	μάλα	d-------s	μάλιστα	μάλα	d-------s	d-------s	DISAGREE
4226	οὗτος	p-p---na-	οὗτος	οὗτος	p-p---na-	p-p---na-	
4227	αἰσχύνω	v3ppim---	αἰσχύνω	αἰσχύνω	v3ppie---	v3ppim---	
4228	.	u--------	.	.	u--------	u--------	
4229	μαίνομαι	v3ppim---	μαίνομαι	μαίνομαι	v3ppie---	v3ppim---	
4230	δέ	b--------	δέ	δέ	d--------	b--------	
4231	καί	d--------	καί	καί	d--------	d--------	
4232	ὁ	l-p---mn-	ὁ	ὁ	l-p---mn-	l-p---mn-	
4233	μή	d--------	μή	μή	d--------	d--------	
4234	ὁ	l-p---ma-	ὁ	ὁ	l-p---ma-	l-p---ma-	
4235	καλός	a-p---ma-	καλός	καλός	a-p---ma-	a-p---ma-	
4236	στρατηγός	n-p---ma-	στρατηγός	στρατηγός	n-p---ma-	n-p---ma-	
4237	αἱρέω	v-pppmmn-	αἱρέω	αἱρέω	v-pppemn-	v-pppmmn-	
4238	.	u--------	.	.	u--------	u--------	
4239	ἐγώ	p1s---cn-	ἐγώ	ἐγώ	p-s---mn-	p1s---cn-	
4240	γοῦν	g--------	γοῦν	γοῦν	d--------	g--------	
4241	μετά	r--------	μετά	μετά	r--------	r--------	
4242	Κλεινίας	n-s---mg-	κλεινίας	Κλεινίας	n-s---mg-	n-s---mg-	
4243	καί	d--------	καί		d--------		oga_only
4244	ἄν	d--------	ἄν		d--------		oga_only
4245	διά	r--------	διά	διά	r--------	r--------	
4246	πῦρ	n-s---ng-	πῦρ	πῦρ	n-s---ng-	n-s---ng-	
4247	ἔρχομαι	v1spoa---	εἶμι	ἔρχομαι	v1spoa---	v1spoa---	DISAGREE
4248	·	u--------	·	·	u--------	u--------	
4249	οἶδα	v1sria---	οἶδα	οἶδα	v1sria---	v1sria---	
4250	δέ	b--------	δέ	δέ	d--------	b--------	
4251	ὅτι	c--------	ὅτι	ὅτι	c--------	c--------	
4252	καί	d--------	καί	καί	d--------	d--------	
4253	σύ	p-p---cn-	σύ	σύ	p-p---cn-	p-p---cn-	
4254	μετά	r--------	μετά	μετά	r--------	r--------	
4255	ἐγώ	p1s---cg-	ἐγώ	ἐγώ	p-s---mg-	p1s---cg-	
4256	.	u--------	.	.	u--------	u--------	
4257	ὥστε	g--------	ὥστε	ὥστε	d--------	g--------	
4258	μηκέτι	d--------	μηκέτι	μηκέτι	d--------	d--------	
4259	ἀπορέω	v2spma---	ἀπορέω	ἀπορέω	v2spma---	v2spma---	
4260	,	u--------	,	,	u--------	u--------	
4261	ὦ	i--------	ὦ	ὦ	i--------	i--------	
4262	Σωκράτης	n-s---mv-	σωκράτης	Σωκράτης	n-s---mv-	n-s---mv-	
4263	,	u--------	,	,	u--------	u--------	
4264	εἰ	c--------	εἰ	εἰ	c--------	c--------	
4265	τις	p-s---na-	τις	τις	p-s---na-	p-s---na-	
4266	ὁ	l-s---nn-	ὁ		l-s---nn-		oga_only
4267	ἐμός	a-s---nn-	ἐμός		a-s---nn-		oga_only
4268	κάλλος	n-s---nn-	κάλλος	κάλλος	n-s---nn-	n-s---nn-	
4269	ἄνθρωπος	n-p---ma-	ἄνθρωπος	ἄνθρωπος	n-p---ma-	n-p---ma-	
4270	ὠφελέω	v3sfia---	ὠφελέω	ὠφελέω	v3sfia---	v3sfia---	
4271	.	u--------	.	.	u--------	u--------	
4272	ἀλλά	b--------	ἀλλά	ἀλλά	d--------	b--------	
4273	οὐ	d--------	οὐ	οὐ	d--------	d--------	
4274	δέ	d--------	δέ		d--------		oga_only
4275	μέντοι	d--------	μέντοι		d--------		oga_only
4276	οὗτος	p-s---fd-	οὗτος		p-s---fd-		oga_only
4277	γε	d--------	γε		d--------		oga_only
4278	ἀτιμάζω	a-s---nn-	ἀτιμάζω		a-s---nn-		oga_only
4279	ὁ	l-s---nn-	ὁ		l-s---nn-		oga_only
4280	κάλλος	n-s---nn-	κάλλος		n-s---nn-		oga_only
4281	ὡς	d--------	ὡς		d--------		oga_only
4282	ταχύς	a-s---na-	ταχύς		a-s---na-		oga_only
4283	παρακμάζω	v-sppann-	παρακμάζω		v-sppann-		oga_only
4284	,	u--------	,		u--------		oga_only
4285	ἐπεί	c--------	ἐπεί		c--------		oga_only
4286	ὥσπερ	c--------	ὥσπερ		c--------		oga_only
4287	γε	d--------	γε		d--------		oga_only
4288	παῖς	n-s---cn-	παῖς		n-s---cn-		oga_only
4289	γίγνομαι	v3spie---	γίγνομαι		v3spie---		oga_only
4290	καλός	a-s---mn-	καλός		a-s---mn-		oga_only
4291	,	u--------	,		u--------		oga_only
4292	οὕτως	d--------	οὕτως		d--------		oga_only
4293	καί	b--------	καί	καί	d--------	b--------	
4294	μειράκιον	n-s---nn-	μειράκιον		n-s---nn-		oga_only
4295	καί	b--------	καί	καί	d--------	b--------	
4296	ἀνήρ	n-s---mn-	ἀνήρ		n-s---mn-		oga_only
4297	καί	c--------	καί		c--------		oga_only
4298	πρεσβύτης	n-s---mn-	πρεσβύτης		n-s---mn-		oga_only
4299	.	u--------	.		u--------		oga_only
4300	τεκμήριον	n-s---nn-	τεκμήριον		n-s---nn-		oga_only
4301	δέ	d--------	δέ		d--------		oga_only
4302							unmatched
4303	θαλλοφόρος	a-p---ma-	θαλλοφόρος		a-p---ma-		oga_only
4304	γάρ	d--------	γάρ		d--------		oga_only
4305	ὁ	l-s---fd-	ὁ		l-s---fd-		oga_only
4306	ἀθήνη	n-s---fd-	ἀθήνη		n-s---fd-		oga_only
4307	ὁ	l-p---ma-	ὁ		l-p---ma-		oga_only
4308	καλός	a-p---ma-	καλός		a-p---ma-		oga_only
4309	γέρων	n-p---ma-	γέρων		n-p---ma-		oga_only
4310	ἐκλέγω	v3ppie---	ἐκλέγω		v3ppie---		oga_only
4311	,	u--------	,		u--------		oga_only
4312	ὡς	d--------	ὡς		d--------		oga_only
4313	συμπαρομαρτέω	v-sppang-	συμπαρομαρτέω		v-sppang-		oga_only
4314	πᾶς	a-s---fd-	πᾶς		a-s---fd-		oga_only
4315	ἡλικία	n-s---fd-	ἡλικία		n-s---fd-		oga_only
4316	ὁ	l-s---ng-	ὁ		l-s---ng-		oga_only
4317	κάλλος	n-s---ng-	κάλλος		n-s---ng-		oga_only
4318	.	u--------	.		u--------		oga_only
4319	εἰ	c--------	εἰ	εἰ	c--------	c--------	
4320	δέ	b--------	δέ	δέ	d--------	b--------	
4321	ἡδύς	a-s---nn-	ἡδύς	ἡδύς	a-s---nn-	a-s---nn-	
4322	ὁ	l-s---nn-	ὁ	ὁ	l-s---nn-	l-s---nn-	
4323	παρά	r--------	παρά	παρά	r--------	r--------	
4324	ἑκών	a-p---ng-	ἑκών	ἑκών	a-p---ng-	a-p---ng-	
4325	διαπράσσω	v--pnm---	διαπράσσω	διαπράσσω	v--pne---	v--pnm---	
4326	ὅς	p-p---ng-	ὅς	ὅς	p-p---ng-	p-p---ng-	
4327	τις	p-s---cn-	τις	τις	p-s---mn-	p-s---cn-	
4328	δέω	v3spom---	δέω2	δέω	v3spoe---	v3spom---	
4329	,	u--------	,	,	u--------	u--------	
4330	εὖ	d--------	εὖ	εὖ	d--------	d--------	
4331	οἶδα	v1sria---	οἶδα	οἶδα	v1sria---	v1sria---	
4332	ὅτι	c--------	ὅτι	ὅτι	c--------	c--------	
4333	καί	d--------	καί	καί	d--------	d--------	
4334	νυνί	d--------	νυνί	νυνί	d--------	d--------	
4335	ταχύς	a-s---nac	ταχύς	ταχύς	a-s---nac	a-s---nac	
4336	ἄν	g--------	ἄν	ἄν	d--------	g--------	
4337	ἐγώ	p1s---cn-	ἐγώ	ἐγώ	p-s---mn-	p1s---cn-	
4338	καί	b--------	καί	καί	d--------	b--------	
4339	σιωπάω	v-sppamn-	σιωπάω	σιωπάω	v-sppamn-	v-sppamn-	
4340	πείθω	v1saoa---	πείθω	πείθω	v1saoa---	v1saoa---	
4341	ὁ	l-s---ma-	ὁ	ὁ	l-s---ma-	l-s---ma-	
4342	παῖς	n-s---ca-	παῖς	παῖς	n-s---ca-	n-s---ca-	
4343	ὅδε	p-s---ma-	ὅδε	ὅδε	a-s---ma-	p-s---ma-	
4344	καί	b--------	καί	καί	c--------	b--------	
4345	ὁ	l-s---fa-	ὁ	ὁ	l-s---fa-	l-s---fa-	
4346	παῖς	n-s---ca-	παῖς	παῖς	n-s---ca-	n-s---ca-	
4347	φιλέω	v--ana---	φιλέω	φιλέω	v--ana---	v--ana---	
4348	ἐγώ	p1s---ca-	ἐγώ	ἐγώ	p-s---ma-	p1s---ca-	
4349	ἤ	c--------	ἤ1	ἤ	c--------	c--------	
4350	σύ	p2s---cn-	σύ	σύ	p-s---mn-	p2s---cn-	
4351	,	u--------	,	,	u--------	u--------	
4352	ὦ	i--------	ὦ	ὦ	i--------	i--------	
4353	Σωκράτης	n-s---mv-	σωκράτης	Σωκράτης	n-s---mv-	n-s---mv-	
4354	,	u--------	,	,	u--------	u--------	
4355	εἰ	c--------	εἰ	εἰ	c--------	c--------	
4356	καί	d--------	καί	καί	d--------	d--------	
4357	πάνυ	d--------	πάνυ	πάνυ	d--------	d--------	
4358	πολύς	a-p---na-	πολύς	πολύς	a-p---na-	a-p---na-	
4359	καί	b--------	καί	καί	c--------	b--------	
4360	σοφός	a-p---na-	σοφός	σοφός	a-p---na-	a-p---na-	
4361	λέγω	v2spoa---	λέγω	λέγω	v2spoa---	v2spoa---	
4362	.	u--------	.	.	u--------	u--------	
4363	τις	p-s---nn-	τίς	τις	p-s---nn-	p-s---nn-	
4364	οὗτος	p-s---nn-	οὗτος	οὗτος	p-s---nn-	p-s---nn-	
4365	;	u--------		;		u--------	glaux_only
4366	φημί	v3siia---	φημί	φημί	v3siia---	v3siia---	
4367	ὁ	l-s---mn-	ὁ	ὁ	l-s---mn-	l-s---mn-	
4368	Σωκράτης	n-s---mn-	σωκράτης	Σωκράτης	n-s---mn-	n-s---mn-	
4369	·	u--------	·	·	u--------	u--------	
4370	ὡς	d--------	ὡς	ὡς	d--------	d--------	
4371	γάρ	g--------	γάρ	γάρ	d--------	g--------	
4372	καί	d--------	καί	καί	d--------	d--------	
4373	ἐγώ	p1s---cg-	ἐγώ	ἐγώ	p-s---mg-	p1s---cg-	
4374	καλός	a-s---mnc	καλός	καλός	a-s---mnc	a-s---mnc	
4375	εἰμί	v-sppamn-	εἰμί	εἰμί	v-sppamn-	v-sppamn-	
4376	οὗτος	p-p---na-	οὗτος	οὗτος	p-p---na-	p-p---na-	
4377	κομπάζω	v2spia---	κομπάζω	κομπάζω	v2spia---	v2spia---	
4378	.	u--------	.	.	u--------	u--------	
4379	νή	r--------	νή	νή	r--------	r--------	
4380	Ζεύς	n-s---ma-	ζεύς	Ζεύς	n-s---ma-	n-s---ma-	
4381	,	u--------	,	,	u--------	u--------	
4382	φημί	v3siia---	φημί	φημί	v3siia---	v3siia---	
4383	ὁ	l-s---mn-	ὁ	ὁ	l-s---mn-	l-s---mn-	
4384	Κριτόβουλος	n-s---mn-	κριτόβουλος	Κριτόβουλος	n-s---mn-	n-s---mn-	
4385	,	u--------	,	,	u--------	u--------	
4386	ἤ	b--------	ἤ1	ἤ	c--------	b--------	
4387	πᾶς	a-p---mg-	πᾶς	πᾶς	a-p---mg-	a-p---mg-	
4388	Σειληνός	n-p---mg-	σειληνός	Σειληνός	n-p---mg-	n-p---mg-	
4389	ὁ	l-p---mg-	ὁ	ὁ	l-p---mg-	l-p---mg-	
4390	ἐν	r--------	ἐν	ἐν	r--------	r--------	
4391	ὁ	l-p---nd-	ὁ	ὁ	l-p---nd-	l-p---nd-	
4392	Σατυρικός	a-p---nd-	σατυρικός	Σατυρικός	a-p---nd-	a-p---nd-	
4393	αἰσχρός	a-s---mns	αἰσχρός	αἰσχρός	a-s---mns	a-s---mns	
4394	ἄν	g--------	ἄν	ἄν	d--------	g--------	
4395	εἰμί	v1spoa---	εἰμί	εἰμί	v1spoa---	v1spoa---	
4396	.	u--------	.	.	u--------	u--------	
4397	ὁ	l-s---mn-	ὁ		l-s---mn-		oga_only
4398	δέ	d--------	δέ		d--------		oga_only
4399	σωκράτης	n-s---mn-	σωκράτης		n-s---mn-		oga_only
4400	καί	d--------	καί		d--------		oga_only
4401	τυγχάνω	v3siia---	τυγχάνω		v3siia---		oga_only
4402	προσεμφερής	a-s---mn-	προσεμφερής		a-s---mn-		oga_only
4403	οὗτος	p-p---md-	οὗτος		p-p---md-		oga_only
4404	εἰμί	v-sppamn-	εἰμί		v-sppamn-		oga_only
4405	.	u--------	.		u--------		oga_only
4406	ἄγω	v2spma---	ἄγε	ἄγω	v2spma---	v2spma---	DISAGREE
4407	νυν	g--------	νῦν	νυν	d--------	g--------	
4408	,	u--------	,	,	u--------	u--------	
4409	φημί	v3siia---	φημί	φημί	v3siia---	v3siia---	
4410	ὁ	l-s---mn-	ὁ	ὁ	l-s---mn-	l-s---mn-	
4411	Σωκράτης	n-s---mn-	σωκράτης	Σωκράτης	n-s---mn-	n-s---mn-	
4412	,	u--------	,	,	u--------	u--------	
4413	ὅπως	c--------	ὅπως	ὅπως	c--------	c--------	
4414	μιμνῄσκω	v2sfim---	μιμνῄσκω	μιμνῄσκω	v2sfim---	v2sfim---	
4415	διακρίνω	v--anp---	διακρίνω	διακρίνω	v--anp---	v--anp---	
4416	περί	r--------	περί	περί	r--------	r--------	
4417	ὁ	l-s---ng-	ὁ	ὁ	l-s---ng-	l-s---ng-	
4418	κάλλος	n-s---ng-	κάλλος	κάλλος	n-s---ng-	n-s---ng-	
4419	,	u--------	,	,	u--------	u--------	
4420	ἐπειδάν	c--------	ἐπειδάν	ἐπειδάν	c--------	c--------	
4421	ὁ	l-p---mn-	ὁ	ὁ	l-p---mn-	l-p---mn-	
4422	πρόκειμαι	v-prpmmn-	πρόκειμαι	πρόκειμαι	v-prpemn-	v-prpmmn-	
4423	λόγος	n-p---mn-	λόγος	λόγος	n-p---mn-	n-p---mn-	
4424	περιέρχομαι	v3pasa---	περιέρχομαι	περιέρχομαι	v3pasa---	v3pasa---	
4425	.	u--------	.	.	u--------	u--------	
4426	κρίνω	v3sama---	κρίνω	κρίνω	v3sama---	v3sama---	
4427	δέ	b--------	δέ	δέ	d--------	b--------	
4428	ἐγώ	p-p---ma-	ἐγώ	ἐγώ	p-p---ma-	p-p---ma-	
4429	μή	d--------	μή	μή	d--------	d--------	
4430	Ἀλέξανδρος	n-s---mn-	ἀλέξανδρος	Ἀλέξανδρος	n-s---mn-	n-s---mn-	
4431	ὁ	l-s---mn-	ὁ	ὁ	l-s---mn-	l-s---mn-	
4432	Πρίαμος	n-s---mg-	πρίαμος	Πρίαμος	n-s---mg-	n-s---mg-	
4433	,	u--------	,	,	u--------	u--------	
4434	ἀλλά	b--------	ἀλλά	ἀλλά	c--------	b--------	
4435	αὐτός	p-p---mn-	αὐτός	αὐτός	a-p---mn-	p-p---mn-	
4436	οὗτος	p-p---mn-	οὗτος	οὗτος	p-p---mn-	p-p---mn-	
4437	ὅς	p-p---ma-	ὅς	ὅς	p-p---ma-	p-p---ma-	
4438	σύ	p2s---cn-	σύ	σύ	p-s---mn-	p2s---cn-	
4439	οἴομαι	v2spim---	οἴομαι	οἴομαι	v2spie---	v2spim---	
4440	ἐπιθυμέω	v--pna---	ἐπιθυμέω	ἐπιθυμέω	v--pna---	v--pna---	
4441	σύ	p2s---ca-	σύ	σύ	p-s---ma-	p2s---ca-	
4442	φιλέω	v--ana---	φιλέω	φιλέω	v--ana---	v--ana---	
4443	.	u--------	.	.	u--------	u--------	
4444	Κλεινίας	n-s---md-	κλεινίας	Κλεινίας	n-s---md-	n-s---md-	
4445	δέ	b--------	δέ	δέ	d--------	b--------	
4446	,	u--------	,	,	u--------	u--------	
4447	φημί	v3siia---	φημί	φημί	v3siia---	v3siia---	
4448	,	u--------	,	,	u--------	u--------	
4449	ὦ	i--------	ὦ	ὦ	i--------	i--------	
4450	Σωκράτης	n-s---mv-	σωκράτης	Σωκράτης	n-s---mv-	n-s---mv-	
4451	,	u--------	,	,	u--------	u--------	
4452	οὐ	d--------	οὐ	οὐ	d--------	d--------	
4453	ἄν	g--------	ἄν	ἄν	d--------	g--------	
4454	ἐπιτρέπω	v2saoa---	ἐπιτρέπω	ἐπιτρέπω	v2saoa---	v2saoa---	
4455	;	u--------	;	;	u--------	u--------	
4456	καί	d--------	καί	καί	d--------	d--------	
4457	ὅς	p-s---mn-	ὅς	ὅς	p-s---mn-	p-s---mn-	
4458	λέγω	v3saia---	λέγω	λέγω	v3saia---	v3saia---	
4459	·	u--------	·	·	u--------	u--------	
4460	οὐ	d--------	οὐ	οὐ	d--------	d--------	
4461	γάρ	g--------	γάρ	γάρ	d--------	g--------	
4462	παύω	v2sfim---	παύω	παύω	v2sfim---	v2sfim---	
4463	σύ	p2s---cn-	σύ	σύ	p-s---mn-	p2s---cn-	
4464	Κλεινίας	n-s---mg-	κλεινίας	Κλεινίας	n-s---mg-	n-s---mg-	
4465	μιμνῄσκω	v-srpmmn-	μιμνήσκω	μιμνῄσκω	v-srpemn-	v-srpmmn-	
4466	;	u--------	;	;	u--------	u--------	
4467	ἐάν	c--------	ἄν	ἐάν	c--------	c--------	DISAGREE
4468	δέ	b--------	δέ	δέ	d--------	b--------	
4469	μή	d--------	μή	μή	d--------	d--------	
4470	ὀνομάζω	v1spia---	ὀνομάζω	ὀνομάζω	v1spia---	v1spia---	
4471	,	u--------	,	,	u--------	u--------	
4472	ἥσσων	a-s---nac	ἥσσων	ἥσσων	a-s---nac	a-s---nac	
4473	τίς	p-s---na-	τίς	τίς	a-s---na-	p-s---na-	
4474	ἐγώ	p1s---ca-	ἐγώ	ἐγώ	p-s---ma-	p1s---ca-	
4475	οἴομαι	v2spim---	οἴομαι	οἴομαι	v2spie---	v2spim---	
4476	μιμνῄσκω	v--rnm---	μιμνήσκω	μιμνῄσκω	v--rne---	v--rnm---	
4477	αὐτός	p-s---mg-	αὐτός	αὐτός	p-s---mg-	p-s---mg-	
4478	;	u--------	;	;	u--------	u--------	
4479	οὐ	d--------	οὐ	οὐ	d--------	d--------	
4480	οἶδα	v2sria---	οἶδα	οἶδα	v2sria---	v2sria---	
4481	ὅτι	c--------	ὅτι	ὅτι	c--------	c--------	
4482	οὕτως	d--------	οὕτως	οὕτως	d--------	d--------	
4483	σαφής	a-s---na-	σαφής	σαφής	a-s---na-	a-s---na-	
4484	ἔχω	v1spia---	ἔχω	ἔχω	v1spia---	v1spia---	
4485	εἴδωλον	n-s---na-	εἴδωλον	εἴδωλον	n-s---na-	n-s---na-	
4486	αὐτός	p-s---mg-	αὐτός	αὐτός	p-s---mg-	p-s---mg-	
4487	ἐν	r--------	ἐν	ἐν	r--------	r--------	
4488	ὁ	l-s---fd-	ὁ	ὁ	l-s---fd-	l-s---fd-	
4489	ψυχή	n-s---fd-	ψυχή	ψυχή	n-s---fd-	n-s---fd-	
4490	ὡς	c--------	ὡς	ὡς	c--------	c--------	
4491	εἰ	c--------	εἰ	εἰ	c--------	c--------	
4492	πλαστικός	a-s---mn-	πλαστικός	πλαστικός	a-s---mn-	a-s---mn-	
4493	ἤ	b--------	ἤ1	ἤ	c--------	b--------	
4494	ζωγραφικός	a-s---mn-	ζωγραφικός	ζωγραφικός	a-s---mn-	a-s---mn-	
4495	εἰμί	v1siia---	εἰμί	εἰμί	v1siia---	v1siia---	
4496	,	u--------	,	,	u--------	u--------	
4497	οὐδείς	p-s---na-	οὐδείς	οὐδείς	p-s---na-	p-s---na-	
4498	ἄν	g--------	ἄν	ἄν	d--------	g--------	
4499	ἥσσων	a-s---nac	ἥσσων	ἥσσων	a-s---nac	a-s---nac	
4500	ἐκ	r--------	ἐκ	ἐκ	r--------	r--------	
4501	ὁ	l-s---ng-	ὁ	ὁ	l-s---ng-	l-s---ng-	
4502	εἴδωλον	n-s---ng-	εἴδωλον	εἴδωλον	n-s---ng-	n-s---ng-	
4503	ἤ	c--------	ἤ1	ἤ	c--------	c--------	
4504	πρός	r--------	πρός	πρός	r--------	r--------	
4505	αὐτός	p-s---ma-	αὐτός	αὐτός	p-s---ma-	p-s---ma-	
4506	ὁράω	v-sppamn-	ὁράω	ὁράω	v-sppamn-	v-sppamn-	
4507	ὅμοιος	a-s---na-	ὅμοιος	ὅμοιος	a-s---na-	a-s---na-	
4508	αὐτός	p-s---md-	αὐτός	αὐτός	p-s---md-	p-s---md-	
4509	ἀπεργάζομαι	v1saim---	ἀπεργάζομαι	ἀπεργάζομαι	v1saim---	v1saim---	
4510	;	u--------	;	;	u--------	u--------	
4511	καί	b--------	καί	καί	d--------	b--------	
4512	ὁ	l-s---mn-	ὁ	ὁ	l-s---mn-	l-s---mn-	
4513	Σωκράτης	n-s---mn-	σωκράτης	Σωκράτης	n-s---mn-	n-s---mn-	
4514	ὑπολαμβάνω	v3saia---	ὑπολαμβάνω	ὑπολαμβάνω	v3saia---	v3saia---	
4515	·	u--------	·	·	u--------	u--------	
4516	τίς	p-s---na-	τίς	τίς	p-s---na-	p-s---na-	
4517	δῆτα	d--------	δῆτα	δῆτα	d--------	d--------	
4518	οὕτως	d--------	οὕτως	οὕτως	d--------	d--------	
4519	ὅμοιος	a-s---na-	ὅμοιος	ὅμοιος	a-s---na-	a-s---na-	
4520	εἴδωλον	n-s---na-	εἴδωλον	εἴδωλον	n-s---na-	n-s---na-	
4521	ἔχω	v-sppamn-	ἔχω	ἔχω	v-sppamn-	v-sppamn-	
4522	πρᾶγμα	n-p---na-	πρᾶγμα	πρᾶγμα	n-p---na-	n-p---na-	
4523	ἐγώ	p1s---cd-	ἐγώ	ἐγώ	p-s---md-	p1s---cd-	
4524	παρέχω	v2spia---	παρέχω	παρέχω	v2spia---	v2spia---	
4525	ἄγω	v2spia---	ἄγω	ἄγω	v2spia---	v2spia---	
4526	τε	b--------	τε	τε	g--------	b--------	
4527	αὐτός	p-s---ma-	αὐτός	αὐτός	a-s---ma-	p-s---ma-	
4528	ὅπου	d--------	ὅπου	ὅπου	d--------	d--------	
4529	ὁράω	v2sfim---	ὄψις	ὁράω	v2sfim---	v2sfim---	DISAGREE
4530	;	u--------	;	;	u--------	u--------	
4531	ὅτι	c--------	ὅτι	ὅτι	d--------	c--------	
4532	,	u--------	,	,	u--------	u--------	
4533	ὦ	i--------	ὦ	ὦ	i--------	i--------	
4534	Σωκράτης	n-s---mv-	σωκράτης	Σωκράτης	n-s---mv-	n-s---mv-	
4535	,	u--------	,	,	u--------	u--------	
4536	ὁ	l-s---fn-	ὁ	ὁ	l-s---fn-	l-s---fn-	
4537	μέν	g--------	μέν	μέν	d--------	g--------	
4538	αὐτός	p-s---mg-	αὐτός	αὐτός	p-s---mg-	p-s---mg-	
4539	ὄψις	n-s---fn-	ὄψις	ὄψις	n-s---fn-	n-s---fn-	
4540	εὐφραίνω	v--pna---	εὐφραίνω	εὐφραίνω	v--pna---	v--pna---	
4541	δύναμαι	v3spim---	δύναμαι	δύναμαι	v3spie---	v3spim---	
4542	,	u--------	,	,	u--------	u--------	
4543	ὁ	l-s---fn-	ὁ	ὁ	l-s---fn-	l-s---fn-	
4544	δέ	b--------	δέ	δέ	d--------	b--------	
4545	ὁ	l-s---ng-	ὁ	ὁ	l-s---ng-	l-s---ng-	
4546	εἴδωλον	n-s---ng-	εἴδωλον	εἴδωλον	n-s---ng-	n-s---ng-	
4547	τέρψις	n-s---fa-	τέρψις	τέρψις	n-s---fa-	n-s---fa-	
4548	μέν	g--------	μέν	μέν	d--------	g--------	
4549	οὐ	d--------	οὐ	οὐ	d--------	d--------	
4550	παρέχω	v3spia---	παρέχω	παρέχω	v3spia---	v3spia---	
4551	,	u--------	,	,	u--------	u--------	
4552	πόθος	n-s---ma-	πόθος	πόθος	n-s---ma-	n-s---ma-	
4553	δέ	b--------	δέ	δέ	d--------	b--------	
4554	ἐμποιέω	v3spia---	ἐμποιέω	ἐμποιέω	v3spia---	v3spia---	
4555	.	u--------	.	.	u--------	u--------	
4556	καί	b--------	καί	καί	d--------	b--------	
4557	ὁ	l-s---mn-	ὁ	ὁ	l-s---mn-	l-s---mn-	
4558	Ἑρμογένης	n-s---mn-	ἑρμογένης	Ἑρμογένης	n-s---mn-	n-s---mn-	
4559	λέγω	v3saia---	λέγω	λέγω	v3saia---	v3saia---	
4560	·	u--------	·	·	u--------	u--------	
4561	ἀλλά	b--------	ἀλλά	ἀλλά	d--------	b--------	
4562	ἐγώ	p1s---cn-	ἐγώ	ἐγώ	p-s---mn-	p1s---cn-	
4563	,	u--------	,	,	u--------	u--------	
4564	ὦ	i--------	ὦ	ὦ	i--------	i--------	
4565	Σωκράτης	n-s---mv-	σωκράτης	Σωκράτης	n-s---mv-	n-s---mv-	
4566	,	u--------	,	,	u--------	u--------	
4567	οὐ	d--------	οὐ	οὐ	d--------	d--------	
4568	δέ	d--------	δέ		d--------		oga_only
4569	πρός	r--------	πρός		r--------		oga_only
4570	σύ	p-s---mg-	σύ		p-s---mg-		oga_only
4571	ποιέω	v1spia---	ποιέω		v1spia---		oga_only
4572	ὁ	l-s---na-	ὁ		l-s---na-		oga_only
4573	περίἰδέω	v--pna---	περίἰδέω		v--pna---		oga_only
4574	κριτόβουλος	n-s---ma-	κριτόβουλος		n-s---ma-		oga_only
4575	οὕτως	d--------	οὕτως		d--------		oga_only
4576	ὑπό	r--------	ὑπό		r--------		oga_only
4577	ὁ	l-s---mg-	ὁ		l-s---mg-		oga_only
4578	ἔρως	n-s---mg-	ἔρως		n-s---mg-		oga_only
4579	ἐκπλήσσω	v-sappma-	ἐκπλήσσω		v-sappma-		oga_only
4580	.	u--------	.		u--------		oga_only
4581	δοκέω	v2spia---	δοκέω		v2spia---		oga_only
4582	γάρ	d--------	γάρ		d--------		oga_only
4583	,	u--------	,		u--------		oga_only
4584	φημί	v3siia---	φημί		v3siia---		oga_only
4585	ὁ	l-s---mn-	ὁ		l-s---mn-		oga_only
4586	σωκράτης	n-s---mn-	σωκράτης		n-s---mn-		oga_only
4587	,	u--------	,		u--------		oga_only
4588	ἐκ	r--------	ἐκ		r--------		oga_only
4589	ὅς	p-s---ng-	ὅς		p-s---ng-		oga_only
4590	ἐγώ	p-s---md-	ἐγώ		p-s---md-		oga_only
4591	σύνειμι	v3spia---	σύνειμι		v3spia---		oga_only
4592	οὕτως	d--------	οὕτως		d--------		oga_only
4593	διατίθημι	v--anp---	διατίθημι		v--anp---		oga_only
4594	αὐτός	p-s---ma-	αὐτός		p-s---ma-		oga_only
4595	;	u--------	;		u--------		oga_only
4596	ἀλλά	c--------	ἀλλά		c--------		oga_only
4597	ποτέ	d--------	ποτέ		d--------		oga_only
4598	μήν	d--------	μήν		d--------		oga_only
4599							unmatched
4600	οὐ	d--------	οὐ		d--------		oga_only
4601	ὁράω	v2spia---	ὁράω		v2spia---		oga_only
4602	ὅτι	c--------	ὅτι		c--------		oga_only
4603	οὗτος	p-s---nd-	οὗτος		p-s---nd-		oga_only
4604	μέν	d--------	μέν		d--------		oga_only
4605	παρά	r--------	παρά		r--------		oga_only
4606	ὁ	l-p---na-	ὁ		l-p---na-		oga_only
4607	οὖς	n-p---na-	οὖς		n-p---na-		oga_only
4608	ἄρτι	d--------	ἄρτι		d--------		oga_only
4609	ἴουλος	n-s---mn-	ἴουλος		n-s---mn-		oga_only
4610	καθέρπω	v3spia---	καθέρπω		v3spia---		oga_only
4611	,	u--------	,		u--------		oga_only
4612	κλεινίας	n-p---mn-	κλεινίας		n-p---mn-		oga_only
4613	δέ	c--------	δέ		c--------		oga_only
4614	πρός	r--------	πρός		r--------		oga_only
4615	ὁ	l-s---na-	ὁ		l-s---na-		oga_only
4616	ὄπισθεν	d--------	ὄπισθεν		d--------		oga_only
4617	ἤδη	d--------	ἤδη		d--------		oga_only
4618	ἀναβαίνω	v3spia---	ἀναβαίνω		v3spia---		oga_only
4619	;	u--------	;		u--------		oga_only
4620	οὗτος	p-s---mn-	οὗτος		p-s---mn-		oga_only
4621	οὖν	d--------	οὖν		d--------		oga_only
4622	συμφοιτάω	v-sppamn-	συμφοιτάω		v-sppamn-		oga_only
4623	εἰς	r--------	εἰς		r--------		oga_only
4624	ὁ	l-s---na-	ὁ		l-s---na-		oga_only
4625	αὐτός	a-s---na-	αὐτός		a-s---na-		oga_only
4626	διδασκαλεῖον	n-s---na-	διδασκαλεῖον		n-s---na-		oga_only
4627	ἐκεῖνος	p-s---md-	ἐκεῖνος		p-s---md-		oga_only
4628	τότε	d--------	τότε		d--------		oga_only
4629	ἰσχυρός	d--------	ἰσχυρός		d--------		oga_only
4630	προσκαίω	v3saip---	προσκαίω		v3saip---		oga_only
4631	.	u--------	.		u--------		oga_only
4632	ὅς	p-p---na-	ὅς	ὅς	p-p---na-	p-p---na-	
4633	δή	g--------	δή	δή	d--------	g--------	
4634	αἰσθάνομαι	v-sapmmn-	αἰσθάνομαι	αἰσθάνομαι	v-sapmmn-	v-sapmmn-	
4635	ὁ	l-s---mn-	ὁ	ὁ	l-s---mn-	l-s---mn-	
4636	πατήρ	n-s---mn-	πατήρ	πατήρ	n-s---mn-	n-s---mn-	
4637	παραδίδωμι	v3saia---	παραδίδωμι	παραδίδωμι	v3saia---	v3saia---	
4638	ἐγώ	p1s---cd-	ἐγώ	ἐγώ	p-s---md-	p1s---cd-	
4639	αὐτός	p-s---ma-	αὐτός	αὐτός	p-s---ma-	p-s---ma-	
4640	,	u--------	,	,	u--------	u--------	
4641	εἰ	c--------	εἰ	εἰ	c--------	c--------	
4642	τις	p-s---na-	τις	τις	p-s---na-	p-s---na-	
4643	δύναμαι	v1spom---	δύναμαι	δύναμαι	v1spoe---	v1spom---	
4644	ὠφελέω	v--ana---	ὠφελέω	ὠφελέω	v--ana---	v--ana---	
4645	.	u--------	.	.	u--------	u--------	
4646	καί	b--------	καί	καί	d--------	b--------	
4647	μέντοι	g--------	μέντοι	μέντοι	d--------	g--------	
4648	πολύς	a-s---na-	πολύς	πολύς	a-s---na-	a-s---na-	
4649	ἀγαθός	a-s---nac	βελτίων	ἀγαθός	a-s---nac	a-s---nac	DISAGREE
4650	ἤδη	d--------	ἤδη	ἤδη	d--------	d--------	
4651	ἔχω	v3spia---	ἔχω	ἔχω	v3spia---	v3spia---	
4652	.	u--------	.	.	u--------	u--------	
4653	πρόσθεν	d--------	πρόσθεν	πρόσθεν	d--------	d--------	
4654	μέν	g--------	μέν	μέν	d--------	g--------	
4655	γάρ	g--------	γάρ	γάρ	d--------	g--------	
4656	,	u--------	,	,	u--------	u--------	
4657	ὥσπερ	c--------	ὥσπερ	ὥσπερ	c--------	c--------	
4658	ὁ	l-p---mn-	ὁ	ὁ	l-p---mn-	l-p---mn-	
4659	ὁ	l-p---fa-	ὁ	ὁ	l-p---fa-	l-p---fa-	
4660	Γοργώ	n-p---fa-	γοργώ	Γοργώ	n-p---fa-	n-p---fa-	
4661	θεάομαι	v-pppmmn-	θεάομαι	θεάομαι	v-pppemn-	v-pppmmn-	
4662	,	u--------	,	,	u--------	u--------	
4663	λίθινος	d--------	λίθινος	λίθινος	d--------	d--------	
4664	βλέπω	v3siia---	βλέπω	βλέπω	v3siia---	v3siia---	
4665	πρός	r--------	πρός	πρός	r--------	r--------	
4666	αὐτός	p-s---ma-	αὐτός	αὐτός	p-s---ma-	p-s---ma-	
4667	καί	b--------	καί	καί	c--------	b--------	
4668	λίθινος	d--------	λίθινος		d--------		oga_only
4669	οὐδαμοῦ	d--------	οὐδαμοῦ		d--------		oga_only
4670	ἄπειμι2	v3siia---	ἄπειμι2		v3siia---		oga_only
4671	ἀπό	r--------	ἀπό		r--------		oga_only
4672	αὐτός	p-s---mg-	αὐτός		p-s---mg-		oga_only
4673	·	u--------	·		u--------		oga_only
4674	νῦν	d--------	νῦν	νῦν	d--------	d--------	
4675	δέ	b--------	δέ	δέ	d--------	b--------	
4676	ἤδη	d--------	ἤδη	ἤδη	d--------	d--------	
4677	ὁράω	v1saia---	εἶδον	ὁράω	v1saia---	v1saia---	DISAGREE
4678	αὐτός	p-s---ma-	αὐτός	αὐτός	p-s---ma-	p-s---ma-	
4679	καί	d--------	καί	καί	d--------	d--------	
4680	σκαρδαμύσσω	v-sapama-	σκαρδαμύσσω	σκαρδαμύσσω	v-sapama-	v-sapama-	
4681	.	u--------	.	.	u--------	u--------	
4682	καίτοι	g--------	καίτοι	καίτοι	d--------	g--------	
4683	νή	r--------	νή	νή	r--------	r--------	
4684	ὁ	l-p---ma-	ὁ	ὁ	l-p---ma-	l-p---ma-	
4685	θεός	n-p---ma-	θεός	θεός	n-p---ma-	n-p---ma-	
4686	,	u--------	,	,	u--------	u--------	
4687	ὦ	i--------	ὦ	ὦ	i--------	i--------	
4688	ἀνήρ	n-p---mv-	ἀνήρ	ἀνήρ	n-p---mv-	n-p---mv-	
4689	,	u--------	,	,	u--------	u--------	
4690	δοκέω	v3spia---	δοκέω	δοκέω	v3spia---	v3spia---	
4691	ἐγώ	p1s---cd-	ἐγώ	ἐγώ	p-s---md-	p1s---cd-	
4692	γε	d--------	γε	γε	d--------	d--------	
4693	,	u--------	,	,	u--------	u--------	
4694	φημί	v3siia---	φημί	φημί	v3siia---	v3siia---	
4695	,	u--------	,	,	u--------	u--------	
4696	ὡς	c--------	ὡς	ὡς	c--------	c--------	
4697	ἐν	r--------	ἐν	ἐν	r--------	r--------	
4698	ἐγώ	p-p---md-	ἐγώ	ἐγώ	p-p---md-	p-p---md-	
4699	αὐτός	p-p---md-	αὐτός	αὐτός	a-p---md-	p-p---md-	
4700	λέγω	v--pnm---	ἐρῶ	λέγω	v--pne---	v--pnm---	DISAGREE
4701	,	u--------	,	,	u--------	u--------	
4702	οὗτος	p-s---mn-	οὗτος	οὗτος	p-s---mn-	p-s---mn-	
4703	καί	d--------	καί	καί	d--------	d--------	
4704	φιλέω	v--rna---	φιλέω	φιλέω	v--rna---	v--rna---	
4705	ὁ	l-s---ma-	ὁ	ὁ	l-s---ma-	l-s---ma-	
4706	Κλεινίας	n-s---ma-	κλεινίας	Κλεινίας	n-s---ma-	n-s---ma-	
4707	·	u--------	·	·	u--------	u--------	
4708	ὅς	p-s---mg-	ὅς	ὅς	p-s---mg-	p-s---mg-	
4709	ἔρως	n-s---mg-	ἔρως	ἔρως	n-s---mg-	n-s---mg-	
4710	οὐδείς	p-s---nn-	οὐδείς	οὐδείς	a-s---nn-	p-s---nn-	
4711	εἰμί	v3spia---	εἰμί	εἰμί	v3spia---	v3spia---	
4712	δεινός	a-s---nnc	δεινός	δεινός	a-s---nnc	a-s---nnc	
4713	ὑπέκκαυμα	n-s---nn-	ὑπέκκαυμα	ὑπέκκαυμα	n-s---nn-	n-s---nn-	
4714	.	u--------	.	.	u--------	u--------	
4715	καί	b--------	καί	καί	d--------	b--------	
4716	γάρ	g--------	γάρ	γάρ	d--------	g--------	
4717	ἄπληστος	a-s---nn-	ἄπληστος	ἄπληστος	a-s---na-	a-s---nn-	
4718	καί	b--------	καί	καί	c--------	b--------	
4719	ἐλπίς	n-p---fa-	ἐλπίς	ἐλπίς	n-p---fa-	n-p---fa-	
4720	τις	a-p---ca-	τις	τις	a-p---ca-	a-p---ca-	
4721	γλυκύς	a-p---fa-	γλυκύς	γλυκύς	a-p---fa-	a-p---fa-	
4722	παρέχω	v3spia---	παρέχω	παρέχω	v3spia---	v3spia---	
4723	.	u--------	.	.	u--------	u--------	
4724	ἴσως	d--------	ἴσως		d--------		oga_only
4725	δέ	d--------	δέ		d--------		oga_only
4726	καί	d--------	καί		d--------		oga_only
4727	διά	r--------	διά		r--------		oga_only
4728	ὁ	l-s---na-	ὁ		l-s---na-		oga_only
4729	μόνος	d--------	μόνος		d--------		oga_only
4730	πᾶς	a-p---ng-	πᾶς		a-p---ng-		oga_only
4731	ἔργον	n-p---ng-	ἔργον		n-p---ng-		oga_only
4732	ὁ	l-s---na-	ὁ		l-s---na-		oga_only
4733	ὁ	l-p---nd-	ὁ		l-p---nd-		oga_only
4734	σῶμα	n-p---nd-	σῶμα		n-p---nd-		oga_only
4735	συμφράζομαι	v--pna---	συμφράζομαι		v--pna---		oga_only
4736	ὁμώνυμος	a-s---na-	ὁμώνυμος		a-s---na-		oga_only
4737	εἰμί	v--pna---	εἰμί		v--pna---		oga_only
4738	ὁ	l-s---nd-	ὁ		l-s---nd-		oga_only
4739	ὁ	l-p---fd-	ὁ		l-p---fd-		oga_only
4740	ψυχή	n-p---fd-	ψυχή		n-p---fd-		oga_only
4741	φιλέω	v--pne---	φιλέω		v--pne---		oga_only
4742	ἔντιμος	a-s---nn-	ἔντιμος		a-s---nn-		oga_only
4743	εἰμί	v3spia---	εἰμί		v3spia---		oga_only
4744	.	u--------	.		u--------		oga_only
4745	ὅς	p-s---ng-	ὅς		p-s---ng-		oga_only
4746	ἕνεκα	r--------	ἕνεκα		r--------		oga_only
4747	ἀφεκτέον	a-s---na-	ἀφεκτέον		a-s---na-		oga_only
4748	ἐγώ	p-s---mn-	ἐγώ		p-s---mn-		oga_only
4749	φημί	v1spia---	φημί		v1spia---		oga_only
4750	εἰμί	v--pna---	εἰμί		v--pna---		oga_only
4751	φίλημα	n-p---ng-	φίλημα		n-p---ng-		oga_only
4752	ὁ	l-p---ng-	ὁ		l-p---ng-		oga_only
4753	ὡραῖος	a-p---ng-	ὡραῖος		a-p---ng-		oga_only
4754	ὁ	l-s---md-	ὁ		l-s---md-		oga_only
4755	σωφρονέω	v--pna---	σωφρονέω		v--pna---		oga_only
4756	δύναμαι	v-sfpmmd-	δύναμαι		v-sfpmmd-		oga_only
4757	.	u--------	.		u--------		oga_only
4758	καί	b--------	καί	καί	d--------	b--------	
4759	ὁ	l-s---mn-	ὁ	ὁ	l-s---mn-	l-s---mn-	
4760	Χαρμίδης	n-s---mn-	χαρμίδης	Χαρμίδης	n-s---mn-	n-s---mn-	
4761	λέγω	v3saia---	λέγω	λέγω	v3saia---	v3saia---	
4762	·	u--------	·	·	u--------	u--------	
4763	ἀλλά	b--------	ἀλλά	ἀλλά	d--------	b--------	
4764	τίς	p-s---na-	τίς	τίς	a-s---na-	p-s---na-	
4765	δή	g--------	δή	δή	d--------	g--------	
4766	ποτέ	d--------	ποτέ	ποτέ	d--------	d--------	
4767	,	u--------	,	,	u--------	u--------	
4768	ὦ	i--------	ὦ	ὦ	i--------	i--------	
4769	Σωκράτης	n-s---mv-	σωκράτης	Σωκράτης	n-s---mv-	n-s---mv-	
4770	,	u--------	,	,	u--------	u--------	
4771	ἐγώ	p-p---ma-	ἐγώ	ἐγώ	p-p---ma-	p-p---ma-	
4772	μέν	g--------	μέν	μέν	d--------	g--------	
4773	οὕτως	d--------	οὕτως	οὕτως	d--------	d--------	
4774	ὁ	l-p---ma-	ὁ	ὁ	l-p---ma-	l-p---ma-	
4775	φίλος	a-p---ma-	φίλος	φίλος	n-p---ma-	a-p---ma-	
4776	μορμολύττομαι	v2spim---	μορμολύττομαι	μορμολύττομαι	v2spie---	v2spim---	
4777	ἀπό	r--------	ἀπό	ἀπό	r--------	r--------	
4778	ὁ	l-p---mg-	ὁ	ὁ	l-p---mg-	l-p---mg-	
4779	καλός	a-p---mg-	καλός	καλός	a-p---mg-	a-p---mg-	
4780	,	u--------	,	,	u--------	u--------	
4781	αὐτός	p-s---ma-	αὐτός	αὐτός	a-s---ma-	p-s---ma-	
4782	δέ	b--------	δέ	δέ	c--------	b--------	
4783	σύ	p2s---ca-	σύ	σύ	p-s---ma-	p2s---ca-	
4784	,	u--------	,	,	u--------	u--------	
4785	φημί	v3siia---	φημί	φημί	v3siia---	v3siia---	
4786	,	u--------	,	,	u--------	u--------	
4787	ἐγώ	p1s---cn-	ἐγώ	ἐγώ	p-s---mn-	p1s---cn-	
4788	ὁράω	v3paia---	εἶδον	ὁράω	v3paia---	v3paia---	DISAGREE
4789	ναί	d--------	ναί	ναί	d--------	d--------	
4790	μά	r--------	μά	μά	r--------	r--------	
4791	ὁ	l-s---ma-	ὁ	ὁ	l-s---ma-	l-s---ma-	
4792	Ἀπόλλων	n-s---ma-	ἀπόλλων	Ἀπόλλων	n-s---ma-	n-s---ma-	
4793	,	u--------	,	,	u--------	u--------	
4794	ὅτε	c--------	ὅτε	ὅτε	c--------	c--------	
4795	παρά	r--------	παρά	παρά	r--------	r--------	
4796	ὁ	l-s---md-	ὁ	ὁ	l-s---md-	l-s---md-	
4797	γραμματιστής	n-s---md-	γραμματιστής	γραμματιστής	n-s---md-	n-s---md-	
4798	ἐν	r--------	ἐν	ἐν	r--------	r--------	
4799	ὁ	l-s---nd-	ὁ	ὁ	l-s---nd-	l-s---nd-	
4800	αὐτός	p-s---nd-	αὐτός	αὐτός	a-s---nd-	p-s---nd-	
4801	βιβλίον	n-s---nd-	βιβλίον	βιβλίον	n-s---nd-	n-s---nd-	
4802	ἀμφότερος	a-p---mn-	ἀμφότερος	ἀμφότερος	a-p---mn-	a-p---mn-	
4803	μαστεύω	v2piia---	μαστεύω	μαστεύω	v2piia---	v2piia---	
4804	τις	p-s---na-	τις	τις	p-s---na-	p-s---na-	
4805	,	u--------	,	,	u--------	u--------	
4806	ὁ	l-s---fa-	ὁ	ὁ	l-s---fa-	l-s---fa-	
4807	κεφαλή	n-s---fa-	κεφαλή	κεφαλή	n-s---fa-	n-s---fa-	
4808	πρός	r--------	πρός	πρός	r--------	r--------	
4809	ὁ	l-s---fd-	ὁ	ὁ	l-s---fd-	l-s---fd-	
4810	κεφαλή	n-s---fd-	κεφαλή	κεφαλή	n-s---fd-	n-s---fd-	
4811	καί	b--------	καί	καί	c--------	b--------	
4812	ὁ	l-s---ma-	ὁ	ὁ	l-s---ma-	l-s---ma-	
4813	ὦμος	n-s---ma-	ὦμος	ὦμος	n-s---ma-	n-s---ma-	
4814	γυμνός	a-s---ma-	γυμνός	γυμνός	a-s---ma-	a-s---ma-	
4815	πρός	r--------	πρός	πρός	r--------	r--------	
4816	γυμνός	a-s---md-	γυμνός	γυμνός	a-s---md-	a-s---md-	
4817	ὁ	l-s---md-	ὁ	ὁ	l-s---md-	l-s---md-	
4818	Κριτόβουλος	n-s---mg-	κριτόβουλος	Κριτόβουλος	n-s---mg-	n-s---mg-	
4819	ὦμος	n-s---md-	ὦμος	ὦμος	n-s---md-	n-s---md-	
4820	ἔχω	v-sppama-	ἔχω	ἔχω	v-sppama-	v-sppama-	
4821	.	u--------	.	.	u--------	u--------	
4822	καί	b--------	καί	καί	d--------	b--------	
4823	ὁ	l-s---mn-	ὁ	ὁ	l-s---mn-	l-s---mn-	
4824	Σωκράτης	n-s---mn-	σωκράτης	Σωκράτης	n-s---mn-	n-s---mn-	
4825	,	u--------	,	,	u--------	u--------	
4826	φεῦ	i--------	φεῦ	φεῦ	i--------	i--------	
4827	,	u--------	,	,	u--------	u--------	
4828	φημί	v3siia---	φημί	φημί	v3siia---	v3siia---	
4829	,	u--------	,	,	u--------	u--------	
4830	οὗτος	p-p---nn-	οὗτος	οὗτος	p-p---nn-	p-p---nn-	
4831	ἄρα	g--------	ἄρα	ἄρα	d--------	g--------	
4832	,	u--------		,		u--------	glaux_only
4833	φημί	v3siia---	φημί		v3siia---		oga_only
4834	,	u--------	,		u--------		oga_only
4835	ἐγώ	p1s---cn-	ἐγώ		p1s---cn-		oga_only
4836	ὥσπερ	d--------	ὥσπερ		d--------		oga_only
4837	ὑπό	r--------	ὑπό		r--------		oga_only
4838	θηρίον	n-s---ng-	θηρίον		n-s---ng-		oga_only
4839	τις	a-s---ng-	τις		a-s---ng-		oga_only
4840	δάκνω	v-srpemn-	δάκνω		v-srpemn-		oga_only
4841	ὁ	l-s---ma-	ὁ		l-s---ma-		oga_only
4842	τε	d--------	τε		d--------		oga_only
4843	ὦμος	n-s---ma-	ὦμος		n-s---ma-		oga_only
4844	πλέω	a-s---na-	πλέω		a-s---na-		oga_only
4845	ἤ1	c--------	ἤ1		c--------		oga_only
4846	πέντε	a--------	πέντε		a--------		oga_only
4847	ἡμέρα	n-p---fa-	ἡμέρα		n-p---fa-		oga_only
4848	ὀδάξω	v3piia---	ὀδάξω		v3piia---		oga_only
4849	καί	c--------	καί		c--------		oga_only
4850	ἐν	r--------	ἐν		r--------		oga_only
4851	ὁ	l-s---fd-	ὁ		l-s---fd-		oga_only
4852	καρδία	n-s---fd-	καρδία		n-s---fd-		oga_only
4853	ὥσπερ	c--------	ὥσπερ		c--------		oga_only
4854	κνῆσμα	n-s---na-	κνῆσμα		n-s---na-		oga_only
4855	τις	a-s---na-	τις		a-s---na-		oga_only
4856	δοκέω	v1siia---	δοκέω		v1siia---		oga_only
4857	ἔχω	v--pna---	ἔχω		v--pna---		oga_only
4858	.	u--------	.		u--------		oga_only
4859	ἀλλά	d--------	ἀλλά		d--------		oga_only
4860	νῦν	d--------	νῦν		d--------		oga_only
4861	τοι	d--------	τοι		d--------		oga_only
4862	σύ	p-s---md-	σύ		p-s---md-		oga_only
4863	,	u--------	,	,	u--------	u--------	
4864	φημί	v3siia---	φημί		v3siia---		oga_only
4865	,	u--------	,		u--------		oga_only
4866	ὦ	i--------	ὦ		i--------		oga_only
4867	κριτόβουλος	n-s---mv-	κριτόβουλος		n-s---mv-		oga_only
4868	,	u--------	,		u--------		oga_only
4869	ἐναντίον	r--------	ἐναντίον		r--------		oga_only
4870	τοσοῦτος	a-p---ng-	τοσοῦτος		a-p---ng-		oga_only
4871	μάρτυς	n-p---mg-	μάρτυς		n-p---mg-		oga_only
4872	προαγορεύω	v1spia---	προαγορεύω		v1spia---		oga_only
4873	μή	d--------	μή		d--------		oga_only
4874	ἅπτω	v--pne---	ἅπτω		v--pne---		oga_only
4875	ἐγώ	p-s---mg-	ἐγώ		p-s---mg-		oga_only
4876	πρίν	c--------	πρίν		c--------		oga_only
4877	ἄν	d--------	ἄν		d--------		oga_only
4878	ὁ	l-s---na-	ὁ		l-s---na-		oga_only
4879	γένειον	n-s---na-	γένειον		n-s---na-		oga_only
4880	ὁ	l-s---fd-	ὁ		l-s---fd-		oga_only
4881	κεφαλή	n-s---fd-	κεφαλή		n-s---fd-		oga_only
4882	ὅμοιος	d--------	ὅμοιος		d--------		oga_only
4883	κομέω	v2sasa---	κομέω		v2sasa---		oga_only
4884	.	u--------	.		u--------		oga_only
4885	καί	b--------	καί	καί	c--------	b--------	
4886	οὗτος	p-p---mn-	οὗτος		p-p---mn-		oga_only
4887	μέν	d--------	μέν		d--------		oga_only
4888	δή	d--------	δή		d--------		oga_only
4889	οὕτως	d--------	οὕτως		d--------		oga_only
4890	ἀναμίξ	d--------	ἀναμίξ		d--------		oga_only
4891	σκώπτω	v3paia---	σκώπτω		v3paia---		oga_only
4892	τε	d--------	τε		d--------		oga_only
4893	καί	c--------	καί		c--------		oga_only
4894	σπουδάζω	v3paia---	σπουδάζω		v3paia---		oga_only
4895	.	u--------	.		u--------		oga_only
4896	ὁ	l-s---mn-	ὁ	ὁ	l-s---mn-	l-s---mn-	
4897	δέ	b--------	δέ	δέ	d--------	b--------	
4898	Καλλίας	n-s---mn-	καλλίας	Καλλίας	n-s---mn-	n-s---mn-	
4899	,	u--------	,	,	u--------	u--------	
4900	σός	a-s---na-	σός	σός	a-s---na-	a-s---na-	
4901	μέρος	n-s---na-	μέρος	μέρος	n-s---na-	n-s---na-	
4902	,	u--------	,	,	u--------	u--------	
4903	φημί	v3siia---	φημί	φημί	v3siia---	v3siia---	
4904	,	u--------	,	,	u--------	u--------	
4905	λέγω	v--pna---	λέγω3	λέγω	v--pna---	v--pna---	
4906	,	u--------	,	,	u--------	u--------	
4907	ὦ	i--------	ὦ	ὦ	i--------	i--------	
4908	Χαρμίδης	n-s---ma-	χαρμίδης	Χαρμίδης	n-s---ma-	n-s---ma-	
4909	,	u--------	,	,	u--------	u--------	
4910	διά	r--------	διά	διά	r--------	r--------	
4911	ὅς	p-s---na-	ὅς	ὅς	p-s---na-	p-s---na-	
4912	τις	p-s---na-	τις	τις	a-s---na-	p-s---na-	
4913	ἐπί	r--------	ἐπί	ἐπί	r--------	r--------	
4914	πενία	n-s---fd-	πενία	πενία	n-s---fd-	n-s---fd-	
4915	μέγας	a-s---na-	μέγας	μέγας	a-s---na-	a-s---na-	
4916	φρονέω	v2spia---	φρονέω	φρονέω	v2spia---	v2spia---	
4917	.	u--------	.	.	u--------	u--------	
4918	οὐκοῦν	g--------	οὐκοῦν	οὐκοῦν	d--------	g--------	
4919	ὅδε	p-s---na-	ὅδε	ὅδε	p-s---na-	p-s---na-	
4920	μέν	g--------	μέν	μέν	d--------	g--------	
4921	,	u--------	,	,	u--------	u--------	
4922	φημί	v3siia---	φημί	φημί	v3siia---	v3siia---	
4923	,	u--------	,	,	u--------	u--------	
4924	ὁμολογέω	v3spim---	ὁμολογέω	ὁμολογέω	v3spie---	v3spim---	
4925	,	u--------	,	,	u--------	u--------	
4926	κρατύς	a-s---nnc	κρείσσων	κρατύς	a-s---nnc	a-s---nnc	DISAGREE
4927	εἰμί	v--pna---	εἰμί	εἰμί	v--pna---	v--pna---	
4928	θαρσέω	v--pna---	θαρσέω	θαρσέω	v--pna---	v--pna---	
4929	ἤ	c--------	ἤ1	ἤ	c--------	c--------	
4930	φοβέω	v--pnm---	φοβέω	φοβέω	v--pne---	v--pnm---	
4931	καί	b--------	καί	καί	d--------	b--------	
4932	ἐλεύθερος	a-s---ma-	ἐλεύθερος	ἐλεύθερος	a-s---ma-	a-s---ma-	
4933	εἰμί	v--pna---	εἰμί	εἰμί	v--pna---	v--pna---	
4934	μάλα	d-------c	μᾶλλον	μάλα	d-------c	d-------c	DISAGREE
4935	ἤ	c--------	ἤ1	ἤ	c--------	c--------	
4936	δουλεύω	v--pna---	δουλεύω	δουλεύω	v--pna---	v--pna---	
4937	καί	b--------	καί	καί	d--------	b--------	
4938	θεραπεύω	v--pnm---	θεραπεύω	θεραπεύω	v--pne---	v--pnm---	
4939	μάλα	d-------c	μᾶλλον	μάλα	d-------c	d-------c	DISAGREE
4940	ἤ	c--------	ἤ1	ἤ	c--------	c--------	
4941	θεραπεύω	v--pna---	θεραπεύω	θεραπεύω	v--pna---	v--pna---	
4942	καί	b--------	καί	καί	c--------	b--------	
4943	πιστεύω	v--pnm---	πιστεύω	πιστεύω	v--pne---	v--pnm---	
4944	ὑπό	r--------	ὑπό	ὑπό	r--------	r--------	
4945	ὁ	l-s---fg-	ὁ	ὁ	l-s---fg-	l-s---fg-	
4946	πατρίς	n-s---fg-	πατρίς	πατρίς	n-s---fg-	n-s---fg-	
4947	μάλα	d-------c	μᾶλλον	μάλα	d-------c	d-------c	DISAGREE
4948	ἤ	c--------	ἤ1	ἤ	c--------	c--------	
4949	ἀπιστέω	v--pnm---	ἀπιστέω	ἀπιστέω	v--pne---	v--pnm---	
4950	.	u--------	.	.	u--------	u--------	
4951	ἐγώ	p1s---cn-	ἐγώ	ἐγώ	p-s---mn-	p1s---cn-	
4952	τοίνυν	g--------	τοίνυν	τοίνυν	d--------	g--------	
4953	ἐν	r--------	ἐν	ἐν	r--------	r--------	
4954	ὅδε	p-s---fd-	ὅδε	ὅδε	a-s---fd-	p-s---fd-	
4955	ὁ	l-s---fd-	ὁ	ὁ	l-s---fd-	l-s---fd-	
4956	πόλις	n-s---fd-	πόλις	πόλις	n-s---fd-	n-s---fd-	
4957	ὅτε	c--------	ὅτε	ὅτε	c--------	c--------	
4958	μέν	g--------	μέν	μέν	d--------	g--------	
4959	πλούσιος	a-s---mn-	πλούσιος	πλούσιος	a-s---mn-	a-s---mn-	
4960	εἰμί	v1siia---	εἰμί	εἰμί	v1siia---	v1siia---	
4961	πρότερος	d-------c	πρῶτος	πρότερος	d--------	d-------c	DISAGREE
4962	μέν	g--------	μέν	μέν	d--------	g--------	
4963	φοβέω	v1siim---	φοβέω	φοβέω	v1siie---	v1siim---	
4964	μή	c--------	μή	μή	c--------	c--------	
4965	τις	p-s---cn-	τις	τις	p-s---mn-	p-s---cn-	
4966	ἐγώ	p1s---cg-	ἐγώ	ἐγώ	p-s---mg-	p1s---cg-	
4967	ὁ	l-s---fa-	ὁ	ὁ	l-s---fa-	l-s---fa-	
4968	οἰκία	n-s---fa-	οἰκία	οἰκία	n-s---fa-	n-s---fa-	
4969	διορύσσω	v-sapamn-	διορύσσω	διορύσσω	v-sapamn-	v-sapamn-	
4970	καί	b--------	καί	καί	d--------	b--------	
4971	ὁ	l-p---na-	ὁ	ὁ	l-p---na-	l-p---na-	
4972	χρῆμα	n-p---na-	χρῆμα	χρῆμα	n-p---na-	n-p---na-	
4973	λαμβάνω	v3saoa---	λαμβάνω	λαμβάνω	v3saoa---	v3saoa---	
4974	καί	b--------	καί	καί	c--------	b--------	
4975	αὐτός	p-s---ma-	αὐτός	αὐτός	a-s---ma-	p-s---ma-	
4976	τίς	p-s---na-	τίς	τίς	a-s---na-	p-s---na-	
4977	ἐγώ	p1s---ca-	ἐγώ	ἐγώ	p-s---ma-	p1s---ca-	
4978	κακός	a-s---na-	κακός	κακός	a-s---na-	a-s---na-	
4979	ἐργάζομαι	v3saom---	ἐργάζομαι	ἐργάζομαι	v3saom---	v3saom---	
4980	·	u--------	·	·	u--------	u--------	
4981	ἔπειτα	d--------	ἔπειτα	ἔπειτα	d--------	d--------	
4982	δέ	b--------	δέ	δέ	d--------	b--------	
4983	καί	d--------	καί	καί	d--------	d--------	
4984	ὁ	l-p---ma-	ὁ	ὁ	l-p---ma-	l-p---ma-	
4985	συκοφάντης	n-p---ma-	συκοφάντης	συκοφάντης	n-p---ma-	n-p---ma-	
4986	θεραπεύω	v1siia---	θεραπεύω	θεραπεύω	v1siia---	v1siia---	
4987	,	u--------	,	,	u--------	u--------	
4988	οἶδα	v-srpamn-	οἶδα	οἶδα	v-srpamn-	v-srpamn-	
4989	ὅτι	c--------	ὅτι	ὅτι	c--------	c--------	
4990	πάσχω	v--ana---	πάσχω	πάσχω	v--ana---	v--ana---	
4991	μάλα	d-------c	μᾶλλον	μάλα	d-------c	d-------c	DISAGREE
4992	κακός	d--------	κακός	κακός	d--------	d--------	
4993	ἱκανός	a-s---mn-	ἱκανός	ἱκανός	a-s---mn-	a-s---mn-	
4994	εἰμί	v1spoa---	εἰμί	εἰμί	v1spoa---	v1spoa---	
4995	ἤ	c--------	ἤ1	ἤ	c--------	c--------	
4996	ποιέω	v--ana---	ποιέω	ποιέω	v--ana---	v--ana---	
4997	ἐκεῖνος	p-p---ma-	ἐκεῖνος	ἐκεῖνος	p-p---ma-	p-p---ma-	
4998	.	u--------	.	.	u--------	u--------	
4999	καί	d--------	καί	καί	d--------	d--------	
5000	γάρ	g--------	γάρ	γάρ	d--------	g--------	
5001	δή	g--------	δή	δή	d--------	g--------	
5002	καί	d--------	καί	καί	d--------	d--------	
5003	προστάσσω	v3siim---	προστάσσω	προστάσσω	v3siie---	v3siim---	
5004	μέν	g--------	μέν	μέν	d--------	g--------	
5005	ἀεί	d--------	ἀεί	ἀεί	d--------	d--------	
5006	τις	p-s---na-	τίς	τις	p-s---na-	p-s---na-	
5007	ἐγώ	p1s---cd-	ἐγώ	ἐγώ	p-s---md-	p1s---cd-	
5008	δαπανάω	v-sppamn-	δαπανάω	δαπανάω	v-sppamn-	v-sppamn-	
5009	ὑπό	r--------	ὑπό	ὑπό	r--------	r--------	
5010	ὁ	l-s---fg-	ὁ	ὁ	l-s---fg-	l-s---fg-	
5011	πόλις	n-s---fg-	πόλις	πόλις	n-s---fg-	n-s---fg-	
5012	,	u--------	,	,	u--------	u--------	
5013	ἀποδημέω	v--ana---	ἀποδημέω	ἀποδημέω	v--ana---	v--ana---	
5014	δέ	b--------	δέ	δέ	c--------	b--------	
5015	οὐδαμοῦ	d--------	οὐδαμοῦ	οὐδαμοῦ	d--------	d--------	
5016	ἔξεστι	v1siia---	ἔξεστι	ἔξεστι	v1siia---	v1siia---	
5017	.	u--------	.	.	u--------	u--------	
5018	νῦν	d--------	νῦν	νῦν	d--------	d--------	
5019	δέ	b--------	δέ	δέ	d--------	b--------	
5020	ἐπειδή	c--------	ἐπεί	ἐπειδή	c--------	c--------	DISAGREE
5021	ὁ	l-p---ng-	ὁ	ὁ	l-p---ng-	l-p---ng-	
5022	ὑπερόριος	a-p---ng-	ὑπερόριος	ὑπερόριος	a-p---ng-	a-p---ng-	
5023	στέρομαι	v1spim---	στέρομαι	στέρομαι	v1spie---	v1spim---	
5024	καί	b--------	καί	καί	d--------	b--------	
5025	ὁ	l-p---na-	ὁ	ὁ	l-p---na-	l-p---na-	
5026	ἔγγειος	a-p---na-	ἔγγειος	ἔγγειος	n-p---na-	a-p---na-	
5027	οὐ	d--------	οὐ	οὐ	d--------	d--------	
5028	καρπέω	v1spim---	καρπέω	καρπέω	v1spie---	v1spim---	
5029	καί	b--------	καί	καί	c--------	b--------	
5030	ὁ	l-p---nn-	ὁ	ὁ	l-p---nn-	l-p---nn-	
5031	ἐκ	r--------	ἐκ	ἐκ	r--------	r--------	
5032	ὁ	l-s---fg-	ὁ	ὁ	l-s---fg-	l-s---fg-	
5033	οἰκία	n-s---fg-	οἰκία	οἰκία	n-s---fg-	n-s---fg-	
5034	πιπράσκω	v3srim---	πιπράσκω	πιπράσκω	v3srie---	v3srim---	
5035	,	u--------	,	,	u--------	u--------	
5036	ἡδύς	d--------	ἡδέως	ἡδύς	d--------	d--------	DISAGREE
5037	μέν	g--------	μέν	μέν	d--------	g--------	
5038	καθεύδω	v1spia---	καθεύδω	καθεύδω	v1spia---	v1spia---	
5039	ἐκτείνω	v-srpmmn-	ἐκτείνω	ἐκτείνω	v-srpemn-	v-srpmmn-	
5040	,	u--------	,	,	u--------	u--------	
5041	πιστός	a-s---mn-	πιστός	πιστός	a-s---mn-	a-s---mn-	
5042	δέ	b--------	δέ	δέ	d--------	b--------	
5043	ὁ	l-s---fd-	ὁ	ὁ	l-s---fd-	l-s---fd-	
5044	πόλις	n-s---fd-	πόλις	πόλις	n-s---fd-	n-s---fd-	
5045	γίγνομαι	v1srim---	γίγνομαι	γίγνομαι	v1srie---	v1srim---	
5046	,	u--------	,	,	u--------	u--------	
5047	οὐκέτι	d--------	οὐκέτι	οὐκέτι	d--------	d--------	
5048	δέ	b--------	δέ	δέ	c--------	b--------	
5049	ἀπειλέω	v1spim---	ἀπειλέω	ἀπειλέω	v1spie---	v1spim---	
5050	,	u--------	,	,	u--------	u--------	
5051	ἀλλά	b--------	ἀλλά	ἀλλά	c--------	b--------	
5052	ἤδη	d--------	ἤδη	ἤδη	d--------	d--------	
5053	ἀπειλέω	v1spia---	ἀπειλέω	ἀπειλέω	v1spia---	v1spia---	
5054	ἄλλος	p-p---md-	ἄλλος	ἄλλος	p-p---md-	p-p---md-	
5055	,	u--------	,	,	u--------	u--------	
5056	ὡς	c--------	ὡς	ὡς	c--------	c--------	
5057	ἐλεύθερος	a-s---md-	ἐλεύθερος	ἐλεύθερος	a-s---md-	a-s---md-	
5058	τε	b--------	τε	τε	c--------	b--------	
5059	ἔξεστι	v3spia---	ἔξεστι	ἔξεστι	v3spia---	v3spia---	
5060	ἐγώ	p1s---cd-	ἐγώ	ἐγώ	p1s---md-	p1s---cd-	
5061	καί	b--------	καί	καί	d--------	b--------	
5062	ἀποδημέω	v--pna---	ἀποδημέω	ἀποδημέω	v--pna---	v--pna---	
5063	καί	b--------	καί	καί	c--------	b--------	
5064	ἐπιδημέω	v--pna---	ἐπιδημέω	ἐπιδημέω	v--pna---	v--pna---	
5065	·	u--------	·	·	u--------	u--------	
5066	ὑπανίσταμαι	v3ppim---	ὑπανίσταμαι	ὑπανίσταμαι	v3ppie---	v3ppim---	
5067	δέ	b--------	δέ	δέ	d--------	b--------	
5068	ἐγώ	p1s---cd-	ἐγώ	ἐγώ	p-s---md-	p1s---cd-	
5069	ἤδη	d--------	ἤδη	ἤδη	d--------	d--------	
5070	καί	b--------	καί	καί	d--------	b--------	
5071	θᾶκος	n-p---mg-	θᾶκος	θᾶκος	n-p---mg-	n-p---mg-	
5072	καί	b--------	καί	καί	c--------	b--------	
5073	ὁδός	n-p---fg-	ὁδός	ὁδός	n-p---fg-	n-p---fg-	
5074	ἐξίστημι	v3ppim---	ἐξίστημι	ἐξίστημι	v3ppie---	v3ppim---	
5075	ὁ	l-p---mn-	ὁ	ὁ	l-p---mn-	l-p---mn-	
5076	πλούσιος	a-p---mn-	πλούσιος	πλούσιος	a-p---mn-	a-p---mn-	
5077	.	u--------	.	.	u--------	u--------	
5078	καί	b--------	καί	καί	d--------	b--------	
5079	εἰμί	v1spia---	εἰμί	εἰμί	v1spia---	v1spia---	
5080	νῦν	d--------	νῦν	νῦν	d--------	d--------	
5081	μέν	g--------	μέν	μέν	d--------	g--------	
5082	τύραννος	n-s---md-	τύραννος	τύραννος	n-s---md-	n-s---md-	
5083	ἔοικα	v-srpamn-	ἔοικα	ἔοικα	v-srpamn-	v-srpamn-	
5084	,	u--------	,	,	u--------	u--------	
5085	τότε	d--------	τότε	τότε	d--------	d--------	
5086	δέ	b--------	δέ	δέ	c--------	b--------	
5087	σαφής	d--------	σαφής	σαφής	d--------	d--------	
5088	δοῦλος	n-s---mn-	δοῦλος	δοῦλος	n-s---mn-	n-s---mn-	
5089	εἰμί	v3siia---	εἰμί	εἰμί	v3siia---	v3siia---	
5090	·	u--------	·	·	u--------	u--------	
5091	καί	b--------	καί	καί	d--------	b--------	
5092	τότε	d--------	τότε	τότε	d--------	d--------	
5093	μέν	g--------	μέν	μέν	d--------	g--------	
5094	ἐγώ	p1s---cn-	ἐγώ	ἐγώ	p-s---mn-	p1s---cn-	
5095	φόρος	n-s---ma-	φόρος	φόρος	n-s---ma-	n-s---ma-	
5096	ἀποφέρω	v1siia---	ἀποφέρω	ἀποφέρω	v1siia---	v1siia---	
5097	ὁ	l-s---md-	ὁ	ὁ	l-s---md-	l-s---md-	
5098	δῆμος	n-s---md-	δῆμος	δῆμος	n-s---md-	n-s---md-	
5099	,	u--------	,	,	u--------	u--------	
5100	νῦν	d--------	νῦν	νῦν	d--------	d--------	
5101	δέ	b--------	δέ	δέ	c--------	b--------	
5102	ὁ	l-s---fn-	ὁ	ὁ	l-s---fn-	l-s---fn-	
5103	πόλις	n-s---fn-	πόλις	πόλις	n-s---fn-	n-s---fn-	
5104	τέλος	n-s---na-	τέλος	τέλος	n-s---na-	n-s---na-	
5105	φέρω	v-sppafn-	φέρω	φέρω	v-sppafn-	v-sppafn-	
5106	τρέφω	v3spia---	τρέφω	τρέφω	v3spia---	v3spia---	
5107	ἐγώ	p1s---ca-	ἐγώ	ἐγώ	p-s---ma-	p1s---ca-	
5108	.	u--------	.	.	u--------	u--------	
5109	ἀλλά	b--------	ἀλλά	ἀλλά	d--------	b--------	
5110	καί	d--------	καί	καί	d--------	d--------	
5111	Σωκράτης	n-s---md-	σωκράτης	Σωκράτης	n-s---md-	n-s---md-	
5112	,	u--------	,	,	u--------	u--------	
5113	ὅτε	c--------	ὅτε	ὅτε	c--------	c--------	
5114	μέν	g--------	μέν	μέν	d--------	g--------	
5115	πλούσιος	a-s---mn-	πλούσιος	πλούσιος	a-s---mn-	a-s---mn-	
5116	εἰμί	v1siia---	εἰμί	εἰμί	v1siia---	v1siia---	
5117	,	u--------	,	,	u--------	u--------	
5118	λοιδορέω	v3piia---	λοιδορέω	λοιδορέω	v3piia---	v3piia---	
5119	ἐγώ	p1s---ca-	ἐγώ	ἐγώ	p-s---ma-	p1s---ca-	
5120	ὅτι	c--------	ὅτι	ὅτι	c--------	c--------	
5121	σύνειμι	v1siia---	σύνειμι1	σύνειμι	v1siia---	v1siia---	
5122	,	u--------	,	,	u--------	u--------	
5123	νῦν	d--------	νῦν	νῦν	d--------	d--------	
5124	δέ	b--------	δέ	δέ	c--------	b--------	
5125	ἐπεί	c--------	ἐπεί	ἐπεί	c--------	c--------	
5126	πένης	a-s---mn-	πένης	πένης	a-s---mn-	a-s---mn-	
5127	γίγνομαι	v1srim---	γίγνομαι	γίγνομαι	v1srie---	v1srim---	
5128	,	u--------	,	,	u--------	u--------	
5129	οὐκέτι	d--------	οὐκέτι	οὐκέτι	d--------	d--------	
5130	οὐδείς	p-s---na-	οὐδείς	οὐδείς	a-s---na-	p-s---na-	
5131	μέλω	v3spia---	μέλω	μέλω	v3spia---	v3spia---	
5132	οὐδείς	p-s---md-	οὐδείς	οὐδείς	p-s---md-	p-s---md-	
5133	.	u--------	.	.	u--------	u--------	
5134	καί	b--------	καί	καί	d--------	b--------	
5135	μήν	d--------	μήν	μήν	d--------	d--------	
5136	ὅτε	c--------	ὅτε	ὅτε	c--------	c--------	
5137	μέν	g--------	μέν	μέν	d--------	g--------	
5138	γε	d--------	γε	γε	d--------	d--------	
5139	πολύς	a-p---na-	πολύς	πολύς	a-p---na-	a-p---na-	
5140	ἔχω	v1siia---	ἔχω	ἔχω	v1siia---	v1siia---	
5141	,	u--------	,	,	u--------	u--------	
5142	ἀεί	d--------	ἀεί	ἀεί	d--------	d--------	
5143	τις	p-s---na-	τις	τις	a-s---na-	p-s---na-	
5144	ἀποβάλλω	v3piia---	ἀποβάλλω	ἀποβάλλω	v3piia---	v3piia---	
5145	ἤ	b--------	ἤ1	ἤ	d--------	b--------	
5146	ὑπό	r--------	ὑπό	ὑπό	r--------	r--------	
5147	ὁ	l-s---fg-	ὁ	ὁ	l-s---fg-	l-s---fg-	
5148	πόλις	n-s---fg-	πόλις	πόλις	n-s---fg-	n-s---fg-	
5149	ἤ	b--------	ἤ1	ἤ	c--------	b--------	
5150	ὑπό	r--------	ὑπό	ὑπό	r--------	r--------	
5151	ὁ	l-s---fg-	ὁ	ὁ	l-s---fg-	l-s---fg-	
5152	τύχη	n-s---fg-	τύχη	τύχη	n-s---fg-	n-s---fg-	
5153	·	u--------	·	·	u--------	u--------	
5154	νῦν	d--------	νῦν	νῦν	d--------	d--------	
5155	δέ	b--------	δέ	δέ	d--------	b--------	
5156	ἀποβάλλω	v1spia---	ἀποβάλλω	ἀποβάλλω	v1spia---	v1spia---	
5157	μέν	g--------	μέν	μέν	d--------	g--------	
5158	οὐδείς	p-s---na-	οὐδείς	οὐδείς	p-s---na-	p-s---na-	
5159	(	u--------	̔	(	u--------	u--------	DISAGREE
5160	οὐ	d--------	οὐ	οὐ	d--------	d--------	
5161	δέ	b--------	δέ	δέ	d--------	b--------	
5162	γάρ	d--------	γάρ		d--------		oga_only
5163	ἔχω	v1spia---	ἔχω		v1spia---		oga_only
5164	)	u--------	)		u--------		oga_only
5165	,	u--------	,		u--------		oga_only
5166	ἀεί	d--------	ἀεί		d--------		oga_only
5167	δέ	c--------	δέ		c--------		oga_only
5168	τις	p-s---na-	τις		p-s---na-		oga_only
5169	λαμβάνω	v--fnm---	λαμβάνω		v--fnm---		oga_only
5170	ἐλπίζω	v1spia---	ἐλπίζω		v1spia---		oga_only
5171	.	u--------	.		u--------		oga_only
5172	οὐκοῦν	g--------	οὐκοῦν	οὐκοῦν	d--------	g--------	
5173	,	u--------	,	,	u--------	u--------	
5174	φημί	v3siia---	φημί	φημί	v3siia---	v3siia---	
5175	ὁ	l-s---mn-	ὁ	ὁ	l-s---mn-	l-s---mn-	
5176	Καλλίας	n-s---mn-	καλλίας	Καλλίας	n-s---mn-	n-s---mn-	
5177	,	u--------	,	,	u--------	u--------	
5178	καί	b--------	καί	καί	d--------	b--------	
5179	εὔχομαι	v2spim---	εὔχομαι	εὔχομαι	v2spie---	v2spim---	
5180	μηδέποτε	d--------	μηδέποτε	μηδέποτε	d--------	d--------	
5181	πλουτέω	v--pna---	πλουτέω	πλουτέω	v--pna---	v--pna---	
5182	,	u--------	,	,	u--------	u--------	
5183	καί	b--------	καί	καί	c--------	b--------	
5184	ἐάν	c--------	ἐάν	ἐάν	c--------	c--------	
5185	τις	p-s---na-	τις	τις	a-s---na-	p-s---na-	
5186	ὄναρ	n-s---na-	ὄναρ	ὄναρ	n-s---na-	n-s---na-	
5187	ἀγαθός	a-s---na-	ἀγαθός	ἀγαθός	a-s---na-	a-s---na-	
5188	ὁράω	v2sasa---	εἶδον	ὁράω	v2sasa---	v2sasa---	DISAGREE
5189	,	u--------	,	,	u--------	u--------	
5190	ὁ	l-p---md-	ὁ	ὁ	l-p---md-	l-p---md-	
5191	ἀποτρόπαιος	a-p---md-	ἀποτρόπαιος	ἀποτρόπαιος	a-p---md-	a-p---md-	
5192	θύω	v2spia---	θύω	θύω	v2spia---	v2spia---	
5193	;	u--------	;	;	u--------	u--------	
5194	μά	r--------	μά	μά	r--------	r--------	
5195	Ζεύς	n-s---ma-	ζεύς	Ζεύς	n-s---ma-	n-s---ma-	
5196	οὗτος	p-s---na-	οὗτος	οὗτος	p-s---na-	p-s---na-	
5197	μέντοι	g--------	μέντοι	μέντοι	d--------	g--------	
5198	,	u--------	,	,	u--------	u--------	
5199	φημί	v3siia---	φημί	φημί	v3siia---	v3siia---	
5200	,	u--------	,	,	u--------	u--------	
5201	ἐγώ	p1s---cn-	ἐγώ	ἐγώ	p-s---mn-	p1s---cn-	
5202	οὐ	d--------	οὐ	οὐ	d--------	d--------	
5203	ποιέω	v1spia---	ποιέω	ποιέω	v1spia---	v1spia---	
5204	,	u--------	,	,	u--------	u--------	
5205	ἀλλά	b--------	ἀλλά	ἀλλά	c--------	b--------	
5206	μάλα	d--------	μάλα	μάλα	d--------	d--------	
5207	φιλοκίνδυνος	d--------	φιλοκίνδυνος	φιλοκίνδυνος	d--------	d--------	
5208	ὑπομένω	v1spia---	ὑπομένω	ὑπομένω	v1spia---	v1spia---	
5209	,	u--------	,	,	u--------	u--------	
5210	ἐάν	c--------	ἄν	ἐάν	c--------	c--------	DISAGREE
5211	ποθεν	d--------	ποθεν	ποθεν	d--------	d--------	
5212	τις	p-s---na-	τις	τις	p-s---na-	p-s---na-	
5213	ἐλπίζω	v1spia---	ἐλπίζω	ἐλπίζω	v1spia---	v1spia---	
5214	λαμβάνω	v--fnm---	λαμβάνω	λαμβάνω	v--fnm---	v--fnm---	
5215	.	u--------	.	.	u--------	u--------	
5216	ἀλλά	b--------	ἀλλά	ἀλλά	d--------	b--------	
5217	ἄγω	v2spma---	ἄγε	ἄγω	v2spma---	v2spma---	DISAGREE
5218	δή	g--------	δή	δή	d--------	g--------	
5219	,	u--------	,	,	u--------	u--------	
5220	φημί	v3siia---	φημί	φημί	v3siia---	v3siia---	
5221	ὁ	l-s---mn-	ὁ	ὁ	l-s---mn-	l-s---mn-	
5222	Σωκράτης	n-s---mn-	σωκράτης	Σωκράτης	n-s---mn-	n-s---mn-	
5223	,	u--------	,	,	u--------	u--------	
5224	σύ	p2s---cn-	σύ	σύ	p-s---mn-	p2s---cn-	
5225	αὖ	d--------	αὖ	αὖ	d--------	d--------	
5226	λέγω	v2spma---	λέγω3	λέγω	v2spma---	v2spma---	
5227	ἐγώ	p-p---md-	ἐγώ	ἐγώ	p-p---md-	p-p---md-	
5228	,	u--------	,	,	u--------	u--------	
5229	ὦ	i--------	ὦ	ὦ	i--------	i--------	
5230	Ἀντισθένης	n-s---mv-	ἀντισθένης	Ἀντισθένης	n-s---mv-	n-s---mv-	
5231	,	u--------	,	,	u--------	u--------	
5232	πῶς	d--------	πῶς	πῶς	d--------	d--------	
5233	οὕτως	d--------	οὕτως	οὕτως	d--------	d--------	
5234	βραχύς	a-p---na-	βραχύς	βραχύς	a-p---na-	a-p---na-	
5235	ἔχω	v-sppamn-	ἔχω	ἔχω	v-sppamn-	v-sppamn-	
5236	μέγας	a-s---na-	μέγας	μέγας	a-s---na-	a-s---na-	
5237	φρονέω	v2spia---	φρονέω	φρονέω	v2spia---	v2spia---	
5238	ἐπί	r--------	ἐπί	ἐπί	r--------	r--------	
5239	πλοῦτος	n-s---md-	πλοῦτος1	πλοῦτος	n-s---md-	n-s---md-	
5240	.	u--------	.	.	u--------	u--------	
5241	ὅτι	g--------	ὅτι	ὅτι	d--------	g--------	
5242	νομίζω	v1spia---	νομίζω	νομίζω	v1spia---	v1spia---	
5243	,	u--------	,	,	u--------	u--------	
5244	ὦ	i--------	ὦ	ὦ	i--------	i--------	
5245	ἀνήρ	n-p---mv-	ἀνήρ	ἀνήρ	n-p---mv-	n-p---mv-	
5246	,	u--------	,	,	u--------	u--------	
5247	ὁ	l-p---ma-	ὁ	ὁ	l-p---ma-	l-p---ma-	
5248	ἄνθρωπος	n-p---ma-	ἄνθρωπος	ἄνθρωπος	n-p---ma-	n-p---ma-	
5249	οὐ	d--------	οὐ	οὐ	d--------	d--------	
5250	ἐν	r--------	ἐν	ἐν	r--------	r--------	
5251	ὁ	l-s---md-	ὁ	ὁ	l-s---md-	l-s---md-	
5252	οἶκος	n-s---md-	οἶκος	οἶκος	n-s---md-	n-s---md-	
5253	ὁ	l-s---ma-	ὁ	ὁ	l-s---ma-	l-s---ma-	
5254	πλοῦτος	n-s---ma-	πλοῦτος1	πλοῦτος	n-s---ma-	n-s---ma-	
5255	καί	b--------	καί	καί	c--------	b--------	
5256	ὁ	l-s---fa-	ὁ	ὁ	l-s---fa-	l-s---fa-	
5257	πενία	n-s---fa-	πενία	πενία	n-s---fa-	n-s---fa-	
5258	ἔχω	v--pna---	ἔχω	ἔχω	v--pna---	v--pna---	
5259	ἀλλά	b--------	ἀλλά	ἀλλά	c--------	b--------	
5260	ἐν	r--------	ἐν	ἐν	r--------	r--------	
5261	ὁ	l-p---fd-	ὁ	ὁ	l-p---fd-	l-p---fd-	
5262	ψυχή	n-p---fd-	ψυχή	ψυχή	n-p---fd-	n-p---fd-	
5263	.	u--------	.	.	u--------	u--------	
5264	ὁράω	v1spia---	ὁράω	ὁράω	v1spia---	v1spia---	
5265	γάρ	d--------	γάρ	γάρ	d--------	d--------	
5266	πολύς	a-p---ma-	πολύς	πολύς	a-p---ma-	a-p---ma-	
5267	μέν	g--------	μέν	μέν	d--------	g--------	
5268	ἰδιώτης	n-p---ma-	ἰδιώτης	ἰδιώτης	n-p---ma-	n-p---ma-	
5269	,	u--------	,	,	u--------	u--------	
5270	ὅς	p-p---mn-	ὅς	ὅς	p-p---mn-	p-p---mn-	
5271	πάνυ	d--------	πάνυ	πάνυ	d--------	d--------	
5272	πολύς	a-p---na-	πολύς	πολύς	a-p---na-	a-p---na-	
5273	ἔχω	v-pppamn-	ἔχω	ἔχω	v-pppamn-	v-pppamn-	
5274	χρῆμα	n-p---na-	χρῆμα	χρῆμα	n-p---na-	n-p---na-	
5275	οὕτως	d--------	οὕτως	οὕτως	d--------	d--------	
5276	πένομαι	v--pnm---	πένομαι	πένομαι	v--pne---	v--pnm---	
5277	ἡγέομαι	v3ppim---	ἡγέομαι	ἡγέομαι	v3ppie---	v3ppim---	
5278	ὥστε	c--------	ὥστε	ὥστε	c--------	c--------	
5279	πᾶς	a-p---na-	πᾶς	πᾶς	a-s---ma-	a-p---na-	
5280	μέν	g--------	μέν	μέν	d--------	g--------	
5281	πόνος	n-s---ma-	πόνος	πόνος	n-s---ma-	n-s---ma-	
5282	,	u--------	,	,	u--------	u--------	
5283	πᾶς	a-s---ma-	πᾶς	πᾶς	a-s---ma-	a-s---ma-	
5284	δέ	b--------	δέ	δέ	c--------	b--------	
5285	κίνδυνος	n-s---ma-	κίνδυνος	κίνδυνος	n-s---ma-	n-s---ma-	
5286	ὑποδύω	v3ppim---	ὑποδύω	ὑποδύω	v3ppie---	v3ppim---	
5287	,	u--------	,	,	u--------	u--------	
5288	ἐπί	r--------	ἐπί	ἐπί	r--------	r--------	
5289	ὅς	p-s---md-	ὅς	ὅς	p-s---md-	p-s---md-	
5290	πολύς	a-p---nac	πλείων	πολύς	a-p---nac	a-p---nac	DISAGREE
5291	κτάομαι	v3pfim---	κτάομαι	κτάομαι	v3pfim---	v3pfim---	
5292	,	u--------	,	,	u--------	u--------	
5293	οἶδα	v1sria---	οἶδα	οἶδα	v1sria---	v1sria---	
5294	δέ	b--------	δέ	δέ	d--------	b--------	
5295	καί	d--------	καί	καί	d--------	d--------	
5296	ἀδελφός	n-p---ma-	ἀδελφός	ἀδελφός	n-p---ma-	n-p---ma-	
5297	,	u--------	,	,	u--------	u--------	
5298	ὅς	p-p---mn-	ὅς	ὅς	p-p---mn-	p-p---mn-	
5299	ὁ	l-p---na-	ὁ	ὁ	l-p---na-	l-p---na-	
5300	ἴσος	a-p---na-	ἴσος	ἴσος	a-p---na-	a-p---na-	
5301	λαγχάνω	v-papamn-	λαγχάνω	λαγχάνω	v-papamn-	v-papamn-	
5302	ὁ	l-s---mn-	ὁ	ὁ	l-s---mn-	l-s---mn-	
5303	μέν	g--------	μέν	μέν	d--------	g--------	
5304	αὐτός	p-p---mg-	αὐτός	αὐτός	p-p---mg-	p-p---mg-	
5305	ὁ	l-p---na-	ὁ		l-p---na-		oga_only
5306	ἀρκέω	v-pppana-	ἀρκέω		v-pppana-		oga_only
5307	ἔχω	v3spia---	ἔχω	ἔχω	v3spia---	v3spia---	
5308	καί	b--------	καί	καί	c--------	b--------	
5309	περισσεύω	v-pppann-	περισσεύω	περισσεύω	v-pppann-	v-pppann-	
5310	ὁ	l-s---fg-	ὁ	ὁ	l-s---fg-	l-s---fg-	
5311	δαπάνη	n-s---fg-	δαπάνη	δαπάνη	n-s---fg-	n-s---fg-	
5312	,	u--------	,	,	u--------	u--------	
5313	ὁ	l-s---mn-	ὁ	ὁ	l-s---mn-	l-s---mn-	
5314	δέ	b--------	δέ	δέ	c--------	b--------	
5315	ὁ	l-s---ng-	ὁ	ὁ	l-s---ng-	l-s---ng-	
5316	πᾶς	a-s---ng-	πᾶς	πᾶς	a-s---ng-	a-s---ng-	
5317	ἐνδέω	v3spim---	ἐνδέω	ἐνδέω	v3spie---	v3spim---	
5318	·	u--------	·	·	u--------	u--------	
5319	αἰσθάνομαι	v1spim---	αἰσθάνομαι	αἰσθάνομαι	v1spie---	v1spim---	
5320	δέ	b--------	δέ	δέ	d--------	b--------	
5321	καί	d--------	καί	καί	d--------	d--------	
5322	τύραννος	n-p---ma-	τύραννος	τύραννος	n-p---ma-	n-p---ma-	
5323	τις	a-p---ca-	τις	τις	a-p---ca-	a-p---ca-	
5324	,	u--------	,	,	u--------	u--------	
5325	ὅς	p-p---mn-	ὅς	ὅς	p-p---mn-	p-p---mn-	
5326	οὕτως	d--------	οὕτως	οὕτως	d--------	d--------	
5327	πεινάω	v3ppia---	πεινάω	πεινάω	v3ppia---	v3ppia---	
5328	χρῆμα	n-p---ng-	χρῆμα	χρῆμα	n-p---ng-	n-p---ng-	
5329	ὥστε	c--------	ὥστε	ὥστε	c--------	c--------	
5330	ποιέω	v3ppia---	ποιέω	ποιέω	v3ppia---	v3ppia---	
5331	πολύς	a-s---na-	πολύς	πολύς	a-s---na-	a-s---na-	
5332	δεινός	a-p---nac	δεινός	δεινός	a-p---nac	a-p---nac	
5333	ὁ	l-p---mg-	ὁ	ὁ	l-p---mg-	l-p---mg-	
5334	ἄπορος	a-p---mgs	ἄπορος	ἄπορος	a-p---mgs	a-p---mgs	
5335	·	u--------	·	·	u--------	u--------	
5336	διά	r--------	διά	διά	r--------	r--------	
5337	ἔνδεια	n-s---fa-	ἔνδεια	ἔνδεια	n-s---fa-	n-s---fa-	
5338	μέν	g--------	μέν	μέν	d--------	g--------	
5339	γάρ	g--------	γάρ	γάρ	d--------	g--------	
5340	δήπου	d--------	δήπου	δήπου	d--------	d--------	
5341	ὁ	l-p---mn-	ὁ	ὁ	l-p---mn-	l-p---mn-	
5342	μέν	g--------	μέν	μέν	d--------	g--------	
5343	κλέπτω	v3ppia---	κλέπτω	κλέπτω	v3ppia---	v3ppia---	
5344	,	u--------	,	,	u--------	u--------	
5345	ὁ	l-p---mn-	ὁ	ὁ	l-p---mn-	l-p---mn-	
5346	δέ	b--------	δέ	δέ	d--------	b--------	
5347	τοιχωρυχέω	v3ppia---	τοιχωρυχέω	τοιχωρυχέω	v3ppia---	v3ppia---	
5348	,	u--------	,	,	u--------	u--------	
5349	ὁ	l-p---mn-	ὁ	ὁ	l-p---mn-	l-p---mn-	
5350	δέ	b--------	δέ	δέ	c--------	b--------	
5351	ἀνδραποδίζω	v3ppim---	ἀνδραποδίζω	ἀνδραποδίζω	v3ppie---	v3ppim---	
5352	·	u--------	·	·	u--------	u--------	
5353	τύραννος	n-p---mn-	τύραννος	τύραννος	n-p---mn-	n-p---mn-	
5354	δέ	b--------	δέ	δέ	d--------	b--------	
5355	εἰμί	v3ppia---	εἰμί	εἰμί	v3ppia---	v3ppia---	
5356	τις	p-p---cn-	τις	τις	a-p---cn-	p-p---cn-	
5357	ὅς	p-p---mn-	ὅς	ὅς	p-p---mn-	p-p---mn-	
5358	ὅλος	a-p---ma-	ὅλος	ὅλος	a-p---ma-	a-p---ma-	
5359	μέν	g--------	μέν	μέν	d--------	g--------	
5360	οἶκος	n-p---ma-	οἶκος	οἶκος	n-p---ma-	n-p---ma-	
5361	ἀναιρέω	v3ppia---	ἀναιρέω	ἀναιρέω	v3ppia---	v3ppia---	
5362	,	u--------	,	,	u--------	u--------	
5363	ἀθρόος	a-p---ma-	ἀθρόος	ἀθρόος	a-p---ma-	a-p---ma-	
5364	δέ	b--------	δέ	δέ	d--------	b--------	
5365	ἀποκτείνω	v3ppia---	ἀποκτείνω	ἀποκτείνω	v3ppia---	v3ppia---	
5366	,	u--------	,	,	u--------	u--------	
5367	πολλάκις	d--------	πολλάκις	πολλάκις	d--------	d--------	
5368	δέ	b--------	δέ	δέ	c--------	b--------	
5369	καί	d--------	καί	καί	d--------	d--------	
5370	ὅλος	a-p---fa-	ὅλος	ὅλος	a-p---fa-	a-p---fa-	
5371	πόλις	n-p---fa-	πόλις	πόλις	n-p---fa-	n-p---fa-	
5372	χρῆμα	n-p---ng-	χρῆμα	χρῆμα	n-p---ng-	n-p---ng-	
5373	ἕνεκα	r--------	ἕνεκα	ἕνεκα	r--------	r--------	
5374	ἐξανδραποδίζω	v3ppim---	ἐξανδραποδίζω	ἐξανδραποδίζω	v3ppie---	v3ppim---	
5375	.	u--------	.	.	u--------	u--------	
5376	οὗτος	p-p---ma-	οὗτος	οὗτος	p-p---ma-	p-p---ma-	
5377	μέν	g--------	μέν	μέν	d--------	g--------	
5378	οὖν	g--------	οὖν	οὖν	d--------	g--------	
5379	ἐγώ	p1s---cn-	ἐγώ	ἐγώ	p-s---mn-	p1s---cn-	
5380	καί	d--------	καί	καί	d--------	d--------	
5381	πάνυ	d--------	πάνυ	πάνυ	d--------	d--------	
5382	οἰκτίρω	v1spia---	οἰκτίρω	οἰκτίρω	v1spia---	v1spia---	
5383	ὁ	l-s---fg-	ὁ	ὁ	l-s---fg-	l-s---fg-	
5384	ἄγαν	d--------	ἄγαν	ἄγαν	d--------	d--------	
5385	χαλεπός	a-s---fg-	χαλεπός	χαλεπός	a-s---fg-	a-s---fg-	
5386	νόσος	n-s---fg-	νόσος	νόσος	n-s---fg-	n-s---fg-	
5387	.	u--------	.	.	u--------	u--------	
5388	ὅμοιος	a-p---na-	ὅμοιος	ὅμοιος	a-p---na-	a-p---na-	
5389	γάρ	g--------	γάρ	γάρ	d--------	g--------	
5390	ἐγώ	p1s---cd-	ἐγώ	ἐγώ	p-s---md-	p1s---cd-	
5391	δοκέω	v3ppia---	δοκέω	δοκέω	v3ppia---	v3ppia---	
5392	πάσχω	v--pna---	πάσχω	πάσχω	v--pna---	v--pna---	
5393	ὥσπερ	c--------	ὥσπερ	ὥσπερ	c--------	c--------	
5394	εἰ	c--------	εἰ	εἰ	c--------	c--------	
5395	τις	p-s---cn-	τις	τις	p-s---mn-	p-s---cn-	
5396	πολύς	a-p---na-	πολύς	πολύς	a-p---na-	a-p---na-	
5397	ἔχω	v3spoa---	ἔχω	ἔχω	v3spoa---	v3spoa---	
5398	καί	b--------	καί	καί	c--------	b--------	
5399	πολύς	a-p---na-	πολύς	πολύς	a-p---na-	a-p---na-	
5400	ἐσθίω	v-sppamn-	ἐσθίω	ἐσθίω	v-sppamn-	v-sppamn-	
5401	μηδέποτε	d--------	μηδέποτε	μηδέποτε	d--------	d--------	
5402	ἐμπίμπλημι	v3spia---	ἐμπίμπλημι	ἐμπίμπλημι	v3spia---	v3spia---	
5403	.	u--------	.	.	u--------	u--------	
5404	ἐγώ	p1s---cn-	ἐγώ	ἐγώ	p1s---mn-	p1s---cn-	
5405	δέ	b--------	δέ	δέ	d--------	b--------	
5406	οὕτως	d--------	οὕτως	οὕτως	d--------	d--------	
5407	μέν	g--------	μέν	μέν	d--------	g--------	
5408	πολύς	a-p---na-	πολύς	πολύς	a-p---na-	a-p---na-	
5409	ἔχω	v1spia---	ἔχω	ἔχω	v1spia---	v1spia---	
5410	ὡς	c--------	ὡς	ὡς	c--------	c--------	
5411	μόλις	d--------	μόλις	μόλις	d--------	d--------	
5412	αὐτός	p-p---na-	αὐτός	αὐτός	p-p---na-	p-p---na-	
5413	καί	d--------	καί	καί	d--------	d--------	
5414	ἐγώ	p1s---cn-	ἐγώ		p1s---cn-		oga_only
5415	ἄν	d--------	ἄν		d--------		oga_only
5416	αὐτός	a-s---mn-	αὐτός		a-s---mn-		oga_only
5417	εὑρίσκω	v1spia---	εὑρίσκω		v1spia---		oga_only
5418	·	u--------	·		u--------		oga_only
5419	ὅμως	d--------	ὅμως		d--------		oga_only
5420	δέ	d--------	δέ		d--------		oga_only
5421	περίειμι1	v3spia---	περίειμι1		v3spia---		oga_only
5422	ἐγώ	p-s---md-	ἐγώ		p-s---md-		oga_only
5423	καί	b--------	καί	καί	d--------	b--------	
5424	ἐσθίω	v-sppamd-	ἐσθίω		v-sppamd-		oga_only
5425	ἄχρι	r--------	ἄχρι		r--------		oga_only
5426	ὁ	l-s---mg-	ὁ	ὁ	l-s---ng-	l-s---mg-	
5427	μή	d--------	μή	μή	d--------	d--------	
5428	πεινέω	v--pna---	πεινέω		v--pna---		oga_only
5429	ἀφικνέομαι	v--anm---	ἀφικνέομαι		v--anm---		oga_only
5430	καί	c--------	καί		c--------		oga_only
5431	πίνω	v-sppamd-	πίνω		v-sppamd-		oga_only
5432	μέχρι	r--------	μέχρι		r--------		oga_only
5433	ὁ	l-s---ng-	ὁ	ὁ	l-s---ng-	l-s---ng-	
5434	μή	d--------	μή		d--------		oga_only
5435	διψάω	v--pna---	διψάω		v--pna---		oga_only
5436	καί	c--------	καί		c--------		oga_only
5437	ἀμφιέννυμι	v--pne---	ἀμφιέννυμι		v--pne---		oga_only
5438	ὥστε	c--------	ὥστε		c--------		oga_only
5439	ἔξω	d--------	ἔξω		d--------		oga_only
5440	μέν	d--------	μέν		d--------		oga_only
5441	μηδείς	p-s---na-	μηδείς		p-s---na-		oga_only
5442	μᾶλλον	d-------c	μᾶλλον		d-------c		oga_only
5443	καλλίας	n-s---ng-	καλλίας		n-s---ng-		oga_only
5444	οὗτος	a-s---ng-	οὗτος		a-s---ng-		oga_only
5445	ὁ	l-s---ng-	ὁ		l-s---ng-		oga_only
5446	πλούσιος	a-s---ngs	πλούσιος		a-s---ngs		oga_only
5447	ῥιγόω	v--pna---	ῥιγόω		v--pna---		oga_only
5448	·	u--------	·		u--------		oga_only
5449	ἐπειδάν	c--------	ἐπειδάν	ἐπειδάν	c--------	c--------	
5450	γε	d--------	γε	γε	d--------	d--------	
5451	μήν	g--------	μήν	μήν	d--------	g--------	
5452	ἐν	r--------	ἐν	ἐν	r--------	r--------	
5453	ὁ	l-s---fd-	ὁ	ὁ	l-s---fd-	l-s---fd-	
5454	οἰκία	n-s---fd-	οἰκία	οἰκία	n-s---fd-	n-s---fd-	
5455	γίγνομαι	v1sasm---	γίγνομαι	γίγνομαι	v1sasm---	v1sasm---	
5456	,	u--------	,	,	u--------	u--------	
5457	πάνυ	d--------	πάνυ	πάνυ	d--------	d--------	
5458	μέν	g--------	μέν	μέν	d--------	g--------	
5459	ἀλεεινός	a-p---mn-	ἀλεεινός	ἀλεεινός	a-p---mn-	a-p---mn-	
5460	χιτών	n-p---mn-	χιτών	χιτών	n-p---mn-	n-p---mn-	
5461	ὁ	l-p---mn-	ὁ	ὁ	l-p---mn-	l-p---mn-	
5462	τοῖχος	n-p---mn-	τοῖχος	τοῖχος	n-p---mn-	n-p---mn-	
5463	ἐγώ	p1s---cd-	ἐγώ	ἐγώ	p-s---md-	p1s---cd-	
5464	δοκέω	v3ppia---	δοκέω	δοκέω	v3ppia---	v3ppia---	
5465	εἰμί	v--pna---	εἰμί	εἰμί	v--pna---	v--pna---	
5466	,	u--------	,	,	u--------	u--------	
5467	πάνυ	d--------	πάνυ	πάνυ	d--------	d--------	
5468	δέ	b--------	δέ	δέ	c--------	b--------	
5469	παχύς	a-p---fn-	παχύς	παχύς	a-p---fn-	a-p---fn-	
5470	ἐφεστρίς	n-p---fn-	ἐφεστρίς	ἐφεστρίς	n-p---fn-	n-p---fn-	
5471	ὁ	l-p---mn-	ὁ	ὁ	l-p---mn-	l-p---mn-	
5472	ὄροφος	n-p---mn-	ὄροφος	ὄροφος	n-p---mn-	n-p---mn-	
5473	,	u--------	,	,	u--------	u--------	
5474	στρωμνή	n-s---fa-	στρωμνή	στρωμνή	n-s---fa-	n-s---fa-	
5475	γε	d--------	γε	γε	d--------	d--------	
5476	μήν	d--------	μήν	μήν	d--------	d--------	
5477	οὕτως	d--------	οὕτως	οὕτως	d--------	d--------	
5478	ἀρκέω	v-sppafa-	ἀρκέω	ἀρκέω	v-sppafa-	v-sppafa-	
5479	ἔχω	v1spia---	ἔχω	ἔχω	v1spia---	v1spia---	
5480	ὥστε	c--------	ὥστε	ὥστε	c--------	c--------	
5481	ἔργον	n-s---nn-	ἔργον	ἔργον	n-s---nn-	n-s---nn-	
5482	μέγας	a-s---nn-	μέγας	μέγας	a-s---nn-	a-s---nn-	
5483	εἰμί	v3spia---	εἰμί	εἰμί	v3spia---	v3spia---	
5484	καί	b--------	καί	καί	d--------	b--------	
5485	ἀνεγείρω	v--ana---	ἀνεγείρω	ἀνεγείρω	v--ana---	v--ana---	
5486	.	u--------	.	.	u--------	u--------	
5487	ἐάν	c--------	ἄν	ἐάν	c--------	c--------	DISAGREE
5488	δέ	b--------	δέ	δέ	d--------	b--------	
5489	ποτέ	d--------	ποτέ	ποτέ	d--------	d--------	
5490	καί	d--------	καί	καί	d--------	d--------	
5491	Ἀφροδισιάζω	v--ana---	ἀφροδισιάζω	Ἀφροδισιάζω	v--ana---	v--ana---	
5492	ὁ	l-s---na-	ὁ	ὁ	l-s---na-	l-s---na-	
5493	σῶμα	n-s---na-	σῶμα	σῶμα	n-s---na-	n-s---na-	
5494	ἐγώ	p1s---cg-	ἐγώ	ἐγώ	p-s---mg-	p1s---cg-	
5495	δέω	v3sasp---	δέω2	δέω	v3sasp---	v3sasp---	
5496	,	u--------	,	,	u--------	u--------	
5497	οὕτως	d--------	οὕτως	οὕτως	d--------	d--------	
5498	ἐγώ	p1s---cd-	ἐγώ	ἐγώ	p-s---md-	p1s---cd-	
5499	ὁ	l-s---nn-	ὁ	ὁ	l-s---nn-	l-s---nn-	
5500	πάρειμι	v-sppann-	πάρειμι1	πάρειμι	v-sppann-	v-sppann-	
5501	ἀρκέω	v3spia---	ἀρκέω	ἀρκέω	v3spia---	v3spia---	
5502	ὥστε	c--------	ὥστε	ὥστε	c--------	c--------	
5503	ὅς	p-p---fd-	ὅς	ὅς	p-p---fd-	p-p---fd-	
5504	ἄν	g--------	ἄν	ἄν	d--------	g--------	
5505	προσέρχομαι	v1sasa---	προσέρχομαι	προσέρχομαι	v1sasa---	v1sasa---	
5506	ὑπερασπάζομαι	v3ppim---	ὑπερασπάζομαι	ὑπερασπάζομαι	v3ppie---	v3ppim---	
5507	ἐγώ	p1s---ca-	ἐγώ	ἐγώ	p-s---ma-	p1s---ca-	
5508	διά	r--------	διά	διά	r--------	r--------	
5509	ὁ	l-s---na-	ὁ	ὁ	l-s---na-	l-s---na-	
5510	μηδείς	p-s---ma-	μηδείς	μηδείς	p-s---ma-	p-s---ma-	
5511	ἄλλος	p-s---ma-	ἄλλος	ἄλλος	a-s---ma-	p-s---ma-	
5512	αὐτός	p-p---fd-	αὐτός	αὐτός	p-p---fd-	p-p---fd-	
5513	ἐθέλω	v--pna---	ἐθέλω	ἐθέλω	v--pna---	v--pna---	
5514	προσέρχομαι	v--pna---	πρόσειμι	προσέρχομαι	v--pna---	v--pna---	DISAGREE
5515	.	u--------	.	.	u--------	u--------	
5516	καί	b--------	καί	καί	d--------	b--------	
5517	πᾶς	a-p---nn-	πᾶς	πᾶς	a-p---nn-	a-p---nn-	
5518	τοίνυν	g--------	τοίνυν	τοίνυν	d--------	g--------	
5519	οὗτος	p-p---nn-	οὗτος	οὗτος	p-p---nn-	p-p---nn-	
5520	οὕτως	d--------	οὕτως	οὕτως	d--------	d--------	
5521	ἡδύς	a-p---nn-	ἡδύς	ἡδύς	a-p---nn-	a-p---nn-	
5522	ἐγώ	p1s---cd-	ἐγώ	ἐγώ	p-s---md-	p1s---cd-	
5523	δοκέω	v3spia---	δοκέω	δοκέω	v3spia---	v3spia---	
5524	εἰμί	v--pna---	εἰμί	εἰμί	v--pna---	v--pna---	
5525	ὡς	c--------	ὡς	ὡς	c--------	c--------	
5526	μάλα	d-------c	μᾶλλον	μάλα	d--------	d-------c	DISAGREE
5527	μέν	g--------	μέν	μέν	d--------	g--------	
5528	ἥδομαι	v--pnm---	ἥδομαι	ἥδομαι	v--pne---	v--pnm---	
5529	ποιέω	v-sppamn-	ποιέω	ποιέω	v-sppamn-	v-sppamn-	
5530	ἕκαστος	a-p---na-	ἕκαστος	ἕκαστος	a-p---na-	a-p---na-	
5531	αὐτός	p-p---ng-	αὐτός	αὐτός	p-p---ng-	p-p---ng-	
5532	οὐ	d--------	οὐ	οὐ	d--------	d--------	
5533	ἄν	g--------	ἄν	ἄν	d--------	g--------	
5534	εὔχομαι	v1saom---	εὔχομαι	εὔχομαι	v1saom---	v1saom---	
5535	,	u--------	,	,	u--------	u--------	
5536	ἥσσων	a-s---nac	ἥσσων	ἥσσων	a-s---nac	a-s---nac	
5537	δέ	b--------	δέ	δέ	c--------	b--------	
5538	·	u--------	·	·	u--------	u--------	
5539	οὕτως	d--------	οὕτως	οὕτως	d--------	d--------	
5540	ἐγώ	p1s---cd-	ἐγώ	ἐγώ	p-s---md-	p1s---cd-	
5541	δοκέω	v3spia---	δοκέω	δοκέω	v3spia---	v3spia---	
5542	ἔνιοι	a-p---nn-	ἔνιοι	ἔνιοι	a-p---nn-	a-p---nn-	
5543	αὐτός	p-p---ng-	αὐτός	αὐτός	p-p---ng-	p-p---ng-	
5544	ἡδύς	a-p---nnc	ἡδύς	ἡδύς	a-p---nnc	a-p---nnc	
5545	εἰμί	v--pna---	εἰμί	εἰμί	v--pna---	v--pna---	
5546	ὁ	l-s---ng-	ὁ	ὁ	l-s---ng-	l-s---ng-	
5547	συμφέρω	v-sppang-	συμφέρω	συμφέρω	v-sppang-	v-sppang-	
5548	.	u--------	.	.	u--------	u--------	
5549	πολύς	a-s---ng-	πολύς	πολύς	a-s---ng-	a-s---ng-	
5550	δέ	b--------	δέ	δέ	d--------	b--------	
5551	ἄξιος	a-s---na-	ἄξιος	ἄξιος	a-s---na-	a-s---na-	
5552	κτῆμα	n-s---na-	κτῆμα	κτῆμα	n-s---na-	n-s---na-	
5553	ἐν	r--------	ἐν	ἐν	r--------	r--------	
5554	ὁ	l-s---md-	ὁ	ὁ	l-s---md-	l-s---md-	
5555	ἐμός	a-s---md-	ἐμός	ἐμός	a-s---md-	a-s---md-	
5556	πλοῦτος	n-s---md-	πλοῦτος1	πλοῦτος	n-s---md-	n-s---md-	
5557	λογίζομαι	v1spim---	λογίζομαι	λογίζομαι	v1spie---	v1spim---	
5558	εἰμί	v--pna---	εἰμί	εἰμί	v--pna---	v--pna---	
5559	ἐκεῖνος	p-s---na-	ἐκεῖνος	ἐκεῖνος	p-s---na-	p-s---na-	
5560	,	u--------	,	,	u--------	u--------	
5561	ὅτι	c--------	ὅτι	ὅτι	c--------	c--------	
5562	εἰ	c--------	εἰ	εἰ	c--------	c--------	
5563	ἐγώ	p1s---cg-	ἐγώ	ἐγώ	p-s---mg-	p1s---cg-	
5564	τις	p-s---cn-	τις	τις	p-s---mn-	p-s---cn-	
5565	καί	d--------	καί	καί	d--------	d--------	
5566	ὁ	l-p---na-	ὁ	ὁ	l-p---na-	l-p---na-	
5567	νῦν	d--------	νῦν	νῦν	d--------	d--------	
5568	εἰμί	v-pppana-	εἰμί	εἰμί	v-pppana-	v-pppana-	
5569	παραιρέω	v3saom---	παραιρέω	παραιρέω	v3saom---	v3saom---	
5570	,	u--------	,	,	u--------	u--------	
5571	οὐδείς	p-s---na-	οὐδείς	οὐδείς	a-s---na-	p-s---na-	
5572	οὕτως	d--------	οὕτως	οὕτως	d--------	d--------	
5573	ὁράω	v1spia---	ὁράω	ὁράω	v1spia---	v1spia---	
5574	φαῦλος	a-s---na-	φαῦλος	φαῦλος	a-s---na-	a-s---na-	
5575	ἔργον	n-s---na-	ἔργον	ἔργον	n-s---na-	n-s---na-	
5576	ὁποῖος	p-s---nn-	ὁποῖος	ὁποῖος	p-s---nn-	p-s---nn-	
5577	οὐ	d--------	οὐ	οὐ	d--------	d--------	
5578	ἀρκέω	v-sppafa-	ἀρκέω	ἀρκέω	v-sppafa-	v-sppafa-	
5579	ἄν	g--------	ἄν	ἄν	d--------	g--------	
5580	τροφή	n-s---fa-	τροφή	τροφή	n-s---fa-	n-s---fa-	
5581	ἐγώ	p1s---cd-	ἐγώ	ἐγώ	p-s---md-	p1s---cd-	
5582	παρέχω	v3spoa---	παρέχω	παρέχω	v3spoa---	v3spoa---	
5583	.	u--------	.	.	u--------	u--------	
5584	καί	b--------	καί	καί	d--------	b--------	
5585	γάρ	g--------	γάρ	γάρ	d--------	g--------	
5586	ὅταν	c--------	ὅταν	ὅταν	c--------	c--------	
5587	ἡδυπαθέω	v--ana---	ἡδυπαθέω	ἡδυπαθέω	v--ana---	v--ana---	
5588	βούλομαι	v1sasp---	βούλομαι	βούλομαι	v1sasp---	v1sasp---	
5589	,	u--------	,	,	u--------	u--------	
5590	οὐ	d--------	οὐ	οὐ	d--------	d--------	
5591	ἐκ	r--------	ἐκ	ἐκ	r--------	r--------	
5592	ὁ	l-s---fg-	ὁ	ὁ	l-s---fg-	l-s---fg-	
5593	ἀγορά	n-s---fg-	ἀγορά	ἀγορά	n-s---fg-	n-s---fg-	
5594	ὁ	l-p---na-	ὁ	ὁ	l-p---na-	l-p---na-	
5595	τίμιος	a-p---na-	τίμιος	τίμιος	a-p---na-	a-p---na-	
5596	ὠνέομαι	v1spim---	ὠνέομαι	ὠνέομαι	v1spie---	v1spim---	
5597	(	u--------	̔	(	u--------	u--------	DISAGREE
5598	πολυτελής	a-p---nn-	πολυτελής	πολυτελής	a-p---nn-	a-p---nn-	
5599	γάρ	g--------	γάρ	γάρ	d--------	g--------	
5600	γίγνομαι	v3spim---	γίγνομαι	γίγνομαι	v3spie---	v3spim---	
5601	)	u--------	)	)	u--------	u--------	
5602	,	u--------	,	,	u--------	u--------	
5603	ἀλλά	b--------	ἀλλά	ἀλλά	c--------	b--------	
5604	ἐκ	r--------	ἐκ	ἐκ	r--------	r--------	
5605	ὁ	l-s---fg-	ὁ	ὁ	l-s---fg-	l-s---fg-	
5606	ψυχή	n-s---fg-	ψυχή	ψυχή	n-s---fg-	n-s---fg-	
5607	ταμιεύω	v1spim---	ταμιεύω	ταμιεύω	v1spie---	v1spim---	
5608	.	u--------	.	.	u--------	u--------	
5609	καί	b--------	καί	καί	d--------	b--------	
5610	πολύς	a-s---na-	πολύς	πολύς	a-s---na-	a-s---na-	
5611	πολύς	a-s---nac	πλέος	πολύς	a-s---nac	a-s---nac	DISAGREE
5612	διαφέρω	v3spia---	διαφέρω	διαφέρω	v3spia---	v3spia---	
5613	πρός	r--------	πρός	πρός	r--------	r--------	
5614	ἡδονή	n-s---fa-	ἡδονή	ἡδονή	n-s---fa-	n-s---fa-	
5615	,	u--------	,	,	u--------	u--------	
5616	ὅταν	c--------	ὅταν	ὅταν	c--------	c--------	
5617	ἀναμένω	v-sapamn-	ἀναμένω	ἀναμένω	v-sapamn-	v-sapamn-	
5618	ὁ	l-s---na-	ὁ	ὁ	l-s---na-	l-s---na-	
5619	δέω	v--anp---	δέω2	δέω	v--anp---	v--anp---	
5620	προσφέρω	v1spsm---	προσφέρω	προσφέρω	v1spse---	v1spsm---	
5621	ἤ	c--------	ἤ1	ἤ	c--------	c--------	
5622	ὅταν	c--------	ὅταν	ὅταν	c--------	c--------	
5623	τις	p-s---nd-	τις	τις	p-s---nd-	p-s---nd-	
5624	ὁ	l-p---ng-	ὁ	ὁ	l-p---ng-	l-p---ng-	
5625	τίμιος	a-p---ng-	τίμιος	τίμιος	a-p---ng-	a-p---ng-	
5626	χράω	v1spim---	χράω	χράω	v1spie---	v1spim---	
5627	,	u--------	,	,	u--------	u--------	
5628	ὥσπερ	c--------	ὥσπερ	ὥσπερ	c--------	c--------	
5629	καί	d--------	καί	καί	d--------	d--------	
5630	νῦν	d--------	νῦν	νῦν	d--------	d--------	
5631	ὅδε	p-s---md-	ὅδε	ὅδε	a-s---md-	p-s---md-	
5632	ὁ	l-s---md-	ὁ	ὁ	l-s---md-	l-s---md-	
5633	Θάσιος	a-s---md-	θάσιος	Θάσιος	a-s---md-	a-s---md-	
5634	οἶνος	n-s---md-	οἶνος	οἶνος	n-s---md-	n-s---md-	
5635	ἐντυγχάνω	v-sapamn-	ἐντυγχάνω	ἐντυγχάνω	v-sapamn-	v-sapamn-	
5636	οὐ	d--------	οὐ	οὐ	d--------	d--------	
5637	διψάω	v-sppamn-	διψάω	διψάω	v-sppamn-	v-sppamn-	
5638	πίνω	v1spia---	πίνω	πίνω	v1spia---	v1spia---	
5639	αὐτός	p-s---ma-	αὐτός	αὐτός	p-s---ma-	p-s---ma-	
5640	.	u--------	.	.	u--------	u--------	
5641	ἀλλά	b--------	ἀλλά	ἀλλά	d--------	b--------	
5642	μήν	d--------	μήν	μήν	d--------	d--------	
5643	καί	d--------	καί	καί	d--------	d--------	
5644	πολύς	a-s---na-	πολύς	πολύς	a-s---na-	a-s---na-	
5645	δίκαιος	a-p---mac	δίκαιος	δίκαιος	a-p---mac	a-p---mac	
5646	γε	d--------	γε	γε	d--------	d--------	
5647	ἔοικα	v-srpann-	ἔοικα	ἔοικα	v-srpann-	v-srpann-	
5648	εἰμί	v--pna---	εἰμί	εἰμί	v--pna---	v--pna---	
5649	ὁ	l-p---ma-	ὁ	ὁ	l-p---ma-	l-p---ma-	
5650	εὐτέλεια	n-s---fa-	εὐτέλεια	εὐτέλεια	n-s---fa-	n-s---fa-	
5651	μάλα	d-------c	μᾶλλον	μάλα	d-------c	d-------c	DISAGREE
5652	ἤ	c--------	ἤ1	ἤ	c--------	c--------	
5653	πολυχρηματία	n-s---fa-	πολυχρηματία	πολυχρηματία	n-s---fa-	n-s---fa-	
5654	σκοπέω	v-pppama-	σκοπέω	σκοπέω	v-pppama-	v-pppama-	
5655	.	u--------	.	.	u--------	u--------	
5656	ὅς	p-p---nd-	ὅς	ὅς	p-p---nd-	p-p---nd-	
5657	γάρ	g--------	γάρ	γάρ	d--------	g--------	
5658	μάλα	d-------s	μάλιστα	μάλα	d-------s	d-------s	DISAGREE
5659	ὁ	l-p---nn-	ὁ	ὁ	l-p---nn-	l-p---nn-	
5660	πάρειμι	v-pppann-	πάρειμι1	πάρειμι	v-pppann-	v-pppann-	
5661	ἀρκέω	v3spia---	ἀρκέω	ἀρκέω	v3spia---	v3spia---	
5662	ἦκα	a-p---na-	ἥκιστος	ἦκα	a-p---na-	a-p---na-	DISAGREE
5663	ὁ	l-p---ng-	ὁ	ὁ	l-p---ng-	l-p---ng-	
5664	ἀλλότριος	a-p---ng-	ἀλλότριος	ἀλλότριος	a-p---ng-	a-p---ng-	
5665	ὀρέγω	v3ppim---	ὀρέγω	ὀρέγω	v3ppie---	v3ppim---	
5666	.	u--------	.	.	u--------	u--------	
5667	ἄξιος	a-s---nn-	ἄξιος	ἄξιος	a-s---nn-	a-s---nn-	
5668	δέ	b--------	δέ	δέ	d--------	b--------	
5669	ἐννοέω	v--ana---	ἐννοέω	ἐννοέω	v--ana---	v--ana---	
5670	ὡς	c--------	ὡς	ὡς	c--------	c--------	
5671	καί	d--------	καί	καί	d--------	d--------	
5672	ἐλευθέριος	a-p---ma-	ἐλευθέριος	ἐλευθέριος	a-p---ma-	a-p---ma-	
5673	ὁ	l-s---mn-	ὁ	ὁ	l-s---mn-	l-s---mn-	
5674	τοιοῦτος	p-s---mn-	τοιοῦτος	τοιοῦτος	a-s---mn-	p-s---mn-	
5675	πλοῦτος	n-s---mn-	πλοῦτος	πλοῦτος	n-s---mn-	n-s---mn-	
5676	παρέχω	v3spim---	παρέχω	παρέχω	v3spie---	v3spim---	
5677	.	u--------	.	.	u--------	u--------	
5678	Σωκράτης	n-s---mn-	σωκράτης	Σωκράτης	n-s---mn-	n-s---mn-	
5679	τε	b--------	τε	τε	d--------	b--------	
5680	γάρ	g--------	γάρ	γάρ	d--------	g--------	
5681	οὗτος	p-s---mn-	οὗτος	οὗτος	a-s---mn-	p-s---mn-	
5682	παρά	r--------	παρά	παρά	r--------	r--------	
5683	ὅς	p-s---mg-	ὅς	ὅς	p-s---mg-	p-s---mg-	
5684	ἐγώ	p1s---cn-	ἐγώ	ἐγώ	p-s---mn-	p1s---cn-	
5685	οὗτος	p-s---na-	οὗτος	οὗτος	p-s---na-	p-s---na-	
5686	κτάομαι	v1saim---	κτάομαι	κτάομαι	v1saim---	v1saim---	
5687							unmatched
5688	ἀριθμός	n-s---md-	ἀριθμός	ἀριθμός	n-s---md-	n-s---md-	
5689	οὐ	d--------	οὐ	οὐ	d--------	d--------	
5690	τε	c--------	τε		c--------		oga_only
5691	σταθμός	n-s---md-	σταθμός		n-s---md-		oga_only
5692	ἐπαρκέω	v3siia---	ἐπαρκέω		v3siia---		oga_only
5693	ἐγώ	p1s---cd-	ἐγώ	ἐγώ	p-s---md-	p1s---cd-	
5694	,	u--------	,		u--------		oga_only
5695	ἀλλά	c--------	ἀλλά		c--------		oga_only
5696	ὁπόσος	a-s---na-	ὁπόσος		a-s---na-		oga_only
5697	δύναμαι	v1siie---	δύναμαι		v1siie---		oga_only
5698	φέρω	v--pne---	φέρω		v--pne---		oga_only
5699	,	u--------	,		u--------		oga_only
5700	τοσοῦτος	p-s---na-	τοσοῦτος		p-s---na-		oga_only
5701	ἐγώ	p-s---md-	ἐγώ		p-s---md-		oga_only
5702	παραδίδωμι	v3siia---	παραδίδωμι		v3siia---		oga_only
5703	·	u--------	·		u--------		oga_only
5704	ἐγώ	p-s---mn-	ἐγώ		p-s---mn-		oga_only
5705	τε	d--------	τε		d--------		oga_only
5706	νῦν	d--------	νῦν		d--------		oga_only
5707	οὐδείς	p-s---md-	οὐδείς		p-s---md-		oga_only
5708	φθονέω	v1spia---	φθονέω		v1spia---		oga_only
5709	,	u--------	,		u--------		oga_only
5710	ἀλλά	c--------	ἀλλά		c--------		oga_only
5711	πᾶς	a-p---md-	πᾶς		a-p---md-		oga_only
5712	ὁ	l-p---md-	ὁ		l-p---md-		oga_only
5713	φίλος	n-p---md-	φίλος		n-p---md-		oga_only
5714	καί	d--------	καί		d--------		oga_only
5715	ἐπιδείκνυμι	v1spia---	ἐπιδείκνυμι		v1spia---		oga_only
5716	ὁ	l-s---fa-	ὁ		l-s---fa-		oga_only
5717	ἀφθονία	n-s---fa-	ἀφθονία		n-s---fa-		oga_only
5718	καί	c--------	καί		c--------		oga_only
5719	μεταδίδωμι	v1spia---	μεταδίδωμι		v1spia---		oga_only
5720	ὁ	l-s---md-	ὁ		l-s---md-		oga_only
5721	βούλομαι	v-sppemd-	βούλομαι		v-sppemd-		oga_only
5722	ὁ	l-s---mg-	ὁ		l-s---mg-		oga_only
5723	ἐν	r--------	ἐν		r--------		oga_only
5724	ὁ	l-s---fd-	ὁ		l-s---fd-		oga_only
5725	ἐμός	a-s---fd-	ἐμός		a-s---fd-		oga_only
5726	ψυχή	n-s---fd-	ψυχή		n-s---fd-		oga_only
5727	πλοῦτος	n-s---mg-	πλοῦτος		n-s---mg-		oga_only
5728	.	u--------	.		u--------		oga_only
5729	καί	b--------	καί	καί	d--------	b--------	
5730	μήν	g--------	μήν	μήν	d--------	g--------	
5731	καί	b--------	καί	καί	d--------	b--------	
5732	ὁ	l-s---na-	ὁ	ὁ	l-s---na-	l-s---na-	
5733	ἁβρός	a-s---nas	ἁβρός	ἁβρός	a-s---nas	a-s---nas	
5734	γε	d--------	γε	γε	d--------	d--------	
5735	κτῆμα	n-s---na-	κτῆμα	κτῆμα	n-s---na-	n-s---na-	
5736	,	u--------	,	,	u--------	u--------	
5737	ὁ	l-s---fa-	ὁ	ὁ	l-s---fa-	l-s---fa-	
5738	σχολή	n-s---fa-	σχολή	σχολή	n-s---fa-	n-s---fa-	
5739	ἀεί	d--------	ἀεί	ἀεί	d--------	d--------	
5740	ὁράω	v2ppia---	ὁράω	ὁράω	v2ppia---	v2ppia---	
5741	ἐγώ	p1s---cd-	ἐγώ	ἐγώ	p-s---md-	p1s---cd-	
5742	πάρειμι	v-sppafa-	πάρειμι1	πάρειμι	v-sppafa-	v-sppafa-	
5743	,	u--------	,	,	u--------	u--------	
5744	ὥστε	c--------	ὥστε	ὥστε	c--------	c--------	
5745	καί	b--------	καί	καί	d--------	b--------	
5746	θεάομαι	v--pnm---	θεάομαι	θεάομαι	v--pne---	v--pnm---	
5747	ὁ	l-p---na-	ὁ	ὁ	l-p---na-	l-p---na-	
5748	ἀξιοθέατος	a-p---na-	ἀξιοθέατος	ἀξιοθέατος	a-p---na-	a-p---na-	
5749	καί	b--------	καί	καί	d--------	b--------	
5750	ἀκούω	v--pna---	ἀκούω	ἀκούω	v--pna---	v--pna---	
5751	ὁ	l-p---na-	ὁ	ὁ	l-p---na-	l-p---na-	
5752	ἀξιάκουστος	a-p---na-	ἀξιάκουστος	ἀξιάκουστος	a-p---na-	a-p---na-	
5753	καί	b--------	καί	καί	c--------	b--------	
5754	ὅς	p-s---na-	ὅς	ὅς	p-s---na-	p-s---na-	
5755	πολύς	a-s---ngs	πολύς	πολύς	a-s---ngs	a-s---ngs	
5756	ἐγώ	p1s---cn-	ἐγώ	ἐγώ	p1s---mn-	p1s---cn-	
5757	τιμάω	v1spim---	τιμάω	τιμάω	v1spie---	v1spim---	
5758	,	u--------	,	,	u--------	u--------	
5759	Σωκράτης	n-s---md-	σωκράτης	Σωκράτης	n-s---md-	n-s---md-	
5760	σχολάζω	v-sppamn-	σχολάζω	σχολάζω	v-sppamn-	v-sppamn-	
5761	συνδιημερεύω	v--pna---	συνδιημερεύω	συνδιημερεύω	v--pna---	v--pna---	
5762	.	u--------	.	.	u--------	u--------	
5763	καί	d--------	καί	καί	d--------	d--------	
5764	οὗτος	p-s---mn-	οὗτος	οὗτος	p-s---mn-	p-s---mn-	
5765	δέ	b--------	δέ	δέ	d--------	b--------	
5766	οὐ	d--------	οὐ	οὐ	d--------	d--------	
5767	ὁ	l-p---ma-	ὁ	ὁ	l-p---ma-	l-p---ma-	
5768	πολύς	a-s---nas	πλεῖστος	πολύς	a-s---nas	a-s---nas	DISAGREE
5769	ἀριθμέω	v-pppama-	ἀριθμέω	ἀριθμέω	v-pppama-	v-pppama-	
5770	χρυσίον	n-s---na-	χρυσίον	χρυσίον	n-s---na-	n-s---na-	
5771	θαυμάζω	v3spia---	θαυμάζω	θαυμάζω	v3spia---	v3spia---	
5772	,	u--------	,	,	u--------	u--------	
5773	ἀλλά	b--------	ἀλλά	ἀλλά	c--------	b--------	
5774	ὅς	p-p---mn-	ὅς	ὅς	p-p---mn-	p-p---mn-	
5775	ἄν	g--------	ἄν	ἄν	d--------	g--------	
5776	αὐτός	p-s---md-	αὐτός	αὐτός	p-s---md-	p-s---md-	
5777	ἀρέσκω	v3ppsa---	ἀρέσκω	ἀρέσκω	v3ppsa---	v3ppsa---	
5778	οὗτος	p-p---md-	οὗτος	οὗτος	p-p---md-	p-p---md-	
5779	σύνειμι	v-sppamn-	σύνειμι	σύνειμι	v-sppamn-	v-sppamn-	
5780	διατελέω	v3spia---	διατελέω	διατελέω	v3spia---	v3spia---	
5781	.	u--------	.	.	u--------	u--------	
5782	οὗτος	p-s---mn-	οὗτος	οὗτος	p-s---mn-	p-s---mn-	
5783	μέν	g--------	μέν	μέν	d--------	g--------	
5784	οὖν	g--------	οὖν	οὖν	d--------	g--------	
5785	οὕτως	d--------	οὕτως	οὕτως	d--------	d--------	
5786	λέγω	v3saia---	λέγω	λέγω	v3saia---	v3saia---	
5787	.	u--------	.	.	u--------	u--------	
5788	ὁ	l-s---mn-	ὁ	ὁ	l-s---mn-	l-s---mn-	
5789	δέ	b--------	δέ	δέ	d--------	b--------	
5790	Καλλίας	n-s---mn-	καλλίας	Καλλίας	n-s---mn-	n-s---mn-	
5791	,	u--------	,	,	u--------	u--------	
5792	νή	r--------	νή	νή	r--------	r--------	
5793	ὁ	l-s---fa-	ὁ	ὁ	l-s---fa-	l-s---fa-	
5794	Ἥρα	n-s---fa-	ἥρα	Ἥρα	n-s---fa-	n-s---fa-	
5795	,	u--------	,	,	u--------	u--------	
5796	φημί	v3siia---	φημί	φημί	v3siia---	v3siia---	
5797	,	u--------	,	,	u--------	u--------	
5798	ὁ	l-p---na-	ὁ	ὁ	l-p---na-	l-p---na-	
5799	τε	b--------	τε	τε	d--------	b--------	
5800	ἄλλος	p-p---na-	ἄλλος	ἄλλος	p-p---na-	p-p---na-	
5801	ζηλόω	v1spia---	ζηλόω	ζηλόω	v1spia---	v1spia---	
5802	σύ	p2s---ca-	σύ	σύ	p-s---ma-	p2s---ca-	
5803	ὁ	l-s---mg-	ὁ	ὁ	l-s---mg-	l-s---mg-	
5804	πλοῦτος	n-s---mg-	πλοῦτος	πλοῦτος	n-s---mg-	n-s---mg-	
5805	καί	b--------	καί	καί	c--------	b--------	
5806	ὅτι	c--------	ὅτι	ὅτι	c--------	c--------	
5807	οὐ	d--------	οὐ	οὐ	d--------	d--------	
5808	τε	d--------	τε		d--------		oga_only
5809	ὁ	l-s---fn-	ὁ		l-s---fn-		oga_only
5810	πόλις	n-p---fa-	πόλις		n-p---fa-		oga_only
5811	σύ	p-s---md-	σύ		p-s---md-		oga_only
5812	ἐπιτάσσω	v-sppafn-	ἐπιτάσσω		v-sppafn-		oga_only
5813	ὡς	c--------	ὡς		c--------		oga_only
5814	δοῦλος	n-s---md-	δοῦλος		n-s---md-		oga_only
5815	χράομαι	v3spie---	χράομαι		v3spie---		oga_only
5816	οὐ	d--------	οὐ		d--------		oga_only
5817	τε	c--------	τε		c--------		oga_only
5818	ὁ	l-p---mn-	ὁ		l-p---mn-		oga_only
5819	ἄνθρωπος	n-p---mn-	ἄνθρωπος		n-p---mn-		oga_only
5820	,	u--------	,		u--------		oga_only
5821	ἄν	c--------	ἄν		c--------		oga_only
5822	μή	d--------	μή		d--------		oga_only
5823	δανείζω	v2sasa---	δανείζω		v2sasa---		oga_only
5824	,	u--------	,		u--------		oga_only
5825	ὀργίζω	v3ppie---	ὀργίζω		v3ppie---		oga_only
5826	.	u--------	.		u--------		oga_only
5827	ἀλλά	c--------	ἀλλά		c--------		oga_only
5828	μά	r--------	μά		r--------		oga_only
5829	ζεύς	n-s---ma-	ζεύς		n-s---ma-		oga_only
5830	,	u--------	,		u--------		oga_only
5831	φημί	v3siia---	φημί		v3siia---		oga_only
5832	ὁ	l-s---mn-	ὁ		l-s---mn-		oga_only
5833	νικήρατος	n-s---mn-	νικήρατος		n-s---mn-		oga_only
5834	,	u--------	,		u--------		oga_only
5835	μή	d--------	μή		d--------		oga_only
5836	ζῆλος	v3siia---	ζῆλος		v3siia---		oga_only
5837	·	u--------	·		u--------		oga_only
5838	ἐγώ	p1s---cn-	ἐγώ	ἐγώ	p-s---mn-	p1s---cn-	
5839	γάρ	g--------	γάρ	γάρ	d--------	g--------	
5840	ἥκω	v1sfia---	ἥκω	ἥκω	v1sfia---	v1sfia---	
5841	παρά	r--------	παρά	παρά	r--------	r--------	
5842	αὐτός	p-s---mg-	αὐτός	αὐτός	p-s---mg-	p-s---mg-	
5843	δανείζω	v-sapmmn-	δανείζω	δανείζω	v-sapmmn-	v-sapmmn-	
5844	ὁ	l-s---na-	ὁ	ὁ	l-s---na-	l-s---na-	
5845	μηδείς	p-s---ng-	μηδείς	μηδείς	p-s---ng-	p-s---ng-	
5846	προσδέω	v--pnm---	προσδέω	προσδέω	v--pne---	v--pnm---	
5847	,	u--------	,	,	u--------	u--------	
5848	οὕτως	d--------	οὕτως	οὕτως	d--------	d--------	
5849	παιδεύω	v-srpmmn-	παιδεύω	παιδεύω	v-srpemn-	v-srpmmn-	
5850	ὑπό	r--------	ὑπό	ὑπό	r--------	r--------	
5851	Ὅμηρος	n-s---mg-	ὅμηρος	Ὅμηρος	n-s---mg-	n-s---mg-	
5852	ἀριθμέω	v--pna---	ἀριθμέω	ἀριθμέω	v--pna---	v--pna---	
5853	ἑπτά	m--------	ἑπτά	ἑπτά	a--------	m--------	
5854	ἄπυρος	a-p---ma-	ἄπυρος	ἄπυρος	a-p---ma-	a-p---ma-	
5855	τρίπους	n-p---ma-	τρίπους	τρίπους	n-p---ma-	n-p---ma-	
5856	,	u--------	,	,	u--------	u--------	
5857	δέκα	m--------	δέκα	δέκα	a--------	m--------	
5858	δέ	b--------	δέ	δέ	d--------	b--------	
5859	χρυσός	n-s---mg-	χρυσός	χρυσός	n-s---mg-	n-s---mg-	
5860	τάλαντον	n-p---na-	τάλαντον	τάλαντον	n-p---na-	n-p---na-	
5861	,	u--------	,	,	u--------	u--------	
5862	αἴθων	n-p---ma-	αἴθων	αἴθων	n-p---ma-	n-p---ma-	
5863	δέ	b--------	δέ	δέ	d--------	b--------	
5864	λέβης	n-p---ma-	λέβης	λέβης	n-p---ma-	n-p---ma-	
5865	εἴκοσι	m--------	εἴκοσι	εἴκοσι	a--------	m--------	
5866	,	u--------	,	,	u--------	u--------	
5867	δώδεκα	m--------	δώδεκα	δώδεκα	a--------	m--------	
5868	δέ	b--------	δέ	δέ	c--------	b--------	
5869	ἵππος	n-p---ma-	ἵππος	ἵππος	n-p---ma-	n-p---ma-	
5870	σταθμός	n-s---nd-	σταθμός	σταθμός	n-s---nd-	n-s---nd-	
5871	καί	b--------	καί	καί	c--------	b--------	
5872	ἀριθμός	n-s---md-	ἀριθμός	ἀριθμός	n-s---md-	n-s---md-	
5873	,	u--------	,	,	u--------	u--------	
5874	ὡς	c--------	ὡς	ὡς	c--------	c--------	
5875	πολύς	a-s---mg-	πολύς	πολύς	a-s---mg-	a-s---mg-	
5876	πλοῦτος	n-s---mg-	πλοῦτος	πλοῦτος	n-s---mg-	n-s---mg-	
5877	ἐπιθυμέω	v-sppamn-	ἐπιθυμέω	ἐπιθυμέω	v-sppamn-	v-sppamn-	
5878	οὐ	d--------	οὐ	οὐ	d--------	d--------	
5879	παύω	v1spim---	παύω	παύω	v1spie---	v1spim---	
5880	·	u--------	·	·	u--------	u--------	
5881	ἐκ	r--------	ἐκ	ἐκ	r--------	r--------	
5882	ὅς	p-p---ng-	ὅς	ὅς	p-p---ng-	p-p---ng-	
5883	ἴσως	d--------	ἴσως	ἴσως	d--------	d--------	
5884	καί	d--------	καί	καί	d--------	d--------	
5885	φιλοχρήματος	a-s---mnc	φιλοχρήματος	φιλοχρήματος	a-s---mnc	a-s---mnc	
5886	τις	p-p---cd-	τις	τις	p-p---md-	p-p---cd-	
5887	δοκέω	v1spia---	δοκέω	δοκέω	v1spia---	v1spia---	
5888	εἰμί	v--pna---	εἰμί	εἰμί	v--pna---	v--pna---	
5889	.	u--------	.	.	u--------	u--------	
5890	ἔνθα	d--------	ἔνθα	ἔνθα	d--------	d--------	
5891	δή	g--------	δή	δή	d--------	g--------	
5892	ἀναγελάω	v3paia---	ἀναγελάω	ἀναγελάω	v3paia---	v3paia---	
5893	ἅπας	a-p---mn-	ἅπας	ἅπας	a-p---mn-	a-p---mn-	
5894	,	u--------	,	,	u--------	u--------	
5895	νομίζω	v-pppamn-	νομίζω	νομίζω	v-pppamn-	v-pppamn-	
5896	ὁ	l-p---na-	ὁ	ὁ	l-p---na-	l-p---na-	
5897	εἰμί	v-pppana-	εἰμί	εἰμί	v-pppana-	v-pppana-	
5898	λέγω	v--rna---	ἐρῶ	λέγω	v--rna---	v--rna---	DISAGREE
5899	αὐτός	p-s---ma-	αὐτός	αὐτός	p-s---ma-	p-s---ma-	
5900	.	u--------	.	.	u--------	u--------	
5901	ἐκ	r--------	ἐκ	ἐκ	r--------	r--------	
5902	οὗτος	p-s---ng-	οὗτος	οὗτος	p-s---ng-	p-s---ng-	
5903	λέγω	v3saia---	εἶπον	λέγω	v3saia---	v3saia---	DISAGREE
5904	τις	p-s---cn-	τις	τις	p-s---mn-	p-s---cn-	
5905	·	u--------	·	·	u--------	u--------	
5906	σός	a-s---nn-	σός	σός	a-s---nn-	a-s---nn-	
5907	ἔργον	n-s---nn-	ἔργον	ἔργον	n-s---nn-	n-s---nn-	
5908	,	u--------	,	,	u--------	u--------	
5909	ὦ	i--------	ὦ	ὦ	i--------	i--------	
5910	Ἑρμογένης	n-s---mv-	ἑρμογένης	Ἑρμογένης	n-s---mv-	n-s---mv-	
5911	,	u--------	,	,	u--------	u--------	
5912	λέγω	v--pna---	λέγω3	λέγω	v--pna---	v--pna---	
5913	τε	b--------	τε	τε	d--------	b--------	
5914	ὁ	l-p---ma-	ὁ	ὁ	l-p---ma-	l-p---ma-	
5915	φίλος	a-p---ma-	φίλος	φίλος	a-p---ma-	a-p---ma-	
5916	ὅστις	p-p---mn-	ὅστις	ὅστις	p-p---mn-	p-p---mn-	
5917	εἰμί	v3ppia---	εἰμί	εἰμί	v3ppia---	v3ppia---	
5918	καί	b--------	καί	καί	c--------	b--------	
5919	ἐπιδείκνυμι	v--pna---	ἐπιδείκνυμι	ἐπιδείκνυμι	v--pna---	v--pna---	
5920	ὡς	c--------	ὡς	ὡς	c--------	c--------	
5921	μέγας	a-s---na-	μέγας	μέγας	a-s---na-	a-s---na-	
5922	τε	b--------	τε	τε	d--------	b--------	
5923	δύναμαι	v3ppim---	δύναμαι	δύναμαι	v3ppie---	v3ppim---	
5924	καί	b--------	καί	καί	c--------	b--------	
5925	σύ	p2s---cg-	σύ	σύ	p-s---mg-	p2s---cg-	
5926	ἐπιμελέομαι	v3ppim---	ἐπιμελέομαι	ἐπιμελέομαι	v3ppie---	v3ppim---	
5927	,	u--------	,	,	u--------	u--------	
5928	ἵνα	c--------	ἵνα	ἵνα	c--------	c--------	
5929	δοκέω	v2spsa---	δοκέω	δοκέω	v2spsa---	v2spsa---	
5930	δίκαιος	d--------	δίκαιος	δίκαιος	d--------	d--------	
5931	ἐπί	r--------	ἐπί	ἐπί	r--------	r--------	
5932	αὐτός	p-p---md-	αὐτός	αὐτός	p-p---md-	p-p---md-	
5933	μέγας	a-s---na-	μέγας	μέγας	a-s---na-	a-s---na-	
5934	φρονέω	v--pna---	φρονέω	φρονέω	v--pna---	v--pna---	
5935	.	u--------	.	.	u--------	u--------	
5936	οὐκοῦν	g--------	οὐκοῦν	οὐκοῦν	d--------	g--------	
5937	ὡς	c--------	ὡς	ὡς	c--------	c--------	
5938	μέν	g--------	μέν	μέν	d--------	g--------	
5939	καί	b--------	καί	καί	c--------	b--------	
5940	Ἕλλην	n-p---mn-	ἕλλην	Ἕλλην	n-p---mn-	n-p---mn-	
5941	καί	b--------	καί	καί	c--------	b--------	
5942	βάρβαρος	a-p---mn-	βάρβαρος	βάρβαρος	n-p---mn-	a-p---mn-	
5943	ὁ	l-p---ma-	ὁ	ὁ	l-p---ma-	l-p---ma-	
5944	θεός	n-p---ma-	θεός	θεός	n-p---ma-	n-p---ma-	
5945	ἡγέομαι	v3ppim---	ἡγέομαι	ἡγέομαι	v3ppie---	v3ppim---	
5946	πᾶς	a-p---na-	πᾶς	πᾶς	a-p---na-	a-p---na-	
5947	οἶδα	v--rna---	οἶδα	οἶδα	v--rna---	v--rna---	
5948	ὁ	l-p---na-	ὁ	ὁ	l-p---na-	l-p---na-	
5949	τε	b--------	τε	τε	c--------	b--------	
5950	εἰμί	v-pppana-	εἰμί	εἰμί	v-pppana-	v-pppana-	
5951	καί	b--------	καί	καί	c--------	b--------	
5952	ὁ	l-p---na-	ὁ	ὁ	l-p---na-	l-p---na-	
5953	μέλλω	v-pppana-	μέλλω	μέλλω	v-pppana-	v-pppana-	
5954	εὔδηλος	a-s---nn-	εὔδηλος	εὔδηλος	a-s---nn-	a-s---nn-	
5955	.	u--------	.	.	u--------	u--------	
5956	πᾶς	a-p---fn-	πᾶς	πᾶς	a-p---fn-	a-p---fn-	
5957	γοῦν	g--------	γοῦν	γοῦν	d--------	g--------	
5958	ὁ	l-p---fn-	ὁ	ὁ	l-p---fn-	l-p---fn-	
5959	πόλις	n-p---fn-	πόλις	πόλις	n-p---fn-	n-p---fn-	
5960	καί	b--------	καί	καί	c--------	b--------	
5961	πᾶς	a-p---nn-	πᾶς	πᾶς	a-p---nn-	a-p---nn-	
5962	ὁ	l-p---nn-	ὁ	ὁ	l-p---nn-	l-p---nn-	
5963	ἔθνος	n-p---nn-	ἔθνος	ἔθνος	n-p---nn-	n-p---nn-	
5964	διά	r--------	διά	διά	r--------	r--------	
5965	μαντικός	a-s---fg-	μαντικός	μαντικός	a-s---fg-	a-s---fg-	
5966	ἐπερωτάω	v3ppia---	ἐπερωτάω	ἐπερωτάω	v3ppia---	v3ppia---	
5967	ὁ	l-p---ma-	ὁ	ὁ	l-p---ma-	l-p---ma-	
5968	θεός	n-p---ma-	θεός	θεός	n-p---ma-	n-p---ma-	
5969	τις	p-s---na-	τίς	τις	p-s---na-	p-s---na-	
5970	τε	b--------	τε	τε	c--------	b--------	
5971	χρή	v3spia---	χρή	χρή	v3spia---	v3spia---	
5972	καί	b--------	καί	καί	c--------	b--------	
5973	τις	p-s---na-	τίς	τις	p-s---na-	p-s---na-	
5974	οὐ	d--------	οὐ	οὐ	d--------	d--------	
5975	χρή	v3spia---	χρή	χρή	v3spia---	v3spia---	
5976	ποιέω	v--pna---	ποιέω	ποιέω	v--pna---	v--pna---	
5977	.	u--------	.	.	u--------	u--------	
5978	καί	b--------	καί	καί	d--------	b--------	
5979	μήν	g--------	μήν	μήν	d--------	g--------	
5980	ὅτι	c--------	ὅτι	ὅτι	c--------	c--------	
5981	νομίζω	v1ppia---	νομίζω	νομίζω	v1ppia---	v1ppia---	
5982	γε	d--------	γε	γε	d--------	d--------	
5983	δύναμαι	v--pnm---	δύναμαι	δύναμαι	v--pne---	v--pnm---	
5984	αὐτός	p-p---ma-	αὐτός	αὐτός	p-p---ma-	p-p---ma-	
5985	καί	b--------	καί	καί	d--------	b--------	
5986	εὖ	d--------	εὖ	εὖ	d--------	d--------	
5987	καί	b--------	καί	καί	c--------	b--------	
5988	κακός	d--------	κακός	κακός	d--------	d--------	
5989	ποιέω	v--pna---	ποιέω	ποιέω	v--pna---	v--pna---	
5990	καί	d--------	καί	καί	d--------	d--------	
5991	οὗτος	p-s---nn-	οὗτος	οὗτος	p-s---nn-	p-s---nn-	
5992	σαφής	a-s---nn-	σαφής	σαφής	a-s---nn-	a-s---nn-	
5993	.	u--------	.	.	u--------	u--------	
5994	πᾶς	a-p---mn-	πᾶς	πᾶς	a-p---mn-	a-p---mn-	
5995	γοῦν	g--------	γοῦν	γοῦν	d--------	g--------	
5996	αἰτέω	v3ppim---	αἰτέω	αἰτέω	v3ppie---	v3ppim---	
5997	ὁ	l-p---ma-	ὁ	ὁ	l-p---ma-	l-p---ma-	
5998	θεός	n-p---ma-	θεός	θεός	n-p---ma-	n-p---ma-	
5999	ὁ	l-p---na-	ὁ	ὁ	l-p---na-	l-p---na-	
6000	μέν	g--------	μέν	μέν	d--------	g--------	
6001	φαῦλος	a-p---na-	φαῦλος	φαῦλος	a-p---na-	a-p---na-	
6002	ἀποτρέπω	v--pna---	ἀποτρέπω	ἀποτρέπω	v--pna---	v--pna---	
6003	,	u--------	,	,	u--------	u--------	
6004	ὁ	l-p---na-	ὁ		l-p---na-		oga_only
6005	ἀγαθός	a-p---na-	ἀγαθός		a-p---na-		oga_only
6006	δέ	b--------	δέ	δέ	d--------	b--------	
6007	δίδωμι	v--pna---	δίδωμι	δίδωμι	v--pna---	v--pna---	
6008	.	u--------	.	.	u--------	u--------	
6009	οὗτος	p-p---mn-	οὗτος	οὗτος	a-p---mn-	p-p---mn-	
6010	τοίνυν	g--------	τοίνυν	τοίνυν	d--------	g--------	
6011	ὁ	l-p---mn-	ὁ	ὁ	l-p---mn-	l-p---mn-	
6012	πᾶς	a-p---na-	πᾶς	πᾶς	a-p---na-	a-p---na-	
6013	μέν	g--------	μέν	μέν	d--------	g--------	
6014	οἶδα	v-prpamn-	οἶδα	οἶδα	v-prpamn-	v-prpamn-	
6015	πᾶς	a-p---na-	πᾶς	πᾶς	a-p---na-	a-p---na-	
6016	δέ	b--------	δέ	δέ	c--------	b--------	
6017	δύναμαι	v-pppmmn-	δύναμαι	δύναμαι	v-pppemn-	v-pppmmn-	
6018	θεός	n-p---mn-	θεός	θεός	n-p---mn-	n-p---mn-	
6019	οὕτως	d--------	οὕτως	οὕτως	d--------	d--------	
6020	ἐγώ	p1s---cd-	ἐγώ	ἐγώ	p-s---md-	p1s---cd-	
6021	φίλος	a-p---mn-	φίλος	φίλος	a-p---mn-	a-p---mn-	
6022	εἰμί	v3ppia---	εἰμί	εἰμί	v3ppia---	v3ppia---	
6023	ὥστε	c--------	ὥστε	ὥστε	c--------	c--------	
6024	διά	r--------	διά	διά	r--------	r--------	
6025	ὁ	l-s---na-	ὁ	ὁ	l-s---na-	l-s---na-	
6026	ἐπιμελέομαι	v--pnm---	ἐπιμελέομαι	ἐπιμελέομαι	v--pne---	v--pnm---	
6027	ἐγώ	p1s---cg-	ἐγώ	ἐγώ	p-s---mg-	p1s---cg-	
6028	οὔποτε	d--------	οὔποτε	οὔποτε	d--------	d--------	
6029	λανθάνω	v1spia---	λανθάνω	λανθάνω	v1spia---	v1spia---	
6030	αὐτός	p-p---ma-	αὐτός	αὐτός	p-p---ma-	p-p---ma-	
6031	οὐ	d--------	οὐ	οὐ	d--------	d--------	
6032	τε	d--------	τε		d--------		oga_only
6033	νύξ	n-s---fg-	νύξ		n-s---fg-		oga_only
6034							unmatched
6035	ἡμέρα	n-s---fg-	ἡμέρα		n-s---fg-		oga_only
6036							unmatched
6037	ὅποι	d--------	ὅποι		d--------		oga_only
6038	ἄν	g--------	ἄν	ἄν	d--------	g--------	
6039	ὁρμάω	v1spse---	ὁρμάω		v1spse---		oga_only
6040							unmatched
6041	ὅς	p-s---nn-	ὅς	ὅς	p-s---na-	p-s---nn-	
6042	τις	p-s---nn-	τις	τις	a-s---na-	p-s---nn-	
6043	ἄν	d--------	ἄν		d--------		oga_only
6044	μέλλω	v1spsa---	μέλλω		v1spsa---		oga_only
6045	πράσσω	v--pna---	πράσσω		v--pna---		oga_only
6046	.	u--------	.		u--------		oga_only
6047	διά	r--------	διά		r--------		oga_only
6048	δέ	d--------	δέ		d--------		oga_only
6049	ὁ	l-s---na-	ὁ		l-s---na-		oga_only
6050	πρόοιδα	v--rna---	πρόοιδα		v--rna---		oga_only
6051	καί	b--------	καί	καί	c--------	b--------	
6052	ὅς	p-s---nn-	ὅς		p-s---nn-		oga_only
6053	τις	a-s---nn-	τις		a-s---nn-		oga_only
6054	ἐκ	r--------	ἐκ		r--------		oga_only
6055	ἕκαστος	a-s---ng-	ἕκαστος		a-s---ng-		oga_only
6056	ἀποβαίνω	v3sfim---	ἀποβαίνω		v3sfim---		oga_only
6057	σημαίνω	v3ppia---	σημαίνω		v3ppia---		oga_only
6058	ἐγώ	p1s---md-	ἐγώ		p1s---md-		oga_only
6059	πέμπω	v-pppamn-	πέμπω		v-pppamn-		oga_only
6060	ἄγγελος	n-p---ma-	ἄγγελος		n-p---ma-		oga_only
6061	φήμη	n-p---fa-	φήμη		n-p---fa-		oga_only
6062	καί	d--------	καί		d--------		oga_only
6063	ἐνύπνιον	n-p---na-	ἐνύπνιον		n-p---na-		oga_only
6064	καί	c--------	καί		c--------		oga_only
6065	οἰωνός	n-p---ma-	οἰωνός		n-p---ma-		oga_only
6066	ὅς	p-p---na-	ὅς		p-p---na-		oga_only
6067	τε	d--------	τε		d--------		oga_only
6068	δεῖ	v3spia---	δεῖ		v3spia---		oga_only
6069	καί	d--------	καί	καί	c--------	d--------	
6070	ὅς	p-p---na-	ὅς		p-p---na-		oga_only
6071	οὐ	d--------	οὐ		d--------		oga_only
6072	χρή	v3spia---	χρή		v3spia---		oga_only
6073	ποιέω	v--pna---	ποιέω		v--pna---		oga_only
6074	,	u--------	,		u--------		oga_only
6075	ὅς	p-p---md-	ὅς		p-p---md-		oga_only
6076	ἐγώ	p1s---mn-	ἐγώ		p1s---mn-		oga_only
6077	ὅταν	c--------	ὅταν		c--------		oga_only
6078	μέν	d--------	μέν		d--------		oga_only
6079	πείθω	v1spse---	πείθω		v1spse---		oga_only
6080	,	u--------	,		u--------		oga_only
6081	οὐδέποτε	d--------	οὐδέποτε		d--------		oga_only
6082	ἐγώ	p1s---md-	ἐγώ		p1s---md-		oga_only
6083	μεταμέλει	v3spia---	μεταμέλει		v3spia---		oga_only
6084	·	u--------	·		u--------		oga_only
6085	ἤδη	d--------	ἤδη		d--------		oga_only
6086	δέ	d--------	δέ		d--------		oga_only
6087	ποτέ	d--------	ποτέ		d--------		oga_only
6088	καί	d--------	καί		d--------		oga_only
6089	ἀπιστέω	v-sapamn-	ἀπιστέω		v-sapamn-		oga_only
6090	κολάζω	v1saip---	κολάζω		v1saip---		oga_only
6091	.	u--------	.		u--------		oga_only
6092	καί	b--------	καί	καί	d--------	b--------	
6093	ὁ	l-s---mn-	ὁ	ὁ	l-s---mn-	l-s---mn-	
6094	Σωκράτης	n-s---mn-	σωκράτης	Σωκράτης	n-s---mn-	n-s---mn-	
6095	λέγω	v3saia---	λέγω	λέγω	v3saia---	v3saia---	
6096	·	u--------	·	·	u--------	u--------	
6097	ἀλλά	b--------	ἀλλά	ἀλλά	d--------	b--------	
6098	οὗτος	p-p---ng-	οὗτος	οὗτος	p-p---ng-	p-p---ng-	
6099	μέν	g--------	μέν	μέν	d--------	g--------	
6100	οὐδείς	p-s---nn-	οὐδείς	οὐδείς	p-s---nn-	p-s---nn-	
6101	ἄπιστος	a-s---nn-	ἄπιστος	ἄπιστος	a-s---nn-	a-s---nn-	
6102	.	u--------	.	.	u--------	u--------	
6103	ἐκεῖνος	p-s---na-	ἐκεῖνος	ἐκεῖνος	p-s---na-	p-s---na-	
6104	μέντοι	g--------	μέντοι	μέντοι	d--------	g--------	
6105	ἐγώ	p1s---cn-	ἐγώ	ἐγώ	p-s---mn-	p1s---cn-	
6106	ἡδύς	d--------	ἡδέως	ἡδύς	d--------	d--------	DISAGREE
6107	ἄν	g--------	ἄν	ἄν	d--------	g--------	
6108	πυνθάνομαι	v1saom---	πυνθάνομαι	πυνθάνομαι	v1saom---	v1saom---	
6109	,	u--------	,	,	u--------	u--------	
6110	πῶς	d--------	πῶς	πῶς	d--------	d--------	
6111	αὐτός	p-p---ma-	αὐτός	αὐτός	p-p---ma-	p-p---ma-	
6112	θεραπεύω	v-sppamn-	θεραπεύω	θεραπεύω	v-sppamn-	v-sppamn-	
6113	οὕτως	d--------	οὕτως	οὕτως	d--------	d--------	
6114	φίλος	a-p---ma-	φίλος	φίλος	a-p---ma-	a-p---ma-	
6115	ἔχω	v2spia---	ἔχω	ἔχω	v2spia---	v2spia---	
6116	.	u--------	.	.	u--------	u--------	
6117	ναί	i--------	ναί	ναί	i--------	i--------	
6118	μά	r--------	μά	μά	r--------	r--------	
6119	ὁ	l-s---ma-	ὁ	ὁ	l-s---ma-	l-s---ma-	
6120	Ζεύς	n-s---ma-	ζεύς	Ζεύς	n-s---ma-	n-s---ma-	
6121	,	u--------	,	,	u--------	u--------	
6122	φημί	v3siia---	φημί	φημί	v3siia---	v3siia---	
6123	ὁ	l-s---mn-	ὁ	ὁ	l-s---mn-	l-s---mn-	
6124	Ἑρμογένης	n-s---mn-	ἑρμογένης	Ἑρμογένης	n-s---mn-	n-s---mn-	
6125	,	u--------	,	,	u--------	u--------	
6126	καί	b--------	καί	καί	d--------	b--------	
6127	μάλα	d--------	μάλα	μάλα	d--------	d--------	
6128	εὐτελής	d--------	εὐτελής	εὐτελής	d--------	d--------	
6129	.	u--------	.	.	u--------	u--------	
6130	ἐπαινέω	v1spia---	ἐπαινέω	ἐπαινέω	v1spia---	v1spia---	
6131	τε	b--------	τε	τε	d--------	b--------	
6132	γάρ	g--------	γάρ	γάρ	d--------	g--------	
6133	αὐτός	p-p---ma-	αὐτός	αὐτός	p-p---ma-	p-p---ma-	
6134	οὐδείς	p-s---na-	οὐδείς	οὐδείς	p-s---na-	p-s---na-	
6135	δαπανάω	v-sppamn-	δαπανάω	δαπανάω	v-sppamn-	v-sppamn-	
6136	,	u--------	,	,	u--------	u--------	
6137	ὅς	p-p---ng-	ὅς	ὅς	p-p---ng-	p-p---ng-	
6138	τε	b--------	τε	τε	d--------	b--------	
6139	δίδωμι	v3ppia---	δίδωμι	δίδωμι	v3ppia---	v3ppia---	
6140	ἀεί	d--------	ἀεί	ἀεί	d--------	d--------	
6141	αὖ	d--------	αὖ	αὖ	d--------	d--------	
6142	παρέχω	v1spim---	παρέχω	παρέχω	v1spie---	v1spim---	
6143	,	u--------	,	,	u--------	u--------	
6144	εὐφημέω	v1spia---	εὐφημέω	εὐφημέω	v1spia---	v1spia---	
6145	τε	b--------	τε	τε	d--------	b--------	
6146	ὅσος	p-p---na-	ὅσος	ὅσος	a-p---na-	p-p---na-	
6147	ἄν	g--------	ἄν	ἄν	d--------	g--------	
6148	δύναμαι	v1spsm---	δύναμαι	δύναμαι	v1spse---	v1spsm---	
6149	καί	b--------	καί	καί	c--------	b--------	
6150	ἐπί	r--------	ἐπί	ἐπί	r--------	r--------	
6151	ὅς	p-p---nd-	ὅς	ὅς	p-p---nd-	p-p---nd-	
6152	ἄν	g--------	ἄν	ἄν	d--------	g--------	
6153	αὐτός	p-p---ma-	αὐτός	αὐτός	p-p---ma-	p-p---ma-	
6154	μάρτυς	n-p---ma-	μάρτυς	μάρτυς	n-p---ma-	n-p---ma-	
6155	ποιέω	v1sasm---	ποιέω	ποιέω	v1sasm---	v1sasm---	
6156	ἑκών	a-s---mn-	ἑκών	ἑκών	a-s---mn-	a-s---mn-	
6157	οὐδείς	p-s---na-	οὐδείς	οὐδείς	p-s---na-	p-s---na-	
6158	ψεύδω	v1spim---	ψεύδω	ψεύδω	v1spie---	v1spim---	
6159	.	u--------	.	.	u--------	u--------	
6160	νή	r--------	νή	νή	r--------	r--------	
6161	Ζεύς	n-s---ma-	ζεύς	Ζεύς	n-s---ma-	n-s---ma-	
6162	,	u--------	,	,	u--------	u--------	
6163	φημί	v3siia---	φημί	φημί	v3siia---	v3siia---	
6164	,	u--------	,	,	u--------	u--------	
6165	ὁ	l-s---mn-	ὁ	ὁ	l-s---mn-	l-s---mn-	
6166	Σωκράτης	n-s---mn-	σωκράτης	Σωκράτης	n-s---mn-	n-s---mn-	
6167	εἰ	c--------	εἰ	εἰ	c--------	c--------	
6168	ἄρα	g--------	ἄρα	ἄρα	d--------	g--------	
6169	τοιοῦτος	p-s---mn-	τοιοῦτος	τοιοῦτος	p-s---mn-	p-s---mn-	
6170	εἰμί	v-sppamn-	εἰμί	εἰμί	v-sppamn-	v-sppamn-	
6171	φίλος	a-p---ma-	φίλος	φίλος	n-p---ma-	a-p---ma-	
6172	αὐτός	p-p---ma-	αὐτός	αὐτός	p-p---ma-	p-p---ma-	
6173	ἔχω	v2spia---	ἔχω	ἔχω	v2spia---	v2spia---	
6174	,	u--------	,	,	u--------	u--------	
6175	καί	b--------	καί	καί	d--------	b--------	
6176	ὁ	l-p---mn-	ὁ	ὁ	l-p---mn-	l-p---mn-	
6177	θεός	n-p---mn-	θεός	θεός	n-p---mn-	n-p---mn-	
6178	,	u--------	,	,	u--------	u--------	
6179	ὡς	c--------	ὡς	ὡς	c--------	c--------	
6180	ἔοικα	v3sria---	ἔοικα	ἔοικα	v3sria---	v3sria---	
6181	,	u--------	,	,	u--------	u--------	
6182	καλοκἀγαθία	n-p---fn-		καλοκἀγαθία		n-p---fn-	glaux_only
6183	ἥδομαι	v3ppim---	ἥδομαι	ἥδομαι	v3ppie---	v3ppim---	
6184	.	u--------	.	.	u--------	u--------	
6185	οὗτος	p-s---mn-	οὗτος	οὗτος	a-s---mn-	p-s---mn-	
6186	μέν	g--------	μέν	μέν	d--------	g--------	
6187	δή	g--------	δή	δή	d--------	g--------	
6188	ὁ	l-s---mn-	ὁ	ὁ	l-s---mn-	l-s---mn-	
6189	λόγος	n-s---mn-	λόγος	λόγος	n-s---mn-	n-s---mn-	
6190	οὕτως	d--------	οὕτως	οὕτως	d--------	d--------	
6191	σπουδαιολογέω	v3saip---	σπουδαιολογέω	σπουδαιολογέω	v3saip---	v3saip---	
6192	.	u--------	.	.	u--------	u--------	
6193	ἐπειδή	c--------	ἐπεί	ἐπειδή	c--------	c--------	DISAGREE
6194	δέ	b--------	δέ	δέ	d--------	b--------	
6195	εἰς	r--------	εἰς	εἰς	r--------	r--------	
6196	ὁ	l-s---ma-	ὁ	ὁ	l-s---ma-	l-s---ma-	
6197	Φίλιππος	n-s---ma-	φίλιππος	Φίλιππος	n-s---ma-	n-s---ma-	
6198	ἥκω	v3piia---	ἥκω	ἥκω	v3piia---	v3piia---	
6199	,	u--------	,	,	u--------	u--------	
6200	ἐρωτάω	v3piia---	ἐρωτάω	ἐρωτάω	v3piia---	v3piia---	
6201	αὐτός	p-s---ma-	αὐτός	αὐτός	p-s---ma-	p-s---ma-	
6202	τις	p-s---na-	τίς	τις	p-s---na-	p-s---na-	
6203	ὁράω	v-sppamn-	ὁράω	ὁράω	v-sppamn-	v-sppamn-	
6204	ἐν	r--------	ἐν	ἐν	r--------	r--------	
6205	ὁ	l-s---fd-	ὁ	ὁ	l-s---fd-	l-s---fd-	
6206	γελωτοποιΐα	n-p---fn-	γελωτοποιία	γελωτοποιΐα	n-p---fn-	n-p---fn-	
6207	μέγας	a-s---na-	μέγας	μέγας	a-s---na-	a-s---na-	
6208	ἐπί	r--------	ἐπί	ἐπί	r--------	r--------	
6209	αὐτός	p-s---fd-	αὐτός	αὐτός	p-s---fd-	p-s---fd-	
6210	φρονέω	v3spoa---	φρονέω	φρονέω	v3spoa---	v3spoa---	
6211	.	u--------	.	.	u--------	u--------	
6212	οὐ	d--------	οὐ	οὐ	d--------	d--------	
6213	γάρ	g--------	γάρ	γάρ	d--------	g--------	
6214	ἄξιος	a-s---nn-	ἄξιος	ἄξιος	a-s---nn-	a-s---nn-	
6215	,	u--------	,	,	u--------	u--------	
6216	φημί	v3siia---	φημί	φημί	v3siia---	v3siia---	
6217	,	u--------	,	,	u--------	u--------	
6218	ὁπότε	c--------	ὁπότε	ὁπότε	c--------	c--------	
6219	γε	d--------	γε	γε	d--------	d--------	
6220	πᾶς	a-p---mn-	πᾶς	πᾶς	a-p---mn-	a-p---mn-	
6221	οἶδα	v-prpamn-	οἶδα	οἶδα	v-prpamn-	v-prpamn-	
6222	ὅτι	c--------	ὅτι	ὅτι	c--------	c--------	
6223	γελωτοποιός	a-s---mn-	γελωτοποιός	γελωτοποιός	a-s---mn-	a-s---mn-	
6224	εἰμί	v1spia---	εἰμί	εἰμί	v1spia---	v1spia---	
6225	,	u--------	,	,	u--------	u--------	
6226	ὅταν	c--------	ὅταν	ὅταν	c--------	c--------	
6227	μέν	g--------	μέν	μέν	d--------	g--------	
6228	τις	p-s---na-	τις	τις	p-s---na-	p-s---na-	
6229	ἀγαθός	a-s---na-	ἀγαθός	ἀγαθός	a-s---na-	a-s---na-	
6230	ἔχω	v3ppsa---	ἔχω	ἔχω	v3ppsa---	v3ppsa---	
6231	,	u--------	,	,	u--------	u--------	
6232	παρακαλέω	v3ppia---	παρακαλέω	παρακαλέω	v3ppia---	v3ppia---	
6233	ἐγώ	p1s---ca-	ἐγώ	ἐγώ	p-s---ma-	p1s---ca-	
6234	ἐπί	r--------	ἐπί	ἐπί	r--------	r--------	
6235	οὗτος	p-p---na-	οὗτος	οὗτος	p-p---na-	p-p---na-	
6236	πρόθυμος	d--------	πρόθυμος	πρόθυμος	d--------	d--------	
6237	,	u--------	,	,	u--------	u--------	
6238	ὅταν	c--------	ὅταν	ὅταν	c--------	c--------	
6239	δέ	b--------	δέ	δέ	c--------	b--------	
6240	τις	p-s---na-	τις	τις	p-s---na-	p-s---na-	
6241	κακός	a-s---na-	κακός	κακός	a-s---na-	a-s---na-	
6242	λαμβάνω	v3pasa---	λαμβάνω	λαμβάνω	v3pasa---	v3pasa---	
6243	,	u--------	,	,	u--------	u--------	
6244	φεύγω	v3ppia---	φεύγω	φεύγω	v3ppia---	v3ppia---	
6245	ἀμεταστρεπτί	d--------	ἀμεταστρεπτί	ἀμεταστρεπτί	d--------	d--------	
6246	,	u--------	,	,	u--------	u--------	
6247	φοβέω	v-pppmmn-	φοβέω	φοβέω	v-pppemn-	v-pppmmn-	
6248	μή	c--------	μή	μή	c--------	c--------	
6249	καί	d--------	καί	καί	d--------	d--------	
6250	ἀέκων	a-p---mn-	ἀέκων	ἀέκων	a-p---mn-	a-p---mn-	
6251	γελάω	v3pasa---	γελάω	γελάω	v3pasa---	v3pasa---	
6252	;	u--------		;		u--------	glaux_only
6253	καί	b--------	καί	καί	d--------	b--------	
6254	ὁ	l-s---mn-	ὁ	ὁ	l-s---mn-	l-s---mn-	
6255	Νικήρατος	n-s---mn-	νικήρατος	Νικήρατος	n-s---mn-	n-s---mn-	
6256	λέγω	v3saia---	εἶπον	λέγω	v3saia---	v3saia---	DISAGREE
6257	·	u--------	·	·	u--------	u--------	
6258	νή	r--------	νή	νή	r--------	r--------	
6259	Ζεύς	n-s---ma-	ζεύς	Ζεύς	n-s---ma-	n-s---ma-	
6260	,	u--------	,	,	u--------	u--------	
6261	σύ	p2s---cn-	σύ	σύ	p-s---mn-	p2s---cn-	
6262	τοίνυν	g--------	τοίνυν	τοίνυν	d--------	g--------	
6263	δίκαιος	d--------	δίκαιος	δίκαιος	d--------	d--------	
6264	μέγας	a-s---na-	μέγας	μέγας	a-s---na-	a-s---na-	
6265	φρονέω	v2spia---	φρονέω	φρονέω	v2spia---	v2spia---	
6266	.	u--------	.	.	u--------	u--------	
6267	ἐγώ	p1s---cd-	ἐγώ	ἐγώ	p-s---md-	p1s---cd-	
6268	γάρ	g--------	γάρ	γάρ	d--------	g--------	
6269	αὖ	d--------	αὖ	αὖ	d--------	d--------	
6270	ὁ	l-p---mg-	ὁ	ὁ	l-p---mg-	l-p---mg-	
6271	φίλος	a-p---mg-	φίλος	φίλος	n-p---mg-	a-p---mg-	
6272	ὁ	l-p---mn-	ὁ	ὁ	l-p---mn-	l-p---mn-	
6273	μέν	g--------	μέν	μέν	d--------	g--------	
6274	εὖ	d--------	εὖ	εὖ	d--------	d--------	
6275	πράσσω	v-pppamn-	πράσσω	πράσσω	v-pppamn-	v-pppamn-	
6276	ἐκποδών	d--------	ἐκποδών	ἐκποδών	d--------	d--------	
6277	ἀπέρχομαι	v3ppim---	ἀπέρχομαι	ἀπέρχομαι	v3ppie---	v3ppim---	
6278	,	u--------	,	,	u--------	u--------	
6279	ὁ	l-p---mn-	ὅς	ὁ	l-p---mn-	l-p---mn-	DISAGREE
6280	δέ	b--------	δέ	δέ	c--------	b--------	
6281	ἐάν	c--------	ἄν	ἐάν	c--------	c--------	DISAGREE
6282	κακός	a-s---na-	κακός	κακός	a-s---na-	a-s---na-	
6283	τις	p-s---na-	τις	τις	p-s---na-	p-s---na-	
6284	λαμβάνω	v3pasa---	λαμβάνω	λαμβάνω	v3pasa---	v3pasa---	
6285	,	u--------	,	,	u--------	u--------	
6286	γενεαλογέω	v3ppia---	γενεαλογέω	γενεαλογέω	v3ppia---	v3ppia---	
6287	ὁ	l-s---fa-	ὁ	ὁ	l-s---fa-	l-s---fa-	
6288	συγγένεια	n-s---fa-	συγγένεια	συγγένεια	n-s---fa-	n-s---fa-	
6289	καί	b--------	καί	καί	c--------	b--------	
6290	οὐδέποτε	d--------	οὐδέποτε	οὐδέποτε	d--------	d--------	
6291	ἐγώ	p1s---cg-	ἐγώ	ἐγώ	p-s---mg-	p1s---cg-	
6292	ἀπολείπω	v3ppim---	ἀπολείπω	ἀπολείπω	v3ppie---	v3ppim---	
6293	.	u--------	.	.	u--------	u--------	
6294	εἶεν	i--------	εἰμί	εἶεν	d--------	i--------	DISAGREE
6295	·	u--------	·	·	u--------	u--------	
6296	σύ	p2s---cn-	σύ	σύ	p-s---mn-	p2s---cn-	
6297	δέ	b--------	δέ	δέ	d--------	b--------	
6298	δή	g--------	δή	δή	d--------	g--------	
6299	,	u--------	,	,	u--------	u--------	
6300	φημί	v3siia---	φημί	φημί	v3siia---	v3siia---	
6301	ὁ	l-s---mn-	ὁ	ὁ	l-s---mn-	l-s---mn-	
6302	Χαρμίδης	n-s---mn-	χαρμίδης	Χαρμίδης	n-s---mn-	n-s---mn-	
6303	,	u--------	,	,	u--------	u--------	
6304	ὦ	i--------	ὦ	ὦ	i--------	i--------	
6305	Συρακούσιος	n-s---mv-	συρακόσιος	Συρακούσιος	n-s---mv-	n-s---mv-	DISAGREE
6306	,	u--------	,	,	u--------	u--------	
6307	ἐπί	r--------	ἐπί	ἐπί	r--------	r--------	
6308	ὁ	p-s---nd-	ὁ	ὁ	p-s---nd-	p-s---nd-	
6309	μέγας	a-s---nv-	μέγας	μέγας	a-s---nv-	a-s---nv-	
6310	φρονέω	v2spia---	φρονέω	φρονέω	v2spia---	v2spia---	
6311	;	u--------	;	;	u--------	u--------	
6312	ἤ	b--------	ἤ1	ἤ	d--------	b--------	
6313	δῆλος	a-s---nn-	δῆλος	δῆλος	a-s---nn-	a-s---nn-	
6314	ὅτι	c--------	ὅτι	ὅτι	c--------	c--------	
6315	ἐπί	r--------	ἐπί	ἐπί	r--------	r--------	
6316	ὁ	l-s---md-	ὁ	ὁ	l-s---md-	l-s---md-	
6317	παῖς	n-s---md-	παῖς	παῖς	n-s---md-	n-s---md-	
6318	;	u--------		;		u--------	glaux_only
6319	μά	r--------	μά	μά	r--------	r--------	
6320	ὁ	l-s---ma-	ὁ	ὁ	l-s---ma-	l-s---ma-	
6321	Ζεύς	n-s---ma-	ζεύς	Ζεύς	n-s---ma-	n-s---ma-	
6322	,	u--------	,	,	u--------	u--------	
6323	φημί	v3siia---	φημί	φημί	v3siia---	v3siia---	
6324	,	u--------	,	,	u--------	u--------	
6325	οὐ	d--------	οὐ	οὐ	d--------	d--------	
6326	μέν	g--------	μέν	μέν	d--------	g--------	
6327	δή	g--------	δή	δή	d--------	g--------	
6328	·	u--------		·		u--------	glaux_only
6329	ἀλλά	b--------	ἀλλά	ἀλλά	d--------	b--------	
6330	καί	d--------	καί	καί	d--------	d--------	
6331	δείδω	v1sria---	δείδω	δείδω	v1sria---	v1sria---	
6332	περί	r--------	περί	περί	r--------	r--------	
6333	αὐτός	p-s---mg-	αὐτός	αὐτός	p-s---mg-	p-s---mg-	
6334	ἰσχυρός	d--------	ἰσχυρός	ἰσχυρός	d--------	d--------	
6335	.	u--------	.	.	u--------	u--------	
6336	αἰσθάνομαι	v1spim---	αἰσθάνομαι	αἰσθάνομαι	v1spie---	v1spim---	
6337	γάρ	g--------	γάρ	γάρ	d--------	g--------	
6338	τις	p-p---ca-	τις	τις	p-p---ma-	p-p---ca-	
6339	ἐπιβουλεύω	v-pppama-	ἐπιβουλεύω	ἐπιβουλεύω	v-pppama-	v-pppama-	
6340	διαφθείρω	v--ana---	διαφθείρω	διαφθείρω	v--ana---	v--ana---	
6341	αὐτός	p-s---ma-	αὐτός	αὐτός	p-s---ma-	p-s---ma-	
6342	.	u--------	.	.	u--------	u--------	
6343	καί	b--------	καί	καί	d--------	b--------	
6344	ὁ	l-s---mn-	ὁ	ὁ	l-s---mn-	l-s---mn-	
6345	Σωκράτης	n-s---mn-	σωκράτης	Σωκράτης	n-s---mn-	n-s---mn-	
6346	ἀκούω	v-sapamn-	ἀκούω	ἀκούω	v-sapamn-	v-sapamn-	
6347	,	u--------	,	,	u--------	u--------	
6348	Ἡρακλέης	n-s---mv-	ἡρακλέης	Ἡρακλέης	n-s---mv-	n-s---mv-	
6349	,	u--------	,	,	u--------	u--------	
6350	φημί	v3siia---	φημί	φημί	v3siia---	v3siia---	
6351	,	u--------	,	,	u--------	u--------	
6352	τις	p-s---na-	τίς	τις	p-s---na-	p-s---na-	
6353	τοσοῦτος	p-s---na-	τοσοῦτος	τοσοῦτος	a-s---na-	p-s---na-	
6354	νομίζω	v-pppamn-	νομίζω	νομίζω	v-pppamn-	v-pppamn-	
6355	ἀδικέω	v--rnm---	ἀδικέω	ἀδικέω	v--rne---	v--rnm---	
6356	ὑπό	r--------	ὑπό	ὑπό	r--------	r--------	
6357	ὁ	l-s---mg-	ὁ	ὁ	l-s---mg-	l-s---mg-	
6358	σός	a-s---mg-	σύ	σός	a-s---mg-	a-s---mg-	DISAGREE
6359	παῖς	n-s---mg-	παῖς	παῖς	n-s---mg-	n-s---mg-	
6360	ὥστε	c--------	ὥστε	ὥστε	c--------	c--------	
6361	ἀποκτείνω	v--ana---	ἀποκτείνω	ἀποκτείνω	v--ana---	v--ana---	
6362	αὐτός	p-s---ma-	αὐτός	αὐτός	p-s---ma-	p-s---ma-	
6363	βούλομαι	v--pnm---	βούλομαι	βούλομαι	v--pne---	v--pnm---	
6364	;	u--------		;		u--------	glaux_only
6365	ἀλλά	b--------	ἀλλά	ἀλλά	d--------	b--------	
6366	οὔτοι	d--------	οὔτοι	οὔτοι	d--------	d--------	
6367	,	u--------	,	,	u--------	u--------	
6368	φημί	v3siia---	φημί	φημί	v3siia---	v3siia---	
6369	,	u--------	,	,	u--------	u--------	
6370	ἀποκτείνω	v--ana---	ἀποκτείνω	ἀποκτείνω	v--ana---	v--ana---	
6371	βούλομαι	v3ppim---	βούλομαι	βούλομαι	v3ppie---	v3ppim---	
6372	,	u--------	,	,	u--------	u--------	
6373	ἀλλά	b--------	ἀλλά	ἀλλά	c--------	b--------	
6374	πείθω	v--ana---	πείθω	πείθω	v--ana---	v--ana---	
6375	αὐτός	p-s---ma-	αὐτός	αὐτός	p-s---ma-	p-s---ma-	
6376	συγκαθεύδω	v--pna---	συγκαθεύδω	συγκαθεύδω	v--pna---	v--pna---	
6377	αὐτός	p-p---md-	αὐτός	αὐτός	p-p---md-	p-p---md-	
6378	.	u--------	.	.	u--------	u--------	
6379	σύ	p2s---cn-	σύ	σύ	p-s---mn-	p2s---cn-	
6380	δέ	b--------	δέ	δέ	d--------	b--------	
6381	,	u--------	,	,	u--------	u--------	
6382	ὡς	c--------	ὡς	ὡς	c--------	c--------	
6383	ἔοικα	v2sria---	ἔοικα	ἔοικα	v2sria---	v2sria---	
6384	,	u--------	,	,	u--------	u--------	
6385	εἰ	c--------	εἰ	εἰ	c--------	c--------	
6386	οὗτος	p-s---nn-	οὗτος	οὗτος	p-s---nn-	p-s---nn-	
6387	γίγνομαι	v3saom---	γίγνομαι	γίγνομαι	v3saom---	v3saom---	
6388	,	u--------	,	,	u--------	u--------	
6389	νομίζω	v2spia---	νομίζω	νομίζω	v2spia---	v2spia---	
6390	ἄν	g--------	ἄν	ἄν	d--------	g--------	
6391	διαφθείρω	v--anp---	διαφθείρω	διαφθείρω	v--anp---	v--anp---	
6392	αὐτός	p-s---ma-	αὐτός	αὐτός	p-s---ma-	p-s---ma-	
6393	;	u--------	;	;	u--------	u--------	
6394	ναί	i--------	ναί	ναί	d--------	i--------	
6395	μά	r--------	μά	μά	r--------	r--------	
6396	Ζεύς	n-s---ma-	ζεύς	Ζεύς	n-s---ma-	n-s---ma-	
6397	,	u--------	,	,	u--------	u--------	
6398	φημί	v3siia---	φημί	φημί	v3siia---	v3siia---	
6399	,	u--------	,	,	u--------	u--------	
6400	παντάπασι	d--------	παντάπασι	παντάπασι	d--------	d--------	
6401	γε	d--------	γε	γε	d--------	d--------	
6402	.	u--------	.	.	u--------	u--------	
6403							unmatched
6404	αὐτός	p-s---mn-	αὐτός	αὐτός	p-s---mn-	p-s---mn-	
6405	ἄρα	g--------	ἄρα	ἄρα	d--------	g--------	
6406	,	u--------	,	,	u--------	u--------	
6407	φημί	v3siia---	φημί	φημί	v3siia---	v3siia---	
6408	,	u--------	,	,	u--------	u--------	
6409	σύν-καθεύδω	v2spia---	σύνκαθεύδω	σύν-καθεύδω	v2spia---	v2spia---	DISAGREE
6410	αὐτός	p-s---md-	αὐτός	αὐτός	p-s---md-	p-s---md-	
6411	;	u--------	;	;	u--------	u--------	
6412	νή	r--------	νή	νή	r--------	r--------	
6413	Ζεύς	n-s---ma-	ζεύς	Ζεύς	n-s---ma-	n-s---ma-	
6414	ὅλος	a-p---fa-	ὅλος	ὅλος	a-p---fa-	a-p---fa-	
6415	γε	d--------	γε	γε	d--------	d--------	
6416	καί	b--------	καί	καί	c--------	b--------	
6417	πᾶς	a-p---fa-	πᾶς	πᾶς	a-p---fa-	a-p---fa-	
6418	ὁ	l-p---fa-	ὁ	ὁ	l-p---fa-	l-p---fa-	
6419	νύξ	n-p---fa-	νύξ	νύξ	n-p---fa-	n-p---fa-	
6420	.	u--------	.	.	u--------	u--------	
6421	νή	r--------	νή	νή	r--------	r--------	
6422	ὁ	l-s---fa-	ὁ	ὁ	l-s---fa-	l-s---fa-	
6423	Ἥρα	n-s---fa-	ἥρα	Ἥρα	n-s---fa-	n-s---fa-	
6424	,	u--------	,	,	u--------	u--------	
6425	φημί	v3siia---	φημί	φημί	v3siia---	v3siia---	
6426	ὁ	l-s---mn-	ὁ	ὁ	l-s---mn-	l-s---mn-	
6427	Σωκράτης	n-s---mn-	σωκράτης	Σωκράτης	n-s---mn-	n-s---mn-	
6428	,	u--------	,	,	u--------	u--------	
6429	εὐτύχημα	n-s---nn-	εὐτύχημα	εὐτύχημα	n-s---nn-	n-s---nn-	
6430	γε	d--------	γε	γε	d--------	d--------	
6431	σύ	p2s---cg-	σύ	σύ	p-s---mg-	p2s---cg-	
6432	μέγας	a-s---nn-	μέγας	μέγας	a-s---nn-	a-s---nn-	
6433	ὁ	l-s---nn-	ὁ	ὁ	l-s---nn-	l-s---nn-	
6434	ὁ	l-s---ma-	ὁ	ὁ	l-s---ma-	l-s---ma-	
6435	χρώς	n-s---ma-	χρώς	χρώς	n-s---ma-	n-s---ma-	
6436	τοιοῦτος	p-s---ma-	τοιοῦτος	τοιοῦτος	a-s---ma-	p-s---ma-	
6437	φύω	v--ana---	φύω	φύω	v--ana---	v--ana---	
6438	ἔχω	v-sppama-	ἔχω	ἔχω	v-sppama-	v-sppama-	
6439	ὥστε	c--------	ὥστε	ὥστε	c--------	c--------	
6440	μόνος	a-s---ma-	μόνος	μόνος	d--------	a-s---ma-	
6441	μή	d--------	μή	μή	d--------	d--------	
6442	διαφθείρω	v--pna---	διαφθείρω	διαφθείρω	v--pna---	v--pna---	
6443	ὁ	l-p---ma-	ὁ	ὁ	l-p---ma-	l-p---ma-	
6444	συγκαθεύδω	v-pppama-	συγκαθεύδω	συγκαθεύδω	v-pppama-	v-pppama-	
6445	.	u--------	.	.	u--------	u--------	
6446	ὥστε	g--------	ὥστε	ὥστε	d--------	g--------	
6447	σύ	p2s---cd-	σύ	σύ	p-s---md-	p2s---cd-	
6448	γε	d--------	γε	γε	d--------	d--------	
6449	εἰ	c--------	εἰ	εἰ	c--------	c--------	
6450	μή	d--------	μή	μή	d--------	d--------	
6451	ἐπί	r--------	ἐπί	ἐπί	r--------	r--------	
6452	ἄλλος	p-s---nd-	ἄλλος	ἄλλος	p-s---nd-	p-s---nd-	
6453	ἀλλά	b--------	ἀλλά	ἀλλά	c--------	b--------	
6454	ἐπί	r--------	ἐπί	ἐπί	r--------	r--------	
6455	ὁ	l-s---md-	ὁ	ὁ	l-s---md-	l-s---md-	
6456	χρώς	n-s---md-	χρώς	χρώς	n-s---md-	n-s---md-	
6457	ἄξιος	a-s---nn-	ἄξιος	ἄξιος	a-s---nn-	a-s---nn-	
6458	μέγας	a-s---na-	μέγας	μέγας	a-s---na-	a-s---na-	
6459	φρονέω	v--pna---	φρονέω	φρονέω	v--pna---	v--pna---	
6460	.	u--------	.	.	u--------	u--------	
6461	ἀλλά	b--------	ἀλλά	ἀλλά	d--------	b--------	
6462	μά	r--------	μά	μά	r--------	r--------	
6463	Ζεύς	n-s---ma-	ζεύς	Ζεύς	n-s---ma-	n-s---ma-	
6464	,	u--------	,	,	u--------	u--------	
6465	φημί	v3siia---	φημί	φημί	v3siia---	v3siia---	
6466	,	u--------	,	,	u--------	u--------	
6467	οὐ	d--------	οὐ	οὐ	d--------	d--------	
6468	ἐπί	r--------	ἐπί	ἐπί	r--------	r--------	
6469	οὗτος	p-s---md-	οὗτος	οὗτος	p-s---md-	p-s---md-	
6470	μέγας	a-s---na-	μέγας	μέγας	a-s---na-	a-s---na-	
6471	φρονέω	v1spia---	φρονέω	φρονέω	v1spia---	v1spia---	
6472	.	u--------	.	.	u--------	u--------	
6473	ἀλλά	b--------	ἀλλά	ἀλλά	d--------	b--------	
6474	ἐπί	r--------	ἐπί	ἐπί	r--------	r--------	
6475	ὁ	p-s---nd-	ὁ	ὁ	p-s---nd-	p-s---nd-	
6476	μήν	d--------	μήν	μήν	d--------	d--------	
6477	;	u--------		;		u--------	glaux_only
6478	ἐπί	r--------	ἐπί	ἐπί	r--------	r--------	
6479	νή	r--------	νή	νή	r--------	r--------	
6480	Ζεύς	n-s---ma-	ζεύς	Ζεύς	n-s---ma-	n-s---ma-	
6481	ὁ	l-p---md-	ὁ	ὁ	l-p---md-	l-p---md-	
6482	ἄφρων	a-p---md-	ἄφρων	ἄφρων	a-p---md-	a-p---md-	
6483	.	u--------	.	.	u--------	u--------	
6484	οὗτος	p-p---mn-	οὗτος	οὗτος	p-p---mn-	p-p---mn-	
6485	γάρ	g--------	γάρ	γάρ	d--------	g--------	
6486	ὁ	l-p---na-	ὁ	ὁ	l-p---na-	l-p---na-	
6487	ἐμός	a-p---na-	ἐμός	ἐμός	a-p---na-	a-p---na-	
6488	νευρόσπαστος	a-p---na-	νευρόσπαστος	νευρόσπαστος	a-p---na-	a-p---na-	
6489	θεάομαι	v-pppmmn-	θεάομαι	θεάομαι	v-pppemn-	v-pppmmn-	
6490	τρέφω	v3ppia---	τρέφω	τρέφω	v3ppia---	v3ppia---	
6491	ἐγώ	p1s---ca-	ἐγώ	ἐγώ	p-s---ma-	p1s---ca-	
6492	.	u--------	.	.	u--------	u--------	
6493	οὗτος	p-p---na-	οὗτος	οὗτος	p-p---na-	p-p---na-	
6494	ἄρα	g--------	ἄρα	ἄρα	d--------	g--------	
6495	,	u--------	,	,	u--------	u--------	
6496	φημί	v3siia---	φημί	φημί	v3siia---	v3siia---	
6497	ὁ	l-s---mn-	ὁ	ὁ	l-s---mn-	l-s---mn-	
6498	Φίλιππος	n-s---mn-	φίλιππος	Φίλιππος	n-s---mn-	n-s---mn-	
6499	,	u--------	,	,	u--------	u--------	
6500	καί	d--------	καί	καί	d--------	d--------	
6501	πρῴην	d--------	πρώιος	πρῴην	a-s---fa-	d--------	DISAGREE
6502	ἐγώ	p1s---cn-	ἐγώ	ἐγώ	p1s---mn-	p1s---cn-	
6503	σύ	p2s---cg-	σύ	σύ	p-s---mg-	p2s---cg-	
6504	ἀκούω	v1siia---	ἀκούω	ἀκούω	v1siia---	v1siia---	
6505	εὔχομαι	v-sppmmg-	εὔχομαι	εὔχομαι	v-sppemg-	v-sppmmg-	
6506	πρός	r--------	πρός	πρός	r--------	r--------	
6507	ὁ	l-p---ma-	ὁ	ὁ	l-p---ma-	l-p---ma-	
6508	θεός	n-p---ma-	θεός	θεός	n-p---ma-	n-p---ma-	
6509	ὅπου	d--------	ὅπου	ὅπου	d--------	d--------	
6510	ἄν	g--------	ἄν	ἄν	d--------	g--------	
6511	εἰμί	v2spsa---	εἰμί	εἰμί	v2spsa---	v2spsa---	
6512	δίδωμι	v--pna---	δίδωμι	δίδωμι	v--pna---	v--pna---	
6513	καρπός	n-s---mg-	καρπός1	καρπός	n-s---mg-	n-s---mg-	
6514	μέν	g--------	μέν	μέν	d--------	g--------	
6515	ἀφθονία	n-s---fa-	ἀφθονία	ἀφθονία	n-s---fa-	n-s---fa-	
6516	,	u--------	,	,	u--------	u--------	
6517	φρήν	n-p---fg-	φρήν	φρήν	n-p---fg-	n-p---fg-	
6518	δέ	b--------	δέ	δέ	c--------	b--------	
6519	ἀφορία	n-s---fa-	ἀφορία	ἀφορία	n-s---fa-	n-s---fa-	
6520	.	u--------	.	.	u--------	u--------	
6521	εἶεν	d--------	εἰμί	εἶεν	v3ppoa---	d--------	DISAGREE
6522	,	u--------	,	,	u--------	u--------	
6523	φημί	v3siia---	φημί	φημί	v3siia---	v3siia---	
6524	ὁ	l-s---mn-	ὁ	ὁ	l-s---mn-	l-s---mn-	
6525	Καλλίας	n-s---mn-	καλλίας	Καλλίας	n-s---mn-	n-s---mn-	
6526	·	u--------	·	·	u--------	u--------	
6527	σύ	p2s---cn-	σύ	σύ	p-s---mn-	p2s---cn-	
6528	δέ	b--------	δέ	δέ	d--------	b--------	
6529	δή	g--------	δή	δή	d--------	g--------	
6530	,	u--------	,	,	u--------	u--------	
6531	ὦ	i--------	ὦ	ὦ	i--------	i--------	
6532	Σωκράτης	n-s---mv-	σωκράτης	Σωκράτης	n-s---mv-	n-s---mv-	
6533	,	u--------	,	,	u--------	u--------	
6534	τίς	p-s---na-	τίς	τίς	a-s---na-	p-s---na-	
6535	ἔχω	v2spia---	ἔχω	ἔχω	v2spia---	v2spia---	
6536	λέγω	v--ana---	εἶπον	λέγω	v--ana---	v--ana---	DISAGREE
6537	ὡς	c--------	ὡς	ὡς	c--------	c--------	
6538	ἄξιος	a-s---nn-	ἄξιος	ἄξιος	a-s---nn-	a-s---nn-	
6539	σύ	p2s---cd-	σύ	σύ	p-s---md-	p2s---cd-	
6540	εἰμί	v3spia---	εἰμί	εἰμί	v3spia---	v3spia---	
6541	μέγας	a-s---na-	μέγας	μέγας	a-s---na-	a-s---na-	
6542	φρονέω	v--pna---	φρονέω	φρονέω	v--pna---	v--pna---	
6543	ἐπί	r--------	ἐπί	ἐπί	r--------	r--------	
6544	ὅς	p-s---fd-	ὅς	ὅς	p-s---fd-	p-s---fd-	
6545	λέγω	v2saia---	εἶπον	λέγω	v2saia---	v2saia---	DISAGREE
6546	οὕτως	d--------	οὕτως	οὕτως	d--------	d--------	
6547	ἄδοξος	a-s---fd-	ἄδοξος	ἄδοξος	a-s---fd-	a-s---fd-	
6548	εἰμί	v-sppafd-	εἰμί	εἰμί	v-sppafd-	v-sppafd-	
6549	τέχνη	n-s---fd-	τέχνη	τέχνη	n-s---fd-	n-s---fd-	
6550	;	u--------	;	;	u--------	u--------	
6551	καί	d--------	καί	καί	d--------	d--------	
6552	ὅς	p-s---mn-	ὅς	ὅς	p-s---mn-	p-s---mn-	
6553	λέγω	v3saia---	λέγω	λέγω	v3saia---	v3saia---	
6554	·	u--------	·	·	u--------	u--------	
6555	ὁμολογέω	v1pasm---	ὁμολογέω	ὁμολογέω	v1pasm---	v1pasm---	
6556	πρότερος	a-s---nac	πρῶτος	πρότερος	a-s---na-	a-s---nac	DISAGREE
6557	ποῖος	p-p---nn-	ποῖος	ποῖος	a-p---nn-	p-p---nn-	
6558	εἰμί	v3spia---	εἰμί	εἰμί	v3spia---	v3spia---	
6559	ἔργον	n-p---nn-	ἔργον	ἔργον	n-p---nn-	n-p---nn-	
6560	ὁ	l-s---mg-	ὁ	ὁ	l-s---mg-	l-s---mg-	
6561	μαστροπός	n-s---mg-	μαστροπός	μαστροπός	n-s---mg-	n-s---mg-	
6562	·	u--------	·	·	u--------	u--------	
6563	καί	d--------	καί	καί	d--------	d--------	
6564	ὅσος	p-p---na-	ὅσος	ὅσος	a-p---na-	p-p---na-	
6565	ἄν	g--------	ἄν	ἄν	d--------	g--------	
6566	ἐρωτάω	v1spia---	ἐρωτάω	ἐρωτάω	v1spia---	v1spia---	
6567	,	u--------	,	,	u--------	u--------	
6568	μή	d--------	μή	μή	d--------	d--------	
6569	ὀκνέω	v2ppia---	ὀκνέω	ὀκνέω	v2ppia---	v2ppia---	
6570	ἀποκρίνω	v--pnm---	ἀποκρίνω	ἀποκρίνω	v--pne---	v--pnm---	
6571	,	u--------	,	,	u--------	u--------	
6572	ἵνα	c--------	ἵνα	ἵνα	c--------	c--------	
6573	οἶδα	v1prsa---	οἶδα	οἶδα	v1prsa---	v1prsa---	
6574	ὅσος	p-p---na-	ὅσος	ὅσος	a-p---na-	p-p---na-	
6575	ἄν	g--------	ἄν	ἄν	d--------	g--------	
6576	συνομολογέω	v1ppsa---	συνομολογέω	συνομολογέω	v1ppsa---	v1ppsa---	
6577	.	u--------	.	.	u--------	u--------	
6578	καί	b--------	καί	καί	d--------	b--------	
6579	σύ	p-p---md-	σύ	σύ	p-p---md-	p-p---md-	
6580	οὕτως	d--------	οὕτως	οὕτως	d--------	d--------	
6581	δοκέω	v3spia---	δοκέω	δοκέω	v3spia---	v3spia---	
6582	;	u--------	;	;	u--------	u--------	
6583	φημί	v3siia---	φημί	φημί	v3siia---	v3siia---	
6584	.	u--------	.	.	u--------	u--------	
6585	πάνυ	d--------	πάνυ	πάνυ	d--------	d--------	
6586	μέν	g--------	μέν	μέν	d--------	g--------	
6587	οὖν	g--------	οὖν	οὖν	d--------	g--------	
6588	,	u--------	,	,	u--------	u--------	
6589	φημί	v3piia---	φημί	φημί	v3piia---	v3piia---	
6590	.	u--------	.	.	u--------	u--------	
6591	ὡς	c--------	ὡς	ὡς	c--------	c--------	
6592	δέ	b--------	δέ	δέ	d--------	b--------	
6593	ἅπαξ	d--------	ἅπαξ	ἅπαξ	d--------	d--------	
6594	λέγω	v3paia---	λέγω	λέγω	v3paia---	v3paia---	
6595	πάνυ	d--------	πάνυ	πάνυ	d--------	d--------	
6596	μέν	g--------	μέν	μέν	d--------	g--------	
6597	οὖν	g--------	οὖν	οὖν	d--------	g--------	
6598	,	u--------	,	,	u--------	u--------	
6599	οὗτος	p-s---na-	οὗτος	οὗτος	p-s---na-	p-s---na-	
6600	πᾶς	a-p---mn-	πᾶς	πᾶς	a-p---mn-	a-p---mn-	
6601	ἐκ	r--------	ἐκ	ἐκ	r--------	r--------	
6602	ὁ	l-s---ng-	ὁ	ὁ	l-s---ng-	l-s---ng-	
6603	λοιπός	a-s---ng-	λοιπός	λοιπός	a-s---ng-	a-s---ng-	
6604	ἀποκρίνω	v3paim---	ἀποκρίνω	ἀποκρίνω	v3paim---	v3paim---	
6605	.	u--------	.	.	u--------	u--------	
6606	οὐκοῦν	g--------	οὐκοῦν	οὐκοῦν	d--------	g--------	
6607	ἀγαθός	a-s---ng-	ἀγαθός	ἀγαθός	a-s---ng-	a-s---ng-	
6608	μέν	g--------	μέν	μέν	d--------	g--------	
6609	,	u--------	,	,	u--------	u--------	
6610	φημί	v3siia---	φημί	φημί	v3siia---	v3siia---	
6611	,	u--------	,	,	u--------	u--------	
6612	σύ	p-p---md-	σύ	σύ	p-p---md-	p-p---md-	
6613	δοκέω	v3spia---	δοκέω	δοκέω	v3spia---	v3spia---	
6614	μαστροπός	n-s---fg-	μαστροπός	μαστροπός	n-s---fg-	n-s---fg-	
6615	ἔργον	n-s---nn-	ἔργον	ἔργον	n-s---nn-	n-s---nn-	
6616	εἰμί	v--pna---	εἰμί	εἰμί	v--pna---	v--pna---	
6617	ὅς	p-s---fa-	ὅς	ὅς	p-s---fa-	p-s---fa-	
6618	ἄν	g--------	ἄν	ἄν	d--------	g--------	
6619	ἤ	b--------	ἤ1	ἤ	c--------	b--------	
6620	ὅς	p-s---ma-	ὅς	ὅς	p-s---ma-	p-s---ma-	
6621	ἄν	g--------	ἄν	ἄν	d--------	g--------	
6622	μαστροπεύω	v3spsa---	μαστροπεύω	μαστροπεύω	v3spsa---	v3spsa---	
6623	ἀρέσκω	v-sppama-	ἀρέσκω	ἀρέσκω	v-sppama-	v-sppama-	
6624	οὗτος	p-s---ma-	οὗτος	οὗτος	p-s---ma-	p-s---ma-	
6625	ἀποδείκνυμι	v--pna---	ἀποδείκνυμι	ἀποδείκνυμι	v--pna---	v--pna---	
6626	ὅς	p-p---md-	ὅς	ὅς	p-p---md-	p-p---md-	
6627	ἄν	g--------	ἄν	ἄν	d--------	g--------	
6628	συνέρχομαι	v3spsa---	σύνειμι	συνέρχομαι	v3spsa---	v3spsa---	DISAGREE
6629	;	u--------	;	;	u--------	u--------	
6630	πάνυ	d--------	πάνυ	πάνυ	d--------	d--------	
6631	μέν	g--------	μέν	μέν	d--------	g--------	
6632	οὖν	g--------	οὖν	οὖν	d--------	g--------	
6633	,	u--------	,	,	u--------	u--------	
6634	φημί	v3piia---	φημί	φημί	v3piia---	v3piia---	
6635	.	u--------	.	.	u--------	u--------	
6636	οὐκοῦν	g--------	οὐκοῦν	οὐκοῦν	d--------	g--------	
6637	εἷς	m-s---nn-	εἷς	εἷς	a-s---nn-	m-s---nn-	
6638	μέν	g--------	μέν	μέν	d--------	g--------	
6639	τις	p-s---nn-	τίς	τις	p-s---nn-	p-s---nn-	
6640	εἰμί	v3spia---	εἰμί	εἰμί	v3spia---	v3spia---	
6641	εἰς	r--------	εἰς	εἰς	r--------	r--------	
6642	ὁ	l-s---na-	ὁ	ὁ	l-s---na-	l-s---na-	
6643	ἀρέσκω	v--pna---	ἀρέσκω	ἀρέσκω	v--pna---	v--pna---	
6644	ἐκ	r--------	ἐκ	ἐκ	r--------	r--------	
6645	ὁ	l-s---ng-	ὁ	ὁ	l-s---ng-	l-s---ng-	
6646	πρέπω	v-sppafa-	πρέπω	πρέπω	v-sppafa-	v-sppafa-	
6647	ἔχω	v--pna---	ἔχω	ἔχω	v--pna---	v--pna---	
6648	σχέσις	n-s---fa-	σχέσις	σχέσις	n-s---fa-	n-s---fa-	
6649	καί	b--------	καί	καί	d--------	b--------	
6650	θρίξ	n-p---fg-	θρίξ	θρίξ	n-p---fg-	n-p---fg-	
6651	καί	b--------	καί	καί	c--------	b--------	
6652	ἐσθής	n-s---fg-	ἐσθής	ἐσθής	n-s---fg-	n-s---fg-	
6653	;	u--------	;	;	u--------	u--------	
6654	πάνυ	d--------	πάνυ	πάνυ	d--------	d--------	
6655	μέν	g--------	μέν	μέν	d--------	g--------	
6656	οὖν	g--------	οὖν	οὖν	d--------	g--------	
6657	,	u--------	,	,	u--------	u--------	
6658	φημί	v3piia---	φημί	φημί	v3piia---	v3piia---	
6659	.	u--------	.	.	u--------	u--------	
6660	οὐκοῦν	g--------	οὐκοῦν	οὐκοῦν	d--------	g--------	
6661	καί	d--------	καί	καί	d--------	d--------	
6662	ὅδε	p-s---na-	ὅδε	ὅδε	p-s---na-	p-s---na-	
6663	ἐπίσταμαι	v1ppim---	ἐπίσταμαι	ἐπίσταμαι	v1ppie---	v1ppim---	
6664	,	u--------	,	,	u--------	u--------	
6665	ὅτι	c--------	ὅτι	ὅτι	c--------	c--------	
6666	εἰμί	v3spia---	εἰμί	εἰμί	v3spia---	v3spia---	
6667	ἄνθρωπος	n-s---md-	ἄνθρωπος	ἄνθρωπος	n-s---md-	n-s---md-	
6668	ὁ	l-p---nd-	ὁ	ὁ	l-p---nd-	l-p---nd-	
6669	αὐτός	p-p---nd-	αὐτός	αὐτός	a-p---nd-	p-p---nd-	
6670	ὄμμα	n-p---nd-	ὄμμα	ὄμμα	n-p---nd-	n-p---nd-	
6671	καί	b--------	καί	καί	d--------	b--------	
6672	φιλικός	d--------	φιλικός	φιλικός	d--------	d--------	
6673	καί	b--------	καί	καί	c--------	b--------	
6674	ἐχθρός	d--------	ἐχθρός	ἐχθρός	d--------	d--------	
6675	πρός	r--------	πρός	πρός	r--------	r--------	
6676	τις	p-p---ca-	τις	τις	p-p---ma-	p-p---ca-	
6677	βλέπω	v--pna---	βλέπω	βλέπω	v--pna---	v--pna---	
6678	;	u--------	;	;	u--------	u--------	
6679	πάνυ	d--------	πάνυ	πάνυ	d--------	d--------	
6680	μέν	g--------	μέν	μέν	d--------	g--------	
6681	οὖν	g--------	οὖν	οὖν	d--------	g--------	
6682	.	u--------	.	.	u--------	u--------	
6683	τις	p-s---nn-	τίς	τις	p-s---nn-	p-s---nn-	
6684	δέ	b--------	δέ	δέ	d--------	b--------	
6685	,	u--------	,	,	u--------	u--------	
6686	ὁ	l-s---fd-	ὁ	ὁ	l-s---fd-	l-s---fd-	
6687	αὐτός	p-s---fd-	αὐτός	αὐτός	a-s---fd-	p-s---fd-	
6688	φωνή	n-s---fd-	φωνή	φωνή	n-s---fd-	n-s---fd-	
6689	εἰμί	v3spia---	εἰμί	εἰμί	v3spia---	v3spia---	
6690	καί	b--------	καί	καί	d--------	b--------	
6691	αἰδήμων	d--------	αἰδήμων	αἰδήμων	d--------	d--------	
6692	καί	b--------	καί	καί	c--------	b--------	
6693	θρασύς	d--------	θρασύς	θρασύς	d--------	d--------	
6694	φθέγγομαι	v--pnm---	φθέγγομαι	φθέγγομαι	v--pne---	v--pnm---	
6695	;	u--------	;	;	u--------	u--------	
6696	πάνυ	d--------	πάνυ	πάνυ	d--------	d--------	
6697	μέν	g--------	μέν	μέν	d--------	g--------	
6698	οὖν	g--------	οὖν	οὖν	d--------	g--------	
6699	.	u--------	.	.	u--------	u--------	
6700	τίς	p-s---na-	τίς	τίς	a-s---na-	p-s---na-	
6701	δέ	b--------	δέ	δέ	d--------	b--------	
6702	,	u--------	,	,	u--------	u--------	
6703	λόγος	n-p---mn-	λόγος	λόγος	n-p---mn-	n-p---mn-	
6704	οὐ	d--------	οὐ	οὐ	d--------	d--------	
6705	εἰμί	v3ppia---	εἰμί	εἰμί	v3ppia---	v3ppia---	
6706	μέν	g--------	μέν	μέν	d--------	g--------	
6707	τις	p-p---cn-	τις	τις	a-p---mn-	p-p---cn-	
6708	ἀπεχθάνομαι	v-pppmmn-	ἀπεχθάνομαι	ἀπεχθάνομαι	v-pppemn-	v-pppmmn-	
6709	,	u--------	,	,	u--------	u--------	
6710	εἰμί	v3ppia---	εἰμί	εἰμί	v3ppia---	v3ppia---	
6711	δέ	b--------	δέ	δέ	c--------	b--------	
6712	τις	p-p---cn-	τις	τις	p-p---mn-	p-p---cn-	
6713	ὅς	p-p---mn-	ὅς	ὅς	p-p---mn-	p-p---mn-	
6714	πρός	r--------	πρός	πρός	r--------	r--------	
6715	φιλία	n-s---fa-	φιλία	φιλία	n-s---fa-	n-s---fa-	
6716	ἄγω	v3ppia---	ἄγω	ἄγω	v3ppia---	v3ppia---	
6717	;	u--------	;	;	u--------	u--------	
6718	πάνυ	d--------	πάνυ	πάνυ	d--------	d--------	
6719	μέν	g--------	μέν	μέν	d--------	g--------	
6720	οὖν	g--------	οὖν	οὖν	d--------	g--------	
6721	.	u--------	.	.	u--------	u--------	
6722	οὐκοῦν	g--------	οὐκοῦν	οὐκοῦν	d--------	g--------	
6723	οὗτος	p-p---ng-	οὗτος	οὗτος	p-p---ng-	p-p---ng-	
6724	ὁ	l-s---mn-	ὁ	ὁ	l-s---mn-	l-s---mn-	
6725	ἀγαθός	a-s---mn-	ἀγαθός	ἀγαθός	a-s---mn-	a-s---mn-	
6726	μαστροπός	n-s---mn-	μαστροπός	μαστροπός	n-s---mn-	n-s---mn-	
6727	ὁ	l-p---na-	ὁ	ὁ	l-p---na-	l-p---na-	
6728	συμφέρω	v-pppana-	συμφέρω	συμφέρω	v-pppana-	v-pppana-	
6729	εἰς	r--------	εἰς	εἰς	r--------	r--------	
6730	ὁ	l-s---na-	ὁ	ὁ	l-s---na-	l-s---na-	
6731	ἀρέσκω	v--pna---	ἀρέσκω	ἀρέσκω	v--pna---	v--pna---	
6732	διδάσκω	v3spoa---	διδάσκω	διδάσκω	v3spoa---	v3spoa---	
6733	ἄν	g--------	ἄν	ἄν	d--------	g--------	
6734	;	u--------	;	;	u--------	u--------	
6735	πάνυ	d--------	πάνυ	πάνυ	d--------	d--------	
6736	μέν	g--------	μέν	μέν	d--------	g--------	
6737	οὖν	g--------	οὖν	οὖν	d--------	g--------	
6738	.	u--------	.	.	u--------	u--------	
6739	ἀγαθός	a-s---mnc	ἀμείνων	ἀγαθός	a-s---mnc	a-s---mnc	DISAGREE
6740	δέ	b--------	δέ	δέ	d--------	b--------	
6741	ἄν	g--------	ἄν	ἄν	d--------	g--------	
6742	εἰμί	v3spoa---	εἰμί	εἰμί	v3spoa---	v3spoa---	
6743	,	u--------	,	,	u--------	u--------	
6744	φημί	v3siia---	φημί	φημί	v3siia---	v3siia---	
6745	,	u--------	,	,	u--------	u--------	
6746	ὁ	l-s---mn-	ὁ	ὁ	l-s---mn-	l-s---mn-	
6747	εἷς	m-s---md-	εἷς	εἷς	a-s---md-	m-s---md-	
6748	δύναμαι	v-sppmmn-	δύναμαι	δύναμαι	v-sppemn-	v-sppmmn-	
6749	ἀρεστός	a-p---ma-	ἀρεστός	ἀρεστός	a-p---ma-	a-p---ma-	
6750	ποιέω	v--pna---	ποιέω	ποιέω	v--pna---	v--pna---	
6751	ἤ	c--------	ἤ1	ἤ	c--------	c--------	
6752	ὅστις	a-s---mn-	ὅστις	ὅστις	p-s---mn-	a-s---mn-	
6753	καί	d--------	καί	καί	d--------	d--------	
6754	πολύς	a-p---md-	πολύς	πολύς	a-p---md-	a-p---md-	
6755	;	u--------		;		u--------	glaux_only
6756	ἐνταῦθα	d--------	ἐνταῦθα	ἐνταῦθα	d--------	d--------	
6757	μέντοι	g--------	μέντοι	μέντοι	d--------	g--------	
6758	σχίζω	v3paip---	σχίζω	σχίζω	v3paip---	v3paip---	
6759	,	u--------	,	,	u--------	u--------	
6760	καί	b--------	καί	καί	c--------	b--------	
6761	ὁ	l-p---mn-	ὁ	ὁ	l-p---mn-	l-p---mn-	
6762	μέν	g--------	μέν	μέν	d--------	g--------	
6763	λέγω	v3paia---	εἶπον	λέγω	v3paia---	v3paia---	DISAGREE
6764	δῆλος	a-s---na-	δῆλος	δῆλος	a-s---na-	a-s---na-	
6765	ὅτι	c--------	ὅτι	ὅτι	c--------	c--------	
6766	ὅστις	p-s---mn-	ὅστις	ὅστις	p-s---mn-	p-s---mn-	
6767	πολύς	a-p---mds	πλεῖστος	πολύς	a-p---mds	a-p---mds	DISAGREE
6768	,	u--------	,	,	u--------	u--------	
6769	ὁ	l-p---mn-	ὁ	ὁ	l-p---mn-	l-p---mn-	
6770	δέ	b--------	δέ	δέ	c--------	b--------	
6771	πάνυ	d--------	πάνυ	πάνυ	d--------	d--------	
6772	μέν	g--------	μέν	μέν	d--------	g--------	
6773	οὖν	g--------	οὖν	οὖν	d--------	g--------	
6774	.	u--------	.	.	u--------	u--------	
6775	ὁ	l-s---mn-	ὁ	ὁ	l-s---mn-	l-s---mn-	
6776	δέ	b--------	δέ	δέ	d--------	b--------	
6777	λέγω	v-sapamn-	εἶπον	λέγω	v-sapamn-	v-sapamn-	DISAGREE
6778	ὅτι	c--------	ὅτι	ὅτι	c--------	c--------	
6779	καί	d--------	καί	καί	d--------	d--------	
6780	οὗτος	p-s---nn-	οὗτος	οὗτος	p-s---nn-	p-s---nn-	
6781	ὁμολογέω	v3spim---	ὁμολογέω	ὁμολογέω	v3spie---	v3spim---	
6782	φημί	v3siia---	φημί	φημί	v3siia---	v3siia---	
6783	·	u--------	·	·	u--------	u--------	
6784	εἰ	c--------	εἰ	εἰ	c--------	c--------	
6785	δέ	b--------	δέ	δέ	d--------	b--------	
6786	τις	p-s---cn-	τις	τις	p-s---mn-	p-s---cn-	
6787	καί	d--------	καί	καί	d--------	d--------	
6788	ὅλος	a-s---fd-	ὅλος	ὅλος	a-s---fd-	a-s---fd-	
6789	ὁ	l-s---fd-	ὁ	ὁ	l-s---fd-	l-s---fd-	
6790	πόλις	n-s---fd-	πόλις	πόλις	n-s---fd-	n-s---fd-	
6791	ἀρέσκω	v-pppama-	ἀρέσκω	ἀρέσκω	v-pppama-	v-pppama-	
6792	δύναμαι	v3spom---	δύναμαι	δύναμαι	v3spoe---	v3spom---	
6793	ἀποδείκνυμι	v--pna---	ἀποδείκνυμι	ἀποδείκνυμι	v--pna---	v--pna---	
6794	,	u--------	,	,	u--------	u--------	
6795	οὐ	d--------	οὐ	οὐ	d--------	d--------	
6796	οὗτος	p-s---mn-	οὗτος	οὗτος	p-s---mn-	p-s---mn-	
6797	παντελής	d--------	παντελής	παντελής	d--------	d--------	
6798	ἄν	g--------	ἄν	ἄν	d--------	g--------	
6799	ἤδη	d--------	ἤδη	ἤδη	d--------	d--------	
6800	ἀγαθός	a-s---mn-	ἀγαθός	ἀγαθός	a-s---mn-	a-s---mn-	
6801	μαστροπός	n-s---mn-	μαστροπός	μαστροπός	n-s---mn-	n-s---mn-	
6802	εἰμί	v3spoa---	εἰμί	εἰμί	v3spoa---	v3spoa---	
6803	;	u--------	;	;	u--------	u--------	
6804	σαφής	d--------	σαφής	σαφής	d--------	d--------	
6805	γε	d--------	γε	γε	d--------	d--------	
6806	νή	r--------	νή	νή	r--------	r--------	
6807	Ζεύς	n-s---ma-	ζεύς	Ζεύς	n-s---ma-	n-s---ma-	
6808	,	u--------	,	,	u--------	u--------	
6809	πᾶς	a-p---mn-	πᾶς	πᾶς	a-p---mn-	a-p---mn-	
6810	λέγω	v3paia---	εἶπον	λέγω	v3paia---	v3paia---	DISAGREE
6811	.	u--------	.	.	u--------	u--------	
6812	οὐκοῦν	g--------	οὐκοῦν	οὐκοῦν	d--------	g--------	
6813	εἰ	c--------	εἰ	εἰ	c--------	c--------	
6814	τις	p-s---cn-	τις	τις	p-s---mn-	p-s---cn-	
6815	τοιοῦτος	p-p---ma-	τοιοῦτος	τοιοῦτος	p-p---ma-	p-p---ma-	
6816	δύναμαι	v3spom---	δύναμαι	δύναμαι	v3spoe---	v3spom---	
6817	ἐξεργάζομαι	v--pnm---	ἐξεργάζομαι	ἐξεργάζομαι	v--pne---	v--pnm---	
6818	ὅς	p-p---mg-	ὅς	ὅς	p-p---mg-	p-p---mg-	
6819	προστατέω	v3spoa---	προστατέω	προστατέω	v3spoa---	v3spoa---	
6820	,	u--------	,	,	u--------	u--------	
6821	δίκαιος	d--------	δίκαιος	δίκαιος	d--------	d--------	
6822	ἄν	g--------	ἄν	ἄν	d--------	g--------	
6823	μέγας	a-s---nn-	μέγας	μέγας	a-s---nn-	a-s---nn-	
6824	φρονέω	v3spoa---	φρονέω	φρονέω	v3spoa---	v3spoa---	
6825	ἐπί	r--------	ἐπί	ἐπί	r--------	r--------	
6826	ὁ	l-s---fd-	ὁ	ὁ	l-s---fd-	l-s---fd-	
6827	τέχνη	n-s---fd-	τέχνη	τέχνη	n-s---fd-	n-s---fd-	
6828	καί	b--------	καί	καί	c--------	b--------	
6829	δίκαιος	d--------	δίκαιος	δίκαιος	d--------	d--------	
6830	ἄν	g--------	ἄν	ἄν	d--------	g--------	
6831	πολύς	a-s---ma-	πολύς	πολύς	a-s---ma-	a-s---ma-	
6832	μισθός	n-s---ma-	μισθός	μισθός	n-s---ma-	n-s---ma-	
6833	λαμβάνω	v3spoa---	λαμβάνω	λαμβάνω	v3spoa---	v3spoa---	
6834	;	u--------	;	;	u--------	u--------	
6835	ἐπεί	c--------	ἐπεί	ἐπεί	c--------	c--------	
6836	δέ	b--------	δέ	δέ	d--------	b--------	
6837	καί	d--------	καί	καί	d--------	d--------	
6838	οὗτος	p-p---na-	οὗτος	οὗτος	p-p---na-	p-p---na-	
6839	πᾶς	a-p---mn-	πᾶς	πᾶς	a-p---mn-	a-p---mn-	
6840	συνομολογέω	v3piia---	συνομολογέω	συνομολογέω	v3piia---	v3piia---	
6841	,	u--------	,	,	u--------	u--------	
6842	τοιοῦτος	p-s---mn-	τοιοῦτος	τοιοῦτος	a-s---mn-	p-s---mn-	
6843	μέντοι	g--------	μέντοι	μέντοι	d--------	g--------	
6844	,	u--------	,	,	u--------	u--------	
6845	φημί	v3siia---	φημί	φημί	v3siia---	v3siia---	
6846	,	u--------	,	,	u--------	u--------	
6847	ἐγώ	p1s---cd-	ἐγώ	ἐγώ	p-s---md-	p1s---cd-	
6848	δοκέω	v3spia---	δοκέω	δοκέω	v3spia---	v3spia---	
6849	Ἀντισθένης	n-s---mn-	ἀντισθένης	Ἀντισθένης	n-s---mn-	n-s---mn-	
6850	εἰμί	v--pna---	εἰμί	εἰμί	v--pna---	v--pna---	
6851	οὗτος	p-s---mn-	οὗτος	οὗτος	a-s---mn-	p-s---mn-	
6852	.	u--------	.	.	u--------	u--------	
6853	καί	b--------	καί	καί	d--------	b--------	
6854	ὁ	l-s---mn-	ὁ	ὁ	l-s---mn-	l-s---mn-	
6855	Ἀντισθένης	n-s---mn-	ἀντισθένης	Ἀντισθένης	n-s---mn-	n-s---mn-	
6856	,	u--------	,	,	u--------	u--------	
6857	ἐγώ	p1s---cd-	ἐγώ	ἐγώ	p1s---md-	p1s---cd-	
6858	,	u--------	,	,	u--------	u--------	
6859	φημί	v3siia---	φημί	φημί	v3siia---	v3siia---	
6860	,	u--------	,	,	u--------	u--------	
6861	παραδίδωμι	v2spia---	παραδίδωμι	παραδίδωμι	v2spia---	v2spia---	
6862	,	u--------	,	,	u--------	u--------	
6863	ὦ	i--------	ὦ	ὦ	i--------	i--------	
6864	Σωκράτης	n-s---mv-	σωκράτης	Σωκράτης	n-s---mv-	n-s---mv-	
6865	,	u--------	,	,	u--------	u--------	
6866	ὁ	l-s---fa-	ὁ	ὁ	l-s---fa-	l-s---fa-	
6867	τέχνη	n-s---fa-	τέχνη	τέχνη	n-s---fa-	n-s---fa-	
6868	;	u--------	;	;	u--------	u--------	
6869	ναί	i--------	ναί	ναί	d--------	i--------	
6870	μά	r--------	μά	μά	r--------	r--------	
6871	Ζεύς	n-s---ma-	ζεύς	Ζεύς	n-s---ma-	n-s---ma-	
6872	,	u--------	,	,	u--------	u--------	
6873	φημί	v3siia---	φημί	φημί	v3siia---	v3siia---	
6874	.	u--------	.	.	u--------	u--------	
6875	ὁράω	v1spia---	ὁράω	ὁράω	v1spia---	v1spia---	
6876	γάρ	g--------	γάρ	γάρ	d--------	g--------	
6877	σύ	p2s---ca-	σύ	σύ	p-s---ma-	p2s---ca-	
6878	καί	d--------	καί	καί	d--------	d--------	
6879	ὁ	l-s---fa-	ὁ	ὁ	l-s---fa-	l-s---fa-	
6880	ἀκόλουθος	a-s---fa-	ἀκόλουθος	ἀκόλουθος	a-s---fa-	a-s---fa-	
6881	οὗτος	p-s---fg-	οὗτος	οὗτος	p-s---fg-	p-s---fg-	
6882	πάνυ	d--------	πάνυ	πάνυ	d--------	d--------	
6883	ἐξεργάζομαι	v-srpmnn-	ἐξεργάζομαι	ἐξεργάζομαι	v-srpenn-	v-srpmnn-	
6884	.	u--------	.	.	u--------	u--------	
6885	τις	p-s---ca-	τις	τις	p-s---fa-	p-s---ca-	
6886	οὗτος	p-s---fa-	οὗτος	οὗτος	a-s---fa-	p-s---fa-	
6887	;	u--------		;		u--------	glaux_only
6888	ὁ	l-s---fa-	ὁ	ὁ	l-s---fa-	l-s---fa-	
6889	προαγωγεία	n-s---fa-	προαγωγεία	προαγωγεία	n-s---fa-	n-s---fa-	
6890	,	u--------	,	,	u--------	u--------	
6891	φημί	v3siia---	φημί	φημί	v3siia---	v3siia---	
6892	.	u--------	.	.	u--------	u--------	
6893	καί	d--------	καί	καί	d--------	d--------	
6894	ὅς	p-s---mn-	ὅς	ὅς	p-s---mn-	p-s---mn-	
6895	μάλα	d--------	μάλα	μάλα	d--------	d--------	
6896	ἄχθομαι	v-sappmn-	ἄχθομαι	ἄχθομαι	v-sappmn-	v-sappmn-	
6897	ἐπέρομαι	v3saim---	ἐπέρομαι	ἐπέρομαι	v3saim---	v3saim---	
6898	·	u--------	·	·	u--------	u--------	
6899	καί	b--------	καί	καί	d--------	b--------	
6900	τις	p-s---na-	τίς	τις	p-s---na-	p-s---na-	
6901	ἐγώ	p1s---cd-	ἐγώ	ἐγώ	p-s---md-	p1s---cd-	
6902	σύνοιδα	v2sria---	σύνοιδα	σύνοιδα	v2sria---	v2sria---	
6903	,	u--------	,	,	u--------	u--------	
6904	ὦ	i--------	ὦ	ὦ	i--------	i--------	
6905	Σωκράτης	n-s---mv-	σωκράτης	Σωκράτης	n-s---mv-	n-s---mv-	
6906	,	u--------	,	,	u--------	u--------	
6907	τοιοῦτος	p-s---na-	τοιοῦτος	τοιοῦτος	p-s---na-	p-s---na-	
6908	ἐργάζομαι	v-srpmmd-	ἐργάζομαι	ἐργάζομαι	v-srpemd-	v-srpmmd-	
6909	;	u--------	;	;	u--------	u--------	
6910	οἶδα	v1sria---	οἶδα	οἶδα	v1sria---	v1sria---	
6911	μέν	g--------	μέν	μέν	d--------	g--------	
6912	,	u--------	,	,	u--------	u--------	
6913	φημί	v3siia---	φημί	φημί	v3siia---	v3siia---	
6914	,	u--------	,	,	u--------	u--------	
6915	σύ	p2s---ca-	σύ	σύ	p-s---ma-	p2s---ca-	
6916	Καλλίας	n-s---ma-	καλλίας	Καλλίας	n-s---ma-	n-s---ma-	
6917	οὗτος	p-s---ma-	οὗτος	οὗτος	a-s---ma-	p-s---ma-	
6918	προαγωγεύω	v-sapama-	προαγωγεύω	προαγωγεύω	v-sapama-	v-sapama-	
6919	ὁ	l-s---md-	ὁ	ὁ	l-s---md-	l-s---md-	
6920	σοφός	a-s---md-	σοφός	σοφός	a-s---md-	a-s---md-	
6921	Πρόδικος	n-s---md-	πρόδικος	Πρόδικος	n-s---md-	n-s---md-	
6922	,	u--------	,	,	u--------	u--------	
6923	ὅτε	c--------	ὅτε	ὅτε	c--------	c--------	
6924	ὁράω	v2siia---	ὁράω	ὁράω	v2siia---	v2siia---	
6925	οὗτος	p-s---ma-	οὗτος	οὗτος	p-s---ma-	p-s---ma-	
6926	μέν	g--------	μέν	μέν	d--------	g--------	
6927	φιλοσοφία	n-s---fg-	φιλοσοφία	φιλοσοφία	n-s---fg-	n-s---fg-	
6928	ἐράω	v-sppama-	ἐράω1	ἐράω	v-sppama-	v-sppama-	
6929	,	u--------	,	,	u--------	u--------	
6930	ἐκεῖνος	p-s---ma-	ἐκεῖνος	ἐκεῖνος	p-s---ma-	p-s---ma-	
6931	δέ	b--------	δέ	δέ	c--------	b--------	
6932	χρῆμα	n-p---ng-	χρῆμα	χρῆμα	n-p---ng-	n-p---ng-	
6933	δέω	v-sppmma-	δέω	δέω	v-sppema-	v-sppmma-	
6934	·	u--------	·	·	u--------	u--------	
6935	οἶδα	v1sria---	οἶδα	οἶδα	v1sria---	v1sria---	
6936	δέ	b--------	δέ	δέ	d--------	b--------	
6937	σύ	p2s---ca-	σύ	σύ	p-s---ma-	p2s---ca-	
6938	Ἱππίας	n-s---md-	ἱππίας	Ἱππίας	n-s---md-	n-s---md-	
6939	ὁ	l-s---md-	ὁ	ὁ	l-s---md-	l-s---md-	
6940	Ἠλεῖος	a-s---md-	ἠλεῖος	Ἠλεῖος	a-s---md-	a-s---md-	
6941	,	u--------	,	,	u--------	u--------	
6942	παρά	r--------	παρά	παρά	r--------	r--------	
6943	ὅς	p-s---mg-	ὅς	ὅς	p-s---mg-	p-s---mg-	
6944	οὗτος	p-s---mn-	οὗτος	οὗτος	p-s---mn-	p-s---mn-	
6945	καί	d--------	καί	καί	d--------	d--------	
6946	ὁ	l-s---na-	ὁ	ὁ	l-s---na-	l-s---na-	
6947	μνημονικός	a-s---na-	μνημονικός	μνημονικός	a-s---na-	a-s---na-	
6948	μανθάνω	v3saia---	μανθάνω	μανθάνω	v3saia---	v3saia---	
6949	·	u--------	·	·	u--------	u--------	
6950	ἀπό	r--------	ἀπό	ἀπό	r--------	r--------	
6951	ὅς	p-s---ng-	ὅς	ὅς	p-s---ng-	p-s---ng-	
6952	δή	g--------	δή	δή	d--------	g--------	
6953	καί	d--------	καί	καί	d--------	d--------	
6954	ἐρωτικός	a-s---mnc	ἐρωτικός	ἐρωτικός	a-s---mnc	a-s---mnc	
6955	γίγνομαι	v3srim---	γίγνομαι	γίγνομαι	v3srie---	v3srim---	
6956	διά	r--------	διά	διά	r--------	r--------	
6957	ὁ	l-s---na-	ὁ	ὁ	l-s---na-	l-s---na-	
6958	ὅς	p-s---na-	ὅς	ὅς	p-s---na-	p-s---na-	
6959	τις	p-s---na-	τις	τις	a-s---na-	p-s---na-	
6960	ἄν	g--------	ἄν	ἄν	d--------	g--------	
6961	καλός	a-s---na-	καλός	καλός	a-s---na-	a-s---na-	
6962	ὁράω	v3sasa---	ὁράω	ὁράω	v3sasa---	v3sasa---	
6963	μηδέποτε	d--------	μηδέποτε	μηδέποτε	d--------	d--------	
6964	ἐπιλανθάνω	v--pnm---	ἐπιλανθάνομαι	ἐπιλανθάνω	v--pne---	v--pnm---	DISAGREE
6965	.	u--------	.	.	u--------	u--------	
6966	ἔναγχος	d--------	ἔναγχος	ἔναγχος	d--------	d--------	
6967	δέ	b--------	δέ	δέ	d--------	b--------	
6968	δήπου	d--------	δήπου	δήπου	d--------	d--------	
6969	καί	d--------	καί	καί	d--------	d--------	
6970	πρός	r--------	πρός	πρός	r--------	r--------	
6971	ἐγώ	p1s---ca-	ἐγώ	ἐγώ	p-s---ma-	p1s---ca-	
6972	ἐπαινέω	v-sppamn-	ἐπαινέω	ἐπαινέω	v-sppamn-	v-sppamn-	
6973	ὁ	l-s---ma-	ὁ	ὁ	l-s---ma-	l-s---ma-	
6974	Ἡρακλεώτης	n-s---ma-	ἡρακλεώτης	Ἡρακλεώτης	n-s---ma-	n-s---ma-	
6975	ξένος	a-s---ma-	ξένος1	ξένος	n-s---ma-	a-s---ma-	
6976	ἐπεί	c--------	ἐπεί	ἐπεί	c--------	c--------	
6977	ἐγώ	p1s---ca-	ἐγώ	ἐγώ	p-s---ma-	p1s---ca-	
6978	ποιέω	v2saia---	ποιέω	ποιέω	v2saia---	v2saia---	
6979	ἐπιθυμέω	v--pna---	ἐπιθυμέω	ἐπιθυμέω	v--pna---	v--pna---	
6980	αὐτός	p-s---mg-	αὐτός	αὐτός	p-s---mg-	p-s---mg-	
6981	,	u--------	,	,	u--------	u--------	
6982	συνίστημι	v2saia---	συνίστημι	συνίστημι	v2saia---	v2saia---	
6983	ἐγώ	p1s---cd-	ἐγώ	ἐγώ	p-s---md-	p1s---cd-	
6984	αὐτός	p-s---ma-	αὐτός	αὐτός	p-s---ma-	p-s---ma-	
6985	.	u--------	.	.	u--------	u--------	
6986	καί	b--------	καί	καί	d--------	b--------	
6987	χάρις	n-s---fa-	χάρις	χάρις	n-s---fa-	n-s---fa-	
6988	μέντοι	g--------	μέντοι	μέντοι	d--------	g--------	
6989	σύ	p2s---cd-	σύ	σύ	p-s---md-	p2s---cd-	
6990	ἔχω	v1spia---	ἔχω	ἔχω	v1spia---	v1spia---	
6991	·	u--------	·	·	u--------	u--------	
6992	πάνυ	d--------	πάνυ	πάνυ	d--------	d--------	
6993	γάρ	g--------	γάρ	γάρ	d--------	g--------	
6994	καλός	a-s---mn-	καλός	καλός	a-s---mn-	a-s---mn-	
6995	καί	c--------	καί		c--------		oga_only
6996	ἀγαθός	a-s---mn-	ἀγαθός		a-s---mn-		oga_only
6997	δοκέω	v3spia---	δοκέω	δοκέω	v3spia---	v3spia---	
6998	ἐγώ	p1s---cd-	ἐγώ	ἐγώ	p-s---md-	p1s---cd-	
6999	εἰμί	v--pna---	εἰμί	εἰμί	v--pna---	v--pna---	
7000	.	u--------	.	.	u--------	u--------	
7001	Αἰσχύλος	n-s---ma-	αἰσχύλος	Αἰσχύλος	n-s---ma-	n-s---ma-	
7002	δέ	b--------	δέ	δέ	d--------	b--------	
7003	ὁ	l-s---ma-	ὁ	ὁ	l-s---ma-	l-s---ma-	
7004	Φλιάσιος	a-s---ma-	φλιάσιος	Φλιάσιος	a-s---ma-	a-s---ma-	
7005	πρός	r--------	πρός	πρός	r--------	r--------	
7006	ἐγώ	p1s---ca-	ἐγώ	ἐγώ	p-s---ma-	p1s---ca-	
7007	ἐπαινέω	v-sppamn-	ἐπαινέω	ἐπαινέω	v-sppamn-	v-sppamn-	
7008	καί	d--------	καί	καί	d--------	d--------	
7009	ἐγώ	p1s---ca-	ἐγώ	ἐγώ	p-s---ma-	p1s---ca-	
7010	πρός	r--------	πρός	πρός	r--------	r--------	
7011	ἐκεῖνος	p-s---ma-	ἐκεῖνος	ἐκεῖνος	p-s---ma-	p-s---ma-	
7012	οὐ	d--------	οὐ	οὐ	d--------	d--------	
7013	οὕτως	d--------	οὕτως	οὕτως	d--------	d--------	
7014	διατίθημι	v2saia---	διατίθημι	διατίθημι	v2saia---	v2saia---	
7015	ὥστε	c--------	ὥστε	ὥστε	c--------	c--------	
7016	διά	r--------	διά	διά	r--------	r--------	
7017	ὁ	l-p---ma-	ὁ	ὁ	l-p---ma-	l-p---ma-	
7018	σός	a-p---ma-	σός	σός	a-p---ma-	a-p---ma-	
7019	λόγος	n-p---ma-	λόγος	λόγος	n-p---ma-	n-p---ma-	
7020	ἐράω	v-pppamn-	ἐράω1	ἐράω	v-pppamn-	v-pppamn-	
7021	κυνοδρομέω	v1piia---	κυνοδρομέω	κυνοδρομέω	v1piia---	v1piia---	
7022	ἀλλήλων	p-p---ma-	ἀλλήλων	ἀλλήλων	p-p---ma-	p-p---ma-	
7023	ζητέω	v-pppamn-	ζητέω	ζητέω	v-pppamn-	v-pppamn-	
7024	;	u--------	;	;	u--------	u--------	
7025	οὗτος	p-p---na-	οὗτος	οὗτος	p-p---na-	p-p---na-	
7026	οὖν	g--------	οὖν	οὖν	d--------	g--------	
7027	ὁράω	v-sppamn-	ὁράω	ὁράω	v-sppamn-	v-sppamn-	
7028	δύναμαι	v-sppmna-	δύναμαι	δύναμαι	v-sppena-	v-sppmna-	
7029	σύ	p2s---ca-	σύ	σύ	p-s---ma-	p2s---ca-	
7030	ποιέω	v--pna---	ποιέω	ποιέω	v--pna---	v--pna---	
7031	ἀγαθός	a-s---ma-	ἀγαθός	ἀγαθός	a-s---ma-	a-s---ma-	
7032	νομίζω	v1spia---	νομίζω	νομίζω	v1spia---	v1spia---	
7033	προαγωγός	n-s---ma-	προαγωγός	προαγωγός	n-s---ma-	n-s---ma-	
7034	εἰμί	v--pna---	εἰμί	εἰμί	v--pna---	v--pna---	
7035	.	u--------	.	.	u--------	u--------	
7036	ὁ	l-s---mn-	ὁ	ὁ	l-s---mn-	l-s---mn-	
7037	γάρ	g--------	γάρ	γάρ	d--------	g--------	
7038	οἷος	p-s---mn-	οἷος	οἷος	a-s---mn-	p-s---mn-	
7039	τε	d--------	τε	τε	d--------	d--------	
7040	εἰμί	v-sppamn-	εἰμί	εἰμί	v-sppamn-	v-sppamn-	
7041	γιγνώσκω	v--pna---	γιγνώσκω	γιγνώσκω	v--pna---	v--pna---	
7042	τε	b--------	τε	τε	d--------	b--------	
7043	ὁ	l-p---ma-	ὁ	ὁ	l-p---ma-	l-p---ma-	
7044	ὠφέλιμος	a-p---ma-	ὠφέλιμος	ὠφέλιμος	a-p---ma-	a-p---ma-	
7045	ἑαυτοῦ	p-p---md-	ἑαυτοῦ	ἑαυτοῦ	p-p---md-	p-p---md-	
7046	καί	b--------	καί	καί	c--------	b--------	
7047	οὗτος	p-p---ma-	οὗτος	οὗτος	p-p---ma-	p-p---ma-	
7048	δύναμαι	v-sppmmn-	δύναμαι	δύναμαι	v-sppemn-	v-sppmmn-	
7049	ποιέω	v--pna---	ποιέω	ποιέω	v--pna---	v--pna---	
7050	ἐπιθυμέω	v--pna---	ἐπιθυμέω	ἐπιθυμέω	v--pna---	v--pna---	
7051	ἀλλήλων	p-p---mg-	ἀλλήλων	ἀλλήλων	p-p---mg-	p-p---mg-	
7052	,	u--------	,	,	u--------	u--------	
7053	οὗτος	p-s---mn-	οὗτος	οὗτος	p-s---mn-	p-s---mn-	
7054	ἄν	g--------	ἄν	ἄν	d--------	g--------	
7055	ἐγώ	p1s---cd-	ἐγώ	ἐγώ	p-s---md-	p1s---cd-	
7056	δοκέω	v3spia---	δοκέω	δοκέω	v3spia---	v3spia---	
7057	καί	b--------	καί	καί	d--------	b--------	
7058	πόλις	n-p---fa-	πόλις	πόλις	n-p---fa-	n-p---fa-	
7059	δύναμαι	v--pnm---	δύναμαι	δύναμαι	v--pne---	v--pnm---	
7060	φίλος	a-p---fa-	φίλος	φίλος	a-p---fa-	a-p---fa-	
7061	ποιέω	v--pna---	ποιέω	ποιέω	v--pna---	v--pna---	
7062	καί	b--------	καί	καί	c--------	b--------	
7063	γάμος	n-p---ma-	γάμος	γάμος	n-p---ma-	n-p---ma-	
7064	ἐπιτήδειος	a-p---ma-	ἐπιτήδειος	ἐπιτήδειος	a-p---ma-	a-p---ma-	
7065	συνάγω	v--pna---	συνάγω	συνάγω	v--pna---	v--pna---	
7066	,	u--------	,	,	u--------	u--------	
7067	καί	b--------	καί	καί	c--------	b--------	
7068	πολύς	a-s---ng-	πολύς	πολύς	a-s---ng-	a-s---ng-	
7069	ἄν	g--------	ἄν	ἄν	d--------	g--------	
7070	ἄξιος	a-s---mn-	ἄξιος	ἄξιος	a-s---mn-	a-s---mn-	
7071	εἰμί	v--pna---	εἰμί	εἰμί	v--pna---	v--pna---	
7072	καί	b--------	καί	καί	d--------	b--------	
7073	πόλις	n-p---fd-	πόλις	πόλις	n-p---fd-	n-p---fd-	
7074	καί	b--------	καί	καί	d--------	b--------	
7075	φίλος	a-p---md-	φίλος	φίλος	n-p---md-	a-p---md-	
7076	καί	b--------	καί	καί	c--------	b--------	
7077	σύμμαχος	a-p---md-	σύμμαχος	σύμμαχος	n-p---md-	a-p---md-	
7078	κτάομαι	v--rnm---	κτάομαι	κτάομαι	v--rne---	v--rnm---	
7079	.	u--------	.	.	u--------	u--------	
7080	σύ	p2s---cn-	σύ	σύ	p-s---mn-	p2s---cn-	
7081	δέ	b--------	δέ	δέ	d--------	b--------	
7082	ὡς	d--------	ὡς	ὡς	d--------	d--------	
7083	κακός	d--------	κακός	κακός	d--------	d--------	
7084	ἀκούω	v-sapamn-	ἀκούω	ἀκούω	v-sapamn-	v-sapamn-	
7085	ὅτι	c--------	ὅτι	ὅτι	c--------	c--------	
7086	ἀγαθός	a-s---ma-	ἀγαθός	ἀγαθός	a-s---ma-	a-s---ma-	
7087	σύ	p2s---ca-	σύ	σύ	p-s---ma-	p2s---ca-	
7088	φημί	v1siia---	φημί	φημί	v1siia---	v1siia---	
7089	προαγωγός	n-s---ma-	προαγωγός	προαγωγός	n-s---ma-	n-s---ma-	
7090	εἰμί	v--pna---	εἰμί	εἰμί	v--pna---	v--pna---	
7091	,	u--------	,	,	u--------	u--------	
7092	ὀργίζω	v2saip---	ὀργίζω	ὀργίζω	v2saip---	v2saip---	
7093	.	u--------	.	.	u--------	u--------	
7094	ἀλλά	b--------	ἀλλά	ἀλλά	c--------	b--------	
7095	μά	r--------	μά	μά	r--------	r--------	
7096	Ζεύς	n-s---ma-	ζεύς	Ζεύς	n-s---ma-	n-s---ma-	
7097	,	u--------	,	,	u--------	u--------	
7098	φημί	v3siia---	φημί	φημί	v3siia---	v3siia---	
7099	,	u--------	,	,	u--------	u--------	
7100	οὐ	d--------	οὐ	οὐ	d--------	d--------	
7101	νῦν	d--------	νῦν	νῦν	d--------	d--------	
7102	.	u--------	.	.	u--------	u--------	
7103	ἐάν	c--------	ἐάν	ἐάν	c--------	c--------	
7104	γάρ	g--------	γάρ	γάρ	d--------	g--------	
7105	οὗτος	p-p---na-	οὗτος	οὗτος	p-p---na-	p-p---na-	
7106	δύναμαι	v1spsm---	δύναμαι	δύναμαι	v1spse---	v1spsm---	
7107	,	u--------	,	,	u--------	u--------	
7108	σάσσω	v-srpmmn-	σάσσω	σάσσω	v-srpemn-	v-srpmmn-	
7109	δή	g--------	δή	δή	d--------	g--------	
7110	παντάπασι	d--------	παντάπασι	παντάπασι	d--------	d--------	
7111	πλοῦτος	n-s---mg-	πλοῦτος	πλοῦτος	n-s---mg-	n-s---mg-	
7112	ὁ	l-s---fa-	ὁ	ὁ	l-s---fa-	l-s---fa-	
7113	ψυχή	n-s---fa-	ψυχή	ψυχή	n-s---fa-	n-s---fa-	
7114	εἰμί	v1sfim---	εἰμί	εἰμί	v1sfim---	v1sfim---	
7115	.	u--------	.	.	u--------	u--------	
7116	καί	b--------	καί	καί	d--------	b--------	
7117	οὗτος	p-s---fn-	οὗτος	οὗτος	a-s---fn-	p-s---fn-	
7118	μέν	g--------	μέν	μέν	d--------	g--------	
7119	δή	g--------	δή	δή	d--------	g--------	
7120	ὁ	l-s---fn-	ὁ	ὁ	l-s---fn-	l-s---fn-	
7121	περίοδος	n-s---fn-	περίοδος	περίοδος	n-s---fn-	n-s---fn-	
7122	ὁ	l-p---mg-	ὁ	ὁ	l-p---mg-	l-p---mg-	
7123	λόγος	n-p---mg-	λόγος	λόγος	n-p---mg-	n-p---mg-	
7124	ἀποτελέω	v3saip---	ἀποτελέω	ἀποτελέω	v3saip---	v3saip---	
7125	.	u--------	.	.	u--------	u--------	
7126	ὁ	l-s---mn-	ὁ	ὁ	l-s---mn-	l-s---mn-	
7127	δέ	c--------	δέ	δέ	d--------	c--------	
7128	Καλλίας	n-s---mn-	καλλίας	Καλλίας	n-s---mn-	n-s---mn-	
7129	φημί	v3siia---	φημί	φημί	v3siia---	v3siia---	
7130	·	u--------	·	·	u--------	u--------	
7131	σύ	p-s---cn-	σύ	σύ	p2s---cn-	p-s---cn-	
7132	δέ	c--------	δέ	δέ	d--------	c--------	
7133	δή	g--------	δή	δή	d--------	g--------	
7134	,	u--------	,	,	u--------	u--------	
7135	ὦ	i--------	ὦ	ὦ	i--------	i--------	
7136	Κριτόβουλος	n-s---mv-	κριτόβουλος	Κριτόβουλος	n-s---mv-	n-s---mv-	
7137	,	u--------	,	,	u--------	u--------	
7138	εἰς	r--------	εἰς	εἰς	r--------	r--------	
7139	ὁ	l-s---ma-	ὁ	ὁ	l-s---ma-	l-s---ma-	
7140	περί	r--------	περί	περί	r--------	r--------	
7141	ὁ	l-s---ng-	ὁ	ὁ	l-s---ng-	l-s---ng-	
7142	κάλλος	n-s---ng-	κάλλος	κάλλος	n-s---ng-	n-s---ng-	
7143	ἀγών	n-s---ma-	ἀγών	ἀγών	n-s---ma-	n-s---ma-	
7144	πρός	r--------	πρός	πρός	r--------	r--------	
7145	Σωκράτης	n-s---ma-	σωκράτης	Σωκράτης	n-s---ma-	n-s---ma-	
7146	οὐ	d--------	οὐ	οὐ	d--------	d--------	
7147	ἀνθίστημι	v2spim---	ἀνθιστάω	ἀνθίστημι	v2spie---	v2spim---	DISAGREE
7148	;	u--------	;	;	u--------	u--------	
7149	νή	r--------	νή	νή	r--------	r--------	
7150	Ζεύς	n-s---ma-	ζεύς	Ζεύς	n-s---ma-	n-s---ma-	
7151	,	u--------	,	,	u--------	u--------	
7152	φημί	v3siia---	φημί	φημί	v3siia---	v3siia---	
7153	ὁ	l-s---mn-	ὁ	ὁ	l-s---mn-	l-s---mn-	
7154	Σωκράτης	n-s---mn-	σωκράτης	Σωκράτης	n-s---mn-	n-s---mn-	
7155	,	u--------	,	,	u--------	u--------	
7156	ἴσως	d--------	ἴσως	ἴσως	d--------	d--------	
7157	γάρ	g--------	γάρ	γάρ	d--------	g--------	
7158	εὐδοκιμέω	v-sppama-	εὐδοκιμέω	εὐδοκιμέω	v-sppama-	v-sppama-	
7159	ὁ	l-s---ma-	ὁ	ὁ	l-s---ma-	l-s---ma-	
7160	μαστροπός	n-s---ma-	μαστροπός	μαστροπός	n-s---ma-	n-s---ma-	
7161	παρά	r--------	παρά	παρά	r--------	r--------	
7162	ὁ	l-p---md-	ὁ	ὁ	l-p---md-	l-p---md-	
7163	κριτής	n-p---md-	κριτής	κριτής	n-p---md-	n-p---md-	
7164	ὁράω	v3spia---	ὁράω	ὁράω	v3spia---	v3spia---	
7165	.	u--------	.	.	u--------	u--------	
7166	ἀλλά	c--------	ἀλλά	ἀλλά	c--------	c--------	
7167	ὅμως	d--------	ὅμως	ὅμως	d--------	d--------	
7168	,	u--------	,	,	u--------	u--------	
7169	φημί	v3siia---	φημί	φημί	v3siia---	v3siia---	
7170	ὁ	l-s---mn-	ὁ	ὁ	l-s---mn-	l-s---mn-	
7171	Κριτόβουλος	n-s---mn-	κριτόβουλος	Κριτόβουλος	n-s---mn-	n-s---mn-	
7172	,	u--------	,	,	u--------	u--------	
7173	οὐ	d--------	οὐ	οὐ	d--------	d--------	
7174	ἀναδύνω	v1spim---	ἀναδύνω	ἀναδύνω	v1spie---	v1spim---	
7175	·	u--------	·	·	u--------	u--------	
7176	ἀλλά	c--------	ἀλλά	ἀλλά	d--------	c--------	
7177	διδάσκω	v2spma---	διδάσκω	διδάσκω	v2spma---	v2spma---	
7178	,	u--------	,	,	u--------	u--------	
7179	εἰ	c--------	εἰ	εἰ	c--------	c--------	
7180	τις	p-s---na-	τις	τις	p-s---na-	p-s---na-	
7181	ἔχω	v2spia---	ἔχω	ἔχω	v2spia---	v2spia---	
7182	σοφός	a-s---na-	σοφός	σοφός	a-s---na-	a-s---na-	
7183	,	u--------	,	,	u--------	u--------	
7184	ὡς	c--------	ὡς	ὡς	c--------	c--------	
7185	καλός	a-s---mnc	καλός	καλός	a-s---mnc	a-s---mnc	
7186	εἰμί	v2spia---	εἰμί	εἰμί	v2spia---	v2spia---	
7187	ἐγώ	p-s---cg-	ἐγώ	ἐγώ	p-s---mg-	p-s---cg-	
7188	.	u--------	.	.	u--------	u--------	
7189	μόνος	d--------	μόνος	μόνος	a-s---ma-	d--------	
7190	,	u--------	,	,	u--------	u--------	
7191	φημί	v3siia---	φημί	φημί	v3siia---	v3siia---	
7192	,	u--------	,	,	u--------	u--------	
7193	ὁ	l-s---ma-	ὁ	ὁ	l-s---ma-	l-s---ma-	
7194	λαμπτήρ	n-s---ma-	λαμπτήρ	λαμπτήρ	n-s---ma-	n-s---ma-	
7195	ἐγγύς	d--------	ἐγγύς	ἐγγύς	d--------	d--------	
7196	προσφέρω	v3sama---	προσφέρω	προσφέρω	v3sama---	v3sama---	
7197	.	u--------	.	.	u--------	u--------	
7198	εἰς	r--------	εἰς	εἰς	r--------	r--------	
7199	ἀνάκρισις	n-s---fa-	ἀνάκρισις	ἀνάκρισις	n-s---fa-	n-s---fa-	
7200	τοίνυν	g--------	τοίνυν	τοίνυν	d--------	g--------	
7201	σύ	p-s---ca-	σύ	σύ	p-s---ma-	p-s---ca-	
7202	,	u--------	,	,	u--------	u--------	
7203	φημί	v3siia---	φημί	φημί	v3siia---	v3siia---	
7204	,	u--------	,	,	u--------	u--------	
7205	πρῶτος	a-s---na-	πρῶτος	πρῶτος	a-s---ma-	a-s---na-	
7206	ὁ	l-s---fg-	ὁ	ὁ	l-s---fg-	l-s---fg-	
7207	δίκη	n-s---fg-	δίκη	δίκη	n-s---fg-	n-s---fg-	
7208	καλέω	v1spim---	καλέω	καλέω	v1spie---	v1spim---	
7209	·	u--------	·	·	u--------	u--------	
7210	ἀλλά	c--------	ἀλλά	ἀλλά	d--------	c--------	
7211	ἀποκρίνω	v2spmm---	ἀποκρίνω	ἀποκρίνω	v2spme---	v2spmm---	
7212	.	u--------	.	.	u--------	u--------	
7213	σύ	p-s---cn-	σύ	σύ	p-s----n-	p-s---cn-	
7214	δέ	c--------	δέ	δέ	g--------	c--------	
7215	γε	g--------	γε	γε	g--------	g--------	
7216	ἐρωτάω	v2spma---	ἐρωτάω	ἐρωτάω	v2spma---	v2spma---	
7217	.	u--------	.	.	u--------	u--------	
7218	πότερος	g--------	πότερον	πότερος	d--------	g--------	DISAGREE
7219	οὖν	g--------	οὖν	οὖν	d--------	g--------	
7220	ἐν	r--------	ἐν	ἐν	r--------	r--------	
7221	ἄνθρωπος	n-s---md-	ἄνθρωπος	ἄνθρωπος	n-s---md-	n-s---md-	
7222	μόνος	d--------	μόνος	μόνος	d--------	d--------	
7223	νομίζω	v2spia---	νομίζω	νομίζω	v2spia---	v2spia---	
7224	ὁ	l-s---na-	ὁ	ὁ	l-s---na-	l-s---na-	
7225	καλός	a-s---na-	καλός	καλός	a-s---na-	a-s---na-	
7226	εἰμί	v--pna---	εἰμί	εἰμί	v--pna---	v--pna---	
7227	ἤ	c--------	ἤ1	ἤ	c--------	c--------	
7228	καί	c--------	καί	καί	d--------	c--------	
7229	ἐν	r--------	ἐν	ἐν	r--------	r--------	
7230	ἄλλος	p-s---nd-	ἄλλος	ἄλλος	p-s---nd-	p-s---nd-	
7231	τις	p-s---cd-	τις	τις	p-s---nd-	p-s---cd-	
7232	;	u--------		;		u--------	glaux_only
7233	ἐγώ	p-s---cn-	ἐγώ	ἐγώ	p1s---cn-	p-s---cn-	
7234	μέν	g--------	μέν	μέν	d--------	g--------	
7235	ναί	i--------	ναί	ναί	d--------	i--------	
7236	μά	r--------	μά	μά	r--------	r--------	
7237	Ζεύς	n-s---ma-	ζεύς	Ζεύς	n-s---ma-	n-s---ma-	
7238	,	u--------	,	,	u--------	u--------	
7239	φημί	v3siia---	φημί	φημί	v3siia---	v3siia---	
7240	,	u--------	,	,	u--------	u--------	
7241	καί	c--------	καί	καί	d--------	c--------	
7242	ἐν	r--------	ἐν	ἐν	r--------	r--------	
7243	ἵππος	n-s---md-	ἵππος	ἵππος	n-s---md-	n-s---md-	
7244	καί	c--------	καί	καί	d--------	c--------	
7245	βοῦς	n-s---cd-	βοῦς	βοῦς	v3spia---	n-s---cd-	
7246	καί	c--------	καί	καί	c--------	c--------	
7247	ἐν	r--------	ἐν	ἐν	r--------	r--------	
7248	ἄψυχος	a-p---nd-	ἄψυχος	ἄψυχος	n-p---md-	a-p---nd-	
7249	πολύς	a-p---md-	πολύς	πολύς	a-p---nd-	a-p---md-	
7250	.	u--------	.	.	u--------	u--------	
7251	οἶδα	v1sria---	οἶδα	οἶδα	v1sria---	v1sria---	
7252	γοῦν	g--------	γοῦν	γοῦν	d--------	g--------	
7253	εἰμί	v-sppafa-	εἰμί	εἰμί	v-sppafa-	v-sppafa-	
7254	καί	c--------	καί	καί	d--------	c--------	
7255	ἀσπίς	n-s---fa-	ἀσπίς	ἀσπίς	n-s---fa-	n-s---fa-	
7256	καλός	a-s---fa-	καλός	καλός	a-s---fa-	a-s---fa-	
7257	καί	c--------	καί	καί	c--------	c--------	
7258	ξίφος	n-s---na-	ξίφος	ξίφος	n-s---na-	n-s---na-	
7259	καί	c--------	καί	καί	c--------	c--------	
7260	δόρυ	n-s---na-	δόρυ	δόρυ	n-s---na-	n-s---na-	
7261	.	u--------	.	.	u--------	u--------	
7262	καί	c--------	καί	καί	d--------	c--------	
7263	πῶς	d--------	πῶς	πῶς	d--------	d--------	
7264	,	u--------	,	,	u--------	u--------	
7265	φημί	v3siia---	φημί	φημί	v3siia---	v3siia---	
7266	,	u--------	,	,	u--------	u--------	
7267	οἷος	p-s---nn-	οἷος	οἷος	p-s---nn-	p-s---nn-	
7268	τε	g--------	τε	τε	d--------	g--------	
7269	οὗτος	p-p---na-	οὗτος	οὗτος	p-p---na-	p-p---na-	
7270	μηδείς	p-s---na-	μηδείς	μηδείς	a-s---na-	p-s---na-	
7271	ὅμοιος	a-p---na-	ὅμοιος	ὅμοιος	a-p---na-	a-p---na-	
7272	εἰμί	v-pppana-	εἰμί	εἰμί	v-pppana-	v-pppana-	
7273	ἀλλήλων	p-p---nd-	ἀλλήλων	ἀλλήλων	p-p---nd-	p-p---nd-	
7274	πᾶς	p-p---na-	πᾶς	πᾶς	a-p---na-	p-p---na-	
7275	καλός	a-p---na-	καλός	καλός	a-p---na-	a-p---na-	
7276	εἰμί	v--pna---	εἰμί	εἰμί	v--pna---	v--pna---	
7277	;	u--------		;		u--------	glaux_only
7278	ἐάν	c--------	ἄν	ἐάν	c--------	c--------	DISAGREE
7279	νή	r--------	νή	νή	r--------	r--------	
7280	Ζεύς	n-s---ma-	ζεύς	Ζεύς	n-s---ma-	n-s---ma-	
7281	,	u--------	,	,	u--------	u--------	
7282	φημί	v3siia---	φημί	φημί	v3siia---	v3siia---	
7283	,	u--------	,	,	u--------	u--------	
7284	πρός	r--------	πρός	πρός	r--------	r--------	
7285	ὁ	l-p---na-	ὁ	ὁ	l-p---na-	l-p---na-	
7286	ἔργον	n-p---na-	ἔργον	ἔργον	n-p---na-	n-p---na-	
7287	ὅς	p-p---ng-	ὅς	ὅς	p-p---ng-	p-p---ng-	
7288	ἕνεκα	r--------	ἕνεκα	ἕνεκα	r--------	r--------	
7289	ἕκαστος	p-p---na-	ἕκαστος	ἕκαστος	a-p---na-	p-p---na-	
7290	κτάομαι	v1ppsm---	κτάομαι	κτάομαι	v1ppie---	v1ppsm---	
7291	εὖ	d--------	εὖ	εὖ	d--------	d--------	
7292	ἐργάζομαι	v-prpmnn-	ἐργάζομαι	ἐργάζομαι	v-prpena-	v-prpmnn-	
7293	εἰμί	v3spsa---	εἰμί	εἰμί	v3spsa---	v3spsa---	
7294	ἤ	c--------	ἤ1	ἤ	c--------	c--------	
7295	εὖ	d--------	εὖ	εὖ	d--------	d--------	
7296	φύω	v-prpann-	φύω	φύω	v-prpana-	v-prpann-	
7297	πρός	r--------	πρός	πρός	r--------	r--------	
7298	ὅς	p-p---na-	ὅς	ὅς	p-p---na-	p-p---na-	
7299	ἄν	g--------	ἄν	ἄν	d--------	g--------	
7300	δέω	v1ppsm---	δέω	δέω	v1ppse---	v1ppsm---	
7301	,	u--------	,	,	u--------	u--------	
7302	καί	c--------	καί	καί	d--------	c--------	
7303	οὗτος	p-p---nn-	οὗτος	οὗτος	p-p---nn-	p-p---nn-	
7304	,	u--------	,	,	u--------	u--------	
7305	φημί	v3siia---	φημί	φημί	v3siia---	v3siia---	
7306	ὁ	l-s---mn-	ὁ	ὁ	l-s---mn-	l-s---mn-	
7307	Κριτόβουλος	n-s---mn-	κριτόβουλος	Κριτόβουλος	n-s---mn-	n-s---mn-	
7308	,	u--------	,	,	u--------	u--------	
7309	καλός	a-p---nn-	καλός	καλός	n-p---nn-	a-p---nn-	
7310	.	u--------	.	.	u--------	u--------	
7311	οἶδα	v2sria---	οἶδα	οἶδα	v2sria---	v2sria---	
7312	οὖν	g--------	οὖν	οὖν	d--------	g--------	
7313	,	u--------	,	,	u--------	u--------	
7314	φημί	v3siia---	φημί	φημί	v3siia---	v3siia---	
7315	,	u--------	,	,	u--------	u--------	
7316	ὀφθαλμός	n-p---mg-	ὀφθαλμός	ὀφθαλμός	n-p---mg-	n-p---mg-	
7317	τίς	p-s---ng-	τις	τίς	p-s---mg-	p-s---ng-	
7318	ἕνεκα	r--------	ἕνεκα	ἕνεκα	r--------	r--------	
7319	δέω	v1ppim---	δέομαι	δέω	v1ppie---	v1ppim---	DISAGREE
7320	;	u--------	;	;	u--------	u--------	
7321	δῆλος	a-s---nn-	δῆλος	δῆλος	a-s---nn-	a-s---nn-	
7322	,	u--------	,	,	u--------	u--------	
7323	φημί	v3siia---	φημί	φημί	v3siia---	v3siia---	
7324	,	u--------	,	,	u--------	u--------	
7325	ὅτι	c--------	ὅτι	ὅτι	c--------	c--------	
7326	ὁ	l-s---ng-	ὁ	ὁ	l-s---ng-	l-s---ng-	
7327	ὁράω	v--pna---	ὁράω	ὁράω	v--pna---	v--pna---	
7328	.	u--------	.	.	u--------	u--------	
7329	οὕτως	d--------	οὕτως	οὕτως	d--------	d--------	
7330	μέν	g--------	μέν	μέν	d--------	g--------	
7331	τοίνυν	g--------	τοίνυν	τοίνυν	d--------	g--------	
7332	ἤδη	d--------	ἤδη	ἤδη	d--------	d--------	
7333	ὁ	l-p---mn-	ὁ	ὁ	l-p---mn-	l-p---mn-	
7334	ἐγώ	p-s---cd-	ἐγώ	ἐγώ	p1s---md-	p-s---cd-	
7335	ὀφθαλμός	n-p---mn-	ὀφθαλμός	ὀφθαλμός	n-p---mn-	n-p---mn-	
7336	καλός	a-p---mnc	καλός	καλός	a-p---mnc	a-p---mnc	
7337	ἄν	g--------	ἄν	ἄν	d--------	g--------	
7338	ὁ	l-p---mg-	ὁ	ὁ	l-p---mg-	l-p---mg-	
7339	σός	a-p---mg-	σός	σός	a-p---mg-	a-p---mg-	
7340	εἰμί	v3ppoa---	εἰμί	εἰμί	v3ppoa---	v3ppoa---	
7341	.	u--------	.	.	u--------	u--------	
7342	πῶς	d--------	πῶς	πῶς	d--------	d--------	
7343	δή	g--------	δή	δή	g--------	g--------	
7344	;	u--------		;		u--------	glaux_only
7345	ὅτι	c--------	ὅτι	ὅτι	c--------	c--------	
7346	ὁ	l-p---mn-	ὁ	ὁ	l-p---mn-	l-p---mn-	
7347	μέν	g--------	μέν	μέν	d--------	g--------	
7348	σύ	p-s---cd-	σύ	σύ	p2s---cd-	p-s---cd-	
7349	ὁ	l-s---na-	ὁ	ὁ	l-s---na-	l-s---na-	
7350	κατά	r--------	κατά	κατά	r--------	r--------	
7351	εὐθύς	a-s---na-	εὐθύς2	εὐθύς	d--------	a-s---na-	
7352	μόνος	d--------	μόνος	μόνος	d--------	d--------	
7353	ὁράω	v3ppia---	ὁράω	ὁράω	v3ppia---	v3ppia---	
7354	,	u--------	,	,	u--------	u--------	
7355	ὁ	l-p---mn-	ὁ	ὁ	l-p---mn-	l-p---mn-	
7356	δέ	c--------	δέ	δέ	d--------	c--------	
7357	ἐγώ	p-s---cd-	ἐγώ	ἐγώ	p1s---md-	p-s---cd-	
7358	καί	c--------	καί	καί	d--------	c--------	
7359	ὁ	l-s---na-	ὁ	ὁ	l-s---na-	l-s---na-	
7360	ἐκ	r--------	ἐκ	ἐκ	r--------	r--------	
7361	πλάγιος	a-s---ng-	πλάγιον	πλάγιος	n-s---ng-	a-s---ng-	DISAGREE
7362	διά	r--------	διά	διά	r--------	r--------	
7363	ὁ	l-s---na-	ὁ	ὁ	l-s---na-	l-s---na-	
7364	ἐπιπόλαιος	a-p---mn-	ἐπιπόλαιος	ἐπιπόλαιος	a-p---mn-	a-p---mn-	
7365	εἰμί	v--pna---	εἰμί	εἰμί	v--pna---	v--pna---	
7366	.	u--------	.	.	u--------	u--------	
7367	λέγω	v2spia---	λέγω	λέγω	v2spia---	v2spia---	
7368	σύ	p-s---cn-	σύ	σύ	p2s---cn-	p-s---cn-	
7369	,	u--------	,	,	u--------	u--------	
7370	φημί	v3siia---	φημί	φημί	v3siia---	v3siia---	
7371	,	u--------	,	,	u--------	u--------	
7372	καρκίνος	n-s---ma-	καρκίνος	καρκίνος	n-s---ma-	n-s---ma-	
7373	εὐόφθαλμος	a-s---mas	εὐόφθαλμος	εὐόφθαλμος	a-s---mas	a-s---mas	
7374	εἰμί	v--pna---	εἰμί	εἰμί	v--pna---	v--pna---	
7375	ὁ	l-p---ng-	ὁ	ὁ	l-p---ng-	l-p---ng-	
7376	ζῷον	n-p---ng-	ζῷον	ζῷον	n-p---ng-	n-p---ng-	
7377	;	u--------	;	;	u--------	u--------	
7378	πάντως	d--------	πάντως	πάντως	d--------	d--------	
7379	δήπου	g--------	δήπου	δήπου	d--------	g--------	
7380	,	u--------	,	,	u--------	u--------	
7381	φημί	v3siia---	φημί	φημί	v3siia---	v3siia---	
7382	·	u--------		·		u--------	glaux_only
7383	ἐπεί	g--------	ἐπεί	ἐπεί	d--------	g--------	
7384	καί	c--------	καί	καί	d--------	c--------	
7385	πρός	r--------	πρός	πρός	r--------	r--------	
7386	ἰσχύς	n-s---fa-	ἰσχύς	ἰσχύς	n-s---fa-	n-s---fa-	
7387	ὁ	l-p---ma-	ὁ	ὁ	l-p---ma-	l-p---ma-	
7388	ὀφθαλμός	n-p---ma-	ὀφθαλμός	ὀφθαλμός	n-p---ma-	n-p---ma-	
7389	ἀγαθός	a-p---nas	ἄριστος	ἀγαθός	a-p---na-	a-p---nas	DISAGREE
7390	φύω	v-prpama-	φύω	φύω	v-prpama-	v-prpama-	
7391	ἔχω	v3spia---	ἔχω	ἔχω	v3spia---	v3spia---	
7392	.	u--------	.	.	u--------	u--------	
7393	εἶεν	i--------	εἰμί	εἶεν	v3ppoa---	i--------	DISAGREE
7394	,	u--------	,	,	u--------	u--------	
7395	φημί	v3siia---	φημί	φημί	v3siia---	v3siia---	
7396	,	u--------	,	,	u--------	u--------	
7397	ὁ	l-p---fg-	ὁ	ὁ	l-p---fg-	l-p---fg-	
7398	δέ	c--------	δέ	δέ	d--------	c--------	
7399	ῥίς	n-p---fg-	ῥίς	ῥίς	n-p---fg-	n-p---fg-	
7400	πότερος	p-s---fn-	πότερος	πότερος	a-p---na-	p-s---fn-	
7401	καλός	a-s---fnc	καλός	καλός	a-s---fnc	a-s---fnc	
7402	,	u--------	,	,	u--------	u--------	
7403	ὁ	l-s---fn-	ὁ	ὁ	l-s---fn-	l-s---fn-	
7404	σός	a-s---fn-	σός	σός	a-s---fn-	a-s---fn-	
7405	ἤ	c--------	ἤ1	ἤ	c--------	c--------	
7406	ὁ	l-s---fn-	ὁ	ὁ	l-s---fn-	l-s---fn-	
7407	ἐμός	a-s---fn-	ἐμός	ἐμός	a-s---fn-	a-s---fn-	
7408	;	u--------		;		u--------	glaux_only
7409	ἐγώ	p-s---cn-	ἐγώ	ἐγώ	p1s---cn-	p-s---cn-	
7410	μέν	g--------	μέν	μέν	d--------	g--------	
7411	,	u--------	,	,	u--------	u--------	
7412	φημί	v3siia---	φημί	φημί	v3siia---	v3siia---	
7413	,	u--------	,	,	u--------	u--------	
7414	οἴομαι	v1spim---	οἴομαι	οἴομαι	v1spie---	v1spim---	
7415	ὁ	l-s---fa-	ὁ	ὁ	l-s---fa-	l-s---fa-	
7416	ἐμός	a-s---fa-	ἐμός	ἐμός	a-s---fa-	a-s---fa-	
7417	,	u--------	,	,	u--------	u--------	
7418	εἴπερ	c--------	εἴπερ	εἴπερ	c--------	c--------	
7419	γε	g--------	γε	γε	d--------	g--------	
7420	ὁ	l-s---ng-	ὁ	ὁ	l-s---ng-	l-s---ng-	
7421	ὀσφραίνομαι	v--pnm---	ὀσφραίνομαι	ὀσφραίνομαι	v--pne---	v--pnm---	
7422	ἕνεκα	r--------	ἕνεκα	ἕνεκα	r--------	r--------	
7423	ποιέω	v3paia---	ποιέω	ποιέω	v3paia---	v3paia---	
7424	ἐγώ	p-p---cd-	ἐγώ	ἐγώ	p1p---md-	p-p---cd-	
7425	ῥίς	n-p---fa-	ῥίς	ῥίς	n-p---fa-	n-p---fa-	
7426	ὁ	l-p---mn-	ὁ	ὁ	l-p---mn-	l-p---mn-	
7427	θεός	n-p---mn-	θεός	θεός	n-p---mn-	n-p---mn-	
7428	.	u--------	.	.	u--------	u--------	
7429	ὁ	l-p---mn-	ὁ	ὁ	l-p---mn-	l-p---mn-	
7430	μέν	g--------	μέν	μέν	d--------	g--------	
7431	γάρ	g--------	γάρ	γάρ	d--------	g--------	
7432	σύ	p-s---cd-	σύ	σύ	a-p---mn-	p-s---cd-	
7433	μυκτήρ	n-p---mn-	μυκτῆρς	μυκτήρ	n-p---mn-	n-p---mn-	DISAGREE
7434	εἰς	r--------	εἰς	εἰς	r--------	r--------	
7435	γῆ	n-s---fa-	γῆ	γῆ	n-s---fa-	n-s---fa-	
7436	ὁράω	v3ppia---	ὁράω	ὁράω	v3ppia---	v3ppia---	
7437	,	u--------	,	,	u--------	u--------	
7438	ὁ	l-p---mn-	ὁ	ὁ	l-p---mn-	l-p---mn-	
7439	δέ	c--------	δέ	δέ	d--------	c--------	
7440	ἐγώ	p-s---cd-	ἐγώ	ἐγώ	p1s---cd-	p-s---cd-	
7441	ἀναπετάννυμι	v3prim---	ἀναπέτομαι	ἀναπετάννυμι	v3prie---	v3prim---	DISAGREE
7442	,	u--------	,	,	u--------	u--------	
7443	ὥστε	c--------	ὥστε	ὥστε	c--------	c--------	
7444	ὁ	l-p---fa-	ὁ	ὁ	l-p---fa-	l-p---fa-	
7445	πάντοθεν	d--------	πάντοθεν	πάντοθεν	d--------	d--------	
7446	ὀσμή	n-p---fa-	ὀσμή	ὀσμή	n-p---fa-	n-p---fa-	
7447	προσδέχομαι	v--pnm---	προσδέχομαι	προσδέχομαι	v--pne---	v--pnm---	
7448	.	u--------	.	.	u--------	u--------	
7449	ὁ	l-s---nn-	ὁ	ὁ	l-s---nn-	l-s---nn-	
7450	δέ	c--------	δέ	δέ	d--------	c--------	
7451	δή	g--------	δή	δή	d--------	g--------	
7452	σιμός	a-s---nn-	σιμός	σιμός	a-s---nn-	a-s---nn-	
7453	ὁ	l-s---fg-	ὁ	ὁ	l-s---fg-	l-s---fg-	
7454	ῥίς	n-s---fg-	ῥίς	ῥίς	n-s---fg-	n-s---fg-	
7455	πῶς	d--------	πῶς	πῶς	d--------	d--------	
7456	ὁ	l-s---ng-	ὁ	ὁ	l-s---ng-	l-s---ng-	
7457	ὀρθός	a-s---ng-	ὀρθός	ὀρθός	a-s---ng-	a-s---ng-	
7458	καλός	a-s---nnc	καλός	καλός	a-s---nnc	a-s---nnc	
7459	;	u--------		;		u--------	glaux_only
7460	ὅτι	c--------	ὅτι	ὅτι	d--------	c--------	
7461	,	u--------	,	,	u--------	u--------	
7462	φημί	v3siia---	φημί	φημί	v3siia---	v3siia---	
7463	,	u--------	,	,	u--------	u--------	
7464	οὐ	d--------	οὐ	οὐ	d--------	d--------	
7465	ἀντιφράσσω	v3spia---	ἀντιφράσσω	ἀντιφράσσω	v3spia---	v3spia---	
7466	,	u--------	,	,	u--------	u--------	
7467	ἀλλά	c--------	ἀλλά	ἀλλά	c--------	c--------	
7468	ἐάω	v3spia---	ἐάω	ἐάω	v3spia---	v3spia---	
7469	εὐθύς	d--------	εὐθύς2	εὐθύς	d--------	d--------	
7470	ὁ	l-p---fa-	ὁ	ὁ	l-p---fa-	l-p---fa-	
7471	ὄψις	n-p---fa-	ὄψις	ὄψις	n-p---fa-	n-p---fa-	
7472	ὁράω	v--pna---	ὁράω	ὁράω	v--pna---	v--pna---	
7473	ὅς	p-p---na-	ὅς	ὅς	p-p---na-	p-p---na-	
7474	ἄν	g--------	ἄν	ἄν	d--------	g--------	
7475	βούλομαι	v3ppsm---	βούλομαι	βούλομαι	v3ppse---	v3ppsm---	
7476	·	u--------	·	·	u--------	u--------	
7477	ὁ	l-s---fn-	ὁ	ὁ	l-s---fn-	l-s---fn-	
7478	δέ	c--------	δέ	δέ	d--------	c--------	
7479	ὑψηλός	a-s---fn-	ὑψηλός	ὑψηλός	a-s---fn-	a-s---fn-	
7480	ῥίς	n-s---fn-	ῥίς	ῥίς	n-s---fn-	n-s---fn-	
7481	ὥσπερ	c--------	ὥσπερ	ὥσπερ	c--------	c--------	
7482	ἐπηρεάζω	v-sppafn-	ἐπηρεάζω	ἐπηρεάζω	v-sppafn-	v-sppafn-	
7483	διατειχίζω	v3sria---	διατειχίζω	διατειχίζω	v3sria---	v3sria---	
7484	ὁ	l-p---na-	ὁ	ὁ	l-p---na-	l-p---na-	
7485	ὄμμα	n-p---na-	ὄμμα	ὄμμα	n-p---na-	n-p---na-	
7486	.	u--------	.	.	u--------	u--------	
7487	ὁ	l-s---ng-	ὁ	ὁ	l-s---ng-	l-s---ng-	
7488	γε	g--------	γε	γε	d--------	g--------	
7489	μήν	g--------	μήν	μήν	d--------	g--------	
7490	στόμα	n-s---ng-	στόμα	στόμα	n-s---ng-	n-s---ng-	
7491	,	u--------	,	,	u--------	u--------	
7492	φημί	v3siia---	φημί	φημί	v3siia---	v3siia---	
7493	ὁ	l-s---mn-	ὁ	ὁ	l-s---mn-	l-s---mn-	
7494	Κριτόβουλος	n-s---mn-	κριτόβουλος	Κριτόβουλος	n-s---mn-	n-s---mn-	
7495	,	u--------	,	,	u--------	u--------	
7496	ὑφίημι	v1spim---	ὑφίημι	ὑφίημι	v1spie---	v1spim---	
7497	.	u--------	.	.	u--------	u--------	
7498	εἰ	c--------	εἰ	εἰ	c--------	c--------	
7499	γάρ	g--------	γάρ	γάρ	d--------	g--------	
7500	ὁ	l-s---ng-	ὁ	ὁ	l-s---ng-	l-s---ng-	
7501	ἀποδάκνω	v--pna---	ἀποδάκνω	ἀποδάκνω	v--pna---	v--pna---	
7502	ἕνεκα	r--------	ἕνεκα	ἕνεκα	r--------	r--------	
7503	ποιέω	v3srim---	ποιέω	ποιέω	v3srie---	v3srim---	
7504	,	u--------	,	,	u--------	u--------	
7505	πολύς	a-s---na-	πολύς	πολύς	a-s---na-	a-s---na-	
7506	ἄν	g--------	ἄν	ἄν	d--------	g--------	
7507	σύ	p-s---cn-	σύ	σύ	p-s---mn-	p-s---cn-	
7508	μέγας	a-s---nac	μέγας	μέγας	a-s---nac	a-s---nac	
7509	ἤ	c--------	ἤ1	ἤ	c--------	c--------	
7510	ἐγώ	p-s---cn-	ἐγώ	ἐγώ	p1s---mn-	p-s---cn-	
7511	ἀποδάκνω	v2saoa---	ἀποπνίγω	ἀποδάκνω	v2saoa---	v2saoa---	DISAGREE
7512	.	u--------	.	.	u--------	u--------	
7513	διά	r--------	διά	διά	r--------	r--------	
7514	δέ	c--------	δέ	δέ	d--------	c--------	
7515	ὁ	l-s---na-	ὁ	ὁ	l-s---na-	l-s---na-	
7516	παχύς	a-p---na-	παχύς	παχύς	a-p---na-	a-p---na-	
7517	ἔχω	v--pna---	ἔχω	ἔχω	v--pna---	v--pna---	
7518	ὁ	l-p---na-	ὁ	ὁ	l-p---na-	l-p---na-	
7519	χεῖλος	n-p---na-	χεῖλος	χεῖλος	n-p---na-	n-p---na-	
7520	οὐ	d--------	οὐ	οὐ	d--------	d--------	
7521	οἴομαι	v2spim---	οἴομαι	οἴομαι	v2spie---	v2spim---	
7522	καί	c--------	καί	καί	d--------	c--------	
7523	μαλακός	a-s---nac	μαλακός	μαλακός	a-s---nac	a-s---nac	
7524	σύ	p-s---cg-	σύ	σύ	p2s---cg-	p-s---cg-	
7525	ἔχω	v--pna---	ἔχω	ἔχω	v--pna---	v--pna---	
7526	ὁ	l-s---na-	ὁ	ὁ	l-s---na-	l-s---na-	
7527	φίλημα	n-s---na-	φίλημα	φίλημα	n-s---na-	n-s---na-	
7528	;	u--------	;	;	u--------	u--------	
7529	ἔοικα	v1sria---	ἔοικα	ἔοικα	v1sria---	v1sria---	
7530	,	u--------	,	,	u--------	u--------	
7531	φημί	v3siia---	φημί	φημί	v3siia---	v3siia---	
7532	,	u--------	,	,	u--------	u--------	
7533	ἐγώ	p-s---cn-	ἐγώ	ἐγώ	p1s---mn-	p-s---cn-	
7534	κατά	r--------	κατά	κατά	r--------	r--------	
7535	ὁ	l-s---ma-	ὁ	ὁ	l-s---ma-	l-s---ma-	
7536	σός	a-s---ma-	σός	σός	a-s---ma-	a-s---ma-	
7537	λόγος	n-s---ma-	λόγος	λόγος	n-s---ma-	n-s---ma-	
7538	καί	c--------	καί	καί	d--------	c--------	
7539	ὁ	l-p---mg-	ὁ	ὁ	l-p---mg-	l-p---mg-	
7540	ὄνος	n-p---mg-	ὄνος	ὄνος	n-p---mg-	n-p---mg-	
7541	αἰσχρός	a-s---nac	αἰσχρός	αἰσχρός	a-s---nac	a-s---nac	
7542	ὁ	l-s---na-	ὁ	ὁ	l-s---na-	l-s---na-	
7543	στόμα	n-s---na-	στόμα	στόμα	n-s---na-	n-s---na-	
7544	ἔχω	v--pna---	ἔχω	ἔχω	v--pna---	v--pna---	
7545	.	u--------	.	.	u--------	u--------	
7546	ἐκεῖνος	p-s---na-	ἐκεῖνος	ἐκεῖνος	p-s---nn-	p-s---na-	
7547	δέ	c--------	δέ	δέ	d--------	c--------	
7548	οὐδείς	p-s---na-	οὐδείς	οὐδείς	a-s---nn-	p-s---na-	
7549	τεκμήριον	n-s---na-	τεκμήριον	τεκμήριον	n-s---nn-	n-s---na-	
7550	λογίζομαι	v2spim---	λογίζω	λογίζομαι	v2spie---	v2spim---	DISAGREE
7551	,	u--------	,	,	u--------	u--------	
7552	ὡς	c--------	ὡς	ὡς	c--------	c--------	
7553	ἐγώ	p-s---cn-	ἐγώ	ἐγώ	p1s---mn-	p-s---cn-	
7554	σύ	p-s---cg-	σύ	σύ	p-s---mg-	p-s---cg-	
7555	καλός	a-s---mnc	καλός	καλός	a-s---mnc	a-s---mnc	
7556	εἰμί	v1spia---	εἰμί	εἰμί	v1spia---	v1spia---	
7557	,	u--------	,	,	u--------	u--------	
7558	ὅτι	c--------	ὅτι	ὅτι	c--------	c--------	
7559	καί	c--------	καί	καί	d--------	c--------	
7560	Ναίς	n-p---fn-	ναΐς	Ναίς	n-p---fn-	n-p---fn-	
7561	θεός	n-p---mn-	θεός	θεός	n-p---mn-	n-p---mn-	
7562	εἰμί	v-pppafn-	εἰμί	εἰμί	v-pppafn-	v-pppafn-	
7563	ὁ	l-p---ma-	ὁ	ὁ	l-p---ma-	l-p---ma-	
7564	Σειληνός	n-p---ma-	σειληνός	Σειληνός	n-p---ma-	n-p---ma-	
7565	ἐγώ	p-s---cd-	ἐγώ	ἐγώ	p-s---md-	p-s---cd-	
7566	ὅμοιος	a-p---mac	ὅμοιος	ὅμοιος	a-p---ma-	a-p---mac	
7567	τίκτω	v3ppia---	τίκτω	τίκτω	v3ppia---	v3ppia---	
7568	ἤ	c--------	ἤ1	ἤ	c--------	c--------	
7569	σύ	p-s---cd-	σύ	σύ	p-s---md-	p-s---cd-	
7570	;	u--------		;		u--------	glaux_only
7571	καί	c--------	καί	καί	c--------	c--------	
7572	ὁ	l-s---mn-	ὁ	ὁ	l-s---mn-	l-s---mn-	
7573	Κριτόβουλος	n-s---mn-	κριτόβουλος	Κριτόβουλος	n-s---mn-	n-s---mn-	
7574	,	u--------	,	,	u--------	u--------	
7575	οὐκέτι	d--------	οὐκέτι	οὐκέτι	d--------	d--------	
7576	,	u--------	,	,	u--------	u--------	
7577	φημί	v3siia---	φημί	φημί	v3siia---	v3siia---	
7578	,	u--------	,	,	u--------	u--------	
7579	ἔχω	v1spia---	ἔχω	ἔχω	v1spia---	v1spia---	
7580	πρός	r--------	πρός	πρός	r--------	r--------	
7581	σύ	p-s---ca-	σύ	σύ	p2s---ca-	p-s---ca-	
7582	ἀντιλέγω	v--pna---	ἀντιλέγω	ἀντιλέγω	v--pna---	v--pna---	
7583	,	u--------	,	,	u--------	u--------	
7584	ἀλλά	c--------	ἀλλά	ἀλλά	c--------	c--------	
7585	διαφέρω	v3ppma---	διαφέρω	διαφέρω	v-pppamg-	v3ppma---	
7586	,	u--------	,	,	u--------	u--------	
7587	φημί	v3siia---	φημί	φημί	v3siia---	v3siia---	
7588	,	u--------	,	,	u--------	u--------	
7589	ὁ	l-p---fa-	ὁ	ὁ	l-p---fa-	l-p---fa-	
7590	ψῆφος	n-p---fa-	ψῆφος	ψῆφος	n-p---fa-	n-p---fa-	
7591	,	u--------	,	,	u--------	u--------	
7592	ἵνα	c--------	ἵνα	ἵνα	c--------	c--------	
7593	ὡς	c--------	ὡς	ὡς	d--------	c--------	
7594	ταχύς	a-p---nas	ταχύς	ταχύς	a-p---nas	a-p---nas	
7595	οἶδα	v1srsa---	οἶδα	οἶδα	v1srsa---	v1srsa---	
7596	ὅς	p-s---na-	ὅς	ὅς	p-s---na-	p-s---na-	
7597	τις	p-s---na-	τις	τις	p-s---na-	p-s---na-	
7598	ἐγώ	p-s---ca-	ἐγώ	ἐγώ	p1s---ca-	p-s---ca-	
7599	χρή	v3spia---	χρή	χρή	v3spia---	v3spia---	
7600	πάσχω	v--ana---	πάσχω	πάσχω	v--ana---	v--ana---	
7601	ἤ	c--------	ἤ1	ἤ	c--------	c--------	
7602	ἀποτίνω	v--ana---	ἀποτίνω	ἀποτίνω	v--ana---	v--ana---	
7603	.	u--------	.	.	u--------	u--------	
7604	μόνος	d--------	μόνος	μόνος	a-s---na-	d--------	
7605	,	u--------	,	,	u--------	u--------	
7606	φημί	v3siia---	φημί	φημί	v3siia---	v3siia---	
7607	,	u--------	,	,	u--------	u--------	
7608	κρυφῇ	d--------	κρυφῇ	κρυφῇ	d--------	d--------	
7609	φέρω	v3ppma---	φέρω	φέρω	v-pppamg-	v3ppma---	
7610	·	u--------	·	·	u--------	u--------	
7611	δείδω	v1sria---	δείδω	δείδω	v1sria---	v1sria---	
7612	γάρ	g--------	γάρ	γάρ	d--------	g--------	
7613	ὁ	l-s---ma-	ὁ	ὁ	l-s---ma-	l-s---ma-	
7614	σός	a-s---ma-	σός	σός	a-s---ma-	a-s---ma-	
7615	καί	c--------	καί	καί	c--------	c--------	
7616	Ἀντισθένης	n-s---mg-	ἀντισθένης	Ἀντισθένης	n-s---mg-	n-s---mg-	
7617	πλοῦτος	n-s---ma-	πλοῦτος1	πλοῦτος	n-s---ma-	n-s---ma-	
7618	μή	d--------	μή	μή	c--------	d--------	
7619	ἐγώ	p-s---ca-	ἐγώ	ἐγώ	p-s---ma-	p-s---ca-	
7620	καταδυναστεύω	v3sasa---	καταδυναστεύω	καταδυναστεύω	v3sasa---	v3sasa---	
7621	.	u--------	.	.	u--------	u--------	
7622	ὁ	l-s---fn-	ὁ	ὁ	l-s---fn-	l-s---fn-	
7623	μέν	g--------	μέν	μέν	d--------	g--------	
7624	δή	g--------	δή	δή	d--------	g--------	
7625	παῖς	n-s---cn-	παῖς	παῖς	n-s---fn-	n-s---cn-	
7626	καί	c--------	καί	καί	c--------	c--------	
7627	ὁ	l-s---mn-	ὁ	ὁ	l-s---mn-	l-s---mn-	
7628	παῖς	n-s---cn-	παῖς	παῖς	n-s---mn-	n-s---cn-	
7629	κρύφα	d--------	κρύφα	κρύφα	d--------	d--------	
7630	ἀναφέρω	v3piia---	ἀναφέρω	ἀναφέρω	v3piia---	v3piia---	
7631	.	u--------	.	.	u--------	u--------	
7632	ὁ	l-s---mn-	ὁ	ὁ	l-s---mn-	l-s---mn-	
7633	δέ	c--------	δέ	δέ	d--------	c--------	
7634	Σωκράτης	n-s---mn-	σωκράτης	Σωκράτης	n-s---mn-	n-s---mn-	
7635	ἐν	r--------	ἐν	ἐν	r--------	r--------	
7636	οὗτος	p-s---nd-	οὗτος	οὗτος	p-s---nd-	p-s---nd-	
7637	διαπράσσω	v3siia---	διαπράσσω	διαπράσσω	v3siia---	v3siia---	
7638	ὁ	l-s---ma-	ὁ	ὁ	l-s---ma-	l-s---ma-	
7639	τε	c--------	τε	τε	d--------	c--------	
7640	λύχνος	n-s---ma-	λύχνος	λύχνος	n-s---ma-	n-s---ma-	
7641	ἀντιπροσφέρω	v--ana---	ἀντιπροσφέρω	ἀντιπροσφέρω	v--ana---	v--ana---	
7642	ὁ	l-s---md-	ὁ	ὁ	l-s---md-	l-s---md-	
7643	Κριτόβουλος	n-s---md-	κριτόβουλος	Κριτόβουλος	n-s---md-	n-s---md-	
7644	,	u--------	,	,	u--------	u--------	
7645	ὡς	c--------	ὡς	ὡς	c--------	c--------	
7646	μή	d--------	μή	μή	d--------	d--------	
7647	ἐξαπατάω	v3paop---	ἐξαπατάω	ἐξαπατάω	v3paop---	v3paop---	
7648	ὁ	l-p---mn-	ὁ	ὁ	l-p---mn-	l-p---mn-	
7649	κριτής	n-p---mn-	κριτής	κριτής	n-p---mn-	n-p---mn-	
7650	,	u--------	,	,	u--------	u--------	
7651	καί	c--------	καί	καί	c--------	c--------	
7652	ὁ	l-s---md-	ὁ	ὁ	l-s---md-	l-s---md-	
7653	νικάω	v-sapamd-	νικάω	νικάω	v-sapamd-	v-sapamd-	
7654	μή	d--------	μή	μή	d--------	d--------	
7655	ταινία	n-p---fa-	ταινία	ταινία	n-p---fa-	n-p---fa-	
7656	ἀλλά	c--------	ἀλλά	ἀλλά	c--------	c--------	
7657	φίλημα	n-p---na-	φίλημα	φίλημα	n-p---na-	n-p---na-	
7658	ἀνάδημα	n-p---na-	ἀνάδημα	ἀνάδημα	n-p---na-	n-p---na-	
7659	παρά	r--------	παρά	παρά	r--------	r--------	
7660	ὁ	l-p---mg-	ὁ	ὁ	l-p---mg-	l-p---mg-	
7661	κριτής	n-p---mg-	κριτής	κριτής	n-p---mg-	n-p---mg-	
7662	γίγνομαι	v--anm---	γίγνομαι	γίγνομαι	v--anm---	v--anm---	
7663	.	u--------	.	.	u--------	u--------	
7664	ἐπεί	c--------	ἐπεί	ἐπεί	c--------	c--------	
7665	δέ	c--------	δέ	δέ	d--------	c--------	
7666	ἐκπίπτω	v3paia---	ἐκπίτνω	ἐκπίπτω	v3paia---	v3paia---	DISAGREE
7667	ὁ	l-p---fn-	ὁ	ὁ	l-p---fn-	l-p---fn-	
7668	ψῆφος	n-p---fn-	ψῆφος	ψῆφος	n-p---fn-	n-p---fn-	
7669	καί	c--------	καί	καί	c--------	c--------	
7670	γίγνομαι	v3paim---	γίγνομαι	γίγνομαι	v3paim---	v3paim---	
7671	πᾶς	p-p---fn-	πᾶς	πᾶς	a-p---fn-	p-p---fn-	
7672	σύν	r--------	σύν	σύν	r--------	r--------	
7673	Κριτόβουλος	n-s---md-	κριτόβουλος	Κριτόβουλος	n-s---md-	n-s---md-	
7674	,	u--------	,	,	u--------	u--------	
7675	παπαῖ	i--------	παπαῖ	παπαῖ	i--------	i--------	
7676	,	u--------	,	,	u--------	u--------	
7677	φημί	v3siia---	φημί	φημί	v3siia---	v3siia---	
7678	ὁ	l-s---mn-	ὁ	ὁ	l-s---mn-	l-s---mn-	
7679	Σωκράτης	n-s---mn-	σωκράτης	Σωκράτης	n-s---mn-	n-s---mn-	
7680	,	u--------	,	,	u--------	u--------	
7681	οὐ	d--------	οὐ	οὐ	d--------	d--------	
7682	ὅμοιος	a-s---nn-	ὅμοιος	ὅμοιος	a-s---nn-	a-s---nn-	
7683	ἔοικα	v3sria---	ἔοικα	ἔοικα	v3sria---	v3sria---	
7684	ὁ	l-s---nn-	ὁ	ὁ	l-s---nn-	l-s---nn-	
7685	σός	a-s---nn-	σός	σός	a-s---nn-	a-s---nn-	
7686	ἀργύριον	n-s---nn-	ἀργύριον	ἀργύριον	n-s---nn-	n-s---nn-	
7687	,	u--------	,	,	u--------	u--------	
7688	ὦ	i--------	ὦ	ὦ	i--------	i--------	
7689	Κριτόβουλος	n-s---mv-	κριτόβουλος	Κριτόβουλος	n-s---mv-	n-s---mv-	
7690	,	u--------	,	,	u--------	u--------	
7691	ὁ	l-s---nd-	ὁ	ὁ	l-s---nd-	l-s---nd-	
7692	Καλλίας	n-s---mg-	καλλίας	Καλλίας	n-s---mg-	n-s---mg-	
7693	εἰμί	v--pna---	εἰμί	εἰμί	v--pna---	v--pna---	
7694	.	u--------	.	.	u--------	u--------	
7695	ὁ	l-s---nn-	ὁ	ὁ	l-s---nn-	l-s---nn-	
7696	μέν	g--------	μέν	μέν	d--------	g--------	
7697	γάρ	g--------	γάρ	γάρ	d--------	g--------	
7698	οὗτος	p-s---ng-	οὗτος	οὗτος	p-s---ng-	p-s---ng-	
7699	δίκαιος	a-p---mac	δίκαιος	δίκαιος	a-p---mac	a-p---mac	
7700	ποιέω	v3spia---	ποιέω	ποιέω	v3spia---	v3spia---	
7701	,	u--------	,	,	u--------	u--------	
7702	ὁ	l-s---nn-	ὁ	ὁ	l-s---nn-	l-s---nn-	
7703	δέ	c--------	δέ	δέ	c--------	c--------	
7704	σός	a-s---na-	σός	σός	a-s---nn-	a-s---na-	
7705	ὥσπερ	c--------	ὥσπερ	ὥσπερ	c--------	c--------	
7706	ὁ	l-s---na-	ὁ	ὁ	l-s---nn-	l-s---na-	
7707	πολύς	a-s---nas	πλεῖστος	πολύς	a-s---nas	a-s---nas	DISAGREE
7708	διαφθείρω	v--pna---	διαφθείρω	διαφθείρω	v--pna---	v--pna---	
7709	ἱκανός	a-s---nn-	ἱκανός	ἱκανός	a-s---nn-	a-s---nn-	
7710	εἰμί	v3spia---	εἰμί	εἰμί	v3spia---	v3spia---	
7711	καί	c--------	καί	καί	d--------	c--------	
7712	δικαστής	n-p---ma-	δικαστής	δικαστής	n-p---ma-	n-p---ma-	
7713	καί	c--------	καί	καί	c--------	c--------	
7714	κριτής	n-p---ma-	κριτής	κριτής	n-p---ma-	n-p---ma-	
7715	.	u--------	.	.	u--------	u--------	
7716	ἐκ	r--------	ἐκ	ἐκ	r--------	r--------	
7717	δέ	c--------	δέ	δέ	d--------	c--------	
7718	οὗτος	p-s---ng-	οὗτος	οὗτος	p-s---ng-	p-s---ng-	
7719	ὁ	l-p---mn-	ὁ	ὁ	l-p---mn-	l-p---mn-	
7720	μέν	g--------	μέν	μέν	d--------	g--------	
7721	ὁ	l-p---na-	ὁ	ὁ	l-p---na-	l-p---na-	
7722	νικητήριος	a-p---na-	νικητήριος	νικητήριος	a-p---na-	a-p---na-	
7723	φίλημα	n-p---na-	φίλημα	φίλημα	n-p---na-	n-p---na-	
7724	ἀπολαμβάνω	v--pna---	ἀπολαμβάνω	ἀπολαμβάνω	v--pna---	v--pna---	
7725	ὁ	l-s---ma-	ὁ	ὁ	l-s---ma-	l-s---ma-	
7726	Κριτόβουλος	n-s---ma-	κριτόβουλος	Κριτόβουλος	n-s---ma-	n-s---ma-	
7727	κελεύω	v3piia---	κελεύω	κελεύω	v3piia---	v3piia---	
7728	,	u--------	,	,	u--------	u--------	
7729	ὁ	l-p---mn-	ὁ	ὁ	l-p---mn-	l-p---mn-	
7730	δέ	c--------	δέ	δέ	d--------	c--------	
7731	ὁ	l-s---ma-	ὁ	ὁ	l-s---ma-	l-s---ma-	
7732	κύριος	n-s---ma-	κύριος	κύριος	n-s---ma-	n-s---ma-	
7733	πείθω	v--pna---	πείθω	πείθω	v--pna---	v--pna---	
7734	,	u--------	,	,	u--------	u--------	
7735	ὁ	l-p---mn-	ὁ	ὁ	l-p---mn-	l-p---mn-	
7736	δέ	c--------	δέ	δέ	c--------	c--------	
7737	καί	c--------	καί	καί	d--------	c--------	
7738	ἄλλος	p-p---na-	ἄλλος	ἄλλος	p-p---na-	p-p---na-	
7739	σκώπτω	v3piia---	σκώπτω	σκώπτω	v3piia---	v3piia---	
7740	.	u--------	.	.	u--------	u--------	
7741	ὁ	l-s---mn-	ὁ	ὁ	l-s---mn-	l-s---mn-	
7742	δέ	c--------	δέ	δέ	d--------	c--------	
7743	Ἑρμογένης	n-s---mn-	ἑρμογένης	Ἑρμογένης	n-s---mn-	n-s---mn-	
7744	καί	d--------	καί		d--------		oga_only
7745	ἐνταῦθα	d--------	ἐνταῦθα		d--------		oga_only
7746	σιωπάω	v3siia---	σιωπάω	σιωπάω	v3siia---	v3siia---	
7747	.	u--------	.	.	u--------	u--------	
7748	καί	c--------	καί	καί	c--------	c--------	
7749	ὁ	l-s---mn-	ὁ	ὁ	l-s---mn-	l-s---mn-	
7750	Σωκράτης	n-s---mn-	σωκράτης	Σωκράτης	n-s---mn-	n-s---mn-	
7751	ὀνομάζω	v-sapamn-	ὀνομάζω	ὀνομάζω	v-sapamn-	v-sapamn-	
7752	αὐτός	p-s---ma-	αὐτός	αὐτός	p-s---ma-	p-s---ma-	
7753	,	u--------	,	,	u--------	u--------	
7754	ἔχω	v2spoa---	ἔχω	ἔχω	v2spoa---	v2spoa---	
7755	ἄν	g--------	ἄν	ἄν	d--------	g--------	
7756	,	u--------	,	,	u--------	u--------	
7757	φημί	v3siia---	φημί	φημί	v3siia---	v3siia---	
7758	,	u--------	,	,	u--------	u--------	
7759	ὦ	i--------	ὦ	ὦ	i--------	i--------	
7760	Ἑρμογένης	n-s---mv-	ἑρμογένης	Ἑρμογένης	n-s---mv-	n-s---mv-	
7761	,	u--------	,	,	u--------	u--------	
7762	λέγω	v--ana---	εἶπον	λέγω	v--ana---	v--ana---	DISAGREE
7763	ἐγώ	p-p---cd-	ἐγώ	ἐγώ	p1p---cd-	p-p---cd-	
7764	τίς	p-s---nn-	τίς	τίς	p-s---nn-	p-s---nn-	
7765	εἰμί	v3spia---	εἰμί	εἰμί	v3spia---	v3spia---	
7766	παροινία	n-s---fn-	παροινία	παροινία	n-s---fn-	n-s---fn-	
7767	;	u--------	;	;	u--------	u--------	
7768	καί	c--------	καί	καί	d--------	c--------	
7769	ὅς	p-s---mn-	ὅς	ὅς	p-s---mn-	p-s---mn-	
7770	ἀποκρίνω	v3saim---	ἀποκρίνω	ἀποκρίνω	v3saim---	v3saim---	
7771	·	u--------	·	·	u--------	u--------	
7772	εἰ	c--------	εἰ	εἰ	c--------	c--------	
7773	μέν	g--------	μέν	μέν	d--------	g--------	
7774	ὅς	p-s---nn-	ὅς	ὅς	p-s---nn-	p-s---nn-	
7775	τις	p-s---nn-	τις	τις	a-s---nn-	p-s---nn-	
7776	εἰμί	v3spia---	εἰμί	εἰμί	v3spia---	v3spia---	
7777	ἐρωτάω	v2spia---	ἐρωτάω	ἐρωτάω	v2spsa---	v2spia---	
7778	,	u--------	,	,	u--------	u--------	
7779	οὐ	d--------	οὐ	οὐ	d--------	d--------	
7780	οἶδα	v1sria---	οἶδα	οἶδα	v1sria---	v1sria---	
7781	·	u--------	·	·	u--------	u--------	
7782	ὁ	l-s---na-	ὁ	ὁ	p-s---na-	l-s---na-	
7783	μέντοι	g--------	μέντοι	μέντοι	d--------	g--------	
7784	ἐγώ	p-s---cd-	ἐγώ	ἐγώ	p1s---cd-	p-s---cd-	
7785	δοκέω	v-sppana-	δοκέω	δοκέω	v-sppana-	v-sppana-	
7786	λέγω	v1saoa---	εἶπον	λέγω	v1saoa---	v1saoa---	DISAGREE
7787	ἄν	g--------	ἄν	ἄν	d--------	g--------	
7788	.	u--------	.	.	u--------	u--------	
7789	ἀλλά	c--------	ἀλλά	ἀλλά	c--------	c--------	
7790	,	u--------	,	,	u--------	u--------	
7791	ὅς	p-s---nn-	ὅς	ὅς	p-s---nn-	p-s---nn-	
7792	δοκέω	v3spia---	δοκέω	δοκέω	v3spia---	v3spia---	
7793	,	u--------	,	,	u--------	u--------	
7794	οὗτος	p-s---nn-	οὗτος	οὗτος	p-s---nn-	p-s---nn-	
7795	,	u--------	,	,	u--------	u--------	
7796	φημί	v3siia---	φημί	φημί	v3siia---	v3siia---	
7797	.	u--------	.	.	u--------	u--------	
7798	ὁ	l-s---nn-	ὁ	ὁ	l-s---na-	l-s---nn-	
7799	τοίνυν	g--------	τοίνυν	τοίνυν	d--------	g--------	
7800	παρά	r--------	παρά	παρά	r--------	r--------	
7801	οἶνος	n-s---ma-	οἶνος	οἶνος	n-s---ma-	n-s---ma-	
7802	λυπέω	v--pna---	λυπέω	λυπέω	v--pna---	v--pna---	
7803	ὁ	l-p---ma-	ὁ	ὁ	l-p---ma-	l-p---ma-	
7804	σύνειμι	v-pppama-	σύνειμι	σύνειμι	v-pppama-	v-pppama-	
7805	,	u--------	,	,	u--------	u--------	
7806	οὗτος	p-s---na-	οὗτος	οὗτος	p-s---na-	p-s---na-	
7807	ἐγώ	p-s---cn-	ἐγώ	ἐγώ	p1s---mn-	p-s---cn-	
7808	κρίνω	v1spia---	κρίνω	κρίνω	v1sfia---	v1spia---	
7809	παροινία	n-s---fa-	παροινία	παροινία	n-s---fa-	n-s---fa-	
7810	.	u--------	.	.	u--------	u--------	
7811	οἶδα	v2sria---	οἶδα	οἶδα	v2sria---	v2sria---	
7812	οὖν	g--------	οὖν	οὖν	d--------	g--------	
7813	,	u--------	,	,	u--------	u--------	
7814	φημί	v3siia---	φημί	φημί	v3siia---	v3siia---	
7815	,	u--------	,	,	u--------	u--------	
7816	ὅτι	c--------	ὅτι	ὅτι	c--------	c--------	
7817	καί	c--------	καί	καί	d--------	c--------	
7818	σύ	p-s---cn-	σύ	σύ	p-s---mn-	p-s---cn-	
7819	νῦν	d--------	νῦν	νῦν	d--------	d--------	
7820	ἐγώ	p-p---ca-	ἐγώ	ἐγώ	p1p---ma-	p-p---ca-	
7821	λυπέω	v2spia---	λυπέω	λυπέω	v2spia---	v2spia---	
7822	σιωπάω	v-sppamn-	σιωπάω	σιωπάω	v-sppamn-	v-sppamn-	
7823	;	u--------		;		u--------	glaux_only
7824	ἦ	g--------	ἦ	ἦ	d--------	g--------	
7825	καί	c--------	καί	καί	d--------	c--------	
7826	ὅταν	c--------	ὅταν	ὅταν	c--------	c--------	
7827	λέγω	v2ppsa---	λέγω3	λέγω	v2ppsa---	v2ppsa---	
7828	;	u--------		;		u--------	glaux_only
7829	φημί	v3siia---	φημί	φημί	v3siia---	v3siia---	
7830	.	u--------	.	.	u--------	u--------	
7831	οὐ	d--------	οὐ	οὐ	d--------	d--------	
7832	ἀλλά	c--------	ἀλλά	ἀλλά	d--------	c--------	
7833	ὅταν	c--------	ὅταν	ὅταν	c--------	c--------	
7834	διαλείπω	v1pasa---	διαλείπω	διαλείπω	v1pasa---	v1pasa---	
7835	.	u--------	.	.	u--------	u--------	
7836	ἦ	g--------	ἦ	ἦ	d--------	g--------	
7837	οὖν	g--------	οὖν	οὖν	d--------	g--------	
7838	λανθάνω	v3sria---	λανθάνω	λανθάνω	v3sria---	v3sria---	
7839	σύ	p-s---ca-	σύ	σύ	p-s---ma-	p-s---ca-	
7840	ὅτι	c--------	ὅτι	ὅτι	c--------	c--------	
7841	μεταξύ	r--------	μεταξύ	μεταξύ	r--------	r--------	
7842	ὁ	l-s---ng-	ὁ	ὁ	l-s---ng-	l-s---ng-	
7843	σύ	p-p---ca-	σύ	σύ	p-p---ma-	p-p---ca-	
7844	λέγω	v--pna---	λέγω3	λέγω	v--pna---	v--pna---	
7845							unmatched
7846	ἄν	g--------	ἄν	ἄν	d--------	g--------	
7847	τρίχα	d--------	τρίχα	τρίχα	d--------	d--------	
7848	,	u--------	,	,	u--------	u--------	
7849	μή	d--------	μή	μή	d--------	d--------	
7850	ὅτι	c--------	ὅτι	ὅτι	c--------	c--------	
7851	λόγος	n-s---ma-	λόγος	λόγος	n-s---ma-	n-s---ma-	
7852	ἄν	g--------	ἄν	ἄν	d--------	g--------	
7853	τις	p-s---cn-	τις	τις	p-s---mn-	p-s---cn-	
7854	παρείρω	v3saoa---	παρεείρω	παρείρω	v3saoa---	v3saoa---	DISAGREE
7855	;	u--------	;	;	u--------	u--------	
7856	καί	c--------	καί	καί	d--------	c--------	
7857	ὁ	l-s---mn-	ὁ	ὁ	l-s---mn-	l-s---mn-	
7858	Σωκράτης	n-s---mn-	σωκράτης	Σωκράτης	n-s---mn-	n-s---mn-	
7859	,	u--------	,	,	u--------	u--------	
7860	ὦ	i--------	ὦ	ὦ	i--------	i--------	
7861	Καλλίας	n-s---mv-	καλλίης	Καλλίας	n-s---mv-	n-s---mv-	DISAGREE
7862	,	u--------	,	,	u--------	u--------	
7863	ἔχω	v2spoa---	ἔχω	ἔχω	v2spoa---	v2spoa---	
7864	ἄν	g--------	ἄν	ἄν	d--------	g--------	
7865	τις	p-s---na-	τις	τις	p-s---na-	p-s---na-	
7866	,	u--------	,	,	u--------	u--------	
7867	φημί	v3siia---	φημί	φημί	v3siia---	v3siia---	
7868	,	u--------	,	,	u--------	u--------	
7869	ἀνήρ	n-s---md-	ἀνήρ	ἀνήρ	n-s---md-	n-s---md-	
7870	ἐλέγχω	v-sppmmd-	ἐλέγχω	ἐλέγχω	v-sppemd-	v-sppmmd-	
7871	βοηθέω	v--ana---	βοηθέω	βοηθέω	v--ana---	v--ana---	
7872	;	u--------	;	;	u--------	u--------	
7873	ἐγώ	p-s---cn-	ἐγώ	ἐγώ	p1s---cn-	p-s---cn-	
7874	,	u--------	,	,	u--------	u--------	
7875	φημί	v3siia---	φημί	φημί	v3siia---	v3siia---	
7876	.	u--------	.	.	u--------	u--------	
7877	ὅταν	c--------	ὅταν	ὅταν	c--------	c--------	
7878	γάρ	g--------	γάρ	γάρ	g--------	g--------	
7879	ὁ	l-s---mn-	ὁ	ὁ	l-s---mn-	l-s---mn-	
7880	αὐλός	n-s---mn-	αὐλός	αὐλός	n-s---mn-	n-s---mn-	
7881	φθέγγομαι	v3spsm---	φθέγγομαι	φθέγγομαι	v3spse---	v3spsm---	
7882	,	u--------	,	,	u--------	u--------	
7883	παντάπασι	d--------	παντάπασι	παντάπασι	d--------	d--------	
7884	σιωπάω	v1ppia---	σιωπάω	σιωπάω	v1ppsa---	v1ppia---	
7885	.	u--------	.	.	u--------	u--------	
7886	καί	c--------	καί	καί	d--------	c--------	
7887	ὁ	l-s---mn-	ὁ	ὁ	l-s---mn-	l-s---mn-	
7888	Ἑρμογένης	n-s---mn-	ἑρμογένης	Ἑρμογένης	n-s---mn-	n-s---mn-	
7889	,	u--------	,	,	u--------	u--------	
7890	ἦ	g--------	ἦ	ἦ	d--------	g--------	
7891	οὖν	g--------	οὖν	οὖν	d--------	g--------	
7892	βούλομαι	v2ppim---	βούλομαι	βούλομαι	v2ppie---	v2ppim---	
7893	,	u--------	,	,	u--------	u--------	
7894	φημί	v3siia---	φημί	φημί	v3siia---	v3siia---	
7895	,	u--------	,	,	u--------	u--------	
7896	ὥσπερ	c--------	ὥσπερ	ὥσπερ	c--------	c--------	
7897	Νικόστρατος	n-s---mn-	νικόστρατος	Νικόστρατος	n-s---mn-	n-s---mn-	
7898	ὁ	l-s---mn-	ὁ	ὁ	l-s---mn-	l-s---mn-	
7899	ὑποκριτής	n-s---mn-	ὑποκριτής	ὑποκριτής	n-s---mn-	n-s---mn-	
7900	τετράμετρος	a-p---na-	τετράμετρος	τετράμετρος	a-p---na-	a-p---na-	
7901	πρός	r--------	πρός	πρός	r--------	r--------	
7902	ὁ	l-s---ma-	ὁ	ὁ	l-s---ma-	l-s---ma-	
7903	αὐλός	n-s---ma-	αὐλός	αὐλός	n-s---ma-	n-s---ma-	
7904	καταλέγω	v3siia---	καταλέγω	καταλέγω	v3siia---	v3siia---	
7905	,	u--------	,	,	u--------	u--------	
7906	οὕτως	d--------	οὕτως	οὕτως	d--------	d--------	
7907	καί	c--------	καί	καί	d--------	c--------	
7908	ὑπό	r--------	ὑπό	ὑπό	r--------	r--------	
7909	ὁ	l-s---mg-	ὁ	ὁ	l-s---mg-	l-s---mg-	
7910	αὐλός	n-s---mg-	αὐλός	αὐλός	n-s---mg-	n-s---mg-	
7911	σύ	p-p---cd-	σύ	σύ	p-p---md-	p-p---cd-	
7912	διαλέγω	v1spsm---	διαλέγω	διαλέγω	v1spse---	v1spsm---	
7913	;	u--------	;	;	u--------	u--------	
7914	καί	c--------	καί	καί	c--------	c--------	
7915	ὁ	l-s---mn-	ὁ	ὁ	l-s---mn-	l-s---mn-	
7916	Σωκράτης	n-s---mn-	σωκράτης	Σωκράτης	n-s---mn-	n-s---mn-	
7917	,	u--------	,	,	u--------	u--------	
7918	πρός	r--------	πρός	πρός	r--------	r--------	
7919	ὁ	l-p---mg-	ὁ	ὁ	l-p---mg-	l-p---mg-	
7920	θεός	n-p---mg-	θεός	θεός	n-p---mg-	n-p---mg-	
7921	,	u--------	,	,	u--------	u--------	
7922	φημί	v3siia---	φημί	φημί	v3siia---	v3siia---	
7923	,	u--------	,	,	u--------	u--------	
7924	Ἑρμογένης	n-s---mv-	ἑρμογένης	Ἑρμογένης	n-s---mv-	n-s---mv-	
7925	,	u--------	,	,	u--------	u--------	
7926	οὕτως	d--------	οὕτως	οὕτως	d--------	d--------	
7927	ποιέω	v2spma---	ποιέω	ποιέω	v2spma---	v2spma---	
7928	.	u--------	.	.	u--------	u--------	
7929	οἴομαι	v1spim---	οἴομαι	οἴομαι	v1spie---	v1spim---	
7930	γάρ	g--------	γάρ	γάρ	d--------	g--------	
7931	,	u--------	,	,	u--------	u--------	
7932	ὥσπερ	c--------	ὥσπερ	ὥσπερ	c--------	c--------	
7933	ὁ	l-s---fn-	ὁ	ὁ	l-s---fn-	l-s---fn-	
7934	ἀοιδή	n-s---fn-	ᾠδή	ἀοιδή	n-s---fn-	n-s---fn-	DISAGREE
7935	ἡδύς	a-s---fnc	ἡδύς	ἡδύς	a-s---fnc	a-s---fnc	
7936	πρός	r--------	πρός	πρός	r--------	r--------	
7937	ὁ	l-s---ma-	ὁ	ὁ	l-s---ma-	l-s---ma-	
7938	αὐλός	n-s---ma-	αὐλός	αὐλός	n-s---ma-	n-s---ma-	
7939	,	u--------	,	,	u--------	u--------	
7940	οὕτως	d--------	οὕτως	οὕτως	d--------	d--------	
7941	καί	c--------	καί	καί	d--------	c--------	
7942	ὁ	l-p---ma-	ὁ	ὁ	l-p---ma-	l-p---ma-	
7943	σός	a-p---ma-	σός	σός	a-p---ma-	a-p---ma-	
7944	λόγος	n-p---ma-	λόγος	λόγος	n-p---ma-	n-p---ma-	
7945	ἡδύνω	v--pnm---	ἡδύνω	ἡδύνω	v--pne---	v--pnm---	
7946	ἄν	g--------	ἄν	ἄν	d--------	g--------	
7947	τις	p-s---na-	τις	τις	p-s---na-	p-s---na-	
7948	ὑπό	r--------	ὑπό	ὑπό	r--------	r--------	
7949	ὁ	l-p---mg-	ὁ	ὁ	l-p---mg-	l-p---mg-	
7950	φθόγγος	n-p---mg-	φθόγγος	φθόγγος	n-p---mg-	n-p---mg-	
7951	,	u--------	,	,	u--------	u--------	
7952	ἄλλος	d--------	ἄλλως	ἄλλος	d--------	d--------	DISAGREE
7953	τε	c--------	τε	τε	c--------	c--------	
7954	καί	c--------	καί	καί	c--------	c--------	
7955	εἰ	c--------	εἰ	εἰ	c--------	c--------	
7956	μορφάζω	v2spoa---	μορφάζω	μορφάζω	v2spoa---	v2spoa---	
7957	,	u--------	,	,	u--------	u--------	
7958	ὥσπερ	c--------	ὥσπερ	ὥσπερ	c--------	c--------	
7959	ὁ	l-s---fn-	ὁ	ὁ	l-s---fn-	l-s---fn-	
7960	αὐλητρίς	n-s---fn-	αὐλητρίς	αὐλητρίς	n-s---fn-	n-s---fn-	
7961	,	u--------	,	,	u--------	u--------	
7962	καί	c--------	καί	καί	c--------	c--------	
7963	σύ	p-s---cn-	σύ	σύ	p2s---cn-	p-s---cn-	
7964	πρός	r--------	πρός	πρός	r--------	r--------	
7965	ὁ	l-p---na-	ὁ	ὁ	l-p---na-	l-p---na-	
7966	λέγω	v-pppmna-	λέγω3	λέγω	v-pppena-	v-pppmna-	
7967	.	u--------	.	.	u--------	u--------	
7968	καί	c--------	καί	καί	d--------	c--------	
7969	ὁ	l-s---mn-	ὁ	ὁ	l-s---mn-	l-s---mn-	
7970	Καλλίας	n-s---mn-	καλλίας	Καλλίας	n-s---mn-	n-s---mn-	
7971	φημί	v3siia---	φημί	φημί	v3siia---	v3siia---	
7972	·	u--------	·	·	u--------	u--------	
7973	ὅταν	c--------	ὅταν	ὅταν	c--------	c--------	
7974	οὖν	g--------	οὖν	οὖν	d--------	g--------	
7975	ὁ	l-s---mn-	ὁ	ὁ	l-s---mn-	l-s---mn-	
7976	Ἀντισθένης	n-s---mn-	ἀντισθένης	Ἀντισθένης	n-s---mn-	n-s---mn-	
7977	ὅδε	p-s---mn-	ὅδε	ὅδε	a-s---mn-	p-s---mn-	
7978	ἐλέγχω	v3spsa---	ἐλέγχω	ἐλέγχω	v3spsa---	v3spsa---	
7979	τις	p-s---ca-	τις	τις	p-p---na-	p-s---ca-	
7980	ἐν	r--------	ἐν	ἐν	r--------	r--------	
7981	ὁ	l-s---nd-	ὁ	ὁ	l-s---nd-	l-s---nd-	
7982	συμπόσιον	n-s---nd-	συμπόσιον	συμπόσιον	n-s---nd-	n-s---nd-	
7983	,	u--------	,	,	u--------	u--------	
7984	τίς	p-s---nn-	τίς	τίς	p-s---nn-	p-s---nn-	
7985	εἰμί	v3sfim---	εἰμί	εἰμί	v3sfim---	v3sfim---	
7986	ὁ	l-s---nn-	ὁ	ὁ	l-s---nn-	l-s---nn-	
7987	αὔλημα	n-s---nn-	αὔλημα	αὔλημα	n-s---nn-	n-s---nn-	
7988	;	u--------	;	;	u--------	u--------	
7989	καί	c--------	καί	καί	d--------	c--------	
7990	ὁ	l-s---mn-	ὁ	ὁ	l-s---mn-	l-s---mn-	
7991	Ἀντισθένης	n-s---mn-	ἀντισθένης	Ἀντισθένης	n-s---mn-	n-s---mn-	
7992	λέγω	v3saia---	εἶπον	λέγω	v3saia---	v3saia---	DISAGREE
7993	·	u--------	·	·	u--------	u--------	
7994	ὁ	l-s---md-	ὁ	ὁ	l-s---md-	l-s---md-	
7995	μέν	g--------	μέν	μέν	d--------	g--------	
7996	ἐλέγχω	v-sppmmd-	ἐλέγχω	ἐλέγχω	v-sppemd-	v-sppmmd-	
7997	οἴομαι	v1spim---	οἴομαι	οἴομαι	v1spie---	v1spim---	
7998	ἄν	g--------	ἄν	ἄν	d--------	g--------	
7999	,	u--------	,	,	u--------	u--------	
8000	φημί	v3siia---	φημί	φημί	v3siia---	v3siia---	
8001	,	u--------	,	,	u--------	u--------	
8002	πρέπω	v--pna---	πρέπω	πρέπω	v--pna---	v--pna---	
8003	συριγμός	n-s---ma-	συριγμός	συριγμός	n-s---ma-	n-s---ma-	
8004	.	u--------	.	.	u--------	u--------	
8005	τοιοῦτος	p-p---mg-	τοιοῦτος	τοιοῦτος	a-p---mg-	p-p---mg-	
8006	δέ	c--------	δέ	δέ	d--------	c--------	
8007	λόγος	n-p---mg-	λόγος	λόγος	n-p---mg-	n-p---mg-	
8008	εἰμί	v-pppamg-	εἰμί	εἰμί	v-pppamg-	v-pppamg-	
8009	ὡς	c--------	ὡς	ὡς	c--------	c--------	
8010	ὁράω	v3siia---	ὁράω	ὁράω	v3siia---	v3siia---	
8011	ὁ	l-s---mn-	ὁ	ὁ	l-s---mn-	l-s---mn-	
8012	Συρακούσιος	a-s---mn-	συρακόσιος	Συρακούσιος	n-s---mn-	a-s---mn-	DISAGREE
8013	ὁ	l-p---ng-	ὁ	ὁ	l-p---ng-	l-p---ng-	
8014	μέν	g--------	μέν	μέν	d--------	g--------	
8015	ἑαυτοῦ	p-s---mg-	ἑαυτοῦ	ἑαυτοῦ	p-s---mg-	p-s---mg-	
8016	ἐπίδειγμα	n-p---ng-	δεῖγμα	ἐπίδειγμα	n-p---ng-	n-p---ng-	DISAGREE
8017	ἀμελέω	v-pppama-	ἀμελέω	ἀμελέω	v-pppama-	v-pppama-	
8018	,	u--------	,	,	u--------	u--------	
8019	ἀλλήλων	p-p---md-	ἀλλήλων	ἀλλήλων	p-p---nd-	p-p---md-	
8020	δέ	c--------	δέ	δέ	c--------	c--------	
8021	ἥδομαι	v-pppmma-	ἥδομαι	ἥδομαι	v-pppema-	v-pppmma-	
8022	,	u--------	,	,	u--------	u--------	
8023	φθονέω	v-sppamn-	φθονέω	φθονέω	v-sppamn-	v-sppamn-	
8024	ὁ	l-s---md-	ὁ	ὁ	l-s---md-	l-s---md-	
8025	Σωκράτης	n-s---md-	σωκράτης	Σωκράτης	n-s---md-	n-s---md-	
8026	λέγω	v3saia---	λέγω	λέγω	v3saia---	v3saia---	
8027	·	u--------	·	·	u--------	u--------	
8028	ἆρα	g--------	ἆρα	ἆρα	d--------	g--------	
8029	σύ	p-s---cn-	σύ	σύ	p2s---cn-	p-s---cn-	
8030	,	u--------	,	,	u--------	u--------	
8031	ὦ	i--------	ὦ	ὦ	i--------	i--------	
8032	Σωκράτης	n-s---mv-	σωκράτης	Σωκράτης	n-s---mv-	n-s---mv-	
8033	,	u--------	,	,	u--------	u--------	
8034	ὁ	l-s---mn-	ὁ	ὁ	l-s---mn-	l-s---mn-	
8035	φροντιστής	n-s---mn-	φροντιστής	φροντιστής	n-s---mn-	n-s---mn-	
8036	ἐπικαλέω	v-sppmmn-	ἐπικαλέω	ἐπικαλέω	v-sppemn-	v-sppmmn-	
8037	;	u--------		;		u--------	glaux_only
8038	οὐκοῦν	g--------	οὐκοῦν	οὐκοῦν	d--------	g--------	
8039	καλός	a-s---nnc	καλός	καλός	a-s---nnc	a-s---nnc	
8040	,	u--------	,	,	u--------	u--------	
8041	φημί	v3siia---	φημί	φημί	v3siia---	v3siia---	
8042	,	u--------	,	,	u--------	u--------	
8043	ἤ	c--------	ἤ1	ἤ	c--------	c--------	
8044	εἰ	c--------	εἰ	εἰ	c--------	c--------	
8045	ἀφρόντιστος	a-s---mn-	ἀφρόντιστος	ἀφρόντιστος	a-s---mn-	a-s---mn-	
8046	καλέω	v1siim---	καλέω	καλέω	v1siie---	v1siim---	
8047	.	u--------	.	.	u--------	u--------	
8048	εἰ	c--------	εἰ	εἰ	c--------	c--------	
8049	μή	d--------	μή	μή	c--------	d--------	
8050	γε	g--------	γε	γε	d--------	g--------	
8051	δοκέω	v2siia---	δοκέω	δοκέω	v2siia---	v2siia---	
8052	ὁ	l-p---ng-	ὁ	ὁ	l-p---ng-	l-p---ng-	
8053	μετέωρος	a-p---ng-	μετέωρος	μετέωρος	a-p---ng-	a-p---ng-	
8054	φροντιστής	n-s---mn-	φροντιστής	φροντιστής	n-s---mn-	n-s---mn-	
8055	εἰμί	v--pna---	εἰμί	εἰμί	v--pna---	v--pna---	
8056	.	u--------	.	.	u--------	u--------	
8057	οἶδα	v2sria---	οἶδα	οἶδα	v2sria---	v2sria---	
8058	οὖν	g--------	οὖν	οὖν	d--------	g--------	
8059	,	u--------	,	,	u--------	u--------	
8060	φημί	v3siia---	φημί	φημί	v3siia---	v3siia---	
8061	ὁ	l-s---mn-	ὁ	ὁ	l-s---mn-	l-s---mn-	
8062	Σωκράτης	n-s---mn-	σωκράτης	Σωκράτης	n-s---mn-	n-s---mn-	
8063	,	u--------	,	,	u--------	u--------	
8064	μετέωρος	a-s---nac	μετέωρος	μετέωρος	a-s---nac	a-s---nac	
8065	τις	p-s---na-	τις	τις	p-s---na-	p-s---na-	
8066	ὁ	l-p---mg-	ὁ	ὁ	l-p---mg-	l-p---mg-	
8067	θεός	n-p---mg-	θεός	θεός	n-p---mg-	n-p---mg-	
8068	;	u--------	;	;	u--------	u--------	
8069	ἀλλά	c--------	ἀλλά	ἀλλά	d--------	c--------	
8070	οὐ	d--------	οὐ	οὐ	d--------	d--------	
8071	μά	r--------	μά	μά	d--------	r--------	
8072	Ζεύς	n-s---ma-	ζεύς	Ζεύς	n-s---ma-	n-s---ma-	
8073	,	u--------	,	,	u--------	u--------	
8074	φημί	v3siia---	φημί	φημί	v3siia---	v3siia---	
8075	,	u--------	,	,	u--------	u--------	
8076	οὐ	d--------	οὐ	οὐ	d--------	d--------	
8077	οὗτος	p-p---ng-	οὗτος	οὗτος	p-p---ng-	p-p---ng-	
8078	σύ	p-s---ca-	σύ	σύ	p2s---ca-	p-s---ca-	
8079	λέγω	v3ppia---	λέγω3	λέγω	v3ppia---	v3ppia---	
8080	ἐπιμελέομαι	v--pnm---	ἐπιμελέομαι	ἐπιμελέομαι	v--pne---	v--pnm---	
8081	,	u--------	,	,	u--------	u--------	
8082	ἀλλά	c--------	ἀλλά	ἀλλά	c--------	c--------	
8083	ὁ	l-p---ng-	ὁ	ὁ	l-p---mg-	l-p---ng-	
8084	ἀνωφελής	a-p---ngs	ἀνωφελής	ἀνωφελής	a-p---mgs	a-p---ngs	
8085	.	u--------	.	.	u--------	u--------	
8086	οὐκοῦν	g--------	οὐκοῦν	οὐκοῦν	d--------	g--------	
8087	καί	c--------	καί	καί	d--------	c--------	
8088	οὕτως	d--------	οὕτως	οὕτως	d--------	d--------	
8089	ἄν	g--------	ἄν	ἄν	d--------	g--------	
8090	,	u--------	,	,	u--------	u--------	
8091	φημί	v3siia---	φημί	φημί	v3siia---	v3siia---	
8092	,	u--------	,	,	u--------	u--------	
8093	θεός	n-p---mg-	θεός	θεός	n-p---mg-	n-p---mg-	
8094	ἐπιμελέομαι	v1spom---	ἐπιμελέομαι	ἐπιμελέομαι	v1spoe---	v1spom---	
8095	·	u--------	·	·	u--------	u--------	
8096	ἄνωθεν	d--------	ἄνωθεν	ἄνωθεν	d--------	d--------	
8097	μέν	g--------	μέν	μέν	d--------	g--------	
8098	γε	g--------	γε	γε	d--------	g--------	
8099	ὕω	v-pppamn-	ὕω	ὕω	v-pppamn-	v-pppamn-	
8100	ὠφελέω	v3ppia---	ὠφελέω	ὠφελέω	v3ppia---	v3ppia---	
8101	,	u--------	,	,	u--------	u--------	
8102	ἄνωθεν	d--------	ἄνωθεν	ἄνωθεν	d--------	d--------	
8103	δέ	c--------	δέ	δέ	d--------	c--------	
8104	φάος	n-s---na-	φάος	φάος	n-s---na-	n-s---na-	
8105	παρέχω	v3ppia---	παρέχω	παρέχω	v3ppia---	v3ppia---	
8106	.	u--------	.	.	u--------	u--------	
8107	εἰ	c--------	εἰ	εἰ	c--------	c--------	
8108	δέ	c--------	δέ	δέ	d--------	c--------	
8109	ψυχρός	a-p---na-	ψυχρός	ψυχρός	a-p---na-	a-p---na-	
8110	λέγω	v1spia---	λέγω3	λέγω	v1spia---	v1spia---	
8111	,	u--------	,	,	u--------	u--------	
8112	σύ	p-s---cn-	σύ	σύ	p-s---mn-	p-s---cn-	
8113	αἴτιος	a-s---mn-	αἴτιος	αἴτιος	a-s---mn-	a-s---mn-	
8114	,	u--------	,	,	u--------	u--------	
8115	φημί	v3siia---	φημί	φημί	v3siia---	v3siia---	
8116	,	u--------	,	,	u--------	u--------	
8117	πρᾶγμα	n-p---na-	πρᾶγμα	πρᾶγμα	n-p---na-	n-p---na-	
8118	ἐγώ	p-s---cd-	ἐγώ	ἐγώ	p-s---md-	p-s---cd-	
8119	παρέχω	v-sppamn-	παραχώννυμι	παρέχω	v-sppamn-	v-sppamn-	DISAGREE
8120	.	u--------	.	.	u--------	u--------	
8121	οὗτος	p-p---na-	οὗτος	οὗτος	p-p---nn-	p-p---na-	
8122	μέν	g--------	μέν	μέν	d--------	g--------	
8123	,	u--------	,	,	u--------	u--------	
8124	φημί	v3siia---	φημί	φημί	v3siia---	v3siia---	
8125	,	u--------	,	,	u--------	u--------	
8126	ἔα	i--------	ἐάω	ἔα	v3ppia---	i--------	DISAGREE
8127	·	u--------	·	·	u--------	u--------	
8128	ἀλλά	c--------	ἀλλά	ἀλλά	c--------	c--------	
8129	λέγω	v2sama---	εἶπον	λέγω	v2sama---	v2sama---	DISAGREE
8130	ἐγώ	p-s---cd-	ἐγώ	ἐγώ	p-s---md-	p-s---cd-	
8131	πόσος	p-p---ma-	πόσος	πόσος	a-p---ma-	p-p---ma-	
8132	ψύλλα	n-s---fn-	ψύλλα	ψύλλα	n-p---na-	n-s---fn-	
8133	πούς	n-p---ma-	πούς	πούς	n-p---ma-	n-p---ma-	
8134	ἐγώ	p-s---cg-	ἐγώ	ἐγώ	p1s---mg-	p-s---cg-	
8135	ἀπέχω	v3spia---	ἀπέχω	ἀπέχω	v3spia---	v3spia---	
8136	.	u--------	.	.	u--------	u--------	
8137	οὗτος	p-p---na-	οὗτος	οὗτος	p-p---na-	p-p---na-	
8138	γάρ	g--------	γάρ	γάρ	d--------	g--------	
8139	σύ	p-s---ca-	σύ	σύ	p2s---ca-	p-s---ca-	
8140	φημί	v3ppia---	φημί	φημί	v3spia---	v3ppia---	
8141	γεωμετρέω	v--pna---	γεωμετρέω	γεωμετρέω	v--pna---	v--pna---	
8142	.	u--------	.	.	u--------	u--------	
8143	καί	c--------	καί	καί	d--------	c--------	
8144	ὁ	l-s---mn-	ὁ	ὁ	l-s---mn-	l-s---mn-	
8145	Ἀντισθένης	n-s---mn-	ἀντισθένης	Ἀντισθένης	n-s---mn-	n-s---mn-	
8146	λέγω	v3saia---	εἶπον	λέγω	v3saia---	v3saia---	DISAGREE
8147	·	u--------	·	·	u--------	u--------	
8148	σύ	p-s---cn-	σύ	σύ	p-s---mn-	p-s---cn-	
8149	μέντοι	g--------	μέντοι	μέντοι	d--------	g--------	
8150	δεινός	a-s---mn-	δεινός	δεινός	a-s---mn-	a-s---mn-	
8151	εἰμί	v2spia---	εἰμί	εἰμί	v2spia---	v2spia---	
8152	,	u--------	,	,	u--------	u--------	
8153	ὦ	i--------	ὦ	ὦ	i--------	i--------	
8154	Φίλιππος	n-s---mv-	φίλιππος	Φίλιππος	n-s---mv-	n-s---mv-	
8155	,	u--------	,	,	u--------	u--------	
8156	εἰκάζω	v--pna---	εἰκάζω	εἰκάζω	v--pna---	v--pna---	
8157	·	u--------	·	·	u--------	u--------	
8158	οὐ	d--------	οὐ	οὐ	d--------	d--------	
8159	δοκέω	v3spia---	δοκέω	δοκέω	v3spia---	v3spia---	
8160	σύ	p-s---cd-	σύ	σύ	p2s---cd-	p-s---cd-	
8161	ὁ	l-s---mn-	ὁ	ὁ	l-s---mn-	l-s---mn-	
8162	ἀνήρ	n-s---mn-	ἀνήρ	ἀνήρ	n-s---mn-	n-s---mn-	
8163	οὗτος	p-s---mn-	οὗτος	οὗτος	a-s---mn-	p-s---mn-	
8164	λοιδορέω	v--pnm---	λοιδορέω	λοιδορέω	v--pne---	v--pnm---	
8165	βούλομαι	v-sppmmd-	βούλομαι	βούλομαι	v-sppemd-	v-sppmmd-	
8166	ἔοικα	v--rna---	ἔοικα	ἔοικα	v--rna---	v--rna---	
8167	;	u--------	;	;	u--------	u--------	
8168	ναί	i--------	ναί	ναί	d--------	i--------	
8169	μά	r--------	μά	μά	r--------	r--------	
8170	ὁ	l-s---ma-	ὁ	ὁ	l-s---ma-	l-s---ma-	
8171	Ζεύς	n-s---ma-	ζεύς	Ζεύς	n-s---ma-	n-s---ma-	
8172	,	u--------	,	,	u--------	u--------	
8173	φημί	v3siia---	φημί	φημί	v3siia---	v3siia---	
8174	,	u--------	,	,	u--------	u--------	
8175	καί	c--------	καί	καί	d--------	c--------	
8176	ἄλλος	p-p---md-	ἄλλος	ἄλλος	p-p---md-	p-p---md-	
8177	γε	g--------	γε	γε	d--------	g--------	
8178	πολύς	a-p---md-	πολύς	πολύς	a-p---md-	a-p---md-	
8179	.	u--------	.	.	u--------	u--------	
8180	ἀλλά	c--------	ἀλλά	ἀλλά	c--------	c--------	
8181	ὅμως	d--------	ὅμως	ὅμως	d--------	d--------	
8182	,	u--------	,	,	u--------	u--------	
8183	φημί	v3siia---	φημί	φημί	v3siia---	v3siia---	
8184	ὁ	l-s---mn-	ὁ	ὁ	l-s---mn-	l-s---mn-	
8185	Σωκράτης	n-s---mn-	σωκράτης	Σωκράτης	n-s---mn-	n-s---mn-	
8186	,	u--------	,	,	u--------	u--------	
8187	σύ	p-s---cn-	σύ	σύ	p-s---mn-	p-s---cn-	
8188	αὐτός	p-s---ma-	αὐτός	αὐτός	p-s---ma-	p-s---ma-	
8189	μή	d--------	μή	μή	d--------	d--------	
8190	εἰκάζω	v2spma---	εἰκάζω	εἰκάζω	v2spma---	v2spma---	
8191	,	u--------	,	,	u--------	u--------	
8192	ἵνα	c--------	ἵνα	ἵνα	c--------	c--------	
8193	μή	d--------	μή	μή	d--------	d--------	
8194	καί	c--------	καί	καί	d--------	c--------	
8195	σύ	p-s---cn-	σύ	σύ	p-s---mn-	p-s---cn-	
8196	λοιδορέω	v-sppmmd-	λοιδορέω	λοιδορέω	v-sppemd-	v-sppmmd-	
8197	ἔοικα	v2srsa---	ἔοικα	ἔοικα	v2spsa---	v2srsa---	
8198	.	u--------	.	.	u--------	u--------	
8199	ἀλλά	c--------	ἀλλά	ἀλλά	d--------	c--------	
8200	εἴπερ	c--------	εἴπερ	εἴπερ	c--------	c--------	
8201	γε	g--------	γε	γε	d--------	g--------	
8202	ὁ	l-p---nd-	ὁ	ὁ	l-p---nd-	l-p---nd-	
8203	πᾶς	p-p---nd-	πᾶς	πᾶς	a-p---nd-	p-p---nd-	
8204	καλός	a-p---nd-	καλός	καλός	a-p---nd-	a-p---nd-	
8205	καί	c--------	καί	καί	c--------	c--------	
8206	ὁ	l-p---nd-	ὁ	ὁ	l-p---md-	l-p---nd-	
8207	ἀγαθός	a-p---nds	βέλτιστος	ἀγαθός	a-p---mds	a-p---nds	DISAGREE
8208	εἰκάζω	v1spia---	εἰκάζω	εἰκάζω	v1spia---	v1spia---	
8209	αὐτός	p-s---ma-	αὐτός	αὐτός	p-s---ma-	p-s---ma-	
8210	,	u--------	,	,	u--------	u--------	
8211	ἐπαινέω	v-sppamd-	ἐπαινέω	ἐπαινέω	v-sppamd-	v-sppamd-	
8212	μάλα	d-------c	μᾶλλον	μάλα	d-------c	d-------c	DISAGREE
8213	ἤ	c--------	ἤ1	ἤ	c--------	c--------	
8214	λοιδορέω	v-sppmmd-	λοιδορέω	λοιδορέω	v-sppemd-	v-sppmmd-	
8215	δίκαιος	d--------	δίκαιος	δίκαιος	d--------	d--------	
8216	ἄν	g--------	ἄν	ἄν	d--------	g--------	
8217	εἰκάζω	v3spoa---	εἰκάζω	εἰκάζω	v3spoa---	v3spoa---	
8218	ἐγώ	p-s---ca-	ἐγώ	ἐγώ	p-s---ma-	p-s---ca-	
8219	τις	p-s---cn-	τις	τις	p-s---mn-	p-s---cn-	
8220	.	u--------	.	.	u--------	u--------	
8221	καί	c--------	καί	καί	d--------	c--------	
8222	νῦν	d--------	νῦν	νῦν	d--------	d--------	
8223	σύ	p-s---cn-	σύ	σύ	p-s---mn-	p-s---cn-	
8224	λοιδορέω	v-sppmmd-	λοιδορέω	λοιδορέω	v-sppemd-	v-sppmmd-	
8225	ἔοικα	v2sria---	ἔοικα	ἔοικα	v2sria---	v2sria---	
8226	,	u--------	,	,	u--------	u--------	
8227	εἰ	c--------	εἰ	εἰ	c--------	c--------	
8228	πᾶς	p-p---na-	πᾶς	πᾶς	a-p---na-	p-p---na-	
8229	αὐτός	p-s---mg-	αὐτός	αὐτός	p-s---mg-	p-s---mg-	
8230	ἀγαθός	a-s---mnc	βελτίων	ἀγαθός	a-s---mnc	a-s---mnc	DISAGREE
8231	φημί	v2spia---	φημί	φημί	v2spia---	v2spia---	
8232	εἰμί	v--pna---	εἰμί	εἰμί	v--pna---	v--pna---	
8233	.	u--------	.	.	u--------	u--------	
8234	ἀλλά	c--------	ἀλλά	ἀλλά	d--------	c--------	
8235	βούλομαι	v2spim---	βούλομαι	βούλομαι	v2spie---	v2spim---	
8236	πονηρός	a-p---mdc	πονηρός	πονηρός	a-p---mdc	a-p---mdc	
8237	εἰκάζω	v1spsa---	εἰκάζω	εἰκάζω	v1spsa---	v1spsa---	
8238	αὐτός	p-s---ma-	αὐτός	αὐτός	p-s---ma-	p-s---ma-	
8239	;	u--------	;	;	u--------	u--------	
8240	μή	d--------	μη	μή	d--------	d--------	
8241	δέ	c--------	δέ		c--------		oga_only
8242	πονηρός	a-p---mdc	πονηρός		a-p---mdc		oga_only
8243	.	u--------	.		u--------		oga_only
8244	ἀλλά	d--------	ἀλλά		d--------		oga_only
8245	μηδείς	p-s---md-	μηδείς	μηδείς	p-s---md-	p-s---md-	
8246							unmatched
8247	μηδείς	p-s---md-	μηδείς		p-s---md-		oga_only
8248	μη	d--------	μη		d--------		oga_only
8249	δέ	c--------	δέ		c--------		oga_only
8250	οὗτος	p-p---ng-	οὗτος		p-p---ng-		oga_only
8251	εἰκάζω	v2spma---	εἰκάζω		v2spma---		oga_only
8252	.	u--------	.		u--------		oga_only
8253	ἀλλά	d--------	ἀλλά		d--------		oga_only
8254	οὐ	d--------	οὐ		d--------		oga_only
8255	μέντοι	g--------	μέντοι	μέντοι	d--------	g--------	
8256	γε	g--------	γε	γε	d--------	g--------	
8257	σιωπάω	v-sppamn-	σιωπάω	σιωπάω	v-sppamn-	v-sppamn-	
8258	οἶδα	v1sria---	οἶδα	οἶδα	v1sria---	v1sria---	
8259	ὅπως	c--------	ὅπως	ὅπως	c--------	c--------	
8260	ἄξιος	a-p---na-	ἄξιος	ἄξιος	a-p---na-	a-p---na-	
8261	ὁ	l-s---ng-	ὁ	ὁ	l-s---ng-	l-s---ng-	
8262	δεῖπνον	n-s---ng-	δεῖπνον	δεῖπνον	n-s---ng-	n-s---ng-	
8263	ἐργάζομαι	v1sfim---	ἐργάζομαι	ἐργάζομαι	v1sfim---	v1sfim---	
8264	.	u--------	.	.	u--------	u--------	
8265	καί	c--------	καί	καί	d--------	c--------	
8266	ῥᾴδιος	d--------	ῥᾴδιος	ῥᾴδιος	d--------	d--------	
8267	γε	g--------	γε	γε	d--------	g--------	
8268	,	u--------	,	,	u--------	u--------	
8269	ἐάν	c--------	ἄν	ἐάν	c--------	c--------	DISAGREE
8270	ὅς	p-p---na-	ὅς	ὅς	p-p---na-	p-p---na-	
8271	μή	d--------	μή	μή	d--------	d--------	
8272	δέω	v3spia---	δεῖ	δέω	v3spia---	v3spia---	DISAGREE
8273	λέγω	v--pna---	λέγω3	λέγω	v--pna---	v--pna---	
8274	,	u--------	,	,	u--------	u--------	
8275	φημί	v3siia---	φημί	φημί	v3siia---	v3siia---	
8276	,	u--------	,	,	u--------	u--------	
8277	σιωπάω	v2spsa---	σιωπάω	σιωπάω	v2spia---	v2spsa---	
8278	.	u--------	.	.	u--------	u--------	
8279	οὗτος	p-s---fn-	οὗτος	οὗτος	a-s---fn-	p-s---fn-	
8280	μέν	g--------	μέν	μέν	d--------	g--------	
8281	δή	g--------	δή	δή	d--------	g--------	
8282	ὁ	l-s---fn-	ὁ	ὁ	l-s---fn-	l-s---fn-	
8283	παροινία	n-s---fn-	παροινία	παροινία	n-s---fn-	n-s---fn-	
8284	οὕτως	d--------	οὕτως	οὕτως	d--------	d--------	
8285	κατασβέννυμι	v3saip---	κατασβέννυμι	κατασβέννυμι	v3saip---	v3saip---	
8286	.	u--------	.	.	u--------	u--------	
8287	ἐκ	r--------	ἐκ	ἐκ	r--------	r--------	
8288	οὗτος	p-s---ng-	οὗτος	οὗτος	p-s---ng-	p-s---ng-	
8289	δέ	c--------	δέ	δέ	d--------	c--------	
8290	ὁ	l-p---mg-	ὁ	ὁ	l-p---mg-	l-p---mg-	
8291	ἄλλος	p-p---mg-	ἄλλος	ἄλλος	p-p---mg-	p-p---mg-	
8292	ὁ	l-p---mn-	ὁ	ὁ	l-p---mn-	l-p---mn-	
8293	μέν	g--------	μέν	μέν	d--------	g--------	
8294	κελεύω	v3piia---	κελεύω	κελεύω	v3piia---	v3piia---	
8295	εἰκάζω	v--pna---	εἰκάζω	εἰκάζω	v--pna---	v--pna---	
8296	,	u--------	,	,	u--------	u--------	
8297	ὁ	l-p---mn-	ὁ	ὁ	l-p---mn-	l-p---mn-	
8298	δέ	c--------	δέ	δέ	c--------	c--------	
8299	κωλύω	v3piia---	κωλύω	κωλύω	v3piia---	v3piia---	
8300	.	u--------	.	.	u--------	u--------	
8301	θόρυβος	n-s---mg-	θόρυβος	θόρυβος	n-s---mg-	n-s---mg-	
8302	δέ	c--------	δέ	δέ	d--------	c--------	
8303	εἰμί	v-sppamg-	εἰμί	εἰμί	v-sppamg-	v-sppamg-	
8304	ὁ	l-s---mn-	ὁ	ὁ	l-s---mn-	l-s---mn-	
8305	Σωκράτης	n-s---mn-	σωκράτης	Σωκράτης	n-s---mn-	n-s---mn-	
8306	αὖ	d--------	αὖ	αὖ	d--------	d--------	
8307	πάλιν	d--------	πάλιν	πάλιν	d--------	d--------	
8308	λέγω	v3saia---	λέγω	λέγω	v3saia---	v3saia---	
8309	·	u--------	·	·	u--------	u--------	
8310	ἆρα	g--------	ἆρα	ἆρα	d--------	g--------	
8311	ἐπειδή	c--------	ἐπεί	ἐπειδή	c--------	c--------	DISAGREE
8312	πᾶς	p-p---mn-	πᾶς	πᾶς	a-p---mn-	p-p---mn-	
8313	ἐπιθυμέω	v1ppia---	ἐπιθυμέω	ἐπιθυμέω	v1ppia---	v1ppia---	
8314	λέγω	v--pna---	λέγω3	λέγω	v--pna---	v--pna---	
8315	,	u--------	,	,	u--------	u--------	
8316	νῦν	d--------	νῦν	νῦν	d--------	d--------	
8317	ἄν	g--------	ἄν	ἄν	d--------	g--------	
8318	μάλα	d-------s	μάλιστα	μάλα	d-------s	d-------s	DISAGREE
8319	καί	c--------	καί	καί	c--------	c--------	
8320	ἅμα	d--------	ἅμα	ἅμα	d--------	d--------	
8321	ἁθεͅω	v1paoa---	ἀείδω	ἁθεͅω	v1paoa---	v1paoa---	DISAGREE
8322	;	u--------	;	;	u--------	u--------	
8323	καί	c--------	καί	καί	d--------	c--------	
8324	εὐθύς	d--------	εὐθύς2	εὐθύς	d--------	d--------	
8325	οὗτος	p-s---na-	οὗτος	οὗτος	p-s---na-	p-s---na-	
8326	λέγω	v-sapamn-	εἶπον	λέγω	v-sapamn-	v-sapamn-	DISAGREE
8327	ἄρχω	v3siia---	ἄρχω	ἄρχω	v3siia---	v3siia---	
8328	ἀοιδή	n-s---fg-	ᾠδή	ἀοιδή	n-s---fg-	n-s---fg-	DISAGREE
8329	.	u--------	.	.	u--------	u--------	
8330	ἐπεί	c--------	ἐπεί	ἐπεί	c--------	c--------	
8331	δέ	c--------	δέ	δέ	d--------	c--------	
8332	ἀείδω	v3saia---	ἀείδω	ἀείδω	v3saia---	v3saia---	
8333	,	u--------	,	,	u--------	u--------	
8334	εἰσφέρω	v3siim---	εἰσφέρω	εἰσφέρω	v3siie---	v3siim---	
8335	ὁ	l-s---fd-	ὁ	ὁ	l-s---fd-	l-s---fd-	
8336	ὀρχηστρίς	n-s---fd-	ὀρχηστρίς	ὀρχηστρίς	n-s---fd-	n-s---fd-	
8337	τροχός	n-s---mn-	τροχός	τροχός	n-s---mn-	n-s---mn-	
8338	ὁ	l-p---ng-	ὁ	ὁ	l-p---fg-	l-p---ng-	
8339	κεραμεικός	a-p---ng-	κεραμεικός	κεραμεικός	a-p---fg-	a-p---ng-	
8340	,	u--------	,	,	u--------	u--------	
8341	ἐπί	r--------	ἐπί	ἐπί	r--------	r--------	
8342	ὅς	p-s---mg-	ὅς	ὅς	p-s---mg-	p-s---mg-	
8343	μέλλω	v3siia---	μέλλω	μέλλω	v3siia---	v3siia---	
8344	θαυμασιουργέω	v--fna---	θαυματουργέω	θαυμασιουργέω	v--fna---	v--fna---	DISAGREE
8345	.	u--------	.	.	u--------	u--------	
8346	ἔνθα	d--------	ἔνθα	ἔνθα	d--------	d--------	
8347	δή	g--------	δή	δή	d--------	g--------	
8348	λέγω	v3saia---	λέγω	λέγω	v3saia---	v3saia---	
8349	ὁ	l-s---mn-	ὁ	ὁ	l-s---mn-	l-s---mn-	
8350	Σωκράτης	n-s---mn-	σωκράτης	Σωκράτης	n-s---mn-	n-s---mn-	
8351	·	u--------	·	·	u--------	u--------	
8352	ὦ	i--------	ὦ	ὦ	i--------	i--------	
8353	Συρακούσιος	a-s---mv-	συρακόσιος	Συρακούσιος	n-s---mv-	a-s---mv-	DISAGREE
8354	,	u--------	,	,	u--------	u--------	
8355	κινδυνεύω	v1spia---	κινδυνεύω	κινδυνεύω	v1spia---	v1spia---	
8356	ἐγώ	p-s---cn-	ἐγώ	ἐγώ	p-s---mn-	p-s---cn-	
8357	,	u--------	,	,	u--------	u--------	
8358	ὥσπερ	c--------	ὥσπερ	ὥσπερ	c--------	c--------	
8359	σύ	p-s---cn-	σύ	σύ	p-s---mn-	p-s---cn-	
8360	λέγω	v2spia---	λέγω	λέγω	v2spia---	v2spia---	
8361	,	u--------	,	,	u--------	u--------	
8362	ὁ	l-s---nd-	ὁ	ὁ	l-s---nd-	l-s---nd-	
8363	εἰμί	v-sppand-	εἰμί	εἰμί	v-sppand-	v-sppand-	
8364	φροντιστής	n-s---mn-	φροντιστής	φροντιστής	n-s---mn-	n-s---mn-	
8365	εἰμί	v--pna---	εἰμί	εἰμί	v--pna---	v--pna---	
8366	·	u--------	·	·	u--------	u--------	
8367	νῦν	d--------	νῦν	νῦν	d--------	d--------	
8368	γοῦν	g--------	γοῦν	γοῦν	d--------	g--------	
8369	σκοπέω	v1spia---	σκοπέω	σκοπέω	v1spia---	v1spia---	
8370	ὅπως	c--------	ὅπως	ὅπως	c--------	c--------	
8371	ἄν	g--------	ἄν	ἄν	d--------	g--------	
8372	ὁ	l-s---mn-	ὁ	ὁ	l-s---mn-	l-s---mn-	
8373	μέν	g--------	μέν	μέν	d--------	g--------	
8374	παῖς	n-s---cn-	παῖς	παῖς	n-s---mn-	n-s---cn-	
8375	ὅδε	p-s---mn-	ὅδε	ὅδε	a-s---mn-	p-s---mn-	
8376	ὁ	l-s---mn-	ὁ	ὁ	l-s---mn-	l-s---mn-	
8377	σός	a-s---mn-	σός	σός	a-s---mn-	a-s---mn-	
8378	καί	c--------	καί	καί	c--------	c--------	
8379	ὁ	l-s---fn-	ὁ	ὁ	l-s---fn-	l-s---fn-	
8380	παῖς	n-s---cn-	παῖς	παῖς	n-s---fn-	n-s---cn-	
8381	ὅδε	p-s---fn-	ὅδε	ὅδε	p-s---fn-	p-s---fn-	
8382	ὡς	c--------	ὡς	ὡς	d--------	c--------	
8383	ῥᾴδιος	a-p---nas	ῥᾴδιος	ῥᾴδιος	a-p---nas	a-p---nas	
8384	διάγω	v3ppoa---	διάγω	διάγω	v3ppoa---	v3ppoa---	
8385	,	u--------	,	,	u--------	u--------	
8386	ἐγώ	p-p---cn-	ἐγώ	ἐγώ	p-p---mn-	p-p---cn-	
8387	δέ	c--------	δέ	δέ	c--------	c--------	
8388	ἄν	g--------	ἄν	ἄν	d--------	g--------	
8389	μάλα	d-------s	μάλιστα	μάλα	d--------	d-------s	DISAGREE
8390	εὐφραίνω	v1ppom---	εὐφραίνω	εὐφραίνω	v1ppoe---	v1ppom---	
8391	θεάομαι	v-pppmmn-	θεάομαι	θεάομαι	v-pppemn-	v-pppmmn-	
8392	αὐτός	p-p---ma-	αὐτός	αὐτός	p-p---ma-	p-p---ma-	
8393	·	u--------	·	·	u--------	u--------	
8394	ὅς	p-s---na-	ὅσπερ	ὅς	p-s---na-	p-s---na-	DISAGREE
8395	εὖ	d--------	εὖ	εὖ	d--------	d--------	
8396	οἶδα	v1sria---	οἶδα	οἶδα	v1sria---	v1sria---	
8397	ὅτι	c--------	ὅτι	ὅτι	c--------	c--------	
8398	καί	c--------	καί	καί	d--------	c--------	
8399	σύ	p-s---cn-	σύ	σύ	p2s---cn-	p-s---cn-	
8400	βούλομαι	v2spim---	βούλομαι	βούλομαι	v2spie---	v2spim---	
8401	.	u--------	.	.	u--------	u--------	
8402	δοκέω	v3spia---	δοκέω	δοκέω	v3spia---	v3spia---	
8403	οὖν	g--------	οὖν	οὖν	d--------	g--------	
8404	ἐγώ	p-s---cd-	ἐγώ	ἐγώ	p1s---md-	p-s---cd-	
8405	ὁ	l-s---nn-	ὁ	ὁ	l-s---nn-	l-s---nn-	
8406	μέν	g--------	μέν	μέν	d--------	g--------	
8407	εἰς	r--------	εἰς	εἰς	r--------	r--------	
8408	μάχαιρα	n-p---fa-	μάχαιρα	μάχαιρα	n-p---fa-	n-p---fa-	
8409	κυβιστάω	v--pna---	κυβιστάω	κυβιστάω	v--pna---	v--pna---	
8410	κίνδυνος	n-s---mg-	κίνδυνος	κίνδυνος	n-s---mg-	n-s---mg-	
8411	ἐπίδειγμα	n-s---nn-	ἐπίδειγμα	ἐπίδειγμα	n-s---nn-	n-s---nn-	
8412	εἰμί	v--pna---	εἰμί	εἰμί	v--pna---	v--pna---	
8413	,	u--------	,	,	u--------	u--------	
8414	ὅς	p-s---nn-	ὅς	ὅς	p-s---nn-	p-s---nn-	
8415	συμπόσιον	n-s---nd-	συμπόσιον	συμπόσιον	a-s---md-	n-s---nd-	
8416	οὐδείς	p-s---na-	οὐδείς	οὐδείς	a-s---na-	p-s---na-	
8417	προσήκω	v3spia---	προσήκω	προσήκω	v3spia---	v3spia---	
8418	.	u--------	.	.	u--------	u--------	
8419	καί	c--------	καί	καί	d--------	c--------	
8420	μήν	g--------	μήν	μήν	d--------	g--------	
8421	ὁ	l-s---nn-	ὁ	ὁ	l-s---nn-	l-s---nn-	
8422	γε	g--------	γε	γε	d--------	g--------	
8423	ἐπί	r--------	ἐπί	ἐπί	r--------	r--------	
8424	ὁ	l-s---mg-	ὁ	ὁ	l-s---mg-	l-s---mg-	
8425	τροχός	n-s---mg-	τροχός	τροχός	n-s---mg-	n-s---mg-	
8426	ἅμα	d--------	ἅμα	ἅμα	d--------	d--------	
8427	περιδινέω	v-sppmmg-	περιδινέομαι	περιδινέω	v-sppemg-	v-sppmmg-	DISAGREE
8428	γράφω	v--pna---	γράφω	γράφω	v--pna---	v--pna---	
8429	τε	c--------	τε	τε	d--------	c--------	
8430	καί	c--------	καί	καί	c--------	c--------	
8431	ἀναγιγνώσκω	v--pna---	ἀναγιγνώσκω	ἀναγιγνώσκω	v--pna---	v--pna---	
8432	θαῦμα	n-s---nn-	θαῦμα	θαῦμα	n-s---nn-	n-s---nn-	
8433	μέν	g--------	μέν	μέν	d--------	g--------	
8434	ἴσως	d--------	ἴσως	ἴσως	d--------	d--------	
8435	τίς	p-s---nn-	τίς	τίς	a-s---nn-	p-s---nn-	
8436	εἰμί	v3spia---	εἰμί	εἰμί	v3spia---	v3spia---	
8437	,	u--------	,	,	u--------	u--------	
8438	ἡδονή	n-s---fa-	ἡδονή	ἡδονή	n-s---fa-	n-s---fa-	
8439	δέ	c--------	δέ	δέ	c--------	c--------	
8440	οὐ	d--------	οὐ	οὐ	d--------	d--------	
8441	δέ	d--------	δέ		d--------		oga_only
8442	οὗτος	p-p---na-	οὗτος		p-p---na-		oga_only
8443	δύναμαι	v1spie---	δύναμαι		v1spie---		oga_only
8444	γιγνώσκω	v--ana---	γιγνώσκω		v--ana---		oga_only
8445	τίς	a-s---fa-	τίς		a-s---fa-		oga_only
8446	ἄν	d--------	ἄν		d--------		oga_only
8447	παρέχω	v3saoa---	παρέχω		v3saoa---		oga_only
8448	.	u--------	.		u--------		oga_only
8449	οὐ	d--------	οὐ		d--------		oga_only
8450	δέ	d--------	δέ		d--------		oga_only
8451	μήν	d--------	μήν		d--------		oga_only
8452	ὁ	l-s---nn-	ὁ		l-s---nn-		oga_only
8453	γε	d--------	γε		d--------		oga_only
8454	διαστρέφω	v-pppama-	διαστρέφω		v-pppama-		oga_only
8455	ὁ	l-p---na-	ὁ		l-p---na-		oga_only
8456	σῶμα	n-p---na-	σῶμα		n-p---na-		oga_only
8457	καί	c--------	καί	καί	c--------	c--------	
8458	τροχός	n-p---ma-	τροχός		n-p---ma-		oga_only
8459	μιμέομαι	v-pppema-	μιμέομαι		v-pppema-		oga_only
8460	ἡδύς	a-s---nnc	ἡδύς		a-s---nnc		oga_only
8461	ἤ1	c--------	ἤ1		c--------		oga_only
8462	ἡσυχία	n-s---fa-	ἡσυχία		n-s---fa-		oga_only
8463	ἔχω	v-pppama-	ἔχω		v-pppama-		oga_only
8464	ὁ	l-p---ma-	ὁ		l-p---ma-		oga_only
8465	καλός	a-p---ma-	καλός		a-p---ma-		oga_only
8466	καί	c--------	καί		c--------		oga_only
8467	ὡραῖος	a-p---ma-	ὡραῖος		a-p---ma-		oga_only
8468	θεωρέω	v--pna---	θεωρέω		v--pna---		oga_only
8469	.	u--------	.		u--------		oga_only
8470	καί	c--------	καί	καί	d--------	c--------	
8471	γάρ	g--------	γάρ	γάρ	d--------	g--------	
8472	δή	g--------	δή	δή	d--------	g--------	
8473	οὐ	d--------	οὐ	οὐ	d--------	d--------	
8474	δέ	d--------	δέ		d--------		oga_only
8475	πάνυ	d--------	πάνυ		d--------		oga_only
8476	τις	p-s---na-	τις		p-s---na-		oga_only
8477	σπάνιος	a-s---nn-	σπάνιος		a-s---nn-		oga_only
8478	ὁ	l-s---nn-	ὁ		l-s---nn-		oga_only
8479	γε	d--------	γε		d--------		oga_only
8480	θαυμάσιος	a-p---nd-	θαυμάσιος		a-p---nd-		oga_only
8481	ἐντυγχάνω	v--ana---	ἐντυγχάνω		v--ana---		oga_only
8482	,	u--------	,		u--------		oga_only
8483	εἰ	c--------	εἰ		c--------		oga_only
8484	τις	p-s---cn-	τις	τις	p-s---mn-	p-s---cn-	
8485	οὗτος	p-s---ng-	οὗτος	οὗτος	p-s---ng-	p-s---ng-	
8486	δέω	v3spim---	δέω	δέω	v3spie---	v3spim---	
8487	,	u--------	,	,	u--------	u--------	
8488	ἀλλά	c--------	ἀλλά	ἀλλά	c--------	c--------	
8489	ἔξεστι	v3spia---	ἔξεστι	ἔξεστι	v3spia---	v3spia---	
8490	αὐτίκα	d--------	αὐτίκα	αὐτίκα	d--------	d--------	
8491	μάλα	d--------	μάλα	μάλα	d--------	d--------	
8492	ὁ	l-p---na-	ὁ	ὁ	l-p---na-	l-p---na-	
8493	πάρειμι	v-pppana-	πάρειμι1	πάρειμι	v-pppana-	v-pppana-	
8494	θαυμάζω	v--pna---	θαυμάζω	θαυμάζω	v--pna---	v--pna---	
8495	,	u--------	,	,	u--------	u--------	
8496	τίς	p-s---na-	τίς	τίς	p-s---na-	p-s---na-	
8497	ποτέ	d--------	ποτέ	ποτέ	d--------	d--------	
8498	ὁ	l-s---mn-	ὁ	ὁ	l-s---mn-	l-s---mn-	
8499	μέν	g--------	μέν	μέν	d--------	g--------	
8500	λύχνος	n-s---mn-	λύχνος	λύχνος	n-s---mn-	n-s---mn-	
8501	διά	r--------	διά	διά	r--------	r--------	
8502	ὁ	l-s---na-	ὁ	ὁ	l-s---na-	l-s---na-	
8503	λαμπρός	a-s---fa-	λαμπρός	λαμπρός	a-s---fa-	a-s---fa-	
8504	φλόξ	n-s---fa-	φλόξ	φλόξ	n-s---fa-	n-s---fa-	
8505	ἔχω	v--pna---	ἔχω	ἔχω	v--pna---	v--pna---	
8506	φάος	n-s---na-	φάος	φάος	n-s---na-	n-s---na-	
8507	παρέχω	v3spia---	παρέχω	παρέχω	v3spia---	v3spia---	
8508	,	u--------	,	,	u--------	u--------	
8509	ὁ	l-s---nn-	ὁ	ὁ	l-s---nn-	l-s---nn-	
8510	δέ	c--------	δέ	δέ	d--------	c--------	
8511	χαλκεῖον	n-s---nn-	χαλκεῖον	χαλκεῖον	a-s---nn-	n-s---nn-	
8512	λαμπρός	a-s---nn-	λαμπρός	λαμπρός	a-s---nn-	a-s---nn-	
8513	εἰμί	v-sppann-	εἰμί	εἰμί	v-sppana-	v-sppann-	
8514	φάος	n-s---na-	φάος	φάος	n-s---na-	n-s---na-	
8515	μέν	g--------	μέν	μέν	d--------	g--------	
8516	οὐ	d--------	οὐ	οὐ	d--------	d--------	
8517	ποιέω	v3spia---	ποιέω	ποιέω	v3spia---	v3spia---	
8518	,	u--------	,	,	u--------	u--------	
8519	ἐν	r--------	ἐν	ἐν	r--------	r--------	
8520	ἑαυτοῦ	p-s---nd-	ἑαυτοῦ	ἑαυτοῦ	p-s---nd-	p-s---nd-	
8521	δέ	c--------	δέ	δέ	d--------	c--------	
8522	ἄλλος	p-p---na-	ἄλλος	ἄλλος	a-p---nn-	p-p---na-	
8523	ἐμφαίνω	v-pppmna-	ἐμφαίνω	ἐμφαίνω	v-pppenn-	v-pppmna-	
8524	παρέχω	v3spim---	παρέχω	παρέχω	v3spie---	v3spim---	
8525	·	u--------		·		u--------	glaux_only
8526	καί	c--------	καί	καί	c--------	c--------	
8527	πῶς	d--------	πῶς	πῶς	d--------	d--------	
8528	ὁ	l-s---nn-	ὁ	ὁ	l-s---nn-	l-s---nn-	
8529	μέν	g--------	μέν	μέν	d--------	g--------	
8530	ἔλαιον	n-s---nn-	ἔλαιον	ἔλαιον	n-s---nn-	n-s---nn-	
8531	ὑγρός	a-s---nn-	ὑγρός	ὑγρός	a-s---nn-	a-s---nn-	
8532	εἰμί	v-sppann-	εἰμί	εἰμί	v-sppann-	v-sppann-	
8533	αὐξάνω	v3spia---	αὔξω	αὐξάνω	v3spia---	v3spia---	DISAGREE
8534	ὁ	l-s---fa-	ὁ	ὁ	l-s---fa-	l-s---fa-	
8535	φλόξ	n-s---fa-	φλόξ	φλόξ	n-s---fa-	n-s---fa-	
8536	,	u--------	,	,	u--------	u--------	
8537	ὁ	l-s---nn-	ὁ	ὁ	l-s---nn-	l-s---nn-	
8538	δέ	c--------	δέ	δέ	d--------	c--------	
8539	ὕδωρ	n-s---nn-	ὕδωρ	ὕδωρ	n-s---nn-	n-s---nn-	
8540	,	u--------	,	,	u--------	u--------	
8541	ὅτι	c--------	ὅτι	ὅτι	c--------	c--------	
8542	ὑγρός	a-s---nn-	ὑγρός	ὑγρός	a-s---nn-	a-s---nn-	
8543	εἰμί	v3spia---	εἰμί	εἰμί	v3spia---	v3spia---	
8544	,	u--------	,	,	u--------	u--------	
8545	κατασβέννυμι	v3spia---	κατασβέννυσι	κατασβέννυμι	v3spia---	v3spia---	DISAGREE
8546	ὁ	l-s---na-	ὁ	ὁ	l-s---na-	l-s---na-	
8547	πῦρ	n-s---na-	πῦρ	πῦρ	n-s---na-	n-s---na-	
8548	.	u--------	.	.	u--------	u--------	
8549	ἀλλά	c--------	ἀλλά	ἀλλά	d--------	c--------	
8550	γάρ	g--------	γάρ	γάρ	d--------	g--------	
8551	καί	c--------	καί	καί	d--------	c--------	
8552	οὗτος	p-p---nn-	οὗτος	οὗτος	p-p---nn-	p-p---nn-	
8553	μέν	g--------	μέν	μέν	d--------	g--------	
8554	οὐ	d--------	οὐ	οὐ	d--------	d--------	
8555	εἰς	r--------	εἰς	εἰς	r--------	r--------	
8556	ὁ	l-s---na-	ὁ		l-s---na-		oga_only
8557	αὐτός	p-s---ma-	αὐτός		p-s---ma-		oga_only
8558	ὁ	l-s---md-	ὁ	ὁ	l-s---md-	l-s---md-	
8559	οἶνος	n-s---md-	οἶνος	οἶνος	n-s---md-	n-s---md-	
8560	ἐπισπεύδω	v3spia---	ἐπισπεύδω	ἐπισπεύδω	v3spia---	v3spia---	
8561	·	u--------	·	·	u--------	u--------	
8562	εἰ	c--------	εἰ	εἰ	c--------	c--------	
8563	δέ	c--------	δέ	δέ	d--------	c--------	
8564	ὀρχέομαι	v3ppom---	ὀρχέομαι	ὀρχέομαι	v3ppoe---	v3ppom---	
8565	πρός	r--------	πρός	πρός	r--------	r--------	
8566	ὁ	l-s---ma-	ὁ	ὁ	l-s---ma-	l-s---ma-	
8567	αὐλός	n-s---ma-	αὐλός	αὐλός	n-s---ma-	n-s---ma-	
8568	σχῆμα	n-p---na-	σχῆμα	σχῆμα	n-p---nn-	n-p---na-	
8569	ἐν	r--------	ἐν	ἐν	r--------	r--------	
8570	ὅς	p-p---nd-	ὅς	ὅς	p-p---nd-	p-p---nd-	
8571	Χάρις	n-p---fn-	χάρις	Χάρις	n-p---fn-	n-p---fn-	
8572	τε	c--------	τε	τε	c--------	c--------	
8573	καί	c--------	καί	καί	c--------	c--------	
8574	Ὥρα	n-p---fn-	ὥρα	Ὥρα	n-p---fn-	n-p---fn-	
8575	καί	c--------	καί	καί	c--------	c--------	
8576	Νύμφη	n-p---fn-	νύμφη	Νύμφη	n-p---fn-	n-p---fn-	
8577	γράφω	v3ppim---	γράφω	γράφω	v3ppie---	v3ppim---	
8578	,	u--------	,	,	u--------	u--------	
8579	πολύς	a-s---na-	πολύς	πολύς	a-s---na-	a-s---na-	
8580	ἄν	g--------	ἄν	ἄν	d--------	g--------	
8581	οἴομαι	v1spim---	οἴομαι	οἴομαι	v1spie---	v1spim---	
8582	αὐτός	p-p---ma-	αὐτός	αὐτός	p-p---ma-	p-p---ma-	
8583	γε	g--------	γε	γε	d--------	g--------	
8584	ῥᾴδιος	a-s---nac	ῥᾴδιος	ῥᾴδιος	a-s---nac	a-s---nac	
8585	διάγω	v--pna---	διάγω	διάγω	v--pna---	v--pna---	
8586	καί	c--------	καί	καί	c--------	c--------	
8587	ὁ	l-s---na-	ὁ	ὁ	l-s---na-	l-s---na-	
8588	συμπόσιον	n-s---na-	συμπόσιον	συμπόσιον	n-s---na-	n-s---na-	
8589	πολύς	a-s---na-	πολύς	πολύς	a-s---na-	a-s---na-	
8590	ἐπίχαρις	a-s---nac	ἐπίχαρις	ἐπίχαρις	a-s---nac	a-s---nac	
8591	εἰμί	v--pna---	εἰμί	εἰμί	v--pna---	v--pna---	
8592	.	u--------	.	.	u--------	u--------	
8593	ὁ	l-s---mn-	ὁ	ὁ	l-s---mn-	l-s---mn-	
8594	οὖν	g--------	οὖν	οὖν	d--------	g--------	
8595	Συρακούσιος	a-s---mn-	συρακόσιος	Συρακούσιος	n-s---mn-	a-s---mn-	DISAGREE
8596	,	u--------	,	,	u--------	u--------	
8597	ἀλλά	c--------	ἀλλά	ἀλλά	d--------	c--------	
8598	ναί	i--------	ναί	ναί	d--------	i--------	
8599	μά	r--------	μά	μά	r--------	r--------	
8600	ὁ	l-s---ma-	ὁ	ὁ	l-s---ma-	l-s---ma-	
8601	Ζεύς	n-s---ma-	ζεύς	Ζεύς	n-s---ma-	n-s---ma-	
8602	,	u--------	,	,	u--------	u--------	
8603	φημί	v3siia---	φημί	φημί	v3siia---	v3siia---	
8604	,	u--------	,	,	u--------	u--------	
8605	ὦ	i--------	ὦ	ὦ	i--------	i--------	
8606	Σωκράτης	n-s---mv-	σωκράτης	Σωκράτης	n-s---mv-	n-s---mv-	
8607	,	u--------	,	,	u--------	u--------	
8608	καλός	d--------	καλός	καλός	d--------	d--------	
8609	τε	c--------	τε	τε	d--------	c--------	
8610	λέγω	v2spia---	λέγω	λέγω	v2spia---	v2spia---	
8611	καί	c--------	καί	καί	c--------	c--------	
8612	ἐγώ	p-s---cn-	ἐγώ	ἐγώ	p-s---mn-	p-s---cn-	
8613	εἰσάγω	v1sfia---	εἰσάγω	εἰσάγω	v1sfia---	v1sfia---	
8614	θέαμα	n-p---na-	θέαμα	θέαμα	n-p---na-	n-p---na-	
8615	ἐπί	r--------	ἐπί	ἐπί	r--------	r--------	
8616	ὅς	p-p---nd-	ὅς	ὅς	p-p---nd-	p-p---nd-	
8617	σύ	p-p---cn-	σύ	σύ	p-p---mn-	p-p---cn-	
8618	εὐφραίνω	v2pfim---	εὐφραίνω	εὐφραίνω	v2pfim---	v2pfim---	
8619	.	u--------	.	.	u--------	u--------	
8620	ὁ	l-s---mn-	ὁ	ὁ	l-s---mn-	l-s---mn-	
8621	μέν	g--------	μέν	μέν	d--------	g--------	
8622	δή	g--------	δή	δή	d--------	g--------	
8623	Συρακούσιος	a-s---mn-	συρακόσιος	Συρακούσιος	n-s---mn-	a-s---mn-	DISAGREE
8624	ἐξέρχομαι	v-sapamn-	ἐξέρχομαι	ἐξέρχομαι	v-sapamn-	v-sapamn-	
8625	συγκροτέω	v3siim---	συγκερτομέω	συγκροτέω	v3siie---	v3siim---	DISAGREE
8626	·	u--------	·	·	u--------	u--------	
8627	ὁ	l-s---mn-	ὁ	ὁ	l-s---mn-	l-s---mn-	
8628	δέ	c--------	δέ	δέ	d--------	c--------	
8629	Σωκράτης	n-s---mn-	σωκράτης	Σωκράτης	n-s---mn-	n-s---mn-	
8630	πάλιν	d--------	πάλιν	πάλιν	d--------	d--------	
8631	αὖ	d--------	αὖ	αὖ	d--------	d--------	
8632	καινός	a-s---mg-	καινός	καινός	a-s---mg-	a-s---mg-	
8633	λόγος	n-s---mg-	λόγος	λόγος	n-s---mg-	n-s---mg-	
8634	κατάρχω	v3siia---	κατάρχω	κατάρχω	v3siia---	v3siia---	
8635	.	u--------	.	.	u--------	u--------	
8636	ἆρα	g--------	ἆρα	ἆρα	d--------	g--------	
8637	,	u--------	,	,	u--------	u--------	
8638	φημί	v3siia---	φημί	φημί	v3siia---	v3siia---	
8639	,	u--------	,	,	u--------	u--------	
8640	ὦ	i--------	ὦ	ὦ	i--------	i--------	
8641	ἀνήρ	n-p---mv-	ἀνήρ	ἀνήρ	n-p---mv-	n-p---mv-	
8642	,	u--------	,	,	u--------	u--------	
8643	ἔοικα	v-srpann-	ἔοικα	ἔοικα	v-srpann-	v-srpann-	
8644	ἐγώ	p-p---ca-	ἐγώ	ἐγώ	p1p---ma-	p-p---ca-	
8645	πάρειμι	v-sppamg-	πάρειμι1	πάρειμι	v-sppamg-	v-sppamg-	
8646	δαίμων	n-s---mg-	δαίμων	δαίμων	n-s---mg-	n-s---mg-	
8647	μέγας	a-s---mg-	μέγας	μέγας	a-s---mg-	a-s---mg-	
8648	καί	c--------	καί	καί	c--------	c--------	
8649	ὁ	l-s---md-	ὁ	ὁ	l-s---md-	l-s---md-	
8650	μέν	g--------	μέν	μέν	d--------	g--------	
8651	χρόνος	n-s---md-	χρόνος	χρόνος	n-s---md-	n-s---md-	
8652	ἰσήλικος	a-s---mn-	ἰσήλιξ	ἰσήλικος	a-s---mn-	a-s---mn-	DISAGREE
8653	ὁ	l-p---md-	ὁ	ὁ	l-p---md-	l-p---md-	
8654	ἀειγενής	a-p---md-	ἀειγενής	ἀειγενής	a-p---md-	a-p---md-	
8655	θεός	n-p---md-	θεός	θεός	n-p---md-	n-p---md-	
8656	,	u--------	,	,	u--------	u--------	
8657	ὁ	l-s---fd-	ὁ	ὁ	l-s---fd-	l-s---fd-	
8658	δέ	c--------	δέ	δέ	d--------	c--------	
8659	μορφή	n-s---fd-	μορφή	μορφή	n-s---fd-	n-s---fd-	
8660	νέος	a-s---mgs	νέος	νέος	a-s---mgs	a-s---mgs	
8661	,	u--------	,	,	u--------	u--------	
8662	καί	c--------	καί	καί	d--------	c--------	
8663	μέγεθος	n-s---nd-	μέγεθος	μέγεθος	n-s---nd-	n-s---nd-	
8664	πᾶς	p-p---na-	πᾶς	πᾶς	a-p---na-	p-p---na-	
8665	ἐπέχω	v-sppamg-	ἐπέχω	ἐπέχω	v-sppamg-	v-sppamg-	
8666	,	u--------	,	,	u--------	u--------	
8667	ψυχή	n-s---fd-	ψυχή	ψυχή	n-s---fd-	n-s---fd-	
8668	δέ	c--------	δέ	δέ	c--------	c--------	
8669	ἄνθρωπος	n-s---mg-	ἄνθρωπος	ἄνθρωπος	n-s---mg-	n-s---mg-	
8670	ἱδρύω	v-srpmmg-	ἱδρύω	ἱδρύω	v-sppemg-	v-srpmmg-	
8671	,	u--------	,	,	u--------	u--------	
8672	Ἔρως	n-s---mg-	ἔρως	Ἔρως	n-s---mg-	n-s---mg-	
8673	,	u--------	,	,	u--------	u--------	
8674	μή	d--------	μή	μή	d--------	d--------	
8675	ἄν	d--------	ἄν		d--------		oga_only
8676	ἀμνημονέω	v--ana---	ἀμνημονέω		v--ana---		oga_only
8677	,	u--------	,		u--------		oga_only
8678	ἄλλως	d--------	ἄλλως		d--------		oga_only
8679	τε	c--------	τε		c--------		oga_only
8680	καί	c--------	καί		c--------		oga_only
8681	ἐπεί	c--------	ἐπεί		c--------		oga_only
8682	πᾶς	a-p---mn-	πᾶς		a-p---mn-		oga_only
8683	εἰμί	v1ppia---	εἰμί		v1ppia---		oga_only
8684	ὁ	l-s---mg-	ὁ		l-s---mg-		oga_only
8685	θεός	n-s---mg-	θεός		n-s---mg-		oga_only
8686	οὗτος	p-s---mg-	οὗτος		p-s---mg-		oga_only
8687	θιασώτης	v-prpamn-	θιασώτης		v-prpamn-		oga_only
8688	;	u--------	;		u--------		oga_only
8689	ἐγώ	p-s---cn-	ἐγώ	ἐγώ	p-s---mn-	p-s---cn-	
8690	τε	c--------	τε	τε	d--------	c--------	
8691	γάρ	g--------	γάρ	γάρ	d--------	g--------	
8692	οὐ	d--------	οὐ	οὐ	d--------	d--------	
8693	ἔχω	v1spia---	ἔχω	ἔχω	v1spia---	v1spia---	
8694	χρόνος	n-s---ma-	χρόνος	χρόνος	n-s---ma-	n-s---ma-	
8695	λέγω	v--ana---	εἶπον	λέγω	v--ana---	v--ana---	DISAGREE
8696	ἐν	r--------	ἐν	ἐν	r--------	r--------	
8697	ὅς	p-s---md-	ὅς	ὅς	p-s---md-	p-s---md-	
8698	οὐ	d--------	οὐ	οὐ	d--------	d--------	
8699	ἐράω	v-sppamn-	ἐράω1	ἐράω	v-sppamn-	v-sppamn-	
8700	τις	p-s---cg-	τις	τις	p-s---ng-	p-s---cg-	
8701	διατελέω	v1spia---	διατελέω	διατελέω	v1spia---	v1spia---	
8702	,	u--------	,	,	u--------	u--------	
8703	Χαρμίδης	n-s---ma-	χαρμίδης	Χαρμίδης	n-s---ma-	n-s---ma-	
8704	δέ	c--------	δέ	δέ	c--------	c--------	
8705	ὅδε	p-s---ma-	ὅδε	ὅδε	a-s---ma-	p-s---ma-	
8706	οἶδα	v1sria---	οἶδα	οἶδα	v1sria---	v1sria---	
8707	πολύς	a-p---ma-	πολύς	πολύς	a-p---ma-	a-p---ma-	
8708	μέν	g--------	μέν	μέν	d--------	g--------	
8709	ἐραστής	n-p---ma-	ἐραστής	ἐραστής	n-p---ma-	n-p---ma-	
8710	κτάομαι	v-sapmma-	κτάομαι	κτάομαι	v-sapmma-	v-sapmma-	
8711	,	u--------	,	,	u--------	u--------	
8712	εἰμί	v3spia---	εἰμί	εἰμί	v3spia---	v3spia---	
8713	δέ	c--------	δέ	δέ	c--------	c--------	
8714	ὅς	p-p---mg-	ὅς	ὅς	p-p---ng-	p-p---mg-	
8715	καί	c--------	καί	καί	d--------	c--------	
8716	αὐτός	p-s---ma-	αὐτός	αὐτός	p-s---ma-	p-s---ma-	
8717	ἐπιθυμέω	v-sapama-	ἐπιθυμέω	ἐπιθυμέω	v-sapama-	v-sapama-	
8718	·	u--------	·	·	u--------	u--------	
8719	Κριτόβουλος	n-s---mn-	κριτόβουλος	Κριτόβουλος	n-s---mn-	n-s---mn-	
8720	γε	g--------	γε	γε	d--------	g--------	
8721	μήν	g--------	μήν	μήν	d--------	g--------	
8722	ἔτι	d--------	ἔτι	ἔτι	d--------	d--------	
8723	καί	c--------	καί	καί	d--------	c--------	
8724	νῦν	d--------	νῦν	νῦν	d--------	d--------	
8725	ἐρώμενος	n-s---mn-	ἐράομαι	ἐρώμενος	v-sppemn-	n-s---mn-	DISAGREE
8726	εἰμί	v-sppamn-	εἰμί	εἰμί	v-sppamn-	v-sppamn-	
8727	ἤδη	d--------	ἤδη	ἤδη	d--------	d--------	
8728	ἄλλος	p-p---mg-	ἄλλος	ἄλλος	p-p---mg-	p-p---mg-	
8729	ἐπιθυμέω	v3spia---	ἐπιθυμέω	ἐπιθυμέω	v3spia---	v3spia---	
8730	.	u--------	.	.	u--------	u--------	
8731	ἀλλά	c--------	ἀλλά	ἀλλά	d--------	c--------	
8732	μήν	g--------	μήν	μήν	d--------	g--------	
8733	καί	c--------	καί	καί	d--------	c--------	
8734	ὁ	l-s---mn-	ὁ	ὁ	l-s---mn-	l-s---mn-	
8735	Νικήρατος	n-s---mn-	νικήρατος	Νικήρατος	n-s---mn-	n-s---mn-	
8736	,	u--------	,	,	u--------	u--------	
8737	ὡς	c--------	ὡς	ὡς	c--------	c--------	
8738	ἐγώ	p-s---cn-	ἐγώ	ἐγώ	p1s---mn-	p-s---cn-	
8739	ἀκούω	v1spia---	ἀκούω	ἀκούω	v1spia---	v1spia---	
8740	,	u--------	,	,	u--------	u--------	
8741	ἐράω	v-sppamn-	ἐράω1	ἐράω	v-sppamn-	v-sppamn-	
8742	ὁ	l-s---fg-	ὁ	ὁ	l-s---fg-	l-s---fg-	
8743	γυνή	n-s---fg-	γυνή	γυνή	n-s---fg-	n-s---fg-	
8744	ἀντεράω	v3spim---	ἀντεράω	ἀντεράω	v3spie---	v3spim---	
8745	.	u--------	.	.	u--------	u--------	
8746	Ἑρμογένης	n-s---ma-	ἑρμογένης	Ἑρμογένης	n-s---mv-	n-s---ma-	
8747	γε	g--------	γε	γε	d--------	g--------	
8748	μήν	g--------	μήν	μήν	d--------	g--------	
8749	τίς	p-s---cn-	τις	τίς	p-s---cn-	p-s---cn-	
8750	ἐγώ	p-p---cg-	ἐγώ	ἐγώ	p-p---mg-	p-p---cg-	
8751	οὐ	d--------	οὐ	οὐ	d--------	d--------	
8752	οἶδα	v3sria---	οἶδα	οἶδα	v3sria---	v3sria---	
8753	ὡς	c--------	ὡς	ὡς	c--------	c--------	
8754	,	u--------	,	,	u--------	u--------	
8755	ὅς	p-s---nn-	ὅς	ὅς	p-s---nn-	p-s---nn-	
8756	τις	p-s---nn-	τις	τις	p-s---nn-	p-s---nn-	
8757	ποτέ	d--------	ποτέ	ποτέ	d--------	d--------	
8758	εἰμί	v3spia---	εἰμί	εἰμί	v3spia---	v3spia---	
8759	ὁ	l-s---fn-	ὁ	ὁ	l-s---fn-	l-s---fn-	
8760	καλοκἀγαθία	n-s---fn-		καλοκἀγαθία		n-s---fn-	glaux_only
8761	,	u--------		,		u--------	glaux_only
8762	ὁ	l-s---md-	ὁ	ὁ	l-s---md-	l-s---md-	
8763	οὗτος	p-s---fg-	οὗτος	οὗτος	p-s---fg-	p-s---fg-	
8764	ἔρως	n-s---md-	ἔρως	ἔρως	n-s---md-	n-s---md-	
8765	κατατήκω	v3spim---	κατακαίω	κατατήκω	v3spie---	v3spim---	DISAGREE
8766	;	u--------	;	;	u--------	u--------	
8767	οὐ	d--------	οὐ	οὐ	d--------	d--------	
8768	ὁράω	v2ppia---	ὁράω	ὁράω	v2ppia---	v2ppia---	
8769	ὡς	c--------	ὡς	ὡς	c--------	c--------	
8770	σπουδαῖος	a-p---fn-	σπουδαῖος	σπουδαῖος	a-p---fn-	a-p---fn-	
8771	μέν	g--------	μέν	μέν	d--------	g--------	
8772	αὐτός	p-s---mg-	αὐτός	αὐτός	p-s---mg-	p-s---mg-	
8773	ὁ	l-p---fn-	ὁ	ὁ	l-p---fn-	l-p---fn-	
8774	ὀφρύς	n-p---fn-	ὀφρύς	ὀφρύς	n-p---fn-	n-p---fn-	
8775	,	u--------	,	,	u--------	u--------	
8776	ἀτρεμής	a-s---nn-	ἀτρεμής	ἀτρεμής	a-s---nn-	a-s---nn-	
8777	δέ	c--------	δέ	δέ	d--------	c--------	
8778	ὁ	l-s---nn-	ὁ	ὁ	l-s---nn-	l-s---nn-	
8779	ὄμμα	n-s---nn-	ὄμμα	ὄμμα	n-s---nn-	n-s---nn-	
8780	,	u--------	,	,	u--------	u--------	
8781	μέτριος	a-p---mn-	μέτριος	μέτριος	a-p---mn-	a-p---mn-	
8782	δέ	c--------	δέ	δέ	d--------	c--------	
8783	ὁ	l-p---mn-	ὁ	ὁ	l-p---mn-	l-p---mn-	
8784	λόγος	n-p---mn-	λόγος	λόγος	n-p---mn-	n-p---mn-	
8785	,	u--------	,	,	u--------	u--------	
8786	πρᾶος	a-s---fn-	πρᾶος	πρᾶος	a-s---fn-	a-s---fn-	
8787	δέ	c--------	δέ	δέ	d--------	c--------	
8788	ὁ	l-s---fn-	ὁ	ὁ	l-s---fn-	l-s---fn-	
8789	φωνή	n-s---fn-	φωνή	φωνή	n-s---fn-	n-s---fn-	
8790	,	u--------	,	,	u--------	u--------	
8791	ἱλαρός	a-s---nn-	ἱλαρός	ἱλαρός	a-s---nn-	a-s---nn-	
8792	δέ	c--------	δέ	δέ	c--------	c--------	
8793	ὁ	l-s---nn-	ὁ	ὁ	l-s---nn-	l-s---nn-	
8794	ἦθος	n-s---nn-	ἦθος	ἦθος	n-s---nn-	n-s---nn-	
8795	;	u--------		;		u--------	glaux_only
8796	ὁ	l-p---md-	ὁ	ὁ	l-p---md-	l-p---md-	
8797	δέ	c--------	δέ	δέ	d--------	c--------	
8798	σεμνός	a-p---mds	σεμνός	σεμνός	a-p---mds	a-p---mds	
8799	θεός	n-p---md-	θεός	θεός	n-p---md-	n-p---md-	
8800	φίλος	a-p---md-	φίλος	φίλος	a-p---md-	a-p---md-	
8801	χράω	v-sppmmn-	χράομαι	χράω	v-sppemn-	v-sppmmn-	DISAGREE
8802	οὐδείς	p-s---na-	οὐδείς	οὐδείς	p-s---na-	p-s---na-	
8803	ἐγώ	p-p---ca-	ἐγώ	ἐγώ	p1p---ma-	p-p---ca-	
8804	ὁ	l-p---ma-	ὁ	ὁ	l-p---ma-	l-p---ma-	
8805	ἄνθρωπος	n-p---ma-	ἄνθρωπος	ἄνθρωπος	n-p---ma-	n-p---ma-	
8806	ὑπεροράω	v3spia---	ὑπεροράω	ὑπεροράω	v3spia---	v3spia---	
8807	;	u--------	;	;	u--------	u--------	
8808	σύ	p-s---cn-	σύ	σύ	p-s---mn-	p-s---cn-	
8809	δέ	c--------	δέ	δέ	d--------	c--------	
8810	μόνος	a-s---mn-	μόνος	μόνος	a-s---mn-	a-s---mn-	
8811	,	u--------	,	,	u--------	u--------	
8812	ὦ	i--------	ὦ	ὦ	i--------	i--------	
8813	Ἀντισθένης	n-s---mv-	ἀντισθένης	Ἀντισθένης	n-s---mv-	n-s---mv-	
8814	,	u--------	,	,	u--------	u--------	
8815	οὐδείς	p-s---mg-	οὐδείς	οὐδείς	p-s---ng-	p-s---mg-	
8816	ἐράω	v2spia---	ἐράω	ἐράω	v2spia---	v2spia---	
8817	;	u--------	;	;	u--------	u--------	
8818	ναί	i--------	ναί	ναί	d--------	i--------	
8819	μά	r--------	μά	μά	r--------	r--------	
8820	ὁ	l-p---ma-	ὁ	ὁ	l-p---ma-	l-p---ma-	
8821	θεός	n-p---ma-	θεός	θεός	n-p---ma-	n-p---ma-	
8822	,	u--------	,	,	u--------	u--------	
8823	λέγω	v3saia---	λέγω	λέγω	v3saia---	v3saia---	
8824	ἐκεῖνος	p-s---mn-	ἐκεῖνος	ἐκεῖνος	p-s---mn-	p-s---mn-	
8825	,	u--------	,	,	u--------	u--------	
8826	καί	c--------	καί	καί	c--------	c--------	
8827	σφόδρα	d--------	σφόδρα	σφόδρα	d--------	d--------	
8828	γε	g--------	γε	γε	d--------	g--------	
8829	σύ	p-s---cg-	σύ	σύ	p-s---mg-	p-s---cg-	
8830	.	u--------	.	.	u--------	u--------	
8831	καί	c--------	καί	καί	d--------	c--------	
8832	ὁ	l-s---mn-	ὁ	ὁ	l-s---mn-	l-s---mn-	
8833	Σωκράτης	n-s---mn-	σωκράτης	Σωκράτης	n-s---mn-	n-s---mn-	
8834	ἐπισκώπτω	v-sapamn-	ἐπισκώπτω	ἐπισκώπτω	v-sapamn-	v-sapamn-	
8835	ὡς	c--------	ὡς	ὡς	d--------	c--------	
8836	δή	g--------	δή	δή	d--------	g--------	
8837	θρύπτω	v-sppmmn-	θρύπτω	θρύπτω	v-sppemn-	v-sppmmn-	
8838	λέγω	v3saia---	εἶπον	λέγω	v3saia---	v3saia---	DISAGREE
8839	·	u--------	·	·	u--------	u--------	
8840	μή	d--------	μή	μή	d--------	d--------	
8841	νῦν	d--------	νῦν	νῦν	d--------	d--------	
8842	ἐγώ	p-s---cd-	ἐγώ	ἐγώ	p1s---md-	p-s---cd-	
8843	ἐν	r--------	ἐν	ἐν	r--------	r--------	
8844	ὁ	l-s---nd-	ὁ	ὁ	l-s---md-	l-s---nd-	
8845	πάρειμι	v-sppand-	πάρειμι1	πάρειμι	v-sppamd-	v-sppand-	
8846	ὄχλος	n-s---ma-	ὄχλος	ὄχλος	n-s---ma-	n-s---ma-	
8847	παρέχω	v2spma---	παρέχω	παρέχω	v2spma---	v2spma---	
8848	·	u--------	·	·	u--------	u--------	
8849	ὡς	c--------	ὡς	ὡς	c--------	c--------	
8850	γάρ	g--------	γάρ	γάρ	d--------	g--------	
8851	ὁράω	v2spia---	ὁράω	ὁράω	v2spia---	v2spia---	
8852	,	u--------	,	,	u--------	u--------	
8853	ἄλλος	p-p---na-	ἄλλος	ἄλλος	p-p---na-	p-p---na-	
8854	πράσσω	v1spia---	πράσσω	πράσσω	v3spma---	v1spia---	
8855	.	u--------	.	.	u--------	u--------	
8856	καί	c--------	καί	καί	d--------	c--------	
8857	ὁ	l-s---mn-	ὁ	ὁ	l-s---mn-	l-s---mn-	
8858	Ἀντισθένης	n-s---mn-	ἀντισθένης	Ἀντισθένης	n-s---mn-	n-s---mn-	
8859	λέγω	v3saia---	λέγω3	λέγω	v3saia---	v3saia---	
8860	·	u--------	·	·	u--------	u--------	
8861	ὡς	c--------	ὡς	ὡς	d--------	c--------	
8862	σαφής	d--------	σαφής	σαφής	d--------	d--------	
8863	μέντοι	g--------	μέντοι	μέντοι	d--------	g--------	
8864	σύ	p-s---cn-	σύ	σύ	p2s---cn-	p-s---cn-	
8865	μαστροπός	n-s---mv-	μαστροπός	μαστροπός	d--------	n-s---mv-	
8866	σεαυτοῦ	p-s---mg-	σεαυτοῦ	σεαυτοῦ	p2s---mg-	p-s---mg-	
8867	ἀεί	d--------	ἀεί	ἀεί	d--------	d--------	
8868	τοιοῦτος	p-p---na-	τοιοῦτος	τοιοῦτος	p-p---na-	p-p---na-	
8869	ποιέω	v2spia---	ποιέω	ποιέω	v2spia---	v2spia---	
8870	·	u--------	·	·	u--------	u--------	
8871	τότε	d--------	τοτέ	τότε	d--------	d--------	
8872	μέν	g--------	μέν	μέν	d--------	g--------	
8873	ὁ	l-s---na-	ὁ	ὁ	l-s---na-	l-s---na-	
8874	δαιμόνιον	n-s---na-	δαιμόνιον	δαιμόνιον	n-s---na-	n-s---na-	
8875	προφασίζομαι	v-sppmmn-	προφασίζομαι	προφασίζομαι	v-sppemn-	v-sppmmn-	
8876	οὐ	d--------	οὐ	οὐ	d--------	d--------	
8877	διαλέγω	v2spim---	διαλέγω	διαλέγω	v2spie---	v2spim---	
8878	ἐγώ	p-s---cd-	ἐγώ	ἐγώ	p1s---cd-	p-s---cd-	
8879	,	u--------	,	,	u--------	u--------	
8880	τότε	d--------	τοτέ	τότε	d--------	d--------	
8881	δέ	c--------	δέ	δέ	d--------	c--------	
8882	ἄλλος	p-s---ng-	ἄλλος	ἄλλος	p-s---ng-	p-s---ng-	
8883	τις	p-s---ng-	τις	τις	p-s---ng-	p-s---ng-	
8884	ἐφίημι	v-sppmmn-	ἐφίημι	ἐφίημι	v-sppemn-	v-sppmmn-	
8885	.	u--------	.	.	u--------	u--------	
8886	καί	c--------	καί	καί	c--------	c--------	
8887	ὁ	l-s---mn-	ὁ	ὁ	l-s---mn-	l-s---mn-	
8888	Σωκράτης	n-s---mn-	σωκράτης	Σωκράτης	n-s---mn-	n-s---mn-	
8889	φημί	v3siia---	φημί	φημί	v3siia---	v3siia---	
8890	·	u--------	·	·	u--------	u--------	
8891	πρός	r--------	πρός	πρός	r--------	r--------	
8892	ὁ	l-p---mg-	ὁ	ὁ	l-p---mg-	l-p---mg-	
8893	θεός	n-p---mg-	θεός	θεός	n-p---mg-	n-p---mg-	
8894	,	u--------	,	,	u--------	u--------	
8895	ὦ	i--------	ὦ	ὦ	i--------	i--------	
8896	Ἀντισθένης	n-s---mv-	ἀντισθένης	Ἀντισθένης	n-s---mv-	n-s---mv-	
8897	,	u--------	,	,	u--------	u--------	
8898	μόνος	d--------	μόνος	μόνος	d--------	d--------	
8899	μή	d--------	μή	μή	d--------	d--------	
8900	συγκόπτω	v2sasa---	συγκόπτω	συγκόπτω	v2sasa---	v2sasa---	
8901	ἐγώ	p-s---ca-	ἐγώ	ἐγώ	p1s---ca-	p-s---ca-	
8902	·	u--------	·	·	u--------	u--------	
8903	ὁ	l-s---fa-	ὁ	ὁ	l-s---fa-	l-s---fa-	
8904	δέ	c--------	δέ	δέ	d--------	c--------	
8905	ἄλλος	p-s---fa-	ἄλλος	ἄλλος	p-s---fa-	p-s---fa-	
8906	χαλεπότης	n-s---fa-	χαλεπότης	χαλεπότης	n-s---fa-	n-s---fa-	
8907	ἐγώ	p-s---cn-	ἐγώ	ἐγώ	p1s---cn-	p-s---cn-	
8908	σύ	p-s---cg-	σύ	σύ	p-s---mg-	p-s---cg-	
8909	καί	c--------	καί	καί	d--------	c--------	
8910	φέρω	v1spia---	φέρω	φέρω	v1spia---	v1spia---	
8911	καί	c--------	καί	καί	c--------	c--------	
8912	φέρω	v1sfia---	φέρω	φέρω	v1sfia---	v1sfia---	
8913	φιλικός	d--------	φιλικός	φιλικός	d--------	d--------	
8914	.	u--------	.	.	u--------	u--------	
8915	ἀλλά	c--------	ἀλλά	ἀλλά	c--------	c--------	
8916	γάρ	g--------	γάρ	γάρ	d--------	g--------	
8917	,	u--------	,	,	u--------	u--------	
8918	φημί	v3siia---	φημί	φημί	v3siia---	v3siia---	
8919	,	u--------	,	,	u--------	u--------	
8920	ὁ	l-s---ma-	ὁ	ὁ	l-s---ma-	l-s---ma-	
8921	μέν	g--------	μέν	μέν	d--------	g--------	
8922	σός	a-s---ma-	σός	σός	a-s---ma-	a-s---ma-	
8923	ἔρως	n-s---ma-	ἔρως	ἔρως	n-s---ma-	n-s---ma-	
8924	κρύπτω	v1ppsa---	κρύπτω	κρύπτω	v1ppsa---	v1ppsa---	
8925	,	u--------	,	,	u--------	u--------	
8926	ἐπειδή	c--------	ἐπεί	ἐπειδή	c--------	c--------	DISAGREE
8927	καί	c--------	καί	καί	d--------	c--------	
8928	εἰμί	v3spia---	εἰμί	εἰμί	v3spia---	v3spia---	
8929	οὐ	d--------	οὐ	οὐ	d--------	d--------	
8930	ψυχή	n-s---fg-	ψυχή	ψυχή	n-s---fg-	n-s---fg-	
8931	ἀλλά	c--------	ἀλλά	ἀλλά	c--------	c--------	
8932	εὐμορφία	n-s---fg-	εὐμορφία	εὐμορφία	n-s---fg-	n-s---fg-	
8933	ὁ	l-s---fg-	ὁ	ὁ	l-s---fg-	l-s---fg-	
8934	ἐμός	a-s---fg-	ἐμός	ἐμός	a-s---fg-	a-s---fg-	
8935	.	u--------	.	.	u--------	u--------	
8936	ὅτι	c--------	ὅτι	ὅτι	c--------	c--------	
8937	γε	g--------	γε	γε	d--------	g--------	
8938	μήν	g--------	μήν	μήν	d--------	g--------	
8939	σύ	p-s---cn-	σύ	σύ	p-s---mn-	p-s---cn-	
8940	,	u--------	,	,	u--------	u--------	
8941	ὦ	i--------	ὦ	ὦ	i--------	i--------	
8942	Καλλίας	n-s---mv-	καλλίης	Καλλίας	n-s---mv-	n-s---mv-	DISAGREE
8943	,	u--------	,	,	u--------	u--------	
8944	ἐράω	v2spia---	ἐράω	ἐράω	v2spia---	v2spia---	
8945	Αὐτόλυκος	n-s---mg-	αὐτόλυκος	Αὐτόλυκος	n-s---mg-	n-s---mg-	
8946	πᾶς	p-s---fn-	πᾶς	πᾶς	a-s---fn-	p-s---fn-	
8947	μέν	g--------	μέν	μέν	d--------	g--------	
8948	ὁ	l-s---fn-	ὁ	ὁ	l-s---fn-	l-s---fn-	
8949	πόλις	n-s---fn-	πόλις	πόλις	n-p---fa-	n-s---fn-	
8950	οἶδα	v3sria---	οἶδα	οἶδα	v3sria---	v3sria---	
8951	,	u--------	,	,	u--------	u--------	
8952	πολύς	a-p---ma-	πολύς	πολύς	a-p---ma-	a-p---ma-	
8953	δέ	c--------	δέ	δέ	c--------	c--------	
8954	οἴομαι	v1spim---	οἴομαι	οἴομαι	v1spie---	v1spim---	
8955	καί	c--------	καί	καί	d--------	c--------	
8956	ὁ	l-p---mg-	ὁ	ὁ	l-p---mg-	l-p---mg-	
8957	ξένος	a-p---mg-	ξένος	ξένος	n-p---mg-	a-p---mg-	
8958	.	u--------	.	.	u--------	u--------	
8959	οὗτος	p-s---ng-	οὗτος	οὗτος	p-s---ng-	p-s---ng-	
8960	δέ	c--------	δέ	δέ	d--------	c--------	
8961	αἴτιος	a-s---nn-	αἴτιος	αἴτιος	a-s---nn-	a-s---nn-	
8962	ὁ	l-s---nn-	ὁ	ὁ	l-s---nn-	l-s---nn-	
8963	πατήρ	n-p---mg-	πατήρ	πατήρ	n-p---mg-	n-p---mg-	
8964	τε	c--------	τε	τε	d--------	c--------	
8965	ὀνομαστός	a-p---mg-	ὀνομαστός	ὀνομαστός	n-p---mg-	a-p---mg-	
8966	ἀμφότερος	a-p---ma-	ἀμφότερος	ἀμφότερος	a-p---ma-	a-p---ma-	
8967	σύ	p-p---ca-	σύ	σύ	p-p---ma-	p-p---ca-	
8968	εἰμί	v--pna---	εἰμί	εἰμί	v--pna---	v--pna---	
8969	καί	c--------	καί	καί	c--------	c--------	
8970	αὐτός	p-p---ma-	αὐτός	αὐτός	p-p---ma-	p-p---ma-	
8971	ἐπιφανής	a-p---ma-	ἐπιφανής	ἐπιφανής	a-p---ma-	a-p---ma-	
8972	.	u--------	.	.	u--------	u--------	
8973	ἀεί	d--------	ἀεί	ἀεί	d--------	d--------	
8974	μέν	g--------	μέν	μέν	d--------	g--------	
8975	οὖν	g--------	οὖν	οὖν	d--------	g--------	
8976	ἐγώ	p-s---cn-	ἐγώ	ἐγώ	p1s---cn-	p-s---cn-	
8977	ἄγαμαι	v1siim---	ἄγαμαι	ἄγαμαι	v1siie---	v1siim---	
8978	ὁ	l-s---fa-	ὁ	ὁ	l-s---fa-	l-s---fa-	
8979	σός	a-s---fa-	σός	σός	a-s---fa-	a-s---fa-	
8980	φύσις	n-s---fa-	φύσις	φύσις	n-s---fa-	n-s---fa-	
8981	,	u--------	,	,	u--------	u--------	
8982	νῦν	d--------	νῦν	νῦν	d--------	d--------	
8983	δέ	c--------	δέ	δέ	c--------	c--------	
8984	καί	c--------	καί	καί	d--------	c--------	
8985	πολύς	a-s---na-	πολύς	πολύς	a-s---na-	a-s---na-	
8986	μάλα	d-------c	μᾶλλον	μάλα	d-------c	d-------c	DISAGREE
8987	,	u--------	,	,	u--------	u--------	
8988	ἐπεί	c--------	ἐπεί	ἐπεί	c--------	c--------	
8989	ὁράω	v1spia---	ὁράω	ὁράω	v1spia---	v1spia---	
8990	σύ	p-s---ca-	σύ	σύ	p-s---ma-	p-s---ca-	
8991	ἐράω	v-sppama-	ἐράω1	ἐράω	v-sppama-	v-sppama-	
8992	οὐ	d--------	οὐ	οὐ	d--------	d--------	
8993	ἁβρότης	n-s---fd-	ἁβρότης	ἁβρότης	n-s---fd-	n-s---fd-	
8994	χλιδαίνομαι	v-spppmg-	χλαίνω	χλιδαίνομαι	v-sppemg-	v-spppmg-	DISAGREE
8995	οὐ	d--------	οὐ	οὐ	d--------	d--------	
8996	δέ	c--------	δέ		c--------		oga_only
8997	μαλακία	n-s---fd-	μαλακία		n-s---fd-		oga_only
8998	θρύπτω	v-sppemg-	θρύπτω		v-sppemg-		oga_only
8999	,	u--------	,		u--------		oga_only
9000	ἀλλά	c--------	ἀλλά		c--------		oga_only
9001	πᾶς	a-p---md-	πᾶς		a-p---md-		oga_only
9002	ἐπιδείκνυμι	v-sppemg-	ἐπιδείκνυμι		v-sppemg-		oga_only
9003	ῥώμη	n-s---fa-	ῥώμη		n-s---fa-		oga_only
9004	τε	c--------	τε		c--------		oga_only
9005	καί	c--------	καί	καί	d--------	c--------	
9006	καρτερία	n-s---fa-	καρτερία		n-s---fa-		oga_only
9007	καί	c--------	καί	καί	d--------	c--------	
9008	ἀνδρεία	n-s---fa-	ἀνδρεία		n-s---fa-		oga_only
9009	καί	c--------	καί		c--------		oga_only
9010	σωφροσύνη	n-s---fa-	σωφροσύνη		n-s---fa-		oga_only
9011	.	u--------	.		u--------		oga_only
9012	ὁ	l-s---nn-	ὁ		l-s---nn-		oga_only
9013	δέ	d--------	δέ		d--------		oga_only
9014	τοιοῦτος	p-p---ng-	τοιοῦτος		p-p---ng-		oga_only
9015	ἐπιθυμέω	v--pna---	ἐπιθυμέω		v--pna---		oga_only
9016	τεκμήριον	n-s---nn-	τεκμήριον		n-s---nn-		oga_only
9017	εἰμί	v3spia---	εἰμί		v3spia---		oga_only
9018	ὁ	l-s---fg-	ὁ		l-s---fg-		oga_only
9019	ὁ	l-s---mg-	ὁ		l-s---mg-		oga_only
9020	ἐραστής	n-s---mg-	ἐραστής		n-s---mg-		oga_only
9021	φύσις	n-s---fg-	φύσις		n-s---fg-		oga_only
9022	.	u--------	.		u--------		oga_only
9023	εἰ	c--------	εἰ	εἰ	c--------	c--------	
9024	μέν	g--------	μέν	μέν	d--------	g--------	
9025	οὖν	g--------	οὖν	οὖν	d--------	g--------	
9026	εἷς	m-s---fn-	εἷς	εἷς	m-s---fn-	m-s---fn-	
9027	εἰμί	v3spia---	εἰμί	εἰμί	v3spia---	v3spia---	
9028	Ἀφροδίτη	n-s---fn-	ἀφροδίτη	Ἀφροδίτη	n-s---fn-	n-s---fn-	
9029	ἤ	c--------	ἤ1	ἤ	c--------	c--------	
9030	δισσός	a-p---fn-	δισσός	δισσός	a-p---fn-	a-p---fn-	
9031	,	u--------	,	,	u--------	u--------	
9032	Οὐρανία	n-s---fn-	οὐράνιος	Οὐρανία	n-s---fn-	n-s---fn-	DISAGREE
9033	τε	c--------	τε	τε	c--------	c--------	
9034	καί	c--------	καί	καί	c--------	c--------	
9035	Πάνδημος	n-s---mn-	πάνδημος	Πάνδημος	n-s---mn-	n-s---mn-	
9036	,	u--------	,	,	u--------	u--------	
9037	οὐ	d--------	οὐ	οὐ	d--------	d--------	
9038	οἶδα	v1sria---	οἶδα	οἶδα	v1sria---	v1sria---	
9039	·	u--------	·	·	u--------	u--------	
9040	καί	c--------	καί	καί	c--------	c--------	
9041	γάρ	g--------	γάρ	γάρ	d--------	g--------	
9042	Ζεύς	n-s---mn-	ζεύς	Ζεύς	n-s---mn-	n-s---mn-	
9043	ὁ	l-s---mn-	ὁ	ὁ	l-s---mn-	l-s---mn-	
9044	αὐτός	p-s---mn-	αὐτός	αὐτός	p-s---mn-	p-s---mn-	
9045	δοκέω	v-sppamn-	δοκέω	δοκέω	v-sppamn-	v-sppamn-	
9046	εἰμί	v--pna---	εἰμί	εἰμί	v--pna---	v--pna---	
9047	πολύς	a-p---fa-	πολύς	πολύς	a-p---fa-	a-p---fa-	
9048	ἐπωνυμία	n-p---fa-	ἐπωνυμία	ἐπωνυμία	n-p---fa-	n-p---fa-	
9049	ἔχω	v3spia---	ἔχω	ἔχω	v3spia---	v3spia---	
9050	·	u--------	·	·	u--------	u--------	
9051	ὅτι	c--------	ὅτι	ὅτι	c--------	c--------	
9052	γε	g--------	γε	γε	d--------	g--------	
9053	μέντοι	g--------	μέντοι	μέντοι	d--------	g--------	
9054	χωρίς	r--------	χωρίς	χωρίς	d--------	r--------	
9055	ἑκάτερος	p-s---fd-	ἑκάτερος	ἑκάτερος	a-s---fd-	p-s---fd-	
9056	βωμός	n-p---mn-	βωμός	βωμός	n-p---mn-	n-p---mn-	
9057	τε	c--------	τε	τε	d--------	c--------	
9058	καί	c--------	καί	καί	d--------	c--------	
9059	ναός	n-p---mn-	ναός	ναός	n-p---mn-	n-p---mn-	
9060	εἰμί	v3ppia---	εἰμί	εἰμί	v3ppia---	v3ppia---	
9061	καί	c--------	καί	καί	c--------	c--------	
9062	θυσία	n-p---fn-	θυσία	θυσία	n-p---fn-	n-p---fn-	
9063	ὁ	l-s---fd-	ὁ	ὁ	l-s---fd-	l-s---fd-	
9064	μέν	g--------	μέν	μέν	d--------	g--------	
9065	Πάνδημος	n-s---md-	πάνδημος	Πάνδημος	n-s---md-	n-s---md-	
9066	ῥᾳδιουργός	a-p---fnc	ῥᾳδιουργός	ῥᾳδιουργός	a-p---fnc	a-p---fnc	
9067	,	u--------	,	,	u--------	u--------	
9068	ὁ	l-s---fd-	ὁ	ὁ	l-s---fd-	l-s---fd-	
9069	δέ	c--------	δέ	δέ	c--------	c--------	
9070	Οὐρανία	n-s---fd-	οὐράνιος	Οὐρανία	n-s---fd-	n-s---fd-	DISAGREE
9071	ἁγνός	a-p---fnc	ἁγνός	ἁγνός	a-p---fnc	a-p---fnc	
9072	,	u--------	,	,	u--------	u--------	
9073	οἶδα	v1sria---	οἶδα	οἶδα	v1sria---	v1sria---	
9074	.	u--------	.	.	u--------	u--------	
9075	εἰκάζω	v2saoa---	εἰκάζω	εἰκάζω	v2saoa---	v2saoa---	
9076	δέ	c--------	δέ	δέ	d--------	c--------	
9077	ἄν	g--------	ἄν	ἄν	d--------	g--------	
9078	καί	c--------	καί	καί	d--------	c--------	
9079	ὁ	l-p---ma-	ὁ	ὁ	l-p---ma-	l-p---ma-	
9080	ἔρως	n-p---ma-	ἔρως	ἔρως	n-p---ma-	n-p---ma-	
9081	ὁ	l-s---fa-	ὁ	ὁ	l-s---fa-	l-s---fa-	
9082	μέν	g--------	μέν	μέν	d--------	g--------	
9083	Πάνδημος	n-s---ma-	πάνδημος	Πάνδημος	n-s---fa-	n-s---ma-	
9084	ὁ	l-p---ng-	ὁ	ὁ	l-p---ng-	l-p---ng-	
9085	σῶμα	n-p---ng-	σῶμα	σῶμα	n-p---ng-	n-p---ng-	
9086	ἐπιπέμπω	v--pna---	ἐπιπέμπω	ἐπιπέμπω	v--pna---	v--pna---	
9087	,	u--------	,	,	u--------	u--------	
9088	ὁ	l-s---fa-	ὁ	ὁ	l-s---fa-	l-s---fa-	
9089	δέ	c--------	δέ	δέ	c--------	c--------	
9090	Οὐρανία	n-s---fa-	οὐράνιος	Οὐρανία	n-s---fa-	n-s---fa-	DISAGREE
9091	ὁ	l-s---fg-	ὁ	ὁ	l-s---fg-	l-s---fg-	
9092	ψυχή	n-s---fg-	ψυχή	ψυχή	n-s---fg-	n-s---fg-	
9093	τε	c--------	τε	τε	d--------	c--------	
9094	καί	c--------	καί	καί	d--------	c--------	
9095	ὁ	l-s---fg-	ὁ	ὁ	l-s---fg-	l-s---fg-	
9096	φιλία	n-s---fg-	φιλία	φιλία	n-s---fg-	n-s---fg-	
9097	καί	c--------	καί	καί	c--------	c--------	
9098	ὁ	l-p---ng-	ὁ	ὁ	l-p---ng-	l-p---ng-	
9099	καλός	a-p---ng-	καλός	καλός	a-p---ng-	a-p---ng-	
9100	ἔργον	n-p---ng-	ἔργον	ἔργον	n-p---ng-	n-p---ng-	
9101	.	u--------	.	.	u--------	u--------	
9102	ὑπό	r--------	ὑπό	ὑπό	r--------	r--------	
9103	ὅς	p-s---mg-	ὅς	ὅς	a-s---mg-	p-s---mg-	
9104	δή	g--------	δή	δή	d--------	g--------	
9105	καί	c--------	καί	καί	d--------	c--------	
9106	σύ	p-s---cn-	σύ	σύ	p-s---mn-	p-s---cn-	
9107	,	u--------	,	,	u--------	u--------	
9108	ὦ	i--------	ὦ	ὦ	i--------	i--------	
9109	Καλλίας	n-s---mv-	καλλίης	Καλλίας	n-s---mv-	n-s---mv-	DISAGREE
9110	,	u--------	,	,	u--------	u--------	
9111	κατέχω	v--pnm---	κατέχω	κατέχω	v--pne---	v--pnm---	
9112	ἐγώ	p-s---cd-	ἐγώ	ἐγώ	p1s---md-	p-s---cd-	
9113	δοκέω	v2spia---	δοκέω	δοκέω	v2spia---	v2spia---	
9114	ἔρως	n-s---mg-	ἔρως	ἔρως	n-s---mg-	n-s---mg-	
9115	.	u--------	.	.	u--------	u--------	
9116	τεκμαίρομαι	v1spim---	τεκμαίρομαι	τεκμαίρομαι	v1spie---	v1spim---	
9117	δέ	c--------	δέ	δέ	d--------	c--------	
9118	ὁ	l-s---fd-	ὁ	ὁ	l-s---fd-	l-s---fd-	
9119	ὁ	l-s---mg-	ὁ	ὁ	l-s---mg-	l-s---mg-	
9120	ἐράω	v-sppmmg-	ἐρώμενος	ἐράω	n-s---mg-	v-sppmmg-	DISAGREE
9121	καλοκἀγαθία	n-s---fd-		καλοκἀγαθία		n-s---fd-	glaux_only
9122	καί	c--------	καί	καί	c--------	c--------	
9123	ὅτι	c--------	ὅτι	ὅτι	c--------	c--------	
9124	σύ	p-s---ca-	σύ	σύ	p-s---ma-	p-s---ca-	
9125	ὁράω	v1spia---	ὁράω	ὁράω	v1spia---	v1spia---	
9126	ὁ	l-s---ma-	ὁ	ὁ	l-s---ma-	l-s---ma-	
9127	πατήρ	n-s---ma-	πατήρ	πατήρ	n-s---ma-	n-s---ma-	
9128	αὐτός	p-s---mg-	αὐτός	αὐτός	p-s---mg-	p-s---mg-	
9129	παραλαμβάνω	v-sppama-	παραλαμβάνω	παραλαμβάνω	v-sppama-	v-sppama-	
9130	εἰς	r--------	εἰς	εἰς	r--------	r--------	
9131	ὁ	l-p---fa-	ὁ	ὁ	l-p---fa-	l-p---fa-	
9132	πρός	r--------	πρός	πρός	r--------	r--------	
9133	οὗτος	p-s---ma-	οὗτος	οὗτος	p-s---ma-	p-s---ma-	
9134	συνουσία	n-p---fa-	συνουσία	συνουσία	n-p---fa-	n-p---fa-	
9135	.	u--------	.	.	u--------	u--------	
9136	οὐδείς	p-s---nn-	οὐδείς	οὐδείς	p-s---nn-	p-s---nn-	
9137	γάρ	g--------	γάρ	γάρ	g--------	g--------	
9138	οὗτος	p-p---ng-	οὗτος	οὗτος	p-p---ng-	p-p---ng-	
9139	εἰμί	v3spia---	εἰμί	εἰμί	v3spia---	v3spia---	
9140	ἀπόκρυφος	a-s---nn-	ἀπόκρυφος	ἀπόκρυφος	a-s---nn-	a-s---nn-	
9141	πατήρ	n-s---mg-	πατήρ	πατήρ	n-s---mg-	n-s---mg-	
9142	ὁ	l-s---md-	ὁ	ὁ	l-s---md-	l-s---md-	
9143	καλός	a-s---md-	καλός	καλός	a-s---md-	a-s---md-	
9144	τε	c--------	τε	τε	g--------	c--------	
9145	καί	c--------	καί		c--------		oga_only
9146	ἀγαθός	a-s---md-	ἀγαθός		a-s---md-		oga_only
9147	ἐραστής	n-s---md-	ἐραστής	ἐραστής	n-s---md-	n-s---md-	
9148	.	u--------	.	.	u--------	u--------	
9149	καί	c--------	καί	καί	d--------	c--------	
9150	ὁ	l-s---mn-	ὁ	ὁ	l-s---mn-	l-s---mn-	
9151	Ἑρμογένης	n-s---mn-	ἑρμογένης	Ἑρμογένης	n-s---mn-	n-s---mn-	
9152	λέγω	v3saia---	εἶπον	λέγω	v3saia---	v3saia---	DISAGREE
9153	·	u--------	·	·	u--------	u--------	
9154	νή	r--------	νή	νή	r--------	r--------	
9155	ὁ	l-s---fa-	ὁ	ὁ	l-s---fa-	l-s---fa-	
9156	Ἥρα	n-s---fa-	ἥρα	Ἥρα	n-s---fa-	n-s---fa-	
9157	,	u--------	,	,	u--------	u--------	
9158	φημί	v3siia---	φημί	φημί	v3siia---	v3siia---	
9159	,	u--------	,	,	u--------	u--------	
9160	ὦ	i--------	ὦ	ὦ	i--------	i--------	
9161	Σωκράτης	n-s---mv-	σωκράτης	Σωκράτης	n-s---mv-	n-s---mv-	
9162	,	u--------	,	,	u--------	u--------	
9163	ἄλλος	p-p---na-	ἄλλος	ἄλλος	p-p---na-	p-p---na-	
9164	τε	c--------	τε	τε	d--------	c--------	
9165	σύ	p-s---cg-	σύ	σύ	p-s---mg-	p-s---cg-	
9166	πολύς	a-p---na-	πολύς	πολύς	a-p---na-	a-p---na-	
9167	ἄγαμαι	v1spim---	ἄγαμαι	ἄγαμαι	v1spie---	v1spim---	
9168	καί	c--------	καί	καί	c--------	c--------	
9169	ὅτι	c--------	ὅτι	ὅτι	c--------	c--------	
9170	νῦν	d--------	νῦν	νῦν	d--------	d--------	
9171	ἅμα	d--------	ἅμα	ἅμα	d--------	d--------	
9172	χαρίζω	v-sppmmn-	χαρίζομαι	χαρίζω	v-sppemn-	v-sppmmn-	DISAGREE
9173	Καλλίας	n-s---md-	καλλίας	Καλλίας	n-s---md-	n-s---md-	
9174	καί	c--------	καί	καί	d--------	c--------	
9175	παιδεύω	v2spia---	παιδεύω	παιδεύω	v2spia---	v2spia---	
9176	αὐτός	p-s---ma-	αὐτός	αὐτός	p-s---ma-	p-s---ma-	
9177	οἷος	p-s---nn-	οἷονπερ	οἷος	p-s---na-	p-s---nn-	DISAGREE
9178	χρή	v3spia---	χρή	χρή	v3spia---	v3spia---	
9179	εἰμί	v--pna---	εἰμί	εἰμί	v--pna---	v--pna---	
9180	.	u--------	.	.	u--------	u--------	
9181	νή	r--------	νή	νή	r--------	r--------	
9182	Ζεύς	n-s---ma-	ζεύς	Ζεύς	n-s---ma-	n-s---ma-	
9183	,	u--------	,	,	u--------	u--------	
9184	φημί	v3siia---	φημί	φημί	v3siia---	v3siia---	
9185	,	u--------	,	,	u--------	u--------	
9186	ὅπως	c--------	ὅπως	ὅπως	c--------	c--------	
9187	δέ	c--------	δέ	δέ	d--------	c--------	
9188	καί	c--------	καί	καί	d--------	c--------	
9189	ἔτι	d--------	ἔτι	ἔτι	d--------	d--------	
9190	μάλα	d-------c	μᾶλλον	μάλα	d-------c	d-------c	DISAGREE
9191	εὐφραίνω	v3spsm---	εὐφραίνω	εὐφραίνω	v3spse---	v3spsm---	
9192	,	u--------	,	,	u--------	u--------	
9193	βούλομαι	v1spim---	βούλομαι	βούλομαι	v1spie---	v1spim---	
9194	αὐτός	p-s---md-	αὐτός	αὐτός	p-s---md-	p-s---md-	
9195	μαρτυρέω	v--ana---	μαρτυρέω	μαρτυρέω	v--ana---	v--ana---	
9196	ὡς	c--------	ὡς	ὡς	c--------	c--------	
9197	καί	c--------	καί	καί	d--------	c--------	
9198	πολύς	a-s---na-	πολύς	πολύς	a-s---na-	a-s---na-	
9199	κρατύς	a-s---mnc	κρείσσων	κρατύς	a-s---mnc	a-s---mnc	DISAGREE
9200	εἰμί	v3spia---	εἰμί	εἰμί	v3spia---	v3spia---	
9201	ὁ	l-s---mn-	ὁ	ὁ	l-s---mn-	l-s---mn-	
9202	ὁ	l-s---fg-	ὁ	ὁ	l-s---fg-	l-s---fg-	
9203	ψυχή	n-s---fg-	ψυχή	ψυχή	n-s---fg-	n-s---fg-	
9204	ἤ	c--------	ἤ1	ἤ	c--------	c--------	
9205	ὁ	l-s---mn-	ὁ	ὁ	l-s---mn-	l-s---mn-	
9206	ὁ	l-s---ng-	ὁ	ὁ	l-s---ng-	l-s---ng-	
9207	σῶμα	n-s---ng-	σῶμα	σῶμα	n-s---ng-	n-s---ng-	
9208	ἔρως	n-s---mn-	ἔρως	ἔρως	n-s---mn-	n-s---mn-	
9209	.	u--------	.	.	u--------	u--------	
9210	ὅτι	c--------	ὅτι	ὅτι	c--------	c--------	
9211	μέν	g--------	μέν	μέν	d--------	g--------	
9212	γάρ	g--------	γάρ	γάρ	d--------	g--------	
9213	δή	g--------	δή	δή	d--------	g--------	
9214	ἄνευ	r--------	ἄνευ	ἄνευ	r--------	r--------	
9215	φιλία	n-s---fg-	φιλία	φιλία	n-s---fg-	n-s---fg-	
9216	συνουσία	n-s---fn-	συνουσία	συνουσία	n-s---fn-	n-s---fn-	
9217	οὐδείς	p-s---fn-	οὐδείς	οὐδείς	a-s---fn-	p-s---fn-	
9218	ἀξιόλογος	a-s---fn-	ἀξιόλογος	ἀξιόλογος	a-s---fn-	a-s---fn-	
9219	πᾶς	p-p---mn-	πᾶς	πᾶς	a-p---mn-	p-p---mn-	
9220	ἐπίσταμαι	v1ppim---	ἐπίσταμαι	ἐπίσταμαι	v1ppie---	v1ppim---	
9221	.	u--------	.	.	u--------	u--------	
9222	φιλέω	v--pna---	φιλέω	φιλέω	v--pna---	v--pna---	
9223	γε	g--------	γε	γε	d--------	g--------	
9224	μήν	g--------	μήν	μήν	d--------	g--------	
9225	ὁ	l-p---mg-	ὁ	ὁ	l-p---mg-	l-p---mg-	
9226	μέν	g--------	μέν	μέν	d--------	g--------	
9227	ὁ	l-s---na-	ὁ	ὁ	l-s---na-	l-s---na-	
9228	ἦθος	n-s---na-	ἦθος	ἦθος	n-s---na-	n-s---na-	
9229	ἀγάομαι	v-pppmmg-	ἀγάω	ἀγάομαι	v-pppemg-	v-pppmmg-	DISAGREE
9230	ἀνάγκη	n-s---fn-	ἀνάγκη	ἀνάγκη	n-s---fn-	n-s---fn-	
9231	ἡδύς	a-s---fn-	ἡδύς	ἡδύς	a-s---fn-	a-s---fn-	
9232	καί	c--------	καί	καί	c--------	c--------	
9233	ἐθελούσιος	a-s---fn-	ἐθελουσία	ἐθελούσιος	n-s---fn-	a-s---fn-	DISAGREE
9234	καλέω	v3spim---	καλέω	καλέω	v3spie---	v3spim---	
9235	·	u--------	·	·	u--------	u--------	
9236	ὁ	l-p---mg-	ὁ	ὁ	l-p---mg-	l-p---mg-	
9237	δέ	c--------	δέ	δέ	d--------	c--------	
9238	ὁ	l-s---ng-	ὁ	ὁ	l-s---ng-	l-s---ng-	
9239	σῶμα	n-s---ng-	σῶμα	σῶμα	n-s---ng-	n-s---ng-	
9240	ἐπιθυμέω	v-pppamg-	ἐπιθυμέω	ἐπιθυμέω	v-pppamg-	v-pppamg-	
9241	πολύς	a-p---mn-	πολύς	πολύς	a-p---mn-	a-p---mn-	
9242	μέν	g--------	μέν	μέν	d--------	g--------	
9243	ὁ	l-p---ma-	ὁ	ὁ	l-p---ma-	l-p---ma-	
9244	τρόπος	n-p---ma-	τρόπος	τρόπος	n-p---ma-	n-p---ma-	
9245	μέμφομαι	v3ppim---	μέμφομαι	μέμφομαι	v3ppie---	v3ppim---	
9246	καί	c--------	καί	καί	c--------	c--------	
9247	μισέω	v3ppia---	μισέω	μισέω	v3ppia---	v3ppia---	
9248	ὁ	l-p---mg-	ὁ	ὁ	l-p---mg-	l-p---mg-	
9249	ἐράω	v-pppmmg-	ἐρώμενος	ἐράω	n-p---mg-	v-pppmmg-	DISAGREE
9250	·	u--------	·	·	u--------	u--------	
9251	ἐάν	c--------	ἄν	ἐάν	c--------	c--------	DISAGREE
9252	δέ	c--------	δέ	δέ	d--------	c--------	
9253	καί	c--------	καί	καί	d--------	c--------	
9254	ἀμφότερος	a-p---nn-	ἀμφότερος	ἀμφότερος	a-p---na-	a-p---nn-	
9255	στέργω	v3pasa---	στέργω	στέργω	v3pasa---	v3pasa---	
9256	,	u--------	,	,	u--------	u--------	
9257	ὁ	l-s---nn-	ὁ	ὁ	l-s---nn-	l-s---nn-	
9258	μέν	g--------	μέν	μέν	d--------	g--------	
9259	ὁ	l-s---fg-	ὁ	ὁ	l-s---fg-	l-s---fg-	
9260	ὥρα	n-s---fg-	ὥρα	ὥρα	n-s---fg-	n-s---fg-	
9261	ἄνθος	n-s---nn-	ἄνθος	ἄνθος	n-s---nn-	n-s---nn-	
9262	ταχύς	a-s---na-	ταχύς	ταχύς	a-s---na-	a-s---na-	
9263	δήπου	g--------	δήπου	δήπου	d--------	g--------	
9264	παρακμάζω	v3spia---	παρακμάζω	παρακμάζω	v3spia---	v3spia---	
9265	,	u--------	,	,	u--------	u--------	
9266	ἀπολείπω	v-sppang-	ἀπολιμπάνω	ἀπολείπω	v-sppang-	v-sppang-	DISAGREE
9267	δέ	c--------	δέ	δέ	d--------	c--------	
9268	οὗτος	p-s---ng-	οὗτος	οὗτος	p-s---ng-	p-s---ng-	
9269	ἀνάγκη	n-s---fn-	ἀνάγκη	ἀνάγκη	n-s---fn-	n-s---fn-	
9270	καί	c--------	καί	καί	d--------	c--------	
9271	ὁ	l-s---fa-	ὁ	ὁ	l-s---fa-	l-s---fa-	
9272	φιλία	n-s---fa-	φιλία	φιλία	n-s---fa-	n-s---fa-	
9273	συναπομαραίνομαι	v--pnm---	συναπομαραίνω	συναπομαραίνομαι	v--pne---	v--pnm---	DISAGREE
9274	,	u--------	,	,	u--------	u--------	
9275	ὁ	l-s---fn-	ὁ	ὁ	l-s---fn-	l-s---fn-	
9276	δέ	c--------	δέ	δέ	c--------	c--------	
9277	ψυχή	n-s---fn-	ψυχή	ψυχή	n-s---fn-	n-s---fn-	
9278	ὅσος	p-s---ma-	ὅσος	ὅσος	a-s---ma-	p-s---ma-	
9279	ἄν	g--------	ἄν	ἄν	d--------	g--------	
9280	χρόνος	n-s---ma-	χρόνος	χρόνος	n-s---ma-	n-s---ma-	
9281	ἔρχομαι	v3spsa---	εἶμι	ἔρχομαι	v3spsa---	v3spsa---	DISAGREE
9282	ἐπί	r--------	ἐπί	ἐπί	r--------	r--------	
9283	ὁ	l-s---na-	ὁ	ὁ	l-s---na-	l-s---na-	
9284	φρόνιμος	a-s---nac	φρόνιμος	φρόνιμος	a-s---nac	a-s---nac	
9285	καί	c--------	καί	καί	c--------	c--------	
9286	ἀξιέραστος	a-s---fnc	ἀξιέραστος	ἀξιέραστος	a-s---mgc	a-s---fnc	
9287	γίγνομαι	v3spim---	γίγνομαι	γίγνομαι	v3spie---	v3spim---	
9288	.	u--------	.	.	u--------	u--------	
9289	καί	c--------	καί	καί	c--------	c--------	
9290	μήν	g--------	μήν	μήν	d--------	g--------	
9291	ἐν	r--------	ἐν	ἐν	r--------	r--------	
9292	μέν	g--------	μέν	μέν	d--------	g--------	
9293	ὁ	l-s---fd-	ὁ	ὁ	l-s---fd-	l-s---fd-	
9294	ὁ	l-s---fg-	ὁ	ὁ	l-s---fg-	l-s---fg-	
9295	μορφή	n-s---fg-	μορφή	μορφή	n-s---fg-	n-s---fg-	
9296	χρῆσις	n-s---fd-	χρῆσις	χρῆσις	n-s---fd-	n-s---fd-	
9297	ἔνειμι	v3spia---	ἔνειμι	ἔνειμι	v3spia---	v3spia---	
9298	τις	p-s---cn-	τις	τις	p-s---mn-	p-s---cn-	
9299	καί	c--------	καί	καί	c--------	c--------	
9300	κόρος	n-s---mn-	κόρος	κόρος	n-s---mn-	n-s---mn-	
9301	,	u--------	,	,	u--------	u--------	
9302	ὥστε	c--------	ὥστε	ὥστε	c--------	c--------	
9303	ὅς	p-p---na-	ὅσπερ	ὅς	p-p---na-	p-p---na-	DISAGREE
9304	καί	c--------	καί	καί	d--------	c--------	
9305	πρός	r--------	πρός	πρός	r--------	r--------	
9306	ὁ	l-p---na-	ὁ	ὁ	l-p---na-	l-p---na-	
9307	σιτίον	n-p---na-	σιτίον	σιτίον	a-p---na-	n-p---na-	
9308	διά	r--------	διά	διά	r--------	r--------	
9309	πλησμονή	n-s---fa-	πλησμονή	πλησμονή	n-s---fa-	n-s---fa-	
9310	,	u--------	,	,	u--------	u--------	
9311	οὗτος	p-p---na-	οὗτος	οὗτος	p-p---na-	p-p---na-	
9312	ἀνάγκη	n-s---fn-	ἀνάγκη	ἀνάγκη	n-s---fn-	n-s---fn-	
9313	καί	c--------	καί	καί	d--------	c--------	
9314	πρός	r--------	πρός	πρός	r--------	r--------	
9315	ὁ	l-p---na-	ὁ	ὁ	l-p---na-	l-p---na-	
9316	παιδικός	a-p---na-	παιδικόν	παιδικός	n-p---na-	a-p---na-	DISAGREE
9317	πάσχω	v--pna---	πάσχω	πάσχω	v--pna---	v--pna---	
9318	·	u--------		·		u--------	glaux_only
9319	ὁ	l-s---fn-	ὁ	ὁ	l-s---fn-	l-s---fn-	
9320	δέ	c--------	δέ	δέ	d--------	c--------	
9321	ὁ	l-s---fg-	ὁ	ὁ	l-s---fg-	l-s---fg-	
9322	ψυχή	n-s---fg-	ψυχή	ψυχή	n-s---fg-	n-s---fg-	
9323	φιλία	n-s---fn-	φιλία	φιλία	n-s---fn-	n-s---fn-	
9324	διά	r--------	διά	διά	r--------	r--------	
9325	ὁ	l-s---na-	ὁ	ὁ	l-s---na-	l-s---na-	
9326	ἁγνός	a-s---fn-	ἁγνός	ἁγνός	a-s---fn-	a-s---fn-	
9327	εἰμί	v--pna---	εἰμί	εἰμί	v--pna---	v--pna---	
9328	καί	c--------	καί	καί	d--------	c--------	
9329	ἀκόρεστος	a-s---fnc	ἀκόρεστος	ἀκόρεστος	a-s---fnc	a-s---fnc	
9330	εἰμί	v3spia---	εἰμί	εἰμί	v3spia---	v3spia---	
9331	,	u--------	,	,	u--------	u--------	
9332	οὐ	d--------	οὐ	οὐ	d--------	d--------	
9333	μέντοι	g--------	μέντοι	μέντοι	c--------	g--------	
9334	,	u--------	,	,	u--------	u--------	
9335	ὡς	c--------	ὡς	ὡς	c--------	c--------	
9336	γε	g--------	γε	γε	d--------	g--------	
9337	ἄν	g--------	ἄν	ἄν	d--------	g--------	
9338	τις	p-s---cn-	τις	τις	p-s---mn-	p-s---cn-	
9339	οἴομαι	v3saop---	οἴομαι	οἴομαι	v3saop---	v3saop---	
9340	,	u--------	,	,	u--------	u--------	
9341	διά	r--------	διά	διά	r--------	r--------	
9342	οὗτος	p-s---na-	οὗτος	οὗτος	p-s---na-	p-s---na-	
9343	καί	c--------	καί	καί	d--------	c--------	
9344	ἀνεπαφρόδιτος	a-s---fnc	ἀνεπαφροδίτος	ἀνεπαφρόδιτος	a-s---fnc	a-s---fnc	
9345	,	u--------	,	,	u--------	u--------	
9346	ἀλλά	c--------	ἀλλά	ἀλλά	c--------	c--------	
9347	σαφής	d--------	σαφής	σαφής	d--------	d--------	
9348	καί	c--------	καί	καί	d--------	c--------	
9349	ἀποτελέω	v3spim---	ἀποτελέω	ἀποτελέω	v3spie---	v3spim---	
9350	ὁ	l-s---fn-	ὁ	ὁ	l-s---fn-	l-s---fn-	
9351	εὐχή	n-s---fn-	εὐχή	εὐχή	n-s---fn-	n-s---fn-	
9352	ἐν	r--------	ἐν	ἐν	r--------	r--------	
9353	ὅς	p-s---fd-	ὅς	ὅς	p-s---fd-	p-s---fd-	
9354	αἰτέω	v1ppim---	αἰτέω	αἰτέω	v1ppie---	v1ppim---	
9355	ὁ	l-s---fa-	ὁ	ὁ	l-s---fa-	l-s---fa-	
9356	θεός	n-s---fa-	θεός	θεός	n-s---fa-	n-s---fa-	
9357	ἐπαφρόδιτος	a-p---na-	ἐπαφρόδιτος	ἐπαφρόδιτος	a-p---na-	a-p---na-	
9358	καί	c--------	καί	καί	d--------	c--------	
9359	ἔπος	n-p---na-	ἔπος	ἔπος	n-p---na-	n-p---na-	
9360	καί	c--------	καί	καί	c--------	c--------	
9361	ἔργον	n-p---na-	ἔργον	ἔργον	n-p---na-	n-p---na-	
9362	δίδωμι	v--pna---	δίδωμι	δίδωμι	v--pna---	v--pna---	
9363	.	u--------	.	.	u--------	u--------	
9364	ὡς	c--------	ὡς	ὡς	c--------	c--------	
9365	μέν	g--------	μέν	μέν	d--------	g--------	
9366	γάρ	g--------	γάρ	γάρ	d--------	g--------	
9367	ἄγαμαι	v3spim---	ἄγαμαι	ἄγαμαι	v3srie---	v3spim---	
9368	τε	c--------	τε	τε	c--------	c--------	
9369	καί	c--------	καί	καί	c--------	c--------	
9370	φιλέω	v3spia---	φιλέω	φιλέω	v3spia---	v3spia---	
9371	ὁ	l-s---ma-	ὁ	ὁ	l-s---ma-	l-s---ma-	
9372	ἐράω	v-sppmma-	ἐράομαι	ἐράω	v-sppema-	v-sppmma-	DISAGREE
9373	θάλλω	v-sppafn-	θάλλω	θάλλω	v-sppafn-	v-sppafn-	
9374	μορφή	n-s---fd-	μορφή	μορφή	n-s---fd-	n-s---fd-	
9375	τε	c--------	τε	τε	c--------	c--------	
9376	ἐλευθερία	n-s---fd-	ἐλευθερία	ἐλευθερία	n-s---fd-	n-s---fd-	
9377	καί	c--------	καί	καί	c--------	c--------	
9378	ἦθος	n-s---nd-	ἦθος	ἦθος	n-s---nd-	n-s---nd-	
9379	αἰδήμων	a-s---nd-	αἰδήμων	αἰδήμων	a-s---nd-	a-s---nd-	
9380	τε	c--------	τε	τε	c--------	c--------	
9381	καί	c--------	καί	καί	c--------	c--------	
9382	γενναῖος	a-s---nd-	γενναῖος	γενναῖος	a-s---nd-	a-s---nd-	
9383	ψυχή	n-s---fn-	ψυχή	ψυχή	n-s---fn-	n-s---fn-	
9384	εὐθύς	d--------	εὐθύς2	εὐθύς	d--------	d--------	
9385	ἐν	r--------	ἐν	ἐν	r--------	r--------	
9386	ὁ	l-p---md-	ὁ	ὁ	l-p---md-	l-p---md-	
9387	ἧλιξ	n-p---md-	ἧλιξ	ἧλιξ	n-p---md-	n-p---md-	
9388	ἡγεμονικός	a-s---fn-	ἡγεμονικός	ἡγεμονικός	a-s---fn-	a-s---fn-	
9389	τε	c--------	τε	τε	c--------	c--------	
9390	ἅμα	d--------	ἅμα	ἅμα	d--------	d--------	
9391	καί	c--------	καί	καί	c--------	c--------	
9392	φιλόφρων	a-s---fn-	φιλόφρων	φιλόφρων	a-s---fn-	a-s---fn-	
9393	εἰμί	v-sppafn-	εἰμί	εἰμί	v-sppafn-	v-sppafn-	
9394	οὐδείς	p-s---na-	οὐδείς	οὐδείς	p-s---na-	p-s---na-	
9395	ἐπιδέω	v3spim---	ἐπιδέω	ἐπιδέω	v3spie---	v3spim---	
9396	λόγος	n-s---mg-	λόγος	λόγος	n-s---mg-	n-s---mg-	
9397	·	u--------	·	·	u--------	u--------	
9398	ὅτι	c--------	ὅτι	ὅτι	c--------	c--------	
9399	δέ	c--------	δέ	δέ	d--------	c--------	
9400	ἔοικα	v-srpann-	ἔοικα	ἔοικα	v-srpann-	v-srpann-	
9401	καί	c--------	καί	καί	d--------	c--------	
9402	ὑπό	r--------	ὑπό	ὑπό	r--------	r--------	
9403	ὁ	l-p---ng-	ὁ	ὁ	l-p---ng-	l-p---ng-	
9404	παιδικός	n-p---ng-	παιδικός	παιδικός	n-p---ng-	n-p---ng-	
9405	ὁ	l-s---ma-	ὁ	ὁ	l-s---ma-	l-s---ma-	
9406	τοιοῦτος	p-s---ma-	τοιοῦτος	τοιοῦτος	a-s---ma-	p-s---ma-	
9407	ἐραστής	n-s---ma-	ἐραστής	ἐραστής	n-s---ma-	n-s---ma-	
9408	ἀντιφιλέω	v--pnm---	ἀντιφιλέω	ἀντιφιλέω	v--pne---	v--pnm---	
9409	,	u--------	,	,	u--------	u--------	
9410	καί	c--------	καί	καί	d--------	c--------	
9411	οὗτος	p-s---na-	οὗτος	οὗτος	p-s---na-	p-s---na-	
9412	διδάσκω	v1sfia---	διδάσκω	διδάσκω	v1sfia---	v1sfia---	
9413	.	u--------	.	.	u--------	u--------	
9414	πρῶτος	a-s---na-	πρῶτος	πρῶτος	a-s---na-	a-s---na-	
9415	μέν	g--------	μέν	μέν	d--------	g--------	
9416	γάρ	g--------	γάρ	γάρ	d--------	g--------	
9417	τίς	p-s---cn-	τις	τίς	p-s---cn-	p-s---cn-	
9418	μισέω	v--pna---	μισέω	μισέω	v--pna---	v--pna---	
9419	δύναμαι	v3spom---	δύναμαι	δύναμαι	v3spoe---	v3spom---	
9420	ἄν	g--------	ἄν	ἄν	d--------	g--------	
9421	ὑπό	r--------	ὑπό	ὑπό	r--------	r--------	
9422	ὅς	p-s---mg-	ὅς	ὅς	p-s---ng-	p-s---mg-	
9423	οἶδα	v3sroa---	οἶδα	οἶδα	v3sroa---	v3sroa---	
9424	καλός	a-s---mn-	καλός	καλός	a-s---mn-	a-s---mn-	
9425	τε	c--------	τε	τε	c--------	c--------	
9426	καί	c--------	καί	καί	c--------	c--------	
9427	ἀγαθός	a-s---mn-	ἀγαθός	ἀγαθός	a-s---mn-	a-s---mn-	
9428	νομίζω	v-sppmmn-	νομίζω	νομίζω	v-sppemn-	v-sppmmn-	
9429	;	u--------	;	;	u--------	u--------	
9430	ἔπειτα	d--------	ἔπειτα	ἔπειτα	d--------	d--------	
9431	δέ	c--------	δέ	δέ	d--------	c--------	
9432	ὁράω	v3spoa---	ὁράω	ὁράω	v3spoa---	v3spoa---	
9433	αὐτός	p-s---ma-	αὐτός	αὐτός	p-s---ma-	p-s---ma-	
9434	ὁ	l-p---na-	ὁ	ὁ	l-p---na-	l-p---na-	
9435	ὁ	l-s---mg-	ὁ	ὁ	l-s---mg-	l-s---mg-	
9436	παῖς	n-s---cg-	παῖς	παῖς	n-s---mg-	n-s---cg-	
9437	καλός	a-p---na-	καλός	καλός	a-p---na-	a-p---na-	
9438	μάλα	d-------c	μᾶλλον	μάλα	d-------c	d-------c	DISAGREE
9439	ἤ	c--------	ἤ1	ἤ	c--------	c--------	
9440	ὁ	l-p---na-	ὁ	ὁ	l-p---na-	l-p---na-	
9441	ἑαυτοῦ	p-s---mg-	ἑαυτοῦ	ἑαυτοῦ	p-s---mg-	p-s---mg-	
9442	ἡδύς	a-p---na-	ἡδύς	ἡδύς	a-p---na-	a-p---na-	
9443	σπουδάζω	v-sppama-	σπουδάζω	σπουδάζω	v-sppama-	v-sppama-	
9444	;	u--------		;		u--------	glaux_only
9445	πρός	r--------	πρός	πρός	r--------	r--------	
9446	δέ	c--------	δέ	δέ	d--------	c--------	
9447	οὗτος	p-p---nd-	οὗτος	οὗτος	p-p---nd-	p-p---nd-	
9448	πιστεύω	v3spoa---	πιστεύω	πιστεύω	v3spoa---	v3spoa---	
9449							unmatched
9450	ἄν	g--------	ἄν	ἄν	c--------	g--------	
9451	παρά	r--------	παρά	παρά	r--------	r--------	
9452	τις	p-s---na-	τις	τις	p-s---na-	p-s---na-	
9453	ποιέω	v3sasa---	ποιέω	ποιέω	v3sasa---	v3sasa---	
9454							unmatched
9455	ἐάν	c--------	ἄν	ἐάν	c--------	c--------	DISAGREE
9456	κάμνω	v-sapamn-	κάμνω	κάμνω	v-sapamn-	v-sapamn-	
9457	ἄμορφος	a-s---mnc	ἄμορφος	ἄμορφος	a-s---mnc	a-s---mnc	
9458	γίγνομαι	v3sasm---	γίγνομαι	γίγνομαι	v3sasm---	v3sasm---	
9459	,	u--------	,	,	u--------	u--------	
9460	μειόω	v--anp---	μειόω	μειόω	v--anp---	v--anp---	
9461	ἄν	g--------	ἄν	ἄν	d--------	g--------	
9462	ὁ	l-s---fa-	ὁ	ὁ	l-s---fa-	l-s---fa-	
9463	φιλία	n-s---fa-	φιλία	φιλία	n-s---fa-	n-s---fa-	
9464	;	u--------	;	;	u--------	u--------	
9465	ὅς	p-p---md-	ὅς	ὅς	p-p---md-	p-p---md-	
9466	γε	g--------	γε	γε	d--------	g--------	
9467	μήν	g--------	μήν	μήν	d--------	g--------	
9468	κοινός	a-s---nn-	κοινός	κοινός	a-s---nn-	a-s---nn-	
9469	ὁ	l-s---nn-	ὁ	ὁ	l-s---nn-	l-s---nn-	
9470	φιλέω	v--pnm---	φιλέω	φιλέω	v--pne---	v--pnm---	
9471	,	u--------	,	,	u--------	u--------	
9472	πῶς	d--------	πῶς	πῶς	d--------	d--------	
9473	οὐ	d--------	οὐ	οὐ	d--------	d--------	
9474	ἀνάγκη	n-s---fn-	ἀνάγκη	ἀνάγκη	n-s---fn-	n-s---fn-	
9475	οὗτος	p-p---ma-	οὗτος	οὗτος	p-p---ma-	p-p---ma-	
9476	ἡδύς	d--------	ἡδέως	ἡδύς	d--------	d--------	DISAGREE
9477	μέν	g--------	μέν	μέν	d--------	g--------	
9478	προσοράω	v--pna---	προσοράω	προσοράω	v--pna---	v--pna---	
9479	ἀλλήλων	p-p---ma-	ἀλλήλων	ἀλλήλων	p-p---ma-	p-p---ma-	
9480	,	u--------	,	,	u--------	u--------	
9481	εὐνοϊκός	d--------	εὐνοϊκός	εὐνοϊκός	d--------	d--------	
9482	δέ	c--------	δέ	δέ	d--------	c--------	
9483	διαλέγω	v--pnm---	διαλέγω	διαλέγω	v--pne---	v--pnm---	
9484	,	u--------	,	,	u--------	u--------	
9485	πιστεύω	v--pna---	πιστεύω	πιστεύω	v--pna---	v--pna---	
9486	δέ	c--------	δέ	δέ	c--------	c--------	
9487	καί	c--------	καί	καί	c--------	c--------	
9488	πιστεύω	v--pnm---	πιστεύω	πιστεύω	v--pne---	v--pnm---	
9489	,	u--------	,	,	u--------	u--------	
9490	καί	c--------	καί	καί	d--------	c--------	
9491	προνοέω	v--pna---	προνοέω	προνοέω	v--pna---	v--pna---	
9492	μέν	g--------	μέν	μέν	d--------	g--------	
9493	ἀλλήλων	p-p---mg-	ἀλλήλων	ἀλλήλων	p-p---mg-	p-p---mg-	
9494	,	u--------	,	,	u--------	u--------	
9495	συνήδομαι	v--pnm---	συνάχθομαι	συνήδομαι	v--pne---	v--pnm---	DISAGREE
9496	δέ	c--------	δέ	δέ	d--------	c--------	
9497	ἐπί	r--------	ἐπί	ἐπί	r--------	r--------	
9498	ὁ	l-p---fd-	ὁ	ὁ	l-p---fd-	l-p---fd-	
9499	καλός	a-p---fd-	καλός	καλός	a-p---fd-	a-p---fd-	
9500	πρᾶξις	n-p---fd-	πρᾶξις	πρᾶξις	n-p---fd-	n-p---fd-	
9501	,	u--------	,	,	u--------	u--------	
9502	συνάχθομαι	v--pnm---	συνάχθομαι	συνάχθομαι	v--pne---	v--pnm---	
9503	δέ	c--------	δέ	δέ	d--------	c--------	
9504	ἐάν	c--------	ἄν	ἐάν	c--------	c--------	DISAGREE
9505	τις	p-s---nn-	τις	τις	a-s---nn-	p-s---nn-	
9506	σφάλμα	n-s---nn-	σφάλμα	σφάλμα	n-s---nn-	n-s---nn-	
9507	προσπίπτω	v3spsa---	προσπίπτω	προσπίπτω	v3spsa---	v3spsa---	
9508	,	u--------	,	,	u--------	u--------	
9509	τότε	d--------	τότε	τότε	d--------	d--------	
9510	δέ	c--------	δέ	δέ	d--------	c--------	
9511	εὐφραίνω	v-pppmma-	εὐφραίνω	εὐφραίνω	v-pppema-	v-pppmma-	
9512	διατελέω	v--pna---	διατελέω	διατελέω	v--pna---	v--pna---	
9513	,	u--------	,	,	u--------	u--------	
9514	ὅταν	c--------	ὅταν	ὅταν	c--------	c--------	
9515	ὑγιαίνω	v-pppamn-	ὑγιαίνω	ὑγιαίνω	v-pppamn-	v-pppamn-	
9516	συνίημι	v3ppsa---	συνόω	συνίημι	v3ppsa---	v3ppsa---	DISAGREE
9517	,	u--------	,	,	u--------	u--------	
9518	ἐάν	c--------	ἄν	ἐάν	c--------	c--------	DISAGREE
9519	δέ	c--------	δέ	δέ	c--------	c--------	
9520	κάμνω	v3sasa---	κάμνω	κάμνω	v3sasa---	v3sasa---	
9521	ὁπότερος	p-s---mn-	ὁπότερος	ὁπότερος	a-s---mn-	p-s---mn-	
9522	οὖν	g--------	οὖν	οὖν	d--------	g--------	
9523	,	u--------	,	,	u--------	u--------	
9524	πολύς	a-s---na-	πολύς	πολύς	a-s---na-	a-s---na-	
9525	συνεχής	a-s---fac	συνεχής	συνεχής	a-s---fac	a-s---fac	
9526	ὁ	l-s---fa-	ὁ	ὁ	l-s---fa-	l-s---fa-	
9527	συνουσία	n-s---fa-	συνουσία	συνουσία	n-s---fa-	n-s---fa-	
9528	ἔχω	v--pna---	ἔχω	ἔχω	v--pna---	v--pna---	
9529	,	u--------	,	,	u--------	u--------	
9530	καί	c--------	καί	καί	c--------	c--------	
9531	ἄπειμι	v-pppamg-	ἄπειμι1	ἄπειμι	v-pppamg-	v-pppamg-	
9532	ἔτι	d--------	ἔτι	ἔτι	d--------	d--------	
9533	μάλα	d-------c	μᾶλλον	μάλα	d-------c	d-------c	DISAGREE
9534	ἤ	c--------	ἤ1	ἤ	c--------	c--------	
9535	πάρειμι	v-pppamg-	πάρειμι1	πάρειμι	v-pppamg-	v-pppamg-	
9536	ἐπιμελέομαι	v--pnm---	ἐπιμελέομαι	ἐπιμελέομαι	v--pne---	v--pnm---	
9537	;	u--------		;		u--------	glaux_only
9538	οὐ	d--------		οὐ		d--------	glaux_only
9539	οὗτος	p-p---nn-	οὗτος	οὗτος	p-p---nn-	p-p---nn-	
9540	πᾶς	p-p---nn-	πᾶς	πᾶς	a-p---nn-	p-p---nn-	
9541	ἐπαφρόδιτος	a-p---nn-	ἐπαφρόδιτος	ἐπαφρόδιτος	a-p---nn-	a-p---nn-	
9542	;	u--------		;		u--------	glaux_only
9543	διά	r--------	διά	διά	r--------	r--------	
9544	γε	g--------	γε	γε	d--------	g--------	
9545	τοι	g--------	σύ	τοι	d--------	g--------	DISAGREE
9546	ὁ	l-p---na-	ὁ	ὁ	l-p---na-	l-p---na-	
9547	τοιοῦτος	p-p---na-	τοιοῦτος	τοιοῦτος	p-p---na-	p-p---na-	
9548	ἔργον	n-p---na-	ἔργον	ἔργον	n-p---na-	n-p---na-	
9549	ἅμα	d--------	ἅμα	ἅμα	d--------	d--------	
9550	ἐράω	v-pppamn-	ἐράω1	ἐράω	v-pppamn-	v-pppamn-	
9551	ὁ	l-s---fg-	ὁ	ὁ	l-s---fg-	l-s---fg-	
9552	φιλία	n-s---fg-	φιλία	φιλία	n-s---fg-	n-s---fg-	
9553	καί	c--------	καί	καί	c--------	c--------	
9554	χράω	v-pppmmn-	χράομαι	χράω	v-pppemn-	v-pppmmn-	DISAGREE
9555	αὐτός	p-s---fd-	αὐτός	αὐτός	p-s---fd-	p-s---fd-	
9556	εἰς	r--------	εἰς	εἰς	r--------	r--------	
9557	γῆρας	n-s---na-	γῆρας	γῆρας	n-s---na-	n-s---na-	
9558	διατελέω	v3ppia---	διατελέω	διατελέω	v3ppia---	v3ppia---	
9559	.	u--------	.	.	u--------	u--------	
9560	ὁ	l-s---ma-	ὁ	ὁ	l-s---ma-	l-s---ma-	
9561	δέ	c--------	δέ	δέ	d--------	c--------	
9562	ἐκ	r--------	ἐκ	ἐκ	r--------	r--------	
9563	ὁ	l-s---ng-	ὁ	ὁ	l-s---ng-	l-s---ng-	
9564	σῶμα	n-s---ng-	σῶμα	σῶμα	n-s---ng-	n-s---ng-	
9565	κρεμάννυμι	v-sppmma-	κρεμάννυμι	κρεμάννυμι	v-sppema-	v-sppmma-	
9566	διά	r--------	διά	διά	r--------	r--------	
9567	τίς	p-s---na-	τίς	τίς	p-s---na-	p-s---na-	
9568	ἀντιφιλέω	v3saoa---	ἀντιφιλέω	ἀντιφιλέω	v3saoa---	v3saoa---	
9569	ἄν	g--------	ἄν	ἄν	d--------	g--------	
9570	ὁ	l-s---mn-	ὁ	ὁ	l-s---mn-	l-s---mn-	
9571	παῖς	n-s---cn-	παῖς	παῖς	n-s---cn-	n-s---cn-	
9572	;	u--------	;	;	u--------	u--------	
9573	πότερος	g--------	πότερον	πότερος	d--------	g--------	DISAGREE
9574	ὅτι	c--------	ὅτι	ὅτι	c--------	c--------	
9575	ἑαυτοῦ	p-s---md-	ἑαυτοῦ	ἑαυτοῦ	p-s---md-	p-s---md-	
9576	μέν	g--------	μέν	μέν	d--------	g--------	
9577	νέμω	v3spia---	νέμω	νέμω	v3spia---	v3spia---	
9578	ὅς	p-p---ng-	ὅς	ὅς	p-p---ng-	p-p---ng-	
9579	ἐπιθυμέω	v3spia---	ἐπιθυμέω	ἐπιθυμέω	v3spia---	v3spia---	
9580	,	u--------	,	,	u--------	u--------	
9581	ὁ	l-s---md-	ὁ	ὁ	l-s---md-	l-s---md-	
9582	δέ	c--------	δέ	δέ	d--------	c--------	
9583	παῖς	n-s---cd-	παῖς	παῖς	n-s---md-	n-s---cd-	
9584	ὁ	l-p---na-	ὁ	ὁ	l-p---na-	l-p---na-	
9585	ἐπονείδιστος	a-p---nas	ἐπονείδιστος	ἐπονείδιστος	a-p---nas	a-p---nas	
9586	;	u--------		;		u--------	glaux_only
9587	ἤ	c--------	ἤ1	ἤ	c--------	c--------	
9588	διότι	c--------	διότι	διότι	c--------	c--------	
9589	ὅς	p-p---na-	ὅς	ὅς	p-p---na-	p-p---na-	
9590	σπεύδω	v3spia---	σπεύδω	σπεύδω	v3spia---	v3spia---	
9591	πράσσω	v--pna---	πράσσω	πράσσω	v--pna---	v--pna---	
9592	παρά	r--------	παρά	παρά	r--------	r--------	
9593	ὁ	l-p---ng-	ὁ	ὁ	l-p---ng-	l-p---ng-	
9594	παιδικός	n-p---ng-	παιδικός	παιδικός	n-p---ng-	n-p---ng-	
9595	,	u--------	,	,	u--------	u--------	
9596	ἔργω	v3spia---	ἔργω	ἔργω	v3spia---	v3spia---	
9597	μάλα	d-------s	μάλιστα	μάλα	d-------s	d-------s	DISAGREE
9598	ὁ	l-p---ma-	ὁ	ὁ	l-p---ma-	l-p---ma-	
9599	οἰκεῖος	a-p---ma-	οἰκεῖος	οἰκεῖος	a-p---ma-	a-p---ma-	
9600	ἀπό	r--------	ἀπό	ἀπό	r--------	r--------	
9601	οὗτος	p-p---ng-	οὗτος	οὗτος	p-p---ng-	p-p---ng-	
9602	;	u--------		;		u--------	glaux_only
9603	καί	c--------	καί	καί	d--------	c--------	
9604	μήν	g--------	μήν	μήν	d--------	g--------	
9605	ὅτι	c--------	ὅτι	ὅτι	c--------	c--------	
9606	γε	g--------	γε	γε	d--------	g--------	
9607	οὐ	d--------	οὐ	οὐ	d--------	d--------	
9608	βιάζω	v3spim---	βιάζω	βιάζω	v3spie---	v3spim---	
9609	,	u--------	,	,	u--------	u--------	
9610	ἀλλά	c--------	ἀλλά	ἀλλά	c--------	c--------	
9611	πείθω	v3spia---	πείθω	πείθω	v3spia---	v3spia---	
9612	,	u--------	,	,	u--------	u--------	
9613	διά	r--------	διά	διά	r--------	r--------	
9614	οὗτος	p-s---na-	οὗτος	οὗτος	p-s---na-	p-s---na-	
9615	μάλα	d-------c	μᾶλλον	μάλα	d-------c	d-------c	DISAGREE
9616	μισητέος	a-s---mn-	μισητέος	μισητέος	a-s---mn-	a-s---mn-	
9617	.	u--------	.	.	u--------	u--------	
9618	ὁ	l-s---mn-	ὁ	ὁ	l-s---mn-	l-s---mn-	
9619	μέν	g--------	μέν	μέν	d--------	g--------	
9620	γάρ	g--------	γάρ	γάρ	d--------	g--------	
9621	βιάζω	v-sppmmn-	βιάζω	βιάζω	v-sppemn-	v-sppmmn-	
9622	ἑαυτοῦ	p-s---ma-	ἑαυτοῦ	ἑαυτοῦ	p-s---ma-	p-s---ma-	
9623	πονηρός	a-s---ma-	πονηρός	πονηρός	a-s---ma-	a-s---ma-	
9624	ἀποδείκνυμι	v3spia---	ἀποδείκνυμι	ἀποδείκνυμι	v3spia---	v3spia---	
9625	,	u--------	,	,	u--------	u--------	
9626	ὁ	l-s---mn-	ὁ	ὁ	l-s---mn-	l-s---mn-	
9627	δέ	c--------	δέ	δέ	d--------	c--------	
9628	πείθω	v-sppamn-	πείθω	πείθω	v-sppamn-	v-sppamn-	
9629	ὁ	l-s---fa-	ὁ	ὁ	l-s---fa-	l-s---fa-	
9630	ὁ	l-s---mg-	ὁ	ὁ	l-s---mg-	l-s---mg-	
9631	ἀναπείθω	v-sppmmg-	ἀναπείθω	ἀναπείθω	v-sppemg-	v-sppmmg-	
9632	ψυχή	n-s---fa-	ψυχή	ψυχή	n-s---fa-	n-s---fa-	
9633	διαφθείρω	v3spia---	διαφθείρω	διαφθείρω	v3spia---	v3spia---	
9634	.	u--------	.	.	u--------	u--------	
9635	ἀλλά	c--------	ἀλλά	ἀλλά	d--------	c--------	
9636	μήν	g--------	μήν	μήν	d--------	g--------	
9637	καί	c--------	καί	καί	d--------	c--------	
9638	ὁ	l-s---mn-	ὁ	ὁ	l-s---mn-	l-s---mn-	
9639	χρῆμα	n-p---ng-	χρῆμα	χρῆμα	n-p---ng-	n-p---ng-	
9640	γε	g--------	γε	γε	d--------	g--------	
9641	ἀπεμπολάω	v-sppamn-	ὠνέομαι	ἀπεμπολάω	v-sppamn-	v-sppamn-	DISAGREE
9642	ὁ	l-s---fa-	ὁ	ὁ	l-s---fa-	l-s---fa-	
9643	ὥρα	n-s---fa-	ὥρα	ὥρα	n-s---fa-	n-s---fa-	
9644	τίς	p-s---na-	τίς	τίς	a-s---na-	p-s---na-	
9645	μάλα	d-------c	μᾶλλον	μάλα	d-------c	d-------c	DISAGREE
9646	στέργω	v3sfia---	στέργω	στέργω	v3sfia---	v3sfia---	
9647	ὁ	l-s---ma-	ὁ	ὁ	l-s---ma-	l-s---ma-	
9648	πρίαμαι	v-sppmma-	πρίαμαι	πρίαμαι	v-sppema-	v-sppmma-	
9649	ἤ	c--------	ἤ1	ἤ	c--------	c--------	
9650	ὁ	l-s---mn-	ὁ	ὁ	l-s---mn-	l-s---mn-	
9651	ἐν	r--------	ἐν	ἐν	r--------	r--------	
9652	ἀγορά	n-s---fd-	ἀγορά	ἀγορά	n-s---fd-	n-s---fd-	
9653	πωλέω	v-sppamn-	πωλέω	πωλέω	v-sppamn-	v-sppamn-	
9654	καί	c--------	καί	καί	c--------	c--------	
9655	ἀποδίδωμι	v-sppmmn-	ἀποδίδωμι	ἀποδίδωμι	v-sppemn-	v-sppmmn-	
9656	;	u--------		;		u--------	glaux_only
9657	οὐ	d--------		οὐ		d--------	glaux_only
9658	μήν	g--------	μήν	μήν	d--------	g--------	
9659	ὅτι	c--------	ὅτι	ὅτι	c--------	c--------	
9660	γε	g--------	γε	γε	d--------	g--------	
9661	ὡραῖος	a-s---mn-	ὡραῖος	ὡραῖος	a-s---mn-	a-s---mn-	
9662	ἄωρος	a-s---md-	ἄωρος	ἄωρος	a-s---md-	a-s---md-	
9663	,	u--------	,	,	u--------	u--------	
9664	οὐ	d--------	οὐ	οὐ	d--------	d--------	
9665	δέ	c--------	δέ		c--------		oga_only
9666	ὅτι	c--------	ὅτι		c--------		oga_only
9667	γε	d--------	γε		d--------		oga_only
9668	καλός	a-s---mn-	καλός		a-s---mn-		oga_only
9669	οὐκέτι	d--------	οὐκέτι		d--------		oga_only
9670	καλός	a-s---md-	καλός		a-s---md-		oga_only
9671	καί	c--------	καί		c--------		oga_only
9672	ἐράω	v-sppamd-	ἐράω		v-sppamd-		oga_only
9673	οὐ	d--------	οὐ		d--------		oga_only
9674	ἐράω1	v-sppamn-	ἐράω1		v-sppamn-		oga_only
9675	ὁμιλέω	v3spia---	ὁμιλέω		v3spia---		oga_only
9676	,	u--------	,		u--------		oga_only
9677	φιλέω	v3sfia---	φιλέω		v3sfia---		oga_only
9678	αὐτός	p-s---ma-	αὐτός		p-s---ma-		oga_only
9679	.	u--------	.		u--------		oga_only
9680							unmatched
9681	δέ	d--------	δέ		d--------		oga_only
9682	γάρ	d--------	γάρ		d--------		oga_only
9683	ὁ	l-s---mn-	ὁ		l-s---mn-		oga_only
9684	παῖς	n-s---mn-	παῖς		n-s---mn-		oga_only
9685	ὁ	l-s---md-	ὁ		l-s---md-		oga_only
9686	ἀνήρ	n-s---md-	ἀνήρ		n-s---md-		oga_only
9687	ὥσπερ	c--------	ὥσπερ		c--------		oga_only
9688	γυνή	n-s---fn-	γυνή		n-s---fn-		oga_only
9689	κοινωνέω	v3spia---	κοινωνέω		v3spia---		oga_only
9690	ὁ	l-p---fg-	ὁ		l-p---fg-		oga_only
9691	ἐν	r--------	ἐν		r--------		oga_only
9692	ὁ	l-p---nd-	ὁ		l-p---nd-		oga_only
9693	ἀφροδίσιος	a-p---nd-	ἀφροδίσιος		a-p---nd-		oga_only
9694	εὐφροσύνη	n-p---fg-	εὐφροσύνη		n-p---fg-		oga_only
9695	,	u--------	,		u--------		oga_only
9696	ἀλλά	c--------	ἀλλά		c--------		oga_only
9697	νήφω	n-p---mg-	νήφω		n-p---mg-		oga_only
9698	μεθύω	v-sppama-	μεθύω		v-sppama-		oga_only
9699	ὑπό	r--------	ὑπό		r--------		oga_only
9700	ὁ	l-s---fg-	ὁ		l-s---fg-		oga_only
9701	ἀφροδίτη	n-s---fg-	ἀφροδίτη		n-s---fg-		oga_only
9702	θεάω	v3spie---	θεάω		v3spie---		oga_only
9703	.	u--------	.		u--------		oga_only
9704	ἐκ	r--------	ἐκ	ἐκ	r--------	r--------	
9705	ὅς	p-p---ng-	ὅς	ὅς	p-p---ng-	p-p---ng-	
9706	οὐδείς	p-s---nn-	οὐδείς	οὐδείς	p-s---nn-	p-s---nn-	
9707	θαυμαστός	a-s---nn-	θαυμαστός	θαυμαστός	a-s---nn-	a-s---nn-	
9708	εἰ	c--------	εἰ	εἰ	c--------	c--------	
9709	καί	c--------	καί	καί	d--------	c--------	
9710	ὁ	l-s---nn-	ὁ	ὁ	l-s---nn-	l-s---nn-	
9711	ὑπεροράω	v--pna---	ὑπεροράω	ὑπεροράω	v--pna---	v--pna---	
9712	ἐγγίγνομαι	v3spim---	ἐγγίγνομαι	ἐγγίγνομαι	v3spie---	v3spim---	
9713	αὐτός	p-s---md-	αὐτός	αὐτός	p-s---md-	p-s---md-	
9714	ὁ	l-s---mg-	ὁ	ὁ	l-s---mg-	l-s---mg-	
9715	ἐραστής	n-s---mg-	ἐραστής	ἐραστής	n-s---mg-	n-s---mg-	
9716	.	u--------	.	.	u--------	u--------	
9717	καί	c--------	καί	καί	c--------	c--------	
9718	σκοπέω	v-sppamn-	σκοπέω	σκοπέω	v-sppamn-	v-sppamn-	
9719	δέ	c--------	δέ	δέ	d--------	c--------	
9720	ἄν	g--------	ἄν	ἄν	d--------	g--------	
9721	τις	p-s---cn-	τις	τις	p-s---mn-	p-s---cn-	
9722	εὑρίσκω	v3saoa---	εὑρίσκω	εὑρίσκω	v3saoa---	v3saoa---	
9723	ἐκ	r--------	ἐκ	ἐκ	r--------	r--------	
9724	μέν	g--------	μέν	μέν	d--------	g--------	
9725	ὁ	l-p---ng-	ὁ	ὁ	l-p---ng-	l-p---ng-	
9726	διά	r--------	διά	διά	r--------	r--------	
9727	ὁ	l-p---ma-	ὁ	ὁ	l-p---ma-	l-p---ma-	
9728	τρόπος	n-p---ma-	τρόπος	τρόπος	n-p---ma-	n-p---ma-	
9729	φιλέω	v-pppmng-	φιλέω	φιλέω	v-pppeng-	v-pppmng-	
9730	οὐδείς	p-s---na-	οὐδείς	οὐδείς	p-s---na-	p-s---na-	
9731	χαλεπός	a-s---na-	χαλεπός	χαλεπός	a-s---na-	a-s---na-	
9732	γίγνομαι	v-srpmna-	γίγνομαι	γίγνομαι	v-srpena-	v-srpmna-	
9733	,	u--------	,	,	u--------	u--------	
9734	ἐκ	r--------	ἐκ	ἐκ	r--------	r--------	
9735	δέ	c--------	δέ	δέ	c--------	c--------	
9736	ὁ	l-s---fg-	ὁ	ὁ	l-s---fg-	l-s---fg-	
9737	ἀναιδής	a-s---fg-	ἀναιδής	ἀναιδής	a-s---fg-	a-s---fg-	
9738	ὁμιλία	n-s---fg-	ὁμιλία	ὁμιλία	n-s---fg-	n-s---fg-	
9739	πολύς	a-p---na-	πολύς	πολύς	a-p---na-	a-p---na-	
9740	ἤδη	d--------	ἤδη	ἤδη	d--------	d--------	
9741	καί	c--------	καί	καί	c--------	c--------	
9742	ἀνόσιος	a-p---na-	ἀνόσιος	ἀνόσιος	a-p---na-	a-p---na-	
9743	πράσσω	v-prpmna-	πράσσω	πράσσω	v-prpena-	v-prpmna-	
9744	.	u--------	.	.	u--------	u--------	
9745	ὡς	c--------	ὡς	ὡς	c--------	c--------	
9746	δέ	c--------	δέ	δέ	d--------	c--------	
9747	καί	c--------	καί	καί	d--------	c--------	
9748	ἀνελεύθερος	a-s---fn-	ἀνελεύθερος	ἀνελεύθερος	a-s---fn-	a-s---fn-	
9749	ὁ	l-s---fn-	ὁ	ὁ	l-s---fn-	l-s---fn-	
9750	συνουσία	n-s---fn-	συνουσία	συνουσία	n-s---fn-	n-s---fn-	
9751	ὁ	l-s---md-	ὁ	ὁ	l-s---md-	l-s---md-	
9752	ὁ	l-s---na-	ὁ	ὁ	l-s---na-	l-s---na-	
9753	σῶμα	n-s---na-	σῶμα	σῶμα	n-s---na-	n-s---na-	
9754	μάλα	d-------c	μᾶλλον	μάλα	d-------c	d-------c	DISAGREE
9755	ἤ	c--------	ἤ1	ἤ	c--------	c--------	
9756	ὁ	l-s---md-	ὁ	ὁ	l-s---md-	l-s---md-	
9757	ὁ	l-s---fa-	ὁ	ὁ	l-s---fa-	l-s---fa-	
9758	ψυχή	n-s---fa-	ψυχή	ψυχή	n-s---fa-	n-s---fa-	
9759	ἀγαπάω	v-sppamd-	ἀγαπάω	ἀγαπάω	v-sppamd-	v-sppamd-	
9760	,	u--------	,	,	u--------	u--------	
9761	νῦν	d--------	νῦν	νῦν	d--------	d--------	
9762	οὗτος	p-s---na-	οὗτος	οὗτος	p-s---na-	p-s---na-	
9763	δηλόω	v1sfia---	δηλόω	δηλόω	v1sfia---	v1sfia---	
9764	.	u--------	.	.	u--------	u--------	
9765	ὁ	l-s---mn-	ὁ	ὁ	l-s---mn-	l-s---mn-	
9766	μέν	g--------	μέν	μέν	d--------	g--------	
9767	γάρ	g--------	γάρ	γάρ	d--------	g--------	
9768	παιδεύω	v-sppamn-	παιδεύω	παιδεύω	v-sppamn-	v-sppamn-	
9769	λέγω	v--pna---	λέγω3	λέγω	v--pna---	v--pna---	
9770	τε	c--------	τε	τε	d--------	c--------	
9771	ὅς	p-p---na-	ὅς	ὅς	p-p---na-	p-p---na-	
9772	δέω	v3spia---	δεῖ	δέω	v3spia---	v3spia---	DISAGREE
9773	καί	c--------	καί	καί	c--------	c--------	
9774	πράσσω	v--pna---	πράσσω	πράσσω	v--pna---	v--pna---	
9775	δίκαιος	d--------	δίκαιος	δίκαιος	d--------	d--------	
9776	ἄν	g--------	ἄν	ἄν	d--------	g--------	
9777	ὥσπερ	c--------	ὥσπερ	ὥσπερ	c--------	c--------	
9778	Χείρων	n-s---mn-	χείρων	Χείρων	n-s---mn-	n-s---mn-	
9779	καί	c--------	καί	καί	c--------	c--------	
9780	Φοῖνιξ	n-s---mn-	φοῖνιξ	Φοῖνιξ	n-s---mn-	n-s---mn-	
9781	ὑπό	r--------	ὑπό	ὑπό	r--------	r--------	
9782	Ἀχιλλεύς	n-s---mg-	ἀχιλλεύς	Ἀχιλλεύς	n-s---mg-	n-s---mg-	
9783	τιμάω	v3spom---	τιμάω	τιμάω	v3spoe---	v3spom---	
9784	,	u--------	,	,	u--------	u--------	
9785	ὁ	l-s---mn-	ὁ	ὁ	l-s---mn-	l-s---mn-	
9786	δέ	c--------	δέ	δέ	d--------	c--------	
9787	ὁ	l-s---ng-	ὁ	ὁ	l-s---ng-	l-s---ng-	
9788	σῶμα	n-s---ng-	σῶμα	σῶμα	n-s---ng-	n-s---ng-	
9789	ὀρέγω	v-sppmmn-	ὀρέγω	ὀρέγω	v-sppemn-	v-sppmmn-	
9790	ἔοικα	d--------	εἰκότως	ἔοικα	d--------	d--------	DISAGREE
9791	ἄν	g--------	ἄν	ἄν	d--------	g--------	
9792	ὥσπερ	c--------	ὥσπερ	ὥσπερ	c--------	c--------	
9793	πτωχός	a-s---mn-	πτωχός	πτωχός	a-s---mn-	a-s---mn-	
9794	περιέπω	v3spom---	περιέπω	περιέπω	v3spoe---	v3spom---	
9795	.	u--------	.	.	u--------	u--------	
9796	ἀεί	d--------	ἀεί	ἀεί	d--------	d--------	
9797	γάρ	g--------	γάρ	γάρ	d--------	g--------	
9798	τοι	g--------	σύ	τοι	d--------	g--------	DISAGREE
9799	προσαιτέω	v-sppamn-	προσαιτέω	προσαιτέω	v-sppamn-	v-sppamn-	
9800	καί	c--------	καί	καί	c--------	c--------	
9801	προσδέω	v-sppmmn-	προσδέομαι	προσδέω	v-sppemn-	v-sppmmn-	DISAGREE
9802	ἤ	c--------	ἤ1	ἤ	d--------	c--------	
9803	φίλημα	n-s---ng-	φίλημα	φίλημα	n-s---ng-	n-s---ng-	
9804	ἤ	c--------	ἤ1	ἤ	c--------	c--------	
9805	ἄλλος	p-s---ng-	ἄλλος	ἄλλος	p-s---ng-	p-s---ng-	
9806	τις	p-s---ng-	τις	τις	p-s---cg-	p-s---ng-	
9807	ψηλάφημα	n-s---ng-	ψηλαφημάτιον	ψηλάφημα	n-s---ng-	n-s---ng-	DISAGREE
9808	παρακολουθέω	v3spia---	παρακολουθέω	παρακολουθέω	v3spia---	v3spia---	
9809	.	u--------	.	.	u--------	u--------	
9810	εἰ	c--------	εἰ	εἰ	c--------	c--------	
9811	δέ	c--------	δέ	δέ	g--------	c--------	
9812	λαμυρός	a-s---nac	λάμυρος	λαμυρός	a-s---nac	a-s---nac	
9813	λέγω	v1spia---	λέγω3	λέγω	v1spia---	v1spia---	
9814	,	u--------	,	,	u--------	u--------	
9815	μή	d--------	μή	μή	c--------	d--------	
9816	θαυμάζω	v2ppma---	θαυμάζω	θαυμάζω	v2ppia---	v2ppma---	
9817	·	u--------	·	·	u--------	u--------	
9818	ὁ	l-s---mn-	ὅς	ὁ	l-s---mn-	l-s---mn-	DISAGREE
9819	τε	c--------	τε	τε	d--------	c--------	
9820	γάρ	g--------	γάρ	γάρ	d--------	g--------	
9821	οἶνος	n-s---mn-	οἶνος	οἶνος	n-s---mn-	n-s---mn-	
9822	συνεπαίρω	v3spia---	συνεπαίρω	συνεπαίρω	v3spia---	v3spia---	
9823	καί	c--------	καί	καί	c--------	c--------	
9824	ὁ	l-s---mn-	ὁ	ὁ	l-s---mn-	l-s---mn-	
9825	ἀεί	d--------	ἀεί	ἀεί	d--------	d--------	
9826	σύνοικος	a-s---mn-	σύνοικος	σύνοικος	a-s---mn-	a-s---mn-	
9827	ἐγώ	p-s---cd-	ἐγώ	ἐγώ	p1s---md-	p-s---cd-	
9828	ἔρως	n-s---mn-	ἔρως	ἔρως	n-s---mn-	n-s---mn-	
9829	κεντρίζω	v3spia---	κεντρίζω	κεντρίζω	v3spia---	v3spia---	
9830	εἰς	r--------	εἰς	εἰς	r--------	r--------	
9831	ὁ	l-s---ma-	ὁ	ὁ	l-s---ma-	l-s---ma-	
9832	ἀντίπαλος	a-s---ma-	ἀντίπαλος	ἀντίπαλος	a-s---ma-	a-s---ma-	
9833	ἔρως	n-s---ma-	ἔρως	ἔρως	n-s---ma-	n-s---ma-	
9834	αὐτός	p-s---md-	αὐτός	αὐτός	p-s---md-	p-s---md-	
9835	παρρησιάζομαι	v--pnm---	παρρησιάζομαι	παρρησιάζομαι	v--pne---	v--pnm---	
9836	.	u--------	.	.	u--------	u--------	
9837	καί	c--------	καί	καί	d--------	c--------	
9838	γάρ	g--------	γάρ	γάρ	d--------	g--------	
9839	δή	g--------	δή	δή	d--------	g--------	
9840	δοκέω	v3spia---	δοκέω	δοκέω	v3spia---	v3spia---	
9841	ἐγώ	p-s---cd-	ἐγώ	ἐγώ	p-s---md-	p-s---cd-	
9842	ὁ	l-s---mn-	ὁ	ὁ	l-s---mn-	l-s---mn-	
9843	μέν	g--------	μέν	μέν	d--------	g--------	
9844	ὁ	l-s---nd-	ὁ	ὁ	l-s---nd-	l-s---nd-	
9845	εἶδος	n-s---nd-	εἶδος	εἶδος	n-s---nd-	n-s---nd-	
9846	ὁ	l-s---ma-	ὁ	ὁ	l-s---ma-	l-s---ma-	
9847	νόος	n-s---ma-	νόος	νόος	n-s---ma-	n-s---ma-	
9848	προσέχω	v-sppamn-	προσέχω	προσέχω	v-sppamn-	v-sppamn-	
9849	μισθόω	v-srpmmd-	μισθόω	μισθόω	v-sppemd-	v-srpmmd-	
9850	χῶρος	n-s---ma-	χῶρος	χῶρος	n-s---ma-	n-s---ma-	
9851	ἔοικα	v--rna---	ἔοικα	ἔοικα	v--rna---	v--rna---	
9852	.	u--------	.	.	u--------	u--------	
9853	οὐ	d--------	οὐ	οὐ	d--------	d--------	
9854	γάρ	g--------	γάρ	γάρ	d--------	g--------	
9855	ὅπως	c--------	ὅπως	ὅπως	c--------	c--------	
9856	πολύς	a-s---ngc	πλείων	πολύς	a-s---ngc	a-s---ngc	DISAGREE
9857	ἄξιος	a-s---mn-	ἄξιος	ἄξιος	a-s---mn-	a-s---mn-	
9858	γίγνομαι	v3sasm---	γίγνομαι	γίγνομαι	v3sasm---	v3sasm---	
9859	ἐπιμελέομαι	v3spim---	ἐπιμελέομαι	ἐπιμελέομαι	v3spie---	v3spim---	
9860	,	u--------	,	,	u--------	u--------	
9861	ἀλλά	c--------	ἀλλά	ἀλλά	c--------	c--------	
9862	ὅπως	c--------	ὅπως	ὅπως	c--------	c--------	
9863	αὐτός	p-s---mn-	αὐτός	αὐτός	p-s---mn-	p-s---mn-	
9864	ὅτι	c--------	ὅτι	ὅτι	c--------	c--------	
9865	πολύς	a-p---nas	πλεῖστος	πολύς	a-p---nas	a-p---nas	DISAGREE
9866	ὡραῖος	a-p---na-	ὡραῖος	ὡραῖος	a-p---na-	a-p---na-	
9867	καρπόω	v3sfim---	καρπόω	καρπόω	v3sfim---	v3sfim---	
9868	.	u--------	.	.	u--------	u--------	
9869	ὁ	l-s---mn-	ὁ	ὁ	l-s---mn-	l-s---mn-	
9870	δέ	c--------	δέ	δέ	d--------	c--------	
9871	ὁ	l-s---fg-	ὁ	ὁ	l-s---fg-	l-s---fg-	
9872	φιλία	n-s---fg-	φιλία	φιλία	n-s---fg-	n-s---fg-	
9873	ἐφίημι	v-sppmmn-	ἐφίημι	ἐφίημι	v-sppemn-	v-sppmmn-	
9874	μάλα	d-------c	μᾶλλον	μάλα	d--------	d-------c	DISAGREE
9875	ἔοικα	v3sria---	ἔοικα	ἔοικα	v3sria---	v3sria---	
9876	ὁ	l-s---md-	ὁ	ὁ	l-s---md-	l-s---md-	
9877	ὁ	l-s---ma-	ὁ	ὁ	l-s---ma-	l-s---ma-	
9878	οἰκεῖος	a-s---ma-	οἰκεῖος	οἰκεῖος	a-s---ma-	a-s---ma-	
9879	ἀγρός	n-s---ma-	ἀγρός	ἀγρός	n-s---ma-	n-s---ma-	
9880	κτάομαι	v-srpmmd-	κτάομαι	κτάομαι	v-srpemd-	v-srpmmd-	
9881	·	u--------	·	·	u--------	u--------	
9882	πάντοθεν	d--------	πάντοθεν	πάντοθεν	d--------	d--------	
9883	γοῦν	g--------	γοῦν	γοῦν	d--------	g--------	
9884	φέρω	v-sppamn-	φέρω	φέρω	v-sppamn-	v-sppamn-	
9885	ὅς	p-s---na-	ὅς	ὅς	p-s---na-	p-s---na-	
9886	τις	p-s---na-	τις	τις	a-s---na-	p-s---na-	
9887	ἄν	g--------	ἄν	ἄν	d--------	g--------	
9888	δύναμαι	v3spsm---	δύναμαι	δύναμαι	v3spse---	v3spsm---	
9889	πολύς	a-s---ngc	πλείων	πολύς	a-s---ngc	a-s---ngc	DISAGREE
9890	ἄξιος	a-s---ma-	ἄξιος	ἄξιος	a-s---na-	a-s---ma-	
9891	ποιέω	v3spia---	ποιέω	ποιέω	v3spia---	v3spia---	
9892	ὁ	l-s---ma-	ὁ	ὁ	l-s---ma-	l-s---ma-	
9893	ἐράω	v-sppmma-	ἐράομαι	ἐράω	v-sppema-	v-sppmma-	DISAGREE
9894	.	u--------	.	.	u--------	u--------	
9895	καί	c--------	καί	καί	c--------	c--------	
9896	μήν	g--------	μήν	μήν	d--------	g--------	
9897	καί	c--------	καί	καί	d--------	c--------	
9898	ὁ	l-p---mg-	ὁ	ὁ	l-p---ng-	l-p---mg-	
9899	παιδικός	n-p---ng-	παιδικός	παιδικός	n-p---fg-	n-p---ng-	
9900	ὅς	p-s---mn-	ὅς	ὅς	p-s---mn-	p-s---mn-	
9901	μέν	g--------	μέν	μέν	d--------	g--------	
9902	ἄν	g--------	ἄν	ἄν	d--------	g--------	
9903	οἶδα	v3srsa---	οἶδα	οἶδα	v3srsa---	v3srsa---	
9904	ὅτι	c--------	ὅτι	ὅτι	c--------	c--------	
9905	ὁ	l-s---mn-	ὁ	ὁ	l-s---mn-	l-s---mn-	
9906	ὁ	l-s---ng-	ὁ	ὁ	l-s---ng-	l-s---ng-	
9907	εἶδος	n-s---ng-	εἶδος	εἶδος	n-s---ng-	n-s---ng-	
9908	ἐπαρκέω	v-sppamn-	ἐπαρκέω	ἐπαρκέω	v-sppamn-	v-sppamn-	
9909	ἄρχω	v3sfia---	ἄρχω	ἄρχω	v3sasa---	v3sfia---	
9910	ὁ	l-s---mg-	ὁ	ὁ	l-s---mg-	l-s---mg-	
9911	ἐραστής	n-s---mg-	ἐραστής	ἐραστής	n-s---mg-	n-s---mg-	
9912	,	u--------	,	,	u--------	u--------	
9913	ἔοικα	v-srpann-	ἔοικα	ἔοικα	v-srpann-	v-srpann-	
9914	αὐτός	p-s---ma-	αὐτός	αὐτός	p-s---ma-	p-s---ma-	
9915	ὁ	l-p---na-	ὁ		l-p---na-		oga_only
9916	ἄλλος	p-p---na-	ἄλλος		p-p---na-		oga_only
9917	ῥᾳδιουργέω	v--pna---	ῥᾳδιουργέω	ῥᾳδιουργέω	v--pna---	v--pna---	
9918	·	u--------		·		u--------	glaux_only
9919	ὅς	p-s---mn-	ὅς	ὅς	p-s---mn-	p-s---mn-	
9920	δέ	c--------	δέ	δέ	d--------	c--------	
9921	ἄν	g--------	ἄν	ἄν	d--------	g--------	
9922	γιγνώσκω	v3spsa---	γιγνώσκω	γιγνώσκω	v3spsa---	v3spsa---	
9923	ὅτι	c--------	ὅτι	ὅτι	c--------	c--------	
9924	ἄν	g--------	ἄν	ἄν	c--------	g--------	
9925	μή	d--------	μή	μή	d--------	d--------	
9926	καλός	a-s---mn-	καλός	καλός	a-s---mn-	a-s---mn-	
9927	καί	c--------	καί		c--------		oga_only
9928	ἀγαθός	a-s---mn-	ἀγαθός		a-s---mn-		oga_only
9929	εἰμί	v3spsa---	εἰμί	εἰμί	v3spsa---	v3spsa---	
9930	,	u--------	,	,	u--------	u--------	
9931	οὐ	d--------	οὐ	οὐ	d--------	d--------	
9932	κατέχω	v3sfia---	κατέχω	κατέχω	v3sfia---	v3sfia---	
9933	ὁ	l-s---fa-	ὁ	ὁ	l-s---fa-	l-s---fa-	
9934	φιλία	n-s---fa-	φιλία	φιλία	n-s---fa-	n-s---fa-	
9935	,	u--------	,	,	u--------	u--------	
9936	οὗτος	p-s---ma-	οὗτος	οὗτος	p-s---ma-	p-s---ma-	
9937	προσήκω	v3spia---	προσήκω	προσήκω	v3spia---	v3spia---	
9938	μάλα	d-------c	μᾶλλον	μάλα	d-------c	d-------c	DISAGREE
9939	ἀρετή	n-s---fg-	ἀρετή	ἀρετή	n-s---fg-	n-s---fg-	
9940	ἐπιμελέομαι	v--pnm---	ἐπιμελέομαι	ἐπιμελέομαι	v--pne---	v--pnm---	
9941	.	u--------	.	.	u--------	u--------	
9942	μέγας	a-s---nns	μέγας	μέγας	a-s---nas	a-s---nns	
9943	δέ	c--------	δέ	δέ	d--------	c--------	
9944	ἀγαθός	a-s---nn-	ἀγαθός	ἀγαθός	a-s---nn-	a-s---nn-	
9945	ὁ	l-s---md-	ὁ	ὁ	l-s---md-	l-s---md-	
9946	ὀρέγω	v-sppmmd-	ὀρέγω	ὀρέγω	v-sppemd-	v-sppmmd-	
9947	ἐκ	r--------	ἐκ	ἐκ	r--------	r--------	
9948	παιδικός	n-p---ng-	παιδικός	παιδικός	n-p---ng-	n-p---ng-	
9949	φίλος	a-s---ma-	φίλος	φίλος	a-s---ma-	a-s---ma-	
9950	ἀγαθός	a-s---ma-	ἀγαθός	ἀγαθός	a-s---ma-	a-s---ma-	
9951	ποιέω	v--anm---	ποιέω	ποιέω	v--anm---	v--anm---	
9952	ὅτι	c--------	ὅτι	ὅτι	c--------	c--------	
9953	ἀνάγκη	n-s---fn-	ἀνάγκη	ἀνάγκη	n-s---fn-	n-s---fn-	
9954	καί	c--------	καί	καί	d--------	c--------	
9955	αὐτός	p-s---ma-	αὐτός	αὐτός	p-s---ma-	p-s---ma-	
9956	ἀσκέω	v--pna---	ἀσκέω	ἀσκέω	v--pna---	v--pna---	
9957	ἀρετή	n-s---fa-	ἀρετή	ἀρετή	n-s---fa-	n-s---fa-	
9958	.	u--------	.	.	u--------	u--------	
9959	οὐ	d--------		οὐ		d--------	glaux_only
9960	γάρ	g--------	γάρ	γάρ	d--------	g--------	
9961	οἷος	p-s---nn-	οἷος	οἷος	a-s---nn-	p-s---nn-	
9962	τε	g--------	τε	τε	d--------	g--------	
9963	πονηρός	a-p---na-	πονηρός	πονηρός	a-p---na-	a-p---na-	
9964	αὐτός	p-s---ma-	αὐτός	αὐτός	p-s---ma-	p-s---ma-	
9965	ποιέω	v-sppama-	ποιέω	ποιέω	v-sppama-	v-sppama-	
9966	ἀγαθός	a-s---ma-	ἀγαθός	ἀγαθός	a-s---ma-	a-s---ma-	
9967	ὁ	l-s---ma-	ὁ	ὁ	l-s---ma-	l-s---ma-	
9968	σύνειμι	v-sppama-	σύνειμι	σύνειμι	v-sppama-	v-sppama-	
9969	ἀποδείκνυμι	v--ana---	ἀποδείκνυμι	ἀποδείκνυμι	v--ana---	v--ana---	
9970	,	u--------	,	,	u--------	u--------	
9971	οὐ	d--------		οὐ		d--------	glaux_only
9972							unmatched
9973	γε	d--------	γε		d--------		oga_only
9974	ἀναισχυντία	n-s---fa-	ἀναισχυντία		n-s---fa-		oga_only
9975	καί	c--------	καί	καί	c--------	c--------	
9976	ἀκρασία	n-s---fa-	ἀκρασία		n-s---fa-		oga_only
9977	παρέχω	v-sppema-	παρέχω		v-sppema-		oga_only
9978	ἐγκρατής	a-s---ma-	ἐγκρατής		a-s---ma-		oga_only
9979	καί	c--------	καί		c--------		oga_only
9980	αἰδέομαι	v-sppema-	αἰδέομαι		v-sppema-		oga_only
9981	ὁ	l-s---ma-	ὁ		l-s---ma-		oga_only
9982	ἐράομαι	v-sppema-	ἐράομαι		v-sppema-		oga_only
9983	ποιέω	v--ana---	ποιέω		v--ana---		oga_only
9984	.	u--------	.		u--------		oga_only
9985	ἐπιθυμέω	v1spia---	ἐπιθυμέω	ἐπιθυμέω	v1spia---	v1spia---	
9986	δέ	c--------	δέ	δέ	d--------	c--------	
9987	σύ	p-s---cd-	σύ	σύ	p-s---md-	p-s---cd-	
9988	,	u--------	,	,	u--------	u--------	
9989	φημί	v3siia---	φημί	φημί	v3siia---	v3siia---	
9990	,	u--------	,	,	u--------	u--------	
9991	ὦ	i--------	ὦ	ὦ	i--------	i--------	
9992	Καλλίας	n-s---mv-	καλλίης	Καλλίας	n-s---mv-	n-s---mv-	DISAGREE
9993	,	u--------	,	,	u--------	u--------	
9994	καί	c--------	καί	καί	d--------	c--------	
9995	μυθολογέω	v--ana---	μυθολογέω	μυθολογέω	v--ana---	v--ana---	
9996	ὡς	c--------	ὡς	ὡς	c--------	c--------	
9997	οὐ	d--------	οὐ	οὐ	d--------	d--------	
9998	μόνος	d--------	μόνος	μόνος	a-s---na-	d--------	
9999	ἄνθρωπος	n-p---mn-	ἄνθρωπος	ἄνθρωπος	n-p---mn-	n-p---mn-	
10000	ἀλλά	c--------	ἀλλά	ἀλλά	c--------	c--------	
10001	καί	c--------	καί	καί	d--------	c--------	
10002	θεός	n-p---mn-	θεός	θεός	n-p---mn-	n-p---mn-	
10003	καί	c--------	καί	καί	c--------	c--------	
10004	ἥρως	n-p---mn-	ἥρως	ἥρως	n-p---mn-	n-p---mn-	
10005	ὁ	l-s---fa-	ὁ	ὁ	l-s---fa-	l-s---fa-	
10006	ὁ	l-s---fg-	ὁ	ὁ	l-s---fg-	l-s---fg-	
10007	ψυχή	n-s---fg-	ψυχή	ψυχή	n-s---fg-	n-s---fg-	
10008	φιλία	n-s---fa-	φιλία	φιλία	n-s---fa-	n-s---fa-	
10009	περί	r--------	περί	περί	r--------	r--------	
10010	πολύς	a-s---ngc	πλείων	πολύς	a-s---ngc	a-s---ngc	DISAGREE
10011	ἤ	c--------	ἤ1	ἤ	c--------	c--------	
10012	ὁ	l-s---fa-	ὁ	ὁ	l-s---fa-	l-s---fa-	
10013	ὁ	l-s---ng-	ὁ	ὁ	l-s---ng-	l-s---ng-	
10014	σῶμα	n-s---ng-	σῶμα	σῶμα	n-s---ng-	n-s---ng-	
10015	χρῆσις	n-s---fa-	χρῆσις	χρῆσις	n-s---fa-	n-s---fa-	
10016	ποιέω	v3ppim---	ποιέω	ποιέω	v3ppie---	v3ppim---	
10017	.	u--------	.	.	u--------	u--------	
10018	Ζεύς	n-s---mn-	ζεύς	Ζεύς	n-s---mn-	n-s---mn-	
10019	τε	c--------	τε	τε	g--------	c--------	
10020	γάρ	g--------	γάρ	γάρ	g--------	g--------	
10021	ὅσος	p-p---fg-	ὅσος	ὅσος	a-p---fg-	p-p---fg-	
10022	μέν	g--------	μέν	μέν	g--------	g--------	
10023	θνητός	a-p---fg-	θνητός	θνητός	a-p---fg-	a-p---fg-	
10024	εἰμί	v-pppafg-	εἰμί	εἰμί	v-pppafg-	v-pppafg-	
10025	μορφή	n-s---fg-	μορφή	μορφή	n-s---fg-	n-s---fg-	
10026	ἔραμαι	v3saip---	ἔραμαι	ἔραμαι	v3saip---	v3saip---	
10027	,	u--------	,	,	u--------	u--------	
10028	συγγίγνομαι	v-sapmmn-	συγγίγνομαι	συγγίγνομαι	v-sapmmn-	v-sapmmn-	
10029	ἐάω	v3siia---	ἐάω	ἐάω	v3siia---	v3siia---	
10030	αὐτός	p-p---fa-	αὐτός	αὐτός	a-p---fa-	p-p---fa-	
10031	θνητός	a-p---fa-	θνητός	θνητός	a-p---fa-	a-p---fa-	
10032	εἰμί	v--pna---	εἰμί	εἰμί	v--pna---	v--pna---	
10033	·	u--------	·	·	u--------	u--------	
10034	ὅσος	p-p---mg-	ὅσος	ὅσος	a-p---mg-	p-p---mg-	
10035	δέ	c--------	δέ	δέ	d--------	c--------	
10036	ψυχή	n-p---fd-	ψυχή	ψυχή	n-p---fd-	n-p---fd-	
10037	ἀγαθός	a-p---fd-	ἀγαθός	ἀγαθός	a-p---fd-	a-p---fd-	
10038	ἄγαμαι	v3saop---	ἄγαμαι	ἄγαμαι	v3saop---	v3saop---	
10039	,	u--------	,	,	u--------	u--------	
10040	ἀθάνατος	a-p---ma-	ἀθάνατος	ἀθάνατος	a-p---ma-	a-p---ma-	
10041	οὗτος	p-p---ma-	οὗτος	οὗτος	p-p---ma-	p-p---ma-	
10042	ποιέω	v3siia---	ποιέω	ποιέω	v3siia---	v3siia---	
10043	·	u--------	·	·	u--------	u--------	
10044	ὅς	p-p---mg-	ὅς	ὅς	p-p---mg-	p-p---mg-	
10045	Ἡρακλῆς	n-s---mn-	ἡρακλῆς	Ἡρακλῆς	n-s---mn-	n-s---mn-	
10046	μέν	g--------	μέν	μέν	g--------	g--------	
10047	καί	c--------	καί	καί	c--------	c--------	
10048	Διόσκοροι	n-p---mn-	διόσκουρος	Διόσκοροι	n-p---mn-	n-p---mn-	DISAGREE
10049	εἰμί	v3ppia---	εἰμί	εἰμί	v3ppia---	v3ppia---	
10050	,	u--------	,	,	u--------	u--------	
10051	λέγω	v3ppim---	λέγω3	λέγω	v3ppie---	v3ppim---	
10052	δέ	c--------	δέ	δέ	g--------	c--------	
10053	καί	c--------	καί	καί	d--------	c--------	
10054	ἄλλος	p-p---mn-	ἄλλος	ἄλλος	p-p---mn-	p-p---mn-	
10055	·	u--------	·	·	u--------	u--------	
10056	καί	c--------	καί	καί	d--------	c--------	
10057	ἐγώ	p-s---cn-	ἐγώ	ἐγώ	p1s---mn-	p-s---cn-	
10058	δέ	c--------	δέ	δέ	d--------	c--------	
10059	φημί	v1spia---	φημί	φημί	v1spia---	v1spia---	
10060	καί	c--------	καί	καί	d--------	c--------	
10061	Γανυμήδης	n-s---ma-	γανυμήδης	Γανυμήδης	n-s---ma-	n-s---ma-	
10062	οὐ	d--------	οὐ	οὐ	d--------	d--------	
10063	σῶμα	n-s---ng-	σῶμα	σῶμα	n-s---ng-	n-s---ng-	
10064	ἀλλά	c--------	ἀλλά	ἀλλά	c--------	c--------	
10065	ψυχή	n-s---fg-	ψυχή	ψυχή	n-s---fg-	n-s---fg-	
10066	ἕνεκα	r--------	ἕνεκα	ἕνεκα	r--------	r--------	
10067	ὑπό	r--------	ὑπό	ὑπό	r--------	r--------	
10068	Ζεύς	n-s---mg-	ζεύς	Ζεύς	n-s---mg-	n-s---mg-	
10069	εἰς	r--------	εἰς	εἰς	r--------	r--------	
10070	Ὄλυμπος	n-s---ma-	ὄλυμπος	Ὄλυμπος	n-s---ma-	n-s---ma-	
10071	ἀναφέρω	v--anp---	ἀναφέρω	ἀναφέρω	v--anp---	v--anp---	
10072	.	u--------	.	.	u--------	u--------	
10073	μαρτυρέω	v3spia---	μαρτυρέω	μαρτυρέω	v3spia---	v3spia---	
10074	δέ	c--------	δέ	δέ	d--------	c--------	
10075	καί	c--------	καί	καί	d--------	c--------	
10076	ὁ	l-s---nn-	ὁ		l-s---nn-		oga_only
10077	ὄνομα	n-s---nn-	ὄνομα		n-s---nn-		oga_only
10078	αὐτός	p-s---mg-	αὐτός	αὐτός	p-s---mg-	p-s---mg-	
10079	·	u--------	·	·	u--------	u--------	
10080	εἰμί	v3spia---	εἰμί	εἰμί	v3spia---	v3spia---	
10081	μέν	g--------	μέν	μέν	d--------	g--------	
10082	γάρ	g--------	γάρ	γάρ	d--------	g--------	
10083	δήπου	g--------	δήπου	δήπου	d--------	g--------	
10084	καί	c--------	καί	καί	d--------	c--------	
10085	Ὅμηρος	n-s---md-	ὅμηρος	Ὅμηρος	n-s---md-	n-s---md-	
10086	γάνυμαι	v3spim---	γάνυμαι	γάνυμαι	v3srie---	v3spim---	
10087	δέ	c--------	δέ	δέ	c--------	c--------	
10088	τε	c--------	τε	τε	d--------	c--------	
10089	ἀκούω	v-sppamn-	ἀκούω	ἀκούω	v-sppamn-	v-sppamn-	
10090	.	u--------	.	.	u--------	u--------	
10091	οὗτος	p-s---na-	οὗτος	οὗτος	p-s---na-	p-s---na-	
10092	δέ	c--------	δέ	δέ	g--------	c--------	
10093	φράζω	v3spia---	φράζω	φράζω	v3spia---	v3spia---	
10094	ὅτι	c--------	ὅτι	ὅτι	c--------	c--------	
10095	ἥδομαι	v3spim---	ἥδομαι	ἥδομαι	v3spie---	v3spim---	
10096	δέ	c--------	δέ	δέ	d--------	c--------	
10097	τε	c--------	τε	τε	g--------	c--------	
10098	ἀκούω	v-sppamn-	ἀκούω	ἀκούω	v-sppamn-	v-sppamn-	
10099	.	u--------	.	.	u--------	u--------	
10100	εἰμί	v3spia---	εἰμί	εἰμί	v3spia---	v3spia---	
10101	δέ	c--------	δέ	δέ	g--------	c--------	
10102	καί	c--------	καί	καί	d--------	c--------	
10103	ἄλλοθι	d--------	ἄλλοθι	ἄλλοθι	d--------	d--------	
10104	που	d--------	πού	που	d--------	d--------	
10105	πυκνός	a-p---na-	πυκνός	πυκνός	a-p---na-	a-p---na-	
10106	φρήν	n-p---fd-	φρήν	φρήν	n-p----d-	n-p---fd-	
10107	μῆδος	n-p---na-	μῆδος	μῆδος	n-p---na-	n-p---na-	
10108	οἶδα	v-srpamn-	οἶδα	οἶδα	v-srpamn-	v-srpamn-	
10109	.	u--------	.	.	u--------	u--------	
10110	οὗτος	p-s---na-	οὗτος	οὗτος	a-s---na-	p-s---na-	
10111	δέ	c--------	δέ	δέ	g--------	c--------	
10112	αὖ	d--------	αὖ	αὖ	d--------	d--------	
10113	λέγω	v3spia---	λέγω3	λέγω	v3spia---	v3spia---	
10114	σοφός	a-p---na-	σοφός	σοφός	a-p---na-	a-p---na-	
10115	φρήν	n-p---fd-	φρήν	φρήν	n-p----d-	n-p---fd-	
10116	βούλευμα	n-p---na-	βούλευμα	βούλευμα	n-p---na-	n-p---na-	
10117	οἶδα	v-srpamn-	οἶδα	οἶδα	v-srpamn-	v-srpamn-	
10118	.	u--------	.	.	u--------	u--------	
10119	ἐκ	r--------	ἐκ	ἐκ	r--------	r--------	
10120	οὖν	g--------	οὖν	οὖν	d--------	g--------	
10121	συναμφότεροι	a-p---ng-	συναμφότεροι	συναμφότεροι	a-p---ng-	a-p---ng-	
10122	οὗτος	p-p---ng-	οὗτος	οὗτος	p-p---ng-	p-p---ng-	
10123	οὐ	d--------	οὐ	οὐ	d--------	d--------	
10124	ἡδυσώματος	a-s---mn-	ἡδύς	ἡδυσώματος	a-s---mn-	a-s---mn-	DISAGREE
10125	ὀνομάζω	v-sappmn-	ὀνομάζω	ὀνομάζω	v-sappmn-	v-sappmn-	
10126	ὁ	l-s---mn-	ὁ	ὁ	l-s---mn-	l-s---mn-	
10127	Γανυμήδης	n-s---mn-	γανυμήδης	Γανυμήδης	n-s---mn-	n-s---mn-	
10128	ἀλλά	c--------	ἀλλά	ἀλλά	c--------	c--------	
10129	ἡδυγνώμων	a-s---mn-	ἡδυγνώμων	ἡδυγνώμων	a-s---mn-	a-s---mn-	
10130	ἐν	r--------	ἐν	ἐν	r--------	r--------	
10131	θεός	n-p---md-	θεός	θεός	n-p---md-	n-p---md-	
10132	τιμάω	v3srim---	τιμάω	τιμάω	v3srie---	v3srim---	
10133	.	u--------	.	.	u--------	u--------	
10134	ἀλλά	c--------	ἀλλά	ἀλλά	d--------	c--------	
10135	μήν	g--------	μήν	μήν	d--------	g--------	
10136	,	u--------	,	,	u--------	u--------	
10137	ὦ	i--------	ὦ	ὦ	i--------	i--------	
10138	Νικήρατος	n-s---mv-	νικήρατος	Νικήρατος	n-s---mv-	n-s---mv-	
10139	,	u--------	,	,	u--------	u--------	
10140	καί	c--------	καί	καί	d--------	c--------	
10141	Ἀχιλλεύς	n-s---mn-	ἀχιλλεύς	Ἀχιλλεύς	n-s---mn-	n-s---mn-	
10142	Ὅμηρος	n-s---md-	ὅμηρος	Ὅμηρος	n-s---md-	n-s---md-	
10143	ποιέω	v3srim---	ποιέω	ποιέω	v3srie---	v3srim---	
10144	οὐ	d--------	οὐ	οὐ	d--------	d--------	
10145	ὡς	c--------	ὡς	ὡς	c--------	c--------	
10146	παιδικός	a-p---nd-	παιδικός	παιδικός	a-p---md-	a-p---nd-	
10147	Πάτροκλος	n-s---md-	πάτροκλος	Πάτροκλος	n-s---md-	n-s---md-	
10148	ἀλλά	c--------	ἀλλά	ἀλλά	c--------	c--------	
10149	ὡς	c--------	ὡς	ὡς	c--------	c--------	
10150	ἑταῖρος	n-s---md-	ἑταῖρος	ἑταῖρος	n-s---md-	n-s---md-	
10151	ἀποθνῄσκω	v-sapamd-	ἀποθνήσκω	ἀποθνῄσκω	v-sapamd-	v-sapamd-	
10152	ἐκπρεπής	a-p---nas	ἐκπρεπής	ἐκπρεπής	a-p---nas	a-p---nas	
10153	τιμωρέω	v--ana---	τιμωρέω	τιμωρέω	v--ana---	v--ana---	
10154	.	u--------	.	.	u--------	u--------	
10155	καί	c--------	καί	καί	c--------	c--------	
10156	Ὀρέστης	n-s---mn-	ὀρέστης	Ὀρέστης	n-s---mn-	n-s---mn-	
10157	δέ	c--------	δέ	δέ	d--------	c--------	
10158	καί	c--------	καί	καί	d--------	c--------	
10159	Πυλάδης	n-s---mn-	πυλάδης	Πυλάδης	n-s---mn-	n-s---mn-	
10160	καί	c--------	καί	καί	d--------	c--------	
10161	Θησεύς	n-s---mn-	θησεύς	Θησεύς	n-s---mn-	n-s---mn-	
10162	καί	c--------	καί	καί	d--------	c--------	
10163	Πειρίθοος	n-s---mn-	πειρίθοος	Πειρίθοος	n-s---mn-	n-s---mn-	
10164	καί	c--------	καί	καί	c--------	c--------	
10165	ἄλλος	p-p---mn-	ἄλλος	ἄλλος	p-p---mn-	p-p---mn-	
10166	δέ	c--------	δέ	δέ	c--------	c--------	
10167	πολύς	a-p---mn-	πολύς	πολύς	a-p---mn-	a-p---mn-	
10168	ὁ	l-p---mg-	ὁ	ὁ	l-p---mg-	l-p---mg-	
10169	ἡμίθεος	n-p---mg-	ἡμίθεος	ἡμίθεος	a-p---mg-	n-p---mg-	
10170	ὁ	l-p---mn-	ὁ	ὁ	l-p---mn-	l-p---mn-	
10171	ἀγαθός	a-p---mns	ἄριστος	ἀγαθός	a-p---mns	a-p---mns	DISAGREE
10172	ὑμνέω	v3ppim---	ὑμνέω	ὑμνέω	v3ppie---	v3ppim---	
10173	οὐ	d--------	οὐ	οὐ	d--------	d--------	
10174	διά	r--------	διά	διά	r--------	r--------	
10175	ὁ	l-s---na-	ὁ	ὁ	l-s---na-	l-s---na-	
10176	συγκαθεύδω	v--pna---	συγκαθεύδω	συγκαθεύδω	v--pna---	v--pna---	
10177	ἀλλά	c--------	ἀλλά	ἀλλά	c--------	c--------	
10178	διά	r--------	διά	διά	r--------	r--------	
10179	ὁ	l-s---na-	ὁ	ὁ	l-s---na-	l-s---na-	
10180	ἄγαμαι	v--pnm---	ἄγαμαι	ἄγαμαι	v--pne---	v--pnm---	
10181	ἀλλήλων	p-p---ma-	ἀλλήλων	ἀλλήλων	p-p---ma-	p-p---ma-	
10182	ὁ	l-p---na-	ὁ	ὁ	l-p---na-	l-p---na-	
10183	μέγας	a-p---nas	μέγας	μέγας	a-p---nas	a-p---nas	
10184	καί	c--------	καί	καί	c--------	c--------	
10185	καλός	a-p---nas	καλός	καλός	a-p---nas	a-p---nas	
10186	κοινῇ	d--------	κοινῇ	κοινῇ	d--------	d--------	
10187	διαπράσσω	v--rnm---	διαπράσσω	διαπράσσω	v--rne---	v--rnm---	
10188	.	u--------	.	.	u--------	u--------	
10189	τίς	p-s---na-	τίς	τίς	a-s---na-	p-s---na-	
10190	δέ	c--------	δέ	δέ	d--------	c--------	
10191	,	u--------	,	,	u--------	u--------	
10192	ὁ	l-p---na-	ὁ	ὁ	l-p---na-	l-p---na-	
10193	νῦν	d--------	νῦν	νῦν	d--------	d--------	
10194	καλός	a-p---na-	καλός	καλός	a-p---na-	a-p---na-	
10195	ἔργον	n-p---na-	ἔργον	ἔργον	n-p---na-	n-p---na-	
10196	οὐ	d--------	οὐ	οὐ	d--------	d--------	
10197	πᾶς	p-p---na-	πᾶς	πᾶς	a-p---na-	p-p---na-	
10198	ἄν	g--------	ἄν	ἄν	d--------	g--------	
10199	εὑρίσκω	v3saoa---	εὑρίσκω	εὑρίσκω	v3saoa---	v3saoa---	
10200	τις	p-s---cn-	τις	τις	p-s---mn-	p-s---cn-	
10201	ἕνεκα	r--------	ἕνεκα	ἕνεκα	r--------	r--------	
10202	ἔπαινος	n-s---mg-	ἔπαινος	ἔπαινος	n-s---mg-	n-s---mg-	
10203	ὑπό	r--------	ὑπό	ὑπό	r--------	r--------	
10204	ὁ	l-p---mg-	ὁ	ὁ	l-p---mg-	l-p---mg-	
10205	καί	c--------	καί	καί	d--------	c--------	
10206	πονέω	v--pna---	πονέω	πονέω	v--pna---	v--pna---	
10207	καί	c--------	καί	καί	c--------	c--------	
10208	κινδυνεύω	v--pna---	κινδυνεύω	κινδυνεύω	v--pna---	v--pna---	
10209	ἐθέλω	v-pppamg-	ἐθέλω	ἐθέλω	v-pppamg-	v-pppamg-	
10210	πράσσω	v-pppmna-	πράσσω	πράσσω	v-pppena-	v-pppmna-	
10211	μάλα	d-------c	μᾶλλον	μάλα	d--------	d-------c	DISAGREE
10212	ἤ	c--------	ἤ1	ἤ	c--------	c--------	
10213	ὑπό	r--------	ὑπό	ὑπό	r--------	r--------	
10214	ὁ	l-p---mg-	ὁ	ὁ	l-p---mg-	l-p---mg-	
10215	ἐθίζω	v-pppmmg-	ἐθίζω	ἐθίζω	v-pppemg-	v-pppmmg-	
10216	ἡδονή	n-s---fa-	ἡδονή	ἡδονή	n-s---fa-	n-s---fa-	
10217	ἀντί	r--------	ἀντί	ἀντί	r--------	r--------	
10218	εὔκλεια	n-s---fg-	εὔκλεια	εὔκλεια	n-s---fg-	n-s---fg-	
10219	αἱρέω	v--pnm---	αἱρέω	αἱρέω	v--pne---	v--pnm---	
10220	;	u--------	;	;	u--------	u--------	
10221	καίτοι	g--------	καίτοι	καίτοι	d--------	g--------	
10222	Παυσανίας	n-s---mn-	παυσανίας	Παυσανίας	n-s---mn-	n-s---mn-	
10223	γε	g--------	γε	γε	d--------	g--------	
10224	ὁ	l-s---mn-	ὁ	ὁ	l-s---mn-	l-s---mn-	
10225	Ἀγάθων	n-s---mg-	ἀγάθων	Ἀγάθων	n-s---mg-	n-s---mg-	
10226	ὁ	l-s---mg-	ὁ	ὁ	l-s---mg-	l-s---mg-	
10227	ποιητής	n-s---mg-	ποιητής	ποιητής	n-s---mg-	n-s---mg-	
10228	ἐραστής	n-s---mn-	ἐραστής	ἐραστής	n-s---mn-	n-s---mn-	
10229	ἀπολογέομαι	v-sppmmn-	ἀπολογέομαι	ἀπολογέομαι	v-sppemn-	v-sppmmn-	
10230	ὑπέρ	r--------	ὑπέρ	ὑπέρ	r--------	r--------	
10231	ὁ	l-p---mg-	ὁ	ὁ	l-p---mg-	l-p---mg-	
10232	ἀκρασία	n-s---fd-	ἀκρασία	ἀκρασία	n-s---fd-	n-s---fd-	
10233	ἐγκαλινδέομαι	v-pppmmg-	ἐγκαλινδέομαι	ἐγκαλινδέομαι	v-pppemg-	v-pppmmg-	
10234	λέγω	v3sria---	ἐρῶ	λέγω	v3sria---	v3sria---	DISAGREE
10235	ὡς	c--------	ὡς	ὡς	c--------	c--------	
10236	καί	c--------	καί	καί	d--------	c--------	
10237	στράτευμα	n-s---nn-	στράτευμα	στράτευμα	n-s---nn-	n-s---nn-	
10238	ἄλκιμος	a-s---nns	ἄλκιμος	ἄλκιμος	a-s---nns	a-s---nns	
10239	ἄν	g--------	ἄν	ἄν	d--------	g--------	
10240	γίγνομαι	v3saom---	γίγνομαι	γίγνομαι	v3saom---	v3saom---	
10241	ἐκ	r--------	ἐκ	ἐκ	r--------	r--------	
10242	παιδικός	a-p---mg-	παιδικός	παιδικός	n-p---ng-	a-p---mg-	
10243	τε	c--------	τε	τε	d--------	c--------	
10244	καί	c--------	καί	καί	c--------	c--------	
10245	ἐραστής	n-p---mg-	ἐραστής	ἐραστής	n-p---mg-	n-p---mg-	
10246	.	u--------	.	.	u--------	u--------	
10247	οὗτος	p-p---ma-	οὗτος	οὗτος	p-p---ma-	p-p---ma-	
10248	γάρ	g--------	γάρ	γάρ	d--------	g--------	
10249	ἄν	g--------	ἄν	ἄν	d--------	g--------	
10250	φημί	v3siia---	φημί	φημί	v3siia---	v3siia---	
10251	οἴομαι	v--pnm---	οἴομαι	οἴομαι	v--pne---	v--pnm---	
10252	μάλα	d-------s	μάλιστα	μάλα	d-------s	d-------s	DISAGREE
10253	αἰδέομαι	v--pnm---	αἰδέομαι	αἰδέομαι	v--pne---	v--pnm---	
10254	ἀλλήλων	p-p---ma-	ἀλλήλων	ἀλλήλων	p-p---ma-	p-p---ma-	
10255	ἀπολείπω	v--pna---	ἀπολείπω	ἀπολείπω	v--pna---	v--pna---	
10256	,	u--------	,	,	u--------	u--------	
10257	θαυμαστός	a-p---na-	θαυμαστός	θαυμαστός	a-p---na-	a-p---na-	
10258	λέγω	v-sppamn-	λέγω3	λέγω	v-sppamn-	v-sppamn-	
10259	,	u--------	,	,	u--------	u--------	
10260	εἰ	c--------	εἰ	εἰ	c--------	c--------	
10261	γε	g--------	γε	γε	d--------	g--------	
10262	ὁ	l-p---mn-	ὁ	ὁ	l-p---mn-	l-p---mn-	
10263	ψόγος	n-s---mg-	ψόγος	ψόγος	n-s---mg-	n-s---mg-	
10264	τε	c--------	τε	τε	c--------	c--------	
10265	ἀφροντιστέω	v--pna---	ἀφροντιστέω	ἀφροντιστέω	v--pna---	v--pna---	
10266	καί	c--------	καί	καί	c--------	c--------	
10267	ἀναισχυντέω	v--pna---	ἀναισχυντέω	ἀναισχυντέω	v--pna---	v--pna---	
10268	πρός	r--------	πρός	πρός	r--------	r--------	
10269	ἀλλήλων	p-p---ma-	ἀλλήλων	ἀλλήλων	p-p---ma-	p-p---ma-	
10270	ἐθίζω	v-pppmmn-	ἐθίζω	ἐθίζω	v-pppemn-	v-pppmmn-	
10271	,	u--------	,	,	u--------	u--------	
10272	οὗτος	p-p---mn-	οὗτος	οὗτος	p-p---mn-	p-p---mn-	
10273	μάλα	d-------s	μάλιστα	μάλα	d-------s	d-------s	DISAGREE
10274	αἰσχύνω	v3pfim---	αἰσχύνω	αἰσχύνω	v3ppie---	v3pfim---	
10275	αἰσχρός	a-s---na-	αἰσχρός	αἰσχρός	a-s---na-	a-s---na-	
10276	τις	p-s---na-	τις	τις	p-s---na-	p-s---na-	
10277	ποιέω	v--pna---	ποιέω	ποιέω	v--pna---	v--pna---	
10278	.	u--------	.	.	u--------	u--------	
10279	καί	c--------	καί	καί	d--------	c--------	
10280	μαρτύριον	n-p---na-	μαρτύριον	μαρτύριον	n-p---nn-	n-p---na-	
10281	δέ	c--------	δέ	δέ	d--------	c--------	
10282	ἐπάγω	v3siim---	πήγνυμι	ἐπάγω	v3siie---	v3siim---	DISAGREE
10283	ὡς	c--------	ὡς	ὡς	c--------	c--------	
10284	οὗτος	p-p---na-	οὗτος	οὗτος	p-p---na-	p-p---na-	
10285	γιγνώσκω	v-prpamn-	γιγνώσκω	γιγνώσκω	v-prpamn-	v-prpamn-	
10286	εἰμί	v3ppoa---	εἰμί	εἰμί	v3ppoa---	v3ppoa---	
10287	καί	c--------	καί	καί	d--------	c--------	
10288	Θηβαῖος	a-p---mn-	θηβαῖος	Θηβαῖος	n-p---mn-	a-p---mn-	
10289	καί	c--------	καί	καί	c--------	c--------	
10290	Ἠλεῖος	a-p---mn-	ἠλεῖος	Ἠλεῖος	n-p---mn-	a-p---mn-	
10291	·	u--------	·	·	u--------	u--------	
10292	συγκαθεύδω	v-pppama-	συγκαθεύδω	συγκαθεύδω	v-pppama-	v-pppama-	
10293	γοῦν	g--------	γοῦν	γοῦν	d--------	g--------	
10294	αὐτός	p-p---md-	αὐτός	αὐτός	p-p---md-	p-p---md-	
10295	ὅμως	d--------	ὅμως	ὅμως	d--------	d--------	
10296	παρατάσσω	v--pnm---	παρατάσσω	παρατάσσω	v--pne---	v--pnm---	
10297	φημί	v3siia---	φημί	φημί	v3siia---	v3siia---	
10298	ὁ	l-p---na-	ὁ	ὁ	l-p---na-	l-p---na-	
10299	παιδικός	a-p---na-	παιδικόν	παιδικός	n-p---na-	a-p---na-	DISAGREE
10300	εἰς	r--------	εἰς	εἰς	r--------	r--------	
10301	ὁ	l-s---ma-	ὁ	ὁ	l-s---ma-	l-s---ma-	
10302	ἀγών	n-s---ma-	ἀγών	ἀγών	n-s---ma-	n-s---ma-	
10303	,	u--------	,	,	u--------	u--------	
10304	οὐδείς	p-s---na-	οὐδείς	οὐδείς	p-s---na-	p-s---na-	
10305	οὗτος	p-s---na-	οὗτος	οὗτος	p-s---na-	p-s---na-	
10306	σημεῖον	n-s---na-	σημεῖον	σημεῖον	n-s---na-	n-s---na-	
10307	λέγω	v-sppamn-	λέγω3	λέγω	v-sppamn-	v-sppamn-	
10308	ὅμοιος	a-s---na-	ὅμοιος	ὅμοιος	a-s---na-	a-s---na-	
10309	.	u--------	.	.	u--------	u--------	
10310	ἐκεῖνος	p-p---md-	ἐκεῖνος	ἐκεῖνος	p-p---md-	p-p---md-	
10311	μέν	g--------	μέν	μέν	d--------	g--------	
10312	γάρ	g--------	γάρ	γάρ	d--------	g--------	
10313	οὗτος	p-p---nn-	οὗτος	οὗτος	p-p---nn-	p-p---nn-	
10314	νόμιμος	a-p---nn-	νόμιμος	νόμιμος	a-p---nn-	a-p---nn-	
10315	,	u--------	,	,	u--------	u--------	
10316	ἐγώ	p-p---cd-	ἐγώ	ἐγώ	p1p---md-	p-p---cd-	
10317	δέ	c--------	δέ	δέ	c--------	c--------	
10318	ἐπονείδιστος	a-p---nn-	ἐπονείδιστος	ἐπονείδιστος	a-p---nn-	a-p---nn-	
10319	.	u--------	.	.	u--------	u--------	
10320	δοκέω	v3ppia---	δοκέω	δοκέω	v3ppia---	v3ppia---	
10321	δέ	c--------	δέ	δέ	d--------	c--------	
10322	ἐγώ	p-s---cd-	ἐγώ	ἐγώ	p1s---md-	p-s---cd-	
10323	ὁ	l-p---mn-	ὁ	ὁ	l-p---mn-	l-p---mn-	
10324	μέν	g--------	μέν	μέν	d--------	g--------	
10325	παρατάσσω	v-pppmmn-	παρατάσσω	παρατάσσω	v-pppemn-	v-pppmmn-	
10326	ἀπιστέω	v-pppamd-	ἀπιστέω	ἀπιστέω	v3ppia---	v-pppamd-	
10327	ἔοικα	v--rna---	ἔοικα	ἔοικα	v--rna---	v--rna---	
10328	μή	d--------	μή	μή	c--------	d--------	
10329	χωρίς	r--------	χωρίς	χωρίς	d--------	r--------	
10330	γίγνομαι	v-papmmn-	γίγνομαι	γίγνομαι	v-papmmn-	v-papmmn-	
10331	ὁ	l-p---mn-	ὁ	ὁ	l-p---mn-	l-p---mn-	
10332	ἐρώμενος	n-p---mn-	ἐράομαι	ἐρώμενος	v-pppemn-	n-p---mn-	DISAGREE
10333	οὐ	d--------	οὐ	οὐ	d--------	d--------	
10334	ἀποτελέω	v3ppsa---	ἀποτελέω	ἀποτελέω	v3ppsa---	v3ppsa---	
10335	ὁ	l-p---na-	ὁ	ὁ	l-p---na-	l-p---na-	
10336	ὁ	l-p---mg-	ὁ	ὁ	l-p---mg-	l-p---mg-	
10337	ἀγαθός	a-p---mg-	ἀγαθός	ἀγαθός	a-p---mg-	a-p---mg-	
10338	ἀνήρ	n-p---mg-	ἀνήρ	ἀνήρ	n-p---mg-	n-p---mg-	
10339	ἔργον	n-p---na-	ἔργον	ἔργον	n-p---na-	n-p---na-	
10340	.	u--------	.	.	u--------	u--------	
10341	Λακεδαιμόνιος	a-p---mn-	λακεδαιμόνιος	Λακεδαιμόνιος	n-p---mn-	a-p---mn-	
10342	δέ	c--------	δέ	δέ	d--------	c--------	
10343	ὁ	l-p---mn-	ὁ	ὁ	l-p---mn-	l-p---mn-	
10344	νομίζω	v-pppamn-	νομίζω	νομίζω	v-pppamn-	v-pppamn-	
10345	,	u--------	,	,	u--------	u--------	
10346	ἐάν	c--------	ἐάν	ἐάν	c--------	c--------	
10347	καί	c--------	καί	καί	d--------	c--------	
10348	ὀρέγω	v3sasp---	ἐπιθυμέω	ὀρέγω	v3sasp---	v3sasp---	DISAGREE
10349	τις	p-s---cn-	τις	τις	p-s---mn-	p-s---cn-	
10350	σῶμα	n-s---ng-	σῶμα	σῶμα	n-s---ng-	n-s---ng-	
10351	,	u--------	,	,	u--------	u--------	
10352	μηδείς	p-s---ng-	μηδείς	μηδείς	p-s---ng-	p-s---ng-	
10353	ἄν	g--------	ἄν	ἄν	d--------	g--------	
10354	ἔτι	d--------	ἔτι	ἔτι	d--------	d--------	
10355	καλός	a-s---ng-	καλός	καλός	a-s---ng-	a-s---ng-	
10356	καί	c--------	καί		c--------		oga_only
10357	ἀγαθός	a-s---ng-	ἀγαθός		a-s---ng-		oga_only
10358	οὗτος	p-s---ma-	οὗτος	οὗτος	p-s---ma-	p-s---ma-	
10359	τυγχάνω	v--ana---	τυγχάνω	τυγχάνω	v--ana---	v--ana---	
10360	,	u--------	,	,	u--------	u--------	
10361	οὕτως	d--------	οὕτως	οὕτως	d--------	d--------	
10362	τέλειος	d--------	τέλειος	τέλειος	d--------	d--------	
10363	ὁ	l-p---ma-	ὁ	ὁ	l-p---ma-	l-p---ma-	
10364	ἐράω	v-pppmma-	ἐρώμενος	ἐράω	n-p---ma-	v-pppmma-	DISAGREE
10365	ἀγαθός	a-p---ma-	ἀγαθός	ἀγαθός	a-p---ma-	a-p---ma-	
10366	ἀπεργάζομαι	v3ppim---	ἀπεργάζομαι	ἀπεργάζομαι	v3ppie---	v3ppim---	
10367	ὡς	c--------	ὡς	ὡς	c--------	c--------	
10368	καί	c--------	καί	καί	d--------	c--------	
10369	μετά	r--------	μετά	μετά	r--------	r--------	
10370	ξένος	a-p---mg-	ξένος	ξένος	n-p---mg-	a-p---mg-	
10371	καί	d--------	καί		d--------		oga_only
10372	ἄν	c--------	ἄν		c--------		oga_only
10373	μή	d--------	μή	μή	d--------	d--------	
10374	ἐν	r--------	ἐν	ἐν	r--------	r--------	
10375	ὁ	l-s---fd-	ὁ	ὁ	l-s---fd-	l-s---fd-	
10376	αὐτός	p-s---fd-	αὐτός	αὐτός	p-s---fd-	p-s---fd-	
10377	πόλις	n-s---fd-	πόλις		n-s---fd-		oga_only
10378	τάσσω	v3ppia---	τάσσω		v3ppia---		oga_only
10379	ὁ	l-s---md-	ὁ		l-s---md-		oga_only
10380	ἐραστής	n-s---md-	ἐραστής		n-s---md-		oga_only
10381	,	u--------	,		u--------		oga_only
10382	ὅμοιος	d--------	ὅμοιος		d--------		oga_only
10383	αἰδέομαι	v3ppie---	αἰδέομαι		v3ppie---		oga_only
10384	ὁ	l-p---ma-	ὁ		l-p---ma-		oga_only
10385	πάρειμι1	v-pppama-	πάρειμι1		v-pppama-		oga_only
10386	ἀπολείπω	v--pna---	ἀπολείπω		v--pna---		oga_only
10387	.	u--------	.		u--------		oga_only
10388	θεά	n-s---fa-	θεά		n-s---fa-		oga_only
10389	γάρ	d--------	γάρ		d--------		oga_only
10390	οὐ	d--------	οὐ		d--------		oga_only
10391	ὁ	l-s---fa-	ὁ	ὁ	l-s---fa-	l-s---fa-	
10392	Ἀναίδεια	n-s---fa-	ἀναίδεια	Ἀναίδεια	n-s---fa-	n-s---fa-	
10393	ἀλλά	c--------	ἀλλά	ἀλλά	c--------	c--------	
10394	ὁ	l-s---fa-	ὁ	ὁ	l-s---fa-	l-s---fa-	
10395	αἰδώς	n-s---fa-	αἰδώς	αἰδώς	n-s---fa-	n-s---fa-	
10396	νομίζω	v3ppia---	νομίζω	νομίζω	v3ppia---	v3ppia---	
10397	.	u--------	.	.	u--------	u--------	
10398	δοκέω	v1ppia---	δοκέω	δοκέω	v1ppia---	v1ppia---	
10399	δέ	c--------	δέ	δέ	d--------	c--------	
10400	ἄν	g--------	ἄν	ἄν	d--------	g--------	
10401	ἐγώ	p-s---cd-	ἐγώ	ἐγώ	p1s---cd-	p-s---cd-	
10402	πᾶς	p-p---mn-	πᾶς	πᾶς	a-p---mn-	p-p---mn-	
10403	ὁμόλογος	a-p---mn-	ὁμόλογος	ὁμόλογος	a-p---mn-	a-p---mn-	
10404	γίγνομαι	v--anm---	γίγνομαι	γίγνομαι	v--anm---	v--anm---	
10405	περί	r--------	περί	περί	r--------	r--------	
10406	ὅς	p-p---ng-	ὅς	ὅς	p-p---ng-	p-p---ng-	
10407	λέγω	v1spia---	λέγω3	λέγω	v1spia---	v1spia---	
10408	,	u--------	,	,	u--------	u--------	
10409	εἰ	c--------	εἰ	εἰ	c--------	c--------	
10410	ὧδε	d--------	ὧδε	ὧδε	d--------	d--------	
10411	ἐπισκοπέω	v1ppoa---	ἐπισκοπέω	ἐπισκοπέω	v1ppoa---	v1ppoa---	
10412	,	u--------	,	,	u--------	u--------	
10413	ὁ	l-s---md-	ὁ	ὁ	l-s---md-	l-s---md-	
10414	ποτέρως	d--------	ποτέρως	ποτέρως	d--------	d--------	
10415	παῖς	n-s---cd-	παῖς	παῖς	n-s---md-	n-s---cd-	
10416	φιλέω	v-sappmd-	φιλέω	φιλέω	v-sappmd-	v-sappmd-	
10417	μάλα	d-------c	μᾶλλον	μάλα	d-------c	d-------c	DISAGREE
10418	ἄν	g--------	ἄν	ἄν	d--------	g--------	
10419	τις	p-s---cn-	τις	τις	p-s---cn-	p-s---cn-	
10420	πιστεύω	v3saoa---	πιστεύω	πιστεύω	v3saoa---	v3saoa---	
10421	ἤ	c--------	ἤ1	ἤ	c--------	c--------	
10422	χρῆμα	n-p---na-	χρῆμα	χρῆμα	n-p---na-	n-p---na-	
10423	ἤ	c--------	ἤ1	ἤ	d--------	c--------	
10424	τέκνον	n-p---na-	τέκνον	τέκνον	n-p---na-	n-p---na-	
10425	ἤ	c--------	ἤ1	ἤ	c--------	c--------	
10426	χάρις	n-p---fa-	χάρις	χάρις	n-p---fa-	n-p---fa-	
10427	παρακατατίθεμαι	v--pnm---	παρακατατίθεμαι	παρακατατίθεμαι	v--pne---	v--pnm---	
10428	.	u--------	.	.	u--------	u--------	
10429	ἐγώ	p-s---cn-	ἐγώ	ἐγώ	p1s---mn-	p-s---cn-	
10430	μέν	g--------	μέν	μέν	d--------	g--------	
10431	γάρ	g--------	γάρ	γάρ	d--------	g--------	
10432	οἴομαι	v1spim---	οἴομαι	οἴομαι	v1spie---	v1spim---	
10433	καί	c--------	καί	καί	d--------	c--------	
10434	αὐτός	p-s---ma-	αὐτός	αὐτός	p-s---ma-	p-s---ma-	
10435	ὁ	l-s---ma-	ὁ	ὁ	l-s---ma-	l-s---ma-	
10436	ὁ	l-s---nd-	ὁ	ὁ	l-s---nd-	l-s---nd-	
10437	εἶδος	n-s---nd-	εἶδος	εἶδος	n-s---nd-	n-s---nd-	
10438	ὁ	l-s---mg-	ὁ	ὁ	l-s---mg-	l-s---mg-	
10439	ἐράω	v-sppmmg-	ἐρώμενος	ἐράω	n-s---mg-	v-sppmmg-	DISAGREE
10440	χράω	v-sppmma-	χράομαι	χράω	v-sppema-	v-sppmma-	DISAGREE
10441	μάλα	d-------c	μᾶλλον	μάλα	d--------	d-------c	DISAGREE
10442	ἄν	g--------	ἄν	ἄν	d--------	g--------	
10443	οὗτος	p-p---na-	οὗτος	οὗτος	p-p---na-	p-p---na-	
10444	πᾶς	p-p---na-	πᾶς	πᾶς	a-p---na-	p-p---na-	
10445	ὁ	l-s---nd-	ὁ	ὁ	l-s---nd-	l-s---nd-	
10446	ὁ	l-s---fa-	ὁ	ὁ	l-s---fa-	l-s---fa-	
10447	ψυχή	n-s---fa-	ψυχή	ψυχή	n-s---fa-	n-s---fa-	
10448	ἐράσμιος	a-s---nd-	ἐφέστιος	ἐράσμιος	n-s---nd-	a-s---nd-	DISAGREE
10449	πιστεύω	v--ana---	πιστεύω	πιστεύω	v--ana---	v--ana---	
10450	.	u--------	.	.	u--------	u--------	
10451	σύ	p-s---cd-	σύ	σύ	p-s---md-	p-s---cd-	
10452	γε	g--------	γε	γε	d--------	g--------	
10453	μήν	g--------	μήν	μήν	d--------	g--------	
10454	,	u--------	,	,	u--------	u--------	
10455	ὦ	i--------	ὦ	ὦ	i--------	i--------	
10456	Καλλίας	n-s---mv-	καλλίης	Καλλίας	n-s---mv-	n-s---mv-	DISAGREE
10457	,	u--------	,	,	u--------	u--------	
10458	δοκέω	v3spia---	δοκέω	δοκέω	v3spia---	v3spia---	
10459	ἐγώ	p-s---cd-	ἐγώ	ἐγώ	p1s---md-	p-s---cd-	
10460	ἄξιος	a-s---nn-	ἄξιος	ἄξιος	a-s---nn-	a-s---nn-	
10461	εἰμί	v--pna---	εἰμί	εἰμί	v--pna---	v--pna---	
10462	καί	c--------	καί	καί	d--------	c--------	
10463	θεός	n-p---md-	θεός	θεός	n-p---md-	n-p---md-	
10464	χάρις	n-s---fa-	χάρις	χάρις	n-s---fa-	n-s---fa-	
10465	οἶδα	v--rna---	οἶδα	οἶδα	v--rna---	v--rna---	
10466	ὅτι	c--------	ὅτι	ὅτι	c--------	c--------	
10467	σύ	p-s---cd-	σύ	σύ	p-s---md-	p-s---cd-	
10468	Αὐτόλυκος	n-s---mg-	αὐτόλυκος	Αὐτόλυκος	n-s---mg-	n-s---mg-	
10469	ἔρως	n-s---ma-	ἔρως	ἔρως	n-s---ma-	n-s---ma-	
10470	ἐμβάλλω	v1saia---	ἐμβάλλω	ἐμβάλλω	v3paia---	v1saia---	
10471	.	u--------	.	.	u--------	u--------	
10472	ὡς	c--------	ὡς	ὡς	c--------	c--------	
10473	μέν	g--------	μέν	μέν	d--------	g--------	
10474	γάρ	g--------	γάρ	γάρ	d--------	g--------	
10475	φιλότιμος	a-s---mn-	φιλότιμος	φιλότιμος	a-s---mn-	a-s---mn-	
10476	εἰμί	v3spia---	εἰμί	εἰμί	v3spia---	v3spia---	
10477	εὔδηλος	a-s---nn-	εὔδηλος	εὔδηλος	a-s---nn-	a-s---nn-	
10478	,	u--------	,	,	u--------	u--------	
10479	ὅς	p-s---mn-	ὅς	ὅς	p-s---mn-	p-s---mn-	
10480	ὁ	l-s---ng-	ὁ	ὁ	l-s---ng-	l-s---ng-	
10481	κηρύσσω	v--anp---	κηρύσσω	κηρύσσω	v--anp---	v--anp---	
10482	ἕνεκα	r--------	ἕνεκα	ἕνεκα	r--------	r--------	
10483	νικάω	v-sppamn-	νικάω	νικάω	a-p---ng-	v-sppamn-	
10484	παγκράτιον	n-s---na-	παγκράτιον	παγκράτιον	n-s---na-	n-s---na-	
10485	πολύς	a-p---ma-	πολύς	πολύς	a-p---ma-	a-p---ma-	
10486	μέν	g--------	μέν	μέν	d--------	g--------	
10487	πόνος	n-p---ma-	πόνος	πόνος	n-p---ma-	n-p---ma-	
10488	,	u--------	,	,	u--------	u--------	
10489	πολύς	a-p---na-	πολύς	πολύς	a-p---na-	a-p---na-	
10490	δέ	c--------	δέ	δέ	d--------	c--------	
10491	ἄλγος	n-p---na-	ἄλγος	ἄλγος	n-p---na-	n-p---na-	
10492	ἀνέχω	v3spim---	ἀνέχω	ἀνέχω	v3spie---	v3spim---	
10493	.	u--------	.	.	u--------	u--------	
10494	εἰ	c--------	εἰ	εἰ	c--------	c--------	
10495	δέ	c--------	δέ	δέ	d--------	c--------	
10496	οἴομαι	v3spom---	οἴομαι	οἴομαι	v3spoe---	v3spom---	
10497	μή	d--------	μή	μή	d--------	d--------	
10498	μόνος	d--------	μόνος	μόνος	d--------	d--------	
10499	ἑαυτοῦ	p-s---ma-	ἑαυτοῦ	ἑαυτοῦ	p-s---ma-	p-s---ma-	
10500	καί	c--------	καί	καί	c--------	c--------	
10501	ὁ	l-s---ma-	ὁ	ὁ	l-s---ma-	l-s---ma-	
10502	πατήρ	n-s---ma-	πατήρ	πατήρ	n-s---ma-	n-s---ma-	
10503	κοσμέω	v--fna---	κοσμέω	κοσμέω	v--fna---	v--fna---	
10504	,	u--------	,	,	u--------	u--------	
10505	ἀλλά	c--------	ἀλλά	ἀλλά	c--------	c--------	
10506	ἱκανός	a-s---mn-	ἱκανός	ἱκανός	a-s---mn-	a-s---mn-	
10507	γίγνομαι	v--fnm---	γίγνομαι	γίγνομαι	v--fnm---	v--fnm---	
10508	διά	r--------	διά	διά	r--------	r--------	
10509	ἀνδραγαθία	n-s---fa-	ἀνδραγαθία	ἀνδραγαθία	n-s---fa-	n-s---fa-	
10510	καί	c--------	καί	καί	c--------	c--------	
10511	φίλος	a-p---ma-	φίλος	φίλος	n-p---ma-	a-p---ma-	
10512	εὖ	d--------	εὖ	εὖ	d--------	d--------	
10513	ποιέω	v--pna---	ποιέω	ποιέω	v--pna---	v--pna---	
10514	καί	c--------	καί	καί	c--------	c--------	
10515	ὁ	l-s---fa-	ὁ	ὁ	l-s---fa-	l-s---fa-	
10516	πατρίς	n-s---fa-	πατρίς	πατρίς	n-s---fa-	n-s---fa-	
10517	αὐξάνω	v--pna---	αὐξάνω	αὐξάνω	v--pna---	v--pna---	
10518	τρόπαιον	n-p---na-	τροπαῖος	τρόπαιον	a-p---na-	n-p---na-	DISAGREE
10519	ὁ	l-p---mg-	ὁ	ὁ	l-p---mg-	l-p---mg-	
10520	πολέμιος	a-p---mg-	πολέμιος	πολέμιος	n-p---mg-	a-p---mg-	
10521	ἵστημι	v-sppmmn-	ἵστημι	ἵστημι	v-sppemn-	v-sppmmn-	
10522	,	u--------	,	,	u--------	u--------	
10523	καί	c--------	καί	καί	c--------	c--------	
10524	διά	r--------	διά	διά	r--------	r--------	
10525	οὗτος	p-p---na-	οὗτος	οὗτος	p-p---na-	p-p---na-	
10526	περίβλεπτος	a-s---mn-	περίβλεπτος	περίβλεπτος	a-s---mn-	a-s---mn-	
10527	τε	c--------	τε	τε	c--------	c--------	
10528	καί	c--------	καί	καί	c--------	c--------	
10529	ὀνομαστός	a-s---mn-	ὀνομαστός	ὀνομαστός	a-s---mn-	a-s---mn-	
10530	εἰμί	v--fnm---	εἰμί	εἰμί	v--fnm---	v--fnm---	
10531	καί	c--------	καί	καί	d--------	c--------	
10532	ἐν	r--------	ἐν	ἐν	r--------	r--------	
10533	Ἕλλην	n-p---md-	ἕλλην	Ἕλλην	n-p---md-	n-p---md-	
10534	καί	c--------	καί	καί	c--------	c--------	
10535	ἐν	r--------	ἐν	ἐν	r--------	r--------	
10536	βάρβαρος	a-p---md-	βάρβαρος	βάρβαρος	n-p---md-	a-p---md-	
10537	,	u--------	,	,	u--------	u--------	
10538	πῶς	d--------	πῶς	πῶς	d--------	d--------	
10539	οὐ	d--------	οὐ	οὐ	d--------	d--------	
10540	οἴομαι	v2spim---	οἴομαι	οἴομαι	v2spie---	v2spim---	
10541	αὐτός	p-s---ma-	αὐτός	αὐτός	p-s---ma-	p-s---ma-	
10542	,	u--------	,	,	u--------	u--------	
10543	ὅστις	p-s---ma-	ὅστις	ὅστις	p-s---ma-	p-s---ma-	
10544	ἡγέομαι	v3spom---	ἡγέομαι	ἡγέομαι	v3spoe---	v3spom---	
10545	εἰς	r--------	εἰς	εἰς	r--------	r--------	
10546	οὗτος	p-p---na-	οὗτος	οὗτος	p-p---na-	p-p---na-	
10547	συνεργός	a-s---ma-	συνεργός	συνεργός	a-s---ma-	a-s---ma-	
10548	εἰμί	v--pna---	εἰμί	εἰμί	v--pna---	v--pna---	
10549	κρατύς	a-s---mas	κράτιστος	κρατύς	a-s---mas	a-s---mas	DISAGREE
10550	,	u--------	,	,	u--------	u--------	
10551	οὗτος	p-s---ma-	οὗτος	οὗτος	p-s---ma-	p-s---ma-	
10552	ὁ	l-p---fd-	ὁ	ὁ	l-p---fd-	l-p---fd-	
10553	μέγας	a-p---fds	μέγας	μέγας	a-p---fds	a-p---fds	
10554	ἄν	g--------	ἄν	ἄν	d--------	g--------	
10555	τιμή	n-p---fd-	τιμή	τιμή	n-p---fd-	n-p---fd-	
10556	περιέπω	v--pna---	περιέπω	περιέπω	v--pna---	v--pna---	
10557	;	u--------	;	;	u--------	u--------	
10558	εἰ	c--------	εἰ	εἰ	c--------	c--------	
10559	οὖν	g--------	οὖν	οὖν	d--------	g--------	
10560	βούλομαι	v2spim---	βούλομαι	βούλομαι	v2spie---	v2spim---	
10561	οὗτος	p-s---md-	οὗτος	οὗτος	p-s---md-	p-s---md-	
10562	ἀρέσκω	v--pna---	ἀρέσκω	ἀρέσκω	v--pna---	v--pna---	
10563	,	u--------	,	,	u--------	u--------	
10564	σκοπέω	a-s---nn-	σκεπτέος	σκοπέω	a-s---nn-	a-s---nn-	DISAGREE
10565	μέν	g--------	μέν	μέν	d--------	g--------	
10566	σύ	p-s---cd-	σύ	σύ	p2s---cd-	p-s---cd-	
10567	ποῖος	p-p---na-	ποῖος	ποῖος	p-p---na-	p-p---na-	
10568	ἐπίσταμαι	v-sppmmn-	ἐπίσταμαι	ἐπίσταμαι	v-sppemn-	v-sppmmn-	
10569	Θεμιστοκλῆς	n-s---mn-	θεμιστοκλῆς	Θεμιστοκλῆς	n-s---mn-	n-s---mn-	
10570	ἱκανός	a-s---mn-	ἱκανός	ἱκανός	a-s---mn-	a-s---mn-	
10571	γίγνομαι	v3saim---	γίγνομαι	γίγνομαι	v3saim---	v3saim---	
10572	ὁ	l-s---fa-	ὁ	ὁ	l-s---fa-	l-s---fa-	
10573	Ἑλλάς	n-s---fa-	ἑλλάς	Ἑλλάς	n-s---fa-	n-s---fa-	
10574	ἐλευθερόω	v--pna---	ἐλευθερόω	ἐλευθερόω	v--pna---	v--pna---	
10575	,	u--------	,	,	u--------	u--------	
10576	σκοπέω	a-s---nn-	σκεπτέος	σκοπέω	a-s---nn-	a-s---nn-	DISAGREE
10577	δέ	c--------	δέ	δέ	d--------	c--------	
10578	ποῖος	p-p---na-	ποῖος	ποῖος	p-p---na-	p-p---na-	
10579	ποτέ	d--------	ποτέ	ποτέ	d--------	d--------	
10580	οἶδα	v-srpamn-	οἶδα	οἶδα	v-srpamn-	v-srpamn-	
10581	Περικλῆς	n-s---mn-	περικλῆς	Περικλῆς	n-s---mn-	n-s---mn-	
10582	κρατύς	a-s---mns	κράτιστος	κρατύς	a-s---mns	a-s---mns	DISAGREE
10583	δοκέω	v3siia---	δοκέω	δοκέω	v3siia---	v3siia---	
10584	ὁ	l-s---fd-	ὁ	ὁ	l-s---fd-	l-s---fd-	
10585	πατρίς	n-s---fd-	πατρίς	πατρίς	n-s---fd-	n-s---fd-	
10586	σύμβουλος	n-s---mn-	σύμβουλος	σύμβουλος	n-s---mn-	n-s---mn-	
10587	εἰμί	v--pna---	εἰμί	εἰμί	v--pna---	v--pna---	
10588	,	u--------	,	,	u--------	u--------	
10589	ἀθρητέον	a-s---nn-	ἀθρεπτέον	ἀθρητέον	a-s---nn-	a-s---nn-	DISAGREE
10590	δέ	c--------	δέ	δέ	d--------	c--------	
10591	καί	c--------	καί	καί	c--------	c--------	
10592	πῶς	d--------	πῶς	πῶς	d--------	d--------	
10593	ποτέ	d--------	ποτέ	ποτέ	d--------	d--------	
10594	Σόλων	n-s---mn-	σόλων	Σόλων	n-s---mn-	n-s---mn-	
10595	φιλοσοφέω	v-sapamn-	φιλοσοφέω	φιλοσοφέω	v-sapamn-	v-sapamn-	
10596	νόμος	n-p---ma-	νόμος	νόμος	n-p---ma-	n-p---ma-	
10597	κρατύς	a-p---mas	κράτιστος	κρατύς	a-p---ma-	a-p---mas	DISAGREE
10598	ὁ	l-s---fd-	ὁ	ὁ	l-s---fd-	l-s---fd-	
10599	πόλις	n-s---fd-	πόλις	πόλις	n-s---fd-	n-s---fd-	
10600	κατατίθημι	v3saia---	κατατίθημι	κατατίθημι	v3saia---	v3saia---	
10601	,	u--------	,	,	u--------	u--------	
10602	ἐρευνητέον	a-s---nn-	ἐρευνητέον	ἐρευνητέον	a-s---nn-	a-s---nn-	
10603	δέ	c--------	δέ	δέ	c--------	c--------	
10604	καί	c--------	καί	καί	d--------	c--------	
10605	ποῖος	p-p---na-	ποῖος	ποῖος	p-p---na-	p-p---na-	
10606	Λακεδαιμόνιος	a-p---mn-	λακεδαιμόνιος	Λακεδαιμόνιος	n-p---mn-	a-p---mn-	
10607	ἀσκέω	v-pppamn-	ἀσκέω	ἀσκέω	v-pppamn-	v-pppamn-	
10608	κρατύς	a-p---mns	κράτιστος	κρατύς	a-p---mns	a-p---mns	DISAGREE
10609	δοκέω	v3ppia---	δοκέω	δοκέω	v3ppia---	v3ppia---	
10610	ἡγεμών	n-p---mn-	ἡγεμών	ἡγεμών	n-p---mn-	n-p---mn-	
10611	εἰμί	v--pna---	εἰμί	εἰμί	v--pna---	v--pna---	
10612	·	u--------	·	·	u--------	u--------	
10613	προξενέω	v2spia---	προξενέω	προξενέω	v2sfia---	v2spia---	
10614	δέ	c--------	δέ	δέ	d--------	c--------	
10615	καί	c--------	καί	καί	c--------	c--------	
10616	κατάγω	v3ppim---	κατάγω	κατάγω	v3ppie---	v3ppim---	
10617	ἀεί	d--------	ἀεί	ἀεί	d--------	d--------	
10618	παρά	r--------	παρά	παρά	r--------	r--------	
10619	σύ	p-s---cd-	σύ	σύ	p-s---md-	p-s---cd-	
10620	ὁ	l-p---mn-	ὁ	ὁ	l-p---mn-	l-p---mn-	
10621	κρατύς	a-p---mns	κράτιστος	κρατύς	a-p---mns	a-p---mns	DISAGREE
10622	αὐτός	p-p---mg-	αὐτός	αὐτός	p-p---mg-	p-p---mg-	
10623	.	u--------	.	.	u--------	u--------	
10624	ὡς	c--------	ὡς	ὡς	c--------	c--------	
10625	μέν	g--------	μέν	μέν	d--------	g--------	
10626	οὖν	g--------	οὖν	οὖν	d--------	g--------	
10627	σύ	p-s---cd-	σύ	σύ	p-s---md-	p-s---cd-	
10628	ὁ	l-s---fn-	ὁ	ὁ	l-s---fn-	l-s---fn-	
10629	πόλις	n-s---fn-	πόλις	πόλις	n-p---fa-	n-s---fn-	
10630	ταχύς	a-s---na-	ταχύς	ταχύς	a-s---na-	a-s---na-	
10631	ἄν	g--------	ἄν	ἄν	d--------	g--------	
10632	ἐπιτρέπω	v3saoa---	ἐπιτρέπω	ἐπιτρέπω	v3saoa---	v3saoa---	
10633	ἑαυτοῦ	p-s---fa-	ἑαυτοῦ	ἑαυτοῦ	p-s---fa-	p-s---fa-	
10634	,	u--------	,	,	u--------	u--------	
10635	εἰ	c--------	εἰ	εἰ	c--------	c--------	
10636	βούλομαι	v2spim---	βούλομαι	βούλομαι	v2spie---	v2spim---	
10637	,	u--------	,	,	u--------	u--------	
10638	εὖ	d--------	εὖ	εὖ	d--------	d--------	
10639	οἶδα	v2srma---	οἶδα	οἶδα	v2srma---	v2srma---	
10640	.	u--------	.	.	u--------	u--------	
10641	ὁ	l-p---nn-	ὁ	ὁ	l-p---nn-	l-p---nn-	
10642	μέγας	a-p---nns	μέγας	μέγας	a-p---nns	a-p---nns	
10643	γάρ	g--------	γάρ	γάρ	d--------	g--------	
10644	σύ	p-s---cd-	σύ	σύ	p2s---cd-	p-s---cd-	
10645	ὑπάρχω	v3spia---	ὑπάρχω	ὑπάρχω	v3spia---	v3spia---	
10646	·	u--------	·	·	u--------	u--------	
10647	εὐπατρίδης	n-s---mn-	εὐπατρίδης	εὐπατρίδης	n-s---mn-	n-s---mn-	
10648	εἰμί	v2spia---	εἰμί	εἰμί	v2spia---	v2spia---	
10649	,	u--------	,	,	u--------	u--------	
10650	ἱερεύς	n-s---mn-	ἱερεύς	ἱερεύς	n-s---mn-	n-s---mn-	
10651	θεός	n-p---mg-	θεός	θεός	n-p---mg-	n-p---mg-	
10652	ὁ	l-p---mg-	ὁ	ὁ	l-p---mg-	l-p---mg-	
10653	ἀπό	r--------	ἀπό	ἀπό	r--------	r--------	
10654	Ἐρεχθεύς	n-s---mg-	ἐρεχθεύς	Ἐρεχθεύς	n-s---mg-	n-s---mg-	
10655	,	u--------	,	,	u--------	u--------	
10656	ὅς	p-p---mn-	ὅς	ὅς	p-p---mn-	p-p---mn-	
10657	καί	c--------	καί	καί	d--------	c--------	
10658	ἐπί	r--------	ἐπί	ἐπί	r--------	r--------	
10659	ὁ	l-s---ma-	ὁ	ὁ	l-s---ma-	l-s---ma-	
10660	βάρβαρος	a-s---ma-	βάρβαρος	βάρβαρος	a-s---ma-	a-s---ma-	
10661	σύν	r--------	σύν	σύν	r--------	r--------	
10662	Ἴακχος	n-s---md-	ἰάκχος	Ἴακχος	n-s---md-	n-s---md-	
10663	στρατεύω	v3paia---	στρατεύω	στρατεύω	v3paia---	v3paia---	
10664	,	u--------	,	,	u--------	u--------	
10665	καί	c--------	καί	καί	d--------	c--------	
10666	νῦν	d--------	νῦν	νῦν	d--------	d--------	
10667	ἐν	r--------	ἐν	ἐν	r--------	r--------	
10668	ὁ	l-s---fd-	ὁ	ὁ	l-s---fd-	l-s---fd-	
10669	ἑορτή	n-s---fd-	ἑορτή	ἑορτή	n-s---fd-	n-s---fd-	
10670	ἱεροπρεπής	a-s---mns	ἱεροπρεπής	ἱεροπρεπής	a-s---mns	a-s---mns	
10671	δοκέω	v2spia---	δοκέω	δοκέω	v2spia---	v2spia---	
10672	εἰμί	v--pna---	εἰμί	εἰμί	v--pna---	v--pna---	
10673	ὁ	l-p---mg-	ὁ	ὁ	l-p---mg-	l-p---mg-	
10674	προγίγνομαι	v-prpmmg-	προγίγνομαι	προγίγνομαι	v-prpemg-	v-prpmmg-	
10675	,	u--------	,	,	u--------	u--------	
10676	καί	c--------	καί	καί	c--------	c--------	
10677	σῶμα	n-s---na-	σῶμα	σῶμα	n-s---na-	n-s---na-	
10678	ἀξιοπρεπής	a-s---nas	ἀξιοπρεπής	ἀξιοπρεπής	a-s---nas	a-s---nas	
10679	μέν	g--------	μέν	μέν	d--------	g--------	
10680	ὁράω	v--ana---	εἶδον	ὁράω	v--ana---	v--ana---	DISAGREE
10681	ὁ	l-s---fg-	ὁ	ὁ	l-s---fg-	l-s---fg-	
10682	πόλις	n-s---fg-	πόλις	πόλις	n-s---fg-	n-s---fg-	
10683	ἔχω	v2spia---	ἔχω	ἔχω	v2spia---	v2spia---	
10684	,	u--------	,	,	u--------	u--------	
10685	ἱκανός	a-s---na-	ἱκανός	ἱκανός	a-s---na-	a-s---na-	
10686	δέ	c--------	δέ	δέ	c--------	c--------	
10687	μόχθος	n-p---ma-	μόχθος	μόχθος	n-p---ma-	n-p---ma-	
10688	ὑποφέρω	v--pna---	ὑποφέρω	ὑποφέρω	v--pna---	v--pna---	
10689	.	u--------	.	.	u--------	u--------	
10690	εἰ	c--------	εἰ	εἰ	c--------	c--------	
10691	δέ	c--------	δέ	δέ	d--------	c--------	
10692	σύ	p-p---cd-	σύ	σύ	p-p---md-	p-p---cd-	
10693	δοκέω	v1spia---	δοκέω	δοκέω	v1spia---	v1spia---	
10694	σπουδαιολογέω	v--ana---	σπουδαιολογέω	σπουδαιολογέω	v--ana---	v--ana---	
10695	μάλα	d-------c	μᾶλλον	μάλα	d-------c	d-------c	DISAGREE
10696	ἤ	c--------	ἤ1	ἤ	c--------	c--------	
10697	παρά	r--------	παρά	παρά	r--------	r--------	
10698	πότος	n-s---ma-	πότος	πότος	n-s---ma-	n-s---ma-	
10699	πρέπω	v3spia---	πρέπω	πρέπω	v3spia---	v3spia---	
10700	,	u--------	,	,	u--------	u--------	
10701	μή	d--------	μη	μή	d--------	d--------	
10702	δέ	d--------	δέ		d--------		oga_only
10703	οὗτος	p-s---na-	οὗτος		p-s---na-		oga_only
10704	θαυμάζω	v2ppma---	θαυμάζω		v2ppma---		oga_only
10705	.	u--------	.		u--------		oga_only
10706	ἀγαθός	a-p---ng-	ἀγαθός		a-p---ng-		oga_only
10707	γάρ	d--------	γάρ		d--------		oga_only
10708	φύσις	n-s---fd-	φύσις		n-s---fd-		oga_only
10709	καί	c--------	καί		c--------		oga_only
10710	ὁ	l-s---fg-	ὁ		l-s---fg-		oga_only
10711	ἀρετή	n-s---fg-	ἀρετή		n-s---fg-		oga_only
10712	φιλότιμος	d--------	φιλότιμος		d--------		oga_only
10713	ἐφίημι	v-pppeng-	ἐφίημι		v-pppeng-		oga_only
10714	ἀεί	d--------	ἀεί		d--------		oga_only
10715	ποτέ	d--------	ποτέ		d--------		oga_only
10716	ὁ	l-s---fd-	ὁ		l-s---fd-		oga_only
10717	πόλις	n-s---fd-	πόλις		n-s---fd-		oga_only
10718	συνεραστής	n-s---mn-	συνεραστής		n-s---mn-		oga_only
10719	εἰμί	v-sppamn-	εἰμί		v-sppamn-		oga_only
10720	διατελέω	v1spia---	διατελέω		v1spia---		oga_only
10721	.	u--------	.		u--------		oga_only
10722	ὁ	l-p---mn-	ὁ	ὁ	l-p---mn-	l-p---mn-	
10723	μέν	g--------	μέν	μέν	d--------	g--------	
10724	δή	g--------	δή	δή	d--------	g--------	
10725	ἄλλος	p-p---mn-	ἄλλος	ἄλλος	p-p---mn-	p-p---mn-	
10726	περί	r--------	περί	περί	r--------	r--------	
10727	ὁ	l-p---ng-	ὁ	ὁ	l-p---ng-	l-p---ng-	
10728	λέγω	v-pappng-	ἐρῶ	λέγω	v-pappng-	v-pappng-	DISAGREE
10729	διαλέγω	v3piim---	διαλέγω	διαλέγω	v3piie---	v3piim---	
10730	,	u--------	,	,	u--------	u--------	
10731	ὁ	l-s---mn-	ὁ	ὁ	l-s---mn-	l-s---mn-	
10732	δέ	c--------	δέ	δέ	c--------	c--------	
10733	Αὐτόλυκος	n-s---mn-	αὐτόλυκος	Αὐτόλυκος	n-s---mn-	n-s---mn-	
10734	καταθεάομαι	v3siim---	καταθεάομαι	καταθεάομαι	v3siie---	v3siim---	
10735	ὁ	l-s---ma-	ὁ	ὁ	l-s---ma-	l-s---ma-	
10736	Καλλίας	n-s---ma-	καλλίας	Καλλίας	n-s---ma-	n-s---ma-	
10737	.	u--------	.	.	u--------	u--------	
10738	καί	c--------	καί	καί	d--------	c--------	
10739	ὁ	l-s---mn-	ὁ	ὁ	l-s---mn-	l-s---mn-	
10740	Καλλίας	n-s---mn-	καλλίας	Καλλίας	n-s---mn-	n-s---mn-	
10741	δέ	c--------	δέ	δέ	d--------	c--------	
10742	παροράω	v-sppamn-	παροράω	παροράω	v-sppamn-	v-sppamn-	
10743	εἰς	r--------	εἰς	εἰς	r--------	r--------	
10744	ἐκεῖνος	p-s---ma-	ἐκεῖνος	ἐκεῖνος	p-s---ma-	p-s---ma-	
10745	λέγω	v3saia---	λέγω	λέγω	v3saia---	v3saia---	
10746	·	u--------	·	·	u--------	u--------	
10747	οὐκοῦν	g--------	οὐκοῦν	οὐκοῦν	d--------	g--------	
10748	σύ	p-s---cn-	σύ	σύ	p2s---cn-	p-s---cn-	
10749	ἐγώ	p-s---ca-	ἐγώ	ἐγώ	p1s---ca-	p-s---ca-	
10750	,	u--------	,	,	u--------	u--------	
10751	ὦ	i--------	ὦ	ὦ	i--------	i--------	
10752	Σωκράτης	n-s---mv-	σωκράτης	Σωκράτης	n-s---mv-	n-s---mv-	
10753	,	u--------	,	,	u--------	u--------	
10754	μαστροπεύω	v2sfia---	μαστροπεύω	μαστροπεύω	v2sfia---	v2sfia---	
10755	πρός	r--------	πρός	πρός	r--------	r--------	
10756	ὁ	l-s---fa-	ὁ	ὁ	l-s---fa-	l-s---fa-	
10757	πόλις	n-s---fa-	πόλις	πόλις	n-s---fa-	n-s---fa-	
10758	,	u--------	,	,	u--------	u--------	
10759	ὅπως	c--------	ὅπως	ὅπως	c--------	c--------	
10760	πράσσω	v1spsa---	πράσσω	πράσσω	v1spia---	v1spsa---	
10761	ὁ	l-p---na-	ὁ	ὁ	l-p---na-	l-p---na-	
10762	πολιτικός	a-p---na-	πολιτικός	πολιτικός	a-p---na-	a-p---na-	
10763	καί	c--------	καί	καί	c--------	c--------	
10764	ἀεί	d--------	ἀεί	ἀεί	d--------	d--------	
10765	ἀρεστός	a-s---mn-	ἀρεστός	ἀρεστός	a-s---mn-	a-s---mn-	
10766	εἰμί	v1spsa---	ὦ	εἰμί	v1spsa---	v1spsa---	DISAGREE
10767	αὐτός	p-s---fd-	αὐτός	αὐτός	p-s---fd-	p-s---fd-	
10768	;	u--------	;	;	u--------	u--------	
10769	ναί	i--------	ναί	ναί	d--------	i--------	
10770	μά	r--------	μά	μά	r--------	r--------	
10771	Ζεύς	n-s---ma-	ζεύς	Ζεύς	n-s---ma-	n-s---ma-	
10772	,	u--------	,	,	u--------	u--------	
10773	φημί	v3siia---	φημί	φημί	v3siia---	v3siia---	
10774	,	u--------	,	,	u--------	u--------	
10775	ἐάν	c--------	ἄν	ἐάν	c--------	c--------	DISAGREE
10776	ὁράω	v3ppsa---	ὁράω	ὁράω	v3ppsa---	v3ppsa---	
10777	γε	g--------	γε	γε	d--------	g--------	
10778	σύ	p-s---ca-	σύ	σύ	p2s---ca-	p-s---ca-	
10779	μή	d--------	μή	μή	d--------	d--------	
10780	ὁ	l-s---nd-	ὁ	ὁ	l-s---nd-	l-s---nd-	
10781	δοκέω	v--pna---	δοκέω	δοκέω	v--pna---	v--pna---	
10782	ἀλλά	c--------	ἀλλά	ἀλλά	c--------	c--------	
10783	ὁ	l-s---nd-	ὁ	ὁ	l-s---nd-	l-s---nd-	
10784	εἰμί	v-sppand-	εἰμί	εἰμί	v-sppand-	v-sppand-	
10785	ἀρετή	n-s---fg-	ἀρετή	ἀρετή	n-s---fg-	n-s---fg-	
10786	ἐπιμελέομαι	v-sppmma-	ἐπιμελέομαι	ἐπιμελέομαι	v-sppema-	v-sppmma-	
10787	.	u--------	.	.	u--------	u--------	
10788	ὁ	l-s---fn-	ὁ	ὁ	l-s---fn-	l-s---fn-	
10789	μέν	g--------	μέν	μέν	d--------	g--------	
10790	γάρ	g--------	γάρ	γάρ	d--------	g--------	
10791	ψευδής	a-s---fn-	ψευδής	ψευδής	a-s---fn-	a-s---fn-	
10792	δόξα	n-s---fn-	δόξα	δόξα	n-s---fn-	n-s---fn-	
10793	ταχύς	a-s---na-	ταχύς	ταχύς	a-s---na-	a-s---na-	
10794	ἐλέγχω	v3spim---	ἐλέγχω	ἐλέγχω	v3spie---	v3spim---	
10795	ὑπό	r--------	ὑπό	ὑπό	r--------	r--------	
10796	ὁ	l-s---fg-	ὁ	ὁ	l-s---fg-	l-s---fg-	
10797	πεῖρα	n-s---fg-	πεῖρα	πεῖρα	n-s---fg-	n-s---fg-	
10798	·	u--------	·	·	u--------	u--------	
10799	ὁ	l-s---fn-	ὁ	ὁ	l-s---fn-	l-s---fn-	
10800	δέ	c--------	δέ	δέ	d--------	c--------	
10801	ἀληθής	a-s---fn-	ἀληθής	ἀληθής	a-s---fn-	a-s---fn-	
10802	ἀνδραγαθία	n-s---fn-	ἀνδραγαθία	ἀνδραγαθία	n-s---fn-	n-s---fn-	
10803	,	u--------	,	,	u--------	u--------	
10804	ἐάν	c--------	ἄν	ἐάν	c--------	c--------	DISAGREE
10805	μή	d--------	μή	μή	d--------	d--------	
10806	θεός	n-s---mn-	θεός	θεός	n-s---mn-	n-s---mn-	
10807	βλάπτω	v3spsa---	βλάπτω	βλάπτω	v3spsa---	v3spsa---	
10808	,	u--------	,	,	u--------	u--------	
10809	ἀεί	d--------	ἀεί	ἀεί	d--------	d--------	
10810	ἐν	r--------	ἐν	ἐν	r--------	r--------	
10811	ὁ	l-p---fd-	ὁ	ὁ	l-p---fd-	l-p---fd-	
10812	πρᾶξις	n-p---fd-	πρᾶξις	πρᾶξις	n-p---fd-	n-p---fd-	
10813	λαμπρός	a-s---fac	λαμπρός	λαμπρός	a-s---fac	a-s---fac	
10814	ὁ	l-s---fa-	ὁ	ὁ	l-s---fa-	l-s---fa-	
10815	εὔκλεια	n-s---fa-	εὔκλεια	εὔκλεια	n-s---fa-	n-s---fa-	
10816	συμπαρέχω	v3spim---	συμπαρέχω	συμπαρέχω	v3spie---	v3spim---	
10817	.	u--------	.	.	u--------	u--------	
10818	οὗτος	p-s---mn-	οὗτος	οὗτος	a-s---mn-	p-s---mn-	
10819	μέν	g--------	μέν	μέν	d--------	g--------	
10820	δή	g--------	δή	δή	d--------	g--------	
10821	ὁ	l-s---mn-	ὁ	ὁ	l-s---mn-	l-s---mn-	
10822	λόγος	n-s---mn-	λόγος	λόγος	n-s---mn-	n-s---mn-	
10823	ἐνταῦθα	d--------	ἐνταῦθα	ἐνταῦθα	d--------	d--------	
10824	λήγω	v3saia---	λήγω	λήγω	v3saia---	v3saia---	
10825	.	u--------	.	.	u--------	u--------	
10826	Αὐτόλυκος	n-s---mn-	αὐτόλυκος	Αὐτόλυκος	n-s---mn-	n-s---mn-	
10827	δέ	c--------	δέ	δέ	d--------	c--------	
10828	(	u--------	̔	(	u--------	u--------	DISAGREE
10829	ἤδη	d--------	ἤδη	ἤδη	d--------	d--------	
10830	γάρ	g--------	γάρ	γάρ	d--------	g--------	
10831	ὥρα	n-s---fn-	ὥρα	ὥρα	n-s---fn-	n-s---fn-	
10832	εἰμί	v3siia---	εἰμί	εἰμί	v3siia---	v3siia---	
10833	αὐτός	p-s---md-	αὐτός	αὐτός	p-s---md-	p-s---md-	
10834	)	u--------	)	)	u--------	u--------	
10835	ἐξανίστημι	v3siim---	ἐξανίστημι	ἐξανίστημι	v3siie---	v3siim---	
10836	εἰς	r--------	εἰς	εἰς	r--------	r--------	
10837	περίπατος	n-s---ma-	περίπατος	περίπατος	n-s---ma-	n-s---ma-	
10838	·	u--------	·	·	u--------	u--------	
10839	καί	c--------	καί	καί	d--------	c--------	
10840	ὁ	l-s---mn-	ὁ	ὁ	l-s---mn-	l-s---mn-	
10841	Λύκων	n-s---mn-	λύκων	Λύκων	n-s---mn-	n-s---mn-	
10842	ὁ	l-s---mn-	ὁ	ὁ	l-s---mn-	l-s---mn-	
10843	πατήρ	n-s---mn-	πατήρ	πατήρ	n-s---mn-	n-s---mn-	
10844	αὐτός	p-s---md-	αὐτός	αὐτός	p-s---md-	p-s---md-	
10845	συνεξέρχομαι	v-sppamn-	σύνεἴσειμι	συνεξέρχομαι	v-sppamn-	v-sppamn-	DISAGREE
10846	ἐπιστρέφω	v-sappmn-	ἐπιστρέφω	ἐπιστρέφω	v-sappmn-	v-sappmn-	
10847	λέγω	v3saia---	εἶπον	λέγω	v3saia---	v3saia---	DISAGREE
10848	·	u--------	·	·	u--------	u--------	
10849	νή	r--------	νή	νή	r--------	r--------	
10850	ὁ	l-s---fa-	ὁ	ὁ	l-s---fa-	l-s---fa-	
10851	Ἥρα	n-s---fa-	ἥρα	Ἥρα	n-s---fa-	n-s---fa-	
10852	,	u--------	,	,	u--------	u--------	
10853	ὦ	i--------	ὦ	ὦ	i--------	i--------	
10854	Σωκράτης	n-s---mv-	σωκράτης	Σωκράτης	n-s---mv-	n-s---mv-	
10855	,	u--------	,	,	u--------	u--------	
10856	καλός	a-s---mn-	καλός	καλός	a-s---mn-	a-s---mn-	
10857	γε	g--------	γε	γε	d--------	g--------	
10858	καί	c--------	καί		c--------		oga_only
10859	ἀγαθός	a-s---mn-	ἀγαθός		a-s---mn-		oga_only
10860	δοκέω	v2spia---	δοκέω	δοκέω	v2spia---	v2spia---	
10861	ἐγώ	p-s---cd-	ἐγώ	ἐγώ	p1s---cd-	p-s---cd-	
10862	ἄνθρωπος	n-s---mn-	ἄνθρωπος	ἄνθρωπος	n-s---mn-	n-s---mn-	
10863	εἰμί	v--pna---	εἰμί	εἰμί	v--pna---	v--pna---	
10864	.	u--------	.	.	u--------	u--------	
10865	ἐκ	r--------	ἐκ	ἐκ	r--------	r--------	
10866	δέ	c--------	δέ	δέ	d--------	c--------	
10867	οὗτος	p-s---ng-	οὗτος	οὗτος	p-s---ng-	p-s---ng-	
10868	πρῶτος	a-s---na-	πρῶτος	πρῶτος	a-s---na-	a-s---na-	
10869	μέν	g--------	μέν	μέν	d--------	g--------	
10870	θρόνος	n-s---mn-	θρόνος	θρόνος	n-s---mn-	n-s---mn-	
10871	τις	p-s---cn-	τις	τις	a-s---mn-	p-s---cn-	
10872	ἔνδον	d--------	ἔνδον	ἔνδον	d--------	d--------	
10873	κατατίθημι	v3saip---	κατατίθημι	κατατίθημι	v3saip---	v3saip---	
10874	,	u--------	,	,	u--------	u--------	
10875	ἔπειτα	d--------	ἔπειτα	ἔπειτα	d--------	d--------	
10876	δέ	c--------	δέ	δέ	c--------	c--------	
10877	ὁ	l-s---mn-	ὁ	ὁ	l-s---mn-	l-s---mn-	
10878	Συρακούσιος	a-s---mn-	συρακόσιος	Συρακούσιος	n-s---mn-	a-s---mn-	DISAGREE
10879	εἰσέρχομαι	v-sapamn-	εἰσέρχομαι	εἰσέρχομαι	v-sapamn-	v-sapamn-	
10880	λέγω	v3saia---	λέγω	λέγω	v3saia---	v3saia---	
10881	·	u--------	·	·	u--------	u--------	
10882	ὦ	i--------	ὦ	ὦ	i--------	i--------	
10883	ἀνήρ	n-p---mv-	ἀνήρ	ἀνήρ	n-p---mv-	n-p---mv-	
10884	,	u--------	,	,	u--------	u--------	
10885	Ἀριάδνη	n-s---fn-	ἀριάδνη	Ἀριάδνη	n-s---fv-	n-s---fn-	
10886	εἰσέρχομαι	v3spia---	εἴσειμι	εἰσέρχομαι	v3spia---	v3spia---	DISAGREE
10887	εἰς	r--------	εἰς	εἰς	r--------	r--------	
10888	ὁ	l-s---ma-	ὁ	ὁ	l-s---ma-	l-s---ma-	
10889	ἑαυτοῦ	p-s---fg-	ἑαυτοῦ	ἑαυτοῦ	p-s---fg-	p-s---fg-	
10890	τε	c--------	τε	τε	g--------	c--------	
10891	καί	c--------	καί	καί	c--------	c--------	
10892	Διόνυσος	n-s---mg-	διόνυσος	Διόνυσος	n-s---mg-	n-s---mg-	
10893	θάλαμος	n-s---ma-	θάλαμος	θάλαμος	n-s---ma-	n-s---ma-	
10894	·	u--------	·	·	u--------	u--------	
10895	μετά	r--------	μετά	μετά	r--------	r--------	
10896	δέ	c--------	δέ	δέ	d--------	c--------	
10897	οὗτος	p-s---na-	οὗτος	οὗτος	p-s---na-	p-s---na-	
10898	ἥκω	v3sfia---	ἥκω	ἥκω	v3sfia---	v3sfia---	
10899	Διόνυσος	n-s---mn-	διόνυσος	Διόνυσος	n-s---mn-	n-s---mn-	
10900	ὑποπίνω	v-srpamn-	ὑποπίνω	ὑποπίνω	v-srpamn-	v-srpamn-	
10901	παρά	r--------	παρά	παρά	r--------	r--------	
10902	θεός	n-p---md-	θεός	θεός	n-p---md-	n-p---md-	
10903	καί	c--------	καί	καί	c--------	c--------	
10904	εἰσέρχομαι	v3spia---	εἴσειμι	εἰσέρχομαι	v-pppamd-	v3spia---	DISAGREE
10905	πρός	r--------	πρός	πρός	r--------	r--------	
10906	αὐτός	p-s---fa-	αὐτός	αὐτός	p-s---fa-	p-s---fa-	
10907	,	u--------	,	,	u--------	u--------	
10908	ἔπειτα	d--------	ἔπειτα	ἔπειτα	c--------	d--------	
10909	παίζω	v3pfim---	παίζω	παίζω	v3ppie---	v3pfim---	
10910	πρός	r--------	πρός	πρός	r--------	r--------	
10911	ἀλλήλων	p-p---ma-	ἀλλήλων	ἀλλήλων	p-p---ma-	p-p---ma-	
10912	.	u--------	.	.	u--------	u--------	
10913	ἐκ	r--------	ἐκ	ἐκ	r--------	r--------	
10914	οὗτος	p-s---ng-	οὗτος	οὗτος	p-s---ng-	p-s---ng-	
10915	πρῶτος	a-s---na-	πρῶτος	πρῶτος	a-s---na-	a-s---na-	
10916	μέν	g--------	μέν	μέν	d--------	g--------	
10917	ὁ	l-s---fn-	ὁ	ὁ	l-s---fn-	l-s---fn-	
10918	Ἀριάδνη	n-s---fn-	ἀριάδνη	Ἀριάδνη	n-s---fn-	n-s---fn-	
10919	ὡς	c--------	ὡς	ὡς	c--------	c--------	
10920	νύμφη	n-s---fn-	νύμφη	νύμφη	n-s---fn-	n-s---fn-	
10921	κοσμέω	v-srpmfn-	κοσμέω	κοσμέω	v-srpefn-	v-srpmfn-	
10922	παρέρχομαι	v3saia---	παρέρχομαι	παρέρχομαι	v3saia---	v3saia---	
10923	καί	c--------	καί	καί	c--------	c--------	
10924	καθέζομαι	v3siim---	κατάκαθέζομαι	καθέζομαι	v3siie---	v3siim---	DISAGREE
10925	ἐπί	r--------	ἐπί	ἐπί	r--------	r--------	
10926	ὁ	l-s---mg-	ὁ	ὁ	l-s---mg-	l-s---mg-	
10927	θρόνος	n-s---mg-	θρόνος	θρόνος	n-s---mg-	n-s---mg-	
10928	.	u--------	.	.	u--------	u--------	
10929	οὔπω	d--------	οὔπω	οὔπω	d--------	d--------	
10930	δέ	c--------	δέ	δέ	d--------	c--------	
10931	φαίνω	v-sppmmg-	φαίνω	φαίνω	v-sppemg-	v-sppmmg-	
10932	ὁ	l-s---mg-	ὁ	ὁ	l-s---mg-	l-s---mg-	
10933	Διόνυσος	n-s---mg-	διόνυσος	Διόνυσος	n-s---mg-	n-s---mg-	
10934	αὐλέω	v3siim---	αὐλέω	αὐλέω	v3siie---	v3siim---	
10935	ὁ	l-s---mn-	ὁ	ὁ	l-s---mn-	l-s---mn-	
10936	βάκχειος	a-s---mn-	βάκχειος	βάκχειος	a-s---mn-	a-s---mn-	
10937	ῥυθμός	n-s---mn-	ῥυθμός	ῥυθμός	n-s---mn-	n-s---mn-	
10938	.	u--------	.	.	u--------	u--------	
10939	ἔνθα	d--------	ἔνθα	ἔνθα	d--------	d--------	
10940	δή	g--------	δή	δή	d--------	g--------	
10941	ἄγαμαι	v3paip---	ἄγαμαι	ἄγαμαι	v3paip---	v3paip---	
10942	ὁ	l-s---ma-	ὁ	ὁ	l-s---ma-	l-s---ma-	
10943	ὀρχηστοδιδάσκαλος	n-s---ma-	ὀρχηστοδιδάσκαλος	ὀρχηστοδιδάσκαλος	n-s---ma-	n-s---ma-	
10944	.	u--------	.	.	u--------	u--------	
10945	εὐθύς	d--------	εὐθύς2	εὐθύς	d--------	d--------	
10946	μέν	g--------	μέν	μέν	d--------	g--------	
10947	γάρ	g--------	γάρ	γάρ	d--------	g--------	
10948	ὁ	l-s---fn-	ὁ	ὁ	l-s---fn-	l-s---fn-	
10949	Ἀριάδνη	n-s---fn-	ἀριάδνη	Ἀριάδνη	n-s---fn-	n-s---fn-	
10950	ἀκούω	v-sapafn-	ἀκούω	ἀκούω	v-sapafn-	v-sapafn-	
10951	τοιοῦτος	p-s---na-	τοιοῦτος	τοιοῦτος	a-s---na-	p-s---na-	
10952	τις	p-s---na-	τις	τις	p-s---na-	p-s---na-	
10953	ποιέω	v3saia---	ποιέω	ποιέω	v3saia---	v3saia---	
10954	ὡς	c--------	ὡς	ὡς	c--------	c--------	
10955	πᾶς	p-s---mn-	πᾶς	πᾶς	a-s---mn-	p-s---mn-	
10956	ἄν	g--------	ἄν	ἄν	d--------	g--------	
10957	γιγνώσκω	v3saia---	γιγνώσκω	γιγνώσκω	v3saia---	v3saia---	
10958	ὅτι	c--------	ὅτι	ὅτι	c--------	c--------	
10959	ἄσμενος	a-s---fn-	ἄσμενος	ἄσμενος	a-s---fn-	a-s---fn-	
10960	ἀκούω	v3saia---	ἀκούω	ἀκούω	v3saia---	v3saia---	
10961	·	u--------	·	·	u--------	u--------	
10962	καί	c--------	καί	καί	d--------	c--------	
10963	ὑπαντάω	v3saia---	ὑπαντάω	ὑπαντάω	v3saia---	v3saia---	
10964	μέν	g--------	μέν	μέν	d--------	g--------	
10965	οὐ	d--------	οὐ	οὐ	p-p---mn-	d--------	
10966	οὐ	d--------	οὐ	οὐ	d--------	d--------	
10967	δέ	d--------	δέ		d--------		oga_only
10968	ἀνίστημι	v3saia---	ἀνίστημι		v3saia---		oga_only
10969	,	u--------	,		u--------		oga_only
10970	δῆλος	a-s---fn-	δῆλος		a-s---fn-		oga_only
10971	δέ	c--------	δέ		c--------		oga_only
10972	εἰμί	v3siia---	εἰμί		v3siia---		oga_only
10973	μόλις	d--------	μόλις		d--------		oga_only
10974	ἠρεμέω	v-sppafn-	ἠρεμέω		v-sppafn-		oga_only
10975	.	u--------	.		u--------		oga_only
10976	ἐπεί	c--------	ἐπεί	ἐπεί	c--------	c--------	
10977	γε	g--------	γε	γε	d--------	g--------	
10978	μήν	g--------	μήν	μήν	d--------	g--------	
10979	κατοράω	v3saia---	καθοράω	κατοράω	v3saia---	v3saia---	DISAGREE
10980	αὐτός	p-s---fa-	αὐτός	αὐτός	p-s---fa-	p-s---fa-	
10981	ὁ	l-s---mn-	ὁ	ὁ	l-s---mn-	l-s---mn-	
10982	Διόνυσος	n-s---mn-	διόνυσος	Διόνυσος	n-s---mn-	n-s---mn-	
10983	,	u--------	,	,	u--------	u--------	
10984	ἐπιχορεύω	v-sapamn-	ἐπιχορεύω	ἐπιχορεύω	v-sapamn-	v-sapamn-	
10985	ὥσπερ	c--------	ὥσπερ	ὥσπερ	c--------	c--------	
10986	ἄν	g--------	ἄν	ἄν	d--------	g--------	
10987	εἰ	c--------	εἰ	εἰ	c--------	c--------	
10988	τις	p-s---cn-	τις	τις	p-s---mn-	p-s---cn-	
10989	φιλικός	a-p---nas	φιλικός	φιλικός	a-p---nas	a-p---nas	
10990	καθέζομαι	v3siim---	κατάκαθέζομαι	καθέζομαι	v3siie---	v3siim---	DISAGREE
10991	ἐπί	r--------	ἐπί	ἐπί	r--------	r--------	
10992	ὁ	l-p---ng-	ὁ	ὁ	l-p---ng-	l-p---ng-	
10993	γόνυ	n-p---ng-	γόνυ	γόνυ	n-p---ng-	n-p---ng-	
10994	,	u--------	,	,	u--------	u--------	
10995	καί	c--------	καί	καί	c--------	c--------	
10996	περιλαμβάνω	v-sapamn-	περιλαμβάνω	περιλαμβάνω	v-sapamn-	v-sapamn-	
10997	φιλέω	v3saia---	φιλέω	φιλέω	v3saia---	v3saia---	
10998	αὐτός	p-s---fa-	αὐτός	αὐτός	p-s---fa-	p-s---fa-	
10999	.	u--------	.	.	u--------	u--------	
11000	ὁ	l-s---fn-	ὁ	ὁ	l-s---fn-	l-s---fn-	
11001	δέ	c--------	δέ	δέ	d--------	c--------	
11002	αἰδέομαι	v-sppmfd-	αἰδέομαι	αἰδέομαι	v-sppefd-	v-sppmfd-	
11003	μέν	g--------	μέν	μέν	d--------	g--------	
11004	ἔοικα	v3slia---	ἔοικα	ἔοικα	v3siia---	v3slia---	
11005	,	u--------	,	,	u--------	u--------	
11006	ὅμως	d--------	ὅμως	ὅμως	d--------	d--------	
11007	δέ	c--------	δέ	δέ	c--------	c--------	
11008	φιλικός	d--------	φιλικός	φιλικός	d--------	d--------	
11009	ἀντιπεριλαμβάνω	v3siia---	ἀντιπεριλαμβάνω	ἀντιπεριλαμβάνω	v3siia---	v3siia---	
11010	.	u--------	.	.	u--------	u--------	
11011	ὁ	l-p---mn-	ὁ	ὁ	l-p---mn-	l-p---mn-	
11012	δέ	c--------	δέ	δέ	d--------	c--------	
11013	συμπότης	n-p---mn-	συμπότης	συμπότης	n-p---mn-	n-p---mn-	
11014	ὁράω	v-pppamn-	ὁράω	ὁράω	v-pppamn-	v-pppamn-	
11015	ἅμα	d--------	ἅμα	ἅμα	d--------	d--------	
11016	μέν	g--------	μέν	μέν	d--------	g--------	
11017	κροτέω	v3piia---	κρότομος	κροτέω	v3piia---	v3piia---	DISAGREE
11018	,	u--------	,	,	u--------	u--------	
11019	ἅμα	d--------	ἅμα	ἅμα	d--------	d--------	
11020	δέ	c--------	δέ	δέ	c--------	c--------	
11021	βοάω	v3piia---	βοάω	βοάω	v3piia---	v3piia---	
11022	αὖθις	d--------	αὖθις	αὖθις	d--------	d--------	
11023	.	u--------	.	.	u--------	u--------	
11024	ὡς	c--------	ὡς	ὡς	c--------	c--------	
11025	δέ	c--------	δέ	δέ	d--------	c--------	
11026	ὁ	l-s---mn-	ὁ	ὁ	l-s---mn-	l-s---mn-	
11027	Διόνυσος	n-s---mn-	διόνυσος	Διόνυσος	n-s---mn-	n-s---mn-	
11028	ἀνίστημι	v-sppmmn-	ἀνίστημι	ἀνίστημι	v-sppemn-	v-sppmmn-	
11029	συνανίστημι	v3saia---	συνίστημι	συνανίστημι	v3saia---	v3saia---	DISAGREE
11030	μετά	r--------	μετά	μετά	r--------	r--------	
11031	ἑαυτοῦ	p-s---mg-	ἑαυτοῦ	ἑαυτοῦ	p-s---mg-	p-s---mg-	
11032	ὁ	l-s---fa-	ὁ	ὁ	l-s---fa-	l-s---fa-	
11033	Ἀριάδνη	n-s---fa-	ἀριάδνη	Ἀριάδνη	n-s---fa-	n-s---fa-	
11034	,	u--------	,	,	u--------	u--------	
11035	ἐκ	r--------	ἐκ	ἐκ	r--------	r--------	
11036	οὗτος	p-s---ng-	οὗτος	οὗτος	p-s---ng-	p-s---ng-	
11037	δή	g--------	δή	δή	d--------	g--------	
11038	φιλέω	v-pppamg-	φιλέω	φιλέω	v-pppamg-	v-pppamg-	
11039	τε	c--------	τε	τε	d--------	c--------	
11040	καί	c--------	καί	καί	c--------	c--------	
11041	ἀσπάζομαι	v-pppmmg-	ἀσπάζομαι	ἀσπάζομαι	v-pppemg-	v-pppmmg-	
11042	ἀλλήλων	p-p---ma-	ἀλλήλων	ἀλλήλων	p-p---ma-	p-p---ma-	
11043	σχῆμα	n-p---na-	σχῆμα	σχῆμα	n-p---na-	n-p---na-	
11044	πάρειμι	v3siia---	πάρειμι1	πάρειμι	v3siia---	v3siia---	
11045	θεάομαι	v--anm---	θεάομαι	θεάομαι	v--anm---	v--anm---	
11046	.	u--------	.	.	u--------	u--------	
11047	ὁ	l-p---mn-	ὁ	ὁ	l-p---mn-	l-p---mn-	
11048	δέ	c--------	δέ	δέ	d--------	c--------	
11049	ὁράω	v-pppamn-	ὁράω	ὁράω	v-pppamn-	v-pppamn-	
11050	ὄντως	d--------	ὄντως	ὄντως	d--------	d--------	
11051	καλός	a-s---ma-	καλός	καλός	a-s---ma-	a-s---ma-	
11052	μέν	g--------	μέν	μέν	d--------	g--------	
11053	ὁ	l-s---ma-	ὁ	ὁ	l-s---ma-	l-s---ma-	
11054	Διόνυσος	n-s---ma-	διόνυσος	Διόνυσος	n-s---ma-	n-s---ma-	
11055	,	u--------	,	,	u--------	u--------	
11056	ὡραῖος	a-s---fa-	ὡραῖος	ὡραῖος	a-s---fa-	a-s---fa-	
11057	δέ	c--------	δέ	δέ	d--------	c--------	
11058	ὁ	l-s---fa-	ὁ	ὁ	l-s---fa-	l-s---fa-	
11059	Ἀριάδνη	n-s---fa-	ἀριάδνη	Ἀριάδνη	n-s---fa-	n-s---fa-	
11060	,	u--------	,	,	u--------	u--------	
11061	οὐ	d--------	οὐ	οὐ	d--------	d--------	
11062	σκώπτω	v-pppama-	σκώπτω	σκώπτω	v-pppama-	v-pppama-	
11063	δέ	c--------	δέ	δέ	c--------	c--------	
11064	ἀλλά	c--------	ἀλλά	ἀλλά	c--------	c--------	
11065	ἀληθινός	d--------	ἀληθινός	ἀληθινός	d--------	d--------	
11066	ὁ	l-p---nd-	ὁ	ὁ	l-p---nd-	l-p---nd-	
11067	στόμα	n-p---nd-	στόμα	στόμα	n-p---nd-	n-p---nd-	
11068	φιλέω	v-pppama-	φιλέω	φιλέω	v-pppama-	v-pppama-	
11069	,	u--------	,	,	u--------	u--------	
11070	πᾶς	p-p---mn-	πᾶς	πᾶς	a-p---mn-	p-p---mn-	
11071	ἀναπτερόω	v-prpmmn-	ἀναπτερόω	ἀναπτερόω	v-prpemn-	v-prpmmn-	
11072	θεάομαι	v3piim---	θεάω	θεάομαι	v3piie---	v3piim---	DISAGREE
11073	.	u--------	.	.	u--------	u--------	
11074	καί	c--------	καί	καί	d--------	c--------	
11075	γάρ	g--------	γάρ	γάρ	d--------	g--------	
11076	ἀκούω	v3piia---	ἀκούω	ἀκούω	v3piia---	v3piia---	
11077	ὁ	l-s---mg-	ὁ	ὁ	l-s---mg-	l-s---mg-	
11078	Διόνυσος	n-s---mg-	διόνυσος	Διόνυσος	n-s---mg-	n-s---mg-	
11079	μέν	g--------	μέν	μέν	d--------	g--------	
11080	ἐπερωτάω	v-sppamg-	ἐπερωτάω	ἐπερωτάω	v-sppamg-	v-sppamg-	
11081	αὐτός	p-s---fa-	αὐτός	αὐτός	p-s---fa-	p-s---fa-	
11082	εἰ	c--------	εἰ	εἰ	c--------	c--------	
11083	φιλέω	v3spia---	φιλέω	φιλέω	v3spia---	v3spia---	
11084	αὐτός	p-s---ma-	αὐτός	αὐτός	p-s---ma-	p-s---ma-	
11085	,	u--------	,	,	u--------	u--------	
11086	ὁ	l-s---fg-	ὁ	ὁ	l-s---fg-	l-s---fg-	
11087	δέ	c--------	δέ	δέ	c--------	c--------	
11088	οὕτως	d--------	οὕτως	οὕτως	d--------	d--------	
11089	ἐπόμνυμι	v-sppafg-	ἐπόμνυμι	ἐπόμνυμι	v-sppafg-	v-sppafg-	
11090	ὥστε	c--------	ὥστε	ὥστε	c--------	c--------	
11091	μή	d--------	μή	μή	d--------	d--------	
11092	μόνος	d--------	μόνος	μόνος	a-s---na-	d--------	
11093	ὁ	l-s---ma-	ὁ	ὁ	l-s---ma-	l-s---ma-	
11094	Διόνυσος	n-s---ma-	διόνυσος	Διόνυσος	n-s---ma-	n-s---ma-	
11095	ἀλλά	c--------	ἀλλά	ἀλλά	c--------	c--------	
11096	καί	c--------	καί	καί	d--------	c--------	
11097	ὁ	l-p---ma-	ὁ	ὁ	l-p---ma-	l-p---ma-	
11098	πάρειμι	v-pppama-	πάρειμι1	πάρειμι	v-pppama-	v-pppama-	
11099	ἅπας	p-p---ma-	ἅπας	ἅπας	a-p---ma-	p-p---ma-	
11100	συνόμνυμι	v--ana---	συνόμνυμι	συνόμνυμι	v--ana---	v--ana---	
11101	ἄν	g--------	ἄν	ἄν	d--------	g--------	
11102	ἦ	g--------	ἦ	ἦ	d--------	g--------	
11103	μήν	g--------	μήν	μήν	d--------	g--------	
11104	ὁ	l-s---ma-	ὁ	ὁ	l-s---ma-	l-s---ma-	
11105	παῖς	n-s---ca-	παῖς	παῖς	n-s---ma-	n-s---ca-	
11106	καί	c--------	καί	καί	c--------	c--------	
11107	ὁ	l-s---fa-	ὁ	ὁ	l-s---fa-	l-s---fa-	
11108	παῖς	n-s---ca-	παῖς	παῖς	n-s---ca-	n-s---ca-	
11109	ὑπό	r--------	ὑπό	ὑπό	r--------	r--------	
11110	ἀλλήλων	p-p---mg-	ἀλλήλων	ἀλλήλων	p-p---mg-	p-p---mg-	
11111	φιλέω	v--pnm---	φιλέω	φιλέω	v--pne---	v--pnm---	
11112	.	u--------	.	.	u--------	u--------	
11113	ἔοικα	v3plia---	ἔοικα	ἔοικα	v3plia---	v3plia---	
11114	γάρ	g--------	γάρ	γάρ	d--------	g--------	
11115	οὐ	d--------	οὐ	οὐ	d--------	d--------	
11116	διδάσκω	v-prpmmd-	διδάσκω	διδάσκω	v-prpemd-	v-prpmmd-	
11117	ὁ	l-p---na-	ὁ	ὁ	l-p---na-	l-p---na-	
11118	σχῆμα	n-p---na-	σχῆμα	σχῆμα	n-p---na-	n-p---na-	
11119	ἀλλά	c--------	ἀλλά	ἀλλά	c--------	c--------	
11120	ἐφίημι	v-prpmmd-	φείδομαι	ἐφίημι	v-pppemd-	v-prpmmd-	DISAGREE
11121	πράσσω	v--pna---	πράσσω	πράσσω	v--pna---	v--pna---	
11122	ὅς	p-p---na-	ὅς	ὅς	p-p---na-	p-p---na-	
11123	πάλαι	d--------	πάλαι	πάλαι	d--------	d--------	
11124	ἐπιθυμέω	v3piia---	ἐπιθυμέω	ἐπιθυμέω	v3piia---	v3piia---	
11125	.	u--------	.	.	u--------	u--------	
11126	τέλος	n-s---na-	τέλος	τέλος	n-s---na-	n-s---na-	
11127	δέ	c--------	δέ	δέ	d--------	c--------	
11128	ὁ	l-p---mn-	ὁ	ὁ	l-p---mn-	l-p---mn-	
11129	συμπότης	n-p---mn-	συμπότης	συμπότης	n-p---mn-	n-p---mn-	
11130	ὁράω	v-papamn-	εἶδον	ὁράω	v-papamn-	v-papamn-	DISAGREE
11131	περιβάλλω	v-prpama-	περιβάλλω	περιβάλλω	v-prpama-	v-prpama-	
11132	τε	c--------	τε	τε	d--------	c--------	
11133	ἀλλήλων	p-p---ma-	ἀλλήλων	ἀλλήλων	p-p---ma-	p-p---ma-	
11134	καί	c--------	καί	καί	c--------	c--------	
11135	ὡς	c--------	ὡς	ὡς	d--------	c--------	
11136	εἰς	r--------	εἰς	εἰς	r--------	r--------	
11137	εὐνή	n-s---fa-	εὐνή	εὐνή	n-s---fa-	n-s---fa-	
11138	ἀπέρχομαι	v-pppama-	ἄπειμι1	ἀπέρχομαι	v-pppama-	v-pppama-	DISAGREE
11139	,	u--------	,	,	u--------	u--------	
11140	ὁ	l-p---mn-	ὁ	ὁ	l-p---mn-	l-p---mn-	
11141	μέν	g--------	μέν	μέν	d--------	g--------	
11142	ἄγαμος	a-p---mn-	ἄγαμος	ἄγαμος	a-p---mn-	a-p---mn-	
11143	γαμέω	v--pna---	γαμέω	γαμέω	v--pna---	v--pna---	
11144	ἐπόμνυμι	v3piia---	ἐπόμνυμι	ἐπόμνυμι	v3piia---	v3piia---	
11145	,	u--------	,	,	u--------	u--------	
11146	ὁ	l-p---mn-	ὁ	ὁ	l-p---mn-	l-p---mn-	
11147	δέ	c--------	δέ	δέ	c--------	c--------	
11148	γαμέω	v-prpamn-	γαμέω	γαμέω	v-prpamn-	v-prpamn-	
11149	ἀναβαίνω	v-papamn-	ἀναβαίνω	ἀναβαίνω	v-papamn-	v-papamn-	
11150	ἐπί	r--------	ἐπί	ἐπί	r--------	r--------	
11151	ὁ	l-p---ma-	ὁ	ὁ	l-p---ma-	l-p---ma-	
11152	ἵππος	n-p---ma-	ἵππος	ἵππος	n-p---ma-	n-p---ma-	
11153	ἀπελαύνω	v3piia---	ἀπελαύνω	ἀπελαύνω	v3piia---	v3piia---	
11154	πρός	r--------	πρός	πρός	r--------	r--------	
11155	ὁ	l-p---fa-	ὁ	ὁ	l-p---fa-	l-p---fa-	
11156	ἑαυτοῦ	p-p---mg-	ἑαυτοῦ	ἑαυτοῦ	p-p---mg-	p-p---mg-	
11157	γυνή	n-p---fa-	γυνή	γυνή	n-p---fa-	n-p---fa-	
11158	,	u--------	,	,	u--------	u--------	
11159	ὅπως	c--------	ὅπως	ὅπως	c--------	c--------	
11160	οὗτος	p-p---ng-	οὗτος	οὗτος	p-p---mg-	p-p---ng-	
11161	τυγχάνω	v3paoa---	τυγχάνω	τυγχάνω	v3paoa---	v3paoa---	
11162	.	u--------	.	.	u--------	u--------	
11163	Σωκράτης	n-s---mn-	σωκράτης	Σωκράτης	n-s---mn-	n-s---mn-	
11164	δέ	c--------	δέ	δέ	d--------	c--------	
11165	καί	c--------	καί	καί	c--------	c--------	
11166	ὁ	l-p---mg-	ὁ	ὁ	l-p---mg-	l-p---mg-	
11167	ἄλλος	p-p---mg-	ἄλλος	ἄλλος	p-p---mg-	p-p---mg-	
11168	ὁ	l-p---mn-	ὁ	ὁ	l-p---mn-	l-p---mn-	
11169	ὑπομένω	v-papamn-	ὑπομένω	ὑπομένω	v-papamn-	v-papamn-	
11170	πρός	r--------	πρός	πρός	r--------	r--------	
11171	Λύκων	n-s---ma-	λύκων	Λύκων	n-s---ma-	n-s---ma-	
11172	καί	c--------	καί	καί	c--------	c--------	
11173	ὁ	l-s---ma-	ὁ	ὁ	l-s---ma-	l-s---ma-	
11174	υἱός	n-s---ma-	υἱός	υἱός	n-s---ma-	n-s---ma-	
11175	σύν	r--------	σύν	σύν	r--------	r--------	
11176	Καλλίας	n-s---md-	καλλίας	Καλλίας	n-s---md-	n-s---md-	
11177	περιπατέω	v-pfpamn-	περιπατέω	περιπατέω	v-pfpamn-	v-pfpamn-	
11178	ἀπέρχομαι	v3paia---	ἀπέρχομαι	ἀπέρχομαι	v3paia---	v3paia---	
11179	.	u--------	.	.	u--------	u--------	
11180	οὗτος	p-s---fn-	οὗτος	οὗτος	p-s---fn-	p-s---fn-	
11181	ὁ	l-s---ng-	ὁ	ὁ	l-s---ng-	l-s---ng-	
11182	τότε	d--------	τότε	τότε	d--------	d--------	
11183	συμπόσιον	n-s---ng-	συμπόσιον	συμπόσιον	n-s---ng-	n-s---ng-	
11184	κατάλυσις	n-s---fn-	κατάλυσις	κατάλυσις	n-s---fn-	n-s---fn-	
11185	γίγνομαι	v3saim---	γίγνομαι	γίγνομαι	v3saim---	v3saim---	
11186	.	u--------	.	.	u--------	u--------	
