token_id	text
1	ἀλλ’
2	ἐμοὶ
3	δοκεῖ
4	τῶν
5	καλῶν
6	κ
7	ἀγαθῶν
8	ἀνδρῶν
9	ἔργα
10	οὐ
11	μόνον
12	τὰ
13	μετὰ
14	σπουδῆς
15	πραττόμενα
16	ἀξιομνημόνευτα
17	εἶναι
18	,
19	ἀλλὰ
20	καὶ
21	τὰ
22	ἐν
23	ταῖς
24	παιδιαῖς
25	.
26	οἷς
27	δὲ
28	παραγενόμενος
29	ταῦτα
30	γιγνώσκω
31	δηλῶσαι
32	βούλομαι
33	.
34	ἦν
35	μὲν
36	γὰρ
37	Παναθηναίων
38	τῶν
39	μεγάλων
40	ἱπποδρομία
41	,
42	Καλλίας
43	δὲ
44	ὁ
45	Ἱππονίκου
46	ἐρῶν
47	ἐτύγχανεν
48	Αὐτολύκου
49	παιδὸς
50	ὄντος
51	,
52	καὶ
53	νενικηκότα
54	αὐτὸν
55	παγκράτιον
56	ἧκεν
57	ἄγων
58	ἐπὶ
59	τὴν
60	θέαν
61	.
62	ὡς
63	δὲ
64	ἡ
65	ἱπποδρομία
66	ἔληξεν
67	,
68	ἔχων
69	τόν
70	τε
71	Αὐτόλυκον
72	καὶ
73	τὸν
74	πατέρα
75	αὐτοῦ
76	ἀπῄει
77	εἰς
78	τὴν
79	ἐν
80	Πειραιεῖ
81	οἰκίαν
82	·
83	συνείπετο
84	δὲ
85	αὐτῷ
86	καὶ
87	Νικήρατος
88	.
89	ἰδὼν
90	δὲ
91	ὁμοῦ
92	ὄντας
93	Σωκράτην
94	τε
95	καὶ
96	Κριτόβουλον
97	καὶ
98	Ἑρμογένην
99	καὶ
100	Ἀντισθένην
101	καὶ
102	Χαρμίδην
103	,
104	τοῖς
105	μὲν
106	ἀμφ’
107	Αὐτόλυκον
108	ἡγεῖσθαί
109	τινα
110	ἔταξεν
111	,
112	αὐτὸς
113	δὲ
114	προσῆλθε
115	τοῖς
116	ἀμφὶ
117	Σωκράτην
118	,
119	καὶ
120	εἶπεν
121	·
122	εἰς
123	καλόν
124	γε
125	ὑμῖν
126	συντετύχηκα
127	·
128	ἑστιᾶν
129	γὰρ
130	μέλλω
131	Αὐτόλυκον
132	καὶ
133	τὸν
134	πατέρα
135	αὐτοῦ
136	.
137	οἶμαι
138	οὖν
139	πολὺ
140	ἂν
141	τὴν
142	κατασκευήν
143	μοι
144	λαμπροτέραν
145	φανῆναι
146	εἰ
147	ἀνδράσιν
148	ἐκκεκαθαρμένοις
149	τὰς
150	ψυχὰς
151	ὥσπερ
152	ὑμῖν
153	ὁ
154	ἀνδρὼν
155	κεκοσμημένος
156	εἴη
157	μᾶλλον
158	ἢ
159	εἰ
160	στρατηγοῖς
161	καὶ
162	ἱππάρχοις
163	καὶ
164	σπουδαρχίαις
165	.
166	καὶ
167	ὁ
168	Σωκράτης
169	εἶπεν
170	·
171	ἀεὶ
172	σὺ
173	ἐπισκώπτεις
174	ἡμᾶς
175	καταφρονῶν
176	,
177	ὅτι
178	σὺ
179	μὲν
180	Πρωταγόρᾳ
181	τε
182	πολὺ
183	ἀργύριον
184	δέδωκας
185	ἐπὶ
186	σοφίᾳ
187	καὶ
188	Γοργίᾳ
189	καὶ
190	Προδίκῳ
191	καὶ
192	ἄλλοις
193	πολλοῖς
194	,
195	ἡμᾶς
196	δ’
197	ὁρᾷς
198	αὐτουργούς
199	τινας
200	τῆς
201	φιλοσοφίας
202	ὄντας
203	.
204	καὶ
205	ὁ
206	Καλλίας
207	,
208	καὶ
209	πρόσθεν
210	μέν
211	γε
212	,
213	ἔφη
214	,
215	ἀπεκρυπτόμην
216	ὑμᾶς
217	ἔχων
218	πολλὰ
219	καὶ
220	σοφὰ
221	λέγειν
222	,
223	νῦν
224	δέ
225	,
226	ἐὰν
227	παρ’
228	ἐμοὶ
229	ἦτε
230	,
231	ἐπιδείξω
232	ὑμῖν
233	ἐμαυτὸν
234	πάνυ
235	πολλῆς
236	σπουδῆς
237	ἄξιον
238	ὄντα
239	.
240	οἱ
241	οὖν
242	ἀμφὶ
243	τὸν
244	Σωκράτην
245	πρῶτον
246	μέν
247	,
248	ὥσπερ
249	εἰκὸς
250	ἦν
251	,
252	ἐπαινοῦντες
253	τὴν
254	κλῆσιν
255	οὐχ
256	ὑπισχνοῦντο
257	συνδειπνήσειν
258	·
259	ὡς
260	δὲ
261	πάνυ
262	ἀχθόμενος
263	φανερὸς
264	ἦν
265	,
266	εἰ
267	μὴ
268	ἕψοιντο
269	,
270	συνηκολούθησαν
271	.
272	ἔπειτα
273	δὲ
274	αὐτῷ
275	οἱ
276	μὲν
277	γυμνασάμενοι
278	καὶ
279	χρισάμενοι
280	,
281	οἱ
282	δὲ
283	καὶ
284	λουσάμενοι
285	παρῆλθον
286	.
287	Αὐτόλυκος
288	μὲν
289	οὖν
290	παρὰ
291	τὸν
292	πατέρα
293	ἐκαθέζετο
294	,
295	οἱ
296	δ’
297	ἄλλοι
298	,
299	ὥσπερ
300	εἰκός
301	,
302	κατεκλίθησαν
303	.
304	εὐθὺς
305	μὲν
306	οὖν
307	ἐννοήσας
308	τις
309	τὰ
310	γιγνόμενα
311	ἡγήσατ’
312	ἂν
313	φύσει
314	βασιλικόν
315	τι
316	κάλλος
317	εἶναι
318	,
319	ἄλλως
320	τε
321	καὶ
322	ἂν
323	μετ’
324	αἰδοῦς
325	καὶ
326	σωφροσύνης
327	,
328	καθάπερ
329	Αὐτόλυκος
330	τότε
331	,
332	κεκτῆταί
333	τις
334	αὐτό
335	.
336	πρῶτον
337	μὲν
338	γάρ
339	,
340	ὥσπερ
341	ὅταν
342	φέγγος
343	τι
344	ἐν
345	νυκτὶ
346	φανῇ
347	,
348	πάντων
349	προσάγεται
350	τὰ
351	ὄμματα
352	,
353	οὕτω
354	καὶ
355	τότε
356	τοῦ
357	Αὐτολύκου
358	τὸ
359	κάλλος
360	πάντων
361	εἷλκε
362	τὰς
363	ὄψεις
364	πρὸς
365	αὐτόν
366	·
367	ἔπειτα
368	τῶν
369	ὁρώντων
370	οὐδεὶς
371	οὐκ
372	ἔπασχέ
373	τι
374	τὴν
375	ψυχὴν
376	ὑπ’
377	ἐκείνου
378	.
379	οἱ
380	μέν
381	γε
382	σιωπηρότεροι
383	ἐγίγνοντο
384	,
385	οἱ
386	δὲ
387	καὶ
388	ἐσχηματίζοντό
389	πως
390	.
391	πάντες
392	μὲν
393	οὖν
394	οἱ
395	ἐκ
396	θεῶν
397	του
398	κατεχόμενοι
399	ἀξιοθέατοι
400	δοκοῦσιν
401	εἶναι
402	·
403	ἀλλ’
404	οἱ
405	μὲν
406	ἐξ
407	ἄλλων
408	πρὸς
409	τὸ
410	γοργότεροί
411	τε
412	ὁρᾶσθαι
413	καὶ
414	φοβερώτερον
415	φθέγγεσθαι
416	καὶ
417	σφοδρότεροι
418	εἶναι
419	φέρονται
420	,
421	οἱ
422	δ’
423	ὑπὸ
424	τοῦ
425	σώφρονος
426	ἔρωτος
427	ἔνθεοι
428	τά
429	τε
430	ὄμματα
431	φιλοφρονεστέρως
432	ἔχουσι
433	καὶ
434	τὴν
435	φωνὴν
436	πρᾳοτέραν
437	ποιοῦνται
438	καὶ
439	τὰ
440	σχήματα
441	εἰς
442	τὸ
443	ἐλευθεριώτερον
444	ἄγουσιν
445	.
446	ἃ
447	δὴ
448	καὶ
449	Καλλίας
450	τότε
451	διὰ
452	τὸν
453	ἔρωτα
454	πράττων
455	ἀξιοθέατος
456	ἦν
457	τοῖς
458	τετελεσμένοις
459	τούτῳ
460	τῷ
461	θεῷ
462	.
463	ἐκεῖνοι
464	μὲν
465	οὖν
466	σιωπῇ
467	ἐδείπνουν
468	,
469	ὥσπερ
470	τοῦτο
471	ἐπιτεταγμένον
472	αὐτοῖς
473	ὑπὸ
474	κρείττονός
475	τινος
476	.
477	Φίλιππος
478	δ’
479	ὁ
480	γελωτοποιὸς
481	κρούσας
482	τὴν
483	θύραν
484	εἶπε
485	τῷ
486	ὑπακούσαντι
487	εἰσαγγεῖλαι
488	ὅστις
489	τε
490	εἴη
491	καὶ
492	δι’
493	ὅ
494	τι
495	κατάγεσθαι
496	βούλοιτο
497	,
498	συνεσκευασμένος
499	τε
500	παρεῖναι
501	ἔφη
502	πάντα
503	τὰ
504	ἐπιτήδεια
505	ὥστε
506	δειπνεῖν
507	τ
508	ἀλλότρια
509	,
510	καὶ
511	τὸν
512	παῖδα
513	δὲ
514	ἔφη
515	πάνυ
516	πιέζεσθαι
517	διά
518	τε
519	τὸ
520	φέρειν
521	μηδὲν
522	καὶ
523	διὰ
524	τὸ
525	ἀνάριστον
526	εἶναι
527	.
528	ὁ
529	οὖν
530	Καλλίας
531	ἀκούσας
532	ταῦτα
533	εἶπεν
534	·
535	ἀλλὰ
536	μέντοι
537	,
538	ὦ
539	ἄνδρες
540	,
541	αἰσχρὸν
542	στέγης
543	γε
544	φθονῆσαι
545	·
546	εἰσίτω
547	οὖν
548	.
549	καὶ
550	ἅμα
551	ἀπέβλεψεν
552	εἰς
553	τὸν
554	Αὐτόλυκον
555	,
556	δῆλον
557	ὅτι
558	ἐπισκοπῶν
559	τί
560	ἐκείνῳ
561	δόξειε
562	τὸ
563	σκῶμμα
564	εἶναι
565	.
566	ὁ
567	δὲ
568	στὰς
569	ἐπὶ
570	τῷ
571	ἀνδρῶνι
572	ἔνθα
573	τὸ
574	δεῖπνον
575	ἦν
576	εἶπεν
577	·
578	ὅτι
579	μὲν
580	γελωτοποιός
581	εἰμι
582	ἴστε
583	πάντες
584	·
585	ἥκω
586	δὲ
587	προθύμως
588	νομίσας
589	γελοιότερον
590	εἶναι
591	τὸ
592	ἄκλητον
593	ἢ
594	τὸ
595	κεκλημένον
596	ἐλθεῖν
597	ἐπὶ
598	τὸ
599	δεῖπνον
600	.
601	κατακλίνου
602	τοίνυν
603	,
604	ἔφη
605	ὁ
606	Καλλίας
607	.
608	καὶ
609	γὰρ
610	οἱ
611	παρόντες
612	σπουδῆς
613	μέν
614	,
615	ὡς
616	ὁρᾷς
617	,
618	μεστοί
619	,
620	γέλωτος
621	δὲ
622	ἴσως
623	ἐνδεέστεροι
624	.
625	δειπνούντων
626	δὲ
627	αὐτῶν
628	ὁ
629	Φίλιππος
630	γελοῖόν
631	τι
632	εὐθὺς
633	ἐπεχείρει
634	λέγειν
635	,
636	ἵνα
637	δὴ
638	ἐπιτελοίη
639	ὧνπερ
640	ἕνεκα
641	ἐκαλεῖτο
642	ἑκάστοτε
643	ἐπὶ
644	τὰ
645	δεῖπνα
646	.
647	ὡς
648	δ’
649	οὐκ
650	ἐκίνησε
651	γέλωτα
652	,
653	τότε
654	μὲν
655	ἀχθεσθεὶς
656	φανερὸς
657	ἐγένετο
658	.
659	αὖθις
660	δ’
661	ὀλίγον
662	ὕστερον
663	ἄλλο
664	τι
665	γελοῖον
666	ἐβούλετο
667	λέγειν
668	.
669	ὡς
670	δὲ
671	οὐ
672	δὲ
673	τότε
674	ἐγέλασαν
675	ἐπ’
676	αὐτῷ
677	,
678	ἐν
679	τῷ
680	μεταξὺ
681	παυσάμενος
682	τοῦ
683	δείπνου
684	συγκαλυψάμενος
685	κατέκειτο
686	.
687	καὶ
688	ὁ
689	Καλλίας
690	,
691	τί
692	τοῦτ’
693	,
694	ἔφη
695	,
696	ὦ
697	Φίλιππε
698	;
699	ἀλλ’
700	ἢ
701	ὀδύνη
702	σε
703	εἴληφε
704	;
705	καὶ
706	ὃς
707	ἀναστενάξας
708	εἶπε
709	·
710	ναὶ
711	μὰ
712	Δί’
713	,
714	ἔφη
715	,
716	ὦ
717	Καλλία
718	,
719	μεγάλη
720	γε
721	·
722	ἐπεὶ
723	γὰρ
724	γέλως
725	ἐξ
726	ἀνθρώπων
727	ἀπόλωλεν
728	,
729	ἔρρει
730	τὰ
731	ἐμὰ
732	πράγματα
733	.
734	πρόσθεν
735	μὲν
736	γὰρ
737	τούτου
738	ἕνεκα
739	ἐκαλούμην
740	ἐπὶ
741	τὰ
742	δεῖπνα
743	,
744	ἵνα
745	εὐφραίνοιντο
746	οἱ
747	συνόντες
748	δι’
749	ἐμὲ
750	γελῶντες
751	·
752	νῦν
753	δὲ
754	τίνος
755	ἕνεκα
756	καὶ
757	καλεῖ
758	μέ
759	τις
760	;
761	οὔ
762	τε
763	γὰρ
764	ἔγωγε
765	σπουδάσαι
766	ἂν
767	δυναίμην
768	μᾶλλον
769	ἤπερ
770	ἀθάνατος
771	γενέσθαι
772	,
773	οὔ
774	τε
775	μὴν
776	ὡς
777	ἀντικληθησόμενος
778	καλεῖ
779	μέ
780	τις
781	,
782	ἐπεὶ
783	πάντες
784	ἴσασιν
785	ὅτι
786	ἀρχὴν
787	οὐ
788	δὲ
789	νομίζεται
790	εἰς
791	τὴν
792	ἐμὴν
793	οἰκίαν
794	δεῖπνον
795	προσφέρεσθαι
796	.
797	καὶ
798	ἅμα
799	λέγων
800	ταῦτα
801	ἀπεμύττετό
802	τε
803	καὶ
804	τῇ
805	φωνῇ
806	σαφῶς
807	κλαίειν
808	ἐφαίνετο
809	.
810	πάντες
811	μὲν
812	οὖν
813	παρεμυθοῦντό
814	τε
815	αὐτὸν
816	ὡς
817	αὖθις
818	γελασόμενοι
819	καὶ
820	δειπνεῖν
821	ἐκέλευον
822	,
823	Κριτόβουλος
824	δὲ
825	καὶ
826	ἐξεκάγχασεν
827	ἐπὶ
828	τῷ
829	οἰκτισμῷ
830	αὐτοῦ
831	.
832	ὁ
833	δ’
834	ὡς
835	ᾔσθετο
836	τοῦ
837	γέλωτος
838	,
839	ἀνεκαλύψατό
840	τε
841	καὶ
842	τῇ
843	ψυχῇ
844	παρακελευσάμενος
845	θαρρεῖν
846	,
847	ὅτι
848	ἔσονται
849	συμβολαί
850	,
851	πάλιν
852	ἐδείπνει
853	.
854	ὡς
855	δ’
856	ἀφῃρέθησαν
857	αἱ
858	τράπεζαι
859	καὶ
860	ἔσπεισάν
861	τε
862	καὶ
863	ἐπαιάνισαν
864	,
865	ἔρχεται
866	αὐτοῖς
867	ἐπὶ
868	κῶμον
869	Συρακόσιός
870	τις
871	ἄνθρωπος
872	,
873	ἔχων
874	τε
875	αὐλητρίδα
876	ἀγαθὴν
877	καὶ
878	ὀρχηστρίδα
879	τῶν
880	τὰ
881	θαύματα
882	δυναμένων
883	ποιεῖν
884	,
885	καὶ
886	παῖδα
887	πάνυ
888	γε
889	ὡραῖον
890	καὶ
891	πάνυ
892	καλῶς
893	κιθαρίζοντα
894	καὶ
895	ὀρχούμενον
896	.
897	ταῦτα
898	δὲ
899	καὶ
900	ἐπιδεικνὺς
901	ὡς
902	ἐν
903	θαύματι
904	ἀργύριον
905	ἐλάμβανεν
906	.
907	ἐπεὶ
908	δὲ
909	αὐτοῖς
910	ἡ
911	αὐλητρὶς
912	μὲν
913	ηὔλησεν
914	,
915	ὁ
916	δὲ
917	παῖς
918	ἐκιθάρισε
919	,
920	καὶ
921	ἐδόκουν
922	μάλα
923	ἀμφότεροι
924	ἱκανῶς
925	εὐφραίνειν
926	,
927	εἶπεν
928	ὁ
929	Σωκράτης
930	·
931	νὴ
932	Δί’
933	,
934	ὦ
935	Καλλία
936	,
937	τελέως
938	ἡμᾶς
939	ἑστιᾷς
940	.
941	οὐ
942	γὰρ
943	μόνον
944	δεῖπνον
945	ἄμεμπτον
946	παρέθηκας
947	,
948	ἀλλὰ
949	καὶ
950	θεάματα
951	καὶ
952	ἀκροάματα
953	ἥδιστα
954	παρέχεις
955	.
956	καὶ
957	ὃς
958	ἔφη
959	·
960	τί
961	οὖν
962	εἰ
963	καὶ
964	μύρον
965	τις
966	ἡμῖν
967	ἐνέγκαι
968	,
969	ἵνα
970	καὶ
971	εὐωδίᾳ
972	ἑστιώμεθα
973	;
974	Μηδαμῶς
975	,
976	ἔφη
977	ὁ
978	Σωκράτης
979	.
980	ὥσπερ
981	γάρ
982	τοι
983	ἐσθὴς
984	ἄλλη
985	μὲν
986	γυναικί
987	,
988	ἄλλη
989	δὲ
990	ἀνδρὶ
991	καλή
992	,
993	οὕτω
994	καὶ
995	ὀσμὴ
996	ἄλλη
997	μὲν
998	ἀνδρί
999	,
1000	ἄλλη
1001	δὲ
1002	γυναικὶ
1003	πρέπει
1004	.
1005	καὶ
1006	γὰρ
1007	ἀνδρὸς
1008	μὲν
1009	δήπου
1010	ἕνεκα
1011	ἀνὴρ
1012	οὐδεὶς
1013	μύρῳ
1014	χρίεται
1015	.
1016	αἱ
1017	μέντοι
1018	γυναῖκες
1019	ἄλλως
1020	τε
1021	καὶ
1022	ἂν
1023	νύμφαι
1024	τύχωσιν
1025	οὖσαι
1026	,
1027	ὥσπερ
1028	ἡ
1029	Νικηράτου
1030	τοῦδε
1031	καὶ
1032	ἡ
1033	Κριτοβούλου
1034	,
1035	μύρου
1036	μὲν
1037	τί
1038	καὶ
1039	προσδέονται
1040	;
1041	αὐταὶ
1042	γὰρ
1043	τούτου
1044	ὄζουσιν
1045	·
1046	ἐλαίου
1047	δὲ
1048	τοῦ
1049	ἐν
1050	γυμνασίοις
1051	ὀσμὴ
1052	καὶ
1053	παροῦσα
1054	ἡδίων
1055	ἢ
1056	μύρου
1057	γυναιξὶ
1058	καὶ
1059	ἀποῦσα
1060	ποθεινοτέρα
1061	.
1062	καὶ
1063	γὰρ
1064	δὴ
1065	μύρῳ
1066	μὲν
1067	ὁ
1068	ἀλειψάμενος
1069	καὶ
1070	δοῦλος
1071	καὶ
1072	ἐλεύθερος
1073	εὐθὺς
1074	ἅπας
1075	ὅμοιον
1076	ὄζει
1077	·
1078	αἱ
1079	δ’
1080	ἀπὸ
1081	τῶν
1082	ἐλευθερίων
1083	μόχθων
1084	ὀσμαὶ
1085	ἐπιτηδευμάτων
1086	τε
1087	πρῶτον
1088	χρηστῶν
1089	καὶ
1090	χρόνου
1091	πολλοῦ
1092	δέονται
1093	,
1094	εἰ
1095	μέλλουσιν
1096	ἡδεῖαί
1097	τε
1098	καὶ
1099	ἐλευθέριοι
1100	ἔσεσθαι
1101	.
1102	καὶ
1103	ὁ
1104	Λύκων
1105	εἶπεν
1106	·
1107	οὐκοῦν
1108	νέοις
1109	μὲν
1110	ἂν
1111	εἴη
1112	ταῦτα
1113	·
1114	ἡμᾶς
1115	δὲ
1116	τοὺς
1117	μηκέτι
1118	γυμναζομένους
1119	τίνος
1120	ὄζειν
1121	δεήσει
1122	;
1123	καλοκἀγαθίας
1124	νὴ
1125	Δί’
1126	,
1127	ἔφη
1128	ὁ
1129	Σωκράτης
1130	.
1131	καὶ
1132	πόθεν
1133	ἄν
1134	τις
1135	τοῦτο
1136	τὸ
1137	χρῖμα
1138	λάβοι
1139	;
1140	οὐ
1141	μὰ
1142	Δί’
1143	,
1144	ἔφη
1145	,
1146	οὐ
1147	παρὰ
1148	τῶν
1149	μυροπωλῶν
1150	.
1151	ἀλλὰ
1152	πόθεν
1153	δή
1154	;
1155	ὁ
1156	μὲν
1157	Θέογνις
1158	ἔφη
1159	·
1160	Ἐσθλῶν
1161	μὲν
1162	γὰρ
1163	ἀπ’
1164	ἐσθλὰ
1165	διδάξεαι
1166	·
1167	ἢν
1168	δὲ
1169	κακοῖσι
1170	συμμίσγῃς
1171	,
1172	ἀπολεῖς
1173	καὶ
1174	τὸν
1175	ἐόντα
1176	νόον
1177	.
1178	καὶ
1179	ὁ
1180	Λύκων
1181	εἶπεν
1182	·
1183	ἀκούεις
1184	ταῦτα
1185	,
1186	ὦ
1187	υἱέ
1188	;
1189	ναὶ
1190	μὰ
1191	Δί’
1192	,
1193	ἔφη
1194	ὁ
1195	Σωκράτης
1196	,
1197	καὶ
1198	χρῆταί
1199	γε
1200	.
1201	ἐπεὶ
1202	γοῦν
1203	νικηφόρος
1204	ἐβούλετο
1205	τοῦ
1206	παγκρατίου
1207	γενέσθαι
1208	,
1209	σὺν
1210	σοὶ
1211	σκεψάμενος
1212	σὺν
1213	σοὶ
1214	σκεψάμενος
1215	αὖ
1216	,
1217	ὃς
1218	ἂν
1219	δοκῇ
1220	αὐτῷ
1221	ἱκανώτατος
1222	εἶναι
1223	εἰς
1224	τὸ
1225	ταῦτα
1226	ἐπιτηδεῦσαι
1227	,
1228	τούτῳ
1229	συνέσται
1230	.
1231	ἐνταῦθα
1232	δὴ
1233	πολλοὶ
1234	ἐφθέγξαντο
1235	·
1236	καὶ
1237	ὁ
1238	μέν
1239	τις
1240	αὐτῶν
1241	εἶπε
1242	·
1243	ποῦ
1244	οὖν
1245	εὑρήσει
1246	τούτου
1247	διδάσκαλον
1248	;
1249	ὁ
1250	δέ
1251	τις
1252	ὡς
1253	οὐ
1254	δὲ
1255	διδακτὸν
1256	τοῦτο
1257	εἴη
1258	,
1259	ἕτερος
1260	δέ
1261	τις
1262	ὡς
1263	εἴπερ
1264	τι
1265	καὶ
1266	ἄλλο
1267	καὶ
1268	τοῦτο
1269	μαθητόν
1270	.
1271	ὁ
1272	δὲ
1273	Σωκράτης
1274	ἔφη
1275	·
1276	τοῦτο
1277	μὲν
1278	ἐπειδὴ
1279	ἀμφίλογόν
1280	ἐστιν
1281	,
1282	εἰς
1283	αὖθις
1284	ἀποθώμεθα
1285	·
1286	νυνὶ
1287	δὲ
1288	τὰ
1289	προκείμενα
1290	ἀποτελῶμεν
1291	.
1292	ὁρῶ
1293	γὰρ
1294	ἔγωγε
1295	τήνδε
1296	τὴν
1297	ὀρχηστρίδα
1298	ἐφεστηκυῖαν
1299	καὶ
1300	τροχούς
1301	τινα
1302	αὐτῇ
1303	προσφέροντα
1304	.
1305	ἐκ
1306	τούτου
1307	δὴ
1308	ηὔλει
1309	μὲν
1310	αὐτῇ
1311	ἡ
1312	ἑτέρα
1313	,
1314	παρεστηκὼς
1315	δέ
1316	τις
1317	τῇ
1318	ὀρχηστρίδι
1319	ἀνεδίδου
1320	τοὺς
1321	τροχοὺς
1322	μέχρι
1323	δώδεκα
1324	.
1325	ἡ
1326	δὲ
1327	λαμβάνουσα
1328	ἅμα
1329	τε
1330	ὠρχεῖτο
1331	καὶ
1332	ἀνερρίπτει
1333	δονουμένους
1334	συντεκμαιρομένη
1335	ὅσον
1336	ἔδει
1337	ῥιπτεῖν
1338	ὕψος
1339	ὡς
1340	ἐν
1341	ῥυθμῷ
1342	δέχεσθαι
1343	αὐτούς
1344	.
1345	καὶ
1346	ὁ
1347	Σωκράτης
1348	εἶπεν
1349	·
1350	ἐν
1351	πολλοῖς
1352	μέν
1353	,
1354	ὦ
1355	ἄνδρες
1356	,
1357	καὶ
1358	ἄλλοις
1359	δῆλον
1360	καὶ
1361	ἐν
1362	οἷς
1363	δ’
1364	ἡ
1365	παῖς
1366	ποιεῖ
1367	ὅτι
1368	ἡ
1369	γυναικεία
1370	φύσις
1371	οὐδὲν
1372	χείρων
1373	τῆς
1374	τοῦ
1375	ἀνδρὸς
1376	οὖσα
1377	τυγχάνει
1378	,
1379	γνώμης
1380	δὲ
1381	καὶ
1382	ἰσχύος
1383	δεῖται
1384	.
1385	ὥστε
1386	εἴ
1387	τις
1388	ὑμῶν
1389	γυναῖκα
1390	ἔχει
1391	,
1392	θαρρῶν
1393	διδασκέτω
1394	ὅ
1395	τι
1396	βούλοιτ’
1397	ἂν
1398	αὐτῇ
1399	ἐπισταμένῃ
1400	χρῆσθαι
1401	.
1402	καὶ
1403	ὁ
1404	Ἀντισθένης
1405	,
1406	πῶς
1407	οὖν
1408	,
1409	ἔφη
1410	,
1411	ὦ
1412	Σώκρατες
1413	,
1414	οὕτω
1415	γιγνώσκων
1416	οὐ
1417	καὶ
1418	σὺ
1419	παιδεύεις
1420	Ξανθίππην
1421	,
1422	ἀλλὰ
1423	χρῇ
1424	γυναικὶ
1425	τῶν
1426	οὐσῶν
1427	,
1428	οἶμαι
1429	δὲ
1430	καὶ
1431	τῶν
1432	γεγενημένων
1433	καὶ
1434	τῶν
1435	ἐσομένων
1436	χαλεπωτάτῃ
1437	;
1438	ὅτι
1439	,
1440	ἔφη
1441	,
1442	ὁρῶ
1443	καὶ
1444	τοὺς
1445	ἱππικοὺς
1446	βουλομένους
1447	γενέσθαι
1448	οὐ
1449	τοὺς
1450	εὐπειθεστάτους
1451	ἀλλὰ
1452	τοὺς
1453	θυμοειδεῖς
1454	ἵππους
1455	κτωμένους
1456	.
1457	νομίζουσι
1458	γάρ
1459	,
1460	ἂν
1461	τοὺς
1462	τοιούτους
1463	δύνωνται
1464	κατέχειν
1465	,
1466	ῥᾳδίως
1467	τοῖς
1468	γε
1469	ἄλλοις
1470	ἵπποις
1471	χρήσεσθαι
1472	.
1473	κ
1474	ἀγὼ
1475	δὴ
1476	βουλόμενος
1477	ἀνθρώποις
1478	χρῆσθαι
1479	καὶ
1480	ὁμιλεῖν
1481	ταύτην
1482	κέκτημαι
1483	,
1484	εὖ
1485	εἰδὼς
1486	ὅτι
1487	εἰ
1488	ταύτην
1489	ὑποίσω
1490	,
1491	ῥᾳδίως
1492	τοῖς
1493	γε
1494	ἄλλοις
1495	ἅπασιν
1496	ἀνθρώποις
1497	συνέσομαι
1498	.
1499	καὶ
1500	οὗτος
1501	μὲν
1502	δὴ
1503	ὁ
1504	λόγος
1505	οὐκ
1506	ἄπο
1507	τοῦ
1508	σκοποῦ
1509	ἔδοξεν
1510	εἰρῆσθαι
1511	.
1512	μετὰ
1513	δὲ
1514	τοῦτο
1515	κύκλος
1516	εἰσηνέχθη
1517	περίμεστος
1518	ξιφῶν
1519	ὀρθῶν
1520	.
1521	εἰς
1522	οὖν
1523	ταῦτα
1524	ἡ
1525	ὀρχηστρὶς
1526	ἐκυβίστα
1527	τε
1528	καὶ
1529	ἐξεκυβίστα
1530	ὑπὲρ
1531	αὐτῶν
1532	.
1533	ὥστε
1534	οἱ
1535	μὲν
1536	θεώμενοι
1537	ἐφοβοῦντο
1538	μή
1539	τι
1540	πάθῃ
1541	,
1542	ἡ
1543	δὲ
1544	θαρρούντως
1545	τε
1546	καὶ
1547	ἀσφαλῶς
1548	ταῦτα
1549	διεπράττετο
1550	.
1551	καὶ
1552	ὁ
1553	Σωκράτης
1554	καλέσας
1555	τὸν
1556	Ἀντισθένην
1557	εἶπεν
1558	·
1559	οὔτοι
1560	τούς
1561	γε
1562	θεωμένους
1563	τάδε
1564	ἀντιλέξειν
1565	ἔτι
1566	οἴομαι
1567	,
1568	ὡς
1569	οὐχὶ
1570	καὶ
1571	ἡ
1572	ἀνδρεία
1573	διδακτόν
1574	,
1575	ὁπότε
1576	αὕτη
1577	καίπερ
1578	γυνὴ
1579	οὖσα
1580	οὕτω
1581	τολμηρῶς
1582	εἰς
1583	τὰ
1584	ξίφη
1585	ἵεται
1586	.
1587	καὶ
1588	ὁ
1589	Ἀντισθένης
1590	εἶπεν
1591	·
1592	ἆρ’
1593	οὖν
1594	καὶ
1595	τῷδε
1596	τῷ
1597	Συρακοσίῳ
1598	κράτιστον
1599	ἐπιδείξαντι
1600	τῇ
1601	πόλει
1602	τὴν
1603	ὀρχηστρίδα
1604	εἰπεῖν
1605	,
1606	ἐὰν
1607	διδῶσιν
1608	αὐτῷ
1609	Ἀθηναῖοι
1610	χρήματα
1611	,
1612	ποιήσειν
1613	πάντας
1614	Ἀθηναίους
1615	τολμᾶν
1616	ὁμόσε
1617	ταῖς
1618	λόγχαις
1619	ἰέναι
1620	;
1621	καὶ
1622	ὁ
1623	Φίλιππος
1624	,
1625	νὴ
1626	Δί’
1627	,
1628	ἔφη
1629	,
1630	καὶ
1631	μὴν
1632	ἔγωγε
1633	ἡδέως
1634	ἂν
1635	θεῴμην
1636	Πείσανδρον
1637	τὸν
1638	δημηγόρον
1639	μανθάνοντα
1640	κυβιστᾶν
1641	εἰς
1642	τὰς
1643	μαχαίρας
1644	,
1645	ὃς
1646	νῦν
1647	διὰ
1648	τὸ
1649	μὴ
1650	δύνασθαι
1651	λόγχαις
1652	ἀντιβλέπειν
1653	οὐ
1654	δὲ
1655	συστρατεύεσθαι
1656	ἐθέλει
1657	.
1658	ἐκ
1659	τούτου
1660	ὁ
1661	παῖς
1662	ὠρχήσατο
1663	.
1664	καὶ
1665	ὁ
1666	Σωκράτης
1667	εἶπεν
1668	·
1669	εἴδετ’
1670	,
1671	ἔφη
1672	,
1673	ὡς
1674	καλὸς
1675	ὁ
1676	παῖς
1677	ὢν
1678	ὅμως
1679	σὺν
1680	τοῖς
1681	σχήμασιν
1682	ἔτι
1683	καλλίων
1684	φαίνεται
1685	ἢ
1686	ὅταν
1687	ἡσυχίαν
1688	ἔχῃ
1689	;
1690	καὶ
1691	ὁ
1692	Χαρμίδης
1693	εἶπεν
1694	·
1695	ἐπαινοῦντι
1696	ἔοικας
1697	τὸν
1698	ὀρχηστοδιδάσκαλον
1699	.
1700	ναὶ
1701	μὰ
1702	τὸν
1703	Δί’
1704	,
1705	ἔφη
1706	ὁ
1707	Σωκράτης
1708	·
1709	καὶ
1710	γὰρ
1711	ἄλλο
1712	τι
1713	προσενενόησα
1714	,
1715	ὅτι
1716	οὐδὲν
1717	ἀργὸν
1718	τοῦ
1719	σώματος
1720	ἐν
1721	τῇ
1722	ὀρχήσει
1723	ἦν
1724	,
1725	ἀλλ’
1726	ἅμα
1727	καὶ
1728	τράχηλος
1729	καὶ
1730	σκέλη
1731	καὶ
1732	χεῖρες
1733	ἐγυμνάζοντο
1734	,
1735	ὥσπερ
1736	χρὴ
1737	ὀρχεῖσθαι
1738	τὸν
1739	μέλλοντα
1740	εὐφορώτερον
1741	τὸ
1742	σῶμα
1743	ἕξειν
1744	.
1745	καὶ
1746	ἐγὼ
1747	μέν
1748	,
1749	ἔφη
1750	,
1751	πάνυ
1752	ἂν
1753	ἡδέως
1754	,
1755	ὦ
1756	Συρακόσιε
1757	,
1758	μάθοιμι
1759	τὰ
1760	σχήματα
1761	παρὰ
1762	σοῦ
1763	.
1764	καὶ
1765	ὅς
1766	,
1767	τί
1768	οὖν
1769	χρήσῃ
1770	αὐτοῖς
1771	;
1772	ἔφη
1773	.
1774	ὀρχήσομαι
1775	νὴ
1776	Δία
1777	.
1778	ἐνταῦθα
1779	δὴ
1780	ἐγέλασαν
1781	ἅπαντες
1782	.
1783	καὶ
1784	ὁ
1785	Σωκράτης
1786	μάλα
1787	ἐσπουδακότι
1788	τῷ
1789	προσώπῳ
1790	,
1791	γελᾶτε
1792	,
1793	ἔφη
1794	,
1795	ἐπ’
1796	ἐμοί
1797	;
1798	πότερον
1799	ἐπὶ
1800	τούτῳ
1801	εἰ
1802	βούλομαι
1803	γυμναζόμενος
1804	μᾶλλον
1805	ὑγιαίνειν
1806	ἢ
1807	εἰ
1808	ἥδιον
1809	ἐσθίειν
1810	καὶ
1811	καθεύδειν
1812	ἢ
1813	εἰ
1814	τοιούτων
1815	γυμνασίων
1816	ἐπιθυμῶ
1817	,
1818	μὴ
1819	ὥσπερ
1820	οἱ
1821	δολιχοδρόμοι
1822	τὰ
1823	σκέλη
1824	μὲν
1825	παχύνονται
1826	,
1827	τοὺς
1828	ὤμους
1829	δὲ
1830	λεπτύνονται
1831	,
1832	μηδ’
1833	ὥσπερ
1834	οἱ
1835	πύκται
1836	τοὺς
1837	μὲν
1838	ὤμους
1839	παχύνονται
1840	,
1841	τὰ
1842	δὲ
1843	σκέλη
1844	λεπτύνονται
1845	,
1846	ἀλλὰ
1847	παντὶ
1848	διαπονῶν
1849	τῷ
1850	σώματι
1851	πᾶν
1852	ἰσόρροπον
1853	ποιεῖν
1854	;
1855	ἢ
1856	ἐπ’
1857	ἐκείνῳ
1858	γελᾶτε
1859	,
1860	ὅτι
1861	οὐ
1862	δεήσει
1863	με
1864	συγγυμναστὴν
1865	ζητεῖν
1866	,
1867	οὐδ’
1868	ἐν
1869	ὄχλῳ
1870	πρεσβύτην
1871	ὄντα
1872	ἀποδύεσθαι
1873	,
1874	ἀλλ’
1875	ἀρκέσει
1876	μοι
1877	οἶκος
1878	ἑπτάκλινος
1879	,
1880	ὥσπερ
1881	καὶ
1882	νῦν
1883	τῷδε
1884	τῷ
1885	παιδὶ
1886	ἤρκεσε
1887	τόδε
1888	τὸ
1889	οἴκημα
1890	ἐνιδρῶσαι
1891	,
1892	καὶ
1893	χειμῶνος
1894	μὲν
1895	ἐν
1896	στέγῃ
1897	γυμνάσομαι
1898	,
1899	ὅταν
1900	δὲ
1901	ἄγαν
1902	καῦμα
1903	ᾖ
1904	,
1905	ἐν
1906	σκιᾷ
1907	;
1908	ἢ
1909	τόδε
1910	γελᾶτε
1911	,
1912	εἰ
1913	μείζω
1914	τοῦ
1915	καιροῦ
1916	τὴν
1917	γαστέρα
1918	ἔχων
1919	μετριωτέραν
1920	βούλομαι
1921	ποιῆσαι
1922	αὐτήν
1923	;
1924	ἢ
1925	οὐκ
1926	ἴστε
1927	ὅτι
1928	ἔναγχος
1929	ἕωθεν
1930	Χαρμίδης
1931	οὑτοσὶ
1932	κατέλαβέ
1933	με
1934	ὀρχούμενον
1935	;
1936	ναὶ
1937	μὰ
1938	τὸν
1939	Δί’
1940	,
1941	ἔφη
1942	ὁ
1943	Χαρμίδης
1944	·
1945	καὶ
1946	τὸ
1947	μέν
1948	γε
1949	πρῶτον
1950	ἐξεπλάγην
1951	καὶ
1952	ἔδεισα
1953	μὴ
1954	μαίνοιο
1955	·
1956	ἐπεὶ
1957	δέ
1958	σου
1959	ἤκουσα
1960	ὅμοια
1961	οἷς
1962	νῦν
1963	λέγεις
1964	,
1965	καὶ
1966	αὐτὸς
1967	ἐλθὼν
1968	οἴκαδε
1969	ὠρχούμην
1970	μὲν
1971	οὔ
1972	,
1973	οὐ
1974	γὰρ
1975	πώποτε
1976	τοῦτ’
1977	ἔμαθον
1978	,
1979	ἐχειρονόμουν
1980	δέ
1981	·
1982	ταῦτα
1983	γὰρ
1984	ἠπιστάμην
1985	.
1986	νὴ
1987	Δί’
1988	,
1989	ἔφη
1990	ὁ
1991	Φίλιππος
1992	,
1993	καὶ
1994	γὰρ
1995	οὖν
1996	οὕτω
1997	τὰ
1998	σκέλη
1999	τοῖς
2000	ὤμοις
2001	φαίνει
2002	ἰσοφόρα
2003	ἔχειν
2004	ὥστε
2005	δοκεῖς
2006	ἐμοί
2007	,
2008	κ
2009	ἂν
2010	εἰ
2011	τοῖς
2012	ἀγορανόμοις
2013	ἀφισταίης
2014	ὥσπερ
2015	ἄρτους
2016	τὰ
2017	κάτω
2018	πρὸς
2019	τὰ
2020	ἄνω
2021	,
2022	ἀζήμιος
2023	ἂν
2024	γενέσθαι
2025	.
2026	καὶ
2027	ὁ
2028	Καλλίας
2029	εἶπεν
2030	·
2031	ὦ
2032	Σώκρατες
2033	,
2034	ἐμὲ
2035	μὲν
2036	παρακάλει
2037	,
2038	ὅταν
2039	μέλλῃς
2040	μανθάνειν
2041	ὀρχεῖσθαι
2042	,
2043	ἵνα
2044	σοι
2045	ἀντιστοιχῶ
2046	τε
2047	καὶ
2048	συμμανθάνω
2049	.
2050	ἄγε
2051	δή
2052	,
2053	ἔφη
2054	ὁ
2055	Φίλιππος
2056	,
2057	καὶ
2058	ἐμοὶ
2059	αὐλησάτω
2060	,
2061	ἵνα
2062	καὶ
2063	ἐγὼ
2064	ὀρχήσωμαι
2065	.
2066	ἐπειδὴ
2067	δ’
2068	ἀνέστη
2069	,
2070	διῆλθε
2071	μιμούμενος
2072	τήν
2073	τε
2074	τοῦ
2075	παιδὸς
2076	καὶ
2077	τὴν
2078	τῆς
2079	παιδὸς
2080	ὄρχησιν
2081	.
2082	καὶ
2083	πρῶτον
2084	μὲν
2085	ὅτι
2086	ἐπῄνεσαν
2087	ὡς
2088	ὁ
2089	παῖς
2090	σὺν
2091	τοῖς
2092	σχήμασιν
2093	ἔτι
2094	καλλίων
2095	ἐφαίνετο
2096	,
2097	ἀνταπέδειξεν
2098	ὅ
2099	τι
2100	κινοίη
2101	τοῦ
2102	σώματος
2103	ἅπαν
2104	τῆς
2105	φύσεως
2106	γελοιότερον
2107	·
2108	ὅτι
2109	δ’
2110	ἡ
2111	παῖς
2112	εἰς
2113	τ
2114	οὔπισθεν
2115	καμπτομένη
2116	τροχοὺς
2117	ἐμιμεῖτο
2118	,
2119	ἐκεῖνος
2120	τ
2121	αὐτὰ
2122	εἰς
2123	τὸ
2124	ἔμπροσθεν
2125	ἐπικύπτων
2126	μιμεῖσθαι
2127	τροχοὺς
2128	ἐπειρᾶτο
2129	.
2130	τέλος
2131	δ’
2132	ὅτι
2133	τὸν
2134	παῖδ’
2135	ἐπῄνουν
2136	ὡς
2137	ἐν
2138	τῇ
2139	ὀρχήσει
2140	ἅπαν
2141	τὸ
2142	σῶμα
2143	γυμνάζοι
2144	,
2145	κελεύσας
2146	τὴν
2147	αὐλητρίδα
2148	θάττονα
2149	ῥυθμὸν
2150	ἐπάγειν
2151	ἵει
2152	ἅμα
2153	πάντα
2154	καὶ
2155	σκέλη
2156	καὶ
2157	χεῖρας
2158	καὶ
2159	κεφαλήν
2160	.
2161	ἐπειδὴ
2162	δὲ
2163	ἀπειρήκει
2164	,
2165	κατακλινόμενος
2166	εἶπε
2167	·
2168	Τεκμήριον
2169	,
2170	ὦ
2171	ἄνδρες
2172	,
2173	ὅτι
2174	καλῶς
2175	γυμνάζει
2176	καὶ
2177	τὰ
2178	ἐμὰ
2179	ὀρχήματα
2180	.
2181	ἐγὼ
2182	γοῦν
2183	διψῶ
2184	·
2185	καὶ
2186	ὁ
2187	παῖς
2188	ἐγχεάτω
2189	μοι
2190	τὴν
2191	μεγάλην
2192	φιάλην
2193	.
2194	νὴ
2195	Δί’
2196	,
2197	ἔφη
2198	ὁ
2199	Καλλίας
2200	,
2201	καὶ
2202	ἡμῖν
2203	γε
2204	,
2205	ἐπεὶ
2206	καὶ
2207	ἡμεῖς
2208	διψῶμεν
2209	ἐπὶ
2210	σοὶ
2211	γελῶντες
2212	.
2213	ὁ
2214	δ’
2215	αὖ
2216	Σωκράτης
2217	εἶπεν
2218	·
2219	ἀλλὰ
2220	πίνειν
2221	μέν
2222	,
2223	ὦ
2224	ἄνδρες
2225	,
2226	καὶ
2227	ἐμοὶ
2228	πάνυ
2229	δοκεῖ
2230	·
2231	τῷ
2232	γὰρ
2233	ὄντι
2234	ὁ
2235	οἶνος
2236	ἄρδων
2237	τὰς
2238	ψυχὰς
2239	τὰς
2240	μὲν
2241	λύπας
2242	,
2243	ὥσπερ
2244	ὁ
2245	μανδραγόρας
2246	τοὺς
2247	ἀνθρώπους
2248	,
2249	κοιμίζει
2250	,
2251	τὰς
2252	δὲ
2253	φιλοφροσύνας
2254	,
2255	ὥσπερ
2256	ἔλαιον
2257	φλόγα
2258	,
2259	ἐγείρει
2260	.
2261	δοκεῖ
2262	μέντοι
2263	μοι
2264	καὶ
2265	τὰ
2266	τῶν
2267	ἀνδρῶν
2268	σώματα
2269	τ
2270	αὐτὰ
2271	πάσχειν
2272	ἅπερ
2273	καὶ
2274	τὰ
2275	τῶν
2276	ἐν
2277	γῇ
2278	φυομένων
2279	.
2280	καὶ
2281	γὰρ
2282	ἐκεῖνα
2283	,
2284	ὅταν
2285	μὲν
2286	ὁ
2287	θεὸς
2288	αὐτὰ
2289	ἄγαν
2290	ἁθρόως
2291	ποτίζῃ
2292	,
2293	οὐ
2294	δύναται
2295	ὀρθοῦσθαι
2296	οὐ
2297	δὲ
2298	ταῖς
2299	αὔραις
2300	διαπνεῖσθαι
2301	·
2302	ὅταν
2303	δ’
2304	ὅσῳ
2305	ἥδεται
2306	τοσοῦτον
2307	πίνῃ
2308	,
2309	καὶ
2310	μάλα
2311	ὀρθά
2312	τε
2313	αὔξεται
2314	καὶ
2315	θάλλοντα
2316	ἀφικνεῖται
2317	εἰς
2318	τὴν
2319	καρπογονίαν
2320	.
2321	οὕτω
2322	δὲ
2323	καὶ
2324	ἡμεῖς
2325	ἂν
2326	μὲν
2327	ἁθρόον
2328	τὸ
2329	ποτὸν
2330	ἐγχεώμεθα
2331	,
2332	ταχὺ
2333	ἡμῖν
2334	καὶ
2335	τὰ
2336	σώματα
2337	καὶ
2338	αἱ
2339	γνῶμαι
2340	σφαλοῦνται
2341	,
2342	καὶ
2343	οὐ
2344	δὲ
2345	ἀναπνεῖν
2346	,
2347	μὴ
2348	ὅτι
2349	λέγειν
2350	τι
2351	δυνησόμεθα
2352	·
2353	ἂν
2354	δὲ
2355	ἡμῖν
2356	οἱ
2357	παῖδες
2358	μικραῖς
2359	κύλιξι
2360	πυκνὰ
2361	ἐπιψακάζωσιν
2362	,
2363	ἵνα
2364	καὶ
2365	ἐγὼ
2366	ἐν
2367	Γοργιείοις
2368	ῥήμασιν
2369	εἴπω
2370	,
2371	οὕτως
2372	οὐ
2373	βιαζόμενοι
2374	μεθύειν
2375	ὑπὸ
2376	τοῦ
2377	οἴνου
2378	ἀλλ’
2379	ἀναπειθόμενοι
2380	πρὸς
2381	τὸ
2382	παιγνιωδέστερον
2383	ἀφιξόμεθα
2384	.
2385	ἐδόκει
2386	μὲν
2387	δὴ
2388	ταῦτα
2389	πᾶσι
2390	·
2391	προσέθηκε
2392	δὲ
2393	ὁ
2394	Φίλιππος
2395	ὡς
2396	χρὴ
2397	τοὺς
2398	οἰνοχόους
2399	μιμεῖσθαι
2400	τοὺς
2401	ἀγαθοὺς
2402	ἁρματηλάτας
2403	,
2404	θᾶττον
2405	περιελαύνοντας
2406	τὰς
2407	κύλικας
2408	.
2409	οἱ
2410	μὲν
2411	δὴ
2412	οἰνοχόοι
2413	οὕτως
2414	ἐποίουν
2415	.
2416	ἐκ
2417	δὲ
2418	τούτου
2419	συνηρμοσμένῃ
2420	τῇ
2421	λύρᾳ
2422	πρὸς
2423	τὸν
2424	αὐλὸν
2425	ἐκιθάρισεν
2426	ὁ
2427	παῖς
2428	καὶ
2429	ᾖσεν
2430	.
2431	ἔνθα
2432	δὴ
2433	ἐπῄνεσαν
2434	μὲν
2435	ἅπαντες
2436	·
2437	ὁ
2438	δὲ
2439	Χαρμίδης
2440	καὶ
2441	εἶπεν
2442	·
2443	ἀλλ’
2444	ἐμοὶ
2445	μὲν
2446	δοκεῖ
2447	,
2448	ὦ
2449	ἄνδρες
2450	,
2451	ὥσπερ
2452	Σωκράτης
2453	ἔφη
2454	τὸν
2455	οἶνον
2456	,
2457	οὕτως
2458	καὶ
2459	αὕτη
2460	ἡ
2461	κρᾶσις
2462	τῶν
2463	τε
2464	παίδων
2465	τῆς
2466	ὥρας
2467	καὶ
2468	τῶν
2469	φθόγγων
2470	τὰς
2471	μὲν
2472	λύπας
2473	κοιμίζειν
2474	,
2475	τὴν
2476	δ’
2477	ἀφροδίτην
2478	ἐγείρειν
2479	.
2480	ἐκ
2481	τούτου
2482	δὲ
2483	πάλιν
2484	εἶπεν
2485	ὁ
2486	Σωκράτης
2487	·
2488	οὗτοι
2489	μὲν
2490	δή
2491	,
2492	ὦ
2493	ἄνδρες
2494	,
2495	ἱκανοὶ
2496	τέρπειν
2497	ἡμᾶς
2498	φαίνονται
2499	·
2500	ἡμεῖς
2501	δὲ
2502	τούτων
2503	οἶδ’
2504	ὅτι
2505	πολὺ
2506	βελτίονες
2507	οἰόμεθα
2508	εἶναι
2509	·
2510	οὐκ
2511	αἰσχρὸν
2512	οὖν
2513	εἰ
2514	μήδ’
2515	ἐπιχειρήσομεν
2516	συνόντες
2517	ὠφελεῖν
2518	τι
2519	ἢ
2520	εὐφραίνειν
2521	ἀλλήλους
2522	;
2523	ἐντεῦθεν
2524	εἶπαν
2525	πολλοί
2526	·
2527	σὺ
2528	τοίνυν
2529	ἡμῖν
2530	ἐξηγοῦ
2531	ποίων
2532	λόγων
2533	ἁπτόμενοι
2534	μάλιστ’
2535	ἂν
2536	ταῦτα
2537	ποιοῖμεν
2538	.
2539	ἐγὼ
2540	μὲν
2541	τοίνυν
2542	,
2543	ἔφη
2544	,
2545	ἥδιστ’
2546	ἂν
2547	ἀπολάβοιμι
2548	παρὰ
2549	Καλλίου
2550	τὴν
2551	ὑπόσχεσιν
2552	.
2553	ἔφη
2554	γὰρ
2555	δήπου
2556	,
2557	εἰ
2558	συνδειπνοῖμεν
2559	,
2560	ἐπιδείξειν
2561	τὴν
2562	αὑτοῦ
2563	σοφίαν
2564	.
2565	καὶ
2566	ἐπιδείξω
2567	γε
2568	,
2569	ἔφη
2570	,
2571	ἐὰν
2572	καὶ
2573	ὑμεῖς
2574	ἅπαντες
2575	εἰς
2576	μέσον
2577	φέρητε
2578	ὅ
2579	τι
2580	ἕκαστος
2581	ἐπίστασθε
2582	ἀγαθόν
2583	.
2584	ἀλλ’
2585	οὐδείς
2586	σοι
2587	,
2588	ἔφη
2589	,
2590	ἀντιλέγει
2591	τὸ
2592	μὴ
2593	οὐ
2594	λέξειν
2595	ὅ
2596	τι
2597	ἕκαστος
2598	ἡγεῖται
2599	πλείστου
2600	ἄξιον
2601	ἐπίστασθαι
2602	.
2603	ἐγὼ
2604	μὲν
2605	τοίνυν
2606	,
2607	ἔφη
2608	,
2609	λέγω
2610	ὑμῖν
2611	ἐφ’
2612	ᾧ
2613	μέγιστον
2614	φρονῶ
2615	.
2616	ἀνθρώπους
2617	γὰρ
2618	οἶμαι
2619	ἱκανὸς
2620	εἶναι
2621	βελτίους
2622	ποιεῖν
2623	.
2624	καὶ
2625	ὁ
2626	Ἀντισθένης
2627	εἶπε
2628	·
2629	πότερον
2630	τέχνην
2631	τινὰ
2632	βαναυσικὴν
2633	ἢ
2634	καλοκἀγαθίαν
2635	διδάσκων
2636	;
2637	εἰ
2638	καλοκἀγαθία
2639	ἐστὶν
2640	ἡ
2641	δικαιοσύνη
2642	.
2643	νὴ
2644	Δί’
2645	,
2646	ἔφη
2647	ὁ
2648	Ἀντισθένης
2649	,
2650	ἥ
2651	γε
2652	ἀναμφιλογωτάτη
2653	·
2654	ἐπεί
2655	τοι
2656	ἀνδρεία
2657	μὲν
2658	καὶ
2659	σοφία
2660	ἔστιν
2661	ὅτε
2662	βλαβερὰ
2663	καὶ
2664	φίλοις
2665	καὶ
2666	πόλει
2667	δοκεῖ
2668	εἶναι
2669	,
2670	ἡ
2671	δὲ
2672	δικαιοσύνη
2673	οὐ
2674	δὲ
2675	καθ’
2676	ἓν
2677	συμμίγνυται
2678	τῇ
2679	ἀδικίᾳ
2680	.
2681	ἐπειδὰν
2682	τοίνυν
2683	καὶ
2684	ὑμῶν
2685	ἕκαστος
2686	εἴπῃ
2687	ὅ
2688	τι
2689	ὠφέλιμον
2690	ἔχει
2691	,
2692	τότε
2693	κ
2694	ἀγὼ
2695	οὐ
2696	φθονήσω
2697	εἰπεῖν
2698	τὴν
2699	τέχνην
2700	δι’
2701	ἧς
2702	τοῦτο
2703	ἀπεργάζομαι
2704	.
2705	ἀλλὰ
2706	σὺ
2707	αὖ
2708	,
2709	ἔφη
2710	,
2711	λέγε
2712	,
2713	ὦ
2714	Νικήρατε
2715	,
2716	ἐπὶ
2717	ποίᾳ
2718	ἐπιστήμῃ
2719	μέγα
2720	φρονεῖς
2721	.
2722	καὶ
2723	ὃς
2724	εἶπεν
2725	·
2726	ὁ
2727	πατὴρ
2728	ὁ
2729	ἐπιμελούμενος
2730	ὅπως
2731	ἀνὴρ
2732	ἀγαθὸς
2733	γενοίμην
2734	ἠνάγκασέ
2735	με
2736	πάντα
2737	τὰ
2738	Ὁμήρου
2739	ἔπη
2740	μαθεῖν
2741	·
2742	καὶ
2743	νῦν
2744	δυναίμην
2745	ἂν
2746	Ἰλιάδα
2747	ὅλην
2748	καὶ
2749	Ὀδύσσειαν
2750	ἀπὸ
2751	στόματος
2752	εἰπεῖν
2753	.
2754	ἐκεῖνο
2755	δ’
2756	,
2757	ἔφη
2758	ὁ
2759	Ἀντισθένης
2760	,
2761	λέληθέ
2762	σε
2763	,
2764	ὅτι
2765	καὶ
2766	οἱ
2767	ῥαψῳδοὶ
2768	πάντες
2769	ἐπίστανται
2770	ταῦτα
2771	τὰ
2772	ἔπη
2773	;
2774	καὶ
2775	πῶς
2776	ἄν
2777	,
2778	ἔφη
2779	,
2780	λελήθοι
2781	ἀκροώμενόν
2782	γε
2783	αὐτῶν
2784	ὀλίγου
2785	ἀν’
2786	ἑκάστην
2787	ἡμέραν
2788	;
2789	οἶσθά
2790	τι
2791	οὖν
2792	ἔθνος
2793	,
2794	ἔφη
2795	,
2796	ἠλιθιώτερον
2797	ῥαψῳδῶν
2798	;
2799	οὐ
2800	μὰ
2801	τὸν
2802	Δί’
2803	,
2804	ἔφη
2805	ὁ
2806	Νικήρατος
2807	,
2808	οὔκουν
2809	ἔμοιγε
2810	δοκῶ
2811	.
2812	δῆλον
2813	γάρ
2814	,
2815	ἔφη
2816	ὁ
2817	Σωκράτης
2818	,
2819	ὅτι
2820	τὰς
2821	ὑπονοίας
2822	οὐκ
2823	ἐπίστανται
2824	.
2825	σὺ
2826	δὲ
2827	Στησιμβρότῳ
2828	τε
2829	καὶ
2830	Ἀναξιμάνδρῳ
2831	καὶ
2832	ἄλλοις
2833	πολλοῖς
2834	πολὺ
2835	δέδωκας
2836	ἀργύριον
2837	,
2838	ὥστε
2839	οὐδέν
2840	σε
2841	τῶν
2842	πολλοῦ
2843	ἀξίων
2844	λέληθε
2845	.
2846	τί
2847	γὰρ
2848	σύ
2849	,
2850	ἔφη
2851	,
2852	ὦ
2853	Κριτόβουλε
2854	,
2855	ἐπὶ
2856	τίνι
2857	μέγιστον
2858	φρονεῖς
2859	;
2860	ἐπὶ
2861	κάλλει
2862	,
2863	ἔφη
2864	.
2865	ἦ
2866	οὖν
2867	καὶ
2868	σύ
2869	,
2870	ἔφη
2871	ὁ
2872	Σωκράτης
2873	,
2874	ἕξεις
2875	λέγειν
2876	ὅτι
2877	τῷ
2878	σῷ
2879	κάλλει
2880	ἱκανὸς
2881	εἶ
2882	βελτίους
2883	ἡμᾶς
2884	ποιεῖν
2885	;
2886	εἰ
2887	δὲ
2888	μή
2889	,
2890	δῆλόν
2891	γε
2892	ὅτι
2893	φαῦλος
2894	φανοῦμαι
2895	.
2896	τί
2897	γὰρ
2898	σύ
2899	,
2900	εἶπεν
2901	,
2902	ἐπὶ
2903	τίνι
2904	μέγα
2905	φρονεῖς
2906	,
2907	ὦ
2908	Ἀντίσθενες
2909	;
2910	ἐπὶ
2911	πλούτῳ
2912	,
2913	ἔφη
2914	.
2915	ὁ
2916	μὲν
2917	δὴ
2918	Ἑρμογένης
2919	ἀνήρετο
2920	εἰ
2921	πολὺ
2922	εἴη
2923	αὐτῷ
2924	ἀργύριον
2925	.
2926	ὁ
2927	δὲ
2928	ἀπώμοσε
2929	μη
2930	δὲ
2931	ὀβολόν
2932	.
2933	ἀλλὰ
2934	γῆν
2935	πολλὴν
2936	κέκτησαι
2937	;
2938	ἴσως
2939	ἄν
2940	,
2941	ἔφη
2942	,
2943	Αὐτολύκῳ
2944	τούτῳ
2945	ἱκανὴ
2946	γένοιτο
2947	ἐγκονίσασθαι
2948	.
2949	ἀκουστέον
2950	ἂν
2951	εἴη
2952	καὶ
2953	σοῦ
2954	.
2955	τί
2956	γὰρ
2957	σύ
2958	,
2959	ἔφη
2960	,
2961	ὦ
2962	Χαρμίδη
2963	,
2964	ἐπὶ
2965	τίνι
2966	μέγα
2967	φρονεῖς
2968	;
2969	ἐγὼ
2970	αὖ
2971	,
2972	ἔφη
2973	,
2974	ἐπὶ
2975	πενίᾳ
2976	μέγα
2977	φρονῶ
2978	.
2979	νὴ
2980	Δί’
2981	,
2982	ἔφη
2983	ὁ
2984	Σωκράτης
2985	,
2986	ἐπ’
2987	εὐχαρίτῳ
2988	γε
2989	πράγματι
2990	.
2991	τοῦτο
2992	γὰρ
2993	δὴ
2994	ἥκιστα
2995	μὲν
2996	ἐπίφθονον
2997	,
2998	ἥκιστα
2999	δὲ
3000	περιμάχητον
3001	,
3002	καὶ
3003	ἀφύλακτον
3004	ὂν
3005	σῴζεται
3006	καὶ
3007	ἀμελούμενον
3008	ἰσχυρότερον
3009	γίγνεται
3010	.
3011	σὺ
3012	δὲ
3013	δή
3014	,
3015	ἔφη
3016	ὁ
3017	Καλλίας
3018	,
3019	ἐπὶ
3020	τίνι
3021	μέγα
3022	φρονεῖς
3023	,
3024	ὦ
3025	Σώκρατες
3026	;
3027	καὶ
3028	ὃς
3029	μάλα
3030	σεμνῶς
3031	ἀνασπάσας
3032	τὸ
3033	πρόσωπον
3034	,
3035	ἐπὶ
3036	μαστροπείᾳ
3037	,
3038	εἶπεν
3039	.
3040	ἐπεὶ
3041	δὲ
3042	ἐγέλασαν
3043	ἐπ’
3044	αὐτῷ
3045	,
3046	ὑμεῖς
3047	μὲν
3048	γελᾶτε
3049	,
3050	ἔφη
3051	,
3052	ἐγὼ
3053	δὲ
3054	οἶδ’
3055	ὅτι
3056	καὶ
3057	πάνυ
3058	ἂν
3059	πολλὰ
3060	χρήματα
3061	λαμβάνοιμι
3062	,
3063	εἰ
3064	βουλοίμην
3065	χρῆσθαι
3066	τῇ
3067	τέχνῃ
3068	.
3069	σύ
3070	γε
3071	μὴν
3072	δῆλον
3073	,
3074	ἔφη
3075	ὁ
3076	Λύκων
3077	τὸν
3078	Φίλιππον
3079	προσειπών
3080	,
3081	ὅτι
3082	ἐπὶ
3083	τῷ
3084	γελωτοποιεῖν
3085	μέγα
3086	φρονεῖς
3087	.
3088	δικαιότερόν
3089	γ’
3090	,
3091	ἔφη
3092	,
3093	οἴομαι
3094	,
3095	ἢ
3096	Καλλιππίδης
3097	ὁ
3098	ὑποκριτής
3099	,
3100	ὃς
3101	ὑπερσεμνύνεται
3102	ὅτι
3103	δύναται
3104	πολλοὺς
3105	κλαίοντας
3106	καθίζειν
3107	.
3108	οὐκοῦν
3109	καὶ
3110	σύ
3111	,
3112	ἔφη
3113	ὁ
3114	Ἀντισθένης
3115	,
3116	λέξεις
3117	,
3118	ὦ
3119	Λύκων
3120	,
3121	ἐπὶ
3122	τίνι
3123	μέγα
3124	φρονεῖς
3125	;
3126	καὶ
3127	ὃς
3128	ἔφη
3129	·
3130	οὐ
3131	γὰρ
3132	ἅπαντες
3133	ἴστε
3134	,
3135	ἔφη
3136	,
3137	ὅτι
3138	ἐπὶ
3139	τούτῳ
3140	τῷ
3141	υἱεῖ
3142	;
3143	οὗτός
3144	γε
3145	μήν
3146	,
3147	ἔφη
3148	τις
3149	,
3150	δῆλον
3151	ὅτι
3152	ἐπὶ
3153	τῷ
3154	νικηφόρος
3155	εἶναι
3156	.
3157	καὶ
3158	ὁ
3159	Αὐτόλυκος
3160	ἀνερυθριάσας
3161	εἶπε
3162	·
3163	μὰ
3164	Δί’
3165	οὐκ
3166	ἔγωγε
3167	.
3168	ἐπεὶ
3169	δὲ
3170	ἅπαντες
3171	ἡσθέντες
3172	ὅτι
3173	ἤκουσαν
3174	αὐτοῦ
3175	φωνήσαντος
3176	προσέβλεψαν
3177	,
3178	ἤρετό
3179	τις
3180	αὐτόν
3181	·
3182	ἀλλ’
3183	ἐπὶ
3184	τῷ
3185	μήν
3186	,
3187	ὦ
3188	Αὐτόλυκε
3189	;
3190	ὁ
3191	δ’
3192	εἶπεν
3193	·
3194	Ἐπὶ
3195	τῷ
3196	πατρί
3197	,
3198	καὶ
3199	ἅμα
3200	ἐνεκλίθη
3201	αὐτῷ
3202	.
3203	καὶ
3204	ὁ
3205	Καλλίας
3206	ἰδών
3207	,
3208	Ἆρ’
3209	οἶσθα
3210	,
3211	ἔφη
3212	,
3213	ὦ
3214	Λύκων
3215	,
3216	ὅτι
3217	πλουσιώτατος
3218	εἶ
3219	ἀνθρώπων
3220	;
3221	μὰ
3222	Δί’
3223	,
3224	ἔφη
3225	,
3226	τοῦτο
3227	μέντοι
3228	ἐγὼ
3229	οὐκ
3230	οἶδα
3231	.
3232	ἀλλὰ
3233	λανθάνει
3234	σε
3235	ὅτι
3236	οὐκ
3237	ἂν
3238	δέξαιο
3239	τὰ
3240	βασιλέως
3241	χρήματα
3242	ἀντὶ
3243	τοῦ
3244	υἱοῦ
3245	;
3246	ἐπ’
3247	αὐτοφώρῳ
3248	εἴλημμαι
3249	,
3250	ἔφη
3251	,
3252	πλουσιώτατος
3253	,
3254	ὡς
3255	ἔοικεν
3256	,
3257	ἀνθρώπων
3258	ὤν
3259	.
3260	σὺ
3261	δέ
3262	,
3263	ἔφη
3264	ὁ
3265	Νικήρατος
3266	,
3267	ὦ
3268	Ἑρμόγενες
3269	,
3270	ἐπὶ
3271	τίνι
3272	μάλιστα
3273	ἀγάλλῃ
3274	;
3275	καὶ
3276	ὅς
3277	,
3278	ἐπὶ
3279	φίλων
3280	,
3281	ἔφη
3282	,
3283	ἀρετῇ
3284	καὶ
3285	δυνάμει
3286	,
3287	καὶ
3288	ὅτι
3289	τοιοῦτοι
3290	ὄντες
3291	ἐμοῦ
3292	ἐπιμέλονται
3293	.
3294	ἐνταῦθα
3295	τοίνυν
3296	πάντες
3297	προσέβλεψαν
3298	αὐτῷ
3299	,
3300	καὶ
3301	πολλοὶ
3302	ἅμα
3303	ἤροντο
3304	εἰ
3305	καὶ
3306	σφίσι
3307	δηλώσοι
3308	αὐτούς
3309	.
3310	ὁ
3311	δὲ
3312	εἶπεν
3313	ὅτι
3314	οὐ
3315	φθονήσει
3316	.
3317	ἐκ
3318	τούτου
3319	ἔλεξεν
3320	ὁ
3321	Σωκράτης
3322	·
3323	οὐκοῦν
3324	λοιπὸν
3325	ἂν
3326	εἴη
3327	ἡμῖν
3328	ἃ
3329	ἕκαστος
3330	ὑπέσχετο
3331	ἀποδεικνύναι
3332	ὡς
3333	πολλοῦ
3334	ἄξιά
3335	ἐστιν
3336	.
3337	ἀκούοιτ’
3338	ἄν
3339	,
3340	ἔφη
3341	ὁ
3342	Καλλίας
3343	,
3344	ἐμοῦ
3345	πρῶτον
3346	.
3347	ἐγὼ
3348	γὰρ
3349	ἐν
3350	τῷ
3351	χρόνῳ
3352	ᾧ
3353	ὑμῶν
3354	ἀκούω
3355	ἀπορούντων
3356	τί
3357	τὸ
3358	δίκαιον
3359	,
3360	ἐν
3361	τούτῳ
3362	δικαιοτέρους
3363	τοὺς
3364	ἀνθρώπους
3365	ποιῶ
3366	.
3367	καὶ
3368	ὁ
3369	Σωκράτης
3370	,
3371	πῶς
3372	,
3373	ὦ
3374	λῷστε
3375	;
3376	ἔφη
3377	.
3378	διδοὺς
3379	νὴ
3380	Δί’
3381	ἀργύριον
3382	.
3383	καὶ
3384	ὁ
3385	Ἀντισθένης
3386	ἐπαναστὰς
3387	μάλα
3388	ἐλεγκτικῶς
3389	αὐτὸν
3390	ἐπήρετο
3391	·
3392	οἱ
3393	δὲ
3394	ἄνθρωποι
3395	,
3396	ὦ
3397	Καλλία
3398	,
3399	πότερον
3400	ἐν
3401	ταῖς
3402	ψυχαῖς
3403	ἢ
3404	ἐν
3405	τῷ
3406	βαλαντίῳ
3407	τὸ
3408	δίκαιόν
3409	σοι
3410	δοκοῦσιν
3411	ἔχειν
3412	;
3413	ἐν
3414	ταῖς
3415	ψυχαῖς
3416	,
3417	ἔφη
3418	.
3419	κ
3420	ἄπειτα
3421	σὺ
3422	εἰς
3423	τὸ
3424	βαλάντιον
3425	διδοὺς
3426	ἀργύριον
3427	τὰς
3428	ψυχὰς
3429	δικαιοτέρους
3430	ποιεῖς
3431	;
3432	μάλιστα
3433	.
3434	πῶς
3435	;
3436	ὅτι
3437	διὰ
3438	τὸ
3439	εἰδέναι
3440	ὡς
3441	ἔστιν
3442	ὅτου
3443	πριάμενοι
3444	τὰ
3445	ἐπιτήδεια
3446	ἕξουσιν
3447	οὐκ
3448	ἐθέλουσι
3449	κακουργοῦντες
3450	κινδυνεύειν
3451	.
3452	ἦ
3453	καί
3454	σοι
3455	,
3456	ἔφη
3457	,
3458	ἀποδιδόασιν
3459	ὅ
3460	τι
3461	ἂν
3462	λάβωσι
3463	;
3464	μὰ
3465	τὸν
3466	Δί’
3467	,
3468	ἔφη
3469	,
3470	οὐ
3471	μὲν
3472	δή
3473	.
3474	τί
3475	δέ
3476	,
3477	ἀντὶ
3478	τοῦ
3479	ἀργυρίου
3480	χάριτας
3481	;
3482	οὐ
3483	μὰ
3484	τὸν
3485	Δί’
3486	,
3487	ἔφη
3488	,
3489	οὐ
3490	δὲ
3491	τοῦτο
3492	,
3493	ἀλλ’
3494	ἔνιοι
3495	καὶ
3496	ἐχθιόνως
3497	ἔχουσιν
3498	ἢ
3499	πρὶν
3500	λαβεῖν
3501	.
3502	θαυμαστά
3503	γ’
3504	,
3505	ἔφη
3506	ὁ
3507	Ἀντισθένης
3508	ἅμα
3509	εἰσβλέπων
3510	ὡς
3511	ἐλέγχων
3512	αὐτόν
3513	,
3514	εἰ
3515	πρὸς
3516	μὲν
3517	τοὺς
3518	ἄλλους
3519	δύνασαι
3520	δικαίους
3521	ἂν
3522	ποιεῖν
3523	αὐτούς
3524	,
3525	πρὸς
3526	δὲ
3527	σαυτὸν
3528	οὔ
3529	.
3530	καὶ
3531	τί
3532	τοῦτ’
3533	,
3534	ἔφη
3535	ὁ
3536	Καλλίας
3537	,
3538	θαυμαστόν
3539	;
3540	οὐ
3541	καὶ
3542	τέκτονάς
3543	τε
3544	καὶ
3545	οἰκοδόμους
3546	πολλοὺς
3547	ὁρᾷς
3548	οἳ
3549	ἄλλοις
3550	μὲν
3551	πολλοῖς
3552	ποιοῦσιν
3553	οἰκίας
3554	,
3555	ἑαυτοῖς
3556	δὲ
3557	οὐ
3558	δύνανται
3559	ποιῆσαι
3560	,
3561	ἀλλ’
3562	ἐν
3563	μισθωταῖς
3564	οἰκοῦσι
3565	;
3566	καὶ
3567	ἀνάσχου
3568	μέντοι
3569	,
3570	ὦ
3571	σοφιστά
3572	,
3573	ἐλεγχόμενος
3574	.
3575	νὴ
3576	Δί’
3577	,
3578	ἔφη
3579	ὁ
3580	Σωκράτης
3581	,
3582	ἀνεχέσθω
3583	μέντοι
3584	·
3585	ἐπεὶ
3586	καὶ
3587	οἱ
3588	μάντεις
3589	λέγονται
3590	δήπου
3591	ἄλλοις
3592	μὲν
3593	προαγορεύειν
3594	τὸ
3595	μέλλον
3596	,
3597	ἑαυτοῖς
3598	δὲ
3599	μὴ
3600	προορᾶν
3601	τὸ
3602	ἐπιόν
3603	.
3604	οὗτος
3605	μὲν
3606	δὴ
3607	ὁ
3608	λόγος
3609	ἐνταῦθα
3610	ἔληξεν
3611	.
3612	ἐκ
3613	τούτου
3614	δὲ
3615	ὁ
3616	Νικήρατος
3617	,
3618	ἀκούοιτ’
3619	ἄν
3620	,
3621	ἔφη
3622	,
3623	καὶ
3624	ἐμοῦ
3625	ἃ
3626	ἔσεσθε
3627	βελτίονες
3628	,
3629	ἂν
3630	ἐμοὶ
3631	συνῆτε
3632	.
3633	ἴστε
3634	γὰρ
3635	δήπου
3636	ὅτι
3637	Ὅμηρος
3638	ὁ
3639	σοφώτατος
3640	πεποίηκε
3641	σχεδὸν
3642	περὶ
3643	πάντων
3644	τῶν
3645	ἀνθρωπίνων
3646	.
3647	ὅστις
3648	ἂν
3649	οὖν
3650	ὑμῶν
3651	βούληται
3652	ἢ
3653	οἰκονομικὸς
3654	ἢ
3655	δημηγορικὸς
3656	ἢ
3657	στρατηγικὸς
3658	γενέσθαι
3659	ἢ
3660	ὅμοιος
3661	Ἀχιλλεῖ
3662	ἢ
3663	Αἴαντι
3664	ἢ
3665	Νέστορι
3666	ἢ
3667	Ὀδυσσεῖ
3668	,
3669	ἐμὲ
3670	θεραπευέτω
3671	.
3672	ἐγὼ
3673	γὰρ
3674	ταῦτα
3675	πάντα
3676	ἐπίσταμαι
3677	.
3678	ἦ
3679	καὶ
3680	βασιλεύειν
3681	,
3682	ἔφη
3683	ὁ
3684	Ἀντισθένης
3685	,
3686	ἐπίστασαι
3687	,
3688	ὅτι
3689	οἶσθα
3690	ἐπαινέσαντα
3691	αὐτὸν
3692	τὸν
3693	Ἀγαμέμνονα
3694	ὡς
3695	βασιλεύς
3696	τε
3697	εἴη
3698	ἀγαθὸς
3699	κρατερός
3700	τ’
3701	αἰχμητής
3702	;
3703	καὶ
3704	ναὶ
3705	μὰ
3706	Δί’
3707	,
3708	ἔφη
3709	,
3710	ἔγωγε
3711	ὅτι
3712	ἁρματηλατοῦντα
3713	δεῖ
3714	ἐγγὺς
3715	μὲν
3716	τῆς
3717	στήλης
3718	κάμψαι
3719	,
3720	αὐτὸν
3721	δὲ
3722	κλινθῆναι
3723	ἐυξέστου
3724	ἐπὶ
3725	δίφρου
3726	ἦκ’
3727	ἐπ’
3728	ἀριστερὰ
3729	τοῖιν
3730	,
3731	ἀτὰρ
3732	τὸν
3733	δεξιὸν
3734	ἵππον
3735	κένσαι
3736	ὁμοκλήσαντ’
3737	εἶξαί
3738	τέ
3739	οἱ
3740	ἡνία
3741	χερσί
3742	.
3743	καὶ
3744	πρὸς
3745	τούτοις
3746	γε
3747	ἄλλο
3748	οἶδα
3749	,
3750	καὶ
3751	ὑμῖν
3752	αὐτίκα
3753	μάλ’
3754	ἔξεστι
3755	πειρᾶσθαι
3756	.
3757	εἶπε
3758	γάρ
3759	που
3760	Ὅμηρος
3761	·
3762	ἐπὶ
3763	δὲ
3764	κρόμυον
3765	ποτῷ
3766	ὄψον
3767	.
3768	ἐὰν
3769	οὖν
3770	ἐνέγκῃ
3771	τις
3772	κρόμμυον
3773	,
3774	αὐτίκα
3775	μάλα
3776	τοῦτό
3777	γε
3778	ὠφελημένοι
3779	ἔσεσθε
3780	·
3781	ἥδιον
3782	γὰρ
3783	πιεῖσθε
3784	.
3785	καὶ
3786	ὁ
3787	Χαρμίδης
3788	εἶπεν
3789	·
3790	ὦ
3791	ἄνδρες
3792	,
3793	ὁ
3794	Νικήρατος
3795	κρομμύων
3796	ὄζων
3797	ἐπιθυμεῖ
3798	οἴκαδε
3799	ἐλθεῖν
3800	,
3801	ἵν’
3802	ἡ
3803	γυνὴ
3804	αὐτοῦ
3805	πιστεύῃ
3806	μη
3807	δὲ
3808	διανοηθῆναι
3809	μηδένα
3810	ἂν
3811	φιλῆσαι
3812	αὐτόν
3813	.
3814	νὴ
3815	Δί’
3816	,
3817	ἔφη
3818	ὁ
3819	Σωκράτης
3820	,
3821	ἀλλ’
3822	ἄλλην
3823	που
3824	δόξαν
3825	γελοίαν
3826	κίνδυνος
3827	ἡμῖν
3828	προσλαβεῖν
3829	.
3830	ὄψον
3831	μὲν
3832	γὰρ
3833	δὴ
3834	ὄντως
3835	ἔοικεν
3836	εἶναι
3837	,
3838	ὡς
3839	κρόμμυόν
3840	γε
3841	οὐ
3842	μόνον
3843	σῖτον
3844	ἀλλὰ
3845	καὶ
3846	ποτὸν
3847	ἡδύνει
3848	.
3849	εἰ
3850	δὲ
3851	δὴ
3852	τοῦτο
3853	καὶ
3854	μετὰ
3855	δεῖπνον
3856	τρωξόμεθα
3857	,
3858	ὅπως
3859	μὴ
3860	φήσῃ
3861	τις
3862	ἡμᾶς
3863	πρὸς
3864	Καλλίαν
3865	ἐλθόντας
3866	ἡδυπαθεῖν
3867	.
3868	μηδαμῶς
3869	,
3870	ἔφη
3871	,
3872	ὦ
3873	Σώκρατες
3874	.
3875	εἰς
3876	μὲν
3877	γὰρ
3878	μάχην
3879	ὁρμωμένῳ
3880	καλῶς
3881	ἔχει
3882	κρόμμυον
3883	ὑποτρώγειν
3884	,
3885	ὥσπερ
3886	ἔνιοι
3887	τοὺς
3888	ἀλεκτρυόνας
3889	σκόροδα
3890	σιτίσαντες
3891	συμβάλλουσιν
3892	·
3893	ἡμεῖς
3894	δὲ
3895	ἴσως
3896	βουλευόμεθα
3897	ὅπως
3898	φιλήσομέν
3899	τινα
3900	μᾶλλον
3901	ἢ
3902	μαχούμεθα
3903	.
3904	καὶ
3905	οὗτος
3906	μὲν
3907	δὴ
3908	ὁ
3909	λόγος
3910	οὕτω
3911	πως
3912	ἐπαύσατο
3913	.
3914	ὁ
3915	δὲ
3916	Κριτόβουλος
3917	,
3918	οὐκοῦν
3919	αὖ
3920	ἐγὼ
3921	λέξω
3922	,
3923	ἔφη
3924	,
3925	ἐξ
3926	ὧν
3927	ἐπὶ
3928	τῷ
3929	κάλλει
3930	μέγα
3931	φρονῶ
3932	.
3933	λέγε
3934	,
3935	ἔφασαν
3936	.
3937	εἰ
3938	μὲν
3939	τοίνυν
3940	μὴ
3941	καλός
3942	εἰμι
3943	,
3944	ὡς
3945	οἴομαι
3946	,
3947	ὑμεῖς
3948	ἂν
3949	δικαίως
3950	ἀπάτης
3951	δίκην
3952	ὑπέχοιτε
3953	·
3954	οὐδενὸς
3955	γὰρ
3956	ὁρκίζοντος
3957	ἀεὶ
3958	ὀμνύοντες
3959	καλόν
3960	μέ
3961	φατέ
3962	εἶναι
3963	.
3964	κ
3965	ἀγὼ
3966	μέντοι
3967	πιστεύω
3968	.
3969	καλοὺς
3970	γὰρ
3971	καὶ
3972	ἀγαθοὺς
3973	ὑμᾶς
3974	ἄνδρας
3975	νομίζω
3976	.
3977	εἰ
3978	δ’
3979	εἰμί
3980	τε
3981	τῷ
3982	ὄντι
3983	καλὸς
3984	καὶ
3985	ὑμεῖς
3986	τὰ
3987	αὐτὰ
3988	πρὸς
3989	ἐμὲ
3990	πάσχετε
3991	οἷάπερ
3992	ἐγὼ
3993	πρὸς
3994	τὸν
3995	ἐμοὶ
3996	δοκοῦντα
3997	καλὸν
3998	εἶναι
3999	,
4000	ὄμνυμι
4001	πάντας
4002	θεοὺς
4003	μὴ
4004	ἑλέσθαι
4005	ἂν
4006	τὴν
4007	βασιλέως
4008	ἀρχὴν
4009	ἀντὶ
4010	τοῦ
4011	καλὸς
4012	εἶναι
4013	.
4014	νῦν
4015	γὰρ
4016	ἐγὼ
4017	Κλεινίαν
4018	ἥδιον
4019	μὲν
4020	θεῶμαι
4021	ἢ
4022	τ
4023	ἆλλα
4024	πάντα
4025	τὰ
4026	ἐν
4027	ἀνθρώποις
4028	καλά
4029	·
4030	τυφλὸς
4031	δὲ
4032	τῶν
4033	ἄλλων
4034	ἁπάντων
4035	μᾶλλον
4036	δεξαίμην
4037	ἂν
4038	εἶναι
4039	ἢ
4040	Κλεινίου
4041	ἑνὸς
4042	ὄντος
4043	·
4044	ἄχθομαι
4045	δὲ
4046	καὶ
4047	νυκτὶ
4048	καὶ
4049	ὕπνῳ
4050	ὅτι
4051	ἐκεῖνον
4052	οὐχ
4053	ὁρῶ
4054	,
4055	ἡμέρᾳ
4056	δὲ
4057	καὶ
4058	ἡλίῳ
4059	τὴν
4060	μεγίστην
4061	χάριν
4062	οἶδα
4063	ὅτι
4064	μοι
4065	Κλεινίαν
4066	ἀναφαίνουσιν
4067	.
4068	ἄξιόν
4069	γε
4070	μὴν
4071	ἡμῖν
4072	τοῖς
4073	καλοῖς
4074	καὶ
4075	ἐπὶ
4076	τοῖσδε
4077	μέγα
4078	φρονεῖν
4079	,
4080	ὅτι
4081	τὸν
4082	μὲν
4083	ἰσχυρὸν
4084	πονοῦντα
4085	δεῖ
4086	κτᾶσθαι
4087	τ
4088	ἀγαθὰ
4089	καὶ
4090	τὸν
4091	ἀνδρεῖον
4092	κινδυνεύοντα
4093	,
4094	τὸν
4095	δέ
4096	γε
4097	σοφὸν
4098	λέγοντα
4099	·
4100	ὁ
4101	δὲ
4102	καλὸς
4103	καὶ
4104	ἡσυχίαν
4105	ἔχων
4106	πάντ’
4107	ἂν
4108	διαπράξαιτο
4109	.
4110	ἐγὼ
4111	γοῦν
4112	καίπερ
4113	εἰδὼς
4114	ὅτι
4115	χρήματα
4116	ἡδὺ
4117	κτῆμα
4118	ἥδιον
4119	μὲν
4120	ἂν
4121	Κλεινίᾳ
4122	τὰ
4123	ὄντα
4124	διδοίην
4125	ἢ
4126	ἕτερα
4127	παρ’
4128	ἄλλου
4129	λαμβάνοιμι
4130	,
4131	ἥδιον
4132	δ’
4133	ἂν
4134	δουλεύοιμι
4135	ἢ
4136	ἐλεύθερος
4137	εἴην
4138	,
4139	εἴ
4140	μου
4141	Κλεινίας
4142	ἄρχειν
4143	ἐθέλοι
4144	.
4145	καὶ
4146	γὰρ
4147	πονοίην
4148	ἂν
4149	ῥᾷον
4150	ἐκείνῳ
4151	ἢ
4152	ἀναπαυοίμην
4153	,
4154	καὶ
4155	κινδυνεύοιμ’
4156	ἂν
4157	πρὸ
4158	ἐκείνου
4159	ἥδιον
4160	ἢ
4161	ἀκίνδυνος
4162	ζῴην
4163	.
4164	ὥστε
4165	εἰ
4166	σύ
4167	,
4168	ὦ
4169	Καλλία
4170	,
4171	μέγα
4172	φρονεῖς
4173	ὅτι
4174	δικαιοτέρους
4175	δύνασαι
4176	ποιεῖν
4177	,
4178	ἐγὼ
4179	πρὸς
4180	πᾶσαν
4181	ἀρετὴν
4182	δικαιότερος
4183	σοῦ
4184	εἰμι
4185	ἄγων
4186	ἀνθρώπους
4187	.
4188	διὰ
4189	γὰρ
4190	τὸ
4191	ἐμπνεῖν
4192	τι
4193	ἡμᾶς
4194	τοὺς
4195	καλοὺς
4196	τοῖς
4197	ἐρωτικοῖς
4198	ἐλευθεριωτέρους
4199	μὲν
4200	αὐτοὺς
4201	ποιοῦμεν
4202	εἰς
4203	χρήματα
4204	,
4205	φιλοπονωτέρους
4206	δὲ
4207	καὶ
4208	φιλοκαλωτέρους
4209	ἐν
4210	τοῖς
4211	κινδύνοις
4212	,
4213	καὶ
4214	μὴν
4215	αἰδημονεστέρους
4216	τε
4217	καὶ
4218	ἐγκρατεστέρους
4219	,
4220	οἵ
4221	γε
4222	καὶ
4223	ὧν
4224	δέονται
4225	μάλιστα
4226	ταῦτ’
4227	αἰσχύνονται
4228	.
4229	μαίνονται
4230	δὲ
4231	καὶ
4232	οἱ
4233	μὴ
4234	τοὺς
4235	καλοὺς
4236	στρατηγοὺς
4237	αἱρούμενοι
4238	.
4239	ἐγὼ
4240	γοῦν
4241	μετὰ
4242	Κλεινίου
4243	κ
4244	ἂν
4245	διὰ
4246	πυρὸς
4247	ἰοίην
4248	·
4249	οἶδα
4250	δ’
4251	ὅτι
4252	καὶ
4253	ὑμεῖς
4254	μετ’
4255	ἐμοῦ
4256	.
4257	ὥστε
4258	μηκέτι
4259	ἀπόρει
4260	,
4261	ὦ
4262	Σώκρατες
4263	,
4264	εἴ
4265	τι
4266	τ
4267	οὐμὸν
4268	κάλλος
4269	ἀνθρώπους
4270	ὠφελήσει
4271	.
4272	ἀλλ’
4273	οὐ
4274	δὲ
4275	μέντοι
4276	ταύτῃ
4277	γε
4278	ἀτιμαστέον
4279	τὸ
4280	κάλλος
4281	ὡς
4282	ταχὺ
4283	παρακμάζον
4284	,
4285	ἐπεὶ
4286	ὥσπερ
4287	γε
4288	παῖς
4289	γίγνεται
4290	καλός
4291	,
4292	οὕτω
4293	καὶ
4294	μειράκιον
4295	καὶ
4296	ἀνὴρ
4297	καὶ
4298	πρεσβύτης
4299	.
4300	τεκμήριον
4301	δέ
4302	·
4303	θαλλοφόρους
4304	γὰρ
4305	τῇ
4306	Ἀθηνᾷ
4307	τοὺς
4308	καλοὺς
4309	γέροντας
4310	ἐκλέγονται
4311	,
4312	ὡς
4313	συμπαρομαρτοῦντος
4314	πάσῃ
4315	ἡλικίᾳ
4316	τοῦ
4317	κάλλους
4318	.
4319	εἰ
4320	δὲ
4321	ἡδὺ
4322	τὸ
4323	παρ’
4324	ἑκόντων
4325	διαπράττεσθαι
4326	ὧν
4327	τις
4328	δέοιτο
4329	,
4330	εὖ
4331	οἶδ’
4332	ὅτι
4333	καὶ
4334	νυνὶ
4335	θᾶττον
4336	ἂν
4337	ἐγὼ
4338	καὶ
4339	σιωπῶν
4340	πείσαιμι
4341	τὸν
4342	παῖδα
4343	τόνδε
4344	καὶ
4345	τὴν
4346	παῖδα
4347	φιλῆσαί
4348	με
4349	ἢ
4350	σύ
4351	,
4352	ὦ
4353	Σώκρατες
4354	,
4355	εἰ
4356	καὶ
4357	πάνυ
4358	πολλὰ
4359	καὶ
4360	σοφὰ
4361	λέγοις
4362	.
4363	τί
4364	τοῦτο
4365	;
4366	ἔφη
4367	ὁ
4368	Σωκράτης
4369	·
4370	ὡς
4371	γὰρ
4372	καὶ
4373	ἐμοῦ
4374	καλλίων
4375	ὢν
4376	ταῦτα
4377	κομπάζεις
4378	.
4379	νὴ
4380	Δί’
4381	,
4382	ἔφη
4383	ὁ
4384	Κριτόβουλος
4385	,
4386	ἢ
4387	πάντων
4388	Σειληνῶν
4389	τῶν
4390	ἐν
4391	τοῖς
4392	σατυρικοῖς
4393	αἴσχιστος
4394	ἂν
4395	εἴην
4396	.
4397	ὁ
4398	δὲ
4399	Σωκράτης
4400	καὶ
4401	ἐτύγχανε
4402	προσεμφερὴς
4403	τούτοις
4404	ὤν
4405	.
4406	ἄγε
4407	νυν
4408	,
4409	ἔφη
4410	ὁ
4411	Σωκράτης
4412	,
4413	ὅπως
4414	μεμνήσῃ
4415	διακριθῆναι
4416	περὶ
4417	τοῦ
4418	κάλλους
4419	,
4420	ἐπειδὰν
4421	οἱ
4422	προκείμενοι
4423	λόγοι
4424	περιέλθωσι
4425	.
4426	κρινάτω
4427	δ’
4428	ἡμᾶς
4429	μὴ
4430	Ἀλέξανδρος
4431	ὁ
4432	Πριάμου
4433	,
4434	ἀλλ’
4435	αὐτοὶ
4436	οὗτοι
4437	οὕσπερ
4438	σὺ
4439	οἴει
4440	ἐπιθυμεῖν
4441	σε
4442	φιλῆσαι
4443	.
4444	Κλεινίᾳ
4445	δ’
4446	,
4447	ἔφη
4448	,
4449	ὦ
4450	Σώκρατες
4451	,
4452	οὐκ
4453	ἂν
4454	ἐπιτρέψαις
4455	;
4456	καὶ
4457	ὃς
4458	εἶπεν
4459	·
4460	οὐ
4461	γὰρ
4462	παύσῃ
4463	σὺ
4464	Κλεινίου
4465	μεμνημένος
4466	;
4467	ἂν
4468	δὲ
4469	μὴ
4470	ὀνομάζω
4471	,
4472	ἧττόν
4473	τί
4474	με
4475	οἴει
4476	μεμνῆσθαι
4477	αὐτοῦ
4478	;
4479	οὐκ
4480	οἶσθα
4481	ὅτι
4482	οὕτω
4483	σαφὲς
4484	ἔχω
4485	εἴδωλον
4486	αὐτοῦ
4487	ἐν
4488	τῇ
4489	ψυχῇ
4490	ὡς
4491	εἰ
4492	πλαστικὸς
4493	ἢ
4494	ζωγραφικὸς
4495	ἦν
4496	,
4497	οὐδὲν
4498	ἂν
4499	ἧττον
4500	ἐκ
4501	τοῦ
4502	εἰδώλου
4503	ἢ
4504	πρὸς
4505	αὐτὸν
4506	ὁρῶν
4507	ὅμοιον
4508	αὐτῷ
4509	ἀπειργασάμην
4510	;
4511	καὶ
4512	ὁ
4513	Σωκράτης
4514	ὑπέλαβε
4515	·
4516	τί
4517	δῆτα
4518	οὕτως
4519	ὅμοιον
4520	εἴδωλον
4521	ἔχων
4522	πράγματά
4523	μοι
4524	παρέχεις
4525	ἄγεις
4526	τε
4527	αὐτὸν
4528	ὅπου
4529	ὄψει
4530	;
4531	ὅτι
4532	,
4533	ὦ
4534	Σώκρατες
4535	,
4536	ἡ
4537	μὲν
4538	αὐτοῦ
4539	ὄψις
4540	εὐφραίνειν
4541	δύναται
4542	,
4543	ἡ
4544	δὲ
4545	τοῦ
4546	εἰδώλου
4547	τέρψιν
4548	μὲν
4549	οὐ
4550	παρέχει
4551	,
4552	πόθον
4553	δὲ
4554	ἐμποιεῖ
4555	.
4556	καὶ
4557	ὁ
4558	Ἑρμογένης
4559	εἶπεν
4560	·
4561	ἀλλ’
4562	ἐγώ
4563	,
4564	ὦ
4565	Σώκρατες
4566	,
4567	οὐ
4568	δὲ
4569	πρὸς
4570	σοῦ
4571	ποιῶ
4572	τὸ
4573	περιιδεῖν
4574	Κριτόβουλον
4575	οὕτως
4576	ὑπὸ
4577	τοῦ
4578	ἔρωτος
4579	ἐκπλαγέντα
4580	.
4581	δοκεῖς
4582	γάρ
4583	,
4584	ἔφη
4585	ὁ
4586	Σωκράτης
4587	,
4588	ἐξ
4589	οὗ
4590	ἐμοὶ
4591	σύνεστιν
4592	οὕτω
4593	διατεθῆναι
4594	αὐτόν
4595	;
4596	ἀλλὰ
4597	πότε
4598	μήν
4599	;
4600	οὐχ
4601	ὁρᾷς
4602	ὅτι
4603	τούτῳ
4604	μὲν
4605	παρὰ
4606	τὰ
4607	ὦτα
4608	ἄρτι
4609	ἴουλος
4610	καθέρπει
4611	,
4612	Κλεινίᾳ
4613	δὲ
4614	πρὸς
4615	τὸ
4616	ὄπισθεν
4617	ἤδη
4618	ἀναβαίνει
4619	;
4620	οὗτος
4621	οὖν
4622	συμφοιτῶν
4623	εἰς
4624	τ
4625	αὐτὸ
4626	διδασκαλεῖον
4627	ἐκείνῳ
4628	τότε
4629	ἰσχυρῶς
4630	προσεκαύθη
4631	.
4632	ἃ
4633	δὴ
4634	αἰσθόμενος
4635	ὁ
4636	πατὴρ
4637	παρέδωκέ
4638	μοι
4639	αὐτόν
4640	,
4641	εἴ
4642	τι
4643	δυναίμην
4644	ὠφελῆσαι
4645	.
4646	καὶ
4647	μέντοι
4648	πολὺ
4649	βέλτιον
4650	ἤδη
4651	ἔχει
4652	.
4653	πρόσθεν
4654	μὲν
4655	γάρ
4656	,
4657	ὥσπερ
4658	οἱ
4659	τὰς
4660	Γοργόνας
4661	θεώμενοι
4662	,
4663	λιθίνως
4664	ἔβλεπε
4665	πρὸς
4666	αὐτὸν
4667	καὶ
4668	λιθίνως
4669	οὐδαμοῦ
4670	ἀπῄει
4671	ἀπ’
4672	αὐτοῦ
4673	·
4674	νῦν
4675	δὲ
4676	ἤδη
4677	εἶδον
4678	αὐτὸν
4679	καὶ
4680	σκαρδαμύξαντα
4681	.
4682	καίτοι
4683	νὴ
4684	τοὺς
4685	θεούς
4686	,
4687	ὦ
4688	ἄνδρες
4689	,
4690	δοκεῖ
4691	μοί
4692	γ’
4693	,
4694	ἔφη
4695	,
4696	ὡς
4697	ἐν
4698	ἡμῖν
4699	αὐτοῖς
4700	εἰρῆσθαι
4701	,
4702	οὗτος
4703	καὶ
4704	πεφιληκέναι
4705	τὸν
4706	Κλεινίαν
4707	·
4708	οὗ
4709	ἔρωτος
4710	οὐδέν
4711	ἐστι
4712	δεινότερον
4713	ὑπέκκαυμα
4714	.
4715	καὶ
4716	γὰρ
4717	ἄπληστον
4718	καὶ
4719	ἐλπίδας
4720	τινὰς
4721	γλυκείας
4722	παρέχει
4723	.
4724	ἴσως
4725	δὲ
4726	καὶ
4727	διὰ
4728	τὸ
4729	μόνον
4730	πάντων
4731	ἔργων
4732	τὸ
4733	τοῖς
4734	σώμασι
4735	συμψαύειν
4736	ὁμώνυμον
4737	εἶναι
4738	τῷ
4739	ταῖς
4740	ψυχαῖς
4741	φιλεῖσθαι
4742	ἐντιμότερόν
4743	ἐστιν
4744	.
4745	οὗ
4746	ἕνεκα
4747	ἀφεκτέον
4748	ἐγώ
4749	φημι
4750	εἶναι
4751	φιλημάτων
4752	τῶν
4753	ὡραίων
4754	τῷ
4755	σωφρονεῖν
4756	δυνησομένῳ
4757	.
4758	καὶ
4759	ὁ
4760	Χαρμίδης
4761	εἶπεν
4762	·
4763	ἀλλὰ
4764	τί
4765	δή
4766	ποτε
4767	,
4768	ὦ
4769	Σώκρατες
4770	,
4771	ἡμᾶς
4772	μὲν
4773	οὕτω
4774	τοὺς
4775	φίλους
4776	μορμολύττῃ
4777	ἀπὸ
4778	τῶν
4779	καλῶν
4780	,
4781	αὐτὸν
4782	δέ
4783	σε
4784	,
4785	ἔφη
4786	,
4787	ἐγὼ
4788	εἶδον
4789	ναὶ
4790	μὰ
4791	τὸν
4792	Ἀπόλλω
4793	,
4794	ὅτε
4795	παρὰ
4796	τῷ
4797	γραμματιστῇ
4798	ἐν
4799	τῷ
4800	αὐτῷ
4801	βιβλίῳ
4802	ἀμφότεροι
4803	ἐμαστεύετέ
4804	τι
4805	,
4806	τὴν
4807	κεφαλὴν
4808	πρὸς
4809	τῇ
4810	κεφαλῇ
4811	καὶ
4812	τὸν
4813	ὦμον
4814	γυμνὸν
4815	πρὸς
4816	γυμνῷ
4817	τῷ
4818	Κριτοβούλου
4819	ὤμῳ
4820	ἔχοντα
4821	.
4822	καὶ
4823	ὁ
4824	Σωκράτης
4825	,
4826	φεῦ
4827	,
4828	ἔφη
4829	,
4830	ταῦτ’
4831	ἄρα
4832	,
4833	ἔφη
4834	,
4835	ἐγὼ
4836	ὥσπερ
4837	ὑπὸ
4838	θηρίου
4839	τινὸς
4840	δεδηγμένος
4841	τόν
4842	τε
4843	ὦμον
4844	πλεῖν
4845	ἢ
4846	πέντε
4847	ἡμέρας
4848	ὤδαξον
4849	καὶ
4850	ἐν
4851	τῇ
4852	καρδίᾳ
4853	ὥσπερ
4854	κνῆσμά
4855	τι
4856	ἐδόκουν
4857	ἔχειν
4858	.
4859	ἀλλὰ
4860	νῦν
4861	τοί
4862	σοι
4863	,
4864	ἔφη
4865	,
4866	ὦ
4867	Κριτόβουλε
4868	,
4869	ἐναντίον
4870	τοσούτων
4871	μαρτύρων
4872	προαγορεύω
4873	μὴ
4874	ἅπτεσθαί
4875	μου
4876	πρὶν
4877	ἂν
4878	τὸ
4879	γένειον
4880	τῇ
4881	κεφαλῇ
4882	ὁμοίως
4883	κομήσῃς
4884	.
4885	Καὶ
4886	οὗτοι
4887	μὲν
4888	δὴ
4889	οὕτως
4890	ἀναμὶξ
4891	ἔσκωψάν
4892	τε
4893	καὶ
4894	ἐσπούδασαν
4895	.
4896	ὁ
4897	δὲ
4898	Καλλίας
4899	,
4900	σὸν
4901	μέρος
4902	,
4903	ἔφη
4904	,
4905	λέγειν
4906	,
4907	ὦ
4908	Χαρμίδη
4909	,
4910	δι’
4911	ὅ
4912	τι
4913	ἐπὶ
4914	πενίᾳ
4915	μέγα
4916	φρονεῖς
4917	.
4918	οὐκοῦν
4919	τόδε
4920	μέν
4921	,
4922	ἔφη
4923	,
4924	ὁμολογεῖται
4925	,
4926	κρεῖττον
4927	εἶναι
4928	θαρρεῖν
4929	ἢ
4930	φοβεῖσθαι
4931	καὶ
4932	ἐλεύθερον
4933	εἶναι
4934	μᾶλλον
4935	ἢ
4936	δουλεύειν
4937	καὶ
4938	θεραπεύεσθαι
4939	μᾶλλον
4940	ἢ
4941	θεραπεύειν
4942	καὶ
4943	πιστεύεσθαι
4944	ὑπὸ
4945	τῆς
4946	πατρίδος
4947	μᾶλλον
4948	ἢ
4949	ἀπιστεῖσθαι
4950	.
4951	ἐγὼ
4952	τοίνυν
4953	ἐν
4954	τῇδε
4955	τῇ
4956	πόλει
4957	ὅτε
4958	μὲν
4959	πλούσιος
4960	ἦν
4961	πρῶτον
4962	μὲν
4963	ἐφοβούμην
4964	μή
4965	τίς
4966	μου
4967	τὴν
4968	οἰκίαν
4969	διορύξας
4970	καὶ
4971	τὰ
4972	χρήματα
4973	λάβοι
4974	καὶ
4975	αὐτόν
4976	τί
4977	με
4978	κακὸν
4979	ἐργάσαιτο
4980	·
4981	ἔπειτα
4982	δὲ
4983	καὶ
4984	τοὺς
4985	συκοφάντας
4986	ἐθεράπευον
4987	,
4988	εἰδὼς
4989	ὅτι
4990	παθεῖν
4991	μᾶλλον
4992	κακῶς
4993	ἱκανὸς
4994	εἴην
4995	ἢ
4996	ποιῆσαι
4997	ἐκείνους
4998	.
4999	καὶ
5000	γὰρ
5001	δὴ
5002	καὶ
5003	προσετάττετο
5004	μὲν
5005	ἀεί
5006	τί
5007	μοι
5008	δαπανᾶν
5009	ὑπὸ
5010	τῆς
5011	πόλεως
5012	,
5013	ἀποδημῆσαι
5014	δὲ
5015	οὐδαμοῦ
5016	ἐξῆν
5017	.
5018	νῦν
5019	δ’
5020	ἐπειδὴ
5021	τῶν
5022	ὑπερορίων
5023	στέρομαι
5024	καὶ
5025	τὰ
5026	ἔγγεια
5027	οὐ
5028	καρποῦμαι
5029	καὶ
5030	τὰ
5031	ἐκ
5032	τῆς
5033	οἰκίας
5034	πέπραται
5035	,
5036	ἡδέως
5037	μὲν
5038	καθεύδω
5039	ἐκτεταμένος
5040	,
5041	πιστὸς
5042	δὲ
5043	τῇ
5044	πόλει
5045	γεγένημαι
5046	,
5047	οὐκέτι
5048	δὲ
5049	ἀπειλοῦμαι
5050	,
5051	ἀλλ’
5052	ἤδη
5053	ἀπειλῶ
5054	ἄλλοις
5055	,
5056	ὡς
5057	ἐλευθέρῳ
5058	τε
5059	ἔξεστί
5060	μοι
5061	καὶ
5062	ἀποδημεῖν
5063	καὶ
5064	ἐπιδημεῖν
5065	·
5066	ὑπανίστανται
5067	δέ
5068	μοι
5069	ἤδη
5070	καὶ
5071	θάκων
5072	καὶ
5073	ὁδῶν
5074	ἐξίστανται
5075	οἱ
5076	πλούσιοι
5077	.
5078	καὶ
5079	εἰμὶ
5080	νῦν
5081	μὲν
5082	τυράννῳ
5083	ἐοικώς
5084	,
5085	τότε
5086	δὲ
5087	σαφῶς
5088	δοῦλος
5089	ἦν
5090	·
5091	καὶ
5092	τότε
5093	μὲν
5094	ἐγὼ
5095	φόρον
5096	ἀπέφερον
5097	τῷ
5098	δήμῳ
5099	,
5100	νῦν
5101	δὲ
5102	ἡ
5103	πόλις
5104	τέλος
5105	φέρουσα
5106	τρέφει
5107	με
5108	.
5109	ἀλλὰ
5110	καὶ
5111	Σωκράτει
5112	,
5113	ὅτε
5114	μὲν
5115	πλούσιος
5116	ἦν
5117	,
5118	ἐλοιδόρουν
5119	με
5120	ὅτι
5121	συνῆν
5122	,
5123	νῦν
5124	δ’
5125	ἐπεὶ
5126	πένης
5127	γεγένημαι
5128	,
5129	οὐκέτι
5130	οὐδὲν
5131	μέλει
5132	οὐδενί
5133	.
5134	καὶ
5135	μὴν
5136	ὅτε
5137	μέν
5138	γε
5139	πολλὰ
5140	εἶχον
5141	,
5142	ἀεί
5143	τι
5144	ἀπέβαλλον
5145	ἢ
5146	ὑπὸ
5147	τῆς
5148	πόλεως
5149	ἢ
5150	ὑπὸ
5151	τῆς
5152	τύχης
5153	·
5154	νῦν
5155	δὲ
5156	ἀποβάλλω
5157	μὲν
5158	οὐδέν
5159	(
5160	οὐ
5161	δὲ
5162	γὰρ
5163	ἔχω
5164	)
5165	,
5166	ἀεὶ
5167	δέ
5168	τι
5169	λήψεσθαι
5170	ἐλπίζω
5171	.
5172	οὐκοῦν
5173	,
5174	ἔφη
5175	ὁ
5176	Καλλίας
5177	,
5178	καὶ
5179	εὔχῃ
5180	μηδέποτε
5181	πλουτεῖν
5182	,
5183	καὶ
5184	ἐάν
5185	τι
5186	ὄναρ
5187	ἀγαθὸν
5188	ἴδῃς
5189	,
5190	τοῖς
5191	ἀποτροπαίοις
5192	θύεις
5193	;
5194	μὰ
5195	Δία
5196	τοῦτο
5197	μέντοι
5198	,
5199	ἔφη
5200	,
5201	ἐγὼ
5202	οὐ
5203	ποιῶ
5204	,
5205	ἀλλὰ
5206	μάλα
5207	φιλοκινδύνως
5208	ὑπομένω
5209	,
5210	ἄν
5211	ποθέν
5212	τι
5213	ἐλπίζω
5214	λήψεσθαι
5215	.
5216	ἀλλ’
5217	ἄγε
5218	δή
5219	,
5220	ἔφη
5221	ὁ
5222	Σωκράτης
5223	,
5224	σὺ
5225	αὖ
5226	λέγε
5227	ἡμῖν
5228	,
5229	ὦ
5230	Ἀντίσθενες
5231	,
5232	πῶς
5233	οὕτω
5234	βραχέα
5235	ἔχων
5236	μέγα
5237	φρονεῖς
5238	ἐπὶ
5239	πλούτῳ
5240	.
5241	ὅτι
5242	νομίζω
5243	,
5244	ὦ
5245	ἄνδρες
5246	,
5247	τοὺς
5248	ἀνθρώπους
5249	οὐκ
5250	ἐν
5251	τῷ
5252	οἴκῳ
5253	τὸν
5254	πλοῦτον
5255	καὶ
5256	τὴν
5257	πενίαν
5258	ἔχειν
5259	ἀλλ’
5260	ἐν
5261	ταῖς
5262	ψυχαῖς
5263	.
5264	ὁρῶ
5265	γὰρ
5266	πολλοὺς
5267	μὲν
5268	ἰδιώτας
5269	,
5270	οἳ
5271	πάνυ
5272	πολλὰ
5273	ἔχοντες
5274	χρήματα
5275	οὕτω
5276	πένεσθαι
5277	ἡγοῦνται
5278	ὥστε
5279	πάντα
5280	μὲν
5281	πόνον
5282	,
5283	πάντα
5284	δὲ
5285	κίνδυνον
5286	ὑποδύονται
5287	,
5288	ἐφ’
5289	ᾧ
5290	πλείω
5291	κτήσονται
5292	,
5293	οἶδα
5294	δὲ
5295	καὶ
5296	ἀδελφούς
5297	,
5298	οἳ
5299	τὰ
5300	ἴσα
5301	λαχόντες
5302	ὁ
5303	μὲν
5304	αὐτῶν
5305	τ
5306	ἀρκοῦντα
5307	ἔχει
5308	καὶ
5309	περιττεύοντα
5310	τῆς
5311	δαπάνης
5312	,
5313	ὁ
5314	δὲ
5315	τοῦ
5316	παντὸς
5317	ἐνδεῖται
5318	·
5319	αἰσθάνομαι
5320	δὲ
5321	καὶ
5322	τυράννους
5323	τινάς
5324	,
5325	οἳ
5326	οὕτω
5327	πεινῶσι
5328	χρημάτων
5329	ὥστε
5330	ποιοῦσι
5331	πολὺ
5332	δεινότερα
5333	τῶν
5334	ἀπορωτάτων
5335	·
5336	δι’
5337	ἔνδειαν
5338	μὲν
5339	γὰρ
5340	δήπου
5341	οἱ
5342	μὲν
5343	κλέπτουσιν
5344	,
5345	οἱ
5346	δὲ
5347	τοιχωρυχοῦσιν
5348	,
5349	οἱ
5350	δὲ
5351	ἀνδραποδίζονται
5352	·
5353	τύραννοι
5354	δ’
5355	εἰσί
5356	τινες
5357	οἳ
5358	ὅλους
5359	μὲν
5360	οἴκους
5361	ἀναιροῦσιν
5362	,
5363	ἁθρόους
5364	δ’
5365	ἀποκτείνουσι
5366	,
5367	πολλάκις
5368	δὲ
5369	καὶ
5370	ὅλας
5371	πόλεις
5372	χρημάτων
5373	ἕνεκα
5374	ἐξανδραποδίζονται
5375	.
5376	τούτους
5377	μὲν
5378	οὖν
5379	ἔγωγε
5380	καὶ
5381	πάνυ
5382	οἰκτίρω
5383	τῆς
5384	ἄγαν
5385	χαλεπῆς
5386	νόσου
5387	.
5388	ὅμοια
5389	γάρ
5390	μοι
5391	δοκοῦσι
5392	πάσχειν
5393	ὥσπερ
5394	εἴ
5395	τις
5396	πολλὰ
5397	ἔχοι
5398	καὶ
5399	πολλὰ
5400	ἐσθίων
5401	μηδέποτε
5402	ἐμπίμπλαιτο
5403	.
5404	ἐγὼ
5405	δὲ
5406	οὕτω
5407	μὲν
5408	πολλὰ
5409	ἔχω
5410	ὡς
5411	μόλις
5412	αὐτὰ
5413	καὶ
5414	ἐγὼ
5415	ἂν
5416	αὐτὸς
5417	εὑρίσκω
5418	·
5419	ὅμως
5420	δὲ
5421	περίεστί
5422	μοι
5423	καὶ
5424	ἐσθίοντι
5425	ἄχρι
5426	τοῦ
5427	μὴ
5428	πεινῆν
5429	ἀφικέσθαι
5430	καὶ
5431	πίνοντι
5432	μέχρι
5433	τοῦ
5434	μὴ
5435	διψῆν
5436	καὶ
5437	ἀμφιέννυσθαι
5438	ὥστε
5439	ἔξω
5440	μὲν
5441	μηδὲν
5442	μᾶλλον
5443	Καλλίου
5444	τούτου
5445	τοῦ
5446	πλουσιωτάτου
5447	ῥιγοῦν
5448	·
5449	ἐπειδάν
5450	γε
5451	μὴν
5452	ἐν
5453	τῇ
5454	οἰκίᾳ
5455	γένωμαι
5456	,
5457	πάνυ
5458	μὲν
5459	ἀλεεινοὶ
5460	χιτῶνες
5461	οἱ
5462	τοῖχοί
5463	μοι
5464	δοκοῦσιν
5465	εἶναι
5466	,
5467	πάνυ
5468	δὲ
5469	παχεῖαι
5470	ἐφεστρίδες
5471	οἱ
5472	ὄροφοι
5473	,
5474	στρωμνήν
5475	γε
5476	μὴν
5477	οὕτως
5478	ἀρκοῦσαν
5479	ἔχω
5480	ὥστ’
5481	ἔργον
5482	μέγ’
5483	ἐστὶ
5484	καὶ
5485	ἀνεγεῖραι
5486	.
5487	ἂν
5488	δέ
5489	ποτε
5490	καὶ
5491	ἀφροδισιάσαι
5492	τὸ
5493	σῶμά
5494	μου
5495	δεηθῇ
5496	,
5497	οὕτω
5498	μοι
5499	τὸ
5500	παρὸν
5501	ἀρκεῖ
5502	ὥστε
5503	αἷς
5504	ἂν
5505	προσέλθω
5506	ὑπερασπάζονταί
5507	με
5508	διὰ
5509	τὸ
5510	μηδένα
5511	ἄλλον
5512	αὐταῖς
5513	ἐθέλειν
5514	προσιέναι
5515	.
5516	καὶ
5517	πάντα
5518	τοίνυν
5519	ταῦτα
5520	οὕτως
5521	ἡδέα
5522	μοι
5523	δοκεῖ
5524	εἶναι
5525	ὡς
5526	μᾶλλον
5527	μὲν
5528	ἥδεσθαι
5529	ποιῶν
5530	ἕκαστα
5531	αὐτῶν
5532	οὐκ
5533	ἂν
5534	εὐξαίμην
5535	,
5536	ἧττον
5537	δέ
5538	·
5539	οὕτω
5540	μοι
5541	δοκεῖ
5542	ἔνια
5543	αὐτῶν
5544	ἡδίω
5545	εἶναι
5546	τοῦ
5547	συμφέροντος
5548	.
5549	πλείστου
5550	δ’
5551	ἄξιον
5552	κτῆμα
5553	ἐν
5554	τῷ
5555	ἐμῷ
5556	πλούτῳ
5557	λογίζομαι
5558	εἶναι
5559	ἐκεῖνο
5560	,
5561	ὅτι
5562	εἴ
5563	μού
5564	τις
5565	καὶ
5566	τὰ
5567	νῦν
5568	ὄντα
5569	παρέλοιτο
5570	,
5571	οὐδὲν
5572	οὕτως
5573	ὁρῶ
5574	φαῦλον
5575	ἔργον
5576	ὁποῖον
5577	οὐκ
5578	ἀρκοῦσαν
5579	ἂν
5580	τροφὴν
5581	ἐμοὶ
5582	παρέχοι
5583	.
5584	καὶ
5585	γὰρ
5586	ὅταν
5587	ἡδυπαθῆσαι
5588	βουληθῶ
5589	,
5590	οὐκ
5591	ἐκ
5592	τῆς
5593	ἀγορᾶς
5594	τὰ
5595	τίμια
5596	ὠνοῦμαι
5597	(
5598	πολυτελῆ
5599	γὰρ
5600	γίγνεται
5601	)
5602	,
5603	ἀλλ’
5604	ἐκ
5605	τῆς
5606	ψυχῆς
5607	ταμιεύομαι
5608	.
5609	καὶ
5610	πολὺ
5611	πλέον
5612	διαφέρει
5613	πρὸς
5614	ἡδονήν
5615	,
5616	ὅταν
5617	ἀναμείνας
5618	τὸ
5619	δεηθῆναι
5620	προσφέρωμαι
5621	ἢ
5622	ὅταν
5623	τινὶ
5624	τῶν
5625	τιμίων
5626	χρῶμαι
5627	,
5628	ὥσπερ
5629	καὶ
5630	νῦν
5631	τῷδε
5632	τῷ
5633	Θασίῳ
5634	οἴνῳ
5635	ἐντυχὼν
5636	οὐ
5637	διψῶν
5638	πίνω
5639	αὐτόν
5640	.
5641	ἀλλὰ
5642	μὴν
5643	καὶ
5644	πολὺ
5645	δικαιοτέρους
5646	γε
5647	εἰκὸς
5648	εἶναι
5649	τοὺς
5650	εὐτέλειαν
5651	μᾶλλον
5652	ἢ
5653	πολυχρηματίαν
5654	σκοποῦντας
5655	.
5656	οἷς
5657	γὰρ
5658	μάλιστα
5659	τὰ
5660	παρόντα
5661	ἀρκεῖ
5662	ἥκιστα
5663	τῶν
5664	ἀλλοτρίων
5665	ὀρέγονται
5666	.
5667	ἄξιον
5668	δ’
5669	ἐννοῆσαι
5670	ὡς
5671	καὶ
5672	ἐλευθερίους
5673	ὁ
5674	τοιοῦτος
5675	πλοῦτος
5676	παρέχεται
5677	.
5678	Σωκράτης
5679	τε
5680	γὰρ
5681	οὗτος
5682	παρ’
5683	οὗ
5684	ἐγὼ
5685	τοῦτον
5686	ἐκτησάμην
5687	οὔτ’
5688	ἀριθμῷ
5689	οὔ
5690	τε
5691	σταθμῷ
5692	ἐπήρκει
5693	μοι
5694	,
5695	ἀλλ’
5696	ὁπόσον
5697	ἐδυνάμην
5698	φέρεσθαι
5699	,
5700	τοσοῦτόν
5701	μοι
5702	παρεδίδου
5703	·
5704	ἐγώ
5705	τε
5706	νῦν
5707	οὐδενὶ
5708	φθονῶ
5709	,
5710	ἀλλὰ
5711	πᾶσι
5712	τοῖς
5713	φίλοις
5714	καὶ
5715	ἐπιδεικνύω
5716	τὴν
5717	ἀφθονίαν
5718	καὶ
5719	μεταδίδωμι
5720	τῷ
5721	βουλομένῳ
5722	τοῦ
5723	ἐν
5724	τῇ
5725	ἐμῇ
5726	ψυχῇ
5727	πλούτου
5728	.
5729	καὶ
5730	μὴν
5731	καὶ
5732	τὸ
5733	ἁβρότατόν
5734	γε
5735	κτῆμα
5736	,
5737	τὴν
5738	σχολὴν
5739	ἀεὶ
5740	ὁρᾶτέ
5741	μοι
5742	παροῦσαν
5743	,
5744	ὥστε
5745	καὶ
5746	θεᾶσθαι
5747	τὰ
5748	ἀξιοθέατα
5749	καὶ
5750	ἀκούειν
5751	τὰ
5752	ἀξιάκουστα
5753	καὶ
5754	ὃ
5755	πλείστου
5756	ἐγὼ
5757	τιμῶμαι
5758	,
5759	Σωκράτει
5760	σχολάζων
5761	συνδιημερεύειν
5762	.
5763	καὶ
5764	οὗτος
5765	δὲ
5766	οὐ
5767	τοὺς
5768	πλεῖστον
5769	ἀριθμοῦντας
5770	χρυσίον
5771	θαυμάζει
5772	,
5773	ἀλλ’
5774	οἳ
5775	ἂν
5776	αὐτῷ
5777	ἀρέσκωσι
5778	τούτοις
5779	συνὼν
5780	διατελεῖ
5781	.
5782	οὗτος
5783	μὲν
5784	οὖν
5785	οὕτως
5786	εἶπεν
5787	.
5788	ὁ
5789	δὲ
5790	Καλλίας
5791	,
5792	νὴ
5793	τὴν
5794	Ἥραν
5795	,
5796	ἔφη
5797	,
5798	τά
5799	τε
5800	ἄλλα
5801	ζηλῶ
5802	σε
5803	τοῦ
5804	πλούτου
5805	καὶ
5806	ὅτι
5807	οὔ
5808	τε
5809	ἡ
5810	πόλις
5811	σοι
5812	ἐπιτάττουσα
5813	ὡς
5814	δούλῳ
5815	χρῆται
5816	οὔ
5817	τε
5818	οἱ
5819	ἄνθρωποι
5820	,
5821	ἂν
5822	μὴ
5823	δανείσῃς
5824	,
5825	ὀργίζονται
5826	.
5827	ἀλλὰ
5828	μὰ
5829	Δί’
5830	,
5831	ἔφη
5832	ὁ
5833	Νικήρατος
5834	,
5835	μὴ
5836	ζήλου
5837	·
5838	ἐγὼ
5839	γὰρ
5840	ἥξω
5841	παρ’
5842	αὐτοῦ
5843	δανεισάμενος
5844	τὸ
5845	μηδενὸς
5846	προσδεῖσθαι
5847	,
5848	οὕτω
5849	πεπαιδευμένος
5850	ὑπὸ
5851	Ὁμήρου
5852	ἀριθμεῖν
5853	ἕπτ’
5854	ἀπύρους
5855	τρίποδας
5856	,
5857	δέκα
5858	δὲ
5859	χρυσοῖο
5860	τάλαντα
5861	,
5862	αἴθωνας
5863	δὲ
5864	λέβητας
5865	ἐείκοσι
5866	,
5867	δώδεκα
5868	δ’
5869	ἵππους
5870	σταθμῷ
5871	καὶ
5872	ἀριθμῷ
5873	,
5874	ὡς
5875	πλείστου
5876	πλούτου
5877	ἐπιθυμῶν
5878	οὐ
5879	παύομαι
5880	·
5881	ἐξ
5882	ὧν
5883	ἴσως
5884	καὶ
5885	φιλοχρηματώτερός
5886	τισι
5887	δοκῶ
5888	εἶναι
5889	.
5890	ἔνθα
5891	δὴ
5892	ἀνεγέλασαν
5893	ἅπαντες
5894	,
5895	νομίζοντες
5896	τὰ
5897	ὄντα
5898	εἰρηκέναι
5899	αὐτόν
5900	.
5901	ἐκ
5902	τούτου
5903	εἶπέ
5904	τις
5905	·
5906	σὸν
5907	ἔργον
5908	,
5909	ὦ
5910	Ἑρμόγενες
5911	,
5912	λέγειν
5913	τε
5914	τοὺς
5915	φίλους
5916	οἵτινές
5917	εἰσι
5918	καὶ
5919	ἐπιδεικνύναι
5920	ὡς
5921	μέγα
5922	τε
5923	δύνανται
5924	καὶ
5925	σοῦ
5926	ἐπιμέλονται
5927	,
5928	ἵνα
5929	δοκῇς
5930	δικαίως
5931	ἐπ’
5932	αὐτοῖς
5933	μέγα
5934	φρονεῖν
5935	.
5936	οὐκοῦν
5937	ὡς
5938	μὲν
5939	καὶ
5940	Ἕλληνες
5941	καὶ
5942	βάρβαροι
5943	τοὺς
5944	θεοὺς
5945	ἡγοῦνται
5946	πάντα
5947	εἰδέναι
5948	τά
5949	τε
5950	ὄντα
5951	καὶ
5952	τὰ
5953	μέλλοντα
5954	εὔδηλον
5955	.
5956	πᾶσαι
5957	γοῦν
5958	αἱ
5959	πόλεις
5960	καὶ
5961	πάντα
5962	τὰ
5963	ἔθνη
5964	διὰ
5965	μαντικῆς
5966	ἐπερωτῶσι
5967	τοὺς
5968	θεοὺς
5969	τί
5970	τε
5971	χρὴ
5972	καὶ
5973	τί
5974	οὐ
5975	χρὴ
5976	ποιεῖν
5977	.
5978	καὶ
5979	μὴν
5980	ὅτι
5981	νομίζομέν
5982	γε
5983	δύνασθαι
5984	αὐτοὺς
5985	καὶ
5986	εὖ
5987	καὶ
5988	κακῶς
5989	ποιεῖν
5990	καὶ
5991	τοῦτο
5992	σαφές
5993	.
5994	πάντες
5995	γοῦν
5996	αἰτοῦνται
5997	τοὺς
5998	θεοὺς
5999	τὰ
6000	μὲν
6001	φαῦλα
6002	ἀποτρέπειν
6003	,
6004	τ
6005	ἀγαθὰ
6006	δὲ
6007	διδόναι
6008	.
6009	οὗτοι
6010	τοίνυν
6011	οἱ
6012	πάντα
6013	μὲν
6014	εἰδότες
6015	πάντα
6016	δὲ
6017	δυνάμενοι
6018	θεοὶ
6019	οὕτω
6020	μοι
6021	φίλοι
6022	εἰσὶν
6023	ὥστε
6024	διὰ
6025	τὸ
6026	ἐπιμελεῖσθαί
6027	μου
6028	οὔποτε
6029	λήθω
6030	αὐτοὺς
6031	οὔ
6032	τε
6033	νυκτὸς
6034	οὔθ’
6035	ἡμέρας
6036	οὔθ’
6037	ὅποι
6038	ἂν
6039	ὁρμῶμαι
6040	οὔθ’
6041	ὅ
6042	τι
6043	ἂν
6044	μέλλω
6045	πράττειν
6046	.
6047	διὰ
6048	δὲ
6049	τὸ
6050	προειδέναι
6051	καὶ
6052	ὅ
6053	τι
6054	ἐξ
6055	ἑκάστου
6056	ἀποβήσεται
6057	σημαίνουσί
6058	μοι
6059	πέμποντες
6060	ἀγγέλους
6061	φήμας
6062	καὶ
6063	ἐνύπνια
6064	καὶ
6065	οἰωνοὺς
6066	ἅ
6067	τε
6068	δεῖ
6069	καὶ
6070	ἃ
6071	οὐ
6072	χρὴ
6073	ποιεῖν
6074	,
6075	οἷς
6076	ἐγὼ
6077	ὅταν
6078	μὲν
6079	πείθωμαι
6080	,
6081	οὐδέποτέ
6082	μοι
6083	μεταμέλει
6084	·
6085	ἤδη
6086	δέ
6087	ποτε
6088	καὶ
6089	ἀπιστήσας
6090	ἐκολάσθην
6091	.
6092	καὶ
6093	ὁ
6094	Σωκράτης
6095	εἶπεν
6096	·
6097	ἀλλὰ
6098	τούτων
6099	μὲν
6100	οὐδὲν
6101	ἄπιστον
6102	.
6103	ἐκεῖνο
6104	μέντοι
6105	ἔγωγε
6106	ἡδέως
6107	ἂν
6108	πυθοίμην
6109	,
6110	πῶς
6111	αὐτοὺς
6112	θεραπεύων
6113	οὕτω
6114	φίλους
6115	ἔχεις
6116	.
6117	ναὶ
6118	μὰ
6119	τὸν
6120	Δί’
6121	,
6122	ἔφη
6123	ὁ
6124	Ἑρμογένης
6125	,
6126	καὶ
6127	μάλα
6128	εὐτελῶς
6129	.
6130	ἐπαινῶ
6131	τε
6132	γὰρ
6133	αὐτοὺς
6134	οὐδὲν
6135	δαπανῶν
6136	,
6137	ὧν
6138	τε
6139	διδόασιν
6140	ἀεὶ
6141	αὖ
6142	παρέχομαι
6143	,
6144	εὐφημῶ
6145	τε
6146	ὅσα
6147	ἂν
6148	δύνωμαι
6149	καὶ
6150	ἐφ’
6151	οἷς
6152	ἂν
6153	αὐτοὺς
6154	μάρτυρας
6155	ποιήσωμαι
6156	ἑκὼν
6157	οὐδὲν
6158	ψεύδομαι
6159	.
6160	νὴ
6161	Δί’
6162	,
6163	ἔφη
6164	,
6165	ὁ
6166	Σωκράτης
6167	εἰ
6168	ἄρα
6169	τοιοῦτος
6170	ὢν
6171	φίλους
6172	αὐτοὺς
6173	ἔχεις
6174	,
6175	καὶ
6176	οἱ
6177	θεοί
6178	,
6179	ὡς
6180	ἔοικε
6181	,
6182	καλοκἀγαθίᾳ
6183	ἥδονται
6184	.
6185	οὗτος
6186	μὲν
6187	δὴ
6188	ὁ
6189	λόγος
6190	οὕτως
6191	ἐσπουδαιολογήθη
6192	.
6193	ἐπειδὴ
6194	δὲ
6195	εἰς
6196	τὸν
6197	Φίλιππον
6198	ἧκον
6199	,
6200	ἠρώτων
6201	αὐτὸν
6202	τί
6203	ὁρῶν
6204	ἐν
6205	τῇ
6206	γελωτοποιίᾳ
6207	μέγα
6208	ἐπ’
6209	αὐτῇ
6210	φρονοίη
6211	.
6212	οὐ
6213	γὰρ
6214	ἄξιον
6215	,
6216	ἔφη
6217	,
6218	ὁπότε
6219	γε
6220	πάντες
6221	εἰδότες
6222	ὅτι
6223	γελωτοποιός
6224	εἰμι
6225	,
6226	ὅταν
6227	μέν
6228	τι
6229	ἀγαθὸν
6230	ἔχωσι
6231	,
6232	παρακαλοῦσί
6233	με
6234	ἐπὶ
6235	ταῦτα
6236	προθύμως
6237	,
6238	ὅταν
6239	δέ
6240	τι
6241	κακὸν
6242	λάβωσι
6243	,
6244	φεύγουσιν
6245	ἀμεταστρεπτί
6246	,
6247	φοβούμενοι
6248	μὴ
6249	καὶ
6250	ἄκοντες
6251	γελάσωσι
6252	;
6253	καὶ
6254	ὁ
6255	Νικήρατος
6256	εἶπε
6257	·
6258	νὴ
6259	Δία
6260	,
6261	σὺ
6262	τοίνυν
6263	δικαίως
6264	μέγα
6265	φρονεῖς
6266	.
6267	ἐμοὶ
6268	γὰρ
6269	αὖ
6270	τῶν
6271	φίλων
6272	οἱ
6273	μὲν
6274	εὖ
6275	πράττοντες
6276	ἐκποδὼν
6277	ἀπέρχονται
6278	,
6279	οἳ
6280	δ’
6281	ἂν
6282	κακόν
6283	τι
6284	λάβωσι
6285	,
6286	γενεαλογοῦσι
6287	τὴν
6288	συγγένειαν
6289	καὶ
6290	οὐδέποτέ
6291	μου
6292	ἀπολείπονται
6293	.
6294	εἶεν
6295	·
6296	σὺ
6297	δὲ
6298	δή
6299	,
6300	ἔφη
6301	ὁ
6302	Χαρμίδης
6303	,
6304	ὦ
6305	Συρακόσιε
6306	,
6307	ἐπὶ
6308	τῷ
6309	μέγα
6310	φρονεῖς
6311	;
6312	ἢ
6313	δῆλον
6314	ὅτι
6315	ἐπὶ
6316	τῷ
6317	παιδί
6318	;
6319	μὰ
6320	τὸν
6321	Δί’
6322	,
6323	ἔφη
6324	,
6325	οὐ
6326	μὲν
6327	δή
6328	·
6329	ἀλλὰ
6330	καὶ
6331	δέδοικα
6332	περὶ
6333	αὐτοῦ
6334	ἰσχυρῶς
6335	.
6336	αἰσθάνομαι
6337	γάρ
6338	τινας
6339	ἐπιβουλεύοντας
6340	διαφθεῖραι
6341	αὐτόν
6342	.
6343	καὶ
6344	ὁ
6345	Σωκράτης
6346	ἀκούσας
6347	,
6348	Ἡράκλεις
6349	,
6350	ἔφη
6351	,
6352	τί
6353	τοσοῦτον
6354	νομίζοντες
6355	ἠδικῆσθαι
6356	ὑπὸ
6357	τοῦ
6358	σοῦ
6359	παιδὸς
6360	ὥστε
6361	ἀποκτεῖναι
6362	αὐτὸν
6363	βούλεσθαι
6364	;
6365	ἀλλ’
6366	οὔτοι
6367	,
6368	ἔφη
6369	,
6370	ἀποκτεῖναι
6371	βούλονται
6372	,
6373	ἀλλὰ
6374	πεῖσαι
6375	αὐτὸν
6376	συγκαθεύδειν
6377	αὐτοῖς
6378	.
6379	σὺ
6380	δ’
6381	,
6382	ὡς
6383	ἔοικας
6384	,
6385	εἰ
6386	τοῦτο
6387	γένοιτο
6388	,
6389	νομίζεις
6390	ἂν
6391	διαφθαρῆναι
6392	αὐτόν
6393	;
6394	ναὶ
6395	μὰ
6396	Δί’
6397	,
6398	ἔφη
6399	,
6400	παντάπασί
6401	γε
6402	.
6403	οὐδ’
6404	αὐτὸς
6405	ἄρ’
6406	,
6407	ἔφη
6408	,
6409	συγκαθεύδεις
6410	αὐτῷ
6411	;
6412	νὴ
6413	Δί’
6414	ὅλας
6415	γε
6416	καὶ
6417	πάσας
6418	τὰς
6419	νύκτας
6420	.
6421	νὴ
6422	τὴν
6423	Ἥραν
6424	,
6425	ἔφη
6426	ὁ
6427	Σωκράτης
6428	,
6429	εὐτύχημά
6430	γέ
6431	σου
6432	μέγα
6433	τὸ
6434	τὸν
6435	χρῶτα
6436	τοιοῦτον
6437	φῦναι
6438	ἔχοντα
6439	ὥστε
6440	μόνον
6441	μὴ
6442	διαφθείρειν
6443	τοὺς
6444	συγκαθεύδοντας
6445	.
6446	ὥστε
6447	σοί
6448	γε
6449	εἰ
6450	μὴ
6451	ἐπ’
6452	ἄλλῳ
6453	ἀλλ’
6454	ἐπὶ
6455	τῷ
6456	χρωτὶ
6457	ἄξιον
6458	μέγα
6459	φρονεῖν
6460	.
6461	ἀλλὰ
6462	μὰ
6463	Δί’
6464	,
6465	ἔφη
6466	,
6467	οὐκ
6468	ἐπὶ
6469	τούτῳ
6470	μέγα
6471	φρονῶ
6472	.
6473	ἀλλ’
6474	ἐπὶ
6475	τῷ
6476	μήν
6477	;
6478	ἐπὶ
6479	νὴ
6480	Δία
6481	τοῖς
6482	ἄφροσιν
6483	.
6484	οὗτοι
6485	γὰρ
6486	τὰ
6487	ἐμὰ
6488	νευρόσπαστα
6489	θεώμενοι
6490	τρέφουσί
6491	με
6492	.
6493	ταῦτ’
6494	ἄρ’
6495	,
6496	ἔφη
6497	ὁ
6498	Φίλιππος
6499	,
6500	καὶ
6501	πρῴην
6502	ἐγώ
6503	σου
6504	ἤκουον
6505	εὐχομένου
6506	πρὸς
6507	τοὺς
6508	θεοὺς
6509	ὅπου
6510	ἂν
6511	ᾖς
6512	διδόναι
6513	καρποῦ
6514	μὲν
6515	ἀφθονίαν
6516	,
6517	φρενῶν
6518	δὲ
6519	ἀφορίαν
6520	.
6521	εἶεν
6522	,
6523	ἔφη
6524	ὁ
6525	Καλλίας
6526	·
6527	σὺ
6528	δὲ
6529	δή
6530	,
6531	ὦ
6532	Σώκρατες
6533	,
6534	τί
6535	ἔχεις
6536	εἰπεῖν
6537	ὡς
6538	ἄξιόν
6539	σοί
6540	ἐστι
6541	μέγα
6542	φρονεῖν
6543	ἐφ’
6544	ᾗ
6545	εἶπας
6546	οὕτως
6547	ἀδόξῳ
6548	οὔσῃ
6549	τέχνῃ
6550	;
6551	καὶ
6552	ὃς
6553	εἶπεν
6554	·
6555	ὁμολογησώμεθα
6556	πρῶτον
6557	ποῖά
6558	ἐστιν
6559	ἔργα
6560	τοῦ
6561	μαστροποῦ
6562	·
6563	καὶ
6564	ὅσα
6565	ἂν
6566	ἐρωτῶ
6567	,
6568	μὴ
6569	ὀκνεῖτε
6570	ἀποκρίνεσθαι
6571	,
6572	ἵνα
6573	εἰδῶμεν
6574	ὅσα
6575	ἂν
6576	συνομολογῶμεν
6577	.
6578	καὶ
6579	ὑμῖν
6580	οὕτω
6581	δοκεῖ
6582	;
6583	ἔφη
6584	.
6585	πάνυ
6586	μὲν
6587	οὖν
6588	,
6589	ἔφασαν
6590	.
6591	ὡς
6592	δ’
6593	ἅπαξ
6594	εἶπαν
6595	πάνυ
6596	μὲν
6597	οὖν
6598	,
6599	τοῦτο
6600	πάντες
6601	ἐκ
6602	τοῦ
6603	λοιποῦ
6604	ἀπεκρίναντο
6605	.
6606	οὐκοῦν
6607	ἀγαθοῦ
6608	μέν
6609	,
6610	ἔφη
6611	,
6612	ὑμῖν
6613	δοκεῖ
6614	μαστροποῦ
6615	ἔργον
6616	εἶναι
6617	ἣν
6618	ἂν
6619	ἢ
6620	ὃν
6621	ἂν
6622	μαστροπεύῃ
6623	ἀρέσκοντα
6624	τοῦτον
6625	ἀποδεικνύναι
6626	οἷς
6627	ἂν
6628	συνῇ
6629	;
6630	πάνυ
6631	μὲν
6632	οὖν
6633	,
6634	ἔφασαν
6635	.
6636	οὐκοῦν
6637	ἓν
6638	μέν
6639	τί
6640	ἐστιν
6641	εἰς
6642	τὸ
6643	ἀρέσκειν
6644	ἐκ
6645	τοῦ
6646	πρέπουσαν
6647	ἔχειν
6648	σχέσιν
6649	καὶ
6650	τριχῶν
6651	καὶ
6652	ἐσθῆτος
6653	;
6654	πάνυ
6655	μὲν
6656	οὖν
6657	,
6658	ἔφασαν
6659	.
6660	οὐκοῦν
6661	καὶ
6662	τόδε
6663	ἐπιστάμεθα
6664	,
6665	ὅτι
6666	ἔστιν
6667	ἀνθρώπῳ
6668	τοῖς
6669	αὐτοῖς
6670	ὄμμασι
6671	καὶ
6672	φιλικῶς
6673	καὶ
6674	ἐχθρῶς
6675	πρός
6676	τινας
6677	βλέπειν
6678	;
6679	πάνυ
6680	μὲν
6681	οὖν
6682	.
6683	τί
6684	δέ
6685	,
6686	τῇ
6687	αὐτῇ
6688	φωνῇ
6689	ἔστι
6690	καὶ
6691	αἰδημόνως
6692	καὶ
6693	θρασέως
6694	φθέγγεσθαι
6695	;
6696	πάνυ
6697	μὲν
6698	οὖν
6699	.
6700	τί
6701	δέ
6702	,
6703	λόγοι
6704	οὐκ
6705	εἰσὶ
6706	μέν
6707	τινες
6708	ἀπεχθανόμενοι
6709	,
6710	εἰσὶ
6711	δέ
6712	τινες
6713	οἳ
6714	πρὸς
6715	φιλίαν
6716	ἄγουσι
6717	;
6718	πάνυ
6719	μὲν
6720	οὖν
6721	.
6722	οὐκοῦν
6723	τούτων
6724	ὁ
6725	ἀγαθὸς
6726	μαστροπὸς
6727	τὰ
6728	συμφέροντα
6729	εἰς
6730	τὸ
6731	ἀρέσκειν
6732	διδάσκοι
6733	ἄν
6734	;
6735	πάνυ
6736	μὲν
6737	οὖν
6738	.
6739	ἀμείνων
6740	δ’
6741	ἂν
6742	εἴη
6743	,
6744	ἔφη
6745	,
6746	ὁ
6747	ἑνὶ
6748	δυνάμενος
6749	ἀρεστοὺς
6750	ποιεῖν
6751	ἢ
6752	ὅστις
6753	καὶ
6754	πολλοῖς
6755	;
6756	ἐνταῦθα
6757	μέντοι
6758	ἐσχίσθησαν
6759	,
6760	καὶ
6761	οἱ
6762	μὲν
6763	εἶπον
6764	δῆλον
6765	ὅτι
6766	ὅστις
6767	πλείστοις
6768	,
6769	οἱ
6770	δὲ
6771	πάνυ
6772	μὲν
6773	οὖν
6774	.
6775	ὁ
6776	δ’
6777	εἰπὼν
6778	ὅτι
6779	καὶ
6780	τοῦτο
6781	ὁμολογεῖται
6782	ἔφη
6783	·
6784	εἰ
6785	δέ
6786	τις
6787	καὶ
6788	ὅλῃ
6789	τῇ
6790	πόλει
6791	ἀρέσκοντας
6792	δύναιτο
6793	ἀποδεικνύναι
6794	,
6795	οὐχ
6796	οὗτος
6797	παντελῶς
6798	ἂν
6799	ἤδη
6800	ἀγαθὸς
6801	μαστροπὸς
6802	εἴη
6803	;
6804	σαφῶς
6805	γε
6806	νὴ
6807	Δία
6808	,
6809	πάντες
6810	εἶπον
6811	.
6812	οὐκοῦν
6813	εἴ
6814	τις
6815	τοιούτους
6816	δύναιτο
6817	ἐξεργάζεσθαι
6818	ὧν
6819	προστατοίη
6820	,
6821	δικαίως
6822	ἂν
6823	μέγα
6824	φρονοίη
6825	ἐπὶ
6826	τῇ
6827	τέχνῃ
6828	καὶ
6829	δικαίως
6830	ἂν
6831	πολὺν
6832	μισθὸν
6833	λαμβάνοι
6834	;
6835	ἐπεὶ
6836	δὲ
6837	καὶ
6838	ταῦτα
6839	πάντες
6840	συνωμολόγουν
6841	,
6842	τοιοῦτος
6843	μέντοι
6844	,
6845	ἔφη
6846	,
6847	μοι
6848	δοκεῖ
6849	Ἀντισθένης
6850	εἶναι
6851	οὗτος
6852	.
6853	καὶ
6854	ὁ
6855	Ἀντισθένης
6856	,
6857	ἐμοί
6858	,
6859	ἔφη
6860	,
6861	παραδίδως
6862	,
6863	ὦ
6864	Σώκρατες
6865	,
6866	τὴν
6867	τέχνην
6868	;
6869	ναὶ
6870	μὰ
6871	Δί’
6872	,
6873	ἔφη
6874	.
6875	ὁρῶ
6876	γάρ
6877	σε
6878	καὶ
6879	τὴν
6880	ἀκόλουθον
6881	ταύτης
6882	πάνυ
6883	ἐξειργασμένον
6884	.
6885	τίνα
6886	ταύτην
6887	;
6888	τὴν
6889	προαγωγείαν
6890	,
6891	ἔφη
6892	.
6893	καὶ
6894	ὃς
6895	μάλα
6896	ἀχθεσθεὶς
6897	ἐπήρετο
6898	·
6899	καὶ
6900	τί
6901	μοι
6902	σύνοισθα
6903	,
6904	ὦ
6905	Σώκρατες
6906	,
6907	τοιοῦτον
6908	εἰργασμένῳ
6909	;
6910	οἶδα
6911	μέν
6912	,
6913	ἔφη
6914	,
6915	σε
6916	Καλλίαν
6917	τουτονὶ
6918	προαγωγεύσαντα
6919	τῷ
6920	σοφῷ
6921	Προδίκῳ
6922	,
6923	ὅτε
6924	ἑώρας
6925	τοῦτον
6926	μὲν
6927	φιλοσοφίας
6928	ἐρῶντα
6929	,
6930	ἐκεῖνον
6931	δὲ
6932	χρημάτων
6933	δεόμενον
6934	·
6935	οἶδα
6936	δέ
6937	σε
6938	Ἱππίᾳ
6939	τῷ
6940	Ἠλείῳ
6941	,
6942	παρ’
6943	οὗ
6944	οὗτος
6945	καὶ
6946	τὸ
6947	μνημονικὸν
6948	ἔμαθεν
6949	·
6950	ἀφ’
6951	οὗ
6952	δὴ
6953	καὶ
6954	ἐρωτικώτερος
6955	γεγένηται
6956	διὰ
6957	τὸ
6958	ὅ
6959	τι
6960	ἂν
6961	καλὸν
6962	ἴδῃ
6963	μηδέποτε
6964	ἐπιλανθάνεσθαι
6965	.
6966	ἔναγχος
6967	δὲ
6968	δήπου
6969	καὶ
6970	πρὸς
6971	ἐμὲ
6972	ἐπαινῶν
6973	τὸν
6974	Ἡρακλεώτην
6975	ξένον
6976	ἐπεί
6977	με
6978	ἐποίησας
6979	ἐπιθυμεῖν
6980	αὐτοῦ
6981	,
6982	συνέστησάς
6983	μοι
6984	αὐτόν
6985	.
6986	καὶ
6987	χάριν
6988	μέντοι
6989	σοι
6990	ἔχω
6991	·
6992	πάνυ
6993	γὰρ
6994	καλὸς
6995	κ
6996	ἀγαθὸς
6997	δοκεῖ
6998	μοι
6999	εἶναι
7000	.
7001	Αἰσχύλον
7002	δὲ
7003	τὸν
7004	Φλειάσιον
7005	πρὸς
7006	ἐμὲ
7007	ἐπαινῶν
7008	καὶ
7009	ἐμὲ
7010	πρὸς
7011	ἐκεῖνον
7012	οὐχ
7013	οὕτω
7014	διέθηκας
7015	ὥστε
7016	διὰ
7017	τοὺς
7018	σοὺς
7019	λόγους
7020	ἐρῶντες
7021	ἐκυνοδρομοῦμεν
7022	ἀλλήλους
7023	ζητοῦντες
7024	;
7025	ταῦτα
7026	οὖν
7027	ὁρῶν
7028	δυνάμενόν
7029	σε
7030	ποιεῖν
7031	ἀγαθὸν
7032	νομίζω
7033	προαγωγὸν
7034	εἶναι
7035	.
7036	ὁ
7037	γὰρ
7038	οἷός
7039	τε
7040	ὢν
7041	γιγνώσκειν
7042	τε
7043	τοὺς
7044	ὠφελίμους
7045	αὑτοῖς
7046	καὶ
7047	τούτους
7048	δυνάμενος
7049	ποιεῖν
7050	ἐπιθυμεῖν
7051	ἀλλήλων
7052	,
7053	οὗτος
7054	ἄν
7055	μοι
7056	δοκεῖ
7057	καὶ
7058	πόλεις
7059	δύνασθαι
7060	φίλας
7061	ποιεῖν
7062	καὶ
7063	γάμους
7064	ἐπιτηδείους
7065	συνάγειν
7066	,
7067	καὶ
7068	πολλοῦ
7069	ἂν
7070	ἄξιος
7071	εἶναι
7072	καὶ
7073	πόλεσι
7074	καὶ
7075	φίλοις
7076	καὶ
7077	συμμάχοις
7078	κεκτῆσθαι
7079	.
7080	σὺ
7081	δὲ
7082	ὡς
7083	κακῶς
7084	ἀκούσας
7085	ὅτι
7086	ἀγαθόν
7087	σε
7088	ἔφην
7089	προαγωγὸν
7090	εἶναι
7091	,
7092	ὠργίσθης
7093	.
7094	ἀλλὰ
7095	μὰ
7096	Δί’
7097	,
7098	ἔφη
7099	,
7100	οὐ
7101	νῦν
7102	.
7103	ἐὰν
7104	γὰρ
7105	ταῦτα
7106	δύνωμαι
7107	,
7108	σεσαγμένος
7109	δὴ
7110	παντάπασι
7111	πλούτου
7112	τὴν
7113	ψυχὴν
7114	ἔσομαι
7115	.
7116	καὶ
7117	αὕτη
7118	μὲν
7119	δὴ
7120	ἡ
7121	περίοδος
7122	τῶν
7123	λόγων
7124	ἀπετελέσθη
7125	.
7126	ὁ
7127	δὲ
7128	Καλλίας
7129	ἔφη
7130	·
7131	σὺ
7132	δὲ
7133	δή
7134	,
7135	ὦ
7136	Κριτόβουλε
7137	,
7138	εἰς
7139	τὸν
7140	περὶ
7141	τοῦ
7142	κάλλους
7143	ἀγῶνα
7144	πρὸς
7145	Σωκράτην
7146	οὐκ
7147	ἀνθίστασαι
7148	;
7149	νὴ
7150	Δί’
7151	,
7152	ἔφη
7153	ὁ
7154	Σωκράτης
7155	,
7156	ἴσως
7157	γὰρ
7158	εὐδοκιμοῦντα
7159	τὸν
7160	μαστροπὸν
7161	παρὰ
7162	τοῖς
7163	κριταῖς
7164	ὁρᾷ
7165	.
7166	ἀλλ’
7167	ὅμως
7168	,
7169	ἔφη
7170	ὁ
7171	Κριτόβουλος
7172	,
7173	οὐκ
7174	ἀναδύομαι
7175	·
7176	ἀλλὰ
7177	δίδασκε
7178	,
7179	εἴ
7180	τι
7181	ἔχεις
7182	σοφόν
7183	,
7184	ὡς
7185	καλλίων
7186	εἶ
7187	ἐμοῦ
7188	.
7189	μόνον
7190	,
7191	ἔφη
7192	,
7193	τὸν
7194	λαμπτῆρα
7195	ἐγγὺς
7196	προσενεγκάτω
7197	.
7198	εἰς
7199	ἀνάκρισιν
7200	τοίνυν
7201	σε
7202	,
7203	ἔφη
7204	,
7205	πρῶτον
7206	τῆς
7207	δίκης
7208	καλοῦμαι
7209	·
7210	ἀλλ’
7211	ἀποκρίνου
7212	.
7213	σὺ
7214	δέ
7215	γε
7216	ἐρώτα
7217	.
7218	πότερον
7219	οὖν
7220	ἐν
7221	ἀνθρώπῳ
7222	μόνον
7223	νομίζεις
7224	τὸ
7225	καλὸν
7226	εἶναι
7227	ἢ
7228	καὶ
7229	ἐν
7230	ἄλλῳ
7231	τινί
7232	;
7233	ἐγὼ
7234	μὲν
7235	ναὶ
7236	μὰ
7237	Δί’
7238	,
7239	ἔφη
7240	,
7241	καὶ
7242	ἐν
7243	ἵππῳ
7244	καὶ
7245	βοῒ
7246	καὶ
7247	ἐν
7248	ἀψύχοις
7249	πολλοῖς
7250	.
7251	οἶδα
7252	γοῦν
7253	οὖσαν
7254	καὶ
7255	ἀσπίδα
7256	καλὴν
7257	καὶ
7258	ξίφος
7259	καὶ
7260	δόρυ
7261	.
7262	καὶ
7263	πῶς
7264	,
7265	ἔφη
7266	,
7267	οἷόν
7268	τε
7269	ταῦτα
7270	μηδὲν
7271	ὅμοια
7272	ὄντα
7273	ἀλλήλοις
7274	πάντα
7275	καλὰ
7276	εἶναι
7277	;
7278	ἂν
7279	νὴ
7280	Δί’
7281	,
7282	ἔφη
7283	,
7284	πρὸς
7285	τὰ
7286	ἔργα
7287	ὧν
7288	ἕνεκα
7289	ἕκαστα
7290	κτώμεθα
7291	εὖ
7292	εἰργασμένα
7293	ᾖ
7294	ἢ
7295	εὖ
7296	πεφυκότα
7297	πρὸς
7298	ἃ
7299	ἂν
7300	δεώμεθα
7301	,
7302	καὶ
7303	ταῦτ’
7304	,
7305	ἔφη
7306	ὁ
7307	Κριτόβουλος
7308	,
7309	καλά
7310	.
7311	οἶσθα
7312	οὖν
7313	,
7314	ἔφη
7315	,
7316	ὀφθαλμῶν
7317	τίνος
7318	ἕνεκα
7319	δεόμεθα
7320	;
7321	δῆλον
7322	,
7323	ἔφη
7324	,
7325	ὅτι
7326	τοῦ
7327	ὁρᾶν
7328	.
7329	οὕτω
7330	μὲν
7331	τοίνυν
7332	ἤδη
7333	οἱ
7334	ἐμοὶ
7335	ὀφθαλμοὶ
7336	καλλίονες
7337	ἂν
7338	τῶν
7339	σῶν
7340	εἴησαν
7341	.
7342	πῶς
7343	δή
7344	;
7345	ὅτι
7346	οἱ
7347	μὲν
7348	σοὶ
7349	τὸ
7350	κατ’
7351	εὐθὺ
7352	μόνον
7353	ὁρῶσιν
7354	,
7355	οἱ
7356	δὲ
7357	ἐμοὶ
7358	καὶ
7359	τὸ
7360	ἐκ
7361	πλαγίου
7362	διὰ
7363	τὸ
7364	ἐπιπόλαιοι
7365	εἶναι
7366	.
7367	λέγεις
7368	σύ
7369	,
7370	ἔφη
7371	,
7372	καρκίνον
7373	εὐοφθαλμότατον
7374	εἶναι
7375	τῶν
7376	ζῴων
7377	;
7378	πάντως
7379	δήπου
7380	,
7381	ἔφη
7382	·
7383	ἐπεὶ
7384	καὶ
7385	πρὸς
7386	ἰσχὺν
7387	τοὺς
7388	ὀφθαλμοὺς
7389	ἄριστα
7390	πεφυκότας
7391	ἔχει
7392	.
7393	εἶεν
7394	,
7395	ἔφη
7396	,
7397	τῶν
7398	δὲ
7399	ῥινῶν
7400	ποτέρα
7401	καλλίων
7402	,
7403	ἡ
7404	σὴ
7405	ἢ
7406	ἡ
7407	ἐμή
7408	;
7409	ἐγὼ
7410	μέν
7411	,
7412	ἔφη
7413	,
7414	οἶμαι
7415	τὴν
7416	ἐμήν
7417	,
7418	εἴπερ
7419	γε
7420	τοῦ
7421	ὀσφραίνεσθαι
7422	ἕνεκεν
7423	ἐποίησαν
7424	ἡμῖν
7425	ῥῖνας
7426	οἱ
7427	θεοί
7428	.
7429	οἱ
7430	μὲν
7431	γὰρ
7432	σοὶ
7433	μυκτῆρες
7434	εἰς
7435	γῆν
7436	ὁρῶσιν
7437	,
7438	οἱ
7439	δὲ
7440	ἐμοὶ
7441	ἀναπέπτανται
7442	,
7443	ὥστε
7444	τὰς
7445	πάντοθεν
7446	ὀσμὰς
7447	προσδέχεσθαι
7448	.
7449	τὸ
7450	δὲ
7451	δὴ
7452	σιμὸν
7453	τῆς
7454	ῥινὸς
7455	πῶς
7456	τοῦ
7457	ὀρθοῦ
7458	κάλλιον
7459	;
7460	ὅτι
7461	,
7462	ἔφη
7463	,
7464	οὐκ
7465	ἀντιφράττει
7466	,
7467	ἀλλ’
7468	ἐᾷ
7469	εὐθὺς
7470	τὰς
7471	ὄψεις
7472	ὁρᾶν
7473	ἃ
7474	ἂν
7475	βούλωνται
7476	·
7477	ἡ
7478	δὲ
7479	ὑψηλὴ
7480	ῥὶς
7481	ὥσπερ
7482	ἐπηρεάζουσα
7483	διατετείχικε
7484	τὰ
7485	ὄμματα
7486	.
7487	τοῦ
7488	γε
7489	μὴν
7490	στόματος
7491	,
7492	ἔφη
7493	ὁ
7494	Κριτόβουλος
7495	,
7496	ὑφίεμαι
7497	.
7498	εἰ
7499	γὰρ
7500	τοῦ
7501	ἀποδάκνειν
7502	ἕνεκα
7503	πεποίηται
7504	,
7505	πολὺ
7506	ἂν
7507	σὺ
7508	μεῖζον
7509	ἢ
7510	ἐγὼ
7511	ἀποδάκοις
7512	.
7513	διὰ
7514	δὲ
7515	τὸ
7516	παχέα
7517	ἔχειν
7518	τὰ
7519	χείλη
7520	οὐκ
7521	οἴει
7522	καὶ
7523	μαλακώτερόν
7524	σου
7525	ἔχειν
7526	τὸ
7527	φίλημα
7528	;
7529	ἔοικα
7530	,
7531	ἔφη
7532	,
7533	ἐγὼ
7534	κατὰ
7535	τὸν
7536	σὸν
7537	λόγον
7538	καὶ
7539	τῶν
7540	ὄνων
7541	αἴσχιον
7542	τὸ
7543	στόμα
7544	ἔχειν
7545	.
7546	ἐκεῖνο
7547	δὲ
7548	οὐδὲν
7549	τεκμήριον
7550	λογίζῃ
7551	,
7552	ὡς
7553	ἐγὼ
7554	σοῦ
7555	καλλίων
7556	εἰμί
7557	,
7558	ὅτι
7559	καὶ
7560	Ναΐδες
7561	θεοὶ
7562	οὖσαι
7563	τοὺς
7564	Σειληνοὺς
7565	ἐμοὶ
7566	ὁμοιοτέρους
7567	τίκτουσιν
7568	ἢ
7569	σοί
7570	;
7571	καὶ
7572	ὁ
7573	Κριτόβουλος
7574	,
7575	οὐκέτι
7576	,
7577	ἔφη
7578	,
7579	ἔχω
7580	πρὸς
7581	σὲ
7582	ἀντιλέγειν
7583	,
7584	ἀλλὰ
7585	διαφερόντων
7586	,
7587	ἔφη
7588	,
7589	τὰς
7590	ψήφους
7591	,
7592	ἵνα
7593	ὡς
7594	τάχιστα
7595	εἰδῶ
7596	ὅ
7597	τι
7598	με
7599	χρὴ
7600	παθεῖν
7601	ἢ
7602	ἀποτεῖσαι
7603	.
7604	μόνον
7605	,
7606	ἔφη
7607	,
7608	κρυφῇ
7609	φερόντων
7610	·
7611	δέδοικα
7612	γὰρ
7613	τὸν
7614	σὸν
7615	καὶ
7616	Ἀντισθένους
7617	πλοῦτον
7618	μή
7619	με
7620	καταδυναστεύσῃ
7621	.
7622	ἡ
7623	μὲν
7624	δὴ
7625	παῖς
7626	καὶ
7627	ὁ
7628	παῖς
7629	κρύφα
7630	ἀνέφερον
7631	.
7632	ὁ
7633	δὲ
7634	Σωκράτης
7635	ἐν
7636	τούτῳ
7637	διέπραττε
7638	τόν
7639	τε
7640	λύχνον
7641	ἀντιπροσενεγκεῖν
7642	τῷ
7643	Κριτοβούλῳ
7644	,
7645	ὡς
7646	μὴ
7647	ἐξαπατηθείησαν
7648	οἱ
7649	κριταί
7650	,
7651	καὶ
7652	τῷ
7653	νικήσαντι
7654	μὴ
7655	ταινίας
7656	ἀλλὰ
7657	φιλήματα
7658	ἀναδήματα
7659	παρὰ
7660	τῶν
7661	κριτῶν
7662	γενέσθαι
7663	.
7664	ἐπεὶ
7665	δὲ
7666	ἐξέπεσον
7667	αἱ
7668	ψῆφοι
7669	καὶ
7670	ἐγένοντο
7671	πᾶσαι
7672	σὺν
7673	Κριτοβούλῳ
7674	,
7675	παπαῖ
7676	,
7677	ἔφη
7678	ὁ
7679	Σωκράτης
7680	,
7681	οὐχ
7682	ὅμοιον
7683	ἔοικε
7684	τὸ
7685	σὸν
7686	ἀργύριον
7687	,
7688	ὦ
7689	Κριτόβουλε
7690	,
7691	τῷ
7692	Καλλίου
7693	εἶναι
7694	.
7695	τὸ
7696	μὲν
7697	γὰρ
7698	τούτου
7699	δικαιοτέρους
7700	ποιεῖ
7701	,
7702	τὸ
7703	δὲ
7704	σὸν
7705	ὥσπερ
7706	τὸ
7707	πλεῖστον
7708	διαφθείρειν
7709	ἱκανόν
7710	ἐστι
7711	καὶ
7712	δικαστὰς
7713	καὶ
7714	κριτάς
7715	.
7716	ἐκ
7717	δὲ
7718	τούτου
7719	οἱ
7720	μὲν
7721	τὰ
7722	νικητήρια
7723	φιλήματα
7724	ἀπολαμβάνειν
7725	τὸν
7726	Κριτόβουλον
7727	ἐκέλευον
7728	,
7729	οἱ
7730	δὲ
7731	τὸν
7732	κύριον
7733	πείθειν
7734	,
7735	οἱ
7736	δὲ
7737	καὶ
7738	ἄλλα
7739	ἔσκωπτον
7740	.
7741	ὁ
7742	δὲ
7743	Ἑρμογένης
7744	κ
7745	ἀνταῦθα
7746	ἐσιώπα
7747	.
7748	καὶ
7749	ὁ
7750	Σωκράτης
7751	ὀνομάσας
7752	αὐτόν
7753	,
7754	ἔχοις
7755	ἄν
7756	,
7757	ἔφη
7758	,
7759	ὦ
7760	Ἑρμόγενες
7761	,
7762	εἰπεῖν
7763	ἡμῖν
7764	τί
7765	ἐστὶ
7766	παροινία
7767	;
7768	καὶ
7769	ὃς
7770	ἀπεκρίνατο
7771	·
7772	εἰ
7773	μὲν
7774	ὅ
7775	τι
7776	ἐστὶν
7777	ἐρωτᾷς
7778	,
7779	οὐκ
7780	οἶδα
7781	·
7782	τὸ
7783	μέντοι
7784	μοι
7785	δοκοῦν
7786	εἴποιμ’
7787	ἄν
7788	.
7789	ἀλλ’
7790	,
7791	ὃ
7792	δοκεῖ
7793	,
7794	τοῦτ’
7795	,
7796	ἔφη
7797	.
7798	τὸ
7799	τοίνυν
7800	παρ’
7801	οἶνον
7802	λυπεῖν
7803	τοὺς
7804	συνόντας
7805	,
7806	τοῦτ’
7807	ἐγὼ
7808	κρίνω
7809	παροινίαν
7810	.
7811	οἶσθ’
7812	οὖν
7813	,
7814	ἔφη
7815	,
7816	ὅτι
7817	καὶ
7818	σὺ
7819	νῦν
7820	ἡμᾶς
7821	λυπεῖς
7822	σιωπῶν
7823	;
7824	ἦ
7825	καὶ
7826	ὅταν
7827	λέγητ’
7828	;
7829	ἔφη
7830	.
7831	οὐκ
7832	ἀλλ’
7833	ὅταν
7834	διαλίπωμεν
7835	.
7836	ἦ
7837	οὖν
7838	λέληθέ
7839	σε
7840	ὅτι
7841	μεταξὺ
7842	τοῦ
7843	ὑμᾶς
7844	λέγειν
7845	οὐδ’
7846	ἂν
7847	τρίχα
7848	,
7849	μὴ
7850	ὅτι
7851	λόγον
7852	ἄν
7853	τις
7854	παρείρειε
7855	;
7856	καὶ
7857	ὁ
7858	Σωκράτης
7859	,
7860	ὦ
7861	Καλλία
7862	,
7863	ἔχοις
7864	ἄν
7865	τι
7866	,
7867	ἔφη
7868	,
7869	ἀνδρὶ
7870	ἐλεγχομένῳ
7871	βοηθῆσαι
7872	;
7873	ἔγωγ’
7874	,
7875	ἔφη
7876	.
7877	ὅταν
7878	γὰρ
7879	ὁ
7880	αὐλὸς
7881	φθέγγηται
7882	,
7883	παντάπασι
7884	σιωπῶμεν
7885	.
7886	καὶ
7887	ὁ
7888	Ἑρμογένης
7889	,
7890	ἦ
7891	οὖν
7892	βούλεσθε
7893	,
7894	ἔφη
7895	,
7896	ὥσπερ
7897	Νικόστρατος
7898	ὁ
7899	ὑποκριτὴς
7900	τετράμετρα
7901	πρὸς
7902	τὸν
7903	αὐλὸν
7904	κατέλεγεν
7905	,
7906	οὕτω
7907	καὶ
7908	ὑπὸ
7909	τοῦ
7910	αὐλοῦ
7911	ὑμῖν
7912	διαλέγωμαι
7913	;
7914	καὶ
7915	ὁ
7916	Σωκράτης
7917	,
7918	πρὸς
7919	τῶν
7920	θεῶν
7921	,
7922	ἔφη
7923	,
7924	Ἑρμόγενες
7925	,
7926	οὕτω
7927	ποίει
7928	.
7929	οἶμαι
7930	γάρ
7931	,
7932	ὥσπερ
7933	ἡ
7934	ᾠδὴ
7935	ἡδίων
7936	πρὸς
7937	τὸν
7938	αὐλόν
7939	,
7940	οὕτω
7941	καὶ
7942	τοὺς
7943	σοὺς
7944	λόγους
7945	ἡδύνεσθαι
7946	ἄν
7947	τι
7948	ὑπὸ
7949	τῶν
7950	φθόγγων
7951	,
7952	ἄλλως
7953	τε
7954	καὶ
7955	εἰ
7956	μορφάζοις
7957	,
7958	ὥσπερ
7959	ἡ
7960	αὐλητρίς
7961	,
7962	καὶ
7963	σὺ
7964	πρὸς
7965	τὰ
7966	λεγόμενα
7967	.
7968	καὶ
7969	ὁ
7970	Καλλίας
7971	ἔφη
7972	·
7973	ὅταν
7974	οὖν
7975	ὁ
7976	Ἀντισθένης
7977	ὅδ’
7978	ἐλέγχῃ
7979	τινὰ
7980	ἐν
7981	τῷ
7982	συμποσίῳ
7983	,
7984	τί
7985	ἔσται
7986	τὸ
7987	αὔλημα
7988	;
7989	καὶ
7990	ὁ
7991	Ἀντισθένης
7992	εἶπε
7993	·
7994	Τῷ
7995	μὲν
7996	ἐλεγχομένῳ
7997	οἶμαι
7998	ἄν
7999	,
8000	ἔφη
8001	,
8002	πρέπειν
8003	συριγμόν
8004	.
8005	τοιούτων
8006	δὲ
8007	λόγων
8008	ὄντων
8009	ὡς
8010	ἑώρα
8011	ὁ
8012	Συρακόσιος
8013	τῶν
8014	μὲν
8015	αὑτοῦ
8016	ἐπιδειγμάτων
8017	ἀμελοῦντας
8018	,
8019	ἀλλήλοις
8020	δὲ
8021	ἡδομένους
8022	,
8023	φθονῶν
8024	τῷ
8025	Σωκράτει
8026	εἶπεν
8027	·
8028	ἆρα
8029	σύ
8030	,
8031	ὦ
8032	Σώκρατες
8033	,
8034	ὁ
8035	φροντιστὴς
8036	ἐπικαλούμενος
8037	;
8038	οὐκοῦν
8039	κάλλιον
8040	,
8041	ἔφη
8042	,
8043	ἢ
8044	εἰ
8045	ἀφρόντιστος
8046	ἐκαλούμην
8047	.
8048	εἰ
8049	μή
8050	γε
8051	ἐδόκεις
8052	τῶν
8053	μετεώρων
8054	φροντιστὴς
8055	εἶναι
8056	.
8057	οἶσθα
8058	οὖν
8059	,
8060	ἔφη
8061	ὁ
8062	Σωκράτης
8063	,
8064	μετεωρότερόν
8065	τι
8066	τῶν
8067	θεῶν
8068	;
8069	ἀλλ’
8070	οὐ
8071	μὰ
8072	Δί’
8073	,
8074	ἔφη
8075	,
8076	οὐ
8077	τούτων
8078	σε
8079	λέγουσιν
8080	ἐπιμελεῖσθαι
8081	,
8082	ἀλλὰ
8083	τῶν
8084	ἀνωφελεστάτων
8085	.
8086	οὐκοῦν
8087	καὶ
8088	οὕτως
8089	ἄν
8090	,
8091	ἔφη
8092	,
8093	θεῶν
8094	ἐπιμελοίμην
8095	·
8096	ἄνωθεν
8097	μέν
8098	γε
8099	ὕοντες
8100	ὠφελοῦσιν
8101	,
8102	ἄνωθεν
8103	δὲ
8104	φῶς
8105	παρέχουσιν
8106	.
8107	εἰ
8108	δὲ
8109	ψυχρὰ
8110	λέγω
8111	,
8112	σὺ
8113	αἴτιος
8114	,
8115	ἔφη
8116	,
8117	πράγματά
8118	μοι
8119	παρέχων
8120	.
8121	ταῦτα
8122	μέν
8123	,
8124	ἔφη
8125	,
8126	ἔα
8127	·
8128	ἀλλ’
8129	εἰπέ
8130	μοι
8131	πόσους
8132	ψύλλα
8133	πόδας
8134	ἐμοῦ
8135	ἀπέχει
8136	.
8137	ταῦτα
8138	γάρ
8139	σέ
8140	φασι
8141	γεωμετρεῖν
8142	.
8143	καὶ
8144	ὁ
8145	Ἀντισθένης
8146	εἶπε
8147	·
8148	σὺ
8149	μέντοι
8150	δεινὸς
8151	εἶ
8152	,
8153	ὦ
8154	Φίλιππε
8155	,
8156	εἰκάζειν
8157	·
8158	οὐ
8159	δοκεῖ
8160	σοι
8161	ὁ
8162	ἀνὴρ
8163	οὗτος
8164	λοιδορεῖσθαι
8165	βουλομένῳ
8166	ἐοικέναι
8167	;
8168	ναὶ
8169	μὰ
8170	τὸν
8171	Δί’
8172	,
8173	ἔφη
8174	,
8175	καὶ
8176	ἄλλοις
8177	γε
8178	πολλοῖς
8179	.
8180	ἀλλ’
8181	ὅμως
8182	,
8183	ἔφη
8184	ὁ
8185	Σωκράτης
8186	,
8187	σὺ
8188	αὐτὸν
8189	μὴ
8190	εἴκαζε
8191	,
8192	ἵνα
8193	μὴ
8194	καὶ
8195	σὺ
8196	λοιδορουμένῳ
8197	ἐοίκῃς
8198	.
8199	ἀλλ’
8200	εἴπερ
8201	γε
8202	τοῖς
8203	πᾶσι
8204	καλοῖς
8205	καὶ
8206	τοῖς
8207	βελτίστοις
8208	εἰκάζω
8209	αὐτόν
8210	,
8211	ἐπαινοῦντι
8212	μᾶλλον
8213	ἢ
8214	λοιδορουμένῳ
8215	δικαίως
8216	ἂν
8217	εἰκάζοι
8218	μέ
8219	τις
8220	.
8221	καὶ
8222	νῦν
8223	σύγε
8224	λοιδορουμένῳ
8225	ἔοικας
8226	,
8227	εἰ
8228	πάντ’
8229	αὐτοῦ
8230	βελτίων
8231	φῂς
8232	εἶναι
8233	.
8234	ἀλλὰ
8235	βούλει
8236	πονηροτέροις
8237	εἰκάζω
8238	αὐτόν
8239	;
8240	μη
8241	δὲ
8242	πονηροτέροις
8243	.
8244	ἀλλὰ
8245	μηδενί
8246	;
8247	μηδενὶ
8248	μη
8249	δὲ
8250	τούτων
8251	εἴκαζε
8252	.
8253	ἀλλ’
8254	οὐ
8255	μέντοι
8256	γε
8257	σιωπῶν
8258	οἶδα
8259	ὅπως
8260	ἄξια
8261	τοῦ
8262	δείπνου
8263	ἐργάσομαι
8264	.
8265	καὶ
8266	ῥᾳδίως
8267	γ’
8268	,
8269	ἂν
8270	ἃ
8271	μὴ
8272	δεῖ
8273	λέγειν
8274	,
8275	ἔφη
8276	,
8277	σιωπᾷς
8278	.
8279	αὕτη
8280	μὲν
8281	δὴ
8282	ἡ
8283	παροινία
8284	οὕτω
8285	κατεσβέσθη
8286	.
8287	ἐκ
8288	τούτου
8289	δὲ
8290	τῶν
8291	ἄλλων
8292	οἱ
8293	μὲν
8294	ἐκέλευον
8295	εἰκάζειν
8296	,
8297	οἱ
8298	δὲ
8299	ἐκώλυον
8300	.
8301	θορύβου
8302	δὲ
8303	ὄντος
8304	ὁ
8305	Σωκράτης
8306	αὖ
8307	πάλιν
8308	εἶπεν
8309	·
8310	ἆρα
8311	ἐπειδὴ
8312	πάντες
8313	ἐπιθυμοῦμεν
8314	λέγειν
8315	,
8316	νῦν
8317	ἂν
8318	μάλιστα
8319	καὶ
8320	ἅμα
8321	ᾄσαιμεν
8322	;
8323	καὶ
8324	εὐθὺς
8325	τοῦτ’
8326	εἰπὼν
8327	ἦρχεν
8328	ᾠδῆς
8329	.
8330	ἐπεὶ
8331	δ’
8332	ᾖσεν
8333	,
8334	εἰσεφέρετο
8335	τῇ
8336	ὀρχηστρίδι
8337	τροχὸς
8338	τῶν
8339	κεραμεικῶν
8340	,
8341	ἐφ’
8342	οὗ
8343	ἔμελλε
8344	θαυματουργήσειν
8345	.
8346	ἔνθα
8347	δὴ
8348	εἶπεν
8349	ὁ
8350	Σωκράτης
8351	·
8352	ὦ
8353	Συρακόσιε
8354	,
8355	κινδυνεύω
8356	ἐγώ
8357	,
8358	ὥσπερ
8359	σὺ
8360	λέγεις
8361	,
8362	τῷ
8363	ὄντι
8364	φροντιστὴς
8365	εἶναι
8366	·
8367	νῦν
8368	γοῦν
8369	σκοπῶ
8370	ὅπως
8371	ἂν
8372	ὁ
8373	μὲν
8374	παῖς
8375	ὅδε
8376	ὁ
8377	σὸς
8378	καὶ
8379	ἡ
8380	παῖς
8381	ἥδε
8382	ὡς
8383	ῥᾷστα
8384	διάγοιεν
8385	,
8386	ἡμεῖς
8387	δ’
8388	ἂν
8389	μάλιστα
8390	εὐφραινοίμεθα
8391	θεώμενοι
8392	αὐτούς
8393	·
8394	ὅπερ
8395	εὖ
8396	οἶδα
8397	ὅτι
8398	καὶ
8399	σὺ
8400	βούλει
8401	.
8402	δοκεῖ
8403	οὖν
8404	μοι
8405	τὸ
8406	μὲν
8407	εἰς
8408	μαχαίρας
8409	κυβιστᾶν
8410	κινδύνου
8411	ἐπίδειγμα
8412	εἶναι
8413	,
8414	ὃ
8415	συμποσίῳ
8416	οὐδὲν
8417	προσήκει
8418	.
8419	καὶ
8420	μὴν
8421	τό
8422	γε
8423	ἐπὶ
8424	τοῦ
8425	τροχοῦ
8426	ἅμα
8427	περιδινουμένου
8428	γράφειν
8429	τε
8430	καὶ
8431	ἀναγιγνώσκειν
8432	θαῦμα
8433	μὲν
8434	ἴσως
8435	τί
8436	ἐστιν
8437	,
8438	ἡδονὴν
8439	δὲ
8440	οὐ
8441	δὲ
8442	ταῦτα
8443	δύναμαι
8444	γνῶναι
8445	τίν’
8446	ἂν
8447	παράσχοι
8448	.
8449	οὐ
8450	δὲ
8451	μὴν
8452	τό
8453	γε
8454	διαστρέφοντας
8455	τὰ
8456	σώματα
8457	καὶ
8458	τροχοὺς
8459	μιμουμένους
8460	ἥδιον
8461	ἢ
8462	ἡσυχίαν
8463	ἔχοντας
8464	τοὺς
8465	καλοὺς
8466	καὶ
8467	ὡραίους
8468	θεωρεῖν
8469	.
8470	καὶ
8471	γὰρ
8472	δὴ
8473	οὐ
8474	δὲ
8475	πάνυ
8476	τι
8477	σπάνιον
8478	τό
8479	γε
8480	θαυμασίοις
8481	ἐντυχεῖν
8482	,
8483	εἴ
8484	τις
8485	τούτου
8486	δεῖται
8487	,
8488	ἀλλ’
8489	ἔξεστιν
8490	αὐτίκα
8491	μάλα
8492	τὰ
8493	παρόντα
8494	θαυμάζειν
8495	,
8496	τί
8497	ποτε
8498	ὁ
8499	μὲν
8500	λύχνος
8501	διὰ
8502	τὸ
8503	λαμπρὰν
8504	φλόγα
8505	ἔχειν
8506	φῶς
8507	παρέχει
8508	,
8509	τὸ
8510	δὲ
8511	χαλκεῖον
8512	λαμπρὸν
8513	ὂν
8514	φῶς
8515	μὲν
8516	οὐ
8517	ποιεῖ
8518	,
8519	ἐν
8520	αὑτῷ
8521	δὲ
8522	ἄλλα
8523	ἐμφαινόμενα
8524	παρέχεται
8525	·
8526	καὶ
8527	πῶς
8528	τὸ
8529	μὲν
8530	ἔλαιον
8531	ὑγρὸν
8532	ὂν
8533	αὔξει
8534	τὴν
8535	φλόγα
8536	,
8537	τὸ
8538	δὲ
8539	ὕδωρ
8540	,
8541	ὅτι
8542	ὑγρόν
8543	ἐστι
8544	,
8545	κατασβέννυσι
8546	τὸ
8547	πῦρ
8548	.
8549	ἀλλὰ
8550	γὰρ
8551	καὶ
8552	ταῦτα
8553	μὲν
8554	οὐκ
8555	εἰς
8556	τ
8557	αὐτὸν
8558	τῷ
8559	οἴνῳ
8560	ἐπισπεύδει
8561	·
8562	εἰ
8563	δὲ
8564	ὀρχοῖντο
8565	πρὸς
8566	τὸν
8567	αὐλὸν
8568	σχήματα
8569	ἐν
8570	οἷς
8571	Χάριτές
8572	τε
8573	καὶ
8574	Ὧραι
8575	καὶ
8576	Νύμφαι
8577	γράφονται
8578	,
8579	πολὺ
8580	ἂν
8581	οἶμαι
8582	αὐτούς
8583	γε
8584	ῥᾷον
8585	διάγειν
8586	καὶ
8587	τὸ
8588	συμπόσιον
8589	πολὺ
8590	ἐπιχαριτώτερον
8591	εἶναι
8592	.
8593	ὁ
8594	οὖν
8595	Συρακόσιος
8596	,
8597	ἀλλὰ
8598	ναὶ
8599	μὰ
8600	τὸν
8601	Δί’
8602	,
8603	ἔφη
8604	,
8605	ὦ
8606	Σώκρατες
8607	,
8608	καλῶς
8609	τε
8610	λέγεις
8611	καὶ
8612	ἐγὼ
8613	εἰσάξω
8614	θεάματα
8615	ἐφ’
8616	οἷς
8617	ὑμεῖς
8618	εὐφρανεῖσθε
8619	.
8620	ὁ
8621	μὲν
8622	δὴ
8623	Συρακόσιος
8624	ἐξελθὼν
8625	συνεκροτεῖτο
8626	·
8627	ὁ
8628	δὲ
8629	Σωκράτης
8630	πάλιν
8631	αὖ
8632	καινοῦ
8633	λόγου
8634	κατῆρχεν
8635	.
8636	ἆρ’
8637	,
8638	ἔφη
8639	,
8640	ὦ
8641	ἄνδρες
8642	,
8643	εἰκὸς
8644	ἡμᾶς
8645	παρόντος
8646	δαίμονος
8647	μεγάλου
8648	καὶ
8649	τῷ
8650	μὲν
8651	χρόνῳ
8652	ἰσήλικος
8653	τοῖς
8654	ἀειγενέσι
8655	θεοῖς
8656	,
8657	τῇ
8658	δὲ
8659	μορφῇ
8660	νεωτάτου
8661	,
8662	καὶ
8663	μεγέθει
8664	πάντα
8665	ἐπέχοντος
8666	,
8667	ψυχῇ
8668	δὲ
8669	ἀνθρώπου
8670	ἱδρυμένου
8671	,
8672	Ἔρωτος
8673	,
8674	μὴ
8675	ἂν
8676	ἀμνημονῆσαι
8677	,
8678	ἄλλως
8679	τε
8680	καὶ
8681	ἐπειδὴ
8682	πάντες
8683	ἐσμὲν
8684	τοῦ
8685	θεοῦ
8686	τούτου
8687	θιασῶται
8688	;
8689	ἐγώ
8690	τε
8691	γὰρ
8692	οὐκ
8693	ἔχω
8694	χρόνον
8695	εἰπεῖν
8696	ἐν
8697	ᾧ
8698	οὐκ
8699	ἐρῶν
8700	τινος
8701	διατελῶ
8702	,
8703	Χαρμίδην
8704	δὲ
8705	τόνδε
8706	οἶδα
8707	πολλοὺς
8708	μὲν
8709	ἐραστὰς
8710	κτησάμενον
8711	,
8712	ἔστι
8713	δὲ
8714	ὧν
8715	καὶ
8716	αὐτὸν
8717	ἐπιθυμήσαντα
8718	·
8719	Κριτόβουλός
8720	γε
8721	μὴν
8722	ἔτι
8723	καὶ
8724	νῦν
8725	ἐρώμενος
8726	ὢν
8727	ἤδη
8728	ἄλλων
8729	ἐπιθυμεῖ
8730	.
8731	ἀλλὰ
8732	μὴν
8733	καὶ
8734	ὁ
8735	Νικήρατος
8736	,
8737	ὡς
8738	ἐγὼ
8739	ἀκούω
8740	,
8741	ἐρῶν
8742	τῆς
8743	γυναικὸς
8744	ἀντερᾶται
8745	.
8746	Ἑρμογένη
8747	γε
8748	μὴν
8749	τίς
8750	ἡμῶν
8751	οὐκ
8752	οἶδεν
8753	ὡς
8754	,
8755	ὅ
8756	τι
8757	ποτ’
8758	ἐστὶν
8759	ἡ
8760	καλοκἀγαθία
8761	,
8762	τῷ
8763	ταύτης
8764	ἔρωτι
8765	κατατήκεται
8766	;
8767	οὐχ
8768	ὁρᾶτε
8769	ὡς
8770	σπουδαῖαι
8771	μὲν
8772	αὐτοῦ
8773	αἱ
8774	ὀφρύες
8775	,
8776	ἀτρεμὲς
8777	δὲ
8778	τὸ
8779	ὄμμα
8780	,
8781	μέτριοι
8782	δὲ
8783	οἱ
8784	λόγοι
8785	,
8786	πραεῖα
8787	δὲ
8788	ἡ
8789	φωνή
8790	,
8791	ἱλαρὸν
8792	δὲ
8793	τὸ
8794	ἦθος
8795	;
8796	τοῖς
8797	δὲ
8798	σεμνοτάτοις
8799	θεοῖς
8800	φίλοις
8801	χρώμενος
8802	οὐδὲν
8803	ἡμᾶς
8804	τοὺς
8805	ἀνθρώπους
8806	ὑπερορᾷ
8807	;
8808	σὺ
8809	δὲ
8810	μόνος
8811	,
8812	ὦ
8813	Ἀντίσθενες
8814	,
8815	οὐδενὸς
8816	ἐρᾷς
8817	;
8818	ναὶ
8819	μὰ
8820	τοὺς
8821	θεούς
8822	,
8823	εἶπεν
8824	ἐκεῖνος
8825	,
8826	καὶ
8827	σφόδρα
8828	γε
8829	σοῦ
8830	.
8831	καὶ
8832	ὁ
8833	Σωκράτης
8834	ἐπισκώψας
8835	ὡς
8836	δὴ
8837	θρυπτόμενος
8838	εἶπε
8839	·
8840	μὴ
8841	νῦν
8842	μοι
8843	ἐν
8844	τῷ
8845	παρόντι
8846	ὄχλον
8847	πάρεχε
8848	·
8849	ὡς
8850	γὰρ
8851	ὁρᾷς
8852	,
8853	ἄλλα
8854	πράττω
8855	.
8856	καὶ
8857	ὁ
8858	Ἀντισθένης
8859	ἔλεξεν
8860	·
8861	ὡς
8862	σαφῶς
8863	μέντοι
8864	σὺ
8865	μαστροπὲ
8866	σαυτοῦ
8867	ἀεὶ
8868	τοιαῦτα
8869	ποιεῖς
8870	·
8871	τοτὲ
8872	μὲν
8873	τὸ
8874	δαιμόνιον
8875	προφασιζόμενος
8876	οὐ
8877	διαλέγῃ
8878	μοι
8879	,
8880	τοτὲ
8881	δ’
8882	ἄλλου
8883	του
8884	ἐφιέμενος
8885	.
8886	καὶ
8887	ὁ
8888	Σωκράτης
8889	ἔφη
8890	·
8891	πρὸς
8892	τῶν
8893	θεῶν
8894	,
8895	ὦ
8896	Ἀντίσθενες
8897	,
8898	μόνον
8899	μὴ
8900	συγκόψῃς
8901	με
8902	·
8903	τὴν
8904	δ’
8905	ἄλλην
8906	χαλεπότητα
8907	ἐγώ
8908	σου
8909	καὶ
8910	φέρω
8911	καὶ
8912	οἴσω
8913	φιλικῶς
8914	.
8915	ἀλλὰ
8916	γάρ
8917	,
8918	ἔφη
8919	,
8920	τὸν
8921	μὲν
8922	σὸν
8923	ἔρωτα
8924	κρύπτωμεν
8925	,
8926	ἐπειδὴ
8927	καὶ
8928	ἔστιν
8929	οὐ
8930	ψυχῆς
8931	ἀλλ’
8932	εὐμορφίας
8933	τῆς
8934	ἐμῆς
8935	.
8936	ὅτι
8937	γε
8938	μὴν
8939	σύ
8940	,
8941	ὦ
8942	Καλλία
8943	,
8944	ἐρᾷς
8945	Αὐτολύκου
8946	πᾶσα
8947	μὲν
8948	ἡ
8949	πόλις
8950	οἶδε
8951	,
8952	πολλοὺς
8953	δ’
8954	οἶμαι
8955	καὶ
8956	τῶν
8957	ξένων
8958	.
8959	τούτου
8960	δ’
8961	αἴτιον
8962	τὸ
8963	πατέρων
8964	τε
8965	ὀνομαστῶν
8966	ἀμφοτέρους
8967	ὑμᾶς
8968	εἶναι
8969	καὶ
8970	αὐτοὺς
8971	ἐπιφανεῖς
8972	.
8973	ἀεὶ
8974	μὲν
8975	οὖν
8976	ἔγωγε
8977	ἠγάμην
8978	τὴν
8979	σὴν
8980	φύσιν
8981	,
8982	νῦν
8983	δὲ
8984	καὶ
8985	πολὺ
8986	μᾶλλον
8987	,
8988	ἐπεὶ
8989	ὁρῶ
8990	σε
8991	ἐρῶντα
8992	οὐχ
8993	ἁβρότητι
8994	χλιδαινομένου
8995	οὐ
8996	δὲ
8997	μαλακίᾳ
8998	θρυπτομένου
8999	,
9000	ἀλλὰ
9001	πᾶσιν
9002	ἐπιδεικνυμένου
9003	ῥώμην
9004	τε
9005	καὶ
9006	καρτερίαν
9007	καὶ
9008	ἀνδρείαν
9009	καὶ
9010	σωφροσύνην
9011	.
9012	τὸ
9013	δὲ
9014	τοιούτων
9015	ἐπιθυμεῖν
9016	τεκμήριόν
9017	ἐστι
9018	τῆς
9019	τοῦ
9020	ἐραστοῦ
9021	φύσεως
9022	.
9023	εἰ
9024	μὲν
9025	οὖν
9026	μία
9027	ἐστὶν
9028	Ἀφροδίτη
9029	ἢ
9030	διτταί
9031	,
9032	Οὐρανία
9033	τε
9034	καὶ
9035	Πάνδημος
9036	,
9037	οὐκ
9038	οἶδα
9039	·
9040	καὶ
9041	γὰρ
9042	Ζεὺς
9043	ὁ
9044	αὐτὸς
9045	δοκῶν
9046	εἶναι
9047	πολλὰς
9048	ἐπωνυμίας
9049	ἔχει
9050	·
9051	ὅτι
9052	γε
9053	μέντοι
9054	χωρὶς
9055	ἑκατέρᾳ
9056	βωμοί
9057	τε
9058	καὶ
9059	ναοί
9060	εἰσι
9061	καὶ
9062	θυσίαι
9063	τῇ
9064	μὲν
9065	Πανδήμῳ
9066	ῥᾳδιουργότεραι
9067	,
9068	τῇ
9069	δὲ
9070	Οὐρανίᾳ
9071	ἁγνότεραι
9072	,
9073	οἶδα
9074	.
9075	εἰκάσαις
9076	δ’
9077	ἂν
9078	καὶ
9079	τοὺς
9080	ἔρωτας
9081	τὴν
9082	μὲν
9083	Πάνδημον
9084	τῶν
9085	σωμάτων
9086	ἐπιπέμπειν
9087	,
9088	τὴν
9089	δ’
9090	Οὐρανίαν
9091	τῆς
9092	ψυχῆς
9093	τε
9094	καὶ
9095	τῆς
9096	φιλίας
9097	καὶ
9098	τῶν
9099	καλῶν
9100	ἔργων
9101	.
9102	ὑφ’
9103	οὗ
9104	δὴ
9105	καὶ
9106	σύ
9107	,
9108	ὦ
9109	Καλλία
9110	,
9111	κατέχεσθαι
9112	μοι
9113	δοκεῖς
9114	ἔρωτος
9115	.
9116	τεκμαίρομαι
9117	δὲ
9118	τῇ
9119	τοῦ
9120	ἐρωμένου
9121	καλοκἀγαθίᾳ
9122	καὶ
9123	ὅτι
9124	σε
9125	ὁρῶ
9126	τὸν
9127	πατέρα
9128	αὐτοῦ
9129	παραλαμβάνοντα
9130	εἰς
9131	τὰς
9132	πρὸς
9133	τοῦτον
9134	συνουσίας
9135	.
9136	οὐδὲν
9137	γὰρ
9138	τούτων
9139	ἐστὶν
9140	ἀπόκρυφον
9141	πατρὸς
9142	τῷ
9143	καλῷ
9144	τε
9145	κ
9146	ἀγαθῷ
9147	ἐραστῇ
9148	.
9149	καὶ
9150	ὁ
9151	Ἑρμογένης
9152	εἶπε
9153	·
9154	νὴ
9155	τὴν
9156	Ἥραν
9157	,
9158	ἔφη
9159	,
9160	ὦ
9161	Σώκρατες
9162	,
9163	ἄλλα
9164	τέ
9165	σου
9166	πολλὰ
9167	ἄγαμαι
9168	καὶ
9169	ὅτι
9170	νῦν
9171	ἅμα
9172	χαριζόμενος
9173	Καλλίᾳ
9174	καὶ
9175	παιδεύεις
9176	αὐτὸν
9177	οἷόνπερ
9178	χρὴ
9179	εἶναι
9180	.
9181	νὴ
9182	Δί’
9183	,
9184	ἔφη
9185	,
9186	ὅπως
9187	δὲ
9188	καὶ
9189	ἔτι
9190	μᾶλλον
9191	εὐφραίνηται
9192	,
9193	βούλομαι
9194	αὐτῷ
9195	μαρτυρῆσαι
9196	ὡς
9197	καὶ
9198	πολὺ
9199	κρείττων
9200	ἐστὶν
9201	ὁ
9202	τῆς
9203	ψυχῆς
9204	ἢ
9205	ὁ
9206	τοῦ
9207	σώματος
9208	ἔρως
9209	.
9210	ὅτι
9211	μὲν
9212	γὰρ
9213	δὴ
9214	ἄνευ
9215	φιλίας
9216	συνουσία
9217	οὐδεμία
9218	ἀξιόλογος
9219	πάντες
9220	ἐπιστάμεθα
9221	.
9222	φιλεῖν
9223	γε
9224	μὴν
9225	τῶν
9226	μὲν
9227	τὸ
9228	ἦθος
9229	ἀγαμένων
9230	ἀνάγκη
9231	ἡδεῖα
9232	καὶ
9233	ἐθελουσία
9234	καλεῖται
9235	·
9236	τῶν
9237	δὲ
9238	τοῦ
9239	σώματος
9240	ἐπιθυμούντων
9241	πολλοὶ
9242	μὲν
9243	τοὺς
9244	τρόπους
9245	μέμφονται
9246	καὶ
9247	μισοῦσι
9248	τῶν
9249	ἐρωμένων
9250	·
9251	ἂν
9252	δὲ
9253	καὶ
9254	ἀμφότερα
9255	στέρξωσι
9256	,
9257	τὸ
9258	μὲν
9259	τῆς
9260	ὥρας
9261	ἄνθος
9262	ταχὺ
9263	δήπου
9264	παρακμάζει
9265	,
9266	ἀπολείποντος
9267	δὲ
9268	τούτου
9269	ἀνάγκη
9270	καὶ
9271	τὴν
9272	φιλίαν
9273	συναπομαραίνεσθαι
9274	,
9275	ἡ
9276	δὲ
9277	ψυχὴ
9278	ὅσονπερ
9279	ἂν
9280	χρόνον
9281	ἴῃ
9282	ἐπὶ
9283	τὸ
9284	φρονιμώτερον
9285	καὶ
9286	ἀξιεραστοτέρα
9287	γίγνεται
9288	.
9289	καὶ
9290	μὴν
9291	ἐν
9292	μὲν
9293	τῇ
9294	τῆς
9295	μορφῆς
9296	χρήσει
9297	ἔνεστί
9298	τις
9299	καὶ
9300	κόρος
9301	,
9302	ὥστε
9303	ἅπερ
9304	καὶ
9305	πρὸς
9306	τὰ
9307	σιτία
9308	διὰ
9309	πλησμονήν
9310	,
9311	ταῦτα
9312	ἀνάγκη
9313	καὶ
9314	πρὸς
9315	τὰ
9316	παιδικὰ
9317	πάσχειν
9318	·
9319	ἡ
9320	δὲ
9321	τῆς
9322	ψυχῆς
9323	φιλία
9324	διὰ
9325	τὸ
9326	ἁγνὴ
9327	εἶναι
9328	καὶ
9329	ἀκορεστοτέρα
9330	ἐστίν
9331	,
9332	οὐ
9333	μέντοι
9334	,
9335	ὥς
9336	γ’
9337	ἄν
9338	τις
9339	οἰηθείη
9340	,
9341	διὰ
9342	τοῦτο
9343	καὶ
9344	ἀνεπαφροδιτοτέρα
9345	,
9346	ἀλλὰ
9347	σαφῶς
9348	καὶ
9349	ἀποτελεῖται
9350	ἡ
9351	εὐχὴ
9352	ἐν
9353	ᾗ
9354	αἰτούμεθα
9355	τὴν
9356	θεὸν
9357	ἐπαφρόδιτα
9358	καὶ
9359	ἔπη
9360	καὶ
9361	ἔργα
9362	διδόναι
9363	.
9364	ὡς
9365	μὲν
9366	γὰρ
9367	ἄγαταί
9368	τε
9369	καὶ
9370	φιλεῖ
9371	τὸν
9372	ἐρώμενον
9373	θάλλουσα
9374	μορφῇ
9375	τε
9376	ἐλευθερίᾳ
9377	καὶ
9378	ἤθει
9379	αἰδήμονί
9380	τε
9381	καὶ
9382	γενναίῳ
9383	ψυχὴ
9384	εὐθὺς
9385	ἐν
9386	τοῖς
9387	ἥλιξιν
9388	ἡγεμονική
9389	τε
9390	ἅμα
9391	καὶ
9392	φιλόφρων
9393	οὖσα
9394	οὐδὲν
9395	ἐπιδεῖται
9396	λόγου
9397	·
9398	ὅτι
9399	δὲ
9400	εἰκὸς
9401	καὶ
9402	ὑπὸ
9403	τῶν
9404	παιδικῶν
9405	τὸν
9406	τοιοῦτον
9407	ἐραστὴν
9408	ἀντιφιλεῖσθαι
9409	,
9410	καὶ
9411	τοῦτο
9412	διδάξω
9413	.
9414	πρῶτον
9415	μὲν
9416	γὰρ
9417	τίς
9418	μισεῖν
9419	δύναιτ’
9420	ἂν
9421	ὑφ’
9422	οὗ
9423	εἰδείη
9424	καλός
9425	τε
9426	καὶ
9427	ἀγαθὸς
9428	νομιζόμενος
9429	;
9430	ἔπειτα
9431	δὲ
9432	ὁρῴη
9433	αὐτὸν
9434	τὰ
9435	τοῦ
9436	παιδὸς
9437	καλὰ
9438	μᾶλλον
9439	ἢ
9440	τὰ
9441	ἑαυτοῦ
9442	ἡδέα
9443	σπουδάζοντα
9444	;
9445	πρὸς
9446	δὲ
9447	τούτοις
9448	πιστεύοι
9449	μήτ’
9450	ἂν
9451	παρά
9452	τι
9453	ποιήσῃ
9454	μήτ’
9455	ἂν
9456	καμὼν
9457	ἀμορφότερος
9458	γένηται
9459	,
9460	μειωθῆναι
9461	ἂν
9462	τὴν
9463	φιλίαν
9464	;
9465	οἷς
9466	γε
9467	μὴν
9468	κοινὸν
9469	τὸ
9470	φιλεῖσθαι
9471	,
9472	πῶς
9473	οὐκ
9474	ἀνάγκη
9475	τούτους
9476	ἡδέως
9477	μὲν
9478	προσορᾶν
9479	ἀλλήλους
9480	,
9481	εὐνοϊκῶς
9482	δὲ
9483	διαλέγεσθαι
9484	,
9485	πιστεύειν
9486	δὲ
9487	καὶ
9488	πιστεύεσθαι
9489	,
9490	καὶ
9491	προνοεῖν
9492	μὲν
9493	ἀλλήλων
9494	,
9495	συνήδεσθαι
9496	δ’
9497	ἐπὶ
9498	ταῖς
9499	καλαῖς
9500	πράξεσι
9501	,
9502	συνάχθεσθαι
9503	δὲ
9504	ἄν
9505	τι
9506	σφάλμα
9507	προσπίπτῃ
9508	,
9509	τότε
9510	δ’
9511	εὐφραινομένους
9512	διατελεῖν
9513	,
9514	ὅταν
9515	ὑγιαίνοντες
9516	συνῶσιν
9517	,
9518	ἂν
9519	δὲ
9520	κάμῃ
9521	ὁπότερος
9522	οὖν
9523	,
9524	πολὺ
9525	συνεχεστέραν
9526	τὴν
9527	συνουσίαν
9528	ἔχειν
9529	,
9530	καὶ
9531	ἀπόντων
9532	ἔτι
9533	μᾶλλον
9534	ἢ
9535	παρόντων
9536	ἐπιμελεῖσθαι
9537	;
9538	οὐ
9539	ταῦτα
9540	πάντα
9541	ἐπαφρόδιτα
9542	;
9543	διά
9544	γέ
9545	τοι
9546	τὰ
9547	τοιαῦτα
9548	ἔργα
9549	ἅμα
9550	ἐρῶντες
9551	τῆς
9552	φιλίας
9553	καὶ
9554	χρώμενοι
9555	αὐτῇ
9556	εἰς
9557	γῆρας
9558	διατελοῦσι
9559	.
9560	τὸν
9561	δὲ
9562	ἐκ
9563	τοῦ
9564	σώματος
9565	κρεμάμενον
9566	διὰ
9567	τί
9568	ἀντιφιλήσειεν
9569	ἂν
9570	ὁ
9571	παῖς
9572	;
9573	πότερον
9574	ὅτι
9575	ἑαυτῷ
9576	μὲν
9577	νέμει
9578	ὧν
9579	ἐπιθυμεῖ
9580	,
9581	τῷ
9582	δὲ
9583	παιδὶ
9584	τὰ
9585	ἐπονειδιστότατα
9586	;
9587	ἢ
9588	διότι
9589	ἃ
9590	σπεύδει
9591	πράττειν
9592	παρὰ
9593	τῶν
9594	παιδικῶν
9595	,
9596	εἴργει
9597	μάλιστα
9598	τοὺς
9599	οἰκείους
9600	ἀπὸ
9601	τούτων
9602	;
9603	καὶ
9604	μὴν
9605	ὅτι
9606	γε
9607	οὐ
9608	βιάζεται
9609	,
9610	ἀλλὰ
9611	πείθει
9612	,
9613	διὰ
9614	τοῦτο
9615	μᾶλλον
9616	μισητέος
9617	.
9618	ὁ
9619	μὲν
9620	γὰρ
9621	βιαζόμενος
9622	ἑαυτὸν
9623	πονηρὸν
9624	ἀποδεικνύει
9625	,
9626	ὁ
9627	δὲ
9628	πείθων
9629	τὴν
9630	τοῦ
9631	ἀναπειθομένου
9632	ψυχὴν
9633	διαφθείρει
9634	.
9635	ἀλλὰ
9636	μὴν
9637	καὶ
9638	ὁ
9639	χρημάτων
9640	γε
9641	ἀπεμπολῶν
9642	τὴν
9643	ὥραν
9644	τί
9645	μᾶλλον
9646	στέρξει
9647	τὸν
9648	πριάμενον
9649	ἢ
9650	ὁ
9651	ἐν
9652	ἀγορᾷ
9653	πωλῶν
9654	καὶ
9655	ἀποδιδόμενος
9656	;
9657	οὐ
9658	μὴν
9659	ὅτι
9660	γε
9661	ὡραῖος
9662	ἀώρῳ
9663	,
9664	οὐ
9665	δὲ
9666	ὅτι
9667	γε
9668	καλὸς
9669	οὐκέτι
9670	καλῷ
9671	καὶ
9672	ἐρῶντι
9673	οὐκ
9674	ἐρῶν
9675	ὁμιλεῖ
9676	,
9677	φιλήσει
9678	αὐτόν
9679	.
9680	οὐ
9681	δὲ
9682	γὰρ
9683	ὁ
9684	παῖς
9685	τῷ
9686	ἀνδρὶ
9687	ὥσπερ
9688	γυνὴ
9689	κοινωνεῖ
9690	τῶν
9691	ἐν
9692	τοῖς
9693	ἀφροδισίοις
9694	εὐφροσυνῶν
9695	,
9696	ἀλλὰ
9697	νήφων
9698	μεθύοντα
9699	ὑπὸ
9700	τῆς
9701	ἀφροδίτης
9702	θεᾶται
9703	.
9704	ἐξ
9705	ὧν
9706	οὐδὲν
9707	θαυμαστὸν
9708	εἰ
9709	καὶ
9710	τὸ
9711	ὑπερορᾶν
9712	ἐγγίγνεται
9713	αὐτῷ
9714	τοῦ
9715	ἐραστοῦ
9716	.
9717	καὶ
9718	σκοπῶν
9719	δ’
9720	ἄν
9721	τις
9722	εὕροι
9723	ἐκ
9724	μὲν
9725	τῶν
9726	διὰ
9727	τοὺς
9728	τρόπους
9729	φιλουμένων
9730	οὐδὲν
9731	χαλεπὸν
9732	γεγενημένον
9733	,
9734	ἐκ
9735	δὲ
9736	τῆς
9737	ἀναιδοῦς
9738	ὁμιλίας
9739	πολλὰ
9740	ἤδη
9741	καὶ
9742	ἀνόσια
9743	πεπραγμένα
9744	.
9745	ὡς
9746	δὲ
9747	καὶ
9748	ἀνελεύθερος
9749	ἡ
9750	συνουσία
9751	τῷ
9752	τὸ
9753	σῶμα
9754	μᾶλλον
9755	ἢ
9756	τῷ
9757	τὴν
9758	ψυχὴν
9759	ἀγαπῶντι
9760	,
9761	νῦν
9762	τοῦτο
9763	δηλώσω
9764	.
9765	ὁ
9766	μὲν
9767	γὰρ
9768	παιδεύων
9769	λέγειν
9770	τε
9771	ἃ
9772	δεῖ
9773	καὶ
9774	πράττειν
9775	δικαίως
9776	ἂν
9777	ὥσπερ
9778	Χείρων
9779	καὶ
9780	Φοῖνιξ
9781	ὑπ’
9782	Ἀχιλλέως
9783	τιμῷτο
9784	,
9785	ὁ
9786	δὲ
9787	τοῦ
9788	σώματος
9789	ὀρεγόμενος
9790	εἰκότως
9791	ἂν
9792	ὥσπερ
9793	πτωχὸς
9794	περιέποιτο
9795	.
9796	ἀεὶ
9797	γάρ
9798	τοι
9799	προσαιτῶν
9800	καὶ
9801	προσδεόμενος
9802	ἢ
9803	φιλήματος
9804	ἢ
9805	ἄλλου
9806	τινὸς
9807	ψηλαφήματος
9808	παρακολουθεῖ
9809	.
9810	εἰ
9811	δὲ
9812	λαμυρώτερον
9813	λέγω
9814	,
9815	μὴ
9816	θαυμάζετε
9817	·
9818	ὅ
9819	τε
9820	γὰρ
9821	οἶνος
9822	συνεπαίρει
9823	καὶ
9824	ὁ
9825	ἀεὶ
9826	σύνοικος
9827	ἐμοὶ
9828	ἔρως
9829	κεντρίζει
9830	εἰς
9831	τὸν
9832	ἀντίπαλον
9833	ἔρωτα
9834	αὐτῷ
9835	παρρησιάζεσθαι
9836	.
9837	καὶ
9838	γὰρ
9839	δὴ
9840	δοκεῖ
9841	μοι
9842	ὁ
9843	μὲν
9844	τῷ
9845	εἴδει
9846	τὸν
9847	νοῦν
9848	προσέχων
9849	μεμισθωμένῳ
9850	χῶρον
9851	ἐοικέναι
9852	.
9853	οὐ
9854	γὰρ
9855	ὅπως
9856	πλείονος
9857	ἄξιος
9858	γένηται
9859	ἐπιμελεῖται
9860	,
9861	ἀλλ’
9862	ὅπως
9863	αὐτὸς
9864	ὅτι
9865	πλεῖστα
9866	ὡραῖα
9867	καρπώσεται
9868	.
9869	ὁ
9870	δὲ
9871	τῆς
9872	φιλίας
9873	ἐφιέμενος
9874	μᾶλλον
9875	ἔοικε
9876	τῷ
9877	τὸν
9878	οἰκεῖον
9879	ἀγρὸν
9880	κεκτημένῳ
9881	·
9882	πάντοθεν
9883	γοῦν
9884	φέρων
9885	ὅ
9886	τι
9887	ἂν
9888	δύνηται
9889	πλείονος
9890	ἄξιον
9891	ποιεῖ
9892	τὸν
9893	ἐρώμενον
9894	.
9895	καὶ
9896	μὴν
9897	καὶ
9898	τῶν
9899	παιδικῶν
9900	ὃς
9901	μὲν
9902	ἂν
9903	εἰδῇ
9904	ὅτι
9905	ὁ
9906	τοῦ
9907	εἴδους
9908	ἐπαρκῶν
9909	ἄρξει
9910	τοῦ
9911	ἐραστοῦ
9912	,
9913	εἰκὸς
9914	αὐτὸν
9915	τ
9916	ἆλλα
9917	ῥᾳδιουργεῖν
9918	·
9919	ὃς
9920	δ’
9921	ἂν
9922	γιγνώσκῃ
9923	ὅτι
9924	ἂν
9925	μὴ
9926	καλὸς
9927	κ
9928	ἀγαθὸς
9929	ᾖ
9930	,
9931	οὐ
9932	καθέξει
9933	τὴν
9934	φιλίαν
9935	,
9936	τοῦτον
9937	προσήκει
9938	μᾶλλον
9939	ἀρετῆς
9940	ἐπιμελεῖσθαι
9941	.
9942	μέγιστον
9943	δ’
9944	ἀγαθὸν
9945	τῷ
9946	ὀρεγομένῳ
9947	ἐκ
9948	παιδικῶν
9949	φίλον
9950	ἀγαθὸν
9951	ποιήσασθαι
9952	ὅτι
9953	ἀνάγκη
9954	καὶ
9955	αὐτὸν
9956	ἀσκεῖν
9957	ἀρετήν
9958	.
9959	οὐ
9960	γὰρ
9961	οἷόν
9962	τε
9963	πονηρὰ
9964	αὐτὸν
9965	ποιοῦντα
9966	ἀγαθὸν
9967	τὸν
9968	συνόντα
9969	ἀποδεῖξαι
9970	,
9971	οὐ
9972	δέ
9973	γε
9974	ἀναισχυντίαν
9975	καὶ
9976	ἀκρασίαν
9977	παρεχόμενον
9978	ἐγκρατῆ
9979	καὶ
9980	αἰδούμενον
9981	τὸν
9982	ἐρώμενον
9983	ποιῆσαι
9984	.
9985	ἐπιθυμῶ
9986	δέ
9987	σοι
9988	,
9989	ἔφη
9990	,
9991	ὦ
9992	Καλλία
9993	,
9994	καὶ
9995	μυθολογῆσαι
9996	ὡς
9997	οὐ
9998	μόνον
9999	ἄνθρωποι
10000	ἀλλὰ
10001	καὶ
10002	θεοὶ
10003	καὶ
10004	ἥρωες
10005	τὴν
10006	τῆς
10007	ψυχῆς
10008	φιλίαν
10009	περὶ
10010	πλείονος
10011	ἢ
10012	τὴν
10013	τοῦ
10014	σώματος
10015	χρῆσιν
10016	ποιοῦνται
10017	.
10018	Ζεύς
10019	τε
10020	γὰρ
10021	ὅσων
10022	μὲν
10023	θνητῶν
10024	οὐσῶν
10025	μορφῆς
10026	ἠράσθη
10027	,
10028	συγγενόμενος
10029	εἴα
10030	αὐτὰς
10031	θνητὰς
10032	εἶναι
10033	·
10034	ὅσων
10035	δὲ
10036	ψυχαῖς
10037	ἀγαθαῖς
10038	ἀγασθείη
10039	,
10040	ἀθανάτους
10041	τούτους
10042	ἐποίει
10043	·
10044	ὧν
10045	Ἡρακλῆς
10046	μὲν
10047	καὶ
10048	Διόσκουροί
10049	εἰσι
10050	,
10051	λέγονται
10052	δὲ
10053	καὶ
10054	ἄλλοι
10055	·
10056	καὶ
10057	ἐγὼ
10058	δέ
10059	φημι
10060	καὶ
10061	Γανυμήδην
10062	οὐ
10063	σώματος
10064	ἀλλὰ
10065	ψυχῆς
10066	ἕνεκα
10067	ὑπὸ
10068	Διὸς
10069	εἰς
10070	Ὄλυμπον
10071	ἀνενεχθῆναι
10072	.
10073	μαρτυρεῖ
10074	δὲ
10075	καὶ
10076	τ
10077	οὔνομα
10078	αὐτοῦ
10079	·
10080	ἔστι
10081	μὲν
10082	γὰρ
10083	δήπου
10084	καὶ
10085	Ὁμήρῳ
10086	γάνυται
10087	δέ
10088	τ’
10089	ἀκούων
10090	.
10091	τοῦτο
10092	δὲ
10093	φράζει
10094	ὅτι
10095	ἥδεται
10096	δέ
10097	τ’
10098	ἀκούων
10099	.
10100	ἔστι
10101	δὲ
10102	καὶ
10103	ἄλλοθί
10104	που
10105	πυκινὰ
10106	φρεσὶ
10107	μήδεα
10108	εἰδώς
10109	.
10110	τοῦτο
10111	δ’
10112	αὖ
10113	λέγει
10114	σοφὰ
10115	φρεσὶ
10116	βουλεύματα
10117	εἰδώς
10118	.
10119	ἐξ
10120	οὖν
10121	συναμφοτέρων
10122	τούτων
10123	οὐχ
10124	ἡδυσώματος
10125	ὀνομασθεὶς
10126	ὁ
10127	Γανυμήδης
10128	ἀλλ’
10129	ἡδυγνώμων
10130	ἐν
10131	θεοῖς
10132	τετίμηται
10133	.
10134	ἀλλὰ
10135	μήν
10136	,
10137	ὦ
10138	Νικήρατε
10139	,
10140	καὶ
10141	Ἀχιλλεὺς
10142	Ὁμήρῳ
10143	πεποίηται
10144	οὐχ
10145	ὡς
10146	παιδικοῖς
10147	Πατρόκλῳ
10148	ἀλλ’
10149	ὡς
10150	ἑταίρῳ
10151	ἀποθανόντι
10152	ἐκπρεπέστατα
10153	τιμωρῆσαι
10154	.
10155	καὶ
10156	Ὀρέστης
10157	δὲ
10158	καὶ
10159	Πυλάδης
10160	καὶ
10161	Θησεὺς
10162	καὶ
10163	Πειρίθους
10164	καὶ
10165	ἄλλοι
10166	δὲ
10167	πολλοὶ
10168	τῶν
10169	ἡμιθέων
10170	οἱ
10171	ἄριστοι
10172	ὑμνοῦνται
10173	οὐ
10174	διὰ
10175	τὸ
10176	συγκαθεύδειν
10177	ἀλλὰ
10178	διὰ
10179	τὸ
10180	ἄγασθαι
10181	ἀλλήλους
10182	τὰ
10183	μέγιστα
10184	καὶ
10185	κάλλιστα
10186	κοινῇ
10187	διαπεπρᾶχθαι
10188	.
10189	τί
10190	δέ
10191	,
10192	τὰ
10193	νῦν
10194	καλὰ
10195	ἔργα
10196	οὐ
10197	πάντ’
10198	ἂν
10199	εὕροι
10200	τις
10201	ἕνεκα
10202	ἐπαίνου
10203	ὑπὸ
10204	τῶν
10205	καὶ
10206	πονεῖν
10207	καὶ
10208	κινδυνεύειν
10209	ἐθελόντων
10210	πραττόμενα
10211	μᾶλλον
10212	ἢ
10213	ὑπὸ
10214	τῶν
10215	ἐθιζομένων
10216	ἡδονὴν
10217	ἀντ’
10218	εὐκλείας
10219	αἱρεῖσθαι
10220	;
10221	καίτοι
10222	Παυσανίας
10223	γε
10224	ὁ
10225	Ἀγάθωνος
10226	τοῦ
10227	ποιητοῦ
10228	ἐραστὴς
10229	ἀπολογούμενος
10230	ὑπὲρ
10231	τῶν
10232	ἀκρασίᾳ
10233	ἐγκαλινδουμένων
10234	εἴρηκεν
10235	ὡς
10236	καὶ
10237	στράτευμα
10238	ἀλκιμώτατον
10239	ἂν
10240	γένοιτο
10241	ἐκ
10242	παιδικῶν
10243	τε
10244	καὶ
10245	ἐραστῶν
10246	.
10247	τούτους
10248	γὰρ
10249	ἂν
10250	ἔφη
10251	οἴεσθαι
10252	μάλιστα
10253	αἰδεῖσθαι
10254	ἀλλήλους
10255	ἀπολείπειν
10256	,
10257	θαυμαστὰ
10258	λέγων
10259	,
10260	εἴ
10261	γε
10262	οἱ
10263	ψόγου
10264	τε
10265	ἀφροντιστεῖν
10266	καὶ
10267	ἀναισχυντεῖν
10268	πρὸς
10269	ἀλλήλους
10270	ἐθιζόμενοι
10271	,
10272	οὗτοι
10273	μάλιστα
10274	αἰσχυνοῦνται
10275	αἰσχρόν
10276	τι
10277	ποιεῖν
10278	.
10279	καὶ
10280	μαρτύρια
10281	δὲ
10282	ἐπήγετο
10283	ὡς
10284	ταῦτα
10285	ἐγνωκότες
10286	εἶεν
10287	καὶ
10288	Θηβαῖοι
10289	καὶ
10290	Ἠλεῖοι
10291	·
10292	συγκαθεύδοντας
10293	γοῦν
10294	αὐτοῖς
10295	ὅμως
10296	παρατάττεσθαι
10297	ἔφη
10298	τὰ
10299	παιδικὰ
10300	εἰς
10301	τὸν
10302	ἀγῶνα
10303	,
10304	οὐδὲν
10305	τοῦτο
10306	σημεῖον
10307	λέγων
10308	ὅμοιον
10309	.
10310	ἐκείνοις
10311	μὲν
10312	γὰρ
10313	ταῦτα
10314	νόμιμα
10315	,
10316	ἡμῖν
10317	δ’
10318	ἐπονείδιστα
10319	.
10320	δοκοῦσι
10321	δ’
10322	ἔμοιγε
10323	οἱ
10324	μὲν
10325	παραταττόμενοι
10326	ἀπιστοῦσιν
10327	ἐοικέναι
10328	μὴ
10329	χωρὶς
10330	γενόμενοι
10331	οἱ
10332	ἐρώμενοι
10333	οὐκ
10334	ἀποτελῶσι
10335	τὰ
10336	τῶν
10337	ἀγαθῶν
10338	ἀνδρῶν
10339	ἔργα
10340	.
10341	Λακεδαιμόνιοι
10342	δὲ
10343	οἱ
10344	νομίζοντες
10345	,
10346	ἐὰν
10347	καὶ
10348	ὀρεχθῇ
10349	τις
10350	σώματος
10351	,
10352	μηδενὸς
10353	ἂν
10354	ἔτι
10355	καλοῦ
10356	κ
10357	ἀγαθοῦ
10358	τοῦτον
10359	τυχεῖν
10360	,
10361	οὕτω
10362	τελέως
10363	τοὺς
10364	ἐρωμένους
10365	ἀγαθοὺς
10366	ἀπεργάζονται
10367	ὡς
10368	καὶ
10369	μετὰ
10370	ξένων
10371	κ
10372	ἂν
10373	μὴ
10374	ἐν
10375	τῇ
10376	αὐτῇ
10377	πόλει
10378	ταχθῶσι
10379	τῷ
10380	ἐραστῇ
10381	,
10382	ὁμοίως
10383	αἰδοῦνται
10384	τοὺς
10385	παρόντας
10386	ἀπολείπειν
10387	.
10388	θεὰν
10389	γὰρ
10390	οὐ
10391	τὴν
10392	Ἀναίδειαν
10393	ἀλλὰ
10394	τὴν
10395	Αἰδῶ
10396	νομίζουσι
10397	.
10398	δοκοῦμεν
10399	δ’
10400	ἄν
10401	μοι
10402	πάντες
10403	ὁμόλογοι
10404	γενέσθαι
10405	περὶ
10406	ὧν
10407	λέγω
10408	,
10409	εἰ
10410	ὧδε
10411	ἐπισκοποῖμεν
10412	,
10413	τῷ
10414	ποτέρως
10415	παιδὶ
10416	φιληθέντι
10417	μᾶλλον
10418	ἄν
10419	τις
10420	πιστεύσειεν
10421	ἢ
10422	χρήματα
10423	ἢ
10424	τέκνα
10425	ἢ
10426	χάριτας
10427	παρακατατίθεσθαι
10428	.
10429	ἐγὼ
10430	μὲν
10431	γὰρ
10432	οἶμαι
10433	καὶ
10434	αὐτὸν
10435	τὸν
10436	τῷ
10437	εἴδει
10438	τοῦ
10439	ἐρωμένου
10440	χρώμενον
10441	μᾶλλον
10442	ἂν
10443	ταῦτα
10444	πάντα
10445	τῷ
10446	τὴν
10447	ψυχὴν
10448	ἐρασμίῳ
10449	πιστεῦσαι
10450	.
10451	σοί
10452	γε
10453	μήν
10454	,
10455	ὦ
10456	Καλλία
10457	,
10458	δοκεῖ
10459	μοι
10460	ἄξιον
10461	εἶναι
10462	καὶ
10463	θεοῖς
10464	χάριν
10465	εἰδέναι
10466	ὅτι
10467	σοι
10468	Αὐτολύκου
10469	ἔρωτα
10470	ἐνέβαλον
10471	.
10472	ὡς
10473	μὲν
10474	γὰρ
10475	φιλότιμός
10476	ἐστιν
10477	εὔδηλον
10478	,
10479	ὃς
10480	τοῦ
10481	κηρυχθῆναι
10482	ἕνεκα
10483	νικῶν
10484	παγκράτιον
10485	πολλοὺς
10486	μὲν
10487	πόνους
10488	,
10489	πολλὰ
10490	δ’
10491	ἄλγη
10492	ἀνέχεται
10493	.
10494	εἰ
10495	δὲ
10496	οἴοιτο
10497	μὴ
10498	μόνον
10499	ἑαυτὸν
10500	καὶ
10501	τὸν
10502	πατέρα
10503	κοσμήσειν
10504	,
10505	ἀλλ’
10506	ἱκανὸς
10507	γενήσεσθαι
10508	δι’
10509	ἀνδραγαθίαν
10510	καὶ
10511	φίλους
10512	εὖ
10513	ποιεῖν
10514	καὶ
10515	τὴν
10516	πατρίδα
10517	αὔξειν
10518	τροπαῖα
10519	τῶν
10520	πολεμίων
10521	ἱστάμενος
10522	,
10523	καὶ
10524	διὰ
10525	ταῦτα
10526	περίβλεπτός
10527	τε
10528	καὶ
10529	ὀνομαστὸς
10530	ἔσεσθαι
10531	καὶ
10532	ἐν
10533	Ἕλλησι
10534	καὶ
10535	ἐν
10536	βαρβάροις
10537	,
10538	πῶς
10539	οὐκ
10540	οἴει
10541	αὐτόν
10542	,
10543	ὅντιν’
10544	ἡγοῖτο
10545	εἰς
10546	ταῦτα
10547	συνεργὸν
10548	εἶναι
10549	κράτιστον
10550	,
10551	τοῦτον
10552	ταῖς
10553	μεγίσταις
10554	ἂν
10555	τιμαῖς
10556	περιέπειν
10557	;
10558	εἰ
10559	οὖν
10560	βούλει
10561	τούτῳ
10562	ἀρέσκειν
10563	,
10564	σκεπτέον
10565	μέν
10566	σοι
10567	ποῖα
10568	ἐπιστάμενος
10569	Θεμιστοκλῆς
10570	ἱκανὸς
10571	ἐγένετο
10572	τὴν
10573	Ἑλλάδα
10574	ἐλευθεροῦν
10575	,
10576	σκεπτέον
10577	δὲ
10578	ποῖά
10579	ποτε
10580	εἰδὼς
10581	Περικλῆς
10582	κράτιστος
10583	ἐδόκει
10584	τῇ
10585	πατρίδι
10586	σύμβουλος
10587	εἶναι
10588	,
10589	ἀθρητέον
10590	δὲ
10591	καὶ
10592	πῶς
10593	ποτε
10594	Σόλων
10595	φιλοσοφήσας
10596	νόμους
10597	κρατίστους
10598	τῇ
10599	πόλει
10600	κατέθηκεν
10601	,
10602	ἐρευνητέον
10603	δὲ
10604	καὶ
10605	ποῖα
10606	Λακεδαιμόνιοι
10607	ἀσκοῦντες
10608	κράτιστοι
10609	δοκοῦσιν
10610	ἡγεμόνες
10611	εἶναι
10612	·
10613	προξενεῖς
10614	δὲ
10615	καὶ
10616	κατάγονται
10617	ἀεὶ
10618	παρὰ
10619	σοὶ
10620	οἱ
10621	κράτιστοι
10622	αὐτῶν
10623	.
10624	ὡς
10625	μὲν
10626	οὖν
10627	σοι
10628	ἡ
10629	πόλις
10630	ταχὺ
10631	ἂν
10632	ἐπιτρέψειεν
10633	αὑτήν
10634	,
10635	εἰ
10636	βούλει
10637	,
10638	εὖ
10639	ἴσθι
10640	.
10641	τὰ
10642	μέγιστα
10643	γάρ
10644	σοι
10645	ὑπάρχει
10646	·
10647	εὐπατρίδης
10648	εἶ
10649	,
10650	ἱερεὺς
10651	θεῶν
10652	τῶν
10653	ἀπ’
10654	Ἐρεχθέως
10655	,
10656	οἳ
10657	καὶ
10658	ἐπὶ
10659	τὸν
10660	βάρβαρον
10661	σὺν
10662	Ἰάκχῳ
10663	ἐστράτευσαν
10664	,
10665	καὶ
10666	νῦν
10667	ἐν
10668	τῇ
10669	ἑορτῇ
10670	ἱεροπρεπέστατος
10671	δοκεῖς
10672	εἶναι
10673	τῶν
10674	προγεγενημένων
10675	,
10676	καὶ
10677	σῶμα
10678	ἀξιοπρεπέστατον
10679	μὲν
10680	ἰδεῖν
10681	τῆς
10682	πόλεως
10683	ἔχεις
10684	,
10685	ἱκανὸν
10686	δὲ
10687	μόχθους
10688	ὑποφέρειν
10689	.
10690	εἰ
10691	δ’
10692	ὑμῖν
10693	δοκῶ
10694	σπουδαιολογῆσαι
10695	μᾶλλον
10696	ἢ
10697	παρὰ
10698	πότον
10699	πρέπει
10700	,
10701	μη
10702	δὲ
10703	τοῦτο
10704	θαυμάζετε
10705	.
10706	ἀγαθῶν
10707	γὰρ
10708	φύσει
10709	καὶ
10710	τῆς
10711	ἀρετῆς
10712	φιλοτίμως
10713	ἐφιεμένων
10714	ἀεί
10715	ποτε
10716	τῇ
10717	πόλει
10718	συνεραστὴς
10719	ὢν
10720	διατελῶ
10721	.
10722	οἱ
10723	μὲν
10724	δὴ
10725	ἄλλοι
10726	περὶ
10727	τῶν
10728	ῥηθέντων
10729	διελέγοντο
10730	,
10731	ὁ
10732	δ’
10733	Αὐτόλυκος
10734	κατεθεᾶτο
10735	τὸν
10736	Καλλίαν
10737	.
10738	καὶ
10739	ὁ
10740	Καλλίας
10741	δὲ
10742	παρορῶν
10743	εἰς
10744	ἐκεῖνον
10745	εἶπεν
10746	·
10747	οὐκοῦν
10748	σύ
10749	με
10750	,
10751	ὦ
10752	Σώκρατες
10753	,
10754	μαστροπεύσεις
10755	πρὸς
10756	τὴν
10757	πόλιν
10758	,
10759	ὅπως
10760	πράττω
10761	τὰ
10762	πολιτικὰ
10763	καὶ
10764	ἀεὶ
10765	ἀρεστὸς
10766	ὦ
10767	αὐτῇ
10768	;
10769	ναὶ
10770	μὰ
10771	Δί’
10772	,
10773	ἔφη
10774	,
10775	ἂν
10776	ὁρῶσί
10777	γέ
10778	σε
10779	μὴ
10780	τῷ
10781	δοκεῖν
10782	ἀλλὰ
10783	τῷ
10784	ὄντι
10785	ἀρετῆς
10786	ἐπιμελούμενον
10787	.
10788	ἡ
10789	μὲν
10790	γὰρ
10791	ψευδὴς
10792	δόξα
10793	ταχὺ
10794	ἐλέγχεται
10795	ὑπὸ
10796	τῆς
10797	πείρας
10798	·
10799	ἡ
10800	δ’
10801	ἀληθὴς
10802	ἀνδραγαθία
10803	,
10804	ἂν
10805	μὴ
10806	θεὸς
10807	βλάπτῃ
10808	,
10809	ἀεὶ
10810	ἐν
10811	ταῖς
10812	πράξεσι
10813	λαμπροτέραν
10814	τὴν
10815	εὔκλειαν
10816	συμπαρέχεται
10817	.
10818	οὗτος
10819	μὲν
10820	δὴ
10821	ὁ
10822	λόγος
10823	ἐνταῦθα
10824	ἔληξεν
10825	.
10826	Αὐτόλυκος
10827	δὲ
10828	(
10829	ἤδη
10830	γὰρ
10831	ὥρα
10832	ἦν
10833	αὐτῷ
10834	)
10835	ἐξανίστατο
10836	εἰς
10837	περίπατον
10838	·
10839	καὶ
10840	ὁ
10841	Λύκων
10842	ὁ
10843	πατὴρ
10844	αὐτῷ
10845	συνεξιὼν
10846	ἐπιστραφεὶς
10847	εἶπε
10848	·
10849	Νὴ
10850	τὴν
10851	Ἥραν
10852	,
10853	ὦ
10854	Σώκρατες
10855	,
10856	καλός
10857	γε
10858	κ
10859	ἀγαθὸς
10860	δοκεῖς
10861	μοι
10862	ἄνθρωπος
10863	εἶναι
10864	.
10865	ἐκ
10866	δὲ
10867	τούτου
10868	πρῶτον
10869	μὲν
10870	θρόνος
10871	τις
10872	ἔνδον
10873	κατετέθη
10874	,
10875	ἔπειτα
10876	δὲ
10877	ὁ
10878	Συρακόσιος
10879	εἰσελθὼν
10880	εἶπεν
10881	·
10882	ὦ
10883	ἄνδρες
10884	,
10885	Ἀριάδνη
10886	εἴσεισιν
10887	εἰς
10888	τὸν
10889	ἑαυτῆς
10890	τε
10891	καὶ
10892	Διονύσου
10893	θάλαμον
10894	·
10895	μετὰ
10896	δὲ
10897	τοῦθ’
10898	ἥξει
10899	Διόνυσος
10900	ὑποπεπωκὼς
10901	παρὰ
10902	θεοῖς
10903	καὶ
10904	εἴσεισι
10905	πρὸς
10906	αὐτήν
10907	,
10908	ἔπειτα
10909	παιξοῦνται
10910	πρὸς
10911	ἀλλήλους
10912	.
10913	ἐκ
10914	τούτου
10915	πρῶτον
10916	μὲν
10917	ἡ
10918	Ἀριάδνη
10919	ὡς
10920	νύμφη
10921	κεκοσμημένη
10922	παρῆλθε
10923	καὶ
10924	ἐκαθέζετο
10925	ἐπὶ
10926	τοῦ
10927	θρόνου
10928	.
10929	οὔπω
10930	δὲ
10931	φαινομένου
10932	τοῦ
10933	Διονύσου
10934	ηὐλεῖτο
10935	ὁ
10936	βακχεῖος
10937	ῥυθμός
10938	.
10939	ἔνθα
10940	δὴ
10941	ἠγάσθησαν
10942	τὸν
10943	ὀρχηστοδιδάσκαλον
10944	.
10945	εὐθὺς
10946	μὲν
10947	γὰρ
10948	ἡ
10949	Ἀριάδνη
10950	ἀκούσασα
10951	τοιοῦτόν
10952	τι
10953	ἐποίησεν
10954	ὡς
10955	πᾶς
10956	ἂν
10957	ἔγνω
10958	ὅτι
10959	ἀσμένη
10960	ἤκουσε
10961	·
10962	καὶ
10963	ὑπήντησε
10964	μὲν
10965	οὒ
10966	οὐ
10967	δὲ
10968	ἀνέστη
10969	,
10970	δήλη
10971	δ’
10972	ἦν
10973	μόλις
10974	ἠρεμοῦσα
10975	.
10976	ἐπεί
10977	γε
10978	μὴν
10979	κατεῖδεν
10980	αὐτὴν
10981	ὁ
10982	Διόνυσος
10983	,
10984	ἐπιχορεύσας
10985	ὥσπερ
10986	ἂν
10987	εἴ
10988	τις
10989	φιλικώτατα
10990	ἐκαθέζετο
10991	ἐπὶ
10992	τῶν
10993	γονάτων
10994	,
10995	καὶ
10996	περιλαβὼν
10997	ἐφίλησεν
10998	αὐτήν
10999	.
11000	ἡ
11001	δ’
11002	αἰδουμένῃ
11003	μὲν
11004	ἐῴκει
11005	,
11006	ὅμως
11007	δὲ
11008	φιλικῶς
11009	ἀντιπεριελάμβανεν
11010	.
11011	οἱ
11012	δὲ
11013	συμπόται
11014	ὁρῶντες
11015	ἅμα
11016	μὲν
11017	ἐκρότουν
11018	,
11019	ἅμα
11020	δὲ
11021	ἐβόων
11022	αὖθις
11023	.
11024	ὡς
11025	δὲ
11026	ὁ
11027	Διόνυσος
11028	ἀνιστάμενος
11029	συνανέστησε
11030	μεθ’
11031	ἑαυτοῦ
11032	τὴν
11033	Ἀριάδνην
11034	,
11035	ἐκ
11036	τούτου
11037	δὴ
11038	φιλούντων
11039	τε
11040	καὶ
11041	ἀσπαζομένων
11042	ἀλλήλους
11043	σχήματα
11044	παρῆν
11045	θεάσασθαι
11046	.
11047	οἱ
11048	δ’
11049	ὁρῶντες
11050	ὄντως
11051	καλὸν
11052	μὲν
11053	τὸν
11054	Διόνυσον
11055	,
11056	ὡραίαν
11057	δὲ
11058	τὴν
11059	Ἀριάδνην
11060	,
11061	οὐ
11062	σκώπτοντας
11063	δὲ
11064	ἀλλ’
11065	ἀληθινῶς
11066	τοῖς
11067	στόμασι
11068	φιλοῦντας
11069	,
11070	πάντες
11071	ἀνεπτερωμένοι
11072	ἐθεῶντο
11073	.
11074	καὶ
11075	γὰρ
11076	ἤκουον
11077	τοῦ
11078	Διονύσου
11079	μὲν
11080	ἐπερωτῶντος
11081	αὐτὴν
11082	εἰ
11083	φιλεῖ
11084	αὐτόν
11085	,
11086	τῆς
11087	δὲ
11088	οὕτως
11089	ἐπομνυούσης
11090	ὥστε
11091	μὴ
11092	μόνον
11093	τὸν
11094	Διόνυσον
11095	ἀλλὰ
11096	καὶ
11097	τοὺς
11098	παρόντας
11099	ἅπαντας
11100	συνομόσαι
11101	ἂν
11102	ἦ
11103	μὴν
11104	τὸν
11105	παῖδα
11106	καὶ
11107	τὴν
11108	παῖδα
11109	ὑπ’
11110	ἀλλήλων
11111	φιλεῖσθαι
11112	.
11113	ἐῴκεσαν
11114	γὰρ
11115	οὐ
11116	δεδιδαγμένοις
11117	τὰ
11118	σχήματα
11119	ἀλλ’
11120	ἐφειμένοις
11121	πράττειν
11122	ἃ
11123	πάλαι
11124	ἐπεθύμουν
11125	.
11126	τέλος
11127	δὲ
11128	οἱ
11129	συμπόται
11130	ἰδόντες
11131	περιβεβληκότας
11132	τε
11133	ἀλλήλους
11134	καὶ
11135	ὡς
11136	εἰς
11137	εὐνὴν
11138	ἀπιόντας
11139	,
11140	οἱ
11141	μὲν
11142	ἄγαμοι
11143	γαμεῖν
11144	ἐπώμνυσαν
11145	,
11146	οἱ
11147	δὲ
11148	γεγαμηκότες
11149	ἀναβάντες
11150	ἐπὶ
11151	τοὺς
11152	ἵππους
11153	ἀπήλαυνον
11154	πρὸς
11155	τὰς
11156	ἑαυτῶν
11157	γυναῖκας
11158	,
11159	ὅπως
11160	τούτων
11161	τύχοιεν
11162	.
11163	Σωκράτης
11164	δὲ
11165	καὶ
11166	τῶν
11167	ἄλλων
11168	οἱ
11169	ὑπομείναντες
11170	πρὸς
11171	Λύκωνα
11172	καὶ
11173	τὸν
11174	υἱὸν
11175	σὺν
11176	Καλλίᾳ
11177	περιπατήσοντες
11178	ἀπῆλθον
11179	.
11180	αὕτη
11181	τοῦ
11182	τότε
11183	συμποσίου
11184	κατάλυσις
11185	ἐγένετο
11186	.
